precinct,gen_con_CASTLE,gen_dem_CLINTON,gen_grn_STEIN,gen_ind_KAHN,gen_ind_MCMULLIN,gen_lib_JOHNSON,gen_pro_HEDGES,gen_rep_TRUMP,pri_dem_CLINTON,pri_dem_FUENTE,pri_dem_O'MALLEY,pri_dem_SANDERS,pri_dem_VALENTINE,pri_dem_WOLFE,pri_rep_BUSH,pri_rep_CARSON,pri_rep_CHRISTIE,pri_rep_CRUZ,pri_rep_FIORINA,pri_rep_GRAHAM,pri_rep_HUCKABEE,pri_rep_JINDAL,pri_rep_KASICH,pri_rep_PAUL,pri_rep_RUBIO,pri_rep_SANTORUM,pri_rep_TRUMP,gen_total,rep_pri_total,dem_pri_total
Arkansas-ALMYRA,1,8,0,2,2,3,0,96,5,0,1,0,0,0,1,2,0,25,0,0,1,0,0,0,21,0,14,112,64,6
Arkansas-ARKANSAS,0,15,0,0,0,1,0,24,9,0,0,0,0,0,0,0,0,7,0,0,1,0,0,0,2,0,9,40,19,9
Arkansas-BARTON,0,7,1,1,0,1,1,72,5,0,0,6,0,0,1,0,1,7,0,0,0,0,2,0,8,0,22,83,41,11
Arkansas-BAYOU METO,0,14,0,0,1,2,1,60,3,0,0,1,0,0,2,1,0,13,0,0,0,0,4,0,20,0,22,78,62,4
Arkansas-BREWER,0,2,0,0,0,0,1,12,2,0,0,2,0,0,0,0,0,3,0,0,0,0,0,0,1,0,5,15,9,4
Arkansas-CHESTER,0,15,1,0,0,3,2,72,5,0,0,2,0,0,0,2,0,5,0,0,0,0,1,0,22,0,18,93,48,7
Arkansas-CROCKETT,0,10,0,0,0,0,1,32,8,0,0,1,0,0,0,0,2,2,0,0,0,0,0,0,6,0,9,43,19,9
Arkansas-DEWITT WARD 1,2,133,3,0,7,3,6,64,55,0,0,5,0,0,1,2,1,6,1,0,5,0,0,0,6,0,18,218,40,60
Arkansas-DEWITT WARD 2,1,73,1,2,1,9,6,224,27,1,0,3,0,0,3,7,1,36,1,1,9,0,0,0,38,0,78,317,174,31
Arkansas-DEWITT WARD 3,3,82,1,6,0,10,8,280,25,1,0,7,0,0,3,14,2,44,0,0,7,0,8,0,62,0,84,390,224,33
Arkansas-GARLAND,0,9,0,0,1,0,1,48,3,0,0,0,0,0,0,1,0,7,0,0,0,0,0,0,11,0,14,59,33,3
Arkansas-GILLETT WARD 1,0,21,0,1,0,2,3,54,11,0,1,2,0,0,0,2,0,6,0,0,0,0,0,0,13,0,20,81,41,14
Arkansas-GILLETT WARD 2,0,20,1,1,0,3,3,88,12,0,0,5,0,0,0,5,0,12,0,0,0,0,0,1,26,0,21,116,65,17
Arkansas-GILLETT WARD 3,1,28,1,1,1,5,0,22,17,0,0,2,0,0,0,0,0,6,0,0,0,0,1,0,8,0,4,59,19,19
Arkansas-GUM POND,1,24,0,3,0,3,2,118,10,0,0,4,0,0,0,3,1,29,0,0,0,0,2,0,14,0,24,151,73,14
Arkansas-HENTON,0,21,2,0,2,2,3,81,9,0,0,1,0,0,0,0,0,13,0,0,0,0,1,0,12,0,25,111,51,10
Arkansas-HUMPHREY WARD 1,0,43,4,1,2,0,12,19,7,0,0,0,0,0,0,0,0,3,0,0,0,0,0,0,2,0,2,81,7,7
Arkansas-HUMPHREY WARD 3,1,7,0,0,0,1,4,9,3,0,0,1,0,0,0,0,0,0,0,0,0,0,0,0,1,0,6,22,7,4
Arkansas-KEATON,2,87,3,1,3,4,5,189,46,0,0,7,0,0,3,5,1,27,0,0,4,0,3,1,26,0,50,294,120,53
Arkansas-LAGRUE,5,65,5,2,2,5,12,327,20,1,0,11,0,0,1,12,1,49,0,0,9,0,5,0,69,0,100,423,246,32
Arkansas-MCFALL,0,9,0,0,0,0,0,23,7,0,0,0,0,0,0,0,0,3,0,0,0,0,0,0,6,0,7,32,16,7
Arkansas-MILL BAYOU,2,10,1,0,0,5,3,72,6,0,0,0,0,0,0,2,0,11,0,0,1,0,0,1,20,0,29,93,64,6
Arkansas-MORRIS,1,10,0,0,1,2,1,77,8,0,1,3,0,0,1,0,0,8,0,0,1,0,0,0,14,0,19,92,43,12
Arkansas-PRAIRIE,2,28,2,3,0,3,1,122,14,0,0,0,0,0,1,8,1,3,0,0,1,0,1,0,21,0,31,161,67,14
Arkansas-PT DELUCE,0,11,0,0,1,0,2,83,3,0,0,3,0,0,0,8,0,15,0,0,1,0,1,0,18,0,18,97,61,6
Arkansas-ST. CHARLES,0,10,1,0,1,0,1,68,6,0,0,2,0,0,0,1,0,14,0,0,2,0,1,0,11,0,26,81,55,8
Arkansas-STANLEY,0,5,0,0,0,2,0,2,1,0,0,0,0,0,0,1,0,2,0,0,0,0,1,0,2,0,0,9,6,1
Arkansas-STUTTGART WARD 1,7,515,15,5,9,13,27,158,188,1,1,12,1,1,1,12,0,22,0,0,3,0,3,1,21,0,40,749,103,204
Arkansas-STUTTGART WARD 2,3,350,12,4,3,23,17,641,108,0,1,22,0,0,3,27,2,112,1,0,5,0,27,1,162,0,168,1053,508,131
Arkansas-STUTTGART WARD 3,8,307,10,7,7,21,10,689,101,0,0,30,1,1,4,31,1,103,0,0,7,0,22,1,146,0,190,1059,505,133
Ashley-COOTER,0,34,0,1,1,4,0,166,24,3,2,30,5,12,0,1,0,18,0,0,1,0,4,0,6,0,19,206,49,76
Ashley-CROSSETT WARD 1,4,352,4,1,6,22,1,216,330,7,4,108,14,30,2,13,0,48,1,0,0,0,6,0,58,0,52,606,180,493
Ashley-CROSSETT WARD 2,2,322,2,3,3,14,3,307,56,1,3,42,4,14,1,5,0,8,0,0,1,0,1,0,14,0,19,656,49,120
Ashley-CROSSETT WARD 3,3,194,5,1,5,17,3,654,99,5,6,96,4,22,0,11,0,41,1,0,3,1,10,0,36,0,47,882,150,232
Ashley-CROSSROADS,0,44,4,0,1,10,1,327,38,9,4,70,9,13,0,6,0,22,0,0,0,0,0,0,16,0,36,387,80,143
Ashley-FH CITY,0,29,0,0,0,1,0,27,40,3,4,33,6,8,0,3,0,20,0,0,0,0,0,0,7,0,24,57,54,94
Ashley-HAMBURG WARD 1,4,186,0,1,1,6,1,60,90,0,2,10,0,2,1,2,0,5,0,0,0,0,0,0,1,0,8,259,17,104
Ashley-HAMBURG WARD 2,0,73,0,2,1,6,0,181,49,7,3,35,5,5,1,3,0,7,0,0,0,0,0,0,3,0,35,263,49,104
Ashley-HAMBURG WARD 3,1,72,2,1,6,3,1,320,61,1,9,55,7,19,1,14,1,23,0,1,0,0,4,0,15,0,45,406,104,152
Ashley-HBG RURAL/BC/MIST,2,107,4,4,2,15,4,600,73,16,13,114,12,28,1,1,0,39,0,0,2,0,2,0,34,0,56,738,135,256
Ashley-HICKORY GROVE,0,53,1,1,5,3,3,365,28,5,5,50,7,9,0,7,0,32,0,0,1,0,2,0,22,0,29,431,93,104
Ashley-MILO,2,55,2,0,4,5,1,351,33,4,5,58,2,12,1,9,0,27,0,0,0,0,5,0,16,0,30,420,88,114
Ashley-MONTROSE RRL/BOY/SNY/TRA,1,14,0,2,0,0,0,39,52,1,1,10,0,1,0,0,0,1,0,0,1,0,3,0,4,0,7,56,16,65
Ashley-MT ZION,2,9,0,2,0,3,0,133,10,9,5,27,5,10,1,5,0,2,0,0,0,0,0,1,4,0,13,149,26,66
Ashley-NORTH CROSSETT EAST,2,76,0,1,3,10,0,333,58,4,6,54,3,18,0,4,0,30,0,0,1,0,3,0,13,0,28,425,79,143
Ashley-NORTH CROSSETT WEST,1,48,2,2,1,0,1,211,29,1,3,26,6,5,0,1,0,21,0,0,0,0,0,0,5,0,22,266,49,70
Ashley-PARKDALE CITY,0,77,1,0,2,3,0,23,31,0,1,8,0,1,0,0,0,2,0,0,0,0,0,0,0,0,5,106,7,41
Ashley-PORTLAND CITY,0,89,0,1,1,5,3,76,59,1,5,20,1,5,0,1,0,7,0,0,2,0,2,0,11,0,22,175,45,91
Ashley-VOTECH,2,62,1,0,3,3,3,223,44,2,3,46,8,25,0,3,0,11,0,0,0,0,0,0,7,0,30,297,51,128
Ashley-WEST CROSSETT RURAL,1,202,1,2,4,18,4,422,105,4,8,75,3,24,0,11,0,34,0,0,2,0,0,0,4,0,44,654,95,219
Ashley-WILMOT CITY,2,147,2,1,2,5,1,50,66,0,1,13,3,2,0,4,0,5,0,0,0,0,3,1,5,0,15,210,33,85
Baxter-1-1,1,117,4,0,3,14,0,596,32,0,0,29,0,0,3,15,3,114,1,0,2,0,11,0,51,0,166,735,366,61
Baxter-1-11,0,67,4,0,0,3,3,168,98,0,2,76,2,1,3,51,2,203,0,0,8,0,29,2,94,1,256,245,649,179
Baxter-1-2,1,121,7,2,3,9,1,567,93,0,0,44,1,0,2,31,0,131,2,1,1,0,33,0,75,0,261,711,537,138
Baxter-1-3,1,86,1,0,5,9,0,338,9,0,0,2,0,0,3,1,0,18,0,0,0,0,3,0,4,0,34,440,63,11
Baxter-2-1,4,218,9,1,1,22,0,769,34,0,0,30,0,0,0,18,0,107,1,1,0,0,8,3,39,0,152,1024,329,64
Baxter-2-2,2,120,7,0,2,16,0,556,35,0,1,22,0,1,4,24,0,89,0,0,7,0,7,0,42,0,121,703,294,59
Baxter-2-3,0,53,4,0,1,5,1,229,24,0,0,21,0,0,1,11,1,54,0,0,1,0,3,1,27,0,96,293,195,45
Baxter-3-1,2,57,0,1,3,7,0,159,20,0,0,16,0,0,0,9,0,64,0,0,0,0,7,0,32,0,108,229,220,36
Baxter-3-2,1,72,2,1,2,8,0,331,16,0,0,12,0,0,1,2,0,46,0,0,0,0,4,0,12,0,50,417,115,28
Baxter-3-3,5,211,5,1,10,16,1,720,85,1,3,37,1,1,3,19,5,99,0,0,2,0,14,1,69,0,219,969,431,128
Benton-Precinct 1,9,190,10,2,16,33,4,950,52,0,0,30,0,2,8,28,1,181,1,0,7,0,20,1,154,0,203,1214,604,84
Benton-Precinct 10,2,172,7,0,32,26,1,551,48,1,0,53,0,1,1,31,0,111,1,0,6,0,16,0,111,0,124,791,401,103
Benton-Precinct 11,3,211,15,2,53,40,2,631,54,0,1,61,0,0,3,47,0,174,0,1,7,1,11,0,134,0,103,957,481,116
Benton-Precinct 12,2,246,12,1,8,37,7,683,31,0,0,35,0,0,1,25,1,153,1,0,7,0,21,2,80,0,142,996,433,66
Benton-Precinct 13,4,190,15,2,7,20,3,508,53,0,0,37,0,0,2,15,1,89,1,0,2,0,32,2,88,0,139,749,371,90
Benton-Precinct 14,4,185,7,7,12,41,3,707,37,0,1,33,0,1,5,35,2,163,0,0,5,1,23,3,87,1,135,966,460,72
Benton-Precinct 15,2,60,3,1,13,9,1,321,16,0,0,11,0,0,1,17,0,80,0,0,1,0,7,0,57,0,42,410,205,27
Benton-Precinct 16,3,52,0,0,13,15,2,341,15,0,0,15,0,0,1,19,1,84,0,0,2,1,9,0,65,0,67,426,249,30
Benton-Precinct 17,1,49,2,2,9,12,2,300,25,0,0,9,0,0,1,12,0,68,0,0,2,0,6,1,57,0,53,377,200,34
Benton-Precinct 18,3,359,9,3,35,39,2,912,59,0,0,38,0,0,2,22,0,132,0,0,1,0,23,0,217,0,133,1362,530,97
Benton-Precinct 19,3,100,1,1,6,7,1,374,21,0,1,16,0,0,4,11,1,89,0,0,3,0,2,1,58,0,69,493,238,38
Benton-Precinct 2,1,53,2,0,10,11,1,255,11,0,0,6,0,0,1,12,0,41,2,0,1,0,2,1,17,0,57,333,134,17
Benton-Precinct 20,7,415,14,4,60,82,4,1019,77,0,1,80,1,1,6,30,0,189,0,1,6,0,34,1,176,2,162,1605,607,160
Benton-Precinct 21,3,346,13,3,17,49,1,929,112,0,1,63,1,0,4,37,0,150,5,0,6,0,56,6,209,3,209,1361,685,177
Benton-Precinct 22,5,398,17,5,59,76,6,857,55,0,0,66,1,0,6,32,0,142,1,0,7,0,25,4,160,0,143,1423,520,122
Benton-Precinct 23,3,126,9,1,10,17,2,443,27,0,1,26,1,0,1,24,0,94,0,0,1,0,5,0,87,0,72,611,284,55
Benton-Precinct 24,1,447,4,2,20,53,4,1252,152,1,0,50,0,1,9,41,1,204,2,1,3,0,87,3,295,0,304,1783,950,204
Benton-Precinct 25,3,319,5,2,11,36,4,829,79,0,0,42,1,0,5,29,1,147,1,0,0,0,49,0,200,0,183,1209,615,122
Benton-Precinct 26,1,381,14,1,18,70,3,872,113,0,0,76,0,1,3,31,1,136,1,0,7,1,32,7,158,0,200,1360,577,190
Benton-Precinct 27,3,296,11,3,11,30,2,604,79,0,1,47,0,0,5,19,3,126,2,0,3,0,46,1,109,0,139,960,453,127
Benton-Precinct 28,1,345,15,1,15,47,4,698,84,0,1,57,0,0,4,24,4,96,1,0,3,0,27,0,147,0,137,1126,443,142
Benton-Precinct 29,5,378,11,0,17,37,5,819,84,0,0,69,0,0,3,25,0,132,1,1,3,0,45,1,175,1,197,1272,584,153
Benton-Precinct 3,3,426,18,1,18,41,4,473,74,0,0,81,0,0,3,14,0,116,0,0,2,0,6,1,90,0,102,984,334,155
Benton-Precinct 30,3,357,6,3,28,42,1,741,87,1,1,61,0,0,4,32,2,157,0,0,3,0,30,1,160,0,151,1181,540,150
Benton-Precinct 31,1,264,7,2,25,26,2,704,47,0,0,32,0,0,3,27,1,155,0,1,2,0,23,1,182,1,128,1031,524,79
Benton-Precinct 32,5,378,21,4,33,34,3,510,65,0,0,84,0,0,5,30,1,98,2,0,3,0,23,1,131,0,98,988,392,149
Benton-Precinct 33,12,220,14,2,36,46,5,833,40,1,0,46,1,0,5,37,0,191,0,0,5,1,14,0,132,0,151,1168,536,88
Benton-Precinct 34,10,427,7,1,35,70,3,866,83,0,0,52,0,0,5,40,2,184,2,0,2,1,30,5,241,1,170,1419,683,135
Benton-Precinct 35,3,226,8,2,15,25,3,528,42,0,0,46,0,1,2,25,0,118,1,0,6,0,23,2,94,1,141,810,413,89
Benton-Precinct 36,7,461,14,2,45,68,4,704,67,0,0,65,0,2,1,19,0,150,0,0,2,0,21,1,152,0,99,1305,445,134
Benton-Precinct 37,4,363,21,6,19,57,3,392,61,0,0,73,1,0,2,15,1,83,1,0,2,0,15,3,95,0,59,865,276,135
Benton-Precinct 38,5,301,8,3,17,40,2,544,49,0,2,60,0,0,4,22,1,90,2,0,4,0,20,1,85,0,87,920,316,111
Benton-Precinct 39,4,320,8,3,27,41,0,438,66,1,0,44,0,0,5,15,1,89,0,0,0,0,24,1,121,0,88,841,344,111
Benton-Precinct 4,5,202,10,0,12,34,6,700,54,1,1,40,1,1,4,27,0,156,0,1,6,0,13,2,98,1,154,969,462,98
Benton-Precinct 40,7,580,13,1,43,68,3,922,136,1,0,67,1,1,1,38,0,208,3,1,4,0,51,6,255,0,182,1637,749,206
Benton-Precinct 41,3,292,17,2,34,41,3,697,48,0,0,59,0,0,1,30,0,171,0,0,1,0,23,1,139,0,118,1089,484,107
Benton-Precinct 42,10,354,17,5,24,55,3,734,57,1,2,48,0,1,6,32,1,124,0,2,2,0,15,2,150,0,144,1202,478,109
Benton-Precinct 43,3,488,5,1,34,61,2,1206,75,0,0,46,0,0,15,28,0,169,0,1,3,0,58,1,372,0,231,1800,878,121
Benton-Precinct 44,2,200,14,1,7,23,2,201,31,0,0,57,0,0,2,11,0,35,2,0,0,0,5,1,28,0,30,450,114,88
Benton-Precinct 45,1,190,3,2,3,17,1,496,43,0,0,33,0,0,3,14,1,67,0,0,7,0,31,1,77,0,126,713,327,76
Benton-Precinct 46,3,292,11,3,8,24,2,317,63,0,0,49,1,0,7,16,0,50,1,0,6,0,16,0,55,0,62,660,213,113
Benton-Precinct 47,6,554,20,5,27,61,5,671,98,2,0,113,0,1,6,33,0,161,0,0,7,0,35,2,158,0,133,1349,535,214
Benton-Precinct 48,6,430,4,3,36,76,5,1113,99,0,1,36,0,0,2,44,0,221,0,0,4,0,40,2,270,0,182,1673,765,136
Benton-Precinct 49,5,424,11,3,16,50,3,662,56,1,1,73,0,0,6,18,0,145,0,1,3,0,18,2,120,1,149,1174,463,131
Benton-Precinct 5,0,380,12,2,16,40,2,787,87,0,0,58,0,1,5,27,1,160,0,0,4,0,37,2,197,1,177,1239,611,146
Benton-Precinct 50,1,221,13,3,5,18,3,270,33,0,0,66,1,0,0,11,1,41,0,0,0,0,5,2,42,1,60,534,163,100
Benton-Precinct 51,2,182,9,1,1,13,4,397,46,0,0,30,0,0,1,18,0,85,0,0,3,0,14,3,74,1,90,609,289,76
Benton-Precinct 52,7,530,20,6,35,60,9,784,85,2,0,81,1,0,7,28,1,133,1,0,2,0,25,4,178,0,171,1451,550,169
Benton-Precinct 53,3,353,9,1,24,52,5,726,81,0,1,44,0,0,7,33,1,161,1,0,5,0,48,1,186,0,167,1173,610,126
Benton-Precinct 54,3,432,14,4,20,42,2,505,90,0,1,95,0,0,5,23,0,85,0,0,5,3,27,2,125,1,125,1022,401,186
Benton-Precinct 55,7,370,26,2,22,44,5,584,83,0,0,74,0,0,5,25,0,132,1,0,5,0,17,1,109,1,142,1060,438,157
Benton-Precinct 56,2,352,9,1,16,55,5,538,70,1,0,80,0,1,5,29,0,119,1,1,5,0,22,3,109,0,134,978,428,152
Benton-Precinct 57,4,179,7,1,5,26,2,492,42,0,1,33,0,0,1,11,0,84,0,0,2,0,9,1,59,0,129,716,296,76
Benton-Precinct 58,11,299,9,2,32,64,4,1186,70,1,0,45,0,3,7,51,2,273,0,0,8,1,21,2,151,0,202,1607,718,119
Benton-Precinct 59,0,351,15,1,36,51,5,506,69,0,0,70,0,2,3,23,0,111,2,0,2,0,11,3,131,0,84,965,370,141
Benton-Precinct 6,3,250,9,2,10,40,6,1029,47,0,0,37,1,0,1,74,1,208,0,0,3,0,11,0,179,1,192,1349,670,85
Benton-Precinct 60,3,203,8,3,13,43,3,541,28,0,0,35,0,0,5,25,1,111,1,0,3,0,9,1,98,0,113,817,367,63
Benton-Precinct 61,9,438,17,3,39,72,3,992,69,0,1,58,0,1,6,43,2,160,1,1,4,1,35,2,232,1,170,1573,658,129
Benton-Precinct 62,7,441,15,4,57,59,1,872,87,0,0,63,0,0,5,30,2,159,2,0,3,1,22,2,217,0,141,1456,584,150
Benton-Precinct 63,3,436,12,0,35,65,6,1035,98,1,0,70,2,3,12,41,1,188,1,0,3,0,58,2,228,0,211,1592,745,174
Benton-Precinct 64,8,525,17,1,40,66,1,880,119,0,0,97,0,0,10,35,2,175,1,0,2,0,72,2,299,1,198,1538,797,216
Benton-Precinct 65,4,405,9,3,20,38,6,1056,133,0,1,67,1,0,6,49,0,170,1,2,3,0,60,5,269,0,204,1541,769,202
Benton-Precinct 66,3,298,6,1,23,35,1,621,57,0,1,41,2,0,1,24,0,112,1,0,6,0,27,3,137,0,115,988,426,101
Benton-Precinct 67,4,322,13,1,9,25,4,470,53,0,0,38,0,0,3,28,0,99,0,0,1,0,14,1,60,1,94,848,301,91
Benton-Precinct 68,4,588,9,3,77,78,5,962,105,0,0,51,0,0,1,34,1,173,1,3,2,0,40,2,246,2,159,1726,664,156
Benton-Precinct 69,1,347,18,4,28,42,4,456,53,0,0,83,0,0,4,20,1,92,1,0,4,0,16,4,87,0,84,900,313,136
Benton-Precinct 7,5,270,8,3,57,42,2,999,61,0,0,64,0,0,2,94,1,234,0,0,1,0,28,2,218,0,161,1386,741,125
Benton-Precinct 70,4,389,12,0,50,62,6,1310,65,0,0,59,0,1,1,44,0,272,0,0,2,2,29,1,262,1,192,1833,806,125
Benton-Precinct 71,3,506,5,3,58,78,1,1063,107,0,0,55,0,0,6,45,0,212,1,0,3,0,56,3,301,0,152,1717,779,162
Benton-Precinct 72,5,413,15,2,64,75,3,926,59,0,0,78,0,0,4,39,1,183,0,0,7,0,29,4,181,0,134,1503,582,137
Benton-Precinct 73,2,68,1,0,4,5,0,269,15,0,0,9,0,1,0,12,0,27,0,0,1,0,5,0,30,0,73,349,148,25
Benton-Precinct 74,3,308,4,4,35,39,2,610,35,0,0,29,0,0,3,32,1,107,0,0,5,0,31,0,157,0,82,1005,418,64
Benton-Precinct 75,0,257,10,2,15,41,2,293,58,0,0,61,0,0,4,15,1,58,0,0,0,0,15,5,85,0,76,620,259,119
Benton-Precinct 76,1,247,3,3,10,37,5,573,74,0,1,37,0,0,3,19,0,106,0,1,2,0,27,2,88,0,138,879,386,112
Benton-Precinct 77,2,189,2,0,33,37,2,547,37,1,0,24,0,0,0,13,0,98,1,0,3,0,12,1,98,0,77,812,303,62
Benton-Precinct 78,0,198,12,0,25,26,2,512,47,0,0,22,0,0,4,26,0,108,1,0,3,0,18,1,75,1,118,775,355,69
Benton-Precinct 79,3,252,8,1,25,30,1,442,50,0,0,30,1,0,5,11,0,84,0,0,3,1,38,1,144,0,75,762,362,81
Benton-Precinct 8,3,237,14,1,70,43,1,619,54,2,0,77,0,1,6,56,0,170,0,1,4,2,33,2,210,0,90,988,574,134
Benton-Precinct 80,0,159,8,1,15,24,0,288,34,0,0,35,0,0,2,11,0,66,0,0,0,0,13,1,67,2,54,495,216,69
Benton-Precinct 81,8,247,7,2,29,56,3,679,41,0,1,55,0,0,5,18,2,148,0,0,5,0,11,3,103,0,111,1031,406,97
Benton-Precinct 82,1,169,8,1,23,23,2,413,43,0,0,23,0,0,5,15,1,72,0,0,0,0,16,2,78,0,84,640,273,66
Benton-Precinct 83,3,220,8,0,12,21,1,308,46,0,0,26,0,0,1,1,0,41,1,1,3,0,9,2,60,0,55,573,174,72
Benton-Precinct 84,5,430,11,3,35,70,2,893,54,1,2,42,1,0,2,26,0,127,0,0,3,0,45,2,197,0,131,1449,533,100
Benton-Precinct 85,3,106,6,4,20,24,3,502,16,0,0,40,0,0,3,29,1,138,0,0,1,0,10,2,100,0,75,668,359,56
Benton-Precinct 86,3,143,5,3,13,27,3,662,27,0,0,28,1,1,2,16,1,119,1,0,4,0,9,1,102,0,139,859,394,57
Benton-Precinct 87,1,129,6,3,4,16,0,420,23,0,0,25,0,0,1,15,0,88,0,1,2,0,8,1,87,0,105,579,308,48
Benton-Precinct 88,4,241,9,1,8,35,1,515,67,0,0,39,0,0,3,27,0,98,0,0,2,0,31,1,121,0,115,814,398,106
Benton-Precinct 89,2,207,9,1,13,24,1,335,44,0,0,38,0,0,3,14,0,51,2,0,4,0,13,3,63,0,74,592,227,82
Benton-Precinct 9,8,355,9,0,67,47,6,787,84,0,1,101,0,2,2,50,0,239,0,0,6,0,27,4,262,1,145,1279,736,188
Benton-Precinct 90,3,249,11,4,14,41,3,304,40,0,0,62,1,0,0,14,0,46,0,0,0,0,7,1,50,0,78,629,196,103
Benton-Precinct 91,1,135,2,2,7,24,4,443,31,0,1,14,0,0,2,19,1,81,0,0,1,0,7,0,76,0,107,618,294,46
Benton-Precinct 92,0,473,10,0,13,48,3,337,37,3,0,85,0,0,1,11,0,71,0,0,4,0,6,3,60,0,54,884,210,125
Benton-Precinct 93,0,214,8,1,11,26,2,449,43,0,0,27,0,0,4,28,1,106,1,0,0,1,21,1,83,1,111,711,358,70
Benton-Precinct 94,3,225,9,2,26,35,3,377,39,0,1,28,0,0,0,19,0,45,1,0,2,0,9,3,73,0,77,680,229,68
Boone-DISTRICT 1.2,0,8,0,1,0,3,0,37,67,1,1,54,0,1,2,36,2,92,2,0,9,1,24,5,99,0,168,49,440,124
"Boone-DISTRICT 10.1, 10.2, 10.7,10.8",8,115,11,5,12,17,9,757,35,0,1,21,1,0,3,28,0,77,2,0,5,0,7,1,52,1,151,934,327,58
"Boone-DISTRICT 10.3, 10.4,10.5,10.6",3,83,6,2,3,9,4,473,27,0,1,12,0,0,1,14,1,69,0,0,3,1,4,0,46,0,112,583,251,40
Boone-DISTRICT 11.1,0,21,3,0,1,1,2,93,41,0,0,42,1,0,1,25,2,103,0,0,5,1,20,1,47,1,175,121,381,84
Boone-DISTRICT 12,3,88,2,1,1,5,2,249,22,0,0,12,0,1,0,12,0,23,1,0,2,0,6,0,25,0,60,351,129,35
Boone-DISTRICT 2.1,10,419,13,9,19,38,9,1205,109,0,4,52,0,1,7,49,1,149,2,0,11,0,48,3,172,1,281,1722,724,166
Boone-DISTRICT 2.2,1,5,0,0,0,1,0,34,0,0,0,0,0,0,0,0,0,5,0,0,0,0,1,0,2,0,9,41,17,0
"Boone-DISTRICT 3.1, 3.3",13,218,19,4,16,48,5,698,38,1,0,47,0,1,5,27,2,77,1,0,9,0,15,2,61,0,139,1021,338,87
Boone-DISTRICT 3.2,0,15,2,0,0,0,0,18,5,0,0,2,0,0,1,0,0,5,0,0,0,0,0,0,7,0,3,35,16,7
Boone-DISTRICT 4.1,6,280,9,5,23,37,6,1001,50,0,0,47,1,2,5,27,2,147,0,1,11,0,29,1,131,1,211,1367,566,100
"Boone-DISTRICT 5.1 - 5.5,5.7,5.8 5.9",12,240,5,6,15,33,8,1078,63,0,0,23,0,0,1,62,0,161,1,0,7,0,24,1,114,1,217,1397,589,86
Boone-DISTRICT 5.6,0,25,1,0,0,3,0,111,4,0,0,1,0,0,0,6,1,16,0,0,0,0,1,0,12,0,17,140,53,5
"Boone-DISTRICT 6.2, 6.5,6.8",1,47,2,1,5,1,1,355,14,0,0,17,1,0,3,17,0,60,0,0,4,0,5,0,35,0,107,413,231,32
"Boone-DISTRICT 6.3, 6.4,6.6,6.7",2,120,2,3,11,18,2,772,20,1,0,24,2,0,2,23,0,98,0,0,9,0,10,3,68,1,172,930,386,47
"Boone-DISTRICT 7.1, 7.3,7.5 - 7.8",9,208,7,4,15,32,6,1038,75,0,0,29,1,1,0,46,2,168,1,0,5,0,14,2,97,2,191,1319,528,106
Boone-DISTRICT 8,10,347,17,2,20,37,10,1336,99,0,1,45,1,1,2,57,1,189,1,1,9,0,39,1,136,3,295,1779,734,147
Boone-DISTRICT 9,8,265,14,3,20,39,8,1092,52,0,0,41,0,1,4,50,2,151,1,0,16,1,21,0,109,1,274,1449,630,94
Bradley-Banks City,0,14,0,0,0,1,0,36,7,0,0,0,0,0,1,0,0,4,0,0,1,0,0,0,1,0,22,51,29,7
Bradley-Banks Rural,0,49,1,0,1,4,1,95,18,0,0,6,0,0,0,1,0,18,1,0,2,0,1,0,9,0,34,151,66,24
Bradley-Eagle Lake,0,14,0,0,0,0,0,52,8,0,1,1,0,0,0,3,0,15,0,0,0,0,0,0,4,0,11,66,33,10
Bradley-Hermitage City,1,51,0,0,2,1,2,57,24,0,0,5,0,0,0,2,0,18,0,0,0,1,0,0,12,0,13,114,46,29
Bradley-Hermitage Rural,1,28,1,0,2,3,1,173,15,0,0,4,0,0,0,10,0,32,0,0,4,0,2,1,30,0,65,209,144,19
Bradley-Jersey,1,40,0,1,1,1,0,61,25,0,0,3,0,1,0,0,0,5,0,0,0,1,3,0,4,0,22,105,35,29
Bradley-Johnsville,0,43,0,0,1,3,1,82,19,0,0,2,2,0,0,5,0,8,1,0,1,0,0,0,17,0,30,130,62,23
Bradley-Marion,0,6,1,0,0,0,0,47,2,0,0,0,0,0,2,5,0,4,0,0,1,0,1,0,8,0,19,54,40,2
Bradley-North,0,82,1,3,5,15,4,562,40,1,0,17,1,0,5,16,0,102,0,1,9,0,10,0,95,0,201,672,439,59
Bradley-South,0,43,0,1,2,8,0,258,18,0,0,4,0,1,1,11,0,49,0,0,4,0,4,0,41,0,93,312,203,23
Bradley-Springhill,0,11,0,0,1,1,0,109,10,0,0,0,0,0,0,1,0,26,0,0,3,0,0,1,16,0,36,122,83,10
Bradley-Ward 1,2,369,3,2,10,8,3,111,170,0,0,25,2,2,2,2,0,29,0,0,1,0,0,0,16,1,50,508,101,199
Bradley-Ward 2,3,239,3,2,7,14,6,297,84,0,2,15,0,0,5,28,1,51,0,1,14,0,12,1,74,0,89,571,276,101
Bradley-Ward 3,7,328,6,3,3,14,3,224,155,0,0,24,0,1,4,11,0,34,0,0,3,1,12,0,35,1,87,588,188,180
Calhoun-Absentee,0,38,0,0,0,3,0,46,18,0,3,7,0,2,0,0,0,0,0,0,0,0,1,0,2,0,3,87,6,30
Calhoun-Chambersville,0,38,1,0,1,0,0,116,20,1,4,11,2,4,0,1,0,17,0,0,1,0,1,0,5,0,21,156,46,42
Calhoun-Chambersville West,0,2,0,0,0,1,0,23,0,0,0,1,0,0,0,2,0,2,0,0,0,0,0,0,0,0,2,26,6,1
Calhoun-Champagnolle,0,64,0,0,1,3,1,233,41,2,5,74,7,9,0,0,0,14,0,0,0,0,1,0,11,0,19,302,45,138
Calhoun-Dr. Rhine Park,0,0,0,0,0,0,0,26,1,0,0,1,0,0,0,0,0,0,0,0,0,0,0,0,0,0,0,26,0,2
Calhoun-Hampton City,0,65,0,1,3,3,0,177,62,3,12,31,5,12,0,0,0,18,0,0,0,0,0,1,10,0,14,249,43,125
Calhoun-Hampton Rural,0,0,0,0,0,0,0,2,0,1,1,0,0,0,0,0,0,0,0,0,0,0,0,0,1,0,0,2,1,2
Calhoun-Hampton South City,1,111,0,2,1,10,0,59,59,0,8,25,8,4,0,0,0,1,0,0,0,0,0,1,2,0,5,184,9,104
Calhoun-Hampton South Rural,0,8,0,0,0,0,0,17,1,0,0,1,0,0,0,1,0,1,0,0,0,0,0,0,1,0,0,25,3,2
Calhoun-Harrell City,2,48,0,0,0,0,0,67,42,4,5,22,3,6,0,0,0,2,0,0,0,0,0,0,5,0,1,117,8,82
Calhoun-Harrell Rural 7,1,8,0,0,0,1,0,8,7,0,0,4,2,0,0,0,0,0,0,0,0,0,0,0,0,0,0,18,0,13
Calhoun-Harrell Rural 8,0,47,0,0,0,2,1,94,43,2,4,21,5,0,0,0,0,11,0,0,0,0,0,0,2,0,14,144,27,75
Calhoun-Locust,2,57,1,0,4,7,0,192,31,0,7,26,0,1,0,1,0,25,0,0,2,0,0,0,19,0,30,263,77,65
Calhoun-Locust North,0,4,0,0,0,1,0,33,1,0,0,1,0,0,0,0,0,3,0,0,1,0,0,0,2,0,10,38,16,2
Calhoun-Thornton City,0,73,0,0,1,3,0,69,44,1,1,19,3,1,0,0,0,4,0,0,0,0,2,0,4,0,11,146,21,69
Calhoun-Thornton Rural,1,5,1,0,0,3,0,63,9,0,0,6,0,2,0,0,0,25,0,0,0,0,0,1,5,0,15,73,46,17
Calhoun-Tinsman City,0,5,0,0,0,1,0,13,2,0,1,5,1,1,0,0,0,1,0,0,0,0,0,0,0,0,3,19,4,10
Calhoun-Tinsman Rural,0,16,0,0,1,0,0,56,15,2,3,8,1,2,0,2,0,10,0,0,0,0,0,0,0,0,3,73,15,31
Calhoun-Tinsman West,0,9,0,0,0,2,1,87,8,1,4,13,1,9,0,0,0,3,0,0,1,0,0,0,2,0,4,99,10,36
Calhoun-Watson Addition,0,20,0,0,1,0,0,55,15,0,2,13,1,2,0,0,0,1,0,0,0,0,0,0,1,0,8,76,10,33
Calhoun-Woodberry,0,21,0,0,1,4,0,120,14,5,13,30,4,6,0,4,0,4,0,0,0,0,0,0,6,0,12,146,26,72
Carroll-BEAVER,0,95,7,0,0,3,0,127,34,0,0,48,1,1,0,5,0,32,0,0,1,0,6,0,6,0,27,232,77,84
Carroll-BV WARD 2,1,193,6,2,14,22,3,517,115,0,4,87,2,1,3,56,2,190,0,0,11,0,21,4,121,0,206,758,614,209
Carroll-CARROLLTON,2,44,0,0,2,6,1,247,15,0,0,11,1,1,0,9,0,50,0,0,6,0,2,2,24,0,37,302,130,28
Carroll-DRY FORK,0,19,0,0,2,1,0,79,9,0,1,7,1,0,0,1,0,10,0,0,0,0,2,0,16,0,13,101,42,18
"Carroll-ES WARDS 1,2,3",2,660,70,3,2,24,2,324,192,0,0,277,0,0,0,16,1,33,0,1,2,0,28,1,42,1,95,1087,220,469
Carroll-GF WARDS 1 & 2,4,153,7,2,4,20,5,388,48,1,1,28,1,1,4,19,2,73,0,0,8,0,5,1,39,0,101,583,252,80
Carroll-HOLIDAY ISLAND,2,554,33,0,6,24,4,841,216,1,1,153,0,0,5,37,4,107,0,0,4,0,64,3,175,0,225,1464,624,371
Carroll-JHN SPGS/PKD SPGS/WINONA,4,735,47,7,6,45,5,829,182,0,2,287,0,0,1,33,0,115,1,0,9,0,33,1,105,1,213,1678,512,471
Carroll-KINGS RIVER,0,99,6,1,2,6,1,253,24,0,0,44,0,1,0,15,1,40,0,0,4,0,1,1,20,0,48,368,130,69
Carroll-LIBERTY,0,18,0,0,2,0,0,57,9,0,1,3,0,0,0,1,0,9,0,0,2,0,2,0,3,0,21,77,38,13
Carroll-NE/NW HICKORY/COIN/LNG CR,4,143,6,1,10,18,7,659,64,0,0,25,3,1,0,24,0,113,0,0,11,0,14,1,69,0,150,848,382,93
Carroll-NORTH YOCUM,0,24,1,2,1,5,1,188,10,1,0,10,0,1,0,4,0,44,0,0,6,0,1,1,9,0,42,222,107,22
Carroll-OMEGA,0,49,2,0,4,3,1,142,11,0,2,24,0,0,0,4,0,23,0,0,0,0,2,0,7,0,29,201,65,37
Carroll-OSAGE,0,24,2,1,2,4,0,94,8,0,1,6,1,0,0,1,0,18,0,0,0,0,3,0,6,0,18,127,46,16
Carroll-PINEY,2,13,0,1,0,0,1,63,7,0,1,7,0,0,0,2,0,13,0,0,2,0,0,1,6,0,9,80,33,15
Carroll-POLO,1,73,2,1,0,9,2,388,36,0,0,21,0,0,1,25,0,78,0,0,9,0,0,2,42,0,93,476,250,57
Carroll-PRAIRIES/CABANAL,2,212,13,5,13,18,0,764,71,0,1,58,4,1,3,44,2,120,0,0,14,1,15,2,91,0,150,1027,442,135
Carroll-SOUTH YOCUM,1,16,2,0,0,1,1,133,5,0,0,5,0,0,2,6,0,24,0,0,4,0,5,0,14,1,39,154,95,10
Carroll-SW/SE HICKORY,1,37,0,1,2,8,4,185,13,0,1,8,0,0,1,12,2,27,0,0,4,0,3,1,20,0,39,238,109,22
Chicot-Bowie 2,1,216,0,0,3,2,0,48,147,1,1,20,0,2,0,0,0,3,0,0,1,0,0,0,4,0,12,270,20,171
Chicot-Bowie 3,0,236,1,0,0,4,3,79,129,2,2,19,2,1,0,4,0,7,0,0,1,0,0,0,5,0,17,323,34,155
Chicot-Bowie Rural,0,16,0,0,0,0,0,69,139,2,2,29,0,3,0,0,0,13,0,0,0,0,0,0,5,0,15,85,33,175
Chicot-Carlton 1 & 2,1,490,4,0,7,2,4,117,295,0,4,38,1,1,0,2,0,8,0,0,4,0,3,0,13,0,21,625,51,339
Chicot-Carlton 3,0,164,2,7,3,8,1,197,101,3,5,35,5,1,0,11,0,13,0,1,4,1,0,0,16,0,49,382,95,150
Chicot-Carlton Rural,1,216,3,3,7,15,2,844,138,1,10,59,3,6,0,15,1,75,0,0,8,1,11,1,93,0,215,1091,420,217
Chicot-Planters 2,0,169,1,0,0,1,2,25,148,0,1,15,1,1,0,1,0,3,0,1,0,0,0,0,7,0,18,198,30,166
Chicot-Planters 3 & 4,0,363,0,2,1,1,0,7,202,0,0,10,2,0,0,0,0,0,0,0,0,0,0,0,0,0,2,374,2,214
Chicot-Planters Rural,1,132,1,1,1,2,4,278,72,4,5,22,1,0,1,2,0,30,0,0,4,0,6,0,19,0,67,420,129,104
Clark-ARKADELPHIA WARD 1,0,154,2,0,27,12,2,145,66,2,3,31,0,1,0,6,0,34,0,0,3,0,3,1,42,0,16,342,105,103
Clark-ARKADELPHIA WARD 2,5,416,6,2,15,23,3,295,153,0,1,54,0,0,1,11,1,69,0,0,0,0,9,0,64,1,42,765,198,208
Clark-ARKADELPHIA WARD 3,1,354,5,1,22,14,0,221,138,0,0,54,1,0,1,12,0,47,0,0,0,0,9,1,59,0,25,618,154,193
Clark-ARKADELPHIA WARD 4,9,567,11,1,11,15,4,201,279,0,0,61,0,2,0,16,0,43,0,0,0,0,7,0,40,0,28,819,134,342
Clark-ARKADELPHIA WARD 5,4,441,15,4,20,25,2,467,184,0,2,63,1,1,0,20,0,94,1,0,1,0,21,2,149,0,74,978,362,251
Clark-CENTRAL,2,164,3,1,8,13,3,357,89,0,1,24,0,1,2,11,0,82,0,0,2,0,8,0,65,0,60,551,230,115
Clark-CURTIS,0,99,1,1,1,5,1,194,39,0,0,14,1,0,0,2,1,47,0,0,0,0,2,1,20,0,39,302,112,54
Clark-EAST COUNTY,4,263,1,1,4,11,1,236,143,0,0,27,0,4,0,15,0,35,0,0,0,0,4,0,23,0,38,521,115,174
Clark-GUM SPRINGS INSIDE & OUTS,1,101,0,0,4,6,1,194,61,0,2,18,0,2,0,4,0,42,0,0,0,0,3,0,27,0,36,307,112,83
Clark-GURDON GENERAL,2,59,1,4,2,1,0,212,27,1,3,21,0,1,0,4,0,53,0,0,0,0,0,0,32,0,35,281,124,53
Clark-GURDON WARDS 1-5,7,291,3,0,6,13,6,315,132,1,1,24,1,5,1,4,0,67,0,0,0,0,4,1,30,0,57,641,164,164
Clark-SOUTH COUNTY & WHELEN SPR,0,64,0,1,1,3,1,177,23,0,0,7,0,2,0,7,0,43,0,0,2,1,1,0,10,0,19,247,83,32
Clay-Bennett & Lemmons,0,27,1,1,0,0,1,133,29,1,1,19,3,1,0,2,0,1,0,0,0,0,1,0,0,0,11,163,15,54
Clay-Bradshaw & Haywood,1,32,0,0,2,4,2,177,28,2,8,39,4,3,0,2,0,19,0,0,3,0,1,0,10,0,15,218,50,84
Clay-Brown & Carpenter,2,30,1,1,0,3,0,84,29,2,1,17,2,1,0,2,0,5,0,0,1,0,0,0,4,0,11,121,23,52
Clay-Cache & Wilson,0,26,0,0,0,2,2,67,30,0,2,6,2,4,0,1,1,4,0,0,0,0,0,0,1,0,10,97,17,44
Clay-Clark,0,16,0,0,1,1,1,38,16,0,2,9,0,0,0,1,0,1,0,0,0,0,0,0,4,0,6,57,12,27
Clay-East Oak Bluff & BlueCane,2,103,3,0,1,7,1,286,80,4,4,53,0,4,2,0,0,34,0,0,0,0,1,0,12,0,26,403,75,145
Clay-Johnson,0,17,1,0,1,2,1,72,12,2,2,11,2,4,0,1,0,8,0,0,0,0,0,0,1,0,8,94,18,33
Clay-Knob,0,15,1,0,0,3,0,48,14,0,0,4,0,1,0,2,0,5,0,0,0,0,0,0,1,0,3,67,11,19
Clay-Liddell & Chalk Bluff,1,38,1,1,1,2,1,164,36,0,2,22,2,4,2,2,0,13,0,0,0,0,0,0,5,0,14,209,36,66
Clay-N Kilgore & Cleveland,4,155,5,2,3,20,3,541,112,5,10,102,5,13,1,7,0,41,0,0,4,0,3,0,17,0,37,733,110,247
Clay-Nelson,0,17,0,0,0,1,0,32,18,0,1,9,0,1,0,0,0,0,0,0,0,0,0,0,0,0,6,50,6,29
Clay-North St. Francis,2,240,7,4,3,16,6,734,165,6,22,147,8,12,1,15,0,50,0,0,2,0,7,0,28,0,67,1012,170,360
Clay-Payne & Swain,1,24,0,0,0,2,0,104,22,0,2,16,2,4,0,1,0,5,0,0,0,0,0,0,0,0,14,131,20,46
Clay-Pollard,0,46,1,1,2,6,0,182,28,1,8,44,1,3,0,0,0,15,0,0,0,0,1,0,7,0,5,238,28,85
Clay-S Kilgore & Gleghorn,1,145,2,4,1,7,5,434,124,5,14,46,4,8,0,2,0,23,0,0,0,0,1,0,11,0,35,599,72,201
Clay-South St. Francis,2,141,8,4,2,9,1,402,106,1,4,57,7,3,0,7,0,28,0,1,1,0,0,0,16,0,46,569,99,178
Clay-West Oak Bluff,3,127,4,1,3,15,3,283,114,3,2,56,2,4,0,3,0,25,0,0,0,0,0,0,19,0,26,439,73,181
Cleburne-CALIFORNIA,1,12,0,0,1,2,0,157,6,0,0,3,0,0,0,8,0,42,0,0,3,0,0,0,13,0,37,173,103,9
Cleburne-CENTER POST,2,55,0,2,0,1,1,289,21,0,0,5,0,1,0,6,0,76,0,1,2,0,8,0,41,0,85,350,219,27
Cleburne-CLAYTON,2,79,0,0,7,8,2,392,33,0,0,13,0,0,2,12,0,97,0,0,2,0,8,0,47,0,112,490,280,46
Cleburne-EAST PETER CREEK,6,37,2,3,3,4,0,284,14,0,0,11,1,0,0,11,0,94,0,1,2,0,1,0,30,0,80,339,219,26
Cleburne-FRANCIS,1,58,1,3,7,5,2,314,27,0,2,2,0,1,1,14,0,58,0,0,2,0,4,0,52,0,91,391,222,32
Cleburne-GILES,0,37,1,1,0,2,2,250,14,0,0,2,0,0,2,6,0,42,0,0,3,0,0,0,40,0,51,293,144,16
Cleburne-GRASSEY INSIDE,0,20,0,0,1,4,1,89,8,0,1,1,0,0,0,1,0,24,0,0,1,0,0,1,9,0,24,115,60,10
Cleburne-GRASSEY OUTSIDE,1,63,3,2,2,7,1,232,20,0,0,15,0,0,0,4,2,56,0,1,1,0,4,0,20,0,48,311,136,35
Cleburne-GREERS FERRY GILES,0,92,3,0,3,4,2,299,30,0,1,6,1,1,0,15,1,61,0,0,0,0,4,0,41,0,91,403,213,39
Cleburne-HEALING SPRINGS,2,46,3,1,2,14,4,345,22,0,0,4,0,1,1,15,0,87,0,0,5,0,8,0,19,0,83,417,218,27
Cleburne-HEBER SPRINGS OUTSIDE,1,204,9,1,12,24,5,1139,76,2,1,40,0,2,8,49,0,278,1,0,14,0,18,0,184,0,314,1395,866,121
Cleburne-HEBER SPRINGS WARD,13,689,21,10,40,87,11,2242,228,2,1,101,1,3,21,115,5,520,2,3,24,1,71,7,370,3,596,3113,1738,336
Cleburne-MCJESTER,0,29,2,2,2,3,0,154,5,0,0,6,0,0,1,2,0,32,1,0,1,0,2,1,11,0,35,192,86,11
Cleburne-MORGAN INSIDE,0,33,0,0,0,4,0,80,14,0,0,0,0,1,0,0,0,19,0,0,0,0,8,0,19,0,14,117,60,15
Cleburne-MORGAN OUTSIDE,0,54,1,1,1,0,0,156,25,0,0,6,0,0,0,6,0,21,0,0,0,0,3,0,35,0,49,213,114,31
Cleburne-MOUNTAIN,0,34,2,2,0,9,1,306,11,0,0,3,0,1,1,13,3,98,0,0,2,0,3,1,34,0,77,354,232,15
Cleburne-NORTH CADRON INSIDE,1,19,0,0,2,1,2,92,4,0,1,0,0,0,0,2,1,13,0,0,0,0,4,0,17,0,24,117,61,5
Cleburne-NORTH CADRON OUTSIDE,0,32,2,1,5,1,0,187,12,0,0,2,0,0,3,6,0,33,0,0,0,0,3,1,29,0,57,228,132,14
Cleburne-PICKENS,0,38,3,1,4,6,0,223,14,0,0,10,1,0,0,3,1,66,0,0,4,0,7,0,25,0,42,275,148,25
Cleburne-PINE,0,14,1,0,1,2,1,95,3,0,0,3,0,0,1,1,0,34,0,0,2,0,3,0,14,0,16,114,71,6
Cleburne-PINEY,1,66,3,1,4,3,2,417,24,1,0,20,0,0,2,8,0,123,1,0,5,0,11,0,55,0,96,497,301,45
Cleburne-POFF,0,3,0,0,0,0,0,29,0,0,0,0,0,0,0,0,0,8,0,0,0,0,1,0,2,0,10,32,21,0
Cleburne-SALINE INSIDE,2,13,0,0,0,0,0,63,4,0,0,1,0,0,0,3,0,14,0,0,0,0,0,0,12,0,18,78,47,5
Cleburne-SALINE OUTSIDE,1,41,1,1,1,2,1,166,23,0,0,5,1,0,0,3,0,28,0,0,2,0,4,0,26,0,48,214,111,29
Cleburne-SOUTH CADRON INSIDE,0,30,0,0,0,2,1,146,6,0,0,5,0,0,0,4,0,23,0,0,2,0,1,0,20,0,40,179,90,11
Cleburne-SOUTH CADRON OUTSIDE,2,32,1,0,2,5,0,205,15,0,0,3,0,0,2,3,0,50,0,0,2,0,0,0,35,0,58,247,150,18
Cleburne-SUGAR CAMP,1,37,0,1,2,1,1,161,12,0,0,4,0,0,0,2,0,36,0,0,1,0,4,0,11,0,54,204,108,16
Cleburne-SUGAR LOAF,1,61,3,0,4,7,0,257,23,0,0,10,0,0,0,4,1,65,0,0,0,0,6,0,42,0,74,333,192,33
Cleburne-VALLEY,0,46,0,1,4,1,0,170,16,0,0,10,0,2,1,2,0,30,1,0,0,0,8,2,54,0,60,222,158,28
Cleburne-WEST PETER CREEK,4,92,0,1,1,15,2,416,26,0,0,22,0,0,1,19,0,78,0,0,2,0,13,0,71,0,117,531,301,48
Cleburne-WILBURN,0,35,1,0,2,5,2,103,22,0,0,3,0,0,0,2,0,22,0,0,1,0,3,0,14,0,30,148,72,25
Cleveland-Bowman,1,70,0,2,3,2,2,113,34,0,0,3,1,1,1,1,0,11,0,0,3,0,0,0,6,0,26,193,48,39
Cleveland-Harper,0,32,0,0,1,3,2,192,16,4,1,7,0,0,0,4,0,33,0,0,0,0,3,0,19,0,35,230,94,28
Cleveland-Hudgin,2,19,0,0,1,3,2,104,12,0,0,6,0,0,0,4,0,27,0,0,0,0,1,0,15,0,21,131,68,18
Cleveland-Hurricane,1,16,1,0,1,5,2,148,9,0,1,7,1,0,1,7,0,36,0,0,1,0,1,0,14,1,38,174,99,18
Cleveland-Kingsland Inside,1,50,1,0,3,2,3,97,25,0,1,7,0,1,1,0,1,23,0,0,0,0,2,0,7,0,19,157,53,34
Cleveland-Kingsland Outside,0,26,0,0,3,3,2,187,17,2,0,10,1,1,0,2,0,44,1,0,0,0,2,0,25,0,31,221,105,31
Cleveland-Lee,0,33,0,0,7,2,1,99,18,0,0,2,0,0,0,2,0,24,0,0,0,0,0,0,16,0,27,142,69,20
Cleveland-Miller,1,39,0,0,3,8,3,249,19,0,3,20,1,0,0,2,0,74,0,0,1,0,3,0,35,0,45,303,160,43
Cleveland-Niven,0,39,0,0,2,2,2,102,18,0,0,6,1,1,1,3,0,16,0,0,1,0,1,0,10,0,27,147,59,26
Cleveland-Redland,1,70,2,0,9,5,3,177,35,1,0,9,0,1,1,11,0,38,0,0,0,0,3,0,26,0,36,267,115,46
Cleveland-Rison Inside,0,175,3,4,16,13,2,215,85,0,0,12,1,1,1,3,0,30,0,1,7,0,8,0,41,0,45,428,136,99
Cleveland-Rison Outside,0,25,0,0,0,1,0,99,13,0,0,10,0,1,1,2,0,23,0,0,2,0,1,0,13,0,13,125,55,24
Cleveland-Rowell,1,20,0,0,1,2,1,128,13,1,0,5,0,0,0,4,0,26,0,0,1,0,1,0,15,0,28,153,75,19
Cleveland-Saline,0,2,0,0,0,1,1,17,2,0,0,0,0,0,0,3,0,6,0,0,0,0,1,0,1,0,1,21,12,2
Cleveland-Smith,2,24,0,0,0,3,1,159,16,0,0,15,0,1,0,5,0,29,0,0,3,0,2,0,17,0,23,189,79,32
Cleveland-Whiteoak,0,11,0,0,0,1,1,59,17,1,2,4,2,1,0,2,1,24,0,0,1,0,3,1,25,0,37,72,94,27
Cleveland-Whiteville,1,72,1,0,3,3,4,317,33,0,0,14,1,1,0,7,0,86,0,0,1,1,0,0,28,0,51,401,174,49
Columbia-Columbia North,8,325,1,2,12,13,2,1167,96,0,1,32,3,4,3,49,1,185,0,1,8,0,16,0,98,2,240,1530,603,136
Columbia-Columbia South,6,422,3,3,5,10,2,640,144,2,1,41,3,1,5,13,0,111,0,0,8,0,12,1,57,2,126,1091,335,192
Columbia-Emerson City,1,34,2,0,2,2,0,52,13,0,0,4,0,1,0,1,0,5,0,0,2,0,0,0,6,0,15,93,29,18
Columbia-Emerson Township,3,120,1,1,1,7,0,519,50,2,0,23,2,3,0,12,0,72,0,1,4,0,10,0,44,1,110,652,254,80
Columbia-Mag Ward 1,3,384,4,1,3,16,1,454,105,0,3,31,1,1,3,27,0,98,0,0,8,0,8,1,54,0,79,866,278,141
Columbia-Mag Ward 2,1,587,3,1,2,9,1,97,164,0,1,37,3,1,2,9,0,12,1,0,1,0,3,0,6,1,24,701,59,206
Columbia-Mag Ward 3,11,214,7,6,10,29,3,685,65,0,1,46,0,0,4,25,0,119,0,0,6,0,20,4,155,1,136,965,470,112
Columbia-Mag Ward 4,7,329,9,2,9,21,6,740,108,1,4,39,0,5,9,39,1,132,1,0,3,0,23,3,117,1,168,1123,497,157
Columbia-McNeil City,0,62,1,0,1,1,0,62,23,0,0,4,0,1,1,2,0,9,0,0,1,2,1,0,3,1,15,127,35,28
Columbia-McNeil Township,1,142,2,1,2,1,1,244,48,0,0,9,0,0,2,11,1,51,0,0,0,0,0,0,17,0,62,394,144,57
Columbia-Taylor City,0,21,0,0,1,1,0,184,13,0,1,3,0,1,0,8,0,39,0,0,1,1,4,1,14,0,36,207,104,18
Columbia-Taylor Township,1,77,3,0,0,2,0,280,23,0,1,14,0,0,2,8,0,55,0,0,2,0,4,0,27,0,61,363,159,38
Columbia-Waldo City,0,327,2,2,2,1,2,103,104,0,0,15,0,1,2,1,0,14,0,1,1,0,0,0,15,0,28,439,62,120
Columbia-Waldo Township,4,96,2,1,0,4,0,229,52,0,0,8,0,2,1,3,1,41,0,0,1,0,2,0,21,0,50,336,120,62
Conway-AUSTIN,2,27,0,0,2,0,0,104,14,0,1,7,0,1,1,0,0,20,0,0,0,0,0,0,5,0,11,135,37,23
Conway-BENTLEY CITY,2,50,0,0,6,6,4,184,33,4,3,31,0,1,0,9,1,41,0,0,2,0,0,0,19,0,24,252,96,72
Conway-BENTLEY RURAL,0,45,1,1,3,4,1,161,31,1,3,14,1,2,0,1,0,26,0,1,2,0,0,0,22,0,37,216,89,52
Conway-BIRD,1,70,1,1,0,4,3,203,49,1,7,28,2,2,0,1,0,37,0,0,1,0,2,0,16,1,32,283,90,89
Conway-CATHOLIC POINT,2,49,0,1,3,2,3,120,58,2,2,31,0,4,0,0,1,12,0,0,0,0,1,0,9,0,13,180,36,97
Conway-CEDAR FALLS,0,61,1,1,6,3,1,92,23,0,0,11,1,0,0,3,0,16,0,0,0,0,4,0,25,0,23,165,71,35
Conway-GREGORY,4,46,0,1,0,7,1,122,37,1,3,15,1,2,0,4,0,21,0,0,0,0,0,0,11,0,20,181,56,59
Conway-GRIFFIN,1,52,1,1,3,5,4,146,37,2,3,21,0,1,0,2,0,19,0,0,0,0,0,0,10,0,27,213,58,64
Conway-HIGGINS,0,7,0,0,0,1,0,16,3,0,0,2,0,0,0,0,0,1,0,0,0,0,0,0,2,0,7,24,10,5
Conway-HOWARD CITY,0,160,2,3,3,9,3,151,109,2,2,33,0,0,0,1,0,28,0,0,0,0,0,0,16,0,24,331,69,146
Conway-HOWARD RURAL,2,106,1,0,4,4,3,116,67,1,1,24,0,1,0,2,0,22,0,0,0,0,0,0,13,0,21,236,58,94
Conway-LICK MTN.,0,67,1,0,3,11,0,206,36,1,0,30,2,0,0,5,1,37,0,0,2,0,1,0,21,0,30,288,97,69
Conway-MARTIN,0,8,0,1,1,0,1,35,6,0,0,4,0,0,0,0,0,9,0,0,1,0,0,0,6,0,3,46,19,10
Conway-MCCLAREN,0,22,0,0,1,0,0,78,16,1,1,8,0,1,0,0,0,12,0,0,0,0,0,0,3,0,12,101,27,27
Conway-MENIFEE CITY,0,137,0,1,0,1,0,12,80,1,0,8,0,0,0,1,0,2,0,0,0,0,1,0,0,0,1,151,5,89
Conway-MENIFEE RURAL,0,29,2,0,2,0,0,36,11,0,0,3,0,0,0,3,0,5,0,0,1,0,0,0,7,0,4,69,20,14
Conway-NICHOLS,0,68,1,0,2,7,4,174,45,2,0,15,3,2,0,2,1,26,0,0,3,0,0,0,18,0,40,256,90,67
Conway-OLD HICKORY,0,21,0,0,0,0,2,70,18,2,0,11,1,0,0,0,0,7,0,0,2,0,1,0,3,0,18,93,31,32
Conway-PETIT JEAN,0,14,0,0,0,1,0,29,3,0,0,4,0,0,0,1,0,8,0,0,0,0,1,0,8,0,10,44,28,7
Conway-ST. VINCENT,0,87,2,1,6,4,1,177,88,7,5,38,2,1,0,3,0,21,0,0,2,0,2,0,16,0,27,278,71,141
Conway-STEELE,0,33,1,1,2,4,0,170,21,1,0,14,3,2,1,3,0,47,0,0,0,0,1,0,15,2,33,211,102,41
Conway-UNION,2,122,2,2,0,8,3,202,81,2,1,22,2,0,0,10,0,47,0,1,1,0,1,0,23,0,37,341,120,108
Conway-WARD 1,0,221,4,1,2,19,4,278,143,9,16,74,0,10,3,2,0,29,0,0,2,0,1,0,30,0,37,529,104,252
Conway-WARD 2,0,172,1,2,0,14,2,221,108,3,2,46,1,1,1,11,1,36,0,0,0,0,0,1,19,0,29,412,98,161
Conway-WARD 3,0,272,5,2,4,10,6,250,150,2,2,54,2,1,0,3,0,21,0,0,2,0,3,1,25,0,51,549,106,211
Conway-WARD 4,6,244,9,2,15,15,6,426,152,9,7,110,3,3,1,12,0,46,0,0,1,0,6,0,47,0,66,723,179,284
Conway-WASHINGTON EAST,5,120,0,1,2,8,6,320,90,7,5,51,3,5,0,4,0,53,0,0,1,0,0,0,32,0,56,462,146,161
Conway-WASHINGTON WEST,0,61,3,0,1,3,1,126,38,5,3,25,1,1,1,0,0,22,0,0,1,1,1,0,9,0,19,195,54,73
Conway-WELBOURNE EAST,2,196,4,1,12,7,3,434,149,2,10,69,8,4,0,13,1,47,0,0,3,0,4,0,48,0,57,659,173,242
Conway-WELBOURNE WEST,1,85,1,1,1,14,7,176,60,0,2,37,1,1,0,4,0,22,0,0,0,0,0,0,19,0,33,286,78,101
Conway-WHITE EAGLE,0,4,0,0,0,0,0,14,1,0,0,0,0,0,0,1,0,2,0,0,0,0,1,0,1,0,4,18,9,1
Craighead-Precicnt 31,0,97,7,0,8,10,3,515,29,0,1,10,2,0,1,33,0,126,0,1,3,0,9,0,61,1,57,640,292,42
Craighead-Precinct 1,3,309,15,3,9,24,3,283,95,0,0,76,1,1,2,11,1,52,0,0,2,0,10,0,49,0,40,649,167,173
Craighead-Precinct 10,5,181,5,3,13,20,2,440,49,0,0,38,1,0,5,11,0,85,0,0,3,0,15,0,98,1,67,669,285,88
Craighead-Precinct 11,4,183,3,1,11,19,0,608,76,1,0,36,0,1,6,27,0,134,0,0,0,1,14,0,77,0,100,829,359,114
Craighead-Precinct 12,2,202,3,2,13,23,3,443,69,0,0,28,0,3,5,16,0,99,0,0,5,0,12,2,69,0,86,691,294,100
Craighead-Precinct 13,1,285,6,1,11,32,1,462,67,0,0,59,0,0,2,18,1,84,0,0,2,0,9,0,71,0,53,799,240,126
Craighead-Precinct 14,2,276,17,0,6,13,1,236,54,0,0,28,1,0,1,11,0,29,1,0,2,1,4,0,17,0,29,551,95,83
Craighead-Precinct 15,3,289,9,1,13,21,6,430,73,0,0,43,0,0,1,16,0,78,0,1,4,0,10,1,68,0,69,772,248,116
Craighead-Precinct 16,2,219,5,1,14,22,4,404,78,0,1,39,0,0,6,22,0,71,0,0,2,0,7,0,87,0,64,671,259,118
Craighead-Precinct 17,3,241,4,3,8,18,1,487,113,0,2,42,0,0,3,21,2,101,0,0,3,0,14,2,119,2,75,765,342,157
Craighead-Precinct 18,2,280,9,2,14,19,5,434,117,0,0,57,1,0,3,8,0,81,1,0,0,0,17,0,89,0,51,765,250,175
Craighead-Precinct 19,2,265,4,1,2,16,2,142,54,0,1,34,0,1,0,4,1,16,0,0,0,0,0,0,16,0,20,434,57,90
Craighead-Precinct 2,2,231,10,0,6,17,0,312,72,0,2,45,0,1,4,14,0,63,0,0,2,1,11,1,44,0,47,578,187,120
Craighead-Precinct 20,1,234,2,2,4,20,2,430,109,1,3,29,3,2,8,14,0,59,0,0,1,0,16,0,87,0,69,695,254,147
Craighead-Precinct 21,4,244,5,4,9,24,2,475,68,0,3,48,1,3,1,20,1,78,0,0,2,0,4,0,56,0,86,767,248,123
Craighead-Precinct 22,1,246,4,2,7,20,4,372,64,0,1,35,0,1,1,13,0,66,0,0,1,0,5,2,44,0,58,656,190,101
Craighead-Precinct 23,4,229,7,5,10,22,6,345,84,0,1,48,1,2,1,18,1,57,0,0,2,0,19,0,66,0,55,628,219,136
Craighead-Precinct 24,1,228,8,2,7,20,4,346,72,0,5,41,2,0,2,10,0,40,0,1,2,0,10,1,77,0,67,616,210,120
Craighead-Precinct 25,1,258,7,1,8,10,3,342,94,0,0,40,2,0,6,5,1,50,1,1,3,0,15,0,70,0,59,630,211,136
Craighead-Precinct 26,1,250,7,1,8,15,0,150,76,0,0,54,0,0,0,12,1,18,0,0,0,0,3,0,21,0,27,432,82,130
Craighead-Precinct 27,0,234,8,0,8,22,3,338,85,0,1,69,0,1,1,8,0,64,0,0,2,0,7,1,44,0,49,613,176,156
Craighead-Precinct 28,5,210,5,2,13,18,3,469,87,0,3,44,1,0,3,22,0,88,0,0,3,0,16,0,72,0,58,725,262,135
Craighead-Precinct 29,7,257,11,2,15,32,2,607,84,0,0,36,0,0,1,22,1,120,0,0,3,0,16,2,79,0,63,933,307,120
Craighead-Precinct 3,4,235,6,1,3,26,4,333,84,0,0,60,2,0,1,19,3,65,0,0,0,0,12,0,55,0,42,612,197,146
Craighead-Precinct 30,0,258,4,2,13,27,3,907,96,1,0,41,0,0,2,22,0,167,0,0,7,0,26,0,150,0,124,1214,498,138
Craighead-Precinct 32,3,236,7,1,5,19,1,71,38,0,0,32,0,0,0,4,0,9,0,0,1,0,0,0,15,0,11,343,40,70
Craighead-Precinct 33,2,263,6,2,6,21,4,276,91,0,0,47,3,1,5,12,0,52,2,0,3,0,8,0,36,0,48,580,166,142
Craighead-Precinct 34,2,283,3,3,3,7,4,174,85,0,0,23,1,1,0,11,0,36,0,1,1,0,5,1,18,0,25,479,98,110
Craighead-Precinct 35,3,210,5,4,4,12,3,241,70,0,0,38,2,1,2,8,1,38,0,0,1,0,2,0,31,0,35,482,118,111
Craighead-Precinct 36,3,201,9,1,9,13,0,550,87,0,0,35,2,1,1,28,0,124,0,0,4,0,19,0,67,0,87,786,330,125
Craighead-Precinct 37,1,142,5,4,12,31,6,674,62,0,2,30,1,0,0,27,0,129,0,0,2,0,7,1,70,0,114,875,350,95
Craighead-Precinct 38,3,153,5,3,6,25,4,512,65,0,0,20,1,2,1,13,1,89,0,0,2,0,12,0,48,0,77,711,243,88
Craighead-Precinct 39,1,153,6,4,7,23,3,471,58,0,2,29,0,1,1,14,0,74,0,0,4,0,0,0,45,0,70,668,208,90
Craighead-Precinct 4,0,261,11,1,11,25,2,305,86,0,0,52,0,1,0,10,0,66,0,0,1,0,12,2,52,0,51,616,194,139
Craighead-Precinct 40,3,124,5,2,4,17,4,553,52,0,1,20,0,0,1,19,0,93,0,0,2,0,6,0,68,0,88,712,277,73
Craighead-Precinct 41,3,117,5,1,3,23,0,536,58,3,1,17,0,1,1,13,0,116,0,0,2,0,3,0,40,1,77,688,253,80
Craighead-Precinct 42,7,103,4,2,7,21,3,451,44,1,1,19,0,0,2,14,0,94,0,0,3,0,4,1,43,0,77,598,238,65
Craighead-Precinct 43,3,151,2,0,6,15,1,650,56,0,0,22,1,1,0,33,0,142,0,0,6,0,10,1,77,0,96,828,365,80
Craighead-Precinct 44,2,175,6,6,4,17,4,462,73,1,1,37,0,3,1,11,1,72,0,0,5,0,3,0,32,0,66,676,191,115
Craighead-Precinct 45,4,181,5,3,10,23,2,456,53,0,2,37,0,0,3,10,0,82,0,0,2,0,2,0,41,0,57,684,197,92
Craighead-Precinct 46,8,185,8,0,14,34,5,613,43,0,1,49,2,1,3,32,0,110,0,0,5,0,1,4,60,1,76,867,292,96
Craighead-Precinct 47,3,135,1,1,5,19,1,713,43,1,0,29,1,0,1,24,0,133,1,0,6,0,10,1,64,1,88,878,329,74
Craighead-Precinct 48,4,205,9,1,4,24,3,563,77,0,1,40,3,1,2,23,0,87,0,0,5,0,3,1,44,0,100,813,265,122
Craighead-Precinct 49,0,47,1,0,2,3,2,174,20,0,4,15,0,1,0,5,0,29,0,0,3,0,2,0,18,0,37,229,94,40
Craighead-Precinct 5,3,203,11,4,9,20,6,367,52,0,0,36,0,1,2,28,0,66,0,0,3,0,13,0,64,0,55,623,231,89
Craighead-Precinct 50,1,143,2,3,3,13,2,424,68,1,0,36,1,3,0,12,0,70,0,0,2,0,2,1,32,0,82,591,201,109
Craighead-Precinct 51,0,135,3,4,4,12,5,498,86,2,1,26,1,3,0,22,1,46,0,0,3,0,3,1,39,0,86,661,201,119
Craighead-Precinct 52,1,40,1,0,1,2,0,92,11,0,1,7,0,0,0,10,0,16,0,0,0,0,1,0,8,0,17,137,52,19
Craighead-Precinct 53,2,37,3,0,2,8,0,168,15,0,0,2,0,0,3,0,0,23,0,0,0,0,4,1,7,0,25,220,63,17
Craighead-Precinct 6,4,184,5,0,18,23,2,620,88,0,0,23,0,0,2,17,1,119,0,0,2,0,22,2,151,0,128,856,444,111
Craighead-Precinct 7,3,197,2,0,19,30,2,797,63,0,0,38,1,1,2,32,4,146,0,0,4,0,22,0,129,1,108,1050,448,103
Craighead-Precinct 8,3,164,0,0,11,18,1,653,46,0,0,20,0,0,4,20,2,131,0,0,1,0,4,0,98,0,114,850,374,66
Craighead-Precinct 9,2,169,3,3,18,23,2,518,56,0,0,25,0,0,2,23,0,119,0,0,4,0,22,0,106,0,103,738,379,81
Crawford-Alma 1,5,160,4,2,7,28,5,421,51,2,2,36,2,1,3,15,3,88,0,0,4,0,4,0,49,1,92,632,259,94
Crawford-Alma 2,5,45,1,0,6,5,3,166,24,1,0,8,0,0,0,7,0,41,0,0,1,0,2,0,17,0,40,231,108,33
Crawford-Alma 3,5,222,8,3,19,32,5,892,77,4,3,50,1,1,1,31,1,247,0,0,2,0,14,0,142,0,140,1186,578,136
Crawford-Alma 4,0,111,6,2,10,20,2,507,29,0,1,24,0,0,0,21,0,126,0,0,3,0,9,0,62,0,99,658,320,54
Crawford-Bidville,0,2,1,0,0,0,0,24,0,0,0,0,0,0,0,0,0,4,0,1,0,0,0,0,3,0,9,27,17,0
Crawford-Cedar Creek,1,34,0,0,3,4,2,131,15,0,0,2,0,0,1,4,0,36,1,0,0,0,5,0,10,0,32,175,89,17
Crawford-Cedarville,7,103,1,5,15,23,6,623,44,0,2,20,0,1,0,28,1,147,0,1,7,1,3,1,61,0,150,783,400,67
Crawford-Chester,1,50,1,1,3,2,1,146,20,0,1,9,0,1,0,3,0,56,1,0,2,0,7,0,25,0,44,205,138,31
Crawford-Cove City,0,20,0,0,0,1,0,82,7,0,0,10,1,0,0,3,0,17,0,0,1,0,1,0,8,0,20,103,50,18
Crawford-Dean Springs,3,129,3,1,6,21,5,637,43,1,1,26,0,0,0,22,2,196,0,0,2,0,8,0,78,3,136,805,447,71
Crawford-Dora,1,141,4,2,6,23,4,467,47,0,1,21,0,0,1,5,1,100,0,0,1,0,10,1,62,2,71,648,254,69
Crawford-Dyer,2,150,5,2,9,12,2,484,59,0,0,24,1,0,1,19,0,121,0,0,5,0,7,0,61,1,90,666,305,84
Crawford-Eagle Crest,1,55,1,0,3,10,1,205,12,0,0,4,0,0,1,7,0,67,0,0,1,0,4,0,45,0,30,276,155,16
Crawford-Figure Five,0,33,0,1,2,0,1,169,8,0,0,2,0,0,1,8,0,26,0,0,0,0,8,0,31,0,53,206,127,10
Crawford-Jasper,1,164,3,4,8,16,6,870,63,1,0,36,1,0,1,38,0,181,1,0,5,0,21,1,125,0,181,1072,554,101
Crawford-Kibler,1,95,3,0,5,12,5,566,39,0,1,31,0,2,1,32,0,146,0,0,6,0,1,1,60,0,122,687,369,73
Crawford-Lancaster,3,74,3,1,1,13,1,341,36,0,2,17,0,0,0,5,0,71,0,0,3,0,2,0,48,0,82,437,211,55
Crawford-Lee Creek,0,24,3,1,1,5,0,219,4,0,0,4,0,0,1,9,0,67,2,0,3,0,6,0,26,0,39,253,153,8
Crawford-Locke,0,22,1,0,0,4,2,93,10,0,0,2,0,1,0,6,1,20,0,0,0,0,4,0,9,1,28,122,69,13
Crawford-Mountain,1,179,8,2,6,20,6,576,46,2,0,33,0,0,3,15,0,137,0,0,4,0,7,0,84,0,126,798,376,81
Crawford-Mulberry 1,0,25,2,0,1,2,0,89,10,0,1,6,1,0,0,0,0,19,0,0,0,0,1,0,12,1,14,119,47,18
Crawford-Mulberry 2,0,8,0,0,0,1,2,47,7,1,0,2,0,0,0,0,0,10,0,0,0,0,2,0,9,0,10,58,31,10
Crawford-Mulberry 3,6,95,0,4,4,13,3,333,52,0,1,26,1,0,1,15,0,62,0,0,3,0,3,0,32,0,72,458,188,80
Crawford-Oliver Springs,0,86,0,1,2,11,2,398,29,0,0,14,0,0,1,16,0,102,0,0,1,0,2,0,58,0,84,500,264,43
Crawford-Porter,1,27,0,0,0,2,1,82,12,0,0,4,0,0,0,12,0,13,0,0,1,0,1,0,4,0,16,113,47,16
Crawford-Rudy,1,87,6,2,6,15,3,452,35,0,1,17,0,0,1,14,1,115,0,1,1,0,7,0,67,1,101,572,309,53
Crawford-Union,4,62,5,2,3,10,3,300,26,0,2,19,0,0,0,14,0,71,0,0,4,0,3,0,39,0,69,389,200,47
Crawford-Upper,0,3,0,0,0,0,1,34,0,0,0,0,0,0,0,0,0,1,0,0,0,0,0,0,0,0,0,38,1,0
Crawford-Van Buren,3,336,13,2,19,40,14,1323,92,0,7,94,1,0,1,29,0,318,0,0,5,0,10,2,173,1,227,1750,766,194
Crawford-Van Buren 1-1,1,137,7,4,6,18,1,401,51,0,0,21,0,0,0,15,1,85,0,0,2,0,11,0,45,1,97,575,257,72
Crawford-Van Buren 1-2,4,185,4,2,14,24,1,632,79,0,1,30,0,0,1,27,1,150,0,0,2,0,18,1,113,1,126,866,440,110
Crawford-Van Buren 2-1,3,115,11,2,6,19,3,220,35,0,2,29,1,1,2,5,1,38,0,0,2,0,3,0,24,1,37,379,113,68
Crawford-Van Buren 2-2,5,304,13,4,12,38,7,801,72,1,1,46,1,0,1,17,1,157,0,0,2,0,3,1,106,0,180,1184,468,121
Crawford-Van Buren 3-1,0,190,9,6,11,19,5,440,71,0,2,29,0,0,2,23,0,68,0,0,0,0,5,2,61,1,89,680,251,102
Crawford-Van Buren 3-2,2,131,13,1,3,13,0,332,47,0,0,30,0,1,0,10,0,71,0,0,1,0,2,0,43,1,60,495,188,78
Crawford-Van Buren 3-3,0,104,5,2,4,8,2,355,39,1,1,14,0,0,0,6,0,97,0,1,3,0,8,0,65,0,79,480,259,55
Crawford-Van Buren 3-4,2,145,0,3,13,29,2,460,59,1,1,20,0,2,0,22,1,122,0,0,3,0,10,0,79,1,97,654,335,83
Crawford-Van Buren 3-5,2,202,11,6,7,16,4,602,59,0,0,32,0,0,1,31,0,131,0,1,2,0,2,1,80,1,95,850,345,91
Crawford-Van Buren 3-6,4,155,7,0,12,19,3,478,69,0,0,25,0,0,2,10,2,115,0,0,3,0,13,0,74,0,94,678,313,94
Crawford-Van Buren 4-1,2,177,10,2,11,26,3,766,59,0,0,33,1,0,4,32,0,159,0,0,4,0,14,0,119,0,146,997,478,93
Crawford-Vine Prairie,0,30,0,3,0,3,0,157,18,0,1,3,0,1,0,9,0,37,0,0,1,0,7,1,16,0,36,193,107,23
Crawford-Whitley,3,68,1,2,4,4,2,341,30,1,1,22,0,0,0,6,0,89,0,0,6,0,1,0,23,0,75,425,200,54
Crawford-Winfrey,0,3,0,0,0,0,0,24,2,0,0,0,0,0,0,0,0,3,0,0,1,0,0,0,3,0,4,27,11,2
Crittenden-ANTHONYVILLE CHURCH,0,65,0,1,1,3,0,3,38,2,1,0,0,1,0,1,0,0,0,0,0,0,0,0,0,0,0,73,1,42
Crittenden-BONDS MARINE,0,24,0,2,1,2,1,114,15,0,2,5,0,0,0,2,0,22,0,0,1,0,0,0,17,0,23,144,65,22
Crittenden-CIVIC CENTER,12,892,9,3,6,10,4,102,367,2,2,31,1,25,0,6,0,10,0,0,1,0,0,1,3,0,27,1038,48,428
Crittenden-CRAWFORDSVILLE,1,132,2,3,2,6,1,276,69,3,2,16,1,3,0,9,0,40,0,0,0,0,3,2,21,0,63,423,138,94
Crittenden-EARLE CITY HALL,4,480,3,3,2,4,3,159,170,1,3,21,1,10,0,9,0,20,0,0,0,0,3,0,8,1,45,658,86,206
Crittenden-EDMONDSON,2,138,2,0,1,0,1,100,70,1,1,12,0,7,0,3,0,7,0,0,0,0,0,0,4,0,26,244,40,91
Crittenden-GILMORE,0,55,0,1,3,0,1,28,33,3,0,6,0,0,0,0,0,1,1,0,1,0,0,0,1,0,4,88,8,42
Crittenden-HEAFER,0,29,2,0,1,2,0,91,10,0,2,13,0,1,0,0,0,15,0,0,0,0,0,0,3,0,16,125,34,26
Crittenden-HORSESHOE FIRE STATION,1,17,0,0,0,0,1,102,12,1,0,6,0,0,0,1,0,16,0,1,1,0,1,0,5,1,40,121,66,19
Crittenden-JENNETTE CITY HALL,0,63,0,0,0,1,0,2,36,0,0,4,0,4,0,0,0,0,0,0,0,0,0,0,0,0,1,66,1,44
Crittenden-JERICHO CITY HALL,0,69,2,0,2,2,1,176,29,1,1,15,0,3,1,6,0,27,0,0,0,0,5,0,12,0,32,252,83,49
Crittenden-MT PISGAH CHURCH,0,37,0,0,0,2,0,18,16,0,0,3,0,2,0,0,0,0,0,0,0,0,0,0,6,0,3,57,9,21
Crittenden-ST LUKE CHURCH,1,206,0,0,0,5,0,5,64,1,0,4,1,3,0,1,0,0,0,0,0,0,0,0,0,0,1,217,2,73
Crittenden-SUNSET,0,60,2,0,0,1,0,2,32,0,0,3,1,3,0,0,0,0,0,0,0,0,0,0,0,0,1,65,1,39
Crittenden-WM HIGH SCHOOL,8,1144,13,6,10,42,4,1440,452,8,10,139,10,25,6,29,4,155,0,1,5,0,11,2,112,0,290,2667,615,644
Crittenden-WONDER BOYS CLUB,3,445,4,2,2,2,4,40,164,0,1,11,0,10,1,3,0,4,0,0,1,0,0,0,1,0,10,502,20,186
Crittenden-WONDER JR. HIGH,2,400,2,1,2,4,0,4,169,0,2,17,0,14,0,0,0,2,0,0,0,0,0,1,0,0,0,415,3,202
Crittenden-WR GOLDEN,0,193,0,3,0,1,0,38,128,1,0,9,0,5,1,2,0,2,0,0,0,0,0,0,0,0,6,235,11,143
"Cross-Bay Village, Birdeye",1,38,0,1,1,2,0,95,21,0,0,5,0,0,0,5,0,19,0,0,0,0,1,0,6,0,26,138,57,26
Cross-Bedford,2,40,0,1,3,2,1,164,16,0,1,8,1,0,0,3,0,21,0,0,1,0,0,0,10,0,40,213,75,26
Cross-Brushy Lake,0,21,0,1,2,3,0,83,11,0,0,2,1,0,0,1,0,12,0,0,0,0,1,0,7,0,16,110,37,14
Cross-Ellis,2,22,1,1,0,5,1,168,8,0,0,6,0,0,0,2,0,45,0,0,1,1,3,0,15,0,43,200,110,14
Cross-Fair Oaks,1,11,0,0,0,0,0,54,5,0,0,1,0,0,1,4,0,6,0,0,0,0,0,0,3,0,7,66,21,6
Cross-Hickory Ridge City,1,21,1,0,0,0,2,85,15,0,0,6,0,0,1,2,0,14,1,0,0,0,2,0,15,0,12,110,47,21
Cross-Hickory Ridge Township,0,14,0,1,2,1,2,90,4,0,0,4,0,0,1,2,0,11,0,0,3,0,2,0,11,0,13,110,43,8
Cross-Mitchell,3,35,0,1,0,2,0,138,11,0,0,9,0,0,0,2,0,27,0,0,0,0,1,1,3,0,22,179,56,20
Cross-Parkin Ward 1,0,111,3,1,0,3,1,47,23,0,1,1,0,0,0,0,0,7,0,0,0,0,0,0,3,1,1,166,12,25
Cross-Parkin Ward 2,3,91,2,0,1,0,1,20,26,0,0,7,0,0,1,2,0,4,0,0,0,0,0,0,2,0,11,118,20,33
Cross-Parkin Ward 3,0,94,0,0,0,1,2,8,61,1,2,8,0,0,0,1,0,6,0,0,1,0,0,0,0,0,6,105,14,72
Cross-Searcy,6,78,2,2,0,12,4,415,32,1,2,13,0,1,0,14,0,77,0,0,6,0,1,1,23,0,85,519,207,49
Cross-Smith,1,92,4,0,2,11,3,673,37,2,1,19,2,0,1,24,0,137,0,0,2,0,3,0,42,0,151,786,360,61
Cross-Twist,0,1,0,0,0,0,0,2,0,0,0,0,0,0,0,0,0,1,0,0,0,0,0,0,1,0,0,3,2,0
Cross-Tyronza,0,22,1,1,0,0,1,38,3,1,0,1,0,0,0,0,0,6,0,0,0,0,0,1,2,0,10,63,19,5
Cross-Wynne Township,2,124,1,1,4,2,6,510,47,0,0,20,0,2,1,15,0,80,1,0,4,0,6,0,47,0,106,650,260,69
Cross-Wynne Ward 1,3,161,3,4,3,7,11,383,64,1,3,31,1,1,3,18,1,58,0,2,4,0,7,0,32,0,99,575,224,101
Cross-Wynne Ward 2,5,169,0,7,3,20,6,503,59,0,2,28,0,2,0,20,0,92,0,0,5,0,2,0,50,0,91,713,260,91
Cross-Wynne Ward 3,2,230,0,1,1,4,4,148,84,0,0,7,0,0,0,5,0,16,0,0,1,0,1,1,8,0,21,390,53,91
Cross-Wynne Ward 4,5,367,1,4,1,10,4,102,135,3,1,13,2,0,1,3,0,20,0,0,1,0,1,0,12,0,18,494,56,154
Cross-Wynne Ward 5,5,216,4,5,8,17,3,695,102,1,2,32,0,2,1,11,2,122,1,0,4,0,14,0,96,1,160,953,412,139
Dallas-District 1,0,178,0,0,2,1,3,28,110,0,3,10,2,1,0,0,0,3,0,0,0,0,0,0,0,0,2,212,5,126
Dallas-District 2,0,201,2,0,3,2,0,82,120,2,4,28,3,0,0,0,0,2,0,0,1,0,0,0,2,0,10,290,15,157
Dallas-District 3,0,131,1,0,4,3,0,41,60,1,0,13,1,1,0,0,0,0,0,0,0,0,0,0,1,0,3,180,4,76
Dallas-District 4,0,114,2,3,4,4,2,192,80,7,11,61,3,5,2,2,0,13,0,0,1,0,0,0,13,0,10,321,41,167
Dallas-District 5,4,103,0,2,3,4,4,247,62,15,12,80,7,14,0,5,0,9,0,0,0,0,0,1,11,0,26,367,52,190
Dallas-District 6,2,181,1,2,4,2,0,96,102,1,4,18,0,2,0,2,0,18,0,0,0,0,1,0,5,0,11,288,37,127
Dallas-District 7,1,136,1,1,4,2,2,169,80,3,4,23,1,4,0,2,0,27,0,0,0,0,0,0,16,0,28,316,73,115
Dallas-District 8,1,59,1,0,2,4,2,304,37,1,5,31,1,8,2,8,0,55,0,0,0,0,0,0,28,0,49,373,142,83
Dallas-District 9,0,62,4,2,2,4,0,350,42,9,14,97,10,8,0,7,0,21,0,0,3,0,0,0,14,0,24,424,69,180
Desha-BOWIE 1,0,147,0,0,3,7,0,384,131,9,7,89,6,9,4,5,0,16,0,0,2,0,2,0,30,0,50,541,109,251
Desha-BOWIE 2,2,231,1,4,3,3,2,304,176,12,8,72,8,8,0,2,0,10,0,0,1,0,0,0,10,0,41,550,64,284
Desha-BOWIE 3,0,280,0,1,2,3,1,59,191,1,2,22,2,0,0,2,0,1,1,0,1,0,0,0,3,0,6,346,14,218
Desha-BOWIE RURAL,0,20,0,1,0,1,0,39,16,1,2,10,0,0,0,0,0,3,0,0,0,0,1,0,1,0,2,61,7,29
Desha-CLAYTON MCARTHUR,1,49,1,0,1,0,0,47,35,1,1,12,1,0,0,0,0,3,0,0,0,0,0,0,4,0,5,99,12,50
Desha-CLAYTON REED,0,79,0,0,0,0,0,3,56,0,0,2,0,0,0,0,0,0,0,0,0,0,0,0,0,0,0,82,0,58
Desha-CLAYTON TILLAR,0,2,0,0,0,0,0,5,3,0,2,0,0,0,0,0,0,0,0,0,0,0,0,0,0,0,0,7,0,5
Desha-FRANKLIN,0,79,0,0,2,3,0,80,66,1,2,16,3,2,0,0,0,6,0,0,2,0,0,0,1,0,11,164,20,90
Desha-HALLEY,0,15,0,1,0,0,0,59,14,0,1,14,6,2,0,0,0,1,1,0,1,0,0,0,6,0,11,75,20,37
Desha-JEFFERSON,0,22,0,0,1,3,0,60,24,0,0,12,0,3,0,0,0,0,1,0,0,0,0,0,1,0,13,86,15,39
Desha-MISSISSIPPI,0,3,0,0,0,0,0,7,0,0,0,0,0,0,0,0,0,0,0,0,0,0,0,0,0,0,3,10,3,0
Desha-MITCHELLVILLE,2,129,0,1,0,1,0,0,64,2,0,3,1,0,0,0,0,0,0,0,0,0,0,0,0,0,0,133,0,70
Desha-RANDOLPH 1,0,195,0,0,0,6,2,84,107,1,4,25,1,2,0,1,0,3,0,0,0,0,0,0,7,0,12,287,23,140
Desha-RANDOLPH 2,0,295,0,0,4,1,5,40,153,0,2,17,0,1,0,0,0,5,0,0,0,0,0,0,2,0,6,345,13,173
Desha-RANDOLPH 3,1,184,0,1,4,6,1,195,81,11,6,36,0,5,0,0,0,6,0,0,0,0,0,0,6,0,7,392,19,139
Desha-RANDOLPH 4,1,304,2,2,3,4,0,174,132,2,3,31,0,0,0,0,0,4,0,0,0,0,1,0,9,0,12,490,26,168
Desha-RANDOLPH RURAL,0,21,0,0,0,0,0,26,6,0,0,4,0,3,0,0,0,2,0,0,0,0,0,0,0,0,1,47,3,13
Desha-REDFORK,1,75,0,3,3,4,1,114,57,3,0,25,2,2,0,2,0,2,0,0,0,0,0,0,4,0,13,201,21,89
Desha-RICHLAND,0,26,0,2,0,2,0,95,20,2,0,24,0,2,0,1,0,5,0,0,0,0,1,0,8,0,15,125,30,48
Desha-SILVERLAKE,0,53,0,0,0,0,0,97,23,1,4,18,0,2,0,1,0,9,0,0,0,0,0,0,9,0,16,150,35,48
Desha-WALNUT LAKE,0,19,0,0,0,0,0,47,11,2,0,11,0,0,0,1,0,2,0,0,0,0,0,0,2,0,9,66,14,24
Drew-COLLINS,0,30,0,0,1,5,3,79,17,0,0,10,0,1,1,5,0,9,0,0,0,0,3,0,18,0,10,118,46,28
Drew-ENON,0,20,1,2,2,0,1,135,13,0,0,4,0,0,0,8,0,34,0,0,2,0,0,0,17,0,27,161,88,17
Drew-JEROME,0,7,0,0,0,0,0,22,3,1,0,2,0,0,0,0,0,1,0,0,0,0,0,0,6,0,4,29,11,6
Drew-LACEY,3,60,4,1,1,5,1,190,26,0,0,11,0,1,0,10,0,20,0,0,0,0,3,0,17,0,45,265,95,38
Drew-MARION N BOX 1,1,235,5,5,3,11,6,476,134,1,5,46,0,1,0,24,1,78,1,0,9,1,2,0,66,0,116,742,298,187
Drew-MARION N BOX 2,0,99,2,2,2,9,0,298,60,1,1,15,4,2,1,18,0,40,0,0,3,0,1,0,41,2,84,412,190,83
Drew-MARION SOUTH,0,98,2,2,2,11,0,476,41,2,1,27,0,1,1,18,0,60,0,0,3,0,3,0,72,0,115,591,272,72
Drew-OZMENT,0,29,0,0,1,2,0,112,14,0,0,14,0,1,0,3,0,8,0,0,0,0,1,0,12,0,26,144,50,29
Drew-PLANTERSVILLE,0,39,3,0,1,1,1,178,22,1,1,12,0,0,0,11,1,42,0,1,1,0,2,1,23,0,34,223,116,36
Drew-SELMA,1,103,0,0,0,5,1,166,60,0,1,15,1,1,0,4,0,19,0,0,0,0,3,0,20,0,41,276,87,78
Drew-TILLAR,0,27,0,0,0,1,1,51,18,0,0,1,0,0,0,0,1,6,0,0,0,0,0,0,13,0,10,80,30,19
Drew-WARD 1,4,402,5,4,7,4,3,197,223,0,3,33,2,3,0,5,0,27,0,0,5,0,3,0,31,0,33,626,104,264
Drew-WARD 2,0,302,2,3,5,22,5,700,171,11,11,118,11,10,2,18,2,88,0,0,6,0,12,1,118,1,96,1039,344,332
Drew-WARD 3,4,337,7,1,7,11,2,257,171,7,5,57,1,2,2,21,0,26,0,0,1,0,5,1,30,0,37,626,123,243
Drew-WARD 4,4,277,10,1,3,19,2,339,122,3,8,77,3,4,4,16,0,33,0,0,3,0,6,0,45,1,60,655,168,217
Drew-WILMAR,1,227,1,3,2,5,1,282,123,2,2,25,2,1,0,15,0,47,0,0,1,1,2,0,26,1,55,522,148,155
Drew-WINCHESTER,0,73,1,0,1,0,1,10,33,1,0,8,0,0,0,0,0,0,0,0,0,0,1,0,2,0,2,86,5,42
Faulkner-1C-N,0,248,10,3,10,31,1,176,33,0,2,73,0,0,1,7,0,24,0,0,1,0,4,0,57,0,27,479,121,108
Faulkner-1C-S,6,467,20,2,28,73,6,590,95,1,0,94,0,1,1,17,0,130,1,1,4,0,7,0,114,0,85,1192,360,191
Faulkner-1E-E,7,690,30,4,49,62,6,845,170,1,0,134,2,0,7,36,1,177,1,0,5,0,31,1,213,1,125,1693,598,307
Faulkner-1E-W,6,508,18,4,33,44,3,950,138,0,0,86,0,2,5,21,2,196,2,0,5,0,31,2,291,1,163,1566,719,226
Faulkner-2A,6,1082,31,1,31,79,6,693,209,0,2,321,2,1,1,27,1,131,2,0,4,0,30,3,148,0,93,1929,440,535
Faulkner-2B,3,503,19,5,31,57,5,371,91,1,1,119,1,0,4,15,0,54,0,1,3,0,4,0,67,0,47,994,195,213
Faulkner-2C,4,485,12,2,33,36,3,415,112,1,0,70,0,1,2,18,0,71,0,0,2,0,9,1,97,0,54,990,254,184
Faulkner-3A,8,558,11,3,32,47,3,823,136,0,1,88,0,1,9,38,0,156,0,3,6,0,23,1,266,0,113,1485,615,226
Faulkner-3B,2,143,5,2,9,25,2,286,34,0,0,22,0,0,3,6,1,51,0,0,2,0,12,0,81,1,34,474,191,56
Faulkner-3C-E,4,541,20,4,43,67,3,639,147,0,2,122,0,0,0,20,1,127,1,0,3,0,27,1,153,1,95,1321,429,271
Faulkner-3C-W,6,406,7,1,46,40,2,653,144,0,0,70,0,0,3,24,1,126,2,0,0,0,19,0,213,0,103,1161,491,214
Faulkner-3D,9,487,11,6,41,63,6,974,172,0,0,76,2,1,3,41,0,214,0,0,6,0,24,0,244,0,140,1597,672,251
Faulkner-3E,1,223,6,2,6,16,1,457,43,1,0,27,0,0,0,11,0,66,0,0,2,0,15,0,141,0,79,712,314,71
Faulkner-3F,1,239,5,0,15,28,3,576,68,0,0,29,0,0,1,15,1,96,0,0,5,0,17,0,162,1,101,867,399,97
Faulkner-3G,1,178,4,1,5,25,1,260,32,0,0,30,0,0,3,9,0,28,0,0,0,0,11,1,65,0,43,475,160,62
Faulkner-4A,9,443,21,3,22,56,2,557,156,0,1,120,1,3,6,23,0,127,1,1,7,0,20,1,150,0,95,1113,431,281
Faulkner-4B,6,367,20,1,30,36,3,291,84,0,1,110,1,1,3,17,0,42,0,0,2,0,13,1,76,0,52,754,206,197
Faulkner-4C,11,614,19,4,17,44,6,616,154,1,1,89,2,1,3,17,0,117,0,0,2,0,15,1,123,0,119,1331,397,248
Faulkner-4D,2,417,17,2,9,35,1,215,73,0,1,89,0,0,1,12,1,32,0,0,3,0,5,1,39,0,34,698,128,163
Faulkner-4E,4,563,24,3,27,56,5,766,109,2,1,106,0,0,7,31,1,134,0,1,5,0,25,1,167,1,92,1448,465,218
Faulkner-4F,0,400,9,7,41,56,3,855,127,0,0,49,0,2,1,41,2,167,1,1,6,1,38,2,228,0,111,1371,599,178
Faulkner-BENEDICT,1,71,2,2,2,5,5,270,18,1,0,17,0,1,1,7,0,52,0,0,6,0,6,1,31,0,60,358,164,37
Faulkner-BENTON,1,52,2,1,3,13,0,294,29,0,1,9,0,1,0,4,0,95,1,0,2,0,2,1,25,0,72,366,202,40
Faulkner-BRISTOL,0,33,0,0,1,2,2,85,17,1,0,7,0,0,0,2,0,18,0,0,2,0,0,0,6,0,18,123,46,25
Faulkner-CLIFTON,6,278,16,3,23,30,4,1125,87,0,0,51,0,0,1,34,0,249,0,1,5,0,17,1,182,1,174,1485,665,138
Faulkner-EAGLE,5,187,5,3,14,25,3,805,62,0,0,31,0,1,2,31,2,225,0,2,8,0,4,0,129,1,126,1047,530,94
Faulkner-ECADA,7,405,17,10,25,75,7,1220,106,0,0,77,1,0,6,24,0,266,0,0,6,0,7,4,147,0,235,1766,695,184
Faulkner-ECADB,17,441,18,3,19,34,4,805,151,2,0,71,2,1,2,32,1,189,0,1,9,0,15,3,135,0,167,1341,554,227
Faulkner-ENOLA,3,37,1,2,2,11,4,254,14,0,0,9,1,0,0,9,0,62,0,0,4,0,2,3,22,0,57,314,159,24
Faulkner-HARVE,1,63,4,0,9,10,0,256,26,0,2,13,1,0,0,6,1,65,0,0,1,0,7,1,20,0,56,343,157,42
Faulkner-MATTHEWS,0,58,0,1,1,7,1,330,20,0,1,10,0,1,0,14,0,92,0,0,4,0,2,0,41,0,56,398,209,32
Faulkner-MOUNTAIN,0,20,0,1,0,1,0,109,214,0,3,80,1,0,1,28,0,144,1,0,7,0,3,2,110,0,164,131,460,298
Faulkner-NEWTON,2,57,3,2,0,5,5,251,22,0,0,17,0,1,0,8,0,65,0,0,0,0,3,0,24,0,49,325,149,40
Faulkner-PALARM,3,276,18,6,17,54,3,1284,97,0,0,38,1,3,4,41,0,300,1,0,10,0,16,1,157,0,210,1661,740,139
Faulkner-UNION,1,130,3,2,6,17,3,699,53,0,0,16,0,0,1,20,0,157,0,0,4,1,6,2,96,0,102,861,389,69
Faulkner-WALKER,2,114,1,1,0,6,2,296,41,0,0,11,0,0,0,4,0,72,0,0,6,0,0,1,42,0,62,422,187,52
Faulkner-WILSON,6,102,3,5,6,23,7,510,32,1,0,13,0,0,0,9,0,126,0,0,2,0,1,0,42,0,96,662,276,46
Franklin-1-A Ozark Wd. 1,0,81,3,2,4,11,0,211,33,0,1,16,0,1,1,7,0,44,0,1,1,0,13,2,33,0,60,312,162,51
Franklin-1-B Ozark Wd. 2,0,77,4,3,1,8,1,256,33,0,0,13,1,3,2,16,1,35,0,0,12,0,1,2,23,0,81,350,173,50
Franklin-1-C Ozark Rural,0,1,0,0,0,0,0,5,0,0,0,0,0,0,0,1,0,3,0,0,0,0,0,0,0,0,1,6,5,0
Franklin-2-A Ozark Wd. 3,0,93,3,3,5,15,1,272,35,0,1,28,1,0,1,10,0,57,1,0,6,0,7,1,30,0,78,392,191,65
Franklin-2-B Ozark Rural,0,11,0,1,1,4,0,80,6,0,0,3,0,0,1,2,1,22,0,0,4,0,0,0,7,0,22,97,59,9
Franklin-2-C Lonelm/Cravens,0,1,0,1,0,2,0,24,2,0,0,1,0,0,0,1,0,8,0,0,0,0,0,0,3,0,4,28,16,3
Franklin-2-D Wallace/Ivy,0,5,0,0,1,1,1,39,3,0,1,1,0,0,0,1,0,9,0,0,0,0,0,0,8,0,11,47,29,5
Franklin-2-E Ozark Wd. 3,0,45,0,2,3,4,0,109,23,1,1,6,1,0,2,2,0,18,0,0,6,0,0,0,8,0,33,163,69,32
Franklin-3-A Lonelm/Cravens,0,46,1,1,0,4,0,178,34,0,0,8,2,0,1,9,1,37,0,0,0,0,2,0,10,0,54,230,114,44
Franklin-3-B Fern,0,11,2,2,1,6,0,59,2,0,0,2,0,0,0,1,0,19,0,0,0,0,3,2,11,0,12,81,48,4
Franklin-3-C Boston,0,37,0,0,1,2,0,98,12,0,0,11,0,1,0,1,0,20,1,0,1,0,3,1,5,0,34,138,66,24
Franklin-3-D Jethro,2,27,0,0,5,2,0,176,15,0,0,8,0,0,0,4,0,45,0,0,3,0,2,3,13,0,51,212,121,23
Franklin-3-E Watalula,0,5,0,0,0,2,0,7,2,0,0,1,0,0,0,0,0,3,0,0,0,0,0,0,2,0,2,14,7,3
Franklin-3-F Mountain,1,14,0,0,0,4,0,81,4,0,1,9,0,0,0,6,0,17,0,0,0,0,1,0,8,0,19,100,51,14
Franklin-4-A Philpot,0,44,1,0,4,10,1,150,34,0,0,12,0,0,0,3,0,26,0,0,2,0,4,1,26,0,49,210,111,46
Franklin-4-B Watalula,1,25,0,1,4,2,3,144,13,0,0,9,0,0,1,6,0,24,0,0,2,0,1,1,9,0,38,180,82,22
Franklin-4-C W.V. Rural,0,20,1,0,0,0,0,40,11,0,0,9,0,0,0,2,0,6,0,0,1,0,0,0,5,0,7,61,21,20
Franklin-4-D Ozark Rural,5,76,0,0,5,16,2,300,34,0,2,15,0,0,0,22,0,80,0,1,8,0,6,0,35,0,67,404,219,51
Franklin-5-A Wallace/Ivy,0,87,2,1,4,4,1,303,39,0,0,11,0,0,1,5,0,94,0,0,6,0,7,1,30,0,58,402,202,50
Franklin-5-B Ozark Rural,0,4,0,0,0,1,0,29,2,0,0,0,0,1,0,0,0,12,0,0,1,0,0,0,2,0,4,34,19,3
Franklin-5-C Webb City,3,77,3,1,1,3,1,326,34,0,0,14,0,1,0,16,0,76,1,0,5,0,11,0,63,0,87,415,259,49
Franklin-6-A Altus Rural,1,45,1,1,3,6,1,175,27,0,0,13,0,0,0,4,0,28,0,0,3,0,2,0,19,0,47,233,103,40
Franklin-6-B Altus City,2,57,0,2,0,6,1,155,24,1,2,18,0,0,0,1,0,30,0,0,3,0,4,0,14,0,52,223,104,45
Franklin-6-C Denning,0,17,0,1,0,3,0,47,13,0,0,1,0,0,0,1,0,12,0,0,0,0,2,0,3,0,11,68,29,14
Franklin-6-D Weiderkehr Village,0,1,1,0,0,0,0,23,2,0,0,3,0,0,0,1,0,2,0,0,0,0,0,0,2,0,9,25,14,5
Franklin-7-A Cecil,0,25,0,0,1,4,0,102,8,0,0,3,1,1,1,4,0,17,0,0,1,0,1,0,15,0,27,132,66,13
Franklin-7-B Webb City,0,22,2,0,0,0,2,120,9,0,0,6,0,0,0,1,0,18,0,0,5,0,1,1,14,0,27,146,67,15
Franklin-7-C Etna,2,44,2,2,0,6,0,255,22,0,2,10,0,0,0,4,0,83,0,0,1,0,3,0,29,0,55,311,175,34
Franklin-7-D Donald,1,36,1,0,5,9,0,174,24,0,1,4,0,0,0,8,1,46,0,0,1,0,3,1,20,0,38,226,118,29
Franklin-8-A Branch City,1,32,0,0,1,3,0,65,11,0,0,4,0,0,1,2,0,9,0,0,1,0,1,0,5,0,8,102,27,15
Franklin-8-B Charleston City Wd. 1,0,58,1,0,2,4,0,216,22,0,1,12,0,0,0,5,1,36,0,0,3,0,3,0,25,0,32,281,105,35
Franklin-8-C Charleston Rural,2,26,0,0,1,4,2,116,14,0,0,5,0,0,0,2,0,22,0,0,1,0,2,1,14,1,32,151,75,19
Franklin-8-D Vesta,2,35,1,0,4,4,1,143,18,0,0,0,0,0,0,5,0,34,0,0,1,0,5,0,26,0,35,190,106,18
Franklin-8-E Donald,0,9,1,1,0,0,0,17,4,0,1,4,0,0,0,0,0,3,0,0,1,0,0,0,1,0,2,28,7,9
Franklin-8-F Cecil,0,6,0,0,0,1,0,14,3,0,0,0,0,0,0,2,0,6,0,0,0,0,0,0,2,0,6,21,16,3
Franklin-8-G Donald,0,3,0,0,0,0,0,3,0,0,0,2,0,0,0,0,0,0,0,0,0,0,0,0,0,0,0,6,0,2
Franklin-9-A Charleston Wd. 2,5,82,2,0,6,10,1,288,52,0,0,14,0,0,0,18,1,53,0,0,3,0,2,1,39,0,44,394,161,66
Franklin-9-B Charleston Wd. 3,1,71,2,2,3,12,2,155,29,0,1,13,0,0,2,5,0,27,0,0,0,0,2,0,23,0,25,248,84,43
Franklin-9-C Charleston Rural,0,20,0,0,1,4,0,84,14,0,0,5,0,0,1,4,0,18,0,0,0,0,3,0,21,0,10,109,57,19
Fulton-ABSENTEE,0,41,2,0,2,5,1,104,3,0,0,4,0,0,0,0,0,3,0,0,0,0,0,0,1,0,4,155,8,7
Fulton-AFTON,0,47,1,2,2,1,1,124,40,0,0,18,0,0,0,3,0,11,0,0,0,0,3,1,4,0,21,178,43,58
Fulton-BENTON/UNION,3,304,12,5,6,28,3,744,226,13,6,153,6,11,2,27,0,65,0,0,3,0,5,0,29,0,102,1105,233,415
Fulton-CHEROKEE VILLAGE,2,91,1,1,2,8,2,251,23,0,0,28,0,0,0,10,0,30,0,0,0,0,6,0,34,0,90,358,170,51
Fulton-CLEVELAND,1,26,1,0,1,5,1,135,13,0,0,21,2,0,0,6,0,17,0,0,2,0,0,1,6,0,39,170,71,36
Fulton-FULTON/MT CALM,4,76,5,4,0,9,1,408,71,1,3,55,4,5,0,5,0,42,0,0,1,0,3,1,17,0,57,507,126,139
Fulton-MAMMOTH SPRING,2,136,3,3,2,15,2,472,89,0,2,45,3,2,1,25,0,62,0,0,3,0,5,1,30,0,104,635,231,141
Fulton-MYATT,2,19,0,1,1,3,0,55,14,0,2,7,1,1,0,2,0,4,0,0,1,0,1,0,2,0,9,81,19,25
Fulton-PLEASANT RIDGE,0,94,2,2,3,5,3,295,53,0,1,32,1,1,0,6,0,46,0,0,2,0,4,1,17,0,60,404,136,88
Fulton-SOUTHFORK/WILSON,1,82,3,3,0,2,0,243,65,3,0,39,1,2,0,3,0,19,0,0,0,0,1,0,12,0,60,334,95,110
Fulton-STRAWBERRY,1,53,5,1,4,14,1,235,39,1,5,21,2,2,0,12,0,29,1,0,0,0,1,0,11,0,42,314,96,70
Fulton-VIDETTE/BIG CREEK,1,56,5,0,1,10,2,281,41,3,4,25,0,2,0,9,0,48,0,0,3,0,3,0,10,0,41,356,114,75
Fulton-WASHINGTON,1,42,1,0,3,2,2,124,24,0,0,25,0,1,0,3,0,10,0,0,0,0,0,0,8,0,23,175,44,50
Garland-011,2,334,15,6,5,27,4,346,84,0,0,68,0,0,3,11,1,40,0,0,3,0,5,1,37,0,75,739,176,152
Garland-012,4,378,27,8,14,28,16,271,122,1,1,85,0,0,2,14,2,32,0,0,2,0,6,2,33,0,57,746,150,209
Garland-013,3,208,2,3,10,13,5,302,40,0,1,14,0,0,0,16,0,52,0,0,2,0,15,0,62,0,44,546,191,55
Garland-014,1,116,7,3,5,16,3,519,40,0,0,18,0,2,1,23,0,104,0,0,3,0,6,0,47,0,96,670,280,60
Garland-021,5,467,13,5,13,25,6,232,138,0,0,51,0,0,0,13,0,29,0,0,2,0,5,0,32,0,47,766,128,189
Garland-022,9,520,6,8,18,17,8,146,183,0,2,41,0,0,0,2,0,10,0,0,0,0,0,1,12,0,32,732,57,226
Garland-023,0,45,1,3,0,1,1,115,13,0,0,6,0,0,1,12,0,17,0,0,2,0,0,0,18,0,31,166,81,19
Garland-024,3,7,1,0,0,1,1,16,2,0,0,2,0,0,0,0,0,0,0,0,0,0,0,0,2,0,4,29,6,4
Garland-031,0,11,0,0,0,0,0,32,2,0,0,0,0,0,0,0,0,3,0,0,0,0,0,0,2,0,2,43,7,2
Garland-032,5,179,6,1,9,8,4,320,58,0,0,20,0,0,2,7,0,39,2,0,1,0,12,2,40,0,65,532,170,78
Garland-033,5,484,21,5,10,25,13,475,127,0,2,54,1,0,1,18,0,62,1,1,7,0,4,1,50,1,107,1038,253,184
Garland-034,2,340,13,2,10,15,5,272,88,0,0,54,0,0,2,14,1,48,0,0,3,0,1,0,38,0,52,659,159,142
Garland-041,3,314,8,3,12,22,4,442,90,0,0,56,1,3,3,13,0,57,0,0,3,0,4,0,67,0,84,808,231,150
Garland-042,6,426,9,3,20,19,4,565,175,0,0,38,1,0,2,36,1,88,0,0,7,0,22,2,111,0,135,1052,404,214
Garland-043,3,189,9,1,3,13,2,428,68,0,0,39,0,0,1,12,1,47,0,0,1,0,21,1,49,0,118,648,251,107
Garland-044,0,326,5,2,8,22,2,530,117,0,0,31,1,0,1,13,0,64,0,3,0,0,17,5,104,1,130,895,338,149
Garland-051,1,111,4,1,4,10,4,64,24,0,0,13,0,0,1,1,0,8,0,0,3,0,3,2,10,0,12,199,40,37
Garland-052,1,114,10,3,0,5,1,144,44,0,0,23,1,0,0,11,1,22,0,1,1,0,6,0,11,0,36,278,89,68
Garland-053,8,354,10,7,8,16,4,626,150,1,2,51,1,1,2,24,3,106,2,0,5,0,13,1,107,0,161,1033,424,206
Garland-054,6,459,4,6,18,44,12,1022,179,1,0,67,0,0,4,43,3,173,0,1,8,1,34,1,199,0,214,1571,681,247
Garland-061,0,57,7,0,3,2,0,148,21,0,0,13,0,0,0,8,0,24,0,0,2,0,5,0,28,0,25,217,92,34
Garland-062,0,105,3,0,4,8,0,162,36,0,1,17,0,0,2,5,0,24,0,0,0,0,5,0,39,0,29,282,104,54
Garland-063,7,430,14,4,16,56,16,968,169,1,1,67,1,1,5,52,0,181,3,0,8,0,25,5,186,0,165,1511,630,240
Garland-064,7,432,7,5,13,35,10,892,157,0,1,55,0,0,19,37,2,123,1,1,7,0,59,3,251,0,233,1401,736,213
Garland-065,0,20,0,0,0,0,2,34,17,0,1,2,0,0,1,1,0,7,0,0,0,0,0,0,10,0,7,56,26,20
Garland-071,1,82,3,1,7,9,3,218,30,0,1,16,1,1,0,4,0,50,0,0,2,0,6,0,26,0,48,324,136,49
Garland-072,2,248,5,3,8,26,3,604,86,1,0,33,0,0,1,18,0,90,0,0,1,0,21,0,114,0,154,899,399,120
Garland-073,8,282,3,1,13,21,1,720,96,0,0,42,0,0,0,34,0,109,2,0,8,1,20,1,141,0,183,1049,499,138
Garland-074,4,478,9,6,19,45,9,1143,107,0,2,37,0,0,2,26,3,138,0,0,7,0,19,1,182,0,183,1713,561,146
Garland-081,3,60,6,5,5,6,0,268,11,0,0,20,0,0,2,6,0,54,0,0,1,0,4,1,31,0,36,353,135,31
Garland-082,3,310,8,5,7,31,10,1070,95,2,0,53,0,0,2,43,0,183,0,2,6,0,14,1,137,2,202,1444,592,150
Garland-083,4,236,7,6,7,23,9,777,83,1,2,38,0,0,2,25,1,109,1,0,4,0,14,1,103,0,150,1069,410,124
Garland-084,4,131,3,4,4,14,8,490,57,0,0,27,0,0,0,17,3,62,0,0,7,0,13,0,83,0,108,658,293,84
Garland-091,3,96,6,2,5,23,3,323,35,0,0,21,0,1,0,7,1,55,0,0,6,0,7,3,39,0,59,461,177,57
Garland-092,2,147,5,0,3,16,2,611,49,0,1,26,0,2,2,22,1,86,1,0,7,0,9,2,89,1,118,786,338,78
Garland-093,5,405,14,4,14,30,8,938,147,1,1,65,0,1,7,28,1,139,0,0,7,0,22,1,165,0,212,1418,582,215
Garland-094,4,160,2,2,4,13,4,478,55,0,0,17,0,0,2,19,0,82,0,1,3,0,7,0,78,0,87,667,279,72
Garland-095,0,36,3,1,0,6,2,83,9,0,1,11,0,0,0,0,0,20,0,0,1,0,0,1,10,0,18,131,50,21
Garland-101,5,107,2,3,10,6,2,458,37,0,0,19,0,0,4,21,0,104,0,0,5,1,2,0,44,0,122,593,303,56
Garland-102,2,88,6,5,1,13,3,422,35,0,1,22,0,0,1,13,1,66,0,2,7,0,11,3,46,0,96,540,246,58
Garland-103,2,317,17,3,6,33,9,739,105,0,0,51,1,0,4,25,0,92,0,1,9,0,17,0,91,0,147,1126,386,157
Garland-104,3,130,4,3,8,10,5,293,38,0,1,30,0,0,1,15,0,35,1,0,2,0,3,1,35,0,63,456,156,69
Garland-111,3,57,3,2,3,3,3,217,16,0,1,6,0,2,0,0,0,43,0,0,1,0,0,0,17,0,42,291,103,25
Garland-112,0,27,0,1,0,1,0,133,11,0,0,3,0,0,1,3,0,29,0,0,0,0,3,0,14,0,27,162,77,14
Garland-113,8,444,8,5,11,39,9,1241,135,0,2,64,1,0,3,50,1,218,1,0,5,0,36,0,180,2,267,1765,763,202
Garland-114,3,432,8,13,8,28,9,1073,159,0,1,45,2,1,4,30,2,160,0,0,7,1,46,1,209,0,242,1574,702,208
Garland-115,3,136,1,1,5,4,1,245,42,0,0,18,0,0,0,8,0,47,0,0,2,0,19,0,53,0,67,396,196,60
Garland-121,2,182,6,5,6,23,6,431,60,0,0,14,0,1,1,16,1,77,0,0,5,1,3,1,25,0,94,661,224,75
Garland-122,4,277,18,8,8,22,8,762,86,0,2,62,1,1,1,20,0,127,0,0,11,0,7,1,69,0,154,1107,390,152
Garland-123,1,94,6,1,3,15,2,464,23,0,0,16,0,0,1,11,0,93,0,0,2,0,3,0,53,0,64,586,227,39
Garland-125,1,43,1,0,7,1,1,99,20,0,0,6,0,0,0,2,1,16,0,0,0,0,10,0,26,0,20,153,75,26
Garland-131,0,106,6,1,5,16,3,276,30,0,0,22,0,0,0,10,0,40,0,0,4,0,4,4,38,0,55,413,155,52
Garland-132,3,455,8,8,12,31,13,1205,160,0,0,49,0,0,4,52,2,187,3,0,4,0,69,0,280,0,311,1735,912,209
Garland-133,5,261,14,4,7,40,13,1025,77,0,1,49,0,1,2,53,1,157,0,1,8,0,11,0,119,0,211,1369,563,128
Garland-134,2,58,3,0,0,13,3,210,22,0,0,16,0,0,2,6,0,58,0,0,1,0,5,0,20,0,42,289,134,38
Grant-Calvert,1,72,0,6,7,16,2,523,38,2,4,38,2,1,0,7,0,118,0,0,4,0,6,0,35,1,80,627,251,85
Grant-Darysaw,1,101,0,1,1,3,0,195,53,0,0,20,1,1,0,1,0,43,0,0,4,1,0,0,12,0,20,302,81,75
Grant-Davis,2,19,1,4,4,1,3,116,9,1,0,2,1,0,1,1,0,41,0,0,0,0,1,0,15,0,17,150,76,13
Grant-DeKalb 1,0,21,1,1,1,3,0,99,11,0,0,2,0,0,0,4,0,15,0,0,3,0,0,0,16,0,15,126,53,13
Grant-DeKalb 2,1,49,1,0,0,8,0,154,26,0,0,13,0,0,0,7,0,35,0,0,1,0,0,0,28,0,33,213,104,39
Grant-Fenter,2,52,0,2,2,11,2,262,28,1,1,12,0,0,0,5,0,47,0,0,2,0,1,0,24,0,61,333,140,42
Grant-Franklin,1,18,0,0,1,2,0,105,12,0,0,4,1,0,0,1,0,20,0,0,0,0,0,1,9,0,26,127,57,17
Grant-Madison,0,43,2,0,0,5,2,216,23,0,0,21,0,0,0,4,0,36,0,0,1,0,1,2,23,0,50,268,117,44
Grant-Merry Green 1,2,102,1,2,1,7,0,483,43,0,1,25,4,1,1,8,1,125,0,0,4,0,2,0,53,0,78,598,272,74
Grant-Merry Green 2,3,84,2,2,2,17,2,389,49,0,1,18,2,1,0,13,0,83,0,0,5,0,1,0,46,0,73,501,221,71
Grant-River,2,125,6,0,1,8,2,377,69,1,1,14,1,1,0,11,1,112,0,0,0,0,7,1,43,0,57,521,232,87
Grant-Simpson 1,8,77,3,1,4,13,1,421,33,0,0,12,0,0,0,8,1,91,0,0,1,0,8,0,32,0,73,528,214,45
Grant-Simpson 2,0,46,2,2,1,11,0,324,14,0,1,12,3,1,0,9,0,98,0,0,1,0,0,2,37,0,45,386,192,31
Grant-Tennessee,5,41,1,3,3,6,0,181,20,0,0,10,0,2,0,6,1,50,0,2,2,0,2,0,26,0,30,240,119,32
Grant-Ward 1,1,138,2,2,4,21,0,512,61,0,1,26,1,0,1,14,0,117,0,0,1,0,5,1,64,0,88,680,291,89
Grant-Ward 2,3,138,3,2,5,17,1,453,73,0,2,26,4,2,4,10,0,95,0,0,1,0,10,1,65,0,81,622,267,107
Grant-Ward 3,1,141,2,2,3,18,4,363,66,0,1,19,1,0,0,3,1,81,0,0,3,0,8,0,66,0,65,534,227,87
Grant-Washington,3,106,3,2,11,10,2,552,62,0,1,26,0,1,1,13,2,122,1,0,0,0,7,1,58,0,118,689,323,90
Greene-Blue Cane,0,2,0,0,0,0,0,9,0,0,0,2,0,0,0,0,0,0,0,0,0,0,0,0,0,0,1,11,1,2
Greene-Breckenridge,1,62,1,1,1,6,1,228,26,0,0,9,2,1,0,6,0,39,0,0,2,0,2,0,25,0,53,301,127,38
Greene-Bryan,0,11,0,0,0,2,2,39,8,0,0,2,0,0,0,0,0,3,0,0,1,0,3,0,1,0,8,54,16,10
Greene-Cache,4,98,2,1,1,9,6,375,34,0,1,26,0,0,4,12,0,81,0,0,6,0,4,0,27,0,58,496,192,61
Greene-Clark,0,17,2,0,0,0,0,45,4,1,0,0,0,0,0,2,0,6,0,0,0,0,0,1,1,0,5,64,15,5
Greene-Collier,0,35,2,1,0,2,1,81,17,0,0,5,0,1,0,0,0,15,0,0,1,0,2,0,6,0,14,122,38,23
Greene-Crowley,0,17,0,0,1,7,1,80,14,0,0,6,0,0,0,6,0,12,0,0,1,0,1,0,10,0,16,106,46,20
Greene-Delaplaine-Jones,0,6,0,0,0,1,1,25,2,0,0,3,0,0,0,0,0,3,0,0,0,0,1,0,2,0,8,33,14,5
Greene-Evening Shade,0,1,0,0,0,0,0,4,1,0,0,0,0,0,0,0,0,0,0,0,0,0,0,0,1,0,0,5,1,1
Greene-Friendship,0,65,3,1,4,9,2,306,34,1,2,17,0,0,0,19,0,40,0,0,4,0,1,0,20,0,66,390,150,54
Greene-Hays,0,4,0,0,0,1,0,25,0,0,0,1,0,0,0,2,0,3,0,0,0,0,1,0,4,0,2,30,12,1
Greene-Hopewell,0,21,0,0,1,0,0,113,5,0,0,1,1,0,0,1,0,12,0,0,1,0,2,0,18,0,21,135,55,7
Greene-Hurricane,0,64,0,0,1,4,1,151,24,0,1,2,0,0,1,2,0,35,0,0,2,0,3,1,12,0,34,221,90,27
Greene-Jones,0,27,0,1,0,2,1,61,12,0,0,3,0,0,0,1,0,6,0,0,1,0,0,0,4,0,15,92,27,15
Greene-Lafe-Breckenridge,0,31,2,0,1,6,3,61,12,0,0,7,0,0,0,1,0,14,0,0,2,0,3,0,12,0,21,104,53,19
Greene-Lake,0,13,0,0,0,0,1,52,10,0,0,2,0,0,0,0,0,6,0,0,1,0,1,0,7,0,7,66,22,12
Greene-Mainshore,0,20,0,0,2,1,1,68,13,0,0,0,0,0,1,4,0,4,0,0,1,0,1,0,9,0,13,92,33,13
Greene-Marmaduke-Hurricane,1,81,3,0,4,10,6,219,31,0,1,14,0,0,1,7,1,32,0,0,2,0,1,1,39,0,34,324,118,46
Greene-Oak Grove-Union,0,59,2,0,2,11,3,278,24,0,0,18,0,0,3,8,0,47,0,0,3,0,4,0,29,0,47,355,141,42
Greene-Poland,4,77,1,1,3,13,2,539,33,0,0,16,0,1,0,20,1,107,0,0,8,0,5,0,60,1,120,640,322,50
Greene-Reynolds,0,5,0,0,0,0,0,16,2,0,0,0,0,0,0,1,0,0,0,0,0,0,0,0,1,0,5,21,7,2
Greene-Salem,6,59,1,1,2,6,3,242,31,1,1,12,0,0,1,12,0,64,0,0,3,0,1,0,20,0,33,320,134,45
Greene-Shady Grove,0,13,1,0,1,3,2,42,6,0,0,2,0,0,0,0,0,7,0,0,0,0,0,0,8,0,1,62,16,8
Greene-Spring Grove,1,56,3,0,3,14,1,283,19,0,0,14,1,0,1,13,0,47,0,0,5,0,4,0,33,0,52,361,155,34
Greene-St. Francis,0,53,0,0,6,7,3,337,17,0,0,13,1,0,1,7,0,53,0,0,1,0,6,0,46,0,50,406,164,31
Greene-Sugar Creek,1,58,1,0,0,7,2,242,23,0,0,6,0,2,0,8,1,44,0,0,3,0,5,1,27,0,53,311,142,31
Greene-Union,1,120,9,3,3,13,5,487,36,0,2,27,0,0,1,15,1,59,0,1,8,0,14,0,46,0,82,641,227,65
Greene-Walnut Corner,0,5,0,0,2,0,0,14,3,0,0,0,0,0,1,0,0,5,0,0,0,0,0,0,0,0,2,21,8,3
Greene-Ward 1,2,313,4,2,15,45,3,997,109,0,1,42,2,2,13,29,1,146,1,0,9,1,27,3,154,0,222,1381,606,156
Greene-Ward 1A,5,265,7,3,12,40,12,903,102,1,0,59,0,1,9,25,3,175,1,1,13,0,13,1,144,0,168,1247,553,163
Greene-Ward 2,3,459,15,5,14,54,12,1107,190,2,1,90,3,2,16,51,3,155,2,1,22,0,43,3,122,1,257,1669,676,288
Greene-Ward 2A,2,145,9,3,14,21,2,589,59,0,2,27,1,0,1,8,0,75,0,0,10,0,8,0,73,0,103,785,278,89
Greene-Ward 3,1,278,15,8,11,43,5,594,103,0,4,63,4,1,2,16,0,69,0,0,18,0,2,0,45,0,112,955,264,175
Greene-Ward 3A,0,2,0,0,2,0,0,10,0,0,0,0,0,0,0,0,0,1,0,0,0,0,0,0,1,0,1,14,3,0
Greene-Ward 4,1,306,8,3,15,29,10,1176,131,0,3,55,8,0,9,53,0,188,0,0,18,0,23,5,164,0,237,1548,697,197
Greene-Ward 4A,2,197,5,2,15,34,5,807,91,1,2,39,2,2,6,43,0,140,0,0,15,0,21,3,125,0,162,1067,515,137
Greene-Ward 4B,0,7,0,0,0,1,0,14,0,0,0,0,0,0,0,2,0,2,0,0,0,0,0,0,0,0,0,22,4,0
Greene-Ward 4C,0,19,1,1,2,3,1,101,11,0,1,3,0,0,1,3,0,15,1,1,0,0,4,1,24,0,21,128,71,15
Hempstead-Bingen,1,45,0,0,1,3,1,260,19,0,2,9,0,1,0,15,0,50,0,0,3,0,3,0,30,0,46,311,147,31
Hempstead-Blevins,2,61,0,1,2,3,0,288,32,1,1,7,0,0,1,13,0,61,0,0,4,1,5,0,18,0,58,357,161,41
Hempstead-Columbus,0,54,1,0,1,2,1,48,18,0,0,1,0,0,1,1,0,6,0,0,1,1,3,0,3,0,10,107,26,19
Hempstead-Crossroads,1,31,0,1,1,0,1,80,15,1,0,6,0,0,0,1,0,14,0,0,1,0,1,0,1,0,18,115,36,22
Hempstead-Deann,0,40,1,0,3,10,0,179,14,0,1,9,0,0,0,7,0,40,0,0,0,0,4,0,12,0,43,233,106,24
Hempstead-Fulton,1,96,0,0,3,4,1,87,45,0,2,6,2,0,0,2,0,21,0,0,1,0,1,0,5,0,14,192,44,55
Hempstead-Guernsey,2,39,1,1,2,2,1,99,15,0,0,1,1,0,0,2,0,20,0,0,0,0,0,0,5,0,24,147,51,17
Hempstead-Hope 1,6,348,1,2,4,8,5,236,90,0,3,18,0,2,0,7,0,36,0,0,6,0,7,1,20,0,37,610,114,113
Hempstead-Hope 2,2,311,2,0,2,4,2,69,85,0,1,10,0,1,0,2,0,3,0,0,0,0,5,0,7,0,6,392,23,97
Hempstead-Hope 3,3,169,1,2,5,9,3,307,59,0,1,6,1,0,1,13,0,68,0,0,5,0,14,1,50,0,49,499,201,67
Hempstead-Hope 4,2,258,1,1,2,4,3,58,66,0,0,10,0,0,0,0,0,7,0,0,0,0,0,0,2,0,11,329,20,76
Hempstead-Hope 5,4,253,2,2,5,13,3,283,75,1,0,18,1,1,1,6,1,53,0,0,8,0,12,0,57,0,58,565,196,96
Hempstead-Hope 6,1,36,1,2,1,1,2,214,12,0,1,4,0,0,0,3,1,51,0,0,0,0,2,1,24,0,37,258,119,17
Hempstead-Hope 7,2,105,3,1,1,11,4,406,34,0,0,12,0,0,1,12,0,73,0,0,9,0,2,1,38,0,82,533,218,46
Hempstead-McCaskill,1,61,0,1,2,1,1,208,26,0,0,11,0,0,0,4,0,44,0,0,4,0,3,0,17,0,35,275,107,37
Hempstead-McNab,0,24,0,0,0,1,0,14,9,0,0,0,0,0,0,0,0,0,0,0,0,0,0,0,1,0,3,39,4,9
Hempstead-Ozan,3,129,1,4,1,3,2,109,43,0,1,5,0,0,0,0,0,20,0,0,3,0,1,0,13,0,14,252,51,49
Hempstead-Patmos,0,34,0,0,1,3,1,149,13,0,0,7,0,2,0,5,0,28,0,1,2,0,1,1,8,0,39,188,85,22
Hempstead-Perrytown,2,25,0,0,1,3,0,146,13,0,1,1,0,1,0,4,0,27,0,0,1,0,0,0,5,0,33,177,70,16
Hempstead-Rocky Mound,0,46,0,0,3,7,1,142,17,0,2,2,0,0,0,1,0,43,0,0,1,0,6,0,13,0,23,199,87,21
Hempstead-Saratoga,0,32,0,1,0,1,1,89,12,0,0,5,0,0,0,1,0,16,0,0,1,0,3,0,5,0,30,124,56,17
Hempstead-Shover Springs,1,39,3,0,4,6,1,206,19,0,0,5,3,0,1,7,0,36,0,0,2,1,7,1,21,0,46,260,122,27
Hempstead-Springhill,1,59,3,1,2,5,3,659,22,0,1,8,1,1,0,10,0,186,0,0,11,0,8,1,33,0,87,733,336,33
Hempstead-Washington,3,82,1,0,1,2,0,65,33,0,1,3,0,0,0,3,0,14,0,0,0,0,4,0,7,0,18,154,46,37
Hot Spring-Antioch,1,21,1,0,0,1,2,144,11,1,0,20,0,0,0,4,0,41,0,0,0,0,0,0,5,0,33,170,83,32
Hot Spring-Big Creek,0,27,1,0,0,2,1,175,12,0,0,9,0,2,1,7,0,40,0,0,1,0,3,0,29,0,39,206,120,23
Hot Spring-Bismarck,7,218,11,3,14,23,4,675,97,3,4,70,2,1,1,12,1,93,0,0,5,1,9,2,75,0,136,955,335,177
Hot Spring-Brown Springs,0,13,1,1,1,0,1,85,15,0,1,9,0,1,0,9,0,14,0,0,0,0,0,0,8,0,9,102,40,26
Hot Spring-Butterfield,1,74,1,3,3,14,3,286,32,0,1,17,0,4,1,6,0,57,1,0,2,0,4,0,25,0,54,385,150,54
Hot Spring-Clear Creek,0,31,2,1,0,1,2,115,22,0,0,7,0,0,0,0,0,26,0,0,3,0,2,0,7,0,28,152,66,29
Hot Spring-DeRoche,7,128,6,6,5,9,5,422,82,1,2,39,0,4,1,5,0,70,0,0,2,0,1,0,42,0,80,588,201,128
Hot Spring-Donaldson City,0,17,2,0,0,2,1,72,5,1,0,4,1,1,0,6,0,18,0,0,1,0,1,0,10,0,8,94,44,12
Hot Spring-Dover,0,47,0,2,1,16,1,251,26,0,1,21,1,3,0,4,1,38,0,0,2,0,4,0,25,0,61,318,135,52
Hot Spring-Fenter A,1,109,5,1,2,5,2,323,38,3,4,30,0,0,0,9,0,64,0,0,0,0,3,0,36,0,56,448,168,75
Hot Spring-Fenter B,0,74,2,3,3,3,1,244,29,1,1,6,1,1,1,3,0,31,0,0,0,0,4,0,34,0,46,330,119,39
Hot Spring-Fenter C,0,79,0,0,0,2,0,30,41,1,0,3,0,0,0,0,0,0,0,0,0,0,0,0,2,0,5,111,7,45
Hot Spring-Friendship,0,18,0,0,1,2,0,60,6,1,0,6,0,0,0,2,0,9,0,0,0,0,0,0,7,0,4,81,22,13
Hot Spring-Gifford,1,84,7,4,4,3,6,383,41,0,3,25,1,1,0,9,0,71,0,0,4,0,7,0,30,0,99,492,220,71
Hot Spring-Harrison,0,18,0,2,2,4,5,78,15,0,1,4,0,0,0,1,0,18,0,0,0,0,3,0,6,0,12,109,40,20
Hot Spring-Henderson,1,64,3,2,5,8,2,241,27,0,1,33,0,1,0,17,1,43,0,1,3,0,1,0,16,0,50,326,132,62
Hot Spring-Lone Hill,2,73,3,3,1,6,0,258,34,0,1,27,4,2,1,9,0,54,0,0,1,0,0,0,33,0,59,346,157,68
Hot Spring-Magnet,1,219,10,10,8,29,9,985,90,2,2,54,1,4,0,20,1,146,0,0,9,1,6,0,107,0,175,1271,465,153
Hot Spring-Midway,1,96,5,2,6,10,4,308,64,3,2,25,2,3,1,10,0,70,0,0,2,0,4,1,29,0,45,432,162,99
Hot Spring-Midway City,0,15,0,1,0,0,1,128,10,2,5,16,6,7,0,1,0,20,1,0,1,0,0,0,5,0,15,145,43,46
Hot Spring-Montgomery,0,73,1,0,2,15,1,278,69,0,3,31,0,1,0,6,0,46,1,0,3,0,4,0,46,0,68,370,174,104
Hot Spring-Ouachita,0,21,0,0,3,2,1,110,9,0,1,9,0,1,0,13,0,23,0,0,0,0,0,0,7,0,22,137,65,20
Hot Spring-Perla City,0,58,0,0,0,0,0,10,29,0,0,3,0,0,0,0,0,3,0,0,0,0,0,0,1,0,1,68,5,32
Hot Spring-Prairie,1,38,2,2,3,4,1,168,18,3,1,20,1,1,0,4,0,24,0,0,0,0,1,1,10,0,22,219,62,44
Hot Spring-Rockport,1,81,7,2,3,5,2,196,36,0,2,18,1,1,1,3,0,26,0,0,3,0,4,0,28,0,57,297,122,58
Hot Spring-Saline,0,134,2,3,9,11,2,569,58,1,1,21,2,0,0,24,0,101,0,0,4,0,4,0,50,0,121,730,304,83
Hot Spring-Valley,0,50,1,1,2,4,0,179,25,1,2,15,0,2,0,8,0,17,0,1,5,0,2,0,20,0,44,237,97,45
Hot Spring-Ward 1,2,365,11,2,3,12,4,235,199,3,2,33,0,3,3,9,0,42,0,0,6,0,3,1,29,0,47,634,140,240
Hot Spring-Ward 2,1,289,10,5,5,23,6,512,132,0,4,50,3,3,2,19,0,79,1,0,4,0,7,0,88,0,98,851,298,192
Hot Spring-Ward 3,1,213,11,8,5,13,7,374,101,1,2,64,1,4,1,9,0,60,1,0,6,0,3,0,47,0,65,632,192,173
Hot Spring-Ward 4,1,402,7,4,3,10,3,278,191,0,5,44,2,2,1,6,0,38,0,0,3,0,1,0,35,0,40,708,124,244
Howard-Blackland,0,17,0,0,0,0,0,40,6,0,0,0,0,1,0,0,0,10,0,0,1,0,0,0,4,0,1,57,16,7
Howard-Blue Bayou,0,11,0,0,0,0,0,38,4,0,0,0,0,0,0,2,0,10,0,0,0,0,0,0,2,0,7,49,21,4
Howard-Blue Ridge,0,13,0,0,0,1,0,60,1,1,0,1,0,0,0,3,0,8,0,0,0,0,0,0,9,0,14,74,34,3
Howard-Brewer,0,16,0,0,0,2,1,146,10,0,0,6,0,0,1,8,1,22,0,0,0,0,1,0,20,0,25,165,78,16
Howard-Buck Range,1,42,0,2,1,2,1,61,15,0,0,1,0,1,1,1,0,10,0,0,0,0,0,0,4,0,12,110,28,17
Howard-Burg,0,2,0,0,0,1,0,23,1,0,0,0,0,0,0,0,0,5,0,0,0,0,0,0,1,0,3,26,9,1
Howard-Center Point 1,1,44,2,2,1,2,1,117,22,0,0,4,1,1,0,2,0,27,0,0,2,0,0,1,6,0,14,170,52,28
Howard-Center Point 2,0,9,1,0,0,0,0,61,4,0,0,3,1,0,0,0,0,18,0,0,0,0,3,0,7,0,5,71,33,8
Howard-Clay,0,7,0,0,0,1,0,51,6,0,0,0,0,0,0,1,0,9,0,0,0,0,0,0,4,0,8,59,22,6
Howard-County Line,2,19,0,0,3,2,1,208,9,0,0,4,0,0,0,5,0,49,0,0,3,0,3,0,20,0,38,235,118,13
Howard-Dierks Ward 1,0,16,0,0,0,1,2,54,10,0,0,3,0,0,0,0,0,5,0,0,0,0,1,1,5,0,7,73,19,13
Howard-Dierks Ward 2,0,8,0,0,0,0,0,58,2,1,1,3,0,1,1,0,0,5,0,0,1,0,0,0,9,0,11,66,27,8
Howard-Dierks Ward 3,0,11,0,0,1,3,0,120,7,0,1,1,0,2,0,4,0,18,0,0,0,0,2,0,12,0,45,135,81,11
Howard-Dillard,1,16,1,0,1,2,0,97,8,0,0,5,0,0,0,8,0,20,0,0,1,0,1,0,10,0,20,118,60,13
Howard-Duckett,0,5,1,0,0,0,0,26,0,0,0,0,0,0,0,0,0,5,0,0,0,0,2,0,4,0,0,32,11,0
Howard-Franklin,0,31,0,0,0,1,0,25,17,0,1,1,0,0,0,0,0,7,0,0,0,0,1,0,0,0,5,57,13,19
Howard-Holly Creek,0,10,0,0,0,3,1,86,2,0,0,0,1,1,0,4,0,19,0,0,0,0,0,0,4,0,14,100,41,4
Howard-Madison,1,12,0,0,0,1,1,158,4,0,0,4,0,1,0,5,0,21,0,0,0,0,0,0,20,0,39,173,85,9
Howard-Mineral Springs 1,1,99,1,0,5,1,1,42,49,0,0,6,0,1,0,0,0,14,0,0,2,0,0,0,6,0,5,150,27,56
Howard-Mineral Springs 2,0,96,2,0,5,2,1,82,39,0,0,5,0,0,0,4,0,13,0,0,0,0,3,0,3,0,11,188,34,44
Howard-Mineral Springs TWP,0,12,0,1,1,0,1,18,5,0,0,0,0,0,0,1,0,0,0,0,0,0,1,0,4,0,2,33,8,5
Howard-Mountain,0,5,0,1,2,4,0,77,0,0,0,0,0,0,0,1,0,16,0,0,0,0,1,0,4,0,9,89,31,0
Howard-Muddy Fork,0,5,0,0,2,0,0,58,3,0,0,1,0,0,0,1,0,9,0,0,0,0,0,0,4,1,19,65,34,4
Howard-Nashville TWP II,1,33,0,2,1,3,1,139,13,0,1,2,1,0,2,12,0,25,0,0,0,0,1,0,9,0,29,180,78,17
Howard-Nashville Twp 1,1,77,1,1,1,9,1,404,28,0,2,22,1,0,3,16,0,75,0,0,1,0,5,0,43,0,63,495,206,53
Howard-Nashville Ward 1,0,70,1,0,4,4,0,213,26,0,2,12,0,0,0,7,0,39,0,0,4,0,2,1,27,0,40,292,120,40
Howard-Nashville Ward 2,0,71,1,1,3,2,1,57,21,0,0,2,0,1,0,4,1,7,0,0,0,0,1,0,6,0,4,136,23,24
Howard-Nashville Ward 3,2,138,1,2,1,0,3,36,42,0,1,2,0,0,0,2,0,2,0,0,2,0,0,0,4,0,6,183,16,45
Howard-Nashville Ward 5,0,84,2,0,0,4,1,170,38,1,2,11,0,0,0,8,0,26,0,0,2,0,2,0,10,0,39,261,87,52
Howard-Nashville Ward 6,1,91,4,1,1,2,1,154,30,0,1,14,3,0,1,5,0,25,0,0,0,0,3,1,27,0,25,255,87,48
Howard-Nashville ward 4,1,68,2,1,2,1,0,82,17,0,0,4,0,0,0,1,0,8,0,0,2,0,0,0,7,0,10,157,28,21
Howard-Saline,0,20,0,0,0,1,0,56,7,0,0,6,0,0,0,1,0,1,0,0,0,0,1,0,4,0,9,77,16,13
Howard-Saratoga,0,48,0,0,1,0,0,37,19,0,0,2,0,0,0,3,0,2,0,0,0,0,0,0,6,0,9,86,20,21
Howard-Tollette,0,129,2,0,1,1,1,1,63,0,0,1,1,0,0,0,0,0,0,0,0,0,0,0,0,0,0,135,0,65
Howard-Umpire,0,16,0,0,0,4,0,102,7,0,0,3,0,1,0,10,0,20,0,1,1,0,0,0,17,0,11,122,60,11
Independence-Ashley,0,78,3,1,8,7,4,330,24,0,1,7,0,1,2,30,0,71,0,0,2,0,5,0,48,0,73,431,231,33
Independence-Barren,3,96,2,3,8,15,2,487,50,0,0,18,1,1,0,17,1,96,0,0,2,0,5,0,53,0,94,616,268,70
"Independence-Big Bottom Wards 1,2,3",5,66,3,1,2,8,2,301,31,2,2,22,1,1,1,6,0,60,0,0,2,0,5,0,50,0,80,388,204,59
Independence-Big Bottom Wycough Logan,0,43,1,0,3,0,5,231,11,0,0,2,0,0,0,6,0,10,0,0,1,0,4,0,14,0,20,283,55,13
Independence-Black River/Marshall,0,13,0,2,0,2,0,114,8,0,0,0,0,0,0,7,0,19,0,0,0,0,2,0,9,0,16,131,53,8
Independence-Cushman/Union,1,94,1,3,7,9,5,373,45,0,0,15,1,0,2,22,0,58,0,0,2,0,7,0,29,1,67,493,188,61
Independence-Departee,0,11,0,0,0,1,1,48,3,0,0,3,0,0,0,1,0,3,0,0,1,0,1,0,1,0,12,61,19,6
Independence-Dota,4,71,0,0,3,11,3,278,23,0,1,17,0,1,0,15,0,44,0,0,1,0,8,0,17,0,60,370,145,42
Independence-Fairview,2,73,1,1,5,12,0,410,25,0,3,11,1,1,0,4,0,71,0,0,3,0,5,0,51,0,79,504,213,41
Independence-Gainsboro,1,76,0,5,5,11,3,276,26,1,2,14,0,3,0,7,0,35,1,0,2,0,5,0,32,0,53,377,135,46
Independence-Greenbrier-Desha,1,73,0,2,2,8,2,251,30,1,1,5,0,0,0,10,0,56,0,0,3,0,8,1,24,0,54,339,156,37
Independence-Greenbrier-Jamestown,0,16,2,0,1,3,2,76,10,0,0,8,0,0,0,2,0,12,0,0,0,0,3,0,4,0,25,100,46,18
Independence-Greenbrier-Locust Grove,0,27,2,0,2,4,2,166,8,0,0,8,0,0,0,13,0,36,1,0,1,0,3,0,26,0,32,203,112,16
Independence-Hill,0,21,0,0,0,0,2,87,7,0,0,2,0,0,1,1,0,14,0,0,1,0,2,0,6,0,18,110,43,9
Independence-Huff,2,38,0,0,5,5,3,219,16,1,0,3,0,0,0,9,0,42,0,0,4,0,1,1,19,0,48,272,124,20
Independence-Jefferson,0,16,0,0,1,3,0,60,6,0,0,2,1,0,0,3,0,14,0,0,0,0,1,0,5,0,8,80,31,9
Independence-Liberty,3,52,2,0,3,3,4,316,18,0,3,11,0,1,1,9,0,47,0,0,3,0,2,1,38,0,39,383,140,33
Independence-Magness,0,28,1,0,0,6,2,152,10,0,0,7,0,0,0,6,0,19,0,0,1,0,1,0,15,0,40,189,82,17
Independence-McHue,8,268,13,3,6,35,7,998,90,0,2,48,1,0,4,44,0,138,0,1,18,0,16,3,122,1,243,1338,590,141
Independence-McHue 3,0,54,3,3,5,11,2,209,21,1,0,7,0,0,0,12,0,22,0,0,3,0,7,0,37,1,66,287,148,29
Independence-Moorefield,1,100,6,0,10,9,0,372,40,0,0,17,0,0,1,26,0,80,0,0,5,0,12,1,64,0,77,498,266,57
Independence-Moorefield Ward 1,0,186,2,2,17,14,4,437,65,0,0,23,0,0,1,36,0,68,0,0,4,0,22,3,121,0,84,662,339,88
Independence-Moorefield Ward 4,1,57,0,0,4,5,0,176,20,0,0,13,0,0,0,8,1,35,0,0,2,0,6,0,34,0,39,243,125,33
Independence-Oil Trough,3,57,2,3,4,5,2,159,21,0,0,16,3,1,0,5,0,35,0,0,4,0,1,0,12,0,31,235,88,41
Independence-Relief,0,20,0,1,1,5,1,147,9,0,0,3,1,0,0,5,0,19,1,0,3,0,2,1,14,0,29,175,74,13
Independence-Rosie,3,37,4,2,0,4,2,190,17,0,1,6,0,1,0,12,0,32,0,0,3,0,4,0,25,0,28,242,104,25
Independence-Ruddell Rural,2,119,1,1,7,10,4,400,52,0,1,21,0,0,0,12,0,80,0,0,2,0,7,1,45,0,93,544,240,74
Independence-Ruddell Ward 1,0,164,6,0,4,21,4,325,62,0,1,27,1,1,1,17,0,56,1,0,4,0,17,0,84,0,72,524,252,92
Independence-Ruddell Ward 2,6,270,6,2,8,33,7,461,81,1,3,49,0,0,2,33,0,67,0,1,4,0,25,1,95,0,116,793,344,134
Independence-Ruddell Ward 3,5,202,8,2,10,27,6,449,79,0,1,36,4,1,1,24,0,79,0,0,5,0,8,1,47,0,84,709,249,121
Independence-Ruddell Ward 4,1,209,8,4,9,21,7,342,67,0,0,44,0,0,0,13,1,67,0,1,5,0,22,1,44,0,77,601,231,111
Independence-Salado,1,72,2,2,7,10,6,248,18,0,1,12,1,0,0,9,0,30,0,0,11,0,7,0,42,0,61,348,160,32
Independence-Washington,3,71,2,3,3,21,2,330,35,1,1,21,0,0,1,15,0,45,0,1,4,0,7,0,43,0,50,435,166,58
Independence-White River,1,103,4,1,5,13,5,518,31,0,1,26,0,1,1,31,1,86,0,0,0,0,3,0,101,0,112,650,335,59
Izard-ABSENTEE,3,52,3,1,0,4,3,143,8,0,0,4,0,1,0,3,0,0,0,0,0,0,0,1,8,0,9,209,21,13
Izard-BIG SPRING,0,21,0,0,0,0,0,68,13,0,0,9,0,0,0,1,0,22,0,0,0,0,1,0,1,0,10,89,35,22
Izard-BOSWELL,3,18,1,0,0,4,0,61,3,0,0,8,0,1,0,2,0,16,0,0,2,0,1,1,8,0,10,87,40,12
Izard-BROCKWELL,3,31,0,0,1,2,2,123,21,0,1,6,0,2,0,3,0,19,0,0,1,0,0,1,15,0,35,162,74,30
Izard-CALICO ROCK - WARD 1,0,11,0,0,0,2,0,32,7,0,0,3,0,0,0,3,0,2,0,0,0,0,2,0,2,0,8,45,17,10
Izard-CALICO ROCK - WARD 2,0,29,1,0,1,4,0,96,13,0,0,3,2,0,0,1,0,20,1,0,2,1,0,0,9,0,17,131,51,18
Izard-CALICO ROCK - WARD 3,0,19,2,0,0,2,0,99,9,0,0,4,0,1,0,3,0,19,0,0,1,0,0,2,7,0,25,122,57,14
Izard-CALICO ROCK - WARD 4,0,21,2,0,1,7,0,70,10,0,0,6,0,0,1,5,0,6,0,0,1,0,0,0,11,0,11,101,35,16
Izard-CALICO ROCK RURAL,1,31,3,0,1,3,2,142,14,0,1,11,0,0,0,12,0,34,0,0,0,0,0,1,10,0,21,183,78,26
Izard-CLAIBORNE,0,15,1,0,0,7,0,38,9,0,0,6,0,0,0,0,0,4,0,0,0,0,0,0,3,0,6,61,13,15
Izard-DOLPH,1,19,0,0,1,5,0,85,7,0,0,1,1,1,1,0,0,14,0,1,1,0,1,0,4,0,20,111,42,10
Izard-FRANKLIN CITY,2,17,0,0,2,0,0,77,11,0,0,2,0,0,0,12,0,8,0,0,0,0,2,0,3,0,16,98,41,13
Izard-FRANKLIN RURAL,2,19,1,0,0,2,0,62,7,0,0,3,0,0,0,1,0,9,0,0,0,0,1,0,5,0,13,86,29,10
Izard-GID,0,8,2,1,0,2,1,76,4,0,1,4,0,0,0,1,0,19,0,0,0,0,1,0,6,0,16,90,43,9
Izard-GUION CITY,0,4,0,1,0,1,0,17,2,0,0,0,0,1,0,2,0,3,0,0,0,0,1,0,0,0,7,23,13,3
Izard-GUION RURAL,0,6,2,0,0,0,0,18,2,0,0,3,0,0,0,0,0,0,0,0,0,0,0,0,0,0,4,26,4,5
Izard-HORSESHOE BEND - WARD 1,0,43,1,0,0,1,3,70,10,0,0,8,0,0,0,1,0,4,0,0,1,0,1,0,5,0,18,118,30,18
Izard-HORSESHOE BEND - WARD 2,1,58,1,1,3,6,0,211,25,0,0,13,0,0,0,11,0,25,0,0,0,0,7,0,30,0,55,281,128,38
Izard-HORSESHOE BEND - WARD 3,1,46,2,0,1,3,1,145,16,0,0,9,0,0,0,5,0,22,0,0,1,0,5,0,7,0,41,199,81,25
Izard-HORSESHOE BEND - WARD 4,0,58,0,0,0,4,1,231,25,0,0,7,0,0,0,4,0,28,0,0,1,0,7,1,27,0,79,294,147,32
Izard-HORSESHOE BEND RURAL,0,2,0,0,1,0,0,9,0,0,0,0,0,0,0,1,0,4,0,0,0,0,0,0,2,0,1,12,8,0
Izard-KNOB CREEK,2,8,0,0,0,0,0,19,7,0,0,0,0,0,0,2,0,7,0,0,0,0,0,0,2,0,1,29,12,7
Izard-LACROSSE,0,12,0,0,0,4,0,46,7,0,0,2,0,0,0,3,0,3,0,0,1,0,0,0,5,0,13,62,25,9
Izard-LAFFERTY,0,0,2,0,0,0,0,18,0,0,0,2,0,0,0,0,0,1,0,0,0,0,0,1,3,0,6,20,11,2
Izard-LARKIN,0,9,0,0,0,1,1,31,1,0,0,1,0,0,0,1,0,5,0,0,0,0,0,0,3,0,4,42,13,2
Izard-MELBOURNE - WARD 1,0,56,4,0,2,7,0,144,28,1,1,19,2,2,0,4,0,19,0,0,0,1,4,0,11,0,22,213,61,53
Izard-MELBOURNE - WARD 2,0,47,2,0,5,3,1,115,26,0,1,6,0,1,0,4,0,21,0,0,0,0,0,0,8,0,26,173,59,34
Izard-MELBOURNE - WARD 3,0,23,2,1,6,5,0,78,13,0,0,7,0,1,0,2,0,14,0,0,1,0,1,0,8,0,13,115,39,21
Izard-MELBOURNE - WARD 4,4,48,1,1,5,2,3,173,26,0,2,9,0,0,0,6,0,30,0,0,1,1,3,0,24,1,41,237,107,37
Izard-MELBOURNE RURAL,0,45,1,0,2,5,1,125,24,0,1,9,0,0,0,3,0,12,0,0,0,0,5,1,18,0,26,179,65,34
Izard-MOUNT PLEASANT CITY,0,21,1,1,3,6,3,145,15,0,1,6,1,0,0,8,0,28,0,0,0,0,0,0,9,0,28,180,73,23
Izard-MOUNT PLEASANT RURAL,0,24,2,1,1,2,0,129,7,0,2,7,0,2,0,2,0,37,0,0,0,0,2,2,10,0,32,159,85,18
Izard-MYRON,0,14,0,1,1,0,0,32,7,0,0,3,0,0,0,0,0,8,0,0,0,0,1,0,5,0,9,48,23,10
Izard-NEWBURG,0,21,0,0,0,1,0,67,11,0,0,2,0,0,0,0,0,10,0,0,0,0,0,0,5,0,16,89,31,13
Izard-OXFORD CITY,0,44,1,1,4,3,1,196,26,0,1,13,0,2,0,5,0,27,0,0,0,0,2,0,14,0,45,250,93,42
Izard-OXFORD CITY IN BROCKWELL,0,3,0,0,0,1,0,0,0,0,0,0,0,0,0,0,0,0,0,0,0,0,0,0,2,0,0,4,2,0
Izard-OXFORD RURAL,1,12,1,0,1,2,0,49,6,0,0,0,0,0,0,1,0,5,0,0,0,0,0,0,2,0,7,66,15,6
Izard-PINEVILLE CITY,0,19,2,0,1,2,0,51,15,0,0,4,0,0,0,0,0,6,0,0,0,0,0,0,5,0,9,75,20,19
Izard-PINEVILLE RURAL,1,39,2,0,0,2,1,142,15,0,0,4,0,0,0,5,0,15,0,0,0,0,1,1,0,0,25,187,47,19
Izard-SAGE,2,27,1,1,0,6,1,124,15,0,0,11,0,0,0,4,0,32,0,0,0,0,2,0,18,0,21,162,77,26
Izard-STRAWBERRY,0,20,0,0,2,2,0,42,8,0,0,8,0,1,0,2,0,6,0,0,0,0,1,0,1,0,8,66,18,17
Izard-SYLAMORE,0,14,0,0,0,1,1,80,3,0,1,4,0,0,0,0,1,13,0,0,0,0,0,0,12,0,26,96,52,8
Izard-TWIN CREEK,0,21,0,0,0,2,1,28,13,0,0,5,0,0,0,3,0,1,0,0,0,0,2,0,2,0,12,52,20,18
Izard-VIOLET HILL,1,22,0,1,3,2,1,131,11,0,0,3,0,0,0,7,0,24,0,0,1,0,1,0,10,0,25,161,68,14
Izard-WIDEMAN,2,5,0,0,0,0,0,45,1,0,0,1,0,0,0,1,0,7,0,0,0,0,0,0,0,0,8,52,16,2
Izard-WISEMAN,0,10,0,0,0,2,0,41,8,0,0,0,0,1,0,2,0,5,0,0,0,0,0,0,4,0,7,53,18,9
Izard-ZION,0,16,1,0,0,5,2,114,7,0,1,4,1,1,0,3,0,14,0,0,1,0,0,0,5,0,23,138,46,14
Jackson-BEEDEVILLE,2,20,0,1,3,2,2,92,14,0,1,1,0,0,1,3,0,20,0,0,0,0,0,0,14,0,27,122,65,16
Jackson-CROSSROADS,0,39,0,1,1,8,1,248,17,1,0,12,1,0,0,6,0,51,0,0,5,0,0,0,23,0,57,298,142,31
Jackson-DIAZ,4,138,1,4,2,7,1,234,53,2,0,9,0,0,1,10,0,29,0,0,0,0,4,0,23,0,44,391,111,64
Jackson-GRUBBS,2,33,1,0,2,5,0,123,18,0,1,11,0,0,0,7,0,27,0,0,3,0,1,0,9,1,35,166,83,30
Jackson-JACKSONPORT,3,23,3,1,3,4,1,76,13,0,0,5,0,1,0,5,0,6,0,0,0,0,1,0,4,0,21,114,37,19
Jackson-PHP,1,53,1,1,0,6,1,132,25,0,1,7,2,0,2,4,0,12,1,0,3,0,1,0,9,0,28,195,60,35
Jackson-POSSUM,5,33,1,3,4,8,2,260,14,0,0,11,0,1,1,3,0,51,0,1,2,0,1,0,28,0,55,316,142,26
Jackson-R&I,2,68,0,2,3,0,1,87,25,0,1,8,0,0,0,5,0,9,0,1,0,0,2,0,8,0,19,163,44,34
Jackson-SWIFTON,2,102,4,1,3,7,2,242,63,2,0,16,0,1,0,1,0,24,0,0,1,0,3,0,4,0,60,363,93,82
Jackson-TUCKERMAN,11,250,5,7,8,27,5,594,115,2,0,48,1,5,0,4,0,71,1,0,3,0,3,0,39,1,114,907,236,171
Jackson-TUPELO,2,37,0,2,2,2,2,65,20,0,0,5,0,1,0,2,0,2,0,0,0,0,0,0,4,0,23,112,31,26
Jefferson-01,1,18,1,1,0,1,2,69,19,0,0,9,0,2,0,3,0,10,0,1,0,0,1,0,4,0,12,93,31,30
Jefferson-010,0,5,0,0,0,0,0,18,2,0,0,1,0,0,0,0,0,4,0,0,0,0,0,0,7,0,3,23,14,3
Jefferson-011,0,9,2,1,0,1,0,26,6,0,2,3,0,1,0,1,0,3,0,0,0,0,0,0,5,0,5,39,14,12
Jefferson-02,2,108,4,1,2,0,2,21,79,1,1,2,1,2,0,1,0,6,0,0,0,0,0,0,2,0,1,140,10,86
Jefferson-026,1,87,1,0,0,0,0,38,59,2,1,10,0,0,0,0,0,2,0,0,0,0,0,0,2,0,8,127,12,72
Jefferson-027,1,15,0,0,0,4,1,31,11,1,0,11,0,0,0,0,0,5,0,1,0,0,0,0,1,0,12,52,19,23
Jefferson-028,2,124,0,0,1,0,1,65,74,0,1,23,0,2,0,0,0,7,0,0,0,0,1,0,6,0,6,193,20,100
Jefferson-029,1,44,1,1,1,3,0,37,31,0,0,5,0,2,0,0,0,10,0,0,0,0,0,0,0,0,8,88,18,38
Jefferson-03,0,2,0,1,0,0,1,14,2,0,0,0,0,0,0,0,0,4,0,0,0,0,0,0,1,0,1,18,6,2
Jefferson-030,1,9,1,0,0,0,0,0,4,0,0,2,0,0,0,0,0,0,0,0,0,0,0,0,0,0,0,11,0,6
Jefferson-031,1,52,0,0,0,0,0,22,39,0,0,4,1,0,0,2,0,0,0,0,0,0,0,0,5,0,4,75,11,44
Jefferson-033,0,9,0,0,1,0,0,11,6,1,2,2,0,0,0,0,0,2,0,0,0,0,0,0,0,0,2,21,4,11
Jefferson-035,0,0,0,0,0,0,0,1,0,0,0,0,0,0,0,0,0,0,0,0,0,0,0,0,0,0,1,1,1,0
Jefferson-036,0,3,0,0,0,0,0,9,2,0,0,2,0,0,0,0,0,0,0,0,0,0,0,0,1,0,3,12,4,4
Jefferson-04,1,43,0,0,0,0,0,27,36,0,0,6,0,0,0,0,1,2,0,0,0,0,0,0,1,0,10,71,14,42
Jefferson-045,0,13,0,0,0,1,0,34,8,0,1,12,1,0,0,0,0,3,0,0,0,0,0,0,1,0,3,48,7,22
Jefferson-05,0,17,0,0,0,0,0,41,12,0,3,9,1,3,0,0,0,5,0,0,0,0,1,0,4,0,6,58,16,28
Jefferson-050,1,332,2,1,3,9,3,387,244,4,11,76,3,5,0,7,0,57,0,0,2,0,4,1,32,0,57,738,160,343
Jefferson-051,2,106,0,3,0,6,1,282,79,0,1,34,3,4,0,3,0,42,1,0,4,0,2,0,30,1,52,400,135,121
Jefferson-053,1,9,0,0,0,1,1,34,3,0,1,8,0,0,0,0,0,1,0,0,0,0,0,0,5,0,4,46,10,12
Jefferson-054,1,182,2,3,3,10,2,510,128,2,13,75,5,5,0,9,0,96,0,0,3,0,1,0,29,0,73,713,211,228
Jefferson-055,0,33,1,0,0,1,0,113,20,1,6,14,2,4,0,0,0,16,0,0,1,0,1,0,12,0,14,148,44,47
Jefferson-056,1,31,0,0,0,0,1,66,24,0,1,14,1,1,0,0,0,7,0,0,0,0,0,0,7,0,4,99,18,41
Jefferson-057,0,33,0,0,0,0,0,70,24,0,2,11,1,1,0,0,1,10,0,0,0,0,0,0,6,0,14,103,31,39
Jefferson-058,1,110,2,2,3,4,2,268,77,1,6,45,2,3,0,7,0,50,0,0,1,0,0,0,15,0,56,392,129,134
Jefferson-059,1,80,0,1,3,3,1,137,48,1,1,8,1,0,0,2,0,27,0,0,0,0,1,0,26,0,27,226,83,59
Jefferson-06,0,2,0,0,0,0,0,0,2,0,0,0,0,0,0,0,0,0,0,0,0,0,0,0,0,0,0,2,0,2
Jefferson-060,0,10,0,0,0,1,1,17,7,0,1,2,0,0,0,0,0,7,0,0,1,0,0,1,2,0,4,29,15,10
Jefferson-061,0,18,0,0,1,0,1,50,18,0,1,3,0,0,0,0,0,5,0,0,0,0,0,0,10,0,5,70,20,22
Jefferson-062,0,2,0,0,0,0,0,3,1,0,0,0,0,0,0,0,0,0,0,0,0,0,0,0,0,0,0,5,0,1
Jefferson-064,0,1,0,0,0,1,0,4,0,0,0,3,0,0,0,0,0,0,0,0,0,0,0,0,0,0,0,6,0,3
Jefferson-066,0,25,0,0,1,0,0,30,18,0,0,0,0,0,0,1,0,2,0,0,0,0,0,0,2,0,9,56,14,18
Jefferson-067,0,2,0,0,0,0,1,14,3,0,1,2,0,1,0,0,0,3,0,0,0,0,0,0,2,0,0,17,5,7
Jefferson-07,0,21,0,0,1,0,0,8,12,0,0,4,0,0,0,0,0,0,0,0,0,0,0,0,1,0,0,30,1,16
Jefferson-073,0,72,1,1,0,5,0,92,42,0,0,12,2,0,0,1,0,14,0,0,0,0,0,0,4,0,23,171,42,56
Jefferson-074,2,64,0,1,1,3,0,79,31,1,0,4,1,2,0,1,0,10,0,0,1,0,0,0,3,0,16,150,31,39
Jefferson-075,2,67,0,2,2,2,2,220,49,1,1,30,0,4,0,6,0,48,0,0,0,0,2,0,9,0,47,297,112,85
Jefferson-076,0,19,2,1,1,4,0,74,13,0,1,6,0,1,0,0,0,19,0,0,0,0,0,0,6,0,15,101,40,21
Jefferson-077,0,25,1,0,2,1,1,87,15,1,0,12,1,3,1,6,0,12,0,0,1,0,0,0,3,0,8,117,31,32
Jefferson-078,1,26,0,0,1,2,0,121,19,1,2,11,2,1,0,9,0,22,0,0,0,0,0,0,9,0,18,151,58,36
Jefferson-079,2,4,0,0,0,1,0,17,2,0,0,1,0,0,0,0,0,3,0,0,0,0,0,0,0,0,3,24,6,3
Jefferson-08,0,10,0,0,0,0,0,14,3,0,0,4,0,0,0,0,0,0,0,0,0,0,0,0,0,0,1,24,1,7
Jefferson-080,0,6,0,0,0,1,0,50,4,0,0,7,0,1,0,0,0,9,0,0,0,0,0,0,4,0,10,57,23,12
Jefferson-081,0,2,0,0,0,0,0,7,0,0,0,4,0,0,0,0,0,1,0,0,0,0,0,0,1,0,0,9,2,4
Jefferson-083,0,33,0,0,0,0,0,11,23,0,0,2,1,0,0,0,0,3,0,0,0,0,0,0,1,0,2,44,6,26
Jefferson-084,0,13,0,0,1,2,0,31,5,0,0,3,0,0,0,0,0,4,0,0,0,0,0,0,4,0,14,47,22,8
Jefferson-085,0,7,0,0,0,0,0,56,2,0,0,4,0,2,0,0,0,4,0,0,0,0,0,0,3,0,11,63,18,8
Jefferson-086,4,128,2,3,4,8,1,605,72,1,5,55,3,8,0,15,0,123,1,1,3,0,3,0,48,0,118,755,312,144
Jefferson-087,2,52,3,1,5,5,1,302,33,0,1,19,0,2,0,8,0,77,0,0,2,0,1,0,21,0,73,371,182,55
Jefferson-089,0,39,3,0,1,0,1,110,9,1,1,13,0,2,0,3,0,14,0,0,1,0,0,0,4,0,20,154,42,26
Jefferson-09,0,5,0,0,0,0,0,12,7,0,0,6,0,0,0,0,0,1,0,0,0,0,0,0,1,0,3,17,5,13
Jefferson-090,0,12,0,0,0,0,0,9,7,0,1,1,0,0,0,0,0,0,0,0,0,0,0,0,1,0,1,21,2,9
Jefferson-092,0,5,0,0,0,0,0,25,1,0,0,5,1,0,0,0,0,7,0,0,0,0,0,0,4,0,4,30,15,7
Jefferson-093,0,0,0,0,1,0,0,36,0,1,0,5,0,0,0,0,0,7,0,0,0,0,0,0,1,0,6,37,14,6
Jefferson-094,0,7,0,0,0,1,1,21,3,0,0,2,1,1,0,0,0,6,0,0,0,0,0,0,1,0,3,30,10,7
Jefferson-101,0,10,0,0,0,0,0,34,8,1,3,12,1,1,0,0,0,2,1,0,0,0,0,0,0,0,6,44,9,26
Jefferson-104,0,108,0,0,1,0,0,14,70,1,0,3,0,0,0,2,0,0,0,0,0,0,0,0,1,0,3,123,6,74
Jefferson-105,0,28,1,0,0,0,0,2,12,0,0,2,0,0,0,0,0,0,0,0,0,0,0,0,0,0,0,31,0,14
Jefferson-106,0,67,0,1,0,0,0,5,40,0,0,5,0,0,0,0,0,0,0,0,0,0,0,0,0,0,0,73,0,45
Jefferson-107,2,384,1,0,2,4,1,33,239,1,4,10,0,1,0,0,0,0,0,0,0,0,0,0,1,0,4,427,5,255
Jefferson-108,1,17,0,0,0,0,0,1,14,0,0,2,1,1,0,2,0,1,0,0,0,0,0,0,0,0,0,19,3,18
Jefferson-109,0,94,2,1,0,0,1,4,58,0,0,7,2,0,0,0,0,0,0,0,0,0,0,0,0,0,2,102,2,67
Jefferson-110,1,189,2,1,2,2,0,4,125,0,0,8,0,0,1,0,0,0,0,0,0,0,0,1,0,0,0,201,2,133
Jefferson-111,1,114,2,0,0,1,1,10,55,0,0,9,0,0,0,0,0,1,0,0,0,0,1,0,0,0,5,129,7,64
Jefferson-112,1,297,3,4,1,3,0,13,191,0,2,18,0,0,0,0,0,1,0,0,0,0,0,0,1,0,0,322,2,211
Jefferson-113,0,320,0,1,1,3,0,44,204,1,4,21,1,0,0,1,0,4,0,0,0,0,0,0,3,0,5,369,13,231
Jefferson-114,2,331,1,2,2,1,0,24,182,1,3,17,0,1,0,1,0,2,0,0,0,0,0,0,1,0,2,363,6,204
Jefferson-115,0,107,1,2,0,4,0,4,58,0,1,6,0,0,0,0,0,0,0,0,0,0,0,0,0,0,0,118,0,65
Jefferson-116,0,144,2,1,1,1,0,13,83,0,1,4,0,0,0,0,0,0,0,0,0,0,0,0,0,0,1,162,1,88
Jefferson-117,0,144,2,0,0,2,0,5,87,0,1,12,0,0,0,0,0,0,0,0,0,0,0,0,1,0,1,153,2,100
Jefferson-119,0,48,0,1,0,1,0,0,20,0,0,2,0,0,0,0,0,0,0,0,0,0,0,0,0,0,0,50,0,22
Jefferson-120,1,87,2,0,0,0,0,1,61,0,0,2,0,0,0,0,0,0,0,0,0,0,0,0,0,0,0,91,0,63
Jefferson-121,0,84,0,0,1,0,0,2,51,0,0,3,1,0,0,0,0,0,0,0,0,0,0,0,0,0,0,87,0,55
Jefferson-122,3,321,2,0,1,1,1,7,222,1,0,15,3,1,0,0,0,0,0,0,0,0,0,0,0,0,0,336,0,242
Jefferson-123,0,22,0,0,0,0,0,0,14,0,0,0,0,0,0,0,0,0,0,0,0,0,0,0,0,0,0,22,0,14
Jefferson-124,1,66,0,0,0,1,0,10,39,0,0,1,0,0,0,0,0,0,0,0,0,0,0,0,0,0,3,78,3,40
Jefferson-125,0,4,0,0,0,0,0,10,4,0,0,3,0,0,0,0,0,0,0,0,0,0,0,0,1,0,2,14,3,7
Jefferson-126,3,260,4,1,2,0,0,4,161,0,0,11,2,0,1,2,0,0,0,0,0,0,1,0,0,0,0,274,4,174
Jefferson-128,0,5,0,0,0,0,0,3,3,0,0,1,0,0,0,0,0,0,0,0,1,0,0,0,0,0,1,8,2,4
Jefferson-130,1,57,3,0,0,1,1,47,44,0,1,20,0,0,0,0,0,4,0,0,0,0,0,0,2,0,3,110,9,65
Jefferson-201,2,208,3,2,1,2,0,4,135,0,0,14,0,0,0,0,0,0,0,0,0,0,0,0,0,0,0,222,0,149
Jefferson-202,1,92,0,0,1,1,0,3,38,0,0,9,1,0,0,0,0,0,0,0,0,0,0,0,0,0,0,98,0,48
Jefferson-203,0,145,1,1,0,4,0,7,85,0,0,9,0,0,1,0,0,1,0,0,0,0,1,0,0,0,0,158,3,94
Jefferson-204,0,1,0,0,0,0,0,0,2,0,0,0,0,0,0,0,0,0,0,0,0,0,0,0,0,0,0,1,0,2
Jefferson-205,1,117,2,0,0,0,0,8,63,0,0,7,0,1,0,0,0,2,0,0,0,0,0,0,0,0,1,128,3,71
Jefferson-206,3,77,1,0,0,1,0,6,53,0,1,4,0,0,0,0,0,0,0,0,0,0,0,0,0,0,2,88,2,58
Jefferson-207,0,23,2,0,0,0,0,5,14,0,0,3,1,0,0,0,0,0,0,0,0,0,0,0,0,0,2,30,2,18
Jefferson-208,0,30,0,0,0,0,0,5,19,0,1,3,0,0,0,0,0,0,0,0,0,0,0,0,0,0,2,35,2,23
Jefferson-209,0,28,0,0,0,1,0,2,17,0,0,2,0,0,0,0,0,0,0,0,0,0,0,0,0,0,1,31,1,19
Jefferson-210,0,23,1,0,0,0,0,1,10,0,0,1,0,0,0,0,0,0,0,0,0,0,0,0,0,0,1,25,1,11
Jefferson-211,1,248,2,0,1,5,2,23,146,1,1,23,1,0,0,1,0,2,0,0,1,0,0,0,0,0,3,282,7,172
Jefferson-212,0,64,1,1,0,1,0,4,34,0,1,9,0,0,0,0,0,1,0,0,0,0,0,0,0,0,0,71,1,44
Jefferson-213,0,55,1,0,0,0,0,8,30,0,0,6,0,0,0,0,0,0,0,0,0,0,0,0,0,0,1,64,1,36
Jefferson-214,0,264,0,4,4,3,2,39,164,0,2,26,0,1,0,1,0,7,0,0,0,0,1,0,4,0,9,316,22,193
Jefferson-215,4,337,3,2,8,5,3,174,238,10,25,100,2,4,0,1,0,8,0,0,0,0,0,0,9,0,10,536,28,379
Jefferson-216,0,132,1,0,0,8,0,90,99,7,7,49,3,3,0,0,0,3,0,0,0,0,1,0,3,0,4,231,11,168
Jefferson-217,0,59,0,0,0,0,0,19,42,0,0,9,1,0,0,0,0,0,0,0,1,0,0,0,1,0,0,78,2,52
Jefferson-218,0,455,8,1,4,5,3,77,302,3,8,75,2,1,0,1,0,4,0,0,0,0,0,0,1,0,6,553,12,391
Jefferson-219,0,40,1,1,0,3,0,65,34,5,12,25,0,0,1,0,0,0,0,0,0,0,0,0,0,0,2,110,3,76
Jefferson-220,0,333,1,3,2,3,1,37,203,1,1,30,0,0,0,1,0,1,0,0,0,0,0,0,0,0,9,380,11,235
Jefferson-221,0,4,0,0,0,0,0,1,4,0,0,0,0,0,0,0,0,0,0,0,0,0,0,0,0,0,0,5,0,4
Jefferson-222,2,494,5,1,5,3,2,152,348,1,7,67,1,2,0,0,0,18,0,0,0,0,2,0,11,0,19,664,50,426
Jefferson-223,0,6,0,0,0,1,0,0,4,0,0,0,0,0,0,0,0,0,0,0,0,0,0,0,0,0,0,7,0,4
Jefferson-224,0,131,0,0,1,1,1,29,109,1,5,17,0,0,0,0,0,1,0,0,0,0,0,0,3,0,4,163,8,132
Jefferson-301,2,159,1,1,0,1,1,4,103,0,3,4,0,0,0,0,0,0,0,0,0,0,0,0,0,0,0,169,0,110
Jefferson-302,0,27,0,0,0,1,0,0,20,1,0,1,0,0,0,0,0,0,0,0,0,0,0,0,0,0,0,28,0,22
Jefferson-303,0,13,0,0,0,0,0,0,13,0,0,0,0,0,0,0,0,0,0,0,0,0,0,0,0,0,0,13,0,13
Jefferson-304,0,106,1,1,0,0,0,6,68,0,1,7,0,1,0,0,0,0,0,0,0,0,0,0,0,0,0,114,0,77
Jefferson-306,0,15,0,0,0,0,0,1,8,0,0,0,0,0,0,0,0,0,0,0,0,0,0,0,0,0,1,16,1,8
Jefferson-307,0,36,0,0,0,1,0,1,27,0,0,2,0,0,0,0,0,0,0,0,0,0,0,0,0,0,0,38,0,29
Jefferson-308,0,13,0,0,0,0,0,5,9,0,0,3,0,0,0,0,0,0,0,0,0,0,0,0,1,0,1,18,2,12
Jefferson-309,2,196,2,0,1,3,1,35,131,2,0,21,0,1,0,1,0,1,0,0,1,0,0,0,2,0,5,240,10,155
Jefferson-310,0,168,2,0,0,5,1,13,106,0,1,12,0,0,0,1,0,2,0,0,0,0,0,0,0,0,3,189,6,119
Jefferson-311,0,57,0,2,0,1,0,6,35,0,2,0,0,0,0,0,0,0,0,0,0,0,0,0,0,0,0,66,0,37
Jefferson-312,0,258,2,0,0,4,1,8,174,1,2,17,0,0,0,1,0,1,0,0,0,0,0,0,2,0,1,273,5,194
Jefferson-314,1,194,2,0,2,2,1,62,114,0,1,29,1,1,0,0,0,5,0,0,0,0,0,0,1,0,7,264,13,146
Jefferson-315,4,164,2,1,1,0,2,12,108,0,0,11,0,0,0,0,1,1,0,0,0,0,0,0,2,0,4,186,8,119
Jefferson-316,2,300,1,3,3,3,0,33,185,0,0,9,2,1,1,0,0,1,0,0,0,0,0,0,2,0,1,345,5,197
Jefferson-317,2,94,0,0,0,1,1,30,59,1,1,11,0,1,0,0,0,1,0,0,0,0,0,0,0,0,0,128,1,73
Jefferson-318,0,6,0,0,0,0,0,0,6,0,0,1,0,0,0,0,0,0,0,0,0,0,0,0,0,0,0,6,0,7
Jefferson-319,0,176,0,1,0,2,0,11,97,0,0,4,0,0,0,0,0,4,0,0,0,0,0,0,3,0,1,190,8,101
Jefferson-320,0,61,2,0,1,1,0,11,29,0,0,1,0,0,0,0,0,0,0,0,0,0,0,0,3,0,4,76,7,30
Jefferson-322,0,2,0,0,0,0,0,1,0,0,0,2,0,0,0,0,0,0,0,0,0,0,0,0,0,0,0,3,0,2
Jefferson-323,0,48,1,0,0,0,1,3,27,0,0,1,0,0,0,0,0,0,0,0,0,0,0,0,0,0,2,53,2,28
Jefferson-324,0,224,9,0,2,5,0,225,126,4,10,76,0,6,0,8,0,18,0,0,1,0,0,0,10,0,29,465,66,222
Jefferson-325,0,4,0,0,0,0,0,4,4,0,0,2,0,0,0,0,0,1,0,0,0,0,0,0,0,0,0,8,1,6
Jefferson-326,1,37,0,0,0,1,0,39,29,0,4,10,0,2,0,0,0,4,0,0,0,0,0,0,3,0,3,78,10,45
Jefferson-327,0,65,1,0,1,0,1,45,46,3,0,18,0,2,0,0,0,0,0,0,0,0,0,0,4,0,5,113,9,69
Jefferson-328,1,279,1,0,2,5,0,25,186,0,2,33,0,1,0,0,0,0,0,0,0,0,0,0,1,0,2,313,3,222
Jefferson-330,3,234,3,0,3,6,1,137,174,2,11,62,2,2,0,3,0,10,0,0,0,0,0,0,6,0,10,387,29,253
Jefferson-331,0,270,1,3,0,2,1,86,200,1,1,31,3,0,0,4,0,4,0,0,0,0,1,0,8,0,4,363,21,236
Jefferson-332,0,21,0,0,1,0,0,2,12,0,0,4,0,0,0,0,0,0,0,0,0,0,0,0,0,0,0,24,0,16
Jefferson-402,0,0,0,0,0,0,0,2,0,0,0,0,0,0,0,0,0,0,0,0,0,0,0,0,0,0,1,2,1,0
Jefferson-403,1,36,1,3,0,2,0,55,23,3,1,9,1,0,0,1,0,9,0,0,1,0,0,0,2,0,8,98,21,37
Jefferson-404,1,28,1,1,0,0,0,30,14,0,0,1,0,0,0,1,0,3,0,0,0,0,0,0,0,0,2,61,6,15
Jefferson-405,0,112,1,2,0,1,1,7,85,0,0,6,0,0,0,0,0,1,0,0,0,0,0,0,1,0,3,124,5,91
Jefferson-406,0,189,2,1,6,5,2,262,124,5,8,44,1,4,1,6,0,26,0,0,1,0,2,0,19,0,34,467,89,186
Jefferson-407,0,115,0,0,2,5,0,68,74,1,1,9,0,0,0,1,0,8,0,0,1,0,0,0,5,0,16,190,31,85
Jefferson-408,0,294,4,2,2,0,1,44,153,0,0,14,0,2,0,1,0,6,0,0,2,0,0,0,3,0,12,347,24,169
Jefferson-409,0,107,0,0,0,1,0,4,68,0,0,6,0,1,0,0,0,0,0,0,0,0,0,0,0,0,1,112,1,75
Jefferson-410,0,58,1,0,0,0,0,2,43,1,0,7,0,0,0,0,0,0,0,0,0,0,0,0,0,0,0,61,0,51
Jefferson-412,0,1,0,0,0,0,0,1,1,0,0,0,0,0,0,0,0,0,0,0,0,0,0,0,0,0,0,2,0,1
Jefferson-414,0,0,0,0,0,0,0,3,0,0,0,0,0,0,0,0,0,0,0,0,0,0,1,0,0,0,0,3,1,0
Jefferson-415,0,25,0,0,2,1,0,8,20,0,3,0,0,0,0,0,0,1,0,0,0,0,0,0,2,0,0,36,3,23
Jefferson-416,2,282,2,1,1,5,0,4,183,0,0,13,1,1,0,0,0,1,0,0,0,0,0,0,0,0,2,297,3,198
Jefferson-417,0,2,0,0,0,0,0,0,1,0,0,0,0,0,0,0,0,0,0,0,0,0,0,0,0,0,0,2,0,1
Jefferson-419,1,13,0,0,0,0,0,2,11,0,0,1,0,0,0,1,0,0,0,0,0,0,0,0,0,0,0,16,1,12
Jefferson-420,0,89,1,0,0,2,0,2,61,0,0,0,0,0,0,0,0,0,0,0,0,0,0,0,0,0,0,94,0,61
Jefferson-421,0,50,0,0,0,0,0,1,27,0,0,1,1,0,0,0,0,0,0,0,0,0,0,0,0,0,0,51,0,29
Jefferson-422,0,150,0,2,0,0,2,3,90,1,0,7,0,1,0,0,0,0,0,0,0,0,0,0,0,0,1,157,1,99
Jefferson-423,1,452,4,1,1,2,0,5,183,0,0,19,0,0,0,0,0,0,0,0,0,0,0,0,0,0,0,466,0,202
Jefferson-425,0,5,0,0,0,0,0,12,3,0,0,0,0,0,0,0,0,1,0,0,0,0,0,0,0,0,2,17,3,3
Jefferson-510,0,51,0,1,0,2,0,21,30,0,0,5,0,0,0,0,0,2,0,0,0,0,0,0,0,0,4,75,6,35
Jefferson-530,0,6,1,1,1,0,1,32,6,0,0,2,0,0,0,1,0,1,0,0,0,0,0,0,3,0,4,42,9,8
Jefferson-610,2,133,0,0,1,4,2,5,91,0,2,4,1,0,0,1,0,0,0,0,1,0,0,0,2,0,0,147,4,98
Jefferson-620,1,159,1,2,0,2,0,17,102,0,3,8,1,0,0,0,0,3,0,0,0,0,0,0,1,0,6,182,10,114
Jefferson-711,4,95,4,0,5,4,1,247,57,2,1,34,0,0,1,6,0,44,0,0,0,0,0,0,27,0,53,360,131,94
Jefferson-712,1,39,0,1,2,3,2,161,26,1,6,14,0,1,0,2,0,13,0,0,1,0,1,0,22,0,30,209,69,48
Jefferson-713,1,29,0,1,1,3,0,215,28,1,7,26,3,5,0,4,0,27,0,0,0,0,2,0,21,0,26,250,80,70
Jefferson-714,0,6,0,0,0,0,0,3,3,0,0,0,0,0,0,0,0,0,0,0,0,0,0,0,0,0,3,9,3,3
Jefferson-721,2,251,3,1,8,14,0,465,161,6,2,71,1,5,0,10,0,62,0,0,3,0,2,0,35,0,76,744,188,246
Jefferson-731,3,103,2,1,4,11,2,241,66,0,6,22,1,5,0,7,0,42,0,0,2,0,3,0,35,0,37,367,126,100
Jefferson-732,0,76,1,1,1,5,1,238,53,3,5,35,4,3,0,6,0,36,0,0,0,0,0,0,22,0,39,323,103,103
Jefferson-733,0,44,0,2,0,2,2,124,26,0,0,13,0,3,0,3,0,18,0,0,1,0,0,1,21,0,19,174,63,42
Jefferson-810,1,79,2,0,1,5,0,142,34,0,1,14,2,0,1,1,0,31,0,0,0,0,2,0,16,0,36,230,87,51
Jefferson-820,0,38,2,1,0,4,1,174,21,1,2,11,0,2,0,3,0,26,0,0,1,0,1,0,16,0,35,220,82,37
Jefferson-830,0,27,0,0,0,8,0,99,9,0,1,8,0,0,0,4,0,21,0,0,1,0,0,0,10,0,13,134,49,18
Jefferson-900,1,106,1,0,1,0,0,21,75,0,2,6,0,1,0,0,0,2,0,0,0,0,0,0,0,0,5,130,7,84
Jefferson-950,0,20,0,0,0,1,1,8,15,1,1,6,0,1,0,0,0,0,0,0,0,0,0,0,1,0,2,30,3,24
Johnson-BATSON,1,17,0,1,2,1,2,69,6,0,0,10,0,1,2,1,0,16,0,0,0,0,3,0,4,0,14,93,40,17
Johnson-DICKERSON-HILL,0,15,4,0,0,1,0,36,7,0,0,9,0,0,0,1,0,8,0,0,0,0,1,0,7,0,9,56,26,16
Johnson-GRANT,1,117,2,2,3,12,1,270,65,0,0,20,2,0,0,5,0,49,0,0,1,0,0,0,23,0,51,408,129,87
Johnson-HICKEY,1,30,1,0,2,6,0,143,20,0,1,9,1,0,1,3,0,20,0,0,0,0,6,0,17,0,42,183,89,31
Johnson-HORSEHEAD,0,92,2,1,8,11,2,211,45,0,0,24,2,0,1,10,0,27,0,0,1,0,7,0,23,0,46,327,115,71
Johnson-HOWELL,1,121,2,0,2,12,1,398,56,0,1,26,1,0,2,15,0,51,1,0,4,0,6,0,41,1,98,537,219,84
Johnson-KING,3,106,5,3,5,14,4,384,47,0,2,31,0,1,0,13,0,77,0,0,1,0,6,2,55,0,71,524,225,81
Johnson-LEE,2,18,0,0,1,7,0,84,11,0,0,8,0,0,0,3,0,17,1,0,2,0,1,1,12,0,26,112,63,19
Johnson-LOWGAP,0,10,0,0,0,4,0,37,4,0,0,1,0,0,0,3,0,2,0,0,0,0,0,0,1,0,9,51,15,5
Johnson-MCKENNON,5,66,4,1,1,10,3,254,29,0,2,28,1,1,1,8,0,42,0,0,4,0,5,0,13,0,75,344,148,61
Johnson-MULBERRY,0,13,0,0,5,3,0,41,13,0,0,2,0,0,0,2,0,11,0,0,0,0,2,0,2,1,10,62,28,15
Johnson-PERRY,4,70,3,0,3,11,1,269,35,0,1,20,2,1,0,7,0,49,0,0,2,0,6,0,31,0,73,361,168,59
Johnson-PITTSBURG,4,214,9,0,7,22,4,704,107,1,1,46,2,0,0,32,0,101,1,0,8,0,2,0,59,0,125,964,328,157
Johnson-PRAIRIE,3,75,0,2,0,13,1,158,32,0,3,10,1,2,0,1,0,28,1,0,2,0,1,0,14,0,24,252,71,48
Johnson-REDLICK,4,118,7,1,8,17,4,440,45,0,1,33,0,1,0,8,0,104,0,0,4,0,7,0,60,0,92,599,275,80
Johnson-SHERMAN,3,33,1,0,5,3,0,124,23,0,0,7,0,0,0,2,0,20,0,0,4,0,2,0,12,0,34,169,74,30
Johnson-SPADRA WARD 1,7,331,11,5,10,33,4,569,123,0,0,67,2,0,1,13,0,81,0,1,4,0,5,1,61,0,115,970,282,192
Johnson-SPADRA WARD 2,4,276,10,4,6,28,3,436,107,1,3,57,0,3,1,16,0,61,0,0,3,0,10,1,61,1,99,767,253,171
Johnson-SPADRA WARD 3,5,375,19,3,12,35,7,573,144,1,0,90,2,2,3,14,0,103,2,0,6,0,8,1,78,0,112,1029,327,239
Johnson-SPADRA WARD 4,4,218,8,1,8,26,3,567,80,2,5,46,2,1,0,19,0,76,0,0,4,0,11,0,54,0,131,835,295,136
Johnson-STONEWALL,2,27,1,1,0,13,0,116,16,0,1,12,1,0,0,4,0,27,0,0,1,0,6,0,15,0,22,160,75,30
Johnson-WARD,1,85,1,1,1,12,0,208,42,0,2,24,1,1,0,5,0,34,0,0,2,0,3,1,13,0,64,309,122,70
Lafayette-Boyd Hill,0,32,1,0,0,0,0,54,16,0,1,5,0,0,0,1,0,18,0,0,0,0,1,0,2,0,6,87,28,22
Lafayette-Bradley Out,0,22,0,0,0,0,0,54,7,0,2,3,1,0,0,2,0,5,0,0,0,0,0,0,6,0,6,76,19,13
Lafayette-Buckner Out,0,1,0,0,0,0,0,4,0,0,0,0,0,0,0,0,0,0,0,0,0,0,0,0,0,0,2,5,2,0
Lafayette-Canfield,0,25,0,0,1,0,0,28,14,1,0,7,0,0,0,1,0,4,0,0,0,0,0,0,2,0,3,54,10,22
Lafayette-Center,0,33,0,2,2,3,1,257,20,0,3,23,2,1,0,11,0,68,0,0,3,0,1,0,11,1,42,298,137,49
Lafayette-Gin City,1,52,0,0,1,0,1,102,21,0,2,9,0,1,0,3,0,9,0,0,0,0,0,0,2,0,13,157,27,33
Lafayette-Lewisville Ward 1,0,70,1,0,0,2,0,76,25,0,1,9,0,0,0,1,0,10,0,0,1,0,0,0,3,0,20,149,35,35
Lafayette-Lewisville Ward 2,0,26,0,0,0,0,2,39,7,0,0,5,0,0,0,3,0,10,0,0,0,0,0,0,1,0,7,67,21,12
Lafayette-Lewisville Ward 3,0,182,0,0,1,1,0,40,76,0,2,10,0,0,0,1,0,5,0,0,0,0,1,0,4,0,6,224,17,88
Lafayette-Mars Hill,0,8,0,0,0,0,0,45,2,0,0,2,0,0,0,1,0,4,0,0,0,0,1,0,5,0,18,53,29,4
Lafayette-Oak Grove,0,1,0,0,0,0,0,24,2,0,0,1,0,0,0,0,0,5,0,0,0,0,2,0,1,0,4,25,12,3
Lafayette-Piney Grove,0,18,0,2,0,4,1,120,11,0,0,4,0,0,0,2,0,26,0,0,1,0,2,0,2,1,21,145,55,15
Lafayette-Red River,0,38,0,0,0,0,0,37,18,0,0,7,0,1,0,0,0,4,0,0,1,0,1,0,0,0,2,75,8,26
Lafayette-Sardis,0,5,0,0,0,3,1,85,3,0,0,9,1,0,0,3,0,11,0,0,1,0,0,0,7,0,18,94,40,13
"Lafayette-Stamps Ward 1, Pct 1",0,29,0,1,0,2,0,53,7,0,1,7,0,0,0,1,0,12,0,0,0,0,0,0,3,0,10,85,26,15
"Lafayette-Stamps Ward 1, Pct 2",1,82,0,0,0,3,3,20,29,0,0,5,0,0,0,0,0,2,0,0,0,0,0,0,0,0,6,109,8,34
"Lafayette-Stamps Ward 1, Prec 2 Out",0,9,0,0,0,1,0,45,4,0,0,3,0,0,0,3,0,15,0,0,0,0,0,0,0,0,8,55,26,7
Lafayette-Stamps Ward 2,1,83,2,0,1,0,0,103,37,0,1,9,0,1,0,4,0,19,0,0,1,0,0,0,8,0,22,190,54,48
Lafayette-Stamps Ward 3,0,105,1,0,1,0,1,47,34,1,2,5,1,0,0,1,0,10,0,0,2,0,1,0,1,0,17,155,32,43
Lafayette-State Line,0,27,0,0,1,3,0,140,10,0,3,8,0,0,0,4,0,12,0,0,0,0,0,0,10,0,22,171,48,21
Lafayette-Walker Creek,2,24,0,1,2,0,0,210,9,0,0,6,3,0,0,6,0,23,0,0,3,0,0,0,8,0,54,239,94,18
Lawrence-ANNIEVILLE,0,17,1,0,0,2,0,111,18,1,1,21,2,1,0,2,0,10,0,0,0,0,1,0,3,0,6,131,22,44
Lawrence-ASHLAND,1,23,2,0,0,2,0,49,22,3,0,10,1,3,0,0,0,5,0,0,0,0,1,0,1,0,2,77,9,39
Lawrence-BLACK RIVER,2,53,2,0,1,1,1,153,37,0,1,26,2,5,0,3,0,24,0,1,0,0,3,0,13,0,19,213,63,71
Lawrence-BLACK ROCK,3,70,1,1,2,7,3,329,54,3,4,60,2,4,0,6,0,29,0,0,2,0,2,0,16,0,50,416,105,127
Lawrence-BOAS 1,0,69,0,0,1,9,2,219,48,2,2,33,3,0,0,3,0,15,0,0,0,0,0,0,17,0,23,300,58,88
Lawrence-BOAS 2,1,72,2,0,5,8,4,192,63,3,4,39,1,1,1,3,0,18,0,0,1,0,0,0,16,0,16,284,55,111
Lawrence-BOAS 3,2,45,1,1,1,11,1,170,27,0,3,24,2,4,1,3,0,7,0,0,0,0,1,0,14,0,21,232,47,60
Lawrence-CACHE,0,8,1,0,0,0,1,42,6,2,2,14,1,1,0,0,0,5,0,0,0,0,0,0,1,0,0,52,6,26
Lawrence-CAMPBELL 1,5,145,4,3,5,17,2,331,104,5,13,68,3,6,0,6,0,16,0,0,0,0,2,2,27,0,25,512,78,199
Lawrence-CAMPBELL 2,2,124,1,1,1,14,4,327,91,4,4,66,5,6,2,10,0,30,0,0,0,0,0,0,10,0,34,474,86,176
Lawrence-CAMPBELL 3,2,107,2,3,1,14,3,237,70,5,4,50,3,3,1,5,0,26,0,0,1,0,2,0,13,0,17,369,65,135
Lawrence-CAMPBELL 4,2,118,4,2,21,23,4,344,105,2,4,62,6,6,1,13,0,44,0,0,2,0,2,0,22,0,28,518,112,185
Lawrence-DENT,1,70,2,2,4,9,0,302,56,3,4,60,1,12,0,8,0,35,0,0,3,0,4,0,13,0,43,390,106,136
Lawrence-DOWELL,1,21,0,0,2,1,1,34,5,0,1,3,1,0,0,0,0,5,0,0,0,0,1,0,2,0,5,60,13,10
Lawrence-DUTY,1,59,6,0,2,3,2,118,37,0,2,24,0,5,1,2,0,16,0,0,0,0,0,0,10,0,19,191,48,68
Lawrence-EATON,3,14,0,3,1,1,0,76,12,0,5,15,1,0,0,1,0,13,0,0,0,0,0,0,2,0,8,98,24,33
Lawrence-FLAT CREEK,1,11,0,0,0,2,0,30,13,0,0,8,0,1,0,0,0,4,0,0,0,0,0,0,0,0,3,44,7,22
Lawrence-JESUP,0,5,0,0,0,0,0,31,5,0,0,2,0,0,0,0,0,4,0,0,0,0,0,0,1,1,1,36,7,7
Lawrence-LAWRENCE,1,16,2,1,0,2,1,57,11,2,1,8,0,3,0,1,0,8,0,0,0,0,0,0,0,0,4,80,13,25
Lawrence-MARION,0,25,0,0,1,2,2,43,16,0,0,7,1,0,0,0,0,4,0,0,0,0,0,0,3,0,4,73,11,24
Lawrence-MORGAN,1,27,0,0,2,14,2,198,19,1,2,36,0,4,0,5,2,36,0,0,1,0,2,0,12,0,9,244,67,62
Lawrence-PROMISED LAND,0,28,1,1,4,2,2,99,14,0,0,18,0,1,0,2,0,11,0,0,2,0,0,0,2,0,17,137,34,33
Lawrence-REED'S CREEK SAFFELL,0,11,2,0,0,3,1,103,10,2,0,7,2,1,0,5,0,7,0,0,0,0,0,0,9,0,13,120,34,22
Lawrence-REEDS CREEK STRAWBERRY,1,47,0,2,2,4,2,149,34,2,2,12,0,3,1,6,0,21,0,0,1,0,0,0,8,0,24,207,61,53
Lawrence-RICHWOODS,0,4,0,1,0,0,0,31,3,0,0,8,0,2,0,0,0,0,0,0,0,0,0,0,0,0,4,36,4,13
Lawrence-SPRING RIVER,1,20,0,0,0,2,1,101,13,1,0,13,0,1,1,3,0,18,0,0,2,0,0,0,3,0,20,125,47,28
Lawrence-STRAWBERRY,3,27,0,1,0,5,1,90,24,1,1,21,3,4,0,2,0,12,0,0,0,0,0,0,6,1,7,127,28,54
Lawrence-THACKER,2,27,5,0,0,7,0,98,16,0,2,11,2,1,0,0,0,3,0,0,0,0,0,0,6,0,23,139,32,32
Lincoln-Auburn,0,10,1,0,0,0,0,19,6,2,0,0,0,0,0,0,0,2,0,0,1,0,0,0,4,0,3,30,10,8
Lincoln-Bar/Tarry,2,60,1,0,0,1,0,13,30,0,0,1,0,0,0,1,0,0,0,0,0,0,0,0,1,0,1,77,3,31
Lincoln-Bar/Yorktown,0,127,0,2,0,1,0,47,62,0,0,4,0,0,0,2,0,6,0,0,0,0,0,0,4,0,15,177,27,66
Lincoln-Cane Creek 1,0,66,2,1,0,7,1,427,40,3,1,24,1,3,1,13,1,63,0,0,1,0,0,0,46,0,102,504,227,72
Lincoln-Cane Creek 2,0,25,0,0,0,1,0,77,12,0,1,4,1,3,0,2,0,12,0,0,0,0,0,0,4,0,28,103,46,21
Lincoln-Cane Creek 3,2,9,0,0,0,4,0,162,8,0,0,4,0,0,0,12,0,74,0,0,0,0,0,0,13,0,27,177,126,12
Lincoln-Choctaw,0,36,0,0,0,1,0,29,18,0,0,1,0,0,0,1,0,0,0,0,0,0,0,0,4,0,8,66,13,19
Lincoln-Gould,0,16,0,0,0,0,0,25,11,0,0,5,1,0,1,0,0,3,0,0,2,0,1,0,4,0,10,41,21,17
Lincoln-Gould City W1,1,116,0,1,0,1,0,17,48,0,0,2,1,0,0,0,0,3,0,0,0,0,0,0,4,0,1,136,8,51
Lincoln-Gould City W2,0,107,0,0,0,0,0,1,64,0,0,2,0,0,0,0,0,0,0,0,0,0,0,0,0,0,0,108,0,66
Lincoln-Gould City W3,0,87,0,0,1,0,0,24,36,0,0,1,0,1,0,2,0,8,0,0,0,0,0,0,0,0,3,112,13,38
Lincoln-Grady City W1 & W2,0,137,0,0,1,2,1,35,57,1,1,9,0,0,0,0,0,4,0,0,0,0,0,0,2,0,16,176,22,68
Lincoln-Kimbrough,0,23,0,0,0,0,0,6,11,0,0,0,1,0,0,1,0,2,0,0,0,0,0,0,0,0,0,29,3,12
Lincoln-Lone Pine/Garnett,0,17,0,0,1,0,0,97,8,1,2,9,0,0,0,2,0,6,0,0,0,0,0,0,16,0,25,115,49,20
Lincoln-Lone Pine/Mt. Home,1,23,0,0,0,1,0,100,10,0,1,2,0,0,0,1,0,14,0,0,1,0,1,0,7,0,21,125,45,13
Lincoln-Mill Creek,0,20,1,0,2,3,1,74,5,0,1,8,0,0,0,1,0,14,0,0,0,0,0,0,10,0,16,101,41,14
Lincoln-Owen/Glendale,1,31,2,1,0,2,1,202,14,0,0,14,0,1,0,3,0,16,0,0,0,0,2,0,11,0,57,240,89,29
Lincoln-Owen/Palmyra,5,33,0,1,1,4,0,159,18,0,1,5,0,3,1,3,0,53,0,0,1,0,0,0,13,0,27,203,98,27
Lincoln-SE Lincoln Co FD,1,5,1,0,1,2,0,61,4,0,0,4,0,0,0,0,0,9,0,0,0,0,0,0,9,0,18,71,36,8
Lincoln-Smith,1,4,3,0,0,1,0,75,4,0,0,7,0,0,0,1,0,7,0,0,0,0,0,0,10,0,24,84,42,11
Lincoln-Spring 1,2,29,1,1,1,5,0,186,15,0,0,10,0,1,0,8,0,19,0,0,0,0,2,0,11,0,51,225,91,26
Lincoln-Spring 2,1,37,0,1,0,0,1,15,32,0,0,1,0,1,0,0,0,4,0,0,0,0,2,0,1,0,4,55,11,34
Lincoln-Star City W1,3,75,0,1,0,3,2,175,38,0,0,9,2,1,0,5,0,22,0,0,0,0,1,0,19,0,42,259,89,50
Lincoln-Star City W2,2,79,0,4,0,5,0,125,17,0,1,10,0,0,0,0,0,19,0,0,0,0,2,0,14,0,25,215,60,28
Lincoln-Star City W3,0,64,4,0,1,2,1,246,26,0,0,13,3,0,0,9,0,44,0,0,1,0,3,0,20,0,44,318,121,42
Lincoln-Wells Bayou/FS,0,16,0,0,3,2,0,58,5,0,0,3,0,0,0,1,0,12,0,0,0,0,1,0,15,0,13,79,42,8
Little River-ARDEN TOWNSHIP,2,39,1,1,1,1,0,128,21,0,0,20,1,2,1,3,0,24,0,0,1,0,0,0,3,0,21,173,53,44
Little River-ARKINDA TOWNSHIP,1,6,0,0,2,1,0,16,6,0,0,3,0,1,0,0,0,1,0,0,1,0,0,0,1,0,2,26,5,10
Little River-ASHDOWN WARD 1,1,189,0,2,3,12,2,588,91,10,6,67,5,17,2,8,1,93,0,1,3,1,0,0,40,0,87,797,236,196
Little River-ASHDOWN WARD 2,4,236,1,3,4,6,3,192,110,2,2,33,0,3,0,3,0,39,0,0,2,0,2,0,11,0,27,449,84,150
Little River-ASHDOWN WARD 3,4,212,1,4,6,7,0,229,82,5,3,34,3,9,0,8,0,20,0,0,0,0,0,1,7,0,48,463,84,136
Little River-BURKE TOWNSHIP,15,16,1,1,2,2,1,61,18,1,1,18,0,2,0,1,0,2,0,0,1,0,1,0,2,0,4,99,11,40
Little River-CANEY TOWNSHIP,0,18,0,0,1,3,0,99,13,1,3,7,0,2,0,4,1,11,0,0,0,0,0,0,6,0,20,121,42,26
Little River-CLEVELAND TOWNSHIP,3,102,2,3,2,13,1,247,60,3,1,33,1,11,1,5,0,26,0,0,0,1,1,1,15,0,38,373,88,109
Little River-FOREMAN WARD 1,0,38,1,0,0,0,1,37,23,0,0,3,0,0,0,1,0,1,0,0,0,0,0,0,3,0,3,77,8,26
Little River-FOREMAN WARD 2,0,55,0,0,0,1,0,127,18,0,3,15,2,3,0,1,0,17,0,0,1,0,0,1,7,0,11,183,38,41
Little River-FOREMAN WARD 3,1,42,1,0,0,6,1,118,24,0,1,15,0,3,1,4,0,13,0,0,1,0,1,0,6,0,19,169,45,43
Little River-FRANKLIN TOWNSHIP,3,62,3,1,1,5,3,374,30,4,3,30,3,8,0,11,0,43,0,0,7,0,3,0,18,0,55,452,137,78
Little River-JACKSON TOWNSHIP,1,32,2,0,4,2,1,234,18,1,2,23,0,4,0,3,0,23,0,0,2,0,0,0,11,0,33,276,72,48
Little River-JEFFERSON TOWNSHIP,1,68,0,3,1,6,1,229,39,7,2,24,1,4,0,3,1,32,0,0,1,1,2,1,12,0,32,309,85,77
Little River-JEWELL TOWNSHIP,1,14,0,1,1,2,2,64,14,0,0,5,2,3,0,4,0,11,0,0,0,1,0,0,2,0,12,85,30,24
Little River-JOHNSON TOWNSHIP,0,116,0,0,1,4,3,112,56,4,1,19,0,1,0,2,0,19,0,0,1,0,1,0,2,0,12,236,37,81
Little River-LICK CREEK TOWNSHIP,2,22,0,1,1,5,0,164,18,2,3,15,1,7,0,9,0,29,0,0,2,0,2,0,8,0,20,195,70,46
Little River-LITTLE RIVER TOWNSHIP,0,28,0,1,2,1,1,231,16,1,0,14,0,5,0,13,0,21,1,0,1,0,1,2,13,0,35,264,87,36
Little River-RED RIVER TOWNSHIP,2,38,1,4,1,6,1,222,31,0,3,42,0,8,0,1,0,33,0,0,0,0,1,0,12,0,28,275,75,84
Little River-WALLACE/RICHLAND TOWNSHIP,1,64,0,1,1,2,3,133,33,1,1,21,1,5,2,3,0,30,0,0,0,0,0,0,8,0,14,205,57,62
Logan-Barber,0,21,1,0,0,7,0,104,6,0,0,6,0,0,1,4,0,19,0,0,0,0,2,0,9,0,26,133,61,12
Logan-Blue Mtn City,1,10,0,0,0,1,0,31,2,0,0,2,1,0,0,0,0,4,0,0,0,0,1,0,3,0,6,43,14,5
Logan-Blue Mtn Rural,0,2,0,0,2,0,0,19,0,0,0,0,0,0,0,0,0,4,0,0,0,0,2,0,2,0,5,23,13,0
Logan-Boone Ward 1,1,62,6,2,6,11,6,264,29,0,0,23,0,0,0,7,0,41,0,1,1,0,2,0,32,0,37,358,121,52
Logan-Boone Ward 2,2,76,1,3,7,9,2,289,46,0,0,5,0,2,2,16,1,48,0,2,1,0,1,0,32,0,57,389,160,53
Logan-Boone Ward 3,0,115,3,3,6,11,2,277,57,0,1,21,0,0,0,17,0,45,1,0,1,0,8,0,39,0,56,417,167,79
Logan-Boone Ward 4,10,122,2,2,8,10,1,487,53,0,0,20,1,0,2,22,0,119,1,0,1,0,4,0,60,0,90,642,299,74
Logan-Cane Creek,0,51,0,0,0,7,1,147,30,0,0,15,0,0,0,2,0,33,1,0,2,0,2,2,15,0,27,206,84,45
Logan-Caulksville City,1,25,0,0,0,3,0,86,10,0,0,5,0,0,0,1,0,15,0,0,0,0,1,0,11,0,32,115,60,15
Logan-Caulksville Rural,1,43,0,1,0,5,1,131,18,0,1,10,0,1,0,2,0,31,0,0,2,0,0,0,18,0,40,182,93,30
Logan-Cauthron,0,19,0,0,1,3,3,89,12,0,0,5,0,0,0,4,0,17,0,0,1,0,0,0,10,0,26,115,58,17
Logan-Clark City,1,58,1,1,2,7,3,126,32,0,0,14,0,0,0,5,0,22,0,0,1,0,5,0,26,1,14,199,74,46
Logan-Clark Crossroads,0,38,2,0,2,4,2,124,20,0,0,10,1,0,0,1,1,33,0,0,1,0,0,0,13,0,27,172,76,31
Logan-Clark Rural,1,32,2,0,0,0,1,88,18,0,1,4,0,0,0,0,0,21,0,0,1,0,0,0,12,0,17,124,51,23
Logan-Delaware,0,66,0,0,2,4,1,180,31,0,1,10,1,0,0,4,0,31,1,0,1,0,3,1,15,0,36,253,92,43
Logan-Driggs,2,34,1,1,2,4,2,146,17,0,0,10,0,0,0,2,0,39,0,0,1,0,1,0,14,0,35,192,92,27
Logan-Ellsworth,0,40,4,2,3,4,1,250,17,0,1,13,1,1,0,7,0,78,0,0,2,0,1,1,36,0,35,304,160,33
Logan-Johnson,0,18,1,2,1,0,2,86,7,0,0,5,0,0,0,6,0,17,0,0,1,0,2,0,10,0,22,110,58,12
Logan-Logan,0,37,2,1,1,5,0,122,22,0,2,5,0,1,1,5,0,20,0,0,1,0,0,0,14,0,25,168,66,30
Logan-Morrison Bluff,0,12,0,0,0,1,0,22,6,0,1,1,0,0,0,0,0,3,0,0,0,0,0,0,1,0,2,35,6,8
Logan-Mountain,1,17,0,0,1,1,0,49,13,0,0,3,0,0,0,3,0,10,0,0,1,0,0,0,6,0,18,69,38,16
Logan-Petit Jean,1,27,1,0,2,3,0,90,17,0,0,3,0,0,0,2,0,11,0,0,0,0,0,1,9,0,28,124,51,20
Logan-Ratcliff City,0,11,0,0,0,2,0,48,7,0,0,7,0,1,0,1,0,8,0,0,0,0,1,0,4,0,9,61,23,15
Logan-Ratcliff Rural,1,21,0,0,1,2,2,44,13,0,1,1,0,0,0,0,0,6,0,0,0,0,0,0,4,0,8,71,18,15
Logan-Reveille City,0,47,3,0,0,2,0,174,22,0,0,4,0,0,0,12,0,25,0,0,2,0,3,0,24,0,25,226,91,26
Logan-Reveille Rural,6,46,3,0,1,9,2,183,26,0,2,12,0,1,0,11,0,35,1,0,1,0,3,0,27,0,32,250,110,41
Logan-River City,1,17,1,1,0,2,2,52,14,0,0,6,0,0,0,1,0,11,0,0,1,0,0,0,6,0,6,76,25,20
Logan-River Rural,0,44,0,0,0,10,3,94,22,0,0,14,0,0,0,6,0,11,0,0,0,0,3,0,6,0,25,151,51,36
Logan-Shoal Creek,2,48,4,4,3,2,1,228,25,0,1,17,0,0,0,6,0,37,1,0,1,0,1,1,24,0,61,292,132,43
Logan-Short Mtn Ward 1,5,138,3,1,5,21,3,316,76,1,2,22,1,0,1,14,0,50,0,0,1,0,3,0,48,0,72,492,189,102
Logan-Short Mtn Ward 2,1,88,5,1,2,6,4,273,35,0,3,16,0,0,2,3,0,42,0,0,4,0,1,0,33,0,64,380,149,54
Logan-Short Mtn Ward 3,5,82,0,0,0,10,4,243,39,0,0,14,0,0,0,6,1,26,0,0,1,0,5,0,20,0,62,344,121,53
Logan-Short Mtn Ward 4,0,136,3,5,3,10,11,396,69,0,1,30,0,0,1,17,0,69,0,0,0,0,7,0,55,0,75,564,224,100
Logan-Sugar Creek,0,38,2,0,1,4,0,133,25,0,0,10,0,0,0,2,0,21,0,0,1,0,0,0,9,0,15,178,48,35
Logan-Tomlinson,0,20,3,1,4,2,1,99,16,0,0,6,1,2,0,4,0,28,0,0,1,0,1,0,4,0,32,130,70,25
Logan-Washburn,3,54,0,2,4,13,1,256,29,0,0,12,1,1,1,12,1,48,0,0,3,0,1,0,36,0,61,333,163,43
Lonoke-01 - Allport City,1,35,0,1,1,2,0,6,20,0,0,2,0,0,0,1,0,0,0,0,0,0,0,0,0,0,0,46,1,22
Lonoke-02 - Caroline Twp,1,123,2,1,2,19,6,730,39,0,1,23,0,0,5,26,0,149,0,0,7,0,5,1,89,0,147,884,429,63
Lonoke-03 - Austin City,2,147,7,3,16,32,2,764,36,1,0,23,0,0,7,34,1,151,1,0,1,0,5,2,80,0,155,973,437,60
Lonoke-04 - Butler Twp,0,174,3,6,4,25,4,827,50,0,2,27,1,1,4,29,1,182,0,0,5,0,4,3,85,0,203,1043,516,81
Lonoke-05 - Cabot City W/1,5,398,11,7,18,74,9,1416,91,2,0,71,3,1,10,55,4,255,0,1,8,1,21,4,175,0,253,1938,787,168
Lonoke-06 - Cabot City W/2,11,529,15,3,32,85,12,2351,137,0,0,87,3,2,16,83,1,500,1,1,8,0,51,2,380,0,440,3038,1483,229
Lonoke-07 - Cabot City W/3,6,411,14,6,35,65,13,1907,95,0,2,83,2,1,9,81,3,401,1,1,15,0,37,5,330,0,341,2457,1224,183
Lonoke-08 - Cabot City W/4,4,374,18,8,19,93,9,1536,84,1,1,60,1,2,7,76,2,311,4,0,7,0,21,4,228,0,275,2061,935,149
Lonoke-09 - York Twp,2,110,6,3,2,21,5,503,34,0,1,24,0,0,2,30,0,105,0,1,1,0,7,0,64,0,111,652,321,59
Lonoke-10 - Carlisle City W/1,2,86,3,1,4,7,3,302,20,0,0,10,0,0,0,3,1,46,1,1,3,0,5,1,41,0,39,408,141,30
Lonoke-11 - Carlisle City W/2,1,89,1,2,0,4,2,106,20,0,0,6,0,0,1,4,0,15,0,0,2,0,0,0,14,0,13,205,49,26
Lonoke-12 - Carlisle City W/3,0,71,1,4,5,9,0,130,14,0,0,5,0,0,0,6,1,18,0,0,4,0,2,0,17,1,15,220,64,19
Lonoke-13 - Carlisle Twp,0,12,2,1,0,2,1,140,7,0,1,4,1,0,0,6,0,17,0,0,3,0,0,0,17,0,21,158,64,13
Lonoke-14 - Cleveland Twp,0,22,0,0,1,1,0,83,24,0,0,3,0,0,1,9,1,61,0,0,3,0,4,1,20,0,50,107,150,27
Lonoke-15 - Dortch Twp,0,22,2,1,0,3,1,53,4,0,1,2,0,0,0,0,0,10,0,0,0,0,2,0,9,0,9,82,30,7
Lonoke-16 - Eagle Twp,3,104,10,5,11,25,2,667,27,0,0,16,0,2,7,21,2,154,0,0,9,0,19,0,88,0,146,827,446,45
Lonoke-17 - England City W/1,0,66,7,2,0,8,1,217,19,1,0,11,0,0,1,9,0,40,1,0,1,0,2,0,15,0,46,301,115,31
Lonoke-18 - England City W/2,0,59,2,0,1,7,1,143,33,0,0,4,0,1,0,3,0,22,0,0,1,0,0,1,15,0,16,213,58,38
Lonoke-19 - England City W/3,0,177,1,5,1,5,1,47,62,0,0,8,0,0,0,1,0,9,0,0,0,0,0,0,2,0,10,237,22,70
Lonoke-20 - England City W/4,0,68,0,0,1,2,2,84,23,0,0,5,0,0,0,2,0,8,1,0,1,0,0,0,10,0,14,157,36,28
Lonoke-21 - Fletcher Twp,1,5,0,1,1,0,0,53,4,0,0,1,0,0,0,3,0,20,0,0,0,0,0,0,4,0,16,61,43,5
Lonoke-22 - Furlow Twp,3,120,0,3,5,19,1,259,58,0,0,14,1,0,2,11,0,54,0,0,1,0,9,1,24,0,73,410,175,73
Lonoke-23 - Goodrum Twp,2,161,9,2,10,26,3,971,45,0,0,26,0,0,5,28,0,251,0,2,12,1,17,0,134,0,209,1184,659,71
Lonoke-24 - Gray Twp,7,303,8,4,8,31,5,792,39,0,0,19,0,0,3,7,1,82,0,0,5,0,2,0,41,0,87,1158,228,58
Lonoke-25 - Gumwood Twp,1,20,0,1,0,1,1,75,16,0,0,4,0,0,1,2,0,21,0,0,0,0,1,0,30,0,31,99,86,20
Lonoke-26 - Hamilton Twp,0,3,0,0,0,2,0,45,1,0,0,3,0,0,1,3,0,18,0,0,1,0,0,0,4,0,11,50,38,4
Lonoke-27 - Crooked Creek Twp,0,18,0,0,0,0,0,84,5,0,0,4,0,0,0,2,0,42,0,0,0,0,0,0,5,0,9,102,58,9
Lonoke-28 - Humnoke City,0,9,0,0,0,0,0,83,2,0,0,1,0,0,0,0,0,26,0,0,1,0,0,0,10,0,11,92,48,3
Lonoke-29 - Indian Bayou Twp,0,16,1,0,0,0,1,41,5,0,0,4,0,0,0,1,0,7,0,0,1,0,1,0,9,0,11,59,30,9
Lonoke-30 - Coy City,0,10,0,1,0,1,0,23,0,0,1,0,0,0,0,1,0,11,0,0,0,0,0,0,8,0,3,35,23,1
Lonoke-31 - Isbell Twp,0,4,0,0,0,0,1,42,4,0,0,3,0,0,0,4,0,9,0,0,0,0,0,0,5,0,7,47,25,7
Lonoke-32 - Lafayette Twp,0,2,0,0,0,0,0,13,3,0,0,0,0,0,0,0,0,1,0,0,0,0,0,0,0,0,2,15,3,3
Lonoke-33 - Keo City,2,42,1,0,2,2,0,91,12,0,0,6,0,0,0,4,0,20,0,0,3,0,1,0,12,0,22,140,62,18
Lonoke-34 - Lonoke City W/1,0,76,1,1,11,2,1,144,25,0,1,14,0,0,1,7,0,42,0,0,3,0,2,0,19,0,29,236,103,40
Lonoke-35 - Lonoke City W/2,0,38,0,3,1,2,1,112,16,0,0,2,1,0,0,5,0,20,0,0,1,0,3,0,18,0,25,157,72,19
Lonoke-36 - Lonoke City W/3,0,68,2,0,0,5,0,94,18,0,1,10,1,1,0,7,0,22,0,0,1,0,0,0,9,0,13,169,52,31
Lonoke-37 - Lonoke City W/4,0,69,0,1,0,5,1,144,21,0,0,7,0,0,1,9,0,14,0,0,1,0,3,0,23,0,40,220,91,28
Lonoke-38 - Lonoke Twp,3,88,0,0,2,8,1,281,41,0,0,13,0,0,1,3,0,57,0,0,2,1,8,0,43,0,84,383,199,54
Lonoke-39 - Magness Twp,2,146,14,4,12,18,1,680,52,0,1,41,1,0,2,25,0,149,2,1,6,0,12,2,84,0,161,877,444,95
Lonoke-40 - Oak Grove Twp,5,302,8,3,12,49,8,1427,101,0,3,44,0,0,12,47,1,323,3,1,9,1,22,1,213,0,305,1814,938,148
Lonoke-41 - Pettus Twp,2,17,0,0,0,1,0,37,14,0,0,1,0,0,0,1,0,7,0,0,0,0,0,0,8,0,6,57,22,15
Lonoke-42 - Prairie Twp,0,41,1,0,1,3,0,178,6,0,0,1,0,0,0,3,0,17,0,0,0,0,1,0,7,0,24,224,52,7
Lonoke-43 - Pulaski Twp,1,137,2,0,0,4,0,42,67,0,0,7,0,0,0,2,0,9,0,0,1,0,0,0,5,0,11,186,28,74
Lonoke-44 - Richwood Twp,0,15,0,0,1,2,1,29,5,0,0,0,0,0,1,2,0,1,0,0,0,0,0,0,6,0,2,48,12,5
Lonoke-45 - Totten Twp,1,27,0,1,2,8,2,100,2,0,0,1,0,0,1,3,0,13,0,0,0,0,2,0,7,0,8,141,34,3
Lonoke-46 - Wall Twp,0,10,0,0,0,1,0,15,3,0,0,3,0,0,0,0,0,3,0,0,0,0,0,0,1,0,1,26,5,6
Lonoke-47 - Ward City W/1,1,86,3,3,5,9,5,319,26,1,0,25,2,0,0,11,0,62,0,1,1,0,3,0,29,0,73,431,180,54
Lonoke-48 - Ward City W/2,4,73,3,4,1,15,2,389,23,1,1,19,0,0,0,6,0,61,0,0,6,0,3,0,34,0,69,491,179,44
Lonoke-49 - Ward City W/3,1,93,3,1,5,25,4,433,26,0,0,14,0,1,2,13,0,76,1,0,4,0,5,0,35,0,57,565,193,41
Lonoke-50 - Ward Twp,2,60,6,1,5,20,2,415,18,1,0,15,1,0,3,16,1,97,0,0,2,0,5,1,38,0,78,511,241,35
Lonoke-51 - Williams Twp,0,79,0,2,2,8,1,148,27,0,0,9,0,0,0,3,0,36,0,1,1,0,3,0,16,0,32,240,92,36
Lonoke-53 - Lonoke City W/5,0,140,0,0,1,4,1,69,55,0,0,11,0,0,1,0,0,11,0,0,0,0,5,0,4,0,15,215,36,66
Lonoke-54 - Lonoke City W/6,1,124,4,1,1,1,0,22,41,0,1,13,0,2,0,0,0,4,0,0,1,0,0,0,0,0,6,154,11,57
Lonoke-55 - Lonoke City W/7,0,94,0,2,2,5,1,99,28,0,0,8,1,0,2,3,0,21,0,0,0,0,8,0,13,2,20,203,69,37
Lonoke-56 - Lonoke City W/8,1,91,1,1,0,1,1,197,48,0,2,9,1,0,1,9,0,35,1,0,1,0,4,1,37,0,38,293,127,60
Madison-Alabam,4,123,4,1,2,19,8,398,101,11,17,91,12,6,1,10,0,46,0,0,2,0,0,1,9,1,48,559,118,238
Madison-Boston,0,54,7,0,2,2,1,112,47,3,2,45,1,2,0,1,0,9,0,0,0,0,0,0,7,1,18,178,36,100
Madison-Bowen,2,61,4,2,1,9,1,163,45,2,3,41,3,2,0,1,0,17,0,0,0,0,2,0,9,0,24,243,53,96
Madison-California,2,108,4,3,1,12,2,419,66,9,13,72,7,13,2,8,0,62,0,0,1,0,5,0,25,0,81,551,184,180
Madison-Hilburn,1,73,3,0,7,7,2,127,70,5,5,36,4,4,0,4,0,29,0,0,0,0,0,0,7,0,11,220,51,124
Madison-Japton,1,18,1,0,1,3,1,146,9,1,2,19,1,1,2,3,0,23,0,0,0,0,1,0,10,0,25,171,64,33
Madison-Kings River,1,91,3,0,1,17,4,292,60,15,10,59,7,5,0,5,0,31,0,0,3,0,2,0,15,0,51,409,107,156
Madison-Lamar,1,152,1,0,3,9,4,375,79,8,9,63,2,3,1,10,0,60,0,0,0,0,1,0,32,1,61,545,166,164
Madison-Lincoln,0,43,3,1,2,3,1,124,36,2,3,38,2,1,0,2,0,19,0,0,0,0,0,1,2,0,21,177,45,82
Madison-Marble,1,43,2,2,2,5,1,198,52,11,5,35,1,4,0,1,0,22,0,0,1,0,0,0,7,0,24,254,55,108
Madison-Mill Creek,1,61,6,1,1,3,2,151,52,1,6,42,3,3,0,3,0,16,0,0,0,0,2,0,5,0,14,226,40,107
Madison-Prairie,2,185,1,1,9,12,5,641,99,7,7,112,8,7,2,6,0,99,0,0,4,0,6,0,63,0,100,856,280,240
Madison-Richland,2,58,1,1,2,5,0,267,22,6,7,73,4,12,0,6,0,33,0,0,0,0,0,0,17,0,36,336,92,124
Madison-Valley,0,88,4,0,2,2,4,192,62,2,6,47,1,1,1,5,0,25,0,0,0,0,2,0,19,0,16,292,68,119
Madison-War Eagle,4,184,3,1,6,17,1,707,129,22,34,160,7,20,0,12,0,60,1,0,1,0,5,1,36,0,70,923,186,372
Madison-Ward 1,0,48,3,0,0,5,1,112,32,5,3,29,3,2,0,3,0,7,0,0,1,0,1,0,6,0,16,169,34,74
Madison-Ward 2,0,36,1,0,2,0,1,67,21,1,1,21,5,4,1,1,0,5,0,0,0,0,0,0,6,0,6,107,19,53
Madison-Ward 3,0,54,0,0,1,5,1,166,47,7,2,29,0,2,0,4,0,27,0,0,0,1,1,0,11,0,24,227,68,87
Madison-Ward 4,1,73,2,0,2,7,1,131,37,6,9,38,0,0,0,2,0,17,0,0,0,0,0,0,8,0,13,217,40,90
Madison-Wharton,0,35,1,1,0,2,2,140,20,5,4,29,0,0,1,2,0,27,0,0,0,0,1,0,2,0,13,181,46,58
Marion-PRECINCT 0001,0,35,0,0,0,0,0,84,8,0,0,5,0,0,0,1,0,13,0,0,1,0,3,0,6,0,16,119,40,13
Marion-PRECINCT 0002,0,69,2,2,1,3,0,245,21,0,0,19,0,0,0,7,1,48,0,0,3,0,7,0,22,1,80,322,169,40
Marion-PRECINCT 0003,1,70,1,0,3,4,1,192,22,0,0,13,0,0,2,7,2,28,0,0,4,0,10,1,22,0,53,272,129,35
Marion-PRECINCT 0004,0,44,2,0,2,2,1,62,6,0,0,5,0,0,0,8,0,12,0,1,1,0,2,0,13,0,17,113,54,11
Marion-PRECINCT 0005,0,36,1,1,1,0,0,89,11,0,0,10,0,0,0,3,0,17,0,0,0,0,2,0,16,0,35,128,73,21
Marion-PRECINCT 0006,3,236,7,3,3,20,2,597,63,0,2,43,0,1,3,16,0,87,2,0,10,0,22,2,63,1,162,871,368,109
Marion-PRECINCT 0007,0,22,0,0,0,2,1,28,8,0,0,3,0,0,0,0,0,3,0,0,0,0,0,0,5,0,8,53,16,11
Marion-PRECINCT 0008,0,116,11,2,2,15,2,671,26,0,1,39,0,2,6,40,1,115,1,0,7,0,23,3,69,0,193,819,458,68
Marion-PRECINCT 0009,6,69,4,2,2,4,0,307,21,0,0,17,0,1,1,16,0,56,0,0,3,0,8,2,29,0,101,394,216,39
Marion-PRECINCT 0010,0,20,0,0,5,3,0,100,4,0,0,3,0,1,0,7,0,6,1,0,3,0,1,1,8,0,33,128,60,8
Marion-PRECINCT 0011,0,12,0,0,0,4,1,52,4,0,0,6,0,1,0,1,0,7,0,0,4,0,0,0,4,0,14,69,30,11
Marion-PRECINCT 0012,0,5,0,0,1,0,0,12,1,0,0,0,0,0,1,0,0,4,0,0,0,0,0,0,0,0,5,18,10,1
Marion-PRECINCT 0013,0,8,0,0,0,1,0,29,1,0,0,2,0,0,2,1,0,6,0,0,0,0,0,0,2,0,9,38,20,3
Marion-PRECINCT 0014,0,4,0,0,0,0,0,19,0,0,0,0,0,0,0,2,0,3,0,0,1,0,1,0,3,0,5,23,15,0
Marion-PRECINCT 0015,1,20,0,0,0,2,1,58,4,0,0,7,0,0,0,1,2,5,1,0,0,0,2,0,8,0,33,82,52,11
Marion-PRECINCT 0016,4,131,6,2,9,21,0,486,36,0,1,26,1,0,0,27,3,86,0,0,15,1,19,2,41,0,163,659,357,64
Marion-PRECINCT 0017,1,84,5,0,3,12,2,352,28,1,0,19,1,1,1,16,1,50,0,0,8,0,7,0,38,0,82,459,203,50
Marion-PRECINCT 0018,0,27,3,0,2,2,0,147,13,0,0,10,0,1,3,6,0,36,0,0,1,0,3,0,15,0,48,181,112,24
Marion-PRECINCT 0019,0,46,1,2,1,12,0,221,18,0,0,3,0,1,1,17,1,37,0,0,1,0,6,2,28,0,71,283,164,22
Marion-PRECINCT 0020,1,49,4,0,7,6,0,216,19,0,0,11,0,0,1,17,0,47,2,0,3,0,8,1,23,0,72,283,174,30
Marion-PRECINCT 0021,0,1,0,1,0,2,1,36,0,0,0,2,0,0,0,3,0,6,0,0,0,0,0,0,3,0,12,41,24,2
Marion-PRECINCT 0022,0,4,0,0,0,0,0,10,1,0,0,0,0,0,0,0,0,2,0,0,0,0,0,0,0,0,3,14,5,1
Marion-PRECINCT 0023,0,39,1,0,3,2,0,121,10,0,0,16,0,0,2,9,0,24,0,0,1,0,3,0,7,0,43,166,89,26
Marion-PRECINCT 0024,3,22,0,0,0,5,0,135,11,0,1,7,0,0,3,20,1,32,0,0,1,0,3,1,10,0,40,165,111,19
Marion-PRECINCT 0025,1,75,1,0,4,9,1,277,33,0,1,9,1,1,1,25,1,47,1,0,1,0,7,3,31,0,93,368,210,45
Marion-PRECINCT 0026,4,68,3,1,5,10,2,342,21,0,0,21,0,0,4,23,1,70,0,0,4,0,6,2,32,0,83,435,225,42
Marion-PRECINCT 0027,0,0,0,0,0,0,0,5,0,0,0,0,0,0,0,1,0,0,0,0,0,0,0,0,1,0,2,5,4,0
Marion-PRECINCT 0028,0,32,0,1,1,6,3,126,12,0,0,7,0,0,1,11,2,18,0,0,2,0,3,1,10,0,32,169,80,19
Marion-PRECINCT 0029,0,1,0,0,0,0,0,6,1,0,0,0,0,0,0,0,0,0,0,0,0,0,0,0,3,0,3,7,6,1
Marion-PRECINCT 0030,0,89,4,0,6,10,3,311,25,1,1,14,0,0,4,34,0,47,1,0,15,0,5,0,42,0,87,423,235,41
Miller-BRIGHT STAR,0,29,2,2,1,3,0,299,12,0,1,11,0,1,1,6,0,83,0,0,5,0,1,0,15,0,48,336,159,25
Miller-CENTRAL,3,48,3,1,1,8,2,603,15,0,0,9,0,0,5,25,0,162,1,0,12,0,6,1,35,2,149,669,398,24
Miller-COLLEGE HILL,7,491,5,3,5,11,7,452,126,0,1,23,2,3,3,12,0,88,0,1,7,0,17,0,27,0,96,981,251,155
Miller-DODDRIDGE,2,87,1,0,5,5,0,308,37,0,0,9,0,0,1,10,0,101,0,0,4,1,2,0,19,0,66,408,204,46
Miller-FOUKE,3,122,4,1,6,21,5,1245,41,0,2,24,0,0,6,39,0,390,1,0,20,5,11,2,48,0,248,1407,770,67
Miller-GARLAND,2,67,0,0,1,1,1,42,21,0,0,5,0,1,1,3,0,9,0,0,3,0,0,0,3,0,15,114,34,27
Miller-GENOA,7,61,0,1,3,12,2,818,16,0,1,19,0,1,4,30,1,231,0,0,15,1,11,2,36,1,181,904,513,37
Miller-GREENWICH VLG,3,142,0,3,5,16,1,858,37,0,1,22,1,1,0,28,1,203,0,0,9,0,14,2,65,0,200,1028,522,62
Miller-HICKORY STREET,5,377,7,0,3,17,4,696,104,0,2,38,2,2,1,24,0,125,0,1,11,1,11,0,40,0,129,1109,343,148
Miller-HICKORY STREET SOUTH,7,297,5,0,4,16,4,481,88,0,0,30,0,0,2,22,0,84,1,0,5,0,12,1,53,0,101,814,281,118
Miller-MANDEVILLE,0,165,1,0,1,5,2,276,49,0,0,9,0,1,3,21,0,63,1,0,11,0,10,1,20,1,68,450,199,59
Miller-NORTH HEIGHTS,6,502,10,2,9,27,1,851,170,0,1,29,1,2,5,49,0,181,0,2,14,0,27,2,108,2,166,1408,556,203
Miller-OZAN INGHRAM,1,260,3,0,4,14,2,252,88,1,0,14,0,2,2,11,0,52,0,0,8,0,5,0,32,0,46,536,156,105
Miller-RONDO,0,57,2,2,4,4,4,600,22,1,1,7,1,1,0,28,0,142,0,0,10,0,14,4,44,3,141,673,386,33
Miller-SANDFLAT,2,228,6,0,4,9,4,166,45,1,1,11,0,1,0,10,0,33,0,0,2,0,3,1,7,1,38,419,95,59
Miller-SUGAR HILL,6,402,9,2,11,24,5,1219,136,0,3,32,1,1,7,50,4,278,0,1,11,1,43,1,180,0,251,1678,827,173
Miller-TRICE,2,341,3,3,3,21,5,584,112,0,0,25,0,2,2,28,0,130,0,0,14,0,13,0,51,1,115,962,354,139
Miller-UNION,5,196,5,0,1,20,4,1501,60,0,5,27,0,3,4,51,1,379,2,0,14,0,11,2,97,0,350,1732,911,95
Miller-WASHINGTON,4,401,3,2,4,3,3,43,121,0,0,13,0,1,0,1,0,7,0,0,1,1,1,0,1,0,17,463,29,135
Mississippi-AAMOD Bldg,6,1070,8,13,8,14,5,136,499,2,3,48,1,3,0,2,0,18,0,0,0,0,2,0,11,0,34,1260,67,556
Mississippi-ANC Burdette,0,23,0,0,0,1,0,44,9,0,0,2,0,1,1,1,0,5,0,0,0,0,0,0,3,0,2,68,12,12
Mississippi-Bassett CH,1,45,0,0,3,4,1,94,19,0,2,5,0,1,0,1,0,8,0,0,0,0,1,0,17,0,26,148,53,27
Mississippi-Birdsong FS,0,49,0,1,1,3,0,61,27,0,0,0,0,0,0,3,1,12,0,0,0,0,1,0,5,0,6,115,28,27
Mississippi-Charles Strong CC,3,206,0,2,1,3,3,93,90,1,0,8,0,3,0,1,0,8,0,0,1,0,0,0,9,0,15,311,34,102
Mississippi-Dell Community Center,1,65,1,1,0,0,3,334,17,0,1,1,0,0,1,8,0,46,0,0,1,0,2,1,25,0,75,405,159,19
Mississippi-Dyess CC,0,21,1,1,1,2,1,148,2,0,0,1,0,0,0,5,2,25,0,0,1,0,1,0,7,0,31,175,72,3
Mississippi-Etowah FS,0,41,2,0,1,13,0,183,20,1,1,5,0,0,0,5,0,26,0,1,0,0,1,0,13,0,35,240,81,27
Mississippi-Gosnell Comm Center,2,74,3,0,1,1,0,174,17,1,0,5,0,0,0,10,0,18,0,0,1,0,1,0,17,0,49,255,96,23
Mississippi-Gosnell School,0,148,3,3,2,5,1,280,32,0,0,11,0,0,2,8,0,31,0,0,5,0,3,1,24,0,51,442,125,43
Mississippi-Joiner CH,0,149,0,0,2,4,0,75,58,0,0,5,0,1,0,1,0,10,0,0,0,0,1,0,1,0,15,230,28,64
Mississippi-Keiser FBC,0,74,2,1,1,7,0,267,17,1,1,6,0,0,0,4,0,35,0,0,2,0,4,0,12,0,65,352,122,25
Mississippi-Leachville Library,5,121,7,6,12,9,4,613,22,1,0,12,1,0,9,15,2,63,1,0,9,0,8,1,47,0,140,777,295,36
Mississippi-Manila Depot,3,237,4,5,5,20,6,1013,74,2,1,25,0,0,9,47,3,136,2,1,26,0,19,2,124,0,310,1293,679,102
Mississippi-Miss Co Election Center,4,870,13,7,13,32,6,1452,317,0,4,89,3,3,18,36,4,178,0,0,6,0,44,1,166,0,324,2397,777,416
Mississippi-Osceola Main St,8,1360,9,9,14,30,14,845,493,4,6,57,2,6,2,19,0,92,1,0,8,0,20,1,79,1,191,2289,414,568
Mississippi-Trinity Baptist,4,867,4,5,11,17,4,381,231,2,8,38,8,12,4,25,6,25,10,19,23,14,15,9,52,16,77,1293,295,299
Mississippi-Wilson Library,1,114,2,1,2,6,1,251,52,1,0,9,0,1,0,13,0,21,0,0,2,0,3,0,21,0,55,378,115,63
Monroe-Brinkley Ward 1,0,147,0,1,1,3,3,198,71,1,2,32,4,1,0,4,0,28,0,0,1,0,0,0,9,0,23,353,65,111
Monroe-Brinkley Ward 2,1,224,2,2,4,4,0,111,120,2,2,26,2,3,0,1,0,15,0,0,1,0,0,1,14,0,13,348,45,155
Monroe-Brinkley Ward 3,3,171,3,0,0,3,0,164,90,0,5,32,3,1,0,1,0,18,0,0,0,0,1,0,14,0,36,344,70,131
Monroe-Brinkley/Dixon,0,73,0,0,1,2,2,160,58,2,8,45,2,1,0,3,0,7,0,0,0,0,0,0,10,0,13,238,33,116
Monroe-Cache Township,0,10,0,0,0,6,0,47,19,1,2,29,3,5,0,0,0,9,0,0,0,0,0,0,5,0,4,63,18,59
Monroe-Clarendon Ward 1,0,107,1,2,1,2,1,68,88,1,2,33,4,4,0,0,0,1,0,0,0,0,0,0,0,0,8,182,9,132
Monroe-Clarendon Ward 2,1,87,0,1,0,5,0,127,72,2,5,64,0,2,0,1,0,7,0,0,1,0,0,0,0,0,5,221,14,145
Monroe-Clarendon Ward 3,0,93,0,0,0,3,1,87,64,2,2,32,7,3,0,1,0,1,0,0,0,0,0,0,2,0,2,184,6,110
Monroe-Cypress Ridge,0,13,0,0,0,0,1,96,16,1,2,27,2,5,0,0,0,7,0,0,0,0,0,0,1,0,5,110,13,53
Monroe-Duncan Township,0,29,0,1,1,1,1,36,16,0,4,10,0,3,0,0,0,5,0,0,1,0,0,0,0,0,7,69,13,33
Monroe-Hindman/Pine Ridge/Raymon,1,24,0,0,1,3,0,60,11,2,0,16,0,1,0,1,0,4,0,0,0,0,2,0,3,0,9,89,19,30
Monroe-Holly Grove,0,205,2,1,0,0,0,26,136,1,5,14,0,2,0,0,0,2,0,1,1,0,0,0,4,0,8,234,16,158
Monroe-Jacksn/Clbrne/Mntgmry/Sma,0,38,0,0,0,2,0,81,23,2,3,21,4,2,0,0,0,5,0,0,0,0,2,0,3,0,5,121,15,55
Monroe-Richland/Greenfield/Fargo,0,53,1,0,1,0,0,77,35,0,3,12,3,2,0,0,0,8,0,0,1,0,0,0,6,0,19,132,34,55
Monroe-Roc-Roe/Roe City,0,26,0,0,2,2,1,107,24,0,1,18,0,2,0,2,0,21,0,0,0,0,0,0,10,0,16,138,49,45
Montgomery-Alamo,0,5,0,0,0,2,0,32,1,0,0,0,0,0,0,2,0,7,0,0,0,0,0,0,4,0,7,39,20,1
Montgomery-Black Springs,1,47,4,1,1,4,2,169,25,0,0,12,0,1,0,10,1,32,0,0,2,0,4,0,14,0,62,229,125,38
Montgomery-Caddo Gap,1,48,0,0,1,7,3,272,14,0,0,7,1,0,0,7,0,31,1,0,3,0,2,0,32,0,72,332,148,22
Montgomery-Caney,1,49,1,0,2,1,1,238,18,0,0,3,0,1,1,10,0,64,0,0,3,0,4,0,26,0,37,293,145,22
Montgomery-Center,2,138,6,2,4,10,2,368,56,1,1,27,0,1,2,15,1,53,0,0,2,0,21,0,66,0,111,532,271,86
Montgomery-Fannie,0,19,0,1,0,0,1,64,3,0,0,1,0,0,0,0,0,15,0,0,1,0,3,0,7,0,16,85,42,4
Montgomery-Hopper,1,9,1,1,1,0,0,69,3,0,1,6,0,2,0,1,0,17,0,0,0,0,2,0,5,0,25,82,50,12
Montgomery-Mount Ida - Inside,1,92,1,5,1,6,4,232,45,0,0,14,1,0,3,11,0,18,0,0,2,0,2,1,14,0,58,342,109,60
Montgomery-Mount Ida - Outside,0,95,8,3,2,9,2,314,41,0,1,27,0,0,2,5,1,45,0,0,3,0,8,2,26,0,81,433,173,69
Montgomery-Norman - Inside,1,20,3,3,2,4,1,87,10,0,0,6,1,1,0,8,0,9,0,0,1,0,2,0,4,0,13,121,37,18
Montgomery-Norman - Outside,0,61,1,2,0,3,0,124,30,0,0,5,1,1,0,4,0,12,1,0,3,0,3,2,12,0,35,191,72,37
Montgomery-Oden - Inside,0,22,0,0,1,1,0,73,7,1,0,3,0,0,0,2,0,13,0,0,2,0,1,2,19,1,20,97,60,11
Montgomery-Oden - Outside,1,50,3,2,5,1,4,227,22,0,0,12,0,0,1,7,0,47,1,0,3,0,6,0,23,0,56,293,144,34
Montgomery-Pencil Bluff,0,25,0,1,0,0,4,143,7,0,0,9,1,1,0,12,0,31,0,0,2,0,3,0,15,0,27,173,90,18
Montgomery-Sims,1,31,3,0,8,2,0,105,19,0,1,4,0,0,0,5,0,18,0,0,1,0,6,0,9,0,26,150,65,24
Montgomery-Washita,0,37,2,0,0,2,0,126,15,0,0,6,0,2,0,1,0,21,0,0,3,0,1,1,11,0,27,167,65,23
Nevada-Bluff City City & Rural,0,65,1,1,1,1,0,47,39,0,0,11,0,0,0,2,0,8,0,0,0,0,1,0,7,0,8,116,26,50
Nevada-Bodcaw City & Rural,4,63,2,1,1,1,0,311,33,0,3,18,4,6,0,8,0,67,0,0,3,1,1,1,24,0,49,383,154,64
Nevada-East & West Rural,4,152,1,1,3,10,3,642,96,3,17,93,20,9,0,13,1,67,0,0,5,0,4,1,37,0,58,816,186,238
Nevada-Emmet City & Rural,2,72,0,1,0,3,3,161,29,1,1,8,6,0,0,7,0,18,0,0,2,0,0,0,11,0,31,242,69,45
Nevada-Georgia,0,8,0,0,1,2,2,74,14,1,1,13,2,1,1,3,0,6,0,0,1,0,1,0,6,0,5,87,23,32
Nevada-Laneburg,0,35,0,0,1,2,2,175,24,2,6,23,0,3,1,2,0,26,0,0,0,0,3,1,13,0,15,215,61,58
Nevada-Rosston City,0,66,0,0,0,0,1,23,48,1,0,11,2,0,0,1,0,7,0,0,2,0,0,0,4,0,13,90,27,62
"Nevada-Wards 1,2,3 & 4",0,528,1,3,8,16,4,400,299,11,15,104,12,7,0,4,0,25,0,0,1,0,0,0,11,0,29,960,70,448
Nevada-Willisville City & Rural,0,87,1,0,0,0,1,120,28,0,0,10,1,1,0,1,0,18,0,1,1,0,1,0,13,0,24,209,59,40
Newton-Big Creek,0,11,0,0,1,2,1,62,2,0,0,0,0,0,1,0,0,4,0,0,0,0,1,0,4,0,19,77,29,2
Newton-Boston,0,6,0,0,0,0,0,40,2,0,0,5,0,0,0,2,0,4,0,0,0,0,0,0,8,0,9,46,23,7
Newton-Dogpatch,0,52,4,0,1,4,2,155,16,0,0,15,0,0,0,14,0,38,0,0,4,1,3,0,15,0,38,218,113,31
Newton-Grove,0,64,1,1,2,5,1,306,29,0,0,17,0,1,1,7,2,38,0,0,4,0,3,0,30,0,63,380,148,47
Newton-Hasty,0,12,0,0,2,0,1,117,2,0,0,2,0,0,0,2,0,6,0,0,1,0,1,2,11,0,16,132,39,4
Newton-Hickory Grove,0,5,3,0,1,0,0,33,0,0,0,3,0,0,0,0,0,9,0,0,0,0,1,0,9,1,4,42,24,3
Newton-Hudson,4,26,8,1,0,1,0,99,5,1,0,10,0,0,0,1,0,11,0,0,2,0,0,0,5,0,14,139,33,16
Newton-Jackson,9,352,32,8,7,20,5,1127,67,0,1,74,0,0,4,25,1,109,0,1,5,0,11,4,60,0,197,1560,417,142
Newton-Jefferson,0,16,6,0,0,2,1,68,3,0,0,17,0,0,0,3,0,10,0,0,0,0,1,0,6,0,18,93,38,20
Newton-Lincoln,0,14,1,0,0,2,0,62,5,0,1,6,0,0,0,4,0,9,0,0,1,0,0,1,4,0,15,79,34,12
Newton-Low Gap,1,21,1,1,0,3,1,68,8,0,0,8,0,0,0,5,0,8,0,0,1,0,0,0,14,0,19,96,47,16
Newton-Mt. Sherman,0,6,0,0,5,3,0,69,0,0,0,7,0,0,0,4,0,18,0,0,0,0,4,0,9,0,18,83,53,7
Newton-Murray,0,19,4,0,0,0,0,7,6,0,0,14,0,0,0,4,0,1,1,0,0,0,1,1,0,0,0,30,8,20
Newton-Pleasant Hill,0,19,1,0,1,0,0,109,9,0,0,4,0,0,0,3,0,21,0,0,0,0,1,0,11,0,20,130,56,13
Newton-Polk,0,12,0,0,1,0,0,71,6,0,0,7,0,0,0,3,0,3,0,0,0,0,0,0,2,0,17,84,25,13
Newton-Ponca,0,21,3,0,1,1,0,130,7,0,0,5,0,0,0,10,0,5,0,0,0,0,0,0,4,0,8,156,27,12
Newton-Richland,0,5,1,0,0,2,0,102,3,0,0,1,0,0,0,2,0,24,0,0,1,0,2,0,15,0,29,110,73,4
Newton-Van Buren,0,22,4,0,0,2,0,44,8,0,2,10,0,0,0,2,0,8,0,0,0,0,1,0,1,0,12,72,24,20
Newton-White,1,16,0,0,0,2,1,206,12,0,0,5,0,0,0,5,0,33,0,0,0,0,0,0,18,0,45,226,101,17
Ouachita-BUENA VISTA FIRE STATION,0,39,0,0,0,1,1,92,26,1,0,13,1,2,0,7,0,24,0,0,2,0,2,2,17,0,24,133,78,43
Ouachita-CALVARY BAPTIST CHURCH EAST CAMDEN,1,62,0,6,2,9,0,319,44,2,6,24,1,7,1,9,0,90,0,0,4,0,1,0,46,0,80,399,231,84
Ouachita-CAMDEN CUMBERLAND PRESBYTERIAN CHURCH,1,84,1,1,2,3,2,120,67,4,0,20,0,1,0,7,0,15,0,0,6,0,3,0,24,0,41,214,96,92
Ouachita-CHIDESTER SCHOOL,0,118,0,2,0,0,3,127,81,2,2,16,0,1,0,5,0,27,0,0,3,0,0,0,16,0,34,250,85,102
Ouachita-CLEVELAND AUDITORIUM,1,141,0,1,0,1,1,43,99,0,2,10,0,0,0,3,0,7,0,0,0,0,1,0,12,0,15,188,38,111
Ouachita-EARLY VOTE,7,2408,12,12,20,47,21,2356,827,15,38,208,3,15,5,25,1,150,0,0,8,0,19,0,159,1,193,4883,561,1106
Ouachita-ELLIOTT BAPTIST CHURCH,0,50,0,2,2,1,1,134,49,0,1,13,0,0,0,4,0,34,0,0,0,0,3,0,21,0,30,190,92,63
Ouachita-FAIRVIEW METHODIST CHURCH,1,107,1,0,4,5,1,198,78,0,2,17,1,1,0,13,1,29,0,0,2,0,4,0,30,0,39,317,118,99
Ouachita-FORESTRY BUILDING,0,65,4,1,1,4,0,153,55,3,4,25,2,0,1,6,0,40,0,0,1,0,3,0,41,0,37,228,129,89
Ouachita-FRENCHPORT FIRE STATION,0,51,0,0,3,3,1,188,38,0,1,20,0,1,1,1,0,49,0,0,3,0,1,0,31,0,44,246,130,60
Ouachita-HARMONY GROVE METHODIST CHURCH,2,95,0,1,2,3,1,223,60,3,2,30,1,1,0,11,1,51,0,0,2,0,1,0,36,0,68,327,170,97
Ouachita-HOLLY GROVE BAPTIST CHURCH,1,60,1,0,0,0,0,62,32,2,0,8,1,0,0,1,0,4,0,0,0,0,1,0,8,0,27,124,41,43
Ouachita-NEW STARLIGHT BAPTIST CHURCH,1,131,3,3,1,7,1,337,127,1,1,27,0,2,0,18,0,88,0,0,10,0,9,0,79,0,111,484,315,158
Ouachita-PAPER BALLOTS,0,133,0,1,5,2,1,112,31,0,1,4,2,0,1,2,0,0,0,0,0,0,2,0,3,0,3,254,11,38
Ouachita-SILVER SPRINGS METHODIST CHURCH,1,18,0,0,0,0,0,42,16,0,2,2,0,1,0,0,0,12,0,0,1,0,0,0,5,0,13,61,31,21
Ouachita-ST. JAMES A.M.E. CHURCH EAGLE MILLS,0,20,0,0,0,0,1,29,19,0,0,0,0,0,0,2,0,9,0,0,0,0,0,0,1,0,6,50,18,19
Ouachita-ST. MARKS METHODIST CHURCH,0,208,1,2,5,4,2,262,153,2,2,44,1,4,0,19,2,78,0,0,1,0,8,1,75,0,87,484,271,206
Ouachita-ST. PAUL BAPTIST CHURCH,0,159,0,0,0,1,1,1,121,0,1,7,0,0,0,0,0,2,0,0,0,0,0,0,0,0,0,162,2,129
Ouachita-STANDARD UMPSTEAD FIRE STATION,2,13,0,0,0,0,0,141,5,0,0,3,0,0,1,9,0,18,0,0,2,0,1,0,22,0,46,156,99,8
Ouachita-STEPHENS LIBRARY,2,191,1,1,0,2,1,146,77,2,3,11,2,2,0,4,0,25,1,0,0,0,1,0,16,1,40,344,88,97
Ouachita-TOWNSHIP COMMUNITY CENTER,0,9,0,0,0,1,0,80,7,1,1,11,0,2,0,3,0,8,0,0,0,0,0,0,2,0,22,90,35,22
Perry-01-APLIN,0,21,1,1,1,2,0,100,29,0,4,18,2,1,0,1,0,9,0,0,0,0,0,0,7,0,14,126,31,54
Perry-02-CASA,0,48,1,2,0,3,1,153,37,4,1,16,3,5,0,1,0,20,0,0,0,0,0,0,8,0,36,208,65,66
Perry-03-CHERRY HILL,1,21,3,0,1,5,0,78,16,1,4,13,1,1,1,1,0,13,0,0,0,0,0,0,4,0,16,109,35,36
Perry-04-FOURCHE,4,152,9,4,5,16,2,461,102,3,6,85,6,2,3,9,0,57,0,1,4,0,3,1,31,0,82,653,191,204
Perry-05-HOUSTON,2,77,1,1,2,8,3,224,37,8,4,30,0,3,0,12,0,29,0,0,0,0,3,0,12,0,25,318,81,82
Perry-06-KENNEY,0,6,0,0,0,2,0,55,3,0,2,7,1,1,0,1,0,18,0,0,1,0,0,0,4,0,6,63,30,14
Perry-07-LAKE,0,55,0,4,2,5,0,177,27,0,1,25,4,2,0,6,0,32,0,1,0,0,0,0,7,0,33,243,79,59
Perry-08-MAUMELLE,1,55,5,2,4,9,0,179,42,2,1,23,2,4,2,3,0,50,0,0,0,0,3,0,14,0,34,255,106,74
Perry-09-NEW TENNESSEE,0,18,0,0,0,0,2,62,10,3,0,5,1,0,0,1,0,17,0,0,1,0,1,0,8,0,2,82,30,19
Perry-10-PERRY,0,87,1,1,5,14,1,289,49,4,3,34,4,5,0,9,0,54,0,0,0,0,2,2,20,0,58,398,145,99
Perry-11-PETIT JEAN,2,34,2,0,1,2,0,118,16,1,2,20,0,2,2,2,0,15,0,0,1,0,1,0,11,0,16,159,48,41
Perry-12-RANKIN,1,151,6,1,9,14,2,317,93,7,8,51,9,5,2,4,0,52,0,0,0,0,3,0,29,0,67,501,157,173
Perry-13-ROSE CREEK,1,23,0,0,2,0,0,65,10,0,0,12,2,0,0,1,0,14,0,0,2,0,0,0,8,0,4,91,29,24
Perry-14-TYLER,0,26,0,1,1,1,1,69,23,0,1,7,0,0,0,2,0,14,0,0,1,0,0,0,4,0,11,99,32,31
Perry-15-UNION,0,123,3,3,6,16,1,265,79,1,3,27,1,1,0,8,0,69,0,0,2,0,4,1,32,0,47,417,163,112
Perry-16-UNION VALLEY,1,42,2,0,5,0,0,117,33,0,2,16,0,1,0,2,0,20,0,0,0,0,3,0,16,0,14,167,55,52
Perry-17-WYE,2,110,4,1,5,16,0,279,42,0,1,39,3,1,1,6,0,61,0,0,3,1,7,3,23,0,57,417,162,86
Phillips-PRECINCT 0001,1,622,1,3,3,4,4,54,369,3,3,29,4,2,2,0,1,5,0,0,3,0,0,0,4,0,10,692,25,410
Phillips-PRECINCT 0002,0,72,0,2,0,2,0,31,40,4,0,12,0,0,0,0,0,0,0,0,0,0,0,0,3,0,6,107,9,56
Phillips-PRECINCT 0003,3,484,4,3,7,12,7,464,250,18,19,136,6,7,0,4,0,20,0,0,1,0,5,1,25,0,59,984,115,436
Phillips-PRECINCT 0004,4,526,2,2,2,2,3,80,326,3,5,47,2,0,0,0,0,2,0,0,0,0,0,0,3,0,7,621,12,383
Phillips-PRECINCT 0005,3,535,1,3,4,7,3,141,286,0,5,56,3,3,0,1,0,5,0,0,1,0,1,0,2,0,15,697,25,353
Phillips-PRECINCT 0006,3,622,3,1,2,7,1,119,349,2,7,43,3,0,0,1,0,3,0,0,0,0,0,0,10,0,10,758,24,404
Phillips-PRECINCT 0007,1,179,4,1,2,5,2,327,120,5,8,63,4,4,0,4,0,11,0,0,1,0,3,0,9,0,49,521,77,204
Phillips-PRECINCT 0008,4,140,0,1,2,2,1,116,96,4,1,19,0,3,0,2,0,8,0,0,0,0,0,0,4,0,25,266,39,123
Phillips-PRECINCT 0009,1,153,0,0,1,5,0,148,101,1,5,26,3,3,1,6,0,9,0,0,0,0,0,0,7,0,19,308,42,139
Phillips-PRECINCT 0010,1,70,0,0,1,2,1,290,55,8,6,51,1,2,0,2,0,16,0,0,1,0,1,0,13,0,61,365,94,123
Phillips-PRECINCT 0011,1,104,0,0,6,1,1,99,84,4,2,22,1,1,0,2,0,2,0,0,0,0,0,0,4,0,15,212,23,114
Phillips-PRECINCT 0012,0,67,0,1,1,0,0,28,59,1,0,10,0,1,0,0,0,0,0,0,0,0,0,0,0,0,4,97,4,71
Phillips-PRECINCT 0013,2,273,3,1,0,3,4,212,184,6,6,71,3,7,1,1,0,11,0,0,1,0,1,0,12,0,19,498,46,277
Phillips-PRECINCT 0014,0,44,2,1,0,2,2,104,38,3,7,25,1,1,0,2,0,5,0,0,1,0,0,0,5,0,12,155,25,75
Phillips-PRECINCT 0015,2,183,0,1,3,5,1,19,122,1,1,10,3,0,0,0,0,1,0,0,0,0,0,0,0,0,4,214,5,137
Phillips-PRECINCT 0016,0,206,0,0,4,3,1,181,196,9,1,36,1,4,0,3,0,7,0,0,1,0,0,0,8,0,42,395,61,247
Phillips-PRECINCT 0017,0,30,0,0,0,0,0,33,24,2,1,2,0,1,0,0,0,5,0,0,0,0,0,0,4,0,7,63,16,30
Pike-Antoine,0,82,0,0,2,2,0,45,56,0,0,3,0,2,1,1,0,4,0,0,0,0,2,0,5,0,8,131,21,61
Pike-Daisy,3,24,1,0,0,4,0,201,17,0,1,6,0,0,0,4,0,23,0,0,3,0,4,0,9,0,42,233,85,24
Pike-Delight,0,46,2,1,2,11,3,335,30,1,0,15,2,0,0,20,0,62,0,0,4,0,0,0,52,0,54,400,192,48
Pike-Glenwood North,0,80,3,0,8,4,4,295,28,1,1,12,2,0,1,14,0,36,0,0,0,0,2,0,33,0,57,394,143,44
Pike-Glenwood South,0,99,1,1,4,11,3,415,50,0,4,27,1,2,1,25,0,74,0,0,2,0,2,0,42,0,54,534,200,84
Pike-Kirby,1,65,0,0,1,9,2,402,34,0,1,14,2,0,0,9,0,53,1,0,1,0,6,0,45,0,64,480,179,51
Pike-Langley/Lodi,0,14,0,0,2,8,1,177,8,0,2,8,0,0,0,4,0,41,0,0,3,0,3,0,20,1,25,202,97,18
Pike-Murfreesboro East,4,109,0,3,2,8,3,408,65,1,1,26,1,1,0,10,0,55,0,0,3,0,2,0,42,0,76,537,188,95
Pike-Murfreesboro West,1,116,0,1,3,11,4,548,60,0,2,39,1,4,0,14,0,94,0,0,3,0,6,0,38,2,83,684,240,106
Pike-Newhope,0,21,0,0,0,3,1,166,8,0,0,6,0,0,0,5,0,34,0,0,2,0,0,0,18,0,32,191,91,14
Pike-Pisgah,1,29,1,2,0,2,2,158,11,0,0,15,1,0,1,2,0,25,0,0,0,0,3,0,23,0,16,195,70,27
Poinsett-Greenfield-Buffalo Lick,0,44,0,2,6,8,1,268,16,0,0,14,0,1,0,13,0,55,0,0,0,0,5,0,18,0,45,329,136,31
Poinsett-Owen-Fisher,0,22,1,0,0,1,0,94,16,0,0,7,0,1,0,5,0,18,0,0,0,0,1,0,3,0,21,118,48,24
Poinsett-Owen-Waldenburg,0,24,0,0,1,0,1,51,8,0,0,1,0,1,0,3,0,6,0,0,0,0,2,0,11,0,17,77,39,10
Poinsett-Tyronza,3,64,1,1,1,4,1,287,17,0,1,4,0,2,0,7,0,30,1,0,3,0,2,0,29,0,53,362,125,24
Poinsett-West Prairie & Dobson,0,81,5,3,2,8,1,300,27,0,0,15,0,1,0,8,0,49,0,0,1,0,4,0,39,0,57,400,158,43
Polk-Acorn,4,87,5,1,8,10,1,696,30,0,0,16,2,0,1,26,0,94,1,1,18,0,9,1,94,0,205,812,450,48
Polk-Big Fork,2,12,1,1,1,5,0,83,3,0,0,5,0,0,0,3,0,15,0,0,1,0,0,0,13,0,38,105,70,8
Polk-Board Camp,2,54,3,1,2,4,2,365,13,0,1,14,1,0,1,25,2,67,1,0,7,1,9,0,53,0,112,433,278,29
Polk-Cherry Hill,3,58,0,0,9,4,0,256,19,0,0,23,0,0,1,12,0,52,0,0,8,0,7,1,46,0,52,330,179,42
Polk-Cove,1,51,4,0,3,15,2,404,9,0,0,9,0,0,1,22,0,73,0,0,15,0,3,1,41,0,114,480,270,18
Polk-Dallas Valley,0,125,3,1,8,18,3,708,40,0,1,24,1,0,6,33,2,107,1,0,12,0,33,1,134,0,221,866,550,66
Polk-Grannis,0,28,0,1,3,3,0,209,7,0,0,5,0,0,1,8,0,38,0,0,3,0,2,0,30,0,69,244,151,12
Polk-Hatfield,3,75,3,1,5,6,4,432,33,0,0,15,1,0,2,11,0,55,2,1,13,0,7,1,65,0,113,529,270,49
Polk-Ink,3,26,0,0,2,3,2,153,2,0,0,7,0,0,1,4,1,15,0,1,6,0,4,0,26,0,44,189,102,9
Polk-Potter,1,125,5,1,9,18,1,518,37,0,1,30,0,2,2,27,0,72,1,1,20,2,14,0,71,0,162,678,372,70
Polk-Precinct 1,7,97,6,2,15,26,7,542,37,0,0,25,0,3,3,34,2,102,0,0,9,0,16,3,112,1,164,702,446,65
Polk-Precinct 2,2,146,11,2,8,13,2,566,40,0,0,42,1,0,3,34,2,93,2,0,16,1,12,5,96,1,165,750,430,83
Polk-Precinct 3,3,146,4,2,8,20,4,591,33,1,0,23,0,1,1,26,0,71,0,3,19,0,16,2,88,0,151,778,377,58
Polk-Rocky,0,37,0,0,0,4,2,144,7,0,0,3,0,0,0,9,0,25,0,0,7,0,5,0,27,0,40,187,113,10
Polk-Shady Grove,3,61,6,1,8,5,2,391,22,0,0,18,0,0,4,18,0,48,0,2,15,0,10,0,69,0,112,477,278,40
Polk-Vandervoort,1,29,2,0,0,3,0,199,6,1,0,1,1,0,1,12,0,49,0,0,7,0,0,1,21,0,53,234,144,9
Polk-Wickes,0,55,3,2,5,7,4,361,11,1,1,12,1,0,1,7,0,68,0,0,9,0,8,0,54,1,82,437,230,26
Pope-Appleton #1,0,25,2,1,1,0,2,108,11,0,0,6,0,0,1,2,0,19,0,0,1,0,0,0,7,0,16,139,46,17
Pope-Appleton #2,0,34,0,0,0,4,2,167,15,1,0,10,0,1,0,6,0,43,0,1,0,0,2,1,18,0,19,207,90,27
Pope-Atkins In,2,191,1,2,3,19,4,760,99,0,1,38,1,3,0,12,1,141,0,1,6,0,7,2,90,2,175,982,437,142
Pope-Atkins Out #1,0,74,4,0,2,9,2,342,26,0,3,15,0,0,0,13,0,53,0,0,0,0,6,1,26,0,89,433,188,44
Pope-Atkins Out #2,0,7,0,0,1,2,1,36,5,0,0,0,0,0,0,0,0,8,0,0,1,0,0,0,4,0,5,47,18,5
Pope-Atkins Out #3,0,16,0,0,0,1,2,84,12,0,0,7,0,0,0,2,0,21,0,0,0,0,0,0,12,0,12,103,47,19
Pope-Bayliss,3,59,7,0,1,8,0,275,26,0,1,12,0,0,0,3,0,64,0,0,1,0,6,2,29,1,53,353,159,39
Pope-Buck Mountain,0,42,3,0,0,9,2,238,23,0,0,15,0,1,1,5,0,39,0,0,3,0,1,0,18,0,55,294,122,39
Pope-Caglesville #1,0,21,1,0,3,5,1,155,4,0,0,4,0,0,0,1,0,30,0,0,1,0,2,0,31,0,29,186,94,8
Pope-Caglesville #2,0,4,2,0,0,1,0,29,3,0,0,2,0,0,0,0,0,10,0,0,0,0,1,0,1,0,4,36,16,5
Pope-Crow Mountain East #1,0,29,1,0,0,1,1,145,8,0,1,7,0,0,0,4,0,34,0,0,0,0,0,0,26,0,24,177,88,16
Pope-Crow Mountain East #2,1,33,1,0,2,4,2,219,15,0,0,3,0,0,0,9,0,59,0,0,3,0,2,0,23,0,58,262,154,18
Pope-Crow Mountain West #1,0,87,6,1,6,11,2,491,34,1,1,24,0,1,1,11,0,92,0,0,9,0,6,2,49,0,112,604,282,61
Pope-Crow Mountain West #2,3,98,4,0,6,12,3,443,31,0,0,30,0,0,3,31,0,69,0,0,3,0,12,0,89,0,90,569,297,61
Pope-Dover In,6,102,5,1,7,18,6,384,30,0,0,31,0,2,0,21,0,69,0,0,4,0,5,0,58,0,81,529,238,63
Pope-Dover Out,4,241,10,3,17,38,5,1286,84,2,0,73,0,2,4,48,0,233,0,0,8,0,20,0,171,1,258,1604,743,161
Pope-Economy,0,36,2,1,2,5,2,148,21,0,0,7,0,0,0,5,0,27,0,1,0,0,1,0,9,0,43,196,86,28
Pope-Freeman,0,4,0,0,0,1,0,28,3,0,0,2,0,0,0,2,0,9,0,0,0,0,0,0,1,0,4,33,16,5
Pope-Hector In,2,33,0,1,0,6,2,127,20,0,1,6,0,0,0,3,1,23,0,0,3,0,0,0,8,0,30,171,68,27
Pope-Hector Out,1,41,2,1,0,6,3,212,12,0,0,10,0,0,0,8,0,38,0,1,0,0,1,1,19,0,50,266,118,22
Pope-London In,2,59,2,2,7,14,1,276,31,0,1,18,0,3,2,9,0,58,0,0,1,0,3,1,34,0,71,363,179,53
Pope-London Out,8,194,7,4,9,35,0,830,72,0,0,62,0,0,6,46,0,170,0,0,10,0,12,0,86,0,155,1087,485,134
Pope-Martin #1,1,65,9,2,1,10,3,277,30,0,0,22,0,0,0,9,0,33,0,0,2,0,4,0,27,0,62,368,137,52
Pope-Martin #2,5,11,0,1,0,6,2,112,7,0,0,6,0,0,0,6,1,18,0,0,1,0,0,1,12,0,31,137,70,13
Pope-Martin #3,0,11,3,0,0,2,0,53,5,1,0,3,0,0,0,1,0,9,0,0,1,0,1,0,1,0,11,69,24,9
Pope-Moreland #1,0,21,0,0,0,1,1,97,10,0,2,8,0,0,0,5,0,18,0,0,0,0,3,0,12,0,23,120,61,20
Pope-Moreland #2,0,13,1,0,0,1,0,45,6,0,0,1,0,0,0,4,0,8,0,0,0,0,0,0,5,0,14,60,31,7
Pope-Nogo,0,7,0,0,0,1,0,50,0,0,0,3,0,0,0,2,0,9,0,0,0,1,0,0,3,0,13,58,28,3
Pope-Pea Ridge,2,37,4,2,1,12,5,238,17,0,1,9,0,3,0,7,0,40,0,0,2,0,2,2,17,0,47,301,117,30
Pope-Pottsville In #1,3,142,7,2,6,16,6,828,50,0,3,28,0,2,1,22,0,149,0,0,3,0,2,1,120,0,161,1010,459,83
Pope-Pottsville In #2,0,12,0,1,2,1,1,66,2,0,0,0,0,0,0,2,0,13,0,0,0,0,0,0,7,0,9,83,31,2
Pope-Pottsville Out #1,2,153,12,2,8,18,3,713,38,0,0,27,0,1,3,25,2,125,0,0,6,0,19,0,125,1,137,911,443,66
Pope-Pottsville Out #2,0,7,0,0,0,1,0,11,1,0,0,1,0,0,0,1,0,0,0,0,0,0,0,0,1,0,0,19,2,2
Pope-Russellville 1A,0,80,7,2,3,12,1,92,17,0,0,20,0,0,0,5,0,11,0,0,1,0,0,0,4,0,16,197,37,37
Pope-Russellville 1B,6,323,14,4,27,42,2,994,111,0,1,69,1,0,8,57,1,202,2,0,7,0,45,1,213,0,163,1412,699,182
Pope-Russellville 1C,0,92,5,1,2,13,0,179,30,0,0,26,0,2,4,6,1,29,1,0,2,0,5,0,27,0,27,292,102,58
Pope-Russellville 2A,2,300,11,2,13,35,1,679,106,0,0,60,1,1,3,27,2,127,0,0,6,0,22,1,145,0,118,1043,451,168
Pope-Russellville 2B,4,560,6,7,17,55,1,1087,232,1,0,94,2,3,6,51,0,223,1,0,5,0,29,1,269,1,197,1737,783,332
Pope-Russellville 2C,8,121,3,1,7,10,2,185,35,0,0,24,0,0,1,9,0,39,0,0,2,0,5,0,28,0,32,337,116,59
Pope-Russellville 3A,2,260,20,4,13,28,2,379,55,0,2,65,0,0,3,11,1,62,0,0,2,0,5,3,59,0,79,708,225,122
Pope-Russellville 3B,1,354,14,3,16,27,6,633,86,2,4,71,2,1,1,21,1,106,0,1,5,0,13,0,85,1,117,1054,351,166
Pope-Russellville 4A,2,148,4,0,10,19,3,363,40,1,1,28,0,0,1,19,0,55,0,0,3,0,5,0,50,0,48,549,181,70
Pope-Russellville 4B,0,18,0,0,0,1,0,46,7,0,0,4,0,0,0,1,0,3,0,0,0,0,0,0,12,0,9,65,25,11
Pope-Russellville 4C,3,120,12,0,4,18,2,198,22,0,1,37,1,0,0,9,0,39,0,0,3,0,2,0,21,0,31,357,105,61
Pope-Russellville 4D,0,43,5,0,1,1,1,65,10,0,0,16,0,0,0,3,0,7,0,0,2,0,1,0,5,0,4,116,22,26
Pope-Russellville 4E,0,1,0,0,0,0,0,3,0,0,0,0,0,0,0,0,0,1,0,0,0,0,0,0,1,0,0,4,2,0
Pope-Russellville 4F,0,42,0,0,1,1,2,68,11,0,0,7,0,0,0,4,0,12,0,0,1,0,1,0,7,0,13,114,38,18
Pope-Russellville 4G,0,4,0,0,0,0,0,14,0,0,0,0,0,0,0,0,0,4,0,0,1,0,0,0,3,0,2,18,10,0
Pope-Russellville 4H,1,206,17,0,6,28,4,348,47,0,0,68,0,0,4,18,1,64,0,0,5,0,6,0,42,0,62,610,202,115
Pope-Russellville Out #1,3,89,1,4,2,8,1,401,35,0,1,25,0,0,0,13,0,72,0,0,1,0,4,2,84,0,61,509,237,61
Pope-Russellville Out #2,1,81,6,2,8,9,1,273,19,0,0,22,0,1,2,9,0,66,0,0,3,0,5,0,42,0,37,381,164,42
Pope-Russellville Out #3,0,11,0,0,0,2,1,39,3,0,0,1,0,2,0,0,0,3,0,0,0,0,0,0,1,0,17,53,21,6
Pope-Russellville Out #4,1,201,3,2,15,22,0,708,53,0,1,41,0,0,4,38,1,162,0,1,12,0,13,1,118,2,123,952,475,95
Pope-Scottsville #1,3,37,1,2,3,9,0,213,19,0,0,9,0,0,1,3,0,38,0,0,1,0,6,0,19,0,22,268,90,28
Pope-Scottsville #2,0,0,0,0,0,0,0,16,0,0,0,0,0,0,0,6,0,3,0,0,0,0,0,0,0,0,1,16,10,0
Prairie-Belcher/Tyler,0,23,1,0,0,1,1,122,14,1,4,19,0,0,0,2,0,11,0,0,0,0,0,0,18,0,19,148,50,38
Prairie-Bullard,0,7,0,0,0,0,0,44,7,0,0,1,0,1,0,1,0,6,0,0,0,0,0,0,9,0,7,51,23,9
Prairie-Calhoun,1,12,0,0,0,1,0,92,11,0,0,12,0,0,0,1,0,21,0,0,1,0,0,0,8,0,10,106,41,23
Prairie-Center,0,15,0,0,2,3,0,158,12,1,2,28,0,1,0,4,0,35,0,0,0,0,0,0,14,0,18,178,71,44
Prairie-Des Arc,0,21,0,0,0,1,0,82,22,0,1,7,1,2,0,3,0,19,0,0,0,0,0,0,5,0,20,104,47,33
Prairie-Hazen Country,0,32,0,1,1,3,0,123,17,1,2,31,1,0,1,3,0,23,0,0,0,0,1,0,9,0,24,160,61,52
Prairie-Hazen Ward 1,0,48,0,0,4,2,1,150,44,3,2,30,1,0,0,3,0,15,0,0,0,0,0,0,13,0,8,205,39,80
Prairie-Hazen Ward 2,0,54,0,0,2,4,1,145,37,2,4,37,7,0,1,0,0,17,0,0,0,0,1,0,8,0,17,206,44,87
Prairie-Hazen Ward 3,2,85,1,1,5,7,0,95,52,0,2,18,2,2,0,1,0,11,0,0,0,0,0,0,8,0,12,196,32,76
Prairie-Hickory Plains,1,22,1,0,0,4,2,229,11,1,6,12,0,3,0,4,0,70,0,0,2,0,2,0,21,0,45,259,144,33
Prairie-Lower Hill City,0,65,2,0,2,1,1,85,36,1,3,25,2,3,0,1,0,10,0,0,1,0,2,0,7,0,10,156,31,70
Prairie-Lower Hill Country,0,19,0,0,1,2,0,87,20,2,1,4,1,0,0,1,0,21,0,0,0,0,1,0,14,0,8,109,45,28
Prairie-Roc Roe City,0,16,0,0,0,4,0,50,11,0,0,8,0,2,0,0,0,8,0,0,1,0,0,0,5,0,5,70,19,21
Prairie-Roc Roe Country,0,11,0,1,4,0,0,84,6,0,0,13,0,0,0,1,0,13,0,0,0,0,1,0,7,0,15,100,37,19
Prairie-Union,0,8,1,1,2,0,0,17,3,0,0,4,0,0,0,0,0,6,0,0,0,0,1,0,0,0,6,29,13,7
Prairie-Upper Hill,0,10,0,0,0,0,0,9,3,1,0,1,0,0,1,0,0,2,0,0,0,0,0,0,1,0,0,19,4,5
Prairie-Wattensaw City Ward 1,1,23,0,0,0,3,0,39,17,0,2,7,2,1,0,0,0,7,0,0,0,0,0,0,0,0,6,66,13,29
Prairie-Wattensaw City Ward 2,0,37,1,0,1,0,0,43,25,0,0,5,1,2,0,0,0,4,0,0,0,0,0,0,4,0,5,82,13,33
Prairie-Wattensaw City Ward 3,0,27,0,0,0,1,1,27,19,1,1,5,0,0,0,1,0,0,0,0,0,0,0,0,4,0,4,56,9,26
Prairie-Wattensaw Country,0,48,1,1,2,4,2,216,21,2,6,31,3,2,0,2,0,34,0,1,2,0,1,1,16,0,18,274,75,65
Prairie-White River Country,0,47,0,0,1,5,0,176,42,1,1,15,3,2,0,5,0,35,0,0,0,0,0,1,15,0,14,229,70,64
Prairie-White River Ward 1,0,76,2,0,0,4,0,84,48,2,3,22,2,2,0,1,1,20,0,0,0,0,1,0,6,0,12,166,41,79
Prairie-White River Ward 2,1,47,0,0,5,2,0,188,36,1,4,26,3,6,0,5,0,43,0,0,0,0,0,0,25,1,25,243,99,76
Prairie-White River Ward 3,2,61,0,1,4,4,0,160,51,0,7,24,3,4,0,5,0,37,1,1,2,0,0,0,13,0,19,232,78,89
Pulaski-1,7,474,13,2,27,67,4,658,162,0,3,61,0,0,1,32,1,155,0,0,1,0,18,2,158,0,105,1252,473,226
Pulaski-10,4,629,17,5,2,34,3,478,228,4,1,60,0,1,2,20,1,100,1,0,3,0,9,1,78,0,117,1172,332,294
Pulaski-100,2,402,4,2,2,6,2,50,147,1,1,23,0,0,0,2,0,9,0,0,1,0,1,0,3,0,12,470,28,172
Pulaski-101,3,613,14,1,1,18,1,167,247,0,0,78,0,1,0,11,0,33,0,0,1,0,2,0,30,0,42,818,119,326
Pulaski-102,4,755,19,3,4,20,4,175,281,0,0,63,0,0,0,6,0,46,0,1,1,0,1,0,23,0,37,984,115,344
Pulaski-103,4,911,4,5,4,10,2,90,371,1,2,55,0,1,0,7,0,24,0,0,0,0,2,0,12,0,17,1030,62,430
Pulaski-104,2,1281,14,5,5,12,5,179,542,0,2,84,0,1,1,8,0,41,0,0,1,0,6,0,27,0,38,1503,122,629
Pulaski-105,6,872,9,2,2,11,4,158,355,0,2,50,0,0,0,6,0,42,0,0,2,0,2,0,23,0,42,1064,117,407
Pulaski-106,2,669,16,2,18,45,5,446,290,0,0,90,2,0,6,11,0,65,0,0,2,0,63,1,230,0,83,1203,461,382
Pulaski-107,0,602,6,0,19,46,1,382,321,0,1,59,0,0,3,4,2,41,0,0,1,0,52,0,219,0,88,1056,410,381
Pulaski-108,0,583,15,0,14,37,4,378,271,0,1,94,0,0,1,8,0,51,0,0,2,0,56,0,181,0,82,1031,381,366
Pulaski-109,2,1597,31,1,20,78,2,443,810,0,4,325,0,0,2,15,0,91,2,0,1,0,44,1,233,0,89,2174,478,1139
Pulaski-11,1,108,3,1,0,11,1,217,33,0,1,15,0,1,0,3,0,56,0,0,2,0,2,0,30,0,49,342,142,50
Pulaski-110,1,406,10,0,7,30,0,263,135,0,2,63,0,0,4,7,0,36,0,0,1,0,13,4,77,0,31,717,173,200
Pulaski-111,5,1222,26,4,43,76,3,458,466,0,0,265,0,1,2,18,0,88,1,0,2,0,40,6,167,0,94,1837,418,732
Pulaski-112,1,518,16,2,9,43,0,132,179,0,0,159,0,0,0,7,0,20,0,0,0,0,13,0,54,1,27,721,122,338
Pulaski-113,2,893,31,1,8,39,1,172,335,0,1,292,0,1,1,5,0,37,0,0,1,0,9,0,57,0,41,1147,151,629
Pulaski-114,3,840,32,1,14,44,2,222,317,0,1,218,0,1,4,4,0,30,0,0,0,0,27,3,75,0,64,1158,207,537
Pulaski-115,2,963,19,1,14,13,3,73,390,2,1,89,0,2,1,2,0,23,1,0,0,0,2,0,13,0,19,1088,61,484
Pulaski-116,3,684,5,3,3,0,0,22,287,1,1,34,1,1,0,1,0,3,0,0,0,0,0,0,3,0,7,720,14,325
Pulaski-117,3,957,12,4,5,3,4,33,400,1,1,64,0,0,1,1,0,11,0,0,0,0,0,0,1,0,6,1021,20,466
Pulaski-118,1,930,25,4,6,23,3,105,356,0,2,185,0,0,4,8,0,25,0,1,0,0,5,1,42,0,17,1097,103,543
Pulaski-119,2,934,7,2,1,8,4,48,433,1,1,78,0,1,0,3,0,8,0,0,0,0,0,0,10,0,8,1006,29,514
Pulaski-12,2,139,4,0,3,10,1,392,56,2,3,21,0,1,0,8,0,74,0,0,1,0,10,0,52,0,107,551,252,83
Pulaski-120,2,929,7,2,4,14,5,58,342,0,0,67,0,0,0,0,0,12,0,0,1,0,2,1,13,0,10,1021,39,409
Pulaski-121,5,830,13,3,3,11,3,118,302,0,1,82,0,0,2,4,0,30,0,0,1,0,4,0,18,0,34,986,93,385
Pulaski-122,2,728,10,2,3,6,2,19,323,0,1,32,0,0,0,4,0,1,0,0,0,0,0,0,1,0,1,772,7,356
Pulaski-123,1,630,6,6,4,9,8,81,184,0,0,31,0,0,1,2,0,19,0,0,1,0,1,1,10,0,19,745,54,215
Pulaski-124,6,913,3,2,6,14,5,147,340,2,0,43,1,0,0,6,0,29,0,0,0,0,6,0,26,0,31,1096,98,386
Pulaski-125,1,666,6,0,4,8,0,273,296,0,1,45,1,0,0,12,0,64,0,0,3,0,1,1,34,0,60,958,175,343
Pulaski-126,1,237,2,3,3,14,3,459,96,0,1,32,0,2,0,21,0,99,0,0,4,0,6,0,54,0,107,722,291,131
Pulaski-127,3,530,13,7,8,30,11,752,211,0,2,53,0,0,0,27,0,166,0,0,5,0,10,1,129,0,203,1354,541,266
Pulaski-128,2,1170,11,2,7,16,8,61,564,1,1,115,0,0,0,1,0,16,0,0,0,0,1,2,13,0,12,1277,45,681
Pulaski-129,2,352,3,0,1,7,0,136,149,0,1,22,1,1,0,5,0,31,0,0,1,0,0,0,17,0,37,501,91,174
Pulaski-13,1,315,11,2,10,20,6,571,116,0,0,40,1,3,3,20,0,116,0,0,0,0,5,2,105,0,88,936,339,160
Pulaski-130,0,420,3,0,1,1,0,5,195,0,0,13,0,0,0,0,0,1,0,0,0,0,1,0,0,0,1,430,3,208
Pulaski-131,1,498,5,0,4,2,1,97,223,0,1,29,0,1,0,4,0,16,0,0,0,0,1,0,26,0,10,608,57,254
Pulaski-132,0,375,1,0,1,9,2,144,177,0,1,21,0,0,0,3,0,44,0,0,0,0,1,0,7,0,19,532,74,199
Pulaski-133,0,426,3,1,1,2,2,41,180,0,0,16,0,0,0,2,0,5,0,0,0,0,1,0,4,0,11,476,23,196
Pulaski-134,1,440,8,2,1,4,1,24,179,1,0,18,0,0,0,0,0,2,0,0,0,0,1,0,5,0,5,481,13,198
Pulaski-135,1,330,4,0,4,1,0,9,154,0,0,12,0,1,0,1,0,1,0,0,0,0,0,0,0,0,3,349,5,167
Pulaski-136,8,619,11,6,28,48,6,819,202,0,1,96,1,0,3,26,3,180,0,0,1,0,28,0,234,0,135,1545,610,300
Pulaski-137,2,724,11,0,32,53,2,788,250,1,0,66,0,0,1,19,0,147,0,0,1,0,60,1,312,1,143,1612,685,317
Pulaski-14,1,792,16,7,18,48,7,574,269,0,3,102,1,1,3,22,1,106,0,0,3,0,15,1,105,0,128,1463,384,376
Pulaski-15,4,987,11,3,8,24,7,194,356,0,0,58,0,1,3,6,1,38,1,0,3,0,3,1,29,0,48,1238,133,415
Pulaski-16,1,335,10,0,2,13,0,83,110,1,1,59,0,0,0,1,0,7,1,0,1,0,6,1,14,0,15,444,46,171
Pulaski-17,2,816,16,8,2,16,6,238,292,0,1,60,0,0,2,13,0,37,2,0,3,0,17,1,52,0,36,1104,163,353
Pulaski-18,2,804,21,4,19,55,5,512,320,0,2,143,0,1,2,15,1,122,1,0,3,0,18,2,105,0,114,1422,383,466
Pulaski-19,3,888,22,4,5,35,5,375,325,0,2,72,0,1,0,6,0,70,1,0,2,0,3,0,71,1,92,1337,246,400
Pulaski-2,3,595,20,3,19,47,6,688,157,0,2,101,0,0,3,29,0,163,2,0,3,0,16,1,117,0,110,1381,444,260
Pulaski-20,3,741,15,4,23,65,5,682,305,2,1,156,0,1,4,24,0,131,0,0,2,1,38,5,200,0,164,1538,569,465
Pulaski-21,2,373,11,0,7,32,2,375,139,0,5,75,1,1,2,13,1,73,1,0,1,1,15,2,103,0,77,802,289,221
Pulaski-22,5,902,18,11,33,37,5,635,295,1,2,141,0,0,5,38,1,147,1,0,4,0,14,2,129,1,130,1646,472,439
Pulaski-23,12,815,21,3,26,77,6,982,336,1,1,143,1,1,2,27,1,222,1,1,5,0,40,1,319,0,214,1942,833,483
Pulaski-24,3,435,6,5,21,30,3,593,190,2,0,66,0,0,3,17,0,100,0,0,0,0,22,1,187,0,115,1096,445,258
Pulaski-25,1,280,10,1,7,28,3,383,111,1,1,46,0,0,1,15,1,80,1,0,1,0,13,1,92,0,76,713,281,159
Pulaski-26,5,256,10,4,5,37,4,1041,115,0,2,25,0,0,1,22,1,310,0,0,3,0,15,0,123,0,231,1362,706,142
Pulaski-27,7,480,17,6,9,48,5,1313,181,0,1,94,1,2,3,39,0,315,2,1,8,1,21,1,183,0,279,1885,853,279
Pulaski-28,4,565,22,4,16,59,9,1178,165,0,0,108,0,2,4,31,1,253,1,0,6,0,7,0,163,0,231,1857,697,275
Pulaski-29,0,30,1,0,1,6,0,70,2,0,0,2,0,0,0,1,0,6,0,0,0,0,2,0,6,0,7,108,22,4
Pulaski-3,2,175,5,0,9,23,2,207,65,0,0,25,0,0,1,9,0,54,0,0,0,0,2,0,62,0,45,423,173,90
Pulaski-30,0,41,4,0,1,12,0,83,8,0,0,4,0,0,0,2,0,13,0,0,1,0,2,0,3,0,14,141,35,12
Pulaski-31,5,450,14,3,21,50,3,989,170,0,3,47,1,1,2,41,1,268,1,1,3,0,17,3,174,1,168,1535,680,222
Pulaski-32,4,777,25,6,13,58,9,818,319,1,4,107,0,3,5,20,4,189,1,1,1,1,11,3,129,0,169,1710,534,434
Pulaski-33,1,434,4,2,4,29,7,518,197,0,1,48,0,0,3,18,0,111,0,0,1,0,19,2,84,0,135,999,373,246
Pulaski-34,1,443,10,2,6,16,7,430,148,0,1,43,0,1,0,11,1,86,0,0,1,0,11,1,69,0,96,915,276,193
Pulaski-35,5,391,9,1,13,33,2,583,165,0,1,46,1,0,3,16,1,139,0,0,4,0,19,0,131,0,128,1037,441,213
Pulaski-36,4,328,5,3,2,21,1,329,114,1,0,29,0,1,5,12,0,63,1,0,1,0,8,0,60,0,60,693,210,145
Pulaski-37,2,746,18,6,7,33,14,566,269,0,1,71,0,1,2,13,0,115,0,1,3,0,8,1,97,0,119,1392,359,342
Pulaski-38,5,399,6,3,3,15,7,203,118,0,1,32,0,0,2,9,0,49,0,0,1,0,3,2,26,0,30,641,122,151
Pulaski-39,6,866,11,2,14,48,4,1120,338,0,0,82,0,0,5,33,0,241,0,0,4,0,20,2,206,0,202,2071,713,420
Pulaski-4,5,760,16,6,28,63,12,1253,248,1,0,83,0,1,1,52,0,235,1,0,3,0,50,0,325,0,205,2143,872,333
Pulaski-40,2,506,15,2,19,39,2,704,189,0,1,61,0,2,1,19,0,173,0,1,6,0,27,2,184,0,135,1289,548,253
Pulaski-41,2,626,17,2,23,63,8,1027,228,0,1,107,0,2,6,35,2,230,0,0,3,0,24,2,225,0,188,1768,715,338
Pulaski-42,7,494,17,7,17,39,5,869,198,0,1,79,1,0,7,48,0,216,1,0,4,0,20,2,201,1,164,1455,664,279
Pulaski-43,6,738,23,8,11,49,11,772,213,0,0,100,1,1,5,23,0,187,2,0,3,0,8,0,119,0,144,1618,491,315
Pulaski-44,5,884,20,5,18,43,8,1049,317,0,0,93,0,1,5,41,2,239,1,0,2,2,26,1,237,0,200,2032,756,411
Pulaski-45,2,608,9,7,1,17,2,220,219,0,0,46,0,3,1,3,0,34,0,0,2,0,3,0,32,0,52,866,127,268
Pulaski-46,1,360,7,2,5,17,6,227,122,1,0,32,0,3,0,8,0,49,0,0,0,1,4,0,37,0,43,625,142,158
Pulaski-47,1,129,0,0,0,0,0,47,63,0,0,7,0,0,0,1,0,6,0,0,0,0,0,0,4,0,12,177,23,70
Pulaski-48,3,1193,13,2,9,22,6,300,441,0,1,61,0,1,1,5,0,68,1,0,1,0,1,0,34,0,47,1548,158,504
Pulaski-49,1,710,13,6,27,70,12,1164,294,0,2,94,0,1,5,47,1,256,0,0,4,0,38,1,294,0,251,2003,897,391
Pulaski-5,8,719,3,6,24,81,2,1119,229,0,2,96,0,1,11,33,1,222,2,0,1,1,57,2,307,1,254,1962,892,328
Pulaski-50,3,517,10,3,22,30,5,857,192,0,2,74,2,2,2,31,1,184,1,0,0,0,45,3,310,0,170,1447,747,272
Pulaski-51,3,340,5,2,10,26,3,415,128,0,1,50,0,1,0,15,0,80,1,0,0,0,26,0,116,0,81,804,319,180
Pulaski-52,5,794,4,3,2,4,2,65,319,0,0,23,1,0,0,2,0,11,0,0,1,0,0,0,5,0,7,879,26,343
Pulaski-53,0,691,1,1,5,2,3,86,288,0,1,33,1,2,0,1,0,23,0,0,1,0,2,0,11,0,16,789,54,325
Pulaski-54,1,919,8,2,6,10,5,267,322,0,2,47,0,2,0,7,0,46,0,0,1,0,3,0,31,0,62,1218,150,373
Pulaski-55,1,1049,19,3,7,31,3,715,383,0,0,90,2,1,0,23,0,158,1,0,4,0,17,1,109,0,164,1828,477,476
Pulaski-56,4,237,3,4,8,10,4,520,86,0,0,40,0,0,0,18,0,152,1,0,1,0,20,2,107,0,83,790,384,126
Pulaski-57,4,256,5,0,6,22,0,549,98,0,0,44,0,0,0,17,0,111,0,0,0,0,19,0,120,0,121,842,388,142
Pulaski-58,5,792,17,2,32,65,4,1017,278,0,2,77,0,0,0,26,0,170,1,0,4,0,45,0,324,0,197,1934,767,357
Pulaski-59,2,240,7,2,16,24,2,614,87,0,0,33,0,3,0,14,0,142,0,0,1,0,15,3,161,0,87,907,423,123
Pulaski-6,3,139,4,1,5,8,0,270,58,0,0,16,0,2,2,6,0,51,0,0,1,0,6,1,40,0,54,430,161,76
Pulaski-60,1,736,8,0,41,56,4,1246,242,0,0,45,0,0,12,27,1,190,0,1,2,0,63,2,419,0,189,2092,906,287
Pulaski-61,4,388,13,0,14,41,2,827,129,0,0,55,1,0,3,35,0,207,2,0,2,0,28,1,186,0,153,1289,617,185
Pulaski-62,10,223,8,5,8,16,3,531,90,1,0,33,0,0,0,25,0,163,1,0,2,0,8,1,109,0,89,804,398,124
Pulaski-63,0,269,7,1,13,25,5,496,94,0,0,44,1,0,2,18,0,129,0,0,1,0,13,1,113,0,87,816,364,139
Pulaski-64,2,771,11,3,23,51,2,1227,307,0,0,59,0,2,2,41,0,173,0,0,1,0,97,2,461,1,214,2090,992,368
Pulaski-65,8,468,5,2,16,31,3,307,169,0,2,66,0,0,2,10,2,57,1,0,0,0,26,0,115,0,63,840,276,237
Pulaski-66,4,666,9,4,27,44,1,629,247,0,4,91,0,0,3,25,1,158,1,0,2,1,26,1,260,1,96,1384,575,342
Pulaski-67,3,804,18,4,30,71,4,503,294,1,2,137,0,0,2,27,2,129,0,0,3,0,17,1,156,1,90,1437,428,434
Pulaski-68,3,692,15,5,42,48,9,1038,289,0,2,60,1,0,6,29,0,230,0,0,2,0,72,2,411,0,182,1852,934,352
Pulaski-69,4,687,7,1,21,29,2,813,240,0,0,71,0,1,4,22,0,118,2,1,3,0,53,1,360,0,149,1564,713,312
Pulaski-7,1,198,7,3,6,15,2,393,84,3,0,28,0,1,1,12,0,83,0,0,1,0,4,2,54,0,81,625,238,116
Pulaski-70,6,474,3,1,17,33,4,490,195,0,0,76,0,1,4,8,0,97,1,0,1,0,46,4,241,1,95,1028,498,272
Pulaski-71,8,848,13,5,41,65,4,979,378,0,1,100,1,0,4,33,2,208,1,0,3,0,67,2,404,0,147,1963,871,480
Pulaski-72,0,535,12,2,10,34,4,272,164,0,0,87,0,1,3,7,0,60,0,0,3,0,18,2,95,0,58,869,246,252
Pulaski-73,2,675,9,2,25,52,5,618,246,1,0,74,1,2,3,23,0,99,0,0,0,0,39,0,265,0,80,1388,509,324
Pulaski-74,5,549,9,1,17,27,4,386,191,0,0,69,0,0,3,10,0,75,0,1,2,0,27,0,148,0,57,998,323,260
Pulaski-75,7,770,21,1,23,47,2,370,255,0,1,110,1,0,5,15,1,75,0,0,6,0,19,0,128,0,74,1241,323,367
Pulaski-76,2,640,16,3,31,48,2,457,209,0,0,110,4,1,2,19,0,120,0,0,2,0,22,0,175,0,59,1199,399,324
Pulaski-77,5,968,12,1,38,59,4,885,323,0,2,98,0,1,4,25,0,173,1,2,5,0,41,1,283,0,138,1972,673,424
Pulaski-78,4,752,12,1,42,75,8,635,291,0,3,101,1,1,2,18,1,137,0,0,1,0,28,1,182,0,96,1529,466,397
Pulaski-79,4,955,9,4,12,33,4,349,382,0,1,78,0,0,0,10,0,72,0,0,0,0,8,0,83,0,67,1370,240,461
Pulaski-8,1,569,8,3,12,48,3,774,158,2,0,71,0,0,7,15,0,134,0,0,2,1,25,1,159,0,131,1418,475,231
Pulaski-80,1,1384,14,0,18,27,10,369,594,2,0,114,0,0,1,22,0,97,0,0,5,0,8,0,95,0,53,1823,281,710
Pulaski-81,5,887,9,1,11,21,6,516,337,2,1,49,0,0,1,20,0,92,0,0,1,0,9,0,135,0,106,1456,364,389
Pulaski-82,1,971,8,4,5,15,4,197,337,1,2,51,0,1,0,10,0,56,0,0,1,0,6,1,33,0,48,1205,155,392
Pulaski-83,2,1329,10,6,8,19,4,193,604,1,1,101,1,1,0,10,1,53,0,0,1,0,2,1,37,0,44,1571,149,709
Pulaski-84,3,1340,11,3,4,14,7,104,701,1,3,109,1,0,0,10,0,22,0,0,0,0,3,0,20,0,17,1486,72,815
Pulaski-85,2,1144,15,5,3,18,7,171,554,1,4,90,0,0,7,3,0,25,0,1,2,0,10,0,29,0,25,1365,102,649
Pulaski-86,0,652,10,5,9,15,3,119,329,0,2,58,1,0,1,5,0,25,0,0,3,0,2,0,24,0,17,813,77,390
Pulaski-87,5,671,15,5,12,48,5,373,237,1,0,125,0,0,0,20,1,76,0,0,1,0,20,0,127,0,86,1134,331,363
Pulaski-88,7,747,13,4,31,52,3,645,338,1,1,104,1,0,3,22,0,131,0,0,4,0,33,1,241,0,116,1502,551,445
Pulaski-89,1,700,19,4,19,46,3,391,236,0,1,108,0,0,1,11,1,85,1,0,2,0,19,1,136,0,93,1183,350,345
Pulaski-9,2,1012,16,3,28,38,4,536,220,0,1,102,0,0,0,21,0,75,0,0,3,1,9,0,97,0,88,1639,294,323
Pulaski-90,3,776,9,4,19,54,5,486,336,0,0,87,0,0,4,15,2,72,1,1,3,0,74,0,267,0,101,1356,540,423
Pulaski-91,1,761,19,1,19,58,1,419,327,0,1,144,0,0,3,11,0,84,0,1,1,0,45,4,213,0,98,1279,460,472
Pulaski-92,2,681,11,1,13,46,1,342,277,0,0,125,0,0,0,8,1,50,1,0,2,0,43,4,142,0,91,1097,342,402
Pulaski-93,1,803,10,2,16,56,2,443,313,0,0,149,0,1,2,11,0,79,0,0,0,0,23,2,162,0,64,1333,343,463
Pulaski-94,3,550,9,2,11,34,2,264,269,0,0,98,0,0,2,7,0,44,0,0,1,0,37,1,132,0,69,875,293,367
Pulaski-95,7,923,10,5,18,60,2,494,360,0,1,129,0,1,4,12,0,113,2,0,0,0,41,0,188,1,102,1519,463,491
Pulaski-96,2,413,4,0,11,22,3,255,188,0,0,68,0,2,1,9,1,56,0,0,1,0,32,1,111,0,39,710,251,258
Pulaski-97,0,614,11,1,13,22,3,246,229,0,0,96,0,1,0,4,0,51,3,0,2,0,20,0,76,0,43,910,199,326
Pulaski-98,1,945,9,2,2,11,7,76,407,0,1,69,0,1,1,4,1,12,0,0,0,0,1,0,9,0,12,1053,40,478
Pulaski-99,2,675,12,1,11,21,3,162,262,0,0,117,0,0,0,4,0,56,1,0,0,0,5,0,46,0,44,887,156,379
Randolph-BAKER,0,5,0,0,0,0,0,20,0,0,0,1,0,0,0,0,1,5,0,0,0,0,0,0,1,0,2,25,9,1
Randolph-BRISTOW,0,16,0,0,0,1,0,26,7,0,1,1,0,0,0,0,0,7,0,0,1,0,1,0,0,0,6,43,15,9
Randolph-BUTLER,0,0,0,0,0,0,0,25,2,0,0,1,0,0,0,0,0,0,0,0,0,0,0,0,3,0,5,25,8,3
Randolph-COLUMBIA,2,50,3,0,2,7,1,195,21,0,0,18,0,0,1,7,1,26,0,0,0,0,2,0,12,0,39,260,88,39
Randolph-CURRENT RIVER,1,35,0,0,0,6,0,88,11,0,0,4,0,0,0,3,0,17,0,0,0,1,0,0,8,0,25,130,54,15
Randolph-DALTON,3,18,0,0,0,3,0,78,13,0,0,2,0,0,0,6,0,15,0,0,0,0,1,0,9,0,14,102,45,15
Randolph-DEMUN RURAL,6,142,7,1,5,20,4,515,58,0,3,44,1,3,1,15,2,70,0,0,2,0,8,1,38,0,63,700,200,109
Randolph-EAST ROANOKE,1,38,1,0,0,0,1,162,18,1,1,9,0,0,0,2,0,24,0,0,0,0,3,0,5,0,25,203,59,29
Randolph-ELEVEN POINT,0,31,2,1,0,4,3,86,18,0,0,11,0,1,0,2,0,21,0,0,0,0,2,0,7,0,10,127,42,30
Randolph-FOSTER,3,60,0,1,4,6,3,240,32,1,2,8,1,1,1,7,3,31,0,0,1,0,3,0,30,0,46,317,122,45
Randolph-INGRAM,0,10,3,1,0,3,2,59,6,0,0,8,0,0,0,1,0,10,0,0,0,0,0,0,5,0,9,78,25,14
Randolph-JACKSON,0,13,0,1,4,0,1,37,10,0,0,1,0,0,0,0,0,8,0,0,0,0,0,0,2,0,11,56,21,11
Randolph-JANES CREEK,3,50,3,0,2,7,1,148,25,1,0,28,4,2,0,6,0,16,0,0,2,0,0,0,5,0,26,214,55,60
Randolph-LITTLE BLACK,1,29,1,1,0,5,1,141,8,0,1,4,1,1,0,2,0,20,0,0,2,0,1,0,10,0,18,179,53,15
Randolph-REYNO,1,29,2,0,1,0,3,113,12,0,1,5,0,0,0,2,1,23,0,0,0,0,1,0,4,0,14,149,45,18
Randolph-RICHARDSON,7,38,2,2,3,5,1,217,19,0,0,11,0,0,0,2,2,34,0,0,2,0,0,0,21,0,34,275,95,30
Randolph-RUNNING LAKE,0,15,0,0,3,3,0,43,12,0,1,4,1,1,0,2,0,8,0,0,0,0,0,0,6,0,3,64,19,19
Randolph-SHILOH,6,69,1,0,5,11,3,288,41,0,3,11,0,1,0,9,0,37,0,0,1,0,7,0,30,0,60,383,144,56
Randolph-SILOAM,0,25,1,0,1,1,2,81,12,0,0,9,0,0,0,4,0,9,0,0,0,0,0,1,4,0,24,111,42,21
Randolph-SPRING RIVER,0,18,0,2,1,3,0,86,7,1,1,8,0,0,0,0,0,8,0,0,1,0,2,0,5,0,14,110,30,17
Randolph-UNION,1,3,0,0,1,2,0,29,1,0,0,2,0,0,0,1,0,7,0,0,0,0,2,0,2,0,2,36,14,3
Randolph-WARD 1,7,190,8,4,12,34,2,409,79,1,0,34,1,1,1,10,0,42,0,0,0,0,7,2,36,0,76,666,174,116
Randolph-WARD 2,3,179,9,6,6,30,3,377,83,0,2,49,2,2,2,7,0,53,0,0,1,0,4,2,27,0,46,613,142,138
Randolph-WARD 3,10,238,9,3,8,39,2,576,109,0,0,51,0,2,0,14,0,77,0,0,3,0,14,0,70,0,87,885,265,162
Randolph-WARM SPRINGS,0,15,1,0,0,0,0,59,11,0,0,2,0,0,0,0,0,9,0,0,0,0,1,0,6,0,12,75,28,13
Randolph-WATER VALLEY,2,21,0,0,3,1,0,76,11,0,0,9,0,0,0,2,0,23,0,0,1,0,0,0,5,0,13,103,44,20
Randolph-WEST ROANOKE,4,55,0,2,4,9,4,267,22,0,1,17,1,1,0,8,0,48,0,0,1,0,2,1,24,0,41,345,125,42
Randolph-WILEY,0,5,0,0,0,2,0,19,4,0,0,0,0,0,0,0,0,3,0,0,0,0,0,0,2,0,2,26,7,4
Saline-Precinct 01,8,434,13,4,27,55,3,1710,150,0,1,93,1,1,4,38,4,443,0,0,7,0,22,1,246,0,297,2254,1062,246
Saline-Precinct 02,3,539,9,9,8,42,2,1528,206,0,2,70,0,0,3,47,0,221,2,0,4,1,113,1,440,0,396,2140,1228,278
Saline-Precinct 03,4,189,6,6,14,32,7,1002,65,0,0,31,2,2,1,32,2,188,1,0,4,0,6,0,85,0,187,1260,506,100
Saline-Precinct 04,3,454,7,6,26,49,4,753,107,2,1,39,0,1,0,21,0,147,0,0,5,0,9,1,113,0,110,1302,406,150
Saline-Precinct 05,4,351,9,2,23,47,8,1043,130,0,2,64,0,1,2,31,0,244,1,0,4,0,29,4,201,0,191,1487,707,197
Saline-Precinct 06,6,461,7,3,24,46,1,1308,135,2,0,52,0,0,1,39,0,295,0,0,6,0,16,1,237,0,242,1856,837,189
Saline-Precinct 07,1,159,6,3,8,33,2,685,69,1,0,24,0,1,1,23,0,159,0,0,2,0,12,1,120,0,155,897,473,95
Saline-Precinct 08,1,57,1,1,1,9,2,280,27,0,1,5,0,0,0,15,0,62,0,0,2,0,5,0,48,0,66,352,198,33
Saline-Precinct 09,9,251,7,1,14,39,2,1176,89,0,2,39,0,2,1,32,0,257,0,0,8,0,17,1,165,3,241,1499,725,132
Saline-Precinct 10,3,161,5,5,6,22,6,868,52,0,0,45,0,1,0,17,0,216,0,0,3,0,14,1,102,0,158,1076,511,98
Saline-Precinct 11,7,531,11,10,18,63,11,996,201,3,1,97,0,0,2,29,1,172,0,0,8,1,17,0,132,0,216,1647,578,302
Saline-Precinct 12,1,218,7,3,11,35,2,444,100,1,0,40,0,0,0,10,0,91,0,0,2,0,9,1,112,0,84,721,309,141
Saline-Precinct 13,9,635,21,11,37,66,9,1471,180,1,1,71,0,4,3,35,0,297,0,0,3,1,28,1,302,0,274,2259,944,257
Saline-Precinct 14,1,474,22,9,22,55,5,947,159,0,1,66,0,0,2,33,2,209,1,0,5,0,16,0,158,0,192,1535,618,226
Saline-Precinct 15,10,457,2,4,27,50,7,1175,122,0,0,54,0,2,3,43,0,274,0,0,3,1,18,0,226,1,153,1732,722,178
Saline-Precinct 16,10,324,5,6,13,45,10,1352,116,0,1,68,1,4,1,31,1,213,1,1,7,0,10,1,187,0,270,1765,723,190
Saline-Precinct 17,5,492,12,12,18,63,8,991,157,0,1,94,0,2,2,33,1,178,0,0,1,0,22,2,177,0,156,1601,572,254
Saline-Precinct 18,1,174,4,1,0,4,2,74,88,0,0,10,3,2,1,0,0,5,0,0,0,0,1,0,7,0,11,260,25,103
Saline-Precinct 19,1,84,1,1,5,10,1,369,33,0,1,11,0,0,0,4,0,90,0,0,2,0,7,0,47,0,74,472,224,45
Saline-Precinct 20,2,301,1,3,3,18,3,884,99,1,2,31,0,0,3,15,0,123,0,0,1,0,45,1,258,0,251,1215,697,133
Saline-Precinct 21,1,44,0,0,5,4,2,209,23,0,0,9,0,1,1,4,1,39,0,0,0,0,2,0,32,0,40,265,119,33
Saline-Precinct 22,4,408,10,6,8,35,4,884,135,0,0,71,0,0,1,32,1,184,0,0,5,0,10,1,123,2,194,1359,553,206
Saline-Precinct 23,1,81,2,0,1,5,2,298,28,0,0,13,0,0,1,7,0,93,0,0,2,0,6,0,16,0,59,390,184,41
Saline-Precinct 24,5,276,8,12,20,35,8,998,106,0,0,54,1,1,1,25,2,228,1,0,2,0,12,1,148,0,197,1362,617,162
Saline-Precinct 25,8,233,9,7,20,37,12,1015,66,0,1,71,1,3,5,27,0,243,0,0,5,0,17,5,106,0,198,1341,606,142
Saline-Precinct 26,11,796,12,9,23,59,11,643,253,0,1,74,0,3,0,19,1,147,0,0,3,0,12,2,99,0,100,1564,383,331
Saline-Precinct 27,11,509,15,1,43,52,4,1486,144,0,0,73,1,0,4,53,3,314,1,0,5,2,32,1,325,0,275,2121,1015,218
Saline-Precinct 28,4,118,6,1,3,14,2,498,53,0,3,21,0,1,0,10,1,105,0,0,0,0,5,1,62,0,112,646,296,78
Saline-Precinct 29,0,85,2,0,1,5,2,367,37,0,1,8,0,0,0,12,0,71,0,0,2,0,4,0,45,0,78,462,212,46
Saline-Precinct 30,4,59,1,1,1,2,0,235,24,0,0,6,1,0,0,6,0,42,0,0,0,0,1,0,26,0,52,303,127,31
Saline-Precinct 31,4,442,22,5,19,71,6,1125,137,0,4,83,0,0,1,30,0,221,0,0,8,0,12,2,147,0,187,1694,608,224
Saline-Precinct 32,4,174,3,5,20,19,9,719,59,0,1,26,0,3,2,19,1,164,0,0,4,0,6,1,100,0,155,953,452,89
Saline-Precinct 33,5,209,13,8,4,31,6,778,70,0,3,37,0,1,2,19,1,202,0,1,4,0,16,0,97,0,172,1054,514,111
Saline-Precinct 34,4,268,10,3,3,21,1,287,97,0,0,31,0,0,2,6,0,44,0,0,2,0,2,1,27,0,64,597,148,128
Saline-Precinct 35,6,487,6,6,13,38,2,1259,153,0,1,57,0,0,15,38,4,226,0,0,6,2,74,2,328,0,279,1817,974,211
Saline-Precinct 36,3,289,7,7,14,33,4,658,91,0,1,64,0,0,2,34,1,147,1,0,3,0,19,2,164,0,127,1015,500,156
Saline-Precinct 37,3,327,10,10,13,37,5,1059,102,0,0,44,0,1,3,38,3,259,0,0,8,0,8,1,171,0,199,1464,690,147
Saline-Precinct 38,3,368,5,7,16,44,6,988,117,0,1,74,2,0,2,25,1,199,1,0,3,0,10,2,130,0,192,1437,565,194
Saline-Precinct 39,2,316,5,0,12,34,5,480,68,0,0,53,0,0,0,17,0,84,0,0,2,0,3,1,87,0,72,854,266,121
Saline-Precinct 40,4,448,8,3,23,38,1,1026,114,0,1,49,1,0,1,31,1,185,0,0,1,0,24,1,214,0,167,1551,625,165
Saline-Precinct 41,7,330,5,5,22,39,3,753,105,0,1,57,0,1,1,28,1,172,0,0,9,0,13,2,126,0,113,1164,465,164
Saline-Precinct 42,3,243,11,7,18,30,3,1042,94,0,1,33,0,0,1,38,0,254,1,0,0,0,19,0,184,0,178,1357,675,128
Searcy-Bear Creek # 4,1,57,1,2,2,5,1,348,21,0,0,19,0,1,0,17,0,101,0,0,5,0,3,4,29,0,130,417,289,41
Searcy-Bear Creek # 5,2,79,0,1,3,7,3,355,37,0,0,11,0,0,0,17,0,111,0,0,9,0,9,1,55,0,119,450,321,48
Searcy-Bear Creek # 6,0,40,2,2,6,5,3,346,12,0,0,8,0,0,2,18,2,123,0,2,9,0,15,3,42,0,103,404,319,20
Searcy-Calf Creek,0,38,2,2,2,4,1,106,19,1,0,11,0,0,0,2,0,27,0,0,0,0,9,0,12,0,58,155,108,31
Searcy-Long Creek,3,15,0,3,2,6,4,160,3,0,0,2,0,0,0,9,0,55,0,0,5,0,4,0,10,0,68,193,151,5
Searcy-Mt Pleasant,2,24,1,0,2,4,2,164,4,0,0,8,0,0,0,16,0,46,0,0,4,0,1,2,18,0,41,199,128,12
Searcy-Oxley,0,22,2,0,1,3,1,146,16,0,0,11,1,0,2,2,0,51,0,0,0,0,4,2,25,0,33,175,119,28
Searcy-Prairie,1,25,0,0,0,3,1,206,1,0,0,3,0,0,0,10,1,43,0,0,1,0,3,0,28,0,45,236,131,4
Searcy-Red River,1,25,2,0,0,0,2,103,10,0,0,17,0,0,0,2,0,29,0,0,3,0,2,0,8,0,26,133,70,27
Searcy-Rock Creek,1,36,0,2,3,4,1,161,4,0,0,4,0,0,2,3,0,31,0,0,2,1,1,0,18,0,46,208,104,8
Searcy-Shady Grove,1,25,3,1,0,0,0,59,3,0,0,6,0,0,0,0,0,21,0,0,0,0,0,1,3,0,17,89,42,9
Searcy-Spring,0,52,1,0,4,1,0,190,28,0,1,12,0,0,0,13,0,61,0,0,1,1,4,0,19,1,83,248,183,41
Searcy-St Joe,1,23,0,0,1,3,0,123,8,0,0,5,1,0,0,1,0,29,0,0,3,0,0,0,12,0,26,151,71,14
Searcy-Tomahawk,2,49,0,1,2,10,1,169,24,0,0,14,0,0,1,7,0,34,0,0,0,0,5,0,20,0,62,234,129,38
Searcy-Wiley's Cove,1,91,4,4,2,13,2,319,31,0,2,33,0,0,0,31,0,90,0,0,1,0,5,3,33,0,82,436,245,66
Sebastian-1-A,9,490,21,3,9,47,5,402,129,1,1,80,0,2,0,8,2,61,0,1,1,0,14,1,51,1,72,986,212,213
Sebastian-1-B,1,131,12,1,8,30,0,157,26,0,2,33,0,0,1,7,0,29,0,0,1,0,4,2,28,0,26,340,98,61
Sebastian-1-C,5,181,13,4,9,29,2,379,63,0,1,41,0,0,4,20,1,73,0,0,3,0,26,0,110,0,78,622,315,105
Sebastian-1-D,2,201,6,1,21,33,5,463,84,0,4,28,0,1,1,15,1,93,0,0,6,0,43,1,137,2,96,732,395,117
Sebastian-1-E,0,15,0,0,2,2,0,26,11,0,0,1,0,0,1,1,0,6,0,0,0,0,4,0,6,0,5,45,23,12
Sebastian-1-F,0,101,6,0,3,7,0,117,27,0,0,20,0,0,1,8,0,27,1,0,1,0,13,0,40,0,20,234,111,47
Sebastian-1-G,0,124,5,1,6,10,0,183,49,0,0,23,0,0,2,9,1,33,1,0,4,0,22,0,37,0,39,329,148,72
Sebastian-1-H,4,270,17,1,15,26,1,283,70,0,2,83,0,0,5,7,0,71,0,0,3,1,14,1,63,0,64,617,229,155
Sebastian-1-I,9,349,12,1,12,38,2,401,102,1,1,82,0,0,5,13,1,58,0,0,1,0,21,1,88,0,99,824,287,186
Sebastian-1-J,1,20,1,0,1,4,0,26,6,0,0,3,1,0,0,0,0,3,0,0,2,0,0,0,3,0,6,53,14,10
Sebastian-1-K,5,159,11,2,2,12,4,167,39,0,1,47,0,0,0,4,0,34,1,0,3,0,5,0,14,0,37,362,98,87
Sebastian-1-L,3,151,15,5,8,45,2,272,40,0,2,67,0,0,1,7,0,38,0,0,1,0,6,1,40,0,48,501,142,109
Sebastian-1-M,0,12,0,0,1,1,0,17,6,0,0,0,0,0,0,0,0,1,0,0,1,0,1,0,1,0,5,31,9,6
Sebastian-2-A,6,398,15,6,4,26,6,247,123,1,2,52,1,3,1,14,0,29,0,0,2,0,4,1,20,0,72,708,143,182
Sebastian-2-B,6,430,8,6,9,14,4,174,143,0,4,41,0,0,1,2,0,30,0,0,2,0,3,0,17,0,35,651,90,188
Sebastian-2-C,3,120,2,1,0,8,2,125,29,1,0,12,1,0,0,3,0,20,0,0,3,0,2,0,9,0,35,261,72,43
Sebastian-2-D,7,312,9,4,4,23,3,169,83,0,0,35,1,0,2,8,1,20,0,0,2,0,0,2,8,0,33,531,76,119
Sebastian-2-E,2,293,9,2,7,15,5,232,107,0,0,43,0,0,0,8,0,52,2,0,2,0,6,1,27,0,58,565,156,150
Sebastian-2-F,4,217,14,2,2,9,2,102,56,0,2,21,0,0,1,1,0,7,0,0,0,0,0,0,10,0,23,352,42,79
Sebastian-2-G,0,97,0,1,2,5,0,68,25,0,0,12,0,1,0,2,0,8,0,0,1,0,2,0,3,0,20,173,36,38
Sebastian-2-H,1,121,5,0,0,4,0,92,34,0,0,18,0,0,0,3,0,17,0,0,0,0,5,0,14,0,28,223,67,52
Sebastian-3-A,1,179,14,4,1,34,3,241,50,0,0,41,0,1,2,9,0,49,0,0,4,0,3,1,31,0,49,477,148,92
Sebastian-3-B,7,247,11,5,13,32,5,501,65,1,0,62,0,1,4,24,0,110,0,0,8,0,31,2,87,0,89,821,355,129
Sebastian-3-C,2,87,0,2,1,18,2,164,30,0,0,16,0,0,1,10,0,34,0,0,2,0,9,0,45,1,43,276,145,46
Sebastian-3-D,8,400,22,5,9,43,10,841,88,1,1,77,2,1,1,31,1,163,0,0,5,0,7,2,80,0,156,1338,446,170
Sebastian-3-E,0,321,13,2,21,55,4,782,86,0,0,68,0,0,5,26,0,155,0,1,8,0,21,1,112,0,185,1198,514,154
Sebastian-3-F,5,249,13,3,15,48,2,577,50,0,0,71,0,0,2,25,0,106,0,0,5,0,10,3,78,0,130,912,359,121
Sebastian-3-G,0,246,10,2,15,30,5,670,83,0,1,37,0,0,3,24,2,113,2,0,1,0,53,2,169,0,136,978,505,121
Sebastian-3-H,4,346,8,2,29,57,6,990,117,0,0,64,1,3,4,32,0,205,2,3,6,0,47,0,199,0,230,1442,728,185
Sebastian-3-I,1,38,0,0,5,5,0,138,11,1,0,4,0,0,0,5,1,24,0,0,0,0,6,0,31,0,19,187,86,16
Sebastian-3-J,1,27,0,1,1,4,0,72,9,0,0,2,0,0,0,2,0,8,0,0,1,0,5,0,18,0,13,106,47,11
Sebastian-3-K,0,17,0,0,2,0,0,47,3,0,0,0,0,0,0,2,0,8,0,0,0,0,1,0,15,0,8,66,34,3
Sebastian-3-L,0,0,0,0,0,0,0,2,0,0,0,0,0,0,0,0,0,0,0,0,0,0,0,0,0,0,2,2,2,0
Sebastian-3-O,5,107,2,1,12,10,1,546,44,0,0,12,0,0,2,16,0,115,1,0,3,0,31,0,130,0,117,684,415,56
Sebastian-4-A,1,187,6,0,11,23,4,285,65,0,3,30,0,0,6,9,0,55,0,0,2,0,28,1,77,0,67,517,245,98
Sebastian-4-B,1,261,5,1,8,26,2,459,78,0,1,44,0,0,2,7,0,62,0,0,2,0,31,1,102,0,103,763,310,123
Sebastian-4-C,5,630,18,6,43,88,6,1125,215,3,4,154,2,1,5,39,1,223,0,0,6,0,84,3,220,1,253,1921,835,379
Sebastian-4-D,6,310,5,3,18,38,2,715,103,0,1,53,2,0,3,22,1,139,0,0,10,1,43,1,175,0,159,1097,554,159
Sebastian-4-E,8,222,11,2,7,41,4,410,72,1,3,55,0,1,2,18,1,94,0,0,4,0,10,0,73,0,88,705,290,132
Sebastian-4-F,1,144,4,1,8,23,3,299,40,0,1,37,0,0,2,10,1,43,1,0,2,0,26,2,48,0,77,483,212,78
Sebastian-4-G,9,465,25,5,34,87,9,1140,174,0,2,79,1,1,15,52,2,229,2,0,9,0,81,2,247,4,263,1774,906,257
Sebastian-4-H,8,207,6,1,16,28,5,491,55,0,0,29,0,1,0,22,0,109,0,0,4,0,13,1,78,0,77,762,304,85
Sebastian-4-I,1,149,2,0,9,21,1,332,36,0,0,25,0,0,1,11,0,58,0,0,0,0,23,0,70,0,56,515,219,61
Sebastian-4-J,0,0,0,0,0,1,0,13,0,0,0,0,0,0,0,0,0,5,0,0,0,0,0,0,1,0,0,14,6,0
Sebastian-4-K,4,247,1,1,23,37,8,607,96,0,2,50,2,0,12,22,0,134,0,1,4,0,51,2,150,0,136,928,512,150
Sebastian-4-L,1,31,0,0,4,7,0,75,4,0,0,4,0,0,0,1,0,6,1,0,0,1,2,0,4,0,2,118,17,8
Sebastian-4-N,1,200,11,3,3,35,3,364,63,0,1,36,0,0,1,10,0,58,0,0,6,0,15,2,66,0,82,620,240,100
Sebastian-9-1A,2,20,1,0,0,0,0,97,9,0,0,0,0,0,0,1,0,32,0,0,1,0,1,0,10,0,26,120,71,9
Sebastian-9-1B,1,38,0,1,1,7,1,235,16,1,1,11,1,0,0,6,0,63,0,0,2,0,4,1,22,0,52,284,150,30
Sebastian-9-1C,2,71,3,2,4,9,0,325,37,0,0,9,0,1,0,8,0,66,0,0,3,0,8,1,33,0,85,416,204,47
Sebastian-9-1D,5,139,4,1,8,31,5,798,33,0,1,37,1,0,3,43,1,181,0,0,7,0,9,0,105,0,173,991,522,72
Sebastian-9-1E,0,91,3,1,6,13,4,556,35,0,1,7,1,0,0,6,0,175,1,0,2,0,10,0,73,0,96,674,363,44
Sebastian-9-1F,0,14,0,0,2,2,0,34,11,0,0,0,0,0,0,0,0,10,0,0,0,0,0,0,2,0,10,52,22,11
Sebastian-9-1G,1,11,0,1,1,0,0,61,3,0,1,0,0,0,0,2,0,9,0,0,0,0,1,0,5,0,21,75,38,4
Sebastian-9-1H,0,25,0,0,0,2,0,67,11,0,0,4,0,0,0,2,0,12,0,0,0,0,4,0,15,0,14,94,47,15
Sebastian-9-1I,1,120,3,1,2,15,1,326,32,0,0,23,0,0,1,11,1,65,0,0,2,0,6,2,30,0,77,469,195,55
Sebastian-9-1K,5,104,7,1,2,16,0,272,23,0,2,24,1,0,1,7,0,54,0,0,6,1,1,0,26,0,62,407,158,50
Sebastian-9-1M,0,0,0,0,0,1,0,6,0,0,0,1,0,0,0,0,0,5,0,0,0,0,0,0,0,0,0,7,5,1
Sebastian-9-1N,1,21,1,1,2,7,1,195,7,0,0,9,0,1,0,4,0,44,0,0,1,0,2,2,20,0,38,229,111,17
Sebastian-9-1O,0,18,1,0,2,2,0,89,4,0,0,3,0,0,0,2,0,26,0,0,0,0,1,0,10,0,18,112,57,7
Sebastian-9-2A,8,220,10,6,15,41,3,1094,75,1,2,24,0,0,1,45,4,212,1,0,9,0,28,1,159,0,208,1397,668,102
Sebastian-9-2B,1,70,2,0,7,12,0,281,18,1,0,13,0,0,6,11,0,47,0,0,3,0,6,0,20,0,35,373,128,32
Sebastian-9-2C,6,205,9,2,10,47,2,1164,52,0,2,36,0,0,1,53,1,214,0,0,10,0,16,2,154,1,218,1445,670,90
Sebastian-9-2D,0,26,1,0,2,3,1,145,8,0,0,5,0,1,2,2,0,26,0,0,0,0,0,0,20,0,36,178,86,14
Sebastian-9-2E,0,0,0,0,0,0,0,14,0,0,0,0,0,0,0,0,0,1,0,0,0,0,0,0,1,0,3,14,5,0
Sebastian-9-2F,3,49,3,1,2,7,1,247,7,0,0,7,0,0,0,14,0,37,0,0,4,0,6,0,29,0,42,313,132,14
Sebastian-9-2G,0,46,1,1,5,4,1,199,13,0,0,14,0,0,0,5,0,60,0,0,2,0,4,0,17,0,43,257,131,27
Sebastian-9-2H,0,10,2,0,2,2,0,64,5,0,0,1,0,0,0,4,0,21,0,0,0,0,0,0,6,0,7,80,38,6
Sebastian-9-2I,0,21,0,0,0,0,0,83,5,1,0,2,0,0,0,0,0,17,0,0,1,0,1,0,3,0,21,104,43,8
Sebastian-9-2J,0,0,0,0,0,0,0,11,0,0,0,0,0,0,0,0,0,1,0,0,0,0,0,0,0,0,3,11,4,0
Sebastian-9-2K,1,29,3,0,1,0,0,143,9,0,0,5,0,0,1,6,0,28,0,0,0,0,2,0,17,0,24,177,78,14
Sebastian-9-2L,0,20,2,0,0,0,0,133,10,0,0,3,0,0,0,3,0,28,0,0,1,0,2,0,29,0,24,155,87,13
Sebastian-9-3A,1,46,2,0,4,4,1,195,22,0,1,15,0,2,0,9,0,45,0,0,6,0,0,0,17,0,34,253,111,40
Sebastian-9-3B,8,71,2,0,6,19,0,381,28,0,1,14,0,1,2,14,0,76,1,0,0,0,14,0,37,0,72,487,216,44
Sebastian-9-3C,2,78,1,0,1,16,3,300,27,0,3,23,0,0,0,11,0,66,0,0,3,0,2,0,28,1,65,401,176,53
Sebastian-9-3D,0,16,0,1,2,2,0,82,6,0,0,1,0,0,0,0,0,22,0,0,0,0,2,0,6,0,20,103,50,7
Sebastian-9-3E,1,46,3,1,0,4,4,178,17,0,0,11,0,0,1,1,0,28,0,0,0,0,4,0,22,0,42,237,98,28
Sebastian-9-3F,0,46,2,2,3,10,0,336,16,0,0,10,0,0,0,14,0,96,0,0,0,0,4,2,42,0,70,399,228,26
Sebastian-9-3G,0,26,2,0,3,4,0,124,11,0,0,6,0,0,0,3,0,25,0,0,1,0,3,0,7,0,26,159,65,17
Sebastian-9-3H,3,18,2,0,0,4,2,168,3,0,0,1,0,0,0,8,0,42,0,0,1,0,3,0,17,1,25,197,97,4
Sebastian-9-3I,2,27,0,1,1,2,0,201,10,0,0,5,0,0,0,5,0,53,0,0,1,0,4,0,12,0,40,234,115,15
Sebastian-9-3J,1,38,0,0,0,6,1,312,9,0,0,9,0,0,0,7,2,70,0,0,1,0,5,1,31,0,78,358,195,18
Sebastian-9-3K,2,51,4,2,2,7,0,164,20,0,1,11,2,0,0,4,0,32,0,0,5,0,1,0,11,0,36,232,89,34
Sebastian-9-3L,1,39,1,0,2,2,0,149,13,0,0,5,0,0,0,2,1,34,0,0,3,0,2,0,11,0,34,194,87,18
Sebastian-9-3M,0,21,0,0,0,3,0,58,7,0,1,3,0,0,0,0,0,12,0,0,0,0,1,0,6,0,12,82,31,11
Sebastian-9-3N,0,7,0,0,0,0,0,41,4,0,0,1,0,0,1,1,0,7,0,0,1,0,0,0,3,0,10,48,23,5
Sebastian-9-3O,1,12,3,0,2,3,1,102,3,0,0,3,0,0,0,5,0,24,0,0,0,0,5,0,5,0,15,124,54,6
Sebastian-9-3P,1,20,0,0,0,5,0,97,11,0,0,5,0,0,0,1,0,19,0,0,0,0,1,0,15,0,29,123,65,16
Sebastian-9-4A,0,17,0,0,0,1,0,73,6,0,0,3,0,0,0,1,0,15,0,0,1,0,2,0,20,0,14,91,53,9
Sebastian-9-4B,8,122,5,2,4,23,6,771,44,1,1,29,1,0,0,18,2,181,0,0,3,0,9,3,116,3,156,941,491,76
Sebastian-9-4C,2,186,7,0,11,41,1,843,76,0,1,28,1,1,2,33,1,177,2,0,2,1,21,3,112,0,201,1091,555,107
Sebastian-9-4D,1,14,0,0,1,3,0,50,6,0,0,5,0,0,0,5,0,14,0,0,0,0,0,0,9,0,5,69,33,11
Sebastian-9-4E,0,5,1,0,2,3,0,56,2,0,0,3,0,0,0,1,0,16,0,0,0,0,1,0,12,0,15,67,45,5
Sebastian-9-4F,0,2,0,0,0,1,0,32,2,0,0,1,0,0,0,0,0,5,0,0,0,0,0,0,3,0,3,35,11,3
Sebastian-9-4G,0,24,1,0,0,0,0,66,7,0,0,3,0,0,0,4,0,16,0,0,1,0,0,0,16,0,13,91,50,10
Sebastian-9-4H,0,57,4,2,0,10,1,174,13,0,0,15,0,0,0,7,0,36,0,0,2,0,1,0,19,0,35,248,100,28
Sebastian-9-4I,3,83,4,0,3,7,1,348,30,0,0,25,0,0,2,13,0,78,0,0,2,0,5,0,57,0,79,449,236,55
Sebastian-9-4J,0,8,0,0,0,2,1,40,4,0,0,1,0,0,0,0,0,8,0,0,0,0,0,1,5,0,6,51,20,5
Sebastian-9-4K,3,106,6,1,7,24,1,511,43,0,3,22,0,1,3,19,0,75,0,0,8,0,5,1,55,0,92,659,258,69
Sebastian-9-5A,1,7,0,0,1,0,0,12,4,0,0,0,0,0,0,1,0,0,0,0,1,0,0,0,0,0,4,21,6,4
Sebastian-9-5B,0,0,0,0,0,0,0,7,0,0,0,0,0,0,0,0,0,2,0,0,0,0,0,0,0,0,2,7,4,0
Sebastian-9-6A,0,8,0,0,0,3,0,16,2,0,0,1,0,0,0,0,0,1,0,0,0,0,0,0,3,0,8,27,12,3
Sebastian-9-6B,1,3,1,0,1,0,0,89,4,0,0,1,0,0,0,6,0,17,1,0,1,0,1,0,11,0,25,95,62,5
Sebastian-9-J,2,72,3,2,2,7,0,206,23,0,0,15,0,0,0,12,0,41,0,0,2,0,0,1,16,1,55,294,128,38
Sebastian-9-L,3,142,3,1,3,14,2,316,30,0,0,21,0,0,5,7,2,63,0,0,3,0,5,1,48,0,70,484,204,51
Sevier-Bear Creek West,0,121,2,0,4,13,5,380,49,3,4,29,0,2,1,30,0,79,0,1,7,0,3,0,40,0,81,525,242,87
Sevier-Clear Creek 1,0,26,0,0,4,2,5,218,10,0,1,10,1,0,1,5,0,38,0,0,1,0,3,0,21,0,37,255,106,22
Sevier-Clear Creek 2,1,143,2,1,2,6,4,523,52,1,1,15,2,0,0,27,0,58,0,0,3,0,6,0,20,0,77,682,191,71
Sevier-Mineral,0,64,3,0,0,7,6,308,19,0,3,16,0,0,0,10,0,44,0,0,1,0,5,0,28,0,48,388,136,38
Sharp-Big Creek,0,17,2,0,2,1,0,140,7,0,0,4,0,0,0,2,0,26,0,0,2,0,1,0,13,0,32,162,76,11
Sharp-Cave,3,161,4,5,8,32,12,704,59,2,3,25,2,2,2,39,1,90,0,0,8,0,9,0,67,0,163,929,379,93
Sharp-Cherokee,8,434,14,4,12,48,15,1211,167,2,3,87,2,0,4,58,1,149,1,0,11,0,28,1,149,1,281,1746,684,261
Sharp-Davidson,0,17,0,0,4,0,0,78,9,0,0,3,0,0,1,7,1,9,0,0,0,0,3,0,13,0,24,99,58,12
Sharp-East Sullivan,0,24,1,0,2,2,3,144,6,0,1,11,0,0,0,7,1,26,0,0,0,0,2,0,20,0,44,176,100,18
Sharp-Hardy,3,119,3,0,6,10,3,349,58,1,2,31,0,0,3,17,1,27,1,0,4,0,9,1,29,0,61,493,153,92
Sharp-Highland,3,91,9,0,6,8,1,443,36,0,0,21,1,0,0,16,0,64,2,0,5,0,7,1,51,0,96,561,242,58
Sharp-Jackson,0,29,1,3,0,1,0,98,13,0,0,3,0,0,1,7,1,14,0,0,1,1,1,0,3,0,32,132,61,16
Sharp-Lave Creek,1,26,0,0,1,0,0,136,16,0,0,4,0,0,0,3,0,31,0,0,2,0,3,0,11,0,33,164,83,20
Sharp-Lower North,1,35,1,2,0,5,0,151,11,0,0,4,0,0,1,8,0,20,0,0,0,0,4,0,10,0,36,195,79,15
Sharp-Morgan,0,21,3,0,0,0,1,64,12,0,0,5,0,1,0,0,0,8,0,0,3,0,1,0,12,0,18,89,42,18
Sharp-North Big Rock,0,16,0,0,0,2,0,45,6,0,0,4,0,0,0,0,0,3,0,0,0,0,1,0,7,0,7,63,18,10
Sharp-North Lebanon,0,7,0,0,0,0,1,17,4,0,0,0,0,0,0,0,0,1,0,0,0,0,0,0,1,0,2,25,4,4
Sharp-North Union,0,8,0,0,0,2,0,42,4,0,0,2,0,0,0,0,0,12,0,0,0,0,0,0,4,1,10,52,27,6
Sharp-Ozark,3,52,2,1,2,2,1,177,14,1,0,5,0,0,0,2,0,10,0,0,2,0,3,0,19,0,55,240,91,20
Sharp-Piney Fork,2,89,1,1,3,8,3,341,44,1,4,20,3,5,0,14,1,55,1,0,3,0,2,2,47,1,74,448,200,77
Sharp-Richwood,7,170,4,4,4,17,3,597,86,1,1,32,1,1,3,31,3,70,1,0,6,1,4,1,56,1,119,806,296,122
Sharp-Scott,1,21,0,2,1,1,1,124,7,0,0,3,0,0,0,4,0,30,0,0,1,0,1,0,19,0,18,151,73,10
Sharp-South Big Rock,3,11,1,0,0,2,2,51,2,0,0,0,0,0,0,0,0,10,0,0,0,0,6,0,5,0,14,70,35,2
Sharp-South Lebanon,0,15,1,0,1,1,2,34,4,0,0,4,1,0,1,0,0,7,0,0,1,0,0,0,2,0,4,54,15,9
Sharp-South Union,0,20,2,0,0,2,0,97,10,0,0,6,0,0,0,1,0,10,1,0,1,0,0,1,6,0,19,121,39,16
Sharp-Strawberry,0,12,0,0,1,2,1,72,5,0,0,2,0,0,0,7,0,13,0,0,0,0,1,0,7,0,16,88,44,7
Sharp-Upper North,1,25,0,0,0,3,0,72,9,1,0,5,1,0,0,4,0,9,0,0,0,0,0,0,6,0,18,101,37,16
Sharp-Washington-1,0,12,0,0,1,2,1,50,2,0,0,7,0,0,0,1,0,4,0,0,0,0,2,1,3,0,13,66,24,9
Sharp-Washington-2,0,0,0,0,0,1,0,17,0,0,0,1,0,0,0,0,0,1,0,0,0,0,0,0,2,0,6,18,9,1
Sharp-West Sullivan,0,40,0,0,2,3,2,153,17,0,1,5,0,1,0,7,0,24,0,0,0,0,2,0,18,0,47,200,98,24
St Francis-Bonair,2,92,2,2,2,10,3,284,46,3,5,28,1,2,1,4,0,30,0,0,0,0,0,0,20,0,53,397,108,85
St Francis-Caldwell,1,66,0,1,1,3,0,196,37,1,1,18,1,1,0,2,0,32,0,0,3,0,1,0,20,0,42,268,100,59
St Francis-Colt,4,209,2,3,2,3,0,308,97,0,1,22,1,1,1,4,0,80,0,0,3,0,1,0,26,0,51,531,166,122
St Francis-FC Ward 1,8,659,3,5,0,1,2,27,385,2,2,18,1,4,0,0,0,7,0,0,1,0,0,0,1,0,7,705,16,412
St Francis-FC Ward 2,12,728,2,3,2,2,1,59,390,0,1,30,3,1,0,0,0,5,0,0,0,0,0,0,6,0,8,809,19,425
St Francis-FC Ward 3,5,530,2,2,4,17,3,352,213,2,15,57,2,1,0,8,0,35,0,0,0,0,3,0,41,1,58,915,146,290
St Francis-FC Ward 4,3,446,4,4,1,7,0,292,207,0,2,50,4,3,0,4,0,50,0,0,2,0,5,0,28,0,50,757,139,266
St Francis-Forrest City Country West,2,100,1,0,1,0,2,63,52,0,0,8,0,4,0,1,0,10,0,0,0,0,0,1,4,0,6,169,22,64
St Francis-Heth/Blackfish,1,64,0,1,0,2,0,105,30,0,1,6,1,0,0,2,0,13,0,0,0,0,2,0,4,0,30,173,51,38
St Francis-Hughes,4,399,1,1,2,5,1,179,82,2,1,24,0,1,0,5,1,22,0,0,0,0,1,0,16,0,25,592,70,110
St Francis-Madison,1,215,0,1,0,3,0,25,110,0,0,2,0,1,0,0,0,1,0,0,0,0,0,0,1,0,2,245,4,113
St Francis-Newcastle/Parrott,3,163,0,0,2,0,0,721,78,3,3,56,8,5,2,15,0,124,0,0,7,0,2,0,41,0,144,889,335,153
St Francis-Palestine,5,185,1,3,1,6,3,397,91,2,3,24,0,2,0,14,0,56,0,0,7,0,1,0,22,0,80,601,180,122
St Francis-Wheatley,4,59,0,2,0,2,2,104,28,0,1,4,0,0,0,6,1,22,0,0,1,0,3,0,3,0,27,173,63,33
St Francis-Widener,1,116,0,2,0,3,1,83,66,0,0,7,1,1,0,3,0,7,0,0,0,0,0,0,3,0,16,206,29,75
Stone-Angora Mountain,0,15,0,1,2,0,0,33,3,0,0,6,0,0,2,3,0,8,0,0,0,0,1,1,2,0,12,51,29,9
Stone-Arbanna,1,59,6,0,1,10,3,192,20,0,2,35,0,0,1,6,0,34,0,0,0,0,7,0,15,0,52,272,115,57
Stone-Ben 01,0,5,0,0,0,0,1,97,4,1,0,1,0,0,0,5,0,16,0,1,1,0,1,0,11,0,34,103,69,6
Stone-Ben 02,0,0,0,0,0,0,0,15,0,0,0,0,0,0,0,0,0,12,0,0,0,0,0,0,0,0,2,15,14,0
Stone-Bethany,4,40,0,0,1,7,5,197,12,0,0,8,0,0,3,7,0,53,0,0,1,0,3,0,15,0,26,254,108,20
Stone-Dodd Mountain,1,88,3,2,3,6,5,302,46,0,0,38,2,1,0,12,0,54,0,0,4,0,8,1,34,0,76,410,189,87
Stone-East Out,0,29,1,0,2,2,1,163,15,0,0,12,0,0,0,9,2,26,0,0,2,0,3,0,6,0,34,198,82,27
Stone-Foothills 1,1,72,7,3,2,7,1,322,55,2,2,38,0,2,0,18,0,82,0,0,3,0,15,0,55,0,141,415,314,99
Stone-Foothills 2,1,60,3,1,4,3,1,201,3,0,0,4,0,0,0,2,0,11,0,0,1,0,0,0,2,0,15,274,31,7
Stone-Fox,3,138,13,2,3,23,2,351,65,0,0,52,0,1,2,18,0,93,0,0,2,0,1,0,54,0,60,535,230,118
Stone-Liberty,1,21,0,1,0,2,0,86,2,0,0,7,0,0,0,5,0,20,0,0,1,0,1,1,13,0,20,111,61,9
Stone-Northeast,2,33,4,1,3,2,0,146,20,0,0,15,0,1,0,11,0,24,0,0,2,0,5,0,7,0,44,191,93,36
Stone-Northwest,0,51,0,1,2,5,0,207,25,0,1,16,1,2,0,11,1,39,0,0,3,0,0,0,12,0,57,266,123,45
Stone-Old Lexington,0,8,0,0,0,1,0,33,8,0,0,2,0,0,0,3,0,6,0,0,0,0,1,1,2,0,8,42,21,10
Stone-Pleasant Grove,2,95,1,4,2,10,2,332,46,2,2,31,0,2,1,9,1,51,0,0,4,0,2,1,27,0,76,448,172,83
Stone-Red Doors,1,141,7,1,1,6,6,355,63,1,2,51,2,2,2,23,0,65,1,0,3,0,2,1,43,0,77,518,217,121
Stone-Ward 1,0,96,3,1,7,15,2,383,44,0,0,32,1,0,0,16,0,76,0,0,8,0,8,1,52,0,84,507,245,77
Stone-Ward 2,3,104,5,2,4,2,5,255,51,0,0,27,1,1,0,12,0,45,0,0,5,0,2,0,28,0,63,380,155,80
Stone-Ward 3,1,109,9,3,3,12,1,283,52,0,1,28,2,0,4,17,0,47,0,0,3,0,1,1,30,0,75,421,178,83
Stone-West Out,0,38,0,0,1,6,0,153,13,0,0,18,0,0,0,7,1,18,0,0,1,0,1,0,22,0,37,198,87,31
Union-AURELLE,1,79,1,0,0,1,0,60,44,3,1,10,3,1,0,1,0,2,0,0,0,0,1,0,1,0,7,142,12,62
Union-CALEDONIA,0,23,1,0,2,5,0,193,15,12,1,35,6,4,0,3,0,21,0,0,0,0,1,0,6,0,22,224,53,73
Union-CALION,1,62,2,0,0,3,2,178,16,0,3,34,4,1,0,1,0,12,0,1,0,0,0,0,6,0,51,248,71,58
Union-COUNTRY BOX 1,0,31,0,1,1,0,0,77,17,1,0,19,1,2,0,4,0,12,0,0,1,0,1,0,5,0,14,110,37,40
Union-COUNTRY BOX 2,1,24,0,1,1,4,0,198,20,6,3,28,4,4,0,4,0,31,0,0,1,0,0,0,11,1,35,229,83,65
Union-COUNTRY BOX 3,1,54,1,1,5,14,2,517,44,17,10,94,8,7,0,15,0,95,0,0,5,1,13,0,31,0,75,595,235,180
Union-COUNTRY BOX 4,7,45,1,0,6,8,0,226,28,7,2,28,6,2,1,8,0,49,0,0,1,0,1,1,31,0,31,293,123,73
Union-COUNTRY BOX 6,1,56,3,0,4,6,0,214,33,6,3,43,4,1,2,5,0,39,0,0,0,0,7,0,31,0,47,284,131,90
Union-COUNTRY BOX 7,0,11,0,2,0,2,0,56,6,1,1,3,0,1,0,1,0,4,0,0,1,0,0,0,1,1,8,71,16,12
Union-EARLY VOTING,18,2745,32,16,46,133,26,4777,1004,124,111,637,65,64,8,43,0,268,1,1,14,2,19,5,223,2,334,7793,920,2005
Union-FELSENTHAL,0,8,0,0,0,0,0,40,6,0,1,8,0,0,0,2,0,9,0,0,2,0,0,0,5,0,4,48,22,15
Union-HIBANKS,0,26,2,0,0,2,0,120,23,6,7,24,7,2,0,2,1,11,0,0,1,0,1,0,6,0,18,150,40,69
Union-HUTTIG,0,154,0,3,3,5,4,111,94,1,3,20,3,5,2,1,0,8,0,0,0,0,0,0,2,0,18,280,31,126
Union-JUNCTION CITY,1,97,0,1,1,0,2,166,31,4,1,14,6,1,0,3,0,29,0,0,0,0,1,0,8,0,17,268,58,57
Union-LAWSON,0,64,2,0,2,1,1,190,35,10,2,24,4,2,0,5,0,31,0,0,1,0,0,0,5,0,16,260,58,77
Union-LISBON,1,21,0,1,0,1,1,115,6,1,0,24,1,1,0,2,0,23,0,0,0,0,1,0,12,0,27,140,65,33
Union-MT. HOLLY,0,38,0,0,0,1,1,131,17,5,1,17,1,1,1,2,0,20,1,0,0,0,1,0,5,0,26,171,56,42
Union-NEW LONDON,0,40,0,1,0,0,2,136,24,4,4,27,10,4,0,2,0,21,0,0,0,0,0,0,11,0,11,179,45,73
Union-NORPHLET,1,68,2,1,3,3,2,434,40,3,7,43,7,7,1,12,0,79,0,2,2,0,2,0,30,0,68,514,196,107
Union-SMACKOVER,0,165,3,2,3,12,3,488,98,8,10,82,9,7,1,4,0,75,0,2,4,0,1,0,37,1,61,676,186,214
Union-STRONG,0,237,1,1,1,1,0,106,149,4,5,32,5,2,1,1,0,13,0,0,6,0,0,0,5,0,15,347,41,197
Union-THREE CREEKS,2,46,0,0,0,0,2,194,17,5,3,27,9,3,1,7,0,20,0,0,1,0,3,0,11,0,29,244,72,64
Union-UNION,0,73,1,0,1,4,4,262,28,7,0,28,5,4,1,8,0,49,0,0,1,0,2,0,14,0,31,345,106,72
Union-WARD 1,2,333,6,2,4,11,4,263,154,6,7,111,12,7,0,7,1,51,0,0,0,0,5,3,29,0,56,625,152,297
Union-WARD 2,2,333,3,0,5,16,2,364,170,14,8,96,8,7,1,17,0,76,0,0,2,0,11,3,56,0,55,725,221,303
Union-WARD 3,1,512,1,1,0,6,3,80,235,1,2,40,2,5,0,1,0,8,0,0,0,0,1,1,6,0,12,604,29,285
Union-WARD 4,1,284,6,0,6,21,2,328,114,11,9,72,8,9,0,18,1,48,0,0,3,0,11,2,45,1,67,648,196,223
Union-WESSON,0,25,1,0,0,1,0,92,10,5,1,11,0,0,0,4,0,12,0,0,1,0,2,0,8,0,9,119,36,27
Union-WOOLEYS STORE,0,13,0,0,1,2,0,85,7,2,0,10,0,1,0,1,0,9,0,0,0,0,0,0,9,0,8,101,27,20
Union-ZZ PAPER BALLOTS,0,173,1,0,1,11,3,242,63,3,6,30,3,2,5,3,2,13,0,0,0,0,2,1,12,0,16,431,54,107
Van Buren-02 Barnett,2,31,1,0,1,6,2,244,17,0,0,13,0,0,2,5,0,76,0,1,4,1,2,0,23,0,41,287,155,30
Van Buren-03 Bradley,1,104,3,2,2,13,5,409,47,1,1,20,0,0,1,9,0,111,0,0,5,0,4,2,46,0,82,539,260,69
Van Buren-04 Culpepper,0,24,2,1,1,2,2,127,17,0,1,19,1,1,0,5,0,20,0,0,1,0,5,0,28,0,26,159,85,39
Van Buren-05 Holly Mountain,2,47,1,1,0,11,2,183,20,0,2,22,0,1,1,4,0,30,0,1,0,0,1,0,12,0,39,247,88,45
Van Buren-06 Choctaw,2,77,4,0,3,5,0,199,44,0,1,9,1,0,1,7,0,35,0,0,0,0,3,0,28,0,43,290,117,55
Van Buren-07 West Griggs,5,120,5,2,6,14,5,379,75,1,3,36,2,0,0,16,0,53,0,0,4,0,4,3,49,0,61,536,190,117
Van Buren-08 Craig,2,38,3,0,1,7,2,285,21,0,0,20,0,1,1,5,0,51,0,0,2,0,6,1,31,1,52,338,150,42
Van Buren-09 Cargile,0,27,0,1,1,3,2,140,24,0,0,3,1,0,0,6,0,33,0,1,1,0,3,0,11,0,32,174,87,28
Van Buren-10 Davis,0,86,2,1,1,11,4,343,46,0,1,16,1,0,0,12,0,69,1,0,2,0,3,0,41,0,79,448,207,64
Van Buren-11 Formosa,2,37,0,1,1,8,0,201,17,0,2,19,0,0,0,2,0,27,0,0,1,0,3,2,32,0,42,250,109,38
Van Buren-12 East Griggs,4,98,4,1,0,23,2,312,40,1,3,39,0,4,0,12,0,55,0,0,3,0,5,0,38,0,74,444,187,87
Van Buren-15 Mountain,0,12,0,1,2,2,0,107,3,0,0,8,0,1,0,3,0,29,0,0,1,0,3,0,6,0,22,124,64,12
Van Buren-17 Linn Creek,1,61,2,0,1,3,0,194,25,0,0,16,0,2,0,3,1,29,1,1,1,0,1,0,17,0,52,262,106,43
Van Buren-19 Red River,2,91,4,1,3,8,4,262,48,0,0,23,1,1,0,2,0,44,0,0,2,0,9,0,33,0,74,375,164,73
Van Buren-20 Union,6,135,3,2,6,13,4,453,63,3,2,32,2,0,0,15,0,86,0,0,6,0,5,0,35,0,101,622,248,102
Van Buren-21 Washington,3,71,8,1,3,6,5,303,46,0,0,37,1,0,0,6,0,50,0,0,5,0,3,2,16,0,84,400,166,84
Van Buren-22 Wheeler,2,52,3,0,1,8,1,111,22,2,1,24,1,1,0,1,0,14,1,1,4,0,5,0,13,0,18,178,57,51
Van Buren-23 Mountain Ranch,0,111,1,3,3,6,3,302,44,0,2,21,0,0,0,13,0,36,2,0,2,0,14,1,56,0,78,429,202,67
Van Buren-24 South Griggs,9,163,6,2,14,20,6,420,93,0,3,48,4,2,0,16,0,55,0,1,7,0,16,0,71,1,92,640,259,150
Van Buren-25 Indian Hills,1,74,0,1,3,5,1,244,26,0,1,5,0,0,1,10,0,24,0,0,2,1,5,0,68,0,57,329,168,32
Van Buren-26 Lakewood,2,90,1,0,2,8,1,164,32,0,2,7,0,1,0,12,0,31,0,0,3,0,7,0,20,0,49,268,122,42
Washington-BOSTON,0,40,0,0,0,0,0,100,4,0,0,18,0,0,1,2,0,27,0,0,2,0,1,0,8,0,20,140,61,22
Washington-BRUSH CREEK,15,289,5,2,11,40,1,724,77,0,3,58,0,1,2,23,2,146,0,0,4,0,24,0,92,1,175,1087,469,139
Washington-CANE HILL,6,134,1,0,9,21,0,436,51,0,1,24,1,1,0,19,0,79,0,0,0,1,8,0,40,0,75,607,222,78
Washington-CENTER,6,149,1,3,4,29,0,405,38,0,1,32,0,1,2,14,2,73,0,0,2,0,6,0,59,0,68,597,226,72
Washington-CENTER 2,2,19,0,0,2,3,2,32,7,0,0,4,0,0,0,0,0,7,0,0,0,0,0,0,2,0,6,60,15,11
Washington-CENTER H,1,24,0,1,0,6,2,34,6,0,0,6,0,0,1,0,0,6,0,0,0,0,0,0,2,0,9,68,18,12
Washington-COVE CREEK,2,100,5,3,2,8,1,218,34,0,0,21,1,0,2,3,0,57,0,0,0,0,6,1,22,0,39,339,130,56
Washington-COVE CREEK S,0,6,1,0,0,4,0,13,1,0,0,0,0,0,0,0,0,1,0,0,0,0,0,0,0,0,4,24,5,1
Washington-CRAWFORD,4,125,10,1,8,10,1,275,48,0,0,40,0,0,0,9,0,71,1,0,1,0,1,0,32,0,63,434,178,88
Washington-DURHAM,4,97,4,2,6,9,1,223,37,0,2,30,0,1,0,5,0,54,0,0,0,0,2,0,26,0,52,346,139,70
Washington-DUTCH MILLS,1,29,2,0,0,2,1,102,12,0,0,5,0,0,0,2,0,27,0,0,0,0,1,0,14,0,15,137,59,17
Washington-ELKINS,10,300,15,3,21,43,4,621,96,0,1,70,2,0,2,27,0,117,0,1,2,1,13,1,76,1,147,1017,388,169
Washington-ELKINS H,0,51,3,0,1,5,0,87,13,1,0,14,0,0,0,5,0,12,0,0,0,0,5,0,16,0,19,147,57,28
Washington-ELM SPRINGS CITY,5,196,9,0,23,24,2,704,75,0,0,34,1,1,1,31,0,224,1,1,4,0,21,0,171,0,138,963,592,111
Washington-ELM SPRINGS TWP,0,20,1,0,6,3,0,141,2,0,0,5,0,0,1,8,0,35,0,0,1,0,3,0,14,0,27,171,89,7
Washington-FARMINGTON 1,5,322,7,4,18,40,1,495,86,0,0,86,1,0,1,29,1,84,0,0,6,0,9,0,91,0,76,892,297,173
Washington-FARMINGTON 2,15,508,16,3,33,80,4,1187,141,0,2,110,0,1,0,40,1,191,0,0,3,0,30,3,184,0,200,1846,652,254
Washington-FARMINGTON S,0,35,1,0,0,8,0,81,8,0,0,7,0,0,0,4,0,14,0,0,1,0,3,0,9,0,21,125,52,15
Washington-FAY 01,1,295,11,0,4,32,1,213,38,0,0,74,0,0,0,2,0,20,0,0,0,0,4,1,38,0,21,557,86,112
Washington-FAY 02,4,428,11,1,9,30,0,215,123,0,1,148,0,0,2,13,0,37,1,0,0,0,7,1,71,0,18,698,150,272
Washington-FAY 03,11,760,55,5,31,86,3,346,141,0,0,324,1,1,1,28,1,78,1,0,0,0,12,4,104,0,61,1297,290,467
Washington-FAY 04,4,445,39,3,19,47,0,244,67,0,1,220,0,0,2,3,0,37,0,0,0,0,3,1,64,0,16,801,126,288
Washington-FAY 05,4,750,22,5,11,66,0,250,218,0,0,224,1,1,3,10,0,18,0,1,0,0,20,0,59,0,34,1108,145,444
Washington-FAY 06,7,870,38,1,18,61,1,540,305,0,1,207,0,0,6,16,0,121,0,0,1,1,63,2,175,0,127,1536,512,513
Washington-FAY 07,5,525,15,1,9,33,1,176,237,0,0,125,0,0,0,11,0,26,0,0,0,0,19,0,89,1,36,765,182,362
Washington-FAY 08,4,729,41,1,12,49,2,243,241,0,3,275,2,0,1,6,0,41,0,0,1,0,16,1,71,0,39,1081,176,521
Washington-FAY 09,1,835,41,6,20,70,2,338,164,0,0,325,1,0,0,10,0,46,0,0,0,0,4,2,70,1,68,1313,201,490
Washington-FAY 10,5,310,15,3,6,15,0,179,79,0,0,79,0,0,3,5,0,31,0,0,2,0,10,1,43,0,47,533,142,158
Washington-FAY 11,5,500,9,5,22,43,0,487,143,0,2,122,0,0,0,25,0,107,0,0,4,0,13,0,106,0,100,1071,355,267
Washington-FAY 12,8,818,32,3,39,78,2,773,242,1,1,219,0,1,3,26,0,175,0,0,4,1,39,1,220,0,142,1753,611,464
Washington-FAY 13,9,497,39,3,18,52,0,154,71,1,0,196,0,0,1,7,0,22,0,0,1,0,9,3,50,0,16,772,109,268
Washington-FAY 14,4,161,10,0,3,11,1,72,44,0,0,51,0,0,0,7,0,6,0,0,0,0,2,0,18,0,14,262,47,95
Washington-FAY 15,3,242,15,3,8,20,3,115,37,0,0,106,0,0,0,5,0,15,0,0,1,0,0,0,27,0,18,409,66,143
Washington-FAY 16,0,31,2,2,0,2,1,45,9,0,0,13,0,0,1,0,0,10,0,0,1,0,2,0,1,0,12,83,27,22
Washington-FAY 17,5,607,16,2,16,38,0,404,234,1,1,152,0,0,1,10,1,80,0,0,3,0,33,1,144,1,61,1088,335,388
Washington-FAY 18,1,470,22,1,20,24,0,229,186,0,1,140,1,0,3,8,2,55,0,0,1,0,14,1,53,1,44,767,182,328
Washington-FAY 19,10,730,16,4,25,64,3,432,249,0,0,198,0,0,1,16,1,111,0,0,0,0,29,1,134,1,120,1284,414,447
Washington-FAY 20,7,637,17,1,29,72,2,500,101,0,0,170,0,0,1,14,0,71,0,1,0,1,15,5,135,0,69,1265,312,271
Washington-FAY 21,3,287,11,1,13,17,0,254,100,0,0,54,0,0,1,7,0,51,0,0,0,0,9,0,71,0,38,586,177,154
Washington-FAY 22,14,734,40,3,28,63,4,445,177,2,0,217,1,0,5,12,0,87,0,1,4,0,24,2,88,0,75,1331,298,397
Washington-FAY 23,3,512,34,6,33,59,1,320,90,0,0,170,1,0,1,14,0,85,0,0,1,1,12,2,78,0,50,968,244,261
Washington-FAY 24,0,241,25,1,2,18,0,51,45,0,0,120,0,0,0,1,0,6,0,0,0,0,4,1,12,0,7,338,31,165
Washington-FAY 25,3,548,25,1,6,24,1,102,229,1,0,166,0,0,2,2,0,21,0,0,0,0,15,0,51,0,23,710,114,396
Washington-FAY 26,6,301,26,3,17,30,0,247,63,0,0,72,0,0,1,10,0,39,0,0,1,0,8,1,57,0,48,630,165,135
Washington-FAY 27,4,637,14,3,27,60,2,551,151,0,0,132,0,0,4,23,0,98,0,0,4,0,13,1,163,2,83,1298,391,283
Washington-FAY 28,3,432,6,2,22,60,0,488,146,0,0,62,0,0,1,19,1,70,0,0,2,0,31,0,228,0,86,1013,438,208
Washington-FAY 29,4,343,4,2,17,19,1,261,114,0,1,56,0,0,2,10,0,44,0,1,1,0,20,0,130,0,58,651,266,171
Washington-FAY 30,5,510,28,2,23,39,0,500,134,0,1,123,1,1,4,14,3,92,0,0,3,0,12,2,129,0,81,1107,340,260
Washington-FAY 31,9,704,15,4,46,105,0,700,170,0,0,143,0,0,3,23,0,130,2,0,1,0,23,1,198,1,112,1583,494,313
Washington-FAY 32,5,295,9,2,24,34,1,409,83,0,1,84,0,0,2,6,0,68,1,0,3,0,9,0,109,0,68,779,266,168
Washington-FAY 33,2,36,0,0,0,6,0,36,3,0,0,8,0,0,0,2,0,9,0,0,0,0,0,0,1,0,1,80,13,11
Washington-FAY 34,8,376,44,2,9,43,0,108,45,0,0,212,1,0,0,7,0,20,0,0,1,0,6,1,39,0,18,590,92,258
Washington-FAY 35,5,307,10,1,11,20,0,298,102,2,0,58,0,0,3,8,0,51,0,0,3,1,13,0,89,1,39,652,208,162
Washington-FAY 36,1,278,17,0,2,17,0,89,59,1,0,136,0,0,0,2,0,5,0,0,0,0,5,1,28,0,17,404,58,196
Washington-FAY 38,0,88,1,1,3,4,1,76,25,0,0,17,0,0,0,2,0,5,0,0,0,0,6,0,22,0,7,174,42,42
Washington-FAY 39,0,89,0,0,3,13,0,121,26,0,1,4,0,0,0,2,0,28,0,0,0,0,6,0,45,0,25,226,106,31
Washington-FAY 40,4,562,10,1,46,82,1,557,143,0,0,108,0,0,2,20,0,95,0,0,0,0,16,1,171,1,86,1263,392,251
Washington-FAY 41,0,55,0,0,1,6,0,71,16,0,0,3,0,0,0,1,0,17,0,0,1,0,3,0,18,0,12,133,52,19
Washington-FAY 42,5,241,9,1,3,12,0,99,101,0,0,94,0,0,0,1,1,18,0,0,0,0,7,0,30,0,14,370,71,195
Washington-FAY 43,1,22,0,1,2,4,0,51,3,0,0,4,0,0,0,1,0,13,0,0,0,0,0,1,6,0,9,81,30,7
Washington-FAY 44,1,161,11,1,10,14,2,117,40,0,0,62,0,0,0,3,0,20,0,0,0,0,7,0,35,0,19,317,84,102
Washington-FAY 45,0,16,0,0,1,1,0,25,10,0,0,3,0,0,0,0,0,3,0,0,1,0,0,0,3,0,7,43,14,13
Washington-FAY 46,3,104,1,1,6,16,1,273,27,0,0,18,0,0,1,7,0,68,1,0,0,0,6,0,39,1,64,405,187,45
Washington-FAY 48,0,0,0,0,0,0,0,2,1,0,0,0,0,0,0,0,0,0,0,0,0,0,0,0,0,0,1,2,1,1
Washington-GOSHEN CITY,6,230,7,0,15,32,1,599,70,0,0,43,0,0,2,20,0,133,0,0,3,0,25,2,136,2,120,890,443,113
Washington-GOSHEN TWP,6,123,8,2,4,26,0,251,44,0,3,45,1,1,0,10,0,72,0,1,0,0,5,1,42,0,60,420,191,94
Washington-GREENLAND CITY,2,186,9,1,10,22,1,256,60,0,0,56,0,1,0,7,0,67,0,0,1,0,7,1,48,0,62,487,193,117
Washington-GREENLAND TWP,10,179,11,1,10,20,2,366,59,0,0,64,0,1,1,11,0,91,0,0,2,0,2,1,50,1,82,599,241,124
Washington-HARMON,5,106,5,2,10,22,1,421,25,0,0,19,0,0,0,26,0,105,2,0,2,0,12,1,56,1,69,572,274,44
Washington-HARMON S,1,12,0,0,1,1,0,20,8,0,0,1,0,0,0,1,0,10,0,0,0,0,0,0,2,0,3,35,16,9
Washington-ILLINOIS,2,45,0,1,8,5,0,273,16,1,0,9,1,0,0,11,0,55,0,0,1,0,6,0,35,0,59,334,167,27
Washington-JOHNSON CITY,10,523,19,2,37,69,2,850,129,0,0,114,0,0,5,35,1,225,0,0,1,0,27,1,213,1,144,1512,653,243
Washington-JOHNSON CITY S,0,2,0,0,0,0,0,4,1,0,0,1,0,0,0,1,0,3,0,0,0,0,0,0,0,0,0,6,4,2
Washington-JOHNSON TWP,0,58,1,0,2,9,0,71,12,0,0,8,0,0,0,1,0,17,0,0,0,0,2,0,28,0,11,141,59,20
Washington-JOHNSON TWP H,0,0,0,0,0,0,0,2,0,0,0,0,0,0,0,0,0,0,0,0,0,0,0,0,1,0,1,2,2,0
Washington-LEES CREEK,7,106,3,3,0,6,1,127,38,0,0,26,0,1,1,3,0,27,0,0,0,0,4,0,19,0,36,253,90,65
Washington-LINCOLN,6,196,5,3,5,17,0,473,69,1,1,45,2,2,1,13,0,118,1,0,4,1,8,0,56,0,74,705,276,120
Washington-LITTERAL,8,253,10,3,16,39,1,464,89,1,0,64,0,1,1,24,0,98,1,0,1,0,9,1,90,0,92,794,317,155
Washington-MARRS HILL,11,117,9,4,5,15,1,347,49,2,0,34,0,0,0,14,0,76,0,0,1,0,9,0,45,0,58,509,203,85
Washington-MORROW,1,26,0,0,3,3,0,136,9,0,0,7,0,0,0,7,0,35,0,0,0,0,2,1,23,0,32,169,100,16
Washington-PRAIRIE GROVE CITY,16,574,13,5,43,79,6,1445,199,0,1,102,0,0,7,60,1,276,0,1,12,0,21,1,242,0,249,2181,870,302
Washington-PRAIRIE GROVE TWP,6,173,2,2,2,15,1,421,48,1,0,48,0,2,4,13,0,98,0,0,4,0,12,2,65,0,69,622,267,99
Washington-PRAIRIE TWP 1,8,553,16,2,27,71,3,911,174,1,2,99,1,0,2,26,0,187,3,1,4,0,47,0,287,0,168,1591,725,277
Washington-PRAIRIE TWP 2,2,166,7,0,4,6,2,217,66,0,0,49,1,0,0,10,0,27,0,0,2,1,3,0,32,0,49,404,124,116
Washington-PRAIRIE TWP 3,0,7,1,0,0,0,0,8,1,0,0,3,0,0,0,2,0,1,0,0,0,0,0,0,2,0,1,16,6,4
Washington-PRAIRIE TWP 4,2,37,2,1,8,8,0,73,19,0,0,4,0,0,0,4,0,18,0,0,1,0,1,0,24,0,11,131,59,23
Washington-PRAIRIE TWP 5,1,143,6,1,6,15,2,189,46,0,0,27,0,0,0,5,0,44,0,0,0,1,9,1,48,0,49,363,157,73
Washington-REED,4,26,2,0,1,4,0,86,5,0,0,10,0,0,0,4,0,27,0,1,0,1,1,1,5,1,17,123,58,15
Washington-RHEAS MILL,3,38,1,0,2,3,0,189,16,0,0,17,0,0,0,6,0,62,0,0,1,0,1,0,18,0,25,236,113,33
Washington-RICHLAND,2,19,0,0,0,2,0,40,8,0,0,3,0,0,0,2,0,6,0,0,0,0,4,0,8,0,11,63,31,11
Washington-RICHLAND S,3,90,2,1,5,16,1,316,35,0,1,21,0,0,0,12,1,58,0,0,2,0,9,0,27,0,110,434,219,57
Washington-SPG 01,4,214,8,3,5,18,0,286,39,0,0,29,0,1,1,15,0,53,0,0,0,0,5,0,40,0,54,538,168,69
Washington-SPG 02,5,291,10,1,5,17,4,278,45,0,1,68,0,0,0,6,0,61,0,0,4,0,5,2,33,0,54,611,165,114
Washington-SPG 03,8,596,19,3,30,51,2,632,110,1,0,84,0,0,2,16,0,155,0,0,4,0,12,3,156,0,113,1341,461,195
Washington-SPG 04,7,334,11,1,19,42,1,554,82,0,0,51,2,0,0,23,0,157,2,0,2,1,13,1,97,0,116,969,412,135
Washington-SPG 05,9,378,9,3,16,44,2,648,101,0,1,83,0,0,1,30,1,176,1,0,5,1,15,0,88,1,127,1109,446,185
Washington-SPG 06,8,275,6,3,4,32,0,322,55,0,0,53,0,0,2,15,2,80,0,0,5,0,6,1,47,0,70,650,228,108
Washington-SPG 07,1,146,2,1,18,22,1,380,25,0,0,29,0,0,0,15,1,94,1,0,1,0,6,1,84,1,75,571,279,54
Washington-SPG 08,2,132,2,0,13,9,0,303,39,0,0,20,0,0,5,20,0,76,0,0,1,0,16,0,84,0,51,461,253,59
Washington-SPG 09,3,274,10,0,3,22,1,254,34,0,1,47,0,1,0,4,0,50,0,0,2,0,4,1,42,0,60,567,163,83
Washington-SPG 10,4,139,2,1,5,5,2,258,44,0,0,20,0,0,3,4,0,49,0,0,0,0,12,0,82,0,58,416,208,64
Washington-SPG 11,6,412,10,4,29,45,3,837,92,0,0,73,0,0,4,30,0,184,1,0,6,0,29,1,226,0,153,1346,634,165
Washington-SPG 12,9,313,9,2,34,40,3,719,103,0,1,54,0,0,2,23,1,189,0,0,3,0,24,1,188,1,161,1129,593,158
Washington-SPG 13,3,168,4,2,1,20,1,121,24,0,0,39,0,0,0,5,0,27,0,0,1,0,2,1,12,0,20,320,68,63
Washington-SPG 14,14,362,14,7,12,45,1,681,80,0,1,66,1,0,2,34,0,187,0,0,5,0,15,0,132,0,137,1136,512,148
Washington-SPG 15,16,488,13,1,10,32,4,503,76,0,1,63,1,0,1,20,1,101,1,0,4,1,6,4,71,0,100,1067,310,141
Washington-SPG 16,4,219,10,2,9,18,2,352,52,0,1,46,1,1,2,11,0,82,0,0,2,0,8,1,59,0,80,616,245,101
Washington-SPG 17,5,605,20,4,15,41,1,870,155,0,2,85,0,1,7,43,1,204,0,0,2,0,28,0,193,0,192,1561,670,243
Washington-SPG 18,9,280,7,2,24,37,1,446,83,0,0,53,1,0,1,30,1,132,0,0,3,0,14,0,96,1,101,806,379,137
Washington-SPG 19,4,191,12,0,14,22,1,383,43,0,1,41,0,0,0,13,0,80,1,0,0,0,14,0,95,1,60,627,264,85
Washington-SPG 20,0,21,0,1,1,6,0,31,3,0,0,7,0,0,0,1,0,9,0,0,0,0,0,0,6,1,4,60,21,10
Washington-SPG 21,4,100,0,1,11,10,1,217,25,0,0,25,0,1,3,6,0,58,0,0,2,0,7,0,53,0,29,344,158,51
Washington-SPG 22,2,31,0,0,5,2,0,53,3,0,0,0,0,0,0,2,0,12,0,0,0,0,0,0,7,0,8,93,29,3
Washington-SPG 23,1,158,4,3,2,16,1,212,30,0,0,14,0,0,0,7,1,40,0,0,0,0,1,1,28,0,42,397,120,44
Washington-SPG 24,1,95,4,0,2,5,0,51,12,0,0,10,0,0,0,1,0,9,0,0,1,0,0,0,7,0,14,158,32,22
Washington-SPG 25,0,10,1,0,0,0,1,8,3,0,0,1,0,0,0,0,0,1,0,0,0,0,0,0,0,0,0,20,1,4
Washington-SPG 26,0,58,1,0,6,7,0,214,13,1,0,5,0,0,0,13,1,30,0,0,1,0,5,0,40,0,41,286,131,19
Washington-SPG 27,3,66,0,0,6,11,0,202,11,0,0,10,0,0,0,11,0,52,0,0,0,0,4,0,29,0,31,288,127,21
Washington-SPG TWP,8,294,3,4,9,44,2,783,102,0,1,39,0,0,6,29,0,183,1,1,5,0,27,5,104,1,184,1147,546,142
Washington-STARR HILL,2,120,10,4,4,7,0,428,45,0,1,31,1,3,1,12,0,86,1,0,1,0,6,0,48,0,91,575,246,81
Washington-TONTITOWN CITY 1,1,191,6,1,16,16,1,626,56,0,1,32,0,0,1,22,1,111,0,0,0,0,14,1,113,0,95,858,358,89
Washington-TONTITOWN CITY 2,2,147,5,0,16,20,1,345,41,0,0,23,0,0,0,11,0,90,0,0,2,0,13,1,97,0,61,536,275,64
Washington-TONTITOWN CITY 3,3,6,0,0,1,1,0,36,2,0,0,0,0,0,0,5,0,10,0,0,0,0,0,0,4,0,7,47,26,2
Washington-TONTITOWN TWP,0,2,0,0,0,1,0,4,1,0,0,0,0,0,0,0,0,2,0,0,0,0,0,0,0,0,3,7,5,1
Washington-VALLEY,4,109,7,0,7,10,0,235,52,0,0,20,0,0,2,4,0,49,0,0,3,0,3,2,25,0,58,372,146,72
Washington-VALLEY H,1,46,1,0,1,1,0,139,20,0,0,14,0,0,0,2,0,34,1,0,0,0,0,0,10,0,38,189,85,34
Washington-VALLEY S,0,3,0,0,0,0,0,9,0,0,0,0,0,0,0,0,0,2,0,0,0,0,0,0,1,0,2,12,5,0
Washington-VINEYARD,0,21,1,2,2,2,1,95,11,0,0,7,0,0,0,2,0,20,1,0,0,1,4,0,15,0,24,124,67,18
Washington-WAR EAGLE,0,13,0,1,2,3,0,55,10,0,0,0,0,0,1,0,0,9,0,0,1,0,1,0,6,0,16,74,34,10
Washington-WEDINGTON,4,30,1,1,0,1,1,127,9,0,1,10,0,1,0,2,0,35,0,1,0,0,2,0,20,0,35,165,95,21
Washington-WEST FORK CITY,10,303,20,5,12,37,1,642,102,0,1,84,1,0,1,33,0,109,3,0,6,0,13,5,85,0,147,1030,402,188
Washington-WEST FORK TWP,3,184,10,4,7,22,0,345,56,0,0,49,0,0,1,13,0,95,0,0,1,0,5,1,51,0,74,575,241,105
Washington-WHEELER,2,170,7,0,4,28,0,289,49,0,1,25,0,0,0,8,1,64,0,0,0,0,8,0,77,0,60,500,218,75
Washington-WHEELER H,1,47,2,0,6,6,0,93,13,0,0,6,0,0,0,2,0,19,0,0,0,0,7,0,19,0,8,155,55,19
Washington-WHITE RIVER,2,63,5,0,1,4,1,159,22,0,0,20,0,0,1,6,0,52,0,0,1,0,0,0,10,0,43,235,113,42
Washington-WHITE RIVER H,0,14,0,0,0,3,0,52,4,0,0,4,0,0,0,2,0,13,0,0,0,0,2,1,4,0,19,69,41,8
Washington-WHITE RIVER S,0,18,3,0,0,1,0,48,4,0,0,3,0,0,0,0,0,11,0,0,0,0,2,0,14,0,9,70,36,7
Washington-WINSLOW CITY,3,70,5,1,1,8,0,88,14,0,1,31,0,0,0,4,0,27,0,0,0,0,3,0,9,1,23,176,67,46
Washington-WINSLOW TWP,2,103,10,2,2,13,1,238,28,2,0,47,1,1,0,9,0,63,0,1,2,0,3,0,20,0,70,371,168,79
Washington-WYMAN,1,100,6,0,6,14,0,185,33,0,1,26,1,0,2,9,0,51,0,0,1,0,1,0,36,1,27,312,128,61
Woodruff-Augusta Armory-01,1,167,0,1,1,3,2,115,344,8,17,99,7,18,1,1,0,24,0,0,1,1,3,0,11,0,25,290,67,493
Woodruff-Gregory Church-06,1,16,0,0,1,0,0,17,16,0,1,3,0,2,0,2,0,1,0,0,0,0,0,0,0,0,7,35,10,22
Yell-Bluffton,0,8,0,0,0,0,0,57,6,0,1,12,0,2,0,1,0,3,0,0,0,0,2,0,0,0,14,65,20,21
Yell-Briggsville,0,16,1,0,0,3,0,44,16,1,1,4,0,1,0,0,0,4,0,0,0,0,3,0,3,0,10,64,20,23
Yell-Centerville,0,74,1,1,0,9,4,274,36,0,0,18,0,0,0,5,0,59,0,0,2,0,3,0,34,0,45,363,148,54
Yell-Compton,0,3,1,0,0,0,0,29,5,0,0,9,0,0,0,0,0,2,0,0,0,0,0,0,4,0,3,33,9,14
Yell-Crawford,0,8,0,0,0,1,0,13,9,0,0,4,0,2,0,0,0,2,0,0,0,0,0,0,4,0,1,22,7,15
Yell-Danville,0,172,5,3,1,15,6,308,62,2,1,49,1,1,0,12,0,42,0,0,1,0,6,0,41,0,56,510,158,116
Yell-Dardanelle Outside,1,270,5,9,7,32,8,950,101,1,1,58,2,2,4,28,0,190,0,1,4,0,9,0,107,0,178,1282,521,165
Yell-Dardanelle Ward 1,3,191,4,2,1,13,4,292,74,0,0,23,0,1,0,10,0,47,0,0,1,0,1,1,35,0,50,510,145,98
Yell-Dardanelle Ward 2,1,87,4,1,4,3,1,164,22,0,1,15,0,1,1,5,0,28,1,0,2,0,3,2,15,0,31,265,88,39
Yell-Dardanelle Ward 3 JP 10,0,55,1,0,2,4,1,46,33,1,3,17,1,0,0,1,0,5,0,0,2,0,0,1,7,0,16,109,32,55
Yell-Dutch Creek,0,8,0,0,0,3,0,23,4,1,0,2,0,1,0,0,0,1,0,0,0,0,0,0,5,0,8,34,14,8
Yell-Ferguson,1,57,3,2,1,7,3,324,37,0,1,26,1,2,0,11,0,44,0,0,5,0,5,0,44,0,67,398,176,67
Yell-Galla Rock,1,15,0,0,1,3,1,63,9,1,0,4,1,0,0,1,0,8,0,0,0,0,0,0,6,0,14,84,29,15
Yell-Gilkey,0,15,0,0,1,4,1,55,12,1,0,6,0,0,0,6,0,15,0,0,0,0,2,0,1,0,10,76,34,19
Yell-Gravelly,0,5,0,1,0,1,0,60,3,0,0,12,0,0,0,2,0,11,0,0,0,0,0,0,4,0,9,67,26,15
Yell-Herring,2,9,0,1,2,0,2,77,9,0,4,20,0,3,0,1,0,3,0,1,2,0,0,0,4,0,15,93,26,36
Yell-Ions Creek,0,8,0,0,0,0,1,27,13,1,0,5,0,0,0,0,0,7,0,0,0,0,0,0,0,0,7,36,14,19
Yell-Lamar,0,79,4,3,4,11,5,264,60,0,3,22,1,1,0,5,0,53,0,0,3,0,2,1,26,0,47,370,137,87
Yell-Magazine 1,3,90,5,2,4,10,3,299,40,0,2,13,0,0,0,8,0,58,0,0,3,0,1,0,36,0,67,416,173,55
Yell-Magazine 2,0,29,2,0,0,0,5,48,14,0,2,7,0,0,0,1,0,12,0,0,1,0,0,0,3,0,8,84,25,23
Yell-Mason,0,20,0,0,0,1,2,109,13,0,0,2,0,0,0,3,0,15,0,0,0,0,2,0,14,0,31,132,65,15
Yell-Mountain,0,8,0,0,2,2,2,50,2,0,0,0,0,0,0,4,0,6,0,0,0,0,2,0,9,0,9,64,30,2
Yell-Prairie,0,34,2,0,2,5,2,247,17,0,1,17,1,0,0,16,0,37,0,0,1,0,2,0,28,1,60,292,145,36
Yell-Richland,2,9,0,0,0,3,0,96,8,2,1,9,2,0,0,5,0,22,0,0,0,0,1,0,12,0,16,110,56,22
Yell-Riley,1,47,3,3,0,5,3,204,31,1,1,18,2,1,0,4,0,43,0,0,1,0,0,0,17,0,39,266,104,54
Yell-Rover,0,12,1,0,1,2,1,101,20,2,1,19,2,3,0,0,0,15,0,0,0,0,1,0,6,0,14,118,36,47
Yell-Ward,1,95,5,2,0,11,8,262,56,1,1,29,2,1,2,8,0,35,0,0,0,1,2,1,30,0,77,384,156,90
Yell-Waveland,0,18,0,0,1,5,1,79,11,1,6,12,0,2,0,0,0,17,0,0,0,0,1,1,2,0,9,104,30,32
