precinct_code,gen_dem_CLINTON,gen_ind_CASTLE,gen_ind_FUENTE,gen_ind_JOHNSON,gen_ind_STEIN,gen_rep_TRUMP,pri_dem_CLINTON,pri_dem_O'MALLEY,pri_dem_SANDERS,pri_rep_BUSH,pri_rep_CARSON,pri_rep_CHRISTIE,pri_rep_CRUZ,pri_rep_FIORINA,pri_rep_GILMORE,pri_rep_GRAHAM,pri_rep_HUCKABEE,pri_rep_KASICH,pri_rep_PAUL,pri_rep_RUBIO,pri_rep_SANTORUM,pri_rep_TRUMP,gen_total,rep_pri_total,dem_pri_total
1200,2112.0,23.0,6.0,169.0,30.0,10294.0,654.0,240.0,805.0,33.0,60.0,0.0,971.0,0.0,0.0,1.0,2.0,70.0,5.0,769.0,1.0,2163.0,12634.0,4075.0,1699.0
Alachua-1200101 First Baptist Church of Waldo,357.0,2.0,0.0,28.0,5.0,637.0,131.0,8.0,104.0,3.0,3.0,0.0,76.0,0.0,0.0,0.0,0.0,12.0,2.0,35.0,0.0,163.0,1029.0,294.0,243.0
Alachua-1200102 LaCrosse Town Hall,668.0,2.0,0.0,29.0,18.0,839.0,237.0,10.0,149.0,5.0,4.0,2.0,110.0,0.0,0.0,0.0,0.0,7.0,0.0,64.0,0.0,152.0,1556.0,344.0,396.0
Alachua-1200103 Alachua Recreation Center,1114.0,5.0,2.0,105.0,34.0,1711.0,258.0,39.0,278.0,6.0,7.0,0.0,190.0,3.0,0.0,1.0,2.0,51.0,4.0,150.0,2.0,354.0,2971.0,770.0,575.0
Alachua-1200104 Newberry United Methodist Church,687.0,7.0,1.0,75.0,11.0,1483.0,183.0,22.0,161.0,8.0,15.0,1.0,190.0,1.0,0.0,0.0,0.0,15.0,1.0,130.0,0.0,375.0,2264.0,736.0,366.0
Alachua-1200105 First Lutheran Church,1409.0,2.0,1.0,101.0,29.0,544.0,307.0,8.0,457.0,0.0,1.0,0.0,44.0,0.0,0.0,0.0,0.0,41.0,1.0,125.0,0.0,76.0,2086.0,288.0,772.0
Alachua-1200106 Newberry Municipal Building,762.0,12.0,2.0,65.0,13.0,1263.0,224.0,19.0,143.0,10.0,6.0,0.0,184.0,1.0,0.0,1.0,0.0,36.0,0.0,110.0,0.0,277.0,2117.0,625.0,386.0
Alachua-1200107 Ignite Life Center,1253.0,1.0,2.0,54.0,50.0,259.0,191.0,5.0,427.0,0.0,1.0,1.0,11.0,0.0,0.0,0.0,0.0,10.0,0.0,35.0,0.0,49.0,1619.0,107.0,623.0
Alachua-1200108 Hawthorne City Hall,636.0,2.0,1.0,39.0,10.0,768.0,235.0,14.0,154.0,6.0,3.0,0.0,57.0,0.0,0.0,0.0,0.0,18.0,0.0,45.0,0.0,177.0,1456.0,306.0,403.0
Alachua-1200109 Island Grove Baptist Church,117.0,0.0,0.0,11.0,2.0,279.0,32.0,7.0,48.0,2.0,1.0,1.0,16.0,0.0,0.0,0.0,0.0,3.0,0.0,13.0,0.0,77.0,409.0,113.0,87.0
Alachua-1200110 Micanopy Town Hall,623.0,1.0,0.0,35.0,13.0,551.0,227.0,11.0,204.0,6.0,3.0,0.0,66.0,0.0,0.0,0.0,0.0,23.0,1.0,61.0,0.0,115.0,1223.0,275.0,442.0
Alachua-1200111 Archer Community Center,1044.0,5.0,2.0,50.0,13.0,964.0,363.0,20.0,242.0,5.0,10.0,0.0,120.0,2.0,0.0,0.0,0.0,16.0,1.0,98.0,0.0,223.0,2078.0,475.0,625.0
Alachua-1200112 Parkview Baptist Church,1292.0,7.0,1.0,49.0,47.0,335.0,287.0,10.0,442.0,8.0,3.0,0.0,36.0,0.0,0.0,0.0,1.0,14.0,2.0,38.0,0.0,76.0,1731.0,178.0,739.0
Alachua-1200113 Mt. Carmel Baptist Church,1472.0,3.0,0.0,4.0,10.0,58.0,534.0,4.0,152.0,3.0,0.0,0.0,3.0,0.0,0.0,0.0,0.0,1.0,0.0,6.0,0.0,8.0,1547.0,21.0,690.0
Alachua-1200114 Eliam Baptist Church,281.0,4.0,0.0,22.0,8.0,579.0,66.0,10.0,112.0,3.0,2.0,0.0,60.0,1.0,0.0,0.0,0.0,8.0,1.0,50.0,1.0,137.0,894.0,263.0,188.0
Alachua-1200115 Windsor Baptist Church,263.0,1.0,0.0,22.0,3.0,371.0,70.0,6.0,68.0,1.0,2.0,0.0,61.0,0.0,0.0,0.0,0.0,5.0,2.0,29.0,0.0,69.0,660.0,169.0,144.0
Alachua-1200116 BestWestern Gateway Grand Hotel,819.0,5.0,0.0,56.0,14.0,899.0,197.0,10.0,172.0,6.0,5.0,0.0,107.0,1.0,0.0,0.0,1.0,50.0,1.0,160.0,0.0,219.0,1793.0,550.0,379.0
Alachua-1200117 Elks Lodge #990,1390.0,3.0,1.0,80.0,39.0,609.0,387.0,23.0,367.0,10.0,5.0,1.0,62.0,0.0,0.0,0.0,0.0,43.0,1.0,108.0,0.0,135.0,2122.0,365.0,777.0
Alachua-1200118 Kanapaha Presbyterian Church,1163.0,1.0,0.0,71.0,10.0,811.0,293.0,1.0,192.0,14.0,3.0,1.0,107.0,1.0,0.0,0.0,0.0,40.0,0.0,146.0,0.0,158.0,2056.0,470.0,486.0
Alachua-1200119 Springhill Baptist Church,1038.0,2.0,0.0,25.0,25.0,100.0,254.0,1.0,297.0,1.0,0.0,0.0,7.0,0.0,0.0,0.0,0.0,6.0,0.0,16.0,0.0,23.0,1190.0,53.0,552.0
Alachua-1200120 High Springs Civic Center,913.0,3.0,4.0,64.0,23.0,1500.0,284.0,16.0,223.0,14.0,11.0,0.0,181.0,0.0,0.0,0.0,1.0,30.0,1.0,144.0,1.0,262.0,2507.0,645.0,523.0
Alachua-1200121 The Greenhouse Church,1235.0,9.0,2.0,77.0,33.0,837.0,275.0,11.0,380.0,4.0,6.0,0.0,102.0,3.0,1.0,0.0,1.0,26.0,3.0,124.0,0.0,174.0,2193.0,444.0,666.0
Alachua-1200122 First Church Of The Nazarene,1415.0,8.0,2.0,82.0,28.0,894.0,372.0,9.0,334.0,9.0,6.0,1.0,111.0,0.0,0.0,0.0,2.0,41.0,3.0,156.0,0.0,170.0,2429.0,499.0,715.0
Alachua-1200123 American Cancer Society Hope Lodge,872.0,3.0,1.0,39.0,21.0,306.0,137.0,5.0,239.0,4.0,3.0,0.0,25.0,0.0,0.0,0.0,0.0,18.0,4.0,60.0,0.0,50.0,1242.0,164.0,381.0
Alachua-1200124 Gainesville Baptist Church,1107.0,2.0,0.0,67.0,22.0,472.0,335.0,26.0,342.0,6.0,4.0,0.0,68.0,0.0,0.0,0.0,1.0,34.0,4.0,91.0,0.0,101.0,1670.0,309.0,703.0
Alachua-1200125 SFC Center for Innov. & Econ. Dev.,1320.0,1.0,1.0,69.0,34.0,269.0,170.0,2.0,354.0,0.0,1.0,0.0,16.0,0.0,1.0,0.0,0.0,13.0,1.0,57.0,0.0,19.0,1694.0,108.0,526.0
Alachua-1200126 Westside Recreation Center,935.0,1.0,1.0,44.0,17.0,319.0,254.0,3.0,281.0,1.0,1.0,0.0,28.0,1.0,0.0,0.0,1.0,31.0,2.0,76.0,0.0,63.0,1317.0,204.0,538.0
Alachua-1200127 Thelma Boltin Activity Center,2110.0,7.0,0.0,74.0,45.0,331.0,496.0,14.0,735.0,7.0,4.0,0.0,41.0,1.0,0.0,0.0,0.0,19.0,4.0,56.0,1.0,69.0,2567.0,202.0,1245.0
Alachua-1200128 McPherson Recreation Center,1829.0,0.0,1.0,17.0,16.0,159.0,651.0,6.0,252.0,3.0,2.0,0.0,17.0,0.0,0.0,1.0,0.0,4.0,1.0,14.0,0.0,28.0,2022.0,70.0,909.0
Alachua-1200129 Haile Meeting Hall,1081.0,5.0,1.0,57.0,11.0,1024.0,311.0,10.0,196.0,12.0,3.0,0.0,112.0,0.0,0.0,0.0,0.0,73.0,2.0,203.0,0.0,229.0,2179.0,634.0,517.0
Alachua-1200130 Greater Bethel A.M.E. Church,1545.0,4.0,2.0,22.0,20.0,288.0,466.0,5.0,237.0,0.0,1.0,1.0,26.0,0.0,0.0,0.0,0.0,4.0,0.0,32.0,1.0,34.0,1881.0,99.0,708.0
Alachua-1200131 J. Wayne Reitz Union,2554.0,4.0,2.0,156.0,39.0,943.0,151.0,2.0,500.0,2.0,2.0,0.0,48.0,0.0,0.0,0.0,0.0,39.0,3.0,210.0,0.0,51.0,3698.0,355.0,653.0
Alachua-1200132 LifeSouth Community Blood Centers,1653.0,6.0,4.0,122.0,56.0,691.0,298.0,9.0,553.0,9.0,3.0,0.0,91.0,0.0,0.0,0.0,1.0,33.0,3.0,113.0,0.0,121.0,2532.0,374.0,860.0
Alachua-1200133 Highlands Presbyterian Church,0.0,0.0,0.0,0.0,0.0,0.0,494.0,8.0,278.0,0.0,1.0,0.0,35.0,0.0,0.0,0.0,1.0,9.0,2.0,27.0,0.0,51.0,0.0,126.0,780.0
Alachua-1200133 Ironwood Clubhouse,1566.0,1.0,1.0,30.0,19.0,230.0,0.0,0.0,0.0,0.0,0.0,0.0,0.0,0.0,0.0,0.0,0.0,0.0,0.0,0.0,0.0,0.0,1847.0,0.0,0.0
Alachua-1200134 Fairbanks Baptist Church,399.0,1.0,0.0,16.0,7.0,517.0,105.0,8.0,73.0,3.0,0.0,0.0,23.0,0.0,0.0,0.0,0.0,4.0,0.0,39.0,0.0,91.0,940.0,160.0,186.0
Alachua-1200135 Southwest United Methodist Church,666.0,1.0,0.0,31.0,9.0,531.0,187.0,14.0,151.0,10.0,3.0,0.0,54.0,0.0,0.0,0.0,1.0,31.0,0.0,88.0,0.0,124.0,1238.0,311.0,352.0
Alachua-1200136 Doyle Conner Building,1577.0,3.0,3.0,99.0,42.0,525.0,120.0,5.0,343.0,1.0,1.0,0.0,41.0,0.0,0.0,0.0,0.0,16.0,2.0,92.0,0.0,48.0,2249.0,201.0,468.0
Alachua-1200137 Unitarian Universalist Fellowship,1005.0,2.0,0.0,49.0,19.0,682.0,302.0,12.0,281.0,5.0,7.0,0.0,70.0,1.0,0.0,0.0,1.0,33.0,1.0,105.0,0.0,176.0,1757.0,399.0,595.0
Alachua-1200138 Senior Recreation Center,1540.0,10.0,0.0,88.0,26.0,849.0,400.0,15.0,305.0,9.0,7.0,1.0,110.0,2.0,1.0,0.0,0.0,23.0,1.0,118.0,1.0,169.0,2513.0,442.0,720.0
Alachua-1200139 Hilton Garden Inn,1484.0,4.0,3.0,70.0,34.0,459.0,109.0,1.0,290.0,3.0,0.0,0.0,19.0,1.0,0.0,0.0,0.0,8.0,1.0,58.0,0.0,59.0,2054.0,149.0,400.0
Alachua-1200140 University City Church Of Christ,1009.0,4.0,0.0,60.0,16.0,687.0,341.0,22.0,267.0,14.0,7.0,0.0,71.0,0.0,0.0,0.0,0.0,68.0,1.0,181.0,0.0,152.0,1776.0,494.0,630.0
Alachua-1200141 Oak Dale Baptist Church,868.0,4.0,1.0,65.0,10.0,1017.0,237.0,18.0,179.0,8.0,7.0,1.0,145.0,0.0,0.0,0.0,1.0,47.0,1.0,154.0,1.0,227.0,1965.0,592.0,434.0
Alachua-1200142 Tower Road Branch Library,1187.0,4.0,1.0,80.0,8.0,983.0,297.0,4.0,246.0,3.0,3.0,1.0,141.0,0.0,0.0,0.0,0.0,63.0,0.0,221.0,0.0,241.0,2263.0,673.0,547.0
Alachua-1200143 Grace United Methodist Church,1400.0,4.0,4.0,74.0,27.0,705.0,268.0,11.0,240.0,7.0,6.0,1.0,66.0,0.0,0.0,0.0,0.0,18.0,1.0,112.0,0.0,147.0,2214.0,358.0,519.0
Alachua-1200144 Phillips Center for the Perf. Arts,3176.0,11.0,2.0,177.0,49.0,762.0,233.0,3.0,735.0,3.0,8.0,1.0,53.0,0.0,0.0,0.0,1.0,29.0,2.0,151.0,0.0,66.0,4177.0,314.0,971.0
Alachua-1200145 Trinity United Methodist Church,2392.0,5.0,2.0,144.0,41.0,1748.0,743.0,33.0,551.0,21.0,17.0,2.0,210.0,1.0,0.0,0.0,3.0,104.0,5.0,333.0,1.0,408.0,4332.0,1105.0,1327.0
Alachua-1200146 Westside Baptist Church,1448.0,6.0,4.0,76.0,20.0,1346.0,367.0,10.0,263.0,10.0,7.0,1.0,146.0,1.0,2.0,0.0,2.0,55.0,0.0,307.0,0.0,282.0,2900.0,813.0,640.0
Alachua-1200147 The Family Church,1364.0,5.0,1.0,77.0,10.0,1227.0,338.0,12.0,219.0,14.0,6.0,0.0,142.0,1.0,0.0,1.0,1.0,102.0,0.0,257.0,0.0,270.0,2684.0,794.0,569.0
Alachua-1200148 Freedom Comm. Center at Kanapaha,1131.0,5.0,1.0,80.0,43.0,658.0,190.0,4.0,239.0,4.0,5.0,0.0,55.0,0.0,0.0,0.0,1.0,13.0,1.0,66.0,0.0,106.0,1918.0,251.0,433.0
Alachua-1200149 First Baptist Church,779.0,5.0,1.0,47.0,10.0,1038.0,208.0,18.0,194.0,9.0,3.0,1.0,134.0,0.0,0.0,0.0,0.0,25.0,6.0,132.0,0.0,247.0,1880.0,557.0,420.0
Alachua-1200150 Westminster Presbyterian Church,969.0,5.0,1.0,50.0,21.0,456.0,350.0,12.0,321.0,4.0,0.0,0.0,47.0,0.0,0.0,1.0,0.0,52.0,1.0,119.0,0.0,73.0,1502.0,297.0,683.0
Alachua-1200151 Faith Presbyterian Church,1414.0,9.0,1.0,74.0,23.0,958.0,449.0,11.0,312.0,7.0,9.0,1.0,104.0,0.0,0.0,0.0,1.0,65.0,2.0,168.0,0.0,212.0,2479.0,569.0,772.0
Alachua-1200152 DAV State Office,1002.0,2.0,0.0,38.0,22.0,313.0,170.0,5.0,148.0,1.0,0.0,0.0,33.0,0.0,0.0,0.0,1.0,12.0,0.0,45.0,1.0,42.0,1377.0,135.0,323.0
Alachua-1200153 Hathcock Community Center,1085.0,10.0,4.0,27.0,35.0,956.0,323.0,14.0,240.0,8.0,4.0,0.0,98.0,0.0,0.0,1.0,0.0,23.0,1.0,69.0,1.0,196.0,2117.0,401.0,577.0
Alachua-1200154 Florida Museum of Natural History,1775.0,6.0,4.0,104.0,47.0,562.0,246.0,4.0,457.0,17.0,6.0,0.0,50.0,0.0,1.0,0.0,1.0,41.0,0.0,133.0,0.0,59.0,2498.0,308.0,707.0
Alachua-1200155 City Public Works Admin. Bldg.,704.0,1.0,1.0,16.0,12.0,126.0,182.0,2.0,101.0,1.0,0.0,0.0,14.0,0.0,0.0,1.0,0.0,2.0,0.0,11.0,0.0,18.0,860.0,47.0,285.0
Alachua-1200156 Covenant Presbyterian Church,1121.0,1.0,0.0,86.0,19.0,942.0,243.0,15.0,233.0,8.0,4.0,0.0,120.0,0.0,0.0,0.0,1.0,37.0,2.0,172.0,0.0,202.0,2169.0,546.0,491.0
Alachua-1200157 Z.L. Sung 7th-day Adventist School,1282.0,6.0,3.0,69.0,38.0,658.0,318.0,16.0,363.0,4.0,3.0,0.0,78.0,0.0,0.0,0.0,1.0,23.0,3.0,99.0,2.0,111.0,2056.0,324.0,697.0
Alachua-1200158 Gainesville Shrine Club,1900.0,9.0,3.0,134.0,29.0,1447.0,471.0,10.0,341.0,12.0,9.0,1.0,203.0,0.0,0.0,0.0,0.0,53.0,2.0,226.0,2.0,286.0,3522.0,794.0,822.0
Alachua-1200159 Paramount Plaza Hotel,2899.0,6.0,4.0,176.0,75.0,1198.0,292.0,3.0,709.0,1.0,3.0,0.0,71.0,0.0,0.0,0.0,0.0,53.0,5.0,202.0,1.0,81.0,4358.0,417.0,1004.0
Alachua-1200160 Fellowship Church of High Springs,618.0,5.0,2.0,58.0,16.0,1827.0,175.0,16.0,177.0,6.0,15.0,0.0,247.0,2.0,0.0,0.0,0.0,44.0,1.0,182.0,0.0,371.0,2526.0,868.0,368.0
Alachua-1200161 The Atrium,1145.0,1.0,3.0,44.0,19.0,607.0,447.0,21.0,301.0,7.0,6.0,1.0,69.0,1.0,0.0,1.0,1.0,33.0,4.0,129.0,0.0,155.0,1819.0,407.0,769.0
Alachua-1200162 North Central Baptist Church,1159.0,3.0,0.0,59.0,25.0,594.0,283.0,11.0,217.0,11.0,10.0,2.0,71.0,0.0,0.0,0.0,0.0,34.0,2.0,120.0,0.0,118.0,1840.0,368.0,511.0
Alachua-1200163 CSI Academy of Florida,799.0,5.0,3.0,50.0,17.0,1133.0,219.0,24.0,169.0,7.0,6.0,2.0,139.0,0.0,0.0,0.0,0.0,33.0,0.0,169.0,0.0,251.0,2007.0,607.0,412.0
Bay-120051,189.0,0.0,0.0,25.0,6.0,1122.0,44.0,11.0,50.0,5.0,6.0,1.0,88.0,0.0,0.0,0.0,1.0,3.0,2.0,45.0,0.0,228.0,1342.0,379.0,105.0
Bay-1200510,731.0,0.0,1.0,86.0,19.0,2550.0,168.0,9.0,156.0,8.0,11.0,0.0,211.0,0.0,0.0,0.0,0.0,67.0,4.0,213.0,2.0,692.0,3387.0,1208.0,333.0
Bay-1200511,996.0,11.0,3.0,112.0,24.0,2620.0,144.0,6.0,164.0,8.0,12.0,0.0,233.0,0.0,0.0,0.0,1.0,52.0,1.0,189.0,0.0,648.0,3766.0,1144.0,314.0
Bay-1200512,812.0,9.0,5.0,126.0,27.0,2647.0,158.0,8.0,138.0,4.0,11.0,0.0,203.0,1.0,0.0,0.0,1.0,52.0,2.0,194.0,0.0,696.0,3626.0,1164.0,304.0
Bay-1200513,330.0,1.0,0.0,54.0,17.0,1298.0,50.0,4.0,56.0,10.0,3.0,0.0,98.0,0.0,0.0,0.0,0.0,24.0,3.0,102.0,1.0,325.0,1700.0,566.0,110.0
Bay-1200514,721.0,9.0,0.0,123.0,29.0,2406.0,135.0,20.0,136.0,16.0,10.0,0.0,208.0,0.0,0.0,0.0,2.0,45.0,3.0,186.0,0.0,614.0,3288.0,1084.0,291.0
Bay-1200515,409.0,1.0,1.0,48.0,10.0,1990.0,92.0,4.0,71.0,7.0,4.0,0.0,195.0,1.0,0.0,0.0,0.0,82.0,2.0,242.0,0.0,646.0,2459.0,1179.0,167.0
Bay-1200516,113.0,2.0,2.0,22.0,3.0,1049.0,42.0,18.0,51.0,3.0,5.0,0.0,190.0,0.0,0.0,0.0,0.0,18.0,0.0,102.0,0.0,250.0,1191.0,568.0,111.0
Bay-1200517,491.0,1.0,1.0,68.0,13.0,1937.0,93.0,20.0,107.0,5.0,13.0,2.0,266.0,1.0,0.0,0.0,3.0,32.0,4.0,146.0,2.0,364.0,2511.0,838.0,220.0
Bay-1200518,336.0,1.0,1.0,62.0,11.0,1608.0,120.0,20.0,110.0,9.0,4.0,0.0,266.0,0.0,1.0,0.0,2.0,57.0,3.0,207.0,0.0,423.0,2019.0,972.0,250.0
Bay-1200519,537.0,1.0,0.0,46.0,5.0,908.0,178.0,5.0,98.0,2.0,4.0,0.0,120.0,1.0,0.0,0.0,0.0,17.0,0.0,91.0,1.0,182.0,1497.0,418.0,281.0
Bay-120052,99.0,1.0,0.0,20.0,4.0,764.0,21.0,6.0,45.0,6.0,4.0,0.0,96.0,0.0,0.0,0.0,1.0,11.0,0.0,47.0,0.0,167.0,888.0,332.0,72.0
Bay-1200520,237.0,4.0,0.0,44.0,7.0,1020.0,60.0,11.0,61.0,5.0,9.0,0.0,119.0,0.0,0.0,0.0,1.0,23.0,0.0,127.0,0.0,222.0,1312.0,506.0,132.0
Bay-1200521,611.0,7.0,6.0,90.0,17.0,2535.0,127.0,16.0,102.0,12.0,13.0,1.0,409.0,1.0,0.0,0.0,5.0,60.0,2.0,316.0,0.0,633.0,3266.0,1452.0,245.0
Bay-1200522,667.0,5.0,1.0,111.0,14.0,2382.0,190.0,23.0,156.0,16.0,9.0,0.0,372.0,0.0,0.0,0.0,2.0,72.0,2.0,310.0,0.0,609.0,3180.0,1392.0,369.0
Bay-1200523,953.0,10.0,3.0,118.0,31.0,2487.0,210.0,25.0,161.0,15.0,17.0,0.0,384.0,0.0,0.0,1.0,0.0,61.0,3.0,275.0,0.0,541.0,3602.0,1297.0,396.0
Bay-1200524,273.0,3.0,1.0,34.0,8.0,789.0,53.0,8.0,61.0,3.0,3.0,0.0,107.0,0.0,0.0,0.0,1.0,17.0,0.0,86.0,0.0,151.0,1108.0,368.0,122.0
Bay-1200525,418.0,4.0,1.0,57.0,14.0,1393.0,89.0,13.0,66.0,8.0,10.0,0.0,205.0,1.0,0.0,0.0,1.0,59.0,2.0,211.0,0.0,373.0,1887.0,870.0,168.0
Bay-1200526,422.0,2.0,2.0,71.0,11.0,1539.0,106.0,16.0,87.0,8.0,15.0,0.0,263.0,0.0,0.0,0.0,2.0,35.0,0.0,176.0,1.0,350.0,2047.0,850.0,209.0
Bay-1200527,658.0,4.0,5.0,83.0,20.0,1845.0,129.0,13.0,147.0,9.0,20.0,0.0,235.0,1.0,0.0,0.0,1.0,38.0,0.0,159.0,0.0,412.0,2615.0,875.0,289.0
Bay-1200528,508.0,3.0,4.0,66.0,19.0,980.0,114.0,15.0,89.0,8.0,6.0,0.0,85.0,0.0,0.0,0.0,0.0,9.0,3.0,95.0,0.0,198.0,1580.0,404.0,218.0
Bay-1200529,888.0,4.0,2.0,59.0,18.0,1261.0,230.0,21.0,136.0,8.0,9.0,1.0,112.0,0.0,0.0,0.0,0.0,23.0,1.0,119.0,1.0,283.0,2232.0,557.0,387.0
Bay-120053,64.0,0.0,0.0,4.0,2.0,434.0,13.0,7.0,18.0,4.0,0.0,0.0,58.0,0.0,0.0,0.0,0.0,10.0,1.0,30.0,0.0,94.0,504.0,197.0,38.0
Bay-1200530,314.0,2.0,0.0,38.0,3.0,574.0,74.0,6.0,41.0,3.0,5.0,1.0,54.0,0.0,0.0,0.0,0.0,4.0,0.0,39.0,0.0,121.0,931.0,227.0,121.0
Bay-1200531,1104.0,21.0,4.0,143.0,25.0,1938.0,260.0,29.0,191.0,29.0,12.0,0.0,224.0,2.0,0.0,0.0,2.0,72.0,5.0,192.0,1.0,417.0,3235.0,956.0,480.0
Bay-1200532,1082.0,5.0,0.0,10.0,7.0,168.0,429.0,7.0,67.0,1.0,3.0,0.0,15.0,1.0,0.0,0.0,0.0,1.0,1.0,13.0,0.0,24.0,1272.0,59.0,503.0
Bay-1200533,797.0,8.0,2.0,36.0,10.0,453.0,241.0,12.0,65.0,2.0,5.0,0.0,22.0,1.0,0.0,0.0,0.0,3.0,1.0,17.0,1.0,83.0,1306.0,135.0,318.0
Bay-1200534,256.0,0.0,0.0,33.0,12.0,724.0,60.0,4.0,57.0,6.0,2.0,0.0,73.0,0.0,0.0,0.0,1.0,30.0,1.0,93.0,1.0,184.0,1025.0,391.0,121.0
Bay-1200535,437.0,3.0,2.0,79.0,17.0,1198.0,131.0,11.0,117.0,17.0,7.0,0.0,171.0,0.0,0.0,0.0,2.0,61.0,0.0,184.0,0.0,291.0,1736.0,733.0,259.0
Bay-1200536,274.0,2.0,0.0,20.0,3.0,392.0,64.0,1.0,47.0,1.0,1.0,0.0,40.0,0.0,0.0,0.0,1.0,1.0,0.0,23.0,0.0,71.0,691.0,138.0,112.0
Bay-1200537,1034.0,10.0,1.0,75.0,17.0,1506.0,254.0,27.0,141.0,9.0,8.0,0.0,118.0,0.0,1.0,0.0,1.0,13.0,1.0,121.0,0.0,301.0,2643.0,573.0,422.0
Bay-1200538,376.0,1.0,1.0,36.0,6.0,801.0,71.0,16.0,70.0,5.0,4.0,1.0,69.0,1.0,0.0,0.0,0.0,10.0,2.0,46.0,0.0,141.0,1221.0,279.0,157.0
Bay-1200539,668.0,12.0,2.0,95.0,14.0,2072.0,161.0,15.0,124.0,14.0,11.0,0.0,282.0,0.0,0.0,1.0,2.0,53.0,0.0,251.0,1.0,397.0,2863.0,1012.0,300.0
Bay-120054,289.0,1.0,3.0,68.0,10.0,1956.0,65.0,17.0,116.0,5.0,8.0,1.0,193.0,0.0,0.0,0.0,0.0,23.0,0.0,116.0,0.0,423.0,2327.0,769.0,198.0
Bay-1200540,450.0,3.0,2.0,42.0,10.0,972.0,106.0,14.0,93.0,4.0,3.0,0.0,111.0,0.0,0.0,0.0,2.0,14.0,1.0,99.0,0.0,200.0,1479.0,434.0,213.0
Bay-1200541,569.0,1.0,2.0,66.0,16.0,1232.0,122.0,16.0,120.0,12.0,2.0,0.0,171.0,0.0,0.0,0.0,2.0,25.0,0.0,104.0,0.0,281.0,1886.0,597.0,258.0
Bay-1200542,428.0,4.0,3.0,79.0,10.0,1074.0,55.0,14.0,79.0,3.0,5.0,0.0,118.0,0.0,0.0,0.0,1.0,24.0,0.0,80.0,0.0,202.0,1598.0,433.0,148.0
Bay-1200543,347.0,3.0,0.0,34.0,7.0,879.0,82.0,11.0,62.0,4.0,4.0,0.0,113.0,2.0,0.0,0.0,2.0,22.0,0.0,67.0,0.0,169.0,1270.0,383.0,155.0
Bay-1200544,204.0,1.0,0.0,30.0,8.0,665.0,60.0,7.0,53.0,1.0,4.0,2.0,56.0,0.0,0.0,0.0,0.0,18.0,0.0,82.0,1.0,186.0,908.0,350.0,120.0
Bay-120055,256.0,6.0,2.0,50.0,13.0,1763.0,73.0,21.0,84.0,4.0,8.0,0.0,231.0,0.0,0.0,0.0,1.0,31.0,1.0,105.0,0.0,339.0,2090.0,720.0,178.0
Bay-120056,343.0,4.0,1.0,70.0,9.0,2356.0,100.0,27.0,125.0,12.0,10.0,2.0,243.0,1.0,0.0,0.0,1.0,35.0,1.0,196.0,0.0,564.0,2783.0,1065.0,252.0
Bay-120057,52.0,1.0,0.0,6.0,1.0,306.0,12.0,4.0,15.0,0.0,1.0,0.0,32.0,0.0,0.0,0.0,0.0,0.0,0.0,17.0,0.0,72.0,366.0,122.0,31.0
Bay-120058,516.0,5.0,1.0,60.0,17.0,1920.0,116.0,5.0,102.0,7.0,10.0,1.0,183.0,0.0,0.0,0.0,2.0,67.0,3.0,206.0,1.0,491.0,2519.0,971.0,223.0
Bay-120059,538.0,3.0,0.0,53.0,18.0,1681.0,116.0,8.0,100.0,7.0,8.0,1.0,124.0,0.0,0.0,0.0,0.0,43.0,0.0,128.0,0.0,390.0,2293.0,701.0,224.0
Bradford-120071,121.0,3.0,0.0,19.0,4.0,1130.0,44.0,34.0,86.0,0.0,5.0,0.0,132.0,0.0,0.0,0.0,0.0,7.0,0.0,55.0,0.0,216.0,1277.0,415.0,164.0
Bradford-1200710,96.0,2.0,0.0,3.0,5.0,629.0,35.0,15.0,62.0,3.0,3.0,0.0,89.0,0.0,0.0,1.0,1.0,9.0,0.0,55.0,0.0,132.0,735.0,293.0,112.0
Bradford-1200711,175.0,4.0,0.0,19.0,3.0,673.0,57.0,17.0,67.0,2.0,2.0,0.0,47.0,0.0,0.0,0.0,0.0,6.0,1.0,58.0,0.0,121.0,874.0,237.0,141.0
Bradford-1200712,359.0,6.0,0.0,31.0,4.0,966.0,126.0,20.0,85.0,5.0,3.0,0.0,119.0,0.0,0.0,0.0,0.0,24.0,1.0,119.0,0.0,279.0,1366.0,550.0,231.0
Bradford-1200713,42.0,0.0,0.0,5.0,1.0,361.0,21.0,10.0,24.0,0.0,1.0,0.0,26.0,0.0,0.0,0.0,0.0,1.0,0.0,17.0,0.0,52.0,409.0,97.0,55.0
Bradford-1200714,106.0,4.0,0.0,5.0,4.0,438.0,46.0,7.0,53.0,0.0,2.0,0.0,66.0,0.0,0.0,0.0,0.0,1.0,0.0,28.0,0.0,81.0,557.0,178.0,106.0
Bradford-120072,283.0,3.0,0.0,12.0,3.0,282.0,135.0,5.0,52.0,1.0,1.0,1.0,20.0,1.0,0.0,0.0,0.0,1.0,0.0,16.0,0.0,43.0,583.0,84.0,192.0
Bradford-120073,59.0,1.0,0.0,7.0,2.0,418.0,15.0,10.0,38.0,1.0,0.0,0.0,49.0,0.0,0.0,0.0,0.0,3.0,0.0,14.0,0.0,69.0,487.0,136.0,63.0
Bradford-120074,156.0,1.0,0.0,9.0,3.0,817.0,54.0,15.0,89.0,2.0,3.0,0.0,89.0,0.0,0.0,0.0,0.0,5.0,0.0,47.0,1.0,139.0,986.0,286.0,158.0
Bradford-120075,415.0,3.0,1.0,22.0,11.0,780.0,146.0,23.0,103.0,5.0,3.0,0.0,103.0,0.0,0.0,0.0,4.0,9.0,1.0,101.0,0.0,133.0,1232.0,359.0,272.0
Bradford-120076,64.0,0.0,0.0,13.0,1.0,517.0,16.0,11.0,43.0,1.0,3.0,0.0,49.0,1.0,0.0,0.0,0.0,3.0,0.0,41.0,0.0,123.0,595.0,221.0,70.0
Bradford-120077,478.0,2.0,1.0,7.0,2.0,321.0,175.0,10.0,57.0,0.0,1.0,0.0,25.0,0.0,0.0,0.0,1.0,4.0,0.0,15.0,0.0,53.0,811.0,99.0,242.0
Bradford-120078,267.0,3.0,0.0,17.0,2.0,970.0,88.0,15.0,93.0,6.0,5.0,0.0,92.0,0.0,0.0,0.0,0.0,12.0,1.0,93.0,0.0,225.0,1259.0,434.0,196.0
Bradford-120079,303.0,1.0,2.0,8.0,2.0,611.0,99.0,14.0,56.0,5.0,2.0,0.0,58.0,0.0,0.0,0.0,0.0,9.0,0.0,41.0,0.0,136.0,927.0,251.0,169.0
Brevard-12009100 Precinct 100,431.0,3.0,1.0,42.0,6.0,1083.0,148.0,13.0,87.0,5.0,10.0,1.0,98.0,0.0,0.0,0.0,1.0,13.0,1.0,94.0,1.0,277.0,1566.0,501.0,248.0
Brevard-12009101 Precinct 101,0.0,0.0,0.0,0.0,0.0,0.0,114.0,4.0,75.0,2.0,5.0,0.0,34.0,0.0,0.0,0.0,0.0,27.0,0.0,77.0,0.0,154.0,0.0,299.0,193.0
Brevard-12009102 Precinct 102,242.0,0.0,1.0,18.0,4.0,433.0,64.0,7.0,47.0,2.0,6.0,0.0,39.0,0.0,0.0,0.0,0.0,17.0,0.0,70.0,1.0,129.0,698.0,264.0,118.0
Brevard-12009103 Precinct 103,793.0,5.0,3.0,84.0,13.0,1855.0,267.0,15.0,191.0,18.0,11.0,0.0,214.0,0.0,0.0,1.0,1.0,77.0,0.0,314.0,0.0,471.0,2753.0,1107.0,473.0
Brevard-12009104 Precinct 104,902.0,4.0,5.0,70.0,19.0,2405.0,282.0,21.0,205.0,10.0,13.0,1.0,228.0,0.0,0.0,0.0,3.0,48.0,3.0,243.0,0.0,584.0,3405.0,1133.0,508.0
Brevard-12009105 Precinct 105,1393.0,8.0,4.0,131.0,30.0,2588.0,222.0,18.0,159.0,4.0,8.0,1.0,132.0,1.0,0.0,0.0,0.0,25.0,1.0,175.0,1.0,337.0,4154.0,685.0,399.0
Brevard-12009106 Precinct 106,350.0,4.0,3.0,42.0,14.0,1478.0,85.0,13.0,118.0,16.0,3.0,0.0,126.0,0.0,0.0,0.0,0.0,25.0,0.0,141.0,0.0,377.0,1891.0,688.0,216.0
Brevard-12009107 Precinct 107,541.0,3.0,2.0,67.0,12.0,994.0,185.0,13.0,102.0,7.0,11.0,0.0,139.0,0.0,0.0,0.0,1.0,35.0,0.0,159.0,1.0,219.0,1619.0,572.0,300.0
Brevard-12009108 Precinct 108,1904.0,12.0,3.0,74.0,25.0,1387.0,457.0,4.0,163.0,4.0,7.0,0.0,53.0,0.0,0.0,0.0,1.0,19.0,1.0,95.0,0.0,172.0,3405.0,352.0,624.0
Brevard-12009109 Precinct 109,1407.0,6.0,4.0,117.0,39.0,2396.0,239.0,8.0,146.0,8.0,12.0,1.0,120.0,1.0,0.0,0.0,1.0,46.0,0.0,144.0,0.0,302.0,3969.0,635.0,393.0
Brevard-12009110 Precinct 110,0.0,0.0,0.0,0.0,0.0,0.0,195.0,15.0,129.0,17.0,15.0,0.0,114.0,0.0,0.0,0.0,0.0,31.0,1.0,162.0,3.0,302.0,0.0,645.0,339.0
Brevard-12009111 Precinct 111,684.0,2.0,3.0,74.0,18.0,1203.0,165.0,15.0,129.0,6.0,12.0,0.0,85.0,0.0,0.0,0.0,0.0,29.0,3.0,128.0,1.0,269.0,1984.0,533.0,309.0
Brevard-12009112 Precinct 112,693.0,8.0,2.0,81.0,11.0,1452.0,181.0,14.0,132.0,11.0,6.0,1.0,212.0,1.0,0.0,0.0,1.0,62.0,0.0,229.0,0.0,376.0,2247.0,899.0,327.0
Brevard-12009113 Precinct 113,787.0,3.0,4.0,105.0,17.0,1475.0,198.0,19.0,147.0,8.0,7.0,2.0,122.0,0.0,1.0,0.0,1.0,23.0,3.0,133.0,0.0,301.0,2391.0,601.0,364.0
Brevard-12009114 Precinct 114,1367.0,7.0,3.0,112.0,31.0,2231.0,328.0,19.0,253.0,15.0,11.0,4.0,250.0,1.0,0.0,0.0,3.0,62.0,1.0,312.0,0.0,547.0,3751.0,1206.0,600.0
Brevard-12009115 Precinct 115,882.0,6.0,3.0,89.0,25.0,1586.0,242.0,16.0,173.0,11.0,12.0,0.0,140.0,3.0,0.0,0.0,0.0,57.0,0.0,244.0,0.0,439.0,2591.0,906.0,431.0
Brevard-12009116 Precinct 116,880.0,4.0,7.0,62.0,16.0,2299.0,255.0,18.0,168.0,15.0,17.0,0.0,246.0,0.0,0.0,0.0,1.0,85.0,1.0,358.0,0.0,759.0,3268.0,1482.0,441.0
Brevard-12009117 Precinct 117,0.0,0.0,0.0,0.0,0.0,0.0,189.0,13.0,138.0,10.0,3.0,1.0,118.0,0.0,0.0,0.0,4.0,18.0,1.0,138.0,0.0,242.0,0.0,535.0,340.0
Brevard-12009118 Precinct 118,1056.0,8.0,3.0,106.0,26.0,2710.0,329.0,33.0,216.0,15.0,13.0,3.0,259.0,1.0,0.0,0.0,0.0,51.0,3.0,213.0,0.0,595.0,3909.0,1153.0,578.0
Brevard-12009119 Precinct 119,0.0,0.0,0.0,0.0,0.0,0.0,106.0,7.0,71.0,3.0,2.0,0.0,76.0,0.0,0.0,0.0,0.0,14.0,4.0,58.0,0.0,171.0,0.0,328.0,184.0
Brevard-12009120 Precinct 120,787.0,1.0,1.0,10.0,4.0,91.0,305.0,5.0,50.0,0.0,0.0,0.0,4.0,0.0,0.0,0.0,1.0,1.0,0.0,6.0,0.0,19.0,894.0,31.0,360.0
Brevard-12009121 Precinct 121,459.0,9.0,1.0,61.0,16.0,1210.0,127.0,18.0,125.0,8.0,16.0,0.0,164.0,0.0,0.0,0.0,3.0,38.0,2.0,172.0,0.0,334.0,1756.0,737.0,270.0
Brevard-12009122 Precinct 122,513.0,9.0,2.0,64.0,12.0,1102.0,140.0,10.0,99.0,5.0,2.0,1.0,106.0,1.0,0.0,0.0,1.0,15.0,0.0,100.0,0.0,228.0,1702.0,459.0,249.0
Brevard-12009123 Precinct 123,777.0,3.0,5.0,83.0,17.0,1471.0,214.0,12.0,145.0,7.0,7.0,1.0,149.0,0.0,0.0,0.0,2.0,22.0,1.0,123.0,0.0,319.0,2356.0,631.0,371.0
Brevard-12009124 Precinct 124,955.0,6.0,3.0,123.0,15.0,1674.0,256.0,20.0,182.0,21.0,11.0,1.0,159.0,1.0,0.0,0.0,0.0,28.0,2.0,163.0,0.0,369.0,2776.0,755.0,458.0
Brevard-12009125 Precinct 125,899.0,9.0,6.0,96.0,22.0,1836.0,242.0,17.0,176.0,13.0,11.0,0.0,133.0,0.0,0.0,2.0,2.0,43.0,2.0,163.0,0.0,456.0,2868.0,825.0,435.0
Brevard-12009126 Precinct 126,0.0,0.0,0.0,0.0,0.0,0.0,0.0,0.0,0.0,0.0,0.0,0.0,0.0,0.0,0.0,0.0,0.0,0.0,0.0,0.0,0.0,0.0,0.0,0.0,0.0
Brevard-12009127 Precinct 127,235.0,0.0,1.0,8.0,4.0,459.0,72.0,1.0,38.0,5.0,2.0,0.0,30.0,0.0,0.0,0.0,0.0,11.0,0.0,49.0,0.0,128.0,707.0,225.0,111.0
Brevard-12009128 Precinct 128,0.0,0.0,0.0,0.0,1.0,2.0,0.0,0.0,1.0,1.0,0.0,0.0,0.0,0.0,0.0,0.0,0.0,0.0,0.0,0.0,0.0,0.0,3.0,1.0,1.0
Brevard-12009129 Precinct 129,2.0,0.0,0.0,0.0,0.0,1.0,0.0,0.0,0.0,0.0,0.0,0.0,2.0,0.0,0.0,0.0,0.0,0.0,0.0,0.0,0.0,0.0,3.0,2.0,0.0
Brevard-12009130 Precinct 130,0.0,0.0,0.0,0.0,0.0,0.0,0.0,0.0,0.0,0.0,0.0,0.0,0.0,0.0,0.0,0.0,0.0,0.0,0.0,0.0,0.0,0.0,0.0,0.0,0.0
Brevard-12009131 Precinct 131,382.0,3.0,1.0,32.0,7.0,650.0,94.0,5.0,70.0,1.0,2.0,0.0,68.0,0.0,0.0,0.0,0.0,18.0,1.0,74.0,0.0,131.0,1075.0,295.0,169.0
Brevard-12009132 Precinct 132,0.0,0.0,0.0,0.0,0.0,0.0,0.0,0.0,0.0,0.0,0.0,0.0,0.0,0.0,0.0,0.0,0.0,0.0,0.0,0.0,0.0,0.0,0.0,0.0,0.0
Brevard-12009133 Precinct 133,0.0,0.0,0.0,0.0,0.0,0.0,0.0,0.0,0.0,0.0,0.0,0.0,0.0,0.0,0.0,0.0,0.0,0.0,0.0,0.0,0.0,0.0,0.0,0.0,0.0
Brevard-12009134 Precinct 134,0.0,0.0,0.0,0.0,0.0,0.0,0.0,0.0,0.0,0.0,0.0,0.0,0.0,0.0,0.0,0.0,0.0,0.0,0.0,0.0,0.0,0.0,0.0,0.0,0.0
Brevard-12009135 Precinct 135,428.0,2.0,1.0,30.0,6.0,963.0,23.0,2.0,20.0,2.0,0.0,0.0,29.0,0.0,0.0,0.0,0.0,4.0,0.0,15.0,0.0,76.0,1430.0,126.0,45.0
Brevard-12009136 Precinct 136,0.0,0.0,0.0,0.0,0.0,0.0,0.0,0.0,0.0,0.0,0.0,0.0,0.0,0.0,0.0,0.0,0.0,0.0,0.0,0.0,0.0,0.0,0.0,0.0,0.0
Brevard-12009137 Precinct 137,0.0,0.0,0.0,0.0,0.0,0.0,0.0,0.0,0.0,0.0,0.0,0.0,0.0,0.0,0.0,0.0,0.0,0.0,0.0,0.0,0.0,0.0,0.0,0.0,0.0
Brevard-12009138 Precinct 138,0.0,0.0,0.0,0.0,0.0,0.0,0.0,0.0,0.0,0.0,0.0,0.0,0.0,0.0,0.0,0.0,0.0,0.0,0.0,0.0,0.0,0.0,0.0,0.0,0.0
Brevard-12009200 Precinct 200,557.0,4.0,4.0,45.0,8.0,790.0,168.0,11.0,150.0,8.0,4.0,1.0,121.0,0.0,0.0,0.0,1.0,43.0,2.0,111.0,0.0,192.0,1408.0,483.0,329.0
Brevard-12009201 Precinct 201,757.0,6.0,1.0,88.0,16.0,1689.0,262.0,11.0,193.0,31.0,19.0,0.0,344.0,0.0,0.0,0.0,1.0,146.0,3.0,445.0,0.0,674.0,2557.0,1663.0,466.0
Brevard-12009202 Precinct 202,697.0,5.0,0.0,68.0,19.0,1393.0,171.0,15.0,146.0,9.0,7.0,0.0,170.0,0.0,0.0,0.0,0.0,57.0,0.0,146.0,2.0,384.0,2182.0,775.0,332.0
Brevard-12009203 Precinct 203,1016.0,12.0,4.0,100.0,29.0,1725.0,272.0,13.0,221.0,17.0,9.0,2.0,133.0,1.0,0.0,0.0,0.0,77.0,2.0,193.0,0.0,409.0,2886.0,843.0,506.0
Brevard-12009204 Precinct 204,1339.0,3.0,5.0,71.0,44.0,1879.0,355.0,16.0,231.0,6.0,18.0,3.0,162.0,0.0,0.0,0.0,0.0,68.0,2.0,213.0,0.0,522.0,3341.0,994.0,602.0
Brevard-12009205 Precinct 205,1470.0,5.0,6.0,162.0,39.0,3549.0,384.0,22.0,288.0,22.0,26.0,2.0,420.0,0.0,0.0,1.0,4.0,143.0,1.0,519.0,1.0,1041.0,5231.0,2180.0,694.0
Brevard-12009206 Precinct 206,645.0,2.0,0.0,69.0,30.0,1323.0,188.0,13.0,148.0,0.0,8.0,0.0,122.0,0.0,0.0,0.0,1.0,48.0,3.0,158.0,0.0,357.0,2069.0,697.0,349.0
Brevard-12009207 Precinct 207,681.0,9.0,0.0,66.0,13.0,1035.0,101.0,7.0,63.0,3.0,4.0,0.0,34.0,0.0,0.0,0.0,0.0,11.0,1.0,44.0,1.0,99.0,1804.0,197.0,171.0
Brevard-12009208 Precinct 208,598.0,2.0,1.0,41.0,18.0,927.0,163.0,6.0,122.0,5.0,5.0,0.0,72.0,1.0,0.0,0.0,0.0,43.0,1.0,142.0,0.0,269.0,1587.0,538.0,291.0
Brevard-12009209 Precinct 209,584.0,6.0,0.0,41.0,12.0,663.0,140.0,3.0,90.0,8.0,4.0,1.0,57.0,0.0,0.0,0.0,1.0,7.0,3.0,43.0,0.0,142.0,1306.0,266.0,233.0
Brevard-12009210 Precinct 210,288.0,1.0,2.0,18.0,2.0,357.0,84.0,3.0,68.0,2.0,3.0,0.0,39.0,0.0,0.0,0.0,0.0,12.0,0.0,37.0,1.0,89.0,668.0,183.0,155.0
Brevard-12009211 Precinct 211,1115.0,8.0,5.0,78.0,33.0,1335.0,363.0,11.0,206.0,18.0,7.0,3.0,185.0,1.0,0.0,1.0,3.0,44.0,3.0,161.0,0.0,254.0,2574.0,680.0,580.0
Brevard-12009212 Precinct 212,699.0,3.0,2.0,36.0,17.0,516.0,203.0,4.0,68.0,12.0,4.0,0.0,40.0,0.0,0.0,1.0,0.0,35.0,1.0,81.0,0.0,167.0,1273.0,341.0,275.0
Brevard-12009213 Precinct 213,344.0,1.0,0.0,11.0,5.0,150.0,106.0,4.0,39.0,2.0,1.0,0.0,7.0,0.0,0.0,0.0,0.0,2.0,1.0,24.0,0.0,38.0,511.0,75.0,149.0
Brevard-12009214 Precinct 214,942.0,2.0,3.0,49.0,15.0,768.0,254.0,16.0,145.0,11.0,3.0,1.0,65.0,0.0,0.0,1.0,0.0,17.0,0.0,92.0,1.0,167.0,1779.0,358.0,415.0
Brevard-12009215 Precinct 215,374.0,2.0,0.0,38.0,8.0,674.0,121.0,2.0,72.0,10.0,3.0,1.0,44.0,0.0,0.0,0.0,0.0,34.0,1.0,97.0,0.0,216.0,1096.0,406.0,195.0
Brevard-12009216 Precinct 216,1792.0,10.0,2.0,142.0,43.0,2930.0,468.0,30.0,325.0,15.0,20.0,1.0,313.0,2.0,0.0,1.0,0.0,112.0,3.0,421.0,1.0,747.0,4919.0,1636.0,823.0
Brevard-12009217 Precinct 217,889.0,5.0,2.0,84.0,29.0,1844.0,249.0,12.0,194.0,11.0,5.0,1.0,203.0,1.0,0.0,1.0,0.0,80.0,3.0,224.0,0.0,496.0,2853.0,1025.0,455.0
Brevard-12009218 Precinct 218,178.0,0.0,0.0,14.0,8.0,287.0,46.0,1.0,39.0,2.0,3.0,1.0,23.0,0.0,0.0,0.0,0.0,13.0,0.0,29.0,0.0,91.0,487.0,162.0,86.0
Brevard-12009219 Precinct 219,1658.0,12.0,6.0,93.0,24.0,1487.0,534.0,16.0,261.0,15.0,5.0,1.0,171.0,2.0,0.0,0.0,1.0,48.0,5.0,217.0,0.0,345.0,3280.0,810.0,811.0
Brevard-12009220 Precinct 220,200.0,2.0,1.0,12.0,1.0,339.0,55.0,3.0,35.0,1.0,2.0,1.0,25.0,0.0,0.0,2.0,1.0,13.0,0.0,50.0,0.0,80.0,555.0,175.0,93.0
Brevard-12009221 Precinct 221,919.0,2.0,1.0,51.0,10.0,1411.0,277.0,9.0,142.0,10.0,7.0,0.0,120.0,0.0,1.0,0.0,1.0,65.0,0.0,224.0,1.0,461.0,2394.0,890.0,428.0
Brevard-12009222 Precinct 222,1056.0,2.0,2.0,81.0,26.0,1501.0,284.0,8.0,193.0,11.0,12.0,1.0,123.0,1.0,0.0,0.0,1.0,79.0,1.0,220.0,1.0,447.0,2668.0,897.0,485.0
Brevard-12009223 Precinct 223,203.0,4.0,1.0,28.0,13.0,287.0,27.0,0.0,20.0,0.0,0.0,1.0,32.0,1.0,0.0,0.0,0.0,6.0,1.0,40.0,0.0,58.0,536.0,139.0,47.0
Brevard-12009224 Precinct 224,1530.0,9.0,2.0,152.0,38.0,2005.0,463.0,12.0,249.0,9.0,9.0,0.0,286.0,1.0,1.0,1.0,0.0,70.0,0.0,313.0,2.0,429.0,3736.0,1121.0,724.0
Brevard-12009225 Precinct 225,4.0,0.0,0.0,1.0,0.0,2.0,0.0,0.0,0.0,0.0,0.0,0.0,0.0,0.0,0.0,0.0,0.0,0.0,0.0,0.0,0.0,0.0,7.0,0.0,0.0
Brevard-12009226 Precinct 226,916.0,4.0,3.0,66.0,29.0,1380.0,241.0,7.0,199.0,14.0,6.0,1.0,104.0,1.0,0.0,0.0,0.0,47.0,2.0,165.0,0.0,340.0,2398.0,680.0,447.0
Brevard-12009227 Precinct 227,51.0,0.0,1.0,2.0,3.0,84.0,21.0,1.0,9.0,0.0,1.0,0.0,16.0,0.0,0.0,0.0,0.0,7.0,0.0,8.0,0.0,23.0,141.0,55.0,31.0
Brevard-12009228 Precinct 228,327.0,1.0,0.0,26.0,10.0,503.0,82.0,7.0,63.0,3.0,7.0,0.0,71.0,0.0,0.0,0.0,0.0,12.0,0.0,51.0,0.0,107.0,867.0,251.0,152.0
Brevard-12009229 Precinct 229,118.0,0.0,0.0,17.0,3.0,280.0,27.0,0.0,12.0,2.0,1.0,0.0,36.0,0.0,0.0,0.0,0.0,20.0,0.0,56.0,0.0,96.0,418.0,211.0,39.0
Brevard-12009230 Precinct 230,2.0,0.0,0.0,0.0,0.0,6.0,0.0,0.0,0.0,0.0,0.0,0.0,0.0,0.0,0.0,0.0,0.0,1.0,0.0,0.0,0.0,1.0,8.0,2.0,0.0
Brevard-12009231 Precinct 231,523.0,0.0,2.0,7.0,7.0,202.0,127.0,2.0,38.0,3.0,4.0,0.0,11.0,0.0,0.0,0.0,0.0,3.0,0.0,16.0,0.0,36.0,741.0,73.0,167.0
Brevard-12009232 Precinct 232,0.0,0.0,0.0,0.0,0.0,0.0,102.0,3.0,47.0,4.0,1.0,0.0,90.0,2.0,0.0,0.0,0.0,15.0,0.0,96.0,0.0,167.0,0.0,375.0,152.0
Brevard-12009233 Precinct 233,428.0,1.0,0.0,5.0,3.0,34.0,160.0,1.0,33.0,0.0,0.0,0.0,2.0,0.0,0.0,0.0,0.0,0.0,0.0,7.0,0.0,10.0,471.0,19.0,194.0
Brevard-12009234 Precinct 234,94.0,2.0,0.0,3.0,5.0,115.0,29.0,1.0,13.0,1.0,4.0,0.0,15.0,0.0,0.0,0.0,0.0,3.0,0.0,15.0,1.0,24.0,219.0,63.0,43.0
Brevard-12009235 Precinct 235,607.0,3.0,0.0,54.0,22.0,1241.0,142.0,11.0,114.0,13.0,3.0,0.0,122.0,0.0,0.0,0.0,0.0,38.0,1.0,153.0,1.0,356.0,1927.0,687.0,267.0
Brevard-12009236 Precinct 236,195.0,0.0,0.0,7.0,6.0,304.0,42.0,1.0,34.0,2.0,0.0,0.0,26.0,0.0,0.0,0.0,0.0,9.0,0.0,45.0,0.0,106.0,512.0,188.0,77.0
Brevard-12009237 Precinct 237,10.0,0.0,0.0,1.0,0.0,30.0,3.0,0.0,3.0,0.0,1.0,0.0,1.0,0.0,0.0,0.0,0.0,0.0,0.0,8.0,0.0,5.0,41.0,15.0,6.0
Brevard-12009238 Precinct 238,9.0,0.0,0.0,0.0,0.0,26.0,1.0,0.0,4.0,0.0,0.0,0.0,5.0,0.0,0.0,0.0,0.0,0.0,0.0,4.0,0.0,9.0,35.0,18.0,5.0
Brevard-12009239 Precinct 239,2.0,0.0,0.0,0.0,0.0,0.0,0.0,0.0,0.0,0.0,0.0,0.0,0.0,0.0,0.0,0.0,0.0,0.0,0.0,0.0,0.0,0.0,2.0,0.0,0.0
Brevard-12009240 Precinct 240,275.0,0.0,0.0,34.0,7.0,744.0,0.0,0.0,0.0,0.0,0.0,0.0,0.0,0.0,0.0,0.0,0.0,0.0,0.0,0.0,0.0,0.0,1060.0,0.0,0.0
Brevard-12009300 Precinct 300,1071.0,6.0,2.0,34.0,23.0,571.0,331.0,6.0,109.0,4.0,4.0,0.0,53.0,0.0,0.0,0.0,0.0,19.0,2.0,85.0,1.0,150.0,1707.0,318.0,446.0
Brevard-12009301 Precinct 301,512.0,6.0,0.0,64.0,12.0,1222.0,122.0,8.0,88.0,10.0,5.0,0.0,177.0,0.0,0.0,0.0,0.0,42.0,4.0,161.0,0.0,301.0,1816.0,700.0,218.0
Brevard-12009302 Precinct 302,738.0,7.0,2.0,63.0,18.0,1940.0,183.0,12.0,147.0,7.0,7.0,0.0,244.0,0.0,0.0,0.0,0.0,66.0,1.0,197.0,0.0,491.0,2768.0,1013.0,342.0
Brevard-12009303 Precinct 303,2372.0,15.0,5.0,142.0,66.0,2415.0,561.0,23.0,342.0,22.0,17.0,2.0,237.0,0.0,0.0,2.0,2.0,69.0,1.0,238.0,1.0,576.0,5015.0,1167.0,926.0
Brevard-12009304 Precinct 304,1225.0,7.0,4.0,63.0,16.0,2246.0,398.0,32.0,204.0,15.0,10.0,1.0,123.0,1.0,0.0,0.0,0.0,66.0,3.0,181.0,0.0,578.0,3561.0,978.0,634.0
Brevard-12009305 Precinct 305,834.0,3.0,0.0,67.0,30.0,1240.0,213.0,4.0,172.0,11.0,8.0,0.0,139.0,0.0,0.0,1.0,0.0,83.0,2.0,216.0,0.0,319.0,2174.0,779.0,389.0
Brevard-12009306 Precinct 306,723.0,0.0,2.0,15.0,7.0,203.0,263.0,2.0,51.0,0.0,0.0,0.0,16.0,0.0,0.0,0.0,0.0,10.0,0.0,22.0,0.0,36.0,950.0,84.0,316.0
Brevard-12009307 Precinct 307,403.0,2.0,0.0,27.0,9.0,688.0,97.0,6.0,50.0,6.0,10.0,0.0,67.0,0.0,0.0,1.0,0.0,33.0,0.0,100.0,0.0,169.0,1129.0,386.0,153.0
Brevard-12009308 Precinct 308,1066.0,10.0,4.0,93.0,40.0,1419.0,253.0,9.0,187.0,13.0,5.0,0.0,153.0,1.0,0.0,1.0,0.0,35.0,0.0,162.0,1.0,335.0,2632.0,706.0,449.0
Brevard-12009309 Precinct 309,3086.0,32.0,9.0,251.0,59.0,4270.0,651.0,38.0,499.0,44.0,32.0,3.0,517.0,1.0,0.0,0.0,5.0,166.0,5.0,616.0,0.0,958.0,7707.0,2347.0,1188.0
Brevard-12009310 Precinct 310,827.0,7.0,2.0,72.0,30.0,1032.0,190.0,8.0,177.0,14.0,9.0,0.0,132.0,0.0,0.0,0.0,0.0,33.0,0.0,163.0,0.0,259.0,1970.0,610.0,375.0
Brevard-12009311 Precinct 311,790.0,1.0,0.0,50.0,23.0,1226.0,213.0,6.0,135.0,2.0,3.0,1.0,123.0,1.0,1.0,0.0,1.0,65.0,2.0,199.0,0.0,398.0,2090.0,796.0,354.0
Brevard-12009312 Precinct 312,582.0,0.0,0.0,40.0,17.0,1177.0,185.0,10.0,105.0,13.0,4.0,1.0,61.0,0.0,1.0,0.0,0.0,27.0,2.0,97.0,1.0,348.0,1816.0,555.0,300.0
Brevard-12009313 Precinct 313,2495.0,15.0,7.0,143.0,51.0,2913.0,714.0,17.0,274.0,22.0,10.0,3.0,322.0,1.0,0.0,0.0,1.0,63.0,1.0,301.0,0.0,647.0,5624.0,1371.0,1005.0
Brevard-12009314 Precinct 314,1103.0,8.0,3.0,87.0,28.0,1348.0,263.0,15.0,165.0,8.0,8.0,0.0,161.0,1.0,0.0,0.0,0.0,32.0,1.0,142.0,0.0,295.0,2577.0,648.0,443.0
Brevard-12009315 Precinct 315,1545.0,12.0,3.0,92.0,34.0,1459.0,427.0,13.0,189.0,14.0,14.0,1.0,150.0,1.0,0.0,0.0,1.0,53.0,0.0,160.0,0.0,287.0,3145.0,681.0,629.0
Brevard-12009316 Precinct 316,1161.0,13.0,5.0,74.0,36.0,1315.0,303.0,9.0,185.0,7.0,5.0,1.0,142.0,1.0,0.0,1.0,2.0,17.0,2.0,100.0,0.0,278.0,2604.0,556.0,497.0
Brevard-12009317 Precinct 317,1797.0,11.0,2.0,114.0,30.0,1955.0,464.0,18.0,231.0,15.0,9.0,1.0,209.0,1.0,0.0,1.0,1.0,89.0,1.0,252.0,1.0,456.0,3909.0,1036.0,713.0
Brevard-12009318 Precinct 318,963.0,2.0,1.0,64.0,15.0,1527.0,253.0,8.0,168.0,8.0,1.0,1.0,140.0,1.0,0.0,0.0,1.0,83.0,2.0,240.0,0.0,500.0,2572.0,977.0,429.0
Brevard-12009319 Precinct 319,1.0,0.0,0.0,0.0,0.0,3.0,0.0,0.0,0.0,0.0,0.0,0.0,0.0,0.0,0.0,0.0,0.0,0.0,0.0,0.0,0.0,3.0,4.0,3.0,0.0
Brevard-12009320 Precinct 320,24.0,0.0,0.0,0.0,2.0,50.0,11.0,0.0,3.0,0.0,0.0,0.0,11.0,0.0,0.0,0.0,0.0,0.0,0.0,15.0,0.0,9.0,76.0,35.0,14.0
Brevard-12009321 Precinct 321,133.0,3.0,1.0,9.0,1.0,119.0,35.0,1.0,24.0,3.0,0.0,1.0,8.0,0.0,0.0,0.0,0.0,6.0,0.0,11.0,0.0,26.0,266.0,55.0,60.0
Brevard-12009322 Precinct 322,1700.0,10.0,9.0,87.0,35.0,1636.0,476.0,14.0,231.0,14.0,11.0,0.0,161.0,0.0,0.0,0.0,0.0,18.0,2.0,186.0,0.0,375.0,3477.0,767.0,721.0
Brevard-12009323 Precinct 323,147.0,0.0,0.0,15.0,7.0,131.0,29.0,1.0,39.0,1.0,0.0,0.0,18.0,0.0,0.0,0.0,0.0,9.0,0.0,20.0,1.0,34.0,300.0,83.0,69.0
Brevard-12009324 Precinct 324,226.0,2.0,0.0,17.0,3.0,407.0,50.0,0.0,43.0,1.0,0.0,1.0,34.0,1.0,0.0,0.0,0.0,12.0,1.0,46.0,0.0,125.0,655.0,221.0,93.0
Brevard-12009400 Precinct 400,1500.0,5.0,10.0,132.0,33.0,1770.0,340.0,14.0,252.0,10.0,6.0,1.0,189.0,2.0,0.0,1.0,1.0,55.0,0.0,231.0,1.0,383.0,3450.0,880.0,606.0
Brevard-12009401 Precinct 401,0.0,0.0,0.0,0.0,0.0,0.0,279.0,13.0,201.0,4.0,8.0,2.0,215.0,0.0,0.0,2.0,1.0,112.0,1.0,384.0,2.0,566.0,0.0,1297.0,493.0
Brevard-12009402 Precinct 402,1084.0,12.0,4.0,110.0,34.0,1781.0,282.0,17.0,245.0,17.0,9.0,0.0,181.0,0.0,0.0,2.0,0.0,49.0,4.0,217.0,2.0,430.0,3025.0,911.0,544.0
Brevard-12009403 Precinct 403,311.0,6.0,1.0,47.0,9.0,607.0,83.0,2.0,85.0,3.0,2.0,0.0,60.0,2.0,0.0,1.0,0.0,11.0,0.0,72.0,0.0,134.0,981.0,285.0,170.0
Brevard-12009404 Precinct 404,1659.0,6.0,4.0,166.0,50.0,2741.0,401.0,22.0,378.0,22.0,9.0,1.0,306.0,2.0,0.0,1.0,0.0,135.0,3.0,455.0,0.0,780.0,4626.0,1714.0,801.0
Brevard-12009405 Precinct 405,1426.0,3.0,3.0,156.0,35.0,2381.0,363.0,17.0,296.0,17.0,11.0,2.0,283.0,1.0,0.0,0.0,3.0,135.0,6.0,417.0,0.0,654.0,4004.0,1529.0,676.0
Brevard-12009406 Precinct 406,1749.0,7.0,3.0,130.0,32.0,2823.0,422.0,8.0,263.0,24.0,8.0,1.0,327.0,0.0,0.0,0.0,1.0,133.0,3.0,449.0,1.0,737.0,4744.0,1684.0,693.0
Brevard-12009407 Precinct 407,88.0,0.0,0.0,6.0,4.0,212.0,16.0,1.0,17.0,0.0,0.0,0.0,27.0,0.0,0.0,0.0,0.0,5.0,0.0,22.0,0.0,58.0,310.0,112.0,34.0
Brevard-12009408 Precinct 408,428.0,2.0,2.0,36.0,26.0,578.0,86.0,1.0,104.0,4.0,1.0,0.0,61.0,0.0,0.0,0.0,0.0,12.0,1.0,76.0,0.0,119.0,1072.0,274.0,191.0
Brevard-12009409 Precinct 409,1647.0,5.0,4.0,170.0,41.0,2896.0,157.0,9.0,101.0,6.0,6.0,0.0,92.0,1.0,0.0,0.0,1.0,30.0,0.0,127.0,0.0,239.0,4763.0,502.0,267.0
Brevard-12009410 Precinct 410,211.0,2.0,2.0,17.0,8.0,412.0,49.0,2.0,38.0,4.0,1.0,0.0,45.0,0.0,0.0,0.0,0.0,13.0,1.0,42.0,0.0,88.0,652.0,194.0,89.0
Brevard-12009411 Precinct 411,364.0,1.0,0.0,32.0,8.0,444.0,84.0,1.0,73.0,2.0,2.0,0.0,36.0,0.0,1.0,0.0,0.0,21.0,1.0,65.0,0.0,116.0,849.0,244.0,158.0
Brevard-12009412 Precinct 412,331.0,0.0,0.0,34.0,5.0,546.0,76.0,4.0,45.0,3.0,1.0,0.0,66.0,1.0,0.0,0.0,0.0,22.0,1.0,108.0,1.0,158.0,916.0,361.0,125.0
Brevard-12009413 Precinct 413,0.0,0.0,0.0,0.0,0.0,0.0,22.0,0.0,11.0,0.0,0.0,0.0,18.0,0.0,0.0,0.0,0.0,12.0,0.0,53.0,0.0,70.0,0.0,153.0,33.0
Brevard-12009414 Precinct 414,1401.0,11.0,4.0,139.0,37.0,1864.0,317.0,19.0,255.0,12.0,14.0,1.0,224.0,1.0,0.0,2.0,0.0,54.0,0.0,249.0,0.0,405.0,3456.0,962.0,591.0
Brevard-12009415 Precinct 415,840.0,8.0,4.0,118.0,19.0,1422.0,212.0,11.0,168.0,6.0,8.0,0.0,155.0,0.0,0.0,0.0,0.0,63.0,1.0,220.0,0.0,376.0,2411.0,829.0,391.0
Brevard-12009416 Precinct 416,459.0,7.0,1.0,35.0,6.0,1063.0,90.0,4.0,65.0,10.0,4.0,0.0,67.0,1.0,0.0,1.0,0.0,33.0,2.0,132.0,0.0,213.0,1571.0,463.0,159.0
Brevard-12009417 Precinct 417,1430.0,6.0,3.0,101.0,16.0,1983.0,375.0,11.0,211.0,14.0,10.0,0.0,224.0,0.0,0.0,1.0,2.0,79.0,2.0,292.0,0.0,516.0,3539.0,1140.0,597.0
Brevard-12009418 Precinct 418,809.0,3.0,2.0,68.0,19.0,1510.0,169.0,4.0,99.0,3.0,5.0,0.0,132.0,0.0,0.0,0.0,1.0,39.0,0.0,253.0,0.0,382.0,2411.0,815.0,272.0
Brevard-12009419 Precinct 419,686.0,0.0,1.0,50.0,12.0,1274.0,68.0,1.0,21.0,6.0,2.0,0.0,57.0,0.0,0.0,0.0,1.0,50.0,0.0,96.0,2.0,148.0,2023.0,362.0,90.0
Brevard-12009420 Precinct 420,944.0,3.0,0.0,69.0,13.0,1493.0,218.0,10.0,138.0,24.0,5.0,0.0,171.0,0.0,0.0,0.0,1.0,76.0,0.0,259.0,0.0,434.0,2522.0,970.0,366.0
Brevard-12009421 Precinct 421,1096.0,3.0,0.0,78.0,8.0,2127.0,272.0,9.0,130.0,16.0,8.0,3.0,240.0,2.0,1.0,0.0,0.0,126.0,5.0,459.0,0.0,614.0,3312.0,1474.0,411.0
Brevard-12009422 Precinct 422,1379.0,10.0,4.0,163.0,28.0,2609.0,302.0,15.0,240.0,14.0,10.0,0.0,349.0,1.0,0.0,0.0,1.0,93.0,7.0,427.0,0.0,646.0,4193.0,1548.0,557.0
Brevard-12009423 Precinct 423,0.0,0.0,0.0,0.0,0.0,0.0,139.0,4.0,88.0,8.0,5.0,0.0,94.0,0.0,0.0,0.0,0.0,32.0,1.0,154.0,1.0,262.0,0.0,557.0,231.0
Brevard-12009424 Precinct 424,1050.0,7.0,1.0,107.0,18.0,1587.0,205.0,7.0,135.0,5.0,3.0,1.0,164.0,0.0,0.0,0.0,0.0,72.0,0.0,299.0,1.0,398.0,2770.0,943.0,347.0
Brevard-12009425 Precinct 425,220.0,1.0,0.0,14.0,3.0,337.0,83.0,2.0,24.0,4.0,0.0,0.0,39.0,0.0,0.0,0.0,0.0,19.0,0.0,79.0,0.0,107.0,575.0,248.0,109.0
Brevard-12009426 Precinct 426,404.0,1.0,2.0,42.0,6.0,1035.0,108.0,3.0,68.0,2.0,6.0,0.0,133.0,0.0,0.0,0.0,0.0,49.0,2.0,165.0,0.0,304.0,1490.0,661.0,179.0
Brevard-12009427 Precinct 427,1182.0,8.0,4.0,135.0,22.0,2214.0,283.0,4.0,179.0,8.0,11.0,2.0,306.0,1.0,0.0,0.0,3.0,91.0,3.0,372.0,0.0,541.0,3565.0,1338.0,466.0
Brevard-12009428 Precinct 428,1483.0,10.0,3.0,106.0,23.0,2390.0,369.0,12.0,219.0,12.0,12.0,2.0,302.0,2.0,0.0,1.0,1.0,118.0,2.0,418.0,1.0,585.0,4015.0,1456.0,600.0
Brevard-12009429 Precinct 429,812.0,1.0,1.0,27.0,4.0,1275.0,307.0,5.0,107.0,10.0,2.0,3.0,110.0,1.0,0.0,1.0,1.0,70.0,1.0,274.0,0.0,476.0,2120.0,949.0,419.0
Brevard-12009430 Precinct 430,242.0,0.0,0.0,15.0,3.0,550.0,59.0,4.0,24.0,10.0,4.0,0.0,61.0,0.0,0.0,0.0,0.0,30.0,0.0,108.0,0.0,165.0,810.0,378.0,87.0
Brevard-12009431 Precinct 431,427.0,5.0,0.0,26.0,14.0,726.0,117.0,5.0,68.0,7.0,4.0,2.0,81.0,0.0,1.0,0.0,1.0,22.0,1.0,113.0,0.0,199.0,1198.0,431.0,190.0
Brevard-12009432 Precinct 432,43.0,0.0,1.0,1.0,1.0,88.0,12.0,2.0,2.0,0.0,0.0,0.0,7.0,1.0,0.0,0.0,0.0,5.0,0.0,12.0,0.0,28.0,134.0,53.0,16.0
Brevard-12009433 Precinct 433,6.0,0.0,0.0,0.0,0.0,17.0,6.0,0.0,2.0,0.0,0.0,0.0,0.0,0.0,0.0,0.0,0.0,0.0,0.0,1.0,0.0,8.0,23.0,9.0,8.0
Brevard-12009434 Precinct 434,3.0,0.0,0.0,0.0,0.0,3.0,0.0,0.0,0.0,0.0,0.0,0.0,1.0,0.0,0.0,0.0,0.0,0.0,0.0,0.0,0.0,1.0,6.0,2.0,0.0
Brevard-12009435 Precinct 435,22.0,0.0,0.0,7.0,0.0,36.0,7.0,0.0,6.0,1.0,1.0,0.0,5.0,0.0,0.0,0.0,0.0,1.0,0.0,2.0,0.0,8.0,65.0,18.0,13.0
Brevard-12009436 Precinct 436,0.0,0.0,0.0,0.0,0.0,0.0,0.0,0.0,0.0,0.0,0.0,0.0,0.0,0.0,0.0,0.0,0.0,0.0,0.0,0.0,0.0,0.0,0.0,0.0,0.0
Brevard-12009437 Precinct 437,155.0,3.0,1.0,25.0,6.0,274.0,22.0,0.0,33.0,1.0,0.0,1.0,24.0,0.0,0.0,0.0,0.0,10.0,1.0,28.0,0.0,57.0,464.0,122.0,55.0
Brevard-12009438 Precinct 438,0.0,0.0,0.0,0.0,0.0,0.0,0.0,0.0,0.0,0.0,0.0,0.0,0.0,0.0,0.0,0.0,0.0,0.0,0.0,0.0,0.0,0.0,0.0,0.0,0.0
Brevard-12009439 Precinct 439,0.0,0.0,0.0,0.0,0.0,0.0,0.0,0.0,0.0,0.0,0.0,0.0,0.0,0.0,0.0,0.0,0.0,0.0,0.0,0.0,0.0,0.0,0.0,0.0,0.0
Brevard-12009440 Precinct 440,4.0,0.0,0.0,1.0,0.0,3.0,0.0,0.0,0.0,0.0,0.0,0.0,0.0,0.0,0.0,0.0,0.0,0.0,0.0,0.0,0.0,0.0,8.0,0.0,0.0
Brevard-12009441 Precinct 441,207.0,2.0,0.0,12.0,3.0,255.0,0.0,0.0,0.0,0.0,0.0,0.0,0.0,0.0,0.0,0.0,0.0,0.0,0.0,0.0,0.0,0.0,479.0,0.0,0.0
Brevard-12009442 Precinct 442,0.0,0.0,0.0,0.0,0.0,0.0,0.0,0.0,0.0,0.0,0.0,0.0,0.0,0.0,0.0,0.0,0.0,0.0,0.0,0.0,0.0,0.0,0.0,0.0,0.0
Brevard-12009443 Precinct 443,0.0,0.0,0.0,0.0,0.0,0.0,0.0,0.0,0.0,0.0,0.0,0.0,0.0,0.0,0.0,0.0,0.0,0.0,0.0,0.0,0.0,0.0,0.0,0.0,0.0
Brevard-12009500 Precinct 500,508.0,7.0,0.0,22.0,8.0,704.0,125.0,6.0,105.0,4.0,3.0,0.0,52.0,0.0,0.0,0.0,1.0,20.0,0.0,85.0,0.0,183.0,1249.0,348.0,236.0
Brevard-12009501 Precinct 501,207.0,2.0,0.0,22.0,4.0,252.0,69.0,4.0,60.0,5.0,1.0,0.0,47.0,0.0,0.0,0.0,0.0,8.0,0.0,44.0,1.0,57.0,487.0,163.0,133.0
Brevard-12009502 Precinct 502,834.0,8.0,4.0,103.0,25.0,1345.0,191.0,10.0,217.0,8.0,3.0,1.0,131.0,1.0,0.0,1.0,1.0,37.0,2.0,157.0,0.0,300.0,2319.0,642.0,418.0
Brevard-12009503 Precinct 503,957.0,5.0,3.0,86.0,18.0,1497.0,232.0,12.0,162.0,20.0,14.0,0.0,213.0,0.0,1.0,0.0,0.0,65.0,1.0,223.0,0.0,380.0,2566.0,917.0,406.0
Brevard-12009504 Precinct 504,212.0,3.0,0.0,8.0,4.0,408.0,68.0,0.0,29.0,3.0,0.0,1.0,27.0,0.0,0.0,0.0,0.0,8.0,0.0,37.0,1.0,125.0,635.0,202.0,97.0
Brevard-12009505 Precinct 505,969.0,1.0,3.0,86.0,23.0,1754.0,229.0,7.0,173.0,8.0,6.0,1.0,175.0,2.0,0.0,0.0,0.0,101.0,2.0,294.0,0.0,476.0,2836.0,1065.0,409.0
Brevard-12009506 Precinct 506,769.0,1.0,1.0,62.0,22.0,1142.0,205.0,9.0,134.0,6.0,5.0,1.0,132.0,1.0,0.0,0.0,0.0,50.0,1.0,191.0,0.0,306.0,1997.0,693.0,348.0
Brevard-12009507 Precinct 507,1177.0,18.0,5.0,126.0,46.0,1937.0,200.0,14.0,211.0,13.0,9.0,0.0,145.0,0.0,0.0,1.0,1.0,39.0,1.0,149.0,0.0,380.0,3309.0,738.0,425.0
Brevard-12009508 Precinct 508,561.0,1.0,3.0,64.0,17.0,934.0,156.0,8.0,86.0,8.0,1.0,0.0,75.0,0.0,0.0,1.0,0.0,45.0,2.0,161.0,0.0,278.0,1580.0,571.0,250.0
Brevard-12009509 Precinct 509,274.0,2.0,0.0,17.0,11.0,268.0,79.0,4.0,76.0,3.0,3.0,0.0,27.0,0.0,0.0,0.0,1.0,7.0,0.0,37.0,0.0,55.0,572.0,133.0,159.0
Brevard-12009510 Precinct 510,2613.0,23.0,4.0,145.0,53.0,3183.0,744.0,18.0,397.0,16.0,12.0,0.0,469.0,1.0,0.0,0.0,4.0,92.0,1.0,415.0,1.0,700.0,6021.0,1711.0,1159.0
Brevard-12009511 Precinct 511,554.0,10.0,0.0,76.0,14.0,1382.0,152.0,8.0,118.0,12.0,8.0,1.0,157.0,0.0,0.0,0.0,0.0,51.0,1.0,222.0,0.0,352.0,2036.0,804.0,278.0
Brevard-12009512 Precinct 512,596.0,5.0,2.0,49.0,18.0,1706.0,183.0,14.0,125.0,9.0,14.0,0.0,231.0,0.0,0.0,0.0,1.0,48.0,0.0,197.0,0.0,388.0,2376.0,888.0,322.0
Brevard-12009513 Precinct 513,163.0,1.0,0.0,4.0,2.0,271.0,59.0,2.0,32.0,4.0,2.0,0.0,21.0,0.0,0.0,0.0,0.0,4.0,0.0,35.0,0.0,85.0,441.0,151.0,93.0
Brevard-12009514 Precinct 514,0.0,0.0,0.0,0.0,0.0,0.0,54.0,5.0,48.0,4.0,1.0,0.0,39.0,0.0,0.0,0.0,0.0,5.0,0.0,32.0,0.0,101.0,0.0,182.0,107.0
Brevard-12009515 Precinct 515,961.0,2.0,3.0,65.0,22.0,1548.0,223.0,5.0,155.0,7.0,3.0,1.0,124.0,0.0,0.0,0.0,1.0,65.0,2.0,262.0,1.0,439.0,2601.0,905.0,383.0
Brevard-12009516 Precinct 516,2070.0,14.0,3.0,98.0,47.0,2066.0,514.0,12.0,276.0,7.0,10.0,1.0,184.0,1.0,0.0,0.0,2.0,28.0,1.0,187.0,0.0,420.0,4298.0,841.0,802.0
Brevard-12009517 Precinct 517,1943.0,6.0,8.0,111.0,38.0,1999.0,543.0,12.0,230.0,15.0,10.0,1.0,222.0,0.0,0.0,0.0,0.0,29.0,1.0,195.0,1.0,402.0,4105.0,876.0,785.0
Brevard-12009518 Precinct 518,996.0,10.0,3.0,83.0,18.0,1597.0,220.0,16.0,179.0,10.0,6.0,1.0,187.0,1.0,1.0,1.0,2.0,49.0,6.0,209.0,2.0,375.0,2707.0,850.0,415.0
Brevard-12009519 Precinct 519,2155.0,14.0,9.0,93.0,47.0,2074.0,632.0,20.0,222.0,11.0,11.0,0.0,213.0,1.0,0.0,0.0,2.0,30.0,3.0,204.0,1.0,445.0,4392.0,921.0,874.0
Brevard-12009520 Precinct 520,1476.0,14.0,3.0,96.0,30.0,1602.0,412.0,13.0,189.0,13.0,8.0,0.0,150.0,2.0,0.0,0.0,4.0,16.0,2.0,151.0,0.0,310.0,3221.0,656.0,614.0
Brevard-12009521 Precinct 521,1577.0,12.0,1.0,112.0,38.0,1781.0,415.0,13.0,198.0,11.0,10.0,2.0,214.0,1.0,0.0,1.0,2.0,29.0,1.0,182.0,0.0,345.0,3521.0,798.0,626.0
Brevard-12009522 Precinct 522,122.0,0.0,0.0,10.0,1.0,187.0,45.0,2.0,16.0,0.0,0.0,0.0,16.0,0.0,0.0,0.0,0.0,4.0,0.0,9.0,0.0,38.0,320.0,67.0,63.0
Brevard-12009523 Precinct 523,284.0,3.0,0.0,19.0,10.0,352.0,72.0,2.0,66.0,4.0,3.0,1.0,53.0,0.0,0.0,0.0,0.0,9.0,0.0,57.0,0.0,79.0,668.0,206.0,140.0
Brevard-12009524 Precinct 524,4.0,0.0,0.0,0.0,0.0,4.0,0.0,0.0,2.0,0.0,0.0,0.0,0.0,0.0,0.0,0.0,0.0,0.0,0.0,0.0,0.0,0.0,8.0,0.0,2.0
Brevard-12009525 Precinct 525,229.0,2.0,0.0,18.0,2.0,401.0,40.0,0.0,15.0,2.0,2.0,0.0,41.0,1.0,0.0,0.0,1.0,6.0,0.0,53.0,0.0,69.0,652.0,175.0,55.0
Brevard-12009526 Precinct 526,0.0,0.0,0.0,0.0,0.0,0.0,0.0,0.0,0.0,0.0,0.0,0.0,0.0,0.0,0.0,0.0,0.0,0.0,0.0,0.0,0.0,0.0,0.0,0.0,0.0
Brevard-12009527 Precinct 527,690.0,2.0,1.0,50.0,9.0,917.0,200.0,4.0,71.0,9.0,3.0,2.0,107.0,0.0,0.0,0.0,0.0,10.0,2.0,82.0,0.0,156.0,1669.0,371.0,275.0
Brevard-12009528 Precinct 528,339.0,4.0,0.0,29.0,9.0,388.0,84.0,8.0,75.0,3.0,2.0,0.0,44.0,0.0,0.0,2.0,0.0,6.0,0.0,33.0,0.0,72.0,769.0,162.0,167.0
Brevard-12009529 Precinct 529,488.0,7.0,0.0,45.0,19.0,674.0,100.0,5.0,121.0,13.0,2.0,0.0,76.0,0.0,0.0,0.0,2.0,23.0,0.0,93.0,0.0,152.0,1233.0,361.0,226.0
Brevard-12009530 Precinct 530,245.0,2.0,1.0,19.0,2.0,410.0,66.0,0.0,51.0,4.0,1.0,0.0,40.0,0.0,0.0,0.0,0.0,10.0,0.0,42.0,0.0,95.0,679.0,192.0,117.0
Brevard-12009531 Precinct 531,1.0,0.0,0.0,0.0,0.0,5.0,0.0,0.0,0.0,0.0,0.0,0.0,0.0,0.0,0.0,0.0,0.0,0.0,0.0,0.0,0.0,0.0,6.0,0.0,0.0
Brevard-12009999 Precinct 999,238.0,2.0,3.0,33.0,8.0,373.0,42.0,0.0,27.0,10.0,6.0,1.0,36.0,0.0,0.0,0.0,0.0,14.0,0.0,62.0,0.0,69.0,657.0,198.0,69.0
Broward-12011A001 A001 1,1224.0,2.0,2.0,69.0,24.0,1859.0,296.0,9.0,160.0,3.0,8.0,0.0,86.0,0.0,0.0,1.0,1.0,67.0,4.0,154.0,0.0,551.0,3180.0,875.0,465.0
Broward-12011A002 A002 2,528.0,1.0,3.0,24.0,9.0,412.0,107.0,2.0,64.0,2.0,2.0,0.0,14.0,1.0,0.0,0.0,0.0,3.0,2.0,19.0,1.0,85.0,977.0,129.0,173.0
Broward-12011A003 A003 3,669.0,0.0,0.0,8.0,4.0,636.0,236.0,6.0,119.0,1.0,0.0,0.0,10.0,0.0,0.0,0.0,0.0,8.0,0.0,57.0,0.0,128.0,1317.0,204.0,361.0
Broward-12011A004 A004 4,582.0,3.0,0.0,26.0,10.0,467.0,109.0,5.0,66.0,0.0,2.0,0.0,13.0,0.0,0.0,0.0,0.0,4.0,0.0,40.0,0.0,98.0,1088.0,157.0,180.0
Broward-12011A005 A005 5,552.0,0.0,0.0,18.0,14.0,686.0,123.0,1.0,49.0,2.0,1.0,0.0,31.0,0.0,0.0,0.0,1.0,29.0,0.0,67.0,0.0,187.0,1270.0,318.0,173.0
Broward-12011A006 A006 6,1058.0,1.0,3.0,32.0,14.0,446.0,218.0,3.0,106.0,3.0,2.0,0.0,20.0,0.0,0.0,0.0,0.0,6.0,1.0,34.0,1.0,63.0,1554.0,130.0,327.0
Broward-12011A007 A007 7,672.0,1.0,0.0,16.0,12.0,571.0,128.0,3.0,68.0,3.0,0.0,0.0,24.0,0.0,0.0,0.0,1.0,17.0,0.0,63.0,0.0,151.0,1272.0,259.0,199.0
Broward-12011A008 A008 8,303.0,2.0,0.0,1.0,2.0,27.0,95.0,1.0,16.0,0.0,0.0,0.0,0.0,0.0,0.0,0.0,0.0,1.0,0.0,4.0,0.0,3.0,335.0,8.0,112.0
Broward-12011A009 A009 9,1236.0,2.0,2.0,15.0,6.0,906.0,435.0,7.0,189.0,6.0,0.0,1.0,24.0,2.0,0.0,0.0,0.0,12.0,1.0,40.0,1.0,218.0,2167.0,305.0,631.0
Broward-12011A010 A010 10,359.0,1.0,1.0,17.0,14.0,437.0,71.0,1.0,61.0,1.0,1.0,1.0,15.0,1.0,0.0,0.0,0.0,13.0,0.0,41.0,0.0,117.0,829.0,190.0,133.0
Broward-12011A011 A011 11,1321.0,0.0,0.0,9.0,3.0,40.0,493.0,3.0,67.0,1.0,2.0,0.0,2.0,0.0,0.0,0.0,0.0,1.0,0.0,1.0,0.0,3.0,1373.0,10.0,563.0
Broward-12011A012 A012 12,831.0,1.0,1.0,16.0,10.0,606.0,234.0,4.0,93.0,3.0,0.0,0.0,22.0,1.0,0.0,0.0,1.0,23.0,0.0,56.0,0.0,136.0,1465.0,242.0,331.0
Broward-12011A013 A013 13,1219.0,0.0,3.0,43.0,18.0,1044.0,236.0,9.0,128.0,6.0,1.0,0.0,48.0,1.0,0.0,0.0,0.0,40.0,0.0,97.0,0.0,233.0,2327.0,426.0,373.0
Broward-12011A014 A014 14,1341.0,5.0,1.0,46.0,19.0,821.0,287.0,3.0,122.0,5.0,2.0,0.0,54.0,0.0,0.0,0.0,0.0,7.0,0.0,68.0,1.0,138.0,2233.0,275.0,412.0
Broward-12011A015 A015 15,1234.0,0.0,1.0,10.0,6.0,86.0,320.0,1.0,56.0,2.0,3.0,0.0,3.0,0.0,0.0,0.0,0.0,1.0,0.0,9.0,1.0,7.0,1337.0,26.0,377.0
Broward-12011A016 A016 16,817.0,0.0,0.0,15.0,7.0,605.0,165.0,1.0,93.0,5.0,1.0,0.0,34.0,0.0,0.0,1.0,0.0,41.0,0.0,53.0,0.0,145.0,1444.0,280.0,259.0
Broward-12011A017 A017 17,154.0,1.0,0.0,4.0,1.0,144.0,40.0,0.0,15.0,0.0,0.0,0.0,6.0,1.0,0.0,0.0,0.0,3.0,0.0,9.0,0.0,33.0,304.0,52.0,55.0
Broward-12011A018 A018 18,766.0,0.0,0.0,3.0,1.0,136.0,174.0,2.0,46.0,2.0,1.0,0.0,7.0,0.0,0.0,0.0,0.0,0.0,0.0,16.0,0.0,20.0,906.0,46.0,222.0
Broward-12011A019 A019 19,674.0,0.0,0.0,14.0,15.0,545.0,129.0,1.0,91.0,0.0,2.0,0.0,31.0,0.0,0.0,0.0,0.0,19.0,0.0,49.0,0.0,127.0,1248.0,228.0,221.0
Broward-12011A020 A020 20,791.0,4.0,0.0,12.0,9.0,511.0,160.0,4.0,73.0,2.0,2.0,0.0,29.0,0.0,0.0,0.0,1.0,5.0,0.0,35.0,1.0,100.0,1327.0,175.0,237.0
Broward-12011A021 A021 21,889.0,3.0,0.0,18.0,16.0,238.0,133.0,1.0,69.0,1.0,2.0,0.0,21.0,0.0,0.0,0.0,0.0,3.0,0.0,12.0,0.0,26.0,1164.0,65.0,203.0
Broward-12011A022 A022 22,877.0,0.0,0.0,7.0,4.0,85.0,172.0,1.0,45.0,3.0,0.0,0.0,1.0,0.0,0.0,0.0,0.0,1.0,0.0,9.0,0.0,15.0,973.0,29.0,218.0
Broward-12011A023 A023 23,502.0,1.0,0.0,9.0,6.0,83.0,80.0,0.0,26.0,1.0,2.0,0.0,8.0,0.0,0.0,0.0,0.0,0.0,0.0,8.0,0.0,10.0,601.0,29.0,106.0
Broward-12011A024 A024 24,678.0,1.0,1.0,7.0,7.0,109.0,90.0,2.0,47.0,1.0,1.0,0.0,9.0,1.0,0.0,0.0,1.0,3.0,0.0,13.0,0.0,19.0,803.0,48.0,139.0
Broward-12011B001 B001 25,201.0,1.0,0.0,13.0,2.0,744.0,39.0,2.0,25.0,2.0,0.0,0.0,39.0,0.0,0.0,0.0,0.0,30.0,1.0,78.0,0.0,269.0,961.0,419.0,66.0
Broward-12011B002 B002 26,491.0,0.0,1.0,24.0,3.0,898.0,108.0,3.0,52.0,9.0,2.0,0.0,39.0,0.0,0.0,0.0,0.0,33.0,1.0,103.0,0.0,272.0,1417.0,459.0,163.0
Broward-12011B003 B003 27,328.0,1.0,0.0,12.0,1.0,642.0,74.0,3.0,50.0,4.0,2.0,0.0,33.0,0.0,0.0,0.0,0.0,30.0,0.0,76.0,0.0,185.0,984.0,330.0,127.0
Broward-12011B004 B004 28,583.0,2.0,0.0,32.0,3.0,1323.0,137.0,5.0,75.0,5.0,1.0,0.0,81.0,0.0,0.0,0.0,0.0,55.0,0.0,147.0,1.0,435.0,1943.0,725.0,217.0
Broward-12011B005 B005 29,266.0,0.0,0.0,14.0,2.0,310.0,56.0,2.0,24.0,5.0,1.0,0.0,8.0,0.0,0.0,0.0,0.0,3.0,0.0,36.0,0.0,64.0,592.0,117.0,82.0
Broward-12011B006 B006 30,217.0,0.0,0.0,6.0,1.0,355.0,52.0,3.0,30.0,1.0,0.0,0.0,15.0,0.0,0.0,0.0,2.0,21.0,0.0,46.0,0.0,94.0,579.0,179.0,85.0
Broward-12011C001 C001 31,988.0,1.0,1.0,27.0,9.0,1279.0,248.0,6.0,120.0,4.0,5.0,1.0,54.0,0.0,0.0,0.0,2.0,31.0,1.0,124.0,0.0,372.0,2305.0,594.0,374.0
Broward-12011C002 C002 32,282.0,0.0,0.0,10.0,3.0,461.0,58.0,0.0,37.0,4.0,3.0,0.0,26.0,0.0,0.0,0.0,0.0,14.0,0.0,46.0,0.0,129.0,756.0,222.0,95.0
Broward-12011C003 C003 33,331.0,1.0,3.0,10.0,3.0,366.0,52.0,2.0,31.0,2.0,3.0,0.0,26.0,0.0,0.0,0.0,0.0,10.0,1.0,33.0,0.0,80.0,714.0,155.0,85.0
Broward-12011C004 C004 34,477.0,0.0,0.0,17.0,9.0,644.0,120.0,6.0,61.0,4.0,2.0,0.0,30.0,0.0,0.0,1.0,0.0,23.0,0.0,57.0,1.0,173.0,1147.0,291.0,187.0
Broward-12011C005 C005 35,1590.0,1.0,0.0,7.0,5.0,37.0,569.0,1.0,84.0,0.0,1.0,0.0,1.0,0.0,0.0,0.0,0.0,1.0,0.0,1.0,0.0,2.0,1640.0,6.0,654.0
Broward-12011C006 C006 36,2020.0,3.0,0.0,15.0,5.0,113.0,509.0,0.0,63.0,3.0,1.0,1.0,8.0,0.0,0.0,0.0,0.0,2.0,0.0,2.0,0.0,12.0,2156.0,29.0,572.0
Broward-12011C007 C007 37,156.0,1.0,0.0,9.0,4.0,217.0,28.0,5.0,33.0,1.0,0.0,0.0,27.0,0.0,0.0,0.0,1.0,3.0,0.0,17.0,0.0,52.0,387.0,101.0,66.0
Broward-12011C008 C008 38,370.0,1.0,0.0,16.0,1.0,477.0,94.0,2.0,37.0,3.0,1.0,0.0,10.0,1.0,0.0,0.0,0.0,15.0,0.0,38.0,0.0,134.0,865.0,202.0,133.0
Broward-12011C009 C009 39,193.0,0.0,0.0,4.0,3.0,74.0,29.0,0.0,6.0,1.0,0.0,0.0,1.0,0.0,0.0,0.0,0.0,2.0,0.0,0.0,0.0,21.0,274.0,25.0,35.0
Broward-12011C010 C010 40,818.0,2.0,1.0,30.0,15.0,784.0,165.0,8.0,106.0,4.0,2.0,0.0,36.0,0.0,0.0,0.0,0.0,19.0,0.0,66.0,0.0,173.0,1650.0,300.0,279.0
Broward-12011C011 C011 41,580.0,0.0,0.0,22.0,3.0,721.0,180.0,8.0,67.0,4.0,0.0,0.0,22.0,0.0,0.0,0.0,0.0,27.0,0.0,80.0,0.0,192.0,1326.0,325.0,255.0
Broward-12011C012 C012 42,539.0,0.0,0.0,9.0,6.0,632.0,144.0,1.0,62.0,3.0,2.0,0.0,24.0,0.0,0.0,2.0,0.0,28.0,0.0,52.0,0.0,177.0,1186.0,288.0,207.0
Broward-12011C013 C013 43,388.0,2.0,0.0,6.0,4.0,419.0,103.0,3.0,46.0,3.0,1.0,0.0,11.0,2.0,0.0,0.0,0.0,19.0,0.0,33.0,0.0,126.0,819.0,195.0,152.0
Broward-12011C014 C014 44,359.0,0.0,3.0,10.0,10.0,469.0,59.0,2.0,49.0,3.0,0.0,0.0,24.0,0.0,0.0,0.0,0.0,12.0,1.0,35.0,0.0,135.0,851.0,210.0,110.0
Broward-12011C015 C015 45,1513.0,3.0,0.0,10.0,12.0,98.0,336.0,0.0,45.0,0.0,1.0,0.0,0.0,0.0,0.0,0.0,0.0,0.0,1.0,5.0,0.0,13.0,1636.0,20.0,381.0
Broward-12011C016 C016 46,952.0,2.0,0.0,40.0,14.0,1252.0,220.0,4.0,114.0,12.0,1.0,0.0,64.0,1.0,0.0,0.0,1.0,28.0,0.0,83.0,0.0,333.0,2260.0,523.0,338.0
Broward-12011C017 C017 47,343.0,0.0,0.0,7.0,3.0,550.0,78.0,3.0,40.0,1.0,0.0,0.0,27.0,0.0,0.0,1.0,1.0,20.0,0.0,50.0,0.0,149.0,903.0,249.0,121.0
Broward-12011C018 C018 48,517.0,2.0,1.0,11.0,7.0,694.0,130.0,5.0,49.0,2.0,2.0,0.0,31.0,1.0,0.0,0.0,1.0,29.0,0.0,52.0,0.0,190.0,1232.0,308.0,184.0
Broward-12011C019 C019 49,413.0,2.0,0.0,21.0,10.0,680.0,109.0,3.0,60.0,4.0,1.0,1.0,34.0,0.0,0.0,1.0,0.0,22.0,0.0,67.0,0.0,177.0,1126.0,307.0,172.0
Broward-12011C020 C020 50,557.0,2.0,0.0,8.0,6.0,85.0,69.0,0.0,22.0,0.0,1.0,0.0,3.0,0.0,0.0,0.0,0.0,0.0,0.0,3.0,0.0,13.0,658.0,20.0,91.0
Broward-12011C021 C021 51,750.0,0.0,1.0,20.0,7.0,515.0,181.0,6.0,93.0,4.0,1.0,0.0,33.0,0.0,0.0,0.0,0.0,18.0,0.0,50.0,0.0,119.0,1293.0,225.0,280.0
Broward-12011C022 C022 52,413.0,0.0,1.0,29.0,4.0,738.0,87.0,1.0,61.0,5.0,3.0,0.0,35.0,0.0,0.0,0.0,0.0,15.0,0.0,60.0,0.0,222.0,1185.0,340.0,149.0
Broward-12011C023 C023 53,2608.0,2.0,1.0,43.0,30.0,1415.0,796.0,15.0,243.0,12.0,4.0,1.0,74.0,0.0,0.0,0.0,0.0,50.0,1.0,159.0,0.0,361.0,4099.0,662.0,1054.0
Broward-12011C024 C024 54,1196.0,3.0,0.0,17.0,10.0,641.0,382.0,4.0,118.0,2.0,0.0,1.0,34.0,0.0,0.0,0.0,0.0,24.0,3.0,61.0,0.0,142.0,1867.0,267.0,504.0
Broward-12011C025 C025 55,475.0,1.0,0.0,2.0,0.0,54.0,58.0,0.0,10.0,0.0,0.0,0.0,0.0,0.0,0.0,0.0,0.0,1.0,0.0,2.0,0.0,6.0,532.0,9.0,68.0
Broward-12011C026 C026 56,260.0,0.0,0.0,5.0,3.0,87.0,22.0,0.0,14.0,0.0,0.0,0.0,6.0,0.0,0.0,0.0,0.0,0.0,0.0,5.0,0.0,5.0,355.0,16.0,36.0
Broward-12011C027 C027 57,237.0,0.0,1.0,6.0,2.0,65.0,53.0,0.0,21.0,0.0,0.0,0.0,5.0,0.0,0.0,0.0,0.0,1.0,0.0,3.0,0.0,13.0,311.0,22.0,74.0
Broward-12011C028 C028 58,1815.0,0.0,1.0,8.0,9.0,61.0,554.0,2.0,82.0,0.0,0.0,0.0,2.0,0.0,0.0,0.0,0.0,0.0,0.0,4.0,0.0,8.0,1894.0,14.0,638.0
Broward-12011C029 C029 59,301.0,0.0,0.0,7.0,1.0,324.0,134.0,6.0,30.0,18.0,2.0,1.0,21.0,1.0,0.0,2.0,0.0,49.0,0.0,83.0,1.0,120.0,633.0,298.0,170.0
Broward-12011C030 C030 60,832.0,1.0,1.0,23.0,8.0,597.0,138.0,1.0,83.0,2.0,1.0,0.0,35.0,0.0,0.0,0.0,0.0,5.0,1.0,37.0,0.0,127.0,1462.0,208.0,222.0
Broward-12011C031 C031 61,944.0,1.0,3.0,24.0,12.0,536.0,180.0,7.0,79.0,1.0,0.0,0.0,15.0,0.0,0.0,0.0,0.0,8.0,2.0,44.0,0.0,108.0,1520.0,178.0,266.0
Broward-12011C032 C032 62,256.0,0.0,0.0,3.0,2.0,41.0,33.0,0.0,10.0,0.0,0.0,0.0,1.0,0.0,0.0,0.0,0.0,0.0,0.0,3.0,0.0,4.0,302.0,8.0,43.0
Broward-12011C033 C033 63,369.0,3.0,3.0,8.0,7.0,195.0,49.0,0.0,38.0,0.0,0.0,0.0,5.0,0.0,0.0,0.0,0.0,2.0,1.0,8.0,0.0,40.0,585.0,56.0,87.0
Broward-12011C034 C034 64,1082.0,2.0,1.0,22.0,10.0,609.0,152.0,3.0,74.0,1.0,3.0,0.0,27.0,0.0,0.0,0.0,0.0,11.0,1.0,40.0,0.0,123.0,1726.0,206.0,229.0
Broward-12011C035 C035 65,833.0,0.0,0.0,4.0,7.0,115.0,115.0,1.0,35.0,1.0,0.0,0.0,4.0,1.0,0.0,0.0,0.0,3.0,0.0,11.0,0.0,18.0,959.0,38.0,151.0
Broward-12011C036 C036 66,189.0,0.0,2.0,2.0,2.0,53.0,35.0,0.0,4.0,1.0,0.0,0.0,3.0,0.0,0.0,0.0,0.0,2.0,0.0,3.0,0.0,5.0,248.0,14.0,39.0
Broward-12011C037 C037 67,346.0,1.0,0.0,8.0,2.0,347.0,118.0,4.0,24.0,4.0,0.0,1.0,14.0,0.0,0.0,0.0,0.0,8.0,0.0,20.0,0.0,98.0,704.0,145.0,146.0
Broward-12011C038 C038 68,64.0,0.0,0.0,2.0,0.0,83.0,20.0,0.0,8.0,1.0,0.0,0.0,6.0,0.0,0.0,0.0,0.0,1.0,0.0,10.0,0.0,24.0,149.0,42.0,28.0
Broward-12011D001 D001 69,680.0,2.0,2.0,20.0,3.0,443.0,197.0,4.0,70.0,0.0,0.0,0.0,42.0,0.0,0.0,0.0,2.0,20.0,0.0,34.0,0.0,108.0,1150.0,206.0,271.0
Broward-12011D002 D002 70,820.0,2.0,0.0,13.0,10.0,338.0,205.0,6.0,79.0,3.0,0.0,0.0,15.0,0.0,0.0,0.0,1.0,11.0,0.0,22.0,0.0,73.0,1183.0,125.0,290.0
Broward-12011D003 D003 71,795.0,2.0,0.0,21.0,11.0,506.0,284.0,3.0,116.0,2.0,2.0,1.0,27.0,1.0,0.0,0.0,0.0,20.0,0.0,80.0,0.0,129.0,1335.0,262.0,403.0
Broward-12011D004 D004 72,706.0,2.0,0.0,14.0,3.0,303.0,241.0,5.0,86.0,2.0,1.0,0.0,21.0,0.0,0.0,0.0,0.0,9.0,0.0,31.0,1.0,67.0,1028.0,132.0,332.0
Broward-12011D005 D005 73,1309.0,0.0,2.0,18.0,13.0,243.0,340.0,5.0,102.0,1.0,0.0,0.0,18.0,0.0,0.0,0.0,0.0,9.0,0.0,25.0,0.0,48.0,1585.0,101.0,447.0
Broward-12011D006 D006 74,733.0,0.0,1.0,20.0,6.0,376.0,254.0,4.0,92.0,2.0,1.0,0.0,16.0,0.0,0.0,0.0,1.0,12.0,0.0,37.0,0.0,90.0,1136.0,159.0,350.0
Broward-12011D007 D007 75,698.0,1.0,1.0,7.0,3.0,82.0,209.0,1.0,42.0,1.0,0.0,0.0,2.0,0.0,0.0,0.0,0.0,1.0,0.0,10.0,0.0,14.0,792.0,28.0,252.0
Broward-12011D008 D008 76,756.0,1.0,0.0,22.0,2.0,395.0,193.0,8.0,91.0,5.0,2.0,0.0,18.0,1.0,0.0,0.0,0.0,13.0,1.0,38.0,0.0,94.0,1176.0,172.0,292.0
Broward-12011D009 D009 77,1673.0,1.0,2.0,21.0,23.0,265.0,480.0,6.0,152.0,2.0,0.0,0.0,9.0,1.0,0.0,0.0,1.0,11.0,0.0,17.0,0.0,40.0,1985.0,81.0,638.0
Broward-12011D010 D010 78,421.0,1.0,0.0,6.0,1.0,97.0,71.0,0.0,28.0,0.0,0.0,0.0,3.0,0.0,0.0,0.0,0.0,0.0,0.0,4.0,0.0,21.0,526.0,28.0,99.0
Broward-12011D011 D011 79,179.0,0.0,0.0,1.0,0.0,27.0,54.0,0.0,15.0,1.0,0.0,0.0,1.0,0.0,0.0,0.0,0.0,0.0,0.0,3.0,0.0,6.0,207.0,11.0,69.0
Broward-12011D012 D012 80,344.0,0.0,0.0,2.0,2.0,50.0,108.0,1.0,30.0,0.0,0.0,0.0,3.0,0.0,0.0,0.0,0.0,0.0,1.0,3.0,0.0,8.0,398.0,15.0,139.0
Broward-12011D013 D013 81,828.0,4.0,1.0,11.0,2.0,186.0,246.0,2.0,59.0,0.0,1.0,0.0,7.0,0.0,0.0,0.0,0.0,5.0,0.0,12.0,0.0,44.0,1032.0,69.0,307.0
Broward-12011D014 D014 82,632.0,0.0,0.0,13.0,5.0,331.0,125.0,0.0,60.0,3.0,0.0,0.0,18.0,0.0,0.0,0.0,0.0,5.0,0.0,35.0,0.0,68.0,981.0,129.0,185.0
Broward-12011D015 D015 83,902.0,1.0,1.0,21.0,8.0,516.0,212.0,7.0,115.0,3.0,0.0,0.0,24.0,0.0,0.0,0.0,1.0,25.0,2.0,56.0,0.0,85.0,1449.0,196.0,334.0
Broward-12011D016 D016 84,1401.0,4.0,1.0,33.0,14.0,815.0,276.0,8.0,171.0,2.0,0.0,0.0,43.0,0.0,0.0,0.0,1.0,13.0,0.0,85.0,0.0,131.0,2268.0,275.0,455.0
Broward-12011E001 E001 85,310.0,1.0,0.0,4.0,3.0,51.0,67.0,0.0,15.0,1.0,1.0,0.0,2.0,0.0,0.0,0.0,0.0,0.0,0.0,5.0,0.0,8.0,369.0,17.0,82.0
Broward-12011E002 E002 86,966.0,1.0,1.0,25.0,16.0,382.0,144.0,2.0,83.0,5.0,3.0,2.0,25.0,1.0,0.0,1.0,0.0,9.0,0.0,24.0,0.0,73.0,1391.0,143.0,229.0
Broward-12011E003 E003 87,770.0,0.0,1.0,24.0,13.0,705.0,136.0,6.0,97.0,4.0,2.0,0.0,48.0,0.0,0.0,0.0,0.0,22.0,0.0,80.0,0.0,159.0,1513.0,315.0,239.0
Broward-12011E004 E004 88,1772.0,5.0,1.0,42.0,23.0,810.0,319.0,2.0,153.0,1.0,1.0,0.0,42.0,0.0,0.0,0.0,0.0,12.0,0.0,85.0,1.0,182.0,2653.0,324.0,474.0
Broward-12011E005 E005 89,1167.0,2.0,1.0,23.0,9.0,496.0,212.0,2.0,127.0,4.0,1.0,0.0,31.0,0.0,0.0,0.0,0.0,7.0,0.0,39.0,0.0,115.0,1698.0,197.0,341.0
Broward-12011E006 E006 90,1976.0,3.0,4.0,49.0,17.0,1313.0,410.0,3.0,216.0,5.0,2.0,0.0,67.0,0.0,0.0,0.0,0.0,49.0,1.0,141.0,0.0,324.0,3362.0,589.0,629.0
Broward-12011E007 E007 91,1799.0,8.0,1.0,53.0,24.0,988.0,393.0,4.0,211.0,6.0,1.0,0.0,60.0,1.0,1.0,0.0,1.0,26.0,0.0,91.0,0.0,206.0,2873.0,393.0,608.0
Broward-12011E008 E008 92,1391.0,5.0,3.0,34.0,13.0,710.0,246.0,1.0,147.0,4.0,2.0,1.0,40.0,0.0,0.0,0.0,0.0,10.0,0.0,63.0,0.0,126.0,2156.0,246.0,394.0
Broward-12011E009 E009 93,691.0,0.0,2.0,23.0,3.0,489.0,153.0,6.0,80.0,3.0,0.0,0.0,21.0,0.0,0.0,0.0,0.0,13.0,0.0,60.0,0.0,138.0,1208.0,235.0,239.0
Broward-12011E010 E010 94,1835.0,11.0,1.0,43.0,22.0,1087.0,356.0,6.0,192.0,4.0,3.0,0.0,68.0,0.0,0.0,0.0,0.0,36.0,2.0,124.0,0.0,218.0,2999.0,455.0,554.0
Broward-12011E011 E011 95,1524.0,0.0,1.0,21.0,17.0,862.0,268.0,5.0,109.0,2.0,3.0,0.0,66.0,0.0,0.0,0.0,0.0,23.0,1.0,76.0,0.0,159.0,2425.0,330.0,382.0
Broward-12011E012 E012 96,780.0,4.0,1.0,16.0,16.0,302.0,99.0,1.0,76.0,0.0,0.0,0.0,18.0,0.0,0.0,0.0,0.0,5.0,0.0,32.0,0.0,50.0,1119.0,105.0,176.0
Broward-12011E013 E013 97,1115.0,4.0,2.0,41.0,11.0,686.0,242.0,1.0,142.0,3.0,1.0,0.0,46.0,0.0,0.0,0.0,0.0,23.0,1.0,78.0,0.0,144.0,1859.0,296.0,385.0
Broward-12011E014 E014 98,1498.0,1.0,1.0,33.0,9.0,1227.0,314.0,5.0,161.0,5.0,3.0,1.0,76.0,0.0,1.0,0.0,1.0,32.0,0.0,126.0,0.0,289.0,2769.0,534.0,480.0
Broward-12011E015 E015 99,619.0,0.0,0.0,15.0,8.0,520.0,177.0,1.0,87.0,0.0,1.0,0.0,33.0,0.0,0.0,0.0,0.0,17.0,0.0,53.0,0.0,92.0,1162.0,196.0,265.0
Broward-12011E016 E016 100,715.0,1.0,1.0,21.0,12.0,526.0,163.0,2.0,63.0,1.0,2.0,0.0,38.0,0.0,0.0,0.0,0.0,20.0,0.0,58.0,0.0,102.0,1276.0,221.0,228.0
Broward-12011E017 E017 101,1389.0,3.0,3.0,27.0,11.0,849.0,302.0,5.0,136.0,1.0,5.0,0.0,47.0,0.0,0.0,0.0,0.0,29.0,2.0,85.0,0.0,175.0,2282.0,344.0,443.0
Broward-12011E018 E018 102,435.0,3.0,0.0,8.0,3.0,408.0,101.0,4.0,53.0,2.0,0.0,0.0,35.0,1.0,0.0,1.0,0.0,16.0,0.0,59.0,0.0,102.0,857.0,216.0,158.0
Broward-12011E019 E019 103,913.0,2.0,0.0,20.0,7.0,416.0,175.0,2.0,84.0,1.0,1.0,0.0,30.0,1.0,0.0,0.0,0.0,16.0,0.0,44.0,0.0,80.0,1358.0,173.0,261.0
Broward-12011E020 E020 104,1688.0,4.0,3.0,34.0,18.0,825.0,355.0,4.0,151.0,3.0,1.0,1.0,43.0,1.0,0.0,0.0,0.0,15.0,0.0,75.0,0.0,164.0,2572.0,303.0,510.0
Broward-12011E021 E021 105,860.0,0.0,2.0,24.0,8.0,517.0,140.0,0.0,86.0,2.0,4.0,0.0,26.0,1.0,0.0,0.0,0.0,9.0,0.0,55.0,0.0,104.0,1411.0,201.0,226.0
Broward-12011E022 E022 106,1309.0,1.0,1.0,35.0,13.0,954.0,315.0,2.0,150.0,1.0,1.0,3.0,55.0,1.0,0.0,0.0,0.0,35.0,0.0,108.0,0.0,206.0,2313.0,410.0,467.0
Broward-12011E023 E023 107,855.0,2.0,0.0,24.0,12.0,619.0,199.0,2.0,100.0,0.0,0.0,0.0,17.0,0.0,0.0,0.0,0.0,26.0,0.0,81.0,0.0,140.0,1512.0,264.0,301.0
Broward-12011E024 E024 108,1656.0,3.0,1.0,29.0,12.0,961.0,343.0,1.0,146.0,2.0,1.0,0.0,38.0,0.0,0.0,0.0,0.0,30.0,0.0,105.0,0.0,195.0,2662.0,371.0,490.0
Broward-12011E025 E025 109,583.0,2.0,0.0,14.0,10.0,292.0,100.0,3.0,61.0,0.0,0.0,0.0,25.0,0.0,0.0,0.0,0.0,10.0,0.0,18.0,0.0,63.0,901.0,116.0,164.0
Broward-12011E026 E026 110,848.0,1.0,0.0,17.0,7.0,492.0,182.0,4.0,75.0,1.0,2.0,0.0,18.0,0.0,0.0,0.0,0.0,15.0,0.0,66.0,0.0,91.0,1365.0,193.0,261.0
Broward-12011E027 E027 111,1678.0,1.0,2.0,44.0,14.0,887.0,304.0,4.0,176.0,2.0,2.0,1.0,61.0,0.0,0.0,0.0,0.0,34.0,1.0,90.0,0.0,184.0,2626.0,375.0,484.0
Broward-12011E028 E028 112,929.0,3.0,1.0,19.0,8.0,348.0,229.0,4.0,83.0,2.0,3.0,0.0,18.0,0.0,0.0,0.0,0.0,8.0,1.0,32.0,0.0,57.0,1308.0,121.0,316.0
Broward-12011E029 E029 113,712.0,2.0,0.0,14.0,6.0,189.0,113.0,2.0,60.0,1.0,0.0,0.0,4.0,0.0,0.0,0.0,0.0,3.0,0.0,17.0,0.0,17.0,923.0,42.0,175.0
Broward-12011E030 E030 114,368.0,0.0,1.0,0.0,5.0,77.0,47.0,0.0,22.0,0.0,0.0,0.0,5.0,0.0,0.0,0.0,0.0,0.0,0.0,6.0,0.0,9.0,451.0,20.0,69.0
Broward-12011E031 E031 115,910.0,0.0,2.0,16.0,8.0,658.0,199.0,1.0,87.0,1.0,0.0,0.0,32.0,0.0,0.0,0.0,0.0,19.0,0.0,82.0,0.0,150.0,1594.0,284.0,287.0
Broward-12011E032 E032 116,1007.0,4.0,0.0,25.0,11.0,618.0,190.0,1.0,95.0,6.0,1.0,0.0,37.0,0.0,0.0,0.0,0.0,23.0,2.0,70.0,1.0,122.0,1665.0,262.0,286.0
Broward-12011E033 E033 117,911.0,2.0,1.0,25.0,5.0,585.0,197.0,2.0,85.0,2.0,0.0,0.0,30.0,0.0,0.0,0.0,0.0,14.0,0.0,44.0,1.0,136.0,1529.0,227.0,284.0
Broward-12011E034 E034 118,404.0,1.0,0.0,23.0,2.0,296.0,75.0,3.0,42.0,0.0,0.0,0.0,18.0,0.0,0.0,0.0,0.0,7.0,0.0,49.0,0.0,71.0,726.0,145.0,120.0
Broward-12011F001 F001 119,856.0,2.0,0.0,34.0,20.0,744.0,183.0,7.0,125.0,4.0,0.0,0.0,72.0,0.0,0.0,0.0,0.0,13.0,0.0,56.0,1.0,157.0,1656.0,303.0,315.0
Broward-12011F002 F002 120,737.0,1.0,0.0,12.0,6.0,337.0,180.0,0.0,70.0,0.0,1.0,0.0,20.0,0.0,0.0,0.0,0.0,10.0,2.0,27.0,0.0,73.0,1093.0,133.0,250.0
Broward-12011F003 F003 121,703.0,2.0,0.0,16.0,5.0,349.0,163.0,4.0,76.0,2.0,1.0,1.0,19.0,0.0,0.0,0.0,0.0,8.0,0.0,31.0,0.0,61.0,1075.0,123.0,243.0
Broward-12011F004 F004 122,2438.0,1.0,3.0,26.0,14.0,1168.0,1043.0,16.0,263.0,2.0,2.0,1.0,35.0,1.0,0.0,0.0,0.0,28.0,0.0,90.0,1.0,269.0,3650.0,429.0,1322.0
Broward-12011F005 F005 123,1835.0,5.0,3.0,52.0,19.0,1180.0,366.0,10.0,163.0,4.0,1.0,0.0,71.0,0.0,0.0,0.0,0.0,33.0,1.0,84.0,0.0,276.0,3094.0,470.0,539.0
Broward-12011F006 F006 124,1186.0,3.0,2.0,23.0,17.0,537.0,209.0,1.0,121.0,3.0,3.0,0.0,35.0,1.0,0.0,0.0,0.0,9.0,1.0,61.0,0.0,107.0,1768.0,220.0,331.0
Broward-12011F007 F007 125,1301.0,4.0,2.0,26.0,7.0,664.0,236.0,2.0,91.0,3.0,0.0,0.0,25.0,0.0,0.0,0.0,0.0,11.0,0.0,61.0,0.0,105.0,2004.0,205.0,329.0
Broward-12011F008 F008 126,1113.0,1.0,0.0,24.0,19.0,551.0,314.0,3.0,116.0,2.0,1.0,0.0,42.0,0.0,0.0,0.0,0.0,27.0,0.0,56.0,0.0,110.0,1708.0,238.0,433.0
Broward-12011F009 F009 127,1067.0,1.0,0.0,22.0,5.0,440.0,247.0,3.0,106.0,1.0,0.0,0.0,27.0,0.0,0.0,0.0,0.0,9.0,0.0,49.0,0.0,85.0,1535.0,171.0,356.0
Broward-12011F010 F010 128,1238.0,1.0,1.0,42.0,21.0,671.0,223.0,5.0,102.0,6.0,2.0,0.0,30.0,0.0,0.0,0.0,0.0,16.0,0.0,63.0,0.0,130.0,1974.0,247.0,330.0
Broward-12011F011 F011 129,500.0,0.0,1.0,13.0,11.0,429.0,93.0,2.0,55.0,2.0,2.0,0.0,18.0,0.0,0.0,0.0,2.0,4.0,0.0,40.0,0.0,102.0,954.0,170.0,150.0
Broward-12011F012 F012 130,1677.0,6.0,3.0,48.0,6.0,1222.0,318.0,9.0,179.0,2.0,5.0,0.0,48.0,0.0,0.0,0.0,0.0,20.0,2.0,80.0,0.0,238.0,2962.0,395.0,506.0
Broward-12011F013 F013 131,512.0,5.0,0.0,15.0,2.0,297.0,110.0,1.0,67.0,0.0,3.0,0.0,5.0,0.0,0.0,0.0,0.0,8.0,3.0,17.0,0.0,55.0,831.0,91.0,178.0
Broward-12011F014 F014 132,755.0,2.0,0.0,14.0,12.0,363.0,137.0,2.0,62.0,1.0,1.0,0.0,17.0,0.0,0.0,0.0,0.0,8.0,0.0,25.0,0.0,68.0,1146.0,120.0,201.0
Broward-12011G001 G001 133,1063.0,1.0,1.0,22.0,8.0,335.0,244.0,1.0,78.0,1.0,0.0,1.0,24.0,1.0,0.0,0.0,0.0,6.0,1.0,32.0,0.0,65.0,1430.0,131.0,323.0
Broward-12011G002 G002 134,1279.0,2.0,1.0,30.0,18.0,865.0,249.0,12.0,121.0,7.0,1.0,1.0,55.0,1.0,0.0,0.0,1.0,19.0,0.0,74.0,0.0,187.0,2195.0,346.0,382.0
Broward-12011G003 G003 135,1128.0,4.0,1.0,25.0,9.0,616.0,212.0,3.0,82.0,3.0,0.0,0.0,27.0,0.0,1.0,0.0,0.0,9.0,0.0,40.0,0.0,122.0,1783.0,202.0,297.0
Broward-12011G004 G004 136,1393.0,2.0,1.0,25.0,4.0,735.0,349.0,6.0,121.0,0.0,2.0,1.0,33.0,0.0,0.0,0.0,0.0,11.0,0.0,59.0,0.0,165.0,2160.0,271.0,476.0
Broward-12011G005 G005 137,919.0,1.0,0.0,14.0,4.0,389.0,171.0,1.0,78.0,0.0,2.0,0.0,22.0,0.0,0.0,0.0,0.0,4.0,0.0,38.0,0.0,76.0,1327.0,142.0,250.0
Broward-12011G006 G006 138,1454.0,6.0,3.0,29.0,14.0,756.0,312.0,3.0,141.0,2.0,2.0,0.0,31.0,0.0,0.0,0.0,2.0,11.0,1.0,50.0,1.0,149.0,2262.0,249.0,456.0
Broward-12011G007 G007 139,304.0,0.0,0.0,6.0,0.0,139.0,52.0,1.0,22.0,1.0,1.0,0.0,9.0,0.0,0.0,0.0,0.0,1.0,0.0,16.0,0.0,24.0,449.0,52.0,75.0
Broward-12011G008 G008 140,1697.0,0.0,3.0,30.0,12.0,439.0,378.0,3.0,112.0,3.0,1.0,1.0,28.0,0.0,0.0,0.0,0.0,6.0,0.0,38.0,0.0,79.0,2181.0,156.0,493.0
Broward-12011G009 G009 141,526.0,0.0,0.0,5.0,3.0,92.0,98.0,0.0,31.0,0.0,2.0,0.0,6.0,0.0,0.0,0.0,0.0,2.0,0.0,9.0,0.0,21.0,626.0,40.0,129.0
Broward-12011G010 G010 142,869.0,0.0,2.0,25.0,11.0,715.0,229.0,7.0,108.0,4.0,3.0,0.0,35.0,0.0,0.0,0.0,0.0,20.0,0.0,57.0,1.0,126.0,1622.0,246.0,344.0
Broward-12011G011 G011 143,1049.0,4.0,0.0,28.0,7.0,520.0,214.0,4.0,91.0,2.0,0.0,0.0,27.0,0.0,0.0,0.0,0.0,13.0,0.0,41.0,0.0,104.0,1608.0,187.0,309.0
Broward-12011G012 G012 144,871.0,2.0,1.0,12.0,3.0,425.0,200.0,3.0,62.0,3.0,2.0,0.0,17.0,0.0,0.0,0.0,0.0,10.0,0.0,27.0,0.0,66.0,1314.0,125.0,265.0
Broward-12011G013 G013 145,502.0,2.0,0.0,5.0,1.0,131.0,83.0,2.0,32.0,0.0,2.0,0.0,11.0,0.0,0.0,0.0,0.0,2.0,0.0,9.0,0.0,36.0,641.0,60.0,117.0
Broward-12011G014 G014 146,1081.0,3.0,0.0,15.0,14.0,511.0,225.0,2.0,90.0,1.0,1.0,0.0,29.0,0.0,0.0,0.0,0.0,4.0,0.0,33.0,0.0,87.0,1624.0,155.0,317.0
Broward-12011G015 G015 147,944.0,0.0,2.0,13.0,3.0,413.0,301.0,4.0,84.0,2.0,3.0,0.0,20.0,0.0,0.0,0.0,0.0,10.0,0.0,49.0,0.0,100.0,1375.0,184.0,389.0
Broward-12011G016 G016 148,1627.0,1.0,5.0,23.0,14.0,845.0,383.0,5.0,152.0,2.0,2.0,1.0,37.0,0.0,0.0,0.0,0.0,19.0,0.0,79.0,0.0,167.0,2515.0,307.0,540.0
Broward-12011H001 H001 149,1559.0,4.0,0.0,11.0,8.0,245.0,293.0,3.0,94.0,1.0,0.0,0.0,18.0,0.0,0.0,0.0,0.0,4.0,0.0,17.0,0.0,32.0,1827.0,72.0,390.0
Broward-12011H002 H002 150,652.0,2.0,0.0,1.0,4.0,59.0,134.0,0.0,33.0,0.0,0.0,0.0,3.0,0.0,0.0,0.0,0.0,1.0,0.0,8.0,0.0,13.0,718.0,25.0,167.0
Broward-12011H003 H003 151,2044.0,4.0,2.0,27.0,22.0,265.0,403.0,1.0,137.0,1.0,0.0,0.0,21.0,0.0,0.0,0.0,0.0,8.0,0.0,17.0,0.0,35.0,2364.0,82.0,541.0
Broward-12011H004 H004 152,814.0,3.0,0.0,11.0,5.0,129.0,145.0,4.0,47.0,0.0,1.0,0.0,11.0,0.0,0.0,0.0,0.0,3.0,1.0,9.0,0.0,33.0,962.0,58.0,196.0
Broward-12011H005 H005 153,1880.0,0.0,1.0,12.0,13.0,187.0,316.0,4.0,95.0,0.0,1.0,0.0,6.0,0.0,0.0,1.0,0.0,3.0,0.0,16.0,0.0,25.0,2093.0,52.0,415.0
Broward-12011H006 H006 154,1085.0,0.0,3.0,10.0,7.0,214.0,255.0,1.0,78.0,2.0,0.0,0.0,12.0,0.0,1.0,0.0,0.0,3.0,0.0,22.0,0.0,38.0,1319.0,78.0,334.0
Broward-12011H007 H007 155,1286.0,0.0,0.0,5.0,6.0,198.0,258.0,0.0,61.0,2.0,0.0,0.0,10.0,0.0,0.0,0.0,0.0,4.0,0.0,12.0,0.0,34.0,1495.0,62.0,319.0
Broward-12011H008 H008 156,1011.0,3.0,2.0,14.0,6.0,176.0,223.0,1.0,77.0,1.0,0.0,0.0,13.0,1.0,0.0,0.0,0.0,2.0,0.0,14.0,0.0,20.0,1212.0,51.0,301.0
Broward-12011H009 H009 157,585.0,1.0,1.0,10.0,3.0,103.0,112.0,3.0,37.0,0.0,0.0,0.0,5.0,0.0,0.0,0.0,0.0,0.0,0.0,5.0,0.0,17.0,703.0,27.0,152.0
Broward-12011H010 H010 158,207.0,0.0,0.0,1.0,2.0,39.0,13.0,0.0,12.0,0.0,0.0,0.0,2.0,0.0,0.0,0.0,0.0,0.0,0.0,4.0,0.0,6.0,249.0,12.0,25.0
Broward-12011H011 H011 159,1453.0,3.0,2.0,13.0,10.0,303.0,229.0,5.0,78.0,3.0,1.0,0.0,16.0,1.0,0.0,0.0,0.0,1.0,0.0,24.0,0.0,38.0,1784.0,84.0,312.0
Broward-12011J001 J001 160,877.0,2.0,1.0,15.0,6.0,324.0,238.0,0.0,68.0,1.0,5.0,0.0,21.0,0.0,0.0,1.0,0.0,7.0,1.0,36.0,0.0,68.0,1225.0,140.0,306.0
Broward-12011J002 J002 161,857.0,2.0,2.0,21.0,6.0,367.0,196.0,4.0,101.0,1.0,0.0,0.0,20.0,0.0,0.0,1.0,1.0,4.0,0.0,25.0,0.0,59.0,1255.0,111.0,301.0
Broward-12011J003 J003 162,800.0,5.0,1.0,11.0,11.0,462.0,274.0,1.0,86.0,1.0,0.0,2.0,23.0,0.0,0.0,0.0,0.0,8.0,1.0,37.0,0.0,89.0,1290.0,161.0,361.0
Broward-12011J004 J004 163,1079.0,4.0,3.0,28.0,10.0,341.0,210.0,3.0,77.0,1.0,1.0,1.0,22.0,0.0,0.0,0.0,0.0,3.0,0.0,30.0,1.0,53.0,1465.0,112.0,290.0
Broward-12011J005 J005 164,926.0,3.0,1.0,12.0,9.0,291.0,209.0,2.0,63.0,0.0,2.0,0.0,14.0,0.0,0.0,0.0,0.0,4.0,0.0,28.0,0.0,39.0,1242.0,87.0,274.0
Broward-12011J006 J006 165,408.0,1.0,0.0,7.0,5.0,143.0,128.0,2.0,36.0,3.0,0.0,0.0,9.0,0.0,0.0,0.0,0.0,4.0,0.0,18.0,1.0,31.0,564.0,66.0,166.0
Broward-12011J007 J007 166,1100.0,1.0,2.0,12.0,6.0,315.0,268.0,2.0,74.0,4.0,0.0,0.0,8.0,0.0,0.0,0.0,0.0,6.0,1.0,33.0,0.0,45.0,1436.0,97.0,344.0
Broward-12011J008 J008 167,242.0,0.0,0.0,3.0,0.0,112.0,99.0,0.0,23.0,1.0,0.0,0.0,11.0,0.0,0.0,0.0,0.0,4.0,0.0,12.0,0.0,36.0,357.0,64.0,122.0
Broward-12011J009 J009 168,825.0,0.0,3.0,2.0,10.0,359.0,300.0,1.0,75.0,3.0,1.0,0.0,15.0,0.0,0.0,0.0,0.0,9.0,0.0,37.0,0.0,67.0,1199.0,132.0,376.0
Broward-12011J010 J010 169,785.0,1.0,0.0,28.0,9.0,331.0,176.0,3.0,64.0,2.0,1.0,0.0,12.0,0.0,0.0,0.0,0.0,4.0,0.0,26.0,0.0,75.0,1154.0,120.0,243.0
Broward-12011J011 J011 170,1581.0,1.0,2.0,26.0,31.0,628.0,347.0,6.0,124.0,2.0,2.0,0.0,25.0,0.0,0.0,0.0,0.0,9.0,0.0,42.0,0.0,102.0,2269.0,182.0,477.0
Broward-12011J012 J012 171,2572.0,1.0,0.0,39.0,18.0,834.0,950.0,8.0,274.0,7.0,2.0,2.0,34.0,0.0,0.0,0.0,0.0,25.0,0.0,77.0,0.0,167.0,3464.0,314.0,1232.0
Broward-12011J013 J013 172,1045.0,0.0,2.0,10.0,8.0,306.0,252.0,2.0,64.0,3.0,3.0,0.0,15.0,0.0,0.0,0.0,1.0,6.0,1.0,16.0,1.0,49.0,1371.0,95.0,318.0
Broward-12011J014 J014 173,761.0,2.0,0.0,7.0,2.0,375.0,319.0,7.0,58.0,1.0,1.0,0.0,24.0,0.0,0.0,0.0,0.0,4.0,0.0,61.0,1.0,88.0,1147.0,180.0,384.0
Broward-12011J015 J015 174,818.0,1.0,1.0,15.0,13.0,386.0,250.0,3.0,66.0,0.0,2.0,1.0,21.0,0.0,0.0,0.0,0.0,20.0,0.0,43.0,1.0,93.0,1234.0,181.0,319.0
Broward-12011J016 J016 175,386.0,0.0,1.0,6.0,7.0,104.0,73.0,1.0,30.0,0.0,0.0,0.0,5.0,0.0,0.0,0.0,0.0,3.0,0.0,9.0,0.0,21.0,504.0,38.0,104.0
Broward-12011J017 J017 176,1050.0,1.0,2.0,13.0,12.0,179.0,255.0,0.0,83.0,0.0,2.0,0.0,12.0,0.0,0.0,1.0,0.0,5.0,1.0,16.0,0.0,31.0,1257.0,68.0,338.0
Broward-12011J018 J018 177,1081.0,0.0,3.0,20.0,11.0,428.0,261.0,2.0,96.0,2.0,2.0,0.0,15.0,0.0,0.0,0.0,0.0,10.0,1.0,34.0,1.0,90.0,1543.0,155.0,359.0
Broward-12011J019 J019 178,1907.0,6.0,7.0,31.0,26.0,743.0,404.0,4.0,175.0,5.0,2.0,0.0,28.0,0.0,0.0,1.0,0.0,16.0,0.0,63.0,1.0,137.0,2720.0,253.0,583.0
Broward-12011J020 J020 179,670.0,2.0,0.0,6.0,6.0,166.0,181.0,4.0,36.0,0.0,4.0,0.0,11.0,0.0,0.0,0.0,0.0,7.0,0.0,22.0,0.0,31.0,850.0,75.0,221.0
Broward-12011J021 J021 180,1194.0,2.0,1.0,20.0,9.0,572.0,309.0,4.0,111.0,1.0,1.0,1.0,28.0,0.0,0.0,0.0,0.0,15.0,0.0,56.0,0.0,111.0,1798.0,213.0,424.0
Broward-12011J022 J022 181,1175.0,1.0,0.0,11.0,2.0,409.0,588.0,4.0,144.0,3.0,2.0,0.0,13.0,0.0,0.0,0.0,0.0,9.0,1.0,38.0,0.0,82.0,1598.0,148.0,736.0
Broward-12011J023 J023 182,684.0,2.0,1.0,19.0,5.0,369.0,143.0,2.0,69.0,3.0,0.0,0.0,21.0,0.0,0.0,0.0,0.0,4.0,0.0,24.0,0.0,54.0,1080.0,106.0,214.0
Broward-12011J024 J024 183,651.0,0.0,0.0,4.0,4.0,218.0,320.0,6.0,62.0,1.0,0.0,0.0,11.0,0.0,0.0,0.0,0.0,5.0,0.0,24.0,0.0,44.0,877.0,85.0,388.0
Broward-12011K001 K001 184,931.0,0.0,0.0,4.0,2.0,45.0,263.0,4.0,38.0,1.0,0.0,0.0,3.0,0.0,0.0,0.0,0.0,1.0,0.0,4.0,0.0,6.0,982.0,15.0,305.0
Broward-12011K002 K002 185,943.0,2.0,0.0,7.0,4.0,40.0,248.0,1.0,43.0,1.0,0.0,0.0,2.0,0.0,0.0,0.0,0.0,1.0,0.0,2.0,0.0,11.0,996.0,17.0,292.0
Broward-12011K003 K003 186,1775.0,0.0,0.0,8.0,10.0,111.0,605.0,2.0,73.0,0.0,0.0,0.0,4.0,1.0,0.0,0.0,0.0,1.0,0.0,11.0,0.0,15.0,1904.0,32.0,680.0
Broward-12011K004 K004 187,1433.0,1.0,1.0,6.0,16.0,67.0,359.0,2.0,46.0,1.0,0.0,0.0,7.0,0.0,0.0,0.0,0.0,1.0,0.0,7.0,0.0,13.0,1524.0,29.0,407.0
Broward-12011K005 K005 188,988.0,1.0,1.0,3.0,3.0,41.0,205.0,2.0,25.0,0.0,1.0,0.0,0.0,0.0,0.0,0.0,0.0,0.0,0.0,0.0,0.0,0.0,1037.0,1.0,232.0
Broward-12011K006 K006 189,1063.0,1.0,1.0,6.0,3.0,65.0,426.0,5.0,45.0,0.0,0.0,0.0,2.0,0.0,0.0,0.0,0.0,1.0,0.0,8.0,0.0,15.0,1139.0,26.0,476.0
Broward-12011K007 K007 190,1273.0,3.0,0.0,5.0,2.0,40.0,318.0,1.0,37.0,0.0,0.0,0.0,3.0,0.0,0.0,0.0,0.0,0.0,0.0,5.0,0.0,4.0,1323.0,12.0,356.0
Broward-12011K008 K008 191,1019.0,0.0,0.0,5.0,3.0,78.0,302.0,1.0,33.0,1.0,0.0,0.0,10.0,0.0,0.0,0.0,0.0,1.0,0.0,6.0,1.0,15.0,1105.0,34.0,336.0
Broward-12011K009 K009 192,1058.0,0.0,0.0,5.0,5.0,141.0,299.0,1.0,49.0,0.0,0.0,0.0,3.0,0.0,0.0,0.0,0.0,3.0,0.0,16.0,0.0,21.0,1209.0,43.0,349.0
Broward-12011K010 K010 193,392.0,0.0,0.0,1.0,0.0,35.0,142.0,2.0,12.0,0.0,0.0,0.0,2.0,0.0,0.0,0.0,0.0,0.0,0.0,5.0,0.0,3.0,428.0,10.0,156.0
Broward-12011K011 K011 194,1125.0,5.0,0.0,3.0,4.0,114.0,295.0,2.0,46.0,0.0,1.0,0.0,3.0,0.0,0.0,1.0,0.0,1.0,0.0,8.0,0.0,18.0,1251.0,32.0,343.0
Broward-12011L001 L001 195,2756.0,4.0,1.0,31.0,19.0,656.0,751.0,2.0,226.0,3.0,1.0,0.0,37.0,0.0,0.0,0.0,0.0,18.0,0.0,63.0,0.0,103.0,3467.0,225.0,979.0
Broward-12011L002 L002 196,906.0,0.0,0.0,3.0,1.0,36.0,295.0,0.0,41.0,1.0,1.0,0.0,1.0,0.0,0.0,0.0,0.0,0.0,0.0,3.0,0.0,6.0,946.0,12.0,336.0
Broward-12011L003 L003 197,781.0,2.0,1.0,2.0,3.0,62.0,305.0,1.0,33.0,0.0,0.0,0.0,5.0,0.0,0.0,0.0,0.0,0.0,0.0,4.0,0.0,11.0,851.0,20.0,339.0
Broward-12011L004 L004 198,3323.0,4.0,1.0,13.0,10.0,96.0,677.0,2.0,132.0,0.0,1.0,0.0,1.0,0.0,0.0,0.0,0.0,1.0,0.0,2.0,0.0,10.0,3447.0,15.0,811.0
Broward-12011L005 L005 199,1066.0,0.0,0.0,2.0,5.0,41.0,279.0,1.0,49.0,0.0,0.0,0.0,0.0,0.0,0.0,0.0,0.0,1.0,0.0,3.0,0.0,8.0,1114.0,12.0,329.0
Broward-12011L006 L006 200,2028.0,3.0,1.0,10.0,9.0,107.0,597.0,0.0,87.0,0.0,0.0,0.0,7.0,0.0,0.0,0.0,0.0,3.0,1.0,11.0,0.0,18.0,2158.0,40.0,684.0
Broward-12011L007 L007 201,703.0,2.0,1.0,6.0,4.0,99.0,236.0,0.0,46.0,0.0,1.0,0.0,8.0,0.0,0.0,0.0,0.0,6.0,0.0,11.0,0.0,15.0,815.0,41.0,282.0
Broward-12011L008 L008 202,1461.0,1.0,1.0,6.0,3.0,59.0,491.0,2.0,68.0,2.0,2.0,0.0,2.0,0.0,0.0,0.0,0.0,0.0,0.0,6.0,0.0,8.0,1531.0,20.0,561.0
Broward-12011L009 L009 203,1275.0,4.0,1.0,15.0,10.0,211.0,403.0,3.0,82.0,0.0,0.0,0.0,15.0,0.0,0.0,0.0,0.0,10.0,0.0,16.0,0.0,37.0,1516.0,78.0,488.0
Broward-12011L010 L010 204,2741.0,1.0,5.0,32.0,21.0,476.0,809.0,5.0,148.0,3.0,5.0,0.0,18.0,0.0,0.0,0.0,0.0,7.0,1.0,42.0,0.0,80.0,3276.0,156.0,962.0
Broward-12011L011 L011 205,894.0,0.0,0.0,5.0,8.0,74.0,214.0,0.0,47.0,0.0,0.0,0.0,2.0,0.0,0.0,0.0,0.0,0.0,0.0,3.0,0.0,10.0,981.0,15.0,261.0
Broward-12011L012 L012 206,876.0,1.0,1.0,4.0,8.0,35.0,241.0,0.0,22.0,0.0,1.0,0.0,1.0,0.0,0.0,2.0,0.0,3.0,0.0,3.0,0.0,4.0,925.0,14.0,263.0
Broward-12011L013 L013 207,2204.0,3.0,0.0,22.0,18.0,389.0,697.0,5.0,156.0,2.0,2.0,0.0,32.0,0.0,0.0,0.0,0.0,10.0,1.0,38.0,0.0,91.0,2636.0,176.0,858.0
Broward-12011L014 L014 208,879.0,0.0,0.0,1.0,2.0,12.0,317.0,0.0,40.0,0.0,0.0,0.0,0.0,1.0,0.0,0.0,0.0,0.0,0.0,0.0,0.0,0.0,894.0,1.0,357.0
Broward-12011L015 L015 209,651.0,0.0,0.0,2.0,2.0,7.0,284.0,1.0,38.0,0.0,0.0,0.0,0.0,1.0,0.0,0.0,0.0,0.0,0.0,1.0,0.0,0.0,662.0,2.0,323.0
Broward-12011L016 L016 210,1090.0,1.0,0.0,3.0,6.0,31.0,410.0,0.0,52.0,0.0,1.0,0.0,1.0,0.0,0.0,0.0,0.0,4.0,0.0,1.0,0.0,1.0,1131.0,8.0,462.0
Broward-12011L017 L017 211,684.0,0.0,1.0,1.0,2.0,12.0,266.0,2.0,33.0,0.0,0.0,0.0,1.0,0.0,0.0,0.0,0.0,0.0,0.0,2.0,0.0,2.0,700.0,5.0,301.0
Broward-12011L018 L018 212,1066.0,1.0,0.0,3.0,0.0,26.0,389.0,0.0,40.0,0.0,0.0,0.0,0.0,0.0,0.0,0.0,0.0,3.0,0.0,1.0,0.0,0.0,1096.0,4.0,429.0
Broward-12011L019 L019 213,379.0,0.0,0.0,3.0,1.0,13.0,94.0,0.0,16.0,0.0,0.0,0.0,1.0,0.0,0.0,0.0,0.0,0.0,0.0,1.0,0.0,3.0,396.0,5.0,110.0
Broward-12011M001 M001 214,989.0,3.0,2.0,32.0,14.0,557.0,222.0,4.0,116.0,2.0,3.0,0.0,44.0,0.0,0.0,1.0,0.0,16.0,1.0,60.0,0.0,95.0,1597.0,222.0,342.0
Broward-12011M002 M002 215,1714.0,1.0,0.0,12.0,11.0,143.0,368.0,1.0,91.0,5.0,0.0,0.0,7.0,0.0,0.0,0.0,0.0,1.0,0.0,6.0,0.0,17.0,1881.0,36.0,460.0
Broward-12011M003 M003 216,1980.0,4.0,0.0,7.0,13.0,157.0,535.0,4.0,92.0,0.0,2.0,0.0,8.0,0.0,0.0,0.0,0.0,1.0,0.0,12.0,0.0,13.0,2161.0,36.0,631.0
Broward-12011M004 M004 217,921.0,2.0,0.0,6.0,9.0,95.0,233.0,0.0,56.0,1.0,0.0,0.0,3.0,0.0,0.0,0.0,0.0,3.0,1.0,18.0,0.0,13.0,1033.0,39.0,289.0
Broward-12011M005 M005 218,979.0,0.0,0.0,11.0,6.0,226.0,286.0,0.0,82.0,0.0,0.0,0.0,12.0,0.0,0.0,0.0,0.0,9.0,0.0,37.0,0.0,51.0,1222.0,109.0,368.0
Broward-12011M006 M006 219,494.0,2.0,0.0,9.0,6.0,210.0,110.0,2.0,49.0,2.0,0.0,0.0,17.0,0.0,0.0,0.0,0.0,2.0,0.0,23.0,0.0,26.0,721.0,70.0,161.0
Broward-12011M007 M007 220,568.0,0.0,0.0,4.0,1.0,173.0,208.0,1.0,40.0,1.0,0.0,0.0,8.0,0.0,0.0,0.0,0.0,2.0,0.0,22.0,0.0,24.0,746.0,57.0,249.0
Broward-12011M008 M008 221,909.0,3.0,1.0,8.0,8.0,284.0,254.0,1.0,65.0,3.0,0.0,0.0,15.0,0.0,0.0,0.0,0.0,1.0,0.0,29.0,0.0,41.0,1213.0,89.0,320.0
Broward-12011M009 M009 222,1221.0,2.0,3.0,28.0,8.0,370.0,279.0,3.0,115.0,0.0,0.0,0.0,19.0,1.0,0.0,0.0,0.0,1.0,0.0,32.0,0.0,49.0,1632.0,102.0,397.0
Broward-12011M010 M010 223,550.0,0.0,0.0,6.0,4.0,187.0,220.0,2.0,28.0,0.0,0.0,0.0,8.0,0.0,0.0,0.0,0.0,4.0,0.0,23.0,0.0,29.0,747.0,64.0,250.0
Broward-12011M011 M011 224,550.0,2.0,0.0,7.0,6.0,186.0,91.0,3.0,69.0,1.0,0.0,0.0,9.0,0.0,0.0,0.0,0.0,2.0,0.0,12.0,1.0,39.0,751.0,64.0,163.0
Broward-12011M012 M012 225,1113.0,4.0,0.0,38.0,11.0,638.0,270.0,1.0,123.0,3.0,1.0,0.0,42.0,0.0,0.0,0.0,0.0,18.0,0.0,61.0,0.0,103.0,1804.0,228.0,394.0
Broward-12011M013 M013 226,901.0,3.0,2.0,18.0,8.0,192.0,179.0,3.0,76.0,1.0,1.0,0.0,17.0,0.0,0.0,0.0,0.0,2.0,0.0,9.0,0.0,30.0,1124.0,60.0,258.0
Broward-12011M014 M014 227,1045.0,2.0,1.0,46.0,13.0,561.0,233.0,8.0,93.0,3.0,1.0,0.0,32.0,0.0,0.0,0.0,0.0,6.0,2.0,55.0,0.0,104.0,1668.0,203.0,334.0
Broward-12011M015 M015 228,1169.0,5.0,2.0,20.0,11.0,407.0,271.0,5.0,93.0,3.0,1.0,0.0,13.0,0.0,0.0,0.0,0.0,6.0,1.0,46.0,0.0,75.0,1614.0,145.0,369.0
Broward-12011M016 M016 229,339.0,0.0,0.0,4.0,2.0,133.0,125.0,3.0,25.0,0.0,0.0,0.0,2.0,0.0,0.0,0.0,0.0,3.0,0.0,13.0,0.0,21.0,478.0,39.0,153.0
Broward-12011M017 M017 230,487.0,0.0,0.0,3.0,4.0,184.0,162.0,3.0,53.0,1.0,0.0,0.0,5.0,0.0,0.0,0.0,0.0,2.0,0.0,17.0,0.0,41.0,678.0,66.0,218.0
Broward-12011M018 M018 231,545.0,1.0,0.0,5.0,6.0,161.0,128.0,1.0,50.0,1.0,0.0,0.0,4.0,0.0,0.0,0.0,0.0,2.0,0.0,19.0,1.0,20.0,718.0,47.0,179.0
Broward-12011M019 M019 232,661.0,1.0,1.0,14.0,9.0,288.0,158.0,3.0,62.0,1.0,0.0,0.0,14.0,0.0,0.0,0.0,0.0,4.0,0.0,17.0,0.0,48.0,974.0,84.0,223.0
Broward-12011M020 M020 233,1665.0,3.0,4.0,32.0,20.0,441.0,308.0,2.0,168.0,1.0,1.0,0.0,37.0,0.0,0.0,0.0,0.0,6.0,2.0,37.0,0.0,62.0,2165.0,146.0,478.0
Broward-12011M021 M021 234,646.0,0.0,0.0,7.0,10.0,197.0,206.0,1.0,62.0,0.0,0.0,0.0,22.0,0.0,0.0,0.0,0.0,3.0,0.0,30.0,0.0,44.0,860.0,99.0,269.0
Broward-12011M022 M022 235,1103.0,1.0,2.0,23.0,8.0,501.0,191.0,0.0,95.0,4.0,0.0,0.0,34.0,0.0,0.0,1.0,0.0,13.0,0.0,69.0,0.0,85.0,1638.0,206.0,286.0
Broward-12011M023 M023 236,1227.0,0.0,0.0,6.0,6.0,435.0,535.0,5.0,107.0,3.0,1.0,0.0,19.0,0.0,0.0,0.0,0.0,7.0,0.0,59.0,0.0,82.0,1674.0,171.0,647.0
Broward-12011M024 M024 237,869.0,0.0,2.0,22.0,9.0,273.0,208.0,0.0,86.0,4.0,0.0,1.0,17.0,0.0,0.0,0.0,0.0,4.0,0.0,36.0,0.0,39.0,1175.0,101.0,294.0
Broward-12011M025 M025 238,1471.0,2.0,4.0,43.0,19.0,946.0,234.0,5.0,142.0,7.0,1.0,0.0,80.0,0.0,0.0,0.0,0.0,20.0,1.0,108.0,0.0,168.0,2485.0,385.0,381.0
Broward-12011M026 M026 239,1281.0,5.0,2.0,20.0,13.0,400.0,292.0,5.0,123.0,2.0,0.0,0.0,20.0,0.0,0.0,0.0,0.0,12.0,0.0,49.0,0.0,52.0,1721.0,135.0,420.0
Broward-12011M027 M027 240,452.0,1.0,0.0,8.0,6.0,243.0,129.0,3.0,64.0,0.0,1.0,0.0,22.0,0.0,0.0,0.0,0.0,6.0,1.0,18.0,0.0,35.0,710.0,83.0,196.0
Broward-12011M028 M028 241,1095.0,1.0,2.0,22.0,11.0,247.0,242.0,5.0,82.0,4.0,0.0,0.0,14.0,0.0,0.0,0.0,0.0,1.0,0.0,39.0,1.0,24.0,1378.0,83.0,329.0
Broward-12011M029 M029 242,859.0,1.0,1.0,28.0,12.0,518.0,213.0,6.0,104.0,2.0,0.0,0.0,27.0,2.0,0.0,0.0,0.0,9.0,0.0,38.0,0.0,81.0,1419.0,159.0,323.0
Broward-12011M030 M030 243,1892.0,6.0,3.0,56.0,23.0,923.0,375.0,2.0,167.0,2.0,6.0,0.0,76.0,0.0,0.0,0.0,0.0,24.0,0.0,116.0,0.0,180.0,2903.0,404.0,544.0
Broward-12011M031 M031 244,594.0,0.0,0.0,4.0,3.0,94.0,144.0,0.0,40.0,0.0,0.0,0.0,7.0,0.0,0.0,0.0,0.0,3.0,0.0,7.0,0.0,20.0,695.0,37.0,184.0
Broward-12011M032 M032 245,761.0,2.0,1.0,6.0,11.0,145.0,155.0,2.0,57.0,2.0,0.0,0.0,7.0,0.0,0.0,0.0,0.0,3.0,0.0,16.0,0.0,20.0,926.0,48.0,214.0
Broward-12011N001 N001 246,1245.0,4.0,0.0,8.0,6.0,156.0,330.0,3.0,80.0,2.0,1.0,0.0,12.0,1.0,0.0,0.0,0.0,4.0,0.0,9.0,0.0,24.0,1419.0,53.0,413.0
Broward-12011N002 N002 247,1300.0,1.0,0.0,11.0,4.0,129.0,334.0,1.0,97.0,4.0,1.0,0.0,10.0,0.0,0.0,0.0,0.0,4.0,0.0,18.0,0.0,23.0,1445.0,60.0,432.0
Broward-12011N003 N003 248,539.0,3.0,0.0,11.0,10.0,379.0,112.0,5.0,71.0,1.0,2.0,0.0,25.0,0.0,0.0,0.0,2.0,5.0,0.0,28.0,0.0,63.0,942.0,126.0,188.0
Broward-12011N004 N004 249,1174.0,5.0,2.0,28.0,14.0,734.0,231.0,2.0,110.0,1.0,2.0,0.0,48.0,0.0,0.0,0.0,0.0,19.0,1.0,70.0,0.0,164.0,1957.0,305.0,343.0
Broward-12011N005 N005 250,358.0,0.0,1.0,5.0,4.0,213.0,88.0,0.0,48.0,0.0,1.0,0.0,20.0,1.0,0.0,0.0,0.0,9.0,0.0,27.0,1.0,39.0,581.0,98.0,136.0
Broward-12011N006 N006 251,710.0,1.0,0.0,36.0,7.0,851.0,195.0,7.0,85.0,5.0,0.0,2.0,54.0,0.0,0.0,0.0,0.0,39.0,0.0,116.0,1.0,191.0,1605.0,408.0,287.0
Broward-12011N007 N007 252,758.0,1.0,2.0,31.0,6.0,561.0,192.0,5.0,96.0,1.0,1.0,1.0,38.0,0.0,0.0,0.0,0.0,27.0,1.0,86.0,0.0,144.0,1359.0,299.0,293.0
Broward-12011N008 N008 253,1457.0,1.0,1.0,52.0,21.0,888.0,384.0,10.0,160.0,5.0,0.0,1.0,61.0,1.0,0.0,0.0,1.0,46.0,1.0,99.0,0.0,192.0,2420.0,407.0,554.0
Broward-12011N009 N009 254,603.0,2.0,0.0,18.0,6.0,261.0,151.0,4.0,41.0,2.0,0.0,0.0,8.0,0.0,0.0,0.0,0.0,10.0,0.0,32.0,0.0,47.0,890.0,99.0,196.0
Broward-12011N010 N010 255,722.0,1.0,0.0,19.0,7.0,537.0,207.0,5.0,97.0,3.0,1.0,1.0,33.0,0.0,0.0,0.0,0.0,30.0,1.0,63.0,0.0,121.0,1286.0,253.0,309.0
Broward-12011N011 N011 256,524.0,0.0,0.0,31.0,8.0,582.0,167.0,4.0,73.0,3.0,2.0,0.0,46.0,0.0,0.0,0.0,0.0,42.0,0.0,87.0,0.0,137.0,1145.0,317.0,244.0
Broward-12011N012 N012 257,917.0,0.0,1.0,15.0,18.0,359.0,222.0,1.0,95.0,1.0,0.0,0.0,17.0,0.0,0.0,0.0,0.0,15.0,0.0,42.0,0.0,75.0,1310.0,150.0,318.0
Broward-12011N013 N013 258,668.0,4.0,0.0,9.0,5.0,330.0,181.0,2.0,70.0,1.0,0.0,0.0,19.0,1.0,0.0,0.0,0.0,16.0,0.0,37.0,0.0,84.0,1016.0,158.0,253.0
Broward-12011N014 N014 259,1381.0,3.0,2.0,26.0,14.0,410.0,291.0,3.0,125.0,1.0,0.0,0.0,31.0,0.0,0.0,0.0,0.0,9.0,0.0,37.0,0.0,70.0,1836.0,148.0,419.0
Broward-12011N015 N015 260,1905.0,3.0,3.0,33.0,13.0,946.0,665.0,9.0,218.0,4.0,2.0,1.0,55.0,2.0,1.0,0.0,0.0,32.0,1.0,106.0,0.0,206.0,2903.0,410.0,892.0
Broward-12011N016 N016 261,731.0,1.0,3.0,18.0,8.0,598.0,154.0,1.0,72.0,2.0,1.0,0.0,23.0,0.0,0.0,0.0,0.0,30.0,0.0,71.0,0.0,154.0,1359.0,281.0,227.0
Broward-12011N017 N017 262,945.0,1.0,1.0,23.0,9.0,442.0,175.0,4.0,107.0,2.0,0.0,1.0,20.0,0.0,0.0,0.0,0.0,10.0,0.0,54.0,0.0,71.0,1421.0,158.0,286.0
Broward-12011N018 N018 263,1165.0,0.0,1.0,42.0,10.0,562.0,255.0,3.0,115.0,7.0,1.0,1.0,45.0,0.0,0.0,0.0,0.0,25.0,0.0,87.0,0.0,115.0,1780.0,281.0,373.0
Broward-12011N019 N019 264,630.0,1.0,1.0,13.0,4.0,343.0,153.0,1.0,80.0,1.0,1.0,0.0,30.0,0.0,0.0,0.0,0.0,13.0,0.0,42.0,0.0,89.0,992.0,176.0,234.0
Broward-12011N020 N020 265,871.0,4.0,2.0,32.0,6.0,709.0,286.0,6.0,124.0,4.0,1.0,1.0,52.0,0.0,1.0,0.0,0.0,38.0,0.0,74.0,1.0,165.0,1624.0,337.0,416.0
Broward-12011N021 N021 266,744.0,3.0,0.0,14.0,4.0,637.0,194.0,2.0,80.0,4.0,1.0,0.0,31.0,0.0,0.0,0.0,0.0,20.0,0.0,75.0,0.0,141.0,1402.0,272.0,276.0
Broward-12011N022 N022 267,1839.0,1.0,3.0,39.0,23.0,935.0,494.0,9.0,211.0,5.0,2.0,1.0,65.0,2.0,0.0,0.0,1.0,29.0,1.0,124.0,0.0,188.0,2840.0,418.0,714.0
Broward-12011N023 N023 268,1292.0,3.0,1.0,37.0,14.0,733.0,315.0,7.0,135.0,1.0,0.0,1.0,38.0,0.0,0.0,0.0,1.0,36.0,1.0,84.0,0.0,156.0,2080.0,318.0,457.0
Broward-12011N024 N024 269,941.0,0.0,0.0,25.0,1.0,594.0,321.0,4.0,138.0,1.0,2.0,0.0,38.0,0.0,0.0,0.0,0.0,36.0,0.0,84.0,0.0,150.0,1561.0,311.0,463.0
Broward-12011N025 N025 270,1545.0,1.0,5.0,41.0,12.0,848.0,401.0,3.0,168.0,3.0,0.0,0.0,51.0,0.0,0.0,0.0,1.0,32.0,1.0,123.0,1.0,171.0,2452.0,383.0,572.0
Broward-12011N026 N026 271,1121.0,2.0,0.0,18.0,12.0,481.0,241.0,1.0,128.0,3.0,1.0,0.0,24.0,0.0,0.0,0.0,1.0,12.0,0.0,53.0,0.0,76.0,1634.0,170.0,370.0
Broward-12011N027 N027 272,219.0,0.0,0.0,7.0,2.0,190.0,63.0,2.0,28.0,1.0,0.0,0.0,7.0,0.0,0.0,0.0,0.0,13.0,0.0,36.0,0.0,45.0,418.0,102.0,93.0
Broward-12011N028 N028 273,741.0,2.0,1.0,13.0,7.0,623.0,194.0,4.0,71.0,3.0,0.0,0.0,41.0,0.0,1.0,0.0,0.0,18.0,0.0,81.0,0.0,143.0,1387.0,287.0,269.0
Broward-12011N029 N029 274,1316.0,4.0,2.0,33.0,7.0,804.0,353.0,2.0,155.0,1.0,1.0,0.0,44.0,1.0,0.0,0.0,0.0,30.0,1.0,94.0,0.0,184.0,2166.0,356.0,510.0
Broward-12011P001 P001 275,994.0,0.0,0.0,14.0,5.0,210.0,362.0,0.0,89.0,0.0,1.0,0.0,8.0,0.0,0.0,0.0,0.0,13.0,0.0,20.0,0.0,54.0,1223.0,96.0,451.0
Broward-12011P002 P002 276,942.0,0.0,0.0,11.0,7.0,196.0,375.0,3.0,83.0,1.0,1.0,0.0,9.0,0.0,0.0,0.0,0.0,23.0,0.0,24.0,0.0,55.0,1156.0,113.0,461.0
Broward-12011P003 P003 277,1307.0,2.0,1.0,19.0,10.0,369.0,447.0,5.0,144.0,2.0,1.0,0.0,26.0,0.0,0.0,0.0,0.0,27.0,1.0,41.0,0.0,87.0,1708.0,185.0,596.0
Broward-12011P004 P004 278,884.0,2.0,0.0,10.0,8.0,251.0,362.0,1.0,99.0,0.0,0.0,0.0,11.0,0.0,0.0,0.0,0.0,14.0,0.0,22.0,0.0,71.0,1155.0,118.0,462.0
Broward-12011P005 P005 279,550.0,1.0,1.0,15.0,3.0,261.0,165.0,3.0,57.0,5.0,1.0,0.0,15.0,1.0,1.0,0.0,0.0,24.0,0.0,30.0,0.0,82.0,831.0,159.0,225.0
Broward-12011P006 P006 280,615.0,0.0,0.0,8.0,5.0,227.0,302.0,6.0,53.0,2.0,0.0,0.0,10.0,1.0,0.0,0.0,0.0,12.0,0.0,31.0,0.0,68.0,855.0,124.0,361.0
Broward-12011Q010 Q010 281,498.0,0.0,1.0,16.0,3.0,709.0,160.0,4.0,72.0,7.0,0.0,0.0,29.0,0.0,0.0,0.0,1.0,42.0,1.0,84.0,0.0,258.0,1227.0,422.0,236.0
Broward-12011Q020 Q020 282,119.0,0.0,0.0,8.0,0.0,223.0,28.0,0.0,7.0,0.0,0.0,0.0,10.0,0.0,0.0,0.0,0.0,20.0,0.0,42.0,0.0,85.0,350.0,157.0,35.0
Broward-12011Q030 Q030 283,942.0,3.0,1.0,25.0,7.0,1156.0,271.0,3.0,119.0,4.0,6.0,3.0,51.0,0.0,0.0,1.0,0.0,65.0,2.0,137.0,1.0,373.0,2134.0,643.0,393.0
Broward-12011Q031 Q031 284,733.0,3.0,4.0,22.0,8.0,1000.0,213.0,7.0,108.0,3.0,1.0,0.0,46.0,1.0,0.0,0.0,0.0,57.0,0.0,118.0,0.0,334.0,1770.0,560.0,328.0
Broward-12011Q040 Q040 285,1325.0,4.0,1.0,39.0,5.0,1223.0,307.0,2.0,143.0,2.0,0.0,0.0,63.0,1.0,0.0,0.0,0.0,77.0,0.0,146.0,0.0,299.0,2597.0,588.0,452.0
Broward-12011Q041 Q041 286,1577.0,2.0,3.0,44.0,9.0,1321.0,350.0,4.0,171.0,4.0,3.0,0.0,64.0,0.0,0.0,0.0,0.0,46.0,1.0,102.0,0.0,302.0,2956.0,522.0,525.0
Broward-12011Q042 Q042 287,567.0,1.0,0.0,17.0,9.0,529.0,157.0,3.0,77.0,5.0,0.0,0.0,23.0,0.0,0.0,0.0,0.0,33.0,1.0,66.0,0.0,141.0,1123.0,269.0,237.0
Broward-12011Q043 Q043 288,669.0,1.0,1.0,26.0,8.0,922.0,146.0,3.0,95.0,3.0,2.0,0.0,51.0,0.0,0.0,0.0,0.0,27.0,1.0,86.0,0.0,221.0,1627.0,391.0,244.0
Broward-12011Q044 Q044 289,3025.0,5.0,3.0,83.0,14.0,2479.0,644.0,7.0,210.0,7.0,0.0,0.0,85.0,0.0,0.0,0.0,0.0,84.0,1.0,247.0,0.0,495.0,5609.0,919.0,861.0
Broward-12011Q045 Q045 290,676.0,0.0,3.0,19.0,2.0,589.0,241.0,3.0,66.0,5.0,1.0,0.0,34.0,0.0,0.0,0.0,0.0,26.0,0.0,93.0,0.0,123.0,1289.0,282.0,310.0
Broward-12011Q050 Q050 291,1121.0,2.0,0.0,5.0,11.0,76.0,256.0,1.0,68.0,1.0,0.0,0.0,4.0,0.0,0.0,0.0,0.0,0.0,0.0,14.0,0.0,11.0,1215.0,30.0,325.0
Broward-12011Q051 Q051 292,286.0,0.0,1.0,2.0,3.0,124.0,55.0,2.0,28.0,1.0,1.0,0.0,5.0,0.0,0.0,0.0,0.0,2.0,0.0,10.0,0.0,13.0,416.0,32.0,85.0
Broward-12011Q060 Q060 293,2066.0,1.0,3.0,63.0,15.0,992.0,401.0,5.0,177.0,2.0,3.0,0.0,77.0,1.0,1.0,0.0,0.0,54.0,0.0,182.0,1.0,177.0,3140.0,498.0,583.0
Broward-12011Q061 Q061 294,2066.0,5.0,4.0,45.0,30.0,1190.0,451.0,5.0,237.0,7.0,0.0,0.0,68.0,0.0,0.0,0.0,0.0,52.0,3.0,207.0,0.0,246.0,3340.0,583.0,693.0
Broward-12011Q062 Q062 295,1742.0,4.0,2.0,40.0,18.0,637.0,310.0,3.0,130.0,2.0,0.0,0.0,29.0,0.0,0.0,0.0,1.0,13.0,0.0,90.0,0.0,82.0,2443.0,217.0,443.0
Broward-12011Q063 Q063 296,642.0,0.0,1.0,20.0,4.0,420.0,126.0,3.0,59.0,0.0,0.0,0.0,33.0,0.0,0.0,0.0,0.0,6.0,1.0,70.0,0.0,77.0,1087.0,187.0,188.0
Broward-12011Q064 Q064 297,1007.0,0.0,2.0,20.0,12.0,530.0,222.0,3.0,99.0,2.0,1.0,0.0,30.0,0.0,0.0,1.0,0.0,19.0,2.0,81.0,0.0,108.0,1571.0,244.0,324.0
Broward-12011Q065 Q065 298,3000.0,4.0,5.0,79.0,19.0,1277.0,440.0,3.0,201.0,5.0,3.0,0.0,81.0,0.0,0.0,0.0,0.0,38.0,0.0,286.0,0.0,185.0,4384.0,598.0,644.0
Broward-12011Q066 Q066 299,881.0,1.0,1.0,25.0,6.0,682.0,219.0,3.0,74.0,5.0,1.0,0.0,43.0,1.0,0.0,0.0,1.0,43.0,0.0,141.0,1.0,167.0,1596.0,403.0,296.0
Broward-12011Q067 Q067 300,1266.0,2.0,0.0,26.0,5.0,757.0,274.0,2.0,93.0,1.0,1.0,0.0,43.0,0.0,0.0,0.0,0.0,42.0,0.0,153.0,0.0,176.0,2056.0,416.0,369.0
Broward-12011Q068 Q068 301,1285.0,0.0,0.0,31.0,10.0,719.0,283.0,4.0,102.0,2.0,3.0,0.0,19.0,0.0,0.0,0.0,0.0,26.0,1.0,119.0,1.0,161.0,2045.0,332.0,389.0
Broward-12011Q069 Q069 302,1036.0,0.0,0.0,25.0,14.0,437.0,155.0,0.0,65.0,2.0,0.0,0.0,17.0,0.0,0.0,0.0,0.0,13.0,1.0,91.0,0.0,99.0,1512.0,223.0,220.0
Broward-12011Q070 Q070 303,1957.0,5.0,3.0,65.0,18.0,834.0,367.0,6.0,184.0,4.0,3.0,0.0,54.0,0.0,0.0,0.0,0.0,38.0,4.0,165.0,0.0,148.0,2882.0,416.0,557.0
Broward-12011Q071 Q071 304,1332.0,4.0,0.0,39.0,13.0,828.0,277.0,4.0,137.0,4.0,1.0,1.0,57.0,0.0,0.0,0.0,0.0,24.0,1.0,152.0,0.0,137.0,2216.0,377.0,418.0
Broward-12011Q072 Q072 305,1157.0,4.0,1.0,32.0,8.0,688.0,232.0,6.0,118.0,1.0,1.0,0.0,44.0,0.0,0.0,0.0,0.0,42.0,0.0,129.0,0.0,183.0,1890.0,400.0,356.0
Broward-12011Q080 Q080 306,1523.0,1.0,6.0,25.0,11.0,417.0,320.0,3.0,102.0,4.0,2.0,0.0,23.0,0.0,0.0,0.0,1.0,2.0,1.0,55.0,0.0,57.0,1983.0,145.0,425.0
Broward-12011Q081 Q081 307,969.0,4.0,0.0,10.0,11.0,234.0,204.0,1.0,65.0,2.0,1.0,0.0,9.0,0.0,0.0,0.0,0.0,1.0,0.0,35.0,0.0,25.0,1228.0,73.0,270.0
Broward-12011Q082 Q082 308,1200.0,0.0,0.0,2.0,8.0,65.0,402.0,2.0,59.0,0.0,2.0,0.0,2.0,0.0,0.0,0.0,0.0,0.0,0.0,2.0,0.0,11.0,1275.0,17.0,463.0
Broward-12011Q083 Q083 309,1343.0,0.0,0.0,6.0,6.0,41.0,474.0,2.0,81.0,1.0,1.0,0.0,0.0,0.0,0.0,0.0,0.0,1.0,0.0,4.0,0.0,4.0,1396.0,11.0,557.0
Broward-12011Q090 Q090 310,468.0,1.0,1.0,24.0,4.0,656.0,117.0,5.0,60.0,2.0,0.0,0.0,36.0,1.0,1.0,0.0,0.0,19.0,0.0,80.0,0.0,143.0,1154.0,282.0,182.0
Broward-12011Q091 Q091 311,1197.0,2.0,1.0,47.0,15.0,1785.0,303.0,13.0,148.0,7.0,3.0,0.0,127.0,3.0,0.0,0.0,1.0,32.0,0.0,250.0,1.0,366.0,3047.0,790.0,464.0
Broward-12011R001 R001 312,694.0,0.0,2.0,20.0,6.0,842.0,157.0,7.0,84.0,6.0,0.0,0.0,31.0,1.0,0.0,0.0,0.0,39.0,1.0,111.0,0.0,244.0,1564.0,433.0,248.0
Broward-12011R002 R002 313,930.0,0.0,1.0,28.0,12.0,940.0,231.0,6.0,81.0,3.0,1.0,1.0,59.0,1.0,0.0,0.0,0.0,47.0,0.0,112.0,1.0,234.0,1911.0,459.0,318.0
Broward-12011R003 R003 314,458.0,0.0,0.0,12.0,7.0,515.0,114.0,2.0,51.0,6.0,0.0,0.0,16.0,0.0,0.0,0.0,1.0,21.0,0.0,57.0,0.0,174.0,992.0,275.0,167.0
Broward-12011R004 R004 315,761.0,2.0,1.0,18.0,5.0,827.0,260.0,6.0,75.0,4.0,1.0,1.0,24.0,1.0,0.0,0.0,0.0,46.0,0.0,80.0,0.0,273.0,1614.0,430.0,341.0
Broward-12011R005 R005 316,398.0,0.0,0.0,10.0,1.0,452.0,143.0,4.0,34.0,1.0,2.0,1.0,13.0,0.0,0.0,0.0,0.0,19.0,0.0,42.0,0.0,140.0,861.0,218.0,181.0
Broward-12011R006 R006 317,446.0,0.0,0.0,16.0,8.0,344.0,100.0,3.0,61.0,1.0,1.0,0.0,16.0,1.0,0.0,0.0,1.0,5.0,0.0,49.0,0.0,95.0,814.0,169.0,164.0
Broward-12011R007 R007 318,467.0,0.0,2.0,17.0,5.0,533.0,124.0,6.0,53.0,1.0,1.0,0.0,19.0,1.0,0.0,0.0,0.0,31.0,2.0,61.0,0.0,148.0,1024.0,264.0,183.0
Broward-12011R008 R008 319,467.0,0.0,1.0,14.0,2.0,547.0,152.0,2.0,51.0,2.0,2.0,0.0,24.0,0.0,0.0,0.0,0.0,39.0,0.0,73.0,0.0,164.0,1031.0,304.0,205.0
Broward-12011R009 R009 320,681.0,3.0,0.0,18.0,10.0,641.0,163.0,2.0,78.0,2.0,1.0,0.0,43.0,1.0,0.0,0.0,0.0,22.0,0.0,74.0,0.0,155.0,1353.0,298.0,243.0
Broward-12011R010 R010 321,454.0,1.0,1.0,11.0,2.0,488.0,119.0,7.0,45.0,6.0,0.0,1.0,28.0,0.0,0.0,0.0,0.0,40.0,0.0,63.0,0.0,131.0,957.0,269.0,171.0
Broward-12011R011 R011 322,552.0,3.0,0.0,14.0,8.0,612.0,174.0,1.0,76.0,1.0,2.0,0.0,47.0,1.0,0.0,0.0,1.0,21.0,0.0,70.0,0.0,146.0,1189.0,289.0,251.0
Broward-12011R012 R012 323,675.0,0.0,0.0,19.0,2.0,611.0,287.0,4.0,64.0,9.0,3.0,2.0,28.0,0.0,0.0,0.0,0.0,39.0,1.0,77.0,0.0,177.0,1307.0,336.0,355.0
Broward-12011R013 R013 324,1427.0,2.0,0.0,55.0,11.0,1564.0,428.0,8.0,148.0,10.0,2.0,4.0,61.0,1.0,0.0,0.0,0.0,115.0,1.0,215.0,0.0,528.0,3059.0,937.0,584.0
Broward-12011R014 R014 325,584.0,0.0,0.0,16.0,5.0,453.0,178.0,4.0,68.0,4.0,0.0,0.0,21.0,0.0,0.0,0.0,0.0,29.0,0.0,52.0,0.0,120.0,1058.0,226.0,250.0
Broward-12011R015 R015 326,1255.0,0.0,0.0,37.0,9.0,1276.0,337.0,6.0,127.0,11.0,2.0,0.0,47.0,0.0,0.0,0.0,1.0,75.0,2.0,170.0,0.0,419.0,2577.0,727.0,470.0
Broward-12011R016 R016 327,929.0,1.0,0.0,24.0,15.0,459.0,318.0,5.0,126.0,1.0,2.0,0.0,17.0,0.0,0.0,0.0,0.0,30.0,2.0,54.0,0.0,132.0,1428.0,238.0,449.0
Broward-12011R017 R017 328,299.0,0.0,1.0,5.0,3.0,108.0,95.0,1.0,52.0,0.0,0.0,0.0,4.0,0.0,0.0,0.0,0.0,9.0,0.0,11.0,0.0,26.0,416.0,50.0,148.0
Broward-12011R018 R018 329,1211.0,0.0,0.0,45.0,17.0,483.0,289.0,1.0,127.0,1.0,2.0,0.0,16.0,0.0,0.0,0.0,0.0,12.0,0.0,40.0,0.0,101.0,1756.0,172.0,417.0
Broward-12011R019 R019 330,727.0,0.0,2.0,13.0,10.0,349.0,231.0,1.0,78.0,6.0,3.0,1.0,8.0,0.0,0.0,0.0,0.0,15.0,0.0,41.0,0.0,100.0,1101.0,174.0,310.0
Broward-12011R020 R020 331,480.0,0.0,0.0,20.0,8.0,205.0,133.0,1.0,49.0,1.0,1.0,0.0,8.0,0.0,0.0,0.0,0.0,11.0,0.0,23.0,0.0,59.0,713.0,103.0,183.0
Broward-12011R021 R021 332,1150.0,0.0,0.0,20.0,5.0,222.0,425.0,2.0,129.0,0.0,0.0,0.0,10.0,0.0,0.0,0.0,0.0,3.0,0.0,21.0,0.0,39.0,1397.0,73.0,556.0
Broward-12011R022 R022 333,843.0,0.0,1.0,9.0,8.0,157.0,175.0,0.0,73.0,2.0,0.0,0.0,9.0,0.0,0.0,0.0,0.0,4.0,0.0,10.0,0.0,30.0,1018.0,55.0,248.0
Broward-12011R023 R023 334,938.0,3.0,1.0,8.0,6.0,35.0,274.0,1.0,47.0,1.0,0.0,0.0,0.0,0.0,0.0,0.0,0.0,0.0,1.0,1.0,0.0,3.0,991.0,6.0,322.0
Broward-12011R024 R024 335,799.0,0.0,0.0,0.0,4.0,22.0,232.0,0.0,20.0,0.0,0.0,0.0,1.0,0.0,0.0,0.0,0.0,0.0,0.0,0.0,0.0,2.0,825.0,3.0,252.0
Broward-12011R025 R025 336,1404.0,0.0,1.0,8.0,4.0,59.0,402.0,3.0,64.0,1.0,0.0,0.0,0.0,0.0,0.0,0.0,0.0,0.0,0.0,7.0,0.0,8.0,1476.0,16.0,469.0
Broward-12011R026 R026 337,1217.0,4.0,0.0,2.0,8.0,31.0,316.0,4.0,56.0,0.0,0.0,0.0,1.0,0.0,0.0,0.0,0.0,0.0,0.0,2.0,0.0,5.0,1262.0,8.0,376.0
Broward-12011R027 R027 338,1051.0,1.0,0.0,15.0,10.0,134.0,214.0,0.0,66.0,2.0,0.0,1.0,4.0,0.0,0.0,0.0,0.0,4.0,1.0,5.0,0.0,28.0,1211.0,45.0,280.0
Broward-12011R028 R028 339,1370.0,0.0,1.0,0.0,5.0,31.0,521.0,3.0,74.0,3.0,1.0,0.0,1.0,0.0,0.0,0.0,0.0,1.0,0.0,3.0,1.0,3.0,1407.0,13.0,598.0
Broward-12011R029 R029 340,807.0,0.0,0.0,0.0,3.0,31.0,254.0,5.0,27.0,1.0,0.0,0.0,0.0,0.0,0.0,0.0,0.0,0.0,0.0,2.0,0.0,0.0,841.0,3.0,286.0
Broward-12011R030 R030 341,1465.0,3.0,0.0,5.0,5.0,27.0,361.0,1.0,48.0,1.0,1.0,0.0,1.0,0.0,0.0,0.0,0.0,0.0,0.0,4.0,0.0,4.0,1505.0,11.0,410.0
Broward-12011R031 R031 342,999.0,1.0,0.0,21.0,18.0,193.0,204.0,1.0,80.0,2.0,1.0,2.0,2.0,0.0,0.0,0.0,0.0,5.0,1.0,15.0,1.0,43.0,1232.0,72.0,285.0
Broward-12011R032 R032 343,1558.0,5.0,0.0,71.0,14.0,1155.0,326.0,4.0,172.0,6.0,2.0,0.0,46.0,0.0,0.0,0.0,0.0,37.0,2.0,141.0,0.0,288.0,2803.0,522.0,502.0
Broward-12011R033 R033 344,956.0,3.0,0.0,5.0,3.0,145.0,217.0,2.0,64.0,0.0,0.0,0.0,2.0,0.0,0.0,0.0,0.0,0.0,0.0,10.0,0.0,29.0,1112.0,41.0,283.0
Broward-12011R034 R034 345,1469.0,1.0,3.0,41.0,16.0,736.0,410.0,3.0,179.0,3.0,0.0,1.0,22.0,0.0,0.0,0.0,0.0,39.0,0.0,111.0,0.0,172.0,2266.0,348.0,592.0
Broward-12011R035 R035 346,544.0,0.0,0.0,20.0,3.0,441.0,122.0,2.0,56.0,1.0,2.0,0.0,24.0,1.0,0.0,0.0,1.0,18.0,0.0,40.0,0.0,112.0,1008.0,199.0,180.0
Broward-12011R036 R036 347,439.0,0.0,1.0,28.0,4.0,567.0,111.0,2.0,42.0,7.0,1.0,0.0,26.0,0.0,0.0,0.0,0.0,51.0,0.0,87.0,0.0,135.0,1039.0,307.0,155.0
Broward-12011R037 R037 348,495.0,1.0,0.0,26.0,4.0,583.0,141.0,0.0,55.0,10.0,2.0,0.0,32.0,0.0,0.0,0.0,0.0,45.0,0.0,93.0,0.0,184.0,1109.0,366.0,196.0
Broward-12011R038 R038 349,145.0,0.0,0.0,3.0,2.0,256.0,32.0,0.0,16.0,3.0,0.0,0.0,12.0,0.0,0.0,0.0,0.0,19.0,0.0,30.0,0.0,73.0,406.0,137.0,48.0
Broward-12011R039 R039 350,648.0,1.0,0.0,32.0,2.0,821.0,185.0,5.0,67.0,9.0,1.0,0.0,25.0,1.0,0.0,0.0,0.0,53.0,0.0,92.0,0.0,272.0,1504.0,453.0,257.0
Broward-12011R040 R040 351,1214.0,1.0,1.0,46.0,7.0,1425.0,269.0,5.0,129.0,12.0,3.0,0.0,64.0,2.0,0.0,0.0,1.0,118.0,1.0,187.0,0.0,407.0,2694.0,795.0,403.0
Broward-12011R041 R041 352,703.0,0.0,0.0,19.0,6.0,299.0,140.0,1.0,71.0,1.0,0.0,0.0,5.0,0.0,0.0,0.0,0.0,8.0,0.0,30.0,0.0,56.0,1027.0,100.0,212.0
Broward-12011R042 R042 353,333.0,0.0,1.0,17.0,8.0,264.0,77.0,4.0,76.0,2.0,0.0,0.0,20.0,1.0,0.0,0.0,0.0,29.0,0.0,22.0,0.0,66.0,623.0,140.0,157.0
Broward-12011R043 R043 354,889.0,0.0,0.0,34.0,13.0,633.0,205.0,2.0,119.0,5.0,2.0,0.0,33.0,0.0,0.0,0.0,0.0,31.0,0.0,66.0,0.0,176.0,1569.0,313.0,326.0
Broward-12011R044 R044 355,158.0,0.0,0.0,9.0,1.0,71.0,44.0,1.0,29.0,3.0,0.0,0.0,3.0,0.0,0.0,0.0,0.0,3.0,0.0,6.0,0.0,9.0,239.0,24.0,74.0
Broward-12011R045 R045 356,634.0,0.0,1.0,13.0,13.0,428.0,141.0,5.0,103.0,3.0,2.0,0.0,25.0,0.0,0.0,0.0,0.0,9.0,0.0,43.0,0.0,77.0,1089.0,159.0,249.0
Broward-12011R046 R046 357,1064.0,0.0,1.0,29.0,7.0,887.0,312.0,4.0,98.0,8.0,1.0,0.0,23.0,0.0,0.0,0.0,0.0,43.0,1.0,115.0,0.0,258.0,1988.0,449.0,414.0
Broward-12011R047 R047 358,740.0,4.0,1.0,16.0,9.0,481.0,141.0,5.0,109.0,1.0,1.0,0.0,15.0,0.0,0.0,0.0,0.0,15.0,1.0,42.0,0.0,96.0,1251.0,171.0,255.0
Broward-12011R048 R048 359,650.0,3.0,1.0,18.0,12.0,394.0,118.0,2.0,69.0,1.0,1.0,0.0,25.0,1.0,0.0,0.0,0.0,3.0,0.0,43.0,0.0,63.0,1078.0,137.0,189.0
Broward-12011R049 R049 360,755.0,5.0,0.0,21.0,13.0,527.0,175.0,1.0,119.0,7.0,1.0,1.0,32.0,0.0,0.0,0.0,1.0,11.0,0.0,54.0,0.0,109.0,1321.0,216.0,295.0
Broward-12011R050 R050 361,1116.0,1.0,0.0,9.0,11.0,113.0,303.0,4.0,57.0,0.0,2.0,0.0,3.0,0.0,0.0,0.0,0.0,1.0,0.0,28.0,0.0,14.0,1250.0,48.0,364.0
Broward-12011R051 R051 362,831.0,3.0,0.0,1.0,3.0,35.0,248.0,1.0,43.0,2.0,0.0,0.0,2.0,0.0,0.0,0.0,0.0,1.0,0.0,0.0,0.0,5.0,873.0,10.0,292.0
Broward-12011R052 R052 363,531.0,1.0,1.0,6.0,2.0,251.0,134.0,3.0,42.0,2.0,1.0,1.0,20.0,0.0,0.0,0.0,0.0,8.0,0.0,35.0,0.0,40.0,792.0,107.0,179.0
Broward-12011R053 R053 364,854.0,2.0,1.0,36.0,9.0,862.0,205.0,2.0,106.0,2.0,4.0,0.0,80.0,0.0,0.0,0.0,0.0,24.0,0.0,94.0,0.0,177.0,1764.0,381.0,313.0
Broward-12011R054 R054 365,483.0,1.0,1.0,11.0,5.0,327.0,106.0,3.0,63.0,5.0,0.0,1.0,8.0,0.0,0.0,0.0,0.0,18.0,0.0,43.0,0.0,74.0,828.0,149.0,172.0
Broward-12011R055 R055 366,362.0,0.0,0.0,14.0,0.0,383.0,126.0,0.0,35.0,2.0,1.0,0.0,9.0,0.0,0.0,0.0,0.0,24.0,2.0,35.0,0.0,88.0,759.0,161.0,161.0
Broward-12011R056 R056 367,564.0,0.0,0.0,2.0,5.0,35.0,103.0,0.0,24.0,1.0,0.0,0.0,1.0,0.0,0.0,0.0,0.0,0.0,0.0,1.0,0.0,3.0,606.0,6.0,127.0
Broward-12011R057 R057 368,573.0,1.0,0.0,6.0,9.0,104.0,136.0,1.0,53.0,0.0,0.0,0.0,6.0,0.0,0.0,0.0,0.0,0.0,0.0,5.0,0.0,23.0,693.0,34.0,190.0
Broward-12011R058 R058 369,509.0,1.0,1.0,27.0,15.0,275.0,103.0,2.0,87.0,0.0,0.0,0.0,11.0,0.0,0.0,0.0,0.0,14.0,0.0,24.0,0.0,70.0,828.0,119.0,192.0
Broward-12011R059 R059 370,520.0,1.0,0.0,23.0,2.0,387.0,136.0,3.0,81.0,3.0,0.0,0.0,13.0,0.0,0.0,1.0,0.0,29.0,0.0,38.0,0.0,112.0,933.0,196.0,220.0
Broward-12011R060 R060 371,864.0,1.0,1.0,31.0,13.0,409.0,193.0,1.0,82.0,3.0,0.0,0.0,12.0,1.0,0.0,0.0,0.0,12.0,1.0,40.0,0.0,61.0,1319.0,130.0,276.0
Broward-12011R061 R061 372,394.0,0.0,0.0,18.0,1.0,275.0,66.0,2.0,60.0,2.0,0.0,0.0,13.0,0.0,0.0,0.0,1.0,10.0,0.0,29.0,0.0,71.0,688.0,126.0,128.0
Broward-12011R062 R062 373,533.0,0.0,0.0,1.0,1.0,15.0,151.0,0.0,17.0,0.0,0.0,0.0,0.0,0.0,0.0,0.0,0.0,1.0,0.0,3.0,0.0,3.0,550.0,7.0,168.0
Broward-12011R063 R063 374,3132.0,7.0,1.0,25.0,23.0,224.0,887.0,2.0,184.0,1.0,4.0,0.0,10.0,0.0,0.0,0.0,0.0,5.0,0.0,15.0,0.0,34.0,3412.0,69.0,1073.0
Broward-12011R064 R064 375,627.0,1.0,0.0,4.0,8.0,123.0,164.0,1.0,35.0,1.0,1.0,0.0,3.0,0.0,0.0,0.0,0.0,2.0,1.0,17.0,0.0,14.0,763.0,39.0,200.0
Broward-12011R065 R065 376,201.0,1.0,0.0,12.0,0.0,208.0,48.0,3.0,26.0,1.0,0.0,1.0,12.0,0.0,0.0,0.0,0.0,6.0,0.0,12.0,0.0,52.0,422.0,84.0,77.0
Broward-12011R066 R066 377,292.0,3.0,1.0,11.0,7.0,276.0,67.0,3.0,40.0,1.0,2.0,0.0,14.0,0.0,0.0,0.0,0.0,4.0,1.0,23.0,0.0,47.0,590.0,92.0,110.0
Broward-12011R067 R067 378,568.0,1.0,1.0,18.0,7.0,376.0,105.0,3.0,82.0,3.0,1.0,0.0,30.0,0.0,0.0,0.0,0.0,7.0,2.0,40.0,0.0,65.0,971.0,148.0,190.0
Broward-12011R068 R068 379,437.0,1.0,0.0,20.0,5.0,459.0,125.0,4.0,69.0,2.0,0.0,1.0,31.0,0.0,0.0,0.0,0.0,15.0,1.0,36.0,0.0,126.0,922.0,212.0,198.0
Broward-12011R069 R069 380,1473.0,0.0,0.0,2.0,5.0,39.0,573.0,2.0,68.0,0.0,1.0,0.0,4.0,0.0,0.0,0.0,0.0,1.0,0.0,3.0,0.0,7.0,1519.0,16.0,643.0
Broward-12011S001 S001 381,1176.0,2.0,1.0,20.0,8.0,269.0,285.0,4.0,105.0,3.0,2.0,0.0,9.0,0.0,0.0,0.0,0.0,4.0,0.0,13.0,0.0,51.0,1476.0,82.0,394.0
Broward-12011S002 S002 382,928.0,1.0,0.0,4.0,8.0,49.0,351.0,1.0,46.0,1.0,2.0,0.0,4.0,0.0,0.0,1.0,0.0,0.0,0.0,2.0,0.0,5.0,990.0,15.0,398.0
Broward-12011S003 S003 383,1113.0,2.0,1.0,36.0,19.0,651.0,223.0,3.0,166.0,6.0,1.0,0.0,22.0,0.0,0.0,0.0,1.0,12.0,0.0,48.0,0.0,147.0,1822.0,237.0,392.0
Broward-12011S004 S004 384,1087.0,0.0,3.0,28.0,24.0,748.0,269.0,9.0,160.0,1.0,0.0,0.0,28.0,0.0,0.0,0.0,0.0,24.0,0.0,53.0,0.0,155.0,1890.0,261.0,438.0
Broward-12011S005 S005 385,656.0,2.0,1.0,16.0,9.0,547.0,140.0,2.0,80.0,3.0,1.0,0.0,18.0,0.0,0.0,1.0,0.0,9.0,1.0,35.0,0.0,89.0,1231.0,157.0,222.0
Broward-12011S006 S006 386,548.0,1.0,0.0,19.0,13.0,315.0,134.0,2.0,75.0,2.0,1.0,0.0,6.0,0.0,0.0,0.0,0.0,8.0,0.0,18.0,0.0,66.0,896.0,101.0,211.0
Broward-12011S007 S007 387,501.0,1.0,0.0,22.0,7.0,376.0,83.0,4.0,57.0,2.0,1.0,0.0,14.0,0.0,0.0,0.0,0.0,5.0,0.0,28.0,0.0,92.0,907.0,142.0,144.0
Broward-12011S008 S008 388,1155.0,1.0,2.0,23.0,11.0,618.0,219.0,4.0,73.0,2.0,0.0,0.0,29.0,0.0,0.0,0.0,1.0,14.0,1.0,53.0,0.0,91.0,1810.0,191.0,296.0
Broward-12011S009 S009 389,555.0,3.0,5.0,15.0,13.0,476.0,130.0,5.0,77.0,3.0,1.0,0.0,28.0,0.0,0.0,0.0,0.0,11.0,0.0,32.0,1.0,81.0,1067.0,157.0,212.0
Broward-12011T001 T001 390,966.0,0.0,1.0,21.0,27.0,524.0,157.0,6.0,112.0,2.0,4.0,0.0,20.0,0.0,0.0,0.0,1.0,2.0,0.0,42.0,0.0,79.0,1539.0,150.0,275.0
Broward-12011T002 T002 391,845.0,4.0,0.0,34.0,13.0,394.0,136.0,5.0,101.0,1.0,0.0,0.0,19.0,2.0,0.0,0.0,0.0,4.0,1.0,39.0,0.0,56.0,1290.0,122.0,242.0
Broward-12011T003 T003 392,1160.0,1.0,3.0,43.0,15.0,919.0,205.0,3.0,150.0,4.0,3.0,1.0,63.0,0.0,0.0,0.0,0.0,19.0,1.0,76.0,1.0,160.0,2141.0,328.0,358.0
Broward-12011T004 T004 393,712.0,5.0,0.0,27.0,13.0,336.0,93.0,3.0,85.0,2.0,0.0,0.0,15.0,0.0,0.0,0.0,0.0,7.0,0.0,25.0,0.0,46.0,1093.0,95.0,181.0
Broward-12011T005 T005 394,403.0,0.0,2.0,8.0,9.0,183.0,74.0,0.0,45.0,0.0,0.0,0.0,15.0,0.0,0.0,0.0,0.0,3.0,1.0,19.0,0.0,20.0,605.0,58.0,119.0
Broward-12011T006 T006 395,277.0,1.0,1.0,8.0,1.0,307.0,78.0,4.0,34.0,4.0,1.0,0.0,25.0,0.0,0.0,0.0,1.0,10.0,1.0,28.0,0.0,60.0,595.0,130.0,116.0
Broward-12011T007 T007 396,614.0,2.0,5.0,14.0,8.0,586.0,119.0,3.0,95.0,3.0,1.0,0.0,49.0,0.0,0.0,0.0,0.0,9.0,0.0,33.0,0.0,108.0,1229.0,203.0,217.0
Broward-12011T008 T008 397,916.0,2.0,2.0,29.0,15.0,666.0,210.0,7.0,81.0,4.0,0.0,0.0,37.0,0.0,0.0,0.0,0.0,11.0,0.0,80.0,0.0,104.0,1630.0,236.0,298.0
Broward-12011T009 T009 398,1769.0,4.0,2.0,35.0,17.0,535.0,269.0,5.0,133.0,2.0,1.0,0.0,26.0,1.0,0.0,0.0,0.0,7.0,0.0,47.0,0.0,70.0,2362.0,154.0,407.0
Broward-12011T010 T010 399,1371.0,4.0,2.0,40.0,10.0,1221.0,367.0,11.0,163.0,3.0,3.0,0.0,73.0,0.0,0.0,1.0,0.0,66.0,1.0,163.0,0.0,276.0,2648.0,586.0,541.0
Broward-12011T011 T011 400,735.0,3.0,2.0,26.0,9.0,542.0,138.0,3.0,99.0,4.0,2.0,1.0,32.0,1.0,0.0,0.0,0.0,18.0,0.0,61.0,0.0,118.0,1317.0,237.0,240.0
Broward-12011T012 T012 401,549.0,0.0,0.0,14.0,8.0,332.0,126.0,2.0,57.0,1.0,0.0,0.0,22.0,1.0,0.0,0.0,0.0,11.0,1.0,24.0,1.0,77.0,903.0,138.0,185.0
Broward-12011T013 T013 402,430.0,0.0,0.0,9.0,2.0,313.0,106.0,5.0,41.0,1.0,0.0,0.0,24.0,0.0,0.0,0.0,0.0,1.0,1.0,33.0,0.0,50.0,754.0,110.0,152.0
Broward-12011T014 T014 403,963.0,4.0,0.0,34.0,10.0,606.0,214.0,5.0,92.0,0.0,2.0,1.0,35.0,0.0,0.0,0.0,0.0,21.0,1.0,54.0,0.0,125.0,1617.0,239.0,311.0
Broward-12011T015 T015 404,946.0,4.0,1.0,32.0,15.0,704.0,201.0,4.0,134.0,6.0,2.0,0.0,37.0,0.0,0.0,0.0,0.0,24.0,0.0,92.0,0.0,151.0,1702.0,312.0,339.0
Broward-12011T016 T016 405,100.0,2.0,1.0,0.0,4.0,72.0,13.0,0.0,11.0,0.0,0.0,0.0,0.0,0.0,0.0,0.0,0.0,0.0,0.0,5.0,0.0,11.0,179.0,16.0,24.0
Broward-12011T017 T017 406,607.0,0.0,0.0,19.0,7.0,531.0,162.0,6.0,64.0,1.0,0.0,0.0,36.0,0.0,0.0,0.0,0.0,12.0,1.0,68.0,0.0,95.0,1164.0,213.0,232.0
Broward-12011T018 T018 407,2328.0,4.0,3.0,84.0,14.0,2633.0,507.0,19.0,251.0,14.0,2.0,0.0,164.0,0.0,0.0,1.0,0.0,87.0,0.0,368.0,0.0,571.0,5066.0,1207.0,777.0
Broward-12011T019 T019 408,616.0,2.0,4.0,28.0,14.0,420.0,93.0,6.0,63.0,3.0,1.0,0.0,14.0,0.0,0.0,0.0,0.0,3.0,0.0,30.0,0.0,64.0,1084.0,115.0,162.0
Broward-12011T020 T020 409,833.0,1.0,0.0,31.0,11.0,702.0,224.0,3.0,121.0,2.0,1.0,1.0,41.0,0.0,0.0,0.0,0.0,11.0,0.0,111.0,0.0,133.0,1578.0,300.0,348.0
Broward-12011T021 T021 410,619.0,1.0,0.0,24.0,3.0,702.0,144.0,8.0,86.0,9.0,1.0,0.0,54.0,0.0,0.0,0.0,0.0,28.0,2.0,88.0,0.0,164.0,1349.0,346.0,238.0
Broward-12011T022 T022 411,285.0,0.0,2.0,8.0,5.0,256.0,62.0,3.0,35.0,2.0,1.0,0.0,14.0,1.0,0.0,0.0,0.0,4.0,0.0,20.0,0.0,48.0,556.0,90.0,100.0
Broward-12011T023 T023 412,853.0,0.0,3.0,38.0,14.0,410.0,165.0,3.0,82.0,2.0,0.0,0.0,17.0,1.0,0.0,1.0,0.0,4.0,0.0,30.0,0.0,71.0,1318.0,126.0,250.0
Broward-12011T024 T024 413,533.0,1.0,1.0,26.0,9.0,465.0,140.0,7.0,68.0,3.0,0.0,0.0,42.0,0.0,0.0,0.0,0.0,16.0,0.0,78.0,0.0,90.0,1035.0,229.0,215.0
Broward-12011T025 T025 414,865.0,1.0,0.0,27.0,14.0,596.0,173.0,2.0,106.0,4.0,5.0,0.0,45.0,1.0,0.0,0.0,0.0,6.0,1.0,65.0,0.0,107.0,1503.0,234.0,281.0
Broward-12011T026 T026 415,937.0,1.0,1.0,26.0,5.0,822.0,233.0,4.0,121.0,3.0,2.0,0.0,44.0,0.0,0.0,0.0,1.0,27.0,0.0,78.0,0.0,158.0,1792.0,313.0,358.0
Broward-12011T027 T027 416,341.0,0.0,0.0,9.0,5.0,378.0,73.0,4.0,57.0,3.0,2.0,0.0,24.0,0.0,0.0,0.0,0.0,23.0,0.0,45.0,0.0,90.0,733.0,187.0,134.0
Broward-12011T028 T028 417,2035.0,3.0,3.0,53.0,14.0,1118.0,592.0,10.0,237.0,7.0,2.0,1.0,66.0,0.0,0.0,0.0,0.0,40.0,0.0,132.0,0.0,214.0,3226.0,462.0,839.0
Broward-12011T029 T029 418,899.0,3.0,2.0,25.0,13.0,630.0,172.0,8.0,109.0,6.0,0.0,0.0,23.0,0.0,0.0,0.0,1.0,9.0,2.0,55.0,0.0,123.0,1572.0,219.0,289.0
Broward-12011T030 T030 419,180.0,1.0,0.0,10.0,2.0,248.0,45.0,3.0,31.0,4.0,1.0,1.0,12.0,0.0,0.0,0.0,0.0,6.0,0.0,19.0,0.0,69.0,441.0,112.0,79.0
Broward-12011U001 U001 420,458.0,2.0,0.0,20.0,5.0,394.0,88.0,2.0,88.0,1.0,3.0,0.0,19.0,0.0,0.0,0.0,0.0,8.0,0.0,38.0,0.0,66.0,879.0,135.0,178.0
Broward-12011U002 U002 421,597.0,1.0,3.0,24.0,10.0,546.0,167.0,5.0,76.0,0.0,3.0,0.0,45.0,0.0,0.0,0.0,0.0,21.0,1.0,81.0,0.0,86.0,1181.0,237.0,248.0
Broward-12011U003 U003 422,1080.0,0.0,3.0,35.0,19.0,1059.0,317.0,12.0,202.0,5.0,1.0,0.0,71.0,0.0,0.0,0.0,1.0,31.0,0.0,126.0,1.0,197.0,2196.0,433.0,531.0
Broward-12011U004 U004 423,1528.0,7.0,4.0,50.0,21.0,1433.0,325.0,14.0,210.0,7.0,3.0,0.0,82.0,1.0,0.0,0.0,0.0,47.0,0.0,138.0,0.0,291.0,3043.0,569.0,549.0
Broward-12011U005 U005 424,795.0,2.0,1.0,25.0,12.0,505.0,228.0,6.0,113.0,1.0,0.0,0.0,32.0,0.0,0.0,1.0,0.0,24.0,1.0,80.0,0.0,101.0,1340.0,240.0,347.0
Broward-12011U006 U006 425,1898.0,1.0,0.0,34.0,14.0,973.0,571.0,10.0,262.0,3.0,0.0,0.0,59.0,2.0,0.0,0.0,1.0,49.0,2.0,142.0,0.0,178.0,2920.0,436.0,843.0
Broward-12011U007 U007 426,819.0,0.0,3.0,23.0,6.0,741.0,183.0,9.0,104.0,4.0,0.0,0.0,41.0,0.0,0.0,0.0,0.0,22.0,0.0,75.0,0.0,136.0,1592.0,278.0,296.0
Broward-12011U008 U008 427,349.0,1.0,0.0,9.0,3.0,265.0,90.0,2.0,32.0,0.0,0.0,0.0,18.0,0.0,0.0,0.0,0.0,9.0,0.0,57.0,0.0,62.0,627.0,146.0,124.0
Broward-12011U009 U009 428,413.0,1.0,1.0,16.0,1.0,269.0,92.0,2.0,68.0,0.0,0.0,0.0,12.0,0.0,0.0,0.0,0.0,4.0,0.0,40.0,0.0,43.0,701.0,99.0,162.0
Broward-12011U010 U010 429,883.0,1.0,0.0,28.0,4.0,559.0,226.0,2.0,118.0,0.0,1.0,1.0,32.0,0.0,0.0,0.0,0.0,24.0,1.0,72.0,0.0,126.0,1475.0,257.0,346.0
Broward-12011U011 U011 430,1309.0,0.0,1.0,32.0,13.0,737.0,230.0,6.0,99.0,4.0,2.0,0.0,42.0,0.0,0.0,0.0,1.0,23.0,1.0,75.0,0.0,129.0,2092.0,277.0,335.0
Broward-12011V001 V001 431,403.0,0.0,2.0,17.0,5.0,458.0,76.0,2.0,42.0,2.0,0.0,0.0,13.0,0.0,0.0,0.0,0.0,16.0,0.0,33.0,0.0,90.0,885.0,154.0,120.0
Broward-12011V002 V002 432,1491.0,1.0,4.0,44.0,18.0,1509.0,348.0,6.0,178.0,3.0,1.0,0.0,56.0,0.0,0.0,0.0,1.0,24.0,3.0,178.0,0.0,330.0,3067.0,596.0,532.0
Broward-12011V003 V003 433,789.0,2.0,3.0,14.0,10.0,420.0,186.0,6.0,108.0,3.0,1.0,1.0,24.0,0.0,0.0,0.0,1.0,10.0,0.0,31.0,0.0,75.0,1238.0,146.0,300.0
Broward-12011V004 V004 434,581.0,1.0,0.0,10.0,7.0,270.0,110.0,2.0,51.0,3.0,0.0,0.0,10.0,0.0,0.0,0.0,0.0,2.0,0.0,10.0,0.0,36.0,869.0,61.0,163.0
Broward-12011V005 V005 435,520.0,0.0,0.0,13.0,6.0,414.0,131.0,3.0,76.0,1.0,0.0,1.0,16.0,0.0,0.0,0.0,0.0,23.0,0.0,45.0,1.0,88.0,953.0,175.0,210.0
Broward-12011V006 V006 436,588.0,2.0,0.0,13.0,13.0,288.0,118.0,4.0,121.0,0.0,2.0,0.0,19.0,0.0,0.0,0.0,1.0,5.0,0.0,25.0,0.0,53.0,904.0,105.0,243.0
Broward-12011V007 V007 437,1030.0,0.0,1.0,28.0,26.0,702.0,273.0,8.0,162.0,3.0,0.0,0.0,35.0,0.0,0.0,0.0,0.0,24.0,1.0,69.0,0.0,160.0,1787.0,292.0,443.0
Broward-12011V008 V008 438,595.0,1.0,0.0,5.0,2.0,29.0,174.0,3.0,27.0,1.0,1.0,0.0,2.0,0.0,0.0,0.0,0.0,1.0,0.0,2.0,0.0,1.0,632.0,8.0,204.0
Broward-12011V009 V009 439,893.0,0.0,1.0,14.0,22.0,289.0,128.0,2.0,114.0,2.0,0.0,0.0,7.0,0.0,0.0,0.0,0.0,5.0,2.0,21.0,1.0,42.0,1219.0,80.0,244.0
Broward-12011V010 V010 440,229.0,0.0,0.0,5.0,6.0,93.0,43.0,0.0,36.0,0.0,1.0,0.0,3.0,0.0,0.0,0.0,0.0,0.0,0.0,8.0,0.0,17.0,333.0,29.0,79.0
Broward-12011V011 V011 441,1094.0,1.0,2.0,4.0,11.0,104.0,299.0,0.0,55.0,0.0,2.0,0.0,2.0,0.0,0.0,0.0,1.0,0.0,0.0,4.0,0.0,11.0,1216.0,20.0,354.0
Broward-12011V012 V012 442,1402.0,4.0,1.0,47.0,23.0,494.0,216.0,3.0,138.0,4.0,1.0,0.0,24.0,0.0,0.0,0.0,0.0,5.0,2.0,34.0,0.0,78.0,1971.0,148.0,357.0
Broward-12011V013 V013 443,545.0,1.0,0.0,13.0,9.0,168.0,75.0,0.0,63.0,0.0,0.0,0.0,6.0,0.0,0.0,0.0,0.0,1.0,0.0,15.0,0.0,28.0,736.0,50.0,138.0
Broward-12011V014 V014 444,632.0,1.0,1.0,23.0,10.0,340.0,122.0,5.0,59.0,2.0,0.0,0.0,24.0,1.0,0.0,0.0,0.0,3.0,3.0,55.0,0.0,52.0,1007.0,140.0,186.0
Broward-12011V015 V015 445,693.0,4.0,1.0,13.0,4.0,376.0,173.0,6.0,76.0,3.0,2.0,0.0,19.0,0.0,0.0,0.0,0.0,6.0,0.0,39.0,0.0,58.0,1091.0,127.0,255.0
Broward-12011V016 V016 446,780.0,0.0,1.0,23.0,23.0,450.0,153.0,8.0,104.0,1.0,0.0,0.0,23.0,0.0,0.0,1.0,0.0,12.0,0.0,36.0,0.0,82.0,1277.0,155.0,265.0
Broward-12011V017 V017 447,347.0,0.0,1.0,4.0,5.0,86.0,67.0,2.0,36.0,0.0,0.0,0.0,7.0,0.0,0.0,0.0,1.0,2.0,0.0,7.0,0.0,11.0,443.0,28.0,105.0
Broward-12011V018 V018 448,1948.0,2.0,3.0,44.0,28.0,426.0,443.0,3.0,199.0,2.0,2.0,0.0,16.0,0.0,0.0,0.0,0.0,6.0,0.0,33.0,1.0,74.0,2451.0,134.0,645.0
Broward-12011V019 V019 449,800.0,0.0,2.0,15.0,4.0,112.0,204.0,1.0,43.0,0.0,0.0,0.0,2.0,0.0,0.0,0.0,0.0,4.0,0.0,5.0,0.0,12.0,933.0,23.0,248.0
Broward-12011V020 V020 450,533.0,0.0,0.0,12.0,10.0,186.0,108.0,0.0,52.0,0.0,0.0,0.0,7.0,0.0,0.0,0.0,0.0,6.0,0.0,12.0,0.0,16.0,741.0,41.0,160.0
Broward-12011V021 V021 451,727.0,2.0,3.0,30.0,7.0,527.0,203.0,9.0,102.0,5.0,3.0,0.0,43.0,0.0,0.0,0.0,0.0,17.0,0.0,58.0,2.0,107.0,1296.0,235.0,314.0
Broward-12011V022 V022 452,703.0,2.0,2.0,35.0,19.0,488.0,159.0,8.0,120.0,1.0,1.0,0.0,25.0,0.0,0.0,0.0,0.0,14.0,0.0,57.0,0.0,92.0,1249.0,190.0,287.0
Broward-12011V023 V023 453,370.0,1.0,1.0,6.0,4.0,236.0,94.0,2.0,65.0,1.0,0.0,1.0,18.0,0.0,0.0,0.0,0.0,11.0,0.0,24.0,0.0,39.0,618.0,94.0,161.0
Broward-12011V024 V024 454,1050.0,1.0,0.0,23.0,3.0,485.0,288.0,6.0,182.0,2.0,0.0,0.0,16.0,0.0,0.0,0.0,0.0,14.0,0.0,56.0,0.0,91.0,1562.0,179.0,476.0
Broward-12011V025 V025 455,500.0,3.0,0.0,8.0,7.0,511.0,190.0,7.0,83.0,0.0,0.0,0.0,19.0,0.0,0.0,0.0,0.0,15.0,0.0,75.0,0.0,83.0,1029.0,192.0,280.0
Broward-12011V026 V026 456,537.0,2.0,1.0,14.0,11.0,294.0,94.0,2.0,53.0,1.0,0.0,0.0,17.0,0.0,0.0,0.0,1.0,4.0,0.0,17.0,0.0,33.0,859.0,73.0,149.0
Broward-12011V027 V027 457,320.0,0.0,0.0,15.0,6.0,252.0,86.0,2.0,42.0,2.0,2.0,0.0,17.0,0.0,0.0,0.0,0.0,10.0,1.0,21.0,0.0,42.0,593.0,95.0,130.0
Broward-12011V028 V028 458,444.0,0.0,0.0,14.0,1.0,324.0,106.0,1.0,63.0,0.0,0.0,1.0,25.0,0.0,0.0,0.0,0.0,13.0,0.0,44.0,0.0,56.0,783.0,139.0,170.0
Broward-12011V029 V029 459,221.0,1.0,0.0,10.0,1.0,186.0,69.0,1.0,32.0,0.0,0.0,0.0,14.0,0.0,0.0,0.0,0.0,7.0,0.0,23.0,0.0,40.0,419.0,84.0,102.0
Broward-12011V030 V030 460,668.0,2.0,3.0,16.0,2.0,499.0,176.0,10.0,99.0,3.0,0.0,0.0,28.0,0.0,0.0,0.0,0.0,13.0,0.0,75.0,0.0,97.0,1190.0,216.0,285.0
Broward-12011V031 V031 461,544.0,0.0,1.0,17.0,9.0,411.0,163.0,6.0,76.0,1.0,1.0,0.0,25.0,0.0,0.0,0.0,0.0,13.0,1.0,59.0,0.0,68.0,982.0,168.0,245.0
Broward-12011V032 V032 462,938.0,3.0,2.0,22.0,15.0,373.0,185.0,2.0,104.0,1.0,1.0,0.0,21.0,0.0,0.0,0.0,0.0,7.0,0.0,56.0,0.0,76.0,1353.0,162.0,291.0
Broward-12011V033 V033 463,659.0,1.0,0.0,9.0,6.0,363.0,172.0,4.0,69.0,0.0,1.0,0.0,14.0,0.0,0.0,0.0,0.0,9.0,0.0,50.0,0.0,76.0,1038.0,150.0,245.0
Broward-12011V034 V034 464,1065.0,1.0,0.0,12.0,7.0,478.0,306.0,3.0,88.0,2.0,2.0,0.0,20.0,0.0,0.0,0.0,0.0,7.0,0.0,44.0,0.0,75.0,1563.0,150.0,397.0
Broward-12011V035 V035 465,282.0,0.0,1.0,4.0,1.0,131.0,79.0,2.0,33.0,0.0,0.0,0.0,9.0,0.0,0.0,0.0,0.0,0.0,0.0,14.0,0.0,20.0,419.0,43.0,114.0
Broward-12011V036 V036 466,381.0,0.0,0.0,1.0,7.0,108.0,108.0,2.0,22.0,0.0,0.0,0.0,5.0,0.0,0.0,0.0,0.0,2.0,0.0,9.0,0.0,17.0,497.0,33.0,132.0
Broward-12011V037 V037 467,531.0,0.0,0.0,10.0,1.0,166.0,109.0,2.0,35.0,0.0,2.0,0.0,9.0,0.0,0.0,0.0,0.0,5.0,0.0,14.0,0.0,29.0,708.0,59.0,146.0
Broward-12011V038 V038 468,762.0,0.0,0.0,9.0,15.0,189.0,106.0,0.0,47.0,1.0,0.0,0.0,8.0,0.0,0.0,0.0,0.0,2.0,0.0,18.0,0.0,21.0,975.0,50.0,153.0
Broward-12011V039 V039 469,568.0,2.0,1.0,7.0,8.0,312.0,86.0,8.0,57.0,3.0,0.0,0.0,9.0,1.0,0.0,0.0,0.0,5.0,0.0,28.0,0.0,42.0,898.0,88.0,151.0
Broward-12011V040 V040 470,642.0,5.0,1.0,32.0,6.0,381.0,106.0,4.0,67.0,0.0,0.0,0.0,21.0,0.0,0.0,0.0,0.0,6.0,0.0,34.0,0.0,50.0,1067.0,111.0,177.0
Broward-12011V041 V041 471,581.0,2.0,0.0,9.0,4.0,146.0,74.0,1.0,26.0,3.0,0.0,0.0,8.0,0.0,0.0,0.0,0.0,2.0,0.0,10.0,0.0,18.0,742.0,41.0,101.0
Broward-12011V042 V042 472,1169.0,2.0,4.0,17.0,9.0,343.0,198.0,5.0,76.0,3.0,3.0,1.0,23.0,0.0,0.0,0.0,0.0,2.0,0.0,37.0,0.0,40.0,1544.0,109.0,279.0
Broward-12011V043 V043 473,630.0,2.0,1.0,16.0,8.0,228.0,106.0,1.0,42.0,3.0,0.0,0.0,17.0,0.0,0.0,0.0,0.0,2.0,0.0,19.0,0.0,21.0,885.0,62.0,149.0
Broward-12011V044 V044 474,929.0,1.0,3.0,22.0,9.0,327.0,167.0,1.0,72.0,3.0,1.0,0.0,9.0,0.0,0.0,0.0,0.0,6.0,0.0,56.0,0.0,42.0,1291.0,117.0,240.0
Broward-12011V045 V045 475,603.0,0.0,0.0,19.0,6.0,314.0,87.0,1.0,47.0,3.0,0.0,0.0,20.0,0.0,0.0,0.0,0.0,3.0,0.0,25.0,0.0,53.0,942.0,104.0,135.0
Broward-12011V046 V046 476,284.0,1.0,0.0,9.0,7.0,153.0,57.0,1.0,27.0,0.0,0.0,0.0,7.0,0.0,0.0,0.0,1.0,4.0,0.0,25.0,0.0,12.0,454.0,49.0,85.0
Broward-12011V047 V047 477,576.0,1.0,1.0,9.0,4.0,403.0,176.0,1.0,76.0,2.0,1.0,0.0,17.0,0.0,0.0,0.0,0.0,15.0,0.0,43.0,0.0,85.0,994.0,163.0,253.0
Broward-12011V048 V048 478,511.0,1.0,1.0,14.0,7.0,245.0,86.0,2.0,41.0,3.0,1.0,0.0,10.0,0.0,0.0,0.0,0.0,5.0,0.0,18.0,0.0,29.0,779.0,66.0,129.0
Broward-12011V049 V049 479,544.0,2.0,1.0,22.0,7.0,275.0,94.0,2.0,46.0,2.0,0.0,0.0,16.0,0.0,0.0,0.0,0.0,1.0,1.0,39.0,0.0,27.0,851.0,86.0,142.0
Broward-12011V050 V050 480,775.0,2.0,2.0,17.0,13.0,377.0,130.0,2.0,83.0,2.0,0.0,0.0,19.0,0.0,0.0,0.0,0.0,4.0,1.0,27.0,0.0,45.0,1186.0,98.0,215.0
Broward-12011V051 V051 481,637.0,1.0,1.0,16.0,2.0,398.0,213.0,4.0,66.0,5.0,3.0,0.0,21.0,0.0,0.0,0.0,0.0,16.0,0.0,37.0,1.0,71.0,1055.0,154.0,283.0
Broward-12011V052 V052 482,849.0,0.0,3.0,16.0,8.0,367.0,166.0,3.0,90.0,2.0,1.0,0.0,20.0,0.0,0.0,0.0,0.0,8.0,0.0,28.0,0.0,60.0,1243.0,119.0,259.0
Broward-12011V053 V053 483,924.0,0.0,0.0,18.0,4.0,702.0,346.0,8.0,121.0,3.0,2.0,0.0,31.0,1.0,0.0,0.0,0.0,17.0,0.0,79.0,0.0,137.0,1648.0,270.0,475.0
Broward-12011V054 V054 484,491.0,0.0,0.0,15.0,3.0,202.0,89.0,4.0,41.0,4.0,0.0,0.0,4.0,1.0,0.0,0.0,0.0,1.0,0.0,27.0,0.0,31.0,711.0,68.0,134.0
Broward-12011V055 V055 485,645.0,0.0,2.0,18.0,8.0,757.0,167.0,2.0,70.0,2.0,0.0,0.0,24.0,1.0,0.0,0.0,0.0,20.0,0.0,91.0,0.0,127.0,1430.0,265.0,239.0
Broward-12011V056 V056 486,432.0,1.0,0.0,6.0,6.0,163.0,72.0,2.0,48.0,0.0,0.0,0.0,4.0,0.0,0.0,0.0,0.0,0.0,0.0,18.0,0.0,32.0,608.0,54.0,122.0
Broward-12011V057 V057 487,1343.0,0.0,2.0,35.0,17.0,913.0,331.0,9.0,176.0,1.0,0.0,3.0,28.0,0.0,1.0,1.0,0.0,20.0,2.0,65.0,0.0,184.0,2310.0,305.0,516.0
Broward-12011V058 V058 488,349.0,0.0,0.0,15.0,7.0,218.0,89.0,4.0,59.0,2.0,0.0,0.0,9.0,0.0,0.0,0.0,0.0,7.0,1.0,30.0,0.0,60.0,589.0,109.0,152.0
Broward-12011W001 W001 489,2390.0,2.0,2.0,17.0,17.0,197.0,566.0,2.0,140.0,0.0,0.0,0.0,12.0,0.0,0.0,1.0,0.0,4.0,0.0,17.0,0.0,24.0,2625.0,58.0,708.0
Broward-12011W002 W002 490,1400.0,2.0,0.0,14.0,13.0,192.0,314.0,3.0,73.0,1.0,3.0,0.0,17.0,1.0,0.0,0.0,0.0,1.0,0.0,15.0,0.0,26.0,1621.0,64.0,390.0
Broward-12011W003 W003 491,793.0,6.0,0.0,7.0,7.0,128.0,223.0,2.0,45.0,1.0,0.0,0.0,6.0,0.0,0.0,0.0,0.0,0.0,0.0,15.0,0.0,13.0,941.0,35.0,270.0
Broward-12011W004 W004 492,1037.0,0.0,0.0,9.0,13.0,116.0,252.0,4.0,63.0,0.0,0.0,0.0,9.0,0.0,0.0,0.0,0.0,2.0,0.0,7.0,0.0,13.0,1175.0,31.0,319.0
Broward-12011W005 W005 493,1050.0,3.0,1.0,7.0,6.0,73.0,296.0,1.0,54.0,0.0,1.0,0.0,4.0,0.0,0.0,0.0,0.0,4.0,0.0,6.0,0.0,13.0,1140.0,28.0,351.0
Broward-12011W006 W006 494,795.0,3.0,2.0,13.0,5.0,133.0,193.0,1.0,64.0,1.0,0.0,0.0,8.0,0.0,0.0,0.0,0.0,1.0,1.0,24.0,0.0,29.0,951.0,64.0,258.0
Broward-12011W007 W007 495,1225.0,0.0,0.0,13.0,5.0,177.0,290.0,5.0,84.0,2.0,0.0,0.0,5.0,0.0,0.0,0.0,0.0,1.0,0.0,19.0,0.0,18.0,1420.0,45.0,379.0
Broward-12011W008 W008 496,2113.0,4.0,2.0,20.0,15.0,160.0,492.0,1.0,124.0,1.0,2.0,0.0,8.0,0.0,0.0,0.0,1.0,3.0,0.0,17.0,0.0,13.0,2314.0,45.0,617.0
Broward-12011W009 W009 497,1188.0,2.0,1.0,27.0,4.0,536.0,280.0,5.0,93.0,5.0,4.0,0.0,41.0,0.0,0.0,0.0,0.0,17.0,2.0,143.0,0.0,71.0,1758.0,283.0,378.0
Broward-12011W010 W010 498,742.0,1.0,2.0,7.0,5.0,109.0,138.0,0.0,43.0,0.0,0.0,0.0,5.0,0.0,0.0,0.0,0.0,3.0,0.0,9.0,0.0,12.0,866.0,29.0,181.0
Broward-12011W011 W011 499,1323.0,1.0,1.0,8.0,7.0,214.0,289.0,2.0,72.0,0.0,0.0,0.0,14.0,0.0,0.0,1.0,0.0,1.0,0.0,26.0,0.0,28.0,1554.0,70.0,363.0
Broward-12011W012 W012 500,1893.0,1.0,1.0,20.0,11.0,199.0,450.0,1.0,122.0,0.0,2.0,0.0,15.0,0.0,0.0,0.0,0.0,5.0,0.0,26.0,0.0,17.0,2125.0,65.0,573.0
Broward-12011W013 W013 501,2728.0,2.0,1.0,19.0,24.0,336.0,861.0,5.0,164.0,2.0,3.0,0.0,30.0,0.0,0.0,0.0,1.0,9.0,1.0,34.0,0.0,41.0,3110.0,121.0,1030.0
Broward-12011W014 W014 502,2307.0,3.0,2.0,33.0,19.0,906.0,420.0,1.0,150.0,1.0,0.0,0.0,69.0,1.0,0.0,0.0,0.0,13.0,1.0,264.0,1.0,94.0,3270.0,444.0,571.0
Broward-12011W015 W015 503,599.0,0.0,1.0,16.0,6.0,366.0,113.0,0.0,37.0,3.0,1.0,0.0,31.0,0.0,0.0,0.0,0.0,12.0,0.0,83.0,0.0,64.0,988.0,194.0,150.0
Broward-12011W016 W016 504,3433.0,4.0,3.0,63.0,20.0,1586.0,781.0,6.0,233.0,6.0,6.0,0.0,100.0,0.0,0.0,0.0,0.0,37.0,1.0,375.0,0.0,252.0,5109.0,777.0,1020.0
Broward-12011W017 W017 505,2240.0,6.0,2.0,45.0,14.0,702.0,431.0,1.0,102.0,6.0,2.0,0.0,42.0,0.0,0.0,0.0,0.0,13.0,0.0,140.0,0.0,77.0,3009.0,280.0,534.0
Broward-12011W018 W018 506,1548.0,2.0,5.0,21.0,7.0,496.0,301.0,1.0,108.0,4.0,0.0,0.0,26.0,0.0,0.0,0.0,0.0,9.0,0.0,125.0,1.0,57.0,2079.0,222.0,410.0
Broward-12011W019 W019 507,2148.0,3.0,2.0,25.0,15.0,597.0,458.0,2.0,132.0,3.0,2.0,1.0,35.0,1.0,0.0,0.0,0.0,8.0,0.0,121.0,0.0,64.0,2790.0,235.0,592.0
Broward-12011W020 W020 508,2212.0,4.0,4.0,32.0,15.0,627.0,400.0,0.0,110.0,2.0,2.0,0.0,29.0,0.0,0.0,0.0,0.0,3.0,0.0,115.0,0.0,43.0,2894.0,194.0,510.0
Broward-12011W021 W021 509,2041.0,1.0,6.0,38.0,16.0,845.0,404.0,4.0,95.0,2.0,3.0,0.0,50.0,0.0,0.0,0.0,0.0,6.0,0.0,228.0,0.0,105.0,2947.0,394.0,503.0
Broward-12011W022 W022 510,1840.0,4.0,1.0,25.0,17.0,545.0,349.0,4.0,142.0,3.0,1.0,2.0,25.0,0.0,0.0,0.0,0.0,11.0,0.0,105.0,0.0,72.0,2432.0,219.0,495.0
Broward-12011W023 W023 511,3942.0,10.0,5.0,67.0,34.0,735.0,869.0,9.0,248.0,1.0,4.0,0.0,43.0,0.0,0.0,0.0,0.0,12.0,0.0,107.0,0.0,70.0,4793.0,237.0,1126.0
Broward-12011W024 W024 512,1781.0,1.0,3.0,11.0,13.0,270.0,390.0,4.0,90.0,3.0,2.0,0.0,24.0,0.0,0.0,0.0,1.0,2.0,0.0,34.0,0.0,35.0,2079.0,101.0,484.0
Broward-12011W025 W025 513,2375.0,2.0,3.0,18.0,17.0,191.0,599.0,1.0,145.0,2.0,3.0,1.0,8.0,0.0,0.0,0.0,0.0,4.0,0.0,15.0,0.0,18.0,2606.0,51.0,745.0
Broward-12011X001 X001 514,911.0,1.0,0.0,18.0,9.0,358.0,194.0,4.0,86.0,3.0,4.0,0.0,27.0,0.0,0.0,0.0,0.0,2.0,0.0,41.0,0.0,52.0,1297.0,129.0,284.0
Broward-12011X002 X002 515,709.0,2.0,0.0,12.0,7.0,277.0,148.0,2.0,70.0,0.0,0.0,0.0,13.0,0.0,0.0,0.0,0.0,7.0,0.0,27.0,0.0,35.0,1007.0,82.0,220.0
Broward-12011X003 X003 516,910.0,1.0,1.0,12.0,6.0,284.0,184.0,5.0,69.0,1.0,1.0,0.0,16.0,0.0,0.0,0.0,1.0,3.0,0.0,25.0,0.0,36.0,1214.0,83.0,258.0
Broward-12011X004 X004 517,605.0,3.0,2.0,8.0,14.0,338.0,129.0,5.0,49.0,3.0,0.0,0.0,22.0,0.0,0.0,0.0,0.0,4.0,0.0,39.0,1.0,43.0,970.0,112.0,183.0
Broward-12011X005 X005 518,641.0,1.0,0.0,18.0,7.0,579.0,204.0,13.0,106.0,5.0,2.0,0.0,42.0,0.0,0.0,0.0,0.0,22.0,0.0,63.0,0.0,124.0,1246.0,258.0,323.0
Broward-12011X006 X006 519,1256.0,3.0,1.0,15.0,8.0,592.0,279.0,3.0,124.0,2.0,1.0,0.0,45.0,0.0,0.0,0.0,0.0,11.0,0.0,70.0,0.0,88.0,1875.0,217.0,406.0
Broward-12011X007 X007 520,963.0,3.0,6.0,26.0,15.0,635.0,179.0,5.0,104.0,3.0,3.0,0.0,36.0,0.0,0.0,0.0,0.0,10.0,1.0,85.0,0.0,92.0,1648.0,230.0,288.0
Broward-12011X008 X008 521,686.0,1.0,0.0,4.0,2.0,289.0,152.0,1.0,64.0,2.0,0.0,0.0,17.0,0.0,0.0,0.0,0.0,6.0,0.0,42.0,0.0,43.0,982.0,110.0,217.0
Broward-12011X009 X009 522,1718.0,2.0,1.0,16.0,10.0,448.0,571.0,9.0,119.0,4.0,0.0,0.0,19.0,0.0,0.0,0.0,1.0,20.0,0.0,63.0,0.0,82.0,2195.0,189.0,699.0
Broward-12011X010 X010 523,1230.0,3.0,0.0,37.0,20.0,887.0,351.0,5.0,174.0,4.0,3.0,2.0,82.0,1.0,0.0,0.0,0.0,35.0,0.0,143.0,0.0,160.0,2177.0,430.0,530.0
Broward-12011X011 X011 524,312.0,0.0,0.0,3.0,3.0,221.0,56.0,4.0,22.0,0.0,0.0,0.0,10.0,0.0,0.0,0.0,0.0,2.0,0.0,43.0,0.0,30.0,539.0,85.0,82.0
Broward-12011X012 X012 525,868.0,1.0,1.0,8.0,7.0,261.0,342.0,3.0,67.0,3.0,1.0,0.0,16.0,1.0,0.0,0.0,0.0,6.0,0.0,50.0,0.0,45.0,1146.0,122.0,412.0
Broward-12011X013 X013 526,1298.0,3.0,1.0,22.0,12.0,605.0,321.0,3.0,127.0,6.0,3.0,0.0,38.0,1.0,0.0,0.0,0.0,7.0,0.0,101.0,0.0,108.0,1941.0,264.0,451.0
Broward-12011X014 X014 527,1234.0,1.0,2.0,24.0,14.0,393.0,243.0,0.0,82.0,2.0,0.0,0.0,31.0,0.0,0.0,0.0,0.0,7.0,0.0,72.0,0.0,67.0,1668.0,179.0,325.0
Broward-12011X015 X015 528,423.0,0.0,0.0,11.0,3.0,376.0,135.0,9.0,47.0,1.0,1.0,0.0,35.0,0.0,0.0,0.0,1.0,15.0,0.0,69.0,1.0,66.0,813.0,189.0,191.0
Broward-12011X016 X016 529,794.0,6.0,1.0,17.0,10.0,483.0,151.0,4.0,96.0,3.0,1.0,0.0,41.0,0.0,0.0,0.0,0.0,9.0,0.0,67.0,0.0,91.0,1311.0,212.0,251.0
Broward-12011X017 X017 530,1242.0,0.0,1.0,41.0,7.0,542.0,301.0,5.0,127.0,4.0,1.0,0.0,38.0,1.0,0.0,0.0,2.0,20.0,1.0,85.0,1.0,83.0,1833.0,236.0,433.0
Broward-12011X018 X018 531,624.0,5.0,1.0,17.0,6.0,227.0,125.0,4.0,50.0,1.0,0.0,0.0,14.0,0.0,0.0,0.0,0.0,7.0,0.0,45.0,0.0,28.0,880.0,95.0,179.0
Broward-12011X019 X019 532,1128.0,2.0,3.0,14.0,8.0,607.0,398.0,6.0,78.0,5.0,1.0,0.0,27.0,0.0,0.0,0.0,1.0,9.0,0.0,184.0,0.0,100.0,1762.0,327.0,482.0
Broward-12011X020 X020 533,1540.0,1.0,2.0,20.0,7.0,897.0,587.0,13.0,129.0,6.0,0.0,1.0,42.0,1.0,0.0,0.0,0.0,9.0,0.0,271.0,2.0,150.0,2467.0,482.0,729.0
Broward-12011X021 X021 534,2309.0,3.0,3.0,33.0,30.0,482.0,401.0,1.0,170.0,2.0,3.0,0.0,26.0,0.0,1.0,0.0,0.0,10.0,0.0,55.0,0.0,56.0,2860.0,153.0,572.0
Broward-12011X022 X022 535,1355.0,0.0,1.0,14.0,13.0,265.0,385.0,4.0,91.0,2.0,3.0,0.0,9.0,0.0,0.0,2.0,0.0,2.0,1.0,52.0,0.0,36.0,1648.0,107.0,480.0
Broward-12011X023 X023 536,1198.0,1.0,2.0,15.0,4.0,288.0,217.0,0.0,96.0,1.0,0.0,0.0,9.0,0.0,0.0,0.0,0.0,1.0,1.0,30.0,1.0,47.0,1508.0,90.0,313.0
Broward-12011X024 X024 537,1825.0,2.0,2.0,40.0,10.0,1008.0,388.0,5.0,103.0,5.0,2.0,0.0,63.0,1.0,0.0,0.0,1.0,30.0,0.0,165.0,0.0,185.0,2887.0,452.0,496.0
Broward-12011X025 X025 538,380.0,0.0,0.0,2.0,2.0,210.0,168.0,4.0,23.0,1.0,0.0,0.0,16.0,0.0,0.0,0.0,0.0,7.0,0.0,60.0,0.0,27.0,594.0,111.0,195.0
Broward-12011X026 X026 539,782.0,1.0,0.0,19.0,7.0,344.0,161.0,1.0,87.0,3.0,1.0,0.0,16.0,1.0,0.0,0.0,1.0,8.0,0.0,57.0,0.0,60.0,1153.0,147.0,249.0
Broward-12011X027 X027 540,1320.0,5.0,5.0,33.0,12.0,606.0,290.0,6.0,112.0,2.0,1.0,2.0,35.0,1.0,0.0,0.0,0.0,8.0,1.0,120.0,0.0,99.0,1981.0,269.0,408.0
Broward-12011X028 X028 541,710.0,2.0,3.0,27.0,7.0,608.0,173.0,6.0,69.0,7.0,0.0,0.0,45.0,1.0,0.0,0.0,0.0,11.0,1.0,110.0,0.0,113.0,1357.0,288.0,248.0
Broward-12011X029 X029 542,1594.0,7.0,2.0,46.0,20.0,1096.0,395.0,7.0,141.0,3.0,0.0,0.0,92.0,0.0,0.0,0.0,0.0,37.0,3.0,247.0,0.0,183.0,2765.0,565.0,543.0
Broward-12011X030 X030 543,611.0,2.0,0.0,11.0,7.0,443.0,150.0,3.0,61.0,3.0,1.0,0.0,39.0,0.0,0.0,0.0,0.0,16.0,1.0,67.0,0.0,89.0,1074.0,216.0,214.0
Broward-12011X031 X031 544,1751.0,3.0,3.0,22.0,9.0,923.0,649.0,12.0,122.0,8.0,0.0,0.0,27.0,0.0,0.0,0.0,2.0,7.0,4.0,254.0,0.0,129.0,2711.0,431.0,783.0
Broward-12011X032 X032 545,583.0,0.0,0.0,15.0,4.0,469.0,109.0,5.0,53.0,1.0,0.0,0.0,39.0,0.0,0.0,0.0,0.0,14.0,0.0,104.0,0.0,94.0,1071.0,252.0,167.0
Broward-12011X033 X033 546,1380.0,4.0,3.0,41.0,12.0,753.0,266.0,8.0,91.0,2.0,3.0,1.0,57.0,0.0,0.0,0.0,0.0,17.0,1.0,157.0,0.0,97.0,2193.0,335.0,365.0
Broward-12011X034 X034 547,668.0,3.0,2.0,21.0,6.0,455.0,140.0,7.0,79.0,1.0,0.0,2.0,45.0,0.0,0.0,1.0,2.0,14.0,0.0,87.0,1.0,83.0,1155.0,236.0,226.0
Broward-12011X035 X035 548,1263.0,1.0,4.0,32.0,7.0,518.0,292.0,7.0,102.0,1.0,0.0,0.0,32.0,0.0,0.0,0.0,0.0,14.0,0.0,91.0,0.0,91.0,1825.0,229.0,401.0
Broward-12011X036 X036 549,1185.0,3.0,0.0,36.0,12.0,432.0,234.0,5.0,107.0,2.0,0.0,0.0,33.0,0.0,0.0,0.0,0.0,7.0,1.0,87.0,0.0,55.0,1668.0,185.0,346.0
Broward-12011X037 X037 550,230.0,0.0,0.0,9.0,0.0,230.0,49.0,0.0,25.0,0.0,2.0,0.0,16.0,0.0,0.0,0.0,0.0,5.0,0.0,56.0,0.0,42.0,469.0,121.0,74.0
Broward-12011X038 X038 551,1787.0,3.0,2.0,41.0,10.0,1089.0,382.0,6.0,148.0,3.0,1.0,1.0,72.0,1.0,0.0,0.0,0.0,21.0,0.0,187.0,0.0,191.0,2932.0,477.0,536.0
Broward-12011X039 X039 552,554.0,2.0,0.0,14.0,6.0,297.0,144.0,1.0,69.0,2.0,1.0,0.0,30.0,0.0,0.0,0.0,0.0,9.0,0.0,66.0,0.0,50.0,873.0,158.0,214.0
Broward-12011X040 X040 553,1662.0,2.0,0.0,41.0,19.0,1008.0,407.0,5.0,136.0,2.0,1.0,0.0,67.0,1.0,0.0,1.0,1.0,28.0,1.0,225.0,0.0,167.0,2732.0,494.0,548.0
Broward-12011X041 X041 554,1075.0,3.0,1.0,24.0,13.0,544.0,234.0,0.0,83.0,5.0,1.0,0.0,30.0,0.0,0.0,0.0,2.0,5.0,0.0,124.0,0.0,95.0,1660.0,262.0,317.0
Broward-12011X042 X042 555,1120.0,1.0,1.0,30.0,9.0,770.0,197.0,0.0,82.0,4.0,0.0,1.0,53.0,0.0,0.0,0.0,0.0,14.0,0.0,175.0,0.0,96.0,1931.0,343.0,279.0
Broward-12011X043 X043 556,1549.0,4.0,0.0,44.0,13.0,777.0,324.0,7.0,119.0,1.0,2.0,0.0,48.0,1.0,0.0,0.0,0.0,27.0,0.0,151.0,0.0,123.0,2387.0,353.0,450.0
Broward-12011X044 X044 557,1146.0,4.0,2.0,22.0,5.0,629.0,237.0,2.0,71.0,4.0,0.0,0.0,40.0,0.0,1.0,0.0,0.0,5.0,0.0,109.0,0.0,99.0,1808.0,258.0,310.0
Broward-12011X045 X045 558,1017.0,0.0,1.0,14.0,8.0,281.0,199.0,3.0,78.0,1.0,1.0,0.0,20.0,0.0,0.0,0.0,0.0,5.0,0.0,43.0,0.0,38.0,1321.0,108.0,280.0
Broward-12011X046 X046 559,877.0,1.0,1.0,13.0,8.0,269.0,145.0,1.0,59.0,1.0,1.0,0.0,12.0,0.0,0.0,0.0,0.0,5.0,0.0,46.0,0.0,40.0,1169.0,105.0,205.0
Broward-12011X047 X047 560,491.0,1.0,0.0,11.0,4.0,85.0,67.0,1.0,26.0,0.0,0.0,0.0,4.0,0.0,0.0,0.0,0.0,2.0,0.0,12.0,0.0,9.0,592.0,27.0,94.0
Broward-12011X048 X048 561,532.0,1.0,1.0,9.0,8.0,189.0,116.0,1.0,40.0,1.0,1.0,0.0,13.0,0.0,0.0,0.0,0.0,4.0,0.0,25.0,0.0,19.0,740.0,63.0,157.0
Broward-12011X049 X049 562,1057.0,1.0,2.0,26.0,6.0,454.0,291.0,6.0,91.0,2.0,1.0,0.0,26.0,0.0,0.0,0.0,0.0,8.0,0.0,59.0,0.0,81.0,1546.0,177.0,388.0
Broward-12011X050 X050 563,959.0,1.0,0.0,13.0,7.0,252.0,226.0,0.0,70.0,0.0,1.0,0.0,23.0,0.0,0.0,0.0,0.0,7.0,0.0,46.0,0.0,36.0,1232.0,113.0,296.0
Broward-12011Y001 Y001 564,408.0,0.0,0.0,4.0,2.0,536.0,88.0,2.0,40.0,1.0,0.0,0.0,8.0,0.0,0.0,0.0,0.0,6.0,1.0,75.0,0.0,117.0,950.0,208.0,130.0
Broward-12011Y002 Y002 565,842.0,1.0,0.0,22.0,15.0,1033.0,217.0,7.0,86.0,2.0,1.0,0.0,32.0,0.0,0.0,0.0,0.0,6.0,1.0,120.0,0.0,193.0,1913.0,355.0,310.0
Broward-12011Y003 Y003 566,744.0,2.0,1.0,20.0,5.0,551.0,179.0,5.0,84.0,1.0,2.0,0.0,11.0,0.0,0.0,0.0,0.0,11.0,0.0,35.0,0.0,114.0,1323.0,174.0,268.0
Broward-12011Y004 Y004 567,1135.0,1.0,5.0,21.0,10.0,787.0,277.0,6.0,96.0,4.0,0.0,1.0,21.0,0.0,0.0,0.0,0.0,8.0,0.0,59.0,0.0,133.0,1959.0,226.0,379.0
Broward-12011Y005 Y005 568,866.0,0.0,2.0,18.0,10.0,700.0,198.0,4.0,96.0,3.0,2.0,0.0,21.0,0.0,0.0,0.0,2.0,11.0,0.0,65.0,0.0,121.0,1596.0,225.0,298.0
Broward-12011Y006 Y006 569,1774.0,3.0,1.0,40.0,23.0,1013.0,307.0,5.0,148.0,3.0,0.0,2.0,35.0,0.0,0.0,0.0,0.0,10.0,1.0,71.0,0.0,155.0,2854.0,277.0,460.0
Broward-12011Y007 Y007 570,1704.0,5.0,1.0,20.0,16.0,494.0,313.0,10.0,80.0,2.0,0.0,0.0,37.0,1.0,0.0,0.0,0.0,6.0,1.0,47.0,0.0,74.0,2240.0,168.0,403.0
Broward-12011Y008 Y008 571,1824.0,0.0,1.0,18.0,20.0,131.0,507.0,0.0,73.0,2.0,0.0,0.0,6.0,0.0,0.0,0.0,1.0,0.0,0.0,8.0,0.0,13.0,1994.0,30.0,580.0
Broward-12011Z001 Z001 572,949.0,1.0,2.0,1.0,2.0,26.0,297.0,0.0,48.0,1.0,0.0,0.0,2.0,0.0,1.0,0.0,0.0,0.0,0.0,3.0,0.0,3.0,981.0,10.0,345.0
Broward-12011Z002 Z002 573,1687.0,1.0,3.0,7.0,3.0,48.0,535.0,2.0,83.0,2.0,1.0,1.0,2.0,0.0,0.0,0.0,0.0,0.0,0.0,3.0,0.0,4.0,1749.0,13.0,620.0
Broward-12011Z003 Z003 574,801.0,2.0,3.0,21.0,7.0,479.0,118.0,4.0,53.0,2.0,2.0,0.0,17.0,0.0,0.0,0.0,0.0,5.0,0.0,44.0,0.0,86.0,1313.0,156.0,175.0
Broward-12011Z004 Z004 575,140.0,0.0,1.0,3.0,6.0,79.0,26.0,0.0,15.0,1.0,0.0,0.0,1.0,0.0,0.0,0.0,0.0,3.0,0.0,6.0,0.0,8.0,229.0,19.0,41.0
Broward-12011Z005 Z005 576,323.0,1.0,0.0,4.0,4.0,107.0,55.0,0.0,27.0,0.0,0.0,0.0,2.0,0.0,0.0,0.0,1.0,1.0,0.0,10.0,0.0,16.0,439.0,30.0,82.0
Broward-12011Z073 Z073 577,316.0,0.0,0.0,17.0,5.0,239.0,52.0,2.0,27.0,2.0,2.0,0.0,23.0,0.0,0.0,0.0,0.0,2.0,1.0,16.0,0.0,50.0,577.0,96.0,81.0
"Calhoun-12013101 101,202,401,501 Neal Civic Center",174.0,3.0,1.0,20.0,2.0,609.0,55.0,34.0,66.0,1.0,0.0,0.0,42.0,0.0,0.0,0.0,1.0,6.0,0.0,26.0,0.0,81.0,809.0,157.0,155.0
Calhoun-12013102 102 Westside VFD,110.0,1.0,2.0,12.0,1.0,408.0,35.0,15.0,54.0,2.0,4.0,0.0,31.0,0.0,0.0,0.0,0.0,4.0,0.0,13.0,0.0,46.0,534.0,100.0,104.0
Calhoun-12013201 201 Altha Comm Center,93.0,2.0,0.0,9.0,5.0,666.0,35.0,26.0,78.0,0.0,1.0,0.0,33.0,1.0,0.0,0.0,0.0,0.0,1.0,25.0,0.0,66.0,775.0,127.0,139.0
"Calhoun-12013202 101,202,401,501 Neal Civic Center",156.0,1.0,2.0,23.0,2.0,580.0,54.0,32.0,66.0,2.0,2.0,0.0,57.0,0.0,0.0,0.0,2.0,5.0,0.0,33.0,0.0,45.0,764.0,146.0,152.0
Calhoun-12013301 301 Shelton Park Lib,121.0,4.0,4.0,17.0,7.0,826.0,45.0,40.0,84.0,7.0,7.0,0.0,69.0,0.0,0.0,0.0,1.0,2.0,0.0,37.0,0.0,111.0,979.0,234.0,169.0
"Calhoun-12013302 302,502 Carr-Clark VFD",44.0,4.0,0.0,13.0,1.0,421.0,24.0,18.0,53.0,0.0,1.0,0.0,30.0,0.0,0.0,0.0,0.0,4.0,0.0,19.0,0.0,52.0,483.0,106.0,95.0
"Calhoun-12013401 101,202,401,501 Neal Civic Center",339.0,1.0,1.0,4.0,5.0,182.0,137.0,4.0,33.0,3.0,0.0,0.0,7.0,0.0,0.0,0.0,1.0,1.0,0.0,4.0,1.0,17.0,532.0,34.0,174.0
"Calhoun-12013402 402,503 Kinard Library",5.0,1.0,0.0,1.0,0.0,46.0,0.0,7.0,8.0,1.0,1.0,0.0,2.0,0.0,0.0,0.0,0.0,0.0,0.0,2.0,0.0,6.0,53.0,12.0,15.0
"Calhoun-12013501 101,202,401,501 Neal Civic Center",122.0,4.0,0.0,16.0,1.0,481.0,22.0,28.0,53.0,0.0,1.0,1.0,50.0,1.0,0.0,0.0,0.0,4.0,0.0,30.0,0.0,53.0,624.0,140.0,103.0
"Calhoun-12013502 302,502 Carr-Clark VFD",17.0,1.0,0.0,3.0,0.0,132.0,5.0,10.0,14.0,0.0,0.0,0.0,3.0,0.0,0.0,0.0,0.0,0.0,0.0,2.0,0.0,11.0,153.0,16.0,29.0
"Calhoun-12013503 402,503 Kinard Library",60.0,3.0,1.0,6.0,1.0,304.0,25.0,11.0,36.0,0.0,1.0,0.0,32.0,0.0,0.0,0.0,0.0,1.0,0.0,15.0,0.0,36.0,375.0,85.0,72.0
Charlotte-120151,96.0,1.0,1.0,5.0,3.0,206.0,16.0,1.0,20.0,0.0,0.0,0.0,14.0,0.0,0.0,0.0,0.0,3.0,0.0,13.0,0.0,62.0,312.0,92.0,37.0
Charlotte-1201510,319.0,4.0,2.0,19.0,5.0,390.0,69.0,3.0,59.0,6.0,4.0,0.0,22.0,1.0,0.0,0.0,0.0,13.0,4.0,34.0,0.0,99.0,739.0,183.0,131.0
Charlotte-1201511,362.0,3.0,1.0,30.0,8.0,976.0,81.0,5.0,63.0,1.0,3.0,0.0,74.0,0.0,0.0,0.0,0.0,27.0,1.0,72.0,0.0,246.0,1380.0,424.0,149.0
Charlotte-1201512,663.0,7.0,3.0,49.0,10.0,1122.0,145.0,8.0,107.0,12.0,9.0,0.0,75.0,1.0,0.0,0.0,2.0,44.0,1.0,104.0,1.0,294.0,1854.0,543.0,260.0
Charlotte-1201513,346.0,0.0,0.0,20.0,9.0,937.0,78.0,4.0,44.0,6.0,2.0,0.0,63.0,1.0,0.0,0.0,3.0,19.0,0.0,87.0,0.0,232.0,1312.0,413.0,126.0
Charlotte-1201514,465.0,3.0,1.0,24.0,11.0,925.0,112.0,4.0,75.0,16.0,1.0,2.0,69.0,1.0,0.0,0.0,0.0,22.0,0.0,65.0,0.0,233.0,1429.0,409.0,191.0
Charlotte-1201515,589.0,6.0,1.0,41.0,21.0,1083.0,140.0,6.0,77.0,8.0,6.0,1.0,78.0,0.0,0.0,0.0,1.0,26.0,1.0,78.0,0.0,274.0,1741.0,473.0,223.0
Charlotte-1201516,331.0,2.0,0.0,31.0,14.0,385.0,64.0,3.0,54.0,3.0,2.0,0.0,17.0,0.0,0.0,0.0,0.0,3.0,1.0,22.0,0.0,68.0,763.0,116.0,121.0
Charlotte-1201517,578.0,2.0,1.0,37.0,6.0,640.0,169.0,8.0,74.0,25.0,11.0,1.0,41.0,0.0,0.0,0.0,1.0,13.0,2.0,63.0,1.0,134.0,1264.0,292.0,251.0
Charlotte-1201518,432.0,2.0,2.0,39.0,5.0,839.0,81.0,4.0,86.0,6.0,4.0,1.0,45.0,0.0,0.0,0.0,0.0,34.0,1.0,87.0,0.0,209.0,1319.0,387.0,171.0
Charlotte-1201519,225.0,0.0,0.0,16.0,6.0,338.0,48.0,4.0,33.0,8.0,1.0,0.0,21.0,0.0,0.0,0.0,0.0,13.0,2.0,25.0,0.0,99.0,585.0,169.0,85.0
Charlotte-120152,177.0,1.0,0.0,10.0,1.0,334.0,41.0,1.0,29.0,9.0,0.0,0.0,21.0,0.0,0.0,0.0,0.0,16.0,0.0,40.0,0.0,86.0,523.0,172.0,71.0
Charlotte-1201520,440.0,5.0,0.0,39.0,16.0,810.0,76.0,5.0,76.0,4.0,7.0,0.0,38.0,1.0,0.0,1.0,1.0,16.0,2.0,46.0,1.0,208.0,1310.0,325.0,157.0
Charlotte-1201521,322.0,0.0,0.0,8.0,5.0,506.0,90.0,5.0,48.0,2.0,5.0,0.0,27.0,0.0,0.0,0.0,0.0,22.0,0.0,34.0,0.0,126.0,841.0,216.0,143.0
Charlotte-1201522,1005.0,4.0,5.0,55.0,29.0,1470.0,248.0,10.0,151.0,13.0,6.0,1.0,99.0,0.0,0.0,0.0,0.0,40.0,2.0,125.0,0.0,316.0,2568.0,602.0,409.0
Charlotte-1201523,292.0,1.0,0.0,15.0,5.0,547.0,69.0,0.0,49.0,2.0,4.0,1.0,32.0,0.0,0.0,0.0,0.0,49.0,1.0,97.0,0.0,175.0,860.0,361.0,118.0
Charlotte-1201524,484.0,5.0,0.0,29.0,12.0,724.0,95.0,4.0,70.0,10.0,4.0,0.0,45.0,1.0,0.0,0.0,0.0,17.0,0.0,57.0,0.0,172.0,1254.0,306.0,169.0
Charlotte-1201525,500.0,2.0,1.0,37.0,15.0,801.0,116.0,5.0,82.0,10.0,9.0,0.0,54.0,0.0,0.0,0.0,0.0,20.0,0.0,53.0,0.0,189.0,1356.0,335.0,203.0
Charlotte-1201526,300.0,3.0,3.0,13.0,9.0,418.0,60.0,2.0,32.0,3.0,1.0,0.0,15.0,1.0,0.0,0.0,0.0,8.0,0.0,26.0,0.0,102.0,746.0,156.0,94.0
Charlotte-1201527,817.0,1.0,1.0,53.0,10.0,1475.0,221.0,11.0,117.0,12.0,12.0,1.0,92.0,0.0,0.0,0.0,2.0,80.0,1.0,162.0,0.0,375.0,2357.0,737.0,349.0
Charlotte-1201528,505.0,6.0,0.0,26.0,7.0,1149.0,138.0,3.0,69.0,7.0,2.0,2.0,73.0,0.0,0.0,0.0,0.0,77.0,1.0,192.0,0.0,380.0,1693.0,734.0,210.0
Charlotte-1201529,849.0,1.0,1.0,41.0,10.0,1954.0,233.0,5.0,111.0,21.0,16.0,0.0,128.0,2.0,0.0,0.0,0.0,108.0,1.0,262.0,1.0,720.0,2856.0,1259.0,349.0
Charlotte-120153,253.0,1.0,1.0,10.0,2.0,179.0,53.0,1.0,20.0,4.0,2.0,0.0,11.0,0.0,0.0,0.0,0.0,4.0,0.0,13.0,0.0,41.0,446.0,75.0,74.0
Charlotte-1201530,212.0,1.0,0.0,17.0,4.0,507.0,49.0,3.0,49.0,5.0,7.0,0.0,31.0,0.0,0.0,0.0,0.0,17.0,0.0,34.0,0.0,126.0,741.0,220.0,101.0
Charlotte-1201531,487.0,5.0,1.0,37.0,15.0,1371.0,112.0,10.0,87.0,7.0,1.0,2.0,130.0,1.0,0.0,0.0,1.0,38.0,2.0,97.0,0.0,402.0,1916.0,681.0,209.0
Charlotte-1201532,44.0,0.0,0.0,4.0,1.0,242.0,6.0,0.0,2.0,0.0,1.0,0.0,27.0,0.0,0.0,0.0,0.0,1.0,0.0,8.0,0.0,53.0,291.0,90.0,8.0
Charlotte-1201533,421.0,0.0,1.0,31.0,7.0,774.0,84.0,5.0,51.0,7.0,0.0,0.0,42.0,0.0,0.0,0.0,0.0,17.0,0.0,55.0,0.0,198.0,1234.0,319.0,140.0
Charlotte-1201534,425.0,2.0,0.0,27.0,6.0,919.0,111.0,4.0,54.0,11.0,1.0,1.0,73.0,1.0,0.0,0.0,1.0,73.0,0.0,137.0,0.0,328.0,1379.0,626.0,169.0
Charlotte-1201535,267.0,0.0,1.0,21.0,4.0,481.0,68.0,0.0,38.0,5.0,0.0,0.0,28.0,0.0,0.0,0.0,0.0,12.0,0.0,51.0,0.0,131.0,774.0,227.0,106.0
Charlotte-1201536,648.0,2.0,0.0,30.0,14.0,811.0,150.0,4.0,55.0,4.0,4.0,1.0,54.0,0.0,0.0,1.0,0.0,13.0,1.0,45.0,0.0,142.0,1505.0,265.0,209.0
Charlotte-1201538,701.0,2.0,4.0,32.0,13.0,866.0,176.0,7.0,99.0,6.0,5.0,0.0,64.0,0.0,1.0,0.0,2.0,39.0,2.0,81.0,1.0,229.0,1618.0,430.0,282.0
Charlotte-1201539,662.0,2.0,3.0,44.0,19.0,958.0,139.0,8.0,108.0,12.0,4.0,0.0,93.0,0.0,0.0,0.0,1.0,24.0,0.0,76.0,0.0,212.0,1688.0,422.0,255.0
Charlotte-120154,98.0,0.0,0.0,4.0,2.0,196.0,14.0,1.0,25.0,4.0,1.0,0.0,15.0,0.0,0.0,0.0,1.0,18.0,0.0,20.0,0.0,72.0,300.0,131.0,40.0
Charlotte-1201541,473.0,2.0,0.0,32.0,6.0,1088.0,106.0,6.0,62.0,11.0,1.0,2.0,83.0,1.0,0.0,0.0,0.0,63.0,0.0,196.0,0.0,371.0,1601.0,728.0,174.0
Charlotte-1201542,708.0,2.0,2.0,46.0,21.0,1673.0,189.0,8.0,109.0,10.0,13.0,1.0,122.0,1.0,0.0,0.0,0.0,70.0,1.0,151.0,0.0,508.0,2452.0,877.0,306.0
Charlotte-1201543,711.0,6.0,2.0,50.0,13.0,1054.0,200.0,3.0,107.0,5.0,3.0,1.0,73.0,1.0,0.0,1.0,0.0,34.0,1.0,72.0,0.0,281.0,1836.0,472.0,310.0
Charlotte-1201544,964.0,2.0,1.0,53.0,16.0,1788.0,241.0,7.0,151.0,16.0,12.0,0.0,121.0,0.0,0.0,2.0,0.0,52.0,4.0,176.0,1.0,515.0,2824.0,899.0,399.0
Charlotte-1201545,663.0,2.0,0.0,40.0,17.0,1220.0,194.0,6.0,127.0,5.0,6.0,0.0,89.0,0.0,0.0,0.0,0.0,30.0,0.0,76.0,0.0,345.0,1942.0,551.0,327.0
Charlotte-1201546,855.0,5.0,0.0,31.0,10.0,1512.0,217.0,8.0,107.0,11.0,9.0,0.0,98.0,0.0,0.0,0.0,3.0,69.0,1.0,162.0,0.0,417.0,2413.0,770.0,332.0
Charlotte-1201547,1401.0,0.0,5.0,62.0,18.0,2770.0,370.0,10.0,232.0,22.0,12.0,3.0,187.0,1.0,0.0,0.0,2.0,115.0,5.0,279.0,0.0,774.0,4256.0,1400.0,612.0
Charlotte-1201548,747.0,2.0,1.0,32.0,7.0,999.0,206.0,5.0,81.0,8.0,7.0,0.0,74.0,0.0,0.0,0.0,0.0,35.0,0.0,104.0,0.0,264.0,1788.0,492.0,292.0
Charlotte-1201549,350.0,1.0,0.0,17.0,2.0,541.0,73.0,4.0,37.0,1.0,1.0,0.0,44.0,0.0,0.0,0.0,0.0,17.0,0.0,51.0,0.0,153.0,911.0,267.0,114.0
Charlotte-120155,532.0,2.0,2.0,35.0,5.0,834.0,137.0,6.0,67.0,17.0,10.0,0.0,76.0,0.0,0.0,0.0,0.0,52.0,3.0,93.0,1.0,237.0,1410.0,489.0,210.0
Charlotte-1201552,888.0,3.0,1.0,52.0,14.0,1335.0,217.0,13.0,108.0,10.0,3.0,1.0,90.0,0.0,0.0,0.0,2.0,37.0,0.0,110.0,0.0,343.0,2293.0,596.0,338.0
Charlotte-1201553,432.0,3.0,1.0,37.0,8.0,935.0,74.0,6.0,77.0,2.0,1.0,0.0,70.0,0.0,0.0,0.0,0.0,14.0,0.0,38.0,1.0,174.0,1416.0,300.0,157.0
Charlotte-1201554,354.0,0.0,0.0,24.0,5.0,581.0,113.0,9.0,40.0,4.0,2.0,0.0,52.0,0.0,0.0,0.0,1.0,31.0,0.0,90.0,0.0,170.0,964.0,350.0,162.0
Charlotte-1201555,694.0,0.0,1.0,35.0,6.0,1436.0,203.0,4.0,91.0,16.0,9.0,0.0,109.0,0.0,0.0,1.0,0.0,88.0,0.0,214.0,0.0,420.0,2172.0,857.0,298.0
Charlotte-1201556,614.0,2.0,3.0,36.0,2.0,720.0,141.0,3.0,75.0,8.0,9.0,0.0,51.0,1.0,0.0,0.0,0.0,24.0,1.0,70.0,0.0,168.0,1377.0,332.0,219.0
Charlotte-1201557,137.0,0.0,0.0,5.0,2.0,334.0,30.0,1.0,16.0,1.0,0.0,0.0,22.0,0.0,0.0,0.0,0.0,25.0,0.0,58.0,0.0,111.0,478.0,217.0,47.0
Charlotte-1201558,681.0,2.0,0.0,36.0,12.0,1252.0,152.0,3.0,75.0,7.0,2.0,0.0,86.0,0.0,0.0,0.0,0.0,28.0,1.0,98.0,0.0,319.0,1983.0,541.0,230.0
Charlotte-120156,728.0,2.0,0.0,26.0,7.0,1341.0,191.0,7.0,75.0,11.0,2.0,2.0,82.0,0.0,0.0,0.0,0.0,88.0,0.0,194.0,0.0,402.0,2104.0,781.0,273.0
Charlotte-1201560,149.0,2.0,0.0,5.0,0.0,288.0,40.0,2.0,19.0,5.0,1.0,0.0,26.0,0.0,0.0,0.0,0.0,12.0,2.0,30.0,0.0,89.0,444.0,165.0,61.0
Charlotte-1201561,314.0,0.0,1.0,12.0,4.0,750.0,85.0,3.0,57.0,5.0,1.0,0.0,45.0,0.0,0.0,0.0,1.0,23.0,1.0,63.0,0.0,231.0,1081.0,370.0,145.0
Charlotte-1201563,1487.0,2.0,3.0,84.0,17.0,2204.0,356.0,11.0,152.0,16.0,12.0,2.0,161.0,3.0,0.0,0.0,1.0,86.0,2.0,247.0,1.0,606.0,3797.0,1137.0,519.0
Charlotte-1201564,823.0,1.0,2.0,41.0,6.0,1951.0,79.0,1.0,27.0,6.0,0.0,2.0,77.0,0.0,0.0,0.0,0.0,60.0,0.0,182.0,0.0,265.0,2824.0,592.0,107.0
Charlotte-1201565,0.0,0.0,0.0,0.0,0.0,0.0,146.0,5.0,66.0,16.0,5.0,0.0,79.0,0.0,0.0,0.0,0.0,83.0,0.0,192.0,0.0,390.0,0.0,765.0,217.0
Charlotte-1201566,249.0,1.0,1.0,12.0,6.0,354.0,46.0,3.0,28.0,4.0,4.0,0.0,18.0,0.0,0.0,0.0,0.0,4.0,0.0,24.0,0.0,71.0,623.0,125.0,77.0
Charlotte-1201567,63.0,0.0,0.0,2.0,1.0,120.0,14.0,0.0,6.0,4.0,1.0,0.0,2.0,0.0,0.0,0.0,0.0,3.0,0.0,7.0,0.0,30.0,186.0,47.0,20.0
Charlotte-1201568,245.0,3.0,0.0,12.0,4.0,694.0,60.0,1.0,28.0,5.0,1.0,0.0,59.0,0.0,0.0,0.0,0.0,24.0,2.0,93.0,0.0,204.0,958.0,388.0,89.0
Charlotte-1201569,146.0,0.0,0.0,6.0,5.0,275.0,33.0,4.0,12.0,1.0,2.0,0.0,25.0,0.0,0.0,0.0,0.0,7.0,0.0,26.0,0.0,77.0,432.0,138.0,49.0
Charlotte-120157,667.0,3.0,0.0,48.0,2.0,1313.0,145.0,9.0,113.0,4.0,5.0,2.0,98.0,2.0,0.0,1.0,0.0,36.0,1.0,130.0,1.0,363.0,2033.0,643.0,267.0
Charlotte-1201570,0.0,0.0,0.0,0.0,0.0,0.0,3.0,0.0,3.0,0.0,0.0,0.0,4.0,0.0,0.0,0.0,0.0,0.0,0.0,3.0,0.0,15.0,0.0,22.0,6.0
Charlotte-1201575,912.0,1.0,5.0,45.0,10.0,1206.0,226.0,7.0,67.0,10.0,7.0,2.0,77.0,0.0,0.0,0.0,0.0,41.0,0.0,111.0,1.0,329.0,2179.0,578.0,300.0
Charlotte-1201576,196.0,1.0,1.0,14.0,2.0,259.0,43.0,4.0,22.0,1.0,3.0,1.0,15.0,0.0,0.0,0.0,1.0,1.0,0.0,19.0,0.0,60.0,473.0,101.0,69.0
Charlotte-1201577,791.0,3.0,1.0,46.0,11.0,1914.0,180.0,10.0,104.0,10.0,9.0,0.0,148.0,0.0,0.0,0.0,0.0,43.0,0.0,153.0,3.0,542.0,2766.0,908.0,294.0
Charlotte-1201578,82.0,0.0,0.0,12.0,1.0,195.0,20.0,0.0,8.0,3.0,1.0,1.0,6.0,1.0,0.0,0.0,0.0,34.0,0.0,66.0,1.0,63.0,290.0,176.0,28.0
Charlotte-120158,293.0,0.0,1.0,14.0,10.0,533.0,71.0,4.0,70.0,4.0,2.0,1.0,42.0,0.0,0.0,0.0,0.0,19.0,0.0,41.0,1.0,151.0,851.0,261.0,145.0
Charlotte-1201580,475.0,0.0,0.0,34.0,9.0,952.0,93.0,4.0,69.0,6.0,3.0,0.0,51.0,0.0,0.0,0.0,0.0,17.0,2.0,63.0,0.0,202.0,1470.0,344.0,166.0
Charlotte-120159,306.0,0.0,0.0,16.0,4.0,464.0,81.0,0.0,36.0,3.0,3.0,0.0,42.0,0.0,0.0,0.0,0.0,24.0,0.0,68.0,0.0,134.0,790.0,274.0,117.0
Citrus-12017100 100 - Red Level,435.0,5.0,1.0,23.0,18.0,1460.0,129.0,15.0,130.0,13.0,8.0,2.0,120.0,0.0,0.0,1.0,0.0,32.0,1.0,123.0,1.0,433.0,1942.0,734.0,274.0
Citrus-12017101 101 - Citronelle,507.0,3.0,3.0,46.0,13.0,1672.0,168.0,25.0,133.0,5.0,11.0,1.0,131.0,1.0,0.0,0.0,3.0,30.0,0.0,127.0,0.0,482.0,2244.0,791.0,326.0
Citrus-12017102 102 - Dunnellon,232.0,2.0,0.0,15.0,2.0,452.0,79.0,7.0,33.0,5.0,3.0,0.0,30.0,0.0,0.0,0.0,0.0,12.0,0.0,37.0,0.0,117.0,703.0,204.0,119.0
Citrus-12017104 104 - NW Crystal River,425.0,2.0,2.0,41.0,15.0,1028.0,125.0,21.0,101.0,6.0,8.0,0.0,99.0,0.0,0.0,0.0,0.0,13.0,0.0,76.0,1.0,250.0,1513.0,453.0,247.0
Citrus-12017105 105 - City of Crystal River,523.0,0.0,2.0,30.0,7.0,1076.0,171.0,13.0,107.0,11.0,6.0,0.0,75.0,1.0,0.0,1.0,1.0,49.0,0.0,106.0,1.0,337.0,1638.0,588.0,291.0
Citrus-12017107 107 - E Crystal River,623.0,10.0,2.0,42.0,14.0,1361.0,201.0,12.0,134.0,18.0,5.0,2.0,124.0,1.0,0.0,0.0,0.0,69.0,1.0,135.0,0.0,379.0,2052.0,734.0,347.0
Citrus-12017108 108 - E Pine Ridge,778.0,4.0,0.0,40.0,13.0,1774.0,223.0,14.0,141.0,15.0,10.0,0.0,149.0,0.0,0.0,0.0,0.0,104.0,1.0,211.0,0.0,607.0,2609.0,1097.0,378.0
Citrus-12017109 109 - W Pine Ridge,704.0,2.0,0.0,50.0,7.0,1913.0,221.0,14.0,127.0,11.0,6.0,0.0,200.0,0.0,0.0,0.0,1.0,73.0,1.0,227.0,2.0,646.0,2676.0,1167.0,362.0
Citrus-12017110 110 - Citrus Springs,1493.0,8.0,2.0,118.0,37.0,3532.0,365.0,28.0,297.0,28.0,14.0,2.0,294.0,3.0,1.0,0.0,5.0,72.0,2.0,249.0,2.0,882.0,5190.0,1554.0,690.0
Citrus-12017200 200 - Holder,508.0,8.0,4.0,33.0,12.0,1464.0,175.0,14.0,125.0,14.0,6.0,1.0,128.0,1.0,0.0,0.0,0.0,43.0,3.0,86.0,0.0,416.0,2029.0,698.0,314.0
Citrus-12017201 201 - N Hernando,677.0,8.0,0.0,51.0,16.0,1632.0,221.0,17.0,149.0,22.0,8.0,2.0,146.0,0.0,0.0,0.0,7.0,46.0,0.0,171.0,0.0,457.0,2384.0,859.0,387.0
Citrus-12017202 202 - N Citrus Hills,1447.0,2.0,4.0,85.0,24.0,3248.0,449.0,19.0,233.0,30.0,15.0,3.0,340.0,2.0,0.0,0.0,1.0,153.0,3.0,407.0,0.0,1068.0,4810.0,2022.0,701.0
Citrus-12017203 203 - Forest Ridge,729.0,3.0,4.0,44.0,16.0,1363.0,233.0,17.0,145.0,14.0,5.0,1.0,116.0,0.0,0.0,0.0,0.0,49.0,1.0,149.0,1.0,417.0,2159.0,753.0,395.0
Citrus-12017204 204 - N Lecanto,743.0,2.0,1.0,41.0,16.0,1760.0,227.0,8.0,109.0,11.0,10.0,2.0,153.0,2.0,0.0,0.0,2.0,80.0,3.0,225.0,0.0,564.0,2563.0,1052.0,344.0
Citrus-12017205 205 - Central Beverly Hills,476.0,3.0,3.0,45.0,9.0,866.0,123.0,9.0,102.0,10.0,8.0,0.0,54.0,0.0,0.0,0.0,1.0,11.0,0.0,48.0,0.0,209.0,1402.0,341.0,234.0
Citrus-12017206 206 - W Beverly Hills,536.0,6.0,4.0,47.0,16.0,921.0,150.0,7.0,97.0,12.0,1.0,2.0,62.0,2.0,1.0,1.0,0.0,18.0,0.0,65.0,0.0,192.0,1530.0,356.0,254.0
Citrus-12017208 208 - N Citrus Hills,390.0,4.0,2.0,20.0,6.0,925.0,121.0,7.0,65.0,11.0,2.0,0.0,113.0,0.0,1.0,2.0,0.0,33.0,0.0,89.0,0.0,268.0,1347.0,519.0,193.0
Citrus-12017300 300 - S Lecanto,394.0,3.0,0.0,44.0,8.0,1250.0,108.0,15.0,109.0,7.0,5.0,0.0,105.0,0.0,0.0,0.0,0.0,21.0,1.0,67.0,0.0,300.0,1699.0,506.0,232.0
Citrus-12017301 301 - S Crystal River,1170.0,4.0,1.0,122.0,29.0,3263.0,324.0,37.0,293.0,19.0,20.0,1.0,241.0,0.0,1.0,1.0,3.0,76.0,5.0,282.0,0.0,938.0,4589.0,1587.0,654.0
Citrus-12017302 302 - N Homosassa Springs,1011.0,11.0,4.0,86.0,16.0,2692.0,310.0,39.0,220.0,15.0,9.0,2.0,203.0,0.0,0.0,1.0,0.0,67.0,3.0,215.0,0.0,768.0,3820.0,1283.0,569.0
Citrus-12017305 305 - S Homosassa Springs,899.0,9.0,2.0,76.0,27.0,2408.0,292.0,19.0,239.0,9.0,11.0,0.0,187.0,1.0,0.0,0.0,2.0,34.0,4.0,138.0,1.0,573.0,3421.0,960.0,550.0
Citrus-12017307 307 - Sugarmill Woods,2243.0,10.0,4.0,97.0,29.0,4519.0,640.0,27.0,354.0,47.0,23.0,3.0,399.0,2.0,0.0,1.0,1.0,249.0,4.0,564.0,3.0,1398.0,6902.0,2694.0,1021.0
Citrus-12017400 400 - Pleasant Grove,373.0,6.0,1.0,46.0,9.0,1176.0,116.0,12.0,97.0,1.0,6.0,0.0,136.0,0.0,0.0,0.0,1.0,28.0,0.0,85.0,0.0,301.0,1611.0,558.0,225.0
Citrus-12017401 401 - E Inverness,204.0,1.0,0.0,13.0,8.0,601.0,57.0,4.0,65.0,2.0,2.0,0.0,47.0,0.0,0.0,0.0,0.0,9.0,0.0,40.0,0.0,172.0,827.0,272.0,126.0
Citrus-12017402 402 - N Inverness,562.0,8.0,4.0,49.0,7.0,1320.0,149.0,13.0,135.0,13.0,7.0,2.0,88.0,0.0,0.0,1.0,1.0,14.0,0.0,80.0,1.0,295.0,1950.0,502.0,297.0
Citrus-12017403 403 - City of Inverness,1213.0,16.0,3.0,97.0,28.0,2134.0,372.0,25.0,250.0,20.0,20.0,5.0,237.0,1.0,0.0,0.0,5.0,71.0,2.0,205.0,0.0,477.0,3491.0,1043.0,647.0
Citrus-12017404 404 - Gospel Island,561.0,6.0,3.0,50.0,12.0,1502.0,167.0,21.0,146.0,6.0,16.0,2.0,137.0,2.0,0.0,0.0,1.0,44.0,0.0,154.0,0.0,450.0,2134.0,812.0,334.0
Citrus-12017405 405 - S Inverness,1381.0,18.0,4.0,115.0,25.0,3098.0,450.0,41.0,286.0,35.0,16.0,1.0,314.0,0.0,0.0,0.0,2.0,102.0,2.0,307.0,0.0,824.0,4641.0,1603.0,777.0
Citrus-12017406 406 - W Inverness,544.0,9.0,2.0,59.0,9.0,1419.0,172.0,12.0,128.0,6.0,2.0,1.0,169.0,1.0,0.0,0.0,1.0,28.0,0.0,121.0,1.0,361.0,2042.0,691.0,312.0
Citrus-12017407 407 - N Floral City,465.0,4.0,2.0,47.0,15.0,1175.0,151.0,13.0,116.0,6.0,6.0,1.0,92.0,0.0,0.0,0.0,1.0,40.0,1.0,92.0,1.0,321.0,1708.0,561.0,280.0
Citrus-12017408 408 - S Floral City,543.0,5.0,4.0,52.0,17.0,1452.0,176.0,30.0,120.0,11.0,6.0,2.0,176.0,0.0,0.0,0.0,1.0,36.0,3.0,110.0,1.0,343.0,2073.0,689.0,326.0
Clay-12019100,190.0,1.0,3.0,35.0,7.0,1798.0,49.0,9.0,48.0,7.0,3.0,0.0,185.0,1.0,0.0,0.0,0.0,12.0,1.0,145.0,1.0,483.0,2034.0,838.0,106.0
Clay-12019102,314.0,2.0,1.0,63.0,23.0,1927.0,59.0,9.0,64.0,5.0,5.0,0.0,165.0,0.0,0.0,0.0,3.0,7.0,1.0,102.0,0.0,491.0,2330.0,779.0,132.0
Clay-12019106,353.0,4.0,3.0,62.0,17.0,2379.0,49.0,14.0,73.0,11.0,15.0,1.0,214.0,1.0,0.0,0.0,1.0,10.0,0.0,169.0,0.0,554.0,2818.0,976.0,136.0
Clay-12019110,280.0,5.0,3.0,40.0,10.0,1396.0,48.0,4.0,57.0,8.0,5.0,0.0,105.0,0.0,0.0,0.0,1.0,17.0,1.0,145.0,0.0,388.0,1734.0,670.0,109.0
Clay-12019112,1163.0,13.0,4.0,102.0,18.0,2915.0,180.0,12.0,135.0,5.0,8.0,0.0,282.0,0.0,0.0,0.0,1.0,55.0,0.0,257.0,2.0,718.0,4215.0,1328.0,327.0
Clay-12019113,2319.0,16.0,8.0,140.0,39.0,2594.0,397.0,10.0,180.0,8.0,7.0,3.0,198.0,0.0,0.0,1.0,2.0,52.0,2.0,272.0,1.0,486.0,5116.0,1032.0,587.0
Clay-12019115,1547.0,7.0,4.0,119.0,23.0,1836.0,268.0,6.0,138.0,6.0,8.0,2.0,167.0,0.0,0.0,1.0,2.0,38.0,0.0,194.0,0.0,341.0,3536.0,759.0,412.0
Clay-12019116,1557.0,14.0,1.0,93.0,18.0,1603.0,319.0,8.0,150.0,6.0,4.0,1.0,114.0,1.0,0.0,0.0,1.0,26.0,0.0,164.0,1.0,327.0,3286.0,645.0,477.0
Clay-12019118,673.0,3.0,1.0,79.0,20.0,2134.0,159.0,12.0,112.0,14.0,12.0,0.0,221.0,0.0,0.0,1.0,0.0,53.0,2.0,232.0,0.0,586.0,2910.0,1121.0,283.0
Clay-12019122,911.0,6.0,4.0,89.0,16.0,1811.0,217.0,7.0,100.0,12.0,4.0,1.0,191.0,0.0,0.0,0.0,1.0,35.0,1.0,228.0,0.0,459.0,2837.0,932.0,324.0
Clay-12019124,451.0,1.0,0.0,40.0,4.0,1264.0,96.0,5.0,52.0,8.0,1.0,0.0,135.0,1.0,0.0,0.0,0.0,53.0,1.0,231.0,0.0,431.0,1760.0,861.0,153.0
Clay-12019128,678.0,3.0,0.0,46.0,10.0,820.0,98.0,5.0,61.0,6.0,2.0,0.0,74.0,0.0,0.0,0.0,1.0,12.0,0.0,88.0,1.0,188.0,1557.0,372.0,164.0
Clay-12019202,765.0,4.0,4.0,71.0,19.0,1437.0,123.0,7.0,101.0,13.0,4.0,1.0,116.0,3.0,0.0,0.0,1.0,19.0,1.0,124.0,0.0,357.0,2300.0,639.0,231.0
Clay-12019204,610.0,5.0,2.0,52.0,14.0,1133.0,119.0,3.0,66.0,8.0,5.0,2.0,120.0,1.0,0.0,0.0,3.0,26.0,0.0,172.0,0.0,290.0,1816.0,627.0,188.0
Clay-12019206,377.0,6.0,1.0,24.0,8.0,667.0,83.0,5.0,44.0,6.0,7.0,0.0,89.0,1.0,0.0,0.0,0.0,15.0,2.0,82.0,1.0,182.0,1083.0,385.0,132.0
Clay-12019208,347.0,5.0,0.0,47.0,7.0,679.0,58.0,9.0,48.0,21.0,6.0,0.0,67.0,0.0,0.0,0.0,0.0,41.0,2.0,122.0,0.0,179.0,1085.0,438.0,115.0
Clay-12019210,669.0,6.0,1.0,54.0,18.0,1592.0,137.0,11.0,114.0,17.0,1.0,0.0,211.0,0.0,0.0,1.0,2.0,52.0,0.0,231.0,0.0,421.0,2340.0,936.0,262.0
Clay-12019216,705.0,7.0,1.0,86.0,13.0,2288.0,151.0,10.0,110.0,26.0,7.0,0.0,274.0,2.0,0.0,0.0,1.0,79.0,4.0,374.0,0.0,630.0,3100.0,1397.0,271.0
Clay-12019218,543.0,4.0,0.0,91.0,17.0,1696.0,116.0,4.0,89.0,11.0,3.0,1.0,193.0,1.0,0.0,0.0,0.0,31.0,1.0,237.0,1.0,475.0,2351.0,954.0,209.0
Clay-12019302,864.0,10.0,7.0,84.0,29.0,2063.0,148.0,7.0,122.0,10.0,8.0,1.0,177.0,0.0,0.0,0.0,0.0,38.0,0.0,205.0,0.0,542.0,3057.0,981.0,277.0
Clay-12019304,751.0,3.0,6.0,64.0,11.0,1911.0,130.0,8.0,100.0,8.0,5.0,0.0,223.0,2.0,0.0,0.0,1.0,19.0,3.0,148.0,0.0,440.0,2746.0,849.0,238.0
Clay-12019308,595.0,6.0,2.0,66.0,9.0,1427.0,130.0,9.0,82.0,15.0,10.0,0.0,129.0,2.0,1.0,1.0,1.0,20.0,1.0,137.0,0.0,369.0,2105.0,686.0,221.0
Clay-12019310,405.0,3.0,1.0,37.0,9.0,1758.0,75.0,6.0,47.0,9.0,5.0,0.0,165.0,0.0,0.0,1.0,0.0,29.0,1.0,212.0,0.0,479.0,2213.0,901.0,128.0
Clay-12019400,502.0,2.0,3.0,45.0,11.0,1575.0,115.0,4.0,66.0,14.0,6.0,0.0,181.0,0.0,0.0,0.0,1.0,66.0,1.0,274.0,0.0,476.0,2138.0,1019.0,185.0
Clay-12019406,499.0,3.0,1.0,57.0,8.0,1380.0,105.0,1.0,64.0,7.0,6.0,1.0,195.0,0.0,0.0,0.0,0.0,63.0,0.0,224.0,0.0,335.0,1948.0,831.0,170.0
Clay-12019408,802.0,4.0,3.0,81.0,9.0,2605.0,164.0,6.0,85.0,12.0,5.0,2.0,281.0,2.0,0.0,0.0,0.0,114.0,2.0,412.0,1.0,744.0,3504.0,1575.0,255.0
Clay-12019410,1435.0,13.0,3.0,141.0,25.0,3470.0,263.0,9.0,182.0,14.0,15.0,2.0,365.0,3.0,0.0,2.0,0.0,112.0,1.0,467.0,1.0,862.0,5087.0,1844.0,454.0
Clay-12019412,526.0,3.0,1.0,42.0,14.0,2167.0,108.0,7.0,81.0,24.0,11.0,1.0,259.0,2.0,0.0,0.0,2.0,80.0,1.0,355.0,0.0,647.0,2753.0,1382.0,196.0
Clay-12019414,515.0,7.0,5.0,61.0,7.0,1546.0,102.0,5.0,84.0,12.0,12.0,0.0,213.0,0.0,0.0,0.0,1.0,47.0,1.0,184.0,0.0,411.0,2141.0,881.0,191.0
Clay-12019500,610.0,3.0,4.0,85.0,16.0,1737.0,85.0,7.0,77.0,5.0,12.0,1.0,175.0,0.0,0.0,0.0,1.0,14.0,1.0,158.0,0.0,405.0,2455.0,772.0,169.0
Clay-12019503,239.0,1.0,0.0,17.0,1.0,896.0,45.0,1.0,29.0,8.0,5.0,0.0,106.0,0.0,0.0,0.0,1.0,27.0,0.0,85.0,1.0,236.0,1154.0,469.0,75.0
Clay-12019504,243.0,3.0,2.0,49.0,7.0,1661.0,41.0,8.0,46.0,7.0,7.0,1.0,209.0,0.0,0.0,0.0,2.0,35.0,2.0,177.0,0.0,627.0,1965.0,1067.0,95.0
Clay-12019506,144.0,2.0,2.0,28.0,4.0,1028.0,18.0,11.0,36.0,3.0,4.0,0.0,90.0,0.0,0.0,0.0,1.0,4.0,1.0,76.0,1.0,267.0,1208.0,447.0,65.0
Clay-12019508,326.0,2.0,1.0,60.0,13.0,2325.0,72.0,9.0,80.0,14.0,7.0,1.0,270.0,1.0,0.0,0.0,1.0,25.0,0.0,209.0,1.0,638.0,2727.0,1167.0,161.0
Clay-12019600,796.0,11.0,2.0,131.0,15.0,2772.0,148.0,8.0,119.0,7.0,14.0,0.0,279.0,0.0,0.0,0.0,2.0,36.0,2.0,281.0,1.0,619.0,3727.0,1241.0,275.0
Clay-12019601,75.0,0.0,0.0,19.0,1.0,471.0,15.0,4.0,18.0,1.0,1.0,0.0,43.0,0.0,0.0,0.0,1.0,4.0,1.0,28.0,0.0,147.0,566.0,226.0,37.0
Clay-12019602,205.0,3.0,0.0,21.0,6.0,596.0,33.0,0.0,24.0,3.0,5.0,0.0,65.0,0.0,0.0,0.0,0.0,26.0,1.0,60.0,0.0,160.0,831.0,320.0,57.0
Clay-12019604,391.0,1.0,1.0,51.0,5.0,1514.0,74.0,6.0,34.0,13.0,1.0,1.0,160.0,2.0,0.0,0.0,4.0,65.0,0.0,209.0,0.0,433.0,1963.0,888.0,114.0
Clay-12019606,1804.0,8.0,3.0,143.0,34.0,2615.0,327.0,15.0,179.0,30.0,10.0,2.0,246.0,2.0,0.0,0.0,1.0,50.0,3.0,261.0,0.0,553.0,4607.0,1158.0,521.0
Clay-12019610,88.0,1.0,2.0,9.0,0.0,664.0,18.0,4.0,12.0,5.0,5.0,0.0,67.0,1.0,0.0,0.0,0.0,10.0,0.0,55.0,1.0,218.0,764.0,362.0,34.0
Clay-12019612,75.0,3.0,0.0,9.0,3.0,443.0,10.0,2.0,15.0,1.0,1.0,0.0,37.0,1.0,0.0,0.0,0.0,5.0,0.0,30.0,0.0,125.0,533.0,200.0,27.0
Clay-12019700,29.0,0.0,0.0,4.0,2.0,238.0,8.0,1.0,14.0,1.0,1.0,0.0,30.0,0.0,0.0,0.0,0.0,8.0,0.0,34.0,0.0,97.0,273.0,171.0,23.0
Clay-12019702,366.0,7.0,0.0,48.0,6.0,1545.0,91.0,6.0,108.0,11.0,9.0,0.0,231.0,1.0,0.0,0.0,4.0,29.0,0.0,158.0,0.0,379.0,1972.0,822.0,205.0
Clay-12019704,235.0,0.0,2.0,29.0,5.0,971.0,48.0,8.0,75.0,8.0,4.0,1.0,112.0,0.0,0.0,0.0,0.0,12.0,1.0,101.0,1.0,248.0,1242.0,488.0,131.0
Clay-12019706,376.0,6.0,2.0,60.0,13.0,1956.0,92.0,10.0,90.0,17.0,8.0,1.0,221.0,1.0,0.0,0.0,1.0,25.0,0.0,146.0,0.0,493.0,2413.0,913.0,192.0
Clay-12019708,175.0,6.0,2.0,22.0,4.0,1171.0,53.0,7.0,47.0,6.0,4.0,0.0,123.0,0.0,0.0,0.0,1.0,9.0,2.0,95.0,0.0,339.0,1380.0,579.0,107.0
Clay-12019710,299.0,0.0,2.0,10.0,3.0,489.0,103.0,4.0,42.0,10.0,5.0,0.0,62.0,0.0,0.0,1.0,2.0,38.0,0.0,125.0,0.0,105.0,803.0,348.0,149.0
Collier-12021101,981.0,1.0,0.0,36.0,8.0,1504.0,207.0,13.0,84.0,16.0,4.0,2.0,126.0,3.0,0.0,0.0,1.0,62.0,2.0,154.0,0.0,432.0,2530.0,802.0,304.0
Collier-12021102,21.0,0.0,1.0,1.0,0.0,47.0,2.0,0.0,9.0,1.0,0.0,0.0,0.0,0.0,0.0,0.0,0.0,0.0,0.0,2.0,0.0,13.0,70.0,16.0,11.0
Collier-12021103,601.0,0.0,0.0,13.0,9.0,930.0,128.0,2.0,54.0,10.0,2.0,1.0,61.0,0.0,0.0,0.0,0.0,41.0,1.0,91.0,0.0,251.0,1553.0,458.0,184.0
Collier-12021135,1444.0,9.0,1.0,65.0,15.0,2202.0,366.0,10.0,202.0,37.0,7.0,2.0,229.0,1.0,0.0,0.0,0.0,131.0,2.0,278.0,2.0,683.0,3736.0,1372.0,578.0
Collier-12021139,861.0,2.0,1.0,32.0,13.0,1244.0,204.0,13.0,104.0,24.0,4.0,0.0,124.0,1.0,0.0,0.0,2.0,61.0,0.0,147.0,0.0,368.0,2153.0,731.0,321.0
Collier-12021141,675.0,1.0,0.0,30.0,7.0,1233.0,131.0,6.0,65.0,10.0,3.0,1.0,71.0,0.0,0.0,0.0,0.0,77.0,2.0,138.0,1.0,350.0,1946.0,653.0,202.0
Collier-12021142,379.0,2.0,2.0,31.0,4.0,870.0,94.0,2.0,43.0,7.0,3.0,1.0,71.0,0.0,0.0,0.0,0.0,62.0,1.0,118.0,1.0,291.0,1288.0,555.0,139.0
Collier-12021144,1053.0,4.0,2.0,62.0,15.0,2124.0,257.0,9.0,145.0,19.0,5.0,2.0,191.0,3.0,0.0,0.0,0.0,120.0,1.0,242.0,0.0,672.0,3260.0,1255.0,411.0
Collier-12021150,0.0,0.0,0.0,0.0,0.0,0.0,12.0,0.0,2.0,1.0,1.0,0.0,8.0,1.0,0.0,0.0,0.0,2.0,0.0,5.0,0.0,13.0,0.0,31.0,14.0
Collier-12021155,1736.0,7.0,2.0,73.0,10.0,3462.0,433.0,11.0,185.0,31.0,5.0,2.0,304.0,0.0,0.0,0.0,1.0,233.0,1.0,479.0,0.0,1105.0,5290.0,2161.0,629.0
Collier-12021156,1920.0,7.0,5.0,59.0,16.0,1564.0,315.0,6.0,152.0,25.0,12.0,1.0,167.0,0.0,0.0,0.0,1.0,83.0,4.0,194.0,0.0,483.0,3571.0,970.0,473.0
Collier-12021159,397.0,0.0,0.0,14.0,4.0,1051.0,110.0,1.0,29.0,6.0,1.0,1.0,94.0,1.0,0.0,0.0,1.0,93.0,0.0,178.0,0.0,363.0,1466.0,738.0,140.0
Collier-12021189,74.0,0.0,0.0,13.0,1.0,134.0,15.0,0.0,17.0,0.0,2.0,0.0,16.0,1.0,0.0,0.0,0.0,6.0,0.0,18.0,0.0,46.0,222.0,89.0,32.0
Collier-12021190,727.0,0.0,3.0,37.0,9.0,2162.0,207.0,6.0,95.0,30.0,10.0,1.0,185.0,0.0,0.0,1.0,2.0,159.0,0.0,381.0,0.0,795.0,2938.0,1564.0,308.0
Collier-12021193,1147.0,1.0,2.0,91.0,16.0,3475.0,264.0,15.0,145.0,33.0,5.0,2.0,291.0,1.0,0.0,0.0,1.0,217.0,0.0,518.0,0.0,1195.0,4732.0,2263.0,424.0
Collier-12021194,761.0,1.0,1.0,45.0,4.0,2399.0,209.0,9.0,78.0,26.0,3.0,0.0,236.0,3.0,0.0,0.0,1.0,186.0,1.0,481.0,1.0,892.0,3211.0,1830.0,296.0
Collier-12021202,1732.0,6.0,1.0,114.0,20.0,3529.0,373.0,10.0,178.0,48.0,18.0,2.0,357.0,4.0,3.0,0.0,1.0,217.0,0.0,616.0,2.0,929.0,5402.0,2197.0,561.0
Collier-12021203,970.0,2.0,3.0,63.0,9.0,2074.0,239.0,7.0,115.0,28.0,5.0,0.0,249.0,4.0,0.0,0.0,1.0,133.0,0.0,320.0,0.0,534.0,3121.0,1274.0,361.0
Collier-12021205,1487.0,1.0,0.0,75.0,17.0,2563.0,390.0,13.0,180.0,55.0,16.0,6.0,241.0,1.0,0.0,0.0,1.0,230.0,1.0,427.0,0.0,770.0,4143.0,1748.0,583.0
Collier-12021222,560.0,0.0,0.0,40.0,8.0,1125.0,195.0,3.0,43.0,50.0,10.0,0.0,122.0,4.0,0.0,0.0,1.0,164.0,0.0,258.0,0.0,333.0,1733.0,942.0,241.0
Collier-12021223,1741.0,7.0,2.0,108.0,32.0,2794.0,376.0,14.0,213.0,27.0,8.0,2.0,237.0,3.0,0.0,0.0,0.0,196.0,1.0,400.0,0.0,769.0,4684.0,1643.0,603.0
Collier-12021242,312.0,0.0,1.0,7.0,1.0,669.0,106.0,1.0,54.0,4.0,6.0,0.0,59.0,0.0,0.0,0.0,1.0,36.0,0.0,86.0,0.0,243.0,990.0,435.0,161.0
Collier-12021251,2016.0,10.0,3.0,128.0,26.0,3157.0,375.0,2.0,208.0,41.0,21.0,2.0,299.0,2.0,0.0,0.0,1.0,191.0,3.0,443.0,1.0,828.0,5340.0,1832.0,585.0
Collier-12021252,621.0,3.0,0.0,26.0,3.0,1466.0,172.0,5.0,44.0,21.0,5.0,1.0,136.0,1.0,0.0,0.0,1.0,135.0,1.0,291.0,1.0,547.0,2119.0,1140.0,221.0
Collier-12021255,1642.0,5.0,0.0,80.0,5.0,3089.0,443.0,1.0,72.0,76.0,14.0,5.0,271.0,8.0,0.0,1.0,0.0,523.0,3.0,901.0,1.0,935.0,4821.0,2738.0,516.0
Collier-12021257,922.0,0.0,1.0,64.0,9.0,1680.0,181.0,7.0,99.0,20.0,6.0,1.0,200.0,0.0,0.0,0.0,1.0,136.0,1.0,267.0,0.0,501.0,2676.0,1133.0,287.0
Collier-12021258,1740.0,7.0,4.0,109.0,17.0,2654.0,346.0,6.0,159.0,36.0,12.0,4.0,314.0,3.0,0.0,1.0,0.0,217.0,1.0,417.0,0.0,671.0,4531.0,1676.0,511.0
Collier-12021303,1395.0,2.0,2.0,76.0,18.0,3270.0,285.0,12.0,104.0,34.0,10.0,1.0,278.0,0.0,1.0,0.0,0.0,223.0,0.0,509.0,0.0,903.0,4763.0,1959.0,401.0
Collier-12021310,1475.0,4.0,5.0,70.0,21.0,3045.0,378.0,1.0,169.0,28.0,8.0,1.0,317.0,1.0,1.0,0.0,3.0,157.0,3.0,389.0,0.0,877.0,4620.0,1785.0,548.0
Collier-12021313,1242.0,3.0,1.0,73.0,20.0,2005.0,178.0,6.0,133.0,17.0,7.0,0.0,199.0,0.0,0.0,0.0,0.0,67.0,3.0,214.0,0.0,475.0,3344.0,982.0,317.0
Collier-12021315,744.0,0.0,1.0,18.0,5.0,1478.0,245.0,5.0,106.0,4.0,1.0,0.0,137.0,1.0,0.0,0.0,0.0,95.0,1.0,196.0,0.0,527.0,2246.0,962.0,356.0
Collier-12021317,898.0,3.0,2.0,39.0,7.0,1802.0,231.0,2.0,80.0,34.0,3.0,0.0,232.0,2.0,0.0,2.0,1.0,155.0,0.0,383.0,0.0,588.0,2751.0,1400.0,313.0
Collier-12021322,779.0,4.0,5.0,59.0,20.0,2043.0,136.0,6.0,99.0,5.0,11.0,1.0,267.0,1.0,0.0,0.0,1.0,67.0,1.0,216.0,1.0,523.0,2910.0,1094.0,241.0
Collier-12021323,2413.0,8.0,8.0,86.0,21.0,1117.0,304.0,4.0,146.0,18.0,6.0,0.0,117.0,0.0,0.0,0.0,0.0,14.0,0.0,141.0,0.0,205.0,3653.0,501.0,454.0
Collier-12021324,1817.0,5.0,3.0,79.0,21.0,1668.0,292.0,10.0,170.0,23.0,7.0,1.0,190.0,0.0,0.0,0.0,0.0,48.0,1.0,173.0,1.0,354.0,3593.0,798.0,472.0
Collier-12021332,1777.0,3.0,2.0,95.0,28.0,2783.0,404.0,8.0,182.0,31.0,8.0,2.0,253.0,1.0,0.0,0.0,0.0,173.0,1.0,351.0,0.0,777.0,4688.0,1597.0,594.0
Collier-12021414,887.0,1.0,1.0,49.0,19.0,1227.0,177.0,4.0,120.0,15.0,5.0,2.0,165.0,3.0,0.0,0.0,0.0,88.0,0.0,138.0,0.0,289.0,2184.0,705.0,301.0
Collier-12021416,219.0,0.0,0.0,13.0,3.0,509.0,46.0,1.0,12.0,18.0,3.0,1.0,45.0,0.0,0.0,1.0,0.0,111.0,1.0,131.0,0.0,172.0,744.0,483.0,59.0
Collier-12021418,1771.0,10.0,0.0,107.0,24.0,3221.0,338.0,12.0,179.0,43.0,17.0,0.0,258.0,1.0,0.0,1.0,0.0,280.0,2.0,544.0,0.0,926.0,5133.0,2072.0,529.0
Collier-12021428,648.0,2.0,0.0,44.0,6.0,1212.0,128.0,1.0,84.0,9.0,2.0,2.0,138.0,1.0,0.0,0.0,2.0,43.0,0.0,134.0,0.0,311.0,1912.0,642.0,213.0
Collier-12021430,1001.0,4.0,5.0,69.0,25.0,1522.0,199.0,13.0,113.0,27.0,8.0,2.0,154.0,1.0,0.0,0.0,3.0,62.0,0.0,161.0,1.0,382.0,2626.0,801.0,325.0
Collier-12021431,525.0,1.0,0.0,30.0,8.0,951.0,142.0,7.0,69.0,8.0,2.0,0.0,99.0,0.0,0.0,0.0,0.0,47.0,0.0,146.0,0.0,280.0,1515.0,582.0,218.0
Collier-12021434,1293.0,8.0,1.0,64.0,27.0,1849.0,232.0,15.0,140.0,18.0,7.0,1.0,167.0,0.0,0.0,0.0,2.0,96.0,1.0,193.0,0.0,480.0,3242.0,965.0,387.0
Collier-12021438,688.0,4.0,0.0,24.0,11.0,1340.0,189.0,10.0,65.0,31.0,6.0,0.0,115.0,2.0,0.0,0.0,0.0,90.0,0.0,159.0,1.0,443.0,2067.0,847.0,264.0
Collier-12021440,1104.0,2.0,1.0,49.0,13.0,1792.0,226.0,4.0,99.0,18.0,1.0,0.0,201.0,0.0,0.0,0.0,1.0,127.0,1.0,245.0,0.0,487.0,2961.0,1081.0,329.0
Collier-12021450,72.0,0.0,0.0,3.0,2.0,50.0,0.0,0.0,0.0,0.0,0.0,0.0,0.0,0.0,0.0,0.0,0.0,0.0,0.0,0.0,0.0,0.0,127.0,0.0,0.0
Collier-12021462,779.0,1.0,1.0,56.0,7.0,2014.0,191.0,9.0,61.0,25.0,5.0,2.0,198.0,0.0,0.0,0.0,1.0,279.0,1.0,488.0,0.0,670.0,2858.0,1669.0,261.0
Collier-12021464,1023.0,1.0,1.0,70.0,4.0,2247.0,271.0,8.0,106.0,41.0,5.0,0.0,212.0,1.0,0.0,1.0,2.0,331.0,3.0,507.0,0.0,767.0,3346.0,1870.0,385.0
Collier-12021472,272.0,1.0,0.0,5.0,1.0,143.0,45.0,0.0,16.0,0.0,0.0,0.0,15.0,1.0,0.0,0.0,0.0,11.0,0.0,18.0,0.0,34.0,422.0,79.0,61.0
Collier-12021475,218.0,1.0,0.0,21.0,2.0,726.0,46.0,7.0,31.0,4.0,1.0,0.0,55.0,0.0,0.0,0.0,0.0,65.0,0.0,102.0,0.0,270.0,968.0,497.0,84.0
Collier-12021477,1016.0,0.0,1.0,63.0,12.0,2285.0,266.0,8.0,95.0,32.0,14.0,0.0,196.0,2.0,0.0,0.0,0.0,314.0,1.0,525.0,2.0,757.0,3377.0,1843.0,369.0
Collier-12021479,565.0,1.0,1.0,39.0,5.0,1112.0,146.0,4.0,78.0,13.0,3.0,0.0,102.0,2.0,0.0,0.0,1.0,91.0,2.0,189.0,1.0,330.0,1723.0,734.0,228.0
Collier-12021502,120.0,0.0,0.0,5.0,6.0,404.0,38.0,3.0,27.0,2.0,0.0,0.0,41.0,0.0,0.0,0.0,0.0,7.0,0.0,24.0,0.0,115.0,535.0,189.0,68.0
Collier-12021550,383.0,1.0,1.0,41.0,9.0,931.0,62.0,2.0,58.0,8.0,4.0,0.0,100.0,0.0,0.0,0.0,0.0,26.0,1.0,102.0,0.0,237.0,1366.0,478.0,122.0
Collier-12021551,1620.0,4.0,5.0,109.0,17.0,3599.0,262.0,12.0,155.0,21.0,13.0,2.0,419.0,1.0,0.0,0.0,1.0,108.0,3.0,386.0,0.0,863.0,5354.0,1817.0,429.0
Collier-12021552,603.0,3.0,1.0,66.0,10.0,1172.0,86.0,2.0,58.0,8.0,8.0,1.0,145.0,0.0,0.0,0.0,1.0,18.0,3.0,114.0,0.0,269.0,1855.0,567.0,146.0
Collier-12021554,1057.0,2.0,3.0,58.0,28.0,1665.0,142.0,7.0,123.0,8.0,6.0,0.0,209.0,0.0,0.0,0.0,0.0,13.0,0.0,95.0,1.0,313.0,2813.0,645.0,272.0
Collier-12021590,1681.0,3.0,5.0,112.0,17.0,3229.0,305.0,12.0,160.0,22.0,7.0,0.0,367.0,0.0,1.0,0.0,1.0,89.0,3.0,318.0,0.0,808.0,5047.0,1616.0,477.0
Collier-12021591,1451.0,4.0,3.0,91.0,33.0,2074.0,222.0,8.0,155.0,22.0,16.0,3.0,255.0,1.0,0.0,0.0,1.0,28.0,4.0,185.0,0.0,354.0,3656.0,869.0,385.0
Collier-12021593,330.0,7.0,0.0,30.0,1.0,1168.0,61.0,3.0,27.0,5.0,8.0,0.0,216.0,1.0,0.0,0.0,0.0,29.0,1.0,231.0,1.0,234.0,1536.0,726.0,91.0
Collier-12021594,2699.0,3.0,4.0,34.0,18.0,569.0,306.0,12.0,145.0,4.0,6.0,1.0,48.0,0.0,0.0,0.0,1.0,8.0,1.0,50.0,0.0,76.0,3327.0,195.0,463.0
Columbia-1202310 Richardson Comm Center,739.0,3.0,0.0,16.0,6.0,177.0,254.0,6.0,32.0,4.0,0.0,0.0,15.0,0.0,0.0,1.0,0.0,0.0,1.0,17.0,0.0,19.0,941.0,57.0,292.0
Columbia-1202312 Supv Elections Office,347.0,0.0,0.0,6.0,3.0,52.0,129.0,0.0,20.0,0.0,0.0,0.0,2.0,0.0,0.0,0.0,0.0,1.0,0.0,4.0,0.0,13.0,408.0,20.0,149.0
Columbia-1202313 Supv Elections Office,7.0,0.0,0.0,4.0,0.0,57.0,1.0,0.0,8.0,0.0,1.0,0.0,9.0,0.0,0.0,0.0,0.0,0.0,0.0,4.0,0.0,20.0,68.0,34.0,9.0
Columbia-1202314 Richardson Comm Center,93.0,1.0,0.0,5.0,2.0,152.0,29.0,2.0,19.0,3.0,1.0,0.0,13.0,0.0,0.0,0.0,0.0,1.0,0.0,3.0,0.0,20.0,253.0,41.0,50.0
Columbia-1202315 Deep Creek Com Center,73.0,1.0,0.0,4.0,0.0,377.0,25.0,20.0,37.0,1.0,2.0,1.0,36.0,0.0,0.0,1.0,0.0,0.0,0.0,8.0,0.0,67.0,455.0,116.0,82.0
Columbia-1202316 Winfield Com Center,484.0,7.0,1.0,18.0,5.0,923.0,170.0,27.0,69.0,6.0,1.0,2.0,89.0,1.0,0.0,0.0,0.0,7.0,0.0,52.0,0.0,163.0,1438.0,321.0,266.0
Columbia-1202317 Lake City Church God,404.0,3.0,3.0,17.0,0.0,583.0,143.0,19.0,63.0,2.0,1.0,1.0,54.0,0.0,0.0,0.0,0.0,4.0,0.0,17.0,0.0,85.0,1010.0,164.0,225.0
Columbia-1202321 Christ Central Ministries,257.0,1.0,2.0,9.0,4.0,893.0,75.0,14.0,66.0,4.0,3.0,0.0,94.0,0.0,0.0,0.0,0.0,7.0,0.0,59.0,1.0,172.0,1166.0,340.0,155.0
Columbia-1202322 Christ Central Ministries,319.0,2.0,0.0,19.0,4.0,1154.0,103.0,19.0,74.0,0.0,4.0,1.0,116.0,0.0,0.0,0.0,0.0,15.0,0.0,60.0,0.0,259.0,1498.0,455.0,196.0
Columbia-1202323 Ft White Comm Center,901.0,7.0,6.0,93.0,37.0,2823.0,234.0,32.0,253.0,13.0,11.0,2.0,335.0,1.0,0.0,1.0,0.0,39.0,2.0,150.0,0.0,634.0,3867.0,1188.0,519.0
Columbia-1202331 Westside Community Center,433.0,2.0,0.0,44.0,12.0,1869.0,135.0,31.0,110.0,4.0,3.0,0.0,253.0,0.0,0.0,1.0,1.0,35.0,0.0,182.0,1.0,405.0,2360.0,885.0,276.0
Columbia-1202332 Winfield Comm Center,96.0,0.0,0.0,3.0,2.0,233.0,28.0,1.0,21.0,2.0,0.0,0.0,38.0,0.0,1.0,0.0,0.0,4.0,1.0,6.0,0.0,34.0,334.0,86.0,50.0
Columbia-1202333 Southside Rec Complex,637.0,3.0,3.0,70.0,12.0,2611.0,170.0,40.0,182.0,16.0,9.0,2.0,337.0,0.0,0.0,0.0,4.0,37.0,2.0,223.0,1.0,458.0,3336.0,1089.0,392.0
Columbia-1202334 Supv Elections Office,280.0,1.0,0.0,15.0,8.0,436.0,69.0,10.0,27.0,4.0,3.0,0.0,54.0,1.0,0.0,0.0,0.0,6.0,0.0,43.0,0.0,87.0,740.0,198.0,106.0
Columbia-1202341 Lake City Church God,504.0,1.0,2.0,40.0,15.0,1343.0,151.0,33.0,121.0,4.0,7.0,0.0,184.0,0.0,0.0,0.0,0.0,24.0,4.0,89.0,0.0,234.0,1905.0,546.0,305.0
Columbia-1202342 Lulu Comm Center,30.0,2.0,0.0,5.0,1.0,201.0,11.0,6.0,14.0,0.0,0.0,0.0,30.0,0.0,0.0,0.0,0.0,1.0,0.0,14.0,0.0,40.0,239.0,85.0,31.0
Columbia-1202343 Mason City Comm Center,262.0,0.0,1.0,19.0,8.0,1273.0,91.0,30.0,80.0,1.0,7.0,0.0,135.0,0.0,0.0,0.0,3.0,8.0,0.0,107.0,1.0,283.0,1563.0,545.0,201.0
Columbia-1202344 Philippi Baptist Church,328.0,2.0,0.0,21.0,8.0,1049.0,86.0,13.0,97.0,6.0,5.0,0.0,127.0,0.0,0.0,0.0,1.0,11.0,1.0,56.0,1.0,223.0,1408.0,431.0,196.0
Columbia-1202351 Southside Rec Complex,436.0,4.0,1.0,39.0,6.0,1473.0,142.0,28.0,119.0,5.0,3.0,1.0,215.0,2.0,0.0,0.0,2.0,16.0,2.0,123.0,0.0,306.0,1959.0,675.0,289.0
Columbia-1202352 Orchard Church Southridge,290.0,2.0,0.0,33.0,4.0,1562.0,87.0,26.0,125.0,4.0,8.0,1.0,174.0,0.0,0.0,0.0,0.0,22.0,0.0,110.0,0.0,284.0,1891.0,603.0,238.0
Columbia-1202353 Supv Elections Office,438.0,1.0,0.0,28.0,11.0,608.0,105.0,8.0,74.0,5.0,2.0,0.0,70.0,0.0,0.0,0.0,1.0,15.0,1.0,50.0,0.0,119.0,1086.0,263.0,187.0
Columbia-1202354 Southside Rec Complex,243.0,1.0,2.0,15.0,2.0,519.0,66.0,7.0,65.0,7.0,3.0,0.0,63.0,0.0,0.0,0.0,2.0,11.0,0.0,61.0,2.0,108.0,782.0,257.0,138.0
Dixie-1202901,290.0,0.0,0.0,20.0,7.0,1312.0,82.0,22.0,114.0,3.0,10.0,0.0,84.0,0.0,0.0,0.0,1.0,8.0,1.0,46.0,0.0,245.0,1629.0,398.0,218.0
Dixie-1202902,58.0,1.0,1.0,5.0,0.0,300.0,25.0,9.0,26.0,0.0,1.0,0.0,14.0,0.0,0.0,0.0,0.0,0.0,0.0,7.0,0.0,32.0,365.0,54.0,60.0
Dixie-1202904,316.0,2.0,0.0,27.0,7.0,1539.0,117.0,45.0,121.0,7.0,7.0,0.0,85.0,0.0,0.0,0.0,0.0,11.0,0.0,46.0,1.0,334.0,1891.0,491.0,283.0
Dixie-1202905,39.0,0.0,1.0,0.0,0.0,269.0,16.0,5.0,21.0,0.0,0.0,0.0,33.0,0.0,0.0,0.0,0.0,5.0,0.0,24.0,0.0,86.0,309.0,148.0,42.0
Dixie-1202906,82.0,2.0,0.0,7.0,2.0,661.0,20.0,21.0,52.0,1.0,1.0,0.0,30.0,1.0,0.0,0.0,0.0,2.0,0.0,31.0,0.0,107.0,754.0,173.0,93.0
Dixie-1202907,29.0,0.0,0.0,2.0,0.0,240.0,7.0,6.0,12.0,2.0,1.0,0.0,14.0,0.0,0.0,0.0,0.0,0.0,0.0,4.0,0.0,31.0,271.0,52.0,25.0
Dixie-1202909,345.0,2.0,0.0,11.0,3.0,597.0,100.0,14.0,47.0,0.0,2.0,1.0,32.0,0.0,0.0,0.0,1.0,1.0,0.0,27.0,1.0,97.0,958.0,162.0,161.0
Dixie-1202910,37.0,2.0,0.0,3.0,1.0,376.0,16.0,13.0,22.0,1.0,2.0,1.0,29.0,0.0,0.0,0.0,1.0,1.0,0.0,8.0,0.0,62.0,419.0,105.0,51.0
Dixie-1202911,38.0,1.0,0.0,2.0,1.0,283.0,11.0,4.0,21.0,2.0,0.0,0.0,20.0,0.0,0.0,0.0,0.0,1.0,0.0,6.0,0.0,57.0,325.0,86.0,36.0
Dixie-1202912,36.0,0.0,0.0,0.0,0.0,245.0,15.0,11.0,23.0,0.0,0.0,0.0,8.0,0.0,0.0,0.0,1.0,2.0,0.0,7.0,0.0,52.0,281.0,70.0,49.0
Duval-120311001,1970.0,1.0,1.0,5.0,6.0,129.0,937.0,5.0,146.0,0.0,2.0,0.0,6.0,0.0,0.0,1.0,0.0,0.0,0.0,11.0,0.0,20.0,2112.0,40.0,1088.0
Duval-120311002,2103.0,0.0,2.0,9.0,7.0,51.0,992.0,3.0,146.0,3.0,3.0,1.0,3.0,0.0,0.0,0.0,0.0,3.0,0.0,3.0,0.0,7.0,2172.0,23.0,1141.0
Duval-120311003,1167.0,1.0,0.0,6.0,8.0,34.0,520.0,2.0,74.0,1.0,4.0,0.0,0.0,0.0,0.0,0.0,0.0,0.0,0.0,2.0,0.0,6.0,1216.0,13.0,596.0
Duval-120311004,1773.0,1.0,0.0,5.0,3.0,38.0,929.0,4.0,98.0,0.0,1.0,0.0,2.0,0.0,0.0,0.0,0.0,0.0,0.0,6.0,0.0,1.0,1820.0,10.0,1031.0
Duval-120311005,2493.0,4.0,1.0,8.0,13.0,77.0,1183.0,4.0,148.0,1.0,3.0,0.0,4.0,0.0,0.0,0.0,0.0,2.0,0.0,7.0,1.0,11.0,2596.0,29.0,1335.0
Duval-120311006,540.0,2.0,1.0,10.0,4.0,617.0,154.0,13.0,85.0,6.0,4.0,0.0,50.0,0.0,0.0,0.0,0.0,5.0,0.0,39.0,0.0,140.0,1174.0,244.0,252.0
Duval-120311007,462.0,1.0,1.0,21.0,2.0,525.0,132.0,10.0,69.0,5.0,0.0,0.0,54.0,0.0,0.0,0.0,0.0,3.0,0.0,44.0,0.0,117.0,1012.0,223.0,211.0
Duval-120311008,1600.0,1.0,4.0,38.0,22.0,788.0,509.0,10.0,144.0,10.0,15.0,0.0,76.0,0.0,0.0,0.0,2.0,7.0,1.0,81.0,0.0,200.0,2453.0,392.0,663.0
Duval-120311009,1121.0,3.0,1.0,24.0,17.0,717.0,311.0,13.0,99.0,10.0,7.0,1.0,78.0,1.0,0.0,0.0,0.0,12.0,0.0,81.0,0.0,174.0,1883.0,364.0,423.0
Duval-12031101,1028.0,3.0,1.0,43.0,13.0,913.0,284.0,13.0,123.0,7.0,2.0,0.0,134.0,0.0,0.0,0.0,0.0,21.0,1.0,115.0,0.0,219.0,2001.0,499.0,420.0
Duval-120311010,732.0,3.0,1.0,40.0,10.0,862.0,213.0,12.0,94.0,8.0,6.0,0.0,71.0,0.0,0.0,1.0,1.0,9.0,0.0,104.0,1.0,209.0,1648.0,410.0,319.0
Duval-120311011,258.0,1.0,0.0,15.0,7.0,654.0,72.0,16.0,42.0,1.0,2.0,0.0,70.0,0.0,0.0,0.0,1.0,7.0,1.0,47.0,0.0,145.0,935.0,274.0,130.0
Duval-120311012,1419.0,6.0,4.0,26.0,13.0,429.0,383.0,6.0,131.0,5.0,2.0,1.0,44.0,0.0,0.0,0.0,1.0,3.0,0.0,43.0,0.0,96.0,1897.0,195.0,520.0
Duval-120311013,441.0,2.0,4.0,14.0,4.0,525.0,112.0,8.0,61.0,6.0,5.0,0.0,72.0,0.0,0.0,0.0,0.0,15.0,1.0,84.0,0.0,141.0,990.0,324.0,181.0
Duval-120311014,1398.0,2.0,4.0,51.0,9.0,882.0,478.0,9.0,134.0,13.0,7.0,0.0,102.0,0.0,0.0,0.0,0.0,8.0,2.0,108.0,1.0,214.0,2346.0,455.0,621.0
Duval-120311015,1094.0,1.0,1.0,46.0,6.0,821.0,335.0,17.0,126.0,8.0,2.0,0.0,72.0,0.0,0.0,1.0,0.0,10.0,0.0,83.0,1.0,230.0,1969.0,407.0,478.0
Duval-120311016,746.0,3.0,2.0,42.0,7.0,563.0,222.0,9.0,75.0,3.0,1.0,0.0,30.0,1.0,0.0,0.0,1.0,5.0,0.0,65.0,0.0,116.0,1363.0,222.0,306.0
Duval-12031102,2182.0,3.0,2.0,97.0,27.0,1007.0,477.0,12.0,172.0,3.0,5.0,0.0,62.0,1.0,0.0,0.0,0.0,10.0,0.0,76.0,1.0,147.0,3318.0,305.0,661.0
Duval-12031103,479.0,0.0,1.0,31.0,4.0,594.0,144.0,5.0,59.0,3.0,2.0,2.0,68.0,0.0,0.0,0.0,0.0,20.0,0.0,82.0,0.0,144.0,1109.0,321.0,208.0
Duval-12031104,847.0,4.0,2.0,55.0,14.0,918.0,221.0,10.0,112.0,5.0,7.0,0.0,90.0,1.0,0.0,0.0,0.0,21.0,1.0,130.0,0.0,195.0,1840.0,450.0,343.0
Duval-12031105,1374.0,1.0,6.0,87.0,9.0,1592.0,405.0,22.0,181.0,11.0,15.0,0.0,175.0,0.0,0.0,0.0,1.0,25.0,1.0,185.0,0.0,398.0,3069.0,811.0,608.0
Duval-12031106,1914.0,8.0,1.0,67.0,33.0,1599.0,554.0,30.0,221.0,11.0,9.0,1.0,138.0,1.0,0.0,0.0,1.0,28.0,3.0,236.0,0.0,441.0,3622.0,869.0,805.0
Duval-12031107,654.0,1.0,0.0,16.0,12.0,332.0,183.0,8.0,75.0,4.0,3.0,0.0,17.0,0.0,0.0,0.0,1.0,7.0,1.0,34.0,0.0,102.0,1015.0,169.0,266.0
Duval-12031108,690.0,2.0,5.0,33.0,15.0,906.0,200.0,15.0,143.0,9.0,5.0,0.0,68.0,0.0,0.0,0.0,0.0,13.0,4.0,113.0,0.0,241.0,1651.0,453.0,358.0
Duval-12031109,536.0,1.0,1.0,23.0,8.0,470.0,115.0,6.0,84.0,6.0,2.0,0.0,46.0,0.0,0.0,0.0,0.0,20.0,2.0,76.0,0.0,139.0,1039.0,291.0,205.0
Duval-12031110,600.0,3.0,0.0,43.0,11.0,1037.0,170.0,11.0,133.0,15.0,3.0,0.0,97.0,2.0,0.0,0.0,0.0,24.0,0.0,170.0,0.0,288.0,1694.0,599.0,314.0
Duval-120311101,384.0,2.0,0.0,24.0,4.0,455.0,90.0,3.0,67.0,2.0,1.0,0.0,50.0,1.0,1.0,0.0,0.0,13.0,1.0,87.0,0.0,141.0,869.0,297.0,160.0
Duval-120311102,133.0,0.0,0.0,15.0,0.0,235.0,17.0,3.0,14.0,1.0,0.0,0.0,23.0,0.0,0.0,0.0,0.0,21.0,1.0,73.0,0.0,74.0,383.0,193.0,34.0
Duval-120311103,1068.0,5.0,1.0,61.0,24.0,1274.0,196.0,2.0,140.0,5.0,7.0,2.0,129.0,2.0,0.0,0.0,1.0,51.0,1.0,310.0,2.0,306.0,2433.0,816.0,338.0
Duval-120311104,1318.0,3.0,3.0,97.0,19.0,1788.0,263.0,7.0,120.0,5.0,6.0,0.0,158.0,0.0,0.0,0.0,0.0,35.0,4.0,233.0,0.0,381.0,3228.0,822.0,390.0
Duval-120311105,1390.0,4.0,4.0,148.0,42.0,1447.0,154.0,4.0,248.0,7.0,16.0,1.0,121.0,0.0,1.0,0.0,0.0,33.0,4.0,154.0,0.0,319.0,3035.0,656.0,406.0
Duval-120311106,1983.0,2.0,3.0,122.0,27.0,2463.0,499.0,21.0,202.0,32.0,15.0,2.0,212.0,1.0,0.0,0.0,1.0,110.0,1.0,489.0,0.0,639.0,4600.0,1502.0,722.0
Duval-120311107,459.0,0.0,1.0,30.0,4.0,865.0,97.0,2.0,54.0,5.0,3.0,0.0,95.0,0.0,0.0,0.0,0.0,51.0,0.0,210.0,0.0,266.0,1359.0,630.0,153.0
Duval-120311108,1213.0,1.0,4.0,94.0,28.0,1097.0,267.0,12.0,194.0,6.0,4.0,0.0,98.0,1.0,0.0,0.0,1.0,27.0,0.0,159.0,0.0,252.0,2437.0,548.0,473.0
Duval-120311109,385.0,2.0,1.0,33.0,5.0,1208.0,95.0,2.0,62.0,15.0,9.0,0.0,113.0,0.0,0.0,0.0,0.0,77.0,0.0,318.0,0.0,374.0,1634.0,906.0,159.0
Duval-12031111,473.0,6.0,1.0,30.0,10.0,775.0,279.0,16.0,155.0,9.0,4.0,0.0,151.0,0.0,0.0,0.0,0.0,25.0,2.0,209.0,0.0,358.0,1295.0,758.0,450.0
Duval-120311110,1554.0,7.0,3.0,127.0,19.0,1804.0,286.0,7.0,195.0,8.0,7.0,1.0,137.0,1.0,0.0,0.0,2.0,49.0,3.0,256.0,1.0,358.0,3514.0,823.0,488.0
Duval-120311111,804.0,4.0,0.0,65.0,27.0,456.0,148.0,3.0,126.0,8.0,2.0,0.0,39.0,0.0,0.0,0.0,1.0,9.0,1.0,68.0,0.0,75.0,1356.0,203.0,277.0
Duval-120311112,997.0,3.0,1.0,80.0,14.0,1225.0,213.0,3.0,124.0,16.0,5.0,1.0,121.0,2.0,0.0,0.0,1.0,47.0,2.0,235.0,0.0,300.0,2320.0,730.0,340.0
Duval-120311113,1380.0,9.0,3.0,97.0,19.0,863.0,218.0,2.0,223.0,6.0,4.0,0.0,65.0,0.0,0.0,0.0,0.0,26.0,3.0,108.0,1.0,215.0,2371.0,428.0,443.0
Duval-120311114,1035.0,11.0,1.0,60.0,13.0,866.0,180.0,3.0,143.0,18.0,4.0,0.0,73.0,0.0,0.0,0.0,0.0,26.0,0.0,119.0,0.0,158.0,1986.0,398.0,326.0
Duval-120311115,1249.0,8.0,0.0,83.0,15.0,1562.0,248.0,4.0,121.0,12.0,4.0,0.0,165.0,0.0,0.0,0.0,0.0,37.0,1.0,233.0,0.0,382.0,2917.0,834.0,373.0
Duval-12031112,743.0,3.0,3.0,28.0,13.0,461.0,169.0,2.0,92.0,10.0,5.0,0.0,44.0,0.0,0.0,0.0,0.0,11.0,0.0,47.0,0.0,77.0,1251.0,194.0,263.0
Duval-12031113,2236.0,6.0,2.0,101.0,33.0,1885.0,675.0,26.0,257.0,22.0,8.0,1.0,185.0,1.0,0.0,1.0,1.0,46.0,4.0,257.0,1.0,426.0,4263.0,953.0,958.0
Duval-12031114,947.0,2.0,3.0,27.0,12.0,433.0,182.0,2.0,78.0,4.0,2.0,0.0,20.0,0.0,0.0,0.0,1.0,1.0,1.0,32.0,0.0,106.0,1424.0,167.0,262.0
Duval-120311201,470.0,7.0,1.0,39.0,15.0,1693.0,179.0,20.0,110.0,13.0,6.0,0.0,205.0,0.0,0.0,1.0,1.0,9.0,2.0,155.0,0.0,354.0,2225.0,746.0,309.0
Duval-120311202,564.0,3.0,3.0,24.0,4.0,1252.0,229.0,14.0,86.0,6.0,6.0,1.0,221.0,0.0,1.0,0.0,1.0,18.0,1.0,152.0,0.0,354.0,1850.0,761.0,329.0
Duval-120311203,170.0,3.0,1.0,21.0,4.0,750.0,62.0,10.0,48.0,3.0,2.0,0.0,98.0,0.0,0.0,0.0,1.0,5.0,1.0,64.0,0.0,199.0,949.0,373.0,120.0
Duval-120311204,340.0,3.0,1.0,28.0,6.0,955.0,101.0,8.0,63.0,3.0,4.0,0.0,97.0,0.0,0.0,0.0,1.0,6.0,2.0,76.0,0.0,290.0,1333.0,479.0,172.0
Duval-120311205,1264.0,7.0,3.0,62.0,18.0,1401.0,382.0,28.0,184.0,19.0,11.0,1.0,226.0,0.0,0.0,0.0,3.0,22.0,0.0,192.0,1.0,434.0,2755.0,909.0,594.0
Duval-120311206,1132.0,3.0,0.0,46.0,14.0,1581.0,399.0,13.0,143.0,15.0,4.0,1.0,270.0,0.0,0.0,0.0,6.0,23.0,1.0,222.0,0.0,396.0,2776.0,938.0,555.0
Duval-120311207,191.0,1.0,0.0,5.0,1.0,424.0,76.0,6.0,38.0,0.0,4.0,0.0,41.0,0.0,0.0,0.0,0.0,4.0,0.0,31.0,0.0,94.0,622.0,174.0,120.0
Duval-120311208,1252.0,10.0,4.0,56.0,13.0,1321.0,326.0,15.0,144.0,8.0,3.0,0.0,123.0,0.0,0.0,1.0,0.0,10.0,0.0,147.0,0.0,329.0,2656.0,621.0,485.0
Duval-120311209,583.0,2.0,2.0,45.0,9.0,1922.0,187.0,25.0,127.0,13.0,6.0,0.0,242.0,1.0,0.0,0.0,0.0,16.0,2.0,197.0,0.0,499.0,2563.0,976.0,339.0
Duval-120311210,729.0,2.0,2.0,54.0,5.0,1142.0,212.0,8.0,107.0,3.0,7.0,1.0,110.0,0.0,0.0,1.0,1.0,12.0,1.0,91.0,0.0,268.0,1934.0,495.0,327.0
Duval-120311211,1187.0,8.0,3.0,67.0,13.0,1241.0,314.0,14.0,137.0,8.0,5.0,0.0,117.0,0.0,0.0,0.0,2.0,24.0,0.0,121.0,0.0,284.0,2519.0,561.0,465.0
Duval-120311212,2055.0,8.0,4.0,108.0,20.0,1941.0,611.0,29.0,205.0,10.0,13.0,0.0,271.0,3.0,0.0,1.0,1.0,22.0,5.0,221.0,0.0,432.0,4136.0,979.0,845.0
Duval-120311213,1536.0,8.0,4.0,63.0,16.0,1610.0,391.0,18.0,189.0,14.0,10.0,1.0,181.0,1.0,0.0,0.0,1.0,16.0,2.0,156.0,0.0,401.0,3237.0,783.0,598.0
Duval-120311301,906.0,3.0,1.0,91.0,11.0,1499.0,217.0,4.0,152.0,12.0,2.0,2.0,108.0,1.0,1.0,0.0,0.0,73.0,1.0,262.0,1.0,439.0,2511.0,902.0,373.0
Duval-120311302,659.0,3.0,0.0,104.0,16.0,1626.0,137.0,14.0,148.0,7.0,6.0,2.0,127.0,1.0,0.0,1.0,1.0,53.0,3.0,237.0,0.0,431.0,2408.0,869.0,299.0
Duval-120311303,661.0,3.0,0.0,85.0,10.0,1342.0,139.0,7.0,138.0,6.0,7.0,1.0,89.0,0.0,0.0,0.0,0.0,58.0,3.0,223.0,0.0,394.0,2101.0,781.0,284.0
Duval-120311304,908.0,0.0,4.0,92.0,13.0,1255.0,174.0,6.0,161.0,15.0,2.0,1.0,73.0,0.0,0.0,0.0,1.0,45.0,3.0,166.0,0.0,267.0,2272.0,573.0,341.0
Duval-120311305,827.0,2.0,0.0,105.0,20.0,1378.0,181.0,14.0,172.0,8.0,8.0,0.0,91.0,0.0,0.0,0.0,0.0,57.0,2.0,253.0,1.0,373.0,2332.0,793.0,367.0
Duval-120311306,805.0,3.0,2.0,88.0,21.0,1047.0,201.0,9.0,162.0,6.0,5.0,3.0,71.0,2.0,1.0,0.0,1.0,54.0,1.0,183.0,0.0,298.0,1966.0,625.0,372.0
Duval-120311307,972.0,2.0,2.0,70.0,8.0,1393.0,287.0,12.0,152.0,24.0,9.0,1.0,128.0,1.0,0.0,0.0,1.0,129.0,3.0,301.0,1.0,411.0,2447.0,1009.0,451.0
Duval-120311308,962.0,3.0,0.0,48.0,15.0,1008.0,266.0,8.0,154.0,8.0,4.0,0.0,80.0,1.0,0.0,1.0,1.0,63.0,2.0,200.0,1.0,246.0,2036.0,607.0,428.0
Duval-120311309,784.0,0.0,0.0,101.0,28.0,1499.0,174.0,13.0,173.0,9.0,8.0,0.0,132.0,1.0,0.0,1.0,3.0,69.0,0.0,248.0,0.0,395.0,2412.0,866.0,360.0
Duval-120311310,806.0,2.0,2.0,92.0,22.0,1508.0,143.0,11.0,187.0,5.0,3.0,0.0,95.0,0.0,0.0,0.0,1.0,45.0,2.0,211.0,0.0,374.0,2432.0,736.0,341.0
Duval-120311311,909.0,1.0,4.0,86.0,14.0,1758.0,210.0,8.0,135.0,13.0,8.0,1.0,119.0,0.0,0.0,0.0,0.0,67.0,1.0,291.0,0.0,471.0,2772.0,971.0,353.0
Duval-120311312,696.0,2.0,0.0,81.0,27.0,812.0,151.0,5.0,148.0,6.0,4.0,0.0,45.0,1.0,0.0,0.0,2.0,16.0,4.0,86.0,0.0,162.0,1618.0,326.0,304.0
Duval-120311313,859.0,5.0,2.0,92.0,25.0,2341.0,188.0,9.0,136.0,17.0,9.0,4.0,184.0,0.0,0.0,0.0,0.0,78.0,2.0,373.0,1.0,682.0,3324.0,1350.0,333.0
Duval-120311314,173.0,1.0,1.0,30.0,6.0,325.0,26.0,1.0,20.0,2.0,1.0,0.0,28.0,0.0,1.0,0.0,0.0,3.0,2.0,28.0,0.0,56.0,536.0,121.0,47.0
Duval-120311315,1319.0,2.0,6.0,109.0,50.0,1816.0,256.0,16.0,236.0,13.0,7.0,0.0,112.0,1.0,0.0,0.0,2.0,22.0,2.0,191.0,0.0,379.0,3302.0,729.0,508.0
Duval-120311401,930.0,5.0,0.0,58.0,20.0,981.0,203.0,9.0,145.0,10.0,4.0,0.0,97.0,0.0,0.0,0.0,0.0,12.0,2.0,123.0,1.0,207.0,1994.0,456.0,357.0
Duval-120311402,902.0,2.0,2.0,52.0,16.0,1159.0,258.0,7.0,116.0,10.0,5.0,0.0,147.0,2.0,0.0,1.0,1.0,13.0,1.0,154.0,0.0,322.0,2133.0,656.0,381.0
Duval-120311403,843.0,8.0,2.0,52.0,15.0,1021.0,226.0,3.0,103.0,7.0,9.0,1.0,103.0,0.0,0.0,0.0,0.0,13.0,2.0,117.0,0.0,248.0,1941.0,500.0,332.0
Duval-120311404,1707.0,6.0,5.0,197.0,34.0,1430.0,414.0,15.0,434.0,18.0,11.0,0.0,134.0,0.0,0.0,0.0,1.0,122.0,1.0,379.0,0.0,386.0,3379.0,1052.0,863.0
Duval-120311405,807.0,1.0,0.0,68.0,17.0,737.0,176.0,16.0,211.0,11.0,7.0,1.0,69.0,0.0,0.0,1.0,1.0,19.0,5.0,90.0,0.0,171.0,1630.0,375.0,403.0
Duval-120311406,434.0,3.0,0.0,35.0,9.0,743.0,142.0,6.0,71.0,4.0,6.0,0.0,90.0,0.0,0.0,0.0,0.0,10.0,0.0,78.0,0.0,184.0,1224.0,372.0,219.0
Duval-120311407,741.0,5.0,0.0,61.0,28.0,256.0,151.0,1.0,199.0,1.0,2.0,1.0,30.0,0.0,0.0,0.0,0.0,12.0,2.0,45.0,0.0,58.0,1091.0,151.0,351.0
Duval-120311408,888.0,6.0,2.0,90.0,27.0,1525.0,156.0,17.0,194.0,7.0,2.0,0.0,104.0,0.0,1.0,0.0,0.0,60.0,2.0,234.0,2.0,293.0,2538.0,705.0,367.0
Duval-120311409,1018.0,8.0,3.0,70.0,16.0,1617.0,265.0,16.0,160.0,13.0,11.0,0.0,143.0,0.0,0.0,0.0,0.0,20.0,3.0,238.0,0.0,396.0,2732.0,824.0,441.0
Duval-120311410,1618.0,10.0,3.0,78.0,28.0,1612.0,404.0,13.0,203.0,13.0,7.0,0.0,142.0,1.0,0.0,0.0,0.0,15.0,2.0,180.0,1.0,425.0,3349.0,786.0,620.0
Duval-120311411,1132.0,4.0,1.0,153.0,22.0,2938.0,256.0,17.0,242.0,59.0,16.0,1.0,335.0,5.0,0.0,0.0,0.0,211.0,6.0,840.0,0.0,760.0,4250.0,2233.0,515.0
Duval-120311412,751.0,3.0,1.0,51.0,24.0,978.0,246.0,14.0,189.0,18.0,6.0,1.0,135.0,0.0,0.0,0.0,2.0,31.0,2.0,129.0,0.0,348.0,1808.0,672.0,449.0
Duval-120311413,1696.0,8.0,1.0,172.0,52.0,1033.0,380.0,13.0,464.0,14.0,12.0,0.0,103.0,0.0,0.0,0.0,0.0,75.0,3.0,279.0,1.0,249.0,2962.0,736.0,857.0
Duval-120311414,509.0,4.0,0.0,20.0,5.0,494.0,140.0,6.0,57.0,1.0,1.0,0.0,52.0,0.0,0.0,0.0,2.0,4.0,0.0,52.0,0.0,139.0,1032.0,251.0,203.0
Duval-120311415,984.0,4.0,0.0,61.0,12.0,701.0,230.0,6.0,219.0,20.0,5.0,0.0,62.0,1.0,0.0,0.0,0.0,36.0,3.0,170.0,1.0,193.0,1762.0,491.0,455.0
Duval-12031201,872.0,1.0,2.0,83.0,9.0,1825.0,266.0,13.0,132.0,6.0,6.0,0.0,154.0,0.0,0.0,0.0,2.0,38.0,1.0,186.0,0.0,546.0,2792.0,939.0,411.0
Duval-12031202,1481.0,15.0,4.0,130.0,27.0,2291.0,312.0,10.0,187.0,12.0,13.0,1.0,217.0,1.0,0.0,1.0,4.0,41.0,0.0,315.0,0.0,507.0,3948.0,1112.0,509.0
Duval-12031203,1604.0,8.0,3.0,104.0,28.0,1610.0,424.0,17.0,184.0,15.0,9.0,1.0,136.0,0.0,0.0,0.0,2.0,21.0,1.0,200.0,1.0,414.0,3357.0,800.0,625.0
Duval-12031204,461.0,4.0,0.0,45.0,7.0,1366.0,142.0,23.0,129.0,7.0,7.0,0.0,138.0,0.0,0.0,0.0,3.0,10.0,1.0,160.0,0.0,328.0,1883.0,654.0,294.0
Duval-12031205,2161.0,12.0,4.0,134.0,28.0,3360.0,570.0,24.0,316.0,12.0,20.0,1.0,347.0,0.0,0.0,0.0,3.0,51.0,5.0,344.0,0.0,795.0,5699.0,1578.0,910.0
Duval-12031206,959.0,7.0,3.0,86.0,19.0,2737.0,273.0,19.0,201.0,24.0,16.0,2.0,289.0,2.0,0.0,3.0,0.0,102.0,3.0,441.0,0.0,845.0,3811.0,1727.0,493.0
Duval-12031207,1671.0,11.0,4.0,137.0,26.0,2236.0,437.0,16.0,228.0,26.0,11.0,2.0,239.0,1.0,0.0,0.0,2.0,57.0,5.0,306.0,0.0,527.0,4085.0,1176.0,681.0
Duval-12031208,386.0,1.0,0.0,33.0,5.0,1422.0,111.0,11.0,81.0,6.0,9.0,0.0,154.0,1.0,0.0,0.0,0.0,28.0,1.0,189.0,0.0,489.0,1847.0,877.0,203.0
Duval-12031209,508.0,4.0,2.0,62.0,16.0,1427.0,147.0,5.0,145.0,8.0,7.0,0.0,163.0,2.0,0.0,0.0,0.0,47.0,4.0,217.0,1.0,392.0,2019.0,841.0,297.0
Duval-12031210,69.0,0.0,0.0,7.0,0.0,218.0,25.0,2.0,17.0,0.0,1.0,1.0,14.0,0.0,0.0,0.0,0.0,3.0,0.0,36.0,0.0,96.0,294.0,151.0,44.0
Duval-12031211,1296.0,11.0,4.0,79.0,21.0,2130.0,318.0,17.0,167.0,7.0,10.0,1.0,218.0,1.0,0.0,1.0,5.0,27.0,2.0,264.0,1.0,521.0,3541.0,1058.0,502.0
Duval-12031212,82.0,0.0,1.0,9.0,3.0,440.0,26.0,6.0,28.0,4.0,0.0,0.0,50.0,0.0,0.0,0.0,1.0,5.0,0.0,40.0,0.0,137.0,535.0,237.0,60.0
Duval-12031213,350.0,1.0,0.0,22.0,2.0,765.0,127.0,4.0,46.0,14.0,4.0,1.0,90.0,0.0,0.0,0.0,1.0,36.0,0.0,184.0,0.0,233.0,1140.0,563.0,177.0
Duval-12031301,473.0,1.0,0.0,37.0,4.0,1176.0,132.0,4.0,43.0,11.0,6.0,1.0,92.0,1.0,0.0,0.0,0.0,83.0,1.0,280.0,1.0,387.0,1691.0,863.0,179.0
Duval-12031302,582.0,4.0,2.0,67.0,9.0,1050.0,155.0,7.0,108.0,7.0,2.0,0.0,77.0,0.0,0.0,0.0,2.0,20.0,1.0,108.0,0.0,286.0,1714.0,503.0,270.0
Duval-12031303,831.0,3.0,1.0,107.0,16.0,1699.0,188.0,2.0,141.0,15.0,11.0,0.0,174.0,3.0,0.0,0.0,1.0,53.0,0.0,268.0,0.0,463.0,2657.0,988.0,331.0
Duval-12031304,493.0,0.0,1.0,30.0,2.0,1213.0,113.0,4.0,36.0,23.0,6.0,2.0,91.0,1.0,0.0,0.0,0.0,84.0,1.0,308.0,0.0,369.0,1739.0,885.0,153.0
Duval-12031305,1528.0,8.0,1.0,166.0,35.0,2415.0,336.0,15.0,227.0,11.0,20.0,1.0,209.0,0.0,0.0,1.0,0.0,83.0,1.0,386.0,0.0,618.0,4153.0,1330.0,578.0
Duval-12031306,1477.0,3.0,1.0,106.0,28.0,1333.0,272.0,2.0,171.0,8.0,9.0,0.0,82.0,0.0,0.0,0.0,1.0,33.0,3.0,159.0,0.0,312.0,2948.0,607.0,445.0
Duval-12031307,687.0,5.0,2.0,74.0,15.0,1069.0,124.0,4.0,104.0,8.0,9.0,1.0,71.0,0.0,0.0,0.0,0.0,20.0,0.0,125.0,0.0,211.0,1852.0,445.0,232.0
Duval-12031308,419.0,5.0,1.0,50.0,7.0,917.0,123.0,6.0,79.0,3.0,1.0,1.0,95.0,0.0,0.0,0.0,1.0,35.0,3.0,160.0,0.0,256.0,1399.0,555.0,208.0
Duval-12031309,974.0,6.0,1.0,81.0,15.0,1282.0,202.0,4.0,142.0,10.0,10.0,1.0,116.0,1.0,0.0,0.0,1.0,24.0,4.0,181.0,0.0,297.0,2359.0,645.0,348.0
Duval-12031310,684.0,6.0,1.0,62.0,5.0,1479.0,155.0,7.0,61.0,34.0,8.0,0.0,145.0,0.0,0.0,0.0,0.0,77.0,1.0,262.0,0.0,385.0,2237.0,912.0,223.0
Duval-12031311,592.0,1.0,2.0,66.0,10.0,1372.0,122.0,3.0,93.0,10.0,5.0,0.0,108.0,0.0,0.0,0.0,0.0,49.0,1.0,183.0,2.0,404.0,2043.0,762.0,218.0
Duval-12031312,1946.0,13.0,2.0,184.0,28.0,2932.0,341.0,10.0,230.0,26.0,13.0,1.0,229.0,0.0,0.0,1.0,1.0,72.0,3.0,454.0,0.0,738.0,5105.0,1538.0,581.0
Duval-12031313,1439.0,10.0,7.0,103.0,21.0,1945.0,369.0,8.0,156.0,9.0,16.0,1.0,166.0,1.0,0.0,0.0,1.0,42.0,1.0,249.0,1.0,427.0,3525.0,914.0,533.0
Duval-12031315,464.0,7.0,3.0,39.0,9.0,799.0,135.0,3.0,60.0,2.0,4.0,0.0,70.0,0.0,0.0,0.0,1.0,23.0,3.0,88.0,1.0,192.0,1321.0,384.0,198.0
Duval-12031401,365.0,2.0,0.0,28.0,14.0,587.0,115.0,6.0,86.0,5.0,4.0,0.0,70.0,0.0,0.0,0.0,2.0,8.0,1.0,68.0,0.0,191.0,996.0,349.0,207.0
Duval-12031402,1261.0,11.0,4.0,92.0,26.0,1310.0,286.0,12.0,155.0,12.0,7.0,1.0,96.0,0.0,0.0,1.0,1.0,21.0,1.0,114.0,0.0,278.0,2704.0,532.0,453.0
Duval-12031403,2022.0,5.0,3.0,88.0,37.0,1876.0,429.0,29.0,273.0,13.0,7.0,0.0,154.0,0.0,1.0,0.0,3.0,28.0,2.0,204.0,0.0,436.0,4031.0,848.0,731.0
Duval-12031404,590.0,6.0,1.0,74.0,16.0,1538.0,160.0,19.0,161.0,18.0,9.0,1.0,161.0,0.0,0.0,0.0,1.0,33.0,1.0,226.0,0.0,426.0,2225.0,876.0,340.0
Duval-12031405,729.0,0.0,0.0,36.0,14.0,551.0,153.0,13.0,110.0,3.0,6.0,0.0,34.0,0.0,0.0,1.0,0.0,4.0,2.0,62.0,0.0,125.0,1330.0,237.0,276.0
Duval-12031407,1829.0,7.0,2.0,132.0,32.0,2273.0,365.0,18.0,270.0,12.0,10.0,0.0,225.0,0.0,0.0,0.0,2.0,74.0,5.0,384.0,1.0,570.0,4275.0,1283.0,653.0
Duval-12031408,918.0,6.0,2.0,89.0,24.0,1846.0,280.0,12.0,181.0,18.0,7.0,2.0,198.0,3.0,1.0,0.0,4.0,36.0,1.0,179.0,0.0,494.0,2885.0,943.0,473.0
Duval-12031409,986.0,1.0,3.0,48.0,16.0,1081.0,228.0,12.0,153.0,8.0,8.0,1.0,93.0,1.0,0.0,0.0,1.0,20.0,4.0,125.0,0.0,273.0,2135.0,534.0,393.0
Duval-12031410,1299.0,5.0,3.0,99.0,24.0,1571.0,310.0,15.0,172.0,3.0,6.0,4.0,122.0,1.0,0.0,0.0,1.0,24.0,1.0,148.0,0.0,349.0,3001.0,659.0,497.0
Duval-12031411,1332.0,5.0,3.0,90.0,20.0,1597.0,235.0,13.0,155.0,14.0,4.0,0.0,120.0,0.0,0.0,0.0,4.0,28.0,2.0,163.0,0.0,344.0,3047.0,679.0,403.0
Duval-12031412,1043.0,4.0,0.0,81.0,14.0,974.0,181.0,4.0,126.0,1.0,3.0,0.0,64.0,0.0,0.0,0.0,0.0,41.0,1.0,117.0,0.0,188.0,2116.0,415.0,311.0
Duval-12031501,1133.0,5.0,3.0,82.0,25.0,1163.0,268.0,11.0,213.0,19.0,5.0,1.0,101.0,1.0,0.0,0.0,2.0,83.0,2.0,257.0,0.0,314.0,2411.0,785.0,492.0
Duval-12031502,296.0,10.0,0.0,26.0,12.0,513.0,99.0,3.0,60.0,4.0,3.0,0.0,24.0,0.0,0.0,0.0,1.0,11.0,0.0,60.0,1.0,92.0,857.0,196.0,162.0
Duval-12031503,1165.0,4.0,3.0,42.0,20.0,563.0,182.0,5.0,63.0,2.0,1.0,0.0,28.0,0.0,0.0,0.0,1.0,11.0,1.0,29.0,0.0,55.0,1797.0,128.0,250.0
Duval-12031504,557.0,3.0,0.0,65.0,10.0,791.0,238.0,7.0,179.0,14.0,5.0,0.0,111.0,1.0,0.0,0.0,1.0,70.0,2.0,221.0,0.0,254.0,1426.0,679.0,424.0
Duval-12031505,693.0,0.0,2.0,75.0,8.0,1207.0,190.0,10.0,124.0,8.0,10.0,0.0,156.0,0.0,0.0,0.0,2.0,83.0,2.0,379.0,0.0,307.0,1985.0,947.0,324.0
Duval-12031506,1414.0,7.0,4.0,68.0,18.0,1142.0,332.0,18.0,193.0,13.0,7.0,0.0,115.0,1.0,0.0,0.0,2.0,42.0,3.0,198.0,0.0,331.0,2653.0,712.0,543.0
Duval-12031507,740.0,2.0,1.0,34.0,10.0,495.0,244.0,7.0,83.0,4.0,3.0,0.0,53.0,0.0,0.0,0.0,0.0,22.0,0.0,75.0,0.0,139.0,1282.0,296.0,334.0
Duval-12031508,1368.0,7.0,5.0,120.0,38.0,2205.0,454.0,32.0,327.0,20.0,21.0,2.0,271.0,0.0,0.0,0.0,1.0,86.0,5.0,430.0,0.0,706.0,3743.0,1542.0,813.0
Duval-12031509,1159.0,1.0,0.0,77.0,19.0,1936.0,311.0,22.0,230.0,34.0,9.0,0.0,202.0,0.0,0.0,0.0,4.0,106.0,2.0,415.0,0.0,532.0,3192.0,1304.0,563.0
Duval-12031510,973.0,9.0,0.0,75.0,25.0,1523.0,285.0,13.0,208.0,18.0,8.0,1.0,199.0,0.0,0.0,0.0,2.0,63.0,1.0,288.0,1.0,414.0,2605.0,995.0,506.0
Duval-12031511,1041.0,7.0,2.0,51.0,25.0,1019.0,205.0,17.0,112.0,12.0,4.0,1.0,75.0,0.0,0.0,1.0,0.0,13.0,0.0,87.0,0.0,202.0,2145.0,395.0,334.0
Duval-12031512,1749.0,6.0,2.0,113.0,33.0,1579.0,400.0,14.0,258.0,13.0,9.0,2.0,156.0,3.0,0.0,0.0,1.0,49.0,2.0,244.0,0.0,357.0,3482.0,836.0,672.0
Duval-12031513,747.0,3.0,1.0,23.0,13.0,878.0,224.0,9.0,149.0,17.0,5.0,0.0,97.0,0.0,0.0,1.0,1.0,18.0,1.0,109.0,0.0,239.0,1665.0,488.0,382.0
Duval-12031601,661.0,3.0,1.0,60.0,11.0,1950.0,171.0,15.0,145.0,5.0,0.0,2.0,255.0,0.0,1.0,1.0,0.0,69.0,4.0,386.0,0.0,584.0,2686.0,1307.0,331.0
Duval-12031602,1083.0,3.0,1.0,100.0,24.0,2031.0,272.0,16.0,184.0,14.0,9.0,0.0,229.0,1.0,0.0,0.0,1.0,39.0,4.0,288.0,1.0,524.0,3242.0,1110.0,472.0
Duval-12031603,999.0,3.0,1.0,94.0,18.0,1938.0,310.0,25.0,179.0,21.0,10.0,2.0,225.0,0.0,0.0,0.0,0.0,104.0,1.0,462.0,0.0,544.0,3053.0,1369.0,514.0
Duval-12031604,402.0,3.0,0.0,48.0,8.0,1144.0,119.0,3.0,75.0,6.0,3.0,0.0,145.0,0.0,0.0,0.0,0.0,60.0,0.0,221.0,0.0,316.0,1605.0,751.0,197.0
Duval-12031605,844.0,8.0,3.0,89.0,13.0,2314.0,254.0,20.0,152.0,8.0,8.0,2.0,315.0,0.0,0.0,1.0,0.0,82.0,2.0,448.0,0.0,678.0,3271.0,1544.0,426.0
Duval-12031606,1229.0,12.0,3.0,129.0,18.0,3138.0,328.0,18.0,237.0,22.0,21.0,1.0,372.0,2.0,1.0,1.0,2.0,122.0,1.0,557.0,0.0,834.0,4529.0,1936.0,583.0
Duval-12031607,634.0,5.0,1.0,54.0,16.0,949.0,147.0,13.0,120.0,12.0,5.0,0.0,110.0,0.0,0.0,0.0,0.0,18.0,1.0,137.0,0.0,234.0,1659.0,517.0,280.0
Duval-12031608,1689.0,6.0,3.0,155.0,42.0,2898.0,401.0,11.0,287.0,25.0,23.0,2.0,283.0,0.0,1.0,0.0,2.0,71.0,1.0,358.0,0.0,691.0,4793.0,1457.0,699.0
Duval-12031609,551.0,2.0,2.0,58.0,15.0,821.0,129.0,4.0,102.0,6.0,2.0,1.0,87.0,0.0,0.0,0.0,1.0,23.0,1.0,118.0,2.0,199.0,1449.0,440.0,235.0
Duval-12031610,1058.0,6.0,0.0,121.0,19.0,3026.0,265.0,22.0,207.0,15.0,12.0,0.0,324.0,0.0,0.0,0.0,2.0,72.0,3.0,431.0,0.0,835.0,4230.0,1694.0,494.0
Duval-12031611,703.0,2.0,4.0,81.0,10.0,1086.0,188.0,8.0,126.0,7.0,6.0,1.0,104.0,0.0,0.0,0.0,2.0,33.0,1.0,185.0,0.0,238.0,1886.0,577.0,322.0
Duval-12031612,1269.0,11.0,4.0,114.0,19.0,2136.0,287.0,8.0,170.0,19.0,12.0,0.0,228.0,0.0,1.0,0.0,0.0,71.0,0.0,360.0,2.0,486.0,3553.0,1179.0,465.0
Duval-12031613,894.0,3.0,2.0,81.0,18.0,1489.0,226.0,8.0,146.0,4.0,13.0,3.0,162.0,0.0,0.0,1.0,0.0,34.0,3.0,204.0,1.0,358.0,2487.0,783.0,380.0
Duval-12031614,425.0,1.0,0.0,33.0,2.0,711.0,90.0,4.0,50.0,4.0,1.0,0.0,101.0,1.0,0.0,0.0,0.0,17.0,0.0,106.0,0.0,135.0,1172.0,365.0,144.0
Duval-12031701,486.0,1.0,0.0,10.0,8.0,238.0,187.0,6.0,48.0,6.0,0.0,0.0,22.0,0.0,0.0,0.0,0.0,1.0,0.0,16.0,0.0,55.0,743.0,100.0,241.0
Duval-12031702,650.0,1.0,1.0,6.0,5.0,130.0,230.0,4.0,41.0,1.0,1.0,0.0,8.0,0.0,0.0,0.0,0.0,4.0,1.0,9.0,0.0,24.0,793.0,48.0,275.0
Duval-12031703,2132.0,4.0,3.0,108.0,29.0,2811.0,558.0,25.0,283.0,14.0,10.0,1.0,184.0,0.0,0.0,0.0,0.0,32.0,4.0,225.0,2.0,605.0,5087.0,1077.0,866.0
Duval-12031704,1409.0,1.0,3.0,47.0,31.0,321.0,417.0,0.0,219.0,4.0,3.0,0.0,31.0,0.0,0.0,1.0,0.0,21.0,1.0,69.0,0.0,83.0,1812.0,213.0,636.0
Duval-12031705,1940.0,5.0,4.0,25.0,13.0,1174.0,702.0,19.0,250.0,8.0,6.0,0.0,98.0,0.0,0.0,0.0,0.0,7.0,0.0,87.0,0.0,304.0,3161.0,510.0,971.0
Duval-12031706,734.0,0.0,0.0,3.0,1.0,18.0,307.0,0.0,39.0,0.0,1.0,0.0,0.0,0.0,0.0,0.0,0.0,0.0,0.0,5.0,0.0,0.0,756.0,6.0,346.0
Duval-12031707,1610.0,1.0,1.0,17.0,11.0,120.0,625.0,3.0,104.0,1.0,1.0,0.0,4.0,1.0,0.0,0.0,0.0,3.0,0.0,6.0,0.0,23.0,1760.0,39.0,732.0
Duval-12031708,637.0,0.0,0.0,8.0,3.0,58.0,234.0,3.0,53.0,1.0,1.0,0.0,1.0,0.0,0.0,0.0,0.0,1.0,1.0,4.0,0.0,8.0,706.0,17.0,290.0
Duval-12031709,3301.0,1.0,1.0,23.0,15.0,176.0,1342.0,3.0,251.0,0.0,6.0,0.0,20.0,0.0,0.0,0.0,0.0,2.0,0.0,21.0,0.0,28.0,3517.0,77.0,1596.0
Duval-12031710,2498.0,6.0,2.0,14.0,16.0,282.0,924.0,3.0,225.0,2.0,4.0,2.0,27.0,0.0,0.0,0.0,0.0,5.0,0.0,17.0,0.0,46.0,2818.0,103.0,1152.0
Duval-12031711,629.0,3.0,0.0,6.0,5.0,54.0,231.0,3.0,43.0,0.0,0.0,0.0,0.0,0.0,0.0,0.0,0.0,1.0,0.0,1.0,0.0,5.0,697.0,7.0,277.0
Duval-12031712,813.0,3.0,0.0,19.0,12.0,165.0,308.0,2.0,93.0,3.0,2.0,2.0,15.0,0.0,0.0,0.0,0.0,5.0,0.0,23.0,0.0,37.0,1012.0,87.0,403.0
Duval-12031713,1362.0,5.0,1.0,90.0,17.0,758.0,396.0,4.0,168.0,17.0,7.0,0.0,59.0,1.0,0.0,0.0,0.0,37.0,0.0,105.0,0.0,157.0,2233.0,383.0,568.0
Duval-12031714,1027.0,0.0,0.0,5.0,6.0,85.0,363.0,3.0,89.0,2.0,2.0,0.0,5.0,0.0,0.0,0.0,0.0,1.0,0.0,4.0,0.0,17.0,1123.0,31.0,455.0
Duval-12031801,1259.0,0.0,0.0,14.0,7.0,222.0,473.0,4.0,110.0,3.0,3.0,0.0,15.0,0.0,0.0,0.0,1.0,5.0,0.0,16.0,0.0,68.0,1502.0,111.0,587.0
Duval-12031802,1720.0,1.0,0.0,10.0,3.0,64.0,896.0,6.0,105.0,1.0,1.0,0.0,3.0,0.0,1.0,0.0,0.0,0.0,0.0,3.0,0.0,4.0,1798.0,13.0,1007.0
Duval-12031803,2675.0,6.0,5.0,23.0,18.0,547.0,1105.0,9.0,273.0,8.0,6.0,0.0,45.0,1.0,0.0,0.0,2.0,4.0,2.0,62.0,0.0,130.0,3274.0,260.0,1387.0
Duval-12031804,1084.0,0.0,0.0,26.0,8.0,541.0,367.0,7.0,115.0,4.0,3.0,1.0,37.0,1.0,0.0,0.0,0.0,6.0,0.0,48.0,0.0,125.0,1659.0,225.0,489.0
Duval-12031805,1271.0,0.0,1.0,14.0,2.0,337.0,499.0,15.0,113.0,4.0,3.0,0.0,33.0,0.0,0.0,0.0,0.0,1.0,0.0,31.0,0.0,71.0,1625.0,143.0,627.0
Duval-12031806,464.0,1.0,2.0,2.0,2.0,9.0,191.0,1.0,20.0,0.0,0.0,0.0,0.0,0.0,0.0,0.0,0.0,0.0,0.0,2.0,0.0,1.0,480.0,3.0,212.0
Duval-12031807,789.0,1.0,0.0,3.0,2.0,30.0,447.0,0.0,49.0,2.0,1.0,0.0,2.0,0.0,0.0,0.0,0.0,0.0,0.0,1.0,0.0,4.0,825.0,10.0,496.0
Duval-12031808,1072.0,0.0,0.0,5.0,5.0,18.0,428.0,3.0,59.0,1.0,2.0,0.0,0.0,0.0,0.0,0.0,0.0,0.0,0.0,0.0,0.0,2.0,1100.0,5.0,490.0
Duval-12031809,1234.0,1.0,1.0,8.0,4.0,32.0,468.0,1.0,58.0,0.0,0.0,0.0,5.0,1.0,0.0,1.0,0.0,1.0,0.0,4.0,0.0,1.0,1280.0,13.0,527.0
Duval-12031810,139.0,0.0,0.0,11.0,1.0,826.0,57.0,12.0,27.0,5.0,10.0,0.0,97.0,0.0,0.0,0.0,0.0,2.0,0.0,72.0,0.0,246.0,977.0,432.0,96.0
Duval-12031811,810.0,1.0,0.0,6.0,3.0,22.0,324.0,3.0,41.0,0.0,0.0,0.0,1.0,0.0,0.0,0.0,0.0,0.0,0.0,1.0,0.0,1.0,842.0,3.0,368.0
Duval-12031812,728.0,2.0,1.0,3.0,3.0,22.0,279.0,1.0,30.0,1.0,1.0,0.0,2.0,0.0,0.0,0.0,0.0,0.0,0.0,1.0,0.0,1.0,759.0,6.0,310.0
Duval-12031813,2482.0,4.0,5.0,42.0,17.0,1536.0,920.0,24.0,254.0,12.0,7.0,0.0,151.0,0.0,0.0,0.0,1.0,19.0,5.0,126.0,0.0,401.0,4086.0,722.0,1198.0
Duval-12031814,369.0,2.0,1.0,27.0,6.0,1948.0,140.0,27.0,103.0,5.0,13.0,0.0,249.0,0.0,0.0,0.0,2.0,8.0,0.0,186.0,0.0,554.0,2353.0,1017.0,270.0
Duval-12031815,957.0,1.0,2.0,3.0,6.0,25.0,407.0,3.0,70.0,1.0,0.0,0.0,2.0,1.0,0.0,1.0,0.0,0.0,1.0,6.0,0.0,5.0,994.0,17.0,480.0
Duval-12031816,405.0,0.0,0.0,2.0,0.0,63.0,135.0,2.0,28.0,1.0,1.0,0.0,5.0,0.0,0.0,0.0,0.0,1.0,0.0,6.0,0.0,14.0,470.0,28.0,165.0
Duval-12031817,1789.0,5.0,2.0,47.0,15.0,824.0,588.0,14.0,164.0,9.0,5.0,0.0,49.0,0.0,0.0,0.0,2.0,5.0,1.0,77.0,0.0,198.0,2682.0,346.0,766.0
Duval-12031818,662.0,4.0,1.0,5.0,5.0,199.0,259.0,3.0,67.0,0.0,1.0,0.0,19.0,0.0,0.0,0.0,0.0,2.0,0.0,11.0,0.0,53.0,876.0,86.0,329.0
Duval-12031901,1182.0,4.0,5.0,40.0,30.0,489.0,324.0,13.0,255.0,8.0,2.0,1.0,42.0,1.0,0.0,0.0,3.0,14.0,1.0,56.0,0.0,148.0,1750.0,276.0,592.0
Duval-12031902,1656.0,3.0,1.0,8.0,2.0,29.0,673.0,5.0,82.0,0.0,3.0,1.0,1.0,0.0,1.0,0.0,1.0,2.0,0.0,2.0,0.0,1.0,1699.0,12.0,760.0
Duval-12031903,1106.0,2.0,3.0,34.0,13.0,739.0,268.0,22.0,135.0,12.0,3.0,0.0,55.0,0.0,0.0,0.0,2.0,10.0,1.0,87.0,0.0,173.0,1897.0,343.0,425.0
Duval-12031904,1597.0,1.0,2.0,3.0,3.0,26.0,765.0,1.0,79.0,2.0,1.0,0.0,1.0,0.0,0.0,1.0,0.0,0.0,0.0,2.0,0.0,1.0,1632.0,8.0,845.0
Duval-12031905,961.0,7.0,0.0,26.0,6.0,536.0,271.0,7.0,82.0,2.0,6.0,0.0,54.0,0.0,0.0,0.0,0.0,9.0,0.0,49.0,1.0,112.0,1536.0,233.0,360.0
Duval-12031906,416.0,0.0,1.0,32.0,5.0,626.0,103.0,18.0,81.0,8.0,1.0,0.0,46.0,0.0,0.0,0.0,0.0,11.0,0.0,81.0,1.0,177.0,1080.0,325.0,202.0
Duval-12031907,576.0,3.0,0.0,32.0,9.0,643.0,158.0,6.0,61.0,5.0,3.0,0.0,70.0,0.0,0.0,0.0,1.0,6.0,1.0,108.0,0.0,184.0,1263.0,378.0,225.0
Duval-12031908,1356.0,6.0,4.0,62.0,26.0,1059.0,290.0,13.0,131.0,4.0,6.0,3.0,73.0,1.0,0.0,0.0,0.0,11.0,1.0,73.0,2.0,184.0,2513.0,358.0,434.0
Duval-12031909,825.0,0.0,0.0,7.0,2.0,43.0,292.0,3.0,50.0,1.0,0.0,0.0,2.0,0.0,0.0,0.0,0.0,0.0,0.0,5.0,0.0,11.0,877.0,19.0,345.0
Duval-12031910,1278.0,3.0,0.0,6.0,7.0,131.0,441.0,7.0,76.0,5.0,4.0,0.0,6.0,0.0,1.0,0.0,0.0,0.0,0.0,13.0,0.0,19.0,1425.0,48.0,524.0
Duval-12031911,1664.0,5.0,1.0,28.0,14.0,362.0,545.0,12.0,137.0,2.0,1.0,0.0,19.0,0.0,0.0,1.0,1.0,2.0,0.0,31.0,0.0,77.0,2074.0,134.0,694.0
Duval-12031912,844.0,0.0,1.0,4.0,2.0,29.0,264.0,0.0,40.0,0.0,0.0,0.0,2.0,0.0,0.0,0.0,0.0,0.0,0.0,0.0,1.0,3.0,880.0,6.0,304.0
Duval-12031913,990.0,3.0,1.0,27.0,8.0,487.0,227.0,13.0,77.0,1.0,2.0,1.0,42.0,0.0,0.0,0.0,0.0,6.0,1.0,67.0,0.0,101.0,1516.0,221.0,317.0
Duval-12031914,1726.0,9.0,2.0,62.0,24.0,1154.0,410.0,6.0,181.0,9.0,6.0,0.0,99.0,0.0,0.0,1.0,0.0,11.0,0.0,120.0,0.0,258.0,2977.0,504.0,597.0
Escambia-120331,1085.0,12.0,3.0,199.0,32.0,1869.0,229.0,15.0,159.0,14.0,18.0,2.0,189.0,0.0,0.0,0.0,2.0,61.0,0.0,250.0,0.0,352.0,3200.0,888.0,403.0
Escambia-12033101,467.0,2.0,2.0,45.0,8.0,961.0,136.0,9.0,90.0,4.0,7.0,0.0,119.0,0.0,0.0,1.0,0.0,21.0,1.0,114.0,0.0,216.0,1485.0,483.0,235.0
Escambia-12033102,744.0,6.0,4.0,50.0,9.0,1084.0,218.0,6.0,81.0,14.0,4.0,0.0,152.0,1.0,0.0,0.0,5.0,37.0,1.0,149.0,0.0,262.0,1897.0,625.0,305.0
Escambia-12033103,1109.0,4.0,2.0,26.0,13.0,409.0,378.0,15.0,113.0,7.0,1.0,1.0,54.0,1.0,0.0,0.0,0.0,11.0,0.0,37.0,0.0,94.0,1563.0,206.0,506.0
Escambia-12033104,938.0,5.0,1.0,21.0,13.0,489.0,292.0,6.0,114.0,7.0,1.0,0.0,35.0,0.0,0.0,0.0,1.0,8.0,1.0,50.0,3.0,113.0,1467.0,219.0,412.0
Escambia-12033105,819.0,2.0,0.0,125.0,18.0,2377.0,185.0,9.0,131.0,21.0,7.0,0.0,197.0,1.0,0.0,1.0,1.0,117.0,1.0,349.0,1.0,648.0,3341.0,1344.0,325.0
Escambia-12033106,560.0,3.0,2.0,50.0,15.0,779.0,135.0,10.0,101.0,18.0,6.0,0.0,85.0,0.0,0.0,0.0,1.0,33.0,0.0,110.0,0.0,171.0,1409.0,424.0,246.0
Escambia-12033107,1132.0,17.0,4.0,135.0,34.0,1871.0,300.0,23.0,253.0,19.0,16.0,2.0,229.0,0.0,0.0,0.0,1.0,91.0,5.0,292.0,1.0,464.0,3193.0,1120.0,576.0
Escambia-12033108,1046.0,8.0,4.0,129.0,16.0,1498.0,250.0,15.0,192.0,18.0,10.0,1.0,226.0,1.0,0.0,0.0,1.0,64.0,2.0,266.0,0.0,321.0,2701.0,910.0,457.0
Escambia-1203311,157.0,0.0,1.0,15.0,3.0,695.0,61.0,10.0,41.0,7.0,7.0,0.0,83.0,1.0,0.0,0.0,0.0,9.0,0.0,67.0,0.0,181.0,871.0,355.0,112.0
Escambia-12033110,127.0,40.0,1.0,29.0,5.0,1665.0,26.0,1.0,31.0,2.0,15.0,0.0,721.0,1.0,0.0,0.0,0.0,12.0,3.0,167.0,0.0,82.0,1867.0,1003.0,58.0
Escambia-12033111,757.0,7.0,2.0,87.0,31.0,1465.0,177.0,9.0,141.0,12.0,8.0,1.0,205.0,0.0,1.0,0.0,2.0,55.0,3.0,240.0,2.0,393.0,2349.0,922.0,327.0
Escambia-12033112,1329.0,17.0,5.0,137.0,37.0,3417.0,358.0,36.0,248.0,21.0,24.0,2.0,490.0,1.0,0.0,0.0,3.0,89.0,5.0,434.0,0.0,807.0,4942.0,1876.0,642.0
Escambia-12033113,486.0,9.0,0.0,19.0,12.0,601.0,148.0,8.0,79.0,4.0,6.0,0.0,115.0,0.0,0.0,0.0,1.0,11.0,0.0,54.0,1.0,99.0,1127.0,291.0,235.0
Escambia-1203314,1287.0,3.0,0.0,29.0,6.0,236.0,476.0,1.0,128.0,2.0,2.0,0.0,19.0,2.0,1.0,1.0,2.0,12.0,0.0,42.0,0.0,41.0,1561.0,124.0,605.0
Escambia-1203315,696.0,9.0,2.0,164.0,9.0,1279.0,130.0,7.0,111.0,37.0,31.0,5.0,186.0,6.0,0.0,0.0,2.0,81.0,2.0,314.0,0.0,263.0,2159.0,927.0,248.0
Escambia-1203318,61.0,0.0,0.0,4.0,3.0,384.0,28.0,6.0,26.0,1.0,0.0,0.0,53.0,0.0,0.0,0.0,0.0,1.0,1.0,55.0,0.0,74.0,452.0,185.0,60.0
Escambia-1203319,479.0,6.0,2.0,47.0,6.0,2450.0,163.0,28.0,126.0,15.0,8.0,0.0,334.0,0.0,0.0,0.0,4.0,43.0,2.0,256.0,1.0,622.0,2990.0,1285.0,317.0
Escambia-1203321,657.0,8.0,0.0,29.0,5.0,1276.0,225.0,14.0,108.0,10.0,6.0,0.0,133.0,0.0,0.0,0.0,1.0,30.0,0.0,112.0,1.0,267.0,1975.0,560.0,347.0
Escambia-1203322,403.0,2.0,0.0,7.0,2.0,289.0,140.0,6.0,28.0,3.0,1.0,0.0,21.0,0.0,1.0,0.0,1.0,6.0,0.0,18.0,0.0,57.0,703.0,108.0,174.0
Escambia-1203323,53.0,1.0,0.0,9.0,0.0,571.0,17.0,9.0,38.0,6.0,3.0,0.0,45.0,0.0,0.0,0.0,4.0,4.0,0.0,58.0,0.0,117.0,634.0,237.0,64.0
Escambia-1203324,867.0,8.0,1.0,99.0,21.0,1521.0,229.0,9.0,205.0,25.0,8.0,1.0,179.0,0.0,0.0,0.0,0.0,76.0,1.0,260.0,1.0,393.0,2517.0,944.0,443.0
Escambia-1203325,419.0,1.0,0.0,29.0,12.0,562.0,89.0,3.0,73.0,24.0,8.0,2.0,62.0,1.0,0.0,0.0,1.0,54.0,0.0,146.0,1.0,137.0,1023.0,436.0,165.0
Escambia-1203326,1321.0,12.0,0.0,114.0,25.0,2846.0,363.0,23.0,250.0,14.0,20.0,1.0,381.0,1.0,1.0,0.0,4.0,75.0,4.0,325.0,0.0,764.0,4318.0,1590.0,636.0
Escambia-1203328,1593.0,1.0,0.0,14.0,10.0,217.0,705.0,3.0,135.0,2.0,4.0,1.0,18.0,0.0,0.0,0.0,0.0,9.0,1.0,11.0,0.0,32.0,1835.0,78.0,843.0
Escambia-1203329,648.0,1.0,2.0,31.0,12.0,374.0,213.0,5.0,98.0,5.0,0.0,1.0,32.0,3.0,0.0,0.0,0.0,20.0,1.0,73.0,1.0,83.0,1068.0,219.0,316.0
Escambia-120333,991.0,9.0,4.0,73.0,23.0,1507.0,264.0,18.0,192.0,12.0,6.0,2.0,145.0,0.0,0.0,1.0,2.0,36.0,3.0,152.0,0.0,335.0,2607.0,694.0,474.0
Escambia-1203330,585.0,2.0,1.0,69.0,14.0,1233.0,137.0,6.0,140.0,19.0,12.0,1.0,152.0,1.0,0.0,1.0,1.0,77.0,2.0,251.0,2.0,307.0,1904.0,826.0,283.0
Escambia-1203331,937.0,3.0,1.0,36.0,16.0,349.0,310.0,2.0,120.0,1.0,4.0,1.0,29.0,0.0,0.0,0.0,1.0,23.0,0.0,64.0,0.0,95.0,1342.0,218.0,432.0
Escambia-1203332,184.0,1.0,2.0,8.0,2.0,212.0,52.0,2.0,34.0,0.0,3.0,0.0,16.0,0.0,0.0,0.0,0.0,10.0,0.0,33.0,0.0,53.0,409.0,115.0,88.0
Escambia-1203333,63.0,1.0,0.0,15.0,3.0,840.0,28.0,18.0,57.0,7.0,16.0,1.0,96.0,0.0,0.0,0.0,2.0,12.0,2.0,87.0,0.0,191.0,922.0,414.0,103.0
Escambia-1203334,1344.0,4.0,3.0,18.0,13.0,391.0,383.0,8.0,70.0,8.0,1.0,1.0,30.0,0.0,0.0,0.0,0.0,2.0,0.0,30.0,0.0,59.0,1773.0,131.0,461.0
Escambia-1203335,651.0,4.0,1.0,68.0,15.0,1006.0,131.0,10.0,174.0,10.0,12.0,2.0,85.0,0.0,0.0,0.0,1.0,53.0,2.0,172.0,1.0,261.0,1745.0,599.0,315.0
Escambia-1203336,562.0,4.0,3.0,34.0,16.0,1687.0,187.0,24.0,125.0,14.0,8.0,0.0,198.0,1.0,0.0,0.0,0.0,16.0,2.0,166.0,0.0,379.0,2306.0,784.0,336.0
Escambia-1203338,733.0,8.0,2.0,87.0,15.0,2140.0,212.0,12.0,143.0,13.0,19.0,0.0,322.0,0.0,0.0,1.0,0.0,72.0,1.0,378.0,0.0,492.0,2985.0,1298.0,367.0
Escambia-1203340,501.0,0.0,0.0,40.0,9.0,706.0,136.0,6.0,100.0,15.0,2.0,0.0,76.0,0.0,0.0,1.0,0.0,50.0,0.0,165.0,1.0,165.0,1256.0,475.0,242.0
Escambia-1203341,921.0,2.0,3.0,70.0,27.0,709.0,245.0,5.0,207.0,7.0,4.0,0.0,85.0,2.0,0.0,0.0,1.0,56.0,4.0,156.0,0.0,161.0,1732.0,476.0,457.0
Escambia-1203342,744.0,3.0,1.0,82.0,12.0,1463.0,203.0,5.0,169.0,30.0,6.0,2.0,195.0,0.0,0.0,0.0,1.0,134.0,4.0,348.0,0.0,362.0,2305.0,1082.0,377.0
Escambia-1203343,984.0,8.0,3.0,107.0,22.0,3803.0,247.0,46.0,212.0,24.0,22.0,2.0,485.0,3.0,0.0,2.0,1.0,98.0,2.0,516.0,0.0,957.0,4927.0,2112.0,505.0
Escambia-1203346,648.0,2.0,4.0,68.0,16.0,1304.0,191.0,6.0,126.0,19.0,14.0,1.0,169.0,1.0,0.0,0.0,0.0,103.0,3.0,377.0,1.0,291.0,2042.0,979.0,323.0
Escambia-1203347,656.0,3.0,3.0,29.0,12.0,282.0,158.0,5.0,52.0,8.0,1.0,0.0,19.0,0.0,0.0,0.0,0.0,2.0,0.0,20.0,0.0,57.0,985.0,107.0,215.0
Escambia-1203348,944.0,1.0,0.0,18.0,4.0,152.0,383.0,2.0,55.0,3.0,3.0,0.0,14.0,0.0,0.0,1.0,0.0,4.0,0.0,15.0,0.0,29.0,1119.0,69.0,440.0
Escambia-1203349,606.0,5.0,2.0,52.0,14.0,632.0,157.0,9.0,105.0,9.0,7.0,0.0,82.0,1.0,0.0,0.0,0.0,18.0,4.0,61.0,0.0,145.0,1311.0,327.0,271.0
Escambia-120335,534.0,5.0,2.0,40.0,11.0,1749.0,178.0,19.0,113.0,21.0,11.0,1.0,264.0,0.0,0.0,0.0,3.0,73.0,1.0,247.0,1.0,472.0,2341.0,1094.0,310.0
Escambia-1203350,249.0,1.0,0.0,17.0,5.0,158.0,57.0,1.0,54.0,2.0,0.0,0.0,17.0,0.0,0.0,0.0,0.0,17.0,0.0,28.0,0.0,46.0,430.0,110.0,112.0
Escambia-1203351,933.0,9.0,0.0,94.0,27.0,1455.0,230.0,13.0,186.0,13.0,14.0,2.0,170.0,0.0,0.0,0.0,2.0,51.0,1.0,190.0,0.0,359.0,2518.0,802.0,429.0
Escambia-1203354,554.0,5.0,1.0,52.0,12.0,1065.0,178.0,10.0,121.0,17.0,8.0,0.0,114.0,0.0,0.0,0.0,3.0,38.0,1.0,178.0,1.0,253.0,1689.0,613.0,309.0
Escambia-1203355,499.0,7.0,2.0,38.0,11.0,1006.0,132.0,13.0,87.0,10.0,7.0,1.0,114.0,0.0,0.0,0.0,1.0,34.0,3.0,144.0,0.0,242.0,1563.0,556.0,232.0
Escambia-1203356,801.0,0.0,1.0,47.0,14.0,389.0,243.0,6.0,130.0,7.0,5.0,0.0,33.0,1.0,0.0,0.0,0.0,13.0,3.0,39.0,1.0,88.0,1252.0,190.0,379.0
Escambia-1203358,270.0,1.0,0.0,28.0,10.0,514.0,68.0,4.0,32.0,9.0,2.0,1.0,74.0,1.0,0.0,0.0,1.0,29.0,1.0,152.0,0.0,131.0,823.0,401.0,104.0
Escambia-120336,317.0,0.0,0.0,25.0,5.0,968.0,119.0,9.0,57.0,6.0,6.0,1.0,93.0,0.0,0.0,0.0,0.0,20.0,0.0,95.0,0.0,217.0,1315.0,438.0,185.0
Escambia-1203360,606.0,0.0,0.0,9.0,2.0,107.0,241.0,3.0,33.0,1.0,4.0,0.0,5.0,0.0,0.0,0.0,0.0,1.0,3.0,8.0,0.0,15.0,724.0,37.0,277.0
Escambia-1203361,775.0,3.0,3.0,89.0,12.0,1061.0,164.0,6.0,106.0,3.0,9.0,2.0,96.0,1.0,0.0,0.0,2.0,26.0,0.0,154.0,0.0,236.0,1943.0,529.0,276.0
Escambia-1203362,987.0,6.0,2.0,78.0,21.0,1171.0,327.0,15.0,158.0,13.0,13.0,1.0,139.0,1.0,1.0,0.0,3.0,34.0,5.0,144.0,1.0,303.0,2265.0,658.0,500.0
Escambia-1203363,795.0,0.0,0.0,4.0,3.0,15.0,366.0,1.0,44.0,1.0,0.0,0.0,2.0,0.0,0.0,1.0,0.0,0.0,1.0,2.0,0.0,3.0,817.0,10.0,411.0
Escambia-1203364,812.0,2.0,1.0,80.0,15.0,1052.0,223.0,8.0,129.0,20.0,13.0,2.0,151.0,1.0,0.0,0.0,3.0,44.0,2.0,193.0,0.0,227.0,1962.0,656.0,360.0
Escambia-1203367,1072.0,10.0,2.0,178.0,12.0,2859.0,252.0,21.0,178.0,14.0,19.0,3.0,309.0,0.0,0.0,0.0,2.0,108.0,5.0,412.0,1.0,738.0,4133.0,1611.0,451.0
Escambia-1203368,502.0,7.0,2.0,47.0,7.0,1124.0,136.0,12.0,101.0,5.0,8.0,1.0,157.0,0.0,0.0,0.0,4.0,31.0,2.0,135.0,0.0,271.0,1689.0,614.0,249.0
Escambia-1203369,1432.0,13.0,3.0,97.0,16.0,1441.0,469.0,11.0,233.0,17.0,10.0,0.0,178.0,0.0,0.0,1.0,3.0,42.0,4.0,153.0,0.0,312.0,3002.0,720.0,713.0
Escambia-120337,868.0,8.0,2.0,97.0,18.0,3198.0,243.0,27.0,175.0,23.0,28.0,0.0,511.0,0.0,0.0,1.0,3.0,76.0,4.0,448.0,0.0,762.0,4191.0,1856.0,445.0
Escambia-1203370,1019.0,6.0,2.0,63.0,16.0,925.0,354.0,14.0,133.0,4.0,10.0,0.0,157.0,0.0,0.0,0.0,1.0,20.0,2.0,128.0,0.0,185.0,2031.0,507.0,501.0
Escambia-1203371,628.0,2.0,0.0,39.0,9.0,611.0,170.0,8.0,87.0,3.0,13.0,0.0,63.0,0.0,0.0,0.0,3.0,23.0,4.0,80.0,0.0,142.0,1289.0,331.0,265.0
Escambia-1203372,277.0,0.0,0.0,16.0,6.0,357.0,94.0,4.0,45.0,7.0,2.0,0.0,44.0,0.0,0.0,0.0,0.0,12.0,1.0,77.0,0.0,94.0,656.0,237.0,143.0
Escambia-1203373,846.0,3.0,2.0,99.0,20.0,1756.0,180.0,4.0,146.0,13.0,10.0,0.0,197.0,1.0,0.0,1.0,1.0,45.0,4.0,245.0,0.0,414.0,2726.0,931.0,330.0
Escambia-1203374,894.0,16.0,3.0,88.0,21.0,3162.0,268.0,28.0,236.0,32.0,21.0,2.0,454.0,0.0,0.0,0.0,4.0,92.0,1.0,442.0,0.0,813.0,4184.0,1861.0,532.0
Escambia-1203375,1019.0,12.0,2.0,79.0,20.0,1648.0,248.0,27.0,148.0,13.0,11.0,1.0,182.0,1.0,2.0,0.0,2.0,46.0,5.0,178.0,1.0,364.0,2780.0,806.0,423.0
Escambia-1203377,753.0,9.0,2.0,49.0,18.0,562.0,154.0,4.0,107.0,8.0,4.0,1.0,52.0,1.0,0.0,0.0,3.0,15.0,2.0,53.0,0.0,110.0,1393.0,249.0,265.0
Escambia-1203380,250.0,4.0,0.0,22.0,7.0,520.0,64.0,11.0,60.0,5.0,2.0,1.0,46.0,0.0,0.0,0.0,1.0,9.0,5.0,64.0,0.0,103.0,803.0,236.0,135.0
Escambia-1203382,355.0,3.0,1.0,14.0,1.0,243.0,81.0,3.0,38.0,5.0,2.0,0.0,20.0,0.0,0.0,0.0,1.0,3.0,0.0,11.0,0.0,49.0,617.0,91.0,122.0
Escambia-1203383,575.0,4.0,2.0,60.0,14.0,981.0,124.0,15.0,101.0,3.0,7.0,1.0,101.0,0.0,0.0,0.0,0.0,24.0,1.0,115.0,1.0,273.0,1636.0,526.0,240.0
Escambia-1203386,813.0,9.0,0.0,63.0,16.0,1246.0,253.0,13.0,161.0,6.0,11.0,0.0,163.0,1.0,0.0,1.0,2.0,28.0,2.0,133.0,1.0,279.0,2147.0,627.0,427.0
Escambia-1203388,669.0,5.0,1.0,93.0,19.0,874.0,128.0,12.0,87.0,11.0,11.0,2.0,114.0,0.0,0.0,0.0,0.0,29.0,4.0,157.0,0.0,158.0,1661.0,486.0,227.0
Escambia-1203390,776.0,1.0,0.0,24.0,11.0,166.0,325.0,5.0,92.0,2.0,2.0,0.0,12.0,0.0,0.0,0.0,0.0,13.0,0.0,13.0,0.0,46.0,978.0,88.0,422.0
Escambia-1203391,1408.0,12.0,3.0,145.0,34.0,2336.0,320.0,19.0,246.0,32.0,18.0,2.0,309.0,2.0,0.0,2.0,2.0,99.0,2.0,356.0,2.0,550.0,3938.0,1376.0,585.0
Escambia-1203394,596.0,0.0,1.0,58.0,7.0,1541.0,154.0,8.0,101.0,20.0,4.0,1.0,134.0,1.0,0.0,0.0,1.0,72.0,2.0,240.0,1.0,464.0,2203.0,940.0,263.0
Escambia-1203395,425.0,1.0,0.0,54.0,5.0,1047.0,81.0,8.0,64.0,9.0,11.0,0.0,119.0,2.0,0.0,0.0,0.0,48.0,0.0,140.0,0.0,291.0,1532.0,620.0,153.0
Escambia-1203397,497.0,3.0,0.0,49.0,10.0,837.0,132.0,3.0,81.0,10.0,11.0,0.0,132.0,1.0,0.0,0.0,0.0,56.0,1.0,180.0,1.0,205.0,1396.0,597.0,216.0
Escambia-1203398,1985.0,2.0,4.0,38.0,22.0,369.0,819.0,10.0,202.0,3.0,3.0,0.0,38.0,0.0,0.0,0.0,0.0,20.0,2.0,53.0,0.0,81.0,2420.0,200.0,1031.0
Escambia-1203399,376.0,2.0,1.0,22.0,8.0,694.0,104.0,8.0,79.0,14.0,3.0,0.0,49.0,1.0,0.0,0.0,0.0,9.0,3.0,94.0,0.0,188.0,1103.0,361.0,191.0
Flagler-120351,446.0,7.0,0.0,25.0,6.0,603.0,139.0,12.0,64.0,1.0,4.0,0.0,49.0,1.0,0.0,0.0,0.0,4.0,0.0,44.0,0.0,154.0,1087.0,257.0,215.0
Flagler-1203510,1014.0,5.0,5.0,68.0,13.0,1566.0,219.0,4.0,113.0,7.0,2.0,1.0,83.0,0.0,0.0,0.0,0.0,20.0,1.0,92.0,0.0,357.0,2671.0,563.0,336.0
Flagler-1203511,905.0,1.0,0.0,44.0,16.0,1115.0,206.0,8.0,127.0,9.0,1.0,2.0,77.0,0.0,0.0,0.0,0.0,18.0,2.0,62.0,0.0,263.0,2081.0,434.0,341.0
Flagler-1203513,983.0,5.0,3.0,49.0,24.0,1082.0,258.0,6.0,113.0,6.0,6.0,1.0,88.0,1.0,0.0,0.0,0.0,14.0,0.0,81.0,0.0,286.0,2146.0,483.0,377.0
Flagler-1203514,906.0,2.0,6.0,38.0,8.0,1159.0,217.0,6.0,101.0,5.0,0.0,2.0,97.0,0.0,0.0,0.0,0.0,32.0,1.0,79.0,0.0,278.0,2119.0,494.0,324.0
Flagler-1203515,920.0,0.0,1.0,51.0,20.0,1046.0,212.0,11.0,111.0,7.0,4.0,0.0,65.0,0.0,0.0,0.0,1.0,10.0,0.0,94.0,1.0,254.0,2038.0,436.0,334.0
Flagler-1203516,722.0,0.0,1.0,35.0,12.0,795.0,164.0,4.0,86.0,2.0,2.0,1.0,45.0,0.0,0.0,0.0,0.0,12.0,0.0,68.0,0.0,205.0,1565.0,335.0,254.0
Flagler-1203517,521.0,6.0,0.0,16.0,8.0,688.0,141.0,2.0,64.0,4.0,0.0,1.0,41.0,0.0,0.0,0.0,0.0,8.0,0.0,52.0,0.0,181.0,1239.0,287.0,207.0
Flagler-1203518,2093.0,12.0,3.0,74.0,34.0,2344.0,744.0,21.0,239.0,19.0,8.0,0.0,188.0,2.0,0.0,0.0,0.0,92.0,3.0,265.0,0.0,706.0,4560.0,1283.0,1004.0
Flagler-1203519,1365.0,2.0,2.0,73.0,19.0,1672.0,429.0,11.0,191.0,13.0,3.0,2.0,113.0,1.0,0.0,0.0,0.0,30.0,1.0,143.0,0.0,429.0,3133.0,735.0,631.0
Flagler-1203520,657.0,1.0,3.0,30.0,6.0,808.0,194.0,5.0,76.0,6.0,2.0,0.0,73.0,0.0,0.0,0.0,0.0,23.0,1.0,85.0,1.0,236.0,1505.0,427.0,275.0
Flagler-1203521,1462.0,8.0,3.0,79.0,34.0,2063.0,368.0,8.0,196.0,2.0,4.0,0.0,143.0,2.0,0.0,0.0,1.0,28.0,1.0,158.0,0.0,570.0,3649.0,909.0,572.0
Flagler-1203523,2263.0,8.0,4.0,110.0,50.0,3650.0,664.0,12.0,354.0,18.0,6.0,2.0,259.0,2.0,0.0,1.0,2.0,140.0,2.0,376.0,2.0,1139.0,6085.0,1949.0,1030.0
Flagler-1203527,1512.0,4.0,0.0,87.0,32.0,2488.0,419.0,20.0,204.0,14.0,6.0,0.0,171.0,0.0,0.0,0.0,1.0,97.0,1.0,268.0,0.0,789.0,4123.0,1347.0,643.0
Flagler-1203529,1117.0,7.0,0.0,70.0,18.0,2328.0,301.0,14.0,147.0,18.0,6.0,1.0,168.0,0.0,0.0,0.0,0.0,124.0,1.0,412.0,1.0,770.0,3540.0,1501.0,462.0
Flagler-120353,337.0,2.0,0.0,25.0,9.0,1267.0,105.0,13.0,89.0,3.0,6.0,0.0,82.0,0.0,0.0,0.0,0.0,10.0,0.0,44.0,0.0,294.0,1640.0,439.0,207.0
Flagler-1203531,757.0,3.0,3.0,26.0,9.0,1466.0,235.0,8.0,76.0,5.0,2.0,2.0,101.0,0.0,0.0,0.0,0.0,81.0,0.0,343.0,1.0,500.0,2264.0,1035.0,319.0
Flagler-1203533,884.0,2.0,3.0,55.0,27.0,1825.0,236.0,13.0,155.0,6.0,2.0,5.0,107.0,0.0,0.0,0.0,0.0,90.0,0.0,180.0,0.0,538.0,2796.0,928.0,404.0
Flagler-1203535,521.0,1.0,0.0,24.0,5.0,845.0,179.0,6.0,87.0,6.0,0.0,1.0,51.0,0.0,1.0,0.0,2.0,34.0,1.0,84.0,0.0,248.0,1396.0,428.0,272.0
Flagler-1203537,610.0,2.0,1.0,28.0,12.0,1278.0,162.0,5.0,100.0,9.0,3.0,0.0,108.0,0.0,0.0,0.0,1.0,41.0,0.0,134.0,0.0,376.0,1931.0,672.0,267.0
Flagler-120355,72.0,0.0,0.0,7.0,2.0,290.0,22.0,2.0,22.0,1.0,3.0,0.0,24.0,0.0,0.0,0.0,0.0,1.0,1.0,19.0,0.0,60.0,371.0,109.0,46.0
Flagler-120357,379.0,3.0,0.0,13.0,4.0,942.0,103.0,5.0,32.0,12.0,4.0,0.0,83.0,0.0,0.0,0.0,1.0,52.0,0.0,100.0,0.0,313.0,1341.0,565.0,140.0
Flagler-120359,1571.0,3.0,3.0,87.0,20.0,2526.0,445.0,19.0,233.0,18.0,10.0,0.0,171.0,1.0,0.0,1.0,2.0,69.0,1.0,183.0,0.0,744.0,4210.0,1200.0,697.0
Flagler-12035999,9.0,0.0,0.0,0.0,0.0,4.0,0.0,0.0,0.0,0.0,0.0,0.0,0.0,0.0,0.0,0.0,0.0,0.0,0.0,0.0,0.0,0.0,13.0,0.0,0.0
Franklin-1203701 EASTPOINT,0.0,0.0,0.0,0.0,0.0,0.0,75.0,18.0,116.0,0.0,3.0,0.0,57.0,1.0,0.0,0.0,1.0,10.0,0.0,48.0,0.0,126.0,0.0,246.0,209.0
Franklin-1203702 ALLIGATOR POINT,0.0,0.0,0.0,0.0,0.0,0.0,35.0,8.0,35.0,1.0,1.0,0.0,16.0,0.0,0.0,0.0,0.0,8.0,0.0,38.0,0.0,55.0,0.0,119.0,78.0
Franklin-1203703 NATIONAL GUARD ARMORY,0.0,0.0,0.0,0.0,0.0,0.0,231.0,9.0,135.0,0.0,1.0,1.0,25.0,0.0,0.0,0.0,0.0,6.0,1.0,20.0,0.0,45.0,0.0,99.0,375.0
Franklin-1203704 AMERICAN LEGION,0.0,0.0,0.0,0.0,0.0,0.0,61.0,6.0,59.0,0.0,1.0,0.0,5.0,0.0,0.0,0.0,0.0,4.0,0.0,15.0,0.0,41.0,0.0,66.0,126.0
Franklin-1203705 CARRABELLE,0.0,0.0,0.0,0.0,0.0,0.0,89.0,28.0,113.0,1.0,1.0,0.0,54.0,0.0,0.0,0.0,0.0,11.0,0.0,48.0,0.0,117.0,0.0,232.0,230.0
Franklin-1203706 LANARK VILLAGE,0.0,0.0,0.0,0.0,0.0,0.0,42.0,7.0,34.0,2.0,1.0,0.0,24.0,0.0,0.0,0.0,1.0,14.0,0.0,15.0,0.0,98.0,0.0,155.0,83.0
Franklin-1203707 ST. GEORGE ISLAND,0.0,0.0,0.0,0.0,0.0,0.0,104.0,9.0,45.0,1.0,1.0,0.0,51.0,0.0,0.0,0.0,0.0,15.0,0.0,44.0,0.0,102.0,0.0,214.0,158.0
Franklin-1203708 AMERICAN LEGION HALL,0.0,0.0,0.0,0.0,0.0,0.0,29.0,19.0,110.0,1.0,2.0,0.0,14.0,0.0,0.0,0.0,0.0,5.0,1.0,21.0,0.0,46.0,0.0,90.0,158.0
Franklin-120371 1 Eastpoint Fire Department,213.0,3.0,0.0,20.0,5.0,1054.0,0.0,0.0,0.0,0.0,0.0,0.0,0.0,0.0,0.0,0.0,0.0,0.0,0.0,0.0,0.0,0.0,1295.0,0.0,0.0
Franklin-120372 2 AP Mission by the Sea,101.0,2.0,0.0,4.0,1.0,214.0,0.0,0.0,0.0,0.0,0.0,0.0,0.0,0.0,0.0,0.0,0.0,0.0,0.0,0.0,0.0,0.0,322.0,0.0,0.0
Franklin-120373 3 FL National Guard Armory,542.0,5.0,1.0,15.0,9.0,428.0,0.0,0.0,0.0,0.0,0.0,0.0,0.0,0.0,0.0,0.0,0.0,0.0,0.0,0.0,0.0,0.0,1000.0,0.0,0.0
Franklin-120374 4 Apalachicola Historic Armory,141.0,0.0,0.0,11.0,3.0,160.0,0.0,0.0,0.0,0.0,0.0,0.0,0.0,0.0,0.0,0.0,0.0,0.0,0.0,0.0,0.0,0.0,315.0,0.0,0.0
Franklin-120375 5 Carrabelle Senior Center,262.0,2.0,1.0,14.0,6.0,931.0,0.0,0.0,0.0,0.0,0.0,0.0,0.0,0.0,0.0,0.0,0.0,0.0,0.0,0.0,0.0,0.0,1216.0,0.0,0.0
Franklin-120376 6 Lanark Chillas Hall,133.0,3.0,0.0,5.0,0.0,320.0,0.0,0.0,0.0,0.0,0.0,0.0,0.0,0.0,0.0,0.0,0.0,0.0,0.0,0.0,0.0,0.0,461.0,0.0,0.0
Franklin-120377 7 SGI Methodist Church,242.0,0.0,0.0,19.0,4.0,429.0,0.0,0.0,0.0,0.0,0.0,0.0,0.0,0.0,0.0,0.0,0.0,0.0,0.0,0.0,0.0,0.0,694.0,0.0,0.0
Franklin-120378 8 American Legion Hall,110.0,1.0,0.0,7.0,5.0,589.0,0.0,0.0,0.0,0.0,0.0,0.0,0.0,0.0,0.0,0.0,0.0,0.0,0.0,0.0,0.0,0.0,712.0,0.0,0.0
Gadsden-120391,585.0,7.0,0.0,16.0,7.0,454.0,253.0,40.0,126.0,4.0,2.0,0.0,35.0,0.0,0.0,0.0,1.0,16.0,1.0,31.0,0.0,52.0,1069.0,142.0,419.0
Gadsden-1203910,249.0,3.0,0.0,4.0,0.0,133.0,136.0,8.0,41.0,0.0,0.0,0.0,10.0,0.0,0.0,0.0,0.0,2.0,0.0,6.0,0.0,22.0,389.0,40.0,185.0
Gadsden-1203911,993.0,2.0,0.0,6.0,4.0,197.0,495.0,11.0,96.0,0.0,1.0,0.0,17.0,0.0,0.0,0.0,0.0,2.0,0.0,8.0,0.0,24.0,1202.0,52.0,602.0
Gadsden-1203912,305.0,2.0,0.0,12.0,1.0,294.0,149.0,30.0,57.0,1.0,0.0,0.0,25.0,0.0,0.0,0.0,0.0,2.0,0.0,13.0,0.0,37.0,614.0,78.0,236.0
Gadsden-1203913,1028.0,0.0,0.0,4.0,3.0,59.0,545.0,9.0,69.0,1.0,0.0,1.0,5.0,0.0,0.0,0.0,2.0,0.0,0.0,4.0,0.0,6.0,1094.0,19.0,623.0
Gadsden-1203914,383.0,5.0,0.0,15.0,4.0,307.0,185.0,7.0,72.0,0.0,3.0,0.0,44.0,0.0,0.0,0.0,0.0,4.0,0.0,30.0,1.0,48.0,714.0,130.0,264.0
Gadsden-1203915,269.0,2.0,2.0,13.0,5.0,579.0,112.0,21.0,98.0,2.0,4.0,0.0,116.0,0.0,0.0,0.0,0.0,9.0,1.0,47.0,0.0,101.0,870.0,280.0,231.0
Gadsden-1203916,668.0,0.0,0.0,1.0,0.0,104.0,321.0,6.0,49.0,0.0,0.0,0.0,12.0,0.0,0.0,0.0,0.0,0.0,0.0,11.0,0.0,13.0,773.0,36.0,376.0
Gadsden-1203917,703.0,1.0,1.0,3.0,2.0,47.0,382.0,3.0,67.0,1.0,1.0,0.0,8.0,0.0,0.0,0.0,0.0,3.0,0.0,0.0,0.0,7.0,757.0,20.0,452.0
Gadsden-1203918,630.0,0.0,1.0,9.0,0.0,144.0,368.0,5.0,58.0,0.0,1.0,0.0,13.0,0.0,0.0,0.0,0.0,3.0,0.0,13.0,0.0,23.0,784.0,53.0,431.0
Gadsden-1203919,442.0,3.0,0.0,15.0,6.0,536.0,194.0,22.0,104.0,0.0,2.0,0.0,88.0,0.0,0.0,0.0,0.0,12.0,0.0,47.0,0.0,94.0,1002.0,243.0,320.0
Gadsden-120392,1175.0,8.0,1.0,18.0,9.0,533.0,583.0,19.0,164.0,4.0,1.0,2.0,70.0,0.0,0.0,0.0,1.0,11.0,2.0,37.0,0.0,89.0,1744.0,217.0,766.0
Gadsden-1203920,404.0,1.0,0.0,16.0,5.0,385.0,199.0,15.0,61.0,3.0,1.0,0.0,40.0,0.0,0.0,0.0,0.0,9.0,0.0,22.0,0.0,61.0,811.0,136.0,275.0
Gadsden-1203921,233.0,0.0,1.0,6.0,3.0,155.0,134.0,8.0,37.0,2.0,0.0,0.0,12.0,0.0,0.0,0.0,1.0,0.0,0.0,15.0,1.0,30.0,398.0,61.0,179.0
Gadsden-1203922,382.0,2.0,0.0,3.0,1.0,138.0,225.0,15.0,61.0,0.0,1.0,0.0,10.0,0.0,0.0,0.0,0.0,0.0,0.0,8.0,0.0,11.0,526.0,30.0,301.0
Gadsden-1203923,359.0,2.0,0.0,3.0,1.0,155.0,152.0,10.0,41.0,0.0,1.0,0.0,8.0,0.0,0.0,0.0,0.0,2.0,0.0,5.0,0.0,15.0,520.0,31.0,203.0
Gadsden-1203924,307.0,1.0,0.0,1.0,0.0,12.0,170.0,3.0,23.0,0.0,0.0,0.0,1.0,0.0,0.0,0.0,0.0,0.0,0.0,0.0,0.0,1.0,321.0,2.0,196.0
Gadsden-1203925,232.0,0.0,0.0,3.0,1.0,75.0,124.0,4.0,18.0,0.0,0.0,0.0,3.0,0.0,0.0,0.0,0.0,0.0,0.0,3.0,0.0,5.0,311.0,11.0,146.0
Gadsden-120393,347.0,0.0,0.0,9.0,2.0,421.0,155.0,19.0,88.0,0.0,2.0,0.0,55.0,0.0,0.0,0.0,0.0,4.0,1.0,25.0,0.0,60.0,779.0,147.0,262.0
Gadsden-120394,1725.0,0.0,1.0,10.0,5.0,310.0,760.0,4.0,173.0,5.0,1.0,0.0,34.0,1.0,0.0,0.0,0.0,4.0,0.0,31.0,1.0,52.0,2051.0,129.0,937.0
Gadsden-120395,1829.0,3.0,0.0,8.0,5.0,127.0,953.0,13.0,117.0,0.0,0.0,1.0,8.0,0.0,0.0,0.0,1.0,1.0,0.0,6.0,0.0,21.0,1972.0,38.0,1083.0
Gadsden-120396,302.0,0.0,0.0,13.0,5.0,601.0,148.0,23.0,103.0,0.0,1.0,0.0,55.0,0.0,0.0,1.0,0.0,12.0,0.0,44.0,0.0,102.0,921.0,215.0,274.0
Gadsden-120397,505.0,0.0,0.0,7.0,5.0,198.0,261.0,16.0,65.0,1.0,0.0,0.0,9.0,0.0,0.0,0.0,0.0,4.0,0.0,7.0,0.0,21.0,715.0,42.0,342.0
Gadsden-120398,179.0,2.0,0.0,15.0,1.0,274.0,87.0,14.0,47.0,0.0,0.0,0.0,22.0,0.0,0.0,0.0,0.0,1.0,0.0,15.0,0.0,37.0,471.0,75.0,148.0
Gadsden-120399,786.0,5.0,2.0,19.0,3.0,490.0,358.0,29.0,110.0,0.0,3.0,0.0,42.0,0.0,0.0,0.0,1.0,9.0,0.0,35.0,0.0,63.0,1305.0,153.0,497.0
Gilchrist-120411A 1A Trenton Center,128.0,1.0,2.0,4.0,5.0,581.0,39.0,12.0,43.0,0.0,3.0,0.0,60.0,0.0,0.0,0.0,0.0,4.0,0.0,32.0,0.0,138.0,721.0,237.0,94.0
Gilchrist-120411B 1B Library,72.0,0.0,0.0,10.0,2.0,300.0,34.0,6.0,33.0,0.0,3.0,0.0,43.0,1.0,0.0,0.0,0.0,5.0,0.0,14.0,0.0,77.0,384.0,143.0,73.0
Gilchrist-120411C 1C Library,123.0,0.0,1.0,7.0,1.0,117.0,42.0,4.0,13.0,0.0,2.0,0.0,7.0,0.0,0.0,0.0,0.0,2.0,0.0,20.0,0.0,20.0,249.0,51.0,59.0
Gilchrist-120412A 2A Donnie Center,171.0,3.0,0.0,20.0,5.0,1052.0,59.0,19.0,85.0,6.0,3.0,0.0,113.0,0.0,0.0,0.0,1.0,15.0,0.0,58.0,0.0,297.0,1251.0,493.0,163.0
Gilchrist-120413A 3A Bell Community Center,160.0,2.0,0.0,22.0,4.0,903.0,41.0,24.0,86.0,1.0,5.0,1.0,84.0,2.0,0.0,0.0,0.0,4.0,0.0,60.0,0.0,266.0,1091.0,423.0,151.0
Gilchrist-120414A 4A Cruse Center,178.0,4.0,1.0,26.0,6.0,869.0,61.0,17.0,75.0,7.0,7.0,1.0,128.0,0.0,0.0,0.0,1.0,10.0,0.0,41.0,0.0,261.0,1084.0,456.0,153.0
Gilchrist-120415A 5A N Gilchrist Fire Station,89.0,0.0,0.0,7.0,3.0,501.0,25.0,13.0,40.0,0.0,1.0,0.0,52.0,0.0,0.0,0.0,0.0,3.0,0.0,29.0,1.0,160.0,600.0,246.0,78.0
Gilchrist-120416A 6A Osteen Center,179.0,2.0,1.0,24.0,5.0,1063.0,44.0,23.0,71.0,3.0,4.0,1.0,158.0,0.0,0.0,0.0,1.0,17.0,0.0,63.0,0.0,288.0,1274.0,535.0,138.0
Gilchrist-120417A 7A Osceola Center,146.0,3.0,1.0,15.0,9.0,731.0,36.0,4.0,67.0,0.0,2.0,0.0,88.0,0.0,0.0,0.0,0.0,8.0,1.0,31.0,1.0,200.0,905.0,331.0,107.0
Gilchrist-120418A 8A Southeast Center,212.0,3.0,0.0,20.0,3.0,623.0,47.0,12.0,65.0,0.0,2.0,0.0,46.0,0.0,0.0,0.0,0.0,11.0,1.0,36.0,0.0,153.0,861.0,249.0,124.0
Glades-120431 1 American Legion,51.0,1.0,2.0,11.0,0.0,197.0,26.0,3.0,28.0,0.0,1.0,0.0,13.0,0.0,0.0,0.0,0.0,4.0,0.0,6.0,0.0,33.0,262.0,57.0,57.0
Glades-1204310 10 Brighton Field Offices,0.0,0.0,0.0,0.0,0.0,0.0,8.0,0.0,6.0,0.0,0.0,0.0,5.0,0.0,0.0,0.0,0.0,0.0,0.0,1.0,0.0,5.0,0.0,11.0,14.0
Glades-1204310 10 Lakeport Comm Ctr,49.0,1.0,0.0,4.0,2.0,45.0,0.0,0.0,0.0,0.0,0.0,0.0,0.0,0.0,0.0,0.0,0.0,0.0,0.0,0.0,0.0,0.0,101.0,0.0,0.0
Glades-1204311 11 Moore Haven Doyle Conn Bldg,51.0,0.0,0.0,3.0,0.0,240.0,17.0,7.0,32.0,2.0,0.0,0.0,18.0,0.0,0.0,0.0,0.0,1.0,0.0,11.0,0.0,30.0,294.0,62.0,56.0
Glades-1204312 12 Washington Park,112.0,0.0,0.0,0.0,0.0,1.0,36.0,0.0,4.0,0.0,0.0,0.0,0.0,0.0,0.0,0.0,0.0,0.0,0.0,0.0,0.0,0.0,113.0,0.0,40.0
Glades-1204313 13 Indian Hills FD,102.0,1.0,2.0,2.0,1.0,316.0,24.0,3.0,28.0,0.0,0.0,0.0,49.0,0.0,0.0,0.0,0.0,4.0,0.0,26.0,0.0,77.0,424.0,156.0,55.0
Glades-120432 2 Ortona Comm Ctr,68.0,0.0,0.0,8.0,3.0,227.0,0.0,0.0,0.0,0.0,0.0,0.0,0.0,0.0,0.0,0.0,0.0,0.0,0.0,0.0,0.0,0.0,306.0,0.0,0.0
Glades-120432 2 Ortona VFD,0.0,0.0,0.0,0.0,0.0,0.0,23.0,8.0,19.0,1.0,0.0,0.0,22.0,0.0,0.0,0.0,0.0,7.0,0.0,19.0,1.0,38.0,0.0,88.0,50.0
Glades-120433 3 Moore Haven Doyle Conn Bldg,63.0,1.0,0.0,4.0,0.0,130.0,21.0,7.0,17.0,0.0,0.0,0.0,4.0,0.0,0.0,0.0,0.0,1.0,0.0,6.0,0.0,14.0,198.0,25.0,45.0
Glades-120434 4 Palmdale Comm Center,0.0,0.0,0.0,0.0,0.0,0.0,5.0,6.0,17.0,0.0,0.0,0.0,8.0,0.0,0.0,0.0,0.0,2.0,0.0,2.0,0.0,21.0,0.0,33.0,28.0
Glades-120434 4 Palmdale Comm Ctr,21.0,0.0,0.0,2.0,0.0,125.0,0.0,0.0,0.0,0.0,0.0,0.0,0.0,0.0,0.0,0.0,0.0,0.0,0.0,0.0,0.0,0.0,148.0,0.0,0.0
Glades-120435 5 Muse VFD,181.0,0.0,0.0,6.0,6.0,553.0,42.0,11.0,50.0,0.0,1.0,0.0,57.0,0.0,0.0,0.0,0.0,6.0,0.0,28.0,0.0,130.0,746.0,222.0,103.0
Glades-120436 6 Moore Haven Doyle Conn Bldg,255.0,4.0,0.0,3.0,0.0,102.0,64.0,3.0,22.0,0.0,0.0,0.0,3.0,0.0,0.0,0.0,0.0,0.0,0.0,2.0,0.0,26.0,364.0,31.0,89.0
Glades-120437 7 Lakeport Comm Center,0.0,0.0,0.0,0.0,0.0,0.0,37.0,8.0,29.0,1.0,0.0,0.0,20.0,0.0,0.0,0.0,0.0,4.0,0.0,23.0,0.0,110.0,0.0,158.0,74.0
Glades-120437 7 Lakeport Comm Ctr,101.0,0.0,0.0,3.0,3.0,379.0,0.0,0.0,0.0,0.0,0.0,0.0,0.0,0.0,0.0,0.0,0.0,0.0,0.0,0.0,0.0,0.0,486.0,0.0,0.0
Glades-120438 8 Buckhead Ridge Comm Center,0.0,0.0,0.0,0.0,0.0,0.0,78.0,17.0,58.0,1.0,1.0,0.0,25.0,0.0,0.0,0.0,1.0,6.0,0.0,34.0,0.0,128.0,0.0,196.0,153.0
Glades-120438 8 Buckhead Ridge Comm Ctr,198.0,0.0,1.0,8.0,2.0,606.0,0.0,0.0,0.0,0.0,0.0,0.0,0.0,0.0,0.0,0.0,0.0,0.0,0.0,0.0,0.0,0.0,815.0,0.0,0.0
Glades-120439 9 Lakeport Comm Center,0.0,0.0,0.0,0.0,0.0,0.0,6.0,3.0,3.0,0.0,0.0,0.0,2.0,0.0,0.0,0.0,0.0,3.0,0.0,4.0,0.0,20.0,0.0,29.0,12.0
Glades-120439 9 Lakeport Comm Ctr,19.0,1.0,0.0,0.0,1.0,75.0,0.0,0.0,0.0,0.0,0.0,0.0,0.0,0.0,0.0,0.0,0.0,0.0,0.0,0.0,0.0,0.0,96.0,0.0,0.0
Gulf-120451,186.0,2.0,1.0,8.0,3.0,1077.0,54.0,19.0,97.0,2.0,1.0,0.0,77.0,0.0,0.0,0.0,0.0,4.0,0.0,32.0,0.0,145.0,1277.0,261.0,170.0
Gulf-120452,233.0,6.0,2.0,43.0,1.0,904.0,70.0,17.0,81.0,2.0,4.0,0.0,74.0,0.0,0.0,0.0,2.0,6.0,3.0,40.0,0.0,137.0,1189.0,268.0,168.0
Gulf-120453,291.0,1.0,1.0,50.0,7.0,923.0,107.0,18.0,73.0,4.0,8.0,1.0,71.0,0.0,0.0,0.0,0.0,20.0,0.0,105.0,0.0,231.0,1273.0,440.0,198.0
Gulf-120454,517.0,0.0,1.0,21.0,5.0,414.0,198.0,14.0,62.0,4.0,4.0,0.0,52.0,0.0,0.0,0.0,1.0,8.0,0.0,47.0,0.0,85.0,958.0,201.0,274.0
Gulf-120455,212.0,2.0,1.0,34.0,6.0,1095.0,60.0,31.0,123.0,4.0,7.0,0.0,152.0,0.0,0.0,1.0,1.0,23.0,0.0,78.0,0.0,203.0,1350.0,469.0,214.0
Gulf-120456,25.0,3.0,2.0,5.0,1.0,160.0,6.0,7.0,20.0,1.0,0.0,0.0,18.0,0.0,0.0,0.0,0.0,0.0,0.0,6.0,0.0,21.0,196.0,46.0,33.0
Gulf-120457,175.0,0.0,0.0,16.0,2.0,407.0,48.0,2.0,29.0,5.0,0.0,0.0,45.0,0.0,0.0,0.0,0.0,22.0,0.0,58.0,0.0,116.0,600.0,246.0,79.0
Gulf-120458,34.0,0.0,0.0,7.0,1.0,133.0,12.0,2.0,16.0,0.0,0.0,0.0,6.0,0.0,0.0,0.0,0.0,3.0,0.0,11.0,0.0,37.0,175.0,57.0,30.0
Gulf-120459,47.0,0.0,0.0,11.0,1.0,216.0,13.0,1.0,19.0,2.0,1.0,0.0,24.0,0.0,0.0,0.0,0.0,3.0,0.0,15.0,0.0,64.0,275.0,109.0,33.0
Hamilton-120471,152.0,2.0,1.0,6.0,1.0,234.0,50.0,12.0,36.0,3.0,1.0,1.0,19.0,0.0,0.0,0.0,0.0,2.0,0.0,10.0,0.0,28.0,396.0,64.0,98.0
Hamilton-120472,598.0,6.0,0.0,6.0,2.0,282.0,239.0,19.0,55.0,5.0,2.0,0.0,14.0,0.0,0.0,0.0,0.0,1.0,0.0,14.0,0.0,43.0,894.0,79.0,313.0
Hamilton-120473,306.0,0.0,0.0,10.0,0.0,372.0,129.0,22.0,78.0,1.0,1.0,0.0,28.0,0.0,0.0,0.0,0.0,4.0,0.0,11.0,0.0,53.0,688.0,98.0,229.0
Hamilton-120474,266.0,2.0,2.0,26.0,7.0,799.0,87.0,33.0,104.0,3.0,1.0,1.0,53.0,0.0,0.0,0.0,0.0,7.0,0.0,17.0,0.0,143.0,1102.0,225.0,224.0
Hamilton-120475,32.0,0.0,1.0,3.0,1.0,156.0,17.0,3.0,20.0,0.0,3.0,0.0,8.0,0.0,0.0,0.0,0.0,2.0,0.0,4.0,0.0,34.0,193.0,51.0,40.0
Hamilton-120476,180.0,0.0,0.0,6.0,1.0,384.0,71.0,23.0,73.0,2.0,0.0,0.0,22.0,0.0,0.0,0.0,0.0,0.0,0.0,22.0,0.0,62.0,571.0,108.0,167.0
Hamilton-120477,210.0,1.0,2.0,5.0,1.0,341.0,112.0,8.0,34.0,1.0,0.0,0.0,32.0,0.0,0.0,0.0,0.0,2.0,2.0,11.0,0.0,49.0,560.0,97.0,154.0
Hamilton-120478,160.0,0.0,0.0,17.0,4.0,875.0,53.0,28.0,79.0,4.0,3.0,0.0,76.0,0.0,0.0,0.0,0.0,11.0,0.0,37.0,0.0,169.0,1056.0,300.0,160.0
Hardee-1204901,0.0,0.0,0.0,0.0,0.0,0.0,14.0,8.0,23.0,0.0,1.0,1.0,22.0,0.0,0.0,0.0,1.0,0.0,0.0,9.0,0.0,57.0,0.0,91.0,45.0
Hardee-1204902,0.0,0.0,0.0,0.0,0.0,0.0,98.0,3.0,37.0,2.0,1.0,0.0,32.0,0.0,0.0,0.0,0.0,4.0,0.0,28.0,0.0,70.0,0.0,137.0,138.0
Hardee-1204903,0.0,0.0,0.0,0.0,0.0,0.0,23.0,3.0,20.0,2.0,1.0,1.0,25.0,0.0,0.0,0.0,0.0,2.0,0.0,36.0,0.0,57.0,0.0,124.0,46.0
Hardee-1204904,0.0,0.0,0.0,0.0,0.0,0.0,32.0,7.0,41.0,0.0,2.0,0.0,55.0,0.0,0.0,0.0,0.0,7.0,0.0,30.0,0.0,95.0,0.0,189.0,80.0
Hardee-1204905,0.0,0.0,0.0,0.0,0.0,0.0,25.0,6.0,20.0,0.0,2.0,0.0,23.0,0.0,0.0,0.0,0.0,3.0,0.0,27.0,0.0,68.0,0.0,123.0,51.0
Hardee-1204906,0.0,0.0,0.0,0.0,0.0,0.0,22.0,7.0,20.0,2.0,0.0,0.0,42.0,0.0,0.0,0.0,0.0,4.0,0.0,32.0,0.0,44.0,0.0,124.0,49.0
Hardee-1204907,0.0,0.0,0.0,0.0,0.0,0.0,73.0,10.0,66.0,4.0,2.0,0.0,74.0,0.0,0.0,0.0,2.0,11.0,1.0,82.0,0.0,222.0,0.0,398.0,149.0
Hardee-1204908,0.0,0.0,0.0,0.0,0.0,0.0,84.0,1.0,7.0,0.0,0.0,0.0,1.0,0.0,0.0,0.0,0.0,0.0,0.0,0.0,0.0,3.0,0.0,4.0,92.0
Hardee-1204909,0.0,0.0,0.0,0.0,0.0,0.0,42.0,16.0,63.0,3.0,5.0,1.0,80.0,0.0,0.0,0.0,0.0,8.0,0.0,73.0,0.0,214.0,0.0,384.0,121.0
Hardee-120491,30.0,1.0,0.0,1.0,2.0,216.0,0.0,0.0,0.0,0.0,0.0,0.0,0.0,0.0,0.0,0.0,0.0,0.0,0.0,0.0,0.0,0.0,250.0,0.0,0.0
Hardee-1204910,0.0,0.0,0.0,0.0,0.0,0.0,35.0,9.0,29.0,0.0,1.0,0.0,22.0,0.0,0.0,1.0,0.0,5.0,1.0,29.0,0.0,64.0,0.0,123.0,73.0
Hardee-1204911,74.0,0.0,0.0,8.0,0.0,304.0,30.0,2.0,27.0,1.0,4.0,0.0,23.0,0.0,0.0,0.0,0.0,4.0,0.0,21.0,0.0,59.0,386.0,112.0,59.0
Hardee-1204912,145.0,2.0,0.0,15.0,3.0,287.0,52.0,10.0,40.0,1.0,3.0,0.0,120.0,0.0,0.0,0.0,2.0,7.0,0.0,68.0,0.0,160.0,452.0,361.0,102.0
Hardee-1204915,331.0,1.0,2.0,30.0,7.0,994.0,0.0,0.0,0.0,0.0,0.0,0.0,0.0,0.0,0.0,0.0,0.0,0.0,0.0,0.0,0.0,0.0,1365.0,0.0,0.0
Hardee-1204916,238.0,0.0,0.0,0.0,0.0,30.0,0.0,0.0,0.0,0.0,0.0,0.0,0.0,0.0,0.0,0.0,0.0,0.0,0.0,0.0,0.0,0.0,268.0,0.0,0.0
Hardee-1204917,218.0,3.0,1.0,22.0,5.0,1021.0,0.0,0.0,0.0,0.0,0.0,0.0,0.0,0.0,0.0,0.0,0.0,0.0,0.0,0.0,0.0,0.0,1270.0,0.0,0.0
Hardee-1204918,198.0,2.0,0.0,10.0,1.0,332.0,0.0,0.0,0.0,0.0,0.0,0.0,0.0,0.0,0.0,0.0,0.0,0.0,0.0,0.0,0.0,0.0,543.0,0.0,0.0
Hardee-120492,288.0,4.0,0.0,14.0,2.0,327.0,0.0,0.0,0.0,0.0,0.0,0.0,0.0,0.0,0.0,0.0,0.0,0.0,0.0,0.0,0.0,0.0,635.0,0.0,0.0
Hardee-1204921,226.0,2.0,0.0,2.0,1.0,236.0,0.0,0.0,0.0,0.0,0.0,0.0,0.0,0.0,0.0,0.0,0.0,0.0,0.0,0.0,0.0,0.0,467.0,0.0,0.0
Hardee-1204922,156.0,5.0,2.0,14.0,0.0,786.0,0.0,0.0,0.0,0.0,0.0,0.0,0.0,0.0,0.0,0.0,0.0,0.0,0.0,0.0,0.0,0.0,963.0,0.0,0.0
Hardee-120495,103.0,0.0,1.0,11.0,1.0,285.0,0.0,0.0,0.0,0.0,0.0,0.0,0.0,0.0,0.0,0.0,0.0,0.0,0.0,0.0,0.0,0.0,401.0,0.0,0.0
Hardee-120498,142.0,1.0,1.0,13.0,2.0,424.0,0.0,0.0,0.0,0.0,0.0,0.0,0.0,0.0,0.0,0.0,0.0,0.0,0.0,0.0,0.0,0.0,583.0,0.0,0.0
Hendry-PRECINCT 1,1674.0,1.0,6.0,30.0,4.0,392.0,520.0,10.0,65.0,8.0,3.0,0.0,41.0,0.0,0.0,0.0,0.0,2.0,0.0,63.0,0.0,50.0,2107.0,167.0,595.0
Hendry-PRECINCT 10,266.0,2.0,1.0,19.0,4.0,343.0,0.0,0.0,0.0,0.0,0.0,0.0,0.0,0.0,0.0,0.0,0.0,0.0,0.0,0.0,0.0,0.0,635.0,0.0,0.0
Hendry-PRECINCT 10.1 (CNG 25),0.0,0.0,0.0,0.0,0.0,0.0,46.0,4.0,27.0,8.0,2.0,0.0,14.0,0.0,0.0,0.0,0.0,1.0,0.0,60.0,0.0,42.0,0.0,127.0,77.0
Hendry-PRECINCT 10.2 (CNG 20),0.0,0.0,0.0,0.0,0.0,0.0,1.0,2.0,1.0,1.0,0.0,0.0,0.0,0.0,0.0,0.0,0.0,0.0,0.0,1.0,0.0,0.0,0.0,2.0,4.0
Hendry-PRECINCT 2,794.0,9.0,3.0,26.0,11.0,1477.0,173.0,28.0,172.0,4.0,8.0,0.0,133.0,0.0,0.0,0.0,0.0,14.0,0.0,147.0,0.0,311.0,2320.0,617.0,373.0
Hendry-PRECINCT 3,625.0,2.0,2.0,39.0,10.0,1262.0,120.0,16.0,148.0,8.0,8.0,1.0,153.0,0.0,0.0,0.0,0.0,18.0,0.0,121.0,0.0,309.0,1940.0,618.0,284.0
Hendry-PRECINCT 4,56.0,0.0,0.0,3.0,8.0,52.0,16.0,3.0,12.0,0.0,0.0,0.0,2.0,0.0,0.0,0.0,0.0,1.0,0.0,3.0,0.0,15.0,119.0,21.0,31.0
Hendry-PRECINCT 5,57.0,0.0,0.0,10.0,1.0,217.0,9.0,1.0,19.0,0.0,0.0,0.0,30.0,0.0,0.0,0.0,0.0,1.0,0.0,17.0,0.0,52.0,285.0,100.0,29.0
Hendry-PRECINCT 6,395.0,0.0,2.0,26.0,2.0,677.0,79.0,15.0,65.0,9.0,4.0,0.0,42.0,0.0,0.0,0.0,0.0,6.0,0.0,60.0,0.0,112.0,1102.0,233.0,159.0
Hendry-PRECINCT 7,288.0,4.0,1.0,30.0,8.0,1121.0,81.0,16.0,73.0,5.0,4.0,0.0,77.0,2.0,0.0,0.0,0.0,20.0,0.0,111.0,1.0,241.0,1452.0,461.0,170.0
Hendry-PRECINCT 8,109.0,6.0,1.0,8.0,2.0,274.0,33.0,4.0,31.0,1.0,0.0,0.0,22.0,0.0,0.0,0.0,0.0,0.0,4.0,25.0,0.0,77.0,400.0,129.0,68.0
Hendry-PRECINCT 9,351.0,4.0,2.0,16.0,2.0,380.0,79.0,5.0,34.0,2.0,2.0,0.0,38.0,0.0,0.0,0.0,0.0,6.0,1.0,37.0,0.0,81.0,755.0,167.0,118.0
Hernando-1205301 ISTACHATTA COMMUNITY CENTER,269.0,0.0,0.0,28.0,7.0,728.0,75.0,10.0,59.0,5.0,6.0,0.0,78.0,0.0,0.0,0.0,0.0,12.0,2.0,63.0,2.0,197.0,1032.0,365.0,144.0
Hernando-1205302 EDEN BAPTIST CH FELLOWSHIP HL,233.0,0.0,0.0,18.0,10.0,1128.0,83.0,8.0,90.0,12.0,5.0,0.0,99.0,0.0,1.0,0.0,0.0,8.0,0.0,80.0,0.0,265.0,1389.0,470.0,181.0
Hernando-1205304 JEROME BROWN COMMUNITY CENTER,1396.0,10.0,6.0,101.0,26.0,2020.0,380.0,31.0,220.0,43.0,18.0,2.0,198.0,1.0,0.0,0.0,2.0,65.0,4.0,234.0,0.0,502.0,3559.0,1069.0,631.0
Hernando-1205306 FAITH EVANL PRESB. CHURCH,779.0,12.0,1.0,53.0,16.0,1978.0,249.0,20.0,161.0,21.0,8.0,1.0,260.0,1.0,0.0,1.0,2.0,48.0,5.0,178.0,0.0,491.0,2839.0,1016.0,430.0
Hernando-1205308 RIDGE MANOR COMMUNITY CENTER,713.0,6.0,3.0,59.0,22.0,1736.0,185.0,17.0,189.0,29.0,12.0,1.0,165.0,3.0,0.0,0.0,0.0,21.0,3.0,128.0,1.0,346.0,2539.0,709.0,391.0
Hernando-1205309 SPRING LAKE UNITED METHODIST,401.0,7.0,1.0,47.0,9.0,1267.0,110.0,15.0,114.0,13.0,6.0,1.0,181.0,1.0,0.0,0.0,0.0,16.0,4.0,110.0,0.0,366.0,1732.0,698.0,239.0
Hernando-1205310 GRACE WORLD OUTREACH CHURCH,956.0,6.0,2.0,58.0,28.0,1961.0,329.0,21.0,183.0,23.0,17.0,2.0,210.0,2.0,0.0,0.0,3.0,50.0,4.0,204.0,1.0,406.0,3011.0,922.0,533.0
Hernando-1205312 DEERFIELD CLUBHOUSE,643.0,5.0,0.0,42.0,18.0,1298.0,186.0,10.0,117.0,12.0,8.0,0.0,131.0,1.0,0.0,0.0,1.0,28.0,0.0,93.0,0.0,319.0,2006.0,593.0,313.0
Hernando-1205313 THE HEATHER COMMUNITY CENTER,299.0,2.0,0.0,25.0,7.0,686.0,88.0,6.0,82.0,10.0,1.0,0.0,51.0,0.0,0.0,0.0,0.0,18.0,1.0,50.0,0.0,220.0,1019.0,351.0,176.0
Hernando-1205314 BROOKSVILLE ELKS LODGE #2582,1709.0,13.0,4.0,114.0,28.0,3212.0,409.0,16.0,264.0,20.0,13.0,2.0,282.0,0.0,0.0,1.0,1.0,64.0,6.0,262.0,1.0,807.0,5080.0,1459.0,689.0
Hernando-1205315 HOLY CROSS LUTHERAN CHURCH,1167.0,7.0,3.0,96.0,39.0,1835.0,259.0,15.0,229.0,18.0,8.0,2.0,118.0,0.0,0.0,0.0,2.0,23.0,1.0,114.0,1.0,462.0,3147.0,749.0,503.0
Hernando-1205317 THE HEATHER COMMUNITY CENTER,790.0,4.0,3.0,43.0,9.0,1639.0,248.0,8.0,108.0,21.0,5.0,1.0,131.0,0.0,0.0,0.0,1.0,107.0,0.0,204.0,2.0,548.0,2488.0,1020.0,364.0
Hernando-1205318 HIGH POINT COMM. CLUB HOUSE,469.0,3.0,1.0,20.0,4.0,886.0,175.0,15.0,89.0,10.0,7.0,1.0,62.0,1.0,0.0,1.0,0.0,30.0,0.0,74.0,0.0,258.0,1383.0,444.0,279.0
Hernando-1205319 GRACE PRESBYTERIAN CHURCH,1525.0,9.0,2.0,126.0,54.0,3102.0,417.0,37.0,287.0,25.0,13.0,1.0,211.0,0.0,0.0,0.0,3.0,75.0,2.0,227.0,0.0,847.0,4818.0,1404.0,741.0
Hernando-1205321 FELLOWSHIP COMMUNITY CHURCH,913.0,2.0,5.0,61.0,26.0,1346.0,244.0,15.0,150.0,11.0,6.0,1.0,97.0,0.0,0.0,0.0,3.0,32.0,3.0,93.0,0.0,325.0,2353.0,571.0,409.0
Hernando-1205323 FOREST OAKS LUTHERAN CHURCH,1091.0,5.0,2.0,61.0,27.0,1673.0,287.0,22.0,184.0,19.0,8.0,1.0,107.0,0.0,0.0,0.0,0.0,31.0,2.0,99.0,0.0,442.0,2859.0,709.0,493.0
Hernando-1205324 CHRISTIAN CHURCH IN THE WILDWOOD,1640.0,10.0,3.0,128.0,43.0,3962.0,420.0,16.0,321.0,37.0,22.0,2.0,300.0,1.0,0.0,0.0,2.0,49.0,2.0,240.0,0.0,1012.0,5786.0,1667.0,757.0
Hernando-1205325 BROOKRIDGE CLUBHOUSE MIDDLE RM,996.0,4.0,1.0,56.0,14.0,1591.0,345.0,15.0,193.0,27.0,8.0,0.0,118.0,1.0,1.0,0.0,0.0,47.0,2.0,135.0,1.0,419.0,2662.0,759.0,553.0
Hernando-1205327 ST JOAN OF ARC CATHOLIC CHURCH,1434.0,11.0,6.0,88.0,35.0,2248.0,383.0,14.0,207.0,22.0,14.0,2.0,189.0,1.0,2.0,1.0,0.0,39.0,0.0,203.0,0.0,512.0,3822.0,985.0,604.0
Hernando-1205329 DAYSPRING PRESBYTERIAN CHURCH,1076.0,2.0,3.0,53.0,21.0,1462.0,267.0,13.0,162.0,27.0,8.0,1.0,86.0,0.0,0.0,1.0,0.0,27.0,2.0,99.0,1.0,317.0,2617.0,569.0,442.0
Hernando-1205330 COAST GUARD AUXILIARY BLDG,460.0,2.0,0.0,33.0,16.0,1326.0,141.0,5.0,91.0,15.0,7.0,0.0,113.0,0.0,0.0,0.0,0.0,37.0,1.0,99.0,1.0,471.0,1837.0,744.0,237.0
Hernando-1205331 TRUE HOLINESS CHURCH OF JESUS CHRIS,913.0,7.0,2.0,58.0,25.0,1846.0,235.0,12.0,134.0,14.0,6.0,0.0,129.0,0.0,0.0,1.0,1.0,59.0,0.0,154.0,1.0,536.0,2851.0,901.0,381.0
Hernando-1205333 SPRING HILL CHURCH OF CHRIST,399.0,1.0,1.0,19.0,4.0,755.0,97.0,7.0,67.0,10.0,5.0,0.0,47.0,2.0,0.0,0.0,0.0,11.0,1.0,55.0,1.0,222.0,1179.0,354.0,171.0
Hernando-1205334 NORTHCLIFFE BAPTIST CHURCH (HALL),1491.0,5.0,3.0,89.0,21.0,1974.0,396.0,13.0,240.0,20.0,8.0,1.0,130.0,1.0,0.0,1.0,4.0,28.0,1.0,121.0,0.0,500.0,3583.0,815.0,649.0
Hernando-1205335 TIMBER PINES PERF. ARTS CTR,493.0,0.0,1.0,15.0,5.0,818.0,219.0,9.0,96.0,23.0,2.0,1.0,63.0,0.0,0.0,0.0,1.0,65.0,0.0,89.0,2.0,317.0,1332.0,563.0,324.0
Hernando-1205336 HILLSIDE COMMUNITY BAPTIST CHURCH,486.0,6.0,3.0,31.0,9.0,897.0,131.0,14.0,86.0,7.0,5.0,2.0,79.0,0.0,0.0,0.0,0.0,9.0,1.0,73.0,0.0,230.0,1432.0,406.0,231.0
Hernando-1205337 HILLSIDE COMMUNITY BAPTIST CHURCH,387.0,7.0,2.0,52.0,12.0,967.0,116.0,13.0,68.0,15.0,5.0,0.0,82.0,0.0,0.0,0.0,0.0,21.0,0.0,67.0,0.0,219.0,1427.0,409.0,197.0
Hernando-1205338 REGENCY OAKS CLUB HOUSE,893.0,4.0,0.0,43.0,21.0,1509.0,301.0,11.0,157.0,18.0,5.0,2.0,99.0,0.0,0.0,0.0,4.0,26.0,0.0,132.0,0.0,465.0,2470.0,751.0,469.0
Hernando-1205339 SH CAL. CHURCH OF THE NAZARENE,593.0,2.0,2.0,31.0,11.0,918.0,163.0,8.0,110.0,8.0,7.0,2.0,54.0,0.0,0.0,0.0,0.0,8.0,0.0,45.0,0.0,202.0,1557.0,326.0,281.0
Hernando-1205340 SH UNITED CHURCH OF CHRIST- HALL,1571.0,12.0,6.0,99.0,31.0,2244.0,440.0,15.0,247.0,27.0,10.0,0.0,139.0,2.0,0.0,1.0,0.0,42.0,2.0,161.0,0.0,482.0,3963.0,866.0,702.0
Hernando-1205342 FAMILY FIRST ASSEMBLY,688.0,5.0,1.0,39.0,18.0,1471.0,187.0,11.0,122.0,24.0,6.0,0.0,115.0,1.0,0.0,0.0,0.0,30.0,1.0,105.0,0.0,382.0,2222.0,664.0,320.0
Hernando-1205344 STERLING HILL CLUBHOUSE (NORTH),1689.0,7.0,3.0,100.0,46.0,2720.0,451.0,28.0,246.0,30.0,14.0,1.0,202.0,2.0,0.0,0.0,1.0,48.0,1.0,203.0,2.0,681.0,4565.0,1185.0,725.0
Hernando-1205346 FAITH EVANGELICAL FREE CHURCH,517.0,4.0,1.0,43.0,10.0,1001.0,109.0,10.0,88.0,6.0,3.0,0.0,56.0,0.0,0.0,0.0,3.0,24.0,1.0,53.0,0.0,292.0,1576.0,438.0,207.0
Hernando-1205347 TIMBER PINES PERF. ARTS CTR,872.0,1.0,1.0,44.0,8.0,1611.0,239.0,8.0,82.0,38.0,4.0,3.0,143.0,1.0,0.0,0.0,1.0,146.0,1.0,255.0,1.0,540.0,2537.0,1133.0,329.0
Hernando-1205348 YMCA OF THE SUNCOAST,1047.0,7.0,4.0,44.0,16.0,1623.0,273.0,15.0,182.0,19.0,4.0,1.0,110.0,1.0,0.0,0.0,1.0,45.0,2.0,133.0,1.0,441.0,2741.0,758.0,470.0
Hernando-1205353 HIGH POINT COMM. CLUB HOUSE,208.0,0.0,0.0,19.0,11.0,527.0,62.0,5.0,48.0,3.0,3.0,0.0,39.0,0.0,0.0,0.0,0.0,10.0,1.0,29.0,0.0,120.0,765.0,205.0,115.0
Hernando-1205354 WELLINGTON CLUBHOUSE,589.0,2.0,1.0,15.0,3.0,1005.0,247.0,2.0,77.0,16.0,3.0,0.0,86.0,1.0,0.0,0.0,0.0,43.0,0.0,113.0,1.0,374.0,1615.0,637.0,326.0
Highlands-120551,508.0,2.0,3.0,34.0,6.0,797.0,107.0,6.0,58.0,9.0,8.0,0.0,102.0,0.0,0.0,0.0,1.0,9.0,1.0,98.0,0.0,162.0,1350.0,390.0,171.0
Highlands-1205510,357.0,3.0,3.0,29.0,6.0,841.0,89.0,5.0,78.0,9.0,2.0,1.0,87.0,0.0,0.0,0.0,0.0,32.0,0.0,122.0,0.0,226.0,1239.0,479.0,172.0
Highlands-1205511,394.0,4.0,0.0,21.0,9.0,835.0,112.0,12.0,56.0,11.0,6.0,1.0,88.0,0.0,0.0,0.0,0.0,6.0,2.0,63.0,1.0,215.0,1263.0,393.0,180.0
Highlands-1205512,154.0,0.0,0.0,8.0,1.0,630.0,38.0,5.0,39.0,5.0,2.0,0.0,50.0,0.0,0.0,0.0,0.0,11.0,0.0,50.0,0.0,177.0,793.0,295.0,82.0
Highlands-1205513,956.0,1.0,2.0,49.0,8.0,2299.0,219.0,31.0,142.0,15.0,15.0,0.0,274.0,1.0,0.0,1.0,1.0,47.0,1.0,240.0,0.0,607.0,3315.0,1202.0,392.0
Highlands-1205514,58.0,0.0,0.0,4.0,0.0,237.0,10.0,1.0,16.0,1.0,1.0,0.0,13.0,0.0,0.0,0.0,0.0,3.0,0.0,19.0,0.0,73.0,299.0,110.0,27.0
Highlands-1205515,1162.0,4.0,2.0,87.0,19.0,3156.0,296.0,27.0,189.0,21.0,30.0,1.0,354.0,1.0,0.0,1.0,1.0,91.0,2.0,391.0,0.0,771.0,4430.0,1664.0,512.0
Highlands-1205516,1174.0,17.0,9.0,57.0,9.0,1728.0,288.0,20.0,127.0,8.0,13.0,0.0,180.0,0.0,0.0,1.0,1.0,25.0,1.0,165.0,0.0,347.0,2994.0,741.0,435.0
Highlands-1205517,1102.0,12.0,4.0,70.0,13.0,3335.0,269.0,32.0,209.0,28.0,11.0,2.0,319.0,2.0,0.0,0.0,1.0,86.0,5.0,305.0,0.0,960.0,4536.0,1719.0,510.0
Highlands-1205518,43.0,0.0,0.0,4.0,1.0,120.0,18.0,3.0,11.0,1.0,1.0,2.0,7.0,0.0,0.0,0.0,0.0,2.0,0.0,12.0,0.0,27.0,168.0,52.0,32.0
Highlands-1205519,849.0,5.0,2.0,26.0,6.0,1588.0,201.0,16.0,94.0,19.0,4.0,0.0,161.0,1.0,0.0,0.0,0.0,51.0,0.0,157.0,0.0,425.0,2476.0,818.0,311.0
Highlands-120552,1326.0,6.0,4.0,30.0,5.0,696.0,320.0,13.0,89.0,9.0,6.0,0.0,55.0,0.0,0.0,0.0,0.0,20.0,0.0,81.0,0.0,177.0,2067.0,348.0,422.0
Highlands-1205520,429.0,2.0,1.0,28.0,10.0,968.0,120.0,10.0,50.0,7.0,8.0,0.0,85.0,0.0,0.0,0.0,1.0,18.0,1.0,92.0,0.0,274.0,1438.0,486.0,180.0
Highlands-1205521,475.0,4.0,2.0,22.0,12.0,1714.0,109.0,8.0,94.0,11.0,4.0,0.0,204.0,0.0,0.0,0.0,0.0,35.0,1.0,124.0,0.0,452.0,2229.0,831.0,211.0
Highlands-1205522,277.0,3.0,0.0,17.0,4.0,393.0,71.0,2.0,24.0,4.0,9.0,1.0,104.0,0.0,0.0,0.0,0.0,10.0,0.0,65.0,0.0,84.0,694.0,277.0,97.0
Highlands-1205523,206.0,1.0,1.0,21.0,1.0,399.0,41.0,4.0,23.0,6.0,4.0,0.0,41.0,0.0,0.0,0.0,0.0,11.0,0.0,42.0,0.0,110.0,629.0,214.0,68.0
Highlands-1205524,465.0,2.0,1.0,36.0,2.0,1095.0,163.0,4.0,75.0,11.0,5.0,1.0,101.0,0.0,0.0,0.0,2.0,55.0,1.0,143.0,1.0,305.0,1601.0,625.0,242.0
Highlands-1205525,1066.0,11.0,1.0,62.0,16.0,1803.0,288.0,17.0,129.0,16.0,14.0,2.0,166.0,0.0,1.0,0.0,1.0,69.0,2.0,205.0,0.0,466.0,2959.0,942.0,434.0
Highlands-120553,286.0,1.0,3.0,26.0,5.0,1024.0,88.0,8.0,59.0,7.0,4.0,1.0,132.0,0.0,0.0,0.0,0.0,23.0,0.0,107.0,0.0,217.0,1345.0,491.0,155.0
Highlands-120554,1165.0,3.0,5.0,68.0,10.0,1837.0,290.0,19.0,141.0,21.0,9.0,0.0,160.0,0.0,0.0,0.0,2.0,68.0,3.0,222.0,0.0,434.0,3088.0,919.0,450.0
Highlands-120555,1113.0,6.0,8.0,89.0,16.0,2159.0,287.0,17.0,191.0,18.0,11.0,2.0,200.0,1.0,0.0,0.0,1.0,49.0,2.0,239.0,0.0,501.0,3391.0,1024.0,495.0
Highlands-120556,406.0,3.0,0.0,18.0,5.0,979.0,112.0,7.0,49.0,14.0,3.0,1.0,98.0,0.0,0.0,0.0,2.0,45.0,2.0,114.0,0.0,290.0,1411.0,569.0,168.0
Highlands-120557,398.0,1.0,1.0,20.0,5.0,312.0,71.0,4.0,35.0,6.0,0.0,0.0,27.0,0.0,0.0,0.0,1.0,5.0,0.0,27.0,0.0,62.0,737.0,128.0,110.0
Highlands-120558,403.0,1.0,0.0,28.0,16.0,614.0,71.0,4.0,75.0,6.0,3.0,0.0,54.0,0.0,0.0,1.0,1.0,11.0,1.0,70.0,0.0,134.0,1062.0,281.0,150.0
Highlands-120559,165.0,0.0,0.0,0.0,1.0,6.0,38.0,1.0,4.0,0.0,1.0,0.0,0.0,0.0,0.0,0.0,0.0,0.0,0.0,0.0,0.0,0.0,172.0,1.0,43.0
Hillsborough-12057101,1350.0,9.0,4.0,123.0,16.0,1321.0,288.0,9.0,171.0,6.0,8.0,1.0,115.0,0.0,1.0,0.0,0.0,42.0,3.0,140.0,0.0,196.0,2823.0,512.0,468.0
Hillsborough-12057103,1403.0,5.0,4.0,102.0,21.0,1457.0,275.0,10.0,186.0,17.0,4.0,1.0,95.0,1.0,0.0,0.0,2.0,43.0,2.0,153.0,0.0,319.0,2992.0,637.0,471.0
Hillsborough-12057105,1678.0,12.0,7.0,102.0,37.0,1161.0,349.0,13.0,220.0,17.0,6.0,6.0,89.0,1.0,1.0,0.0,1.0,30.0,5.0,129.0,0.0,207.0,2997.0,492.0,582.0
Hillsborough-12057107,1677.0,9.0,6.0,136.0,37.0,1595.0,380.0,12.0,246.0,17.0,12.0,2.0,143.0,2.0,0.0,0.0,2.0,54.0,1.0,196.0,1.0,274.0,3460.0,704.0,638.0
Hillsborough-12057108,808.0,3.0,4.0,80.0,16.0,856.0,175.0,5.0,136.0,9.0,4.0,0.0,77.0,1.0,0.0,0.0,1.0,60.0,0.0,147.0,0.0,181.0,1767.0,480.0,316.0
Hillsborough-12057109,799.0,1.0,3.0,65.0,7.0,892.0,196.0,6.0,136.0,14.0,0.0,1.0,65.0,1.0,1.0,1.0,0.0,61.0,0.0,175.0,0.0,189.0,1767.0,508.0,338.0
Hillsborough-12057111,755.0,5.0,3.0,76.0,11.0,799.0,193.0,10.0,128.0,14.0,2.0,0.0,66.0,1.0,0.0,0.0,0.0,58.0,1.0,172.0,0.0,193.0,1649.0,507.0,331.0
Hillsborough-12057112,853.0,1.0,2.0,64.0,9.0,925.0,213.0,4.0,106.0,14.0,4.0,0.0,88.0,0.0,0.0,0.0,0.0,84.0,2.0,231.0,0.0,190.0,1854.0,613.0,323.0
Hillsborough-12057113,1028.0,9.0,2.0,83.0,21.0,978.0,265.0,16.0,200.0,9.0,5.0,0.0,104.0,0.0,0.0,0.0,0.0,31.0,0.0,113.0,0.0,177.0,2121.0,439.0,481.0
Hillsborough-12057115,773.0,0.0,2.0,71.0,16.0,700.0,171.0,14.0,130.0,11.0,4.0,0.0,38.0,1.0,0.0,0.0,0.0,30.0,1.0,95.0,0.0,136.0,1562.0,316.0,315.0
Hillsborough-12057116,541.0,1.0,3.0,44.0,8.0,600.0,124.0,11.0,104.0,7.0,5.0,1.0,59.0,1.0,0.0,0.0,0.0,27.0,0.0,78.0,0.0,134.0,1197.0,312.0,239.0
Hillsborough-12057117,936.0,1.0,4.0,95.0,9.0,1442.0,243.0,25.0,177.0,14.0,8.0,3.0,126.0,1.0,0.0,0.0,0.0,112.0,1.0,272.0,0.0,320.0,2487.0,857.0,445.0
Hillsborough-12057119,1132.0,5.0,2.0,73.0,15.0,1349.0,261.0,16.0,183.0,25.0,3.0,0.0,148.0,0.0,0.0,1.0,0.0,89.0,1.0,277.0,0.0,300.0,2576.0,844.0,460.0
Hillsborough-12057121,1241.0,5.0,1.0,98.0,24.0,1102.0,292.0,7.0,193.0,18.0,4.0,0.0,110.0,2.0,0.0,0.0,1.0,85.0,1.0,246.0,1.0,226.0,2471.0,694.0,492.0
Hillsborough-12057123,1328.0,3.0,4.0,74.0,18.0,1167.0,406.0,14.0,172.0,36.0,5.0,0.0,87.0,0.0,0.0,0.0,1.0,89.0,1.0,246.0,2.0,283.0,2594.0,750.0,592.0
Hillsborough-12057125,426.0,0.0,1.0,40.0,3.0,556.0,136.0,9.0,68.0,12.0,2.0,0.0,54.0,2.0,0.0,0.0,0.0,65.0,0.0,137.0,0.0,107.0,1026.0,379.0,213.0
Hillsborough-12057127,1238.0,1.0,3.0,77.0,22.0,1245.0,354.0,10.0,196.0,12.0,10.0,0.0,102.0,0.0,0.0,0.0,0.0,114.0,1.0,220.0,0.0,296.0,2586.0,755.0,560.0
Hillsborough-12057129,1115.0,2.0,0.0,69.0,11.0,891.0,296.0,4.0,162.0,9.0,3.0,1.0,70.0,0.0,0.0,0.0,0.0,88.0,3.0,212.0,0.0,218.0,2088.0,604.0,462.0
Hillsborough-12057131,1284.0,2.0,0.0,101.0,11.0,1204.0,270.0,12.0,138.0,21.0,7.0,2.0,90.0,3.0,0.0,0.0,0.0,117.0,1.0,301.0,0.0,230.0,2602.0,772.0,420.0
Hillsborough-12057133,486.0,3.0,1.0,40.0,4.0,832.0,126.0,10.0,81.0,20.0,2.0,0.0,78.0,0.0,1.0,0.0,0.0,91.0,0.0,224.0,0.0,192.0,1366.0,608.0,217.0
Hillsborough-12057135,1237.0,5.0,2.0,112.0,16.0,1388.0,319.0,16.0,173.0,25.0,6.0,0.0,124.0,0.0,0.0,0.0,0.0,115.0,1.0,325.0,0.0,333.0,2760.0,929.0,508.0
Hillsborough-12057137,950.0,2.0,1.0,88.0,14.0,1106.0,260.0,19.0,162.0,20.0,8.0,1.0,115.0,0.0,0.0,1.0,0.0,90.0,3.0,281.0,1.0,236.0,2161.0,756.0,441.0
Hillsborough-12057139,926.0,3.0,2.0,71.0,8.0,1327.0,237.0,12.0,122.0,27.0,6.0,0.0,107.0,0.0,0.0,0.0,0.0,110.0,1.0,279.0,0.0,303.0,2337.0,833.0,371.0
Hillsborough-12057141,536.0,0.0,1.0,35.0,9.0,438.0,138.0,6.0,74.0,6.0,5.0,0.0,35.0,0.0,0.0,0.0,0.0,22.0,0.0,94.0,1.0,90.0,1019.0,253.0,218.0
Hillsborough-12057145,476.0,2.0,1.0,36.0,5.0,416.0,109.0,4.0,41.0,1.0,3.0,0.0,19.0,0.0,0.0,0.0,0.0,26.0,1.0,69.0,0.0,54.0,936.0,173.0,154.0
Hillsborough-12057149,0.0,0.0,0.0,0.0,0.0,0.0,25.0,1.0,16.0,0.0,0.0,1.0,1.0,0.0,0.0,0.0,0.0,6.0,0.0,13.0,0.0,21.0,0.0,42.0,42.0
Hillsborough-12057151,623.0,0.0,0.0,50.0,9.0,458.0,81.0,3.0,60.0,3.0,0.0,0.0,20.0,0.0,0.0,0.0,0.0,24.0,0.0,73.0,0.0,56.0,1140.0,176.0,144.0
Hillsborough-12057153,268.0,0.0,0.0,27.0,3.0,156.0,48.0,1.0,50.0,5.0,1.0,0.0,13.0,0.0,0.0,0.0,0.0,18.0,0.0,38.0,0.0,32.0,454.0,107.0,99.0
Hillsborough-12057157,336.0,1.0,1.0,23.0,2.0,290.0,51.0,1.0,34.0,1.0,3.0,0.0,14.0,0.0,0.0,0.0,0.0,19.0,0.0,58.0,0.0,59.0,653.0,154.0,86.0
Hillsborough-12057159,1154.0,1.0,0.0,69.0,11.0,1167.0,240.0,7.0,120.0,24.0,4.0,0.0,53.0,0.0,0.0,0.0,0.0,68.0,1.0,209.0,0.0,283.0,2402.0,642.0,367.0
Hillsborough-12057160,1308.0,0.0,2.0,98.0,13.0,910.0,217.0,3.0,153.0,10.0,3.0,0.0,29.0,0.0,0.0,0.0,0.0,56.0,1.0,93.0,0.0,192.0,2331.0,384.0,373.0
Hillsborough-12057163,334.0,1.0,0.0,10.0,6.0,107.0,124.0,1.0,35.0,4.0,0.0,0.0,8.0,0.0,0.0,0.0,0.0,1.0,2.0,20.0,0.0,23.0,458.0,58.0,160.0
Hillsborough-12057165,662.0,1.0,4.0,39.0,7.0,436.0,79.0,7.0,79.0,6.0,4.0,0.0,19.0,0.0,0.0,0.0,0.0,13.0,0.0,38.0,0.0,46.0,1149.0,126.0,165.0
Hillsborough-12057169,1293.0,3.0,2.0,34.0,24.0,286.0,388.0,1.0,112.0,0.0,2.0,0.0,10.0,1.0,0.0,0.0,0.0,8.0,2.0,25.0,0.0,36.0,1642.0,84.0,501.0
Hillsborough-12057175,1182.0,2.0,1.0,36.0,13.0,667.0,330.0,11.0,144.0,5.0,3.0,1.0,48.0,0.0,0.0,0.0,0.0,13.0,0.0,87.0,0.0,114.0,1901.0,271.0,485.0
Hillsborough-12057179,684.0,2.0,4.0,34.0,15.0,524.0,175.0,8.0,129.0,6.0,2.0,0.0,47.0,1.0,0.0,0.0,1.0,16.0,0.0,66.0,0.0,104.0,1263.0,243.0,312.0
Hillsborough-12057203,1424.0,3.0,5.0,28.0,9.0,478.0,374.0,0.0,130.0,0.0,2.0,0.0,20.0,0.0,0.0,0.0,0.0,5.0,0.0,33.0,0.0,62.0,1947.0,122.0,504.0
Hillsborough-12057205,1668.0,5.0,5.0,41.0,26.0,706.0,433.0,8.0,180.0,18.0,7.0,1.0,44.0,0.0,0.0,0.0,0.0,7.0,1.0,140.0,1.0,80.0,2451.0,299.0,621.0
Hillsborough-12057207,1049.0,1.0,2.0,13.0,8.0,83.0,316.0,2.0,69.0,5.0,0.0,0.0,4.0,0.0,0.0,0.0,0.0,2.0,0.0,7.0,0.0,15.0,1156.0,33.0,387.0
Hillsborough-12057209,929.0,1.0,3.0,29.0,9.0,169.0,247.0,0.0,110.0,0.0,2.0,0.0,14.0,1.0,0.0,1.0,0.0,5.0,1.0,31.0,0.0,38.0,1140.0,93.0,357.0
Hillsborough-12057213,1095.0,6.0,2.0,42.0,20.0,170.0,221.0,1.0,126.0,3.0,1.0,0.0,20.0,0.0,1.0,0.0,0.0,5.0,0.0,20.0,0.0,24.0,1335.0,74.0,348.0
Hillsborough-12057217,1276.0,5.0,1.0,55.0,27.0,672.0,341.0,10.0,275.0,4.0,3.0,0.0,68.0,0.0,0.0,1.0,0.0,21.0,3.0,122.0,0.0,99.0,2036.0,321.0,626.0
Hillsborough-12057218,360.0,0.0,1.0,10.0,6.0,201.0,112.0,5.0,33.0,10.0,2.0,0.0,10.0,0.0,0.0,0.0,0.0,5.0,0.0,39.0,0.0,39.0,578.0,105.0,150.0
Hillsborough-12057219,1310.0,2.0,0.0,44.0,15.0,740.0,369.0,13.0,135.0,19.0,0.0,1.0,33.0,1.0,0.0,0.0,0.0,7.0,0.0,170.0,0.0,101.0,2111.0,332.0,517.0
Hillsborough-12057221,241.0,1.0,2.0,10.0,4.0,118.0,39.0,1.0,24.0,1.0,0.0,0.0,5.0,0.0,0.0,0.0,0.0,2.0,0.0,14.0,0.0,18.0,376.0,40.0,64.0
Hillsborough-12057223,1298.0,3.0,3.0,38.0,7.0,474.0,271.0,9.0,104.0,4.0,0.0,1.0,34.0,0.0,0.0,0.0,0.0,5.0,1.0,86.0,0.0,49.0,1823.0,180.0,384.0
Hillsborough-12057225,439.0,1.0,0.0,29.0,2.0,371.0,64.0,0.0,49.0,1.0,0.0,1.0,22.0,1.0,0.0,1.0,0.0,8.0,0.0,49.0,0.0,55.0,842.0,138.0,113.0
Hillsborough-12057226,0.0,0.0,0.0,0.0,0.0,0.0,0.0,0.0,1.0,0.0,0.0,0.0,2.0,0.0,0.0,0.0,0.0,0.0,0.0,2.0,0.0,0.0,0.0,4.0,1.0
Hillsborough-12057227,1257.0,2.0,5.0,38.0,19.0,741.0,367.0,21.0,212.0,13.0,7.0,1.0,44.0,0.0,0.0,1.0,0.0,16.0,1.0,138.0,0.0,125.0,2062.0,346.0,600.0
Hillsborough-12057231,1420.0,6.0,5.0,86.0,48.0,550.0,332.0,7.0,378.0,8.0,2.0,0.0,67.0,0.0,0.0,0.0,0.0,31.0,3.0,90.0,0.0,105.0,2115.0,306.0,717.0
Hillsborough-12057233,1067.0,0.0,2.0,48.0,34.0,396.0,139.0,4.0,190.0,5.0,1.0,0.0,23.0,0.0,0.0,0.0,0.0,13.0,3.0,48.0,0.0,67.0,1547.0,160.0,333.0
Hillsborough-12057237,1114.0,9.0,2.0,80.0,28.0,601.0,261.0,6.0,291.0,2.0,3.0,0.0,54.0,0.0,0.0,0.0,1.0,25.0,5.0,69.0,0.0,102.0,1834.0,261.0,558.0
Hillsborough-12057239,1007.0,8.0,9.0,33.0,9.0,568.0,194.0,5.0,119.0,14.0,1.0,0.0,40.0,2.0,0.0,0.0,1.0,14.0,0.0,72.0,0.0,109.0,1634.0,253.0,318.0
Hillsborough-12057240,1275.0,5.0,7.0,59.0,24.0,827.0,310.0,15.0,188.0,11.0,4.0,0.0,64.0,0.0,0.0,0.0,1.0,17.0,2.0,86.0,0.0,136.0,2197.0,321.0,513.0
Hillsborough-12057241,213.0,0.0,0.0,1.0,3.0,26.0,111.0,5.0,10.0,2.0,0.0,0.0,0.0,0.0,0.0,0.0,0.0,0.0,0.0,6.0,0.0,6.0,243.0,14.0,126.0
Hillsborough-12057243,1230.0,9.0,7.0,48.0,19.0,531.0,216.0,10.0,176.0,10.0,1.0,0.0,33.0,0.0,0.0,1.0,0.0,4.0,0.0,46.0,0.0,74.0,1844.0,169.0,402.0
Hillsborough-12057245,750.0,5.0,2.0,28.0,20.0,532.0,177.0,5.0,124.0,5.0,4.0,1.0,46.0,0.0,0.0,0.0,0.0,16.0,1.0,57.0,0.0,102.0,1337.0,232.0,306.0
Hillsborough-12057247,326.0,3.0,1.0,9.0,5.0,118.0,66.0,4.0,33.0,0.0,0.0,0.0,6.0,1.0,0.0,0.0,0.0,0.0,0.0,12.0,0.0,17.0,462.0,36.0,103.0
Hillsborough-12057248,0.0,0.0,0.0,0.0,0.0,0.0,2.0,0.0,7.0,0.0,0.0,0.0,0.0,0.0,0.0,0.0,0.0,0.0,0.0,0.0,0.0,0.0,0.0,0.0,9.0
Hillsborough-12057249,1006.0,10.0,3.0,63.0,26.0,1022.0,264.0,21.0,218.0,7.0,11.0,2.0,136.0,2.0,0.0,2.0,0.0,31.0,0.0,120.0,0.0,198.0,2130.0,509.0,503.0
Hillsborough-12057250,27.0,0.0,0.0,2.0,0.0,30.0,5.0,0.0,6.0,1.0,0.0,0.0,4.0,0.0,0.0,0.0,0.0,1.0,0.0,0.0,0.0,2.0,59.0,8.0,11.0
Hillsborough-12057301,411.0,2.0,2.0,13.0,10.0,162.0,98.0,7.0,58.0,0.0,0.0,0.0,14.0,0.0,0.0,0.0,0.0,3.0,0.0,29.0,0.0,32.0,600.0,78.0,163.0
Hillsborough-12057303,606.0,1.0,1.0,1.0,3.0,56.0,164.0,0.0,31.0,2.0,1.0,0.0,4.0,0.0,0.0,0.0,1.0,0.0,0.0,9.0,0.0,9.0,668.0,26.0,195.0
Hillsborough-12057305,2325.0,3.0,6.0,49.0,31.0,252.0,629.0,4.0,194.0,9.0,2.0,0.0,6.0,0.0,0.0,0.0,0.0,12.0,1.0,31.0,0.0,45.0,2666.0,106.0,827.0
Hillsborough-12057307,1340.0,1.0,3.0,11.0,9.0,208.0,406.0,7.0,74.0,4.0,2.0,0.0,17.0,0.0,0.0,1.0,1.0,0.0,0.0,15.0,0.0,28.0,1572.0,68.0,487.0
Hillsborough-12057309,1806.0,4.0,1.0,10.0,16.0,48.0,598.0,3.0,90.0,1.0,3.0,0.0,4.0,0.0,0.0,0.0,0.0,0.0,0.0,6.0,0.0,3.0,1885.0,17.0,691.0
Hillsborough-12057317,1250.0,1.0,2.0,24.0,20.0,208.0,350.0,1.0,125.0,5.0,3.0,0.0,11.0,0.0,0.0,0.0,0.0,1.0,1.0,30.0,0.0,16.0,1505.0,67.0,476.0
Hillsborough-12057318,788.0,1.0,1.0,30.0,12.0,224.0,205.0,5.0,135.0,1.0,5.0,0.0,23.0,0.0,0.0,0.0,2.0,8.0,0.0,27.0,0.0,26.0,1056.0,92.0,345.0
Hillsborough-12057319,1086.0,2.0,0.0,41.0,19.0,279.0,234.0,1.0,139.0,5.0,0.0,0.0,12.0,1.0,0.0,1.0,1.0,10.0,1.0,27.0,0.0,43.0,1427.0,101.0,374.0
Hillsborough-12057321,2021.0,1.0,3.0,12.0,21.0,110.0,587.0,3.0,109.0,1.0,3.0,0.0,5.0,0.0,0.0,0.0,0.0,0.0,0.0,3.0,0.0,10.0,2168.0,22.0,699.0
Hillsborough-12057325,2096.0,1.0,2.0,8.0,13.0,68.0,694.0,9.0,81.0,3.0,2.0,0.0,7.0,0.0,0.0,0.0,0.0,1.0,0.0,5.0,0.0,7.0,2188.0,25.0,784.0
Hillsborough-12057327,2043.0,3.0,2.0,15.0,20.0,128.0,596.0,6.0,96.0,4.0,6.0,1.0,9.0,1.0,0.0,0.0,1.0,4.0,0.0,12.0,1.0,19.0,2211.0,58.0,698.0
Hillsborough-12057329,2148.0,5.0,2.0,28.0,24.0,221.0,761.0,9.0,178.0,5.0,4.0,0.0,20.0,0.0,0.0,1.0,0.0,12.0,0.0,27.0,0.0,29.0,2428.0,98.0,948.0
Hillsborough-12057333,642.0,3.0,3.0,46.0,16.0,297.0,174.0,5.0,137.0,3.0,3.0,1.0,22.0,0.0,0.0,0.0,0.0,8.0,1.0,28.0,0.0,57.0,1007.0,123.0,316.0
Hillsborough-12057335,658.0,2.0,3.0,34.0,25.0,287.0,222.0,5.0,199.0,5.0,1.0,2.0,32.0,0.0,0.0,0.0,0.0,9.0,2.0,47.0,0.0,72.0,1009.0,170.0,426.0
Hillsborough-12057338,909.0,0.0,2.0,8.0,7.0,155.0,182.0,3.0,52.0,6.0,2.0,0.0,11.0,0.0,0.0,0.0,0.0,2.0,0.0,12.0,0.0,17.0,1081.0,50.0,237.0
Hillsborough-12057339,724.0,2.0,2.0,12.0,8.0,202.0,185.0,5.0,76.0,3.0,2.0,0.0,17.0,0.0,0.0,0.0,1.0,4.0,0.0,22.0,0.0,41.0,950.0,90.0,266.0
Hillsborough-12057341,1985.0,5.0,3.0,50.0,31.0,459.0,502.0,3.0,161.0,5.0,3.0,0.0,36.0,0.0,0.0,0.0,1.0,4.0,1.0,40.0,0.0,89.0,2533.0,179.0,666.0
Hillsborough-12057342,1476.0,5.0,5.0,41.0,19.0,406.0,359.0,10.0,137.0,8.0,2.0,0.0,44.0,0.0,0.0,0.0,0.0,8.0,0.0,56.0,1.0,75.0,1952.0,194.0,506.0
Hillsborough-12057343,821.0,3.0,1.0,27.0,19.0,334.0,156.0,1.0,107.0,1.0,4.0,0.0,18.0,0.0,0.0,0.0,0.0,2.0,0.0,20.0,0.0,50.0,1205.0,95.0,264.0
Hillsborough-12057344,1379.0,3.0,1.0,25.0,13.0,183.0,290.0,5.0,117.0,7.0,2.0,0.0,14.0,0.0,0.0,0.0,0.0,3.0,2.0,19.0,0.0,31.0,1604.0,78.0,412.0
Hillsborough-12057345,1346.0,10.0,3.0,24.0,14.0,464.0,264.0,10.0,138.0,7.0,5.0,1.0,56.0,0.0,0.0,0.0,0.0,4.0,0.0,37.0,0.0,79.0,1861.0,189.0,412.0
Hillsborough-12057346,33.0,0.0,0.0,2.0,1.0,6.0,0.0,0.0,1.0,0.0,0.0,0.0,0.0,0.0,0.0,0.0,0.0,0.0,0.0,0.0,0.0,1.0,42.0,1.0,1.0
Hillsborough-12057347,1714.0,6.0,4.0,28.0,14.0,337.0,408.0,10.0,124.0,7.0,1.0,0.0,37.0,0.0,0.0,0.0,0.0,3.0,0.0,31.0,0.0,58.0,2103.0,137.0,542.0
Hillsborough-12057353,862.0,2.0,2.0,48.0,16.0,265.0,15.0,0.0,76.0,1.0,0.0,0.0,5.0,0.0,0.0,0.0,0.0,7.0,0.0,16.0,0.0,4.0,1195.0,33.0,91.0
Hillsborough-12057355,142.0,0.0,0.0,6.0,2.0,140.0,16.0,0.0,18.0,2.0,0.0,0.0,2.0,0.0,0.0,0.0,0.0,2.0,0.0,10.0,0.0,10.0,290.0,26.0,34.0
Hillsborough-12057356,210.0,0.0,0.0,18.0,2.0,62.0,16.0,0.0,35.0,0.0,0.0,0.0,3.0,0.0,0.0,0.0,0.0,1.0,0.0,5.0,0.0,9.0,292.0,18.0,51.0
Hillsborough-12057357,759.0,3.0,1.0,39.0,16.0,635.0,121.0,2.0,104.0,6.0,1.0,0.0,72.0,0.0,0.0,0.0,0.0,50.0,0.0,123.0,0.0,171.0,1453.0,423.0,227.0
Hillsborough-12057358,746.0,1.0,1.0,36.0,14.0,589.0,178.0,3.0,123.0,8.0,4.0,0.0,61.0,0.0,1.0,0.0,0.0,29.0,2.0,101.0,0.0,141.0,1387.0,347.0,304.0
Hillsborough-12057359,2573.0,7.0,9.0,127.0,43.0,1550.0,411.0,4.0,342.0,21.0,9.0,0.0,102.0,0.0,0.0,0.0,0.0,106.0,1.0,274.0,2.0,357.0,4309.0,872.0,757.0
Hillsborough-12057361,1245.0,0.0,2.0,67.0,10.0,1218.0,296.0,7.0,140.0,17.0,5.0,1.0,104.0,0.0,0.0,1.0,0.0,102.0,2.0,241.0,0.0,291.0,2542.0,764.0,443.0
Hillsborough-12057362,1827.0,2.0,3.0,60.0,25.0,1384.0,0.0,0.0,0.0,0.0,0.0,0.0,0.0,0.0,0.0,0.0,0.0,0.0,0.0,0.0,0.0,0.0,3301.0,0.0,0.0
Hillsborough-12057363,2376.0,4.0,4.0,82.0,26.0,1141.0,722.0,14.0,412.0,16.0,18.0,0.0,181.0,3.0,1.0,0.0,0.0,95.0,0.0,370.0,0.0,518.0,3633.0,1202.0,1148.0
Hillsborough-12057367,3583.0,8.0,5.0,146.0,42.0,2289.0,620.0,7.0,419.0,22.0,11.0,1.0,194.0,1.0,0.0,0.0,2.0,76.0,2.0,360.0,0.0,447.0,6073.0,1116.0,1046.0
Hillsborough-12057401,1219.0,4.0,2.0,78.0,21.0,1282.0,253.0,8.0,182.0,8.0,4.0,0.0,110.0,1.0,0.0,0.0,0.0,58.0,2.0,164.0,0.0,292.0,2606.0,639.0,443.0
Hillsborough-12057403,1272.0,1.0,4.0,70.0,21.0,663.0,218.0,4.0,141.0,4.0,1.0,0.0,47.0,0.0,0.0,0.0,0.0,8.0,1.0,86.0,1.0,112.0,2031.0,260.0,363.0
Hillsborough-12057404,344.0,1.0,0.0,21.0,9.0,498.0,75.0,4.0,43.0,8.0,0.0,1.0,46.0,0.0,0.0,0.0,0.0,18.0,1.0,76.0,1.0,115.0,873.0,266.0,122.0
Hillsborough-12057405,846.0,1.0,2.0,40.0,22.0,396.0,127.0,3.0,87.0,5.0,0.0,1.0,33.0,0.0,0.0,0.0,0.0,3.0,2.0,40.0,0.0,40.0,1307.0,124.0,217.0
Hillsborough-12057407,1343.0,9.0,5.0,46.0,13.0,697.0,226.0,6.0,106.0,8.0,2.0,0.0,63.0,0.0,0.0,0.0,0.0,2.0,1.0,128.0,1.0,89.0,2113.0,294.0,338.0
Hillsborough-12057410,875.0,4.0,2.0,33.0,15.0,392.0,155.0,2.0,64.0,3.0,2.0,2.0,30.0,1.0,0.0,0.0,1.0,10.0,1.0,47.0,0.0,56.0,1321.0,153.0,221.0
Hillsborough-12057411,1119.0,3.0,4.0,67.0,15.0,692.0,236.0,13.0,124.0,7.0,6.0,1.0,67.0,1.0,0.0,1.0,0.0,14.0,0.0,117.0,0.0,131.0,1900.0,345.0,373.0
Hillsborough-12057412,1162.0,1.0,2.0,77.0,27.0,1216.0,209.0,5.0,132.0,8.0,5.0,0.0,82.0,0.0,0.0,0.0,0.0,37.0,1.0,166.0,0.0,309.0,2485.0,608.0,346.0
Hillsborough-12057413,480.0,1.0,1.0,32.0,12.0,426.0,112.0,8.0,82.0,0.0,4.0,0.0,30.0,0.0,0.0,0.0,0.0,11.0,0.0,62.0,0.0,97.0,952.0,204.0,202.0
Hillsborough-12057414,1825.0,4.0,8.0,55.0,22.0,602.0,350.0,4.0,135.0,8.0,3.0,1.0,57.0,0.0,0.0,0.0,0.0,7.0,1.0,71.0,0.0,94.0,2516.0,242.0,489.0
Hillsborough-12057415,1412.0,8.0,6.0,54.0,29.0,1002.0,281.0,17.0,147.0,11.0,8.0,1.0,96.0,0.0,0.0,0.0,0.0,31.0,0.0,151.0,0.0,199.0,2511.0,497.0,445.0
Hillsborough-12057421,1079.0,5.0,7.0,51.0,19.0,818.0,239.0,9.0,145.0,10.0,8.0,0.0,75.0,0.0,0.0,0.0,1.0,25.0,1.0,124.0,1.0,139.0,1979.0,384.0,393.0
Hillsborough-12057422,1335.0,8.0,7.0,36.0,18.0,667.0,270.0,2.0,95.0,7.0,5.0,0.0,43.0,0.0,0.0,0.0,2.0,14.0,1.0,86.0,0.0,116.0,2071.0,274.0,367.0
Hillsborough-12057423,1104.0,0.0,11.0,42.0,17.0,567.0,225.0,4.0,114.0,7.0,6.0,0.0,41.0,0.0,0.0,1.0,0.0,7.0,1.0,87.0,1.0,84.0,1741.0,235.0,343.0
Hillsborough-12057429,1253.0,6.0,1.0,50.0,18.0,756.0,262.0,6.0,128.0,9.0,1.0,0.0,77.0,1.0,0.0,1.0,0.0,18.0,0.0,88.0,1.0,149.0,2084.0,345.0,396.0
Hillsborough-12057430,467.0,1.0,2.0,20.0,6.0,289.0,81.0,1.0,49.0,5.0,2.0,0.0,23.0,0.0,0.0,0.0,0.0,3.0,0.0,41.0,0.0,48.0,785.0,122.0,131.0
Hillsborough-12057431,1353.0,11.0,1.0,70.0,13.0,1247.0,306.0,7.0,163.0,7.0,6.0,0.0,123.0,1.0,0.0,0.0,0.0,33.0,1.0,169.0,0.0,234.0,2695.0,574.0,476.0
Hillsborough-12057433,399.0,0.0,1.0,27.0,3.0,494.0,128.0,5.0,49.0,14.0,1.0,1.0,48.0,0.0,0.0,0.0,1.0,31.0,2.0,72.0,0.0,121.0,924.0,291.0,182.0
Hillsborough-12057434,1400.0,7.0,3.0,70.0,23.0,1091.0,227.0,2.0,167.0,9.0,2.0,2.0,88.0,0.0,1.0,0.0,0.0,18.0,2.0,113.0,0.0,175.0,2594.0,410.0,396.0
Hillsborough-12057451,1364.0,3.0,7.0,52.0,17.0,815.0,293.0,5.0,118.0,18.0,7.0,1.0,59.0,1.0,0.0,0.0,0.0,3.0,0.0,202.0,1.0,121.0,2258.0,413.0,416.0
Hillsborough-12057454,1093.0,6.0,3.0,36.0,24.0,592.0,225.0,15.0,157.0,9.0,1.0,0.0,57.0,0.0,0.0,0.0,0.0,10.0,1.0,89.0,0.0,104.0,1754.0,271.0,397.0
Hillsborough-12057455,848.0,2.0,2.0,30.0,15.0,487.0,170.0,10.0,87.0,6.0,1.0,0.0,37.0,0.0,0.0,0.0,0.0,13.0,0.0,65.0,0.0,90.0,1384.0,212.0,267.0
Hillsborough-12057457,1183.0,2.0,7.0,32.0,14.0,631.0,217.0,7.0,88.0,11.0,1.0,0.0,44.0,0.0,0.0,0.0,1.0,5.0,0.0,159.0,0.0,99.0,1869.0,320.0,312.0
Hillsborough-12057459,1727.0,10.0,6.0,63.0,39.0,829.0,283.0,8.0,188.0,6.0,6.0,0.0,50.0,0.0,0.0,0.0,1.0,23.0,1.0,118.0,0.0,154.0,2674.0,359.0,479.0
Hillsborough-12057461,566.0,4.0,1.0,18.0,4.0,469.0,166.0,14.0,96.0,3.0,0.0,0.0,44.0,0.0,0.0,0.0,0.0,12.0,0.0,58.0,0.0,99.0,1062.0,216.0,276.0
Hillsborough-12057463,1008.0,4.0,3.0,29.0,12.0,279.0,170.0,1.0,102.0,3.0,0.0,0.0,15.0,0.0,0.0,0.0,0.0,5.0,0.0,38.0,0.0,35.0,1335.0,96.0,273.0
Hillsborough-12057500,1732.0,3.0,2.0,109.0,19.0,1954.0,360.0,11.0,194.0,18.0,7.0,0.0,192.0,0.0,0.0,0.0,2.0,131.0,2.0,332.0,0.0,436.0,3819.0,1120.0,565.0
Hillsborough-12057501,1503.0,3.0,2.0,96.0,18.0,1407.0,295.0,6.0,138.0,8.0,2.0,0.0,123.0,1.0,0.0,0.0,0.0,54.0,0.0,218.0,0.0,296.0,3029.0,702.0,439.0
Hillsborough-12057502,494.0,2.0,2.0,22.0,14.0,354.0,92.0,9.0,67.0,7.0,3.0,0.0,32.0,0.0,0.0,0.0,0.0,12.0,0.0,34.0,0.0,67.0,888.0,155.0,168.0
Hillsborough-12057503,1584.0,6.0,4.0,68.0,25.0,1026.0,342.0,11.0,198.0,9.0,3.0,0.0,104.0,1.0,0.0,1.0,1.0,20.0,2.0,146.0,1.0,169.0,2713.0,457.0,551.0
Hillsborough-12057504,1540.0,3.0,5.0,71.0,20.0,643.0,306.0,4.0,165.0,7.0,5.0,0.0,53.0,1.0,0.0,0.0,0.0,11.0,1.0,93.0,0.0,116.0,2282.0,287.0,475.0
Hillsborough-12057505,1903.0,6.0,6.0,76.0,21.0,1156.0,374.0,8.0,182.0,7.0,3.0,1.0,145.0,1.0,0.0,0.0,4.0,22.0,0.0,167.0,0.0,212.0,3168.0,562.0,564.0
Hillsborough-12057507,870.0,5.0,3.0,47.0,17.0,720.0,127.0,6.0,68.0,6.0,2.0,1.0,44.0,0.0,0.0,0.0,0.0,16.0,0.0,70.0,1.0,128.0,1662.0,268.0,201.0
Hillsborough-12057508,1106.0,3.0,0.0,72.0,16.0,1141.0,237.0,4.0,122.0,10.0,6.0,0.0,107.0,0.0,1.0,0.0,0.0,77.0,0.0,261.0,0.0,268.0,2338.0,730.0,363.0
Hillsborough-12057509,638.0,3.0,1.0,37.0,11.0,718.0,126.0,7.0,96.0,7.0,3.0,0.0,89.0,0.0,1.0,0.0,0.0,26.0,1.0,132.0,1.0,132.0,1408.0,392.0,229.0
Hillsborough-12057510,843.0,1.0,1.0,51.0,7.0,1033.0,234.0,8.0,137.0,15.0,5.0,0.0,114.0,1.0,1.0,0.0,2.0,51.0,0.0,198.0,0.0,263.0,1936.0,650.0,379.0
Hillsborough-12057511,1159.0,8.0,2.0,41.0,23.0,889.0,264.0,12.0,148.0,15.0,2.0,0.0,89.0,1.0,0.0,0.0,0.0,25.0,1.0,124.0,0.0,161.0,2122.0,418.0,424.0
Hillsborough-12057513,338.0,1.0,1.0,10.0,7.0,417.0,103.0,3.0,49.0,6.0,1.0,1.0,36.0,0.0,0.0,0.0,0.0,30.0,0.0,76.0,0.0,115.0,774.0,265.0,155.0
Hillsborough-12057514,575.0,0.0,1.0,40.0,8.0,719.0,181.0,8.0,106.0,13.0,7.0,0.0,77.0,0.0,0.0,0.0,0.0,44.0,1.0,162.0,0.0,194.0,1343.0,498.0,295.0
Hillsborough-12057515,0.0,0.0,0.0,0.0,0.0,0.0,35.0,0.0,13.0,0.0,1.0,0.0,13.0,0.0,0.0,0.0,0.0,7.0,0.0,20.0,0.0,13.0,0.0,54.0,48.0
Hillsborough-12057516,882.0,2.0,3.0,46.0,8.0,882.0,215.0,7.0,111.0,9.0,0.0,0.0,98.0,0.0,2.0,0.0,1.0,52.0,0.0,181.0,0.0,213.0,1823.0,556.0,333.0
Hillsborough-12057517,679.0,8.0,1.0,36.0,17.0,790.0,163.0,8.0,94.0,10.0,2.0,2.0,95.0,0.0,0.0,0.0,0.0,31.0,0.0,141.0,0.0,167.0,1531.0,448.0,265.0
Hillsborough-12057518,0.0,0.0,0.0,0.0,0.0,0.0,11.0,2.0,6.0,0.0,0.0,0.0,5.0,0.0,0.0,0.0,0.0,1.0,0.0,2.0,0.0,3.0,0.0,11.0,19.0
Hillsborough-12057519,855.0,8.0,2.0,52.0,20.0,854.0,197.0,6.0,130.0,9.0,10.0,0.0,100.0,1.0,0.0,0.0,0.0,24.0,0.0,163.0,0.0,147.0,1791.0,454.0,333.0
Hillsborough-12057520,495.0,2.0,5.0,30.0,6.0,432.0,94.0,3.0,43.0,1.0,2.0,0.0,38.0,0.0,0.0,0.0,0.0,10.0,2.0,69.0,0.0,61.0,970.0,183.0,140.0
Hillsborough-12057521,949.0,7.0,2.0,46.0,19.0,1124.0,203.0,19.0,139.0,12.0,3.0,0.0,134.0,1.0,0.0,1.0,2.0,33.0,0.0,135.0,0.0,221.0,2147.0,542.0,361.0
Hillsborough-12057522,406.0,1.0,1.0,37.0,9.0,508.0,117.0,3.0,55.0,5.0,6.0,0.0,50.0,0.0,0.0,0.0,0.0,19.0,0.0,93.0,0.0,116.0,962.0,289.0,175.0
Hillsborough-12057523,1241.0,7.0,2.0,65.0,22.0,1083.0,248.0,5.0,139.0,6.0,4.0,2.0,110.0,0.0,0.0,0.0,1.0,45.0,0.0,168.0,1.0,191.0,2420.0,528.0,392.0
Hillsborough-12057524,635.0,3.0,5.0,39.0,6.0,526.0,128.0,6.0,86.0,4.0,0.0,0.0,39.0,0.0,0.0,0.0,1.0,9.0,0.0,65.0,0.0,99.0,1214.0,217.0,220.0
Hillsborough-12057525,1334.0,6.0,6.0,63.0,22.0,1535.0,285.0,8.0,190.0,15.0,1.0,1.0,200.0,1.0,0.0,0.0,0.0,60.0,2.0,223.0,0.0,319.0,2966.0,822.0,483.0
Hillsborough-12057526,679.0,4.0,1.0,57.0,10.0,968.0,150.0,4.0,78.0,3.0,4.0,0.0,102.0,0.0,0.0,0.0,0.0,46.0,1.0,138.0,0.0,217.0,1719.0,511.0,232.0
Hillsborough-12057527,1565.0,4.0,3.0,115.0,22.0,2335.0,348.0,7.0,158.0,17.0,9.0,0.0,228.0,2.0,0.0,1.0,0.0,101.0,1.0,354.0,0.0,534.0,4044.0,1247.0,513.0
Hillsborough-12057528,803.0,2.0,0.0,46.0,10.0,1875.0,181.0,17.0,161.0,15.0,9.0,1.0,224.0,1.0,0.0,0.0,0.0,59.0,1.0,244.0,0.0,434.0,2736.0,988.0,359.0
Hillsborough-12057529,867.0,5.0,4.0,56.0,21.0,1394.0,226.0,10.0,143.0,9.0,11.0,0.0,166.0,0.0,0.0,0.0,0.0,73.0,0.0,247.0,0.0,398.0,2347.0,904.0,379.0
Hillsborough-12057530,452.0,0.0,1.0,24.0,5.0,712.0,73.0,2.0,30.0,2.0,1.0,0.0,48.0,0.0,0.0,0.0,1.0,41.0,0.0,91.0,0.0,164.0,1194.0,348.0,105.0
Hillsborough-12057531,1003.0,13.0,4.0,76.0,12.0,1822.0,259.0,13.0,119.0,13.0,12.0,0.0,206.0,0.0,0.0,0.0,1.0,67.0,1.0,257.0,0.0,425.0,2930.0,982.0,391.0
Hillsborough-12057532,401.0,0.0,0.0,15.0,4.0,655.0,0.0,0.0,0.0,0.0,0.0,0.0,0.0,0.0,0.0,0.0,0.0,0.0,0.0,0.0,0.0,0.0,1075.0,0.0,0.0
Hillsborough-12057533,1189.0,5.0,5.0,95.0,20.0,1379.0,268.0,9.0,183.0,14.0,10.0,0.0,179.0,0.0,0.0,0.0,0.0,45.0,1.0,216.0,0.0,271.0,2693.0,736.0,460.0
Hillsborough-12057534,1070.0,6.0,3.0,52.0,20.0,805.0,231.0,12.0,149.0,7.0,4.0,0.0,61.0,0.0,0.0,1.0,2.0,25.0,1.0,98.0,0.0,161.0,1956.0,360.0,392.0
Hillsborough-12057535,801.0,6.0,1.0,33.0,23.0,612.0,149.0,1.0,118.0,5.0,3.0,0.0,59.0,1.0,1.0,0.0,0.0,10.0,1.0,79.0,0.0,114.0,1476.0,273.0,268.0
Hillsborough-12057537,1017.0,5.0,3.0,70.0,20.0,1358.0,251.0,10.0,150.0,15.0,10.0,0.0,212.0,1.0,0.0,0.0,0.0,48.0,1.0,267.0,0.0,365.0,2473.0,919.0,411.0
Hillsborough-12057538,1197.0,4.0,3.0,74.0,15.0,1658.0,214.0,5.0,105.0,14.0,4.0,1.0,161.0,0.0,0.0,0.0,1.0,52.0,2.0,270.0,0.0,459.0,2951.0,964.0,324.0
Hillsborough-12057550,318.0,1.0,2.0,22.0,3.0,449.0,85.0,7.0,59.0,4.0,1.0,1.0,55.0,0.0,0.0,0.0,0.0,23.0,2.0,93.0,0.0,95.0,795.0,274.0,151.0
Hillsborough-12057551,672.0,5.0,0.0,54.0,13.0,916.0,201.0,17.0,122.0,14.0,5.0,1.0,128.0,0.0,0.0,0.0,0.0,69.0,0.0,219.0,0.0,178.0,1660.0,614.0,340.0
Hillsborough-12057552,678.0,0.0,2.0,42.0,14.0,689.0,209.0,9.0,115.0,6.0,3.0,2.0,89.0,2.0,0.0,0.0,0.0,29.0,0.0,142.0,0.0,151.0,1425.0,424.0,333.0
Hillsborough-12057554,384.0,5.0,1.0,16.0,7.0,517.0,93.0,10.0,79.0,7.0,0.0,0.0,54.0,0.0,1.0,0.0,0.0,26.0,1.0,75.0,0.0,109.0,930.0,273.0,182.0
Hillsborough-12057555,397.0,2.0,0.0,28.0,11.0,417.0,113.0,8.0,94.0,3.0,2.0,0.0,52.0,1.0,0.0,0.0,0.0,26.0,1.0,52.0,0.0,74.0,855.0,211.0,215.0
Hillsborough-12057556,0.0,0.0,0.0,0.0,0.0,0.0,29.0,1.0,7.0,0.0,0.0,0.0,6.0,0.0,0.0,0.0,0.0,0.0,0.0,7.0,0.0,4.0,0.0,17.0,37.0
Hillsborough-12057557,764.0,5.0,8.0,27.0,11.0,696.0,98.0,7.0,82.0,6.0,4.0,1.0,45.0,1.0,0.0,0.0,0.0,14.0,0.0,57.0,0.0,74.0,1511.0,202.0,187.0
Hillsborough-12057558,0.0,0.0,0.0,0.0,0.0,0.0,35.0,5.0,37.0,3.0,0.0,0.0,23.0,1.0,0.0,0.0,0.0,4.0,1.0,29.0,0.0,50.0,0.0,111.0,77.0
Hillsborough-12057559,1017.0,2.0,1.0,23.0,14.0,171.0,148.0,1.0,77.0,3.0,0.0,0.0,9.0,0.0,0.0,0.0,0.0,3.0,0.0,15.0,0.0,19.0,1228.0,49.0,226.0
Hillsborough-12057560,202.0,0.0,0.0,7.0,1.0,173.0,115.0,6.0,34.0,13.0,2.0,0.0,18.0,1.0,1.0,0.0,1.0,28.0,1.0,60.0,0.0,45.0,383.0,170.0,155.0
Hillsborough-12057561,106.0,0.0,0.0,3.0,1.0,113.0,51.0,3.0,15.0,8.0,2.0,0.0,13.0,1.0,0.0,0.0,0.0,12.0,0.0,18.0,0.0,19.0,223.0,73.0,69.0
Hillsborough-12057562,2047.0,7.0,2.0,101.0,50.0,492.0,198.0,6.0,314.0,4.0,4.0,0.0,25.0,1.0,0.0,0.0,0.0,19.0,0.0,58.0,0.0,60.0,2699.0,171.0,518.0
Hillsborough-12057563,1407.0,2.0,5.0,37.0,30.0,287.0,191.0,5.0,122.0,3.0,4.0,0.0,15.0,1.0,0.0,0.0,0.0,3.0,1.0,28.0,0.0,33.0,1768.0,88.0,318.0
Hillsborough-12057564,0.0,0.0,0.0,0.0,0.0,0.0,11.0,0.0,5.0,0.0,0.0,0.0,0.0,0.0,0.0,0.0,0.0,0.0,0.0,2.0,0.0,1.0,0.0,3.0,16.0
Hillsborough-12057565,131.0,0.0,1.0,2.0,2.0,60.0,22.0,1.0,10.0,0.0,0.0,0.0,1.0,0.0,0.0,0.0,0.0,2.0,0.0,3.0,0.0,8.0,196.0,14.0,33.0
Hillsborough-12057566,1316.0,3.0,1.0,17.0,5.0,148.0,184.0,1.0,65.0,2.0,2.0,0.0,10.0,0.0,0.0,1.0,0.0,1.0,0.0,8.0,0.0,13.0,1490.0,37.0,250.0
Hillsborough-12057567,617.0,5.0,1.0,19.0,12.0,129.0,105.0,3.0,48.0,2.0,1.0,0.0,5.0,0.0,0.0,0.0,0.0,3.0,1.0,9.0,0.0,23.0,783.0,44.0,156.0
Hillsborough-12057569,900.0,5.0,1.0,55.0,28.0,993.0,247.0,7.0,170.0,13.0,7.0,1.0,84.0,0.0,0.0,0.0,0.0,33.0,1.0,137.0,0.0,234.0,1982.0,510.0,424.0
Hillsborough-12057570,0.0,0.0,0.0,0.0,0.0,0.0,10.0,1.0,12.0,0.0,1.0,0.0,1.0,0.0,0.0,0.0,0.0,1.0,0.0,4.0,0.0,6.0,0.0,13.0,23.0
Hillsborough-12057571,710.0,2.0,3.0,41.0,24.0,554.0,162.0,2.0,107.0,1.0,8.0,0.0,63.0,0.0,0.0,0.0,1.0,16.0,3.0,74.0,0.0,119.0,1334.0,285.0,271.0
Hillsborough-12057573,133.0,0.0,1.0,5.0,3.0,62.0,29.0,0.0,6.0,4.0,0.0,0.0,1.0,0.0,0.0,0.0,0.0,0.0,0.0,0.0,0.0,16.0,204.0,21.0,35.0
Hillsborough-12057574,992.0,5.0,2.0,68.0,12.0,1003.0,238.0,11.0,171.0,14.0,6.0,0.0,102.0,0.0,0.0,0.0,0.0,51.0,0.0,174.0,1.0,216.0,2082.0,564.0,420.0
Hillsborough-12057575,805.0,11.0,2.0,47.0,12.0,960.0,207.0,8.0,140.0,6.0,4.0,0.0,117.0,2.0,0.0,1.0,0.0,46.0,1.0,151.0,0.0,241.0,1837.0,569.0,355.0
Hillsborough-12057577,1446.0,6.0,6.0,78.0,26.0,1308.0,306.0,13.0,213.0,13.0,5.0,0.0,152.0,0.0,2.0,0.0,0.0,54.0,2.0,200.0,1.0,234.0,2870.0,663.0,532.0
Hillsborough-12057578,627.0,2.0,0.0,31.0,6.0,697.0,132.0,7.0,111.0,9.0,6.0,0.0,71.0,0.0,0.0,0.0,0.0,40.0,0.0,134.0,0.0,124.0,1363.0,384.0,250.0
Hillsborough-12057579,684.0,3.0,1.0,36.0,6.0,1165.0,195.0,9.0,126.0,21.0,9.0,1.0,120.0,0.0,0.0,0.0,0.0,84.0,2.0,204.0,0.0,275.0,1895.0,716.0,330.0
Hillsborough-12057581,961.0,1.0,3.0,45.0,16.0,641.0,189.0,3.0,151.0,3.0,2.0,1.0,76.0,0.0,0.0,0.0,0.0,14.0,0.0,74.0,0.0,115.0,1667.0,285.0,343.0
Hillsborough-12057583,780.0,6.0,1.0,23.0,13.0,414.0,123.0,1.0,127.0,1.0,4.0,0.0,32.0,0.0,0.0,0.0,0.0,15.0,0.0,76.0,0.0,76.0,1237.0,204.0,251.0
Hillsborough-12057584,721.0,10.0,1.0,37.0,20.0,269.0,128.0,5.0,127.0,5.0,1.0,0.0,31.0,0.0,0.0,1.0,0.0,10.0,0.0,25.0,0.0,39.0,1058.0,112.0,260.0
Hillsborough-12057585,683.0,10.0,1.0,64.0,16.0,1081.0,169.0,11.0,168.0,5.0,8.0,0.0,134.0,0.0,0.0,1.0,0.0,28.0,2.0,114.0,0.0,228.0,1855.0,520.0,348.0
Hillsborough-12057587,774.0,5.0,2.0,47.0,15.0,1228.0,213.0,22.0,154.0,11.0,6.0,0.0,206.0,0.0,1.0,0.0,0.0,29.0,1.0,200.0,0.0,241.0,2071.0,695.0,389.0
Hillsborough-12057589,313.0,2.0,1.0,17.0,8.0,658.0,66.0,6.0,57.0,4.0,2.0,0.0,78.0,0.0,0.0,0.0,0.0,16.0,1.0,92.0,0.0,123.0,999.0,316.0,129.0
Hillsborough-12057591,936.0,5.0,1.0,72.0,18.0,1809.0,243.0,19.0,203.0,10.0,9.0,2.0,240.0,1.0,0.0,0.0,2.0,65.0,0.0,236.0,1.0,368.0,2841.0,934.0,465.0
Hillsborough-12057595,821.0,11.0,1.0,54.0,29.0,1492.0,212.0,17.0,139.0,8.0,3.0,1.0,165.0,1.0,1.0,0.0,3.0,62.0,0.0,185.0,1.0,303.0,2408.0,733.0,368.0
Hillsborough-12057601,1060.0,1.0,4.0,22.0,22.0,319.0,214.0,6.0,54.0,3.0,2.0,0.0,14.0,0.0,0.0,0.0,0.0,3.0,0.0,12.0,0.0,20.0,1428.0,54.0,274.0
Hillsborough-12057603,168.0,0.0,0.0,7.0,4.0,146.0,47.0,2.0,14.0,0.0,0.0,0.0,9.0,0.0,0.0,0.0,0.0,0.0,0.0,7.0,0.0,45.0,325.0,61.0,63.0
Hillsborough-12057605,210.0,6.0,0.0,3.0,8.0,190.0,63.0,2.0,25.0,2.0,6.0,0.0,25.0,0.0,0.0,0.0,0.0,3.0,0.0,24.0,0.0,29.0,417.0,89.0,90.0
Hillsborough-12057613,790.0,2.0,0.0,5.0,5.0,87.0,345.0,3.0,85.0,0.0,1.0,0.0,14.0,0.0,0.0,0.0,0.0,2.0,0.0,22.0,0.0,28.0,889.0,67.0,433.0
Hillsborough-12057617,1560.0,3.0,2.0,29.0,11.0,257.0,487.0,7.0,136.0,12.0,3.0,0.0,16.0,0.0,0.0,0.0,0.0,6.0,1.0,18.0,0.0,42.0,1862.0,98.0,630.0
Hillsborough-12057622,592.0,5.0,2.0,21.0,14.0,197.0,140.0,2.0,70.0,1.0,3.0,0.0,23.0,0.0,0.0,0.0,0.0,5.0,0.0,28.0,1.0,33.0,831.0,94.0,212.0
Hillsborough-12057623,1005.0,2.0,5.0,25.0,15.0,256.0,154.0,3.0,85.0,4.0,2.0,0.0,23.0,0.0,0.0,1.0,0.0,4.0,0.0,26.0,0.0,51.0,1308.0,111.0,242.0
Hillsborough-12057625,398.0,6.0,1.0,14.0,8.0,331.0,77.0,5.0,55.0,3.0,5.0,0.0,33.0,1.0,0.0,0.0,0.0,1.0,0.0,33.0,0.0,49.0,758.0,125.0,137.0
Hillsborough-12057626,472.0,5.0,2.0,12.0,12.0,257.0,84.0,4.0,61.0,3.0,6.0,0.0,27.0,0.0,0.0,0.0,0.0,2.0,1.0,20.0,0.0,34.0,760.0,93.0,149.0
Hillsborough-12057629,841.0,3.0,3.0,34.0,13.0,779.0,262.0,13.0,96.0,3.0,10.0,0.0,92.0,1.0,0.0,0.0,0.0,5.0,1.0,48.0,0.0,146.0,1673.0,306.0,371.0
Hillsborough-12057631,326.0,0.0,1.0,21.0,12.0,617.0,88.0,4.0,56.0,4.0,2.0,0.0,63.0,0.0,0.0,0.0,0.0,3.0,1.0,56.0,0.0,124.0,977.0,253.0,148.0
Hillsborough-12057633,473.0,1.0,2.0,26.0,10.0,1046.0,122.0,8.0,72.0,5.0,5.0,0.0,137.0,0.0,0.0,0.0,0.0,25.0,2.0,105.0,2.0,208.0,1558.0,489.0,202.0
Hillsborough-12057635,714.0,9.0,3.0,33.0,21.0,605.0,215.0,6.0,131.0,7.0,3.0,0.0,64.0,1.0,0.0,0.0,1.0,12.0,1.0,58.0,1.0,138.0,1385.0,286.0,352.0
Hillsborough-12057636,162.0,0.0,0.0,8.0,4.0,179.0,36.0,3.0,42.0,4.0,0.0,0.0,14.0,0.0,1.0,0.0,0.0,3.0,0.0,23.0,0.0,44.0,353.0,89.0,81.0
Hillsborough-12057637,31.0,0.0,0.0,1.0,0.0,11.0,4.0,0.0,5.0,0.0,0.0,0.0,1.0,0.0,0.0,0.0,0.0,0.0,0.0,1.0,0.0,3.0,43.0,5.0,9.0
Hillsborough-12057639,159.0,3.0,0.0,14.0,10.0,549.0,34.0,9.0,50.0,3.0,2.0,0.0,81.0,0.0,0.0,0.0,0.0,5.0,0.0,29.0,1.0,103.0,735.0,224.0,93.0
Hillsborough-12057641,796.0,6.0,3.0,43.0,27.0,223.0,115.0,3.0,128.0,1.0,1.0,0.0,21.0,0.0,0.0,0.0,0.0,4.0,4.0,23.0,0.0,39.0,1098.0,93.0,246.0
Hillsborough-12057643,349.0,0.0,1.0,28.0,19.0,88.0,31.0,1.0,84.0,1.0,0.0,0.0,7.0,0.0,0.0,1.0,0.0,3.0,0.0,11.0,0.0,7.0,485.0,30.0,116.0
Hillsborough-12057650,627.0,2.0,0.0,23.0,9.0,203.0,91.0,2.0,101.0,1.0,2.0,0.0,23.0,1.0,0.0,0.0,0.0,5.0,0.0,18.0,0.0,27.0,864.0,77.0,194.0
Hillsborough-12057651,653.0,4.0,1.0,41.0,24.0,533.0,194.0,7.0,139.0,6.0,7.0,0.0,87.0,0.0,0.0,0.0,2.0,26.0,1.0,98.0,0.0,137.0,1256.0,364.0,340.0
Hillsborough-12057652,779.0,5.0,3.0,40.0,13.0,368.0,175.0,9.0,106.0,3.0,3.0,1.0,59.0,0.0,0.0,0.0,0.0,9.0,0.0,64.0,0.0,80.0,1208.0,219.0,290.0
Hillsborough-12057653,778.0,5.0,0.0,40.0,26.0,679.0,219.0,7.0,170.0,9.0,9.0,1.0,73.0,0.0,1.0,0.0,0.0,49.0,2.0,133.0,0.0,146.0,1528.0,423.0,396.0
Hillsborough-12057654,565.0,3.0,2.0,21.0,17.0,170.0,120.0,2.0,77.0,3.0,0.0,1.0,15.0,1.0,0.0,0.0,1.0,6.0,0.0,15.0,0.0,27.0,778.0,69.0,199.0
Hillsborough-12057655,860.0,4.0,3.0,60.0,26.0,670.0,227.0,7.0,167.0,5.0,6.0,1.0,68.0,0.0,0.0,0.0,0.0,44.0,4.0,110.0,0.0,162.0,1623.0,400.0,401.0
Hillsborough-12057657,688.0,3.0,1.0,42.0,14.0,444.0,144.0,4.0,132.0,6.0,4.0,0.0,60.0,0.0,0.0,0.0,2.0,21.0,0.0,90.0,0.0,87.0,1192.0,270.0,280.0
Hillsborough-12057658,606.0,2.0,2.0,22.0,10.0,194.0,98.0,0.0,102.0,0.0,2.0,0.0,20.0,0.0,0.0,0.0,0.0,5.0,1.0,23.0,0.0,29.0,836.0,80.0,200.0
Hillsborough-12057659,882.0,3.0,1.0,42.0,21.0,668.0,203.0,13.0,139.0,11.0,4.0,1.0,92.0,1.0,0.0,0.0,0.0,32.0,2.0,137.0,0.0,111.0,1617.0,391.0,355.0
Hillsborough-12057660,0.0,0.0,0.0,0.0,0.0,0.0,15.0,0.0,25.0,0.0,0.0,0.0,5.0,0.0,0.0,0.0,0.0,2.0,0.0,4.0,0.0,10.0,0.0,21.0,40.0
Hillsborough-12057661,698.0,2.0,1.0,31.0,10.0,402.0,176.0,3.0,88.0,2.0,7.0,0.0,84.0,0.0,0.0,1.0,0.0,15.0,1.0,66.0,0.0,66.0,1144.0,242.0,267.0
Hillsborough-12057662,276.0,0.0,0.0,19.0,7.0,207.0,70.0,7.0,47.0,0.0,4.0,0.0,35.0,0.0,0.0,0.0,0.0,6.0,0.0,38.0,0.0,48.0,509.0,131.0,124.0
Hillsborough-12057671,2556.0,4.0,5.0,89.0,39.0,1932.0,485.0,11.0,273.0,14.0,9.0,0.0,173.0,3.0,0.0,1.0,1.0,66.0,1.0,252.0,1.0,408.0,4625.0,929.0,769.0
Hillsborough-12057673,1602.0,4.0,5.0,65.0,32.0,940.0,284.0,2.0,153.0,4.0,3.0,1.0,88.0,0.0,0.0,0.0,3.0,39.0,0.0,125.0,0.0,181.0,2648.0,444.0,439.0
Hillsborough-12057701,1640.0,4.0,1.0,129.0,16.0,2739.0,303.0,6.0,175.0,10.0,17.0,1.0,246.0,1.0,0.0,0.0,0.0,75.0,3.0,408.0,1.0,488.0,4529.0,1250.0,484.0
Hillsborough-12057702,1814.0,14.0,4.0,177.0,36.0,2997.0,325.0,10.0,227.0,12.0,9.0,4.0,283.0,0.0,0.0,1.0,0.0,101.0,1.0,524.0,1.0,600.0,5042.0,1536.0,562.0
Hillsborough-12057703,342.0,2.0,0.0,31.0,8.0,900.0,89.0,2.0,41.0,5.0,1.0,0.0,91.0,0.0,0.0,0.0,0.0,42.0,0.0,161.0,0.0,204.0,1283.0,504.0,132.0
Hillsborough-12057705,65.0,1.0,0.0,12.0,3.0,513.0,23.0,2.0,25.0,0.0,2.0,0.0,54.0,0.0,0.0,0.0,2.0,4.0,0.0,51.0,0.0,77.0,594.0,190.0,50.0
Hillsborough-12057706,184.0,3.0,1.0,28.0,2.0,839.0,48.0,16.0,55.0,1.0,2.0,0.0,71.0,0.0,0.0,0.0,0.0,1.0,0.0,73.0,0.0,147.0,1057.0,295.0,119.0
Hillsborough-12057707,223.0,5.0,1.0,17.0,5.0,805.0,48.0,11.0,51.0,5.0,2.0,0.0,96.0,0.0,0.0,0.0,2.0,10.0,0.0,67.0,0.0,97.0,1056.0,279.0,110.0
Hillsborough-12057708,0.0,0.0,0.0,0.0,0.0,0.0,17.0,1.0,7.0,1.0,1.0,0.0,14.0,0.0,0.0,0.0,0.0,0.0,0.0,11.0,0.0,15.0,0.0,42.0,25.0
Hillsborough-12057709,420.0,10.0,2.0,33.0,9.0,1204.0,78.0,11.0,62.0,7.0,4.0,0.0,112.0,0.0,0.0,0.0,0.0,6.0,1.0,97.0,0.0,181.0,1678.0,408.0,151.0
Hillsborough-12057711,185.0,2.0,0.0,11.0,2.0,715.0,30.0,7.0,28.0,1.0,1.0,0.0,58.0,0.0,0.0,0.0,1.0,10.0,0.0,46.0,0.0,115.0,915.0,232.0,65.0
Hillsborough-12057712,0.0,0.0,0.0,0.0,0.0,0.0,9.0,0.0,14.0,0.0,0.0,0.0,25.0,0.0,0.0,0.0,0.0,4.0,0.0,10.0,0.0,37.0,0.0,76.0,23.0
Hillsborough-12057713,720.0,3.0,0.0,27.0,7.0,652.0,223.0,13.0,86.0,1.0,2.0,0.0,67.0,1.0,1.0,0.0,0.0,13.0,1.0,43.0,0.0,119.0,1409.0,248.0,322.0
Hillsborough-12057715,0.0,0.0,0.0,0.0,0.0,0.0,36.0,0.0,8.0,0.0,0.0,0.0,18.0,0.0,0.0,0.0,0.0,2.0,0.0,9.0,0.0,28.0,0.0,57.0,44.0
Hillsborough-12057721,645.0,10.0,3.0,36.0,8.0,1338.0,142.0,10.0,110.0,12.0,11.0,0.0,155.0,0.0,0.0,0.0,2.0,12.0,0.0,132.0,0.0,245.0,2040.0,569.0,262.0
Hillsborough-12057750,800.0,5.0,4.0,57.0,16.0,1646.0,179.0,9.0,105.0,13.0,3.0,0.0,183.0,1.0,0.0,2.0,0.0,49.0,2.0,218.0,0.0,352.0,2528.0,823.0,293.0
Hillsborough-12057751,703.0,5.0,2.0,43.0,11.0,1534.0,139.0,4.0,97.0,13.0,6.0,1.0,166.0,0.0,0.0,1.0,0.0,60.0,0.0,244.0,0.0,341.0,2298.0,832.0,240.0
Hillsborough-12057753,1644.0,7.0,5.0,36.0,15.0,629.0,443.0,9.0,91.0,3.0,4.0,1.0,56.0,0.0,0.0,0.0,0.0,2.0,0.0,72.0,0.0,101.0,2336.0,239.0,543.0
Hillsborough-12057754,454.0,4.0,2.0,48.0,8.0,854.0,93.0,14.0,83.0,6.0,7.0,2.0,81.0,0.0,0.0,0.0,1.0,22.0,1.0,112.0,0.0,146.0,1370.0,378.0,190.0
Hillsborough-12057755,331.0,1.0,1.0,25.0,9.0,509.0,68.0,5.0,50.0,5.0,3.0,0.0,53.0,0.0,0.0,0.0,1.0,4.0,0.0,49.0,0.0,75.0,876.0,190.0,123.0
Hillsborough-12057757,1233.0,8.0,5.0,53.0,16.0,1189.0,216.0,15.0,143.0,18.0,9.0,0.0,116.0,0.0,1.0,0.0,2.0,9.0,2.0,96.0,0.0,186.0,2504.0,439.0,374.0
Hillsborough-12057759,764.0,4.0,7.0,76.0,19.0,1556.0,184.0,16.0,143.0,8.0,11.0,0.0,159.0,1.0,1.0,2.0,3.0,25.0,1.0,160.0,0.0,244.0,2426.0,615.0,343.0
Hillsborough-12057761,527.0,14.0,1.0,49.0,15.0,1978.0,105.0,18.0,125.0,9.0,10.0,0.0,229.0,2.0,0.0,0.0,0.0,36.0,0.0,196.0,0.0,364.0,2584.0,846.0,248.0
Hillsborough-12057763,166.0,1.0,1.0,14.0,3.0,392.0,38.0,4.0,32.0,2.0,2.0,0.0,24.0,0.0,0.0,1.0,0.0,2.0,0.0,27.0,0.0,69.0,577.0,127.0,74.0
Hillsborough-12057764,478.0,3.0,2.0,19.0,6.0,1205.0,152.0,11.0,87.0,6.0,7.0,0.0,114.0,0.0,0.0,0.0,0.0,24.0,0.0,123.0,0.0,267.0,1713.0,541.0,250.0
Hillsborough-12057765,232.0,1.0,1.0,34.0,2.0,1038.0,49.0,6.0,65.0,0.0,4.0,2.0,112.0,1.0,0.0,0.0,0.0,7.0,1.0,96.0,0.0,205.0,1308.0,428.0,120.0
Hillsborough-12057767,530.0,3.0,4.0,28.0,6.0,1106.0,110.0,14.0,84.0,7.0,12.0,1.0,97.0,0.0,0.0,0.0,1.0,10.0,1.0,81.0,0.0,212.0,1677.0,422.0,208.0
Hillsborough-12057769,288.0,2.0,2.0,27.0,5.0,1183.0,75.0,15.0,64.0,8.0,12.0,1.0,134.0,0.0,0.0,0.0,0.0,14.0,0.0,145.0,1.0,227.0,1507.0,542.0,154.0
Hillsborough-12057801,668.0,5.0,2.0,41.0,13.0,821.0,164.0,10.0,90.0,2.0,6.0,0.0,90.0,0.0,0.0,0.0,0.0,15.0,3.0,115.0,0.0,165.0,1550.0,396.0,264.0
Hillsborough-12057803,286.0,4.0,1.0,8.0,7.0,437.0,60.0,3.0,32.0,3.0,0.0,0.0,44.0,0.0,0.0,0.0,0.0,14.0,0.0,45.0,0.0,83.0,743.0,189.0,95.0
Hillsborough-12057804,960.0,8.0,1.0,63.0,17.0,1345.0,190.0,6.0,126.0,3.0,7.0,0.0,163.0,1.0,0.0,0.0,0.0,35.0,1.0,182.0,0.0,289.0,2394.0,681.0,322.0
Hillsborough-12057805,1069.0,9.0,2.0,81.0,17.0,1714.0,267.0,12.0,187.0,27.0,4.0,0.0,202.0,1.0,0.0,1.0,1.0,75.0,1.0,265.0,0.0,380.0,2892.0,957.0,466.0
Hillsborough-12057806,663.0,2.0,1.0,57.0,8.0,1133.0,132.0,1.0,108.0,10.0,5.0,2.0,138.0,0.0,0.0,0.0,1.0,51.0,0.0,246.0,0.0,225.0,1864.0,678.0,241.0
Hillsborough-12057807,479.0,2.0,2.0,40.0,10.0,747.0,68.0,5.0,56.0,6.0,5.0,0.0,78.0,0.0,0.0,0.0,0.0,29.0,0.0,102.0,0.0,149.0,1280.0,369.0,129.0
Hillsborough-12057808,456.0,4.0,2.0,39.0,11.0,689.0,107.0,5.0,80.0,1.0,2.0,0.0,99.0,1.0,0.0,0.0,0.0,22.0,2.0,91.0,0.0,135.0,1201.0,353.0,192.0
Hillsborough-12057809,296.0,0.0,1.0,22.0,4.0,443.0,69.0,2.0,59.0,2.0,2.0,0.0,59.0,0.0,0.0,0.0,0.0,18.0,0.0,64.0,0.0,94.0,766.0,239.0,130.0
Hillsborough-12057810,642.0,3.0,3.0,43.0,18.0,994.0,149.0,8.0,116.0,2.0,8.0,0.0,114.0,0.0,0.0,0.0,1.0,41.0,1.0,183.0,1.0,188.0,1703.0,539.0,273.0
Hillsborough-12057811,758.0,8.0,3.0,74.0,18.0,1318.0,220.0,15.0,128.0,15.0,11.0,1.0,178.0,0.0,0.0,1.0,0.0,31.0,3.0,189.0,0.0,257.0,2179.0,686.0,363.0
Hillsborough-12057813,1297.0,12.0,6.0,110.0,31.0,2224.0,331.0,15.0,202.0,27.0,14.0,0.0,288.0,0.0,0.0,0.0,2.0,90.0,1.0,346.0,1.0,481.0,3680.0,1250.0,548.0
Hillsborough-12057814,577.0,4.0,1.0,49.0,13.0,1358.0,118.0,4.0,68.0,11.0,6.0,1.0,140.0,0.0,0.0,0.0,1.0,76.0,0.0,269.0,0.0,334.0,2002.0,838.0,190.0
Hillsborough-12057815,308.0,2.0,0.0,29.0,4.0,532.0,47.0,1.0,52.0,2.0,0.0,2.0,61.0,0.0,0.0,0.0,0.0,28.0,0.0,77.0,0.0,107.0,875.0,277.0,100.0
Hillsborough-12057816,479.0,2.0,0.0,52.0,12.0,951.0,91.0,3.0,54.0,6.0,6.0,1.0,115.0,0.0,0.0,0.0,0.0,16.0,0.0,153.0,0.0,188.0,1496.0,485.0,148.0
Hillsborough-12057817,1036.0,4.0,1.0,68.0,22.0,1774.0,242.0,18.0,133.0,12.0,8.0,2.0,215.0,0.0,0.0,0.0,3.0,57.0,3.0,275.0,0.0,369.0,2905.0,944.0,393.0
Hillsborough-12057818,953.0,3.0,5.0,69.0,15.0,1280.0,242.0,12.0,142.0,4.0,6.0,1.0,147.0,0.0,0.0,0.0,0.0,21.0,1.0,139.0,0.0,230.0,2325.0,549.0,396.0
Hillsborough-12057819,307.0,2.0,1.0,16.0,5.0,544.0,112.0,9.0,50.0,10.0,1.0,0.0,47.0,0.0,0.0,0.0,1.0,22.0,0.0,63.0,0.0,159.0,875.0,303.0,171.0
Hillsborough-12057820,829.0,7.0,2.0,69.0,22.0,1274.0,194.0,16.0,132.0,6.0,7.0,0.0,149.0,1.0,0.0,1.0,2.0,31.0,1.0,158.0,0.0,241.0,2203.0,597.0,342.0
Hillsborough-12057821,1289.0,10.0,5.0,92.0,26.0,1381.0,281.0,11.0,162.0,9.0,10.0,4.0,167.0,0.0,0.0,0.0,1.0,31.0,3.0,176.0,1.0,225.0,2803.0,627.0,454.0
Hillsborough-12057825,868.0,2.0,0.0,57.0,9.0,1077.0,170.0,10.0,137.0,20.0,2.0,1.0,142.0,1.0,0.0,0.0,0.0,24.0,3.0,156.0,1.0,241.0,2013.0,591.0,317.0
Hillsborough-12057827,703.0,5.0,4.0,44.0,12.0,1040.0,167.0,7.0,106.0,7.0,7.0,0.0,127.0,0.0,1.0,0.0,0.0,28.0,3.0,163.0,1.0,239.0,1808.0,576.0,280.0
Hillsborough-12057828,2985.0,9.0,9.0,135.0,42.0,1885.0,516.0,10.0,333.0,5.0,5.0,0.0,139.0,1.0,0.0,0.0,4.0,35.0,2.0,223.0,0.0,302.0,5065.0,716.0,859.0
Hillsborough-12057829,1231.0,3.0,3.0,74.0,18.0,1076.0,282.0,8.0,146.0,11.0,8.0,0.0,107.0,0.0,0.0,0.0,1.0,24.0,1.0,156.0,1.0,223.0,2405.0,532.0,436.0
Hillsborough-12057830,817.0,5.0,0.0,56.0,17.0,661.0,185.0,3.0,89.0,12.0,3.0,1.0,54.0,0.0,0.0,0.0,1.0,13.0,1.0,78.0,0.0,130.0,1556.0,293.0,277.0
Hillsborough-12057832,1115.0,12.0,3.0,61.0,20.0,906.0,238.0,12.0,135.0,15.0,4.0,1.0,117.0,1.0,0.0,0.0,0.0,25.0,1.0,111.0,0.0,144.0,2117.0,419.0,385.0
Hillsborough-12057833,707.0,1.0,2.0,33.0,15.0,492.0,146.0,3.0,80.0,1.0,4.0,0.0,42.0,1.0,0.0,0.0,0.0,11.0,2.0,48.0,0.0,88.0,1250.0,197.0,229.0
Hillsborough-12057834,965.0,8.0,3.0,38.0,19.0,537.0,213.0,2.0,97.0,6.0,8.0,0.0,50.0,1.0,0.0,0.0,1.0,10.0,1.0,63.0,0.0,98.0,1570.0,238.0,312.0
Hillsborough-12057851,1068.0,5.0,4.0,76.0,41.0,1130.0,258.0,21.0,179.0,6.0,6.0,0.0,103.0,1.0,1.0,1.0,0.0,32.0,3.0,116.0,0.0,214.0,2324.0,483.0,458.0
Hillsborough-12057852,1734.0,7.0,3.0,105.0,39.0,947.0,258.0,3.0,217.0,5.0,5.0,0.0,75.0,0.0,0.0,0.0,0.0,23.0,0.0,96.0,0.0,131.0,2835.0,335.0,478.0
Hillsborough-12057853,622.0,5.0,2.0,29.0,11.0,219.0,64.0,2.0,48.0,4.0,0.0,0.0,16.0,0.0,0.0,0.0,0.0,2.0,0.0,18.0,0.0,23.0,888.0,63.0,114.0
Hillsborough-12057854,7.0,0.0,0.0,2.0,0.0,33.0,1.0,0.0,3.0,1.0,0.0,0.0,0.0,0.0,0.0,0.0,0.0,0.0,0.0,2.0,0.0,8.0,42.0,11.0,4.0
Hillsborough-12057855,839.0,10.0,2.0,51.0,14.0,775.0,264.0,10.0,162.0,13.0,5.0,0.0,127.0,0.0,0.0,0.0,0.0,32.0,0.0,149.0,1.0,200.0,1691.0,527.0,436.0
Hillsborough-12057856,977.0,7.0,4.0,89.0,18.0,1489.0,227.0,29.0,175.0,15.0,7.0,0.0,184.0,0.0,0.0,0.0,0.0,45.0,1.0,197.0,0.0,250.0,2584.0,699.0,431.0
Hillsborough-12057857,915.0,6.0,0.0,31.0,16.0,474.0,144.0,5.0,96.0,7.0,1.0,0.0,47.0,0.0,0.0,0.0,0.0,14.0,3.0,60.0,0.0,82.0,1442.0,214.0,245.0
Hillsborough-12057858,613.0,1.0,2.0,28.0,10.0,546.0,64.0,2.0,38.0,0.0,2.0,0.0,19.0,0.0,0.0,0.0,1.0,1.0,0.0,26.0,0.0,30.0,1200.0,79.0,104.0
Hillsborough-12057860,522.0,5.0,2.0,33.0,6.0,544.0,127.0,8.0,95.0,4.0,6.0,0.0,82.0,0.0,0.0,0.0,0.0,13.0,4.0,69.0,0.0,122.0,1112.0,300.0,230.0
Hillsborough-12057862,46.0,4.0,0.0,6.0,2.0,119.0,10.0,0.0,7.0,0.0,2.0,0.0,16.0,0.0,0.0,0.0,0.0,0.0,0.0,15.0,0.0,12.0,177.0,45.0,17.0
Hillsborough-12057863,246.0,4.0,1.0,18.0,5.0,400.0,77.0,3.0,45.0,3.0,0.0,0.0,38.0,1.0,0.0,0.0,1.0,8.0,0.0,45.0,0.0,100.0,674.0,196.0,125.0
Hillsborough-12057867,1594.0,14.0,3.0,81.0,26.0,1825.0,297.0,6.0,158.0,13.0,8.0,1.0,200.0,0.0,0.0,0.0,0.0,30.0,1.0,216.0,2.0,331.0,3543.0,802.0,461.0
Hillsborough-12057868,531.0,4.0,3.0,35.0,8.0,654.0,126.0,3.0,72.0,8.0,5.0,0.0,72.0,0.0,0.0,0.0,0.0,18.0,0.0,92.0,1.0,129.0,1235.0,325.0,201.0
Hillsborough-12057869,536.0,2.0,1.0,53.0,3.0,708.0,275.0,8.0,141.0,17.0,10.0,1.0,222.0,0.0,0.0,0.0,2.0,35.0,1.0,193.0,3.0,268.0,1303.0,752.0,424.0
Hillsborough-12057871,956.0,9.0,4.0,55.0,22.0,1231.0,256.0,18.0,146.0,11.0,8.0,0.0,145.0,1.0,0.0,0.0,0.0,47.0,0.0,172.0,0.0,212.0,2277.0,596.0,420.0
Hillsborough-12057875,1364.0,6.0,3.0,110.0,24.0,1595.0,274.0,19.0,182.0,14.0,10.0,0.0,172.0,0.0,0.0,0.0,2.0,42.0,2.0,153.0,0.0,274.0,3102.0,669.0,475.0
Hillsborough-12057876,847.0,10.0,4.0,43.0,19.0,1105.0,0.0,0.0,0.0,0.0,0.0,0.0,0.0,0.0,0.0,0.0,0.0,0.0,0.0,0.0,0.0,0.0,2028.0,0.0,0.0
Hillsborough-12057879,1255.0,3.0,4.0,81.0,20.0,1201.0,380.0,11.0,199.0,10.0,14.0,2.0,166.0,0.0,0.0,1.0,0.0,30.0,5.0,152.0,0.0,301.0,2564.0,681.0,590.0
Hillsborough-12057883,1213.0,9.0,2.0,48.0,19.0,749.0,225.0,7.0,133.0,7.0,4.0,0.0,53.0,0.0,0.0,0.0,0.0,11.0,1.0,59.0,0.0,126.0,2040.0,261.0,365.0
Hillsborough-12057885,1218.0,9.0,5.0,59.0,26.0,1041.0,301.0,10.0,158.0,6.0,5.0,0.0,121.0,0.0,0.0,0.0,1.0,17.0,0.0,122.0,0.0,188.0,2358.0,460.0,469.0
Hillsborough-12057887,889.0,6.0,4.0,56.0,15.0,953.0,206.0,10.0,147.0,6.0,7.0,1.0,114.0,0.0,0.0,0.0,1.0,10.0,0.0,87.0,1.0,159.0,1923.0,386.0,363.0
Hillsborough-12057889,418.0,1.0,2.0,31.0,16.0,537.0,57.0,1.0,33.0,0.0,1.0,0.0,43.0,0.0,0.0,0.0,0.0,6.0,0.0,19.0,0.0,50.0,1005.0,119.0,91.0
Hillsborough-12057891,408.0,5.0,4.0,41.0,8.0,1225.0,113.0,15.0,92.0,6.0,7.0,0.0,173.0,0.0,0.0,0.0,1.0,18.0,0.0,141.0,0.0,253.0,1691.0,599.0,220.0
Hillsborough-12057892,251.0,6.0,1.0,22.0,6.0,991.0,73.0,14.0,70.0,4.0,5.0,2.0,152.0,0.0,0.0,0.0,0.0,10.0,0.0,80.0,1.0,182.0,1277.0,436.0,157.0
Hillsborough-12057901,1317.0,13.0,5.0,54.0,23.0,896.0,220.0,2.0,135.0,3.0,8.0,0.0,74.0,1.0,0.0,0.0,0.0,12.0,0.0,86.0,0.0,153.0,2308.0,337.0,357.0
Hillsborough-12057904,999.0,5.0,3.0,33.0,16.0,1315.0,368.0,19.0,131.0,21.0,6.0,3.0,101.0,3.0,0.0,0.0,1.0,98.0,1.0,158.0,0.0,410.0,2371.0,802.0,518.0
Hillsborough-12057905,112.0,0.0,1.0,7.0,1.0,274.0,17.0,1.0,20.0,1.0,2.0,0.0,24.0,1.0,0.0,0.0,0.0,0.0,0.0,31.0,0.0,61.0,395.0,120.0,38.0
Hillsborough-12057906,168.0,1.0,0.0,10.0,1.0,221.0,56.0,1.0,19.0,20.0,3.0,1.0,22.0,0.0,0.0,0.0,1.0,19.0,0.0,50.0,0.0,54.0,401.0,170.0,76.0
Hillsborough-12057907,273.0,1.0,0.0,12.0,1.0,681.0,63.0,7.0,51.0,4.0,5.0,0.0,78.0,0.0,0.0,0.0,2.0,13.0,1.0,74.0,0.0,176.0,968.0,353.0,121.0
Hillsborough-12057908,1298.0,3.0,5.0,52.0,26.0,1850.0,438.0,7.0,182.0,29.0,7.0,2.0,136.0,3.0,0.0,0.0,3.0,135.0,1.0,291.0,0.0,546.0,3234.0,1153.0,627.0
Hillsborough-12057909,1013.0,1.0,2.0,40.0,10.0,1916.0,309.0,12.0,104.0,29.0,5.0,2.0,148.0,2.0,0.0,0.0,1.0,155.0,0.0,286.0,0.0,660.0,2982.0,1288.0,425.0
Hillsborough-12057911,286.0,4.0,0.0,24.0,1.0,537.0,0.0,0.0,0.0,0.0,0.0,0.0,0.0,0.0,0.0,0.0,0.0,0.0,0.0,0.0,0.0,0.0,852.0,0.0,0.0
Hillsborough-12057912,69.0,0.0,1.0,3.0,2.0,86.0,99.0,6.0,45.0,10.0,1.0,2.0,45.0,0.0,0.0,0.0,0.0,17.0,2.0,56.0,0.0,173.0,161.0,306.0,150.0
Hillsborough-12057913,1848.0,8.0,2.0,64.0,9.0,1774.0,351.0,14.0,154.0,18.0,8.0,0.0,124.0,1.0,0.0,0.0,0.0,67.0,1.0,215.0,0.0,439.0,3705.0,873.0,519.0
Hillsborough-12057914,1452.0,6.0,8.0,73.0,21.0,1028.0,0.0,0.0,0.0,0.0,0.0,0.0,0.0,0.0,0.0,0.0,0.0,0.0,0.0,0.0,0.0,0.0,2588.0,0.0,0.0
Hillsborough-12057917,70.0,0.0,0.0,7.0,0.0,207.0,16.0,0.0,9.0,2.0,0.0,0.0,15.0,0.0,0.0,0.0,0.0,10.0,1.0,20.0,0.0,41.0,284.0,89.0,25.0
Hillsborough-12057918,98.0,1.0,0.0,12.0,1.0,430.0,19.0,2.0,14.0,5.0,4.0,0.0,63.0,0.0,0.0,0.0,0.0,5.0,0.0,36.0,0.0,74.0,542.0,187.0,35.0
Hillsborough-12057919,238.0,1.0,0.0,25.0,4.0,615.0,148.0,6.0,112.0,3.0,4.0,0.0,88.0,0.0,0.0,0.0,0.0,8.0,0.0,78.0,0.0,168.0,883.0,349.0,266.0
Hillsborough-12057921,643.0,5.0,3.0,20.0,12.0,1057.0,243.0,8.0,111.0,22.0,6.0,1.0,87.0,2.0,1.0,0.0,1.0,41.0,2.0,157.0,0.0,278.0,1740.0,598.0,362.0
Hillsborough-12057925,340.0,0.0,1.0,23.0,5.0,519.0,116.0,4.0,56.0,5.0,5.0,0.0,71.0,0.0,0.0,0.0,2.0,32.0,1.0,94.0,0.0,143.0,888.0,353.0,176.0
Hillsborough-12057927,212.0,4.0,1.0,7.0,2.0,299.0,78.0,1.0,15.0,18.0,4.0,1.0,33.0,0.0,0.0,1.0,2.0,49.0,1.0,66.0,1.0,89.0,525.0,265.0,94.0
Hillsborough-12057929,1575.0,6.0,3.0,77.0,21.0,2063.0,434.0,11.0,190.0,27.0,17.0,3.0,194.0,0.0,0.0,0.0,0.0,132.0,1.0,282.0,0.0,550.0,3745.0,1206.0,635.0
Hillsborough-12057932,1531.0,4.0,3.0,72.0,22.0,878.0,226.0,2.0,121.0,11.0,5.0,0.0,64.0,0.0,0.0,0.0,0.0,11.0,2.0,74.0,0.0,160.0,2510.0,327.0,349.0
Hillsborough-12057933,1398.0,3.0,6.0,104.0,25.0,1771.0,258.0,10.0,160.0,9.0,7.0,1.0,150.0,0.0,0.0,0.0,0.0,31.0,0.0,159.0,0.0,290.0,3307.0,647.0,428.0
Hillsborough-12057935,1407.0,6.0,5.0,89.0,23.0,2046.0,300.0,11.0,184.0,13.0,8.0,1.0,177.0,0.0,0.0,0.0,0.0,55.0,2.0,200.0,0.0,453.0,3576.0,909.0,495.0
Hillsborough-12057937,713.0,4.0,0.0,74.0,16.0,1975.0,185.0,19.0,114.0,21.0,12.0,1.0,172.0,1.0,0.0,1.0,1.0,69.0,1.0,282.0,0.0,516.0,2782.0,1077.0,318.0
Hillsborough-12057938,43.0,0.0,0.0,2.0,0.0,111.0,0.0,0.0,0.0,0.0,0.0,0.0,0.0,0.0,0.0,0.0,0.0,0.0,0.0,0.0,0.0,0.0,156.0,0.0,0.0
Hillsborough-12057939,1001.0,7.0,1.0,60.0,21.0,1620.0,292.0,13.0,150.0,21.0,8.0,1.0,150.0,1.0,0.0,0.0,0.0,62.0,1.0,181.0,0.0,393.0,2710.0,818.0,455.0
Hillsborough-12057940,23.0,0.0,0.0,4.0,0.0,50.0,21.0,4.0,6.0,1.0,2.0,0.0,13.0,0.0,0.0,0.0,0.0,2.0,0.0,6.0,0.0,24.0,77.0,48.0,31.0
Hillsborough-12057941,348.0,1.0,1.0,30.0,14.0,888.0,71.0,5.0,56.0,7.0,3.0,0.0,54.0,0.0,0.0,0.0,0.0,23.0,0.0,117.0,0.0,242.0,1282.0,446.0,132.0
Hillsborough-12057942,1770.0,5.0,1.0,67.0,31.0,945.0,324.0,2.0,155.0,0.0,8.0,0.0,72.0,0.0,0.0,0.0,0.0,8.0,0.0,95.0,0.0,156.0,2819.0,339.0,481.0
Hillsborough-12057943,547.0,1.0,2.0,41.0,11.0,787.0,58.0,3.0,51.0,4.0,3.0,0.0,28.0,0.0,0.0,0.0,0.0,6.0,0.0,19.0,0.0,85.0,1389.0,145.0,112.0
Hillsborough-12057944,1847.0,15.0,8.0,90.0,26.0,1258.0,469.0,3.0,264.0,12.0,11.0,0.0,141.0,0.0,0.0,0.0,0.0,23.0,2.0,171.0,1.0,283.0,3244.0,644.0,736.0
Hillsborough-12057945,0.0,0.0,0.0,0.0,0.0,0.0,75.0,7.0,56.0,8.0,9.0,1.0,47.0,2.0,0.0,0.0,0.0,15.0,0.0,69.0,0.0,179.0,0.0,330.0,138.0
Hillsborough-12057946,2412.0,9.0,6.0,139.0,41.0,1659.0,414.0,7.0,238.0,7.0,6.0,0.0,134.0,1.0,0.0,0.0,1.0,22.0,1.0,162.0,1.0,258.0,4266.0,593.0,659.0
Hillsborough-12057947,3630.0,9.0,9.0,204.0,68.0,2750.0,743.0,18.0,348.0,21.0,11.0,0.0,266.0,0.0,0.0,1.0,1.0,72.0,2.0,355.0,0.0,481.0,6670.0,1210.0,1109.0
Hillsborough-12057948,377.0,0.0,1.0,28.0,5.0,688.0,88.0,9.0,48.0,6.0,5.0,0.0,51.0,0.0,0.0,0.0,2.0,21.0,0.0,64.0,0.0,160.0,1099.0,309.0,145.0
Hillsborough-12057949,2558.0,11.0,6.0,142.0,47.0,2378.0,599.0,20.0,326.0,23.0,16.0,1.0,297.0,2.0,0.0,1.0,1.0,48.0,3.0,329.0,0.0,502.0,5142.0,1223.0,945.0
Hillsborough-12057950,571.0,3.0,3.0,42.0,8.0,729.0,114.0,5.0,65.0,6.0,3.0,0.0,61.0,0.0,0.0,0.0,0.0,8.0,1.0,40.0,0.0,114.0,1356.0,233.0,184.0
Hillsborough-12057951,518.0,4.0,1.0,48.0,10.0,870.0,247.0,7.0,150.0,6.0,4.0,0.0,156.0,0.0,0.0,0.0,0.0,34.0,2.0,178.0,0.0,253.0,1451.0,633.0,404.0
Hillsborough-12057952,765.0,5.0,2.0,77.0,17.0,1091.0,196.0,10.0,97.0,9.0,4.0,0.0,143.0,1.0,0.0,0.0,0.0,14.0,0.0,127.0,1.0,230.0,1957.0,529.0,303.0
Hillsborough-12057953,1148.0,12.0,3.0,85.0,28.0,1529.0,261.0,7.0,180.0,6.0,14.0,2.0,160.0,2.0,0.0,0.0,0.0,24.0,2.0,183.0,0.0,318.0,2805.0,711.0,448.0
Hillsborough-12057954,339.0,1.0,0.0,14.0,11.0,169.0,37.0,0.0,28.0,3.0,1.0,0.0,10.0,0.0,0.0,0.0,1.0,6.0,0.0,8.0,0.0,21.0,534.0,50.0,65.0
Hillsborough-12057955,1481.0,6.0,5.0,94.0,23.0,1498.0,327.0,14.0,210.0,14.0,11.0,0.0,118.0,0.0,0.0,1.0,0.0,33.0,4.0,163.0,0.0,268.0,3107.0,612.0,551.0
Hillsborough-12057956,919.0,2.0,4.0,54.0,13.0,1009.0,0.0,0.0,0.0,0.0,0.0,0.0,0.0,0.0,0.0,0.0,0.0,0.0,0.0,0.0,0.0,0.0,2001.0,0.0,0.0
Hillsborough-12057957,1368.0,5.0,9.0,79.0,15.0,1320.0,301.0,7.0,140.0,10.0,12.0,0.0,135.0,0.0,0.0,0.0,1.0,33.0,2.0,166.0,0.0,272.0,2796.0,631.0,448.0
Hillsborough-12057958,0.0,0.0,0.0,0.0,0.0,0.0,9.0,0.0,3.0,0.0,0.0,0.0,8.0,0.0,0.0,0.0,0.0,4.0,0.0,25.0,0.0,8.0,0.0,45.0,12.0
Hillsborough-12057959,1492.0,2.0,5.0,83.0,20.0,1190.0,277.0,7.0,123.0,3.0,1.0,1.0,38.0,0.0,0.0,0.0,0.0,12.0,2.0,95.0,0.0,119.0,2792.0,271.0,407.0
Hillsborough-12057961,918.0,7.0,8.0,37.0,15.0,488.0,63.0,7.0,36.0,2.0,1.0,1.0,25.0,0.0,0.0,0.0,0.0,2.0,0.0,30.0,0.0,50.0,1473.0,111.0,106.0
Hillsborough-12057962,344.0,4.0,2.0,22.0,5.0,402.0,54.0,2.0,39.0,1.0,0.0,2.0,35.0,0.0,0.0,0.0,0.0,6.0,0.0,30.0,0.0,72.0,779.0,146.0,95.0
Hillsborough-12057963,12.0,2.0,0.0,1.0,0.0,22.0,2.0,0.0,0.0,0.0,0.0,0.0,0.0,0.0,0.0,0.0,0.0,1.0,0.0,1.0,0.0,3.0,37.0,5.0,2.0
Hillsborough-12057964,244.0,0.0,1.0,8.0,4.0,39.0,43.0,0.0,26.0,0.0,0.0,0.0,4.0,0.0,0.0,0.0,0.0,1.0,2.0,5.0,0.0,10.0,296.0,22.0,69.0
Hillsborough-12057965,1330.0,1.0,0.0,14.0,3.0,165.0,483.0,1.0,82.0,1.0,2.0,2.0,16.0,0.0,0.0,1.0,0.0,0.0,0.0,7.0,0.0,30.0,1513.0,59.0,566.0
Hillsborough-12057967,843.0,0.0,0.0,13.0,7.0,194.0,214.0,2.0,54.0,2.0,0.0,0.0,14.0,0.0,0.0,0.0,0.0,1.0,0.0,18.0,0.0,31.0,1057.0,66.0,270.0
Hillsborough-12057968,1288.0,0.0,5.0,46.0,17.0,460.0,230.0,1.0,103.0,4.0,1.0,1.0,30.0,0.0,0.0,0.0,0.0,14.0,0.0,48.0,0.0,61.0,1816.0,159.0,334.0
Hillsborough-12057969,256.0,2.0,1.0,13.0,3.0,202.0,243.0,8.0,79.0,5.0,2.0,0.0,26.0,1.0,0.0,0.0,0.0,1.0,1.0,40.0,0.0,45.0,477.0,121.0,330.0
Hillsborough-12057971,878.0,2.0,2.0,20.0,13.0,301.0,444.0,11.0,112.0,5.0,3.0,0.0,27.0,0.0,0.0,0.0,0.0,7.0,0.0,61.0,1.0,81.0,1216.0,185.0,567.0
Hillsborough-12057972,617.0,1.0,1.0,31.0,7.0,394.0,114.0,1.0,71.0,5.0,1.0,0.0,31.0,0.0,0.0,0.0,0.0,8.0,0.0,62.0,0.0,46.0,1051.0,153.0,186.0
Hillsborough-12057973,842.0,3.0,4.0,17.0,18.0,339.0,51.0,1.0,24.0,1.0,0.0,0.0,9.0,0.0,0.0,0.0,0.0,2.0,0.0,5.0,0.0,26.0,1223.0,43.0,76.0
Hillsborough-12057999,477.0,3.0,0.0,61.0,9.0,484.0,67.0,3.0,54.0,2.0,11.0,1.0,54.0,1.0,0.0,0.0,2.0,13.0,2.0,84.0,1.0,63.0,1034.0,234.0,124.0
Holmes-120591,93.0,2.0,0.0,12.0,3.0,781.0,25.0,22.0,63.0,1.0,1.0,0.0,65.0,0.0,0.0,0.0,1.0,7.0,1.0,47.0,0.0,137.0,891.0,260.0,110.0
Holmes-120592,91.0,5.0,0.0,15.0,3.0,784.0,39.0,20.0,63.0,1.0,2.0,0.0,102.0,0.0,0.0,0.0,0.0,5.0,0.0,47.0,0.0,129.0,898.0,286.0,122.0
Holmes-120593,77.0,2.0,0.0,6.0,1.0,642.0,32.0,23.0,71.0,2.0,5.0,0.0,73.0,0.0,0.0,0.0,0.0,2.0,0.0,31.0,0.0,109.0,728.0,222.0,126.0
Holmes-120594,105.0,2.0,1.0,24.0,2.0,1077.0,41.0,32.0,88.0,2.0,4.0,0.0,109.0,0.0,0.0,0.0,4.0,17.0,0.0,60.0,0.0,209.0,1211.0,405.0,161.0
Holmes-120595,30.0,0.0,0.0,6.0,0.0,390.0,11.0,14.0,34.0,2.0,2.0,0.0,28.0,0.0,0.0,0.0,1.0,1.0,1.0,21.0,0.0,58.0,426.0,114.0,59.0
Holmes-120596,126.0,2.0,0.0,26.0,3.0,1667.0,51.0,59.0,118.0,5.0,8.0,0.0,192.0,0.0,0.0,1.0,0.0,10.0,3.0,94.0,0.0,265.0,1824.0,578.0,228.0
Holmes-120597,180.0,1.0,7.0,26.0,4.0,1307.0,67.0,47.0,107.0,4.0,5.0,1.0,161.0,1.0,2.0,0.0,4.0,14.0,2.0,82.0,0.0,201.0,1525.0,477.0,221.0
Holmes-120598,151.0,3.0,1.0,18.0,3.0,835.0,73.0,22.0,75.0,1.0,6.0,0.0,82.0,0.0,0.0,0.0,0.0,8.0,0.0,72.0,0.0,131.0,1011.0,300.0,170.0
Indian River-120611 Indian River Estates,3.0,0.0,0.0,0.0,0.0,36.0,3.0,2.0,0.0,0.0,0.0,0.0,1.0,0.0,0.0,0.0,0.0,1.0,0.0,4.0,0.0,12.0,39.0,18.0,5.0
Indian River-1206110 Sebastian Christian Church,1635.0,16.0,5.0,113.0,38.0,2762.0,413.0,15.0,297.0,10.0,16.0,1.0,226.0,3.0,1.0,0.0,1.0,103.0,1.0,250.0,3.0,715.0,4569.0,1330.0,725.0
Indian River-1206111 Sebastian Christian Church,414.0,3.0,0.0,12.0,2.0,624.0,96.0,8.0,42.0,5.0,2.0,1.0,49.0,0.0,1.0,1.0,0.0,32.0,1.0,66.0,0.0,194.0,1055.0,352.0,146.0
Indian River-1206112 Liberty Magnet School,257.0,3.0,3.0,21.0,2.0,680.0,54.0,0.0,35.0,3.0,2.0,1.0,65.0,0.0,0.0,0.0,0.0,19.0,1.0,61.0,0.0,197.0,966.0,349.0,89.0
Indian River-1206113 Realtors Association of IRC,1515.0,6.0,2.0,79.0,23.0,2815.0,356.0,10.0,164.0,58.0,11.0,2.0,240.0,1.0,0.0,0.0,1.0,280.0,0.0,471.0,2.0,823.0,4440.0,1889.0,530.0
Indian River-1206114 Indian River Shores - Comm Center,734.0,3.0,2.0,42.0,10.0,1199.0,157.0,0.0,72.0,21.0,6.0,0.0,96.0,0.0,0.0,2.0,0.0,167.0,1.0,328.0,1.0,340.0,1990.0,962.0,229.0
Indian River-1206115 Indian River Shores - Comm Center,100.0,0.0,0.0,15.0,0.0,290.0,16.0,0.0,5.0,4.0,0.0,0.0,21.0,0.0,0.0,0.0,0.0,57.0,0.0,125.0,0.0,58.0,405.0,265.0,21.0
Indian River-1206116 Indian River Shores - Comm Center,935.0,1.0,0.0,59.0,3.0,2050.0,196.0,4.0,53.0,31.0,7.0,0.0,156.0,1.0,0.0,0.0,2.0,357.0,4.0,693.0,4.0,600.0,3048.0,1855.0,253.0
Indian River-1206117 Christ By The Sea UMC,1273.0,2.0,3.0,89.0,18.0,2196.0,302.0,6.0,143.0,40.0,4.0,2.0,181.0,3.0,0.0,1.0,0.0,237.0,1.0,457.0,1.0,670.0,3581.0,1597.0,451.0
Indian River-1206118 St. Edwards Upper School,845.0,3.0,1.0,41.0,7.0,1823.0,185.0,2.0,67.0,36.0,2.0,0.0,175.0,2.0,0.0,0.0,0.0,240.0,1.0,392.0,1.0,553.0,2720.0,1402.0,254.0
Indian River-1206119 Trinity Episcopal Great Hall,537.0,3.0,1.0,29.0,10.0,899.0,110.0,9.0,95.0,14.0,5.0,3.0,97.0,2.0,1.0,0.0,0.0,46.0,2.0,119.0,0.0,274.0,1479.0,563.0,214.0
Indian River-120612 Fellsmere City Council Chambers,610.0,0.0,1.0,25.0,1.0,201.0,55.0,1.0,37.0,0.0,1.0,0.0,13.0,0.0,0.0,0.0,0.0,1.0,0.0,24.0,0.0,51.0,838.0,90.0,93.0
Indian River-1206120 Trinity Episcopal Great Hall,168.0,0.0,0.0,10.0,2.0,241.0,42.0,0.0,26.0,10.0,2.0,0.0,28.0,1.0,0.0,0.0,0.0,22.0,1.0,42.0,0.0,44.0,421.0,150.0,68.0
Indian River-1206121 Gifford Community Center,1676.0,3.0,2.0,18.0,4.0,367.0,476.0,4.0,126.0,7.0,5.0,0.0,38.0,0.0,0.0,0.0,0.0,8.0,0.0,38.0,0.0,100.0,2070.0,196.0,606.0
Indian River-1206122 Central Assembly of God,828.0,5.0,3.0,42.0,15.0,1605.0,204.0,7.0,99.0,24.0,8.0,2.0,195.0,1.0,0.0,0.0,1.0,71.0,1.0,226.0,1.0,472.0,2498.0,1002.0,310.0
Indian River-1206123 Unity Church of Vero Beach,742.0,1.0,3.0,58.0,20.0,927.0,132.0,6.0,130.0,11.0,6.0,1.0,85.0,2.0,0.0,0.0,2.0,45.0,0.0,122.0,0.0,268.0,1751.0,542.0,268.0
Indian River-1206124 Unitarian Universalist Fellowship Hall,245.0,0.0,0.0,18.0,6.0,280.0,45.0,2.0,48.0,2.0,0.0,0.0,25.0,0.0,0.0,0.0,1.0,6.0,0.0,15.0,0.0,69.0,549.0,118.0,95.0
Indian River-1206125 Our Savior Lutheran Church,412.0,1.0,0.0,23.0,7.0,797.0,110.0,5.0,68.0,19.0,1.0,4.0,64.0,1.0,0.0,0.0,0.0,55.0,0.0,115.0,0.0,248.0,1240.0,507.0,183.0
Indian River-1206126 Our Savior Lutheran Church,677.0,0.0,1.0,40.0,12.0,703.0,126.0,3.0,112.0,9.0,2.0,1.0,45.0,0.0,0.0,0.0,1.0,25.0,1.0,75.0,0.0,173.0,1433.0,332.0,241.0
Indian River-1206127 Royal Palm Clubhouse Vista Royale,1092.0,6.0,2.0,73.0,12.0,1992.0,306.0,12.0,168.0,21.0,4.0,1.0,151.0,0.0,0.0,0.0,1.0,87.0,1.0,210.0,1.0,571.0,3177.0,1048.0,486.0
Indian River-1206128 Vero Beach Highlands P.O.A.,1650.0,9.0,1.0,96.0,25.0,2471.0,404.0,16.0,208.0,31.0,15.0,0.0,203.0,1.0,0.0,0.0,2.0,126.0,1.0,285.0,1.0,660.0,4252.0,1325.0,628.0
Indian River-1206129 Morning Star Presbyterian Church,1919.0,13.0,7.0,91.0,24.0,2763.0,421.0,15.0,253.0,14.0,9.0,1.0,261.0,2.0,0.0,0.0,1.0,72.0,1.0,255.0,0.0,711.0,4817.0,1327.0,689.0
Indian River-120613 Fellsmere City Council Chambers,199.0,7.0,0.0,10.0,5.0,638.0,54.0,3.0,40.0,2.0,1.0,1.0,69.0,0.0,0.0,0.0,0.0,10.0,3.0,39.0,0.0,175.0,859.0,300.0,97.0
Indian River-1206130 Unitarian Universalist Fellowship Hall,842.0,4.0,1.0,75.0,17.0,1604.0,199.0,5.0,136.0,17.0,6.0,1.0,173.0,1.0,0.0,1.0,2.0,74.0,4.0,160.0,1.0,411.0,2543.0,851.0,340.0
Indian River-1206131 Unity Church of Vero Beach,797.0,6.0,1.0,56.0,10.0,1727.0,174.0,7.0,121.0,16.0,1.0,0.0,174.0,0.0,0.0,1.0,1.0,86.0,1.0,244.0,0.0,525.0,2597.0,1049.0,302.0
Indian River-1206132 Freedom Church,1467.0,4.0,8.0,107.0,17.0,3030.0,335.0,7.0,242.0,28.0,7.0,0.0,329.0,1.0,0.0,0.0,0.0,152.0,2.0,410.0,2.0,818.0,4633.0,1749.0,584.0
Indian River-1206133 Indian River Estates,648.0,5.0,4.0,30.0,8.0,1353.0,163.0,6.0,70.0,32.0,14.0,3.0,113.0,2.0,0.0,0.0,0.0,131.0,2.0,220.0,0.0,398.0,2048.0,915.0,239.0
Indian River-1206134 Lakewood Village Club House,819.0,12.0,1.0,42.0,12.0,1566.0,248.0,8.0,127.0,12.0,10.0,5.0,113.0,2.0,0.0,0.0,2.0,42.0,2.0,148.0,2.0,455.0,2452.0,793.0,383.0
Indian River-1206135 Central Assembly of God,864.0,1.0,1.0,48.0,14.0,1459.0,245.0,7.0,124.0,12.0,8.0,0.0,113.0,0.0,0.0,1.0,2.0,73.0,2.0,169.0,2.0,450.0,2387.0,832.0,376.0
Indian River-1206136 Gifford Community Center,439.0,1.0,0.0,26.0,7.0,911.0,119.0,4.0,59.0,6.0,3.0,0.0,93.0,1.0,0.0,1.0,0.0,44.0,2.0,94.0,0.0,277.0,1384.0,521.0,182.0
Indian River-1206137 Realtors Association of IRC,46.0,1.0,0.0,3.0,1.0,90.0,6.0,0.0,6.0,0.0,1.0,0.0,2.0,0.0,0.0,0.0,0.0,3.0,0.0,16.0,0.0,16.0,141.0,38.0,12.0
Indian River-120614 Indian River Estates,2.0,0.0,0.0,1.0,0.0,17.0,1.0,0.0,0.0,0.0,0.0,0.0,3.0,0.0,0.0,0.0,0.0,2.0,0.0,0.0,0.0,5.0,20.0,10.0,1.0
Indian River-120615 Liberty Magnet School,1083.0,5.0,0.0,85.0,24.0,1977.0,228.0,12.0,156.0,6.0,13.0,0.0,134.0,0.0,0.0,0.0,0.0,37.0,2.0,134.0,1.0,493.0,3174.0,820.0,396.0
Indian River-120616 St. Sebastian Catholic Church,399.0,4.0,0.0,19.0,11.0,755.0,117.0,3.0,79.0,8.0,1.0,0.0,60.0,0.0,0.0,0.0,0.0,28.0,0.0,77.0,0.0,232.0,1188.0,406.0,199.0
Indian River-120617 St. Sebastian Catholic Church,450.0,1.0,1.0,32.0,10.0,987.0,113.0,2.0,85.0,5.0,5.0,0.0,72.0,2.0,1.0,0.0,0.0,49.0,3.0,89.0,0.0,287.0,1481.0,513.0,200.0
Indian River-120618 American Legion Hall Post 189,1140.0,3.0,3.0,78.0,21.0,1984.0,314.0,17.0,200.0,23.0,8.0,2.0,133.0,0.0,0.0,0.0,3.0,61.0,1.0,147.0,0.0,556.0,3229.0,934.0,531.0
Indian River-120619 Sebastian Elks Lodge No. 2714,1581.0,9.0,4.0,117.0,21.0,2801.0,376.0,20.0,235.0,23.0,8.0,2.0,199.0,0.0,0.0,0.0,1.0,89.0,2.0,260.0,1.0,790.0,4533.0,1375.0,631.0
Jackson-120631,461.0,2.0,1.0,15.0,1.0,836.0,231.0,36.0,106.0,0.0,1.0,0.0,64.0,0.0,0.0,0.0,2.0,4.0,0.0,43.0,0.0,146.0,1316.0,260.0,373.0
Jackson-1206310,601.0,3.0,1.0,15.0,6.0,748.0,293.0,30.0,104.0,3.0,3.0,0.0,61.0,0.0,0.0,0.0,2.0,6.0,2.0,48.0,1.0,136.0,1374.0,262.0,427.0
Jackson-1206311,421.0,3.0,0.0,19.0,7.0,1315.0,169.0,65.0,178.0,7.0,6.0,0.0,85.0,0.0,0.0,0.0,2.0,6.0,0.0,67.0,0.0,206.0,1765.0,379.0,412.0
Jackson-1206312,485.0,2.0,1.0,14.0,4.0,967.0,206.0,33.0,133.0,2.0,4.0,0.0,98.0,0.0,0.0,0.0,0.0,8.0,2.0,45.0,0.0,156.0,1473.0,315.0,372.0
Jackson-1206313,384.0,0.0,3.0,13.0,1.0,330.0,189.0,16.0,66.0,0.0,2.0,0.0,23.0,0.0,0.0,0.0,0.0,6.0,0.0,22.0,1.0,71.0,731.0,125.0,271.0
Jackson-1206314,364.0,5.0,1.0,24.0,5.0,1529.0,150.0,64.0,146.0,5.0,9.0,1.0,198.0,0.0,0.0,0.0,0.0,22.0,1.0,112.0,0.0,222.0,1928.0,570.0,360.0
Jackson-120632,616.0,1.0,0.0,3.0,1.0,253.0,286.0,14.0,55.0,0.0,1.0,1.0,25.0,1.0,0.0,0.0,0.0,4.0,0.0,15.0,0.0,57.0,874.0,104.0,355.0
Jackson-120633,738.0,6.0,2.0,45.0,14.0,1841.0,277.0,72.0,267.0,10.0,12.0,1.0,195.0,0.0,0.0,0.0,1.0,32.0,1.0,160.0,0.0,347.0,2646.0,759.0,616.0
Jackson-120634,430.0,11.0,2.0,33.0,5.0,1971.0,170.0,60.0,210.0,9.0,14.0,0.0,175.0,0.0,0.0,1.0,1.0,17.0,1.0,109.0,1.0,379.0,2452.0,707.0,440.0
Jackson-120635,111.0,0.0,0.0,5.0,1.0,392.0,53.0,17.0,49.0,3.0,2.0,0.0,41.0,0.0,0.0,0.0,0.0,4.0,0.0,21.0,0.0,67.0,509.0,138.0,119.0
Jackson-120636,1016.0,3.0,1.0,30.0,9.0,893.0,445.0,30.0,148.0,3.0,3.0,1.0,84.0,0.0,0.0,0.0,0.0,11.0,0.0,49.0,0.0,169.0,1952.0,320.0,623.0
Jackson-120637,426.0,3.0,3.0,35.0,3.0,1674.0,198.0,51.0,186.0,8.0,9.0,0.0,193.0,0.0,0.0,1.0,2.0,20.0,1.0,138.0,1.0,291.0,2144.0,664.0,435.0
Jackson-120638,95.0,0.0,0.0,5.0,1.0,624.0,38.0,24.0,81.0,0.0,5.0,0.0,50.0,0.0,0.0,0.0,0.0,2.0,0.0,28.0,0.0,118.0,725.0,203.0,143.0
Jackson-120639,249.0,3.0,2.0,10.0,2.0,884.0,100.0,39.0,113.0,4.0,5.0,1.0,65.0,0.0,0.0,0.0,0.0,3.0,0.0,53.0,0.0,122.0,1150.0,253.0,252.0
Jefferson-1206501,190.0,0.0,1.0,9.0,4.0,281.0,105.0,9.0,39.0,1.0,2.0,0.0,48.0,1.0,0.0,0.0,0.0,0.0,0.0,19.0,0.0,50.0,485.0,121.0,153.0
Jefferson-1206502,104.0,6.0,0.0,7.0,1.0,174.0,58.0,6.0,28.0,2.0,0.0,0.0,30.0,0.0,0.0,0.0,0.0,8.0,0.0,13.0,0.0,39.0,292.0,92.0,92.0
Jefferson-1206503,108.0,0.0,0.0,4.0,1.0,111.0,52.0,7.0,30.0,0.0,0.0,0.0,13.0,0.0,0.0,0.0,0.0,0.0,0.0,6.0,0.0,15.0,224.0,34.0,89.0
Jefferson-1206504,228.0,0.0,0.0,11.0,4.0,410.0,117.0,19.0,76.0,3.0,1.0,0.0,66.0,0.0,0.0,0.0,0.0,10.0,0.0,30.0,0.0,61.0,653.0,171.0,212.0
Jefferson-1206505,529.0,0.0,1.0,14.0,2.0,219.0,294.0,10.0,52.0,0.0,2.0,0.0,34.0,0.0,0.0,0.0,0.0,6.0,0.0,9.0,0.0,41.0,765.0,92.0,356.0
Jefferson-1206506,302.0,0.0,1.0,5.0,4.0,230.0,139.0,6.0,50.0,0.0,0.0,0.0,17.0,0.0,0.0,0.0,0.0,3.0,0.0,13.0,0.0,36.0,542.0,69.0,195.0
Jefferson-1206507,337.0,2.0,0.0,10.0,0.0,313.0,125.0,13.0,68.0,0.0,3.0,0.0,32.0,0.0,0.0,0.0,0.0,4.0,0.0,11.0,0.0,38.0,662.0,88.0,206.0
Jefferson-1206508,382.0,2.0,0.0,10.0,4.0,370.0,147.0,7.0,50.0,0.0,0.0,0.0,40.0,0.0,0.0,0.0,0.0,7.0,0.0,14.0,0.0,43.0,768.0,104.0,204.0
Jefferson-1206509,229.0,0.0,1.0,13.0,4.0,351.0,101.0,14.0,84.0,1.0,2.0,1.0,45.0,0.0,0.0,0.0,0.0,11.0,1.0,36.0,0.0,77.0,598.0,174.0,199.0
Jefferson-1206510,300.0,2.0,1.0,11.0,2.0,278.0,130.0,12.0,62.0,0.0,0.0,0.0,28.0,0.0,0.0,0.0,0.0,7.0,0.0,18.0,0.0,55.0,594.0,108.0,204.0
Jefferson-1206511,280.0,3.0,0.0,5.0,6.0,412.0,128.0,15.0,90.0,0.0,0.0,0.0,61.0,0.0,0.0,0.0,1.0,6.0,0.0,25.0,0.0,52.0,706.0,145.0,233.0
Jefferson-1206512,243.0,0.0,0.0,4.0,3.0,356.0,120.0,18.0,73.0,0.0,1.0,0.0,43.0,0.0,0.0,0.0,0.0,1.0,0.0,17.0,0.0,56.0,606.0,118.0,211.0
Jefferson-1206513,35.0,0.0,0.0,2.0,1.0,103.0,16.0,2.0,11.0,0.0,0.0,1.0,11.0,0.0,0.0,0.0,0.0,2.0,0.0,8.0,0.0,18.0,141.0,40.0,29.0
Jefferson-1206514,104.0,0.0,0.0,1.0,1.0,35.0,72.0,4.0,21.0,0.0,1.0,0.0,9.0,0.0,0.0,0.0,0.0,0.0,0.0,5.0,0.0,12.0,141.0,27.0,97.0
Jefferson-1206515,114.0,0.0,0.0,3.0,2.0,231.0,67.0,10.0,28.0,1.0,2.0,0.0,60.0,0.0,0.0,0.0,0.0,3.0,0.0,23.0,0.0,83.0,350.0,172.0,105.0
Jefferson-1206516,56.0,2.0,0.0,1.0,3.0,56.0,0.0,0.0,0.0,0.0,0.0,0.0,0.0,0.0,0.0,0.0,0.0,0.0,0.0,0.0,0.0,0.0,118.0,0.0,0.0
Lafayette-120671,71.0,4.0,0.0,11.0,3.0,594.0,31.0,21.0,80.0,1.0,3.0,0.0,46.0,0.0,0.0,0.0,2.0,1.0,0.0,36.0,0.0,70.0,683.0,159.0,132.0
Lafayette-120672,80.0,0.0,0.0,10.0,0.0,445.0,32.0,24.0,44.0,0.0,2.0,0.0,33.0,0.0,0.0,0.0,0.0,1.0,0.0,15.0,0.0,54.0,535.0,105.0,100.0
Lafayette-120673,85.0,1.0,1.0,6.0,1.0,723.0,45.0,35.0,93.0,2.0,0.0,0.0,51.0,0.0,0.0,0.0,0.0,6.0,0.0,37.0,0.0,109.0,817.0,205.0,173.0
Lafayette-120674,103.0,1.0,0.0,12.0,3.0,764.0,44.0,36.0,92.0,2.0,2.0,0.0,63.0,0.0,0.0,0.0,0.0,3.0,0.0,28.0,0.0,138.0,883.0,236.0,172.0
Lafayette-120675,179.0,0.0,1.0,8.0,3.0,283.0,52.0,20.0,54.0,1.0,0.0,0.0,11.0,0.0,0.0,0.0,0.0,2.0,0.0,10.0,0.0,31.0,474.0,55.0,126.0
Lake-1206901,0.0,0.0,0.0,0.0,0.0,0.0,82.0,5.0,64.0,6.0,1.0,0.0,54.0,0.0,0.0,0.0,1.0,10.0,0.0,57.0,1.0,182.0,0.0,312.0,151.0
Lake-1206902,0.0,0.0,0.0,0.0,0.0,0.0,28.0,2.0,24.0,0.0,2.0,0.0,54.0,0.0,0.0,0.0,0.0,4.0,0.0,43.0,0.0,81.0,0.0,184.0,54.0
Lake-1206903,0.0,0.0,0.0,0.0,0.0,0.0,71.0,10.0,60.0,4.0,8.0,0.0,82.0,0.0,0.0,0.0,1.0,11.0,0.0,49.0,0.0,179.0,0.0,334.0,141.0
Lake-1206904,0.0,0.0,0.0,0.0,0.0,0.0,102.0,12.0,76.0,7.0,4.0,0.0,139.0,0.0,0.0,0.0,1.0,17.0,1.0,83.0,0.0,282.0,0.0,534.0,190.0
Lake-1206905,0.0,0.0,0.0,0.0,0.0,0.0,84.0,7.0,99.0,8.0,9.0,1.0,104.0,0.0,0.0,0.0,0.0,18.0,1.0,88.0,1.0,248.0,0.0,478.0,190.0
Lake-1206906,0.0,0.0,0.0,0.0,0.0,0.0,240.0,12.0,130.0,13.0,11.0,1.0,84.0,2.0,0.0,0.0,2.0,22.0,0.0,96.0,0.0,235.0,0.0,466.0,382.0
Lake-1206907,0.0,0.0,0.0,0.0,0.0,0.0,147.0,15.0,110.0,8.0,10.0,0.0,222.0,1.0,0.0,0.0,1.0,41.0,1.0,148.0,2.0,402.0,0.0,836.0,272.0
Lake-1206908,0.0,0.0,0.0,0.0,0.0,0.0,275.0,16.0,167.0,14.0,12.0,1.0,272.0,1.0,1.0,0.0,2.0,58.0,2.0,288.0,0.0,616.0,0.0,1267.0,458.0
Lake-1206909,0.0,0.0,0.0,0.0,0.0,0.0,82.0,7.0,82.0,6.0,7.0,0.0,96.0,1.0,0.0,0.0,5.0,16.0,0.0,83.0,0.0,245.0,0.0,459.0,171.0
Lake-120691,235.0,0.0,0.0,18.0,5.0,678.0,0.0,0.0,0.0,0.0,0.0,0.0,0.0,0.0,0.0,0.0,0.0,0.0,0.0,0.0,0.0,0.0,936.0,0.0,0.0
Lake-1206910,305.0,4.0,2.0,36.0,8.0,685.0,82.0,4.0,52.0,11.0,1.0,0.0,81.0,0.0,0.0,0.0,1.0,29.0,1.0,143.0,0.0,181.0,1040.0,448.0,138.0
Lake-12069100,847.0,8.0,4.0,102.0,11.0,2090.0,183.0,8.0,128.0,15.0,6.0,1.0,260.0,0.0,0.0,0.0,0.0,53.0,1.0,213.0,1.0,507.0,3062.0,1057.0,319.0
Lake-12069101,401.0,0.0,1.0,14.0,4.0,734.0,141.0,7.0,60.0,2.0,2.0,0.0,58.0,1.0,0.0,0.0,0.0,32.0,0.0,110.0,0.0,260.0,1154.0,465.0,208.0
Lake-12069102,452.0,0.0,0.0,12.0,0.0,601.0,176.0,7.0,55.0,3.0,1.0,1.0,52.0,0.0,0.0,0.0,0.0,25.0,1.0,127.0,0.0,195.0,1065.0,405.0,238.0
Lake-12069103,495.0,0.0,1.0,16.0,6.0,852.0,193.0,6.0,68.0,6.0,3.0,2.0,89.0,0.0,0.0,0.0,1.0,49.0,2.0,153.0,0.0,255.0,1370.0,560.0,267.0
Lake-12069104,322.0,0.0,2.0,12.0,1.0,427.0,117.0,0.0,47.0,2.0,1.0,0.0,36.0,0.0,0.0,0.0,0.0,29.0,0.0,68.0,0.0,174.0,764.0,310.0,164.0
Lake-12069105,366.0,2.0,0.0,35.0,9.0,847.0,0.0,0.0,0.0,0.0,0.0,0.0,0.0,0.0,0.0,0.0,0.0,0.0,0.0,0.0,0.0,0.0,1259.0,0.0,0.0
Lake-12069106,390.0,2.0,2.0,8.0,5.0,532.0,0.0,0.0,0.0,0.0,0.0,0.0,0.0,0.0,0.0,0.0,0.0,0.0,0.0,0.0,0.0,0.0,939.0,0.0,0.0
Lake-12069107,137.0,1.0,0.0,11.0,0.0,345.0,0.0,0.0,0.0,0.0,0.0,0.0,0.0,0.0,0.0,0.0,0.0,0.0,0.0,0.0,0.0,0.0,494.0,0.0,0.0
Lake-12069108,5.0,0.0,0.0,0.0,0.0,9.0,0.0,0.0,0.0,0.0,0.0,0.0,0.0,0.0,0.0,0.0,0.0,0.0,0.0,0.0,0.0,0.0,14.0,0.0,0.0
Lake-1206911,674.0,5.0,2.0,37.0,9.0,1005.0,174.0,10.0,88.0,9.0,6.0,2.0,72.0,1.0,0.0,0.0,0.0,20.0,0.0,105.0,0.0,245.0,1732.0,460.0,272.0
Lake-1206912,806.0,4.0,0.0,43.0,12.0,1639.0,258.0,9.0,123.0,8.0,17.0,0.0,154.0,1.0,0.0,1.0,1.0,34.0,2.0,168.0,1.0,460.0,2504.0,847.0,390.0
Lake-1206913,329.0,1.0,0.0,22.0,7.0,746.0,94.0,5.0,62.0,6.0,1.0,0.0,87.0,1.0,0.0,0.0,0.0,34.0,0.0,108.0,0.0,231.0,1105.0,468.0,161.0
Lake-1206914,994.0,5.0,3.0,39.0,10.0,1077.0,231.0,14.0,115.0,6.0,7.0,0.0,141.0,0.0,0.0,0.0,1.0,17.0,0.0,137.0,0.0,307.0,2128.0,616.0,360.0
Lake-1206915,1122.0,4.0,4.0,66.0,18.0,874.0,268.0,10.0,130.0,7.0,2.0,0.0,112.0,0.0,0.0,0.0,1.0,40.0,1.0,103.0,0.0,175.0,2088.0,441.0,408.0
Lake-1206916,588.0,5.0,2.0,51.0,14.0,1419.0,116.0,8.0,87.0,4.0,8.0,1.0,197.0,3.0,0.0,1.0,1.0,26.0,0.0,152.0,0.0,332.0,2079.0,725.0,211.0
Lake-1206917,334.0,2.0,0.0,33.0,3.0,965.0,73.0,7.0,73.0,3.0,1.0,3.0,109.0,0.0,0.0,0.0,0.0,15.0,0.0,79.0,0.0,268.0,1337.0,478.0,153.0
Lake-1206918,342.0,0.0,1.0,25.0,7.0,993.0,81.0,5.0,46.0,12.0,1.0,0.0,136.0,0.0,0.0,0.0,0.0,26.0,0.0,117.0,0.0,347.0,1368.0,639.0,132.0
Lake-1206919,406.0,2.0,2.0,42.0,4.0,811.0,102.0,3.0,75.0,13.0,11.0,0.0,83.0,0.0,0.0,0.0,1.0,31.0,1.0,99.0,0.0,233.0,1267.0,472.0,180.0
Lake-120692,84.0,0.0,0.0,11.0,4.0,347.0,0.0,0.0,0.0,0.0,0.0,0.0,0.0,0.0,0.0,0.0,0.0,0.0,0.0,0.0,0.0,0.0,446.0,0.0,0.0
Lake-1206920,345.0,2.0,0.0,28.0,13.0,487.0,91.0,4.0,70.0,6.0,3.0,0.0,63.0,1.0,0.0,0.0,0.0,24.0,0.0,91.0,1.0,157.0,875.0,346.0,165.0
Lake-1206921,358.0,3.0,0.0,32.0,7.0,1103.0,80.0,4.0,61.0,8.0,2.0,2.0,119.0,1.0,0.0,0.0,0.0,25.0,1.0,116.0,0.0,313.0,1503.0,587.0,145.0
Lake-1206922,2476.0,18.0,9.0,193.0,52.0,3146.0,493.0,23.0,281.0,22.0,24.0,1.0,350.0,1.0,0.0,0.0,2.0,79.0,2.0,368.0,1.0,668.0,5894.0,1518.0,797.0
Lake-1206923,1666.0,9.0,10.0,117.0,23.0,2158.0,375.0,16.0,176.0,9.0,9.0,2.0,230.0,0.0,0.0,0.0,0.0,47.0,1.0,232.0,1.0,479.0,3983.0,1010.0,567.0
Lake-1206924,240.0,0.0,0.0,21.0,4.0,761.0,50.0,3.0,56.0,6.0,3.0,0.0,89.0,0.0,0.0,0.0,0.0,12.0,1.0,71.0,0.0,193.0,1026.0,375.0,109.0
Lake-1206925,1015.0,8.0,4.0,76.0,19.0,2344.0,203.0,9.0,136.0,11.0,10.0,0.0,199.0,0.0,0.0,0.0,1.0,35.0,0.0,220.0,1.0,446.0,3466.0,923.0,348.0
Lake-1206926,638.0,3.0,0.0,51.0,13.0,728.0,151.0,3.0,76.0,8.0,5.0,0.0,65.0,1.0,0.0,0.0,0.0,19.0,2.0,99.0,0.0,171.0,1433.0,370.0,230.0
Lake-1206927,603.0,2.0,1.0,7.0,4.0,133.0,162.0,4.0,37.0,2.0,1.0,1.0,6.0,0.0,0.0,0.0,0.0,0.0,0.0,12.0,0.0,26.0,750.0,48.0,203.0
Lake-1206928,278.0,1.0,0.0,12.0,3.0,234.0,75.0,2.0,15.0,1.0,1.0,0.0,22.0,0.0,0.0,0.0,0.0,1.0,0.0,22.0,0.0,49.0,528.0,96.0,92.0
Lake-1206929,359.0,5.0,0.0,15.0,3.0,598.0,82.0,8.0,43.0,7.0,3.0,1.0,76.0,0.0,0.0,0.0,1.0,10.0,2.0,45.0,1.0,142.0,980.0,288.0,133.0
Lake-120693,235.0,1.0,3.0,17.0,6.0,781.0,0.0,0.0,0.0,0.0,0.0,0.0,0.0,0.0,0.0,0.0,0.0,0.0,0.0,0.0,0.0,0.0,1043.0,0.0,0.0
Lake-1206930,563.0,7.0,1.0,50.0,6.0,1324.0,131.0,11.0,83.0,10.0,8.0,0.0,133.0,0.0,0.0,0.0,1.0,36.0,0.0,217.0,0.0,349.0,1951.0,754.0,225.0
Lake-1206931,593.0,2.0,4.0,43.0,7.0,788.0,131.0,6.0,81.0,12.0,2.0,0.0,102.0,2.0,0.0,0.0,0.0,36.0,0.0,140.0,0.0,188.0,1437.0,482.0,218.0
Lake-1206932,965.0,5.0,2.0,70.0,13.0,2150.0,224.0,10.0,134.0,15.0,10.0,2.0,303.0,1.0,0.0,1.0,1.0,67.0,7.0,306.0,1.0,556.0,3205.0,1270.0,368.0
Lake-1206933,246.0,1.0,1.0,24.0,7.0,640.0,78.0,5.0,49.0,7.0,5.0,3.0,75.0,0.0,0.0,0.0,0.0,12.0,1.0,78.0,0.0,167.0,919.0,348.0,132.0
Lake-1206934,148.0,1.0,1.0,12.0,1.0,354.0,37.0,6.0,34.0,5.0,4.0,0.0,24.0,0.0,0.0,0.0,2.0,12.0,0.0,25.0,0.0,115.0,517.0,187.0,77.0
Lake-1206935,844.0,0.0,2.0,48.0,20.0,1219.0,123.0,8.0,70.0,6.0,10.0,0.0,60.0,0.0,0.0,1.0,1.0,22.0,0.0,63.0,0.0,158.0,2133.0,321.0,201.0
Lake-1206936,435.0,5.0,0.0,39.0,17.0,722.0,116.0,5.0,81.0,2.0,12.0,2.0,91.0,0.0,0.0,1.0,0.0,22.0,0.0,100.0,2.0,158.0,1218.0,390.0,202.0
Lake-1206937,403.0,2.0,2.0,25.0,6.0,769.0,139.0,9.0,97.0,8.0,3.0,1.0,80.0,0.0,0.0,0.0,0.0,35.0,1.0,124.0,0.0,244.0,1207.0,496.0,245.0
Lake-1206938,730.0,4.0,1.0,66.0,18.0,1435.0,117.0,9.0,116.0,15.0,6.0,0.0,158.0,0.0,0.0,0.0,1.0,48.0,8.0,196.0,0.0,352.0,2254.0,784.0,242.0
Lake-1206939,549.0,0.0,0.0,39.0,15.0,1049.0,160.0,9.0,79.0,8.0,6.0,1.0,118.0,1.0,0.0,0.0,3.0,39.0,0.0,134.0,0.0,296.0,1652.0,606.0,248.0
Lake-120694,377.0,4.0,3.0,32.0,9.0,1227.0,0.0,0.0,0.0,0.0,0.0,0.0,0.0,0.0,0.0,0.0,0.0,0.0,0.0,0.0,0.0,0.0,1652.0,0.0,0.0
Lake-1206940,305.0,2.0,0.0,11.0,5.0,450.0,163.0,3.0,128.0,8.0,1.0,0.0,103.0,3.0,0.0,1.0,0.0,35.0,0.0,113.0,1.0,241.0,773.0,506.0,294.0
Lake-1206941,105.0,0.0,2.0,12.0,3.0,285.0,54.0,4.0,41.0,1.0,1.0,1.0,70.0,0.0,0.0,0.0,0.0,12.0,0.0,48.0,0.0,170.0,407.0,303.0,99.0
Lake-1206942,726.0,6.0,4.0,46.0,11.0,1138.0,154.0,13.0,94.0,8.0,12.0,2.0,126.0,1.0,1.0,0.0,1.0,36.0,1.0,112.0,0.0,290.0,1931.0,590.0,261.0
Lake-1206943,1260.0,9.0,2.0,79.0,13.0,1435.0,311.0,16.0,130.0,20.0,12.0,4.0,174.0,0.0,0.0,0.0,1.0,46.0,2.0,175.0,0.0,315.0,2798.0,749.0,457.0
Lake-1206944,606.0,4.0,2.0,35.0,9.0,627.0,152.0,4.0,68.0,11.0,7.0,0.0,55.0,2.0,1.0,1.0,3.0,26.0,0.0,75.0,0.0,167.0,1283.0,348.0,224.0
Lake-1206945,588.0,1.0,1.0,38.0,9.0,877.0,135.0,6.0,66.0,5.0,5.0,0.0,92.0,1.0,0.0,0.0,1.0,23.0,1.0,116.0,1.0,219.0,1514.0,464.0,207.0
Lake-1206946,325.0,2.0,1.0,16.0,6.0,538.0,119.0,3.0,47.0,5.0,10.0,0.0,54.0,1.0,0.0,2.0,0.0,20.0,1.0,54.0,0.0,135.0,888.0,282.0,169.0
Lake-1206947,877.0,5.0,1.0,73.0,14.0,1610.0,218.0,10.0,122.0,10.0,7.0,0.0,157.0,1.0,0.0,0.0,0.0,41.0,1.0,161.0,0.0,369.0,2580.0,747.0,350.0
Lake-1206948,902.0,2.0,1.0,53.0,19.0,1206.0,222.0,8.0,125.0,14.0,17.0,1.0,139.0,0.0,0.0,0.0,1.0,26.0,1.0,108.0,0.0,318.0,2183.0,625.0,355.0
Lake-1206949,532.0,5.0,1.0,59.0,11.0,1321.0,130.0,11.0,97.0,5.0,8.0,1.0,126.0,2.0,0.0,0.0,1.0,31.0,2.0,133.0,0.0,337.0,1929.0,646.0,238.0
Lake-120695,413.0,0.0,2.0,54.0,10.0,1044.0,0.0,0.0,0.0,0.0,0.0,0.0,0.0,0.0,0.0,0.0,0.0,0.0,0.0,0.0,0.0,0.0,1523.0,0.0,0.0
Lake-1206950,371.0,0.0,0.0,16.0,5.0,272.0,88.0,1.0,27.0,5.0,2.0,1.0,22.0,0.0,1.0,1.0,0.0,3.0,0.0,23.0,0.0,60.0,664.0,118.0,116.0
Lake-1206951,135.0,1.0,0.0,9.0,1.0,287.0,48.0,5.0,41.0,5.0,1.0,0.0,26.0,0.0,0.0,0.0,2.0,10.0,0.0,41.0,0.0,89.0,433.0,174.0,94.0
Lake-1206952,869.0,1.0,3.0,37.0,12.0,862.0,178.0,4.0,65.0,2.0,8.0,2.0,91.0,1.0,0.0,0.0,1.0,12.0,0.0,93.0,0.0,179.0,1784.0,389.0,247.0
Lake-1206953,111.0,3.0,0.0,8.0,2.0,302.0,36.0,3.0,25.0,1.0,2.0,0.0,21.0,0.0,0.0,0.0,0.0,1.0,0.0,22.0,0.0,58.0,426.0,105.0,64.0
Lake-1206954,197.0,3.0,1.0,18.0,4.0,581.0,48.0,5.0,43.0,3.0,4.0,0.0,40.0,1.0,0.0,0.0,2.0,4.0,2.0,34.0,1.0,135.0,804.0,226.0,96.0
Lake-1206955,243.0,2.0,1.0,18.0,6.0,363.0,89.0,1.0,23.0,2.0,0.0,2.0,32.0,0.0,0.0,0.0,0.0,5.0,0.0,42.0,0.0,95.0,633.0,178.0,113.0
Lake-1206956,204.0,1.0,1.0,15.0,2.0,319.0,29.0,4.0,28.0,4.0,0.0,0.0,30.0,0.0,0.0,0.0,0.0,8.0,0.0,32.0,0.0,84.0,542.0,158.0,61.0
Lake-1206957,528.0,1.0,1.0,7.0,3.0,109.0,165.0,0.0,32.0,1.0,1.0,0.0,5.0,0.0,0.0,0.0,0.0,2.0,0.0,9.0,0.0,17.0,649.0,35.0,197.0
Lake-1206958,323.0,2.0,1.0,42.0,8.0,443.0,56.0,3.0,63.0,6.0,1.0,1.0,54.0,1.0,0.0,0.0,3.0,4.0,0.0,54.0,0.0,103.0,819.0,227.0,122.0
Lake-1206959,598.0,5.0,2.0,40.0,7.0,1334.0,144.0,13.0,88.0,26.0,4.0,4.0,126.0,0.0,0.0,0.0,0.0,27.0,0.0,121.0,0.0,355.0,1986.0,663.0,245.0
Lake-120696,950.0,3.0,0.0,54.0,26.0,979.0,0.0,0.0,0.0,0.0,0.0,0.0,0.0,0.0,0.0,0.0,0.0,0.0,0.0,0.0,0.0,0.0,2012.0,0.0,0.0
Lake-1206960,213.0,1.0,1.0,11.0,1.0,381.0,60.0,5.0,35.0,4.0,3.0,1.0,36.0,0.0,0.0,0.0,0.0,9.0,0.0,56.0,0.0,138.0,608.0,247.0,100.0
Lake-1206961,785.0,0.0,3.0,18.0,6.0,1723.0,278.0,8.0,128.0,22.0,1.0,0.0,190.0,5.0,0.0,0.0,0.0,81.0,1.0,316.0,1.0,522.0,2535.0,1139.0,414.0
Lake-1206962,385.0,4.0,1.0,27.0,10.0,1073.0,121.0,7.0,68.0,6.0,5.0,1.0,139.0,0.0,0.0,0.0,1.0,24.0,2.0,95.0,1.0,284.0,1500.0,558.0,196.0
Lake-1206963,297.0,0.0,0.0,14.0,2.0,535.0,114.0,4.0,47.0,5.0,2.0,0.0,44.0,0.0,0.0,0.0,1.0,11.0,0.0,62.0,0.0,156.0,848.0,281.0,165.0
Lake-1206964,238.0,0.0,0.0,0.0,0.0,36.0,89.0,0.0,10.0,5.0,1.0,0.0,4.0,0.0,0.0,1.0,1.0,1.0,0.0,6.0,0.0,9.0,274.0,28.0,99.0
Lake-1206965,758.0,6.0,1.0,30.0,10.0,1494.0,243.0,10.0,127.0,9.0,5.0,2.0,104.0,1.0,0.0,0.0,0.0,50.0,1.0,179.0,1.0,490.0,2299.0,842.0,380.0
Lake-1206966,470.0,0.0,0.0,22.0,17.0,542.0,130.0,3.0,107.0,9.0,2.0,1.0,49.0,0.0,0.0,1.0,1.0,39.0,1.0,77.0,1.0,150.0,1051.0,331.0,240.0
Lake-1206967,728.0,7.0,1.0,66.0,4.0,1821.0,183.0,16.0,92.0,22.0,13.0,2.0,206.0,0.0,0.0,0.0,1.0,41.0,1.0,234.0,1.0,443.0,2627.0,964.0,291.0
Lake-1206968,654.0,3.0,0.0,41.0,13.0,712.0,141.0,11.0,84.0,11.0,13.0,3.0,70.0,0.0,0.0,0.0,4.0,14.0,0.0,78.0,0.0,165.0,1423.0,358.0,236.0
Lake-1206969,145.0,1.0,0.0,9.0,4.0,383.0,67.0,8.0,23.0,5.0,0.0,0.0,44.0,0.0,0.0,0.0,0.0,19.0,0.0,46.0,0.0,132.0,542.0,246.0,98.0
Lake-120697,523.0,3.0,0.0,54.0,9.0,1642.0,0.0,0.0,0.0,0.0,0.0,0.0,0.0,0.0,0.0,0.0,0.0,0.0,0.0,0.0,0.0,0.0,2231.0,0.0,0.0
Lake-1206970,252.0,2.0,1.0,10.0,1.0,466.0,70.0,6.0,45.0,5.0,3.0,0.0,62.0,0.0,2.0,0.0,0.0,30.0,2.0,75.0,0.0,141.0,732.0,320.0,121.0
Lake-1206971,192.0,1.0,1.0,24.0,3.0,783.0,21.0,1.0,25.0,2.0,0.0,0.0,46.0,1.0,0.0,0.0,0.0,3.0,0.0,26.0,0.0,103.0,1004.0,181.0,47.0
Lake-1206972,330.0,1.0,0.0,17.0,6.0,675.0,119.0,4.0,56.0,5.0,2.0,1.0,19.0,0.0,0.0,0.0,0.0,13.0,0.0,79.0,0.0,185.0,1029.0,304.0,179.0
Lake-1206973,352.0,0.0,2.0,18.0,3.0,886.0,99.0,5.0,40.0,13.0,10.0,0.0,70.0,0.0,0.0,0.0,0.0,44.0,2.0,161.0,2.0,294.0,1261.0,596.0,144.0
Lake-1206974,390.0,1.0,2.0,13.0,2.0,807.0,136.0,6.0,82.0,7.0,2.0,1.0,91.0,0.0,0.0,0.0,2.0,45.0,2.0,134.0,0.0,294.0,1215.0,578.0,224.0
Lake-1206975,467.0,4.0,0.0,24.0,9.0,960.0,175.0,7.0,78.0,18.0,6.0,0.0,113.0,0.0,0.0,0.0,1.0,55.0,0.0,170.0,1.0,306.0,1464.0,670.0,260.0
Lake-1206976,123.0,1.0,0.0,7.0,0.0,178.0,34.0,1.0,21.0,4.0,6.0,2.0,21.0,0.0,0.0,0.0,0.0,22.0,0.0,42.0,0.0,50.0,309.0,147.0,56.0
Lake-1206977,106.0,2.0,1.0,13.0,0.0,187.0,44.0,4.0,11.0,10.0,1.0,1.0,34.0,0.0,0.0,0.0,2.0,20.0,0.0,44.0,1.0,58.0,309.0,171.0,59.0
Lake-1206978,965.0,5.0,1.0,33.0,5.0,1762.0,356.0,12.0,123.0,30.0,12.0,2.0,132.0,1.0,0.0,0.0,2.0,75.0,3.0,288.0,1.0,631.0,2771.0,1177.0,491.0
Lake-1206979,1857.0,15.0,4.0,120.0,18.0,2133.0,384.0,8.0,164.0,7.0,12.0,3.0,210.0,4.0,0.0,0.0,0.0,32.0,3.0,257.0,0.0,444.0,4147.0,972.0,556.0
Lake-120698,751.0,2.0,0.0,50.0,14.0,1649.0,0.0,0.0,0.0,0.0,0.0,0.0,0.0,0.0,0.0,0.0,0.0,0.0,0.0,0.0,0.0,0.0,2466.0,0.0,0.0
Lake-1206980,665.0,1.0,2.0,71.0,16.0,1241.0,173.0,8.0,85.0,6.0,5.0,0.0,156.0,0.0,0.0,0.0,0.0,18.0,0.0,123.0,0.0,294.0,1996.0,602.0,266.0
Lake-1206981,785.0,2.0,2.0,51.0,13.0,936.0,343.0,8.0,105.0,9.0,7.0,0.0,124.0,1.0,1.0,1.0,0.0,55.0,1.0,182.0,1.0,409.0,1789.0,791.0,456.0
Lake-1206982,1976.0,4.0,7.0,93.0,30.0,1185.0,340.0,5.0,246.0,11.0,3.0,0.0,101.0,0.0,1.0,2.0,1.0,16.0,1.0,82.0,1.0,225.0,3295.0,444.0,591.0
Lake-1206983,725.0,0.0,2.0,20.0,4.0,1374.0,321.0,11.0,111.0,17.0,6.0,1.0,155.0,1.0,0.0,0.0,2.0,66.0,1.0,218.0,0.0,456.0,2125.0,923.0,443.0
Lake-1206984,2311.0,5.0,3.0,103.0,37.0,1501.0,367.0,3.0,227.0,4.0,9.0,1.0,98.0,1.0,0.0,0.0,0.0,24.0,1.0,138.0,0.0,302.0,3960.0,578.0,597.0
Lake-1206985,340.0,3.0,2.0,7.0,2.0,689.0,114.0,7.0,53.0,6.0,2.0,0.0,55.0,0.0,0.0,0.0,0.0,20.0,1.0,76.0,0.0,182.0,1043.0,342.0,174.0
Lake-1206986,341.0,4.0,0.0,16.0,2.0,734.0,106.0,8.0,35.0,5.0,5.0,2.0,66.0,0.0,0.0,0.0,0.0,53.0,0.0,156.0,1.0,260.0,1097.0,548.0,149.0
Lake-1206987,1549.0,6.0,1.0,100.0,18.0,1903.0,367.0,7.0,174.0,10.0,11.0,0.0,172.0,0.0,0.0,0.0,0.0,50.0,1.0,252.0,0.0,443.0,3577.0,939.0,548.0
Lake-1206988,937.0,6.0,3.0,86.0,13.0,1815.0,214.0,3.0,96.0,11.0,14.0,2.0,187.0,2.0,0.0,0.0,0.0,58.0,1.0,191.0,1.0,432.0,2860.0,899.0,313.0
Lake-1206989,1755.0,17.0,3.0,71.0,20.0,1795.0,444.0,6.0,142.0,12.0,7.0,1.0,179.0,0.0,0.0,1.0,1.0,42.0,0.0,242.0,1.0,425.0,3661.0,911.0,592.0
Lake-120699,204.0,1.0,0.0,29.0,5.0,735.0,0.0,0.0,0.0,0.0,0.0,0.0,0.0,0.0,0.0,0.0,0.0,0.0,0.0,0.0,0.0,0.0,974.0,0.0,0.0
Lake-1206990,307.0,0.0,2.0,19.0,8.0,448.0,191.0,6.0,107.0,6.0,3.0,0.0,112.0,1.0,0.0,0.0,1.0,17.0,1.0,119.0,0.0,204.0,784.0,464.0,304.0
Lake-1206991,256.0,5.0,0.0,15.0,7.0,847.0,80.0,5.0,41.0,2.0,8.0,0.0,84.0,0.0,0.0,0.0,0.0,9.0,0.0,70.0,1.0,233.0,1130.0,407.0,126.0
Lake-1206992,368.0,4.0,1.0,31.0,4.0,1135.0,87.0,6.0,58.0,5.0,0.0,0.0,129.0,2.0,0.0,0.0,0.0,29.0,1.0,111.0,0.0,313.0,1543.0,590.0,151.0
Lake-1206993,796.0,5.0,2.0,62.0,19.0,1670.0,225.0,7.0,108.0,13.0,8.0,4.0,229.0,1.0,0.0,0.0,1.0,43.0,0.0,207.0,0.0,411.0,2554.0,917.0,340.0
Lake-1206994,469.0,2.0,3.0,47.0,11.0,1527.0,105.0,7.0,82.0,11.0,4.0,1.0,122.0,2.0,0.0,0.0,0.0,51.0,1.0,188.0,0.0,474.0,2059.0,854.0,194.0
Lake-1206995,648.0,3.0,1.0,37.0,13.0,727.0,0.0,1.0,1.0,0.0,0.0,0.0,3.0,0.0,0.0,0.0,0.0,0.0,0.0,0.0,0.0,5.0,1429.0,8.0,2.0
Lake-1206996,351.0,0.0,1.0,13.0,3.0,716.0,97.0,6.0,55.0,8.0,4.0,0.0,51.0,3.0,0.0,0.0,1.0,31.0,0.0,88.0,0.0,229.0,1084.0,415.0,158.0
Lake-1206997,1711.0,9.0,3.0,75.0,23.0,1268.0,360.0,2.0,169.0,6.0,4.0,2.0,131.0,0.0,0.0,0.0,0.0,35.0,2.0,133.0,0.0,221.0,3089.0,534.0,531.0
Lake-1206998,137.0,0.0,0.0,8.0,0.0,189.0,43.0,0.0,17.0,7.0,1.0,0.0,18.0,1.0,0.0,0.0,0.0,30.0,0.0,38.0,0.0,57.0,334.0,152.0,60.0
Lake-1206999,358.0,0.0,0.0,20.0,1.0,717.0,134.0,4.0,59.0,1.0,3.0,1.0,89.0,0.0,0.0,0.0,1.0,33.0,0.0,118.0,0.0,251.0,1096.0,497.0,197.0
Lee-120711 PCT. 001,369.0,3.0,0.0,31.0,12.0,1399.0,85.0,12.0,91.0,18.0,17.0,0.0,179.0,0.0,0.0,0.0,1.0,31.0,4.0,125.0,0.0,426.0,1814.0,801.0,188.0
Lee-1207110 PCT. 010,866.0,0.0,0.0,67.0,10.0,1279.0,128.0,2.0,92.0,14.0,7.0,0.0,106.0,2.0,0.0,0.0,0.0,76.0,1.0,182.0,0.0,316.0,2222.0,704.0,222.0
Lee-12071100 PCT. 100,921.0,5.0,0.0,53.0,11.0,1547.0,296.0,5.0,116.0,55.0,8.0,3.0,114.0,0.0,0.0,0.0,2.0,72.0,2.0,216.0,0.0,518.0,2537.0,990.0,417.0
Lee-12071101 PCT. 101,741.0,0.0,1.0,57.0,8.0,1810.0,190.0,6.0,93.0,22.0,8.0,1.0,160.0,1.0,0.0,0.0,0.0,79.0,4.0,239.0,1.0,592.0,2617.0,1107.0,289.0
Lee-12071102 PCT. 102,935.0,3.0,1.0,55.0,10.0,2307.0,218.0,5.0,125.0,23.0,7.0,1.0,195.0,1.0,0.0,0.0,0.0,87.0,1.0,276.0,1.0,789.0,3311.0,1381.0,348.0
Lee-12071103 PCT. 103,1273.0,6.0,2.0,90.0,26.0,1952.0,242.0,11.0,182.0,14.0,16.0,0.0,161.0,1.0,0.0,0.0,2.0,42.0,0.0,153.0,0.0,500.0,3349.0,889.0,435.0
Lee-12071104 PCT. 104,1085.0,4.0,7.0,54.0,33.0,1805.0,216.0,13.0,151.0,19.0,5.0,1.0,154.0,1.0,0.0,2.0,2.0,41.0,1.0,132.0,1.0,459.0,2988.0,818.0,380.0
Lee-12071105 PCT. 105,1084.0,5.0,8.0,69.0,30.0,1696.0,201.0,15.0,156.0,18.0,15.0,0.0,138.0,1.0,0.0,0.0,0.0,37.0,2.0,154.0,1.0,408.0,2892.0,774.0,372.0
Lee-12071106 PCT. 106,1102.0,4.0,3.0,52.0,16.0,1594.0,236.0,11.0,140.0,19.0,9.0,0.0,129.0,0.0,0.0,0.0,0.0,41.0,1.0,180.0,1.0,453.0,2771.0,833.0,387.0
Lee-12071107 PCT. 107,1133.0,4.0,2.0,71.0,23.0,2422.0,251.0,8.0,135.0,17.0,8.0,5.0,226.0,0.0,0.0,0.0,0.0,104.0,2.0,267.0,0.0,691.0,3655.0,1320.0,394.0
Lee-12071108 PCT. 108,1344.0,3.0,5.0,69.0,22.0,1685.0,260.0,9.0,176.0,30.0,13.0,2.0,163.0,2.0,0.0,1.0,0.0,37.0,0.0,146.0,0.0,416.0,3128.0,810.0,445.0
Lee-12071109 PCT. 109,1161.0,3.0,3.0,69.0,30.0,1598.0,213.0,7.0,154.0,23.0,14.0,2.0,150.0,0.0,0.0,1.0,1.0,30.0,2.0,121.0,0.0,390.0,2864.0,734.0,374.0
Lee-1207111 PCT. 011,1044.0,4.0,0.0,57.0,11.0,1469.0,309.0,9.0,140.0,62.0,20.0,0.0,149.0,1.0,0.0,0.0,1.0,97.0,2.0,257.0,0.0,471.0,2585.0,1060.0,458.0
Lee-12071110 PCT. 110,1011.0,4.0,7.0,50.0,20.0,1246.0,185.0,11.0,123.0,16.0,14.0,1.0,116.0,0.0,0.0,0.0,0.0,23.0,0.0,83.0,1.0,255.0,2338.0,509.0,319.0
Lee-12071111 PCT. 111,710.0,5.0,8.0,48.0,20.0,1094.0,111.0,3.0,104.0,10.0,8.0,0.0,129.0,1.0,0.0,0.0,2.0,19.0,1.0,74.0,0.0,234.0,1885.0,478.0,218.0
Lee-12071112 PCT. 112,1202.0,11.0,6.0,67.0,31.0,2196.0,262.0,7.0,159.0,15.0,8.0,0.0,213.0,2.0,0.0,0.0,1.0,37.0,2.0,151.0,0.0,548.0,3513.0,977.0,428.0
Lee-12071113 PCT. 113,1099.0,4.0,2.0,56.0,19.0,1478.0,169.0,3.0,144.0,11.0,12.0,1.0,138.0,0.0,0.0,0.0,0.0,19.0,4.0,104.0,0.0,321.0,2658.0,610.0,316.0
Lee-12071114 PCT. 114,1150.0,1.0,3.0,77.0,26.0,1503.0,230.0,8.0,136.0,22.0,9.0,3.0,150.0,1.0,0.0,0.0,1.0,27.0,2.0,157.0,2.0,349.0,2760.0,723.0,374.0
Lee-12071115 PCT. 115,1217.0,8.0,2.0,68.0,34.0,2080.0,241.0,7.0,177.0,19.0,8.0,1.0,172.0,1.0,0.0,1.0,0.0,38.0,3.0,156.0,0.0,446.0,3409.0,845.0,425.0
Lee-12071116 PCT. 116,1049.0,9.0,0.0,72.0,28.0,1711.0,215.0,12.0,115.0,18.0,14.0,2.0,174.0,4.0,0.0,0.0,1.0,47.0,1.0,152.0,0.0,374.0,2869.0,787.0,342.0
Lee-12071117 PCT. 117,783.0,1.0,3.0,40.0,8.0,926.0,232.0,2.0,88.0,28.0,10.0,1.0,110.0,1.0,0.0,0.0,0.0,118.0,0.0,225.0,0.0,254.0,1761.0,747.0,322.0
Lee-12071118 PCT. 118,1056.0,8.0,1.0,78.0,19.0,1784.0,209.0,12.0,155.0,44.0,7.0,1.0,261.0,0.0,0.0,0.0,0.0,84.0,0.0,249.0,0.0,458.0,2946.0,1104.0,376.0
Lee-12071119 PCT. 119,670.0,2.0,2.0,34.0,8.0,1716.0,174.0,9.0,83.0,38.0,4.0,3.0,194.0,0.0,0.0,0.0,0.0,175.0,1.0,374.0,0.0,561.0,2432.0,1350.0,266.0
Lee-1207112 PCT. 012,774.0,2.0,1.0,57.0,11.0,1426.0,227.0,7.0,80.0,24.0,8.0,1.0,112.0,2.0,0.0,0.0,2.0,81.0,0.0,226.0,1.0,398.0,2271.0,855.0,314.0
Lee-12071120 PCT. 120,1047.0,7.0,3.0,83.0,32.0,1475.0,152.0,9.0,129.0,19.0,11.0,1.0,138.0,3.0,1.0,0.0,2.0,23.0,3.0,95.0,1.0,325.0,2647.0,622.0,290.0
Lee-12071121 PCT. 121,887.0,2.0,1.0,85.0,14.0,1756.0,169.0,6.0,99.0,31.0,14.0,1.0,191.0,0.0,0.0,0.0,0.0,107.0,1.0,243.0,0.0,450.0,2745.0,1038.0,274.0
Lee-12071122 PCT. 122,1066.0,4.0,1.0,67.0,9.0,1913.0,308.0,12.0,141.0,29.0,9.0,1.0,182.0,0.0,0.0,0.0,0.0,108.0,1.0,255.0,0.0,558.0,3060.0,1143.0,461.0
Lee-12071123 PCT. 123,920.0,3.0,1.0,53.0,8.0,1810.0,201.0,4.0,94.0,30.0,12.0,2.0,177.0,1.0,0.0,0.0,2.0,158.0,1.0,339.0,1.0,500.0,2795.0,1223.0,299.0
Lee-12071124 PCT. 124,1161.0,1.0,1.0,66.0,17.0,2021.0,247.0,7.0,125.0,19.0,9.0,2.0,141.0,2.0,0.0,0.0,0.0,103.0,1.0,242.0,1.0,549.0,3267.0,1069.0,379.0
Lee-12071125 PCT. 125,848.0,1.0,1.0,49.0,2.0,2159.0,213.0,6.0,55.0,43.0,3.0,2.0,184.0,0.0,1.0,0.0,0.0,303.0,1.0,545.0,1.0,590.0,3060.0,1673.0,274.0
Lee-12071126 PCT. 126,695.0,0.0,1.0,43.0,5.0,813.0,185.0,4.0,77.0,24.0,10.0,0.0,67.0,1.0,0.0,0.0,2.0,99.0,0.0,208.0,0.0,242.0,1557.0,653.0,266.0
Lee-12071127 PCT. 127,301.0,0.0,0.0,21.0,9.0,567.0,96.0,12.0,69.0,8.0,2.0,1.0,47.0,0.0,0.0,0.0,0.0,42.0,4.0,107.0,0.0,217.0,898.0,428.0,177.0
Lee-1207113 PCT. 013,1176.0,5.0,3.0,65.0,28.0,1756.0,239.0,12.0,204.0,26.0,12.0,2.0,189.0,4.0,1.0,0.0,1.0,55.0,2.0,168.0,1.0,442.0,3033.0,903.0,455.0
Lee-1207114 PCT. 014,436.0,3.0,3.0,23.0,12.0,633.0,116.0,9.0,67.0,16.0,5.0,2.0,61.0,1.0,0.0,0.0,0.0,30.0,2.0,61.0,0.0,185.0,1110.0,363.0,192.0
Lee-1207115 PCT. 015,785.0,1.0,2.0,51.0,12.0,1531.0,225.0,12.0,171.0,26.0,7.0,0.0,132.0,1.0,1.0,0.0,0.0,63.0,3.0,167.0,0.0,533.0,2382.0,933.0,408.0
Lee-1207116 PCT. 016,693.0,1.0,2.0,24.0,7.0,700.0,225.0,0.0,77.0,20.0,3.0,0.0,63.0,0.0,0.0,0.0,0.0,97.0,2.0,188.0,0.0,178.0,1427.0,551.0,302.0
Lee-1207117 PCT. 017,90.0,0.0,0.0,6.0,2.0,151.0,16.0,0.0,12.0,5.0,0.0,0.0,10.0,0.0,0.0,0.0,0.0,14.0,0.0,41.0,0.0,39.0,249.0,109.0,28.0
Lee-1207118 PCT. 018,284.0,0.0,0.0,24.0,4.0,559.0,52.0,0.0,19.0,19.0,2.0,0.0,29.0,1.0,0.0,0.0,0.0,145.0,2.0,221.0,0.0,135.0,871.0,554.0,71.0
Lee-1207119 PCT. 019,83.0,1.0,0.0,3.0,1.0,277.0,63.0,1.0,44.0,6.0,6.0,0.0,84.0,0.0,0.0,0.0,2.0,3.0,0.0,34.0,0.0,132.0,365.0,267.0,108.0
Lee-120712 PCT. 002,908.0,12.0,4.0,59.0,32.0,1729.0,167.0,15.0,135.0,27.0,14.0,1.0,188.0,0.0,0.0,0.0,1.0,40.0,5.0,131.0,0.0,414.0,2744.0,821.0,317.0
Lee-1207120 PCT. 020,1237.0,4.0,0.0,61.0,22.0,1440.0,299.0,5.0,130.0,57.0,7.0,2.0,105.0,2.0,0.0,0.0,1.0,84.0,3.0,166.0,1.0,392.0,2764.0,820.0,434.0
Lee-1207121 PCT. 021,617.0,3.0,0.0,48.0,18.0,1198.0,157.0,12.0,115.0,15.0,11.0,2.0,137.0,0.0,0.0,0.0,1.0,37.0,3.0,142.0,0.0,394.0,1884.0,742.0,284.0
Lee-1207122 PCT. 022,743.0,1.0,0.0,40.0,4.0,1581.0,222.0,10.0,110.0,35.0,12.0,1.0,112.0,0.0,0.0,0.0,0.0,62.0,1.0,202.0,0.0,504.0,2369.0,929.0,342.0
Lee-1207123 PCT. 023,721.0,4.0,1.0,28.0,12.0,1259.0,199.0,6.0,100.0,33.0,2.0,0.0,105.0,2.0,0.0,1.0,1.0,88.0,1.0,176.0,0.0,434.0,2025.0,843.0,305.0
Lee-1207124 PCT. 024,676.0,2.0,3.0,36.0,7.0,1418.0,148.0,4.0,47.0,18.0,13.0,4.0,117.0,1.0,0.0,0.0,1.0,120.0,2.0,251.0,0.0,416.0,2142.0,943.0,199.0
Lee-1207125 PCT. 025,1039.0,3.0,3.0,54.0,7.0,1870.0,232.0,12.0,121.0,29.0,4.0,0.0,165.0,1.0,0.0,0.0,1.0,113.0,0.0,279.0,1.0,543.0,2976.0,1136.0,365.0
Lee-1207126 PCT. 026,973.0,5.0,3.0,50.0,18.0,1419.0,303.0,8.0,140.0,28.0,18.0,0.0,190.0,0.0,0.0,0.0,2.0,26.0,1.0,122.0,1.0,362.0,2468.0,750.0,451.0
Lee-1207127 PCT. 027,579.0,3.0,0.0,40.0,8.0,1512.0,155.0,3.0,50.0,29.0,1.0,0.0,144.0,0.0,0.0,0.0,0.0,125.0,0.0,266.0,0.0,524.0,2142.0,1089.0,208.0
Lee-1207128 PCT. 028,1041.0,4.0,2.0,72.0,17.0,1765.0,228.0,8.0,157.0,36.0,13.0,1.0,188.0,0.0,0.0,0.0,0.0,26.0,2.0,165.0,1.0,490.0,2901.0,922.0,393.0
Lee-1207129 PCT. 029,1062.0,7.0,2.0,63.0,16.0,1779.0,212.0,6.0,125.0,21.0,11.0,2.0,152.0,0.0,0.0,2.0,0.0,33.0,1.0,164.0,1.0,419.0,2929.0,806.0,343.0
Lee-120713 PCT. 003,1435.0,8.0,2.0,44.0,16.0,988.0,227.0,2.0,118.0,13.0,5.0,0.0,125.0,0.0,0.0,0.0,0.0,14.0,0.0,82.0,1.0,185.0,2493.0,425.0,347.0
Lee-1207130 PCT. 030,629.0,4.0,0.0,39.0,6.0,1108.0,204.0,10.0,101.0,24.0,10.0,0.0,89.0,2.0,0.0,0.0,1.0,37.0,1.0,130.0,0.0,333.0,1786.0,627.0,315.0
Lee-1207131 PCT. 031,1019.0,9.0,2.0,85.0,16.0,1230.0,223.0,18.0,192.0,32.0,10.0,2.0,164.0,0.0,0.0,1.0,0.0,65.0,3.0,164.0,0.0,298.0,2361.0,739.0,433.0
Lee-1207132 PCT. 032,2238.0,6.0,4.0,46.0,20.0,774.0,451.0,6.0,163.0,18.0,10.0,0.0,59.0,0.0,0.0,1.0,1.0,17.0,1.0,46.0,0.0,136.0,3088.0,289.0,620.0
Lee-1207133 PCT. 033,721.0,5.0,1.0,40.0,14.0,1186.0,166.0,7.0,86.0,37.0,9.0,0.0,178.0,1.0,0.0,0.0,2.0,32.0,1.0,128.0,1.0,314.0,1967.0,703.0,259.0
Lee-1207134 PCT. 034,1019.0,6.0,4.0,71.0,29.0,1581.0,133.0,9.0,198.0,21.0,11.0,0.0,182.0,0.0,0.0,0.0,0.0,32.0,1.0,113.0,0.0,306.0,2710.0,666.0,340.0
Lee-1207135 PCT. 035,932.0,6.0,2.0,47.0,22.0,1769.0,195.0,11.0,156.0,44.0,6.0,2.0,139.0,0.0,2.0,1.0,1.0,70.0,1.0,177.0,1.0,540.0,2778.0,984.0,362.0
Lee-1207136 PCT. 036,2179.0,11.0,0.0,109.0,14.0,4091.0,574.0,7.0,249.0,42.0,12.0,3.0,371.0,0.0,0.0,0.0,0.0,206.0,3.0,609.0,0.0,1155.0,6404.0,2401.0,830.0
Lee-1207137 PCT. 037,665.0,2.0,2.0,39.0,16.0,1187.0,211.0,10.0,88.0,33.0,11.0,2.0,115.0,1.0,1.0,0.0,1.0,46.0,0.0,164.0,1.0,342.0,1911.0,717.0,309.0
Lee-1207138 PCT. 038,958.0,10.0,3.0,52.0,24.0,1676.0,257.0,25.0,133.0,27.0,6.0,1.0,130.0,0.0,0.0,0.0,1.0,31.0,2.0,122.0,0.0,442.0,2723.0,762.0,415.0
Lee-1207139 PCT. 039,870.0,11.0,1.0,62.0,17.0,1812.0,234.0,13.0,164.0,39.0,13.0,1.0,195.0,1.0,0.0,0.0,0.0,62.0,3.0,218.0,0.0,507.0,2773.0,1039.0,411.0
Lee-120714 PCT. 004,1464.0,4.0,2.0,49.0,18.0,1020.0,266.0,5.0,127.0,14.0,10.0,0.0,136.0,1.0,0.0,0.0,0.0,24.0,0.0,109.0,1.0,179.0,2557.0,474.0,398.0
Lee-1207140 PCT. 040,853.0,3.0,1.0,32.0,6.0,1554.0,266.0,4.0,63.0,47.0,14.0,4.0,155.0,1.0,0.0,0.0,1.0,252.0,1.0,469.0,0.0,533.0,2449.0,1477.0,333.0
Lee-1207141 PCT. 041,674.0,4.0,1.0,34.0,9.0,1196.0,173.0,9.0,93.0,24.0,12.0,0.0,117.0,3.0,0.0,0.0,1.0,38.0,2.0,106.0,0.0,307.0,1918.0,610.0,275.0
Lee-1207142 PCT. 042,1483.0,8.0,2.0,50.0,15.0,975.0,218.0,3.0,113.0,8.0,7.0,1.0,108.0,1.0,0.0,0.0,1.0,27.0,0.0,107.0,0.0,264.0,2533.0,524.0,334.0
Lee-1207143 PCT. 043,672.0,1.0,2.0,36.0,5.0,2002.0,172.0,3.0,55.0,69.0,7.0,1.0,230.0,0.0,0.0,0.0,0.0,314.0,1.0,590.0,1.0,492.0,2718.0,1705.0,230.0
Lee-1207144 PCT. 044,1185.0,2.0,0.0,60.0,11.0,2210.0,320.0,10.0,134.0,35.0,21.0,1.0,200.0,1.0,0.0,0.0,1.0,137.0,2.0,317.0,0.0,627.0,3468.0,1342.0,464.0
Lee-1207145 PCT. 045,567.0,5.0,1.0,36.0,8.0,1414.0,157.0,9.0,105.0,19.0,13.0,1.0,190.0,0.0,0.0,0.0,1.0,14.0,0.0,123.0,0.0,368.0,2031.0,729.0,271.0
Lee-1207146 PCT. 046,1570.0,8.0,2.0,105.0,36.0,1569.0,302.0,7.0,234.0,30.0,13.0,3.0,206.0,2.0,1.0,1.0,0.0,100.0,5.0,251.0,0.0,396.0,3290.0,1008.0,543.0
Lee-1207147 PCT. 047,1654.0,10.0,2.0,89.0,36.0,1481.0,257.0,4.0,204.0,41.0,13.0,2.0,174.0,2.0,0.0,0.0,3.0,65.0,3.0,193.0,0.0,311.0,3272.0,807.0,465.0
Lee-1207148 PCT. 048,1352.0,8.0,1.0,93.0,30.0,1455.0,315.0,12.0,228.0,46.0,20.0,1.0,158.0,3.0,0.0,0.0,5.0,82.0,7.0,224.0,0.0,414.0,2939.0,960.0,555.0
Lee-1207149 PCT. 049,778.0,3.0,1.0,63.0,20.0,1589.0,194.0,3.0,108.0,27.0,12.0,1.0,134.0,2.0,0.0,0.0,0.0,98.0,0.0,192.0,1.0,477.0,2454.0,944.0,305.0
Lee-120715 PCT. 005,790.0,5.0,3.0,60.0,16.0,1999.0,206.0,13.0,122.0,34.0,12.0,1.0,247.0,1.0,0.0,0.0,2.0,97.0,1.0,285.0,0.0,600.0,2873.0,1280.0,341.0
Lee-1207150 PCT. 050,1327.0,6.0,3.0,50.0,21.0,1318.0,198.0,11.0,96.0,14.0,4.0,0.0,104.0,0.0,0.0,0.0,2.0,22.0,0.0,79.0,0.0,215.0,2725.0,440.0,305.0
Lee-1207151 PCT. 051,1845.0,4.0,6.0,65.0,29.0,1056.0,223.0,3.0,147.0,11.0,3.0,0.0,93.0,0.0,0.0,2.0,1.0,20.0,3.0,63.0,1.0,194.0,3005.0,391.0,373.0
Lee-1207152 PCT. 052,1370.0,9.0,7.0,57.0,10.0,1127.0,283.0,11.0,123.0,29.0,12.0,0.0,109.0,1.0,0.0,0.0,3.0,20.0,1.0,93.0,2.0,230.0,2580.0,500.0,417.0
Lee-1207153 PCT. 053,1367.0,7.0,6.0,58.0,30.0,1325.0,216.0,10.0,127.0,25.0,7.0,0.0,129.0,0.0,1.0,0.0,1.0,16.0,1.0,64.0,0.0,251.0,2793.0,495.0,353.0
Lee-1207154 PCT. 054,224.0,2.0,3.0,23.0,9.0,868.0,69.0,4.0,46.0,11.0,7.0,1.0,136.0,0.0,0.0,0.0,0.0,22.0,1.0,87.0,0.0,222.0,1129.0,487.0,119.0
Lee-1207155 PCT. 055,1153.0,4.0,2.0,59.0,16.0,2121.0,227.0,7.0,140.0,19.0,10.0,0.0,230.0,1.0,0.0,0.0,3.0,48.0,0.0,158.0,0.0,553.0,3355.0,1022.0,374.0
Lee-1207156 PCT. 056,1107.0,5.0,1.0,97.0,19.0,1447.0,210.0,5.0,145.0,14.0,6.0,0.0,143.0,2.0,0.0,0.0,3.0,11.0,1.0,102.0,0.0,258.0,2676.0,540.0,360.0
Lee-1207157 PCT. 057,857.0,1.0,1.0,67.0,19.0,2286.0,206.0,6.0,105.0,35.0,17.0,1.0,230.0,0.0,0.0,0.0,3.0,103.0,0.0,310.0,0.0,783.0,3231.0,1482.0,317.0
Lee-1207158 PCT. 058,1161.0,13.0,3.0,51.0,17.0,1052.0,262.0,6.0,134.0,21.0,16.0,1.0,99.0,0.0,0.0,1.0,1.0,17.0,1.0,83.0,0.0,247.0,2297.0,487.0,402.0
Lee-1207159 PCT. 059,1299.0,4.0,7.0,59.0,26.0,1168.0,220.0,6.0,180.0,20.0,11.0,2.0,124.0,1.0,0.0,0.0,1.0,54.0,1.0,175.0,0.0,257.0,2563.0,646.0,406.0
Lee-120716 PCT. 006,723.0,5.0,6.0,22.0,15.0,614.0,140.0,2.0,76.0,11.0,6.0,0.0,58.0,0.0,0.0,0.0,1.0,12.0,1.0,52.0,1.0,166.0,1385.0,308.0,218.0
Lee-1207160 PCT. 060,695.0,2.0,1.0,57.0,4.0,1449.0,166.0,8.0,80.0,21.0,8.0,2.0,122.0,0.0,0.0,0.0,0.0,84.0,1.0,242.0,0.0,387.0,2208.0,867.0,254.0
Lee-1207161 PCT. 061,1173.0,3.0,3.0,65.0,21.0,1463.0,211.0,18.0,143.0,23.0,9.0,0.0,144.0,0.0,1.0,0.0,3.0,42.0,4.0,165.0,0.0,356.0,2728.0,747.0,372.0
Lee-1207162 PCT. 062,1026.0,7.0,5.0,99.0,34.0,1470.0,147.0,8.0,150.0,16.0,6.0,1.0,174.0,0.0,0.0,0.0,1.0,40.0,6.0,135.0,0.0,304.0,2641.0,683.0,305.0
Lee-1207163 PCT. 063,805.0,8.0,4.0,49.0,22.0,1480.0,177.0,10.0,145.0,36.0,15.0,3.0,144.0,1.0,0.0,0.0,0.0,46.0,2.0,149.0,0.0,399.0,2368.0,795.0,332.0
Lee-1207164 PCT. 064,1101.0,8.0,2.0,72.0,29.0,2306.0,272.0,8.0,146.0,35.0,25.0,2.0,280.0,1.0,0.0,0.0,1.0,92.0,4.0,275.0,0.0,637.0,3518.0,1352.0,426.0
Lee-1207165 PCT. 065,1077.0,2.0,1.0,49.0,9.0,2047.0,424.0,14.0,105.0,50.0,16.0,6.0,158.0,0.0,0.0,0.0,1.0,111.0,3.0,321.0,1.0,630.0,3185.0,1297.0,543.0
Lee-1207166 PCT. 066,476.0,1.0,0.0,37.0,10.0,814.0,47.0,1.0,51.0,6.0,3.0,0.0,58.0,1.0,0.0,0.0,0.0,40.0,2.0,108.0,0.0,243.0,1338.0,461.0,99.0
Lee-1207167 PCT. 067,554.0,12.0,0.0,60.0,17.0,2163.0,145.0,15.0,109.0,28.0,27.0,0.0,274.0,1.0,2.0,0.0,0.0,51.0,2.0,172.0,0.0,570.0,2806.0,1127.0,269.0
Lee-1207168 PCT. 068,810.0,7.0,5.0,58.0,18.0,1662.0,213.0,21.0,144.0,30.0,16.0,0.0,154.0,1.0,0.0,0.0,3.0,22.0,3.0,123.0,0.0,441.0,2560.0,793.0,378.0
Lee-1207169 PCT. 069,1016.0,4.0,1.0,56.0,9.0,2371.0,223.0,4.0,90.0,19.0,5.0,0.0,193.0,1.0,0.0,0.0,1.0,110.0,0.0,296.0,1.0,578.0,3457.0,1204.0,317.0
Lee-120717 PCT. 007,1971.0,6.0,5.0,27.0,20.0,403.0,468.0,12.0,129.0,8.0,5.0,2.0,35.0,1.0,0.0,1.0,0.0,7.0,1.0,28.0,0.0,89.0,2432.0,177.0,609.0
Lee-1207170 PCT. 070,1156.0,2.0,1.0,65.0,14.0,1807.0,292.0,7.0,135.0,43.0,11.0,1.0,158.0,1.0,0.0,0.0,0.0,106.0,2.0,283.0,0.0,494.0,3045.0,1099.0,434.0
Lee-1207171 PCT. 071,880.0,3.0,1.0,59.0,13.0,1334.0,252.0,6.0,96.0,24.0,3.0,1.0,137.0,0.0,0.0,0.0,0.0,80.0,1.0,216.0,0.0,393.0,2290.0,855.0,354.0
Lee-1207172 PCT. 072,880.0,7.0,4.0,57.0,16.0,1579.0,194.0,2.0,88.0,14.0,3.0,1.0,153.0,0.0,0.0,0.0,0.0,75.0,3.0,205.0,0.0,441.0,2543.0,895.0,284.0
Lee-1207173 PCT. 073,1185.0,3.0,5.0,76.0,28.0,1601.0,280.0,8.0,163.0,29.0,7.0,2.0,160.0,1.0,0.0,0.0,0.0,84.0,6.0,198.0,2.0,417.0,2898.0,906.0,451.0
Lee-1207174 PCT. 074,1002.0,4.0,1.0,65.0,18.0,1787.0,256.0,3.0,124.0,51.0,7.0,4.0,187.0,1.0,1.0,0.0,1.0,110.0,1.0,270.0,0.0,546.0,2877.0,1179.0,383.0
Lee-1207175 PCT. 075,1233.0,7.0,0.0,78.0,16.0,2281.0,255.0,9.0,143.0,27.0,17.0,1.0,280.0,0.0,0.0,0.0,1.0,87.0,5.0,280.0,1.0,594.0,3615.0,1293.0,407.0
Lee-1207176 PCT. 076,692.0,1.0,1.0,48.0,13.0,1040.0,144.0,4.0,77.0,20.0,10.0,0.0,122.0,0.0,0.0,0.0,0.0,37.0,1.0,150.0,0.0,261.0,1795.0,601.0,225.0
Lee-1207177 PCT. 077,1164.0,7.0,3.0,44.0,20.0,1440.0,294.0,9.0,157.0,27.0,14.0,0.0,157.0,0.0,0.0,1.0,1.0,41.0,3.0,131.0,0.0,403.0,2678.0,778.0,460.0
Lee-1207178 PCT. 078,1466.0,7.0,7.0,65.0,27.0,1530.0,282.0,17.0,138.0,18.0,18.0,1.0,194.0,0.0,0.0,0.0,0.0,21.0,0.0,130.0,0.0,291.0,3102.0,673.0,437.0
Lee-1207179 PCT. 079,1266.0,6.0,2.0,65.0,20.0,1765.0,372.0,13.0,192.0,56.0,16.0,1.0,214.0,2.0,0.0,1.0,0.0,112.0,0.0,252.0,1.0,551.0,3124.0,1206.0,577.0
Lee-120718 PCT. 008,1889.0,2.0,8.0,44.0,17.0,728.0,466.0,4.0,146.0,14.0,8.0,0.0,49.0,1.0,1.0,0.0,1.0,18.0,0.0,82.0,0.0,209.0,2688.0,383.0,616.0
Lee-1207180 PCT. 080,643.0,0.0,0.0,31.0,10.0,1197.0,145.0,7.0,56.0,16.0,8.0,1.0,89.0,0.0,0.0,0.0,0.0,87.0,1.0,220.0,0.0,366.0,1881.0,788.0,208.0
Lee-1207181 PCT. 081,602.0,3.0,0.0,40.0,7.0,1317.0,171.0,6.0,55.0,13.0,3.0,1.0,85.0,0.0,0.0,0.0,0.0,100.0,0.0,228.0,0.0,436.0,1969.0,866.0,232.0
Lee-1207182 PCT. 082,444.0,0.0,2.0,21.0,10.0,661.0,135.0,6.0,74.0,3.0,6.0,1.0,57.0,0.0,0.0,0.0,1.0,42.0,0.0,91.0,0.0,206.0,1138.0,407.0,215.0
Lee-1207183 PCT. 083,757.0,4.0,2.0,42.0,5.0,1316.0,266.0,1.0,83.0,96.0,35.0,3.0,136.0,1.0,0.0,0.0,0.0,165.0,2.0,411.0,0.0,404.0,2126.0,1253.0,350.0
Lee-1207184 PCT. 084,1043.0,6.0,0.0,58.0,26.0,1561.0,244.0,11.0,159.0,32.0,7.0,2.0,148.0,2.0,0.0,0.0,0.0,93.0,3.0,195.0,1.0,445.0,2694.0,928.0,414.0
Lee-1207185 PCT. 085,795.0,0.0,1.0,43.0,6.0,1328.0,158.0,7.0,116.0,25.0,10.0,3.0,178.0,0.0,0.0,0.0,2.0,38.0,1.0,147.0,0.0,330.0,2173.0,734.0,281.0
Lee-1207186 PCT. 086,1091.0,7.0,1.0,69.0,14.0,2115.0,264.0,4.0,169.0,37.0,16.0,3.0,245.0,2.0,1.0,0.0,1.0,133.0,3.0,313.0,0.0,669.0,3297.0,1423.0,437.0
Lee-1207187 PCT. 087,736.0,1.0,2.0,42.0,14.0,1351.0,216.0,8.0,113.0,24.0,9.0,0.0,131.0,1.0,0.0,0.0,1.0,47.0,1.0,194.0,0.0,419.0,2146.0,827.0,337.0
Lee-1207188 PCT. 088,687.0,4.0,0.0,44.0,16.0,1506.0,163.0,3.0,70.0,26.0,17.0,2.0,178.0,0.0,0.0,0.0,1.0,85.0,0.0,244.0,0.0,475.0,2257.0,1028.0,236.0
Lee-1207189 PCT. 089,857.0,2.0,7.0,44.0,20.0,1039.0,165.0,2.0,83.0,5.0,3.0,0.0,109.0,0.0,0.0,0.0,0.0,9.0,0.0,50.0,0.0,163.0,1969.0,339.0,250.0
Lee-120719 PCT. 009,1484.0,9.0,3.0,75.0,20.0,1240.0,251.0,6.0,149.0,9.0,6.0,0.0,124.0,0.0,0.0,0.0,0.0,25.0,3.0,122.0,0.0,229.0,2831.0,518.0,406.0
Lee-1207190 PCT. 090,995.0,6.0,2.0,78.0,16.0,1610.0,264.0,16.0,148.0,62.0,6.0,1.0,235.0,0.0,1.0,0.0,0.0,97.0,3.0,264.0,0.0,459.0,2707.0,1128.0,428.0
Lee-1207191 PCT. 091,1017.0,4.0,2.0,63.0,17.0,1562.0,222.0,9.0,156.0,28.0,8.0,1.0,181.0,2.0,0.0,0.0,0.0,80.0,2.0,236.0,0.0,419.0,2665.0,957.0,387.0
Lee-1207192 PCT. 092,1283.0,4.0,4.0,77.0,24.0,1752.0,275.0,17.0,182.0,34.0,16.0,5.0,160.0,1.0,0.0,0.0,0.0,26.0,0.0,179.0,0.0,422.0,3144.0,843.0,474.0
Lee-1207193 PCT. 093,822.0,5.0,0.0,51.0,13.0,1965.0,196.0,6.0,112.0,17.0,13.0,1.0,188.0,3.0,0.0,0.0,0.0,54.0,1.0,204.0,1.0,556.0,2856.0,1038.0,314.0
Lee-1207194 PCT. 094,0.0,0.0,0.0,0.0,0.0,0.0,207.0,8.0,137.0,29.0,6.0,3.0,193.0,0.0,0.0,0.0,0.0,56.0,2.0,206.0,2.0,580.0,0.0,1077.0,352.0
Lee-1207194 PCT. 094.,888.0,2.0,1.0,38.0,13.0,1844.0,0.0,0.0,0.0,0.0,0.0,0.0,0.0,0.0,0.0,0.0,0.0,0.0,0.0,0.0,0.0,0.0,2786.0,0.0,0.0
Lee-1207195 PCT. 095,1189.0,4.0,7.0,56.0,26.0,1749.0,247.0,7.0,178.0,26.0,13.0,0.0,183.0,1.0,1.0,0.0,0.0,58.0,1.0,198.0,1.0,437.0,3031.0,919.0,432.0
Lee-1207196 PCT. 096,977.0,6.0,0.0,46.0,16.0,1676.0,235.0,17.0,150.0,29.0,11.0,0.0,151.0,1.0,0.0,0.0,1.0,60.0,3.0,153.0,0.0,481.0,2721.0,890.0,402.0
Lee-1207197 PCT. 097,1068.0,1.0,6.0,63.0,14.0,1882.0,252.0,15.0,154.0,22.0,13.0,2.0,173.0,1.0,0.0,1.0,0.0,87.0,1.0,215.0,1.0,584.0,3034.0,1100.0,421.0
Lee-1207198 PCT. 098,899.0,4.0,3.0,46.0,19.0,1700.0,207.0,12.0,127.0,26.0,14.0,2.0,189.0,0.0,1.0,0.0,1.0,65.0,1.0,178.0,0.0,519.0,2671.0,996.0,346.0
Lee-1207199 PCT. 099,1127.0,2.0,1.0,56.0,22.0,1598.0,228.0,12.0,174.0,22.0,4.0,1.0,158.0,1.0,0.0,0.0,1.0,54.0,2.0,148.0,1.0,425.0,2806.0,817.0,414.0
Leon-120731203,1437.0,0.0,3.0,45.0,27.0,340.0,346.0,6.0,329.0,3.0,2.0,0.0,54.0,1.0,0.0,0.0,1.0,13.0,1.0,48.0,0.0,56.0,1852.0,179.0,681.0
Leon-120731205,459.0,3.0,2.0,10.0,12.0,78.0,123.0,5.0,106.0,2.0,0.0,1.0,9.0,0.0,0.0,0.0,0.0,6.0,0.0,23.0,0.0,13.0,564.0,54.0,234.0
Leon-120731230,271.0,1.0,2.0,14.0,10.0,125.0,51.0,0.0,51.0,0.0,0.0,0.0,18.0,0.0,0.0,0.0,0.0,5.0,0.0,21.0,0.0,21.0,423.0,65.0,102.0
Leon-120731251,53.0,0.0,0.0,0.0,0.0,4.0,28.0,1.0,5.0,0.0,0.0,0.0,0.0,0.0,0.0,0.0,0.0,0.0,0.0,1.0,0.0,0.0,57.0,1.0,34.0
Leon-120731255,374.0,1.0,0.0,14.0,4.0,170.0,140.0,7.0,66.0,1.0,0.0,0.0,20.0,0.0,0.0,0.0,0.0,5.0,0.0,9.0,0.0,30.0,563.0,65.0,213.0
Leon-120731257,143.0,0.0,0.0,20.0,3.0,336.0,48.0,9.0,57.0,0.0,1.0,0.0,47.0,1.0,0.0,1.0,0.0,8.0,0.0,10.0,0.0,58.0,502.0,126.0,114.0
Leon-120731258,3.0,0.0,0.0,0.0,0.0,0.0,0.0,0.0,0.0,0.0,0.0,0.0,0.0,0.0,0.0,0.0,0.0,0.0,0.0,0.0,0.0,0.0,3.0,0.0,0.0
Leon-120731259,32.0,0.0,0.0,1.0,0.0,41.0,18.0,4.0,9.0,0.0,0.0,0.0,7.0,0.0,0.0,0.0,0.0,1.0,0.0,8.0,0.0,7.0,74.0,23.0,31.0
Leon-120731301,478.0,2.0,1.0,11.0,9.0,41.0,157.0,1.0,100.0,1.0,0.0,0.0,1.0,0.0,0.0,0.0,1.0,4.0,0.0,20.0,0.0,8.0,542.0,35.0,258.0
Leon-120731302,525.0,0.0,0.0,51.0,6.0,385.0,77.0,1.0,98.0,1.0,0.0,0.0,15.0,0.0,0.0,0.0,0.0,8.0,0.0,49.0,0.0,27.0,967.0,100.0,176.0
Leon-120731303,306.0,1.0,0.0,24.0,6.0,126.0,175.0,3.0,186.0,0.0,0.0,0.0,7.0,0.0,0.0,0.0,0.0,1.0,2.0,19.0,0.0,14.0,463.0,43.0,364.0
Leon-120731309,1753.0,3.0,4.0,14.0,19.0,33.0,186.0,1.0,405.0,0.0,1.0,0.0,3.0,0.0,0.0,0.0,0.0,0.0,0.0,0.0,0.0,2.0,1826.0,6.0,592.0
Leon-120731311,311.0,0.0,0.0,3.0,2.0,3.0,18.0,0.0,57.0,0.0,0.0,0.0,0.0,0.0,0.0,0.0,0.0,0.0,0.0,0.0,0.0,0.0,319.0,0.0,75.0
Leon-120731313,1621.0,2.0,1.0,24.0,14.0,81.0,419.0,1.0,115.0,1.0,0.0,0.0,6.0,0.0,0.0,0.0,0.0,3.0,1.0,16.0,0.0,5.0,1743.0,32.0,535.0
Leon-120731314,70.0,0.0,0.0,8.0,1.0,96.0,0.0,0.0,0.0,0.0,0.0,0.0,0.0,0.0,0.0,0.0,0.0,0.0,0.0,0.0,0.0,0.0,175.0,0.0,0.0
Leon-120731315,173.0,1.0,0.0,5.0,1.0,6.0,80.0,1.0,18.0,0.0,0.0,0.0,2.0,0.0,0.0,0.0,0.0,2.0,0.0,1.0,0.0,1.0,186.0,6.0,99.0
Leon-120731317,958.0,0.0,0.0,3.0,6.0,20.0,502.0,1.0,73.0,0.0,3.0,0.0,4.0,0.0,0.0,0.0,0.0,4.0,0.0,0.0,0.0,3.0,987.0,14.0,576.0
Leon-120731319,1039.0,2.0,1.0,10.0,16.0,30.0,375.0,5.0,124.0,0.0,1.0,0.0,3.0,0.0,0.0,0.0,0.0,0.0,0.0,4.0,0.0,6.0,1098.0,14.0,504.0
Leon-120731321,2507.0,3.0,4.0,20.0,20.0,175.0,754.0,11.0,325.0,4.0,1.0,0.0,25.0,1.0,0.0,0.0,0.0,3.0,1.0,15.0,0.0,18.0,2729.0,68.0,1090.0
Leon-120731327,512.0,0.0,0.0,4.0,2.0,34.0,193.0,2.0,64.0,0.0,0.0,0.0,7.0,0.0,0.0,0.0,0.0,0.0,0.0,0.0,0.0,4.0,552.0,11.0,259.0
Leon-120731351,76.0,0.0,0.0,1.0,0.0,28.0,25.0,0.0,5.0,0.0,0.0,1.0,2.0,0.0,0.0,0.0,0.0,0.0,0.0,0.0,0.0,2.0,105.0,5.0,30.0
Leon-120731353,132.0,0.0,0.0,1.0,1.0,36.0,59.0,0.0,24.0,0.0,0.0,0.0,7.0,0.0,0.0,0.0,0.0,0.0,0.0,0.0,0.0,1.0,170.0,8.0,83.0
Leon-120731355,1083.0,1.0,1.0,16.0,14.0,163.0,465.0,9.0,126.0,1.0,0.0,0.0,15.0,0.0,0.0,1.0,0.0,2.0,2.0,7.0,1.0,22.0,1278.0,51.0,600.0
Leon-120731359,101.0,0.0,0.0,0.0,0.0,19.0,35.0,1.0,15.0,0.0,0.0,0.0,2.0,0.0,0.0,0.0,1.0,0.0,0.0,3.0,0.0,6.0,120.0,12.0,51.0
Leon-120731361,648.0,1.0,0.0,8.0,3.0,167.0,316.0,6.0,92.0,0.0,0.0,1.0,14.0,0.0,0.0,1.0,1.0,4.0,0.0,5.0,0.0,28.0,827.0,54.0,414.0
Leon-120731362,40.0,0.0,0.0,0.0,1.0,13.0,0.0,0.0,0.0,0.0,0.0,0.0,0.0,0.0,0.0,0.0,0.0,0.0,0.0,0.0,0.0,0.0,54.0,0.0,0.0
Leon-120731501,546.0,0.0,0.0,11.0,10.0,79.0,176.0,3.0,139.0,0.0,1.0,0.0,9.0,0.0,0.0,0.0,1.0,6.0,0.0,17.0,0.0,10.0,646.0,44.0,318.0
Leon-120731502,419.0,5.0,0.0,23.0,9.0,120.0,90.0,3.0,159.0,2.0,1.0,0.0,17.0,0.0,0.0,0.0,0.0,2.0,1.0,30.0,0.0,14.0,576.0,67.0,252.0
Leon-120731503,1128.0,2.0,0.0,39.0,22.0,208.0,310.0,6.0,171.0,0.0,2.0,0.0,16.0,0.0,0.0,0.0,0.0,4.0,2.0,25.0,0.0,21.0,1399.0,70.0,487.0
Leon-120731505,1227.0,2.0,4.0,39.0,18.0,213.0,286.0,1.0,213.0,0.0,1.0,0.0,12.0,0.0,0.0,0.0,0.0,4.0,0.0,26.0,0.0,16.0,1503.0,59.0,500.0
Leon-120731507,1698.0,0.0,1.0,109.0,28.0,994.0,88.0,0.0,360.0,3.0,1.0,0.0,32.0,0.0,0.0,0.0,0.0,31.0,0.0,140.0,0.0,62.0,2830.0,269.0,448.0
Leon-120732251,214.0,0.0,0.0,7.0,1.0,161.0,183.0,13.0,96.0,3.0,0.0,0.0,42.0,1.0,0.0,1.0,0.0,3.0,0.0,20.0,0.0,69.0,383.0,139.0,292.0
Leon-120732252,462.0,4.0,2.0,21.0,6.0,550.0,182.0,20.0,105.0,4.0,3.0,1.0,62.0,0.0,0.0,1.0,0.0,9.0,0.0,36.0,0.0,103.0,1045.0,219.0,307.0
Leon-120732253,229.0,4.0,0.0,5.0,4.0,257.0,0.0,0.0,0.0,0.0,0.0,0.0,0.0,0.0,0.0,0.0,0.0,0.0,0.0,0.0,0.0,0.0,499.0,0.0,0.0
Leon-120732303,257.0,0.0,0.0,3.0,1.0,8.0,148.0,2.0,37.0,0.0,0.0,0.0,1.0,0.0,0.0,1.0,0.0,0.0,0.0,1.0,0.0,2.0,269.0,5.0,187.0
Leon-120732305,3324.0,6.0,6.0,148.0,53.0,799.0,433.0,9.0,699.0,2.0,2.0,2.0,40.0,0.0,0.0,1.0,1.0,28.0,0.0,109.0,0.0,81.0,4336.0,266.0,1141.0
Leon-120732307,1.0,0.0,0.0,1.0,0.0,7.0,1.0,1.0,2.0,0.0,0.0,0.0,2.0,0.0,0.0,0.0,0.0,0.0,0.0,0.0,0.0,1.0,9.0,3.0,4.0
Leon-120732355,57.0,1.0,0.0,3.0,0.0,59.0,18.0,1.0,24.0,0.0,0.0,0.0,3.0,0.0,0.0,0.0,0.0,3.0,0.0,6.0,0.0,7.0,120.0,19.0,43.0
Leon-120732358,187.0,0.0,0.0,6.0,5.0,110.0,61.0,3.0,36.0,2.0,0.0,0.0,12.0,0.0,0.0,0.0,0.0,2.0,0.0,5.0,0.0,17.0,308.0,38.0,100.0
Leon-120732359,236.0,0.0,0.0,10.0,3.0,115.0,55.0,3.0,44.0,1.0,0.0,0.0,15.0,0.0,0.0,0.0,1.0,4.0,1.0,4.0,0.0,21.0,364.0,47.0,102.0
Leon-120732363,245.0,3.0,0.0,13.0,7.0,213.0,67.0,5.0,81.0,2.0,2.0,0.0,28.0,0.0,0.0,0.0,0.0,3.0,0.0,8.0,0.0,52.0,481.0,95.0,153.0
Leon-120732365,783.0,3.0,4.0,68.0,17.0,1716.0,251.0,45.0,244.0,13.0,7.0,3.0,179.0,0.0,0.0,0.0,3.0,16.0,3.0,91.0,0.0,294.0,2591.0,609.0,540.0
Leon-120732366,98.0,0.0,1.0,9.0,1.0,166.0,32.0,3.0,34.0,2.0,1.0,0.0,28.0,0.0,0.0,0.0,0.0,0.0,0.0,4.0,0.0,27.0,275.0,62.0,69.0
Leon-120732380,84.0,0.0,0.0,3.0,0.0,14.0,20.0,0.0,8.0,0.0,0.0,0.0,1.0,0.0,0.0,0.0,0.0,0.0,0.0,2.0,0.0,2.0,101.0,5.0,28.0
Leon-120732401,250.0,0.0,0.0,6.0,2.0,85.0,44.0,0.0,31.0,0.0,0.0,1.0,7.0,0.0,0.0,0.0,0.0,3.0,0.0,4.0,0.0,6.0,343.0,21.0,75.0
Leon-120732451,271.0,6.0,0.0,15.0,7.0,373.0,96.0,8.0,83.0,2.0,5.0,0.0,40.0,0.0,0.0,0.0,1.0,7.0,0.0,10.0,0.0,52.0,672.0,117.0,187.0
Leon-120732502,510.0,3.0,0.0,49.0,14.0,240.0,51.0,0.0,283.0,2.0,0.0,0.0,12.0,0.0,0.0,0.0,0.0,17.0,2.0,51.0,0.0,32.0,816.0,116.0,334.0
Leon-120732503,659.0,0.0,1.0,40.0,14.0,277.0,35.0,2.0,211.0,0.0,0.0,1.0,12.0,0.0,0.0,0.0,0.0,10.0,0.0,54.0,0.0,38.0,991.0,115.0,248.0
Leon-120732504,398.0,2.0,0.0,28.0,9.0,101.0,0.0,0.0,0.0,0.0,0.0,0.0,0.0,0.0,0.0,0.0,0.0,0.0,0.0,0.0,0.0,0.0,538.0,0.0,0.0
Leon-120732506,1053.0,0.0,2.0,96.0,25.0,423.0,49.0,0.0,298.0,4.0,0.0,0.0,23.0,0.0,0.0,0.0,0.0,18.0,2.0,69.0,0.0,47.0,1599.0,163.0,347.0
Leon-120732507,1941.0,7.0,2.0,107.0,38.0,383.0,156.0,9.0,510.0,4.0,3.0,1.0,38.0,1.0,0.0,0.0,0.0,22.0,0.0,53.0,0.0,28.0,2478.0,150.0,675.0
Leon-120732509,767.0,4.0,1.0,63.0,20.0,232.0,125.0,3.0,193.0,3.0,0.0,0.0,29.0,0.0,0.0,0.0,0.0,5.0,1.0,47.0,0.0,18.0,1087.0,103.0,321.0
Leon-120732511,2096.0,1.0,0.0,88.0,45.0,497.0,293.0,7.0,340.0,4.0,4.0,0.0,38.0,0.0,0.0,0.0,0.0,13.0,1.0,61.0,1.0,58.0,2727.0,180.0,640.0
Leon-120732513,767.0,0.0,1.0,38.0,11.0,221.0,154.0,8.0,151.0,1.0,0.0,0.0,32.0,0.0,0.0,0.0,0.0,9.0,0.0,42.0,0.0,30.0,1038.0,114.0,313.0
Leon-120733101,847.0,0.0,0.0,45.0,9.0,555.0,347.0,12.0,188.0,20.0,5.0,1.0,70.0,1.0,0.0,0.0,1.0,57.0,0.0,152.0,0.0,88.0,1456.0,395.0,547.0
Leon-120733103,752.0,2.0,1.0,34.0,9.0,533.0,385.0,11.0,225.0,8.0,4.0,0.0,99.0,0.0,0.0,0.0,0.0,58.0,1.0,156.0,0.0,120.0,1331.0,446.0,621.0
Leon-120733104,290.0,3.0,1.0,15.0,3.0,126.0,0.0,0.0,0.0,0.0,0.0,0.0,0.0,0.0,0.0,0.0,0.0,0.0,0.0,0.0,0.0,0.0,438.0,0.0,0.0
Leon-120733107,584.0,9.0,0.0,24.0,5.0,295.0,239.0,14.0,103.0,8.0,6.0,0.0,37.0,0.0,0.0,0.0,0.0,10.0,0.0,57.0,0.0,58.0,917.0,176.0,356.0
Leon-120733109,427.0,0.0,1.0,24.0,4.0,227.0,377.0,16.0,269.0,15.0,7.0,0.0,123.0,0.0,0.0,0.0,1.0,36.0,4.0,123.0,0.0,103.0,683.0,412.0,662.0
Leon-120733110,823.0,10.0,1.0,43.0,20.0,468.0,0.0,0.0,0.0,0.0,0.0,0.0,0.0,0.0,0.0,0.0,0.0,0.0,0.0,0.0,0.0,0.0,1365.0,0.0,0.0
Leon-120733401,746.0,3.0,0.0,36.0,16.0,370.0,229.0,14.0,189.0,8.0,0.0,0.0,57.0,1.0,0.0,0.0,0.0,25.0,0.0,123.0,0.0,65.0,1171.0,279.0,432.0
Leon-120733403,525.0,0.0,2.0,29.0,8.0,333.0,213.0,15.0,141.0,3.0,1.0,2.0,51.0,0.0,0.0,0.0,0.0,52.0,0.0,101.0,0.0,44.0,897.0,254.0,369.0
Leon-120733405,300.0,2.0,0.0,15.0,5.0,300.0,118.0,11.0,76.0,14.0,2.0,0.0,34.0,0.0,0.0,0.0,0.0,27.0,0.0,66.0,0.0,49.0,622.0,192.0,205.0
Leon-120733409,524.0,0.0,1.0,16.0,6.0,139.0,81.0,3.0,95.0,3.0,1.0,1.0,27.0,0.0,0.0,0.0,0.0,8.0,0.0,19.0,0.0,22.0,686.0,81.0,179.0
Leon-120733411,1482.0,5.0,3.0,63.0,27.0,585.0,470.0,9.0,256.0,6.0,3.0,1.0,86.0,1.0,0.0,0.0,0.0,31.0,3.0,77.0,0.0,83.0,2165.0,291.0,735.0
Leon-120733412,242.0,1.0,1.0,9.0,5.0,119.0,69.0,0.0,39.0,1.0,2.0,0.0,20.0,0.0,0.0,0.0,0.0,0.0,0.0,23.0,0.0,20.0,377.0,66.0,108.0
Leon-120733413,2.0,0.0,0.0,1.0,0.0,0.0,5.0,0.0,6.0,1.0,0.0,0.0,6.0,0.0,0.0,0.0,0.0,2.0,0.0,3.0,0.0,8.0,3.0,20.0,11.0
Leon-120733414,19.0,0.0,0.0,1.0,0.0,24.0,0.0,0.0,0.0,0.0,0.0,0.0,0.0,0.0,0.0,0.0,0.0,0.0,0.0,0.0,0.0,0.0,44.0,0.0,0.0
Leon-120733451,33.0,0.0,0.0,1.0,0.0,28.0,15.0,0.0,7.0,0.0,2.0,0.0,6.0,0.0,0.0,0.0,0.0,3.0,0.0,9.0,0.0,5.0,62.0,25.0,22.0
Leon-120733453,752.0,6.0,1.0,31.0,9.0,534.0,315.0,8.0,205.0,7.0,4.0,0.0,82.0,0.0,0.0,0.0,0.0,49.0,0.0,109.0,0.0,114.0,1333.0,365.0,528.0
Leon-120733455,807.0,1.0,1.0,47.0,7.0,613.0,326.0,7.0,178.0,10.0,2.0,0.0,100.0,0.0,0.0,0.0,0.0,51.0,1.0,148.0,0.0,106.0,1476.0,418.0,511.0
Leon-120733457,313.0,1.0,0.0,16.0,8.0,301.0,125.0,12.0,132.0,4.0,0.0,0.0,57.0,0.0,0.0,1.0,1.0,11.0,0.0,46.0,1.0,52.0,639.0,173.0,269.0
Leon-120733459,587.0,0.0,0.0,31.0,13.0,539.0,150.0,15.0,126.0,3.0,0.0,0.0,79.0,0.0,0.0,0.0,1.0,15.0,2.0,48.0,0.0,81.0,1170.0,229.0,291.0
Leon-120733461,661.0,8.0,5.0,39.0,7.0,758.0,217.0,31.0,179.0,7.0,4.0,1.0,139.0,2.0,0.0,0.0,0.0,24.0,1.0,67.0,0.0,118.0,1478.0,363.0,427.0
Leon-120733467,1084.0,5.0,1.0,51.0,18.0,979.0,371.0,36.0,270.0,8.0,2.0,1.0,174.0,0.0,0.0,1.0,3.0,33.0,3.0,127.0,0.0,156.0,2138.0,508.0,677.0
Leon-120733468,36.0,0.0,0.0,0.0,0.0,8.0,17.0,0.0,8.0,0.0,0.0,0.0,3.0,0.0,0.0,0.0,0.0,0.0,0.0,4.0,0.0,5.0,44.0,12.0,25.0
Leon-120733469,1073.0,5.0,2.0,45.0,14.0,712.0,407.0,19.0,209.0,9.0,7.0,0.0,123.0,0.0,0.0,0.0,0.0,15.0,1.0,67.0,0.0,110.0,1851.0,332.0,635.0
Leon-120733473,733.0,1.0,3.0,35.0,10.0,636.0,290.0,19.0,146.0,2.0,8.0,0.0,105.0,0.0,0.0,0.0,2.0,8.0,4.0,53.0,0.0,148.0,1418.0,330.0,455.0
Leon-120733475,143.0,0.0,0.0,8.0,1.0,54.0,61.0,1.0,26.0,2.0,1.0,0.0,2.0,0.0,0.0,0.0,0.0,7.0,0.0,15.0,0.0,10.0,206.0,37.0,88.0
Leon-120733477,300.0,1.0,0.0,8.0,1.0,206.0,131.0,4.0,50.0,0.0,1.0,0.0,26.0,0.0,0.0,0.0,0.0,4.0,0.0,32.0,0.0,39.0,516.0,102.0,185.0
Leon-120733501,1679.0,5.0,1.0,72.0,28.0,523.0,434.0,16.0,377.0,7.0,1.0,0.0,95.0,1.0,0.0,1.0,3.0,20.0,2.0,89.0,0.0,85.0,2308.0,304.0,827.0
Leon-120733507,1142.0,3.0,3.0,50.0,26.0,368.0,255.0,11.0,283.0,4.0,0.0,0.0,71.0,3.0,0.0,0.0,2.0,11.0,3.0,53.0,0.0,60.0,1592.0,207.0,549.0
Leon-120733509,1160.0,6.0,5.0,70.0,18.0,654.0,320.0,11.0,358.0,2.0,7.0,0.0,102.0,0.0,0.0,0.0,2.0,24.0,2.0,97.0,0.0,90.0,1913.0,326.0,689.0
Leon-120733513,1310.0,4.0,3.0,67.0,19.0,418.0,323.0,12.0,263.0,3.0,2.0,1.0,86.0,0.0,0.0,0.0,3.0,17.0,2.0,64.0,0.0,58.0,1821.0,236.0,598.0
Leon-120733551,18.0,0.0,0.0,0.0,0.0,14.0,3.0,0.0,5.0,0.0,0.0,0.0,3.0,0.0,0.0,0.0,0.0,0.0,0.0,1.0,0.0,1.0,32.0,5.0,8.0
Leon-120734101,684.0,2.0,1.0,48.0,11.0,417.0,197.0,11.0,148.0,3.0,4.0,1.0,83.0,0.0,1.0,0.0,0.0,29.0,0.0,74.0,0.0,65.0,1163.0,260.0,356.0
Leon-120734103,1214.0,7.0,2.0,63.0,13.0,1017.0,454.0,21.0,273.0,16.0,11.0,0.0,191.0,3.0,1.0,0.0,1.0,58.0,3.0,193.0,0.0,189.0,2316.0,666.0,748.0
Leon-120734105,93.0,0.0,0.0,0.0,1.0,20.0,54.0,0.0,19.0,2.0,0.0,0.0,6.0,0.0,0.0,0.0,0.0,1.0,0.0,6.0,0.0,1.0,114.0,16.0,73.0
Leon-120734106,12.0,0.0,0.0,0.0,0.0,0.0,0.0,0.0,0.0,0.0,0.0,0.0,0.0,0.0,0.0,0.0,0.0,0.0,0.0,0.0,0.0,0.0,12.0,0.0,0.0
Leon-120734107,53.0,0.0,0.0,6.0,1.0,28.0,17.0,0.0,11.0,1.0,0.0,0.0,3.0,0.0,0.0,0.0,0.0,4.0,0.0,8.0,0.0,5.0,88.0,21.0,28.0
Leon-120734119,1878.0,12.0,3.0,126.0,9.0,1708.0,672.0,36.0,405.0,37.0,17.0,1.0,336.0,1.0,0.0,1.0,6.0,116.0,2.0,347.0,1.0,308.0,3736.0,1173.0,1113.0
Leon-120734125,1782.0,11.0,5.0,100.0,28.0,1910.0,660.0,29.0,366.0,26.0,17.0,1.0,343.0,0.0,0.0,1.0,2.0,145.0,3.0,455.0,1.0,380.0,3836.0,1374.0,1055.0
Leon-120734152,45.0,0.0,0.0,0.0,0.0,36.0,0.0,0.0,0.0,0.0,0.0,0.0,0.0,0.0,0.0,0.0,0.0,0.0,0.0,0.0,0.0,0.0,81.0,0.0,0.0
Leon-120734153,632.0,6.0,0.0,31.0,9.0,598.0,296.0,14.0,127.0,12.0,4.0,0.0,127.0,0.0,0.0,0.0,1.0,44.0,0.0,108.0,0.0,88.0,1276.0,384.0,437.0
Leon-120734154,88.0,0.0,0.0,0.0,0.0,8.0,0.0,0.0,0.0,0.0,0.0,0.0,0.0,0.0,0.0,0.0,0.0,0.0,0.0,0.0,0.0,0.0,96.0,0.0,0.0
Leon-120734155,303.0,1.0,0.0,11.0,2.0,165.0,203.0,11.0,57.0,13.0,4.0,2.0,30.0,1.0,0.0,0.0,0.0,36.0,1.0,56.0,0.0,47.0,482.0,190.0,271.0
Leon-120734157,337.0,3.0,1.0,12.0,3.0,266.0,150.0,6.0,77.0,3.0,4.0,0.0,57.0,1.0,0.0,1.0,1.0,12.0,1.0,44.0,0.0,49.0,622.0,173.0,233.0
Leon-120734159,307.0,0.0,0.0,8.0,7.0,186.0,155.0,4.0,44.0,0.0,1.0,0.0,35.0,0.0,0.0,0.0,1.0,2.0,0.0,20.0,0.0,45.0,508.0,104.0,203.0
Leon-120734161,882.0,4.0,5.0,57.0,8.0,1077.0,347.0,14.0,194.0,11.0,4.0,1.0,246.0,0.0,2.0,0.0,1.0,51.0,0.0,178.0,0.0,222.0,2033.0,716.0,555.0
Leon-120734162,21.0,0.0,0.0,1.0,0.0,17.0,0.0,0.0,0.0,0.0,0.0,0.0,0.0,0.0,0.0,0.0,0.0,0.0,0.0,0.0,0.0,0.0,39.0,0.0,0.0
Leon-120734163,700.0,6.0,3.0,54.0,13.0,819.0,224.0,18.0,173.0,13.0,7.0,0.0,189.0,0.0,0.0,1.0,0.0,50.0,0.0,159.0,0.0,125.0,1595.0,544.0,415.0
Leon-120734167,1016.0,3.0,0.0,65.0,20.0,1331.0,360.0,16.0,263.0,12.0,8.0,0.0,279.0,0.0,0.0,0.0,2.0,76.0,0.0,203.0,0.0,246.0,2435.0,826.0,639.0
Leon-120734168,41.0,0.0,0.0,0.0,0.0,25.0,0.0,0.0,0.0,0.0,0.0,0.0,0.0,0.0,0.0,0.0,0.0,0.0,0.0,0.0,0.0,0.0,66.0,0.0,0.0
Leon-120734173,273.0,2.0,0.0,20.0,5.0,370.0,129.0,10.0,60.0,6.0,5.0,0.0,88.0,0.0,0.0,0.0,0.0,9.0,0.0,28.0,0.0,44.0,670.0,180.0,199.0
Leon-120734184,310.0,1.0,0.0,14.0,3.0,240.0,121.0,4.0,53.0,6.0,1.0,0.0,44.0,0.0,0.0,0.0,0.0,17.0,2.0,46.0,0.0,56.0,568.0,172.0,178.0
Leon-120734401,257.0,1.0,0.0,18.0,2.0,296.0,91.0,5.0,42.0,13.0,3.0,0.0,43.0,0.0,0.0,0.0,0.0,19.0,1.0,65.0,0.0,70.0,574.0,214.0,138.0
Leon-120734403,392.0,0.0,2.0,26.0,2.0,526.0,115.0,8.0,53.0,6.0,1.0,0.0,84.0,0.0,0.0,0.0,0.0,19.0,0.0,75.0,0.0,117.0,948.0,302.0,176.0
Leon-120734405,651.0,1.0,1.0,49.0,6.0,852.0,208.0,13.0,128.0,12.0,3.0,0.0,133.0,1.0,0.0,0.0,0.0,57.0,1.0,212.0,0.0,170.0,1560.0,589.0,349.0
Leon-120734408,662.0,2.0,2.0,44.0,6.0,721.0,220.0,9.0,90.0,9.0,6.0,2.0,122.0,1.0,0.0,0.0,0.0,59.0,1.0,170.0,0.0,120.0,1437.0,490.0,319.0
Leon-120734451,354.0,0.0,0.0,14.0,3.0,380.0,189.0,9.0,62.0,12.0,6.0,0.0,66.0,0.0,0.0,0.0,0.0,43.0,0.0,89.0,0.0,66.0,751.0,282.0,260.0
Leon-120734453,446.0,0.0,0.0,42.0,0.0,678.0,173.0,11.0,88.0,25.0,6.0,0.0,105.0,1.0,0.0,0.0,1.0,42.0,0.0,162.0,1.0,145.0,1166.0,488.0,272.0
Leon-120734455,845.0,10.0,4.0,81.0,15.0,1358.0,306.0,18.0,230.0,16.0,9.0,1.0,285.0,0.0,0.0,1.0,1.0,74.0,3.0,236.0,0.0,273.0,2313.0,899.0,554.0
Leon-120734456,82.0,0.0,0.0,4.0,2.0,110.0,0.0,0.0,0.0,0.0,0.0,0.0,0.0,0.0,0.0,0.0,0.0,0.0,0.0,0.0,0.0,0.0,198.0,0.0,0.0
Leon-120734457,51.0,0.0,0.0,1.0,0.0,33.0,408.0,24.0,255.0,22.0,7.0,2.0,353.0,0.0,0.0,1.0,1.0,80.0,3.0,262.0,2.0,287.0,85.0,1020.0,687.0
Leon-120734458,425.0,0.0,0.0,22.0,3.0,564.0,0.0,0.0,0.0,0.0,0.0,0.0,0.0,0.0,0.0,0.0,0.0,0.0,0.0,0.0,0.0,0.0,1014.0,0.0,0.0
Leon-120734459,1292.0,11.0,0.0,102.0,9.0,1868.0,189.0,11.0,128.0,12.0,5.0,1.0,162.0,0.0,0.0,0.0,0.0,30.0,0.0,134.0,0.0,157.0,3282.0,501.0,328.0
Leon-120734461,733.0,4.0,1.0,46.0,10.0,1130.0,227.0,8.0,105.0,15.0,7.0,0.0,179.0,0.0,0.0,0.0,0.0,61.0,2.0,204.0,0.0,245.0,1924.0,713.0,340.0
Leon-120735101,183.0,2.0,1.0,7.0,6.0,81.0,54.0,0.0,40.0,2.0,0.0,0.0,15.0,0.0,0.0,0.0,1.0,5.0,0.0,34.0,0.0,20.0,280.0,77.0,94.0
Leon-120735103,580.0,3.0,1.0,30.0,16.0,195.0,104.0,4.0,193.0,7.0,2.0,0.0,38.0,0.0,0.0,0.0,0.0,12.0,1.0,38.0,1.0,48.0,825.0,147.0,301.0
Leon-120735105,1499.0,5.0,2.0,82.0,27.0,612.0,469.0,23.0,450.0,16.0,8.0,2.0,104.0,0.0,0.0,0.0,0.0,69.0,3.0,181.0,0.0,101.0,2227.0,484.0,942.0
Leon-120735107,227.0,0.0,0.0,17.0,8.0,122.0,68.0,4.0,78.0,0.0,0.0,0.0,15.0,0.0,0.0,0.0,0.0,11.0,0.0,26.0,0.0,19.0,374.0,71.0,150.0
Leon-120735110,720.0,2.0,1.0,52.0,16.0,397.0,188.0,11.0,219.0,3.0,3.0,0.0,56.0,1.0,0.0,0.0,0.0,25.0,0.0,78.0,0.0,61.0,1188.0,227.0,418.0
Leon-120735115,843.0,3.0,2.0,43.0,15.0,422.0,272.0,6.0,179.0,12.0,7.0,0.0,72.0,1.0,0.0,0.0,0.0,20.0,0.0,56.0,0.0,72.0,1328.0,240.0,457.0
Leon-120735153,658.0,7.0,0.0,31.0,17.0,735.0,336.0,20.0,254.0,12.0,4.0,0.0,190.0,0.0,0.0,0.0,2.0,44.0,1.0,169.0,1.0,174.0,1448.0,597.0,610.0
Leon-120735154,216.0,3.0,0.0,11.0,6.0,282.0,0.0,0.0,0.0,0.0,0.0,0.0,0.0,0.0,0.0,0.0,0.0,0.0,0.0,0.0,0.0,0.0,518.0,0.0,0.0
Leon-120735165,96.0,0.0,0.0,5.0,1.0,27.0,46.0,0.0,7.0,2.0,0.0,0.0,7.0,0.0,0.0,0.0,0.0,1.0,0.0,4.0,1.0,3.0,129.0,18.0,53.0
Leon-120735201,861.0,1.0,0.0,34.0,12.0,221.0,270.0,6.0,263.0,5.0,3.0,0.0,40.0,1.0,0.0,0.0,0.0,18.0,1.0,54.0,0.0,43.0,1129.0,165.0,539.0
Leon-120735203,1002.0,3.0,0.0,34.0,20.0,225.0,378.0,16.0,361.0,1.0,2.0,0.0,35.0,0.0,0.0,0.0,0.0,20.0,1.0,36.0,0.0,45.0,1284.0,140.0,755.0
Leon-120735204,0.0,0.0,0.0,0.0,0.0,1.0,0.0,0.0,0.0,0.0,0.0,0.0,0.0,0.0,0.0,0.0,0.0,0.0,0.0,0.0,0.0,0.0,1.0,0.0,0.0
Leon-120735205,215.0,0.0,0.0,13.0,4.0,60.0,61.0,2.0,57.0,2.0,0.0,0.0,17.0,1.0,0.0,0.0,0.0,6.0,0.0,16.0,0.0,19.0,292.0,61.0,120.0
Leon-120735207,1911.0,13.0,1.0,102.0,34.0,622.0,451.0,19.0,325.0,11.0,1.0,3.0,80.0,1.0,0.0,0.0,2.0,37.0,1.0,108.0,1.0,79.0,2683.0,324.0,795.0
Leon-120735209,266.0,1.0,0.0,14.0,4.0,104.0,211.0,7.0,208.0,3.0,3.0,1.0,38.0,0.0,0.0,0.0,1.0,14.0,1.0,41.0,0.0,50.0,389.0,152.0,426.0
Leon-120735211,653.0,3.0,0.0,41.0,6.0,227.0,148.0,2.0,163.0,2.0,3.0,0.0,37.0,0.0,0.0,0.0,0.0,8.0,2.0,48.0,0.0,37.0,930.0,137.0,313.0
Leon-120735212,71.0,0.0,0.0,0.0,2.0,70.0,22.0,2.0,17.0,1.0,1.0,0.0,14.0,0.0,0.0,0.0,0.0,4.0,0.0,13.0,0.0,7.0,143.0,40.0,41.0
Leon-120735214,814.0,2.0,1.0,46.0,6.0,432.0,402.0,14.0,247.0,9.0,7.0,0.0,101.0,0.0,0.0,0.0,0.0,53.0,1.0,130.0,0.0,99.0,1301.0,400.0,663.0
Leon-120735219,982.0,3.0,0.0,53.0,4.0,754.0,327.0,10.0,183.0,12.0,6.0,0.0,146.0,1.0,0.0,0.0,0.0,55.0,0.0,135.0,0.0,133.0,1796.0,488.0,520.0
Leon-120735220,652.0,1.0,0.0,26.0,3.0,391.0,253.0,10.0,104.0,7.0,1.0,0.0,80.0,0.0,0.0,0.0,1.0,30.0,0.0,60.0,1.0,71.0,1073.0,251.0,367.0
Leon-120735221,1149.0,1.0,1.0,58.0,15.0,483.0,256.0,5.0,147.0,2.0,1.0,0.0,55.0,1.0,0.0,0.0,0.0,12.0,0.0,53.0,0.0,43.0,1707.0,167.0,408.0
Leon-120735223,77.0,0.0,0.0,7.0,1.0,50.0,41.0,0.0,42.0,1.0,0.0,0.0,13.0,0.0,0.0,0.0,0.0,6.0,0.0,16.0,0.0,20.0,135.0,56.0,83.0
Leon-120735224,87.0,0.0,1.0,0.0,3.0,73.0,0.0,0.0,0.0,0.0,0.0,0.0,0.0,0.0,0.0,0.0,0.0,0.0,0.0,0.0,0.0,0.0,164.0,0.0,0.0
Leon-120735225,1426.0,9.0,0.0,100.0,20.0,1178.0,383.0,19.0,264.0,22.0,5.0,2.0,191.0,1.0,1.0,0.0,1.0,99.0,2.0,324.0,0.0,248.0,2733.0,896.0,666.0
Leon-120735227,118.0,1.0,0.0,10.0,0.0,61.0,64.0,4.0,36.0,3.0,1.0,1.0,26.0,0.0,0.0,0.0,0.0,6.0,2.0,26.0,0.0,23.0,190.0,88.0,104.0
Leon-120735228,46.0,0.0,0.0,2.0,1.0,27.0,0.0,0.0,0.0,0.0,0.0,0.0,0.0,0.0,0.0,0.0,0.0,0.0,0.0,0.0,0.0,0.0,76.0,0.0,0.0
Leon-120735251,792.0,4.0,0.0,33.0,11.0,917.0,300.0,17.0,211.0,5.0,12.0,0.0,185.0,1.0,0.0,1.0,0.0,49.0,1.0,122.0,0.0,175.0,1757.0,551.0,528.0
Leon-120735252,6.0,0.0,0.0,0.0,0.0,10.0,0.0,0.0,0.0,0.0,0.0,0.0,0.0,0.0,0.0,0.0,0.0,0.0,0.0,0.0,0.0,0.0,16.0,0.0,0.0
Leon-120735258,0.0,0.0,0.0,0.0,0.0,2.0,0.0,0.0,2.0,0.0,0.0,0.0,0.0,0.0,0.0,0.0,0.0,0.0,0.0,0.0,0.0,0.0,2.0,0.0,2.0
Leon-120735260,1803.0,4.0,1.0,64.0,37.0,888.0,711.0,25.0,345.0,10.0,11.0,1.0,156.0,1.0,0.0,0.0,0.0,40.0,0.0,112.0,0.0,155.0,2797.0,486.0,1081.0
Leon-120735261,1010.0,6.0,2.0,58.0,9.0,1028.0,415.0,42.0,294.0,4.0,9.0,1.0,169.0,0.0,0.0,1.0,1.0,27.0,0.0,93.0,0.0,209.0,2113.0,514.0,751.0
Leon-120735263,741.0,8.0,1.0,36.0,11.0,815.0,388.0,23.0,177.0,6.0,5.0,2.0,169.0,0.0,0.0,0.0,1.0,27.0,0.0,104.0,0.0,144.0,1612.0,458.0,588.0
Leon-120735264,56.0,0.0,1.0,0.0,1.0,19.0,0.0,0.0,0.0,0.0,0.0,0.0,0.0,0.0,0.0,0.0,0.0,0.0,0.0,0.0,0.0,0.0,77.0,0.0,0.0
Leon-120735265,54.0,0.0,0.0,0.0,0.0,5.0,0.0,0.0,0.0,0.0,0.0,0.0,0.0,0.0,0.0,0.0,0.0,0.0,0.0,0.0,0.0,0.0,59.0,0.0,0.0
Leon-120735284,741.0,2.0,1.0,30.0,9.0,833.0,295.0,9.0,184.0,11.0,5.0,1.0,163.0,1.0,0.0,0.0,1.0,50.0,2.0,93.0,0.0,140.0,1616.0,467.0,488.0
Leon-120739000,246.0,1.0,0.0,18.0,7.0,108.0,41.0,3.0,30.0,5.0,1.0,0.0,10.0,1.0,0.0,0.0,0.0,5.0,0.0,36.0,0.0,19.0,380.0,77.0,74.0
Levy-1207501 Bronson Ag Bldg,399.0,3.0,1.0,35.0,14.0,934.0,101.0,15.0,103.0,11.0,8.0,0.0,77.0,0.0,0.0,0.0,1.0,17.0,1.0,73.0,0.0,224.0,1386.0,412.0,219.0
Levy-1207502 Faith Baptist Tabernacle,495.0,8.0,0.0,43.0,13.0,1398.0,113.0,20.0,156.0,11.0,9.0,0.0,116.0,2.0,0.0,0.0,2.0,29.0,4.0,93.0,0.0,365.0,1957.0,631.0,289.0
Levy-1207503 Bronson Dogan Cobb Bldg,691.0,5.0,5.0,43.0,18.0,1551.0,210.0,27.0,171.0,13.0,14.0,1.0,120.0,0.0,1.0,0.0,2.0,22.0,1.0,88.0,0.0,407.0,2313.0,669.0,408.0
Levy-1207504 Cedar Key City Hall,303.0,0.0,0.0,23.0,4.0,635.0,101.0,11.0,110.0,1.0,3.0,0.0,63.0,0.0,0.0,0.0,0.0,23.0,3.0,72.0,0.0,155.0,965.0,320.0,222.0
Levy-1207505 Willow Sink,377.0,4.0,2.0,23.0,9.0,1758.0,114.0,18.0,135.0,12.0,10.0,1.0,165.0,0.0,0.0,1.0,3.0,33.0,0.0,142.0,1.0,514.0,2173.0,882.0,267.0
Levy-1207506 Gulf Hammock Church of God,51.0,0.0,0.0,4.0,2.0,319.0,11.0,4.0,18.0,1.0,2.0,0.0,31.0,0.0,0.0,0.0,1.0,6.0,0.0,23.0,0.0,97.0,376.0,161.0,33.0
Levy-1207507 Williston Community Center,859.0,4.0,0.0,36.0,5.0,1081.0,282.0,28.0,128.0,5.0,11.0,1.0,102.0,0.0,0.0,0.0,0.0,21.0,0.0,97.0,1.0,272.0,1985.0,510.0,438.0
Levy-1207508 Morriston Baptist Church,451.0,5.0,0.0,37.0,7.0,1699.0,129.0,24.0,121.0,10.0,9.0,2.0,159.0,0.0,0.0,0.0,0.0,29.0,0.0,102.0,1.0,523.0,2199.0,835.0,274.0
Levy-1207509 Inglis Community Center,395.0,5.0,4.0,33.0,15.0,1347.0,141.0,17.0,121.0,5.0,3.0,0.0,126.0,0.0,1.0,0.0,1.0,27.0,1.0,85.0,0.0,388.0,1799.0,637.0,279.0
Levy-1207510 Pine Grove Baptist Church,96.0,3.0,0.0,13.0,1.0,608.0,28.0,18.0,49.0,4.0,4.0,0.0,89.0,0.0,0.0,0.0,2.0,5.0,0.0,42.0,1.0,153.0,721.0,300.0,95.0
Levy-1207511 Miracle Vision Tabernacle,307.0,1.0,0.0,7.0,1.0,588.0,100.0,8.0,90.0,0.0,4.0,0.0,66.0,1.0,0.0,0.0,1.0,16.0,1.0,45.0,0.0,155.0,904.0,289.0,198.0
Levy-1207512 Fanning Springs City Hall,263.0,3.0,0.0,27.0,8.0,1017.0,109.0,17.0,80.0,7.0,6.0,2.0,73.0,0.0,0.0,0.0,1.0,18.0,2.0,61.0,0.0,258.0,1318.0,428.0,206.0
Levy-1207513 Chiefland Tommy Usher Center,414.0,5.0,1.0,34.0,5.0,840.0,131.0,8.0,74.0,9.0,2.0,1.0,90.0,1.0,0.0,0.0,5.0,10.0,2.0,71.0,1.0,240.0,1299.0,432.0,213.0
Liberty-120771 ROCK BLUFF 01,190.0,0.0,0.0,4.0,0.0,72.0,94.0,5.0,17.0,0.0,0.0,1.0,1.0,0.0,0.0,1.0,0.0,0.0,0.0,2.0,0.0,1.0,266.0,6.0,116.0
Liberty-120772 ANNEX 02,79.0,0.0,0.0,4.0,0.0,100.0,0.0,0.0,0.0,0.0,0.0,0.0,0.0,0.0,0.0,0.0,0.0,0.0,0.0,0.0,0.0,0.0,183.0,0.0,0.0
"Liberty-120772 ANNEX, LAKE MYSTIC 02",0.0,0.0,0.0,0.0,0.0,0.0,39.0,2.0,8.0,0.0,0.0,0.0,3.0,0.0,0.0,0.0,0.0,0.0,0.0,2.0,0.0,13.0,0.0,18.0,49.0
Liberty-120773 BRISTOL 03,103.0,2.0,0.0,22.0,8.0,640.0,43.0,30.0,94.0,0.0,2.0,0.0,23.0,0.0,0.0,0.0,0.0,2.0,0.0,15.0,0.0,29.0,775.0,71.0,167.0
"Liberty-120774 ANNEX, LAKE MYSTIC 02",0.0,0.0,0.0,0.0,0.0,0.0,43.0,33.0,86.0,1.0,2.0,0.0,36.0,0.0,0.0,0.0,0.0,4.0,1.0,22.0,0.0,35.0,0.0,101.0,162.0
Liberty-120774 LAKE MYSTIC 04,74.0,3.0,0.0,7.0,3.0,670.0,0.0,0.0,0.0,0.0,0.0,0.0,0.0,0.0,0.0,0.0,0.0,0.0,0.0,0.0,0.0,0.0,757.0,0.0,0.0
Liberty-120775 HOSFORD 05,75.0,3.0,0.0,16.0,3.0,388.0,30.0,20.0,89.0,0.0,0.0,1.0,22.0,0.0,0.0,0.0,0.0,1.0,2.0,14.0,0.0,32.0,485.0,72.0,139.0
Liberty-120776 TELOGIA 06,78.0,0.0,0.0,11.0,2.0,438.0,30.0,25.0,65.0,0.0,0.0,0.0,15.0,0.0,0.0,0.0,0.0,0.0,0.0,7.0,0.0,28.0,529.0,50.0,120.0
Liberty-120777 SUMATRA 07,13.0,0.0,0.0,3.0,0.0,110.0,10.0,5.0,20.0,0.0,0.0,0.0,4.0,0.0,0.0,0.0,0.0,0.0,0.0,5.0,0.0,5.0,126.0,14.0,35.0
Liberty-120778 ORANGE 08,39.0,1.0,0.0,9.0,1.0,125.0,27.0,4.0,13.0,0.0,0.0,0.0,10.0,0.0,0.0,0.0,0.0,0.0,0.0,1.0,0.0,17.0,175.0,28.0,44.0
Madison-120791 Agriculture Center,696.0,2.0,0.0,19.0,4.0,877.0,278.0,43.0,147.0,3.0,5.0,0.0,91.0,2.0,0.0,0.0,0.0,9.0,0.0,60.0,0.0,123.0,1598.0,293.0,468.0
Madison-1207910 Board Room Madison County Annex,658.0,1.0,1.0,11.0,5.0,424.0,274.0,14.0,85.0,2.0,0.0,0.0,21.0,0.0,0.0,0.0,0.0,0.0,0.0,26.0,0.0,55.0,1100.0,104.0,373.0
"Madison-1207911 Voting House, Bunker St.",481.0,0.0,0.0,11.0,3.0,263.0,216.0,11.0,55.0,0.0,1.0,0.0,24.0,0.0,0.0,0.0,0.0,4.0,0.0,26.0,0.0,35.0,758.0,90.0,282.0
Madison-120792 Madison Recreation Center,264.0,0.0,1.0,0.0,1.0,49.0,111.0,0.0,15.0,0.0,1.0,0.0,3.0,0.0,0.0,0.0,0.0,1.0,0.0,5.0,0.0,13.0,315.0,23.0,126.0
Madison-120793 Lee City Hall,237.0,2.0,1.0,21.0,0.0,1212.0,103.0,41.0,131.0,2.0,8.0,1.0,114.0,0.0,0.0,0.0,1.0,13.0,0.0,58.0,1.0,225.0,1473.0,423.0,275.0
"Madison-120794 Voting House, Sirmans",73.0,0.0,0.0,3.0,0.0,240.0,32.0,5.0,28.0,0.0,0.0,0.0,32.0,0.0,0.0,0.0,0.0,2.0,0.0,10.0,0.0,57.0,316.0,101.0,65.0
Madison-120795 Senior Citizens Building,518.0,1.0,0.0,7.0,0.0,314.0,257.0,18.0,65.0,0.0,1.0,0.0,24.0,0.0,0.0,0.0,0.0,2.0,0.0,20.0,0.0,45.0,840.0,92.0,340.0
Madison-120796 Hamburg Vol. Fire Station,54.0,0.0,0.0,1.0,2.0,162.0,26.0,5.0,16.0,0.0,0.0,0.0,15.0,0.0,0.0,0.0,0.0,4.0,0.0,7.0,0.0,31.0,219.0,57.0,47.0
"Madison-120797 Voting House, Crossroads",252.0,1.0,0.0,14.0,3.0,612.0,114.0,15.0,102.0,1.0,1.0,0.0,58.0,0.0,0.0,1.0,1.0,10.0,0.0,28.0,0.0,116.0,882.0,216.0,231.0
Madison-120798 Pinetta Vol. Fire Dept,206.0,0.0,0.0,8.0,4.0,599.0,93.0,32.0,81.0,1.0,3.0,0.0,74.0,0.0,0.0,0.0,0.0,7.0,0.0,23.0,0.0,79.0,817.0,187.0,206.0
"Madison-120799 Recycling Center, Lamont",87.0,1.0,0.0,0.0,0.0,99.0,44.0,4.0,18.0,0.0,1.0,0.0,16.0,0.0,0.0,0.0,0.0,2.0,0.0,3.0,0.0,17.0,187.0,39.0,66.0
Manatee-12081101 101,1408.0,11.0,6.0,133.0,30.0,2589.0,349.0,29.0,254.0,29.0,16.0,0.0,279.0,0.0,0.0,1.0,0.0,136.0,2.0,361.0,2.0,686.0,4177.0,1512.0,632.0
Manatee-12081103 103,245.0,1.0,0.0,18.0,7.0,492.0,63.0,6.0,58.0,2.0,1.0,0.0,50.0,0.0,0.0,0.0,0.0,20.0,0.0,64.0,0.0,125.0,763.0,262.0,127.0
Manatee-12081107 107,383.0,2.0,0.0,52.0,8.0,828.0,87.0,4.0,76.0,11.0,4.0,0.0,81.0,0.0,0.0,0.0,0.0,20.0,1.0,94.0,0.0,213.0,1273.0,424.0,167.0
Manatee-12081111 111,445.0,1.0,0.0,26.0,5.0,579.0,155.0,8.0,66.0,10.0,2.0,0.0,56.0,0.0,0.0,0.0,0.0,24.0,1.0,70.0,0.0,123.0,1056.0,286.0,229.0
Manatee-12081117 117,1137.0,12.0,4.0,103.0,25.0,2050.0,265.0,9.0,177.0,17.0,10.0,0.0,223.0,1.0,0.0,0.0,0.0,47.0,3.0,191.0,0.0,442.0,3331.0,934.0,451.0
Manatee-12081119 119,431.0,0.0,1.0,26.0,6.0,846.0,118.0,9.0,49.0,3.0,2.0,2.0,85.0,0.0,0.0,0.0,0.0,36.0,1.0,104.0,0.0,251.0,1310.0,484.0,176.0
Manatee-12081121 121,1307.0,9.0,3.0,86.0,19.0,2424.0,328.0,14.0,186.0,17.0,17.0,0.0,234.0,0.0,0.0,0.0,0.0,60.0,2.0,272.0,0.0,541.0,3848.0,1143.0,528.0
Manatee-12081123 123,1182.0,3.0,1.0,70.0,14.0,1750.0,302.0,16.0,141.0,17.0,6.0,0.0,190.0,0.0,0.0,0.0,0.0,45.0,0.0,220.0,0.0,441.0,3020.0,919.0,459.0
Manatee-12081125 125,692.0,0.0,2.0,28.0,5.0,1101.0,215.0,13.0,129.0,11.0,6.0,1.0,64.0,0.0,0.0,0.0,0.0,40.0,1.0,86.0,0.0,320.0,1828.0,529.0,357.0
Manatee-12081127 127,1473.0,4.0,4.0,103.0,24.0,2951.0,421.0,29.0,224.0,24.0,15.0,1.0,311.0,0.0,0.0,1.0,1.0,98.0,1.0,368.0,0.0,702.0,4559.0,1522.0,674.0
Manatee-12081129 129,337.0,1.0,2.0,12.0,1.0,753.0,104.0,4.0,39.0,7.0,4.0,0.0,78.0,0.0,0.0,0.0,0.0,59.0,0.0,137.0,0.0,266.0,1106.0,551.0,147.0
Manatee-12081131 131,1240.0,7.0,2.0,59.0,17.0,1863.0,293.0,11.0,142.0,15.0,2.0,0.0,152.0,1.0,0.0,0.0,0.0,89.0,3.0,254.0,0.0,450.0,3188.0,966.0,446.0
Manatee-12081133 133,255.0,1.0,0.0,13.0,1.0,481.0,73.0,2.0,20.0,10.0,2.0,0.0,40.0,1.0,0.0,0.0,0.0,42.0,0.0,98.0,0.0,165.0,751.0,358.0,95.0
Manatee-12081135 135,1171.0,10.0,1.0,111.0,24.0,2756.0,262.0,17.0,141.0,26.0,23.0,0.0,355.0,0.0,0.0,0.0,1.0,112.0,2.0,336.0,0.0,606.0,4073.0,1461.0,420.0
Manatee-12081137 137,924.0,7.0,3.0,78.0,24.0,2335.0,205.0,7.0,120.0,15.0,8.0,2.0,260.0,2.0,0.0,0.0,1.0,85.0,2.0,304.0,0.0,557.0,3371.0,1236.0,332.0
Manatee-12081139 139,1420.0,13.0,1.0,130.0,31.0,3541.0,0.0,0.0,0.0,0.0,0.0,0.0,0.0,0.0,0.0,0.0,0.0,0.0,0.0,0.0,0.0,0.0,5136.0,0.0,0.0
Manatee-12081139 A 139 A,0.0,0.0,0.0,0.0,0.0,0.0,294.0,16.0,191.0,21.0,13.0,2.0,395.0,1.0,0.0,0.0,1.0,95.0,2.0,385.0,0.0,787.0,0.0,1702.0,501.0
Manatee-12081139 B 139 B,0.0,0.0,0.0,0.0,0.0,0.0,6.0,2.0,6.0,0.0,1.0,0.0,24.0,0.0,0.0,0.0,0.0,6.0,0.0,18.0,1.0,51.0,0.0,101.0,14.0
Manatee-12081141 141,76.0,1.0,1.0,15.0,7.0,368.0,21.0,4.0,24.0,2.0,5.0,0.0,52.0,0.0,0.0,0.0,0.0,4.0,0.0,31.0,1.0,66.0,468.0,161.0,49.0
Manatee-12081201 201,610.0,3.0,0.0,33.0,9.0,893.0,162.0,9.0,118.0,11.0,5.0,0.0,99.0,0.0,0.0,0.0,1.0,28.0,1.0,82.0,0.0,223.0,1548.0,450.0,289.0
Manatee-12081203 203,353.0,2.0,4.0,18.0,2.0,641.0,75.0,8.0,58.0,5.0,2.0,0.0,58.0,0.0,0.0,0.0,0.0,16.0,1.0,78.0,0.0,151.0,1020.0,311.0,141.0
Manatee-12081205 205,818.0,2.0,0.0,4.0,2.0,36.0,284.0,1.0,61.0,0.0,0.0,0.0,3.0,0.0,0.0,0.0,0.0,1.0,0.0,0.0,0.0,1.0,862.0,5.0,346.0
Manatee-12081207 207,896.0,5.0,1.0,35.0,5.0,848.0,216.0,9.0,89.0,7.0,6.0,0.0,47.0,0.0,0.0,0.0,0.0,34.0,1.0,119.0,0.0,224.0,1790.0,438.0,314.0
Manatee-12081209 209,1065.0,1.0,1.0,24.0,3.0,387.0,369.0,3.0,85.0,3.0,7.0,1.0,36.0,0.0,0.0,0.0,0.0,5.0,0.0,26.0,0.0,80.0,1481.0,158.0,457.0
Manatee-12081211 211,421.0,0.0,0.0,32.0,13.0,946.0,98.0,6.0,76.0,13.0,8.0,2.0,81.0,0.0,0.0,0.0,0.0,29.0,1.0,97.0,0.0,253.0,1412.0,484.0,180.0
Manatee-12081213 213,2047.0,3.0,3.0,61.0,36.0,1105.0,422.0,11.0,214.0,7.0,5.0,0.0,70.0,1.0,0.0,1.0,1.0,34.0,1.0,117.0,2.0,207.0,3255.0,446.0,647.0
Manatee-12081215 215,967.0,4.0,3.0,26.0,13.0,416.0,238.0,6.0,81.0,3.0,1.0,0.0,35.0,0.0,0.0,0.0,0.0,4.0,0.0,21.0,0.0,65.0,1429.0,129.0,325.0
Manatee-12081217 217,1235.0,5.0,1.0,46.0,19.0,1114.0,354.0,11.0,175.0,14.0,6.0,0.0,125.0,1.0,0.0,1.0,0.0,18.0,3.0,96.0,0.0,309.0,2420.0,573.0,540.0
Manatee-12081219 219,1154.0,4.0,3.0,76.0,25.0,1188.0,269.0,11.0,242.0,22.0,10.0,0.0,117.0,3.0,0.0,0.0,1.0,72.0,0.0,193.0,0.0,309.0,2450.0,727.0,522.0
Manatee-12081221 221,1327.0,10.0,7.0,62.0,19.0,1329.0,347.0,23.0,189.0,33.0,8.0,1.0,107.0,0.0,0.0,2.0,1.0,42.0,4.0,136.0,0.0,294.0,2754.0,628.0,559.0
Manatee-12081223 223,1391.0,2.0,0.0,19.0,20.0,323.0,358.0,7.0,77.0,3.0,0.0,1.0,36.0,0.0,0.0,0.0,1.0,3.0,1.0,40.0,0.0,55.0,1755.0,140.0,442.0
Manatee-12081301 301,385.0,3.0,0.0,16.0,2.0,510.0,130.0,3.0,80.0,7.0,3.0,0.0,54.0,0.0,0.0,0.0,0.0,46.0,2.0,103.0,0.0,146.0,916.0,361.0,213.0
Manatee-12081303 303,469.0,0.0,0.0,24.0,12.0,664.0,122.0,3.0,75.0,8.0,3.0,1.0,48.0,0.0,0.0,0.0,0.0,47.0,0.0,116.0,0.0,202.0,1169.0,425.0,200.0
Manatee-12081305 305,502.0,1.0,0.0,19.0,5.0,706.0,134.0,8.0,64.0,9.0,2.0,0.0,43.0,1.0,0.0,0.0,0.0,63.0,0.0,92.0,0.0,210.0,1233.0,420.0,206.0
Manatee-12081307 307,233.0,0.0,1.0,16.0,6.0,380.0,58.0,2.0,55.0,4.0,0.0,0.0,15.0,2.0,0.0,0.0,0.0,17.0,0.0,42.0,1.0,120.0,636.0,201.0,115.0
Manatee-12081309 309,713.0,3.0,1.0,25.0,9.0,990.0,231.0,9.0,82.0,16.0,4.0,0.0,57.0,1.0,0.0,0.0,1.0,102.0,1.0,203.0,0.0,341.0,1741.0,726.0,322.0
Manatee-12081311 311,1385.0,4.0,4.0,106.0,16.0,2525.0,332.0,8.0,244.0,35.0,19.0,1.0,265.0,2.0,0.0,0.0,2.0,135.0,4.0,401.0,3.0,743.0,4040.0,1610.0,584.0
Manatee-12081313 313,908.0,2.0,2.0,56.0,12.0,1660.0,257.0,5.0,153.0,23.0,5.0,0.0,118.0,1.0,0.0,1.0,2.0,112.0,0.0,203.0,0.0,546.0,2640.0,1011.0,415.0
Manatee-12081315 315,1206.0,3.0,2.0,80.0,26.0,1702.0,321.0,11.0,193.0,23.0,6.0,4.0,137.0,3.0,0.0,0.0,1.0,105.0,4.0,255.0,1.0,490.0,3019.0,1029.0,525.0
Manatee-12081317 317,1080.0,6.0,3.0,97.0,27.0,2095.0,268.0,18.0,248.0,28.0,5.0,1.0,242.0,0.0,0.0,0.0,0.0,97.0,1.0,330.0,0.0,513.0,3308.0,1217.0,534.0
Manatee-12081321 321,227.0,2.0,0.0,9.0,0.0,240.0,75.0,0.0,22.0,14.0,3.0,3.0,31.0,0.0,0.0,0.0,0.0,49.0,2.0,68.0,2.0,59.0,478.0,231.0,97.0
Manatee-12081323 323,1386.0,5.0,1.0,106.0,31.0,1999.0,359.0,15.0,213.0,35.0,5.0,0.0,159.0,3.0,1.0,0.0,1.0,88.0,4.0,269.0,2.0,526.0,3528.0,1093.0,587.0
Manatee-12081325 325,997.0,8.0,4.0,56.0,16.0,1569.0,273.0,14.0,182.0,34.0,7.0,0.0,183.0,0.0,0.0,1.0,2.0,80.0,1.0,263.0,0.0,387.0,2650.0,958.0,469.0
Manatee-12081327 327,1325.0,11.0,8.0,113.0,26.0,2231.0,340.0,21.0,219.0,31.0,12.0,1.0,239.0,5.0,0.0,0.0,2.0,83.0,3.0,260.0,2.0,477.0,3714.0,1115.0,580.0
Manatee-12081329 329,1699.0,7.0,1.0,83.0,24.0,1641.0,378.0,9.0,277.0,17.0,6.0,4.0,150.0,1.0,0.0,0.0,1.0,53.0,5.0,213.0,1.0,408.0,3455.0,859.0,664.0
Manatee-12081331 331,778.0,3.0,1.0,44.0,17.0,980.0,221.0,3.0,117.0,33.0,4.0,0.0,75.0,1.0,0.0,0.0,0.0,75.0,0.0,140.0,0.0,282.0,1823.0,610.0,341.0
Manatee-12081333 333,1609.0,11.0,1.0,102.0,37.0,2613.0,432.0,25.0,319.0,50.0,15.0,2.0,252.0,4.0,1.0,1.0,2.0,119.0,4.0,325.0,1.0,671.0,4373.0,1447.0,776.0
Manatee-12081401 401,1086.0,3.0,4.0,60.0,23.0,997.0,188.0,7.0,144.0,11.0,3.0,0.0,70.0,0.0,0.0,1.0,0.0,17.0,1.0,82.0,0.0,213.0,2173.0,398.0,339.0
Manatee-12081403 403,1298.0,9.0,2.0,61.0,27.0,1353.0,328.0,20.0,196.0,24.0,12.0,0.0,97.0,0.0,0.0,0.0,2.0,43.0,2.0,146.0,0.0,323.0,2750.0,649.0,544.0
Manatee-12081405 405,210.0,0.0,0.0,10.0,1.0,373.0,67.0,5.0,47.0,3.0,1.0,0.0,32.0,0.0,0.0,0.0,0.0,19.0,0.0,56.0,0.0,126.0,594.0,237.0,119.0
Manatee-12081407 407,336.0,1.0,1.0,15.0,6.0,467.0,73.0,1.0,80.0,6.0,2.0,0.0,34.0,0.0,0.0,0.0,0.0,31.0,0.0,59.0,0.0,147.0,826.0,279.0,154.0
Manatee-12081409 409,897.0,7.0,1.0,48.0,20.0,1471.0,235.0,15.0,157.0,23.0,5.0,2.0,102.0,0.0,0.0,1.0,3.0,41.0,0.0,133.0,2.0,372.0,2444.0,684.0,407.0
Manatee-12081411 411,1089.0,2.0,4.0,61.0,26.0,1061.0,238.0,14.0,141.0,14.0,9.0,1.0,75.0,1.0,0.0,0.0,1.0,35.0,0.0,95.0,0.0,264.0,2243.0,495.0,393.0
Manatee-12081413 413,1162.0,6.0,5.0,57.0,27.0,1486.0,277.0,10.0,220.0,18.0,6.0,0.0,109.0,0.0,0.0,0.0,0.0,56.0,2.0,143.0,1.0,399.0,2743.0,734.0,507.0
Manatee-12081415 415,1856.0,9.0,4.0,105.0,28.0,1427.0,366.0,16.0,209.0,14.0,14.0,0.0,98.0,1.0,0.0,0.0,1.0,27.0,0.0,131.0,0.0,345.0,3429.0,631.0,591.0
Manatee-12081417 417,1649.0,5.0,4.0,106.0,26.0,2501.0,401.0,13.0,227.0,27.0,14.0,2.0,255.0,0.0,0.0,0.0,1.0,76.0,1.0,314.0,0.0,572.0,4291.0,1262.0,641.0
Manatee-12081419 419,1685.0,7.0,1.0,74.0,23.0,1726.0,420.0,4.0,241.0,16.0,6.0,4.0,139.0,0.0,0.0,0.0,1.0,78.0,0.0,235.0,1.0,450.0,3516.0,930.0,665.0
Manatee-12081421 421,686.0,4.0,3.0,60.0,25.0,1023.0,167.0,9.0,132.0,8.0,3.0,1.0,76.0,0.0,0.0,0.0,0.0,19.0,1.0,145.0,0.0,241.0,1801.0,494.0,308.0
Manatee-12081501 501,1993.0,12.0,4.0,162.0,42.0,3224.0,439.0,18.0,296.0,31.0,23.0,0.0,274.0,0.0,2.0,0.0,2.0,121.0,4.0,392.0,1.0,805.0,5437.0,1655.0,753.0
Manatee-12081503 503,1433.0,2.0,4.0,87.0,16.0,2172.0,386.0,10.0,185.0,33.0,5.0,1.0,206.0,0.0,0.0,1.0,0.0,101.0,1.0,299.0,1.0,583.0,3714.0,1231.0,581.0
Manatee-12081505 505,1885.0,2.0,1.0,69.0,17.0,2256.0,579.0,13.0,241.0,42.0,5.0,3.0,159.0,1.0,0.0,0.0,1.0,158.0,1.0,415.0,2.0,683.0,4230.0,1470.0,833.0
Manatee-12081507 507,1551.0,6.0,2.0,86.0,18.0,1640.0,427.0,12.0,253.0,37.0,7.0,3.0,127.0,0.0,2.0,0.0,0.0,95.0,2.0,254.0,1.0,444.0,3303.0,972.0,692.0
Manatee-12081509 509,838.0,8.0,1.0,66.0,11.0,1890.0,217.0,12.0,128.0,9.0,13.0,1.0,217.0,0.0,0.0,0.0,1.0,60.0,2.0,226.0,0.0,461.0,2814.0,990.0,357.0
Manatee-12081511 511,1175.0,0.0,4.0,66.0,12.0,1988.0,336.0,6.0,141.0,24.0,9.0,0.0,170.0,1.0,0.0,0.0,1.0,103.0,4.0,311.0,1.0,580.0,3245.0,1204.0,483.0
Manatee-12081513 513,1110.0,0.0,0.0,54.0,6.0,1268.0,362.0,6.0,96.0,23.0,4.0,4.0,103.0,1.0,0.0,1.0,0.0,147.0,3.0,274.0,0.0,393.0,2438.0,953.0,464.0
Manatee-12081515 515,1355.0,11.0,3.0,75.0,22.0,2249.0,338.0,5.0,215.0,32.0,5.0,0.0,225.0,1.0,0.0,0.0,2.0,154.0,0.0,329.0,1.0,619.0,3715.0,1368.0,558.0
Manatee-12081517 517,2042.0,2.0,3.0,92.0,28.0,2893.0,539.0,10.0,243.0,43.0,8.0,1.0,231.0,0.0,0.0,0.0,1.0,215.0,4.0,537.0,1.0,838.0,5060.0,1879.0,792.0
Manatee-12081519 519,2618.0,16.0,5.0,155.0,39.0,3898.0,559.0,9.0,273.0,27.0,13.0,2.0,311.0,1.0,0.0,0.0,0.0,175.0,2.0,506.0,0.0,952.0,6731.0,1989.0,841.0
Manatee-12081521 521,1051.0,2.0,0.0,63.0,3.0,1857.0,292.0,4.0,95.0,32.0,2.0,0.0,133.0,1.0,0.0,0.0,1.0,177.0,1.0,417.0,1.0,609.0,2976.0,1374.0,391.0
Manatee-12081523 523,558.0,5.0,2.0,58.0,12.0,1723.0,129.0,6.0,77.0,4.0,8.0,1.0,186.0,0.0,0.0,0.0,0.0,41.0,2.0,182.0,0.0,446.0,2358.0,870.0,212.0
Manatee-12081525 525,76.0,1.0,0.0,8.0,2.0,418.0,15.0,0.0,27.0,3.0,2.0,0.0,35.0,0.0,0.0,0.0,0.0,6.0,0.0,28.0,0.0,114.0,505.0,188.0,42.0
Manatee-12081527 527,273.0,6.0,0.0,28.0,9.0,1145.0,69.0,12.0,67.0,6.0,0.0,2.0,137.0,0.0,0.0,0.0,0.0,17.0,0.0,77.0,0.0,271.0,1461.0,510.0,148.0
Marion-0001,271.0,1.0,4.0,21.0,9.0,476.0,58.0,1.0,56.0,3.0,2.0,0.0,38.0,0.0,0.0,0.0,0.0,33.0,0.0,79.0,0.0,160.0,782.0,315.0,115.0
Marion-0002,529.0,1.0,0.0,1.0,1.0,22.0,173.0,1.0,21.0,0.0,0.0,0.0,1.0,0.0,0.0,0.0,0.0,1.0,0.0,1.0,0.0,2.0,554.0,5.0,195.0
Marion-0003,708.0,2.0,0.0,69.0,14.0,1149.0,152.0,20.0,139.0,11.0,15.0,0.0,102.0,0.0,0.0,0.0,3.0,28.0,2.0,109.0,0.0,279.0,1942.0,549.0,311.0
Marion-0004,1166.0,6.0,5.0,65.0,22.0,1504.0,285.0,12.0,174.0,18.0,8.0,1.0,144.0,2.0,0.0,0.0,0.0,38.0,5.0,182.0,0.0,413.0,2768.0,811.0,471.0
Marion-0005,451.0,1.0,0.0,37.0,5.0,1007.0,138.0,9.0,92.0,15.0,6.0,0.0,94.0,0.0,0.0,0.0,0.0,87.0,0.0,202.0,1.0,352.0,1501.0,757.0,239.0
Marion-0006,706.0,1.0,1.0,63.0,9.0,1162.0,156.0,9.0,137.0,12.0,11.0,0.0,118.0,0.0,0.0,0.0,1.0,58.0,0.0,143.0,2.0,290.0,1942.0,635.0,302.0
Marion-0007,746.0,6.0,3.0,30.0,14.0,1028.0,134.0,6.0,105.0,14.0,3.0,1.0,91.0,0.0,0.0,0.0,3.0,26.0,2.0,98.0,1.0,262.0,1827.0,501.0,245.0
Marion-0008,637.0,3.0,1.0,30.0,11.0,486.0,161.0,5.0,89.0,3.0,2.0,0.0,50.0,0.0,1.0,0.0,1.0,10.0,0.0,46.0,3.0,125.0,1168.0,241.0,255.0
Marion-0009,1249.0,0.0,5.0,9.0,7.0,142.0,374.0,2.0,71.0,1.0,4.0,0.0,6.0,0.0,0.0,0.0,0.0,5.0,0.0,5.0,0.0,9.0,1412.0,30.0,447.0
Marion-0010,715.0,1.0,0.0,4.0,4.0,120.0,278.0,3.0,46.0,0.0,0.0,0.0,9.0,0.0,0.0,0.0,0.0,2.0,0.0,5.0,0.0,26.0,844.0,42.0,327.0
Marion-0011,443.0,1.0,0.0,12.0,9.0,195.0,125.0,3.0,42.0,3.0,1.0,0.0,15.0,0.0,0.0,0.0,0.0,1.0,2.0,10.0,0.0,40.0,660.0,72.0,170.0
Marion-0012,564.0,1.0,3.0,53.0,21.0,998.0,164.0,9.0,102.0,9.0,6.0,0.0,104.0,0.0,0.0,0.0,1.0,15.0,1.0,83.0,0.0,255.0,1640.0,474.0,275.0
Marion-0013,117.0,0.0,0.0,4.0,0.0,215.0,44.0,2.0,26.0,1.0,0.0,0.0,13.0,0.0,0.0,0.0,1.0,8.0,2.0,18.0,0.0,69.0,336.0,112.0,72.0
Marion-0014,725.0,2.0,0.0,64.0,11.0,1774.0,174.0,9.0,115.0,11.0,22.0,0.0,215.0,1.0,0.0,0.0,0.0,107.0,4.0,243.0,0.0,481.0,2576.0,1084.0,298.0
Marion-0015,525.0,2.0,1.0,35.0,6.0,1089.0,141.0,13.0,107.0,16.0,5.0,0.0,137.0,1.0,0.0,0.0,3.0,30.0,0.0,135.0,0.0,341.0,1658.0,668.0,261.0
Marion-0016,426.0,7.0,1.0,48.0,11.0,1132.0,119.0,13.0,112.0,6.0,10.0,1.0,164.0,0.0,0.0,0.0,1.0,59.0,0.0,156.0,1.0,359.0,1625.0,757.0,244.0
Marion-0017,360.0,6.0,1.0,50.0,12.0,849.0,95.0,10.0,86.0,9.0,3.0,0.0,80.0,0.0,0.0,0.0,0.0,26.0,2.0,96.0,1.0,196.0,1278.0,413.0,191.0
Marion-0018,1042.0,6.0,0.0,42.0,21.0,1387.0,212.0,6.0,121.0,4.0,5.0,2.0,101.0,1.0,0.0,1.0,2.0,29.0,0.0,149.0,1.0,324.0,2498.0,619.0,339.0
Marion-0019,530.0,0.0,4.0,29.0,5.0,625.0,91.0,1.0,40.0,2.0,0.0,0.0,4.0,0.0,0.0,0.0,1.0,2.0,0.0,13.0,0.0,31.0,1193.0,53.0,132.0
Marion-0020,0.0,0.0,0.0,0.0,0.0,0.0,119.0,3.0,70.0,6.0,3.0,0.0,68.0,0.0,0.0,0.0,0.0,18.0,0.0,81.0,0.0,164.0,0.0,340.0,192.0
Marion-0040,616.0,2.0,2.0,54.0,14.0,1291.0,151.0,6.0,102.0,9.0,7.0,0.0,98.0,2.0,0.0,0.0,0.0,27.0,0.0,104.0,0.0,294.0,1979.0,541.0,259.0
Marion-0050,347.0,3.0,0.0,26.0,7.0,629.0,82.0,9.0,73.0,5.0,3.0,0.0,51.0,0.0,0.0,0.0,0.0,20.0,0.0,73.0,0.0,193.0,1012.0,345.0,164.0
Marion-0060,92.0,1.0,0.0,11.0,1.0,192.0,29.0,5.0,26.0,2.0,3.0,0.0,24.0,0.0,0.0,0.0,0.0,7.0,1.0,28.0,1.0,38.0,297.0,104.0,60.0
Marion-0070,147.0,0.0,1.0,1.0,1.0,83.0,55.0,1.0,18.0,2.0,0.0,0.0,8.0,0.0,0.0,0.0,1.0,2.0,0.0,9.0,0.0,29.0,233.0,51.0,74.0
Marion-1500,85.0,0.0,0.0,4.0,0.0,292.0,28.0,6.0,22.0,1.0,1.0,0.0,16.0,0.0,0.0,0.0,0.0,3.0,0.0,23.0,0.0,87.0,381.0,131.0,56.0
Marion-1510,152.0,5.0,2.0,16.0,9.0,529.0,45.0,12.0,58.0,3.0,0.0,0.0,41.0,1.0,0.0,0.0,0.0,3.0,0.0,23.0,0.0,140.0,713.0,211.0,115.0
Marion-1520,275.0,1.0,0.0,28.0,3.0,876.0,44.0,6.0,54.0,5.0,3.0,0.0,48.0,0.0,0.0,0.0,0.0,5.0,2.0,37.0,0.0,166.0,1183.0,266.0,104.0
Marion-1521,0.0,0.0,0.0,0.0,0.0,0.0,18.0,4.0,22.0,1.0,1.0,0.0,22.0,0.0,0.0,0.0,0.0,3.0,0.0,20.0,0.0,84.0,0.0,131.0,44.0
Marion-1530,273.0,3.0,0.0,28.0,9.0,1030.0,93.0,8.0,83.0,5.0,3.0,0.0,104.0,0.0,0.0,0.0,2.0,20.0,2.0,62.0,0.0,328.0,1343.0,526.0,184.0
Marion-1540,255.0,8.0,1.0,27.0,7.0,1085.0,56.0,12.0,74.0,5.0,3.0,1.0,83.0,0.0,0.0,0.0,1.0,17.0,0.0,70.0,2.0,292.0,1383.0,474.0,142.0
Marion-1550,555.0,3.0,1.0,29.0,14.0,1626.0,155.0,16.0,111.0,7.0,11.0,1.0,168.0,0.0,0.0,0.0,0.0,22.0,0.0,129.0,0.0,530.0,2228.0,868.0,282.0
Marion-1560,299.0,1.0,1.0,31.0,7.0,962.0,58.0,4.0,57.0,0.0,4.0,1.0,83.0,1.0,0.0,1.0,1.0,20.0,1.0,61.0,0.0,165.0,1301.0,338.0,119.0
Marion-1570,419.0,5.0,1.0,29.0,10.0,1279.0,61.0,4.0,39.0,1.0,3.0,0.0,59.0,0.0,0.0,0.0,0.0,11.0,0.0,52.0,1.0,189.0,1743.0,316.0,104.0
Marion-1580,442.0,1.0,0.0,20.0,3.0,791.0,120.0,15.0,77.0,5.0,2.0,0.0,84.0,0.0,0.0,0.0,0.0,4.0,0.0,56.0,1.0,218.0,1257.0,370.0,212.0
Marion-1590,456.0,3.0,0.0,31.0,11.0,1084.0,112.0,7.0,88.0,6.0,6.0,1.0,110.0,0.0,0.0,0.0,3.0,35.0,2.0,86.0,1.0,289.0,1585.0,539.0,207.0
Marion-1600,505.0,8.0,2.0,44.0,8.0,1288.0,138.0,16.0,128.0,7.0,7.0,1.0,127.0,0.0,0.0,0.0,2.0,22.0,2.0,103.0,0.0,309.0,1855.0,580.0,282.0
Marion-1610,633.0,7.0,2.0,42.0,9.0,1419.0,157.0,14.0,113.0,6.0,6.0,0.0,158.0,1.0,0.0,0.0,2.0,27.0,0.0,168.0,0.0,383.0,2112.0,751.0,284.0
Marion-2500,346.0,0.0,2.0,20.0,5.0,744.0,96.0,13.0,98.0,11.0,3.0,0.0,65.0,0.0,0.0,0.0,0.0,17.0,0.0,57.0,1.0,205.0,1117.0,359.0,207.0
Marion-2510,174.0,1.0,0.0,16.0,6.0,245.0,44.0,2.0,55.0,1.0,2.0,0.0,23.0,0.0,0.0,0.0,0.0,6.0,1.0,23.0,0.0,81.0,442.0,137.0,101.0
Marion-2520,630.0,1.0,1.0,17.0,10.0,778.0,221.0,8.0,80.0,1.0,1.0,0.0,87.0,0.0,0.0,1.0,1.0,28.0,0.0,69.0,0.0,232.0,1437.0,420.0,309.0
Marion-2530,639.0,1.0,0.0,13.0,7.0,518.0,219.0,4.0,76.0,2.0,1.0,0.0,49.0,0.0,0.0,0.0,1.0,7.0,0.0,36.0,2.0,116.0,1178.0,214.0,299.0
Marion-2540,343.0,0.0,0.0,10.0,2.0,452.0,101.0,5.0,32.0,0.0,6.0,0.0,37.0,0.0,0.0,0.0,0.0,2.0,0.0,26.0,0.0,142.0,807.0,213.0,138.0
Marion-2550,389.0,1.0,0.0,19.0,3.0,774.0,121.0,6.0,53.0,3.0,1.0,2.0,85.0,0.0,0.0,0.0,0.0,36.0,0.0,77.0,1.0,251.0,1186.0,456.0,180.0
Marion-2551,249.0,2.0,0.0,5.0,4.0,502.0,70.0,7.0,41.0,0.0,2.0,0.0,42.0,0.0,0.0,1.0,0.0,18.0,0.0,35.0,0.0,164.0,762.0,262.0,118.0
Marion-2560,294.0,0.0,1.0,13.0,0.0,463.0,97.0,3.0,35.0,0.0,2.0,0.0,34.0,0.0,0.0,0.0,1.0,10.0,0.0,39.0,0.0,137.0,771.0,223.0,135.0
Marion-2570,885.0,6.0,1.0,52.0,7.0,916.0,255.0,6.0,104.0,6.0,2.0,0.0,81.0,0.0,0.0,0.0,1.0,16.0,0.0,76.0,0.0,230.0,1867.0,412.0,365.0
Marion-2580,331.0,0.0,0.0,11.0,2.0,489.0,116.0,12.0,48.0,3.0,1.0,0.0,47.0,1.0,0.0,0.0,1.0,20.0,0.0,51.0,0.0,172.0,833.0,296.0,176.0
Marion-2590,398.0,0.0,1.0,8.0,1.0,270.0,115.0,4.0,28.0,2.0,2.0,0.0,27.0,0.0,0.0,0.0,0.0,3.0,0.0,21.0,0.0,72.0,678.0,127.0,147.0
Marion-2600,953.0,7.0,4.0,59.0,20.0,1825.0,188.0,11.0,134.0,14.0,4.0,2.0,122.0,0.0,0.0,0.0,1.0,23.0,0.0,122.0,0.0,419.0,2868.0,707.0,333.0
Marion-2610,465.0,2.0,0.0,10.0,7.0,842.0,175.0,6.0,69.0,13.0,2.0,1.0,75.0,1.0,0.0,0.0,1.0,60.0,0.0,106.0,0.0,335.0,1326.0,594.0,250.0
Marion-2620,126.0,0.0,0.0,4.0,1.0,163.0,45.0,7.0,24.0,0.0,1.0,0.0,14.0,0.0,0.0,0.0,0.0,2.0,0.0,17.0,0.0,59.0,294.0,93.0,76.0
Marion-2621,8.0,0.0,0.0,1.0,0.0,1.0,0.0,0.0,0.0,0.0,0.0,0.0,0.0,0.0,0.0,0.0,0.0,0.0,0.0,0.0,0.0,0.0,10.0,0.0,0.0
Marion-2630,317.0,0.0,0.0,4.0,2.0,84.0,0.0,0.0,0.0,0.0,0.0,0.0,0.0,0.0,0.0,0.0,0.0,0.0,0.0,0.0,0.0,0.0,407.0,0.0,0.0
Marion-2631,0.0,0.0,0.0,0.0,0.0,0.0,12.0,1.0,8.0,1.0,0.0,0.0,10.0,0.0,0.0,0.0,0.0,4.0,0.0,14.0,0.0,35.0,0.0,64.0,21.0
Marion-3500,0.0,0.0,0.0,0.0,0.0,0.0,46.0,3.0,45.0,2.0,2.0,0.0,65.0,1.0,0.0,0.0,0.0,6.0,0.0,44.0,0.0,143.0,0.0,263.0,94.0
Marion-3510,246.0,4.0,8.0,21.0,13.0,813.0,28.0,2.0,21.0,3.0,2.0,0.0,17.0,0.0,0.0,0.0,1.0,1.0,0.0,11.0,0.0,56.0,1105.0,91.0,51.0
Marion-3520,343.0,4.0,0.0,21.0,3.0,1040.0,99.0,12.0,86.0,4.0,5.0,0.0,89.0,0.0,0.0,0.0,1.0,12.0,0.0,77.0,0.0,285.0,1411.0,473.0,197.0
Marion-3530,762.0,4.0,0.0,27.0,8.0,1990.0,269.0,13.0,117.0,10.0,4.0,1.0,145.0,0.0,0.0,0.0,1.0,82.0,0.0,283.0,0.0,726.0,2791.0,1252.0,399.0
Marion-3540,534.0,3.0,2.0,13.0,5.0,1262.0,195.0,9.0,101.0,14.0,4.0,0.0,82.0,0.0,0.0,1.0,0.0,44.0,1.0,130.0,0.0,418.0,1819.0,694.0,305.0
Marion-3550,480.0,0.0,1.0,14.0,3.0,1129.0,197.0,4.0,78.0,10.0,3.0,1.0,84.0,0.0,0.0,0.0,0.0,57.0,0.0,183.0,0.0,398.0,1627.0,736.0,279.0
Marion-3551,482.0,1.0,0.0,20.0,2.0,1050.0,172.0,3.0,68.0,4.0,5.0,0.0,66.0,0.0,0.0,0.0,0.0,64.0,0.0,165.0,0.0,422.0,1555.0,726.0,243.0
Marion-3552,449.0,2.0,1.0,16.0,0.0,1067.0,145.0,12.0,60.0,4.0,8.0,0.0,95.0,1.0,0.0,0.0,0.0,48.0,1.0,167.0,0.0,389.0,1535.0,713.0,217.0
Marion-3553,529.0,2.0,1.0,23.0,4.0,1347.0,203.0,3.0,65.0,12.0,4.0,1.0,107.0,0.0,0.0,0.0,1.0,85.0,1.0,241.0,0.0,512.0,1906.0,964.0,271.0
Marion-3560,242.0,3.0,0.0,17.0,9.0,588.0,48.0,7.0,45.0,2.0,2.0,0.0,66.0,1.0,0.0,0.0,1.0,15.0,0.0,37.0,0.0,156.0,859.0,280.0,100.0
Marion-3570,489.0,3.0,3.0,34.0,10.0,1298.0,101.0,13.0,103.0,3.0,3.0,0.0,124.0,0.0,0.0,0.0,1.0,12.0,3.0,83.0,0.0,315.0,1837.0,544.0,217.0
Marion-3580,665.0,4.0,2.0,35.0,13.0,1630.0,186.0,14.0,104.0,5.0,8.0,2.0,131.0,0.0,0.0,0.0,0.0,29.0,1.0,112.0,1.0,374.0,2349.0,663.0,304.0
Marion-3590,458.0,1.0,3.0,42.0,18.0,1082.0,146.0,11.0,108.0,4.0,6.0,0.0,98.0,0.0,0.0,0.0,0.0,17.0,4.0,83.0,0.0,280.0,1604.0,492.0,265.0
Marion-3600,296.0,2.0,1.0,33.0,8.0,897.0,79.0,5.0,68.0,3.0,4.0,0.0,59.0,0.0,0.0,0.0,1.0,19.0,0.0,74.0,0.0,240.0,1237.0,400.0,152.0
Marion-3610,177.0,2.0,0.0,12.0,7.0,354.0,48.0,1.0,35.0,2.0,1.0,0.0,36.0,0.0,0.0,1.0,0.0,2.0,0.0,21.0,0.0,93.0,552.0,156.0,84.0
Marion-3620,500.0,2.0,0.0,16.0,2.0,1027.0,171.0,8.0,84.0,7.0,2.0,1.0,86.0,0.0,0.0,0.0,0.0,75.0,0.0,165.0,0.0,353.0,1547.0,689.0,263.0
Marion-3621,400.0,2.0,0.0,4.0,2.0,1001.0,157.0,8.0,58.0,12.0,1.0,1.0,75.0,1.0,0.0,0.0,0.0,56.0,0.0,140.0,0.0,383.0,1409.0,669.0,223.0
Marion-3622,460.0,0.0,1.0,17.0,5.0,1082.0,181.0,6.0,92.0,5.0,0.0,2.0,99.0,0.0,0.0,0.0,0.0,59.0,1.0,178.0,0.0,411.0,1565.0,755.0,279.0
Marion-3630,416.0,4.0,1.0,24.0,8.0,1054.0,97.0,16.0,85.0,4.0,6.0,0.0,97.0,0.0,0.0,0.0,0.0,16.0,3.0,81.0,0.0,255.0,1507.0,462.0,198.0
Marion-3640,314.0,1.0,0.0,29.0,14.0,1006.0,62.0,7.0,73.0,7.0,4.0,0.0,87.0,0.0,0.0,0.0,0.0,9.0,0.0,93.0,0.0,264.0,1364.0,464.0,142.0
Marion-3650,284.0,5.0,0.0,31.0,6.0,921.0,96.0,6.0,77.0,1.0,2.0,0.0,62.0,0.0,0.0,0.0,1.0,17.0,1.0,65.0,0.0,228.0,1247.0,377.0,179.0
Marion-3660,464.0,5.0,2.0,26.0,4.0,880.0,133.0,8.0,70.0,7.0,6.0,1.0,84.0,1.0,0.0,0.0,0.0,9.0,0.0,57.0,0.0,223.0,1381.0,388.0,211.0
Marion-3670,1912.0,5.0,2.0,91.0,22.0,1486.0,618.0,10.0,195.0,12.0,4.0,1.0,143.0,0.0,0.0,2.0,2.0,31.0,0.0,131.0,0.0,354.0,3518.0,680.0,823.0
Marion-3680,494.0,5.0,3.0,37.0,5.0,499.0,126.0,3.0,49.0,2.0,1.0,0.0,54.0,1.0,0.0,0.0,0.0,5.0,2.0,50.0,0.0,129.0,1043.0,244.0,178.0
Marion-3690,1057.0,5.0,6.0,62.0,16.0,1439.0,271.0,16.0,134.0,7.0,6.0,0.0,157.0,0.0,1.0,0.0,0.0,15.0,1.0,131.0,0.0,359.0,2585.0,677.0,421.0
Marion-3700,1045.0,2.0,7.0,37.0,9.0,658.0,269.0,6.0,98.0,3.0,2.0,1.0,51.0,1.0,0.0,0.0,0.0,7.0,2.0,55.0,0.0,131.0,1758.0,253.0,373.0
Marion-3710,854.0,4.0,5.0,57.0,13.0,1376.0,182.0,8.0,99.0,1.0,4.0,1.0,134.0,0.0,0.0,0.0,3.0,16.0,2.0,113.0,0.0,354.0,2309.0,628.0,289.0
Marion-3720,222.0,3.0,1.0,18.0,9.0,548.0,75.0,2.0,48.0,1.0,0.0,0.0,46.0,0.0,0.0,0.0,0.0,6.0,0.0,57.0,0.0,144.0,801.0,254.0,125.0
Marion-3721,45.0,0.0,0.0,1.0,0.0,52.0,12.0,1.0,7.0,0.0,1.0,0.0,5.0,0.0,0.0,0.0,0.0,1.0,0.0,3.0,0.0,13.0,98.0,23.0,20.0
Marion-3730,521.0,6.0,4.0,29.0,13.0,1052.0,115.0,10.0,92.0,5.0,5.0,0.0,85.0,0.0,0.0,0.0,0.0,6.0,2.0,51.0,1.0,221.0,1625.0,376.0,217.0
Marion-3740,376.0,1.0,1.0,26.0,4.0,934.0,80.0,7.0,66.0,10.0,4.0,0.0,85.0,1.0,0.0,0.0,2.0,29.0,0.0,115.0,0.0,276.0,1342.0,522.0,153.0
Marion-3750,447.0,2.0,0.0,44.0,7.0,1219.0,72.0,5.0,71.0,4.0,1.0,0.0,85.0,0.0,0.0,0.0,2.0,39.0,0.0,88.0,1.0,274.0,1719.0,494.0,148.0
Marion-3760,399.0,1.0,1.0,39.0,6.0,990.0,183.0,10.0,119.0,14.0,12.0,0.0,201.0,0.0,0.0,0.0,2.0,49.0,1.0,255.0,0.0,548.0,1436.0,1082.0,312.0
Marion-3770,349.0,4.0,4.0,40.0,4.0,1017.0,137.0,14.0,139.0,7.0,7.0,2.0,116.0,1.0,0.0,0.0,1.0,13.0,1.0,86.0,0.0,442.0,1418.0,676.0,290.0
Marion-3780,730.0,8.0,4.0,78.0,17.0,2000.0,162.0,12.0,127.0,9.0,5.0,0.0,158.0,1.0,0.0,0.0,1.0,47.0,3.0,180.0,0.0,383.0,2837.0,787.0,301.0
Marion-3790,119.0,0.0,0.0,16.0,6.0,415.0,98.0,10.0,79.0,6.0,0.0,0.0,80.0,0.0,0.0,0.0,0.0,15.0,1.0,70.0,0.0,239.0,556.0,411.0,187.0
Marion-3800,454.0,7.0,5.0,39.0,15.0,890.0,137.0,7.0,73.0,5.0,5.0,0.0,91.0,0.0,0.0,0.0,0.0,19.0,4.0,89.0,0.0,236.0,1410.0,449.0,217.0
Marion-3810,485.0,1.0,0.0,36.0,13.0,961.0,119.0,9.0,81.0,7.0,7.0,0.0,96.0,1.0,0.0,1.0,0.0,21.0,0.0,109.0,0.0,274.0,1496.0,516.0,209.0
Marion-3820,318.0,2.0,0.0,14.0,5.0,688.0,97.0,3.0,51.0,6.0,4.0,0.0,65.0,1.0,0.0,0.0,1.0,27.0,0.0,88.0,1.0,244.0,1027.0,437.0,151.0
Marion-3830,287.0,1.0,2.0,11.0,8.0,564.0,94.0,10.0,55.0,2.0,3.0,0.0,50.0,0.0,0.0,0.0,0.0,23.0,0.0,66.0,0.0,146.0,873.0,290.0,159.0
Marion-3840,486.0,2.0,2.0,38.0,13.0,1186.0,147.0,14.0,111.0,10.0,7.0,0.0,128.0,2.0,0.0,0.0,3.0,27.0,1.0,152.0,1.0,335.0,1727.0,666.0,272.0
Marion-4500,523.0,1.0,1.0,31.0,2.0,973.0,143.0,11.0,82.0,8.0,2.0,0.0,85.0,2.0,0.0,0.0,0.0,35.0,1.0,98.0,0.0,311.0,1531.0,542.0,236.0
Marion-4510,641.0,6.0,2.0,23.0,8.0,1490.0,227.0,7.0,153.0,10.0,11.0,1.0,152.0,1.0,0.0,0.0,0.0,83.0,2.0,187.0,0.0,465.0,2170.0,912.0,387.0
Marion-4520,568.0,3.0,1.0,39.0,7.0,1404.0,140.0,10.0,111.0,9.0,3.0,0.0,115.0,1.0,0.0,0.0,0.0,23.0,3.0,111.0,0.0,464.0,2022.0,729.0,261.0
Marion-4521,13.0,0.0,0.0,4.0,0.0,90.0,0.0,0.0,0.0,0.0,0.0,0.0,0.0,0.0,0.0,0.0,0.0,0.0,0.0,0.0,0.0,0.0,107.0,0.0,0.0
Marion-4530,285.0,0.0,0.0,11.0,2.0,524.0,102.0,3.0,49.0,2.0,2.0,1.0,56.0,0.0,0.0,0.0,0.0,30.0,1.0,75.0,1.0,191.0,822.0,359.0,154.0
Marion-4540,172.0,1.0,1.0,12.0,6.0,496.0,38.0,4.0,35.0,6.0,0.0,0.0,44.0,0.0,0.0,0.0,2.0,7.0,1.0,17.0,1.0,122.0,688.0,200.0,77.0
Marion-4550,812.0,5.0,4.0,18.0,15.0,389.0,249.0,6.0,70.0,4.0,0.0,0.0,39.0,0.0,0.0,1.0,1.0,10.0,1.0,37.0,0.0,87.0,1243.0,180.0,325.0
Marion-4560,967.0,2.0,6.0,31.0,12.0,576.0,322.0,3.0,88.0,3.0,5.0,1.0,35.0,0.0,0.0,0.0,0.0,3.0,1.0,46.0,0.0,124.0,1594.0,218.0,413.0
Marion-4570,523.0,0.0,2.0,14.0,7.0,948.0,177.0,8.0,86.0,12.0,2.0,1.0,99.0,0.0,0.0,0.0,0.0,65.0,0.0,133.0,0.0,376.0,1494.0,688.0,271.0
Marion-4580,1260.0,2.0,2.0,38.0,8.0,662.0,360.0,3.0,109.0,2.0,8.0,0.0,50.0,0.0,0.0,0.0,0.0,15.0,0.0,48.0,0.0,150.0,1972.0,273.0,472.0
Marion-4590,1382.0,5.0,7.0,36.0,16.0,721.0,400.0,7.0,113.0,7.0,4.0,0.0,69.0,0.0,0.0,0.0,0.0,8.0,0.0,62.0,0.0,142.0,2167.0,292.0,520.0
Marion-4600,333.0,0.0,2.0,13.0,0.0,508.0,124.0,3.0,67.0,8.0,3.0,1.0,56.0,0.0,0.0,0.0,1.0,11.0,1.0,39.0,0.0,162.0,856.0,282.0,194.0
Marion-4610,715.0,2.0,0.0,36.0,14.0,1162.0,230.0,14.0,124.0,11.0,3.0,0.0,86.0,0.0,0.0,1.0,0.0,65.0,0.0,144.0,1.0,360.0,1929.0,671.0,368.0
Marion-4620,791.0,3.0,0.0,40.0,13.0,1392.0,268.0,7.0,139.0,11.0,5.0,0.0,133.0,6.0,0.0,0.0,0.0,86.0,0.0,203.0,0.0,535.0,2239.0,979.0,414.0
Marion-4630,314.0,0.0,0.0,11.0,7.0,463.0,122.0,4.0,54.0,3.0,3.0,1.0,37.0,0.0,0.0,2.0,0.0,24.0,1.0,53.0,1.0,153.0,795.0,278.0,180.0
Marion-4640,904.0,5.0,3.0,46.0,16.0,1194.0,248.0,8.0,149.0,6.0,3.0,4.0,117.0,0.0,0.0,0.0,1.0,33.0,1.0,127.0,1.0,346.0,2168.0,639.0,405.0
Marion-4650,499.0,1.0,0.0,17.0,4.0,890.0,179.0,13.0,83.0,9.0,5.0,2.0,81.0,0.0,0.0,0.0,2.0,54.0,0.0,101.0,2.0,301.0,1411.0,557.0,275.0
Marion-4651,1204.0,5.0,1.0,27.0,10.0,2150.0,432.0,20.0,177.0,31.0,10.0,2.0,190.0,4.0,1.0,0.0,0.0,122.0,0.0,281.0,3.0,723.0,3397.0,1367.0,629.0
Marion-4652,306.0,0.0,0.0,10.0,1.0,521.0,125.0,3.0,39.0,2.0,1.0,0.0,41.0,0.0,0.0,0.0,0.0,28.0,0.0,103.0,0.0,184.0,838.0,359.0,167.0
Marion-4653,118.0,0.0,0.0,5.0,1.0,159.0,54.0,2.0,13.0,5.0,0.0,0.0,6.0,0.0,0.0,0.0,0.0,15.0,0.0,19.0,0.0,52.0,283.0,97.0,69.0
Marion-4654,778.0,2.0,1.0,30.0,4.0,1326.0,255.0,13.0,90.0,9.0,2.0,2.0,99.0,1.0,0.0,0.0,0.0,92.0,1.0,223.0,0.0,392.0,2141.0,821.0,358.0
Marion-4660,589.0,1.0,4.0,32.0,13.0,1146.0,211.0,12.0,116.0,5.0,5.0,2.0,91.0,0.0,0.0,0.0,1.0,31.0,1.0,95.0,0.0,363.0,1785.0,594.0,339.0
Marion-4670,963.0,4.0,0.0,55.0,16.0,1313.0,282.0,7.0,119.0,5.0,6.0,3.0,112.0,0.0,0.0,2.0,2.0,25.0,1.0,118.0,2.0,333.0,2351.0,609.0,408.0
Marion-4680,430.0,1.0,1.0,32.0,8.0,900.0,123.0,6.0,70.0,2.0,3.0,2.0,67.0,1.0,1.0,0.0,0.0,15.0,0.0,81.0,2.0,241.0,1372.0,415.0,199.0
Marion-4690,607.0,6.0,0.0,47.0,18.0,1223.0,170.0,8.0,125.0,3.0,4.0,0.0,113.0,0.0,0.0,0.0,1.0,18.0,0.0,81.0,0.0,332.0,1901.0,552.0,303.0
Marion-4700,121.0,0.0,1.0,11.0,1.0,400.0,39.0,3.0,41.0,1.0,2.0,0.0,33.0,1.0,0.0,0.0,0.0,8.0,0.0,18.0,0.0,131.0,534.0,194.0,83.0
Marion-4710,632.0,5.0,3.0,47.0,16.0,1629.0,173.0,6.0,117.0,5.0,7.0,1.0,136.0,1.0,0.0,0.0,0.0,28.0,1.0,76.0,1.0,420.0,2332.0,676.0,296.0
Marion-4720,292.0,5.0,1.0,16.0,6.0,397.0,123.0,7.0,73.0,4.0,3.0,2.0,45.0,0.0,0.0,0.0,1.0,13.0,0.0,44.0,0.0,188.0,717.0,300.0,203.0
Marion-4721,0.0,0.0,0.0,0.0,0.0,0.0,1.0,0.0,1.0,0.0,0.0,0.0,2.0,0.0,0.0,0.0,0.0,0.0,0.0,0.0,0.0,5.0,0.0,7.0,2.0
Marion-4730,242.0,6.0,2.0,18.0,2.0,508.0,76.0,6.0,40.0,1.0,2.0,0.0,48.0,0.0,0.0,0.0,1.0,8.0,0.0,33.0,0.0,159.0,778.0,252.0,122.0
Marion-4740,216.0,0.0,0.0,10.0,1.0,547.0,100.0,8.0,38.0,6.0,1.0,0.0,56.0,0.0,0.0,0.0,1.0,21.0,0.0,77.0,0.0,182.0,774.0,344.0,146.0
Marion-4750,590.0,3.0,1.0,37.0,13.0,979.0,154.0,5.0,70.0,4.0,7.0,0.0,82.0,0.0,0.0,0.0,0.0,25.0,0.0,118.0,0.0,240.0,1623.0,476.0,229.0
Marion-4760,252.0,0.0,0.0,4.0,5.0,349.0,110.0,5.0,37.0,1.0,5.0,0.0,19.0,0.0,0.0,0.0,0.0,10.0,1.0,57.0,1.0,130.0,610.0,224.0,152.0
Marion-4770,285.0,3.0,0.0,23.0,7.0,765.0,113.0,7.0,80.0,8.0,9.0,1.0,151.0,1.0,0.0,0.0,4.0,57.0,0.0,163.0,0.0,393.0,1083.0,787.0,200.0
Marion-4771,116.0,6.0,1.0,4.0,2.0,265.0,0.0,0.0,0.0,0.0,0.0,0.0,0.0,0.0,0.0,0.0,0.0,0.0,0.0,0.0,0.0,0.0,394.0,0.0,0.0
Marion-4781,0.0,0.0,0.0,0.0,0.0,0.0,32.0,0.0,22.0,0.0,1.0,0.0,8.0,0.0,0.0,0.0,0.0,3.0,0.0,9.0,0.0,32.0,0.0,53.0,54.0
Martin-1208501,0.0,0.0,0.0,0.0,0.0,0.0,212.0,10.0,126.0,16.0,7.0,1.0,80.0,1.0,0.0,0.0,0.0,109.0,1.0,182.0,0.0,514.0,0.0,911.0,348.0
Martin-1208502,0.0,0.0,0.0,0.0,0.0,0.0,305.0,7.0,278.0,37.0,11.0,1.0,181.0,0.0,0.0,1.0,0.0,149.0,4.0,346.0,1.0,813.0,0.0,1544.0,590.0
Martin-1208503,0.0,0.0,0.0,0.0,0.0,0.0,246.0,16.0,191.0,25.0,18.0,2.0,148.0,0.0,0.0,0.0,1.0,121.0,1.0,246.0,0.0,600.0,0.0,1162.0,453.0
Martin-1208504,0.0,0.0,0.0,0.0,0.0,0.0,160.0,10.0,153.0,16.0,7.0,0.0,58.0,0.0,0.0,0.0,0.0,63.0,2.0,119.0,0.0,404.0,0.0,669.0,323.0
Martin-1208505,0.0,0.0,0.0,0.0,0.0,0.0,117.0,3.0,58.0,17.0,3.0,0.0,45.0,1.0,0.0,1.0,1.0,71.0,0.0,104.0,0.0,281.0,0.0,524.0,178.0
Martin-1208506,0.0,0.0,0.0,0.0,0.0,0.0,312.0,8.0,198.0,37.0,11.0,2.0,127.0,1.0,0.0,1.0,1.0,162.0,0.0,257.0,1.0,691.0,0.0,1291.0,518.0
Martin-1208507,0.0,0.0,0.0,0.0,0.0,0.0,440.0,21.0,254.0,43.0,11.0,3.0,152.0,3.0,1.0,1.0,2.0,192.0,6.0,317.0,2.0,747.0,0.0,1480.0,715.0
Martin-1208508,0.0,0.0,0.0,0.0,0.0,0.0,225.0,5.0,80.0,6.0,9.0,0.0,50.0,1.0,1.0,0.0,1.0,35.0,0.0,71.0,0.0,139.0,0.0,313.0,310.0
Martin-1208509,0.0,0.0,0.0,0.0,0.0,0.0,126.0,3.0,76.0,26.0,1.0,2.0,66.0,1.0,0.0,0.0,1.0,165.0,2.0,234.0,0.0,425.0,0.0,923.0,205.0
Martin-120851,861.0,6.0,3.0,50.0,4.0,1371.0,0.0,0.0,0.0,0.0,0.0,0.0,0.0,0.0,0.0,0.0,0.0,0.0,0.0,0.0,0.0,0.0,2295.0,0.0,0.0
Martin-1208510,533.0,0.0,0.0,34.0,5.0,917.0,94.0,2.0,71.0,21.0,5.0,0.0,61.0,0.0,0.0,0.0,0.0,116.0,4.0,144.0,0.0,354.0,1489.0,705.0,167.0
Martin-1208511,829.0,0.0,1.0,66.0,11.0,1363.0,148.0,15.0,132.0,4.0,7.0,1.0,107.0,3.0,1.0,0.0,0.0,40.0,6.0,103.0,0.0,316.0,2270.0,588.0,295.0
Martin-1208512,1507.0,10.0,2.0,89.0,28.0,2758.0,311.0,12.0,208.0,29.0,10.0,2.0,370.0,1.0,0.0,0.0,1.0,152.0,2.0,344.0,1.0,766.0,4394.0,1678.0,531.0
Martin-1208513,1297.0,3.0,1.0,59.0,21.0,2653.0,300.0,14.0,202.0,39.0,9.0,4.0,204.0,0.0,0.0,0.0,3.0,243.0,2.0,305.0,1.0,889.0,4034.0,1699.0,516.0
Martin-1208514,1320.0,5.0,0.0,69.0,20.0,1620.0,307.0,6.0,148.0,33.0,16.0,4.0,111.0,1.0,0.0,0.0,1.0,140.0,1.0,172.0,0.0,485.0,3034.0,964.0,461.0
Martin-1208515,833.0,4.0,2.0,31.0,8.0,1653.0,236.0,13.0,97.0,26.0,7.0,2.0,111.0,1.0,0.0,0.0,3.0,100.0,2.0,215.0,0.0,570.0,2531.0,1037.0,346.0
Martin-1208516,409.0,0.0,0.0,23.0,10.0,403.0,67.0,1.0,62.0,4.0,1.0,0.0,33.0,0.0,0.0,0.0,0.0,11.0,0.0,43.0,0.0,103.0,845.0,195.0,130.0
Martin-1208517,591.0,3.0,2.0,47.0,7.0,1697.0,97.0,10.0,84.0,11.0,6.0,0.0,103.0,0.0,0.0,0.0,2.0,73.0,4.0,160.0,0.0,528.0,2347.0,887.0,191.0
Martin-1208518,1374.0,6.0,1.0,100.0,19.0,2406.0,289.0,10.0,176.0,25.0,12.0,1.0,184.0,3.0,0.0,0.0,0.0,110.0,1.0,281.0,1.0,709.0,3906.0,1327.0,475.0
Martin-1208519,1517.0,3.0,4.0,82.0,22.0,2553.0,364.0,15.0,199.0,27.0,13.0,1.0,197.0,1.0,0.0,0.0,1.0,156.0,5.0,332.0,1.0,716.0,4181.0,1450.0,578.0
Martin-120852,1624.0,2.0,1.0,97.0,36.0,2832.0,0.0,0.0,0.0,0.0,0.0,0.0,0.0,0.0,0.0,0.0,0.0,0.0,0.0,0.0,0.0,0.0,4592.0,0.0,0.0
Martin-1208520,723.0,0.0,1.0,46.0,9.0,1272.0,203.0,13.0,87.0,27.0,6.0,2.0,68.0,1.0,0.0,0.0,1.0,106.0,1.0,198.0,1.0,335.0,2051.0,746.0,303.0
Martin-1208521,1245.0,3.0,0.0,83.0,13.0,2921.0,270.0,15.0,148.0,34.0,14.0,2.0,220.0,0.0,0.0,0.0,1.0,196.0,3.0,444.0,0.0,866.0,4265.0,1780.0,433.0
Martin-1208522,1022.0,5.0,0.0,59.0,17.0,2087.0,272.0,9.0,166.0,27.0,9.0,1.0,184.0,1.0,0.0,0.0,2.0,113.0,3.0,239.0,1.0,633.0,3190.0,1213.0,447.0
Martin-1208523,972.0,5.0,2.0,65.0,25.0,1983.0,201.0,18.0,168.0,10.0,11.0,3.0,201.0,1.0,0.0,0.0,0.0,95.0,1.0,220.0,0.0,508.0,3052.0,1050.0,387.0
Martin-1208524,957.0,0.0,0.0,90.0,10.0,2071.0,167.0,7.0,143.0,36.0,7.0,1.0,149.0,0.0,0.0,0.0,1.0,136.0,2.0,245.0,0.0,615.0,3128.0,1192.0,317.0
Martin-1208525,1406.0,1.0,2.0,88.0,25.0,2937.0,306.0,4.0,179.0,45.0,18.0,4.0,184.0,2.0,0.0,0.0,0.0,204.0,3.0,401.0,0.0,974.0,4459.0,1835.0,489.0
Martin-1208526,1335.0,1.0,0.0,84.0,16.0,2750.0,289.0,9.0,163.0,39.0,9.0,3.0,166.0,0.0,0.0,0.0,0.0,199.0,2.0,395.0,0.0,902.0,4186.0,1715.0,461.0
Martin-1208527,1235.0,10.0,0.0,74.0,26.0,2802.0,246.0,9.0,158.0,34.0,5.0,4.0,224.0,2.0,1.0,0.0,0.0,180.0,0.0,416.0,0.0,818.0,4147.0,1684.0,413.0
Martin-1208528,171.0,0.0,0.0,24.0,0.0,334.0,11.0,0.0,2.0,17.0,0.0,0.0,30.0,1.0,0.0,0.0,0.0,111.0,0.0,110.0,0.0,91.0,529.0,360.0,13.0
Martin-1208529,730.0,1.0,4.0,44.0,15.0,999.0,130.0,12.0,92.0,9.0,6.0,1.0,90.0,0.0,0.0,1.0,2.0,35.0,2.0,113.0,0.0,262.0,1793.0,521.0,234.0
Martin-120853,1284.0,1.0,1.0,87.0,31.0,2215.0,0.0,0.0,0.0,0.0,0.0,0.0,0.0,0.0,0.0,0.0,0.0,0.0,0.0,0.0,0.0,0.0,3619.0,0.0,0.0
Martin-1208530,403.0,1.0,2.0,4.0,1.0,28.0,78.0,1.0,10.0,0.0,0.0,1.0,2.0,0.0,0.0,0.0,0.0,3.0,0.0,3.0,0.0,16.0,439.0,25.0,89.0
Martin-120854,862.0,2.0,1.0,63.0,25.0,1273.0,0.0,0.0,0.0,0.0,0.0,0.0,0.0,0.0,0.0,0.0,0.0,0.0,0.0,0.0,0.0,0.0,2226.0,0.0,0.0
Martin-120855,411.0,0.0,2.0,21.0,5.0,782.0,0.0,0.0,0.0,0.0,0.0,0.0,0.0,0.0,0.0,0.0,0.0,0.0,0.0,0.0,0.0,0.0,1221.0,0.0,0.0
Martin-120856,1465.0,5.0,4.0,87.0,24.0,2310.0,0.0,0.0,0.0,0.0,0.0,0.0,0.0,0.0,0.0,0.0,0.0,0.0,0.0,0.0,0.0,0.0,3895.0,0.0,0.0
Martin-120857,1802.0,6.0,2.0,79.0,22.0,2408.0,0.0,0.0,0.0,0.0,0.0,0.0,0.0,0.0,0.0,0.0,0.0,0.0,0.0,0.0,0.0,0.0,4319.0,0.0,0.0
Martin-120858,830.0,2.0,0.0,18.0,12.0,526.0,0.0,0.0,0.0,0.0,0.0,0.0,0.0,0.0,0.0,0.0,0.0,0.0,0.0,0.0,0.0,0.0,1388.0,0.0,0.0
Martin-120859,637.0,1.0,1.0,41.0,7.0,1280.0,0.0,0.0,0.0,0.0,0.0,0.0,0.0,0.0,0.0,0.0,0.0,0.0,0.0,0.0,0.0,0.0,1967.0,0.0,0.0
Miami-Dade-12086001 PCT 001/067 0001,195.0,0.0,0.0,4.0,2.0,277.0,36.0,1.0,14.0,1.0,0.0,0.0,5.0,0.0,0.0,0.0,0.0,3.0,0.0,41.0,0.0,45.0,478.0,95.0,51.0
Miami-Dade-12086002 PCT 002 0002,521.0,0.0,0.0,13.0,7.0,502.0,123.0,2.0,55.0,3.0,0.0,0.0,11.0,0.0,0.0,0.0,0.0,3.0,1.0,63.0,0.0,77.0,1043.0,158.0,180.0
Miami-Dade-12086003 PCT 003 0003,702.0,2.0,2.0,12.0,9.0,927.0,170.0,4.0,95.0,6.0,2.0,0.0,17.0,0.0,0.0,0.0,0.0,5.0,0.0,73.0,0.0,179.0,1654.0,282.0,269.0
Miami-Dade-12086004 PCT 004 0004,977.0,0.0,1.0,19.0,13.0,553.0,140.0,0.0,67.0,2.0,0.0,0.0,9.0,0.0,0.0,0.0,0.0,6.0,1.0,64.0,0.0,93.0,1563.0,175.0,207.0
Miami-Dade-12086005 PCT 005/068 0005,1000.0,2.0,2.0,19.0,8.0,888.0,203.0,6.0,85.0,4.0,1.0,0.0,14.0,0.0,0.0,0.0,0.0,11.0,0.0,108.0,0.0,149.0,1919.0,287.0,294.0
Miami-Dade-12086006 PCT 006 0006,585.0,0.0,0.0,8.0,4.0,700.0,149.0,1.0,54.0,2.0,2.0,0.0,40.0,0.0,0.0,0.0,0.0,11.0,0.0,99.0,0.0,123.0,1297.0,277.0,204.0
Miami-Dade-12086007 PCT 007 0007,967.0,0.0,1.0,19.0,13.0,463.0,241.0,2.0,108.0,5.0,0.0,0.0,15.0,0.0,0.0,0.0,0.0,18.0,1.0,66.0,0.0,100.0,1463.0,205.0,351.0
Miami-Dade-12086008 PCT 008 0008,645.0,2.0,1.0,7.0,2.0,302.0,162.0,3.0,58.0,1.0,0.0,2.0,4.0,0.0,0.0,0.0,0.0,8.0,0.0,40.0,0.0,45.0,959.0,100.0,223.0
Miami-Dade-12086009 PCT 009/010 0009,1495.0,2.0,4.0,27.0,12.0,1052.0,366.0,13.0,199.0,4.0,2.0,0.0,58.0,1.0,0.0,0.0,0.0,29.0,0.0,211.0,0.0,186.0,2592.0,491.0,578.0
Miami-Dade-12086010 PCT 009/010 0009,16.0,0.0,0.0,0.0,0.0,20.0,0.0,1.0,0.0,0.0,0.0,0.0,0.0,0.0,0.0,0.0,0.0,0.0,0.0,5.0,0.0,2.0,36.0,7.0,1.0
Miami-Dade-12086011 PCT 011 0010,981.0,0.0,0.0,18.0,21.0,411.0,179.0,5.0,124.0,3.0,1.0,1.0,21.0,0.0,0.0,0.0,0.0,9.0,1.0,111.0,0.0,64.0,1431.0,211.0,308.0
Miami-Dade-12086013 PCT 013 0011,1158.0,0.0,5.0,25.0,31.0,475.0,234.0,6.0,134.0,3.0,2.0,0.0,26.0,0.0,0.0,1.0,0.0,6.0,0.0,133.0,0.0,44.0,1694.0,215.0,374.0
Miami-Dade-12086014 PCT 014 0012,1447.0,2.0,4.0,26.0,22.0,534.0,286.0,5.0,139.0,2.0,1.0,1.0,29.0,0.0,0.0,0.0,0.0,11.0,1.0,138.0,0.0,88.0,2035.0,271.0,430.0
Miami-Dade-12086015 PCT 015 0013,456.0,2.0,0.0,8.0,4.0,234.0,105.0,2.0,71.0,1.0,0.0,0.0,11.0,0.0,0.0,0.0,0.0,3.0,0.0,61.0,0.0,33.0,704.0,109.0,178.0
Miami-Dade-12086016 PCT 016 0014,789.0,0.0,0.0,17.0,5.0,314.0,127.0,0.0,68.0,2.0,0.0,0.0,9.0,0.0,0.0,0.0,0.0,8.0,2.0,42.0,0.0,32.0,1125.0,95.0,195.0
Miami-Dade-12086017 PCT 017 0015,1339.0,0.0,1.0,29.0,26.0,431.0,211.0,2.0,141.0,7.0,2.0,0.0,22.0,0.0,0.0,0.0,0.0,5.0,0.0,84.0,0.0,49.0,1826.0,169.0,354.0
Miami-Dade-12086018 PCT 018 0016,1307.0,2.0,1.0,22.0,23.0,347.0,252.0,1.0,138.0,10.0,0.0,0.0,17.0,0.0,0.0,1.0,1.0,2.0,0.0,81.0,0.0,55.0,1702.0,167.0,391.0
Miami-Dade-12086019 PCT 019 0017,441.0,0.0,1.0,10.0,7.0,183.0,72.0,0.0,56.0,0.0,0.0,0.0,9.0,0.0,0.0,0.0,0.0,3.0,1.0,45.0,0.0,24.0,642.0,82.0,128.0
Miami-Dade-12086020 PCT 020 0018,866.0,0.0,0.0,18.0,9.0,436.0,154.0,4.0,53.0,4.0,0.0,0.0,14.0,0.0,0.0,0.0,0.0,9.0,0.0,147.0,0.0,65.0,1329.0,239.0,211.0
Miami-Dade-12086023 PCT 023 0019,1339.0,1.0,0.0,36.0,9.0,950.0,299.0,7.0,86.0,8.0,0.0,0.0,41.0,0.0,0.0,1.0,0.0,25.0,2.0,309.0,1.0,145.0,2335.0,532.0,392.0
Miami-Dade-12086024 PCT 024 0020,862.0,0.0,0.0,28.0,5.0,418.0,266.0,5.0,95.0,4.0,1.0,0.0,22.0,0.0,0.0,0.0,0.0,25.0,0.0,90.0,0.0,99.0,1313.0,241.0,366.0
Miami-Dade-12086025 PCT 025 0021,581.0,2.0,0.0,17.0,8.0,563.0,149.0,3.0,56.0,1.0,0.0,1.0,22.0,1.0,0.0,0.0,0.0,7.0,2.0,139.0,1.0,64.0,1171.0,238.0,208.0
Miami-Dade-12086028 PCT 028 0022,603.0,1.0,0.0,11.0,7.0,523.0,156.0,8.0,108.0,2.0,0.0,0.0,17.0,0.0,0.0,0.0,0.0,17.0,0.0,98.0,0.0,59.0,1145.0,193.0,272.0
Miami-Dade-12086029 PCT 029 0023,613.0,0.0,1.0,11.0,1.0,535.0,179.0,13.0,105.0,3.0,1.0,0.0,29.0,0.0,0.0,0.0,0.0,12.0,0.0,108.0,0.0,70.0,1161.0,223.0,297.0
Miami-Dade-12086030 PCT 030 0024,1793.0,0.0,1.0,37.0,12.0,601.0,590.0,8.0,167.0,11.0,1.0,1.0,26.0,0.0,0.0,0.0,0.0,38.0,0.0,122.0,0.0,118.0,2444.0,317.0,765.0
Miami-Dade-12086031 PCT 031 0025,623.0,0.0,0.0,15.0,3.0,295.0,142.0,2.0,95.0,3.0,0.0,0.0,12.0,0.0,0.0,0.0,0.0,10.0,1.0,56.0,0.0,59.0,936.0,141.0,239.0
Miami-Dade-12086032 PCT 032 0026,1031.0,3.0,0.0,21.0,16.0,762.0,234.0,3.0,65.0,15.0,2.0,1.0,37.0,0.0,0.0,0.0,0.0,13.0,1.0,270.0,1.0,105.0,1833.0,445.0,302.0
Miami-Dade-12086033 PCT 033 0027,911.0,2.0,0.0,10.0,8.0,309.0,245.0,3.0,97.0,3.0,0.0,0.0,12.0,0.0,0.0,0.0,1.0,7.0,1.0,93.0,0.0,52.0,1240.0,169.0,345.0
Miami-Dade-12086036 PCT 036 0028,1648.0,1.0,1.0,31.0,23.0,502.0,373.0,6.0,186.0,6.0,0.0,0.0,17.0,0.0,0.0,0.0,0.0,18.0,1.0,99.0,1.0,80.0,2206.0,222.0,565.0
Miami-Dade-12086037 PCT 037 0029,506.0,0.0,1.0,8.0,6.0,180.0,73.0,1.0,45.0,1.0,0.0,0.0,7.0,0.0,0.0,0.0,0.0,4.0,0.0,11.0,0.0,15.0,701.0,38.0,119.0
Miami-Dade-12086038 PCT 038 0030,197.0,0.0,0.0,4.0,1.0,141.0,59.0,0.0,15.0,4.0,0.0,0.0,3.0,1.0,0.0,0.0,0.0,10.0,0.0,25.0,0.0,19.0,343.0,62.0,74.0
Miami-Dade-12086040 PCT 040 0031,930.0,1.0,4.0,28.0,12.0,362.0,198.0,2.0,88.0,2.0,0.0,0.0,13.0,0.0,0.0,0.0,0.0,10.0,0.0,71.0,1.0,38.0,1337.0,135.0,288.0
Miami-Dade-12086041 PCT 041 0032,1894.0,4.0,5.0,30.0,27.0,569.0,397.0,4.0,201.0,7.0,2.0,1.0,15.0,0.0,0.0,0.0,0.0,12.0,2.0,138.0,0.0,82.0,2529.0,259.0,602.0
Miami-Dade-12086042 PCT 042 0033,971.0,0.0,1.0,19.0,24.0,320.0,259.0,4.0,106.0,2.0,0.0,0.0,6.0,0.0,0.0,0.0,0.0,4.0,1.0,80.0,0.0,57.0,1335.0,150.0,369.0
Miami-Dade-12086043 PCT 043 0034,486.0,1.0,1.0,10.0,13.0,159.0,103.0,2.0,52.0,5.0,1.0,0.0,6.0,0.0,0.0,0.0,0.0,0.0,1.0,52.0,0.0,18.0,670.0,83.0,157.0
Miami-Dade-12086047 PCT 047/048 0035,127.0,0.0,0.0,3.0,0.0,144.0,29.0,0.0,6.0,4.0,0.0,0.0,3.0,0.0,0.0,0.0,0.0,5.0,0.0,22.0,0.0,26.0,274.0,60.0,35.0
Miami-Dade-12086048 PCT 047/048 0035,1242.0,1.0,4.0,32.0,15.0,801.0,296.0,5.0,77.0,8.0,0.0,0.0,28.0,0.0,0.0,0.0,0.0,31.0,3.0,192.0,1.0,163.0,2095.0,426.0,378.0
Miami-Dade-12086051 PCT 051/052 0036,3086.0,5.0,5.0,103.0,22.0,1983.0,503.0,10.0,214.0,29.0,2.0,0.0,110.0,2.0,0.0,0.0,0.0,117.0,1.0,685.0,0.0,310.0,5204.0,1256.0,727.0
Miami-Dade-12086052 PCT 051/052 0036,1.0,0.0,0.0,0.0,0.0,0.0,0.0,0.0,0.0,0.0,0.0,0.0,0.0,0.0,0.0,0.0,0.0,1.0,0.0,0.0,0.0,0.0,1.0,1.0,0.0
Miami-Dade-12086059 PCT 059/157/179/181 0037,3.0,0.0,0.0,0.0,0.0,0.0,0.0,0.0,0.0,0.0,0.0,0.0,0.0,0.0,0.0,0.0,0.0,0.0,0.0,0.0,0.0,0.0,3.0,0.0,0.0
Miami-Dade-12086062 PCT 062/234/269 0038,0.0,0.0,0.0,0.0,0.0,0.0,0.0,0.0,0.0,0.0,0.0,0.0,0.0,0.0,0.0,0.0,0.0,0.0,0.0,0.0,0.0,0.0,0.0,0.0,0.0
Miami-Dade-12086067 PCT 001/067 0001,568.0,0.0,1.0,10.0,6.0,563.0,86.0,3.0,45.0,1.0,0.0,0.0,10.0,0.0,0.0,0.0,0.0,8.0,0.0,85.0,0.0,88.0,1148.0,192.0,134.0
Miami-Dade-12086068 PCT 005/068 0005,1.0,0.0,0.0,0.0,0.0,0.0,0.0,0.0,0.0,0.0,0.0,0.0,0.0,0.0,0.0,0.0,0.0,0.0,0.0,0.0,0.0,0.0,1.0,0.0,0.0
Miami-Dade-12086069 PCT 069/158 0039,365.0,2.0,0.0,5.0,5.0,62.0,88.0,0.0,30.0,3.0,0.0,0.0,2.0,0.0,0.0,0.0,0.0,3.0,0.0,4.0,0.0,10.0,439.0,22.0,118.0
Miami-Dade-12086099 PCT 099 0040,605.0,0.0,0.0,13.0,4.0,555.0,199.0,0.0,55.0,2.0,0.0,0.0,15.0,0.0,0.0,0.0,0.0,25.0,0.0,80.0,0.0,137.0,1177.0,259.0,254.0
Miami-Dade-12086100,2893.0,17.0,16.0,66.0,41.0,641.0,101.0,1.0,60.0,9.0,3.0,0.0,21.0,0.0,0.0,0.0,0.0,2.0,0.0,40.0,0.0,20.0,3674.0,95.0,162.0
Miami-Dade-12086100.1,0.0,0.0,0.0,0.0,0.0,0.0,0.0,0.0,0.0,0.0,0.0,0.0,0.0,0.0,0.0,0.0,0.0,0.0,0.0,0.0,0.0,0.0,0.0,0.0,0.0
Miami-Dade-12086100.2,0.0,0.0,0.0,0.0,0.0,0.0,10.0,0.0,7.0,0.0,0.0,0.0,1.0,0.0,0.0,0.0,0.0,0.0,0.0,5.0,0.0,3.0,0.0,9.0,17.0
Miami-Dade-12086100.3,0.0,0.0,0.0,0.0,0.0,0.0,23.0,0.0,15.0,0.0,0.0,0.0,2.0,0.0,0.0,0.0,0.0,1.0,0.0,5.0,0.0,7.0,0.0,15.0,38.0
Miami-Dade-12086100.4,0.0,0.0,0.0,0.0,0.0,0.0,10.0,0.0,12.0,1.0,0.0,0.0,1.0,0.0,0.0,0.0,0.0,0.0,0.0,6.0,0.0,3.0,0.0,11.0,22.0
Miami-Dade-12086100.5,0.0,0.0,0.0,0.0,0.0,0.0,21.0,0.0,11.0,0.0,0.0,0.0,1.0,0.0,0.0,0.0,0.0,1.0,1.0,3.0,0.0,1.0,0.0,7.0,32.0
Miami-Dade-12086100.6,0.0,0.0,0.0,0.0,0.0,0.0,12.0,0.0,5.0,0.0,0.0,0.0,2.0,0.0,0.0,0.0,0.0,1.0,0.0,2.0,0.0,3.0,0.0,8.0,17.0
Miami-Dade-12086101 PCT 101 0041,1096.0,0.0,0.0,34.0,7.0,679.0,274.0,6.0,151.0,5.0,0.0,0.0,24.0,0.0,0.0,0.0,0.0,16.0,0.0,102.0,1.0,93.0,1816.0,241.0,431.0
Miami-Dade-12086102 PCT 102 0042,1596.0,1.0,2.0,29.0,4.0,1100.0,386.0,6.0,111.0,8.0,1.0,1.0,23.0,0.0,0.0,0.0,0.0,27.0,0.0,153.0,0.0,183.0,2732.0,396.0,503.0
Miami-Dade-12086103 PCT 103 0043,1474.0,0.0,3.0,30.0,14.0,770.0,374.0,5.0,109.0,3.0,0.0,0.0,20.0,0.0,0.0,0.0,0.0,11.0,1.0,63.0,0.0,127.0,2291.0,225.0,488.0
Miami-Dade-12086104 PCT 104/110 0044,49.0,1.0,0.0,1.0,1.0,10.0,4.0,0.0,1.0,1.0,0.0,0.0,5.0,0.0,0.0,0.0,0.0,0.0,0.0,4.0,0.0,0.0,62.0,10.0,5.0
Miami-Dade-12086105 PCT 105 0045,749.0,0.0,0.0,15.0,6.0,369.0,188.0,2.0,77.0,1.0,0.0,1.0,10.0,0.0,0.0,0.0,0.0,22.0,0.0,42.0,0.0,50.0,1139.0,126.0,267.0
Miami-Dade-12086106 PCT 106/107 0046,660.0,0.0,1.0,20.0,10.0,279.0,138.0,1.0,30.0,1.0,1.0,0.0,8.0,0.0,0.0,0.0,0.0,8.0,1.0,37.0,0.0,33.0,970.0,89.0,169.0
Miami-Dade-12086107 PCT 106/107 0046,447.0,1.0,0.0,13.0,7.0,186.0,79.0,1.0,30.0,2.0,0.0,0.0,7.0,0.0,0.0,0.0,0.0,0.0,0.0,22.0,0.0,13.0,654.0,44.0,110.0
Miami-Dade-12086108 PCT 108 0047,1245.0,3.0,5.0,12.0,11.0,398.0,277.0,1.0,85.0,2.0,0.0,1.0,14.0,0.0,0.0,0.0,0.0,2.0,3.0,71.0,0.0,39.0,1674.0,132.0,363.0
Miami-Dade-12086109 PCT 109 0048,1093.0,2.0,0.0,20.0,7.0,565.0,176.0,1.0,87.0,1.0,0.0,1.0,14.0,0.0,0.0,0.0,0.0,11.0,0.0,53.0,0.0,79.0,1687.0,159.0,264.0
Miami-Dade-12086110 PCT 104/110 0044,838.0,0.0,0.0,13.0,7.0,339.0,198.0,3.0,95.0,4.0,0.0,0.0,7.0,0.0,0.0,0.0,0.0,3.0,0.0,23.0,0.0,57.0,1197.0,94.0,296.0
Miami-Dade-12086111 PCT 111 0049,1610.0,3.0,1.0,24.0,13.0,759.0,333.0,4.0,144.0,1.0,0.0,0.0,17.0,1.0,0.0,0.0,0.0,13.0,0.0,70.0,0.0,106.0,2410.0,208.0,481.0
Miami-Dade-12086112 PCT 112 0050,265.0,0.0,0.0,2.0,1.0,123.0,78.0,2.0,35.0,1.0,0.0,0.0,5.0,0.0,0.0,0.0,0.0,1.0,0.0,7.0,0.0,22.0,391.0,36.0,115.0
Miami-Dade-12086113 PCT 113 0051,547.0,1.0,0.0,3.0,6.0,275.0,188.0,3.0,33.0,2.0,0.0,0.0,15.0,0.0,0.0,0.0,0.0,4.0,0.0,51.0,0.0,35.0,832.0,107.0,224.0
Miami-Dade-12086114 PCT 114 0052,807.0,0.0,0.0,10.0,3.0,686.0,244.0,6.0,62.0,3.0,1.0,0.0,11.0,0.0,0.0,0.0,0.0,10.0,0.0,68.0,0.0,124.0,1506.0,217.0,312.0
Miami-Dade-12086115 PCT 115 0053,1729.0,3.0,0.0,33.0,17.0,505.0,319.0,5.0,130.0,10.0,2.0,0.0,15.0,0.0,0.0,0.0,0.0,9.0,0.0,72.0,0.0,60.0,2287.0,168.0,454.0
Miami-Dade-12086116 PCT 116/117/166 0054,319.0,3.0,0.0,5.0,3.0,341.0,83.0,4.0,45.0,1.0,1.0,0.0,24.0,0.0,0.0,0.0,0.0,4.0,0.0,29.0,2.0,29.0,671.0,90.0,132.0
Miami-Dade-12086117 PCT 116/117/166 0054,1477.0,4.0,2.0,8.0,9.0,170.0,298.0,2.0,82.0,1.0,0.0,0.0,5.0,0.0,0.0,0.0,0.0,0.0,0.0,22.0,0.0,23.0,1670.0,51.0,382.0
Miami-Dade-12086118 PCT 118 0055,538.0,0.0,0.0,7.0,2.0,200.0,102.0,1.0,35.0,2.0,0.0,0.0,9.0,0.0,0.0,0.0,0.0,2.0,0.0,20.0,0.0,26.0,747.0,59.0,138.0
Miami-Dade-12086119 PCT 119 0056,843.0,0.0,2.0,11.0,6.0,554.0,164.0,6.0,75.0,1.0,0.0,0.0,36.0,0.0,0.0,0.0,0.0,2.0,0.0,57.0,0.0,36.0,1416.0,132.0,245.0
Miami-Dade-12086120 PCT 120 0057,267.0,0.0,0.0,2.0,2.0,204.0,66.0,0.0,23.0,0.0,0.0,0.0,9.0,0.0,0.0,0.0,0.0,1.0,0.0,34.0,0.0,16.0,475.0,60.0,89.0
Miami-Dade-12086121 PCT 121 0058,651.0,0.0,1.0,4.0,6.0,138.0,115.0,0.0,41.0,0.0,0.0,0.0,7.0,0.0,0.0,0.0,0.0,1.0,0.0,17.0,1.0,21.0,800.0,47.0,156.0
Miami-Dade-12086122 PCT 122/126 0059,6.0,0.0,0.0,0.0,0.0,3.0,3.0,0.0,0.0,0.0,0.0,0.0,0.0,0.0,0.0,0.0,0.0,0.0,0.0,0.0,0.0,0.0,9.0,0.0,3.0
Miami-Dade-12086123 PCT 123 0060,1974.0,0.0,2.0,22.0,21.0,500.0,383.0,5.0,169.0,6.0,0.0,1.0,18.0,0.0,0.0,0.0,0.0,9.0,1.0,40.0,0.0,61.0,2519.0,136.0,557.0
Miami-Dade-12086124 PCT 124 0061,1385.0,1.0,2.0,24.0,25.0,891.0,291.0,6.0,132.0,3.0,1.0,1.0,24.0,0.0,0.0,0.0,0.0,10.0,1.0,135.0,0.0,149.0,2328.0,324.0,429.0
Miami-Dade-12086125 PCT 125 0062,266.0,0.0,0.0,2.0,1.0,84.0,58.0,0.0,23.0,1.0,0.0,0.0,3.0,0.0,0.0,0.0,0.0,2.0,0.0,9.0,1.0,12.0,353.0,28.0,81.0
Miami-Dade-12086126 PCT 122/126 0059,1170.0,0.0,1.0,7.0,7.0,105.0,235.0,0.0,59.0,1.0,0.0,0.0,2.0,0.0,0.0,0.0,0.0,2.0,0.0,14.0,0.0,20.0,1290.0,39.0,294.0
Miami-Dade-12086127 PCT 127 0063,2067.0,2.0,0.0,22.0,14.0,199.0,495.0,0.0,118.0,1.0,1.0,0.0,14.0,0.0,0.0,0.0,0.0,2.0,0.0,18.0,0.0,18.0,2304.0,54.0,613.0
Miami-Dade-12086128 PCT 128 0064,1378.0,1.0,3.0,8.0,20.0,133.0,229.0,1.0,65.0,3.0,1.0,0.0,6.0,0.0,0.0,0.0,0.0,1.0,0.0,19.0,0.0,19.0,1543.0,49.0,295.0
Miami-Dade-12086129 PCT 129 0065,1679.0,0.0,0.0,12.0,13.0,150.0,339.0,4.0,97.0,1.0,1.0,0.0,4.0,0.0,0.0,0.0,0.0,1.0,1.0,16.0,0.0,18.0,1854.0,42.0,440.0
Miami-Dade-12086130 PCT 130 0066,2248.0,4.0,0.0,15.0,23.0,285.0,491.0,4.0,117.0,2.0,0.0,1.0,10.0,0.0,0.0,0.0,0.0,5.0,0.0,36.0,0.0,38.0,2575.0,92.0,612.0
Miami-Dade-12086131 PCT 131 0067,1525.0,1.0,1.0,22.0,15.0,275.0,318.0,6.0,103.0,2.0,1.0,0.0,18.0,0.0,0.0,1.0,0.0,5.0,0.0,29.0,0.0,49.0,1839.0,105.0,427.0
Miami-Dade-12086133 PCT 133 0068,981.0,1.0,3.0,9.0,6.0,138.0,248.0,0.0,38.0,0.0,0.0,0.0,9.0,0.0,0.0,1.0,0.0,2.0,1.0,25.0,0.0,14.0,1138.0,52.0,286.0
Miami-Dade-12086134 PCT 134 0069,1306.0,1.0,0.0,6.0,8.0,119.0,332.0,5.0,69.0,5.0,2.0,0.0,3.0,0.0,1.0,0.0,0.0,1.0,1.0,20.0,0.0,12.0,1440.0,45.0,406.0
Miami-Dade-12086135 PCT 135/172 0070,1588.0,2.0,0.0,18.0,12.0,132.0,381.0,4.0,67.0,4.0,1.0,0.0,3.0,0.0,0.0,0.0,0.0,0.0,0.0,24.0,0.0,6.0,1752.0,38.0,452.0
Miami-Dade-12086136 PCT 136/174 0071,1832.0,2.0,1.0,12.0,10.0,215.0,438.0,4.0,94.0,3.0,0.0,0.0,11.0,0.0,0.0,0.0,0.0,0.0,0.0,25.0,0.0,22.0,2072.0,61.0,536.0
Miami-Dade-12086137 PCT 137/139 0072,214.0,0.0,0.0,1.0,1.0,29.0,54.0,0.0,12.0,0.0,0.0,0.0,0.0,0.0,0.0,0.0,0.0,1.0,0.0,2.0,0.0,2.0,245.0,5.0,66.0
Miami-Dade-12086138 PCT 138 0073,1145.0,1.0,0.0,8.0,8.0,112.0,193.0,2.0,35.0,3.0,0.0,0.0,3.0,0.0,0.0,0.0,0.0,1.0,1.0,14.0,0.0,15.0,1274.0,37.0,230.0
Miami-Dade-12086139 PCT 137/139 0072,794.0,1.0,1.0,5.0,2.0,65.0,143.0,0.0,34.0,1.0,1.0,0.0,0.0,0.0,0.0,0.0,0.0,0.0,0.0,9.0,0.0,5.0,868.0,16.0,177.0
Miami-Dade-12086140 PCT 140 0074,1816.0,2.0,1.0,11.0,11.0,161.0,272.0,1.0,89.0,1.0,1.0,0.0,2.0,0.0,0.0,0.0,0.0,1.0,0.0,19.0,0.0,10.0,2002.0,34.0,362.0
Miami-Dade-12086141 PCT 141 0075,1220.0,3.0,1.0,4.0,7.0,99.0,173.0,0.0,53.0,1.0,0.0,0.0,6.0,0.0,0.0,0.0,0.0,1.0,0.0,10.0,0.0,7.0,1334.0,25.0,226.0
Miami-Dade-12086142 PCT 142 0076,2035.0,1.0,2.0,13.0,24.0,271.0,351.0,3.0,137.0,2.0,1.0,0.0,6.0,1.0,0.0,0.0,1.0,4.0,0.0,51.0,0.0,29.0,2346.0,95.0,491.0
Miami-Dade-12086143 PCT 143 0077,1967.0,2.0,2.0,19.0,18.0,306.0,351.0,2.0,137.0,3.0,0.0,0.0,12.0,0.0,0.0,0.0,0.0,7.0,0.0,27.0,0.0,48.0,2314.0,97.0,490.0
Miami-Dade-12086144 PCT 144/153/160/163 0078,165.0,0.0,0.0,0.0,0.0,17.0,19.0,1.0,8.0,0.0,0.0,0.0,1.0,0.0,0.0,0.0,0.0,0.0,0.0,0.0,0.0,0.0,182.0,1.0,28.0
Miami-Dade-12086145 PCT 145 0079,416.0,0.0,0.0,0.0,2.0,20.0,72.0,0.0,12.0,0.0,0.0,0.0,0.0,0.0,0.0,0.0,0.0,1.0,0.0,0.0,0.0,3.0,438.0,4.0,84.0
Miami-Dade-12086146 PCT 146 0080,1343.0,2.0,1.0,24.0,17.0,721.0,264.0,4.0,164.0,2.0,0.0,0.0,35.0,0.0,0.0,0.0,1.0,13.0,2.0,130.0,0.0,148.0,2108.0,331.0,432.0
Miami-Dade-12086148 PCT 148 0081,1231.0,1.0,1.0,18.0,11.0,620.0,282.0,1.0,97.0,4.0,0.0,0.0,26.0,0.0,0.0,0.0,0.0,18.0,0.0,94.0,1.0,112.0,1882.0,255.0,380.0
Miami-Dade-12086149 PCT 149/150/169 0082,1071.0,0.0,0.0,16.0,6.0,473.0,352.0,4.0,101.0,9.0,0.0,1.0,27.0,1.0,0.0,0.0,0.0,27.0,0.0,75.0,0.0,100.0,1566.0,240.0,457.0
Miami-Dade-12086150 PCT 149/150/169 0082,435.0,0.0,0.0,2.0,3.0,45.0,62.0,1.0,29.0,0.0,0.0,0.0,0.0,0.0,0.0,0.0,0.0,0.0,0.0,1.0,0.0,3.0,485.0,4.0,92.0
Miami-Dade-12086151 PCT 151/177 0083,308.0,0.0,0.0,6.0,1.0,75.0,75.0,1.0,23.0,0.0,0.0,0.0,2.0,0.0,0.0,0.0,0.0,1.0,0.0,18.0,0.0,10.0,390.0,31.0,99.0
Miami-Dade-12086152 PCT 152 0084,1091.0,1.0,0.0,9.0,9.0,167.0,207.0,0.0,110.0,4.0,0.0,0.0,10.0,0.0,0.0,0.0,0.0,5.0,0.0,18.0,0.0,30.0,1277.0,67.0,317.0
Miami-Dade-12086153 PCT 144/153/160/163 0078,66.0,0.0,0.0,1.0,1.0,11.0,15.0,0.0,5.0,0.0,0.0,0.0,0.0,0.0,0.0,0.0,0.0,0.0,0.0,0.0,0.0,0.0,79.0,0.0,20.0
Miami-Dade-12086154 PCT 154 0085,920.0,2.0,0.0,5.0,12.0,168.0,199.0,1.0,91.0,3.0,1.0,0.0,9.0,0.0,0.0,0.0,0.0,5.0,0.0,34.0,0.0,19.0,1107.0,71.0,291.0
Miami-Dade-12086155 PCT 155 0086,929.0,3.0,0.0,13.0,9.0,204.0,261.0,2.0,93.0,2.0,1.0,0.0,16.0,0.0,0.0,0.0,0.0,11.0,0.0,30.0,0.0,26.0,1158.0,86.0,356.0
Miami-Dade-12086156 PCT 156 0087,1009.0,2.0,1.0,20.0,3.0,341.0,297.0,7.0,124.0,2.0,2.0,1.0,25.0,1.0,0.0,1.0,0.0,16.0,0.0,67.0,0.0,84.0,1376.0,199.0,428.0
Miami-Dade-12086157 PCT 059/157/179/181 0037,758.0,0.0,0.0,25.0,5.0,391.0,240.0,6.0,92.0,8.0,0.0,0.0,26.0,0.0,0.0,0.0,0.0,34.0,0.0,57.0,0.0,98.0,1179.0,223.0,338.0
Miami-Dade-12086158 PCT 069/158 0039,199.0,0.0,0.0,0.0,3.0,76.0,49.0,3.0,28.0,1.0,0.0,0.0,8.0,0.0,0.0,0.0,0.0,1.0,2.0,16.0,0.0,15.0,278.0,43.0,80.0
Miami-Dade-12086159 PCT 159 0088,1026.0,0.0,1.0,11.0,14.0,134.0,276.0,0.0,112.0,2.0,0.0,0.0,5.0,0.0,0.0,0.0,0.0,11.0,0.0,10.0,0.0,29.0,1186.0,57.0,388.0
Miami-Dade-12086160 PCT 144/153/160/163 0078,682.0,2.0,0.0,5.0,8.0,85.0,106.0,1.0,51.0,0.0,0.0,0.0,3.0,0.0,0.0,0.0,0.0,0.0,0.0,10.0,0.0,15.0,782.0,28.0,158.0
Miami-Dade-12086161 PCT 161 0089,931.0,1.0,1.0,7.0,8.0,91.0,210.0,2.0,46.0,1.0,0.0,1.0,3.0,0.0,1.0,0.0,0.0,1.0,0.0,15.0,0.0,11.0,1039.0,33.0,258.0
Miami-Dade-12086162 PCT 162 0090,934.0,0.0,2.0,9.0,10.0,66.0,173.0,0.0,24.0,0.0,0.0,0.0,1.0,0.0,0.0,0.0,0.0,2.0,1.0,4.0,0.0,4.0,1021.0,12.0,197.0
Miami-Dade-12086163 PCT 144/153/160/163 0078,811.0,1.0,1.0,5.0,2.0,72.0,133.0,1.0,24.0,0.0,1.0,0.0,0.0,0.0,0.0,0.0,0.0,1.0,0.0,7.0,0.0,12.0,892.0,21.0,158.0
Miami-Dade-12086164 PCT 164/176 0091,961.0,3.0,1.0,8.0,13.0,118.0,176.0,2.0,42.0,2.0,0.0,0.0,4.0,0.0,0.0,0.0,0.0,2.0,0.0,11.0,0.0,11.0,1104.0,30.0,220.0
Miami-Dade-12086165 PCT 165/170/171/175 0092,184.0,0.0,1.0,7.0,5.0,34.0,25.0,0.0,9.0,0.0,1.0,0.0,2.0,0.0,0.0,0.0,0.0,0.0,0.0,5.0,0.0,3.0,231.0,11.0,34.0
Miami-Dade-12086166 PCT 116/117/166 0054,206.0,1.0,1.0,0.0,1.0,33.0,37.0,0.0,14.0,0.0,0.0,0.0,2.0,0.0,0.0,0.0,0.0,0.0,0.0,0.0,0.0,2.0,242.0,4.0,51.0
Miami-Dade-12086167 PCT 167/168/843/932 0093,215.0,0.0,0.0,8.0,4.0,108.0,41.0,0.0,8.0,1.0,0.0,0.0,2.0,0.0,0.0,0.0,0.0,0.0,0.0,19.0,0.0,7.0,335.0,29.0,49.0
Miami-Dade-12086168 PCT 167/168/843/932 0093,1437.0,4.0,4.0,26.0,5.0,411.0,203.0,1.0,73.0,3.0,3.0,0.0,14.0,0.0,0.0,0.0,0.0,0.0,0.0,85.0,0.0,20.0,1887.0,125.0,277.0
Miami-Dade-12086169 PCT 149/150/169 0082,311.0,0.0,0.0,2.0,3.0,49.0,48.0,0.0,27.0,0.0,0.0,0.0,2.0,0.0,0.0,0.0,0.0,2.0,0.0,10.0,0.0,8.0,365.0,22.0,75.0
Miami-Dade-12086170 PCT 165/170/171/175 0092,19.0,0.0,0.0,0.0,0.0,3.0,2.0,0.0,0.0,0.0,0.0,0.0,0.0,0.0,0.0,0.0,0.0,0.0,0.0,0.0,0.0,0.0,22.0,0.0,2.0
Miami-Dade-12086171 PCT 165/170/171/175 0092,69.0,0.0,0.0,0.0,1.0,15.0,17.0,0.0,5.0,0.0,0.0,0.0,1.0,0.0,0.0,0.0,0.0,0.0,0.0,6.0,0.0,3.0,85.0,10.0,22.0
Miami-Dade-12086172 PCT 135/172 0070,121.0,0.0,0.0,0.0,1.0,7.0,33.0,0.0,7.0,0.0,0.0,0.0,0.0,0.0,0.0,0.0,0.0,0.0,0.0,0.0,0.0,0.0,129.0,0.0,40.0
Miami-Dade-12086173 PCT 173/276 0094,155.0,0.0,0.0,0.0,2.0,5.0,55.0,0.0,5.0,0.0,0.0,0.0,1.0,0.0,0.0,0.0,0.0,1.0,0.0,0.0,0.0,0.0,162.0,2.0,60.0
Miami-Dade-12086174 PCT 136/174 0071,93.0,0.0,0.0,0.0,3.0,6.0,19.0,0.0,8.0,0.0,0.0,0.0,1.0,0.0,0.0,0.0,0.0,0.0,0.0,2.0,0.0,0.0,102.0,3.0,27.0
Miami-Dade-12086175 PCT 165/170/171/175 0092,162.0,0.0,1.0,0.0,3.0,43.0,35.0,0.0,11.0,0.0,0.0,0.0,2.0,0.0,0.0,0.0,0.0,1.0,0.0,5.0,0.0,6.0,209.0,14.0,46.0
Miami-Dade-12086176 PCT 164/176 0091,259.0,0.0,2.0,3.0,5.0,55.0,50.0,1.0,13.0,0.0,0.0,0.0,7.0,0.0,0.0,0.0,0.0,0.0,0.0,3.0,0.0,4.0,324.0,14.0,64.0
Miami-Dade-12086177 PCT 151/177 0083,873.0,2.0,1.0,18.0,18.0,309.0,180.0,1.0,161.0,3.0,0.0,0.0,27.0,0.0,0.0,0.0,1.0,11.0,0.0,41.0,0.0,48.0,1221.0,131.0,342.0
Miami-Dade-12086178 PCT 178 0095,665.0,1.0,1.0,4.0,8.0,52.0,173.0,0.0,28.0,1.0,0.0,0.0,1.0,0.0,0.0,0.0,0.0,0.0,0.0,15.0,0.0,4.0,731.0,21.0,201.0
Miami-Dade-12086179 PCT 059/157/179/181 0037,304.0,0.0,0.0,12.0,1.0,136.0,87.0,4.0,30.0,0.0,0.0,0.0,11.0,0.0,0.0,0.0,0.0,17.0,1.0,25.0,0.0,21.0,453.0,75.0,121.0
Miami-Dade-12086181 PCT 059/157/179/181 0037,121.0,0.0,0.0,2.0,1.0,79.0,27.0,0.0,13.0,0.0,0.0,0.0,5.0,0.0,0.0,0.0,0.0,2.0,0.0,11.0,0.0,21.0,203.0,39.0,40.0
Miami-Dade-12086182 PCT 182/187 0096,609.0,1.0,1.0,7.0,3.0,114.0,133.0,1.0,47.0,3.0,1.0,0.0,8.0,0.0,0.0,0.0,0.0,5.0,0.0,14.0,0.0,11.0,735.0,42.0,181.0
Miami-Dade-12086184 PCT 184 0097,1214.0,0.0,2.0,20.0,8.0,759.0,311.0,4.0,94.0,2.0,1.0,0.0,19.0,0.0,0.0,0.0,0.0,18.0,0.0,81.0,0.0,140.0,2003.0,261.0,409.0
Miami-Dade-12086187 PCT 182/187 0096,167.0,1.0,2.0,0.0,1.0,21.0,47.0,0.0,7.0,1.0,0.0,0.0,0.0,1.0,0.0,0.0,0.0,0.0,0.0,3.0,0.0,5.0,192.0,10.0,54.0
Miami-Dade-12086191 PCT 191 0098,421.0,0.0,0.0,10.0,7.0,287.0,105.0,1.0,22.0,2.0,0.0,0.0,17.0,0.0,0.0,0.0,0.0,1.0,0.0,79.0,0.0,46.0,725.0,145.0,128.0
Miami-Dade-12086196 PCT 196 0099,1841.0,2.0,0.0,6.0,11.0,96.0,507.0,2.0,110.0,1.0,2.0,0.0,5.0,0.0,0.0,0.0,0.0,2.0,0.0,5.0,0.0,15.0,1956.0,30.0,619.0
Miami-Dade-12086198 PCT 198/848 0100,637.0,0.0,3.0,12.0,8.0,313.0,89.0,3.0,34.0,5.0,1.0,0.0,17.0,0.0,0.0,0.0,0.0,0.0,0.0,77.0,0.0,28.0,973.0,128.0,126.0
Miami-Dade-12086199 PCT 199/208 0101,587.0,1.0,0.0,6.0,9.0,92.0,121.0,0.0,41.0,0.0,0.0,0.0,1.0,0.0,0.0,1.0,0.0,1.0,0.0,8.0,0.0,8.0,695.0,19.0,162.0
Miami-Dade-12086200 PCT 200 0102,980.0,4.0,1.0,36.0,12.0,607.0,170.0,5.0,66.0,5.0,2.0,0.0,42.0,0.0,0.0,0.0,1.0,3.0,1.0,183.0,0.0,51.0,1640.0,288.0,241.0
Miami-Dade-12086201 PCT 201/202 0103,921.0,5.0,3.0,14.0,6.0,380.0,138.0,0.0,31.0,1.0,0.0,0.0,18.0,0.0,0.0,0.0,1.0,1.0,0.0,89.0,1.0,44.0,1329.0,155.0,169.0
Miami-Dade-12086202 PCT 201/202 0103,1106.0,0.0,2.0,17.0,5.0,312.0,345.0,0.0,59.0,4.0,0.0,1.0,11.0,0.0,0.0,0.0,0.0,0.0,0.0,105.0,1.0,23.0,1442.0,145.0,404.0
Miami-Dade-12086203 PCT 203 0104,1842.0,2.0,1.0,8.0,7.0,71.0,728.0,0.0,104.0,0.0,0.0,0.0,1.0,0.0,0.0,0.0,0.0,1.0,0.0,8.0,0.0,2.0,1931.0,12.0,832.0
Miami-Dade-12086205 PCT 205 0105,1219.0,1.0,2.0,5.0,5.0,35.0,342.0,1.0,67.0,0.0,0.0,1.0,1.0,0.0,0.0,1.0,0.0,0.0,0.0,6.0,0.0,2.0,1267.0,11.0,410.0
Miami-Dade-12086206 PCT 206 0106,1592.0,1.0,2.0,5.0,6.0,95.0,505.0,3.0,91.0,1.0,0.0,1.0,4.0,1.0,0.0,0.0,0.0,1.0,0.0,7.0,0.0,10.0,1701.0,25.0,599.0
Miami-Dade-12086207 PCT 207 0107,1823.0,1.0,0.0,14.0,19.0,289.0,415.0,0.0,126.0,3.0,1.0,0.0,10.0,0.0,0.0,0.0,0.0,12.0,0.0,23.0,1.0,27.0,2146.0,77.0,541.0
Miami-Dade-12086208 PCT 199/208 0101,1515.0,1.0,1.0,18.0,22.0,372.0,383.0,3.0,115.0,2.0,0.0,0.0,9.0,0.0,0.0,0.0,0.0,2.0,0.0,55.0,0.0,38.0,1929.0,106.0,501.0
Miami-Dade-12086209 PCT 209 0108,1966.0,5.0,4.0,30.0,14.0,290.0,446.0,3.0,137.0,1.0,0.0,0.0,10.0,0.0,0.0,0.0,0.0,0.0,1.0,35.0,0.0,30.0,2309.0,77.0,586.0
Miami-Dade-12086210 PCT 210 0109,1114.0,1.0,2.0,10.0,12.0,154.0,208.0,4.0,90.0,3.0,0.0,0.0,11.0,0.0,0.0,0.0,0.0,5.0,2.0,21.0,0.0,22.0,1293.0,64.0,302.0
Miami-Dade-12086212 PCT 212 0110,1527.0,3.0,1.0,14.0,11.0,145.0,396.0,2.0,74.0,1.0,0.0,0.0,6.0,0.0,0.0,0.0,0.0,0.0,0.0,15.0,0.0,15.0,1701.0,37.0,472.0
Miami-Dade-12086213 PCT 213 0111,1832.0,1.0,1.0,13.0,14.0,82.0,523.0,1.0,89.0,0.0,0.0,0.0,4.0,0.0,0.0,0.0,0.0,1.0,0.0,9.0,0.0,9.0,1943.0,23.0,613.0
Miami-Dade-12086214 PCT 214 0112,1922.0,1.0,0.0,7.0,16.0,96.0,611.0,5.0,82.0,3.0,1.0,0.0,9.0,1.0,0.0,0.0,0.0,4.0,0.0,15.0,0.0,10.0,2042.0,43.0,698.0
Miami-Dade-12086215 PCT 215 0113,1604.0,1.0,1.0,8.0,7.0,103.0,461.0,1.0,88.0,0.0,3.0,0.0,4.0,0.0,0.0,0.0,0.0,2.0,0.0,11.0,0.0,14.0,1724.0,34.0,550.0
Miami-Dade-12086216 PCT 216 0114,1993.0,3.0,0.0,4.0,14.0,80.0,639.0,3.0,106.0,0.0,1.0,0.0,0.0,0.0,0.0,0.0,0.0,0.0,0.0,4.0,0.0,11.0,2094.0,16.0,748.0
Miami-Dade-12086217 PCT 217 0115,1509.0,3.0,0.0,8.0,11.0,69.0,598.0,0.0,73.0,1.0,3.0,0.0,2.0,0.0,0.0,0.0,0.0,1.0,0.0,7.0,0.0,4.0,1600.0,18.0,671.0
Miami-Dade-12086218 PCT 218 0116,981.0,1.0,0.0,1.0,8.0,24.0,413.0,1.0,62.0,0.0,0.0,0.0,0.0,0.0,0.0,0.0,0.0,0.0,0.0,3.0,0.0,1.0,1015.0,4.0,476.0
Miami-Dade-12086219 PCT 219 0117,794.0,1.0,0.0,1.0,0.0,46.0,263.0,1.0,20.0,0.0,1.0,0.0,0.0,0.0,0.0,0.0,0.0,1.0,0.0,2.0,0.0,1.0,842.0,5.0,284.0
Miami-Dade-12086221 PCT 221 0118,1596.0,3.0,0.0,11.0,3.0,58.0,646.0,1.0,82.0,2.0,0.0,1.0,3.0,0.0,0.0,0.0,1.0,0.0,0.0,7.0,0.0,7.0,1671.0,21.0,729.0
Miami-Dade-12086222 PCT 222 0119,1740.0,1.0,0.0,5.0,8.0,53.0,738.0,2.0,103.0,1.0,1.0,0.0,2.0,0.0,0.0,0.0,0.0,0.0,0.0,2.0,0.0,4.0,1807.0,10.0,843.0
Miami-Dade-12086223 PCT 223 0120,1442.0,3.0,0.0,8.0,8.0,95.0,482.0,1.0,81.0,1.0,1.0,0.0,9.0,0.0,0.0,0.0,0.0,0.0,0.0,5.0,1.0,6.0,1556.0,23.0,564.0
Miami-Dade-12086224 PCT 224 0121,1271.0,2.0,3.0,9.0,13.0,112.0,385.0,1.0,50.0,2.0,0.0,0.0,2.0,0.0,0.0,0.0,0.0,2.0,0.0,27.0,0.0,5.0,1410.0,38.0,436.0
Miami-Dade-12086225 PCT 225 0122,1690.0,1.0,0.0,10.0,9.0,99.0,619.0,1.0,77.0,2.0,0.0,0.0,2.0,0.0,0.0,0.0,0.0,1.0,0.0,17.0,0.0,7.0,1809.0,29.0,697.0
Miami-Dade-12086226 PCT 226 0123,1214.0,1.0,1.0,10.0,6.0,61.0,451.0,1.0,52.0,0.0,2.0,0.0,4.0,0.0,0.0,0.0,0.0,1.0,2.0,8.0,0.0,4.0,1293.0,21.0,504.0
Miami-Dade-12086227 PCT 227 0124,1528.0,4.0,0.0,10.0,5.0,136.0,498.0,3.0,95.0,1.0,0.0,0.0,2.0,0.0,0.0,1.0,0.0,2.0,1.0,30.0,0.0,13.0,1683.0,50.0,596.0
Miami-Dade-12086228 PCT 228 0125,1749.0,1.0,0.0,8.0,15.0,87.0,556.0,0.0,90.0,0.0,3.0,0.0,5.0,0.0,0.0,0.0,0.0,0.0,0.0,11.0,0.0,6.0,1860.0,25.0,646.0
Miami-Dade-12086229 PCT 229 0126,1346.0,1.0,2.0,13.0,8.0,214.0,380.0,1.0,67.0,2.0,0.0,0.0,11.0,0.0,0.0,0.0,0.0,1.0,0.0,65.0,0.0,8.0,1584.0,87.0,448.0
Miami-Dade-12086230 PCT 230 0127,1247.0,2.0,9.0,17.0,13.0,478.0,295.0,0.0,60.0,9.0,1.0,0.0,33.0,0.0,0.0,0.0,0.0,3.0,0.0,173.0,1.0,34.0,1766.0,254.0,355.0
Miami-Dade-12086231 PCT 231 0128,940.0,4.0,5.0,17.0,11.0,508.0,230.0,3.0,49.0,19.0,0.0,1.0,22.0,0.0,0.0,0.0,0.0,2.0,0.0,164.0,0.0,43.0,1485.0,251.0,282.0
Miami-Dade-12086232 PCT 232 0129,1102.0,1.0,4.0,11.0,14.0,359.0,324.0,3.0,49.0,2.0,0.0,1.0,19.0,0.0,0.0,0.0,0.0,1.0,0.0,137.0,1.0,20.0,1491.0,181.0,376.0
Miami-Dade-12086233 PCT 233 0130,1314.0,1.0,4.0,11.0,11.0,281.0,280.0,1.0,64.0,2.0,0.0,0.0,13.0,0.0,0.0,0.0,0.0,0.0,1.0,52.0,0.0,14.0,1622.0,82.0,345.0
Miami-Dade-12086234 PCT 062/234/269 0038,514.0,1.0,0.0,4.0,0.0,48.0,161.0,0.0,12.0,0.0,0.0,0.0,0.0,0.0,0.0,0.0,0.0,0.0,0.0,9.0,0.0,4.0,567.0,13.0,173.0
Miami-Dade-12086235 PCT 235 0131,364.0,4.0,1.0,3.0,0.0,93.0,99.0,2.0,13.0,2.0,0.0,0.0,1.0,0.0,0.0,0.0,0.0,0.0,0.0,17.0,0.0,15.0,465.0,35.0,114.0
Miami-Dade-12086236 PCT 236 0132,1010.0,2.0,1.0,2.0,3.0,92.0,224.0,1.0,40.0,0.0,1.0,0.0,3.0,0.0,0.0,0.0,0.0,0.0,0.0,20.0,0.0,4.0,1110.0,28.0,265.0
Miami-Dade-12086237 PCT 237 0133,859.0,0.0,2.0,2.0,3.0,62.0,271.0,1.0,36.0,2.0,0.0,0.0,1.0,0.0,0.0,1.0,0.0,0.0,0.0,15.0,0.0,2.0,928.0,21.0,308.0
Miami-Dade-12086238 PCT 238/243 0134,780.0,3.0,1.0,2.0,6.0,67.0,206.0,1.0,46.0,2.0,2.0,0.0,0.0,0.0,0.0,0.0,1.0,1.0,0.0,9.0,0.0,4.0,859.0,19.0,253.0
Miami-Dade-12086239 PCT 239 0135,1799.0,2.0,3.0,18.0,7.0,139.0,499.0,2.0,94.0,0.0,3.0,0.0,8.0,0.0,0.0,0.0,0.0,2.0,0.0,17.0,0.0,14.0,1968.0,44.0,595.0
Miami-Dade-12086240 PCT 240 0136,1716.0,1.0,4.0,8.0,16.0,123.0,559.0,2.0,76.0,3.0,3.0,0.0,4.0,0.0,0.0,0.0,0.0,1.0,1.0,18.0,0.0,11.0,1868.0,41.0,637.0
Miami-Dade-12086241 PCT 241 0137,1497.0,0.0,0.0,8.0,12.0,168.0,453.0,1.0,66.0,2.0,1.0,0.0,10.0,0.0,0.0,0.0,0.0,1.0,0.0,36.0,0.0,17.0,1685.0,67.0,520.0
Miami-Dade-12086242 PCT 242 0138,1795.0,1.0,1.0,9.0,11.0,157.0,389.0,3.0,77.0,1.0,0.0,0.0,1.0,0.0,0.0,0.0,0.0,2.0,0.0,38.0,0.0,20.0,1974.0,62.0,469.0
Miami-Dade-12086243 PCT 238/243 0134,635.0,1.0,0.0,1.0,3.0,28.0,123.0,1.0,34.0,1.0,0.0,0.0,0.0,0.0,0.0,0.0,0.0,1.0,0.0,2.0,0.0,1.0,668.0,5.0,158.0
Miami-Dade-12086244 PCT 244 0139,1506.0,3.0,0.0,15.0,11.0,113.0,392.0,3.0,73.0,3.0,1.0,0.0,2.0,0.0,0.0,0.0,0.0,2.0,0.0,15.0,0.0,5.0,1648.0,28.0,468.0
Miami-Dade-12086245 PCT 245 0140,996.0,0.0,0.0,5.0,8.0,79.0,355.0,5.0,32.0,3.0,0.0,0.0,3.0,0.0,0.0,0.0,0.0,0.0,0.0,21.0,0.0,5.0,1088.0,32.0,392.0
Miami-Dade-12086246 PCT 246 0141,1064.0,3.0,3.0,17.0,9.0,502.0,202.0,3.0,39.0,14.0,1.0,0.0,17.0,0.0,0.0,0.0,0.0,0.0,1.0,190.0,0.0,28.0,1598.0,251.0,244.0
Miami-Dade-12086247 PCT 247 0142,662.0,1.0,5.0,8.0,4.0,209.0,205.0,0.0,33.0,2.0,2.0,0.0,4.0,0.0,0.0,0.0,0.0,0.0,0.0,67.0,0.0,20.0,889.0,95.0,238.0
Miami-Dade-12086248 PCT 248 0143,1373.0,1.0,5.0,19.0,6.0,284.0,422.0,4.0,59.0,4.0,1.0,0.0,15.0,0.0,0.0,0.0,0.0,0.0,0.0,74.0,0.0,20.0,1688.0,114.0,485.0
Miami-Dade-12086249 PCT 249 0144,1283.0,1.0,4.0,5.0,5.0,121.0,502.0,3.0,50.0,4.0,1.0,0.0,6.0,0.0,0.0,0.0,0.0,1.0,0.0,22.0,0.0,8.0,1419.0,42.0,555.0
Miami-Dade-12086250 PCT 250 0145,1494.0,2.0,3.0,9.0,6.0,71.0,504.0,6.0,67.0,1.0,2.0,0.0,2.0,0.0,0.0,0.0,0.0,1.0,0.0,8.0,0.0,7.0,1585.0,21.0,577.0
Miami-Dade-12086251 PCT 251 0146,1669.0,3.0,0.0,12.0,8.0,64.0,667.0,2.0,67.0,1.0,0.0,0.0,1.0,0.0,0.0,0.0,0.0,0.0,0.0,8.0,0.0,3.0,1756.0,13.0,736.0
Miami-Dade-12086253 PCT 253 0147,914.0,1.0,0.0,1.0,4.0,54.0,393.0,3.0,55.0,2.0,0.0,1.0,5.0,0.0,1.0,0.0,0.0,0.0,0.0,16.0,0.0,2.0,974.0,27.0,451.0
Miami-Dade-12086254 PCT 254 0148,1305.0,0.0,1.0,4.0,3.0,62.0,384.0,1.0,41.0,3.0,1.0,0.0,3.0,0.0,0.0,0.0,0.0,0.0,0.0,3.0,0.0,6.0,1375.0,16.0,426.0
Miami-Dade-12086256 PCT 256 0149,1357.0,0.0,3.0,10.0,10.0,173.0,495.0,1.0,64.0,6.0,1.0,0.0,12.0,0.0,0.0,0.0,0.0,2.0,0.0,28.0,0.0,18.0,1553.0,67.0,560.0
Miami-Dade-12086257 PCT 257 0150,1242.0,2.0,1.0,7.0,5.0,41.0,347.0,3.0,62.0,0.0,0.0,0.0,2.0,0.0,0.0,0.0,0.0,0.0,0.0,2.0,0.0,1.0,1298.0,5.0,412.0
Miami-Dade-12086258 PCT 258 0151,652.0,2.0,0.0,2.0,1.0,32.0,174.0,0.0,21.0,0.0,0.0,0.0,0.0,0.0,0.0,0.0,0.0,0.0,0.0,5.0,0.0,0.0,689.0,5.0,195.0
Miami-Dade-12086259 PCT 259/278 0152,898.0,1.0,0.0,3.0,1.0,79.0,313.0,1.0,45.0,1.0,0.0,0.0,2.0,0.0,0.0,0.0,0.0,0.0,0.0,8.0,0.0,9.0,982.0,20.0,359.0
Miami-Dade-12086260 PCT 260/275/400 0153,541.0,0.0,1.0,1.0,1.0,37.0,168.0,1.0,27.0,0.0,0.0,0.0,1.0,0.0,0.0,0.0,0.0,0.0,0.0,0.0,0.0,2.0,581.0,3.0,196.0
Miami-Dade-12086261 PCT 261 0154,1317.0,0.0,1.0,5.0,2.0,47.0,398.0,2.0,49.0,1.0,2.0,1.0,3.0,0.0,0.0,0.0,0.0,1.0,0.0,4.0,0.0,2.0,1372.0,14.0,449.0
Miami-Dade-12086262 PCT 262 0155,1035.0,0.0,0.0,5.0,5.0,93.0,372.0,2.0,42.0,0.0,1.0,0.0,3.0,0.0,0.0,0.0,0.0,1.0,0.0,28.0,0.0,10.0,1138.0,43.0,416.0
Miami-Dade-12086264 PCT 264 0156,782.0,0.0,2.0,5.0,4.0,58.0,231.0,0.0,27.0,0.0,0.0,0.0,1.0,0.0,0.0,0.0,0.0,0.0,0.0,12.0,0.0,5.0,851.0,18.0,258.0
Miami-Dade-12086265 PCT 265/280 0157,52.0,0.0,0.0,0.0,1.0,11.0,15.0,0.0,4.0,0.0,0.0,0.0,0.0,0.0,0.0,0.0,0.0,0.0,0.0,0.0,0.0,0.0,64.0,0.0,19.0
Miami-Dade-12086266 PCT 266/281 0158,39.0,0.0,0.0,0.0,0.0,11.0,20.0,0.0,3.0,2.0,0.0,0.0,0.0,0.0,0.0,0.0,0.0,0.0,0.0,1.0,0.0,2.0,50.0,5.0,23.0
Miami-Dade-12086267 PCT 267 0159,763.0,2.0,3.0,6.0,4.0,118.0,186.0,2.0,36.0,1.0,0.0,0.0,5.0,0.0,0.0,0.0,0.0,0.0,0.0,45.0,0.0,5.0,896.0,56.0,224.0
Miami-Dade-12086269 PCT 062/234/269 0038,969.0,0.0,1.0,3.0,6.0,49.0,404.0,1.0,77.0,0.0,0.0,0.0,1.0,0.0,0.0,0.0,0.0,0.0,0.0,7.0,0.0,4.0,1028.0,12.0,482.0
Miami-Dade-12086270 PCT 270 0160,1542.0,5.0,2.0,8.0,9.0,70.0,486.0,3.0,73.0,0.0,2.0,0.0,3.0,0.0,0.0,0.0,0.0,1.0,0.0,9.0,0.0,5.0,1636.0,20.0,562.0
Miami-Dade-12086272 PCT 272 0161,995.0,2.0,6.0,21.0,5.0,427.0,173.0,2.0,39.0,8.0,2.0,0.0,18.0,0.0,0.0,0.0,0.0,1.0,2.0,149.0,0.0,50.0,1456.0,230.0,214.0
Miami-Dade-12086274 PCT 274 0162,824.0,0.0,3.0,4.0,3.0,140.0,303.0,0.0,33.0,3.0,1.0,1.0,7.0,0.0,0.0,0.0,0.0,0.0,0.0,37.0,0.0,13.0,974.0,62.0,336.0
Miami-Dade-12086275 PCT 260/275/400 0153,212.0,0.0,0.0,4.0,0.0,13.0,75.0,1.0,12.0,1.0,0.0,0.0,0.0,0.0,0.0,0.0,0.0,0.0,0.0,1.0,0.0,1.0,229.0,3.0,88.0
Miami-Dade-12086276 PCT 173/276 0094,918.0,1.0,0.0,4.0,6.0,90.0,193.0,0.0,37.0,1.0,1.0,0.0,3.0,0.0,0.0,0.0,0.0,0.0,0.0,19.0,0.0,8.0,1019.0,32.0,230.0
Miami-Dade-12086278 PCT 259/278 0152,65.0,0.0,0.0,0.0,0.0,32.0,11.0,0.0,4.0,1.0,0.0,0.0,2.0,0.0,0.0,0.0,1.0,1.0,0.0,11.0,0.0,6.0,97.0,22.0,15.0
Miami-Dade-12086280 PCT 265/280 0157,684.0,0.0,0.0,2.0,2.0,24.0,203.0,1.0,28.0,0.0,0.0,0.0,1.0,0.0,0.0,0.0,0.0,0.0,0.0,0.0,0.0,4.0,712.0,5.0,232.0
Miami-Dade-12086281 PCT 266/281 0158,109.0,0.0,0.0,1.0,2.0,51.0,10.0,0.0,3.0,0.0,0.0,0.0,4.0,0.0,0.0,0.0,0.0,0.0,0.0,17.0,0.0,4.0,163.0,25.0,13.0
Miami-Dade-12086282 PCT 282 0163,1508.0,0.0,0.0,10.0,6.0,123.0,516.0,2.0,80.0,0.0,2.0,0.0,2.0,0.0,0.0,0.0,0.0,0.0,1.0,25.0,0.0,7.0,1647.0,37.0,598.0
Miami-Dade-12086284 PCT 284/285 0164,549.0,3.0,1.0,8.0,11.0,288.0,52.0,1.0,19.0,6.0,0.0,0.0,6.0,0.0,0.0,0.0,0.0,2.0,2.0,129.0,1.0,22.0,860.0,168.0,72.0
Miami-Dade-12086285 PCT 284/285 0164,71.0,0.0,1.0,0.0,1.0,52.0,5.0,0.0,2.0,2.0,0.0,0.0,0.0,0.0,0.0,0.0,0.0,1.0,0.0,18.0,0.0,6.0,125.0,27.0,7.0
Miami-Dade-12086288 PCT 288/289/550 0165,3.0,0.0,0.0,0.0,0.0,2.0,2.0,0.0,0.0,0.0,0.0,0.0,0.0,0.0,0.0,0.0,0.0,0.0,0.0,0.0,0.0,0.0,5.0,0.0,2.0
Miami-Dade-12086289 PCT 288/289/550 0165,12.0,0.0,0.0,0.0,0.0,16.0,1.0,0.0,0.0,0.0,0.0,0.0,1.0,0.0,0.0,0.0,0.0,0.0,0.0,8.0,0.0,0.0,28.0,9.0,1.0
Miami-Dade-12086291 PCT 291 0166,1328.0,3.0,0.0,16.0,7.0,328.0,446.0,2.0,61.0,7.0,0.0,0.0,11.0,0.0,0.0,0.0,0.0,4.0,0.0,146.0,0.0,16.0,1682.0,184.0,509.0
Miami-Dade-12086295 PCT 295 0167,2126.0,1.0,0.0,7.0,6.0,97.0,832.0,0.0,122.0,0.0,0.0,0.0,3.0,0.0,0.0,0.0,0.0,1.0,1.0,16.0,0.0,3.0,2237.0,24.0,954.0
Miami-Dade-12086296 PCT 296 0168,1343.0,3.0,5.0,12.0,4.0,268.0,410.0,5.0,61.0,9.0,0.0,0.0,7.0,0.0,0.0,0.0,0.0,4.0,0.0,62.0,0.0,20.0,1635.0,102.0,476.0
Miami-Dade-12086297 PCT 297 0169,996.0,3.0,5.0,18.0,9.0,885.0,148.0,2.0,38.0,10.0,1.0,0.0,32.0,0.0,0.0,0.0,0.0,4.0,0.0,370.0,0.0,89.0,1916.0,506.0,188.0
Miami-Dade-12086298 PCT 298 0170,773.0,5.0,0.0,29.0,13.0,801.0,166.0,11.0,97.0,7.0,2.0,1.0,44.0,0.0,0.0,0.0,0.0,14.0,2.0,223.0,0.0,126.0,1621.0,419.0,274.0
Miami-Dade-12086299 PCT 299 0171,617.0,4.0,3.0,11.0,8.0,512.0,100.0,2.0,19.0,7.0,1.0,1.0,16.0,0.0,0.0,0.0,0.0,1.0,0.0,180.0,0.0,43.0,1155.0,249.0,121.0
Miami-Dade-12086300 PCT 300 0172,1767.0,6.0,5.0,46.0,15.0,876.0,269.0,1.0,75.0,5.0,0.0,0.0,35.0,1.0,0.0,0.0,0.0,2.0,0.0,234.0,0.0,88.0,2715.0,365.0,345.0
Miami-Dade-12086301 PCT 301/369 0173,433.0,3.0,1.0,12.0,4.0,745.0,77.0,11.0,29.0,5.0,1.0,0.0,47.0,0.0,0.0,0.0,0.0,9.0,0.0,204.0,1.0,122.0,1198.0,389.0,117.0
Miami-Dade-12086302 PCT 302 0174,530.0,2.0,4.0,19.0,4.0,744.0,82.0,7.0,38.0,4.0,1.0,0.0,33.0,0.0,0.0,0.0,0.0,6.0,0.0,241.0,1.0,92.0,1303.0,378.0,127.0
Miami-Dade-12086303 PCT 303 0175,1364.0,4.0,2.0,33.0,10.0,952.0,277.0,3.0,97.0,5.0,2.0,1.0,42.0,0.0,0.0,0.0,1.0,13.0,1.0,272.0,0.0,130.0,2365.0,467.0,377.0
Miami-Dade-12086304 PCT 304 0176,1630.0,5.0,1.0,36.0,10.0,606.0,210.0,3.0,74.0,2.0,1.0,0.0,30.0,0.0,0.0,0.0,0.0,2.0,0.0,128.0,0.0,32.0,2288.0,195.0,287.0
Miami-Dade-12086305 PCT 305 0177,1162.0,1.0,6.0,29.0,14.0,1092.0,193.0,4.0,94.0,7.0,0.0,0.0,57.0,0.0,0.0,0.0,1.0,18.0,0.0,364.0,0.0,133.0,2304.0,580.0,291.0
Miami-Dade-12086306 PCT 306 0178,840.0,4.0,4.0,37.0,10.0,719.0,131.0,3.0,61.0,2.0,0.0,0.0,48.0,0.0,0.0,0.0,0.0,13.0,0.0,223.0,0.0,85.0,1614.0,371.0,195.0
Miami-Dade-12086307 PCT 307 0179,667.0,3.0,2.0,24.0,2.0,1034.0,151.0,4.0,52.0,7.0,2.0,0.0,65.0,0.0,0.0,0.0,0.0,17.0,0.0,337.0,1.0,123.0,1732.0,552.0,207.0
Miami-Dade-12086307.1 PCT 307 0179,0.0,0.0,0.0,0.0,0.0,0.0,13.0,0.0,4.0,2.0,0.0,0.0,3.0,0.0,0.0,0.0,0.0,1.0,0.0,25.0,0.0,12.0,0.0,43.0,17.0
Miami-Dade-12086308 PCT 308 0180,465.0,7.0,4.0,12.0,4.0,586.0,70.0,4.0,32.0,8.0,3.0,0.0,31.0,0.0,0.0,0.0,0.0,9.0,0.0,201.0,0.0,62.0,1078.0,314.0,106.0
Miami-Dade-12086308.1 PCT 308 0180,0.0,0.0,0.0,0.0,0.0,0.0,19.0,0.0,9.0,0.0,0.0,0.0,4.0,0.0,0.0,0.0,0.0,4.0,0.0,41.0,0.0,3.0,0.0,52.0,28.0
Miami-Dade-12086309 PCT 309 0181,922.0,6.0,5.0,21.0,9.0,875.0,136.0,5.0,39.0,14.0,0.0,0.0,48.0,0.0,0.0,0.0,0.0,1.0,1.0,337.0,0.0,86.0,1838.0,487.0,180.0
Miami-Dade-12086310 PCT 310 0182,656.0,4.0,4.0,29.0,8.0,910.0,114.0,4.0,31.0,19.0,1.0,0.0,43.0,0.0,0.0,0.0,0.0,2.0,1.0,354.0,0.0,69.0,1611.0,489.0,149.0
Miami-Dade-12086311 PCT 311/391/392 0183,1128.0,2.0,4.0,30.0,11.0,1091.0,195.0,8.0,41.0,17.0,0.0,1.0,36.0,0.0,0.0,0.0,1.0,0.0,1.0,429.0,0.0,98.0,2266.0,583.0,244.0
Miami-Dade-12086312 PCT 312 0184,762.0,2.0,5.0,19.0,4.0,649.0,109.0,5.0,23.0,10.0,0.0,0.0,41.0,0.0,0.0,0.0,0.0,1.0,0.0,230.0,0.0,68.0,1441.0,350.0,137.0
Miami-Dade-12086314 PCT 314/319 0185,46.0,0.0,0.0,1.0,1.0,105.0,11.0,0.0,2.0,3.0,0.0,0.0,0.0,0.0,0.0,0.0,0.0,0.0,0.0,48.0,0.0,11.0,153.0,62.0,13.0
Miami-Dade-12086315 PCT 315 0186,585.0,0.0,3.0,20.0,7.0,781.0,82.0,4.0,24.0,14.0,2.0,0.0,30.0,0.0,0.0,0.0,1.0,3.0,0.0,372.0,0.0,72.0,1396.0,494.0,110.0
Miami-Dade-12086316 PCT 316 0187,473.0,1.0,2.0,11.0,8.0,700.0,80.0,7.0,28.0,7.0,0.0,1.0,53.0,1.0,0.0,0.0,0.0,5.0,0.0,349.0,0.0,62.0,1195.0,478.0,115.0
Miami-Dade-12086317 PCT 317 0188,359.0,0.0,2.0,23.0,4.0,684.0,68.0,10.0,17.0,6.0,0.0,1.0,30.0,0.0,0.0,0.0,0.0,4.0,0.0,290.0,0.0,64.0,1072.0,395.0,95.0
Miami-Dade-12086318 PCT 318 0189,911.0,5.0,3.0,28.0,9.0,1269.0,147.0,3.0,37.0,16.0,1.0,0.0,59.0,0.0,0.0,0.0,0.0,10.0,0.0,568.0,1.0,112.0,2225.0,767.0,187.0
Miami-Dade-12086319 PCT 314/319 0185,358.0,1.0,2.0,13.0,1.0,611.0,59.0,2.0,16.0,8.0,1.0,2.0,30.0,0.0,0.0,0.0,0.0,3.0,0.0,255.0,0.0,66.0,986.0,365.0,77.0
Miami-Dade-12086320 PCT 320 0190,976.0,1.0,2.0,26.0,9.0,1157.0,157.0,3.0,39.0,13.0,3.0,0.0,56.0,0.0,0.0,0.0,1.0,4.0,2.0,468.0,1.0,114.0,2171.0,662.0,199.0
Miami-Dade-12086321 PCT 321 0191,1353.0,2.0,13.0,28.0,15.0,1041.0,233.0,5.0,39.0,16.0,0.0,2.0,35.0,0.0,0.0,0.0,0.0,6.0,0.0,425.0,1.0,86.0,2452.0,571.0,277.0
Miami-Dade-12086322 PCT 322 0192,1018.0,2.0,5.0,18.0,10.0,538.0,150.0,2.0,45.0,10.0,1.0,0.0,16.0,0.0,0.0,0.0,0.0,0.0,0.0,192.0,0.0,45.0,1591.0,264.0,197.0
Miami-Dade-12086323 PCT 323 0193,716.0,1.0,2.0,15.0,5.0,657.0,125.0,3.0,19.0,14.0,1.0,1.0,22.0,0.0,0.0,0.0,0.0,1.0,0.0,322.0,0.0,59.0,1396.0,420.0,147.0
Miami-Dade-12086324 PCT 324 0194,601.0,1.0,8.0,8.0,3.0,586.0,97.0,1.0,16.0,14.0,0.0,0.0,12.0,0.0,0.0,0.0,0.0,1.0,0.0,257.0,0.0,47.0,1207.0,331.0,114.0
Miami-Dade-12086325 PCT 325 0195,312.0,0.0,1.0,8.0,0.0,562.0,31.0,2.0,12.0,5.0,2.0,0.0,31.0,0.0,0.0,0.0,0.0,2.0,0.0,255.0,0.0,74.0,883.0,369.0,45.0
Miami-Dade-12086326 PCT 326 0196,315.0,0.0,0.0,6.0,1.0,509.0,37.0,2.0,10.0,3.0,1.0,0.0,17.0,0.0,0.0,0.0,0.0,3.0,0.0,282.0,0.0,54.0,831.0,360.0,49.0
Miami-Dade-12086327 PCT 327 0197,1022.0,4.0,7.0,27.0,12.0,688.0,143.0,7.0,26.0,10.0,0.0,0.0,31.0,0.0,0.0,0.0,0.0,1.0,0.0,228.0,1.0,41.0,1760.0,312.0,176.0
Miami-Dade-12086328 PCT 328 0198,876.0,1.0,2.0,15.0,12.0,1178.0,130.0,2.0,49.0,13.0,0.0,0.0,39.0,0.0,0.0,0.0,0.0,5.0,2.0,530.0,1.0,112.0,2084.0,702.0,181.0
Miami-Dade-12086329 PCT 329/335/336 0199,11.0,0.0,0.0,0.0,0.0,1.0,6.0,0.0,1.0,0.0,0.0,0.0,0.0,0.0,0.0,0.0,0.0,0.0,0.0,0.0,0.0,0.0,12.0,0.0,7.0
Miami-Dade-12086330 PCT 330/353 0200,953.0,3.0,5.0,32.0,7.0,996.0,142.0,3.0,54.0,5.0,2.0,0.0,59.0,0.0,0.0,0.0,0.0,11.0,1.0,475.0,1.0,104.0,1996.0,658.0,199.0
Miami-Dade-12086331 PCT 331 0201,908.0,5.0,9.0,24.0,5.0,1251.0,155.0,6.0,30.0,21.0,1.0,0.0,53.0,0.0,0.0,0.0,2.0,2.0,0.0,601.0,1.0,66.0,2202.0,747.0,191.0
Miami-Dade-12086332 PCT 332/334 0202,680.0,0.0,3.0,19.0,4.0,592.0,91.0,2.0,23.0,14.0,0.0,1.0,31.0,0.0,0.0,0.0,0.0,1.0,1.0,263.0,1.0,69.0,1298.0,381.0,116.0
Miami-Dade-12086333 PCT 333 0203,571.0,0.0,0.0,15.0,2.0,607.0,111.0,2.0,21.0,15.0,0.0,0.0,22.0,0.0,0.0,0.0,0.0,2.0,0.0,260.0,0.0,65.0,1195.0,364.0,134.0
Miami-Dade-12086334 PCT 332/334 0202,54.0,1.0,0.0,0.0,0.0,29.0,12.0,0.0,1.0,0.0,0.0,0.0,3.0,0.0,0.0,0.0,0.0,0.0,0.0,9.0,1.0,5.0,84.0,18.0,13.0
Miami-Dade-12086335 PCT 329/335/336 0199,609.0,4.0,3.0,10.0,4.0,476.0,138.0,3.0,17.0,13.0,2.0,0.0,20.0,0.0,0.0,1.0,0.0,0.0,0.0,238.0,0.0,31.0,1106.0,305.0,158.0
Miami-Dade-12086336 PCT 329/335/336 0199,252.0,1.0,6.0,9.0,2.0,303.0,36.0,1.0,5.0,5.0,0.0,0.0,10.0,0.0,0.0,0.0,0.0,2.0,2.0,125.0,0.0,37.0,573.0,181.0,42.0
Miami-Dade-12086337 PCT 337 0204,974.0,0.0,2.0,28.0,5.0,1081.0,144.0,11.0,47.0,13.0,0.0,0.0,48.0,0.0,0.0,1.0,0.0,0.0,0.0,499.0,1.0,79.0,2090.0,641.0,202.0
Miami-Dade-12086338 PCT 338/378/381 0205,415.0,1.0,3.0,13.0,3.0,491.0,51.0,3.0,14.0,16.0,0.0,0.0,15.0,0.0,0.0,0.0,0.0,0.0,1.0,236.0,0.0,56.0,926.0,324.0,68.0
Miami-Dade-12086339 PCT 339 0206,1143.0,2.0,9.0,27.0,16.0,1080.0,182.0,6.0,29.0,15.0,1.0,0.0,35.0,0.0,0.0,0.0,1.0,4.0,1.0,555.0,0.0,104.0,2277.0,716.0,217.0
Miami-Dade-12086340 PCT 340 0207,1625.0,1.0,8.0,36.0,9.0,1138.0,250.0,6.0,49.0,40.0,1.0,2.0,39.0,0.0,0.0,0.0,0.0,5.0,0.0,503.0,0.0,80.0,2817.0,670.0,305.0
Miami-Dade-12086341 PCT 341/345/465 0208,5.0,0.0,0.0,0.0,0.0,0.0,0.0,0.0,0.0,0.0,0.0,0.0,0.0,0.0,0.0,0.0,0.0,0.0,0.0,0.0,0.0,0.0,5.0,0.0,0.0
Miami-Dade-12086342 PCT 342/382 0209,573.0,5.0,5.0,17.0,7.0,623.0,88.0,2.0,38.0,12.0,0.0,0.0,27.0,0.0,0.0,0.0,0.0,4.0,0.0,305.0,0.0,58.0,1230.0,406.0,128.0
Miami-Dade-12086343 PCT 343 0210,1061.0,4.0,8.0,36.0,19.0,877.0,184.0,7.0,87.0,8.0,1.0,0.0,44.0,0.0,0.0,0.0,0.0,12.0,0.0,248.0,0.0,131.0,2005.0,444.0,278.0
Miami-Dade-12086344 PCT 344 0211,783.0,1.0,2.0,20.0,7.0,766.0,188.0,8.0,111.0,5.0,4.0,2.0,39.0,0.0,0.0,0.0,0.0,12.0,0.0,218.0,0.0,138.0,1579.0,418.0,307.0
Miami-Dade-12086345 PCT 341/345/465 0208,0.0,0.0,0.0,0.0,0.0,3.0,1.0,0.0,1.0,0.0,0.0,0.0,0.0,0.0,0.0,0.0,0.0,0.0,0.0,0.0,0.0,0.0,3.0,0.0,2.0
Miami-Dade-12086346 PCT 346 0212,693.0,7.0,0.0,38.0,7.0,759.0,139.0,6.0,112.0,4.0,4.0,1.0,43.0,0.0,0.0,0.0,0.0,12.0,0.0,234.0,0.0,144.0,1504.0,442.0,257.0
Miami-Dade-12086347 PCT 347/383/395 0213,575.0,2.0,2.0,16.0,8.0,440.0,117.0,2.0,59.0,4.0,1.0,0.0,28.0,0.0,0.0,0.0,0.0,11.0,0.0,133.0,0.0,49.0,1043.0,226.0,178.0
Miami-Dade-12086348 PCT 348/394 0214,226.0,0.0,2.0,16.0,1.0,246.0,31.0,2.0,7.0,2.0,0.0,0.0,4.0,0.0,0.0,0.0,0.0,2.0,1.0,70.0,0.0,30.0,491.0,109.0,40.0
Miami-Dade-12086349 PCT 349 0215,940.0,5.0,7.0,16.0,15.0,677.0,160.0,0.0,32.0,11.0,2.0,1.0,35.0,1.0,0.0,0.0,1.0,0.0,1.0,254.0,0.0,67.0,1660.0,373.0,192.0
Miami-Dade-12086350 PCT 350 0216,823.0,1.0,0.0,15.0,6.0,354.0,241.0,2.0,55.0,4.0,0.0,0.0,21.0,0.0,0.0,0.0,0.0,3.0,0.0,94.0,0.0,22.0,1199.0,144.0,298.0
Miami-Dade-12086351 PCT 351 0217,1795.0,4.0,6.0,29.0,25.0,680.0,371.0,1.0,118.0,8.0,1.0,0.0,32.0,0.0,0.0,0.0,0.0,8.0,0.0,168.0,0.0,46.0,2539.0,263.0,490.0
Miami-Dade-12086352 PCT 352 0218,1023.0,5.0,2.0,46.0,6.0,1607.0,232.0,8.0,62.0,11.0,4.0,1.0,100.0,0.0,0.0,0.0,0.0,25.0,1.0,688.0,0.0,196.0,2689.0,1026.0,302.0
Miami-Dade-12086353 PCT 330/353 0200,824.0,2.0,2.0,31.0,8.0,823.0,96.0,3.0,45.0,5.0,0.0,0.0,31.0,0.0,0.0,0.0,0.0,4.0,1.0,346.0,0.0,77.0,1690.0,464.0,144.0
Miami-Dade-12086354 PCT 354 0219,291.0,0.0,3.0,9.0,6.0,539.0,43.0,0.0,10.0,6.0,2.0,0.0,35.0,0.0,0.0,0.0,0.0,1.0,0.0,212.0,0.0,53.0,848.0,309.0,53.0
Miami-Dade-12086355 PCT 355 0220,1830.0,3.0,6.0,34.0,16.0,679.0,318.0,1.0,91.0,7.0,2.0,0.0,32.0,0.0,0.0,0.0,0.0,2.0,2.0,235.0,1.0,53.0,2568.0,334.0,410.0
Miami-Dade-12086356 PCT 356 0221,692.0,8.0,3.0,12.0,7.0,241.0,107.0,1.0,30.0,2.0,0.0,0.0,13.0,0.0,0.0,0.0,0.0,1.0,0.0,45.0,0.0,19.0,963.0,80.0,138.0
Miami-Dade-12086357 PCT 357 0222,501.0,2.0,3.0,14.0,9.0,706.0,76.0,2.0,37.0,6.0,1.0,0.0,45.0,1.0,0.0,0.0,0.0,4.0,0.0,231.0,1.0,66.0,1235.0,355.0,115.0
Miami-Dade-12086358 PCT 358 0223,649.0,3.0,5.0,14.0,4.0,533.0,92.0,0.0,27.0,5.0,0.0,0.0,15.0,0.0,0.0,0.0,0.0,1.0,0.0,201.0,0.0,54.0,1208.0,276.0,119.0
Miami-Dade-12086359 PCT 359 0224,840.0,1.0,1.0,11.0,3.0,558.0,135.0,2.0,35.0,6.0,0.0,0.0,27.0,0.0,0.0,0.0,0.0,4.0,0.0,184.0,0.0,41.0,1414.0,262.0,172.0
Miami-Dade-12086360 PCT 360 0225,1517.0,5.0,15.0,32.0,9.0,1248.0,215.0,3.0,57.0,24.0,0.0,0.0,41.0,0.0,0.0,0.0,0.0,1.0,2.0,450.0,0.0,78.0,2826.0,596.0,275.0
Miami-Dade-12086362 PCT 362 0226,733.0,3.0,0.0,22.0,1.0,687.0,119.0,2.0,20.0,17.0,1.0,0.0,23.0,0.0,0.0,0.0,0.0,2.0,1.0,310.0,0.0,50.0,1446.0,404.0,141.0
Miami-Dade-12086363 PCT 363 0227,1279.0,3.0,12.0,32.0,10.0,833.0,161.0,1.0,52.0,9.0,1.0,0.0,35.0,0.0,0.0,0.0,0.0,0.0,1.0,303.0,0.0,59.0,2169.0,408.0,214.0
Miami-Dade-12086364 PCT 364 0228,1382.0,3.0,5.0,29.0,14.0,995.0,243.0,5.0,75.0,6.0,1.0,1.0,48.0,0.0,0.0,0.0,0.0,5.0,2.0,304.0,0.0,93.0,2428.0,460.0,323.0
Miami-Dade-12086365 PCT 365 0229,1479.0,3.0,7.0,27.0,12.0,714.0,284.0,2.0,92.0,7.0,1.0,0.0,19.0,0.0,0.0,0.0,0.0,2.0,0.0,188.0,0.0,69.0,2242.0,286.0,378.0
Miami-Dade-12086366 PCT 366 0230,1331.0,4.0,3.0,36.0,23.0,584.0,135.0,3.0,71.0,1.0,1.0,0.0,18.0,0.0,0.0,0.0,0.0,8.0,0.0,170.0,0.0,67.0,1981.0,265.0,209.0
Miami-Dade-12086367 PCT 367/453/463 0231,1092.0,3.0,9.0,42.0,21.0,623.0,131.0,2.0,63.0,5.0,0.0,0.0,32.0,2.0,0.0,0.0,0.0,6.0,1.0,226.0,0.0,76.0,1790.0,348.0,196.0
Miami-Dade-12086368 PCT 368 0232,1094.0,1.0,6.0,27.0,14.0,1227.0,147.0,6.0,54.0,16.0,2.0,0.0,49.0,0.0,0.0,0.0,0.0,2.0,1.0,474.0,0.0,118.0,2369.0,662.0,207.0
Miami-Dade-12086369 PCT 301/369 0173,21.0,0.0,0.0,0.0,0.0,27.0,2.0,0.0,0.0,0.0,0.0,0.0,2.0,0.0,0.0,0.0,0.0,0.0,0.0,5.0,0.0,1.0,48.0,8.0,2.0
Miami-Dade-12086370 PCT 370 0233,1090.0,1.0,2.0,34.0,10.0,427.0,135.0,1.0,54.0,4.0,0.0,0.0,19.0,0.0,0.0,0.0,1.0,3.0,1.0,68.0,0.0,44.0,1564.0,140.0,190.0
Miami-Dade-12086371 PCT 371/373/374/445/ 0234,1515.0,5.0,7.0,41.0,11.0,1026.0,168.0,3.0,91.0,9.0,4.0,0.0,40.0,0.0,0.0,0.0,0.0,26.0,1.0,333.0,0.0,173.0,2605.0,586.0,262.0
Miami-Dade-12086372 PCT 372 0235,419.0,6.0,1.0,17.0,4.0,426.0,73.0,0.0,13.0,5.0,0.0,0.0,34.0,0.0,0.0,0.0,0.0,1.0,1.0,185.0,0.0,34.0,873.0,260.0,86.0
Miami-Dade-12086373 PCT 371/373/374/445/ 0234,0.0,0.0,0.0,0.0,0.0,2.0,0.0,0.0,0.0,0.0,0.0,0.0,0.0,0.0,0.0,0.0,0.0,0.0,0.0,0.0,0.0,0.0,2.0,0.0,0.0
Miami-Dade-12086374 PCT 371/373/374/445/ 0234,2.0,0.0,0.0,0.0,0.0,0.0,1.0,0.0,0.0,0.0,0.0,0.0,0.0,0.0,0.0,0.0,0.0,0.0,0.0,0.0,0.0,0.0,2.0,0.0,1.0
Miami-Dade-12086375 PCT 375 0236,329.0,0.0,2.0,11.0,2.0,388.0,54.0,2.0,12.0,8.0,0.0,0.0,16.0,0.0,1.0,0.0,0.0,0.0,0.0,181.0,0.0,28.0,732.0,234.0,68.0
Miami-Dade-12086376 PCT 376 0237,1147.0,5.0,9.0,42.0,14.0,1487.0,149.0,2.0,53.0,24.0,2.0,0.0,75.0,0.0,0.0,0.0,1.0,14.0,1.0,685.0,1.0,145.0,2704.0,948.0,204.0
Miami-Dade-12086377 PCT 377 0238,926.0,3.0,7.0,21.0,3.0,1084.0,133.0,5.0,33.0,28.0,2.0,0.0,48.0,0.0,0.0,0.0,0.0,4.0,1.0,517.0,1.0,102.0,2044.0,703.0,171.0
Miami-Dade-12086378 PCT 338/378/381 0205,304.0,3.0,6.0,13.0,1.0,362.0,48.0,1.0,12.0,7.0,0.0,1.0,12.0,0.0,0.0,0.0,0.0,0.0,1.0,194.0,0.0,30.0,689.0,245.0,61.0
Miami-Dade-12086379 PCT 379 0239,791.0,1.0,9.0,25.0,5.0,934.0,123.0,3.0,28.0,12.0,2.0,0.0,43.0,1.0,0.0,0.0,0.0,2.0,0.0,455.0,0.0,74.0,1765.0,589.0,154.0
Miami-Dade-12086381 PCT 338/378/381 0205,526.0,0.0,1.0,16.0,4.0,601.0,79.0,0.0,15.0,15.0,0.0,0.0,31.0,0.0,0.0,0.0,0.0,3.0,0.0,270.0,0.0,54.0,1148.0,373.0,94.0
Miami-Dade-12086382 PCT 342/382 0209,516.0,0.0,3.0,16.0,5.0,587.0,85.0,3.0,26.0,2.0,2.0,0.0,30.0,0.0,0.0,0.0,0.0,5.0,0.0,286.0,0.0,39.0,1127.0,364.0,114.0
Miami-Dade-12086383 PCT 347/383/395 0213,0.0,0.0,0.0,0.0,0.0,0.0,0.0,0.0,0.0,0.0,0.0,0.0,0.0,0.0,0.0,0.0,0.0,0.0,0.0,0.0,0.0,0.0,0.0,0.0,0.0
Miami-Dade-12086384 PCT 384 0240,954.0,6.0,1.0,24.0,4.0,852.0,159.0,3.0,36.0,14.0,1.0,0.0,37.0,0.0,0.0,0.0,0.0,1.0,0.0,343.0,0.0,74.0,1841.0,470.0,198.0
Miami-Dade-12086385 PCT 385 0241,1200.0,3.0,6.0,29.0,20.0,1496.0,173.0,3.0,66.0,13.0,0.0,0.0,86.0,0.0,0.0,0.0,1.0,6.0,2.0,600.0,0.0,147.0,2754.0,855.0,242.0
Miami-Dade-12086386 PCT 386 0242,823.0,0.0,8.0,25.0,10.0,748.0,103.0,2.0,32.0,15.0,2.0,1.0,36.0,0.0,0.0,0.0,0.0,1.0,2.0,339.0,1.0,57.0,1614.0,454.0,137.0
Miami-Dade-12086387 PCT 387 0243,769.0,5.0,5.0,16.0,2.0,470.0,122.0,1.0,21.0,13.0,0.0,0.0,21.0,0.0,0.0,0.0,0.0,1.0,0.0,173.0,0.0,47.0,1267.0,255.0,144.0
Miami-Dade-12086388 PCT 388 0244,1383.0,6.0,7.0,28.0,8.0,1014.0,176.0,3.0,30.0,13.0,2.0,0.0,53.0,0.0,0.0,0.0,0.0,3.0,0.0,353.0,0.0,69.0,2446.0,493.0,209.0
Miami-Dade-12086389 PCT 389 0245,1027.0,4.0,1.0,25.0,10.0,1199.0,147.0,4.0,64.0,14.0,2.0,0.0,63.0,0.0,0.0,0.0,0.0,8.0,2.0,427.0,1.0,108.0,2266.0,625.0,215.0
Miami-Dade-12086390 PCT 390 0246,848.0,3.0,3.0,44.0,3.0,1595.0,138.0,2.0,35.0,6.0,0.0,1.0,106.0,0.0,0.0,0.0,0.0,25.0,1.0,607.0,0.0,215.0,2496.0,961.0,175.0
Miami-Dade-12086391 PCT 311/391/392 0183,0.0,0.0,0.0,0.0,0.0,0.0,0.0,0.0,0.0,0.0,0.0,0.0,0.0,0.0,0.0,0.0,0.0,0.0,0.0,0.0,0.0,0.0,0.0,0.0,0.0
Miami-Dade-12086392 PCT 311/391/392 0183,0.0,0.0,0.0,0.0,0.0,0.0,0.0,0.0,0.0,0.0,0.0,0.0,0.0,0.0,0.0,0.0,0.0,0.0,0.0,0.0,0.0,0.0,0.0,0.0,0.0
Miami-Dade-12086394 PCT 348/394 0214,0.0,0.0,0.0,0.0,0.0,0.0,0.0,0.0,0.0,0.0,0.0,0.0,0.0,0.0,0.0,0.0,0.0,0.0,0.0,0.0,0.0,0.0,0.0,0.0,0.0
Miami-Dade-12086395 PCT 347/383/395 0213,0.0,0.0,0.0,0.0,0.0,0.0,0.0,0.0,0.0,0.0,0.0,0.0,0.0,0.0,0.0,0.0,0.0,0.0,0.0,0.0,0.0,0.0,0.0,0.0,0.0
Miami-Dade-12086396 PCT 396 0247,895.0,1.0,1.0,23.0,15.0,703.0,137.0,2.0,61.0,7.0,0.0,1.0,49.0,0.0,0.0,0.0,0.0,4.0,0.0,313.0,1.0,90.0,1638.0,465.0,200.0
Miami-Dade-12086398 PCT 398 0248,398.0,0.0,0.0,13.0,4.0,359.0,42.0,0.0,28.0,2.0,0.0,0.0,13.0,0.0,0.0,0.0,0.0,3.0,0.0,117.0,0.0,47.0,774.0,182.0,70.0
Miami-Dade-12086399 PCT 399 0249,374.0,0.0,5.0,14.0,2.0,305.0,36.0,0.0,14.0,1.0,0.0,0.0,12.0,0.0,0.0,0.0,0.0,1.0,0.0,133.0,0.0,33.0,700.0,180.0,50.0
Miami-Dade-12086400 PCT 260/275/400 0153,0.0,0.0,0.0,0.0,0.0,0.0,0.0,0.0,0.0,0.0,0.0,0.0,0.0,0.0,0.0,0.0,0.0,0.0,0.0,0.0,0.0,0.0,0.0,0.0,0.0
Miami-Dade-12086401 PCT 401 0250,893.0,1.0,4.0,21.0,13.0,453.0,112.0,0.0,35.0,2.0,0.0,0.0,15.0,0.0,0.0,0.0,0.0,3.0,0.0,110.0,0.0,29.0,1385.0,159.0,147.0
Miami-Dade-12086402 PCT 402 0251,811.0,3.0,3.0,33.0,5.0,1200.0,82.0,3.0,34.0,6.0,2.0,0.0,46.0,0.0,0.0,0.0,0.0,4.0,0.0,509.0,1.0,145.0,2055.0,713.0,119.0
Miami-Dade-12086403 PCT 403/411 0252,682.0,1.0,1.0,9.0,6.0,402.0,118.0,1.0,34.0,10.0,0.0,0.0,21.0,0.0,0.0,0.0,0.0,2.0,0.0,172.0,1.0,34.0,1101.0,240.0,153.0
Miami-Dade-12086405 PCT 405 0253,671.0,3.0,3.0,18.0,6.0,637.0,138.0,2.0,42.0,15.0,0.0,0.0,27.0,0.0,0.0,0.0,0.0,2.0,0.0,387.0,0.0,73.0,1338.0,504.0,182.0
Miami-Dade-12086406 PCT 406 0254,1160.0,2.0,4.0,31.0,11.0,661.0,173.0,3.0,43.0,8.0,1.0,0.0,48.0,0.0,0.0,0.0,0.0,4.0,0.0,283.0,1.0,63.0,1869.0,408.0,219.0
Miami-Dade-12086407 PCT 407 0255,511.0,3.0,4.0,31.0,5.0,644.0,77.0,2.0,32.0,14.0,0.0,0.0,40.0,0.0,0.0,0.0,0.0,2.0,0.0,315.0,0.0,63.0,1198.0,434.0,111.0
Miami-Dade-12086408 PCT 408 0256,943.0,3.0,2.0,17.0,10.0,430.0,117.0,2.0,51.0,3.0,1.0,0.0,27.0,0.0,0.0,0.0,0.0,2.0,1.0,148.0,0.0,40.0,1405.0,222.0,170.0
Miami-Dade-12086409 PCT 409/460/464/487 0257,1023.0,1.0,3.0,42.0,10.0,613.0,95.0,0.0,46.0,19.0,0.0,0.0,21.0,0.0,0.0,0.0,0.0,2.0,2.0,273.0,1.0,63.0,1692.0,381.0,141.0
Miami-Dade-12086410 PCT 410 0258,917.0,4.0,5.0,29.0,14.0,707.0,149.0,1.0,34.0,23.0,1.0,0.0,28.0,0.0,0.0,0.0,0.0,2.0,0.0,333.0,0.0,74.0,1676.0,461.0,184.0
Miami-Dade-12086411 PCT 403/411 0252,1004.0,3.0,3.0,21.0,8.0,482.0,165.0,3.0,53.0,4.0,0.0,0.0,32.0,0.0,0.0,0.0,1.0,2.0,1.0,140.0,0.0,45.0,1521.0,225.0,221.0
Miami-Dade-12086412 PCT 412 0259,594.0,4.0,0.0,34.0,10.0,1035.0,76.0,1.0,31.0,11.0,3.0,1.0,52.0,0.0,0.0,0.0,0.0,9.0,0.0,470.0,0.0,131.0,1677.0,677.0,108.0
Miami-Dade-12086413 PCT 413/459 0260,802.0,3.0,8.0,38.0,8.0,1519.0,102.0,9.0,43.0,17.0,1.0,0.0,76.0,0.0,0.0,0.0,0.0,16.0,1.0,713.0,0.0,174.0,2378.0,998.0,154.0
Miami-Dade-12086414 PCT 414/457 0261,643.0,3.0,3.0,23.0,10.0,801.0,74.0,3.0,31.0,6.0,0.0,0.0,47.0,0.0,0.0,0.0,0.0,10.0,0.0,366.0,0.0,88.0,1483.0,517.0,108.0
Miami-Dade-12086415 PCT 415 0262,1274.0,4.0,5.0,35.0,16.0,1061.0,208.0,5.0,67.0,15.0,3.0,0.0,49.0,0.0,0.0,0.0,0.0,10.0,0.0,438.0,0.0,114.0,2395.0,629.0,280.0
Miami-Dade-12086416 PCT 416 0263,757.0,0.0,5.0,25.0,4.0,675.0,111.0,3.0,43.0,9.0,0.0,0.0,23.0,0.0,0.0,0.0,0.0,2.0,1.0,288.0,1.0,69.0,1466.0,393.0,157.0
Miami-Dade-12086417 PCT 417/458 0264,709.0,2.0,2.0,20.0,13.0,837.0,106.0,2.0,56.0,9.0,0.0,0.0,45.0,0.0,0.0,0.0,0.0,9.0,0.0,399.0,0.0,103.0,1583.0,565.0,164.0
Miami-Dade-12086418 PCT 418/421 0265,316.0,1.0,5.0,8.0,1.0,349.0,51.0,3.0,27.0,6.0,0.0,0.0,14.0,0.0,0.0,0.0,0.0,4.0,0.0,184.0,0.0,46.0,680.0,254.0,81.0
Miami-Dade-12086419 PCT 419 0266,378.0,0.0,3.0,13.0,9.0,632.0,62.0,1.0,26.0,10.0,2.0,0.0,20.0,0.0,0.0,0.0,0.0,10.0,0.0,323.0,0.0,84.0,1035.0,449.0,89.0
Miami-Dade-12086420 PCT 420 0267,665.0,1.0,1.0,25.0,7.0,1019.0,109.0,4.0,49.0,16.0,0.0,0.0,54.0,1.0,0.0,0.0,0.0,15.0,0.0,541.0,0.0,92.0,1718.0,719.0,162.0
Miami-Dade-12086421 PCT 418/421 0265,669.0,5.0,2.0,24.0,7.0,972.0,124.0,3.0,42.0,22.0,1.0,0.0,64.0,0.0,0.0,0.0,0.0,6.0,0.0,500.0,0.0,119.0,1679.0,712.0,169.0
Miami-Dade-12086422 PCT 422 0268,427.0,0.0,1.0,17.0,3.0,573.0,75.0,1.0,33.0,5.0,0.0,1.0,31.0,0.0,0.0,0.0,0.0,5.0,0.0,291.0,0.0,58.0,1021.0,391.0,109.0
Miami-Dade-12086423 PCT 423 0269,622.0,1.0,5.0,23.0,10.0,809.0,104.0,1.0,34.0,13.0,1.0,0.0,50.0,1.0,1.0,0.0,0.0,11.0,0.0,398.0,1.0,52.0,1470.0,528.0,139.0
Miami-Dade-12086424 PCT 424 0270,797.0,2.0,3.0,35.0,18.0,1008.0,101.0,7.0,40.0,12.0,2.0,0.0,52.0,0.0,1.0,0.0,0.0,3.0,0.0,455.0,0.0,83.0,1863.0,608.0,148.0
Miami-Dade-12086425 PCT 425/427 0271,379.0,1.0,1.0,11.0,5.0,387.0,73.0,3.0,25.0,5.0,0.0,0.0,12.0,0.0,0.0,0.0,0.0,0.0,1.0,175.0,0.0,30.0,784.0,223.0,101.0
Miami-Dade-12086426 PCT 426 0272,1198.0,3.0,7.0,37.0,16.0,1344.0,195.0,7.0,64.0,24.0,2.0,1.0,59.0,0.0,0.0,0.0,0.0,15.0,1.0,685.0,0.0,140.0,2605.0,927.0,266.0
Miami-Dade-12086427 PCT 425/427 0271,425.0,1.0,1.0,5.0,3.0,441.0,64.0,1.0,19.0,13.0,0.0,0.0,21.0,0.0,0.0,0.0,0.0,2.0,1.0,186.0,0.0,49.0,876.0,272.0,84.0
Miami-Dade-12086428 PCT 428 0273,622.0,1.0,2.0,25.0,4.0,643.0,110.0,0.0,44.0,8.0,0.0,0.0,34.0,0.0,0.0,0.0,0.0,7.0,1.0,307.0,2.0,49.0,1297.0,408.0,154.0
Miami-Dade-12086429 PCT 429 0274,662.0,1.0,1.0,17.0,8.0,699.0,127.0,1.0,66.0,5.0,3.0,0.0,57.0,0.0,0.0,0.0,0.0,19.0,0.0,312.0,0.0,89.0,1388.0,485.0,194.0
Miami-Dade-12086430 PCT 430 0275,787.0,3.0,1.0,30.0,13.0,908.0,131.0,3.0,68.0,10.0,0.0,0.0,33.0,0.0,0.0,0.0,0.0,6.0,0.0,463.0,0.0,96.0,1742.0,608.0,202.0
Miami-Dade-12086431 PCT 431 0276,546.0,2.0,3.0,30.0,10.0,536.0,106.0,1.0,62.0,4.0,1.0,1.0,30.0,0.0,0.0,0.0,0.0,13.0,0.0,243.0,0.0,70.0,1127.0,362.0,169.0
Miami-Dade-12086432 PCT 432 0277,644.0,0.0,4.0,26.0,8.0,653.0,109.0,2.0,59.0,15.0,2.0,0.0,36.0,0.0,0.0,1.0,1.0,3.0,0.0,293.0,0.0,59.0,1335.0,410.0,170.0
Miami-Dade-12086433 PCT 433 0278,604.0,3.0,3.0,23.0,5.0,866.0,94.0,8.0,33.0,7.0,0.0,0.0,44.0,0.0,0.0,0.0,0.0,5.0,0.0,403.0,0.0,70.0,1504.0,529.0,135.0
Miami-Dade-12086434 PCT 434 0279,627.0,1.0,4.0,23.0,9.0,900.0,129.0,4.0,56.0,3.0,2.0,0.0,49.0,0.0,0.0,0.0,0.0,6.0,0.0,329.0,0.0,113.0,1564.0,502.0,189.0
Miami-Dade-12086435 PCT 435 0280,798.0,3.0,6.0,27.0,9.0,862.0,101.0,2.0,41.0,16.0,0.0,0.0,32.0,0.0,0.0,0.0,0.0,2.0,0.0,398.0,0.0,84.0,1705.0,532.0,144.0
Miami-Dade-12086436 PCT 436 0281,752.0,1.0,9.0,25.0,11.0,869.0,118.0,2.0,40.0,9.0,1.0,0.0,24.0,0.0,0.0,0.0,0.0,9.0,1.0,439.0,0.0,101.0,1667.0,584.0,160.0
Miami-Dade-12086437 PCT 437 0282,576.0,3.0,7.0,20.0,8.0,835.0,86.0,2.0,32.0,5.0,0.0,0.0,52.0,0.0,0.0,0.0,0.0,5.0,0.0,424.0,0.0,76.0,1449.0,562.0,120.0
Miami-Dade-12086438 PCT 438 0283,732.0,3.0,9.0,26.0,14.0,1113.0,106.0,6.0,37.0,23.0,1.0,0.0,32.0,0.0,0.0,0.0,0.0,7.0,0.0,600.0,1.0,92.0,1897.0,756.0,149.0
Miami-Dade-12086439 PCT 439 0284,492.0,1.0,5.0,21.0,8.0,937.0,58.0,2.0,46.0,4.0,0.0,0.0,31.0,0.0,0.0,1.0,0.0,5.0,0.0,470.0,0.0,117.0,1464.0,628.0,106.0
Miami-Dade-12086440 PCT 440 0285,508.0,2.0,6.0,27.0,8.0,828.0,91.0,1.0,31.0,18.0,0.0,0.0,34.0,1.0,0.0,0.0,0.0,8.0,0.0,398.0,0.0,79.0,1379.0,538.0,123.0
Miami-Dade-12086441 PCT 441 0286,709.0,2.0,2.0,41.0,6.0,1007.0,140.0,3.0,48.0,10.0,2.0,0.0,58.0,0.0,0.0,0.0,0.0,9.0,0.0,382.0,2.0,126.0,1767.0,589.0,191.0
Miami-Dade-12086442 PCT 442 0287,523.0,1.0,0.0,16.0,6.0,494.0,86.0,0.0,24.0,5.0,0.0,0.0,14.0,0.0,0.0,0.0,0.0,4.0,0.0,224.0,2.0,43.0,1040.0,292.0,110.0
Miami-Dade-12086443 PCT 443 0288,1025.0,0.0,3.0,25.0,6.0,598.0,161.0,2.0,57.0,4.0,1.0,1.0,27.0,0.0,0.0,0.0,0.0,5.0,1.0,209.0,0.0,59.0,1657.0,307.0,220.0
Miami-Dade-12086444 PCT 444 0289,873.0,3.0,5.0,22.0,5.0,790.0,120.0,2.0,25.0,12.0,0.0,0.0,59.0,0.0,0.0,0.0,0.0,7.0,0.0,366.0,0.0,77.0,1698.0,521.0,147.0
Miami-Dade-12086445 PCT 371/373/374/445/ 0234,0.0,0.0,0.0,0.0,0.0,1.0,0.0,0.0,0.0,0.0,0.0,0.0,0.0,0.0,0.0,0.0,0.0,0.0,0.0,0.0,0.0,0.0,1.0,0.0,0.0
Miami-Dade-12086446 PCT 371/373/374/445/ 0234,6.0,0.0,0.0,0.0,0.0,3.0,1.0,0.0,0.0,0.0,0.0,0.0,0.0,0.0,0.0,0.0,0.0,0.0,0.0,2.0,0.0,0.0,9.0,2.0,1.0
Miami-Dade-12086447 PCT 447 0290,1101.0,4.0,7.0,29.0,14.0,650.0,174.0,1.0,70.0,14.0,1.0,0.0,24.0,0.0,0.0,0.0,0.0,2.0,0.0,205.0,0.0,75.0,1805.0,321.0,245.0
Miami-Dade-12086448 PCT 448 0291,936.0,1.0,3.0,29.0,7.0,624.0,144.0,0.0,54.0,10.0,2.0,0.0,30.0,0.0,0.0,0.0,0.0,9.0,0.0,212.0,0.0,69.0,1600.0,332.0,198.0
Miami-Dade-12086449 PCT 449 0292,469.0,4.0,2.0,16.0,2.0,579.0,35.0,0.0,28.0,3.0,1.0,0.0,21.0,0.0,0.0,0.0,0.0,7.0,1.0,303.0,0.0,67.0,1072.0,403.0,63.0
Miami-Dade-12086450 PCT 450 0293,983.0,5.0,2.0,19.0,8.0,488.0,153.0,0.0,63.0,2.0,0.0,0.0,22.0,0.0,0.0,0.0,0.0,10.0,0.0,162.0,0.0,75.0,1505.0,271.0,216.0
Miami-Dade-12086451 PCT 451 0294,735.0,0.0,3.0,35.0,14.0,1374.0,104.0,3.0,47.0,12.0,0.0,2.0,65.0,0.0,0.0,0.0,0.0,6.0,0.0,639.0,0.0,119.0,2161.0,843.0,154.0
Miami-Dade-12086452 PCT 452 0295,1395.0,3.0,4.0,36.0,15.0,522.0,142.0,1.0,73.0,6.0,0.0,0.0,21.0,0.0,0.0,0.0,0.0,3.0,0.0,127.0,0.0,51.0,1975.0,208.0,216.0
Miami-Dade-12086453 PCT 367/453/463 0231,24.0,0.0,0.0,0.0,1.0,9.0,5.0,0.0,2.0,0.0,0.0,0.0,0.0,0.0,0.0,0.0,0.0,0.0,0.0,3.0,0.0,1.0,34.0,4.0,7.0
Miami-Dade-12086454 PCT 454 0296,865.0,1.0,2.0,19.0,7.0,396.0,93.0,0.0,54.0,6.0,0.0,0.0,22.0,0.0,0.0,0.0,0.0,7.0,1.0,125.0,0.0,45.0,1290.0,206.0,147.0
Miami-Dade-12086455 PCT 455 0297,1020.0,2.0,8.0,32.0,11.0,590.0,155.0,1.0,43.0,20.0,1.0,0.0,18.0,0.0,0.0,0.0,0.0,3.0,0.0,217.0,0.0,44.0,1663.0,303.0,199.0
Miami-Dade-12086456 PCT 371/373/374/445/ 0234,2.0,0.0,0.0,1.0,0.0,1.0,0.0,0.0,1.0,0.0,0.0,0.0,0.0,0.0,0.0,0.0,0.0,0.0,0.0,0.0,0.0,0.0,4.0,0.0,1.0
Miami-Dade-12086457 PCT 414/457 0261,535.0,0.0,5.0,19.0,6.0,617.0,65.0,1.0,16.0,7.0,1.0,0.0,23.0,0.0,0.0,0.0,0.0,1.0,0.0,283.0,0.0,57.0,1182.0,372.0,82.0
Miami-Dade-12086458 PCT 417/458 0264,776.0,1.0,2.0,15.0,9.0,165.0,32.0,1.0,41.0,7.0,0.0,0.0,4.0,0.0,0.0,0.0,0.0,1.0,0.0,62.0,1.0,8.0,968.0,83.0,74.0
Miami-Dade-12086459 PCT 413/459 0260,219.0,0.0,1.0,17.0,2.0,398.0,27.0,1.0,17.0,4.0,0.0,0.0,30.0,0.0,0.0,0.0,0.0,4.0,0.0,165.0,0.0,42.0,637.0,245.0,45.0
Miami-Dade-12086460 PCT 409/460/464/487 0257,18.0,0.0,0.0,0.0,0.0,16.0,6.0,1.0,0.0,0.0,1.0,0.0,0.0,0.0,0.0,0.0,0.0,0.0,0.0,11.0,0.0,1.0,34.0,13.0,7.0
Miami-Dade-12086461 PCT 461 0298,1131.0,3.0,7.0,28.0,11.0,1013.0,115.0,1.0,53.0,11.0,1.0,0.0,46.0,0.0,0.0,0.0,0.0,2.0,1.0,374.0,0.0,86.0,2193.0,521.0,169.0
Miami-Dade-12086462 PCT 462 0299,1544.0,3.0,6.0,16.0,15.0,503.0,129.0,0.0,61.0,0.0,0.0,0.0,17.0,0.0,0.0,0.0,0.0,7.0,1.0,116.0,0.0,32.0,2087.0,173.0,190.0
Miami-Dade-12086463 PCT 367/453/463 0231,0.0,0.0,0.0,0.0,0.0,0.0,0.0,0.0,0.0,0.0,0.0,0.0,0.0,0.0,0.0,0.0,0.0,0.0,0.0,0.0,0.0,0.0,0.0,0.0,0.0
Miami-Dade-12086464 PCT 409/460/464/487 0257,322.0,1.0,4.0,8.0,1.0,515.0,46.0,3.0,22.0,4.0,0.0,0.0,26.0,0.0,0.0,0.0,0.0,1.0,0.0,222.0,1.0,69.0,851.0,323.0,71.0
Miami-Dade-12086465 PCT 341/345/465 0208,616.0,3.0,1.0,10.0,4.0,737.0,91.0,6.0,18.0,9.0,0.0,0.0,37.0,0.0,0.0,0.0,0.0,0.0,0.0,378.0,0.0,52.0,1371.0,476.0,115.0
Miami-Dade-12086466 PCT 466 0300,625.0,1.0,3.0,14.0,6.0,426.0,107.0,1.0,28.0,8.0,0.0,1.0,19.0,0.0,0.0,0.0,0.0,2.0,1.0,172.0,0.0,36.0,1075.0,239.0,136.0
Miami-Dade-12086467 PCT 467 0301,684.0,2.0,6.0,21.0,8.0,865.0,92.0,2.0,41.0,10.0,3.0,0.0,43.0,0.0,0.0,0.0,0.0,6.0,1.0,366.0,0.0,92.0,1586.0,521.0,135.0
Miami-Dade-12086468 PCT 468 0302,798.0,1.0,5.0,15.0,7.0,290.0,98.0,0.0,48.0,1.0,0.0,0.0,14.0,0.0,0.0,0.0,0.0,1.0,0.0,96.0,0.0,47.0,1116.0,159.0,146.0
Miami-Dade-12086469 PCT 469 0303,1409.0,2.0,2.0,57.0,14.0,1150.0,166.0,4.0,71.0,7.0,2.0,0.0,58.0,0.0,0.0,0.0,0.0,7.0,0.0,411.0,0.0,133.0,2634.0,618.0,241.0
Miami-Dade-12086470 PCT 470 0304,1014.0,2.0,3.0,19.0,4.0,476.0,134.0,0.0,57.0,5.0,0.0,0.0,20.0,0.0,0.0,0.0,0.0,4.0,0.0,144.0,0.0,51.0,1518.0,224.0,191.0
Miami-Dade-12086471 PCT 471 0305,597.0,2.0,2.0,19.0,7.0,773.0,87.0,2.0,28.0,7.0,0.0,1.0,43.0,0.0,0.0,0.0,0.0,12.0,1.0,369.0,1.0,82.0,1400.0,516.0,117.0
Miami-Dade-12086472 PCT 472 0306,492.0,0.0,2.0,22.0,13.0,835.0,71.0,3.0,26.0,7.0,2.0,0.0,57.0,0.0,0.0,0.0,0.0,4.0,1.0,393.0,1.0,103.0,1364.0,568.0,100.0
Miami-Dade-12086482 PCT 482/847 0307,0.0,0.0,0.0,0.0,0.0,0.0,0.0,0.0,0.0,0.0,0.0,0.0,0.0,0.0,0.0,0.0,0.0,0.0,0.0,0.0,0.0,0.0,0.0,0.0,0.0
Miami-Dade-12086487 PCT 409/460/464/487 0257,34.0,0.0,0.0,0.0,1.0,9.0,5.0,0.0,2.0,0.0,0.0,0.0,1.0,0.0,0.0,0.0,0.0,0.0,0.0,1.0,0.0,2.0,44.0,4.0,7.0
Miami-Dade-12086488 PCT 488 0308,1508.0,4.0,7.0,24.0,13.0,807.0,185.0,2.0,66.0,17.0,0.0,0.0,36.0,0.0,0.0,0.0,0.0,3.0,0.0,327.0,0.0,72.0,2363.0,455.0,253.0
Miami-Dade-12086498 PCT 498 0309,1327.0,2.0,2.0,7.0,15.0,104.0,252.0,2.0,79.0,0.0,0.0,0.0,1.0,0.0,0.0,0.0,0.0,1.0,0.0,22.0,0.0,17.0,1457.0,41.0,333.0
Miami-Dade-12086499 PCT 499/508 0310,18.0,0.0,0.0,0.0,0.0,1.0,2.0,0.0,3.0,0.0,0.0,0.0,0.0,0.0,0.0,0.0,0.0,0.0,0.0,0.0,0.0,0.0,19.0,0.0,5.0
Miami-Dade-12086500 PCT 500 0311,403.0,0.0,0.0,14.0,2.0,649.0,76.0,0.0,21.0,7.0,0.0,0.0,31.0,0.0,0.0,0.0,0.0,1.0,1.0,322.0,0.0,69.0,1068.0,431.0,97.0
Miami-Dade-12086501 PCT 501/580 0312,947.0,1.0,0.0,8.0,6.0,57.0,196.0,0.0,32.0,1.0,1.0,0.0,2.0,0.0,0.0,0.0,2.0,0.0,0.0,8.0,0.0,7.0,1019.0,21.0,228.0
Miami-Dade-12086502 PCT 502 0313,1294.0,0.0,0.0,19.0,21.0,341.0,272.0,1.0,123.0,0.0,1.0,0.0,6.0,0.0,0.0,0.0,0.0,9.0,0.0,69.0,1.0,51.0,1675.0,137.0,396.0
Miami-Dade-12086503 PCT 503/990 0314,428.0,0.0,2.0,7.0,0.0,305.0,128.0,4.0,13.0,13.0,0.0,1.0,9.0,0.0,0.0,0.0,0.0,0.0,1.0,132.0,0.0,31.0,742.0,187.0,145.0
Miami-Dade-12086504 PCT 504 0315,1218.0,0.0,1.0,13.0,16.0,213.0,299.0,0.0,164.0,2.0,2.0,0.0,5.0,0.0,0.0,0.0,0.0,14.0,0.0,46.0,0.0,28.0,1461.0,97.0,463.0
Miami-Dade-12086505 PCT 505 0316,991.0,1.0,1.0,5.0,3.0,55.0,214.0,1.0,36.0,1.0,2.0,0.0,2.0,1.0,0.0,1.0,0.0,0.0,0.0,4.0,0.0,1.0,1056.0,12.0,251.0
Miami-Dade-12086506 PCT 506 0317,734.0,2.0,0.0,4.0,6.0,38.0,184.0,2.0,31.0,0.0,0.0,0.0,0.0,0.0,0.0,0.0,0.0,1.0,0.0,4.0,0.0,6.0,784.0,11.0,217.0
Miami-Dade-12086507 PCT 507 0318,705.0,3.0,0.0,7.0,2.0,25.0,200.0,0.0,17.0,0.0,1.0,0.0,2.0,0.0,0.0,0.0,0.0,0.0,0.0,4.0,0.0,4.0,742.0,11.0,217.0
Miami-Dade-12086508 PCT 499/508 0310,1133.0,2.0,0.0,6.0,4.0,25.0,312.0,3.0,35.0,0.0,0.0,0.0,0.0,0.0,0.0,0.0,1.0,0.0,0.0,1.0,0.0,0.0,1170.0,2.0,350.0
Miami-Dade-12086509 PCT 509/510 0319,623.0,4.0,3.0,14.0,5.0,575.0,96.0,3.0,29.0,9.0,0.0,0.0,18.0,1.0,0.0,0.0,0.0,1.0,0.0,264.0,1.0,45.0,1224.0,339.0,128.0
Miami-Dade-12086510 PCT 509/510 0319,352.0,1.0,1.0,7.0,4.0,308.0,54.0,1.0,10.0,7.0,1.0,0.0,11.0,0.0,0.0,0.0,0.0,1.0,0.0,155.0,0.0,24.0,673.0,199.0,65.0
Miami-Dade-12086511 PCT 511 0320,984.0,0.0,1.0,5.0,5.0,47.0,301.0,2.0,39.0,2.0,0.0,0.0,2.0,0.0,0.0,0.0,0.0,0.0,0.0,1.0,0.0,0.0,1042.0,5.0,342.0
Miami-Dade-12086512 PCT 512 0321,1027.0,1.0,1.0,2.0,5.0,36.0,368.0,3.0,47.0,0.0,0.0,0.0,1.0,0.0,0.0,0.0,0.0,0.0,0.0,3.0,0.0,2.0,1072.0,6.0,418.0
Miami-Dade-12086514 PCT 514 0322,965.0,0.0,0.0,6.0,9.0,63.0,246.0,3.0,46.0,2.0,0.0,1.0,2.0,0.0,0.0,0.0,0.0,0.0,0.0,11.0,0.0,11.0,1043.0,27.0,295.0
Miami-Dade-12086515 PCT 515 0323,1012.0,0.0,5.0,10.0,13.0,100.0,147.0,3.0,55.0,0.0,1.0,0.0,1.0,0.0,0.0,0.0,0.0,0.0,0.0,11.0,0.0,9.0,1140.0,22.0,205.0
Miami-Dade-12086516 PCT 516/999 0324,811.0,0.0,0.0,18.0,5.0,252.0,200.0,1.0,101.0,4.0,1.0,0.0,20.0,0.0,0.0,0.0,0.0,17.0,0.0,41.0,0.0,50.0,1086.0,133.0,302.0
Miami-Dade-12086517 PCT 517 0325,719.0,0.0,0.0,5.0,16.0,114.0,133.0,4.0,85.0,2.0,2.0,0.0,1.0,0.0,0.0,0.0,0.0,2.0,0.0,8.0,0.0,6.0,854.0,21.0,222.0
Miami-Dade-12086518 PCT 518 0326,1009.0,2.0,1.0,4.0,15.0,91.0,259.0,1.0,89.0,2.0,0.0,0.0,2.0,0.0,0.0,0.0,0.0,2.0,0.0,10.0,0.0,6.0,1122.0,22.0,349.0
Miami-Dade-12086519 PCT 519 0327,1204.0,2.0,0.0,8.0,14.0,67.0,318.0,1.0,85.0,2.0,1.0,0.0,2.0,0.0,0.0,0.0,0.0,0.0,0.0,7.0,0.0,10.0,1295.0,22.0,404.0
Miami-Dade-12086520 PCT 520 0328,1681.0,1.0,1.0,5.0,12.0,56.0,560.0,1.0,82.0,0.0,1.0,0.0,1.0,0.0,0.0,0.0,0.0,1.0,0.0,8.0,0.0,4.0,1756.0,15.0,643.0
Miami-Dade-12086521 PCT 521 0329,1269.0,1.0,1.0,7.0,4.0,46.0,491.0,3.0,62.0,0.0,0.0,0.0,1.0,0.0,0.0,0.0,0.0,1.0,0.0,3.0,0.0,4.0,1328.0,9.0,556.0
Miami-Dade-12086522 PCT 522/597/598 0330,1710.0,0.0,0.0,4.0,11.0,125.0,604.0,1.0,78.0,4.0,1.0,0.0,0.0,0.0,0.0,0.0,0.0,0.0,0.0,16.0,0.0,8.0,1850.0,29.0,683.0
Miami-Dade-12086523 PCT 523 0331,635.0,1.0,0.0,7.0,0.0,85.0,114.0,0.0,26.0,4.0,1.0,0.0,2.0,0.0,0.0,0.0,0.0,0.0,0.0,28.0,1.0,8.0,728.0,44.0,140.0
Miami-Dade-12086524 PCT 524 0332,855.0,1.0,1.0,26.0,11.0,371.0,112.0,0.0,89.0,2.0,0.0,0.0,31.0,0.0,0.0,0.0,0.0,6.0,0.0,138.0,0.0,59.0,1265.0,236.0,201.0
Miami-Dade-12086526 PCT 526/592/987 0333,274.0,0.0,1.0,3.0,0.0,147.0,42.0,1.0,10.0,3.0,0.0,0.0,7.0,0.0,0.0,0.0,0.0,2.0,0.0,47.0,0.0,27.0,425.0,86.0,53.0
Miami-Dade-12086527 PCT 527/594/595 0334,164.0,0.0,1.0,4.0,1.0,66.0,13.0,1.0,0.0,0.0,0.0,0.0,7.0,0.0,0.0,0.0,0.0,0.0,0.0,18.0,0.0,8.0,236.0,33.0,14.0
Miami-Dade-12086528 PCT 528/588/589 0335,615.0,1.0,1.0,9.0,3.0,184.0,102.0,2.0,22.0,2.0,1.0,0.0,8.0,1.0,0.0,0.0,0.0,0.0,0.0,65.0,0.0,14.0,813.0,91.0,126.0
Miami-Dade-12086529 PCT 529 0336,1606.0,3.0,4.0,12.0,7.0,308.0,240.0,2.0,59.0,4.0,0.0,1.0,16.0,0.0,0.0,0.0,0.0,2.0,1.0,90.0,0.0,24.0,1940.0,138.0,301.0
Miami-Dade-12086530 PCT 530/540/980 0337,195.0,0.0,0.0,6.0,3.0,72.0,48.0,0.0,28.0,1.0,0.0,0.0,4.0,1.0,0.0,0.0,0.0,1.0,0.0,19.0,0.0,17.0,276.0,43.0,76.0
Miami-Dade-12086531 PCT 531/975 0338,1185.0,2.0,2.0,14.0,5.0,163.0,251.0,3.0,55.0,2.0,1.0,0.0,5.0,0.0,0.0,0.0,0.0,1.0,0.0,39.0,0.0,15.0,1371.0,63.0,309.0
Miami-Dade-12086532 PCT 532 0339,431.0,0.0,1.0,12.0,3.0,75.0,124.0,1.0,46.0,0.0,0.0,0.0,8.0,0.0,0.0,0.0,0.0,8.0,1.0,9.0,0.0,11.0,522.0,37.0,171.0
Miami-Dade-12086533 PCT 533 0340,1715.0,3.0,0.0,12.0,7.0,101.0,531.0,1.0,68.0,1.0,0.0,0.0,2.0,1.0,0.0,0.0,0.0,0.0,0.0,3.0,0.0,11.0,1838.0,18.0,600.0
Miami-Dade-12086534 PCT 534 0341,834.0,0.0,1.0,19.0,15.0,258.0,96.0,0.0,50.0,0.0,0.0,1.0,6.0,0.0,0.0,0.0,0.0,6.0,1.0,36.0,0.0,39.0,1127.0,89.0,146.0
Miami-Dade-12086535 PCT 535/976 0342,635.0,0.0,2.0,5.0,10.0,114.0,116.0,1.0,40.0,6.0,0.0,0.0,9.0,0.0,0.0,0.0,0.0,1.0,0.0,27.0,0.0,9.0,766.0,52.0,157.0
Miami-Dade-12086536 PCT 536 0343,404.0,2.0,0.0,7.0,7.0,92.0,65.0,0.0,42.0,0.0,0.0,0.0,2.0,0.0,0.0,0.0,0.0,0.0,0.0,11.0,0.0,7.0,512.0,20.0,107.0
Miami-Dade-12086537 PCT 537/599 0344,378.0,0.0,4.0,3.0,1.0,89.0,59.0,1.0,29.0,0.0,0.0,0.0,2.0,0.0,0.0,0.0,0.0,1.0,0.0,26.0,0.0,8.0,475.0,37.0,89.0
Miami-Dade-12086538 PCT 538 0345,2433.0,4.0,4.0,48.0,37.0,470.0,429.0,6.0,231.0,3.0,5.0,0.0,17.0,0.0,0.0,0.0,0.0,13.0,0.0,58.0,0.0,43.0,2996.0,139.0,666.0
Miami-Dade-12086540 PCT 530/540/980 0337,9.0,0.0,0.0,0.0,0.0,2.0,1.0,0.0,0.0,1.0,0.0,0.0,0.0,0.0,0.0,0.0,0.0,1.0,0.0,0.0,0.0,0.0,11.0,2.0,1.0
Miami-Dade-12086541 PCT 541 0346,1781.0,4.0,0.0,47.0,12.0,770.0,255.0,3.0,102.0,8.0,1.0,0.0,20.0,0.0,0.0,0.0,0.0,29.0,0.0,151.0,0.0,118.0,2614.0,327.0,360.0
Miami-Dade-12086542 PCT 542/655/656/985 0347,2.0,0.0,0.0,0.0,0.0,0.0,4.0,0.0,0.0,0.0,0.0,0.0,0.0,0.0,0.0,0.0,0.0,0.0,0.0,2.0,0.0,0.0,2.0,2.0,4.0
Miami-Dade-12086543 PCT 543/989 0348,1367.0,6.0,5.0,26.0,18.0,501.0,188.0,2.0,74.0,21.0,0.0,1.0,28.0,0.0,0.0,0.0,0.0,5.0,0.0,181.0,0.0,62.0,1923.0,298.0,264.0
Miami-Dade-12086544 PCT 544/658/659/982/ 0349,1648.0,0.0,2.0,38.0,13.0,531.0,284.0,2.0,126.0,3.0,1.0,0.0,14.0,0.0,0.0,0.0,0.0,18.0,0.0,84.0,0.0,98.0,2232.0,218.0,412.0
Miami-Dade-12086545 PCT 545/997 0350,1525.0,3.0,3.0,27.0,9.0,785.0,232.0,3.0,63.0,13.0,0.0,1.0,35.0,0.0,0.0,0.0,0.0,4.0,0.0,323.0,0.0,83.0,2352.0,459.0,298.0
Miami-Dade-12086546 PCT 546 0351,765.0,2.0,1.0,18.0,11.0,287.0,202.0,4.0,88.0,6.0,4.0,1.0,25.0,0.0,0.0,0.0,0.0,24.0,0.0,65.0,0.0,59.0,1084.0,184.0,294.0
Miami-Dade-12086547 PCT 547/596 0352,188.0,2.0,2.0,2.0,2.0,129.0,58.0,0.0,21.0,8.0,0.0,0.0,14.0,0.0,0.0,0.0,0.0,0.0,0.0,93.0,0.0,16.0,325.0,131.0,79.0
Miami-Dade-12086548 PCT 548/670 0353,644.0,3.0,4.0,13.0,6.0,613.0,99.0,6.0,30.0,12.0,0.0,1.0,35.0,0.0,0.0,0.0,0.0,4.0,0.0,278.0,2.0,65.0,1283.0,397.0,135.0
Miami-Dade-12086549 PCT 549 0354,672.0,1.0,3.0,17.0,2.0,540.0,110.0,1.0,30.0,7.0,0.0,0.0,21.0,0.0,0.0,0.0,0.0,3.0,0.0,227.0,0.0,60.0,1235.0,318.0,141.0
Miami-Dade-12086550 PCT 288/289/550 0165,743.0,1.0,3.0,20.0,6.0,692.0,97.0,3.0,25.0,17.0,0.0,0.0,37.0,0.0,0.0,0.0,0.0,2.0,0.0,300.0,0.0,57.0,1465.0,413.0,125.0
Miami-Dade-12086551 PCT 551 0355,852.0,2.0,5.0,17.0,6.0,511.0,109.0,0.0,58.0,8.0,0.0,1.0,18.0,0.0,0.0,0.0,0.0,2.0,3.0,199.0,1.0,46.0,1393.0,278.0,167.0
Miami-Dade-12086552 PCT 552 0356,394.0,4.0,0.0,9.0,1.0,417.0,64.0,2.0,18.0,8.0,0.0,0.0,8.0,0.0,0.0,0.0,0.0,0.0,0.0,217.0,0.0,25.0,825.0,258.0,84.0
Miami-Dade-12086553 PCT 553 0357,558.0,0.0,4.0,26.0,7.0,612.0,77.0,2.0,29.0,3.0,1.0,0.0,30.0,0.0,0.0,0.0,1.0,1.0,0.0,299.0,0.0,73.0,1207.0,408.0,108.0
Miami-Dade-12086554 PCT 554 0358,560.0,0.0,5.0,12.0,3.0,615.0,69.0,3.0,21.0,8.0,0.0,0.0,24.0,0.0,0.0,0.0,1.0,2.0,0.0,311.0,0.0,64.0,1195.0,410.0,93.0
Miami-Dade-12086556 PCT 556 0359,1012.0,2.0,8.0,20.0,5.0,746.0,157.0,3.0,35.0,19.0,1.0,0.0,41.0,0.0,0.0,0.0,0.0,4.0,1.0,373.0,0.0,73.0,1793.0,512.0,195.0
Miami-Dade-12086557 PCT 557 0360,1035.0,3.0,9.0,17.0,16.0,1062.0,160.0,9.0,63.0,27.0,2.0,0.0,46.0,0.0,0.0,0.0,0.0,6.0,3.0,537.0,2.0,91.0,2142.0,714.0,232.0
Miami-Dade-12086558 PCT 558/974 0361,558.0,2.0,4.0,11.0,5.0,435.0,92.0,0.0,19.0,7.0,0.0,0.0,9.0,0.0,0.0,0.0,0.0,0.0,0.0,230.0,0.0,41.0,1015.0,287.0,111.0
Miami-Dade-12086559 PCT 559/994 0362,485.0,0.0,0.0,10.0,3.0,548.0,81.0,2.0,26.0,6.0,1.0,0.0,27.0,0.0,0.0,0.0,0.0,2.0,1.0,260.0,1.0,55.0,1046.0,353.0,109.0
Miami-Dade-12086560 PCT 560/971 0363,504.0,4.0,7.0,11.0,3.0,427.0,79.0,0.0,18.0,11.0,0.0,0.0,15.0,0.0,0.0,0.0,0.0,4.0,0.0,192.0,1.0,35.0,956.0,258.0,97.0
Miami-Dade-12086561 PCT 561 0364,1467.0,4.0,6.0,44.0,18.0,880.0,193.0,2.0,114.0,11.0,3.0,0.0,33.0,0.0,0.0,0.0,1.0,10.0,0.0,355.0,1.0,93.0,2419.0,507.0,309.0
Miami-Dade-12086562 PCT 562/633 0365,0.0,0.0,0.0,0.0,0.0,0.0,0.0,0.0,0.0,0.0,0.0,0.0,0.0,0.0,0.0,0.0,0.0,0.0,0.0,0.0,0.0,0.0,0.0,0.0,0.0
Miami-Dade-12086563 PCT 563/566 0366,850.0,9.0,0.0,9.0,5.0,352.0,129.0,1.0,37.0,3.0,0.0,0.0,17.0,0.0,0.0,0.0,0.0,0.0,0.0,103.0,0.0,28.0,1225.0,151.0,167.0
Miami-Dade-12086564 PCT 564 0367,1037.0,7.0,2.0,7.0,9.0,460.0,149.0,2.0,36.0,19.0,1.0,0.0,9.0,0.0,0.0,0.0,0.0,1.0,3.0,152.0,1.0,55.0,1522.0,241.0,187.0
Miami-Dade-12086565 PCT 565 0368,777.0,2.0,9.0,16.0,11.0,409.0,102.0,1.0,42.0,16.0,0.0,0.0,25.0,0.0,0.0,0.0,0.0,6.0,0.0,138.0,0.0,41.0,1224.0,226.0,145.0
Miami-Dade-12086566 PCT 563/566 0366,1359.0,1.0,11.0,31.0,12.0,559.0,223.0,2.0,94.0,10.0,0.0,0.0,24.0,0.0,0.0,0.0,0.0,6.0,0.0,175.0,0.0,60.0,1973.0,275.0,319.0
Miami-Dade-12086567 PCT 567/568/668 0369,889.0,0.0,1.0,26.0,9.0,690.0,165.0,2.0,70.0,11.0,1.0,0.0,30.0,0.0,0.0,0.0,0.0,14.0,0.0,285.0,0.0,81.0,1615.0,422.0,237.0
Miami-Dade-12086568 PCT 567/568/668 0369,1.0,0.0,0.0,0.0,0.0,0.0,0.0,0.0,0.0,0.0,0.0,0.0,0.0,0.0,0.0,0.0,0.0,0.0,0.0,0.0,0.0,0.0,1.0,0.0,0.0
Miami-Dade-12086569 PCT 569 0370,1973.0,0.0,4.0,42.0,16.0,1033.0,421.0,5.0,120.0,18.0,0.0,1.0,63.0,0.0,0.0,0.0,0.0,39.0,0.0,312.0,0.0,200.0,3068.0,633.0,546.0
Miami-Dade-12086570 PCT 570 0371,778.0,2.0,3.0,12.0,11.0,539.0,120.0,4.0,70.0,14.0,0.0,1.0,30.0,0.0,0.0,0.0,0.0,10.0,2.0,221.0,1.0,71.0,1345.0,350.0,194.0
Miami-Dade-12086571 PCT 571/667 0372,202.0,1.0,0.0,3.0,5.0,98.0,46.0,1.0,16.0,0.0,2.0,0.0,6.0,0.0,0.0,0.0,0.0,1.0,0.0,40.0,0.0,15.0,309.0,64.0,63.0
Miami-Dade-12086572 PCT 572 0373,564.0,0.0,2.0,19.0,7.0,460.0,89.0,2.0,40.0,12.0,0.0,0.0,23.0,0.0,0.0,0.0,0.0,2.0,0.0,201.0,1.0,49.0,1052.0,288.0,131.0
Miami-Dade-12086573 PCT 573 0374,910.0,2.0,7.0,28.0,12.0,771.0,164.0,4.0,65.0,10.0,1.0,0.0,37.0,1.0,0.0,0.0,0.0,4.0,0.0,353.0,1.0,111.0,1730.0,518.0,233.0
Miami-Dade-12086574 PCT 574 0375,917.0,2.0,3.0,41.0,15.0,704.0,138.0,5.0,50.0,17.0,2.0,1.0,32.0,0.0,0.0,0.0,0.0,4.0,0.0,313.0,0.0,73.0,1682.0,442.0,193.0
Miami-Dade-12086575 PCT 575 0376,1171.0,1.0,10.0,38.0,6.0,983.0,208.0,10.0,66.0,9.0,0.0,1.0,41.0,0.0,0.0,0.0,0.0,1.0,0.0,510.0,2.0,94.0,2209.0,658.0,284.0
Miami-Dade-12086576 PCT 576 0377,1171.0,2.0,2.0,28.0,16.0,916.0,171.0,1.0,95.0,7.0,0.0,0.0,39.0,0.0,0.0,0.0,0.0,6.0,0.0,414.0,0.0,98.0,2135.0,564.0,267.0
Miami-Dade-12086577 PCT 577 0378,1188.0,1.0,6.0,34.0,15.0,636.0,183.0,5.0,92.0,7.0,2.0,0.0,23.0,0.0,0.0,0.0,0.0,6.0,1.0,245.0,0.0,69.0,1880.0,353.0,280.0
Miami-Dade-12086578 PCT 578 0379,830.0,0.0,10.0,28.0,8.0,584.0,110.0,4.0,49.0,5.0,1.0,0.0,34.0,0.0,0.0,0.0,0.0,9.0,0.0,245.0,1.0,74.0,1460.0,369.0,163.0
Miami-Dade-12086579 PCT 579 0380,1326.0,10.0,5.0,47.0,18.0,1002.0,236.0,4.0,125.0,18.0,0.0,0.0,42.0,0.0,0.0,2.0,0.0,14.0,0.0,396.0,2.0,119.0,2408.0,593.0,365.0
Miami-Dade-12086580 PCT 501/580 0312,123.0,2.0,0.0,1.0,0.0,12.0,20.0,0.0,1.0,0.0,0.0,0.0,0.0,0.0,0.0,0.0,0.0,0.0,0.0,2.0,0.0,0.0,138.0,2.0,21.0
Miami-Dade-12086581 PCT 581 0381,924.0,0.0,2.0,10.0,3.0,442.0,125.0,3.0,22.0,16.0,1.0,1.0,19.0,1.0,2.0,0.0,0.0,1.0,1.0,177.0,0.0,37.0,1381.0,256.0,150.0
Miami-Dade-12086582 PCT 582 0382,1916.0,1.0,4.0,60.0,12.0,998.0,540.0,6.0,169.0,20.0,1.0,0.0,56.0,0.0,0.0,0.0,0.0,74.0,2.0,282.0,1.0,202.0,2991.0,638.0,715.0
Miami-Dade-12086583 PCT 583 0383,1029.0,0.0,0.0,35.0,17.0,283.0,195.0,2.0,142.0,4.0,1.0,0.0,10.0,0.0,0.0,0.0,0.0,29.0,0.0,57.0,0.0,57.0,1364.0,158.0,339.0
Miami-Dade-12086584 PCT 584 0384,1040.0,1.0,3.0,9.0,10.0,196.0,274.0,1.0,86.0,6.0,1.0,0.0,5.0,0.0,0.0,0.0,0.0,5.0,0.0,62.0,0.0,31.0,1259.0,110.0,361.0
Miami-Dade-12086585 PCT 585/634 0385,521.0,0.0,0.0,4.0,2.0,24.0,176.0,0.0,51.0,2.0,0.0,0.0,1.0,0.0,0.0,0.0,0.0,0.0,0.0,3.0,0.0,1.0,551.0,7.0,227.0
Miami-Dade-12086586 PCT 586/635 0386,1034.0,1.0,1.0,29.0,7.0,357.0,268.0,1.0,102.0,5.0,0.0,0.0,24.0,0.0,0.0,0.0,0.0,32.0,0.0,101.0,1.0,73.0,1429.0,236.0,371.0
Miami-Dade-12086587 PCT 587 0387,1254.0,0.0,2.0,36.0,14.0,470.0,342.0,2.0,148.0,10.0,1.0,0.0,17.0,0.0,0.0,0.0,1.0,41.0,0.0,96.0,0.0,100.0,1776.0,266.0,492.0
Miami-Dade-12086588 PCT 528/588/589 0335,12.0,0.0,1.0,0.0,0.0,5.0,5.0,0.0,0.0,1.0,0.0,0.0,0.0,0.0,0.0,0.0,0.0,0.0,0.0,0.0,0.0,0.0,18.0,1.0,5.0
Miami-Dade-12086589 PCT 528/588/589 0335,69.0,0.0,0.0,0.0,1.0,9.0,10.0,0.0,3.0,0.0,0.0,0.0,1.0,0.0,0.0,0.0,0.0,0.0,0.0,0.0,0.0,0.0,79.0,1.0,13.0
Miami-Dade-12086591 PCT 591 0388,1052.0,1.0,2.0,9.0,3.0,305.0,188.0,1.0,33.0,15.0,0.0,0.0,10.0,0.0,0.0,0.0,1.0,3.0,0.0,131.0,0.0,31.0,1372.0,191.0,222.0
Miami-Dade-12086592 PCT 526/592/987 0333,707.0,0.0,4.0,15.0,6.0,362.0,105.0,1.0,20.0,13.0,0.0,0.0,14.0,0.0,0.0,0.0,0.0,0.0,0.0,150.0,1.0,37.0,1094.0,215.0,126.0
Miami-Dade-12086593 PCT 593 0389,1116.0,0.0,3.0,15.0,5.0,526.0,138.0,4.0,40.0,15.0,0.0,0.0,15.0,0.0,0.0,0.0,0.0,4.0,0.0,204.0,0.0,56.0,1665.0,294.0,182.0
Miami-Dade-12086594 PCT 527/594/595 0334,526.0,2.0,0.0,12.0,6.0,203.0,59.0,1.0,17.0,2.0,1.0,0.0,10.0,0.0,0.0,0.0,0.0,0.0,0.0,66.0,0.0,17.0,749.0,96.0,77.0
Miami-Dade-12086595 PCT 527/594/595 0334,247.0,0.0,1.0,2.0,2.0,99.0,28.0,1.0,10.0,3.0,0.0,0.0,4.0,0.0,0.0,0.0,0.0,1.0,0.0,39.0,0.0,12.0,351.0,59.0,39.0
Miami-Dade-12086596 PCT 547/596 0352,981.0,1.0,2.0,15.0,8.0,678.0,99.0,1.0,37.0,23.0,0.0,0.0,29.0,0.0,0.0,0.0,0.0,3.0,1.0,229.0,0.0,58.0,1685.0,343.0,137.0
Miami-Dade-12086597 PCT 522/597/598 0330,4.0,0.0,0.0,0.0,0.0,0.0,0.0,0.0,0.0,0.0,0.0,0.0,0.0,0.0,0.0,0.0,0.0,0.0,0.0,0.0,0.0,0.0,4.0,0.0,0.0
Miami-Dade-12086598 PCT 522/597/598 0330,221.0,0.0,1.0,3.0,3.0,73.0,46.0,0.0,5.0,3.0,0.0,0.0,1.0,0.0,0.0,0.0,0.0,0.0,0.0,36.0,0.0,2.0,301.0,42.0,51.0
Miami-Dade-12086599 PCT 537/599 0344,328.0,0.0,0.0,8.0,4.0,82.0,33.0,2.0,32.0,1.0,0.0,0.0,1.0,0.0,0.0,0.0,0.0,2.0,0.0,9.0,0.0,9.0,422.0,22.0,67.0
Miami-Dade-12086601 PCT 601 0390,737.0,2.0,0.0,26.0,5.0,655.0,192.0,2.0,98.0,4.0,0.0,0.0,48.0,0.0,0.0,0.0,0.0,15.0,0.0,271.0,0.0,132.0,1425.0,470.0,292.0
Miami-Dade-12086602 PCT 602 0391,622.0,0.0,2.0,16.0,6.0,517.0,160.0,0.0,69.0,6.0,0.0,0.0,33.0,0.0,0.0,0.0,1.0,20.0,0.0,240.0,0.0,80.0,1163.0,380.0,229.0
Miami-Dade-12086603 PCT 603/643 0392,183.0,0.0,0.0,6.0,2.0,110.0,36.0,1.0,25.0,1.0,0.0,0.0,5.0,0.0,0.0,0.0,0.0,0.0,0.0,37.0,0.0,10.0,301.0,53.0,62.0
Miami-Dade-12086604 PCT 604/644 0393,1174.0,4.0,3.0,37.0,15.0,516.0,226.0,1.0,107.0,10.0,1.0,0.0,38.0,1.0,0.0,0.0,0.0,19.0,0.0,179.0,0.0,69.0,1749.0,317.0,334.0
Miami-Dade-12086606 PCT 606 0394,1290.0,2.0,1.0,45.0,15.0,597.0,352.0,6.0,157.0,11.0,0.0,0.0,36.0,1.0,0.0,0.0,1.0,30.0,0.0,179.0,0.0,96.0,1950.0,354.0,515.0
Miami-Dade-12086607 PCT 607 0395,816.0,3.0,1.0,36.0,9.0,647.0,233.0,1.0,77.0,10.0,2.0,0.0,38.0,1.0,0.0,0.0,0.0,36.0,1.0,256.0,0.0,108.0,1512.0,452.0,311.0
Miami-Dade-12086608 PCT 608 0396,766.0,0.0,0.0,37.0,5.0,780.0,196.0,9.0,86.0,15.0,2.0,0.0,52.0,0.0,0.0,1.0,0.0,36.0,0.0,352.0,0.0,139.0,1588.0,597.0,291.0
Miami-Dade-12086609 PCT 609 0397,745.0,3.0,2.0,33.0,4.0,465.0,151.0,4.0,78.0,6.0,0.0,1.0,20.0,0.0,0.0,0.0,0.0,19.0,1.0,177.0,0.0,59.0,1252.0,283.0,233.0
Miami-Dade-12086611 PCT 611 0398,714.0,1.0,2.0,29.0,6.0,821.0,198.0,5.0,57.0,13.0,0.0,0.0,37.0,1.0,0.0,1.0,0.0,38.0,0.0,370.0,0.0,151.0,1573.0,611.0,260.0
Miami-Dade-12086612 PCT 612 0399,568.0,2.0,1.0,10.0,1.0,321.0,120.0,0.0,66.0,5.0,0.0,1.0,12.0,0.0,0.0,0.0,0.0,20.0,1.0,158.0,0.0,51.0,903.0,248.0,186.0
Miami-Dade-12086613 PCT 613 0400,689.0,0.0,2.0,24.0,7.0,486.0,150.0,2.0,72.0,12.0,0.0,0.0,32.0,0.0,0.0,0.0,0.0,33.0,0.0,198.0,0.0,95.0,1208.0,370.0,224.0
Miami-Dade-12086614 PCT 614 0401,515.0,0.0,1.0,14.0,2.0,409.0,104.0,2.0,42.0,11.0,0.0,0.0,27.0,1.0,0.0,0.0,0.0,29.0,0.0,191.0,0.0,63.0,941.0,322.0,148.0
Miami-Dade-12086615 PCT 615 0402,658.0,2.0,0.0,34.0,5.0,603.0,199.0,4.0,38.0,9.0,4.0,0.0,37.0,0.0,0.0,0.0,0.0,58.0,0.0,240.0,0.0,97.0,1302.0,445.0,241.0
Miami-Dade-12086616 PCT 616 0403,606.0,0.0,0.0,19.0,2.0,501.0,155.0,2.0,57.0,6.0,0.0,0.0,18.0,1.0,0.0,0.0,0.0,28.0,1.0,152.0,0.0,81.0,1128.0,287.0,214.0
Miami-Dade-12086617 PCT 617 0404,1233.0,0.0,0.0,42.0,6.0,1290.0,300.0,2.0,77.0,30.0,1.0,2.0,52.0,0.0,1.0,0.0,0.0,46.0,2.0,445.0,0.0,257.0,2571.0,836.0,379.0
Miami-Dade-12086618 PCT 618/646 0405,444.0,0.0,2.0,22.0,4.0,482.0,116.0,2.0,28.0,4.0,2.0,0.0,22.0,0.0,0.0,0.0,0.0,36.0,3.0,142.0,0.0,88.0,954.0,297.0,146.0
Miami-Dade-12086621 PCT 621/673 0406,1364.0,1.0,2.0,24.0,16.0,373.0,326.0,1.0,111.0,4.0,2.0,0.0,17.0,0.0,0.0,0.0,0.0,8.0,1.0,69.0,0.0,45.0,1780.0,146.0,438.0
Miami-Dade-12086622 PCT 622/652/674 0407,57.0,0.0,0.0,0.0,0.0,59.0,11.0,0.0,7.0,0.0,0.0,0.0,2.0,0.0,0.0,0.0,0.0,2.0,0.0,19.0,0.0,14.0,116.0,37.0,18.0
Miami-Dade-12086623 PCT 623/642/653 0408,307.0,1.0,0.0,12.0,3.0,194.0,86.0,2.0,49.0,1.0,0.0,0.0,16.0,0.0,0.0,0.0,1.0,12.0,1.0,66.0,0.0,33.0,517.0,130.0,137.0
Miami-Dade-12086624 PCT 624/995 0409,617.0,2.0,1.0,13.0,6.0,305.0,116.0,1.0,46.0,6.0,0.0,0.0,7.0,0.0,0.0,0.0,0.0,8.0,0.0,71.0,0.0,60.0,944.0,152.0,163.0
Miami-Dade-12086625 PCT 625 0410,1090.0,1.0,2.0,25.0,4.0,567.0,267.0,3.0,119.0,5.0,0.0,0.0,32.0,0.0,0.0,1.0,0.0,30.0,0.0,175.0,0.0,83.0,1689.0,326.0,389.0
Miami-Dade-12086626 PCT 626/648 0411,268.0,0.0,0.0,12.0,0.0,189.0,70.0,0.0,13.0,9.0,0.0,0.0,11.0,0.0,0.0,0.0,0.0,20.0,0.0,50.0,0.0,35.0,469.0,125.0,83.0
Miami-Dade-12086627 PCT 627 0412,878.0,1.0,1.0,38.0,5.0,688.0,238.0,6.0,108.0,7.0,3.0,0.0,41.0,0.0,0.0,0.0,0.0,29.0,0.0,226.0,0.0,129.0,1611.0,435.0,352.0
Miami-Dade-12086628 PCT 628/649 0413,507.0,0.0,0.0,16.0,0.0,426.0,139.0,0.0,40.0,4.0,0.0,0.0,26.0,0.0,0.0,0.0,0.0,18.0,0.0,146.0,0.0,63.0,949.0,257.0,179.0
Miami-Dade-12086630 PCT 630 0414,726.0,0.0,0.0,22.0,7.0,550.0,184.0,2.0,55.0,4.0,1.0,0.0,32.0,0.0,0.0,0.0,0.0,31.0,0.0,212.0,0.0,84.0,1305.0,364.0,241.0
Miami-Dade-12086631 PCT 631/650 0415,346.0,0.0,0.0,11.0,2.0,310.0,113.0,2.0,35.0,4.0,0.0,0.0,12.0,0.0,0.0,0.0,0.0,24.0,0.0,88.0,1.0,47.0,669.0,176.0,150.0
Miami-Dade-12086632 PCT 632 0416,964.0,1.0,1.0,39.0,8.0,681.0,278.0,4.0,119.0,4.0,3.0,0.0,41.0,0.0,0.0,0.0,0.0,35.0,0.0,231.0,0.0,120.0,1694.0,434.0,401.0
Miami-Dade-12086633 PCT 562/633 0365,975.0,1.0,4.0,35.0,19.0,533.0,153.0,1.0,94.0,7.0,1.0,0.0,24.0,0.0,0.0,0.0,0.0,10.0,1.0,210.0,1.0,76.0,1567.0,330.0,248.0
Miami-Dade-12086634 PCT 585/634 0385,203.0,0.0,0.0,3.0,0.0,13.0,75.0,0.0,14.0,0.0,0.0,0.0,0.0,0.0,0.0,0.0,0.0,2.0,0.0,2.0,0.0,1.0,219.0,5.0,89.0
Miami-Dade-12086635 PCT 586/635 0386,112.0,0.0,0.0,2.0,1.0,61.0,34.0,0.0,7.0,0.0,1.0,0.0,8.0,0.0,0.0,0.0,0.0,6.0,0.0,12.0,0.0,10.0,176.0,37.0,41.0
Miami-Dade-12086636 PCT 636 0417,1253.0,1.0,1.0,50.0,24.0,918.0,309.0,5.0,141.0,23.0,0.0,0.0,41.0,0.0,0.0,0.0,0.0,73.0,0.0,380.0,0.0,161.0,2247.0,678.0,455.0
Miami-Dade-12086640 PCT 640 0418,1047.0,3.0,1.0,36.0,14.0,531.0,96.0,7.0,111.0,6.0,2.0,0.0,22.0,0.0,0.0,0.0,0.0,26.0,0.0,150.0,0.0,63.0,1632.0,269.0,214.0
Miami-Dade-12086641 PCT 641 0419,1104.0,0.0,1.0,29.0,3.0,745.0,321.0,6.0,119.0,12.0,4.0,0.0,35.0,0.0,0.0,0.0,0.0,52.0,1.0,262.0,0.0,133.0,1882.0,499.0,446.0
Miami-Dade-12086642 PCT 623/642/653 0408,278.0,0.0,0.0,8.0,9.0,154.0,63.0,1.0,34.0,1.0,1.0,0.0,5.0,0.0,0.0,0.0,0.0,6.0,0.0,46.0,0.0,25.0,449.0,84.0,98.0
Miami-Dade-12086643 PCT 603/643 0392,535.0,1.0,1.0,15.0,5.0,358.0,104.0,3.0,46.0,8.0,0.0,0.0,23.0,0.0,0.0,0.0,0.0,8.0,0.0,167.0,0.0,52.0,915.0,258.0,153.0
Miami-Dade-12086644 PCT 604/644 0393,374.0,1.0,1.0,9.0,3.0,188.0,112.0,0.0,60.0,3.0,1.0,0.0,6.0,0.0,0.0,0.0,0.0,14.0,0.0,63.0,0.0,40.0,576.0,127.0,172.0
Miami-Dade-12086646 PCT 618/646 0405,115.0,0.0,0.0,4.0,1.0,56.0,38.0,0.0,9.0,1.0,1.0,0.0,4.0,0.0,0.0,0.0,0.0,6.0,0.0,21.0,0.0,15.0,176.0,48.0,47.0
Miami-Dade-12086648 PCT 626/648 0411,47.0,0.0,0.0,0.0,1.0,11.0,11.0,0.0,2.0,0.0,0.0,0.0,0.0,0.0,0.0,0.0,0.0,0.0,0.0,3.0,0.0,3.0,59.0,6.0,13.0
Miami-Dade-12086649 PCT 628/649 0413,556.0,1.0,0.0,9.0,2.0,297.0,177.0,3.0,55.0,4.0,0.0,0.0,16.0,0.0,0.0,0.0,0.0,17.0,0.0,122.0,0.0,49.0,865.0,208.0,235.0
Miami-Dade-12086650 PCT 631/650 0415,182.0,0.0,0.0,9.0,2.0,128.0,65.0,2.0,12.0,1.0,0.0,0.0,11.0,0.0,0.0,0.0,0.0,10.0,0.0,43.0,0.0,17.0,321.0,82.0,79.0
Miami-Dade-12086651 PCT 651 0420,235.0,1.0,0.0,13.0,1.0,174.0,29.0,0.0,37.0,3.0,0.0,0.0,12.0,0.0,0.0,0.0,0.0,2.0,0.0,71.0,0.0,20.0,424.0,108.0,66.0
Miami-Dade-12086652 PCT 622/652/674 0407,217.0,0.0,0.0,14.0,2.0,170.0,36.0,6.0,28.0,0.0,0.0,0.0,8.0,0.0,0.0,0.0,0.0,9.0,0.0,69.0,0.0,22.0,403.0,108.0,70.0
Miami-Dade-12086653 PCT 623/642/653 0408,308.0,1.0,0.0,16.0,4.0,231.0,58.0,2.0,34.0,3.0,1.0,0.0,15.0,0.0,0.0,0.0,0.0,10.0,0.0,77.0,0.0,43.0,560.0,149.0,94.0
Miami-Dade-12086655 PCT 542/655/656/985 0347,3.0,0.0,0.0,0.0,0.0,0.0,1.0,0.0,0.0,0.0,0.0,0.0,0.0,0.0,0.0,0.0,0.0,0.0,0.0,0.0,0.0,1.0,3.0,1.0,1.0
Miami-Dade-12086656 PCT 542/655/656/985 0347,333.0,1.0,3.0,6.0,2.0,109.0,77.0,1.0,14.0,4.0,0.0,1.0,7.0,0.0,0.0,0.0,0.0,1.0,0.0,57.0,0.0,12.0,454.0,82.0,92.0
Miami-Dade-12086658 PCT 544/658/659/982/ 0349,0.0,0.0,0.0,0.0,0.0,0.0,0.0,0.0,0.0,0.0,0.0,0.0,0.0,0.0,0.0,0.0,0.0,0.0,0.0,0.0,0.0,0.0,0.0,0.0,0.0
Miami-Dade-12086659 PCT 544/658/659/982/ 0349,221.0,0.0,0.0,1.0,3.0,106.0,61.0,0.0,22.0,0.0,0.0,0.0,2.0,0.0,0.0,0.0,0.0,2.0,0.0,24.0,0.0,32.0,331.0,60.0,83.0
Miami-Dade-12086667 PCT 571/667 0372,568.0,1.0,1.0,11.0,12.0,427.0,96.0,2.0,37.0,2.0,0.0,0.0,26.0,0.0,0.0,0.0,0.0,15.0,1.0,156.0,0.0,57.0,1020.0,257.0,135.0
Miami-Dade-12086668 PCT 567/568/668 0369,0.0,0.0,0.0,0.0,0.0,0.0,0.0,0.0,0.0,0.0,0.0,0.0,0.0,0.0,0.0,0.0,0.0,0.0,0.0,0.0,0.0,0.0,0.0,0.0,0.0
Miami-Dade-12086669 PCT 669 0421,1070.0,7.0,4.0,12.0,11.0,518.0,175.0,1.0,40.0,7.0,1.0,0.0,25.0,1.0,0.0,0.0,0.0,2.0,0.0,180.0,0.0,65.0,1622.0,281.0,216.0
Miami-Dade-12086670 PCT 548/670 0353,1080.0,0.0,11.0,25.0,10.0,1049.0,184.0,8.0,57.0,19.0,1.0,0.0,45.0,0.0,0.0,0.0,0.0,4.0,2.0,448.0,0.0,111.0,2175.0,630.0,249.0
Miami-Dade-12086672 PCT 672 0422,619.0,0.0,3.0,19.0,11.0,460.0,133.0,2.0,83.0,5.0,1.0,1.0,25.0,0.0,0.0,0.0,1.0,17.0,0.0,180.0,0.0,74.0,1112.0,304.0,218.0
Miami-Dade-12086673 PCT 621/673 0406,274.0,0.0,0.0,5.0,4.0,53.0,90.0,0.0,38.0,2.0,0.0,0.0,0.0,0.0,0.0,0.0,1.0,0.0,0.0,9.0,0.0,8.0,336.0,20.0,128.0
Miami-Dade-12086674 PCT 622/652/674 0407,434.0,1.0,0.0,18.0,2.0,311.0,121.0,2.0,57.0,0.0,0.0,0.0,13.0,0.0,0.0,0.0,0.0,14.0,1.0,121.0,0.0,46.0,766.0,195.0,180.0
Miami-Dade-12086693 PCT 693 0423,889.0,1.0,3.0,16.0,16.0,478.0,128.0,4.0,55.0,1.0,2.0,0.0,30.0,0.0,0.0,1.0,0.0,6.0,0.0,134.0,0.0,48.0,1403.0,222.0,187.0
Miami-Dade-12086694 PCT 694 0424,1017.0,2.0,2.0,30.0,7.0,596.0,152.0,0.0,55.0,4.0,0.0,0.0,22.0,0.0,0.0,0.0,0.0,1.0,0.0,179.0,0.0,69.0,1654.0,275.0,207.0
Miami-Dade-12086695 PCT 695 0425,1036.0,7.0,4.0,20.0,12.0,757.0,148.0,2.0,55.0,9.0,0.0,0.0,31.0,0.0,0.0,0.0,1.0,3.0,0.0,216.0,0.0,66.0,1836.0,326.0,205.0
Miami-Dade-12086696 PCT 696 0426,1169.0,1.0,2.0,38.0,17.0,579.0,158.0,2.0,127.0,2.0,0.0,0.0,27.0,0.0,0.0,0.0,0.0,10.0,0.0,140.0,0.0,87.0,1806.0,266.0,287.0
Miami-Dade-12086697 PCT 697 0427,996.0,2.0,3.0,35.0,14.0,837.0,170.0,3.0,66.0,5.0,1.0,0.0,43.0,0.0,0.0,0.0,1.0,6.0,0.0,349.0,0.0,98.0,1887.0,503.0,239.0
Miami-Dade-12086699 PCT 699 0428,665.0,1.0,0.0,16.0,5.0,321.0,125.0,3.0,44.0,0.0,0.0,0.0,20.0,0.0,0.0,0.0,0.0,14.0,1.0,98.0,0.0,36.0,1008.0,169.0,172.0
Miami-Dade-12086700 PCT 700 0429,506.0,0.0,0.0,8.0,3.0,299.0,98.0,0.0,27.0,0.0,0.0,0.0,11.0,0.0,0.0,0.0,0.0,4.0,0.0,73.0,0.0,28.0,816.0,116.0,125.0
Miami-Dade-12086701 PCT 701 0430,1065.0,3.0,6.0,28.0,16.0,1048.0,143.0,4.0,61.0,8.0,3.0,0.0,58.0,0.0,0.0,1.0,0.0,6.0,0.0,389.0,1.0,102.0,2166.0,568.0,208.0
Miami-Dade-12086702 PCT 702 0431,895.0,0.0,2.0,33.0,16.0,784.0,125.0,3.0,53.0,5.0,0.0,0.0,46.0,1.0,0.0,0.0,0.0,5.0,0.0,309.0,0.0,97.0,1730.0,463.0,181.0
Miami-Dade-12086703 PCT 703 0432,1399.0,3.0,8.0,39.0,18.0,781.0,206.0,5.0,88.0,10.0,0.0,0.0,33.0,1.0,0.0,1.0,1.0,7.0,0.0,266.0,0.0,80.0,2248.0,399.0,299.0
Miami-Dade-12086704 PCT 704 0433,763.0,1.0,3.0,21.0,5.0,921.0,115.0,6.0,47.0,11.0,1.0,1.0,35.0,0.0,0.0,0.0,0.0,4.0,0.0,375.0,0.0,96.0,1714.0,523.0,168.0
Miami-Dade-12086705 PCT 705 0434,965.0,4.0,10.0,30.0,15.0,928.0,172.0,6.0,55.0,17.0,0.0,0.0,53.0,0.0,0.0,0.0,0.0,19.0,1.0,353.0,0.0,96.0,1952.0,539.0,233.0
Miami-Dade-12086706 PCT 706 0435,858.0,3.0,7.0,33.0,17.0,1084.0,143.0,2.0,47.0,11.0,0.0,0.0,52.0,0.0,0.0,0.0,0.0,6.0,4.0,465.0,0.0,120.0,2002.0,658.0,192.0
Miami-Dade-12086707 PCT 707 0436,172.0,2.0,1.0,8.0,3.0,386.0,28.0,3.0,11.0,2.0,0.0,0.0,13.0,0.0,0.0,0.0,0.0,2.0,0.0,168.0,0.0,34.0,572.0,219.0,42.0
Miami-Dade-12086708 PCT 708 0437,830.0,3.0,5.0,37.0,11.0,1017.0,109.0,6.0,59.0,9.0,0.0,0.0,40.0,3.0,0.0,0.0,0.0,6.0,1.0,421.0,0.0,107.0,1903.0,587.0,174.0
Miami-Dade-12086710 PCT 710 0438,550.0,4.0,3.0,32.0,6.0,773.0,94.0,5.0,53.0,10.0,2.0,0.0,36.0,0.0,0.0,0.0,0.0,8.0,1.0,317.0,0.0,101.0,1368.0,475.0,152.0
Miami-Dade-12086711 PCT 711 0439,1385.0,3.0,0.0,49.0,17.0,1112.0,249.0,6.0,103.0,16.0,1.0,0.0,61.0,0.0,0.0,0.0,0.0,14.0,2.0,406.0,1.0,155.0,2566.0,656.0,358.0
Miami-Dade-12086712 PCT 712 0440,642.0,4.0,3.0,16.0,10.0,901.0,88.0,10.0,52.0,10.0,1.0,0.0,52.0,0.0,0.0,0.0,0.0,9.0,0.0,390.0,0.0,93.0,1576.0,555.0,150.0
Miami-Dade-12086713 PCT 713 0441,855.0,6.0,5.0,33.0,11.0,982.0,119.0,4.0,71.0,14.0,1.0,0.0,51.0,0.0,0.0,0.0,0.0,6.0,1.0,422.0,0.0,118.0,1892.0,613.0,194.0
Miami-Dade-12086714 PCT 714 0442,624.0,2.0,3.0,23.0,14.0,950.0,103.0,5.0,64.0,15.0,1.0,0.0,56.0,0.0,0.0,0.0,0.0,12.0,1.0,387.0,0.0,94.0,1616.0,566.0,172.0
Miami-Dade-12086715 PCT 715 0443,701.0,8.0,0.0,20.0,9.0,899.0,125.0,6.0,61.0,9.0,1.0,1.0,49.0,0.0,0.0,0.0,0.0,17.0,1.0,441.0,0.0,107.0,1637.0,626.0,192.0
Miami-Dade-12086716 PCT 716 0444,517.0,0.0,3.0,17.0,7.0,838.0,110.0,8.0,29.0,15.0,2.0,0.0,37.0,0.0,0.0,0.0,0.0,7.0,0.0,417.0,0.0,90.0,1382.0,568.0,147.0
Miami-Dade-12086717 PCT 717 0445,1205.0,1.0,2.0,42.0,16.0,766.0,235.0,6.0,143.0,16.0,0.0,0.0,48.0,0.0,0.0,1.0,0.0,19.0,0.0,252.0,0.0,111.0,2032.0,447.0,384.0
Miami-Dade-12086718 PCT 718/777 0446,707.0,3.0,4.0,33.0,10.0,903.0,134.0,2.0,58.0,13.0,0.0,0.0,58.0,0.0,0.0,0.0,0.0,13.0,1.0,441.0,0.0,120.0,1660.0,646.0,194.0
Miami-Dade-12086719 PCT 719 0447,667.0,0.0,1.0,29.0,7.0,737.0,144.0,3.0,92.0,7.0,2.0,0.0,39.0,0.0,0.0,0.0,0.0,18.0,2.0,304.0,0.0,105.0,1441.0,477.0,239.0
Miami-Dade-12086720 PCT 720 0448,524.0,3.0,1.0,19.0,5.0,861.0,128.0,2.0,42.0,6.0,0.0,0.0,44.0,1.0,0.0,0.0,0.0,16.0,1.0,404.0,0.0,121.0,1413.0,593.0,172.0
Miami-Dade-12086721 PCT 721 0449,1449.0,0.0,2.0,49.0,11.0,1126.0,348.0,8.0,152.0,17.0,1.0,0.0,68.0,0.0,0.0,0.0,0.0,26.0,0.0,439.0,0.0,156.0,2637.0,707.0,508.0
Miami-Dade-12086723 PCT 723 0450,631.0,2.0,1.0,23.0,5.0,827.0,166.0,4.0,72.0,2.0,1.0,0.0,57.0,0.0,0.0,0.0,0.0,18.0,0.0,394.0,0.0,121.0,1489.0,593.0,242.0
Miami-Dade-12086725 PCT 725 0451,655.0,5.0,2.0,32.0,7.0,798.0,138.0,1.0,60.0,5.0,0.0,0.0,46.0,1.0,0.0,0.0,0.0,15.0,0.0,359.0,0.0,99.0,1499.0,525.0,199.0
Miami-Dade-12086726 PCT 726/778/779 0452,344.0,3.0,2.0,7.0,5.0,448.0,63.0,2.0,21.0,7.0,0.0,0.0,25.0,0.0,0.0,0.0,0.0,2.0,0.0,196.0,0.0,41.0,809.0,271.0,86.0
Miami-Dade-12086727 PCT 727 0453,580.0,2.0,1.0,13.0,8.0,436.0,137.0,4.0,87.0,6.0,2.0,0.0,30.0,0.0,0.0,0.0,1.0,21.0,0.0,158.0,0.0,61.0,1040.0,279.0,228.0
Miami-Dade-12086728 PCT 728 0454,1315.0,5.0,4.0,32.0,21.0,754.0,273.0,3.0,133.0,9.0,0.0,0.0,30.0,0.0,0.0,0.0,0.0,11.0,0.0,265.0,0.0,112.0,2131.0,427.0,409.0
Miami-Dade-12086729 PCT 729 0455,960.0,5.0,2.0,41.0,10.0,667.0,168.0,4.0,80.0,8.0,2.0,0.0,39.0,1.0,1.0,0.0,1.0,15.0,0.0,229.0,0.0,61.0,1685.0,357.0,252.0
Miami-Dade-12086730 PCT 730 0456,1324.0,4.0,1.0,40.0,25.0,678.0,208.0,3.0,161.0,6.0,0.0,1.0,35.0,0.0,0.0,0.0,0.0,13.0,1.0,183.0,0.0,75.0,2072.0,314.0,372.0
Miami-Dade-12086731 PCT 731 0457,632.0,5.0,2.0,32.0,11.0,669.0,120.0,3.0,45.0,5.0,1.0,0.0,37.0,0.0,0.0,0.0,0.0,5.0,0.0,261.0,0.0,74.0,1351.0,383.0,168.0
Miami-Dade-12086732 PCT 732 0458,796.0,6.0,4.0,32.0,6.0,548.0,103.0,1.0,44.0,6.0,1.0,0.0,20.0,0.0,0.0,0.0,0.0,3.0,0.0,235.0,1.0,58.0,1392.0,324.0,148.0
Miami-Dade-12086733 PCT 733 0459,1143.0,2.0,3.0,47.0,17.0,1313.0,205.0,2.0,86.0,9.0,2.0,0.0,86.0,1.0,0.0,0.0,0.0,27.0,2.0,548.0,1.0,184.0,2525.0,860.0,293.0
Miami-Dade-12086734 PCT 734/785 0460,399.0,1.0,0.0,12.0,4.0,417.0,88.0,1.0,47.0,2.0,1.0,0.0,27.0,0.0,0.0,0.0,0.0,7.0,0.0,152.0,0.0,44.0,833.0,233.0,136.0
Miami-Dade-12086735 PCT 735 0461,1033.0,2.0,4.0,32.0,7.0,777.0,195.0,3.0,71.0,6.0,2.0,0.0,51.0,0.0,0.0,0.0,0.0,16.0,0.0,259.0,0.0,103.0,1855.0,437.0,269.0
Miami-Dade-12086736 PCT 736 0462,1016.0,2.0,4.0,24.0,11.0,446.0,152.0,1.0,50.0,7.0,1.0,0.0,14.0,0.0,0.0,0.0,0.0,3.0,1.0,125.0,0.0,25.0,1503.0,176.0,203.0
Miami-Dade-12086737 PCT 737 0463,966.0,5.0,6.0,19.0,17.0,440.0,128.0,4.0,48.0,4.0,0.0,0.0,18.0,0.0,0.0,0.0,1.0,3.0,0.0,108.0,0.0,33.0,1453.0,167.0,180.0
Miami-Dade-12086738 PCT 738 0464,1801.0,5.0,4.0,45.0,29.0,866.0,249.0,3.0,136.0,3.0,4.0,0.0,29.0,0.0,0.0,0.0,0.0,9.0,0.0,235.0,1.0,75.0,2750.0,356.0,388.0
Miami-Dade-12086739 PCT 739 0465,768.0,4.0,5.0,21.0,4.0,509.0,120.0,0.0,47.0,5.0,3.0,0.0,33.0,0.0,0.0,0.0,0.0,4.0,0.0,185.0,0.0,75.0,1311.0,305.0,167.0
Miami-Dade-12086740 PCT 740 0466,989.0,2.0,2.0,27.0,8.0,575.0,195.0,2.0,69.0,4.0,1.0,0.0,28.0,0.0,0.0,0.0,0.0,5.0,0.0,196.0,0.0,45.0,1603.0,279.0,266.0
Miami-Dade-12086741 PCT 741 0467,1397.0,4.0,2.0,44.0,8.0,903.0,332.0,2.0,143.0,7.0,3.0,2.0,63.0,1.0,0.0,0.0,0.0,15.0,0.0,270.0,0.0,137.0,2358.0,498.0,477.0
Miami-Dade-12086742 PCT 742/788 0468,1233.0,2.0,0.0,37.0,11.0,601.0,184.0,3.0,79.0,2.0,2.0,0.0,27.0,0.0,0.0,0.0,0.0,4.0,0.0,172.0,0.0,72.0,1884.0,279.0,266.0
Miami-Dade-12086743 PCT 743 0469,650.0,1.0,3.0,20.0,11.0,513.0,140.0,1.0,67.0,2.0,1.0,0.0,31.0,1.0,0.0,0.0,0.0,18.0,1.0,155.0,1.0,60.0,1198.0,270.0,208.0
Miami-Dade-12086744 PCT 744 0470,1634.0,5.0,6.0,50.0,20.0,1200.0,321.0,10.0,145.0,4.0,1.0,1.0,65.0,0.0,0.0,1.0,0.0,27.0,0.0,397.0,0.0,162.0,2915.0,658.0,476.0
Miami-Dade-12086745 PCT 745 0471,1528.0,4.0,3.0,43.0,20.0,959.0,288.0,4.0,142.0,17.0,4.0,1.0,64.0,0.0,0.0,0.0,0.0,18.0,4.0,315.0,0.0,116.0,2557.0,539.0,434.0
Miami-Dade-12086746 PCT 746 0472,579.0,2.0,2.0,21.0,7.0,307.0,155.0,2.0,65.0,6.0,1.0,0.0,17.0,0.0,0.0,0.0,0.0,16.0,1.0,78.0,0.0,56.0,918.0,175.0,222.0
Miami-Dade-12086747 PCT 747/781 0473,935.0,2.0,4.0,20.0,5.0,454.0,186.0,2.0,66.0,15.0,1.0,0.0,28.0,1.0,0.0,0.0,0.0,7.0,0.0,182.0,0.0,56.0,1420.0,290.0,254.0
Miami-Dade-12086748 PCT 748 0474,823.0,6.0,1.0,38.0,19.0,744.0,176.0,5.0,96.0,13.0,1.0,0.0,51.0,0.0,0.0,0.0,0.0,25.0,1.0,311.0,0.0,82.0,1631.0,484.0,277.0
Miami-Dade-12086749 PCT 749 0475,797.0,3.0,4.0,24.0,12.0,737.0,210.0,5.0,88.0,7.0,0.0,0.0,49.0,0.0,0.0,0.0,0.0,26.0,1.0,294.0,0.0,128.0,1577.0,505.0,303.0
Miami-Dade-12086750 PCT 750 0476,1033.0,2.0,3.0,45.0,15.0,1120.0,256.0,6.0,86.0,6.0,1.0,0.0,68.0,0.0,0.0,0.0,0.0,18.0,1.0,445.0,1.0,176.0,2218.0,716.0,348.0
Miami-Dade-12086751 PCT 751 0477,560.0,0.0,0.0,33.0,8.0,667.0,137.0,6.0,86.0,6.0,1.0,0.0,37.0,0.0,0.0,0.0,0.0,22.0,0.0,283.0,0.0,97.0,1268.0,446.0,229.0
Miami-Dade-12086752 PCT 752 0478,1391.0,6.0,1.0,38.0,14.0,811.0,336.0,7.0,123.0,12.0,0.0,0.0,46.0,0.0,1.0,0.0,0.0,23.0,0.0,250.0,0.0,104.0,2261.0,436.0,466.0
Miami-Dade-12086753 PCT 753/783 0479,284.0,0.0,0.0,8.0,4.0,282.0,74.0,2.0,39.0,2.0,0.0,0.0,23.0,0.0,0.0,0.0,0.0,5.0,0.0,98.0,0.0,38.0,578.0,166.0,115.0
Miami-Dade-12086754 PCT 754 0480,964.0,1.0,1.0,22.0,9.0,747.0,318.0,4.0,99.0,6.0,2.0,0.0,42.0,0.0,0.0,0.0,0.0,28.0,0.0,243.0,0.0,125.0,1744.0,446.0,421.0
Miami-Dade-12086755 PCT 755/771 0481,392.0,0.0,1.0,10.0,5.0,493.0,104.0,4.0,53.0,3.0,0.0,0.0,41.0,0.0,0.0,0.0,0.0,23.0,0.0,145.0,0.0,73.0,901.0,285.0,161.0
Miami-Dade-12086756 PCT 756/791 0482,910.0,4.0,0.0,18.0,7.0,825.0,257.0,5.0,120.0,7.0,2.0,1.0,47.0,0.0,0.0,0.0,0.0,29.0,0.0,267.0,0.0,114.0,1764.0,467.0,382.0
Miami-Dade-12086757 PCT 757 0483,1439.0,10.0,1.0,34.0,18.0,769.0,266.0,5.0,135.0,2.0,2.0,1.0,45.0,1.0,0.0,0.0,0.0,20.0,1.0,238.0,1.0,100.0,2271.0,411.0,406.0
Miami-Dade-12086758 PCT 758 0484,795.0,3.0,3.0,25.0,8.0,525.0,116.0,4.0,56.0,5.0,1.0,0.0,29.0,0.0,0.0,0.0,0.0,3.0,1.0,157.0,0.0,60.0,1359.0,256.0,176.0
Miami-Dade-12086759 PCT 759/790 0485,728.0,1.0,3.0,15.0,8.0,591.0,144.0,0.0,48.0,3.0,0.0,0.0,45.0,0.0,0.0,0.0,0.0,5.0,0.0,185.0,0.0,83.0,1346.0,321.0,192.0
Miami-Dade-12086760 PCT 760 0486,561.0,1.0,1.0,22.0,5.0,645.0,129.0,7.0,77.0,5.0,3.0,1.0,40.0,0.0,0.0,0.0,0.0,25.0,0.0,205.0,0.0,105.0,1235.0,384.0,213.0
Miami-Dade-12086761 PCT 761 0487,1421.0,1.0,6.0,37.0,22.0,728.0,181.0,4.0,100.0,10.0,1.0,1.0,33.0,0.0,0.0,0.0,0.0,13.0,0.0,216.0,0.0,85.0,2215.0,359.0,285.0
Miami-Dade-12086762 PCT 762 0488,1238.0,3.0,5.0,33.0,17.0,557.0,197.0,0.0,114.0,2.0,3.0,1.0,29.0,1.0,0.0,0.0,1.0,6.0,0.0,139.0,0.0,52.0,1853.0,234.0,311.0
Miami-Dade-12086763 PCT 763 0489,829.0,2.0,2.0,20.0,12.0,725.0,137.0,5.0,57.0,7.0,3.0,0.0,48.0,0.0,0.0,1.0,0.0,9.0,0.0,251.0,0.0,66.0,1590.0,385.0,199.0
Miami-Dade-12086764 PCT 764 0490,1897.0,3.0,5.0,56.0,13.0,1413.0,272.0,6.0,121.0,11.0,1.0,0.0,60.0,0.0,0.0,0.0,0.0,6.0,0.0,545.0,0.0,135.0,3387.0,758.0,399.0
Miami-Dade-12086765 PCT 765 0491,1209.0,2.0,7.0,31.0,13.0,685.0,225.0,2.0,100.0,7.0,1.0,0.0,38.0,0.0,0.0,0.0,0.0,12.0,1.0,219.0,0.0,90.0,1947.0,368.0,327.0
Miami-Dade-12086766 PCT 766 0492,1364.0,1.0,1.0,33.0,22.0,529.0,221.0,4.0,107.0,3.0,2.0,0.0,25.0,0.0,0.0,0.0,0.0,5.0,1.0,116.0,0.0,58.0,1950.0,210.0,332.0
Miami-Dade-12086767 PCT 767 0493,1111.0,3.0,4.0,20.0,15.0,523.0,198.0,2.0,61.0,0.0,1.0,0.0,26.0,0.0,0.0,0.0,0.0,5.0,0.0,162.0,0.0,58.0,1676.0,252.0,261.0
Miami-Dade-12086768 PCT 768 0494,273.0,0.0,0.0,11.0,5.0,193.0,42.0,0.0,15.0,0.0,1.0,0.0,9.0,0.0,0.0,0.0,0.0,3.0,1.0,60.0,0.0,30.0,482.0,104.0,57.0
Miami-Dade-12086769 PCT 769 0495,768.0,3.0,3.0,28.0,4.0,514.0,174.0,2.0,87.0,3.0,1.0,0.0,36.0,0.0,0.0,0.0,0.0,20.0,1.0,190.0,0.0,62.0,1320.0,313.0,263.0
Miami-Dade-12086770 PCT 770 0496,1047.0,2.0,5.0,33.0,13.0,817.0,152.0,2.0,65.0,8.0,1.0,1.0,45.0,1.0,0.0,0.0,0.0,8.0,0.0,293.0,0.0,98.0,1917.0,455.0,219.0
Miami-Dade-12086771 PCT 755/771 0481,1014.0,1.0,1.0,40.0,10.0,681.0,200.0,3.0,129.0,0.0,1.0,0.0,42.0,0.0,0.0,0.0,0.0,9.0,0.0,204.0,0.0,86.0,1747.0,342.0,332.0
Miami-Dade-12086772 PCT 772 0497,1096.0,2.0,3.0,36.0,11.0,765.0,170.0,3.0,69.0,11.0,1.0,0.0,34.0,0.0,0.0,0.0,0.0,3.0,1.0,260.0,0.0,64.0,1913.0,374.0,242.0
Miami-Dade-12086773 PCT 773 0498,1003.0,4.0,4.0,43.0,7.0,1180.0,124.0,5.0,51.0,11.0,1.0,0.0,51.0,0.0,0.0,0.0,0.0,6.0,0.0,541.0,0.0,111.0,2241.0,721.0,180.0
Miami-Dade-12086774 PCT 774 0499,914.0,2.0,6.0,32.0,16.0,393.0,110.0,2.0,50.0,5.0,0.0,0.0,8.0,0.0,0.0,0.0,0.0,1.0,0.0,104.0,0.0,31.0,1363.0,149.0,162.0
Miami-Dade-12086775 PCT 775 0500,1369.0,8.0,5.0,32.0,9.0,831.0,234.0,3.0,79.0,11.0,1.0,0.0,42.0,1.0,0.0,0.0,0.0,8.0,1.0,299.0,0.0,85.0,2254.0,448.0,316.0
Miami-Dade-12086776 PCT 776 0501,1478.0,2.0,4.0,37.0,14.0,772.0,170.0,2.0,76.0,5.0,2.0,0.0,38.0,0.0,0.0,0.0,0.0,1.0,0.0,198.0,0.0,78.0,2307.0,322.0,248.0
Miami-Dade-12086777 PCT 718/777 0446,282.0,1.0,1.0,16.0,6.0,332.0,54.0,3.0,25.0,5.0,0.0,0.0,28.0,0.0,0.0,0.0,0.0,3.0,0.0,137.0,0.0,42.0,638.0,215.0,82.0
Miami-Dade-12086778 PCT 726/778/779 0452,191.0,1.0,2.0,11.0,3.0,441.0,38.0,0.0,19.0,0.0,0.0,0.0,23.0,0.0,0.0,0.0,0.0,7.0,0.0,205.0,0.0,43.0,649.0,278.0,57.0
Miami-Dade-12086779 PCT 726/778/779 0452,342.0,2.0,2.0,15.0,9.0,414.0,53.0,1.0,24.0,7.0,3.0,1.0,13.0,0.0,0.0,0.0,0.0,2.0,0.0,193.0,0.0,58.0,784.0,277.0,78.0
Miami-Dade-12086781 PCT 747/781 0473,279.0,1.0,0.0,5.0,1.0,353.0,57.0,1.0,25.0,2.0,1.0,0.0,18.0,0.0,0.0,0.0,0.0,5.0,0.0,149.0,0.0,46.0,639.0,221.0,83.0
Miami-Dade-12086782 PCT 782 0502,606.0,1.0,2.0,13.0,10.0,484.0,109.0,3.0,55.0,6.0,2.0,0.0,21.0,0.0,0.0,0.0,0.0,6.0,0.0,145.0,0.0,56.0,1116.0,236.0,167.0
Miami-Dade-12086783 PCT 753/783 0479,950.0,1.0,0.0,32.0,12.0,679.0,251.0,4.0,91.0,6.0,2.0,1.0,37.0,0.0,0.0,0.0,0.0,23.0,0.0,206.0,0.0,92.0,1674.0,367.0,346.0
Miami-Dade-12086784 PCT 784 0503,1019.0,2.0,4.0,29.0,13.0,681.0,145.0,2.0,69.0,6.0,0.0,0.0,31.0,0.0,0.0,0.0,0.0,9.0,1.0,218.0,0.0,79.0,1748.0,344.0,216.0
Miami-Dade-12086785 PCT 734/785 0460,531.0,2.0,3.0,19.0,4.0,269.0,88.0,0.0,29.0,1.0,0.0,0.0,19.0,0.0,0.0,0.0,0.0,3.0,0.0,84.0,0.0,33.0,828.0,140.0,117.0
Miami-Dade-12086786 PCT 786/787/789 0504,984.0,2.0,2.0,29.0,5.0,739.0,177.0,1.0,60.0,5.0,0.0,0.0,28.0,0.0,0.0,0.0,0.0,2.0,0.0,224.0,0.0,116.0,1761.0,375.0,238.0
Miami-Dade-12086787 PCT 786/787/789 0504,73.0,0.0,1.0,4.0,3.0,100.0,17.0,1.0,9.0,0.0,0.0,0.0,8.0,0.0,0.0,0.0,0.0,2.0,0.0,27.0,0.0,9.0,181.0,46.0,27.0
Miami-Dade-12086788 PCT 742/788 0468,847.0,2.0,4.0,28.0,6.0,471.0,152.0,1.0,90.0,5.0,2.0,2.0,33.0,1.0,0.0,0.0,0.0,9.0,0.0,126.0,0.0,56.0,1358.0,234.0,243.0
Miami-Dade-12086789 PCT 786/787/789 0504,15.0,0.0,0.0,2.0,0.0,33.0,1.0,0.0,1.0,0.0,0.0,0.0,2.0,0.0,0.0,0.0,0.0,0.0,0.0,6.0,0.0,8.0,50.0,16.0,2.0
Miami-Dade-12086790 PCT 759/790 0485,23.0,0.0,0.0,1.0,0.0,53.0,3.0,0.0,0.0,2.0,0.0,0.0,5.0,0.0,0.0,0.0,0.0,0.0,0.0,30.0,0.0,5.0,77.0,42.0,3.0
Miami-Dade-12086791 PCT 756/791 0482,355.0,1.0,0.0,7.0,9.0,138.0,69.0,0.0,29.0,3.0,0.0,0.0,8.0,0.0,0.0,0.0,0.0,0.0,0.0,38.0,0.0,11.0,510.0,60.0,98.0
Miami-Dade-12086792 PCT 792 0505,828.0,0.0,1.0,19.0,9.0,544.0,142.0,1.0,69.0,2.0,2.0,0.0,37.0,1.0,0.0,0.0,0.0,12.0,0.0,159.0,0.0,72.0,1401.0,285.0,212.0
Miami-Dade-12086793 PCT 793/796 0506,780.0,2.0,0.0,20.0,4.0,551.0,126.0,2.0,50.0,5.0,2.0,0.0,26.0,0.0,0.0,0.0,0.0,5.0,0.0,211.0,0.0,68.0,1357.0,317.0,178.0
Miami-Dade-12086794 PCT 794 0507,948.0,1.0,1.0,27.0,12.0,779.0,241.0,4.0,85.0,5.0,1.0,0.0,51.0,1.0,0.0,1.0,0.0,10.0,0.0,210.0,0.0,104.0,1768.0,383.0,330.0
Miami-Dade-12086796 PCT 793/796 0506,31.0,0.0,0.0,0.0,0.0,54.0,1.0,0.0,3.0,0.0,0.0,0.0,4.0,0.0,0.0,0.0,0.0,0.0,0.0,19.0,0.0,7.0,85.0,30.0,4.0
Miami-Dade-12086797 PCT 797 0508,1074.0,0.0,4.0,23.0,9.0,858.0,165.0,1.0,46.0,9.0,1.0,0.0,28.0,0.0,0.0,1.0,0.0,8.0,0.0,266.0,0.0,74.0,1968.0,387.0,212.0
Miami-Dade-12086798 PCT 798 0509,1608.0,6.0,6.0,50.0,16.0,1634.0,189.0,0.0,76.0,9.0,2.0,0.0,75.0,0.0,0.0,0.0,0.0,15.0,1.0,571.0,0.0,150.0,3320.0,823.0,265.0
Miami-Dade-12086800 PCT 800 0510,792.0,1.0,2.0,26.0,12.0,453.0,124.0,1.0,35.0,8.0,0.0,0.0,34.0,0.0,0.0,0.0,0.0,1.0,0.0,140.0,0.0,30.0,1286.0,213.0,160.0
Miami-Dade-12086801 PCT 801 0511,1212.0,1.0,4.0,7.0,5.0,108.0,511.0,1.0,74.0,1.0,0.0,0.0,4.0,0.0,0.0,0.0,1.0,0.0,1.0,12.0,0.0,7.0,1337.0,26.0,586.0
Miami-Dade-12086802 PCT 802 0512,1215.0,2.0,0.0,10.0,5.0,83.0,486.0,2.0,61.0,0.0,1.0,0.0,0.0,0.0,0.0,0.0,0.0,0.0,0.0,8.0,0.0,3.0,1315.0,12.0,549.0
Miami-Dade-12086803 PCT 803 0513,1194.0,0.0,1.0,5.0,4.0,54.0,506.0,2.0,68.0,1.0,0.0,1.0,1.0,0.0,0.0,1.0,0.0,2.0,0.0,3.0,0.0,6.0,1258.0,15.0,576.0
Miami-Dade-12086804 PCT 804 0514,866.0,1.0,0.0,22.0,7.0,644.0,236.0,1.0,103.0,2.0,4.0,1.0,45.0,0.0,0.0,0.0,0.0,30.0,1.0,211.0,0.0,96.0,1540.0,390.0,340.0
Miami-Dade-12086805 PCT 805 0515,1242.0,6.0,4.0,31.0,16.0,552.0,186.0,1.0,86.0,1.0,1.0,0.0,14.0,0.0,0.0,0.0,0.0,3.0,0.0,153.0,0.0,64.0,1851.0,236.0,273.0
Miami-Dade-12086806 PCT 806 0516,748.0,1.0,1.0,21.0,11.0,441.0,214.0,7.0,89.0,4.0,0.0,0.0,24.0,1.0,0.0,0.0,0.0,27.0,0.0,136.0,0.0,91.0,1223.0,283.0,310.0
Miami-Dade-12086807 PCT 807 0517,693.0,0.0,0.0,20.0,3.0,443.0,196.0,1.0,82.0,4.0,1.0,0.0,36.0,0.0,0.0,0.0,0.0,16.0,0.0,124.0,0.0,87.0,1159.0,268.0,279.0
Miami-Dade-12086808 PCT 808 0518,365.0,0.0,0.0,16.0,1.0,394.0,91.0,3.0,36.0,3.0,0.0,0.0,29.0,0.0,0.0,0.0,0.0,12.0,0.0,127.0,0.0,88.0,776.0,259.0,130.0
Miami-Dade-12086809 PCT 809/850 0519,127.0,0.0,0.0,3.0,1.0,176.0,27.0,2.0,15.0,3.0,0.0,0.0,8.0,0.0,0.0,0.0,1.0,10.0,0.0,43.0,0.0,39.0,307.0,104.0,44.0
Miami-Dade-12086810 PCT 810 0520,1422.0,2.0,1.0,61.0,11.0,1067.0,435.0,5.0,161.0,5.0,2.0,0.0,61.0,0.0,1.0,0.0,0.0,64.0,2.0,316.0,0.0,196.0,2564.0,647.0,601.0
Miami-Dade-12086811 PCT 811 0521,931.0,3.0,0.0,18.0,18.0,501.0,195.0,2.0,101.0,2.0,2.0,0.0,23.0,0.0,0.0,0.0,0.0,20.0,0.0,123.0,0.0,95.0,1471.0,265.0,298.0
Miami-Dade-12086812 PCT 812/842 0522,1234.0,6.0,0.0,13.0,21.0,411.0,262.0,4.0,122.0,7.0,1.0,0.0,18.0,0.0,0.0,0.0,0.0,7.0,1.0,93.0,0.0,43.0,1685.0,170.0,388.0
Miami-Dade-12086813 PCT 813 0523,2271.0,4.0,4.0,24.0,25.0,459.0,709.0,0.0,154.0,6.0,4.0,0.0,28.0,0.0,0.0,1.0,0.0,7.0,1.0,81.0,1.0,35.0,2787.0,164.0,863.0
Miami-Dade-12086814 PCT 814 0524,1502.0,5.0,4.0,26.0,8.0,632.0,293.0,2.0,112.0,2.0,2.0,0.0,31.0,0.0,0.0,1.0,0.0,8.0,0.0,139.0,1.0,73.0,2177.0,257.0,407.0
Miami-Dade-12086815 PCT 815 0525,823.0,1.0,4.0,17.0,5.0,446.0,168.0,3.0,45.0,6.0,0.0,0.0,17.0,0.0,0.0,0.0,0.0,2.0,1.0,147.0,0.0,35.0,1296.0,208.0,216.0
Miami-Dade-12086816 PCT 816 0526,1509.0,3.0,2.0,17.0,14.0,349.0,474.0,3.0,94.0,2.0,0.0,0.0,19.0,0.0,0.0,0.0,0.0,6.0,0.0,84.0,0.0,45.0,1894.0,156.0,571.0
Miami-Dade-12086817 PCT 817 0527,1117.0,0.0,2.0,12.0,15.0,201.0,328.0,1.0,88.0,4.0,0.0,0.0,9.0,0.0,0.0,0.0,0.0,1.0,2.0,46.0,0.0,19.0,1347.0,81.0,417.0
Miami-Dade-12086818 PCT 818 0528,1089.0,2.0,1.0,4.0,3.0,43.0,335.0,1.0,64.0,0.0,1.0,0.0,3.0,0.0,0.0,0.0,0.0,1.0,0.0,4.0,0.0,4.0,1142.0,13.0,400.0
Miami-Dade-12086819 PCT 819 0529,504.0,6.0,0.0,16.0,7.0,451.0,119.0,5.0,72.0,7.0,0.0,0.0,36.0,0.0,0.0,0.0,0.0,14.0,0.0,90.0,0.0,80.0,984.0,227.0,196.0
Miami-Dade-12086820 PCT 820 0530,1425.0,4.0,2.0,66.0,21.0,1263.0,348.0,6.0,175.0,6.0,4.0,0.0,96.0,0.0,0.0,0.0,1.0,51.0,1.0,310.0,0.0,239.0,2781.0,708.0,529.0
Miami-Dade-12086821 PCT 821 0531,1266.0,4.0,2.0,57.0,20.0,1103.0,308.0,10.0,178.0,5.0,6.0,2.0,77.0,1.0,0.0,0.0,0.0,32.0,1.0,181.0,2.0,205.0,2452.0,512.0,496.0
Miami-Dade-12086822 PCT 822 0532,855.0,2.0,0.0,31.0,8.0,702.0,247.0,8.0,88.0,2.0,2.0,0.0,65.0,0.0,0.0,1.0,0.0,34.0,3.0,117.0,0.0,100.0,1598.0,324.0,343.0
Miami-Dade-12086823 PCT 823 0533,1038.0,1.0,4.0,27.0,14.0,704.0,209.0,4.0,94.0,7.0,1.0,0.0,37.0,0.0,0.0,0.0,0.0,13.0,1.0,157.0,0.0,108.0,1788.0,324.0,307.0
Miami-Dade-12086824 PCT 824 0534,623.0,1.0,1.0,20.0,15.0,398.0,117.0,7.0,65.0,3.0,3.0,0.0,23.0,1.0,0.0,0.0,0.0,10.0,0.0,72.0,0.0,46.0,1058.0,158.0,189.0
Miami-Dade-12086825 PCT 825 0535,1608.0,2.0,3.0,52.0,19.0,905.0,349.0,5.0,142.0,11.0,3.0,0.0,44.0,1.0,1.0,0.0,0.0,16.0,0.0,186.0,0.0,139.0,2589.0,401.0,496.0
Miami-Dade-12086826 PCT 826 0536,730.0,1.0,0.0,2.0,1.0,56.0,204.0,3.0,30.0,0.0,0.0,0.0,2.0,0.0,0.0,0.0,1.0,0.0,0.0,14.0,0.0,0.0,790.0,17.0,237.0
Miami-Dade-12086827 PCT 827 0537,1172.0,0.0,5.0,11.0,6.0,360.0,267.0,2.0,52.0,7.0,1.0,0.0,15.0,0.0,1.0,0.0,0.0,2.0,0.0,106.0,0.0,30.0,1554.0,162.0,321.0
Miami-Dade-12086829 PCT 829 0538,1122.0,1.0,5.0,11.0,13.0,372.0,245.0,3.0,44.0,7.0,0.0,0.0,13.0,0.0,0.0,0.0,0.0,2.0,0.0,111.0,0.0,28.0,1524.0,161.0,292.0
Miami-Dade-12086830 PCT 830/831/967/968 0539,936.0,3.0,1.0,15.0,4.0,310.0,181.0,1.0,39.0,7.0,0.0,0.0,15.0,0.0,0.0,0.0,0.0,1.0,0.0,75.0,0.0,20.0,1269.0,118.0,221.0
Miami-Dade-12086831 PCT 830/831/967/968 0539,321.0,0.0,0.0,1.0,1.0,107.0,50.0,0.0,14.0,1.0,1.0,0.0,7.0,0.0,0.0,0.0,0.0,0.0,0.0,35.0,0.0,9.0,430.0,53.0,64.0
Miami-Dade-12086832 PCT 832 0540,769.0,1.0,4.0,20.0,11.0,376.0,168.0,4.0,53.0,3.0,1.0,0.0,23.0,0.0,0.0,0.0,0.0,10.0,0.0,71.0,0.0,39.0,1181.0,147.0,225.0
Miami-Dade-12086833 PCT 833/856 0541,60.0,1.0,0.0,0.0,1.0,16.0,14.0,0.0,7.0,0.0,0.0,0.0,0.0,0.0,0.0,0.0,0.0,1.0,0.0,2.0,0.0,1.0,78.0,4.0,21.0
Miami-Dade-12086834 PCT 834/852/960/961/ 0542,48.0,0.0,0.0,0.0,0.0,7.0,5.0,0.0,3.0,0.0,0.0,0.0,0.0,0.0,1.0,0.0,0.0,0.0,0.0,3.0,0.0,0.0,55.0,4.0,8.0
Miami-Dade-12086835 PCT 835/836/853/970/ 0543,2.0,0.0,0.0,0.0,0.0,0.0,0.0,0.0,0.0,0.0,0.0,0.0,0.0,0.0,0.0,0.0,0.0,1.0,0.0,0.0,0.0,0.0,2.0,1.0,0.0
Miami-Dade-12086836 PCT 835/836/853/970/ 0543,1.0,0.0,0.0,0.0,0.0,0.0,0.0,0.0,0.0,0.0,0.0,0.0,0.0,0.0,0.0,0.0,0.0,0.0,0.0,0.0,0.0,0.0,1.0,0.0,0.0
Miami-Dade-12086837 PCT 837/844 0544,1021.0,0.0,3.0,42.0,13.0,764.0,243.0,5.0,131.0,11.0,1.0,0.0,53.0,1.0,0.0,0.0,0.0,37.0,0.0,205.0,0.0,135.0,1843.0,443.0,379.0
Miami-Dade-12086838 PCT 838 0545,382.0,1.0,4.0,7.0,6.0,195.0,80.0,3.0,30.0,2.0,1.0,0.0,11.0,0.0,0.0,0.0,0.0,0.0,0.0,63.0,0.0,13.0,595.0,90.0,113.0
Miami-Dade-12086839 PCT 839/849 0546,635.0,0.0,3.0,6.0,9.0,177.0,110.0,0.0,37.0,1.0,0.0,0.0,6.0,0.0,0.0,0.0,0.0,1.0,0.0,59.0,0.0,12.0,830.0,79.0,147.0
Miami-Dade-12086840 PCT 840 0547,737.0,3.0,3.0,21.0,20.0,476.0,167.0,1.0,90.0,0.0,3.0,0.0,29.0,0.0,0.0,0.0,0.0,13.0,0.0,87.0,0.0,70.0,1260.0,202.0,258.0
Miami-Dade-12086841 PCT 841 0548,1203.0,2.0,7.0,22.0,16.0,610.0,231.0,3.0,87.0,6.0,0.0,0.0,28.0,0.0,0.0,1.0,0.0,4.0,0.0,186.0,0.0,62.0,1860.0,287.0,321.0
Miami-Dade-12086842 PCT 812/842 0522,151.0,0.0,0.0,1.0,2.0,44.0,45.0,0.0,10.0,1.0,1.0,0.0,5.0,0.0,0.0,0.0,0.0,0.0,0.0,12.0,0.0,8.0,198.0,27.0,55.0
Miami-Dade-12086843 PCT 167/168/843/932 0093,51.0,0.0,0.0,3.0,0.0,17.0,5.0,0.0,1.0,0.0,0.0,0.0,0.0,0.0,0.0,0.0,0.0,0.0,0.0,3.0,0.0,1.0,71.0,4.0,6.0
Miami-Dade-12086844 PCT 837/844 0544,0.0,0.0,0.0,1.0,0.0,2.0,0.0,0.0,0.0,0.0,0.0,0.0,0.0,0.0,0.0,0.0,0.0,0.0,0.0,0.0,0.0,2.0,3.0,2.0,0.0
Miami-Dade-12086845 PCT 845 0549,819.0,3.0,4.0,23.0,8.0,494.0,159.0,0.0,61.0,6.0,2.0,0.0,21.0,0.0,0.0,0.0,0.0,3.0,0.0,124.0,0.0,52.0,1351.0,208.0,220.0
Miami-Dade-12086846 PCT 846 0550,1436.0,6.0,3.0,31.0,10.0,679.0,265.0,3.0,61.0,12.0,1.0,0.0,42.0,0.0,0.0,1.0,0.0,4.0,0.0,183.0,0.0,69.0,2165.0,312.0,329.0
Miami-Dade-12086847 PCT 482/847 0307,1940.0,2.0,3.0,53.0,19.0,946.0,342.0,6.0,171.0,5.0,3.0,1.0,66.0,0.0,0.0,0.0,0.0,12.0,0.0,191.0,1.0,118.0,2963.0,397.0,519.0
Miami-Dade-12086848 PCT 198/848 0100,320.0,7.0,1.0,17.0,7.0,498.0,76.0,6.0,46.0,1.0,2.0,0.0,38.0,0.0,0.0,0.0,0.0,9.0,0.0,125.0,0.0,78.0,850.0,253.0,128.0
Miami-Dade-12086849 PCT 839/849 0546,369.0,2.0,2.0,8.0,2.0,133.0,65.0,1.0,36.0,2.0,0.0,0.0,10.0,0.0,0.0,0.0,0.0,3.0,0.0,28.0,0.0,15.0,516.0,58.0,102.0
Miami-Dade-12086850 PCT 809/850 0519,118.0,0.0,1.0,6.0,0.0,134.0,29.0,1.0,13.0,2.0,0.0,0.0,13.0,0.0,0.0,0.0,0.0,4.0,1.0,29.0,0.0,39.0,259.0,88.0,43.0
Miami-Dade-12086851 PCT 851 0551,1094.0,2.0,3.0,13.0,13.0,212.0,229.0,4.0,43.0,3.0,0.0,0.0,7.0,0.0,0.0,0.0,0.0,0.0,0.0,73.0,0.0,22.0,1337.0,105.0,276.0
Miami-Dade-12086852 PCT 834/852/960/961/ 0542,9.0,0.0,0.0,0.0,0.0,13.0,1.0,1.0,1.0,0.0,0.0,0.0,0.0,0.0,0.0,0.0,0.0,0.0,0.0,2.0,0.0,2.0,22.0,4.0,3.0
Miami-Dade-12086853 PCT 835/836/853/970/ 0543,586.0,2.0,0.0,19.0,11.0,635.0,99.0,5.0,55.0,4.0,1.0,0.0,38.0,0.0,0.0,0.0,0.0,5.0,3.0,136.0,1.0,86.0,1253.0,274.0,159.0
Miami-Dade-12086854 PCT 854 0552,1118.0,4.0,6.0,39.0,23.0,642.0,239.0,9.0,129.0,9.0,3.0,0.0,51.0,0.0,0.0,1.0,0.0,12.0,1.0,114.0,0.0,92.0,1832.0,283.0,377.0
Miami-Dade-12086856 PCT 833/856 0541,1561.0,2.0,1.0,9.0,6.0,123.0,434.0,1.0,72.0,2.0,0.0,0.0,1.0,0.0,0.0,0.0,0.0,0.0,0.0,21.0,0.0,10.0,1702.0,34.0,507.0
Miami-Dade-12086857 PCT 857 0553,1462.0,3.0,1.0,34.0,16.0,848.0,280.0,0.0,97.0,9.0,0.0,0.0,48.0,0.0,0.0,0.0,0.0,7.0,0.0,215.0,0.0,82.0,2364.0,361.0,377.0
Miami-Dade-12086858 PCT 858 0554,1069.0,9.0,0.0,28.0,12.0,692.0,195.0,1.0,61.0,6.0,2.0,0.0,47.0,0.0,0.0,0.0,0.0,6.0,0.0,216.0,0.0,76.0,1810.0,353.0,257.0
Miami-Dade-12086859 PCT 859 0555,1151.0,5.0,2.0,34.0,15.0,739.0,144.0,3.0,57.0,7.0,2.0,0.0,38.0,0.0,0.0,0.0,0.0,8.0,0.0,207.0,0.0,70.0,1946.0,332.0,204.0
Miami-Dade-12086860 PCT 860 0556,526.0,2.0,1.0,22.0,8.0,272.0,105.0,1.0,42.0,2.0,1.0,0.0,12.0,0.0,0.0,0.0,0.0,1.0,1.0,65.0,0.0,35.0,831.0,117.0,148.0
Miami-Dade-12086862 PCT 862 0557,1453.0,1.0,4.0,46.0,18.0,615.0,196.0,1.0,111.0,5.0,1.0,0.0,21.0,0.0,0.0,0.0,0.0,7.0,0.0,121.0,0.0,61.0,2137.0,216.0,308.0
Miami-Dade-12086888 PCT 888/934 0558,25.0,0.0,0.0,0.0,0.0,21.0,5.0,0.0,0.0,0.0,0.0,0.0,0.0,0.0,0.0,0.0,0.0,0.0,0.0,3.0,0.0,2.0,46.0,5.0,5.0
Miami-Dade-12086889 PCT 889/905 0559,390.0,1.0,1.0,11.0,2.0,147.0,84.0,0.0,20.0,5.0,1.0,0.0,5.0,0.0,0.0,0.0,0.0,0.0,0.0,19.0,0.0,12.0,552.0,42.0,104.0
Miami-Dade-12086890 PCT 890 0560,1354.0,4.0,2.0,32.0,15.0,353.0,287.0,3.0,79.0,6.0,2.0,0.0,26.0,0.0,0.0,0.0,0.0,2.0,1.0,62.0,0.0,32.0,1760.0,131.0,369.0
Miami-Dade-12086891 PCT 891 0561,1413.0,6.0,1.0,25.0,14.0,441.0,266.0,1.0,79.0,6.0,2.0,0.0,15.0,0.0,0.0,0.0,0.0,2.0,1.0,96.0,0.0,46.0,1900.0,168.0,346.0
Miami-Dade-12086892 PCT 892/897 0562,86.0,0.0,0.0,4.0,0.0,37.0,5.0,0.0,3.0,0.0,0.0,0.0,0.0,0.0,0.0,0.0,0.0,0.0,0.0,11.0,1.0,2.0,127.0,14.0,8.0
Miami-Dade-12086893 PCT 893/895/919 0563,192.0,0.0,0.0,2.0,2.0,51.0,28.0,0.0,11.0,0.0,0.0,0.0,2.0,0.0,0.0,0.0,0.0,0.0,0.0,7.0,0.0,5.0,247.0,14.0,39.0
Miami-Dade-12086894 PCT 894/896/907 0564,39.0,0.0,0.0,0.0,0.0,4.0,1.0,0.0,4.0,0.0,0.0,0.0,0.0,0.0,0.0,0.0,0.0,0.0,0.0,0.0,0.0,0.0,43.0,0.0,5.0
Miami-Dade-12086895 PCT 893/895/919 0563,541.0,3.0,0.0,15.0,3.0,319.0,76.0,0.0,41.0,1.0,0.0,0.0,9.0,0.0,0.0,0.0,0.0,7.0,0.0,46.0,0.0,39.0,881.0,102.0,117.0
Miami-Dade-12086896 PCT 894/896/907 0564,26.0,0.0,0.0,1.0,0.0,36.0,10.0,1.0,4.0,0.0,0.0,0.0,2.0,0.0,0.0,0.0,0.0,0.0,0.0,4.0,0.0,5.0,63.0,11.0,15.0
Miami-Dade-12086897 PCT 892/897 0562,649.0,1.0,0.0,19.0,5.0,470.0,128.0,3.0,58.0,6.0,3.0,0.0,23.0,0.0,0.0,0.0,0.0,7.0,2.0,74.0,0.0,85.0,1144.0,200.0,189.0
Miami-Dade-12086900 PCT 900/941 0565,333.0,2.0,0.0,20.0,8.0,380.0,88.0,5.0,43.0,1.0,0.0,0.0,37.0,0.0,0.0,0.0,0.0,8.0,0.0,67.0,0.0,90.0,743.0,203.0,136.0
Miami-Dade-12086901 PCT 901/924 0566,431.0,1.0,0.0,18.0,5.0,670.0,75.0,2.0,55.0,5.0,0.0,0.0,34.0,1.0,0.0,0.0,0.0,11.0,1.0,153.0,1.0,111.0,1125.0,317.0,132.0
Miami-Dade-12086903 PCT 903/942/944 0567,1875.0,6.0,2.0,28.0,12.0,433.0,305.0,4.0,95.0,4.0,2.0,0.0,15.0,0.0,0.0,1.0,0.0,2.0,0.0,58.0,0.0,35.0,2356.0,117.0,404.0
Miami-Dade-12086904 PCT 904 0568,1387.0,3.0,9.0,44.0,27.0,629.0,229.0,2.0,78.0,3.0,1.0,0.0,30.0,0.0,0.0,0.0,0.0,5.0,0.0,131.0,0.0,57.0,2099.0,227.0,309.0
Miami-Dade-12086905 PCT 889/905 0559,386.0,3.0,1.0,8.0,5.0,119.0,51.0,0.0,14.0,0.0,0.0,0.0,5.0,0.0,0.0,0.0,0.0,0.0,0.0,19.0,0.0,12.0,522.0,36.0,65.0
Miami-Dade-12086906 PCT 906/918 0569,495.0,2.0,2.0,8.0,5.0,155.0,72.0,1.0,23.0,3.0,0.0,0.0,3.0,0.0,0.0,0.0,0.0,0.0,1.0,30.0,0.0,22.0,667.0,59.0,96.0
Miami-Dade-12086907 PCT 894/896/907 0564,655.0,2.0,1.0,19.0,4.0,357.0,144.0,3.0,60.0,2.0,3.0,0.0,26.0,0.0,0.0,1.0,0.0,2.0,1.0,39.0,0.0,65.0,1038.0,139.0,207.0
Miami-Dade-12086909 PCT 909 0570,1406.0,2.0,5.0,19.0,7.0,353.0,227.0,3.0,64.0,10.0,2.0,0.0,14.0,0.0,1.0,0.0,0.0,3.0,0.0,71.0,0.0,31.0,1792.0,132.0,294.0
Miami-Dade-12086910 PCT 910 0571,1131.0,3.0,4.0,28.0,15.0,484.0,192.0,4.0,41.0,6.0,2.0,0.0,33.0,0.0,0.0,0.0,0.0,3.0,0.0,165.0,0.0,41.0,1665.0,250.0,237.0
Miami-Dade-12086911 PCT 911 0572,1132.0,7.0,3.0,17.0,12.0,431.0,161.0,5.0,67.0,6.0,0.0,0.0,22.0,0.0,0.0,0.0,0.0,2.0,0.0,108.0,0.0,43.0,1602.0,181.0,233.0
Miami-Dade-12086913 PCT 913 0573,1017.0,8.0,6.0,39.0,11.0,1184.0,223.0,13.0,110.0,7.0,4.0,1.0,70.0,0.0,0.0,0.0,0.0,22.0,0.0,178.0,0.0,212.0,2265.0,494.0,346.0
Miami-Dade-12086914 PCT 914 0574,358.0,0.0,1.0,16.0,6.0,612.0,80.0,2.0,39.0,3.0,4.0,2.0,42.0,1.0,0.0,0.0,4.0,10.0,3.0,82.0,0.0,133.0,993.0,284.0,121.0
Miami-Dade-12086915 PCT 915 0575,793.0,2.0,1.0,33.0,11.0,694.0,129.0,12.0,75.0,3.0,4.0,1.0,54.0,1.0,0.0,0.0,0.0,8.0,0.0,84.0,0.0,126.0,1534.0,281.0,216.0
Miami-Dade-12086916 PCT 916 0576,515.0,1.0,1.0,9.0,8.0,165.0,67.0,2.0,42.0,5.0,0.0,0.0,6.0,0.0,0.0,0.0,0.0,3.0,0.0,39.0,0.0,23.0,699.0,76.0,111.0
Miami-Dade-12086918 PCT 906/918 0569,316.0,2.0,0.0,5.0,3.0,150.0,42.0,0.0,15.0,0.0,0.0,0.0,3.0,0.0,0.0,0.0,0.0,0.0,0.0,26.0,0.0,19.0,476.0,48.0,57.0
Miami-Dade-12086919 PCT 893/895/919 0563,706.0,2.0,3.0,20.0,4.0,425.0,95.0,0.0,42.0,0.0,0.0,0.0,22.0,0.0,0.0,0.0,1.0,8.0,0.0,76.0,0.0,44.0,1160.0,151.0,137.0
Miami-Dade-12086920 PCT 920/930 0577,1002.0,2.0,1.0,7.0,6.0,107.0,214.0,1.0,38.0,0.0,0.0,0.0,5.0,0.0,0.0,0.0,0.0,1.0,0.0,16.0,0.0,9.0,1125.0,31.0,253.0
Miami-Dade-12086922 PCT 922 0578,1069.0,1.0,1.0,5.0,2.0,56.0,254.0,1.0,37.0,0.0,0.0,0.0,3.0,0.0,0.0,0.0,0.0,0.0,0.0,6.0,0.0,4.0,1134.0,13.0,292.0
Miami-Dade-12086923 PCT 923/928/950 0579,81.0,0.0,0.0,1.0,0.0,129.0,26.0,0.0,7.0,3.0,0.0,0.0,2.0,0.0,0.0,0.0,0.0,3.0,0.0,22.0,0.0,29.0,211.0,59.0,33.0
Miami-Dade-12086924 PCT 901/924 0566,88.0,0.0,0.0,4.0,2.0,113.0,16.0,1.0,10.0,1.0,0.0,0.0,5.0,0.0,0.0,0.0,0.0,1.0,0.0,17.0,0.0,24.0,207.0,48.0,27.0
Miami-Dade-12086926 PCT 926/936 0580,444.0,3.0,1.0,20.0,4.0,386.0,69.0,9.0,29.0,8.0,0.0,0.0,22.0,0.0,0.0,0.0,1.0,3.0,0.0,51.0,0.0,66.0,858.0,151.0,107.0
Miami-Dade-12086928 PCT 923/928/950 0579,1486.0,6.0,6.0,32.0,22.0,892.0,279.0,4.0,124.0,6.0,5.0,1.0,55.0,0.0,0.0,0.0,0.0,15.0,0.0,122.0,0.0,139.0,2444.0,343.0,407.0
Miami-Dade-12086930 PCT 920/930 0577,230.0,1.0,0.0,7.0,4.0,319.0,32.0,3.0,29.0,0.0,1.0,1.0,15.0,0.0,0.0,0.0,0.0,2.0,0.0,31.0,0.0,66.0,561.0,116.0,64.0
Miami-Dade-12086931 PCT 931 0581,461.0,0.0,0.0,6.0,2.0,190.0,71.0,0.0,27.0,0.0,0.0,0.0,6.0,0.0,0.0,0.0,0.0,1.0,0.0,44.0,0.0,12.0,659.0,63.0,98.0
Miami-Dade-12086932 PCT 167/168/843/932 0093,309.0,1.0,0.0,4.0,3.0,131.0,39.0,0.0,11.0,0.0,1.0,0.0,9.0,0.0,0.0,0.0,0.0,0.0,0.0,19.0,1.0,13.0,448.0,43.0,50.0
Miami-Dade-12086933 PCT 933/935/937/938/ 0582,4.0,0.0,0.0,0.0,0.0,0.0,0.0,0.0,1.0,0.0,0.0,0.0,0.0,0.0,0.0,0.0,0.0,0.0,0.0,0.0,0.0,0.0,4.0,0.0,1.0
Miami-Dade-12086934 PCT 888/934 0558,1548.0,5.0,3.0,38.0,18.0,747.0,213.0,1.0,137.0,5.0,0.0,0.0,54.0,0.0,0.0,0.0,0.0,5.0,2.0,138.0,0.0,64.0,2359.0,268.0,351.0
Miami-Dade-12086935 PCT 933/935/937/938/ 0582,123.0,0.0,2.0,0.0,0.0,30.0,11.0,0.0,4.0,2.0,0.0,0.0,0.0,0.0,0.0,0.0,0.0,0.0,0.0,2.0,0.0,5.0,155.0,9.0,15.0
Miami-Dade-12086936 PCT 926/936 0580,256.0,0.0,1.0,1.0,0.0,42.0,57.0,1.0,11.0,0.0,0.0,0.0,5.0,0.0,0.0,0.0,0.0,0.0,0.0,8.0,0.0,2.0,300.0,15.0,69.0
Miami-Dade-12086937 PCT 933/935/937/938/ 0582,6.0,0.0,0.0,0.0,0.0,0.0,0.0,0.0,2.0,0.0,0.0,0.0,0.0,0.0,0.0,0.0,0.0,0.0,0.0,0.0,0.0,0.0,6.0,0.0,2.0
Miami-Dade-12086938 PCT 933/935/937/938/ 0582,2.0,0.0,0.0,0.0,0.0,1.0,0.0,0.0,1.0,0.0,0.0,0.0,0.0,0.0,0.0,0.0,0.0,0.0,0.0,0.0,0.0,0.0,3.0,0.0,1.0
Miami-Dade-12086939 PCT 939/948 0583,1.0,0.0,0.0,0.0,0.0,2.0,0.0,0.0,0.0,0.0,0.0,0.0,0.0,0.0,0.0,0.0,0.0,0.0,0.0,0.0,0.0,0.0,3.0,0.0,0.0
Miami-Dade-12086940 PCT 940 0584,328.0,2.0,0.0,5.0,3.0,143.0,49.0,0.0,19.0,1.0,3.0,0.0,11.0,0.0,0.0,0.0,0.0,3.0,0.0,28.0,0.0,7.0,481.0,53.0,68.0
Miami-Dade-12086941 PCT 900/941 0565,252.0,0.0,0.0,9.0,2.0,347.0,61.0,5.0,40.0,0.0,1.0,0.0,18.0,1.0,0.0,0.0,0.0,7.0,0.0,65.0,0.0,73.0,610.0,165.0,106.0
Miami-Dade-12086942 PCT 903/942/944 0567,242.0,0.0,1.0,1.0,0.0,46.0,35.0,0.0,11.0,0.0,0.0,0.0,0.0,0.0,0.0,0.0,0.0,0.0,0.0,11.0,0.0,2.0,290.0,13.0,46.0
Miami-Dade-12086943 PCT 933/935/937/938/ 0582,101.0,0.0,0.0,4.0,3.0,112.0,24.0,1.0,16.0,5.0,0.0,0.0,5.0,0.0,0.0,0.0,0.0,0.0,0.0,8.0,0.0,28.0,220.0,46.0,41.0
Miami-Dade-12086944 PCT 903/942/944 0567,2.0,0.0,0.0,0.0,0.0,0.0,2.0,0.0,0.0,0.0,0.0,0.0,0.0,0.0,0.0,0.0,0.0,0.0,0.0,0.0,0.0,0.0,2.0,0.0,2.0
Miami-Dade-12086945 PCT 933/935/937/938/ 0582,0.0,0.0,0.0,0.0,0.0,1.0,0.0,0.0,0.0,0.0,0.0,0.0,0.0,0.0,0.0,0.0,0.0,0.0,0.0,0.0,0.0,0.0,1.0,0.0,0.0
Miami-Dade-12086947 PCT 947 0585,1661.0,3.0,4.0,30.0,14.0,594.0,207.0,2.0,96.0,7.0,1.0,0.0,28.0,0.0,0.0,0.0,0.0,5.0,0.0,114.0,0.0,69.0,2306.0,224.0,305.0
Miami-Dade-12086948 PCT 939/948 0583,1141.0,2.0,0.0,18.0,15.0,242.0,211.0,0.0,83.0,4.0,0.0,0.0,12.0,0.0,0.0,1.0,0.0,1.0,0.0,34.0,0.0,26.0,1418.0,78.0,294.0
Miami-Dade-12086949 PCT 949 0586,997.0,1.0,1.0,10.0,6.0,186.0,118.0,0.0,46.0,8.0,0.0,0.0,10.0,0.0,0.0,0.0,1.0,4.0,0.0,28.0,0.0,20.0,1201.0,71.0,164.0
Miami-Dade-12086950 PCT 923/928/950 0579,0.0,0.0,0.0,0.0,0.0,0.0,0.0,0.0,0.0,0.0,0.0,0.0,0.0,0.0,0.0,0.0,0.0,0.0,0.0,0.0,0.0,0.0,0.0,0.0,0.0
Miami-Dade-12086951 PCT 951/955 0587,1066.0,1.0,0.0,14.0,8.0,209.0,183.0,0.0,42.0,2.0,0.0,0.0,8.0,0.0,0.0,0.0,0.0,4.0,0.0,42.0,0.0,25.0,1298.0,81.0,225.0
Miami-Dade-12086953 PCT 953 0588,613.0,0.0,2.0,14.0,10.0,535.0,125.0,1.0,75.0,5.0,1.0,0.0,27.0,0.0,0.0,0.0,1.0,12.0,1.0,97.0,0.0,86.0,1174.0,230.0,201.0
Miami-Dade-12086955 PCT 951/955 0587,545.0,0.0,0.0,5.0,3.0,36.0,129.0,2.0,21.0,0.0,0.0,0.0,0.0,0.0,0.0,0.0,0.0,0.0,0.0,2.0,0.0,7.0,589.0,9.0,152.0
Miami-Dade-12086957 PCT 957 0589,367.0,4.0,1.0,14.0,5.0,285.0,60.0,0.0,28.0,2.0,0.0,0.0,10.0,0.0,0.0,0.0,0.0,9.0,0.0,87.0,0.0,49.0,676.0,157.0,88.0
Miami-Dade-12086959 PCT 959 0590,646.0,3.0,3.0,20.0,12.0,270.0,109.0,3.0,42.0,1.0,1.0,0.0,14.0,1.0,0.0,0.0,0.0,7.0,0.0,47.0,1.0,40.0,954.0,112.0,154.0
Miami-Dade-12086960 PCT 834/852/960/961/ 0542,233.0,1.0,0.0,5.0,2.0,93.0,46.0,0.0,15.0,3.0,0.0,0.0,6.0,0.0,0.0,0.0,0.0,0.0,0.0,23.0,0.0,6.0,334.0,38.0,61.0
Miami-Dade-12086961 PCT 834/852/960/961/ 0542,776.0,0.0,0.0,5.0,2.0,81.0,221.0,1.0,22.0,0.0,0.0,0.0,6.0,0.0,0.0,0.0,0.0,0.0,0.0,13.0,0.0,6.0,864.0,25.0,244.0
Miami-Dade-12086963 PCT 963 0591,323.0,0.0,1.0,15.0,6.0,202.0,43.0,3.0,26.0,0.0,1.0,0.0,15.0,0.0,0.0,0.0,0.0,4.0,0.0,24.0,0.0,31.0,547.0,75.0,72.0
Miami-Dade-12086965 PCT 965 0592,2472.0,4.0,5.0,56.0,15.0,748.0,257.0,2.0,111.0,7.0,0.0,0.0,29.0,0.0,0.0,0.0,0.0,3.0,1.0,213.0,0.0,74.0,3300.0,327.0,370.0
Miami-Dade-12086966 PCT 834/852/960/961/ 0542,184.0,2.0,1.0,0.0,0.0,24.0,43.0,1.0,12.0,0.0,0.0,0.0,0.0,0.0,0.0,0.0,0.0,0.0,0.0,3.0,0.0,2.0,211.0,5.0,56.0
Miami-Dade-12086967 PCT 830/831/967/968 0539,418.0,3.0,5.0,10.0,2.0,159.0,71.0,1.0,21.0,1.0,0.0,0.0,9.0,0.0,0.0,0.0,0.0,0.0,0.0,41.0,0.0,11.0,597.0,62.0,93.0
Miami-Dade-12086968 PCT 830/831/967/968 0539,5.0,0.0,0.0,0.0,0.0,2.0,0.0,0.0,0.0,0.0,0.0,0.0,0.0,0.0,0.0,0.0,0.0,0.0,0.0,0.0,0.0,0.0,7.0,0.0,0.0
Miami-Dade-12086969 PCT 969 0593,1109.0,2.0,0.0,30.0,14.0,768.0,213.0,0.0,73.0,5.0,2.0,1.0,40.0,0.0,0.0,0.0,0.0,2.0,1.0,188.0,1.0,81.0,1923.0,321.0,286.0
Miami-Dade-12086970 PCT 835/836/853/970/ 0543,110.0,0.0,1.0,2.0,0.0,95.0,13.0,1.0,6.0,0.0,0.0,0.0,2.0,0.0,0.0,0.0,0.0,0.0,0.0,36.0,0.0,9.0,208.0,47.0,20.0
Miami-Dade-12086971 PCT 560/971 0363,319.0,0.0,3.0,7.0,4.0,257.0,47.0,3.0,19.0,1.0,1.0,0.0,12.0,0.0,0.0,0.0,0.0,0.0,0.0,104.0,1.0,19.0,590.0,138.0,69.0
Miami-Dade-12086974 PCT 558/974 0361,507.0,1.0,2.0,7.0,3.0,482.0,78.0,3.0,24.0,5.0,1.0,0.0,16.0,0.0,0.0,0.0,0.0,4.0,0.0,230.0,0.0,42.0,1002.0,298.0,105.0
Miami-Dade-12086975 PCT 531/975 0338,171.0,0.0,1.0,5.0,0.0,49.0,34.0,2.0,7.0,1.0,0.0,0.0,3.0,0.0,0.0,0.0,0.0,0.0,0.0,26.0,0.0,4.0,226.0,34.0,43.0
Miami-Dade-12086976 PCT 535/976 0342,233.0,0.0,0.0,1.0,0.0,12.0,63.0,0.0,8.0,0.0,0.0,0.0,0.0,0.0,0.0,0.0,0.0,0.0,0.0,0.0,0.0,1.0,246.0,1.0,71.0
Miami-Dade-12086978 PCT 978 0594,679.0,1.0,1.0,5.0,13.0,54.0,133.0,0.0,64.0,0.0,0.0,0.0,1.0,0.0,0.0,0.0,0.0,2.0,0.0,8.0,0.0,5.0,753.0,16.0,197.0
Miami-Dade-12086979 PCT 835/836/853/970/ 0543,226.0,0.0,1.0,9.0,1.0,314.0,33.0,1.0,23.0,2.0,1.0,0.0,11.0,0.0,0.0,0.0,0.0,1.0,0.0,71.0,0.0,37.0,551.0,123.0,57.0
Miami-Dade-12086980 PCT 530/540/980 0337,326.0,0.0,0.0,3.0,1.0,92.0,47.0,2.0,10.0,1.0,0.0,0.0,5.0,0.0,0.0,0.0,0.0,0.0,0.0,40.0,0.0,8.0,422.0,54.0,59.0
Miami-Dade-12086981 PCT 981 0595,778.0,2.0,3.0,8.0,9.0,248.0,128.0,0.0,38.0,2.0,0.0,0.0,11.0,0.0,0.0,0.0,1.0,0.0,0.0,101.0,0.0,23.0,1048.0,138.0,166.0
Miami-Dade-12086982 PCT 544/658/659/982/ 0349,64.0,0.0,0.0,0.0,1.0,30.0,24.0,1.0,6.0,0.0,1.0,0.0,0.0,0.0,0.0,0.0,0.0,1.0,0.0,8.0,0.0,3.0,95.0,13.0,31.0
Miami-Dade-12086983 PCT 544/658/659/982/ 0349,332.0,1.0,0.0,7.0,1.0,132.0,34.0,0.0,23.0,1.0,0.0,0.0,5.0,0.0,0.0,0.0,0.0,6.0,1.0,24.0,0.0,21.0,473.0,58.0,57.0
Miami-Dade-12086984 PCT 984 0596,1522.0,0.0,0.0,52.0,12.0,457.0,181.0,2.0,137.0,4.0,0.0,0.0,12.0,0.0,0.0,0.0,0.0,8.0,0.0,63.0,0.0,57.0,2043.0,144.0,320.0
Miami-Dade-12086985 PCT 542/655/656/985 0347,178.0,1.0,0.0,3.0,1.0,28.0,44.0,0.0,5.0,0.0,0.0,0.0,0.0,0.0,0.0,1.0,0.0,0.0,0.0,10.0,0.0,5.0,211.0,16.0,49.0
Miami-Dade-12086987 PCT 526/592/987 0333,65.0,0.0,0.0,1.0,1.0,39.0,19.0,0.0,0.0,0.0,0.0,0.0,0.0,0.0,0.0,0.0,0.0,1.0,0.0,16.0,0.0,9.0,106.0,26.0,19.0
Miami-Dade-12086989 PCT 543/989 0348,1.0,0.0,0.0,0.0,0.0,7.0,0.0,0.0,0.0,0.0,0.0,0.0,1.0,0.0,0.0,0.0,0.0,0.0,0.0,4.0,0.0,1.0,8.0,6.0,0.0
Miami-Dade-12086990 PCT 503/990 0314,0.0,0.0,0.0,0.0,0.0,0.0,0.0,0.0,0.0,0.0,0.0,0.0,0.0,0.0,0.0,0.0,0.0,0.0,0.0,0.0,0.0,0.0,0.0,0.0,0.0
Miami-Dade-12086991 PCT 991/992 0597,674.0,3.0,5.0,19.0,11.0,608.0,101.0,1.0,34.0,15.0,0.0,0.0,22.0,0.0,0.0,0.0,0.0,2.0,0.0,325.0,0.0,56.0,1320.0,420.0,136.0
Miami-Dade-12086992 PCT 991/992 0597,52.0,1.0,0.0,1.0,0.0,81.0,13.0,0.0,0.0,1.0,0.0,0.0,7.0,0.0,0.0,0.0,0.0,0.0,0.0,61.0,0.0,2.0,135.0,71.0,13.0
Miami-Dade-12086993 PCT 993/996 0598,118.0,0.0,0.0,5.0,2.0,61.0,16.0,0.0,12.0,2.0,0.0,0.0,2.0,0.0,0.0,0.0,0.0,3.0,0.0,24.0,0.0,8.0,186.0,39.0,28.0
Miami-Dade-12086994 PCT 559/994 0362,304.0,2.0,0.0,12.0,5.0,279.0,60.0,1.0,13.0,6.0,0.0,0.0,17.0,0.0,0.0,1.0,0.0,1.0,0.0,130.0,0.0,26.0,602.0,181.0,74.0
Miami-Dade-12086995 PCT 624/995 0409,1444.0,0.0,4.0,43.0,11.0,556.0,165.0,1.0,79.0,7.0,1.0,0.0,30.0,0.0,0.0,0.0,0.0,21.0,2.0,128.0,0.0,80.0,2058.0,269.0,245.0
Miami-Dade-12086996 PCT 993/996 0598,873.0,0.0,1.0,35.0,7.0,261.0,106.0,0.0,66.0,2.0,0.0,0.0,5.0,0.0,0.0,0.0,0.0,6.0,1.0,50.0,0.0,25.0,1177.0,89.0,172.0
Miami-Dade-12086997 PCT 545/997 0350,175.0,0.0,1.0,4.0,0.0,123.0,18.0,0.0,6.0,1.0,0.0,1.0,3.0,0.0,0.0,0.0,0.0,0.0,0.0,48.0,0.0,9.0,303.0,62.0,24.0
Miami-Dade-12086999 PCT 516/999 0324,179.0,0.0,0.0,8.0,5.0,56.0,20.0,0.0,15.0,0.0,0.0,0.0,2.0,0.0,0.0,0.0,0.0,0.0,0.0,6.0,0.0,7.0,248.0,15.0,35.0
Monroe-1208701 Jaycee Clubhouse,503.0,2.0,1.0,23.0,6.0,407.0,146.0,2.0,103.0,4.0,2.0,0.0,15.0,0.0,0.0,0.0,1.0,28.0,0.0,65.0,0.0,110.0,942.0,225.0,251.0
Monroe-1208702 Key West High School Auditorium,764.0,1.0,0.0,40.0,10.0,557.0,231.0,10.0,167.0,8.0,0.0,1.0,13.0,0.0,0.0,0.0,0.0,27.0,0.0,65.0,0.0,144.0,1372.0,258.0,408.0
Monroe-1208703 Key West High School Auditorium,671.0,0.0,1.0,19.0,11.0,400.0,213.0,1.0,144.0,4.0,3.0,0.0,20.0,1.0,0.0,0.0,0.0,24.0,0.0,57.0,0.0,99.0,1102.0,208.0,358.0
Monroe-1208704 Martin Luther King Pool,644.0,1.0,2.0,8.0,17.0,129.0,218.0,1.0,108.0,0.0,1.0,0.0,1.0,0.0,0.0,0.0,0.0,3.0,0.0,11.0,0.0,21.0,801.0,37.0,327.0
Monroe-1208705 Old City Hall,1370.0,1.0,0.0,105.0,32.0,915.0,324.0,3.0,256.0,12.0,10.0,2.0,47.0,4.0,0.0,1.0,1.0,51.0,2.0,110.0,0.0,181.0,2423.0,421.0,583.0
Monroe-1208706 Gato Building,816.0,0.0,1.0,33.0,19.0,308.0,269.0,5.0,160.0,2.0,1.0,0.0,14.0,0.0,0.0,0.0,1.0,18.0,1.0,42.0,0.0,67.0,1177.0,146.0,434.0
Monroe-1208707 Moose Club,518.0,2.0,1.0,29.0,8.0,318.0,142.0,2.0,118.0,4.0,0.0,0.0,14.0,0.0,0.0,0.0,0.0,21.0,0.0,39.0,0.0,79.0,876.0,157.0,262.0
Monroe-1208708 Glad Tiding Tabernacle,870.0,0.0,0.0,33.0,18.0,409.0,271.0,6.0,209.0,1.0,1.0,0.0,19.0,0.0,0.0,0.0,0.0,19.0,0.0,44.0,2.0,100.0,1330.0,186.0,486.0
Monroe-1208709 Sr Citizen Plaza Auditorium,817.0,1.0,1.0,36.0,15.0,568.0,222.0,6.0,186.0,8.0,1.0,0.0,22.0,0.0,0.0,0.0,0.0,22.0,2.0,92.0,0.0,136.0,1438.0,283.0,414.0
Monroe-1208710 Church of Latter Day Saints,0.0,0.0,0.0,0.0,0.0,0.0,241.0,4.0,154.0,4.0,4.0,0.0,12.0,0.0,0.0,1.0,0.0,10.0,1.0,38.0,1.0,99.0,0.0,170.0,399.0
Monroe-1208710 Sr Citizen Plaza Auditorium,846.0,1.0,2.0,33.0,17.0,444.0,0.0,0.0,0.0,0.0,0.0,0.0,0.0,0.0,0.0,0.0,0.0,0.0,0.0,0.0,0.0,0.0,1343.0,0.0,0.0
Monroe-1208711 Stock Island Fire Station,1075.0,1.0,1.0,51.0,18.0,904.0,255.0,8.0,150.0,13.0,2.0,0.0,35.0,1.0,0.0,0.0,0.0,34.0,2.0,97.0,0.0,200.0,2050.0,384.0,413.0
Monroe-1208712 Big Coppitt Fire Station,633.0,2.0,1.0,52.0,10.0,782.0,119.0,7.0,122.0,9.0,3.0,1.0,35.0,1.0,0.0,0.0,0.0,22.0,0.0,85.0,0.0,200.0,1480.0,356.0,248.0
Monroe-1208713 Sugarloaf Baptist Ch,623.0,0.0,1.0,30.0,18.0,654.0,0.0,0.0,0.0,0.0,0.0,0.0,0.0,0.0,0.0,0.0,0.0,0.0,0.0,0.0,0.0,0.0,1326.0,0.0,0.0
Monroe-1208713 Sugarloaf Fire Station,0.0,0.0,0.0,0.0,0.0,0.0,172.0,8.0,120.0,4.0,3.0,0.0,47.0,1.0,0.0,0.0,1.0,34.0,0.0,73.0,0.0,177.0,0.0,340.0,300.0
Monroe-1208714 Cudjoe Sheriff Sub-Station,0.0,0.0,0.0,0.0,0.0,0.0,103.0,4.0,109.0,4.0,3.0,0.0,31.0,3.0,1.0,1.0,0.0,37.0,3.0,91.0,0.0,248.0,0.0,422.0,216.0
Monroe-1208714 Sugarloaf Baptist Ch,449.0,1.0,1.0,20.0,11.0,823.0,0.0,0.0,0.0,0.0,0.0,0.0,0.0,0.0,0.0,0.0,0.0,0.0,0.0,0.0,0.0,0.0,1305.0,0.0,0.0
Monroe-1208715 BSA Florida Sea Base,594.0,2.0,0.0,56.0,14.0,1154.0,149.0,9.0,136.0,9.0,4.0,1.0,67.0,0.0,1.0,0.0,2.0,32.0,1.0,143.0,1.0,331.0,1820.0,592.0,294.0
Monroe-1208716 First Baptist Church,532.0,2.0,2.0,46.0,11.0,877.0,119.0,7.0,101.0,6.0,5.0,0.0,59.0,1.0,0.0,0.0,1.0,23.0,0.0,96.0,0.0,259.0,1470.0,450.0,227.0
Monroe-1208717 Big Pine Key Comm Park,496.0,2.0,1.0,37.0,15.0,663.0,114.0,3.0,108.0,5.0,4.0,1.0,35.0,0.0,0.0,1.0,0.0,26.0,1.0,46.0,0.0,175.0,1214.0,294.0,225.0
Monroe-1208718 American Legion Marathon,370.0,0.0,1.0,28.0,12.0,463.0,80.0,2.0,58.0,3.0,0.0,0.0,27.0,0.0,0.0,0.0,0.0,13.0,1.0,40.0,0.0,122.0,874.0,206.0,140.0
Monroe-1208719 First Baptist Church Marathon,535.0,0.0,1.0,47.0,15.0,885.0,109.0,8.0,94.0,7.0,3.0,2.0,37.0,1.0,0.0,0.0,1.0,47.0,0.0,106.0,1.0,286.0,1483.0,491.0,211.0
Monroe-1208720 Presbyterian Kirk of the Keys,315.0,1.0,0.0,22.0,5.0,589.0,61.0,8.0,57.0,8.0,2.0,0.0,32.0,1.0,0.0,0.0,1.0,27.0,0.0,71.0,1.0,178.0,932.0,321.0,126.0
Monroe-1208721 Marathon Moose Lodge,302.0,2.0,0.0,21.0,11.0,558.0,63.0,4.0,56.0,4.0,1.0,0.0,25.0,0.0,0.0,0.0,1.0,29.0,0.0,79.0,0.0,175.0,894.0,314.0,123.0
Monroe-1208722 Key Colony Beach City Hall,169.0,0.0,0.0,9.0,5.0,431.0,41.0,3.0,26.0,8.0,0.0,0.0,30.0,0.0,0.0,0.0,1.0,28.0,1.0,68.0,1.0,167.0,614.0,304.0,70.0
Monroe-1208723 Marathon Moose Lodge,356.0,0.0,4.0,22.0,11.0,634.0,86.0,7.0,65.0,4.0,4.0,0.0,31.0,0.0,0.0,0.0,0.0,28.0,1.0,66.0,1.0,207.0,1027.0,342.0,158.0
Monroe-1208724 Islamorada Branch Library,395.0,3.0,2.0,37.0,7.0,856.0,86.0,7.0,75.0,11.0,7.0,0.0,32.0,1.0,0.0,0.0,0.0,33.0,0.0,117.0,0.0,275.0,1300.0,476.0,168.0
Monroe-1208725 PK Courtroom B,457.0,1.0,0.0,34.0,8.0,815.0,107.0,6.0,94.0,7.0,5.0,1.0,48.0,0.0,0.0,0.0,0.0,35.0,2.0,96.0,0.0,265.0,1315.0,459.0,207.0
Monroe-1208726 Immanuel Lutheran Church,536.0,1.0,0.0,39.0,9.0,1069.0,134.0,7.0,106.0,12.0,0.0,0.0,58.0,2.0,0.0,0.0,0.0,50.0,0.0,145.0,0.0,291.0,1654.0,558.0,247.0
"Monroe-1208727 Elks Club, Tavernier",436.0,0.0,0.0,36.0,9.0,686.0,97.0,3.0,119.0,6.0,4.0,0.0,35.0,0.0,0.0,0.0,0.0,14.0,2.0,103.0,0.0,192.0,1167.0,356.0,219.0
Monroe-1208728 Key Largo Civic Club,472.0,0.0,1.0,29.0,8.0,709.0,126.0,4.0,92.0,6.0,2.0,1.0,41.0,1.0,0.0,0.0,2.0,25.0,0.0,87.0,0.0,185.0,1219.0,350.0,222.0
Monroe-1208729 Key Largo Civic Club,702.0,5.0,4.0,44.0,19.0,1074.0,158.0,11.0,160.0,8.0,5.0,0.0,56.0,0.0,0.0,0.0,0.0,40.0,0.0,168.0,0.0,292.0,1848.0,569.0,329.0
"Monroe-1208730 Monroe County Library, KL",462.0,3.0,2.0,30.0,11.0,565.0,95.0,4.0,91.0,5.0,1.0,0.0,20.0,0.0,0.0,0.0,0.0,11.0,1.0,74.0,2.0,138.0,1073.0,252.0,190.0
"Monroe-1208731 Monroe County Library, KL",384.0,1.0,0.0,26.0,9.0,606.0,101.0,5.0,77.0,5.0,2.0,2.0,32.0,0.0,0.0,0.0,0.0,19.0,0.0,56.0,1.0,170.0,1026.0,287.0,183.0
Monroe-1208732 Key Largo Baptist Church,575.0,5.0,1.0,36.0,8.0,910.0,139.0,7.0,118.0,2.0,8.0,0.0,47.0,2.0,0.0,0.0,0.0,29.0,2.0,110.0,0.0,247.0,1535.0,447.0,264.0
Monroe-1208733 The Academy at Ocean Reef,284.0,0.0,1.0,20.0,1.0,742.0,77.0,0.0,30.0,13.0,3.0,1.0,30.0,0.0,0.0,0.0,0.0,127.0,0.0,182.0,0.0,257.0,1048.0,613.0,107.0
Nassau-12089101,947.0,6.0,0.0,50.0,14.0,889.0,329.0,9.0,119.0,10.0,5.0,1.0,65.0,0.0,0.0,0.0,0.0,44.0,0.0,112.0,1.0,207.0,1906.0,445.0,457.0
Nassau-12089102,1693.0,1.0,1.0,167.0,29.0,2852.0,458.0,11.0,336.0,30.0,13.0,2.0,262.0,1.0,0.0,0.0,3.0,169.0,3.0,499.0,3.0,826.0,4743.0,1811.0,805.0
Nassau-12089201,1426.0,7.0,1.0,149.0,22.0,2807.0,363.0,20.0,261.0,25.0,8.0,2.0,223.0,1.0,0.0,0.0,1.0,191.0,3.0,484.0,0.0,758.0,4412.0,1696.0,644.0
Nassau-12089202,1084.0,1.0,0.0,97.0,11.0,2333.0,267.0,3.0,116.0,25.0,6.0,1.0,193.0,1.0,0.0,0.0,0.0,226.0,1.0,609.0,1.0,757.0,3526.0,1820.0,386.0
Nassau-12089203,542.0,2.0,3.0,62.0,12.0,1807.0,123.0,8.0,131.0,4.0,7.0,1.0,147.0,1.0,0.0,0.0,0.0,48.0,2.0,185.0,0.0,433.0,2428.0,828.0,262.0
Nassau-12089204,1188.0,7.0,1.0,123.0,19.0,2812.0,254.0,11.0,138.0,14.0,12.0,1.0,277.0,0.0,0.0,0.0,2.0,113.0,3.0,408.0,0.0,710.0,4150.0,1540.0,403.0
Nassau-12089301,618.0,11.0,4.0,83.0,9.0,1863.0,177.0,13.0,102.0,17.0,9.0,1.0,188.0,0.0,0.0,0.0,0.0,65.0,1.0,238.0,0.0,516.0,2588.0,1035.0,292.0
Nassau-12089302,697.0,6.0,1.0,109.0,15.0,2568.0,158.0,22.0,163.0,7.0,19.0,1.0,232.0,0.0,0.0,0.0,0.0,46.0,2.0,193.0,0.0,601.0,3396.0,1101.0,343.0
Nassau-12089303,608.0,8.0,6.0,100.0,16.0,2344.0,178.0,26.0,143.0,6.0,5.0,1.0,214.0,0.0,0.0,0.0,1.0,30.0,2.0,154.0,0.0,596.0,3082.0,1009.0,347.0
Nassau-12089401,511.0,1.0,1.0,66.0,9.0,3499.0,186.0,24.0,137.0,18.0,10.0,1.0,397.0,0.0,0.0,1.0,3.0,27.0,2.0,249.0,0.0,972.0,4087.0,1680.0,347.0
Nassau-12089402,47.0,0.0,0.0,12.0,3.0,962.0,12.0,7.0,37.0,3.0,2.0,0.0,129.0,0.0,0.0,0.0,0.0,2.0,3.0,67.0,1.0,279.0,1024.0,486.0,56.0
Nassau-12089403,161.0,1.0,1.0,30.0,10.0,1948.0,47.0,13.0,96.0,5.0,10.0,1.0,259.0,0.0,0.0,0.0,3.0,18.0,2.0,161.0,1.0,531.0,2151.0,991.0,156.0
Nassau-12089501,486.0,1.0,1.0,57.0,9.0,1249.0,88.0,4.0,59.0,8.0,6.0,0.0,99.0,0.0,0.0,1.0,1.0,18.0,0.0,88.0,0.0,275.0,1803.0,496.0,151.0
Nassau-12089503,615.0,11.0,1.0,54.0,5.0,3772.0,193.0,20.0,139.0,14.0,22.0,2.0,458.0,0.0,1.0,0.0,1.0,32.0,1.0,287.0,0.0,1034.0,4458.0,1852.0,352.0
Nassau-12089504,246.0,4.0,1.0,36.0,5.0,2561.0,81.0,14.0,86.0,4.0,11.0,1.0,258.0,0.0,0.0,0.0,0.0,22.0,2.0,187.0,0.0,704.0,2853.0,1189.0,181.0
Okaloosa-1209101 01,0.0,0.0,0.0,0.0,0.0,0.0,40.0,12.0,46.0,10.0,8.0,0.0,230.0,0.0,1.0,0.0,4.0,37.0,2.0,159.0,0.0,416.0,0.0,867.0,98.0
Okaloosa-1209102 02,0.0,0.0,0.0,0.0,0.0,0.0,15.0,5.0,22.0,3.0,5.0,0.0,64.0,0.0,0.0,1.0,5.0,14.0,0.0,32.0,0.0,136.0,0.0,260.0,42.0
Okaloosa-1209103 03,0.0,0.0,0.0,0.0,0.0,0.0,24.0,6.0,29.0,6.0,4.0,0.0,102.0,0.0,0.0,0.0,1.0,24.0,0.0,71.0,0.0,202.0,0.0,410.0,59.0
Okaloosa-1209104 04,0.0,0.0,0.0,0.0,0.0,0.0,28.0,13.0,36.0,5.0,6.0,1.0,113.0,1.0,0.0,0.0,1.0,13.0,1.0,65.0,0.0,180.0,0.0,386.0,77.0
Okaloosa-1209105 05,0.0,0.0,0.0,0.0,0.0,0.0,39.0,5.0,35.0,2.0,8.0,0.0,78.0,0.0,0.0,0.0,2.0,16.0,1.0,34.0,0.0,176.0,0.0,317.0,79.0
Okaloosa-1209106 06,0.0,0.0,0.0,0.0,0.0,0.0,89.0,23.0,93.0,7.0,9.0,0.0,252.0,1.0,0.0,1.0,1.0,55.0,0.0,173.0,0.0,505.0,0.0,1004.0,205.0
Okaloosa-1209107 07,0.0,0.0,0.0,0.0,0.0,0.0,41.0,9.0,38.0,8.0,5.0,0.0,116.0,0.0,0.0,0.0,3.0,27.0,0.0,61.0,0.0,185.0,0.0,405.0,88.0
Okaloosa-1209108 08,0.0,0.0,0.0,0.0,0.0,0.0,142.0,19.0,124.0,15.0,19.0,1.0,316.0,0.0,0.0,1.0,6.0,67.0,2.0,244.0,0.0,518.0,0.0,1189.0,285.0
Okaloosa-1209109 09,0.0,0.0,0.0,0.0,0.0,0.0,159.0,14.0,98.0,4.0,13.0,1.0,283.0,1.0,0.0,0.0,6.0,66.0,2.0,228.0,2.0,493.0,0.0,1099.0,271.0
Okaloosa-120911 01,183.0,5.0,0.0,34.0,3.0,1643.0,0.0,0.0,0.0,0.0,0.0,0.0,0.0,0.0,0.0,0.0,0.0,0.0,0.0,0.0,0.0,0.0,1868.0,0.0,0.0
Okaloosa-1209110 10,1344.0,8.0,1.0,238.0,22.0,2741.0,232.0,14.0,170.0,16.0,22.0,1.0,299.0,2.0,0.0,0.0,5.0,120.0,1.0,344.0,0.0,638.0,4354.0,1448.0,416.0
Okaloosa-1209111 11,1807.0,36.0,8.0,408.0,47.0,3614.0,213.0,20.0,210.0,54.0,51.0,8.0,363.0,3.0,0.0,0.0,5.0,82.0,15.0,451.0,5.0,564.0,5920.0,1601.0,443.0
Okaloosa-1209112 12,422.0,2.0,2.0,22.0,6.0,184.0,127.0,7.0,26.0,3.0,0.0,0.0,23.0,1.0,0.0,1.0,0.0,1.0,1.0,14.0,0.0,27.0,638.0,71.0,160.0
Okaloosa-1209113 13,570.0,13.0,3.0,95.0,29.0,2090.0,119.0,16.0,102.0,13.0,12.0,1.0,260.0,2.0,0.0,1.0,6.0,86.0,2.0,200.0,2.0,513.0,2800.0,1098.0,237.0
Okaloosa-1209114 14,500.0,6.0,2.0,101.0,22.0,1492.0,68.0,10.0,102.0,15.0,8.0,0.0,196.0,2.0,0.0,0.0,2.0,79.0,2.0,152.0,0.0,335.0,2123.0,791.0,180.0
Okaloosa-1209115 15,487.0,9.0,3.0,80.0,11.0,1622.0,114.0,14.0,119.0,12.0,10.0,4.0,216.0,3.0,2.0,0.0,7.0,75.0,9.0,229.0,1.0,408.0,2212.0,976.0,247.0
Okaloosa-1209116 16,559.0,5.0,2.0,103.0,22.0,1454.0,112.0,6.0,102.0,8.0,8.0,1.0,158.0,0.0,0.0,0.0,5.0,71.0,2.0,201.0,0.0,371.0,2145.0,825.0,220.0
Okaloosa-1209117 17,745.0,8.0,3.0,96.0,17.0,1383.0,132.0,7.0,94.0,12.0,4.0,1.0,131.0,1.0,0.0,1.0,4.0,59.0,3.0,174.0,1.0,319.0,2252.0,710.0,233.0
Okaloosa-1209118 18,489.0,2.0,0.0,62.0,13.0,1227.0,79.0,5.0,107.0,10.0,9.0,1.0,96.0,2.0,0.0,0.0,1.0,45.0,2.0,123.0,0.0,297.0,1793.0,586.0,191.0
Okaloosa-1209119 19,492.0,2.0,0.0,48.0,11.0,662.0,101.0,6.0,65.0,3.0,1.0,0.0,46.0,0.0,0.0,1.0,1.0,21.0,1.0,58.0,1.0,145.0,1215.0,278.0,172.0
Okaloosa-120912 02,51.0,1.0,0.0,8.0,1.0,476.0,0.0,0.0,0.0,0.0,0.0,0.0,0.0,0.0,0.0,0.0,0.0,0.0,0.0,0.0,0.0,0.0,537.0,0.0,0.0
Okaloosa-1209120 20,381.0,5.0,0.0,84.0,10.0,1424.0,78.0,14.0,111.0,17.0,9.0,0.0,104.0,0.0,0.0,0.0,4.0,55.0,0.0,151.0,0.0,456.0,1904.0,796.0,203.0
Okaloosa-1209121 21,492.0,2.0,1.0,97.0,11.0,1436.0,107.0,9.0,96.0,14.0,11.0,1.0,163.0,0.0,0.0,0.0,1.0,64.0,2.0,163.0,1.0,359.0,2039.0,779.0,212.0
Okaloosa-1209122 22,491.0,3.0,2.0,75.0,11.0,1045.0,105.0,6.0,66.0,15.0,8.0,1.0,65.0,0.0,0.0,0.0,1.0,36.0,2.0,101.0,1.0,245.0,1627.0,475.0,177.0
Okaloosa-1209123 23,94.0,2.0,0.0,31.0,5.0,193.0,4.0,0.0,17.0,0.0,0.0,0.0,22.0,0.0,0.0,0.0,0.0,3.0,0.0,16.0,0.0,17.0,325.0,58.0,21.0
Okaloosa-1209124 24,660.0,9.0,2.0,84.0,23.0,1328.0,132.0,12.0,130.0,10.0,14.0,1.0,110.0,0.0,0.0,0.0,2.0,63.0,2.0,145.0,0.0,329.0,2106.0,676.0,274.0
Okaloosa-1209125 25,307.0,4.0,1.0,67.0,15.0,970.0,60.0,6.0,46.0,9.0,8.0,0.0,102.0,1.0,0.0,0.0,0.0,50.0,4.0,121.0,0.0,213.0,1364.0,508.0,112.0
Okaloosa-1209126 26,335.0,7.0,1.0,80.0,5.0,1712.0,66.0,12.0,64.0,10.0,11.0,0.0,230.0,0.0,0.0,0.0,0.0,81.0,3.0,234.0,0.0,405.0,2140.0,974.0,142.0
Okaloosa-1209127 27,58.0,0.0,0.0,16.0,1.0,136.0,8.0,0.0,7.0,3.0,1.0,0.0,15.0,0.0,0.0,0.0,0.0,15.0,0.0,23.0,0.0,28.0,211.0,85.0,15.0
Okaloosa-1209128 28,54.0,1.0,0.0,11.0,1.0,206.0,8.0,1.0,15.0,3.0,0.0,0.0,24.0,0.0,0.0,0.0,0.0,6.0,1.0,27.0,0.0,66.0,273.0,127.0,24.0
Okaloosa-1209129 29,368.0,3.0,2.0,87.0,8.0,1240.0,52.0,3.0,59.0,13.0,11.0,0.0,138.0,0.0,0.0,0.0,2.0,85.0,1.0,224.0,0.0,342.0,1708.0,816.0,114.0
Okaloosa-120913 03,121.0,1.0,0.0,28.0,6.0,840.0,0.0,0.0,0.0,0.0,0.0,0.0,0.0,0.0,0.0,0.0,0.0,0.0,0.0,0.0,0.0,0.0,996.0,0.0,0.0
Okaloosa-1209130 30,274.0,1.0,0.0,45.0,5.0,783.0,50.0,2.0,38.0,7.0,3.0,0.0,72.0,0.0,0.0,0.0,2.0,43.0,0.0,73.0,1.0,237.0,1108.0,438.0,90.0
Okaloosa-1209131 31,351.0,7.0,1.0,41.0,5.0,1265.0,90.0,6.0,67.0,14.0,8.0,1.0,182.0,3.0,0.0,0.0,4.0,103.0,3.0,217.0,0.0,394.0,1670.0,929.0,163.0
Okaloosa-1209132 32,435.0,5.0,5.0,91.0,11.0,1417.0,83.0,11.0,93.0,8.0,5.0,1.0,137.0,1.0,0.0,0.0,1.0,89.0,5.0,143.0,1.0,448.0,1964.0,839.0,187.0
Okaloosa-1209133 33,690.0,15.0,1.0,160.0,11.0,2860.0,121.0,3.0,102.0,9.0,25.0,2.0,466.0,3.0,0.0,0.0,3.0,216.0,3.0,596.0,0.0,710.0,3737.0,2033.0,226.0
Okaloosa-1209134 34,707.0,6.0,3.0,124.0,16.0,1614.0,129.0,4.0,113.0,13.0,5.0,0.0,146.0,1.0,0.0,0.0,3.0,62.0,2.0,145.0,0.0,412.0,2470.0,789.0,246.0
Okaloosa-1209135 35,481.0,2.0,2.0,69.0,9.0,1839.0,87.0,8.0,63.0,8.0,7.0,2.0,162.0,1.0,0.0,0.0,7.0,79.0,2.0,229.0,0.0,588.0,2402.0,1085.0,158.0
Okaloosa-1209136 36,404.0,15.0,0.0,78.0,9.0,1580.0,94.0,9.0,61.0,11.0,11.0,2.0,228.0,1.0,0.0,0.0,5.0,94.0,1.0,253.0,0.0,348.0,2086.0,954.0,164.0
Okaloosa-1209137 37,454.0,1.0,1.0,94.0,10.0,1700.0,93.0,9.0,52.0,23.0,5.0,0.0,216.0,2.0,0.0,0.0,1.0,141.0,1.0,278.0,1.0,494.0,2260.0,1162.0,154.0
Okaloosa-1209138 38,492.0,0.0,0.0,67.0,13.0,1154.0,103.0,7.0,77.0,15.0,9.0,0.0,117.0,0.0,0.0,0.0,2.0,67.0,3.0,146.0,0.0,308.0,1726.0,667.0,187.0
Okaloosa-1209139 39,471.0,5.0,0.0,74.0,7.0,1139.0,96.0,14.0,63.0,7.0,10.0,2.0,128.0,0.0,0.0,4.0,4.0,51.0,1.0,112.0,0.0,280.0,1696.0,599.0,173.0
Okaloosa-120914 04,115.0,0.0,1.0,17.0,4.0,870.0,0.0,0.0,0.0,0.0,0.0,0.0,0.0,0.0,0.0,0.0,0.0,0.0,0.0,0.0,0.0,0.0,1007.0,0.0,0.0
Okaloosa-1209140 40,521.0,6.0,2.0,87.0,10.0,1778.0,82.0,6.0,58.0,13.0,6.0,6.0,259.0,3.0,0.0,0.0,1.0,139.0,1.0,342.0,1.0,479.0,2404.0,1250.0,146.0
Okaloosa-1209141 41,253.0,0.0,1.0,52.0,12.0,802.0,44.0,3.0,42.0,4.0,6.0,1.0,84.0,0.0,0.0,0.0,0.0,49.0,1.0,141.0,0.0,224.0,1120.0,510.0,89.0
Okaloosa-1209142 42,633.0,10.0,2.0,89.0,12.0,896.0,165.0,4.0,67.0,2.0,12.0,0.0,106.0,0.0,0.0,0.0,2.0,47.0,2.0,105.0,1.0,196.0,1642.0,473.0,236.0
Okaloosa-1209143 43,376.0,10.0,0.0,79.0,18.0,1278.0,78.0,11.0,76.0,11.0,11.0,0.0,150.0,0.0,0.0,0.0,0.0,39.0,5.0,153.0,1.0,296.0,1761.0,666.0,165.0
Okaloosa-1209144 44,335.0,2.0,0.0,66.0,15.0,997.0,45.0,5.0,57.0,6.0,8.0,1.0,74.0,0.0,0.0,0.0,1.0,29.0,5.0,97.0,0.0,292.0,1415.0,513.0,107.0
Okaloosa-1209145 45,884.0,14.0,4.0,152.0,25.0,2133.0,164.0,12.0,111.0,14.0,17.0,2.0,245.0,1.0,0.0,0.0,3.0,60.0,4.0,229.0,0.0,414.0,3212.0,989.0,287.0
Okaloosa-1209146 46,781.0,8.0,1.0,139.0,18.0,2552.0,125.0,11.0,93.0,14.0,14.0,1.0,324.0,0.0,0.0,1.0,2.0,159.0,4.0,455.0,0.0,610.0,3499.0,1584.0,229.0
Okaloosa-1209147 47,328.0,12.0,2.0,83.0,4.0,808.0,63.0,4.0,43.0,4.0,8.0,0.0,61.0,1.0,0.0,0.0,0.0,20.0,1.0,80.0,0.0,161.0,1237.0,336.0,110.0
Okaloosa-1209148 48,21.0,1.0,0.0,1.0,0.0,66.0,9.0,2.0,4.0,8.0,0.0,0.0,7.0,0.0,0.0,0.0,0.0,3.0,0.0,16.0,0.0,15.0,89.0,49.0,15.0
Okaloosa-1209149 49,500.0,10.0,0.0,55.0,12.0,1891.0,74.0,4.0,57.0,17.0,7.0,1.0,157.0,2.0,0.0,1.0,0.0,98.0,1.0,276.0,1.0,606.0,2468.0,1167.0,135.0
Okaloosa-120915 05,110.0,0.0,1.0,9.0,3.0,698.0,0.0,0.0,0.0,0.0,0.0,0.0,0.0,0.0,0.0,0.0,0.0,0.0,0.0,0.0,0.0,0.0,821.0,0.0,0.0
Okaloosa-1209150 50,477.0,4.0,1.0,80.0,4.0,1935.0,108.0,7.0,60.0,13.0,6.0,1.0,161.0,2.0,0.0,0.0,3.0,102.0,1.0,234.0,1.0,646.0,2501.0,1170.0,175.0
Okaloosa-1209151 51,214.0,6.0,2.0,34.0,5.0,1203.0,51.0,5.0,53.0,7.0,4.0,0.0,151.0,1.0,0.0,0.0,2.0,25.0,2.0,121.0,1.0,330.0,1464.0,644.0,109.0
Okaloosa-1209152 52,632.0,7.0,0.0,143.0,22.0,1949.0,120.0,7.0,113.0,13.0,12.0,0.0,264.0,0.0,0.0,0.0,2.0,60.0,2.0,197.0,0.0,419.0,2753.0,969.0,240.0
Okaloosa-120916 06,382.0,10.0,0.0,60.0,9.0,2130.0,0.0,0.0,0.0,0.0,0.0,0.0,0.0,0.0,0.0,0.0,0.0,0.0,0.0,0.0,0.0,0.0,2591.0,0.0,0.0
Okaloosa-120917 07,175.0,3.0,4.0,33.0,9.0,918.0,0.0,0.0,0.0,0.0,0.0,0.0,0.0,0.0,0.0,0.0,0.0,0.0,0.0,0.0,0.0,0.0,1142.0,0.0,0.0
Okaloosa-120918 08,626.0,12.0,10.0,92.0,20.0,2385.0,0.0,0.0,0.0,0.0,0.0,0.0,0.0,0.0,0.0,0.0,0.0,0.0,0.0,0.0,0.0,0.0,3145.0,0.0,0.0
Okaloosa-120919 09,648.0,13.0,1.0,102.0,13.0,2135.0,0.0,0.0,0.0,0.0,0.0,0.0,0.0,0.0,0.0,0.0,0.0,0.0,0.0,0.0,0.0,0.0,2912.0,0.0,0.0
Okeechobee-1209301 1,0.0,0.0,0.0,0.0,0.0,0.0,54.0,11.0,62.0,0.0,4.0,1.0,73.0,0.0,1.0,0.0,0.0,9.0,0.0,60.0,0.0,187.0,0.0,335.0,127.0
Okeechobee-1209302 2,0.0,0.0,0.0,0.0,0.0,0.0,21.0,10.0,27.0,0.0,1.0,0.0,29.0,0.0,0.0,1.0,0.0,3.0,0.0,33.0,0.0,67.0,0.0,134.0,58.0
Okeechobee-1209303 3,0.0,0.0,0.0,0.0,0.0,0.0,113.0,24.0,128.0,5.0,1.0,0.0,90.0,0.0,0.0,1.0,0.0,24.0,2.0,149.0,0.0,326.0,0.0,598.0,265.0
Okeechobee-1209304 4,0.0,0.0,0.0,0.0,0.0,0.0,151.0,13.0,109.0,6.0,6.0,0.0,41.0,0.0,0.0,0.0,0.0,6.0,0.0,56.0,0.0,163.0,0.0,278.0,273.0
Okeechobee-1209305 5,0.0,0.0,0.0,0.0,0.0,0.0,90.0,6.0,42.0,1.0,7.0,1.0,40.0,1.0,0.0,0.0,1.0,16.0,0.0,63.0,0.0,163.0,0.0,293.0,138.0
Okeechobee-1209306 6,0.0,0.0,0.0,0.0,0.0,0.0,214.0,23.0,152.0,12.0,14.0,0.0,71.0,0.0,0.0,0.0,3.0,23.0,0.0,112.0,1.0,282.0,0.0,518.0,389.0
Okeechobee-1209307 7,0.0,0.0,0.0,0.0,0.0,0.0,103.0,14.0,42.0,1.0,0.0,0.0,38.0,0.0,0.0,0.0,0.0,8.0,0.0,46.0,0.0,111.0,0.0,204.0,159.0
Okeechobee-1209308 8,0.0,0.0,0.0,0.0,0.0,0.0,197.0,19.0,113.0,6.0,8.0,1.0,83.0,0.0,0.0,0.0,3.0,28.0,0.0,91.0,0.0,428.0,0.0,648.0,329.0
Okeechobee-1209309 9,0.0,0.0,0.0,0.0,0.0,0.0,80.0,14.0,50.0,2.0,4.0,0.0,35.0,0.0,0.0,0.0,1.0,12.0,0.0,42.0,0.0,161.0,0.0,257.0,144.0
Okeechobee-120931 1,197.0,1.0,1.0,12.0,9.0,833.0,0.0,0.0,0.0,0.0,0.0,0.0,0.0,0.0,0.0,0.0,0.0,0.0,0.0,0.0,0.0,0.0,1053.0,0.0,0.0
Okeechobee-1209310 10,163.0,2.0,1.0,18.0,3.0,552.0,41.0,4.0,25.0,3.0,1.0,2.0,37.0,0.0,0.0,0.0,1.0,7.0,0.0,32.0,0.0,153.0,739.0,236.0,70.0
Okeechobee-1209311 11,188.0,3.0,0.0,12.0,0.0,534.0,88.0,11.0,37.0,4.0,1.0,0.0,37.0,0.0,0.0,0.0,0.0,13.0,0.0,47.0,0.0,163.0,737.0,265.0,136.0
Okeechobee-120932 2,90.0,1.0,0.0,4.0,2.0,402.0,0.0,0.0,0.0,0.0,0.0,0.0,0.0,0.0,0.0,0.0,0.0,0.0,0.0,0.0,0.0,0.0,499.0,0.0,0.0
Okeechobee-120933 3,391.0,0.0,1.0,31.0,1.0,1364.0,0.0,0.0,0.0,0.0,0.0,0.0,0.0,0.0,0.0,0.0,0.0,0.0,0.0,0.0,0.0,0.0,1788.0,0.0,0.0
Okeechobee-120934 4,728.0,4.0,5.0,40.0,2.0,861.0,0.0,0.0,0.0,0.0,0.0,0.0,0.0,0.0,0.0,0.0,0.0,0.0,0.0,0.0,0.0,0.0,1640.0,0.0,0.0
Okeechobee-120935 5,257.0,3.0,2.0,9.0,1.0,677.0,0.0,0.0,0.0,0.0,0.0,0.0,0.0,0.0,0.0,0.0,0.0,0.0,0.0,0.0,0.0,0.0,949.0,0.0,0.0
Okeechobee-120936 6,699.0,8.0,3.0,41.0,18.0,1297.0,0.0,0.0,0.0,0.0,0.0,0.0,0.0,0.0,0.0,0.0,0.0,0.0,0.0,0.0,0.0,0.0,2066.0,0.0,0.0
Okeechobee-120937 7,335.0,2.0,3.0,15.0,2.0,527.0,0.0,0.0,0.0,0.0,0.0,0.0,0.0,0.0,0.0,0.0,0.0,0.0,0.0,0.0,0.0,0.0,884.0,0.0,0.0
Okeechobee-120938 8,605.0,3.0,0.0,27.0,11.0,1584.0,0.0,0.0,0.0,0.0,0.0,0.0,0.0,0.0,0.0,0.0,0.0,0.0,0.0,0.0,0.0,0.0,2230.0,0.0,0.0
Okeechobee-120939 9,306.0,4.0,4.0,25.0,4.0,725.0,0.0,0.0,0.0,0.0,0.0,0.0,0.0,0.0,0.0,0.0,0.0,0.0,0.0,0.0,0.0,0.0,1068.0,0.0,0.0
Orange-12095101 PCT 101,1995.0,3.0,1.0,65.0,22.0,1054.0,398.0,3.0,183.0,9.0,5.0,0.0,97.0,1.0,0.0,0.0,0.0,43.0,1.0,152.0,1.0,244.0,3140.0,553.0,584.0
Orange-12095102 PCT 102,1174.0,5.0,1.0,64.0,12.0,794.0,222.0,1.0,145.0,9.0,2.0,1.0,81.0,1.0,0.0,0.0,0.0,33.0,1.0,118.0,1.0,158.0,2050.0,405.0,368.0
Orange-12095103 PCT 103,978.0,1.0,3.0,48.0,11.0,850.0,47.0,0.0,28.0,0.0,0.0,0.0,6.0,0.0,0.0,0.0,0.0,0.0,0.0,6.0,0.0,6.0,1891.0,18.0,75.0
Orange-12095104 PCT 104,1651.0,7.0,4.0,65.0,26.0,1234.0,295.0,9.0,148.0,10.0,6.0,1.0,106.0,0.0,0.0,0.0,0.0,25.0,1.0,177.0,1.0,266.0,2987.0,593.0,452.0
Orange-12095105 PCT 105,1287.0,2.0,2.0,29.0,10.0,405.0,280.0,2.0,87.0,0.0,3.0,1.0,32.0,0.0,0.0,0.0,0.0,3.0,0.0,55.0,1.0,86.0,1735.0,181.0,369.0
Orange-12095106 PCT 106,1142.0,5.0,2.0,84.0,24.0,1508.0,220.0,4.0,148.0,10.0,8.0,1.0,204.0,0.0,0.0,0.0,1.0,43.0,3.0,209.0,1.0,254.0,2765.0,734.0,372.0
Orange-12095107 PCT 107,839.0,12.0,4.0,81.0,11.0,1406.0,177.0,13.0,119.0,12.0,8.0,1.0,203.0,0.0,1.0,1.0,0.0,39.0,2.0,253.0,0.0,304.0,2353.0,824.0,309.0
Orange-12095108 PCT 108,1455.0,11.0,3.0,77.0,18.0,1213.0,277.0,13.0,133.0,17.0,7.0,0.0,113.0,0.0,0.0,0.0,1.0,29.0,2.0,181.0,0.0,245.0,2777.0,595.0,423.0
Orange-12095109 PCT 109,1854.0,12.0,4.0,101.0,21.0,1612.0,371.0,6.0,145.0,7.0,9.0,1.0,205.0,0.0,0.0,0.0,2.0,47.0,2.0,267.0,0.0,312.0,3604.0,852.0,522.0
Orange-12095110 PCT 110,1315.0,5.0,3.0,79.0,8.0,1405.0,331.0,7.0,140.0,17.0,5.0,1.0,163.0,0.0,0.0,0.0,1.0,96.0,1.0,318.0,0.0,371.0,2815.0,973.0,478.0
Orange-12095111 PCT 111,902.0,2.0,2.0,63.0,12.0,1456.0,194.0,3.0,112.0,11.0,3.0,0.0,158.0,0.0,0.0,0.0,0.0,71.0,0.0,274.0,0.0,395.0,2437.0,912.0,309.0
Orange-12095112 PCT 112,859.0,4.0,0.0,53.0,3.0,1134.0,190.0,5.0,120.0,4.0,3.0,0.0,138.0,0.0,0.0,0.0,0.0,63.0,3.0,250.0,0.0,261.0,2053.0,722.0,315.0
Orange-12095113 PCT 113,1466.0,2.0,2.0,102.0,28.0,1479.0,331.0,6.0,197.0,11.0,7.0,2.0,137.0,0.0,0.0,0.0,1.0,67.0,2.0,318.0,0.0,377.0,3079.0,922.0,534.0
Orange-12095114 PCT 114,1323.0,4.0,1.0,50.0,22.0,673.0,219.0,3.0,150.0,3.0,3.0,1.0,49.0,0.0,0.0,1.0,0.0,26.0,1.0,97.0,0.0,120.0,2073.0,301.0,372.0
Orange-12095115 PCT 115,1482.0,3.0,2.0,76.0,25.0,1176.0,318.0,5.0,150.0,11.0,4.0,0.0,83.0,1.0,0.0,0.0,0.0,43.0,1.0,190.0,1.0,306.0,2764.0,640.0,473.0
Orange-12095116 PCT 116,1311.0,2.0,0.0,60.0,20.0,936.0,210.0,1.0,118.0,14.0,8.0,0.0,46.0,0.0,0.0,0.0,0.0,48.0,0.0,184.0,0.0,262.0,2329.0,562.0,329.0
Orange-12095117 PCT 117,1407.0,6.0,1.0,84.0,29.0,811.0,282.0,5.0,198.0,13.0,3.0,0.0,66.0,1.0,0.0,0.0,0.0,25.0,0.0,112.0,0.0,187.0,2338.0,407.0,485.0
Orange-12095118 PCT 118,1124.0,1.0,2.0,46.0,25.0,905.0,262.0,8.0,155.0,6.0,1.0,0.0,82.0,0.0,0.0,0.0,0.0,29.0,1.0,142.0,0.0,229.0,2103.0,490.0,425.0
Orange-12095119 PCT 119,1586.0,3.0,4.0,64.0,17.0,930.0,266.0,6.0,123.0,8.0,2.0,0.0,73.0,2.0,0.0,0.0,0.0,23.0,1.0,164.0,0.0,194.0,2604.0,467.0,395.0
Orange-12095120 PCT 120,1232.0,5.0,2.0,45.0,11.0,929.0,217.0,5.0,141.0,11.0,1.0,0.0,80.0,1.0,0.0,0.0,1.0,31.0,1.0,144.0,0.0,224.0,2224.0,494.0,363.0
Orange-12095121 PCT 121,1513.0,0.0,2.0,54.0,17.0,775.0,253.0,2.0,144.0,7.0,2.0,1.0,56.0,1.0,0.0,0.0,1.0,31.0,0.0,129.0,0.0,161.0,2361.0,389.0,399.0
Orange-12095122 PCT 122,1222.0,4.0,0.0,45.0,19.0,619.0,205.0,0.0,122.0,4.0,5.0,1.0,40.0,0.0,0.0,0.0,0.0,20.0,0.0,91.0,1.0,112.0,1909.0,274.0,327.0
Orange-12095123 PCT 123,890.0,3.0,3.0,21.0,11.0,633.0,47.0,1.0,54.0,2.0,2.0,0.0,14.0,0.0,0.0,0.0,0.0,6.0,0.0,19.0,0.0,22.0,1561.0,65.0,102.0
Orange-12095124 PCT 124,2044.0,4.0,6.0,102.0,42.0,766.0,130.0,0.0,212.0,2.0,2.0,0.0,39.0,0.0,0.0,0.0,0.0,19.0,0.0,74.0,0.0,122.0,2964.0,258.0,342.0
Orange-12095125 PCT 125,1382.0,1.0,2.0,75.0,22.0,1301.0,200.0,4.0,98.0,10.0,2.0,0.0,70.0,0.0,0.0,0.0,0.0,42.0,0.0,213.0,0.0,308.0,2783.0,645.0,302.0
Orange-12095126 PCT 126,445.0,4.0,1.0,38.0,4.0,584.0,96.0,6.0,71.0,1.0,1.0,0.0,44.0,1.0,0.0,0.0,1.0,13.0,0.0,40.0,0.0,128.0,1076.0,229.0,173.0
Orange-12095127 PCT 127,721.0,2.0,1.0,41.0,8.0,925.0,152.0,4.0,78.0,8.0,4.0,0.0,70.0,2.0,0.0,0.0,1.0,78.0,0.0,168.0,0.0,265.0,1698.0,596.0,234.0
Orange-12095128 PCT 128,1118.0,6.0,2.0,55.0,14.0,1503.0,235.0,8.0,143.0,11.0,11.0,0.0,136.0,0.0,1.0,0.0,1.0,94.0,0.0,300.0,0.0,412.0,2698.0,966.0,386.0
Orange-12095129 PCT 129,666.0,2.0,0.0,61.0,5.0,1634.0,133.0,5.0,59.0,13.0,0.0,0.0,161.0,0.0,1.0,1.0,0.0,93.0,1.0,295.0,0.0,422.0,2368.0,987.0,197.0
Orange-12095130 PCT 130,1406.0,5.0,2.0,88.0,13.0,2105.0,303.0,5.0,121.0,17.0,6.0,0.0,187.0,0.0,0.0,0.0,0.0,85.0,0.0,403.0,0.0,574.0,3619.0,1272.0,429.0
Orange-12095131 PCT 131,1800.0,17.0,0.0,115.0,29.0,1600.0,365.0,4.0,155.0,13.0,6.0,0.0,149.0,0.0,0.0,0.0,1.0,74.0,0.0,237.0,0.0,290.0,3561.0,770.0,524.0
Orange-12095132 PCT 132,1389.0,8.0,7.0,109.0,26.0,1536.0,272.0,6.0,155.0,5.0,10.0,0.0,166.0,2.0,0.0,0.0,0.0,41.0,1.0,262.0,1.0,313.0,3075.0,801.0,433.0
Orange-12095133 PCT 133,1111.0,4.0,3.0,61.0,10.0,919.0,143.0,4.0,109.0,4.0,4.0,0.0,74.0,1.0,0.0,0.0,1.0,19.0,0.0,123.0,0.0,151.0,2108.0,377.0,256.0
Orange-12095134 PCT 134,1503.0,5.0,2.0,62.0,19.0,1433.0,261.0,2.0,133.0,6.0,6.0,4.0,119.0,0.0,0.0,0.0,0.0,48.0,1.0,230.0,0.0,296.0,3024.0,710.0,396.0
Orange-12095135 PCT 135,1620.0,7.0,1.0,81.0,16.0,1439.0,204.0,3.0,168.0,7.0,6.0,2.0,105.0,1.0,0.0,0.0,1.0,56.0,1.0,252.0,0.0,288.0,3164.0,719.0,375.0
Orange-12095136 PCT 136,716.0,2.0,2.0,53.0,15.0,996.0,154.0,1.0,68.0,6.0,3.0,1.0,107.0,0.0,0.0,0.0,2.0,64.0,1.0,222.0,0.0,256.0,1784.0,662.0,223.0
Orange-12095137 PCT 137,1256.0,2.0,4.0,42.0,15.0,487.0,228.0,4.0,112.0,4.0,1.0,0.0,36.0,0.0,0.0,0.0,0.0,16.0,1.0,77.0,0.0,103.0,1806.0,238.0,344.0
Orange-12095138 PCT 138,694.0,2.0,4.0,45.0,9.0,1022.0,114.0,5.0,68.0,7.0,8.0,0.0,113.0,0.0,0.0,0.0,0.0,25.0,1.0,151.0,0.0,212.0,1776.0,517.0,187.0
Orange-12095139 PCT 139,2070.0,10.0,9.0,149.0,36.0,1761.0,304.0,9.0,218.0,8.0,8.0,0.0,170.0,1.0,0.0,0.0,0.0,69.0,0.0,254.0,1.0,333.0,4035.0,844.0,531.0
Orange-12095140 PCT 140,831.0,4.0,1.0,46.0,14.0,619.0,71.0,0.0,64.0,5.0,2.0,0.0,29.0,0.0,0.0,0.0,1.0,16.0,0.0,70.0,0.0,85.0,1515.0,208.0,135.0
Orange-12095141 PCT 141,2128.0,7.0,3.0,140.0,25.0,1561.0,275.0,3.0,208.0,7.0,2.0,1.0,105.0,2.0,0.0,0.0,2.0,41.0,1.0,231.0,0.0,284.0,3864.0,676.0,486.0
Orange-12095142 PCT 142,0.0,0.0,0.0,0.0,0.0,0.0,195.0,5.0,92.0,8.0,6.0,0.0,68.0,0.0,0.0,0.0,0.0,31.0,1.0,133.0,1.0,173.0,0.0,421.0,292.0
Orange-12095143 PCT 143,0.0,0.0,0.0,0.0,0.0,0.0,201.0,5.0,120.0,6.0,2.0,0.0,65.0,0.0,0.0,0.0,0.0,34.0,1.0,174.0,0.0,222.0,0.0,504.0,326.0
Orange-12095201 PCT 201,361.0,3.0,1.0,30.0,7.0,748.0,90.0,2.0,43.0,12.0,6.0,0.0,60.0,0.0,0.0,0.0,0.0,74.0,2.0,212.0,0.0,186.0,1150.0,552.0,135.0
Orange-12095202 PCT 202,622.0,4.0,0.0,37.0,14.0,686.0,157.0,6.0,108.0,6.0,7.0,1.0,47.0,1.0,0.0,0.0,2.0,28.0,1.0,113.0,0.0,164.0,1363.0,370.0,271.0
Orange-12095203 PCT 203,1002.0,3.0,1.0,20.0,6.0,257.0,7.0,0.0,7.0,0.0,0.0,0.0,1.0,0.0,0.0,0.0,0.0,0.0,0.0,4.0,0.0,5.0,1289.0,10.0,14.0
Orange-12095204 PCT 204,1038.0,0.0,0.0,4.0,12.0,58.0,374.0,5.0,80.0,1.0,1.0,0.0,2.0,0.0,0.0,0.0,0.0,0.0,0.0,5.0,0.0,11.0,1112.0,20.0,459.0
Orange-12095205 PCT 205,138.0,3.0,0.0,11.0,4.0,114.0,30.0,2.0,25.0,1.0,0.0,0.0,20.0,0.0,0.0,0.0,0.0,5.0,0.0,18.0,0.0,33.0,270.0,77.0,57.0
Orange-12095206 PCT 206,1184.0,3.0,2.0,49.0,15.0,644.0,245.0,8.0,142.0,9.0,4.0,0.0,60.0,0.0,0.0,0.0,1.0,21.0,3.0,72.0,0.0,143.0,1897.0,313.0,395.0
Orange-12095207 PCT 207,1352.0,11.0,6.0,77.0,25.0,863.0,305.0,5.0,162.0,15.0,3.0,0.0,102.0,0.0,0.0,1.0,0.0,13.0,4.0,120.0,0.0,181.0,2334.0,439.0,472.0
Orange-12095208 PCT 208,1532.0,6.0,3.0,84.0,37.0,1220.0,325.0,10.0,198.0,12.0,6.0,0.0,138.0,0.0,0.0,0.0,2.0,22.0,0.0,180.0,0.0,253.0,2882.0,613.0,533.0
Orange-12095209 PCT 209,1057.0,3.0,0.0,55.0,11.0,679.0,3.0,0.0,1.0,0.0,0.0,0.0,3.0,0.0,0.0,0.0,0.0,0.0,0.0,1.0,0.0,9.0,1805.0,13.0,4.0
Orange-12095210 PCT 210,960.0,5.0,2.0,27.0,7.0,425.0,260.0,2.0,80.0,1.0,5.0,0.0,39.0,0.0,0.0,0.0,1.0,10.0,2.0,42.0,0.0,65.0,1426.0,165.0,342.0
Orange-12095211 PCT 211,1170.0,3.0,0.0,23.0,5.0,279.0,542.0,3.0,151.0,3.0,0.0,0.0,45.0,0.0,0.0,0.0,0.0,15.0,0.0,51.0,0.0,90.0,1480.0,204.0,696.0
Orange-12095212 PCT 212,1104.0,0.0,0.0,18.0,13.0,278.0,22.0,0.0,23.0,0.0,1.0,0.0,9.0,0.0,0.0,0.0,0.0,2.0,0.0,9.0,0.0,25.0,1413.0,46.0,45.0
Orange-12095213 PCT 213,2384.0,6.0,3.0,31.0,23.0,389.0,567.0,8.0,202.0,5.0,5.0,1.0,35.0,0.0,0.0,0.0,2.0,11.0,0.0,56.0,3.0,67.0,2836.0,185.0,777.0
Orange-12095214 PCT 214,2290.0,8.0,4.0,69.0,24.0,590.0,493.0,4.0,178.0,12.0,3.0,0.0,54.0,0.0,0.0,0.0,2.0,20.0,1.0,73.0,0.0,154.0,2985.0,319.0,675.0
Orange-12095215 PCT 215,2248.0,9.0,2.0,26.0,14.0,372.0,481.0,8.0,127.0,3.0,5.0,2.0,40.0,0.0,0.0,0.0,0.0,8.0,1.0,48.0,0.0,57.0,2671.0,164.0,616.0
Orange-12095216 PCT 216,1364.0,5.0,3.0,18.0,7.0,240.0,592.0,7.0,162.0,5.0,6.0,0.0,60.0,0.0,0.0,0.0,1.0,7.0,1.0,58.0,1.0,86.0,1637.0,225.0,761.0
Orange-12095217 PCT 217,2426.0,4.0,2.0,30.0,23.0,395.0,738.0,2.0,150.0,4.0,5.0,0.0,36.0,0.0,0.0,0.0,0.0,5.0,0.0,43.0,0.0,65.0,2880.0,158.0,890.0
Orange-12095218 PCT 218,1406.0,13.0,3.0,68.0,15.0,1066.0,331.0,11.0,165.0,13.0,5.0,0.0,128.0,0.0,0.0,0.0,1.0,32.0,1.0,152.0,1.0,223.0,2571.0,556.0,507.0
Orange-12095219 PCT 219,1744.0,13.0,5.0,85.0,21.0,906.0,400.0,2.0,182.0,5.0,7.0,0.0,102.0,0.0,0.0,0.0,1.0,36.0,2.0,139.0,0.0,205.0,2774.0,497.0,584.0
Orange-12095220 PCT 220,1250.0,8.0,3.0,82.0,21.0,1539.0,312.0,17.0,183.0,21.0,16.0,1.0,183.0,1.0,0.0,0.0,0.0,36.0,0.0,201.0,3.0,365.0,2903.0,827.0,512.0
Orange-12095221 PCT 221,853.0,2.0,1.0,51.0,16.0,1043.0,151.0,12.0,131.0,11.0,4.0,0.0,121.0,0.0,1.0,0.0,0.0,15.0,4.0,92.0,1.0,198.0,1966.0,447.0,294.0
Orange-12095222 PCT 222,2005.0,6.0,4.0,66.0,16.0,1256.0,479.0,14.0,197.0,8.0,8.0,1.0,146.0,1.0,0.0,0.0,2.0,26.0,1.0,142.0,0.0,241.0,3353.0,576.0,690.0
Orange-12095223 PCT 223,1909.0,2.0,2.0,80.0,16.0,880.0,485.0,4.0,197.0,1.0,3.0,1.0,119.0,0.0,0.0,0.0,1.0,31.0,0.0,121.0,0.0,193.0,2889.0,470.0,686.0
Orange-12095224 PCT 224,471.0,1.0,1.0,23.0,13.0,626.0,121.0,4.0,60.0,3.0,2.0,1.0,65.0,0.0,0.0,0.0,1.0,14.0,1.0,55.0,0.0,146.0,1135.0,288.0,185.0
Orange-12095225 PCT 225,1794.0,4.0,2.0,30.0,7.0,290.0,446.0,4.0,114.0,5.0,0.0,0.0,19.0,0.0,0.0,0.0,0.0,4.0,0.0,33.0,2.0,68.0,2127.0,131.0,564.0
Orange-12095226 PCT 226,946.0,0.0,1.0,21.0,6.0,285.0,228.0,3.0,60.0,1.0,1.0,0.0,26.0,0.0,0.0,0.0,0.0,7.0,0.0,35.0,0.0,52.0,1259.0,122.0,291.0
Orange-12095227 PCT 227,1584.0,9.0,4.0,61.0,40.0,1014.0,370.0,8.0,176.0,5.0,8.0,0.0,113.0,0.0,0.0,1.0,1.0,18.0,1.0,89.0,0.0,184.0,2712.0,420.0,554.0
Orange-12095228 PCT 228,989.0,5.0,5.0,32.0,18.0,891.0,162.0,5.0,100.0,2.0,6.0,1.0,123.0,1.0,0.0,0.0,0.0,21.0,1.0,121.0,2.0,205.0,1940.0,483.0,267.0
Orange-12095229 PCT 229,1213.0,11.0,4.0,89.0,21.0,1320.0,207.0,5.0,144.0,7.0,10.0,0.0,125.0,1.0,0.0,1.0,1.0,26.0,2.0,132.0,1.0,265.0,2658.0,571.0,356.0
Orange-12095230 PCT 230,351.0,0.0,2.0,33.0,4.0,365.0,87.0,7.0,45.0,6.0,3.0,0.0,55.0,0.0,0.0,0.0,1.0,9.0,0.0,52.0,0.0,92.0,755.0,218.0,139.0
Orange-12095231 PCT 231,916.0,4.0,4.0,31.0,12.0,553.0,204.0,9.0,86.0,4.0,4.0,0.0,47.0,0.0,0.0,0.0,1.0,16.0,0.0,53.0,1.0,106.0,1520.0,232.0,299.0
Orange-12095232 PCT 232,1603.0,7.0,5.0,66.0,15.0,1908.0,415.0,9.0,163.0,22.0,11.0,4.0,197.0,1.0,0.0,0.0,0.0,86.0,5.0,331.0,2.0,528.0,3604.0,1187.0,587.0
Orange-12095233 PCT 233,1322.0,8.0,6.0,70.0,18.0,920.0,408.0,10.0,139.0,9.0,5.0,0.0,159.0,0.0,1.0,0.0,0.0,30.0,2.0,122.0,0.0,242.0,2344.0,570.0,557.0
Orange-12095234 PCT 234,1071.0,6.0,0.0,77.0,21.0,1819.0,267.0,11.0,135.0,10.0,13.0,0.0,241.0,0.0,0.0,0.0,1.0,43.0,0.0,231.0,0.0,460.0,2994.0,999.0,413.0
Orange-12095235 PCT 235,1018.0,8.0,2.0,56.0,13.0,1685.0,277.0,4.0,116.0,5.0,12.0,0.0,174.0,1.0,0.0,0.0,2.0,68.0,0.0,242.0,1.0,499.0,2782.0,1004.0,397.0
Orange-12095236 PCT 236,478.0,4.0,1.0,37.0,13.0,875.0,83.0,7.0,85.0,13.0,3.0,0.0,96.0,0.0,0.0,1.0,0.0,15.0,2.0,72.0,0.0,195.0,1408.0,397.0,175.0
Orange-12095237 PCT 237,965.0,2.0,2.0,65.0,17.0,1303.0,447.0,10.0,135.0,12.0,11.0,1.0,247.0,0.0,0.0,0.0,1.0,59.0,1.0,215.0,1.0,446.0,2354.0,994.0,592.0
Orange-12095238 PCT 238,1150.0,10.0,4.0,88.0,23.0,1994.0,300.0,17.0,164.0,16.0,11.0,1.0,239.0,1.0,0.0,0.0,1.0,58.0,2.0,233.0,3.0,519.0,3269.0,1084.0,481.0
Orange-12095239 PCT 239,1113.0,10.0,0.0,61.0,12.0,1719.0,260.0,11.0,107.0,3.0,5.0,1.0,214.0,0.0,0.0,0.0,1.0,51.0,0.0,184.0,0.0,418.0,2915.0,877.0,378.0
Orange-12095240 PCT 240,1899.0,16.0,0.0,66.0,14.0,1172.0,457.0,3.0,140.0,5.0,4.0,1.0,122.0,0.0,0.0,0.0,1.0,13.0,3.0,142.0,2.0,229.0,3167.0,522.0,600.0
Orange-12095301 PCT 301,1097.0,1.0,3.0,78.0,13.0,556.0,289.0,3.0,202.0,5.0,3.0,1.0,49.0,0.0,0.0,0.0,0.0,43.0,2.0,134.0,0.0,114.0,1748.0,351.0,494.0
Orange-12095302 PCT 302,1243.0,6.0,1.0,75.0,30.0,899.0,309.0,4.0,236.0,16.0,5.0,3.0,125.0,1.0,0.0,1.0,1.0,59.0,0.0,237.0,0.0,236.0,2254.0,684.0,549.0
Orange-12095303 PCT 303,1510.0,6.0,1.0,115.0,32.0,946.0,351.0,3.0,298.0,11.0,9.0,0.0,89.0,1.0,1.0,0.0,1.0,75.0,1.0,222.0,0.0,189.0,2610.0,599.0,652.0
Orange-12095304 PCT 304,1479.0,6.0,4.0,90.0,33.0,1088.0,209.0,7.0,200.0,5.0,9.0,0.0,69.0,0.0,0.0,0.0,0.0,34.0,1.0,125.0,0.0,141.0,2700.0,384.0,416.0
Orange-12095305 PCT 305,1475.0,8.0,2.0,60.0,27.0,900.0,479.0,13.0,238.0,24.0,10.0,1.0,182.0,2.0,0.0,0.0,1.0,25.0,0.0,258.0,0.0,295.0,2472.0,798.0,730.0
Orange-12095306 PCT 306,1735.0,3.0,8.0,57.0,34.0,692.0,290.0,4.0,117.0,7.0,1.0,0.0,61.0,0.0,0.0,0.0,1.0,11.0,1.0,85.0,0.0,90.0,2529.0,257.0,411.0
Orange-12095307 PCT 307,2372.0,7.0,7.0,74.0,48.0,767.0,351.0,5.0,276.0,6.0,8.0,1.0,85.0,0.0,0.0,0.0,0.0,16.0,1.0,106.0,1.0,115.0,3275.0,339.0,632.0
Orange-12095308 PCT 308,913.0,1.0,5.0,50.0,12.0,494.0,148.0,9.0,128.0,5.0,5.0,0.0,55.0,0.0,0.0,0.0,0.0,12.0,2.0,60.0,0.0,92.0,1475.0,231.0,285.0
Orange-12095309 PCT 309,1268.0,5.0,6.0,44.0,19.0,599.0,238.0,7.0,128.0,8.0,1.0,0.0,59.0,0.0,0.0,0.0,1.0,12.0,1.0,117.0,0.0,113.0,1941.0,312.0,373.0
Orange-12095310 PCT 310,444.0,0.0,2.0,16.0,11.0,156.0,64.0,0.0,48.0,1.0,1.0,0.0,8.0,0.0,0.0,0.0,1.0,4.0,1.0,25.0,0.0,38.0,629.0,79.0,112.0
Orange-12095311 PCT 311,988.0,3.0,4.0,58.0,14.0,1052.0,231.0,6.0,164.0,6.0,7.0,1.0,119.0,1.0,0.0,0.0,0.0,51.0,0.0,198.0,0.0,278.0,2119.0,661.0,401.0
Orange-12095312 PCT 312,1459.0,11.0,4.0,74.0,17.0,1132.0,327.0,8.0,116.0,5.0,0.0,1.0,112.0,0.0,0.0,0.0,0.0,35.0,1.0,216.0,1.0,225.0,2697.0,596.0,451.0
Orange-12095313 PCT 313,1104.0,2.0,4.0,49.0,6.0,526.0,208.0,5.0,114.0,8.0,8.0,0.0,59.0,0.0,0.0,0.0,0.0,11.0,0.0,78.0,2.0,114.0,1691.0,280.0,327.0
Orange-12095314 PCT 314,2222.0,13.0,11.0,69.0,27.0,858.0,428.0,8.0,189.0,10.0,4.0,0.0,86.0,1.0,0.0,0.0,0.0,15.0,1.0,88.0,0.0,173.0,3200.0,378.0,625.0
Orange-12095315 PCT 315,1360.0,5.0,3.0,52.0,15.0,512.0,367.0,5.0,163.0,13.0,3.0,1.0,60.0,0.0,0.0,0.0,1.0,9.0,2.0,96.0,0.0,129.0,1947.0,314.0,535.0
Orange-12095316 PCT 316,2380.0,4.0,8.0,57.0,42.0,746.0,352.0,8.0,220.0,10.0,6.0,1.0,42.0,0.0,0.0,0.0,0.0,9.0,1.0,93.0,1.0,130.0,3237.0,293.0,580.0
Orange-12095317 PCT 317,1842.0,5.0,12.0,61.0,17.0,741.0,385.0,6.0,141.0,6.0,2.0,1.0,56.0,0.0,0.0,0.0,0.0,13.0,3.0,118.0,1.0,147.0,2678.0,347.0,532.0
Orange-12095318 PCT 318,1608.0,4.0,7.0,45.0,18.0,533.0,294.0,4.0,107.0,8.0,3.0,2.0,48.0,1.0,0.0,0.0,0.0,7.0,0.0,76.0,0.0,85.0,2215.0,230.0,405.0
Orange-12095319 PCT 319,1254.0,1.0,4.0,48.0,14.0,591.0,247.0,3.0,96.0,9.0,2.0,0.0,69.0,0.0,1.0,0.0,0.0,17.0,0.0,122.0,0.0,107.0,1912.0,327.0,346.0
Orange-12095320 PCT 320,1125.0,7.0,3.0,23.0,11.0,698.0,220.0,5.0,100.0,8.0,5.0,0.0,44.0,0.0,0.0,0.0,0.0,12.0,1.0,97.0,0.0,154.0,1867.0,321.0,325.0
Orange-12095321 PCT 321,2251.0,9.0,5.0,58.0,29.0,673.0,343.0,4.0,171.0,5.0,3.0,0.0,55.0,0.0,0.0,0.0,1.0,11.0,1.0,87.0,0.0,92.0,3025.0,255.0,518.0
Orange-12095322 PCT 322,2223.0,8.0,5.0,43.0,23.0,703.0,390.0,1.0,143.0,9.0,5.0,0.0,67.0,1.0,0.0,1.0,0.0,9.0,0.0,78.0,1.0,146.0,3005.0,317.0,534.0
Orange-12095323 PCT 323,1069.0,4.0,3.0,78.0,19.0,919.0,173.0,0.0,82.0,4.0,2.0,0.0,17.0,0.0,0.0,0.0,0.0,7.0,1.0,43.0,0.0,47.0,2092.0,121.0,255.0
Orange-12095324 PCT 324,1209.0,3.0,1.0,66.0,16.0,906.0,431.0,13.0,316.0,22.0,10.0,1.0,121.0,1.0,0.0,0.0,0.0,48.0,3.0,237.0,1.0,292.0,2201.0,736.0,760.0
Orange-12095325 PCT 325,1770.0,6.0,6.0,85.0,30.0,1042.0,260.0,9.0,236.0,8.0,10.0,0.0,149.0,2.0,1.0,0.0,1.0,44.0,1.0,216.0,0.0,292.0,2939.0,724.0,505.0
Orange-12095326 PCT 326,1361.0,7.0,4.0,132.0,42.0,1518.0,251.0,4.0,198.0,10.0,7.0,0.0,165.0,0.0,0.0,1.0,0.0,72.0,2.0,232.0,0.0,283.0,3064.0,772.0,453.0
Orange-12095327 PCT 327,1126.0,4.0,2.0,94.0,21.0,864.0,220.0,9.0,199.0,8.0,7.0,0.0,102.0,3.0,0.0,0.0,0.0,38.0,4.0,144.0,0.0,213.0,2111.0,519.0,428.0
Orange-12095328 PCT 328,829.0,6.0,2.0,39.0,16.0,652.0,159.0,3.0,118.0,10.0,6.0,0.0,75.0,1.0,0.0,1.0,0.0,29.0,1.0,100.0,0.0,144.0,1544.0,367.0,280.0
Orange-12095329 PCT 329,1198.0,2.0,4.0,32.0,20.0,451.0,24.0,1.0,14.0,0.0,0.0,0.0,5.0,0.0,0.0,0.0,0.0,1.0,0.0,4.0,0.0,3.0,1707.0,13.0,39.0
Orange-12095330 PCT 330,734.0,4.0,2.0,43.0,12.0,1050.0,180.0,3.0,89.0,6.0,6.0,0.0,125.0,1.0,0.0,0.0,0.0,60.0,0.0,176.0,2.0,280.0,1845.0,656.0,272.0
Orange-12095331 PCT 331,1393.0,6.0,4.0,42.0,23.0,715.0,248.0,5.0,107.0,7.0,7.0,0.0,61.0,0.0,0.0,0.0,0.0,16.0,0.0,85.0,0.0,157.0,2183.0,333.0,360.0
Orange-12095332 PCT 332,1092.0,1.0,2.0,21.0,11.0,330.0,180.0,4.0,68.0,2.0,0.0,0.0,28.0,0.0,0.0,0.0,0.0,5.0,0.0,46.0,1.0,55.0,1457.0,137.0,252.0
Orange-12095333 PCT 333,672.0,4.0,0.0,49.0,28.0,1200.0,160.0,9.0,127.0,10.0,2.0,0.0,125.0,1.0,0.0,0.0,1.0,51.0,3.0,182.0,0.0,310.0,1953.0,685.0,296.0
Orange-12095334 PCT 334,902.0,2.0,3.0,71.0,14.0,1632.0,264.0,8.0,134.0,17.0,14.0,2.0,183.0,1.0,1.0,0.0,0.0,65.0,2.0,325.0,0.0,445.0,2624.0,1055.0,406.0
Orange-12095335 PCT 335,661.0,4.0,0.0,79.0,13.0,1114.0,178.0,8.0,162.0,7.0,3.0,0.0,122.0,0.0,0.0,0.0,0.0,55.0,2.0,217.0,0.0,270.0,1871.0,676.0,348.0
Orange-12095336 PCT 336,1822.0,4.0,6.0,88.0,21.0,1070.0,297.0,17.0,227.0,12.0,8.0,0.0,104.0,1.0,0.0,0.0,0.0,44.0,2.0,217.0,0.0,229.0,3011.0,617.0,541.0
Orange-12095337 PCT 337,1081.0,10.0,2.0,93.0,20.0,1431.0,301.0,14.0,236.0,10.0,12.0,1.0,223.0,0.0,0.0,0.0,0.0,81.0,1.0,413.0,0.0,421.0,2637.0,1162.0,551.0
Orange-12095338 PCT 338,971.0,4.0,2.0,61.0,15.0,979.0,190.0,15.0,117.0,10.0,8.0,3.0,93.0,1.0,1.0,0.0,0.0,22.0,0.0,154.0,0.0,218.0,2032.0,510.0,322.0
Orange-12095339 PCT 339,808.0,1.0,3.0,19.0,6.0,395.0,139.0,3.0,56.0,5.0,0.0,0.0,33.0,0.0,0.0,0.0,0.0,7.0,0.0,59.0,0.0,72.0,1232.0,176.0,198.0
Orange-12095340 PCT 340,1421.0,1.0,5.0,45.0,12.0,367.0,208.0,2.0,127.0,8.0,1.0,0.0,30.0,0.0,0.0,0.0,0.0,3.0,0.0,57.0,0.0,57.0,1851.0,156.0,337.0
Orange-12095341 PCT 341,1497.0,5.0,8.0,55.0,28.0,640.0,287.0,6.0,170.0,9.0,2.0,0.0,71.0,0.0,0.0,0.0,1.0,14.0,1.0,81.0,1.0,113.0,2233.0,293.0,463.0
Orange-12095342 PCT 342,256.0,3.0,0.0,9.0,5.0,171.0,74.0,0.0,30.0,16.0,4.0,0.0,26.0,0.0,0.0,0.0,1.0,12.0,0.0,39.0,0.0,26.0,444.0,124.0,104.0
Orange-12095343 PCT 343,0.0,0.0,0.0,0.0,0.0,0.0,228.0,5.0,89.0,5.0,5.0,0.0,46.0,0.0,1.0,0.0,0.0,12.0,0.0,48.0,0.0,103.0,0.0,220.0,322.0
Orange-12095401 PCT 401,1516.0,14.0,11.0,73.0,29.0,994.0,275.0,9.0,203.0,10.0,7.0,0.0,91.0,0.0,0.0,0.0,3.0,22.0,1.0,145.0,0.0,201.0,2637.0,480.0,487.0
Orange-12095402 PCT 402,2427.0,8.0,3.0,99.0,56.0,813.0,350.0,2.0,342.0,9.0,3.0,2.0,73.0,0.0,0.0,0.0,0.0,17.0,0.0,133.0,0.0,125.0,3406.0,362.0,694.0
Orange-12095403 PCT 403,1763.0,1.0,4.0,95.0,25.0,995.0,354.0,2.0,174.0,10.0,9.0,0.0,95.0,2.0,0.0,0.0,3.0,34.0,0.0,169.0,0.0,206.0,2883.0,528.0,530.0
Orange-12095404 PCT 404,1210.0,6.0,2.0,52.0,23.0,738.0,154.0,2.0,137.0,8.0,4.0,0.0,59.0,0.0,0.0,0.0,1.0,11.0,1.0,100.0,0.0,127.0,2031.0,311.0,293.0
Orange-12095405 PCT 405,16.0,0.0,0.0,4.0,0.0,92.0,4.0,0.0,5.0,1.0,0.0,0.0,8.0,0.0,0.0,0.0,0.0,1.0,0.0,2.0,0.0,22.0,112.0,34.0,9.0
Orange-12095406 PCT 406,1250.0,10.0,2.0,67.0,18.0,713.0,216.0,3.0,127.0,5.0,5.0,0.0,67.0,2.0,0.0,0.0,2.0,11.0,2.0,93.0,0.0,122.0,2060.0,309.0,346.0
Orange-12095407 PCT 407,856.0,2.0,3.0,51.0,15.0,697.0,177.0,0.0,120.0,8.0,4.0,1.0,90.0,1.0,0.0,0.0,0.0,20.0,0.0,125.0,0.0,156.0,1624.0,405.0,297.0
Orange-12095408 PCT 408,1281.0,10.0,2.0,86.0,24.0,1285.0,264.0,4.0,161.0,12.0,3.0,1.0,192.0,1.0,0.0,0.0,1.0,70.0,0.0,252.0,0.0,242.0,2688.0,774.0,429.0
Orange-12095409 PCT 409,1660.0,12.0,7.0,117.0,21.0,1352.0,348.0,4.0,220.0,13.0,5.0,2.0,160.0,3.0,0.0,0.0,0.0,47.0,0.0,274.0,0.0,279.0,3169.0,783.0,572.0
Orange-12095410 PCT 410,1707.0,7.0,2.0,72.0,16.0,966.0,317.0,2.0,165.0,10.0,5.0,1.0,88.0,0.0,0.0,0.0,0.0,33.0,0.0,119.0,0.0,150.0,2770.0,406.0,484.0
Orange-12095411 PCT 411,1318.0,6.0,4.0,88.0,21.0,1009.0,258.0,1.0,158.0,12.0,2.0,1.0,130.0,1.0,0.0,1.0,0.0,40.0,0.0,215.0,0.0,186.0,2446.0,588.0,417.0
Orange-12095412 PCT 412,1075.0,12.0,2.0,59.0,10.0,703.0,170.0,1.0,132.0,4.0,1.0,0.0,66.0,0.0,0.0,0.0,0.0,37.0,1.0,117.0,0.0,116.0,1861.0,342.0,303.0
Orange-12095413 PCT 413,1483.0,6.0,6.0,77.0,22.0,1037.0,268.0,2.0,128.0,7.0,7.0,1.0,96.0,1.0,0.0,1.0,0.0,48.0,0.0,186.0,0.0,205.0,2631.0,552.0,398.0
Orange-12095414 PCT 414,1620.0,10.0,7.0,88.0,27.0,1271.0,310.0,9.0,203.0,9.0,13.0,1.0,124.0,0.0,0.0,0.0,0.0,39.0,1.0,210.0,0.0,265.0,3023.0,662.0,522.0
Orange-12095415 PCT 415,620.0,2.0,1.0,44.0,7.0,576.0,116.0,1.0,65.0,4.0,3.0,0.0,61.0,0.0,1.0,0.0,0.0,22.0,0.0,108.0,0.0,110.0,1250.0,309.0,182.0
Orange-12095416 PCT 416,8.0,0.0,0.0,0.0,0.0,11.0,2.0,0.0,1.0,0.0,0.0,0.0,0.0,0.0,0.0,0.0,0.0,0.0,0.0,0.0,0.0,1.0,19.0,1.0,3.0
Orange-12095417 PCT 417,1650.0,12.0,10.0,53.0,24.0,674.0,274.0,1.0,150.0,5.0,3.0,0.0,69.0,1.0,0.0,0.0,1.0,7.0,0.0,128.0,0.0,97.0,2423.0,311.0,425.0
Orange-12095418 PCT 418,1039.0,15.0,5.0,45.0,15.0,653.0,222.0,5.0,117.0,3.0,2.0,0.0,89.0,0.0,1.0,0.0,1.0,12.0,0.0,101.0,1.0,127.0,1772.0,337.0,344.0
Orange-12095419 PCT 419,1343.0,7.0,4.0,39.0,24.0,685.0,261.0,8.0,96.0,11.0,2.0,1.0,59.0,1.0,0.0,0.0,0.0,3.0,0.0,79.0,0.0,121.0,2102.0,277.0,365.0
Orange-12095420 PCT 420,1719.0,7.0,5.0,35.0,21.0,496.0,4.0,0.0,0.0,0.0,0.0,0.0,0.0,0.0,0.0,0.0,0.0,0.0,0.0,1.0,0.0,2.0,2283.0,3.0,4.0
Orange-12095421 PCT 421,1297.0,5.0,5.0,44.0,23.0,454.0,221.0,6.0,87.0,7.0,3.0,0.0,29.0,0.0,0.0,0.0,0.0,8.0,0.0,55.0,0.0,65.0,1828.0,167.0,314.0
Orange-12095422 PCT 422,1883.0,6.0,3.0,66.0,19.0,725.0,360.0,4.0,141.0,4.0,4.0,1.0,63.0,0.0,0.0,0.0,1.0,14.0,1.0,93.0,0.0,127.0,2702.0,308.0,505.0
Orange-12095423 PCT 423,1688.0,2.0,6.0,53.0,21.0,570.0,330.0,7.0,163.0,3.0,8.0,0.0,37.0,1.0,0.0,1.0,1.0,12.0,1.0,85.0,0.0,95.0,2340.0,244.0,500.0
Orange-12095424 PCT 424,1750.0,4.0,2.0,50.0,18.0,619.0,365.0,2.0,153.0,8.0,3.0,0.0,50.0,1.0,0.0,0.0,1.0,12.0,0.0,84.0,1.0,112.0,2443.0,272.0,520.0
Orange-12095425 PCT 425,1964.0,2.0,4.0,45.0,24.0,677.0,375.0,2.0,173.0,5.0,6.0,0.0,45.0,1.0,0.0,0.0,1.0,20.0,1.0,89.0,0.0,113.0,2716.0,281.0,550.0
Orange-12095426 PCT 426,2555.0,1.0,9.0,74.0,30.0,738.0,439.0,4.0,144.0,9.0,3.0,0.0,43.0,0.0,0.0,1.0,0.0,16.0,0.0,127.0,0.0,121.0,3407.0,320.0,587.0
Orange-12095427 PCT 427,2699.0,5.0,7.0,54.0,24.0,695.0,416.0,4.0,182.0,8.0,3.0,0.0,36.0,0.0,0.0,0.0,0.0,7.0,0.0,91.0,0.0,85.0,3484.0,230.0,602.0
Orange-12095428 PCT 428,1725.0,2.0,2.0,30.0,15.0,366.0,295.0,6.0,118.0,8.0,0.0,0.0,19.0,0.0,0.0,0.0,0.0,4.0,0.0,38.0,0.0,38.0,2140.0,107.0,419.0
Orange-12095429 PCT 429,2195.0,8.0,6.0,37.0,31.0,499.0,372.0,3.0,141.0,11.0,2.0,0.0,33.0,0.0,1.0,0.0,0.0,10.0,0.0,70.0,1.0,67.0,2776.0,195.0,516.0
Orange-12095430 PCT 430,2126.0,8.0,5.0,132.0,20.0,1695.0,296.0,5.0,154.0,8.0,6.0,2.0,125.0,0.0,0.0,0.0,0.0,41.0,0.0,249.0,0.0,287.0,3986.0,718.0,455.0
Orange-12095431 PCT 431,1935.0,6.0,3.0,100.0,31.0,1575.0,330.0,4.0,163.0,16.0,1.0,1.0,133.0,0.0,0.0,0.0,0.0,80.0,0.0,247.0,0.0,328.0,3650.0,806.0,497.0
Orange-12095432 PCT 432,1431.0,13.0,0.0,75.0,21.0,1081.0,230.0,4.0,145.0,7.0,8.0,0.0,125.0,0.0,0.0,0.0,2.0,23.0,0.0,169.0,0.0,208.0,2621.0,542.0,379.0
Orange-12095433 PCT 433,1050.0,17.0,2.0,86.0,18.0,1185.0,155.0,2.0,109.0,6.0,2.0,0.0,138.0,0.0,0.0,0.0,2.0,36.0,0.0,235.0,0.0,214.0,2358.0,633.0,266.0
Orange-12095434 PCT 434,1.0,2.0,0.0,0.0,0.0,15.0,0.0,0.0,0.0,0.0,0.0,0.0,2.0,0.0,0.0,0.0,0.0,0.0,0.0,2.0,0.0,6.0,18.0,10.0,0.0
Orange-12095435 PCT 435,1849.0,4.0,9.0,103.0,41.0,660.0,241.0,2.0,242.0,7.0,4.0,1.0,52.0,0.0,0.0,0.0,1.0,10.0,2.0,90.0,0.0,74.0,2666.0,241.0,485.0
Orange-12095436 PCT 436,1089.0,5.0,3.0,70.0,20.0,581.0,172.0,6.0,123.0,5.0,1.0,0.0,60.0,0.0,0.0,0.0,0.0,10.0,0.0,66.0,0.0,90.0,1768.0,232.0,301.0
Orange-12095437 PCT 437,1612.0,9.0,3.0,79.0,26.0,876.0,260.0,3.0,183.0,2.0,1.0,0.0,100.0,0.0,0.0,0.0,1.0,17.0,0.0,157.0,0.0,146.0,2605.0,424.0,446.0
Orange-12095438 PCT 438,2150.0,12.0,9.0,85.0,34.0,877.0,356.0,1.0,211.0,2.0,7.0,0.0,82.0,1.0,0.0,0.0,0.0,14.0,1.0,148.0,0.0,129.0,3167.0,384.0,568.0
Orange-12095439 PCT 439,1446.0,3.0,3.0,46.0,12.0,583.0,244.0,4.0,122.0,7.0,1.0,0.0,51.0,0.0,0.0,0.0,2.0,12.0,3.0,102.0,0.0,82.0,2093.0,260.0,370.0
Orange-12095440 PCT 440,2102.0,16.0,1.0,116.0,22.0,1347.0,302.0,3.0,179.0,3.0,6.0,0.0,136.0,0.0,0.0,0.0,0.0,21.0,0.0,221.0,0.0,205.0,3604.0,592.0,484.0
Orange-12095441 PCT 441,1163.0,4.0,1.0,39.0,15.0,409.0,217.0,2.0,116.0,4.0,1.0,0.0,28.0,2.0,0.0,0.0,1.0,6.0,0.0,62.0,0.0,65.0,1631.0,169.0,335.0
Orange-12095442 PCT 442,0.0,0.0,0.0,0.0,0.0,0.0,192.0,1.0,91.0,1.0,2.0,0.0,32.0,0.0,0.0,0.0,0.0,5.0,0.0,55.0,0.0,58.0,0.0,153.0,284.0
Orange-12095501 PCT 501,1759.0,4.0,4.0,98.0,26.0,1021.0,409.0,10.0,266.0,21.0,14.0,0.0,53.0,0.0,0.0,0.0,2.0,74.0,2.0,196.0,1.0,210.0,2912.0,573.0,685.0
Orange-12095502 PCT 502,2306.0,7.0,1.0,147.0,53.0,877.0,438.0,3.0,507.0,8.0,2.0,0.0,73.0,2.0,0.0,0.0,1.0,60.0,3.0,176.0,0.0,164.0,3391.0,489.0,948.0
Orange-12095503 PCT 503,1131.0,1.0,4.0,77.0,35.0,465.0,197.0,5.0,256.0,2.0,4.0,0.0,37.0,0.0,0.0,0.0,0.0,28.0,1.0,80.0,0.0,81.0,1713.0,233.0,458.0
Orange-12095504 PCT 504,791.0,3.0,0.0,63.0,12.0,640.0,260.0,2.0,210.0,9.0,6.0,0.0,80.0,0.0,0.0,0.0,1.0,78.0,0.0,163.0,0.0,186.0,1509.0,523.0,472.0
Orange-12095505 PCT 505,1010.0,1.0,2.0,58.0,24.0,527.0,198.0,1.0,209.0,5.0,2.0,1.0,57.0,1.0,0.0,0.0,1.0,45.0,1.0,116.0,0.0,115.0,1622.0,344.0,408.0
Orange-12095506 PCT 506,1530.0,1.0,2.0,75.0,38.0,390.0,3.0,0.0,9.0,0.0,0.0,0.0,0.0,0.0,0.0,0.0,0.0,0.0,0.0,1.0,0.0,3.0,2036.0,4.0,12.0
Orange-12095507 PCT 507,831.0,4.0,2.0,55.0,10.0,837.0,264.0,4.0,240.0,15.0,8.0,0.0,92.0,2.0,1.0,0.0,0.0,95.0,3.0,240.0,0.0,254.0,1739.0,710.0,508.0
Orange-12095508 PCT 508,1474.0,3.0,3.0,117.0,25.0,1024.0,327.0,5.0,304.0,9.0,5.0,0.0,115.0,1.0,0.0,0.0,0.0,73.0,4.0,233.0,1.0,210.0,2646.0,651.0,636.0
Orange-12095509 PCT 509,984.0,5.0,0.0,80.0,18.0,891.0,253.0,2.0,186.0,5.0,7.0,0.0,104.0,0.0,1.0,0.0,0.0,61.0,2.0,209.0,0.0,212.0,1978.0,601.0,441.0
Orange-12095510 PCT 510,1004.0,5.0,3.0,67.0,26.0,877.0,194.0,4.0,212.0,12.0,6.0,0.0,88.0,1.0,0.0,0.0,0.0,42.0,1.0,129.0,0.0,195.0,1982.0,474.0,410.0
Orange-12095511 PCT 511,962.0,1.0,0.0,68.0,31.0,831.0,212.0,4.0,206.0,13.0,9.0,1.0,91.0,0.0,0.0,0.0,1.0,47.0,2.0,164.0,1.0,195.0,1893.0,524.0,422.0
Orange-12095512 PCT 512,1386.0,6.0,1.0,40.0,34.0,529.0,370.0,9.0,179.0,11.0,3.0,1.0,49.0,1.0,0.0,0.0,0.0,27.0,1.0,82.0,0.0,113.0,1996.0,288.0,558.0
Orange-12095513 PCT 513,717.0,1.0,0.0,37.0,3.0,740.0,224.0,3.0,113.0,8.0,3.0,2.0,71.0,1.0,0.0,0.0,0.0,38.0,1.0,93.0,0.0,120.0,1498.0,337.0,340.0
Orange-12095514 PCT 514,1390.0,3.0,2.0,78.0,23.0,1078.0,219.0,5.0,148.0,13.0,5.0,4.0,127.0,0.0,0.0,1.0,0.0,88.0,0.0,262.0,1.0,255.0,2574.0,756.0,372.0
Orange-12095515 PCT 515,1506.0,3.0,2.0,94.0,13.0,1785.0,422.0,6.0,230.0,32.0,10.0,0.0,199.0,1.0,0.0,1.0,0.0,193.0,1.0,501.0,0.0,456.0,3403.0,1394.0,658.0
Orange-12095516 PCT 516,548.0,1.0,0.0,59.0,12.0,662.0,116.0,4.0,94.0,11.0,5.0,0.0,67.0,0.0,0.0,0.0,0.0,53.0,0.0,164.0,0.0,175.0,1282.0,475.0,214.0
Orange-12095517 PCT 517,1320.0,3.0,1.0,85.0,25.0,1539.0,355.0,11.0,199.0,40.0,4.0,2.0,170.0,6.0,0.0,0.0,0.0,170.0,5.0,437.0,1.0,434.0,2973.0,1269.0,565.0
Orange-12095518 PCT 518,529.0,2.0,1.0,27.0,6.0,651.0,222.0,3.0,108.0,29.0,5.0,2.0,94.0,2.0,0.0,1.0,0.0,97.0,3.0,240.0,1.0,218.0,1216.0,692.0,333.0
Orange-12095519 PCT 519,984.0,2.0,2.0,39.0,17.0,722.0,246.0,7.0,180.0,26.0,8.0,1.0,64.0,1.0,0.0,0.0,0.0,69.0,4.0,161.0,2.0,209.0,1766.0,545.0,433.0
Orange-12095520 PCT 520,1064.0,3.0,4.0,63.0,16.0,844.0,262.0,4.0,207.0,16.0,2.0,1.0,95.0,0.0,0.0,0.0,1.0,72.0,1.0,187.0,0.0,187.0,1994.0,562.0,473.0
Orange-12095521 PCT 521,1106.0,6.0,1.0,77.0,27.0,933.0,305.0,7.0,201.0,19.0,13.0,0.0,107.0,0.0,0.0,0.0,2.0,97.0,1.0,223.0,0.0,228.0,2150.0,690.0,513.0
Orange-12095522 PCT 522,1032.0,4.0,1.0,63.0,10.0,1160.0,303.0,8.0,135.0,26.0,12.0,2.0,112.0,1.0,1.0,0.0,1.0,163.0,2.0,357.0,0.0,305.0,2270.0,982.0,446.0
Orange-12095523 PCT 523,541.0,0.0,1.0,43.0,16.0,485.0,130.0,6.0,130.0,6.0,7.0,0.0,46.0,0.0,0.0,0.0,0.0,55.0,1.0,144.0,1.0,122.0,1086.0,382.0,266.0
Orange-12095524 PCT 524,1478.0,7.0,4.0,92.0,34.0,807.0,348.0,5.0,403.0,8.0,2.0,0.0,83.0,1.0,0.0,0.0,3.0,47.0,2.0,147.0,1.0,193.0,2422.0,487.0,756.0
Orange-12095525 PCT 525,2380.0,6.0,1.0,162.0,23.0,1753.0,452.0,1.0,274.0,12.0,5.0,0.0,127.0,0.0,0.0,0.0,0.0,118.0,0.0,457.0,0.0,344.0,4325.0,1063.0,727.0
Orange-12095526 PCT 526,1331.0,7.0,1.0,80.0,31.0,595.0,201.0,7.0,159.0,10.0,4.0,1.0,76.0,0.0,0.0,0.0,0.0,12.0,1.0,78.0,0.0,90.0,2045.0,272.0,367.0
Orange-12095527 PCT 527,923.0,5.0,0.0,58.0,28.0,848.0,200.0,6.0,200.0,18.0,3.0,0.0,95.0,0.0,0.0,1.0,0.0,61.0,4.0,187.0,1.0,199.0,1862.0,569.0,406.0
Orange-12095528 PCT 528,1341.0,7.0,6.0,81.0,37.0,621.0,163.0,2.0,241.0,8.0,1.0,0.0,57.0,1.0,0.0,0.0,0.0,18.0,2.0,74.0,2.0,117.0,2093.0,280.0,406.0
Orange-12095529 PCT 529,836.0,3.0,1.0,52.0,25.0,527.0,104.0,3.0,162.0,3.0,2.0,0.0,70.0,0.0,0.0,0.0,2.0,29.0,2.0,87.0,1.0,115.0,1444.0,311.0,269.0
Orange-12095530 PCT 530,1185.0,6.0,2.0,92.0,34.0,667.0,192.0,5.0,219.0,12.0,3.0,0.0,65.0,0.0,1.0,0.0,0.0,17.0,3.0,102.0,0.0,136.0,1986.0,339.0,416.0
Orange-12095531 PCT 531,932.0,6.0,1.0,66.0,23.0,1052.0,194.0,2.0,148.0,10.0,10.0,1.0,166.0,0.0,0.0,0.0,0.0,53.0,2.0,227.0,0.0,218.0,2080.0,687.0,344.0
Orange-12095532 PCT 532,1459.0,2.0,4.0,78.0,34.0,704.0,222.0,4.0,225.0,3.0,5.0,0.0,65.0,0.0,0.0,0.0,0.0,27.0,0.0,130.0,0.0,116.0,2281.0,346.0,451.0
Orange-12095533 PCT 533,1411.0,10.0,1.0,112.0,29.0,978.0,285.0,10.0,212.0,6.0,5.0,0.0,99.0,0.0,0.0,1.0,1.0,29.0,1.0,128.0,1.0,189.0,2541.0,460.0,507.0
Orange-12095534 PCT 534,974.0,3.0,3.0,48.0,20.0,556.0,142.0,2.0,156.0,8.0,1.0,0.0,67.0,0.0,0.0,0.0,1.0,8.0,0.0,93.0,0.0,111.0,1604.0,289.0,300.0
Orange-12095535 PCT 535,1933.0,6.0,6.0,128.0,37.0,1106.0,308.0,5.0,343.0,12.0,3.0,0.0,130.0,2.0,0.0,1.0,1.0,33.0,3.0,189.0,0.0,204.0,3216.0,578.0,656.0
Orange-12095536 PCT 536,1679.0,6.0,3.0,114.0,25.0,1081.0,230.0,1.0,429.0,5.0,2.0,1.0,88.0,1.0,0.0,0.0,0.0,36.0,2.0,200.0,0.0,192.0,2908.0,527.0,660.0
Orange-12095537 PCT 537,1195.0,3.0,3.0,73.0,46.0,406.0,163.0,3.0,671.0,5.0,1.0,0.0,60.0,0.0,0.0,1.0,0.0,24.0,2.0,88.0,0.0,110.0,1726.0,291.0,837.0
Orange-12095538 PCT 538,1363.0,2.0,3.0,92.0,26.0,463.0,46.0,1.0,334.0,1.0,1.0,0.0,16.0,0.0,0.0,0.0,0.0,14.0,2.0,69.0,0.0,23.0,1949.0,126.0,381.0
Orange-12095539 PCT 539,2171.0,4.0,12.0,125.0,56.0,814.0,240.0,3.0,444.0,4.0,5.0,0.0,68.0,0.0,0.0,0.0,1.0,8.0,3.0,87.0,0.0,112.0,3182.0,288.0,687.0
Orange-12095540 PCT 540,1093.0,7.0,1.0,62.0,29.0,1139.0,257.0,8.0,154.0,12.0,5.0,1.0,103.0,0.0,1.0,0.0,0.0,33.0,2.0,137.0,1.0,286.0,2331.0,581.0,419.0
Orange-12095541 PCT 541,1024.0,2.0,2.0,95.0,21.0,665.0,161.0,1.0,191.0,9.0,6.0,1.0,77.0,0.0,0.0,1.0,0.0,16.0,1.0,118.0,0.0,87.0,1809.0,316.0,353.0
Orange-12095542 PCT 542,1738.0,7.0,4.0,106.0,23.0,1300.0,342.0,4.0,184.0,10.0,3.0,0.0,184.0,0.0,0.0,0.0,1.0,48.0,0.0,190.0,1.0,251.0,3178.0,688.0,530.0
Orange-12095543 PCT 543,650.0,8.0,4.0,53.0,11.0,1107.0,128.0,8.0,73.0,5.0,2.0,0.0,82.0,0.0,0.0,0.0,0.0,11.0,3.0,90.0,0.0,228.0,1833.0,421.0,209.0
Orange-12095544 PCT 544,1746.0,6.0,11.0,133.0,19.0,2099.0,401.0,13.0,197.0,19.0,7.0,1.0,194.0,0.0,0.0,0.0,2.0,45.0,5.0,212.0,1.0,487.0,4014.0,973.0,611.0
Orange-12095545 PCT 545,269.0,2.0,1.0,23.0,13.0,856.0,70.0,8.0,65.0,1.0,2.0,1.0,64.0,0.0,0.0,0.0,0.0,4.0,2.0,62.0,0.0,246.0,1164.0,382.0,143.0
Orange-12095546 PCT 546,1098.0,8.0,2.0,69.0,24.0,603.0,179.0,2.0,133.0,1.0,3.0,0.0,48.0,0.0,0.0,0.0,0.0,22.0,0.0,75.0,0.0,121.0,1804.0,270.0,314.0
Orange-12095547 PCT 547,352.0,0.0,2.0,14.0,7.0,133.0,52.0,0.0,56.0,0.0,1.0,0.0,10.0,0.0,0.0,0.0,0.0,2.0,0.0,16.0,0.0,16.0,508.0,45.0,108.0
Orange-12095548 PCT 548,888.0,4.0,0.0,54.0,16.0,730.0,166.0,3.0,148.0,7.0,5.0,0.0,88.0,0.0,0.0,0.0,1.0,26.0,0.0,121.0,0.0,162.0,1692.0,410.0,317.0
Orange-12095549 PCT 549,1464.0,2.0,1.0,94.0,34.0,597.0,82.0,0.0,118.0,0.0,0.0,0.0,15.0,0.0,0.0,0.0,0.0,11.0,1.0,47.0,0.0,60.0,2192.0,134.0,200.0
Orange-12095601 PCT 601,1161.0,5.0,2.0,8.0,15.0,141.0,355.0,2.0,84.0,1.0,0.0,0.0,4.0,0.0,0.0,0.0,1.0,4.0,0.0,22.0,0.0,22.0,1332.0,54.0,441.0
Orange-12095602 PCT 602,1568.0,0.0,4.0,13.0,11.0,130.0,613.0,3.0,105.0,2.0,0.0,0.0,6.0,0.0,0.0,0.0,0.0,6.0,0.0,14.0,0.0,26.0,1726.0,54.0,721.0
Orange-12095603 PCT 603,1207.0,3.0,0.0,8.0,10.0,90.0,395.0,2.0,55.0,2.0,0.0,0.0,4.0,0.0,0.0,0.0,0.0,0.0,0.0,6.0,0.0,13.0,1318.0,25.0,452.0
Orange-12095604 PCT 604,1837.0,4.0,2.0,14.0,9.0,215.0,448.0,6.0,97.0,7.0,1.0,0.0,18.0,0.0,0.0,0.0,0.0,6.0,0.0,35.0,0.0,29.0,2081.0,96.0,551.0
Orange-12095605 PCT 605,1368.0,4.0,2.0,18.0,14.0,207.0,290.0,2.0,85.0,2.0,0.0,0.0,13.0,0.0,0.0,0.0,0.0,4.0,0.0,17.0,1.0,34.0,1613.0,71.0,377.0
Orange-12095606 PCT 606,1328.0,3.0,2.0,12.0,8.0,219.0,327.0,2.0,75.0,2.0,2.0,0.0,24.0,0.0,0.0,0.0,0.0,5.0,1.0,29.0,0.0,24.0,1572.0,87.0,404.0
Orange-12095607 PCT 607,1446.0,0.0,0.0,16.0,10.0,218.0,350.0,4.0,84.0,2.0,2.0,0.0,17.0,0.0,0.0,1.0,1.0,3.0,0.0,27.0,0.0,34.0,1690.0,87.0,438.0
Orange-12095608 PCT 608,1420.0,1.0,0.0,15.0,15.0,259.0,776.0,5.0,170.0,2.0,2.0,0.0,29.0,0.0,0.0,1.0,0.0,4.0,0.0,55.0,0.0,85.0,1710.0,178.0,951.0
Orange-12095609 PCT 609,2685.0,4.0,3.0,29.0,25.0,242.0,717.0,4.0,153.0,6.0,4.0,1.0,26.0,0.0,0.0,1.0,1.0,4.0,0.0,32.0,0.0,33.0,2988.0,108.0,874.0
Orange-12095610 PCT 610,1495.0,2.0,0.0,28.0,11.0,419.0,650.0,5.0,192.0,7.0,6.0,0.0,82.0,0.0,0.0,0.0,0.0,11.0,0.0,97.0,0.0,129.0,1955.0,332.0,847.0
Orange-12095611 PCT 611,1148.0,4.0,3.0,26.0,12.0,375.0,449.0,9.0,210.0,9.0,5.0,0.0,69.0,0.0,0.0,0.0,1.0,7.0,0.0,63.0,1.0,121.0,1568.0,276.0,668.0
Orange-12095612 PCT 612,1797.0,1.0,6.0,49.0,34.0,282.0,196.0,2.0,166.0,2.0,2.0,0.0,17.0,0.0,0.0,0.0,0.0,2.0,0.0,22.0,0.0,33.0,2169.0,78.0,364.0
Orange-12095613 PCT 613,1559.0,4.0,1.0,45.0,25.0,382.0,68.0,1.0,32.0,0.0,1.0,0.0,5.0,0.0,0.0,0.0,0.0,0.0,0.0,8.0,0.0,5.0,2016.0,19.0,101.0
Orange-12095614 PCT 614,2691.0,6.0,2.0,101.0,42.0,819.0,388.0,3.0,266.0,7.0,2.0,0.0,69.0,0.0,0.0,0.0,1.0,18.0,3.0,111.0,0.0,120.0,3661.0,331.0,657.0
Orange-12095615 PCT 615,1526.0,2.0,1.0,48.0,25.0,467.0,302.0,4.0,272.0,4.0,1.0,0.0,28.0,0.0,0.0,0.0,0.0,16.0,0.0,72.0,1.0,133.0,2069.0,255.0,578.0
Orange-12095616 PCT 616,1374.0,3.0,2.0,24.0,14.0,219.0,352.0,2.0,75.0,1.0,4.0,0.0,1.0,0.0,0.0,0.0,0.0,0.0,0.0,4.0,0.0,2.0,1636.0,12.0,429.0
Orange-12095617 PCT 617,1546.0,2.0,3.0,10.0,12.0,180.0,23.0,0.0,59.0,0.0,1.0,0.0,3.0,0.0,0.0,0.0,0.0,4.0,0.0,18.0,0.0,16.0,1753.0,42.0,82.0
Orange-12095618 PCT 618,838.0,1.0,5.0,12.0,6.0,242.0,24.0,0.0,16.0,0.0,0.0,0.0,6.0,0.0,0.0,0.0,0.0,0.0,0.0,5.0,0.0,18.0,1104.0,29.0,40.0
Orange-12095619 PCT 619,1484.0,4.0,3.0,28.0,15.0,412.0,32.0,0.0,9.0,0.0,0.0,0.0,1.0,0.0,0.0,0.0,0.0,1.0,0.0,3.0,0.0,9.0,1946.0,14.0,41.0
Orange-12095620 PCT 620,789.0,7.0,8.0,14.0,8.0,212.0,157.0,2.0,56.0,4.0,0.0,0.0,14.0,0.0,0.0,1.0,0.0,3.0,1.0,30.0,0.0,19.0,1038.0,72.0,215.0
Orange-12095621 PCT 621,1776.0,5.0,5.0,34.0,22.0,304.0,322.0,4.0,123.0,4.0,0.0,0.0,19.0,0.0,0.0,0.0,0.0,7.0,1.0,58.0,0.0,48.0,2146.0,137.0,449.0
Orange-12095622 PCT 622,1666.0,1.0,0.0,30.0,15.0,256.0,168.0,0.0,110.0,1.0,1.0,0.0,15.0,1.0,0.0,0.0,0.0,2.0,1.0,34.0,0.0,30.0,1968.0,85.0,278.0
Orange-12095623 PCT 623,2280.0,2.0,2.0,31.0,28.0,337.0,485.0,5.0,102.0,2.0,1.0,0.0,10.0,0.0,1.0,0.0,0.0,2.0,0.0,7.0,0.0,13.0,2680.0,36.0,592.0
Orange-12095624 PCT 624,1704.0,4.0,3.0,12.0,5.0,40.0,586.0,4.0,83.0,0.0,0.0,0.0,2.0,0.0,0.0,0.0,0.0,1.0,0.0,3.0,0.0,0.0,1768.0,6.0,673.0
Orange-12095625 PCT 625,1732.0,1.0,0.0,16.0,13.0,109.0,490.0,3.0,61.0,4.0,1.0,0.0,2.0,0.0,0.0,0.0,0.0,3.0,0.0,9.0,0.0,12.0,1871.0,31.0,554.0
Orange-12095626 PCT 626,1836.0,2.0,0.0,9.0,8.0,52.0,752.0,2.0,84.0,1.0,1.0,0.0,6.0,0.0,0.0,0.0,1.0,1.0,0.0,5.0,1.0,1.0,1907.0,17.0,838.0
Orange-12095627 PCT 627,1464.0,3.0,1.0,6.0,4.0,53.0,596.0,0.0,93.0,1.0,3.0,0.0,5.0,0.0,0.0,0.0,0.0,0.0,0.0,5.0,0.0,2.0,1531.0,16.0,689.0
Orange-12095628 PCT 628,626.0,3.0,1.0,28.0,4.0,180.0,226.0,3.0,47.0,3.0,2.0,0.0,12.0,0.0,0.0,0.0,0.0,6.0,2.0,17.0,0.0,53.0,842.0,95.0,276.0
Orange-12095629 PCT 629,1408.0,3.0,2.0,11.0,8.0,98.0,433.0,2.0,72.0,2.0,1.0,0.0,1.0,1.0,0.0,0.0,0.0,0.0,0.0,9.0,0.0,16.0,1530.0,30.0,507.0
Orange-12095630 PCT 630,1064.0,1.0,1.0,33.0,8.0,328.0,213.0,1.0,62.0,4.0,6.0,3.0,16.0,1.0,0.0,0.0,0.0,6.0,0.0,33.0,0.0,32.0,1435.0,101.0,276.0
Orange-12095631 PCT 631,6.0,0.0,0.0,0.0,0.0,0.0,34.0,0.0,19.0,0.0,0.0,0.0,5.0,0.0,0.0,0.0,0.0,2.0,0.0,7.0,0.0,11.0,6.0,25.0,53.0
Orange-12095632 PCT 632,2002.0,5.0,1.0,28.0,18.0,460.0,391.0,3.0,125.0,4.0,2.0,0.0,34.0,0.0,0.0,0.0,0.0,5.0,0.0,57.0,0.0,69.0,2514.0,171.0,519.0
Orange-12095633 PCT 633,2019.0,2.0,2.0,50.0,31.0,295.0,239.0,3.0,155.0,5.0,0.0,0.0,27.0,0.0,0.0,1.0,2.0,4.0,0.0,29.0,0.0,28.0,2399.0,96.0,397.0
Orange-12095634 PCT 634,1542.0,2.0,3.0,20.0,17.0,170.0,349.0,3.0,102.0,3.0,0.0,0.0,15.0,0.0,0.0,0.0,0.0,5.0,1.0,25.0,0.0,35.0,1754.0,84.0,454.0
Osceola-12097100,241.0,0.0,0.0,19.0,5.0,252.0,47.0,3.0,43.0,1.0,0.0,0.0,38.0,1.0,0.0,0.0,0.0,8.0,0.0,31.0,0.0,51.0,517.0,130.0,93.0
Osceola-12097101,1453.0,3.0,3.0,77.0,19.0,884.0,230.0,2.0,184.0,9.0,5.0,0.0,66.0,0.0,0.0,0.0,2.0,17.0,2.0,94.0,0.0,155.0,2439.0,350.0,416.0
Osceola-12097102,132.0,0.0,1.0,10.0,1.0,169.0,22.0,1.0,14.0,1.0,0.0,0.0,12.0,0.0,0.0,0.0,0.0,1.0,1.0,17.0,0.0,27.0,313.0,59.0,37.0
Osceola-12097103,41.0,0.0,0.0,3.0,0.0,71.0,16.0,1.0,16.0,0.0,0.0,0.0,7.0,1.0,0.0,0.0,0.0,1.0,0.0,6.0,0.0,24.0,115.0,39.0,33.0
Osceola-12097104,1862.0,4.0,1.0,63.0,24.0,793.0,240.0,4.0,167.0,10.0,4.0,0.0,52.0,1.0,0.0,0.0,1.0,19.0,1.0,69.0,0.0,175.0,2747.0,332.0,411.0
Osceola-12097105,1281.0,1.0,10.0,46.0,26.0,965.0,278.0,19.0,116.0,16.0,7.0,0.0,60.0,0.0,0.0,0.0,0.0,13.0,0.0,91.0,0.0,194.0,2329.0,381.0,413.0
Osceola-12097106,432.0,3.0,3.0,14.0,9.0,517.0,177.0,9.0,69.0,14.0,10.0,0.0,59.0,0.0,0.0,0.0,0.0,34.0,0.0,106.0,0.0,116.0,978.0,339.0,255.0
Osceola-12097107,1540.0,6.0,4.0,42.0,18.0,607.0,211.0,7.0,132.0,2.0,1.0,0.0,39.0,0.0,1.0,1.0,0.0,9.0,1.0,60.0,0.0,123.0,2217.0,237.0,350.0
Osceola-12097108,36.0,0.0,0.0,5.0,0.0,42.0,10.0,1.0,4.0,0.0,0.0,0.0,4.0,0.0,0.0,0.0,0.0,0.0,0.0,1.0,0.0,10.0,83.0,15.0,15.0
Osceola-12097109,130.0,0.0,0.0,3.0,0.0,18.0,36.0,1.0,5.0,0.0,1.0,0.0,0.0,0.0,0.0,0.0,0.0,0.0,0.0,0.0,0.0,2.0,151.0,3.0,42.0
Osceola-12097110,1508.0,4.0,4.0,32.0,18.0,313.0,345.0,4.0,150.0,10.0,1.0,0.0,53.0,0.0,0.0,1.0,1.0,4.0,0.0,62.0,0.0,69.0,1879.0,201.0,499.0
Osceola-12097111,740.0,0.0,4.0,11.0,5.0,239.0,133.0,0.0,57.0,1.0,0.0,0.0,13.0,0.0,0.0,0.0,0.0,3.0,0.0,28.0,0.0,39.0,999.0,84.0,190.0
Osceola-12097112,2126.0,6.0,11.0,62.0,33.0,684.0,242.0,3.0,95.0,3.0,1.0,0.0,33.0,0.0,0.0,0.0,0.0,8.0,0.0,76.0,0.0,72.0,2922.0,193.0,340.0
Osceola-12097113,2068.0,3.0,7.0,42.0,19.0,874.0,389.0,6.0,146.0,10.0,3.0,0.0,56.0,0.0,0.0,0.0,1.0,11.0,1.0,117.0,0.0,154.0,3013.0,353.0,541.0
Osceola-12097130,72.0,0.0,0.0,1.0,2.0,64.0,11.0,0.0,4.0,0.0,0.0,0.0,5.0,0.0,0.0,0.0,0.0,1.0,0.0,7.0,0.0,12.0,139.0,25.0,15.0
Osceola-12097131,149.0,1.0,1.0,11.0,3.0,68.0,31.0,0.0,14.0,1.0,0.0,0.0,4.0,1.0,0.0,0.0,0.0,1.0,0.0,7.0,0.0,10.0,233.0,24.0,45.0
Osceola-12097132,314.0,2.0,1.0,4.0,6.0,119.0,49.0,1.0,31.0,0.0,1.0,0.0,8.0,0.0,0.0,0.0,0.0,1.0,0.0,9.0,0.0,16.0,446.0,35.0,81.0
Osceola-12097133,2.0,0.0,0.0,0.0,0.0,0.0,0.0,0.0,0.0,0.0,0.0,0.0,0.0,0.0,0.0,0.0,0.0,0.0,0.0,0.0,0.0,0.0,2.0,0.0,0.0
Osceola-12097134,0.0,0.0,0.0,0.0,0.0,0.0,0.0,0.0,0.0,0.0,0.0,0.0,0.0,0.0,0.0,0.0,0.0,0.0,0.0,0.0,0.0,0.0,0.0,0.0,0.0
Osceola-12097135,0.0,0.0,0.0,0.0,0.0,0.0,0.0,0.0,0.0,0.0,0.0,0.0,0.0,0.0,0.0,0.0,0.0,0.0,0.0,0.0,0.0,0.0,0.0,0.0,0.0
Osceola-12097150,203.0,0.0,0.0,8.0,0.0,111.0,7.0,0.0,6.0,1.0,0.0,0.0,6.0,0.0,0.0,0.0,0.0,1.0,0.0,1.0,0.0,6.0,322.0,15.0,13.0
Osceola-12097151,2583.0,8.0,4.0,165.0,32.0,2791.0,476.0,6.0,344.0,14.0,15.0,0.0,204.0,0.0,0.0,1.0,0.0,140.0,0.0,473.0,1.0,756.0,5583.0,1604.0,826.0
Osceola-12097152,2.0,0.0,0.0,0.0,0.0,0.0,0.0,0.0,0.0,0.0,0.0,0.0,0.0,0.0,0.0,0.0,0.0,0.0,0.0,0.0,0.0,0.0,2.0,0.0,0.0
Osceola-12097153,0.0,0.0,0.0,0.0,0.0,0.0,0.0,0.0,0.0,0.0,0.0,0.0,0.0,0.0,0.0,0.0,0.0,0.0,0.0,0.0,0.0,0.0,0.0,0.0,0.0
Osceola-12097154,332.0,2.0,2.0,13.0,4.0,297.0,51.0,0.0,31.0,3.0,0.0,0.0,23.0,0.0,0.0,0.0,0.0,10.0,0.0,41.0,0.0,50.0,650.0,127.0,82.0
Osceola-12097155,101.0,1.0,1.0,1.0,3.0,167.0,10.0,0.0,8.0,0.0,1.0,0.0,9.0,0.0,0.0,0.0,0.0,5.0,0.0,16.0,0.0,40.0,274.0,71.0,18.0
Osceola-12097156,23.0,0.0,0.0,2.0,0.0,46.0,2.0,0.0,2.0,0.0,0.0,0.0,3.0,0.0,0.0,0.0,0.0,2.0,0.0,2.0,0.0,16.0,71.0,23.0,4.0
Osceola-12097157,249.0,2.0,0.0,18.0,3.0,182.0,35.0,0.0,25.0,1.0,0.0,0.0,10.0,0.0,0.0,0.0,0.0,3.0,0.0,17.0,0.0,36.0,454.0,67.0,60.0
Osceola-12097158,45.0,0.0,0.0,4.0,0.0,20.0,1.0,0.0,0.0,0.0,0.0,0.0,0.0,0.0,0.0,0.0,0.0,0.0,0.0,0.0,0.0,0.0,69.0,0.0,1.0
Osceola-12097159,0.0,0.0,0.0,0.0,0.0,0.0,0.0,0.0,0.0,0.0,0.0,0.0,0.0,0.0,0.0,0.0,0.0,0.0,0.0,0.0,0.0,0.0,0.0,0.0,0.0
Osceola-12097160,16.0,0.0,0.0,1.0,0.0,7.0,0.0,0.0,0.0,0.0,0.0,0.0,0.0,0.0,0.0,0.0,0.0,0.0,0.0,0.0,0.0,0.0,24.0,0.0,0.0
Osceola-12097200,5475.0,23.0,23.0,101.0,50.0,1272.0,1988.0,21.0,663.0,37.0,13.0,2.0,142.0,0.0,0.0,0.0,3.0,22.0,2.0,332.0,1.0,367.0,6944.0,921.0,2672.0
Osceola-12097201,1776.0,12.0,4.0,34.0,15.0,852.0,352.0,5.0,158.0,11.0,6.0,0.0,79.0,0.0,1.0,0.0,2.0,11.0,1.0,134.0,0.0,172.0,2693.0,417.0,515.0
Osceola-12097202,23.0,0.0,0.0,4.0,1.0,60.0,4.0,0.0,7.0,1.0,0.0,0.0,6.0,0.0,0.0,0.0,0.0,5.0,0.0,9.0,0.0,13.0,88.0,34.0,11.0
Osceola-12097203,678.0,5.0,4.0,10.0,4.0,232.0,24.0,1.0,11.0,0.0,0.0,0.0,9.0,0.0,0.0,0.0,0.0,0.0,0.0,9.0,0.0,19.0,933.0,37.0,36.0
Osceola-12097204,4201.0,15.0,9.0,75.0,39.0,959.0,0.0,0.0,0.0,0.0,0.0,0.0,0.0,0.0,0.0,0.0,0.0,0.0,0.0,0.0,0.0,0.0,5298.0,0.0,0.0
Osceola-12097210,3101.0,10.0,9.0,44.0,24.0,664.0,607.0,4.0,194.0,15.0,1.0,1.0,50.0,0.0,0.0,0.0,0.0,5.0,0.0,114.0,0.0,102.0,3852.0,288.0,805.0
Osceola-12097211,2479.0,19.0,12.0,72.0,36.0,1251.0,552.0,14.0,250.0,18.0,6.0,1.0,145.0,2.0,0.0,0.0,2.0,30.0,1.0,210.0,0.0,254.0,3869.0,669.0,816.0
Osceola-12097212,161.0,0.0,0.0,6.0,2.0,57.0,0.0,0.0,0.0,0.0,0.0,0.0,0.0,0.0,0.0,0.0,0.0,0.0,0.0,0.0,0.0,0.0,226.0,0.0,0.0
Osceola-12097250,386.0,0.0,3.0,10.0,2.0,122.0,52.0,0.0,29.0,5.0,2.0,0.0,2.0,0.0,0.0,0.0,0.0,0.0,0.0,12.0,0.0,13.0,523.0,34.0,81.0
Osceola-12097251,1485.0,4.0,2.0,49.0,16.0,704.0,300.0,3.0,121.0,8.0,2.0,1.0,54.0,0.0,0.0,0.0,1.0,14.0,2.0,92.0,0.0,161.0,2260.0,335.0,424.0
Osceola-12097300,1643.0,8.0,14.0,45.0,12.0,668.0,304.0,4.0,94.0,6.0,5.0,1.0,56.0,0.0,0.0,0.0,0.0,5.0,0.0,81.0,0.0,137.0,2390.0,291.0,402.0
Osceola-12097301,1861.0,9.0,1.0,44.0,22.0,1081.0,361.0,11.0,147.0,0.0,6.0,0.0,88.0,0.0,0.0,0.0,0.0,23.0,4.0,124.0,0.0,214.0,3018.0,459.0,519.0
Osceola-12097302,0.0,0.0,0.0,0.0,0.0,0.0,0.0,0.0,0.0,0.0,0.0,0.0,0.0,0.0,0.0,0.0,0.0,0.0,0.0,0.0,0.0,0.0,0.0,0.0,0.0
Osceola-12097303,2072.0,5.0,5.0,29.0,20.0,500.0,437.0,4.0,128.0,3.0,3.0,0.0,36.0,0.0,0.0,0.0,2.0,7.0,0.0,58.0,0.0,56.0,2631.0,165.0,569.0
Osceola-12097304,2443.0,3.0,7.0,38.0,18.0,485.0,472.0,7.0,141.0,7.0,2.0,1.0,44.0,0.0,0.0,0.0,0.0,3.0,2.0,51.0,2.0,60.0,2994.0,172.0,620.0
Osceola-12097305,4294.0,11.0,8.0,60.0,34.0,834.0,983.0,8.0,279.0,13.0,3.0,0.0,59.0,0.0,0.0,1.0,0.0,9.0,0.0,94.0,0.0,134.0,5241.0,313.0,1270.0
Osceola-12097306,1792.0,9.0,2.0,20.0,12.0,348.0,233.0,2.0,49.0,3.0,3.0,0.0,17.0,0.0,0.0,0.0,0.0,1.0,0.0,26.0,0.0,18.0,2183.0,68.0,284.0
Osceola-12097307,1670.0,7.0,8.0,35.0,17.0,500.0,460.0,6.0,186.0,10.0,5.0,2.0,66.0,0.0,0.0,0.0,0.0,8.0,0.0,71.0,0.0,112.0,2237.0,274.0,652.0
Osceola-12097308,210.0,3.0,1.0,13.0,1.0,181.0,45.0,0.0,17.0,6.0,0.0,0.0,14.0,0.0,0.0,0.0,0.0,5.0,0.0,21.0,0.0,39.0,409.0,85.0,62.0
Osceola-12097309,1002.0,2.0,2.0,17.0,7.0,467.0,226.0,5.0,81.0,7.0,1.0,1.0,44.0,0.0,1.0,0.0,0.0,6.0,0.0,53.0,0.0,93.0,1497.0,206.0,312.0
Osceola-12097330,0.0,0.0,0.0,0.0,0.0,0.0,206.0,5.0,56.0,4.0,0.0,0.0,13.0,0.0,0.0,0.0,0.0,0.0,0.0,24.0,0.0,14.0,0.0,55.0,267.0
Osceola-12097331,730.0,2.0,3.0,7.0,14.0,254.0,142.0,3.0,66.0,0.0,0.0,0.0,21.0,0.0,0.0,0.0,0.0,8.0,0.0,41.0,0.0,42.0,1010.0,112.0,211.0
Osceola-12097350,275.0,3.0,0.0,8.0,3.0,167.0,47.0,0.0,20.0,0.0,1.0,0.0,12.0,0.0,0.0,0.0,0.0,8.0,0.0,22.0,0.0,40.0,456.0,83.0,67.0
Osceola-12097351,813.0,2.0,2.0,12.0,12.0,199.0,155.0,1.0,57.0,1.0,0.0,0.0,24.0,0.0,0.0,0.0,0.0,7.0,0.0,23.0,0.0,37.0,1040.0,92.0,213.0
Osceola-12097352,376.0,0.0,2.0,7.0,4.0,108.0,67.0,0.0,34.0,0.0,0.0,0.0,5.0,0.0,0.0,0.0,0.0,1.0,0.0,9.0,0.0,9.0,497.0,24.0,101.0
Osceola-12097360,742.0,5.0,6.0,18.0,8.0,312.0,145.0,1.0,52.0,2.0,5.0,0.0,11.0,0.0,0.0,0.0,0.0,4.0,0.0,36.0,0.0,55.0,1091.0,113.0,198.0
Osceola-12097390,21.0,0.0,0.0,4.0,0.0,44.0,7.0,0.0,5.0,0.0,1.0,0.0,3.0,0.0,0.0,0.0,0.0,2.0,0.0,2.0,0.0,17.0,69.0,25.0,12.0
Osceola-12097391,933.0,3.0,0.0,25.0,8.0,264.0,0.0,0.0,0.0,0.0,0.0,0.0,0.0,0.0,0.0,0.0,0.0,0.0,0.0,0.0,0.0,0.0,1233.0,0.0,0.0
Osceola-12097400,128.0,3.0,0.0,10.0,2.0,502.0,23.0,4.0,25.0,4.0,6.0,0.0,42.0,0.0,0.0,0.0,0.0,7.0,1.0,42.0,0.0,137.0,645.0,239.0,52.0
Osceola-12097401,737.0,7.0,5.0,52.0,14.0,1424.0,185.0,10.0,121.0,17.0,12.0,0.0,168.0,0.0,0.0,0.0,1.0,46.0,1.0,217.0,1.0,367.0,2239.0,830.0,316.0
Osceola-12097402,262.0,1.0,0.0,22.0,7.0,338.0,45.0,2.0,38.0,4.0,1.0,0.0,36.0,0.0,0.0,0.0,0.0,3.0,1.0,40.0,0.0,72.0,630.0,157.0,85.0
Osceola-12097403,2091.0,10.0,7.0,69.0,17.0,819.0,305.0,5.0,144.0,6.0,2.0,0.0,75.0,1.0,0.0,0.0,0.0,13.0,1.0,119.0,1.0,150.0,3013.0,368.0,454.0
Osceola-12097404,0.0,0.0,0.0,0.0,0.0,3.0,0.0,0.0,0.0,0.0,0.0,0.0,0.0,0.0,0.0,0.0,0.0,0.0,0.0,0.0,0.0,0.0,3.0,0.0,0.0
Osceola-12097405,382.0,0.0,4.0,9.0,1.0,162.0,175.0,8.0,52.0,16.0,1.0,1.0,29.0,0.0,0.0,0.0,0.0,3.0,0.0,34.0,0.0,76.0,558.0,160.0,235.0
Osceola-12097406,1093.0,3.0,0.0,36.0,19.0,470.0,91.0,1.0,38.0,2.0,2.0,0.0,13.0,0.0,0.0,0.0,0.0,7.0,0.0,16.0,0.0,43.0,1621.0,83.0,130.0
Osceola-12097410,1701.0,6.0,6.0,61.0,25.0,876.0,346.0,17.0,201.0,16.0,4.0,0.0,86.0,0.0,0.0,0.0,0.0,19.0,2.0,79.0,0.0,195.0,2675.0,401.0,564.0
Osceola-12097411,2775.0,5.0,9.0,63.0,24.0,624.0,474.0,7.0,151.0,9.0,3.0,2.0,44.0,0.0,0.0,0.0,2.0,14.0,1.0,67.0,0.0,106.0,3500.0,248.0,632.0
Osceola-12097412,936.0,3.0,7.0,13.0,9.0,206.0,225.0,8.0,67.0,4.0,3.0,0.0,18.0,0.0,0.0,0.0,0.0,2.0,0.0,21.0,0.0,32.0,1174.0,80.0,300.0
Osceola-12097420,3334.0,12.0,10.0,165.0,54.0,3261.0,735.0,33.0,399.0,40.0,21.0,2.0,302.0,2.0,0.0,0.0,3.0,44.0,4.0,345.0,1.0,705.0,6836.0,1469.0,1167.0
Osceola-12097450,69.0,0.0,0.0,0.0,0.0,20.0,0.0,0.0,0.0,0.0,0.0,0.0,0.0,0.0,0.0,0.0,0.0,0.0,0.0,0.0,0.0,0.0,89.0,0.0,0.0
Osceola-12097470,551.0,1.0,0.0,14.0,8.0,218.0,79.0,3.0,40.0,1.0,2.0,0.0,16.0,0.0,0.0,0.0,0.0,0.0,1.0,26.0,0.0,27.0,792.0,73.0,122.0
Osceola-12097471,416.0,2.0,0.0,10.0,3.0,364.0,81.0,2.0,40.0,3.0,0.0,0.0,26.0,0.0,0.0,0.0,1.0,5.0,0.0,47.0,0.0,73.0,795.0,155.0,123.0
Osceola-12097500,99.0,1.0,0.0,12.0,1.0,372.0,42.0,7.0,28.0,3.0,3.0,0.0,32.0,0.0,0.0,0.0,1.0,6.0,0.0,18.0,0.0,97.0,485.0,160.0,77.0
Osceola-12097501,181.0,1.0,1.0,24.0,1.0,622.0,48.0,7.0,37.0,2.0,0.0,0.0,46.0,0.0,0.0,0.0,0.0,9.0,1.0,42.0,0.0,127.0,830.0,227.0,92.0
Osceola-12097502,790.0,10.0,0.0,76.0,25.0,2253.0,230.0,20.0,144.0,18.0,7.0,2.0,164.0,1.0,1.0,2.0,1.0,43.0,0.0,192.0,1.0,544.0,3154.0,976.0,394.0
Osceola-12097503,2462.0,11.0,8.0,98.0,31.0,1594.0,409.0,9.0,201.0,22.0,4.0,1.0,127.0,0.0,0.0,0.0,1.0,21.0,0.0,174.0,0.0,294.0,4204.0,644.0,619.0
Osceola-12097504,1686.0,12.0,9.0,151.0,23.0,2921.0,354.0,27.0,155.0,24.0,10.0,0.0,293.0,0.0,0.0,0.0,1.0,52.0,5.0,327.0,2.0,688.0,4802.0,1402.0,536.0
Osceola-12097505,394.0,2.0,2.0,27.0,8.0,899.0,92.0,11.0,60.0,4.0,2.0,2.0,86.0,0.0,0.0,0.0,0.0,15.0,1.0,92.0,1.0,228.0,1332.0,431.0,163.0
Osceola-12097506,570.0,10.0,3.0,59.0,12.0,2191.0,135.0,20.0,122.0,7.0,4.0,0.0,201.0,0.0,0.0,0.0,1.0,32.0,2.0,149.0,1.0,552.0,2845.0,949.0,277.0
Osceola-12097507,52.0,1.0,0.0,7.0,3.0,85.0,16.0,2.0,11.0,1.0,0.0,0.0,17.0,0.0,0.0,0.0,0.0,2.0,0.0,2.0,0.0,15.0,148.0,37.0,29.0
Osceola-12097520,1773.0,19.0,8.0,167.0,46.0,2720.0,384.0,29.0,267.0,21.0,4.0,3.0,231.0,1.0,0.0,1.0,3.0,38.0,2.0,247.0,0.0,623.0,4733.0,1174.0,680.0
Osceola-12097521,2022.0,17.0,4.0,109.0,25.0,2323.0,410.0,13.0,221.0,26.0,9.0,1.0,195.0,0.0,0.0,0.0,1.0,34.0,6.0,254.0,0.0,492.0,4500.0,1018.0,644.0
Osceola-12097522,2060.0,14.0,7.0,77.0,25.0,1473.0,352.0,5.0,159.0,9.0,1.0,1.0,143.0,0.0,0.0,0.0,0.0,21.0,1.0,154.0,0.0,258.0,3656.0,588.0,516.0
Osceola-12097550,375.0,1.0,1.0,31.0,7.0,596.0,60.0,8.0,51.0,7.0,4.0,0.0,38.0,0.0,0.0,0.0,0.0,14.0,0.0,53.0,0.0,123.0,1011.0,239.0,119.0
Osceola-12097551,0.0,0.0,0.0,0.0,0.0,0.0,0.0,0.0,0.0,0.0,0.0,0.0,0.0,0.0,0.0,0.0,0.0,0.0,0.0,0.0,0.0,0.0,0.0,0.0,0.0
Osceola-12097552,0.0,0.0,0.0,0.0,0.0,0.0,0.0,0.0,0.0,0.0,0.0,0.0,0.0,0.0,0.0,0.0,0.0,0.0,0.0,0.0,0.0,0.0,0.0,0.0,0.0
Osceola-12097553,0.0,0.0,0.0,0.0,0.0,0.0,0.0,0.0,0.0,0.0,0.0,0.0,0.0,0.0,0.0,0.0,0.0,0.0,0.0,0.0,0.0,0.0,0.0,0.0,0.0
Osceola-12097570,109.0,0.0,0.0,3.0,1.0,48.0,14.0,0.0,5.0,1.0,0.0,0.0,1.0,0.0,0.0,0.0,0.0,0.0,0.0,4.0,0.0,3.0,161.0,9.0,19.0
Osceola-12097571,35.0,0.0,0.0,2.0,0.0,25.0,5.0,0.0,0.0,0.0,0.0,0.0,0.0,0.0,0.0,0.0,0.0,0.0,0.0,0.0,0.0,1.0,62.0,1.0,5.0
Osceola-12097999,52.0,0.0,0.0,0.0,1.0,7.0,0.0,0.0,0.0,0.0,0.0,0.0,0.0,0.0,0.0,0.0,0.0,0.0,0.0,0.0,0.0,0.0,60.0,0.0,0.0
"Palm Beach-120991018 1002, 1004, 1006, 1008, 1010, 1012, 1014",609.0,1.0,0.0,43.0,4.0,1254.0,145.0,6.0,112.0,2.0,2.0,0.0,133.0,1.0,0.0,0.0,0.0,36.0,0.0,105.0,0.0,308.0,1911.0,587.0,263.0
Palm Beach-120991022 1022,657.0,3.0,1.0,53.0,15.0,1269.0,169.0,14.0,118.0,4.0,2.0,0.0,109.0,0.0,0.0,0.0,1.0,38.0,0.0,113.0,0.0,287.0,1998.0,554.0,301.0
"Palm Beach-120991024 1024, 1026, 1030, 1036",2.0,0.0,0.0,0.0,0.0,2.0,0.0,0.0,0.0,0.0,0.0,0.0,0.0,0.0,0.0,0.0,0.0,0.0,0.0,0.0,0.0,0.0,4.0,0.0,0.0
"Palm Beach-120991026 1024, 1026, 1030, 1036",352.0,0.0,0.0,20.0,5.0,601.0,88.0,1.0,47.0,0.0,2.0,0.0,58.0,0.0,0.0,0.0,0.0,20.0,0.0,59.0,1.0,174.0,978.0,314.0,136.0
Palm Beach-120991028 1028,514.0,2.0,1.0,29.0,8.0,964.0,123.0,7.0,95.0,7.0,4.0,0.0,76.0,1.0,0.0,0.0,0.0,15.0,2.0,86.0,0.0,240.0,1518.0,431.0,225.0
"Palm Beach-120991030 1024, 1026, 1030, 1036",24.0,0.0,0.0,3.0,0.0,36.0,9.0,0.0,5.0,0.0,0.0,0.0,1.0,0.0,0.0,0.0,0.0,4.0,0.0,5.0,0.0,11.0,63.0,21.0,14.0
Palm Beach-120991032 1032,312.0,3.0,1.0,16.0,4.0,577.0,55.0,3.0,62.0,1.0,3.0,0.0,52.0,0.0,0.0,0.0,0.0,16.0,1.0,38.0,0.0,142.0,913.0,253.0,120.0
"Palm Beach-120991034 1034, 1040, 1042, 1046, 1056, 1060",139.0,1.0,0.0,7.0,0.0,277.0,31.0,3.0,12.0,1.0,0.0,0.0,11.0,0.0,0.0,0.0,0.0,13.0,0.0,36.0,0.0,66.0,424.0,127.0,46.0
"Palm Beach-120991038 1038, 1182",790.0,6.0,1.0,63.0,16.0,1294.0,157.0,8.0,126.0,5.0,5.0,0.0,103.0,0.0,0.0,0.0,0.0,46.0,0.0,140.0,0.0,325.0,2170.0,624.0,291.0
"Palm Beach-120991040 1034, 1040, 1042, 1046, 1056, 1060",293.0,0.0,0.0,22.0,5.0,439.0,53.0,1.0,20.0,0.0,0.0,0.0,26.0,1.0,0.0,0.0,0.0,23.0,0.0,38.0,0.0,107.0,759.0,195.0,74.0
"Palm Beach-120991044 1044, 1054",315.0,1.0,0.0,9.0,0.0,57.0,90.0,1.0,22.0,1.0,0.0,0.0,1.0,0.0,0.0,0.0,0.0,1.0,0.0,4.0,0.0,13.0,382.0,20.0,113.0
"Palm Beach-120991046 1034, 1040, 1042, 1046, 1056, 1060",237.0,0.0,0.0,9.0,2.0,111.0,44.0,1.0,26.0,0.0,2.0,0.0,11.0,0.0,0.0,0.0,0.0,3.0,1.0,9.0,0.0,15.0,359.0,41.0,71.0
"Palm Beach-120991048 1048, 1058",362.0,0.0,0.0,13.0,1.0,528.0,116.0,3.0,49.0,2.0,1.0,0.0,37.0,0.0,0.0,0.0,0.0,13.0,0.0,61.0,1.0,135.0,904.0,250.0,168.0
Palm Beach-120991050 1050,504.0,0.0,1.0,35.0,5.0,680.0,114.0,4.0,72.0,2.0,1.0,0.0,43.0,1.0,0.0,0.0,1.0,43.0,1.0,111.0,1.0,156.0,1225.0,360.0,190.0
Palm Beach-120991052 1052,945.0,6.0,2.0,63.0,22.0,1155.0,179.0,12.0,144.0,7.0,3.0,0.0,94.0,1.0,0.0,0.0,0.0,39.0,2.0,131.0,0.0,213.0,2193.0,490.0,335.0
"Palm Beach-120991054 1044, 1054",784.0,2.0,0.0,54.0,10.0,1078.0,184.0,7.0,94.0,4.0,3.0,0.0,84.0,0.0,0.0,0.0,1.0,70.0,2.0,209.0,1.0,293.0,1928.0,667.0,285.0
"Palm Beach-120991056 1034, 1040, 1042, 1046, 1056, 1060",504.0,1.0,0.0,34.0,18.0,609.0,125.0,6.0,79.0,5.0,1.0,2.0,31.0,2.0,0.0,0.0,0.0,15.0,1.0,52.0,1.0,138.0,1166.0,248.0,210.0
"Palm Beach-120991058 1048, 1058",786.0,11.0,3.0,37.0,13.0,863.0,182.0,7.0,110.0,1.0,1.0,0.0,63.0,2.0,0.0,0.0,0.0,29.0,2.0,86.0,0.0,191.0,1713.0,375.0,299.0
"Palm Beach-120991060 1034, 1040, 1042, 1046, 1056, 1060",58.0,2.0,0.0,6.0,3.0,95.0,8.0,1.0,7.0,2.0,0.0,0.0,3.0,0.0,0.0,0.0,0.0,0.0,0.0,4.0,0.0,17.0,164.0,26.0,16.0
Palm Beach-120991062 1062,697.0,6.0,3.0,45.0,8.0,1055.0,161.0,5.0,93.0,7.0,5.0,0.0,102.0,1.0,0.0,0.0,0.0,76.0,1.0,192.0,0.0,287.0,1814.0,671.0,259.0
"Palm Beach-120991064 1064, 1066, 1068, 1070",86.0,0.0,0.0,2.0,2.0,110.0,21.0,0.0,7.0,2.0,0.0,0.0,24.0,0.0,0.0,0.0,0.0,6.0,0.0,18.0,0.0,29.0,200.0,79.0,28.0
"Palm Beach-120991066 1064, 1066, 1068, 1070",0.0,0.0,0.0,0.0,0.0,0.0,0.0,0.0,0.0,0.0,0.0,0.0,1.0,0.0,0.0,0.0,0.0,0.0,0.0,0.0,0.0,1.0,0.0,2.0,0.0
"Palm Beach-120991068 1064, 1066, 1068, 1070",567.0,4.0,0.0,26.0,7.0,771.0,127.0,4.0,76.0,3.0,3.0,0.0,50.0,0.0,0.0,0.0,1.0,26.0,0.0,68.0,0.0,170.0,1375.0,321.0,207.0
"Palm Beach-120991070 1064, 1066, 1068, 1070",68.0,0.0,1.0,3.0,6.0,80.0,11.0,0.0,11.0,0.0,0.0,0.0,10.0,0.0,0.0,0.0,0.0,0.0,1.0,6.0,0.0,11.0,158.0,28.0,22.0
Palm Beach-120991072 1072,790.0,7.0,0.0,32.0,11.0,1074.0,173.0,8.0,116.0,3.0,2.0,0.0,60.0,0.0,0.0,0.0,1.0,72.0,0.0,173.0,0.0,282.0,1914.0,593.0,297.0
Palm Beach-120991074 1074,1158.0,3.0,1.0,72.0,11.0,1442.0,244.0,7.0,126.0,5.0,4.0,0.0,87.0,0.0,0.0,0.0,1.0,87.0,1.0,204.0,0.0,354.0,2687.0,743.0,377.0
Palm Beach-120991076 1076,619.0,1.0,0.0,42.0,8.0,668.0,97.0,3.0,105.0,2.0,0.0,0.0,23.0,1.0,0.0,0.0,0.0,29.0,0.0,67.0,0.0,146.0,1338.0,268.0,205.0
"Palm Beach-120991078 1078, 1088, 1094",412.0,0.0,3.0,40.0,5.0,822.0,108.0,3.0,55.0,3.0,1.0,0.0,57.0,1.0,0.0,0.0,0.0,61.0,0.0,135.0,0.0,239.0,1282.0,497.0,166.0
"Palm Beach-120991080 1080, 1082, 1084, 1096",80.0,0.0,0.0,5.0,2.0,155.0,20.0,0.0,12.0,0.0,0.0,0.0,9.0,0.0,0.0,0.0,0.0,4.0,0.0,13.0,0.0,38.0,242.0,64.0,32.0
"Palm Beach-120991082 1080, 1082, 1084, 1096",86.0,0.0,0.0,6.0,3.0,137.0,20.0,0.0,16.0,1.0,1.0,0.0,12.0,0.0,0.0,0.0,0.0,6.0,0.0,27.0,0.0,29.0,232.0,76.0,36.0
"Palm Beach-120991084 1080, 1082, 1084, 1096",8.0,0.0,0.0,2.0,0.0,39.0,2.0,1.0,0.0,0.0,0.0,0.0,2.0,0.0,0.0,0.0,0.0,3.0,0.0,7.0,0.0,13.0,49.0,25.0,3.0
"Palm Beach-120991088 1078, 1088, 1094",15.0,0.0,0.0,2.0,0.0,44.0,1.0,1.0,2.0,2.0,0.0,0.0,3.0,0.0,0.0,0.0,0.0,1.0,0.0,3.0,0.0,11.0,61.0,20.0,4.0
"Palm Beach-120991094 1078, 1088, 1094",607.0,0.0,1.0,36.0,11.0,865.0,129.0,7.0,98.0,5.0,3.0,0.0,64.0,0.0,0.0,0.0,2.0,43.0,0.0,97.0,0.0,210.0,1520.0,424.0,234.0
"Palm Beach-120991096 1080, 1082, 1084, 1096",45.0,0.0,0.0,4.0,0.0,79.0,11.0,0.0,4.0,1.0,1.0,0.0,7.0,0.0,0.0,0.0,0.0,7.0,0.0,9.0,0.0,13.0,128.0,38.0,15.0
"Palm Beach-120991098 1098, 1124",259.0,1.0,0.0,14.0,7.0,463.0,65.0,6.0,61.0,4.0,1.0,0.0,38.0,0.0,0.0,0.0,0.0,15.0,0.0,43.0,0.0,110.0,744.0,211.0,132.0
Palm Beach-120991100 1100,389.0,1.0,1.0,19.0,7.0,461.0,86.0,2.0,45.0,5.0,0.0,0.0,35.0,0.0,0.0,0.0,0.0,19.0,2.0,44.0,0.0,116.0,878.0,221.0,133.0
Palm Beach-120991102 1102,714.0,4.0,2.0,44.0,8.0,889.0,144.0,4.0,91.0,4.0,3.0,0.0,47.0,0.0,0.0,0.0,0.0,40.0,1.0,98.0,0.0,175.0,1661.0,368.0,239.0
Palm Beach-120991104 1104,446.0,2.0,1.0,35.0,12.0,546.0,80.0,4.0,53.0,3.0,3.0,0.0,14.0,0.0,0.0,0.0,0.0,15.0,0.0,62.0,0.0,144.0,1042.0,241.0,137.0
Palm Beach-120991106 1106,391.0,1.0,0.0,23.0,3.0,531.0,76.0,3.0,42.0,0.0,0.0,0.0,18.0,0.0,0.0,0.0,0.0,27.0,0.0,83.0,0.0,122.0,949.0,250.0,121.0
"Palm Beach-120991108 1108, 1146",647.0,2.0,0.0,39.0,2.0,746.0,130.0,2.0,75.0,0.0,3.0,1.0,48.0,0.0,0.0,0.0,1.0,40.0,0.0,89.0,1.0,192.0,1436.0,375.0,207.0
"Palm Beach-120991110 1110, 1112, 1114, 1116, 1118",102.0,0.0,0.0,8.0,6.0,126.0,13.0,0.0,13.0,0.0,0.0,0.0,10.0,0.0,0.0,1.0,0.0,3.0,0.0,14.0,0.0,19.0,242.0,47.0,26.0
"Palm Beach-120991112 1110, 1112, 1114, 1116, 1118",26.0,0.0,0.0,3.0,0.0,60.0,4.0,0.0,3.0,0.0,0.0,0.0,3.0,0.0,0.0,0.0,0.0,2.0,0.0,7.0,0.0,14.0,89.0,26.0,7.0
"Palm Beach-120991114 1110, 1112, 1114, 1116, 1118",129.0,0.0,0.0,7.0,0.0,307.0,40.0,0.0,12.0,4.0,0.0,0.0,26.0,0.0,0.0,0.0,0.0,33.0,0.0,37.0,1.0,100.0,443.0,201.0,52.0
"Palm Beach-120991118 1110, 1112, 1114, 1116, 1118",175.0,1.0,0.0,10.0,6.0,250.0,31.0,0.0,18.0,0.0,2.0,0.0,20.0,0.0,0.0,0.0,0.0,14.0,0.0,21.0,0.0,56.0,442.0,113.0,49.0
"Palm Beach-120991120 1120, 1122",91.0,0.0,0.0,4.0,1.0,205.0,20.0,2.0,12.0,0.0,2.0,0.0,12.0,0.0,0.0,0.0,0.0,15.0,0.0,33.0,0.0,73.0,301.0,135.0,34.0
"Palm Beach-120991122 1120, 1122",39.0,0.0,0.0,0.0,0.0,90.0,12.0,0.0,4.0,1.0,0.0,0.0,5.0,0.0,0.0,0.0,0.0,4.0,0.0,8.0,0.0,26.0,129.0,44.0,16.0
"Palm Beach-120991124 1098, 1124",1.0,0.0,0.0,0.0,0.0,2.0,0.0,0.0,0.0,0.0,0.0,0.0,1.0,0.0,0.0,0.0,0.0,0.0,0.0,0.0,0.0,1.0,3.0,2.0,0.0
"Palm Beach-120991126 1126, 1130, 1132, 1134",470.0,1.0,0.0,23.0,5.0,903.0,155.0,6.0,52.0,8.0,2.0,0.0,49.0,0.0,0.0,0.0,1.0,62.0,1.0,114.0,2.0,272.0,1402.0,511.0,213.0
Palm Beach-120991128 1128,102.0,2.0,0.0,1.0,0.0,200.0,34.0,2.0,8.0,0.0,0.0,0.0,9.0,0.0,0.0,0.0,0.0,22.0,0.0,38.0,0.0,62.0,305.0,131.0,44.0
"Palm Beach-120991130 1126, 1130, 1132, 1134",0.0,0.0,0.0,0.0,0.0,4.0,1.0,0.0,0.0,0.0,0.0,0.0,3.0,0.0,0.0,0.0,0.0,0.0,0.0,0.0,0.0,0.0,4.0,3.0,1.0
Palm Beach-120991136 1136,613.0,2.0,1.0,26.0,5.0,956.0,158.0,4.0,69.0,5.0,2.0,0.0,50.0,1.0,0.0,0.0,0.0,64.0,0.0,99.0,0.0,306.0,1603.0,527.0,231.0
Palm Beach-120991138 1138,338.0,0.0,0.0,17.0,4.0,777.0,85.0,2.0,28.0,4.0,1.0,1.0,53.0,0.0,0.0,0.0,1.0,108.0,0.0,146.0,0.0,248.0,1136.0,562.0,115.0
"Palm Beach-120991140 1140, 1164",365.0,0.0,0.0,9.0,1.0,610.0,106.0,1.0,18.0,4.0,1.0,1.0,23.0,0.0,0.0,0.0,0.0,57.0,0.0,115.0,0.0,225.0,985.0,426.0,125.0
"Palm Beach-120991142 1142, 1144",351.0,1.0,1.0,13.0,4.0,597.0,94.0,4.0,44.0,2.0,1.0,0.0,27.0,1.0,0.0,0.0,0.0,42.0,0.0,70.0,1.0,192.0,967.0,336.0,142.0
"Palm Beach-120991144 1142, 1144",568.0,3.0,0.0,28.0,4.0,804.0,161.0,7.0,106.0,1.0,2.0,0.0,38.0,0.0,0.0,0.0,0.0,39.0,0.0,100.0,0.0,242.0,1407.0,422.0,274.0
"Palm Beach-120991146 1108, 1146",20.0,0.0,0.0,5.0,0.0,30.0,7.0,0.0,0.0,0.0,0.0,0.0,1.0,0.0,0.0,0.0,0.0,4.0,0.0,6.0,0.0,12.0,55.0,23.0,7.0
"Palm Beach-120991148 1148,1150, 1152, 1216",414.0,0.0,0.0,16.0,8.0,586.0,117.0,7.0,73.0,1.0,0.0,0.0,40.0,0.0,0.0,0.0,0.0,27.0,1.0,60.0,0.0,158.0,1024.0,287.0,197.0
"Palm Beach-120991152 1148,1150, 1152, 1216",36.0,0.0,0.0,2.0,0.0,53.0,10.0,0.0,7.0,0.0,0.0,0.0,4.0,0.0,0.0,0.0,0.0,4.0,0.0,0.0,0.0,10.0,91.0,18.0,17.0
"Palm Beach-120991154 1154, 1156, 1158, 1160, 1162, 1166, 1168",148.0,0.0,0.0,8.0,2.0,267.0,30.0,0.0,21.0,0.0,1.0,0.0,16.0,0.0,0.0,0.0,0.0,25.0,0.0,49.0,0.0,77.0,425.0,168.0,51.0
"Palm Beach-120991156 1154, 1156, 1158, 1160, 1162, 1166, 1168",0.0,0.0,0.0,0.0,0.0,1.0,0.0,0.0,0.0,0.0,0.0,0.0,0.0,0.0,0.0,0.0,0.0,0.0,0.0,0.0,0.0,1.0,1.0,1.0,0.0
"Palm Beach-120991158 1154, 1156, 1158, 1160, 1162, 1166, 1168",1.0,0.0,0.0,0.0,0.0,2.0,0.0,0.0,0.0,0.0,0.0,0.0,0.0,0.0,0.0,0.0,0.0,1.0,0.0,0.0,0.0,0.0,3.0,1.0,0.0
"Palm Beach-120991160 1154, 1156, 1158, 1160, 1162, 1166, 1168",3.0,0.0,0.0,0.0,0.0,0.0,0.0,0.0,0.0,0.0,0.0,0.0,0.0,0.0,0.0,0.0,0.0,0.0,0.0,0.0,0.0,0.0,3.0,0.0,0.0
"Palm Beach-120991162 1154, 1156, 1158, 1160, 1162, 1166, 1168",2.0,0.0,0.0,0.0,0.0,3.0,0.0,0.0,0.0,0.0,0.0,0.0,0.0,0.0,0.0,0.0,0.0,0.0,0.0,0.0,0.0,0.0,5.0,0.0,0.0
"Palm Beach-120991164 1140, 1164",42.0,0.0,0.0,2.0,0.0,111.0,5.0,1.0,0.0,0.0,0.0,0.0,2.0,0.0,0.0,0.0,0.0,11.0,0.0,12.0,0.0,39.0,155.0,64.0,6.0
"Palm Beach-120991166 1154, 1156, 1158, 1160, 1162, 1166, 1168",10.0,0.0,0.0,2.0,0.0,22.0,1.0,0.0,2.0,0.0,0.0,0.0,0.0,0.0,0.0,0.0,0.0,3.0,0.0,1.0,0.0,6.0,34.0,10.0,3.0
"Palm Beach-120991168 1154, 1156, 1158, 1160, 1162, 1166, 1168",0.0,0.0,0.0,0.0,0.0,1.0,0.0,0.0,0.0,0.0,0.0,0.0,0.0,0.0,0.0,0.0,0.0,0.0,0.0,0.0,0.0,0.0,1.0,0.0,0.0
"Palm Beach-120991172 1170, 1172",0.0,0.0,0.0,0.0,0.0,0.0,41.0,3.0,40.0,5.0,1.0,0.0,31.0,0.0,0.0,0.0,0.0,13.0,0.0,33.0,0.0,110.0,0.0,193.0,84.0
"Palm Beach-120991172 1170, 1172, 1173",140.0,0.0,0.0,3.0,1.0,228.0,0.0,0.0,0.0,0.0,0.0,0.0,0.0,0.0,0.0,0.0,0.0,0.0,0.0,0.0,0.0,0.0,372.0,0.0,0.0
"Palm Beach-120991173 1170, 1172, 1173",71.0,0.0,0.0,5.0,0.0,119.0,0.0,0.0,0.0,0.0,0.0,0.0,0.0,0.0,0.0,0.0,0.0,0.0,0.0,0.0,0.0,0.0,195.0,0.0,0.0
Palm Beach-120991173 1173,71.0,0.0,0.0,5.0,0.0,119.0,0.0,0.0,0.0,0.0,0.0,0.0,0.0,0.0,0.0,0.0,0.0,0.0,0.0,0.0,0.0,0.0,195.0,0.0,0.0
"Palm Beach-120991180 1174, 1176, 1178, 1180, 1186, 1232, 1236, 1238",1.0,0.0,0.0,0.0,0.0,0.0,0.0,0.0,0.0,0.0,0.0,0.0,0.0,0.0,0.0,0.0,0.0,0.0,0.0,0.0,0.0,0.0,1.0,0.0,0.0
"Palm Beach-120991182 1038, 1182",143.0,3.0,0.0,8.0,0.0,255.0,37.0,1.0,26.0,0.0,1.0,0.0,27.0,0.0,0.0,0.0,0.0,8.0,0.0,42.0,0.0,53.0,409.0,131.0,64.0
Palm Beach-120991184 1184,621.0,1.0,0.0,17.0,2.0,552.0,246.0,4.0,55.0,4.0,0.0,0.0,12.0,0.0,0.0,0.0,1.0,41.0,0.0,95.0,0.0,172.0,1193.0,325.0,305.0
"Palm Beach-120991186 1174, 1176, 1178, 1180, 1186, 1232, 1236, 1238",591.0,2.0,0.0,11.0,4.0,496.0,183.0,3.0,41.0,0.0,0.0,2.0,32.0,0.0,0.0,0.0,0.0,30.0,0.0,80.0,1.0,130.0,1104.0,275.0,227.0
Palm Beach-120991188 1188,0.0,0.0,0.0,0.0,0.0,0.0,80.0,1.0,37.0,0.0,1.0,1.0,27.0,0.0,0.0,0.0,0.0,13.0,0.0,19.0,0.0,87.0,0.0,148.0,118.0
"Palm Beach-120991188 1188, 1189",341.0,1.0,1.0,9.0,4.0,324.0,0.0,0.0,0.0,0.0,0.0,0.0,0.0,0.0,0.0,0.0,0.0,0.0,0.0,0.0,0.0,0.0,680.0,0.0,0.0
"Palm Beach-120991189 1188, 1189",10.0,0.0,0.0,0.0,0.0,41.0,0.0,0.0,0.0,0.0,0.0,0.0,0.0,0.0,0.0,0.0,0.0,0.0,0.0,0.0,0.0,0.0,51.0,0.0,0.0
Palm Beach-120991189 1189,10.0,0.0,0.0,0.0,0.0,41.0,0.0,0.0,0.0,0.0,0.0,0.0,0.0,0.0,0.0,0.0,0.0,0.0,0.0,0.0,0.0,0.0,51.0,0.0,0.0
"Palm Beach-120991190 1190, 1196",1048.0,1.0,3.0,39.0,15.0,1376.0,229.0,5.0,108.0,6.0,1.0,1.0,76.0,0.0,0.0,0.0,0.0,64.0,0.0,158.0,1.0,360.0,2482.0,667.0,342.0
Palm Beach-120991192 1192,464.0,0.0,1.0,19.0,3.0,660.0,105.0,4.0,33.0,2.0,0.0,0.0,32.0,0.0,0.0,1.0,0.0,26.0,0.0,68.0,0.0,206.0,1147.0,335.0,142.0
Palm Beach-120991194 1194,800.0,3.0,1.0,23.0,2.0,855.0,234.0,2.0,56.0,2.0,0.0,0.0,22.0,1.0,0.0,0.0,0.0,86.0,0.0,188.0,0.0,243.0,1684.0,542.0,292.0
Palm Beach-120991198 1198,504.0,0.0,1.0,26.0,13.0,467.0,98.0,9.0,74.0,2.0,0.0,0.0,29.0,0.0,0.0,0.0,0.0,14.0,0.0,45.0,0.0,94.0,1011.0,184.0,181.0
"Palm Beach-120991200 1200, 1294, 1296, 1302",0.0,0.0,0.0,0.0,0.0,1.0,0.0,0.0,0.0,0.0,0.0,0.0,0.0,0.0,0.0,0.0,0.0,0.0,0.0,0.0,0.0,1.0,1.0,1.0,0.0
"Palm Beach-120991202 1202, 1300",588.0,3.0,1.0,34.0,2.0,1022.0,158.0,4.0,78.0,5.0,1.0,0.0,67.0,0.0,0.0,0.0,0.0,72.0,1.0,141.0,0.0,367.0,1650.0,654.0,240.0
"Palm Beach-120991204 1154, 1156, 1158, 1160, 1162, 1166, 1168",12.0,0.0,0.0,0.0,0.0,24.0,6.0,0.0,0.0,0.0,0.0,0.0,2.0,0.0,0.0,0.0,0.0,2.0,0.0,3.0,0.0,4.0,36.0,11.0,6.0
"Palm Beach-120991206 1154, 1156, 1158, 1160, 1162, 1166, 1168",13.0,0.0,0.0,1.0,0.0,62.0,4.0,0.0,0.0,0.0,0.0,0.0,1.0,0.0,0.0,0.0,0.0,3.0,0.0,2.0,0.0,31.0,76.0,37.0,4.0
"Palm Beach-120991208 1208, 1212",543.0,0.0,1.0,24.0,4.0,837.0,149.0,3.0,67.0,7.0,1.0,0.0,42.0,0.0,0.0,0.0,0.0,74.0,0.0,123.0,0.0,234.0,1409.0,481.0,219.0
"Palm Beach-120991210 1154, 1156, 1158, 1160, 1162, 1166, 1168",205.0,1.0,0.0,9.0,5.0,264.0,62.0,3.0,27.0,0.0,0.0,0.0,21.0,0.0,0.0,0.0,0.0,18.0,1.0,63.0,1.0,59.0,484.0,163.0,92.0
"Palm Beach-120991212 1208, 1212",40.0,0.0,0.0,2.0,2.0,59.0,12.0,0.0,8.0,1.0,0.0,0.0,2.0,0.0,0.0,0.0,0.0,2.0,0.0,9.0,0.0,22.0,103.0,36.0,20.0
Palm Beach-120991214 1214,306.0,1.0,1.0,10.0,1.0,439.0,96.0,3.0,32.0,7.0,3.0,1.0,33.0,0.0,0.0,1.0,0.0,46.0,0.0,62.0,2.0,147.0,758.0,302.0,131.0
"Palm Beach-120991216 1148,1150, 1152, 1216",160.0,3.0,0.0,14.0,0.0,220.0,36.0,2.0,19.0,4.0,0.0,0.0,19.0,0.0,0.0,0.0,0.0,32.0,0.0,36.0,0.0,56.0,397.0,147.0,57.0
"Palm Beach-120991228 1226, 1228",131.0,1.0,0.0,2.0,1.0,218.0,47.0,0.0,9.0,1.0,0.0,0.0,28.0,0.0,0.0,0.0,1.0,7.0,0.0,34.0,0.0,51.0,353.0,122.0,56.0
"Palm Beach-120991238 1174, 1176, 1178, 1180, 1186, 1232, 1236, 1238",646.0,0.0,1.0,21.0,4.0,715.0,173.0,0.0,31.0,1.0,0.0,1.0,14.0,0.0,1.0,0.0,0.0,49.0,0.0,161.0,0.0,199.0,1387.0,426.0,204.0
Palm Beach-120991240 1240,896.0,2.0,0.0,39.0,5.0,1034.0,265.0,5.0,93.0,12.0,1.0,1.0,76.0,1.0,0.0,0.0,0.0,88.0,0.0,172.0,0.0,330.0,1976.0,681.0,363.0
"Palm Beach-120991242 1222, 1230, 1234, 1242, 1244",994.0,0.0,1.0,20.0,6.0,992.0,348.0,10.0,85.0,6.0,2.0,0.0,63.0,0.0,0.0,0.0,0.0,88.0,0.0,163.0,0.0,290.0,2013.0,612.0,443.0
"Palm Beach-120991244 1222, 1230, 1234, 1242, 1244",536.0,0.0,2.0,11.0,3.0,634.0,183.0,4.0,57.0,6.0,1.0,1.0,40.0,0.0,0.0,2.0,1.0,41.0,1.0,89.0,0.0,197.0,1186.0,379.0,244.0
Palm Beach-120991246 1246,0.0,0.0,0.0,0.0,0.0,0.0,222.0,5.0,100.0,2.0,2.0,0.0,71.0,1.0,0.0,0.0,0.0,57.0,1.0,127.0,0.0,262.0,0.0,523.0,327.0
"Palm Beach-120991246 1246, 1247",863.0,1.0,1.0,33.0,17.0,882.0,0.0,0.0,0.0,0.0,0.0,0.0,0.0,0.0,0.0,0.0,0.0,0.0,0.0,0.0,0.0,0.0,1797.0,0.0,0.0
"Palm Beach-120991247 1246, 1247",42.0,0.0,0.0,1.0,0.0,138.0,0.0,0.0,0.0,0.0,0.0,0.0,0.0,0.0,0.0,0.0,0.0,0.0,0.0,0.0,0.0,0.0,181.0,0.0,0.0
Palm Beach-120991247 1247,42.0,0.0,0.0,1.0,0.0,138.0,0.0,0.0,0.0,0.0,0.0,0.0,0.0,0.0,0.0,0.0,0.0,0.0,0.0,0.0,0.0,0.0,181.0,0.0,0.0
"Palm Beach-120991248 1248, 1268, 1270",526.0,2.0,0.0,23.0,2.0,598.0,158.0,3.0,65.0,4.0,4.0,1.0,48.0,0.0,0.0,0.0,0.0,30.0,1.0,96.0,0.0,179.0,1151.0,363.0,226.0
"Palm Beach-120991250 1250, 1274, 1276",17.0,0.0,0.0,1.0,0.0,29.0,5.0,0.0,1.0,0.0,0.0,0.0,3.0,0.0,0.0,0.0,0.0,1.0,0.0,4.0,0.0,10.0,47.0,18.0,6.0
Palm Beach-120991252 1252,1098.0,1.0,0.0,26.0,4.0,905.0,378.0,6.0,70.0,4.0,0.0,1.0,19.0,1.0,0.0,0.0,0.0,101.0,0.0,186.0,0.0,277.0,2034.0,589.0,454.0
"Palm Beach-120991254 1254, 1352",198.0,0.0,0.0,7.0,2.0,160.0,45.0,1.0,26.0,1.0,2.0,0.0,13.0,0.0,0.0,0.0,0.0,19.0,0.0,27.0,0.0,39.0,367.0,101.0,72.0
"Palm Beach-120991256 1256, 1258",0.0,0.0,0.0,0.0,0.0,5.0,0.0,0.0,0.0,0.0,0.0,0.0,0.0,0.0,0.0,0.0,0.0,0.0,0.0,0.0,0.0,0.0,5.0,0.0,0.0
"Palm Beach-120991258 1256, 1258",284.0,3.0,1.0,8.0,8.0,209.0,52.0,4.0,31.0,0.0,0.0,1.0,16.0,0.0,0.0,0.0,0.0,2.0,0.0,24.0,0.0,29.0,513.0,72.0,87.0
"Palm Beach-120991260 1260, 1264, 1266",459.0,1.0,1.0,17.0,8.0,537.0,122.0,5.0,55.0,5.0,3.0,0.0,46.0,0.0,0.0,0.0,0.0,43.0,0.0,81.0,0.0,133.0,1023.0,311.0,182.0
"Palm Beach-120991262 1262, 1286, 1288, 1290, 1292, 1298, 1318",0.0,0.0,0.0,0.0,0.0,0.0,0.0,0.0,0.0,0.0,0.0,0.0,0.0,0.0,0.0,0.0,0.0,0.0,0.0,0.0,0.0,1.0,0.0,1.0,0.0
"Palm Beach-120991264 1260, 1264, 1266",0.0,0.0,0.0,0.0,0.0,1.0,0.0,0.0,0.0,0.0,0.0,0.0,0.0,0.0,0.0,0.0,0.0,0.0,0.0,0.0,0.0,1.0,1.0,1.0,0.0
"Palm Beach-120991266 1260, 1264, 1266",173.0,0.0,0.0,9.0,5.0,109.0,22.0,0.0,29.0,0.0,0.0,0.0,4.0,0.0,0.0,0.0,0.0,2.0,0.0,9.0,0.0,16.0,296.0,31.0,51.0
"Palm Beach-120991268 1248, 1268, 1270",100.0,2.0,0.0,3.0,6.0,56.0,12.0,2.0,10.0,0.0,0.0,0.0,2.0,0.0,0.0,0.0,0.0,0.0,0.0,3.0,0.0,8.0,167.0,13.0,24.0
"Palm Beach-120991270 1248, 1268, 1270",7.0,0.0,0.0,0.0,1.0,0.0,2.0,0.0,0.0,0.0,0.0,0.0,0.0,0.0,0.0,0.0,0.0,0.0,0.0,0.0,0.0,0.0,8.0,0.0,2.0
Palm Beach-120991272 1272,725.0,2.0,0.0,33.0,9.0,675.0,179.0,4.0,97.0,4.0,1.0,0.0,53.0,1.0,0.0,0.0,0.0,26.0,1.0,99.0,0.0,141.0,1444.0,326.0,280.0
"Palm Beach-120991274 1250, 1274, 1276",570.0,1.0,0.0,27.0,11.0,562.0,157.0,7.0,97.0,4.0,2.0,0.0,56.0,0.0,0.0,0.0,0.0,23.0,1.0,81.0,0.0,116.0,1171.0,283.0,261.0
"Palm Beach-120991276 1250, 1274, 1276",77.0,0.0,0.0,4.0,2.0,95.0,19.0,1.0,6.0,0.0,0.0,0.0,9.0,0.0,0.0,0.0,0.0,2.0,0.0,8.0,0.0,18.0,178.0,37.0,26.0
"Palm Beach-120991278 1278, 1360, 1372",328.0,1.0,0.0,19.0,9.0,190.0,51.0,2.0,37.0,0.0,0.0,1.0,15.0,0.0,0.0,0.0,0.0,4.0,1.0,16.0,1.0,40.0,547.0,78.0,90.0
"Palm Beach-120991280 1280, 1282, 1374",130.0,0.0,0.0,3.0,3.0,164.0,48.0,2.0,23.0,0.0,0.0,0.0,10.0,1.0,0.0,0.0,0.0,2.0,0.0,17.0,0.0,38.0,300.0,68.0,73.0
"Palm Beach-120991282 1280, 1282, 1374",42.0,0.0,1.0,3.0,1.0,59.0,10.0,0.0,8.0,0.0,0.0,0.0,1.0,0.0,0.0,0.0,0.0,1.0,0.0,2.0,0.0,11.0,106.0,15.0,18.0
"Palm Beach-120991284 1284, 1306, 1310, 1338, 1340",838.0,1.0,1.0,32.0,12.0,721.0,174.0,3.0,93.0,7.0,2.0,2.0,47.0,0.0,0.0,0.0,0.0,34.0,0.0,81.0,0.0,152.0,1605.0,325.0,270.0
"Palm Beach-120991286 1262, 1286, 1288, 1290, 1292, 1298, 1318",43.0,1.0,1.0,4.0,1.0,58.0,11.0,2.0,9.0,1.0,2.0,0.0,3.0,0.0,0.0,0.0,0.0,3.0,0.0,5.0,0.0,11.0,108.0,25.0,22.0
"Palm Beach-120991288 1262, 1286, 1288, 1290, 1292, 1298, 1318",14.0,0.0,0.0,0.0,2.0,11.0,4.0,0.0,3.0,0.0,0.0,0.0,4.0,0.0,0.0,0.0,0.0,1.0,0.0,2.0,0.0,1.0,27.0,8.0,7.0
"Palm Beach-120991290 1262, 1286, 1288, 1290, 1292, 1298, 1318",777.0,1.0,2.0,26.0,10.0,831.0,184.0,3.0,94.0,6.0,3.0,2.0,47.0,0.0,0.0,0.0,3.0,50.0,2.0,111.0,0.0,233.0,1647.0,457.0,281.0
"Palm Beach-120991292 1262, 1286, 1288, 1290, 1292, 1298, 1318",21.0,0.0,0.0,1.0,0.0,36.0,4.0,0.0,3.0,0.0,0.0,0.0,4.0,0.0,0.0,0.0,0.0,5.0,0.0,7.0,0.0,10.0,58.0,26.0,7.0
"Palm Beach-120991294 1200, 1294, 1296, 1302",27.0,0.0,0.0,1.0,0.0,74.0,5.0,0.0,3.0,3.0,1.0,0.0,6.0,0.0,0.0,0.0,0.0,7.0,0.0,14.0,0.0,20.0,102.0,51.0,8.0
"Palm Beach-120991296 1200, 1294, 1296, 1302",203.0,1.0,0.0,7.0,0.0,242.0,40.0,0.0,21.0,0.0,0.0,0.0,13.0,0.0,0.0,0.0,0.0,10.0,0.0,26.0,0.0,50.0,453.0,99.0,61.0
"Palm Beach-120991298 1262, 1286, 1288, 1290, 1292, 1298, 1318",34.0,0.0,0.0,0.0,0.0,34.0,16.0,0.0,1.0,0.0,0.0,0.0,5.0,0.0,0.0,0.0,1.0,7.0,0.0,2.0,0.0,7.0,68.0,22.0,17.0
"Palm Beach-120991300 1202, 1300",1.0,0.0,0.0,0.0,0.0,2.0,0.0,0.0,0.0,0.0,0.0,0.0,0.0,0.0,0.0,0.0,0.0,0.0,0.0,0.0,0.0,2.0,3.0,2.0,0.0
"Palm Beach-120991302 1200, 1294, 1296, 1302",32.0,1.0,0.0,4.0,1.0,61.0,8.0,0.0,7.0,0.0,1.0,0.0,6.0,0.0,0.0,0.0,0.0,3.0,0.0,5.0,0.0,17.0,99.0,32.0,15.0
"Palm Beach-120991304 1304, 1314, 1316, 1320, 1322",180.0,0.0,0.0,7.0,6.0,234.0,35.0,1.0,24.0,1.0,0.0,0.0,19.0,0.0,0.0,0.0,0.0,8.0,0.0,15.0,0.0,58.0,427.0,101.0,60.0
"Palm Beach-120991306 1284, 1306, 1310, 1338, 1340",1.0,0.0,0.0,1.0,0.0,0.0,2.0,0.0,0.0,0.0,0.0,0.0,0.0,0.0,0.0,0.0,0.0,0.0,0.0,0.0,0.0,0.0,2.0,0.0,2.0
"Palm Beach-120991308 1308, 1312, 1336",44.0,1.0,0.0,0.0,0.0,67.0,9.0,0.0,7.0,1.0,0.0,0.0,9.0,0.0,0.0,0.0,0.0,3.0,0.0,5.0,0.0,14.0,112.0,32.0,16.0
"Palm Beach-120991310 1284, 1306, 1310, 1338, 1340",1.0,0.0,0.0,0.0,0.0,2.0,0.0,0.0,0.0,0.0,0.0,0.0,0.0,0.0,0.0,0.0,0.0,0.0,0.0,0.0,0.0,0.0,3.0,0.0,0.0
"Palm Beach-120991312 1308, 1312, 1336",3.0,0.0,0.0,0.0,0.0,12.0,0.0,0.0,1.0,0.0,0.0,0.0,2.0,0.0,0.0,0.0,0.0,1.0,0.0,1.0,0.0,3.0,15.0,7.0,1.0
"Palm Beach-120991314 1304, 1314, 1316, 1320, 1322",60.0,0.0,0.0,5.0,0.0,120.0,20.0,1.0,4.0,0.0,0.0,0.0,6.0,0.0,0.0,0.0,0.0,7.0,0.0,24.0,0.0,44.0,185.0,81.0,25.0
"Palm Beach-120991316 1304, 1314, 1316, 1320, 1322",147.0,0.0,0.0,5.0,2.0,155.0,25.0,3.0,24.0,1.0,1.0,0.0,5.0,0.0,0.0,0.0,0.0,6.0,0.0,13.0,0.0,48.0,309.0,74.0,52.0
"Palm Beach-120991320 1304, 1314, 1316, 1320, 1322",38.0,0.0,0.0,3.0,0.0,115.0,8.0,1.0,3.0,0.0,0.0,0.0,3.0,0.0,0.0,0.0,0.0,3.0,0.0,20.0,0.0,48.0,156.0,74.0,12.0
"Palm Beach-120991322 1304, 1314, 1316, 1320, 1322",3.0,0.0,0.0,0.0,0.0,5.0,1.0,0.0,0.0,0.0,0.0,0.0,0.0,0.0,0.0,0.0,0.0,0.0,0.0,0.0,0.0,2.0,8.0,2.0,1.0
"Palm Beach-120991324 1324, 1326",443.0,2.0,2.0,21.0,11.0,471.0,86.0,3.0,60.0,4.0,0.0,0.0,25.0,0.0,0.0,0.0,0.0,17.0,0.0,52.0,0.0,91.0,950.0,189.0,149.0
"Palm Beach-120991326 1324, 1326",191.0,0.0,1.0,7.0,0.0,248.0,61.0,1.0,21.0,1.0,0.0,0.0,19.0,0.0,0.0,0.0,0.0,7.0,1.0,30.0,0.0,68.0,447.0,126.0,83.0
Palm Beach-120991328 1328,638.0,1.0,1.0,37.0,10.0,849.0,137.0,3.0,113.0,4.0,1.0,2.0,65.0,0.0,0.0,0.0,0.0,37.0,1.0,113.0,1.0,235.0,1536.0,459.0,253.0
"Palm Beach-120991330 1330, 1332, 1334",29.0,0.0,0.0,1.0,0.0,38.0,7.0,0.0,2.0,1.0,0.0,0.0,0.0,0.0,0.0,0.0,0.0,5.0,0.0,2.0,0.0,7.0,68.0,15.0,9.0
"Palm Beach-120991332 1330, 1332, 1334",304.0,0.0,1.0,19.0,9.0,373.0,78.0,0.0,39.0,4.0,1.0,0.0,23.0,0.0,0.0,0.0,0.0,17.0,0.0,38.0,0.0,75.0,706.0,158.0,117.0
"Palm Beach-120991334 1330, 1332, 1334",1.0,0.0,0.0,0.0,0.0,5.0,0.0,0.0,0.0,0.0,0.0,0.0,0.0,0.0,0.0,0.0,0.0,0.0,0.0,0.0,0.0,0.0,6.0,0.0,0.0
"Palm Beach-120991336 1308, 1312, 1336",44.0,0.0,0.0,1.0,0.0,91.0,14.0,1.0,4.0,5.0,0.0,0.0,9.0,0.0,0.0,0.0,0.0,4.0,0.0,9.0,0.0,33.0,136.0,60.0,19.0
"Palm Beach-120991338 1284, 1306, 1310, 1338, 1340",100.0,0.0,0.0,11.0,1.0,337.0,18.0,0.0,5.0,8.0,0.0,0.0,18.0,0.0,0.0,0.0,0.0,65.0,0.0,110.0,0.0,84.0,449.0,285.0,23.0
"Palm Beach-120991340 1284, 1306, 1310, 1338, 1340",2.0,0.0,0.0,0.0,0.0,8.0,2.0,0.0,1.0,0.0,0.0,0.0,0.0,0.0,0.0,0.0,0.0,3.0,0.0,1.0,0.0,1.0,10.0,5.0,3.0
"Palm Beach-120991342 1342, 1346",299.0,1.0,0.0,3.0,3.0,325.0,102.0,2.0,25.0,4.0,0.0,1.0,15.0,0.0,0.0,0.0,0.0,38.0,0.0,46.0,0.0,97.0,631.0,201.0,129.0
Palm Beach-120991344 1344,370.0,0.0,1.0,13.0,1.0,505.0,122.0,4.0,46.0,3.0,0.0,1.0,27.0,1.0,0.0,0.0,0.0,45.0,0.0,59.0,0.0,150.0,890.0,286.0,172.0
"Palm Beach-120991346 1342, 1346",598.0,1.0,1.0,25.0,1.0,830.0,202.0,3.0,70.0,4.0,1.0,1.0,45.0,1.0,0.0,0.0,1.0,85.0,0.0,140.0,1.0,250.0,1456.0,529.0,275.0
"Palm Beach-120991348 1348, 1380",44.0,0.0,0.0,1.0,1.0,117.0,14.0,0.0,3.0,0.0,0.0,0.0,8.0,0.0,0.0,0.0,0.0,4.0,0.0,20.0,0.0,37.0,163.0,69.0,17.0
Palm Beach-120991350 1350,407.0,5.0,0.0,27.0,8.0,608.0,98.0,5.0,68.0,1.0,1.0,1.0,53.0,0.0,0.0,1.0,0.0,32.0,0.0,56.0,0.0,139.0,1055.0,284.0,171.0
"Palm Beach-120991352 1254, 1352",725.0,3.0,0.0,28.0,3.0,880.0,151.0,5.0,90.0,4.0,2.0,0.0,53.0,0.0,0.0,0.0,0.0,40.0,0.0,135.0,0.0,189.0,1639.0,423.0,246.0
"Palm Beach-120991354 1354, 1362",100.0,0.0,0.0,4.0,3.0,164.0,27.0,2.0,17.0,0.0,4.0,0.0,16.0,0.0,0.0,0.0,0.0,10.0,0.0,21.0,0.0,35.0,271.0,86.0,46.0
Palm Beach-120991356 1356,780.0,3.0,2.0,33.0,5.0,453.0,193.0,6.0,109.0,3.0,1.0,0.0,32.0,0.0,0.0,0.0,0.0,11.0,0.0,41.0,0.0,111.0,1276.0,199.0,308.0
"Palm Beach-120991358 1358, 1364, 1368, 7014, 7016, 7018, 7020",7.0,0.0,0.0,0.0,0.0,1.0,7.0,0.0,1.0,0.0,0.0,0.0,0.0,0.0,0.0,0.0,0.0,0.0,0.0,0.0,0.0,0.0,8.0,0.0,8.0
"Palm Beach-120991360 1278, 1360, 1372",314.0,2.0,0.0,13.0,2.0,313.0,100.0,2.0,51.0,2.0,1.0,0.0,28.0,0.0,0.0,0.0,0.0,13.0,0.0,30.0,0.0,85.0,644.0,159.0,153.0
"Palm Beach-120991362 1354, 1362",167.0,1.0,0.0,8.0,2.0,116.0,28.0,0.0,9.0,1.0,0.0,0.0,2.0,0.0,0.0,0.0,0.0,2.0,1.0,13.0,0.0,28.0,294.0,47.0,37.0
"Palm Beach-120991364 1358, 1364, 1368, 7014, 7016, 7018, 7020",159.0,0.0,0.0,1.0,1.0,24.0,35.0,1.0,18.0,0.0,0.0,0.0,1.0,0.0,0.0,0.0,0.0,0.0,0.0,3.0,0.0,1.0,185.0,5.0,54.0
Palm Beach-120991366 1366,65.0,0.0,0.0,1.0,1.0,82.0,23.0,0.0,10.0,1.0,1.0,0.0,3.0,0.0,0.0,0.0,0.0,3.0,0.0,9.0,0.0,20.0,149.0,37.0,33.0
Palm Beach-120991370 1370,97.0,0.0,0.0,2.0,0.0,138.0,41.0,0.0,12.0,1.0,0.0,0.0,5.0,0.0,0.0,0.0,0.0,2.0,0.0,13.0,0.0,39.0,237.0,60.0,53.0
"Palm Beach-120991372 1278, 1360, 1372",72.0,0.0,0.0,0.0,1.0,27.0,14.0,0.0,4.0,0.0,0.0,0.0,4.0,0.0,0.0,0.0,0.0,0.0,0.0,1.0,0.0,3.0,100.0,8.0,18.0
"Palm Beach-120991374 1280, 1282, 1374",169.0,0.0,0.0,3.0,2.0,78.0,43.0,1.0,6.0,3.0,0.0,0.0,2.0,0.0,0.0,0.0,0.0,2.0,0.0,3.0,0.0,8.0,252.0,18.0,50.0
Palm Beach-120991378 1378,833.0,2.0,0.0,18.0,8.0,383.0,233.0,3.0,76.0,2.0,1.0,0.0,22.0,0.0,0.0,0.0,0.0,11.0,0.0,26.0,1.0,84.0,1244.0,147.0,312.0
"Palm Beach-120991380 1348, 1380",193.0,0.0,0.0,11.0,3.0,290.0,50.0,1.0,19.0,1.0,0.0,1.0,14.0,0.0,0.0,0.0,0.0,10.0,0.0,21.0,0.0,82.0,497.0,129.0,70.0
"Palm Beach-120991382 1376, 1382",259.0,0.0,1.0,8.0,0.0,362.0,60.0,1.0,29.0,0.0,0.0,0.0,9.0,1.0,0.0,0.0,0.0,16.0,0.0,34.0,0.0,99.0,630.0,159.0,90.0
"Palm Beach-120991384 1384, 1386",321.0,2.0,0.0,10.0,2.0,553.0,103.0,3.0,50.0,5.0,1.0,0.0,23.0,0.0,0.0,0.0,0.0,32.0,1.0,63.0,0.0,173.0,888.0,298.0,156.0
"Palm Beach-120991386 1384, 1386",639.0,2.0,1.0,32.0,6.0,1027.0,187.0,3.0,62.0,10.0,1.0,1.0,41.0,0.0,0.0,0.0,0.0,74.0,0.0,120.0,0.0,340.0,1707.0,587.0,252.0
Palm Beach-120991388 1388,272.0,0.0,0.0,14.0,3.0,427.0,77.0,4.0,41.0,8.0,2.0,0.0,26.0,1.0,0.0,1.0,1.0,40.0,0.0,48.0,0.0,146.0,716.0,273.0,122.0
"Palm Beach-120991390 1390, 1392",615.0,1.0,0.0,32.0,4.0,962.0,190.0,8.0,52.0,19.0,1.0,1.0,65.0,0.0,0.0,0.0,1.0,143.0,3.0,207.0,0.0,373.0,1614.0,813.0,250.0
"Palm Beach-120991392 1390, 1392",444.0,0.0,0.0,12.0,4.0,531.0,117.0,5.0,23.0,10.0,0.0,0.0,20.0,0.0,0.0,0.0,1.0,54.0,0.0,95.0,1.0,185.0,991.0,366.0,145.0
"Palm Beach-120991394 1394, 7154",354.0,0.0,0.0,18.0,3.0,523.0,81.0,4.0,31.0,10.0,0.0,0.0,31.0,0.0,0.0,0.0,1.0,50.0,0.0,110.0,0.0,211.0,898.0,413.0,116.0
"Palm Beach-120992002 2002, 2006, 2008, 2020, 2021",157.0,2.0,0.0,5.0,0.0,119.0,43.0,0.0,18.0,0.0,0.0,0.0,8.0,0.0,0.0,0.0,0.0,6.0,0.0,18.0,0.0,35.0,283.0,67.0,61.0
Palm Beach-120992004 2004,949.0,3.0,0.0,18.0,4.0,320.0,227.0,2.0,67.0,0.0,0.0,0.0,21.0,0.0,0.0,0.0,1.0,10.0,0.0,27.0,0.0,56.0,1294.0,115.0,296.0
"Palm Beach-120992006 2002, 2006, 2008, 2020, 2021",161.0,1.0,0.0,4.0,3.0,58.0,47.0,0.0,11.0,0.0,0.0,0.0,4.0,0.0,0.0,0.0,0.0,1.0,0.0,4.0,0.0,4.0,227.0,13.0,58.0
Palm Beach-120992010 2010,563.0,1.0,0.0,3.0,5.0,388.0,266.0,9.0,89.0,3.0,1.0,0.0,18.0,1.0,0.0,0.0,0.0,12.0,0.0,43.0,0.0,112.0,960.0,190.0,364.0
"Palm Beach-120992012 2012, 2026",38.0,0.0,0.0,1.0,0.0,23.0,9.0,0.0,5.0,0.0,0.0,0.0,0.0,0.0,0.0,0.0,0.0,0.0,0.0,4.0,0.0,8.0,62.0,12.0,14.0
Palm Beach-120992014 2014,845.0,1.0,0.0,7.0,1.0,648.0,338.0,10.0,97.0,1.0,2.0,0.0,47.0,0.0,1.0,0.0,0.0,25.0,0.0,81.0,3.0,196.0,1502.0,356.0,445.0
Palm Beach-120992016 2016,778.0,1.0,1.0,24.0,4.0,588.0,227.0,3.0,68.0,1.0,1.0,0.0,59.0,0.0,0.0,0.0,0.0,18.0,0.0,58.0,0.0,150.0,1396.0,287.0,298.0
"Palm Beach-120992018 2018, 2032, 2034, 2042",791.0,0.0,0.0,24.0,4.0,778.0,299.0,6.0,104.0,2.0,2.0,0.0,51.0,0.0,0.0,0.0,0.0,39.0,0.0,110.0,0.0,235.0,1597.0,439.0,409.0
"Palm Beach-120992020 2002, 2006, 2008, 2020, 2021",184.0,0.0,0.0,8.0,3.0,94.0,35.0,0.0,23.0,1.0,0.0,0.0,2.0,0.0,0.0,0.0,0.0,3.0,0.0,3.0,0.0,18.0,289.0,27.0,58.0
"Palm Beach-120992021 2002, 2006, 2008, 2020, 2021",178.0,1.0,0.0,5.0,1.0,47.0,26.0,1.0,8.0,0.0,0.0,0.0,1.0,0.0,0.0,0.0,0.0,0.0,0.0,1.0,0.0,12.0,232.0,14.0,35.0
"Palm Beach-120992022 2022, 2024, 2028",653.0,0.0,0.0,8.0,5.0,422.0,261.0,7.0,97.0,2.0,2.0,0.0,14.0,0.0,0.0,0.0,0.0,8.0,0.0,28.0,0.0,99.0,1088.0,153.0,365.0
"Palm Beach-120992024 2022, 2024, 2028",706.0,0.0,1.0,7.0,5.0,423.0,293.0,6.0,88.0,3.0,1.0,0.0,20.0,0.0,0.0,0.0,1.0,15.0,0.0,31.0,0.0,124.0,1142.0,195.0,387.0
"Palm Beach-120992026 2012, 2026",536.0,2.0,0.0,9.0,11.0,356.0,218.0,2.0,60.0,3.0,1.0,0.0,13.0,0.0,0.0,0.0,0.0,8.0,0.0,25.0,1.0,74.0,914.0,125.0,280.0
"Palm Beach-120992028 2022, 2024, 2028",293.0,0.0,2.0,0.0,4.0,215.0,129.0,2.0,39.0,1.0,0.0,0.0,4.0,0.0,0.0,0.0,0.0,2.0,0.0,13.0,0.0,62.0,514.0,82.0,170.0
Palm Beach-120992030 2030,485.0,0.0,0.0,10.0,5.0,151.0,79.0,0.0,35.0,2.0,0.0,0.0,7.0,0.0,0.0,0.0,0.0,2.0,0.0,14.0,0.0,26.0,651.0,51.0,114.0
"Palm Beach-120992032 2018, 2032, 2034, 2042",1.0,0.0,0.0,0.0,0.0,1.0,0.0,0.0,0.0,0.0,0.0,0.0,0.0,0.0,0.0,0.0,0.0,0.0,0.0,0.0,0.0,0.0,2.0,0.0,0.0
Palm Beach-120992036 2036,628.0,4.0,0.0,15.0,5.0,415.0,195.0,5.0,64.0,5.0,3.0,0.0,21.0,0.0,0.0,0.0,1.0,5.0,1.0,31.0,0.0,98.0,1067.0,165.0,264.0
Palm Beach-120992038 2038,681.0,0.0,2.0,5.0,9.0,170.0,193.0,2.0,71.0,0.0,2.0,0.0,14.0,0.0,0.0,0.0,0.0,2.0,0.0,16.0,0.0,31.0,867.0,65.0,266.0
Palm Beach-120992040 2040,688.0,0.0,2.0,18.0,5.0,237.0,252.0,6.0,72.0,0.0,1.0,0.0,29.0,1.0,0.0,0.0,0.0,11.0,1.0,42.0,0.0,48.0,950.0,133.0,330.0
Palm Beach-120992041 2041,504.0,0.0,0.0,6.0,7.0,186.0,0.0,0.0,0.0,0.0,0.0,0.0,0.0,0.0,0.0,0.0,0.0,0.0,0.0,0.0,0.0,0.0,703.0,0.0,0.0
Palm Beach-120992044 2044,873.0,2.0,1.0,14.0,12.0,271.0,212.0,4.0,89.0,2.0,3.0,0.0,21.0,0.0,0.0,0.0,2.0,5.0,0.0,31.0,0.0,68.0,1173.0,132.0,305.0
"Palm Beach-120992046 2046, 7136, 7140",380.0,2.0,1.0,12.0,2.0,219.0,98.0,2.0,37.0,2.0,1.0,0.0,17.0,0.0,0.0,0.0,0.0,5.0,0.0,20.0,0.0,31.0,616.0,76.0,137.0
"Palm Beach-120992048 2048, 2050, 2052, 2054",1.0,0.0,0.0,0.0,0.0,1.0,0.0,0.0,0.0,0.0,0.0,0.0,0.0,0.0,0.0,0.0,0.0,2.0,0.0,0.0,0.0,1.0,2.0,3.0,0.0
"Palm Beach-120992050 2048, 2050, 2052, 2054",13.0,0.0,0.0,2.0,0.0,19.0,5.0,0.0,1.0,0.0,0.0,0.0,1.0,0.0,0.0,0.0,0.0,0.0,0.0,0.0,0.0,0.0,34.0,1.0,6.0
"Palm Beach-120992052 2048, 2050, 2052, 2054",500.0,1.0,0.0,7.0,4.0,148.0,136.0,0.0,33.0,0.0,0.0,0.0,14.0,0.0,0.0,0.0,0.0,5.0,0.0,19.0,0.0,24.0,660.0,62.0,169.0
"Palm Beach-120992054 2048, 2050, 2052, 2054",1076.0,1.0,1.0,17.0,11.0,326.0,216.0,0.0,73.0,0.0,1.0,0.0,24.0,0.0,0.0,0.0,0.0,5.0,0.0,28.0,0.0,36.0,1432.0,94.0,289.0
"Palm Beach-120992056 2056, 2058, 7142, 7144, 7146",530.0,2.0,1.0,11.0,3.0,214.0,100.0,2.0,30.0,3.0,0.0,0.0,8.0,1.0,0.0,0.0,0.0,3.0,1.0,20.0,0.0,35.0,761.0,71.0,132.0
"Palm Beach-120992058 2056, 2058, 7142, 7144, 7146",0.0,0.0,0.0,0.0,0.0,1.0,0.0,0.0,0.0,0.0,0.0,0.0,0.0,0.0,0.0,0.0,0.0,0.0,0.0,0.0,0.0,0.0,1.0,0.0,0.0
Palm Beach-120992060 2060,294.0,0.0,2.0,3.0,0.0,184.0,38.0,0.0,18.0,1.0,1.0,0.0,5.0,0.0,0.0,0.0,0.0,3.0,0.0,14.0,0.0,32.0,483.0,56.0,56.0
"Palm Beach-120992062 2062, 2064, 2070, 2072, 2074",9.0,0.0,0.0,1.0,0.0,4.0,3.0,0.0,0.0,0.0,0.0,0.0,0.0,0.0,0.0,0.0,0.0,0.0,1.0,0.0,0.0,1.0,14.0,2.0,3.0
"Palm Beach-120992064 2062, 2064, 2070, 2072, 2074",1.0,0.0,0.0,0.0,0.0,1.0,0.0,0.0,0.0,0.0,0.0,0.0,0.0,0.0,0.0,0.0,0.0,0.0,0.0,0.0,0.0,1.0,2.0,1.0,0.0
"Palm Beach-120992066 2066, 7148, 7149, 7150",155.0,0.0,0.0,12.0,6.0,66.0,0.0,0.0,0.0,0.0,0.0,0.0,0.0,0.0,0.0,0.0,0.0,0.0,0.0,0.0,0.0,0.0,239.0,0.0,0.0
"Palm Beach-120992066 2066, 7148, 7150",0.0,0.0,0.0,0.0,0.0,0.0,38.0,0.0,24.0,0.0,1.0,0.0,1.0,0.0,0.0,0.0,0.0,2.0,0.0,8.0,0.0,15.0,0.0,27.0,62.0
Palm Beach-120992068 2068,430.0,1.0,1.0,17.0,13.0,192.0,83.0,4.0,47.0,1.0,0.0,0.0,11.0,0.0,0.0,0.0,0.0,7.0,1.0,34.0,0.0,33.0,654.0,87.0,134.0
"Palm Beach-120992070 2062, 2064, 2070, 2072, 2074",561.0,1.0,0.0,23.0,12.0,344.0,134.0,3.0,97.0,3.0,0.0,0.0,23.0,1.0,0.0,0.0,0.0,18.0,0.0,50.0,0.0,80.0,941.0,175.0,234.0
"Palm Beach-120992072 2062, 2064, 2070, 2072, 2074",497.0,1.0,0.0,16.0,13.0,232.0,90.0,1.0,40.0,4.0,0.0,0.0,11.0,0.0,0.0,0.0,0.0,6.0,0.0,36.0,0.0,37.0,759.0,94.0,131.0
"Palm Beach-120992076 2076, 2078",129.0,2.0,0.0,10.0,3.0,116.0,32.0,0.0,26.0,1.0,1.0,0.0,6.0,0.0,0.0,0.0,0.0,4.0,0.0,14.0,0.0,23.0,260.0,49.0,58.0
"Palm Beach-120992078 2076, 2078",530.0,1.0,1.0,21.0,10.0,512.0,167.0,3.0,73.0,2.0,2.0,0.0,25.0,1.0,0.0,0.0,0.0,40.0,0.0,72.0,0.0,174.0,1075.0,316.0,243.0
"Palm Beach-120992080 2080, 2081, 6178, 6180",162.0,0.0,1.0,6.0,1.0,165.0,0.0,0.0,0.0,0.0,0.0,0.0,0.0,0.0,0.0,0.0,0.0,0.0,0.0,0.0,0.0,0.0,335.0,0.0,0.0
"Palm Beach-120992080 2080, 6178, 6180",0.0,0.0,0.0,0.0,0.0,0.0,64.0,3.0,18.0,0.0,1.0,0.0,17.0,0.0,0.0,0.0,0.0,8.0,0.0,30.0,0.0,52.0,0.0,108.0,85.0
"Palm Beach-120992081 2080, 2081, 6178, 6180",48.0,0.0,0.0,4.0,1.0,82.0,0.0,0.0,0.0,0.0,0.0,0.0,0.0,0.0,0.0,0.0,0.0,0.0,0.0,0.0,0.0,0.0,135.0,0.0,0.0
Palm Beach-120992081 2081,48.0,0.0,0.0,4.0,1.0,82.0,0.0,0.0,0.0,0.0,0.0,0.0,0.0,0.0,0.0,0.0,0.0,0.0,0.0,0.0,0.0,0.0,135.0,0.0,0.0
"Palm Beach-120992082 2082, 2083, 2085, 2087, 2090, 2092, 2094",133.0,1.0,0.0,7.0,0.0,261.0,0.0,0.0,0.0,0.0,0.0,0.0,0.0,0.0,0.0,0.0,0.0,0.0,0.0,0.0,0.0,0.0,402.0,0.0,0.0
"Palm Beach-120992082 2082, 2090, 2092, 2094",0.0,0.0,0.0,0.0,0.0,0.0,32.0,2.0,32.0,0.0,1.0,1.0,30.0,0.0,0.0,1.0,0.0,8.0,1.0,34.0,0.0,70.0,0.0,146.0,66.0
"Palm Beach-120992083 2082, 2083, 2085, 2087, 2090, 2092, 2094",8.0,0.0,0.0,1.0,2.0,18.0,0.0,0.0,0.0,0.0,0.0,0.0,0.0,0.0,0.0,0.0,0.0,0.0,0.0,0.0,0.0,0.0,29.0,0.0,0.0
Palm Beach-120992083 2083,8.0,0.0,0.0,1.0,2.0,18.0,0.0,0.0,0.0,0.0,0.0,0.0,0.0,0.0,0.0,0.0,0.0,0.0,0.0,0.0,0.0,0.0,29.0,0.0,0.0
"Palm Beach-120992084 2084, 2086",286.0,1.0,0.0,8.0,2.0,116.0,69.0,0.0,23.0,0.0,0.0,0.0,11.0,0.0,0.0,0.0,0.0,1.0,0.0,11.0,0.0,17.0,413.0,40.0,92.0
"Palm Beach-120992086 2084, 2086",1150.0,3.0,2.0,34.0,14.0,582.0,218.0,7.0,92.0,2.0,1.0,0.0,38.0,0.0,0.0,0.0,0.0,11.0,0.0,73.0,1.0,116.0,1785.0,242.0,317.0
"Palm Beach-120992088 2088, 2098",720.0,7.0,0.0,26.0,17.0,500.0,169.0,1.0,82.0,6.0,2.0,0.0,51.0,0.0,0.0,0.0,2.0,11.0,0.0,66.0,0.0,95.0,1270.0,233.0,252.0
"Palm Beach-120992092 2082, 2083, 2085, 2087, 2090, 2092, 2094",1.0,0.0,0.0,0.0,0.0,8.0,0.0,0.0,0.0,0.0,0.0,0.0,0.0,0.0,0.0,0.0,0.0,0.0,0.0,0.0,0.0,0.0,9.0,0.0,0.0
"Palm Beach-120992092 2082, 2090, 2092, 2094",0.0,0.0,0.0,0.0,0.0,0.0,0.0,0.0,0.0,0.0,0.0,0.0,3.0,0.0,0.0,0.0,0.0,1.0,0.0,0.0,0.0,2.0,0.0,6.0,0.0
"Palm Beach-120992094 2082, 2083, 2085, 2087, 2090, 2092, 2094",339.0,3.0,0.0,8.0,2.0,72.0,0.0,0.0,0.0,0.0,0.0,0.0,0.0,0.0,0.0,0.0,0.0,0.0,0.0,0.0,0.0,0.0,424.0,0.0,0.0
"Palm Beach-120992094 2082, 2090, 2092, 2094",0.0,0.0,0.0,0.0,0.0,0.0,59.0,0.0,19.0,0.0,0.0,0.0,9.0,0.0,0.0,0.0,0.0,2.0,0.0,13.0,1.0,12.0,0.0,37.0,78.0
Palm Beach-120992096 2096,0.0,0.0,0.0,0.0,0.0,0.0,69.0,2.0,33.0,0.0,0.0,0.0,10.0,0.0,0.0,0.0,0.0,4.0,0.0,16.0,0.0,43.0,0.0,73.0,104.0
"Palm Beach-120992096 2096, 2097",190.0,1.0,0.0,4.0,4.0,61.0,0.0,0.0,0.0,0.0,0.0,0.0,0.0,0.0,0.0,0.0,0.0,0.0,0.0,0.0,0.0,0.0,260.0,0.0,0.0
"Palm Beach-120992097 2096, 2097",188.0,2.0,1.0,4.0,2.0,118.0,0.0,0.0,0.0,0.0,0.0,0.0,0.0,0.0,0.0,0.0,0.0,0.0,0.0,0.0,0.0,0.0,315.0,0.0,0.0
Palm Beach-120992097 2097,188.0,2.0,1.0,4.0,2.0,118.0,0.0,0.0,0.0,0.0,0.0,0.0,0.0,0.0,0.0,0.0,0.0,0.0,0.0,0.0,0.0,0.0,315.0,0.0,0.0
"Palm Beach-120992098 2088, 2098",398.0,1.0,1.0,6.0,1.0,185.0,64.0,2.0,27.0,1.0,0.0,0.0,5.0,0.0,0.0,0.0,0.0,5.0,0.0,12.0,0.0,27.0,592.0,50.0,93.0
"Palm Beach-120992100 2100, 2106",739.0,4.0,1.0,20.0,8.0,253.0,132.0,1.0,48.0,1.0,1.0,0.0,20.0,0.0,0.0,0.0,0.0,4.0,0.0,46.0,0.0,48.0,1025.0,120.0,181.0
Palm Beach-120992102 2102,1051.0,2.0,4.0,19.0,13.0,310.0,249.0,1.0,63.0,1.0,1.0,0.0,13.0,0.0,0.0,0.0,0.0,7.0,0.0,44.0,1.0,52.0,1399.0,119.0,313.0
"Palm Beach-120992104 2104, 2114",438.0,2.0,0.0,9.0,3.0,181.0,58.0,3.0,31.0,0.0,0.0,0.0,11.0,0.0,0.0,0.0,0.0,1.0,0.0,37.0,0.0,26.0,633.0,75.0,92.0
"Palm Beach-120992106 2100, 2106",538.0,1.0,1.0,18.0,6.0,259.0,117.0,3.0,55.0,2.0,0.0,0.0,17.0,0.0,0.0,0.0,0.0,4.0,1.0,17.0,1.0,33.0,823.0,75.0,175.0
"Palm Beach-120992108 2108, 2110",684.0,2.0,4.0,15.0,5.0,249.0,101.0,1.0,33.0,1.0,1.0,0.0,7.0,0.0,0.0,0.0,0.0,6.0,0.0,30.0,0.0,42.0,959.0,87.0,135.0
"Palm Beach-120992110 2108, 2110",165.0,0.0,0.0,5.0,0.0,85.0,24.0,0.0,16.0,1.0,0.0,0.0,5.0,0.0,0.0,0.0,0.0,2.0,0.0,9.0,0.0,14.0,255.0,31.0,40.0
"Palm Beach-120992112 2112, 2118, 2120, 2122, 2124, 2128, 3002",4.0,0.0,0.0,0.0,0.0,11.0,8.0,0.0,0.0,0.0,0.0,0.0,0.0,0.0,0.0,0.0,0.0,0.0,0.0,1.0,0.0,3.0,15.0,4.0,8.0
"Palm Beach-120992114 2104, 2114",319.0,2.0,1.0,6.0,3.0,234.0,68.0,3.0,23.0,2.0,0.0,0.0,14.0,0.0,0.0,0.0,0.0,3.0,1.0,36.0,0.0,32.0,565.0,88.0,94.0
"Palm Beach-120992115 2115, 2116, 2117",52.0,1.0,0.0,1.0,1.0,41.0,0.0,0.0,0.0,0.0,0.0,0.0,0.0,0.0,0.0,0.0,0.0,0.0,0.0,0.0,0.0,0.0,96.0,0.0,0.0
"Palm Beach-120992116 2115, 2116, 2117",773.0,2.0,1.0,38.0,13.0,528.0,0.0,0.0,0.0,0.0,0.0,0.0,0.0,0.0,0.0,0.0,0.0,0.0,0.0,0.0,0.0,0.0,1355.0,0.0,0.0
Palm Beach-120992116 2116,773.0,2.0,1.0,38.0,13.0,528.0,216.0,2.0,94.0,3.0,1.0,2.0,35.0,0.0,0.0,0.0,0.0,24.0,1.0,86.0,0.0,122.0,1355.0,274.0,312.0
"Palm Beach-120992120 2112, 2118, 2120, 2122, 2124, 2128, 3002",75.0,0.0,0.0,0.0,0.0,20.0,14.0,1.0,5.0,0.0,0.0,0.0,0.0,0.0,0.0,0.0,0.0,1.0,0.0,4.0,0.0,3.0,95.0,8.0,20.0
"Palm Beach-120992124 2112, 2118, 2120, 2122, 2124, 2128, 3002",7.0,0.0,0.0,0.0,0.0,2.0,1.0,0.0,0.0,0.0,0.0,0.0,0.0,0.0,0.0,0.0,0.0,0.0,0.0,0.0,0.0,1.0,9.0,1.0,1.0
"Palm Beach-120992125 2125, 2126",330.0,1.0,0.0,9.0,5.0,310.0,0.0,0.0,0.0,0.0,0.0,0.0,0.0,0.0,0.0,0.0,0.0,0.0,0.0,0.0,0.0,0.0,655.0,0.0,0.0
"Palm Beach-120992126 2125, 2126",253.0,4.0,0.0,12.0,8.0,271.0,0.0,0.0,0.0,0.0,0.0,0.0,0.0,0.0,0.0,0.0,0.0,0.0,0.0,0.0,0.0,0.0,548.0,0.0,0.0
Palm Beach-120992126 2126,253.0,4.0,0.0,12.0,8.0,271.0,132.0,8.0,80.0,5.0,1.0,1.0,45.0,1.0,0.0,1.0,0.0,19.0,0.0,104.0,0.0,123.0,548.0,300.0,220.0
"Palm Beach-120992127 2127, 3014",0.0,0.0,0.0,0.0,0.0,0.0,5.0,0.0,5.0,0.0,0.0,0.0,2.0,0.0,0.0,0.0,0.0,2.0,0.0,2.0,0.0,4.0,0.0,10.0,10.0
"Palm Beach-120992130 2130, 2132",40.0,0.0,0.0,6.0,3.0,59.0,17.0,0.0,9.0,0.0,0.0,0.0,1.0,0.0,1.0,1.0,0.0,0.0,1.0,6.0,0.0,16.0,108.0,26.0,26.0
"Palm Beach-120992132 2130, 2132",21.0,0.0,0.0,2.0,1.0,28.0,5.0,1.0,4.0,0.0,0.0,0.0,1.0,0.0,0.0,0.0,0.0,0.0,0.0,3.0,0.0,2.0,52.0,6.0,10.0
"Palm Beach-120992134 2134, 2138",451.0,1.0,2.0,5.0,11.0,260.0,84.0,2.0,47.0,1.0,1.0,0.0,12.0,0.0,0.0,0.0,0.0,4.0,0.0,43.0,0.0,53.0,730.0,114.0,133.0
Palm Beach-120992136 2136,584.0,0.0,4.0,19.0,11.0,334.0,97.0,2.0,87.0,4.0,2.0,0.0,21.0,0.0,0.0,0.0,0.0,5.0,0.0,89.0,0.0,40.0,952.0,161.0,186.0
"Palm Beach-120992138 2134, 2138",271.0,1.0,1.0,8.0,2.0,131.0,49.0,1.0,26.0,2.0,0.0,0.0,4.0,0.0,0.0,1.0,0.0,2.0,0.0,21.0,0.0,23.0,414.0,53.0,76.0
Palm Beach-120992140 2140,594.0,1.0,0.0,28.0,12.0,417.0,155.0,6.0,92.0,5.0,1.0,0.0,42.0,0.0,0.0,0.0,1.0,18.0,0.0,63.0,2.0,92.0,1052.0,224.0,253.0
"Palm Beach-120992142 2142, 2144",304.0,0.0,0.0,17.0,2.0,337.0,101.0,1.0,39.0,2.0,0.0,0.0,30.0,0.0,0.0,0.0,0.0,34.0,0.0,69.0,0.0,107.0,660.0,242.0,141.0
"Palm Beach-120992144 2142, 2144",417.0,1.0,0.0,21.0,5.0,389.0,151.0,1.0,70.0,1.0,2.0,0.0,23.0,0.0,0.0,0.0,0.0,26.0,0.0,91.0,1.0,110.0,833.0,254.0,222.0
Palm Beach-120992146 2146,587.0,1.0,0.0,13.0,6.0,639.0,193.0,8.0,99.0,4.0,1.0,0.0,35.0,0.0,0.0,0.0,0.0,39.0,0.0,66.0,0.0,190.0,1246.0,335.0,300.0
Palm Beach-120992150 2150,1033.0,3.0,0.0,10.0,5.0,602.0,286.0,4.0,111.0,5.0,1.0,1.0,36.0,0.0,0.0,0.0,1.0,23.0,0.0,65.0,0.0,162.0,1653.0,294.0,401.0
Palm Beach-120992152 2152,1088.0,5.0,2.0,20.0,5.0,516.0,269.0,2.0,96.0,1.0,0.0,1.0,32.0,0.0,0.0,0.0,0.0,13.0,1.0,55.0,0.0,102.0,1636.0,205.0,367.0
Palm Beach-120992154 2154,989.0,4.0,0.0,28.0,14.0,389.0,165.0,5.0,88.0,2.0,0.0,0.0,24.0,0.0,0.0,0.0,0.0,7.0,1.0,41.0,0.0,54.0,1424.0,129.0,258.0
Palm Beach-120992156 2156,587.0,4.0,1.0,14.0,5.0,352.0,192.0,3.0,74.0,3.0,1.0,0.0,30.0,0.0,0.0,0.0,0.0,9.0,5.0,54.0,0.0,86.0,963.0,188.0,269.0
"Palm Beach-120992158 2158, 3004, 3016",1087.0,2.0,0.0,17.0,10.0,381.0,181.0,2.0,79.0,1.0,0.0,0.0,27.0,1.0,0.0,1.0,0.0,5.0,0.0,41.0,0.0,61.0,1497.0,137.0,262.0
Palm Beach-120992160 2160,408.0,1.0,1.0,8.0,7.0,299.0,143.0,10.0,28.0,4.0,1.0,0.0,16.0,0.0,0.0,0.0,1.0,6.0,1.0,35.0,1.0,65.0,724.0,130.0,181.0
Palm Beach-120992162 2162,263.0,1.0,1.0,8.0,0.0,222.0,85.0,4.0,23.0,0.0,3.0,0.0,17.0,0.0,0.0,1.0,1.0,4.0,0.0,20.0,0.0,51.0,495.0,97.0,112.0
Palm Beach-120992164 2164,974.0,1.0,2.0,18.0,10.0,795.0,332.0,15.0,122.0,5.0,2.0,0.0,48.0,0.0,0.0,0.0,0.0,24.0,0.0,78.0,0.0,191.0,1800.0,348.0,469.0
Palm Beach-120992166 2166,815.0,1.0,0.0,15.0,3.0,463.0,298.0,2.0,105.0,2.0,0.0,1.0,23.0,0.0,0.0,0.0,1.0,12.0,1.0,37.0,0.0,100.0,1297.0,177.0,405.0
"Palm Beach-120992168 2168,2172,2174,2180",1.0,0.0,0.0,0.0,0.0,0.0,0.0,0.0,0.0,0.0,0.0,0.0,0.0,0.0,0.0,0.0,0.0,0.0,0.0,0.0,0.0,0.0,1.0,0.0,0.0
"Palm Beach-120992170 2148, 2170",1011.0,3.0,2.0,19.0,7.0,536.0,274.0,12.0,83.0,7.0,2.0,1.0,35.0,0.0,1.0,0.0,0.0,18.0,1.0,67.0,0.0,116.0,1578.0,248.0,369.0
"Palm Beach-120992172 2168,2172,2174,2176,2180",0.0,0.0,0.0,0.0,0.0,0.0,1.0,0.0,0.0,0.0,0.0,0.0,1.0,0.0,0.0,0.0,0.0,0.0,0.0,1.0,0.0,1.0,0.0,3.0,1.0
"Palm Beach-120992172 2168,2172,2174,2180",8.0,0.0,0.0,0.0,2.0,8.0,0.0,0.0,0.0,0.0,0.0,0.0,0.0,0.0,0.0,0.0,0.0,0.0,0.0,0.0,0.0,0.0,18.0,0.0,0.0
"Palm Beach-120992174 2168,2172,2174,2176,2180",0.0,0.0,0.0,0.0,0.0,0.0,112.0,4.0,46.0,5.0,0.0,0.0,18.0,0.0,0.0,0.0,0.0,8.0,0.0,25.0,0.0,42.0,0.0,98.0,162.0
"Palm Beach-120992174 2168,2172,2174,2180",385.0,1.0,0.0,9.0,2.0,237.0,0.0,0.0,0.0,0.0,0.0,0.0,0.0,0.0,0.0,0.0,0.0,0.0,0.0,0.0,0.0,0.0,634.0,0.0,0.0
Palm Beach-120992182 2182,508.0,0.0,0.0,17.0,3.0,243.0,86.0,2.0,61.0,1.0,1.0,0.0,7.0,0.0,0.0,0.0,0.0,4.0,0.0,21.0,0.0,50.0,771.0,84.0,149.0
"Palm Beach-120992184 2184,2186,2210,2212",976.0,1.0,1.0,21.0,3.0,427.0,194.0,3.0,77.0,5.0,0.0,0.0,24.0,1.0,0.0,0.0,0.0,8.0,0.0,44.0,0.0,68.0,1429.0,150.0,274.0
"Palm Beach-120992186 2184,2186,2210,2212",250.0,0.0,3.0,9.0,1.0,119.0,35.0,0.0,15.0,0.0,1.0,0.0,11.0,0.0,0.0,0.0,0.0,3.0,1.0,10.0,0.0,14.0,382.0,40.0,50.0
Palm Beach-120992188 2188,452.0,0.0,0.0,28.0,6.0,599.0,146.0,7.0,78.0,2.0,1.0,0.0,51.0,0.0,0.0,0.0,0.0,15.0,1.0,56.0,0.0,116.0,1085.0,242.0,231.0
Palm Beach-120992190 2190,916.0,3.0,0.0,16.0,11.0,621.0,347.0,5.0,87.0,1.0,4.0,0.0,44.0,0.0,1.0,0.0,0.0,12.0,0.0,51.0,1.0,133.0,1567.0,247.0,439.0
Palm Beach-120992192 2192,881.0,2.0,2.0,12.0,5.0,432.0,305.0,2.0,49.0,3.0,0.0,0.0,9.0,0.0,0.0,0.0,0.0,14.0,0.0,38.0,0.0,93.0,1334.0,157.0,356.0
"Palm Beach-120992194 2194, 2200, 2202",806.0,0.0,1.0,23.0,9.0,267.0,150.0,5.0,74.0,3.0,0.0,0.0,12.0,0.0,0.0,0.0,0.0,3.0,1.0,27.0,0.0,37.0,1106.0,83.0,229.0
Palm Beach-120992196 2196,718.0,3.0,1.0,14.0,4.0,536.0,267.0,8.0,64.0,8.0,2.0,2.0,26.0,0.0,0.0,0.0,0.0,23.0,0.0,61.0,0.0,133.0,1276.0,255.0,339.0
"Palm Beach-120992198 2198, 2208, 3080",7.0,0.0,0.0,0.0,0.0,15.0,2.0,0.0,2.0,0.0,0.0,0.0,3.0,0.0,0.0,0.0,0.0,0.0,0.0,3.0,0.0,3.0,22.0,9.0,4.0
"Palm Beach-120992200 2194, 2200, 2202",80.0,0.0,0.0,2.0,0.0,72.0,19.0,1.0,1.0,0.0,0.0,0.0,1.0,0.0,0.0,0.0,0.0,0.0,0.0,4.0,0.0,20.0,154.0,25.0,21.0
"Palm Beach-120992202 2194, 2200, 2202",1.0,0.0,0.0,0.0,0.0,4.0,0.0,0.0,0.0,0.0,0.0,0.0,0.0,0.0,0.0,0.0,0.0,0.0,0.0,0.0,0.0,1.0,5.0,1.0,0.0
"Palm Beach-120992204 2204, 2206",438.0,1.0,1.0,8.0,8.0,200.0,61.0,1.0,35.0,1.0,2.0,0.0,8.0,0.0,0.0,0.0,0.0,4.0,0.0,20.0,0.0,37.0,656.0,72.0,97.0
"Palm Beach-120992206 2204, 2206",423.0,1.0,1.0,11.0,3.0,160.0,59.0,1.0,37.0,1.0,0.0,0.0,4.0,1.0,0.0,0.0,0.0,1.0,0.0,24.0,0.0,33.0,599.0,64.0,97.0
"Palm Beach-120992208 2198, 2208, 3080",8.0,0.0,0.0,0.0,0.0,3.0,4.0,0.0,0.0,0.0,0.0,0.0,1.0,0.0,0.0,0.0,0.0,0.0,0.0,0.0,0.0,3.0,11.0,4.0,4.0
"Palm Beach-120992210 2184,2186,2210,2212",173.0,1.0,1.0,4.0,1.0,73.0,38.0,0.0,18.0,1.0,0.0,0.0,3.0,0.0,0.0,0.0,0.0,6.0,0.0,7.0,0.0,23.0,253.0,40.0,56.0
Palm Beach-120992214 2214,992.0,1.0,2.0,17.0,8.0,250.0,163.0,3.0,70.0,2.0,0.0,0.0,30.0,0.0,0.0,0.0,0.0,2.0,0.0,20.0,0.0,49.0,1270.0,103.0,236.0
Palm Beach-120992216 2216,1446.0,4.0,1.0,27.0,8.0,273.0,230.0,2.0,78.0,3.0,1.0,0.0,16.0,0.0,0.0,0.0,0.0,5.0,0.0,19.0,0.0,40.0,1759.0,84.0,310.0
"Palm Beach-120992218 2218, 3088",1010.0,2.0,2.0,24.0,7.0,372.0,218.0,4.0,87.0,2.0,0.0,0.0,15.0,0.0,0.0,0.0,0.0,6.0,0.0,36.0,0.0,66.0,1417.0,125.0,309.0
"Palm Beach-120993002 2112, 2118, 2120, 2122, 2124, 2128, 3002",708.0,0.0,2.0,11.0,8.0,287.0,126.0,3.0,55.0,1.0,1.0,0.0,13.0,0.0,0.0,0.0,0.0,7.0,0.0,39.0,1.0,55.0,1016.0,117.0,184.0
"Palm Beach-120993004 2158, 3004, 3016",57.0,0.0,0.0,2.0,0.0,33.0,6.0,0.0,3.0,0.0,0.0,0.0,0.0,0.0,0.0,0.0,0.0,0.0,0.0,4.0,0.0,4.0,92.0,8.0,9.0
Palm Beach-120993006 3006,886.0,2.0,2.0,21.0,9.0,582.0,208.0,5.0,99.0,7.0,0.0,0.0,31.0,0.0,0.0,0.0,1.0,11.0,0.0,81.0,0.0,127.0,1502.0,258.0,312.0
"Palm Beach-120993008 2112, 2118, 2120, 2122, 2124, 2128, 3002",1.0,0.0,0.0,0.0,0.0,1.0,0.0,0.0,0.0,0.0,0.0,0.0,0.0,0.0,0.0,0.0,0.0,0.0,0.0,0.0,0.0,0.0,2.0,0.0,0.0
Palm Beach-120993010 3010,219.0,0.0,0.0,5.0,4.0,172.0,48.0,0.0,23.0,1.0,0.0,0.0,16.0,1.0,0.0,1.0,0.0,3.0,0.0,22.0,0.0,14.0,400.0,58.0,71.0
Palm Beach-120993012 3012,585.0,3.0,3.0,19.0,6.0,538.0,176.0,5.0,59.0,8.0,1.0,0.0,37.0,1.0,0.0,0.0,0.0,15.0,0.0,103.0,0.0,118.0,1154.0,283.0,240.0
"Palm Beach-120993014 2127, 3014",971.0,2.0,7.0,42.0,13.0,1040.0,311.0,11.0,149.0,5.0,1.0,1.0,87.0,0.0,2.0,0.0,0.0,53.0,0.0,194.0,0.0,259.0,2075.0,602.0,471.0
"Palm Beach-120993016 2158, 3004, 3016",52.0,0.0,0.0,1.0,0.0,20.0,2.0,0.0,3.0,0.0,0.0,0.0,3.0,0.0,0.0,0.0,0.0,0.0,0.0,3.0,0.0,4.0,73.0,10.0,5.0
"Palm Beach-120993018 2112, 2118, 2120, 2122, 2124, 2128, 3002",7.0,0.0,0.0,0.0,0.0,8.0,1.0,0.0,0.0,0.0,0.0,0.0,0.0,0.0,0.0,0.0,0.0,0.0,0.0,0.0,0.0,1.0,15.0,1.0,1.0
"Palm Beach-120993020 3020, 3026, 3028, 3030",831.0,4.0,2.0,34.0,14.0,575.0,157.0,9.0,118.0,4.0,2.0,1.0,47.0,0.0,0.0,0.0,0.0,14.0,0.0,62.0,0.0,88.0,1460.0,218.0,284.0
Palm Beach-120993022 3022,458.0,1.0,0.0,11.0,9.0,210.0,84.0,5.0,48.0,0.0,0.0,0.0,23.0,0.0,0.0,0.0,0.0,6.0,0.0,15.0,0.0,45.0,689.0,89.0,137.0
Palm Beach-120993024 3024,577.0,1.0,2.0,22.0,8.0,377.0,90.0,8.0,45.0,1.0,1.0,0.0,29.0,0.0,0.0,0.0,1.0,3.0,0.0,41.0,0.0,75.0,987.0,151.0,143.0
"Palm Beach-120993028 3020, 3026, 3028, 3030",2.0,0.0,0.0,0.0,0.0,0.0,0.0,0.0,0.0,0.0,0.0,0.0,0.0,0.0,0.0,0.0,0.0,0.0,0.0,0.0,0.0,0.0,2.0,0.0,0.0
"Palm Beach-120993030 3020, 3026, 3028, 3030",0.0,0.0,0.0,0.0,0.0,1.0,0.0,0.0,0.0,0.0,0.0,0.0,0.0,0.0,0.0,0.0,0.0,0.0,0.0,0.0,0.0,0.0,1.0,0.0,0.0
Palm Beach-120993032 3032,447.0,0.0,2.0,13.0,9.0,181.0,0.0,0.0,0.0,0.0,0.0,0.0,0.0,0.0,0.0,0.0,0.0,0.0,0.0,0.0,0.0,0.0,652.0,0.0,0.0
"Palm Beach-120993032 3032, 3054, 3056",0.0,0.0,0.0,0.0,0.0,0.0,67.0,0.0,38.0,0.0,2.0,0.0,12.0,0.0,0.0,0.0,0.0,6.0,1.0,16.0,0.0,40.0,0.0,77.0,105.0
"Palm Beach-120993034 3034, 3040",89.0,1.0,1.0,2.0,4.0,81.0,18.0,0.0,19.0,0.0,0.0,0.0,11.0,0.0,0.0,0.0,0.0,0.0,0.0,10.0,0.0,21.0,178.0,42.0,37.0
"Palm Beach-120993036 3036, 3038",363.0,0.0,1.0,9.0,5.0,197.0,90.0,2.0,48.0,1.0,2.0,1.0,11.0,0.0,0.0,0.0,0.0,6.0,0.0,25.0,0.0,37.0,575.0,83.0,140.0
"Palm Beach-120993038 3036, 3038",543.0,2.0,0.0,18.0,10.0,285.0,116.0,6.0,69.0,1.0,3.0,0.0,16.0,0.0,0.0,0.0,0.0,6.0,0.0,36.0,0.0,48.0,858.0,110.0,191.0
"Palm Beach-120993040 3034, 3040",685.0,3.0,4.0,21.0,15.0,314.0,206.0,5.0,113.0,1.0,0.0,0.0,28.0,0.0,0.0,0.0,0.0,13.0,1.0,32.0,1.0,61.0,1042.0,137.0,324.0
"Palm Beach-120993042 3042, 3064",700.0,3.0,0.0,26.0,13.0,498.0,234.0,9.0,153.0,7.0,3.0,0.0,33.0,1.0,0.0,0.0,0.0,31.0,0.0,55.0,0.0,143.0,1240.0,273.0,396.0
"Palm Beach-120993044 3044,3046,3048,3050,3071,3072",204.0,0.0,0.0,5.0,2.0,73.0,53.0,1.0,23.0,1.0,0.0,0.0,4.0,0.0,0.0,0.0,0.0,0.0,0.0,5.0,0.0,13.0,284.0,23.0,77.0
"Palm Beach-120993048 3044,3046,3048,3050,3071,3072",516.0,1.0,2.0,8.0,5.0,220.0,96.0,1.0,37.0,0.0,0.0,0.0,7.0,0.0,0.0,0.0,1.0,3.0,0.0,20.0,0.0,28.0,752.0,59.0,134.0
"Palm Beach-120993050 3044,3046,3048,3050,3071,3072",5.0,0.0,0.0,0.0,0.0,2.0,2.0,0.0,0.0,0.0,0.0,0.0,0.0,0.0,0.0,0.0,0.0,0.0,0.0,1.0,0.0,0.0,7.0,1.0,2.0
"Palm Beach-120993052 3052, 3058, 3060, 3076",355.0,1.0,1.0,14.0,7.0,135.0,31.0,1.0,18.0,1.0,0.0,0.0,1.0,0.0,0.0,0.0,0.0,0.0,0.0,5.0,0.0,6.0,513.0,13.0,50.0
"Palm Beach-120993054 3032, 3054, 3056",0.0,0.0,0.0,0.0,0.0,0.0,5.0,0.0,12.0,0.0,0.0,0.0,2.0,0.0,0.0,0.0,0.0,2.0,0.0,1.0,0.0,10.0,0.0,15.0,17.0
"Palm Beach-120993058 3052, 3058, 3060, 3076",1.0,0.0,0.0,0.0,0.0,0.0,0.0,0.0,0.0,0.0,0.0,0.0,0.0,0.0,0.0,0.0,0.0,0.0,0.0,0.0,0.0,0.0,1.0,0.0,0.0
"Palm Beach-120993060 3052, 3058, 3060, 3076",155.0,0.0,1.0,7.0,5.0,29.0,26.0,0.0,14.0,0.0,0.0,0.0,1.0,0.0,0.0,0.0,0.0,0.0,0.0,4.0,0.0,6.0,197.0,11.0,40.0
Palm Beach-120993062 3062,899.0,2.0,0.0,24.0,17.0,286.0,193.0,3.0,117.0,3.0,1.0,1.0,13.0,1.0,0.0,1.0,0.0,8.0,2.0,33.0,1.0,50.0,1228.0,114.0,313.0
"Palm Beach-120993064 3042, 3064",446.0,0.0,1.0,18.0,8.0,202.0,110.0,2.0,94.0,3.0,0.0,0.0,13.0,0.0,0.0,0.0,0.0,10.0,1.0,11.0,0.0,33.0,675.0,71.0,206.0
"Palm Beach-120993066 3066, 7164",364.0,3.0,1.0,21.0,14.0,148.0,74.0,2.0,88.0,2.0,1.0,0.0,8.0,0.0,0.0,0.0,0.0,2.0,1.0,14.0,0.0,40.0,551.0,68.0,164.0
Palm Beach-120993068 3068,551.0,1.0,0.0,27.0,20.0,324.0,149.0,2.0,132.0,2.0,0.0,1.0,14.0,0.0,0.0,0.0,0.0,21.0,1.0,20.0,2.0,87.0,923.0,148.0,283.0
Palm Beach-120993070 3070,615.0,0.0,0.0,15.0,9.0,245.0,99.0,3.0,47.0,1.0,0.0,0.0,13.0,2.0,0.0,0.0,0.0,2.0,2.0,18.0,0.0,39.0,884.0,77.0,149.0
"Palm Beach-120993072 3044,3046,3048,3050,3071,3072",0.0,0.0,0.0,0.0,0.0,1.0,0.0,0.0,0.0,0.0,0.0,0.0,0.0,0.0,0.0,0.0,0.0,0.0,0.0,0.0,0.0,0.0,1.0,0.0,0.0
Palm Beach-120993074 3074,437.0,2.0,0.0,26.0,12.0,385.0,86.0,9.0,75.0,1.0,2.0,0.0,34.0,0.0,0.0,0.0,0.0,17.0,1.0,52.0,0.0,75.0,862.0,182.0,170.0
"Palm Beach-120993075 3075, 4002, 7172",12.0,0.0,0.0,0.0,0.0,7.0,0.0,0.0,0.0,1.0,0.0,0.0,1.0,0.0,0.0,0.0,0.0,1.0,0.0,0.0,0.0,0.0,19.0,3.0,0.0
"Palm Beach-120993076 3052, 3058, 3060, 3076",56.0,2.0,0.0,5.0,1.0,31.0,5.0,0.0,12.0,0.0,0.0,0.0,3.0,0.0,0.0,0.0,0.0,1.0,0.0,4.0,0.0,5.0,95.0,13.0,17.0
Palm Beach-120993078 3078,581.0,1.0,1.0,13.0,15.0,419.0,167.0,8.0,83.0,4.0,1.0,0.0,29.0,0.0,0.0,0.0,0.0,12.0,1.0,49.0,1.0,106.0,1030.0,203.0,258.0
"Palm Beach-120993080 2198, 2208, 3080",841.0,0.0,0.0,18.0,9.0,230.0,138.0,5.0,53.0,1.0,0.0,0.0,11.0,0.0,0.0,0.0,0.0,2.0,0.0,17.0,0.0,46.0,1098.0,77.0,196.0
Palm Beach-120993082 3082,540.0,1.0,1.0,26.0,3.0,837.0,172.0,10.0,78.0,3.0,2.0,0.0,77.0,1.0,0.0,0.0,1.0,60.0,2.0,131.0,0.0,299.0,1408.0,576.0,260.0
Palm Beach-120993084 3084,671.0,3.0,0.0,21.0,11.0,661.0,186.0,6.0,77.0,2.0,0.0,1.0,45.0,0.0,0.0,0.0,3.0,20.0,1.0,58.0,0.0,141.0,1367.0,271.0,269.0
"Palm Beach-120993086 3086, 3090",655.0,5.0,1.0,45.0,14.0,708.0,108.0,5.0,92.0,2.0,1.0,0.0,53.0,0.0,1.0,0.0,1.0,8.0,0.0,73.0,0.0,118.0,1428.0,257.0,205.0
"Palm Beach-120993088 2218, 3088",148.0,0.0,0.0,3.0,1.0,43.0,21.0,0.0,7.0,0.0,0.0,0.0,1.0,0.0,0.0,0.0,0.0,0.0,0.0,1.0,0.0,8.0,195.0,10.0,28.0
"Palm Beach-120993090 3086, 3090",1321.0,0.0,0.0,20.0,7.0,973.0,548.0,5.0,160.0,3.0,0.0,0.0,36.0,0.0,0.0,0.0,3.0,24.0,1.0,110.0,0.0,249.0,2321.0,426.0,713.0
Palm Beach-120993092 3092,1133.0,2.0,0.0,25.0,7.0,877.0,407.0,7.0,127.0,4.0,0.0,0.0,39.0,0.0,0.0,0.0,0.0,16.0,0.0,78.0,0.0,234.0,2044.0,371.0,541.0
Palm Beach-120993094 3094,244.0,2.0,1.0,10.0,3.0,211.0,67.0,1.0,27.0,1.0,1.0,0.0,17.0,0.0,0.0,0.0,0.0,3.0,0.0,22.0,0.0,32.0,471.0,76.0,95.0
Palm Beach-120993096 3096,812.0,0.0,0.0,31.0,7.0,583.0,182.0,4.0,109.0,3.0,1.0,0.0,27.0,0.0,0.0,0.0,1.0,14.0,1.0,47.0,0.0,116.0,1433.0,210.0,295.0
Palm Beach-120993098 3098,634.0,3.0,0.0,26.0,5.0,619.0,125.0,2.0,82.0,1.0,0.0,0.0,44.0,1.0,0.0,0.0,0.0,19.0,1.0,62.0,0.0,140.0,1287.0,268.0,209.0
Palm Beach-120993100 3100,416.0,2.0,1.0,19.0,4.0,399.0,123.0,5.0,58.0,1.0,2.0,0.0,27.0,0.0,0.0,0.0,0.0,11.0,1.0,45.0,0.0,110.0,841.0,197.0,186.0
Palm Beach-120993102 3102,1019.0,0.0,0.0,20.0,14.0,502.0,157.0,4.0,96.0,2.0,2.0,0.0,25.0,0.0,0.0,0.0,0.0,8.0,0.0,44.0,0.0,92.0,1555.0,173.0,257.0
"Palm Beach-120993104 3104, 3106",412.0,1.0,1.0,21.0,4.0,401.0,101.0,0.0,33.0,2.0,0.0,0.0,27.0,0.0,0.0,0.0,0.0,17.0,0.0,36.0,0.0,83.0,840.0,165.0,134.0
"Palm Beach-120993106 3104, 3106",239.0,0.0,1.0,7.0,4.0,143.0,58.0,0.0,26.0,0.0,0.0,1.0,7.0,0.0,0.0,0.0,0.0,4.0,0.0,13.0,0.0,18.0,394.0,43.0,84.0
"Palm Beach-120993108 3108, 3114",928.0,2.0,4.0,30.0,4.0,410.0,180.0,0.0,71.0,1.0,0.0,0.0,28.0,0.0,0.0,0.0,0.0,10.0,0.0,36.0,0.0,81.0,1378.0,156.0,251.0
Palm Beach-120993110 3110,650.0,0.0,0.0,18.0,6.0,346.0,153.0,3.0,62.0,0.0,1.0,1.0,16.0,0.0,0.0,0.0,0.0,6.0,0.0,14.0,0.0,81.0,1020.0,119.0,218.0
Palm Beach-120993112 3112,680.0,0.0,1.0,14.0,5.0,267.0,111.0,2.0,66.0,1.0,3.0,0.0,17.0,0.0,0.0,0.0,0.0,5.0,0.0,33.0,0.0,37.0,967.0,96.0,179.0
"Palm Beach-120993114 3108, 3114",328.0,1.0,1.0,17.0,4.0,287.0,60.0,0.0,28.0,0.0,0.0,0.0,9.0,0.0,0.0,0.0,0.0,7.0,1.0,14.0,0.0,60.0,638.0,91.0,88.0
"Palm Beach-120993116 3116, 3118",1048.0,0.0,0.0,33.0,7.0,555.0,296.0,5.0,111.0,6.0,3.0,0.0,38.0,0.0,0.0,0.0,0.0,18.0,0.0,48.0,0.0,112.0,1643.0,225.0,412.0
"Palm Beach-120993118 3116, 3118",195.0,0.0,1.0,15.0,3.0,235.0,45.0,2.0,37.0,2.0,0.0,0.0,17.0,0.0,0.0,0.0,0.0,9.0,0.0,26.0,0.0,45.0,449.0,99.0,84.0
Palm Beach-120993120 3120,1241.0,0.0,1.0,12.0,4.0,815.0,555.0,9.0,142.0,10.0,0.0,0.0,36.0,0.0,0.0,0.0,0.0,49.0,0.0,73.0,0.0,242.0,2073.0,410.0,706.0
Palm Beach-120993122 3122,820.0,0.0,0.0,8.0,4.0,498.0,455.0,6.0,104.0,1.0,0.0,0.0,17.0,0.0,0.0,0.0,0.0,35.0,0.0,54.0,1.0,152.0,1330.0,260.0,565.0
Palm Beach-120993124 3124,798.0,1.0,2.0,33.0,13.0,642.0,164.0,1.0,81.0,2.0,1.0,0.0,37.0,0.0,0.0,0.0,1.0,26.0,1.0,80.0,0.0,133.0,1489.0,281.0,246.0
Palm Beach-120993126 3126,618.0,0.0,0.0,29.0,8.0,533.0,151.0,0.0,83.0,0.0,0.0,0.0,26.0,0.0,0.0,0.0,0.0,31.0,0.0,53.0,0.0,115.0,1188.0,225.0,234.0
Palm Beach-120993128 3128,911.0,1.0,0.0,24.0,9.0,661.0,197.0,6.0,98.0,3.0,0.0,0.0,34.0,0.0,0.0,0.0,0.0,19.0,1.0,50.0,0.0,147.0,1606.0,254.0,301.0
Palm Beach-120993130 3130,1111.0,3.0,1.0,35.0,14.0,1004.0,279.0,11.0,119.0,2.0,1.0,0.0,63.0,0.0,0.0,0.0,0.0,34.0,2.0,93.0,0.0,263.0,2168.0,458.0,409.0
Palm Beach-120993132 3132,745.0,3.0,2.0,33.0,4.0,688.0,0.0,0.0,0.0,0.0,0.0,0.0,0.0,0.0,0.0,0.0,0.0,0.0,0.0,0.0,0.0,0.0,1475.0,0.0,0.0
"Palm Beach-120993132 3132, 3160",0.0,0.0,0.0,0.0,0.0,0.0,179.0,5.0,91.0,1.0,0.0,0.0,45.0,0.0,0.0,0.0,0.0,21.0,1.0,41.0,0.0,172.0,0.0,281.0,275.0
"Palm Beach-120993133 3133, 3160",159.0,0.0,0.0,3.0,2.0,118.0,0.0,0.0,0.0,0.0,0.0,0.0,0.0,0.0,0.0,0.0,0.0,0.0,0.0,0.0,0.0,0.0,282.0,0.0,0.0
Palm Beach-120993134 3134,931.0,3.0,1.0,8.0,6.0,348.0,0.0,0.0,0.0,0.0,0.0,0.0,0.0,0.0,0.0,0.0,0.0,0.0,0.0,0.0,0.0,0.0,1297.0,0.0,0.0
"Palm Beach-120993134 3134, 3162",0.0,0.0,0.0,0.0,0.0,0.0,190.0,3.0,66.0,0.0,0.0,0.0,22.0,0.0,0.0,1.0,0.0,6.0,3.0,25.0,0.0,82.0,0.0,139.0,259.0
Palm Beach-120993136 3136,795.0,2.0,1.0,22.0,13.0,432.0,175.0,3.0,67.0,2.0,0.0,0.0,21.0,0.0,0.0,0.0,0.0,11.0,0.0,30.0,1.0,84.0,1265.0,149.0,245.0
"Palm Beach-120993138 3138, 3164",808.0,2.0,4.0,13.0,12.0,525.0,152.0,3.0,78.0,1.0,2.0,0.0,38.0,0.0,0.0,0.0,0.0,22.0,1.0,50.0,0.0,106.0,1364.0,220.0,233.0
"Palm Beach-120993140 3140, 3142",390.0,2.0,0.0,10.0,6.0,229.0,85.0,2.0,38.0,0.0,0.0,1.0,16.0,0.0,0.0,0.0,0.0,3.0,0.0,9.0,0.0,53.0,637.0,82.0,125.0
"Palm Beach-120993142 3140, 3142",310.0,0.0,0.0,10.0,4.0,173.0,75.0,2.0,34.0,0.0,0.0,0.0,10.0,0.0,0.0,0.0,0.0,5.0,1.0,12.0,0.0,34.0,497.0,62.0,111.0
"Palm Beach-120993144 3144, 3146",4.0,0.0,0.0,2.0,1.0,6.0,1.0,0.0,0.0,0.0,0.0,0.0,1.0,0.0,0.0,0.0,0.0,0.0,0.0,0.0,0.0,0.0,13.0,1.0,1.0
"Palm Beach-120993146 3144, 3146",288.0,0.0,0.0,6.0,1.0,119.0,98.0,0.0,30.0,0.0,4.0,0.0,4.0,0.0,0.0,0.0,0.0,7.0,0.0,16.0,0.0,22.0,414.0,53.0,128.0
"Palm Beach-120993148 3148, 3180, 3182, 3190",50.0,0.0,0.0,0.0,0.0,58.0,13.0,1.0,6.0,0.0,2.0,0.0,8.0,0.0,0.0,0.0,0.0,3.0,0.0,3.0,0.0,13.0,108.0,29.0,20.0
"Palm Beach-120993150 3150, 3152",614.0,0.0,0.0,5.0,3.0,313.0,271.0,1.0,56.0,1.0,0.0,1.0,15.0,0.0,0.0,0.0,0.0,17.0,0.0,44.0,0.0,93.0,935.0,171.0,328.0
"Palm Beach-120993152 3150, 3152",708.0,2.0,1.0,12.0,4.0,482.0,278.0,1.0,68.0,3.0,1.0,0.0,19.0,0.0,0.0,0.0,0.0,24.0,0.0,59.0,0.0,135.0,1209.0,241.0,347.0
Palm Beach-120993154 3154,848.0,0.0,0.0,5.0,1.0,398.0,423.0,3.0,110.0,1.0,0.0,0.0,18.0,0.0,0.0,0.0,1.0,18.0,0.0,40.0,0.0,99.0,1252.0,177.0,536.0
Palm Beach-120993156 3156,1027.0,0.0,1.0,15.0,9.0,526.0,340.0,7.0,130.0,2.0,0.0,0.0,25.0,0.0,0.0,0.0,0.0,22.0,2.0,60.0,0.0,133.0,1578.0,244.0,477.0
Palm Beach-120993158 3158,1003.0,0.0,3.0,34.0,10.0,897.0,226.0,4.0,121.0,1.0,3.0,0.0,57.0,0.0,0.0,1.0,1.0,26.0,1.0,94.0,0.0,182.0,1947.0,366.0,351.0
"Palm Beach-120993160 3132, 3160",0.0,0.0,0.0,0.0,0.0,0.0,89.0,3.0,37.0,3.0,0.0,0.0,24.0,0.0,0.0,0.0,0.0,15.0,0.0,28.0,0.0,72.0,0.0,142.0,129.0
"Palm Beach-120993160 3133, 3160",378.0,0.0,0.0,27.0,4.0,339.0,0.0,0.0,0.0,0.0,0.0,0.0,0.0,0.0,0.0,0.0,0.0,0.0,0.0,0.0,0.0,0.0,748.0,0.0,0.0
"Palm Beach-120993162 3134, 3162",0.0,0.0,0.0,0.0,0.0,0.0,158.0,0.0,56.0,4.0,0.0,1.0,21.0,0.0,0.0,0.0,0.0,7.0,0.0,26.0,0.0,77.0,0.0,136.0,214.0
Palm Beach-120993162 3162,520.0,2.0,2.0,16.0,7.0,286.0,0.0,0.0,0.0,0.0,0.0,0.0,0.0,0.0,0.0,0.0,0.0,0.0,0.0,0.0,0.0,0.0,833.0,0.0,0.0
"Palm Beach-120993164 3138, 3164",776.0,1.0,0.0,16.0,8.0,593.0,180.0,7.0,85.0,4.0,2.0,0.0,44.0,0.0,0.0,1.0,0.0,23.0,1.0,66.0,0.0,116.0,1394.0,257.0,272.0
Palm Beach-120993166 3166,0.0,0.0,0.0,0.0,0.0,0.0,94.0,2.0,44.0,1.0,1.0,0.0,21.0,1.0,0.0,0.0,0.0,12.0,0.0,29.0,0.0,86.0,0.0,151.0,140.0
"Palm Beach-120993166 3166, 5018",300.0,0.0,0.0,5.0,2.0,349.0,0.0,0.0,0.0,0.0,0.0,0.0,0.0,0.0,0.0,0.0,0.0,0.0,0.0,0.0,0.0,0.0,656.0,0.0,0.0
"Palm Beach-120993168 3168, 3174",904.0,3.0,3.0,26.0,14.0,520.0,197.0,1.0,89.0,2.0,3.0,0.0,16.0,0.0,0.0,0.0,1.0,7.0,1.0,43.0,0.0,103.0,1470.0,176.0,287.0
"Palm Beach-120993170 3170, 3172, 3176",995.0,3.0,1.0,31.0,21.0,628.0,191.0,4.0,113.0,3.0,5.0,0.0,30.0,0.0,0.0,0.0,0.0,13.0,0.0,47.0,0.0,137.0,1679.0,235.0,308.0
"Palm Beach-120993172 3170, 3172, 3176",368.0,1.0,1.0,9.0,8.0,156.0,38.0,0.0,29.0,1.0,0.0,0.0,2.0,0.0,0.0,0.0,0.0,3.0,0.0,15.0,0.0,13.0,543.0,34.0,67.0
"Palm Beach-120993174 3168, 3174",214.0,0.0,0.0,10.0,0.0,172.0,44.0,0.0,28.0,3.0,0.0,0.0,19.0,0.0,0.0,0.0,0.0,7.0,0.0,22.0,0.0,34.0,396.0,85.0,72.0
"Palm Beach-120993176 3170, 3172, 3176",165.0,0.0,0.0,5.0,2.0,99.0,24.0,0.0,17.0,1.0,0.0,0.0,7.0,0.0,0.0,0.0,0.0,3.0,0.0,7.0,0.0,11.0,271.0,29.0,41.0
"Palm Beach-120993182 3148, 3180, 3182, 3190",98.0,0.0,0.0,3.0,1.0,42.0,19.0,0.0,8.0,0.0,0.0,0.0,2.0,0.0,0.0,0.0,0.0,0.0,0.0,0.0,0.0,8.0,144.0,10.0,27.0
"Palm Beach-120993186 3186,3187,3188,4020",187.0,2.0,0.0,7.0,3.0,118.0,31.0,1.0,35.0,0.0,0.0,0.0,11.0,0.0,0.0,0.0,0.0,3.0,1.0,7.0,0.0,37.0,317.0,59.0,67.0
"Palm Beach-120993187 3186,3187,3188,4020",563.0,3.0,0.0,27.0,13.0,351.0,77.0,0.0,65.0,0.0,0.0,0.0,10.0,0.0,0.0,0.0,0.0,4.0,0.0,27.0,0.0,60.0,957.0,101.0,142.0
"Palm Beach-120993188 3186,3187,3188,4020",397.0,3.0,0.0,21.0,7.0,321.0,78.0,0.0,48.0,0.0,0.0,0.0,18.0,0.0,0.0,0.0,0.0,9.0,0.0,15.0,0.0,59.0,749.0,101.0,126.0
"Palm Beach-120993190 3148, 3180, 3182, 3190",288.0,1.0,0.0,11.0,5.0,116.0,52.0,2.0,35.0,0.0,0.0,0.0,5.0,0.0,0.0,1.0,0.0,3.0,0.0,9.0,0.0,13.0,421.0,31.0,89.0
Palm Beach-120993192 3192,544.0,1.0,0.0,5.0,4.0,400.0,159.0,7.0,69.0,2.0,0.0,0.0,17.0,0.0,0.0,0.0,1.0,13.0,1.0,30.0,0.0,137.0,954.0,201.0,235.0
Palm Beach-120993194 3194,608.0,5.0,0.0,20.0,10.0,193.0,151.0,3.0,92.0,1.0,1.0,0.0,6.0,0.0,1.0,0.0,0.0,3.0,0.0,14.0,0.0,29.0,836.0,55.0,246.0
Palm Beach-120993196 3196,534.0,0.0,1.0,18.0,5.0,642.0,186.0,10.0,60.0,5.0,1.0,0.0,28.0,0.0,0.0,0.0,0.0,32.0,1.0,76.0,1.0,178.0,1200.0,322.0,256.0
Palm Beach-120993198 3198,424.0,0.0,0.0,15.0,3.0,525.0,146.0,7.0,47.0,4.0,4.0,0.0,37.0,0.0,0.0,0.0,0.0,20.0,0.0,62.0,1.0,142.0,967.0,270.0,200.0
"Palm Beach-120993200 3200, 3202",576.0,2.0,0.0,29.0,6.0,433.0,146.0,4.0,92.0,4.0,1.0,1.0,31.0,0.0,0.0,0.0,0.0,24.0,1.0,42.0,0.0,113.0,1046.0,217.0,242.0
"Palm Beach-120993202 3200, 3202",73.0,0.0,0.0,4.0,3.0,59.0,17.0,0.0,14.0,1.0,0.0,0.0,2.0,0.0,0.0,0.0,0.0,2.0,0.0,7.0,0.0,15.0,139.0,27.0,31.0
"Palm Beach-120994002 3075, 4002, 7172",453.0,0.0,2.0,19.0,8.0,420.0,124.0,6.0,54.0,6.0,2.0,0.0,21.0,0.0,0.0,0.0,0.0,25.0,0.0,54.0,1.0,133.0,902.0,242.0,184.0
Palm Beach-120994004 4004,446.0,0.0,0.0,15.0,3.0,460.0,128.0,4.0,55.0,4.0,2.0,0.0,19.0,2.0,0.0,0.0,0.0,21.0,1.0,38.0,0.0,155.0,924.0,242.0,187.0
Palm Beach-120994006 4006,89.0,0.0,0.0,3.0,1.0,161.0,22.0,1.0,7.0,0.0,0.0,0.0,6.0,0.0,0.0,0.0,0.0,17.0,0.0,20.0,0.0,59.0,254.0,102.0,30.0
"Palm Beach-120994008 4008, 7176",557.0,0.0,1.0,31.0,4.0,592.0,109.0,4.0,75.0,2.0,1.0,0.0,26.0,1.0,0.0,0.0,0.0,25.0,0.0,47.0,0.0,150.0,1185.0,252.0,188.0
Palm Beach-120994010 4010,774.0,3.0,2.0,27.0,12.0,869.0,220.0,8.0,97.0,4.0,1.0,1.0,62.0,0.0,1.0,0.0,0.0,32.0,2.0,84.0,0.0,231.0,1687.0,418.0,325.0
Palm Beach-120994012 4012,611.0,0.0,0.0,17.0,2.0,600.0,242.0,8.0,64.0,10.0,3.0,0.0,36.0,1.0,0.0,0.0,1.0,34.0,0.0,66.0,0.0,146.0,1230.0,297.0,314.0
"Palm Beach-120994014 4014, 5032,",447.0,2.0,0.0,14.0,5.0,494.0,171.0,5.0,47.0,4.0,2.0,1.0,35.0,0.0,0.0,0.0,0.0,30.0,0.0,68.0,1.0,139.0,962.0,280.0,223.0
Palm Beach-120994016 4016,465.0,1.0,1.0,20.0,8.0,283.0,108.0,2.0,49.0,3.0,1.0,0.0,18.0,0.0,0.0,0.0,0.0,11.0,1.0,23.0,0.0,60.0,778.0,117.0,159.0
Palm Beach-120994018 4018,120.0,0.0,0.0,9.0,3.0,339.0,36.0,2.0,9.0,4.0,4.0,0.0,17.0,0.0,0.0,0.0,0.0,54.0,0.0,65.0,0.0,114.0,471.0,258.0,47.0
"Palm Beach-120994020 3186,3187,3188,4020",41.0,0.0,0.0,1.0,0.0,20.0,8.0,0.0,6.0,0.0,0.0,0.0,2.0,0.0,0.0,0.0,0.0,1.0,0.0,2.0,0.0,5.0,62.0,10.0,14.0
Palm Beach-120994022 4022,772.0,2.0,1.0,16.0,4.0,254.0,173.0,0.0,68.0,3.0,2.0,0.0,12.0,0.0,0.0,0.0,0.0,4.0,1.0,18.0,0.0,41.0,1049.0,81.0,241.0
Palm Beach-120994024 4024,456.0,0.0,0.0,17.0,4.0,521.0,99.0,5.0,57.0,4.0,2.0,1.0,31.0,0.0,0.0,1.0,0.0,18.0,1.0,53.0,0.0,151.0,998.0,262.0,161.0
Palm Beach-120994026 4026,491.0,0.0,0.0,19.0,11.0,495.0,137.0,8.0,54.0,1.0,1.0,0.0,26.0,0.0,0.0,0.0,0.0,16.0,0.0,57.0,0.0,126.0,1016.0,227.0,199.0
Palm Beach-120994028 4028,511.0,1.0,0.0,24.0,6.0,694.0,122.0,4.0,71.0,6.0,0.0,0.0,31.0,0.0,1.0,0.0,2.0,72.0,2.0,123.0,1.0,227.0,1236.0,465.0,197.0
Palm Beach-120994030 4030,39.0,0.0,0.0,4.0,0.0,141.0,12.0,0.0,0.0,1.0,0.0,1.0,8.0,0.0,0.0,0.0,0.0,38.0,0.0,48.0,0.0,33.0,184.0,129.0,12.0
"Palm Beach-120994032 4032, 4034, 4052, 4053",0.0,0.0,0.0,0.0,0.0,1.0,0.0,0.0,1.0,0.0,0.0,0.0,0.0,0.0,0.0,0.0,0.0,0.0,0.0,1.0,0.0,0.0,1.0,1.0,1.0
"Palm Beach-120994034 4032, 4034, 4052, 4053",338.0,1.0,0.0,8.0,5.0,325.0,77.0,2.0,34.0,3.0,1.0,0.0,20.0,0.0,0.0,0.0,0.0,14.0,0.0,32.0,0.0,82.0,677.0,152.0,113.0
"Palm Beach-120994036 4036, 4060, 4062, 7192",321.0,0.0,0.0,11.0,2.0,427.0,103.0,2.0,36.0,1.0,1.0,0.0,19.0,0.0,0.0,0.0,0.0,22.0,0.0,42.0,0.0,117.0,761.0,202.0,141.0
"Palm Beach-120994038 4038, 4040, 4042, 4044",85.0,2.0,0.0,3.0,1.0,130.0,26.0,2.0,15.0,2.0,0.0,0.0,14.0,0.0,0.0,0.0,0.0,15.0,0.0,15.0,0.0,37.0,221.0,83.0,43.0
"Palm Beach-120994040 4038, 4040, 4042, 4044",0.0,0.0,0.0,0.0,0.0,0.0,0.0,0.0,0.0,0.0,0.0,0.0,0.0,0.0,0.0,0.0,0.0,0.0,0.0,1.0,0.0,0.0,0.0,1.0,0.0
"Palm Beach-120994042 4038, 4040, 4042, 4044",0.0,0.0,0.0,0.0,0.0,1.0,0.0,0.0,0.0,0.0,0.0,0.0,0.0,0.0,0.0,0.0,0.0,0.0,0.0,0.0,0.0,0.0,1.0,0.0,0.0
"Palm Beach-120994044 4038, 4040, 4042, 4044",53.0,0.0,0.0,2.0,2.0,26.0,11.0,0.0,8.0,0.0,0.0,0.0,0.0,0.0,0.0,0.0,0.0,4.0,0.0,5.0,0.0,7.0,83.0,16.0,19.0
Palm Beach-120994046 4046,104.0,0.0,0.0,5.0,1.0,299.0,21.0,2.0,10.0,4.0,0.0,0.0,13.0,0.0,0.0,0.0,0.0,53.0,0.0,59.0,0.0,97.0,409.0,226.0,33.0
"Palm Beach-120994048 4048, 4078, 4080, 4082, 4084, 4086",109.0,1.0,0.0,5.0,2.0,142.0,31.0,0.0,12.0,3.0,0.0,0.0,10.0,0.0,0.0,0.0,0.0,15.0,0.0,16.0,0.0,42.0,259.0,86.0,43.0
Palm Beach-120994050 4050,1193.0,1.0,0.0,14.0,3.0,445.0,496.0,7.0,83.0,4.0,0.0,0.0,14.0,0.0,0.0,1.0,1.0,59.0,0.0,61.0,0.0,104.0,1656.0,244.0,586.0
"Palm Beach-120994052 4032, 4034, 4052, 4053",95.0,0.0,0.0,3.0,3.0,70.0,18.0,1.0,14.0,0.0,0.0,0.0,6.0,0.0,0.0,0.0,0.0,4.0,0.0,6.0,0.0,14.0,171.0,30.0,33.0
"Palm Beach-120994053 4032, 4034, 4052, 4053",196.0,0.0,1.0,11.0,3.0,64.0,24.0,0.0,19.0,1.0,0.0,0.0,1.0,0.0,0.0,0.0,0.0,1.0,0.0,4.0,0.0,8.0,275.0,15.0,43.0
"Palm Beach-120994054 4054, 4056",569.0,1.0,0.0,31.0,9.0,663.0,132.0,7.0,84.0,8.0,2.0,0.0,57.0,0.0,0.0,0.0,0.0,46.0,0.0,89.0,0.0,184.0,1273.0,386.0,223.0
"Palm Beach-120994058 4058, 4074",38.0,0.0,0.0,0.0,0.0,64.0,15.0,1.0,3.0,0.0,0.0,0.0,4.0,0.0,0.0,0.0,0.0,2.0,0.0,15.0,0.0,16.0,102.0,37.0,19.0
"Palm Beach-120994060 4036, 4060, 4062, 7192",0.0,0.0,0.0,0.0,0.0,9.0,0.0,0.0,0.0,0.0,0.0,0.0,0.0,0.0,0.0,0.0,0.0,0.0,0.0,1.0,0.0,1.0,9.0,2.0,0.0
"Palm Beach-120994062 4036, 4060, 4062, 7192",39.0,0.0,0.0,3.0,2.0,46.0,9.0,0.0,8.0,0.0,0.0,0.0,0.0,0.0,0.0,0.0,0.0,0.0,0.0,5.0,0.0,14.0,90.0,19.0,17.0
"Palm Beach-120994064 4064, 4066, 4068, 4070, 7190",62.0,0.0,0.0,3.0,0.0,40.0,21.0,0.0,4.0,0.0,0.0,0.0,3.0,0.0,0.0,0.0,0.0,1.0,0.0,4.0,0.0,10.0,105.0,18.0,25.0
"Palm Beach-120994070 4064, 4066, 4068, 4070, 7190",1.0,0.0,0.0,0.0,0.0,0.0,0.0,0.0,0.0,0.0,0.0,0.0,0.0,0.0,0.0,0.0,0.0,0.0,0.0,0.0,0.0,0.0,1.0,0.0,0.0
Palm Beach-120994072 4072,206.0,0.0,0.0,13.0,1.0,390.0,36.0,2.0,10.0,7.0,1.0,0.0,19.0,0.0,0.0,0.0,0.0,50.0,1.0,76.0,0.0,111.0,610.0,265.0,48.0
"Palm Beach-120994074 4058, 4074",388.0,0.0,0.0,13.0,5.0,296.0,58.0,3.0,44.0,3.0,0.0,0.0,14.0,0.0,0.0,0.0,0.0,22.0,0.0,22.0,1.0,79.0,702.0,141.0,105.0
Palm Beach-120994076 4076,462.0,0.0,2.0,16.0,3.0,386.0,97.0,0.0,58.0,1.0,1.0,1.0,15.0,1.0,0.0,0.0,0.0,16.0,0.0,28.0,0.0,110.0,869.0,173.0,155.0
"Palm Beach-120994078 4048, 4078, 4080, 4082, 4084, 4086",4.0,0.0,0.0,0.0,0.0,3.0,1.0,0.0,1.0,0.0,0.0,0.0,0.0,0.0,0.0,0.0,0.0,0.0,0.0,2.0,0.0,2.0,7.0,4.0,2.0
"Palm Beach-120994082 4048, 4078, 4080, 4082, 4084, 4086",0.0,0.0,0.0,0.0,0.0,5.0,0.0,0.0,0.0,0.0,0.0,0.0,3.0,0.0,0.0,0.0,0.0,0.0,0.0,0.0,0.0,0.0,5.0,3.0,0.0
"Palm Beach-120994084 4048, 4078, 4080, 4082, 4084, 4086",42.0,0.0,0.0,0.0,1.0,25.0,15.0,0.0,9.0,0.0,0.0,0.0,2.0,0.0,0.0,0.0,0.0,1.0,0.0,0.0,0.0,3.0,68.0,6.0,24.0
"Palm Beach-120994086 4048, 4078, 4080, 4082, 4084, 4086",562.0,0.0,1.0,28.0,4.0,397.0,150.0,3.0,90.0,1.0,2.0,0.0,20.0,0.0,0.0,0.0,0.0,12.0,1.0,48.0,0.0,90.0,992.0,174.0,243.0
"Palm Beach-120994088 4088, 4092",903.0,0.0,1.0,17.0,9.0,459.0,332.0,6.0,113.0,3.0,2.0,0.0,16.0,0.0,0.0,0.0,0.0,31.0,0.0,44.0,0.0,127.0,1389.0,223.0,451.0
Palm Beach-120994090 4090,274.0,0.0,0.0,1.0,3.0,222.0,117.0,2.0,24.0,2.0,1.0,0.0,10.0,0.0,0.0,1.0,0.0,5.0,0.0,15.0,1.0,63.0,500.0,98.0,143.0
"Palm Beach-120994092 4088, 4092",1.0,0.0,0.0,0.0,0.0,0.0,0.0,0.0,0.0,0.0,0.0,0.0,0.0,0.0,0.0,0.0,0.0,0.0,0.0,0.0,0.0,0.0,1.0,0.0,0.0
Palm Beach-120994094 4094,727.0,0.0,2.0,31.0,13.0,685.0,174.0,6.0,87.0,5.0,2.0,1.0,39.0,1.0,0.0,0.0,0.0,57.0,0.0,81.0,0.0,180.0,1458.0,366.0,267.0
"Palm Beach-120994096 4096, 4100, 5086, 5088",447.0,0.0,0.0,1.0,0.0,33.0,88.0,0.0,16.0,0.0,1.0,0.0,1.0,0.0,0.0,0.0,0.0,1.0,0.0,5.0,0.0,7.0,481.0,15.0,104.0
Palm Beach-120994098 4098,899.0,0.0,1.0,33.0,9.0,725.0,231.0,3.0,90.0,3.0,4.0,0.0,30.0,1.0,0.0,0.0,1.0,24.0,0.0,70.0,1.0,173.0,1667.0,307.0,324.0
"Palm Beach-120994100 4096, 4100, 5086, 5088",117.0,0.0,1.0,9.0,4.0,140.0,19.0,0.0,23.0,0.0,0.0,0.0,9.0,0.0,0.0,0.0,0.0,5.0,0.0,11.0,0.0,37.0,271.0,62.0,42.0
"Palm Beach-120994102 4102, 4112",459.0,0.0,2.0,19.0,4.0,490.0,95.0,3.0,49.0,2.0,0.0,0.0,21.0,0.0,0.0,0.0,0.0,66.0,1.0,76.0,0.0,123.0,974.0,289.0,147.0
Palm Beach-120994104 4104,784.0,1.0,3.0,32.0,11.0,607.0,210.0,3.0,88.0,2.0,1.0,0.0,19.0,0.0,0.0,0.0,0.0,30.0,1.0,66.0,0.0,172.0,1438.0,291.0,301.0
Palm Beach-120994106 4106,421.0,2.0,0.0,16.0,5.0,408.0,126.0,3.0,56.0,3.0,0.0,0.0,21.0,0.0,0.0,0.0,0.0,20.0,1.0,48.0,0.0,101.0,852.0,194.0,185.0
Palm Beach-120994108 4108,538.0,1.0,1.0,16.0,7.0,422.0,192.0,0.0,82.0,0.0,0.0,1.0,16.0,0.0,0.0,0.0,0.0,13.0,0.0,36.0,0.0,85.0,985.0,151.0,274.0
"Palm Beach-120994110 4110, 7202, 7206",427.0,0.0,0.0,21.0,2.0,412.0,164.0,4.0,46.0,8.0,1.0,0.0,11.0,0.0,0.0,0.0,0.0,34.0,0.0,54.0,0.0,146.0,862.0,254.0,214.0
"Palm Beach-120994112 4102, 4112",689.0,1.0,1.0,29.0,5.0,750.0,201.0,1.0,49.0,7.0,1.0,0.0,26.0,1.0,0.0,0.0,0.0,77.0,2.0,137.0,0.0,235.0,1475.0,486.0,251.0
"Palm Beach-120994114 4114, 5120, 5122, 5124",740.0,1.0,2.0,17.0,7.0,780.0,190.0,3.0,77.0,4.0,0.0,0.0,47.0,0.0,0.0,0.0,0.0,39.0,1.0,120.0,1.0,215.0,1547.0,427.0,270.0
"Palm Beach-120994116 4116, 4120",36.0,0.0,0.0,3.0,2.0,29.0,7.0,0.0,3.0,0.0,0.0,0.0,4.0,0.0,0.0,0.0,0.0,3.0,0.0,1.0,0.0,6.0,70.0,14.0,10.0
Palm Beach-120994118 4118,712.0,0.0,0.0,24.0,11.0,420.0,169.0,2.0,88.0,5.0,0.0,0.0,22.0,0.0,0.0,0.0,1.0,35.0,0.0,36.0,0.0,96.0,1167.0,195.0,259.0
"Palm Beach-120994120 4116, 4120",502.0,3.0,2.0,16.0,8.0,254.0,123.0,0.0,67.0,2.0,3.0,0.0,17.0,1.0,0.0,0.0,0.0,8.0,0.0,38.0,0.0,46.0,785.0,115.0,190.0
Palm Beach-120994122 4122,694.0,2.0,0.0,27.0,12.0,428.0,169.0,5.0,86.0,2.0,0.0,1.0,16.0,2.0,0.0,0.0,0.0,10.0,0.0,46.0,0.0,87.0,1163.0,164.0,260.0
Palm Beach-120994124 4124,795.0,4.0,2.0,25.0,15.0,490.0,154.0,0.0,104.0,7.0,0.0,0.0,30.0,0.0,0.0,0.0,0.0,16.0,0.0,45.0,0.0,88.0,1331.0,186.0,258.0
"Palm Beach-120994126 4126, 7204",582.0,1.0,0.0,18.0,4.0,861.0,168.0,3.0,69.0,7.0,1.0,0.0,24.0,0.0,0.0,0.0,0.0,54.0,0.0,91.0,0.0,291.0,1466.0,468.0,240.0
"Palm Beach-120994128 4128, 4129, 4156",738.0,0.0,0.0,10.0,5.0,907.0,0.0,0.0,0.0,0.0,0.0,0.0,0.0,0.0,0.0,0.0,0.0,0.0,0.0,0.0,0.0,0.0,1660.0,0.0,0.0
"Palm Beach-120994128 4128, 4156",0.0,0.0,0.0,0.0,0.0,0.0,268.0,5.0,70.0,6.0,0.0,0.0,35.0,1.0,0.0,0.0,0.0,51.0,0.0,142.0,0.0,299.0,0.0,534.0,343.0
"Palm Beach-120994129 4128, 4129, 4156",30.0,0.0,0.0,0.0,0.0,41.0,0.0,0.0,0.0,0.0,0.0,0.0,0.0,0.0,0.0,0.0,0.0,0.0,0.0,0.0,0.0,0.0,71.0,0.0,0.0
Palm Beach-120994129 4129,30.0,0.0,0.0,0.0,0.0,41.0,0.0,0.0,0.0,0.0,0.0,0.0,0.0,0.0,0.0,0.0,0.0,0.0,0.0,0.0,0.0,0.0,71.0,0.0,0.0
Palm Beach-120994130 4130,672.0,1.0,0.0,22.0,9.0,663.0,171.0,3.0,75.0,3.0,2.0,0.0,56.0,0.0,0.0,0.0,0.0,31.0,0.0,81.0,0.0,152.0,1367.0,325.0,249.0
Palm Beach-120994132 4132,411.0,1.0,0.0,3.0,1.0,400.0,141.0,1.0,31.0,2.0,2.0,0.0,10.0,0.0,0.0,0.0,0.0,16.0,0.0,40.0,0.0,125.0,816.0,195.0,173.0
"Palm Beach-120994134 4134, 4136",458.0,0.0,2.0,11.0,2.0,603.0,103.0,2.0,49.0,1.0,2.0,1.0,28.0,0.0,0.0,0.0,0.0,22.0,0.0,52.0,1.0,149.0,1076.0,256.0,154.0
"Palm Beach-120994136 4134, 4136",653.0,0.0,1.0,22.0,12.0,583.0,176.0,2.0,65.0,0.0,2.0,0.0,36.0,0.0,0.0,0.0,0.0,18.0,0.0,67.0,0.0,140.0,1271.0,263.0,243.0
"Palm Beach-120994138 4138, 4154",819.0,1.0,1.0,32.0,10.0,1185.0,162.0,3.0,104.0,5.0,2.0,1.0,50.0,0.0,0.0,0.0,0.0,49.0,0.0,114.0,0.0,397.0,2048.0,618.0,269.0
"Palm Beach-120994140 4140, 4146, 4148",322.0,0.0,0.0,4.0,1.0,205.0,77.0,1.0,37.0,2.0,0.0,0.0,11.0,0.0,0.0,0.0,0.0,14.0,0.0,23.0,0.0,48.0,532.0,98.0,115.0
Palm Beach-120994142 4142,946.0,1.0,1.0,19.0,2.0,785.0,256.0,3.0,83.0,2.0,1.0,0.0,9.0,0.0,0.0,0.0,0.0,50.0,1.0,103.0,0.0,226.0,1754.0,392.0,342.0
Palm Beach-120994144 4144,231.0,0.0,0.0,7.0,1.0,218.0,64.0,1.0,24.0,3.0,0.0,0.0,8.0,0.0,0.0,0.0,0.0,22.0,1.0,26.0,0.0,53.0,457.0,113.0,89.0
"Palm Beach-120994146 4140, 4146, 4148",565.0,0.0,0.0,7.0,6.0,453.0,183.0,2.0,53.0,2.0,0.0,0.0,9.0,0.0,0.0,0.0,0.0,40.0,0.0,81.0,0.0,136.0,1031.0,268.0,238.0
"Palm Beach-120994148 4140, 4146, 4148",627.0,1.0,0.0,11.0,5.0,422.0,172.0,1.0,47.0,1.0,0.0,1.0,11.0,1.0,0.0,0.0,1.0,26.0,1.0,51.0,0.0,100.0,1066.0,193.0,220.0
"Palm Beach-120994150 4150, 4162",192.0,1.0,0.0,9.0,0.0,164.0,41.0,1.0,15.0,0.0,0.0,0.0,4.0,0.0,0.0,0.0,0.0,6.0,0.0,15.0,0.0,44.0,366.0,69.0,57.0
Palm Beach-120994152 4152,668.0,3.0,1.0,34.0,11.0,665.0,148.0,3.0,85.0,4.0,2.0,0.0,31.0,0.0,0.0,0.0,0.0,25.0,0.0,60.0,0.0,150.0,1382.0,272.0,236.0
"Palm Beach-120994154 4138, 4154",366.0,1.0,1.0,18.0,10.0,336.0,59.0,0.0,47.0,2.0,0.0,0.0,12.0,0.0,0.0,0.0,0.0,16.0,0.0,29.0,0.0,75.0,732.0,134.0,106.0
"Palm Beach-120994156 4128, 4129, 4156",526.0,0.0,0.0,7.0,2.0,552.0,0.0,0.0,0.0,0.0,0.0,0.0,0.0,0.0,0.0,0.0,0.0,0.0,0.0,0.0,0.0,0.0,1087.0,0.0,0.0
"Palm Beach-120994156 4128, 4156",0.0,0.0,0.0,0.0,0.0,0.0,162.0,6.0,54.0,3.0,0.0,0.0,23.0,0.0,0.0,0.0,0.0,35.0,0.0,76.0,0.0,173.0,0.0,310.0,222.0
Palm Beach-120994158 4158,0.0,0.0,0.0,0.0,0.0,0.0,300.0,3.0,136.0,3.0,0.0,0.0,46.0,2.0,0.0,0.0,0.0,59.0,0.0,128.0,1.0,210.0,0.0,449.0,439.0
"Palm Beach-120994158 4158, 5115",1099.0,1.0,0.0,27.0,9.0,807.0,0.0,0.0,0.0,0.0,0.0,0.0,0.0,0.0,0.0,0.0,0.0,0.0,0.0,0.0,0.0,0.0,1943.0,0.0,0.0
Palm Beach-120994160 4160,455.0,0.0,1.0,16.0,2.0,478.0,140.0,1.0,63.0,5.0,0.0,0.0,18.0,0.0,0.0,0.0,0.0,34.0,0.0,61.0,0.0,134.0,952.0,252.0,204.0
"Palm Beach-120994162 4150, 4162",553.0,2.0,0.0,24.0,7.0,485.0,119.0,1.0,66.0,2.0,0.0,0.0,31.0,0.0,0.0,0.0,2.0,28.0,0.0,87.0,0.0,120.0,1071.0,270.0,186.0
Palm Beach-120994164 4164,658.0,1.0,0.0,39.0,5.0,646.0,146.0,3.0,86.0,5.0,1.0,0.0,36.0,0.0,0.0,0.0,0.0,55.0,0.0,118.0,0.0,197.0,1349.0,412.0,235.0
Palm Beach-120994166 4166,1170.0,2.0,2.0,37.0,18.0,558.0,124.0,2.0,119.0,4.0,1.0,1.0,18.0,0.0,0.0,0.0,0.0,13.0,0.0,56.0,1.0,85.0,1787.0,179.0,245.0
Palm Beach-120994168 4168,743.0,4.0,3.0,33.0,19.0,551.0,0.0,0.0,0.0,0.0,0.0,0.0,0.0,0.0,0.0,0.0,0.0,0.0,0.0,0.0,0.0,0.0,1353.0,0.0,0.0
"Palm Beach-120994168 4168, 4170",0.0,0.0,0.0,0.0,0.0,0.0,104.0,0.0,108.0,2.0,0.0,1.0,23.0,0.0,0.0,0.0,0.0,14.0,1.0,56.0,0.0,103.0,0.0,200.0,212.0
"Palm Beach-120994170 4168, 4170",0.0,0.0,0.0,0.0,0.0,0.0,178.0,7.0,130.0,3.0,1.0,0.0,68.0,0.0,0.0,0.0,1.0,48.0,2.0,116.0,0.0,276.0,0.0,515.0,315.0
Palm Beach-120994170 4170,919.0,1.0,1.0,51.0,17.0,1007.0,0.0,0.0,0.0,0.0,0.0,0.0,0.0,0.0,0.0,0.0,0.0,0.0,0.0,0.0,0.0,0.0,1996.0,0.0,0.0
Palm Beach-120994172 4172,711.0,0.0,0.0,21.0,8.0,725.0,218.0,4.0,72.0,6.0,0.0,1.0,34.0,2.0,0.0,0.0,0.0,47.0,0.0,83.0,0.0,213.0,1465.0,386.0,294.0
"Palm Beach-120994174 4174, 4178",392.0,1.0,0.0,11.0,1.0,279.0,108.0,0.0,42.0,2.0,0.0,0.0,11.0,0.0,0.0,0.0,0.0,14.0,1.0,41.0,0.0,78.0,684.0,147.0,150.0
Palm Beach-120994176 4176,974.0,0.0,2.0,28.0,6.0,727.0,231.0,5.0,125.0,7.0,0.0,0.0,27.0,0.0,0.0,1.0,0.0,33.0,0.0,72.0,0.0,171.0,1737.0,311.0,361.0
"Palm Beach-120994178 4174, 4178",828.0,4.0,1.0,16.0,7.0,648.0,274.0,4.0,91.0,3.0,3.0,0.0,40.0,1.0,1.0,1.0,1.0,42.0,0.0,85.0,0.0,175.0,1504.0,352.0,369.0
Palm Beach-120994180 4180,739.0,2.0,0.0,26.0,4.0,562.0,0.0,0.0,0.0,0.0,0.0,0.0,0.0,0.0,0.0,0.0,0.0,0.0,0.0,0.0,0.0,0.0,1333.0,0.0,0.0
"Palm Beach-120994180 4180, 4192, 4194",0.0,0.0,0.0,0.0,0.0,0.0,179.0,2.0,106.0,4.0,1.0,0.0,31.0,0.0,0.0,0.0,0.0,16.0,0.0,77.0,0.0,128.0,0.0,257.0,287.0
Palm Beach-120994182 4182,976.0,2.0,1.0,33.0,9.0,662.0,239.0,3.0,111.0,2.0,0.0,0.0,42.0,0.0,0.0,0.0,0.0,25.0,0.0,77.0,0.0,141.0,1683.0,287.0,353.0
Palm Beach-120994184 4184,597.0,0.0,0.0,30.0,4.0,662.0,132.0,2.0,105.0,4.0,1.0,1.0,38.0,0.0,0.0,0.0,0.0,36.0,0.0,79.0,0.0,145.0,1293.0,304.0,239.0
Palm Beach-120994186 4186,566.0,0.0,0.0,30.0,9.0,473.0,0.0,0.0,0.0,0.0,0.0,0.0,0.0,0.0,0.0,0.0,0.0,0.0,0.0,0.0,0.0,0.0,1078.0,0.0,0.0
"Palm Beach-120994186 4186, 4188, 4226",0.0,0.0,0.0,0.0,0.0,0.0,109.0,2.0,68.0,2.0,1.0,0.0,59.0,1.0,0.0,0.0,0.0,32.0,0.0,50.0,0.0,125.0,0.0,270.0,179.0
"Palm Beach-120994188 4186, 4188, 4226",0.0,0.0,0.0,0.0,0.0,0.0,163.0,1.0,95.0,2.0,1.0,0.0,19.0,0.0,0.0,0.0,0.0,24.0,1.0,49.0,0.0,140.0,0.0,236.0,259.0
Palm Beach-120994188 4188,825.0,2.0,0.0,23.0,18.0,549.0,0.0,0.0,0.0,0.0,0.0,0.0,0.0,0.0,0.0,0.0,0.0,0.0,0.0,0.0,0.0,0.0,1417.0,0.0,0.0
"Palm Beach-120994190 4190, 4222",0.0,0.0,0.0,0.0,0.0,0.0,123.0,1.0,93.0,0.0,5.0,1.0,30.0,0.0,0.0,0.0,0.0,49.0,3.0,101.0,0.0,263.0,0.0,452.0,217.0
"Palm Beach-120994190 4190, 4226",695.0,0.0,1.0,38.0,7.0,903.0,0.0,0.0,0.0,0.0,0.0,0.0,0.0,0.0,0.0,0.0,0.0,0.0,0.0,0.0,0.0,0.0,1644.0,0.0,0.0
"Palm Beach-120994192 4180, 4192, 4194",0.0,0.0,0.0,0.0,0.0,0.0,105.0,3.0,86.0,0.0,1.0,0.0,55.0,0.0,0.0,0.0,0.0,20.0,0.0,180.0,0.0,138.0,0.0,394.0,194.0
Palm Beach-120994192 4192,539.0,1.0,0.0,29.0,8.0,957.0,0.0,0.0,0.0,0.0,0.0,0.0,0.0,0.0,0.0,0.0,0.0,0.0,0.0,0.0,0.0,0.0,1534.0,0.0,0.0
"Palm Beach-120994194 4180, 4192, 4194",0.0,0.0,0.0,0.0,0.0,0.0,203.0,0.0,41.0,1.0,0.0,0.0,10.0,0.0,0.0,0.0,0.0,16.0,0.0,39.0,1.0,111.0,0.0,178.0,244.0
"Palm Beach-120994194 4194, 5172",543.0,0.0,0.0,4.0,2.0,353.0,0.0,0.0,0.0,0.0,0.0,0.0,0.0,0.0,0.0,0.0,0.0,0.0,0.0,0.0,0.0,0.0,902.0,0.0,0.0
"Palm Beach-120994196 4196, 4206",723.0,0.0,0.0,2.0,4.0,501.0,264.0,1.0,74.0,3.0,0.0,0.0,17.0,0.0,0.0,0.0,0.0,26.0,0.0,55.0,0.0,112.0,1230.0,213.0,339.0
"Palm Beach-120994198 4198, 4200",673.0,1.0,0.0,19.0,11.0,461.0,0.0,0.0,0.0,0.0,0.0,0.0,0.0,0.0,0.0,0.0,0.0,0.0,0.0,0.0,0.0,0.0,1165.0,0.0,0.0
"Palm Beach-120994198 4198, 4200, 5172",0.0,0.0,0.0,0.0,0.0,0.0,129.0,2.0,68.0,3.0,0.0,0.0,19.0,0.0,0.0,2.0,0.0,12.0,1.0,45.0,0.0,111.0,0.0,193.0,199.0
"Palm Beach-120994200 4198, 4200",393.0,1.0,0.0,9.0,3.0,392.0,0.0,0.0,0.0,0.0,0.0,0.0,0.0,0.0,0.0,0.0,0.0,0.0,0.0,0.0,0.0,0.0,798.0,0.0,0.0
"Palm Beach-120994200 4198, 4200, 5172",0.0,0.0,0.0,0.0,0.0,0.0,109.0,1.0,50.0,2.0,2.0,0.0,17.0,0.0,0.0,0.0,0.0,24.0,0.0,39.0,0.0,118.0,0.0,202.0,160.0
Palm Beach-120994202 4202,833.0,1.0,2.0,15.0,6.0,622.0,0.0,0.0,0.0,0.0,0.0,0.0,0.0,0.0,0.0,0.0,0.0,0.0,0.0,0.0,0.0,0.0,1479.0,0.0,0.0
"Palm Beach-120994202 4202, 4204, 4210",0.0,0.0,0.0,0.0,0.0,0.0,256.0,3.0,91.0,4.0,2.0,0.0,32.0,0.0,0.0,0.0,0.0,32.0,1.0,57.0,0.0,177.0,0.0,305.0,350.0
"Palm Beach-120994204 4202, 4204, 4210",0.0,0.0,0.0,0.0,0.0,0.0,122.0,3.0,87.0,0.0,0.0,0.0,13.0,0.0,0.0,0.0,0.0,11.0,1.0,41.0,0.0,87.0,0.0,153.0,212.0
"Palm Beach-120994204 4204, 4210",727.0,5.0,0.0,20.0,9.0,430.0,0.0,0.0,0.0,0.0,0.0,0.0,0.0,0.0,0.0,0.0,0.0,0.0,0.0,0.0,0.0,0.0,1191.0,0.0,0.0
"Palm Beach-120994206 4196, 4206",648.0,0.0,0.0,12.0,5.0,494.0,167.0,1.0,59.0,2.0,0.0,0.0,19.0,0.0,0.0,0.0,0.0,14.0,0.0,54.0,0.0,129.0,1159.0,218.0,227.0
Palm Beach-120994208 4208,990.0,0.0,1.0,7.0,5.0,607.0,392.0,1.0,97.0,3.0,1.0,1.0,33.0,1.0,0.0,0.0,0.0,33.0,0.0,77.0,0.0,155.0,1610.0,304.0,490.0
"Palm Beach-120994210 4202, 4204, 4210",0.0,0.0,0.0,0.0,0.0,0.0,147.0,2.0,90.0,3.0,1.0,0.0,41.0,0.0,0.0,0.0,0.0,28.0,0.0,105.0,0.0,236.0,0.0,414.0,239.0
"Palm Beach-120994210 4204, 4210",748.0,0.0,3.0,29.0,10.0,855.0,0.0,0.0,0.0,0.0,0.0,0.0,0.0,0.0,0.0,0.0,0.0,0.0,0.0,0.0,0.0,0.0,1645.0,0.0,0.0
Palm Beach-120994212 4212,745.0,0.0,1.0,26.0,14.0,820.0,176.0,6.0,105.0,3.0,0.0,0.0,29.0,0.0,0.0,0.0,0.0,54.0,1.0,84.0,0.0,232.0,1606.0,403.0,287.0
"Palm Beach-120994214 4214, 4216",671.0,1.0,1.0,34.0,8.0,937.0,131.0,3.0,88.0,3.0,6.0,1.0,45.0,0.0,0.0,0.0,0.0,35.0,0.0,95.0,1.0,264.0,1652.0,450.0,222.0
"Palm Beach-120994216 4214, 4216",750.0,1.0,0.0,45.0,10.0,1084.0,165.0,6.0,99.0,6.0,2.0,1.0,97.0,0.0,0.0,0.0,0.0,75.0,0.0,126.0,0.0,282.0,1890.0,589.0,270.0
"Palm Beach-120994218 4218, 4224",499.0,2.0,2.0,28.0,7.0,865.0,105.0,2.0,73.0,10.0,1.0,0.0,46.0,0.0,0.0,0.0,0.0,43.0,0.0,134.0,0.0,264.0,1403.0,498.0,180.0
"Palm Beach-120994220 4220, 4228",460.0,1.0,2.0,14.0,10.0,424.0,93.0,3.0,44.0,0.0,0.0,0.0,20.0,0.0,0.0,0.0,0.0,12.0,1.0,58.0,0.0,76.0,911.0,167.0,140.0
"Palm Beach-120994222 4190, 4222",0.0,0.0,0.0,0.0,0.0,0.0,171.0,1.0,62.0,3.0,0.0,0.0,28.0,1.0,0.0,0.0,0.0,53.0,0.0,84.0,0.0,261.0,0.0,430.0,234.0
Palm Beach-120994222 4222,835.0,1.0,0.0,29.0,7.0,919.0,0.0,0.0,0.0,0.0,0.0,0.0,0.0,0.0,0.0,0.0,0.0,0.0,0.0,0.0,0.0,0.0,1791.0,0.0,0.0
"Palm Beach-120994224 4218, 4224",563.0,3.0,0.0,28.0,9.0,1093.0,119.0,3.0,60.0,3.0,2.0,1.0,42.0,0.0,0.0,0.0,2.0,83.0,1.0,106.0,1.0,340.0,1696.0,581.0,182.0
"Palm Beach-120994226 4186, 4188, 4226",0.0,0.0,0.0,0.0,0.0,0.0,74.0,0.0,20.0,2.0,1.0,1.0,16.0,0.0,0.0,0.0,0.0,40.0,0.0,51.0,0.0,134.0,0.0,245.0,94.0
"Palm Beach-120994226 4190, 4226",283.0,0.0,0.0,7.0,2.0,424.0,0.0,0.0,0.0,0.0,0.0,0.0,0.0,0.0,0.0,0.0,0.0,0.0,0.0,0.0,0.0,0.0,716.0,0.0,0.0
"Palm Beach-120994228 4220, 4228",577.0,0.0,0.0,14.0,0.0,651.0,174.0,1.0,58.0,1.0,4.0,1.0,24.0,0.0,0.0,0.0,0.0,32.0,0.0,73.0,1.0,213.0,1242.0,349.0,233.0
Palm Beach-120994230 4230,367.0,0.0,0.0,6.0,4.0,433.0,93.0,3.0,45.0,2.0,0.0,0.0,25.0,0.0,1.0,0.0,1.0,24.0,0.0,58.0,0.0,128.0,810.0,239.0,141.0
"Palm Beach-120995002 5002, 5003, 5004, 5006,5007",380.0,0.0,1.0,14.0,0.0,457.0,0.0,0.0,0.0,0.0,0.0,0.0,0.0,0.0,0.0,0.0,0.0,0.0,0.0,0.0,0.0,0.0,852.0,0.0,0.0
"Palm Beach-120995002 5002, 5004, 5006",0.0,0.0,0.0,0.0,0.0,0.0,203.0,4.0,87.0,2.0,0.0,0.0,46.0,0.0,0.0,0.0,0.0,29.0,1.0,70.0,0.0,161.0,0.0,309.0,294.0
"Palm Beach-120995003 5002, 5003, 5004, 5006,5007",494.0,3.0,0.0,17.0,12.0,377.0,0.0,0.0,0.0,0.0,0.0,0.0,0.0,0.0,0.0,0.0,0.0,0.0,0.0,0.0,0.0,0.0,903.0,0.0,0.0
Palm Beach-120995003 5003,494.0,3.0,0.0,17.0,12.0,377.0,0.0,0.0,0.0,0.0,0.0,0.0,0.0,0.0,0.0,0.0,0.0,0.0,0.0,0.0,0.0,0.0,903.0,0.0,0.0
"Palm Beach-120995004 5002, 5003, 5004, 5006,5007",1.0,0.0,0.0,0.0,0.0,3.0,0.0,0.0,0.0,0.0,0.0,0.0,0.0,0.0,0.0,0.0,0.0,0.0,0.0,0.0,0.0,0.0,4.0,0.0,0.0
"Palm Beach-120995004 5002, 5004, 5006",0.0,0.0,0.0,0.0,0.0,0.0,0.0,0.0,0.0,0.0,0.0,0.0,0.0,0.0,0.0,0.0,0.0,0.0,0.0,0.0,0.0,1.0,0.0,1.0,0.0
"Palm Beach-120995006 5002, 5003, 5004, 5006,5007",952.0,0.0,0.0,9.0,1.0,506.0,0.0,0.0,0.0,0.0,0.0,0.0,0.0,0.0,0.0,0.0,0.0,0.0,0.0,0.0,0.0,0.0,1468.0,0.0,0.0
"Palm Beach-120995006 5002, 5004, 5006",0.0,0.0,0.0,0.0,0.0,0.0,387.0,4.0,87.0,6.0,0.0,0.0,15.0,0.0,0.0,0.0,0.0,46.0,0.0,72.0,0.0,154.0,0.0,293.0,478.0
"Palm Beach-120995007 5002, 5003, 5004, 5006,5007",4.0,0.0,0.0,0.0,0.0,1.0,0.0,0.0,0.0,0.0,0.0,0.0,0.0,0.0,0.0,0.0,0.0,0.0,0.0,0.0,0.0,0.0,5.0,0.0,0.0
Palm Beach-120995007 5007,4.0,0.0,0.0,0.0,0.0,1.0,0.0,0.0,0.0,0.0,0.0,0.0,0.0,0.0,0.0,0.0,0.0,0.0,0.0,0.0,0.0,0.0,5.0,0.0,0.0
Palm Beach-120995008 5008,1010.0,0.0,1.0,20.0,4.0,642.0,265.0,5.0,49.0,1.0,0.0,0.0,22.0,0.0,0.0,0.0,0.0,18.0,0.0,75.0,0.0,140.0,1677.0,256.0,319.0
Palm Beach-120995009 5009,1271.0,0.0,1.0,36.0,9.0,963.0,235.0,1.0,94.0,1.0,2.0,0.0,46.0,0.0,0.0,0.0,0.0,23.0,0.0,91.0,0.0,216.0,2280.0,379.0,330.0
Palm Beach-120995010 5010,1013.0,0.0,0.0,4.0,4.0,310.0,509.0,3.0,120.0,0.0,0.0,0.0,6.0,0.0,0.0,0.0,0.0,31.0,0.0,18.0,0.0,74.0,1331.0,129.0,632.0
Palm Beach-120995012 5012,462.0,0.0,0.0,0.0,2.0,171.0,228.0,4.0,43.0,1.0,0.0,2.0,5.0,0.0,0.0,0.0,0.0,13.0,0.0,15.0,0.0,41.0,635.0,77.0,275.0
Palm Beach-120995014 5014,624.0,1.0,2.0,18.0,8.0,414.0,137.0,2.0,67.0,0.0,0.0,1.0,25.0,0.0,0.0,0.0,0.0,11.0,0.0,46.0,0.0,85.0,1067.0,168.0,206.0
"Palm Beach-120995016 5016, 5026",931.0,0.0,0.0,26.0,12.0,682.0,289.0,4.0,110.0,4.0,2.0,0.0,32.0,0.0,0.0,0.0,0.0,10.0,0.0,60.0,0.0,171.0,1651.0,279.0,403.0
"Palm Beach-120995018 3166, 5018",745.0,1.0,0.0,7.0,3.0,318.0,0.0,0.0,0.0,0.0,0.0,0.0,0.0,0.0,0.0,0.0,0.0,0.0,0.0,0.0,0.0,0.0,1074.0,0.0,0.0
Palm Beach-120995018 5018,745.0,1.0,0.0,7.0,3.0,318.0,378.0,5.0,82.0,0.0,0.0,2.0,6.0,0.0,0.0,1.0,0.0,17.0,1.0,21.0,0.0,80.0,1074.0,128.0,465.0
"Palm Beach-120995020 5020, 5022",625.0,1.0,0.0,20.0,7.0,328.0,141.0,3.0,52.0,1.0,0.0,0.0,24.0,0.0,0.0,0.0,0.0,10.0,0.0,37.0,0.0,59.0,981.0,131.0,196.0
"Palm Beach-120995022 5020, 5022",907.0,0.0,0.0,15.0,3.0,507.0,345.0,7.0,95.0,2.0,0.0,1.0,13.0,0.0,0.0,0.0,0.0,25.0,0.0,47.0,0.0,132.0,1432.0,220.0,447.0
Palm Beach-120995024 5024,597.0,0.0,0.0,5.0,2.0,313.0,277.0,7.0,56.0,1.0,0.0,0.0,10.0,1.0,0.0,0.0,0.0,18.0,0.0,52.0,0.0,87.0,917.0,169.0,340.0
"Palm Beach-120995026 5016, 5026",931.0,1.0,0.0,19.0,7.0,384.0,312.0,2.0,102.0,0.0,1.0,0.0,16.0,0.0,0.0,0.0,0.0,20.0,0.0,49.0,0.0,90.0,1342.0,176.0,416.0
Palm Beach-120995028 5028,777.0,2.0,3.0,18.0,9.0,566.0,307.0,5.0,120.0,3.0,0.0,0.0,34.0,0.0,0.0,0.0,0.0,12.0,0.0,57.0,0.0,107.0,1375.0,213.0,432.0
Palm Beach-120995030 5030,635.0,1.0,0.0,7.0,6.0,230.0,217.0,1.0,60.0,0.0,1.0,0.0,10.0,0.0,0.0,0.0,1.0,6.0,0.0,17.0,0.0,49.0,879.0,84.0,278.0
"Palm Beach-120995032 4014, 5032,",299.0,0.0,1.0,0.0,1.0,111.0,157.0,1.0,38.0,0.0,0.0,0.0,3.0,0.0,0.0,0.0,0.0,9.0,0.0,18.0,0.0,24.0,412.0,54.0,196.0
Palm Beach-120995034 5034,918.0,0.0,1.0,5.0,0.0,372.0,416.0,1.0,89.0,1.0,0.0,0.0,16.0,0.0,0.0,0.0,0.0,32.0,0.0,31.0,0.0,110.0,1296.0,190.0,506.0
Palm Beach-120995036 5036,804.0,0.0,0.0,8.0,1.0,363.0,372.0,3.0,99.0,0.0,1.0,0.0,12.0,0.0,0.0,0.0,0.0,21.0,0.0,26.0,0.0,103.0,1176.0,163.0,474.0
Palm Beach-120995038 5038,807.0,0.0,0.0,7.0,4.0,351.0,426.0,4.0,98.0,0.0,1.0,0.0,10.0,0.0,0.0,1.0,1.0,26.0,0.0,27.0,0.0,99.0,1169.0,165.0,528.0
Palm Beach-120995040 5040,455.0,0.0,0.0,6.0,2.0,206.0,205.0,2.0,33.0,1.0,0.0,0.0,11.0,0.0,0.0,0.0,0.0,15.0,0.0,23.0,0.0,38.0,669.0,88.0,240.0
Palm Beach-120995042 5042,895.0,2.0,0.0,12.0,6.0,421.0,364.0,2.0,66.0,1.0,2.0,0.0,14.0,0.0,0.0,0.0,0.0,17.0,0.0,36.0,0.0,111.0,1336.0,181.0,432.0
Palm Beach-120995044 5044,583.0,0.0,0.0,3.0,0.0,272.0,296.0,3.0,76.0,1.0,2.0,0.0,5.0,0.0,0.0,0.0,0.0,25.0,0.0,22.0,0.0,75.0,858.0,130.0,375.0
Palm Beach-120995046 5046,1449.0,0.0,2.0,13.0,5.0,702.0,561.0,4.0,136.0,1.0,0.0,1.0,35.0,0.0,0.0,0.0,0.0,31.0,1.0,69.0,0.0,169.0,2171.0,307.0,701.0
Palm Beach-120995048 5048,578.0,0.0,0.0,12.0,4.0,379.0,199.0,2.0,73.0,1.0,1.0,0.0,24.0,0.0,0.0,0.0,0.0,17.0,0.0,39.0,0.0,99.0,973.0,181.0,274.0
Palm Beach-120995050 5050,1122.0,0.0,0.0,8.0,3.0,404.0,607.0,9.0,130.0,0.0,0.0,1.0,6.0,0.0,0.0,0.0,0.0,21.0,0.0,46.0,0.0,102.0,1537.0,176.0,746.0
Palm Beach-120995052 5052,546.0,0.0,0.0,7.0,2.0,376.0,158.0,2.0,41.0,2.0,0.0,1.0,17.0,0.0,0.0,0.0,1.0,14.0,1.0,31.0,0.0,106.0,931.0,173.0,201.0
Palm Beach-120995054 5054,0.0,0.0,0.0,0.0,0.0,0.0,313.0,1.0,92.0,2.0,2.0,0.0,25.0,1.0,0.0,0.0,0.0,42.0,0.0,138.0,0.0,261.0,0.0,471.0,406.0
"Palm Beach-120995054 5054, 5055",786.0,0.0,0.0,17.0,8.0,904.0,0.0,0.0,0.0,0.0,0.0,0.0,0.0,0.0,0.0,0.0,0.0,0.0,0.0,0.0,0.0,0.0,1715.0,0.0,0.0
"Palm Beach-120995055 5054, 5055",319.0,0.0,0.0,5.0,1.0,183.0,0.0,0.0,0.0,0.0,0.0,0.0,0.0,0.0,0.0,0.0,0.0,0.0,0.0,0.0,0.0,0.0,508.0,0.0,0.0
Palm Beach-120995055 5055,319.0,0.0,0.0,5.0,1.0,183.0,0.0,0.0,0.0,0.0,0.0,0.0,0.0,0.0,0.0,0.0,0.0,0.0,0.0,0.0,0.0,0.0,508.0,0.0,0.0
"Palm Beach-120995056 5056, 5060",1605.0,2.0,0.0,23.0,4.0,1015.0,521.0,3.0,138.0,2.0,1.0,0.0,33.0,0.0,0.0,0.0,0.0,26.0,0.0,74.0,0.0,202.0,2649.0,338.0,662.0
Palm Beach-120995058 5058,729.0,0.0,0.0,6.0,1.0,271.0,417.0,4.0,78.0,2.0,0.0,0.0,5.0,0.0,0.0,0.0,0.0,13.0,0.0,32.0,0.0,70.0,1007.0,122.0,499.0
"Palm Beach-120995060 5056, 5060",539.0,0.0,0.0,3.0,1.0,295.0,221.0,1.0,56.0,1.0,0.0,0.0,8.0,0.0,0.0,0.0,0.0,23.0,0.0,39.0,0.0,93.0,838.0,164.0,278.0
Palm Beach-120995062 5062,480.0,0.0,0.0,7.0,0.0,284.0,257.0,8.0,63.0,2.0,2.0,0.0,3.0,0.0,0.0,0.0,0.0,12.0,0.0,30.0,0.0,94.0,771.0,143.0,328.0
Palm Beach-120995064 5064,954.0,0.0,0.0,7.0,3.0,395.0,495.0,4.0,91.0,1.0,0.0,0.0,12.0,1.0,0.0,0.0,1.0,14.0,0.0,18.0,0.0,83.0,1359.0,130.0,590.0
Palm Beach-120995066 5066,640.0,1.0,0.0,8.0,6.0,399.0,253.0,1.0,101.0,2.0,1.0,0.0,8.0,0.0,0.0,0.0,0.0,6.0,0.0,35.0,0.0,87.0,1054.0,139.0,355.0
Palm Beach-120995068 5068,208.0,0.0,0.0,4.0,4.0,102.0,97.0,0.0,34.0,0.0,0.0,0.0,3.0,0.0,0.0,0.0,0.0,4.0,0.0,11.0,1.0,16.0,318.0,35.0,131.0
Palm Beach-120995070 5070,413.0,2.0,0.0,2.0,3.0,251.0,186.0,0.0,74.0,1.0,1.0,0.0,12.0,0.0,0.0,0.0,0.0,8.0,0.0,17.0,0.0,67.0,671.0,106.0,260.0
Palm Beach-120995072 5072,773.0,1.0,0.0,6.0,2.0,229.0,370.0,3.0,78.0,0.0,1.0,0.0,4.0,0.0,0.0,0.0,0.0,12.0,0.0,16.0,1.0,33.0,1011.0,67.0,451.0
Palm Beach-120995074 5074,305.0,1.0,0.0,7.0,4.0,176.0,112.0,5.0,58.0,0.0,0.0,0.0,7.0,0.0,0.0,0.0,0.0,3.0,0.0,19.0,0.0,56.0,493.0,85.0,175.0
Palm Beach-120995076 5076,627.0,0.0,0.0,5.0,5.0,279.0,260.0,5.0,78.0,0.0,1.0,0.0,9.0,0.0,0.0,0.0,0.0,16.0,0.0,11.0,0.0,87.0,916.0,124.0,343.0
Palm Beach-120995078 5078,544.0,0.0,1.0,8.0,5.0,301.0,208.0,3.0,67.0,2.0,0.0,0.0,6.0,0.0,0.0,0.0,0.0,5.0,0.0,30.0,0.0,66.0,859.0,109.0,278.0
"Palm Beach-120995080 5080, 5082",81.0,1.0,0.0,2.0,1.0,51.0,28.0,0.0,12.0,2.0,0.0,0.0,3.0,0.0,0.0,0.0,0.0,1.0,0.0,6.0,0.0,14.0,136.0,26.0,40.0
"Palm Beach-120995082 5080, 5082",564.0,2.0,0.0,14.0,4.0,380.0,173.0,2.0,63.0,0.0,0.0,0.0,19.0,0.0,0.0,0.0,0.0,10.0,0.0,27.0,0.0,93.0,964.0,149.0,238.0
Palm Beach-120995084 5084,419.0,0.0,1.0,9.0,1.0,329.0,162.0,8.0,53.0,2.0,0.0,0.0,14.0,0.0,0.0,0.0,0.0,3.0,0.0,22.0,0.0,78.0,759.0,119.0,223.0
"Palm Beach-120995086 4096, 4100, 5086, 5088",29.0,0.0,0.0,1.0,0.0,18.0,12.0,0.0,2.0,0.0,0.0,0.0,3.0,0.0,0.0,0.0,0.0,0.0,0.0,0.0,0.0,1.0,48.0,4.0,14.0
"Palm Beach-120995088 4096, 4100, 5086, 5088",179.0,3.0,0.0,7.0,1.0,109.0,35.0,2.0,23.0,0.0,0.0,0.0,7.0,0.0,0.0,0.0,0.0,2.0,0.0,9.0,0.0,23.0,299.0,41.0,60.0
Palm Beach-120995090 5090,1016.0,0.0,1.0,16.0,3.0,537.0,398.0,3.0,105.0,2.0,0.0,0.0,18.0,0.0,0.0,0.0,0.0,31.0,0.0,68.0,0.0,122.0,1573.0,241.0,506.0
Palm Beach-120995092 5092,810.0,1.0,0.0,5.0,1.0,404.0,388.0,3.0,84.0,1.0,0.0,0.0,13.0,0.0,0.0,0.0,0.0,11.0,0.0,38.0,0.0,96.0,1221.0,159.0,475.0
Palm Beach-120995094 5094,340.0,0.0,0.0,0.0,3.0,182.0,141.0,4.0,42.0,0.0,0.0,0.0,6.0,0.0,0.0,0.0,0.0,3.0,0.0,3.0,0.0,51.0,525.0,63.0,187.0
Palm Beach-120995096 5096,769.0,2.0,3.0,11.0,4.0,467.0,293.0,6.0,80.0,1.0,0.0,0.0,22.0,0.0,0.0,0.0,0.0,8.0,0.0,25.0,0.0,114.0,1256.0,170.0,379.0
"Palm Beach-120995098 5098, 5102",369.0,0.0,0.0,4.0,1.0,263.0,174.0,4.0,47.0,1.0,0.0,1.0,5.0,0.0,0.0,0.0,1.0,7.0,0.0,15.0,0.0,72.0,637.0,102.0,225.0
"Palm Beach-120995100 5100, 5104",769.0,0.0,0.0,8.0,11.0,398.0,343.0,3.0,105.0,1.0,1.0,1.0,7.0,0.0,0.0,0.0,0.0,9.0,0.0,27.0,0.0,81.0,1186.0,127.0,451.0
"Palm Beach-120995102 5098, 5102",915.0,1.0,3.0,7.0,6.0,328.0,403.0,3.0,81.0,1.0,0.0,1.0,13.0,0.0,0.0,0.0,0.0,8.0,0.0,27.0,0.0,76.0,1260.0,126.0,487.0
"Palm Beach-120995104 5100, 5104",740.0,1.0,2.0,9.0,7.0,391.0,310.0,2.0,90.0,0.0,1.0,0.0,16.0,0.0,0.0,0.0,0.0,8.0,1.0,23.0,0.0,71.0,1150.0,120.0,402.0
Palm Beach-120995106 5106,909.0,1.0,0.0,33.0,14.0,642.0,231.0,2.0,137.0,1.0,1.0,0.0,38.0,0.0,0.0,0.0,0.0,13.0,1.0,51.0,1.0,121.0,1599.0,227.0,370.0
"Palm Beach-120995108 5108, 5136",1109.0,0.0,0.0,29.0,3.0,1016.0,255.0,4.0,63.0,2.0,0.0,0.0,21.0,0.0,0.0,0.0,0.0,42.0,0.0,99.0,0.0,247.0,2157.0,411.0,322.0
"Palm Beach-120995110 5110, 5114, 5118",566.0,0.0,0.0,12.0,2.0,589.0,172.0,4.0,35.0,1.0,0.0,0.0,13.0,0.0,0.0,0.0,0.0,47.0,0.0,110.0,0.0,167.0,1169.0,338.0,211.0
"Palm Beach-120995111 5111, 5112, 5113",54.0,0.0,0.0,1.0,0.0,55.0,0.0,0.0,0.0,0.0,0.0,0.0,0.0,0.0,0.0,0.0,0.0,0.0,0.0,0.0,0.0,0.0,110.0,0.0,0.0
"Palm Beach-120995112 5111, 5112, 5113",650.0,1.0,0.0,15.0,0.0,650.0,0.0,0.0,0.0,0.0,0.0,0.0,0.0,0.0,0.0,0.0,0.0,0.0,0.0,0.0,0.0,0.0,1316.0,0.0,0.0
Palm Beach-120995112 5112,650.0,1.0,0.0,15.0,0.0,650.0,175.0,2.0,56.0,1.0,1.0,0.0,22.0,0.0,0.0,0.0,0.0,48.0,0.0,112.0,1.0,185.0,1316.0,370.0,233.0
"Palm Beach-120995113 5111, 5112, 5113",26.0,0.0,0.0,1.0,0.0,28.0,0.0,0.0,0.0,0.0,0.0,0.0,0.0,0.0,0.0,0.0,0.0,0.0,0.0,0.0,0.0,0.0,55.0,0.0,0.0
Palm Beach-120995113 5113,26.0,0.0,0.0,1.0,0.0,28.0,0.0,0.0,0.0,0.0,0.0,0.0,0.0,0.0,0.0,0.0,0.0,0.0,0.0,0.0,0.0,0.0,55.0,0.0,0.0
"Palm Beach-120995114 5110, 5114, 5118",230.0,0.0,0.0,9.0,0.0,217.0,53.0,1.0,20.0,0.0,0.0,0.0,8.0,0.0,0.0,0.0,0.0,5.0,0.0,25.0,0.0,48.0,456.0,86.0,74.0
"Palm Beach-120995115 4158, 5115",0.0,0.0,0.0,0.0,0.0,1.0,0.0,0.0,0.0,0.0,0.0,0.0,0.0,0.0,0.0,0.0,0.0,0.0,0.0,0.0,0.0,0.0,1.0,0.0,0.0
Palm Beach-120995115 5115,0.0,0.0,0.0,0.0,0.0,1.0,0.0,0.0,0.0,0.0,0.0,0.0,0.0,0.0,0.0,0.0,0.0,0.0,0.0,0.0,0.0,0.0,1.0,0.0,0.0
Palm Beach-120995116 5116,0.0,0.0,0.0,0.0,0.0,0.0,362.0,8.0,60.0,0.0,1.0,2.0,9.0,0.0,0.0,0.0,0.0,52.0,0.0,94.0,0.0,239.0,0.0,397.0,430.0
"Palm Beach-120995116 5116, 5117, 5119",656.0,0.0,1.0,10.0,2.0,595.0,0.0,0.0,0.0,0.0,0.0,0.0,0.0,0.0,0.0,0.0,0.0,0.0,0.0,0.0,0.0,0.0,1264.0,0.0,0.0
"Palm Beach-120995117 5116, 5117, 5119",297.0,0.0,0.0,5.0,0.0,205.0,0.0,0.0,0.0,0.0,0.0,0.0,0.0,0.0,0.0,0.0,0.0,0.0,0.0,0.0,0.0,0.0,507.0,0.0,0.0
Palm Beach-120995117 5117,297.0,0.0,0.0,5.0,0.0,205.0,0.0,0.0,0.0,0.0,0.0,0.0,0.0,0.0,0.0,0.0,0.0,0.0,0.0,0.0,0.0,0.0,507.0,0.0,0.0
"Palm Beach-120995118 5110, 5114, 5118",116.0,0.0,0.0,4.0,0.0,94.0,32.0,0.0,7.0,0.0,0.0,0.0,6.0,0.0,0.0,0.0,0.0,3.0,0.0,7.0,0.0,23.0,214.0,39.0,39.0
"Palm Beach-120995119 5116, 5117, 5119",43.0,0.0,0.0,1.0,0.0,34.0,0.0,0.0,0.0,0.0,0.0,0.0,0.0,0.0,0.0,0.0,0.0,0.0,0.0,0.0,0.0,0.0,78.0,0.0,0.0
Palm Beach-120995119 5119,43.0,0.0,0.0,1.0,0.0,34.0,0.0,0.0,0.0,0.0,0.0,0.0,0.0,0.0,0.0,0.0,0.0,0.0,0.0,0.0,0.0,0.0,78.0,0.0,0.0
"Palm Beach-120995120 4114, 5120, 5122, 5124",3.0,0.0,0.0,0.0,0.0,2.0,2.0,0.0,0.0,0.0,0.0,0.0,0.0,0.0,0.0,0.0,0.0,0.0,0.0,0.0,0.0,0.0,5.0,0.0,2.0
"Palm Beach-120995122 4114, 5120, 5122, 5124",306.0,1.0,0.0,5.0,5.0,166.0,78.0,0.0,33.0,1.0,0.0,0.0,7.0,1.0,0.0,0.0,0.0,8.0,1.0,15.0,0.0,32.0,483.0,65.0,111.0
"Palm Beach-120995124 4114, 5120, 5122, 5124",160.0,0.0,0.0,4.0,2.0,127.0,61.0,2.0,15.0,0.0,0.0,0.0,9.0,0.0,0.0,0.0,0.0,3.0,0.0,16.0,0.0,33.0,293.0,61.0,78.0
Palm Beach-120995126 5126,293.0,0.0,0.0,3.0,1.0,112.0,144.0,0.0,31.0,0.0,0.0,0.0,6.0,1.0,0.0,0.0,0.0,6.0,0.0,11.0,0.0,35.0,409.0,59.0,175.0
Palm Beach-120995128 5128,809.0,0.0,2.0,25.0,9.0,570.0,217.0,4.0,86.0,3.0,1.0,0.0,21.0,0.0,0.0,0.0,0.0,26.0,0.0,42.0,1.0,132.0,1415.0,226.0,307.0
"Palm Beach-120995130 5130, 5134",679.0,1.0,1.0,23.0,3.0,631.0,161.0,2.0,57.0,0.0,0.0,0.0,24.0,0.0,0.0,0.0,0.0,20.0,0.0,62.0,0.0,164.0,1338.0,270.0,220.0
Palm Beach-120995132 5132,921.0,0.0,1.0,27.0,6.0,639.0,263.0,3.0,136.0,5.0,1.0,0.0,24.0,0.0,0.0,0.0,1.0,16.0,2.0,59.0,0.0,153.0,1594.0,261.0,402.0
"Palm Beach-120995134 5130, 5134",527.0,0.0,2.0,22.0,7.0,492.0,112.0,2.0,60.0,1.0,0.0,0.0,25.0,0.0,0.0,0.0,0.0,10.0,0.0,61.0,0.0,106.0,1050.0,203.0,174.0
"Palm Beach-120995136 5108, 5136",906.0,2.0,2.0,24.0,10.0,613.0,199.0,0.0,109.0,2.0,1.0,0.0,24.0,0.0,0.0,0.0,0.0,9.0,1.0,54.0,0.0,133.0,1557.0,224.0,308.0
"Palm Beach-120995138 5138, 5142",855.0,3.0,1.0,23.0,8.0,579.0,229.0,4.0,111.0,1.0,1.0,0.0,31.0,1.0,0.0,0.0,0.0,5.0,0.0,66.0,0.0,131.0,1469.0,236.0,344.0
Palm Beach-120995140 5140,1052.0,0.0,2.0,44.0,11.0,820.0,0.0,0.0,0.0,0.0,0.0,0.0,0.0,0.0,0.0,0.0,0.0,0.0,0.0,0.0,0.0,0.0,1929.0,0.0,0.0
"Palm Beach-120995140 5140, 5156",0.0,0.0,0.0,0.0,0.0,0.0,239.0,3.0,125.0,5.0,1.0,0.0,37.0,0.0,0.0,0.0,0.0,17.0,1.0,75.0,0.0,169.0,0.0,305.0,367.0
"Palm Beach-120995142 5138, 5142",334.0,0.0,1.0,7.0,1.0,285.0,102.0,0.0,34.0,3.0,0.0,0.0,8.0,0.0,0.0,0.0,0.0,14.0,0.0,28.0,0.0,61.0,628.0,114.0,136.0
Palm Beach-120995144 5144,931.0,1.0,0.0,2.0,5.0,506.0,470.0,5.0,105.0,3.0,1.0,0.0,19.0,0.0,0.0,0.0,1.0,14.0,0.0,33.0,0.0,121.0,1445.0,192.0,580.0
"Palm Beach-120995146 5146, 5148, 5150",811.0,0.0,0.0,3.0,3.0,573.0,327.0,4.0,104.0,0.0,0.0,0.0,22.0,0.0,0.0,1.0,0.0,13.0,0.0,37.0,0.0,101.0,1390.0,174.0,435.0
"Palm Beach-120995148 5146, 5148, 5150",616.0,1.0,0.0,6.0,1.0,344.0,253.0,3.0,79.0,1.0,0.0,0.0,20.0,0.0,0.0,0.0,0.0,4.0,0.0,22.0,0.0,67.0,968.0,114.0,335.0
"Palm Beach-120995150 5146, 5148, 5150",574.0,0.0,1.0,1.0,1.0,287.0,216.0,2.0,65.0,0.0,0.0,1.0,9.0,0.0,0.0,0.0,0.0,8.0,0.0,20.0,1.0,68.0,864.0,107.0,283.0
Palm Beach-120995152 5152,970.0,0.0,0.0,24.0,3.0,879.0,235.0,5.0,130.0,0.0,1.0,0.0,44.0,1.0,0.0,0.0,0.0,28.0,0.0,94.0,0.0,206.0,1876.0,374.0,370.0
Palm Beach-120995154 5154,957.0,0.0,1.0,15.0,6.0,796.0,220.0,1.0,109.0,2.0,1.0,0.0,29.0,0.0,0.0,0.0,0.0,29.0,1.0,75.0,0.0,216.0,1775.0,353.0,330.0
"Palm Beach-120995156 5140, 5156",0.0,0.0,0.0,0.0,0.0,0.0,247.0,2.0,83.0,3.0,0.0,0.0,21.0,0.0,0.0,0.0,0.0,16.0,1.0,27.0,1.0,114.0,0.0,183.0,332.0
Palm Beach-120995156 5156,773.0,0.0,1.0,15.0,7.0,520.0,0.0,0.0,0.0,0.0,0.0,0.0,0.0,0.0,0.0,0.0,0.0,0.0,0.0,0.0,0.0,0.0,1316.0,0.0,0.0
"Palm Beach-120995158 5158, 5160",762.0,0.0,0.0,4.0,1.0,473.0,274.0,3.0,67.0,3.0,0.0,1.0,11.0,1.0,0.0,0.0,0.0,40.0,0.0,71.0,1.0,116.0,1240.0,244.0,344.0
"Palm Beach-120995160 5158, 5160",817.0,0.0,0.0,10.0,3.0,489.0,311.0,3.0,53.0,2.0,2.0,0.0,10.0,0.0,0.0,0.0,0.0,49.0,1.0,67.0,1.0,143.0,1319.0,275.0,367.0
Palm Beach-120995162 5162,776.0,4.0,1.0,34.0,11.0,811.0,184.0,6.0,129.0,0.0,0.0,0.0,59.0,0.0,0.0,0.0,0.0,30.0,1.0,100.0,0.0,217.0,1637.0,407.0,319.0
Palm Beach-120995164 5164,1037.0,1.0,1.0,15.0,8.0,666.0,277.0,4.0,121.0,2.0,3.0,0.0,26.0,0.0,0.0,0.0,0.0,22.0,0.0,69.0,0.0,159.0,1728.0,281.0,402.0
"Palm Beach-120995166 5166, 5170, 5186",0.0,0.0,0.0,0.0,0.0,0.0,168.0,3.0,105.0,2.0,1.0,0.0,32.0,0.0,0.0,0.0,0.0,16.0,0.0,66.0,1.0,130.0,0.0,248.0,276.0
"Palm Beach-120995166 5166, 5186",844.0,0.0,3.0,33.0,8.0,619.0,0.0,0.0,0.0,0.0,0.0,0.0,0.0,0.0,0.0,0.0,0.0,0.0,0.0,0.0,0.0,0.0,1507.0,0.0,0.0
Palm Beach-120995168 5168,970.0,0.0,2.0,24.0,8.0,591.0,254.0,4.0,75.0,1.0,4.0,1.0,34.0,1.0,0.0,0.0,0.0,10.0,0.0,46.0,0.0,144.0,1595.0,241.0,333.0
"Palm Beach-120995170 5166, 5170, 5186",0.0,0.0,0.0,0.0,0.0,0.0,378.0,1.0,115.0,4.0,1.0,0.0,31.0,0.0,0.0,0.0,0.0,19.0,0.0,51.0,0.0,138.0,0.0,244.0,494.0
Palm Beach-120995170 5170,1173.0,1.0,0.0,21.0,5.0,603.0,0.0,0.0,0.0,0.0,0.0,0.0,0.0,0.0,0.0,0.0,0.0,0.0,0.0,0.0,0.0,0.0,1803.0,0.0,0.0
"Palm Beach-120995172 4194, 5172",236.0,0.0,0.0,7.0,1.0,326.0,0.0,0.0,0.0,0.0,0.0,0.0,0.0,0.0,0.0,0.0,0.0,0.0,0.0,0.0,0.0,0.0,570.0,0.0,0.0
"Palm Beach-120995172 4198, 4200, 5172",0.0,0.0,0.0,0.0,0.0,0.0,58.0,3.0,16.0,2.0,0.0,0.0,15.0,0.0,0.0,0.0,0.0,27.0,0.0,57.0,1.0,73.0,0.0,175.0,77.0
Palm Beach-120995174 5174,933.0,1.0,0.0,37.0,14.0,889.0,191.0,1.0,110.0,1.0,1.0,0.0,48.0,0.0,0.0,0.0,0.0,22.0,1.0,70.0,0.0,226.0,1874.0,369.0,302.0
"Palm Beach-120995176 5176, 5178",494.0,2.0,0.0,19.0,3.0,357.0,119.0,2.0,64.0,2.0,1.0,1.0,18.0,0.0,0.0,0.0,0.0,14.0,0.0,32.0,0.0,104.0,875.0,172.0,185.0
"Palm Beach-120995178 5176, 5178",673.0,1.0,2.0,22.0,11.0,536.0,133.0,1.0,69.0,3.0,0.0,0.0,26.0,0.0,0.0,0.0,0.0,13.0,0.0,51.0,0.0,106.0,1245.0,199.0,203.0
"Palm Beach-120995180 5180, 5182",591.0,2.0,0.0,19.0,6.0,396.0,91.0,4.0,62.0,1.0,1.0,0.0,18.0,0.0,0.0,0.0,0.0,7.0,1.0,25.0,0.0,73.0,1014.0,126.0,157.0
"Palm Beach-120995182 5180, 5182",579.0,3.0,1.0,10.0,3.0,331.0,98.0,0.0,52.0,0.0,0.0,0.0,17.0,0.0,0.0,0.0,0.0,8.0,0.0,26.0,0.0,57.0,927.0,108.0,150.0
Palm Beach-120995184 5184,957.0,3.0,2.0,21.0,5.0,563.0,162.0,2.0,100.0,3.0,1.0,0.0,36.0,0.0,0.0,0.0,0.0,13.0,1.0,57.0,0.0,140.0,1551.0,251.0,264.0
"Palm Beach-120995186 5166, 5170, 5186",0.0,0.0,0.0,0.0,0.0,0.0,173.0,1.0,93.0,2.0,1.0,1.0,12.0,0.0,0.0,0.0,0.0,8.0,0.0,34.0,0.0,68.0,0.0,126.0,267.0
"Palm Beach-120995186 5166, 5186",1077.0,2.0,3.0,31.0,14.0,427.0,0.0,0.0,0.0,0.0,0.0,0.0,0.0,0.0,0.0,0.0,0.0,0.0,0.0,0.0,0.0,0.0,1554.0,0.0,0.0
Palm Beach-120995188 5188,896.0,1.0,2.0,22.0,11.0,636.0,208.0,2.0,100.0,3.0,0.0,1.0,32.0,0.0,0.0,0.0,0.0,11.0,0.0,55.0,0.0,140.0,1568.0,242.0,310.0
Palm Beach-120995190 5190,0.0,0.0,0.0,0.0,0.0,0.0,86.0,6.0,51.0,0.0,2.0,0.0,22.0,0.0,0.0,0.0,0.0,8.0,0.0,24.0,1.0,73.0,0.0,130.0,143.0
"Palm Beach-120995190 5190, 5192",459.0,1.0,1.0,11.0,2.0,298.0,0.0,0.0,0.0,0.0,0.0,0.0,0.0,0.0,0.0,0.0,0.0,0.0,0.0,0.0,0.0,0.0,772.0,0.0,0.0
"Palm Beach-120995192 5190, 5192",1129.0,0.0,2.0,34.0,20.0,752.0,0.0,0.0,0.0,0.0,0.0,0.0,0.0,0.0,0.0,0.0,0.0,0.0,0.0,0.0,0.0,0.0,1937.0,0.0,0.0
"Palm Beach-120995192 5192, 5194",0.0,0.0,0.0,0.0,0.0,0.0,250.0,1.0,123.0,2.0,1.0,0.0,45.0,1.0,0.0,0.0,0.0,18.0,0.0,74.0,0.0,179.0,0.0,320.0,374.0
"Palm Beach-120995194 5192, 5194",0.0,0.0,0.0,0.0,0.0,0.0,67.0,3.0,54.0,0.0,0.0,0.0,13.0,0.0,0.0,0.0,0.0,3.0,0.0,31.0,0.0,51.0,0.0,98.0,124.0
Palm Beach-120995194 5194,384.0,0.0,0.0,15.0,9.0,281.0,0.0,0.0,0.0,0.0,0.0,0.0,0.0,0.0,0.0,0.0,0.0,0.0,0.0,0.0,0.0,0.0,689.0,0.0,0.0
"Palm Beach-120996002 6002, 6010",83.0,0.0,2.0,2.0,0.0,98.0,14.0,1.0,17.0,0.0,0.0,0.0,11.0,0.0,0.0,0.0,0.0,0.0,0.0,11.0,0.0,26.0,185.0,48.0,32.0
"Palm Beach-120996004 6004, 6006",737.0,0.0,1.0,2.0,0.0,146.0,340.0,10.0,54.0,2.0,1.0,0.0,15.0,0.0,0.0,0.0,0.0,3.0,0.0,26.0,1.0,40.0,886.0,88.0,404.0
"Palm Beach-120996006 6004, 6006",810.0,1.0,0.0,2.0,0.0,106.0,298.0,4.0,42.0,4.0,1.0,0.0,12.0,0.0,0.0,0.0,0.0,1.0,0.0,13.0,0.0,30.0,919.0,61.0,344.0
Palm Beach-120996008 6008,358.0,0.0,0.0,1.0,2.0,4.0,69.0,2.0,9.0,0.0,0.0,0.0,0.0,0.0,0.0,0.0,0.0,0.0,0.0,0.0,0.0,0.0,365.0,0.0,80.0
"Palm Beach-120996010 6002, 6010",24.0,0.0,0.0,0.0,1.0,1.0,5.0,0.0,2.0,0.0,0.0,0.0,0.0,0.0,0.0,0.0,0.0,0.0,0.0,0.0,0.0,0.0,26.0,0.0,7.0
"Palm Beach-120996012 6012, 6014, 6028, 6029, 6030",132.0,0.0,0.0,0.0,0.0,29.0,0.0,0.0,0.0,0.0,0.0,0.0,0.0,0.0,0.0,0.0,0.0,0.0,0.0,0.0,0.0,0.0,161.0,0.0,0.0
"Palm Beach-120996012 6012, 6014, 6028, 6030",0.0,0.0,0.0,0.0,0.0,0.0,40.0,1.0,4.0,0.0,1.0,0.0,6.0,0.0,0.0,0.0,0.0,0.0,0.0,11.0,0.0,10.0,0.0,28.0,45.0
"Palm Beach-120996014 6012, 6014, 6028, 6029, 6030",0.0,0.0,0.0,0.0,0.0,3.0,0.0,0.0,0.0,0.0,0.0,0.0,0.0,0.0,0.0,0.0,0.0,0.0,0.0,0.0,0.0,0.0,3.0,0.0,0.0
"Palm Beach-120996014 6012, 6014, 6028, 6030",0.0,0.0,0.0,0.0,0.0,0.0,0.0,0.0,0.0,0.0,0.0,0.0,0.0,0.0,0.0,0.0,0.0,0.0,0.0,2.0,0.0,1.0,0.0,3.0,0.0
"Palm Beach-120996016 6016, 6018, 6038",38.0,0.0,0.0,3.0,0.0,54.0,16.0,2.0,1.0,1.0,0.0,0.0,3.0,0.0,0.0,0.0,0.0,0.0,0.0,1.0,0.0,19.0,95.0,24.0,19.0
"Palm Beach-120996018 6016, 6018, 6038",883.0,1.0,2.0,2.0,4.0,40.0,307.0,3.0,47.0,2.0,0.0,0.0,1.0,0.0,0.0,0.0,0.0,0.0,0.0,9.0,0.0,2.0,932.0,14.0,357.0
Palm Beach-120996020 6020,333.0,0.0,0.0,1.0,0.0,85.0,55.0,4.0,10.0,1.0,2.0,0.0,6.0,0.0,0.0,0.0,0.0,2.0,0.0,9.0,0.0,23.0,419.0,43.0,69.0
Palm Beach-120996022 6022,1016.0,0.0,0.0,0.0,1.0,43.0,295.0,3.0,31.0,2.0,0.0,0.0,2.0,0.0,0.0,0.0,0.0,0.0,0.0,7.0,0.0,5.0,1060.0,16.0,329.0
"Palm Beach-120996024 6024, 6026",1323.0,0.0,1.0,2.0,1.0,24.0,437.0,1.0,53.0,0.0,1.0,1.0,0.0,0.0,0.0,0.0,0.0,0.0,0.0,2.0,0.0,1.0,1351.0,5.0,491.0
"Palm Beach-120996026 6024, 6026",1.0,0.0,0.0,0.0,0.0,0.0,1.0,0.0,0.0,0.0,0.0,0.0,0.0,0.0,0.0,0.0,0.0,0.0,0.0,0.0,0.0,0.0,1.0,0.0,1.0
"Palm Beach-120996028 6012, 6014, 6028, 6029, 6030",615.0,0.0,2.0,8.0,5.0,389.0,0.0,0.0,0.0,0.0,0.0,0.0,0.0,0.0,0.0,0.0,0.0,0.0,0.0,0.0,0.0,0.0,1019.0,0.0,0.0
"Palm Beach-120996028 6012, 6014, 6028, 6030",0.0,0.0,0.0,0.0,0.0,0.0,111.0,6.0,37.0,0.0,2.0,0.0,34.0,0.0,0.0,0.0,1.0,5.0,0.0,77.0,0.0,70.0,0.0,189.0,154.0
"Palm Beach-120996029 6012, 6014, 6028, 6029, 6030",1.0,0.0,0.0,0.0,0.0,0.0,0.0,0.0,0.0,0.0,0.0,0.0,0.0,0.0,0.0,0.0,0.0,0.0,0.0,0.0,0.0,0.0,1.0,0.0,0.0
Palm Beach-120996029 6029,1.0,0.0,0.0,0.0,0.0,0.0,0.0,0.0,0.0,0.0,0.0,0.0,0.0,0.0,0.0,0.0,0.0,0.0,0.0,0.0,0.0,0.0,1.0,0.0,0.0
"Palm Beach-120996030 6012, 6014, 6028, 6029, 6030",7.0,0.0,0.0,0.0,0.0,3.0,0.0,0.0,0.0,0.0,0.0,0.0,0.0,0.0,0.0,0.0,0.0,0.0,0.0,0.0,0.0,0.0,10.0,0.0,0.0
"Palm Beach-120996032 6032, 6034, 6036",551.0,0.0,0.0,9.0,5.0,251.0,133.0,5.0,34.0,7.0,0.0,2.0,22.0,0.0,0.0,0.0,0.0,4.0,0.0,57.0,0.0,44.0,816.0,136.0,172.0
"Palm Beach-120996034 6032, 6034, 6036",0.0,0.0,0.0,0.0,0.0,8.0,1.0,1.0,2.0,0.0,0.0,0.0,1.0,0.0,0.0,0.0,0.0,0.0,0.0,0.0,0.0,2.0,8.0,3.0,4.0
"Palm Beach-120996036 6032, 6034, 6036",341.0,0.0,2.0,2.0,4.0,106.0,47.0,1.0,24.0,2.0,0.0,1.0,8.0,0.0,0.0,0.0,0.0,2.0,0.0,16.0,0.0,16.0,455.0,45.0,72.0
"Palm Beach-120996040 1218, 6040, 6042",72.0,4.0,0.0,3.0,3.0,145.0,20.0,0.0,18.0,0.0,0.0,0.0,18.0,0.0,0.0,0.0,0.0,1.0,1.0,2.0,0.0,32.0,227.0,54.0,38.0
"Palm Beach-120996042 1218, 6040, 6042",883.0,2.0,1.0,33.0,12.0,1169.0,225.0,7.0,94.0,2.0,0.0,0.0,58.0,0.0,0.0,0.0,0.0,12.0,1.0,66.0,0.0,215.0,2100.0,354.0,326.0
Palm Beach-120996044 6044,917.0,2.0,2.0,32.0,9.0,1220.0,243.0,8.0,83.0,1.0,0.0,0.0,92.0,0.0,0.0,0.0,1.0,18.0,0.0,78.0,0.0,234.0,2182.0,424.0,334.0
"Palm Beach-120996046 1220, 1224, 6046, 6048, 6056",644.0,2.0,1.0,19.0,9.0,929.0,0.0,0.0,0.0,0.0,0.0,0.0,0.0,0.0,0.0,0.0,0.0,0.0,0.0,0.0,0.0,0.0,1604.0,0.0,0.0
"Palm Beach-120996046 1220, 1224, 6046, 6048, 6056, 6062",0.0,0.0,0.0,0.0,0.0,0.0,201.0,2.0,80.0,2.0,1.0,0.0,80.0,1.0,0.0,0.0,0.0,12.0,0.0,83.0,1.0,220.0,0.0,400.0,283.0
Palm Beach-120996050 6050,964.0,3.0,4.0,43.0,10.0,1225.0,227.0,8.0,109.0,2.0,2.0,1.0,69.0,0.0,0.0,0.0,1.0,18.0,0.0,70.0,0.0,220.0,2249.0,383.0,344.0
"Palm Beach-120996052 6052, 6072, 6073, 6074, 6082, 6088",520.0,1.0,0.0,15.0,7.0,601.0,0.0,0.0,0.0,0.0,0.0,0.0,0.0,0.0,0.0,0.0,0.0,0.0,0.0,0.0,0.0,0.0,1144.0,0.0,0.0
"Palm Beach-120996052 6052, 6072, 6074, 6082, 6086, 6088",0.0,0.0,0.0,0.0,0.0,0.0,115.0,3.0,67.0,1.0,0.0,0.0,52.0,0.0,0.0,0.0,0.0,8.0,0.0,29.0,0.0,92.0,0.0,182.0,185.0
"Palm Beach-120996054 6054, 6058",0.0,0.0,0.0,0.0,0.0,0.0,4.0,0.0,2.0,0.0,0.0,0.0,2.0,0.0,0.0,0.0,0.0,1.0,0.0,3.0,0.0,3.0,0.0,9.0,6.0
"Palm Beach-120996058 6054, 6058",889.0,3.0,1.0,40.0,5.0,987.0,234.0,2.0,93.0,2.0,1.0,0.0,66.0,0.0,0.0,0.0,0.0,11.0,1.0,66.0,0.0,189.0,1925.0,336.0,329.0
Palm Beach-120996060 6060,778.0,4.0,3.0,33.0,6.0,889.0,175.0,5.0,74.0,2.0,3.0,0.0,65.0,0.0,0.0,0.0,0.0,18.0,0.0,66.0,0.0,156.0,1713.0,310.0,254.0
"Palm Beach-120996062 1220, 1224, 6046, 6048, 6056, 6062",0.0,0.0,0.0,0.0,0.0,0.0,57.0,1.0,13.0,2.0,0.0,0.0,18.0,1.0,0.0,0.0,0.0,14.0,0.0,49.0,0.0,106.0,0.0,190.0,71.0
Palm Beach-120996062 6062,251.0,1.0,0.0,6.0,5.0,348.0,0.0,0.0,0.0,0.0,0.0,0.0,0.0,0.0,0.0,0.0,0.0,0.0,0.0,0.0,0.0,0.0,611.0,0.0,0.0
"Palm Beach-120996064 6064, 6066, 6068",39.0,0.0,0.0,2.0,0.0,93.0,7.0,2.0,6.0,0.0,0.0,0.0,2.0,0.0,0.0,0.0,0.0,1.0,0.0,5.0,0.0,20.0,134.0,28.0,15.0
"Palm Beach-120996066 6064, 6066, 6068",1048.0,1.0,0.0,23.0,11.0,1113.0,369.0,12.0,104.0,7.0,3.0,1.0,41.0,0.0,0.0,0.0,0.0,107.0,0.0,192.0,0.0,357.0,2196.0,708.0,485.0
Palm Beach-120996070 6070,165.0,0.0,0.0,11.0,2.0,244.0,52.0,0.0,16.0,1.0,0.0,0.0,12.0,0.0,0.0,0.0,0.0,11.0,0.0,30.0,0.0,94.0,422.0,148.0,68.0
"Palm Beach-120996072 6052, 6072, 6073, 6074, 6082, 6088",2.0,0.0,0.0,0.0,0.0,0.0,0.0,0.0,0.0,0.0,0.0,0.0,0.0,0.0,0.0,0.0,0.0,0.0,0.0,0.0,0.0,0.0,2.0,0.0,0.0
"Palm Beach-120996076 6076, 6078",517.0,3.0,0.0,23.0,17.0,719.0,108.0,2.0,95.0,6.0,0.0,0.0,36.0,0.0,0.0,0.0,0.0,13.0,0.0,41.0,0.0,139.0,1279.0,235.0,205.0
"Palm Beach-120996078 6076, 6078",524.0,1.0,4.0,37.0,7.0,739.0,105.0,1.0,91.0,5.0,3.0,0.0,48.0,1.0,0.0,0.0,0.0,20.0,0.0,69.0,0.0,137.0,1312.0,283.0,197.0
Palm Beach-120996080 6080,521.0,1.0,1.0,33.0,9.0,723.0,135.0,5.0,61.0,4.0,3.0,0.0,45.0,0.0,0.0,0.0,1.0,11.0,0.0,49.0,0.0,138.0,1288.0,251.0,201.0
"Palm Beach-120996082 6052, 6072, 6073, 6074, 6082, 6088",4.0,0.0,0.0,0.0,0.0,10.0,0.0,0.0,0.0,0.0,0.0,0.0,0.0,0.0,0.0,0.0,0.0,0.0,0.0,0.0,0.0,0.0,14.0,0.0,0.0
"Palm Beach-120996082 6052, 6072, 6074, 6082, 6086, 6088",0.0,0.0,0.0,0.0,0.0,0.0,0.0,0.0,0.0,0.0,0.0,0.0,0.0,0.0,0.0,0.0,0.0,2.0,0.0,1.0,0.0,3.0,0.0,6.0,0.0
"Palm Beach-120996084 6084, 6090, 6092",0.0,0.0,0.0,0.0,0.0,0.0,0.0,1.0,0.0,0.0,0.0,0.0,0.0,0.0,0.0,0.0,0.0,0.0,0.0,0.0,0.0,0.0,0.0,0.0,1.0
"Palm Beach-120996086 6052, 6072, 6074, 6082, 6086, 6088",0.0,0.0,0.0,0.0,0.0,0.0,59.0,2.0,20.0,0.0,1.0,0.0,28.0,0.0,0.0,0.0,0.0,9.0,0.0,31.0,0.0,104.0,0.0,173.0,81.0
"Palm Beach-120996086 6084, 6086, 6092",246.0,0.0,0.0,13.0,8.0,384.0,0.0,0.0,0.0,0.0,0.0,0.0,0.0,0.0,0.0,0.0,0.0,0.0,0.0,0.0,0.0,0.0,651.0,0.0,0.0
"Palm Beach-120996088 6052, 6072, 6073, 6074, 6082, 6088",436.0,4.0,2.0,28.0,6.0,651.0,0.0,0.0,0.0,0.0,0.0,0.0,0.0,0.0,0.0,0.0,0.0,0.0,0.0,0.0,0.0,0.0,1127.0,0.0,0.0
"Palm Beach-120996088 6052, 6072, 6074, 6082, 6086, 6088",0.0,0.0,0.0,0.0,0.0,0.0,124.0,3.0,44.0,2.0,3.0,0.0,43.0,0.0,0.0,0.0,0.0,3.0,0.0,41.0,0.0,118.0,0.0,210.0,171.0
"Palm Beach-120996090 6084, 6090, 6092",0.0,0.0,0.0,0.0,0.0,0.0,144.0,6.0,60.0,1.0,1.0,0.0,71.0,0.0,0.0,0.0,0.0,12.0,2.0,72.0,0.0,154.0,0.0,313.0,210.0
Palm Beach-120996090 6090,614.0,4.0,2.0,21.0,5.0,829.0,0.0,0.0,0.0,0.0,0.0,0.0,0.0,0.0,0.0,0.0,0.0,0.0,0.0,0.0,0.0,0.0,1475.0,0.0,0.0
"Palm Beach-120996092 6084, 6086, 6092",165.0,0.0,0.0,5.0,1.0,223.0,0.0,0.0,0.0,0.0,0.0,0.0,0.0,0.0,0.0,0.0,0.0,0.0,0.0,0.0,0.0,0.0,394.0,0.0,0.0
"Palm Beach-120996092 6084, 6090, 6092",0.0,0.0,0.0,0.0,0.0,0.0,26.0,2.0,36.0,1.0,1.0,0.0,19.0,0.0,0.0,0.0,0.0,6.0,0.0,23.0,0.0,46.0,0.0,96.0,64.0
"Palm Beach-120996094 6094, 6096, 6110",567.0,3.0,1.0,26.0,14.0,914.0,156.0,15.0,128.0,5.0,2.0,2.0,69.0,0.0,0.0,0.0,0.0,21.0,1.0,82.0,0.0,253.0,1525.0,435.0,299.0
"Palm Beach-120996098 6098, 6116",522.0,0.0,0.0,20.0,5.0,416.0,163.0,2.0,57.0,4.0,0.0,0.0,32.0,0.0,0.0,0.0,0.0,11.0,0.0,52.0,0.0,88.0,963.0,187.0,222.0
Palm Beach-120996100 6100,1167.0,1.0,1.0,24.0,7.0,760.0,306.0,5.0,96.0,0.0,0.0,1.0,41.0,0.0,0.0,0.0,0.0,23.0,0.0,78.0,0.0,195.0,1960.0,338.0,407.0
"Palm Beach-120996102 6102, 6106",599.0,4.0,0.0,17.0,7.0,534.0,194.0,2.0,55.0,1.0,3.0,0.0,34.0,0.0,0.0,0.0,1.0,10.0,0.0,59.0,1.0,112.0,1161.0,221.0,251.0
"Palm Beach-120996104 6104, 6112",182.0,0.0,0.0,6.0,2.0,153.0,40.0,1.0,15.0,0.0,0.0,0.0,8.0,0.0,0.0,1.0,0.0,4.0,0.0,27.0,0.0,37.0,343.0,77.0,56.0
"Palm Beach-120996106 6102, 6106",224.0,0.0,1.0,6.0,1.0,111.0,42.0,1.0,16.0,0.0,1.0,0.0,7.0,0.0,0.0,0.0,0.0,2.0,0.0,15.0,0.0,26.0,343.0,51.0,59.0
"Palm Beach-120996110 6094, 6096, 6110",0.0,0.0,0.0,0.0,0.0,3.0,0.0,0.0,0.0,0.0,0.0,0.0,1.0,0.0,0.0,0.0,0.0,0.0,0.0,0.0,0.0,0.0,3.0,1.0,0.0
"Palm Beach-120996112 6104, 6112",385.0,1.0,1.0,6.0,5.0,378.0,112.0,1.0,32.0,2.0,1.0,0.0,23.0,0.0,0.0,0.0,0.0,7.0,0.0,38.0,0.0,97.0,776.0,168.0,145.0
Palm Beach-120996114 6114,959.0,0.0,2.0,41.0,8.0,688.0,244.0,8.0,151.0,8.0,2.0,1.0,63.0,0.0,0.0,0.0,0.0,21.0,1.0,81.0,0.0,109.0,1698.0,286.0,403.0
"Palm Beach-120996116 6098, 6116",674.0,0.0,2.0,16.0,8.0,433.0,166.0,3.0,55.0,2.0,1.0,0.0,21.0,0.0,0.0,0.0,0.0,3.0,1.0,50.0,0.0,88.0,1133.0,166.0,224.0
Palm Beach-120996118 6118,962.0,2.0,0.0,23.0,15.0,617.0,250.0,3.0,85.0,4.0,2.0,0.0,42.0,0.0,0.0,0.0,0.0,14.0,0.0,53.0,0.0,125.0,1619.0,240.0,338.0
"Palm Beach-120996120 6120, 6128, 6130, 6132, 6138, 6140",343.0,1.0,0.0,15.0,0.0,336.0,99.0,1.0,28.0,2.0,0.0,0.0,14.0,0.0,0.0,0.0,0.0,7.0,1.0,37.0,0.0,87.0,695.0,148.0,128.0
"Palm Beach-120996122 6122, 6124",1022.0,7.0,3.0,28.0,7.0,661.0,281.0,8.0,116.0,1.0,4.0,0.0,59.0,0.0,0.0,0.0,0.0,21.0,1.0,81.0,0.0,152.0,1728.0,319.0,405.0
"Palm Beach-120996124 6122, 6124",486.0,3.0,3.0,9.0,4.0,303.0,138.0,5.0,50.0,5.0,0.0,0.0,13.0,0.0,0.0,0.0,0.0,5.0,0.0,32.0,1.0,58.0,808.0,114.0,193.0
"Palm Beach-120996126 6108, 6126, 6134, 6136, 6142, 6144, 6146",0.0,0.0,0.0,0.0,0.0,0.0,137.0,3.0,40.0,0.0,0.0,0.0,22.0,0.0,0.0,0.0,0.0,3.0,0.0,30.0,0.0,37.0,0.0,92.0,180.0
"Palm Beach-120996126 6108, 6126, 6136",644.0,2.0,0.0,15.0,6.0,304.0,0.0,0.0,0.0,0.0,0.0,0.0,0.0,0.0,0.0,0.0,0.0,0.0,0.0,0.0,0.0,0.0,971.0,0.0,0.0
"Palm Beach-120996128 6120, 6128, 6130, 6132, 6138, 6140",41.0,0.0,0.0,3.0,0.0,19.0,10.0,0.0,3.0,0.0,0.0,0.0,1.0,0.0,0.0,0.0,0.0,0.0,0.0,5.0,0.0,2.0,63.0,8.0,13.0
"Palm Beach-120996130 6120, 6128, 6130, 6132, 6138, 6140",93.0,0.0,0.0,3.0,1.0,42.0,11.0,0.0,5.0,0.0,0.0,0.0,3.0,0.0,0.0,0.0,0.0,1.0,0.0,1.0,0.0,9.0,139.0,14.0,16.0
"Palm Beach-120996132 6120, 6128, 6130, 6132, 6138, 6140",322.0,1.0,2.0,12.0,3.0,207.0,86.0,4.0,33.0,5.0,0.0,0.0,10.0,0.0,0.0,0.0,0.0,10.0,1.0,22.0,0.0,32.0,547.0,80.0,123.0
"Palm Beach-120996134 6108, 6126, 6134, 6136, 6142, 6144, 6146",0.0,0.0,0.0,0.0,0.0,0.0,222.0,6.0,77.0,0.0,0.0,0.0,27.0,0.0,0.0,0.0,0.0,10.0,1.0,69.0,0.0,83.0,0.0,190.0,305.0
"Palm Beach-120996134 6134, 6142, 6144, 6146",916.0,0.0,3.0,23.0,13.0,440.0,0.0,0.0,0.0,0.0,0.0,0.0,0.0,0.0,0.0,0.0,0.0,0.0,0.0,0.0,0.0,0.0,1395.0,0.0,0.0
"Palm Beach-120996136 6108, 6126, 6136",1.0,0.0,0.0,0.0,0.0,1.0,0.0,0.0,0.0,0.0,0.0,0.0,0.0,0.0,0.0,0.0,0.0,0.0,0.0,0.0,0.0,0.0,2.0,0.0,0.0
"Palm Beach-120996140 6120, 6128, 6130, 6132, 6138, 6140",354.0,0.0,1.0,11.0,2.0,449.0,74.0,3.0,34.0,3.0,0.0,0.0,22.0,0.0,0.0,0.0,0.0,23.0,1.0,70.0,0.0,122.0,817.0,241.0,111.0
"Palm Beach-120996142 6108, 6126, 6134, 6136, 6142, 6144, 6146",0.0,0.0,0.0,0.0,0.0,0.0,0.0,0.0,0.0,0.0,0.0,0.0,1.0,0.0,0.0,0.0,0.0,0.0,0.0,0.0,0.0,0.0,0.0,1.0,0.0
"Palm Beach-120996142 6134, 6142, 6144, 6146",0.0,0.0,0.0,0.0,0.0,2.0,0.0,0.0,0.0,0.0,0.0,0.0,0.0,0.0,0.0,0.0,0.0,0.0,0.0,0.0,0.0,0.0,2.0,0.0,0.0
"Palm Beach-120996146 6108, 6126, 6134, 6136, 6142, 6144, 6146",0.0,0.0,0.0,0.0,0.0,0.0,0.0,0.0,0.0,0.0,0.0,0.0,0.0,0.0,0.0,0.0,0.0,0.0,0.0,1.0,0.0,0.0,0.0,1.0,0.0
"Palm Beach-120996146 6134, 6142, 6144, 6146",2.0,0.0,0.0,0.0,0.0,0.0,0.0,0.0,0.0,0.0,0.0,0.0,0.0,0.0,0.0,0.0,0.0,0.0,0.0,0.0,0.0,0.0,2.0,0.0,0.0
"Palm Beach-120996150 6150, 6152, 6156",38.0,0.0,0.0,1.0,1.0,36.0,9.0,1.0,1.0,0.0,0.0,0.0,6.0,0.0,0.0,0.0,0.0,2.0,0.0,3.0,0.0,8.0,76.0,19.0,11.0
"Palm Beach-120996152 6150, 6152, 6156",405.0,2.0,0.0,16.0,4.0,545.0,110.0,2.0,57.0,3.0,0.0,0.0,46.0,0.0,0.0,0.0,0.0,48.0,0.0,96.0,0.0,161.0,972.0,354.0,169.0
"Palm Beach-120996154 6154, 6160",514.0,0.0,1.0,20.0,3.0,554.0,138.0,3.0,67.0,2.0,2.0,0.0,61.0,0.0,0.0,0.0,0.0,37.0,1.0,72.0,0.0,140.0,1092.0,315.0,208.0
"Palm Beach-120996156 6150, 6152, 6156",634.0,0.0,2.0,31.0,7.0,717.0,158.0,3.0,87.0,4.0,2.0,0.0,67.0,2.0,0.0,0.0,0.0,30.0,1.0,112.0,0.0,182.0,1391.0,400.0,248.0
Palm Beach-120996158 6158,786.0,0.0,0.0,40.0,9.0,948.0,267.0,19.0,125.0,8.0,1.0,0.0,75.0,0.0,0.0,0.0,1.0,40.0,0.0,146.0,0.0,262.0,1783.0,533.0,411.0
"Palm Beach-120996160 6154, 6160",620.0,2.0,2.0,32.0,7.0,616.0,146.0,10.0,92.0,2.0,0.0,0.0,54.0,0.0,0.0,0.0,0.0,15.0,1.0,72.0,0.0,157.0,1279.0,301.0,248.0
"Palm Beach-120996162 6162, 6164, 6168",742.0,6.0,1.0,26.0,8.0,686.0,187.0,9.0,101.0,5.0,3.0,0.0,59.0,1.0,0.0,1.0,0.0,31.0,0.0,89.0,0.0,162.0,1469.0,351.0,297.0
"Palm Beach-120996164 6162, 6164, 6168",835.0,0.0,0.0,31.0,8.0,771.0,238.0,3.0,116.0,5.0,3.0,0.0,76.0,0.0,0.0,0.0,0.0,39.0,1.0,93.0,0.0,203.0,1645.0,420.0,357.0
Palm Beach-120996166 6166,894.0,1.0,2.0,29.0,8.0,904.0,202.0,9.0,121.0,6.0,2.0,1.0,69.0,0.0,0.0,0.0,1.0,47.0,1.0,117.0,0.0,229.0,1838.0,473.0,332.0
"Palm Beach-120996168 6162, 6164, 6168",154.0,1.0,0.0,5.0,0.0,181.0,44.0,1.0,19.0,0.0,0.0,0.0,17.0,1.0,0.0,0.0,0.0,4.0,0.0,22.0,0.0,52.0,341.0,96.0,64.0
"Palm Beach-120996170 6108, 6126, 6134, 6136, 6142, 6144, 6146",0.0,0.0,0.0,0.0,0.0,0.0,3.0,0.0,1.0,0.0,0.0,0.0,5.0,0.0,0.0,0.0,0.0,0.0,0.0,1.0,0.0,4.0,0.0,10.0,4.0
"Palm Beach-120996170 6134, 6142, 6144, 6146",14.0,0.0,0.0,2.0,0.0,9.0,0.0,0.0,0.0,0.0,0.0,0.0,0.0,0.0,0.0,0.0,0.0,0.0,0.0,0.0,0.0,0.0,25.0,0.0,0.0
"Palm Beach-120996172 6108, 6126, 6134, 6136, 6142, 6144, 6146",0.0,0.0,0.0,0.0,0.0,0.0,192.0,0.0,79.0,0.0,0.0,0.0,30.0,0.0,0.0,0.0,0.0,11.0,1.0,29.0,0.0,78.0,0.0,149.0,271.0
"Palm Beach-120996172 6134, 6142, 6144, 6146",1034.0,2.0,1.0,25.0,5.0,474.0,0.0,0.0,0.0,0.0,0.0,0.0,0.0,0.0,0.0,0.0,0.0,0.0,0.0,0.0,0.0,0.0,1541.0,0.0,0.0
"Palm Beach-120996174 6108, 6126, 6134, 6136, 6142, 6144, 6146",0.0,0.0,0.0,0.0,0.0,0.0,3.0,1.0,2.0,0.0,0.0,0.0,5.0,0.0,0.0,0.0,0.0,3.0,0.0,3.0,0.0,13.0,0.0,24.0,6.0
"Palm Beach-120996174 6134, 6142, 6144, 6146",18.0,0.0,0.0,0.0,0.0,63.0,0.0,0.0,0.0,0.0,0.0,0.0,0.0,0.0,0.0,0.0,0.0,0.0,0.0,0.0,0.0,0.0,81.0,0.0,0.0
"Palm Beach-120996178 2080, 2081, 6178, 6180",541.0,0.0,0.0,21.0,5.0,367.0,0.0,0.0,0.0,0.0,0.0,0.0,0.0,0.0,0.0,0.0,0.0,0.0,0.0,0.0,0.0,0.0,934.0,0.0,0.0
"Palm Beach-120996178 2080, 6178, 6180",0.0,0.0,0.0,0.0,0.0,0.0,125.0,0.0,47.0,0.0,0.0,0.0,23.0,0.0,0.0,0.0,0.0,10.0,0.0,57.0,0.0,42.0,0.0,132.0,172.0
"Palm Beach-120996180 2080, 2081, 6178, 6180",19.0,0.0,0.0,2.0,0.0,47.0,0.0,0.0,0.0,0.0,0.0,0.0,0.0,0.0,0.0,0.0,0.0,0.0,0.0,0.0,0.0,0.0,68.0,0.0,0.0
"Palm Beach-120996180 2080, 6178, 6180",0.0,0.0,0.0,0.0,0.0,0.0,5.0,0.0,1.0,0.0,0.0,0.0,5.0,0.0,0.0,0.0,0.0,1.0,0.0,4.0,0.0,9.0,0.0,19.0,6.0
Palm Beach-120996182 6182,305.0,0.0,0.0,8.0,4.0,434.0,83.0,2.0,23.0,3.0,1.0,1.0,24.0,0.0,0.0,0.0,0.0,22.0,0.0,61.0,0.0,143.0,751.0,255.0,108.0
Palm Beach-120996184 6184,636.0,2.0,0.0,23.0,10.0,590.0,149.0,3.0,83.0,2.0,1.0,0.0,33.0,0.0,0.0,0.0,1.0,15.0,0.0,89.0,1.0,173.0,1261.0,315.0,235.0
Palm Beach-120996186 6186,770.0,0.0,1.0,26.0,6.0,583.0,179.0,5.0,107.0,1.0,3.0,1.0,50.0,1.0,0.0,0.0,1.0,16.0,2.0,81.0,0.0,120.0,1386.0,276.0,291.0
"Palm Beach-120996188 6188, 6212, 6214, 6218, 6220",245.0,0.0,0.0,11.0,2.0,355.0,63.0,1.0,16.0,4.0,3.0,0.0,17.0,1.0,0.0,0.0,0.0,34.0,0.0,63.0,0.0,129.0,613.0,251.0,80.0
Palm Beach-120996190 6190,747.0,7.0,2.0,25.0,15.0,477.0,152.0,4.0,84.0,3.0,3.0,1.0,32.0,1.0,0.0,1.0,1.0,12.0,0.0,52.0,0.0,84.0,1273.0,190.0,240.0
Palm Beach-120996192 6192,969.0,3.0,1.0,36.0,10.0,829.0,250.0,10.0,115.0,5.0,2.0,0.0,59.0,1.0,0.0,0.0,0.0,25.0,0.0,93.0,0.0,203.0,1848.0,388.0,375.0
Palm Beach-120996194 6194,441.0,0.0,0.0,12.0,4.0,317.0,0.0,0.0,0.0,0.0,0.0,0.0,0.0,0.0,0.0,0.0,0.0,0.0,0.0,0.0,0.0,0.0,774.0,0.0,0.0
"Palm Beach-120996194 6194, 6196, 6200, 6202, 6204, 6206",0.0,0.0,0.0,0.0,0.0,0.0,88.0,3.0,44.0,0.0,0.0,0.0,13.0,0.0,0.0,0.0,1.0,4.0,1.0,16.0,0.0,56.0,0.0,91.0,135.0
Palm Beach-120996198 6198,494.0,0.0,1.0,12.0,2.0,305.0,118.0,2.0,56.0,1.0,1.0,0.0,24.0,0.0,0.0,0.0,1.0,14.0,0.0,38.0,0.0,71.0,814.0,150.0,176.0
"Palm Beach-120996200 6194, 6196, 6200, 6202, 6204, 6206",0.0,0.0,0.0,0.0,0.0,0.0,113.0,3.0,52.0,1.0,3.0,0.0,28.0,1.0,0.0,0.0,0.0,17.0,1.0,54.0,0.0,140.0,0.0,245.0,168.0
"Palm Beach-120996200 6200, 6202, 6204",569.0,3.0,1.0,18.0,5.0,561.0,0.0,0.0,0.0,0.0,0.0,0.0,0.0,0.0,0.0,0.0,0.0,0.0,0.0,0.0,0.0,0.0,1157.0,0.0,0.0
"Palm Beach-120996202 6200, 6202, 6204",0.0,0.0,0.0,0.0,0.0,3.0,0.0,0.0,0.0,0.0,0.0,0.0,0.0,0.0,0.0,0.0,0.0,0.0,0.0,0.0,0.0,0.0,3.0,0.0,0.0
"Palm Beach-120996204 6200, 6202, 6204",5.0,0.0,0.0,0.0,0.0,4.0,0.0,0.0,0.0,0.0,0.0,0.0,0.0,0.0,0.0,0.0,0.0,0.0,0.0,0.0,0.0,0.0,9.0,0.0,0.0
"Palm Beach-120996206 6194, 6196, 6200, 6202, 6204, 6206",0.0,0.0,0.0,0.0,0.0,0.0,119.0,4.0,47.0,2.0,2.0,0.0,53.0,0.0,0.0,0.0,0.0,20.0,0.0,60.0,0.0,120.0,0.0,257.0,170.0
"Palm Beach-120996206 6196, 6206, 6207",229.0,0.0,0.0,7.0,1.0,232.0,0.0,0.0,0.0,0.0,0.0,0.0,0.0,0.0,0.0,0.0,0.0,0.0,0.0,0.0,0.0,0.0,469.0,0.0,0.0
"Palm Beach-120996207 6196, 6206, 6207",281.0,1.0,0.0,28.0,2.0,342.0,0.0,0.0,0.0,0.0,0.0,0.0,0.0,0.0,0.0,0.0,0.0,0.0,0.0,0.0,0.0,0.0,654.0,0.0,0.0
Palm Beach-120996207 6207,281.0,1.0,0.0,28.0,2.0,342.0,0.0,0.0,0.0,0.0,0.0,0.0,0.0,0.0,0.0,0.0,0.0,0.0,0.0,0.0,0.0,0.0,654.0,0.0,0.0
Palm Beach-120996208 6208,334.0,0.0,0.0,2.0,0.0,299.0,161.0,3.0,37.0,1.0,1.0,0.0,9.0,0.0,0.0,0.0,0.0,15.0,1.0,34.0,0.0,97.0,635.0,158.0,201.0
Palm Beach-120996210 6210,1441.0,1.0,1.0,26.0,7.0,1175.0,360.0,9.0,154.0,0.0,2.0,0.0,60.0,2.0,0.0,0.0,1.0,23.0,0.0,116.0,0.0,295.0,2651.0,499.0,523.0
"Palm Beach-120996212 6188, 6212, 6214, 6218, 6220",132.0,1.0,1.0,3.0,1.0,219.0,35.0,2.0,13.0,3.0,2.0,0.0,9.0,1.0,0.0,0.0,0.0,9.0,0.0,28.0,0.0,63.0,357.0,115.0,50.0
"Palm Beach-120996214 6188, 6212, 6214, 6218, 6220",771.0,4.0,1.0,28.0,7.0,790.0,193.0,6.0,103.0,2.0,1.0,0.0,42.0,0.0,0.0,0.0,0.0,22.0,1.0,80.0,0.0,186.0,1601.0,334.0,302.0
"Palm Beach-120996216 6216, 6222, 6232",207.0,0.0,0.0,16.0,2.0,200.0,35.0,2.0,19.0,2.0,0.0,0.0,15.0,0.0,2.0,0.0,1.0,8.0,1.0,18.0,0.0,44.0,425.0,91.0,56.0
"Palm Beach-120996220 6188, 6212, 6214, 6218, 6220",55.0,0.0,0.0,0.0,3.0,37.0,5.0,0.0,5.0,0.0,0.0,0.0,0.0,0.0,0.0,0.0,0.0,0.0,0.0,3.0,0.0,6.0,95.0,9.0,10.0
Palm Beach-120996224 6224,850.0,1.0,0.0,27.0,7.0,1099.0,252.0,7.0,112.0,5.0,3.0,1.0,76.0,1.0,0.0,0.0,0.0,36.0,1.0,129.0,0.0,271.0,1984.0,523.0,371.0
Palm Beach-120996226 6226,801.0,2.0,1.0,22.0,12.0,787.0,204.0,5.0,97.0,6.0,1.0,0.0,42.0,0.0,0.0,0.0,0.0,31.0,0.0,106.0,0.0,204.0,1625.0,390.0,306.0
Palm Beach-120996228 6228,894.0,0.0,0.0,9.0,2.0,426.0,372.0,6.0,67.0,1.0,1.0,0.0,11.0,0.0,0.0,0.0,0.0,50.0,0.0,78.0,0.0,94.0,1331.0,235.0,445.0
Palm Beach-120996230 6230,639.0,0.0,0.0,38.0,7.0,731.0,150.0,4.0,65.0,1.0,3.0,0.0,61.0,0.0,0.0,0.0,0.0,20.0,0.0,66.0,0.0,184.0,1415.0,335.0,219.0
"Palm Beach-120996232 6216, 6222, 6232",602.0,1.0,0.0,24.0,6.0,781.0,115.0,1.0,41.0,3.0,0.0,0.0,45.0,0.0,0.0,0.0,0.0,15.0,0.0,60.0,0.0,216.0,1414.0,339.0,157.0
"Palm Beach-120997002 7002, 7004, 7006, 7008, 7022",2.0,0.0,0.0,0.0,0.0,0.0,0.0,0.0,0.0,0.0,0.0,0.0,0.0,0.0,0.0,0.0,0.0,0.0,0.0,0.0,0.0,0.0,2.0,0.0,0.0
"Palm Beach-120997006 7002, 7004, 7006, 7008, 7022",0.0,0.0,0.0,0.0,0.0,2.0,0.0,0.0,0.0,0.0,0.0,0.0,0.0,0.0,0.0,0.0,0.0,0.0,0.0,0.0,0.0,0.0,2.0,0.0,0.0
"Palm Beach-120997010 7010, 7012",211.0,0.0,0.0,2.0,0.0,14.0,43.0,0.0,15.0,0.0,0.0,0.0,1.0,0.0,0.0,0.0,0.0,1.0,0.0,0.0,0.0,1.0,227.0,3.0,58.0
"Palm Beach-120997012 7010, 7012",838.0,1.0,0.0,14.0,13.0,165.0,236.0,4.0,72.0,0.0,1.0,0.0,7.0,0.0,0.0,0.0,0.0,7.0,0.0,8.0,0.0,25.0,1031.0,48.0,312.0
"Palm Beach-120997016 1358, 1364, 1368, 7014, 7016, 7018, 7020",0.0,0.0,0.0,0.0,0.0,1.0,0.0,0.0,0.0,0.0,0.0,0.0,0.0,0.0,0.0,0.0,0.0,0.0,0.0,0.0,0.0,1.0,1.0,1.0,0.0
"Palm Beach-120997018 1358, 1364, 1368, 7014, 7016, 7018, 7020",2.0,0.0,0.0,0.0,0.0,0.0,0.0,0.0,0.0,0.0,0.0,0.0,0.0,0.0,0.0,0.0,0.0,0.0,0.0,0.0,0.0,0.0,2.0,0.0,0.0
"Palm Beach-120997022 7002, 7004, 7006, 7008, 7022",750.0,0.0,0.0,21.0,2.0,147.0,235.0,1.0,86.0,0.0,1.0,0.0,3.0,0.0,0.0,0.0,0.0,2.0,2.0,7.0,0.0,25.0,920.0,40.0,322.0
"Palm Beach-120997024 7024, 7025",1135.0,2.0,0.0,6.0,5.0,63.0,461.0,1.0,78.0,0.0,0.0,1.0,1.0,0.0,0.0,0.0,0.0,2.0,0.0,9.0,0.0,7.0,1211.0,20.0,540.0
"Palm Beach-120997025 7024, 7025",203.0,1.0,0.0,5.0,4.0,29.0,47.0,1.0,31.0,0.0,0.0,0.0,0.0,0.0,0.0,0.0,0.0,1.0,0.0,3.0,0.0,1.0,242.0,5.0,79.0
Palm Beach-120997026 7026,1718.0,1.0,1.0,5.0,2.0,30.0,843.0,4.0,111.0,1.0,5.0,0.0,2.0,0.0,0.0,0.0,0.0,4.0,0.0,5.0,0.0,4.0,1757.0,21.0,958.0
"Palm Beach-120997028 7028, 7044",1334.0,0.0,0.0,6.0,3.0,92.0,575.0,5.0,92.0,0.0,3.0,1.0,6.0,0.0,0.0,0.0,0.0,2.0,0.0,1.0,1.0,10.0,1435.0,24.0,672.0
"Palm Beach-120997030 7030, 7046",195.0,0.0,0.0,9.0,1.0,278.0,49.0,0.0,24.0,1.0,0.0,0.0,16.0,1.0,0.0,0.0,0.0,7.0,1.0,15.0,0.0,81.0,483.0,122.0,73.0
Palm Beach-120997034 7034,1111.0,5.0,0.0,9.0,4.0,208.0,322.0,5.0,78.0,0.0,1.0,1.0,11.0,0.0,0.0,0.0,0.0,8.0,0.0,27.0,0.0,36.0,1337.0,84.0,405.0
"Palm Beach-120997036 1358, 1364, 1368, 7014, 7016, 7018, 7020",2.0,0.0,0.0,0.0,0.0,1.0,0.0,0.0,0.0,0.0,0.0,0.0,0.0,0.0,0.0,0.0,0.0,0.0,0.0,0.0,0.0,0.0,3.0,0.0,0.0
"Palm Beach-120997040 7040, 7041",892.0,1.0,1.0,2.0,9.0,26.0,385.0,4.0,63.0,0.0,2.0,0.0,1.0,0.0,0.0,1.0,0.0,1.0,0.0,2.0,0.0,2.0,931.0,9.0,452.0
"Palm Beach-120997041 7040, 7041",272.0,0.0,1.0,6.0,3.0,18.0,62.0,0.0,13.0,0.0,0.0,0.0,3.0,0.0,0.0,0.0,0.0,0.0,0.0,2.0,0.0,1.0,300.0,6.0,75.0
Palm Beach-120997042 7042,1321.0,1.0,1.0,4.0,5.0,37.0,603.0,4.0,95.0,1.0,2.0,0.0,4.0,0.0,0.0,0.0,0.0,2.0,0.0,3.0,0.0,2.0,1369.0,14.0,702.0
"Palm Beach-120997044 7028, 7044",1048.0,0.0,1.0,5.0,2.0,87.0,482.0,4.0,75.0,0.0,3.0,0.0,8.0,0.0,0.0,0.0,0.0,1.0,0.0,4.0,0.0,18.0,1143.0,34.0,561.0
"Palm Beach-120997046 7030, 7046",32.0,0.0,0.0,0.0,1.0,51.0,6.0,0.0,5.0,0.0,0.0,0.0,1.0,0.0,0.0,0.0,0.0,0.0,0.0,3.0,0.0,11.0,84.0,15.0,11.0
"Palm Beach-120997048 7032, 7048, 7050, 7052, 7054, 7056",254.0,0.0,0.0,0.0,1.0,9.0,32.0,0.0,6.0,0.0,0.0,0.0,0.0,0.0,0.0,0.0,0.0,0.0,0.0,1.0,0.0,1.0,264.0,2.0,38.0
"Palm Beach-120997050 7032, 7048, 7050, 7052, 7054, 7056",0.0,0.0,0.0,0.0,0.0,3.0,0.0,0.0,0.0,0.0,0.0,0.0,1.0,0.0,0.0,0.0,0.0,0.0,0.0,0.0,0.0,1.0,3.0,2.0,0.0
"Palm Beach-120997054 7032, 7048, 7050, 7052, 7054, 7056",790.0,1.0,2.0,2.0,4.0,74.0,236.0,2.0,34.0,2.0,0.0,0.0,8.0,1.0,0.0,0.0,0.0,1.0,0.0,3.0,0.0,12.0,873.0,27.0,272.0
"Palm Beach-120997058 7058, 7092",1224.0,3.0,0.0,30.0,22.0,353.0,0.0,0.0,0.0,0.0,0.0,0.0,0.0,0.0,0.0,0.0,0.0,0.0,0.0,0.0,0.0,0.0,1632.0,0.0,0.0
"Palm Beach-120997058 7058, 7094",0.0,0.0,0.0,0.0,0.0,0.0,410.0,2.0,135.0,0.0,2.0,0.0,35.0,0.0,0.0,0.0,0.0,7.0,1.0,31.0,0.0,60.0,0.0,136.0,547.0
Palm Beach-120997060 7060,1006.0,1.0,0.0,2.0,6.0,53.0,447.0,0.0,67.0,0.0,0.0,0.0,2.0,0.0,0.0,0.0,0.0,3.0,1.0,6.0,0.0,10.0,1068.0,22.0,514.0
Palm Beach-120997062 7062,590.0,1.0,0.0,2.0,7.0,29.0,187.0,2.0,31.0,0.0,0.0,0.0,3.0,0.0,0.0,0.0,0.0,3.0,0.0,0.0,0.0,8.0,629.0,14.0,220.0
Palm Beach-120997064 7064,1086.0,2.0,0.0,6.0,12.0,115.0,359.0,4.0,89.0,4.0,2.0,0.0,5.0,0.0,0.0,0.0,0.0,2.0,0.0,4.0,0.0,20.0,1221.0,37.0,452.0
"Palm Beach-120997066 7066, 7070",892.0,1.0,0.0,13.0,9.0,166.0,218.0,3.0,62.0,1.0,0.0,0.0,4.0,0.0,0.0,0.0,0.0,6.0,1.0,7.0,0.0,32.0,1081.0,51.0,283.0
Palm Beach-120997068 7068,792.0,1.0,4.0,18.0,13.0,203.0,224.0,2.0,93.0,1.0,1.0,0.0,9.0,0.0,0.0,0.0,0.0,19.0,1.0,15.0,0.0,36.0,1031.0,82.0,319.0
"Palm Beach-120997070 7066, 7070",464.0,0.0,0.0,22.0,6.0,364.0,141.0,3.0,96.0,1.0,1.0,0.0,17.0,0.0,0.0,0.0,0.0,20.0,0.0,43.0,0.0,110.0,856.0,192.0,240.0
"Palm Beach-120997072 7072, 7074, 7076",306.0,0.0,0.0,5.0,3.0,99.0,86.0,0.0,22.0,0.0,0.0,0.0,4.0,0.0,0.0,0.0,0.0,0.0,0.0,8.0,0.0,15.0,413.0,27.0,108.0
"Palm Beach-120997074 7072, 7074, 7076",166.0,0.0,0.0,1.0,1.0,20.0,38.0,0.0,4.0,0.0,0.0,0.0,0.0,0.0,0.0,0.0,0.0,0.0,0.0,2.0,0.0,3.0,188.0,5.0,42.0
"Palm Beach-120997076 7072, 7074, 7076",2.0,0.0,0.0,0.0,0.0,3.0,2.0,0.0,1.0,0.0,0.0,0.0,0.0,0.0,0.0,0.0,0.0,0.0,0.0,0.0,0.0,1.0,5.0,1.0,3.0
"Palm Beach-120997078 7078, 7080",277.0,0.0,0.0,5.0,4.0,65.0,82.0,1.0,20.0,0.0,0.0,1.0,4.0,0.0,0.0,0.0,0.0,1.0,0.0,8.0,0.0,10.0,351.0,24.0,103.0
"Palm Beach-120997080 7078, 7080",39.0,0.0,0.0,0.0,1.0,6.0,33.0,0.0,4.0,0.0,0.0,0.0,2.0,0.0,0.0,0.0,0.0,0.0,0.0,6.0,0.0,2.0,46.0,10.0,37.0
Palm Beach-120997082 7082,919.0,4.0,3.0,10.0,10.0,348.0,194.0,3.0,85.0,1.0,2.0,0.0,27.0,0.0,0.0,0.0,1.0,7.0,0.0,65.0,0.0,66.0,1294.0,169.0,282.0
Palm Beach-120997084 7084,677.0,5.0,2.0,19.0,7.0,242.0,154.0,2.0,62.0,0.0,1.0,0.0,23.0,0.0,0.0,0.0,0.0,8.0,1.0,38.0,0.0,45.0,952.0,116.0,218.0
"Palm Beach-120997086 7086, 7090",11.0,0.0,0.0,0.0,0.0,3.0,0.0,0.0,0.0,0.0,0.0,0.0,0.0,0.0,0.0,0.0,0.0,0.0,0.0,0.0,0.0,0.0,14.0,0.0,0.0
"Palm Beach-120997088 7088, 7092",0.0,0.0,0.0,0.0,0.0,0.0,277.0,9.0,90.0,6.0,1.0,0.0,38.0,0.0,0.0,0.0,0.0,39.0,0.0,67.0,0.0,158.0,0.0,309.0,376.0
"Palm Beach-120997088 7088, 7094",657.0,0.0,0.0,15.0,5.0,521.0,0.0,0.0,0.0,0.0,0.0,0.0,0.0,0.0,0.0,0.0,0.0,0.0,0.0,0.0,0.0,0.0,1198.0,0.0,0.0
"Palm Beach-120997090 7086, 7090",1371.0,2.0,2.0,25.0,12.0,412.0,0.0,0.0,0.0,0.0,0.0,0.0,0.0,0.0,0.0,0.0,0.0,0.0,0.0,0.0,0.0,0.0,1824.0,0.0,0.0
"Palm Beach-120997090 7086, 7090, 7096",0.0,0.0,0.0,0.0,0.0,0.0,213.0,1.0,105.0,0.0,1.0,0.0,16.0,0.0,1.0,0.0,0.0,4.0,0.0,34.0,0.0,68.0,0.0,124.0,319.0
"Palm Beach-120997092 7058, 7092",137.0,0.0,1.0,3.0,1.0,37.0,0.0,0.0,0.0,0.0,0.0,0.0,0.0,0.0,0.0,0.0,0.0,0.0,0.0,0.0,0.0,0.0,179.0,0.0,0.0
"Palm Beach-120997092 7088, 7092",0.0,0.0,0.0,0.0,0.0,0.0,23.0,0.0,11.0,0.0,0.0,0.0,3.0,0.0,0.0,0.0,0.0,1.0,1.0,4.0,0.0,11.0,0.0,20.0,34.0
"Palm Beach-120997094 7058, 7094",0.0,0.0,0.0,0.0,0.0,0.0,121.0,0.0,38.0,0.0,0.0,0.0,4.0,0.0,0.0,1.0,0.0,0.0,0.0,14.0,0.0,12.0,0.0,31.0,159.0
"Palm Beach-120997094 7088, 7094",556.0,0.0,1.0,12.0,2.0,100.0,0.0,0.0,0.0,0.0,0.0,0.0,0.0,0.0,0.0,0.0,0.0,0.0,0.0,0.0,0.0,0.0,671.0,0.0,0.0
"Palm Beach-120997096 7086, 7090, 7096",0.0,0.0,0.0,0.0,0.0,0.0,205.0,3.0,71.0,1.0,0.0,0.0,21.0,0.0,0.0,0.0,0.0,6.0,0.0,36.0,0.0,50.0,0.0,114.0,279.0
"Palm Beach-120997096 7096, 7112, 7120",776.0,3.0,1.0,25.0,9.0,290.0,0.0,0.0,0.0,0.0,0.0,0.0,0.0,0.0,0.0,0.0,0.0,0.0,0.0,0.0,0.0,0.0,1104.0,0.0,0.0
"Palm Beach-120997098 7098, 7100, 7118, 7120, 7122",0.0,0.0,0.0,0.0,0.0,0.0,7.0,0.0,1.0,0.0,0.0,0.0,1.0,0.0,0.0,0.0,0.0,0.0,0.0,1.0,0.0,4.0,0.0,6.0,8.0
"Palm Beach-120997098 7098, 7100, 7122",17.0,1.0,0.0,1.0,1.0,16.0,0.0,0.0,0.0,0.0,0.0,0.0,0.0,0.0,0.0,0.0,0.0,0.0,0.0,0.0,0.0,0.0,36.0,0.0,0.0
"Palm Beach-120997100 7098, 7100, 7118, 7120, 7122",0.0,0.0,0.0,0.0,0.0,0.0,138.0,5.0,106.0,2.0,1.0,0.0,23.0,0.0,0.0,0.0,0.0,21.0,1.0,66.0,0.0,93.0,0.0,207.0,249.0
"Palm Beach-120997100 7098, 7100, 7122",841.0,9.0,0.0,29.0,22.0,457.0,0.0,0.0,0.0,0.0,0.0,0.0,0.0,0.0,0.0,0.0,0.0,0.0,0.0,0.0,0.0,0.0,1358.0,0.0,0.0
"Palm Beach-120997102 7102, 7124",616.0,1.0,1.0,4.0,2.0,161.0,118.0,1.0,45.0,0.0,0.0,0.0,2.0,0.0,0.0,0.0,0.0,8.0,0.0,23.0,0.0,31.0,785.0,64.0,164.0
Palm Beach-120997104 7104,754.0,4.0,0.0,25.0,11.0,341.0,259.0,2.0,74.0,1.0,0.0,0.0,12.0,0.0,0.0,0.0,0.0,21.0,1.0,43.0,0.0,99.0,1135.0,177.0,335.0
Palm Beach-120997106 7106,1334.0,2.0,0.0,7.0,8.0,76.0,513.0,1.0,78.0,0.0,0.0,0.0,2.0,0.0,0.0,0.0,0.0,2.0,0.0,9.0,1.0,12.0,1427.0,26.0,592.0
Palm Beach-120997108 7108,391.0,2.0,0.0,14.0,5.0,250.0,98.0,0.0,47.0,0.0,0.0,0.0,5.0,0.0,0.0,0.0,0.0,7.0,0.0,33.0,0.0,45.0,662.0,90.0,145.0
"Palm Beach-120997110 7110, 7112, 7114, 7116",0.0,0.0,0.0,0.0,0.0,0.0,88.0,2.0,29.0,4.0,2.0,0.0,7.0,0.0,0.0,0.0,1.0,1.0,1.0,11.0,0.0,24.0,0.0,51.0,119.0
"Palm Beach-120997110 7110, 7114, 7116, 7118",490.0,1.0,0.0,8.0,3.0,158.0,0.0,0.0,0.0,0.0,0.0,0.0,0.0,0.0,0.0,0.0,0.0,0.0,0.0,0.0,0.0,0.0,660.0,0.0,0.0
"Palm Beach-120997112 7096, 7112, 7120",117.0,0.0,0.0,3.0,0.0,33.0,0.0,0.0,0.0,0.0,0.0,0.0,0.0,0.0,0.0,0.0,0.0,0.0,0.0,0.0,0.0,0.0,153.0,0.0,0.0
"Palm Beach-120997112 7110, 7112, 7114, 7116",0.0,0.0,0.0,0.0,0.0,0.0,44.0,0.0,6.0,0.0,0.0,0.0,0.0,0.0,0.0,0.0,0.0,1.0,0.0,3.0,0.0,6.0,0.0,10.0,50.0
"Palm Beach-120997116 7110, 7114, 7116, 7118",1.0,0.0,0.0,0.0,0.0,0.0,0.0,0.0,0.0,0.0,0.0,0.0,0.0,0.0,0.0,0.0,0.0,0.0,0.0,0.0,0.0,0.0,1.0,0.0,0.0
"Palm Beach-120997118 7098, 7100, 7118, 7120, 7122",0.0,0.0,0.0,0.0,0.0,0.0,7.0,0.0,2.0,0.0,0.0,0.0,1.0,0.0,0.0,0.0,0.0,0.0,0.0,1.0,0.0,4.0,0.0,6.0,9.0
"Palm Beach-120997118 7110, 7114, 7116, 7118",22.0,0.0,0.0,0.0,0.0,16.0,0.0,0.0,0.0,0.0,0.0,0.0,0.0,0.0,0.0,0.0,0.0,0.0,0.0,0.0,0.0,0.0,38.0,0.0,0.0
"Palm Beach-120997120 7096, 7112, 7120",182.0,1.0,0.0,10.0,2.0,66.0,0.0,0.0,0.0,0.0,0.0,0.0,0.0,0.0,0.0,0.0,0.0,0.0,0.0,0.0,0.0,0.0,261.0,0.0,0.0
"Palm Beach-120997120 7098, 7100, 7118, 7120, 7122",0.0,0.0,0.0,0.0,0.0,0.0,39.0,0.0,21.0,1.0,0.0,0.0,3.0,0.0,0.0,0.0,0.0,0.0,0.0,8.0,0.0,11.0,0.0,23.0,60.0
"Palm Beach-120997124 7102, 7124",1019.0,2.0,1.0,3.0,6.0,119.0,311.0,3.0,68.0,0.0,0.0,0.0,5.0,0.0,0.0,0.0,1.0,2.0,0.0,11.0,0.0,21.0,1150.0,40.0,382.0
Palm Beach-120997126 7126,1368.0,2.0,3.0,34.0,20.0,462.0,282.0,0.0,102.0,6.0,0.0,0.0,13.0,0.0,0.0,0.0,0.0,11.0,1.0,40.0,0.0,55.0,1889.0,126.0,384.0
Palm Beach-120997128 7128,1494.0,3.0,1.0,12.0,8.0,71.0,559.0,4.0,76.0,2.0,1.0,2.0,1.0,0.0,1.0,0.0,0.0,3.0,1.0,4.0,0.0,7.0,1589.0,22.0,639.0
Palm Beach-120997130 7130,971.0,1.0,0.0,54.0,9.0,686.0,232.0,2.0,115.0,3.0,0.0,1.0,28.0,1.0,0.0,0.0,0.0,25.0,0.0,112.0,0.0,172.0,1721.0,342.0,349.0
Palm Beach-120997132 7132,530.0,0.0,0.0,22.0,6.0,423.0,131.0,3.0,53.0,2.0,0.0,0.0,16.0,0.0,0.0,0.0,0.0,36.0,0.0,54.0,0.0,109.0,981.0,217.0,187.0
Palm Beach-120997134 7134,660.0,1.0,1.0,7.0,3.0,117.0,129.0,2.0,28.0,1.0,0.0,0.0,7.0,0.0,0.0,0.0,0.0,2.0,0.0,14.0,0.0,16.0,789.0,40.0,159.0
"Palm Beach-120997136 2046, 7136, 7140",31.0,0.0,1.0,1.0,3.0,29.0,9.0,0.0,2.0,0.0,0.0,0.0,5.0,0.0,0.0,0.0,0.0,1.0,0.0,0.0,0.0,9.0,65.0,15.0,11.0
Palm Beach-120997138 7138,1344.0,2.0,4.0,19.0,9.0,358.0,258.0,5.0,73.0,6.0,0.0,0.0,26.0,0.0,0.0,0.0,0.0,5.0,0.0,31.0,0.0,66.0,1736.0,134.0,336.0
"Palm Beach-120997140 2046, 7136, 7140",92.0,1.0,0.0,0.0,1.0,82.0,24.0,0.0,20.0,1.0,0.0,0.0,6.0,0.0,0.0,0.0,0.0,1.0,0.0,12.0,0.0,16.0,176.0,36.0,44.0
"Palm Beach-120997142 2056, 2058, 7142, 7144, 7146",37.0,0.0,0.0,0.0,2.0,6.0,10.0,0.0,3.0,0.0,0.0,0.0,0.0,0.0,0.0,0.0,0.0,1.0,0.0,2.0,0.0,1.0,45.0,4.0,13.0
"Palm Beach-120997144 2056, 2058, 7142, 7144, 7146",50.0,0.0,0.0,0.0,1.0,1.0,13.0,0.0,3.0,1.0,0.0,0.0,0.0,0.0,0.0,0.0,0.0,0.0,0.0,0.0,0.0,0.0,52.0,1.0,16.0
"Palm Beach-120997146 2056, 2058, 7142, 7144, 7146",203.0,1.0,0.0,1.0,0.0,12.0,62.0,1.0,16.0,0.0,0.0,0.0,0.0,0.0,0.0,0.0,0.0,1.0,0.0,1.0,0.0,2.0,217.0,4.0,79.0
"Palm Beach-120997148 2066, 7148, 7149, 7150",56.0,0.0,0.0,0.0,2.0,24.0,0.0,0.0,0.0,0.0,0.0,0.0,0.0,0.0,0.0,0.0,0.0,0.0,0.0,0.0,0.0,0.0,82.0,0.0,0.0
"Palm Beach-120997148 2066, 7148, 7150",0.0,0.0,0.0,0.0,0.0,0.0,21.0,0.0,11.0,1.0,0.0,0.0,0.0,0.0,0.0,0.0,0.0,0.0,0.0,2.0,0.0,3.0,0.0,6.0,32.0
"Palm Beach-120997149 2066, 7148, 7149, 7150",45.0,0.0,0.0,0.0,0.0,8.0,0.0,0.0,0.0,0.0,0.0,0.0,0.0,0.0,0.0,0.0,0.0,0.0,0.0,0.0,0.0,0.0,53.0,0.0,0.0
Palm Beach-120997149 7149,45.0,0.0,0.0,0.0,0.0,8.0,0.0,0.0,0.0,0.0,0.0,0.0,0.0,0.0,0.0,0.0,0.0,0.0,0.0,0.0,0.0,0.0,53.0,0.0,0.0
"Palm Beach-120997150 2066, 7148, 7149, 7150",375.0,0.0,0.0,22.0,4.0,265.0,0.0,0.0,0.0,0.0,0.0,0.0,0.0,0.0,0.0,0.0,0.0,0.0,0.0,0.0,0.0,0.0,666.0,0.0,0.0
"Palm Beach-120997150 2066, 7148, 7150",0.0,0.0,0.0,0.0,0.0,0.0,89.0,1.0,46.0,0.0,0.0,0.0,13.0,0.0,0.0,0.0,0.0,12.0,1.0,22.0,1.0,59.0,0.0,108.0,136.0
Palm Beach-120997152 7152,504.0,2.0,2.0,34.0,5.0,470.0,190.0,3.0,36.0,5.0,2.0,0.0,23.0,0.0,0.0,0.0,0.0,45.0,0.0,96.0,0.0,96.0,1017.0,267.0,229.0
"Palm Beach-120997154 1394, 7154",174.0,0.0,0.0,3.0,2.0,317.0,44.0,2.0,15.0,3.0,0.0,0.0,18.0,1.0,0.0,0.0,0.0,38.0,0.0,58.0,1.0,119.0,496.0,238.0,61.0
"Palm Beach-120997156 7156, 7158, 7166",57.0,0.0,0.0,6.0,0.0,83.0,12.0,0.0,0.0,0.0,1.0,0.0,6.0,0.0,0.0,0.0,0.0,9.0,0.0,14.0,0.0,36.0,146.0,66.0,12.0
"Palm Beach-120997158 7156, 7158, 7166",571.0,1.0,0.0,16.0,3.0,436.0,206.0,5.0,63.0,5.0,0.0,0.0,25.0,0.0,0.0,0.0,0.0,43.0,0.0,73.0,0.0,146.0,1027.0,292.0,274.0
Palm Beach-120997160 7160,876.0,1.0,0.0,9.0,9.0,177.0,192.0,4.0,79.0,2.0,2.0,0.0,5.0,0.0,0.0,0.0,0.0,2.0,0.0,13.0,0.0,39.0,1072.0,63.0,275.0
Palm Beach-120997162 7162,719.0,0.0,0.0,10.0,7.0,125.0,219.0,4.0,53.0,2.0,0.0,0.0,6.0,0.0,0.0,0.0,0.0,1.0,0.0,11.0,1.0,24.0,861.0,45.0,276.0
"Palm Beach-120997164 3066, 7164",299.0,0.0,0.0,5.0,5.0,196.0,75.0,4.0,54.0,1.0,1.0,0.0,13.0,0.0,0.0,1.0,1.0,12.0,0.0,21.0,0.0,63.0,505.0,113.0,133.0
"Palm Beach-120997166 7156, 7158, 7166",402.0,0.0,1.0,4.0,1.0,381.0,128.0,4.0,37.0,2.0,1.0,0.0,18.0,0.0,0.0,0.0,0.0,39.0,1.0,54.0,0.0,148.0,789.0,263.0,169.0
Palm Beach-120997168 7168,1161.0,3.0,3.0,36.0,20.0,653.0,258.0,8.0,144.0,7.0,3.0,1.0,39.0,0.0,0.0,0.0,1.0,12.0,0.0,37.0,0.0,124.0,1876.0,224.0,410.0
Palm Beach-120997170 7170,572.0,1.0,1.0,13.0,12.0,371.0,97.0,3.0,66.0,0.0,0.0,0.0,15.0,0.0,0.0,1.0,0.0,14.0,2.0,27.0,0.0,71.0,970.0,130.0,166.0
"Palm Beach-120997172 3075, 4002, 7172",248.0,1.0,0.0,9.0,5.0,222.0,61.0,2.0,36.0,0.0,1.0,0.0,7.0,0.0,0.0,0.0,0.0,8.0,2.0,25.0,0.0,48.0,485.0,91.0,99.0
Palm Beach-120997174 7174,829.0,3.0,2.0,17.0,7.0,202.0,136.0,2.0,54.0,2.0,0.0,1.0,9.0,0.0,1.0,0.0,0.0,2.0,2.0,18.0,0.0,34.0,1060.0,69.0,192.0
"Palm Beach-120997176 4008, 7176",138.0,0.0,0.0,4.0,1.0,51.0,42.0,0.0,20.0,0.0,1.0,1.0,2.0,0.0,0.0,0.0,0.0,3.0,0.0,4.0,0.0,15.0,194.0,26.0,62.0
Palm Beach-120997178 7178,1394.0,2.0,0.0,16.0,9.0,335.0,360.0,5.0,87.0,0.0,1.0,0.0,8.0,0.0,0.0,0.0,0.0,5.0,0.0,16.0,0.0,56.0,1756.0,86.0,452.0
"Palm Beach-120997180 7180,7184",1857.0,2.0,1.0,4.0,10.0,156.0,547.0,3.0,113.0,3.0,1.0,0.0,10.0,0.0,0.0,0.0,0.0,4.0,0.0,13.0,0.0,21.0,2030.0,52.0,663.0
Palm Beach-120997182 7182,1094.0,0.0,1.0,5.0,7.0,39.0,388.0,3.0,66.0,0.0,1.0,0.0,1.0,0.0,0.0,0.0,0.0,0.0,0.0,4.0,0.0,4.0,1146.0,10.0,457.0
"Palm Beach-120997184 7180,7184",4.0,0.0,0.0,0.0,0.0,1.0,0.0,0.0,0.0,0.0,0.0,0.0,0.0,0.0,0.0,0.0,0.0,0.0,0.0,0.0,0.0,2.0,5.0,2.0,0.0
Palm Beach-120997186 7186,1264.0,4.0,2.0,30.0,16.0,378.0,391.0,4.0,182.0,2.0,3.0,0.0,29.0,0.0,0.0,0.0,0.0,13.0,2.0,23.0,0.0,84.0,1694.0,156.0,577.0
Palm Beach-120997188 7188,624.0,1.0,0.0,11.0,12.0,463.0,144.0,3.0,77.0,6.0,2.0,0.0,20.0,0.0,0.0,0.0,0.0,16.0,0.0,33.0,0.0,96.0,1111.0,173.0,224.0
"Palm Beach-120997190 4064, 4066, 4068, 4070, 7190",911.0,1.0,1.0,26.0,24.0,545.0,247.0,6.0,114.0,1.0,0.0,0.0,19.0,0.0,0.0,0.0,0.0,19.0,3.0,38.0,0.0,102.0,1508.0,182.0,367.0
"Palm Beach-120997192 4036, 4060, 4062, 7192",9.0,0.0,0.0,0.0,1.0,5.0,0.0,0.0,4.0,2.0,0.0,0.0,0.0,0.0,0.0,0.0,0.0,0.0,0.0,0.0,0.0,2.0,15.0,4.0,4.0
"Palm Beach-120997194 7194, 7214",564.0,1.0,1.0,11.0,8.0,305.0,113.0,1.0,53.0,3.0,1.0,0.0,17.0,0.0,0.0,0.0,0.0,7.0,1.0,32.0,0.0,65.0,890.0,126.0,167.0
"Palm Beach-120997196 7196, 7198",1283.0,0.0,1.0,9.0,11.0,254.0,337.0,4.0,128.0,0.0,3.0,1.0,8.0,0.0,0.0,0.0,0.0,11.0,1.0,11.0,1.0,48.0,1558.0,84.0,469.0
"Palm Beach-120997198 7196, 7198",31.0,0.0,0.0,0.0,0.0,31.0,6.0,3.0,9.0,0.0,0.0,0.0,2.0,0.0,0.0,0.0,0.0,3.0,0.0,1.0,0.0,11.0,62.0,17.0,18.0
Palm Beach-120997200 7200,1069.0,0.0,1.0,3.0,3.0,85.0,419.0,1.0,60.0,1.0,0.0,0.0,2.0,0.0,0.0,0.0,0.0,1.0,0.0,4.0,0.0,12.0,1161.0,20.0,480.0
"Palm Beach-120997202 4110, 7202, 7206",598.0,1.0,0.0,12.0,4.0,287.0,124.0,1.0,54.0,2.0,0.0,0.0,5.0,0.0,0.0,0.0,0.0,16.0,1.0,17.0,0.0,45.0,902.0,86.0,179.0
"Palm Beach-120997204 4126, 7204",65.0,0.0,0.0,1.0,1.0,58.0,16.0,0.0,5.0,0.0,0.0,0.0,3.0,0.0,0.0,0.0,0.0,0.0,0.0,6.0,0.0,9.0,125.0,18.0,21.0
"Palm Beach-120997206 4110, 7202, 7206",49.0,0.0,0.0,1.0,3.0,56.0,10.0,0.0,6.0,0.0,0.0,0.0,5.0,0.0,0.0,0.0,0.0,5.0,0.0,8.0,0.0,11.0,109.0,29.0,16.0
Palm Beach-120997208 7208,711.0,0.0,2.0,13.0,5.0,198.0,170.0,2.0,54.0,3.0,1.0,1.0,7.0,0.0,0.0,0.0,0.0,20.0,0.0,20.0,1.0,25.0,929.0,78.0,226.0
Palm Beach-120997210 7210,1331.0,0.0,0.0,4.0,3.0,41.0,366.0,3.0,73.0,0.0,0.0,0.0,0.0,0.0,0.0,0.0,0.0,0.0,0.0,1.0,0.0,6.0,1379.0,7.0,442.0
Palm Beach-120997212 7212,1030.0,1.0,0.0,10.0,5.0,181.0,256.0,0.0,56.0,0.0,0.0,0.0,4.0,0.0,0.0,0.0,0.0,3.0,0.0,7.0,0.0,26.0,1227.0,40.0,312.0
"Palm Beach-120997214 7194, 7214",696.0,3.0,0.0,15.0,7.0,233.0,154.0,3.0,48.0,1.0,1.0,0.0,13.0,0.0,0.0,0.0,0.0,7.0,1.0,18.0,0.0,35.0,954.0,76.0,205.0
Palm Beach-120998001 8001,62.0,0.0,0.0,1.0,1.0,18.0,8.0,0.0,5.0,0.0,0.0,1.0,5.0,0.0,0.0,0.0,0.0,2.0,0.0,2.0,0.0,3.0,82.0,13.0,13.0
Palm Beach-120998002 8002,46.0,2.0,0.0,3.0,0.0,41.0,4.0,0.0,7.0,2.0,1.0,1.0,1.0,0.0,0.0,0.0,0.0,1.0,0.0,9.0,0.0,11.0,92.0,26.0,11.0
Pasco-1210100,0.0,0.0,0.0,0.0,0.0,0.0,82.0,1.0,81.0,3.0,5.0,0.0,101.0,0.0,0.0,0.0,0.0,25.0,0.0,103.0,0.0,228.0,0.0,465.0,164.0
Pasco-1210101,0.0,0.0,0.0,0.0,0.0,0.0,679.0,20.0,411.0,26.0,14.0,0.0,248.0,0.0,0.0,1.0,5.0,77.0,4.0,346.0,1.0,531.0,0.0,1253.0,1110.0
Pasco-1210102,0.0,0.0,0.0,0.0,0.0,0.0,263.0,9.0,159.0,10.0,7.0,0.0,110.0,0.0,0.0,0.0,2.0,56.0,0.0,140.0,0.0,358.0,0.0,683.0,431.0
Pasco-1210103,0.0,0.0,0.0,0.0,0.0,0.0,379.0,15.0,297.0,31.0,9.0,0.0,330.0,1.0,1.0,0.0,2.0,82.0,0.0,317.0,2.0,818.0,0.0,1593.0,691.0
Pasco-1210104,0.0,0.0,0.0,0.0,0.0,0.0,140.0,9.0,93.0,12.0,3.0,0.0,95.0,0.0,0.0,0.0,3.0,27.0,2.0,99.0,1.0,239.0,0.0,481.0,242.0
Pasco-1210105,0.0,0.0,0.0,0.0,0.0,0.0,467.0,28.0,263.0,32.0,8.0,0.0,233.0,1.0,0.0,0.0,1.0,106.0,3.0,329.0,0.0,764.0,0.0,1477.0,758.0
Pasco-1210106,0.0,0.0,0.0,0.0,0.0,0.0,613.0,41.0,397.0,78.0,17.0,4.0,349.0,3.0,2.0,0.0,7.0,111.0,4.0,425.0,1.0,882.0,0.0,1883.0,1051.0
Pasco-1210107,0.0,0.0,0.0,0.0,0.0,0.0,667.0,14.0,405.0,22.0,10.0,1.0,336.0,0.0,0.0,0.0,3.0,56.0,9.0,350.0,0.0,557.0,0.0,1344.0,1086.0
Pasco-1210108,0.0,0.0,0.0,0.0,0.0,0.0,598.0,18.0,461.0,30.0,13.0,0.0,455.0,3.0,0.0,1.0,1.0,101.0,4.0,511.0,2.0,1024.0,0.0,2145.0,1077.0
Pasco-1210109,0.0,0.0,0.0,0.0,0.0,0.0,347.0,10.0,264.0,16.0,10.0,0.0,262.0,2.0,0.0,0.0,1.0,89.0,2.0,322.0,0.0,568.0,0.0,1272.0,621.0
Pasco-121011,1348.0,10.0,1.0,89.0,25.0,1273.0,0.0,0.0,0.0,0.0,0.0,0.0,0.0,0.0,0.0,0.0,0.0,0.0,0.0,0.0,0.0,0.0,2746.0,0.0,0.0
Pasco-1210110,218.0,4.0,0.0,27.0,10.0,503.0,503.0,34.0,446.0,33.0,20.0,2.0,466.0,3.0,0.0,2.0,1.0,128.0,8.0,482.0,0.0,889.0,762.0,2034.0,983.0
Pasco-12101100,459.0,5.0,1.0,49.0,9.0,979.0,0.0,0.0,0.0,0.0,0.0,0.0,0.0,0.0,0.0,0.0,0.0,0.0,0.0,0.0,0.0,0.0,1502.0,0.0,0.0
Pasco-12101101,1337.0,9.0,7.0,77.0,32.0,1139.0,0.0,0.0,0.0,0.0,0.0,0.0,0.0,0.0,0.0,0.0,0.0,0.0,0.0,0.0,0.0,0.0,2601.0,0.0,0.0
Pasco-12101102,672.0,6.0,1.0,41.0,9.0,973.0,0.0,0.0,0.0,0.0,0.0,0.0,0.0,0.0,0.0,0.0,0.0,0.0,0.0,0.0,0.0,0.0,1702.0,0.0,0.0
Pasco-12101103,942.0,6.0,4.0,77.0,17.0,1853.0,0.0,0.0,0.0,0.0,0.0,0.0,0.0,0.0,0.0,0.0,0.0,0.0,0.0,0.0,0.0,0.0,2899.0,0.0,0.0
Pasco-12101104,224.0,1.0,4.0,16.0,7.0,370.0,0.0,0.0,0.0,0.0,0.0,0.0,0.0,0.0,0.0,0.0,0.0,0.0,0.0,0.0,0.0,0.0,622.0,0.0,0.0
Pasco-12101105,934.0,1.0,2.0,43.0,15.0,1596.0,0.0,0.0,0.0,0.0,0.0,0.0,0.0,0.0,0.0,0.0,0.0,0.0,0.0,0.0,0.0,0.0,2591.0,0.0,0.0
Pasco-12101106,223.0,1.0,0.0,4.0,2.0,303.0,0.0,0.0,0.0,0.0,0.0,0.0,0.0,0.0,0.0,0.0,0.0,0.0,0.0,0.0,0.0,0.0,533.0,0.0,0.0
Pasco-12101107,1554.0,5.0,8.0,95.0,20.0,1337.0,0.0,0.0,0.0,0.0,0.0,0.0,0.0,0.0,0.0,0.0,0.0,0.0,0.0,0.0,0.0,0.0,3019.0,0.0,0.0
Pasco-12101108,1253.0,9.0,4.0,87.0,34.0,2142.0,0.0,0.0,0.0,0.0,0.0,0.0,0.0,0.0,0.0,0.0,0.0,0.0,0.0,0.0,0.0,0.0,3529.0,0.0,0.0
Pasco-12101109,1495.0,4.0,3.0,90.0,26.0,2238.0,0.0,0.0,0.0,0.0,0.0,0.0,0.0,0.0,0.0,0.0,0.0,0.0,0.0,0.0,0.0,0.0,3856.0,0.0,0.0
Pasco-1210111,795.0,0.0,3.0,63.0,17.0,1502.0,493.0,17.0,311.0,25.0,4.0,1.0,299.0,0.0,0.0,0.0,1.0,85.0,4.0,408.0,1.0,685.0,2380.0,1513.0,821.0
Pasco-12101110,1898.0,16.0,6.0,190.0,56.0,3580.0,0.0,0.0,0.0,0.0,0.0,0.0,0.0,0.0,0.0,0.0,0.0,0.0,0.0,0.0,0.0,0.0,5746.0,0.0,0.0
Pasco-12101111,1552.0,7.0,2.0,81.0,17.0,1735.0,0.0,0.0,0.0,0.0,0.0,0.0,0.0,0.0,0.0,0.0,0.0,0.0,0.0,0.0,0.0,0.0,3394.0,0.0,0.0
Pasco-12101112,663.0,3.0,1.0,33.0,13.0,972.0,0.0,0.0,0.0,0.0,0.0,0.0,0.0,0.0,0.0,0.0,0.0,0.0,0.0,0.0,0.0,0.0,1685.0,0.0,0.0
Pasco-1210112,378.0,2.0,0.0,31.0,15.0,881.0,270.0,8.0,173.0,13.0,7.0,0.0,217.0,0.0,0.0,1.0,3.0,64.0,6.0,212.0,0.0,405.0,1307.0,928.0,451.0
Pasco-1210113,752.0,3.0,2.0,50.0,12.0,1666.0,170.0,14.0,109.0,9.0,3.0,0.0,60.0,0.0,0.0,1.0,0.0,16.0,0.0,77.0,1.0,397.0,2485.0,564.0,293.0
Pasco-1210114,1274.0,6.0,4.0,82.0,23.0,2161.0,236.0,14.0,156.0,13.0,2.0,0.0,217.0,0.0,0.0,0.0,0.0,49.0,3.0,243.0,0.0,483.0,3550.0,1010.0,406.0
Pasco-1210115,982.0,12.0,3.0,84.0,37.0,1290.0,252.0,9.0,173.0,12.0,3.0,0.0,87.0,0.0,1.0,0.0,0.0,28.0,2.0,69.0,1.0,283.0,2408.0,486.0,434.0
Pasco-1210116,149.0,1.0,0.0,18.0,1.0,454.0,40.0,6.0,34.0,1.0,1.0,0.0,24.0,0.0,0.0,0.0,0.0,1.0,0.0,22.0,0.0,98.0,623.0,147.0,80.0
Pasco-1210117,227.0,2.0,0.0,7.0,1.0,354.0,81.0,1.0,28.0,6.0,4.0,0.0,37.0,0.0,0.0,0.0,1.0,14.0,0.0,41.0,0.0,121.0,591.0,224.0,110.0
Pasco-1210118,354.0,1.0,3.0,25.0,5.0,509.0,100.0,14.0,63.0,3.0,0.0,0.0,36.0,0.0,0.0,0.0,0.0,8.0,1.0,29.0,0.0,112.0,897.0,189.0,177.0
Pasco-1210119,802.0,8.0,2.0,67.0,14.0,1903.0,186.0,10.0,158.0,22.0,9.0,1.0,188.0,1.0,0.0,0.0,0.0,79.0,1.0,268.0,0.0,479.0,2796.0,1048.0,354.0
Pasco-121012,240.0,3.0,0.0,14.0,4.0,441.0,0.0,0.0,0.0,0.0,0.0,0.0,0.0,0.0,0.0,0.0,0.0,0.0,0.0,0.0,0.0,0.0,702.0,0.0,0.0
Pasco-1210120,108.0,1.0,0.0,12.0,6.0,248.0,13.0,2.0,32.0,2.0,0.0,0.0,22.0,0.0,0.0,0.0,0.0,2.0,0.0,18.0,0.0,47.0,375.0,91.0,47.0
Pasco-1210121,259.0,3.0,0.0,15.0,2.0,388.0,69.0,5.0,40.0,5.0,1.0,0.0,32.0,0.0,0.0,0.0,0.0,2.0,1.0,24.0,0.0,68.0,667.0,133.0,114.0
Pasco-1210122,255.0,1.0,2.0,28.0,6.0,559.0,66.0,1.0,39.0,5.0,2.0,0.0,57.0,1.0,0.0,0.0,0.0,16.0,0.0,52.0,1.0,135.0,851.0,269.0,106.0
Pasco-1210123,395.0,9.0,3.0,30.0,8.0,874.0,115.0,3.0,80.0,8.0,1.0,0.0,47.0,1.0,0.0,0.0,1.0,31.0,0.0,57.0,0.0,252.0,1319.0,398.0,198.0
Pasco-1210124,128.0,1.0,0.0,5.0,2.0,162.0,34.0,2.0,27.0,0.0,0.0,0.0,26.0,0.0,0.0,0.0,0.0,7.0,0.0,19.0,0.0,38.0,298.0,90.0,63.0
Pasco-1210125,1038.0,7.0,3.0,54.0,18.0,1308.0,246.0,17.0,157.0,19.0,8.0,1.0,93.0,0.0,0.0,0.0,2.0,32.0,1.0,94.0,0.0,293.0,2428.0,543.0,420.0
Pasco-1210126,575.0,5.0,2.0,35.0,26.0,1201.0,123.0,5.0,113.0,6.0,2.0,0.0,79.0,0.0,1.0,0.0,0.0,36.0,2.0,66.0,0.0,300.0,1844.0,492.0,241.0
Pasco-1210127,1175.0,16.0,7.0,98.0,43.0,3133.0,306.0,35.0,280.0,27.0,10.0,0.0,231.0,2.0,0.0,1.0,2.0,47.0,1.0,204.0,0.0,675.0,4472.0,1200.0,621.0
Pasco-1210128,1105.0,5.0,5.0,69.0,24.0,1484.0,280.0,14.0,161.0,17.0,6.0,2.0,70.0,0.0,0.0,0.0,1.0,23.0,2.0,94.0,0.0,304.0,2692.0,519.0,455.0
Pasco-1210129,372.0,2.0,1.0,31.0,7.0,541.0,91.0,4.0,73.0,4.0,4.0,0.0,24.0,0.0,0.0,0.0,0.0,12.0,0.0,27.0,1.0,127.0,954.0,199.0,168.0
Pasco-121013,840.0,5.0,2.0,44.0,15.0,1443.0,0.0,0.0,0.0,0.0,0.0,0.0,0.0,0.0,0.0,0.0,0.0,0.0,0.0,0.0,0.0,0.0,2349.0,0.0,0.0
Pasco-1210130,925.0,4.0,2.0,59.0,35.0,1163.0,205.0,13.0,139.0,5.0,0.0,0.0,83.0,0.0,0.0,0.0,0.0,14.0,2.0,74.0,0.0,251.0,2188.0,429.0,357.0
Pasco-1210131,1112.0,5.0,2.0,80.0,23.0,1247.0,203.0,4.0,145.0,5.0,6.0,0.0,144.0,0.0,0.0,0.0,1.0,33.0,1.0,125.0,0.0,196.0,2469.0,511.0,352.0
Pasco-1210132,887.0,6.0,0.0,70.0,12.0,1215.0,184.0,5.0,155.0,3.0,2.0,0.0,75.0,0.0,0.0,1.0,0.0,23.0,0.0,81.0,0.0,262.0,2190.0,447.0,344.0
Pasco-1210133,1394.0,1.0,0.0,77.0,25.0,2734.0,416.0,12.0,206.0,25.0,13.0,4.0,202.0,1.0,0.0,1.0,0.0,106.0,2.0,280.0,1.0,828.0,4231.0,1463.0,634.0
Pasco-1210134,892.0,8.0,6.0,76.0,31.0,1537.0,252.0,17.0,179.0,16.0,8.0,1.0,98.0,2.0,0.0,1.0,1.0,38.0,1.0,102.0,1.0,363.0,2550.0,632.0,448.0
Pasco-1210135,808.0,3.0,6.0,72.0,22.0,1221.0,198.0,1.0,133.0,26.0,8.0,2.0,80.0,0.0,0.0,1.0,3.0,29.0,0.0,86.0,2.0,273.0,2132.0,510.0,332.0
Pasco-1210136,1380.0,4.0,1.0,89.0,30.0,1790.0,265.0,7.0,184.0,12.0,7.0,0.0,153.0,0.0,0.0,0.0,1.0,40.0,0.0,226.0,0.0,362.0,3294.0,801.0,456.0
Pasco-1210137,649.0,4.0,3.0,53.0,14.0,1253.0,211.0,20.0,119.0,17.0,6.0,1.0,111.0,0.0,0.0,0.0,1.0,41.0,0.0,121.0,0.0,308.0,1976.0,606.0,350.0
Pasco-1210138,1059.0,2.0,4.0,45.0,13.0,1241.0,175.0,9.0,116.0,6.0,2.0,2.0,99.0,0.0,0.0,0.0,0.0,40.0,2.0,127.0,0.0,234.0,2364.0,512.0,300.0
Pasco-1210139,162.0,0.0,0.0,19.0,2.0,375.0,36.0,2.0,32.0,3.0,1.0,0.0,52.0,0.0,0.0,0.0,0.0,7.0,0.0,25.0,0.0,83.0,558.0,171.0,70.0
Pasco-121014,302.0,6.0,2.0,30.0,9.0,610.0,0.0,0.0,0.0,0.0,0.0,0.0,0.0,0.0,0.0,0.0,0.0,0.0,0.0,0.0,0.0,0.0,959.0,0.0,0.0
Pasco-1210140,210.0,1.0,0.0,12.0,10.0,358.0,45.0,3.0,39.0,1.0,0.0,0.0,18.0,0.0,0.0,0.0,2.0,4.0,0.0,28.0,1.0,66.0,591.0,120.0,87.0
Pasco-1210141,492.0,5.0,1.0,55.0,17.0,968.0,163.0,13.0,119.0,11.0,1.0,0.0,77.0,0.0,0.0,0.0,0.0,22.0,1.0,66.0,1.0,236.0,1538.0,415.0,295.0
Pasco-1210142,1340.0,7.0,2.0,98.0,32.0,2051.0,288.0,10.0,254.0,19.0,5.0,0.0,109.0,0.0,0.0,1.0,1.0,45.0,4.0,166.0,3.0,516.0,3530.0,869.0,552.0
Pasco-1210143,228.0,0.0,0.0,19.0,3.0,276.0,41.0,5.0,37.0,2.0,1.0,0.0,15.0,0.0,0.0,0.0,0.0,3.0,1.0,18.0,0.0,57.0,526.0,97.0,83.0
Pasco-1210144,373.0,2.0,0.0,20.0,5.0,557.0,159.0,9.0,83.0,8.0,2.0,1.0,59.0,0.0,0.0,0.0,1.0,19.0,0.0,62.0,0.0,246.0,957.0,398.0,251.0
Pasco-1210145,1027.0,7.0,1.0,67.0,26.0,2554.0,270.0,15.0,169.0,15.0,11.0,1.0,209.0,1.0,0.0,0.0,0.0,57.0,2.0,232.0,0.0,704.0,3682.0,1232.0,454.0
Pasco-1210146,1043.0,9.0,5.0,76.0,37.0,1423.0,269.0,18.0,166.0,8.0,4.0,0.0,80.0,0.0,0.0,0.0,0.0,21.0,0.0,67.0,0.0,263.0,2593.0,443.0,453.0
Pasco-1210147,376.0,3.0,2.0,24.0,6.0,489.0,90.0,5.0,57.0,3.0,4.0,0.0,19.0,0.0,0.0,0.0,2.0,17.0,1.0,48.0,1.0,114.0,900.0,209.0,152.0
Pasco-1210148,502.0,1.0,5.0,36.0,12.0,737.0,91.0,1.0,72.0,4.0,1.0,0.0,92.0,0.0,0.0,0.0,0.0,7.0,0.0,63.0,2.0,132.0,1293.0,301.0,164.0
Pasco-1210149,302.0,1.0,0.0,27.0,11.0,628.0,81.0,7.0,76.0,2.0,5.0,1.0,27.0,1.0,0.0,0.0,0.0,5.0,0.0,35.0,0.0,134.0,969.0,210.0,164.0
Pasco-121015,570.0,6.0,3.0,46.0,15.0,1226.0,0.0,0.0,0.0,0.0,0.0,0.0,0.0,0.0,0.0,0.0,0.0,0.0,0.0,0.0,0.0,0.0,1866.0,0.0,0.0
Pasco-1210150,749.0,8.0,0.0,56.0,24.0,1019.0,216.0,11.0,118.0,18.0,7.0,0.0,76.0,0.0,1.0,0.0,0.0,24.0,0.0,70.0,0.0,263.0,1856.0,459.0,345.0
Pasco-1210151,792.0,10.0,2.0,65.0,21.0,1079.0,167.0,12.0,131.0,4.0,3.0,0.0,72.0,0.0,0.0,0.0,0.0,13.0,0.0,65.0,1.0,237.0,1969.0,395.0,310.0
Pasco-1210152,1414.0,5.0,5.0,67.0,30.0,2303.0,428.0,17.0,249.0,31.0,12.0,2.0,176.0,0.0,0.0,1.0,3.0,72.0,1.0,217.0,2.0,627.0,3824.0,1144.0,694.0
Pasco-1210153,619.0,1.0,4.0,34.0,23.0,822.0,135.0,6.0,110.0,4.0,2.0,0.0,53.0,0.0,0.0,0.0,0.0,3.0,0.0,34.0,0.0,178.0,1503.0,274.0,251.0
Pasco-1210154,1019.0,3.0,2.0,74.0,35.0,1201.0,212.0,11.0,158.0,12.0,7.0,1.0,79.0,0.0,0.0,1.0,2.0,19.0,0.0,80.0,0.0,202.0,2334.0,403.0,381.0
Pasco-1210155,1154.0,7.0,5.0,80.0,30.0,1784.0,286.0,19.0,172.0,25.0,16.0,1.0,186.0,2.0,0.0,2.0,1.0,54.0,0.0,188.0,0.0,427.0,3060.0,902.0,477.0
Pasco-1210156,175.0,1.0,0.0,12.0,3.0,297.0,59.0,5.0,21.0,3.0,0.0,0.0,22.0,0.0,0.0,0.0,0.0,8.0,0.0,29.0,0.0,78.0,488.0,140.0,85.0
Pasco-1210157,543.0,3.0,2.0,35.0,12.0,853.0,147.0,13.0,93.0,6.0,7.0,1.0,67.0,0.0,0.0,0.0,1.0,16.0,0.0,60.0,1.0,189.0,1448.0,348.0,253.0
Pasco-1210158,412.0,2.0,3.0,31.0,5.0,592.0,116.0,7.0,65.0,8.0,2.0,0.0,58.0,0.0,0.0,0.0,0.0,14.0,0.0,42.0,0.0,135.0,1045.0,259.0,188.0
Pasco-1210159,1643.0,12.0,6.0,92.0,34.0,2584.0,484.0,27.0,287.0,21.0,17.0,2.0,170.0,2.0,0.0,2.0,2.0,55.0,3.0,207.0,1.0,601.0,4371.0,1083.0,798.0
Pasco-121016,2168.0,13.0,7.0,161.0,40.0,3724.0,0.0,0.0,0.0,0.0,0.0,0.0,0.0,0.0,0.0,0.0,0.0,0.0,0.0,0.0,0.0,0.0,6113.0,0.0,0.0
Pasco-1210160,959.0,5.0,6.0,59.0,18.0,1313.0,263.0,24.0,178.0,17.0,5.0,1.0,71.0,0.0,0.0,0.0,0.0,38.0,1.0,99.0,0.0,310.0,2360.0,542.0,465.0
Pasco-1210161,347.0,4.0,0.0,20.0,7.0,550.0,102.0,5.0,54.0,6.0,1.0,0.0,41.0,0.0,0.0,0.0,0.0,13.0,1.0,49.0,0.0,159.0,928.0,270.0,161.0
Pasco-1210162,1180.0,10.0,4.0,82.0,21.0,2284.0,266.0,18.0,180.0,10.0,14.0,1.0,299.0,1.0,0.0,1.0,1.0,46.0,2.0,213.0,0.0,499.0,3581.0,1087.0,464.0
Pasco-1210163,387.0,2.0,0.0,24.0,3.0,597.0,100.0,12.0,70.0,6.0,6.0,0.0,67.0,0.0,0.0,1.0,0.0,18.0,0.0,48.0,0.0,146.0,1013.0,292.0,182.0
Pasco-1210164,513.0,7.0,0.0,37.0,8.0,827.0,164.0,12.0,89.0,13.0,6.0,0.0,68.0,1.0,0.0,1.0,1.0,34.0,1.0,72.0,0.0,246.0,1392.0,443.0,265.0
Pasco-1210165,1032.0,5.0,4.0,105.0,30.0,1485.0,202.0,6.0,169.0,21.0,2.0,1.0,114.0,3.0,0.0,0.0,2.0,21.0,3.0,131.0,0.0,284.0,2661.0,582.0,377.0
Pasco-1210166,1009.0,7.0,3.0,56.0,33.0,1397.0,224.0,12.0,155.0,16.0,2.0,0.0,85.0,2.0,0.0,0.0,1.0,17.0,0.0,109.0,0.0,263.0,2505.0,495.0,391.0
Pasco-1210167,807.0,3.0,2.0,73.0,17.0,1617.0,157.0,13.0,139.0,6.0,8.0,1.0,180.0,0.0,0.0,1.0,2.0,49.0,1.0,148.0,1.0,420.0,2519.0,817.0,309.0
Pasco-1210168,636.0,6.0,1.0,24.0,10.0,1145.0,173.0,4.0,92.0,17.0,5.0,1.0,71.0,0.0,0.0,1.0,1.0,34.0,0.0,104.0,0.0,293.0,1822.0,527.0,269.0
Pasco-1210169,659.0,3.0,2.0,66.0,19.0,1411.0,159.0,17.0,112.0,16.0,10.0,0.0,108.0,1.0,0.0,0.0,3.0,26.0,1.0,121.0,1.0,313.0,2160.0,600.0,288.0
Pasco-121017,2073.0,21.0,4.0,123.0,40.0,1996.0,0.0,0.0,0.0,0.0,0.0,0.0,0.0,0.0,0.0,0.0,0.0,0.0,0.0,0.0,0.0,0.0,4257.0,0.0,0.0
Pasco-1210170,2538.0,9.0,4.0,158.0,47.0,3674.0,584.0,24.0,381.0,37.0,7.0,4.0,387.0,0.0,0.0,0.0,0.0,120.0,6.0,425.0,2.0,933.0,6430.0,1921.0,989.0
Pasco-1210171,307.0,0.0,1.0,16.0,6.0,776.0,86.0,8.0,78.0,8.0,5.0,0.0,60.0,0.0,0.0,0.0,2.0,23.0,0.0,56.0,0.0,217.0,1106.0,371.0,172.0
Pasco-1210172,811.0,3.0,0.0,60.0,16.0,1074.0,209.0,5.0,140.0,10.0,3.0,0.0,68.0,0.0,0.0,0.0,0.0,22.0,0.0,84.0,0.0,267.0,1964.0,454.0,354.0
Pasco-1210173,2108.0,8.0,5.0,146.0,25.0,2439.0,441.0,10.0,295.0,14.0,5.0,1.0,247.0,0.0,0.0,0.0,1.0,76.0,1.0,325.0,1.0,533.0,4731.0,1204.0,746.0
Pasco-1210174,67.0,0.0,0.0,2.0,2.0,52.0,20.0,0.0,8.0,0.0,0.0,0.0,3.0,0.0,0.0,0.0,0.0,6.0,0.0,13.0,0.0,11.0,123.0,33.0,28.0
Pasco-1210175,913.0,13.0,2.0,71.0,18.0,1424.0,218.0,8.0,170.0,19.0,4.0,0.0,109.0,0.0,0.0,1.0,1.0,32.0,3.0,127.0,0.0,292.0,2441.0,588.0,396.0
Pasco-1210176,680.0,6.0,3.0,34.0,4.0,1352.0,234.0,11.0,116.0,20.0,4.0,0.0,140.0,0.0,0.0,0.0,0.0,69.0,1.0,205.0,0.0,433.0,2079.0,872.0,361.0
Pasco-1210177,574.0,6.0,0.0,34.0,14.0,1454.0,153.0,9.0,116.0,8.0,4.0,1.0,101.0,3.0,0.0,0.0,0.0,25.0,2.0,67.0,0.0,340.0,2082.0,551.0,278.0
Pasco-1210178,803.0,7.0,0.0,50.0,15.0,1332.0,266.0,11.0,117.0,16.0,7.0,2.0,114.0,0.0,0.0,1.0,0.0,45.0,0.0,162.0,0.0,408.0,2207.0,755.0,394.0
Pasco-1210179,239.0,4.0,0.0,24.0,4.0,813.0,93.0,11.0,74.0,5.0,3.0,0.0,160.0,1.0,0.0,0.0,3.0,39.0,3.0,161.0,0.0,250.0,1084.0,625.0,178.0
Pasco-121018,1562.0,13.0,8.0,109.0,31.0,2429.0,0.0,0.0,0.0,0.0,0.0,0.0,0.0,0.0,0.0,0.0,0.0,0.0,0.0,0.0,0.0,0.0,4152.0,0.0,0.0
Pasco-1210180,304.0,2.0,0.0,15.0,8.0,529.0,53.0,0.0,38.0,3.0,2.0,0.0,47.0,0.0,0.0,0.0,0.0,17.0,0.0,54.0,0.0,129.0,858.0,252.0,91.0
Pasco-1210181,314.0,6.0,1.0,16.0,11.0,775.0,86.0,5.0,63.0,4.0,1.0,0.0,65.0,0.0,0.0,0.0,2.0,18.0,0.0,50.0,1.0,207.0,1123.0,348.0,154.0
Pasco-1210182,886.0,4.0,4.0,48.0,11.0,1758.0,294.0,20.0,135.0,18.0,5.0,2.0,122.0,0.0,0.0,1.0,1.0,101.0,0.0,214.0,1.0,578.0,2711.0,1043.0,449.0
Pasco-1210183,2274.0,7.0,9.0,144.0,25.0,4483.0,492.0,19.0,229.0,36.0,7.0,2.0,341.0,1.0,3.0,0.0,1.0,143.0,1.0,478.0,0.0,1044.0,6942.0,2057.0,740.0
Pasco-1210184,603.0,6.0,1.0,37.0,20.0,1014.0,149.0,4.0,96.0,7.0,5.0,0.0,95.0,0.0,0.0,1.0,0.0,16.0,0.0,76.0,0.0,226.0,1681.0,426.0,249.0
Pasco-1210185,1021.0,6.0,4.0,58.0,20.0,1141.0,218.0,4.0,149.0,2.0,2.0,1.0,149.0,1.0,0.0,1.0,0.0,41.0,2.0,150.0,0.0,253.0,2250.0,602.0,371.0
Pasco-1210186,529.0,6.0,1.0,38.0,11.0,1073.0,148.0,13.0,108.0,8.0,5.0,3.0,82.0,1.0,0.0,0.0,2.0,16.0,2.0,87.0,2.0,221.0,1658.0,429.0,269.0
Pasco-1210187,366.0,7.0,1.0,15.0,7.0,709.0,92.0,10.0,68.0,9.0,7.0,0.0,66.0,0.0,0.0,0.0,0.0,16.0,0.0,66.0,1.0,173.0,1105.0,338.0,170.0
Pasco-1210188,124.0,6.0,0.0,13.0,0.0,365.0,44.0,2.0,21.0,0.0,1.0,0.0,59.0,0.0,0.0,0.0,0.0,7.0,0.0,40.0,0.0,118.0,508.0,225.0,67.0
Pasco-1210189,304.0,2.0,2.0,31.0,13.0,697.0,55.0,5.0,75.0,4.0,2.0,0.0,44.0,0.0,0.0,0.0,0.0,11.0,1.0,39.0,0.0,159.0,1049.0,260.0,135.0
Pasco-121019,148.0,0.0,0.0,16.0,8.0,399.0,0.0,0.0,0.0,0.0,0.0,0.0,0.0,0.0,0.0,0.0,0.0,0.0,0.0,0.0,0.0,0.0,571.0,0.0,0.0
Pasco-1210190,1489.0,9.0,4.0,73.0,26.0,1329.0,350.0,4.0,141.0,3.0,5.0,0.0,140.0,0.0,0.0,1.0,0.0,49.0,1.0,169.0,0.0,261.0,2930.0,629.0,495.0
Pasco-1210191,823.0,2.0,2.0,57.0,12.0,1690.0,261.0,2.0,148.0,21.0,4.0,1.0,218.0,1.0,0.0,0.0,1.0,90.0,4.0,260.0,0.0,670.0,2586.0,1270.0,411.0
Pasco-1210192,597.0,4.0,1.0,33.0,17.0,1002.0,203.0,10.0,97.0,17.0,3.0,2.0,62.0,2.0,0.0,1.0,1.0,34.0,0.0,104.0,1.0,286.0,1654.0,513.0,310.0
Pasco-1210193,777.0,4.0,3.0,67.0,13.0,1219.0,206.0,6.0,130.0,10.0,1.0,0.0,101.0,1.0,0.0,0.0,0.0,39.0,3.0,100.0,0.0,274.0,2083.0,529.0,342.0
Pasco-1210194,499.0,7.0,2.0,38.0,7.0,956.0,110.0,3.0,102.0,5.0,6.0,0.0,107.0,0.0,0.0,0.0,0.0,48.0,0.0,101.0,0.0,260.0,1509.0,527.0,215.0
Pasco-1210195,943.0,9.0,3.0,55.0,12.0,1445.0,200.0,7.0,147.0,15.0,3.0,1.0,164.0,0.0,0.0,0.0,2.0,49.0,1.0,178.0,0.0,345.0,2467.0,758.0,354.0
Pasco-1210196,922.0,2.0,7.0,70.0,18.0,807.0,167.0,6.0,147.0,2.0,7.0,1.0,107.0,0.0,0.0,0.0,1.0,18.0,1.0,98.0,0.0,148.0,1826.0,383.0,320.0
Pasco-1210197,1085.0,5.0,1.0,67.0,24.0,1808.0,264.0,14.0,200.0,29.0,5.0,2.0,157.0,1.0,0.0,0.0,0.0,56.0,3.0,136.0,0.0,441.0,2990.0,830.0,478.0
Pasco-1210198,948.0,7.0,5.0,84.0,19.0,1106.0,210.0,10.0,158.0,10.0,4.0,0.0,121.0,0.0,0.0,1.0,0.0,27.0,1.0,157.0,0.0,231.0,2169.0,552.0,378.0
Pasco-1210199,1286.0,5.0,6.0,63.0,13.0,949.0,259.0,4.0,153.0,3.0,3.0,1.0,82.0,0.0,1.0,0.0,0.0,24.0,0.0,98.0,0.0,197.0,2322.0,409.0,416.0
Pinellas-12103101,2231.0,3.0,2.0,44.0,29.0,531.0,1088.0,8.0,412.0,22.0,11.0,0.0,75.0,1.0,0.0,0.0,1.0,45.0,0.0,111.0,0.0,218.0,2840.0,484.0,1508.0
Pinellas-12103102,1136.0,1.0,0.0,23.0,8.0,229.0,394.0,1.0,138.0,10.0,1.0,0.0,19.0,1.0,0.0,0.0,0.0,23.0,1.0,33.0,0.0,48.0,1397.0,136.0,533.0
Pinellas-12103103,381.0,0.0,0.0,16.0,4.0,187.0,146.0,4.0,67.0,10.0,2.0,0.0,27.0,0.0,0.0,0.0,1.0,28.0,0.0,35.0,0.0,36.0,588.0,139.0,217.0
Pinellas-12103104,1110.0,1.0,2.0,29.0,8.0,195.0,417.0,2.0,160.0,3.0,1.0,0.0,9.0,0.0,0.0,0.0,0.0,12.0,0.0,23.0,0.0,45.0,1345.0,93.0,579.0
Pinellas-12103105,2306.0,8.0,2.0,43.0,17.0,386.0,916.0,7.0,283.0,13.0,2.0,0.0,33.0,0.0,0.0,0.0,0.0,15.0,2.0,42.0,0.0,82.0,2762.0,189.0,1206.0
Pinellas-12103106,398.0,1.0,0.0,19.0,12.0,193.0,155.0,3.0,86.0,11.0,1.0,0.0,29.0,2.0,0.0,0.0,0.0,19.0,0.0,42.0,1.0,54.0,623.0,159.0,244.0
Pinellas-12103107,986.0,3.0,0.0,31.0,8.0,466.0,0.0,0.0,0.0,0.0,0.0,0.0,0.0,0.0,0.0,0.0,0.0,0.0,0.0,0.0,0.0,0.0,1494.0,0.0,0.0
Pinellas-12103108,1373.0,3.0,3.0,68.0,18.0,638.0,422.0,9.0,193.0,12.0,3.0,1.0,60.0,2.0,0.0,0.0,0.0,26.0,0.0,85.0,1.0,137.0,2103.0,327.0,624.0
Pinellas-12103109,1384.0,0.0,1.0,22.0,21.0,235.0,442.0,0.0,177.0,5.0,6.0,0.0,19.0,0.0,0.0,0.0,0.0,12.0,0.0,35.0,0.0,42.0,1663.0,119.0,619.0
Pinellas-12103110,156.0,0.0,0.0,5.0,1.0,61.0,70.0,1.0,27.0,3.0,0.0,0.0,5.0,0.0,0.0,0.0,0.0,3.0,0.0,6.0,0.0,17.0,223.0,34.0,98.0
Pinellas-12103111,320.0,1.0,0.0,5.0,2.0,122.0,140.0,3.0,42.0,0.0,5.0,1.0,10.0,0.0,0.0,0.0,0.0,15.0,0.0,22.0,0.0,26.0,450.0,79.0,185.0
Pinellas-12103112,876.0,1.0,0.0,8.0,6.0,150.0,408.0,5.0,93.0,5.0,8.0,0.0,12.0,1.0,0.0,0.0,0.0,9.0,1.0,28.0,0.0,32.0,1041.0,96.0,506.0
Pinellas-12103113,1048.0,0.0,0.0,10.0,5.0,35.0,447.0,1.0,49.0,2.0,0.0,0.0,2.0,1.0,0.0,0.0,0.0,2.0,1.0,3.0,0.0,5.0,1098.0,16.0,497.0
Pinellas-12103114,868.0,2.0,0.0,4.0,3.0,30.0,338.0,2.0,55.0,2.0,1.0,0.0,6.0,1.0,0.0,0.0,0.0,0.0,0.0,3.0,0.0,1.0,907.0,14.0,395.0
Pinellas-12103115,922.0,0.0,0.0,8.0,9.0,34.0,378.0,4.0,56.0,1.0,0.0,0.0,0.0,0.0,0.0,0.0,0.0,2.0,0.0,1.0,0.0,3.0,973.0,7.0,438.0
Pinellas-12103116,994.0,1.0,0.0,10.0,11.0,91.0,281.0,1.0,91.0,3.0,2.0,0.0,8.0,0.0,0.0,0.0,0.0,2.0,1.0,16.0,0.0,16.0,1107.0,48.0,373.0
Pinellas-12103117,727.0,0.0,0.0,5.0,2.0,32.0,228.0,2.0,51.0,0.0,0.0,1.0,0.0,1.0,0.0,0.0,0.0,2.0,0.0,5.0,0.0,3.0,766.0,12.0,281.0
Pinellas-12103118,718.0,0.0,3.0,32.0,23.0,260.0,208.0,2.0,168.0,4.0,1.0,2.0,22.0,1.0,0.0,1.0,0.0,9.0,1.0,47.0,0.0,44.0,1036.0,132.0,378.0
Pinellas-12103119,1508.0,3.0,1.0,21.0,20.0,98.0,469.0,4.0,146.0,0.0,0.0,0.0,2.0,1.0,0.0,0.0,0.0,6.0,0.0,7.0,0.0,16.0,1651.0,32.0,619.0
Pinellas-12103120,1855.0,5.0,1.0,26.0,26.0,89.0,640.0,5.0,160.0,4.0,2.0,0.0,3.0,0.0,0.0,0.0,0.0,2.0,2.0,10.0,0.0,10.0,2002.0,33.0,805.0
Pinellas-12103121,355.0,1.0,1.0,28.0,14.0,137.0,36.0,0.0,65.0,0.0,1.0,0.0,7.0,0.0,0.0,0.0,0.0,8.0,0.0,17.0,0.0,25.0,536.0,58.0,101.0
Pinellas-12103122,129.0,0.0,0.0,7.0,4.0,61.0,5.0,0.0,18.0,0.0,1.0,0.0,2.0,0.0,0.0,0.0,0.0,1.0,0.0,2.0,0.0,6.0,201.0,12.0,23.0
Pinellas-12103123,1709.0,3.0,1.0,84.0,26.0,813.0,494.0,2.0,321.0,24.0,5.0,1.0,50.0,1.0,0.0,0.0,2.0,70.0,1.0,142.0,0.0,208.0,2636.0,504.0,817.0
Pinellas-12103125,853.0,2.0,0.0,33.0,34.0,282.0,211.0,6.0,206.0,11.0,0.0,1.0,16.0,0.0,0.0,0.0,1.0,8.0,1.0,35.0,0.0,59.0,1204.0,132.0,423.0
Pinellas-12103126,463.0,1.0,1.0,8.0,10.0,83.0,127.0,3.0,48.0,2.0,0.0,0.0,6.0,0.0,0.0,0.0,0.0,3.0,0.0,10.0,0.0,20.0,566.0,41.0,178.0
Pinellas-12103127,1058.0,2.0,0.0,39.0,32.0,286.0,283.0,2.0,294.0,4.0,2.0,0.0,23.0,0.0,0.0,0.0,0.0,17.0,1.0,40.0,0.0,59.0,1417.0,146.0,579.0
Pinellas-12103128,1168.0,8.0,1.0,68.0,38.0,529.0,221.0,4.0,223.0,8.0,2.0,0.0,23.0,1.0,0.0,0.0,0.0,14.0,1.0,38.0,0.0,70.0,1812.0,157.0,448.0
Pinellas-12103129,1248.0,0.0,2.0,69.0,36.0,568.0,92.0,3.0,113.0,2.0,0.0,0.0,16.0,0.0,0.0,1.0,0.0,18.0,1.0,26.0,1.0,39.0,1923.0,104.0,208.0
Pinellas-12103130,1519.0,0.0,1.0,87.0,38.0,882.0,404.0,11.0,315.0,46.0,6.0,2.0,56.0,0.0,1.0,0.0,0.0,96.0,1.0,171.0,0.0,209.0,2527.0,588.0,730.0
Pinellas-12103131,512.0,3.0,0.0,30.0,16.0,393.0,174.0,12.0,134.0,19.0,4.0,0.0,41.0,0.0,0.0,1.0,2.0,12.0,2.0,53.0,1.0,110.0,954.0,245.0,320.0
Pinellas-12103132,530.0,1.0,2.0,34.0,13.0,473.0,116.0,5.0,101.0,11.0,3.0,0.0,36.0,0.0,0.0,0.0,0.0,5.0,2.0,28.0,0.0,81.0,1053.0,166.0,222.0
Pinellas-12103133,612.0,2.0,2.0,42.0,28.0,476.0,330.0,9.0,325.0,13.0,2.0,0.0,83.0,2.0,0.0,0.0,0.0,33.0,0.0,92.0,0.0,151.0,1162.0,376.0,664.0
Pinellas-12103134,812.0,1.0,0.0,33.0,20.0,312.0,187.0,4.0,208.0,9.0,2.0,1.0,25.0,0.0,0.0,0.0,0.0,13.0,2.0,48.0,0.0,66.0,1178.0,166.0,399.0
Pinellas-12103135,1857.0,5.0,1.0,109.0,32.0,907.0,423.0,4.0,319.0,43.0,3.0,2.0,75.0,2.0,0.0,0.0,1.0,100.0,3.0,196.0,0.0,191.0,2911.0,616.0,746.0
Pinellas-12103136,905.0,4.0,0.0,52.0,18.0,552.0,319.0,2.0,251.0,13.0,8.0,2.0,82.0,0.0,0.0,0.0,0.0,83.0,0.0,149.0,0.0,205.0,1531.0,542.0,572.0
Pinellas-12103137,688.0,3.0,1.0,53.0,10.0,462.0,182.0,7.0,173.0,11.0,2.0,0.0,59.0,1.0,0.0,0.0,0.0,25.0,0.0,72.0,0.0,127.0,1217.0,297.0,362.0
Pinellas-12103138,1064.0,1.0,2.0,57.0,14.0,1216.0,266.0,3.0,139.0,45.0,7.0,3.0,103.0,1.0,0.0,0.0,1.0,138.0,3.0,281.0,0.0,368.0,2354.0,950.0,408.0
Pinellas-12103139,610.0,2.0,3.0,48.0,21.0,536.0,113.0,7.0,133.0,8.0,4.0,1.0,43.0,0.0,0.0,0.0,1.0,17.0,1.0,53.0,0.0,96.0,1220.0,224.0,253.0
Pinellas-12103140,1854.0,7.0,3.0,123.0,62.0,1478.0,415.0,18.0,413.0,27.0,9.0,1.0,145.0,2.0,0.0,0.0,0.0,67.0,0.0,227.0,0.0,297.0,3527.0,775.0,846.0
Pinellas-12103141,948.0,0.0,1.0,64.0,33.0,617.0,251.0,0.0,243.0,13.0,4.0,1.0,83.0,1.0,0.0,0.0,1.0,25.0,1.0,96.0,0.0,145.0,1663.0,370.0,494.0
Pinellas-12103142,884.0,1.0,3.0,85.0,11.0,946.0,236.0,14.0,184.0,18.0,6.0,0.0,71.0,3.0,0.0,0.0,0.0,59.0,3.0,162.0,1.0,271.0,1930.0,594.0,434.0
Pinellas-12103143,687.0,2.0,0.0,62.0,15.0,1081.0,171.0,3.0,114.0,21.0,12.0,0.0,112.0,0.0,0.0,0.0,0.0,65.0,1.0,231.0,0.0,266.0,1847.0,708.0,288.0
Pinellas-12103144,1372.0,4.0,4.0,149.0,31.0,1695.0,331.0,10.0,278.0,44.0,10.0,1.0,168.0,1.0,0.0,1.0,0.0,104.0,0.0,278.0,0.0,482.0,3255.0,1089.0,619.0
Pinellas-12103145,783.0,2.0,0.0,39.0,7.0,741.0,247.0,11.0,109.0,44.0,6.0,1.0,77.0,2.0,0.0,0.0,0.0,78.0,0.0,189.0,1.0,216.0,1572.0,614.0,367.0
Pinellas-12103146,441.0,3.0,0.0,30.0,16.0,416.0,107.0,9.0,102.0,6.0,2.0,2.0,32.0,0.0,0.0,0.0,0.0,13.0,2.0,48.0,0.0,105.0,906.0,210.0,218.0
Pinellas-12103147,408.0,3.0,2.0,35.0,16.0,368.0,109.0,7.0,103.0,5.0,1.0,0.0,42.0,0.0,0.0,0.0,0.0,12.0,4.0,52.0,0.0,70.0,832.0,186.0,219.0
Pinellas-12103148,1675.0,8.0,3.0,104.0,46.0,1429.0,387.0,14.0,251.0,36.0,6.0,0.0,113.0,4.0,0.0,0.0,0.0,22.0,1.0,126.0,0.0,273.0,3265.0,581.0,652.0
Pinellas-12103149,331.0,2.0,1.0,21.0,8.0,339.0,62.0,4.0,65.0,8.0,0.0,0.0,22.0,0.0,0.0,0.0,0.0,5.0,0.0,27.0,0.0,67.0,702.0,129.0,131.0
Pinellas-12103150,1366.0,3.0,5.0,89.0,33.0,1361.0,352.0,32.0,261.0,27.0,7.0,4.0,143.0,1.0,0.0,0.0,1.0,41.0,6.0,156.0,0.0,283.0,2857.0,669.0,645.0
Pinellas-12103151,544.0,0.0,3.0,33.0,8.0,534.0,136.0,7.0,124.0,10.0,1.0,1.0,67.0,0.0,0.0,0.0,0.0,7.0,0.0,54.0,1.0,118.0,1122.0,259.0,267.0
Pinellas-12103152,675.0,5.0,1.0,65.0,14.0,588.0,178.0,10.0,137.0,11.0,4.0,0.0,48.0,1.0,0.0,1.0,0.0,14.0,1.0,60.0,0.0,139.0,1348.0,279.0,325.0
Pinellas-12103153,1548.0,5.0,2.0,131.0,28.0,1397.0,416.0,12.0,248.0,34.0,10.0,1.0,132.0,1.0,0.0,0.0,1.0,74.0,0.0,207.0,0.0,349.0,3111.0,809.0,676.0
Pinellas-12103154,418.0,1.0,0.0,19.0,9.0,537.0,117.0,7.0,64.0,15.0,2.0,0.0,60.0,0.0,0.0,0.0,2.0,59.0,0.0,127.0,0.0,151.0,984.0,416.0,188.0
Pinellas-12103155,1614.0,5.0,4.0,103.0,29.0,1456.0,325.0,6.0,240.0,33.0,4.0,2.0,128.0,0.0,1.0,1.0,1.0,58.0,2.0,149.0,0.0,339.0,3211.0,718.0,571.0
Pinellas-12103156,1004.0,0.0,2.0,57.0,11.0,881.0,266.0,16.0,164.0,22.0,5.0,4.0,64.0,1.0,2.0,0.0,0.0,46.0,0.0,151.0,0.0,210.0,1955.0,505.0,446.0
Pinellas-12103157,264.0,2.0,0.0,25.0,7.0,316.0,81.0,1.0,60.0,4.0,2.0,0.0,33.0,0.0,0.0,0.0,0.0,23.0,0.0,40.0,1.0,63.0,614.0,166.0,142.0
Pinellas-12103158,626.0,3.0,1.0,44.0,13.0,579.0,160.0,8.0,86.0,10.0,6.0,0.0,59.0,1.0,0.0,0.0,0.0,26.0,0.0,59.0,0.0,166.0,1266.0,327.0,254.0
Pinellas-12103159,1161.0,6.0,4.0,80.0,35.0,1143.0,262.0,13.0,186.0,14.0,9.0,2.0,94.0,0.0,0.0,1.0,1.0,13.0,0.0,111.0,1.0,222.0,2429.0,468.0,461.0
Pinellas-12103160,848.0,5.0,2.0,39.0,10.0,1233.0,377.0,17.0,147.0,49.0,17.0,0.0,135.0,1.0,0.0,1.0,3.0,60.0,1.0,172.0,2.0,369.0,2137.0,810.0,541.0
Pinellas-12103161,1568.0,3.0,1.0,107.0,36.0,1045.0,247.0,2.0,226.0,18.0,6.0,0.0,78.0,0.0,0.0,0.0,0.0,37.0,2.0,125.0,1.0,204.0,2760.0,471.0,475.0
Pinellas-12103162,2255.0,9.0,1.0,151.0,51.0,1261.0,378.0,7.0,326.0,12.0,3.0,0.0,110.0,0.0,0.0,0.0,0.0,41.0,4.0,113.0,0.0,227.0,3728.0,510.0,711.0
Pinellas-12103163,444.0,1.0,0.0,25.0,14.0,580.0,130.0,8.0,89.0,8.0,2.0,2.0,62.0,0.0,0.0,0.0,0.0,23.0,1.0,76.0,1.0,131.0,1064.0,306.0,227.0
Pinellas-12103164,15.0,0.0,0.0,0.0,1.0,17.0,0.0,0.0,0.0,0.0,0.0,0.0,0.0,0.0,0.0,0.0,0.0,1.0,0.0,0.0,0.0,7.0,33.0,8.0,0.0
Pinellas-12103165,7.0,0.0,0.0,1.0,0.0,4.0,0.0,0.0,0.0,0.0,0.0,0.0,1.0,0.0,0.0,0.0,0.0,0.0,0.0,0.0,0.0,2.0,12.0,3.0,0.0
Pinellas-12103200,572.0,1.0,1.0,23.0,5.0,825.0,183.0,4.0,74.0,28.0,5.0,1.0,56.0,0.0,0.0,0.0,0.0,70.0,0.0,117.0,1.0,241.0,1427.0,519.0,261.0
Pinellas-12103201,1210.0,1.0,3.0,45.0,15.0,936.0,203.0,8.0,65.0,36.0,2.0,0.0,61.0,1.0,0.0,0.0,1.0,65.0,0.0,140.0,0.0,270.0,2210.0,576.0,276.0
Pinellas-12103202,866.0,2.0,0.0,36.0,4.0,874.0,310.0,7.0,343.0,31.0,6.0,1.0,79.0,1.0,1.0,1.0,0.0,88.0,3.0,167.0,0.0,319.0,1782.0,697.0,660.0
Pinellas-12103203,927.0,0.0,1.0,10.0,3.0,121.0,369.0,1.0,71.0,1.0,1.0,2.0,7.0,0.0,0.0,0.0,0.0,2.0,0.0,16.0,0.0,27.0,1062.0,56.0,441.0
Pinellas-12103204,462.0,0.0,0.0,4.0,3.0,20.0,185.0,0.0,28.0,0.0,0.0,0.0,0.0,0.0,0.0,0.0,0.0,0.0,0.0,0.0,0.0,2.0,489.0,2.0,213.0
Pinellas-12103205,1078.0,4.0,1.0,10.0,6.0,87.0,349.0,2.0,93.0,0.0,0.0,0.0,7.0,0.0,0.0,0.0,0.0,0.0,1.0,10.0,0.0,12.0,1186.0,30.0,444.0
Pinellas-12103206,514.0,2.0,1.0,26.0,14.0,206.0,168.0,2.0,139.0,6.0,3.0,0.0,17.0,0.0,0.0,0.0,0.0,11.0,2.0,23.0,0.0,43.0,763.0,105.0,309.0
Pinellas-12103207,404.0,1.0,1.0,30.0,21.0,227.0,116.0,0.0,125.0,3.0,1.0,0.0,12.0,0.0,0.0,0.0,1.0,9.0,2.0,25.0,0.0,55.0,684.0,108.0,241.0
Pinellas-12103208,1204.0,1.0,2.0,57.0,18.0,1277.0,369.0,7.0,160.0,44.0,7.0,0.0,76.0,2.0,0.0,2.0,1.0,73.0,2.0,179.0,0.0,334.0,2559.0,720.0,536.0
Pinellas-12103209,1040.0,2.0,0.0,53.0,39.0,572.0,292.0,7.0,248.0,9.0,2.0,0.0,26.0,0.0,0.0,0.0,0.0,13.0,2.0,53.0,0.0,120.0,1706.0,225.0,547.0
Pinellas-12103210,809.0,2.0,1.0,49.0,26.0,588.0,230.0,5.0,208.0,12.0,3.0,1.0,42.0,0.0,0.0,0.0,0.0,19.0,1.0,66.0,0.0,166.0,1475.0,310.0,443.0
Pinellas-12103211,255.0,0.0,1.0,17.0,7.0,281.0,65.0,2.0,60.0,5.0,3.0,0.0,15.0,1.0,0.0,0.0,0.0,9.0,0.0,29.0,0.0,70.0,561.0,132.0,127.0
Pinellas-12103212,335.0,1.0,0.0,12.0,10.0,335.0,133.0,4.0,105.0,16.0,1.0,0.0,50.0,1.0,0.0,0.0,1.0,39.0,0.0,95.0,0.0,156.0,693.0,359.0,242.0
Pinellas-12103213,484.0,0.0,1.0,20.0,8.0,410.0,150.0,3.0,113.0,7.0,3.0,1.0,33.0,0.0,0.0,1.0,0.0,16.0,1.0,36.0,0.0,82.0,923.0,180.0,266.0
Pinellas-12103214,1620.0,1.0,2.0,49.0,23.0,1543.0,586.0,18.0,267.0,59.0,8.0,1.0,107.0,1.0,0.0,0.0,1.0,89.0,2.0,200.0,0.0,438.0,3238.0,906.0,871.0
Pinellas-12103215,363.0,1.0,0.0,24.0,8.0,754.0,94.0,5.0,55.0,15.0,3.0,3.0,76.0,0.0,0.0,0.0,1.0,40.0,0.0,108.0,0.0,267.0,1150.0,513.0,154.0
Pinellas-12103216,753.0,3.0,1.0,51.0,26.0,783.0,188.0,3.0,181.0,14.0,3.0,1.0,55.0,0.0,0.0,0.0,0.0,30.0,1.0,94.0,1.0,237.0,1617.0,436.0,372.0
Pinellas-12103217,6.0,0.0,0.0,0.0,0.0,2.0,1.0,0.0,3.0,0.0,0.0,0.0,0.0,0.0,0.0,0.0,0.0,0.0,0.0,0.0,0.0,1.0,8.0,1.0,4.0
Pinellas-12103218,298.0,0.0,1.0,10.0,8.0,139.0,119.0,1.0,71.0,1.0,0.0,0.0,11.0,0.0,0.0,0.0,0.0,9.0,0.0,12.0,1.0,37.0,456.0,71.0,191.0
Pinellas-12103219,531.0,3.0,3.0,34.0,10.0,440.0,157.0,4.0,106.0,5.0,8.0,0.0,32.0,0.0,0.0,0.0,0.0,18.0,3.0,33.0,0.0,109.0,1021.0,208.0,267.0
Pinellas-12103220,501.0,4.0,0.0,19.0,17.0,269.0,122.0,7.0,123.0,11.0,2.0,0.0,29.0,0.0,1.0,0.0,0.0,22.0,2.0,22.0,1.0,81.0,810.0,171.0,252.0
Pinellas-12103221,787.0,1.0,2.0,52.0,27.0,531.0,125.0,2.0,133.0,8.0,4.0,2.0,39.0,0.0,0.0,0.0,1.0,16.0,1.0,44.0,1.0,72.0,1400.0,188.0,260.0
Pinellas-12103222,1437.0,3.0,2.0,80.0,37.0,1311.0,430.0,18.0,347.0,32.0,15.0,3.0,141.0,2.0,0.0,0.0,0.0,79.0,3.0,204.0,1.0,348.0,2870.0,828.0,795.0
Pinellas-12103223,49.0,0.0,1.0,1.0,0.0,34.0,10.0,0.0,12.0,0.0,0.0,0.0,5.0,0.0,0.0,0.0,0.0,0.0,0.0,3.0,0.0,7.0,85.0,15.0,22.0
Pinellas-12103224,1053.0,3.0,1.0,8.0,3.0,39.0,365.0,2.0,53.0,2.0,1.0,0.0,3.0,0.0,0.0,0.0,0.0,1.0,1.0,3.0,0.0,5.0,1107.0,16.0,420.0
Pinellas-12103225,835.0,5.0,0.0,43.0,26.0,381.0,208.0,9.0,207.0,6.0,3.0,0.0,24.0,0.0,0.0,0.0,0.0,11.0,1.0,47.0,1.0,86.0,1290.0,179.0,424.0
Pinellas-12103226,553.0,2.0,0.0,3.0,2.0,40.0,258.0,2.0,41.0,0.0,1.0,0.0,1.0,1.0,0.0,0.0,0.0,0.0,0.0,1.0,0.0,11.0,600.0,15.0,301.0
Pinellas-12103227,1203.0,0.0,0.0,19.0,18.0,198.0,364.0,9.0,127.0,5.0,0.0,1.0,12.0,0.0,0.0,0.0,0.0,2.0,0.0,18.0,0.0,34.0,1438.0,72.0,500.0
Pinellas-12103228,509.0,4.0,0.0,17.0,11.0,174.0,117.0,2.0,82.0,1.0,2.0,0.0,14.0,1.0,0.0,0.0,0.0,2.0,0.0,19.0,0.0,34.0,715.0,73.0,201.0
Pinellas-12103229,811.0,5.0,0.0,68.0,14.0,725.0,200.0,9.0,164.0,13.0,8.0,0.0,71.0,1.0,0.0,1.0,0.0,29.0,2.0,104.0,0.0,156.0,1623.0,385.0,373.0
Pinellas-12103230,577.0,2.0,1.0,45.0,6.0,675.0,173.0,4.0,118.0,15.0,7.0,1.0,77.0,2.0,0.0,0.0,0.0,32.0,3.0,104.0,0.0,179.0,1306.0,420.0,295.0
Pinellas-12103231,1063.0,3.0,1.0,60.0,15.0,1114.0,304.0,17.0,209.0,16.0,11.0,1.0,98.0,2.0,0.0,0.0,2.0,41.0,3.0,131.0,0.0,252.0,2256.0,557.0,530.0
Pinellas-12103232,778.0,6.0,1.0,44.0,21.0,894.0,210.0,7.0,167.0,12.0,9.0,1.0,101.0,2.0,0.0,0.0,2.0,33.0,2.0,93.0,0.0,185.0,1744.0,440.0,384.0
Pinellas-12103233,712.0,3.0,0.0,48.0,17.0,510.0,185.0,8.0,132.0,10.0,1.0,0.0,50.0,0.0,0.0,0.0,2.0,23.0,1.0,75.0,0.0,132.0,1290.0,294.0,325.0
Pinellas-12103234,557.0,4.0,0.0,32.0,13.0,549.0,119.0,8.0,109.0,3.0,2.0,3.0,53.0,0.0,0.0,0.0,1.0,27.0,1.0,55.0,0.0,144.0,1155.0,289.0,236.0
Pinellas-12103235,701.0,3.0,1.0,30.0,11.0,782.0,178.0,5.0,169.0,23.0,4.0,0.0,80.0,1.0,0.0,0.0,1.0,47.0,2.0,116.0,0.0,192.0,1528.0,466.0,352.0
Pinellas-12103236,707.0,2.0,4.0,40.0,26.0,788.0,178.0,12.0,122.0,15.0,4.0,1.0,54.0,0.0,0.0,0.0,0.0,25.0,2.0,50.0,1.0,175.0,1567.0,327.0,312.0
Pinellas-12103237,768.0,2.0,2.0,36.0,13.0,809.0,231.0,9.0,153.0,22.0,8.0,1.0,70.0,1.0,0.0,0.0,0.0,23.0,0.0,99.0,0.0,219.0,1630.0,443.0,393.0
Pinellas-12103238,613.0,4.0,1.0,43.0,16.0,621.0,142.0,8.0,135.0,13.0,5.0,0.0,53.0,1.0,0.0,0.0,3.0,24.0,2.0,66.0,0.0,119.0,1298.0,286.0,285.0
Pinellas-12103239,1215.0,5.0,2.0,76.0,29.0,1005.0,298.0,12.0,277.0,21.0,5.0,2.0,121.0,0.0,0.0,1.0,1.0,26.0,2.0,105.0,2.0,216.0,2332.0,502.0,587.0
Pinellas-12103240,570.0,2.0,2.0,55.0,14.0,707.0,145.0,2.0,122.0,13.0,5.0,0.0,61.0,0.0,0.0,0.0,0.0,24.0,1.0,78.0,0.0,158.0,1350.0,340.0,269.0
Pinellas-12103241,773.0,3.0,3.0,41.0,16.0,892.0,230.0,10.0,174.0,18.0,7.0,1.0,70.0,0.0,0.0,1.0,1.0,35.0,0.0,114.0,0.0,236.0,1728.0,483.0,414.0
Pinellas-12103242,806.0,7.0,4.0,46.0,18.0,785.0,211.0,11.0,120.0,18.0,6.0,2.0,73.0,1.0,0.0,0.0,2.0,11.0,0.0,44.0,1.0,167.0,1666.0,325.0,342.0
Pinellas-12103243,497.0,3.0,1.0,20.0,18.0,481.0,112.0,12.0,89.0,16.0,4.0,0.0,29.0,0.0,0.0,0.0,0.0,7.0,0.0,29.0,0.0,80.0,1020.0,165.0,213.0
Pinellas-12103244,541.0,4.0,4.0,40.0,17.0,625.0,118.0,5.0,106.0,13.0,5.0,0.0,73.0,0.0,0.0,1.0,3.0,15.0,2.0,63.0,0.0,137.0,1231.0,312.0,229.0
Pinellas-12103245,473.0,2.0,1.0,39.0,20.0,640.0,136.0,4.0,92.0,10.0,4.0,1.0,71.0,2.0,0.0,0.0,1.0,13.0,0.0,73.0,0.0,169.0,1175.0,344.0,232.0
Pinellas-12103246,474.0,1.0,1.0,27.0,5.0,546.0,120.0,6.0,83.0,5.0,1.0,0.0,30.0,0.0,0.0,1.0,1.0,14.0,0.0,54.0,0.0,135.0,1054.0,241.0,209.0
Pinellas-12103247,751.0,4.0,0.0,58.0,21.0,869.0,145.0,18.0,137.0,15.0,6.0,0.0,60.0,0.0,0.0,1.0,1.0,24.0,1.0,59.0,0.0,168.0,1703.0,335.0,300.0
Pinellas-12103248,668.0,4.0,2.0,57.0,13.0,737.0,184.0,7.0,122.0,10.0,3.0,1.0,60.0,4.0,0.0,1.0,0.0,7.0,0.0,52.0,0.0,152.0,1481.0,290.0,313.0
Pinellas-12103249,267.0,2.0,2.0,26.0,10.0,308.0,64.0,9.0,43.0,2.0,1.0,1.0,18.0,2.0,0.0,1.0,1.0,6.0,0.0,25.0,0.0,54.0,615.0,111.0,116.0
Pinellas-12103250,953.0,6.0,0.0,65.0,14.0,1068.0,221.0,14.0,135.0,28.0,6.0,1.0,109.0,1.0,0.0,0.0,0.0,35.0,4.0,132.0,0.0,235.0,2106.0,551.0,370.0
Pinellas-12103251,711.0,3.0,1.0,58.0,20.0,989.0,194.0,17.0,137.0,27.0,3.0,0.0,119.0,0.0,0.0,0.0,0.0,20.0,0.0,80.0,0.0,208.0,1782.0,457.0,348.0
Pinellas-12103252,830.0,3.0,4.0,41.0,5.0,959.0,312.0,8.0,149.0,35.0,8.0,3.0,104.0,0.0,0.0,1.0,0.0,63.0,0.0,139.0,1.0,286.0,1842.0,640.0,469.0
Pinellas-12103253,2.0,0.0,0.0,0.0,0.0,4.0,1.0,0.0,0.0,0.0,0.0,0.0,0.0,0.0,0.0,0.0,0.0,0.0,0.0,0.0,0.0,2.0,6.0,2.0,1.0
Pinellas-12103254,447.0,1.0,2.0,28.0,7.0,648.0,135.0,5.0,57.0,17.0,3.0,0.0,61.0,1.0,0.0,0.0,0.0,52.0,5.0,109.0,0.0,204.0,1133.0,452.0,197.0
Pinellas-12103255,624.0,0.0,2.0,30.0,6.0,853.0,172.0,6.0,95.0,18.0,3.0,0.0,91.0,2.0,0.0,1.0,0.0,38.0,2.0,102.0,0.0,240.0,1515.0,497.0,273.0
Pinellas-12103256,482.0,2.0,1.0,39.0,17.0,690.0,111.0,6.0,85.0,10.0,4.0,0.0,66.0,0.0,1.0,0.0,1.0,23.0,0.0,75.0,0.0,176.0,1231.0,356.0,202.0
Pinellas-12103257,783.0,7.0,1.0,59.0,18.0,1149.0,201.0,3.0,140.0,23.0,7.0,0.0,106.0,0.0,0.0,0.0,1.0,46.0,2.0,174.0,0.0,272.0,2017.0,631.0,344.0
Pinellas-12103258,326.0,1.0,5.0,31.0,8.0,403.0,73.0,6.0,74.0,8.0,2.0,0.0,38.0,0.0,0.0,0.0,0.0,9.0,2.0,47.0,0.0,98.0,774.0,204.0,153.0
Pinellas-12103259,1907.0,15.0,5.0,143.0,58.0,2033.0,482.0,28.0,361.0,36.0,18.0,0.0,171.0,1.0,0.0,0.0,0.0,50.0,5.0,181.0,1.0,429.0,4161.0,892.0,871.0
Pinellas-12103260,505.0,3.0,1.0,42.0,12.0,525.0,148.0,5.0,124.0,22.0,6.0,0.0,49.0,1.0,0.0,0.0,2.0,11.0,0.0,51.0,0.0,112.0,1088.0,254.0,277.0
Pinellas-12103261,636.0,3.0,3.0,47.0,12.0,722.0,164.0,7.0,104.0,18.0,4.0,0.0,61.0,0.0,0.0,2.0,0.0,25.0,1.0,70.0,0.0,156.0,1423.0,337.0,275.0
Pinellas-12103262,0.0,0.0,0.0,0.0,0.0,0.0,0.0,0.0,0.0,0.0,0.0,0.0,0.0,0.0,0.0,0.0,0.0,0.0,0.0,0.0,0.0,0.0,0.0,0.0,0.0
Pinellas-12103263,609.0,1.0,0.0,33.0,9.0,743.0,190.0,8.0,74.0,16.0,7.0,0.0,96.0,0.0,0.0,1.0,0.0,48.0,3.0,148.0,1.0,206.0,1395.0,526.0,272.0
Pinellas-12103264,74.0,0.0,0.0,9.0,3.0,110.0,18.0,1.0,12.0,1.0,1.0,0.0,5.0,1.0,0.0,0.0,0.0,1.0,0.0,10.0,0.0,22.0,196.0,41.0,31.0
Pinellas-12103265,683.0,3.0,0.0,50.0,8.0,707.0,163.0,6.0,106.0,12.0,9.0,0.0,60.0,0.0,0.0,1.0,0.0,21.0,4.0,72.0,0.0,187.0,1451.0,366.0,275.0
Pinellas-12103266,910.0,5.0,1.0,63.0,16.0,1422.0,258.0,11.0,150.0,26.0,10.0,2.0,173.0,1.0,0.0,0.0,1.0,65.0,3.0,184.0,0.0,386.0,2417.0,851.0,419.0
Pinellas-12103267,153.0,0.0,0.0,21.0,4.0,225.0,59.0,2.0,23.0,2.0,2.0,0.0,20.0,0.0,0.0,0.0,0.0,13.0,4.0,22.0,0.0,35.0,403.0,98.0,84.0
Pinellas-12103268,517.0,3.0,0.0,31.0,9.0,674.0,170.0,6.0,73.0,21.0,15.0,0.0,64.0,0.0,0.0,0.0,0.0,26.0,0.0,57.0,0.0,166.0,1234.0,349.0,249.0
Pinellas-12103269,587.0,3.0,2.0,29.0,8.0,713.0,161.0,8.0,99.0,8.0,2.0,1.0,57.0,0.0,0.0,0.0,0.0,8.0,1.0,86.0,0.0,177.0,1342.0,340.0,268.0
Pinellas-12103270,52.0,0.0,0.0,1.0,0.0,128.0,18.0,2.0,7.0,2.0,2.0,0.0,9.0,0.0,0.0,0.0,0.0,2.0,0.0,7.0,0.0,51.0,181.0,73.0,27.0
Pinellas-12103271,39.0,0.0,0.0,4.0,2.0,29.0,6.0,0.0,2.0,0.0,0.0,0.0,1.0,0.0,0.0,0.0,0.0,0.0,0.0,1.0,0.0,5.0,74.0,7.0,8.0
Pinellas-12103272,373.0,0.0,1.0,18.0,10.0,453.0,69.0,5.0,53.0,2.0,4.0,0.0,50.0,0.0,0.0,0.0,0.0,9.0,2.0,49.0,0.0,96.0,855.0,212.0,127.0
Pinellas-12103273,202.0,0.0,0.0,8.0,3.0,259.0,64.0,2.0,23.0,3.0,1.0,2.0,35.0,0.0,0.0,0.0,0.0,2.0,0.0,32.0,0.0,57.0,472.0,132.0,89.0
Pinellas-12103274,628.0,7.0,1.0,44.0,18.0,762.0,129.0,6.0,102.0,5.0,3.0,0.0,60.0,0.0,0.0,0.0,0.0,18.0,1.0,70.0,0.0,173.0,1460.0,330.0,237.0
Pinellas-12103275,259.0,1.0,0.0,23.0,8.0,311.0,52.0,9.0,65.0,6.0,4.0,0.0,24.0,1.0,0.0,0.0,0.0,8.0,0.0,33.0,0.0,90.0,602.0,166.0,126.0
Pinellas-12103301,385.0,0.0,0.0,6.0,8.0,584.0,151.0,4.0,60.0,15.0,7.0,2.0,49.0,0.0,0.0,0.0,0.0,32.0,0.0,85.0,0.0,192.0,983.0,382.0,215.0
Pinellas-12103302,810.0,3.0,2.0,41.0,5.0,939.0,251.0,16.0,114.0,49.0,8.0,0.0,93.0,4.0,0.0,1.0,3.0,76.0,1.0,132.0,0.0,217.0,1800.0,584.0,381.0
Pinellas-12103303,542.0,1.0,1.0,33.0,10.0,835.0,143.0,10.0,117.0,11.0,3.0,3.0,64.0,2.0,0.0,0.0,0.0,26.0,0.0,73.0,0.0,208.0,1422.0,390.0,270.0
Pinellas-12103304,323.0,1.0,1.0,41.0,9.0,493.0,75.0,5.0,78.0,6.0,4.0,0.0,49.0,0.0,0.0,0.0,0.0,22.0,0.0,90.0,0.0,137.0,868.0,308.0,158.0
Pinellas-12103305,848.0,3.0,2.0,62.0,19.0,1240.0,248.0,16.0,173.0,26.0,5.0,3.0,168.0,1.0,0.0,0.0,0.0,34.0,2.0,142.0,1.0,315.0,2174.0,697.0,437.0
Pinellas-12103306,834.0,3.0,2.0,56.0,26.0,1267.0,245.0,6.0,153.0,29.0,10.0,3.0,137.0,0.0,0.0,0.0,0.0,75.0,2.0,186.0,1.0,347.0,2188.0,790.0,404.0
Pinellas-12103307,1082.0,8.0,1.0,83.0,28.0,1555.0,291.0,14.0,189.0,24.0,6.0,3.0,120.0,1.0,0.0,0.0,5.0,46.0,1.0,164.0,0.0,405.0,2757.0,775.0,494.0
Pinellas-12103308,310.0,1.0,0.0,26.0,5.0,580.0,82.0,3.0,63.0,10.0,2.0,0.0,55.0,0.0,0.0,0.0,0.0,30.0,1.0,78.0,0.0,166.0,922.0,342.0,148.0
Pinellas-12103309,1433.0,7.0,4.0,97.0,37.0,2291.0,411.0,16.0,292.0,38.0,10.0,2.0,269.0,0.0,0.0,0.0,3.0,95.0,4.0,325.0,1.0,654.0,3869.0,1401.0,719.0
Pinellas-12103310,931.0,2.0,0.0,45.0,32.0,1317.0,286.0,11.0,177.0,32.0,11.0,1.0,132.0,2.0,0.0,0.0,3.0,65.0,1.0,206.0,1.0,371.0,2327.0,825.0,474.0
Pinellas-12103311,454.0,0.0,0.0,22.0,11.0,728.0,130.0,11.0,100.0,15.0,6.0,2.0,60.0,3.0,0.0,0.0,0.0,37.0,1.0,125.0,0.0,213.0,1215.0,462.0,241.0
Pinellas-12103312,466.0,1.0,0.0,32.0,11.0,704.0,151.0,7.0,79.0,9.0,8.0,2.0,83.0,0.0,0.0,0.0,1.0,38.0,2.0,99.0,0.0,208.0,1214.0,450.0,237.0
Pinellas-12103313,498.0,3.0,0.0,48.0,10.0,968.0,146.0,7.0,127.0,7.0,6.0,0.0,107.0,2.0,0.0,0.0,1.0,37.0,0.0,128.0,0.0,248.0,1527.0,536.0,280.0
Pinellas-12103314,387.0,0.0,0.0,30.0,5.0,706.0,125.0,7.0,79.0,10.0,5.0,0.0,91.0,1.0,0.0,0.0,1.0,25.0,0.0,91.0,0.0,151.0,1128.0,375.0,211.0
Pinellas-12103315,357.0,4.0,1.0,32.0,5.0,589.0,98.0,8.0,55.0,11.0,3.0,0.0,53.0,0.0,0.0,0.0,0.0,19.0,0.0,62.0,0.0,162.0,988.0,310.0,161.0
Pinellas-12103316,185.0,0.0,0.0,16.0,1.0,338.0,55.0,1.0,31.0,4.0,2.0,0.0,40.0,0.0,0.0,0.0,0.0,17.0,1.0,60.0,0.0,95.0,540.0,219.0,87.0
Pinellas-12103317,922.0,3.0,2.0,65.0,21.0,1215.0,272.0,15.0,192.0,25.0,12.0,0.0,87.0,0.0,0.0,0.0,1.0,39.0,1.0,110.0,3.0,303.0,2228.0,581.0,479.0
Pinellas-12103318,423.0,3.0,1.0,35.0,8.0,597.0,116.0,4.0,99.0,9.0,2.0,1.0,46.0,1.0,0.0,0.0,1.0,19.0,1.0,53.0,0.0,163.0,1067.0,296.0,219.0
Pinellas-12103319,81.0,1.0,1.0,12.0,1.0,196.0,24.0,3.0,18.0,2.0,5.0,1.0,17.0,0.0,0.0,0.0,0.0,8.0,0.0,24.0,0.0,53.0,292.0,110.0,45.0
Pinellas-12103320,827.0,5.0,0.0,43.0,14.0,1059.0,201.0,16.0,147.0,20.0,10.0,3.0,99.0,0.0,0.0,0.0,0.0,40.0,1.0,102.0,0.0,257.0,1948.0,532.0,364.0
Pinellas-12103321,393.0,0.0,1.0,16.0,12.0,522.0,116.0,2.0,71.0,6.0,3.0,0.0,53.0,0.0,0.0,0.0,0.0,25.0,2.0,88.0,0.0,142.0,944.0,319.0,189.0
Pinellas-12103322,1734.0,9.0,7.0,102.0,28.0,1976.0,599.0,20.0,295.0,36.0,21.0,3.0,176.0,1.0,0.0,0.0,4.0,58.0,1.0,193.0,2.0,511.0,3856.0,1006.0,914.0
Pinellas-12103323,704.0,5.0,0.0,63.0,9.0,762.0,192.0,8.0,109.0,15.0,8.0,0.0,52.0,0.0,0.0,0.0,0.0,28.0,3.0,85.0,0.0,191.0,1543.0,382.0,309.0
Pinellas-12103324,752.0,2.0,1.0,26.0,8.0,244.0,227.0,6.0,73.0,5.0,2.0,0.0,27.0,0.0,0.0,0.0,0.0,4.0,0.0,29.0,0.0,33.0,1033.0,100.0,306.0
Pinellas-12103325,834.0,1.0,0.0,45.0,21.0,949.0,242.0,13.0,147.0,16.0,7.0,2.0,96.0,3.0,0.0,0.0,2.0,33.0,0.0,96.0,1.0,220.0,1850.0,476.0,402.0
Pinellas-12103326,611.0,1.0,3.0,30.0,12.0,658.0,169.0,6.0,102.0,15.0,8.0,1.0,53.0,0.0,0.0,0.0,0.0,19.0,0.0,45.0,0.0,162.0,1315.0,303.0,277.0
Pinellas-12103327,1085.0,5.0,1.0,61.0,16.0,1364.0,340.0,12.0,176.0,20.0,12.0,0.0,126.0,0.0,0.0,1.0,1.0,49.0,0.0,149.0,0.0,366.0,2532.0,724.0,528.0
Pinellas-12103328,624.0,1.0,1.0,28.0,9.0,724.0,247.0,9.0,102.0,21.0,5.0,2.0,51.0,3.0,0.0,0.0,1.0,31.0,1.0,78.0,0.0,206.0,1387.0,399.0,358.0
Pinellas-12103329,581.0,4.0,3.0,31.0,8.0,692.0,154.0,13.0,98.0,10.0,4.0,1.0,55.0,0.0,0.0,0.0,2.0,15.0,0.0,48.0,0.0,157.0,1319.0,292.0,265.0
Pinellas-12103330,517.0,2.0,2.0,34.0,12.0,481.0,110.0,6.0,86.0,11.0,3.0,0.0,29.0,2.0,0.0,0.0,0.0,2.0,0.0,27.0,0.0,88.0,1048.0,162.0,202.0
Pinellas-12103331,1222.0,5.0,1.0,67.0,31.0,908.0,212.0,9.0,196.0,14.0,0.0,1.0,59.0,2.0,0.0,0.0,1.0,20.0,3.0,49.0,0.0,167.0,2234.0,316.0,417.0
Pinellas-12103332,0.0,0.0,0.0,0.0,0.0,0.0,0.0,0.0,0.0,0.0,0.0,0.0,0.0,0.0,0.0,0.0,0.0,0.0,0.0,0.0,0.0,0.0,0.0,0.0,0.0
Pinellas-12103333,571.0,3.0,1.0,36.0,12.0,695.0,139.0,7.0,124.0,16.0,7.0,1.0,55.0,0.0,1.0,0.0,0.0,22.0,2.0,74.0,1.0,165.0,1318.0,344.0,270.0
Pinellas-12103334,733.0,3.0,1.0,46.0,20.0,752.0,205.0,11.0,103.0,11.0,4.0,0.0,64.0,0.0,0.0,0.0,0.0,14.0,2.0,65.0,1.0,148.0,1555.0,309.0,319.0
Pinellas-12103335,801.0,4.0,1.0,57.0,20.0,1001.0,218.0,11.0,142.0,15.0,5.0,1.0,79.0,2.0,0.0,0.0,1.0,40.0,1.0,146.0,0.0,270.0,1884.0,560.0,371.0
Pinellas-12103336,725.0,4.0,1.0,34.0,13.0,793.0,222.0,7.0,107.0,30.0,3.0,0.0,76.0,0.0,0.0,1.0,3.0,45.0,0.0,97.0,0.0,217.0,1570.0,472.0,336.0
Pinellas-12103337,1132.0,7.0,1.0,88.0,20.0,1340.0,257.0,12.0,211.0,24.0,7.0,1.0,125.0,0.0,0.0,0.0,1.0,54.0,2.0,168.0,0.0,363.0,2588.0,745.0,480.0
Pinellas-12103338,683.0,4.0,1.0,45.0,13.0,940.0,186.0,6.0,125.0,21.0,6.0,1.0,107.0,1.0,0.0,1.0,2.0,42.0,1.0,151.0,0.0,252.0,1686.0,585.0,317.0
Pinellas-12103339,764.0,8.0,2.0,55.0,34.0,845.0,209.0,10.0,152.0,4.0,3.0,0.0,92.0,0.0,0.0,0.0,1.0,21.0,0.0,75.0,0.0,174.0,1708.0,370.0,371.0
Pinellas-12103340,555.0,6.0,5.0,38.0,12.0,716.0,146.0,4.0,100.0,8.0,7.0,1.0,85.0,1.0,0.0,0.0,1.0,18.0,1.0,84.0,1.0,144.0,1332.0,351.0,250.0
Pinellas-12103341,612.0,3.0,3.0,21.0,12.0,747.0,176.0,3.0,78.0,18.0,4.0,1.0,70.0,1.0,2.0,0.0,2.0,26.0,0.0,99.0,0.0,199.0,1398.0,422.0,257.0
Pinellas-12103342,619.0,1.0,3.0,43.0,8.0,822.0,189.0,7.0,98.0,19.0,7.0,0.0,87.0,1.0,0.0,1.0,0.0,48.0,0.0,111.0,0.0,195.0,1496.0,469.0,294.0
Pinellas-12103343,636.0,1.0,0.0,28.0,10.0,1194.0,184.0,2.0,107.0,29.0,10.0,2.0,107.0,0.0,0.0,0.0,0.0,72.0,3.0,187.0,0.0,342.0,1869.0,752.0,293.0
Pinellas-12103344,949.0,4.0,3.0,51.0,15.0,1907.0,236.0,16.0,132.0,68.0,8.0,0.0,171.0,1.0,0.0,0.0,1.0,192.0,3.0,323.0,1.0,670.0,2929.0,1438.0,384.0
Pinellas-12103345,1155.0,4.0,7.0,91.0,33.0,1170.0,279.0,10.0,216.0,30.0,4.0,1.0,107.0,1.0,0.0,1.0,0.0,41.0,2.0,98.0,1.0,272.0,2460.0,558.0,505.0
Pinellas-12103346,762.0,3.0,2.0,42.0,19.0,684.0,181.0,9.0,114.0,16.0,2.0,0.0,55.0,0.0,0.0,0.0,0.0,20.0,2.0,38.0,0.0,151.0,1512.0,284.0,304.0
Pinellas-12103347,713.0,5.0,1.0,57.0,9.0,1097.0,185.0,7.0,135.0,21.0,6.0,0.0,111.0,2.0,1.0,0.0,1.0,17.0,3.0,113.0,1.0,245.0,1882.0,521.0,327.0
Pinellas-12103348,688.0,1.0,2.0,54.0,21.0,1124.0,190.0,6.0,142.0,19.0,5.0,0.0,124.0,2.0,0.0,0.0,0.0,46.0,3.0,131.0,1.0,285.0,1890.0,616.0,338.0
Pinellas-12103349,824.0,5.0,3.0,73.0,17.0,1276.0,224.0,9.0,123.0,15.0,11.0,0.0,135.0,0.0,0.0,0.0,0.0,51.0,1.0,166.0,0.0,339.0,2198.0,718.0,356.0
Pinellas-12103350,526.0,0.0,0.0,36.0,5.0,696.0,127.0,11.0,123.0,11.0,7.0,0.0,76.0,0.0,0.0,0.0,1.0,30.0,1.0,68.0,0.0,163.0,1263.0,357.0,261.0
Pinellas-12103401,1019.0,2.0,1.0,50.0,7.0,1770.0,267.0,6.0,110.0,46.0,5.0,1.0,174.0,0.0,0.0,3.0,1.0,99.0,1.0,272.0,0.0,585.0,2849.0,1187.0,383.0
Pinellas-12103402,585.0,0.0,1.0,30.0,5.0,789.0,161.0,8.0,78.0,20.0,6.0,2.0,52.0,1.0,0.0,0.0,0.0,65.0,3.0,113.0,0.0,273.0,1410.0,535.0,247.0
Pinellas-12103403,681.0,2.0,1.0,37.0,20.0,925.0,185.0,6.0,142.0,41.0,4.0,3.0,81.0,1.0,0.0,0.0,1.0,64.0,1.0,132.0,1.0,294.0,1666.0,623.0,333.0
Pinellas-12103404,619.0,2.0,3.0,34.0,6.0,810.0,205.0,6.0,121.0,23.0,3.0,0.0,51.0,0.0,0.0,0.0,0.0,49.0,1.0,110.0,0.0,280.0,1474.0,517.0,332.0
Pinellas-12103405,646.0,2.0,0.0,33.0,13.0,917.0,161.0,11.0,115.0,22.0,4.0,2.0,57.0,1.0,0.0,0.0,1.0,49.0,0.0,116.0,0.0,253.0,1611.0,505.0,287.0
Pinellas-12103406,490.0,3.0,0.0,27.0,11.0,889.0,170.0,3.0,69.0,18.0,4.0,1.0,85.0,0.0,0.0,0.0,1.0,49.0,0.0,105.0,0.0,300.0,1420.0,563.0,242.0
Pinellas-12103407,369.0,0.0,1.0,31.0,10.0,614.0,90.0,5.0,65.0,15.0,1.0,0.0,24.0,0.0,0.0,0.0,0.0,32.0,1.0,73.0,0.0,181.0,1025.0,327.0,160.0
Pinellas-12103408,451.0,0.0,1.0,27.0,6.0,741.0,112.0,5.0,70.0,22.0,3.0,2.0,61.0,0.0,0.0,0.0,0.0,45.0,2.0,92.0,0.0,250.0,1226.0,477.0,187.0
Pinellas-12103409,405.0,1.0,0.0,27.0,10.0,472.0,130.0,7.0,70.0,8.0,0.0,0.0,32.0,0.0,0.0,0.0,0.0,27.0,0.0,75.0,0.0,149.0,915.0,291.0,207.0
Pinellas-12103415,898.0,4.0,0.0,67.0,15.0,1523.0,244.0,14.0,213.0,32.0,3.0,1.0,113.0,2.0,0.0,0.0,0.0,67.0,2.0,178.0,0.0,457.0,2507.0,855.0,471.0
Pinellas-12103416,401.0,0.0,0.0,20.0,5.0,556.0,114.0,3.0,72.0,12.0,2.0,1.0,40.0,0.0,0.0,0.0,0.0,22.0,1.0,78.0,0.0,184.0,982.0,340.0,189.0
Pinellas-12103417,381.0,0.0,0.0,12.0,3.0,611.0,121.0,5.0,74.0,14.0,1.0,0.0,63.0,0.0,0.0,0.0,0.0,33.0,1.0,83.0,0.0,182.0,1007.0,377.0,200.0
Pinellas-12103418,555.0,1.0,1.0,28.0,11.0,912.0,182.0,7.0,90.0,19.0,8.0,1.0,75.0,2.0,0.0,0.0,0.0,49.0,1.0,93.0,0.0,285.0,1508.0,533.0,279.0
Pinellas-12103419,333.0,0.0,0.0,17.0,11.0,596.0,110.0,7.0,51.0,12.0,3.0,1.0,64.0,1.0,0.0,0.0,0.0,39.0,0.0,96.0,0.0,171.0,957.0,387.0,168.0
Pinellas-12103420,1065.0,6.0,1.0,63.0,17.0,1593.0,296.0,12.0,183.0,23.0,5.0,2.0,134.0,0.0,0.0,1.0,0.0,85.0,1.0,212.0,0.0,465.0,2745.0,928.0,491.0
Pinellas-12103421,15.0,0.0,0.0,0.0,0.0,58.0,1.0,0.0,2.0,1.0,0.0,0.0,3.0,0.0,0.0,0.0,0.0,4.0,0.0,2.0,0.0,34.0,73.0,44.0,3.0
Pinellas-12103422,361.0,1.0,0.0,20.0,5.0,776.0,86.0,7.0,53.0,11.0,5.0,0.0,80.0,1.0,0.0,0.0,0.0,40.0,1.0,82.0,1.0,267.0,1163.0,488.0,146.0
Pinellas-12103500,634.0,3.0,0.0,19.0,9.0,209.0,170.0,2.0,50.0,4.0,1.0,0.0,7.0,1.0,0.0,0.0,0.0,3.0,0.0,9.0,0.0,28.0,874.0,53.0,222.0
Pinellas-12103501,1009.0,7.0,3.0,67.0,12.0,923.0,232.0,9.0,201.0,18.0,7.0,0.0,109.0,0.0,0.0,0.0,1.0,22.0,4.0,75.0,1.0,217.0,2021.0,454.0,442.0
Pinellas-12103502,735.0,4.0,0.0,34.0,18.0,779.0,164.0,8.0,120.0,12.0,5.0,2.0,64.0,0.0,0.0,0.0,0.0,39.0,0.0,105.0,0.0,176.0,1570.0,403.0,292.0
Pinellas-12103503,566.0,7.0,0.0,41.0,15.0,667.0,149.0,6.0,84.0,20.0,4.0,1.0,77.0,0.0,0.0,0.0,0.0,34.0,0.0,83.0,0.0,165.0,1296.0,384.0,239.0
Pinellas-12103504,892.0,5.0,3.0,67.0,18.0,1115.0,210.0,13.0,181.0,20.0,12.0,0.0,148.0,1.0,0.0,1.0,1.0,50.0,1.0,156.0,0.0,286.0,2100.0,676.0,404.0
Pinellas-12103505,793.0,4.0,3.0,60.0,21.0,779.0,154.0,5.0,139.0,17.0,5.0,1.0,66.0,0.0,0.0,0.0,1.0,27.0,1.0,73.0,0.0,182.0,1660.0,373.0,298.0
Pinellas-12103506,779.0,3.0,2.0,58.0,18.0,823.0,200.0,8.0,135.0,12.0,6.0,1.0,93.0,0.0,0.0,0.0,0.0,49.0,2.0,96.0,3.0,198.0,1683.0,460.0,343.0
Pinellas-12103507,649.0,3.0,3.0,72.0,16.0,873.0,162.0,8.0,117.0,11.0,7.0,0.0,101.0,0.0,0.0,1.0,1.0,31.0,3.0,109.0,0.0,223.0,1616.0,487.0,287.0
Pinellas-12103508,573.0,1.0,2.0,38.0,12.0,654.0,166.0,8.0,119.0,13.0,6.0,0.0,83.0,1.0,0.0,0.0,1.0,21.0,4.0,58.0,0.0,162.0,1280.0,349.0,293.0
Pinellas-12103509,438.0,2.0,2.0,33.0,9.0,358.0,97.0,10.0,68.0,4.0,0.0,1.0,26.0,0.0,0.0,0.0,0.0,7.0,2.0,39.0,0.0,71.0,842.0,150.0,175.0
Pinellas-12103510,681.0,3.0,0.0,43.0,19.0,561.0,127.0,1.0,121.0,4.0,2.0,0.0,35.0,0.0,0.0,0.0,0.0,13.0,4.0,38.0,0.0,156.0,1307.0,252.0,249.0
Pinellas-12103511,1012.0,1.0,6.0,45.0,24.0,1015.0,302.0,5.0,149.0,20.0,7.0,0.0,72.0,0.0,0.0,0.0,1.0,50.0,7.0,83.0,0.0,284.0,2103.0,524.0,456.0
Pinellas-12103512,266.0,0.0,0.0,33.0,8.0,292.0,41.0,0.0,29.0,5.0,5.0,0.0,32.0,1.0,0.0,0.0,0.0,9.0,0.0,35.0,0.0,59.0,599.0,146.0,70.0
Pinellas-12103513,705.0,0.0,1.0,37.0,11.0,1290.0,184.0,4.0,89.0,36.0,8.0,0.0,91.0,0.0,0.0,0.0,2.0,84.0,2.0,239.0,0.0,422.0,2044.0,884.0,277.0
Pinellas-12103514,572.0,1.0,0.0,28.0,13.0,1185.0,129.0,7.0,98.0,22.0,7.0,3.0,84.0,1.0,0.0,0.0,1.0,71.0,1.0,113.0,0.0,388.0,1799.0,691.0,234.0
Pinellas-12103515,610.0,3.0,3.0,28.0,6.0,1442.0,171.0,4.0,103.0,19.0,2.0,1.0,93.0,0.0,0.0,0.0,0.0,83.0,3.0,200.0,0.0,483.0,2092.0,884.0,278.0
Pinellas-12103516,1544.0,2.0,3.0,53.0,26.0,656.0,473.0,6.0,150.0,8.0,3.0,0.0,56.0,0.0,1.0,0.0,1.0,8.0,5.0,44.0,0.0,137.0,2284.0,263.0,629.0
Pinellas-12103517,957.0,2.0,0.0,47.0,21.0,499.0,304.0,7.0,126.0,11.0,2.0,2.0,50.0,0.0,0.0,0.0,0.0,12.0,1.0,33.0,0.0,110.0,1526.0,221.0,437.0
Pinellas-12103518,1621.0,15.0,2.0,126.0,33.0,1740.0,392.0,18.0,266.0,20.0,9.0,2.0,192.0,1.0,0.0,0.0,2.0,45.0,6.0,179.0,1.0,337.0,3537.0,794.0,676.0
Pinellas-12103519,783.0,5.0,3.0,61.0,21.0,1212.0,187.0,11.0,154.0,11.0,11.0,1.0,97.0,0.0,0.0,0.0,3.0,34.0,8.0,104.0,0.0,249.0,2085.0,518.0,352.0
Pinellas-12103520,352.0,2.0,0.0,21.0,3.0,429.0,162.0,8.0,91.0,15.0,5.0,1.0,80.0,1.0,0.0,0.0,1.0,26.0,1.0,74.0,1.0,155.0,807.0,360.0,261.0
Pinellas-12103521,685.0,1.0,1.0,43.0,12.0,814.0,209.0,12.0,160.0,21.0,4.0,0.0,127.0,0.0,0.0,0.0,0.0,46.0,4.0,143.0,0.0,242.0,1556.0,587.0,381.0
Pinellas-12103522,1382.0,2.0,2.0,49.0,19.0,1645.0,465.0,14.0,190.0,38.0,11.0,2.0,104.0,2.0,0.0,0.0,0.0,51.0,0.0,151.0,1.0,385.0,3099.0,745.0,669.0
Pinellas-12103523,692.0,4.0,0.0,26.0,8.0,881.0,235.0,7.0,97.0,29.0,5.0,2.0,52.0,1.0,0.0,0.0,0.0,44.0,0.0,120.0,0.0,222.0,1611.0,475.0,339.0
Pinellas-12103524,406.0,1.0,1.0,32.0,7.0,395.0,75.0,4.0,59.0,6.0,1.0,0.0,40.0,0.0,0.0,0.0,0.0,9.0,0.0,46.0,0.0,85.0,842.0,187.0,138.0
Pinellas-12103525,327.0,3.0,0.0,19.0,6.0,463.0,108.0,8.0,56.0,8.0,3.0,0.0,43.0,1.0,0.0,0.0,1.0,24.0,0.0,55.0,0.0,109.0,818.0,244.0,172.0
Pinellas-12103526,1826.0,15.0,1.0,149.0,31.0,2062.0,472.0,20.0,288.0,38.0,21.0,1.0,172.0,0.0,0.0,0.0,0.0,79.0,8.0,265.0,1.0,496.0,4084.0,1081.0,780.0
Pinellas-12103527,974.0,9.0,3.0,89.0,24.0,997.0,194.0,8.0,140.0,17.0,8.0,1.0,77.0,3.0,1.0,1.0,0.0,28.0,3.0,85.0,0.0,188.0,2096.0,412.0,342.0
Pinellas-12103528,724.0,5.0,1.0,44.0,15.0,597.0,146.0,6.0,116.0,5.0,3.0,0.0,43.0,0.0,1.0,1.0,0.0,20.0,2.0,42.0,0.0,134.0,1386.0,251.0,268.0
Pinellas-12103529,819.0,2.0,3.0,20.0,7.0,769.0,261.0,8.0,143.0,30.0,5.0,0.0,59.0,0.0,1.0,2.0,1.0,49.0,3.0,95.0,0.0,213.0,1620.0,458.0,412.0
Pinellas-12103530,960.0,10.0,2.0,62.0,27.0,1193.0,264.0,14.0,193.0,34.0,12.0,1.0,115.0,0.0,0.0,1.0,1.0,56.0,1.0,138.0,0.0,275.0,2254.0,634.0,471.0
Pinellas-12103531,844.0,4.0,2.0,70.0,20.0,1154.0,194.0,5.0,142.0,24.0,5.0,0.0,90.0,0.0,1.0,0.0,0.0,44.0,2.0,138.0,0.0,256.0,2094.0,560.0,341.0
Pinellas-12103532,630.0,4.0,0.0,49.0,7.0,929.0,162.0,4.0,116.0,16.0,5.0,1.0,130.0,1.0,0.0,1.0,0.0,64.0,1.0,135.0,1.0,242.0,1619.0,597.0,282.0
Pinellas-12103533,672.0,3.0,0.0,52.0,12.0,838.0,207.0,12.0,147.0,14.0,9.0,4.0,95.0,0.0,0.0,0.0,0.0,35.0,1.0,117.0,0.0,245.0,1577.0,520.0,366.0
Pinellas-12103534,809.0,11.0,0.0,69.0,23.0,1062.0,211.0,5.0,145.0,15.0,6.0,1.0,142.0,0.0,0.0,0.0,1.0,83.0,5.0,148.0,1.0,298.0,1974.0,700.0,361.0
Pinellas-12103535,1387.0,1.0,3.0,91.0,36.0,1385.0,322.0,13.0,308.0,29.0,9.0,1.0,135.0,0.0,0.0,0.0,0.0,62.0,1.0,140.0,2.0,320.0,2903.0,699.0,643.0
Pinellas-12103536,827.0,5.0,4.0,77.0,14.0,1246.0,178.0,6.0,138.0,16.0,4.0,0.0,133.0,0.0,0.0,0.0,1.0,77.0,1.0,183.0,0.0,318.0,2173.0,733.0,322.0
Pinellas-12103537,1498.0,6.0,2.0,100.0,47.0,1203.0,367.0,10.0,349.0,21.0,13.0,1.0,99.0,2.0,0.0,0.0,1.0,58.0,5.0,120.0,0.0,277.0,2856.0,597.0,726.0
Pinellas-12103538,1683.0,6.0,3.0,76.0,28.0,2331.0,495.0,17.0,283.0,51.0,14.0,5.0,198.0,0.0,0.0,0.0,1.0,115.0,4.0,291.0,1.0,734.0,4127.0,1414.0,795.0
Pinellas-12103539,901.0,1.0,5.0,83.0,18.0,1301.0,223.0,8.0,190.0,12.0,7.0,1.0,150.0,0.0,1.0,0.0,0.0,54.0,5.0,160.0,1.0,302.0,2309.0,693.0,421.0
Pinellas-12103540,1647.0,5.0,3.0,142.0,27.0,2317.0,365.0,11.0,291.0,37.0,7.0,1.0,202.0,1.0,0.0,0.0,0.0,95.0,5.0,294.0,0.0,536.0,4141.0,1178.0,667.0
Pinellas-12103541,683.0,7.0,2.0,52.0,25.0,1008.0,161.0,4.0,129.0,16.0,2.0,0.0,102.0,0.0,0.0,0.0,0.0,31.0,2.0,103.0,1.0,266.0,1777.0,523.0,294.0
Pinellas-12103542,1327.0,6.0,7.0,115.0,29.0,2127.0,373.0,4.0,239.0,34.0,9.0,0.0,198.0,1.0,0.0,2.0,0.0,91.0,5.0,267.0,1.0,541.0,3611.0,1149.0,616.0
Pinellas-12103543,654.0,1.0,0.0,63.0,11.0,1026.0,142.0,4.0,120.0,14.0,4.0,0.0,85.0,0.0,0.0,0.0,0.0,60.0,1.0,134.0,0.0,281.0,1755.0,579.0,266.0
Pinellas-12103544,956.0,2.0,1.0,64.0,28.0,1493.0,201.0,9.0,149.0,30.0,5.0,0.0,121.0,2.0,0.0,0.0,0.0,70.0,1.0,165.0,1.0,368.0,2544.0,763.0,359.0
Pinellas-12103545,392.0,2.0,2.0,29.0,10.0,676.0,92.0,3.0,91.0,7.0,5.0,0.0,56.0,0.0,1.0,0.0,0.0,18.0,2.0,70.0,0.0,183.0,1111.0,342.0,186.0
Pinellas-12103600,0.0,0.0,0.0,0.0,0.0,4.0,0.0,0.0,0.0,0.0,0.0,0.0,0.0,0.0,0.0,0.0,0.0,0.0,0.0,0.0,0.0,0.0,4.0,0.0,0.0
Pinellas-12103601,1629.0,10.0,1.0,105.0,37.0,1542.0,355.0,11.0,242.0,28.0,11.0,1.0,148.0,0.0,0.0,0.0,3.0,43.0,1.0,189.0,0.0,337.0,3324.0,761.0,608.0
Pinellas-12103602,952.0,2.0,3.0,75.0,16.0,1165.0,225.0,2.0,129.0,28.0,7.0,0.0,137.0,0.0,0.0,0.0,0.0,90.0,3.0,221.0,2.0,300.0,2213.0,788.0,356.0
Pinellas-12103603,897.0,3.0,2.0,47.0,11.0,1023.0,212.0,8.0,148.0,14.0,8.0,4.0,65.0,0.0,0.0,0.0,1.0,30.0,1.0,95.0,1.0,280.0,1983.0,499.0,368.0
Pinellas-12103604,260.0,2.0,0.0,12.0,1.0,353.0,62.0,0.0,32.0,4.0,1.0,1.0,31.0,0.0,0.0,0.0,1.0,27.0,0.0,39.0,0.0,117.0,628.0,221.0,94.0
Pinellas-12103605,767.0,0.0,2.0,47.0,21.0,457.0,125.0,1.0,108.0,10.0,1.0,1.0,32.0,0.0,0.0,0.0,0.0,4.0,1.0,51.0,0.0,77.0,1294.0,177.0,234.0
Pinellas-12103606,874.0,2.0,1.0,69.0,32.0,906.0,208.0,8.0,168.0,12.0,5.0,2.0,93.0,3.0,0.0,0.0,1.0,39.0,1.0,123.0,0.0,232.0,1884.0,511.0,384.0
Pinellas-12103607,784.0,7.0,3.0,52.0,11.0,720.0,155.0,3.0,97.0,9.0,5.0,1.0,45.0,0.0,0.0,0.0,2.0,13.0,2.0,42.0,0.0,135.0,1577.0,254.0,255.0
Pinellas-12103608,732.0,2.0,2.0,39.0,12.0,780.0,218.0,11.0,138.0,18.0,3.0,2.0,91.0,1.0,0.0,0.0,1.0,54.0,1.0,105.0,0.0,205.0,1567.0,481.0,367.0
Pinellas-12103609,675.0,4.0,1.0,61.0,17.0,663.0,163.0,13.0,120.0,11.0,2.0,1.0,55.0,1.0,0.0,0.0,0.0,14.0,2.0,55.0,2.0,117.0,1421.0,260.0,296.0
Pinellas-12103610,483.0,4.0,1.0,47.0,13.0,708.0,131.0,11.0,90.0,15.0,2.0,0.0,93.0,0.0,0.0,0.0,1.0,30.0,1.0,58.0,1.0,156.0,1256.0,357.0,232.0
Pinellas-12103611,855.0,2.0,0.0,52.0,6.0,1079.0,206.0,6.0,96.0,40.0,7.0,2.0,119.0,1.0,1.0,0.0,0.0,107.0,0.0,202.0,0.0,248.0,1994.0,727.0,308.0
Pinellas-12103612,856.0,2.0,0.0,37.0,16.0,776.0,216.0,2.0,123.0,15.0,3.0,0.0,71.0,0.0,0.0,0.0,0.0,51.0,1.0,153.0,0.0,208.0,1687.0,502.0,341.0
Pinellas-12103613,550.0,2.0,1.0,32.0,8.0,533.0,151.0,4.0,78.0,6.0,0.0,0.0,54.0,0.0,0.0,0.0,0.0,28.0,0.0,81.0,0.0,117.0,1126.0,286.0,233.0
Pinellas-12103614,1256.0,7.0,3.0,83.0,25.0,1444.0,312.0,13.0,209.0,24.0,3.0,2.0,180.0,0.0,0.0,0.0,0.0,106.0,0.0,235.0,3.0,387.0,2818.0,940.0,534.0
Pinellas-12103615,978.0,3.0,1.0,70.0,19.0,1130.0,278.0,13.0,168.0,29.0,8.0,1.0,117.0,0.0,0.0,0.0,0.0,61.0,4.0,177.0,0.0,328.0,2201.0,725.0,459.0
Pinellas-12103616,1108.0,4.0,3.0,66.0,19.0,1235.0,312.0,14.0,187.0,17.0,5.0,2.0,126.0,0.0,0.0,0.0,0.0,67.0,2.0,189.0,0.0,320.0,2435.0,728.0,513.0
Pinellas-12103617,1316.0,4.0,1.0,69.0,14.0,1563.0,409.0,14.0,197.0,30.0,9.0,1.0,130.0,2.0,0.0,0.0,1.0,82.0,3.0,180.0,0.0,487.0,2967.0,925.0,620.0
Pinellas-12103618,432.0,1.0,0.0,25.0,9.0,702.0,118.0,2.0,66.0,14.0,2.0,0.0,75.0,0.0,0.0,0.0,0.0,54.0,0.0,114.0,0.0,189.0,1169.0,448.0,186.0
Pinellas-12103619,523.0,1.0,2.0,26.0,13.0,794.0,157.0,10.0,104.0,22.0,3.0,0.0,72.0,0.0,0.0,0.0,1.0,28.0,1.0,114.0,0.0,219.0,1359.0,460.0,271.0
Pinellas-12103620,844.0,6.0,3.0,79.0,23.0,1210.0,173.0,16.0,186.0,19.0,13.0,3.0,126.0,1.0,1.0,0.0,1.0,35.0,3.0,122.0,1.0,241.0,2165.0,566.0,375.0
Pinellas-12103621,969.0,2.0,2.0,69.0,25.0,1096.0,227.0,8.0,162.0,18.0,9.0,0.0,113.0,0.0,0.0,0.0,1.0,43.0,3.0,128.0,0.0,241.0,2163.0,556.0,397.0
Pinellas-12103622,1353.0,7.0,0.0,105.0,28.0,1594.0,302.0,13.0,208.0,39.0,10.0,0.0,157.0,1.0,0.0,1.0,0.0,43.0,1.0,151.0,1.0,376.0,3087.0,780.0,523.0
Pinellas-12103623,1034.0,1.0,0.0,61.0,15.0,1420.0,252.0,11.0,143.0,31.0,9.0,0.0,160.0,0.0,0.0,0.0,0.0,103.0,1.0,250.0,1.0,406.0,2531.0,961.0,406.0
Pinellas-12103624,446.0,0.0,1.0,45.0,10.0,649.0,98.0,11.0,71.0,11.0,6.0,1.0,52.0,1.0,0.0,0.0,0.0,20.0,2.0,83.0,0.0,146.0,1151.0,322.0,180.0
Pinellas-12103625,770.0,5.0,1.0,54.0,8.0,879.0,179.0,4.0,132.0,16.0,1.0,2.0,82.0,0.0,0.0,0.0,0.0,22.0,1.0,78.0,0.0,183.0,1717.0,385.0,315.0
Pinellas-12103626,752.0,2.0,1.0,39.0,7.0,819.0,172.0,6.0,100.0,14.0,3.0,0.0,71.0,1.0,0.0,0.0,0.0,25.0,0.0,82.0,1.0,187.0,1620.0,384.0,278.0
Pinellas-12103627,1863.0,5.0,3.0,81.0,20.0,2816.0,451.0,11.0,238.0,70.0,17.0,3.0,233.0,0.0,0.0,0.0,0.0,170.0,2.0,454.0,0.0,831.0,4788.0,1780.0,700.0
Pinellas-12103628,571.0,0.0,2.0,34.0,7.0,725.0,123.0,2.0,93.0,13.0,1.0,2.0,73.0,3.0,0.0,0.0,2.0,34.0,0.0,68.0,0.0,183.0,1339.0,379.0,218.0
Pinellas-12103629,709.0,1.0,1.0,38.0,14.0,758.0,163.0,4.0,98.0,18.0,7.0,3.0,64.0,0.0,0.0,0.0,1.0,46.0,3.0,98.0,0.0,181.0,1521.0,421.0,265.0
Pinellas-12103630,624.0,4.0,2.0,53.0,12.0,758.0,148.0,1.0,131.0,14.0,1.0,0.0,53.0,1.0,0.0,0.0,1.0,30.0,1.0,73.0,1.0,208.0,1453.0,383.0,280.0
Pinellas-12103631,806.0,4.0,2.0,51.0,8.0,871.0,234.0,5.0,85.0,50.0,7.0,1.0,85.0,1.0,0.0,0.0,2.0,59.0,5.0,128.0,0.0,224.0,1742.0,562.0,324.0
Pinellas-12103632,1125.0,0.0,2.0,38.0,8.0,1552.0,401.0,19.0,163.0,45.0,2.0,0.0,150.0,1.0,0.0,1.0,0.0,82.0,0.0,215.0,1.0,493.0,2725.0,990.0,583.0
Pinellas-12103633,1141.0,3.0,1.0,74.0,15.0,1811.0,265.0,6.0,179.0,20.0,9.0,0.0,168.0,0.0,0.0,0.0,0.0,87.0,3.0,225.0,2.0,500.0,3045.0,1014.0,450.0
Pinellas-12103634,456.0,0.0,1.0,40.0,15.0,963.0,139.0,8.0,89.0,15.0,6.0,1.0,85.0,0.0,0.0,0.0,0.0,43.0,2.0,98.0,0.0,281.0,1475.0,531.0,236.0
Pinellas-12103635,876.0,4.0,3.0,45.0,11.0,1220.0,207.0,7.0,153.0,24.0,2.0,0.0,131.0,0.0,0.0,0.0,1.0,83.0,1.0,195.0,0.0,363.0,2159.0,800.0,367.0
Pinellas-12103636,755.0,3.0,2.0,46.0,16.0,1258.0,204.0,6.0,111.0,31.0,10.0,2.0,117.0,0.0,0.0,1.0,1.0,83.0,1.0,176.0,1.0,380.0,2080.0,803.0,321.0
Pinellas-12103637,1721.0,3.0,7.0,98.0,25.0,2457.0,437.0,10.0,270.0,41.0,15.0,3.0,211.0,0.0,0.0,0.0,2.0,114.0,4.0,334.0,1.0,652.0,4311.0,1377.0,717.0
Pinellas-12103638,1001.0,1.0,0.0,70.0,10.0,1738.0,212.0,6.0,114.0,19.0,7.0,1.0,213.0,1.0,1.0,0.0,1.0,116.0,0.0,338.0,0.0,485.0,2820.0,1182.0,332.0
Pinellas-12103701,1281.0,9.0,5.0,84.0,23.0,1880.0,388.0,17.0,228.0,25.0,16.0,5.0,164.0,0.0,0.0,0.0,0.0,94.0,5.0,248.0,0.0,505.0,3282.0,1062.0,633.0
Pinellas-12103702,641.0,0.0,1.0,32.0,9.0,689.0,189.0,6.0,103.0,11.0,9.0,0.0,53.0,1.0,0.0,0.0,1.0,28.0,0.0,66.0,0.0,170.0,1372.0,339.0,298.0
Pinellas-12103703,430.0,1.0,0.0,29.0,11.0,611.0,132.0,5.0,76.0,11.0,2.0,1.0,40.0,0.0,0.0,0.0,0.0,21.0,0.0,67.0,0.0,165.0,1082.0,307.0,213.0
Pinellas-12103704,798.0,4.0,6.0,53.0,18.0,1146.0,176.0,5.0,100.0,3.0,14.0,1.0,75.0,1.0,0.0,2.0,1.0,21.0,0.0,98.0,1.0,286.0,2025.0,503.0,281.0
Pinellas-12103705,761.0,2.0,2.0,46.0,20.0,1091.0,226.0,10.0,159.0,19.0,8.0,0.0,79.0,2.0,0.0,1.0,0.0,43.0,3.0,100.0,0.0,297.0,1922.0,552.0,395.0
Pinellas-12103706,674.0,1.0,0.0,43.0,20.0,1104.0,215.0,14.0,165.0,33.0,15.0,3.0,97.0,0.0,0.0,1.0,1.0,48.0,2.0,103.0,1.0,314.0,1842.0,618.0,394.0
Pinellas-12103710,160.0,0.0,0.0,11.0,5.0,302.0,38.0,5.0,31.0,3.0,1.0,0.0,31.0,0.0,0.0,0.0,0.0,10.0,0.0,38.0,0.0,71.0,478.0,154.0,74.0
Pinellas-12103711,766.0,3.0,1.0,47.0,4.0,1569.0,175.0,5.0,94.0,24.0,7.0,0.0,131.0,1.0,0.0,2.0,0.0,77.0,1.0,235.0,0.0,496.0,2390.0,974.0,274.0
Pinellas-12103712,1293.0,7.0,3.0,85.0,36.0,1283.0,357.0,13.0,224.0,14.0,9.0,1.0,116.0,1.0,1.0,0.0,1.0,30.0,4.0,105.0,0.0,279.0,2707.0,561.0,594.0
Polk-12105101 Outreach Baptist,357.0,8.0,2.0,40.0,9.0,1246.0,0.0,0.0,0.0,0.0,0.0,0.0,0.0,0.0,0.0,0.0,0.0,0.0,0.0,0.0,0.0,0.0,1662.0,0.0,0.0
Polk-12105102 Green Pond Baptist Church,170.0,2.0,2.0,15.0,0.0,661.0,0.0,0.0,0.0,0.0,0.0,0.0,0.0,0.0,0.0,0.0,0.0,0.0,0.0,0.0,0.0,0.0,850.0,0.0,0.0
Polk-12105103 Polo Park,1467.0,2.0,5.0,65.0,24.0,1246.0,0.0,0.0,0.0,0.0,0.0,0.0,0.0,0.0,0.0,0.0,0.0,0.0,0.0,0.0,0.0,0.0,2809.0,0.0,0.0
Polk-12105104 Polo Park East,965.0,3.0,1.0,37.0,15.0,880.0,0.0,0.0,0.0,0.0,0.0,0.0,0.0,0.0,0.0,0.0,0.0,0.0,0.0,0.0,0.0,0.0,1901.0,0.0,0.0
Polk-12105105 Ridge Mobile Home Park Clubhouse,613.0,1.0,2.0,24.0,16.0,502.0,0.0,0.0,0.0,0.0,0.0,0.0,0.0,0.0,0.0,0.0,0.0,0.0,0.0,0.0,0.0,0.0,1158.0,0.0,0.0
Polk-12105106 Lion's Den Building,253.0,2.0,1.0,32.0,4.0,822.0,0.0,0.0,0.0,0.0,0.0,0.0,0.0,0.0,0.0,0.0,0.0,0.0,0.0,0.0,0.0,0.0,1114.0,0.0,0.0
Polk-12105107 New Life Community Church,664.0,9.0,3.0,83.0,15.0,2015.0,0.0,0.0,0.0,0.0,0.0,0.0,0.0,0.0,0.0,0.0,0.0,0.0,0.0,0.0,0.0,0.0,2789.0,0.0,0.0
Polk-12105108 First Baptist Church,216.0,1.0,1.0,22.0,4.0,761.0,0.0,0.0,0.0,0.0,0.0,0.0,0.0,0.0,0.0,0.0,0.0,0.0,0.0,0.0,0.0,0.0,1005.0,0.0,0.0
Polk-12105109 Bethel Baptist Church,1360.0,4.0,7.0,94.0,18.0,2429.0,0.0,0.0,0.0,0.0,0.0,0.0,0.0,0.0,0.0,0.0,0.0,0.0,0.0,0.0,0.0,0.0,3912.0,0.0,0.0
Polk-12105110 Our Savior Lutheran Church,904.0,10.0,4.0,71.0,14.0,1820.0,0.0,0.0,0.0,0.0,0.0,0.0,0.0,0.0,0.0,0.0,0.0,0.0,0.0,0.0,0.0,0.0,2823.0,0.0,0.0
Polk-12105111 Abundant Life Church of God,1409.0,7.0,5.0,139.0,36.0,3400.0,0.0,0.0,0.0,0.0,0.0,0.0,0.0,0.0,0.0,0.0,0.0,0.0,0.0,0.0,0.0,0.0,4996.0,0.0,0.0
Polk-12105112 Gibsonia Baptist Church,1068.0,3.0,5.0,60.0,14.0,1334.0,0.0,0.0,0.0,0.0,0.0,0.0,0.0,0.0,0.0,0.0,0.0,0.0,0.0,0.0,0.0,0.0,2484.0,0.0,0.0
Polk-12105113 Kathleen United Methodist,220.0,7.0,4.0,23.0,9.0,837.0,0.0,0.0,0.0,0.0,0.0,0.0,0.0,0.0,0.0,0.0,0.0,0.0,0.0,0.0,0.0,0.0,1100.0,0.0,0.0
Polk-12105114 The Revolution Church of Lakeland,1234.0,10.0,3.0,84.0,21.0,1723.0,0.0,0.0,0.0,0.0,0.0,0.0,0.0,0.0,0.0,0.0,0.0,0.0,0.0,0.0,0.0,0.0,3075.0,0.0,0.0
Polk-12105115 Cornerstone Baptist Church,911.0,7.0,4.0,59.0,10.0,1490.0,0.0,0.0,0.0,0.0,0.0,0.0,0.0,0.0,0.0,0.0,0.0,0.0,0.0,0.0,0.0,0.0,2481.0,0.0,0.0
Polk-12105116 Lake Gibson United Methodist Church,354.0,3.0,2.0,18.0,6.0,613.0,0.0,0.0,0.0,0.0,0.0,0.0,0.0,0.0,0.0,0.0,0.0,0.0,0.0,0.0,0.0,0.0,996.0,0.0,0.0
Polk-12105117 Believers' Fellowship Church,1346.0,5.0,4.0,76.0,29.0,2073.0,0.0,0.0,0.0,0.0,0.0,0.0,0.0,0.0,0.0,0.0,0.0,0.0,0.0,0.0,0.0,0.0,3533.0,0.0,0.0
Polk-12105118 Mount Tabor Baptist Church,1474.0,11.0,4.0,101.0,17.0,3133.0,0.0,0.0,0.0,0.0,0.0,0.0,0.0,0.0,0.0,0.0,0.0,0.0,0.0,0.0,0.0,0.0,4740.0,0.0,0.0
Polk-12105119 Church of Jesus Christ L.D.S.,208.0,4.0,0.0,10.0,3.0,715.0,0.0,0.0,0.0,0.0,0.0,0.0,0.0,0.0,0.0,0.0,0.0,0.0,0.0,0.0,0.0,0.0,940.0,0.0,0.0
Polk-12105120 The Estates at Carpenters,699.0,2.0,0.0,34.0,13.0,977.0,0.0,0.0,0.0,0.0,0.0,0.0,0.0,0.0,0.0,0.0,0.0,0.0,0.0,0.0,0.0,0.0,1725.0,0.0,0.0
Polk-12105121 Victory Assembly of God,1133.0,9.0,0.0,60.0,9.0,1028.0,0.0,0.0,0.0,0.0,0.0,0.0,0.0,0.0,0.0,0.0,0.0,0.0,0.0,0.0,0.0,0.0,2239.0,0.0,0.0
Polk-12105123 Deer Creek Crossings,793.0,5.0,0.0,28.0,7.0,594.0,0.0,0.0,0.0,0.0,0.0,0.0,0.0,0.0,0.0,0.0,0.0,0.0,0.0,0.0,0.0,0.0,1427.0,0.0,0.0
Polk-12105124 Florida Camp Inn,1488.0,1.0,3.0,72.0,21.0,1071.0,0.0,0.0,0.0,0.0,0.0,0.0,0.0,0.0,0.0,0.0,0.0,0.0,0.0,0.0,0.0,0.0,2656.0,0.0,0.0
Polk-12105125 Lake Gibson United Methodist Church,138.0,0.0,0.0,11.0,2.0,183.0,0.0,0.0,0.0,0.0,0.0,0.0,0.0,0.0,0.0,0.0,0.0,0.0,0.0,0.0,0.0,0.0,334.0,0.0,0.0
Polk-12105201 Lakeland Harbor - Rec Room,1119.0,5.0,9.0,79.0,16.0,1164.0,0.0,0.0,0.0,0.0,0.0,0.0,0.0,0.0,0.0,0.0,0.0,0.0,0.0,0.0,0.0,0.0,2392.0,0.0,0.0
Polk-12105203 Gapway Baptist Church,579.0,14.0,1.0,45.0,10.0,927.0,0.0,0.0,0.0,0.0,0.0,0.0,0.0,0.0,0.0,0.0,0.0,0.0,0.0,0.0,0.0,0.0,1576.0,0.0,0.0
Polk-12105204 Coleman-Bush Building,1673.0,2.0,2.0,11.0,4.0,106.0,0.0,0.0,0.0,0.0,0.0,0.0,0.0,0.0,0.0,0.0,0.0,0.0,0.0,0.0,0.0,0.0,1798.0,0.0,0.0
Polk-12105205 Ewing Memorial 7th Day Adventist Church,1300.0,1.0,1.0,16.0,5.0,132.0,0.0,0.0,0.0,0.0,0.0,0.0,0.0,0.0,0.0,0.0,0.0,0.0,0.0,0.0,0.0,0.0,1455.0,0.0,0.0
Polk-12105206 Lakeland 7th Day Adventist Church,617.0,3.0,2.0,27.0,6.0,457.0,0.0,0.0,0.0,0.0,0.0,0.0,0.0,0.0,0.0,0.0,0.0,0.0,0.0,0.0,0.0,0.0,1112.0,0.0,0.0
Polk-12105207 Lakewood Park United Methodist,324.0,3.0,2.0,16.0,11.0,435.0,0.0,0.0,0.0,0.0,0.0,0.0,0.0,0.0,0.0,0.0,0.0,0.0,0.0,0.0,0.0,0.0,791.0,0.0,0.0
Polk-12105208 The Hamptons,782.0,3.0,3.0,40.0,3.0,1418.0,0.0,0.0,0.0,0.0,0.0,0.0,0.0,0.0,0.0,0.0,0.0,0.0,0.0,0.0,0.0,0.0,2249.0,0.0,0.0
Polk-12105209 Christ Community Church,687.0,0.0,1.0,16.0,6.0,337.0,0.0,0.0,0.0,0.0,0.0,0.0,0.0,0.0,0.0,0.0,0.0,0.0,0.0,0.0,0.0,0.0,1047.0,0.0,0.0
Polk-12105210 First Baptist Institutional Church,481.0,0.0,0.0,6.0,1.0,62.0,0.0,0.0,0.0,0.0,0.0,0.0,0.0,0.0,0.0,0.0,0.0,0.0,0.0,0.0,0.0,0.0,550.0,0.0,0.0
Polk-12105211 Family Worship Center,498.0,1.0,4.0,42.0,8.0,339.0,0.0,0.0,0.0,0.0,0.0,0.0,0.0,0.0,0.0,0.0,0.0,0.0,0.0,0.0,0.0,0.0,892.0,0.0,0.0
Polk-12105212 Woodall's M. H. P.,337.0,6.0,1.0,14.0,4.0,487.0,0.0,0.0,0.0,0.0,0.0,0.0,0.0,0.0,0.0,0.0,0.0,0.0,0.0,0.0,0.0,0.0,849.0,0.0,0.0
Polk-12105213 Winston Baptist Church,324.0,1.0,0.0,9.0,5.0,270.0,0.0,0.0,0.0,0.0,0.0,0.0,0.0,0.0,0.0,0.0,0.0,0.0,0.0,0.0,0.0,0.0,609.0,0.0,0.0
Polk-12105214 Trinity United Methodist Church,696.0,2.0,1.0,35.0,9.0,353.0,0.0,0.0,0.0,0.0,0.0,0.0,0.0,0.0,0.0,0.0,0.0,0.0,0.0,0.0,0.0,0.0,1096.0,0.0,0.0
Polk-12105215 First Baptist Church,12.0,0.0,0.0,2.0,0.0,53.0,0.0,0.0,0.0,0.0,0.0,0.0,0.0,0.0,0.0,0.0,0.0,0.0,0.0,0.0,0.0,0.0,67.0,0.0,0.0
Polk-12105216 Fla Presbyterian Homes McArthur Ctr,407.0,5.0,2.0,53.0,15.0,405.0,0.0,0.0,0.0,0.0,0.0,0.0,0.0,0.0,0.0,0.0,0.0,0.0,0.0,0.0,0.0,0.0,887.0,0.0,0.0
Polk-12105217 Lake Mirror Center,746.0,3.0,2.0,65.0,17.0,694.0,0.0,0.0,0.0,0.0,0.0,0.0,0.0,0.0,0.0,0.0,0.0,0.0,0.0,0.0,0.0,0.0,1527.0,0.0,0.0
Polk-12105218 New Beginning Church of Nazarene (Nuevo Comienzo),624.0,9.0,2.0,50.0,11.0,719.0,0.0,0.0,0.0,0.0,0.0,0.0,0.0,0.0,0.0,0.0,0.0,0.0,0.0,0.0,0.0,0.0,1415.0,0.0,0.0
Polk-12105219 Rhema Word of Faith International,449.0,1.0,1.0,35.0,8.0,585.0,0.0,0.0,0.0,0.0,0.0,0.0,0.0,0.0,0.0,0.0,0.0,0.0,0.0,0.0,0.0,0.0,1079.0,0.0,0.0
Polk-12105220 Hilton Garden Inn,602.0,5.0,2.0,58.0,6.0,1076.0,0.0,0.0,0.0,0.0,0.0,0.0,0.0,0.0,0.0,0.0,0.0,0.0,0.0,0.0,0.0,0.0,1749.0,0.0,0.0
Polk-12105221 Heatherwood Village,764.0,5.0,3.0,62.0,8.0,1348.0,0.0,0.0,0.0,0.0,0.0,0.0,0.0,0.0,0.0,0.0,0.0,0.0,0.0,0.0,0.0,0.0,2190.0,0.0,0.0
Polk-12105222 Beacon Hill Colony - Rec Hall,515.0,5.0,3.0,43.0,8.0,702.0,0.0,0.0,0.0,0.0,0.0,0.0,0.0,0.0,0.0,0.0,0.0,0.0,0.0,0.0,0.0,0.0,1276.0,0.0,0.0
Polk-12105223 College Heights Methodist Church,410.0,6.0,1.0,42.0,5.0,553.0,0.0,0.0,0.0,0.0,0.0,0.0,0.0,0.0,0.0,0.0,0.0,0.0,0.0,0.0,0.0,0.0,1017.0,0.0,0.0
Polk-12105224 Chapel in the Grove,527.0,3.0,4.0,84.0,12.0,1107.0,0.0,0.0,0.0,0.0,0.0,0.0,0.0,0.0,0.0,0.0,0.0,0.0,0.0,0.0,0.0,0.0,1737.0,0.0,0.0
Polk-12105225 Church of Jesus Christ L.D.S.,963.0,5.0,3.0,58.0,18.0,706.0,0.0,0.0,0.0,0.0,0.0,0.0,0.0,0.0,0.0,0.0,0.0,0.0,0.0,0.0,0.0,0.0,1753.0,0.0,0.0
Polk-12105226 Citrus Woods - Clubhouse Annex,537.0,8.0,1.0,34.0,6.0,747.0,0.0,0.0,0.0,0.0,0.0,0.0,0.0,0.0,0.0,0.0,0.0,0.0,0.0,0.0,0.0,0.0,1333.0,0.0,0.0
Polk-12105227 K-Ville Community Center,85.0,0.0,0.0,9.0,1.0,330.0,0.0,0.0,0.0,0.0,0.0,0.0,0.0,0.0,0.0,0.0,0.0,0.0,0.0,0.0,0.0,0.0,425.0,0.0,0.0
Polk-12105228 United Methodist Temple,619.0,0.0,1.0,66.0,10.0,788.0,0.0,0.0,0.0,0.0,0.0,0.0,0.0,0.0,0.0,0.0,0.0,0.0,0.0,0.0,0.0,0.0,1484.0,0.0,0.0
Polk-12105229 Kelly Recreation Complex,700.0,6.0,4.0,59.0,18.0,1157.0,0.0,0.0,0.0,0.0,0.0,0.0,0.0,0.0,0.0,0.0,0.0,0.0,0.0,0.0,0.0,0.0,1944.0,0.0,0.0
Polk-12105230 Cleveland Heights Baptist Church,655.0,8.0,3.0,75.0,18.0,816.0,0.0,0.0,0.0,0.0,0.0,0.0,0.0,0.0,0.0,0.0,0.0,0.0,0.0,0.0,0.0,0.0,1575.0,0.0,0.0
Polk-12105231 First Alliance Church,977.0,3.0,4.0,75.0,24.0,1231.0,0.0,0.0,0.0,0.0,0.0,0.0,0.0,0.0,0.0,0.0,0.0,0.0,0.0,0.0,0.0,0.0,2314.0,0.0,0.0
Polk-12105232 First Baptist Church,506.0,4.0,1.0,30.0,7.0,790.0,0.0,0.0,0.0,0.0,0.0,0.0,0.0,0.0,0.0,0.0,0.0,0.0,0.0,0.0,0.0,0.0,1338.0,0.0,0.0
Polk-12105233 Church of the Resurrection,360.0,2.0,2.0,35.0,5.0,564.0,0.0,0.0,0.0,0.0,0.0,0.0,0.0,0.0,0.0,0.0,0.0,0.0,0.0,0.0,0.0,0.0,968.0,0.0,0.0
Polk-12105234 Heritage Baptist Church,108.0,1.0,1.0,14.0,2.0,246.0,0.0,0.0,0.0,0.0,0.0,0.0,0.0,0.0,0.0,0.0,0.0,0.0,0.0,0.0,0.0,0.0,372.0,0.0,0.0
Polk-12105235 Fellowship Baptist Church,688.0,7.0,1.0,59.0,10.0,1486.0,0.0,0.0,0.0,0.0,0.0,0.0,0.0,0.0,0.0,0.0,0.0,0.0,0.0,0.0,0.0,0.0,2251.0,0.0,0.0
Polk-12105236 Highland Park Church of Nazarene,1028.0,7.0,4.0,125.0,23.0,2054.0,0.0,0.0,0.0,0.0,0.0,0.0,0.0,0.0,0.0,0.0,0.0,0.0,0.0,0.0,0.0,0.0,3241.0,0.0,0.0
Polk-12105237 The Vineyard,1086.0,11.0,3.0,133.0,15.0,2810.0,0.0,0.0,0.0,0.0,0.0,0.0,0.0,0.0,0.0,0.0,0.0,0.0,0.0,0.0,0.0,0.0,4058.0,0.0,0.0
Polk-12105238 Medulla Community Center,947.0,9.0,6.0,64.0,20.0,1076.0,0.0,0.0,0.0,0.0,0.0,0.0,0.0,0.0,0.0,0.0,0.0,0.0,0.0,0.0,0.0,0.0,2122.0,0.0,0.0
Polk-12105239 Scott Lake Baptist Church,874.0,4.0,2.0,51.0,12.0,1897.0,0.0,0.0,0.0,0.0,0.0,0.0,0.0,0.0,0.0,0.0,0.0,0.0,0.0,0.0,0.0,0.0,2840.0,0.0,0.0
Polk-12105240 Highlands Church of Christ,479.0,4.0,0.0,40.0,10.0,1172.0,0.0,0.0,0.0,0.0,0.0,0.0,0.0,0.0,0.0,0.0,0.0,0.0,0.0,0.0,0.0,0.0,1705.0,0.0,0.0
Polk-12105241 Southside Baptist Church,927.0,9.0,2.0,62.0,15.0,1762.0,0.0,0.0,0.0,0.0,0.0,0.0,0.0,0.0,0.0,0.0,0.0,0.0,0.0,0.0,0.0,0.0,2777.0,0.0,0.0
Polk-12105242 First Baptist Church,699.0,8.0,2.0,76.0,10.0,1348.0,0.0,0.0,0.0,0.0,0.0,0.0,0.0,0.0,0.0,0.0,0.0,0.0,0.0,0.0,0.0,0.0,2143.0,0.0,0.0
Polk-12105243 Shepherds Community United Methodist,1268.0,8.0,6.0,118.0,24.0,2460.0,0.0,0.0,0.0,0.0,0.0,0.0,0.0,0.0,0.0,0.0,0.0,0.0,0.0,0.0,0.0,0.0,3884.0,0.0,0.0
Polk-12105244 Willow Oak Baptist Church,705.0,5.0,3.0,48.0,10.0,1266.0,0.0,0.0,0.0,0.0,0.0,0.0,0.0,0.0,0.0,0.0,0.0,0.0,0.0,0.0,0.0,0.0,2037.0,0.0,0.0
Polk-12105245 Trinity Baptist Church,1317.0,9.0,6.0,113.0,19.0,2471.0,0.0,0.0,0.0,0.0,0.0,0.0,0.0,0.0,0.0,0.0,0.0,0.0,0.0,0.0,0.0,0.0,3935.0,0.0,0.0
Polk-12105246 Willow Oak Baptist Church,203.0,1.0,1.0,10.0,2.0,427.0,0.0,0.0,0.0,0.0,0.0,0.0,0.0,0.0,0.0,0.0,0.0,0.0,0.0,0.0,0.0,0.0,644.0,0.0,0.0
Polk-12105247 Mulberry Civic Center,855.0,3.0,4.0,52.0,15.0,1175.0,0.0,0.0,0.0,0.0,0.0,0.0,0.0,0.0,0.0,0.0,0.0,0.0,0.0,0.0,0.0,0.0,2104.0,0.0,0.0
Polk-12105248 St John Neumann Catholic Church,1347.0,12.0,5.0,101.0,14.0,2779.0,0.0,0.0,0.0,0.0,0.0,0.0,0.0,0.0,0.0,0.0,0.0,0.0,0.0,0.0,0.0,0.0,4258.0,0.0,0.0
Polk-12105249 Unity in the Grove Church,716.0,2.0,3.0,79.0,12.0,1551.0,0.0,0.0,0.0,0.0,0.0,0.0,0.0,0.0,0.0,0.0,0.0,0.0,0.0,0.0,0.0,0.0,2363.0,0.0,0.0
Polk-12105250 Trinity Christian Center,763.0,6.0,1.0,56.0,9.0,1258.0,0.0,0.0,0.0,0.0,0.0,0.0,0.0,0.0,0.0,0.0,0.0,0.0,0.0,0.0,0.0,0.0,2093.0,0.0,0.0
Polk-12105251 Trinity Christian Center,156.0,0.0,1.0,13.0,3.0,477.0,0.0,0.0,0.0,0.0,0.0,0.0,0.0,0.0,0.0,0.0,0.0,0.0,0.0,0.0,0.0,0.0,650.0,0.0,0.0
Polk-12105301 First Baptist Church,331.0,3.0,2.0,26.0,1.0,626.0,0.0,0.0,0.0,0.0,0.0,0.0,0.0,0.0,0.0,0.0,0.0,0.0,0.0,0.0,0.0,0.0,989.0,0.0,0.0
Polk-12105302 Emerald Lakes MHP Clubhouse,900.0,3.0,3.0,40.0,14.0,621.0,0.0,0.0,0.0,0.0,0.0,0.0,0.0,0.0,0.0,0.0,0.0,0.0,0.0,0.0,0.0,0.0,1581.0,0.0,0.0
Polk-12105303 Lake Ariana Clubhouse,779.0,5.0,1.0,76.0,16.0,2278.0,0.0,0.0,0.0,0.0,0.0,0.0,0.0,0.0,0.0,0.0,0.0,0.0,0.0,0.0,0.0,0.0,3155.0,0.0,0.0
Polk-12105304 Church at the Mall Auburndale,964.0,6.0,1.0,85.0,17.0,2414.0,0.0,0.0,0.0,0.0,0.0,0.0,0.0,0.0,0.0,0.0,0.0,0.0,0.0,0.0,0.0,0.0,3487.0,0.0,0.0
Polk-12105306 Sweetwater Clubhouse,701.0,2.0,3.0,24.0,6.0,1119.0,0.0,0.0,0.0,0.0,0.0,0.0,0.0,0.0,0.0,0.0,0.0,0.0,0.0,0.0,0.0,0.0,1855.0,0.0,0.0
Polk-12105307 Lena Vista United Methodist Church,363.0,3.0,1.0,26.0,8.0,646.0,0.0,0.0,0.0,0.0,0.0,0.0,0.0,0.0,0.0,0.0,0.0,0.0,0.0,0.0,0.0,0.0,1047.0,0.0,0.0
Polk-12105309 Auburndale Civic Center,766.0,9.0,1.0,61.0,15.0,1385.0,0.0,0.0,0.0,0.0,0.0,0.0,0.0,0.0,0.0,0.0,0.0,0.0,0.0,0.0,0.0,0.0,2237.0,0.0,0.0
Polk-12105310 First Church of God,162.0,0.0,0.0,14.0,3.0,341.0,0.0,0.0,0.0,0.0,0.0,0.0,0.0,0.0,0.0,0.0,0.0,0.0,0.0,0.0,0.0,0.0,520.0,0.0,0.0
Polk-12105312 Lake Alfred City Hall,1202.0,7.0,1.0,63.0,13.0,1539.0,0.0,0.0,0.0,0.0,0.0,0.0,0.0,0.0,0.0,0.0,0.0,0.0,0.0,0.0,0.0,0.0,2825.0,0.0,0.0
Polk-12105313 The Rock of Winter Haven,1027.0,6.0,2.0,39.0,12.0,938.0,0.0,0.0,0.0,0.0,0.0,0.0,0.0,0.0,0.0,0.0,0.0,0.0,0.0,0.0,0.0,0.0,2024.0,0.0,0.0
Polk-12105314 1st Baptist Church of Lucerne Park,1044.0,5.0,3.0,53.0,10.0,1436.0,0.0,0.0,0.0,0.0,0.0,0.0,0.0,0.0,0.0,0.0,0.0,0.0,0.0,0.0,0.0,0.0,2551.0,0.0,0.0
Polk-12105315 K-Ville Community Center,124.0,1.0,0.0,15.0,4.0,339.0,0.0,0.0,0.0,0.0,0.0,0.0,0.0,0.0,0.0,0.0,0.0,0.0,0.0,0.0,0.0,0.0,483.0,0.0,0.0
Polk-12105316 Havendale Christian Church,301.0,2.0,0.0,13.0,2.0,214.0,0.0,0.0,0.0,0.0,0.0,0.0,0.0,0.0,0.0,0.0,0.0,0.0,0.0,0.0,0.0,0.0,532.0,0.0,0.0
Polk-12105319 Champions Church,1104.0,1.0,2.0,65.0,19.0,1387.0,0.0,0.0,0.0,0.0,0.0,0.0,0.0,0.0,0.0,0.0,0.0,0.0,0.0,0.0,0.0,0.0,2578.0,0.0,0.0
Polk-12105321 Polk County Utilities Division,623.0,8.0,2.0,45.0,14.0,1322.0,0.0,0.0,0.0,0.0,0.0,0.0,0.0,0.0,0.0,0.0,0.0,0.0,0.0,0.0,0.0,0.0,2014.0,0.0,0.0
Polk-12105322 The Way at Inwood,716.0,0.0,1.0,27.0,7.0,565.0,0.0,0.0,0.0,0.0,0.0,0.0,0.0,0.0,0.0,0.0,0.0,0.0,0.0,0.0,0.0,0.0,1316.0,0.0,0.0
Polk-12105323 Westwood Missionary Baptist Church,678.0,3.0,2.0,30.0,10.0,671.0,0.0,0.0,0.0,0.0,0.0,0.0,0.0,0.0,0.0,0.0,0.0,0.0,0.0,0.0,0.0,0.0,1394.0,0.0,0.0
Polk-12105324 Winter Haven Senior Center,470.0,3.0,2.0,29.0,9.0,610.0,0.0,0.0,0.0,0.0,0.0,0.0,0.0,0.0,0.0,0.0,0.0,0.0,0.0,0.0,0.0,0.0,1123.0,0.0,0.0
Polk-12105325 Samson Masonic Lodge #142,1385.0,2.0,0.0,6.0,3.0,84.0,0.0,0.0,0.0,0.0,0.0,0.0,0.0,0.0,0.0,0.0,0.0,0.0,0.0,0.0,0.0,0.0,1480.0,0.0,0.0
Polk-12105326 Church of the Redeemer,1301.0,4.0,3.0,86.0,13.0,1425.0,0.0,0.0,0.0,0.0,0.0,0.0,0.0,0.0,0.0,0.0,0.0,0.0,0.0,0.0,0.0,0.0,2832.0,0.0,0.0
Polk-12105327 Faith Baptist Church,1403.0,5.0,3.0,64.0,25.0,1655.0,0.0,0.0,0.0,0.0,0.0,0.0,0.0,0.0,0.0,0.0,0.0,0.0,0.0,0.0,0.0,0.0,3155.0,0.0,0.0
Polk-12105329 Chain of Lakes-Convention Center/Gym,901.0,5.0,0.0,56.0,19.0,1220.0,0.0,0.0,0.0,0.0,0.0,0.0,0.0,0.0,0.0,0.0,0.0,0.0,0.0,0.0,0.0,0.0,2201.0,0.0,0.0
Polk-12105330 First Church of the Nazarene,518.0,2.0,2.0,36.0,13.0,535.0,0.0,0.0,0.0,0.0,0.0,0.0,0.0,0.0,0.0,0.0,0.0,0.0,0.0,0.0,0.0,0.0,1106.0,0.0,0.0
Polk-12105331 Thrive Church,446.0,7.0,0.0,34.0,2.0,941.0,0.0,0.0,0.0,0.0,0.0,0.0,0.0,0.0,0.0,0.0,0.0,0.0,0.0,0.0,0.0,0.0,1430.0,0.0,0.0
Polk-12105332 Resurrection Lutheran Church,926.0,14.0,3.0,55.0,19.0,1552.0,0.0,0.0,0.0,0.0,0.0,0.0,0.0,0.0,0.0,0.0,0.0,0.0,0.0,0.0,0.0,0.0,2569.0,0.0,0.0
Polk-12105333 Spirit Lake Community Church,836.0,4.0,4.0,62.0,14.0,1555.0,0.0,0.0,0.0,0.0,0.0,0.0,0.0,0.0,0.0,0.0,0.0,0.0,0.0,0.0,0.0,0.0,2475.0,0.0,0.0
Polk-12105334 Eagle Lake Church of Christ,275.0,2.0,0.0,15.0,5.0,682.0,0.0,0.0,0.0,0.0,0.0,0.0,0.0,0.0,0.0,0.0,0.0,0.0,0.0,0.0,0.0,0.0,979.0,0.0,0.0
Polk-12105336 Hope Presbyterian Church,555.0,8.0,2.0,74.0,6.0,1341.0,0.0,0.0,0.0,0.0,0.0,0.0,0.0,0.0,0.0,0.0,0.0,0.0,0.0,0.0,0.0,0.0,1986.0,0.0,0.0
Polk-12105337 Holy Cross Episcopal Church,764.0,13.0,2.0,55.0,10.0,1560.0,0.0,0.0,0.0,0.0,0.0,0.0,0.0,0.0,0.0,0.0,0.0,0.0,0.0,0.0,0.0,0.0,2404.0,0.0,0.0
Polk-12105338 Eagle Lake Community Complex,310.0,2.0,1.0,26.0,7.0,559.0,0.0,0.0,0.0,0.0,0.0,0.0,0.0,0.0,0.0,0.0,0.0,0.0,0.0,0.0,0.0,0.0,905.0,0.0,0.0
Polk-12105339 Orange Manor West M.H.P.,940.0,9.0,4.0,61.0,15.0,2103.0,0.0,0.0,0.0,0.0,0.0,0.0,0.0,0.0,0.0,0.0,0.0,0.0,0.0,0.0,0.0,0.0,3132.0,0.0,0.0
Polk-12105340 First Church of God,169.0,0.0,0.0,13.0,4.0,271.0,0.0,0.0,0.0,0.0,0.0,0.0,0.0,0.0,0.0,0.0,0.0,0.0,0.0,0.0,0.0,0.0,457.0,0.0,0.0
Polk-12105401 Sunlake Terrace Estates,1126.0,1.0,0.0,71.0,22.0,809.0,0.0,0.0,0.0,0.0,0.0,0.0,0.0,0.0,0.0,0.0,0.0,0.0,0.0,0.0,0.0,0.0,2029.0,0.0,0.0
Polk-12105402 Four Corners Baptist Church,1630.0,10.0,5.0,78.0,18.0,1827.0,0.0,0.0,0.0,0.0,0.0,0.0,0.0,0.0,0.0,0.0,0.0,0.0,0.0,0.0,0.0,0.0,3568.0,0.0,0.0
Polk-12105403 Kissimmee South Carefree Resort,729.0,2.0,1.0,34.0,7.0,677.0,0.0,0.0,0.0,0.0,0.0,0.0,0.0,0.0,0.0,0.0,0.0,0.0,0.0,0.0,0.0,0.0,1450.0,0.0,0.0
Polk-12105404 Davenport Community Center,1533.0,11.0,5.0,70.0,22.0,1285.0,0.0,0.0,0.0,0.0,0.0,0.0,0.0,0.0,0.0,0.0,0.0,0.0,0.0,0.0,0.0,0.0,2926.0,0.0,0.0
Polk-12105405 Parkview Christian Center - Hall,408.0,2.0,0.0,16.0,7.0,228.0,0.0,0.0,0.0,0.0,0.0,0.0,0.0,0.0,0.0,0.0,0.0,0.0,0.0,0.0,0.0,0.0,661.0,0.0,0.0
Polk-12105406 Little Zion Primitive Baptist Church,595.0,2.0,0.0,43.0,14.0,600.0,0.0,0.0,0.0,0.0,0.0,0.0,0.0,0.0,0.0,0.0,0.0,0.0,0.0,0.0,0.0,0.0,1254.0,0.0,0.0
Polk-12105407 Oakland Neighborhood Center,2383.0,4.0,3.0,27.0,13.0,533.0,0.0,0.0,0.0,0.0,0.0,0.0,0.0,0.0,0.0,0.0,0.0,0.0,0.0,0.0,0.0,0.0,2963.0,0.0,0.0
Polk-12105408 Trinity Worship Center Intl Ministry,1769.0,9.0,4.0,74.0,19.0,1244.0,0.0,0.0,0.0,0.0,0.0,0.0,0.0,0.0,0.0,0.0,0.0,0.0,0.0,0.0,0.0,0.0,3119.0,0.0,0.0
Polk-12105409 Haines City Community Center,1217.0,10.0,0.0,38.0,9.0,801.0,0.0,0.0,0.0,0.0,0.0,0.0,0.0,0.0,0.0,0.0,0.0,0.0,0.0,0.0,0.0,0.0,2075.0,0.0,0.0
Polk-12105410 Calvary First Assembly of God,272.0,0.0,0.0,10.0,1.0,305.0,0.0,0.0,0.0,0.0,0.0,0.0,0.0,0.0,0.0,0.0,0.0,0.0,0.0,0.0,0.0,0.0,588.0,0.0,0.0
Polk-12105411 Solivita,2123.0,2.0,4.0,51.0,14.0,2300.0,0.0,0.0,0.0,0.0,0.0,0.0,0.0,0.0,0.0,0.0,0.0,0.0,0.0,0.0,0.0,0.0,4494.0,0.0,0.0
Polk-12105412 Poinciana Community Center,3511.0,6.0,13.0,46.0,25.0,739.0,0.0,0.0,0.0,0.0,0.0,0.0,0.0,0.0,0.0,0.0,0.0,0.0,0.0,0.0,0.0,0.0,4340.0,0.0,0.0
Polk-12105413 Lake Hamilton Woman's Club,511.0,0.0,4.0,12.0,5.0,476.0,0.0,0.0,0.0,0.0,0.0,0.0,0.0,0.0,0.0,0.0,0.0,0.0,0.0,0.0,0.0,0.0,1008.0,0.0,0.0
Polk-12105414 Westgate Grenelefe Resort,392.0,2.0,0.0,28.0,6.0,1043.0,0.0,0.0,0.0,0.0,0.0,0.0,0.0,0.0,0.0,0.0,0.0,0.0,0.0,0.0,0.0,0.0,1471.0,0.0,0.0
Polk-12105415 Calvary Baptist Church,1068.0,7.0,0.0,59.0,14.0,1940.0,0.0,0.0,0.0,0.0,0.0,0.0,0.0,0.0,0.0,0.0,0.0,0.0,0.0,0.0,0.0,0.0,3088.0,0.0,0.0
Polk-12105416 Dundee Community Center,1041.0,7.0,3.0,40.0,11.0,1004.0,0.0,0.0,0.0,0.0,0.0,0.0,0.0,0.0,0.0,0.0,0.0,0.0,0.0,0.0,0.0,0.0,2106.0,0.0,0.0
Polk-12105418 Nature's Edge Community Center,413.0,4.0,3.0,42.0,14.0,1354.0,0.0,0.0,0.0,0.0,0.0,0.0,0.0,0.0,0.0,0.0,0.0,0.0,0.0,0.0,0.0,0.0,1830.0,0.0,0.0
Polk-12105419 Tuscany Preserve at Lake Marion,2966.0,9.0,10.0,55.0,35.0,806.0,0.0,0.0,0.0,0.0,0.0,0.0,0.0,0.0,0.0,0.0,0.0,0.0,0.0,0.0,0.0,0.0,3881.0,0.0,0.0
Polk-12105420 Solivita,428.0,3.0,0.0,9.0,1.0,377.0,0.0,0.0,0.0,0.0,0.0,0.0,0.0,0.0,0.0,0.0,0.0,0.0,0.0,0.0,0.0,0.0,818.0,0.0,0.0
Polk-12105421 Deer Creek Crossings,429.0,1.0,0.0,35.0,8.0,593.0,0.0,0.0,0.0,0.0,0.0,0.0,0.0,0.0,0.0,0.0,0.0,0.0,0.0,0.0,0.0,0.0,1066.0,0.0,0.0
Polk-12105501 Good Hope Missionary Baptist Church,366.0,1.0,1.0,3.0,2.0,13.0,0.0,0.0,0.0,0.0,0.0,0.0,0.0,0.0,0.0,0.0,0.0,0.0,0.0,0.0,0.0,0.0,386.0,0.0,0.0
Polk-12105502 Good Hope Missionary Baptist Church,37.0,0.0,0.0,1.0,0.0,16.0,0.0,0.0,0.0,0.0,0.0,0.0,0.0,0.0,0.0,0.0,0.0,0.0,0.0,0.0,0.0,0.0,54.0,0.0,0.0
Polk-12105503 Good Hope Missionary Baptist Church,145.0,0.0,0.0,2.0,0.0,63.0,0.0,0.0,0.0,0.0,0.0,0.0,0.0,0.0,0.0,0.0,0.0,0.0,0.0,0.0,0.0,0.0,210.0,0.0,0.0
Polk-12105504 Polk Street Community Center,955.0,2.0,1.0,45.0,10.0,1088.0,0.0,0.0,0.0,0.0,0.0,0.0,0.0,0.0,0.0,0.0,0.0,0.0,0.0,0.0,0.0,0.0,2101.0,0.0,0.0
Polk-12105505 First Baptist Church-Ministry Center,584.0,1.0,0.0,27.0,13.0,442.0,0.0,0.0,0.0,0.0,0.0,0.0,0.0,0.0,0.0,0.0,0.0,0.0,0.0,0.0,0.0,0.0,1067.0,0.0,0.0
Polk-12105506 Bartow Assembly of God,272.0,4.0,0.0,22.0,13.0,661.0,0.0,0.0,0.0,0.0,0.0,0.0,0.0,0.0,0.0,0.0,0.0,0.0,0.0,0.0,0.0,0.0,972.0,0.0,0.0
Polk-12105507 Bartow Civic Center,528.0,4.0,1.0,50.0,5.0,1012.0,0.0,0.0,0.0,0.0,0.0,0.0,0.0,0.0,0.0,0.0,0.0,0.0,0.0,0.0,0.0,0.0,1600.0,0.0,0.0
Polk-12105508 Asbury United Methodist Church,310.0,4.0,1.0,29.0,5.0,873.0,0.0,0.0,0.0,0.0,0.0,0.0,0.0,0.0,0.0,0.0,0.0,0.0,0.0,0.0,0.0,0.0,1222.0,0.0,0.0
Polk-12105509 Carver Center,655.0,3.0,1.0,5.0,3.0,104.0,0.0,0.0,0.0,0.0,0.0,0.0,0.0,0.0,0.0,0.0,0.0,0.0,0.0,0.0,0.0,0.0,771.0,0.0,0.0
Polk-12105510 Centro Guadalupe Catholic Mission,441.0,3.0,0.0,27.0,1.0,336.0,0.0,0.0,0.0,0.0,0.0,0.0,0.0,0.0,0.0,0.0,0.0,0.0,0.0,0.0,0.0,0.0,808.0,0.0,0.0
Polk-12105511 First Baptist Church of Lake Garfield,345.0,2.0,2.0,25.0,5.0,867.0,0.0,0.0,0.0,0.0,0.0,0.0,0.0,0.0,0.0,0.0,0.0,0.0,0.0,0.0,0.0,0.0,1246.0,0.0,0.0
Polk-12105512 1st Baptist Church of Bradley,235.0,0.0,0.0,7.0,2.0,296.0,0.0,0.0,0.0,0.0,0.0,0.0,0.0,0.0,0.0,0.0,0.0,0.0,0.0,0.0,0.0,0.0,540.0,0.0,0.0
Polk-12105513 New Life Assembly of God Church,63.0,0.0,0.0,0.0,0.0,44.0,0.0,0.0,0.0,0.0,0.0,0.0,0.0,0.0,0.0,0.0,0.0,0.0,0.0,0.0,0.0,0.0,107.0,0.0,0.0
Polk-12105514 Alturas Women's Club,259.0,6.0,2.0,19.0,2.0,801.0,0.0,0.0,0.0,0.0,0.0,0.0,0.0,0.0,0.0,0.0,0.0,0.0,0.0,0.0,0.0,0.0,1089.0,0.0,0.0
Polk-12105516 American Legion,227.0,4.0,1.0,13.0,2.0,588.0,0.0,0.0,0.0,0.0,0.0,0.0,0.0,0.0,0.0,0.0,0.0,0.0,0.0,0.0,0.0,0.0,835.0,0.0,0.0
Polk-12105517 Fort Meade Community Center,498.0,0.0,1.0,3.0,2.0,298.0,0.0,0.0,0.0,0.0,0.0,0.0,0.0,0.0,0.0,0.0,0.0,0.0,0.0,0.0,0.0,0.0,802.0,0.0,0.0
Polk-12105518 Ft Meade First Church of God,440.0,4.0,2.0,31.0,4.0,1157.0,0.0,0.0,0.0,0.0,0.0,0.0,0.0,0.0,0.0,0.0,0.0,0.0,0.0,0.0,0.0,0.0,1638.0,0.0,0.0
Polk-12105519 Grace Baptist Church,358.0,1.0,5.0,17.0,4.0,460.0,0.0,0.0,0.0,0.0,0.0,0.0,0.0,0.0,0.0,0.0,0.0,0.0,0.0,0.0,0.0,0.0,845.0,0.0,0.0
Polk-12105520 New Life Assembly of God Church,172.0,2.0,2.0,4.0,0.0,235.0,0.0,0.0,0.0,0.0,0.0,0.0,0.0,0.0,0.0,0.0,0.0,0.0,0.0,0.0,0.0,0.0,415.0,0.0,0.0
Polk-12105521 New Life Assembly of God Church,253.0,1.0,1.0,13.0,2.0,293.0,0.0,0.0,0.0,0.0,0.0,0.0,0.0,0.0,0.0,0.0,0.0,0.0,0.0,0.0,0.0,0.0,563.0,0.0,0.0
Polk-12105522 Traditions Clubhouse,898.0,3.0,2.0,38.0,15.0,1184.0,0.0,0.0,0.0,0.0,0.0,0.0,0.0,0.0,0.0,0.0,0.0,0.0,0.0,0.0,0.0,0.0,2140.0,0.0,0.0
Polk-12105523 B Street Community Center,496.0,1.0,1.0,3.0,6.0,90.0,0.0,0.0,0.0,0.0,0.0,0.0,0.0,0.0,0.0,0.0,0.0,0.0,0.0,0.0,0.0,0.0,597.0,0.0,0.0
Polk-12105524 Grace Baptist Church,680.0,4.0,0.0,31.0,8.0,1088.0,0.0,0.0,0.0,0.0,0.0,0.0,0.0,0.0,0.0,0.0,0.0,0.0,0.0,0.0,0.0,0.0,1811.0,0.0,0.0
Polk-12105525 Grace Baptist Church,87.0,0.0,0.0,7.0,0.0,194.0,0.0,0.0,0.0,0.0,0.0,0.0,0.0,0.0,0.0,0.0,0.0,0.0,0.0,0.0,0.0,0.0,288.0,0.0,0.0
Polk-12105526 Lake Ashton Clubhouse,577.0,0.0,0.0,26.0,6.0,994.0,0.0,0.0,0.0,0.0,0.0,0.0,0.0,0.0,0.0,0.0,0.0,0.0,0.0,0.0,0.0,0.0,1603.0,0.0,0.0
Polk-12105527 First United Methodist Church,763.0,4.0,0.0,32.0,14.0,780.0,0.0,0.0,0.0,0.0,0.0,0.0,0.0,0.0,0.0,0.0,0.0,0.0,0.0,0.0,0.0,0.0,1593.0,0.0,0.0
Polk-12105528 James P. Austin Jr Center,406.0,0.0,3.0,5.0,2.0,113.0,0.0,0.0,0.0,0.0,0.0,0.0,0.0,0.0,0.0,0.0,0.0,0.0,0.0,0.0,0.0,0.0,529.0,0.0,0.0
Polk-12105529 Lake Ashton Clubhouse,810.0,3.0,0.0,44.0,13.0,1030.0,0.0,0.0,0.0,0.0,0.0,0.0,0.0,0.0,0.0,0.0,0.0,0.0,0.0,0.0,0.0,0.0,1900.0,0.0,0.0
Polk-12105530 Holy Spirit Catholic Church,870.0,6.0,0.0,46.0,21.0,1107.0,0.0,0.0,0.0,0.0,0.0,0.0,0.0,0.0,0.0,0.0,0.0,0.0,0.0,0.0,0.0,0.0,2050.0,0.0,0.0
Polk-12105531 Crooked Lake Community Center,212.0,3.0,0.0,17.0,5.0,409.0,0.0,0.0,0.0,0.0,0.0,0.0,0.0,0.0,0.0,0.0,0.0,0.0,0.0,0.0,0.0,0.0,646.0,0.0,0.0
Polk-12105532 Parakeet MHP-Rec Room,459.0,4.0,0.0,17.0,7.0,495.0,0.0,0.0,0.0,0.0,0.0,0.0,0.0,0.0,0.0,0.0,0.0,0.0,0.0,0.0,0.0,0.0,982.0,0.0,0.0
Polk-12105533 Nalcrest Town Center,670.0,5.0,2.0,30.0,13.0,1038.0,0.0,0.0,0.0,0.0,0.0,0.0,0.0,0.0,0.0,0.0,0.0,0.0,0.0,0.0,0.0,0.0,1758.0,0.0,0.0
Polk-12105534 Wayside Baptist Church,167.0,1.0,1.0,14.0,1.0,523.0,0.0,0.0,0.0,0.0,0.0,0.0,0.0,0.0,0.0,0.0,0.0,0.0,0.0,0.0,0.0,0.0,707.0,0.0,0.0
Polk-12105535 Crooked Lake Community Center,161.0,1.0,0.0,15.0,2.0,481.0,0.0,0.0,0.0,0.0,0.0,0.0,0.0,0.0,0.0,0.0,0.0,0.0,0.0,0.0,0.0,0.0,660.0,0.0,0.0
Polk-12105536 Babson Park Community Church,297.0,1.0,0.0,29.0,10.0,821.0,0.0,0.0,0.0,0.0,0.0,0.0,0.0,0.0,0.0,0.0,0.0,0.0,0.0,0.0,0.0,0.0,1158.0,0.0,0.0
Polk-12105537 First Baptist Church,430.0,3.0,1.0,42.0,4.0,1414.0,0.0,0.0,0.0,0.0,0.0,0.0,0.0,0.0,0.0,0.0,0.0,0.0,0.0,0.0,0.0,0.0,1894.0,0.0,0.0
Polk-12105538 Sun Ray United Methodist Church,221.0,4.0,0.0,15.0,4.0,342.0,0.0,0.0,0.0,0.0,0.0,0.0,0.0,0.0,0.0,0.0,0.0,0.0,0.0,0.0,0.0,0.0,586.0,0.0,0.0
Polk-12105539 Sun Ray United Methodist Church,347.0,3.0,1.0,24.0,4.0,522.0,0.0,0.0,0.0,0.0,0.0,0.0,0.0,0.0,0.0,0.0,0.0,0.0,0.0,0.0,0.0,0.0,901.0,0.0,0.0
Polk-12105540 Indian Lake Estates Clubhouse,222.0,3.0,2.0,10.0,0.0,739.0,0.0,0.0,0.0,0.0,0.0,0.0,0.0,0.0,0.0,0.0,0.0,0.0,0.0,0.0,0.0,0.0,976.0,0.0,0.0
Polk-12105541 Sun Ray United Methodist Church,3.0,0.0,0.0,1.0,0.0,11.0,0.0,0.0,0.0,0.0,0.0,0.0,0.0,0.0,0.0,0.0,0.0,0.0,0.0,0.0,0.0,0.0,15.0,0.0,0.0
Polk-12105542 Golfview Baptist Church,501.0,3.0,1.0,46.0,11.0,1407.0,0.0,0.0,0.0,0.0,0.0,0.0,0.0,0.0,0.0,0.0,0.0,0.0,0.0,0.0,0.0,0.0,1969.0,0.0,0.0
Putnam-1210701,0.0,0.0,0.0,0.0,0.0,0.0,92.0,19.0,68.0,3.0,2.0,0.0,28.0,0.0,0.0,0.0,1.0,8.0,2.0,25.0,0.0,83.0,0.0,152.0,179.0
Putnam-1210702,0.0,0.0,0.0,0.0,0.0,0.0,97.0,13.0,60.0,5.0,1.0,0.0,28.0,0.0,0.0,0.0,0.0,7.0,0.0,32.0,0.0,90.0,0.0,163.0,170.0
Putnam-1210703,0.0,0.0,0.0,0.0,0.0,0.0,80.0,10.0,79.0,7.0,3.0,0.0,46.0,0.0,0.0,0.0,1.0,10.0,0.0,35.0,0.0,244.0,0.0,346.0,169.0
Putnam-1210704,0.0,0.0,0.0,0.0,0.0,0.0,57.0,3.0,30.0,3.0,2.0,0.0,15.0,0.0,0.0,0.0,0.0,3.0,0.0,34.0,0.0,75.0,0.0,132.0,90.0
Putnam-1210705,0.0,0.0,0.0,0.0,0.0,0.0,46.0,9.0,49.0,4.0,1.0,0.0,43.0,0.0,2.0,0.0,0.0,8.0,3.0,45.0,0.0,129.0,0.0,235.0,104.0
Putnam-1210706,0.0,0.0,0.0,0.0,0.0,0.0,39.0,6.0,22.0,1.0,1.0,0.0,12.0,0.0,0.0,0.0,0.0,2.0,0.0,11.0,0.0,50.0,0.0,77.0,67.0
Putnam-1210707,0.0,0.0,0.0,0.0,0.0,0.0,64.0,24.0,79.0,4.0,6.0,0.0,69.0,0.0,0.0,0.0,0.0,13.0,0.0,61.0,0.0,214.0,0.0,367.0,167.0
Putnam-1210708,0.0,0.0,0.0,0.0,0.0,0.0,78.0,8.0,81.0,8.0,5.0,0.0,45.0,0.0,0.0,1.0,0.0,6.0,2.0,58.0,0.0,206.0,0.0,331.0,167.0
Putnam-1210709,0.0,0.0,0.0,0.0,0.0,0.0,30.0,8.0,18.0,3.0,0.0,0.0,24.0,0.0,0.0,0.0,0.0,2.0,0.0,20.0,0.0,61.0,0.0,110.0,56.0
Putnam-121071,304.0,1.0,0.0,13.0,3.0,330.0,0.0,0.0,0.0,0.0,0.0,0.0,0.0,0.0,0.0,0.0,0.0,0.0,0.0,0.0,0.0,0.0,651.0,0.0,0.0
Putnam-1210710,511.0,0.0,2.0,27.0,19.0,1617.0,211.0,27.0,166.0,12.0,5.0,0.0,92.0,1.0,0.0,1.0,0.0,17.0,1.0,101.0,0.0,418.0,2176.0,648.0,404.0
Putnam-1210711,682.0,4.0,1.0,34.0,7.0,1543.0,222.0,36.0,176.0,5.0,4.0,0.0,136.0,0.0,0.0,0.0,1.0,31.0,1.0,131.0,0.0,365.0,2271.0,674.0,434.0
Putnam-1210712,236.0,1.0,0.0,13.0,7.0,1367.0,44.0,15.0,89.0,3.0,4.0,0.0,45.0,0.0,0.0,0.0,0.0,10.0,0.0,52.0,0.0,175.0,1624.0,289.0,148.0
Putnam-1210713,41.0,0.0,0.0,8.0,2.0,401.0,35.0,16.0,44.0,4.0,0.0,0.0,60.0,0.0,0.0,0.0,0.0,7.0,0.0,62.0,0.0,187.0,452.0,320.0,95.0
Putnam-1210714,18.0,0.0,0.0,4.0,1.0,362.0,22.0,11.0,41.0,0.0,0.0,0.0,29.0,0.0,0.0,0.0,1.0,3.0,0.0,14.0,0.0,57.0,385.0,104.0,74.0
Putnam-1210715,298.0,0.0,2.0,26.0,10.0,1014.0,10.0,10.0,22.0,1.0,4.0,0.0,22.0,1.0,0.0,0.0,0.0,3.0,0.0,15.0,0.0,82.0,1350.0,128.0,42.0
Putnam-1210716,537.0,3.0,1.0,46.0,15.0,1111.0,108.0,15.0,108.0,11.0,8.0,0.0,76.0,0.0,0.0,0.0,1.0,5.0,0.0,57.0,0.0,250.0,1713.0,408.0,231.0
Putnam-1210717,239.0,0.0,0.0,7.0,6.0,211.0,0.0,1.0,2.0,0.0,0.0,0.0,5.0,0.0,0.0,0.0,0.0,0.0,0.0,0.0,0.0,4.0,463.0,9.0,3.0
Putnam-1210718,601.0,1.0,3.0,30.0,10.0,1083.0,155.0,15.0,177.0,7.0,8.0,1.0,111.0,0.0,0.0,2.0,0.0,23.0,1.0,89.0,0.0,252.0,1728.0,494.0,347.0
Putnam-1210719,229.0,2.0,2.0,20.0,4.0,335.0,69.0,2.0,31.0,2.0,2.0,0.0,15.0,0.0,0.0,0.0,0.0,2.0,1.0,11.0,0.0,55.0,592.0,88.0,102.0
Putnam-121072,372.0,0.0,0.0,12.0,8.0,432.0,0.0,0.0,0.0,0.0,0.0,0.0,0.0,0.0,0.0,0.0,0.0,0.0,0.0,0.0,0.0,0.0,824.0,0.0,0.0
Putnam-1210720,205.0,1.0,2.0,31.0,14.0,770.0,184.0,20.0,148.0,7.0,8.0,0.0,87.0,0.0,0.0,0.0,0.0,16.0,0.0,91.0,1.0,254.0,1023.0,464.0,352.0
Putnam-1210721,266.0,4.0,1.0,22.0,3.0,599.0,55.0,8.0,44.0,2.0,5.0,0.0,37.0,1.0,0.0,1.0,0.0,6.0,0.0,24.0,0.0,61.0,895.0,137.0,107.0
Putnam-1210722,364.0,4.0,0.0,29.0,15.0,1095.0,49.0,10.0,71.0,3.0,5.0,0.0,58.0,0.0,0.0,0.0,0.0,10.0,1.0,47.0,1.0,181.0,1507.0,306.0,130.0
Putnam-1210723,148.0,0.0,0.0,27.0,1.0,816.0,99.0,10.0,76.0,7.0,0.0,0.0,38.0,0.0,0.0,0.0,0.0,10.0,1.0,35.0,0.0,148.0,992.0,239.0,185.0
Putnam-1210724,166.0,1.0,0.0,16.0,4.0,1326.0,110.0,19.0,114.0,14.0,1.0,0.0,69.0,0.0,0.0,0.0,0.0,15.0,0.0,67.0,1.0,223.0,1513.0,390.0,243.0
Putnam-1210725,256.0,2.0,1.0,18.0,4.0,1113.0,55.0,20.0,71.0,1.0,9.0,0.0,69.0,0.0,0.0,0.0,0.0,6.0,0.0,39.0,0.0,147.0,1394.0,271.0,146.0
Putnam-1210726,464.0,3.0,1.0,27.0,6.0,733.0,62.0,45.0,165.0,7.0,3.0,0.0,124.0,0.0,0.0,0.0,0.0,14.0,0.0,70.0,0.0,256.0,1234.0,474.0,272.0
Putnam-1210727,23.0,0.0,0.0,3.0,0.0,136.0,86.0,35.0,136.0,2.0,3.0,0.0,77.0,1.0,0.0,0.0,0.0,13.0,1.0,90.0,0.0,223.0,162.0,410.0,257.0
Putnam-1210728,331.0,0.0,0.0,0.0,0.0,31.0,56.0,12.0,46.0,3.0,1.0,0.0,28.0,0.0,1.0,0.0,1.0,4.0,0.0,28.0,0.0,78.0,362.0,144.0,114.0
Putnam-1210729,214.0,0.0,1.0,7.0,1.0,303.0,104.0,11.0,71.0,2.0,2.0,0.0,45.0,0.0,0.0,1.0,0.0,6.0,0.0,28.0,0.0,82.0,526.0,166.0,186.0
Putnam-121073,240.0,2.0,0.0,13.0,11.0,768.0,0.0,0.0,0.0,0.0,0.0,0.0,0.0,0.0,0.0,0.0,0.0,0.0,0.0,0.0,0.0,0.0,1034.0,0.0,0.0
Putnam-1210730,22.0,0.0,0.0,3.0,1.0,243.0,7.0,3.0,24.0,0.0,1.0,0.0,4.0,0.0,0.0,0.0,0.0,0.0,0.0,8.0,0.0,26.0,269.0,39.0,34.0
Putnam-1210731,468.0,0.0,0.0,18.0,8.0,385.0,0.0,0.0,0.0,0.0,0.0,0.0,0.0,0.0,0.0,0.0,0.0,0.0,0.0,0.0,0.0,0.0,879.0,0.0,0.0
Putnam-1210732,310.0,4.0,0.0,14.0,2.0,337.0,124.0,1.0,11.0,0.0,0.0,1.0,0.0,0.0,0.0,0.0,0.0,0.0,0.0,0.0,0.0,8.0,667.0,9.0,136.0
Putnam-1210733,602.0,3.0,2.0,27.0,10.0,528.0,56.0,7.0,43.0,0.0,1.0,0.0,21.0,1.0,0.0,0.0,1.0,1.0,0.0,13.0,0.0,49.0,1172.0,87.0,106.0
Putnam-1210734,0.0,0.0,0.0,0.0,0.0,0.0,9.0,6.0,35.0,2.0,0.0,0.0,11.0,0.0,0.0,0.0,0.0,4.0,0.0,13.0,0.0,52.0,0.0,82.0,50.0
Putnam-1210735,0.0,0.0,0.0,0.0,0.0,0.0,120.0,12.0,86.0,5.0,1.0,1.0,30.0,1.0,0.0,0.0,2.0,8.0,0.0,34.0,0.0,69.0,0.0,151.0,218.0
Putnam-1210736,267.0,0.0,1.0,16.0,3.0,193.0,85.0,14.0,59.0,1.0,3.0,0.0,18.0,1.0,0.0,0.0,0.0,2.0,1.0,28.0,0.0,64.0,480.0,118.0,158.0
Putnam-1210737,727.0,2.0,0.0,12.0,5.0,117.0,160.0,18.0,119.0,6.0,7.0,0.0,36.0,0.0,1.0,0.0,2.0,10.0,2.0,46.0,0.0,126.0,863.0,236.0,297.0
Putnam-1210738,0.0,0.0,0.0,0.0,0.0,0.0,89.0,10.0,33.0,0.0,4.0,0.0,11.0,0.0,0.0,0.0,0.0,3.0,0.0,17.0,0.0,53.0,0.0,88.0,132.0
Putnam-1210739,0.0,0.0,0.0,0.0,0.0,0.0,214.0,2.0,53.0,0.0,1.0,0.0,8.0,0.0,0.0,0.0,0.0,2.0,0.0,23.0,0.0,26.0,0.0,60.0,269.0
Putnam-121074,154.0,0.0,0.0,4.0,3.0,231.0,0.0,0.0,0.0,0.0,0.0,0.0,0.0,0.0,0.0,0.0,0.0,0.0,0.0,0.0,0.0,0.0,392.0,0.0,0.0
Putnam-121075,138.0,3.0,0.0,8.0,10.0,471.0,0.0,0.0,0.0,0.0,0.0,0.0,0.0,0.0,0.0,0.0,0.0,0.0,0.0,0.0,0.0,0.0,630.0,0.0,0.0
Putnam-121076,101.0,0.0,0.0,5.0,4.0,209.0,0.0,0.0,0.0,0.0,0.0,0.0,0.0,0.0,0.0,0.0,0.0,0.0,0.0,0.0,0.0,0.0,319.0,0.0,0.0
Putnam-121077,237.0,4.0,0.0,19.0,5.0,841.0,0.0,0.0,0.0,0.0,0.0,0.0,0.0,0.0,0.0,0.0,0.0,0.0,0.0,0.0,0.0,0.0,1106.0,0.0,0.0
Putnam-121078,229.0,0.0,0.0,22.0,14.0,764.0,0.0,0.0,0.0,0.0,0.0,0.0,0.0,0.0,0.0,0.0,0.0,0.0,0.0,0.0,0.0,0.0,1029.0,0.0,0.0
Putnam-121079,94.0,3.0,1.0,16.0,3.0,323.0,0.0,0.0,0.0,0.0,0.0,0.0,0.0,0.0,0.0,0.0,0.0,0.0,0.0,0.0,0.0,0.0,440.0,0.0,0.0
Santa Rosa-121131 SOUTH MILTON 01,385.0,10.0,0.0,79.0,9.0,767.0,101.0,3.0,54.0,4.0,10.0,2.0,96.0,2.0,0.0,0.0,1.0,11.0,1.0,93.0,0.0,165.0,1250.0,385.0,158.0
Santa Rosa-1211310 HOLLEY 08,152.0,4.0,0.0,31.0,4.0,636.0,41.0,8.0,41.0,2.0,3.0,1.0,43.0,0.0,0.0,0.0,0.0,20.0,0.0,54.0,0.0,166.0,827.0,289.0,90.0
Santa Rosa-1211311 COLDWATER 09,125.0,5.0,0.0,20.0,7.0,738.0,37.0,10.0,65.0,1.0,5.0,2.0,79.0,0.0,0.0,0.0,1.0,10.0,0.0,71.0,0.0,201.0,895.0,370.0,112.0
Santa Rosa-1211312 POINT BAKER 10,749.0,14.0,3.0,117.0,25.0,1921.0,181.0,15.0,166.0,13.0,8.0,2.0,221.0,2.0,1.0,0.0,1.0,32.0,3.0,202.0,0.0,422.0,2829.0,907.0,362.0
Santa Rosa-1211313 ALLENTOWN 11,110.0,1.0,0.0,20.0,5.0,1015.0,30.0,16.0,45.0,10.0,7.0,0.0,126.0,1.0,0.0,0.0,1.0,20.0,0.0,100.0,0.0,291.0,1151.0,556.0,91.0
Santa Rosa-1211314 HAROLD 12,72.0,1.0,0.0,13.0,5.0,457.0,16.0,7.0,35.0,2.0,3.0,0.0,40.0,2.0,0.0,0.0,1.0,8.0,0.0,33.0,0.0,111.0,548.0,200.0,58.0
Santa Rosa-1211315 FERRIS HILL 13,682.0,9.0,0.0,133.0,16.0,1775.0,162.0,14.0,120.0,13.0,17.0,3.0,231.0,1.0,0.0,0.0,3.0,52.0,5.0,199.0,1.0,330.0,2615.0,855.0,296.0
Santa Rosa-1211316 BAGDAD 14,556.0,5.0,2.0,82.0,10.0,1669.0,151.0,12.0,101.0,16.0,18.0,2.0,173.0,2.0,1.0,0.0,2.0,49.0,4.0,136.0,0.0,411.0,2324.0,814.0,264.0
Santa Rosa-1211317 FIDELIS 15,45.0,4.0,0.0,9.0,1.0,612.0,24.0,13.0,31.0,5.0,2.0,0.0,67.0,0.0,0.0,0.0,2.0,7.0,0.0,51.0,1.0,129.0,671.0,264.0,68.0
Santa Rosa-1211318 BERRYHILL 16,622.0,14.0,0.0,97.0,14.0,2618.0,138.0,27.0,143.0,16.0,26.0,1.0,378.0,0.0,0.0,2.0,5.0,62.0,3.0,368.0,0.0,622.0,3365.0,1483.0,308.0
Santa Rosa-1211319 CHUMUCKLA 17,94.0,4.0,0.0,16.0,4.0,878.0,20.0,13.0,29.0,5.0,10.0,0.0,110.0,0.0,0.0,0.0,3.0,7.0,1.0,116.0,0.0,243.0,996.0,495.0,62.0
Santa Rosa-121132 WALLACE 02,386.0,6.0,1.0,80.0,9.0,2433.0,78.0,20.0,71.0,9.0,29.0,0.0,317.0,1.0,0.0,0.0,6.0,63.0,2.0,311.0,0.0,558.0,2915.0,1296.0,169.0
Santa Rosa-1211320 PACE 18,752.0,13.0,3.0,154.0,19.0,3302.0,130.0,20.0,165.0,20.0,27.0,2.0,418.0,0.0,0.0,0.0,2.0,73.0,3.0,422.0,0.0,639.0,4243.0,1606.0,315.0
Santa Rosa-1211321 AVALON 19,574.0,7.0,2.0,107.0,13.0,2250.0,119.0,21.0,111.0,9.0,17.0,0.0,256.0,0.0,0.0,2.0,2.0,66.0,3.0,240.0,1.0,586.0,2953.0,1182.0,251.0
Santa Rosa-1211322 GULF BREEZE 20,1066.0,4.0,1.0,126.0,22.0,2718.0,244.0,11.0,194.0,26.0,28.0,2.0,277.0,3.0,0.0,0.0,1.0,148.0,4.0,531.0,2.0,768.0,3937.0,1790.0,449.0
Santa Rosa-1211323 MIDWAY 21,570.0,8.0,1.0,77.0,14.0,1527.0,121.0,9.0,98.0,9.0,8.0,1.0,135.0,0.0,0.0,0.0,0.0,25.0,1.0,150.0,0.0,384.0,2197.0,713.0,228.0
Santa Rosa-1211324 PEA RIDGE 22,894.0,21.0,5.0,195.0,34.0,3987.0,179.0,42.0,210.0,37.0,41.0,3.0,533.0,1.0,0.0,1.0,2.0,94.0,8.0,440.0,0.0,899.0,5136.0,2059.0,431.0
Santa Rosa-1211325 ORIOLE BEACH 23,664.0,5.0,0.0,106.0,14.0,1961.0,133.0,6.0,130.0,14.0,11.0,0.0,239.0,1.0,1.0,0.0,1.0,80.0,3.0,281.0,2.0,519.0,2750.0,1152.0,269.0
Santa Rosa-1211326 EAST NAVARRE 24,1152.0,2.0,9.0,255.0,41.0,3598.0,203.0,18.0,177.0,15.0,36.0,4.0,352.0,1.0,0.0,0.0,2.0,118.0,1.0,419.0,2.0,850.0,5057.0,1800.0,398.0
Santa Rosa-1211327 WOODBINE 25,644.0,6.0,1.0,104.0,8.0,2870.0,153.0,12.0,100.0,9.0,29.0,1.0,413.0,1.0,0.0,1.0,1.0,138.0,2.0,472.0,0.0,691.0,3633.0,1758.0,265.0
Santa Rosa-1211328 TIGER POINT 26,574.0,1.0,2.0,81.0,10.0,1837.0,113.0,7.0,73.0,7.0,11.0,2.0,215.0,0.0,0.0,0.0,1.0,70.0,0.0,281.0,0.0,535.0,2505.0,1122.0,193.0
Santa Rosa-1211329 WEST NAVARRE 27,389.0,2.0,1.0,120.0,21.0,1444.0,69.0,10.0,70.0,5.0,3.0,0.0,125.0,0.0,0.0,0.0,0.0,40.0,1.0,124.0,0.0,350.0,1977.0,648.0,149.0
Santa Rosa-121133 COON HILL 03,41.0,6.0,0.0,4.0,1.0,574.0,10.0,3.0,23.0,3.0,2.0,0.0,65.0,0.0,0.0,0.0,2.0,8.0,0.0,41.0,0.0,161.0,626.0,282.0,36.0
Santa Rosa-1211330 PINE TERRACE 28,328.0,4.0,0.0,57.0,4.0,1837.0,99.0,15.0,86.0,17.0,13.0,0.0,268.0,0.0,0.0,0.0,2.0,42.0,1.0,288.0,1.0,518.0,2230.0,1150.0,200.0
Santa Rosa-1211331 FLORIDATOWN 29,237.0,4.0,3.0,32.0,14.0,896.0,39.0,13.0,73.0,7.0,11.0,2.0,99.0,0.0,0.0,0.0,1.0,17.0,0.0,78.0,0.0,224.0,1186.0,439.0,125.0
Santa Rosa-1211332 GRAND POINTE 30,720.0,2.0,2.0,82.0,14.0,1939.0,151.0,8.0,105.0,17.0,10.0,0.0,180.0,2.0,0.0,0.0,0.0,101.0,4.0,283.0,0.0,492.0,2759.0,1089.0,264.0
Santa Rosa-1211333 EAST MILTON 31,354.0,12.0,0.0,38.0,19.0,1497.0,87.0,12.0,90.0,6.0,11.0,2.0,154.0,0.0,1.0,0.0,1.0,29.0,3.0,104.0,1.0,380.0,1920.0,692.0,189.0
Santa Rosa-1211334 HIDDEN CREEK 32,1699.0,23.0,10.0,304.0,52.0,5082.0,301.0,16.0,246.0,27.0,45.0,0.0,539.0,1.0,0.0,3.0,2.0,148.0,5.0,599.0,1.0,1170.0,7170.0,2540.0,563.0
Santa Rosa-1211335 BISCAYNE POINTE 33,909.0,7.0,1.0,150.0,27.0,2276.0,164.0,4.0,135.0,15.0,21.0,1.0,231.0,1.0,0.0,0.0,1.0,65.0,1.0,273.0,1.0,543.0,3370.0,1153.0,303.0
Santa Rosa-1211336 MILL CREEK 34,298.0,5.0,1.0,68.0,8.0,1299.0,55.0,8.0,86.0,6.0,9.0,0.0,151.0,0.0,0.0,0.0,2.0,54.0,1.0,166.0,0.0,333.0,1679.0,722.0,149.0
Santa Rosa-1211337 SOUNDSIDE 35,382.0,3.0,1.0,58.0,11.0,1224.0,59.0,9.0,85.0,8.0,7.0,1.0,135.0,0.0,0.0,0.0,2.0,43.0,4.0,176.0,0.0,321.0,1679.0,697.0,153.0
Santa Rosa-1211338 NAVARRE BEACH 36,219.0,0.0,0.0,26.0,4.0,497.0,37.0,3.0,24.0,1.0,4.0,0.0,42.0,0.0,1.0,0.0,0.0,39.0,1.0,68.0,1.0,143.0,746.0,300.0,64.0
Santa Rosa-1211339 GARCON POINT 37,278.0,4.0,1.0,40.0,10.0,1087.0,64.0,9.0,66.0,4.0,8.0,0.0,146.0,0.0,0.0,0.0,0.0,48.0,1.0,119.0,0.0,312.0,1420.0,638.0,139.0
Santa Rosa-121134 JAY 04,114.0,3.0,1.0,22.0,3.0,1214.0,25.0,7.0,63.0,7.0,8.0,0.0,133.0,0.0,0.0,0.0,1.0,21.0,1.0,104.0,1.0,312.0,1357.0,588.0,95.0
Santa Rosa-1211340 PARKWAY 38,318.0,2.0,0.0,54.0,10.0,863.0,59.0,1.0,33.0,3.0,12.0,0.0,74.0,1.0,0.0,0.0,0.0,35.0,0.0,105.0,0.0,234.0,1247.0,464.0,93.0
Santa Rosa-1211341 WOODLAWN 39,535.0,7.0,2.0,76.0,18.0,1382.0,115.0,6.0,80.0,9.0,17.0,0.0,136.0,1.0,0.0,0.0,2.0,56.0,0.0,178.0,1.0,340.0,2020.0,740.0,201.0
Santa Rosa-121135 MUNSON AREA 05,11.0,0.0,0.0,4.0,1.0,78.0,3.0,1.0,3.0,0.0,0.0,0.0,9.0,0.0,0.0,0.0,0.0,3.0,0.0,6.0,0.0,26.0,94.0,44.0,7.0
Santa Rosa-121136 MUNSON AREA 05,13.0,0.0,0.0,3.0,1.0,67.0,3.0,0.0,4.0,0.0,0.0,0.0,13.0,0.0,0.0,0.0,0.0,4.0,0.0,9.0,0.0,24.0,84.0,50.0,7.0
Santa Rosa-121137 MUNSON AREA 05,26.0,0.0,0.0,0.0,0.0,196.0,12.0,2.0,15.0,2.0,2.0,0.0,19.0,0.0,0.0,0.0,1.0,5.0,0.0,15.0,0.0,55.0,222.0,99.0,29.0
Santa Rosa-121138 NORTH MILTON 06,371.0,6.0,0.0,50.0,11.0,857.0,102.0,12.0,72.0,6.0,4.0,0.0,99.0,1.0,0.0,0.0,0.0,20.0,1.0,93.0,1.0,196.0,1295.0,421.0,186.0
Santa Rosa-121139 WARD BASIN 07,354.0,5.0,2.0,33.0,11.0,1461.0,113.0,17.0,96.0,7.0,11.0,1.0,155.0,1.0,0.0,1.0,2.0,31.0,2.0,132.0,0.0,419.0,1866.0,762.0,226.0
Sarasota-12115101 101,58.0,0.0,1.0,4.0,1.0,24.0,10.0,0.0,14.0,0.0,0.0,0.0,1.0,0.0,0.0,0.0,0.0,5.0,0.0,6.0,0.0,6.0,88.0,18.0,24.0
Sarasota-12115103 103,1362.0,4.0,1.0,28.0,21.0,507.0,353.0,7.0,163.0,11.0,4.0,0.0,29.0,3.0,0.0,0.0,0.0,17.0,2.0,47.0,0.0,111.0,1923.0,224.0,523.0
Sarasota-12115105 105,2362.0,9.0,2.0,114.0,45.0,2601.0,603.0,14.0,392.0,27.0,14.0,1.0,275.0,6.0,0.0,0.0,6.0,133.0,2.0,349.0,1.0,668.0,5133.0,1482.0,1009.0
Sarasota-12115106 106,633.0,4.0,1.0,45.0,13.0,1364.0,172.0,3.0,79.0,13.0,7.0,1.0,172.0,1.0,0.0,0.0,1.0,60.0,0.0,201.0,0.0,414.0,2060.0,870.0,254.0
Sarasota-12115107 107,310.0,5.0,0.0,24.0,5.0,988.0,67.0,3.0,59.0,8.0,6.0,1.0,126.0,1.0,0.0,0.0,0.0,28.0,0.0,128.0,0.0,247.0,1332.0,545.0,129.0
Sarasota-12115109 109,1184.0,1.0,1.0,38.0,11.0,527.0,372.0,4.0,301.0,14.0,4.0,2.0,41.0,0.0,0.0,0.0,0.0,52.0,1.0,98.0,0.0,159.0,1762.0,371.0,677.0
Sarasota-12115111 111,566.0,0.0,1.0,15.0,14.0,141.0,76.0,1.0,238.0,1.0,1.0,0.0,9.0,0.0,0.0,0.0,0.0,9.0,0.0,14.0,0.0,26.0,737.0,60.0,315.0
Sarasota-12115113 113,177.0,1.0,0.0,6.0,3.0,235.0,91.0,1.0,25.0,3.0,0.0,0.0,24.0,0.0,0.0,0.0,0.0,14.0,0.0,19.0,0.0,88.0,422.0,148.0,117.0
Sarasota-12115115 115,3120.0,4.0,3.0,46.0,47.0,538.0,678.0,5.0,467.0,12.0,9.0,2.0,36.0,1.0,1.0,0.0,0.0,20.0,3.0,40.0,0.0,127.0,3758.0,251.0,1150.0
Sarasota-12115117 117,406.0,1.0,0.0,11.0,7.0,555.0,122.0,7.0,71.0,4.0,2.0,0.0,33.0,0.0,0.0,0.0,0.0,19.0,0.0,63.0,1.0,141.0,980.0,263.0,200.0
Sarasota-12115119 119,1069.0,4.0,4.0,49.0,16.0,810.0,231.0,3.0,153.0,12.0,8.0,2.0,86.0,1.0,0.0,0.0,0.0,37.0,1.0,88.0,1.0,183.0,1952.0,419.0,387.0
Sarasota-12115121 121,1422.0,2.0,1.0,36.0,12.0,1329.0,532.0,9.0,193.0,25.0,3.0,2.0,137.0,0.0,0.0,0.0,1.0,152.0,0.0,287.0,0.0,435.0,2802.0,1042.0,734.0
Sarasota-12115123 123,932.0,1.0,0.0,39.0,27.0,550.0,200.0,0.0,176.0,5.0,4.0,1.0,32.0,0.0,0.0,0.0,0.0,13.0,1.0,66.0,0.0,113.0,1549.0,235.0,376.0
Sarasota-12115125 125,1506.0,5.0,1.0,75.0,20.0,1096.0,369.0,9.0,269.0,23.0,6.0,0.0,89.0,1.0,0.0,0.0,2.0,55.0,1.0,177.0,1.0,288.0,2703.0,643.0,647.0
Sarasota-12115127 127,2317.0,4.0,4.0,135.0,45.0,2952.0,559.0,14.0,374.0,56.0,15.0,0.0,307.0,0.0,0.0,5.0,4.0,140.0,5.0,424.0,0.0,707.0,5457.0,1663.0,947.0
Sarasota-12115129 129,470.0,1.0,1.0,17.0,12.0,397.0,101.0,1.0,136.0,4.0,1.0,0.0,30.0,1.0,0.0,0.0,1.0,17.0,0.0,43.0,0.0,103.0,898.0,200.0,238.0
Sarasota-12115131 131,205.0,2.0,4.0,10.0,6.0,252.0,76.0,4.0,40.0,3.0,2.0,0.0,30.0,0.0,0.0,0.0,0.0,22.0,0.0,37.0,0.0,76.0,479.0,170.0,120.0
Sarasota-12115133 133,1719.0,7.0,4.0,115.0,24.0,3073.0,377.0,8.0,222.0,27.0,16.0,2.0,274.0,1.0,0.0,0.0,2.0,206.0,3.0,516.0,1.0,903.0,4942.0,1951.0,607.0
Sarasota-12115135 135,277.0,3.0,0.0,29.0,3.0,636.0,55.0,4.0,56.0,6.0,0.0,0.0,74.0,0.0,0.0,0.0,0.0,35.0,2.0,114.0,0.0,177.0,948.0,408.0,115.0
Sarasota-12115201 201,1635.0,1.0,1.0,49.0,3.0,1810.0,625.0,6.0,125.0,29.0,4.0,3.0,101.0,2.0,0.0,0.0,1.0,277.0,3.0,516.0,0.0,570.0,3499.0,1506.0,756.0
Sarasota-12115203 203,721.0,0.0,2.0,30.0,6.0,659.0,263.0,5.0,80.0,18.0,4.0,0.0,43.0,0.0,0.0,0.0,0.0,92.0,0.0,179.0,0.0,224.0,1418.0,560.0,348.0
Sarasota-12115205 205,296.0,0.0,1.0,5.0,6.0,203.0,128.0,0.0,42.0,6.0,2.0,0.0,14.0,0.0,0.0,0.0,0.0,20.0,0.0,32.0,0.0,58.0,511.0,132.0,170.0
Sarasota-12115207 207,201.0,0.0,0.0,8.0,2.0,107.0,48.0,0.0,36.0,0.0,1.0,0.0,4.0,0.0,0.0,0.0,0.0,2.0,0.0,4.0,0.0,23.0,318.0,34.0,84.0
Sarasota-12115209 209,1978.0,3.0,3.0,70.0,32.0,1286.0,520.0,2.0,330.0,32.0,6.0,2.0,97.0,1.0,0.0,1.0,1.0,137.0,1.0,299.0,0.0,376.0,3372.0,953.0,852.0
Sarasota-12115211 211,555.0,0.0,0.0,22.0,6.0,617.0,184.0,3.0,71.0,6.0,1.0,0.0,32.0,1.0,1.0,0.0,1.0,62.0,0.0,140.0,0.0,227.0,1200.0,471.0,258.0
Sarasota-12115213 213,411.0,0.0,0.0,9.0,6.0,508.0,150.0,2.0,41.0,11.0,3.0,1.0,26.0,1.0,0.0,1.0,0.0,74.0,0.0,147.0,0.0,172.0,934.0,436.0,193.0
Sarasota-12115215 215,1469.0,10.0,2.0,58.0,45.0,1270.0,307.0,12.0,366.0,22.0,6.0,2.0,109.0,1.0,0.0,0.0,0.0,58.0,2.0,140.0,0.0,306.0,2854.0,646.0,685.0
Sarasota-12115217 217,428.0,0.0,0.0,30.0,5.0,440.0,111.0,4.0,83.0,10.0,1.0,0.0,44.0,0.0,0.0,0.0,0.0,26.0,1.0,71.0,0.0,117.0,903.0,270.0,198.0
Sarasota-12115219 219,1746.0,7.0,3.0,93.0,41.0,2002.0,471.0,11.0,349.0,37.0,9.0,2.0,241.0,1.0,0.0,0.0,3.0,143.0,2.0,307.0,0.0,548.0,3892.0,1293.0,831.0
Sarasota-12115221 221,2426.0,25.0,2.0,208.0,56.0,3105.0,471.0,20.0,443.0,33.0,21.0,0.0,292.0,1.0,0.0,1.0,1.0,114.0,2.0,377.0,0.0,714.0,5822.0,1556.0,934.0
Sarasota-12115223 223,776.0,0.0,0.0,39.0,9.0,696.0,207.0,7.0,123.0,19.0,2.0,0.0,52.0,0.0,0.0,0.0,0.0,87.0,1.0,166.0,1.0,191.0,1520.0,519.0,337.0
Sarasota-12115225 225,530.0,4.0,0.0,29.0,8.0,403.0,131.0,4.0,120.0,5.0,1.0,0.0,27.0,0.0,0.0,0.0,0.0,25.0,1.0,67.0,0.0,117.0,974.0,243.0,255.0
Sarasota-12115227 227,1223.0,6.0,1.0,81.0,25.0,1032.0,260.0,5.0,267.0,17.0,8.0,0.0,99.0,0.0,0.0,0.0,0.0,75.0,2.0,153.0,1.0,270.0,2368.0,625.0,532.0
Sarasota-12115229 229,1173.0,3.0,5.0,68.0,30.0,1296.0,283.0,6.0,194.0,17.0,8.0,3.0,120.0,2.0,0.0,1.0,0.0,56.0,3.0,200.0,1.0,326.0,2575.0,737.0,483.0
Sarasota-12115231 231,2863.0,4.0,1.0,143.0,42.0,3243.0,782.0,21.0,440.0,41.0,20.0,4.0,274.0,1.0,0.0,2.0,4.0,220.0,5.0,532.0,1.0,887.0,6296.0,1991.0,1243.0
Sarasota-12115233 233,2382.0,8.0,3.0,144.0,45.0,3686.0,586.0,13.0,398.0,44.0,19.0,0.0,376.0,3.0,2.0,0.0,1.0,249.0,5.0,563.0,1.0,1004.0,6268.0,2267.0,997.0
Sarasota-12115301 301,243.0,0.0,0.0,13.0,0.0,391.0,64.0,1.0,31.0,6.0,2.0,2.0,32.0,0.0,0.0,0.0,0.0,46.0,0.0,81.0,0.0,115.0,647.0,284.0,96.0
Sarasota-12115303 303,2.0,0.0,0.0,0.0,0.0,14.0,0.0,0.0,0.0,0.0,0.0,0.0,2.0,0.0,0.0,0.0,0.0,1.0,0.0,2.0,0.0,1.0,16.0,6.0,0.0
Sarasota-12115305 305,1137.0,4.0,0.0,36.0,9.0,1534.0,380.0,8.0,123.0,15.0,4.0,2.0,122.0,1.0,0.0,0.0,1.0,173.0,2.0,260.0,0.0,470.0,2720.0,1050.0,511.0
Sarasota-12115307 307,1514.0,4.0,1.0,56.0,19.0,2717.0,414.0,5.0,207.0,28.0,9.0,3.0,228.0,0.0,0.0,1.0,2.0,209.0,1.0,458.0,1.0,785.0,4311.0,1725.0,626.0
Sarasota-12115309 309,771.0,1.0,1.0,68.0,25.0,1574.0,178.0,9.0,129.0,8.0,5.0,1.0,130.0,0.0,0.0,0.0,1.0,44.0,0.0,114.0,0.0,364.0,2440.0,667.0,316.0
Sarasota-12115311 311,1781.0,9.0,3.0,121.0,48.0,3241.0,422.0,15.0,309.0,17.0,9.0,1.0,212.0,0.0,2.0,0.0,0.0,78.0,1.0,192.0,1.0,704.0,5203.0,1217.0,746.0
Sarasota-12115313 313,2516.0,12.0,7.0,149.0,46.0,4419.0,519.0,17.0,331.0,25.0,12.0,1.0,329.0,0.0,0.0,1.0,2.0,67.0,3.0,283.0,0.0,983.0,7149.0,1706.0,867.0
Sarasota-12115315 315,381.0,0.0,1.0,25.0,4.0,743.0,107.0,1.0,58.0,4.0,3.0,0.0,84.0,2.0,0.0,0.0,1.0,32.0,0.0,75.0,0.0,199.0,1154.0,400.0,166.0
Sarasota-12115317 317,637.0,6.0,0.0,39.0,13.0,1062.0,170.0,5.0,88.0,0.0,2.0,0.0,107.0,0.0,0.0,0.0,0.0,18.0,3.0,55.0,0.0,201.0,1757.0,386.0,263.0
Sarasota-12115319 319,205.0,0.0,0.0,12.0,1.0,388.0,71.0,3.0,25.0,1.0,0.0,1.0,27.0,0.0,0.0,0.0,0.0,17.0,0.0,53.0,0.0,99.0,606.0,198.0,99.0
Sarasota-12115321 321,1025.0,4.0,1.0,40.0,5.0,1636.0,291.0,7.0,107.0,22.0,6.0,2.0,129.0,1.0,0.0,0.0,1.0,148.0,1.0,298.0,0.0,499.0,2711.0,1107.0,405.0
Sarasota-12115323 323,326.0,2.0,0.0,15.0,8.0,589.0,95.0,3.0,50.0,3.0,3.0,1.0,52.0,0.0,1.0,0.0,0.0,31.0,1.0,78.0,0.0,169.0,940.0,339.0,148.0
Sarasota-12115325 325,127.0,4.0,0.0,12.0,3.0,383.0,25.0,0.0,24.0,0.0,0.0,0.0,19.0,0.0,0.0,0.0,0.0,6.0,1.0,13.0,0.0,87.0,529.0,126.0,49.0
Sarasota-12115327 327,1185.0,6.0,3.0,59.0,10.0,1930.0,305.0,15.0,186.0,26.0,6.0,1.0,146.0,0.0,0.0,0.0,1.0,109.0,4.0,259.0,0.0,535.0,3193.0,1087.0,506.0
Sarasota-12115329 329,782.0,5.0,3.0,49.0,23.0,1231.0,190.0,9.0,128.0,6.0,8.0,1.0,98.0,1.0,0.0,3.0,0.0,35.0,2.0,91.0,0.0,273.0,2093.0,518.0,327.0
Sarasota-12115331 331,1264.0,7.0,3.0,84.0,32.0,2250.0,265.0,11.0,209.0,18.0,7.0,0.0,146.0,0.0,0.0,0.0,0.0,42.0,0.0,134.0,0.0,499.0,3640.0,846.0,485.0
Sarasota-12115333 333,228.0,2.0,0.0,11.0,2.0,373.0,65.0,0.0,22.0,9.0,0.0,0.0,18.0,0.0,0.0,0.0,0.0,36.0,0.0,61.0,0.0,127.0,616.0,251.0,87.0
Sarasota-12115335 335,336.0,1.0,0.0,14.0,3.0,589.0,121.0,3.0,66.0,7.0,5.0,1.0,34.0,0.0,0.0,0.0,0.0,45.0,0.0,59.0,0.0,169.0,943.0,320.0,190.0
Sarasota-12115337 337,275.0,2.0,0.0,8.0,2.0,426.0,112.0,9.0,45.0,3.0,1.0,0.0,40.0,0.0,0.0,0.0,0.0,28.0,1.0,40.0,0.0,115.0,713.0,228.0,166.0
Sarasota-12115339 339,889.0,6.0,3.0,64.0,21.0,1301.0,228.0,11.0,145.0,4.0,5.0,2.0,92.0,1.0,0.0,0.0,0.0,36.0,2.0,101.0,0.0,285.0,2284.0,528.0,384.0
Sarasota-12115341 341,205.0,0.0,1.0,10.0,1.0,251.0,98.0,5.0,31.0,6.0,0.0,1.0,21.0,1.0,0.0,0.0,1.0,11.0,0.0,25.0,0.0,73.0,468.0,139.0,134.0
Sarasota-12115401 401,155.0,0.0,0.0,10.0,2.0,194.0,36.0,0.0,23.0,1.0,0.0,0.0,11.0,0.0,0.0,0.0,1.0,26.0,0.0,59.0,0.0,59.0,361.0,157.0,59.0
Sarasota-12115403 403,458.0,1.0,0.0,12.0,5.0,498.0,138.0,2.0,68.0,5.0,2.0,0.0,42.0,0.0,0.0,2.0,1.0,57.0,3.0,108.0,0.0,152.0,974.0,372.0,208.0
Sarasota-12115405 405,2189.0,5.0,1.0,95.0,44.0,2072.0,552.0,16.0,366.0,29.0,6.0,1.0,155.0,1.0,0.0,1.0,1.0,197.0,2.0,390.0,0.0,629.0,4406.0,1412.0,934.0
Sarasota-12115407 407,1584.0,8.0,5.0,107.0,30.0,1758.0,382.0,8.0,330.0,17.0,2.0,1.0,147.0,1.0,0.0,1.0,1.0,103.0,4.0,188.0,0.0,464.0,3492.0,929.0,720.0
Sarasota-12115409 409,1674.0,6.0,2.0,68.0,22.0,2162.0,420.0,10.0,258.0,23.0,6.0,0.0,197.0,2.0,0.0,1.0,0.0,108.0,1.0,306.0,0.0,595.0,3934.0,1239.0,688.0
Sarasota-12115411 411,1280.0,4.0,1.0,68.0,13.0,1737.0,362.0,6.0,172.0,19.0,3.0,0.0,118.0,0.0,0.0,0.0,0.0,201.0,5.0,393.0,0.0,527.0,3103.0,1266.0,540.0
Sarasota-12115413 413,2157.0,5.0,1.0,88.0,47.0,2412.0,553.0,6.0,431.0,39.0,12.0,0.0,163.0,4.0,0.0,1.0,1.0,148.0,3.0,293.0,2.0,672.0,4710.0,1338.0,990.0
Sarasota-12115415 415,1870.0,2.0,1.0,67.0,26.0,2262.0,524.0,17.0,314.0,48.0,3.0,1.0,161.0,0.0,0.0,0.0,0.0,200.0,0.0,398.0,0.0,776.0,4228.0,1587.0,855.0
Sarasota-12115417 417,2919.0,2.0,2.0,130.0,34.0,3522.0,894.0,16.0,366.0,54.0,12.0,2.0,229.0,3.0,0.0,0.0,0.0,308.0,1.0,664.0,1.0,1144.0,6609.0,2418.0,1276.0
Sarasota-12115419 419,291.0,1.0,1.0,16.0,6.0,660.0,58.0,2.0,38.0,8.0,6.0,0.0,63.0,0.0,0.0,0.0,1.0,54.0,0.0,121.0,0.0,184.0,975.0,437.0,98.0
Sarasota-12115421 421,496.0,1.0,1.0,22.0,10.0,589.0,167.0,4.0,75.0,6.0,3.0,2.0,34.0,1.0,0.0,0.0,0.0,70.0,2.0,124.0,0.0,179.0,1119.0,421.0,246.0
Sarasota-12115423 423,1807.0,2.0,2.0,69.0,32.0,1690.0,521.0,5.0,284.0,45.0,3.0,3.0,118.0,0.0,0.0,1.0,2.0,164.0,0.0,303.0,0.0,473.0,3602.0,1112.0,810.0
Sarasota-12115425 425,734.0,2.0,2.0,31.0,14.0,751.0,184.0,5.0,104.0,11.0,5.0,1.0,59.0,0.0,0.0,0.0,0.0,53.0,0.0,120.0,0.0,229.0,1534.0,478.0,293.0
Sarasota-12115427 427,19.0,0.0,0.0,0.0,0.0,53.0,1.0,0.0,5.0,0.0,0.0,0.0,4.0,0.0,0.0,0.0,0.0,2.0,0.0,7.0,0.0,14.0,72.0,27.0,6.0
Sarasota-12115429 429,726.0,4.0,0.0,22.0,9.0,1021.0,334.0,10.0,156.0,24.0,9.0,3.0,124.0,1.0,0.0,0.0,1.0,165.0,0.0,306.0,0.0,592.0,1782.0,1225.0,500.0
Sarasota-12115430 430,446.0,0.0,0.0,17.0,7.0,683.0,0.0,0.0,0.0,0.0,0.0,0.0,0.0,0.0,0.0,0.0,0.0,0.0,0.0,0.0,0.0,0.0,1153.0,0.0,0.0
Sarasota-12115431 431,900.0,2.0,1.0,43.0,7.0,1610.0,231.0,13.0,123.0,17.0,4.0,2.0,142.0,0.0,1.0,0.0,0.0,137.0,0.0,282.0,1.0,507.0,2563.0,1093.0,367.0
Sarasota-12115433 433,244.0,2.0,0.0,11.0,2.0,378.0,90.0,5.0,40.0,7.0,3.0,0.0,14.0,0.0,0.0,0.0,0.0,12.0,0.0,38.0,0.0,98.0,637.0,172.0,135.0
Sarasota-12115435 435,582.0,1.0,1.0,24.0,3.0,969.0,164.0,2.0,58.0,4.0,1.0,0.0,66.0,1.0,0.0,0.0,0.0,105.0,0.0,207.0,0.0,319.0,1580.0,703.0,224.0
Sarasota-12115437 437,186.0,1.0,0.0,16.0,2.0,340.0,42.0,2.0,39.0,3.0,2.0,1.0,22.0,1.0,0.0,0.0,0.0,10.0,0.0,43.0,0.0,106.0,545.0,188.0,83.0
Sarasota-12115501 501,378.0,0.0,0.0,22.0,9.0,642.0,401.0,10.0,270.0,25.0,14.0,2.0,193.0,0.0,0.0,1.0,1.0,176.0,1.0,406.0,0.0,722.0,1051.0,1541.0,681.0
Sarasota-12115502 502,1183.0,0.0,1.0,41.0,24.0,1603.0,0.0,0.0,0.0,0.0,0.0,0.0,0.0,0.0,0.0,0.0,0.0,0.0,0.0,0.0,0.0,0.0,2852.0,0.0,0.0
Sarasota-12115503 503,123.0,0.0,0.0,17.0,0.0,238.0,30.0,1.0,14.0,5.0,1.0,0.0,12.0,0.0,0.0,0.0,1.0,25.0,0.0,58.0,0.0,85.0,378.0,187.0,45.0
Sarasota-12115505 505,525.0,1.0,2.0,28.0,11.0,913.0,115.0,4.0,83.0,8.0,3.0,2.0,74.0,1.0,0.0,0.0,0.0,97.0,0.0,138.0,0.0,292.0,1480.0,615.0,202.0
Sarasota-12115507 507,1057.0,3.0,1.0,66.0,10.0,1746.0,257.0,1.0,195.0,14.0,11.0,1.0,116.0,2.0,0.0,0.0,1.0,116.0,1.0,238.0,1.0,545.0,2883.0,1046.0,453.0
Sarasota-12115509 509,463.0,4.0,1.0,36.0,10.0,614.0,106.0,10.0,58.0,3.0,0.0,2.0,47.0,2.0,0.0,1.0,1.0,30.0,1.0,74.0,0.0,163.0,1128.0,324.0,174.0
Sarasota-12115511 511,991.0,0.0,0.0,45.0,9.0,1318.0,303.0,9.0,147.0,24.0,7.0,2.0,94.0,0.0,0.0,0.0,2.0,155.0,1.0,244.0,0.0,389.0,2363.0,918.0,459.0
Sarasota-12115513 513,291.0,0.0,0.0,6.0,2.0,311.0,88.0,2.0,60.0,7.0,3.0,1.0,30.0,0.0,1.0,0.0,1.0,34.0,0.0,67.0,0.0,65.0,610.0,209.0,150.0
Sarasota-12115515 515,493.0,1.0,0.0,18.0,9.0,779.0,159.0,12.0,80.0,7.0,2.0,1.0,37.0,0.0,0.0,0.0,0.0,25.0,0.0,78.0,0.0,243.0,1300.0,393.0,251.0
Sarasota-12115517 517,956.0,4.0,3.0,43.0,11.0,1268.0,260.0,13.0,143.0,26.0,4.0,1.0,115.0,2.0,0.0,0.0,0.0,78.0,1.0,163.0,0.0,369.0,2285.0,759.0,416.0
Sarasota-12115519 519,903.0,4.0,1.0,49.0,12.0,1028.0,251.0,5.0,135.0,24.0,1.0,1.0,78.0,0.0,0.0,1.0,1.0,115.0,0.0,174.0,1.0,314.0,1997.0,710.0,391.0
Sarasota-12115521 521,414.0,1.0,1.0,23.0,1.0,519.0,114.0,2.0,72.0,5.0,4.0,1.0,41.0,1.0,0.0,0.0,0.0,45.0,1.0,75.0,0.0,165.0,959.0,338.0,188.0
Sarasota-12115523 523,417.0,1.0,2.0,21.0,5.0,569.0,167.0,4.0,68.0,5.0,1.0,2.0,23.0,0.0,0.0,0.0,1.0,39.0,1.0,60.0,0.0,170.0,1015.0,302.0,239.0
Sarasota-12115525 525,908.0,1.0,0.0,21.0,7.0,1411.0,286.0,8.0,86.0,17.0,9.0,0.0,115.0,2.0,0.0,1.0,0.0,154.0,0.0,281.0,0.0,458.0,2348.0,1037.0,380.0
Sarasota-12115527 527,1583.0,9.0,2.0,71.0,25.0,2468.0,399.0,21.0,306.0,26.0,14.0,3.0,192.0,3.0,1.0,0.0,0.0,128.0,4.0,274.0,1.0,703.0,4158.0,1349.0,726.0
Sarasota-12115529 529,1102.0,2.0,3.0,69.0,32.0,1880.0,268.0,10.0,221.0,16.0,8.0,1.0,146.0,1.0,0.0,0.0,0.0,51.0,1.0,178.0,1.0,469.0,3088.0,872.0,499.0
Sarasota-12115531 531,370.0,3.0,1.0,16.0,7.0,571.0,95.0,4.0,67.0,8.0,1.0,0.0,42.0,0.0,0.0,0.0,1.0,30.0,0.0,60.0,0.0,154.0,968.0,296.0,166.0
Sarasota-12115533 533,814.0,2.0,0.0,50.0,23.0,1240.0,187.0,9.0,171.0,13.0,4.0,1.0,93.0,0.0,0.0,0.0,0.0,45.0,0.0,134.0,0.0,276.0,2129.0,566.0,367.0
Sarasota-12115535 535,2471.0,7.0,3.0,107.0,26.0,3652.0,752.0,28.0,362.0,53.0,24.0,5.0,313.0,2.0,0.0,0.0,2.0,261.0,5.0,500.0,1.0,1135.0,6266.0,2301.0,1142.0
Sarasota-12115537 537,1429.0,8.0,2.0,104.0,31.0,2278.0,360.0,14.0,269.0,16.0,8.0,1.0,178.0,2.0,2.0,0.0,4.0,59.0,1.0,208.0,0.0,546.0,3852.0,1025.0,643.0
Sarasota-12115539 539,1024.0,1.0,0.0,39.0,15.0,1636.0,324.0,5.0,134.0,18.0,2.0,0.0,121.0,0.0,0.0,0.0,2.0,85.0,0.0,227.0,0.0,458.0,2715.0,913.0,463.0
Sarasota-12115541 541,704.0,2.0,1.0,15.0,2.0,1240.0,155.0,2.0,70.0,6.0,2.0,1.0,77.0,0.0,0.0,0.0,0.0,69.0,0.0,133.0,1.0,378.0,1964.0,667.0,227.0
Sarasota-12115543 543,439.0,0.0,0.0,15.0,7.0,751.0,112.0,4.0,59.0,11.0,3.0,1.0,69.0,0.0,0.0,0.0,1.0,58.0,0.0,110.0,1.0,244.0,1212.0,498.0,175.0
Sarasota-12115545 545,1378.0,7.0,0.0,70.0,19.0,2422.0,368.0,19.0,228.0,26.0,8.0,0.0,209.0,2.0,1.0,0.0,1.0,149.0,2.0,314.0,0.0,704.0,3896.0,1416.0,615.0
St. Johns-12109101 PCT 101,1202.0,11.0,3.0,127.0,19.0,2638.0,218.0,8.0,164.0,7.0,7.0,1.0,255.0,1.0,0.0,0.0,0.0,96.0,2.0,453.0,0.0,653.0,4000.0,1475.0,390.0
St. Johns-12109102 PCT 102,750.0,4.0,0.0,87.0,12.0,1763.0,123.0,7.0,99.0,4.0,8.0,0.0,194.0,1.0,0.0,0.0,2.0,80.0,2.0,280.0,0.0,381.0,2616.0,952.0,229.0
St. Johns-12109103 PCT 103,516.0,6.0,1.0,61.0,14.0,1655.0,145.0,10.0,91.0,11.0,6.0,2.0,186.0,0.0,0.0,0.0,1.0,83.0,3.0,287.0,0.0,409.0,2253.0,988.0,246.0
St. Johns-12109104 PCT 104,878.0,2.0,4.0,95.0,11.0,2324.0,215.0,13.0,105.0,5.0,7.0,2.0,288.0,1.0,0.0,0.0,1.0,114.0,5.0,445.0,0.0,584.0,3314.0,1452.0,333.0
St. Johns-12109105 PCT 105,1555.0,7.0,5.0,182.0,14.0,3098.0,262.0,6.0,155.0,10.0,9.0,0.0,290.0,2.0,0.0,0.0,1.0,113.0,1.0,433.0,0.0,618.0,4861.0,1477.0,423.0
St. Johns-12109106 PCT 106,747.0,4.0,2.0,85.0,18.0,2858.0,171.0,12.0,108.0,8.0,13.0,0.0,357.0,1.0,0.0,0.0,1.0,82.0,4.0,468.0,0.0,831.0,3714.0,1765.0,291.0
St. Johns-12109107 PCT 107,1175.0,11.0,2.0,153.0,16.0,3110.0,217.0,24.0,159.0,8.0,13.0,1.0,368.0,0.0,1.0,0.0,0.0,109.0,3.0,498.0,1.0,758.0,4467.0,1760.0,400.0
St. Johns-12109108 PCT 108,462.0,0.0,2.0,41.0,8.0,1158.0,90.0,4.0,55.0,3.0,2.0,0.0,117.0,1.0,0.0,0.0,1.0,50.0,1.0,206.0,0.0,338.0,1671.0,719.0,149.0
St. Johns-12109109 PCT 109,248.0,1.0,0.0,29.0,4.0,1075.0,36.0,2.0,35.0,2.0,5.0,1.0,146.0,0.0,0.0,0.0,0.0,40.0,1.0,129.0,0.0,311.0,1357.0,635.0,73.0
St. Johns-12109110 PCT 110,90.0,1.0,0.0,18.0,3.0,567.0,25.0,3.0,20.0,3.0,6.0,0.0,54.0,1.0,0.0,0.0,0.0,10.0,0.0,66.0,1.0,222.0,679.0,363.0,48.0
St. Johns-12109201 PCT 201,1057.0,4.0,4.0,90.0,10.0,2408.0,199.0,6.0,120.0,6.0,7.0,0.0,222.0,2.0,0.0,0.0,0.0,73.0,2.0,368.0,0.0,582.0,3573.0,1262.0,325.0
St. Johns-12109202 PCT 202,717.0,5.0,2.0,96.0,18.0,1847.0,128.0,2.0,65.0,6.0,8.0,0.0,213.0,1.0,0.0,0.0,0.0,73.0,5.0,327.0,0.0,435.0,2685.0,1068.0,195.0
St. Johns-12109203 PCT 203,1083.0,2.0,4.0,88.0,30.0,2610.0,219.0,8.0,171.0,11.0,12.0,0.0,222.0,1.0,0.0,0.0,0.0,82.0,3.0,367.0,0.0,733.0,3817.0,1431.0,398.0
St. Johns-12109204 PCT 204,415.0,6.0,4.0,43.0,9.0,1666.0,96.0,8.0,71.0,5.0,5.0,0.0,178.0,2.0,0.0,0.0,0.0,24.0,2.0,188.0,2.0,474.0,2143.0,880.0,175.0
St. Johns-12109205 PCT 205,1162.0,7.0,0.0,112.0,20.0,2841.0,214.0,9.0,149.0,2.0,13.0,0.0,242.0,0.0,1.0,0.0,3.0,61.0,1.0,299.0,1.0,646.0,4142.0,1269.0,372.0
St. Johns-12109206 PCT 206,263.0,1.0,0.0,25.0,7.0,633.0,57.0,2.0,45.0,7.0,2.0,0.0,48.0,0.0,0.0,0.0,0.0,15.0,1.0,55.0,0.0,168.0,929.0,296.0,104.0
St. Johns-12109207 PCT 207,1717.0,2.0,1.0,42.0,23.0,788.0,539.0,7.0,169.0,8.0,10.0,0.0,47.0,3.0,0.0,0.0,0.0,11.0,0.0,65.0,0.0,171.0,2573.0,315.0,715.0
St. Johns-12109208 PCT 208,323.0,0.0,0.0,17.0,5.0,818.0,99.0,6.0,67.0,5.0,3.0,0.0,72.0,0.0,0.0,0.0,0.0,16.0,0.0,101.0,0.0,249.0,1163.0,446.0,172.0
St. Johns-12109209 PCT 209,796.0,0.0,1.0,49.0,9.0,1418.0,260.0,15.0,113.0,7.0,6.0,1.0,112.0,1.0,0.0,0.0,0.0,12.0,0.0,96.0,0.0,337.0,2273.0,572.0,388.0
St. Johns-12109301 PCT 301,270.0,1.0,0.0,24.0,10.0,778.0,62.0,5.0,64.0,1.0,5.0,0.0,52.0,1.0,0.0,0.0,1.0,12.0,2.0,64.0,0.0,211.0,1083.0,349.0,131.0
St. Johns-12109302 PCT 302,961.0,2.0,3.0,80.0,28.0,2567.0,228.0,11.0,200.0,19.0,7.0,0.0,219.0,1.0,0.0,0.0,3.0,71.0,1.0,326.0,1.0,787.0,3641.0,1435.0,439.0
St. Johns-12109303 PCT 303,465.0,2.0,1.0,36.0,13.0,915.0,117.0,5.0,124.0,7.0,2.0,1.0,66.0,1.0,0.0,1.0,2.0,25.0,0.0,108.0,1.0,285.0,1432.0,499.0,246.0
St. Johns-12109304 PCT 304,1171.0,9.0,3.0,95.0,39.0,2299.0,270.0,19.0,276.0,10.0,9.0,1.0,201.0,0.0,1.0,1.0,4.0,68.0,3.0,259.0,2.0,622.0,3616.0,1181.0,565.0
St. Johns-12109305 PCT 305,1548.0,9.0,4.0,104.0,28.0,2818.0,405.0,16.0,342.0,8.0,10.0,0.0,242.0,2.0,0.0,0.0,1.0,97.0,1.0,336.0,1.0,852.0,4511.0,1550.0,763.0
St. Johns-12109306 PCT 306,566.0,0.0,1.0,40.0,13.0,1356.0,181.0,11.0,88.0,11.0,4.0,1.0,113.0,0.0,0.0,0.0,0.0,34.0,1.0,195.0,0.0,411.0,1976.0,770.0,280.0
St. Johns-12109307 PCT 307,1014.0,5.0,11.0,90.0,41.0,2373.0,285.0,13.0,193.0,7.0,6.0,0.0,203.0,1.0,1.0,0.0,1.0,87.0,1.0,315.0,0.0,709.0,3534.0,1331.0,491.0
St. Johns-12109308 PCT 308,709.0,2.0,0.0,48.0,15.0,1215.0,191.0,7.0,134.0,3.0,2.0,1.0,104.0,2.0,0.0,0.0,0.0,98.0,1.0,235.0,0.0,412.0,1989.0,858.0,332.0
St. Johns-12109309 PCT 309,1611.0,4.0,0.0,96.0,18.0,2641.0,495.0,16.0,316.0,5.0,6.0,0.0,205.0,0.0,0.0,1.0,0.0,157.0,1.0,426.0,1.0,899.0,4370.0,1701.0,827.0
St. Johns-12109401 PCT 401,1393.0,2.0,1.0,162.0,30.0,3075.0,254.0,14.0,173.0,17.0,17.0,2.0,208.0,1.0,1.0,0.0,0.0,185.0,3.0,588.0,0.0,812.0,4663.0,1834.0,441.0
St. Johns-12109402 PCT 402,1814.0,6.0,5.0,148.0,37.0,3839.0,394.0,15.0,209.0,15.0,7.0,1.0,270.0,5.0,1.0,1.0,2.0,295.0,3.0,814.0,0.0,1187.0,5849.0,2601.0,618.0
St. Johns-12109403 PCT 403,1253.0,4.0,3.0,89.0,17.0,3325.0,239.0,7.0,127.0,22.0,7.0,1.0,278.0,1.0,1.0,1.0,1.0,284.0,4.0,679.0,1.0,1014.0,4691.0,2294.0,373.0
St. Johns-12109404 PCT 404,715.0,0.0,0.0,49.0,6.0,1676.0,126.0,3.0,64.0,5.0,7.0,0.0,111.0,0.0,0.0,0.0,1.0,178.0,1.0,406.0,0.0,495.0,2446.0,1204.0,193.0
St. Johns-12109405 PCT 405,739.0,0.0,1.0,72.0,14.0,1763.0,78.0,5.0,74.0,3.0,4.0,0.0,121.0,0.0,0.0,0.0,1.0,89.0,2.0,318.0,0.0,364.0,2589.0,902.0,157.0
St. Johns-12109406 PCT 406,2422.0,11.0,3.0,221.0,37.0,4538.0,473.0,6.0,280.0,17.0,19.0,1.0,385.0,2.0,0.0,0.0,0.0,171.0,4.0,804.0,2.0,1068.0,7232.0,2473.0,759.0
St. Johns-12109407 PCT 407,185.0,0.0,0.0,18.0,0.0,516.0,36.0,1.0,26.0,1.0,1.0,0.0,52.0,0.0,0.0,0.0,0.0,32.0,3.0,119.0,0.0,160.0,719.0,368.0,63.0
St. Johns-12109408 PCT 408,1277.0,6.0,1.0,145.0,23.0,3322.0,260.0,10.0,197.0,12.0,13.0,1.0,274.0,0.0,0.0,0.0,1.0,115.0,5.0,431.0,0.0,931.0,4774.0,1783.0,467.0
St. Johns-12109409 PCT 409,56.0,0.0,0.0,6.0,3.0,163.0,14.0,1.0,13.0,0.0,1.0,0.0,14.0,0.0,0.0,0.0,0.0,3.0,0.0,10.0,0.0,43.0,228.0,71.0,28.0
St. Johns-12109501 PCT 501,827.0,4.0,1.0,59.0,10.0,1883.0,218.0,7.0,102.0,9.0,12.0,1.0,185.0,0.0,0.0,0.0,1.0,89.0,1.0,301.0,0.0,581.0,2784.0,1180.0,327.0
St. Johns-12109502 PCT 502,1329.0,11.0,2.0,109.0,44.0,2543.0,276.0,15.0,293.0,14.0,18.0,1.0,185.0,1.0,0.0,0.0,6.0,51.0,4.0,307.0,2.0,615.0,4038.0,1204.0,584.0
St. Johns-12109503 PCT 503,536.0,1.0,4.0,32.0,17.0,640.0,119.0,6.0,142.0,2.0,2.0,0.0,39.0,0.0,0.0,0.0,0.0,37.0,2.0,84.0,0.0,179.0,1230.0,345.0,267.0
St. Johns-12109504 PCT 504,1045.0,3.0,1.0,59.0,17.0,2016.0,247.0,1.0,196.0,4.0,1.0,2.0,169.0,1.0,0.0,1.0,2.0,121.0,2.0,348.0,1.0,655.0,3141.0,1307.0,444.0
St. Johns-12109505 PCT 505,1067.0,3.0,1.0,62.0,32.0,1407.0,266.0,11.0,223.0,5.0,2.0,0.0,89.0,0.0,0.0,0.0,0.0,46.0,1.0,179.0,0.0,416.0,2572.0,738.0,500.0
St. Johns-12109506 PCT 506,797.0,2.0,1.0,46.0,25.0,651.0,164.0,8.0,191.0,5.0,1.0,0.0,53.0,0.0,0.0,0.0,0.0,44.0,1.0,108.0,0.0,158.0,1522.0,370.0,363.0
St. Johns-12109507 PCT 507,932.0,0.0,0.0,37.0,27.0,402.0,239.0,4.0,246.0,5.0,5.0,0.0,28.0,0.0,0.0,0.0,0.0,23.0,1.0,44.0,2.0,89.0,1398.0,197.0,489.0
St. Johns-12109508 PCT 508,1526.0,3.0,3.0,94.0,30.0,2104.0,376.0,21.0,367.0,12.0,5.0,1.0,165.0,1.0,0.0,0.0,2.0,141.0,3.0,335.0,0.0,635.0,3760.0,1300.0,764.0
St. Johns-12109509 PCT 509,1715.0,3.0,2.0,151.0,40.0,2584.0,418.0,15.0,339.0,15.0,11.0,0.0,192.0,0.0,1.0,0.0,1.0,168.0,2.0,440.0,1.0,725.0,4495.0,1556.0,772.0
St. Lucie-1211101 Lakewood Park Village Hall,1273.0,6.0,4.0,88.0,29.0,2304.0,333.0,14.0,238.0,24.0,10.0,0.0,170.0,1.0,0.0,0.0,2.0,60.0,1.0,149.0,0.0,575.0,3704.0,992.0,585.0
St. Lucie-1211106 Orange Blossom Bus Center,759.0,1.0,3.0,17.0,14.0,591.0,171.0,8.0,111.0,4.0,3.0,0.0,51.0,0.0,0.0,0.0,0.0,8.0,1.0,35.0,0.0,158.0,1385.0,260.0,290.0
St. Lucie-1211107 Havert L Fenn Center,983.0,0.0,1.0,30.0,7.0,471.0,235.0,5.0,124.0,11.0,4.0,0.0,26.0,1.0,0.0,0.0,0.0,18.0,0.0,46.0,0.0,103.0,1492.0,209.0,364.0
St. Lucie-1211108 Midway Road Church of Christ,722.0,5.0,2.0,51.0,7.0,1426.0,199.0,26.0,156.0,14.0,9.0,0.0,104.0,1.0,0.0,0.0,0.0,34.0,3.0,113.0,0.0,369.0,2213.0,647.0,381.0
St. Lucie-1211109 National Navy SEAL Museum,846.0,2.0,1.0,31.0,7.0,1505.0,238.0,14.0,124.0,14.0,2.0,0.0,99.0,2.0,0.0,0.0,0.0,129.0,3.0,215.0,0.0,511.0,2392.0,975.0,376.0
St. Lucie-1211110 Havert L Fenn Center,215.0,0.0,0.0,14.0,9.0,200.0,47.0,4.0,43.0,6.0,1.0,1.0,17.0,0.0,0.0,1.0,0.0,16.0,1.0,24.0,0.0,35.0,438.0,102.0,94.0
St. Lucie-1211111 Walton Road Baptist Church,685.0,2.0,1.0,26.0,13.0,840.0,188.0,8.0,121.0,5.0,5.0,1.0,46.0,0.0,0.0,0.0,0.0,26.0,2.0,50.0,0.0,225.0,1567.0,360.0,317.0
St. Lucie-1211112 Fort Pierce Masonic Lodge,1126.0,3.0,3.0,80.0,37.0,2447.0,338.0,34.0,235.0,14.0,11.0,2.0,159.0,1.0,0.0,0.0,2.0,57.0,5.0,167.0,2.0,680.0,3696.0,1100.0,607.0
St. Lucie-1211113 Havert L Fenn Center,1025.0,4.0,1.0,53.0,18.0,1090.0,249.0,9.0,139.0,13.0,8.0,0.0,88.0,0.0,0.0,0.0,0.0,27.0,0.0,83.0,1.0,249.0,2191.0,469.0,397.0
St. Lucie-1211114 Miracle Prayer Temple,1766.0,0.0,1.0,16.0,1.0,196.0,653.0,2.0,135.0,1.0,1.0,0.0,10.0,0.0,0.0,0.0,0.0,0.0,0.0,9.0,0.0,47.0,1980.0,68.0,790.0
St. Lucie-1211115 Holiday Out Recreation,1003.0,5.0,1.0,38.0,8.0,1909.0,278.0,9.0,121.0,21.0,7.0,4.0,99.0,1.0,1.0,0.0,0.0,134.0,0.0,259.0,1.0,627.0,2964.0,1154.0,408.0
St. Lucie-1211116 Chapel By the Sea,922.0,1.0,1.0,47.0,11.0,1782.0,269.0,10.0,163.0,22.0,6.0,1.0,95.0,1.0,0.0,0.0,1.0,88.0,0.0,208.0,0.0,595.0,2764.0,1017.0,442.0
St. Lucie-1211117 St. Paul A.M.E. Church,1856.0,3.0,1.0,9.0,5.0,45.0,553.0,1.0,77.0,0.0,2.0,0.0,3.0,0.0,0.0,0.0,1.0,0.0,0.0,4.0,0.0,4.0,1919.0,14.0,631.0
St. Lucie-1211118 Lincoln Park Recreation Center,1019.0,0.0,3.0,7.0,7.0,48.0,273.0,3.0,39.0,0.0,2.0,0.0,1.0,0.0,0.0,1.0,0.0,0.0,0.0,4.0,0.0,7.0,1084.0,15.0,315.0
St. Lucie-1211119 Havert L Fenn Center,1291.0,2.0,4.0,24.0,9.0,351.0,271.0,7.0,87.0,5.0,2.0,0.0,12.0,0.0,0.0,0.0,0.0,4.0,1.0,15.0,0.0,66.0,1681.0,105.0,365.0
St. Lucie-1211120 Spanish Lakes Riverfront,300.0,2.0,1.0,14.0,3.0,457.0,98.0,4.0,65.0,7.0,0.0,0.0,24.0,0.0,0.0,0.0,0.0,8.0,0.0,41.0,1.0,109.0,777.0,190.0,167.0
St. Lucie-1211121 Spanish Lakes Original,937.0,2.0,1.0,36.0,5.0,1104.0,228.0,12.0,138.0,12.0,1.0,1.0,48.0,0.0,0.0,0.0,1.0,29.0,0.0,83.0,0.0,288.0,2085.0,463.0,378.0
St. Lucie-1211122 PSL Council on Aging,1314.0,1.0,1.0,63.0,20.0,1601.0,341.0,12.0,196.0,9.0,5.0,1.0,65.0,0.0,0.0,0.0,2.0,20.0,1.0,149.0,0.0,426.0,3000.0,678.0,549.0
St. Lucie-1211123 St. Andrews Lutheran Church,1259.0,8.0,0.0,48.0,18.0,1262.0,285.0,12.0,172.0,14.0,6.0,0.0,67.0,2.0,0.0,0.0,0.0,19.0,2.0,94.0,0.0,277.0,2595.0,481.0,469.0
St. Lucie-1211124 Miracle Prayer Temple,1092.0,0.0,0.0,11.0,8.0,121.0,378.0,3.0,69.0,3.0,0.0,0.0,4.0,0.0,0.0,0.0,0.0,2.0,0.0,6.0,0.0,25.0,1232.0,40.0,450.0
St. Lucie-1211125 Days Inn,1426.0,3.0,6.0,45.0,18.0,1332.0,380.0,18.0,189.0,16.0,5.0,0.0,71.0,2.0,1.0,1.0,2.0,43.0,1.0,113.0,1.0,363.0,2830.0,619.0,587.0
St. Lucie-1211126 Port St Lucie Community Center,1446.0,3.0,2.0,75.0,38.0,1413.0,364.0,10.0,196.0,10.0,2.0,1.0,91.0,0.0,1.0,0.0,1.0,31.0,2.0,82.0,0.0,343.0,2977.0,564.0,570.0
St. Lucie-1211128 Orange Blossom Bus Center,321.0,0.0,3.0,26.0,6.0,1133.0,91.0,15.0,60.0,6.0,12.0,0.0,82.0,0.0,2.0,0.0,0.0,23.0,0.0,95.0,0.0,320.0,1489.0,540.0,166.0
St. Lucie-1211129 Orange Blossom Bus Center,162.0,2.0,0.0,11.0,1.0,292.0,47.0,3.0,26.0,3.0,1.0,0.0,19.0,0.0,0.0,0.0,0.0,1.0,0.0,17.0,0.0,54.0,468.0,95.0,76.0
St. Lucie-1211131 Spanish Lakes Fairway,475.0,0.0,0.0,16.0,3.0,877.0,154.0,8.0,74.0,9.0,4.0,0.0,49.0,1.0,0.0,0.0,0.0,29.0,0.0,79.0,1.0,279.0,1371.0,451.0,236.0
St. Lucie-1211133 Orange Blossom Bus Center,96.0,0.0,0.0,5.0,4.0,161.0,25.0,2.0,14.0,0.0,2.0,1.0,7.0,0.0,0.0,0.0,0.0,3.0,0.0,9.0,0.0,44.0,266.0,66.0,41.0
St. Lucie-1211135 F.U.M.C. Outreach Center,676.0,4.0,2.0,42.0,10.0,654.0,156.0,7.0,79.0,9.0,3.0,0.0,37.0,0.0,0.0,0.0,0.0,6.0,0.0,37.0,0.0,131.0,1388.0,223.0,242.0
St. Lucie-1211136 First Presbyterian Church,630.0,1.0,0.0,23.0,15.0,640.0,149.0,2.0,86.0,6.0,5.0,1.0,32.0,0.0,0.0,0.0,0.0,20.0,2.0,42.0,0.0,169.0,1309.0,277.0,237.0
St. Lucie-1211137 Family Life Worship Center,1875.0,5.0,5.0,71.0,30.0,1485.0,477.0,6.0,209.0,9.0,5.0,1.0,95.0,0.0,0.0,0.0,0.0,18.0,4.0,99.0,1.0,296.0,3471.0,528.0,692.0
St. Lucie-1211138 Spanish Lakes Golf Village,454.0,1.0,0.0,16.0,3.0,581.0,116.0,3.0,75.0,5.0,4.0,1.0,27.0,1.0,0.0,0.0,0.0,8.0,0.0,39.0,0.0,152.0,1055.0,237.0,194.0
St. Lucie-1211139 Spanish Lakes Country Club,647.0,1.0,2.0,15.0,5.0,812.0,159.0,8.0,76.0,14.0,3.0,0.0,48.0,1.0,0.0,0.0,2.0,34.0,0.0,68.0,0.0,256.0,1482.0,426.0,243.0
St. Lucie-1211140 Church of God,675.0,0.0,3.0,27.0,14.0,587.0,151.0,8.0,67.0,4.0,4.0,0.0,19.0,1.0,0.0,0.0,0.0,14.0,1.0,41.0,0.0,116.0,1306.0,200.0,226.0
St. Lucie-1211141 Knights of Columbus Hall,1381.0,6.0,2.0,53.0,19.0,1469.0,321.0,12.0,164.0,9.0,6.0,3.0,89.0,1.0,0.0,0.0,0.0,35.0,0.0,103.0,0.0,356.0,2930.0,602.0,497.0
St. Lucie-1211142 First Congregational Church,1420.0,4.0,3.0,74.0,11.0,2326.0,370.0,17.0,199.0,33.0,8.0,0.0,124.0,0.0,0.0,0.0,1.0,115.0,0.0,256.0,0.0,726.0,3838.0,1263.0,586.0
St. Lucie-1211143 The Island Club at P.G.A. Village,925.0,2.0,0.0,27.0,10.0,1972.0,239.0,3.0,82.0,28.0,2.0,1.0,102.0,0.0,0.0,0.0,1.0,113.0,0.0,308.0,0.0,649.0,2936.0,1204.0,324.0
St. Lucie-1211145 Pt St Lucie Christian Church,811.0,7.0,1.0,33.0,12.0,1066.0,217.0,9.0,108.0,8.0,5.0,0.0,62.0,0.0,0.0,0.0,0.0,12.0,1.0,92.0,0.0,280.0,1930.0,460.0,334.0
St. Lucie-1211146 Real Life Church,1294.0,4.0,6.0,36.0,27.0,1124.0,297.0,17.0,153.0,7.0,5.0,0.0,60.0,1.0,0.0,0.0,0.0,14.0,1.0,67.0,0.0,240.0,2491.0,395.0,467.0
St. Lucie-1211147 Windmill Point I Clubhouse,1196.0,2.0,2.0,33.0,14.0,1052.0,334.0,6.0,120.0,7.0,0.0,0.0,54.0,0.0,0.0,0.0,0.0,22.0,0.0,73.0,0.0,269.0,2299.0,425.0,460.0
St. Lucie-1211149 Sons of Italy,1659.0,10.0,2.0,73.0,18.0,1716.0,416.0,8.0,217.0,12.0,2.0,1.0,84.0,1.0,0.0,0.0,1.0,39.0,0.0,150.0,0.0,389.0,3478.0,679.0,641.0
St. Lucie-1211150 Robert E. Minsky Gym,2804.0,9.0,5.0,134.0,36.0,2250.0,594.0,11.0,280.0,12.0,11.0,1.0,120.0,1.0,0.0,0.0,1.0,36.0,2.0,153.0,0.0,452.0,5238.0,789.0,885.0
St. Lucie-1211151 Disabled American Vets Hall,1387.0,0.0,6.0,60.0,15.0,1164.0,331.0,15.0,164.0,8.0,4.0,0.0,70.0,0.0,0.0,0.0,1.0,16.0,1.0,101.0,0.0,221.0,2632.0,422.0,510.0
St. Lucie-1211152 Spanish Lakes Country Club,520.0,7.0,1.0,26.0,6.0,869.0,136.0,5.0,89.0,7.0,6.0,0.0,80.0,0.0,0.0,0.0,1.0,31.0,1.0,67.0,0.0,229.0,1429.0,422.0,230.0
St. Lucie-1211153 PSL Police Athletic League,1372.0,8.0,3.0,56.0,26.0,1277.0,341.0,9.0,172.0,10.0,6.0,0.0,66.0,0.0,0.0,1.0,0.0,23.0,0.0,91.0,1.0,318.0,2742.0,516.0,522.0
St. Lucie-1211156 F.U.M.C. Outreach Center,860.0,6.0,4.0,42.0,22.0,1080.0,239.0,13.0,143.0,14.0,8.0,1.0,51.0,1.0,0.0,0.0,0.0,16.0,0.0,90.0,1.0,269.0,2014.0,451.0,395.0
St. Lucie-1211160 St. Lucie School,122.0,0.0,0.0,11.0,4.0,273.0,34.0,9.0,37.0,1.0,1.0,0.0,14.0,0.0,0.0,0.0,0.0,7.0,0.0,27.0,0.0,91.0,410.0,141.0,80.0
St. Lucie-1211163 St. Lucie School,61.0,0.0,0.0,1.0,1.0,67.0,2.0,0.0,4.0,0.0,0.0,0.0,5.0,0.0,0.0,0.0,0.0,0.0,0.0,4.0,0.0,5.0,130.0,14.0,6.0
St. Lucie-1211165 Harbour Ridge Clubhouse,220.0,0.0,0.0,11.0,0.0,564.0,41.0,1.0,17.0,10.0,1.0,0.0,38.0,0.0,0.0,0.0,0.0,97.0,0.0,138.0,0.0,188.0,795.0,472.0,59.0
St. Lucie-1211166 Fire Station #13,404.0,0.0,1.0,15.0,9.0,598.0,125.0,0.0,45.0,4.0,0.0,1.0,28.0,0.0,0.0,0.0,0.0,25.0,0.0,41.0,0.0,158.0,1027.0,257.0,170.0
St. Lucie-1211167 Grace Lutheran Church,970.0,0.0,5.0,44.0,8.0,1293.0,273.0,9.0,117.0,9.0,7.0,1.0,91.0,1.0,0.0,0.0,0.0,38.0,0.0,162.0,0.0,360.0,2320.0,669.0,399.0
St. Lucie-1211168 The Lighthouse Chapel,1465.0,3.0,6.0,40.0,10.0,1134.0,445.0,5.0,141.0,10.0,4.0,0.0,74.0,1.0,0.0,0.0,1.0,26.0,3.0,91.0,0.0,266.0,2658.0,476.0,591.0
St. Lucie-1211171 Church of the Jordan,2055.0,9.0,4.0,70.0,30.0,1923.0,499.0,16.0,236.0,8.0,7.0,0.0,109.0,1.0,1.0,0.0,3.0,26.0,0.0,98.0,0.0,394.0,4091.0,647.0,751.0
St. Lucie-1211173 Harbour Place,2132.0,8.0,7.0,89.0,41.0,1899.0,455.0,18.0,249.0,24.0,6.0,2.0,80.0,0.0,0.0,0.0,3.0,41.0,0.0,164.0,1.0,511.0,4176.0,832.0,722.0
St. Lucie-1211174 Savanna Club,771.0,2.0,1.0,24.0,6.0,1237.0,257.0,9.0,122.0,11.0,4.0,1.0,48.0,0.0,0.0,0.0,1.0,42.0,0.0,124.0,1.0,379.0,2041.0,611.0,388.0
St. Lucie-1211175 St. Andrews Lutheran Church,828.0,3.0,1.0,31.0,17.0,724.0,213.0,12.0,93.0,4.0,5.0,1.0,39.0,0.0,0.0,1.0,0.0,14.0,0.0,56.0,1.0,166.0,1604.0,287.0,318.0
St. Lucie-1211182 River Place on the St. Lucie,1154.0,4.0,3.0,43.0,24.0,1329.0,315.0,7.0,138.0,10.0,2.0,2.0,77.0,0.0,0.0,0.0,0.0,37.0,0.0,116.0,0.0,401.0,2557.0,645.0,460.0
St. Lucie-1211183 Faith Congregational Church,2745.0,7.0,1.0,95.0,30.0,2112.0,585.0,12.0,285.0,7.0,8.0,2.0,127.0,2.0,0.0,0.0,1.0,34.0,2.0,140.0,0.0,451.0,4990.0,774.0,882.0
St. Lucie-1211184 Parks Edge POA Inc,1778.0,9.0,4.0,71.0,26.0,1663.0,443.0,30.0,208.0,15.0,2.0,2.0,71.0,0.0,0.0,0.0,0.0,40.0,1.0,122.0,0.0,398.0,3551.0,651.0,681.0
St. Lucie-1211185 IRSC Schreiber Conference Center,4085.0,11.0,7.0,102.0,32.0,4315.0,1228.0,24.0,420.0,58.0,10.0,5.0,216.0,2.0,1.0,0.0,2.0,142.0,3.0,437.0,1.0,1189.0,8552.0,2066.0,1672.0
St. Lucie-1211186 Sunlight Community Church,861.0,4.0,1.0,23.0,10.0,1272.0,241.0,10.0,125.0,23.0,6.0,0.0,58.0,0.0,0.0,0.0,0.0,49.0,0.0,162.0,1.0,361.0,2171.0,660.0,376.0
St. Lucie-1211189 Tradition Town Hall,2280.0,9.0,5.0,79.0,20.0,2638.0,663.0,19.0,261.0,24.0,5.0,2.0,159.0,0.0,0.0,0.0,1.0,95.0,0.0,281.0,0.0,704.0,5031.0,1271.0,943.0
St. Lucie-1211191 Orange Blossom Bus Center,13.0,0.0,0.0,3.0,0.0,64.0,5.0,1.0,2.0,0.0,0.0,0.0,6.0,0.0,0.0,0.0,0.0,0.0,0.0,6.0,0.0,12.0,80.0,24.0,8.0
St. Lucie-1211192 Orange Blossom Bus Center,31.0,0.0,0.0,1.0,0.0,95.0,8.0,0.0,5.0,1.0,1.0,0.0,5.0,0.0,0.0,0.0,0.0,2.0,0.0,10.0,0.0,21.0,127.0,40.0,13.0
St. Lucie-1211193 Orange Blossom Bus Center,1.0,0.0,0.0,0.0,0.0,4.0,1.0,1.0,0.0,0.0,0.0,0.0,0.0,0.0,0.0,0.0,0.0,0.0,0.0,0.0,0.0,1.0,5.0,1.0,2.0
St. Lucie-1211194 Spanish Lakes Fairway,0.0,0.0,0.0,0.0,0.0,3.0,0.0,0.0,0.0,0.0,0.0,0.0,1.0,0.0,0.0,0.0,0.0,0.0,0.0,0.0,0.0,0.0,3.0,1.0,0.0
Sumter-12119101 101 SAVANNAH CTR 1,615.0,5.0,1.0,31.0,4.0,1465.0,174.0,9.0,74.0,8.0,4.0,0.0,114.0,1.0,0.0,0.0,0.0,56.0,0.0,205.0,0.0,473.0,2121.0,861.0,257.0
Sumter-12119102 102 HOPE LUTH CHURCH 2,1069.0,5.0,1.0,50.0,11.0,2793.0,353.0,15.0,168.0,27.0,14.0,1.0,238.0,1.0,0.0,0.0,0.0,153.0,1.0,410.0,5.0,1032.0,3929.0,1882.0,536.0
Sumter-12119103 103 SADDLEBROOK REC 3,469.0,3.0,1.0,22.0,6.0,1081.0,129.0,3.0,45.0,17.0,4.0,2.0,94.0,0.0,0.0,1.0,0.0,45.0,1.0,145.0,0.0,301.0,1582.0,610.0,177.0
Sumter-12119104 104 PIMLICO REC CTR 4,819.0,1.0,1.0,32.0,4.0,2083.0,279.0,9.0,78.0,19.0,3.0,4.0,144.0,1.0,0.0,0.0,0.0,119.0,1.0,348.0,0.0,821.0,2940.0,1460.0,366.0
Sumter-12119105 105 COCONUT COVE 5,1426.0,1.0,2.0,50.0,8.0,3132.0,540.0,9.0,168.0,20.0,12.0,0.0,207.0,0.0,0.0,0.0,1.0,157.0,0.0,539.0,1.0,1233.0,4619.0,2170.0,717.0
Sumter-12119106 106 CANAL ST REC CTR 6,1054.0,2.0,0.0,22.0,6.0,2299.0,315.0,9.0,122.0,16.0,11.0,0.0,192.0,0.0,0.0,0.0,0.0,143.0,0.0,382.0,0.0,919.0,3383.0,1663.0,446.0
Sumter-12119107 107 LAUREL MANOR RE 7,0.0,0.0,0.0,0.0,0.0,0.0,256.0,12.0,102.0,15.0,10.0,1.0,154.0,0.0,0.0,0.0,4.0,115.0,1.0,345.0,2.0,713.0,0.0,1360.0,370.0
Sumter-12119107 107 LAUREL MANOR REC 7,889.0,3.0,1.0,25.0,7.0,1920.0,0.0,0.0,0.0,0.0,0.0,0.0,0.0,0.0,0.0,0.0,0.0,0.0,0.0,0.0,0.0,0.0,2845.0,0.0,0.0
Sumter-12119108 108 ALLAMANDA VIL RE 8,965.0,1.0,1.0,37.0,4.0,2097.0,340.0,7.0,114.0,5.0,10.0,0.0,170.0,1.0,0.0,0.0,0.0,114.0,0.0,388.0,0.0,851.0,3105.0,1539.0,461.0
Sumter-12119109 109 TRUMAN REC CTR 9,828.0,4.0,2.0,23.0,5.0,1921.0,263.0,8.0,107.0,17.0,7.0,1.0,131.0,2.0,0.0,0.0,1.0,89.0,1.0,328.0,0.0,696.0,2783.0,1273.0,378.0
Sumter-12119110 110 STERING HEIGHTS 10,852.0,1.0,0.0,35.0,9.0,2042.0,284.0,5.0,114.0,11.0,3.0,3.0,170.0,0.0,0.0,0.0,0.0,103.0,0.0,397.0,0.0,754.0,2939.0,1441.0,403.0
Sumter-12119111 111 CAPTIVA VILLAGE 11,0.0,0.0,0.0,0.0,0.0,0.0,559.0,14.0,267.0,26.0,10.0,2.0,424.0,2.0,1.0,0.0,0.0,281.0,0.0,801.0,0.0,1802.0,0.0,3349.0,840.0
Sumter-12119111 111 CAPTIVA VILLAGE CTR 1,1931.0,4.0,0.0,85.0,6.0,4637.0,0.0,0.0,0.0,0.0,0.0,0.0,0.0,0.0,0.0,0.0,0.0,0.0,0.0,0.0,0.0,0.0,6663.0,0.0,0.0
Sumter-12119112 112 OXFORD COMM BLD 12,532.0,3.0,4.0,40.0,12.0,1567.0,124.0,16.0,85.0,10.0,8.0,0.0,140.0,0.0,0.0,0.0,2.0,25.0,0.0,148.0,1.0,390.0,2158.0,724.0,225.0
Sumter-12119113 113 ROYAL COMM BLDG 13,362.0,2.0,0.0,8.0,1.0,417.0,111.0,6.0,26.0,5.0,1.0,0.0,52.0,0.0,0.0,0.0,0.0,6.0,1.0,41.0,0.0,112.0,790.0,218.0,143.0
Sumter-12119114 114 LAKE PANASOFFKEE 14,532.0,5.0,6.0,38.0,13.0,1565.0,158.0,21.0,115.0,6.0,8.0,4.0,120.0,0.0,0.0,0.0,2.0,26.0,2.0,121.0,0.0,373.0,2159.0,662.0,294.0
Sumter-12119115 115 WILDWOOD COMM 15,953.0,7.0,1.0,35.0,9.0,894.0,236.0,7.0,109.0,10.0,5.0,2.0,85.0,0.0,0.0,0.0,0.0,22.0,0.0,81.0,0.0,194.0,1899.0,399.0,352.0
Sumter-12119116 116 CONT COUNTRY CLUB 16,350.0,1.0,2.0,17.0,4.0,668.0,124.0,5.0,64.0,7.0,1.0,1.0,56.0,1.0,0.0,0.0,0.0,20.0,1.0,74.0,0.0,205.0,1042.0,366.0,193.0
Sumter-12119117 117 COLEMAN COMM BLD 17,269.0,2.0,1.0,9.0,6.0,604.0,89.0,10.0,48.0,4.0,5.0,0.0,54.0,0.0,0.0,0.0,0.0,7.0,0.0,30.0,0.0,117.0,891.0,217.0,147.0
Sumter-12119118 118 1ST UNITED METH 18,468.0,4.0,2.0,43.0,8.0,1576.0,131.0,9.0,112.0,7.0,8.0,1.0,191.0,0.0,0.0,0.0,2.0,21.0,1.0,130.0,1.0,350.0,2101.0,712.0,252.0
Sumter-12119119 119 CENTER HILL COMM 19,174.0,2.0,1.0,11.0,4.0,540.0,48.0,3.0,31.0,1.0,2.0,1.0,64.0,0.0,0.0,0.0,0.0,8.0,1.0,38.0,0.0,113.0,732.0,228.0,82.0
Sumter-12119120 120 BUSHNELL COMM 20,547.0,7.0,1.0,41.0,13.0,1379.0,149.0,12.0,100.0,13.0,6.0,0.0,120.0,0.0,0.0,0.0,1.0,16.0,1.0,84.0,1.0,310.0,1988.0,552.0,261.0
Sumter-12119121 121 INDIAN HILL BAPT 21,277.0,1.0,0.0,20.0,11.0,950.0,105.0,16.0,74.0,2.0,5.0,1.0,131.0,0.0,0.0,0.0,0.0,10.0,0.0,83.0,0.0,248.0,1259.0,480.0,195.0
Sumter-12119122 122 CROOM-A-COOCHEE 22,198.0,3.0,1.0,13.0,6.0,794.0,51.0,8.0,40.0,3.0,4.0,0.0,75.0,0.0,0.0,0.0,0.0,9.0,0.0,60.0,0.0,147.0,1015.0,298.0,99.0
Sumter-12119123 123 WEBSTER COMM 23,417.0,1.0,1.0,21.0,4.0,720.0,109.0,9.0,51.0,5.0,0.0,0.0,100.0,1.0,0.0,0.0,0.0,10.0,0.0,75.0,0.0,159.0,1164.0,350.0,169.0
Sumter-12119124 124 LINDEN COMM BLD 24,110.0,0.0,1.0,10.0,1.0,439.0,46.0,5.0,31.0,5.0,3.0,0.0,71.0,0.0,0.0,0.0,0.0,9.0,0.0,28.0,1.0,65.0,561.0,182.0,82.0
Sumter-12119125 125 EL SANTIAGO REC 25,910.0,3.0,0.0,36.0,5.0,2079.0,292.0,9.0,118.0,33.0,12.0,3.0,144.0,0.0,0.0,0.0,0.0,139.0,0.0,351.0,0.0,780.0,3033.0,1462.0,419.0
Sumter-12119126 126 SAVANNAH CTR 26,1104.0,3.0,1.0,48.0,6.0,2877.0,369.0,7.0,155.0,25.0,6.0,1.0,188.0,1.0,0.0,1.0,0.0,174.0,0.0,504.0,1.0,1053.0,4039.0,1954.0,531.0
Sumter-12119127 127 COLONY COTTAGE 27,1106.0,4.0,2.0,35.0,3.0,2281.0,379.0,8.0,115.0,7.0,10.0,0.0,177.0,0.0,0.0,1.0,2.0,112.0,0.0,410.0,0.0,819.0,3431.0,1538.0,502.0
Sumter-12119128 128 SEABREEZE REC 28,1205.0,1.0,3.0,49.0,8.0,2574.0,393.0,9.0,153.0,11.0,9.0,0.0,219.0,1.0,0.0,0.0,2.0,133.0,0.0,410.0,0.0,945.0,3840.0,1730.0,555.0
Sumter-12119129 129 EISENHOWER REC 29,1232.0,3.0,2.0,48.0,7.0,3087.0,395.0,8.0,154.0,13.0,6.0,0.0,256.0,2.0,0.0,0.0,0.0,152.0,0.0,503.0,2.0,1193.0,4379.0,2127.0,557.0
Sumter-12119130 130 ROHAN REC CTR 30,975.0,2.0,1.0,37.0,10.0,2249.0,223.0,4.0,82.0,1.0,8.0,1.0,137.0,0.0,0.0,0.0,0.0,101.0,0.0,258.0,0.0,601.0,3274.0,1107.0,309.0
Suwannee-1212101,0.0,0.0,0.0,0.0,0.0,0.0,345.0,23.0,118.0,5.0,2.0,0.0,56.0,0.0,0.0,0.0,0.0,8.0,0.0,27.0,0.0,98.0,0.0,196.0,486.0
Suwannee-1212102,0.0,0.0,0.0,0.0,0.0,0.0,140.0,35.0,115.0,6.0,8.0,0.0,108.0,0.0,0.0,0.0,1.0,15.0,0.0,60.0,0.0,205.0,0.0,403.0,290.0
Suwannee-1212103,0.0,0.0,0.0,0.0,0.0,0.0,107.0,36.0,126.0,3.0,6.0,1.0,76.0,0.0,0.0,0.0,0.0,14.0,1.0,64.0,0.0,152.0,0.0,317.0,269.0
Suwannee-1212104,0.0,0.0,0.0,0.0,0.0,0.0,136.0,55.0,159.0,2.0,7.0,0.0,178.0,0.0,0.0,0.0,0.0,20.0,2.0,76.0,0.0,226.0,0.0,511.0,350.0
Suwannee-1212105,0.0,0.0,0.0,0.0,0.0,0.0,75.0,35.0,122.0,2.0,3.0,1.0,96.0,0.0,0.0,0.0,0.0,5.0,0.0,48.0,0.0,132.0,0.0,287.0,232.0
Suwannee-1212106,0.0,0.0,0.0,0.0,0.0,0.0,50.0,37.0,87.0,6.0,1.0,0.0,84.0,0.0,0.0,0.0,0.0,14.0,0.0,59.0,0.0,145.0,0.0,309.0,174.0
Suwannee-1212107,0.0,0.0,0.0,0.0,0.0,0.0,43.0,18.0,61.0,3.0,0.0,0.0,46.0,0.0,0.0,0.0,0.0,17.0,0.0,28.0,0.0,117.0,0.0,211.0,122.0
Suwannee-1212108,0.0,0.0,0.0,0.0,0.0,0.0,52.0,22.0,75.0,0.0,2.0,0.0,69.0,0.0,0.0,0.0,0.0,5.0,1.0,46.0,0.0,154.0,0.0,277.0,149.0
Suwannee-1212109,0.0,0.0,0.0,0.0,0.0,0.0,82.0,31.0,98.0,18.0,15.0,1.0,148.0,0.0,0.0,0.0,3.0,22.0,3.0,95.0,0.0,173.0,0.0,478.0,211.0
Suwannee-121211,845.0,4.0,2.0,16.0,3.0,560.0,0.0,0.0,0.0,0.0,0.0,0.0,0.0,0.0,0.0,0.0,0.0,0.0,0.0,0.0,0.0,0.0,1430.0,0.0,0.0
Suwannee-1212110,202.0,1.0,1.0,26.0,6.0,998.0,80.0,15.0,76.0,2.0,11.0,0.0,131.0,1.0,0.0,1.0,1.0,7.0,3.0,58.0,0.0,205.0,1234.0,420.0,171.0
Suwannee-1212111,207.0,4.0,2.0,18.0,11.0,991.0,62.0,14.0,80.0,6.0,4.0,1.0,126.0,1.0,0.0,0.0,0.0,9.0,0.0,55.0,0.0,236.0,1233.0,438.0,156.0
Suwannee-1212112,249.0,8.0,2.0,29.0,6.0,1182.0,92.0,49.0,105.0,4.0,5.0,0.0,144.0,1.0,0.0,0.0,0.0,24.0,0.0,54.0,0.0,250.0,1476.0,482.0,246.0
Suwannee-1212113,207.0,1.0,1.0,30.0,7.0,1298.0,69.0,34.0,116.0,5.0,4.0,1.0,136.0,0.0,0.0,0.0,0.0,14.0,0.0,67.0,0.0,275.0,1544.0,502.0,219.0
Suwannee-1212114,118.0,3.0,0.0,15.0,1.0,659.0,26.0,22.0,54.0,3.0,3.0,0.0,80.0,0.0,0.0,0.0,0.0,7.0,1.0,46.0,0.0,141.0,796.0,281.0,102.0
Suwannee-1212115,135.0,0.0,0.0,17.0,4.0,742.0,60.0,25.0,96.0,1.0,3.0,1.0,70.0,0.0,0.0,0.0,1.0,7.0,0.0,32.0,0.0,150.0,898.0,265.0,181.0
Suwannee-1212116,187.0,2.0,0.0,20.0,7.0,895.0,56.0,24.0,63.0,6.0,4.0,1.0,100.0,0.0,1.0,0.0,2.0,10.0,0.0,44.0,0.0,191.0,1111.0,359.0,143.0
Suwannee-121212,356.0,5.0,0.0,16.0,4.0,1063.0,0.0,0.0,0.0,0.0,0.0,0.0,0.0,0.0,0.0,0.0,0.0,0.0,0.0,0.0,0.0,0.0,1444.0,0.0,0.0
Suwannee-121213,295.0,3.0,1.0,27.0,6.0,887.0,0.0,0.0,0.0,0.0,0.0,0.0,0.0,0.0,0.0,0.0,0.0,0.0,0.0,0.0,0.0,0.0,1219.0,0.0,0.0
Suwannee-121214,329.0,3.0,0.0,27.0,3.0,1281.0,0.0,0.0,0.0,0.0,0.0,0.0,0.0,0.0,0.0,0.0,0.0,0.0,0.0,0.0,0.0,0.0,1643.0,0.0,0.0
Suwannee-121215,210.0,2.0,0.0,17.0,2.0,802.0,0.0,0.0,0.0,0.0,0.0,0.0,0.0,0.0,0.0,0.0,0.0,0.0,0.0,0.0,0.0,0.0,1033.0,0.0,0.0
Suwannee-121216,145.0,3.0,1.0,11.0,6.0,790.0,0.0,0.0,0.0,0.0,0.0,0.0,0.0,0.0,0.0,0.0,0.0,0.0,0.0,0.0,0.0,0.0,956.0,0.0,0.0
Suwannee-121217,112.0,0.0,0.0,17.0,3.0,533.0,0.0,0.0,0.0,0.0,0.0,0.0,0.0,0.0,0.0,0.0,0.0,0.0,0.0,0.0,0.0,0.0,665.0,0.0,0.0
Suwannee-121218,141.0,1.0,0.0,11.0,6.0,714.0,0.0,0.0,0.0,0.0,0.0,0.0,0.0,0.0,0.0,0.0,0.0,0.0,0.0,0.0,0.0,0.0,873.0,0.0,0.0
Suwannee-121219,226.0,2.0,0.0,12.0,6.0,892.0,0.0,0.0,0.0,0.0,0.0,0.0,0.0,0.0,0.0,0.0,0.0,0.0,0.0,0.0,0.0,0.0,1138.0,0.0,0.0
Taylor-,2152.0,20.0,4.0,151.0,33.0,6930.0,987.0,251.0,908.0,18.0,42.0,0.0,553.0,0.0,0.0,4.0,7.0,61.0,5.0,358.0,1.0,1204.0,9290.0,2253.0,2146.0
Union-121251A & 1B 1A & 1B,172.0,1.0,1.0,14.0,3.0,719.0,56.0,18.0,105.0,4.0,2.0,0.0,66.0,0.0,0.0,0.0,2.0,6.0,1.0,55.0,1.0,103.0,910.0,240.0,179.0
Union-121252A & 2B 2A & 2B,145.0,1.0,1.0,12.0,2.0,711.0,45.0,20.0,93.0,1.0,0.0,0.0,25.0,0.0,0.0,0.0,1.0,1.0,1.0,27.0,0.0,82.0,872.0,138.0,158.0
Union-121253A & 3B 3A & 3B,191.0,2.0,0.0,30.0,2.0,1037.0,73.0,24.0,89.0,3.0,2.0,0.0,88.0,0.0,0.0,0.0,1.0,6.0,0.0,48.0,0.0,186.0,1262.0,334.0,186.0
Union-121253C 3C,25.0,0.0,0.0,5.0,0.0,243.0,14.0,8.0,19.0,0.0,0.0,0.0,14.0,0.0,0.0,0.0,0.0,2.0,0.0,6.0,0.0,31.0,273.0,53.0,41.0
Union-121254A & 4C 4A & 4C,130.0,0.0,0.0,5.0,1.0,420.0,34.0,14.0,29.0,0.0,1.0,0.0,30.0,0.0,0.0,0.0,0.0,6.0,0.0,25.0,0.0,69.0,556.0,131.0,77.0
Union-121254B 4B,216.0,3.0,1.0,16.0,4.0,897.0,64.0,12.0,76.0,0.0,2.0,0.0,112.0,0.0,0.0,0.0,0.0,5.0,0.0,53.0,0.0,160.0,1137.0,332.0,152.0
Union-121255A & 5C 5A & 5C,113.0,0.0,0.0,6.0,0.0,284.0,40.0,5.0,41.0,1.0,1.0,0.0,16.0,0.0,0.0,0.0,0.0,2.0,0.0,10.0,0.0,49.0,403.0,79.0,86.0
Union-121255B 5B,22.0,0.0,0.0,2.0,0.0,257.0,10.0,6.0,20.0,0.0,0.0,0.0,19.0,0.0,0.0,0.0,1.0,1.0,0.0,8.0,0.0,39.0,281.0,68.0,36.0
Volusia-12127101,196.0,0.0,0.0,11.0,1.0,532.0,62.0,10.0,41.0,6.0,2.0,0.0,45.0,0.0,0.0,0.0,0.0,3.0,1.0,41.0,0.0,127.0,740.0,225.0,113.0
Volusia-12127105,189.0,0.0,0.0,8.0,1.0,360.0,45.0,8.0,38.0,2.0,3.0,0.0,28.0,0.0,0.0,0.0,0.0,3.0,0.0,27.0,0.0,86.0,558.0,149.0,91.0
Volusia-12127107,244.0,2.0,2.0,13.0,3.0,835.0,46.0,9.0,48.0,5.0,6.0,0.0,55.0,0.0,0.0,0.0,0.0,14.0,1.0,46.0,1.0,233.0,1099.0,361.0,103.0
Volusia-12127201,1189.0,12.0,1.0,92.0,33.0,2320.0,302.0,26.0,229.0,21.0,14.0,2.0,215.0,0.0,0.0,0.0,6.0,70.0,0.0,266.0,0.0,576.0,3647.0,1170.0,557.0
Volusia-12127202,1002.0,3.0,5.0,51.0,10.0,1618.0,266.0,17.0,175.0,19.0,7.0,0.0,122.0,1.0,0.0,0.0,2.0,41.0,0.0,125.0,0.0,404.0,2689.0,721.0,458.0
Volusia-12127203,112.0,0.0,0.0,11.0,4.0,307.0,33.0,3.0,13.0,1.0,1.0,0.0,30.0,0.0,0.0,0.0,1.0,4.0,1.0,23.0,0.0,63.0,434.0,124.0,49.0
Volusia-12127204,182.0,2.0,2.0,10.0,4.0,397.0,31.0,2.0,35.0,3.0,1.0,0.0,21.0,0.0,0.0,0.0,0.0,7.0,0.0,24.0,1.0,76.0,597.0,133.0,68.0
Volusia-12127205,431.0,2.0,0.0,51.0,8.0,791.0,108.0,4.0,83.0,9.0,2.0,0.0,60.0,0.0,0.0,0.0,0.0,9.0,1.0,68.0,0.0,168.0,1283.0,317.0,195.0
Volusia-12127206,748.0,7.0,2.0,44.0,15.0,1173.0,201.0,11.0,148.0,10.0,8.0,1.0,134.0,0.0,0.0,0.0,0.0,31.0,0.0,122.0,0.0,272.0,1989.0,578.0,360.0
Volusia-12127207,621.0,2.0,4.0,48.0,19.0,1253.0,183.0,7.0,136.0,10.0,8.0,0.0,119.0,0.0,0.0,0.0,1.0,39.0,0.0,129.0,1.0,338.0,1947.0,645.0,326.0
Volusia-12127208,1185.0,11.0,2.0,98.0,42.0,2075.0,261.0,21.0,253.0,27.0,9.0,1.0,190.0,0.0,0.0,0.0,2.0,51.0,2.0,206.0,0.0,512.0,3413.0,1000.0,535.0
Volusia-12127212,1181.0,6.0,5.0,74.0,20.0,1255.0,264.0,7.0,249.0,27.0,4.0,2.0,107.0,3.0,1.0,0.0,1.0,55.0,2.0,167.0,0.0,273.0,2541.0,642.0,520.0
Volusia-12127215,1277.0,6.0,1.0,90.0,16.0,1858.0,342.0,11.0,169.0,31.0,8.0,1.0,185.0,0.0,0.0,0.0,3.0,112.0,2.0,308.0,1.0,477.0,3248.0,1128.0,522.0
Volusia-12127216,1857.0,7.0,7.0,74.0,22.0,1649.0,0.0,0.0,0.0,0.0,0.0,0.0,0.0,0.0,0.0,0.0,0.0,0.0,0.0,0.0,0.0,0.0,3616.0,0.0,0.0
Volusia-12127217,1398.0,2.0,4.0,53.0,23.0,578.0,374.0,10.0,209.0,20.0,8.0,3.0,128.0,0.0,0.0,0.0,4.0,44.0,4.0,170.0,0.0,335.0,2058.0,716.0,593.0
Volusia-12127218,1514.0,8.0,0.0,90.0,24.0,1431.0,360.0,12.0,162.0,19.0,13.0,2.0,61.0,0.0,0.0,0.0,1.0,33.0,0.0,72.0,1.0,91.0,3067.0,293.0,534.0
Volusia-12127219,0.0,0.0,0.0,0.0,0.0,0.0,316.0,13.0,272.0,22.0,10.0,2.0,147.0,0.0,0.0,0.0,0.0,46.0,1.0,168.0,2.0,304.0,0.0,702.0,601.0
Volusia-12127220,324.0,1.0,0.0,2.0,1.0,20.0,110.0,0.0,6.0,1.0,0.0,0.0,0.0,0.0,0.0,0.0,0.0,0.0,0.0,1.0,0.0,1.0,348.0,3.0,116.0
Volusia-12127222,630.0,2.0,2.0,57.0,15.0,1240.0,215.0,14.0,140.0,9.0,8.0,0.0,78.0,0.0,0.0,1.0,3.0,23.0,0.0,80.0,0.0,290.0,1946.0,492.0,369.0
Volusia-12127223,133.0,0.0,1.0,9.0,9.0,187.0,23.0,4.0,40.0,1.0,0.0,0.0,10.0,0.0,0.0,0.0,0.0,8.0,1.0,17.0,0.0,34.0,339.0,71.0,67.0
Volusia-12127224,934.0,7.0,2.0,58.0,23.0,1556.0,257.0,7.0,160.0,11.0,16.0,0.0,164.0,0.0,0.0,1.0,1.0,40.0,1.0,207.0,0.0,439.0,2580.0,880.0,424.0
Volusia-12127301,917.0,7.0,3.0,83.0,27.0,1761.0,185.0,8.0,166.0,13.0,6.0,0.0,114.0,0.0,1.0,1.0,0.0,10.0,1.0,107.0,2.0,319.0,2798.0,574.0,359.0
Volusia-12127303,922.0,5.0,2.0,49.0,19.0,1309.0,214.0,9.0,125.0,37.0,5.0,0.0,103.0,1.0,0.0,0.0,2.0,63.0,3.0,148.0,1.0,294.0,2306.0,657.0,348.0
Volusia-12127304,1060.0,3.0,4.0,43.0,19.0,1703.0,0.0,0.0,0.0,0.0,0.0,0.0,0.0,0.0,0.0,0.0,0.0,0.0,0.0,0.0,0.0,0.0,2832.0,0.0,0.0
Volusia-12127305,1025.0,8.0,2.0,104.0,15.0,1949.0,241.0,12.0,127.0,12.0,5.0,0.0,148.0,1.0,0.0,0.0,0.0,38.0,2.0,193.0,1.0,410.0,3103.0,810.0,380.0
Volusia-12127306,1149.0,3.0,2.0,66.0,19.0,2243.0,232.0,19.0,162.0,20.0,7.0,3.0,164.0,1.0,0.0,0.0,1.0,35.0,2.0,212.0,1.0,458.0,3482.0,904.0,413.0
Volusia-12127307,704.0,11.0,3.0,59.0,21.0,1362.0,290.0,15.0,123.0,19.0,9.0,1.0,195.0,0.0,0.0,0.0,0.0,80.0,1.0,261.0,0.0,654.0,2160.0,1220.0,428.0
Volusia-12127308,772.0,4.0,4.0,50.0,20.0,1235.0,156.0,13.0,125.0,16.0,3.0,0.0,104.0,0.0,0.0,1.0,0.0,24.0,0.0,103.0,0.0,285.0,2085.0,536.0,294.0
Volusia-12127309,1347.0,10.0,3.0,58.0,15.0,1424.0,175.0,14.0,145.0,9.0,4.0,2.0,88.0,0.0,0.0,1.0,1.0,18.0,0.0,83.0,0.0,262.0,2857.0,468.0,334.0
Volusia-12127310,0.0,0.0,0.0,0.0,0.0,0.0,248.0,12.0,167.0,18.0,9.0,1.0,105.0,1.0,0.0,0.0,3.0,32.0,3.0,126.0,1.0,284.0,0.0,583.0,427.0
Volusia-12127401,1752.0,11.0,3.0,62.0,22.0,1663.0,342.0,12.0,211.0,28.0,8.0,0.0,140.0,0.0,0.0,0.0,1.0,38.0,2.0,148.0,1.0,369.0,3513.0,735.0,565.0
Volusia-12127403,1256.0,5.0,5.0,55.0,19.0,1094.0,221.0,8.0,126.0,7.0,5.0,2.0,75.0,0.0,0.0,1.0,0.0,14.0,1.0,80.0,0.0,181.0,2434.0,366.0,355.0
Volusia-12127404,220.0,2.0,0.0,29.0,7.0,865.0,56.0,5.0,68.0,7.0,5.0,1.0,89.0,0.0,0.0,0.0,0.0,11.0,1.0,72.0,0.0,211.0,1123.0,397.0,129.0
Volusia-12127405,918.0,7.0,3.0,45.0,15.0,793.0,180.0,7.0,84.0,8.0,6.0,1.0,60.0,0.0,0.0,0.0,0.0,6.0,1.0,53.0,0.0,141.0,1781.0,276.0,271.0
Volusia-12127406,1825.0,3.0,1.0,92.0,34.0,1802.0,404.0,18.0,219.0,19.0,6.0,0.0,162.0,0.0,1.0,0.0,1.0,35.0,1.0,185.0,1.0,375.0,3757.0,786.0,641.0
Volusia-12127407,1242.0,15.0,9.0,68.0,19.0,1032.0,98.0,9.0,47.0,14.0,3.0,0.0,77.0,3.0,0.0,0.0,0.0,19.0,1.0,108.0,0.0,208.0,2385.0,433.0,154.0
Volusia-12127410,1243.0,2.0,4.0,68.0,25.0,1065.0,244.0,5.0,132.0,6.0,6.0,1.0,73.0,1.0,0.0,0.0,1.0,13.0,1.0,78.0,0.0,190.0,2407.0,370.0,381.0
Volusia-12127411,1001.0,2.0,4.0,55.0,19.0,1158.0,184.0,6.0,114.0,9.0,7.0,1.0,73.0,0.0,0.0,0.0,1.0,14.0,1.0,83.0,0.0,215.0,2239.0,404.0,304.0
Volusia-12127412,340.0,0.0,2.0,28.0,7.0,948.0,63.0,3.0,36.0,4.0,0.0,0.0,51.0,0.0,0.0,0.0,2.0,9.0,1.0,38.0,0.0,156.0,1325.0,261.0,102.0
Volusia-12127413,900.0,5.0,1.0,44.0,22.0,937.0,201.0,5.0,108.0,8.0,7.0,2.0,72.0,0.0,0.0,0.0,0.0,16.0,1.0,71.0,0.0,181.0,1909.0,358.0,314.0
Volusia-12127414,986.0,8.0,3.0,58.0,15.0,1026.0,224.0,4.0,105.0,4.0,5.0,1.0,82.0,0.0,0.0,0.0,0.0,22.0,0.0,79.0,0.0,218.0,2096.0,411.0,333.0
Volusia-12127415,1221.0,8.0,1.0,57.0,12.0,1054.0,217.0,13.0,125.0,6.0,1.0,2.0,71.0,0.0,0.0,0.0,1.0,20.0,1.0,81.0,0.0,206.0,2353.0,389.0,355.0
Volusia-12127416,1794.0,8.0,2.0,58.0,25.0,1375.0,353.0,10.0,164.0,12.0,4.0,0.0,84.0,0.0,0.0,0.0,2.0,28.0,1.0,120.0,0.0,243.0,3262.0,494.0,527.0
Volusia-12127417,642.0,1.0,1.0,33.0,16.0,514.0,261.0,11.0,128.0,6.0,2.0,1.0,17.0,0.0,0.0,0.0,0.0,3.0,0.0,14.0,0.0,51.0,1207.0,94.0,400.0
Volusia-12127419,586.0,2.0,1.0,26.0,4.0,482.0,105.0,6.0,58.0,4.0,2.0,0.0,25.0,0.0,0.0,1.0,1.0,8.0,0.0,44.0,0.0,76.0,1101.0,161.0,169.0
Volusia-12127420,1146.0,5.0,1.0,61.0,10.0,1333.0,222.0,13.0,130.0,10.0,4.0,0.0,119.0,0.0,0.0,0.0,2.0,29.0,2.0,96.0,0.0,266.0,2556.0,528.0,365.0
Volusia-12127421,617.0,3.0,0.0,51.0,7.0,1243.0,194.0,14.0,103.0,7.0,6.0,1.0,115.0,0.0,1.0,0.0,0.0,36.0,1.0,98.0,0.0,417.0,1921.0,682.0,311.0
Volusia-12127422,1021.0,6.0,5.0,44.0,15.0,853.0,216.0,2.0,100.0,3.0,4.0,0.0,64.0,0.0,0.0,0.0,0.0,9.0,1.0,87.0,0.0,159.0,1944.0,327.0,318.0
Volusia-12127423,860.0,3.0,4.0,41.0,15.0,803.0,165.0,3.0,83.0,6.0,2.0,0.0,64.0,1.0,0.0,0.0,0.0,19.0,2.0,79.0,1.0,162.0,1726.0,336.0,251.0
Volusia-12127427,1019.0,5.0,1.0,38.0,21.0,915.0,197.0,6.0,118.0,2.0,4.0,0.0,81.0,0.0,0.0,0.0,1.0,11.0,3.0,61.0,1.0,181.0,1999.0,345.0,321.0
Volusia-12127429,625.0,0.0,2.0,31.0,11.0,470.0,155.0,5.0,81.0,6.0,1.0,0.0,39.0,0.0,0.0,0.0,0.0,4.0,0.0,61.0,0.0,124.0,1139.0,235.0,241.0
Volusia-12127501,691.0,2.0,0.0,29.0,11.0,1419.0,174.0,6.0,117.0,6.0,8.0,0.0,85.0,0.0,0.0,0.0,0.0,50.0,2.0,159.0,0.0,420.0,2152.0,730.0,297.0
Volusia-12127502,1441.0,5.0,3.0,67.0,40.0,2195.0,406.0,13.0,272.0,24.0,5.0,1.0,133.0,0.0,0.0,0.0,1.0,81.0,0.0,187.0,2.0,669.0,3751.0,1103.0,691.0
Volusia-12127503,302.0,0.0,0.0,24.0,4.0,607.0,83.0,2.0,53.0,10.0,1.0,1.0,43.0,0.0,0.0,0.0,1.0,27.0,1.0,68.0,0.0,181.0,937.0,333.0,138.0
Volusia-12127504,717.0,6.0,3.0,38.0,19.0,980.0,190.0,7.0,125.0,12.0,6.0,0.0,49.0,0.0,0.0,2.0,0.0,20.0,2.0,84.0,1.0,277.0,1763.0,453.0,322.0
Volusia-12127506,872.0,1.0,1.0,62.0,19.0,1269.0,226.0,15.0,167.0,19.0,4.0,0.0,84.0,4.0,0.0,0.0,2.0,57.0,1.0,149.0,0.0,329.0,2224.0,649.0,408.0
Volusia-12127508,592.0,3.0,1.0,40.0,12.0,1071.0,149.0,3.0,87.0,10.0,4.0,0.0,90.0,0.0,0.0,0.0,1.0,35.0,1.0,108.0,0.0,231.0,1719.0,480.0,239.0
Volusia-12127509,245.0,4.0,2.0,21.0,3.0,580.0,77.0,4.0,43.0,10.0,3.0,1.0,56.0,1.0,0.0,0.0,0.0,14.0,1.0,48.0,0.0,140.0,855.0,274.0,124.0
Volusia-12127510,1160.0,3.0,3.0,69.0,19.0,2170.0,308.0,12.0,188.0,26.0,8.0,1.0,205.0,0.0,0.0,0.0,2.0,87.0,1.0,313.0,1.0,580.0,3424.0,1224.0,508.0
Volusia-12127511,167.0,1.0,0.0,21.0,7.0,532.0,43.0,1.0,31.0,2.0,3.0,0.0,47.0,0.0,0.0,0.0,1.0,12.0,0.0,28.0,0.0,130.0,728.0,223.0,75.0
Volusia-12127512,1348.0,2.0,1.0,77.0,22.0,1884.0,348.0,16.0,254.0,20.0,8.0,4.0,127.0,0.0,0.0,0.0,2.0,116.0,0.0,248.0,0.0,465.0,3334.0,990.0,618.0
Volusia-12127515,976.0,3.0,1.0,68.0,18.0,1102.0,229.0,9.0,208.0,10.0,3.0,4.0,60.0,2.0,0.0,0.0,0.0,22.0,0.0,90.0,1.0,247.0,2168.0,439.0,446.0
Volusia-12127516,734.0,2.0,1.0,64.0,9.0,1186.0,245.0,13.0,139.0,21.0,7.0,2.0,96.0,2.0,0.0,0.0,1.0,79.0,2.0,153.0,0.0,364.0,1996.0,727.0,397.0
Volusia-12127517,676.0,2.0,1.0,50.0,19.0,1000.0,164.0,4.0,130.0,19.0,2.0,0.0,40.0,0.0,0.0,0.0,0.0,39.0,2.0,100.0,0.0,244.0,1748.0,446.0,298.0
Volusia-12127519,514.0,2.0,0.0,23.0,21.0,535.0,150.0,10.0,83.0,10.0,6.0,0.0,51.0,0.0,1.0,0.0,0.0,11.0,1.0,45.0,0.0,127.0,1095.0,252.0,243.0
Volusia-12127521,1171.0,6.0,1.0,47.0,20.0,1855.0,325.0,15.0,201.0,39.0,10.0,5.0,125.0,1.0,0.0,0.0,2.0,65.0,2.0,192.0,0.0,517.0,3100.0,958.0,541.0
Volusia-12127522,1092.0,10.0,3.0,75.0,28.0,1640.0,292.0,12.0,210.0,16.0,9.0,1.0,126.0,2.0,1.0,1.0,0.0,37.0,1.0,128.0,0.0,361.0,2848.0,683.0,514.0
Volusia-12127523,667.0,3.0,3.0,54.0,12.0,962.0,189.0,13.0,100.0,9.0,4.0,0.0,37.0,0.0,0.0,2.0,0.0,4.0,1.0,49.0,1.0,179.0,1701.0,286.0,302.0
Volusia-12127526,575.0,7.0,2.0,33.0,16.0,603.0,137.0,9.0,67.0,5.0,1.0,0.0,36.0,0.0,0.0,0.0,0.0,11.0,1.0,57.0,0.0,111.0,1236.0,222.0,213.0
Volusia-12127527,557.0,1.0,2.0,27.0,7.0,655.0,168.0,9.0,84.0,13.0,1.0,0.0,23.0,0.0,0.0,0.0,0.0,19.0,0.0,41.0,0.0,126.0,1249.0,223.0,261.0
Volusia-12127528,569.0,0.0,0.0,38.0,13.0,573.0,129.0,11.0,98.0,7.0,3.0,1.0,14.0,0.0,0.0,0.0,0.0,9.0,2.0,22.0,1.0,128.0,1193.0,187.0,238.0
Volusia-12127529,522.0,1.0,3.0,30.0,10.0,647.0,133.0,7.0,75.0,7.0,4.0,0.0,28.0,0.0,0.0,0.0,0.0,18.0,0.0,42.0,0.0,112.0,1213.0,211.0,215.0
Volusia-12127530,694.0,2.0,1.0,46.0,13.0,710.0,171.0,6.0,121.0,2.0,2.0,1.0,41.0,0.0,0.0,0.0,0.0,11.0,1.0,42.0,1.0,122.0,1466.0,223.0,298.0
Volusia-12127532,650.0,2.0,1.0,33.0,10.0,1406.0,219.0,9.0,87.0,10.0,3.0,2.0,121.0,0.0,0.0,1.0,0.0,61.0,0.0,201.0,0.0,458.0,2102.0,857.0,315.0
Volusia-12127602,1411.0,5.0,4.0,95.0,9.0,1749.0,317.0,13.0,158.0,27.0,7.0,0.0,116.0,0.0,0.0,0.0,2.0,41.0,1.0,165.0,0.0,388.0,3273.0,747.0,488.0
Volusia-12127603,1735.0,5.0,0.0,33.0,9.0,502.0,521.0,4.0,127.0,3.0,5.0,0.0,17.0,1.0,0.0,1.0,0.0,5.0,0.0,30.0,0.0,104.0,2284.0,166.0,652.0
Volusia-12127607,1302.0,5.0,2.0,73.0,25.0,1667.0,324.0,21.0,244.0,21.0,4.0,0.0,96.0,0.0,0.0,0.0,1.0,48.0,0.0,143.0,0.0,434.0,3074.0,747.0,589.0
Volusia-12127614,1898.0,2.0,3.0,44.0,21.0,476.0,431.0,6.0,142.0,6.0,3.0,0.0,31.0,0.0,0.0,1.0,0.0,14.0,0.0,34.0,0.0,58.0,2444.0,147.0,579.0
Volusia-12127619,1082.0,4.0,1.0,19.0,15.0,212.0,302.0,7.0,75.0,1.0,4.0,0.0,2.0,0.0,0.0,1.0,0.0,4.0,0.0,10.0,0.0,41.0,1333.0,63.0,384.0
Volusia-12127620,1390.0,3.0,2.0,8.0,6.0,27.0,86.0,0.0,149.0,0.0,0.0,0.0,0.0,0.0,0.0,0.0,0.0,0.0,0.0,3.0,0.0,2.0,1436.0,5.0,235.0
Volusia-12127621,1001.0,2.0,0.0,9.0,13.0,132.0,279.0,2.0,106.0,2.0,3.0,0.0,10.0,0.0,0.0,0.0,1.0,1.0,0.0,4.0,0.0,20.0,1157.0,41.0,387.0
Volusia-12127622,241.0,3.0,0.0,7.0,7.0,216.0,72.0,2.0,31.0,3.0,1.0,0.0,6.0,0.0,0.0,0.0,0.0,4.0,0.0,10.0,0.0,44.0,474.0,68.0,105.0
Volusia-12127623,720.0,1.0,2.0,40.0,21.0,795.0,172.0,4.0,137.0,7.0,1.0,1.0,21.0,0.0,0.0,0.0,0.0,22.0,2.0,50.0,1.0,215.0,1579.0,320.0,313.0
Volusia-12127625,451.0,1.0,1.0,28.0,9.0,761.0,120.0,3.0,94.0,6.0,8.0,0.0,43.0,1.0,0.0,0.0,0.0,31.0,0.0,75.0,1.0,206.0,1251.0,371.0,217.0
Volusia-12127626,519.0,1.0,2.0,22.0,9.0,447.0,144.0,4.0,57.0,10.0,4.0,0.0,8.0,0.0,0.0,0.0,2.0,11.0,0.0,31.0,0.0,114.0,1000.0,180.0,205.0
Volusia-12127628,1887.0,5.0,2.0,40.0,17.0,404.0,479.0,6.0,138.0,1.0,7.0,0.0,21.0,0.0,0.0,0.0,1.0,4.0,0.0,34.0,0.0,65.0,2355.0,133.0,623.0
Volusia-12127633,1528.0,3.0,4.0,64.0,20.0,1009.0,396.0,7.0,201.0,6.0,3.0,0.0,47.0,1.0,0.0,1.0,1.0,22.0,0.0,64.0,0.0,201.0,2628.0,346.0,604.0
Volusia-12127638,663.0,2.0,2.0,34.0,13.0,967.0,191.0,10.0,99.0,12.0,2.0,3.0,46.0,0.0,0.0,0.0,0.0,24.0,1.0,75.0,0.0,274.0,1681.0,437.0,300.0
Volusia-12127641,1440.0,3.0,2.0,79.0,29.0,1819.0,372.0,11.0,171.0,29.0,6.0,1.0,126.0,0.0,0.0,0.0,1.0,65.0,2.0,203.0,0.0,530.0,3372.0,963.0,554.0
Volusia-12127701,1269.0,8.0,1.0,80.0,26.0,1788.0,356.0,24.0,238.0,21.0,11.0,1.0,103.0,1.0,0.0,0.0,0.0,37.0,1.0,136.0,1.0,409.0,3172.0,721.0,618.0
Volusia-12127703,1213.0,1.0,1.0,79.0,21.0,1442.0,290.0,19.0,196.0,14.0,1.0,0.0,102.0,0.0,0.0,0.0,1.0,34.0,1.0,121.0,0.0,343.0,2757.0,617.0,505.0
Volusia-12127705,368.0,0.0,0.0,31.0,15.0,708.0,100.0,5.0,84.0,7.0,7.0,0.0,51.0,0.0,0.0,0.0,1.0,24.0,1.0,60.0,0.0,195.0,1122.0,346.0,189.0
Volusia-12127706,1086.0,4.0,0.0,54.0,22.0,2175.0,297.0,11.0,172.0,30.0,8.0,1.0,110.0,1.0,0.0,1.0,1.0,96.0,2.0,249.0,0.0,665.0,3341.0,1164.0,480.0
Volusia-12127709,893.0,4.0,2.0,55.0,26.0,1460.0,204.0,9.0,145.0,17.0,3.0,0.0,57.0,0.0,0.0,0.0,0.0,10.0,1.0,79.0,0.0,306.0,2440.0,473.0,358.0
Volusia-12127711,1175.0,3.0,1.0,73.0,21.0,1773.0,270.0,25.0,170.0,19.0,5.0,0.0,94.0,1.0,0.0,0.0,1.0,42.0,3.0,109.0,0.0,359.0,3046.0,633.0,465.0
Volusia-12127712,627.0,1.0,0.0,54.0,14.0,823.0,124.0,4.0,101.0,10.0,5.0,0.0,54.0,2.0,0.0,0.0,0.0,19.0,0.0,87.0,0.0,169.0,1519.0,346.0,229.0
Volusia-12127714,1125.0,9.0,3.0,65.0,20.0,1444.0,294.0,14.0,147.0,16.0,13.0,0.0,69.0,0.0,0.0,0.0,0.0,37.0,3.0,141.0,0.0,335.0,2666.0,614.0,455.0
Volusia-12127716,537.0,1.0,0.0,44.0,13.0,1633.0,147.0,10.0,62.0,21.0,8.0,0.0,129.0,0.0,0.0,0.0,0.0,67.0,0.0,206.0,0.0,536.0,2228.0,967.0,219.0
Volusia-12127717,581.0,2.0,0.0,35.0,9.0,812.0,135.0,3.0,98.0,12.0,0.0,0.0,57.0,1.0,0.0,1.0,0.0,10.0,1.0,70.0,0.0,178.0,1439.0,330.0,236.0
Volusia-12127718,1123.0,2.0,3.0,78.0,21.0,1585.0,290.0,10.0,180.0,32.0,9.0,1.0,86.0,1.0,0.0,0.0,1.0,47.0,3.0,159.0,0.0,377.0,2812.0,716.0,480.0
Volusia-12127719,546.0,2.0,0.0,34.0,10.0,918.0,128.0,7.0,98.0,12.0,3.0,1.0,35.0,1.0,0.0,0.0,1.0,17.0,1.0,66.0,0.0,233.0,1510.0,370.0,233.0
Volusia-12127720,228.0,0.0,0.0,26.0,6.0,391.0,55.0,1.0,52.0,5.0,2.0,0.0,10.0,0.0,0.0,0.0,0.0,8.0,0.0,26.0,0.0,88.0,651.0,139.0,108.0
Volusia-12127722,684.0,2.0,0.0,57.0,14.0,1120.0,167.0,11.0,107.0,9.0,3.0,0.0,35.0,0.0,0.0,0.0,0.0,14.0,3.0,68.0,0.0,212.0,1877.0,344.0,285.0
Volusia-12127725,652.0,1.0,0.0,54.0,7.0,1027.0,184.0,8.0,100.0,18.0,3.0,1.0,75.0,1.0,0.0,0.0,1.0,35.0,0.0,148.0,1.0,239.0,1741.0,522.0,292.0
Volusia-12127726,759.0,0.0,0.0,49.0,6.0,1682.0,216.0,4.0,150.0,16.0,4.0,0.0,128.0,1.0,0.0,0.0,1.0,79.0,1.0,222.0,0.0,543.0,2496.0,995.0,370.0
Volusia-12127728,1118.0,4.0,2.0,92.0,32.0,1987.0,269.0,17.0,222.0,30.0,5.0,2.0,134.0,0.0,0.0,0.0,1.0,59.0,1.0,199.0,0.0,491.0,3235.0,922.0,508.0
Volusia-12127729,1252.0,2.0,0.0,84.0,21.0,2102.0,263.0,10.0,164.0,25.0,4.0,1.0,162.0,0.0,1.0,0.0,1.0,69.0,0.0,207.0,0.0,558.0,3461.0,1028.0,437.0
Volusia-12127732,1199.0,3.0,2.0,67.0,20.0,2117.0,314.0,15.0,164.0,22.0,1.0,1.0,124.0,0.0,0.0,0.0,0.0,60.0,2.0,211.0,0.0,574.0,3408.0,995.0,493.0
Volusia-12127733,704.0,2.0,0.0,40.0,15.0,1223.0,176.0,9.0,137.0,8.0,6.0,1.0,87.0,0.0,0.0,0.0,0.0,42.0,0.0,130.0,0.0,291.0,1984.0,565.0,322.0
Volusia-12127803,449.0,1.0,1.0,17.0,5.0,896.0,96.0,6.0,64.0,6.0,4.0,0.0,63.0,0.0,0.0,1.0,0.0,72.0,1.0,121.0,0.0,248.0,1369.0,516.0,166.0
Volusia-12127804,971.0,3.0,0.0,76.0,21.0,1635.0,255.0,15.0,182.0,13.0,1.0,1.0,110.0,0.0,0.0,0.0,1.0,54.0,1.0,165.0,0.0,407.0,2706.0,753.0,452.0
Volusia-12127805,1364.0,3.0,1.0,73.0,28.0,2066.0,333.0,13.0,264.0,30.0,6.0,3.0,131.0,0.0,0.0,0.0,0.0,113.0,0.0,303.0,1.0,611.0,3535.0,1198.0,610.0
Volusia-12127807,481.0,5.0,0.0,27.0,10.0,820.0,145.0,14.0,84.0,9.0,2.0,0.0,45.0,0.0,0.0,0.0,0.0,10.0,1.0,47.0,0.0,183.0,1343.0,297.0,243.0
Volusia-12127808,1766.0,7.0,0.0,74.0,26.0,2429.0,465.0,16.0,230.0,24.0,5.0,2.0,128.0,0.0,0.0,0.0,0.0,79.0,5.0,231.0,0.0,659.0,4302.0,1133.0,711.0
Volusia-12127809,252.0,2.0,0.0,17.0,5.0,304.0,64.0,3.0,67.0,5.0,0.0,1.0,17.0,0.0,1.0,0.0,0.0,21.0,0.0,33.0,0.0,61.0,580.0,139.0,134.0
Volusia-12127810,568.0,4.0,0.0,36.0,18.0,669.0,133.0,3.0,130.0,3.0,5.0,0.0,47.0,1.0,0.0,0.0,1.0,16.0,1.0,77.0,0.0,136.0,1295.0,287.0,266.0
Volusia-12127812,941.0,1.0,1.0,46.0,17.0,1189.0,263.0,5.0,141.0,14.0,3.0,0.0,73.0,1.0,1.0,0.0,2.0,57.0,1.0,145.0,0.0,320.0,2195.0,617.0,409.0
Volusia-12127813,594.0,1.0,3.0,36.0,7.0,939.0,162.0,4.0,81.0,10.0,3.0,0.0,56.0,0.0,0.0,0.0,0.0,56.0,1.0,158.0,0.0,254.0,1580.0,538.0,247.0
Volusia-12127814,638.0,0.0,2.0,42.0,19.0,1223.0,157.0,8.0,142.0,10.0,4.0,0.0,81.0,1.0,0.0,0.0,0.0,27.0,2.0,87.0,0.0,260.0,1924.0,472.0,307.0
Volusia-12127816,285.0,0.0,0.0,29.0,7.0,1133.0,90.0,10.0,73.0,7.0,1.0,0.0,74.0,0.0,0.0,0.0,0.0,11.0,0.0,56.0,0.0,285.0,1454.0,434.0,173.0
Volusia-12127901,616.0,3.0,1.0,31.0,15.0,922.0,151.0,12.0,135.0,8.0,0.0,1.0,54.0,0.0,0.0,0.0,0.0,22.0,0.0,84.0,0.0,194.0,1588.0,363.0,298.0
Volusia-12127902,957.0,2.0,6.0,69.0,40.0,1713.0,209.0,21.0,194.0,8.0,2.0,0.0,108.0,0.0,0.0,0.0,0.0,30.0,3.0,122.0,0.0,382.0,2787.0,655.0,424.0
Volusia-12127903,934.0,1.0,0.0,87.0,26.0,1667.0,234.0,19.0,183.0,14.0,8.0,0.0,106.0,1.0,0.0,1.0,0.0,23.0,1.0,100.0,0.0,373.0,2715.0,627.0,436.0
Volusia-12127904,976.0,3.0,1.0,77.0,23.0,1676.0,250.0,11.0,171.0,10.0,3.0,0.0,97.0,0.0,0.0,1.0,2.0,40.0,3.0,126.0,0.0,387.0,2756.0,669.0,432.0
Volusia-12127907,744.0,5.0,1.0,34.0,13.0,1648.0,211.0,16.0,156.0,16.0,8.0,0.0,99.0,1.0,0.0,0.0,0.0,30.0,0.0,141.0,1.0,415.0,2445.0,711.0,383.0
Volusia-12127909,397.0,2.0,0.0,24.0,3.0,712.0,131.0,6.0,61.0,10.0,5.0,1.0,51.0,0.0,0.0,0.0,0.0,17.0,0.0,47.0,0.0,190.0,1138.0,321.0,198.0
Volusia-12127910,362.0,1.0,0.0,34.0,18.0,546.0,85.0,7.0,84.0,5.0,1.0,0.0,31.0,0.0,0.0,0.0,0.0,10.0,0.0,45.0,0.0,129.0,961.0,221.0,176.0
Wakulla-1212901,0.0,0.0,0.0,0.0,0.0,0.0,224.0,41.0,230.0,6.0,7.0,1.0,171.0,0.0,0.0,0.0,1.0,23.0,2.0,80.0,0.0,198.0,0.0,489.0,495.0
Wakulla-1212902,0.0,0.0,0.0,0.0,0.0,0.0,440.0,64.0,302.0,6.0,13.0,1.0,324.0,0.0,0.0,0.0,4.0,38.0,3.0,168.0,0.0,409.0,0.0,966.0,806.0
Wakulla-1212903,0.0,0.0,0.0,0.0,0.0,0.0,133.0,31.0,107.0,2.0,4.0,0.0,78.0,0.0,0.0,0.0,0.0,7.0,0.0,34.0,0.0,80.0,0.0,205.0,271.0
Wakulla-1212904,0.0,0.0,0.0,0.0,0.0,0.0,2.0,6.0,18.0,0.0,0.0,0.0,17.0,0.0,0.0,0.0,0.0,2.0,0.0,6.0,0.0,27.0,0.0,52.0,26.0
Wakulla-1212905,0.0,0.0,0.0,0.0,0.0,0.0,26.0,5.0,30.0,0.0,0.0,0.0,19.0,0.0,0.0,0.0,0.0,7.0,0.0,22.0,0.0,47.0,0.0,95.0,61.0
Wakulla-1212906,0.0,0.0,0.0,0.0,0.0,0.0,121.0,25.0,97.0,6.0,3.0,0.0,107.0,0.0,0.0,0.0,0.0,14.0,0.0,39.0,0.0,126.0,0.0,295.0,243.0
Wakulla-1212907,0.0,0.0,0.0,0.0,0.0,0.0,198.0,61.0,228.0,6.0,4.0,0.0,240.0,1.0,0.0,0.0,2.0,34.0,1.0,83.0,0.0,250.0,0.0,621.0,487.0
Wakulla-1212908,0.0,0.0,0.0,0.0,0.0,0.0,106.0,6.0,87.0,2.0,1.0,0.0,50.0,0.0,0.0,0.0,0.0,18.0,0.0,29.0,0.0,106.0,0.0,206.0,199.0
Wakulla-1212909,0.0,0.0,0.0,0.0,0.0,0.0,35.0,18.0,42.0,0.0,2.0,0.0,33.0,0.0,0.0,0.0,0.0,7.0,0.0,11.0,0.0,50.0,0.0,103.0,95.0
Wakulla-121291,612.0,6.0,1.0,47.0,6.0,1315.0,0.0,0.0,0.0,0.0,0.0,0.0,0.0,0.0,0.0,0.0,0.0,0.0,0.0,0.0,0.0,0.0,1987.0,0.0,0.0
Wakulla-1212910,103.0,0.0,0.0,6.0,1.0,280.0,40.0,6.0,30.0,0.0,1.0,1.0,30.0,0.0,0.0,1.0,0.0,9.0,0.0,14.0,0.0,80.0,390.0,136.0,76.0
Wakulla-1212911,445.0,2.0,2.0,29.0,4.0,797.0,180.0,20.0,126.0,3.0,4.0,0.0,100.0,0.0,0.0,0.0,0.0,13.0,0.0,49.0,0.0,125.0,1279.0,294.0,326.0
Wakulla-1212912,490.0,3.0,3.0,52.0,15.0,1114.0,154.0,26.0,130.0,10.0,6.0,0.0,148.0,0.0,0.0,0.0,0.0,18.0,1.0,51.0,0.0,166.0,1677.0,400.0,310.0
Wakulla-121292,1085.0,5.0,2.0,110.0,16.0,2608.0,0.0,0.0,0.0,0.0,0.0,0.0,0.0,0.0,0.0,0.0,0.0,0.0,0.0,0.0,0.0,0.0,3826.0,0.0,0.0
Wakulla-121293,350.0,4.0,1.0,16.0,4.0,626.0,0.0,0.0,0.0,0.0,0.0,0.0,0.0,0.0,0.0,0.0,0.0,0.0,0.0,0.0,0.0,0.0,1001.0,0.0,0.0
Wakulla-121294,12.0,1.0,0.0,4.0,0.0,133.0,0.0,0.0,0.0,0.0,0.0,0.0,0.0,0.0,0.0,0.0,0.0,0.0,0.0,0.0,0.0,0.0,150.0,0.0,0.0
Wakulla-121295,86.0,0.0,0.0,4.0,2.0,230.0,0.0,0.0,0.0,0.0,0.0,0.0,0.0,0.0,0.0,0.0,0.0,0.0,0.0,0.0,0.0,0.0,322.0,0.0,0.0
Wakulla-121296,265.0,2.0,3.0,27.0,4.0,860.0,0.0,0.0,0.0,0.0,0.0,0.0,0.0,0.0,0.0,0.0,0.0,0.0,0.0,0.0,0.0,0.0,1161.0,0.0,0.0
Wakulla-121297,576.0,5.0,2.0,59.0,12.0,1764.0,0.0,0.0,0.0,0.0,0.0,0.0,0.0,0.0,0.0,0.0,0.0,0.0,0.0,0.0,0.0,0.0,2418.0,0.0,0.0
Wakulla-121298,241.0,1.0,0.0,18.0,0.0,466.0,0.0,0.0,0.0,0.0,0.0,0.0,0.0,0.0,0.0,0.0,0.0,0.0,0.0,0.0,0.0,0.0,726.0,0.0,0.0
Wakulla-121299,83.0,3.0,0.0,6.0,2.0,319.0,0.0,0.0,0.0,0.0,0.0,0.0,0.0,0.0,0.0,0.0,0.0,0.0,0.0,0.0,0.0,0.0,413.0,0.0,0.0
Walton-12131110 110 Paxton,95.0,0.0,1.0,17.0,6.0,728.0,28.0,9.0,47.0,4.0,8.0,0.0,77.0,0.0,0.0,0.0,1.0,15.0,0.0,30.0,0.0,179.0,847.0,314.0,84.0
Walton-12131120 120 New Harmony,50.0,0.0,1.0,13.0,4.0,481.0,11.0,4.0,19.0,2.0,0.0,0.0,71.0,1.0,0.0,0.0,2.0,14.0,0.0,28.0,0.0,117.0,549.0,235.0,34.0
Walton-12131130 130 Mossy Head,128.0,7.0,1.0,23.0,2.0,949.0,17.0,5.0,40.0,4.0,4.0,0.0,104.0,1.0,0.0,0.0,4.0,17.0,3.0,51.0,1.0,226.0,1110.0,415.0,62.0
Walton-12131210 210 Gaskin,38.0,0.0,0.0,6.0,0.0,292.0,14.0,4.0,18.0,0.0,5.0,0.0,31.0,0.0,0.0,0.0,1.0,7.0,0.0,19.0,0.0,64.0,336.0,127.0,36.0
Walton-12131220 220 Liberty,44.0,0.0,0.0,5.0,0.0,379.0,16.0,2.0,24.0,5.0,5.0,0.0,42.0,0.0,0.0,0.0,1.0,1.0,0.0,18.0,0.0,125.0,428.0,197.0,42.0
Walton-12131230 230 Glendale,66.0,4.0,0.0,15.0,6.0,636.0,22.0,12.0,33.0,2.0,4.0,1.0,69.0,0.0,0.0,0.0,3.0,15.0,1.0,70.0,0.0,174.0,727.0,339.0,67.0
Walton-12131240 240 Darlington,26.0,0.0,0.0,3.0,1.0,265.0,12.0,3.0,8.0,0.0,2.0,0.0,41.0,0.0,0.0,0.0,0.0,4.0,0.0,18.0,0.0,88.0,295.0,153.0,23.0
Walton-12131310 310 North DeFuniak,691.0,12.0,4.0,79.0,15.0,2472.0,181.0,19.0,120.0,15.0,9.0,0.0,272.0,0.0,0.0,0.0,3.0,53.0,3.0,164.0,0.0,595.0,3273.0,1114.0,320.0
Walton-12131320 320 Chautauqua,318.0,2.0,0.0,24.0,1.0,1003.0,105.0,14.0,81.0,7.0,8.0,0.0,131.0,0.0,0.0,1.0,4.0,38.0,1.0,97.0,1.0,258.0,1348.0,546.0,200.0
Walton-12131330 330 West DeFuniak,169.0,5.0,1.0,19.0,2.0,838.0,21.0,5.0,42.0,6.0,7.0,1.0,114.0,0.0,0.0,0.0,3.0,9.0,1.0,59.0,0.0,194.0,1034.0,394.0,68.0
Walton-12131340 340 Argyle,210.0,1.0,0.0,7.0,3.0,458.0,72.0,6.0,31.0,7.0,2.0,0.0,46.0,0.0,0.0,0.0,2.0,3.0,1.0,22.0,0.0,115.0,679.0,198.0,109.0
Walton-12131350 350 Eucheeanna,85.0,0.0,2.0,9.0,1.0,432.0,25.0,7.0,33.0,2.0,5.0,1.0,55.0,0.0,0.0,0.0,2.0,11.0,1.0,27.0,0.0,95.0,529.0,199.0,65.0
Walton-12131360 360 Valley View,80.0,3.0,0.0,11.0,1.0,391.0,32.0,15.0,31.0,3.0,2.0,1.0,32.0,0.0,0.0,0.0,0.0,2.0,1.0,20.0,0.0,78.0,486.0,139.0,78.0
Walton-12131410 410 Choctaw Beach,130.0,1.0,0.0,17.0,2.0,768.0,31.0,8.0,34.0,8.0,3.0,2.0,82.0,1.0,0.0,0.0,0.0,16.0,0.0,73.0,0.0,182.0,918.0,367.0,73.0
Walton-12131420 420 Portland,68.0,0.0,0.0,10.0,1.0,381.0,13.0,6.0,24.0,1.0,2.0,0.0,40.0,0.0,0.0,0.0,3.0,13.0,0.0,22.0,0.0,139.0,460.0,220.0,43.0
Walton-12131430 430 Freeport,673.0,5.0,0.0,75.0,17.0,2616.0,147.0,22.0,143.0,13.0,10.0,0.0,253.0,0.0,0.0,0.0,6.0,83.0,3.0,227.0,1.0,615.0,3386.0,1211.0,312.0
Walton-12131431 430 Freeport,0.0,0.0,0.0,0.0,0.0,1.0,0.0,0.0,0.0,0.0,0.0,0.0,0.0,0.0,0.0,0.0,0.0,0.0,0.0,0.0,0.0,0.0,1.0,0.0,0.0
Walton-12131440 440 Bruce,75.0,1.0,0.0,7.0,2.0,520.0,19.0,1.0,36.0,0.0,0.0,0.0,41.0,0.0,0.0,1.0,0.0,7.0,0.0,39.0,1.0,140.0,605.0,229.0,56.0
Walton-12131441 440 Bruce,2.0,0.0,0.0,0.0,0.0,8.0,0.0,0.0,0.0,0.0,0.0,0.0,0.0,0.0,0.0,0.0,0.0,0.0,0.0,0.0,0.0,0.0,10.0,0.0,0.0
Walton-12131510 510 Miramar Beach,1263.0,6.0,5.0,137.0,28.0,5021.0,269.0,3.0,166.0,32.0,20.0,0.0,394.0,0.0,0.0,0.0,7.0,235.0,6.0,608.0,0.0,1440.0,6460.0,2742.0,438.0
Walton-12131520 520 Santa Rosa Beach,1408.0,5.0,4.0,164.0,30.0,4275.0,238.0,8.0,215.0,10.0,9.0,0.0,402.0,1.0,0.0,0.0,7.0,172.0,2.0,457.0,0.0,1093.0,5886.0,2153.0,461.0
Walton-12131530 530 Point Washington,868.0,5.0,1.0,96.0,16.0,1796.0,175.0,2.0,159.0,6.0,12.0,0.0,172.0,1.0,0.0,0.0,2.0,100.0,2.0,229.0,0.0,477.0,2782.0,1001.0,336.0
Walton-12131540 540 Rosemary Beach,7.0,0.0,0.0,1.0,0.0,63.0,67.0,3.0,63.0,5.0,5.0,0.0,79.0,1.0,0.0,0.0,0.0,68.0,0.0,127.0,1.0,266.0,71.0,552.0,133.0
Walton-12131541 540 Rosemary Beach,382.0,3.0,0.0,45.0,4.0,983.0,0.0,0.0,0.0,0.0,0.0,0.0,0.0,0.0,0.0,0.0,0.0,0.0,0.0,0.0,0.0,0.0,1417.0,0.0,0.0
Washington-121331,150.0,0.0,0.0,7.0,0.0,142.0,64.0,9.0,15.0,0.0,0.0,0.0,2.0,0.0,0.0,0.0,0.0,0.0,0.0,6.0,0.0,28.0,299.0,36.0,88.0
Washington-1213310,97.0,2.0,0.0,3.0,0.0,481.0,34.0,21.0,32.0,2.0,5.0,0.0,105.0,1.0,0.0,0.0,0.0,7.0,0.0,42.0,0.0,81.0,583.0,243.0,87.0
Washington-1213311,116.0,0.0,0.0,7.0,1.0,143.0,44.0,6.0,37.0,0.0,1.0,0.0,11.0,0.0,0.0,0.0,1.0,2.0,0.0,4.0,0.0,15.0,267.0,34.0,87.0
Washington-1213312,110.0,1.0,2.0,16.0,1.0,976.0,38.0,17.0,38.0,3.0,10.0,1.0,130.0,0.0,0.0,0.0,0.0,10.0,0.0,59.0,0.0,232.0,1106.0,445.0,93.0
Washington-1213313,131.0,2.0,1.0,9.0,1.0,556.0,36.0,5.0,46.0,2.0,5.0,0.0,68.0,0.0,0.0,1.0,2.0,2.0,0.0,47.0,0.0,137.0,700.0,264.0,87.0
Washington-1213314,73.0,0.0,0.0,10.0,1.0,314.0,25.0,3.0,19.0,0.0,2.0,1.0,42.0,0.0,0.0,0.0,0.0,3.0,0.0,19.0,0.0,71.0,398.0,138.0,47.0
Washington-1213315,19.0,0.0,0.0,2.0,0.0,159.0,4.0,1.0,14.0,2.0,1.0,0.0,37.0,0.0,0.0,0.0,0.0,4.0,0.0,7.0,0.0,35.0,180.0,86.0,19.0
Washington-1213316,56.0,2.0,0.0,5.0,0.0,292.0,22.0,6.0,33.0,2.0,1.0,0.0,36.0,0.0,0.0,0.0,0.0,2.0,0.0,18.0,0.0,51.0,355.0,110.0,61.0
Washington-121332,50.0,3.0,0.0,8.0,1.0,602.0,21.0,16.0,61.0,1.0,4.0,1.0,84.0,0.0,0.0,0.0,0.0,7.0,0.0,29.0,0.0,135.0,664.0,261.0,98.0
Washington-121333,55.0,2.0,0.0,5.0,2.0,358.0,19.0,1.0,37.0,2.0,1.0,0.0,59.0,0.0,0.0,0.0,0.0,6.0,0.0,21.0,0.0,71.0,422.0,160.0,57.0
Washington-121334,481.0,10.0,2.0,48.0,5.0,1628.0,157.0,32.0,141.0,7.0,16.0,1.0,279.0,0.0,0.0,0.0,4.0,30.0,0.0,172.0,2.0,291.0,2174.0,802.0,330.0
Washington-121335,178.0,5.0,0.0,23.0,4.0,779.0,76.0,13.0,74.0,7.0,4.0,1.0,96.0,0.0,0.0,0.0,1.0,10.0,0.0,27.0,0.0,154.0,989.0,300.0,163.0
Washington-121336,219.0,1.0,0.0,9.0,0.0,230.0,116.0,5.0,42.0,2.0,2.0,1.0,20.0,0.0,0.0,0.0,0.0,4.0,0.0,18.0,0.0,52.0,459.0,99.0,163.0
Washington-121337,123.0,1.0,1.0,11.0,2.0,758.0,47.0,12.0,66.0,0.0,7.0,0.0,107.0,0.0,0.0,1.0,2.0,10.0,0.0,59.0,0.0,170.0,896.0,356.0,125.0
Washington-121338,313.0,4.0,0.0,17.0,2.0,823.0,132.0,19.0,81.0,1.0,5.0,0.0,120.0,1.0,0.0,0.0,1.0,10.0,2.0,60.0,0.0,137.0,1159.0,337.0,232.0
Washington-121339,93.0,1.0,1.0,12.0,2.0,396.0,23.0,16.0,45.0,3.0,5.0,0.0,55.0,0.0,0.0,0.0,1.0,5.0,1.0,27.0,0.0,78.0,505.0,175.0,84.0
