precinct,pri_dem_CLINTON,pri_dem_O'MALLEY,pri_dem_SANDERS,pri_dem_STEINBERG,pri_rep_BUSH,pri_rep_CARSON,pri_rep_CHRISTIE,pri_rep_CRUZ,pri_rep_FIORINA,pri_rep_GRAHAM,pri_rep_HUCKABEE,pri_rep_KASICH,pri_rep_PATAKI,pri_rep_PAUL,pri_rep_RUBIO,pri_rep_SANTORUM,pri_rep_TRUMP,gen_dem_CLINTON,gen_lib_JOHNSON,gen_rep_TRUMP,dem_primary_total,rep_primary_total,dem_general_total,rep_general_total
APPLING1B,23,1,12,1,5,34,0,108,1,0,3,12,0,0,54,0,165,92,9,685,37,382,92,685
APPLING1C,14,1,5,0,3,28,0,88,0,1,2,9,0,2,45,0,125,42,5,496,20,303,42,496
APPLING2,284,3,41,1,3,28,0,45,0,0,0,7,0,0,27,0,96,742,10,427,329,206,742,427
APPLING3A,1,0,3,0,0,10,0,41,0,0,0,4,0,0,13,0,48,4,4,209,4,116,4,209
APPLING3A1,11,0,6,0,3,26,0,68,0,0,2,4,0,0,18,0,59,17,1,319,17,180,17,319
APPLING3B,39,2,6,0,2,8,0,22,0,0,2,1,0,0,14,0,24,98,1,101,47,73,98,101
APPLING3C,47,3,19,1,4,36,0,125,0,0,1,13,0,2,76,0,135,154,14,670,70,392,154,670
APPLING4A,3,0,4,0,3,11,1,46,0,0,1,5,0,0,25,0,53,14,1,261,7,145,14,261
APPLING4B,2,0,2,0,4,16,0,71,0,0,2,3,0,0,27,0,72,7,0,305,4,195,7,305
APPLING4C,2,0,3,0,0,10,0,55,0,0,1,2,0,0,33,0,67,10,2,284,5,168,10,284
APPLING4D,24,0,7,0,2,44,0,99,0,0,0,12,0,2,55,0,164,83,10,624,31,378,83,624
APPLING5A,17,0,16,1,3,23,0,66,0,0,2,1,0,0,35,0,126,68,12,530,34,256,68,530
APPLING5B,20,1,10,1,0,14,0,47,0,0,0,5,0,0,22,0,81,79,3,336,32,169,79,336
APPLING5C,4,0,9,0,0,16,1,33,0,0,1,5,0,0,18,0,76,24,5,247,13,150,24,247
APPLINGNAN,491,11,143,5,32,304,2,914,1,1,17,83,0,6,462,0,1291,1434,77,5494,650,3113,1434,5494
ATKINSONAXSON,7,0,2,0,0,12,1,48,0,0,0,3,0,0,17,0,103,29,4,375,9,184,29,375
ATKINSONNAN,201,0,49,2,4,47,1,183,1,0,0,14,0,0,73,0,622,697,35,1878,252,945,697,1878
ATKINSONPEARSON CITY,77,0,9,0,2,6,0,12,0,0,0,3,0,0,6,0,51,275,9,164,86,80,275,164
ATKINSONPEARSON COUNTY,37,0,20,1,0,17,0,78,0,0,0,3,0,0,33,0,282,136,6,850,58,413,136,850
ATKINSONWILLACOOCHEE,80,0,18,1,2,12,0,45,1,0,0,5,0,0,17,0,186,257,16,489,99,268,257,489
BACONDOUGLAS,88,2,31,3,4,47,2,147,0,1,3,33,0,0,137,2,437,477,27,1578,124,813,477,1578
BACONNAN,113,3,58,3,8,110,3,341,1,1,7,57,0,0,246,2,904,608,47,3364,177,1680,608,3364
BACONNEW LACY,9,1,9,0,1,23,1,71,0,0,2,8,0,0,56,0,184,58,5,696,19,346,58,696
BACONTAYLOR,8,0,10,0,2,20,0,66,1,0,0,3,0,0,25,0,120,30,12,521,18,237,30,521
BACONWARE,2,0,6,0,1,16,0,32,0,0,1,6,0,0,14,0,106,25,2,328,8,176,25,328
BACONWARNOCK,6,0,2,0,0,4,0,25,0,0,1,7,0,0,14,0,57,18,1,241,8,108,18,241
BAKERANNA,8,0,6,0,0,0,0,10,0,0,0,0,0,0,4,0,30,32,0,73,14,44,32,73
BAKERELMODEL,59,1,4,0,0,4,0,23,0,0,0,1,0,0,9,0,34,133,4,124,64,71,133,124
BAKERHOGGARD MILL,49,0,10,0,0,4,0,1,0,0,0,3,0,0,6,0,31,105,3,92,59,45,105,92
BAKERMILFORD,43,0,7,0,2,8,1,18,0,0,1,2,0,1,6,0,46,74,2,133,50,85,74,133
BAKERNAN,304,3,48,2,3,25,1,87,2,0,3,8,0,2,42,0,262,650,15,775,357,435,650,775
BAKERNEWTON,145,2,21,2,1,9,0,35,2,0,2,2,0,1,17,0,121,306,6,353,170,190,306,353
BALDWINBODDIE,182,2,55,1,2,3,0,17,0,0,0,5,0,1,24,0,26,534,28,124,240,78,534,124
BALDWINCITY HALL ANNEX,116,1,27,0,1,4,0,21,0,0,0,5,0,2,19,0,40,303,21,178,144,92,303,178
BALDWINCOOPERS,96,0,45,0,6,45,1,87,0,0,0,10,0,2,62,0,199,273,17,682,141,412,273,682
BALDWINCOURTHOUSE,44,0,35,0,0,7,0,19,0,0,0,7,0,0,24,0,21,167,20,127,79,78,167,127
BALDWINEAST BALDWIN,382,2,103,0,9,53,1,146,0,0,2,29,0,4,111,0,335,1011,65,1313,487,690,1011,1313
BALDWINEAST HARDWICK,178,0,21,1,0,12,0,11,0,0,0,0,0,0,6,0,31,532,9,111,200,60,532,111
BALDWINFIRE DEPT,285,1,67,0,5,7,0,20,0,0,0,7,0,1,52,0,49,643,39,227,353,141,643,227
BALDWINMERIWEATHER,197,1,63,0,2,45,1,133,0,0,0,24,0,0,137,2,316,604,50,1063,261,660,604,1063
BALDWINNAN,3036,15,764,10,45,350,7,883,1,0,9,184,0,12,962,4,2070,7970,419,7697,3825,4527,7970,7697
BALDWINNORTH BALDWIN,253,3,70,2,4,63,2,188,0,0,3,43,0,1,233,1,461,615,50,1624,328,999,615,1624
BALDWINNORTH MILLEDGEVILLE,240,3,90,1,3,34,0,76,0,0,3,21,0,1,123,1,221,669,33,757,334,483,669,757
BALDWINSCOTTSBORO,69,0,21,1,3,22,1,42,0,0,0,2,0,0,23,0,102,219,8,386,91,195,219,386
BALDWINSOUTH MILLEDGEVILLE,200,1,44,0,1,5,0,8,0,0,0,6,0,0,26,0,24,524,24,131,245,70,524,131
BALDWINWEST BALDWIN,225,1,45,3,2,29,1,78,1,0,1,24,0,0,77,0,153,539,31,608,274,366,539,608
BALDWINWEST HARDWICK,569,0,78,1,7,21,0,37,0,0,0,1,0,0,45,0,92,1337,24,366,648,203,1337,366
BANKSANDERSON,23,1,30,0,1,31,0,106,3,0,3,16,0,1,54,1,232,84,17,737,54,448,84,737
BANKSBALDWIN,14,0,16,0,2,17,0,85,0,0,3,12,0,0,38,1,95,67,8,433,30,253,67,433
BANKSBERLIN,6,1,6,0,0,9,0,30,0,0,1,4,0,0,12,0,73,17,1,188,13,129,17,188
BANKSBUSHVILLE,5,0,10,0,0,25,0,57,1,0,0,3,0,0,22,0,107,29,11,374,15,215,29,374
BANKSCOLUMBIA,0,0,5,0,2,8,1,55,0,0,0,0,0,0,8,0,67,21,4,224,5,141,21,224
BANKSDAVIDS,30,3,18,1,5,39,0,141,0,0,0,5,0,1,79,1,235,103,27,821,52,506,103,821
BANKSGOLDEN HILL,11,0,16,0,0,12,0,69,0,0,2,6,0,0,18,0,127,57,8,410,27,234,57,410
BANKSGROVE RIVER,4,0,6,0,0,5,0,53,0,0,1,2,0,1,14,0,116,21,4,309,10,192,21,309
BANKSHOLLINGSWORTH,10,0,10,0,0,17,0,47,0,0,1,4,0,1,19,0,112,48,6,368,20,201,48,368
BANKSHOMER,28,0,14,0,1,19,3,132,0,0,4,7,0,1,62,1,214,80,16,746,42,444,80,746
BANKSNAN,172,7,169,3,15,251,7,1050,6,0,22,84,1,6,444,5,1809,684,132,6134,351,3700,684,6134
BANKSPOPLAR SPRINGS,24,1,19,2,2,42,2,158,1,0,1,11,1,1,51,0,250,79,18,839,46,520,79,839
BANKSWASHINGTON,10,0,9,0,1,14,1,69,0,0,5,10,0,0,30,1,91,48,8,343,19,222,48,343
BANKSWILMONTS,7,1,10,0,1,13,0,48,1,0,1,4,0,0,37,0,90,30,4,342,18,195,30,342
BARROW01 BETHLEHEM COMMUNITY CENTER,76,1,70,1,1,39,0,204,0,0,1,10,1,7,130,2,304,365,73,1339,148,699,365,1339
BARROW02 BETHABRA BAPTIST CHURCH,80,1,50,1,3,72,0,285,2,0,1,49,0,2,200,1,389,423,61,1775,132,1004,423,1775
BARROW03 BRAMLETT ELEMENTARY SCHOOL,56,1,64,0,2,34,0,229,1,0,1,16,0,1,112,0,294,337,74,1318,121,690,337,1318
BARROW04 WESTSIDE MIDDLE SCHOOL,50,0,52,2,2,28,1,199,1,0,2,12,1,0,73,0,265,284,62,1117,104,584,284,1117
BARROW05 FIRE STATION 1 (STATHAM),178,0,85,3,7,84,3,363,2,1,2,47,1,1,231,0,415,645,95,2009,266,1157,645,2009
BARROW06 WINDER BARROW HIGH SCHOOL,58,0,34,0,10,38,1,145,0,0,2,13,0,2,97,0,208,278,43,908,92,516,278,908
BARROW07 STATHAM ELEMENTARY SCHOOL,121,0,59,1,2,44,1,170,0,1,2,14,0,0,97,0,247,490,56,1048,181,578,490,1048
BARROW08 HOLSENBECK ELEMENTARY SCHOOL,72,1,54,0,1,48,0,209,0,1,1,15,0,1,103,1,322,328,79,1444,127,702,328,1444
BARROW09 LIONS CLUB,111,2,58,1,2,53,1,263,1,0,2,44,0,2,189,0,403,417,65,1634,172,960,417,1634
BARROW10 LEISURE SERVICES CENTER,182,0,46,0,3,15,0,100,0,1,1,10,0,1,60,1,188,577,54,761,228,380,577,761
BARROW11 APALACHEE HIGH SCHOOL,90,0,59,0,5,47,0,215,0,0,3,15,0,2,122,1,223,466,100,1277,149,633,466,1277
BARROW12 MIDWAY UNITED METHODIST CHURCH,53,0,39,1,1,42,2,204,1,1,0,15,0,5,125,0,277,287,71,1272,93,673,287,1272
BARROW13 WINDER COMMUNITY CENTER,62,1,53,0,5,37,0,153,1,1,1,28,0,2,107,0,230,329,81,978,116,565,329,978
BARROW14 CEDAR CREEK BAPTIST CHURCH,26,0,24,0,1,37,0,119,1,0,0,4,0,2,54,1,113,124,32,577,50,332,124,577
BARROW15 COUNTY LINE ELEMENTARY SCHOOL,53,0,45,2,2,51,0,272,0,0,3,20,0,2,165,0,373,295,46,1604,100,888,295,1604
BARROW16 THE CHURCH AT WINDER,190,2,87,4,6,74,1,341,1,3,5,34,0,5,185,0,405,935,151,2047,283,1060,935,2047
BARROWNAN,1458,9,879,16,53,743,10,3471,11,9,27,346,3,35,2050,7,4656,6580,1143,21108,2362,11421,6580,21108
BARTOWADAIRSVILLE,152,1,121,2,7,158,1,359,1,0,4,45,1,6,227,1,733,565,99,2838,276,1543,565,2838
BARTOWALLATOONA,94,1,107,3,4,31,0,264,0,1,1,14,0,4,148,0,500,433,75,1624,205,967,433,1624
BARTOWBEAVERS DRIVE,184,2,110,2,9,82,2,397,1,0,5,42,1,2,297,1,690,613,84,2447,298,1529,613,2447
BARTOWCARTERSVILLE EAST,287,2,161,1,4,82,1,311,0,0,9,63,0,5,296,1,644,1084,129,2309,451,1416,1084,2309
BARTOWCARTERSVILLE WEST,321,4,161,1,13,108,0,465,4,1,5,104,0,2,546,0,727,1193,115,2933,487,1975,1193,2933
BARTOWCASSVILLE,205,2,129,3,5,75,1,307,2,0,7,38,1,3,163,0,546,734,92,2000,339,1148,734,2000
BARTOWCENTER,108,2,80,0,7,79,0,320,2,0,2,29,0,3,206,0,500,373,71,1826,190,1148,373,1826
BARTOWEMERSON,75,0,56,0,2,49,0,181,0,0,1,17,2,2,172,0,406,289,55,1380,131,832,289,1380
BARTOWEUHARLEE,120,0,79,1,2,56,0,259,1,0,2,27,0,5,171,0,425,420,77,1660,200,948,420,1660
BARTOWFOLSOM,18,0,20,0,2,36,0,97,0,0,0,12,0,0,48,0,220,60,16,698,38,415,60,698
BARTOWKINGSTON,74,2,52,1,4,49,1,169,0,0,3,18,0,3,105,0,363,223,35,1252,129,715,223,1252
BARTOWMISSION ROAD,185,4,127,2,9,87,0,396,4,0,1,31,0,7,257,0,743,648,82,2521,318,1535,648,2521
BARTOWNAN,2219,25,1495,24,82,1133,7,4518,15,2,48,549,5,54,3262,5,8297,8212,1183,29911,3763,17977,8212,29911
BARTOWPINE LOG,33,0,26,0,0,30,0,167,0,0,0,20,0,1,112,1,332,131,37,1084,59,663,131,1084
BARTOWTAYLORSVILLE,35,3,47,4,7,64,0,238,0,0,1,14,0,0,149,1,411,159,36,1482,89,885,159,1482
BARTOWWHITE,57,1,48,2,0,43,1,226,0,0,2,37,0,1,126,0,394,204,49,1326,108,830,204,1326
BARTOWWOODLAND HIGH,40,0,39,0,1,30,0,106,0,0,1,7,0,4,65,0,192,146,23,658,79,406,146,658
BARTOWZENA DRIVE,231,1,132,2,6,74,0,256,0,0,4,31,0,6,174,0,471,937,108,1873,366,1022,937,1873
BEN HILLEAST,465,3,64,2,5,48,0,94,0,0,1,5,0,0,31,0,312,1114,28,1090,534,496,1114,1090
BEN HILLNAN,780,8,180,5,19,209,1,317,1,0,4,60,0,2,196,0,1025,2101,91,3739,973,1834,2101,3739
BEN HILLWEST,315,5,116,3,14,161,1,223,1,0,3,55,0,2,165,0,713,987,63,2649,439,1338,987,2649
BERRIENALAPAHA,80,0,10,0,2,22,0,63,0,0,1,5,0,1,27,0,169,196,10,529,90,290,196,529
BERRIENENIGMA,21,2,11,1,4,12,0,63,0,0,4,5,0,0,27,0,157,77,9,516,35,272,77,516
BERRIENNAN,326,7,146,9,30,179,6,720,1,0,22,66,1,5,242,0,1568,1047,115,5422,488,2840,1047,5422
BERRIENNASHVILLE,165,3,78,6,22,92,4,363,0,0,11,37,1,2,126,0,825,565,62,2914,252,1483,565,2914
BERRIENRAY CITY,46,0,33,1,0,32,1,102,1,0,5,13,0,0,39,0,241,160,22,838,80,434,160,838
BERRIENWEST BERRIEN,14,2,14,1,2,21,1,129,0,0,1,6,0,2,23,0,176,49,12,625,31,361,49,625
BIBBEAST MACON 1,313,0,22,0,0,2,0,2,0,1,0,0,0,0,2,0,5,954,4,26,335,12,954,26
BIBBEAST MACON 2,857,6,71,0,0,8,0,13,0,0,0,4,0,1,8,0,26,1999,21,100,934,60,1999,100
BIBBEAST MACON 3,438,0,129,1,3,18,0,70,0,0,0,36,1,2,81,0,120,1289,52,490,568,331,1289,490
BIBBEAST MACON 4,566,1,46,0,0,1,0,4,0,0,0,0,0,0,0,0,18,1234,13,63,613,23,1234,63
BIBBEAST MACON 5,471,0,53,0,1,10,0,33,0,0,0,5,0,0,23,0,94,1125,22,318,524,166,1125,318
BIBBGODFREY 1,991,6,117,1,4,11,1,19,0,0,2,8,0,2,32,0,35,2689,67,189,1115,114,2689,189
BIBBGODFREY 2,255,0,13,0,0,7,0,5,0,0,1,3,0,0,0,0,8,773,10,68,268,24,773,68
BIBBGODFREY 3,519,0,45,1,2,4,1,10,0,0,0,2,1,0,4,0,44,1507,15,153,565,68,1507,153
BIBBGODFREY 4,298,1,28,0,0,5,0,17,0,0,2,0,0,0,4,0,26,892,10,103,327,54,892,103
BIBBGODFREY 5,793,2,88,3,1,20,2,40,1,1,1,5,0,3,31,0,69,2195,38,286,886,174,2195,286
BIBBHAZZARD 1,575,0,60,3,0,6,0,34,0,0,2,2,0,0,12,0,59,1555,13,230,638,115,1555,230
BIBBHAZZARD 2,349,0,106,3,5,79,3,165,0,0,3,31,0,0,107,0,297,1176,61,1125,458,690,1176,1125
BIBBHAZZARD 3,1012,1,148,4,4,45,2,153,0,0,1,40,0,1,112,0,269,2675,74,1108,1165,627,2675,1108
BIBBHAZZARD 4,172,0,40,0,1,35,1,155,0,0,0,23,0,2,110,0,330,445,23,1004,212,657,445,1004
BIBBHAZZARD 5,226,0,65,0,4,44,1,126,0,0,0,59,0,2,148,0,273,709,37,1000,291,657,709,1000
BIBBHOWARD 1,123,1,53,0,3,22,1,81,1,0,0,61,0,3,122,0,169,429,33,657,177,463,429,657
BIBBHOWARD 2 - 02,37,0,10,0,0,16,0,39,0,0,0,29,0,0,71,0,80,101,11,341,47,235,101,341
BIBBHOWARD 2 - 08,219,0,65,1,10,69,2,164,2,0,2,97,0,0,298,0,295,750,50,1430,285,939,750,1430
BIBBHOWARD 3,596,3,249,1,12,142,0,447,1,0,2,173,0,7,648,0,598,2179,158,3100,849,2030,2179,3100
BIBBHOWARD 4,114,1,56,0,0,35,0,103,0,0,1,31,0,1,103,0,152,448,46,590,171,426,448,590
BIBBHOWARD 5,138,0,52,0,2,31,1,62,1,0,1,20,0,1,75,0,114,459,47,460,190,308,459,460
BIBBHOWARD 6,149,0,85,0,6,45,1,121,0,1,0,52,0,0,159,0,173,526,59,814,234,558,526,814
BIBBHOWARD 7,153,1,96,0,5,56,1,197,0,0,2,89,0,1,225,0,278,568,69,1182,250,854,568,1182
BIBBNAN,13019,34,2650,28,92,1171,25,3405,8,5,27,1113,2,36,3531,2,5962,36787,1447,24043,15731,15379,36787,24043
BIBBRUTLAND 1,517,1,131,2,9,129,3,365,0,1,2,61,0,2,231,0,622,1315,57,2297,651,1425,1315,2297
BIBBRUTLAND 2,218,0,69,0,4,82,0,208,0,0,0,24,0,0,106,0,371,641,50,1378,287,795,641,1378
BIBBVINEVILLE 1,207,1,115,1,1,11,0,29,0,0,1,27,0,1,60,1,40,1233,95,581,324,171,1233,581
BIBBVINEVILLE 2,302,0,98,0,1,5,1,34,0,0,1,21,0,1,59,0,63,842,41,281,400,186,842,281
BIBBVINEVILLE 3,533,2,79,4,0,5,1,12,1,0,0,6,0,0,9,0,25,1485,18,126,618,59,1485,126
BIBBVINEVILLE 4,799,2,87,1,1,16,2,26,0,0,0,8,0,0,36,0,50,1944,31,223,889,139,1944,223
BIBBVINEVILLE 5,155,3,86,0,5,41,0,133,1,0,0,67,0,0,172,0,200,557,60,912,244,619,557,912
BIBBVINEVILLE 6,237,0,118,0,2,60,0,128,0,1,2,69,0,2,217,0,280,833,90,944,355,761,833,944
BIBBWARRIOR 1,223,0,57,0,1,41,0,162,0,0,0,9,0,2,90,1,313,554,32,1131,280,619,554,1131
BIBBWARRIOR 2,307,2,56,2,2,51,1,202,0,0,1,29,0,1,113,0,386,706,40,1333,367,786,706,1333
BLECKLEYFAIRGROUND,370,6,98,2,18,141,6,534,3,0,4,87,0,3,412,1,935,1101,123,3719,476,2144,1101,3719
BLECKLEYNAN,370,6,98,2,18,141,6,534,3,0,4,87,0,3,412,1,935,1101,123,3719,476,2144,1101,3719
BRANTLEYHOBOKEN,32,5,32,1,4,62,0,243,0,0,9,24,0,6,130,1,371,135,44,1863,70,850,135,1863
BRANTLEYNAHUNTA,62,7,57,2,10,80,1,184,1,1,6,12,0,6,118,0,415,274,31,2021,128,834,274,2021
BRANTLEYNAN,137,14,125,5,20,191,1,604,1,1,20,48,0,13,319,2,1163,619,106,5567,281,2383,619,5567
BRANTLEYWAYNESVILLE,43,2,36,2,6,49,0,177,0,0,5,12,0,1,71,1,377,210,31,1683,83,699,210,1683
BROOKSBARWICK/DRYLAKE,13,0,6,0,0,10,0,29,0,0,0,2,0,0,10,0,43,52,2,173,19,94,52,173
BROOKSDIXIE,101,1,19,0,0,12,0,44,0,0,0,2,0,0,25,0,79,347,9,316,121,162,347,316
BROOKSE.BROOKS/BRIGGS,54,1,47,0,2,30,0,111,0,0,3,18,0,0,64,0,282,234,22,1003,102,510,234,1003
BROOKSMORVEN,123,1,32,0,1,23,2,131,2,1,1,7,0,0,37,0,177,370,11,755,156,382,370,755
BROOKSNAN,726,6,198,2,12,118,4,476,2,1,5,52,0,1,267,0,1017,2528,89,3701,932,1955,2528,3701
BROOKSPAVO/WILLIAMS,22,1,11,0,0,9,1,36,0,0,1,4,0,1,14,0,70,85,5,249,34,136,85,249
BROOKSQUITMAN,397,2,76,2,8,25,1,91,0,0,0,16,0,0,89,0,236,1382,32,816,477,466,1382,816
BROOKSS.BROOKS/NANKIN,16,0,7,0,1,9,0,34,0,0,0,3,0,0,28,0,130,58,8,389,23,205,58,389
BRYANBLACK CREEK,72,1,29,0,3,29,0,156,1,0,0,3,0,0,64,0,269,283,38,1111,102,525,283,1111
BRYANDANIELSIDING,109,1,39,0,5,27,0,150,0,0,0,25,0,0,137,0,211,299,50,1004,149,555,299,1004
BRYANELLABELL,60,0,20,1,2,26,0,120,0,0,1,17,0,4,64,0,212,199,17,848,81,446,199,848
BRYANHWY 144 EAST,81,1,57,0,4,57,0,175,0,0,1,49,0,0,193,0,305,508,80,1389,139,784,508,1389
BRYANJ.F. GREGORY PARK,86,0,60,0,9,42,1,250,1,0,1,64,1,2,242,0,318,439,72,1440,146,931,439,1440
BRYANKELLER,107,1,95,2,8,62,1,254,2,0,0,55,0,0,262,0,353,596,91,1760,205,997,596,1760
BRYANNAN,895,8,502,8,40,337,4,1480,5,1,5,274,1,10,1295,0,2220,4014,542,10529,1413,5672,4014,10529
BRYANPEMBROKE,142,1,30,2,1,30,0,118,0,1,2,21,0,1,71,0,210,449,30,854,175,455,449,854
BRYANPUBLIC SAFETY COMPLEX,76,1,63,1,4,23,1,100,1,0,0,7,0,1,74,0,110,392,58,737,141,321,392,737
BRYANRH REC COMPLEX,84,0,75,2,2,31,1,89,0,0,0,26,0,0,128,0,139,512,74,871,161,416,512,871
BRYANWAYS STATION,78,2,34,0,2,10,0,68,0,0,0,7,0,2,60,0,93,337,32,515,114,242,337,515
BULLOCHBAY,29,0,15,0,1,30,0,148,0,0,1,15,0,2,49,0,192,104,23,766,44,438,104,766
BULLOCHBLITCH,86,0,49,0,7,49,0,149,0,0,0,46,0,0,119,0,220,304,28,946,135,590,304,946
BULLOCHBROOKLET,78,0,49,2,6,63,0,212,0,1,2,42,0,1,134,0,241,394,56,1317,129,702,394,1317
BULLOCHCHURCH,362,1,184,0,9,87,2,257,3,0,3,50,0,4,261,0,296,1552,121,1572,547,972,1552,1572
BULLOCHEMIT,110,0,71,0,3,57,0,177,1,0,2,24,0,2,123,0,227,460,59,1234,181,616,460,1234
BULLOCHFAIR,235,1,156,0,13,92,0,317,1,1,3,102,0,3,340,0,460,1183,144,2293,392,1332,1183,2293
BULLOCHHAGIN,118,0,39,1,3,36,0,111,1,0,0,17,1,0,89,0,236,464,22,863,158,494,464,863
BULLOCHLEEFIELD,28,0,14,0,1,16,0,71,0,0,1,0,0,2,35,1,110,74,8,488,42,237,74,488
BULLOCHLOCKHART,38,1,15,0,1,17,1,22,0,0,1,4,0,2,12,0,81,124,7,291,54,141,124,291
BULLOCHNAN,1916,7,1227,9,61,653,9,2149,8,5,18,447,1,20,1766,1,3115,9261,890,15097,3159,8253,9261,15097
BULLOCHNEVILS,43,0,14,0,3,16,1,90,0,1,2,8,0,0,52,0,116,150,13,522,57,289,150,522
BULLOCHPITTMAN PARK,160,1,379,1,1,43,1,116,0,1,0,39,0,2,165,0,127,1944,234,1108,541,495,1944,1108
BULLOCHPORTAL,101,0,21,3,3,29,1,61,0,0,0,13,0,0,55,0,192,284,16,698,125,354,284,698
BULLOCHREGISTER,49,1,19,0,0,19,0,58,0,0,0,6,0,0,40,0,57,191,13,312,69,180,191,312
BULLOCHSINKHOLE,10,0,5,0,0,11,0,31,0,0,1,3,0,1,30,0,80,46,2,267,15,157,46,267
BULLOCHSTATESBORO,429,0,156,2,6,60,2,208,0,1,2,60,0,1,189,0,279,1791,111,1565,587,808,1791,1565
BULLOCHSTILSON,40,2,41,0,4,28,1,121,2,0,0,18,0,0,73,0,201,196,33,855,83,448,196,855
BURKEALEXANDER,42,1,5,0,0,5,0,24,0,0,1,3,0,0,5,0,43,120,2,140,48,81,120,140
BURKEBLAKENEY,70,0,10,0,0,1,1,24,0,0,0,2,0,0,17,0,43,209,3,149,80,88,209,149
BURKEFOUR POINTS,126,2,25,1,2,39,0,162,0,0,1,2,0,1,45,0,201,385,20,826,154,453,385,826
BURKEGIRARD,89,0,5,2,1,1,0,22,0,0,0,0,0,0,12,0,57,247,2,191,96,93,247,191
BURKEGOUGH,84,0,10,0,0,6,0,17,0,0,0,3,0,0,3,0,35,180,3,97,94,64,180,97
BURKEGREENSCUT,67,0,10,0,2,6,0,75,0,0,1,5,0,0,25,0,103,240,6,363,77,217,240,363
BURKEKEYSVILLE,58,0,3,0,0,7,0,13,0,0,0,2,0,0,9,0,21,127,5,92,61,52,127,92
BURKEMIDVILLE,68,0,5,1,0,4,0,28,0,0,1,3,0,0,8,0,49,152,7,117,74,93,152,117
BURKEMUNNERLYN,29,0,4,0,0,1,0,17,0,0,0,1,0,0,3,0,34,72,6,94,33,56,72,94
BURKENAN,1660,6,185,4,25,162,1,803,1,1,7,56,0,5,375,0,1181,4731,129,4491,1855,2617,4731,4491
BURKENORTH WAYNESBORO,392,0,32,0,2,25,0,85,0,0,1,6,0,1,33,0,91,1287,22,404,424,244,1287,404
BURKESARDIS,71,0,6,0,4,7,0,43,0,0,0,2,0,0,26,0,86,238,8,337,77,168,238,337
BURKESCOTTS CROSSROADS,47,1,3,0,2,1,0,9,0,0,0,1,0,0,9,0,14,111,1,59,51,36,111,59
BURKESOUTH WAYNESBORO,280,2,38,0,7,41,0,186,0,1,2,20,0,3,147,0,268,843,29,1120,320,675,843,1120
BURKEST. CLAIR,77,0,8,0,2,8,0,18,0,0,0,1,0,0,8,0,36,138,2,128,85,73,138,128
BURKETELFAIR,109,0,14,0,2,8,0,49,1,0,0,3,0,0,18,0,80,281,13,279,123,161,281,279
BURKEVIDETTE,51,0,7,0,1,2,0,31,0,0,0,2,0,0,7,0,20,101,0,95,58,63,101,95
BUTTSBUTTS CO COMM CENTER,467,1,61,3,3,58,0,153,0,0,1,15,0,2,105,0,290,1225,58,1130,532,627,1225,1130
BUTTSJENKINSBURG,216,1,27,0,4,42,2,174,0,0,0,10,0,0,73,0,290,537,25,1039,244,595,537,1039
BUTTSNAN,922,6,191,9,19,245,5,1002,2,0,7,98,0,3,597,1,1884,2566,194,6717,1128,3863,2566,6717
BUTTSSTARK,37,1,35,3,3,50,1,231,1,0,3,20,0,0,149,0,547,163,25,1657,76,1005,163,1657
BUTTSTOWALIGA,157,3,47,3,6,61,1,279,1,0,1,43,0,0,190,0,452,497,64,1816,210,1034,497,1816
BUTTSWORTHVILLE,45,0,21,0,3,34,1,165,0,0,2,10,0,1,80,1,305,144,22,1075,66,602,144,1075
CALHOUNARLINGTON,112,0,6,0,1,5,0,14,0,0,0,2,0,0,10,0,39,307,3,107,118,71,307,107
CALHOUNEDISON,82,0,10,0,0,2,0,10,0,0,0,1,0,0,5,0,10,240,2,48,92,28,240,48
CALHOUNEDISON-ARLINGTON,96,0,20,1,0,5,0,14,0,0,1,7,0,0,18,0,34,228,2,159,117,79,228,159
CALHOUNLEARY,163,0,10,0,0,12,0,27,0,0,0,2,0,0,7,0,65,274,5,212,173,113,274,212
CALHOUNMORGAN,46,0,15,0,0,5,1,40,0,0,0,3,0,0,29,0,79,130,4,304,61,157,130,304
CALHOUNNAN,499,0,61,1,1,29,1,105,0,0,1,15,0,0,69,0,227,1179,16,830,561,448,1179,830
CAMDENBROWNTOWN,7,0,14,1,2,6,0,10,0,0,0,0,0,0,17,0,145,70,11,336,22,180,70,336
CAMDENEAST KINGSLAND,230,0,122,1,8,79,3,201,0,0,2,41,0,3,210,1,415,983,138,2075,353,963,983,2075
CAMDENHARRIETTS BLUFF,53,0,14,1,2,48,0,79,0,0,0,12,0,1,91,0,266,230,29,910,68,499,230,910
CAMDENKINGSLAND,70,0,50,0,4,23,1,46,2,1,0,14,0,0,55,1,172,376,44,700,120,319,376,700
CAMDENMARY LEE CLARK,139,2,93,0,0,48,1,114,1,0,3,26,0,3,94,1,201,620,78,1075,234,492,620,1075
CAMDENMUSH BLUFF,91,1,65,1,1,35,2,97,0,0,1,20,0,2,102,0,247,425,53,964,158,507,425,964
CAMDENNAN,1405,6,690,10,35,454,11,1181,6,2,16,297,1,21,1228,4,3073,5930,629,12310,2111,6329,5930,12310
CAMDENNORTH KINGSLAND,158,1,49,2,2,23,0,66,0,0,1,4,0,3,51,0,146,650,32,627,210,296,650,627
CAMDENNORTH ST MARYS,63,0,33,0,1,17,0,64,0,0,0,12,0,1,41,0,136,346,48,450,96,272,346,450
CAMDENSOUTH ST MARYS,97,0,60,2,2,15,3,67,1,0,0,26,0,0,69,0,178,437,48,779,159,361,437,779
CAMDENTARBORO,56,0,18,1,1,17,0,48,0,0,1,6,0,0,27,0,122,177,13,415,75,222,177,415
CAMDENWAVERLY,100,0,17,0,0,15,0,75,0,0,3,14,0,1,65,0,179,273,12,670,117,352,273,670
CAMDENWEST KINGSLAND,56,0,56,1,9,41,0,105,2,0,3,13,0,1,74,0,280,363,47,1090,113,528,363,1090
CAMDENWEST SAINT MARYS,130,2,69,0,3,51,1,126,0,0,2,90,1,5,283,1,408,527,54,1516,201,971,527,1516
CAMDENWOODBINE,155,0,30,0,0,36,0,83,0,1,0,19,0,1,49,0,178,453,22,703,185,367,453,703
CANDLERCANDLER-1736,186,1,57,3,21,78,1,158,2,1,2,37,0,3,150,0,443,403,23,1282,247,896,403,1282
CANDLERMETTER -1685,249,4,54,2,28,71,1,164,0,1,5,39,0,2,172,1,455,623,50,1382,309,939,623,1382
CANDLERNAN,435,5,111,5,49,149,2,322,2,2,7,76,0,5,322,1,898,1026,73,2664,556,1835,1026,2664
CARROLLBETHANY (501),202,1,112,1,1,36,0,215,0,0,4,25,0,3,145,0,296,812,74,1324,316,725,812,1324
CARROLLBONNER (714A3),180,0,113,1,4,43,1,209,1,0,1,61,0,2,226,0,219,741,72,1138,294,767,741,1138
CARROLLBOWDON (1111),126,1,49,1,2,90,2,180,0,0,1,15,0,3,101,0,300,368,41,1246,177,694,368,1246
CARROLLBOWDON JUNCTION (1496),39,0,27,2,0,26,0,97,0,0,0,7,0,1,49,0,131,181,13,504,68,311,181,504
CARROLLBURWELL (1371),36,1,49,0,1,31,0,115,0,0,0,13,0,1,64,0,193,149,26,655,86,418,149,655
CARROLLCENTER POINT (1152),32,0,36,0,4,32,0,196,0,0,2,14,0,1,101,0,266,128,23,930,68,616,128,930
CARROLLCLEM (1483),118,1,76,1,5,71,0,317,1,1,5,55,0,3,226,0,387,419,69,1647,196,1071,419,1647
CARROLLCOUNTY ADMIN BLDG (714A5),139,0,145,2,6,37,1,129,0,3,0,25,0,1,122,2,197,539,86,734,286,523,539,734
CARROLLEAST CARROLLTON REC (714A2),99,0,68,0,1,24,1,87,0,0,3,22,0,3,92,2,149,371,35,517,167,384,371,517
CARROLLEMC (714BN),85,1,31,0,2,25,0,80,0,0,2,13,0,3,67,0,134,268,25,508,117,326,268,508
CARROLLFAIRFIELD (1540),203,1,81,1,2,72,0,313,0,0,0,59,0,4,227,0,450,632,59,1740,286,1127,632,1740
CARROLLHULETT (1542),48,0,37,2,4,46,1,229,0,0,1,17,0,2,111,0,307,191,46,1158,87,718,191,1158
CARROLLKANSAS (1006),11,1,8,2,1,34,0,79,0,0,2,13,0,0,59,0,163,51,14,602,22,351,51,602
CARROLLLOWELL (1163),23,0,24,0,3,29,0,132,0,0,1,20,0,0,71,1,190,107,22,770,47,447,107,770
CARROLLMT ZION (1240),43,1,36,0,7,37,1,140,0,1,2,19,0,4,87,0,241,162,37,898,80,539,162,898
CARROLLNAN,3186,15,1941,18,86,1263,17,5006,3,5,42,650,1,52,3381,9,7516,12464,1346,30029,5160,18031,12464,30029
CARROLLNEW HOPE (716),44,1,31,0,2,22,1,55,0,0,1,9,0,2,36,0,106,225,14,436,76,234,225,436
CARROLLOAK GROVE (715),60,0,31,0,2,29,0,134,0,0,1,9,0,2,96,1,213,191,14,705,91,487,191,705
CARROLLOLD CAMP CHURCH (714BW),94,0,62,0,6,65,1,184,0,0,0,24,0,2,123,0,294,310,51,1070,156,699,310,1070
CARROLLROOPVILLE (713),37,0,30,0,1,30,0,169,0,0,1,15,0,1,92,0,185,146,29,753,67,494,146,753
CARROLLSANDHILL (1122),149,0,118,1,1,65,1,273,0,0,3,27,1,2,152,0,412,578,63,1634,268,937,578,1634
CARROLLTABERNACLE CHURCH (714A6),98,0,69,1,5,36,0,87,0,0,0,25,0,0,109,0,141,321,33,535,168,403,321,535
CARROLLTEMPLE CITY (650),129,0,76,0,3,35,0,188,0,0,3,5,0,2,93,0,295,530,66,1182,205,624,530,1182
CARROLLTEMPLE COUNTY (649),107,0,53,0,2,54,0,213,0,0,1,15,0,0,112,1,454,375,68,1674,160,852,375,1674
CARROLLTYUS (1533),44,0,37,1,4,39,2,161,0,0,1,27,0,3,97,0,199,165,25,882,82,533,165,882
CARROLLUNIVERSITY OF W. GA (714A4),70,0,134,0,6,23,1,76,0,0,0,52,0,1,194,0,155,896,54,701,204,508,896,701
CARROLLV R COUNTY NORTH (641),217,3,96,0,1,55,1,288,0,0,0,15,0,1,155,1,415,703,67,1898,316,932,703,1898
CARROLLV R COUNTY SOUTH (640),68,0,44,1,2,50,0,182,0,0,2,12,0,1,121,0,337,299,40,1183,113,707,299,1183
CARROLLVILLA RICA CITY (642),366,2,142,0,3,73,0,246,1,0,2,13,0,2,141,0,368,1403,107,1673,510,849,1403,1673
CARROLLWEST CARROLLTON (714A1),260,1,104,0,3,15,2,32,0,0,0,10,0,0,24,0,51,1053,47,325,365,137,1053,325
CARROLLWHITESBURG (682),59,0,22,1,2,39,1,200,0,0,3,14,0,2,88,1,268,150,26,1007,82,618,150,1007
CATOOSABLACKSTOCK,34,0,41,1,3,25,0,97,0,0,0,15,0,0,80,0,220,143,31,854,76,440,143,854
CATOOSABOYNTON,133,1,134,2,4,166,3,381,0,0,4,81,1,1,377,0,586,660,111,2886,270,1604,660,2886
CATOOSACATOOSA KEITH,44,2,56,0,1,78,0,169,0,0,3,19,0,2,145,1,298,214,44,1246,102,716,214,1246
CATOOSACHAMBERS,73,1,45,1,3,93,0,193,1,0,1,44,0,0,156,0,293,258,42,1365,120,784,258,1365
CATOOSAFORT OGLETHORPE,116,1,108,5,6,68,0,177,0,0,3,43,0,1,190,0,383,486,81,1765,230,871,486,1765
CATOOSAGRAYSVILLE,101,1,99,1,3,99,1,261,0,0,2,35,0,2,230,1,402,442,107,1950,202,1036,442,1950
CATOOSALAKEVIEW,71,1,84,0,2,72,0,142,0,0,1,21,0,1,116,0,312,372,69,1421,156,667,372,1421
CATOOSANAN,1088,11,1027,13,45,1106,11,2536,2,0,25,461,1,27,2434,3,4464,4771,881,20876,2139,11115,4771,20876
CATOOSAPOPLAR SPRINGS,100,1,94,1,6,106,3,254,0,0,2,48,0,5,254,0,417,384,88,2123,196,1095,384,2123
CATOOSARINGGOLD,203,1,184,0,8,176,4,423,0,0,1,85,0,7,464,1,681,883,163,3412,388,1850,883,3412
CATOOSAWESTSIDE,139,2,117,2,8,126,0,241,1,0,4,42,0,2,265,0,534,658,88,2334,260,1223,658,2334
CATOOSAWOODSTATION,74,0,65,0,1,97,0,198,0,0,4,28,0,6,157,0,338,271,57,1520,139,829,271,1520
CHARLTONAMERICAN LEGION,11,1,8,1,5,13,1,67,0,0,0,6,0,3,49,0,87,42,8,450,21,231,42,450
CHARLTONFOLKSTON,215,2,32,1,3,17,0,78,1,1,1,9,0,0,64,0,135,780,20,644,250,309,780,644
CHARLTONFOLKSTON FIRE STATION,15,1,16,0,3,19,1,35,0,0,0,1,0,1,25,0,95,48,10,411,32,180,48,411
CHARLTONGA BEND,8,1,3,1,2,3,0,14,0,0,1,0,0,0,16,0,62,17,1,272,13,98,17,272
CHARLTONHOMELAND,16,1,6,1,4,12,1,50,0,0,1,4,0,1,21,0,76,59,6,423,24,170,59,423
CHARLTONNAN,275,8,84,6,19,87,3,319,1,1,7,20,0,5,209,0,603,1004,54,2951,373,1274,1004,2951
CHARLTONRACEPOND,0,0,4,0,0,5,0,16,0,0,2,0,0,0,12,0,35,12,2,167,4,70,12,167
CHARLTONST. GEORGE,5,2,9,0,2,12,0,36,0,0,1,0,0,0,14,0,68,32,5,393,16,133,32,393
CHARLTONWINOKUR,5,0,6,2,0,6,0,23,0,0,1,0,0,0,8,0,45,14,2,191,13,83,14,191
CHATHAM1-01,380,2,330,2,11,32,2,134,0,0,0,140,0,1,255,1,229,1285,129,917,714,805,1285,917
CHATHAM1-05,185,0,193,0,2,22,1,87,1,0,1,44,0,1,118,0,135,735,89,559,378,412,735,559
CHATHAM1-06,168,0,114,0,9,44,3,121,0,1,1,71,0,2,206,0,195,563,53,793,282,653,563,793
CHATHAM1-08,112,1,96,1,5,21,0,100,0,0,0,52,0,2,126,0,164,437,38,599,210,470,437,599
CHATHAM1-09,65,1,32,0,1,3,1,26,0,0,0,2,0,0,19,0,49,217,10,160,98,101,217,160
CHATHAM1-10,52,1,49,0,4,22,2,99,0,0,0,48,1,1,112,0,119,199,27,568,102,408,199,568
CHATHAM1-12,89,1,40,2,6,35,2,153,4,0,1,113,0,0,267,0,213,417,54,978,132,794,417,978
CHATHAM1-13,89,1,77,0,1,16,1,96,1,1,2,24,0,2,86,0,112,294,39,476,167,342,294,476
CHATHAM1-14,103,2,63,0,9,24,1,151,2,0,0,48,0,0,131,0,152,391,32,734,168,518,391,734
CHATHAM1-16,143,1,74,2,5,52,1,278,0,0,0,85,0,3,186,0,324,448,59,1329,220,934,448,1329
CHATHAM1-17,142,0,97,2,8,46,0,218,1,0,1,92,0,2,323,0,313,628,88,1449,241,1004,628,1449
CHATHAM2-02,172,1,120,0,1,2,0,17,0,1,0,17,0,0,32,0,34,634,25,149,293,104,634,149
CHATHAM2-03,194,2,124,0,0,5,0,12,0,0,0,10,0,0,23,0,21,675,28,108,320,71,675,108
CHATHAM2-04,626,0,137,0,3,0,1,12,0,1,0,1,0,0,17,0,9,1537,31,64,763,44,1537,64
CHATHAM2-05,350,1,220,2,0,11,1,11,0,0,0,3,1,1,27,0,20,953,35,108,573,75,953,108
CHATHAM2-06,76,0,20,0,0,2,0,4,0,2,0,0,0,0,5,0,14,245,10,37,96,27,245,37
CHATHAM2-07,446,4,155,0,5,12,1,31,0,0,1,23,0,3,35,0,51,1278,52,197,605,162,1278,197
CHATHAM2-09,560,2,189,1,2,10,1,36,0,0,0,14,0,2,25,0,48,1553,55,202,752,138,1553,202
CHATHAM2-11,265,0,68,0,3,4,0,17,0,2,0,5,0,0,21,0,26,768,29,153,333,78,768,153
CHATHAM2-12,171,2,193,0,2,3,0,9,1,0,0,3,0,0,22,0,33,657,40,96,366,73,657,96
CHATHAM3-01,49,0,37,0,0,5,0,7,0,0,0,21,0,1,41,0,32,168,14,123,86,107,168,123
CHATHAM3-02,178,1,132,0,6,5,0,33,1,0,0,58,0,0,105,0,96,614,45,361,311,304,614,361
CHATHAM3-03,132,1,30,0,1,1,0,7,0,0,1,1,0,0,7,0,8,472,7,58,163,26,472,58
CHATHAM3-04,323,0,39,1,0,3,0,7,0,0,0,1,1,0,5,0,13,772,8,44,363,30,772,44
CHATHAM3-05,200,1,116,0,5,10,0,44,0,0,0,4,0,1,38,1,53,733,48,257,317,156,733,257
CHATHAM3-08,168,0,64,1,2,10,0,39,1,1,1,11,0,0,25,0,46,462,14,217,233,136,462,217
CHATHAM3-09,55,0,28,0,3,9,0,75,1,1,0,19,0,0,59,0,66,171,12,273,83,233,171,273
CHATHAM3-10,482,2,97,3,2,5,1,27,0,0,0,8,0,0,18,0,50,1227,27,200,584,111,1227,200
CHATHAM3-11,223,0,58,0,1,9,0,27,0,0,0,7,0,0,19,1,39,609,19,152,281,103,609,152
CHATHAM3-12,176,1,82,0,2,17,0,50,1,0,0,19,0,3,71,0,133,552,41,449,259,296,552,449
CHATHAM3-13,249,0,99,1,1,12,0,60,0,0,1,22,0,1,58,0,100,1289,35,455,349,255,1289,455
CHATHAM3-14,422,1,66,0,2,10,0,55,0,0,0,23,0,1,47,0,51,1063,34,277,489,189,1063,277
CHATHAM3-15,110,0,16,0,3,6,0,36,0,0,1,25,0,0,73,0,64,253,13,265,126,208,253,265
CHATHAM4-02,113,0,115,3,4,33,0,113,1,0,0,38,0,0,120,0,228,485,57,871,231,537,485,871
CHATHAM4-04,112,0,107,0,7,29,0,180,1,0,1,58,0,0,185,0,321,423,54,1076,219,782,423,1076
CHATHAM4-05,111,0,85,1,3,43,1,174,0,0,1,61,1,1,166,0,262,437,65,1052,197,713,437,1052
CHATHAM4-06,103,2,96,0,3,32,0,179,0,0,0,46,1,4,169,1,278,383,60,1023,201,713,383,1023
CHATHAM4-07,127,1,100,2,5,35,1,191,0,0,1,54,0,2,184,1,270,629,88,1396,230,744,629,1396
CHATHAM4-08,136,3,121,1,14,49,2,293,1,0,2,127,0,2,275,0,380,473,60,1326,261,1145,473,1326
CHATHAM4-10,131,0,99,1,3,16,2,82,2,0,0,49,1,1,102,1,219,362,32,653,231,478,362,653
CHATHAM4-11,113,0,102,1,4,15,1,81,0,0,0,61,0,1,120,0,221,446,26,692,216,504,446,692
CHATHAM4-12,143,0,38,0,6,20,1,128,0,0,1,156,1,0,293,0,293,519,45,1213,181,899,519,1213
CHATHAM4-13,119,0,41,0,10,21,2,120,3,0,0,235,1,1,408,0,306,524,36,1301,160,1107,524,1301
CHATHAM4-14,116,0,33,0,5,18,0,106,0,0,0,184,1,0,273,1,229,405,28,871,149,817,405,871
CHATHAM4-15,119,0,38,0,9,12,0,77,1,0,0,158,1,1,276,0,226,435,28,942,157,761,435,942
CHATHAM5-01,133,0,36,2,4,8,2,13,0,0,0,4,0,0,16,0,35,396,10,133,171,82,396,133
CHATHAM5-02,119,0,36,0,0,1,0,4,0,0,0,0,0,0,6,0,6,360,8,34,155,17,360,34
CHATHAM5-03,192,0,34,0,0,1,0,1,0,0,1,0,0,0,1,0,1,517,8,11,226,5,517,11
CHATHAM5-05,711,1,86,1,0,5,0,2,0,0,0,2,0,0,1,0,4,1444,14,22,799,14,1444,22
CHATHAM5-06,387,0,90,1,0,6,2,16,0,1,0,3,0,0,16,0,24,1010,27,165,478,68,1010,165
CHATHAM5-07,201,0,90,0,1,11,0,32,0,0,0,9,0,1,31,0,45,689,30,215,291,130,689,215
CHATHAM5-08,233,0,66,0,8,11,0,49,0,0,0,9,0,0,38,0,81,662,32,303,299,196,662,303
CHATHAM5-10,734,1,117,2,1,2,0,10,0,0,1,0,0,0,4,1,16,1744,17,65,854,35,1744,65
CHATHAM5-11,347,1,101,0,3,10,0,54,0,0,3,17,0,2,51,0,47,1107,34,347,449,187,1107,347
CHATHAM6-01,181,2,67,0,2,26,0,65,0,1,0,10,0,3,52,0,94,586,57,375,250,253,586,375
CHATHAM6-02,244,0,98,0,6,31,0,163,1,1,0,78,0,1,212,0,207,669,46,914,342,700,669,914
CHATHAM6-03,344,3,116,2,8,22,0,116,1,1,1,36,0,1,100,0,142,871,54,647,465,428,871,647
CHATHAM6-05,202,1,81,0,3,19,1,59,0,0,0,15,0,0,51,0,102,617,38,387,284,250,617,387
CHATHAM6-06,91,0,54,0,6,20,1,49,0,0,0,18,0,0,47,0,117,360,24,398,145,258,360,398
CHATHAM6-08,257,2,82,1,2,11,0,44,0,1,0,9,0,2,46,0,86,808,39,317,342,201,808,317
CHATHAM6-09,315,5,165,2,7,38,0,128,1,0,2,51,0,2,139,0,251,1187,94,935,487,619,1187,935
CHATHAM6-10,365,0,134,2,2,58,1,205,2,0,3,52,0,2,195,0,257,1202,82,1193,501,777,1202,1193
CHATHAM6-11,379,1,106,1,1,23,0,121,1,0,0,18,0,0,67,0,154,1342,88,779,487,385,1342,779
CHATHAM7-01,90,1,32,0,3,13,0,95,0,0,2,8,0,0,46,1,128,318,12,460,123,296,318,460
CHATHAM7-03,48,0,31,0,3,8,0,72,0,0,1,14,0,0,54,0,148,208,28,521,79,300,208,521
CHATHAM7-04,400,1,137,0,2,15,2,99,1,2,1,8,0,3,72,0,116,1439,62,700,538,321,1439,700
CHATHAM7-05,87,0,46,0,0,11,0,55,0,0,2,12,0,0,27,0,75,330,21,273,133,182,330,273
CHATHAM7-06,169,1,78,0,7,34,1,139,0,0,2,22,0,3,67,0,215,667,51,900,248,490,667,900
CHATHAM7-07,323,1,157,0,8,56,2,378,0,1,4,73,0,1,237,0,461,1268,105,2022,481,1221,1268,2022
CHATHAM7-08,49,2,33,1,2,31,1,216,3,1,2,10,0,1,79,1,289,226,51,1107,85,636,226,1107
CHATHAM7-09,151,1,52,1,2,18,2,104,0,0,0,19,1,3,79,0,133,616,52,625,205,361,616,625
CHATHAM7-10,297,1,104,0,1,21,0,101,1,0,0,22,0,1,72,0,132,1075,90,728,402,351,1075,728
CHATHAM7-11,242,1,129,1,1,27,4,123,0,0,2,31,0,0,103,1,132,1069,109,858,373,424,1069,858
CHATHAM7-12,375,1,148,1,5,74,0,253,1,1,0,59,0,1,231,0,302,1518,89,1635,525,927,1518,1635
CHATHAM7-13,188,0,63,1,1,35,0,169,0,0,1,60,0,1,251,0,247,547,46,1123,252,765,547,1123
CHATHAM7-14,700,3,177,0,5,51,0,185,1,0,2,40,0,1,184,0,211,2351,114,1278,880,680,2351,1278
CHATHAM8-01,40,0,50,0,1,2,0,2,0,0,0,7,0,0,20,0,20,277,12,70,90,52,277,70
CHATHAM8-02,183,1,177,0,1,6,1,23,0,1,1,13,0,2,27,0,25,728,36,143,361,100,728,143
CHATHAM8-03,42,0,12,0,0,6,1,44,0,0,0,6,0,0,16,0,61,134,7,275,54,134,134,275
CHATHAM8-05,196,2,35,0,0,2,0,0,0,0,0,0,0,0,4,0,2,642,8,17,233,8,642,17
CHATHAM8-06,171,0,19,0,0,0,0,0,0,0,0,0,0,0,2,0,1,456,7,8,190,3,456,8
CHATHAM8-07,136,0,13,0,0,0,0,2,0,0,1,0,0,0,0,0,3,312,6,12,149,6,312,12
CHATHAM8-08,358,2,38,1,0,1,0,3,0,0,0,0,0,0,0,0,5,841,7,15,399,9,841,15
CHATHAM8-09,291,1,18,0,0,1,0,2,0,0,0,0,0,0,1,0,0,701,15,11,310,4,701,11
CHATHAM8-10,439,1,51,2,0,2,0,0,0,0,0,0,0,0,0,0,1,989,7,10,493,3,989,10
CHATHAM8-11,505,0,53,1,0,4,0,1,0,0,0,0,0,0,0,0,1,929,10,6,559,6,929,6
CHATHAM8-12,155,0,27,0,0,2,0,9,0,0,0,4,0,0,10,0,16,434,16,104,182,41,434,104
CHATHAM8-13,20,0,15,0,0,4,0,38,0,0,0,4,0,1,18,0,79,131,16,258,35,144,131,258
CHATHAM8-15,228,0,23,1,0,4,0,8,0,0,0,0,0,0,2,0,21,693,5,66,252,35,693,66
CHATHAMNAN,19916,72,7507,51,274,1522,50,7055,36,21,49,2984,11,72,7848,11,10738,62290,3503,45688,27546,30671,62290,45688
CHATTAHOOCHEECHATTAHOOCHEE ACVITITY CENTER,182,1,40,1,4,14,0,89,0,0,0,8,0,1,30,0,175,594,45,751,224,321,594,751
CHATTAHOOCHEENAN,182,1,40,1,4,14,0,89,0,0,0,8,0,1,30,0,175,594,45,751,224,321,594,751
CHATTOOGAALPINE,35,0,23,3,3,13,0,45,0,0,0,7,0,0,33,0,133,93,17,451,61,234,93,451
CHATTOOGACLOUDLAND,19,0,19,0,2,11,0,10,0,0,0,7,0,1,13,0,58,58,5,158,38,102,58,158
CHATTOOGACOLDWATER,25,2,2,1,1,9,0,6,0,0,0,0,0,0,4,0,40,53,3,106,30,60,53,106
CHATTOOGADIRTSELLER,6,0,5,0,0,6,0,10,0,0,0,0,0,0,11,0,33,16,0,106,11,60,16,106
CHATTOOGADIRTTOWN,46,0,20,2,0,21,1,66,0,0,1,4,0,0,41,0,107,96,11,455,68,241,96,455
CHATTOOGAHAYWOOD,5,0,4,0,0,8,0,5,0,0,0,3,0,0,7,0,18,15,3,89,9,41,15,89
CHATTOOGALYERLY,34,1,24,2,2,28,0,48,1,1,0,9,0,0,26,0,123,94,12,445,61,238,94,445
CHATTOOGANAN,568,7,302,14,24,292,1,636,2,1,9,74,0,6,523,0,1676,1613,177,6462,891,3244,1613,6462
CHATTOOGAPENNVILLE,14,0,8,0,0,8,0,27,0,0,0,0,0,0,13,0,72,48,3,272,22,120,48,272
CHATTOOGASEMINOLE,3,0,3,0,0,7,0,9,0,0,0,1,0,0,3,0,33,5,5,77,6,53,5,77
CHATTOOGASUBLIGNA,14,1,15,1,0,24,0,32,0,0,0,3,0,2,29,0,88,30,5,295,31,178,30,295
CHATTOOGASUMMERVILLE,252,3,90,3,8,72,0,177,1,0,5,26,0,2,187,0,527,759,67,2099,348,1005,759,2099
CHATTOOGATELOGA,19,0,21,1,2,27,0,44,0,0,0,2,0,0,25,0,80,40,10,320,41,180,40,320
CHATTOOGATRION,96,0,68,1,6,58,0,157,0,0,3,12,0,1,131,0,364,306,36,1589,165,732,306,1589
CHEROKEEAIR ACRES,97,1,101,0,5,46,1,212,0,0,0,34,0,3,231,0,260,491,105,1285,199,792,491,1285
CHEROKEEARNOLD MILL,126,2,126,0,0,73,2,441,3,1,1,70,0,1,394,0,471,618,151,2184,254,1457,618,2184
CHEROKEEAVERY,44,0,52,1,6,57,3,271,0,0,2,47,0,2,296,1,396,268,86,1661,97,1081,268,1661
CHEROKEEBALL GROUND,62,0,68,2,3,55,1,314,0,0,0,37,0,1,198,0,535,279,79,1941,132,1144,279,1941
CHEROKEEBASCOMB,140,1,153,1,7,60,2,338,1,0,4,62,0,3,367,1,415,664,120,1899,295,1260,664,1899
CHEROKEEBELLS,210,0,198,0,4,55,1,246,2,0,1,56,0,4,291,0,419,1068,182,1853,408,1079,1068,1853
CHEROKEEBOOTH,120,0,85,1,3,38,0,295,0,0,1,103,0,0,451,1,425,701,103,1949,206,1317,701,1949
CHEROKEEBRADSHAW,123,1,88,1,5,86,2,391,1,0,1,84,0,5,478,0,546,557,125,2307,213,1599,557,2307
CHEROKEEBRIDGEMILL,145,1,107,1,3,67,2,308,3,1,3,105,0,0,461,1,615,707,126,2597,254,1569,707,2597
CHEROKEECANTON,233,1,140,2,10,59,3,322,2,0,1,108,0,2,433,0,564,1004,121,2389,376,1504,1004,2389
CHEROKEECARMEL,145,0,151,1,4,38,3,237,1,0,1,37,0,4,235,1,297,750,124,1384,297,858,750,1384
CHEROKEECLAYTON,57,1,34,0,2,51,1,286,1,0,1,31,0,1,212,0,427,317,87,1842,92,1013,317,1842
CHEROKEECONNS CREEK,3,1,11,0,2,13,0,89,0,0,1,8,0,1,29,0,113,46,12,424,15,256,46,424
CHEROKEEDEER RUN,106,0,84,0,7,51,0,213,1,0,0,58,0,3,280,2,297,490,95,1407,190,912,490,1407
CHEROKEEDIXIE,174,2,160,3,4,69,2,344,4,0,4,53,0,5,322,0,435,964,196,2144,339,1242,964,2144
CHEROKEEFREEHOME,94,0,85,0,6,73,1,469,1,1,6,81,0,7,450,0,697,525,125,2851,179,1792,525,2851
CHEROKEEHICKORY FLAT,142,1,131,2,4,91,1,456,0,0,1,75,1,4,452,0,531,819,168,2600,276,1616,819,2600
CHEROKEEHIGHTOWER,67,1,46,0,5,63,1,317,0,0,2,50,0,5,259,0,448,280,84,1836,114,1150,280,1836
CHEROKEEHILLSIDE,106,0,94,0,1,54,3,249,2,0,0,90,0,2,390,0,403,498,94,1722,200,1194,498,1722
CHEROKEEHOLLY SPRINGS,43,0,75,0,3,27,2,208,1,0,3,23,0,4,155,0,285,292,75,1224,118,711,292,1224
CHEROKEEKELLOGG,133,0,154,0,3,80,3,364,1,0,3,53,0,5,278,0,510,758,186,2060,287,1300,758,2060
CHEROKEELIBERTY,226,0,185,0,8,94,1,467,1,1,1,60,0,2,451,0,620,1236,238,3206,411,1706,1236,3206
CHEROKEELITTLE RIVER,289,0,165,0,5,80,0,371,0,2,1,115,0,4,572,0,580,1458,200,2791,454,1730,1458,2791
CHEROKEEMACEDONIA,89,1,84,1,6,71,1,413,1,0,0,83,0,4,438,0,536,523,100,2437,175,1553,523,2437
CHEROKEEMOUNTAIN ROAD,97,0,98,0,2,58,0,266,1,0,4,49,0,3,266,1,363,432,100,1566,195,1013,432,1566
CHEROKEENAN,4844,29,4442,25,168,2524,61,12899,40,6,68,2473,2,129,13475,13,18469,25231,5015,80649,9340,50327,25231,80649
CHEROKEENEESE,256,1,221,0,7,92,4,501,1,0,2,86,0,9,510,0,562,1286,247,2842,478,1774,1286,2842
CHEROKEEOAK GROVE,104,1,112,3,1,68,1,257,0,0,0,34,0,1,210,1,399,458,93,1624,220,972,458,1624
CHEROKEER M MOORE,33,0,41,0,3,48,2,312,0,0,4,29,0,3,202,0,455,227,61,1708,74,1058,227,1708
CHEROKEER T JONES,49,0,68,0,1,34,0,162,1,0,1,28,1,2,153,0,199,362,65,889,117,582,362,889
CHEROKEEROSECREEK,121,0,128,0,2,68,0,305,2,0,0,75,0,3,452,1,495,586,125,1922,249,1403,586,1922
CHEROKEESALACOA,10,0,7,0,0,10,0,67,0,0,1,5,0,0,39,0,96,43,15,376,17,218,43,376
CHEROKEESIXES,91,3,101,0,3,48,0,280,1,0,1,61,0,3,293,0,352,428,79,1551,195,1042,428,1551
CHEROKEESUTALLEE,34,1,41,1,3,41,3,232,1,0,2,16,0,0,164,0,337,204,53,1305,77,799,204,1305
CHEROKEETEASLEY,152,1,124,2,8,121,2,494,2,0,3,100,0,9,501,1,806,939,176,3464,279,2047,939,3464
CHEROKEETOONIGH,139,1,182,1,8,104,3,479,0,0,2,58,0,2,479,0,642,913,206,2912,323,1777,913,2912
CHEROKEEUNION HILL,84,0,87,0,3,64,2,327,0,0,3,67,0,2,389,0,551,436,104,2062,171,1408,436,2062
CHEROKEEUNIVETER,105,1,110,1,5,69,1,433,2,0,1,76,0,5,384,0,583,502,135,2654,217,1559,502,2654
CHEROKEEVICTORIA,87,2,78,0,2,56,0,222,0,0,0,39,0,6,206,0,365,366,102,1441,167,896,366,1441
CHEROKEEWALESKA,83,1,59,1,2,36,1,180,0,0,1,60,0,1,214,1,345,353,52,1260,144,841,353,1260
CHEROKEEWILDCAT,74,0,107,0,3,57,1,283,2,0,2,24,0,2,197,0,352,387,107,1531,181,923,387,1531
CHEROKEEWOODLANDS,144,1,140,0,1,43,2,223,1,0,3,68,0,3,313,1,282,819,132,1411,285,940,819,1411
CHEROKEEWOODSTOCK,207,2,161,0,8,56,3,255,0,0,0,75,0,3,380,0,460,1177,181,2138,370,1240,1177,2138
CLARKE1A W'VILLE TRAIN DEPOT,277,1,151,1,0,40,1,124,0,0,0,21,0,0,105,0,137,937,58,618,430,428,937,618
CLARKE1B GAINES SCHOOL,343,2,234,1,4,47,1,131,1,1,2,42,0,4,136,0,142,1271,72,705,580,511,1271,705
CLARKE1C WHIT DAVIS SCHOOL,219,1,277,0,6,16,0,73,1,0,3,43,0,2,126,0,89,905,81,500,497,359,905,500
CLARKE1D WHIT DAVIS SCHOOL,397,0,289,2,3,24,1,137,1,0,2,55,0,0,161,0,154,1192,94,711,688,538,1192,711
CLARKE2A JUDIA J. HARRIS SCH,458,1,167,1,1,12,0,46,0,0,0,5,0,0,36,0,64,1559,42,325,627,164,1559,325
CLARKE2B HOWARD STROUD SCHOOL,499,3,352,3,1,14,0,17,1,1,1,12,0,3,54,0,27,2038,97,218,857,131,2038,218
CLARKE3A CLARKE CENTRAL HIGH,253,1,232,0,0,7,0,10,0,0,1,5,0,0,31,1,14,1060,48,131,486,69,1060,131
CLARKE3B THOMAS N. LAY PARK,337,0,562,0,1,13,1,36,0,0,0,40,0,2,153,0,45,2093,143,642,899,291,2093,642
CLARKE4A ATHENS TRANSIT CTR,98,1,211,0,1,3,0,24,0,0,0,19,0,0,53,0,43,726,80,263,310,143,726,263
CLARKE4B MEMORIAL PARK,271,1,617,0,0,27,0,64,1,0,1,59,0,3,245,0,86,1972,173,713,889,486,1972,713
CLARKE5A OGLETHORPE SCHOOL,300,2,373,1,5,23,2,80,0,0,0,46,0,1,148,1,138,1262,87,581,676,444,1262,581
CLARKE5B WHITEHEAD RD SCHOOL,371,1,200,1,3,19,0,107,0,0,1,24,0,1,107,1,125,1198,68,500,573,388,1198,500
CLARKE5C CHASE STREET SCHOOL,254,0,547,0,0,7,0,14,0,0,0,20,0,0,56,0,29,1246,39,154,801,126,1246,154
CLARKE5D ACC FLEET MGT BLDG,327,0,140,2,3,14,0,67,1,1,0,14,0,0,82,0,74,1110,45,325,469,256,1110,325
CLARKE6A CLEVELAND RD SCHOOL,280,1,127,1,2,39,1,164,2,1,1,36,0,1,160,0,160,947,73,845,409,567,947,845
CLARKE6B GA SQUARE MALL,434,0,248,2,2,42,0,136,0,0,0,57,0,3,188,0,186,1387,74,832,684,614,1387,832
CLARKE6C TIMOTHY ROAD SCHOOL,276,0,213,0,7,29,1,123,0,0,1,54,0,2,210,1,151,1077,111,839,489,579,1077,839
CLARKE6D FIRESTATION #4,177,1,207,0,0,13,0,56,0,0,0,25,0,1,70,0,55,733,56,287,385,220,733,287
CLARKE7A TIMOTHY ROAD SCHOOL,281,0,202,1,3,20,0,73,0,1,0,50,1,0,191,1,129,1082,83,692,484,469,1082,692
CLARKE7B ALPS ELEM. SCHOOL,247,2,288,1,8,21,2,57,1,0,2,58,0,3,205,0,118,1222,107,704,538,475,1222,704
CLARKE7C FIRESTATION #3,234,0,297,2,2,11,1,60,0,0,0,81,0,4,222,0,120,1075,113,637,533,501,1075,637
CLARKE8A GAINES SCHOOL,288,3,345,1,6,19,2,85,2,2,0,48,0,1,135,1,121,1233,91,533,637,422,1233,533
CLARKE8B CEDAR SHLS HIGH SCH,238,0,203,0,3,21,2,50,0,2,2,33,0,0,98,0,74,866,64,372,441,285,866,372
CLARKE8C FIRESTATION #7,248,0,396,1,3,18,0,88,0,0,2,31,0,7,142,0,82,1412,120,590,645,373,1412,590
CLARKENAN,7107,21,6878,21,64,499,15,1822,11,9,19,878,1,38,3114,6,2363,29603,2019,12717,14027,8839,29603,12717
CLAYBLUFFTON,26,1,9,0,0,5,0,10,0,0,0,2,0,0,12,1,33,78,3,150,36,63,78,150
CLAYCOURTHOUSE,86,0,10,0,1,4,0,6,0,0,0,0,0,0,3,0,12,181,4,41,96,26,181,41
CLAYDAY'S CROSS ROADS,53,2,7,2,2,4,1,28,0,0,0,6,0,0,17,0,71,117,1,170,64,129,117,170
CLAYNAN,298,3,44,2,5,23,1,64,0,0,1,15,0,0,57,1,179,697,8,566,347,346,697,566
CLAYOLD HEAD START,68,0,9,0,1,6,0,10,0,0,0,4,0,0,11,0,42,162,0,126,77,74,162,126
CLAYTONELLENWOOD,1223,0,232,3,1,11,0,36,0,0,0,4,0,1,28,0,52,3174,59,219,1458,133,3174,219
CLAYTONFOREST PARK 1,249,1,63,2,0,17,0,34,0,0,0,2,0,1,30,0,81,1014,37,267,315,165,1014,267
CLAYTONFOREST PARK 2,274,1,70,0,1,15,0,25,0,0,0,8,0,0,9,0,51,955,24,184,345,109,955,184
CLAYTONFOREST PARK 3,252,1,67,1,2,4,0,20,2,0,0,1,0,0,12,0,69,880,18,222,321,110,880,222
CLAYTONFOREST PARK 4,176,2,49,0,2,7,0,40,0,0,1,9,0,0,39,0,76,573,22,282,227,174,573,282
CLAYTONFOREST PARK 5,307,0,85,0,0,10,0,45,0,0,0,8,0,1,20,0,79,1263,34,265,392,163,1263,265
CLAYTONFOREST PARK 6,150,0,35,0,1,5,0,31,0,0,0,4,0,0,22,0,69,460,14,209,185,132,460,209
CLAYTONJONESBORO 1,696,1,130,1,1,6,0,31,0,0,0,3,0,0,23,0,64,2176,41,207,828,128,2176,207
CLAYTONJONESBORO 10,314,0,66,0,2,6,0,18,0,1,0,4,0,0,18,0,34,1230,22,158,380,83,1230,158
CLAYTONJONESBORO 11,621,1,135,1,3,25,0,92,0,0,0,17,0,1,84,0,116,1662,44,490,758,338,1662,490
CLAYTONJONESBORO 12,424,1,86,1,0,3,0,11,0,0,0,2,0,0,11,0,22,1331,16,109,512,49,1331,109
CLAYTONJONESBORO 13,346,0,72,0,0,9,0,30,0,0,1,10,0,0,25,0,47,950,17,182,418,122,950,182
CLAYTONJONESBORO 14,704,1,153,2,4,46,0,142,1,0,1,27,0,1,175,0,210,1781,53,857,860,607,1781,857
CLAYTONJONESBORO 15,232,0,74,2,1,2,0,21,1,0,0,3,0,0,15,0,37,1052,31,129,308,80,1052,129
CLAYTONJONESBORO 16,283,0,66,0,1,6,0,11,0,0,0,2,0,0,8,0,34,912,26,127,349,62,912,127
CLAYTONJONESBORO 17,682,2,143,0,0,12,0,25,0,0,0,2,0,0,10,0,30,2161,45,165,827,79,2161,165
CLAYTONJONESBORO 18,410,2,117,0,1,11,2,29,1,0,0,8,0,0,28,0,46,1345,41,207,529,126,1345,207
CLAYTONJONESBORO 2,663,0,134,1,1,4,0,11,1,0,0,1,0,0,13,0,12,2024,35,108,798,43,2024,108
CLAYTONJONESBORO 3,622,2,119,0,2,13,1,56,0,0,0,6,0,0,49,0,107,1795,43,386,743,234,1795,386
CLAYTONJONESBORO 4,231,1,58,1,0,6,0,16,0,0,0,4,1,2,15,0,56,811,22,172,291,100,811,172
CLAYTONJONESBORO 5,226,1,90,0,0,14,0,50,0,0,0,11,0,0,33,0,80,825,33,271,317,188,825,271
CLAYTONJONESBORO 6,368,6,81,1,5,20,1,137,0,0,2,36,0,0,154,0,235,846,37,844,456,590,846,844
CLAYTONJONESBORO 7,421,1,97,0,2,10,0,55,0,0,1,8,0,0,77,0,88,1394,43,329,519,241,1394,329
CLAYTONJONESBORO 8,397,1,89,2,0,6,0,12,0,0,3,0,0,0,9,0,29,1569,24,115,489,59,1569,115
CLAYTONJONESBORO 9,124,1,40,0,1,7,0,25,0,0,0,3,0,1,2,0,25,472,13,132,165,64,472,132
CLAYTONLAKE CITY,286,1,101,0,2,8,0,27,0,0,0,1,0,0,12,0,46,1178,29,154,388,96,1178,154
CLAYTONLOVEJOY 1,643,0,131,0,0,14,0,47,0,1,0,4,0,1,32,0,69,1777,41,314,774,168,1777,314
CLAYTONLOVEJOY 2,403,1,88,1,1,3,0,30,0,0,0,3,0,0,13,0,43,1421,25,197,493,93,1421,197
CLAYTONLOVEJOY 3,762,0,175,2,5,18,1,79,0,1,0,7,0,1,80,0,127,2696,56,572,939,319,2696,572
CLAYTONLOVEJOY 4,665,1,154,0,1,5,0,23,1,0,1,4,0,1,28,1,48,2023,27,232,820,113,2023,232
CLAYTONLOVEJOY 5,431,0,87,0,1,7,0,18,1,0,0,4,0,0,22,0,30,1367,30,147,518,83,1367,147
CLAYTONMORROW 1,397,0,88,1,1,7,0,23,0,0,0,3,0,1,18,0,44,1324,29,128,486,97,1324,128
CLAYTONMORROW 2,207,1,57,0,4,11,0,51,1,0,1,7,0,0,41,0,101,678,22,338,265,217,678,338
CLAYTONMORROW 3,571,3,133,2,2,7,0,41,1,0,0,11,0,2,27,0,81,1833,40,338,709,172,1833,338
CLAYTONMORROW 4,225,2,46,2,0,5,0,35,0,0,0,11,0,2,31,0,56,731,30,235,275,140,731,235
CLAYTONMORROW 5,899,0,174,1,0,25,0,65,0,1,2,12,0,0,60,0,89,2425,52,410,1074,254,2425,410
CLAYTONMORROW 6,439,2,106,0,1,16,2,31,2,0,0,6,0,0,34,0,68,1215,36,243,547,160,1215,243
CLAYTONMORROW 7,222,0,72,0,1,2,0,26,0,0,0,3,0,1,15,0,46,762,18,164,294,94,762,164
CLAYTONMORROW 8,552,1,130,0,0,6,0,22,1,0,1,2,0,0,20,0,30,1473,34,115,683,82,1473,115
CLAYTONMORROW 9,223,2,55,0,0,6,1,17,0,0,0,3,0,0,14,0,37,614,21,114,280,78,614,114
CLAYTONNAN,25151,60,5557,38,62,531,13,1859,15,5,21,333,1,21,1642,3,3264,78220,1647,12645,30806,7770,78220,12645
CLAYTONOAK 1,316,0,62,0,1,2,1,7,0,0,0,3,0,0,0,0,9,1089,15,36,378,23,1089,36
CLAYTONOAK 2,188,0,38,0,1,2,0,2,0,0,0,1,0,1,1,0,9,694,16,41,226,17,694,41
CLAYTONOAK 3,458,1,100,1,1,7,0,11,0,1,0,1,0,0,4,1,11,1696,28,67,560,37,1696,67
CLAYTONOAK 4,449,1,104,0,0,5,1,10,0,0,0,3,0,1,10,0,11,1639,28,59,554,41,1639,59
CLAYTONPANHANDLE 1,625,2,134,2,2,15,0,45,0,0,0,7,0,0,33,0,41,1555,29,218,763,143,1555,218
CLAYTONPANHANDLE 2,432,5,94,0,2,33,1,72,0,0,0,14,0,1,60,0,132,1207,28,456,531,315,1207,456
CLAYTONRIVERDALE 1,474,1,106,0,0,7,0,11,0,0,0,2,0,0,10,0,36,1241,19,107,581,66,1241,107
CLAYTONRIVERDALE 10,266,1,53,0,0,1,0,6,0,0,0,0,0,0,3,0,10,1150,12,44,320,20,1150,44
CLAYTONRIVERDALE 11,453,1,73,0,0,6,0,9,0,0,0,5,0,0,12,0,22,990,8,60,527,54,990,60
CLAYTONRIVERDALE 12,508,0,100,1,0,5,0,11,0,0,2,6,0,0,10,0,24,1526,20,115,609,58,1526,115
CLAYTONRIVERDALE 2,498,1,100,2,1,5,0,11,0,0,0,4,0,0,11,0,19,1580,23,77,601,51,1580,77
CLAYTONRIVERDALE 3,574,2,113,1,2,1,0,14,0,0,2,2,0,0,11,0,21,1687,16,87,690,53,1687,87
CLAYTONRIVERDALE 4,536,1,89,0,0,3,1,24,1,0,2,2,0,0,26,0,52,1750,21,193,626,111,1750,193
CLAYTONRIVERDALE 5,493,1,90,1,1,8,0,15,0,0,0,4,0,0,15,0,31,1416,27,108,585,74,1416,108
CLAYTONRIVERDALE 6,279,1,85,1,0,2,1,19,0,0,0,7,0,0,15,0,62,1222,22,197,366,106,1222,197
CLAYTONRIVERDALE 7,181,0,56,1,0,3,0,15,0,0,0,1,0,1,15,0,27,901,11,134,238,62,901,134
CLAYTONRIVERDALE 8,707,2,118,0,1,4,0,24,0,0,1,5,0,0,36,1,52,1474,18,162,827,124,1474,162
CLAYTONRIVERDALE 9,394,0,94,1,0,7,0,15,1,0,0,2,0,0,14,0,31,1231,22,147,489,70,1231,147
CLAYZETTO,65,0,9,0,1,4,0,10,0,0,1,3,0,0,14,0,21,159,0,79,74,54,159,79
CLINCHARABIA,2,0,2,0,1,5,0,6,0,0,0,1,0,0,6,0,19,7,1,59,4,38,7,59
CLINCHARGYLE,15,0,3,2,3,8,0,15,0,0,0,1,1,0,13,0,38,40,2,162,20,79,40,162
CLINCHDUPONT,10,0,4,0,0,1,0,12,0,0,0,1,0,0,5,0,29,58,3,115,14,48,58,115
CLINCHFARGO,7,0,5,0,3,7,1,16,0,0,0,2,0,1,8,0,65,15,1,157,12,103,15,157
CLINCHHOMERVILLE,133,1,24,2,9,64,1,115,0,1,1,7,0,3,79,1,263,566,27,1234,160,544,566,1234
CLINCHNAN,167,1,38,4,16,85,2,164,0,1,1,12,1,4,111,1,414,686,34,1727,210,812,686,1727
COBBACWORTH 1A,362,3,194,3,7,69,1,245,0,0,1,60,0,3,321,0,384,1368,156,1722,562,1091,1368,1722
COBBACWORTH 1B,240,1,144,1,6,74,1,276,0,0,4,28,0,7,252,0,426,1155,118,1610,386,1074,1155,1610
COBBACWORTH 1C,365,1,226,1,1,44,0,147,1,0,2,43,0,1,194,0,201,1538,129,1039,593,634,1538,1039
COBBADDISON 01,178,2,122,1,2,30,1,146,0,0,2,58,0,2,211,0,257,683,80,901,303,709,683,901
COBBAUSTELL 1A,595,0,174,4,0,14,1,86,0,0,1,8,0,0,61,0,139,2002,52,524,773,310,2002,524
COBBBAKER 01,333,1,230,0,5,42,2,214,2,0,4,36,0,3,247,0,283,1470,153,1260,564,838,1470,1260
COBBBELLS FERRY 02,206,3,157,0,3,38,1,200,1,0,0,44,0,2,190,0,274,797,122,1043,366,753,797,1043
COBBBELLS FERRY 03,292,0,309,1,3,74,1,371,2,0,3,69,0,3,374,2,459,1362,225,2110,602,1361,1362,2110
COBBBIG SHANTY 01,109,1,174,0,2,37,1,124,2,0,0,45,0,1,186,0,241,667,87,890,284,639,667,890
COBBBIG SHANTY 02,223,0,132,0,2,41,1,186,2,0,2,60,0,1,303,0,280,805,107,1186,355,878,805,1186
COBBBIRNEY 01,198,0,103,0,6,13,0,111,1,0,1,19,0,0,88,0,171,904,63,558,301,410,904,558
COBBBIRNEY 02,442,0,183,0,3,29,0,144,1,0,1,58,0,0,173,1,205,1448,82,922,625,615,1448,922
COBBBLACKWELL 01,183,2,124,0,0,38,0,145,0,1,1,43,1,2,171,0,219,769,101,876,309,621,769,876
COBBBRYANT 01,459,0,100,0,0,3,0,11,0,1,0,8,0,0,20,0,17,1197,24,74,559,60,1197,74
COBBBRYANT 02,659,1,205,0,0,7,1,25,0,0,2,7,0,1,18,0,25,2457,35,141,865,86,2457,141
COBBCHALKER 01,257,0,271,1,8,40,0,201,0,0,1,58,0,3,244,0,277,1474,175,1286,529,832,1474,1286
COBBCHATTAHOOCHEE 01,355,0,334,1,3,15,0,88,0,0,0,44,0,3,191,0,109,2149,156,785,690,453,2149,785
COBBCHEATHAM HILL 02,171,2,81,0,4,41,2,216,2,0,0,72,0,2,345,0,286,704,89,1301,254,970,704,1301
COBBCHEATHAM HILL 03,337,2,172,1,10,49,3,267,0,0,1,73,0,3,382,0,362,1119,151,1509,512,1150,1119,1509
COBBCHESTNUT RIDGE 01,179,0,137,1,8,32,2,229,0,0,2,126,1,0,497,1,325,812,110,1412,317,1223,812,1412
COBBCLARKDALE 01,175,1,74,0,1,28,0,55,0,0,1,8,0,1,58,0,130,669,25,449,250,282,669,449
COBBCLARKDALE 02,644,4,234,2,1,34,0,152,0,0,2,16,1,4,141,0,260,2069,67,983,884,611,2069,983
COBBCOOPER 01,566,1,186,3,4,31,1,95,1,0,0,20,0,2,96,0,161,2010,75,627,756,411,2010,627
COBBDAVIS 01,121,1,101,0,1,29,1,124,0,0,1,32,0,0,212,1,186,502,73,805,223,587,502,805
COBBDICKERSON 01,196,1,112,0,1,28,3,150,1,0,0,110,0,1,415,1,269,823,103,1148,309,979,823,1148
COBBDOBBINS 01,249,0,213,2,0,20,0,50,0,0,0,15,1,1,67,0,68,1659,84,402,464,222,1659,402
COBBDODGEN 01,129,1,92,1,3,30,2,142,0,0,0,85,0,1,295,0,206,554,65,931,223,764,554,931
COBBDOWELL 01,272,0,141,0,4,43,0,197,1,0,1,71,0,2,269,1,222,976,118,1060,413,811,976,1060
COBBDURHAM 01,135,1,96,0,5,74,4,303,1,0,3,74,0,1,444,1,438,720,103,2057,232,1348,720,2057
COBBEAST PIEDMONT 01,148,0,98,0,5,36,1,134,0,0,0,33,0,2,133,0,169,737,70,696,246,513,737,696
COBBEASTSIDE 01,178,2,129,0,6,21,2,178,3,0,0,126,0,1,418,0,329,835,95,1232,309,1084,835,1232
COBBEASTSIDE 02,261,1,177,1,4,46,2,275,0,0,1,162,1,3,545,1,421,1117,152,1652,440,1461,1117,1652
COBBELIZABETH 01,227,1,162,0,0,13,0,78,0,0,3,30,0,4,134,0,143,1245,81,690,390,405,1245,690
COBBELIZABETH 02,149,0,103,1,4,32,0,178,2,1,1,37,0,4,204,2,245,617,68,964,253,710,617,964
COBBELIZABETH 03,183,1,114,0,5,31,0,217,0,0,0,67,0,3,273,1,296,724,91,1139,298,893,724,1139
COBBELIZABETH 04,199,0,160,0,6,16,0,127,2,0,0,35,0,1,176,0,208,931,101,710,359,571,931,710
COBBELIZABETH 05,214,2,166,0,3,32,2,165,0,0,0,84,1,2,289,0,226,861,119,1075,382,804,861,1075
COBBFAIR OAKS 01,405,2,189,0,4,31,0,98,0,0,0,25,0,3,96,0,149,1570,74,604,596,406,1570,604
COBBFAIR OAKS 02,411,0,139,0,2,18,0,89,0,0,1,18,0,2,85,0,160,1625,56,588,550,375,1625,588
COBBFAIR OAKS 04,150,1,91,1,2,7,0,80,2,0,0,5,0,1,52,0,128,742,38,438,243,277,742,438
COBBFAIR OAKS 05,104,1,88,1,1,4,0,45,0,0,0,5,0,0,30,0,101,548,29,298,194,186,548,298
COBBFORD 01,122,1,93,0,3,37,0,212,1,0,1,56,0,3,389,0,313,559,82,1563,216,1015,559,1563
COBBFREY 01,125,0,63,1,3,43,1,174,0,0,0,40,0,1,222,0,286,516,73,1115,189,770,516,1115
COBBFULLERS PARK 01,224,0,140,1,3,40,2,161,1,0,2,112,1,3,434,1,323,986,135,1281,365,1083,986,1281
COBBGARRISON MILL 01,165,1,157,0,1,49,3,189,0,0,1,62,0,2,341,2,257,761,90,1119,323,907,761,1119
COBBGRITTERS 01,228,0,196,0,6,59,0,248,3,2,1,53,0,1,271,0,370,962,153,1473,424,1014,962,1473
COBBHARMONY LELAND 01,836,0,310,0,2,27,0,87,0,0,2,26,0,1,110,0,187,2761,81,647,1146,442,2761,647
COBBHARRISON 01,101,0,97,1,5,49,0,219,1,0,0,43,0,3,324,1,306,494,67,1413,199,951,494,1413
COBBHAYES 01,186,0,138,0,4,65,1,317,1,0,0,74,0,3,409,1,422,791,114,1797,324,1297,791,1797
COBBHIGHTOWER 01,241,0,216,0,10,44,1,238,2,0,1,153,0,2,576,0,418,1149,196,1713,457,1445,1149,1713
COBBKELL 01,82,0,106,2,2,31,0,136,0,0,1,47,0,5,203,0,197,462,102,842,190,622,462,842
COBBKEMP 01,84,0,69,1,3,37,0,158,0,0,0,40,0,0,253,1,224,336,66,943,154,716,336,943
COBBKEMP 02,285,2,162,2,8,69,0,258,1,0,0,61,0,5,348,0,407,980,104,1645,451,1157,980,1645
COBBKEMP 03,177,0,102,0,6,57,0,327,1,0,3,95,0,2,423,1,420,633,98,2035,279,1335,633,2035
COBBKENNESAW 1A,128,0,149,3,1,20,0,119,0,0,1,33,0,3,144,0,175,655,76,689,280,496,655,689
COBBKENNESAW 2A,199,0,153,0,2,52,0,218,0,1,1,34,0,5,220,1,253,938,116,1252,352,787,938,1252
COBBKENNESAW 3A,389,0,269,2,2,43,0,149,1,0,0,46,0,2,235,0,262,1913,160,1232,660,740,1913,1232
COBBKENNESAW 4A,212,2,203,1,6,40,1,179,3,0,1,43,0,3,235,0,240,1005,122,1157,418,751,1005,1157
COBBKENNESAW 5A,436,0,254,0,5,60,0,304,3,0,0,86,0,7,460,0,382,1716,206,1794,690,1307,1716,1794
COBBLASSSITER 01,182,1,111,1,0,53,0,259,1,0,1,93,0,3,437,0,328,844,124,1609,295,1175,844,1609
COBBLEWIS 01,77,0,56,0,3,22,0,128,3,0,0,25,1,0,153,0,170,325,46,771,133,505,325,771
COBBLINDLEY 01,644,3,269,0,2,31,0,120,0,0,1,38,0,2,220,0,147,2178,107,798,916,561,2178,798
COBBLOST MOUNTAIN 01,236,1,96,0,5,48,0,293,0,0,1,64,0,2,340,0,375,739,81,1569,333,1128,739,1569
COBBLOST MOUNTAIN 02,165,2,115,0,1,64,1,321,1,0,1,108,0,0,525,1,427,685,126,2116,282,1450,685,2116
COBBLOST MOUNTAIN 03,308,0,145,2,3,78,2,384,0,0,4,76,0,5,503,0,466,1081,141,2346,455,1521,1081,2346
COBBLOST MOUNTAIN 04,125,1,58,0,4,49,0,188,3,0,1,49,0,4,288,0,267,560,69,1239,184,853,560,1239
COBBMABLETON 01,640,3,214,2,2,50,0,160,1,2,1,33,1,2,157,0,289,1805,81,983,859,698,1805,983
COBBMABLETON 02,277,0,97,1,0,13,0,65,1,0,2,6,0,0,63,0,153,952,29,506,375,303,952,506
COBBMABLETON 03,250,1,133,0,3,38,0,134,1,0,0,25,1,1,158,0,231,910,85,833,384,592,910,833
COBBMABLETON 04,125,0,77,0,1,17,2,100,0,1,0,37,0,3,155,0,139,471,69,537,202,455,471,537
COBBMABRY 01,79,0,65,1,4,27,0,143,1,0,1,64,0,3,229,0,175,394,66,798,145,647,394,798
COBBMACLAND 01,479,1,131,0,2,21,2,122,0,1,0,32,0,1,117,0,172,1556,55,744,611,470,1556,744
COBBMARIETTA 1A,249,1,199,1,5,5,1,64,1,0,0,24,0,0,116,0,120,1192,107,498,450,336,1192,498
COBBMARIETTA 2A,139,1,115,1,3,41,1,159,1,0,0,49,0,2,330,0,214,539,91,948,256,800,539,948
COBBMARIETTA 2B,385,1,179,0,8,44,0,183,1,0,0,64,0,2,355,0,273,1495,107,1071,565,930,1495,1071
COBBMARIETTA 3A,521,0,345,1,13,64,0,205,4,2,1,90,1,4,464,0,340,2103,177,1501,867,1188,2103,1501
COBBMARIETTA 4A,116,2,50,1,7,36,1,143,1,1,0,61,0,1,399,1,272,372,70,1009,169,923,372,1009
COBBMARIETTA 4B,135,1,99,1,3,21,0,91,0,0,0,57,0,1,183,0,111,615,73,627,236,467,615,627
COBBMARIETTA 4C,199,1,95,0,9,37,2,203,1,0,0,73,0,2,399,0,258,651,61,1233,295,984,651,1233
COBBMARIETTA 5A,294,2,139,0,0,14,1,34,0,0,2,16,0,1,93,0,69,1298,61,383,435,230,1298,383
COBBMARIETTA 5B,189,0,117,1,1,9,0,34,0,0,0,10,0,0,50,0,57,921,53,293,307,161,921,293
COBBMARIETTA 6A,152,1,136,0,1,17,1,47,0,0,0,11,0,1,47,0,58,914,66,309,289,183,914,309
COBBMARIETTA 6B,259,0,128,1,6,35,1,139,2,0,1,63,0,0,320,1,163,930,80,915,388,731,930,915
COBBMARIETTA 7A,234,1,156,0,2,6,1,38,0,1,0,17,1,2,46,1,70,1222,52,275,391,185,1222,275
COBBMARS HILL 01,116,0,78,1,2,54,0,232,1,0,0,49,1,2,258,0,385,472,71,1639,195,984,472,1639
COBBMARS HILL 02,143,0,127,0,6,44,0,198,0,0,1,20,0,1,159,0,218,648,79,1029,270,647,648,1029
COBBMCCLESKEY 01,101,0,70,0,1,39,0,125,0,0,0,62,0,0,181,0,199,442,52,753,171,607,442,753
COBBMCCLURE 01,82,0,66,1,2,30,0,138,1,0,2,23,1,1,188,0,151,326,50,748,149,537,326,748
COBBMCEACHERN 01,350,1,113,1,2,30,0,187,0,0,0,26,0,1,156,0,259,1105,50,1003,465,661,1105,1003
COBBMOUNT BETHEL 01,255,2,151,1,11,57,0,187,1,0,0,174,0,1,611,0,392,1177,152,1671,409,1434,1177,1671
COBBMOUNT BETHEL 03,182,0,122,0,0,35,0,124,2,0,0,108,0,1,364,1,283,959,74,1182,304,918,959,1182
COBBMOUNT BETHEL 04,169,0,122,0,6,35,4,173,1,0,0,118,0,0,421,0,268,809,103,1238,291,1026,809,1238
COBBMURDOCK 01,224,1,183,0,4,58,1,273,0,2,4,133,1,4,484,1,411,1039,173,1614,408,1376,1039,1614
COBBNAN,39509,137,22520,86,511,5157,116,23749,112,25,129,8491,22,287,38769,40,34789,160121,14466,152912,62252,112197,160121,152912
COBBNICHOLSON 01,125,0,152,1,4,43,0,193,0,0,1,26,0,3,198,0,214,571,87,977,278,682,571,977
COBBNICKAJACK 01,466,2,269,2,3,19,0,60,2,0,0,41,0,3,238,1,110,2104,155,704,739,477,2104,704
COBBNORTH COBB 01,152,1,84,0,2,39,0,131,0,0,0,22,0,3,152,0,210,597,71,788,237,559,597,788
COBBNORTON PARK 01,338,2,202,1,5,45,1,168,0,0,2,34,0,4,238,1,269,1415,135,1074,543,767,1415,1074
COBBOAKDALE 01,347,1,185,0,4,25,2,138,1,0,0,72,0,4,299,0,213,1384,103,1086,533,758,1384,1086
COBBOREGON 01,93,1,63,0,8,20,1,142,0,1,0,31,0,0,219,1,174,389,55,762,157,597,389,762
COBBOREGON 02,495,0,164,1,2,17,0,102,0,0,1,24,0,1,145,0,139,2309,110,861,660,431,2309,861
COBBOREGON 03,284,1,151,0,3,23,0,88,0,0,0,23,0,4,86,0,133,1188,69,577,436,360,1188,577
COBBOREGON 04,738,1,302,0,3,43,2,172,1,0,1,24,0,2,157,0,267,1776,72,725,1041,672,1776,725
COBBOREGON 05,410,1,167,0,8,54,2,230,0,0,0,55,0,2,281,0,256,1281,109,1133,578,888,1281,1133
COBBPALMER 01,122,0,128,1,3,32,1,197,1,0,3,27,0,7,188,0,247,588,101,1043,251,706,588,1043
COBBPEBBLEBROOK 01,800,3,242,3,2,23,0,88,0,0,1,7,0,1,50,0,122,2291,70,501,1048,294,2291,501
COBBPINE MOUNTAIN 01,161,0,78,0,6,46,1,199,0,0,0,57,0,0,497,1,280,685,102,1608,239,1087,685,1608
COBBPINE MOUNTAIN 02,110,0,69,0,3,50,1,236,0,0,1,79,0,2,513,0,316,504,76,1600,179,1201,504,1600
COBBPITNER 01,134,0,148,1,3,38,1,163,1,0,2,48,0,0,242,0,238,648,92,1089,283,736,648,1089
COBBPOPE 01,192,1,138,1,2,42,1,201,0,0,0,66,0,2,368,0,299,800,107,1317,332,981,800,1317
COBBPOST OAK 01,183,3,167,0,4,53,0,285,4,0,1,98,0,1,444,1,347,850,131,1631,353,1238,850,1631
COBBPOWDER SPRINGS 1A,513,1,183,1,0,37,0,176,1,0,1,44,0,1,202,0,212,1639,87,928,698,674,1639,928
COBBPOWDER SPRINGS 2A,488,2,131,2,0,18,0,72,1,1,0,7,0,1,53,0,114,1456,62,415,623,267,1456,415
COBBPOWDER SPRINGS 3A,465,4,166,1,2,26,3,86,0,1,1,18,0,2,101,0,186,1450,56,624,636,426,1450,624
COBBPOWERS FERRY 01,204,1,202,0,8,49,1,191,0,1,0,51,0,4,294,0,260,965,118,1102,407,859,965,1102
COBBRIVERSIDE 01,269,0,73,0,0,3,0,19,0,0,0,1,0,0,8,0,24,910,24,85,342,55,910,85
COBBROCKY MOUNTAIN 01,185,1,140,0,5,40,2,229,2,0,2,64,0,1,347,0,311,854,111,1383,326,1003,854,1383
COBBROSWELL 01,351,3,257,0,8,76,2,326,3,0,0,193,0,2,848,1,499,1534,186,2293,611,1958,1534,2293
COBBROSWELL 02,190,1,133,0,0,40,2,202,1,1,0,130,0,2,556,1,309,1043,143,1453,324,1244,1043,1453
COBBSANDY PLAINS 01,182,3,144,0,3,40,4,207,1,0,1,48,0,2,229,0,237,851,105,1053,329,772,851,1053
COBBSEWELL MILL 01,211,0,160,0,1,48,0,194,0,0,1,85,0,0,408,0,307,979,110,1272,371,1044,979,1272
COBBSEWELL MILL 03,293,1,260,0,2,36,3,192,1,1,1,72,1,4,325,1,280,1376,132,1213,554,919,1376,1213
COBBSHALLOWFORD FALL 01,221,1,186,1,4,25,0,216,0,0,2,121,0,3,514,0,310,920,112,1403,409,1195,920,1403
COBBSIMPSON 01,89,0,64,0,1,21,1,94,1,0,1,72,0,0,236,0,155,537,58,768,153,582,537,768
COBBSMYRNA 1A,378,1,203,0,3,17,1,72,1,1,1,35,0,1,141,0,104,1596,104,489,582,377,1596,489
COBBSMYRNA 2A,490,1,307,2,3,28,0,103,0,0,3,61,0,2,180,0,154,2208,153,787,800,534,2208,787
COBBSMYRNA 3A,546,4,305,0,4,40,0,159,1,0,1,97,0,4,388,0,303,2253,220,1376,855,997,2253,1376
COBBSMYRNA 4A,536,0,278,1,9,64,1,272,1,0,2,137,0,4,552,0,379,2070,237,1770,815,1421,2070,1770
COBBSMYRNA 5A,339,1,216,0,5,23,1,98,1,0,2,33,0,6,141,0,159,1370,86,684,556,469,1370,684
COBBSMYRNA 6A,528,2,341,1,8,31,2,227,0,0,1,124,0,2,555,1,362,2168,215,1641,872,1313,2168,1641
COBBSMYRNA 7A,765,2,262,1,5,27,2,170,0,0,0,125,1,2,485,1,224,2628,191,1358,1030,1042,2628,1358
COBBSOPE CREEK 01,128,1,90,1,0,32,0,141,1,0,1,96,0,3,350,0,240,585,81,978,220,864,585,978
COBBSOPE CREEK 02,300,1,162,0,2,45,1,209,1,0,0,139,1,2,465,1,335,1364,150,1491,463,1201,1364,1491
COBBSOPE CREEK 03,145,2,104,0,0,33,2,132,1,0,1,108,0,2,368,0,305,723,86,1228,251,952,723,1228
COBBSWEETWATER 01,320,0,137,1,2,32,1,153,1,0,1,23,0,3,129,0,223,1151,50,897,458,568,1151,897
COBBSWEETWATER 02,277,0,113,2,2,11,0,56,0,0,1,17,1,0,65,1,89,1145,39,383,392,243,1145,383
COBBTERRELL MILL 01,361,0,240,0,2,39,1,145,1,0,1,81,0,0,239,0,186,1999,157,873,601,695,1999,873
COBBTIMBER RIDGE 01,174,1,98,1,5,29,1,146,0,0,0,117,1,1,388,0,225,768,88,1002,274,913,768,1002
COBBVAUGHN 01,145,2,99,0,4,45,0,324,0,1,3,63,1,0,328,0,320,599,100,1541,246,1089,599,1541
COBBVININGS 01,201,2,106,0,1,19,0,72,1,0,0,62,0,0,194,0,113,861,65,585,309,462,861,585
COBBVININGS 02,446,2,302,0,2,32,2,120,1,0,3,108,1,1,378,1,242,2240,184,1227,750,891,2240,1227
COBBVININGS 03,345,3,191,0,5,28,0,114,0,1,0,81,0,1,332,0,202,1605,122,992,539,764,1605,992
COBBVININGS 04,199,1,140,0,12,27,0,162,3,0,2,170,0,2,455,0,232,1018,96,1273,340,1065,1018,1273
COBBWADE GREEN 02,348,1,212,0,4,71,1,257,2,0,1,57,0,8,302,1,297,1364,159,1417,561,1001,1364,1417
COBBWILEO 01,167,1,135,1,5,35,3,169,1,0,1,98,0,2,432,0,250,752,110,1257,304,996,752,1257
COFFEEAMBROSE,59,0,13,1,2,33,0,79,0,0,2,3,0,0,35,0,287,230,18,1008,73,441,230,1008
COFFEEBRIDGETOWN,24,0,2,0,1,7,0,18,1,0,0,0,0,0,3,0,40,50,1,151,26,70,50,151
COFFEEBROXTON,118,1,38,0,6,55,0,114,0,0,2,8,0,1,72,0,284,371,28,1105,157,542,371,1105
COFFEEDOUGLAS,824,8,224,7,23,267,1,537,1,2,9,103,1,0,410,0,1497,3173,172,5975,1063,2851,3173,5975
COFFEENAN,1094,10,309,8,36,411,2,876,2,2,16,120,1,1,580,0,2472,4094,233,9588,1421,4519,4094,9588
COFFEENICHOLLS,53,0,15,0,0,22,0,78,0,0,2,2,0,0,25,0,204,225,7,797,68,333,225,797
COFFEEWEST GREEN,16,1,17,0,4,27,1,50,0,0,1,4,0,0,35,0,160,45,7,552,34,282,45,552
COLQUITTAUTREYVILLE,24,0,11,1,3,38,0,97,0,0,1,4,0,1,49,0,176,147,13,627,36,369,147,627
COLQUITTBRIDGECREEK,16,0,16,0,3,26,0,95,0,0,2,12,0,1,49,0,206,76,11,689,32,394,76,689
COLQUITTCROSLAND,20,0,1,0,1,3,0,19,0,0,0,1,0,0,7,0,35,38,3,104,21,66,38,104
COLQUITTDOERUN,57,0,10,0,5,22,0,26,0,0,3,5,0,0,7,0,102,149,6,251,67,170,149,251
COLQUITTFUNSTON,28,0,13,0,7,28,0,92,0,0,6,16,0,0,37,0,178,86,8,573,41,364,86,573
COLQUITTHAMILTON,9,1,22,0,3,17,0,53,0,0,1,3,0,2,26,0,123,51,5,399,32,228,51,399
COLQUITTHARTSFIELD,2,0,4,0,0,20,0,45,0,0,0,0,1,0,18,0,83,23,1,265,6,167,23,265
COLQUITTHOPEWELL,35,0,13,2,4,44,0,115,0,0,0,13,0,1,89,0,243,139,13,805,50,509,139,805
COLQUITTLEE,20,2,13,0,1,13,0,64,0,0,0,8,0,0,16,1,154,75,10,483,35,257,75,483
COLQUITTMILLCREEK,5,0,5,0,10,10,0,33,0,1,0,1,0,0,11,0,85,27,6,245,10,151,27,245
COLQUITTMONK,50,2,13,0,1,20,0,100,0,0,0,4,0,0,36,0,251,131,15,745,65,412,131,745
COLQUITTMOULTRIE,252,0,69,3,23,115,4,198,3,0,2,90,0,0,203,3,390,901,71,1522,324,1031,901,1522
COLQUITTMURPHY,20,1,8,0,5,32,2,78,2,0,2,15,0,1,82,0,141,62,15,559,29,360,62,559
COLQUITTNAN,1035,12,302,11,82,509,11,1400,5,2,21,199,1,7,773,4,2968,3463,240,9898,1360,5982,3463,9898
COLQUITTNORMAN PARK,72,1,34,0,9,51,1,149,0,0,1,14,0,0,53,0,282,279,26,1007,107,560,279,1007
COLQUITTROBINSON,21,0,17,0,1,21,2,67,0,1,1,3,0,1,27,0,140,82,8,431,38,264,82,431
COLQUITTSHAW,380,4,33,4,2,13,1,48,0,0,1,5,0,0,17,0,95,1089,20,317,421,182,1089,317
COLQUITTTHIGPEN,3,0,4,0,0,5,0,22,0,0,0,2,0,0,13,0,40,17,1,128,7,82,17,128
COLQUITTTYTY,1,1,5,0,1,13,0,30,0,0,1,1,0,0,9,0,79,22,2,254,7,134,22,254
COLQUITTWARRIOR,20,0,11,1,3,18,1,69,0,0,0,2,0,0,24,0,165,69,6,494,32,282,69,494
COLUMBIAABILENE BAPTIST,95,1,57,0,1,49,5,154,0,0,2,16,0,2,62,0,225,343,40,880,153,516,343,880
COLUMBIAAUGUSTA CHRISTIAN,79,0,71,1,3,49,0,172,2,0,0,24,0,2,124,0,216,423,58,967,151,592,423,967
COLUMBIABELAIR BAPTIST CHURCH,137,0,67,1,2,58,1,220,0,2,1,22,0,2,170,0,228,457,60,1039,205,706,457,1039
COLUMBIABESSIE THOMAS CENTER,30,0,29,1,1,47,0,226,0,0,1,9,0,1,72,0,249,160,26,1074,60,606,160,1074
COLUMBIABLANCHARD PARK,63,0,44,0,2,46,0,152,0,1,1,9,0,2,96,0,181,257,39,822,107,490,257,822
COLUMBIABLUE RIDGE ELEMENTARY,88,0,68,2,2,60,0,153,0,0,1,21,0,1,131,0,183,420,66,989,158,552,420,989
COLUMBIACHRIST CHURCH,93,0,57,0,1,81,0,299,0,0,0,53,0,2,215,0,267,441,97,1381,150,918,441,1381
COLUMBIACHRIST SANCTIFIED,108,2,54,0,5,53,0,216,0,0,4,27,0,3,133,0,251,396,68,1109,164,692,396,1109
COLUMBIACHRIST THE KING LUTH CH,118,0,40,0,5,40,0,177,0,1,1,49,0,0,197,0,244,414,31,1063,158,714,414,1063
COLUMBIACHURCH OF OUR SAVIOR,96,1,80,0,1,35,0,161,0,0,0,27,0,0,111,0,236,486,50,876,177,571,486,876
COLUMBIACOL CTY BD OF EDU,103,0,54,0,1,40,1,180,1,0,1,24,0,1,128,0,204,399,37,972,157,581,399,972
COLUMBIACOL CTY MAIN LIBRARY,128,0,46,0,4,39,1,157,0,1,0,30,0,2,123,0,164,411,33,777,174,521,411,777
COLUMBIADAMASCUS BAPTIST CHURCH,12,0,12,1,4,25,1,104,3,0,0,17,0,0,41,0,176,68,11,576,25,371,68,576
COLUMBIAEUBANK/BLANCHARD CENTER,77,0,25,1,1,36,0,130,0,0,0,12,0,1,56,0,154,208,17,673,103,390,208,673
COLUMBIAG A APOSTOLIC CHURCH,85,0,35,1,2,31,0,149,0,0,1,7,0,3,67,1,155,256,18,701,121,416,256,701
COLUMBIAGENESIS CHURCH,73,0,43,0,3,52,0,193,0,1,1,45,0,1,156,0,198,347,48,926,116,650,347,926
COLUMBIAGOLD CROSS EMS,68,0,48,1,10,51,2,186,0,0,1,40,0,0,124,0,206,284,53,964,117,620,284,964
COLUMBIAGOSPEL WATER BRANCH,111,0,39,1,1,49,0,141,0,0,1,30,0,0,140,0,132,392,31,712,151,494,392,712
COLUMBIAGRACE BAPTIST CHURCH,223,0,98,2,1,64,0,241,0,1,1,46,0,3,201,1,247,767,74,1334,323,806,767,1334
COLUMBIAGREENBRIER HIGH,78,0,44,1,3,74,0,224,1,0,1,58,0,1,198,1,258,387,85,1393,123,819,387,1393
COLUMBIAGROVETOWN CITY HALL,212,1,83,0,2,36,1,130,0,0,1,7,0,1,71,0,192,812,75,883,296,441,812,883
COLUMBIAGROVETOWN METHODIST CHURCH,195,0,70,2,3,17,0,98,0,0,0,7,0,0,64,0,126,600,46,536,267,315,600,536
COLUMBIAGROVETOWN MIDDLE SCHOOL,163,2,75,0,0,25,0,139,0,0,0,20,0,0,72,0,136,713,69,695,240,392,713,695
COLUMBIAHARLEM BAPTIST CHURCH-10,85,1,19,1,1,11,0,64,0,0,0,4,0,0,20,0,53,219,15,346,106,153,219,346
COLUMBIAHARLEM BAPTIST CHURCH-12,93,1,13,1,0,7,0,45,0,0,1,2,0,0,22,1,38,204,8,259,108,116,204,259
COLUMBIAHARLEM MIDDLE SCHOOL-10,20,2,10,0,1,16,0,56,0,0,0,3,0,2,23,0,75,63,12,289,32,176,63,289
COLUMBIAHARLEM MIDDLE SCHOOL-12,48,0,19,0,1,23,0,109,0,0,0,2,0,0,30,0,142,185,15,601,67,307,185,601
COLUMBIAJOURNEY COMM. CHURCH,26,0,15,0,1,20,0,98,0,0,0,14,0,0,85,1,121,107,20,459,41,340,107,459
COLUMBIAKIOKEE BAPTIST CHURCH-10,16,0,11,0,0,16,0,110,0,0,0,7,0,0,43,0,111,52,12,502,27,287,52,502
COLUMBIAKIOKEE BAPTIST CHURCH-12,38,0,15,0,0,49,0,189,0,0,3,22,1,0,108,0,245,125,35,1022,53,617,125,1022
COLUMBIALAKESIDE MIDDLE,64,0,57,0,6,38,0,174,0,0,1,16,0,1,112,0,129,349,58,812,121,477,349,812
COLUMBIALEWIS METHODIST CHURCH,207,2,91,0,9,104,4,341,2,0,1,41,0,2,322,0,393,861,127,2014,300,1219,861,2014
COLUMBIAMARTINEZ BAPTIST,84,0,62,0,2,23,0,117,0,0,1,10,0,1,71,0,151,349,45,676,146,376,349,676
COLUMBIAMARVIN METHODIST CHURCH,94,2,51,1,2,41,0,139,0,0,1,21,0,3,91,0,173,388,49,770,148,471,388,770
COLUMBIAMTZ COL FIRE DEPT #4,98,1,54,2,3,42,0,146,0,0,1,5,0,0,72,0,170,415,61,729,155,439,415,729
COLUMBIAMTZ COL FIRE HDQTR,51,0,33,1,0,19,0,89,1,0,1,4,0,0,54,0,111,269,32,491,85,279,269,491
COLUMBIANAN,4806,23,2338,24,112,2126,26,8051,16,8,37,1134,1,54,5751,8,9181,18887,2270,43085,7191,26505,18887,43085
COLUMBIAPATRIOTS PARK,210,2,110,0,3,98,0,305,1,0,1,28,0,4,231,0,320,1079,150,1753,322,991,1079,1753
COLUMBIAPHILADELPHIA CHURCH,112,1,37,0,0,39,1,160,2,0,0,13,0,3,91,0,116,429,68,750,150,425,429,750
COLUMBIAREDEEMER CHURCH,214,1,65,0,4,90,2,356,0,0,1,54,0,3,275,2,372,783,98,1911,280,1159,783,1911
COLUMBIARIVERSIDE ELEMENTARY,77,1,45,0,0,27,1,137,0,0,1,20,0,2,132,0,99,267,28,624,123,419,267,624
COLUMBIASECOND MT CARMEL BAPT CHURCH,129,0,12,0,0,5,0,33,0,0,0,4,0,0,16,0,27,286,4,188,141,85,286,188
COLUMBIASTEVENS CREEK CHURCH,123,0,76,0,2,65,1,267,1,0,1,63,0,1,302,0,300,523,45,1348,199,1003,523,1348
COLUMBIASTEVENS CREEK ELEM,65,1,20,0,5,35,1,135,0,0,0,47,0,1,168,0,215,290,23,887,86,607,290,887
COLUMBIATRINITY BAPT CHURCH,32,0,38,0,1,25,1,102,0,0,0,7,0,0,62,0,147,156,21,596,70,345,156,596
COLUMBIAWARREN BAPTIST CHURCH - GROVETOWN,141,0,72,3,1,37,0,118,0,0,0,9,0,0,49,1,126,702,51,638,216,341,702,638
COLUMBIAWESLEY METHODIST,109,0,40,0,5,60,2,261,1,0,2,39,0,0,224,0,294,452,39,1377,149,888,452,1377
COLUMBIAWEST ACRES BAPTIST,111,1,63,0,3,75,1,220,0,0,1,36,0,1,187,0,253,411,64,1170,175,777,411,1170
COLUMBIAWESTSIDE BAPT CHURCH,70,0,41,0,3,63,0,148,1,1,0,43,0,2,125,0,208,275,32,859,111,594,275,859
COLUMBIAWOODLAWN BAPTIST CHURCH,54,0,30,0,1,41,0,130,0,0,1,20,0,0,84,0,164,207,26,672,84,441,207,672
COOKCECIL,178,1,25,0,1,12,4,82,1,0,0,4,0,2,17,0,128,455,13,494,204,251,455,494
COOKDELLE BEAMGUARD,68,4,46,0,3,54,2,129,0,0,4,12,0,0,68,0,341,280,44,1092,118,613,280,1092
COOKELM PINE,116,1,22,0,0,1,0,3,0,0,0,0,1,0,0,0,3,261,6,14,139,8,261,14
COOKLENOX,60,0,17,1,3,21,2,77,0,0,0,8,0,1,44,0,187,165,15,568,78,343,165,568
COOKMASSEE,28,0,11,0,1,14,1,54,0,0,1,5,0,0,16,0,135,93,10,446,39,227,93,446
COOKNAN,580,8,171,2,14,178,9,519,2,0,6,46,1,3,240,1,1229,1753,112,4176,761,2248,1753,4176
COOKNEW LIFE BAPT. CHURCH,17,2,23,0,2,42,0,78,1,0,1,6,0,0,39,0,188,105,9,665,42,357,105,665
COOKRIVERBEND,22,0,9,1,4,28,0,57,0,0,0,6,0,0,43,1,187,99,10,703,32,326,99,703
COOKSPARKS,91,0,18,0,0,6,0,39,0,0,0,5,0,0,13,0,60,295,5,194,109,123,295,194
COWETAARTS CENTRE,523,1,228,2,16,240,7,734,3,0,3,208,0,4,885,0,1066,2043,239,5098,754,3166,2043,5098
COWETACANNONGATE,101,0,77,1,2,128,1,344,2,0,2,79,0,2,371,0,424,441,126,1982,179,1355,441,1982
COWETACEDAR CREEK,182,1,111,0,11,90,0,408,1,0,7,82,1,4,392,0,580,655,116,2712,294,1576,655,2712
COWETACENTRAL,266,0,75,0,1,16,1,24,0,1,0,11,0,1,37,0,61,955,57,260,341,153,955,260
COWETACOWETA CENTRAL LIBRARY,56,0,46,0,2,37,1,158,0,0,0,24,0,1,115,0,206,206,34,869,102,544,206,869
COWETADRESDEN,35,0,22,1,2,20,0,57,0,0,2,20,0,4,40,2,132,94,23,455,58,279,94,455
COWETAEXPO CENTER,77,0,44,0,6,25,2,143,0,0,1,66,0,4,161,0,201,306,58,878,121,609,306,878
COWETAFISCHER ROAD,155,2,101,0,5,65,1,306,1,0,2,69,1,3,303,1,395,586,126,1941,258,1152,586,1941
COWETAGRANTVILLE,128,1,47,0,5,43,1,140,0,0,1,13,0,2,84,2,234,457,45,1018,176,525,457,1018
COWETAGREENTOP,135,2,53,1,5,46,1,159,1,0,2,42,0,1,190,0,224,540,50,1032,191,671,540,1032
COWETAHARALSON,70,0,39,0,1,36,0,167,0,0,0,17,0,2,108,0,307,217,33,1166,109,638,217,1166
COWETAJEFFERSON PARKWAY,414,2,233,1,6,73,3,250,2,0,1,37,0,4,272,0,356,2097,187,2025,650,1004,2097,2025
COWETAMADRAS,176,0,117,2,4,63,1,293,0,0,2,59,0,1,240,0,422,748,99,1824,295,1085,748,1824
COWETAMORELAND,76,1,39,0,3,66,2,189,0,0,3,29,0,2,151,1,374,254,38,1274,116,820,254,1274
COWETANAN,4359,30,2235,25,127,1809,31,6451,18,6,56,1327,3,63,5831,11,9600,16583,2235,42533,6649,25333,16583,42533
COWETANEWNAN,318,1,108,2,1,36,1,108,0,0,2,45,0,2,114,0,152,1043,64,696,429,461,1043,696
COWETANORTHSIDE,129,2,75,1,5,47,0,155,1,0,3,58,0,0,175,0,232,473,60,1031,207,676,473,1031
COWETAPANTHER CREEK,116,2,60,2,6,56,0,185,0,0,1,39,0,2,119,0,365,387,60,1360,180,773,387,1360
COWETAPINE ROAD,46,1,28,0,1,42,1,173,0,0,1,25,0,1,100,0,267,172,28,1040,75,611,172,1040
COWETARAYMOND,68,0,41,1,1,55,0,239,2,0,3,30,0,1,109,0,298,234,49,1219,110,738,234,1219
COWETASENOIA,208,4,89,2,9,108,0,383,2,1,2,78,0,4,354,1,530,716,126,2597,303,1472,716,2597
COWETASHARPSBURG,131,3,97,1,8,104,0,352,1,0,5,44,0,3,314,0,497,520,127,2350,232,1328,520,2350
COWETASMOKEY ROAD,158,0,45,1,3,34,0,132,0,0,4,24,0,0,84,0,181,571,45,812,204,462,571,812
COWETATHOMAS CROSSROADS,142,3,133,1,11,111,2,451,0,0,2,75,1,1,386,1,635,661,133,2678,279,1676,661,2678
COWETATURIN,145,2,67,4,4,83,2,297,0,3,2,51,0,5,256,0,431,498,89,2016,218,1134,498,2016
COWETATURKEY CREEK,78,0,36,0,2,20,0,46,1,0,0,6,0,2,41,0,70,259,25,323,114,188,259,323
COWETAWELCOME,110,1,77,1,3,64,2,202,0,1,1,30,0,1,138,3,461,379,62,1558,189,906,379,1558
COWETAWESTSIDE,117,0,13,0,0,7,0,18,0,0,0,7,0,0,7,0,53,317,14,149,130,92,317,149
COWETAWHITE OAK,199,1,134,1,4,94,2,338,1,0,4,59,0,6,285,0,446,754,122,2170,335,1239,754,2170
CRAWFORD1A,59,1,7,0,0,14,0,11,0,0,0,4,0,0,14,0,31,135,3,154,67,74,135,154
CRAWFORD1B,143,0,21,0,0,12,0,17,0,0,0,1,0,0,17,0,64,389,10,225,164,111,389,225
CRAWFORD2,179,2,25,2,2,23,1,62,0,0,3,6,0,2,32,0,171,507,24,548,208,302,507,548
CRAWFORD3,45,1,32,2,2,35,1,97,0,0,1,13,0,0,69,0,191,154,31,875,80,409,154,875
CRAWFORD4,32,2,19,0,1,24,0,99,1,0,0,17,0,0,66,1,221,126,16,906,53,430,126,906
CRAWFORD5,35,0,16,0,0,31,2,110,0,0,1,19,0,0,51,1,255,110,22,927,51,470,110,927
CRAWFORDNAN,493,6,120,4,5,139,4,396,1,0,5,60,0,2,249,2,933,1421,106,3635,623,1796,1421,3635
CRISPARABI,28,0,11,3,0,14,0,39,0,0,1,2,0,0,28,0,105,81,6,392,42,189,81,392
CRISPCONEY,14,0,19,1,1,15,1,79,0,0,1,13,0,1,49,0,155,61,7,579,34,315,61,579
CRISPCORDELE,650,3,125,2,7,73,2,267,0,0,3,36,0,1,219,4,584,2582,80,2343,780,1196,2582,2343
CRISPJAMESTOWN,21,0,13,0,2,30,1,89,0,0,1,25,0,0,63,0,222,79,13,736,34,433,79,736
CRISPLISTONIA,18,0,4,0,2,16,0,59,1,1,1,6,0,0,40,0,140,34,20,499,22,266,34,499
CRISPNAN,731,3,172,6,12,148,4,533,1,1,7,82,0,2,399,4,1206,2837,126,4549,912,2399,2837,4549
DADEDAVIS,40,0,28,1,1,34,0,112,1,0,1,7,0,4,88,0,247,119,29,967,69,495,119,967
DADENAN,242,1,231,7,11,273,3,555,1,0,6,119,0,12,662,0,1153,965,226,5051,481,2795,965,5051
DADENEW HOME,14,0,12,2,0,29,0,43,0,0,1,6,0,1,29,0,73,45,13,348,28,182,45,348
DADENEW SALEM,28,0,48,0,1,38,1,62,0,0,0,19,0,0,93,0,158,140,27,590,76,372,140,590
DADENORTH DADE,57,0,44,3,2,52,0,89,0,0,0,15,0,0,95,0,192,226,34,815,104,445,226,815
DADESOUTH DADE,30,0,16,0,3,22,1,40,0,0,1,10,0,1,32,0,115,94,15,445,46,225,94,445
DADETRENTON,50,1,55,1,4,75,1,122,0,0,2,24,0,5,185,0,293,210,55,1348,107,711,210,1348
DADEWEST BROW,23,0,28,0,0,23,0,87,0,0,1,38,0,1,140,0,75,131,53,538,51,365,131,538
DAWSONCENTRAL,115,2,97,3,12,159,1,690,2,0,6,67,0,1,371,0,1266,476,145,4683,217,2575,476,4683
DAWSONEAST,106,2,121,1,10,117,2,599,2,0,1,107,0,3,476,0,1014,609,173,3983,230,2331,609,3983
DAWSONNAN,312,5,269,4,25,311,3,1468,4,0,8,267,0,7,1094,0,2651,1448,356,9900,590,5838,1448,9900
DAWSONWEST,91,1,51,0,3,35,0,179,0,0,1,93,0,3,247,0,371,363,38,1234,143,932,363,1234
DECATURATTAPULGUS,276,0,45,2,0,13,0,43,0,0,0,2,0,0,20,0,97,749,11,386,323,175,749,386
DECATURBAINBRIDGE-COLISEUM,393,3,113,3,16,85,1,237,1,0,5,74,0,0,262,1,521,1363,40,2165,512,1203,1363,2165
DECATURBRIDGE-FAIRGROUNDS,288,3,86,2,6,30,1,87,0,0,2,11,0,0,82,0,212,920,32,859,379,431,920,859
DECATURBRINSON,46,1,12,0,3,12,0,40,0,0,1,1,0,1,27,0,133,132,3,424,59,218,132,424
DECATURCLIMAX,57,1,12,0,3,21,0,112,0,0,2,12,0,0,34,0,108,154,9,497,70,292,154,497
DECATURKENDRICK,29,0,14,0,0,10,1,35,0,0,0,1,0,0,17,0,73,77,2,262,43,137,77,262
DECATURMT PLEASANT,17,0,6,0,1,13,0,45,0,0,0,6,0,0,37,0,100,56,7,379,23,202,56,379
DECATURNAN,1325,8,337,9,34,211,3,703,1,1,12,112,0,3,546,1,1534,4124,126,6020,1679,3161,4124,6020
DECATURRECOVERY,22,0,15,0,1,9,0,45,0,1,0,4,0,1,31,0,99,87,9,362,37,191,87,362
DECATURWEST BAINBRIDGE,197,0,34,2,4,18,0,59,0,0,2,1,0,1,36,0,191,586,13,686,233,312,586,686
DEKALBALLGOOD ELEM,580,0,159,0,1,10,0,30,0,0,0,11,0,0,34,0,35,1584,26,172,739,121,1584,172
DEKALBASHFORD DUNWOODY RD,301,1,120,0,3,15,1,104,2,0,1,133,1,1,359,1,171,1088,111,898,422,792,1088,898
DEKALBASHFORD PARK ELEM,169,1,115,1,2,11,0,68,1,0,1,76,0,4,306,0,152,784,125,809,286,621,784,809
DEKALBASHFORD PARKSIDE,262,0,159,1,4,19,0,89,2,0,1,102,1,1,326,0,196,1418,105,956,422,741,1418,956
DEKALBAUSTIN,173,1,87,0,7,28,1,146,1,0,1,136,1,1,457,0,210,786,90,1065,261,989,786,1065
DEKALBAUSTIN DRIVE,383,1,107,1,0,4,1,9,0,0,0,1,0,0,14,0,11,1110,21,61,492,40,1110,61
DEKALBAVONDALE,545,2,330,0,4,17,2,86,1,0,1,90,0,0,262,1,120,1486,134,551,877,584,1486,551
DEKALBAVONDALE HIGH - 04,312,2,240,1,4,6,0,13,0,1,0,19,0,2,71,0,38,954,32,167,555,154,954,167
DEKALBAVONDALE HIGH - 05,257,0,195,0,1,4,0,13,0,1,1,12,1,0,38,0,17,850,32,93,452,88,850,93
DEKALBBETHUNE MIDDLE,863,3,175,1,2,7,0,11,0,0,1,6,0,0,18,0,8,2411,23,81,1042,53,2411,81
DEKALBBOULDERCREST RD,505,0,100,1,0,2,0,8,1,0,1,2,0,0,4,0,15,1112,11,53,606,33,1112,53
DEKALBBOULEVARD,839,2,564,1,1,13,1,27,1,0,0,53,0,1,149,0,32,2581,142,236,1406,278,2581,236
DEKALBBRIAR VISTA ELEM,368,1,237,0,1,10,0,52,0,0,0,41,0,1,170,0,81,1373,100,409,606,356,1373,409
DEKALBBRIARCLIFF,328,2,214,1,7,17,1,83,0,0,0,74,0,4,268,0,100,1200,87,689,545,554,1200,689
DEKALBBRIARLAKE ELEM,198,0,135,0,2,21,0,80,0,0,0,71,0,0,226,0,115,709,58,487,333,515,709,487
DEKALBBRIARWOOD,223,0,110,0,0,8,0,44,0,1,0,54,0,2,180,0,87,872,93,515,333,376,872,515
DEKALBBROCKETT,264,2,214,1,4,31,1,85,5,0,1,42,0,0,141,0,186,971,67,584,481,496,971,584
DEKALBBROCKETT ELEM,298,2,176,0,6,24,0,76,0,1,0,55,0,1,181,0,140,1048,62,546,476,484,1048,546
DEKALBBROOKHAVEN,258,0,159,0,2,19,0,74,3,0,0,94,0,2,355,0,182,1169,142,993,417,731,1169,993
DEKALBBROWNS MILL ELEM,983,1,202,1,1,4,0,16,0,0,0,1,0,0,22,0,19,2300,36,80,1187,63,2300,80
DEKALBBURGESS ELEM,503,0,407,1,1,6,0,17,0,0,0,23,1,4,49,0,37,1730,76,133,911,138,1730,133
DEKALBCANBY LANE ELEM,492,2,69,0,0,2,0,4,0,0,0,3,0,0,2,0,11,1085,8,31,563,22,1085,31
DEKALBCANDLER,484,5,167,1,0,5,0,14,0,0,0,7,1,0,15,0,12,1518,44,67,657,54,1518,67
DEKALBCANDLER-MURPHEY CANDLER ELEM,612,0,150,0,1,10,0,27,0,0,1,5,0,0,18,1,47,1705,27,133,762,110,1705,133
DEKALBCEDAR GROVE ELEM,948,1,179,0,0,9,0,10,0,2,0,5,0,0,13,0,13,2451,33,92,1128,52,2451,92
DEKALBCEDAR GROVE MIDDLE,326,0,61,0,0,3,0,5,0,0,0,0,0,0,6,0,3,824,5,23,387,17,824,23
DEKALBCEDAR GROVE SOUTH,910,0,167,0,1,11,1,9,0,0,0,4,0,0,11,0,23,2239,23,75,1077,60,2239,75
DEKALBCHAMBLEE,234,3,214,2,1,16,2,92,2,0,0,30,0,2,147,0,122,633,64,361,453,414,633,361
DEKALBCHAMBLEE 2,225,1,193,0,0,14,1,68,1,0,0,75,0,0,223,0,126,970,117,687,419,508,970,687
DEKALBCHAPEL HILL ELEM,822,1,161,1,1,9,0,9,0,0,0,3,0,0,3,0,8,1913,23,49,985,33,1913,49
DEKALBCHESNUT ELEM,219,1,154,0,1,14,0,57,1,1,1,29,0,2,108,0,99,934,58,417,374,313,934,417
DEKALBCLAIREMONT EAST,640,2,433,4,1,7,1,41,0,0,0,85,0,1,201,1,69,1966,97,351,1079,407,1966,351
DEKALBCLAIREMONT WEST,695,0,426,1,4,11,0,54,2,0,2,77,0,2,215,0,70,1997,91,329,1122,437,1997,329
DEKALBCLAIRMONT ROAD,415,1,355,1,8,13,1,77,1,0,1,50,0,1,166,0,73,1424,86,426,772,391,1424,426
DEKALBCLARKSTON,519,1,232,1,3,12,0,30,1,1,0,12,1,0,64,0,40,2396,53,230,753,164,2396,230
DEKALBCLIFTON ELEM,362,0,77,0,0,4,0,7,0,0,0,2,0,0,8,0,4,919,14,39,439,25,919,39
DEKALBCOLUMBIA DRIVE,500,0,97,0,1,2,0,5,0,0,0,0,0,0,6,0,6,1146,16,37,597,20,1146,37
DEKALBCOLUMBIA ELEM,246,0,54,0,0,2,0,0,0,0,0,0,0,0,2,0,4,746,14,8,300,8,746,8
DEKALBCOLUMBIA MIDDLE,325,0,76,1,2,1,0,3,0,0,0,1,0,0,7,0,4,949,16,28,402,18,949,28
DEKALBCORALWOOD,513,0,296,4,2,33,3,77,2,2,0,91,0,1,326,0,144,1567,117,665,813,681,1567,665
DEKALBCOVINGTON,202,1,98,0,1,0,0,11,0,0,0,17,0,0,24,0,12,855,32,83,301,65,855,83
DEKALBCOVINGTON HWY LIBRARY,66,0,33,0,0,1,0,3,0,0,0,0,0,1,0,0,5,349,7,19,99,10,349,19
DEKALBCROSS KEYS HIGH,170,0,106,0,2,3,0,43,0,0,0,51,0,1,192,0,82,783,89,483,276,374,783,483
DEKALBCROSSROADS,651,2,163,0,0,6,0,7,0,0,0,13,0,0,16,0,9,1572,29,78,816,51,1572,78
DEKALBDORAVILLE NORTH,212,0,164,1,2,14,0,52,2,0,0,15,0,2,86,0,93,1080,66,380,377,266,1080,380
DEKALBDORAVILLE SOUTH,124,1,105,0,0,7,1,32,1,0,1,15,0,0,41,0,59,489,41,203,230,157,489,203
DEKALBDRESDEN ELEM,308,0,239,0,3,13,0,57,0,0,1,32,0,0,110,0,93,1905,124,726,547,309,1905,726
DEKALBDRUID HILLS HIGH,358,2,225,1,2,9,0,37,0,0,0,60,0,1,137,0,46,1567,68,279,586,292,1567,279
DEKALBDUNAIRE ELEM,348,1,124,0,2,11,0,21,0,0,0,6,0,0,19,0,26,993,19,133,473,85,993,133
DEKALBDUNWOODY,240,2,115,1,2,16,1,63,2,0,0,63,0,2,242,0,129,1071,87,723,358,520,1071,723
DEKALBDUNWOODY HIGH,141,0,89,0,6,20,0,88,0,0,0,102,0,0,329,1,163,664,68,768,230,709,664,768
DEKALBDUNWOODY LIBRARY,185,0,89,0,5,19,1,126,1,0,1,141,1,1,451,1,226,780,82,1040,274,974,780,1040
DEKALBEAST LAKE ELEM,651,1,335,1,2,6,0,17,0,0,0,26,0,2,65,0,35,2121,85,191,988,153,2121,191
DEKALBEMBRY HILLS,227,0,178,0,4,18,2,94,0,0,0,34,0,2,166,0,96,790,75,509,405,416,790,509
DEKALBEMORY ROAD,124,0,95,0,1,5,0,6,0,0,0,20,0,1,38,0,19,674,19,124,219,90,674,124
DEKALBEMORY SOUTH,435,1,284,0,0,5,0,52,0,0,0,73,0,0,244,0,82,1738,123,473,720,456,1738,473
DEKALBEPWORTH,831,0,687,1,3,7,1,29,0,0,0,105,2,0,176,1,65,2611,116,282,1519,389,2611,282
DEKALBEVANSDALE ELEM,313,3,210,0,1,28,1,105,2,0,1,55,0,3,191,0,122,1224,77,510,526,509,1224,510
DEKALBFAIRINGTON ELEM,667,0,155,1,0,1,0,8,0,0,0,0,0,0,6,0,10,2253,30,62,823,25,2253,62
DEKALBFERNBANK ELEM,522,1,258,0,5,0,0,39,0,0,0,74,0,1,142,0,71,1303,63,320,781,332,1303,320
DEKALBFLAKES MILL FIRE STATION,471,0,85,0,0,7,0,1,0,0,0,2,0,1,5,0,8,1132,10,29,556,24,1132,29
DEKALBFLAT ROCK ELEM,709,0,180,1,0,8,0,12,1,0,0,2,0,0,9,0,14,1707,26,58,890,46,1707,58
DEKALBFLAT SHOALS,448,1,70,1,0,1,0,1,1,0,0,0,0,1,2,0,7,1099,25,26,520,13,1099,26
DEKALBFLAT SHOALS ELEM,484,0,70,0,0,2,0,2,0,0,0,0,0,0,3,0,4,1128,15,24,554,11,1128,24
DEKALBFLAT SHOALS LIBRARY,433,2,88,0,0,7,1,6,0,0,0,0,0,0,3,0,4,1194,16,26,523,21,1194,26
DEKALBFLAT SHOALS PARKWAY,925,1,199,0,0,7,0,8,0,0,1,1,0,0,11,0,16,2085,21,71,1125,44,2085,71
DEKALBFREEDOM MIDDLE,506,1,118,1,3,3,0,26,0,1,0,4,0,2,25,0,46,1531,25,161,626,110,1531,161
DEKALBGEORGETOWN SQUARE,271,1,154,0,6,25,2,115,0,1,0,82,1,3,263,0,155,1305,110,853,426,653,1305,853
DEKALBGLENHAVEN,320,0,78,1,2,6,0,9,0,0,0,3,0,0,8,0,30,808,28,75,399,58,808,75
DEKALBGLENNWOOD - 04,165,1,147,0,0,6,0,6,1,0,0,28,0,1,60,0,13,559,30,77,313,115,559,77
DEKALBGLENNWOOD - 05,211,0,137,0,2,3,0,9,0,0,0,12,0,1,38,0,18,719,18,104,348,83,719,104
DEKALBGLENWOOD ROAD,314,0,76,2,1,5,0,7,0,0,0,0,0,0,6,0,14,969,15,56,392,33,969,56
DEKALBGRESHAM ROAD,614,1,264,0,2,4,0,13,0,1,0,7,0,0,28,0,21,1761,57,99,879,76,1761,99
DEKALBHAMBRICK ELEM,497,2,171,1,2,9,0,30,0,0,0,11,1,0,35,0,36,1653,32,197,671,124,1653,197
DEKALBHARRIS-MARGARET HARRIS ED,232,0,160,0,3,13,0,38,1,0,0,40,0,0,113,0,46,942,59,237,392,254,942,237
DEKALBHARRIS-NARVIE J. HARRIS ELEM,817,3,150,1,1,4,0,5,0,0,0,1,0,0,13,0,9,2203,32,40,971,33,2203,40
DEKALBHAWTHORNE ELEM,408,0,280,1,2,18,1,82,3,1,0,83,0,2,224,0,116,1681,91,591,689,532,1681,591
DEKALBHENDERSON MILL ELEM,357,2,179,1,6,22,0,114,4,1,0,70,2,4,268,0,150,1313,94,665,539,641,1313,665
DEKALBHUGH HOWELL,292,1,113,0,7,24,0,95,2,0,1,48,0,1,162,0,172,724,50,561,406,512,724,561
DEKALBHUNTLEY HILLS ELEM,276,1,234,0,1,16,1,57,0,1,1,41,0,4,164,0,121,1311,103,503,511,407,1311,503
DEKALBIDLEWOOD ELEM,279,1,142,0,5,19,0,41,0,1,2,14,0,0,50,0,56,970,31,260,422,188,970,260
DEKALBINDIAN CREEK ELEM,216,0,121,0,0,7,0,20,0,0,0,7,0,1,38,0,21,845,33,136,337,94,845,136
DEKALBJOHNSON ESTATES,224,0,105,0,1,2,1,21,0,0,0,39,0,0,110,0,44,691,42,193,329,218,691,193
DEKALBJOLLY ELEM,385,3,174,1,3,10,1,36,0,0,0,15,0,3,53,0,67,1406,48,250,563,188,1406,250
DEKALBKELLEY CHAPEL ROAD,430,0,76,0,0,1,0,5,0,0,0,0,0,0,7,0,13,809,12,37,506,26,809,37
DEKALBKELLEY LAKE ELEM,642,1,93,2,0,4,0,6,0,0,1,6,0,2,6,1,11,1497,25,44,738,37,1497,44
DEKALBKING-ML KING JR HIGH,1136,1,223,0,0,3,1,9,0,0,0,0,0,2,16,0,17,2804,31,64,1360,48,2804,64
DEKALBKINGSLEY ELEM,191,1,105,1,0,29,1,121,1,0,4,129,0,0,405,1,267,724,79,1042,298,958,724,1042
DEKALBKITTREDGE ELEM,225,0,126,0,4,16,2,88,1,0,0,80,0,0,257,0,158,789,98,679,351,606,789,679
DEKALBKNOLLWOOD ELEM,442,0,119,0,0,7,0,9,0,0,1,8,0,0,22,0,13,1193,39,46,561,60,1193,46
DEKALBLAKESIDE HIGH,428,2,244,1,10,11,1,108,1,0,0,126,0,1,344,0,180,1393,100,813,675,782,1393,813
DEKALBLAVISTA,307,0,233,0,5,8,0,49,1,0,0,46,0,0,222,0,76,1329,95,474,540,407,1329,474
DEKALBLAVISTA ROAD,302,2,197,2,1,4,0,63,0,0,1,45,0,0,211,0,70,1019,58,396,503,395,1019,396
DEKALBLIN-MARY LIN ELEM,504,1,405,2,1,7,0,34,1,0,0,56,0,2,179,0,55,1757,97,300,912,335,1757,300
DEKALBLITHONIA,177,0,47,2,0,2,0,12,0,0,0,0,0,0,9,0,13,618,10,51,226,36,618,51
DEKALBLITHONIA HIGH,527,2,116,1,2,3,0,6,1,0,0,2,0,0,1,0,5,1606,20,33,646,20,1606,33
DEKALBLIVSEY ELEM,186,1,106,0,6,20,0,75,1,0,0,47,0,1,165,0,101,592,37,454,293,416,592,454
DEKALBMARBUT ELEM,749,2,159,0,0,2,0,0,0,1,0,1,0,0,7,0,10,2305,21,51,910,21,2305,51
DEKALBMATHIS-BOB MATHIS ELEM,833,1,158,0,1,7,0,20,1,0,0,6,0,0,15,0,14,1694,31,83,992,64,1694,83
DEKALBMCLENDON,269,2,271,0,4,5,1,34,0,0,2,23,0,2,76,0,54,1129,66,217,542,201,1129,217
DEKALBMCNAIR ACADEMY,415,1,203,0,1,1,0,6,0,0,0,4,1,0,10,0,6,1131,36,32,619,29,1131,32
DEKALBMCNAIR HIGH,627,0,353,1,1,3,0,12,0,0,0,16,0,0,48,0,33,2032,71,131,981,113,2032,131
DEKALBMCNAIR MIDDLE,442,2,145,1,0,1,1,2,0,0,0,4,0,1,15,0,6,1225,25,40,590,30,1225,40
DEKALBMCWILLIAMS,586,0,121,2,0,2,0,5,0,1,0,0,0,0,5,0,7,1376,15,39,709,20,1376,39
DEKALBMEADOWVIEW ELEM,743,3,189,0,0,4,0,7,0,1,0,4,0,3,17,0,15,1753,42,66,935,51,1753,66
DEKALBMEDLOCK ELEM,339,1,338,1,3,3,0,71,0,0,0,47,0,1,127,0,79,1198,85,331,679,331,1198,331
DEKALBMEMORIAL SOUTH,315,0,70,0,0,2,0,12,0,0,0,5,0,0,21,0,18,1189,22,74,385,58,1189,74
DEKALBMETROPOLITAN,502,2,455,0,2,2,1,16,0,0,0,10,0,1,58,0,26,1728,87,114,959,116,1728,114
DEKALBMIDVALE ELEM,246,0,127,0,2,34,0,123,0,0,1,73,1,1,259,0,161,725,84,704,373,655,725,704
DEKALBMIDVALE ROAD,362,3,199,0,4,23,0,88,1,1,0,70,0,0,250,0,158,1292,72,591,564,595,1292,591
DEKALBMIDWAY ELEM,364,2,133,1,2,6,0,21,0,0,0,3,0,2,16,0,18,1296,40,98,500,68,1296,98
DEKALBMILLER GROVE HIGH,438,1,101,1,3,1,0,4,0,0,0,2,0,0,5,0,6,1450,17,40,541,21,1450,40
DEKALBMILLER GROVE MIDDLE,637,2,143,0,0,4,0,2,0,0,0,3,1,1,8,0,8,2013,27,36,782,27,2013,36
DEKALBMILLER GROVE ROAD,608,1,132,1,0,2,1,9,0,0,0,2,0,0,11,0,9,1330,12,47,742,34,1330,47
DEKALBMILLER-ELDRIDGE L. MILLER ELEM,670,1,159,0,0,7,0,12,0,0,1,4,0,0,19,0,25,1733,21,87,830,68,1733,87
DEKALBMONTCLAIR ELEM,205,0,129,0,2,6,1,9,0,0,1,15,0,1,38,0,28,968,45,142,334,101,968,142
DEKALBMONTGOMERY ELEM,214,0,127,0,1,16,1,90,2,0,0,112,0,1,300,1,125,851,107,736,341,649,851,736
DEKALBMONTREAL,196,1,149,1,6,10,0,49,0,0,1,17,0,0,74,0,71,761,51,289,347,228,761,289
DEKALBMT. VERNON EAST,167,0,89,1,2,28,0,105,0,0,1,131,2,0,416,0,274,769,84,1048,257,959,769,1048
DEKALBMT. VERNON WEST,203,1,98,1,4,13,0,93,1,0,0,86,1,3,317,0,164,764,74,792,303,682,764,792
DEKALBNAN,82601,170,32707,95,337,1778,71,6831,79,27,59,5587,24,153,18304,21,11179,251370,9666,51468,115573,44450,251370,51468
DEKALBNORTH DECATUR,179,1,149,0,0,4,0,13,2,0,0,18,0,1,60,0,33,865,51,157,329,131,865,157
DEKALBNORTH HAIRSTON,334,0,115,2,1,4,1,18,0,0,0,11,0,1,26,0,30,1075,24,121,451,92,1075,121
DEKALBNORTH PEACHTREE,171,2,119,1,2,13,0,43,0,0,0,46,0,2,103,0,69,701,54,334,293,278,701,334
DEKALBNORTHLAKE,220,1,142,0,0,16,1,44,0,0,0,39,0,4,164,0,92,690,64,319,363,360,690,319
DEKALBOAK GROVE ELEM,308,1,185,1,4,13,1,81,1,0,1,63,0,0,231,0,121,1008,81,537,495,516,1008,537
DEKALBOAK VIEW ELEM,1001,0,207,0,0,5,0,8,0,0,0,1,0,1,8,0,10,2575,27,43,1208,33,2575,43
DEKALBOAKCLIFF ELEM,118,1,98,0,2,5,0,32,0,0,0,11,0,0,49,1,45,702,42,239,217,145,702,239
DEKALBOAKHURST,632,1,382,0,1,14,0,21,0,1,0,56,0,3,132,0,49,1872,85,192,1015,277,1872,192
DEKALBPANOLA,358,0,82,0,0,6,0,1,0,0,0,4,0,0,15,0,18,830,18,51,440,44,830,51
DEKALBPANOLA ROAD,452,0,84,2,0,6,0,3,0,0,0,2,0,0,8,0,4,1162,13,24,538,23,1162,24
DEKALBPANOLA WAY ELEM,313,0,87,0,0,6,0,6,0,0,0,2,0,0,2,0,5,972,23,28,400,21,972,28
DEKALBPEACHCREST ELEM,306,1,105,0,2,8,0,10,0,0,0,2,0,0,10,0,26,987,28,80,412,58,987,80
DEKALBPEACHTREE MIDDLE,299,2,200,0,2,17,0,75,0,0,1,41,1,0,183,0,121,1422,91,591,501,441,1422,591
DEKALBPINE LAKE,117,0,132,0,0,4,0,6,1,0,0,2,0,0,14,0,21,352,15,47,249,48,352,47
DEKALBPINEY GROVE,239,1,148,0,1,3,0,4,0,0,1,3,0,1,17,0,8,917,28,40,388,38,917,40
DEKALBPLEASANTDALE ELEM,281,0,196,0,2,8,0,47,0,0,0,17,0,1,93,0,63,1670,54,329,477,231,1670,329
DEKALBPONCE DE LEON,477,2,333,1,2,5,0,28,2,0,0,48,0,0,110,0,36,1510,53,178,813,231,1510,178
DEKALBPRINCETON ELEM,463,0,115,0,0,5,1,18,0,0,1,0,0,0,9,0,6,1297,28,54,578,40,1297,54
DEKALBRAINBOW ELEM,947,1,145,2,0,12,2,13,0,0,0,1,0,0,9,1,21,2169,24,76,1095,59,2169,76
DEKALBREDAN ELEM,634,0,137,0,0,2,0,4,0,0,0,1,0,0,8,0,9,1709,25,57,771,24,1709,57
DEKALBREDAN MIDDLE,544,0,112,1,1,3,0,19,0,0,0,5,0,0,9,0,15,1377,24,70,657,52,1377,70
DEKALBREDAN ROAD,545,0,126,0,0,4,0,10,0,0,0,2,0,2,5,0,13,1428,18,63,671,36,1428,63
DEKALBREDAN-TROTTI LIBRARY,762,3,197,1,0,5,1,9,0,0,1,2,0,1,10,0,12,2056,27,57,963,41,2056,57
DEKALBREHOBOTH,270,1,240,0,4,17,1,69,0,0,0,36,0,2,152,0,131,981,79,434,511,412,981,434
DEKALBRENFROE MIDDLE,348,3,291,0,1,5,1,22,0,0,0,38,0,0,59,0,24,1071,51,99,642,150,1071,99
DEKALBROCK CHAPEL ELEM,506,0,136,0,0,4,0,9,0,0,0,3,0,0,9,0,17,1510,21,73,642,42,1510,73
DEKALBROCK CHAPEL ROAD,702,2,153,0,0,5,2,26,0,1,1,1,0,0,13,0,38,1996,38,168,857,87,1996,168
DEKALBROCKBRIDGE ELEM,392,1,127,1,0,3,0,26,0,0,0,9,0,0,21,0,30,1518,45,136,521,89,1518,136
DEKALBROCKBRIDGE ROAD,867,0,194,2,0,3,0,16,0,0,0,7,0,0,24,0,23,2151,30,98,1063,73,2151,98
DEKALBROWLAND ELEM,499,2,132,0,2,4,0,12,0,0,0,3,0,0,9,0,23,1561,37,108,633,53,1561,108
DEKALBROWLAND ROAD,423,1,100,1,1,10,0,22,0,0,0,8,0,0,15,0,28,1047,21,107,525,84,1047,107
DEKALBSAGAMORE HILLS ELEM,444,0,261,2,8,25,2,74,1,0,1,127,0,6,353,0,185,1391,97,741,707,782,1391,741
DEKALBSALEM MIDDLE,942,2,202,1,0,6,0,8,0,0,1,5,0,0,15,0,18,2153,23,69,1147,53,2153,69
DEKALBSCOTT,342,0,334,0,5,8,0,39,0,0,1,46,1,1,119,1,75,1315,78,303,676,296,1315,303
DEKALBSHADOW ROCK ELEM,1039,1,193,0,1,16,0,29,0,0,0,5,0,0,22,1,28,2473,24,117,1233,102,2473,117
DEKALBSHAMROCK,260,1,158,0,3,17,1,55,1,0,0,32,0,0,136,0,71,790,49,298,419,316,790,298
DEKALBSHAW-ROBERT SHAW ELEM,451,1,292,2,0,6,2,35,1,0,0,9,0,0,75,0,64,1711,95,248,746,192,1711,248
DEKALBSILVER LAKE,316,0,148,0,5,27,1,98,3,0,0,126,0,2,516,1,208,1565,140,1332,464,987,1565,1332
DEKALBSKYLAND,149,0,103,0,2,8,1,64,0,0,1,49,0,1,181,0,116,666,94,516,252,423,666,516
DEKALBSMOKE RISE ELEM,306,1,130,0,4,21,0,113,1,0,1,63,0,0,204,1,192,813,46,679,437,600,813,679
DEKALBSNAPFINGER ELEM,543,0,97,1,1,5,0,2,0,0,0,0,0,0,5,0,6,1092,21,45,641,19,1092,45
DEKALBSNAPFINGER ROAD NORTH,463,0,94,0,0,2,0,11,0,0,0,1,0,1,2,0,18,1190,12,52,557,35,1190,52
DEKALBSNAPFINGER ROAD SOUTH,543,0,105,1,2,8,0,6,0,0,0,3,0,0,7,0,10,1192,13,47,649,36,1192,47
DEKALBSOUTH DESHON,720,0,164,0,0,6,0,9,0,0,0,3,0,0,7,0,12,1921,28,51,884,37,1921,51
DEKALBSOUTH HAIRSTON,684,1,163,0,2,9,0,12,0,0,0,4,0,0,17,0,20,1896,18,89,848,64,1896,89
DEKALBSTEPHENSON HIGH,694,1,162,0,1,5,0,12,0,0,0,3,0,0,17,0,26,1877,34,118,857,64,1877,118
DEKALBSTEPHENSON MIDDLE,783,1,192,0,0,5,0,18,0,1,0,4,0,3,26,0,34,2034,39,126,976,91,2034,126
DEKALBSTONE MILL ELEM,273,1,93,0,1,4,1,7,1,0,0,2,0,2,8,0,20,1249,15,87,367,46,1249,87
DEKALBSTONE MOUNTAIN CHAMPION,384,1,129,2,2,5,0,33,0,0,0,3,0,0,25,0,39,1238,36,158,516,107,1238,158
DEKALBSTONE MOUNTAIN ELEM,365,1,97,1,5,23,1,52,0,0,1,34,0,0,100,0,76,1033,30,408,464,292,1033,408
DEKALBSTONE MOUNTAIN LIBRARY,164,1,66,0,0,4,0,31,0,0,0,6,1,0,24,0,36,639,26,161,231,102,639,161
DEKALBSTONE MOUNTAIN MIDDLE,178,2,91,0,0,3,0,16,0,0,1,3,0,0,16,1,26,1048,29,88,271,66,1048,88
DEKALBSTONEVIEW ELEM,246,1,69,0,2,3,0,6,0,0,0,2,0,0,4,0,4,767,8,47,316,21,767,47
DEKALBTERRY MILL ELEM,513,0,176,1,0,0,0,7,1,1,1,4,0,0,19,0,9,1406,29,56,690,42,1406,56
DEKALBTILLY MILL ROAD,124,0,75,0,2,20,1,104,0,0,1,65,0,1,220,0,135,482,75,588,199,549,482,588
DEKALBTONEY ELEM,393,2,79,0,0,5,0,1,0,0,0,1,0,1,6,0,3,923,12,30,474,17,923,30
DEKALBTUCKER,327,0,315,0,9,35,1,175,0,1,1,81,0,6,243,1,232,1137,122,871,642,785,1137,871
DEKALBTUCKER LIBRARY,327,1,184,0,5,20,1,78,1,0,1,62,0,2,176,2,129,1121,83,546,512,477,1121,546
DEKALBVALLEY BROOK,127,0,120,0,2,4,1,25,0,0,0,14,0,0,50,0,35,471,37,149,247,131,471,149
DEKALBWADSWORTH ELEM - 04,396,0,65,1,1,6,0,5,0,0,1,1,0,0,3,0,9,1057,19,37,462,26,1057,37
DEKALBWADSWORTH ELEM - 05,212,1,53,0,1,2,0,1,1,0,0,0,0,0,2,0,1,486,7,2,266,8,486,2
DEKALBWARREN TECH,132,0,120,0,1,8,0,37,0,0,1,21,0,0,79,0,62,524,31,260,252,209,524,260
DEKALBWESLEY CHAPEL LIBRARY,904,2,188,0,1,7,0,10,0,0,0,6,0,1,15,0,11,1885,22,51,1094,51,1885,51
DEKALBWHITE OAK,441,0,103,0,0,2,0,6,0,0,0,1,0,1,7,0,6,1331,32,43,544,23,1331,43
DEKALBWHITEFOORD ELEM,549,2,503,0,1,6,0,15,1,1,0,8,0,0,73,0,21,2021,107,171,1054,126,2021,171
DEKALBWINNONA PARK ELEM,451,2,316,0,0,2,2,12,0,0,1,44,0,2,119,0,28,1305,48,135,769,210,1305,135
DEKALBWINTERS CHAPEL,147,1,74,0,4,15,1,73,1,0,1,46,1,2,170,1,135,512,57,486,222,450,512,486
DEKALBWOODRIDGE ELEM,663,0,169,1,1,5,0,18,0,0,0,3,0,0,13,0,22,1802,36,123,833,62,1802,123
DEKALBWOODROW ROAD,954,2,246,0,0,12,1,22,0,0,1,2,0,1,27,0,38,3155,34,145,1202,104,3155,145
DEKALBWOODWARD ELEM,218,0,139,1,1,6,0,42,0,0,0,32,0,2,104,0,81,976,65,397,358,268,976,397
DEKALBWYNBROOKE ELEM,838,2,201,0,2,16,1,13,0,0,0,10,0,0,19,0,30,2079,33,128,1041,91,2079,128
DEKALBYOUNG ROAD,534,0,118,0,0,4,0,3,0,0,0,4,0,0,10,0,12,1145,17,35,652,33,1145,35
DODGECHAUNCEY,20,0,5,0,0,4,2,20,0,0,0,3,0,0,14,0,52,57,6,200,25,95,57,200
DODGECLARK,1,0,0,0,0,1,0,3,0,0,0,0,0,0,1,0,21,5,0,54,1,26,5,54
DODGEEDDIN,81,0,13,1,0,19,0,38,0,0,1,2,0,0,44,0,140,195,14,439,95,244,195,439
DODGEEMPIRE,9,0,11,0,1,11,0,29,0,0,0,5,1,0,17,0,60,23,5,229,20,124,23,229
DODGEJAYBIRD,13,1,2,0,1,4,0,3,0,0,0,0,0,0,7,0,40,52,0,89,16,55,52,89
DODGEJONES,7,0,4,0,1,13,0,26,1,0,1,4,0,0,21,0,69,33,7,256,11,136,33,256
DODGELEE,279,0,52,2,2,83,0,139,0,0,5,39,1,3,189,2,390,979,71,1692,333,853,979,1692
DODGEMCCRANIE,8,0,1,0,0,8,0,22,0,0,0,2,0,0,24,0,58,31,5,176,9,114,31,176
DODGEMILAN,12,0,6,0,0,10,0,22,0,0,0,6,0,0,14,0,59,43,1,170,18,111,43,170
DODGEMITCHELL,23,0,13,0,0,8,0,22,0,0,3,1,0,1,15,0,57,56,1,181,36,107,56,181
DODGEMULLIS,20,0,7,0,1,9,0,17,0,0,0,11,0,0,20,0,67,70,6,231,27,125,70,231
DODGENAN,579,2,141,6,11,226,2,504,1,0,13,84,2,5,486,2,1360,1839,138,5021,728,2696,1839,5021
DODGEPLAINFIELD,19,0,1,0,1,11,0,37,0,0,0,2,0,0,35,0,58,33,4,257,20,144,33,257
DODGEPONDTOWN,46,0,11,0,1,14,0,40,0,0,2,2,0,1,30,0,106,116,5,361,57,196,116,361
DODGERAWLINS,35,1,12,2,2,20,0,45,0,0,1,5,0,0,40,0,113,125,9,438,50,226,125,438
DODGEVILULA,0,0,2,1,1,5,0,15,0,0,0,0,0,0,10,0,44,4,1,121,3,75,4,121
DODGEYONKER,6,0,1,0,0,6,0,26,0,0,0,2,0,0,5,0,26,17,3,127,7,65,17,127
DOOLYBYROMVILLE,97,0,6,0,0,6,0,29,0,0,0,5,0,0,15,0,70,233,4,212,103,125,233,212
DOOLYLILLY,63,0,11,0,0,3,0,13,0,0,0,3,0,0,9,0,48,175,4,161,74,76,175,161
DOOLYNAN,740,4,91,2,7,68,0,200,0,0,4,29,1,0,157,2,585,1872,36,1951,837,1053,1872,1951
DOOLYPINEHURST,38,1,8,2,2,7,0,22,0,0,3,4,0,0,31,0,82,103,5,248,49,151,103,248
DOOLYUNADILLA,210,1,25,0,3,18,0,43,0,0,1,5,0,0,51,0,149,521,11,501,236,270,521,501
DOOLYVIENNA,332,2,41,0,2,34,0,93,0,0,0,12,1,0,51,2,236,840,12,829,375,431,840,829
DOUGHERTYALBANY MIDDLE SCHOOL,317,0,22,1,0,3,0,6,1,0,0,0,0,1,1,0,10,853,6,69,340,22,853,69
DOUGHERTYALICE COACHMAN ELEM,228,0,22,1,0,4,0,0,0,0,0,0,0,0,0,0,0,500,2,10,251,4,500,10
DOUGHERTYBILL MILLER CENTER,392,0,61,1,0,2,0,9,0,1,0,2,0,1,3,0,30,1105,13,102,454,48,1105,102
DOUGHERTYCARVER TEEN CENTER,325,1,22,0,0,0,1,0,1,1,0,0,0,0,2,0,2,807,7,12,348,7,807,12
DOUGHERTYCHRIST CHURCH,207,2,52,1,3,38,0,129,0,1,1,32,0,1,116,0,263,473,17,855,262,584,473,855
DOUGHERTYCOVENANT PRES CHURCH,191,1,53,1,4,28,0,92,0,0,0,19,0,2,59,0,233,597,18,688,246,437,597,688
DOUGHERTYDARTON COLLEGE,642,2,116,4,0,24,1,80,0,0,0,26,0,0,70,0,150,1731,27,556,764,351,1731,556
DOUGHERTYFIRST CHRISTIAN CHURCH,136,2,53,1,6,32,0,105,0,0,2,39,0,0,83,0,169,389,31,623,192,436,389,623
DOUGHERTYGREENBRIAR CHURCH,506,0,100,0,8,42,1,224,0,0,2,90,0,0,208,0,471,1217,55,1467,606,1046,1217,1467
DOUGHERTYINTERNATIONAL STUDIE,200,1,27,0,0,11,1,17,0,0,0,3,0,1,9,0,39,426,7,151,228,81,426,151
DOUGHERTYJACKSON HEIGHTS ELEM,473,1,50,1,0,1,0,0,0,0,0,0,0,0,0,0,5,1255,8,12,525,6,1255,12
DOUGHERTYLAMAR REESE ELEM SCHOOL,336,1,32,0,0,2,0,2,0,0,0,0,0,0,1,0,6,654,6,33,369,11,654,33
DOUGHERTYLITMAN CATHEDRAL,243,1,16,0,1,5,0,2,0,0,0,0,0,0,1,0,4,629,6,26,260,13,629,26
DOUGHERTYLOVETT HALL,86,1,82,0,0,2,0,1,0,0,0,0,0,0,1,0,2,656,11,11,169,6,656,11
DOUGHERTYMERRY ACRES MIDDLE,185,1,75,0,6,38,1,133,0,2,0,38,0,0,116,1,280,615,42,851,261,615,615,851
DOUGHERTYMT. ZION CENTER,770,2,56,1,1,6,0,1,0,3,0,1,0,0,0,0,4,1791,10,29,829,16,1791,29
DOUGHERTYPALMYRA RD METH CHURCH,166,0,54,1,2,38,0,78,1,2,0,25,0,3,88,0,232,637,28,765,221,469,637,765
DOUGHERTYPHOEBE EAST,429,1,55,1,3,9,0,13,0,0,2,0,0,1,12,0,48,1204,12,158,486,88,1204,158
DOUGHERTYPHOEBE EDU. BLDG,155,1,37,1,1,4,0,16,1,1,1,1,0,0,21,0,33,550,11,120,194,79,550,120
DOUGHERTYPINE BLUFF BAPT CHURCH,317,1,51,1,2,14,0,57,1,0,0,6,0,0,14,0,120,777,15,396,370,214,777,396
DOUGHERTYPUTNEY 1ST BAPT CHURCH,372,0,45,1,3,40,0,119,0,1,2,17,0,0,55,0,217,813,19,774,418,454,813,774
DOUGHERTYRADIUM MIDDLE SCHOOL,121,0,30,0,5,9,0,14,0,0,0,6,0,0,11,0,44,309,7,149,151,89,309,149
DOUGHERTYSECOND MT. ZION,187,2,25,0,0,9,0,46,0,0,1,10,0,1,53,0,190,391,9,521,214,310,391,521
DOUGHERTYSHERWOOD ELEM SCHOOL,304,1,92,2,4,23,1,104,0,0,4,15,0,1,69,1,200,977,40,724,399,422,977,724
DOUGHERTYSHILOH BAPTIST CHURCH,214,1,18,0,1,3,0,1,0,0,1,0,0,0,0,0,3,644,3,8,233,9,644,8
DOUGHERTYTURNER ELEM SCHOOL,93,0,15,1,0,3,0,3,0,0,0,0,0,0,0,0,6,371,6,19,109,12,371,19
DOUGHERTYWESTOVER HIGH SCHOOL,449,2,106,1,4,50,1,138,1,0,2,57,0,1,154,1,298,1186,40,1019,558,707,1186,1019
DOUGHERTYWESTTOWN ELEM SCHOOL,876,0,72,1,3,5,2,8,0,1,0,0,0,1,2,0,21,1754,19,84,949,43,1754,84
DOUGLASARBOR STATION,264,0,124,1,2,30,0,112,1,0,3,17,0,1,120,0,187,975,46,616,389,473,975,616
DOUGLASBEULAH,287,0,104,0,5,40,0,189,1,0,4,25,0,0,117,0,372,861,54,1119,391,753,861,1119
DOUGLASBOUNDARY WATERS,653,0,196,1,1,20,0,48,0,1,1,5,0,0,57,1,114,1963,39,392,850,248,1963,392
DOUGLASBRIGHT STAR,185,1,64,1,1,31,0,167,1,0,3,15,0,1,104,0,250,553,45,928,251,573,553,928
DOUGLASCHAPEL HILL,509,1,141,0,4,34,1,158,0,0,1,18,0,0,121,0,216,1589,78,807,651,553,1589,807
DOUGLASCHESTNUT LOG,435,1,154,0,3,24,0,117,0,0,2,16,0,1,125,2,207,1469,56,690,590,497,1469,690
DOUGLASCHURCH-CH,775,1,229,2,8,56,1,247,1,1,1,42,0,1,223,0,367,2337,80,1396,1007,948,2337,1396
DOUGLASCOLONIAL HILLS,345,0,111,1,0,22,0,18,0,1,0,8,0,0,17,0,38,1612,29,180,457,104,1612,180
DOUGLASCOUNTY LINE BAPTIST CHURCH,742,0,225,3,5,21,1,90,1,2,0,14,0,2,82,0,188,2638,112,644,970,406,2638,644
DOUGLASDAY STAR,203,4,95,3,5,87,1,414,0,0,2,54,1,2,310,0,628,637,95,2411,305,1504,637,2411
DOUGLASDEER LICK,249,1,88,1,3,39,0,129,3,0,1,11,0,2,97,0,189,819,52,733,339,474,819,733
DOUGLASDORSETT SHOALS,191,0,112,1,2,37,2,242,1,2,4,26,0,1,153,0,376,746,92,1368,304,846,746,1368
DOUGLASEPHESUS BAPTIST CHUR,175,0,62,1,5,69,1,393,0,1,2,57,1,2,255,0,609,514,67,2120,238,1395,514,2120
DOUGLASFACTORY SHOALS,556,2,165,0,3,33,0,124,1,0,3,23,0,3,112,1,220,1609,74,818,723,523,1609,818
DOUGLASFIRST BAPTIST - LITHIA SPRINGS,121,0,48,0,2,20,2,112,0,1,1,14,0,0,92,0,197,436,51,633,169,441,436,633
DOUGLASFIRST BAPTIST CHURCH,287,0,91,0,7,34,1,108,1,0,3,37,0,0,167,0,257,823,38,804,378,615,823,804
DOUGLASGOLDEN METHODIST CH,654,1,149,1,3,14,0,30,0,0,2,9,0,1,45,0,92,2044,58,342,805,196,2044,342
DOUGLASLUTHERAN CHURCH - GS,461,1,160,1,5,51,1,213,1,1,1,65,0,3,224,0,342,1404,82,1200,623,907,1404,1200
DOUGLASMIRROR LAKE ELEMENTA,491,0,166,3,3,68,4,266,0,0,1,37,0,2,227,0,485,1693,116,1770,660,1093,1693,1770
DOUGLASNAN,9393,21,3151,26,101,993,20,4092,19,12,45,609,2,32,3404,6,6987,31005,1594,24817,12591,16322,31005,24817
DOUGLASOLD COURTHOUSE,401,0,148,1,16,40,0,158,2,0,3,30,0,2,148,1,338,1618,83,1076,550,738,1618,1076
DOUGLASPRAYS MILL GYM,316,2,141,1,7,109,4,359,2,0,2,42,0,2,308,1,521,1155,96,2217,460,1357,1155,2217
DOUGLASST JULIANS EPISCOPAL,143,4,70,0,5,34,0,146,0,1,0,14,0,1,106,0,239,466,35,789,217,546,466,789
DOUGLASSTEWART,429,1,110,2,0,5,0,31,2,1,1,2,0,1,25,0,55,1403,26,200,542,123,1403,200
DOUGLASTURNER,318,1,135,2,4,44,1,150,1,0,4,25,0,4,108,0,358,1086,68,1061,456,699,1086,1061
DOUGLASWINSTON,203,0,63,0,2,31,0,71,0,0,0,3,0,0,61,0,142,555,22,503,266,310,555,503
EARLYARLINGTON,49,0,1,0,2,7,0,15,0,0,0,7,0,0,4,0,44,138,1,133,50,79,138,133
EARLYBLAKELY,325,1,34,1,8,28,0,72,0,1,2,15,0,0,71,1,229,1272,26,777,361,427,1272,777
EARLYCEDAR SPRINGS,17,0,7,0,0,3,0,17,0,0,0,1,0,0,12,0,40,37,7,150,24,73,37,150
EARLYCOLOMOKEE,17,0,1,1,0,3,0,10,0,0,0,1,0,0,16,0,38,40,2,119,19,68,40,119
EARLYCUBA,45,0,5,1,1,9,0,20,0,0,1,4,0,0,29,1,109,107,11,310,51,174,107,310
EARLYDAMASCUS,80,0,2,1,0,3,0,17,0,0,0,2,0,0,18,0,51,214,2,160,83,91,214,160
EARLYFREEMAN,9,0,2,0,2,6,0,6,0,0,0,2,0,0,17,0,47,28,3,147,11,80,28,147
EARLYHILTON,7,0,1,0,0,2,0,14,0,0,0,1,0,0,11,0,50,45,3,147,8,78,45,147
EARLYJAKIN,55,0,6,0,1,4,0,23,0,0,0,2,0,1,20,0,49,102,5,248,61,100,102,248
EARLYLUCILLE,55,0,13,0,2,6,1,16,0,0,2,3,0,0,10,0,60,157,2,230,68,100,157,230
EARLYNAN,673,1,76,4,17,75,1,225,0,1,6,43,0,1,223,2,760,2168,65,2552,754,1354,2168,2552
EARLYURQUHART,14,0,4,0,1,4,0,15,0,0,1,5,0,0,15,0,43,28,3,131,18,84,28,131
ECHOLSNAN,32,1,36,1,2,31,1,110,1,0,3,5,0,2,37,0,268,156,13,1007,70,460,156,1007
ECHOLSSTATENVILLE,32,1,36,1,2,31,1,110,1,0,3,5,0,2,37,0,268,156,13,1007,70,460,156,1007
EFFINGHAM1A,38,1,25,1,2,23,0,131,1,0,0,10,0,1,83,0,151,149,28,811,65,402,149,811
EFFINGHAM1B-1,42,0,21,0,4,15,0,109,0,1,2,10,1,0,25,0,221,144,17,816,63,388,144,816
EFFINGHAM1B-12,16,1,12,0,0,18,0,90,0,0,0,4,0,1,49,0,113,81,14,504,29,275,81,504
EFFINGHAM1C,40,1,27,0,1,23,0,114,0,0,0,13,0,1,35,0,158,139,24,638,68,345,139,638
EFFINGHAM1D,29,0,32,2,3,29,0,193,0,0,1,20,0,1,66,0,255,122,36,1006,63,568,122,1006
EFFINGHAM2A,49,1,28,0,4,55,0,248,0,0,0,15,0,1,125,1,234,249,51,1288,78,683,249,1288
EFFINGHAM2B,88,1,59,0,7,46,0,242,0,0,1,21,0,2,102,0,295,356,64,1335,148,716,356,1335
EFFINGHAM2C,75,2,52,2,7,56,1,257,0,0,4,32,0,4,147,0,327,463,53,1643,131,835,463,1643
EFFINGHAM3A,38,1,14,1,3,19,0,91,0,0,1,10,0,0,58,0,122,162,18,569,54,304,162,569
EFFINGHAM3B,113,1,27,3,1,29,0,90,1,1,0,9,0,0,49,0,114,336,24,541,144,294,336,541
EFFINGHAM3C,70,0,20,1,4,35,0,134,0,1,2,9,0,6,86,1,170,226,20,824,91,448,226,824
EFFINGHAM3D,102,1,61,2,4,30,0,180,1,0,2,19,0,0,96,1,218,427,49,1124,166,551,427,1124
EFFINGHAM4A,82,1,37,1,4,43,0,267,2,0,0,19,0,1,130,1,253,353,64,1432,121,720,353,1432
EFFINGHAM4B-1,76,0,16,1,0,11,0,49,0,0,2,2,0,1,12,0,42,195,8,207,93,119,195,207
EFFINGHAM4B-12,22,0,20,0,2,12,0,69,0,1,0,8,0,3,29,0,86,111,15,429,42,210,111,429
EFFINGHAM4C,40,0,33,0,1,36,0,199,1,0,0,10,0,4,79,0,223,190,54,1213,73,553,190,1213
EFFINGHAM5A,61,0,42,2,4,43,0,239,0,0,3,22,0,4,103,1,265,283,44,1296,105,684,283,1296
EFFINGHAM5B,149,1,68,1,7,48,0,240,2,1,0,45,0,3,123,1,241,648,61,1457,219,711,648,1457
EFFINGHAM5C,49,0,27,0,1,38,1,152,0,0,1,27,0,1,93,0,162,219,35,741,76,476,219,741
EFFINGHAMNAN,1179,12,621,17,59,609,2,3094,8,5,19,305,1,34,1490,6,3650,4853,679,17874,1829,9282,4853,17874
ELBERTCENTERVILLE,49,0,24,0,1,25,1,77,0,0,3,13,0,0,49,0,144,126,10,503,73,313,126,503
ELBERTELBERTON,355,2,87,1,9,30,0,108,1,0,1,55,1,0,154,3,301,1145,45,1149,445,663,1145,1149
ELBERTELIAM,31,1,13,0,2,17,0,59,1,0,1,12,0,0,42,0,120,105,7,421,45,254,105,421
ELBERTGAINES,14,0,9,0,1,7,0,41,0,0,0,7,0,0,36,0,94,36,5,313,23,186,36,313
ELBERTGOSHEN,53,0,32,1,1,26,0,133,0,0,0,11,0,1,52,0,178,211,18,768,86,402,211,768
ELBERTLONGSTREET,21,0,8,0,1,20,0,54,0,0,0,15,0,0,34,0,88,98,6,335,29,212,98,335
ELBERTMOSS-RUCKERSVILLE,31,0,15,1,0,6,0,23,0,0,0,3,0,0,14,0,65,93,6,204,47,111,93,204
ELBERTNAN,818,6,258,5,27,173,1,721,3,1,7,150,1,4,562,4,1402,2539,139,5292,1087,3056,2539,5292
ELBERTPETERSBURG,13,0,11,0,1,8,0,25,0,0,0,9,0,0,21,0,59,52,4,205,24,123,52,205
ELBERTPIKE,146,3,35,2,6,19,0,110,0,1,1,7,0,2,67,0,135,381,22,628,186,348,381,628
ELBERTWEBBSBORO,25,0,6,0,1,6,0,22,0,0,0,5,0,0,17,0,64,66,10,213,31,115,66,213
ELBERTWYCHE,80,0,18,0,4,9,0,69,1,0,1,13,0,1,76,1,154,226,6,553,98,329,226,553
EMANUELADRIAN,20,0,7,0,1,14,0,39,1,0,1,9,0,0,19,0,121,68,2,401,27,205,68,401
EMANUELBLUNDALE,3,1,5,0,2,24,0,67,0,0,1,1,1,0,54,0,118,22,3,466,9,268,22,466
EMANUELCANOOCHEE,47,0,3,0,0,10,0,41,1,0,1,6,0,1,25,0,104,83,4,336,50,189,83,336
EMANUELCROSS-GREEN,46,0,6,0,0,2,0,9,0,0,1,0,0,0,1,0,12,93,0,41,52,25,93,41
EMANUELGARFIELD,20,1,5,0,2,10,0,33,0,0,0,8,0,0,20,0,79,53,5,261,26,152,53,261
EMANUELNAN,758,5,145,4,13,198,2,695,3,2,12,87,1,5,463,0,1496,2435,75,5335,912,2977,2435,5335
EMANUELNUNEZ,13,0,7,0,0,7,0,15,0,0,0,3,0,0,5,0,56,54,1,162,20,86,54,162
EMANUELOAK PARK,10,1,5,0,0,11,0,54,0,0,0,3,0,0,23,0,101,21,4,352,16,192,21,352
EMANUELSTILLMORE,51,0,4,0,1,3,1,25,0,0,0,2,0,1,15,0,39,145,3,170,55,87,145,170
EMANUELSUMMERTOWN,41,0,9,1,1,10,0,32,0,0,0,0,0,0,15,0,75,90,1,230,51,133,90,230
EMANUELSWAINSBORO,399,2,82,1,5,88,1,307,0,2,6,44,0,3,252,0,635,1484,41,2345,484,1343,1484,2345
EMANUELTWIN CITY,108,0,12,2,1,19,0,73,1,0,2,11,0,0,34,0,156,322,11,571,122,297,322,571
EVANSNAN,347,5,85,5,18,80,2,329,2,0,4,42,0,1,309,0,481,1130,68,2404,442,1268,1130,2404
EVANSVETERAN'S COMM CTR,347,5,85,5,18,80,2,329,2,0,4,42,0,1,309,0,481,1130,68,2404,442,1268,1130,2404
FANNINCOLWELL,32,0,29,0,1,26,1,78,0,0,0,19,0,0,54,0,207,122,13,562,61,386,122,562
FANNINFAIRPLAY,30,0,13,0,0,19,0,58,0,0,0,6,1,0,46,0,179,107,12,532,43,309,107,532
FANNINFLINTHILL,87,1,64,3,6,51,1,179,0,0,3,21,0,1,104,0,423,287,40,1483,155,789,287,1483
FANNINHEMPTOWN,36,0,20,0,1,35,1,80,0,0,3,14,0,0,58,0,180,122,13,630,56,372,122,630
FANNINHOTHOUSE,30,0,28,0,2,25,1,70,0,0,1,9,0,0,53,0,209,108,13,611,58,370,108,611
FANNINMINERAL BLUFF,43,1,20,0,4,26,1,98,1,0,4,12,0,0,67,0,320,143,12,922,64,533,143,922
FANNINMOBILE,30,0,23,0,3,18,0,64,0,0,2,11,0,0,38,0,196,93,14,573,53,332,93,573
FANNINMORGANTON,61,0,25,0,2,44,0,117,1,0,1,26,0,0,89,0,329,225,12,985,86,609,225,985
FANNINNAN,547,4,356,5,31,351,8,1143,5,0,22,215,2,4,863,0,3006,1923,222,9632,912,5650,1923,9632
FANNINNOONTOOTLA,26,1,16,0,0,19,0,62,0,0,0,16,0,0,39,0,148,94,2,443,43,284,94,443
FANNINSKENIAH,10,0,12,0,3,8,0,23,0,0,0,6,0,0,29,0,53,50,3,165,22,122,50,165
FANNINSUGAR CREEK,69,1,47,1,2,32,2,130,0,0,3,28,0,0,104,0,357,222,34,1161,118,658,222,1161
FANNINTOCCOA,93,0,59,1,7,48,1,184,3,0,5,47,1,3,182,0,405,350,54,1565,153,886,350,1565
FAYETTEABERDEEN,74,0,54,0,4,30,0,98,0,0,0,66,1,1,186,0,253,338,44,845,128,639,338,845
FAYETTEANTIOCH,116,0,73,0,1,55,1,179,1,2,4,28,0,0,155,0,224,423,62,854,189,650,423,854
FAYETTEBANKS,165,0,61,1,3,23,0,102,0,0,2,27,0,1,98,0,159,491,39,599,227,415,491,599
FAYETTEBLACKROCK,476,1,107,0,3,34,0,129,4,1,4,35,1,1,142,1,123,1215,56,628,584,478,1215,628
FAYETTEBRAELINN,77,1,46,3,6,60,1,148,2,0,1,65,0,0,283,2,248,278,60,1097,127,816,278,1097
FAYETTEBROOKS,42,0,26,0,1,61,1,263,0,0,1,38,0,0,198,2,409,194,62,1468,68,974,194,1468
FAYETTECAMP CREEK,79,0,73,0,3,45,0,122,1,0,0,56,0,1,219,0,230,382,53,953,152,677,382,953
FAYETTEDOGWOOD-03,112,0,57,1,6,25,1,199,3,0,0,24,0,0,187,0,228,409,46,929,170,673,409,929
FAYETTEDOGWOOD-13,58,0,21,0,3,11,0,81,0,0,0,27,0,0,96,0,104,199,20,404,79,322,199,404
FAYETTEEUROPE,903,3,172,2,4,16,0,48,1,0,0,14,0,1,53,1,80,1903,36,286,1080,218,1903,286
FAYETTEFAYETTEVILLE EAST,202,0,80,0,1,24,2,100,1,0,1,23,0,1,114,0,148,634,38,611,282,415,634,611
FAYETTEFAYETTEVILLE WEST,125,3,64,0,0,42,2,117,0,0,0,16,0,0,84,0,137,489,32,628,192,398,489,628
FAYETTEFIELDING RIDGE,188,3,108,0,9,59,0,185,0,0,0,124,0,1,455,2,322,789,117,1655,299,1157,789,1655
FAYETTEFLAT CREEK,115,0,74,1,4,47,0,116,1,0,1,60,0,3,218,0,163,491,65,806,190,613,491,806
FAYETTEFLINT,186,0,56,0,1,19,2,104,0,0,0,17,0,0,65,0,142,562,27,493,242,350,562,493
FAYETTEHARPS CROSSING,110,0,46,0,3,37,0,191,3,0,0,41,0,2,157,0,185,359,29,837,156,619,359,837
FAYETTEHOPEFUL,338,0,78,1,0,37,0,108,1,0,1,15,0,2,72,0,195,731,44,612,417,431,731,612
FAYETTEJEFF DAVIS,318,2,77,1,3,28,0,97,1,0,0,22,0,1,102,0,185,985,44,714,398,439,985,714
FAYETTEKEDRON,184,1,123,0,3,46,0,163,2,0,0,65,0,2,239,1,286,899,87,1284,308,807,899,1284
FAYETTEKENWOOD,244,0,62,0,1,6,1,34,0,0,0,7,0,2,26,2,39,519,16,156,306,118,519,156
FAYETTEMCINTOSH,174,3,89,1,2,50,1,203,0,0,1,130,0,1,385,0,323,714,73,1549,267,1096,714,1549
FAYETTEMORNING CREEK,407,1,125,0,3,35,0,177,0,0,0,39,1,2,193,1,215,1088,51,919,533,666,1088,919
FAYETTEMURPHY,264,0,99,0,5,59,2,231,1,0,1,32,0,2,233,0,267,883,68,1215,363,833,883,1215
FAYETTENAN,7267,22,2925,15,125,1511,23,5813,33,4,35,1741,3,40,7258,16,8060,23284,2103,35048,10229,24662,23284,35048
FAYETTEOAK GROVE,65,0,45,0,2,19,1,111,2,0,0,50,0,0,149,0,150,266,55,661,110,484,266,661
FAYETTEOAK RIDGE,285,1,114,0,3,38,0,120,0,0,0,16,0,2,126,0,165,777,40,636,400,470,777,636
FAYETTERAREOVER,149,0,71,0,8,66,2,255,0,0,5,65,0,2,286,2,307,550,76,1387,220,998,550,1387
FAYETTERISING STAR,123,0,96,0,5,55,1,255,0,0,3,75,0,3,363,0,332,643,123,1711,219,1092,643,1711
FAYETTESANDY CREEK-03,426,0,112,0,2,30,0,125,2,0,1,45,0,1,199,0,153,1208,53,765,538,558,1208,765
FAYETTESANDY CREEK-13,149,0,45,1,1,30,0,79,0,0,0,17,0,1,108,1,97,415,20,472,195,334,415,472
FAYETTESHAKERAG EAST,70,0,76,0,4,36,2,126,0,0,1,34,0,0,119,0,166,316,53,687,146,488,316,687
FAYETTESHAKERAG WEST,64,0,45,0,3,28,0,83,0,0,1,52,0,1,161,0,151,271,43,622,109,480,271,622
FAYETTESPRING HILL,342,0,130,0,4,29,0,197,2,0,1,43,0,0,221,0,215,1029,63,1005,472,712,1029,1005
FAYETTESTARRSMILL,125,0,76,0,6,95,0,321,1,0,2,89,0,2,395,1,416,525,76,1902,201,1328,525,1902
FAYETTEWHITEWATER,135,1,76,0,7,74,1,257,1,0,0,81,0,2,369,0,363,616,88,1786,212,1155,616,1786
FAYETTEWILLOW POND,165,0,113,1,1,40,0,210,2,0,1,42,0,0,224,0,235,785,72,1051,279,755,785,1051
FAYETTEWILLOWBEND,91,0,62,0,4,37,2,142,0,1,1,66,0,0,196,0,203,370,80,941,153,652,370,941
FAYETTEWINDGATE,56,1,43,1,4,24,0,67,0,0,0,36,0,0,135,0,112,225,39,468,101,378,225,468
FAYETTEWOOLSEY,65,1,50,1,2,61,0,270,1,0,2,59,0,2,247,0,330,313,53,1412,117,974,313,1412
FLOYDALTO PARK,111,1,65,1,3,54,1,214,1,0,2,70,0,0,213,0,375,442,68,1480,178,933,442,1480
FLOYDARMUCHEE,39,0,15,1,2,49,2,64,0,0,0,19,0,2,73,0,198,122,22,654,55,409,122,654
FLOYDBARKERS,43,0,35,1,3,49,1,159,0,0,1,19,0,3,108,0,286,185,40,1196,79,629,185,1196
FLOYDCAVE SPRING,80,0,43,2,0,35,0,67,1,0,2,24,0,1,66,0,165,223,26,709,125,361,223,709
FLOYDCHULIO,46,1,22,0,1,13,0,92,0,0,2,17,0,0,56,0,170,120,28,591,69,351,120,591
FLOYDEAST LINDALE,100,1,54,2,6,75,0,211,0,0,2,53,0,3,219,0,369,483,63,1595,157,938,483,1595
FLOYDEAST ROME,271,1,158,2,6,68,2,122,0,1,1,98,0,2,262,0,303,1019,89,1164,432,865,1019,1164
FLOYDETOWAH,184,3,100,1,6,135,3,257,3,0,3,79,0,1,282,1,614,613,77,2444,288,1384,613,2444
FLOYDEVERETT SPRINGS,14,0,9,1,1,11,0,23,1,0,0,5,0,0,19,1,77,40,7,237,24,138,40,237
FLOYDFLOYD SPRINGS,34,1,25,0,1,55,0,118,0,0,1,24,0,1,106,0,255,119,27,977,60,561,119,977
FLOYDFOSTER'S MILL,30,0,15,1,0,13,0,68,0,0,0,13,0,0,39,1,142,76,13,491,46,276,76,491
FLOYDGARDEN LAKES,86,3,48,0,3,34,1,113,0,0,0,27,0,0,59,2,210,381,50,824,137,449,381,824
FLOYDGLENWOOD,98,2,91,2,10,81,2,180,0,0,1,34,0,4,178,0,313,381,71,1444,193,803,381,1444
FLOYDHOWELL,27,0,21,0,0,21,0,107,1,0,1,6,0,0,58,0,236,90,14,810,48,430,90,810
FLOYDMT ALTO NORTH,287,2,115,0,5,67,0,137,2,0,1,40,0,0,236,0,341,1005,84,1384,404,829,1005,1384
FLOYDMT ALTO SOUTH,228,2,115,0,9,62,1,155,0,0,2,56,0,3,260,0,334,832,82,1338,345,882,832,1338
FLOYDNAN,2568,27,1368,25,73,1140,16,2874,12,1,32,829,2,27,3152,5,5979,9159,1084,24114,3988,14142,9159,24114
FLOYDNORTH CAROLINA,49,1,35,0,0,43,0,80,0,0,1,8,0,1,53,0,186,168,21,789,85,372,168,789
FLOYDNORTH ROME,297,1,75,3,6,64,1,116,0,0,2,67,1,2,198,0,191,844,52,906,376,648,844,906
FLOYDRIVERSIDE,33,0,23,0,0,21,1,50,0,0,2,9,0,0,48,0,79,128,24,351,56,210,128,351
FLOYDSOUTH ROME,149,1,56,0,0,5,0,15,0,0,0,8,0,0,33,0,37,497,27,156,206,98,497,156
FLOYDTEXAS VALLEY,14,1,13,0,0,26,0,92,0,0,1,16,0,0,71,0,99,61,13,464,28,305,61,464
FLOYDTOWN ROME,187,0,93,1,5,35,0,94,0,0,4,66,0,1,202,0,176,670,56,855,281,583,670,855
FLOYDVANNS VALLEY,19,1,18,0,0,6,0,26,1,0,0,16,0,0,35,0,87,96,15,310,38,171,96,310
FLOYDWATTERS,62,4,63,3,1,77,0,185,0,0,2,31,1,1,146,0,433,262,66,1706,132,877,262,1706
FLOYDWEST LINDALE,80,1,61,4,5,41,1,129,2,0,1,24,0,2,132,0,303,302,49,1239,146,640,302,1239
FORSYTH01 BIG CREEK,533,2,376,4,32,183,3,991,3,0,5,321,0,9,1632,2,1372,3393,481,7101,915,4553,3393,7101
FORSYTH02 BRANDYWINE,276,0,239,1,3,42,0,224,0,0,3,62,1,1,381,0,366,1745,193,1856,516,1083,1745,1856
FORSYTH03 BROWNS BRIDGE-7,82,0,103,1,3,65,1,310,0,0,1,56,0,1,266,0,493,546,152,2110,186,1196,546,2110
FORSYTH03 BROWNS BRIDGE-9,83,2,93,0,8,48,2,399,0,0,2,82,0,4,405,0,745,464,105,2752,178,1695,464,2752
FORSYTH04 CHESTATEE,84,3,95,0,9,104,0,570,2,0,5,68,0,3,424,1,879,541,125,3451,182,2065,541,3451
FORSYTH05 COAL MOUNTAIN,98,0,92,0,11,71,3,382,0,0,3,64,1,6,363,3,644,666,142,2772,190,1551,666,2772
FORSYTH06 CROSSROADS,100,0,122,0,15,114,5,445,2,0,4,105,0,3,395,1,792,590,157,3159,222,1881,590,3159
FORSYTH07 CUMMING,72,0,57,0,10,51,2,190,0,0,1,23,0,1,190,0,358,438,71,1361,129,826,438,1361
FORSYTH08 MASHBURN,224,3,183,0,14,114,4,601,0,0,1,149,3,4,828,2,1021,1174,235,4231,410,2741,1174,4231
FORSYTH10 MIDWAY-7,444,2,366,1,27,214,2,1170,6,0,3,309,0,11,1502,2,1726,2807,579,8550,813,4972,2807,8550
FORSYTH10 MIDWAY-9,1,0,1,0,0,0,0,1,0,0,0,1,0,0,2,0,5,1,2,17,2,9,1,17
FORSYTH15 HEARDSVILLE-7,0,0,2,0,0,0,0,1,0,0,0,0,0,0,4,0,3,4,1,18,2,8,4,18
FORSYTH15 HEARDSVILLE-9,136,1,142,1,10,110,2,670,3,1,4,91,0,6,490,1,922,775,230,4079,280,2310,775,4079
FORSYTH16 OTWELL-7,210,2,231,2,13,113,5,707,1,0,8,119,0,7,705,2,1087,1275,264,4484,445,2767,1275,4484
FORSYTH16 OTWELL-9,28,1,32,0,1,30,0,158,2,0,0,20,0,4,132,1,293,175,54,1110,61,641,175,1110
FORSYTH19 OLD ATLANTA,190,1,108,0,4,42,5,316,3,0,0,121,0,4,547,0,609,1345,121,2568,299,1651,1345,2568
FORSYTH21 SOUTH FORSYTH,328,2,265,1,28,106,4,725,5,1,1,233,0,6,1261,1,1143,2418,349,5637,596,3514,2418,5637
FORSYTH25 WINDERMERE,294,1,191,0,12,76,1,470,3,0,2,136,0,3,717,0,873,1805,216,3735,486,2293,1805,3735
FORSYTH27 CONCORD,138,2,149,1,1,158,3,812,2,0,0,74,0,10,628,5,1071,860,231,4729,290,2764,860,4729
FORSYTH29 POLO,386,2,306,0,19,135,3,845,2,1,3,246,3,7,1200,0,1334,2440,383,6131,694,3798,2440,6131
FORSYTHNAN,3707,24,3153,12,220,1776,45,9987,34,3,46,2280,8,90,12072,21,15736,23462,4091,69851,6896,42318,23462,69851
FRANKLINCANON,19,2,23,1,3,27,1,91,1,2,0,11,0,1,56,0,183,86,12,608,45,376,86,608
FRANKLINCARNESVILLE,45,1,39,0,6,54,2,206,0,0,2,35,0,1,138,0,372,144,20,1216,85,816,144,1216
FRANKLINLAVONIA,95,0,30,0,6,50,0,132,0,1,2,22,0,1,102,0,281,294,27,963,125,597,294,963
FRANKLINNAN,352,4,205,2,30,304,5,1097,2,3,15,149,0,8,738,0,1999,1243,177,7054,563,4350,1243,7054
FRANKLINNORTHEAST FRANKLIN,54,1,31,0,2,47,0,174,0,0,1,33,0,2,154,0,359,216,40,1276,86,772,216,1276
FRANKLINROYSTON,66,0,32,1,3,47,0,164,0,0,4,16,0,2,118,0,221,251,31,921,99,575,251,921
FRANKLINSOUTHWEST FRANKLIN,39,0,32,0,4,53,1,203,0,0,3,24,0,1,109,0,353,132,30,1258,71,751,132,1258
FRANKLINWEST FRANKLIN,34,0,18,0,6,26,1,127,1,0,3,8,0,0,61,0,230,120,17,812,52,463,120,812
FULTON01A,520,0,443,0,3,8,3,22,6,6,8,49,9,3,100,0,26,1898,97,173,963,243,1898,173
FULTON01B,693,0,615,1,2,9,0,25,2,0,0,44,0,2,138,0,53,2304,125,243,1309,275,2304,243
FULTON01C,142,0,43,0,0,0,0,1,0,0,0,0,0,0,1,0,5,580,13,19,185,7,580,19
FULTON01D,192,0,82,0,1,1,0,7,0,0,0,1,0,0,10,1,6,268,6,23,274,27,268,23
FULTON01E,524,2,422,0,0,5,0,29,2,0,0,34,0,3,119,0,41,2932,144,283,948,233,2932,283
FULTON01F,107,0,39,1,1,1,0,2,0,0,0,2,0,0,2,0,0,443,11,16,147,8,443,16
FULTON01H,70,0,44,2,0,0,0,0,0,0,0,1,0,0,6,0,1,378,10,20,116,8,378,20
FULTON01J,327,1,132,0,1,2,0,2,1,0,0,1,0,0,8,0,2,1159,35,41,460,17,1159,41
FULTON01P,230,0,26,0,0,2,0,0,0,0,0,1,0,0,3,0,1,577,11,17,256,7,577,17
FULTON01R,190,0,31,1,1,0,1,0,0,1,0,0,0,0,1,0,1,564,7,7,222,5,564,7
FULTON01S,271,0,52,0,1,1,0,5,0,0,0,0,0,0,4,0,5,801,10,25,323,16,801,25
FULTON01T,147,0,138,0,0,2,1,5,0,0,0,2,0,0,11,1,8,695,20,49,285,30,695,49
FULTON02A,490,1,222,0,1,6,0,27,1,0,0,53,0,5,172,0,98,1814,133,455,713,363,1814,455
FULTON02B,280,1,178,0,0,10,0,12,0,0,0,14,0,0,50,0,24,1048,32,178,459,110,1048,178
FULTON02C,294,2,203,1,1,3,0,6,0,0,0,12,0,0,34,0,19,1121,48,90,500,75,1121,90
FULTON02D,502,0,367,0,1,8,0,16,0,0,0,33,0,0,84,0,39,2177,113,239,869,181,2177,239
FULTON02E,362,3,323,0,0,1,0,13,0,0,0,39,0,2,78,0,28,1215,60,154,688,161,1215,154
FULTON02F1,370,1,439,0,2,3,0,24,0,0,0,36,0,2,106,0,35,1704,107,216,810,208,1704,216
FULTON02F2,99,0,61,0,0,0,0,2,0,0,0,4,0,1,12,0,4,420,19,47,160,23,420,47
FULTON02G,461,0,344,0,2,9,0,18,0,0,0,35,0,3,121,0,37,1968,105,247,805,225,1968,247
FULTON02J,307,2,326,0,0,2,1,15,0,0,0,30,0,1,97,0,36,1844,94,220,635,182,1844,220
FULTON02K,193,1,189,0,2,0,0,18,1,0,0,16,0,0,64,0,25,819,57,120,383,126,819,120
FULTON02L1,659,1,430,0,2,7,0,37,1,0,0,69,1,2,204,0,91,2965,198,552,1090,414,2965,552
FULTON02L2,156,0,74,0,0,1,0,12,0,0,0,32,0,0,60,0,22,575,28,130,230,127,575,130
FULTON02S,102,0,102,0,0,0,0,2,0,0,0,3,0,1,5,0,5,394,13,30,204,16,394,30
FULTON02W,38,0,43,0,1,0,0,6,0,0,0,3,0,0,10,0,9,219,25,52,81,29,219,52
FULTON03A,261,2,54,0,0,0,0,0,0,0,0,2,0,0,1,0,2,763,5,22,317,5,763,22
FULTON03B,55,1,5,0,0,0,0,0,0,0,0,0,0,0,1,0,2,203,2,2,61,3,203,2
FULTON03C,261,0,36,0,0,1,0,2,0,0,0,0,0,0,0,0,7,738,10,14,297,10,738,14
FULTON03D,140,0,24,1,0,1,0,0,0,0,0,1,0,1,3,0,4,391,6,10,165,10,391,10
FULTON03E,254,0,71,2,1,2,0,2,0,0,0,1,0,0,8,0,4,885,16,40,327,18,885,40
FULTON03F,156,0,131,0,2,4,0,11,0,0,0,19,0,2,58,0,24,933,72,174,287,120,933,174
FULTON03G,82,0,27,1,0,0,0,0,0,0,0,0,0,0,6,0,1,302,6,6,110,7,302,6
FULTON03H,131,0,13,0,0,1,0,3,0,0,0,0,0,0,0,0,1,384,12,9,144,5,384,9
FULTON03I,54,0,162,0,0,8,0,5,0,0,1,14,0,1,65,0,11,657,83,123,216,105,657,123
FULTON03L,72,0,10,0,0,1,0,0,0,0,0,0,0,0,0,0,1,204,2,10,82,2,204,10
FULTON03M,79,0,88,0,0,5,1,12,0,0,0,12,0,1,45,0,18,337,38,87,167,94,337,87
FULTON03N,187,0,113,0,0,5,0,3,0,0,0,5,0,0,5,0,6,881,27,35,300,24,881,35
FULTON03P1A,222,0,296,0,1,3,0,14,1,2,0,17,0,3,89,0,28,1592,116,243,518,158,1592,243
FULTON03P2,5,0,0,0,0,0,0,0,0,0,0,0,0,0,0,0,0,21,0,1,5,0,21,1
FULTON03S,120,0,16,0,0,0,0,1,0,0,0,0,0,0,0,0,1,338,6,7,136,2,338,7
FULTON03T,183,0,86,0,0,4,0,1,0,0,0,1,0,0,9,0,9,718,17,32,269,24,718,32
FULTON04A,151,0,43,0,0,2,0,4,0,0,0,3,0,0,1,0,2,493,12,11,194,12,493,11
FULTON04B,141,0,120,0,2,1,0,0,0,0,0,1,0,0,6,0,5,941,11,23,261,15,941,23
FULTON04C,21,0,5,0,0,0,0,0,0,0,0,0,0,0,0,0,1,64,0,0,26,1,64,0
FULTON04D,286,0,49,0,0,0,0,2,0,0,0,0,0,0,0,0,7,710,4,17,335,9,710,17
FULTON04F,239,0,106,0,0,3,0,6,0,1,0,8,0,0,19,0,9,853,28,77,345,46,853,77
FULTON04G,91,0,26,0,0,0,0,0,0,0,0,1,0,0,1,0,3,306,7,8,117,5,306,8
FULTON04I,83,0,76,0,0,1,0,5,0,1,0,10,0,0,10,0,9,504,19,52,159,36,504,52
FULTON04J,45,0,35,0,0,0,0,0,0,0,0,0,0,0,1,0,1,412,4,5,80,2,412,5
FULTON04K,378,1,127,0,0,2,2,1,0,0,1,3,0,0,8,0,7,1138,21,34,506,24,1138,34
FULTON04L,201,0,99,0,0,1,0,1,0,0,0,1,0,0,8,0,3,740,24,28,300,14,740,28
FULTON04M,94,1,22,0,0,0,0,0,0,0,0,0,0,0,1,0,3,319,3,8,117,4,319,8
FULTON04S,469,1,66,1,1,5,0,1,0,0,0,1,0,0,7,0,5,1119,15,23,537,20,1119,23
FULTON04T,213,0,36,0,0,0,0,0,0,0,0,0,0,0,0,0,0,540,6,9,249,0,540,9
FULTON04V,295,1,89,0,0,1,0,0,0,0,0,4,0,0,3,0,1,1201,17,20,385,9,1201,20
FULTON04W,34,0,75,0,0,0,0,0,0,0,0,0,0,0,3,0,1,705,10,9,109,4,705,9
FULTON04X1,347,1,82,0,1,1,0,0,0,0,0,2,0,0,2,0,3,923,20,28,430,9,923,28
FULTON04X2,91,0,30,0,0,0,0,1,0,0,0,0,0,0,2,0,2,318,11,8,121,5,318,8
FULTON05A1,303,0,451,0,0,2,0,11,0,1,0,31,0,0,61,0,17,1465,83,147,754,123,1465,147
FULTON05A2,350,0,377,0,1,7,1,14,1,0,0,16,0,0,46,0,31,1502,61,121,727,117,1502,121
FULTON05B,273,0,134,1,1,1,0,2,0,1,0,0,0,0,7,0,4,852,37,55,408,16,852,55
FULTON05C,8,0,6,0,0,0,0,0,0,0,0,1,0,0,1,0,1,63,0,3,14,3,63,3
FULTON05D,6,0,19,0,0,0,0,0,0,0,0,0,0,1,0,0,5,117,3,8,25,6,117,8
FULTON05F,5,0,4,0,0,0,0,0,0,0,0,0,0,0,0,0,0,71,2,7,9,0,71,7
FULTON05J,107,0,62,0,0,5,0,2,0,0,0,8,0,1,16,0,11,350,21,47,169,43,350,47
FULTON05K,230,0,202,0,1,1,1,7,0,0,0,6,0,1,18,0,12,1255,55,85,432,47,1255,85
FULTON06B,278,1,184,0,0,7,1,26,1,0,0,42,0,0,101,0,26,1012,69,197,463,204,1012,197
FULTON06D,439,2,213,2,2,6,1,38,0,0,0,43,0,0,143,0,68,4561,255,1152,656,301,4561,1152
FULTON06E,319,0,193,0,1,3,0,27,1,0,0,40,0,2,104,0,50,1216,53,253,512,228,1216,253
FULTON06F,392,2,303,0,0,4,0,29,1,0,0,61,0,1,157,0,58,1455,107,281,697,311,1455,281
FULTON06G,86,0,57,0,0,0,0,7,2,0,0,10,0,0,23,0,11,307,13,53,143,53,307,53
FULTON06I,253,1,202,0,1,7,0,16,0,0,0,30,1,1,98,0,32,1448,83,233,456,186,1448,233
FULTON06J,442,1,204,0,2,5,0,29,0,0,0,84,0,0,187,0,60,1488,92,303,647,367,1488,303
FULTON06L1,207,1,54,1,3,6,0,9,0,0,0,33,0,0,69,0,25,497,28,145,263,145,497,145
FULTON06L2,116,0,26,0,1,0,0,7,1,0,0,34,0,0,61,0,25,338,15,132,142,129,338,132
FULTON06N,208,0,63,0,4,4,0,29,0,0,0,64,0,1,151,0,64,794,66,342,271,317,794,342
FULTON06Q,41,0,24,0,0,0,0,2,0,0,0,0,0,0,6,0,4,243,10,35,65,12,243,35
FULTON06R,328,2,97,0,0,1,0,9,1,0,0,52,0,1,99,0,42,885,40,211,427,205,885,211
FULTON07A,426,2,214,1,3,23,2,94,1,0,1,186,0,4,583,0,333,2123,209,1752,643,1230,2123,1752
FULTON07B,174,0,94,0,4,16,2,78,1,0,0,178,1,1,435,0,185,899,101,1149,268,901,899,1149
FULTON07C,292,0,105,0,16,16,0,78,1,1,0,111,0,1,347,0,182,1306,88,1151,397,753,1306,1151
FULTON07D,246,1,123,0,3,12,1,63,0,0,1,83,0,1,295,0,160,1289,143,992,370,619,1289,992
FULTON07E,226,0,96,1,1,8,1,35,0,0,0,47,0,1,143,0,83,900,61,431,323,319,900,431
FULTON07F,249,2,120,1,5,8,0,50,3,0,0,109,1,0,326,0,141,1103,91,790,372,643,1103,790
FULTON07H,226,2,96,0,2,8,0,46,0,0,0,97,0,1,250,0,120,775,51,589,324,524,775,589
FULTON07J,275,1,132,0,2,8,1,47,1,0,1,77,0,1,281,1,87,1129,141,612,408,507,1129,612
FULTON07M,161,0,118,0,3,6,0,44,0,0,0,38,0,1,115,0,75,777,84,438,279,282,777,438
FULTON07N,146,1,100,0,1,2,1,8,0,0,1,20,0,1,52,0,31,795,54,190,247,117,795,190
FULTON08A,233,0,90,0,7,14,2,82,2,0,1,133,0,1,340,0,155,931,79,944,323,737,931,944
FULTON08B,177,0,78,1,5,17,1,72,0,0,1,92,0,2,317,0,166,982,123,1221,256,673,982,1221
FULTON08C,63,1,20,0,3,6,0,36,0,1,0,51,0,0,155,0,91,328,45,607,84,343,328,607
FULTON08D,60,2,29,0,4,4,0,33,0,0,1,71,0,1,177,0,82,283,33,436,91,373,283,436
FULTON08E,246,0,73,0,10,23,0,79,2,1,0,138,1,4,398,0,173,842,84,966,319,829,842,966
FULTON08F1,149,1,52,0,8,12,1,55,1,1,0,158,0,1,424,0,136,612,88,879,202,797,612,879
FULTON08G,295,0,109,0,7,8,0,49,0,0,3,83,0,1,223,0,164,932,60,673,404,538,932,673
FULTON08H,210,0,70,0,15,9,0,54,2,0,0,132,0,0,392,0,167,849,74,831,280,771,849,831
FULTON08J,221,1,104,0,4,17,0,61,0,0,1,127,0,3,443,0,119,1049,118,855,326,775,1049,855
FULTON08K,82,0,43,0,1,7,1,21,0,0,0,38,0,0,135,0,36,397,64,260,125,239,397,260
FULTON08L,402,1,192,0,9,7,0,48,0,0,0,87,0,1,244,0,121,1688,182,751,595,517,1688,751
FULTON08M,118,0,50,0,8,13,0,37,0,0,0,112,0,1,259,1,110,558,43,693,168,541,558,693
FULTON08N1,53,0,20,0,5,6,1,21,1,0,0,52,0,0,164,0,62,232,32,313,73,312,232,313
FULTON08N2,113,1,35,0,7,8,5,23,0,0,0,55,0,0,134,0,79,500,22,402,149,311,500,402
FULTON08P,124,0,112,0,0,3,1,24,1,0,0,22,0,1,67,0,21,633,50,168,236,140,633,168
FULTON09A,349,0,220,0,0,16,1,52,2,0,0,51,0,4,206,0,85,1504,138,465,569,417,1504,465
FULTON09B,59,0,6,0,0,0,0,2,0,0,0,0,0,0,0,0,0,197,2,6,65,2,197,6
FULTON09C,686,1,104,0,0,6,0,1,0,0,0,1,0,0,2,0,9,1552,24,33,791,19,1552,33
FULTON09D,345,0,42,0,0,3,1,1,0,0,0,1,0,0,3,0,4,910,10,19,387,13,910,19
FULTON09E,379,0,109,0,0,4,0,9,0,0,0,2,0,0,21,0,11,1222,35,49,488,47,1222,49
FULTON09F,360,0,223,1,10,15,1,102,2,0,0,108,0,1,404,0,200,1489,177,969,584,843,1489,969
FULTON09G,300,3,278,0,1,10,0,40,1,0,1,55,0,1,216,0,66,1480,120,399,581,391,1480,399
FULTON09H,83,0,107,0,0,4,0,13,0,0,0,8,0,0,36,0,16,466,27,85,190,77,466,85
FULTON09I,181,1,19,0,1,1,0,2,0,0,0,0,0,0,2,0,3,518,5,10,201,9,518,10
FULTON09K,611,0,121,0,1,4,0,1,0,1,0,2,0,0,13,0,10,1919,30,59,732,32,1919,59
FULTON09M,208,2,193,1,2,9,0,33,0,0,2,33,1,1,136,1,45,993,114,288,404,263,993,288
FULTON10A,785,1,109,0,1,3,0,0,0,0,0,0,0,0,4,0,8,1713,25,29,895,16,1713,29
FULTON10B,1165,3,229,2,1,7,0,6,0,0,0,2,0,0,4,0,17,2514,32,56,1399,37,2514,56
FULTON10C,426,0,70,1,0,1,0,1,0,1,1,0,0,0,2,0,4,1259,9,15,497,10,1259,15
FULTON10D,761,6,93,0,1,9,2,3,0,1,0,0,0,0,5,0,5,2057,16,53,860,26,2057,53
FULTON10E,257,0,40,0,0,1,0,0,0,0,0,1,0,0,1,0,1,545,9,8,297,4,545,8
FULTON10F,292,1,41,0,1,3,0,3,0,1,0,0,0,0,1,0,4,600,7,18,334,13,600,18
FULTON10G,399,0,96,2,1,4,0,3,0,0,0,1,0,0,2,0,3,819,2,21,497,14,819,21
FULTON10H1,82,0,23,0,0,0,0,0,0,1,0,0,0,0,1,0,0,214,3,3,105,2,214,3
FULTON10H2,413,2,66,1,0,4,0,2,0,0,0,2,0,1,4,0,6,1095,23,31,482,19,1095,31
FULTON10I,115,0,35,0,2,0,0,1,0,0,0,0,0,0,1,0,4,242,5,10,150,8,242,10
FULTON10J,163,2,43,1,0,0,0,0,0,1,0,0,0,0,0,0,2,437,6,13,209,3,437,13
FULTON10K,410,1,74,2,0,2,1,2,0,0,0,0,0,0,1,0,8,842,11,32,487,14,842,32
FULTON10M,445,0,127,1,0,2,0,1,0,0,0,3,1,0,9,0,5,1233,20,31,573,21,1233,31
FULTON10P,288,1,52,0,0,1,0,0,0,0,0,0,0,0,0,0,1,715,11,17,341,2,715,17
FULTON10R,161,0,17,0,0,0,0,2,0,0,0,0,0,0,0,0,0,367,5,8,178,2,367,8
FULTON11B,1144,1,195,1,1,4,0,9,0,0,0,2,0,1,7,0,10,3038,37,64,1341,34,3038,64
FULTON11C,861,1,154,0,1,5,0,3,1,0,0,2,0,0,4,0,8,1883,18,33,1016,24,1883,33
FULTON11E1,207,1,57,0,0,0,0,2,0,0,0,2,0,0,2,0,6,617,12,16,265,12,617,16
FULTON11E2,250,1,30,0,0,2,0,0,0,0,0,3,0,0,1,0,0,496,7,6,281,6,496,6
FULTON11E3,499,0,170,1,1,0,0,2,0,0,0,1,1,0,7,0,3,1711,23,38,670,15,1711,38
FULTON11G,293,0,38,0,0,4,0,2,0,0,0,1,0,0,2,0,9,972,14,19,331,18,972,19
FULTON11H,160,0,25,0,1,0,0,0,0,0,0,1,0,0,0,0,4,347,4,12,185,6,347,12
FULTON11J,445,0,76,1,0,4,0,1,0,0,0,0,0,1,2,0,6,993,6,28,522,14,993,28
FULTON11K,483,1,98,0,2,2,0,3,0,0,0,2,0,0,2,0,12,1079,18,27,582,23,1079,27
FULTON11M,594,0,151,1,2,0,0,3,0,0,0,8,0,0,4,0,9,1574,18,29,746,26,1574,29
FULTON11N,620,0,118,1,0,5,1,5,0,0,0,1,0,0,9,0,10,1389,15,30,739,31,1389,30
FULTON11P,458,3,54,0,0,4,0,0,0,0,0,1,1,2,2,0,4,1013,14,18,515,14,1013,18
FULTON11R,211,1,32,0,0,1,0,0,0,1,0,0,0,0,0,0,3,768,7,16,244,5,768,16
FULTON12A,807,1,349,0,2,7,0,23,1,2,0,6,0,2,31,0,23,2389,65,111,1157,97,2389,111
FULTON12D,140,0,45,0,0,1,0,3,0,1,0,0,0,0,0,0,2,579,9,11,185,7,579,11
FULTON12E1,158,0,25,0,0,1,0,3,0,0,0,1,0,0,2,0,6,574,8,26,183,13,574,26
FULTON12F,139,1,27,0,0,4,0,3,0,0,0,1,0,0,0,0,1,437,9,10,167,9,437,10
FULTON12G,188,0,15,1,1,0,0,8,1,0,0,1,0,0,1,0,6,424,9,27,204,18,424,27
FULTON12H,559,0,87,1,0,5,0,1,0,0,1,1,0,0,6,0,11,1664,22,45,647,25,1664,45
FULTON12I,143,0,14,0,0,1,0,0,0,0,0,0,0,0,0,0,0,425,4,7,157,1,425,7
FULTON12J,415,0,74,1,0,0,0,1,0,0,0,2,0,0,3,0,5,1201,19,26,490,11,1201,26
FULTON12K,372,3,151,1,0,4,0,7,0,0,2,1,0,0,10,0,10,1299,36,65,527,34,1299,65
FULTON12L,93,1,12,0,0,0,0,0,0,0,0,0,0,0,1,0,1,252,0,5,106,2,252,5
FULTON12M,459,2,64,2,0,2,0,2,0,0,0,0,0,0,0,0,2,1243,12,30,527,6,1243,30
FULTON12N,114,1,17,0,1,0,0,1,0,0,0,0,0,0,0,1,1,359,6,8,132,4,359,8
FULTON12S,303,0,101,1,0,5,0,3,0,0,0,0,1,0,5,0,2,908,12,19,405,16,908,19
FULTONAP01A,90,1,56,0,2,14,0,70,0,0,0,53,1,1,192,0,136,587,44,732,147,469,587,732
FULTONAP01B,49,0,34,0,0,4,0,13,0,0,0,6,0,0,36,0,30,247,30,203,83,89,247,203
FULTONAP01C,127,0,78,0,4,8,1,92,2,0,0,56,0,1,257,1,140,655,84,831,205,562,655,831
FULTONAP01D,53,0,43,1,0,6,0,25,0,0,1,7,0,0,42,0,39,293,29,222,97,120,293,222
FULTONAP021,156,4,112,1,8,24,0,124,1,0,0,75,1,2,273,0,184,879,118,1010,273,692,879,1010
FULTONAP022,146,0,86,0,3,19,1,96,1,0,1,30,0,3,147,0,123,706,77,677,232,424,706,677
FULTONAP02B,26,1,6,0,2,1,0,12,0,0,0,10,0,0,28,0,12,109,7,122,33,65,109,122
FULTONAP03,45,0,33,0,0,2,0,12,0,0,0,2,0,1,21,0,19,298,12,96,78,57,298,96
FULTONAP04A,108,1,51,0,3,25,0,100,0,0,0,58,0,3,200,1,150,439,59,731,160,540,439,731
FULTONAP04B,19,0,5,0,0,1,0,9,0,0,0,12,0,1,60,0,34,137,16,165,24,117,137,165
FULTONAP05,230,0,118,0,3,39,0,211,0,0,0,118,0,1,452,0,383,1275,111,1793,348,1207,1275,1793
FULTONAP06,76,0,68,0,5,17,2,103,0,0,0,62,0,0,232,0,148,485,82,735,144,569,485,735
FULTONAP07A,206,1,151,1,4,36,0,142,1,0,1,68,0,1,225,1,258,962,116,1091,359,737,962,1091
FULTONAP07B,76,1,55,0,2,17,1,65,2,0,0,45,0,3,162,1,111,463,46,604,132,409,463,604
FULTONAP09A,228,0,139,0,4,28,1,171,1,1,0,116,0,1,363,2,267,1324,135,1366,367,955,1324,1366
FULTONAP09B,43,0,30,0,0,5,0,9,0,0,0,10,0,1,39,0,38,300,20,224,73,102,300,224
FULTONAP10,47,0,47,0,2,6,0,74,0,0,0,27,0,2,117,0,72,249,38,421,94,300,249,421
FULTONAP12A,51,0,38,0,0,5,0,21,0,0,1,8,0,1,33,0,29,257,15,141,89,98,257,141
FULTONAP12B,37,0,24,0,0,3,0,10,0,0,0,4,0,0,16,0,18,255,14,118,61,51,255,118
FULTONAP12C,80,0,37,0,1,6,0,36,0,0,0,28,0,1,92,0,101,353,33,472,117,265,353,472
FULTONAP13,123,0,86,0,0,11,0,98,1,0,2,36,0,1,221,0,144,838,55,915,209,514,838,915
FULTONAP14,195,0,111,0,2,17,0,121,3,1,0,71,0,1,358,0,187,942,128,1078,306,761,942,1078
FULTONCH01,20,0,8,0,0,0,0,7,0,0,0,0,0,0,3,0,6,107,6,44,28,16,107,44
FULTONCH02,55,0,13,0,1,5,0,26,0,0,1,3,0,0,17,0,40,135,3,182,68,93,135,182
FULTONCH03,21,2,20,0,0,1,0,28,1,0,0,0,0,2,26,0,51,75,10,160,43,109,75,160
FULTONCH04A,54,0,21,0,0,9,0,28,0,0,0,13,0,0,38,0,55,185,14,204,75,143,185,204
FULTONCH05,14,0,11,0,2,8,0,31,0,0,0,4,0,0,30,0,68,49,13,211,25,143,49,211
FULTONCP011,162,1,68,0,1,7,0,16,0,0,0,8,0,0,38,1,28,529,23,126,231,99,529,126
FULTONCP012,205,0,58,0,2,7,0,24,0,0,0,13,0,0,41,0,33,590,29,163,263,120,590,163
FULTONCP01B,34,1,14,0,1,2,0,7,0,0,0,5,0,0,18,1,11,157,9,73,49,45,157,73
FULTONCP02,150,0,35,0,0,2,0,4,0,0,0,5,0,0,24,0,17,445,26,73,185,52,445,73
FULTONCP04,13,0,4,0,0,0,0,0,0,0,0,0,0,0,0,0,0,23,0,2,17,0,23,2
FULTONCP051,416,1,74,0,0,4,0,7,0,0,0,2,0,0,3,0,3,877,10,39,491,19,877,39
FULTONCP05B,16,0,2,0,0,1,0,0,0,0,0,0,0,0,0,0,0,57,1,1,18,1,57,1
FULTONCP06A,39,0,7,0,0,0,0,0,0,0,0,0,0,0,2,0,2,213,2,12,46,4,213,12
FULTONCP07A,87,0,25,0,0,0,1,0,0,0,0,0,0,0,0,0,1,441,10,10,112,2,441,10
FULTONCP081,22,0,6,0,0,0,0,0,0,0,0,0,0,0,0,0,0,133,2,4,28,0,133,4
FULTONCP083,15,0,1,0,0,0,0,0,0,0,0,0,0,0,0,0,0,83,1,1,16,0,83,1
FULTONCP08A,37,1,3,0,0,0,0,0,0,0,0,0,0,0,0,0,1,209,3,4,41,1,209,4
FULTONEP01,855,4,330,1,0,8,0,40,0,0,1,14,0,0,56,0,67,2572,70,266,1190,186,2572,266
FULTONEP02,815,3,332,1,0,19,0,53,0,1,0,9,0,0,56,0,61,2634,75,275,1151,199,2634,275
FULTONEP03,1420,1,292,2,1,21,0,25,0,0,0,6,0,0,24,0,45,3314,63,173,1715,122,3314,173
FULTONEP04-05,795,2,188,2,1,8,0,8,0,0,0,3,0,0,10,0,9,2549,25,84,987,39,2549,84
FULTONEP04-13,263,0,84,0,0,0,0,3,0,0,0,0,0,0,3,0,3,1021,11,17,347,9,1021,17
FULTONFA01A,1299,3,333,1,6,35,1,89,1,0,2,12,1,0,79,0,143,4191,86,598,1636,369,4191,598
FULTONFA01B,98,1,28,0,1,5,0,3,0,0,0,0,0,0,3,0,0,358,6,20,127,12,358,20
FULTONHP01,292,2,188,1,1,23,0,82,1,0,0,16,0,6,90,0,136,1205,70,495,483,355,1205,495
FULTONJC01,248,3,186,0,1,29,2,173,1,1,3,80,0,4,331,0,212,1870,120,1322,437,837,1870,1322
FULTONJC02,116,0,67,0,1,20,0,79,0,0,0,19,0,0,139,0,104,722,35,697,183,362,722,697
FULTONJC03A,24,0,25,0,0,2,0,20,0,0,0,9,0,0,61,0,41,196,17,199,49,133,196,199
FULTONJC03B,91,2,48,0,0,15,0,49,0,0,2,32,0,1,110,0,66,549,38,373,141,275,549,373
FULTONJC04A,253,2,131,0,4,32,0,148,0,0,2,100,0,2,352,0,206,1410,151,1381,386,846,1410,1381
FULTONJC04B,8,0,15,0,1,0,0,7,0,0,0,4,0,2,19,0,9,91,9,74,23,42,91,74
FULTONJC05,131,1,95,1,6,17,0,64,0,0,0,35,0,2,152,1,143,736,81,651,228,420,736,651
FULTONJC06,119,0,60,0,2,10,0,95,0,0,0,57,0,0,250,0,200,713,55,1025,179,614,713,1025
FULTONJC07,233,0,146,1,5,14,2,149,1,0,0,75,0,2,318,0,230,1390,107,1207,380,796,1390,1207
FULTONJC08,175,1,114,1,2,23,2,133,3,0,1,54,0,0,265,0,175,872,110,964,291,658,872,964
FULTONJC09,217,0,110,1,8,27,1,86,0,0,0,49,0,4,214,2,156,1059,89,806,328,547,1059,806
FULTONJC10,173,0,92,0,2,18,0,91,0,1,1,29,0,1,149,0,141,800,69,619,265,433,800,619
FULTONJC11,164,0,104,0,5,32,0,134,2,0,0,102,0,2,334,0,215,897,77,1224,268,826,897,1224
FULTONJC12,140,0,58,1,3,29,0,140,1,0,1,69,1,0,355,0,276,579,41,1177,199,875,579,1177
FULTONJC13A,77,0,49,0,2,18,2,89,0,0,0,76,0,0,324,0,221,487,70,1164,126,732,487,1164
FULTONJC14,107,0,53,0,5,11,1,71,0,0,1,68,0,0,297,1,185,708,60,1000,160,640,708,1000
FULTONJC16,152,2,134,1,0,20,0,137,1,0,1,65,0,0,243,0,182,802,102,907,289,649,802,907
FULTONJC18A,163,0,92,1,2,26,1,146,2,0,0,102,0,3,363,0,218,791,100,1100,256,863,791,1100
FULTONJC19,254,0,179,0,2,30,1,143,0,0,2,90,0,1,328,0,266,1251,143,1239,433,863,1251,1239
FULTONML011,80,0,59,0,1,19,0,96,0,0,0,56,0,1,273,0,189,627,87,985,139,635,627,985
FULTONML012,17,0,13,0,0,7,0,19,0,0,0,10,0,2,63,0,62,103,12,232,30,163,103,232
FULTONML01B,4,0,0,0,0,1,0,5,0,0,0,0,0,0,5,0,10,19,3,37,4,21,19,37
FULTONML021,52,0,21,0,1,14,0,86,1,0,2,47,0,0,188,0,196,300,65,938,73,535,300,938
FULTONML022,9,0,6,0,0,4,0,10,0,0,0,7,0,0,34,0,11,35,17,104,15,66,35,104
FULTONML023,43,0,23,0,3,12,1,74,0,0,1,39,0,0,167,0,120,266,49,716,66,417,266,716
FULTONML024,2,0,1,0,0,2,0,7,0,0,0,2,0,0,11,0,11,16,3,57,3,33,16,57
FULTONML03,139,0,89,0,6,38,5,189,2,0,1,97,0,1,411,1,286,755,131,1799,228,1037,755,1799
FULTONML04A,83,0,52,1,5,12,0,75,1,0,0,43,0,1,169,0,124,433,61,738,136,430,433,738
FULTONML04B,42,0,35,0,2,10,1,80,0,0,0,37,0,1,130,0,123,250,36,571,77,384,250,571
FULTONML04C,5,0,3,0,0,0,1,8,0,0,0,5,0,0,4,0,12,18,1,52,8,30,18,52
FULTONML05A,0,0,2,0,0,0,0,4,0,0,0,1,0,0,1,0,2,18,0,14,2,8,18,14
FULTONML05B,7,0,8,0,0,3,0,20,0,0,0,8,0,0,31,0,45,84,4,185,15,107,84,185
FULTONML05C,219,1,117,2,3,22,0,120,1,0,1,71,0,3,361,0,253,1243,116,1414,339,835,1243,1414
FULTONML06A,112,0,73,0,0,6,0,33,1,0,0,15,0,0,70,0,70,687,46,367,185,195,687,367
FULTONML06B,206,0,124,0,2,27,1,65,1,0,0,34,0,3,146,1,131,1032,92,710,330,411,1032,710
FULTONML071,3,0,2,0,0,0,0,2,0,0,0,8,0,0,11,0,14,32,3,45,5,35,32,45
FULTONML072,44,0,23,1,0,12,1,73,0,0,0,17,0,0,91,0,113,220,30,546,68,307,220,546
FULTONML07A,27,0,18,0,3,7,0,45,0,0,0,27,0,0,65,0,67,139,21,330,45,214,139,330
FULTONMP01,47,0,40,0,0,6,0,7,0,0,0,22,0,0,36,0,36,161,20,151,87,107,161,151
FULTONNAN,83457,200,33800,94,553,2772,112,12337,127,39,91,10628,30,229,35325,30,22521,297051,15765,117783,117551,84794,297051,117783
FULTONPA01,357,2,109,0,1,14,1,51,1,1,3,7,0,0,55,0,90,1077,33,390,468,224,1077,390
FULTONRW01,287,3,180,1,6,36,2,267,1,0,1,141,0,1,564,0,401,1253,145,2034,471,1420,1253,2034
FULTONRW02,244,0,177,0,5,25,2,164,1,0,1,129,1,2,405,0,308,1232,173,1450,421,1043,1232,1450
FULTONRW03,295,3,245,0,8,38,1,138,0,0,0,82,0,5,293,0,240,1445,150,1189,543,805,1445,1189
FULTONRW04,155,1,116,0,6,10,2,94,2,0,0,58,0,2,235,0,174,599,86,674,272,583,599,674
FULTONRW05,140,2,114,1,1,11,1,59,0,0,1,21,0,1,83,0,78,710,72,424,257,256,710,424
FULTONRW06,201,1,185,1,4,16,1,140,2,0,2,83,1,4,289,0,171,936,104,921,388,713,936,921
FULTONRW07A,105,0,54,0,0,3,0,15,0,0,0,3,0,0,15,0,18,532,40,111,159,54,532,111
FULTONRW07B,17,1,33,0,0,3,0,20,0,0,0,3,0,0,8,0,16,170,11,63,51,50,170,63
FULTONRW08,122,0,67,0,8,36,2,120,1,0,0,67,0,2,261,0,188,527,78,960,189,685,527,960
FULTONRW09,299,1,182,0,9,65,4,318,1,1,1,207,1,1,734,0,544,1404,190,2761,482,1886,1404,2761
FULTONRW10,175,2,142,0,6,44,0,187,1,1,0,128,0,2,387,0,294,935,123,1361,319,1050,935,1361
FULTONRW11A,168,0,124,0,5,17,0,88,1,0,0,56,0,1,239,0,186,830,105,819,292,593,830,819
FULTONRW12,322,3,222,1,7,60,3,299,3,0,4,200,0,6,677,1,603,1627,192,2555,548,1863,1627,2555
FULTONRW13,219,2,179,0,3,48,2,189,1,1,1,122,0,1,361,0,272,1061,158,1286,400,1001,1061,1286
FULTONRW16,117,1,92,0,1,23,0,91,1,0,0,51,0,2,206,0,153,560,54,747,210,528,560,747
FULTONRW17,182,0,203,0,1,21,1,108,2,0,1,61,0,2,176,0,144,972,110,660,385,517,972,660
FULTONRW19,117,0,61,1,2,23,0,114,0,0,0,67,0,1,311,2,173,569,76,858,179,693,569,858
FULTONRW20,195,2,104,1,1,21,0,106,0,0,0,67,0,1,303,0,239,869,92,1039,302,738,869,1039
FULTONRW21,171,1,119,0,7,18,1,121,3,0,0,137,0,1,389,0,279,819,112,1327,291,956,819,1327
FULTONRW22A,261,2,197,0,2,30,1,86,1,0,2,60,0,1,217,0,157,1401,143,940,460,557,1401,940
FULTONSC01B,1178,0,230,0,0,12,0,15,0,0,0,10,0,0,15,0,21,2710,27,86,1408,73,2710,86
FULTONSC02,488,2,98,0,0,3,0,2,0,0,0,5,0,0,8,0,9,625,9,20,588,27,625,20
FULTONSC04,134,0,32,0,0,5,2,56,0,0,1,3,0,1,33,0,57,395,11,222,166,158,395,222
FULTONSC05A,122,0,30,0,1,1,0,1,0,0,0,2,0,0,0,0,3,424,13,9,152,8,424,9
FULTONSC05B,667,3,197,0,1,2,1,6,0,0,0,5,0,0,11,0,14,2018,32,67,867,40,2018,67
FULTONSC05D,492,2,109,2,3,14,0,13,0,0,1,2,0,0,23,0,22,1500,25,135,605,78,1500,135
FULTONSC07A,992,1,247,1,2,19,1,52,1,0,1,9,0,0,41,0,67,3071,43,350,1241,193,3071,350
FULTONSC08B,674,1,147,3,1,6,0,8,0,0,0,3,0,0,7,0,10,1915,38,63,825,35,1915,63
FULTONSC08C,22,0,5,0,0,0,0,0,0,0,0,0,0,0,0,0,0,56,1,0,27,0,56,0
FULTONSC08D,105,0,28,0,0,0,0,3,0,0,0,0,0,0,1,0,0,316,6,7,133,4,316,7
FULTONSC08E,67,0,27,0,0,1,0,0,0,0,0,0,0,0,0,0,0,274,6,1,94,1,274,1
FULTONSC08F,115,0,27,0,1,4,0,5,0,0,0,0,0,0,1,0,3,361,6,19,142,14,361,19
FULTONSC08G,0,0,1,0,0,0,0,0,0,0,0,0,0,0,0,0,0,2,0,0,1,0,2,0
FULTONSC09A,604,1,95,0,0,6,0,12,1,0,0,3,0,0,11,0,11,1752,25,81,700,44,1752,81
FULTONSC09B,390,0,62,0,0,6,0,5,0,0,0,0,0,0,6,0,3,1038,19,33,452,20,1038,33
FULTONSC10,215,1,53,0,1,0,0,1,0,0,0,1,1,0,1,0,7,784,14,27,269,12,784,27
FULTONSC11A,316,1,71,1,0,3,0,4,0,0,0,1,1,0,3,0,6,828,8,23,389,18,828,23
FULTONSC11B,402,0,50,0,1,4,0,2,0,1,0,0,0,0,2,0,3,930,12,24,452,13,930,24
FULTONSC14,152,0,39,0,0,3,0,1,0,0,0,0,0,0,1,0,7,528,7,18,191,12,528,18
FULTONSC16,1157,2,267,0,0,6,0,6,0,0,0,9,0,1,12,0,19,2873,24,63,1426,53,2873,63
FULTONSC17A,7,0,5,0,0,0,0,0,0,0,0,0,0,0,0,0,0,35,0,0,12,0,35,0
FULTONSC17C,263,0,55,0,0,0,0,2,0,0,0,2,0,0,3,0,7,647,9,28,318,14,647,28
FULTONSC18A,114,0,11,0,0,1,0,0,0,0,0,0,0,0,1,0,2,305,5,11,125,4,305,11
FULTONSC18B,1290,2,257,1,2,6,0,12,0,0,0,12,0,0,18,0,28,3184,39,101,1550,78,3184,101
FULTONSC19A,52,0,14,0,0,0,0,0,0,0,0,0,0,0,1,0,1,113,1,3,66,2,113,3
FULTONSC19B,284,0,51,2,0,1,0,4,0,0,1,0,0,0,4,0,2,696,1,23,337,12,696,23
FULTONSC211,224,0,63,0,0,2,0,5,0,0,0,0,0,0,5,0,5,744,8,30,287,17,744,30
FULTONSC212,467,0,124,0,0,4,0,6,0,0,0,5,0,0,11,0,22,1744,31,112,591,48,1744,112
FULTONSC23A,970,1,224,1,1,9,0,11,0,0,0,0,0,0,11,0,20,2951,34,92,1196,52,2951,92
FULTONSC23B,99,0,22,0,0,0,0,0,0,0,0,0,0,0,6,0,5,294,1,8,121,11,294,8
FULTONSC27,569,1,74,0,1,4,0,5,0,0,0,0,1,1,3,0,7,1276,11,40,644,22,1276,40
FULTONSC29A,676,0,115,2,0,3,0,5,0,0,0,0,0,1,5,0,9,1635,21,51,793,23,1635,51
FULTONSC30A,42,0,7,0,0,0,0,0,0,0,0,0,0,0,0,0,1,91,2,2,49,1,91,2
FULTONSC30B,275,0,78,0,0,1,0,1,0,0,0,0,0,0,5,0,1,570,11,10,353,8,570,10
FULTONSS01,212,0,88,0,5,26,0,137,1,0,0,180,0,4,481,1,252,852,90,1278,300,1087,852,1278
FULTONSS02A,64,0,81,0,5,6,0,34,1,0,0,35,0,1,101,1,63,414,43,316,145,247,414,316
FULTONSS02B,93,1,90,0,0,4,0,20,0,0,0,28,0,0,65,2,37,539,43,197,184,156,539,197
FULTONSS03,114,0,75,0,2,9,0,42,0,0,0,50,0,2,137,0,103,492,61,430,189,345,492,430
FULTONSS04,264,1,155,0,2,18,0,65,1,0,0,58,0,3,174,0,131,1225,113,675,420,452,1225,675
FULTONSS05,174,0,90,0,3,12,0,91,1,0,0,82,0,1,272,0,144,652,66,657,264,606,652,657
FULTONSS06,107,0,40,0,2,9,2,60,2,0,0,69,0,1,204,1,102,465,44,523,147,452,465,523
FULTONSS07A,62,0,26,1,4,6,2,35,0,0,1,58,0,0,119,0,61,265,29,361,89,286,265,361
FULTONSS07B,41,0,22,0,1,7,1,16,1,1,1,13,0,0,33,0,23,180,28,152,63,97,180,152
FULTONSS07C,43,0,26,0,1,9,0,19,0,0,0,24,0,0,54,0,40,246,18,234,69,147,246,234
FULTONSS08A,97,0,59,0,1,7,0,26,0,0,0,15,0,0,62,0,67,502,39,266,156,178,502,266
FULTONSS08B,39,0,14,0,1,4,0,31,1,0,0,31,0,1,74,0,37,210,18,210,53,180,210,210
FULTONSS08C,48,0,30,0,1,2,0,10,1,0,0,8,0,0,34,0,27,230,21,133,78,83,230,133
FULTONSS08D,111,0,52,0,0,7,0,18,0,0,0,22,0,0,63,0,50,431,36,280,163,160,431,280
FULTONSS09A,244,0,66,0,10,21,0,81,0,1,0,154,0,1,434,0,251,969,92,1122,310,953,969,1122
FULTONSS09B,260,1,106,0,7,21,1,91,1,0,1,187,0,1,495,1,219,1122,97,1266,367,1025,1122,1266
FULTONSS11A,249,0,194,1,6,14,1,73,1,0,0,76,0,1,326,0,146,1383,124,914,444,644,1383,914
FULTONSS11B,87,0,69,1,1,4,0,25,0,0,0,22,0,0,54,0,35,489,42,224,157,141,489,224
FULTONSS11C,24,0,12,0,0,0,0,3,0,0,0,1,0,0,4,0,5,117,6,33,36,13,117,33
FULTONSS11D,27,0,13,0,1,2,0,10,0,0,0,11,0,0,35,0,21,103,15,130,40,80,103,130
FULTONSS12,195,1,74,0,3,9,0,74,1,0,0,99,0,4,346,0,123,896,110,837,270,659,896,837
FULTONSS13A,103,0,90,0,4,12,2,51,1,0,0,59,0,0,189,0,62,487,49,462,193,380,487,462
FULTONSS13B,45,0,20,0,1,3,0,22,0,0,0,23,0,0,67,0,35,303,24,237,65,151,303,237
FULTONSS14,98,1,41,0,2,14,0,61,1,0,2,82,0,0,196,0,86,390,54,578,140,444,390,578
FULTONSS15A,168,0,133,1,1,6,0,19,0,0,1,7,0,1,48,0,32,974,71,198,302,115,974,198
FULTONSS15B,102,1,108,0,0,8,0,35,0,0,0,19,0,0,65,0,63,608,38,308,211,190,608,308
FULTONSS16,148,0,63,0,6,19,1,79,0,0,0,156,0,0,382,0,152,655,75,834,211,795,655,834
FULTONSS17,219,0,142,0,1,22,0,114,1,0,1,128,0,1,340,0,215,1089,84,1169,361,823,1089,1169
FULTONSS18A,45,0,20,0,2,5,0,38,0,0,0,30,0,0,100,1,48,226,15,247,65,224,226,247
FULTONSS18B,23,0,7,0,1,0,0,9,0,0,0,6,0,0,20,0,29,78,7,98,30,65,78,98
FULTONSS19A,218,1,170,1,0,4,0,38,1,0,1,40,0,1,122,0,79,1251,77,447,390,286,1251,447
FULTONSS19B,168,0,108,0,2,5,0,35,2,0,1,54,0,0,128,0,61,909,68,334,276,288,909,334
FULTONSS20,146,1,83,0,2,5,0,37,1,0,0,36,0,1,119,0,53,742,45,393,230,254,742,393
FULTONSS22,190,0,125,0,6,16,2,63,1,0,0,73,0,0,220,0,133,983,55,655,315,514,983,655
FULTONSS25,94,0,55,0,2,10,0,69,0,0,0,76,0,2,215,0,137,453,47,622,149,511,453,622
FULTONSS26,259,0,210,1,2,4,0,42,0,0,0,19,1,3,74,0,46,1478,92,332,470,191,1478,332
FULTONSS29A,206,4,132,0,4,4,0,91,0,0,1,82,0,1,217,0,124,966,86,681,342,524,966,681
FULTONSS31,105,0,38,0,3,4,0,21,0,0,0,41,0,0,110,0,86,382,22,333,143,265,382,333
FULTONUC01A,483,0,125,0,0,7,0,13,0,0,0,5,0,0,6,0,9,1698,40,81,608,40,1698,81
FULTONUC01B,42,0,13,0,0,2,0,0,0,0,0,0,0,0,1,0,0,204,5,3,55,3,204,3
FULTONUC01E,14,0,9,0,0,0,0,0,0,0,0,0,0,0,0,0,0,69,2,2,23,0,69,2
FULTONUC02A,1222,3,293,2,4,22,0,22,0,0,1,5,0,0,11,0,41,3879,53,167,1520,106,3879,167
FULTONUC02B,3,0,1,0,0,0,0,4,0,0,0,0,0,0,0,0,0,10,0,6,4,4,10,6
FULTONUC031,323,2,66,0,1,16,1,50,1,0,1,9,0,0,41,0,60,1019,25,281,391,180,1019,281
FULTONUC032,13,0,4,0,0,0,0,1,0,0,0,0,0,0,5,0,4,77,1,13,17,10,77,13
GILMERBIG CREEK,34,0,29,0,3,28,0,105,1,0,4,19,0,1,75,0,223,152,22,728,63,459,152,728
GILMERBOARDTOWN,28,0,31,0,1,31,2,115,1,0,2,10,0,1,100,0,237,136,26,738,59,500,136,738
GILMERCARTECAY,40,1,33,0,3,20,0,120,1,0,1,14,0,0,109,0,281,124,16,864,74,549,124,864
GILMERCHERRY LOG,56,1,14,1,1,17,0,58,0,0,0,17,0,0,67,0,146,129,11,458,72,306,129,458
GILMEREAST ELLIJAY,28,0,35,1,2,27,0,98,0,0,3,22,0,0,100,1,244,151,23,803,64,497,151,803
GILMERELLIJAY NORTH,26,0,35,2,6,24,0,108,0,1,1,19,0,1,82,0,250,154,31,763,63,492,154,763
GILMERELLIJAY NORTHEAST,55,0,31,0,2,25,1,127,0,0,1,28,0,2,119,0,283,207,12,951,86,588,207,951
GILMERELLIJAY SOUTH,76,0,69,1,3,38,0,159,0,0,2,27,0,3,146,0,450,306,40,1372,146,828,306,1372
GILMERLEACHES,56,1,50,3,3,44,0,146,3,0,1,36,0,2,116,1,371,225,39,1235,110,723,225,1235
GILMERMOUNTAINTOWN,17,0,25,0,5,17,0,91,0,0,1,7,0,1,72,1,175,106,17,576,42,370,106,576
GILMERNAN,490,3,423,9,35,319,3,1332,6,2,21,232,0,14,1159,4,3340,1965,293,10477,925,6467,1965,10477
GILMERTAILS CREEK,25,0,24,0,1,19,0,71,0,0,1,9,0,2,53,1,291,115,18,787,49,448,115,787
GILMERTOWN CREEK,22,0,24,0,2,15,0,57,0,0,2,15,0,1,52,0,165,82,12,555,46,309,82,555
GILMERYUKON,27,0,23,1,3,14,0,77,0,1,2,9,0,0,68,0,224,78,26,647,51,398,78,647
GLASCOCKEDGEHILL,1,0,1,0,0,6,0,8,0,0,0,0,0,0,14,0,22,6,0,90,2,50,6,90
GLASCOCKGIBSON,15,2,5,1,5,11,0,38,2,1,1,5,0,0,34,0,140,46,9,410,23,237,46,410
GLASCOCKMILL,9,0,6,1,4,11,0,51,0,0,0,1,0,0,34,0,146,33,5,473,16,247,33,473
GLASCOCKMITCHELL,13,0,7,0,1,14,1,32,1,0,0,4,0,1,6,0,97,53,3,262,20,157,53,262
GLASCOCKNAN,38,2,19,2,10,42,1,129,3,1,1,10,0,1,88,0,405,138,17,1235,61,691,138,1235
GLYNNABUNDANT LIFE,194,1,54,0,5,18,1,70,0,0,2,9,0,0,36,1,137,761,27,569,249,279,761,569
GLYNNBALLARD COMPLEX,110,1,50,2,6,43,1,126,1,0,1,23,1,0,93,0,274,499,51,1129,163,569,499,1129
GLYNNBURROUGHS,322,4,49,2,1,9,0,9,0,0,0,4,0,0,4,0,21,1371,21,132,377,48,1371,132
GLYNNC B GREER SCHOOL,117,1,55,0,6,58,1,179,1,1,1,34,0,0,154,0,328,475,36,1328,173,763,475,1328
GLYNNCAREER ACADEMY,86,0,63,2,4,57,1,185,1,0,0,32,0,2,107,0,337,396,54,1256,151,726,396,1256
GLYNNCHRISTIAN RENEWAL,146,1,103,0,16,78,2,199,1,0,1,127,0,3,341,1,389,612,72,1755,250,1158,612,1755
GLYNNCOLLEGE PLACE,198,0,58,0,1,20,2,43,0,0,1,20,0,0,53,0,142,724,28,488,256,282,724,488
GLYNNFIRST BAPTIST,237,1,148,0,18,73,0,215,1,0,0,155,1,0,346,0,550,860,87,1926,386,1359,860,1926
GLYNNGLYNDALE SCHOOL,34,0,37,0,2,47,1,144,0,0,1,27,0,1,92,1,361,195,33,1302,71,677,195,1302
GLYNNHOWARD COFFIN PARK,193,1,125,1,2,26,0,78,1,1,1,29,0,2,54,0,124,911,58,513,320,318,911,513
GLYNNJEKYLL ISLAND,81,1,25,0,3,12,2,27,0,0,0,43,0,0,63,0,86,200,11,270,107,236,200,270
GLYNNMARSHES OF GLYNN,145,1,58,0,1,55,1,180,0,0,3,16,0,2,96,0,294,467,23,1312,204,648,467,1312
GLYNNNAN,2881,21,1282,12,100,853,19,2569,8,4,23,944,4,31,2543,8,5536,11775,825,21512,4196,12642,11775,21512
GLYNNNORTHSIDE CHURCH,254,2,66,1,2,29,0,81,0,1,1,19,1,0,66,0,176,966,41,689,323,376,966,689
GLYNNOGLETHORPE POINT,114,0,53,1,7,53,3,150,0,0,0,119,0,6,251,0,349,450,40,1366,168,938,450,1366
GLYNNSATILLA MARSH SCHOOL,80,0,43,1,1,61,1,172,0,0,2,41,0,2,100,0,310,381,41,1190,124,690,381,1190
GLYNNSE BAPTIST BLDG,56,1,30,0,2,26,0,103,0,0,2,5,0,3,57,1,238,262,25,774,87,437,262,774
GLYNNSELDEN PARK,77,0,13,1,0,6,0,18,0,0,0,4,0,0,11,1,41,378,7,190,91,81,378,190
GLYNNST WILLIAMS CHURCH,216,2,139,1,12,74,1,232,1,1,3,161,1,5,400,2,521,856,83,2094,358,1414,856,2094
GLYNNSTERLING CHURCH OF GOD,119,3,69,0,3,45,1,126,0,0,3,23,0,1,77,1,327,546,44,1313,191,607,546,1313
GLYNNSTERLING ELEM SCHOOL,102,1,44,0,8,63,1,232,1,0,1,53,0,4,142,0,531,465,43,1916,147,1036,465,1916
GORDONCALHOUN CITY,252,1,157,3,16,157,5,278,3,0,4,133,0,5,432,1,870,1137,146,3247,413,1904,1137,3247
GORDONFAIRMOUNT,26,0,35,0,2,34,0,113,0,0,0,12,0,1,69,0,318,105,29,967,61,549,105,967
GORDONGORDON COUNTY,136,3,91,1,11,113,0,225,1,0,10,51,0,3,192,2,753,589,68,2588,231,1361,589,2588
GORDONLILY POND,35,1,24,0,5,49,0,100,0,0,2,19,0,0,100,0,241,141,24,847,60,516,141,847
GORDONNAN,778,10,554,10,54,736,9,1607,6,0,33,356,1,17,1427,5,4347,3181,507,15191,1352,8598,3181,15191
GORDONOAKMAN,27,0,35,1,1,28,0,56,0,0,0,14,0,1,41,0,149,95,18,552,63,290,95,552
GORDONOOSTANAULA,36,0,8,0,1,21,0,31,0,0,0,8,0,0,35,0,102,80,8,315,44,198,80,315
GORDONPINE CHAPEL,16,0,8,1,1,14,0,86,0,0,4,11,0,0,36,0,123,63,7,488,25,275,63,488
GORDONPLAINVILLE,37,1,34,1,3,53,2,99,0,0,0,12,0,1,61,0,254,131,28,872,73,485,131,872
GORDONRED BUD,56,1,40,2,2,67,0,128,0,0,4,20,1,2,143,1,337,256,44,1283,99,705,256,1283
GORDONRESACA,25,0,23,0,1,25,0,92,1,0,4,15,0,0,53,1,197,112,22,669,48,389,112,669
GORDONSONORAVILLE,109,3,68,1,9,143,1,311,0,0,4,45,0,3,219,0,761,388,93,2625,181,1496,388,2625
GORDONSUGAR VALLEY,23,0,31,0,2,32,1,88,1,0,1,16,0,1,46,0,242,84,20,738,54,430,84,738
GRADYBLOWING CAVE,18,1,14,2,3,13,0,48,0,0,0,8,0,0,29,0,100,79,5,416,35,201,79,416
GRADYCAIRO 4TH DISTRICT,374,3,47,1,2,11,0,24,0,0,0,3,0,0,23,0,52,1096,17,269,425,115,1096,269
GRADYCAIRO 5TH DISTRICT,167,1,43,0,7,46,1,114,0,0,1,14,0,1,85,0,187,615,26,846,211,456,615,846
GRADYDUNCANVILLE,42,0,13,0,0,12,0,31,0,0,0,9,0,0,24,0,49,118,7,202,55,125,118,202
GRADYHIGDON,67,0,12,1,2,16,0,51,0,0,1,3,0,0,30,0,73,171,9,352,80,176,171,352
GRADYLIMESINK,9,0,3,0,0,5,0,26,0,0,1,1,0,0,15,0,45,27,1,165,12,93,27,165
GRADYMIDWAY,44,1,32,0,2,29,0,85,0,0,0,9,0,0,65,0,159,177,13,666,77,349,177,666
GRADYNAN,887,12,262,8,32,259,3,805,1,0,9,109,0,5,555,1,1422,3013,135,6053,1169,3201,3013,6053
GRADYPINE PARK,36,0,14,0,2,13,1,49,0,0,0,5,0,0,24,0,90,159,8,364,50,184,159,364
GRADYRAGAN,32,0,12,1,1,8,0,37,0,0,1,4,0,0,17,0,63,93,3,241,45,131,93,241
GRADYSPENCE,13,3,15,0,0,16,0,60,0,0,1,6,0,3,33,0,110,40,10,411,31,229,40,411
GRADYSPRING HILL,11,1,8,0,1,15,0,45,0,0,0,8,0,0,43,0,81,43,5,335,20,193,43,335
GRADYWHIGHAM,33,1,20,1,2,17,0,66,0,0,0,9,0,0,45,0,124,180,11,543,55,263,180,543
GRADYWOODLAND,41,1,29,2,10,58,1,169,1,0,4,30,0,1,122,1,289,215,20,1243,73,686,215,1243
GREENEGREENSBORO,441,1,50,0,3,25,1,100,2,1,3,13,1,0,76,0,201,1257,37,708,492,426,1257,708
GREENEGRESHAMVILLE,35,1,8,0,0,24,0,65,0,0,0,14,0,0,58,0,106,110,6,420,44,267,110,420
GREENENAN,1077,5,169,4,29,181,7,637,4,3,7,364,1,2,982,2,1555,3199,151,5490,1255,3774,3199,5490
GREENEOLD SALEM,128,0,39,0,14,75,4,245,1,2,1,260,0,1,583,1,675,547,59,2386,167,1862,547,2386
GREENESILOAM,137,0,17,3,5,11,0,37,1,0,0,6,0,0,21,0,72,360,5,296,157,153,360,296
GREENEUNION POINT,139,2,26,1,0,9,1,37,0,0,1,7,0,1,30,0,105,386,16,359,168,191,386,359
GREENEWALKER,67,0,16,0,4,31,1,111,0,0,0,61,0,0,196,1,301,233,25,1007,83,706,233,1007
GREENEWHITE PLAINS,55,0,7,0,3,3,0,11,0,0,0,0,0,0,4,0,44,122,1,125,62,65,122,125
GREENEWOODVILLE,75,1,6,0,0,3,0,31,0,0,2,3,0,0,14,0,51,184,2,189,82,104,184,189
GWINNETTBAYCREEK A,227,0,83,0,4,52,1,201,1,0,0,39,0,2,250,0,216,755,62,1011,310,766,755,1011
GWINNETTBAYCREEK B,591,1,194,1,2,32,0,221,2,0,1,21,0,2,163,0,264,2069,72,1189,787,708,2069,1189
GWINNETTBAYCREEK C,551,0,192,1,5,58,0,274,0,1,4,36,0,3,275,1,345,2116,104,1562,744,1002,2116,1562
GWINNETTBAYCREEK D,324,2,136,0,4,43,1,337,1,0,2,43,0,0,291,0,316,1262,80,1547,462,1038,1262,1547
GWINNETTBAYCREEK E,203,1,75,1,2,37,0,175,0,0,0,19,0,1,123,0,216,871,57,898,280,573,871,898
GWINNETTBAYCREEK F,390,3,127,0,1,37,0,174,1,0,1,23,0,2,206,0,232,1574,65,989,520,677,1574,989
GWINNETTBAYCREEK G,405,3,97,1,3,57,0,242,0,0,0,35,1,0,224,0,251,1634,86,1319,506,813,1634,1319
GWINNETTBAYCREEK H,266,1,123,1,2,63,1,395,1,0,1,53,0,1,343,0,474,1296,107,2090,391,1334,1296,2090
GWINNETTBAYCREEK I,405,3,183,0,0,46,0,248,0,0,2,34,0,1,214,0,305,1797,97,1343,591,850,1797,1343
GWINNETTBAYCREEK J,433,1,135,0,0,37,0,191,1,1,0,38,0,3,203,2,216,1578,72,955,569,692,1578,955
GWINNETTBAYCREEK K,278,1,114,2,4,34,1,216,1,1,1,36,0,2,211,0,223,1111,54,1158,395,730,1111,1158
GWINNETTBERKSHIRE A,168,0,92,0,1,8,0,75,0,1,0,13,0,0,71,0,83,839,52,383,260,252,839,383
GWINNETTBERKSHIRE B,410,1,247,1,3,21,0,106,0,0,2,30,0,4,139,0,160,2100,102,709,659,465,2100,709
GWINNETTBERKSHIRE D,185,4,138,1,2,43,3,192,0,0,0,49,0,1,261,1,194,837,81,930,328,746,837,930
GWINNETTBERKSHIRE E,126,0,83,0,1,23,1,133,2,0,0,49,0,1,197,1,155,598,60,716,209,563,598,716
GWINNETTBERKSHIRE F,137,0,80,1,5,13,0,70,0,0,0,5,0,6,56,0,102,628,39,410,218,257,628,410
GWINNETTBERKSHIRE G,174,1,131,1,1,27,1,156,0,0,1,38,0,5,197,0,221,695,72,794,307,647,695,794
GWINNETTBERKSHIRE H,105,1,85,0,1,13,0,56,0,0,0,13,0,1,46,0,78,587,38,325,191,208,587,325
GWINNETTBERKSHIRE J,181,1,144,1,2,47,1,197,1,1,1,76,1,3,303,0,224,802,95,1030,327,857,802,1030
GWINNETTBERKSHIRE L,197,0,114,1,2,16,0,76,0,0,1,17,0,0,68,0,91,1174,59,397,312,271,1174,397
GWINNETTBERKSHIRE M,116,0,75,0,3,19,2,139,0,0,1,26,0,1,150,0,148,461,50,605,191,489,461,605
GWINNETTBERKSHIRE N,239,2,103,1,8,49,2,215,4,0,2,56,1,2,339,0,304,836,69,1202,345,982,836,1202
GWINNETTBERKSHIRE O,155,2,93,1,5,49,0,182,1,0,0,59,0,1,247,0,216,663,64,986,251,760,663,986
GWINNETTBERKSHIRE P,94,0,53,0,0,15,0,62,0,0,1,9,0,0,41,1,80,416,19,285,147,209,416,285
GWINNETTBERKSHIRE Q,99,0,78,1,2,9,0,123,0,0,0,22,1,1,154,0,128,468,56,587,178,440,468,587
GWINNETTCATES A,157,0,66,0,4,26,0,184,1,1,0,15,0,0,140,0,249,520,55,934,223,620,520,934
GWINNETTCATES B,72,1,95,1,1,25,2,141,1,0,0,28,0,0,199,1,158,371,78,679,169,556,371,679
GWINNETTCATES C,262,0,82,0,0,31,0,146,0,0,1,19,0,2,118,0,145,964,37,678,344,462,964,678
GWINNETTCATES D - 04,147,4,119,1,2,22,0,187,0,0,0,30,0,3,157,2,282,191,12,181,271,685,191,181
GWINNETTCATES E,199,0,159,1,6,46,1,203,0,0,1,54,0,2,276,1,227,869,80,1010,359,817,869,1010
GWINNETTCATES F,88,2,65,0,5,24,0,144,0,0,1,24,0,0,153,1,197,403,59,789,155,549,403,789
GWINNETTCATES G,140,1,92,1,2,59,1,232,2,0,0,78,0,0,347,1,266,644,75,1217,234,988,644,1217
GWINNETTCATES H,324,0,119,4,4,26,0,155,2,0,4,8,1,4,86,0,167,1307,54,683,447,457,1307,683
GWINNETTCATES I,256,0,145,0,7,34,0,232,0,0,2,52,1,4,277,2,240,1107,89,1111,401,851,1107,1111
GWINNETTCATES J,235,0,166,0,1,22,0,172,0,0,0,29,0,1,198,0,214,1109,97,910,401,637,1109,910
GWINNETTCATES K,118,1,121,0,6,39,1,196,4,0,3,39,0,0,276,1,209,627,102,932,240,774,627,932
GWINNETTCATES L,364,0,146,0,6,34,0,244,0,0,0,35,0,6,201,0,255,1344,74,1076,510,781,1344,1076
GWINNETTCATES M,222,0,143,0,5,62,2,320,1,0,1,78,0,1,423,0,312,1022,145,1581,365,1205,1022,1581
GWINNETTCATES N,131,0,56,0,3,39,1,207,1,1,1,40,0,0,255,1,289,506,57,1196,187,838,506,1196
GWINNETTCATES O,92,0,53,0,0,14,0,98,0,0,0,19,0,1,127,0,99,382,30,488,145,358,382,488
GWINNETTDACULA,374,0,123,1,4,43,0,248,0,0,1,36,0,0,219,0,303,1368,109,1303,498,854,1368,1303
GWINNETTDULUTH A,314,1,164,0,1,44,0,196,2,0,0,74,1,2,331,0,264,1469,138,1309,479,915,1469,1309
GWINNETTDULUTH B,173,1,140,2,3,38,3,164,1,0,1,35,0,2,209,1,246,867,81,1018,316,703,867,1018
GWINNETTDULUTH C,153,0,123,0,3,20,0,94,0,0,2,22,0,2,140,0,168,691,93,625,276,451,691,625
GWINNETTDULUTH D,290,0,195,0,4,30,2,132,0,0,2,35,2,2,185,0,209,1393,121,876,485,603,1393,876
GWINNETTDULUTH E,376,2,180,1,7,30,1,110,1,0,1,32,0,1,158,0,156,1665,101,782,559,497,1665,782
GWINNETTDULUTH F,340,1,163,0,0,8,0,71,0,0,0,16,0,1,92,0,104,1867,78,581,504,292,1867,581
GWINNETTDULUTH G,170,1,114,0,3,32,0,162,2,0,2,35,0,1,230,0,209,761,66,971,285,676,761,971
GWINNETTDULUTH H,160,0,87,0,2,17,0,105,2,0,0,44,0,1,166,0,183,784,58,779,247,520,784,779
GWINNETTDULUTH I,227,1,79,1,3,19,1,165,0,0,1,75,0,0,316,0,315,1216,59,1508,308,895,1216,1508
GWINNETTDULUTH K,169,0,86,0,1,5,0,21,0,0,0,6,0,1,27,1,37,880,36,248,255,99,880,248
GWINNETTDUNCANS A,200,0,101,0,2,70,2,322,2,0,1,67,1,1,437,0,465,814,108,2109,301,1370,814,2109
GWINNETTDUNCANS B,134,1,88,2,2,66,2,356,2,0,4,60,0,1,311,0,451,769,108,2119,225,1255,769,2119
GWINNETTDUNCANS C,115,0,54,0,3,36,0,217,0,0,1,60,0,0,343,0,315,497,78,1509,169,975,497,1509
GWINNETTDUNCANS D,190,0,109,3,1,95,2,406,2,0,0,105,0,4,485,0,582,1028,152,2675,302,1682,1028,2675
GWINNETTGARNERS A,208,3,167,0,6,71,3,262,1,1,4,76,0,2,344,0,298,889,121,1325,378,1068,889,1325
GWINNETTGARNERS B,364,5,160,0,4,30,1,147,1,0,1,32,0,1,167,1,157,1219,55,713,529,542,1219,713
GWINNETTGARNERS C,129,1,100,0,4,20,0,98,2,0,3,16,0,1,102,0,126,604,60,552,230,372,604,552
GWINNETTGARNERS D,428,1,175,0,4,19,1,117,0,0,0,23,0,1,111,0,114,1337,45,534,604,390,1337,534
GWINNETTGARNERS F,112,2,78,0,0,28,2,116,0,0,1,22,0,2,112,0,119,467,49,523,192,402,467,523
GWINNETTGOODWINS A,282,1,171,2,1,21,2,167,2,2,0,41,0,0,208,1,234,1215,99,940,456,679,1215,940
GWINNETTGOODWINS B,221,0,134,2,2,61,2,267,1,0,1,45,0,5,330,1,295,933,120,1419,357,1010,933,1419
GWINNETTGOODWINS C,376,0,199,3,0,31,0,184,1,0,1,46,0,0,183,0,232,1765,106,1034,578,678,1765,1034
GWINNETTGOODWINS D,252,0,196,0,1,44,1,228,3,0,3,21,0,0,239,2,267,1165,147,1165,448,809,1165,1165
GWINNETTGOODWINS E,287,0,180,0,5,41,0,237,1,0,1,62,1,2,359,0,334,1479,148,1506,467,1043,1479,1506
GWINNETTGOODWINS F,190,2,108,0,3,32,0,149,0,0,0,41,0,2,165,0,164,908,102,843,300,556,908,843
GWINNETTGOODWINS G,237,0,114,0,1,12,0,73,0,0,0,15,0,2,81,0,82,936,47,433,351,266,936,433
GWINNETTGOODWINS H,192,0,118,0,3,21,0,158,0,0,1,35,0,5,201,0,171,816,88,794,310,595,816,794
GWINNETTGOODWINS I,184,0,103,0,2,21,0,144,0,1,0,70,0,2,264,1,214,731,78,895,287,719,731,895
GWINNETTHARBINS A,337,0,121,2,1,73,0,390,0,0,2,47,0,6,286,0,467,1470,156,2026,460,1272,1470,2026
GWINNETTHARBINS B,161,1,116,1,6,68,1,293,1,0,3,38,0,2,238,0,377,897,106,1683,279,1027,897,1683
GWINNETTHARBINS C,84,0,51,1,2,50,0,203,0,0,2,15,0,1,160,0,246,468,58,1076,136,679,468,1076
GWINNETTHOG MOUNTAIN A,285,3,175,2,3,40,1,195,1,0,0,30,0,2,201,0,200,1351,119,1177,465,673,1351,1177
GWINNETTHOG MOUNTAIN B,274,0,115,0,6,69,0,289,1,0,0,53,0,0,338,1,433,1097,107,1767,389,1190,1097,1767
GWINNETTHOG MOUNTAIN C,169,2,124,0,7,45,0,265,0,1,1,36,0,0,207,1,298,910,109,1372,295,861,910,1372
GWINNETTHOG MOUNTAIN D,158,1,86,2,3,33,0,231,0,0,0,23,0,3,164,1,232,706,98,1107,247,690,706,1107
GWINNETTLAWRENCEVILLE A,224,1,79,0,5,28,1,149,0,0,0,31,0,1,133,1,215,1052,70,891,304,564,1052,891
GWINNETTLAWRENCEVILLE B,451,0,160,0,5,29,0,145,0,0,3,27,0,1,163,0,228,1754,71,926,611,601,1754,926
GWINNETTLAWRENCEVILLE C,141,0,91,2,7,41,1,194,0,0,0,25,0,3,160,0,271,624,107,1064,234,702,624,1064
GWINNETTLAWRENCEVILLE D,333,2,120,1,2,17,1,81,0,0,1,16,0,2,61,0,127,1753,69,548,456,308,1753,548
GWINNETTLAWRENCEVILLE E,138,0,67,0,0,36,0,139,2,0,1,51,0,0,157,1,214,633,58,821,205,601,633,821
GWINNETTLAWRENCEVILLE F,399,2,117,0,3,34,0,123,0,0,0,12,0,0,88,0,103,1635,73,607,518,363,1635,607
GWINNETTLAWRENCEVILLE G,258,1,108,1,0,19,0,90,2,0,0,13,0,1,76,0,91,1162,52,429,368,292,1162,429
GWINNETTLAWRENCEVILLE H,245,3,148,0,5,57,0,277,0,0,2,47,0,4,255,1,265,1072,118,1423,396,913,1072,1423
GWINNETTLAWRENCEVILLE I,219,1,122,0,3,26,0,137,0,0,3,38,0,3,144,0,128,1077,91,722,342,482,1077,722
GWINNETTLAWRENCEVILLE J,180,1,87,1,0,5,0,82,0,0,0,19,0,1,93,0,101,728,60,401,269,301,728,401
GWINNETTLAWRENCEVILLE K,224,2,129,0,0,30,2,193,1,0,0,35,0,2,203,0,233,883,84,1052,355,699,883,1052
GWINNETTLAWRENCEVILLE L,387,0,155,0,3,36,0,213,1,0,2,59,0,2,294,0,259,1601,105,1189,542,869,1601,1189
GWINNETTLAWRENCEVILLE M,573,2,178,0,2,29,0,121,0,0,1,10,0,3,101,0,146,2380,93,698,753,413,2380,698
GWINNETTLAWRENCEVILLE N,136,0,90,0,5,31,0,110,0,0,2,22,1,3,95,0,135,652,67,563,226,404,652,563
GWINNETTMARTINS A,272,0,134,1,1,12,0,44,1,0,1,9,0,0,56,0,58,1237,58,364,407,182,1237,364
GWINNETTMARTINS B,227,1,123,0,2,31,1,93,1,1,0,22,0,2,87,0,135,1087,50,564,351,375,1087,564
GWINNETTMARTINS C,209,1,114,0,0,27,2,85,0,0,3,21,0,0,140,0,159,818,55,611,324,437,818,611
GWINNETTMARTINS D,164,0,88,0,0,1,0,15,0,0,0,5,0,1,33,0,38,803,26,163,252,93,803,163
GWINNETTMARTINS E,426,1,195,0,0,12,0,45,0,0,0,5,0,1,41,0,45,2197,66,294,622,149,2197,294
GWINNETTMARTINS F,189,0,116,0,0,10,1,51,0,0,2,11,0,1,40,0,76,917,45,308,305,192,917,308
GWINNETTMARTINS G,199,0,86,0,1,7,0,69,0,0,0,5,0,0,48,0,100,863,57,339,285,230,863,339
GWINNETTMARTINS H,412,2,183,0,1,37,0,112,0,0,2,19,0,0,146,0,222,1594,67,821,597,539,1594,821
GWINNETTMARTINS I,319,0,123,0,2,15,0,56,0,1,3,13,0,0,78,1,106,1380,43,439,442,275,1380,439
GWINNETTMARTINS J,279,1,123,0,0,10,0,60,0,0,1,14,0,1,72,1,61,1533,75,392,403,220,1533,392
GWINNETTMARTINS K,486,1,187,0,2,19,0,105,0,1,1,14,0,1,83,0,137,2107,82,614,674,363,2107,614
GWINNETTNAN,37881,128,19094,83,401,5053,100,25420,98,16,146,5471,15,233,29800,42,32154,166153,12494,146989,57186,98949,166153,146989
GWINNETTPINCKNEYVILLE A,251,1,115,0,1,14,1,28,0,0,1,6,0,1,41,0,40,992,58,239,367,133,992,239
GWINNETTPINCKNEYVILLE A1,147,2,124,2,2,34,1,172,1,0,0,100,0,0,416,0,233,719,93,1160,275,959,719,1160
GWINNETTPINCKNEYVILLE B,211,1,141,0,0,6,1,47,0,0,0,15,0,0,62,0,75,1125,67,365,353,206,1125,365
GWINNETTPINCKNEYVILLE C,148,2,83,1,0,21,0,97,0,0,0,59,1,1,174,0,174,623,51,613,234,527,623,613
GWINNETTPINCKNEYVILLE D,160,1,81,0,1,3,0,19,0,0,0,8,0,0,26,0,53,729,39,190,242,110,729,190
GWINNETTPINCKNEYVILLE E,142,0,105,2,1,13,0,42,0,0,1,5,0,1,47,0,41,770,46,200,249,151,770,200
GWINNETTPINCKNEYVILLE F,94,1,65,1,1,14,0,46,0,0,0,9,0,2,41,0,57,698,28,295,161,170,698,295
GWINNETTPINCKNEYVILLE H,292,0,184,0,5,31,1,211,0,0,0,71,0,1,314,0,226,1342,114,1165,476,860,1342,1165
GWINNETTPINCKNEYVILLE I,182,1,102,1,0,12,1,46,1,0,1,10,0,0,52,0,72,988,37,310,286,195,988,310
GWINNETTPINCKNEYVILLE J,169,0,92,0,0,6,0,24,0,0,0,4,0,0,30,1,41,975,30,172,261,106,975,172
GWINNETTPINCKNEYVILLE K,265,1,144,0,0,14,0,58,0,0,0,18,0,0,54,0,81,1327,59,350,410,225,1327,350
GWINNETTPINCKNEYVILLE L,135,0,86,0,2,34,1,186,0,0,2,99,0,0,395,0,204,622,107,1040,221,923,622,1040
GWINNETTPINCKNEYVILLE M,127,0,80,0,1,33,1,172,4,0,0,102,0,1,395,0,171,650,75,1124,207,880,650,1124
GWINNETTPINCKNEYVILLE N,259,1,157,1,1,16,1,42,0,0,0,14,0,2,69,0,64,1412,72,318,418,209,1412,318
GWINNETTPINCKNEYVILLE O,271,0,155,0,0,18,1,33,0,0,0,11,0,1,77,1,79,1340,59,350,426,221,1340,350
GWINNETTPINCKNEYVILLE P,169,0,90,0,2,29,0,109,0,0,1,56,0,0,185,0,146,673,61,592,259,528,673,592
GWINNETTPINCKNEYVILLE Q,178,1,94,0,1,4,0,14,0,0,0,4,0,1,26,0,30,762,30,128,273,80,762,128
GWINNETTPINCKNEYVILLE S,220,0,139,0,1,17,3,93,0,0,0,28,0,1,117,0,140,1007,72,586,359,400,1007,586
GWINNETTPINCKNEYVILLE T,187,1,156,1,1,14,0,84,1,0,0,16,0,1,111,0,195,920,75,652,345,423,920,652
GWINNETTPINCKNEYVILLE U,140,2,116,0,3,23,0,80,0,0,0,29,0,0,136,0,135,711,68,462,258,406,711,462
GWINNETTPINCKNEYVILLE V,123,0,61,1,2,16,1,42,0,0,0,14,0,2,49,0,74,548,36,295,185,200,548,295
GWINNETTPINCKNEYVILLE W,251,2,146,0,1,26,2,116,0,0,0,44,0,1,214,0,199,1250,97,859,399,603,1250,859
GWINNETTPINCKNEYVILLE X,177,0,137,0,5,27,0,141,0,0,3,79,0,4,289,0,198,1029,119,1016,314,746,1029,1016
GWINNETTPINCKNEYVILLE Y,259,0,120,1,1,6,0,41,0,0,0,3,0,0,32,0,70,1221,40,289,380,153,1221,289
GWINNETTPINCKNEYVILLE Z,91,3,77,0,3,19,1,152,1,0,1,62,0,1,332,1,147,481,76,861,171,720,481,861
GWINNETTPUCKETTS A,191,0,101,1,4,86,2,361,4,0,3,43,0,3,348,0,458,881,108,2146,293,1312,881,2146
GWINNETTPUCKETTS B,158,0,72,1,5,43,0,214,0,0,0,39,0,0,198,0,270,581,57,1282,231,769,581,1282
GWINNETTPUCKETTS C,115,0,73,0,2,30,0,201,2,0,1,19,0,4,186,1,265,619,85,1183,188,711,619,1183
GWINNETTPUCKETTS D,128,0,93,1,2,47,0,229,1,0,1,43,0,0,211,0,307,616,86,1372,222,841,616,1372
GWINNETTPUCKETTS E,263,0,118,0,2,51,2,211,0,1,1,46,0,2,257,0,331,1333,92,1522,381,904,1333,1522
GWINNETTROCKBRIDGE A,477,0,160,0,4,23,1,99,1,0,0,14,0,1,85,0,114,1705,61,539,637,342,1705,539
GWINNETTROCKBRIDGE B,414,1,169,0,2,16,0,111,0,0,0,23,0,0,115,0,142,1631,64,620,584,409,1631,620
GWINNETTROCKBRIDGE C,775,0,237,0,0,33,0,99,0,0,3,22,0,2,119,0,153,2307,77,647,1012,431,2307,647
GWINNETTROCKBRIDGE D,461,1,148,0,4,32,0,146,0,0,2,24,0,0,125,0,138,1570,51,653,610,471,1570,653
GWINNETTROCKBRIDGE E,509,0,180,1,5,23,0,106,1,0,0,19,0,0,92,0,153,1774,70,573,690,399,1774,573
GWINNETTROCKBRIDGE F,822,2,239,1,0,33,0,139,0,0,0,25,0,1,145,0,191,2650,69,713,1064,534,2650,713
GWINNETTROCKBRIDGE G,684,0,205,0,2,23,1,98,1,0,0,26,0,1,135,0,172,2433,76,678,889,459,2433,678
GWINNETTROCKYCREEK A,306,0,158,1,3,72,1,363,0,0,0,55,0,2,314,0,409,1302,128,1934,465,1219,1302,1934
GWINNETTROCKYCREEK B,274,1,156,1,6,60,1,306,2,0,2,41,1,6,338,1,379,1148,148,1802,432,1143,1148,1802
GWINNETTROCKYCREEK C,292,1,156,0,2,44,4,298,2,0,2,54,0,1,361,1,356,1233,118,1782,449,1125,1233,1782
GWINNETTSUGAR HILL A,139,1,79,3,2,43,0,171,0,0,0,24,0,0,165,0,270,803,85,1247,222,675,803,1247
GWINNETTSUGAR HILL B,197,3,148,0,3,43,1,249,0,0,1,46,0,0,235,0,345,1048,144,1653,348,923,1048,1653
GWINNETTSUGAR HILL C,164,0,121,0,1,62,2,294,1,0,3,53,0,2,304,1,365,986,133,1914,285,1088,986,1914
GWINNETTSUGAR HILL D,188,1,111,2,3,51,1,201,1,0,2,31,0,3,191,0,337,838,92,1412,302,821,838,1412
GWINNETTSUGAR HILL E,133,1,75,0,3,42,1,181,0,0,3,22,0,2,190,0,218,671,101,1099,209,662,671,1099
GWINNETTSUGAR HILL F,150,4,133,0,6,63,1,240,0,0,2,27,0,2,246,0,277,873,132,1381,287,864,873,1381
GWINNETTSUGAR HILL G,133,0,101,1,3,34,0,203,2,0,0,39,0,3,211,2,274,610,96,1136,235,771,610,1136
GWINNETTSUWANEE A,85,0,61,1,1,15,1,71,1,0,0,20,0,0,101,0,90,437,46,468,147,300,437,468
GWINNETTSUWANEE B,243,0,91,0,6,36,1,229,0,0,2,46,0,5,322,0,253,1078,134,1350,334,900,1078,1350
GWINNETTSUWANEE C,235,2,148,1,9,59,0,253,2,0,1,60,1,2,344,1,329,1218,116,1509,386,1061,1218,1509
GWINNETTSUWANEE D,171,0,107,2,4,52,0,293,1,0,1,80,0,1,435,0,313,948,126,1894,280,1180,948,1894
GWINNETTSUWANEE E,200,0,114,0,3,48,0,230,1,0,0,63,0,3,424,0,289,934,117,1601,314,1061,934,1601
GWINNETTSUWANEE F,260,0,129,0,2,36,1,206,2,0,2,57,0,2,279,0,216,1056,123,1172,389,803,1056,1172
GWINNETTSUWANEE G,209,0,122,0,5,28,1,161,0,0,0,51,0,4,251,0,197,985,109,1104,331,698,985,1104
GWINNETTSUWANEE H,147,0,78,0,5,38,3,236,0,0,1,67,0,2,400,0,284,724,86,1633,225,1036,724,1633
HABERSHAMAMYS CREEK,48,1,50,0,3,34,0,133,0,0,1,15,0,0,107,0,213,174,28,815,99,506,174,815
HABERSHAMCITY OF BALDWIN,16,0,17,0,0,20,0,43,0,0,2,3,0,0,37,0,72,114,24,310,33,177,114,310
HABERSHAMDEMOREST,96,1,95,1,10,99,2,352,0,0,6,45,0,3,203,0,534,375,71,2384,193,1254,375,2384
HABERSHAMHABERSHAM NORTH,235,3,202,2,17,215,6,853,2,0,8,131,0,3,576,0,1117,819,171,4642,442,2928,819,4642
HABERSHAMHABERSHAM SOUTH,135,0,105,1,12,114,1,364,0,0,6,68,1,1,353,0,691,610,95,2632,241,1611,610,2632
HABERSHAMMUD CREEK,65,0,71,0,2,92,1,307,2,0,8,42,0,0,190,2,564,322,61,2073,136,1210,322,2073
HABERSHAMNAN,612,5,553,4,47,588,10,2093,4,0,33,311,1,7,1494,2,3295,2483,461,13190,1174,7885,2483,13190
HABERSHAMTOWN OF MOUNT AIRY,17,0,13,0,3,14,0,41,0,0,2,7,0,0,28,0,104,69,11,334,30,199,69,334
HALL01-WILSON,170,0,111,1,7,93,1,337,0,0,3,91,0,1,399,1,609,840,98,2279,282,1542,840,2279
HALL02-CHICOPEE,73,1,65,0,3,31,0,95,1,1,0,5,0,0,63,0,147,496,60,710,139,346,496,710
HALL03-OAKWOOD I,68,1,79,0,5,42,0,117,1,0,4,15,0,1,64,0,229,389,50,800,148,478,389,800
HALL04-OAKWOOD II,122,4,95,0,2,114,3,361,2,0,2,68,0,1,261,1,525,534,96,1949,221,1340,534,1949
HALL05-FLOWERY BRANCH I,88,0,89,2,11,63,1,365,1,0,1,48,0,6,236,1,450,445,104,1869,179,1183,445,1869
HALL06-FLOWERY BRANCH II,94,0,93,1,2,66,2,236,0,1,2,30,0,2,180,0,355,476,61,1429,188,876,476,1429
HALL07-ROBERTS,124,2,85,2,10,81,1,399,0,0,2,63,0,0,361,0,638,647,95,2645,213,1555,647,2645
HALL08-MORGAN I,59,1,41,1,5,113,0,348,1,0,1,35,0,0,211,0,457,327,67,1949,102,1171,327,1949
HALL09-MORGAN II,158,0,74,0,4,102,0,398,0,0,2,57,0,9,274,1,539,653,88,2065,232,1386,653,2065
HALL10-CANDLER,148,3,116,0,7,115,0,480,1,1,5,42,2,6,250,0,481,797,102,2228,267,1390,797,2228
HALL11-TADMORE,214,1,96,1,5,44,0,203,0,1,4,22,0,1,92,1,291,1138,72,1208,312,664,1138,1208
HALL12-GLADE,83,0,52,2,5,62,0,240,0,0,0,20,0,0,121,0,397,376,77,1503,137,845,376,1503
HALL13-LULA,54,0,25,1,3,53,0,292,0,0,1,19,0,1,99,0,444,220,40,1603,80,912,220,1603
HALL14-CLERMONT,36,2,43,3,5,91,1,349,2,0,1,38,0,2,190,0,463,166,49,1819,84,1142,166,1819
HALL15-QUILLIANS,29,0,42,1,2,76,0,307,0,0,0,32,0,0,139,0,389,161,39,1530,72,945,161,1530
HALL16-BARK CAMP,103,1,92,0,6,117,0,539,2,0,2,46,1,4,271,0,674,514,93,2724,196,1662,514,2724
HALL17-CHESTATEE,68,0,70,1,4,89,0,327,1,1,2,44,0,3,213,0,466,361,73,1849,139,1150,361,1849
HALL18-FORK,70,1,66,0,5,55,3,280,0,0,3,56,0,1,261,0,481,371,57,1734,137,1145,371,1734
HALL19-WHELCHEL,104,0,69,1,8,101,1,409,3,0,4,75,0,2,265,0,531,468,77,2214,174,1399,468,2214
HALL20-WEST WHELCHEL,133,0,68,1,21,110,2,373,4,0,5,165,0,2,533,0,480,541,109,2147,202,1695,541,2147
HALL21-GAINESVILLE I,167,0,92,0,5,89,3,228,1,0,3,76,0,2,233,0,297,625,75,1310,259,937,625,1310
HALL22-GAINESVILLE II,451,2,54,2,0,6,2,9,0,0,0,3,0,0,6,1,21,1189,23,109,509,48,1189,109
HALL23-GAINESVILLE III,141,1,124,0,4,50,0,126,0,0,0,26,0,3,105,0,213,950,110,1063,266,527,950,1063
HALL24-GAINESVILLE IV,109,0,88,1,2,37,0,128,0,0,0,47,0,4,135,1,198,546,76,839,198,552,546,839
HALL25-GAINESVILLE V,54,1,43,1,0,23,2,75,0,0,0,38,0,2,77,0,119,269,48,535,99,336,269,535
HALL26-GILLSVILLE,21,0,8,0,3,37,0,124,0,0,1,10,0,1,34,0,162,78,14,614,29,372,78,614
HALL28-FRIENDSHIP I,275,1,133,3,11,158,2,702,1,0,2,169,0,2,751,3,920,1108,161,4065,412,2721,1108,4065
HALL29-FRIENDSHIP II,73,0,57,0,5,68,0,244,1,0,2,33,0,1,208,0,377,331,74,1548,130,939,331,1548
HALL30-FRIENDSHIP III,97,2,95,1,6,81,0,355,2,0,1,40,0,5,240,0,441,543,107,2085,195,1171,543,2085
HALL31-FRIENDSHIP IV,57,0,43,0,4,38,2,187,1,0,0,56,0,1,222,1,240,364,40,1153,100,752,364,1153
HALLNAN,3495,24,2256,26,162,2298,26,9080,25,5,55,1537,3,66,6791,13,12562,16180,2307,51733,5801,32623,16180,51733
HANCOCKNAN,1121,9,147,7,0,29,4,61,0,1,5,19,0,2,64,0,231,2701,36,843,1284,416,2701,843
HANCOCKSPARTA 4C,24,0,9,0,0,0,0,5,0,1,0,0,0,0,1,0,3,80,2,25,33,10,80,25
HARALSONBEREA-STEADMAN,3,0,3,0,3,10,0,66,0,0,1,2,0,1,18,0,84,23,7,323,6,185,23,323
HARALSONBREMEN,148,2,96,8,7,197,1,430,1,2,5,46,1,6,337,0,774,558,97,2969,254,1807,558,2969
HARALSONBUCHANAN,68,0,28,2,1,42,0,177,1,0,1,12,0,0,90,1,376,169,20,1154,98,701,169,1154
HARALSONBUNCOMBE,15,1,16,0,1,26,0,52,0,0,1,5,0,0,27,0,141,52,11,459,32,253,52,459
HARALSONCORINTH,22,0,24,1,2,22,0,166,0,0,0,8,0,0,44,0,240,78,14,821,47,482,78,821
HARALSONFELTON,4,0,5,1,0,5,0,12,0,0,0,1,0,0,3,0,75,13,2,153,10,96,13,153
HARALSONLITTLE CREEK,13,0,9,0,1,11,0,55,0,1,0,6,0,1,23,0,128,46,9,386,22,226,46,386
HARALSONMT VIEW,2,0,3,0,3,4,0,38,0,0,0,2,0,0,7,0,55,12,1,170,5,109,12,170
HARALSONNAN,414,8,312,17,29,437,4,1461,3,5,18,125,1,11,787,3,2823,1475,264,9585,751,5707,1475,9585
HARALSONSEVENTH,50,1,31,3,1,27,1,125,0,0,4,9,0,1,53,0,240,151,23,837,85,461,151,837
HARALSONTALLAPOOSA,57,4,68,1,5,51,2,194,1,1,4,27,0,2,115,2,433,258,52,1395,130,837,258,1395
HARALSONTWENTIETH,17,0,12,0,2,17,0,67,0,0,1,3,0,0,31,0,113,40,12,389,29,234,40,389
HARALSONWACO,15,0,17,1,3,25,0,79,0,1,1,4,0,0,39,0,164,75,16,529,33,316,75,529
HARRISCATAULA,125,0,34,1,5,75,1,247,2,0,1,48,0,2,158,0,297,379,50,1454,160,836,379,1454
HARRISELLERSLIE,224,1,84,0,4,139,0,327,1,0,2,54,0,2,242,0,357,701,57,2022,309,1128,701,2022
HARRISGOODMAN,127,1,49,0,6,59,1,113,1,0,0,40,0,0,94,0,136,369,21,638,177,450,369,638
HARRISHAMILTON,207,1,43,0,5,51,1,128,1,0,1,21,0,0,95,0,225,509,39,987,251,528,509,987
HARRISLOWER 19TH,104,2,44,0,5,65,0,206,0,0,4,39,0,0,110,0,315,346,43,1327,150,744,346,1327
HARRISMULBERRY GROVE,80,0,52,0,3,92,0,267,1,1,3,39,0,3,145,2,354,317,41,1617,132,910,317,1617
HARRISNAN,1372,7,448,2,39,686,9,1946,7,1,18,345,0,11,1291,3,2542,4086,379,11936,1829,6898,4086,11936
HARRISPINE MOUNTAIN VALLEY,45,1,18,1,4,39,1,108,0,0,3,12,0,1,50,0,139,119,19,599,65,357,119,599
HARRISSKINNER,67,0,30,0,2,31,0,60,0,0,0,17,0,0,71,1,80,207,18,361,97,262,207,361
HARRISUPPER 19TH,37,0,12,0,0,29,2,144,0,0,1,28,0,0,100,0,200,150,20,823,49,504,150,823
HARRISVALLEY PLAINS,64,1,17,0,1,18,1,43,0,0,0,3,0,0,27,0,77,152,6,316,82,170,152,316
HARRISWAVERLY HALL,210,0,48,0,4,50,2,193,1,0,3,18,0,1,89,0,212,609,46,1112,258,573,609,1112
HARRISWHITESVILLE,82,0,17,0,0,38,0,110,0,0,0,26,0,2,110,0,150,228,19,680,99,436,228,680
HARTBIO,71,0,14,0,2,38,1,108,0,0,2,7,0,0,44,0,169,237,9,599,85,371,237,599
HARTBOWERSVILLE,44,0,20,0,2,32,0,103,0,0,0,8,0,0,54,0,146,144,9,637,64,345,144,637
HARTCOKESBURY,116,0,23,0,1,23,0,43,0,0,0,4,0,0,34,0,95,306,16,385,139,200,306,385
HARTGOLDMINE,57,1,28,0,3,35,0,133,0,0,2,11,0,1,79,1,199,207,22,843,86,464,207,843
HARTHARTWELL,335,2,124,4,10,125,1,307,0,1,2,62,0,1,307,1,644,1235,80,2596,465,1461,1235,2596
HARTNAN,740,3,276,5,27,355,3,965,1,2,7,173,0,3,810,4,1858,2585,209,7286,1024,4208,2585,7286
HARTREED CREEK,83,0,52,1,8,69,1,176,1,0,0,60,0,1,200,1,416,324,51,1462,136,933,324,1462
HARTSHOAL CREEK,34,0,15,0,1,33,0,95,0,1,1,21,0,0,92,1,189,132,22,764,49,434,132,764
HEARDCENTRALHATCHEE,46,3,29,0,4,24,0,122,0,0,0,28,0,0,59,0,291,140,26,891,78,528,140,891
HEARDCOOKSVILLE - CORINTH,15,0,5,0,0,6,0,41,0,0,0,3,0,0,16,0,68,33,7,256,20,134,33,256
HEARDENON GROVE,30,1,19,0,4,23,0,45,0,0,1,9,0,0,20,0,157,84,14,471,50,259,84,471
HEARDEPHESUS,20,1,19,0,1,19,0,80,0,0,1,22,0,1,36,0,200,85,19,631,40,360,85,631
HEARDFRANKLIN,125,2,31,0,5,33,0,98,1,0,1,36,0,0,75,0,253,305,25,848,158,502,305,848
HEARDNAN,277,7,111,0,14,112,0,417,1,0,6,102,0,2,217,0,1069,743,93,3370,395,1940,743,3370
HEARDSOUTHWEST,41,0,8,0,0,7,0,31,0,0,3,4,0,1,11,0,100,96,2,273,49,157,96,273
HENRYAUSTIN ROAD,511,2,107,1,3,30,1,174,3,0,0,10,0,0,96,0,207,1301,41,784,621,524,1301,784
HENRYCOTTON INDIAN,304,0,104,0,2,48,0,218,2,0,1,36,0,4,147,0,378,1251,72,1320,408,836,1251,1320
HENRYDUTCHTOWN,201,0,73,1,3,43,0,227,0,0,0,25,0,1,149,0,257,671,57,1009,275,705,671,1009
HENRYEAST LAKE,110,2,66,0,7,68,1,334,5,0,1,44,0,1,211,1,421,466,51,1648,178,1094,466,1648
HENRYELLENWOOD,1000,2,185,2,4,27,0,65,0,0,3,19,0,0,77,0,131,2222,47,483,1189,326,2222,483
HENRYFLIPPEN,603,2,144,1,6,32,3,131,1,0,2,40,0,3,153,0,247,1736,39,1002,750,618,1736,1002
HENRYGROVE PARK,189,0,58,1,2,38,1,242,1,0,2,9,0,1,115,0,287,609,52,1299,248,698,609,1299
HENRYHICKORY FLAT,598,1,179,2,4,50,1,248,0,0,1,26,1,2,198,0,270,1904,91,1199,780,801,1904,1199
HENRYKELLEYTOWN,255,1,96,1,6,55,0,321,2,0,0,36,0,2,235,1,395,725,78,1579,353,1053,725,1579
HENRYLAKE DOW,306,0,105,1,5,69,2,382,0,0,2,47,0,4,338,1,600,965,79,2149,412,1450,965,2149
HENRYLAKE HAVEN,274,2,132,0,2,58,2,274,0,0,1,42,1,1,228,2,402,980,83,1548,408,1013,980,1548
HENRYLIGHTHOUSE,531,0,145,0,6,34,2,207,1,0,0,15,0,6,109,0,255,1342,51,951,676,635,1342,951
HENRYLOCUST GROVE,604,1,129,5,4,54,2,234,0,0,0,24,0,3,158,0,270,1852,97,1371,739,749,1852,1371
HENRYLOWES,742,2,224,1,7,60,4,334,1,2,1,41,0,3,245,1,406,2768,127,2055,969,1105,2768,2055
HENRYMCDONOUGH,179,0,53,1,3,18,0,85,1,0,2,6,0,1,70,0,132,660,25,449,233,318,660,449
HENRYMCDONOUGH CENTRAL,360,0,109,0,19,32,0,162,1,0,0,49,0,1,222,0,337,1229,70,1148,469,823,1229,1148
HENRYMCMULLEN,130,1,65,1,6,52,0,306,1,0,2,17,0,0,211,0,403,495,69,1660,197,998,495,1660
HENRYMT. BETHEL,176,0,61,0,3,42,0,287,0,0,2,18,0,2,128,0,427,485,48,1595,237,909,485,1595
HENRYMT. CARMEL,585,0,127,1,3,39,1,134,0,0,3,11,0,2,96,0,173,1929,49,717,713,462,1929,717
HENRYNAN,15795,38,4468,35,161,1705,33,8220,34,9,52,862,3,58,5766,11,11375,50057,2505,45724,20336,28289,50057,45724
HENRYNORTH HAMPTON,557,2,181,1,4,61,1,257,2,0,2,29,0,0,187,0,451,2058,118,1771,741,994,2058,1771
HENRYOAKLAND,375,1,116,3,6,57,1,279,1,0,2,31,0,0,180,0,329,1204,67,1424,495,886,1204,1424
HENRYPATES CREEK,506,3,181,2,5,69,1,277,2,0,0,39,0,1,219,0,408,1700,102,1530,692,1021,1700,1530
HENRYPLEASANT GROVE,374,1,112,0,7,58,0,332,2,0,3,30,0,2,218,0,409,1045,54,1582,487,1061,1045,1582
HENRYRED OAK,967,1,247,2,0,20,1,66,0,0,0,8,0,0,99,0,115,2822,58,496,1217,309,2822,496
HENRYSANDY RIDGE,124,1,54,0,2,76,3,400,0,0,2,25,1,1,195,0,472,493,83,2247,179,1177,493,2247
HENRYSHAKERAG,840,2,170,0,2,13,0,46,0,0,0,6,0,0,37,0,78,2093,54,307,1012,182,2093,307
HENRYSHILOH,420,1,114,1,2,33,0,133,0,1,1,16,0,1,111,0,196,1416,73,743,536,494,1416,743
HENRYSOUTH HAMPTON,384,2,108,1,4,86,0,289,1,0,3,25,0,4,185,2,419,1395,107,1601,495,1018,1395,1601
HENRYSTAGECOACH,314,2,99,2,1,29,0,150,0,2,0,8,0,0,82,0,292,991,50,934,417,564,991,934
HENRYSTOCKBRIDGE CENTRAL,445,0,162,0,7,26,0,95,1,0,2,10,0,1,92,0,217,1640,64,716,607,451,1640,716
HENRYSTOCKBRIDGE EAST,289,0,63,0,3,9,0,47,1,0,0,9,0,0,59,0,62,894,33,254,352,190,894,254
HENRYSTOCKBRIDGE WEST,635,3,157,0,1,24,0,45,0,0,1,7,0,0,42,0,65,1995,47,351,795,185,1995,351
HENRYSWAN LAKE,287,1,109,0,2,49,0,245,0,0,3,22,0,1,182,1,352,857,60,1274,397,857,857,1274
HENRYTIMBERRIDGE,120,1,27,0,3,40,0,200,2,0,0,18,0,0,159,0,224,311,26,981,148,646,311,981
HENRYTUSSAHAW,61,1,37,1,6,69,2,359,1,0,3,21,0,2,152,1,420,265,58,1842,100,1036,265,1842
HENRYUNITY GROVE - 03,129,0,38,0,3,36,0,164,0,1,2,9,0,3,103,0,219,425,30,935,167,540,425,935
HENRYUNITY GROVE - 10,65,0,28,0,0,39,1,225,0,1,3,16,0,2,121,0,323,213,40,1292,93,731,213,1292
HENRYWESLEY LAKES,564,0,165,0,6,43,2,161,1,1,2,15,0,1,109,0,223,2047,78,940,729,564,2047,940
HENRYWESTSIDE,681,0,138,3,2,19,1,85,1,1,0,3,0,2,48,1,103,2603,77,538,822,266,2603,538
HOUSTONANNX,252,1,106,1,6,118,2,312,1,0,4,62,0,3,285,1,425,828,98,2077,360,1219,828,2077
HOUSTONBMS,376,2,161,1,7,162,1,613,0,0,6,112,0,7,576,1,748,1500,155,3875,540,2233,1500,3875
HOUSTONCENT,416,3,135,1,14,124,0,363,2,0,2,71,0,3,292,0,594,1519,130,2791,555,1465,1519,2791
HOUSTONCGTC,244,0,90,1,2,55,1,292,1,0,9,59,0,1,218,3,402,855,96,1820,335,1043,855,1820
HOUSTONFMMS,544,1,203,2,4,150,0,434,1,1,0,72,0,2,364,0,535,2100,185,3105,750,1563,2100,3105
HOUSTONHAFS,88,0,25,0,1,49,0,131,0,0,0,8,0,0,80,1,201,253,15,810,113,471,253,810
HOUSTONHCTC,346,3,165,2,12,98,1,223,1,0,1,53,0,5,183,0,418,1495,139,1929,516,995,1495,1929
HOUSTONHEFS,97,0,12,0,0,20,0,88,0,0,0,5,0,1,50,0,105,282,10,502,109,269,282,502
HOUSTONHHPC,558,1,136,3,1,75,1,313,2,0,1,43,1,6,219,1,394,1881,124,1920,698,1057,1881,1920
HOUSTONMCMS,426,1,164,1,16,169,2,486,0,1,3,58,0,5,393,0,581,1733,160,3345,592,1714,1733,3345
HOUSTONMILL,133,0,80,3,2,46,1,109,0,1,2,22,0,1,95,0,201,470,39,819,216,480,470,819
HOUSTONNAN,6311,20,1956,20,110,1677,18,5145,18,8,50,867,4,55,4135,9,7114,22553,1761,35430,8307,19210,22553,35430
HOUSTONNSES,185,1,41,2,0,39,2,147,1,0,3,21,0,3,93,0,227,521,28,1002,229,536,521,1002
HOUSTONRECR,903,2,136,1,4,50,1,130,1,2,1,16,1,2,77,0,211,3187,105,983,1042,496,3187,983
HOUSTONROZR,783,3,158,1,30,244,2,755,2,1,12,132,2,7,600,0,1012,2475,195,4961,945,2799,2475,4961
HOUSTONTMS,402,0,130,1,3,53,0,158,2,0,1,34,0,0,155,0,220,1495,87,1292,533,626,1495,1292
HOUSTONTWPK,326,0,118,0,2,102,0,252,1,0,2,52,0,3,202,2,395,1060,106,1797,444,1013,1060,1797
HOUSTONVHS,232,2,96,0,6,123,4,339,3,2,3,47,0,6,253,0,445,899,89,2402,330,1231,899,2402
IRWINFLETCHER,0,0,3,0,0,12,0,45,0,0,0,6,0,0,13,0,82,8,2,246,3,158,8,246
IRWINHOLT,11,0,3,0,0,10,0,9,0,0,0,0,0,0,4,0,39,36,4,118,14,62,36,118
IRWINIRWINVILLE,11,0,12,1,0,35,0,65,0,0,1,8,0,0,25,0,143,37,11,500,24,277,37,500
IRWINMINNIE,1,0,1,0,0,8,0,17,0,0,0,1,0,0,12,0,84,17,6,184,2,122,17,184
IRWINMYSTIC,20,0,12,0,0,30,0,40,0,0,0,4,0,0,10,0,90,56,4,344,32,174,56,344
IRWINNAN,326,3,76,5,4,149,0,295,0,0,4,38,0,0,157,1,882,891,58,2716,410,1530,891,2716
IRWINOCILLA,271,3,33,4,3,34,0,72,0,0,3,10,0,0,70,1,335,672,25,963,311,528,672,963
IRWINOSIERFIELD,6,0,5,0,0,13,0,13,0,0,0,1,0,0,13,0,42,38,0,129,11,82,38,129
IRWINROBERTS,6,0,7,0,1,7,0,34,0,0,0,8,0,0,10,0,67,27,6,232,13,127,27,232
JACKSONATTICA,72,1,42,0,1,25,0,166,0,0,1,19,0,0,74,0,200,256,34,689,115,486,256,689
JACKSONCENTER,43,0,17,0,1,18,1,72,2,0,1,11,0,0,39,1,124,125,12,465,60,270,125,465
JACKSONCUNNINGHAM,17,0,10,1,4,12,1,72,0,1,0,5,0,1,49,0,118,80,23,501,28,263,80,501
JACKSONHARRISBURG,59,2,39,1,5,48,0,194,0,0,0,26,0,0,109,1,269,192,35,1006,101,652,192,1006
JACKSONHOSCHTON,42,1,23,0,0,21,0,157,2,0,2,13,0,0,101,1,192,128,27,763,66,489,128,763
JACKSONMILLER,35,0,15,0,4,34,0,177,1,0,3,12,0,1,95,0,337,114,35,1056,50,664,114,1056
JACKSONNAN,1193,13,733,9,42,830,12,3553,9,5,27,404,0,19,2398,4,5488,4491,834,21784,1948,12791,4491,21784
JACKSONNEWTOWN,46,1,34,0,3,45,0,205,0,0,2,17,0,2,134,0,348,187,39,1287,81,756,187,1287
JACKSONNORTH JEFFERSON,128,3,125,4,8,130,2,548,1,0,4,80,0,3,459,0,770,640,196,3642,260,2005,640,3642
JACKSONNORTH MINISH,110,0,47,1,2,46,1,163,0,2,5,20,0,0,104,0,289,346,37,1065,158,632,346,1065
JACKSONPORTER,88,1,67,0,3,92,1,403,0,1,3,52,0,2,247,0,536,465,75,2272,156,1340,465,2272
JACKSONRANDOLPH,114,0,99,0,3,121,1,594,1,1,2,58,0,2,423,0,808,486,124,3465,213,2014,486,3465
JACKSONREDSTONE,80,1,62,1,0,39,0,131,0,0,1,16,0,2,86,0,220,273,33,868,144,495,273,868
JACKSONSOUTH JEFFERSON,177,0,59,1,1,75,2,249,0,0,0,28,0,3,202,0,497,577,75,1941,237,1057,577,1941
JACKSONSOUTH MINISH,147,3,73,0,7,78,1,228,1,0,3,38,0,3,192,0,442,458,62,1674,223,993,458,1674
JACKSONTALMO,16,0,9,0,0,29,1,126,1,0,0,9,0,0,39,0,184,97,16,624,25,389,97,624
JACKSONWILSON,19,0,12,0,0,17,1,68,0,0,0,0,0,0,45,1,154,67,11,466,31,286,67,466
JASPERMARTIN & BURNEY,76,0,51,2,5,46,1,279,1,0,2,22,0,1,159,0,495,248,49,1836,129,1011,248,1836
JASPERMONTICELLO,479,3,66,3,9,51,2,287,1,0,0,35,0,2,146,0,493,1067,53,1712,551,1026,1067,1712
JASPERNAN,634,5,133,6,19,115,3,702,2,1,2,68,0,4,371,0,1212,1544,119,4360,778,2499,1544,4360
JASPERWYATT,79,2,16,1,5,18,0,136,0,1,0,11,0,1,66,0,224,229,17,812,98,462,229,812
JEFF DAVISALTAMAHA 1,18,1,11,0,3,18,0,63,1,0,3,10,0,1,56,0,136,50,11,412,30,291,50,412
JEFF DAVISALTAMAHA 2,15,1,7,1,1,37,1,109,0,0,1,11,0,0,67,0,181,43,14,820,24,408,43,820
JEFF DAVISBLACKBURN 1,34,1,17,0,1,9,0,36,0,1,1,8,0,0,20,0,75,91,9,291,52,151,91,291
JEFF DAVISBLACKBURN 2,5,1,8,1,1,19,1,56,0,0,1,4,0,0,22,0,120,30,3,423,15,224,30,423
JEFF DAVISHAZELHURST,203,2,21,2,3,15,0,41,0,0,4,7,1,1,31,0,90,366,10,374,228,193,366,374
JEFF DAVISNAN,400,9,107,7,21,195,2,541,1,2,13,69,1,2,366,0,1074,901,86,4104,523,2287,901,4104
JEFF DAVISOCMULGEE 1,48,1,24,1,7,40,0,96,0,1,2,16,0,0,87,0,191,113,13,724,74,440,113,724
JEFF DAVISOCMULGEE 2,25,1,0,0,1,12,0,21,0,0,0,1,0,0,9,0,64,64,5,219,26,108,64,219
JEFF DAVISWHITEHEAD 1,38,1,13,2,4,28,0,77,0,0,1,5,0,0,39,0,115,106,12,454,54,269,106,454
JEFF DAVISWHITEHEAD 2,14,0,6,0,0,17,0,42,0,0,0,7,0,0,35,0,102,38,9,387,20,203,38,387
JEFFERSONAVERA,20,0,5,0,2,2,0,49,0,0,0,0,0,0,12,0,62,33,5,208,25,127,33,208
JEFFERSONBARTOW,72,0,8,2,1,4,0,28,0,0,0,6,0,0,6,0,46,173,3,162,82,91,173,162
JEFFERSONLOUISVILLE,620,3,89,0,9,29,0,120,0,0,0,14,0,0,93,0,290,1441,16,961,712,555,1441,961
JEFFERSONMATTHEWS,51,0,10,0,0,9,0,39,0,0,0,4,0,0,24,0,70,128,3,272,61,146,128,272
JEFFERSONNAN,1615,8,208,3,16,99,0,513,1,2,1,42,1,0,269,1,859,3821,70,3063,1834,1804,3821,3063
JEFFERSONSTAPLETON,62,2,2,0,1,6,0,52,0,1,0,1,0,0,14,0,80,146,7,257,66,155,146,257
JEFFERSONSTAPLETON CROSSROADS,53,2,7,0,1,12,0,38,0,0,0,1,0,0,11,0,37,105,2,125,62,100,105,125
JEFFERSONWADLEY,338,0,36,0,0,14,0,43,0,1,0,5,1,0,40,0,83,849,10,318,374,187,849,318
JEFFERSONWRENS,399,1,51,1,2,23,0,144,1,0,1,11,0,0,69,1,191,946,24,760,452,443,946,760
JENKINSCOURT HOUSE,111,0,10,1,2,12,0,38,0,0,3,5,0,0,20,0,61,344,6,271,122,141,344,271
JENKINSFOUR POINTS,61,0,18,1,0,8,0,38,0,0,1,2,0,0,43,0,127,195,5,400,80,219,195,400
JENKINSJENKINS CO PRIM/ELEM,108,0,15,1,2,7,0,17,0,0,0,3,0,1,26,0,59,337,10,237,124,115,337,237
JENKINSNAN,356,0,64,3,8,48,0,225,1,1,7,26,0,1,162,0,513,1123,34,1895,423,992,1123,1895
JENKINSPERKINS,46,0,8,0,0,9,0,63,1,1,2,9,0,0,30,0,109,156,7,450,54,224,156,450
JENKINSSENIOR CITIZENS BLD,30,0,13,0,4,12,0,69,0,0,1,7,0,0,43,0,157,91,6,537,43,293,91,537
JOHNSONBRAY,42,0,10,1,0,19,0,45,0,0,1,5,0,0,26,0,107,152,1,397,53,203,152,397
JOHNSONKITE,8,0,8,0,0,21,0,72,0,1,0,6,0,1,34,0,181,48,6,559,16,316,48,559
JOHNSONNAN,389,1,64,3,4,111,0,269,0,1,4,24,0,4,176,0,687,1136,27,2519,457,1280,1136,2519
JOHNSONSMITH,31,1,4,0,0,21,0,46,0,0,2,3,0,0,36,0,108,64,5,427,36,216,64,427
JOHNSONWRIGHTSVILLE,308,0,42,2,4,50,0,106,0,0,1,10,0,3,80,0,291,872,15,1136,352,545,872,1136
JONESBARRON,86,2,20,0,3,33,2,60,0,0,1,15,0,1,59,1,184,254,14,626,108,359,254,626
JONESCLINTON,147,0,22,1,11,72,0,136,1,0,3,16,0,0,98,0,308,331,26,1155,170,645,331,1155
JONESDAVIDSON,59,2,23,2,1,40,2,89,0,0,0,9,0,0,52,1,221,147,19,770,86,415,147,770
JONESETHRIDGE,179,1,41,0,5,55,1,82,0,1,1,15,0,0,68,0,181,418,26,705,221,409,418,705
JONESFINNEY,143,1,61,0,6,73,0,160,1,0,2,34,0,6,147,0,333,392,46,1214,205,762,392,1214
JONESGRAY,145,1,49,2,6,70,3,170,0,1,1,22,0,1,128,0,369,405,36,1302,197,771,405,1302
JONESHAWKINS,454,2,67,2,1,32,0,105,0,0,2,13,0,0,72,0,212,1127,35,710,525,437,1127,710
JONESNAN,1587,10,371,10,37,433,12,1024,2,3,13,143,0,13,737,3,2320,3961,260,8305,1978,4740,3961,8305
JONESPOPE,175,0,31,1,1,25,2,92,0,1,0,7,0,3,56,0,223,384,22,742,207,410,384,742
JONESROBERTS,183,1,56,2,2,30,1,118,0,0,3,8,0,2,56,1,258,473,33,995,242,479,473,995
JONESSANDERS,16,0,1,0,1,3,1,12,0,0,0,4,0,0,1,0,31,30,3,86,17,53,30,86
LAMARBARNESVILLE FBC,407,0,58,1,1,34,3,53,1,0,1,2,0,2,25,0,106,939,18,410,466,228,939,410
LAMARCHAPPELL MILL V. FD,55,0,20,0,0,51,1,117,0,0,1,4,0,0,47,1,197,147,18,713,75,419,147,713
LAMARL C S C,130,3,39,1,8,110,1,152,0,0,1,39,0,6,153,1,374,403,38,1344,173,845,403,1344
LAMARMILNER,142,3,51,0,9,115,2,277,1,0,3,30,0,1,152,0,467,404,37,1881,196,1057,404,1881
LAMARNAN,871,8,208,3,20,352,8,727,2,0,7,97,0,10,450,3,1399,2270,126,5190,1090,3075,2270,5190
LAMARREDBONE,23,0,14,1,1,18,0,60,0,0,0,15,0,0,36,1,84,75,10,329,38,215,75,329
LAMARSENIOR CITZEN BLDG,114,2,26,0,1,24,1,68,0,0,1,7,0,1,37,0,171,302,5,513,142,311,302,513
LANIERLAKELAND,177,2,46,0,3,34,1,98,0,1,0,11,0,1,65,0,323,611,38,1180,225,537,611,1180
LANIERNAN,234,3,70,0,4,50,1,197,0,1,0,24,0,1,113,0,515,806,73,1984,307,906,806,1984
LANIERSIRMANS,17,0,7,0,1,3,0,17,0,0,0,7,0,0,17,0,53,55,8,218,24,98,55,218
LANIERSTOCKTON,14,0,9,0,0,5,0,47,0,0,0,5,0,0,17,0,92,56,10,332,23,166,56,332
LANIERWESTSIDE,26,1,8,0,0,8,0,35,0,0,0,1,0,0,14,0,47,84,17,254,35,105,84,254
LAURENSBAILEY,54,0,18,0,2,39,0,111,0,0,1,17,0,2,82,0,184,143,10,681,72,438,143,681
LAURENSBREWTON,68,0,20,3,1,33,1,88,0,1,0,5,0,0,55,0,224,205,14,784,91,408,205,784
LAURENSBUCKEYE,105,1,12,1,0,16,0,31,0,0,0,8,0,0,14,0,105,290,5,329,119,174,290,329
LAURENSBURCH,22,0,5,1,0,14,0,32,0,0,0,0,0,0,13,0,63,54,8,213,28,122,54,213
LAURENSBURGAMY,126,0,22,1,1,26,1,41,0,0,0,4,0,0,26,0,60,294,10,326,149,159,294,326
LAURENSCADWELL,30,0,8,0,1,28,1,55,0,0,2,10,0,1,32,0,105,68,4,407,38,235,68,407
LAURENSCALHOUN PARK,718,4,89,4,4,41,1,82,0,1,0,10,0,1,82,1,202,2214,42,745,815,425,2214,745
LAURENSDUDLEY,69,0,9,0,3,66,0,88,0,0,1,11,0,0,83,0,130,152,16,628,78,382,152,628
LAURENSFAMILY LIFE CENTER,230,4,89,4,9,90,3,222,2,0,3,67,1,1,275,1,428,850,60,1767,327,1102,850,1767
LAURENSFIRE DEPT STA #5,205,1,61,2,6,105,0,251,0,1,2,44,0,1,238,2,427,551,50,1810,269,1077,551,1810
LAURENSHAMPTON MILL,63,4,9,0,4,51,0,157,0,0,5,14,0,0,95,0,224,150,8,975,76,550,150,975
LAURENSHARVARD,50,1,7,0,0,4,0,13,0,0,0,4,0,0,8,0,46,120,1,123,58,75,120,123
LAURENSLCFS 10 (VALAMBROSIA),156,1,26,1,5,61,1,97,0,0,1,10,1,1,70,0,189,442,14,769,184,436,442,769
LAURENSMINTER,7,1,5,1,3,19,1,56,0,0,0,4,0,0,47,1,122,34,13,516,14,253,34,516
LAURENSNAN,2296,21,453,22,47,702,10,1562,2,4,17,231,2,8,1285,6,3092,6752,313,12411,2792,6968,6752,12411
LAURENSREEDY SPRINGS,28,0,14,1,1,27,0,54,0,0,0,9,0,0,28,0,114,87,9,475,43,233,87,475
LAURENSRURAL FIRE STA #17,109,4,25,2,1,31,0,99,0,0,1,7,0,0,87,1,242,316,17,930,140,469,316,930
LAURENSSMITH,256,0,34,1,6,51,1,85,0,1,1,7,0,1,50,0,227,782,32,933,291,430,782,933
LEECENTURY FIRE STATION,128,0,51,2,5,43,1,168,0,0,3,29,0,3,114,0,421,494,38,1397,181,787,494,1397
LEECHOKEE,66,1,26,0,0,4,0,21,0,0,0,3,0,0,8,0,55,162,4,163,93,91,162,163
LEECJC,15,0,5,0,0,13,0,60,0,0,1,11,0,0,30,1,122,42,6,387,20,238,42,387
LEEFIRST BAPTIST,230,1,56,0,5,91,1,306,1,1,5,59,0,1,232,0,530,631,49,1902,287,1232,631,1902
LEEFRIENDSHIP BAPT,35,0,6,0,4,27,1,91,0,0,0,9,0,0,60,0,152,130,15,623,41,344,130,623
LEELEESBURG,132,3,58,1,7,46,0,207,0,0,3,16,0,0,100,0,382,458,54,1491,194,761,458,1491
LEENAN,1010,12,336,4,39,388,7,1427,4,1,16,184,0,10,829,1,3061,3170,299,10646,1362,5967,3170,10646
LEEREDBONE,180,4,76,0,11,88,1,278,1,0,2,28,0,2,132,0,726,554,69,2433,260,1269,554,2433
LEESDA CHURCH,25,1,11,1,1,25,1,122,0,0,0,16,0,2,53,0,213,110,17,687,38,433,110,687
LEESMITHVILLE,116,1,12,0,2,14,1,32,1,0,0,3,0,1,19,0,118,268,8,350,129,191,268,350
LEESOVEREIGN GRACE,83,1,35,0,4,37,1,142,1,0,2,10,0,1,81,0,342,321,39,1213,119,621,321,1213
LIBERTYBUTTON GWINNETT,13,0,15,0,0,1,0,6,1,0,0,2,0,0,3,0,13,194,25,160,28,26,194,160
LIBERTYFLEMING EAST,101,2,53,3,2,36,1,130,0,0,0,32,0,1,106,0,296,400,42,1220,159,604,400,1220
LIBERTYFLEMING WEST,75,0,14,1,0,4,0,9,0,0,0,1,0,1,4,0,18,206,8,80,90,37,206,80
LIBERTYGUM BRANCH,101,3,53,1,1,14,0,86,0,0,2,8,0,1,46,1,160,495,30,675,158,319,495,675
LIBERTYHINESVILLE,131,1,34,1,4,23,1,48,0,0,0,15,0,2,63,0,122,474,24,467,167,278,474,467
LIBERTYHINESVILLE LODGE,231,1,56,0,1,15,0,53,0,0,0,10,0,0,34,0,43,870,49,338,288,156,870,338
LIBERTYLEWIS FRASIER SCHOOL,382,1,79,1,8,25,0,82,1,0,0,15,0,0,89,0,153,1247,58,767,463,373,1247,767
LIBERTYLIBERTY COUNTY,450,0,95,3,6,31,0,93,2,2,1,18,0,0,95,0,272,1223,48,1040,548,520,1223,1040
LIBERTYLYMAN HALL SCHOOL,378,1,102,1,2,15,0,41,0,0,1,7,0,2,31,0,85,1348,52,428,482,184,1348,428
LIBERTYMEMORIAL DR. EAST,157,1,49,1,1,7,0,16,0,0,0,3,0,0,25,0,35,742,29,203,208,87,742,203
LIBERTYNAN,2787,14,679,15,26,192,2,644,4,2,4,128,0,8,563,1,1333,9556,427,6134,3495,2907,9556,6134
LIBERTYRICEBORO YOUTH CENTER,227,2,29,0,1,4,0,12,0,0,0,2,0,0,10,0,30,556,7,140,258,59,556,140
LIBERTYTOWN OF ALLENHURST,297,2,40,1,0,5,0,44,0,0,0,7,0,0,37,0,51,888,17,333,340,144,888,333
LIBERTYWALTHOURVILLE,244,0,60,2,0,12,0,24,0,0,0,8,0,1,20,0,55,913,38,283,306,120,913,283
LINCOLNBETHANY CHURCH,20,1,9,0,1,24,0,61,0,1,0,6,0,0,23,0,104,56,8,329,30,220,56,329
LINCOLNFAITH TEMPLE OF LINC,47,0,14,1,1,8,0,28,0,0,0,1,0,0,22,0,54,118,4,209,62,114,118,209
LINCOLNLINCOLN CENTER,89,0,16,2,2,30,0,134,0,0,0,2,0,0,88,0,199,223,16,756,107,455,223,756
LINCOLNLINCOLN CLUB HOUSE,142,0,13,0,1,14,0,39,0,0,0,2,0,0,20,1,41,336,5,205,155,118,336,205
LINCOLNMARTINS CROSSROAD,64,0,23,2,5,19,1,117,0,0,0,9,0,0,80,0,198,142,20,682,89,429,142,682
LINCOLNMIDWAY,35,0,4,0,1,12,1,39,1,0,0,0,0,0,12,0,61,110,6,223,39,127,110,223
LINCOLNNAN,538,1,93,5,12,117,3,515,1,1,1,22,0,0,263,1,742,1273,70,2759,637,1678,1273,2759
LINCOLNTABERNACLE,141,0,14,0,1,10,1,97,0,0,1,2,0,0,18,0,85,288,11,355,155,215,288,355
LONGALMA FLOURNOY,11,0,8,0,3,2,0,10,0,0,0,0,0,0,11,0,59,31,6,132,19,85,31,132
LONGBEARDS CREEK,57,0,15,0,1,9,0,43,0,0,1,3,0,0,20,0,107,307,18,390,72,184,307,390
LONGFAITH BAPTIST ANNEX,23,0,8,2,3,17,0,24,0,0,0,4,0,1,15,0,88,93,7,288,33,152,93,288
LONGNAN,264,4,113,5,13,79,2,249,0,1,2,20,0,3,143,1,639,1360,131,2626,386,1152,1360,2626
LONGNORTH LUDOWICI,51,2,16,0,4,12,0,47,0,1,0,4,0,1,35,0,116,289,36,460,69,220,289,460
LONGRYE PATCH/OAK DALE,57,1,33,2,1,29,0,78,0,0,0,8,0,0,45,0,152,332,39,739,93,313,332,739
LONGSOUTH LUDOWICI,59,0,22,0,0,5,1,16,0,0,1,1,0,1,9,0,44,245,15,235,81,78,245,235
LONGTIBET,6,1,11,1,1,5,1,31,0,0,0,0,0,0,8,1,73,63,10,382,19,120,63,382
LOWNDESCLYATTVILLE,203,0,75,4,4,57,1,204,0,0,1,13,0,0,96,1,433,661,45,1669,282,810,661,1669
LOWNDESDASHER,98,2,62,2,1,97,1,343,0,0,2,19,0,0,116,1,559,350,54,2020,164,1139,350,2020
LOWNDESHAHIRA,147,1,86,1,11,121,0,388,0,0,1,30,0,0,197,0,544,577,66,2431,235,1292,577,2431
LOWNDESMILDRED,547,3,98,3,1,8,0,28,0,0,0,1,0,1,8,1,61,1631,17,232,651,109,1631,232
LOWNDESNAN,4016,17,1900,25,76,974,6,3215,7,3,18,392,3,15,2005,5,5333,15064,929,21635,5958,12052,15064,21635
LOWNDESNORTHSIDE,1766,7,922,8,28,314,2,918,4,2,5,169,2,5,771,1,1470,7147,343,6179,2703,3691,7147,6179
LOWNDESRAINWATER,400,2,271,2,16,138,1,521,0,0,1,84,0,5,374,1,900,1605,149,3590,675,2041,1605,3590
LUMPKINDAHLONEGA,104,4,95,1,6,59,0,172,1,0,2,68,0,2,206,0,276,2220,495,9619,204,792,2220,9619
LUMPKINNAN,560,5,537,9,26,411,5,1654,4,2,10,298,0,18,1032,2,2470,2220,495,9619,1111,5932,2220,9619
MACONIDEAL,124,3,20,1,2,21,1,62,0,0,1,6,0,0,29,0,121,397,8,490,148,243,397,490
MACONMARSHALLVILLE,199,0,25,0,2,9,1,39,0,0,0,3,0,0,26,0,85,531,7,304,224,165,531,304
MACONMONTEZUMA 4,257,0,22,1,1,10,0,23,0,0,0,11,1,2,40,0,95,632,8,315,280,183,632,315
MACONMONTEZUMA 5,230,0,14,0,4,6,0,10,0,0,0,2,0,0,19,0,39,658,4,144,244,80,658,144
MACONNAN,977,3,105,2,9,68,3,162,0,0,1,28,1,2,135,0,415,2705,42,1540,1087,824,2705,1540
MACONOGLETHORPE,167,0,24,0,0,22,1,28,0,0,0,6,0,0,21,0,75,487,15,287,191,153,487,287
MADISONCOLBERT,125,0,74,2,8,54,1,224,2,0,3,25,0,1,162,0,341,465,47,1363,201,821,465,1363
MADISONCOLLINS,18,0,12,0,1,19,1,39,0,0,0,10,0,0,20,0,88,46,16,322,30,178,46,322
MADISONCOMER,72,0,46,2,6,27,0,90,0,0,2,14,0,0,54,1,136,240,23,562,120,330,240,562
MADISONDANIELSVILLE,65,0,72,0,10,73,4,218,0,1,4,20,0,2,122,0,415,257,47,1516,137,869,257,1516
MADISONFORK,41,0,18,1,0,10,0,37,0,0,0,2,0,1,13,0,62,112,11,233,60,125,112,233
MADISONHARRISON,5,0,15,0,3,13,1,46,0,0,0,5,0,0,22,0,115,35,7,326,20,205,35,326
MADISONHULL,189,2,107,3,1,69,0,309,1,0,4,25,0,5,157,1,390,669,76,1519,301,962,669,1519
MADISONILA,34,2,34,1,4,31,0,158,0,0,2,11,0,2,68,0,222,137,25,812,71,498,137,812
MADISONMILL,39,0,25,0,4,30,0,147,3,0,0,13,0,0,77,0,222,126,21,839,64,496,126,839
MADISONNAN,656,5,505,12,42,397,8,1579,6,1,18,147,0,14,853,2,2463,2425,328,9201,1178,5530,2425,9201
MADISONPAOLI,3,0,8,0,1,3,0,38,0,0,0,0,0,0,12,0,37,19,4,145,11,91,19,145
MADISONPITTMAN,39,0,69,1,2,43,0,192,0,0,2,19,0,3,119,0,280,231,34,993,109,660,231,993
MADISONPOCA,26,1,25,2,2,25,1,81,0,0,1,3,0,0,27,0,155,88,17,571,54,295,88,571
MARIONBRANTLEY,6,0,15,2,0,9,0,28,0,0,0,0,0,2,20,0,71,33,4,268,23,130,33,268
MARIONBUENA VISTA,348,4,63,3,3,20,0,67,0,2,1,8,0,0,44,0,137,962,20,602,418,282,962,602
MARIONFT. PERRY,31,2,17,0,0,5,0,48,0,0,2,2,0,0,7,0,77,100,10,363,50,141,100,363
MARIONNAN,431,7,120,5,6,55,0,228,0,2,5,15,0,2,95,1,473,1213,49,1921,563,882,1213,1921
MARIONPINEKNOT,27,1,20,0,0,15,0,61,0,0,2,5,0,0,15,0,120,69,9,499,48,218,69,499
MARIONTAZEWELL,19,0,5,0,3,6,0,24,0,0,0,0,0,0,9,1,68,49,6,189,24,111,49,189
MCDUFFIEAUGUSTA TECH,20,0,17,0,1,15,0,144,0,0,2,11,0,0,67,0,187,101,17,871,37,427,101,871
MCDUFFIEDEARING UMC,97,0,25,1,2,40,0,193,0,1,0,18,0,1,88,0,219,253,21,905,123,562,253,905
MCDUFFIEFORT CREEK,62,0,16,1,0,18,0,97,0,0,0,5,0,0,44,2,89,220,12,466,79,255,220,466
MCDUFFIEMARSHALL CHURCH,52,0,21,1,4,26,0,153,0,0,0,11,0,2,65,0,171,141,13,703,74,432,141,703
MCDUFFIENAN,1274,2,223,6,26,202,0,1046,2,1,6,88,0,4,503,2,1288,3699,137,5432,1505,3168,3699,5432
MCDUFFIEQUEEN OF ANGELS,197,1,28,0,2,2,0,31,0,0,1,3,0,0,11,0,46,527,8,134,226,96,527,134
MCDUFFIESWEETWATER ACTIVITY CENTER,194,0,36,3,9,54,0,223,1,0,0,20,0,0,132,0,310,610,29,1306,233,749,610,1306
MCDUFFIETHOMSON DEPOT,286,0,35,0,4,3,0,28,0,0,1,6,0,0,15,0,36,885,6,160,321,93,885,160
MCDUFFIEVANDERHORST,283,1,31,0,3,22,0,89,1,0,1,9,0,1,45,0,111,722,17,477,315,282,722,477
MCDUFFIEWHITEOAK,83,0,14,0,1,22,0,88,0,0,1,5,0,0,36,0,119,240,14,410,97,272,240,410
MCINTOSHCRESCENT,292,0,36,0,0,7,0,33,0,0,0,6,0,0,33,0,112,799,10,406,328,191,799,406
MCINTOSHDARIEN,267,3,48,2,16,35,2,100,0,1,4,19,0,3,63,0,328,582,29,925,320,571,582,925
MCINTOSHNAN,866,4,149,6,26,105,5,373,0,2,9,95,1,4,299,0,1080,2303,113,3487,1025,1999,2303,3487
MCINTOSHNORTH DARIEN,140,1,28,3,2,24,3,87,0,0,0,15,0,0,79,0,268,409,38,844,172,478,409,844
MCINTOSHSAPELO ISLAND,16,0,1,0,1,2,0,3,0,0,0,1,0,0,0,0,3,39,0,10,17,10,39,10
MCINTOSHSOUTH NEWPORT,124,0,29,1,7,34,0,124,0,1,2,53,1,1,119,0,315,358,35,1009,154,657,358,1009
MCINTOSHTOWNSEND,27,0,7,0,0,3,0,26,0,0,3,1,0,0,5,0,54,116,1,293,34,92,116,293
MERIWETHERALVATON,135,1,22,0,4,21,0,102,0,0,0,11,0,0,41,0,146,322,17,535,158,325,322,535
MERIWETHERCHALYBEATE,17,0,4,0,0,21,0,26,0,0,0,5,0,1,23,0,86,43,7,262,21,162,43,262
MERIWETHERCOVE,6,0,2,0,0,7,0,15,0,0,0,7,0,0,9,0,54,16,2,141,8,92,16,141
MERIWETHERDURAND,57,0,14,1,0,12,0,43,0,0,0,3,0,0,25,0,74,152,4,284,72,157,152,284
MERIWETHERGAY,25,0,4,0,1,7,0,23,0,0,0,2,0,0,25,0,49,66,10,182,29,107,66,182
MERIWETHERGREENVILLE,239,1,23,1,0,16,0,55,0,0,0,10,0,0,57,0,147,607,20,561,264,285,607,561
MERIWETHERLONE OAK,147,0,23,0,0,16,1,51,0,0,0,4,0,0,27,0,94,368,9,344,170,193,368,344
MERIWETHERLUTHERSVILLE,239,0,50,5,2,26,0,133,0,0,0,14,0,1,62,0,212,639,30,855,294,450,639,855
MERIWETHERMANCHESTER GILL I,101,0,22,0,1,26,1,93,0,0,0,19,0,1,71,1,165,299,25,624,123,378,299,624
MERIWETHERMANCHESTER GILL II,207,0,25,0,0,6,0,12,0,0,0,0,0,0,11,0,30,478,9,116,232,59,478,116
MERIWETHERNAN,1463,5,237,8,9,223,3,711,0,0,0,103,0,5,491,2,1436,3804,165,5222,1713,2983,3804,5222
MERIWETHERODESSADALE,37,1,2,0,0,1,0,15,0,0,0,4,0,0,13,0,25,76,1,114,40,58,76,114
MERIWETHERRALEIGH,18,0,5,0,0,18,0,32,0,0,0,4,0,0,21,1,77,66,3,266,23,153,66,266
MERIWETHERWARM SPRINGS,87,0,26,1,0,31,0,74,0,0,0,6,0,1,56,0,147,252,21,520,114,315,252,520
MERIWETHERWOODBURY,148,2,15,0,1,15,1,37,0,0,0,14,0,1,50,0,130,420,7,418,165,249,420,418
MILLERCOLQUITT-MILLER,159,6,37,3,11,42,2,152,0,0,2,15,0,2,139,0,556,623,30,1891,205,921,623,1891
MILLERNAN,159,6,37,3,11,42,2,152,0,0,2,15,0,2,139,0,556,623,30,1891,205,921,623,1891
MITCHELLBACONTON,131,0,12,0,1,9,0,49,0,0,2,6,0,0,28,0,89,294,9,342,143,184,294,342
MITCHELLBRANCHVILLE,24,0,13,1,3,10,1,36,0,0,0,6,0,0,24,0,98,71,4,327,38,178,71,327
MITCHELLCAMILLA NORTH,422,3,40,2,1,18,0,20,0,0,2,9,0,1,24,0,51,944,8,212,467,126,944,212
MITCHELLCAMILLA SOUTH,358,3,71,1,9,27,0,86,0,0,3,25,0,0,90,1,310,990,28,1087,433,551,990,1087
MITCHELLCOTTON,12,0,5,0,0,16,0,24,0,0,2,10,0,0,19,0,70,21,2,245,17,141,21,245
MITCHELLHISONTON,2,0,0,0,2,9,0,12,0,0,0,2,0,0,10,0,42,11,0,105,2,77,11,105
MITCHELLHOPEFUL,18,1,4,0,1,20,0,24,0,0,1,5,0,0,15,0,36,49,2,178,23,102,49,178
MITCHELLLESTER,47,0,9,2,2,10,0,75,0,0,0,8,0,0,25,0,178,140,8,599,58,298,140,599
MITCHELLNAN,1342,8,203,11,25,162,2,441,2,0,11,88,0,2,299,1,1246,3493,93,4279,1564,2279,3493,4279
MITCHELLPEBBLE CITY,4,0,2,0,0,9,0,6,0,0,0,3,0,0,7,0,38,14,1,107,6,63,14,107
MITCHELLPELHAM,294,0,43,4,5,29,1,90,2,0,1,13,0,1,52,0,259,907,28,879,341,453,907,879
MITCHELLSALE CITY,30,1,4,1,1,5,0,19,0,0,0,1,0,0,5,0,75,52,3,198,36,106,52,198
MONROEBENTONS,102,0,43,0,2,64,0,194,0,1,1,46,0,0,163,0,361,322,59,1266,145,832,322,1266
MONROEBRANTLEYS,20,0,15,0,1,32,0,106,0,0,4,20,0,1,69,0,138,92,14,592,35,371,92,592
MONROEBURGAYS,87,0,39,0,4,70,0,233,0,0,2,54,0,0,222,0,331,292,31,1328,126,916,292,1328
MONROECABANISS,62,1,6,2,0,11,0,52,1,0,0,4,0,0,21,0,97,107,6,315,71,186,107,315
MONROECOX,36,0,18,0,0,20,1,59,0,0,0,10,0,0,54,0,90,104,12,356,54,234,104,356
MONROECULLODEN,46,0,6,0,1,11,0,33,1,0,0,10,0,0,28,0,47,93,6,178,52,131,93,178
MONROEDILLARDS,35,0,15,0,5,22,0,79,0,0,1,17,0,0,58,1,119,113,11,483,50,302,113,483
MONROEEVERS,68,1,26,0,5,41,1,151,0,0,0,24,0,0,103,0,206,240,40,876,95,531,240,876
MONROEFORSYTH,525,1,70,1,4,72,0,150,0,2,1,45,0,1,134,0,236,1486,38,1044,597,645,1486,1044
MONROEHIGH FALLS,60,0,15,0,5,63,0,123,0,0,1,6,0,1,51,0,226,153,23,790,75,476,153,790
MONROEKELSEYS,101,0,9,0,0,8,0,47,0,0,0,5,0,1,11,0,74,209,4,235,110,146,209,235
MONROEMIDDLEBROOKS,48,0,20,0,1,34,0,117,0,0,0,14,0,2,47,1,154,140,22,706,68,370,140,706
MONROENAN,1251,7,301,4,29,483,2,1457,2,3,11,266,0,6,1015,2,2265,3571,284,8832,1563,5541,3571,8832
MONROEPROCTORS,50,4,14,1,1,28,0,74,0,0,1,10,0,0,37,0,115,168,17,439,69,266,168,439
MONROERUSSELLVILLE,11,0,5,0,0,7,0,39,0,0,0,1,0,0,17,0,71,52,1,224,16,135,52,224
MONTGOMERYAILEY,46,0,17,1,0,12,0,24,0,0,0,6,0,0,12,0,60,89,1,219,64,114,89,219
MONTGOMERYALSTON,13,0,4,0,2,24,0,50,0,0,1,3,0,0,16,0,76,36,4,293,17,172,36,293
MONTGOMERYHIGGSTON,41,0,18,0,2,46,1,108,0,0,1,0,0,4,52,0,172,157,15,690,59,386,157,690
MONTGOMERYKIBBEE,4,0,8,1,1,17,0,37,0,0,0,6,0,0,38,0,85,33,5,307,13,184,33,307
MONTGOMERYMOUNT VERNON,127,0,18,1,0,22,1,60,0,0,0,8,0,0,43,0,127,368,13,500,146,261,368,500
MONTGOMERYNAN,287,2,72,6,6,148,2,342,0,0,3,35,0,7,200,0,712,847,45,2670,367,1455,847,2670
MONTGOMERYTARRYTOWN,3,0,1,0,0,12,0,26,0,0,1,3,0,0,12,0,65,16,1,207,4,119,16,207
MONTGOMERYUVALDA,53,2,6,3,1,15,0,37,0,0,0,9,0,3,27,0,127,148,6,454,64,219,148,454
MORGANBETH/SPRINGFIELD,31,0,7,0,1,15,1,81,0,0,1,4,0,0,43,0,100,112,15,430,38,246,112,430
MORGANCENTRAL MORGAN,141,1,62,2,6,58,3,236,2,0,1,72,1,2,226,0,307,461,43,1345,206,914,461,1345
MORGANCLACKS CHAPEL,27,0,6,0,1,11,0,65,0,0,0,6,0,0,45,0,128,63,11,412,33,256,63,412
MORGANEAST MORGAN,97,0,33,0,4,40,0,150,1,0,2,29,0,1,175,1,254,298,29,1022,130,657,298,1022
MORGANNAN,910,3,259,2,20,235,6,1151,4,2,7,184,1,6,873,3,1659,2663,218,6559,1174,4151,2663,6559
MORGANNORTH MORGAN,109,0,44,0,3,47,2,263,0,0,3,12,0,1,120,1,375,376,46,1276,153,827,376,1276
MORGANNORTHEAST MORGAN,409,1,72,0,1,30,0,110,0,2,0,42,0,1,115,0,185,1026,45,744,482,486,1026,744
MORGANWEST MORGAN,96,1,35,0,4,34,0,246,1,0,0,19,0,1,149,1,310,327,29,1330,132,765,327,1330
MURRAYCARTERS-DOOLITTLE,38,0,49,0,1,29,0,109,0,0,1,9,0,2,51,1,293,151,23,979,87,496,151,979
MURRAYMCDONALD,43,0,64,0,1,51,0,94,0,0,1,14,0,0,70,0,339,175,29,1123,107,570,175,1123
MURRAYNAN,444,6,407,11,31,411,4,1028,1,2,17,119,0,13,673,4,3085,1800,283,10341,868,5388,1800,10341
MURRAYNORTH,33,0,38,2,2,42,0,111,0,0,1,7,0,0,62,0,313,134,29,1084,73,538,134,1084
MURRAYSHUCK PEN,53,0,48,3,4,56,2,143,1,1,0,15,0,2,66,0,410,257,38,1333,104,700,257,1333
MURRAYSOUTHWEST,54,0,46,1,4,28,0,139,0,1,2,8,0,3,56,1,405,214,44,1368,101,647,214,1368
MURRAYSPRING PLACE,75,1,58,1,4,70,0,161,0,0,2,22,0,3,109,0,483,326,50,1700,135,854,326,1700
MURRAYTOWN,148,5,104,4,15,135,2,271,0,0,10,44,0,3,259,2,842,543,70,2754,261,1583,543,2754
MUSCOGEEBRITT DAVID BAPT CH,117,2,76,2,6,42,2,150,0,1,2,21,0,0,87,0,201,485,52,914,197,512,485,914
MUSCOGEECARVER/MACK,809,1,106,0,0,2,0,7,0,0,2,1,0,0,4,0,10,2095,26,80,916,26,2095,80
MUSCOGEECOLUMBUS TECH,186,0,88,3,4,34,0,162,1,0,1,9,0,1,57,2,203,764,65,1012,277,474,764,1012
MUSCOGEECORNERSTONE CHURCH,291,1,141,1,13,97,2,286,0,0,1,44,0,2,263,0,406,1230,111,2172,434,1114,1230,2172
MUSCOGEECUSSETA RD,748,1,88,2,0,13,0,12,0,0,1,2,1,0,4,0,26,2420,32,126,839,59,2420,126
MUSCOGEEEDDY/KEY,354,1,72,1,4,9,1,49,1,0,0,4,0,0,15,1,95,1334,27,371,428,179,1334,371
MUSCOGEEEDGEWOOD BAPTIST,388,0,106,0,4,22,1,106,0,0,2,14,0,1,56,0,115,1088,44,625,494,321,1088,625
MUSCOGEEEPWORTH-02,19,0,9,0,0,6,0,6,0,0,0,1,0,0,4,0,4,67,3,44,28,21,67,44
MUSCOGEEEPWORTH-03,150,2,119,1,10,62,2,212,0,2,3,25,0,3,124,0,265,760,89,1224,272,708,760,1224
MUSCOGEEFAITH TABERNACLE,832,1,115,2,1,9,0,18,0,1,0,6,0,0,14,0,45,2169,34,179,950,94,2169,179
MUSCOGEEFIRST AFRICAN,130,0,77,0,0,6,0,32,0,0,0,20,0,0,33,0,33,579,33,208,207,124,579,208
MUSCOGEEFORT/WADDELL,993,3,171,5,2,23,0,63,0,0,1,18,0,0,42,0,103,2721,61,535,1172,252,2721,535
MUSCOGEEGALLOPS/HANNAN,241,2,85,1,3,15,0,45,0,0,0,14,0,0,29,1,79,848,44,328,329,186,848,328
MUSCOGEEGENTIAN/REESE @LDS,375,2,188,1,7,90,1,286,1,2,3,53,0,2,206,0,344,1395,108,1609,566,995,1395,1609
MUSCOGEEMOON/MORNINGSIDE,281,3,155,2,6,77,3,345,3,0,2,61,0,1,232,0,391,973,115,2079,441,1121,973,2079
MUSCOGEEMT. PILGRIM,1154,4,161,0,2,16,0,13,1,0,0,4,0,1,12,0,17,2941,55,142,1319,66,2941,142
MUSCOGEENAN,12862,32,3342,28,140,1181,26,4185,19,12,31,1112,3,26,3440,8,5334,39851,1831,26976,16264,15517,39851,26976
MUSCOGEENATIONAL INFANTRY,486,1,60,0,2,6,0,25,0,1,0,1,0,2,15,0,23,1866,40,316,547,75,1866,316
MUSCOGEEPSALMOND/MATHEWS,587,0,194,0,7,99,1,435,1,1,2,112,0,3,311,0,490,1834,124,2505,781,1462,1834,2505
MUSCOGEEROTHSCHILD,1038,1,182,0,5,12,1,64,0,1,1,13,0,0,28,0,90,3213,72,483,1221,215,3213,483
MUSCOGEESALVATION ARMY,207,2,84,0,2,47,1,159,1,0,2,33,1,1,105,1,180,820,59,924,293,533,820,924
MUSCOGEEST JOHN/BELVEDERE,1230,1,150,2,2,10,0,15,1,0,0,7,0,1,9,0,20,2852,34,179,1383,65,2852,179
MUSCOGEEST PAUL U.M.C.-02,203,0,162,0,12,56,3,218,1,0,1,117,0,1,282,1,312,824,96,1569,365,1004,824,1569
MUSCOGEEST PAUL U.M.C.-03,111,1,74,0,2,27,1,59,1,0,0,49,0,1,82,0,101,412,37,498,186,323,412,498
MUSCOGEEST PETER U. M. C.,195,0,100,2,8,80,1,240,0,0,4,56,0,0,189,1,288,629,60,1330,297,867,629,1330
MUSCOGEEST. ANDREWS/MIDLAND,557,0,201,1,13,92,1,380,1,1,2,140,0,3,343,1,488,1838,173,2566,759,1465,1838,2566
MUSCOGEEST. MARK/HEIFERHORN,312,1,175,1,8,138,2,507,2,2,0,129,0,2,462,0,578,1129,106,2934,489,1830,1129,2934
MUSCOGEEWYNNBROOK,138,1,60,0,10,67,2,186,2,0,1,115,1,0,332,0,311,516,58,1402,199,1027,516,1402
MUSCOGEEWYNNTON,730,1,143,1,7,24,1,105,2,0,0,43,0,1,100,0,116,2049,73,622,875,399,2049,622
NEWTONALCOVY-10,8,1,15,0,1,4,0,28,0,0,0,4,0,0,24,0,65,46,7,211,24,126,46,211
NEWTONALCOVY-4,259,1,93,1,3,44,0,168,2,0,1,42,0,2,214,1,345,989,72,1228,354,822,989,1228
NEWTONALMON,627,0,151,0,3,23,1,116,2,0,0,14,0,1,81,0,171,1963,49,706,778,412,1963,706
NEWTONBEAVERDAM,713,0,192,0,2,25,0,100,1,3,0,11,0,1,55,0,177,2068,39,617,905,375,2068,617
NEWTONBREWERS,162,2,71,1,4,45,0,207,0,0,2,11,0,1,136,1,465,500,47,1512,236,872,500,1512
NEWTONBRICK STORE,125,1,48,0,8,55,1,231,1,0,1,30,0,1,212,1,343,394,44,1283,174,884,394,1283
NEWTONBUCK CREEK,476,2,116,4,4,42,0,227,1,2,1,11,0,4,139,0,333,1365,72,1357,598,764,1365,1357
NEWTONCEDAR SHOALS,234,1,76,1,2,26,0,91,0,0,2,8,0,1,75,0,192,743,51,629,312,397,743,629
NEWTONCITY POND,214,0,34,1,3,10,1,37,1,0,0,10,0,0,33,1,78,552,17,310,249,174,552,310
NEWTONCOVINGTON MILLS,260,0,76,0,3,28,0,88,0,0,0,23,0,3,115,0,225,803,43,762,336,485,803,762
NEWTONCROWELL,683,2,148,2,3,16,1,54,1,0,0,9,0,1,34,0,112,2109,28,367,835,231,2109,367
NEWTONDOWNS,547,2,150,4,4,63,2,328,1,0,2,19,0,1,156,1,480,1619,83,1884,703,1057,1619,1884
NEWTONFAIRVIEW,328,2,79,1,0,13,0,35,0,0,0,8,0,0,18,0,68,1155,19,217,410,142,1155,217
NEWTONGUM CREEK,260,0,91,0,5,70,4,380,0,0,2,45,0,3,263,0,580,654,65,2072,351,1352,654,2072
NEWTONHUB,72,0,52,0,0,61,0,280,1,0,2,26,0,4,207,0,325,267,40,1331,124,906,267,1331
NEWTONLEGUINN,88,0,35,0,2,31,0,195,1,0,1,12,0,0,103,2,264,268,27,1064,123,611,268,1064
NEWTONLIVINGSTON,535,2,131,1,3,27,1,116,1,0,0,9,0,2,61,0,168,1649,42,722,669,388,1649,722
NEWTONMANSFIELD,33,0,22,0,2,32,2,191,0,0,0,9,0,0,97,1,239,114,19,877,55,573,114,877
NEWTONNAN,7273,24,2002,22,62,736,17,3492,14,6,20,356,0,29,2427,11,5626,21943,947,20913,9321,12796,21943,20913
NEWTONNEWBORN,31,0,26,0,1,10,0,80,0,0,1,6,0,0,46,0,116,105,16,425,57,260,105,425
NEWTONOXFORD,164,1,63,0,2,33,1,156,0,1,3,17,0,1,125,1,290,417,49,1009,228,630,417,1009
NEWTONROCKY PLAINS-10,239,3,81,1,1,30,1,166,0,0,1,8,0,0,90,1,257,676,32,976,324,555,676,976
NEWTONROCKY PLAINS-4,39,0,8,0,0,4,0,34,0,0,0,3,0,1,7,0,32,138,6,140,47,81,138,140
NEWTONSTANSELLS,540,0,140,3,4,25,1,102,1,0,1,17,0,2,82,0,188,1662,41,726,683,423,1662,726
NEWTONTOWN,636,4,104,2,2,19,1,82,0,0,0,4,0,0,54,1,113,1687,39,488,746,276,1687,488
OCONEEANNEX,113,1,96,2,2,32,2,172,1,0,2,52,0,3,232,0,224,499,72,950,212,722,499,950
OCONEEANTIOCH,48,1,49,0,4,35,0,122,0,0,1,27,0,1,80,0,164,204,33,685,98,434,204,685
OCONEEATHENS ACADEMY,162,0,110,0,4,39,0,162,1,0,0,103,0,3,277,0,236,639,91,1105,272,825,639,1105
OCONEEBISHOP,75,0,64,1,3,44,0,145,3,0,2,44,0,0,164,0,166,319,64,931,140,571,319,931
OCONEEBOGART,71,0,97,1,6,58,1,203,1,0,0,42,0,0,188,0,223,412,94,1122,169,722,412,1122
OCONEECITY HALL,103,0,96,0,4,47,0,126,0,0,0,36,0,2,166,0,127,445,78,693,199,508,445,693
OCONEECIVIC CENTER,217,2,177,1,7,63,1,360,2,1,0,106,0,4,429,0,416,925,126,1883,397,1389,925,1883
OCONEECOLHAM FERRY,67,0,89,0,4,32,1,176,0,0,0,42,0,1,138,0,180,333,41,837,156,574,333,837
OCONEEDARK CORNER,68,1,74,0,4,70,0,270,0,0,0,39,1,1,242,0,332,369,72,1511,143,959,369,1511
OCONEEFARMINGTON,40,0,27,0,1,16,0,75,0,0,0,9,0,0,34,0,83,125,16,327,67,218,125,327
OCONEEHIGH SHOALS,73,0,66,0,1,42,1,183,0,0,0,36,0,1,187,0,228,320,56,965,139,679,320,965
OCONEEMALCOM BRIDGE,162,0,125,0,8,80,1,263,0,0,3,103,0,5,369,0,380,821,140,1822,287,1212,821,1822
OCONEENAN,1225,5,1102,5,50,581,7,2356,8,1,8,667,1,22,2583,0,2877,5581,925,13425,2337,9161,5581,13425
OCONEENORTH OCONEE,26,0,32,0,2,23,0,99,0,0,0,28,0,1,77,0,118,170,42,594,58,348,170,594
OGLETHORPEBEAVERDAM,103,2,132,1,3,53,3,250,1,0,1,38,0,2,161,0,390,483,63,1471,238,902,483,1471
OGLETHORPELEXINGTON,297,1,113,2,18,91,2,300,1,0,5,36,1,6,183,1,540,809,76,1940,413,1184,809,1940
OGLETHORPENAN,562,3,358,5,30,197,5,764,2,1,7,115,1,10,439,1,1231,1831,199,4625,928,2803,1831,4625
PAULDINGAUSTIN MIDDLE SCHOOL,361,1,180,1,5,131,2,619,0,0,2,43,0,3,344,1,783,1508,166,3768,543,1933,1508,3768
PAULDINGCARL SCOGGINS MID SC,99,2,64,0,4,75,1,428,0,0,3,21,0,7,193,1,581,392,66,2344,165,1314,392,2344
PAULDINGHIRAM HIGH SCHOOL,420,0,151,0,6,65,3,312,0,2,2,30,1,7,226,1,566,1704,97,2275,571,1221,1704,2275
PAULDINGMOSES MIDDLE SCHOOL,174,2,144,0,9,100,0,435,2,0,1,50,0,3,349,0,581,971,120,2893,320,1530,971,2893
PAULDINGMT TABOR PARK,292,3,183,4,12,144,4,588,2,0,6,84,0,6,542,0,1023,1351,201,4231,482,2411,1351,4231
PAULDINGNAN,4123,19,2123,22,115,1385,22,6789,9,5,55,658,4,61,5044,8,10022,18025,1954,44662,6287,24177,18025,44662
PAULDINGNEBO ELEMENTARY SCH,234,2,163,3,12,130,1,627,0,0,1,51,1,3,320,1,856,1054,143,3606,402,2003,1054,3606
PAULDINGNORTHSIDE ELEM SCH,58,0,39,0,5,34,1,161,0,0,1,17,0,0,126,1,375,268,36,1242,97,721,268,1242
PAULDINGP B RITCH MIDD SCH,446,2,197,1,6,80,2,369,0,1,9,35,0,3,330,1,589,1945,128,2531,646,1425,1945,2531
PAULDINGPAULDING CO HIGH SC,227,1,127,2,6,70,1,379,1,0,5,34,0,6,203,1,511,999,119,2235,357,1217,999,2235
PAULDINGRUSSOM ELEM SCH,365,0,193,2,5,126,3,636,1,0,2,78,0,5,654,0,850,1781,225,4527,560,2360,1781,4527
PAULDINGSAMMY MCCLURE MID SC,263,0,149,2,12,145,2,712,1,0,7,102,0,3,823,0,1192,1303,224,5443,414,2999,1303,5443
PAULDINGSARA RAGSDALE ELM SC,169,0,104,2,2,90,1,473,1,0,8,26,0,4,236,0,713,725,109,3038,275,1554,725,3038
PAULDINGTAYLOR FARM PARK,629,3,248,5,19,103,0,641,0,0,5,46,2,3,388,1,744,2350,168,3532,885,1952,2350,3532
PAULDINGWATSON GOVT COMPLEX,386,3,181,0,12,92,1,409,1,2,3,41,0,8,310,0,658,1674,152,2997,570,1537,1674,2997
PEACHBYRON #1,166,0,45,2,2,44,0,200,0,0,3,21,0,2,120,0,297,443,37,1216,213,689,443,1216
PEACHBYRON #2,277,1,72,2,2,85,1,255,0,0,2,39,0,1,174,0,424,947,68,1834,352,983,947,1834
PEACHCLAUDE,18,1,12,0,2,21,0,69,1,0,1,9,0,0,45,0,125,102,11,442,31,273,102,442
PEACHFORT VALLEY #1,317,1,58,2,2,42,0,94,0,0,2,22,0,0,72,1,163,889,33,610,378,398,889,610
PEACHFORT VALLEY #2,304,1,48,0,2,24,1,53,1,0,0,11,1,0,25,0,95,950,20,442,353,213,950,442
PEACHFORT VALLEY #3,528,0,70,0,1,4,1,15,0,0,0,6,0,0,23,0,50,1575,25,204,598,100,1575,204
PEACHNAN,1676,5,316,6,11,259,3,796,2,0,10,124,1,4,516,1,1325,5100,211,5413,2003,3052,5100,5413
PEACHPOWERSVILLE,66,1,11,0,0,39,0,110,0,0,2,16,0,1,57,0,171,194,17,665,78,396,194,665
PICKENSAPPALACHIAN,39,0,48,1,2,26,0,143,0,0,1,24,0,5,108,0,290,167,33,970,88,599,167,970
PICKENSHILL,19,1,32,2,1,35,0,119,2,0,1,14,0,3,91,0,242,158,42,913,54,508,158,913
PICKENSHINTON,11,0,14,0,0,8,2,42,0,0,0,4,0,0,33,0,144,47,16,404,25,233,47,404
PICKENSJASPER,42,2,40,1,5,33,0,120,1,0,2,18,0,0,113,0,271,246,44,1024,85,563,246,1024
PICKENSJERUSALEM,16,0,11,0,0,21,0,93,0,0,1,7,0,1,49,1,183,67,12,538,27,356,67,538
PICKENSLUDVILLE,8,1,5,0,0,7,0,68,0,0,0,3,0,0,13,0,90,24,10,343,14,181,24,343
PICKENSNAN,431,5,370,5,32,344,9,1570,3,0,11,305,5,15,1330,3,3360,1979,354,11651,811,6987,1979,11651
PICKENSNELSON,30,0,29,0,1,21,1,123,0,0,0,13,2,0,60,0,196,118,25,750,59,417,118,750
PICKENSREFUGE,49,0,24,1,5,40,1,143,0,0,0,20,1,0,115,0,399,169,29,1259,74,724,169,1259
PICKENSSHARPTOP,72,0,65,0,10,49,0,190,0,0,1,84,1,0,229,0,434,340,46,1434,137,998,340,1434
PICKENSTALKING ROCK,15,0,24,0,1,31,2,126,0,0,3,14,0,4,71,1,261,104,19,933,39,514,104,933
PICKENSTATE - 09,17,0,13,0,0,9,0,57,0,0,1,3,0,0,30,0,144,69,11,423,30,244,69,423
PICKENSTATE - 14,24,0,19,0,2,27,1,137,0,0,0,10,0,1,76,0,198,105,31,935,43,452,105,935
PICKENSYELLOW CREEK,89,1,46,0,5,37,2,209,0,0,1,91,1,1,342,1,508,365,36,1725,136,1198,365,1725
PIERCEALABAHA,10,0,11,0,3,21,0,105,0,0,1,10,0,0,48,0,118,47,3,511,21,306,47,511
PIERCEBLACKSHEAR,51,1,31,1,9,48,1,270,1,0,1,15,0,3,158,0,311,188,30,1556,84,817,188,1556
PIERCEHACKLEBARNEY/CASON,81,0,21,0,6,51,2,201,0,0,4,22,0,1,143,0,328,375,25,1491,102,758,375,1491
PIERCEMERSHON,2,0,5,1,2,9,0,27,0,0,0,0,0,0,28,0,40,26,2,273,8,106,26,273
PIERCENAN,219,1,104,3,31,222,4,1040,1,1,9,71,0,10,598,1,1345,903,93,6302,327,3333,903,6302
PIERCEOTTER CREEK,25,0,6,0,2,30,1,121,0,0,1,5,0,4,77,0,167,71,15,754,31,408,71,754
PIERCEPATTERSON,29,0,15,0,6,26,0,130,0,1,0,1,0,2,42,1,114,115,9,623,44,323,115,623
PIERCEST JOHNS/BLACKSHEAR,19,0,15,1,3,31,0,152,0,0,2,17,0,0,86,0,218,77,8,905,35,509,77,905
PIERCESUNSET/SWEAT,2,0,0,0,0,6,0,34,0,0,0,1,0,0,16,0,49,4,1,189,2,106,4,189
PIKECONCORD,65,0,15,0,2,48,0,107,0,0,1,11,0,0,75,0,186,183,13,690,80,430,183,690
PIKEHOLLONVILLE,36,0,15,0,3,58,1,174,1,0,2,11,0,1,97,0,240,97,20,1001,51,588,97,1001
PIKELIFSEY SPRINGS,34,0,13,0,3,33,1,86,0,0,0,8,0,2,58,0,197,88,15,635,47,388,88,635
PIKEMEANSVILLE,27,1,17,0,4,52,0,129,1,0,0,10,0,3,47,0,208,90,10,766,45,454,90,766
PIKEMOLENA,60,1,26,0,3,41,0,107,1,0,0,16,0,1,68,0,232,176,24,770,87,469,176,770
PIKENAN,418,5,188,1,26,451,3,1196,4,0,8,102,0,12,678,0,1933,1240,163,7278,612,4413,1240,7278
PIKESECOND DISTRICT,47,1,33,1,8,90,0,271,1,0,2,20,0,2,162,0,383,178,28,1483,82,939,178,1483
PIKEWILLIAMSON,27,0,27,0,3,74,0,157,0,0,0,11,0,1,99,0,206,118,19,917,54,551,118,917
PIKEZEBULON,122,2,42,0,0,55,1,165,0,0,3,15,0,2,72,0,281,310,34,1016,166,594,310,1016
POLKARAGON,84,4,32,2,4,50,1,162,0,0,2,19,0,0,92,1,464,262,34,1493,122,795,262,1493
POLKBLOOMING GROVE,60,1,38,1,2,23,0,72,0,1,1,10,0,0,67,0,244,162,20,790,100,420,162,790
POLKCEDARTOWN,337,0,117,5,8,81,4,217,1,0,6,61,1,3,274,1,692,1053,81,2319,459,1349,1053,2319
POLKFISH CREEK,70,2,44,3,5,51,0,137,0,0,5,27,0,1,91,0,424,241,26,1338,119,741,241,1338
POLKLAKE CREEK,82,1,56,2,3,54,0,157,0,0,3,27,0,1,133,0,472,248,41,1564,141,850,248,1564
POLKNAN,944,13,403,17,33,391,7,1092,2,2,25,177,1,9,944,4,3363,2867,289,11014,1377,6050,2867,11014
POLKROCKMART,257,5,91,4,9,91,1,249,0,1,5,21,0,2,215,2,756,772,63,2506,357,1352,772,2506
POLKYOUNGS GROVE,54,0,25,0,2,41,1,98,1,0,3,12,0,2,72,0,311,129,24,1004,79,543,129,1004
PULASKICOURTHOUSE ANNEX,376,1,60,0,13,92,4,237,0,0,8,47,0,1,262,0,675,1104,58,2437,437,1339,1104,2437
PULASKINAN,376,1,60,0,13,92,4,237,0,0,8,47,0,1,262,0,675,1104,58,2437,437,1339,1104,2437
PUTNAM101.0,295,2,57,1,1,28,0,118,1,0,1,15,0,1,98,0,326,864,32,998,355,589,864,998
PUTNAM104.0,319,1,40,1,2,50,0,99,0,1,2,5,0,1,90,2,316,1004,24,998,361,568,1004,998
PUTNAM105.0,106,0,38,1,8,54,1,226,2,0,7,92,1,0,366,1,528,376,42,1918,145,1286,376,1918
PUTNAM106.0,28,0,6,0,2,35,0,76,1,0,1,11,0,1,68,1,211,105,16,653,34,407,105,653
PUTNAM107.0,123,2,65,1,8,79,0,227,0,0,1,38,0,2,227,0,602,409,56,1977,191,1184,409,1977
PUTNAMNAN,871,5,206,4,21,246,1,746,4,1,12,161,1,5,849,4,1983,2758,170,6544,1086,4034,2758,6544
QUITMANGEORGETOWN,169,1,14,3,5,23,0,36,0,0,1,11,0,0,41,0,157,426,7,525,187,274,426,525
QUITMANMORRIS,24,0,1,0,2,1,0,5,0,0,0,1,0,0,4,0,17,35,1,50,25,30,35,50
QUITMANNAN,193,1,15,3,7,24,0,41,0,0,1,12,0,0,45,0,174,461,8,575,212,304,461,575
RABUNNAN,398,7,326,4,33,277,9,716,6,0,15,210,0,7,771,0,1732,1444,219,6287,735,3776,1444,6287
RABUNRABUN,398,7,326,4,33,277,9,716,6,0,15,210,0,7,771,0,1732,1444,219,6287,735,3776,1444,6287
RANDOLPH4TH DISTRICT,2,0,0,0,0,4,0,4,0,0,1,0,0,0,1,1,26,12,0,74,2,37,12,74
RANDOLPHBENEVOLENCE,41,3,9,1,4,5,0,15,0,0,0,1,1,0,9,0,50,84,2,171,54,85,84,171
RANDOLPHCARNEGIE,13,0,7,0,3,9,0,23,0,0,0,3,0,0,10,0,94,30,7,206,20,142,30,206
RANDOLPHCOLEMAN,27,0,2,1,0,0,0,17,0,0,0,1,0,0,2,0,34,62,3,89,30,54,62,89
RANDOLPHCUTHBERT,96,0,5,0,0,0,0,0,0,0,0,0,0,0,1,0,0,238,2,5,101,1,238,5
RANDOLPHCUTHBERT/COURTHOUSE,342,0,42,1,4,24,0,32,0,0,0,4,0,1,29,0,118,734,12,426,385,212,734,426
RANDOLPHNAN,693,5,71,5,15,50,0,124,0,1,1,16,1,1,79,1,412,1598,28,1271,774,701,1598,1271
RANDOLPHSHELLMAN,108,0,4,0,3,4,0,17,0,0,0,6,0,0,13,0,60,314,2,175,112,103,314,175
RANDOLPHSPRINGVALE,56,1,1,2,1,2,0,6,0,1,0,0,0,0,10,0,15,112,0,55,60,35,112,55
RICHMOND101,68,0,44,1,0,13,0,54,0,0,1,16,0,0,48,0,61,262,26,253,113,193,262,253
RICHMOND102,127,0,51,1,1,4,0,21,0,0,0,4,0,0,17,0,52,520,22,189,179,99,520,189
RICHMOND103,237,0,40,0,0,2,0,0,0,0,0,0,0,0,1,0,2,735,5,16,277,5,735,16
RICHMOND104,525,1,72,0,1,7,0,9,0,0,0,3,0,0,9,0,24,1444,19,93,598,53,1444,93
RICHMOND105,136,0,9,1,0,0,0,2,0,0,0,0,0,0,1,0,0,384,4,12,146,3,384,12
RICHMOND106,81,1,18,0,1,4,0,13,0,0,0,0,0,0,10,0,31,332,6,118,100,59,332,118
RICHMOND107,190,0,62,1,3,20,0,99,0,0,2,23,0,0,120,0,127,534,32,561,253,394,534,561
RICHMOND108,106,2,15,0,1,4,0,3,0,0,0,0,0,0,3,0,4,282,9,28,123,15,282,28
RICHMOND109,149,2,49,1,0,6,0,23,0,0,0,3,0,0,30,0,16,442,31,105,201,78,442,105
RICHMOND111,175,1,70,0,0,9,0,18,0,0,0,6,0,1,15,0,28,614,28,126,246,77,614,126
RICHMOND112,56,1,22,0,3,6,0,28,0,0,0,4,0,0,14,0,30,268,21,176,79,85,268,176
RICHMOND114,139,0,19,0,0,2,0,5,0,0,0,0,0,0,2,0,12,406,3,48,158,21,406,48
RICHMOND115,38,1,9,1,0,2,0,18,0,0,0,0,0,0,4,0,21,101,4,99,49,45,101,99
RICHMOND201,269,0,13,0,1,1,0,1,0,0,0,1,0,0,0,0,4,721,4,22,282,8,721,22
RICHMOND202,460,0,86,2,2,17,0,128,0,1,0,3,0,0,50,2,169,1556,49,685,548,372,1556,685
RICHMOND203,201,1,13,1,0,1,0,0,0,0,0,0,0,1,2,1,4,551,1,10,216,9,551,10
RICHMOND204,93,0,89,1,1,22,1,85,0,0,1,18,0,0,72,0,104,432,40,453,183,304,432,453
RICHMOND207,272,1,34,1,0,1,0,3,0,0,0,0,0,0,1,0,2,755,4,16,308,7,755,16
RICHMOND208,330,2,65,0,1,12,1,26,0,0,0,2,0,0,26,0,59,1134,28,229,397,127,1134,229
RICHMOND209,135,3,16,0,0,3,0,12,0,0,1,0,0,0,5,0,34,426,5,135,154,55,426,135
RICHMOND210,305,1,51,1,0,6,0,17,0,0,0,1,0,0,14,0,21,819,15,111,358,59,819,111
RICHMOND301,156,2,94,0,4,77,1,219,0,1,0,72,0,0,285,0,268,553,75,1157,252,927,553,1157
RICHMOND302,80,0,19,1,0,10,0,19,0,1,0,9,0,0,26,0,29,400,12,130,100,94,400,130
RICHMOND303,68,0,39,0,3,37,0,117,0,0,0,43,0,3,193,0,158,273,37,725,107,554,273,725
RICHMOND304,26,0,15,0,0,7,0,29,0,0,0,8,0,0,41,0,42,100,14,165,41,127,100,165
RICHMOND305,33,0,5,0,1,17,0,51,0,0,0,23,1,0,79,0,53,64,10,267,38,225,64,267
RICHMOND306,392,0,122,0,3,48,1,147,0,0,1,24,0,2,97,0,166,1275,69,861,514,489,1275,861
RICHMOND307,119,0,61,0,4,36,0,101,0,0,0,40,0,0,172,0,151,392,31,655,180,504,392,655
RICHMOND308,45,0,18,0,1,10,0,28,0,0,0,4,0,0,15,0,31,181,10,153,63,89,181,153
RICHMOND309,517,1,83,0,0,10,0,22,0,0,0,7,0,0,30,0,42,1469,33,212,601,111,1469,212
RICHMOND310,663,0,115,0,1,30,0,83,0,0,0,7,0,1,50,0,111,1848,67,580,778,283,1848,580
RICHMOND401,454,1,75,1,1,2,0,8,0,0,0,2,0,0,7,0,8,1234,15,67,531,28,1234,67
RICHMOND402,457,1,73,0,1,6,0,12,0,0,0,2,0,1,9,0,17,1385,33,147,531,48,1385,147
RICHMOND404,322,1,44,0,1,9,0,20,0,0,0,1,0,1,14,0,28,910,21,118,367,74,910,118
RICHMOND405,934,2,123,1,2,12,1,35,0,0,0,2,0,0,16,0,36,2270,39,204,1060,104,2270,204
RICHMOND406,732,1,98,1,0,7,0,36,0,0,0,2,0,0,25,0,22,1719,32,170,832,92,1719,170
RICHMOND501,602,0,66,1,2,13,1,31,0,0,1,4,0,1,14,0,40,1626,22,224,669,107,1626,224
RICHMOND502,765,2,126,2,1,8,0,31,0,0,1,2,0,0,12,0,36,2119,34,171,895,91,2119,171
RICHMOND503,709,2,94,2,2,17,0,55,0,0,0,1,0,1,18,0,88,1856,31,340,807,182,1856,340
RICHMOND504,212,1,38,0,3,10,0,51,0,0,0,4,1,1,31,0,81,706,23,309,251,182,706,309
RICHMOND506,41,1,9,0,0,2,0,15,0,0,0,0,0,0,8,0,16,136,0,69,51,41,136,69
RICHMOND507,90,0,23,0,0,9,0,17,2,0,0,4,0,0,7,0,25,318,25,136,113,64,318,136
RICHMOND509,412,2,56,0,0,1,0,21,0,0,0,9,0,1,16,0,34,1091,19,175,470,82,1091,175
RICHMOND601,388,1,79,1,0,14,0,62,0,0,0,7,0,0,16,0,107,1259,40,478,469,206,1259,478
RICHMOND603,251,0,67,0,3,72,0,268,2,0,1,12,0,2,151,1,215,883,46,1050,318,727,883,1050
RICHMOND604,197,1,45,1,0,10,0,46,0,0,0,2,0,0,26,0,54,643,27,282,244,138,643,282
RICHMOND605,227,0,45,0,0,9,0,45,0,0,0,3,0,0,23,0,62,1268,43,724,272,142,1268,724
RICHMOND607,426,0,55,0,2,5,1,11,0,0,0,0,0,0,10,0,9,1045,16,48,481,38,1045,48
RICHMOND608,88,0,26,0,2,18,0,84,0,0,0,10,0,0,52,0,149,280,25,542,114,315,280,542
RICHMOND701,157,1,81,0,1,51,0,225,0,0,0,52,0,2,198,0,233,566,63,1049,239,762,566,1049
RICHMOND702,97,0,97,0,1,36,1,155,0,0,1,18,0,2,111,0,213,406,54,798,194,538,406,798
RICHMOND703,299,2,188,1,2,43,0,209,0,1,1,17,0,2,188,2,236,1321,115,1160,490,701,1321,1160
RICHMOND705,148,0,70,1,6,45,0,178,0,0,0,45,0,2,188,0,212,624,50,909,219,676,624,909
RICHMOND706,210,1,100,1,8,66,1,262,0,0,1,56,0,2,264,0,275,737,78,1402,312,935,737,1402
RICHMOND707,148,0,88,0,1,28,0,84,0,0,0,15,0,0,75,0,94,634,44,490,236,297,634,490
RICHMOND708,14,0,9,0,0,5,0,37,0,0,0,4,0,0,13,0,35,49,9,150,23,94,49,150
RICHMOND709,51,0,28,0,0,13,0,34,0,0,0,2,0,1,18,0,42,160,12,169,79,110,160,169
RICHMOND801,25,1,9,0,0,7,0,37,0,0,0,4,0,0,11,0,64,94,4,198,35,123,94,198
RICHMOND801B,27,0,16,0,2,11,0,33,0,0,1,1,1,0,9,0,54,75,2,214,43,112,75,214
RICHMOND802,172,1,47,1,0,36,1,172,1,0,0,5,0,1,57,1,292,513,32,1117,221,566,513,1117
RICHMOND803,2,0,2,0,0,0,0,0,0,0,0,1,0,0,0,0,0,15,0,8,4,1,15,8
RICHMOND804,211,0,32,0,0,17,0,67,0,0,0,5,0,0,32,0,86,597,35,446,243,207,597,446
RICHMOND804H,298,0,48,1,1,31,0,169,0,0,2,11,0,1,65,0,250,769,25,931,347,530,769,931
RICHMOND805,79,0,16,0,0,7,0,33,0,0,0,6,0,0,12,0,32,271,7,135,95,90,271,135
RICHMOND806,83,0,27,0,3,19,0,94,0,0,0,2,0,0,27,0,103,244,11,480,110,248,244,480
RICHMOND807,178,0,40,0,0,8,0,23,0,0,0,1,0,0,12,0,58,544,20,197,218,102,544,197
RICHMOND808,209,2,61,0,0,34,0,138,1,0,1,12,0,1,61,0,197,586,28,784,272,445,586,784
RICHMOND809,209,0,26,0,0,3,2,9,0,0,0,1,0,0,3,0,3,508,9,30,235,21,508,30
RICHMOND810,28,1,7,0,0,12,0,34,0,0,0,1,0,0,12,0,44,80,8,150,36,103,80,150
RICHMONDNAN,16315,46,3586,28,78,1137,12,4299,6,4,17,653,3,30,3269,7,5550,48814,1811,24461,19975,15065,48814,24461
ROCKDALEBARKSDALE,572,1,163,1,6,51,0,247,4,0,1,34,1,0,242,0,394,1659,95,1396,737,980,1659,1396
ROCKDALEBETHEL,105,0,37,0,2,31,0,136,0,0,0,15,0,0,82,0,186,278,17,668,142,452,278,668
ROCKDALECONYERS,390,3,103,1,1,15,0,79,1,0,0,17,0,1,64,0,125,1269,40,439,497,303,1269,439
ROCKDALEFIELDSTONE,663,1,175,2,4,20,0,68,1,0,1,18,0,0,66,1,96,2022,56,390,841,275,2022,390
ROCKDALEFLAT SHOALS,630,1,164,0,9,24,0,106,0,1,1,25,0,1,112,0,164,1739,45,641,795,443,1739,641
ROCKDALEHIGHTOWER,406,1,113,0,0,27,0,148,0,0,0,13,0,0,93,0,212,1176,42,799,520,493,1176,799
ROCKDALEHONEY CREEK,196,0,82,0,3,29,2,141,0,0,1,25,0,1,178,0,228,625,49,883,278,608,625,883
ROCKDALELORRAINE,548,1,142,0,3,36,0,224,0,1,1,29,0,1,170,1,362,1354,61,1239,691,828,1354,1239
ROCKDALEMAGNET,257,0,89,0,3,31,1,179,1,0,2,23,0,2,185,0,305,776,55,1038,346,732,776,1038
ROCKDALEMILSTEAD,462,1,127,0,5,27,1,102,0,0,0,17,0,0,59,0,122,1530,49,526,590,333,1530,526
ROCKDALENAN,7973,12,2234,11,58,494,10,2338,9,3,16,366,2,8,2140,4,3799,23255,923,13478,10230,9247,23255,13478
ROCKDALEOLDE TOWNE,731,1,166,1,3,12,0,74,0,0,2,11,0,1,79,0,116,2424,69,513,899,298,2424,513
ROCKDALEROCKDALE,617,0,164,1,1,41,2,130,0,0,1,28,0,0,118,1,300,1713,53,867,782,622,1713,867
ROCKDALESALEM,489,0,157,0,2,23,0,100,1,0,1,13,0,1,90,1,213,1521,57,674,646,445,1521,674
ROCKDALESHEFFIELD,171,1,62,0,3,29,1,168,0,0,2,19,0,0,89,0,286,483,48,874,234,597,483,874
ROCKDALESMYRNA,707,0,167,3,4,39,2,124,1,0,1,33,0,0,169,0,211,1834,54,821,877,584,1834,821
ROCKDALEST. PIUS,446,0,107,0,1,12,0,56,0,1,1,12,0,0,84,0,95,1165,31,372,553,262,1165,372
ROCKDALESTANTON,328,0,139,1,3,31,1,202,0,0,0,23,0,0,192,0,272,1017,59,1012,468,724,1017,1012
ROCKDALETHE LAKES,255,1,77,1,5,16,0,54,0,0,1,11,1,0,68,0,112,670,43,326,334,268,670,326
SCHLEYNAN,147,3,25,1,7,74,1,223,0,1,3,23,0,0,110,0,331,401,36,1472,176,773,401,1472
SCHLEYPRECINCT ONE,147,3,25,1,7,74,1,223,0,1,3,23,0,0,110,0,331,401,36,1472,176,773,401,1472
SCREVENBAY BRANCH,30,1,14,0,2,19,0,45,0,1,0,14,0,0,42,0,115,75,7,470,45,238,75,470
SCREVENGREENHILL CHURCH,41,0,12,2,1,15,0,45,0,0,0,12,0,0,23,0,112,121,15,423,55,208,121,423
SCREVENHILTONIA,84,1,18,0,0,15,0,35,0,1,0,2,0,0,25,1,82,265,6,295,103,161,265,295
SCREVENHUNTERS,29,1,9,0,1,13,0,21,0,0,0,9,0,0,11,0,44,98,4,194,39,99,98,194
SCREVENJACKSON FIRE STATION,16,0,8,0,0,19,0,11,0,0,0,5,0,0,15,0,47,53,7,168,24,97,53,168
SCREVENJENK HILL FIRE STA,129,2,22,1,2,18,0,48,0,1,0,4,0,0,31,0,61,366,14,324,154,165,366,324
SCREVENNAN,773,10,168,4,18,144,2,382,0,3,1,71,0,0,327,1,802,2300,94,3305,955,1751,2300,3305
SCREVENNEWINGTON,84,1,15,0,1,5,0,56,0,0,0,3,0,0,28,0,115,233,3,384,100,208,233,384
SCREVENROCKY FORD,44,0,8,0,1,10,0,37,0,0,0,9,0,0,40,0,45,95,9,233,52,142,95,233
SCREVENSCREVEN REC DEPT,51,0,13,1,1,1,0,4,0,0,0,0,0,0,13,0,19,134,2,111,65,38,134,111
SCREVENSR CITIZENS CENTER,123,2,20,0,2,10,0,24,0,0,0,4,0,0,35,0,54,434,13,247,145,129,434,247
SCREVENSYLVANIA,97,2,27,0,7,17,2,50,0,0,1,8,0,0,60,0,96,318,12,413,126,241,318,413
SEMINOLENAN,475,5,81,1,11,79,1,264,1,0,3,36,1,4,248,2,758,1189,48,2345,562,1408,1189,2345
SEMINOLEPRECINCT 1,98,1,11,0,6,34,0,82,0,0,0,12,0,0,78,1,158,229,11,573,110,371,229,573
SEMINOLEPRECINCT 2,92,2,14,0,1,10,0,48,0,0,1,7,0,1,50,1,164,232,10,490,108,283,232,490
SEMINOLEPRECINCT 3,198,2,16,1,0,2,0,6,0,0,0,1,0,0,11,0,21,501,5,92,217,41,501,92
SEMINOLEPRECINCT 4,64,0,20,0,2,12,1,68,1,0,1,8,0,2,54,0,203,144,10,565,84,352,144,565
SEMINOLEPRECINCT 5,23,0,20,0,2,21,0,60,0,0,1,8,1,1,55,0,212,83,12,625,43,361,83,625
SPALDINGAMBUCS,130,0,34,1,2,23,0,122,1,1,0,13,0,0,50,0,181,347,16,672,165,393,347,672
SPALDINGBLALOCK,6,0,16,0,3,11,0,68,0,0,1,4,0,0,32,0,100,44,12,368,22,219,44,368
SPALDINGBOY SCOUTS HDQTRS,74,0,37,0,4,63,0,155,1,0,1,24,0,1,113,1,235,267,25,867,111,598,267,867
SPALDINGCABIN,55,0,29,2,2,47,0,161,0,0,3,7,0,1,61,0,266,151,25,927,86,548,151,927
SPALDINGCARVER,164,0,27,0,1,48,0,116,0,0,2,7,0,1,86,1,191,380,27,796,191,453,380,796
SPALDINGCITY PARK,265,0,32,0,1,10,0,24,0,0,0,2,0,0,13,0,66,839,15,221,297,116,839,221
SPALDINGCOMMUNITY,300,1,27,0,0,5,0,19,1,0,1,0,0,0,12,0,22,759,16,123,328,60,759,123
SPALDINGCOUNTY LINE,46,4,34,1,4,46,0,225,2,0,0,16,0,2,140,0,384,171,41,1261,85,819,171,1261
SPALDINGFAIRMONT,284,1,24,0,1,6,0,9,0,0,0,3,0,0,7,0,16,855,11,72,309,42,855,72
SPALDINGFIRST ASSEMBLY,142,1,57,0,3,62,1,208,1,0,2,21,0,2,133,0,337,405,39,1248,200,770,405,1248
SPALDINGFIRST METHODIST,57,2,46,0,8,60,0,142,1,0,1,37,0,3,167,1,211,227,42,883,105,631,227,883
SPALDINGFIRST PRESBYTERIA,148,0,48,0,2,58,1,140,0,1,1,35,0,2,151,0,245,425,33,998,196,636,425,998
SPALDINGGARY REID,309,1,44,1,1,21,1,92,0,1,0,5,0,1,58,1,155,837,27,611,355,336,837,611
SPALDINGLIBERTY,55,1,36,1,2,41,0,106,0,0,0,11,0,1,65,2,210,177,18,766,93,438,177,766
SPALDINGNAN,3132,18,820,13,66,774,9,2436,11,3,20,422,0,21,1938,7,4257,9357,597,15646,3983,9964,9357,15646
SPALDINGROBERTS,74,1,38,1,3,59,2,157,0,0,2,13,0,1,91,0,334,219,20,1085,114,662,219,1085
SPALDINGSECOND BAPTISH CH,245,3,23,1,0,4,0,13,0,0,0,0,0,0,9,0,20,741,8,101,272,46,741,101
SPALDINGSUNNYSIDE METHODI,82,0,36,1,3,32,0,140,0,0,1,20,0,0,42,0,210,235,33,722,119,448,235,722
SPALDINGTHIRD WARD,30,0,39,0,5,38,0,94,0,0,2,33,0,2,132,0,184,180,38,634,69,490,180,634
STEPHENSNAN,460,10,284,4,75,373,8,885,4,3,9,157,0,6,921,1,1730,1837,243,7686,758,4172,1837,7686
STEPHENSSENIOR CENTER,460,10,284,4,75,373,8,885,4,3,9,157,0,6,921,1,1730,1837,243,7686,758,4172,1837,7686
STEWARTLOUVALE,53,0,2,0,0,1,0,11,0,0,0,0,0,0,4,0,17,124,3,79,55,33,124,79
STEWARTLUMPKIN,185,0,19,0,1,9,0,38,0,0,1,4,0,0,17,0,71,470,15,304,204,141,470,304
STEWARTNAN,460,1,46,4,2,22,1,85,0,0,2,14,1,4,37,0,213,1222,28,805,511,381,1222,805
STEWARTOMAHA,38,1,6,1,0,3,0,0,0,0,0,0,0,0,2,0,23,79,3,75,46,28,79,75
STEWARTRICHLAND,184,0,19,3,1,9,1,36,0,0,1,10,1,4,14,0,102,549,7,347,206,179,549,347
SUMTERAG CENTER,193,1,33,0,4,43,0,86,0,0,1,17,0,1,60,0,198,497,15,784,227,410,497,784
SUMTERAIRPORT,208,0,28,0,0,27,0,112,0,0,1,19,0,0,97,0,146,501,25,674,236,402,501,674
SUMTERANDERSONVILLE,28,0,7,0,0,16,0,29,0,0,1,2,0,0,14,0,62,71,2,218,35,124,71,218
SUMTERCHAMBLISS,89,0,13,0,2,18,0,55,0,0,0,9,0,0,46,0,128,218,8,438,102,258,218,438
SUMTERCONCORD,15,0,7,0,1,11,0,46,0,0,0,0,0,0,15,0,61,35,4,226,22,134,35,226
SUMTERGSW CONF CENTER,196,1,127,1,5,60,0,106,1,0,1,36,1,1,142,0,227,774,45,1051,325,580,774,1051
SUMTERLESLIE,178,0,18,1,1,13,1,95,1,0,2,10,0,1,59,1,222,394,21,680,197,406,394,680
SUMTERNAN,1960,9,404,6,17,235,3,690,3,2,10,115,1,4,548,1,1381,5520,178,5276,2379,3010,5520,5276
SUMTERPLAINS,137,3,32,2,1,20,0,39,0,0,1,2,0,0,30,0,122,339,11,349,174,215,339,349
SUMTERREC DEPT,439,2,59,1,0,8,0,45,1,2,0,7,0,0,33,0,62,1276,17,254,501,158,1276,254
SUMTERREES PARK,410,1,64,1,1,13,2,45,0,0,2,10,0,0,37,0,98,1216,25,376,476,208,1216,376
SUMTERTHOMSON,67,1,16,0,2,6,0,32,0,0,1,3,0,1,15,0,55,199,5,226,84,115,199,226
TALBOTBOX SPRINGS,48,0,8,0,0,4,0,33,0,0,0,3,0,4,4,0,51,121,6,166,56,99,121,166
TALBOTFLINT HILL,236,0,25,0,1,17,0,41,0,0,0,8,0,0,24,0,72,464,15,275,261,163,464,275
TALBOTGENEVA,79,0,21,1,0,11,0,20,0,0,0,1,0,0,8,0,33,215,3,129,101,73,215,129
TALBOTJUNCTION CITY,91,0,9,0,0,1,0,12,0,0,0,0,0,0,5,0,35,207,7,106,100,53,207,106
TALBOTNAN,852,2,120,9,2,54,0,162,0,0,1,24,0,4,73,0,368,2002,46,1196,983,688,2002,1196
TALBOTONEAL,101,0,13,1,0,7,0,25,0,0,0,6,0,0,10,0,43,230,3,171,115,91,230,171
TALBOTTALBOTTON,173,2,22,3,0,3,0,6,0,0,1,4,0,0,5,0,39,488,6,106,200,58,488,106
TALBOTVALLEY,124,0,22,4,1,11,0,25,0,0,0,2,0,0,17,0,95,277,6,243,150,151,277,243
TALIAFERRONAN,236,1,35,1,5,8,0,48,0,0,0,10,0,0,24,0,102,545,3,349,273,197,545,349
TALIAFERROSHARON,41,0,12,0,3,2,0,20,0,0,0,3,0,0,3,0,23,114,0,80,53,54,114,80
TATTNALLCOBBTOWN,18,0,8,0,2,14,0,43,0,0,0,3,0,0,31,0,96,78,6,343,26,189,78,343
TATTNALLCOLLINS,73,0,14,1,3,21,0,92,0,0,1,7,0,0,64,0,132,192,7,656,88,320,192,656
TATTNALLDISTRICT II,176,0,35,1,6,32,1,114,0,0,3,14,0,1,89,0,188,453,25,878,212,448,453,878
TATTNALLDISTRICT IV,121,5,38,0,2,30,1,154,0,0,1,21,0,0,98,1,232,459,21,1027,164,540,459,1027
TATTNALLDISTRICT V,15,0,12,1,3,16,0,87,0,0,0,10,0,0,38,0,135,84,9,558,28,289,84,558
TATTNALLEAST GLENNVILLE,71,1,26,1,4,46,0,167,0,0,1,25,0,0,118,0,226,235,32,1203,99,587,235,1203
TATTNALLMANASSAS,10,0,6,0,1,2,0,25,0,1,1,3,0,0,4,0,29,43,1,124,16,66,43,124
TATTNALLNAN,518,6,154,4,23,166,2,726,0,1,7,84,0,1,458,1,1089,1681,109,5096,682,2558,1681,5096
TATTNALLSHILOH,34,0,15,0,2,5,0,44,0,0,0,1,0,0,16,0,51,137,8,307,49,119,137,307
TAYLOR#1 BUTLER FIRE DEPT.,197,2,11,1,0,3,0,7,0,0,0,1,0,0,5,0,30,549,11,99,211,46,549,99
TAYLOR#5 COURTHOUSE,71,1,23,0,4,74,0,105,1,0,1,21,0,0,75,0,312,204,19,1186,95,593,204,1186
TAYLOR#6 REYNOLDS,209,1,29,0,4,46,2,92,1,2,0,7,0,0,61,1,209,543,15,779,239,425,543,779
TAYLORNAN,477,4,63,1,8,123,2,204,2,2,1,29,0,0,141,1,551,1296,45,2064,545,1064,1296,2064
TELFAIRHELENA,56,0,12,0,1,23,0,23,0,0,2,5,0,0,22,0,109,195,7,401,68,185,195,401
TELFAIRJACKSONVILLE,50,1,13,0,2,10,0,51,0,0,1,6,0,0,21,0,58,116,0,307,64,149,116,307
TELFAIRLUMBER CITY,78,0,16,1,3,20,0,17,0,0,1,1,0,1,17,0,114,283,1,348,95,174,283,348
TELFAIRMCRAE,206,2,31,3,2,58,0,55,1,0,3,24,0,0,80,0,184,612,14,762,242,407,612,762
TELFAIRMILAN,19,0,18,1,1,20,1,51,0,0,2,15,0,0,17,0,121,62,5,474,38,228,62,474
TELFAIRNAN,426,3,91,5,9,133,1,212,1,0,10,51,0,1,171,0,626,1313,32,2450,525,1215,1313,2450
TELFAIRSCOTLAND,17,0,1,0,0,2,0,15,0,0,1,0,0,0,14,0,40,45,5,158,18,72,45,158
TERRELLBRONWOOD,112,0,13,1,1,9,1,33,0,0,1,4,1,0,19,0,97,258,7,290,126,166,258,290
TERRELLDAWSON,464,2,49,1,2,23,1,63,0,1,4,7,0,2,40,0,137,1395,14,427,516,280,1395,427
TERRELLGRAVES,47,0,7,0,2,10,0,32,0,0,1,2,0,2,19,0,94,129,2,258,54,162,129,258
TERRELLHEROD-DOVER,24,0,5,0,1,3,1,22,0,0,0,0,0,0,5,0,37,83,3,106,29,69,83,106
TERRELLNAN,804,2,106,2,8,71,3,249,0,1,7,30,1,4,138,0,649,2267,40,1874,914,1161,2267,1874
TERRELLPARROTT,48,0,11,0,1,6,0,21,0,0,0,1,0,0,15,0,70,116,3,183,59,114,116,183
TERRELLSASSER,109,0,21,0,1,20,0,78,0,0,1,16,0,0,40,0,214,286,11,610,130,370,286,610
THOMASBARWICK,24,0,4,0,1,15,0,54,0,0,0,7,0,0,15,0,79,98,5,330,28,171,98,330
THOMASBOSTON,142,1,29,1,2,31,0,55,0,0,1,6,0,1,50,0,146,495,5,539,173,292,495,539
THOMASCENTRAL,183,0,53,0,14,110,0,184,0,0,3,31,0,1,150,0,252,654,38,1366,236,745,654,1366
THOMASCOOLIDGE,45,0,15,1,2,15,1,61,0,0,0,0,0,0,41,0,125,136,22,403,61,245,136,403
THOMASDOUGLASS,293,0,52,0,1,9,1,17,0,0,0,4,0,0,24,0,41,1004,20,208,345,97,1004,208
THOMASELLABELLE,38,1,25,0,1,24,1,90,0,0,1,13,0,0,43,1,185,126,11,629,64,359,126,629
THOMASFIRE STATION 2,78,0,16,0,3,39,2,113,0,0,1,30,0,0,125,0,162,237,23,742,94,475,237,742
THOMASGATLIN CREEK,61,0,34,1,4,71,0,149,2,0,1,19,0,2,78,0,285,259,36,1051,96,611,259,1051
THOMASHARPER,277,0,38,1,2,16,0,39,1,0,1,14,0,0,46,0,40,918,18,282,316,159,918,282
THOMASJERGER,118,3,30,2,14,40,0,98,1,0,2,66,1,0,193,2,153,459,39,799,153,570,459,799
THOMASMEIGS,67,0,7,1,3,15,1,39,0,0,0,1,0,0,23,0,76,246,2,267,75,158,246,267
THOMASMERRILLVILLE,40,0,12,0,1,25,0,35,0,0,1,6,0,0,26,1,85,140,9,317,52,180,140,317
THOMASMETCALFE,12,0,4,0,0,13,0,19,0,0,1,2,0,0,12,0,39,61,2,151,16,86,61,151
THOMASNAN,2054,11,551,9,72,669,6,1557,8,0,20,316,3,10,1307,4,2651,7142,368,11228,2625,6623,7142,11228
THOMASNEW COVENANT,84,0,29,1,5,57,0,150,0,0,0,25,0,2,81,0,262,294,32,979,114,582,294,979
THOMASOCHLOCKNEE,39,0,13,0,2,28,0,72,0,0,2,7,0,0,38,0,156,120,10,591,52,305,120,591
THOMASPATTEN,12,1,0,0,1,16,0,45,0,0,0,3,0,0,27,0,48,44,3,226,13,140,44,226
THOMASPAVO,26,1,7,0,1,21,0,52,0,0,0,5,0,0,34,0,102,83,9,348,34,215,83,348
THOMASREMINGTON ESC,102,2,57,0,5,56,0,101,0,0,2,34,1,1,104,0,175,467,34,869,161,479,467,869
THOMASRESOURCE CENTER,289,1,45,1,0,5,0,3,1,0,0,1,1,0,14,0,12,770,6,69,336,37,770,69
THOMASSCOTT,124,1,81,0,10,63,0,181,3,0,4,42,0,3,183,0,228,531,44,1062,206,717,531,1062
TIFTBRIGHTON,55,0,22,2,9,60,3,195,1,0,4,40,0,0,106,0,373,210,31,1306,79,791,210,1306
TIFTBROOKFIELD,28,0,12,0,4,20,0,111,0,0,0,6,0,0,51,1,243,104,15,784,40,436,104,784
TIFTCHULA,36,1,8,0,6,42,0,127,0,0,2,18,0,1,106,0,231,129,10,814,45,533,129,814
TIFTDOCIA,18,0,8,0,0,24,0,90,0,0,2,17,0,0,78,0,189,76,11,658,26,400,76,658
TIFTELDORADO,15,0,13,0,3,22,0,87,0,0,2,11,0,1,63,0,172,79,9,645,28,361,79,645
TIFTMOTT-LITTMAN GYM,337,4,32,1,1,13,0,16,0,0,1,1,0,0,10,0,63,1116,19,223,374,105,1116,223
TIFTNAN,1158,11,345,11,47,437,6,1288,2,0,20,226,1,4,924,5,2706,4347,244,9584,1525,5666,4347,9584
TIFTOMEGA,20,0,9,0,2,20,0,49,0,0,2,2,0,0,23,0,90,89,11,329,29,188,89,329
TIFTTIFTON LODGE,127,1,60,2,5,62,1,189,0,0,1,36,1,0,132,0,367,537,38,1346,190,794,537,1346
TIFTTIFTON NORTHEAST,130,2,66,2,5,51,0,155,1,0,0,49,0,0,128,2,329,601,39,1155,200,720,601,1155
TIFTTIFTON NORTHWEST,122,2,84,2,7,88,2,193,0,0,4,31,0,1,155,1,381,479,39,1457,210,863,479,1457
TIFTTIFTON SOUTH,222,0,24,1,2,16,0,24,0,0,1,8,0,1,28,0,91,765,7,313,247,171,765,313
TIFTTY TY,48,1,7,1,3,19,0,52,0,0,1,7,0,0,44,1,177,162,15,554,57,304,162,554
TOOMBS15361 LYONS,98,1,42,3,5,75,3,197,0,1,3,22,1,1,142,0,316,488,36,1453,144,766,488,1453
TOOMBS39 NEW BRANCH,30,0,9,0,2,35,0,107,0,0,2,15,0,1,57,1,184,92,13,721,39,404,92,721
TOOMBS43 CEDAR CROSSING,12,0,13,0,7,23,0,81,0,0,4,6,0,0,59,0,191,71,13,718,25,371,71,718
TOOMBS513 V.P.D.,231,1,69,1,9,130,2,325,0,0,4,54,0,2,331,0,503,975,65,2394,302,1360,975,2394
TOOMBS514 S.T.I.A.L.C,193,3,33,1,8,83,0,152,0,0,3,22,1,0,139,0,321,712,31,1329,230,729,712,1329
TOOMBSNAN,564,5,166,5,31,346,5,862,0,1,16,119,2,4,728,1,1515,2338,158,6615,740,3630,2338,6615
TOWNSHIAWASSEE,118,3,69,2,2,54,2,188,1,0,1,73,0,3,220,0,498,394,45,1775,192,1042,394,1775
TOWNSMACEDONIA,88,2,70,2,4,59,1,235,2,1,3,58,0,1,202,0,435,346,41,1881,162,1001,346,1881
TOWNSNAN,317,7,270,5,10,197,3,592,4,1,4,169,0,9,611,0,1369,1210,146,5383,599,2969,1210,5383
TOWNSTATE CITY,1,0,0,0,1,1,0,2,0,0,0,3,0,0,4,0,8,4,1,21,1,19,4,21
TOWNSYOUNG HARRIS,110,2,131,1,3,83,0,167,1,0,0,35,0,5,185,0,428,466,59,1706,244,907,466,1706
TREUTLENANNEX,41,2,14,3,2,36,0,124,0,0,2,4,0,0,43,0,273,146,12,1198,60,484,146,1198
TREUTLENNAN,302,3,58,4,6,67,1,186,0,1,3,9,0,0,98,1,439,862,32,1809,367,811,862,1809
TREUTLENSOPERTON,261,1,44,1,4,31,1,62,0,1,1,5,0,0,55,1,166,716,20,611,307,327,716,611
TROUPADMINISTRATION BLDG,457,2,91,1,8,40,1,54,0,0,5,16,1,0,77,0,154,1347,51,572,551,356,1347,572
TROUPEAST VERNON,129,4,66,2,5,80,4,203,3,0,0,40,0,3,176,0,497,399,54,1660,201,1011,399,1660
TROUPGARDNER NEWMAN,153,0,37,1,0,31,0,102,0,0,3,10,0,0,78,0,183,451,21,756,191,407,451,756
TROUPGRAY HILL,133,2,30,2,2,34,0,98,0,0,6,11,0,2,46,1,286,304,29,849,167,486,304,849
TROUPGRIGGS CENTER,476,3,53,3,2,3,0,8,0,1,0,0,0,1,7,0,13,1146,15,64,535,35,1146,64
TROUPHAMMETT RD,466,2,93,2,6,62,1,123,2,1,2,14,0,1,96,0,253,1270,47,974,563,561,1270,974
TROUPHIGHLAND,171,0,36,0,2,17,0,53,0,0,1,2,0,0,36,0,131,463,22,461,207,242,463,461
TROUPHOGANSVILLE,211,3,60,2,5,48,3,132,1,0,5,13,0,2,79,0,297,627,29,1092,276,585,627,1092
TROUPHOLLIS HAND,129,2,71,1,10,96,2,269,0,0,0,121,0,1,408,1,433,585,78,1801,203,1341,585,1801
TROUPLONG CANE,178,0,53,2,6,104,4,247,0,0,3,29,0,1,164,0,421,503,38,1600,233,979,503,1600
TROUPMCLENDON,156,1,67,2,5,101,0,275,1,1,1,43,0,1,155,2,454,469,67,1799,226,1039,469,1799
TROUPMOUNTVILLE,130,1,39,0,2,51,0,118,0,0,1,11,0,1,76,1,226,391,21,771,170,487,391,771
TROUPNAN,3382,23,859,25,70,836,20,2242,9,4,35,395,1,14,1787,6,4161,9713,561,15750,4289,9580,9713,15750
TROUPNORTHSIDE,182,2,55,5,6,59,3,194,0,0,4,48,0,1,197,1,205,631,38,997,244,718,631,997
TROUPROSEMONT,117,1,59,2,11,86,2,312,0,0,2,34,0,0,159,0,509,348,40,1958,179,1115,348,1958
TROUPWEST POINT,294,0,49,0,0,24,0,54,2,1,2,3,0,0,33,0,99,779,11,396,343,218,779,396
TURNERASHBURN,291,3,65,0,2,32,1,104,0,0,1,14,0,2,60,0,283,1081,34,920,359,499,1081,920
TURNERNAN,330,4,81,3,5,82,2,247,0,0,2,31,0,5,120,0,653,1246,53,2095,418,1147,1246,2095
TURNERREBECCA,12,0,2,1,0,8,0,30,0,0,1,0,0,0,13,0,88,39,3,259,15,140,39,259
TURNERSYCAMORE,27,1,14,2,3,42,1,113,0,0,0,17,0,3,47,0,282,126,16,916,44,508,126,916
TWIGGSDRY BRANCH,74,0,13,0,0,14,0,85,0,0,0,9,0,1,29,0,174,200,11,660,87,312,200,660
TWIGGSGOLDEN ISLES,285,2,30,2,1,10,0,51,1,1,1,8,0,0,23,0,124,631,10,434,319,220,631,434
TWIGGSHIGGSVILLE,44,1,13,0,1,4,0,38,0,0,0,7,0,0,28,0,116,138,14,342,58,194,138,342
TWIGGSJEFFERSONVILLE/WARE,289,2,38,3,1,13,1,50,0,0,1,8,0,1,22,0,119,698,9,354,332,216,698,354
TWIGGSNAN,819,6,118,5,3,50,1,266,1,1,2,35,0,2,124,0,594,1971,50,2035,948,1079,1971,2035
TWIGGSSHADY GROVE/TARVERS,127,1,24,0,0,9,0,42,0,0,0,3,0,0,22,0,61,304,6,245,152,137,304,245
UNIONBLAIRSVILLE,70,3,55,0,3,56,0,151,0,1,1,42,0,0,106,1,306,252,29,1264,128,667,252,1264
UNIONCHOESTOE,42,1,20,0,1,32,0,121,1,0,1,24,0,1,76,0,200,122,14,713,63,457,122,713
UNIONCOOSA,55,4,47,1,8,50,0,157,0,0,4,28,0,3,133,0,327,210,27,1239,107,710,210,1239
UNIONDOOLEY,58,0,29,1,2,33,0,114,0,0,0,24,0,1,69,0,222,187,16,753,88,465,187,753
UNIONGUMLOG,36,1,40,2,6,50,1,160,1,0,2,22,0,1,121,1,273,179,24,1085,79,638,179,1085
UNIONIVY LOG,57,3,41,2,6,39,2,142,2,0,2,29,0,1,90,0,283,189,27,997,103,596,189,997
UNIONJONES CREEK,63,2,53,0,4,39,0,167,0,0,1,23,0,3,120,0,277,191,20,1020,118,634,191,1020
UNIONNAN,574,17,418,10,38,414,6,1414,7,1,14,270,1,12,1037,2,2692,1963,229,9852,1019,5908,1963,9852
UNIONOWLTOWN,66,1,45,0,2,29,2,114,1,0,0,21,0,2,105,0,232,190,28,825,112,508,190,825
UNIONPAT COLWELL,73,1,43,2,4,33,1,137,1,0,0,29,1,0,125,0,300,224,21,1020,119,631,224,1020
UNIONSUCHES,9,0,20,1,0,20,0,53,1,0,2,11,0,0,32,0,100,86,15,316,30,219,86,316
UNIONTRACKROCK,45,1,25,1,2,33,0,98,0,0,1,17,0,0,60,0,172,133,8,620,72,383,133,620
UPSONNAN,1236,6,280,7,26,427,5,800,1,1,10,109,0,6,625,2,1915,3475,167,7292,1529,3927,3475,7292
UPSONREDBONE,332,1,101,4,10,225,2,411,0,1,6,42,0,4,296,1,1009,1035,71,3956,438,2007,1035,3956
UPSONSALEM,139,0,12,0,0,6,0,5,0,0,0,1,0,0,6,0,10,240,4,32,151,28,240,32
UPSONTOWN,659,3,146,3,12,156,3,301,1,0,3,63,0,2,290,0,668,1977,80,2653,811,1499,1977,2653
UPSONYATESVILLE,106,2,21,0,4,40,0,83,0,0,1,3,0,0,33,1,228,223,12,651,129,393,223,651
WALKERARMUCHEE VALLEY,38,1,21,0,1,38,0,91,0,0,1,6,0,1,58,0,218,124,16,667,60,414,124,667
WALKERCENTER POST,37,0,37,0,7,40,1,92,1,0,1,20,0,1,99,1,248,124,45,1083,74,511,124,1083
WALKERCHATTANOOGA VALLEY,163,1,148,0,6,147,2,345,1,0,3,64,0,1,352,1,578,721,138,2829,312,1500,721,2829
WALKERCHICKAMAUGA,143,2,132,4,5,187,2,341,0,1,4,62,1,6,381,1,770,578,127,3346,281,1761,578,3346
WALKERFAIRVIEW,62,1,56,1,2,43,1,135,0,0,1,15,1,1,92,0,237,307,50,1164,120,528,307,1164
WALKERFAIRYLAND,50,0,44,0,1,28,1,61,0,0,0,67,0,1,202,0,87,246,48,540,94,448,246,540
WALKERKENSINGTON,53,0,28,3,1,35,1,66,0,0,1,21,0,1,55,1,155,161,34,684,84,337,161,684
WALKERLAFAYETTE,162,3,137,5,13,131,4,276,0,1,4,48,0,5,263,2,610,631,121,2614,307,1357,631,2614
WALKERMOUNTAIN,32,0,29,1,2,34,1,65,0,0,0,19,0,0,64,0,131,132,23,566,62,316,132,566
WALKERNAN,1009,11,869,17,54,971,17,2105,2,3,25,414,2,20,2157,7,4212,4215,791,18950,1906,9989,4215,18950
WALKERROCK SPRING,122,1,107,2,13,194,2,378,0,1,4,51,0,2,377,1,660,522,97,3137,232,1683,522,3137
WALKERROSSVILLE,147,2,130,1,3,94,2,255,0,0,6,41,0,1,214,0,518,669,92,2320,280,1134,669,2320
WALTONBAY CREEK,69,1,47,1,1,71,1,364,0,0,1,20,0,2,191,0,413,262,66,1817,118,1064,262,1817
WALTONBETWEEN,145,1,79,0,7,73,1,488,0,0,3,46,0,2,318,1,563,527,91,2429,225,1502,527,2429
WALTONBLASINGAME,31,1,14,0,0,12,1,109,0,0,0,8,0,0,51,0,230,89,14,634,46,411,89,634
WALTONBOLD SPRINGS,100,0,65,0,6,81,0,474,0,0,2,50,1,5,291,0,607,410,94,2522,165,1517,410,2522
WALTONBROKEN ARROW,76,1,64,0,4,69,2,422,3,1,5,35,0,7,211,0,540,364,76,2238,141,1299,364,2238
WALTONE MONROE,218,1,50,2,2,50,2,175,0,1,3,10,0,1,90,0,288,694,43,1059,271,622,694,1059
WALTONGOOD HOPE,41,0,21,0,1,29,0,211,1,0,3,9,0,0,102,0,261,149,30,964,62,617,149,964
WALTONGRATIS,22,0,13,0,3,32,2,157,1,0,2,20,0,1,107,2,220,77,15,757,35,547,77,757
WALTONJERSEY,24,0,23,0,0,32,1,236,2,0,4,11,0,3,87,0,294,99,24,1105,47,670,99,1105
WALTONLOGANVILLE NORTH,107,1,60,2,4,91,2,416,0,1,3,33,0,3,227,0,599,536,82,2350,170,1379,536,2350
WALTONLOGANVILLE SOUTH,144,0,60,2,5,53,0,337,0,0,2,29,0,2,210,1,395,551,83,1646,206,1034,551,1646
WALTONMOUNTAIN,32,0,14,0,0,19,0,126,1,0,3,10,0,2,67,0,170,115,18,619,46,398,115,619
WALTONNAN,2315,9,971,14,69,1046,18,5889,13,9,53,539,5,44,3441,7,7919,8292,1055,31125,3309,19052,8292,31125
WALTONNORTH MONROE,404,1,92,1,6,25,0,169,1,2,1,25,1,2,104,0,220,1225,49,971,498,556,1225,971
WALTONSOCIAL CIRCLE,253,0,54,0,4,72,1,328,1,1,3,46,0,3,202,0,459,716,51,1873,307,1120,716,1873
WALTONSOUTH MONROE,145,1,72,3,9,52,0,232,0,1,2,42,0,2,215,0,398,579,79,1435,221,953,579,1435
WALTONTARA,155,0,61,1,3,40,2,233,0,1,1,20,1,1,165,1,365,696,45,1382,217,833,696,1382
WALTONW MONROE,85,0,28,0,4,35,0,226,0,0,2,27,0,0,135,0,298,223,28,1081,113,727,223,1081
WALTONWALKER PARK,88,0,38,0,3,75,1,368,1,0,5,31,1,1,192,1,475,312,51,1937,126,1154,312,1937
WALTONWALNUT GROVE,46,0,44,1,1,36,0,251,1,0,1,19,0,5,116,1,364,191,34,1341,91,795,191,1341
WALTONWEST WALTON,96,1,59,1,6,75,2,468,1,1,3,38,0,2,288,0,597,374,68,2353,157,1481,374,2353
WALTONWHATLEY,34,0,13,0,0,24,0,99,0,0,4,10,1,0,72,0,163,103,14,612,47,373,103,612
WARE100,502,6,86,6,7,18,0,50,0,0,1,2,0,1,21,0,87,1740,24,417,600,187,1740,417
WARE200A,109,1,59,3,13,40,1,184,0,0,2,33,0,4,141,0,228,461,46,997,172,646,461,997
WARE200B,79,0,16,1,1,8,0,17,0,0,0,0,0,0,4,1,48,262,6,192,96,79,262,192
WARE300,100,1,43,2,4,61,0,335,2,0,8,18,0,5,138,1,435,408,33,1881,146,1007,408,1881
WARE304,18,0,11,0,0,21,0,69,0,0,2,8,0,0,23,0,123,90,17,522,29,246,90,522
WARE400,63,0,30,0,4,68,2,317,2,1,2,39,1,4,165,0,444,248,30,1862,93,1049,248,1862
WARE404,6,0,7,0,1,10,0,34,0,0,0,0,0,1,14,0,62,30,4,215,13,122,30,215
WARE405,4,0,2,0,0,6,0,55,0,0,0,6,0,1,23,0,74,25,4,359,6,165,25,359
WARE406,11,0,15,1,5,37,1,162,0,0,3,10,0,0,61,0,229,84,15,927,27,508,84,927
WARE407,8,0,1,0,0,14,0,59,0,0,0,1,0,0,34,0,61,18,7,300,9,169,18,300
WARE408,7,0,4,0,3,13,0,38,0,0,0,4,0,1,17,0,75,24,9,287,11,151,24,287
WARE409,13,1,10,0,2,20,0,86,1,1,0,3,0,0,28,0,133,50,11,554,24,274,50,554
WARENAN,920,9,284,13,40,316,4,1406,5,2,18,124,1,17,669,2,1999,3440,206,8513,1226,4603,3440,8513
WARRENNAN,468,3,49,3,2,35,1,182,2,0,1,13,0,2,96,0,297,1314,28,991,523,631,1314,991
WARRENWARRENTON,468,3,49,3,2,35,1,182,2,0,1,13,0,2,96,0,297,1314,28,991,523,631,1314,991
WASHINGTONDAVISBORO,100,3,14,1,1,6,1,44,0,1,0,0,0,0,35,0,78,267,4,306,118,166,267,306
WASHINGTONDEEPSTEP,50,0,20,0,3,23,0,40,0,0,1,7,0,1,27,0,69,101,2,271,70,171,101,271
WASHINGTONHARRISON,102,0,13,1,0,16,1,54,0,0,1,6,0,1,44,0,131,231,9,423,116,254,231,423
WASHINGTONNAN,1749,6,258,12,16,183,4,486,2,5,7,78,0,3,502,1,1015,4200,98,4149,2025,2302,4200,4149
WASHINGTONOCONEE,73,0,20,0,0,10,0,29,1,0,0,1,0,0,27,0,50,174,3,201,93,118,174,201
WASHINGTONRIDDLEVILLE,49,0,7,0,2,15,1,25,0,0,0,3,0,0,25,1,66,135,7,285,56,138,135,285
WASHINGTONSANDERSVILLE,941,2,118,7,8,70,1,186,0,1,3,45,0,1,242,0,401,2194,50,1738,1068,958,2194,1738
WASHINGTONTENNILLE,338,1,55,3,2,30,0,64,1,3,0,11,0,0,70,0,162,880,18,641,397,343,880,641
WASHINGTONWARTHEN,96,0,11,0,0,13,0,44,0,0,2,5,0,0,32,0,58,218,5,284,107,154,218,284
WAYNEALTAMAHA,68,1,33,1,6,46,1,151,0,0,0,14,0,2,78,1,252,275,31,1107,103,551,275,1107
WAYNEEAST JESUP,1,0,3,0,0,4,0,12,0,0,0,0,0,0,5,0,15,9,2,84,4,36,9,84
WAYNEEMPIRE,9,0,21,3,2,23,0,83,1,0,4,8,0,1,49,0,154,46,4,624,33,325,46,624
WAYNEGARDI,12,0,10,0,1,12,0,56,0,0,2,13,0,1,29,0,84,42,10,376,22,198,42,376
WAYNEMADRAY SPRINGS,11,1,11,0,5,20,0,95,0,0,1,5,0,0,53,0,203,40,7,681,23,382,40,681
WAYNEMT. PLEASANT,2,0,2,0,1,6,0,30,0,0,0,4,0,1,14,0,64,12,2,204,4,120,12,204
WAYNENAN,702,7,236,13,42,335,5,1159,2,6,18,165,2,13,666,2,2033,2041,192,8153,958,4448,2041,8153
WAYNEODUM,23,0,10,0,3,30,0,105,0,0,1,14,0,3,52,1,201,72,12,731,33,410,72,731
WAYNEOGLETHORPE,28,1,23,2,4,49,0,132,1,2,2,29,0,0,78,0,240,110,17,946,54,537,110,946
WAYNEPINE STREET,120,0,18,1,3,19,0,33,0,0,0,15,0,2,33,0,92,280,11,322,139,197,280,322
WAYNEREC CENTER,59,1,21,3,6,33,0,111,0,0,0,26,1,1,80,0,183,206,21,696,84,441,206,696
WAYNERED HILL,27,0,8,0,1,20,0,60,0,0,2,6,1,1,29,0,104,84,15,480,35,224,84,480
WAYNERITCH,6,0,5,0,0,5,0,37,0,0,1,2,0,0,8,0,62,5,5,219,11,115,5,219
WAYNESCREVEN,68,1,15,2,5,24,1,113,0,0,4,10,0,0,61,0,148,156,7,714,86,366,156,714
WAYNEUNITY,88,0,27,0,5,37,3,131,0,0,1,19,0,1,87,0,203,275,36,870,115,487,275,870
WAYNEVFW,180,2,29,1,0,7,0,10,0,4,0,0,0,0,10,0,28,429,12,99,212,59,429,99
WEBSTERNAN,170,0,18,2,2,24,3,85,0,0,3,14,0,1,46,0,191,473,13,630,190,369,473,630
WEBSTERPRESTON 1,170,0,18,2,2,24,3,85,0,0,3,14,0,1,46,0,191,473,13,630,190,369,473,630
WHEELERALAMO,104,0,13,0,2,29,0,74,0,1,3,8,0,0,49,0,184,398,16,831,117,350,398,831
WHEELERGLENWOOD,73,0,13,3,2,32,1,42,0,0,0,7,0,1,31,0,99,248,19,590,89,215,248,590
WHEELERNAN,177,0,26,3,4,61,1,116,0,1,3,15,0,1,80,0,283,646,35,1421,206,565,646,1421
WHITEBLUE CREEK,64,0,57,1,2,47,0,182,1,0,1,35,0,2,151,0,340,232,36,1179,122,761,232,1179
WHITEBLUE RIDGE,18,1,16,1,1,23,0,65,0,0,1,10,1,0,48,0,141,60,13,425,36,290,60,425
WHITEHELEN,29,0,23,1,0,7,0,25,0,0,0,9,0,2,29,0,101,78,13,264,53,173,78,264
WHITEMOSSY CREEK,60,0,43,0,3,77,2,276,1,0,4,30,0,1,151,0,375,183,45,1519,103,920,183,1519
WHITEMT. YONAH,97,4,89,1,5,92,2,293,2,0,4,44,0,2,226,0,570,384,70,2084,191,1240,384,2084
WHITENACOOCHEE,90,0,80,0,2,28,0,121,0,0,1,32,0,2,126,0,217,257,37,744,170,529,257,744
WHITENAN,499,7,440,5,24,421,7,1514,5,0,21,233,1,11,1049,0,2721,1674,348,9761,951,6007,1674,9761
WHITEROBERTSTOWN,16,0,17,0,0,9,0,13,0,0,1,6,0,0,23,0,54,48,8,173,33,106,48,173
WHITESHOAL CREEK,34,1,42,1,1,56,1,179,0,0,2,15,0,1,98,0,297,153,42,1128,78,650,153,1128
WHITETESNATEE,28,0,16,0,3,22,0,82,1,0,1,13,0,0,68,0,175,97,22,550,44,365,97,550
WHITETOWN CREEK,33,1,37,0,4,32,1,140,0,0,0,24,0,1,54,0,178,99,37,768,71,434,99,768
WHITEWHITE CREEK,30,0,20,0,3,28,1,138,0,0,6,15,0,0,75,0,273,83,25,927,50,539,83,927
WHITFIELD1A,94,3,71,1,2,27,1,45,0,0,1,15,0,1,82,0,138,494,49,569,169,312,494,569
WHITFIELD2A,111,1,98,0,2,67,2,119,0,1,1,66,1,2,257,0,306,503,76,1260,210,824,503,1260
WHITFIELD3A,82,0,64,1,3,54,0,73,0,0,2,54,0,3,218,0,243,399,43,849,147,650,399,849
WHITFIELD4A,97,1,94,2,1,69,0,88,0,0,0,64,0,1,269,1,293,531,61,1096,194,786,531,1096
WHITFIELD5A,116,2,76,0,1,11,0,14,0,0,0,4,0,1,12,0,70,612,27,233,194,113,612,233
WHITFIELD6A,77,0,37,1,2,10,0,11,0,0,0,1,0,0,21,0,53,476,25,186,115,98,476,186
WHITFIELDAN,71,1,50,0,0,24,0,41,0,0,0,10,0,0,30,0,152,471,32,540,122,257,471,540
WHITFIELDCA,31,0,17,1,3,32,0,99,1,1,1,5,1,1,56,0,219,142,22,789,49,419,142,789
WHITFIELDCO,46,0,26,1,1,46,0,75,0,0,2,10,0,1,56,0,171,140,17,647,73,362,140,647
WHITFIELDDG,78,0,89,2,3,82,0,176,0,0,3,39,0,2,202,0,366,500,69,1372,169,873,500,1372
WHITFIELDES,57,0,37,0,1,22,0,39,0,0,0,8,0,0,45,0,168,267,26,532,94,283,267,532
WHITFIELDFI,81,0,49,2,4,42,0,89,0,0,1,6,0,1,62,0,278,315,29,825,132,483,315,825
WHITFIELDGL,62,0,74,0,2,48,0,78,2,0,0,13,1,1,100,0,202,466,34,810,136,447,466,810
WHITFIELDLT,19,0,17,0,4,29,0,66,0,0,0,8,0,0,61,1,164,76,14,610,36,333,76,610
WHITFIELDMC,29,0,38,0,1,60,1,73,0,0,2,14,0,3,96,1,233,118,28,848,67,484,118,848
WHITFIELDNAN,1539,19,1311,19,71,1139,10,2299,4,2,23,556,5,32,2674,5,5958,7937,924,21537,2888,12778,7937,21537
WHITFIELDNI,44,0,46,1,7,67,1,155,0,0,2,8,0,2,72,0,350,222,36,1164,91,664,222,1164
WHITFIELDPG,113,4,106,1,11,122,3,209,1,0,1,50,0,1,241,1,566,693,84,2039,224,1206,693,2039
WHITFIELDTH,87,1,96,3,2,74,0,184,0,0,0,28,0,3,151,0,475,383,61,1748,187,917,383,1748
WHITFIELDTI,13,0,23,0,3,9,0,47,0,0,1,6,0,1,22,0,113,65,8,356,36,202,65,356
WHITFIELDTR,22,1,28,1,1,36,0,139,0,0,1,12,0,0,68,0,220,104,23,760,52,477,104,760
WHITFIELDUT,18,2,22,0,1,24,0,55,0,0,0,15,1,0,55,0,126,67,13,501,42,277,67,501
WHITFIELDVA,118,3,91,1,7,125,1,271,0,0,3,77,1,4,309,1,710,581,90,2520,213,1509,581,2520
WHITFIELDWS,73,0,62,1,9,59,1,153,0,0,2,43,0,4,189,0,342,312,57,1283,136,802,312,1283
WILCOXABBEVILLE NORTH 2,35,0,5,1,0,3,0,15,0,0,0,0,0,0,9,0,35,112,3,155,41,62,112,155
WILCOXABBEVILLE SOUTH 5,39,0,7,1,4,18,1,72,0,0,3,4,0,1,32,0,181,145,6,572,47,316,145,572
WILCOXNAN,303,2,41,3,7,59,2,292,0,0,5,18,0,2,104,0,603,852,25,2096,349,1092,852,2096
WILCOXPINEVIEW 2,82,0,10,0,0,8,0,39,0,0,0,6,0,0,16,0,49,165,5,240,92,118,165,240
WILCOXPITTS 3,16,0,7,1,1,7,1,78,0,0,1,2,0,0,19,0,144,69,8,479,24,253,69,479
WILCOXROCHELLE NORTH 1,92,1,5,0,0,1,0,7,0,0,0,1,0,1,3,0,17,262,0,59,98,30,262,59
WILCOXROCHELLE SOUTH 4,39,1,7,0,2,22,0,81,0,0,1,5,0,0,25,0,177,99,3,591,47,313,99,591
WILKESCOURTHOUSE,64,1,28,3,4,15,0,55,2,1,1,9,0,0,66,0,133,234,6,463,96,286,234,463
WILKESEDWARD B POPE CENTER,160,2,16,2,0,9,0,23,1,0,0,2,0,0,20,0,36,431,12,181,180,91,431,181
WILKESMETASVILLE FIRE STATION,40,0,10,0,1,13,0,33,0,0,1,3,0,0,21,0,93,95,3,285,50,165,95,285
WILKESNAN,702,4,141,8,9,95,2,332,3,1,4,48,0,3,279,1,734,1848,57,2572,855,1511,1848,2572
WILKESRAYLE CITY HALL,55,0,16,1,0,5,0,41,0,0,0,9,0,0,16,0,72,125,9,237,72,143,125,237
WILKESSENIOR CITIZEN CENTER,229,0,37,1,1,11,1,41,0,0,0,2,0,1,43,0,104,564,6,358,267,204,564,358
WILKESTIGNALL SCH LUNCH RM,100,1,18,1,1,22,0,41,0,0,2,4,0,1,28,0,98,237,5,363,120,197,237,363
WILKESYOUNG FARMER'S BLDG,54,0,16,0,2,20,1,98,0,0,0,19,0,1,85,1,198,162,16,685,70,425,162,685
WILKINSONBLOODWORTH,5,1,3,0,1,19,1,29,0,0,1,1,0,0,23,0,59,15,4,256,9,134,15,256
WILKINSONGRIFFIN,15,0,1,1,1,7,0,11,0,0,1,0,0,0,9,0,30,22,3,99,17,59,22,99
WILKINSONHIGH HILL,8,0,2,0,0,1,0,34,0,0,0,0,0,1,6,0,20,21,2,95,10,62,21,95
WILKINSONIRWINTON,172,0,22,3,0,8,0,44,0,0,1,2,0,0,19,1,61,301,9,237,197,136,301,237
WILKINSONIVEY,11,0,14,2,4,28,0,55,0,0,1,7,1,0,29,0,117,55,5,490,27,242,55,490
WILKINSONLORD,119,2,13,0,1,8,0,53,0,0,0,8,0,1,16,0,62,228,2,255,134,149,228,255
WILKINSONMIDWAY,198,1,38,0,0,5,0,15,0,0,1,0,0,0,7,0,38,530,4,129,237,66,530,129
WILKINSONNAN,832,6,155,6,10,115,1,333,0,0,8,34,1,4,166,1,611,1894,51,2333,999,1284,1894,2333
WILKINSONRAMAH,266,2,52,0,3,27,0,63,0,0,2,13,0,2,38,0,165,629,15,570,320,313,629,570
WILKINSONTURKEY CREEK,38,0,10,0,0,12,0,29,0,0,1,3,0,0,19,0,59,93,7,202,48,123,93,202
WORTHBRIDGEBORO,46,0,15,0,6,20,0,88,1,0,1,6,0,3,29,0,179,110,14,639,61,333,110,639
WORTHCOUNTY LINE,17,1,18,0,1,9,0,43,0,0,0,3,0,0,11,0,116,64,9,358,36,183,64,358
WORTHDOLES,5,0,3,0,1,9,0,37,0,0,0,0,0,0,12,0,81,26,4,252,8,140,26,252
WORTHISABELLA,35,2,9,1,3,29,1,137,0,0,1,11,0,1,60,0,248,94,12,806,47,491,94,806
WORTHMINTON,3,0,3,0,2,10,0,36,0,0,0,10,0,0,11,0,127,27,1,314,6,196,27,314
WORTHNAN,686,6,166,5,38,220,5,834,3,0,10,91,2,7,325,1,1895,2020,108,6152,863,3431,2020,6152
WORTHOAKFIELD,24,0,3,0,1,4,0,13,0,0,0,0,0,0,6,0,28,45,1,91,27,52,45,91
WORTHPINEY WOODS,25,1,4,1,0,9,0,20,0,0,0,0,0,0,2,0,34,72,3,113,31,65,72,113
WORTHPOULAN,19,0,17,0,5,12,1,55,0,0,2,7,0,0,25,0,123,93,2,436,36,230,93,436
WORTHRED ROCK,52,1,13,0,0,19,1,72,0,0,1,5,0,1,21,0,146,135,8,523,66,266,135,523
WORTHSCOOTERVILLE,5,0,3,0,0,7,0,42,0,0,0,4,0,0,20,1,108,22,0,339,8,182,22,339
WORTHSHINGLER,19,0,8,1,3,12,0,50,0,0,0,4,0,1,20,0,111,47,4,337,28,201,47,337
WORTHSUMNER,27,0,6,0,1,22,0,56,0,0,1,1,0,0,10,0,135,91,3,418,33,226,91,418
WORTHSYLVER EAST,46,1,16,1,7,36,0,83,1,0,2,17,1,1,51,0,188,162,25,664,64,387,162,664
WORTHSYLVESTER,314,0,38,1,6,14,1,82,1,0,2,16,1,0,26,0,154,905,16,562,353,303,905,562
WORTHWARWICK,49,0,10,0,2,8,1,20,0,0,0,7,0,0,21,0,117,127,6,300,59,176,127,300
