precinct_code,gen_dem_ADAMS,gen_dem_CLINTON,gen_dem_PENDLETON,gen_dem_TERRY,gen_dem_THOMAS,gen_grn_STEIN,gen_ind_BOLAR,gen_ind_BOYLES,gen_ind_BROWN,gen_ind_BUCHANAN,gen_ind_CARLISLE,gen_ind_CASTLE,gen_ind_DUNCAN,gen_ind_EDGELL,gen_ind_FLIPPIN,gen_ind_FOX,gen_ind_FUENTE,gen_ind_HARTNELL,gen_ind_HEDGES,gen_ind_HOEFLING,gen_ind_II,gen_ind_JR.,gen_ind_KAHN,gen_ind_KEITA,gen_ind_KOTLIKOFF,gen_ind_LASH,gen_ind_LIBRACE,gen_ind_LOCKE,gen_ind_MALDANADO,gen_ind_MATUREN,gen_ind_MCMULLIN,gen_ind_MOREAU,gen_ind_OLKOWSKI,gen_ind_PUSKAR,gen_ind_RIVA,gen_ind_SCHOENKE,gen_ind_SCHRINER,gen_ind_SMITH,gen_ind_SOLDJAH,gen_ind_SOLTYSIK,gen_ind_SR,gen_ind_SYMONETTE,gen_ind_VAKIL,gen_ind_VALDIVIA,gen_ind_VOGEL-WALCUTT,gen_ind_WHITE,gen_ind_WILLIAMS,gen_ind_WYSINGER,gen_lib_JOHNSON,gen_rep_BORING,gen_rep_BREIVOGEL,gen_rep_GATES,gen_rep_MCCARTHY,gen_rep_REID,gen_rep_TRUMP,pri_dem_CLINTON,pri_dem_FUENTE,pri_dem_SANDERS,pri_rep_BUSH,pri_rep_CARSON,pri_rep_CHRISTIE,pri_rep_CRUZ,pri_rep_FIORINA,pri_rep_HUCKABEE,pri_rep_KASICH,pri_rep_PAUL,pri_rep_RUBIO,pri_rep_SANTORUM,pri_rep_TRUMP,gen_total,rep_pri_total,dem_pri_total
ALLEGANY_001-000,0,43,0,0,0,2,0,0,0,0,0,0,0,0,0,0,0,0,0,0,0,0,0,0,0,0,0,0,0,0,1,0,0,0,0,0,0,0,0,0,0,0,0,0,0,0,0,0,6,0,0,0,0,0,350,18,0,22,2,1,0,40,0,0,21,0,0,0,118,402,182,40
ALLEGANY_002-000,0,53,0,0,0,8,0,0,0,0,0,0,0,0,0,0,0,0,0,0,0,0,0,0,0,0,0,0,0,0,1,0,0,0,0,0,0,0,0,0,0,0,0,0,0,0,0,0,14,0,0,0,0,0,380,17,0,24,0,5,2,40,0,1,17,0,3,0,126,456,194,41
ALLEGANY_003-000,0,55,0,0,0,4,0,0,0,0,0,0,0,0,0,0,0,0,0,0,0,0,0,0,0,0,0,0,0,0,0,0,0,0,0,0,0,0,0,0,0,0,0,0,0,0,0,0,5,0,0,0,0,0,370,12,2,26,0,0,0,29,0,0,26,0,1,0,113,434,169,40
ALLEGANY_004-002,0,86,0,0,0,9,0,0,0,0,0,0,0,0,0,0,0,0,0,0,0,0,0,0,0,0,0,0,0,0,0,0,0,0,0,0,0,0,0,0,0,0,0,0,0,0,0,0,13,0,0,0,0,0,166,22,0,41,1,0,0,10,0,1,1,0,1,1,48,274,63,63
ALLEGANY_004-003,0,143,0,0,0,10,0,0,0,0,0,0,0,0,0,0,0,0,0,0,0,0,0,0,0,0,0,0,0,0,2,0,0,0,0,0,0,0,0,0,0,0,0,0,0,0,0,0,14,0,0,0,0,0,305,55,1,58,0,3,1,18,0,3,11,2,0,0,109,474,147,114
ALLEGANY_004-004,0,169,0,0,0,15,0,0,0,0,0,0,0,0,0,0,0,0,0,0,0,0,0,0,0,0,0,0,0,0,1,0,0,0,0,0,0,0,0,0,0,0,0,0,0,0,0,0,16,0,0,0,0,0,465,81,0,81,0,7,0,32,0,0,34,0,2,0,148,666,223,162
ALLEGANY_004-005,0,105,0,0,0,13,0,0,0,0,0,0,0,0,0,0,0,0,0,0,0,0,0,0,0,0,0,0,0,0,0,0,0,0,0,0,0,0,0,0,0,0,0,0,0,0,0,0,9,0,0,0,0,0,257,29,1,34,0,2,0,15,1,0,14,1,1,1,70,384,105,64
ALLEGANY_004-008,0,151,0,0,0,13,0,0,0,0,0,0,0,0,0,0,0,0,0,0,0,0,0,0,0,0,0,0,0,0,3,0,0,0,0,0,0,0,0,0,0,0,0,0,0,0,0,0,24,0,0,0,0,0,409,67,3,72,2,4,1,47,0,0,19,1,3,1,122,600,200,142
ALLEGANY_005-004,0,147,0,0,0,17,0,0,0,0,0,0,0,0,0,0,0,0,0,0,0,0,0,0,0,0,0,0,0,0,0,0,0,0,0,0,0,0,0,0,0,0,0,0,0,0,0,0,18,0,0,0,0,0,341,57,0,71,0,1,1,14,1,0,25,0,0,0,119,523,161,128
ALLEGANY_005-006,0,46,0,0,0,3,0,0,0,0,0,0,0,0,0,0,0,0,0,0,0,0,0,0,0,0,0,0,0,0,0,0,0,0,0,0,0,0,0,0,0,0,0,0,0,0,0,0,10,0,0,0,0,0,232,19,1,26,0,3,2,21,0,0,5,0,2,0,71,291,104,46
ALLEGANY_006-001,0,233,0,0,0,4,0,0,0,0,0,0,0,0,0,0,0,0,0,0,0,0,0,0,0,0,0,0,0,0,2,0,0,0,0,0,0,0,0,0,0,0,0,0,0,0,0,0,17,0,0,0,0,0,282,86,2,99,3,3,1,37,0,1,41,0,1,0,119,538,206,187
ALLEGANY_006-003,0,94,0,0,0,10,0,0,0,0,0,0,0,0,0,0,0,0,0,0,0,0,0,0,0,0,0,0,0,0,0,0,0,0,1,0,0,0,0,0,0,0,0,0,0,0,0,0,12,0,0,0,0,0,156,33,1,51,2,4,0,11,0,0,13,0,1,0,45,273,76,85
ALLEGANY_006-005,0,167,0,0,0,6,0,0,0,0,0,1,0,0,0,0,0,0,0,0,0,0,0,0,0,0,0,0,0,0,1,0,0,0,0,0,0,0,0,0,0,0,0,0,0,0,0,0,15,0,0,0,0,0,308,82,1,73,0,4,0,17,0,0,42,1,2,0,113,498,179,156
ALLEGANY_006-006,0,136,0,0,0,13,0,0,0,0,0,0,0,0,0,0,0,0,0,0,0,0,0,0,0,0,0,0,0,0,0,0,0,0,0,0,0,0,0,0,0,0,0,0,0,0,0,0,19,0,0,0,0,0,585,61,1,51,2,4,0,42,0,1,18,0,2,1,197,753,267,113
ALLEGANY_007-001,0,198,0,0,0,6,0,0,0,0,0,0,0,0,0,0,0,0,0,0,0,0,0,0,0,0,0,0,0,0,0,0,0,0,0,0,0,0,0,0,0,0,0,0,0,0,0,0,29,0,0,0,0,0,621,77,2,87,2,8,1,68,0,1,31,2,0,0,168,854,281,166
ALLEGANY_007-002,0,169,0,0,0,7,0,0,0,0,0,0,0,0,0,0,0,0,0,0,0,0,0,0,0,0,0,0,0,0,1,0,0,0,0,0,0,0,0,0,0,0,0,0,0,0,0,0,23,0,0,0,0,0,738,83,1,61,1,2,2,65,0,0,40,0,3,1,246,938,360,145
ALLEGANY_008-000,0,199,0,0,0,9,0,0,0,0,0,0,0,0,0,0,0,0,0,0,0,0,0,0,0,0,0,0,0,0,0,0,0,0,0,0,0,0,0,0,0,0,0,0,0,0,0,0,33,0,0,0,0,0,1063,70,5,93,3,10,1,112,0,2,37,4,3,2,306,1304,480,168
ALLEGANY_009-000,0,59,0,0,0,3,0,0,0,0,0,1,0,0,0,0,0,0,0,0,0,0,0,0,0,0,0,0,0,0,0,0,0,0,0,0,0,0,0,0,0,0,0,0,0,0,0,0,13,0,0,0,0,0,449,22,2,24,2,3,0,35,0,1,18,1,0,0,149,525,209,48
ALLEGANY_010-000,0,91,0,0,0,3,0,0,0,0,0,0,0,0,0,0,0,0,0,0,0,0,0,0,0,0,0,0,0,0,1,0,0,0,0,0,0,0,0,0,0,0,0,0,0,0,0,0,16,0,0,0,0,0,674,28,0,37,5,10,2,43,0,0,38,1,4,1,292,785,396,65
ALLEGANY_011-000,0,215,0,0,0,8,0,0,0,0,0,0,0,0,0,0,0,0,0,0,0,0,0,0,0,0,0,0,0,0,4,0,0,0,0,0,0,0,0,0,0,0,0,0,0,0,0,0,16,0,0,0,0,0,286,66,0,62,3,5,0,26,1,1,25,1,3,0,102,529,167,128
ALLEGANY_012-000,0,340,0,0,0,19,0,0,0,0,1,0,1,0,0,0,0,0,0,0,0,0,0,0,0,0,0,0,0,0,3,0,0,0,0,0,0,0,0,0,0,0,0,0,0,0,0,0,57,0,0,0,0,0,710,108,1,135,3,18,1,51,1,1,71,4,3,1,233,1131,387,244
ALLEGANY_013-000,0,134,0,0,0,2,0,0,0,0,0,0,0,0,0,0,0,0,0,0,0,0,0,0,0,0,0,0,0,0,1,0,0,0,0,0,0,0,0,0,0,0,0,0,0,0,0,0,22,0,0,0,0,0,732,43,3,69,1,3,2,64,1,1,26,2,0,0,212,891,312,115
ALLEGANY_014-000,0,105,0,0,0,8,0,0,0,0,0,0,0,0,0,0,0,0,0,0,0,0,0,0,0,0,0,0,0,0,2,0,0,0,0,0,0,0,0,0,0,0,0,0,0,0,0,0,6,0,0,0,0,0,93,16,0,34,0,1,0,10,0,0,9,1,1,1,30,214,53,50
ALLEGANY_016-000,0,141,0,0,0,5,0,0,0,0,0,0,0,0,0,0,0,0,0,0,0,0,0,0,0,0,0,0,0,0,0,0,0,0,0,0,0,0,0,0,0,0,0,0,0,0,0,0,22,0,0,0,0,0,691,37,1,69,1,5,0,67,0,1,29,1,1,0,228,859,333,107
ALLEGANY_018-000,0,94,0,0,0,9,0,0,0,0,0,0,0,0,0,0,0,0,0,0,0,0,0,0,0,0,0,0,0,0,0,0,0,0,0,0,0,0,0,0,0,0,0,0,0,0,0,0,14,0,0,0,0,0,769,40,0,38,8,6,2,50,0,2,45,0,0,1,284,886,398,78
ALLEGANY_020-000,0,111,0,0,0,6,0,0,0,0,0,0,0,0,0,0,0,0,0,0,0,0,0,0,0,0,0,0,0,0,2,0,0,0,0,0,0,0,0,0,0,0,0,0,0,0,0,0,11,0,0,0,0,0,673,39,1,51,1,4,1,60,0,1,30,2,2,0,233,803,334,91
ALLEGANY_021-000,0,83,0,0,0,3,0,0,0,0,0,0,0,0,0,0,0,0,0,0,0,0,0,0,0,0,0,0,0,0,0,0,0,0,0,0,0,0,0,0,0,0,0,0,0,0,0,0,13,0,0,0,1,0,407,39,0,44,1,4,1,50,0,0,12,0,0,0,152,507,220,83
ALLEGANY_022-001,0,182,0,0,0,10,0,0,0,0,0,0,0,0,0,0,0,0,0,0,0,0,0,0,0,0,0,0,0,0,0,0,0,0,0,0,0,0,0,0,0,0,0,0,0,0,0,0,21,0,0,0,0,0,447,79,1,65,3,7,0,32,0,1,26,0,2,1,125,660,197,145
ALLEGANY_022-002,0,10,0,0,0,1,0,0,0,0,0,0,0,0,0,0,0,0,0,0,0,0,0,0,0,0,0,0,0,0,0,0,0,0,0,0,0,0,0,0,0,0,0,0,0,0,0,0,2,0,0,0,0,0,44,2,1,3,0,0,0,0,0,0,1,0,0,0,25,57,26,6
ALLEGANY_023-000,0,231,0,0,0,16,0,0,0,0,0,0,0,0,0,0,0,0,0,0,0,0,0,0,0,0,0,0,0,0,0,0,0,0,0,0,0,0,0,0,0,0,0,0,0,0,0,0,32,0,0,1,0,0,619,100,5,115,3,5,0,53,2,1,35,1,3,0,195,899,298,220
ALLEGANY_024-000,0,131,0,0,0,5,0,0,0,0,0,0,0,0,0,0,0,0,0,0,0,0,0,0,0,0,0,0,0,0,0,0,0,0,0,0,0,0,0,0,0,0,0,0,0,0,0,0,13,0,0,0,0,0,566,47,1,49,1,5,0,63,0,2,43,1,3,0,195,715,313,97
ALLEGANY_026-000,0,382,0,0,0,21,0,0,0,0,0,0,0,0,0,0,0,0,0,0,0,0,0,0,0,0,0,0,0,0,6,0,0,0,0,0,0,0,0,0,0,0,0,0,0,0,0,0,47,0,0,0,0,0,540,111,0,142,3,10,0,56,0,0,61,1,6,1,182,996,320,253
ALLEGANY_029-001,0,217,0,0,0,10,0,0,0,0,0,0,0,0,0,0,0,0,0,0,0,0,0,0,0,0,0,0,0,0,0,0,0,0,0,0,0,0,0,0,0,0,0,0,0,0,0,0,26,1,0,0,0,0,770,95,4,96,4,8,1,72,0,0,71,0,8,1,312,1024,477,195
ALLEGANY_029-002,0,258,0,0,1,10,0,0,0,0,0,0,0,0,0,0,0,0,0,0,0,0,0,0,1,0,0,0,0,0,2,0,0,0,0,0,0,0,0,0,0,0,0,0,0,0,0,0,37,0,0,0,0,0,634,90,0,100,3,17,1,78,0,2,82,1,4,0,212,943,400,190
ALLEGANY_029-003,0,170,0,0,0,5,0,0,0,0,0,0,0,0,0,0,0,0,0,0,0,0,0,0,0,0,0,0,0,0,0,0,0,0,0,0,0,0,0,0,0,0,0,0,0,0,0,0,18,0,0,0,0,0,484,79,1,57,2,5,0,49,0,0,37,1,1,0,179,677,274,137
ALLEGANY_031-000,0,83,0,0,0,7,0,0,0,0,0,0,0,0,0,0,0,0,0,0,0,0,0,0,0,0,0,0,0,0,2,0,0,0,0,0,0,0,0,0,0,0,0,0,0,0,0,0,10,0,0,0,0,0,497,38,1,29,1,5,0,56,0,0,28,0,2,0,167,599,259,68
ALLEGANY_034-000,0,151,0,0,0,4,0,0,0,0,0,2,0,0,0,0,0,0,0,0,0,0,0,0,0,0,0,0,0,0,1,0,0,0,0,0,0,0,0,0,0,0,0,0,0,0,0,0,24,0,0,0,0,0,606,73,1,69,1,4,0,55,1,3,44,1,4,0,179,788,292,143
ANNE_ARUNDEL_001-001,0,289,0,0,0,8,0,0,0,0,0,0,0,0,0,0,0,0,0,0,0,0,0,0,0,0,0,0,0,1,5,0,0,0,0,0,0,0,0,0,0,0,0,0,0,0,0,0,41,0,0,0,0,0,623,97,4,136,1,6,0,64,1,1,38,1,0,0,176,967,288,237
ANNE_ARUNDEL_001-002,0,263,0,0,0,18,0,0,0,0,0,1,0,0,0,0,0,0,0,0,0,0,0,0,0,0,0,0,0,3,9,0,0,0,0,0,0,0,0,0,0,0,0,0,0,0,0,0,43,0,0,0,0,0,556,88,1,110,1,2,1,56,1,0,50,2,2,0,165,893,280,199
ANNE_ARUNDEL_001-003,0,253,0,0,0,8,0,0,0,0,0,0,0,0,0,0,0,0,0,0,0,0,0,0,0,0,0,0,0,0,3,0,0,0,0,0,0,0,0,0,0,0,0,0,0,0,0,0,27,0,0,0,0,0,604,77,0,92,1,0,0,35,0,0,35,1,0,0,139,895,211,169
ANNE_ARUNDEL_001-004,0,447,0,0,0,11,0,0,0,0,0,0,0,0,0,0,0,0,0,0,0,0,0,0,0,0,0,0,0,0,2,0,0,0,0,0,0,0,0,0,0,0,0,0,0,0,0,0,18,0,0,0,0,0,377,181,4,90,0,3,0,24,0,0,17,0,1,0,94,855,139,275
ANNE_ARUNDEL_001-005,0,380,0,0,0,7,0,0,0,0,0,0,0,0,0,0,0,0,0,0,0,0,0,0,0,0,0,0,0,0,4,0,0,0,0,0,0,0,0,0,0,0,0,0,0,0,0,0,36,0,0,0,0,1,294,152,1,75,0,1,1,46,0,0,29,0,2,0,77,722,156,228
ANNE_ARUNDEL_001-006,0,570,0,0,0,12,0,0,0,0,0,0,0,0,0,0,0,0,0,0,0,0,0,0,0,0,0,0,0,0,8,0,0,0,0,0,0,0,0,0,0,0,0,0,0,0,0,0,34,0,0,0,0,0,298,222,1,102,0,1,0,26,1,0,29,0,2,1,87,922,147,325
ANNE_ARUNDEL_001-007,0,208,0,0,0,20,0,0,0,0,0,1,0,0,0,0,0,0,0,0,0,0,0,0,0,0,0,0,0,0,5,0,0,0,0,0,0,0,0,0,0,0,0,0,0,0,0,0,36,0,0,0,0,0,565,67,7,79,3,0,0,37,0,1,25,2,0,0,150,835,218,153
ANNE_ARUNDEL_001-008,0,272,0,0,0,14,0,0,0,0,0,0,0,0,0,0,0,0,0,0,0,0,0,0,0,0,0,0,0,0,4,0,0,0,0,0,0,0,0,0,0,0,0,0,0,0,0,0,27,0,0,0,0,0,726,91,4,143,1,0,1,40,0,1,42,2,3,2,219,1043,311,238
ANNE_ARUNDEL_001-009,0,232,0,0,0,13,0,0,0,0,0,0,0,0,0,0,0,0,0,0,0,0,0,0,0,0,0,0,0,0,6,0,0,0,0,0,0,0,0,0,0,0,0,0,0,0,0,0,37,0,0,0,0,0,619,80,2,99,1,1,0,44,0,0,37,0,1,1,181,907,266,181
ANNE_ARUNDEL_001-010,0,239,0,0,0,9,0,0,0,0,0,1,0,0,0,0,0,0,0,0,0,0,0,0,0,0,0,0,0,0,8,0,0,0,0,0,0,0,0,0,0,0,0,0,0,0,0,0,32,0,0,0,0,0,460,72,2,99,0,0,0,31,0,0,53,1,1,0,163,749,249,173
ANNE_ARUNDEL_001-011,0,185,0,0,0,6,0,0,0,0,0,0,0,0,0,0,0,0,0,0,0,0,0,0,0,0,0,0,0,2,4,0,0,0,0,0,0,0,0,0,0,0,0,0,0,0,0,0,20,0,0,0,0,0,459,63,3,71,0,1,0,24,0,0,47,1,2,0,131,676,206,137
ANNE_ARUNDEL_001-012,0,720,0,0,0,23,0,0,0,0,0,0,0,0,0,0,0,0,0,0,0,0,0,0,0,0,0,0,0,0,2,0,0,0,0,0,0,0,0,0,0,0,0,0,0,0,0,0,45,1,0,0,0,0,280,213,1,135,0,5,2,22,1,0,18,0,1,0,59,1071,108,349
ANNE_ARUNDEL_001-013,0,218,0,0,0,14,0,0,0,0,0,1,0,0,0,0,0,0,0,0,0,0,0,0,0,0,0,0,0,1,1,0,0,0,0,0,0,0,0,0,0,0,0,0,0,0,0,0,10,0,0,0,0,0,238,55,0,71,1,1,0,9,0,0,8,0,1,0,57,483,77,126
ANNE_ARUNDEL_001-014,0,252,0,0,0,11,0,0,0,0,0,0,0,0,0,0,0,0,0,0,0,0,0,0,0,0,0,0,0,0,1,0,0,0,0,0,0,0,0,0,0,0,0,0,0,0,0,0,22,0,0,0,0,0,532,93,6,91,0,1,0,31,0,0,20,0,1,0,135,818,188,190
ANNE_ARUNDEL_001-015,0,309,0,0,0,8,0,0,0,0,0,0,0,0,0,0,0,0,0,0,0,0,0,0,0,0,0,0,0,0,1,0,0,0,0,0,0,0,0,0,0,0,0,0,0,0,0,0,27,0,0,0,0,0,543,115,2,114,3,3,1,29,0,0,19,1,0,0,157,888,213,231
ANNE_ARUNDEL_001-016,0,378,0,0,0,12,0,0,0,0,0,0,0,0,0,0,0,0,0,0,0,0,0,0,0,0,0,0,0,0,1,0,0,0,0,0,0,0,0,0,0,0,0,0,0,0,0,0,20,0,0,0,0,0,456,133,3,111,1,5,1,23,0,0,13,0,1,0,125,867,169,247
ANNE_ARUNDEL_001-017,0,222,0,0,0,7,0,0,0,0,0,0,0,0,0,0,0,0,0,0,0,0,0,0,0,0,0,0,0,0,1,0,0,0,0,0,0,0,0,0,0,0,0,0,0,0,0,0,18,0,0,0,0,0,324,80,1,57,1,0,1,16,1,0,9,1,0,0,75,572,104,138
ANNE_ARUNDEL_001-018,0,581,0,0,0,13,0,0,0,0,0,1,0,0,0,0,0,0,0,0,0,0,0,0,0,0,0,0,0,0,3,0,0,0,0,0,0,0,0,0,0,0,0,0,0,0,0,0,15,1,0,0,0,0,476,235,2,114,0,6,0,23,1,0,16,0,0,0,108,1090,154,351
ANNE_ARUNDEL_001-019,0,510,0,0,0,15,0,0,0,0,0,0,0,0,0,0,0,0,0,0,0,0,0,0,0,0,0,0,0,0,8,0,0,0,0,0,0,0,0,0,0,0,0,0,0,0,0,0,40,0,0,0,0,0,244,244,2,105,5,4,1,34,1,0,31,0,0,0,53,817,129,351
ANNE_ARUNDEL_001-020,0,493,0,0,0,13,0,0,0,0,0,0,0,0,0,0,0,0,0,0,0,0,0,0,0,0,0,0,0,0,4,0,0,0,0,0,0,0,0,0,0,0,0,0,0,0,0,0,40,0,0,0,0,0,289,231,0,116,1,3,1,44,1,1,34,0,1,0,76,839,162,347
ANNE_ARUNDEL_001-021,0,639,0,0,0,16,0,0,0,0,0,0,0,0,0,0,0,0,0,0,0,0,0,0,0,0,0,0,0,0,2,0,0,0,0,0,0,0,0,0,0,0,0,0,0,0,0,0,29,0,0,0,0,0,130,183,1,116,0,0,0,18,0,0,16,0,1,0,24,816,59,300
ANNE_ARUNDEL_001-022,0,1063,0,0,0,31,0,0,0,0,0,2,0,0,0,0,0,0,0,0,0,0,0,0,0,0,0,0,0,0,9,0,0,0,0,0,0,0,0,0,0,0,0,0,0,0,0,0,83,0,0,0,0,0,506,333,2,206,0,1,1,42,0,2,71,1,1,1,133,1694,253,541
ANNE_ARUNDEL_001-023,0,159,0,0,0,3,0,0,0,0,0,0,0,0,0,0,0,0,0,0,0,0,0,0,0,0,0,0,0,0,1,0,0,0,0,0,0,0,0,0,0,0,0,0,0,0,0,0,5,0,0,0,0,0,62,36,0,27,0,0,0,10,0,0,7,0,0,0,13,230,30,63
ANNE_ARUNDEL_001-024,0,363,0,0,0,11,0,0,0,0,0,0,0,0,0,0,0,0,0,0,0,0,0,0,0,0,0,0,0,0,1,0,0,0,0,0,0,0,0,0,0,0,0,0,0,0,0,0,37,0,0,0,0,0,189,149,0,72,0,3,0,20,0,1,24,0,2,0,49,601,99,221
ANNE_ARUNDEL_001-025,0,235,0,0,0,11,0,0,0,0,0,0,0,0,0,0,0,0,0,0,0,0,0,0,0,0,0,0,0,0,3,0,0,0,1,0,0,0,0,0,0,0,0,0,0,0,0,0,21,0,0,0,0,0,313,78,0,47,1,2,0,34,0,0,33,0,0,0,83,584,153,125
ANNE_ARUNDEL_001-026,0,1062,0,0,1,25,0,0,0,0,0,0,0,0,0,0,0,0,0,0,0,0,0,0,0,0,0,0,0,0,3,0,0,0,0,0,0,0,0,0,0,0,0,0,0,0,0,0,28,0,0,0,0,0,171,320,0,147,0,1,0,16,0,0,6,1,2,0,42,1290,68,467
ANNE_ARUNDEL_002-001,0,257,0,0,0,6,0,0,0,0,0,0,0,0,0,0,0,0,0,0,0,0,0,0,0,0,0,1,0,0,6,0,0,0,0,0,0,0,0,0,0,0,0,0,0,0,0,0,41,0,0,0,0,0,384,94,0,64,0,2,1,33,0,0,45,1,1,0,112,695,195,158
ANNE_ARUNDEL_002-002,0,384,0,0,0,8,0,0,0,0,0,0,0,0,0,0,0,0,0,0,0,0,0,0,0,0,0,0,0,0,0,0,0,0,0,0,0,0,0,0,0,0,0,0,0,0,0,0,32,0,0,0,0,0,373,110,1,88,1,3,1,28,1,0,42,0,0,0,111,797,187,199
ANNE_ARUNDEL_002-003,0,351,0,0,0,16,0,0,0,0,0,0,0,0,0,0,0,0,0,0,0,0,0,0,0,0,0,0,0,0,1,0,0,0,0,0,0,0,0,0,0,0,0,0,0,0,0,0,44,0,0,0,0,0,498,107,3,117,0,2,0,38,0,1,45,0,3,0,137,910,226,227
ANNE_ARUNDEL_002-004,0,443,0,0,0,15,0,0,0,0,0,0,0,0,0,0,0,0,0,0,0,0,0,0,0,0,0,0,0,0,4,0,0,0,0,0,0,0,0,0,0,0,0,0,0,0,0,0,34,0,0,0,0,0,462,222,1,109,0,3,1,47,0,1,47,0,2,0,129,958,230,332
ANNE_ARUNDEL_002-005,1,411,0,0,0,13,0,0,0,0,0,0,0,0,0,0,0,0,0,0,0,0,0,0,0,0,0,0,0,0,4,0,0,0,0,0,0,0,0,0,0,0,0,0,0,0,0,0,38,0,0,0,0,0,435,112,2,96,1,2,1,38,0,1,19,0,2,0,83,902,147,210
ANNE_ARUNDEL_002-006,0,256,0,0,0,9,0,0,0,0,0,0,0,0,0,0,0,0,0,0,0,0,0,0,0,0,0,0,0,0,2,0,0,0,0,0,0,0,0,0,0,0,0,0,0,0,0,0,34,0,0,0,0,1,449,81,2,61,1,6,1,25,0,2,17,0,0,2,96,751,150,144
ANNE_ARUNDEL_002-007,0,513,0,0,0,21,0,0,0,0,0,0,0,0,0,0,0,0,0,0,0,0,0,0,0,0,0,0,0,0,7,0,0,0,0,0,0,0,0,0,0,0,0,0,0,0,0,0,39,0,0,0,0,0,616,156,1,135,3,6,1,35,0,2,49,2,2,0,182,1196,282,292
ANNE_ARUNDEL_002-008,0,330,0,0,0,12,0,0,0,0,0,0,0,0,0,0,0,0,0,0,0,0,0,0,0,0,0,0,0,0,4,0,0,0,0,0,0,0,0,0,0,0,0,0,0,0,0,0,57,0,0,0,0,0,703,113,1,132,0,4,1,46,1,1,36,0,1,0,192,1106,282,246
ANNE_ARUNDEL_002-009,0,556,0,0,0,16,0,0,0,0,0,0,0,0,0,0,0,0,0,0,0,0,0,0,0,0,0,0,0,0,4,0,0,0,0,0,0,0,0,0,0,0,0,0,1,0,0,0,33,0,0,0,0,0,368,175,2,92,3,2,0,43,0,0,24,0,3,1,94,978,170,269
ANNE_ARUNDEL_002-010,0,282,0,0,0,14,0,0,0,0,0,0,0,0,0,0,0,0,0,0,0,0,0,0,0,0,0,0,0,0,1,0,0,0,0,0,0,0,0,0,0,0,0,0,0,0,0,0,31,0,0,0,0,0,652,95,1,87,2,3,0,31,0,0,33,0,0,0,184,980,253,183
ANNE_ARUNDEL_002-011,0,194,0,0,0,11,0,0,0,0,0,0,0,0,0,0,0,0,0,0,0,0,0,0,0,0,0,0,0,0,0,0,0,0,0,0,0,0,0,0,0,0,0,0,0,0,0,0,29,0,0,0,0,0,382,61,1,78,0,1,0,32,0,2,17,1,1,0,87,616,141,140
ANNE_ARUNDEL_002-012,0,191,0,0,0,16,0,0,0,0,0,0,0,0,0,0,0,0,0,0,0,0,0,0,0,0,0,0,0,0,4,0,0,0,0,0,0,0,0,0,0,0,0,0,0,0,0,0,26,0,0,0,0,0,383,47,1,55,0,2,0,24,0,0,15,1,2,0,97,620,141,103
ANNE_ARUNDEL_002-013,0,248,0,0,0,16,0,0,0,0,0,3,0,0,0,0,0,0,0,0,0,0,0,0,0,0,0,0,0,0,1,0,0,0,0,0,0,0,0,0,0,0,0,0,0,0,0,0,36,0,0,0,1,0,399,79,2,83,3,6,0,43,0,0,40,3,1,0,72,704,168,164
ANNE_ARUNDEL_002-014,0,848,0,0,0,14,0,0,0,0,0,1,0,0,0,0,0,0,0,0,0,0,0,0,0,0,0,0,0,0,6,0,0,0,0,0,0,0,0,0,0,0,0,0,0,0,0,0,26,0,0,0,0,0,252,227,0,142,0,1,2,26,0,1,29,0,0,0,54,1147,113,369
ANNE_ARUNDEL_002-015,0,520,0,0,0,23,0,0,0,0,0,0,0,0,0,0,0,0,0,0,0,0,0,0,0,0,0,0,0,0,6,0,0,0,0,0,0,0,0,0,0,0,0,0,0,0,0,0,39,0,0,0,0,0,397,180,3,127,3,2,0,48,0,1,40,0,1,0,85,985,180,310
ANNE_ARUNDEL_002-016,0,187,0,0,0,6,0,0,0,0,0,0,0,0,0,0,0,0,0,0,0,0,0,0,0,0,0,0,0,0,0,0,0,0,0,0,0,0,0,0,0,0,0,0,0,0,0,0,24,0,0,0,0,0,360,57,1,71,0,3,0,29,1,0,15,0,0,0,85,577,133,129
ANNE_ARUNDEL_002-017,0,602,0,0,0,10,0,0,0,0,0,0,0,0,0,0,0,0,0,0,0,0,0,0,0,0,0,0,0,0,4,0,0,0,0,0,0,0,1,0,0,0,0,0,0,0,0,0,30,0,0,0,0,0,277,171,0,123,1,3,0,34,0,2,24,1,1,0,42,924,108,294
ANNE_ARUNDEL_002-018,0,416,0,0,0,18,0,0,0,0,0,0,0,0,0,0,0,0,0,0,0,0,0,0,0,0,0,0,0,1,3,0,0,0,0,0,0,0,0,0,0,0,0,0,0,0,0,0,44,0,0,0,0,0,310,107,1,106,0,3,0,38,0,2,31,1,2,0,86,792,163,214
ANNE_ARUNDEL_002-019,0,539,0,0,0,20,0,0,0,0,0,2,0,0,0,0,0,0,0,0,0,0,0,0,0,0,0,0,0,1,2,0,0,0,0,0,0,0,0,0,0,0,0,0,0,0,0,0,40,0,0,0,0,0,307,156,1,115,2,5,0,18,0,2,13,2,1,0,76,911,119,272
ANNE_ARUNDEL_002-020,0,384,0,0,0,19,0,0,0,0,0,0,0,0,0,0,0,0,0,0,0,0,0,0,0,0,0,0,0,0,3,0,0,0,0,0,0,0,0,0,0,0,0,0,0,0,0,0,40,0,0,0,0,0,465,110,0,89,1,2,2,41,0,1,46,0,1,0,146,911,240,199
ANNE_ARUNDEL_002-021,0,432,0,0,0,13,0,0,0,0,0,2,0,0,0,0,0,0,0,0,0,0,0,0,0,0,0,0,0,0,6,0,0,0,0,0,0,0,0,0,0,0,0,0,0,0,0,0,50,0,0,0,0,0,868,162,1,137,3,4,0,89,0,0,104,0,4,0,252,1371,456,300
ANNE_ARUNDEL_002-022,0,362,0,0,0,16,0,0,0,0,0,0,0,0,0,0,0,0,0,0,0,0,0,0,0,0,0,0,0,0,2,0,0,0,0,0,0,0,0,0,0,0,0,0,0,0,0,0,37,0,0,0,0,0,787,104,1,112,0,8,0,30,0,0,30,0,2,0,205,1204,275,217
ANNE_ARUNDEL_002-023,0,476,0,0,0,24,0,0,0,0,0,0,0,0,0,0,0,0,0,0,0,0,0,0,0,0,0,0,0,0,9,0,0,0,1,0,0,0,0,0,0,0,0,0,0,0,0,0,79,0,0,0,0,2,568,166,3,107,4,4,1,50,0,1,51,0,1,0,145,1159,257,276
ANNE_ARUNDEL_002-024,0,377,0,0,0,14,0,0,0,0,0,0,0,0,0,0,0,0,0,0,0,0,0,0,0,0,0,0,0,0,6,0,0,0,0,0,0,0,0,0,0,0,0,0,0,0,0,0,42,0,0,0,0,0,458,107,3,101,3,4,2,57,0,0,29,2,3,0,122,897,222,211
ANNE_ARUNDEL_003-001,0,263,0,0,0,11,0,0,0,0,1,0,0,0,0,0,0,0,0,0,0,0,0,0,0,0,0,1,0,0,5,0,0,0,0,0,0,0,0,0,0,0,0,0,0,0,0,0,48,0,0,0,0,0,738,62,1,84,2,2,1,54,1,0,44,3,1,0,219,1067,327,147
ANNE_ARUNDEL_003-002,0,168,0,0,0,9,0,0,0,0,0,1,0,0,0,0,0,0,0,0,0,0,0,0,0,0,0,0,0,0,0,0,0,0,0,0,0,0,0,0,0,0,0,0,0,0,0,0,31,0,0,0,0,0,466,65,2,76,1,2,1,28,2,1,16,2,1,0,151,675,205,143
ANNE_ARUNDEL_003-003,0,402,0,0,0,11,0,0,0,0,0,0,0,0,0,0,0,0,0,0,0,0,0,0,0,0,0,0,0,0,3,0,0,0,0,0,0,0,0,0,0,0,0,0,0,0,0,0,43,0,0,0,0,0,1040,119,2,157,1,12,2,65,1,0,56,2,1,1,301,1499,442,278
ANNE_ARUNDEL_003-004,0,393,0,0,0,16,0,0,0,0,0,1,0,0,0,0,0,0,0,0,0,0,0,0,0,0,0,0,0,0,5,0,0,0,1,0,0,0,0,0,0,0,0,0,0,0,0,0,70,0,0,0,0,0,842,106,3,121,0,9,2,60,0,0,51,2,0,0,237,1328,361,230
ANNE_ARUNDEL_003-005,0,342,0,0,0,14,0,0,0,0,0,0,0,0,0,0,0,0,0,0,0,0,0,0,0,0,0,0,0,0,18,0,0,0,0,0,0,0,0,0,0,0,0,0,0,0,0,0,45,0,0,0,0,0,722,102,2,105,1,6,1,46,1,0,41,1,3,1,175,1141,276,209
ANNE_ARUNDEL_003-006,0,1054,0,0,0,27,0,0,0,0,0,0,0,0,0,0,0,0,0,0,0,0,0,0,0,0,0,0,0,1,8,0,0,0,0,0,0,0,0,0,0,0,0,0,0,0,0,0,108,0,0,0,0,0,1449,304,5,254,2,7,1,87,1,0,93,2,2,0,425,2647,620,563
ANNE_ARUNDEL_003-007,0,328,0,0,0,14,0,0,0,0,0,0,0,0,0,0,0,0,0,0,0,0,0,0,0,0,0,0,0,0,7,0,0,0,0,0,0,0,0,0,0,0,0,0,0,0,0,0,56,0,0,0,0,0,707,85,0,102,1,4,0,41,1,0,71,5,1,0,178,1112,302,187
ANNE_ARUNDEL_003-008,0,489,0,0,0,16,0,0,0,0,0,0,0,0,0,0,0,0,0,0,0,0,0,0,0,0,0,0,0,0,1,0,0,0,0,0,0,0,0,0,0,0,0,0,0,0,0,0,44,0,0,0,0,0,540,159,2,114,1,1,0,33,0,1,27,0,2,0,137,1090,202,275
ANNE_ARUNDEL_003-009,0,150,0,0,0,3,0,0,0,0,0,0,0,0,0,0,0,0,0,0,0,0,0,0,0,0,0,0,0,1,3,0,0,0,0,0,0,0,0,0,0,0,0,0,0,0,0,0,26,0,0,0,0,0,380,46,1,41,1,1,0,28,0,0,31,1,2,0,144,563,208,88
ANNE_ARUNDEL_003-010,0,234,0,0,0,8,0,0,0,0,0,0,0,0,0,0,0,0,0,0,0,0,0,0,0,0,0,0,0,0,2,0,0,0,0,0,0,0,0,0,0,0,0,0,0,0,0,0,53,0,0,0,0,1,909,68,0,79,0,6,1,64,0,0,85,1,1,1,295,1207,454,147
ANNE_ARUNDEL_003-011,0,282,0,0,0,12,0,0,0,0,0,0,0,0,0,0,0,0,0,0,0,0,0,0,0,0,0,0,0,0,2,0,0,0,0,0,0,0,0,0,0,0,0,0,0,0,0,0,43,0,0,0,0,0,972,97,3,98,1,4,1,60,0,0,103,0,2,1,299,1311,471,198
ANNE_ARUNDEL_003-012,0,243,0,0,0,9,0,0,0,0,0,0,0,0,0,0,0,0,0,0,0,0,0,0,0,0,0,0,0,0,3,0,0,0,0,0,0,0,0,0,0,0,0,0,0,0,0,0,48,0,0,0,0,0,915,76,3,97,1,6,0,45,0,0,64,0,3,0,321,1218,440,176
ANNE_ARUNDEL_003-013,0,223,0,0,0,13,0,0,0,0,0,0,0,0,0,0,0,0,0,0,0,0,0,0,0,0,0,0,0,0,2,0,0,0,0,0,0,0,0,0,0,0,0,0,0,0,0,0,34,0,0,0,0,0,915,70,3,106,2,4,0,54,0,0,71,1,1,0,307,1187,440,179
ANNE_ARUNDEL_003-014,0,184,0,0,0,10,0,0,0,0,0,0,0,0,0,0,0,0,0,0,0,0,0,0,0,0,0,0,0,0,0,0,0,0,0,0,0,0,0,0,0,0,0,0,0,0,0,0,42,0,0,0,0,0,592,79,3,95,2,2,1,19,0,0,41,2,1,0,202,828,270,177
ANNE_ARUNDEL_003-015,0,180,0,0,0,11,0,0,0,0,0,0,0,0,0,0,0,0,0,0,0,0,0,0,0,0,0,0,0,0,0,0,0,0,0,0,0,0,0,0,0,0,0,0,0,0,0,0,27,0,0,0,0,0,637,76,6,83,0,4,0,43,0,1,57,4,1,1,228,855,339,165
ANNE_ARUNDEL_003-016,0,296,0,0,0,14,0,0,0,0,0,0,0,0,0,0,0,0,0,0,0,0,0,0,0,0,0,0,0,0,7,0,0,0,0,0,0,0,0,0,0,0,0,0,0,0,0,0,45,0,0,0,0,0,710,84,4,85,0,3,1,44,1,0,31,2,1,0,166,1072,249,173
ANNE_ARUNDEL_003-017,0,193,0,0,0,11,0,0,0,0,0,0,0,0,0,0,0,0,0,0,0,0,0,0,0,0,0,0,0,0,5,0,0,0,0,0,0,0,0,0,0,0,0,0,0,0,0,0,39,0,0,0,0,0,812,70,6,103,1,5,1,45,0,0,49,1,1,0,287,1060,390,179
ANNE_ARUNDEL_003-018,0,272,0,0,0,9,0,0,0,0,0,0,1,0,0,0,0,0,0,0,0,0,0,0,0,0,0,0,0,0,2,0,0,0,0,0,0,0,0,0,0,0,0,0,0,0,0,0,40,0,0,0,0,0,905,82,0,88,0,3,1,54,0,1,79,1,2,0,263,1229,404,170
ANNE_ARUNDEL_003-019,0,209,0,0,0,9,0,0,0,0,0,0,0,0,0,0,0,0,0,0,0,0,0,0,0,0,0,0,0,0,5,0,0,0,0,0,0,0,0,0,0,0,0,0,0,0,0,0,34,0,0,0,1,0,799,75,2,68,1,4,0,46,0,0,50,0,3,0,289,1057,393,145
ANNE_ARUNDEL_003-020,0,188,0,0,0,15,0,0,0,0,0,1,0,0,0,0,0,0,0,0,0,0,0,0,0,0,0,0,0,0,5,0,0,0,0,0,0,0,0,0,0,0,0,0,0,0,0,0,32,0,0,0,0,0,692,76,4,63,0,6,1,39,1,0,46,3,1,0,209,933,306,143
ANNE_ARUNDEL_003-021,0,384,0,0,0,9,0,0,0,0,0,0,0,0,0,0,0,0,0,2,0,0,0,0,0,0,0,0,0,0,6,0,0,0,0,0,0,0,0,0,0,0,0,0,0,0,0,0,65,0,0,0,0,0,746,69,3,106,3,3,1,49,0,2,45,3,4,0,194,1212,304,178
ANNE_ARUNDEL_003-022,0,278,0,0,0,13,0,0,0,1,0,0,0,0,0,0,0,0,0,0,0,0,0,0,0,0,0,0,0,1,7,0,0,0,0,0,0,0,0,0,0,0,0,0,0,0,0,0,40,0,0,0,0,0,555,106,1,63,1,2,0,37,0,0,56,0,4,0,175,895,275,170
ANNE_ARUNDEL_003-023,0,271,0,0,0,14,0,0,0,0,0,1,0,0,0,0,0,0,0,0,0,0,0,0,0,0,0,0,0,0,5,0,0,0,0,0,0,0,0,0,0,0,0,0,0,0,0,0,34,0,0,0,0,0,574,92,0,102,3,6,0,55,0,0,58,1,1,0,155,899,279,194
ANNE_ARUNDEL_003-024,0,342,0,0,0,14,0,0,0,0,0,0,0,0,0,0,0,0,0,0,0,0,0,0,0,0,0,0,0,0,1,0,0,0,0,0,0,0,0,0,0,0,0,0,0,0,0,0,60,0,0,0,0,0,837,123,5,122,0,4,0,50,0,0,42,0,1,0,226,1254,323,250
ANNE_ARUNDEL_003-025,0,405,0,0,0,12,0,0,0,0,0,0,0,0,0,0,0,0,0,0,0,0,0,0,0,0,0,0,0,0,1,0,0,0,0,0,0,0,0,0,0,0,0,0,0,0,0,0,25,0,0,0,0,0,335,155,0,83,0,5,0,18,0,0,21,1,3,0,79,778,127,238
ANNE_ARUNDEL_004-001,0,632,0,0,0,20,0,0,0,0,0,0,0,0,0,0,0,0,0,0,0,0,0,0,0,0,0,0,0,0,0,0,0,0,0,0,0,0,0,0,0,0,0,0,0,0,0,0,22,0,0,0,0,0,243,202,1,132,1,3,0,24,0,1,24,0,0,0,53,917,106,335
ANNE_ARUNDEL_004-002,0,555,1,0,0,24,0,0,0,0,0,0,0,0,0,0,0,0,0,0,0,0,0,0,0,0,0,0,0,0,7,0,0,0,0,0,0,0,0,0,0,0,0,0,0,0,0,0,59,0,0,0,0,0,445,168,2,145,0,6,1,39,1,1,60,3,3,0,99,1091,213,315
ANNE_ARUNDEL_004-003,0,339,0,0,0,11,0,0,0,0,0,0,0,0,0,0,0,0,0,0,0,0,0,0,1,0,0,0,0,0,7,0,0,0,0,0,0,0,0,0,0,0,0,0,0,0,0,0,51,0,0,0,0,0,443,84,1,86,4,3,0,49,1,2,69,0,1,0,129,852,258,171
ANNE_ARUNDEL_004-004,0,354,0,0,0,18,0,0,0,0,0,2,0,0,0,0,0,1,0,1,0,0,0,0,0,0,0,0,0,1,7,0,0,0,1,0,0,0,0,0,0,0,0,0,0,0,0,0,62,0,0,0,1,0,630,136,0,122,3,5,1,77,2,0,122,2,1,1,170,1078,384,258
ANNE_ARUNDEL_004-005,0,335,1,0,0,11,0,0,0,0,0,0,0,0,0,0,0,0,0,0,0,0,0,0,0,0,0,0,0,0,1,0,0,0,0,0,0,0,0,0,0,0,0,0,0,0,0,0,19,0,0,0,0,0,234,106,0,63,1,0,0,26,0,1,38,0,2,0,57,601,125,169
ANNE_ARUNDEL_004-006,0,1003,1,0,0,18,0,0,0,0,0,2,0,0,0,0,0,0,0,0,0,0,0,0,0,0,0,0,0,0,10,0,0,0,0,0,0,0,0,0,0,0,0,0,0,0,0,0,25,1,0,0,0,0,105,379,1,172,1,1,0,12,0,0,25,0,4,0,20,1165,63,552
ANNE_ARUNDEL_004-007,0,628,0,0,0,13,0,0,0,0,0,0,0,0,0,0,0,0,0,0,0,0,0,0,0,0,0,0,0,1,7,0,0,0,0,0,0,0,0,0,0,0,0,0,0,0,0,0,46,0,0,0,0,0,234,182,0,131,1,2,3,35,0,0,32,0,0,0,38,929,111,313
ANNE_ARUNDEL_004-008,0,351,0,0,0,13,0,0,0,0,1,0,0,0,0,0,0,0,0,0,0,0,0,0,0,0,0,0,0,0,10,0,0,0,0,0,0,0,0,0,0,0,0,0,0,0,0,0,40,2,0,0,1,0,498,125,0,82,0,4,2,47,1,0,65,0,6,0,121,916,246,207
ANNE_ARUNDEL_004-009,0,1000,0,0,0,30,0,0,0,0,0,0,0,0,0,0,0,0,0,0,0,0,0,0,0,0,0,0,0,0,4,0,0,0,0,0,0,0,0,0,0,0,0,0,0,0,0,0,39,0,0,0,0,0,217,431,0,197,0,1,0,32,1,0,50,0,2,0,39,1290,125,628
ANNE_ARUNDEL_004-010,0,64,0,0,0,1,0,0,0,0,0,0,0,0,0,0,0,0,0,0,0,0,0,0,0,0,0,0,0,0,0,0,0,0,0,0,0,0,0,0,0,0,0,0,0,0,0,0,8,0,0,0,0,0,75,13,1,5,1,0,0,2,1,0,4,0,0,0,20,148,28,19
ANNE_ARUNDEL_004-011,0,395,0,0,0,19,0,0,0,0,0,0,0,0,0,0,0,0,0,0,0,0,0,0,0,0,0,0,0,0,4,0,0,0,0,0,0,0,0,0,0,0,0,0,0,0,0,0,37,0,0,0,0,0,294,102,2,88,0,5,1,42,2,0,29,0,3,0,63,749,145,192
ANNE_ARUNDEL_004-012,0,298,0,0,0,19,0,0,0,0,0,2,0,0,0,0,0,0,0,0,0,0,0,0,0,0,0,0,0,0,2,0,0,0,0,0,0,0,0,0,0,0,0,0,0,0,0,0,49,1,0,0,0,0,343,81,0,64,0,3,0,32,1,1,37,1,0,0,94,714,169,145
ANNE_ARUNDEL_004-013,0,236,0,0,0,14,0,0,0,0,0,1,0,0,0,0,0,0,0,0,0,0,0,0,0,0,0,0,0,0,5,0,0,0,2,0,0,0,0,0,0,0,0,0,0,0,0,0,29,0,0,0,0,0,491,63,1,58,1,1,1,48,0,0,51,0,1,0,154,778,257,122
ANNE_ARUNDEL_004-014,0,302,0,0,0,16,0,0,0,0,0,0,0,0,0,0,0,0,0,0,0,0,0,0,0,0,0,0,0,0,4,0,0,0,0,0,0,0,0,0,0,0,0,0,0,0,0,0,46,1,0,0,0,0,509,95,0,105,0,4,0,46,0,0,75,0,1,1,138,878,265,200
ANNE_ARUNDEL_004-015,0,492,0,0,0,16,0,0,0,0,0,5,0,0,0,0,0,0,0,0,0,0,0,0,0,0,0,0,0,0,12,0,0,0,0,0,0,0,0,0,0,0,0,0,0,0,0,0,59,0,0,0,0,0,773,216,2,165,0,4,1,74,4,0,131,3,2,0,272,1357,491,383
ANNE_ARUNDEL_004-016,0,477,0,0,0,14,0,0,0,0,0,0,0,0,0,0,0,0,0,0,0,0,0,0,0,0,0,0,0,0,12,0,0,0,0,0,0,0,0,0,0,0,0,0,0,0,0,0,42,1,0,0,0,0,319,124,0,72,1,1,1,34,0,0,35,1,1,0,71,865,145,196
ANNE_ARUNDEL_004-017,0,626,0,0,0,12,0,0,0,0,0,0,0,0,0,0,0,0,0,0,0,0,0,0,0,0,0,0,0,1,5,0,0,0,0,0,0,0,0,0,0,0,1,0,0,0,0,0,20,0,0,0,0,0,264,181,3,103,2,4,2,17,0,0,27,0,1,1,67,929,121,287
ANNE_ARUNDEL_004-018,0,333,0,0,0,13,0,0,0,0,0,0,0,0,0,0,0,0,0,0,0,0,0,0,1,0,0,0,0,0,4,0,0,0,0,0,0,0,0,0,0,0,0,0,0,0,0,0,33,0,0,0,0,0,310,89,0,70,3,2,0,31,0,0,42,0,2,0,87,694,167,159
ANNE_ARUNDEL_004-019,0,603,0,0,0,15,0,0,0,1,0,0,0,0,0,0,0,0,0,0,0,0,0,0,0,0,0,0,0,0,6,0,0,0,0,0,0,0,0,0,0,0,0,0,0,0,0,0,33,0,0,0,0,0,91,222,0,128,0,0,1,9,1,0,9,1,0,0,14,749,35,350
ANNE_ARUNDEL_004-020,0,416,0,0,0,12,0,0,0,0,0,0,0,0,0,0,0,0,0,0,0,0,0,0,0,0,0,0,0,0,8,0,0,0,0,0,0,0,0,0,0,0,0,0,0,0,0,0,41,0,0,0,0,0,316,126,2,93,2,1,1,32,0,1,52,0,0,0,81,793,170,221
ANNE_ARUNDEL_004-021,0,656,0,0,0,14,0,0,0,0,0,0,0,0,0,0,0,0,0,0,0,0,0,0,1,0,0,0,0,0,16,0,0,0,0,0,0,0,0,0,0,0,0,0,0,0,0,0,56,0,0,0,0,0,601,239,1,143,4,5,0,91,2,0,105,1,4,0,168,1344,380,383
ANNE_ARUNDEL_004-022,0,533,0,0,0,17,0,0,0,0,0,0,0,0,0,0,0,0,0,2,0,0,0,0,0,0,0,0,0,0,13,0,0,0,0,0,0,0,0,0,0,0,0,0,0,0,0,0,41,0,0,0,0,0,339,158,0,131,0,1,0,37,1,0,38,2,6,0,77,945,162,289
ANNE_ARUNDEL_004-023,0,639,0,0,0,12,0,0,0,0,0,1,0,0,0,0,0,0,0,0,0,0,0,0,0,0,0,0,0,0,7,0,0,0,0,0,0,0,0,0,0,0,0,0,0,0,0,0,61,0,0,0,0,0,562,191,2,131,1,4,0,56,1,0,102,1,5,0,160,1282,330,324
ANNE_ARUNDEL_004-024,0,673,0,0,0,15,0,0,0,0,0,0,0,0,0,0,0,0,0,0,0,0,0,0,0,0,0,0,0,0,8,0,0,0,0,0,0,0,0,0,0,0,0,0,0,0,0,0,43,0,0,0,0,0,163,260,2,136,1,6,0,26,0,0,18,0,1,1,39,902,92,398
ANNE_ARUNDEL_004-025,0,84,0,0,0,1,0,0,0,0,0,0,0,0,0,0,0,0,0,1,0,0,0,0,0,0,0,0,0,0,1,0,0,0,0,0,0,0,0,0,0,0,0,0,0,0,0,0,8,0,0,0,0,0,54,26,1,15,0,1,0,2,1,0,9,0,0,0,18,149,31,42
ANNE_ARUNDEL_004-026,0,142,0,0,0,6,0,0,0,0,0,0,0,0,0,0,0,0,0,0,0,0,0,0,0,0,0,0,0,0,4,0,0,0,0,0,0,0,0,0,0,0,0,0,0,0,0,0,11,0,0,0,0,0,66,31,0,34,0,1,0,7,0,0,13,0,0,0,24,229,45,65
ANNE_ARUNDEL_005-001,0,459,0,0,0,10,0,0,0,0,0,0,0,0,0,0,0,0,0,0,0,0,0,0,0,0,0,0,0,0,9,0,0,0,0,0,0,0,0,0,0,0,0,0,0,0,0,0,43,0,0,0,0,0,619,191,2,111,2,0,0,60,1,1,179,0,1,1,246,1140,491,304
ANNE_ARUNDEL_005-002,0,529,0,0,0,18,0,0,0,0,0,0,0,0,0,0,0,0,0,0,0,0,0,0,0,0,0,0,0,0,5,0,0,0,0,0,0,0,0,0,0,0,0,0,0,0,0,0,50,0,0,0,0,0,552,178,0,159,0,6,0,51,0,0,112,2,1,1,166,1154,339,337
ANNE_ARUNDEL_005-003,0,354,0,0,0,17,0,0,0,0,0,1,0,0,0,0,0,0,0,0,0,0,0,0,3,0,0,0,0,0,15,0,0,0,0,0,0,0,0,1,0,0,0,0,0,0,0,0,42,0,0,0,0,0,444,129,1,101,1,4,1,46,0,0,88,1,2,0,140,877,283,231
ANNE_ARUNDEL_005-004,0,403,0,0,0,13,0,0,0,0,0,0,0,0,0,0,0,0,0,0,0,0,0,0,0,0,0,0,0,0,4,0,0,0,0,0,0,0,0,0,0,0,0,0,0,0,0,0,60,0,0,0,0,0,616,117,1,140,1,7,0,55,1,0,79,0,2,0,160,1096,305,258
ANNE_ARUNDEL_005-005,0,416,0,0,0,8,0,0,0,0,0,0,0,0,0,0,0,0,0,0,0,0,0,0,0,0,0,0,0,0,5,0,0,0,0,0,0,0,0,0,0,0,0,0,0,0,0,0,40,0,0,0,0,0,392,169,2,109,3,3,1,29,0,0,108,0,2,0,147,861,293,280
ANNE_ARUNDEL_005-006,0,315,0,0,0,12,0,0,0,0,0,1,0,0,0,0,0,0,0,0,0,0,0,0,0,0,0,0,0,0,8,0,0,0,0,0,0,0,0,0,0,0,0,0,0,0,0,0,35,0,0,0,0,0,383,110,2,86,3,4,0,31,0,0,138,1,2,0,113,754,292,198
ANNE_ARUNDEL_005-007,0,287,0,0,0,6,0,0,0,0,0,1,0,0,0,0,0,0,0,0,0,0,0,0,0,0,0,0,0,0,10,0,0,0,0,0,0,0,0,0,0,0,0,0,0,0,0,0,31,0,0,0,0,0,361,94,0,67,0,0,1,44,0,0,99,0,2,0,124,696,270,161
ANNE_ARUNDEL_005-008,0,392,0,0,0,21,0,0,0,0,0,2,0,0,0,0,0,0,0,0,0,0,0,0,0,0,0,0,0,0,12,0,0,0,0,0,0,0,0,0,0,0,0,0,0,0,0,0,51,0,0,1,0,1,436,104,2,119,4,4,0,59,2,0,105,1,3,0,131,916,309,225
ANNE_ARUNDEL_005-009,0,246,0,0,0,12,0,0,0,0,0,0,0,0,0,0,0,0,0,0,0,0,0,0,0,0,0,0,0,0,6,0,0,0,0,0,0,0,0,0,0,0,0,0,0,0,0,0,37,0,0,0,0,0,295,70,2,63,1,4,0,20,1,0,87,1,0,0,107,596,221,135
ANNE_ARUNDEL_005-010,0,143,0,0,0,2,0,0,0,0,0,0,0,0,0,0,0,0,0,0,0,0,0,0,0,0,0,0,0,0,3,0,0,0,0,0,0,0,0,0,0,0,0,0,0,0,0,0,20,0,0,0,0,0,239,46,0,42,1,1,0,26,0,0,58,1,1,0,89,407,177,88
ANNE_ARUNDEL_005-011,0,328,0,0,0,15,0,0,0,0,0,1,0,0,0,0,0,0,0,0,0,0,0,0,0,0,0,0,0,0,4,0,0,0,0,0,0,0,0,0,0,0,0,0,0,0,0,0,45,0,0,0,0,1,453,118,1,114,1,3,2,56,0,0,85,1,3,0,145,847,296,233
ANNE_ARUNDEL_005-012,0,303,0,0,0,10,0,0,0,0,0,0,0,0,0,0,0,0,0,0,0,0,0,0,0,0,0,0,0,0,12,0,0,0,0,0,0,0,0,0,0,0,0,0,0,0,0,0,48,0,0,0,0,0,354,64,1,81,2,5,1,54,0,0,74,1,3,0,99,727,239,146
ANNE_ARUNDEL_005-013,0,334,0,0,0,10,0,0,0,0,0,0,0,0,0,0,0,0,0,0,0,0,0,0,1,0,0,0,0,0,6,0,0,0,0,0,0,0,0,0,0,0,0,0,0,0,0,0,55,0,0,0,0,0,527,142,2,94,0,3,1,33,0,0,130,2,2,0,180,933,351,238
ANNE_ARUNDEL_005-014,0,265,0,0,0,12,0,0,0,0,0,0,0,0,0,0,0,0,0,0,0,0,0,0,0,0,0,0,0,0,4,0,0,0,0,0,0,0,0,0,0,0,0,0,0,0,0,0,49,0,0,0,0,0,413,80,1,94,0,3,2,52,1,0,81,0,1,0,136,743,276,175
ANNE_ARUNDEL_005-015,0,208,0,0,0,8,0,0,0,0,0,0,0,0,0,0,0,0,0,0,0,0,0,0,0,0,0,0,0,0,0,0,0,0,0,0,0,0,0,0,0,0,0,0,0,0,0,0,42,0,0,0,0,0,282,45,0,52,0,1,0,32,1,0,92,0,1,0,92,540,219,97
ANNE_ARUNDEL_005-016,0,234,0,0,0,6,0,0,0,0,0,0,0,0,0,0,0,0,0,0,0,0,0,0,0,0,0,0,0,0,7,0,0,0,0,0,0,0,0,0,0,0,0,0,0,0,0,0,21,0,0,0,0,0,289,93,1,82,1,4,1,37,1,0,70,1,0,0,94,557,209,176
ANNE_ARUNDEL_005-017,0,511,0,0,0,16,0,0,0,0,0,0,0,0,0,0,0,0,0,0,0,0,0,0,0,0,0,0,0,0,9,0,0,0,0,0,0,0,0,0,0,0,0,0,0,0,0,0,66,0,0,0,0,0,614,176,1,172,4,4,3,60,1,0,95,2,3,0,187,1216,359,349
ANNE_ARUNDEL_005-018,0,440,0,0,0,11,0,0,1,0,0,2,0,0,0,0,0,1,0,0,0,0,0,0,0,0,0,0,0,2,3,0,0,0,0,0,0,0,0,0,0,0,0,0,0,0,0,0,43,0,0,0,0,0,478,145,2,132,2,5,0,34,1,1,97,0,1,0,150,981,291,279
ANNE_ARUNDEL_005-019,0,243,0,0,0,7,0,0,0,0,0,0,0,0,0,0,0,0,0,0,0,0,0,0,0,0,0,0,0,0,6,0,0,0,0,0,0,0,0,0,0,0,0,0,0,0,0,0,37,0,0,0,0,0,421,78,1,57,1,0,0,52,1,0,111,0,2,0,124,714,291,136
ANNE_ARUNDEL_005-020,0,309,0,0,0,5,0,0,0,0,0,0,0,0,0,0,0,0,0,0,0,0,0,0,0,0,0,0,0,0,5,0,0,0,0,0,0,0,0,0,0,0,0,0,0,0,0,0,51,0,0,0,0,0,328,140,0,89,1,2,0,31,0,0,129,0,1,0,104,698,268,229
ANNE_ARUNDEL_005-021,0,533,0,0,0,19,0,0,0,0,0,0,0,0,0,0,0,0,0,0,0,0,0,0,0,0,0,0,0,0,12,0,0,0,0,0,0,0,0,0,0,0,0,0,0,0,0,0,94,0,0,0,0,0,672,172,0,148,3,5,2,83,0,2,115,1,6,1,202,1330,420,320
ANNE_ARUNDEL_005-022,0,479,0,0,0,22,0,0,0,0,0,1,0,0,0,0,0,0,0,0,0,0,0,0,0,0,0,0,0,2,5,0,0,0,0,0,0,0,0,0,0,0,0,0,0,0,0,0,71,0,0,0,0,0,564,129,0,164,3,7,1,43,1,1,112,2,7,0,144,1144,321,293
ANNE_ARUNDEL_005-023,0,265,0,0,0,10,0,0,0,0,0,1,0,0,0,0,0,0,0,0,0,0,0,0,0,0,0,0,0,0,4,0,0,0,0,0,0,0,0,0,0,0,0,0,0,0,0,0,29,0,1,0,0,0,226,91,1,86,1,0,0,27,3,0,100,0,1,0,72,536,204,178
ANNE_ARUNDEL_005-024,0,309,0,0,0,10,0,0,0,0,0,0,0,0,0,0,0,0,0,1,0,0,0,0,0,0,0,0,0,0,7,0,0,0,0,0,0,0,0,0,0,0,0,0,0,0,0,0,37,0,0,0,0,0,411,103,2,70,1,1,3,48,1,1,146,3,2,0,139,775,345,175
ANNE_ARUNDEL_005-025,0,257,0,0,0,15,0,0,0,0,0,0,0,0,0,0,0,0,0,0,0,0,0,0,0,0,0,0,0,0,2,0,0,0,0,0,0,0,0,0,0,0,0,0,0,0,0,0,45,0,0,0,0,0,440,61,0,97,4,0,0,37,0,1,82,1,1,0,149,759,275,158
ANNE_ARUNDEL_005-026,0,705,0,0,0,30,0,0,0,0,0,2,0,0,0,0,0,0,0,0,0,0,0,0,1,0,0,0,0,0,16,0,0,0,0,0,0,0,0,0,0,0,0,0,0,0,0,0,98,0,0,0,0,0,705,246,2,236,4,9,3,79,4,0,158,1,1,0,210,1557,469,484
ANNE_ARUNDEL_005-027,0,354,0,0,0,10,0,0,0,0,0,0,0,0,0,0,0,0,0,0,0,0,0,0,0,0,0,0,0,0,2,0,0,0,0,0,0,0,0,0,0,0,0,0,0,0,0,0,65,0,0,0,0,0,425,119,2,79,1,1,2,37,0,1,100,0,1,0,112,856,255,200
ANNE_ARUNDEL_005-028,0,201,0,0,0,9,0,0,0,0,0,0,0,0,0,0,0,0,0,0,0,0,0,0,0,0,0,0,0,0,2,0,0,0,0,0,0,0,0,0,0,0,0,0,0,0,0,0,16,0,0,0,0,0,215,59,1,39,2,1,0,17,1,2,46,0,1,0,66,443,136,99
ANNE_ARUNDEL_005-029,0,121,0,0,0,5,0,0,0,0,0,2,0,0,0,0,0,0,0,0,0,0,0,0,0,0,0,0,0,0,3,0,0,0,0,0,0,0,0,0,0,0,0,0,0,0,0,0,21,0,0,0,0,0,294,47,2,53,0,2,1,25,0,0,19,0,1,0,80,446,128,102
ANNE_ARUNDEL_005-030,0,176,0,0,0,4,0,0,0,0,0,2,0,0,0,0,0,0,0,0,0,0,0,0,0,0,0,0,0,0,0,0,0,0,0,0,0,0,0,0,0,0,0,0,0,0,0,0,19,0,0,0,0,2,242,51,0,41,0,1,0,32,0,0,48,1,2,0,87,445,171,92
ANNE_ARUNDEL_005-031,0,93,0,0,0,4,0,0,0,0,0,0,0,0,0,0,0,0,0,0,0,0,0,0,0,0,0,0,0,0,1,0,0,0,0,0,0,0,0,0,0,0,0,0,0,0,0,0,6,0,0,0,0,0,118,41,0,13,0,0,0,16,0,0,25,0,0,0,32,222,73,54
ANNE_ARUNDEL_005-032,0,155,0,0,0,2,0,0,0,0,0,0,0,0,0,0,0,0,0,0,0,0,0,0,0,0,0,0,0,0,0,0,0,0,0,0,0,0,0,0,0,0,0,0,0,0,0,0,13,0,0,0,0,0,113,52,0,30,0,1,0,12,1,0,17,1,1,1,30,283,64,82
ANNE_ARUNDEL_005-033,0,252,0,0,0,13,0,0,0,0,0,0,0,0,0,0,0,0,0,0,0,0,0,0,0,0,0,0,0,0,8,0,0,0,0,0,0,0,0,0,0,0,0,0,0,0,0,0,60,0,0,0,0,0,509,94,2,67,1,1,1,47,2,0,112,0,3,0,165,842,332,163
ANNE_ARUNDEL_005-034,0,221,0,0,0,6,0,0,0,0,0,0,0,0,0,0,0,0,0,0,0,0,0,0,0,0,0,0,0,0,3,0,0,0,0,0,0,0,0,0,0,0,0,0,0,0,0,0,47,0,0,0,0,0,282,81,0,64,1,3,1,29,1,1,70,0,0,1,95,559,202,145
ANNE_ARUNDEL_005-035,0,38,0,0,0,1,0,0,0,0,0,0,0,0,0,0,0,0,0,0,0,0,0,0,0,0,0,0,0,0,0,0,0,0,0,0,0,0,0,0,0,0,0,0,0,0,0,0,12,0,0,0,0,0,25,13,0,14,0,0,0,4,0,0,3,0,0,0,10,76,17,27
ANNE_ARUNDEL_006-001,0,525,0,0,0,17,0,0,0,0,0,0,0,0,0,0,0,0,0,0,0,0,0,0,0,0,0,0,0,0,5,0,0,0,0,0,0,0,0,0,0,0,0,0,0,0,0,0,51,0,0,0,0,0,336,273,3,169,2,2,0,30,1,0,148,0,3,0,104,934,290,445
ANNE_ARUNDEL_006-002,0,441,0,0,0,18,0,0,0,0,0,0,0,0,0,0,0,0,0,0,0,0,0,0,0,0,0,0,0,0,9,0,0,0,0,0,0,0,0,0,0,0,0,0,0,0,0,0,45,0,0,0,0,0,348,161,7,151,3,2,1,34,0,0,121,1,2,0,106,861,270,319
ANNE_ARUNDEL_006-003,0,459,0,0,0,6,0,0,0,0,0,0,0,0,0,0,0,0,0,0,0,0,0,0,0,0,0,0,0,1,0,0,0,0,0,0,0,0,0,0,0,0,0,0,0,0,0,0,16,0,0,0,0,0,71,193,0,60,1,2,0,8,0,0,13,0,1,0,18,553,43,253
ANNE_ARUNDEL_006-004,0,217,0,0,0,8,0,0,0,0,0,0,0,0,1,0,0,0,0,0,0,0,0,0,0,0,0,0,0,0,4,0,0,0,0,0,0,0,0,0,0,0,0,0,0,0,0,0,16,0,0,0,0,0,57,78,0,54,0,1,1,7,0,0,8,0,0,0,14,303,31,132
ANNE_ARUNDEL_006-005,0,294,0,0,0,5,0,0,0,0,0,0,0,0,0,0,0,0,0,0,0,0,0,0,0,0,0,0,0,0,3,0,0,0,0,0,0,0,0,0,0,0,0,0,0,0,0,0,29,0,0,0,0,0,238,114,0,68,0,1,0,16,0,0,76,0,1,1,75,569,170,182
ANNE_ARUNDEL_006-006,0,435,0,0,0,12,0,0,0,0,0,0,0,0,0,0,0,0,0,0,0,0,0,0,0,0,0,0,0,0,4,0,0,0,0,0,0,0,0,0,0,0,0,0,0,0,0,0,14,0,0,0,0,0,95,110,0,59,0,1,0,7,0,0,15,2,1,1,24,560,51,169
ANNE_ARUNDEL_006-007,0,314,0,0,0,4,0,0,0,0,0,0,0,0,0,0,0,0,0,0,0,0,0,0,1,0,0,0,0,0,1,0,0,0,0,0,0,0,0,0,0,0,0,0,0,0,0,0,27,0,0,0,0,0,122,116,0,75,0,1,2,11,1,0,39,0,3,0,43,469,100,191
ANNE_ARUNDEL_006-008,0,457,0,0,0,14,0,0,0,0,0,0,0,0,0,0,0,0,0,0,0,0,0,0,0,0,0,0,0,1,3,0,0,0,1,0,0,0,0,0,0,0,0,0,0,0,0,0,32,0,0,0,0,0,261,191,1,130,1,1,0,22,0,0,87,1,1,0,88,769,201,322
ANNE_ARUNDEL_006-009,0,365,0,0,0,8,0,0,0,0,0,0,0,0,0,0,0,0,0,0,0,0,0,0,0,0,0,0,0,0,3,0,0,0,0,0,0,0,0,0,0,0,0,0,0,0,0,0,44,1,0,0,0,0,357,159,2,116,0,1,0,20,0,0,86,0,0,0,120,778,227,277
ANNE_ARUNDEL_006-010,0,218,0,0,0,5,0,0,0,0,0,0,0,0,0,0,0,0,0,0,0,0,0,0,0,0,0,0,0,0,2,0,0,0,0,0,0,0,0,0,0,0,0,0,0,0,0,0,25,0,0,0,0,0,218,82,1,42,0,2,0,20,0,1,55,0,0,0,71,468,149,125
ANNE_ARUNDEL_006-011,0,277,0,0,0,7,0,0,0,0,0,0,0,0,0,0,0,0,0,0,0,0,0,0,0,0,0,0,0,0,4,0,0,0,0,0,0,0,0,0,0,0,0,0,0,0,0,0,21,0,0,0,0,0,132,109,1,96,0,0,0,20,0,0,39,0,1,0,47,441,107,206
ANNE_ARUNDEL_006-012,0,544,0,0,0,13,0,0,0,0,0,0,0,0,0,0,0,0,0,0,0,0,0,0,0,0,0,0,0,0,9,0,0,0,0,0,0,0,0,0,0,0,0,0,0,0,0,0,40,0,0,0,0,0,237,204,2,119,1,1,1,21,2,0,88,1,2,0,57,843,174,325
ANNE_ARUNDEL_006-013,0,282,0,0,0,6,0,0,0,0,0,0,0,0,0,0,0,0,0,0,0,0,0,0,0,0,0,0,0,1,1,0,0,0,0,0,0,0,0,0,0,0,0,0,0,0,0,0,16,0,0,0,0,0,121,121,0,54,1,0,0,8,0,0,39,0,1,0,26,427,75,175
ANNE_ARUNDEL_006-014,0,726,0,0,0,7,0,0,0,0,0,0,0,0,0,0,0,0,0,0,0,0,0,0,0,0,0,0,0,0,0,0,0,0,0,0,0,0,0,0,0,0,0,0,0,0,0,0,26,0,0,0,0,0,120,269,0,97,0,1,1,14,1,0,31,0,0,0,44,879,92,366
ANNE_ARUNDEL_006-015,0,384,0,0,0,10,0,0,0,0,0,0,0,0,0,0,0,0,0,0,0,0,0,0,0,0,0,0,0,0,3,0,0,0,0,0,0,0,0,0,0,0,0,0,0,0,0,0,30,0,0,0,0,0,197,178,1,99,0,0,0,16,0,2,47,0,0,0,41,624,106,278
ANNE_ARUNDEL_006-016,0,365,0,0,0,3,0,0,0,0,0,0,0,0,0,0,0,0,0,0,0,0,0,0,0,0,0,0,0,0,3,0,0,0,0,0,0,0,0,0,0,0,0,0,0,0,0,0,17,0,0,0,0,0,63,136,0,47,0,2,0,7,0,0,23,1,0,0,24,451,57,183
ANNE_ARUNDEL_006-017,1,435,0,0,0,11,0,0,0,0,0,0,0,0,0,0,0,0,0,0,0,0,0,0,0,0,0,0,0,0,6,0,0,0,0,0,0,0,0,0,0,0,0,0,0,0,0,0,37,0,0,0,0,0,285,162,1,107,4,0,2,19,0,0,84,0,1,1,76,775,187,270
ANNE_ARUNDEL_006-018,0,489,0,0,0,12,0,0,0,0,0,0,0,0,0,0,0,1,0,0,0,0,0,0,0,0,0,0,0,1,3,0,0,0,0,0,0,0,0,0,0,0,0,0,0,0,0,0,35,0,1,0,0,0,334,207,0,154,3,1,0,22,0,0,101,0,0,0,109,876,236,361
ANNE_ARUNDEL_006-019,0,358,0,0,0,13,0,0,0,1,0,0,0,0,0,0,0,0,0,0,0,0,0,0,0,0,0,0,0,0,7,0,0,0,0,0,0,0,0,0,0,0,0,0,0,0,0,0,37,0,0,0,0,0,468,169,0,82,3,6,0,37,0,0,127,1,4,0,169,884,347,251
ANNE_ARUNDEL_006-020,0,229,0,0,0,7,0,0,0,0,0,0,0,0,0,0,0,0,0,0,0,0,0,0,0,0,0,0,0,0,1,0,0,0,0,0,0,0,0,0,0,0,0,0,0,0,0,0,13,0,0,0,0,0,264,128,0,59,0,0,1,33,0,0,84,0,0,0,111,514,229,187
ANNE_ARUNDEL_006-021,0,194,0,0,0,6,0,0,0,0,0,1,0,0,0,0,0,0,0,0,0,0,0,0,0,0,0,0,0,0,3,0,0,0,0,0,0,0,0,0,0,0,0,0,0,0,0,0,31,0,0,0,0,0,259,74,0,69,2,1,2,29,1,0,58,1,2,0,89,494,185,143
ANNE_ARUNDEL_006-022,0,450,0,0,0,16,0,0,0,0,0,1,0,0,0,0,0,0,0,0,0,0,0,0,0,0,0,0,0,0,6,0,0,0,0,0,0,0,0,0,0,0,0,0,0,0,0,0,55,0,0,0,0,0,402,151,2,120,0,1,1,52,0,0,67,0,5,0,136,930,262,273
ANNE_ARUNDEL_006-023,0,412,0,0,0,17,0,0,0,0,0,0,0,0,0,0,0,0,0,0,0,0,0,0,0,0,0,0,0,2,3,0,0,0,0,0,0,0,0,0,0,0,0,0,0,0,0,0,45,0,0,0,0,0,317,180,1,149,2,3,1,21,0,1,75,4,1,1,128,796,237,330
ANNE_ARUNDEL_006-024,0,439,0,0,0,7,0,0,0,0,0,0,0,0,0,0,0,0,0,0,0,0,0,0,0,0,0,0,0,0,4,0,0,0,0,0,0,0,0,0,0,0,0,0,0,0,0,0,36,0,0,0,1,0,231,225,0,92,0,0,0,14,0,0,69,1,0,0,72,718,156,317
ANNE_ARUNDEL_006-025,0,388,0,0,0,7,0,0,0,0,0,0,0,0,0,0,0,0,0,0,0,0,0,0,0,0,0,0,0,0,1,0,0,0,0,0,0,0,0,0,0,0,0,0,0,0,0,0,44,0,0,0,0,0,401,171,1,97,4,2,0,35,0,0,124,0,3,0,119,841,287,269
ANNE_ARUNDEL_006-026,0,373,0,0,0,16,0,0,0,0,0,0,0,0,0,0,0,0,0,0,0,0,0,0,0,0,0,0,0,0,10,0,0,0,0,0,0,0,0,0,0,0,0,0,0,0,0,0,47,0,0,0,0,0,516,143,0,90,2,1,0,59,0,0,140,0,4,0,159,962,365,233
ANNE_ARUNDEL_006-027,0,186,0,0,0,7,0,0,0,0,0,0,0,0,0,0,0,0,0,0,0,0,0,0,0,0,0,0,0,0,0,0,0,0,0,0,0,0,0,0,0,0,0,0,0,0,0,0,23,0,0,0,0,0,322,73,2,43,1,1,0,40,0,0,69,1,1,2,104,538,219,118
ANNE_ARUNDEL_006-028,0,269,0,0,0,5,0,0,0,0,0,0,0,0,0,0,0,0,0,0,0,0,0,0,0,0,0,0,0,0,2,0,0,0,0,0,0,0,0,0,0,0,0,0,0,0,0,0,26,0,0,0,0,0,399,100,0,57,1,1,0,59,1,1,73,0,1,0,128,701,265,157
ANNE_ARUNDEL_006-029,0,244,0,0,0,10,0,0,0,0,0,0,0,0,0,0,0,0,0,0,0,0,0,0,0,0,0,0,0,0,6,0,0,0,0,0,0,0,0,0,0,0,0,0,0,0,0,0,25,0,0,0,0,0,273,95,2,51,0,2,0,26,0,0,95,0,1,0,75,558,199,148
ANNE_ARUNDEL_006-030,0,435,0,0,0,9,0,0,0,0,0,0,0,0,0,0,0,0,0,0,0,0,0,0,0,0,0,1,0,0,0,0,0,0,0,0,0,0,0,0,0,0,0,0,0,0,0,0,36,0,0,0,0,0,329,194,0,132,1,2,0,26,1,0,107,1,1,0,103,810,242,326
ANNE_ARUNDEL_006-031,0,264,0,0,0,5,0,0,0,0,0,0,0,0,0,0,0,0,0,0,0,0,0,0,0,0,0,0,0,0,9,0,0,0,0,0,0,0,0,0,0,0,0,0,0,0,0,0,29,0,0,0,0,0,348,120,0,44,3,0,0,42,0,0,119,0,1,0,138,655,303,164
ANNE_ARUNDEL_006-032,0,232,0,0,0,5,0,0,0,0,0,1,0,0,0,0,0,0,0,0,0,0,0,0,1,0,0,0,0,0,2,0,0,0,0,0,0,0,0,0,0,0,0,0,0,0,0,0,31,0,0,0,0,0,257,131,2,63,3,3,1,28,0,0,89,0,1,0,88,529,213,196
ANNE_ARUNDEL_007-001,0,405,0,0,0,10,0,0,0,1,0,0,0,0,0,0,0,0,0,0,0,0,0,0,0,0,0,0,0,0,6,0,0,0,0,0,0,0,0,0,0,0,0,0,0,0,0,0,46,0,0,0,0,0,866,155,3,129,1,3,2,74,1,0,90,0,2,0,259,1334,432,287
ANNE_ARUNDEL_007-002,0,460,0,0,0,15,0,0,0,0,0,0,0,0,0,0,0,0,0,0,0,0,0,0,0,0,0,0,0,0,5,0,0,0,0,0,0,0,0,0,0,0,0,0,0,0,0,0,45,0,0,0,0,0,796,207,2,127,1,3,2,77,0,0,91,1,3,0,242,1321,420,336
ANNE_ARUNDEL_007-003,0,371,0,0,0,8,0,0,0,0,0,0,0,0,0,0,0,0,0,0,0,0,0,0,0,0,0,0,0,0,5,0,0,0,0,0,0,0,0,0,0,0,0,0,0,0,0,0,39,0,0,0,0,0,413,184,2,103,1,0,3,32,0,1,48,0,4,0,132,836,221,289
ANNE_ARUNDEL_007-004,0,235,0,0,0,14,0,0,0,0,0,0,0,0,0,0,0,0,0,0,0,0,0,0,0,0,0,0,0,0,3,0,0,0,0,0,0,0,0,0,0,0,0,0,0,0,0,0,27,0,0,0,0,0,459,97,2,89,0,2,0,33,1,0,63,0,0,1,138,738,238,188
ANNE_ARUNDEL_007-005,0,428,0,0,0,13,0,0,0,0,0,0,0,0,0,0,0,0,0,0,0,0,0,0,0,0,0,0,0,0,8,0,0,0,0,0,0,0,0,0,0,0,0,0,0,0,0,0,55,0,0,0,0,0,775,124,2,166,2,2,0,62,1,1,84,3,3,0,233,1279,391,292
ANNE_ARUNDEL_007-006,0,365,0,0,0,15,0,0,0,0,0,0,0,0,0,0,0,0,0,0,0,0,0,0,0,0,0,0,0,0,6,0,0,0,0,0,0,0,0,0,0,0,0,0,0,0,0,0,71,0,0,0,0,0,801,129,6,104,2,4,1,68,0,1,93,1,1,0,251,1258,422,239
ANNE_ARUNDEL_007-007,0,379,0,0,0,10,0,0,0,0,0,2,0,0,0,0,0,0,0,0,0,0,0,0,0,0,0,0,0,2,11,0,0,0,0,0,0,0,0,0,0,0,0,0,0,0,0,0,41,0,0,0,0,0,634,147,3,105,2,2,3,49,2,2,110,1,2,0,224,1079,397,255
ANNE_ARUNDEL_007-008,0,340,0,0,0,10,0,0,0,0,0,0,0,0,0,0,0,0,0,0,0,0,0,0,0,0,0,0,0,0,5,0,0,0,0,0,0,0,0,0,0,0,0,0,0,0,0,0,31,0,0,0,0,0,522,120,3,95,2,8,0,49,0,0,64,0,1,1,166,908,291,218
ANNE_ARUNDEL_007-009,0,348,0,0,0,7,0,0,0,0,0,0,0,0,0,0,0,0,0,0,0,0,0,0,0,0,0,0,0,0,2,0,0,0,0,0,0,0,0,0,0,0,0,1,0,0,0,0,33,0,0,0,0,0,569,118,0,72,1,1,1,37,0,1,44,1,2,2,142,960,232,190
ANNE_ARUNDEL_007-010,1,337,0,0,0,6,0,0,0,0,0,0,0,0,0,0,0,0,0,0,0,0,0,0,0,0,0,0,0,0,1,0,0,0,0,0,0,0,0,0,0,0,0,0,0,0,0,0,47,0,0,0,0,0,669,121,1,105,2,6,0,45,0,0,68,2,2,0,214,1061,339,227
ANNE_ARUNDEL_007-011,0,77,0,0,0,0,0,0,0,0,0,0,0,0,0,0,0,0,0,0,0,0,0,0,0,0,0,0,0,0,3,0,0,0,0,0,0,0,0,0,0,0,0,0,0,0,0,0,19,0,0,0,0,0,186,42,0,18,1,0,1,20,1,0,32,0,3,0,60,285,118,60
ANNE_ARUNDEL_007-012,0,216,0,0,0,10,0,0,0,0,0,0,0,0,0,0,0,0,0,0,0,0,0,0,0,0,0,0,0,0,2,0,0,0,0,0,0,0,0,0,0,0,0,0,0,0,0,0,32,0,0,0,0,0,369,85,0,80,0,2,0,31,0,0,56,0,1,0,116,629,206,165
ANNE_ARUNDEL_007-013,0,402,0,0,0,14,0,0,0,0,0,0,0,0,0,0,0,0,0,0,0,0,0,0,0,0,0,0,0,0,11,0,0,0,0,0,0,0,0,0,0,0,0,0,0,0,0,0,42,0,0,0,0,0,611,141,3,85,1,4,2,65,1,0,115,1,1,0,216,1080,406,229
ANNE_ARUNDEL_007-014,0,378,0,0,0,12,0,0,0,0,0,0,0,0,0,0,0,0,0,0,0,0,0,0,0,0,0,0,0,0,18,0,0,0,0,0,0,0,0,0,0,0,0,0,0,0,0,0,58,0,0,0,0,0,369,156,0,101,3,1,0,42,1,1,99,1,4,0,111,835,263,257
ANNE_ARUNDEL_007-015,0,433,0,0,0,10,0,0,0,0,0,2,0,0,0,0,0,0,0,0,0,0,0,0,0,0,0,0,0,1,12,0,0,0,0,0,0,0,0,0,0,0,0,0,0,0,0,0,45,0,0,0,0,0,490,180,0,125,2,6,1,64,2,0,111,1,5,0,144,993,336,305
ANNE_ARUNDEL_007-016,0,588,0,0,0,14,0,0,0,0,0,1,0,0,0,0,0,0,0,0,0,1,0,0,0,0,0,0,0,0,10,0,0,0,0,0,0,0,0,0,0,0,0,0,0,0,0,0,49,0,0,0,0,0,394,203,0,133,2,2,0,48,0,2,114,1,3,0,99,1057,271,336
ANNE_ARUNDEL_007-017,0,340,0,0,0,10,0,0,0,0,0,0,0,0,0,0,0,0,0,0,0,0,0,0,0,0,0,0,0,0,10,0,0,0,0,0,0,0,0,0,0,0,0,0,0,0,0,0,35,0,0,0,0,0,329,94,0,83,2,5,3,43,0,0,79,0,2,0,70,724,204,177
ANNE_ARUNDEL_007-018,0,460,0,0,0,17,0,0,0,0,0,0,0,0,0,0,0,0,0,0,0,0,0,0,0,0,0,0,0,0,10,0,0,0,0,0,0,0,0,0,0,0,0,0,0,0,0,0,55,0,1,0,0,0,509,150,0,98,1,1,2,69,2,1,93,0,4,1,126,1052,300,248
ANNE_ARUNDEL_007-019,0,180,0,0,0,7,0,0,0,0,0,0,0,0,0,0,0,0,0,0,0,0,0,0,0,0,0,0,0,0,5,0,0,0,0,0,0,0,0,0,0,0,0,0,0,0,0,0,22,0,0,0,0,0,300,71,1,44,1,5,0,26,1,1,71,0,3,0,117,514,225,116
ANNE_ARUNDEL_007-020,0,424,0,0,0,22,0,0,0,0,0,0,0,0,0,0,0,0,0,0,0,0,0,0,0,0,0,0,0,0,6,0,0,0,0,0,0,0,0,0,0,0,0,0,0,0,0,0,46,0,0,0,0,0,350,128,0,118,2,2,0,49,3,1,44,2,1,0,95,848,199,246
ANNE_ARUNDEL_007-021,0,323,0,0,0,17,0,0,0,0,0,0,0,0,0,0,0,0,0,0,0,0,0,0,0,0,0,0,0,0,8,0,0,0,0,0,0,0,0,0,0,0,0,0,0,0,0,0,32,0,0,0,0,0,743,140,4,88,1,2,2,68,0,1,75,3,1,0,242,1123,395,232
ANNE_ARUNDEL_007-022,0,240,0,0,0,10,0,0,0,0,0,0,0,0,0,0,0,0,0,0,0,0,0,0,0,0,0,0,0,0,8,0,0,0,0,0,0,0,0,0,0,0,0,0,0,0,0,0,45,0,0,0,0,0,500,108,1,85,2,0,1,57,1,0,102,0,2,0,182,803,347,194
ANNE_ARUNDEL_007-023,0,349,0,0,0,13,0,0,0,2,0,0,0,0,0,0,0,0,0,0,0,1,0,0,0,0,0,0,0,0,10,0,0,0,0,0,0,1,0,0,0,0,0,0,0,0,0,0,58,0,0,0,0,0,583,122,0,81,1,3,1,41,0,0,128,1,7,0,189,1017,371,203
ANNE_ARUNDEL_007-024,0,508,0,0,0,14,0,0,0,0,0,0,0,0,0,0,0,0,0,0,0,0,0,0,0,0,0,0,0,0,12,0,0,0,0,0,0,0,0,0,0,0,0,0,0,0,0,0,49,1,0,0,0,0,544,186,0,111,2,8,1,73,0,0,115,1,0,0,151,1128,351,297
ANNE_ARUNDEL_007-025,0,322,0,0,0,11,0,0,0,0,0,0,0,0,0,0,0,0,0,2,0,0,0,0,0,0,0,0,0,0,7,0,0,0,0,0,0,0,0,0,0,0,0,0,0,0,0,0,45,0,0,0,0,0,675,128,3,103,0,7,1,51,0,0,68,0,2,0,213,1062,342,234
ANNE_ARUNDEL_007-026,0,400,0,0,0,8,0,0,0,0,0,0,0,0,0,0,0,0,0,0,0,0,0,0,0,0,0,0,0,0,5,0,0,0,0,0,0,0,0,0,0,0,0,0,0,0,0,0,44,0,0,0,1,0,477,147,0,102,4,1,1,45,1,0,136,1,2,0,140,935,331,249
ANNE_ARUNDEL_007-027,0,341,0,0,0,11,0,0,0,0,0,0,0,0,0,0,0,0,0,0,0,0,0,0,0,0,0,0,0,0,5,0,0,0,0,0,0,0,0,0,0,0,0,0,0,0,0,0,52,0,0,0,0,0,594,127,0,71,3,2,0,36,0,1,117,1,3,0,216,1003,379,198
BALTIMORE_001-001,0,1088,0,0,0,26,0,0,0,0,0,1,0,0,0,0,0,0,0,0,0,0,0,0,0,0,0,0,0,0,0,0,0,0,0,0,0,0,0,0,0,0,0,0,0,0,0,0,23,0,0,0,0,0,94,580,0,280,0,0,0,17,0,0,9,2,0,0,29,1232,57,860
BALTIMORE_001-002,0,562,0,0,0,11,0,0,0,0,0,0,0,0,0,0,0,0,0,0,0,0,0,0,0,0,0,0,0,0,3,0,0,0,0,0,0,0,0,0,0,0,0,0,0,0,0,0,15,0,0,0,0,0,72,257,1,141,1,0,0,7,0,1,8,1,1,0,17,663,36,399
BALTIMORE_001-003,0,861,0,0,0,29,0,0,0,0,0,0,0,0,0,0,0,0,0,0,0,0,0,0,0,0,0,0,0,0,12,0,0,0,0,0,0,0,0,0,0,0,0,0,0,0,0,0,43,0,0,0,0,1,259,487,1,246,1,1,0,44,1,0,48,0,0,1,59,1205,155,734
BALTIMORE_001-004,1,967,0,0,0,29,0,0,0,0,0,0,0,0,0,0,0,0,0,0,0,0,0,0,0,0,0,0,0,0,7,0,0,0,0,0,0,0,0,0,0,0,0,0,0,0,0,0,27,0,0,0,0,1,306,522,3,303,0,4,1,39,1,0,43,1,1,0,78,1338,168,828
BALTIMORE_001-005,0,1072,0,0,0,26,0,0,0,0,0,2,0,0,0,0,0,0,0,0,0,0,0,0,0,0,0,0,0,0,4,0,0,0,0,0,0,0,0,0,0,0,0,0,0,0,0,0,28,0,0,0,0,0,251,592,2,278,4,1,0,23,2,0,16,1,1,0,75,1383,123,872
BALTIMORE_001-006,0,1272,0,0,0,17,0,0,0,0,0,0,0,0,0,0,0,0,0,0,0,0,0,0,0,0,0,0,0,0,0,0,0,0,0,0,0,0,0,0,0,0,0,0,0,0,0,0,19,0,0,0,0,0,99,748,1,307,1,2,1,13,0,0,14,1,0,0,25,1407,57,1056
BALTIMORE_001-007,0,545,0,0,0,13,0,0,0,0,0,0,0,0,0,0,0,0,0,0,0,0,0,0,0,0,0,0,0,0,7,0,0,0,0,0,0,0,0,0,0,0,0,0,0,0,0,0,36,0,0,0,0,0,209,204,1,212,0,1,1,37,0,0,30,1,1,0,72,810,143,417
BALTIMORE_001-008,0,833,0,0,0,33,0,0,0,0,0,1,0,0,0,0,0,0,0,0,0,0,0,0,0,0,0,0,0,3,13,0,0,0,0,0,0,0,0,0,0,0,0,0,0,0,0,0,89,0,0,0,0,0,523,307,3,405,1,6,1,64,2,0,107,1,5,0,138,1495,325,715
BALTIMORE_001-009,0,592,0,0,0,20,0,0,0,0,0,1,0,0,0,0,0,0,0,0,0,0,0,0,1,0,0,0,0,0,4,0,0,0,0,0,0,0,0,0,0,0,0,0,0,0,0,0,53,0,0,0,1,0,297,263,2,170,2,5,1,25,3,0,30,1,1,0,100,969,168,435
BALTIMORE_001-010,0,694,0,0,0,33,0,0,0,0,0,0,0,0,0,0,0,0,0,0,0,0,0,0,0,0,0,0,0,1,6,0,0,0,0,0,0,0,0,0,0,0,0,0,0,0,0,0,79,0,0,0,0,0,449,297,3,299,1,4,1,61,0,0,104,0,2,2,130,1262,305,599
BALTIMORE_001-011,0,614,0,0,0,26,0,0,0,0,0,2,0,0,0,0,0,0,0,0,0,0,0,0,0,0,0,0,0,2,8,0,0,0,0,0,0,0,0,0,0,0,0,0,0,0,0,0,76,0,0,0,0,0,619,239,8,278,2,5,3,56,0,0,133,0,4,2,206,1347,411,525
BALTIMORE_001-012,0,684,0,0,0,28,0,0,0,0,0,0,0,0,0,0,0,0,0,0,0,0,1,0,0,0,0,0,1,3,15,0,0,0,0,0,0,0,0,0,0,0,0,0,0,0,0,0,84,0,0,0,1,0,641,286,9,341,1,5,1,89,1,0,159,2,5,3,216,1458,482,636
BALTIMORE_001-013,0,636,0,0,0,19,0,0,0,0,0,0,0,0,0,0,1,0,0,0,0,0,0,0,0,0,0,0,0,1,6,0,0,0,0,0,0,0,0,0,0,0,0,0,0,0,0,0,74,0,0,0,0,0,493,310,3,321,0,4,0,70,0,0,122,4,2,0,165,1230,367,634
BALTIMORE_001-014,0,406,0,0,0,16,0,0,0,0,0,2,0,0,0,0,0,0,0,0,0,0,0,0,0,0,0,0,0,0,8,0,0,0,1,0,0,0,0,0,0,0,0,0,0,0,0,0,51,0,0,0,0,0,486,191,3,201,2,4,1,60,0,0,136,1,2,0,156,970,362,395
BALTIMORE_001-015,0,620,0,0,0,29,0,0,0,0,0,0,0,0,0,0,0,0,0,0,0,0,0,0,0,0,0,0,0,2,10,0,0,0,0,0,0,0,0,0,0,0,0,0,0,0,0,0,78,1,0,0,0,0,518,236,3,262,1,2,0,62,2,0,77,2,2,0,141,1258,289,501
BALTIMORE_001-016,0,532,0,0,0,8,0,0,0,0,0,1,0,0,0,0,0,0,0,0,0,0,0,0,0,0,0,0,0,0,8,0,0,0,0,0,0,0,0,0,0,0,0,0,0,0,0,0,31,0,0,0,0,0,490,337,3,139,5,10,1,62,1,2,170,1,2,0,142,1070,396,479
BALTIMORE_001-017,1,1269,0,0,0,27,0,0,0,0,0,0,0,0,0,0,0,0,0,0,0,0,0,0,0,0,0,0,0,0,3,0,0,0,0,0,0,0,0,0,0,0,0,0,0,0,0,0,22,0,0,0,0,0,131,587,0,317,1,2,0,13,1,0,17,1,0,1,33,1453,69,904
BALTIMORE_002-001,0,540,0,0,0,10,0,0,0,0,0,0,0,0,0,0,0,0,0,0,0,0,0,0,0,0,0,0,0,0,0,0,0,0,0,0,0,0,0,0,0,0,0,0,0,0,0,0,4,0,0,0,0,0,33,363,0,119,0,1,0,2,0,0,1,0,0,0,1,587,5,482
BALTIMORE_002-002,0,802,0,0,0,10,0,0,0,0,0,0,0,0,0,0,0,0,0,0,0,0,0,0,0,0,0,0,0,0,0,0,0,0,0,0,0,0,0,0,0,0,0,0,0,0,0,0,8,0,0,0,0,0,35,517,1,205,1,1,0,3,1,0,4,0,0,0,9,855,19,723
BALTIMORE_002-003,0,124,0,0,0,2,0,0,0,0,0,0,0,0,0,0,0,0,0,0,0,0,0,0,0,0,0,0,0,0,0,0,0,0,0,0,0,0,0,0,0,0,0,0,0,0,0,0,4,0,0,0,0,0,10,74,0,30,0,0,0,2,0,0,1,0,0,0,4,140,7,104
BALTIMORE_002-004,0,844,0,0,0,9,0,0,0,0,0,0,0,0,0,0,0,0,0,0,0,0,0,0,0,0,0,0,0,0,0,0,0,0,0,0,0,0,0,0,0,0,0,0,0,0,0,0,8,0,0,0,0,0,43,535,2,158,0,0,0,6,0,0,3,0,0,0,9,904,18,695
BALTIMORE_002-005,0,735,0,0,0,8,0,0,0,0,0,0,0,0,0,0,0,0,0,0,0,0,0,0,0,0,0,0,0,0,0,0,0,0,0,0,0,0,0,0,0,0,0,0,0,0,0,0,7,0,0,0,0,0,41,475,1,132,1,1,0,5,0,0,6,0,0,0,9,791,22,608
BALTIMORE_002-006,0,886,0,0,0,23,0,0,0,0,0,0,0,0,0,0,0,0,0,0,0,0,0,0,0,0,0,0,0,0,2,0,0,0,0,0,0,0,0,0,0,0,0,0,0,0,0,0,10,0,0,0,0,0,63,538,0,173,0,0,0,4,0,0,4,0,0,0,17,984,25,711
BALTIMORE_002-007,0,730,0,0,0,9,0,0,0,0,0,0,0,0,0,0,0,0,0,0,0,0,0,0,0,0,0,0,0,0,0,0,0,0,0,0,0,0,0,0,0,0,0,0,0,0,0,0,10,0,0,0,0,0,45,364,0,167,0,0,0,8,0,0,2,0,0,0,2,794,12,531
BALTIMORE_002-008,0,879,0,0,0,15,0,0,0,0,0,0,0,0,0,0,0,0,0,0,0,0,0,0,0,0,0,0,0,0,0,0,0,0,0,0,0,0,0,0,0,0,0,0,0,0,0,0,11,0,0,0,0,0,74,548,1,201,0,0,0,8,0,1,9,1,1,0,16,979,36,750
BALTIMORE_002-009,0,712,0,0,0,10,0,0,0,0,0,0,0,0,0,0,0,0,0,0,0,0,0,0,0,0,0,0,0,0,1,0,0,0,0,0,0,0,0,0,0,0,0,0,0,0,0,0,8,0,0,0,0,0,44,351,0,133,0,2,0,1,0,0,3,0,0,0,11,775,17,484
BALTIMORE_002-010,1,1071,0,0,0,14,0,0,0,0,0,0,0,0,0,0,0,0,0,0,0,0,0,0,0,0,0,0,0,0,1,0,0,0,0,0,0,0,0,0,0,0,0,0,0,0,0,0,15,0,0,0,0,0,71,688,3,233,1,2,0,12,0,1,8,0,0,0,15,1173,39,924
BALTIMORE_002-011,0,1152,0,0,0,26,0,0,0,0,0,0,0,0,0,0,0,0,0,0,0,0,0,0,0,0,0,0,0,1,0,0,0,0,0,0,0,0,0,0,0,0,0,0,0,0,0,0,14,0,0,0,0,0,107,549,0,241,0,1,1,16,0,1,11,0,1,0,29,1300,60,790
BALTIMORE_002-012,0,1022,0,0,0,25,0,0,0,0,0,0,0,0,0,0,0,0,0,0,0,0,0,0,0,0,0,0,0,0,0,0,0,0,0,0,0,0,0,0,0,0,0,0,0,0,0,0,21,0,0,0,0,0,110,610,0,237,1,2,0,18,0,0,6,0,1,0,46,1178,74,847
BALTIMORE_002-013,0,937,0,0,0,24,0,0,0,0,0,0,0,0,0,0,0,0,0,0,0,0,0,0,0,0,0,0,0,0,2,0,0,0,0,0,0,0,0,0,0,0,0,0,0,0,0,0,8,0,0,0,1,0,78,584,2,221,0,3,0,16,0,2,6,0,0,0,21,1050,48,807
BALTIMORE_002-014,0,953,0,0,0,18,0,0,0,0,0,0,0,0,0,0,0,0,0,0,0,0,0,0,0,0,0,0,0,0,0,0,0,0,0,0,0,0,0,0,0,0,0,0,0,0,0,0,12,0,0,0,0,0,58,633,1,224,1,0,0,0,1,1,1,0,0,0,11,1041,15,858
BALTIMORE_002-015,0,1186,0,0,0,16,0,0,0,0,0,0,0,0,0,0,0,0,0,0,0,0,0,0,0,0,0,0,0,0,5,0,0,0,0,0,0,0,0,0,0,0,0,0,0,0,0,0,22,0,0,0,0,0,125,598,2,229,0,3,1,19,0,0,23,0,0,0,21,1354,67,829
BALTIMORE_002-016,0,416,0,0,0,7,0,0,0,0,0,0,0,0,0,0,0,0,0,0,0,0,0,0,0,0,0,0,0,0,1,0,0,0,0,0,0,0,0,0,0,0,0,0,0,0,0,0,4,0,0,0,0,0,51,225,0,117,0,3,0,5,0,0,6,0,0,0,12,479,26,342
BALTIMORE_002-017,0,823,0,0,0,19,0,0,0,0,1,0,0,0,0,1,0,0,0,0,0,0,0,0,0,0,0,0,0,0,1,0,0,0,0,0,0,0,0,0,0,0,0,0,0,0,0,0,7,0,0,0,0,0,62,446,0,197,2,5,0,4,0,0,4,0,1,0,9,914,25,643
BALTIMORE_002-018,0,389,0,0,0,8,0,0,0,0,0,0,0,0,0,0,0,0,0,0,0,0,0,0,0,0,0,0,0,0,0,0,0,0,0,0,0,0,0,0,0,0,0,0,0,0,0,0,5,0,0,0,0,0,83,259,0,86,2,1,0,12,0,0,7,0,0,0,23,485,45,345
BALTIMORE_002-019,0,253,0,0,0,17,0,0,0,0,0,0,0,0,0,0,0,0,0,0,0,0,0,0,0,0,0,0,0,0,8,0,0,0,0,0,0,0,0,0,0,0,0,0,0,0,0,0,23,0,0,0,0,0,347,108,3,66,1,0,0,35,1,0,20,3,0,1,100,648,161,177
BALTIMORE_002-020,0,232,0,0,0,8,0,0,0,0,0,0,0,0,0,0,0,0,0,0,0,0,0,0,0,0,0,0,0,0,1,0,0,0,0,0,0,0,0,0,0,0,0,0,0,0,0,0,8,0,0,0,0,0,68,153,1,74,1,1,0,7,0,1,4,0,1,0,9,317,24,228
BALTIMORE_002-021,1,216,0,0,0,10,0,0,0,0,0,1,0,0,0,0,0,0,0,0,0,0,0,0,0,0,0,0,0,0,4,0,0,0,0,0,0,0,0,0,0,0,0,0,0,0,0,0,26,0,0,0,0,0,335,113,1,71,0,7,0,27,0,0,22,0,0,0,106,593,162,185
BALTIMORE_002-022,0,13,0,0,0,0,0,0,0,0,0,0,0,0,0,0,0,0,0,0,0,0,0,0,0,0,0,0,0,0,0,0,0,0,0,0,0,0,0,0,0,0,0,0,0,0,0,0,0,0,0,0,0,0,4,10,0,2,0,0,0,0,0,0,1,0,0,0,1,17,2,12
BALTIMORE_002-023,0,149,0,0,0,1,0,0,0,0,0,0,0,0,0,0,0,0,0,0,0,0,0,0,0,0,0,0,0,0,1,0,0,0,0,0,0,0,0,0,0,0,0,0,0,0,0,0,5,0,0,0,0,0,43,95,0,30,0,0,0,7,0,0,0,0,0,0,4,199,11,125
BALTIMORE_002-024,0,784,0,0,0,17,0,0,0,0,0,0,0,0,0,0,0,0,0,0,0,0,0,0,0,0,0,0,0,0,2,0,0,0,0,0,0,0,0,0,0,0,0,0,0,0,0,0,9,0,0,0,0,0,68,423,2,154,0,1,2,8,2,0,5,0,0,1,18,880,37,579
BALTIMORE_002-025,0,321,0,0,0,2,0,0,0,0,0,0,0,0,0,0,0,0,0,0,0,0,0,0,0,0,0,0,0,0,0,0,0,0,0,0,0,0,0,0,0,0,0,0,0,0,0,0,0,0,0,0,0,0,90,217,0,42,0,1,0,4,0,0,10,0,0,0,29,413,44,259
BALTIMORE_002-026,0,645,0,0,0,23,0,0,0,0,0,0,0,0,0,0,0,0,0,0,0,0,1,0,0,0,0,0,0,0,1,0,0,0,0,0,0,0,0,0,0,0,0,0,0,0,0,0,26,0,0,0,0,0,172,327,2,148,0,1,0,23,1,0,24,1,1,0,47,868,98,477
BALTIMORE_002-027,0,667,0,0,0,15,0,0,0,0,0,0,0,0,0,0,0,0,0,0,0,0,0,0,0,0,0,0,0,0,0,0,0,0,0,0,0,0,0,0,0,0,0,0,0,0,0,0,17,0,0,0,0,0,94,402,0,166,0,0,0,17,0,1,9,1,0,0,17,793,45,568
BALTIMORE_002-028,0,97,0,0,0,3,0,0,0,0,0,0,0,0,0,0,0,0,0,0,0,0,0,0,0,0,0,0,0,0,0,0,0,0,0,0,0,0,0,0,0,0,0,0,0,0,0,0,1,0,0,0,0,0,2,38,0,19,0,0,0,0,0,0,0,0,0,0,1,103,1,57
BALTIMORE_002-029,0,789,0,0,0,18,0,0,0,0,0,0,0,0,0,0,0,0,0,0,0,0,0,0,0,0,0,0,0,0,2,0,0,0,0,0,0,0,0,0,0,0,0,0,0,0,0,0,12,0,0,0,0,0,115,397,0,187,1,0,0,7,0,0,14,0,0,0,32,936,54,584
BALTIMORE_002-030,0,76,0,0,0,1,0,0,0,0,0,0,0,0,0,0,0,0,0,0,0,0,0,0,0,0,0,0,0,0,0,0,0,0,0,0,0,0,0,0,0,0,0,0,0,0,0,0,4,0,0,0,0,0,58,52,0,26,0,0,0,10,0,0,6,0,0,1,12,139,29,78
BALTIMORE_002-031,1,642,0,0,0,15,0,0,0,0,0,0,0,0,0,0,0,0,0,0,0,0,0,0,0,0,0,0,0,0,1,0,0,0,0,0,0,0,0,0,0,0,0,0,0,0,0,0,8,0,0,0,0,0,73,399,3,138,0,2,0,20,0,0,3,0,0,0,9,740,34,540
BALTIMORE_003-001,0,992,0,0,0,13,0,0,0,0,0,0,0,0,0,0,0,0,0,0,0,0,0,0,0,0,0,0,0,0,1,0,0,0,0,0,0,0,0,0,0,0,0,0,0,0,0,0,19,0,0,0,0,0,93,629,1,281,1,4,1,9,0,1,13,1,1,0,15,1118,46,911
BALTIMORE_003-002,0,799,0,0,0,10,0,0,0,0,1,0,0,0,0,0,0,0,0,0,0,0,0,0,0,0,0,0,0,0,5,0,0,0,0,0,0,0,0,0,0,0,0,0,0,0,0,0,14,0,0,0,0,0,149,451,3,188,1,2,2,10,1,1,13,0,0,0,34,978,64,642
BALTIMORE_003-003,0,858,0,0,0,21,0,0,0,0,0,0,0,0,0,0,0,0,0,0,0,0,0,0,0,0,0,0,0,0,2,0,0,0,0,0,0,0,0,0,0,0,0,0,0,0,0,0,13,0,0,0,0,0,78,545,2,207,0,0,0,6,0,0,7,0,1,0,14,972,28,754
BALTIMORE_003-004,0,600,0,0,0,15,0,0,0,0,0,0,0,0,0,0,0,0,0,0,0,0,0,0,0,0,0,0,0,0,4,0,0,0,0,0,0,0,0,0,0,0,0,0,0,0,0,0,23,0,0,0,0,0,148,288,2,169,2,1,0,20,0,1,18,0,0,0,35,790,77,459
BALTIMORE_003-005,0,680,0,0,0,20,0,0,0,0,0,0,0,0,0,0,0,0,0,0,0,0,1,0,0,0,0,0,0,0,0,0,0,0,0,0,0,0,0,0,0,0,0,0,0,0,0,0,40,0,0,0,0,0,259,447,1,221,2,2,1,19,0,0,29,4,1,1,61,1000,120,669
BALTIMORE_003-006,0,590,0,0,0,7,0,0,0,0,0,0,0,0,0,0,0,0,0,0,0,0,0,0,0,0,0,0,0,0,2,0,0,0,0,0,0,0,0,0,0,0,0,0,0,0,0,0,33,0,0,0,0,0,386,450,7,215,0,3,0,35,0,0,53,0,1,0,104,1018,196,672
BALTIMORE_003-007,0,698,0,0,0,13,0,0,0,0,0,0,0,0,0,0,0,0,0,0,0,0,0,0,0,0,0,0,0,0,21,0,0,0,0,0,0,0,0,0,0,0,0,0,0,0,0,0,68,0,0,0,0,0,909,522,16,265,0,2,0,178,0,0,77,3,1,0,123,1709,384,803
BALTIMORE_003-008,0,820,0,0,0,24,0,0,0,0,0,0,0,0,0,0,0,0,0,0,0,0,0,0,0,0,0,0,0,0,2,0,0,0,0,0,0,0,0,0,0,0,0,0,0,0,0,0,44,0,0,0,0,0,467,468,4,279,0,0,0,24,0,0,64,1,0,0,108,1357,197,751
BALTIMORE_003-009,0,1052,0,0,0,19,0,0,0,0,0,0,0,0,0,0,0,0,0,0,0,0,0,0,0,0,0,0,0,0,8,0,0,0,0,0,0,0,0,0,0,0,0,0,0,0,0,0,64,0,0,0,1,0,521,505,3,363,1,1,2,49,1,0,52,0,2,0,110,1665,218,871
BALTIMORE_003-010,0,799,0,0,0,13,0,0,1,0,0,0,0,0,0,0,0,0,0,0,0,0,0,0,0,0,0,0,0,0,1,0,0,0,0,0,0,0,0,0,0,0,0,0,0,0,0,0,42,0,0,0,0,0,402,605,7,259,0,1,1,25,0,0,78,0,2,0,98,1258,205,871
BALTIMORE_003-011,0,790,0,0,0,17,0,0,0,0,0,0,0,0,0,0,0,0,0,0,0,0,0,0,0,0,0,0,0,0,3,0,0,0,0,0,0,0,0,0,0,0,0,0,0,0,0,0,30,0,0,0,0,0,345,486,3,213,1,1,0,21,0,0,60,1,1,1,84,1185,170,702
BALTIMORE_003-012,1,656,0,0,0,17,0,0,0,0,0,0,0,0,0,0,0,0,0,0,0,0,0,0,0,0,0,0,0,0,0,0,0,0,0,0,0,0,0,0,0,0,0,0,0,0,0,0,27,0,0,0,0,0,200,271,1,191,1,1,1,15,0,0,31,0,0,0,36,901,85,463
BALTIMORE_003-013,0,415,0,0,0,16,0,0,0,0,0,0,0,0,0,0,0,0,0,0,0,0,0,0,0,0,0,0,0,0,2,0,0,0,0,0,0,0,0,0,0,0,0,0,0,0,0,0,35,0,0,0,0,0,319,283,2,164,0,1,0,16,0,0,72,0,0,0,98,787,187,449
BALTIMORE_003-014,0,265,0,0,0,5,0,0,0,0,0,0,0,0,0,0,0,0,0,0,0,0,0,0,0,0,0,0,0,0,0,0,0,0,0,0,0,0,0,0,0,0,0,0,0,0,0,0,13,0,0,0,0,0,255,177,1,71,1,0,0,11,0,1,19,0,2,0,38,538,72,249
BALTIMORE_004-001,0,786,0,0,0,33,0,0,0,0,0,0,0,0,0,0,0,0,0,0,0,0,0,0,0,0,0,0,0,0,3,0,0,0,0,0,0,0,0,0,0,0,0,0,0,0,0,0,35,0,0,0,0,0,276,353,3,228,1,2,0,30,0,0,30,1,1,0,61,1133,126,584
BALTIMORE_004-002,0,889,0,0,0,24,0,0,0,0,0,0,0,0,0,0,0,0,0,0,0,0,0,0,0,0,0,0,0,0,6,0,0,0,0,0,0,0,0,0,0,0,0,0,0,0,0,0,46,0,0,0,0,0,338,386,4,245,2,4,0,30,1,0,36,1,4,0,89,1303,167,635
BALTIMORE_004-003,0,684,0,0,0,12,0,0,0,0,0,0,0,0,0,0,0,0,0,0,0,0,0,0,0,0,0,0,0,0,3,0,0,0,0,0,0,0,0,0,0,0,0,0,0,0,0,0,44,0,0,0,0,0,468,452,4,227,0,0,0,36,0,0,84,1,1,0,132,1211,254,683
BALTIMORE_004-004,0,893,0,0,0,22,0,0,0,0,0,0,0,0,0,0,0,0,0,0,0,0,0,0,0,0,0,0,0,0,8,0,0,0,0,0,0,0,0,0,0,0,0,0,0,0,0,0,59,0,0,0,0,0,498,431,3,327,1,0,2,56,0,3,92,1,1,0,146,1480,302,761
BALTIMORE_004-005,0,624,0,0,0,26,0,0,0,0,0,3,0,0,0,0,0,0,0,0,0,0,0,0,0,0,0,0,0,0,7,0,0,0,0,0,0,0,0,0,0,0,0,0,0,0,0,0,39,0,0,0,0,0,365,214,1,202,0,5,1,42,0,0,38,0,1,0,97,1064,184,417
BALTIMORE_004-006,0,637,0,0,0,26,0,0,0,0,0,0,0,0,0,0,0,0,0,0,0,0,0,0,0,0,0,0,0,0,5,0,0,0,0,0,0,0,0,0,0,0,0,0,0,0,0,0,35,0,0,0,0,0,384,216,3,182,3,3,2,24,1,0,34,1,2,0,119,1087,189,401
BALTIMORE_004-007,0,884,0,0,0,26,0,0,0,2,0,0,0,0,0,0,0,0,0,0,0,0,0,0,0,0,0,0,0,0,1,0,0,0,0,0,0,0,0,0,0,0,0,0,0,0,0,0,51,0,0,0,0,0,605,351,2,283,1,4,1,58,1,1,51,1,2,1,184,1569,305,636
BALTIMORE_004-008,0,675,0,0,0,36,0,0,0,0,0,0,0,0,0,0,0,1,0,0,0,0,0,0,0,0,0,0,0,0,6,0,0,0,0,0,0,0,0,0,0,0,0,0,0,0,0,0,73,0,0,0,0,0,584,278,5,275,3,7,3,71,3,0,100,1,3,2,199,1375,392,558
BALTIMORE_004-009,0,306,0,0,0,17,0,0,0,0,0,0,0,0,0,0,0,0,0,0,0,0,0,0,0,0,0,0,0,2,4,0,0,0,0,0,0,0,0,0,0,0,0,0,0,0,0,0,54,0,0,0,0,0,617,95,3,120,0,5,2,49,0,0,70,1,2,1,196,1000,326,218
BALTIMORE_004-010,0,456,0,0,0,10,0,0,0,0,0,0,0,0,0,0,0,0,0,0,0,0,0,0,0,0,0,0,0,0,0,0,0,0,0,0,0,0,0,0,0,0,0,0,0,0,0,0,16,0,0,0,0,0,247,159,2,130,0,3,1,24,1,0,22,0,2,0,70,729,123,291
BALTIMORE_004-011,0,77,0,0,0,2,0,0,0,0,0,1,0,0,0,0,0,0,0,0,0,0,0,0,0,0,0,0,0,0,0,0,0,0,0,0,0,0,0,0,0,0,0,0,0,0,0,0,17,0,0,0,0,0,107,29,2,26,1,2,0,10,0,0,30,0,1,0,23,204,67,57
BALTIMORE_004-012,0,1110,0,0,0,32,0,0,0,0,0,2,0,0,0,0,0,0,0,0,0,0,0,0,0,0,0,0,0,0,3,0,0,0,0,0,0,0,0,0,0,0,0,0,0,0,0,0,44,0,0,0,0,0,448,523,2,359,2,4,1,40,0,0,57,3,3,0,98,1639,208,884
BALTIMORE_004-013,0,149,0,0,0,2,0,0,0,0,0,0,0,0,0,0,0,0,0,0,0,0,0,0,0,0,0,0,0,0,1,0,0,0,0,0,0,0,0,0,0,0,0,0,0,0,0,0,17,0,0,0,0,0,157,73,2,50,0,0,0,4,0,0,43,0,0,0,45,326,92,125
BALTIMORE_004-014,0,836,0,0,0,23,0,0,0,0,0,0,0,0,0,0,0,0,0,0,0,0,0,0,0,0,0,0,0,0,2,0,0,0,0,0,0,0,0,0,0,0,0,0,0,0,0,0,20,0,0,0,0,0,142,305,0,189,1,1,0,11,0,0,17,0,0,0,35,1023,65,494
BALTIMORE_004-015,0,42,0,0,0,0,0,0,0,0,0,0,0,0,0,0,0,0,0,0,0,0,0,0,0,0,0,0,0,0,0,0,0,0,0,0,0,0,0,0,0,0,0,0,0,0,0,0,3,0,0,0,0,0,9,23,0,11,0,0,0,2,0,0,2,0,0,0,3,54,7,34
BALTIMORE_005-001,0,419,0,0,0,19,0,0,0,0,0,0,0,0,0,0,0,0,0,0,0,0,0,0,0,0,0,0,0,0,2,0,0,0,0,0,0,0,0,0,0,0,0,0,0,0,0,0,64,0,0,0,1,0,1029,144,6,196,2,7,1,101,2,2,130,0,4,0,355,1534,604,346
BALTIMORE_005-002,0,70,0,0,0,4,0,0,0,0,0,0,0,0,0,0,0,0,0,0,0,0,0,0,0,0,0,0,0,1,2,0,0,0,0,0,0,0,0,0,0,0,0,0,0,0,0,0,11,0,0,0,0,0,199,21,0,31,0,1,0,5,1,0,33,0,1,0,71,287,112,52
BALTIMORE_006-001,0,266,0,0,0,9,0,0,0,0,0,0,0,0,0,0,0,0,0,0,0,0,0,0,0,0,0,0,0,0,7,0,0,0,0,0,0,0,0,0,0,0,0,0,0,0,0,0,52,0,0,0,0,0,769,89,6,118,2,2,0,51,1,0,83,4,3,0,268,1103,414,213
BALTIMORE_006-002,0,324,0,0,0,12,0,0,0,0,0,0,0,0,0,0,0,0,0,0,0,0,0,0,0,0,0,0,0,0,2,0,0,0,0,0,0,0,0,0,0,0,0,0,0,0,0,0,65,0,0,0,0,0,946,111,7,175,0,6,1,92,2,0,107,2,0,0,299,1349,509,293
BALTIMORE_007-001,0,443,0,0,0,15,0,0,0,0,0,0,0,0,0,0,0,0,0,0,0,0,0,0,0,0,0,0,0,0,3,0,0,0,0,0,0,0,0,0,0,0,0,0,0,0,0,0,79,0,0,1,0,0,1275,165,6,185,5,7,0,97,1,2,136,0,3,0,445,1816,696,356
BALTIMORE_007-002,0,194,0,0,0,9,0,0,0,0,0,0,0,0,0,0,0,0,0,0,0,0,0,0,0,0,0,0,0,0,2,0,0,0,0,0,0,0,0,0,0,0,0,0,0,0,0,0,36,0,0,0,0,0,485,72,1,107,1,3,0,43,2,0,62,1,3,0,153,726,268,180
BALTIMORE_007-003,0,408,0,0,0,15,0,0,0,0,0,0,0,0,0,0,0,0,0,0,0,0,0,0,0,0,0,0,0,1,9,0,0,0,0,0,0,0,0,0,0,0,0,0,0,0,0,0,67,0,0,0,0,0,849,163,3,151,3,3,0,79,0,1,140,0,3,2,267,1349,498,317
BALTIMORE_008-001,0,416,1,0,0,21,0,0,0,0,0,0,0,0,0,0,0,0,0,0,0,0,0,0,0,0,0,0,0,0,4,0,0,0,0,0,0,0,0,0,0,0,0,0,0,0,0,0,63,0,0,0,0,0,662,157,0,128,2,6,2,65,1,0,128,4,1,0,239,1167,448,285
BALTIMORE_008-002,0,326,0,0,0,6,0,0,0,0,0,0,0,0,0,0,0,0,0,0,0,0,0,0,0,0,0,0,0,0,1,0,0,0,0,0,0,0,0,0,0,0,0,0,0,0,0,0,30,0,0,0,0,0,536,186,2,119,1,4,1,53,3,1,130,0,0,0,259,899,452,307
BALTIMORE_008-003,0,318,0,0,0,17,0,0,0,0,0,0,0,0,0,0,0,0,0,0,0,0,0,0,0,0,0,0,0,0,3,0,0,0,0,0,0,0,0,0,0,0,0,0,0,0,0,0,46,0,0,0,0,0,364,138,5,123,1,5,1,48,0,0,75,1,0,0,122,748,253,266
BALTIMORE_008-004,0,547,0,0,0,19,0,0,0,0,0,0,0,0,0,0,0,0,0,0,0,0,0,0,0,0,0,0,0,0,9,0,0,0,0,0,0,0,0,0,0,0,0,0,0,0,0,0,67,0,0,0,0,0,669,216,4,199,3,2,2,53,0,1,162,1,1,0,245,1311,470,419
BALTIMORE_008-005,0,99,0,0,0,1,0,0,0,0,0,0,0,0,0,0,0,0,0,0,0,0,0,0,0,0,0,0,0,0,1,0,0,0,0,0,0,0,0,0,0,0,0,0,0,0,0,0,13,0,0,0,0,0,183,66,1,41,0,6,0,15,0,0,59,0,1,0,58,297,139,108
BALTIMORE_008-006,0,1010,0,0,0,30,0,0,0,0,0,2,0,0,0,0,0,0,0,0,0,0,0,0,0,0,0,0,0,0,7,0,0,0,0,0,0,2,0,0,0,0,0,0,0,0,0,0,49,0,0,0,0,0,321,318,4,360,2,4,2,37,1,1,45,4,2,0,101,1421,199,682
BALTIMORE_008-007,0,644,0,0,0,33,0,0,0,0,0,0,0,0,0,0,0,0,0,0,0,0,0,0,0,0,0,0,0,1,4,0,0,0,0,0,0,0,0,0,0,0,0,0,0,0,0,0,48,0,0,0,0,0,399,182,2,231,1,0,1,37,2,0,53,1,1,0,115,1129,211,415
BALTIMORE_008-008,0,313,0,0,0,10,0,0,0,0,0,0,0,0,0,0,0,0,0,0,0,0,0,0,0,0,0,0,0,0,6,0,0,0,0,0,0,0,0,0,0,0,0,0,0,0,0,0,29,0,0,0,0,0,360,164,1,96,1,0,2,33,0,0,96,0,0,0,150,718,282,261
BALTIMORE_008-009,0,623,0,0,0,17,0,0,0,0,0,0,0,0,0,0,0,0,0,0,0,0,0,0,0,0,0,0,0,0,6,0,0,0,0,0,0,0,0,0,0,0,0,0,0,0,0,0,78,0,0,0,0,0,717,282,6,196,0,3,0,63,0,0,195,5,4,1,250,1441,521,484
BALTIMORE_008-010,0,482,0,0,0,17,0,0,0,0,0,0,0,0,0,0,0,0,0,0,0,0,0,0,0,0,0,0,0,0,7,0,0,0,0,0,0,0,0,0,0,0,0,0,0,0,0,0,53,0,0,0,0,0,544,173,5,184,1,2,1,64,0,0,159,2,1,0,207,1103,437,362
BALTIMORE_008-011,0,347,0,0,0,11,0,0,0,0,0,0,0,0,0,0,0,0,0,0,0,0,0,0,0,0,0,0,0,0,4,0,0,0,0,0,0,0,0,0,0,0,0,0,0,0,0,0,28,0,0,0,0,0,296,123,2,142,1,3,0,41,0,0,55,1,3,0,110,686,214,267
BALTIMORE_008-012,0,541,0,0,0,15,0,0,0,0,0,0,0,0,0,0,0,0,0,0,0,0,1,0,0,0,0,0,0,1,10,0,0,0,0,0,0,0,0,0,0,0,0,0,0,0,0,0,59,0,0,2,0,0,596,220,3,210,3,1,3,56,2,0,150,2,1,0,195,1225,413,433
BALTIMORE_008-013,0,608,0,0,0,20,0,0,0,0,0,1,0,0,0,0,0,0,0,0,0,0,0,0,0,0,0,0,0,0,9,0,0,0,0,0,0,0,0,0,0,0,0,0,0,0,0,0,69,0,0,0,0,0,628,216,9,245,3,7,1,85,1,0,143,0,2,1,227,1335,470,470
BALTIMORE_008-014,0,314,0,0,0,10,0,0,0,0,0,0,0,0,0,0,0,0,0,0,0,0,0,0,0,0,0,0,0,1,6,0,0,0,0,0,0,0,0,0,0,0,0,0,0,0,0,0,30,0,0,0,0,0,364,126,9,127,0,1,3,36,0,0,92,1,0,0,104,725,237,262
BALTIMORE_008-015,0,399,0,0,0,16,0,0,0,0,0,0,0,0,0,0,0,0,0,0,0,0,0,0,0,0,0,0,0,0,6,0,0,0,0,0,0,0,0,0,0,0,0,0,0,0,0,0,64,0,0,0,0,0,446,206,3,142,5,5,2,53,1,0,114,1,2,0,136,931,319,351
BALTIMORE_008-016,0,256,0,0,0,6,0,0,0,0,0,0,0,0,0,0,0,0,0,0,0,0,0,0,0,0,0,0,0,0,4,0,0,0,0,0,0,0,0,0,0,0,0,0,0,0,0,0,26,0,0,0,0,0,227,103,0,101,0,0,0,30,0,1,47,0,4,0,48,519,130,204
BALTIMORE_008-017,0,456,0,0,0,16,0,0,0,0,0,0,0,0,0,0,0,0,0,0,0,0,0,0,0,0,0,0,0,1,7,0,0,0,0,0,0,0,0,0,0,0,0,0,0,0,0,0,55,0,0,0,0,0,531,202,7,169,0,2,1,53,0,0,139,4,2,0,160,1066,361,378
BALTIMORE_008-018,0,216,0,0,0,5,0,0,0,0,0,0,0,0,0,0,0,0,0,0,0,0,0,0,0,0,0,0,0,2,4,0,0,0,0,0,0,0,0,0,0,0,0,0,0,0,0,0,21,0,0,0,0,0,236,113,2,60,0,3,4,23,0,1,60,1,0,0,72,484,164,175
BALTIMORE_008-019,0,488,0,0,0,10,0,0,0,0,0,0,0,0,0,0,0,0,0,0,0,0,0,0,0,0,0,0,0,0,6,0,0,0,0,0,0,0,0,0,0,0,0,0,0,0,0,0,54,0,0,0,1,0,622,204,5,150,1,3,1,50,1,1,154,0,0,1,244,1181,456,359
BALTIMORE_008-020,0,313,0,0,0,8,0,0,0,0,0,0,0,0,0,0,0,0,0,0,0,0,0,0,2,0,0,0,0,0,5,0,0,0,0,0,0,0,0,0,0,0,0,0,0,0,0,0,40,0,0,0,0,0,346,103,0,112,1,1,1,37,0,0,82,1,1,0,114,714,238,215
BALTIMORE_008-021,0,85,0,0,0,1,0,0,0,0,0,0,0,0,0,0,0,0,0,0,0,0,0,0,0,0,0,0,0,0,0,0,0,0,0,0,0,0,0,0,0,0,0,0,0,0,0,0,13,0,0,0,0,0,133,36,0,24,0,0,0,13,0,0,34,0,0,0,40,232,87,60
BALTIMORE_008-022,0,487,0,0,0,16,0,0,0,0,0,0,0,0,0,0,0,0,0,0,0,0,0,0,0,0,0,0,0,0,4,0,0,0,0,0,0,0,0,0,0,0,0,0,0,0,0,0,39,0,0,0,0,0,395,228,1,116,3,1,0,33,0,0,130,3,2,0,141,941,313,345
BALTIMORE_008-023,0,145,0,0,0,4,0,0,0,0,0,0,0,0,0,0,0,0,0,0,0,0,0,0,0,0,0,0,0,0,2,0,0,0,0,0,0,0,0,0,0,0,0,0,0,0,0,0,16,0,0,0,0,0,167,76,4,44,0,2,0,17,0,0,39,0,0,0,68,334,126,124
BALTIMORE_008-024,0,179,0,0,0,3,0,0,0,0,0,0,0,0,0,0,0,0,0,0,0,0,0,0,0,0,0,0,0,0,1,0,0,0,0,0,0,0,0,0,0,0,0,0,0,0,0,0,25,0,0,0,0,0,325,74,5,64,3,4,0,31,0,0,69,0,1,0,116,533,224,143
BALTIMORE_008-025,0,341,0,0,0,10,0,0,0,0,0,1,0,0,0,0,0,0,0,0,0,0,0,0,0,0,0,0,0,0,1,0,0,0,0,0,0,0,0,0,0,0,0,0,0,0,0,0,55,0,0,0,0,0,437,130,0,93,0,9,0,40,1,0,82,0,1,0,136,845,269,223
BALTIMORE_008-026,0,2,0,0,0,1,0,0,0,0,0,0,0,0,0,0,0,0,0,0,0,0,0,0,0,0,0,0,0,0,0,0,0,0,0,0,0,0,0,0,0,0,0,0,0,0,0,0,1,0,0,0,0,0,9,0,0,0,1,1,0,1,0,0,0,0,0,0,4,13,7,0
BALTIMORE_008-027,0,207,0,0,0,4,0,0,0,0,0,0,0,0,0,0,0,0,0,0,0,0,0,0,0,0,0,0,0,0,3,0,0,0,0,0,0,0,0,0,0,0,0,0,0,0,0,0,24,0,0,0,0,0,284,65,1,58,0,0,0,34,0,0,71,0,1,0,102,522,208,124
BALTIMORE_008-028,0,94,0,0,0,3,0,0,0,0,0,0,0,0,0,0,0,0,0,0,0,0,0,0,0,0,0,0,0,0,1,0,0,0,0,0,0,0,0,0,0,0,0,0,0,0,0,0,13,0,0,0,0,0,103,35,0,36,1,2,1,5,0,1,20,0,0,0,42,214,72,71
BALTIMORE_009-001,0,668,0,0,0,25,0,0,0,0,0,0,0,0,0,0,0,0,0,0,0,0,0,0,0,0,0,0,0,2,4,0,0,0,0,0,0,0,0,0,0,0,0,0,0,1,0,0,74,0,0,0,0,0,519,326,2,194,1,0,1,36,2,0,190,1,4,0,166,1293,401,522
BALTIMORE_009-002,0,452,0,0,0,10,0,0,0,1,0,0,0,0,0,0,0,0,0,0,0,0,0,0,0,0,0,0,0,0,9,0,0,0,0,0,0,0,0,0,0,0,0,0,0,0,0,0,37,0,0,0,0,0,409,203,2,132,0,1,0,24,0,0,122,1,1,0,129,918,278,337
BALTIMORE_009-003,0,920,0,0,0,28,0,0,0,0,0,0,0,0,0,0,0,0,0,0,0,0,0,0,0,0,0,0,0,1,13,0,0,0,0,0,0,0,0,0,0,0,0,0,0,0,0,0,73,0,0,0,0,0,450,430,3,403,2,3,3,47,2,0,173,1,2,0,138,1485,371,836
BALTIMORE_009-004,0,563,0,0,0,20,0,0,0,0,0,2,0,0,0,0,0,0,0,0,0,0,0,0,0,0,0,0,0,1,4,0,0,0,0,0,0,0,0,0,0,0,0,0,0,0,0,0,61,0,0,0,0,0,319,232,1,199,2,1,1,35,0,0,75,0,1,0,98,970,213,432
BALTIMORE_009-005,0,806,0,0,0,26,0,0,0,0,0,0,0,0,0,0,0,0,0,0,0,0,0,0,0,0,0,0,0,0,16,0,0,0,0,0,0,0,0,0,0,0,0,0,0,0,0,0,86,0,0,0,0,0,586,376,3,283,2,7,2,64,0,0,189,3,0,1,174,1520,442,662
BALTIMORE_009-006,0,229,0,0,0,9,0,0,0,0,0,0,0,0,0,0,0,0,0,0,0,0,0,0,0,0,0,0,0,0,1,0,0,0,0,0,0,0,0,0,0,0,0,0,0,0,0,0,20,0,0,0,0,0,176,64,1,98,0,2,0,9,0,0,34,0,0,0,55,435,100,163
BALTIMORE_009-007,0,499,0,0,0,25,0,0,0,0,0,0,0,0,0,0,0,0,0,0,0,0,0,0,1,0,0,0,0,0,6,0,0,0,0,0,0,0,0,0,0,0,0,0,0,0,0,0,75,0,0,0,0,0,628,198,4,211,3,8,1,67,0,1,110,2,3,0,204,1234,399,413
BALTIMORE_009-008,0,405,0,0,0,11,0,0,0,0,0,0,0,0,0,0,0,0,0,0,0,0,0,0,0,0,0,0,0,0,4,0,0,0,0,0,0,0,0,0,0,0,0,0,0,0,0,0,50,0,0,0,0,0,500,160,5,165,1,5,1,49,0,0,122,0,5,1,142,970,326,330
BALTIMORE_009-009,0,405,0,0,0,13,0,0,0,0,0,0,0,0,0,0,0,0,0,0,0,0,0,0,0,0,0,0,0,0,14,0,0,0,0,0,0,0,0,0,0,0,0,0,0,0,0,0,53,0,0,0,0,0,517,170,2,119,2,2,1,49,0,0,139,3,2,0,134,1002,332,291
BALTIMORE_009-010,0,1053,0,0,0,37,0,0,0,0,0,0,0,0,0,0,0,0,0,0,0,0,0,0,0,0,0,0,0,0,11,0,0,0,0,0,0,0,0,0,0,0,0,0,0,0,0,0,49,0,0,0,0,0,629,441,3,422,4,9,3,82,1,0,118,4,2,0,200,1779,423,866
BALTIMORE_009-011,0,599,0,0,0,18,0,0,0,0,0,0,0,0,0,0,0,0,0,0,0,0,0,0,0,0,0,0,0,1,7,0,0,0,0,0,0,0,0,0,0,0,0,1,0,0,0,0,47,1,0,0,0,0,291,216,2,217,2,6,1,29,0,1,47,1,2,0,76,965,165,435
BALTIMORE_009-012,0,478,0,0,0,19,0,0,0,0,0,0,0,0,0,0,0,0,0,0,0,0,0,0,0,0,0,0,0,1,3,0,0,0,0,0,0,0,0,0,0,0,0,0,0,0,0,0,44,0,0,0,0,0,278,180,2,218,0,3,0,36,0,0,81,1,0,0,94,823,215,400
BALTIMORE_009-013,0,740,0,0,0,29,0,0,0,0,0,0,0,0,0,0,0,0,0,0,0,0,0,0,0,0,0,0,0,0,4,0,0,0,0,0,0,0,0,0,0,0,0,0,0,0,0,0,69,0,0,0,0,0,336,369,5,228,1,2,4,55,1,0,139,1,6,0,90,1178,299,602
BALTIMORE_009-014,0,843,0,0,0,15,0,0,0,0,1,0,0,0,0,0,0,0,0,0,0,0,0,0,0,0,0,0,0,0,7,0,0,0,0,0,0,0,0,0,0,0,0,0,0,0,0,0,56,0,0,0,0,0,250,353,3,347,1,1,1,35,1,0,74,5,2,0,67,1172,187,703
BALTIMORE_009-015,0,753,0,0,0,27,0,0,0,0,0,0,0,0,0,0,0,1,0,0,0,0,0,0,0,0,0,0,0,0,3,0,0,0,0,0,0,0,0,0,0,0,0,0,0,0,0,0,44,0,0,0,0,0,279,309,1,251,0,1,0,31,0,0,49,0,1,0,65,1107,147,561
BALTIMORE_009-016,0,277,0,0,0,20,0,0,0,0,0,0,0,0,0,0,0,0,0,0,0,0,0,0,0,0,0,0,0,0,9,0,0,0,0,0,0,0,0,0,0,0,0,0,0,0,0,0,37,0,0,0,0,0,263,109,4,94,2,3,0,20,1,0,41,1,1,0,76,606,145,207
BALTIMORE_009-017,0,421,0,0,0,12,0,0,0,0,0,0,0,0,0,0,0,0,0,0,0,0,0,0,0,0,0,0,0,0,1,0,0,0,0,0,0,0,0,0,0,0,0,0,0,0,0,0,47,0,0,0,0,0,209,143,0,136,1,3,0,24,1,0,46,2,1,0,49,690,127,279
BALTIMORE_009-018,0,640,0,0,0,31,0,0,0,0,0,0,0,0,0,0,0,0,0,0,0,0,0,0,0,0,0,0,0,0,1,0,0,0,0,0,0,0,0,0,0,0,0,0,0,0,0,0,39,0,0,0,0,0,446,213,5,221,2,2,2,37,0,1,40,1,2,0,125,1157,212,439
BALTIMORE_009-019,0,630,0,0,0,22,0,0,0,0,0,0,0,0,0,0,0,0,0,0,0,0,0,0,0,0,0,0,0,0,3,0,0,0,0,0,0,0,0,0,0,0,0,0,0,0,0,0,47,0,0,0,0,0,387,203,5,204,2,4,1,40,0,0,57,1,1,0,126,1089,232,412
BALTIMORE_009-020,0,1070,0,0,0,21,0,0,0,0,0,0,0,0,0,0,0,0,0,0,0,0,0,0,0,0,0,0,0,0,0,0,0,0,0,0,0,0,0,0,0,0,0,0,0,0,0,0,6,0,0,0,0,0,76,433,1,224,0,0,0,10,0,1,5,0,1,0,22,1173,39,658
BALTIMORE_009-021,0,641,0,0,0,37,0,0,0,0,0,2,0,0,0,0,0,0,0,0,0,0,0,0,0,0,0,0,0,1,9,0,0,0,0,0,0,0,0,0,0,0,0,0,0,0,0,0,102,0,0,0,0,0,832,278,7,276,3,10,0,63,3,0,88,4,4,0,290,1624,465,561
BALTIMORE_009-022,0,770,0,0,0,30,0,0,0,0,0,0,0,0,0,0,0,0,0,0,0,0,0,0,0,0,0,0,0,0,2,0,0,0,0,0,0,0,0,0,0,0,0,0,0,0,0,0,54,0,0,0,0,0,796,324,5,270,3,6,0,67,1,3,78,0,2,1,261,1652,422,599
BALTIMORE_009-023,0,684,0,0,0,23,0,0,0,0,0,0,0,0,0,0,0,0,0,0,0,0,0,0,0,0,0,0,0,0,3,0,0,0,0,0,0,0,0,0,0,0,0,0,0,0,0,0,49,0,0,0,0,0,631,233,2,278,1,4,1,56,0,0,58,3,3,0,190,1390,316,513
BALTIMORE_009-024,2,768,0,0,0,28,0,0,0,0,0,2,0,0,0,0,0,0,0,0,0,0,0,0,0,0,0,0,0,0,7,0,0,0,0,0,0,0,0,0,0,0,0,0,0,0,0,0,70,0,0,0,0,0,744,309,8,332,0,7,1,91,2,0,100,1,2,0,269,1621,473,649
BALTIMORE_009-025,0,559,0,0,0,32,0,0,0,0,0,0,0,0,0,0,0,0,0,0,0,0,0,0,0,0,0,0,0,0,3,0,0,0,0,0,0,0,0,0,0,0,0,0,0,0,0,0,49,0,0,0,0,0,582,178,5,249,0,7,2,63,0,0,57,2,2,1,191,1225,325,432
BALTIMORE_009-026,0,298,0,0,0,12,0,0,0,0,0,0,0,0,0,0,0,0,0,0,0,0,0,0,0,0,0,0,0,0,2,0,0,0,0,0,0,0,0,0,0,0,0,0,0,0,0,0,31,0,0,0,0,0,323,115,0,119,0,2,1,14,0,0,46,2,2,0,91,666,158,234
BALTIMORE_009-027,0,3,0,0,0,0,0,0,0,0,0,0,0,0,0,0,0,0,0,0,0,0,0,0,0,0,0,0,0,0,0,0,0,0,0,0,0,0,0,0,0,0,0,0,0,0,0,0,1,0,0,0,0,0,1,3,0,1,0,0,0,1,0,0,1,0,0,0,2,5,4,4
BALTIMORE_009-028,0,589,0,0,0,9,0,0,0,0,0,0,0,0,0,0,0,0,0,0,0,0,0,0,0,0,0,0,0,0,1,0,0,0,0,0,0,0,0,0,0,0,0,0,0,0,0,0,22,0,0,0,0,0,127,267,2,141,1,0,0,17,0,1,13,0,1,0,29,748,62,410
BALTIMORE_009-029,0,126,0,0,0,5,0,0,0,0,0,0,0,0,0,0,0,0,0,0,0,0,0,0,0,0,0,0,0,0,1,0,0,0,0,0,0,0,0,0,0,0,0,0,0,0,0,0,5,0,0,0,0,0,28,11,0,51,0,0,0,2,0,0,1,0,0,0,0,165,3,62
BALTIMORE_010-001,0,468,0,0,0,23,0,0,0,0,0,1,0,0,0,0,0,0,0,0,0,0,0,0,0,0,0,0,0,0,8,0,0,0,0,0,0,0,0,0,0,0,0,0,0,0,0,0,58,0,0,0,0,0,844,156,6,176,0,6,2,53,1,0,144,1,5,0,314,1402,526,338
BALTIMORE_010-002,0,331,0,0,0,17,0,0,0,0,0,0,0,0,0,0,0,0,0,0,0,0,0,0,0,0,0,0,0,0,5,0,0,0,0,0,0,0,0,0,0,0,0,0,0,0,0,0,45,0,0,0,0,0,478,94,1,97,2,4,1,57,1,0,118,0,3,1,187,876,374,192
BALTIMORE_010-003,0,253,0,0,0,14,0,0,0,0,0,0,0,0,0,0,0,0,0,0,0,0,0,0,0,0,0,0,0,1,3,0,0,0,0,0,0,0,0,0,0,0,0,0,0,0,0,0,28,0,0,0,0,0,523,96,5,95,1,2,2,53,0,0,102,0,1,1,191,822,353,196
BALTIMORE_010-004,0,324,0,0,0,19,0,0,0,0,0,0,0,0,0,0,0,0,0,0,0,0,0,0,0,0,0,0,0,0,2,0,0,0,0,0,0,0,0,0,0,0,0,0,0,0,0,0,56,0,0,0,0,0,735,117,5,129,0,5,4,51,2,0,178,1,2,0,264,1136,507,251
BALTIMORE_010-005,0,65,0,0,0,2,0,0,0,0,0,0,0,0,0,0,0,0,0,0,0,0,0,0,0,0,0,0,0,0,0,0,0,0,0,0,0,0,0,0,0,0,0,0,0,0,0,0,8,0,0,0,0,0,128,33,1,28,0,1,0,11,0,0,27,0,1,0,37,203,77,62
BALTIMORE_010-006,0,17,0,0,0,0,0,0,0,0,0,0,0,0,0,0,0,0,0,0,0,0,0,0,0,0,0,0,0,0,1,0,0,0,0,0,0,0,0,0,0,0,0,0,0,0,0,0,2,0,0,0,0,0,25,1,0,1,0,0,0,1,0,0,5,0,0,0,1,45,7,2
BALTIMORE_010-007,0,78,0,0,0,2,0,0,0,0,0,0,0,0,0,0,0,0,0,0,0,0,0,0,0,0,0,0,0,0,1,0,0,0,0,0,0,0,0,0,0,0,0,0,0,0,0,0,7,0,0,0,0,0,152,34,2,41,0,3,0,12,0,0,21,1,1,0,55,240,93,77
BALTIMORE_011-001,0,308,0,0,0,9,0,0,0,0,0,0,0,0,0,0,0,0,0,0,0,0,0,0,1,0,0,0,0,0,10,0,0,0,0,0,0,0,0,0,0,0,0,0,0,0,0,0,40,0,0,0,0,0,622,141,5,139,2,3,0,77,0,1,93,0,2,1,224,990,403,285
BALTIMORE_011-002,0,361,0,0,0,18,0,0,0,0,0,0,0,0,0,0,0,0,0,0,0,0,0,0,0,0,0,0,0,0,9,0,0,0,0,0,0,0,0,0,0,0,0,0,0,0,0,0,53,0,0,0,0,0,996,123,6,183,3,3,3,106,1,0,141,1,5,0,386,1437,649,312
BALTIMORE_011-003,0,360,0,0,0,17,0,0,0,0,0,0,0,0,0,0,0,0,0,0,0,0,0,0,0,0,0,0,0,0,3,0,0,0,0,0,0,0,0,0,0,0,0,0,0,0,0,0,52,0,0,0,0,1,1436,163,12,189,0,12,2,134,2,2,188,1,3,1,591,1869,936,364
BALTIMORE_011-004,0,310,0,0,0,5,0,0,0,0,0,0,0,0,0,0,0,0,0,0,0,0,0,0,0,0,0,0,0,0,3,0,0,0,0,0,0,0,0,0,0,0,0,0,0,0,0,0,49,0,0,0,0,0,585,126,3,91,0,10,1,37,0,1,25,2,1,0,191,952,268,220
BALTIMORE_011-005,0,278,0,0,0,9,0,0,0,0,0,0,0,0,0,0,0,0,0,0,0,0,0,0,0,0,0,0,0,0,4,0,0,0,0,0,0,0,0,0,0,0,0,0,0,0,0,0,47,0,0,0,0,0,597,103,2,104,0,1,0,48,0,0,75,1,1,0,227,935,353,209
BALTIMORE_011-006,0,226,0,0,0,16,0,0,0,0,0,0,0,0,0,0,0,0,0,0,0,0,0,0,0,0,0,0,0,0,2,0,0,0,0,0,0,0,0,0,0,0,0,0,0,0,0,0,41,0,0,0,0,0,610,100,6,122,2,1,2,48,1,1,60,0,4,1,206,895,326,228
BALTIMORE_011-007,0,628,0,0,0,31,0,0,0,0,0,3,0,0,0,0,0,0,0,0,0,0,0,0,0,0,0,0,0,1,8,0,0,0,1,0,0,0,0,0,0,0,0,0,0,0,0,0,80,0,0,0,0,0,964,270,15,255,1,11,1,108,1,0,131,1,4,0,346,1716,604,540
BALTIMORE_011-008,0,302,0,0,0,14,0,0,0,0,0,0,0,0,0,0,0,0,0,0,0,0,0,0,0,0,0,0,0,0,1,0,0,0,0,0,0,0,0,0,0,0,0,0,0,0,0,0,43,0,0,0,0,0,639,110,5,144,1,8,0,60,2,0,45,2,0,0,199,999,317,259
BALTIMORE_011-009,0,494,0,0,0,23,0,0,0,0,0,0,0,0,0,0,0,0,0,0,0,0,0,0,0,0,0,0,0,0,3,0,0,0,0,0,0,0,0,0,0,0,0,0,0,0,0,0,46,0,0,0,0,0,661,190,9,220,2,7,1,51,0,0,49,0,4,0,181,1227,295,419
BALTIMORE_011-010,0,500,0,0,0,12,0,0,0,0,0,1,0,0,0,0,0,0,0,0,0,0,0,0,0,0,0,0,0,1,4,0,0,0,0,0,0,0,0,0,0,0,0,0,0,0,0,0,51,0,0,0,0,0,572,192,0,167,1,4,2,49,0,1,55,0,3,0,201,1141,316,359
BALTIMORE_011-011,0,573,0,0,0,20,0,0,0,0,0,0,0,0,0,0,0,0,0,0,0,0,0,0,0,0,0,0,0,2,2,0,0,0,0,0,0,0,0,0,0,0,0,0,0,0,0,0,70,0,0,0,0,0,731,204,3,190,3,8,0,63,0,1,69,1,1,1,246,1398,393,397
BALTIMORE_011-012,0,444,0,0,0,25,0,0,0,0,0,1,0,0,0,0,0,0,0,0,0,0,0,0,0,0,0,0,0,0,4,0,0,0,0,0,0,0,0,0,0,0,0,0,0,0,0,0,67,0,0,0,0,0,819,180,6,192,0,5,1,82,0,0,72,1,4,0,254,1360,419,378
BALTIMORE_011-013,0,167,0,0,0,10,0,0,0,0,0,0,0,0,0,0,0,0,0,0,0,0,0,0,0,0,0,0,0,0,0,0,0,0,0,0,0,0,0,0,0,0,0,0,0,0,0,0,21,0,0,0,0,0,206,58,1,63,1,2,0,24,0,1,18,0,0,0,57,404,103,122
BALTIMORE_011-014,0,331,0,0,0,16,0,0,0,0,0,0,0,0,0,0,0,0,0,0,0,0,0,0,0,0,0,0,0,0,2,0,0,0,0,0,0,0,0,0,0,0,0,0,0,0,0,0,40,0,0,0,0,0,644,129,7,139,2,2,1,55,0,1,62,2,0,1,252,1033,378,275
BALTIMORE_011-015,0,456,0,0,0,6,0,0,0,0,0,0,0,0,0,0,0,0,0,0,0,0,0,0,0,0,0,0,0,0,5,0,0,0,0,0,0,0,0,0,0,0,0,0,0,0,0,0,21,0,0,0,0,0,695,293,3,166,7,11,2,58,1,2,139,1,2,1,186,1183,410,462
BALTIMORE_011-016,0,412,0,0,0,13,0,0,0,0,0,0,0,0,0,0,0,0,0,0,0,0,0,0,0,0,0,0,0,0,3,0,0,0,0,0,0,0,0,0,0,0,0,0,0,0,0,0,28,0,0,0,0,0,278,122,4,116,0,1,0,17,0,0,19,1,0,0,62,734,100,242
BALTIMORE_011-017,0,523,0,0,0,20,0,0,0,0,0,0,0,0,0,0,0,0,0,0,0,0,0,0,0,0,0,0,0,0,6,0,0,0,0,0,0,0,0,0,0,0,0,0,0,0,0,0,54,0,0,0,0,0,857,179,3,230,1,5,3,59,1,2,89,2,4,0,271,1460,437,412
BALTIMORE_011-018,0,105,0,0,0,7,0,0,0,0,0,0,0,0,0,0,0,0,0,0,0,0,0,0,0,0,0,0,0,0,1,0,0,0,0,0,0,0,0,0,0,0,0,0,0,0,0,0,13,0,0,0,0,0,167,47,0,36,0,1,0,19,0,1,17,0,0,0,63,293,101,83
BALTIMORE_011-019,0,405,0,0,0,13,0,0,0,0,0,0,0,0,0,0,0,0,0,0,0,0,0,0,0,0,0,0,0,0,0,0,0,0,0,0,0,0,0,0,0,0,0,0,0,0,0,0,41,0,0,0,0,0,539,153,4,148,2,2,0,41,0,0,53,2,1,0,148,998,249,305
BALTIMORE_011-020,0,2,0,0,0,0,0,0,0,0,0,0,0,0,0,0,0,0,0,0,0,0,0,0,0,0,0,0,0,0,0,0,0,0,0,0,0,0,0,0,0,0,0,0,0,0,0,0,1,0,0,0,0,0,11,0,0,3,0,0,0,3,0,0,3,0,0,0,10,14,16,3
BALTIMORE_011-021,0,150,0,0,0,6,0,0,0,0,0,0,0,0,0,0,0,0,0,0,0,0,0,0,0,0,0,0,0,0,5,0,0,0,0,0,0,0,0,0,0,0,0,0,0,0,0,0,10,0,0,0,0,0,135,38,0,44,0,0,0,7,0,0,17,0,0,0,38,306,62,82
BALTIMORE_011-022,0,447,0,0,0,18,0,0,0,0,0,0,0,0,0,0,0,0,0,0,0,0,0,0,0,0,0,0,0,0,4,0,0,0,0,0,0,0,0,0,0,0,0,0,0,0,0,0,68,0,0,0,0,0,720,163,2,157,2,2,2,49,1,1,99,0,3,0,252,1257,411,322
BALTIMORE_011-023,0,189,0,0,0,6,0,0,0,0,0,0,0,0,0,0,0,0,0,0,0,0,0,0,0,0,0,0,0,0,1,0,0,0,0,0,0,0,0,0,0,0,0,0,0,0,0,0,30,0,0,0,0,0,318,81,0,74,1,1,0,36,0,0,51,0,1,0,101,544,191,155
BALTIMORE_011-024,0,40,0,0,0,1,0,0,0,0,0,0,0,0,0,0,0,0,0,0,0,0,0,0,0,0,0,0,0,0,0,0,0,0,0,0,0,0,0,0,0,0,0,0,0,0,0,0,0,0,0,0,0,0,111,20,1,11,1,0,0,3,0,0,4,0,0,0,44,152,52,32
BALTIMORE_011-026,0,37,0,0,0,8,0,0,0,0,0,0,0,0,0,0,0,0,0,0,0,0,0,0,0,0,0,0,0,0,3,0,0,0,0,0,0,0,0,0,0,0,0,0,0,0,0,0,9,0,0,0,0,0,161,18,1,19,0,0,1,10,0,0,9,0,1,0,68,218,89,38
BALTIMORE_011-027,0,3,0,0,0,0,0,0,0,0,0,0,0,0,0,0,0,0,0,0,0,0,0,0,0,0,0,0,0,0,0,0,0,0,0,0,0,0,0,0,0,0,0,0,0,0,0,0,0,0,0,0,0,0,7,0,0,0,0,0,0,0,0,0,1,0,0,0,0,10,1,0
BALTIMORE_012-001,0,302,0,0,0,15,0,0,0,0,0,0,0,0,0,0,0,0,0,1,0,0,0,0,0,0,0,0,0,0,0,0,0,0,0,0,0,0,0,0,0,0,0,0,0,0,0,0,24,0,0,0,0,0,572,83,2,122,0,3,0,17,0,0,18,0,0,0,155,914,193,207
BALTIMORE_012-002,0,388,0,0,0,22,0,0,0,0,0,0,0,0,0,0,0,0,0,0,0,0,0,0,0,0,0,0,0,0,0,0,0,0,0,0,0,0,0,0,0,0,0,0,0,0,0,0,41,0,0,0,0,0,635,159,7,152,1,1,0,28,1,0,10,0,0,1,167,1086,209,318
BALTIMORE_012-003,0,397,0,0,0,21,0,0,0,0,0,0,0,0,0,1,0,0,0,0,0,0,0,0,0,0,0,0,0,0,3,0,0,0,0,0,0,0,0,0,0,0,0,0,0,0,0,0,42,0,0,0,0,0,895,155,9,169,1,3,1,37,1,0,28,1,0,1,257,1359,330,333
BALTIMORE_012-004,0,451,0,0,0,12,0,0,0,0,0,0,0,0,0,0,0,0,0,0,0,0,0,0,0,0,0,1,0,0,1,0,0,0,0,0,0,0,0,0,0,0,0,0,0,0,0,0,48,0,0,0,0,0,1123,186,11,212,1,9,2,57,1,1,30,1,3,0,265,1636,370,409
BALTIMORE_012-005,0,341,0,0,0,17,0,0,0,0,0,0,0,0,0,0,0,0,0,0,0,0,0,0,0,0,0,0,0,0,0,0,0,0,0,0,0,0,0,0,0,0,0,0,0,0,0,0,30,0,0,0,0,0,896,168,6,162,0,6,0,31,1,0,29,0,0,1,227,1284,295,336
BALTIMORE_012-006,0,463,0,0,0,17,0,0,0,0,0,0,0,0,0,0,0,0,0,0,0,0,0,0,0,0,0,0,0,0,1,0,0,0,0,0,0,0,0,0,0,0,0,0,0,0,0,0,35,0,0,0,0,0,631,157,2,156,1,3,0,33,0,1,14,1,0,0,144,1147,197,315
BALTIMORE_012-007,0,449,0,0,0,23,0,0,0,0,0,0,0,0,0,0,0,0,0,0,0,0,0,0,0,0,0,0,0,0,1,0,0,0,0,0,0,0,0,0,0,0,0,1,0,0,0,0,47,0,0,0,0,1,1045,186,8,238,3,4,1,44,0,1,16,0,4,0,291,1567,364,432
BALTIMORE_012-008,0,283,0,0,0,12,0,0,0,0,0,0,0,0,0,0,0,0,0,0,0,0,0,0,0,0,0,0,0,0,1,0,0,0,0,0,0,0,0,0,0,0,0,0,0,0,0,0,27,0,0,0,0,0,711,113,11,145,1,5,3,27,0,0,16,0,0,0,194,1034,246,269
BALTIMORE_012-009,0,139,0,0,0,4,0,0,0,0,0,0,0,0,0,0,0,0,0,0,0,0,0,0,0,0,0,0,0,0,0,0,0,0,0,0,0,0,0,0,0,0,0,0,0,0,0,0,7,0,0,0,0,0,209,57,0,45,0,0,0,11,0,0,5,2,0,0,55,359,73,102
BALTIMORE_012-010,0,392,0,0,0,23,0,0,0,0,0,0,0,0,0,0,0,0,0,0,0,0,0,0,0,0,0,0,0,0,2,0,0,0,0,0,0,0,0,0,0,0,0,0,0,0,0,0,47,0,0,0,0,0,501,154,5,168,0,3,2,27,0,0,22,0,2,2,139,965,197,327
BALTIMORE_012-011,0,493,0,0,0,18,0,0,0,0,0,1,0,0,0,0,0,0,0,0,0,0,0,0,0,0,0,0,0,0,0,0,0,0,0,0,0,0,0,0,0,0,0,0,0,0,0,0,41,0,0,0,0,0,685,176,6,176,0,4,1,38,0,0,21,3,0,0,184,1238,251,358
BALTIMORE_012-012,0,251,0,0,0,10,0,0,0,0,0,0,0,0,0,0,0,0,0,0,0,0,0,0,0,0,0,0,0,0,0,0,0,0,0,0,0,0,0,0,0,0,0,0,0,0,0,0,26,0,0,0,0,0,650,128,3,138,2,3,1,34,1,2,21,0,0,1,186,937,251,269
BALTIMORE_012-013,0,418,0,0,0,8,0,0,0,0,0,0,0,0,0,0,0,0,0,0,0,0,0,0,0,0,0,0,0,0,0,0,0,0,0,0,0,0,0,0,0,0,0,0,0,0,0,0,2,0,0,0,0,0,21,221,0,64,0,2,0,0,0,0,0,0,0,0,2,449,4,285
BALTIMORE_013-001,0,450,0,0,0,26,0,0,0,0,0,0,0,0,0,0,0,0,0,0,0,0,0,0,0,0,0,0,0,0,2,0,0,0,0,0,0,0,0,0,0,0,0,0,0,0,0,0,36,0,0,0,0,0,403,143,2,192,1,3,0,27,0,0,22,2,1,1,102,917,159,337
BALTIMORE_013-002,0,267,0,0,0,20,0,0,0,0,0,0,0,0,0,0,0,0,0,0,0,0,0,0,0,0,0,0,0,0,1,0,0,0,0,0,0,0,0,0,0,0,0,0,0,0,0,0,41,0,0,0,0,0,446,88,5,153,0,5,0,28,0,0,41,1,1,0,138,775,214,246
BALTIMORE_013-003,0,316,0,0,0,15,0,0,0,0,0,0,0,0,0,0,0,0,0,0,0,0,0,0,0,0,0,0,0,0,6,0,0,0,1,0,0,0,0,0,0,0,0,0,0,0,0,0,39,0,0,0,0,0,607,142,7,171,0,5,1,52,0,0,57,0,4,2,200,984,321,320
BALTIMORE_013-004,0,347,0,0,0,22,0,0,0,0,0,1,0,0,0,0,0,0,0,0,0,0,0,0,0,0,0,0,0,0,5,0,0,0,0,0,0,0,0,0,0,0,0,0,0,0,0,0,60,0,0,0,0,0,641,143,4,222,1,5,1,49,1,0,83,1,3,0,206,1076,350,369
BALTIMORE_013-005,0,345,0,0,0,21,0,0,0,0,0,0,0,0,0,0,0,0,0,0,0,0,0,0,0,0,0,0,0,0,9,0,0,0,0,0,0,0,0,0,0,0,0,0,0,0,0,0,66,0,0,0,0,0,785,146,6,166,2,6,0,57,0,0,57,0,0,0,260,1226,382,318
BALTIMORE_013-006,0,189,0,0,0,5,0,0,0,0,0,0,0,0,0,0,0,0,0,0,0,0,0,0,0,0,0,0,0,1,0,0,0,0,0,0,0,0,0,0,0,0,0,0,0,0,0,0,15,0,0,0,0,0,245,68,2,56,0,1,0,16,0,0,12,1,0,0,60,455,90,126
BALTIMORE_013-007,0,488,0,0,0,12,0,0,0,0,0,0,0,0,0,0,0,0,0,0,0,0,0,0,0,0,0,0,0,0,0,0,0,0,0,0,0,0,0,0,0,0,0,0,0,0,0,0,17,0,0,0,0,0,331,160,4,109,0,1,0,16,0,0,10,0,0,0,63,848,90,273
BALTIMORE_013-008,0,246,0,0,0,6,0,0,0,0,0,4,0,0,0,0,0,0,0,0,0,0,0,0,0,0,0,0,0,0,1,0,0,0,0,0,0,0,0,0,0,0,0,0,0,0,0,0,30,0,0,0,0,0,653,105,4,99,2,3,1,31,0,1,14,1,0,0,161,940,214,208
BALTIMORE_013-009,0,731,0,0,0,26,0,0,0,0,0,0,0,0,0,0,0,0,0,2,0,0,0,0,0,0,0,0,0,0,6,0,0,0,0,0,0,0,0,0,0,0,0,0,0,0,0,0,48,0,0,0,0,0,835,244,3,181,3,2,2,38,0,1,21,0,0,0,251,1648,318,428
BALTIMORE_014-001,0,366,0,0,0,26,0,0,0,0,0,0,0,0,0,0,0,0,0,0,0,0,0,0,0,0,0,0,0,0,5,0,0,0,0,0,0,0,0,0,0,0,0,0,0,0,0,0,47,0,0,0,0,0,645,145,5,167,2,3,0,36,0,0,54,1,0,0,193,1089,289,317
BALTIMORE_014-002,0,622,0,0,0,19,0,0,0,0,0,0,0,0,0,0,0,0,0,0,0,0,0,0,0,0,0,0,0,0,4,0,0,0,0,0,0,0,0,0,0,0,0,0,0,0,0,0,54,0,0,0,0,0,712,263,7,217,0,5,0,52,1,0,45,0,3,0,230,1411,336,487
BALTIMORE_014-003,0,630,0,0,0,22,0,0,0,0,0,0,0,0,0,0,0,0,0,0,0,0,0,0,0,0,0,0,0,0,7,0,0,0,0,0,0,0,0,0,0,0,0,0,0,0,0,0,52,0,0,0,1,0,571,255,3,181,0,2,2,40,1,0,51,1,1,1,165,1283,264,439
BALTIMORE_014-004,0,87,0,0,0,4,0,0,0,0,0,0,0,0,0,0,0,0,0,0,0,0,0,0,0,0,0,0,0,0,0,0,0,0,0,0,0,0,0,0,0,0,0,0,0,0,0,0,10,0,0,0,0,0,88,39,1,27,1,0,0,5,0,0,9,1,0,0,20,189,36,67
BALTIMORE_014-005,0,190,0,0,0,5,0,0,0,0,0,0,0,0,0,0,0,0,0,0,0,0,0,0,0,0,0,0,0,0,0,0,0,0,0,0,0,0,0,0,0,0,0,0,0,0,0,0,8,0,0,0,0,0,80,56,0,55,1,1,0,6,0,0,1,0,0,0,16,283,25,111
BALTIMORE_014-006,0,569,0,0,0,30,0,0,0,0,0,0,0,0,0,0,1,0,0,0,0,0,0,0,0,0,0,0,0,0,2,0,0,0,0,0,0,0,0,0,0,0,0,0,0,0,0,0,65,0,0,0,0,0,820,273,6,268,1,5,0,76,0,0,79,1,4,1,253,1487,420,547
BALTIMORE_014-007,0,465,0,0,0,25,0,0,0,0,0,2,0,0,0,0,0,0,0,0,0,0,0,0,0,0,0,0,0,0,1,0,0,0,0,0,0,0,0,0,0,0,0,0,0,0,0,0,35,0,0,0,0,0,540,195,5,182,0,8,0,40,1,0,38,1,2,0,156,1068,246,382
BALTIMORE_014-008,0,1094,0,0,0,27,0,0,0,0,0,0,0,0,0,0,0,0,0,0,0,0,0,0,0,0,0,0,0,0,2,0,0,0,0,0,0,0,0,0,0,0,0,0,0,0,0,0,20,0,0,0,0,0,314,471,1,252,0,5,0,27,0,0,15,1,2,1,103,1457,154,724
BALTIMORE_014-009,0,1010,0,0,0,18,0,0,0,0,0,0,0,0,0,0,0,0,0,0,0,0,0,0,0,0,0,0,0,0,0,0,0,0,0,0,0,0,0,0,0,0,0,0,0,0,0,0,21,0,0,0,0,0,441,458,3,199,0,1,1,37,0,0,20,0,3,1,123,1490,186,660
BALTIMORE_014-010,0,503,0,0,0,9,0,0,0,0,0,0,0,0,0,0,0,0,0,0,0,0,0,0,0,0,0,0,0,0,2,0,0,0,0,0,0,0,0,0,0,0,0,0,0,0,0,0,32,0,0,0,0,0,474,275,4,162,5,3,0,26,0,0,27,0,2,0,157,1020,220,441
BALTIMORE_014-011,0,484,0,0,0,11,0,0,0,0,0,0,0,0,0,0,0,0,0,0,0,0,0,0,0,0,0,0,0,0,4,0,0,0,0,0,0,0,0,0,0,0,0,0,0,0,0,0,21,1,0,0,0,0,407,249,1,110,3,1,1,31,2,0,18,0,0,0,135,928,191,360
BALTIMORE_014-012,0,395,0,0,0,28,0,0,0,0,0,0,0,0,0,0,0,0,0,0,0,0,0,0,0,0,0,0,0,0,1,0,0,0,0,0,0,0,0,0,0,0,0,0,0,0,0,0,51,0,0,0,1,0,607,140,5,154,1,2,0,43,0,0,52,0,0,0,171,1083,269,299
BALTIMORE_014-013,0,522,0,0,0,10,0,0,0,0,0,0,0,0,0,0,0,0,0,0,0,0,0,0,0,0,0,0,0,0,1,0,0,0,0,0,0,0,0,0,0,0,0,0,0,0,0,0,25,0,0,0,0,0,386,211,2,140,1,4,1,30,0,0,15,2,2,0,100,944,155,353
BALTIMORE_014-014,0,147,0,0,0,6,0,0,0,0,0,0,0,0,0,0,0,0,0,0,0,0,0,0,0,0,0,0,0,0,1,0,0,0,0,0,0,0,0,0,0,0,0,0,0,0,0,0,5,0,0,0,0,0,100,44,1,49,0,1,1,9,0,0,4,1,0,0,36,259,52,94
BALTIMORE_015-001,0,266,0,0,0,25,0,0,0,0,0,0,0,0,0,0,0,0,0,0,0,0,0,0,0,0,0,0,0,0,1,0,0,0,0,0,0,0,0,0,0,0,0,0,0,0,0,0,22,0,0,0,0,0,364,89,0,114,3,0,0,15,0,0,3,0,0,0,71,678,92,203
BALTIMORE_015-002,0,369,0,0,0,18,0,0,0,0,0,0,0,0,0,0,0,0,0,0,0,0,0,0,0,0,0,0,0,0,2,0,0,0,0,0,0,0,0,0,0,0,0,0,0,0,0,0,41,0,0,0,0,0,841,152,6,147,0,9,0,37,0,1,31,0,1,1,213,1271,293,305
BALTIMORE_015-003,0,241,0,0,0,7,0,0,0,0,0,0,0,0,0,0,0,0,0,0,0,0,0,0,0,0,0,0,0,0,5,0,0,0,0,0,0,0,0,0,0,0,0,0,0,0,0,0,22,0,0,0,0,0,676,128,2,116,1,7,2,45,0,0,25,1,0,0,203,951,284,246
BALTIMORE_015-004,0,665,0,0,0,16,0,0,0,0,0,0,0,0,0,0,0,0,0,0,0,0,0,0,0,0,0,0,0,0,1,0,0,0,0,0,0,0,0,0,0,0,0,0,0,0,0,0,30,0,0,0,0,0,417,209,6,151,1,7,0,24,1,0,18,1,0,1,111,1129,164,366
BALTIMORE_015-005,0,1095,0,0,0,33,0,0,0,0,0,1,0,0,0,0,0,0,0,0,0,0,0,0,0,0,0,0,0,0,1,0,0,0,0,0,0,0,0,0,0,0,0,0,0,0,0,0,67,0,0,0,0,0,933,426,4,330,4,7,1,55,2,1,60,3,5,0,296,2130,434,760
BALTIMORE_015-006,0,251,0,0,0,12,0,0,0,0,0,0,0,0,0,0,0,0,0,0,0,0,0,0,0,0,0,0,0,0,4,0,0,0,0,0,0,0,0,0,0,0,0,0,0,0,0,0,33,0,0,0,1,0,1068,122,8,164,0,4,2,53,0,0,41,3,1,0,372,1369,476,294
BALTIMORE_015-007,0,571,0,0,0,16,0,0,0,0,0,0,0,0,0,0,0,0,0,0,0,0,0,0,0,0,0,0,0,0,2,0,0,0,0,0,0,0,0,0,0,0,0,0,0,0,0,0,27,0,0,0,0,0,693,215,5,142,0,4,3,27,0,0,29,0,3,0,201,1309,267,362
BALTIMORE_015-008,0,437,0,0,0,18,0,0,0,0,0,0,0,0,0,0,0,0,0,0,0,0,0,0,0,0,0,0,0,0,5,0,0,0,0,0,0,0,0,0,0,0,0,0,0,0,0,0,29,0,0,0,0,0,847,169,2,158,0,10,1,54,1,1,37,1,0,0,274,1336,379,329
BALTIMORE_015-009,0,151,0,0,0,5,0,0,0,0,0,0,0,0,0,0,0,0,0,0,0,0,0,0,0,0,0,0,0,0,1,0,0,0,0,0,0,0,0,0,0,0,0,0,0,0,0,0,15,0,0,0,0,0,449,67,4,81,2,3,0,20,0,0,18,1,2,0,161,621,207,152
BALTIMORE_015-010,0,516,0,0,0,11,0,0,0,0,0,0,0,0,0,0,0,0,0,0,0,0,0,0,0,0,0,0,0,0,1,0,0,0,0,0,0,0,0,0,0,0,0,0,0,0,0,0,38,0,0,0,1,0,633,186,6,157,1,3,1,27,4,1,19,0,1,1,183,1200,241,349
BALTIMORE_015-011,1,502,0,0,0,12,0,0,0,0,0,0,0,0,0,0,0,0,0,0,0,0,0,0,0,0,0,0,0,0,2,0,0,0,0,0,0,0,0,0,0,0,0,1,0,0,0,0,46,0,0,0,0,0,697,180,3,136,1,0,0,28,0,0,21,0,1,0,176,1261,227,319
BALTIMORE_015-012,0,248,0,0,0,10,0,0,0,0,0,0,0,0,0,0,0,0,0,0,0,0,0,0,0,0,0,0,0,0,3,0,0,0,0,0,0,0,0,0,0,0,0,0,0,0,0,0,29,0,0,1,0,0,672,126,4,118,3,1,0,49,1,0,29,1,1,0,179,963,264,248
BALTIMORE_015-013,0,181,0,0,0,8,0,0,0,0,0,1,0,0,0,0,0,0,0,0,0,0,0,0,0,0,0,0,0,0,1,0,0,0,0,0,0,0,0,0,0,0,0,0,0,0,0,0,22,0,0,0,0,0,637,107,11,105,2,1,0,18,0,0,21,1,1,0,196,850,240,223
BALTIMORE_015-014,0,133,0,0,0,5,0,0,0,0,0,0,0,0,0,0,0,0,0,0,0,0,0,0,0,0,0,0,0,0,0,0,0,0,0,0,0,0,0,0,0,0,0,0,0,0,0,0,16,0,0,0,0,0,329,52,2,47,1,0,0,11,0,0,12,1,0,0,94,483,119,101
BALTIMORE_015-015,0,317,0,0,0,11,0,0,0,0,0,0,0,0,0,0,0,0,0,0,1,0,0,0,0,0,0,0,0,0,0,0,0,0,0,0,0,0,0,0,0,0,0,0,0,0,0,0,39,0,0,0,0,0,655,117,1,129,0,3,1,26,2,0,14,0,1,1,177,1023,225,247
BALTIMORE_015-016,0,330,0,0,0,13,0,0,0,0,0,0,0,0,0,0,0,0,0,0,0,0,0,0,0,0,0,0,0,0,1,0,0,0,1,0,0,0,0,0,0,0,0,0,0,0,0,0,29,0,0,0,0,0,591,120,3,116,1,3,0,36,1,0,13,0,0,0,155,965,209,239
BALTIMORE_015-017,0,938,0,0,0,16,0,0,0,0,0,0,0,0,0,0,0,0,0,0,0,0,0,0,0,0,0,0,0,0,1,0,0,0,0,0,0,0,0,0,0,0,0,0,0,0,0,0,13,0,0,0,0,0,359,321,3,211,0,2,1,21,2,0,11,0,0,0,131,1327,168,535
BALTIMORE_015-018,0,392,0,0,0,11,0,0,0,0,0,0,0,0,0,0,0,0,0,0,0,0,0,0,0,0,0,0,0,0,1,0,0,0,0,0,0,0,0,0,0,0,0,0,0,0,0,0,29,0,0,0,0,0,688,164,4,139,2,6,0,22,0,0,32,0,1,0,236,1121,299,307
BALTIMORE_015-019,0,340,0,0,0,17,0,0,0,0,0,0,0,0,0,0,0,0,0,0,0,0,0,0,0,0,0,0,0,0,2,0,0,0,0,0,0,0,0,0,0,0,0,0,0,0,0,0,46,0,0,0,0,0,1047,159,11,212,2,5,1,62,0,0,55,1,1,0,387,1452,514,382
BALTIMORE_015-020,0,429,0,0,0,17,0,0,0,0,0,0,0,0,0,0,0,0,0,0,0,0,0,0,0,0,0,0,0,0,1,0,0,0,0,0,0,0,0,0,0,0,0,0,0,0,0,0,33,0,0,0,0,0,1227,227,10,232,0,4,0,50,0,1,21,0,1,0,361,1707,438,469
BALTIMORE_015-021,0,331,0,0,0,12,0,0,0,0,0,0,0,0,0,0,0,0,0,0,0,0,0,0,0,0,0,0,0,0,1,0,0,0,0,0,0,0,0,0,0,0,0,0,0,0,0,0,18,0,0,0,0,0,1238,236,12,246,2,8,0,54,2,0,43,0,2,0,465,1600,576,494
BALTIMORE_015-022,0,315,0,0,0,17,0,0,0,0,0,0,0,0,0,0,0,0,0,0,0,0,0,0,0,0,0,0,0,0,4,0,0,0,0,0,0,0,0,0,0,0,0,0,0,0,0,0,36,0,0,0,0,0,1303,159,13,222,2,3,0,43,0,1,32,0,1,0,382,1675,464,394
BALTIMORE_015-023,0,1067,0,0,0,20,0,0,0,0,0,0,0,0,0,0,0,0,0,0,0,0,0,0,0,0,0,0,0,0,2,0,0,0,0,0,0,0,0,0,0,0,0,0,0,0,0,0,18,0,0,0,0,0,209,356,4,195,0,6,1,14,2,0,4,1,2,0,40,1316,70,555
BALTIMORE_015-024,0,130,0,0,0,2,0,0,0,0,0,0,0,0,0,0,0,0,0,0,0,0,0,0,0,0,0,0,0,0,0,0,0,0,0,0,0,0,0,0,0,0,0,0,0,0,0,0,13,0,0,0,0,0,156,60,1,30,0,1,0,22,1,0,12,0,0,1,62,301,99,91
BALTIMORE_015-025,0,292,0,0,0,15,0,0,0,0,0,0,0,0,0,0,0,0,0,0,0,0,0,0,0,0,0,0,0,0,2,0,0,0,0,0,0,0,0,0,0,0,0,0,0,0,0,0,34,0,0,0,0,0,960,119,4,126,1,4,0,49,1,0,43,2,0,0,298,1303,398,249
BALTIMORE_015-026,0,149,0,0,0,11,0,0,0,0,0,0,0,0,0,0,0,0,0,0,0,0,0,0,0,0,0,0,0,0,0,0,0,0,0,0,0,0,0,0,0,0,0,0,0,0,0,0,25,0,0,0,0,0,776,90,9,106,2,2,1,35,1,0,47,0,2,0,298,961,388,205
BALTIMORE_CITY_001-001,0,394,0,0,0,17,0,0,0,0,0,0,0,0,0,0,0,0,0,0,0,0,0,0,0,0,0,0,0,0,6,0,0,0,0,0,0,0,0,0,0,0,0,0,0,0,0,0,43,0,0,0,0,0,114,125,0,207,1,0,0,10,0,0,26,1,1,0,24,574,63,332
BALTIMORE_CITY_001-002,0,523,0,0,0,19,0,0,0,0,0,0,0,0,0,0,0,0,0,0,0,0,0,0,0,0,0,0,0,0,6,0,0,0,0,0,0,0,0,0,0,0,0,0,0,0,0,0,41,0,0,0,0,0,140,207,2,230,1,1,0,17,1,0,30,0,0,0,33,729,83,439
BALTIMORE_CITY_001-003,0,385,0,0,0,12,0,0,0,0,0,0,0,0,0,0,0,0,0,0,0,0,0,0,0,0,0,0,0,0,2,0,0,0,0,0,0,0,0,0,0,0,0,0,0,0,0,0,62,0,0,0,0,0,193,119,2,152,1,0,2,9,0,0,47,1,0,0,44,654,104,273
BALTIMORE_CITY_001-004,0,536,0,0,0,13,0,0,0,0,0,0,0,0,0,0,0,0,0,0,0,0,0,0,0,0,0,0,0,0,6,0,0,0,0,0,0,0,0,0,0,0,0,1,0,0,0,0,69,0,0,0,0,0,341,248,2,195,1,1,1,19,0,0,77,0,1,0,95,966,195,445
BALTIMORE_CITY_001-005,0,741,0,0,0,25,0,0,0,0,0,1,0,0,0,0,0,0,0,0,0,0,0,0,0,0,0,0,0,0,5,0,0,0,0,0,0,0,0,0,0,0,0,0,0,0,0,0,107,0,0,0,0,0,430,282,11,291,1,3,2,42,1,0,113,5,5,1,103,1309,276,584
BALTIMORE_CITY_002-001,0,326,0,0,0,6,0,0,0,0,0,0,0,0,0,0,0,0,0,0,0,0,0,0,0,0,0,0,0,0,1,0,0,0,0,0,0,0,0,0,0,0,0,0,0,0,0,0,26,0,0,0,0,0,57,113,0,134,1,0,0,4,1,0,11,0,0,0,10,416,27,247
BALTIMORE_CITY_002-002,0,476,0,0,0,5,0,0,0,0,0,0,0,0,0,0,0,0,0,0,0,0,0,0,0,0,0,0,0,0,4,0,0,0,0,0,0,0,0,0,0,0,0,0,0,0,0,0,47,0,0,0,0,0,143,169,4,191,0,0,0,11,1,0,22,0,0,0,25,675,59,364
BALTIMORE_CITY_002-003,0,772,0,0,0,20,0,0,0,0,0,0,0,0,0,0,0,0,0,0,0,0,0,0,0,0,0,0,0,0,9,0,0,0,0,0,0,0,0,0,0,0,0,0,0,0,0,0,39,0,0,0,0,0,206,288,1,242,0,0,0,16,0,1,66,1,1,0,47,1046,132,531
BALTIMORE_CITY_003-001,0,503,0,0,0,9,0,0,0,0,0,0,0,0,0,0,0,0,0,0,0,0,0,0,0,0,0,0,0,0,0,0,0,0,0,0,0,0,0,0,0,0,0,0,0,0,0,0,4,0,0,0,0,0,17,219,0,84,0,0,0,2,0,0,1,1,0,0,6,533,10,303
BALTIMORE_CITY_003-002,0,199,0,0,0,1,0,0,0,0,0,0,0,0,0,0,0,0,0,0,0,0,0,0,0,0,0,0,0,0,0,0,0,0,0,0,0,0,0,0,0,0,0,0,0,0,0,0,1,0,0,0,0,0,26,85,0,46,0,0,0,1,0,0,2,0,0,0,3,227,6,131
BALTIMORE_CITY_003-003,0,434,0,0,0,11,0,0,0,0,0,0,0,0,0,0,0,0,0,0,0,0,0,0,0,0,0,0,0,0,2,0,0,0,0,0,0,0,0,0,0,0,0,0,0,0,0,0,35,0,0,0,0,0,168,192,3,139,1,0,0,16,1,0,34,0,0,0,46,650,98,334
BALTIMORE_CITY_004-001,0,216,0,0,0,2,0,0,0,0,0,0,0,0,0,0,0,0,0,0,0,0,0,0,0,0,0,0,0,0,0,0,0,0,0,0,0,0,0,0,0,0,0,0,0,0,0,0,12,0,0,0,0,0,46,55,0,55,0,0,0,2,0,1,4,0,0,0,11,276,18,110
BALTIMORE_CITY_004-002,1,636,0,0,0,16,0,0,0,0,0,0,0,0,0,0,0,0,0,0,0,0,0,0,0,0,0,0,0,1,3,0,0,0,0,0,0,0,0,0,0,0,0,0,0,0,0,0,30,0,0,0,1,0,70,190,1,196,1,1,1,14,1,0,22,0,2,0,11,758,53,387
BALTIMORE_CITY_004-003,0,194,0,0,0,2,0,0,0,0,0,0,0,0,0,0,0,0,0,0,0,0,0,0,0,0,0,0,0,0,0,0,0,0,0,0,0,0,0,0,0,0,0,0,0,0,0,0,1,0,0,0,0,0,4,129,0,25,0,0,0,0,0,0,0,0,0,0,0,201,0,154
BALTIMORE_CITY_005-001,0,440,0,0,0,6,0,0,0,0,0,0,0,0,0,0,0,0,0,0,0,0,0,0,0,0,0,0,0,0,0,0,0,0,0,0,0,0,0,0,0,0,0,0,0,0,0,0,2,0,0,0,0,0,14,199,0,30,1,0,0,0,0,0,0,0,0,0,2,462,3,229
BALTIMORE_CITY_005-002,0,44,0,0,0,0,0,0,0,0,0,0,0,0,0,0,0,0,0,0,0,0,0,0,0,0,0,0,0,0,0,0,0,0,0,0,0,0,0,0,0,0,0,0,0,0,0,0,1,0,0,0,0,0,1,37,0,7,0,0,0,0,0,0,0,0,0,0,0,46,0,44
BALTIMORE_CITY_006-001,0,398,0,0,0,5,0,0,0,0,0,0,0,0,0,0,0,0,0,0,0,0,0,0,0,0,0,0,0,0,0,0,0,0,0,0,0,0,0,0,0,0,0,0,0,0,0,0,7,0,0,0,0,0,21,172,0,71,0,0,0,1,0,0,1,0,0,0,0,431,2,243
BALTIMORE_CITY_006-002,0,227,0,0,0,3,0,0,0,0,0,0,0,0,0,0,0,0,0,0,0,0,0,0,0,0,0,0,0,0,2,0,0,0,0,0,0,0,0,0,0,0,0,0,0,0,0,0,3,0,0,0,0,0,10,104,0,32,0,0,0,0,0,0,2,0,1,0,4,245,7,136
BALTIMORE_CITY_006-003,0,175,0,0,0,3,0,0,0,0,0,0,0,0,0,0,0,0,0,0,0,0,0,0,0,0,0,0,0,0,0,0,0,0,0,0,0,0,0,0,0,0,0,0,0,0,0,0,2,0,0,0,0,0,5,100,1,30,0,0,0,0,0,0,1,0,0,0,0,185,1,131
BALTIMORE_CITY_006-004,0,393,0,0,0,12,0,0,0,0,0,0,0,0,0,0,0,0,0,0,0,0,0,0,0,0,0,0,0,0,2,0,0,0,0,0,0,0,0,0,0,0,0,0,0,0,0,0,14,0,0,0,0,0,42,172,1,137,1,1,0,2,0,0,11,0,0,1,7,463,23,310
BALTIMORE_CITY_006-005,0,705,0,0,0,20,0,0,0,0,0,0,0,0,0,0,0,0,0,0,0,0,0,0,0,0,0,0,0,0,2,0,0,0,1,0,0,0,0,0,0,0,0,0,0,0,0,0,41,0,0,0,0,0,112,263,4,296,0,0,0,11,2,1,20,0,1,0,25,881,60,563
BALTIMORE_CITY_007-001,0,349,0,0,0,1,0,0,0,0,0,0,0,0,0,0,0,0,0,0,0,0,0,0,0,0,0,0,0,0,0,0,0,0,0,0,0,0,0,0,0,0,0,0,0,0,0,0,0,0,0,0,0,0,5,140,0,47,0,0,0,0,0,0,0,0,0,0,0,355,0,187
BALTIMORE_CITY_007-002,0,80,0,0,0,1,0,0,0,0,0,0,0,0,0,0,0,0,0,0,0,0,0,0,0,0,0,0,0,0,0,0,0,0,0,0,0,0,0,0,0,0,0,0,0,0,0,0,0,0,0,0,1,0,0,38,0,20,0,0,0,1,0,0,1,0,0,0,0,82,2,58
BALTIMORE_CITY_007-003,0,668,0,0,0,7,0,0,0,0,0,0,0,0,0,0,0,0,0,0,0,0,0,0,0,0,0,0,0,0,0,0,0,0,0,0,0,0,0,0,0,0,0,0,0,0,0,0,5,0,0,0,0,0,11,319,1,112,0,1,0,2,0,0,0,0,0,0,1,691,4,432
BALTIMORE_CITY_007-004,0,567,0,0,0,4,0,0,0,1,0,0,0,0,0,0,0,0,0,0,0,0,0,0,0,0,0,0,0,0,0,0,0,0,0,0,0,0,0,0,0,0,0,0,0,0,0,0,3,0,0,0,0,0,12,313,0,68,0,0,0,0,0,0,0,0,0,0,3,587,3,381
BALTIMORE_CITY_008-001,0,26,0,0,0,2,0,0,0,0,0,0,0,0,0,0,0,0,0,0,0,0,0,0,0,0,0,0,0,0,0,0,0,0,0,0,0,0,0,0,0,0,0,0,0,0,0,0,2,0,0,0,0,0,5,16,0,9,0,0,0,0,0,0,1,0,0,0,0,35,1,25
BALTIMORE_CITY_008-002,0,467,0,0,0,8,0,0,0,0,0,0,0,0,0,0,0,0,0,0,0,0,0,0,0,0,0,0,0,0,0,0,0,0,0,0,0,0,0,0,0,0,0,0,0,0,0,0,8,0,0,0,0,0,27,229,0,65,0,0,1,2,0,0,3,0,0,1,6,510,13,294
BALTIMORE_CITY_008-003,0,534,0,0,0,6,0,0,0,0,0,0,0,0,0,0,0,0,0,0,0,0,0,0,0,0,0,0,0,0,0,0,0,0,0,0,0,0,0,0,0,0,0,0,0,0,0,0,10,0,0,0,0,0,16,308,1,72,0,0,0,0,0,0,0,0,0,0,3,566,3,381
BALTIMORE_CITY_008-004,0,143,0,0,0,2,0,0,0,0,0,0,0,0,0,0,0,0,0,0,0,0,0,0,0,0,0,0,0,0,0,0,0,0,0,0,0,0,0,0,0,0,0,0,0,0,0,0,0,0,0,0,0,0,3,67,0,21,0,0,0,0,0,0,0,0,0,0,0,148,0,88
BALTIMORE_CITY_008-005,0,511,0,0,0,5,0,0,0,0,0,0,0,0,0,0,0,0,0,0,0,0,0,0,0,0,0,0,0,0,0,0,0,0,0,0,0,0,0,0,0,0,0,0,0,0,0,0,4,0,0,0,0,0,10,306,0,80,0,1,1,0,1,0,0,0,0,0,1,530,4,386
BALTIMORE_CITY_008-006,0,769,0,0,0,13,0,0,0,0,0,0,0,0,0,0,0,0,0,0,0,0,0,0,0,0,0,0,0,0,0,0,0,0,0,0,0,0,0,0,0,0,0,0,0,0,0,0,11,0,0,0,0,0,14,414,0,118,0,0,1,3,0,0,0,0,0,0,3,807,7,532
BALTIMORE_CITY_008-007,0,575,0,0,0,4,0,0,0,0,0,0,0,0,0,0,0,0,0,0,0,0,0,0,0,0,0,0,0,0,0,0,0,0,0,0,0,0,0,0,0,0,0,0,0,0,0,0,2,0,0,0,0,0,7,286,1,85,0,0,0,0,1,0,1,0,0,0,2,588,4,372
BALTIMORE_CITY_008-008,0,358,0,0,0,18,0,0,0,0,0,0,0,0,0,0,0,0,0,0,0,0,0,0,0,0,0,0,0,0,4,0,0,0,0,0,0,0,0,0,0,0,0,0,0,0,0,0,10,0,0,0,0,0,77,194,2,166,0,0,0,12,0,0,13,0,0,0,16,467,41,362
BALTIMORE_CITY_008-009,0,26,0,0,0,1,0,0,0,0,0,0,0,0,0,0,0,0,0,0,0,0,0,0,0,0,0,0,0,0,0,0,0,0,0,0,0,0,0,0,0,0,0,0,0,0,0,0,1,0,0,0,0,0,2,14,0,4,0,0,0,0,0,0,0,0,0,0,1,30,1,18
BALTIMORE_CITY_008-010,0,934,0,0,0,10,0,0,0,0,0,0,0,0,0,0,0,0,0,0,0,0,0,0,0,0,0,0,0,0,0,0,0,0,0,0,0,0,0,0,0,0,0,0,0,0,0,0,4,0,0,0,0,0,16,550,0,137,1,1,0,4,0,0,0,1,0,0,1,964,8,687
BALTIMORE_CITY_008-011,0,189,0,0,0,4,0,0,0,0,0,0,0,0,0,0,0,0,0,0,0,0,0,0,0,0,0,0,0,0,0,0,0,0,0,0,0,0,0,0,0,0,0,0,0,0,0,0,0,0,0,0,0,0,5,105,0,20,0,0,0,1,0,0,0,0,0,0,0,198,1,125
BALTIMORE_CITY_009-001,0,210,0,0,0,9,0,0,0,0,0,0,0,0,0,0,0,0,0,0,0,0,0,0,0,0,0,0,0,0,0,0,0,0,0,0,0,0,0,0,0,0,0,0,0,0,0,0,4,0,0,0,0,0,2,97,0,49,0,0,0,0,0,0,1,0,0,0,0,225,1,146
BALTIMORE_CITY_009-002,1,309,0,0,0,9,0,0,0,0,0,0,0,0,0,0,0,0,0,0,0,0,0,0,0,0,0,0,0,0,0,0,0,0,0,0,0,0,0,0,0,0,0,0,0,0,0,0,7,0,0,0,0,0,12,158,1,44,0,0,0,3,0,0,3,1,0,0,1,338,8,203
BALTIMORE_CITY_009-003,0,483,0,0,0,15,0,0,0,0,0,0,0,0,0,0,0,0,0,0,0,0,0,0,0,0,0,0,0,0,0,0,0,0,0,0,0,0,0,0,0,0,0,0,0,0,0,0,6,0,0,0,0,0,17,237,1,134,0,0,0,3,0,0,1,0,0,0,2,521,6,372
BALTIMORE_CITY_009-004,0,610,0,0,0,15,0,0,0,0,0,0,0,0,0,0,0,0,0,0,0,0,0,0,0,0,0,0,0,0,2,0,0,0,0,0,0,0,0,0,0,0,0,0,0,0,0,0,10,0,0,0,0,0,27,374,1,220,0,0,0,5,0,0,5,1,0,0,9,664,20,595
BALTIMORE_CITY_009-005,0,445,0,0,0,13,0,0,0,0,0,0,0,0,0,0,0,0,0,0,0,0,0,0,0,0,0,0,0,0,0,0,0,0,0,0,0,0,0,0,0,0,0,0,0,0,0,0,8,0,0,0,0,0,21,257,1,157,0,1,0,5,0,0,4,0,4,0,1,487,15,415
BALTIMORE_CITY_009-006,0,581,0,0,0,13,0,0,0,0,0,0,0,0,0,0,0,0,0,0,0,0,0,0,0,0,0,0,0,0,0,0,0,0,0,0,0,0,0,0,0,0,0,0,0,0,0,0,6,0,0,0,0,0,17,349,1,162,0,0,0,1,1,0,0,0,0,1,2,617,5,512
BALTIMORE_CITY_009-007,0,612,0,0,0,11,0,0,0,0,0,0,0,0,0,0,0,0,0,0,0,0,0,0,0,0,0,0,0,0,1,0,0,0,0,0,0,0,0,0,0,0,0,0,0,0,0,0,3,0,0,0,0,0,17,325,1,123,0,1,0,2,0,0,2,0,0,0,1,644,6,449
BALTIMORE_CITY_009-008,0,462,0,0,0,8,0,0,0,0,0,0,0,0,0,0,0,0,0,0,0,0,0,0,0,0,0,0,0,0,0,0,0,0,0,0,0,0,0,0,0,0,0,0,0,0,0,0,1,0,0,0,0,0,15,232,0,66,0,1,0,2,0,0,0,0,0,0,1,486,4,298
BALTIMORE_CITY_009-009,0,293,0,0,0,7,0,0,0,0,0,0,0,0,0,0,0,0,0,0,0,0,0,0,0,0,0,0,0,0,0,0,0,0,0,0,0,0,0,0,0,0,0,0,0,0,0,0,2,0,0,0,0,0,15,158,0,60,0,0,0,0,0,0,1,0,0,0,3,317,4,218
BALTIMORE_CITY_009-010,0,480,0,0,0,15,0,0,0,0,0,0,0,0,0,0,0,0,0,0,0,0,0,0,0,0,0,0,0,0,1,0,0,0,0,0,0,0,0,0,0,0,0,0,0,0,0,0,6,0,0,0,0,0,9,214,1,129,0,0,0,0,0,0,1,0,0,0,1,511,2,344
BALTIMORE_CITY_009-011,0,82,0,0,0,0,0,0,0,0,0,0,0,0,0,0,0,0,0,0,0,0,0,0,0,0,0,0,0,0,0,0,0,0,0,0,0,0,0,0,0,0,0,0,0,0,0,0,2,0,0,0,0,0,2,38,0,9,0,0,0,0,0,0,0,0,0,0,0,86,0,47
BALTIMORE_CITY_009-012,0,481,0,0,0,7,0,0,0,0,0,0,0,0,0,0,0,0,0,0,0,0,0,0,0,0,0,0,0,0,0,0,0,0,0,0,0,0,0,0,0,0,0,0,0,0,0,0,2,0,0,0,0,0,10,277,2,72,0,0,0,0,0,0,0,0,0,0,0,500,0,351
BALTIMORE_CITY_009-013,0,184,0,0,0,0,0,0,0,0,0,0,0,0,0,0,0,0,0,0,0,0,0,0,0,0,0,0,0,0,0,0,0,0,0,0,0,0,0,0,0,0,0,0,0,0,0,0,1,0,0,0,0,0,6,82,0,23,0,0,0,0,0,0,0,0,0,0,0,191,0,105
BALTIMORE_CITY_009-014,0,573,0,0,0,12,0,0,0,0,0,0,0,0,0,0,0,0,0,0,0,0,0,0,0,0,0,0,0,0,0,0,0,0,0,0,0,0,0,0,0,0,0,0,0,0,0,0,3,0,0,0,0,0,12,289,1,85,0,1,0,1,0,0,0,0,0,0,0,600,2,375
BALTIMORE_CITY_009-015,0,613,0,0,0,15,0,0,0,0,0,0,0,0,0,0,0,0,0,0,0,0,0,0,0,0,0,0,0,0,0,0,0,0,0,0,0,0,0,0,0,0,0,0,0,0,0,0,1,0,0,0,0,0,14,307,0,89,0,0,0,0,0,0,1,0,0,0,0,643,1,396
BALTIMORE_CITY_010-001,0,414,0,0,0,6,0,0,0,0,0,0,0,0,0,0,0,0,0,0,0,0,0,0,0,0,0,0,0,0,0,0,0,0,0,0,0,0,0,0,0,0,0,0,0,0,0,0,1,0,0,0,0,0,2,254,0,57,0,0,0,1,1,0,0,0,0,0,0,423,2,311
BALTIMORE_CITY_010-002,0,496,0,0,0,5,0,0,0,0,0,0,0,0,0,0,0,0,0,0,0,0,0,0,0,0,0,0,0,0,0,0,0,0,0,0,0,0,0,0,0,0,0,0,0,0,0,0,4,0,0,0,0,0,6,275,1,61,0,1,0,0,0,0,0,0,0,0,0,511,1,337
BALTIMORE_CITY_010-003,0,150,0,0,0,5,0,0,0,0,0,0,0,0,0,0,0,0,0,0,0,0,0,0,0,0,0,0,0,0,0,0,0,0,0,0,0,0,0,0,0,0,0,0,0,0,0,0,1,0,0,0,0,0,3,29,0,11,0,0,0,0,0,0,0,0,0,0,0,159,0,40
BALTIMORE_CITY_010-004,0,202,0,0,0,3,0,0,0,0,0,0,0,0,0,0,0,0,0,0,0,0,0,0,0,0,0,0,0,0,0,0,0,0,0,0,0,0,0,0,0,0,0,0,0,0,0,0,1,0,0,0,0,0,1,137,2,39,0,0,0,0,0,0,0,0,0,1,1,207,2,178
BALTIMORE_CITY_011-001,0,570,0,0,0,22,0,0,0,0,0,1,0,0,0,0,0,0,0,0,0,0,0,0,1,0,0,0,0,1,2,0,0,0,0,0,0,0,0,0,0,0,0,0,0,0,0,0,23,0,0,0,0,0,50,204,0,282,0,1,0,5,0,0,13,0,0,0,16,670,35,486
BALTIMORE_CITY_011-002,0,172,0,0,0,11,0,0,0,0,0,0,0,0,0,0,0,0,0,0,0,0,0,0,0,0,0,0,0,0,1,0,0,0,0,0,0,0,0,0,0,0,0,0,0,0,0,0,9,0,0,0,0,0,18,79,0,81,0,0,0,6,0,0,6,0,0,0,4,211,16,160
BALTIMORE_CITY_011-003,0,602,0,0,0,20,0,0,0,0,0,0,0,0,0,0,0,0,0,0,0,0,0,0,0,0,0,0,0,0,6,0,0,0,0,0,0,0,0,0,0,0,0,0,0,0,0,0,18,0,0,0,0,0,44,317,1,211,0,1,0,2,0,0,12,0,0,0,15,690,30,529
BALTIMORE_CITY_011-004,0,32,0,0,0,0,0,0,0,0,0,0,0,0,0,0,0,0,0,0,0,0,0,0,0,0,0,0,0,0,0,0,0,0,0,0,0,0,0,0,0,0,0,0,0,0,0,0,0,0,0,0,0,0,0,14,0,6,0,0,0,0,0,0,0,0,0,0,0,32,0,20
BALTIMORE_CITY_011-005,0,452,0,0,0,21,0,0,0,0,0,0,0,0,0,0,0,0,0,0,0,0,0,0,0,0,0,0,0,0,0,0,0,0,0,0,0,0,1,0,0,0,0,0,0,0,0,0,13,0,0,0,0,0,27,171,0,177,0,0,0,3,0,0,6,0,0,1,6,514,16,348
BALTIMORE_CITY_011-006,0,809,0,0,0,22,0,0,0,0,0,0,0,0,0,0,0,0,0,0,0,0,0,0,0,0,0,0,0,0,1,0,0,0,0,0,0,0,0,0,0,0,0,0,0,0,0,0,26,0,0,0,0,0,73,340,1,374,0,1,0,6,0,1,15,2,2,0,23,931,50,715
BALTIMORE_CITY_011-007,0,571,0,0,0,19,0,0,0,0,0,0,0,0,0,0,0,0,0,0,0,0,0,0,0,0,0,0,0,0,4,0,0,0,0,0,0,0,0,0,0,0,0,0,0,0,0,0,22,0,0,0,0,0,51,214,0,262,2,2,0,7,0,0,5,0,0,0,8,667,24,476
BALTIMORE_CITY_012-001,0,964,0,0,0,26,0,0,0,0,0,0,0,0,0,0,0,0,0,0,0,0,0,0,0,0,0,0,0,0,7,0,0,0,0,0,0,0,0,0,0,0,0,0,0,0,0,0,26,0,0,0,0,0,165,597,3,300,2,1,0,18,0,0,37,1,0,0,44,1188,103,900
BALTIMORE_CITY_012-002,0,85,0,0,0,2,0,0,0,0,0,0,0,0,0,0,0,0,0,0,0,0,0,0,0,0,0,0,0,0,0,0,0,0,0,0,0,0,0,0,0,0,0,0,0,0,0,0,3,0,0,0,0,0,23,52,0,27,0,0,0,0,0,0,10,0,0,0,6,113,16,79
BALTIMORE_CITY_012-003,0,310,0,0,0,17,0,0,0,0,0,0,0,0,0,0,0,0,0,0,0,0,0,0,0,0,0,0,0,0,0,0,0,0,1,0,0,0,0,0,0,0,0,0,0,0,0,0,9,0,0,0,0,0,36,88,1,169,0,1,0,2,1,0,4,1,0,1,7,373,17,258
BALTIMORE_CITY_012-004,0,495,0,0,0,21,0,0,0,0,0,0,0,0,0,0,0,0,0,0,0,0,0,0,1,0,0,0,0,0,0,0,0,0,0,0,0,0,0,0,0,0,0,0,0,0,0,0,14,0,0,0,0,0,39,162,0,213,1,0,0,4,0,0,3,0,0,0,10,570,18,375
BALTIMORE_CITY_012-005,0,446,0,0,0,21,0,0,0,0,0,0,0,0,0,0,0,0,0,0,0,0,0,0,0,0,0,0,0,0,3,0,0,0,0,0,0,0,0,0,0,0,0,0,0,0,0,0,12,0,0,0,0,0,29,145,2,256,0,1,0,3,0,0,5,0,0,0,5,511,14,403
BALTIMORE_CITY_012-006,0,353,0,0,0,27,0,0,0,0,0,0,0,0,0,0,0,0,0,0,0,0,0,0,0,0,0,0,0,0,2,0,0,0,0,0,0,0,0,0,0,0,0,0,0,0,0,0,13,0,0,0,0,0,25,109,0,188,0,0,0,3,1,0,3,0,0,0,6,420,13,297
BALTIMORE_CITY_012-007,0,563,0,0,0,21,0,0,0,0,0,0,0,0,0,1,0,0,0,0,0,0,0,0,0,0,0,0,0,0,0,0,0,0,0,0,0,0,0,0,0,0,0,0,0,0,0,0,12,0,0,0,0,0,15,242,0,205,0,0,0,0,0,1,2,0,1,0,3,612,7,447
BALTIMORE_CITY_012-008,0,549,0,0,0,32,0,0,0,0,0,0,0,0,0,0,0,0,0,0,0,0,0,0,0,0,0,0,0,0,2,0,0,0,0,0,0,0,0,0,0,0,0,0,0,0,0,0,20,0,0,0,0,0,30,187,0,339,0,0,0,2,0,0,9,0,1,0,4,633,16,526
BALTIMORE_CITY_012-009,0,543,0,0,0,42,0,0,0,0,0,0,0,0,0,0,0,0,0,0,0,0,0,0,0,0,0,0,0,0,1,0,0,0,1,0,0,0,0,0,0,0,0,0,0,0,0,0,18,0,0,0,0,0,101,156,1,291,0,0,0,5,0,0,6,1,0,0,23,706,35,448
BALTIMORE_CITY_012-010,0,489,0,0,0,16,0,0,0,0,0,0,0,0,0,0,0,0,0,0,0,0,0,0,0,0,0,0,0,0,0,0,0,0,2,0,0,0,0,0,0,0,0,0,0,0,1,0,4,0,0,0,0,0,24,192,0,150,0,0,0,0,0,0,0,0,0,0,2,536,2,342
BALTIMORE_CITY_012-011,0,355,0,0,0,10,0,0,0,0,0,0,0,0,0,0,0,0,0,0,0,0,0,0,0,0,0,0,0,0,1,0,0,0,0,0,0,0,0,0,0,0,0,0,0,0,0,0,3,0,0,0,0,0,19,136,0,98,0,1,0,0,0,0,2,0,1,0,7,388,11,234
BALTIMORE_CITY_012-012,0,541,0,0,0,31,0,0,0,0,0,0,0,0,0,0,0,0,0,0,0,0,0,0,0,0,0,0,1,0,0,0,0,0,0,0,0,0,0,0,0,0,0,0,0,0,0,0,13,0,0,0,0,0,20,167,2,200,0,0,0,1,0,0,3,0,0,0,3,606,7,369
BALTIMORE_CITY_012-013,0,0,0,0,0,0,0,0,0,0,0,0,0,0,0,0,0,0,0,0,0,0,0,0,0,0,0,0,0,0,0,0,0,0,0,0,0,0,0,0,0,0,0,0,0,0,0,0,0,0,0,0,0,0,0,0,0,0,0,0,0,0,0,0,0,0,0,0,0,0,0,0
BALTIMORE_CITY_013-001,0,423,0,0,0,11,0,0,0,0,0,0,0,0,0,0,0,0,0,0,0,0,0,0,0,0,0,0,0,0,1,0,0,0,0,0,0,0,0,0,0,0,0,0,0,0,0,0,15,0,0,0,0,0,50,223,0,163,0,1,1,6,1,0,18,1,0,0,11,500,39,386
BALTIMORE_CITY_013-002,0,424,0,0,0,18,0,0,0,0,0,0,0,0,0,0,0,0,0,0,0,0,0,0,0,0,0,0,0,0,1,0,0,0,0,0,0,0,0,0,0,0,0,0,0,0,0,0,20,0,0,0,0,0,129,175,2,191,0,0,0,10,0,0,10,0,0,0,28,592,48,368
BALTIMORE_CITY_013-003,0,650,0,0,0,47,0,0,0,0,0,0,0,0,0,0,0,0,0,0,0,0,0,0,0,0,0,0,0,0,2,0,0,0,0,0,0,0,0,0,0,0,0,0,0,0,0,0,43,0,0,0,0,0,237,192,2,423,0,1,0,15,1,0,22,1,0,0,44,979,84,617
BALTIMORE_CITY_013-004,0,351,0,0,0,18,0,0,0,0,0,0,0,0,0,0,0,0,0,0,0,0,0,0,0,0,0,0,0,0,2,0,0,0,0,0,0,0,0,0,0,0,0,0,0,1,0,0,26,0,0,0,0,0,184,102,2,206,0,1,0,11,0,0,14,1,1,0,54,582,82,310
BALTIMORE_CITY_013-005,0,290,0,0,0,14,0,0,0,0,0,0,0,0,0,0,0,0,0,0,0,0,0,0,0,0,0,0,0,0,1,0,0,0,0,0,0,0,0,0,0,0,0,0,0,0,0,0,14,0,0,0,0,0,95,99,0,136,0,1,0,1,0,0,11,1,0,0,21,414,35,235
BALTIMORE_CITY_013-006,0,239,0,0,0,8,0,0,0,0,0,0,0,0,0,0,0,0,0,0,0,0,0,0,0,0,0,0,0,0,0,0,0,0,0,0,0,0,0,0,0,0,0,0,0,0,0,0,1,0,0,0,0,0,5,150,0,48,0,0,0,0,0,0,0,1,0,0,0,253,1,198
BALTIMORE_CITY_013-007,0,501,0,0,0,8,0,0,0,0,0,1,0,0,0,0,0,0,0,0,0,0,0,0,0,0,0,0,0,0,2,0,0,0,0,0,0,0,0,0,0,0,0,0,0,0,0,0,6,0,0,0,0,0,5,269,2,78,0,2,1,1,0,0,0,0,0,0,0,523,4,349
BALTIMORE_CITY_013-008,0,608,0,0,0,19,0,0,0,0,0,0,0,0,0,0,0,0,0,0,0,0,0,0,0,0,0,0,0,0,0,0,0,0,0,0,0,0,0,0,0,0,0,0,0,0,0,0,4,0,0,0,0,0,14,330,1,166,0,0,0,0,0,0,0,0,0,0,1,645,1,497
BALTIMORE_CITY_013-009,0,363,0,0,0,7,0,0,0,0,0,0,0,0,0,0,0,0,0,0,0,0,0,0,0,0,0,0,0,0,0,0,0,0,0,0,0,0,0,0,0,0,0,0,0,0,0,0,4,0,0,0,0,0,9,142,0,79,0,0,0,0,0,0,1,0,0,0,0,383,1,221
BALTIMORE_CITY_013-010,0,485,0,0,0,15,0,0,0,0,0,0,0,0,0,0,0,0,0,0,0,0,0,0,0,0,0,0,0,0,2,0,0,0,0,0,0,0,0,0,0,0,0,0,0,0,0,0,5,0,0,0,0,0,18,313,0,161,2,0,0,2,0,0,3,1,0,0,5,525,13,474
BALTIMORE_CITY_013-011,0,767,0,0,0,35,0,0,0,0,0,0,0,0,0,0,0,0,0,0,0,0,0,0,0,0,0,0,0,0,0,0,0,0,0,0,0,0,0,0,0,0,0,0,0,0,0,0,42,0,0,0,0,0,160,227,2,464,0,1,0,8,0,0,19,0,0,0,31,1004,59,693
BALTIMORE_CITY_013-012,0,682,0,0,0,29,0,0,0,0,0,0,0,0,0,0,0,0,0,0,0,0,0,0,0,0,0,0,0,0,0,0,0,0,0,0,0,0,0,0,0,0,0,0,0,0,0,0,28,0,0,0,0,0,142,221,1,356,1,1,1,9,0,0,27,0,0,0,24,881,63,578
BALTIMORE_CITY_013-013,0,34,0,0,0,0,0,0,0,0,0,0,0,0,0,0,0,0,0,0,0,0,0,0,0,0,0,0,0,0,0,0,0,0,0,0,0,0,0,0,0,0,0,0,0,0,0,0,2,0,0,0,0,0,8,18,1,20,0,0,0,4,0,0,2,0,0,0,1,44,7,39
BALTIMORE_CITY_014-001,0,391,0,0,0,11,0,0,0,0,0,0,0,0,0,0,0,0,0,0,0,0,0,0,0,0,0,0,0,0,0,0,0,0,0,0,0,0,0,0,0,0,0,0,0,0,0,0,3,0,0,0,0,0,24,173,1,170,0,0,0,5,0,0,8,0,0,0,4,429,17,344
BALTIMORE_CITY_014-002,0,301,0,0,0,4,0,0,0,0,0,0,0,0,0,0,0,0,0,0,0,0,0,0,0,0,0,0,0,0,0,0,0,0,0,0,0,0,0,0,0,0,0,0,0,0,0,0,4,0,0,0,0,0,11,135,0,94,1,0,0,1,0,0,3,0,0,0,3,320,8,229
BALTIMORE_CITY_014-003,0,288,0,0,0,10,0,0,0,0,0,0,0,0,0,0,0,0,0,0,0,0,0,0,0,0,0,0,0,0,0,0,0,0,0,0,0,0,0,0,0,0,0,0,0,0,0,0,4,0,0,0,0,0,8,120,0,56,0,0,0,1,0,0,1,0,0,0,0,310,2,176
BALTIMORE_CITY_014-004,0,803,0,0,0,14,0,0,0,0,0,0,0,0,0,0,0,0,0,0,0,0,0,0,0,0,0,0,0,0,0,0,0,0,0,0,0,0,0,0,0,0,0,0,0,0,0,0,14,0,0,0,0,0,21,454,1,196,0,0,0,1,0,0,10,0,0,0,3,852,14,651
BALTIMORE_CITY_014-005,1,167,0,0,0,6,0,0,0,0,0,0,0,0,0,0,0,0,0,0,0,0,0,0,0,0,0,0,0,0,0,0,0,0,0,0,0,0,0,0,0,0,0,0,0,0,0,0,1,0,0,0,0,0,2,92,0,15,0,0,0,1,0,0,0,0,0,0,0,177,1,107
BALTIMORE_CITY_015-001,0,451,0,0,0,7,0,0,0,0,0,0,0,0,0,0,0,0,0,0,0,0,0,0,0,0,0,0,0,0,0,0,0,0,0,0,0,0,0,0,0,0,0,0,0,0,0,0,7,0,0,0,0,0,9,281,0,68,0,0,0,1,0,0,0,0,1,0,1,474,3,349
BALTIMORE_CITY_015-002,0,261,0,0,0,5,0,0,0,0,0,0,0,0,0,0,0,0,0,0,0,0,1,0,0,0,0,0,0,0,0,0,0,0,0,0,0,0,0,0,0,0,0,0,0,0,0,0,1,0,0,0,0,0,5,154,1,48,0,0,0,3,0,0,0,0,0,0,0,273,3,203
BALTIMORE_CITY_015-003,0,733,0,0,0,13,0,0,0,0,0,0,0,0,0,0,0,0,0,0,0,0,0,0,0,0,0,0,0,0,0,0,0,0,0,0,0,0,0,0,0,0,0,0,0,0,0,0,8,0,0,0,0,0,14,458,0,128,0,0,1,1,0,0,1,0,0,0,3,768,6,586
BALTIMORE_CITY_015-004,0,283,0,0,0,9,0,0,0,0,0,0,0,0,0,0,0,0,0,0,0,0,0,0,0,0,0,0,0,0,0,0,0,0,0,0,0,0,0,0,0,0,0,0,0,0,0,0,2,0,0,0,0,0,6,156,1,49,0,2,0,1,0,0,2,0,0,0,0,300,5,206
BALTIMORE_CITY_015-005,0,409,0,0,0,16,0,0,0,0,0,0,0,0,0,0,0,0,0,0,0,0,0,0,0,0,0,0,0,0,0,0,0,0,0,0,0,0,0,0,0,0,0,0,0,0,0,0,5,0,0,0,0,0,17,236,0,113,0,0,0,0,0,0,1,0,0,0,1,447,2,349
BALTIMORE_CITY_015-006,0,574,0,0,0,10,0,0,0,0,0,0,0,0,0,0,0,0,0,0,0,0,0,0,0,0,0,0,0,0,0,0,0,0,0,0,0,0,0,0,0,0,0,0,0,0,0,0,6,0,0,0,0,0,13,363,0,124,0,1,0,0,0,0,0,0,0,0,0,603,1,487
BALTIMORE_CITY_015-007,0,426,0,0,0,3,0,0,0,0,0,0,0,0,0,0,0,0,0,0,0,0,0,0,0,0,0,0,0,0,0,0,0,0,0,0,0,0,0,0,0,0,0,0,0,0,0,0,1,0,0,0,0,0,8,268,1,80,0,0,0,0,0,0,1,0,0,0,2,438,3,349
BALTIMORE_CITY_015-008,0,219,0,0,0,3,0,0,0,0,0,0,0,0,0,0,0,0,0,0,0,0,0,0,0,0,0,0,0,0,0,0,0,0,0,0,0,0,0,0,0,0,0,0,0,0,0,0,4,0,0,0,0,0,8,167,0,56,0,0,2,1,0,0,1,1,0,0,1,234,6,223
BALTIMORE_CITY_015-009,0,825,0,0,0,14,0,0,0,0,0,0,0,0,0,0,0,0,0,0,0,0,0,0,0,0,0,0,0,0,0,0,0,0,0,0,0,0,0,0,0,0,0,0,0,0,0,0,8,0,0,0,0,0,23,457,0,136,0,1,0,3,0,0,0,0,0,0,3,870,7,593
BALTIMORE_CITY_015-010,0,401,0,0,0,17,0,0,0,0,0,0,0,0,0,0,0,0,0,0,0,0,0,0,0,0,0,0,0,0,0,0,0,0,0,0,0,0,0,0,0,0,0,0,0,0,0,0,6,0,0,0,0,0,13,279,0,91,0,2,1,0,1,0,1,0,1,0,4,437,10,370
BALTIMORE_CITY_015-011,0,446,0,0,0,11,0,0,0,0,0,0,0,0,0,0,0,0,0,0,0,0,0,0,0,0,0,0,0,0,0,0,0,0,0,0,0,0,0,0,0,0,0,0,0,0,0,0,4,0,0,0,0,0,12,220,2,75,0,0,0,1,0,0,0,0,0,0,0,473,1,297
BALTIMORE_CITY_015-012,0,84,0,0,0,3,0,0,0,0,0,0,0,0,0,0,0,0,0,0,0,0,0,0,0,0,0,0,0,0,0,0,0,0,0,0,0,0,0,0,0,0,0,0,0,0,0,0,0,0,0,0,0,0,0,35,0,15,0,0,0,0,0,0,0,0,0,0,0,87,0,50
BALTIMORE_CITY_015-013,0,234,0,0,0,3,0,0,0,0,0,0,0,0,0,0,0,0,0,0,0,0,0,0,0,0,0,0,0,0,0,0,0,0,0,0,0,0,0,0,0,0,0,0,0,0,0,0,1,0,0,0,0,0,3,118,0,30,0,0,0,1,0,0,1,0,0,0,1,241,3,148
BALTIMORE_CITY_015-014,0,445,0,0,0,4,0,0,0,0,0,2,0,0,0,0,0,0,0,0,0,0,0,0,0,0,0,0,0,0,0,0,0,0,0,0,0,0,0,0,0,0,0,0,0,0,0,0,2,0,0,0,0,0,8,275,1,77,0,0,0,0,0,0,1,0,0,0,2,461,3,353
BALTIMORE_CITY_015-015,0,209,0,0,0,0,0,0,0,0,0,0,0,0,0,0,0,0,0,0,0,0,0,0,0,0,0,0,0,0,0,0,0,0,0,0,0,0,0,0,0,0,0,0,0,0,0,0,2,0,0,0,0,0,5,126,0,27,0,0,0,0,0,0,0,0,0,0,0,216,0,153
BALTIMORE_CITY_015-016,0,265,0,0,0,3,0,0,0,0,0,0,0,0,0,0,0,0,0,0,0,0,0,0,0,0,0,0,0,0,1,0,0,0,0,0,0,0,0,0,0,0,0,0,0,0,0,0,1,0,0,0,0,0,4,149,0,38,0,0,0,1,0,0,0,0,0,0,0,274,1,187
BALTIMORE_CITY_015-017,0,666,0,0,0,6,0,0,0,0,0,0,0,0,0,0,0,0,0,0,0,0,0,0,0,0,0,0,0,0,0,0,0,0,0,0,0,0,0,0,0,0,0,0,0,0,0,0,5,0,0,0,0,0,9,351,1,92,0,1,0,1,0,0,0,0,0,0,3,686,5,444
BALTIMORE_CITY_015-018,0,983,0,0,0,14,0,0,0,0,0,0,0,0,0,0,0,0,0,0,0,0,0,0,0,0,0,0,0,0,2,0,0,0,0,0,0,0,0,0,0,0,0,0,0,0,0,0,4,0,0,0,0,0,12,489,1,141,0,1,0,1,0,0,0,0,0,0,2,1015,4,631
BALTIMORE_CITY_015-019,0,36,0,0,0,2,0,0,0,0,0,0,0,0,0,0,0,0,0,0,0,0,0,0,0,0,0,0,0,0,0,0,0,0,0,0,0,0,0,0,0,0,0,0,0,0,0,0,0,0,0,0,0,0,0,23,0,2,0,0,0,0,0,0,0,0,0,0,0,38,0,25
BALTIMORE_CITY_015-020,0,757,0,0,0,11,0,0,0,0,0,0,0,0,0,0,0,0,0,0,0,0,0,0,0,0,0,0,0,0,1,0,0,0,0,0,0,0,0,0,0,0,0,0,0,0,0,0,7,0,0,0,0,0,6,397,1,144,0,0,0,1,0,0,1,0,0,0,1,782,3,542
BALTIMORE_CITY_015-021,0,291,0,0,0,6,0,0,0,0,0,0,0,0,0,0,0,0,0,0,0,0,0,0,0,0,0,0,0,0,0,0,0,0,0,0,0,0,0,0,0,0,0,0,0,0,0,0,1,0,0,0,0,0,4,192,0,41,0,0,0,0,0,0,0,1,0,0,1,302,2,233
BALTIMORE_CITY_015-022,0,478,0,0,0,6,0,0,0,0,0,0,0,0,0,0,0,0,0,0,0,0,0,0,0,0,0,0,0,0,0,0,0,0,0,0,0,0,0,0,0,0,0,0,0,0,0,0,4,0,0,0,0,0,8,265,3,48,0,0,0,3,0,0,0,0,0,0,3,496,6,316
BALTIMORE_CITY_015-023,0,535,0,0,0,7,0,0,0,0,0,0,0,0,0,0,0,0,0,0,0,0,0,0,0,0,0,0,0,0,0,0,0,0,0,0,0,0,0,0,0,0,0,0,0,0,0,0,4,0,0,0,0,0,12,289,0,73,0,0,0,0,0,0,0,0,0,0,1,558,1,362
BALTIMORE_CITY_015-024,0,534,0,0,0,6,0,0,0,0,0,0,0,0,0,0,0,0,0,0,0,0,0,0,0,0,0,0,0,0,0,0,0,0,0,0,0,0,0,0,0,0,0,0,0,0,0,0,3,0,0,0,0,0,9,268,1,70,0,0,0,1,0,0,0,0,0,0,2,552,3,339
BALTIMORE_CITY_015-025,0,213,0,0,0,0,0,0,0,0,0,0,0,0,0,0,0,0,0,0,0,0,0,0,0,0,0,0,0,0,0,0,0,0,0,0,0,0,0,0,0,0,0,0,0,0,0,0,1,0,0,0,0,0,6,113,0,39,0,0,0,0,0,0,0,0,0,0,0,220,0,152
BALTIMORE_CITY_016-001,0,277,0,0,0,4,0,0,0,0,0,0,0,0,0,0,0,0,0,0,0,0,0,0,0,0,0,0,0,0,0,0,0,0,0,0,0,0,0,0,0,0,0,0,0,0,0,0,1,0,0,0,0,0,0,139,0,43,2,0,0,0,0,0,0,0,0,0,0,282,2,182
BALTIMORE_CITY_016-002,0,384,0,0,0,5,0,0,0,0,0,0,0,0,0,0,0,0,0,0,0,0,0,0,0,0,0,0,0,0,0,0,0,0,0,0,0,0,0,0,0,0,0,0,0,0,0,0,1,0,0,0,0,0,11,220,1,60,0,0,0,0,0,0,1,0,0,0,1,401,2,281
BALTIMORE_CITY_016-003,0,268,0,0,0,4,0,0,0,0,0,0,0,0,0,0,0,0,0,0,0,0,0,0,0,0,0,0,0,0,0,0,0,0,0,0,0,0,0,0,0,0,0,0,0,0,0,0,1,0,0,0,0,0,7,147,0,44,0,0,0,0,0,0,0,0,0,0,0,280,0,191
BALTIMORE_CITY_016-004,0,161,0,0,0,6,0,0,0,0,0,0,0,0,0,0,0,0,0,0,0,0,0,0,0,0,0,0,0,0,0,0,0,0,0,0,0,0,0,0,0,0,0,0,0,0,0,0,4,0,0,0,0,0,4,81,1,31,0,2,0,0,0,0,1,0,0,0,2,175,5,113
BALTIMORE_CITY_016-005,0,545,0,0,0,4,0,0,0,0,0,0,0,0,0,0,0,0,0,0,0,0,0,0,0,0,0,0,0,0,0,0,0,0,0,0,0,0,0,0,0,0,0,0,0,0,0,0,2,0,0,0,0,0,6,314,0,89,0,0,0,0,1,1,0,0,0,0,1,557,3,403
BALTIMORE_CITY_016-006,0,536,0,0,0,7,0,0,0,0,0,0,0,0,0,0,0,0,0,0,0,0,0,0,0,0,0,0,0,0,0,0,0,0,0,0,0,0,0,0,0,0,0,0,0,0,0,0,5,0,0,0,0,0,5,296,2,90,0,0,0,0,0,0,0,0,0,0,1,553,1,388
BALTIMORE_CITY_016-007,0,469,0,0,0,8,0,0,0,0,0,0,0,0,0,0,0,0,0,0,0,0,0,0,0,0,0,0,0,0,0,0,0,0,0,0,0,0,0,0,0,0,0,0,0,0,0,0,1,0,0,0,0,0,11,262,0,85,0,0,0,0,0,0,2,0,1,0,0,489,3,347
BALTIMORE_CITY_016-008,0,270,0,0,0,5,0,0,0,0,0,0,0,0,0,0,0,0,0,0,0,0,0,0,0,0,0,0,0,0,0,0,0,0,0,0,0,0,0,0,0,0,0,0,0,0,0,0,1,0,0,0,0,0,7,179,0,48,0,0,0,0,0,0,0,0,0,0,0,283,0,227
BALTIMORE_CITY_016-009,0,557,0,0,0,5,0,0,0,0,0,0,0,0,0,0,0,0,0,0,0,0,0,0,0,0,0,0,0,0,0,0,0,0,0,0,0,0,0,0,0,0,0,0,0,0,0,0,4,0,0,0,0,0,4,324,0,67,1,1,0,1,0,0,0,0,0,0,0,570,3,391
BALTIMORE_CITY_016-010,0,313,0,0,0,0,0,0,0,0,0,0,0,0,0,0,0,0,0,0,0,0,0,0,0,0,0,0,0,0,0,0,0,0,0,0,0,0,0,0,0,0,0,0,0,0,0,0,0,0,0,0,0,0,3,168,0,46,0,0,0,1,0,0,0,0,0,0,0,316,1,214
BALTIMORE_CITY_016-011,0,256,0,0,0,1,0,0,0,0,0,0,0,0,0,0,0,0,0,0,0,0,0,0,0,0,0,0,0,0,0,0,0,0,0,0,0,0,0,0,0,0,0,0,0,0,0,0,0,0,0,0,0,0,4,148,0,40,0,0,0,0,0,0,0,0,0,0,0,261,0,188
BALTIMORE_CITY_016-012,0,608,0,0,0,6,0,0,0,0,0,0,0,0,0,0,0,0,0,0,0,0,0,0,0,0,0,0,0,0,0,0,0,0,0,0,0,0,0,0,0,0,0,0,0,0,0,0,3,0,0,0,0,0,10,345,0,106,0,2,0,3,1,0,0,0,0,0,1,627,7,451
BALTIMORE_CITY_016-013,0,480,0,0,0,3,0,0,0,0,0,0,0,0,0,0,0,0,0,0,0,0,0,0,0,0,0,0,0,0,0,0,0,0,0,0,0,0,0,0,0,0,0,0,0,0,0,0,2,0,0,0,0,0,9,309,0,68,0,0,0,2,1,0,1,0,0,0,1,494,5,377
BALTIMORE_CITY_016-014,0,628,0,0,0,9,0,0,0,0,0,0,0,0,0,0,0,0,0,0,0,0,0,0,0,0,0,0,0,0,0,0,0,0,0,0,0,0,0,0,0,0,0,0,0,0,0,0,10,0,0,0,0,0,9,565,0,140,0,0,0,2,0,0,2,0,0,0,1,656,5,705
BALTIMORE_CITY_017-001,0,62,0,0,0,2,0,0,0,0,0,0,0,0,0,0,0,0,0,0,0,0,0,0,0,0,0,0,0,0,0,0,0,0,0,0,0,0,0,0,0,0,0,0,0,0,0,0,0,0,0,0,0,0,1,31,0,10,0,0,0,0,0,0,0,0,0,0,0,65,0,41
BALTIMORE_CITY_017-002,0,828,0,0,0,16,0,0,0,0,0,0,0,0,0,0,0,0,0,0,0,0,0,0,0,0,0,0,0,0,0,0,0,0,0,0,0,0,0,0,0,0,0,0,0,0,0,0,4,0,0,0,0,0,20,384,1,182,1,1,0,3,0,1,1,0,1,0,3,868,11,567
BALTIMORE_CITY_018-001,0,296,0,0,0,6,0,0,0,0,0,0,0,0,0,0,0,0,0,0,0,0,0,0,0,0,0,0,0,0,0,0,0,0,0,0,0,0,0,0,0,0,0,0,0,0,0,0,1,0,0,0,0,0,4,181,0,41,0,1,0,0,0,0,0,0,0,0,0,307,1,222
BALTIMORE_CITY_018-002,0,428,0,0,0,13,0,0,0,0,0,0,0,0,0,0,0,0,0,0,0,0,0,0,0,0,0,0,0,0,0,0,0,0,0,0,0,0,0,0,0,0,0,0,0,0,0,0,12,0,0,0,0,0,37,173,0,129,0,0,1,3,0,1,6,0,0,0,6,490,17,302
BALTIMORE_CITY_019-001,0,475,0,0,0,8,0,0,0,0,0,0,0,0,0,0,0,0,0,0,0,0,0,0,0,0,0,0,0,0,0,0,0,0,0,0,0,0,0,0,0,0,0,0,0,0,0,0,1,0,0,0,0,0,7,247,2,78,0,1,0,2,0,0,0,0,0,0,0,491,3,327
BALTIMORE_CITY_019-002,0,469,0,0,0,13,0,0,0,0,0,1,0,0,0,0,0,0,0,0,0,0,0,0,0,0,0,0,0,0,2,0,0,0,0,0,0,0,0,0,0,0,0,0,0,0,0,0,16,0,0,0,0,0,63,199,0,156,0,1,0,5,1,0,3,0,0,0,22,564,32,355
BALTIMORE_CITY_019-003,0,36,0,0,0,2,0,0,0,0,0,0,0,0,0,0,0,0,0,0,0,0,0,0,0,0,0,0,0,0,0,0,0,0,0,0,0,0,0,0,0,0,0,0,0,0,0,0,0,0,0,0,0,0,4,29,0,11,0,0,0,0,0,0,0,0,0,0,0,42,0,40
BALTIMORE_CITY_020-001,0,492,0,0,0,5,0,0,0,0,0,0,0,0,0,0,0,0,0,0,0,0,0,0,0,0,0,0,0,0,0,0,0,0,0,0,0,0,0,0,0,0,0,0,0,0,0,0,0,0,0,0,0,0,4,274,1,70,0,1,0,0,0,0,2,0,0,0,0,501,3,345
BALTIMORE_CITY_020-002,0,185,0,0,0,5,0,0,0,0,0,0,0,0,0,0,0,0,0,0,0,0,0,0,0,0,0,0,0,0,0,0,0,0,0,0,0,0,0,0,0,0,0,0,0,0,0,0,3,0,0,0,0,0,7,93,0,21,0,0,0,0,0,0,0,1,0,0,3,200,4,114
BALTIMORE_CITY_020-003,0,439,0,0,0,7,0,0,0,0,0,0,0,0,0,0,0,0,0,0,0,0,0,0,0,0,0,0,0,0,0,0,0,0,0,0,0,0,0,0,0,0,0,0,0,0,0,0,0,0,0,0,0,0,7,245,1,55,0,0,0,1,0,0,0,0,0,0,1,453,2,301
BALTIMORE_CITY_020-004,0,103,0,0,0,0,0,0,0,0,0,0,0,0,0,0,0,0,0,0,0,0,0,0,0,0,0,0,0,0,0,0,0,0,0,0,0,0,0,0,0,0,0,0,0,0,0,0,0,0,0,0,0,0,3,60,0,12,0,0,0,1,0,0,1,0,0,0,0,106,2,72
BALTIMORE_CITY_020-005,0,328,0,0,0,7,0,0,0,0,0,0,0,0,0,0,0,0,0,0,0,0,0,0,0,0,0,0,0,0,0,0,0,0,0,0,0,0,0,0,0,0,0,0,0,0,0,0,2,0,0,0,0,0,6,219,0,36,0,0,0,0,1,0,0,0,0,0,1,343,2,255
BALTIMORE_CITY_020-006,0,846,0,0,0,11,0,0,0,0,0,0,0,0,0,0,0,0,0,0,0,0,0,0,0,0,0,0,0,0,0,0,0,0,0,0,0,0,0,0,0,0,0,0,0,0,0,0,7,0,0,0,0,0,5,516,1,149,0,2,0,1,0,0,0,0,0,0,0,869,3,666
BALTIMORE_CITY_020-007,0,531,0,0,0,10,0,0,0,0,0,0,0,0,0,0,0,0,0,0,0,0,0,0,0,0,0,0,0,0,1,0,0,0,0,0,0,0,0,0,0,0,0,0,0,0,0,0,3,0,0,0,0,0,35,310,0,92,0,0,0,0,0,0,0,0,0,0,1,580,1,402
BALTIMORE_CITY_020-008,0,161,0,0,0,6,0,0,0,0,0,0,0,0,0,0,0,0,0,0,0,0,0,0,0,0,0,0,0,0,0,0,0,0,0,0,0,0,0,0,0,0,0,0,0,0,0,0,1,0,0,0,0,0,11,67,0,46,0,0,0,0,0,0,0,0,0,0,3,179,3,113
BALTIMORE_CITY_020-009,0,147,0,0,0,11,0,0,0,0,0,0,0,0,0,0,0,0,0,0,0,0,0,0,0,0,0,0,0,0,1,0,0,0,0,0,0,0,0,0,0,0,0,0,0,0,0,0,4,0,0,0,0,0,65,68,0,38,0,0,0,3,0,0,1,0,0,0,13,228,17,106
BALTIMORE_CITY_020-010,0,103,0,0,0,3,0,0,0,0,0,0,0,0,0,0,0,0,0,0,0,0,0,0,0,0,0,0,0,0,0,0,0,0,0,0,0,0,0,0,0,0,0,0,0,0,0,0,0,0,0,0,0,0,20,30,0,23,1,0,0,2,0,1,0,0,0,0,6,126,10,53
BALTIMORE_CITY_020-011,0,399,0,0,1,8,0,0,0,0,0,0,0,0,0,0,0,0,0,0,0,0,0,0,0,0,0,0,0,0,0,0,0,0,0,0,0,0,0,0,0,0,0,0,0,0,0,0,11,0,0,0,0,0,58,161,0,54,0,3,0,4,0,0,0,0,0,0,12,477,19,215
BALTIMORE_CITY_020-012,0,0,0,0,0,0,0,0,0,0,0,0,0,0,0,0,0,0,0,0,0,0,0,0,0,0,0,0,0,0,0,0,0,0,0,0,0,0,0,0,0,0,0,0,0,0,0,0,0,0,0,0,0,0,0,0,0,0,0,0,0,0,0,0,0,0,0,0,0,0,0,0
BALTIMORE_CITY_021-001,0,242,0,0,0,9,0,0,0,0,0,0,0,0,0,0,0,0,0,0,0,0,0,0,0,0,0,0,0,0,0,0,0,0,0,0,0,0,0,0,0,0,0,0,0,0,0,0,23,0,0,0,0,0,28,95,0,111,0,0,0,5,0,0,11,0,1,0,7,302,24,206
BALTIMORE_CITY_021-002,0,499,0,0,0,16,0,0,0,0,0,0,0,0,0,0,0,0,0,0,0,0,0,0,0,0,0,0,0,0,3,0,0,0,0,0,0,0,0,0,0,0,0,0,0,0,0,0,30,0,0,0,0,0,66,230,0,163,1,1,0,4,0,0,16,0,1,0,14,614,37,393
BALTIMORE_CITY_021-003,0,555,0,0,0,15,0,0,0,0,0,0,0,0,0,0,0,0,0,0,0,0,0,0,0,0,0,0,0,0,0,0,0,0,0,0,0,0,0,0,0,0,0,0,0,0,0,0,19,0,0,0,0,0,107,197,2,156,0,1,0,7,0,0,6,1,0,0,22,696,37,355
BALTIMORE_CITY_021-004,0,154,0,0,0,3,0,0,0,0,0,0,0,0,0,0,0,0,0,0,0,0,0,0,0,0,0,0,0,0,0,0,0,0,0,0,0,0,0,0,0,0,0,0,0,0,0,0,9,0,0,0,0,0,30,61,0,48,0,0,0,1,0,0,1,1,0,1,8,196,12,109
BALTIMORE_CITY_021-005,0,0,0,0,0,0,0,0,0,0,0,0,0,0,0,0,0,0,0,0,0,0,0,0,0,0,0,0,0,0,0,0,0,0,0,0,0,0,0,0,0,0,0,0,0,0,0,0,0,0,0,0,0,0,0,0,0,0,0,0,0,0,0,0,0,0,0,0,0,0,0,0
BALTIMORE_CITY_022-001,0,279,0,0,0,4,0,0,0,0,0,0,0,0,0,0,0,0,0,0,0,0,0,0,0,0,0,0,0,0,0,0,0,0,0,0,0,0,0,0,0,0,0,0,0,0,0,0,6,0,0,0,0,0,103,190,1,52,1,1,1,9,0,0,15,0,0,1,21,392,49,243
BALTIMORE_CITY_022-002,0,535,0,0,0,7,0,0,0,0,0,2,0,0,0,0,0,0,0,0,0,0,0,0,0,0,0,0,0,0,4,0,0,0,0,0,0,0,0,0,0,0,0,0,0,0,0,0,43,0,0,0,0,0,159,291,1,165,1,0,0,7,1,0,55,0,0,0,40,750,104,457
BALTIMORE_CITY_023-001,0,429,0,0,0,9,0,0,0,0,0,0,0,0,0,0,0,0,0,0,0,0,0,0,0,0,0,0,0,0,3,0,0,0,0,0,0,0,0,0,0,0,0,0,0,0,0,0,35,0,0,0,0,0,175,148,3,125,0,3,0,11,0,0,47,1,1,0,30,651,93,276
BALTIMORE_CITY_023-002,0,344,0,0,0,7,0,0,0,0,0,0,0,0,0,0,0,0,0,0,0,0,0,0,0,0,0,0,0,0,4,0,0,0,0,0,0,0,0,0,0,0,0,0,0,0,0,0,18,0,0,0,0,0,64,157,1,89,0,0,0,4,0,0,15,0,0,0,13,437,32,247
BALTIMORE_CITY_023-003,0,592,0,0,0,21,0,0,0,0,0,1,0,0,0,0,0,0,0,0,0,0,0,0,0,0,0,0,0,0,5,0,0,0,0,0,0,0,0,0,0,0,0,0,0,0,0,0,78,0,0,0,0,0,278,152,4,225,1,0,1,14,1,1,61,1,2,0,42,975,124,381
BALTIMORE_CITY_024-001,0,266,0,0,0,5,0,0,0,0,0,0,0,0,0,0,0,0,0,0,0,0,0,0,0,0,0,0,0,0,3,0,0,0,0,0,0,0,0,0,0,0,0,0,0,0,0,0,23,0,0,0,0,0,97,123,2,65,1,0,0,6,0,0,17,1,0,0,23,394,48,190
BALTIMORE_CITY_024-002,0,312,0,0,0,9,0,0,0,0,0,0,0,0,0,0,0,0,0,0,0,0,0,0,0,0,0,0,0,0,3,0,0,0,0,0,0,0,0,0,0,0,0,0,0,0,0,0,21,0,0,0,0,0,111,109,0,97,0,1,1,2,1,0,43,1,2,0,19,456,70,206
BALTIMORE_CITY_024-003,0,606,0,0,0,11,0,0,0,0,0,0,0,0,0,0,0,0,0,0,0,0,0,0,0,0,0,0,0,0,6,0,0,0,0,0,0,0,0,0,0,0,0,0,0,0,0,0,54,0,0,0,0,0,208,280,1,132,1,0,0,17,0,1,57,0,1,1,51,885,129,413
BALTIMORE_CITY_024-004,0,793,0,0,0,19,0,0,0,0,0,0,0,0,0,0,0,0,0,0,0,0,0,0,0,0,0,0,0,0,11,0,0,0,0,0,0,0,0,0,0,0,0,0,0,0,0,0,83,0,0,0,0,0,390,295,4,274,0,0,0,27,1,1,77,2,2,0,81,1296,191,573
BALTIMORE_CITY_024-005,0,1015,0,0,0,16,0,0,0,0,0,0,0,0,0,0,0,0,0,0,0,0,0,0,0,0,0,0,0,0,6,0,0,0,0,0,0,0,0,0,0,0,0,0,0,0,0,0,108,0,0,0,0,0,598,426,4,314,1,0,0,37,1,0,108,0,0,0,123,1743,270,744
BALTIMORE_CITY_025-001,1,838,0,0,0,10,0,0,0,0,0,0,0,0,0,0,0,0,0,0,0,0,0,0,0,0,0,0,0,0,2,0,0,0,0,0,0,0,0,0,0,0,0,0,0,0,0,0,20,0,0,0,0,0,51,440,1,190,0,1,1,6,0,0,4,0,0,0,9,922,21,631
BALTIMORE_CITY_025-002,0,578,0,0,0,15,0,0,0,0,0,0,0,0,0,0,0,0,0,0,0,0,0,0,0,0,0,0,0,0,0,0,0,0,0,0,0,0,0,0,0,0,0,0,0,0,0,0,5,0,0,0,0,0,32,298,1,125,0,0,0,4,0,0,2,0,0,0,6,630,12,424
BALTIMORE_CITY_025-003,0,342,0,0,0,14,0,0,0,0,0,0,0,0,0,0,0,0,0,0,0,0,0,0,0,0,0,0,0,0,6,0,0,0,0,0,0,0,0,0,0,0,0,0,0,0,0,0,22,0,0,0,0,0,348,128,5,142,0,0,0,15,0,0,20,2,2,0,75,732,114,275
BALTIMORE_CITY_025-004,0,378,0,0,0,21,0,0,0,0,0,0,0,0,0,0,0,0,0,0,0,0,0,0,0,0,0,0,0,0,1,0,0,0,0,0,0,0,0,0,0,0,0,0,0,0,0,0,29,0,0,0,0,0,469,149,5,117,0,0,0,23,1,0,14,0,1,0,82,898,121,271
BALTIMORE_CITY_025-005,0,653,0,0,0,11,0,0,0,0,0,0,0,0,0,0,0,0,0,0,0,0,0,0,0,0,0,0,0,0,0,0,0,0,0,0,0,0,0,0,0,0,0,0,0,0,0,0,5,0,0,0,0,0,117,283,0,110,0,0,0,4,1,0,1,0,0,0,24,786,30,393
BALTIMORE_CITY_025-006,0,386,0,0,0,4,0,0,0,0,0,0,0,0,0,0,0,0,0,0,0,0,0,0,0,0,0,0,0,0,0,0,0,0,0,0,0,0,0,0,0,0,0,0,0,0,0,0,1,0,0,0,0,0,4,192,0,60,0,0,0,0,0,0,0,0,0,0,1,395,1,252
BALTIMORE_CITY_025-007,0,180,0,0,0,3,0,0,0,0,0,0,0,0,0,0,0,0,0,0,0,0,0,0,0,0,0,0,0,0,0,0,0,0,0,0,0,0,0,0,0,0,0,0,0,0,0,0,3,0,0,0,0,0,14,76,0,26,0,0,0,3,0,0,1,0,0,0,3,200,7,102
BALTIMORE_CITY_025-008,0,833,0,0,0,9,0,0,0,0,0,0,0,0,0,0,0,0,0,0,0,0,0,0,0,0,0,0,0,0,0,0,0,0,0,0,0,0,0,0,0,0,0,0,0,0,0,0,8,0,0,0,0,0,20,395,0,120,0,0,1,0,0,0,1,0,0,0,3,870,5,515
BALTIMORE_CITY_025-009,0,472,0,0,0,3,0,0,0,0,0,0,0,0,0,0,0,0,0,0,0,0,0,0,0,0,0,0,0,0,0,0,0,0,0,0,0,0,0,0,0,0,0,0,0,0,0,0,0,0,0,0,0,0,3,237,1,43,0,1,1,1,1,0,0,0,0,0,0,478,4,281
BALTIMORE_CITY_025-010,0,481,0,0,0,10,0,0,0,0,0,0,0,0,0,0,0,0,0,0,0,0,0,0,0,0,0,0,0,0,1,0,0,0,0,0,0,0,0,0,0,0,0,0,0,0,0,0,4,0,0,0,0,0,13,255,1,70,0,0,0,0,0,0,1,0,0,0,0,509,1,326
BALTIMORE_CITY_025-011,0,140,0,0,0,2,0,0,0,0,0,0,0,0,0,0,0,0,0,0,0,0,0,0,0,0,0,0,0,0,0,0,0,0,0,0,0,0,0,0,0,0,0,0,0,0,0,0,5,0,0,0,0,0,123,47,0,48,0,0,0,4,1,0,8,0,0,0,24,270,37,95
BALTIMORE_CITY_025-012,0,263,0,0,0,8,0,0,0,0,0,0,0,0,0,0,0,0,0,0,0,0,0,0,0,0,0,0,0,0,0,0,0,0,0,0,0,0,0,0,0,0,0,0,0,0,0,0,15,0,0,0,0,0,215,110,0,70,2,2,0,12,0,0,8,0,2,0,48,501,74,180
BALTIMORE_CITY_025-013,0,162,0,0,0,4,0,0,0,0,0,0,0,0,0,0,0,0,0,0,0,0,0,0,0,0,0,0,0,0,0,0,0,0,0,0,0,0,0,0,0,0,0,0,0,0,0,0,7,0,0,0,0,0,100,52,1,45,0,3,1,6,0,0,2,0,1,0,26,273,39,98
BALTIMORE_CITY_025-014,0,310,0,0,0,11,0,0,0,0,0,0,0,0,0,0,0,0,0,0,0,0,0,0,0,0,0,0,0,0,0,0,0,0,0,0,0,0,0,0,0,0,0,0,0,0,0,0,2,0,0,0,0,0,43,107,1,38,0,0,0,4,0,0,1,0,0,0,6,366,11,146
BALTIMORE_CITY_025-015,0,291,0,0,0,3,0,0,0,0,0,0,0,0,0,0,0,0,0,0,0,0,0,0,0,0,0,0,0,0,0,0,0,0,0,0,0,0,0,0,0,0,0,0,0,0,0,0,8,0,0,0,0,0,76,113,0,36,0,1,0,7,0,0,1,0,0,0,15,378,24,149
BALTIMORE_CITY_025-016,0,255,0,0,0,13,0,0,0,0,0,0,0,0,0,0,0,0,0,0,0,0,0,0,0,0,0,0,0,0,0,0,0,0,0,0,0,0,0,0,0,0,0,0,0,0,0,0,11,0,0,0,0,0,206,126,1,76,0,4,0,11,0,1,3,0,1,0,38,485,58,203
BALTIMORE_CITY_025-017,0,89,0,0,0,1,0,0,0,0,0,0,0,0,0,0,0,0,0,0,0,0,0,0,0,0,0,0,0,0,0,0,0,0,0,0,0,0,0,0,0,0,0,0,0,0,0,0,7,0,0,0,0,0,39,26,0,27,0,0,0,2,0,0,0,0,0,0,8,136,10,53
BALTIMORE_CITY_025-018,0,65,0,0,0,5,0,0,0,0,0,0,0,0,0,0,0,0,0,0,0,0,0,0,0,0,0,1,0,0,0,0,0,0,0,0,0,0,0,0,0,0,0,0,0,0,0,0,0,0,0,0,0,0,27,41,0,22,0,0,0,0,0,0,0,0,0,0,7,98,7,63
BALTIMORE_CITY_026-001,0,63,0,0,0,2,0,0,0,0,0,0,0,0,0,0,0,0,0,0,0,0,0,0,0,0,0,0,0,0,0,0,0,0,0,0,0,0,0,0,0,0,0,0,0,0,0,0,0,0,0,0,0,0,77,19,0,16,0,0,0,1,0,0,0,0,0,0,14,142,15,35
BALTIMORE_CITY_026-002,0,413,0,0,0,5,0,0,0,0,0,0,0,0,0,0,0,0,0,0,0,0,0,0,0,0,0,0,0,0,0,0,0,0,0,0,0,0,0,0,0,0,0,0,0,0,0,0,14,0,0,0,0,0,99,160,6,76,0,0,1,6,0,0,1,1,0,0,24,531,33,242
BALTIMORE_CITY_026-003,0,233,0,0,0,7,0,0,0,0,0,0,0,0,0,0,0,0,0,0,0,0,0,0,0,0,0,0,0,0,0,0,0,0,0,0,0,0,0,0,0,0,0,0,0,0,0,0,12,0,0,0,0,0,251,88,2,78,0,1,0,11,0,0,2,0,0,0,55,503,69,168
BALTIMORE_CITY_026-004,0,173,0,0,0,7,0,0,0,0,0,0,0,0,0,0,0,0,0,0,0,0,0,0,0,0,0,0,0,0,1,0,0,0,0,0,0,0,0,0,0,0,0,0,0,0,0,0,18,0,0,0,0,0,168,70,1,75,1,1,0,6,1,0,5,0,0,0,31,367,45,146
BALTIMORE_CITY_026-005,0,115,0,0,0,3,0,0,0,0,0,0,0,0,0,0,0,0,0,0,0,0,0,0,0,0,0,0,0,0,0,0,0,0,0,0,0,0,0,0,0,0,0,0,0,0,0,0,7,0,0,0,0,0,74,56,3,48,1,0,0,10,0,0,0,0,0,0,19,199,30,107
BALTIMORE_CITY_026-006,0,204,0,0,0,3,0,0,0,0,0,0,0,0,0,0,0,0,0,0,0,0,0,0,0,0,0,0,0,0,1,0,0,0,0,0,0,0,0,0,0,0,0,0,0,0,0,0,14,0,0,0,0,0,157,80,3,64,0,0,0,5,0,0,9,0,0,0,40,379,54,147
BALTIMORE_CITY_026-007,0,248,0,0,0,10,0,0,0,0,0,0,0,0,0,0,0,0,0,0,0,0,0,0,0,0,0,0,0,0,0,0,0,0,0,0,0,0,0,0,0,0,0,0,0,0,0,0,32,0,0,0,0,0,155,66,0,73,0,0,2,13,0,0,23,0,0,0,28,445,66,139
BALTIMORE_CITY_026-008,0,356,0,0,0,6,0,0,0,0,0,0,0,0,0,0,0,0,0,0,0,0,0,0,0,0,0,0,0,0,2,0,0,0,0,0,0,0,0,0,0,0,0,0,0,0,0,0,30,0,0,0,0,0,196,143,2,91,1,2,0,15,0,0,35,0,1,0,49,590,103,236
BALTIMORE_CITY_026-009,1,553,0,0,0,20,0,0,0,0,0,0,0,0,0,0,0,0,0,0,0,0,0,0,1,0,0,0,0,0,8,0,0,0,0,0,0,0,0,0,0,0,0,0,0,0,0,0,78,0,0,0,0,0,353,236,7,258,1,1,2,22,0,1,72,2,8,1,91,1014,201,501
BALTIMORE_CITY_026-010,1,459,0,0,0,12,0,0,0,0,0,0,0,0,0,0,0,0,0,0,0,0,0,0,0,0,0,0,0,0,0,0,0,0,1,0,0,0,0,0,0,0,0,0,0,0,0,0,35,0,0,0,0,0,176,184,1,177,1,1,3,8,1,0,25,0,0,0,25,684,64,362
BALTIMORE_CITY_026-011,0,151,0,0,0,11,0,0,0,0,0,0,0,0,0,0,0,0,0,0,0,0,0,0,0,0,0,0,0,0,0,0,0,0,0,0,0,0,0,0,0,0,0,0,0,0,0,0,18,0,0,0,0,0,87,64,1,63,1,0,0,4,0,0,2,0,0,0,15,267,22,128
BALTIMORE_CITY_026-012,0,195,0,0,0,1,0,0,0,0,0,0,0,0,0,0,0,0,0,0,0,0,0,0,0,0,0,0,0,0,0,0,0,0,0,0,0,0,0,0,0,0,0,0,0,0,0,0,1,0,0,0,0,0,11,80,0,25,0,0,0,0,0,0,0,0,0,0,0,208,0,105
BALTIMORE_CITY_026-013,0,121,0,0,0,3,0,0,0,0,0,0,0,0,0,0,0,0,0,0,0,0,0,0,0,0,0,0,0,0,0,0,0,0,0,0,0,0,0,0,0,0,0,0,0,0,0,0,6,0,0,0,0,0,216,43,4,59,1,0,0,8,0,0,7,0,0,0,39,346,55,106
BALTIMORE_CITY_026-014,0,141,0,0,0,6,0,0,0,0,0,0,0,0,0,0,0,0,0,0,0,0,0,0,0,0,0,0,0,0,0,0,0,0,0,0,0,0,0,0,0,0,0,0,0,0,0,0,10,0,0,0,0,0,152,58,0,39,0,4,1,4,0,0,2,0,1,0,36,309,48,97
BALTIMORE_CITY_026-015,0,463,0,0,0,8,0,0,0,0,0,0,0,0,0,0,0,0,0,0,0,0,0,0,0,0,0,0,0,0,0,0,0,0,0,0,0,0,0,0,0,0,0,0,0,0,0,0,3,0,0,0,0,0,19,258,1,78,0,3,0,4,0,0,1,0,0,0,2,493,10,337
BALTIMORE_CITY_026-016,0,351,0,0,0,3,0,0,0,0,0,0,0,0,0,0,0,0,0,0,0,0,0,0,0,0,0,0,0,0,0,0,0,0,0,0,0,0,0,0,0,0,0,0,0,0,0,0,2,0,0,0,0,0,6,195,0,74,0,0,0,0,0,0,0,0,0,0,0,362,0,269
BALTIMORE_CITY_026-017,0,182,0,0,0,3,0,0,0,0,0,0,0,0,0,0,0,0,0,0,0,0,0,0,0,0,0,0,0,0,1,0,0,0,0,0,0,0,0,0,0,0,0,0,0,0,0,0,1,0,0,0,0,0,4,81,0,41,0,1,0,1,0,0,1,0,0,0,0,191,3,122
BALTIMORE_CITY_026-018,0,369,0,0,0,7,0,0,0,0,0,0,0,0,0,0,0,0,0,0,0,0,0,0,0,0,0,0,0,0,0,0,0,0,0,0,0,0,0,0,0,0,0,0,0,0,0,0,2,0,0,0,0,0,14,237,0,55,0,1,0,2,0,0,1,0,0,0,6,392,10,292
BALTIMORE_CITY_026-019,0,492,0,0,0,8,0,0,0,0,0,0,0,0,0,0,0,0,0,0,0,0,0,0,0,0,0,0,0,0,1,0,0,0,0,0,0,0,0,0,0,0,0,0,0,0,0,0,5,0,0,0,0,0,18,300,1,87,0,0,0,1,0,0,0,0,0,0,2,524,3,388
BALTIMORE_CITY_026-020,0,249,0,0,0,2,0,0,0,0,0,0,0,0,0,0,0,0,0,0,0,0,0,0,0,0,0,0,0,0,1,0,0,0,0,0,0,0,0,0,0,0,0,0,0,0,0,0,2,0,0,0,0,0,5,129,1,39,0,0,0,0,0,0,0,0,0,0,2,259,2,169
BALTIMORE_CITY_026-021,0,326,0,0,0,4,0,0,0,0,0,0,0,0,0,0,0,0,0,0,0,0,0,0,0,0,0,0,0,0,0,0,0,0,0,0,0,0,0,0,0,0,0,0,0,0,0,0,3,0,0,0,0,0,9,150,1,39,0,0,0,0,0,0,0,0,0,0,0,342,0,190
BALTIMORE_CITY_026-022,0,234,0,0,0,2,0,0,1,0,0,0,0,0,0,0,0,0,0,0,0,0,0,0,0,0,0,0,0,0,0,0,0,0,0,0,0,0,0,0,0,0,0,0,0,0,0,0,2,0,0,0,0,0,10,132,0,58,0,0,0,1,0,0,0,0,0,0,4,249,5,190
BALTIMORE_CITY_026-023,0,366,0,0,0,11,0,0,0,0,0,0,0,0,0,0,0,0,0,0,0,0,0,0,0,0,0,0,0,0,0,0,0,0,0,0,0,0,0,0,0,0,0,0,0,0,0,0,6,0,0,0,0,0,23,176,0,78,0,1,0,1,0,0,2,0,0,0,5,406,9,254
BALTIMORE_CITY_026-024,0,563,0,0,0,12,0,0,0,0,0,0,0,0,0,0,0,0,0,0,0,0,0,0,0,0,0,0,0,0,0,0,0,0,0,0,0,0,0,0,0,0,0,0,0,0,0,0,2,0,0,0,0,0,18,328,1,94,0,1,0,0,0,0,1,0,0,0,2,595,4,423
BALTIMORE_CITY_026-025,0,434,0,0,0,13,0,0,0,0,0,0,0,0,0,0,0,0,0,0,0,0,0,0,0,0,0,0,0,0,0,0,0,0,0,0,0,0,0,0,0,0,0,0,0,0,0,0,2,0,0,0,0,0,25,152,1,94,0,0,0,1,0,0,1,0,0,0,2,474,4,247
BALTIMORE_CITY_026-026,0,437,0,0,0,14,0,0,0,0,0,0,0,0,0,0,0,0,0,0,0,0,0,0,0,0,0,0,0,0,3,0,0,0,0,0,0,0,0,0,0,0,0,0,0,0,0,0,13,0,0,0,0,0,52,224,0,110,0,1,0,6,1,0,2,0,0,0,15,519,25,334
BALTIMORE_CITY_026-027,0,357,0,0,0,4,0,0,0,0,0,0,0,0,0,0,0,0,0,0,0,0,0,0,0,0,0,0,0,0,0,0,0,0,0,0,0,0,0,0,0,0,0,0,0,0,0,0,4,0,0,0,0,0,49,208,0,80,0,0,0,3,0,0,3,0,0,0,11,414,17,288
BALTIMORE_CITY_026-028,0,250,0,0,0,5,0,0,0,0,0,0,0,0,0,0,0,0,0,0,0,0,0,0,0,0,0,0,0,0,0,0,0,0,0,0,0,0,0,0,0,0,0,0,0,0,0,0,5,0,0,0,0,0,16,170,0,53,0,0,0,2,0,0,1,0,0,0,5,276,8,223
BALTIMORE_CITY_026-029,1,1051,0,0,0,16,0,0,0,0,0,0,0,0,0,0,0,0,0,0,0,0,0,0,0,0,0,0,0,0,1,0,0,0,0,0,0,0,0,0,0,0,0,0,0,0,0,0,12,0,0,0,0,0,44,543,2,221,1,1,0,4,0,0,3,0,0,0,12,1125,21,766
BALTIMORE_CITY_026-030,0,286,0,0,0,3,0,0,0,0,0,0,0,0,0,0,0,0,0,0,0,0,0,0,0,0,0,0,0,0,1,0,0,0,0,0,0,0,0,0,0,0,0,0,0,0,0,0,9,0,0,0,0,0,60,144,0,95,0,0,0,6,0,0,7,0,1,0,11,359,25,239
BALTIMORE_CITY_026-031,0,173,0,0,0,8,0,0,0,0,0,0,0,0,0,0,0,0,0,0,0,0,0,0,0,0,0,0,0,0,2,0,0,0,0,0,0,0,0,0,0,0,0,0,0,0,0,0,11,0,0,0,0,0,119,94,2,60,0,1,0,13,0,0,10,0,0,0,31,313,55,156
BALTIMORE_CITY_026-032,0,583,0,0,0,10,0,0,0,0,0,0,0,0,0,0,0,0,0,0,0,0,0,0,0,0,0,0,0,0,0,0,0,0,0,0,0,0,0,0,0,0,0,0,0,0,0,0,5,0,0,0,0,0,35,328,2,99,0,0,0,3,0,0,1,0,0,0,5,633,9,429
BALTIMORE_CITY_026-033,0,490,0,0,0,4,0,0,0,0,0,0,0,0,0,0,0,0,0,0,0,0,0,0,0,0,0,0,0,0,0,0,0,0,0,0,0,0,0,0,0,0,0,0,0,0,0,0,3,0,0,0,0,0,21,274,0,107,0,1,0,3,0,0,1,0,0,0,0,518,5,381
BALTIMORE_CITY_027-001,0,593,0,0,0,9,0,0,0,0,0,0,0,0,0,0,0,0,0,0,0,0,0,0,0,0,0,0,0,0,2,0,0,0,0,0,0,0,0,0,0,0,0,0,0,0,0,0,15,0,0,0,0,0,95,312,0,194,1,4,0,14,0,0,6,0,0,0,17,714,42,506
BALTIMORE_CITY_027-002,0,263,0,0,0,7,0,0,0,0,0,0,0,0,0,0,0,0,0,0,0,0,0,0,0,0,0,0,0,0,2,0,0,0,0,0,0,0,0,0,0,0,0,0,0,0,0,0,17,0,0,0,0,0,49,112,1,143,0,0,0,5,0,0,5,0,1,0,11,338,22,256
BALTIMORE_CITY_027-003,0,192,0,0,0,6,0,0,0,0,0,0,0,0,0,0,0,0,0,0,0,0,0,0,0,0,0,0,0,0,0,0,0,0,0,0,0,0,0,0,0,0,0,0,0,0,0,0,11,0,0,0,0,0,29,91,4,89,0,1,0,0,0,0,6,2,0,0,5,238,14,184
BALTIMORE_CITY_027-004,0,180,0,0,0,13,0,0,0,0,0,0,0,0,0,0,0,0,0,0,0,0,0,0,0,0,0,0,0,0,0,0,0,0,0,0,0,0,0,0,0,0,0,0,0,0,0,0,9,0,0,0,0,0,52,82,0,67,2,0,0,5,0,0,12,1,0,0,13,254,33,149
BALTIMORE_CITY_027-005,0,708,0,0,0,26,0,0,0,0,0,0,0,0,0,0,0,0,0,0,0,0,0,0,0,0,0,0,0,0,3,0,0,0,0,0,0,0,0,0,0,0,0,0,0,0,0,0,27,0,0,0,0,0,181,328,1,275,1,1,0,22,0,0,6,1,1,1,39,945,72,604
BALTIMORE_CITY_027-006,0,877,0,0,0,24,0,0,0,0,0,0,0,0,0,0,0,0,0,0,0,0,0,0,0,0,0,0,0,0,0,0,0,0,0,0,0,0,0,0,0,0,0,0,0,0,0,0,10,0,0,0,0,0,129,453,3,261,0,1,0,11,2,0,2,0,0,0,17,1040,33,717
BALTIMORE_CITY_027-007,0,364,0,0,0,12,0,0,0,0,0,0,0,0,0,0,0,0,0,0,0,0,0,0,0,0,0,0,0,0,0,0,0,0,0,0,0,0,0,0,0,0,0,0,0,0,0,0,6,0,0,0,0,0,42,170,1,125,0,0,0,3,0,0,3,0,0,0,14,424,20,296
BALTIMORE_CITY_027-008,0,728,0,0,0,19,0,0,0,0,0,0,0,0,0,0,0,0,0,0,0,0,0,0,0,0,0,0,0,0,1,0,0,0,0,0,0,0,0,0,0,0,0,0,0,0,0,0,27,0,0,0,0,0,186,353,1,218,0,3,1,18,1,0,11,0,0,0,52,961,86,572
BALTIMORE_CITY_027-009,0,453,0,0,0,13,0,0,0,0,0,0,0,0,0,0,0,0,0,0,0,0,0,0,0,0,0,0,0,0,1,0,0,0,1,0,0,0,0,0,0,0,0,0,0,0,0,0,10,0,0,0,0,0,152,225,6,157,0,3,0,17,0,0,11,0,0,0,33,630,64,388
BALTIMORE_CITY_027-010,0,205,0,0,0,4,0,0,0,0,0,0,0,0,0,0,0,0,0,0,0,0,0,0,0,0,0,0,0,0,4,0,0,0,0,0,0,0,0,0,0,0,0,0,0,0,0,0,13,0,0,0,0,0,151,90,2,80,0,1,0,13,0,0,13,1,0,0,32,377,60,172
BALTIMORE_CITY_027-011,0,680,0,0,0,21,0,0,0,0,0,0,0,0,0,0,0,0,0,0,0,0,0,0,0,0,0,0,0,0,0,0,0,0,0,0,0,0,0,0,0,0,0,0,0,0,0,0,45,0,0,0,0,0,393,277,1,278,1,3,1,33,0,1,26,2,1,0,87,1139,155,556
BALTIMORE_CITY_027-012,0,149,0,0,0,4,0,0,0,0,0,0,0,0,0,0,0,0,0,0,0,0,0,0,0,0,0,0,0,0,0,0,0,0,0,0,0,0,0,0,0,0,0,0,0,0,0,0,5,0,0,0,0,0,107,71,1,63,0,0,0,3,0,0,6,0,0,1,25,265,35,135
BALTIMORE_CITY_027-013,0,819,0,0,0,23,0,0,0,0,0,0,0,0,0,0,0,0,0,0,0,0,0,0,0,0,0,0,0,0,1,0,0,0,0,0,0,0,0,0,0,0,0,0,0,0,0,0,24,0,0,0,0,0,144,344,3,196,1,0,0,10,0,0,12,0,3,0,31,1011,57,543
BALTIMORE_CITY_027-014,0,657,0,0,0,29,0,0,0,0,0,0,0,0,0,0,0,0,0,0,0,0,0,0,0,0,0,0,0,0,1,0,0,0,0,0,0,0,0,0,0,0,0,0,0,0,0,0,36,0,0,0,0,0,283,340,4,311,1,1,1,23,0,0,11,1,1,0,80,1006,119,655
BALTIMORE_CITY_027-015,0,664,0,0,0,11,0,0,0,0,0,0,0,0,0,0,0,0,0,0,0,0,0,0,0,0,0,0,0,0,1,0,0,0,0,0,0,0,0,0,0,0,0,0,0,0,0,0,5,0,0,0,1,0,64,352,0,161,0,4,0,8,0,0,2,0,0,0,12,746,26,513
BALTIMORE_CITY_027-016,0,236,0,0,0,5,0,0,0,0,0,0,0,0,0,0,0,0,0,0,0,0,0,0,0,0,0,0,0,0,0,0,0,0,0,0,0,0,0,0,0,0,0,0,0,0,0,0,5,0,0,0,0,0,46,98,0,107,0,1,0,6,0,0,5,1,0,0,11,292,24,205
BALTIMORE_CITY_027-017,0,389,0,0,0,18,0,0,0,0,0,0,0,0,0,0,0,0,0,0,0,0,0,0,0,0,0,0,0,0,1,0,0,0,0,0,0,0,0,0,0,0,0,0,0,0,0,0,10,0,0,0,0,0,64,196,0,143,0,1,0,7,0,0,7,0,0,0,12,482,27,339
BALTIMORE_CITY_027-018,0,564,0,0,0,23,0,0,0,0,0,0,0,0,0,0,0,0,0,0,0,0,0,0,0,0,0,0,0,2,0,0,0,0,0,0,0,0,0,0,0,0,0,0,0,0,0,0,15,0,0,0,0,0,92,253,4,229,0,0,0,7,0,0,4,0,0,0,20,696,31,486
BALTIMORE_CITY_027-019,0,228,0,0,0,6,0,0,0,0,0,0,0,0,0,0,0,0,0,0,0,0,0,0,0,0,0,0,0,0,0,0,0,0,0,0,0,0,0,0,0,0,0,0,0,0,0,0,3,0,0,0,0,0,8,132,0,48,0,0,0,0,0,0,2,0,0,0,0,245,2,180
BALTIMORE_CITY_027-020,0,622,0,0,0,12,0,0,0,0,0,0,0,0,0,0,0,0,0,0,0,0,0,0,0,0,0,0,0,0,0,0,0,0,0,0,0,0,0,0,0,0,0,0,0,0,0,0,8,0,0,0,0,0,32,373,1,146,0,1,0,3,0,0,5,1,1,0,3,674,14,520
BALTIMORE_CITY_027-021,0,771,0,0,0,20,0,0,0,0,0,0,0,0,0,0,0,0,0,0,0,0,0,0,0,0,0,0,0,0,0,0,0,0,0,0,0,0,0,0,0,0,0,0,0,0,0,0,10,0,0,0,0,0,25,443,0,188,0,0,0,0,0,0,4,0,0,0,4,826,8,631
BALTIMORE_CITY_027-022,0,739,0,0,0,10,0,0,0,0,0,0,0,0,0,0,0,0,0,0,0,0,0,0,0,0,0,0,0,0,0,0,0,0,0,0,0,0,0,0,0,0,0,0,0,0,0,0,6,0,0,0,0,0,24,496,0,152,0,1,0,5,0,0,3,0,0,0,0,779,9,648
BALTIMORE_CITY_027-023,0,202,0,0,0,3,0,0,0,0,0,0,0,0,0,0,0,0,0,0,0,0,0,0,0,0,0,0,0,0,0,0,0,0,0,0,0,0,0,0,0,0,0,0,0,0,0,0,1,0,0,0,0,0,8,146,1,45,0,0,0,1,0,0,0,0,0,0,2,214,3,192
BALTIMORE_CITY_027-024,0,158,0,0,0,2,0,0,0,0,0,0,0,0,0,0,0,0,0,0,0,0,0,0,0,0,0,0,0,0,0,0,0,0,0,0,0,0,0,0,0,0,0,0,0,0,0,0,6,0,0,0,0,0,5,82,0,36,0,0,0,0,0,0,1,0,0,0,1,171,2,118
BALTIMORE_CITY_027-025,0,332,0,0,0,5,0,0,0,0,0,0,0,0,0,0,0,0,0,0,0,0,0,0,0,0,0,0,0,0,0,0,0,0,0,0,0,0,0,0,0,0,0,0,0,0,0,0,0,0,0,0,0,0,17,202,1,81,0,0,0,1,0,0,0,0,0,0,2,354,3,284
BALTIMORE_CITY_027-026,0,185,0,0,0,7,0,0,0,0,0,0,0,0,0,0,0,0,0,0,0,0,0,0,0,0,0,0,0,0,0,0,0,0,0,0,0,0,0,0,0,0,0,0,0,0,0,0,4,0,0,0,0,0,13,123,0,70,0,0,0,2,0,0,1,0,0,0,2,209,5,193
BALTIMORE_CITY_027-027,0,374,0,0,0,7,0,1,0,0,0,0,0,0,0,0,0,0,0,0,0,0,0,0,0,0,0,0,0,0,0,0,0,0,0,0,0,0,0,0,0,0,0,0,0,0,0,0,3,0,0,0,0,0,7,235,0,97,0,0,0,0,0,0,0,0,0,0,0,392,0,332
BALTIMORE_CITY_027-028,0,323,0,0,0,9,0,0,0,0,0,0,0,0,0,0,0,0,0,0,0,0,0,0,0,0,0,0,0,0,0,0,0,0,0,0,0,0,0,0,0,0,0,0,0,0,0,0,0,0,0,0,0,0,7,182,0,67,0,0,0,0,0,0,0,0,0,0,0,339,0,249
BALTIMORE_CITY_027-029,0,281,0,0,0,6,0,0,0,0,0,0,0,0,0,0,0,0,0,0,0,0,0,0,0,0,0,0,0,0,0,0,0,0,0,0,0,0,0,0,0,0,0,0,0,0,0,0,4,0,0,0,0,0,6,154,0,54,0,0,0,0,0,0,1,0,0,0,0,297,1,208
BALTIMORE_CITY_027-030,0,406,0,0,0,3,0,0,0,0,0,0,0,0,0,0,0,0,0,0,0,0,0,0,0,0,0,0,0,0,0,0,0,0,0,0,0,0,0,0,0,0,0,0,0,0,0,0,2,0,0,0,0,0,7,267,0,84,0,0,0,2,0,0,2,0,0,0,0,418,4,351
BALTIMORE_CITY_027-031,0,681,0,0,0,9,0,0,0,0,0,0,0,0,0,0,1,0,0,0,0,0,0,0,0,0,0,0,0,0,0,0,0,0,0,0,0,0,0,0,0,0,0,0,0,0,0,0,10,0,0,0,0,0,29,379,0,164,0,0,0,1,0,0,0,0,0,0,6,730,7,543
BALTIMORE_CITY_027-032,0,729,0,0,0,22,0,0,0,0,0,0,0,0,0,0,0,0,0,0,0,0,0,0,0,0,0,0,0,0,3,0,0,0,0,0,0,0,0,0,0,0,0,0,0,0,0,0,29,0,0,0,0,0,86,354,2,258,0,1,0,4,0,0,8,0,1,0,16,869,30,614
BALTIMORE_CITY_027-033,0,675,0,0,0,28,0,0,0,0,0,0,0,0,0,0,0,0,0,0,0,0,0,0,0,0,0,0,0,0,5,0,0,0,0,0,0,0,0,0,0,0,0,0,0,0,0,0,11,0,0,0,0,0,49,367,0,219,0,1,1,6,1,1,6,0,0,0,12,768,28,586
BALTIMORE_CITY_027-034,0,488,0,0,0,6,0,0,0,0,0,0,0,0,0,0,0,0,0,0,0,0,0,0,0,0,0,0,0,0,4,0,0,0,0,0,0,0,0,0,0,0,0,0,0,0,0,0,4,0,0,0,0,0,10,269,1,100,0,1,0,3,0,0,1,0,0,0,1,512,6,370
BALTIMORE_CITY_027-035,0,600,0,0,0,16,0,0,0,0,0,0,0,0,0,0,0,0,0,0,0,0,0,0,0,0,0,0,0,0,0,0,0,0,0,0,0,0,0,0,0,0,0,0,0,0,0,0,7,0,0,0,0,0,21,326,1,130,0,0,0,1,1,0,0,0,0,0,3,644,5,457
BALTIMORE_CITY_027-036,0,291,0,0,0,8,0,0,0,0,0,0,0,0,0,0,0,0,0,0,0,0,0,0,0,0,0,0,0,0,0,0,0,0,0,0,0,0,0,0,0,0,0,0,0,0,0,0,2,0,0,0,0,0,6,151,0,50,0,0,0,0,0,0,2,0,0,0,1,307,3,201
BALTIMORE_CITY_027-037,0,225,0,0,0,4,0,0,0,0,0,0,0,0,0,0,0,0,0,0,0,0,0,0,0,0,0,0,0,0,2,0,0,0,0,0,0,0,0,0,0,0,0,0,0,0,0,0,7,0,0,0,1,0,62,140,1,59,0,0,0,4,1,0,20,0,0,0,14,301,39,200
BALTIMORE_CITY_027-038,0,419,0,0,0,17,0,0,0,0,0,0,1,0,0,0,0,0,0,0,0,0,0,0,0,0,0,0,0,1,1,0,0,0,0,0,0,0,0,0,0,0,0,0,0,0,0,0,8,0,0,0,0,0,55,240,1,160,0,0,0,9,0,0,21,0,0,0,14,502,44,401
BALTIMORE_CITY_027-039,0,345,0,0,0,5,0,0,0,0,0,0,0,0,0,0,0,0,0,0,0,0,0,0,0,0,0,0,0,0,1,0,0,0,0,0,0,0,0,0,0,0,0,0,0,0,0,0,11,0,0,0,0,0,93,207,2,103,0,2,0,4,1,0,34,0,1,1,8,455,51,312
BALTIMORE_CITY_027-040,0,514,0,0,0,4,0,0,0,0,0,0,0,0,0,0,0,0,0,0,0,0,0,0,0,0,0,0,0,0,1,0,0,0,0,0,0,0,0,0,0,0,0,0,0,0,0,0,31,0,0,0,0,0,182,333,4,159,1,1,0,18,0,0,51,3,0,0,38,732,112,496
BALTIMORE_CITY_027-041,0,549,0,0,0,19,0,0,0,0,0,0,0,0,0,0,0,0,0,0,0,0,0,0,0,0,0,0,0,0,4,0,0,0,0,0,0,0,0,0,0,0,0,0,0,0,0,0,27,0,0,0,0,0,183,350,1,206,0,2,3,8,1,0,61,0,0,0,37,782,112,557
BALTIMORE_CITY_027-042,0,573,0,0,0,12,0,0,0,0,0,0,0,0,0,0,0,0,0,0,0,0,0,0,0,0,0,0,0,2,0,0,0,0,0,0,0,0,0,0,0,0,0,0,0,0,0,0,44,0,0,0,0,0,150,371,4,190,3,0,2,15,0,0,48,0,2,1,31,781,102,565
BALTIMORE_CITY_027-043,0,280,0,0,0,5,0,0,0,0,0,0,0,0,0,0,0,0,0,0,0,0,0,0,0,0,0,0,0,0,1,0,0,0,0,0,0,0,0,0,0,0,0,0,0,0,0,0,3,0,0,0,0,0,80,190,0,90,1,1,0,1,0,0,12,0,0,0,19,369,34,280
BALTIMORE_CITY_027-044,0,471,0,0,0,8,0,0,0,0,0,0,0,0,0,0,0,0,0,0,0,0,0,0,0,0,0,0,0,0,1,0,0,0,0,0,0,0,0,0,0,0,0,0,0,0,0,0,25,0,0,0,0,0,93,320,2,173,0,1,0,9,0,0,37,0,0,0,19,598,66,495
BALTIMORE_CITY_027-045,0,678,0,0,0,13,0,0,0,0,0,0,0,0,0,0,0,0,0,0,0,0,0,0,0,0,0,0,0,0,4,0,0,0,0,0,0,0,0,0,0,0,0,0,0,0,0,0,33,0,0,0,0,1,130,423,3,268,2,0,1,11,0,0,43,0,1,0,25,859,83,694
BALTIMORE_CITY_027-046,0,364,0,0,0,5,0,0,0,0,0,0,0,0,0,0,0,0,0,0,0,0,0,0,0,0,0,0,0,0,1,0,0,0,0,0,0,0,0,0,0,0,0,0,0,0,0,0,11,0,0,0,0,0,67,254,2,105,1,0,0,6,0,0,16,0,0,0,17,448,40,361
BALTIMORE_CITY_027-047,0,394,0,0,0,10,0,0,0,0,1,0,0,0,0,0,0,0,0,0,0,0,0,0,0,0,0,0,0,0,1,0,0,0,0,0,0,0,0,0,0,0,0,0,0,0,0,0,13,0,0,0,0,0,134,139,3,181,0,0,0,2,2,0,10,0,0,0,23,553,37,323
BALTIMORE_CITY_027-048,0,285,0,0,0,9,0,0,0,0,0,0,0,0,0,0,0,0,0,0,0,0,0,0,0,0,0,0,0,2,0,0,0,0,0,0,0,0,0,0,0,0,0,0,0,0,0,0,11,0,0,0,0,0,20,206,1,81,0,0,0,3,0,0,2,0,0,0,5,327,10,288
BALTIMORE_CITY_027-049,0,839,0,0,0,23,0,0,0,0,0,0,0,0,0,0,0,0,0,0,0,0,0,0,0,0,0,0,0,0,3,0,0,0,0,0,0,0,0,0,0,0,0,0,0,0,0,0,34,0,0,0,0,0,199,581,3,375,3,6,1,12,0,1,30,0,1,0,33,1098,87,959
BALTIMORE_CITY_027-050,0,490,0,0,0,11,0,0,0,0,0,0,0,0,0,0,0,0,0,0,0,0,0,0,0,0,0,0,0,0,1,0,0,0,0,0,0,0,0,0,0,0,0,0,0,0,0,0,10,0,0,0,0,0,38,280,0,200,0,0,0,5,0,0,9,0,0,0,14,550,28,480
BALTIMORE_CITY_027-051,0,104,0,0,0,1,0,0,0,0,0,0,0,0,0,0,0,0,0,0,0,0,0,0,0,0,0,0,0,0,0,0,0,0,0,0,0,0,0,0,0,0,0,0,0,0,0,0,1,0,0,0,0,0,5,98,0,10,0,0,0,1,0,0,1,0,0,0,1,111,3,108
BALTIMORE_CITY_027-052,0,631,0,0,0,17,0,0,0,0,0,0,0,0,0,0,0,0,0,0,0,0,0,0,0,0,0,0,0,0,0,0,0,0,0,0,0,0,0,0,0,0,0,0,0,0,0,0,4,0,0,0,0,0,14,440,1,133,0,0,0,2,0,0,0,0,0,0,1,666,3,574
BALTIMORE_CITY_027-053,0,490,0,0,0,5,0,0,0,0,0,0,0,0,0,0,0,0,0,0,0,0,0,0,0,0,0,0,0,0,0,0,0,0,0,0,0,0,0,0,0,0,0,0,0,0,0,0,1,0,0,0,0,0,10,272,0,75,0,0,0,0,0,0,1,0,0,0,0,506,1,347
BALTIMORE_CITY_027-054,0,153,0,0,0,4,0,0,0,0,0,0,0,0,0,0,0,0,0,0,0,0,0,0,0,0,0,0,0,0,0,0,0,0,0,0,0,0,0,0,0,0,0,0,0,0,0,0,3,0,0,0,0,0,5,65,0,20,0,0,0,0,1,0,0,0,0,0,1,165,2,85
BALTIMORE_CITY_027-055,0,260,0,0,0,3,0,0,0,0,0,0,0,0,0,0,0,0,0,0,0,0,0,0,0,0,0,0,0,0,0,0,0,0,0,0,0,0,0,0,0,0,0,0,0,0,0,0,1,0,0,0,0,0,2,141,0,26,0,0,0,0,0,1,0,0,0,0,0,266,1,167
BALTIMORE_CITY_027-056,0,301,0,0,0,4,0,0,0,0,0,0,0,0,0,0,0,0,0,0,0,0,0,0,0,0,0,0,0,0,0,0,0,0,0,0,0,0,0,0,0,0,0,0,0,0,0,0,2,0,0,0,0,0,6,159,0,37,1,0,0,0,0,0,0,0,0,0,0,313,1,196
BALTIMORE_CITY_027-057,0,453,0,0,0,8,0,0,0,0,0,0,0,0,0,0,0,0,0,0,0,0,0,0,0,0,0,0,0,0,0,0,0,0,0,0,0,0,0,0,0,0,0,0,0,0,0,0,1,0,0,0,0,0,2,288,0,61,0,0,0,0,0,0,2,0,1,0,0,464,3,349
BALTIMORE_CITY_027-058,0,165,0,0,0,1,0,0,0,0,0,0,0,0,0,0,0,0,0,0,0,0,0,0,0,0,0,0,0,0,0,0,0,0,0,0,0,0,0,0,0,0,0,0,0,0,0,0,1,0,0,0,0,0,5,108,0,24,0,0,0,0,0,0,2,0,0,0,0,172,2,132
BALTIMORE_CITY_027-059,0,203,0,0,0,3,0,0,0,0,0,0,0,0,0,0,0,0,0,0,0,0,0,0,0,0,0,0,0,0,0,0,0,0,0,0,0,0,0,0,0,0,0,0,0,0,0,0,0,0,0,0,0,0,5,131,0,40,0,0,0,0,0,0,0,0,0,0,1,211,1,171
BALTIMORE_CITY_027-060,0,308,0,0,0,3,0,0,0,0,0,0,0,0,0,0,0,0,0,0,0,0,0,0,0,0,0,0,0,0,0,0,0,0,0,0,0,0,0,0,0,0,0,0,0,0,0,0,9,0,0,0,0,0,87,222,0,81,0,0,0,5,1,0,4,0,0,1,5,407,16,303
BALTIMORE_CITY_027-061,0,169,0,0,0,3,0,0,0,0,0,0,0,0,0,0,0,0,0,0,0,0,0,0,0,0,0,0,0,0,2,0,0,0,0,0,0,0,0,0,0,0,0,0,0,0,0,0,5,0,0,0,0,0,32,105,2,31,0,0,0,3,0,0,0,0,0,0,0,211,3,138
BALTIMORE_CITY_027-062,0,270,0,0,0,8,0,0,0,0,0,0,0,0,0,0,0,0,0,0,0,0,0,0,0,0,0,0,0,0,9,0,0,0,0,0,0,0,0,0,0,0,0,0,0,0,0,0,15,0,0,0,0,0,227,170,6,52,0,1,0,18,0,0,10,0,0,0,16,529,45,228
BALTIMORE_CITY_027-063,0,305,0,0,0,11,0,0,0,0,0,0,0,0,0,0,0,0,0,0,0,0,0,0,0,0,0,0,0,0,1,0,0,0,0,0,0,0,0,0,0,0,0,0,0,0,0,0,21,0,0,0,0,0,211,169,6,84,0,1,0,29,0,0,9,1,0,0,18,549,58,259
BALTIMORE_CITY_027-064,0,239,0,0,0,12,0,0,0,0,0,0,0,0,0,0,0,0,0,0,0,0,0,0,0,0,0,0,0,0,10,0,0,0,0,0,0,0,0,0,0,0,0,0,0,0,0,0,32,0,0,0,0,0,305,162,4,119,1,1,0,44,0,0,16,1,1,0,24,598,88,285
BALTIMORE_CITY_027-065,0,405,0,0,0,12,0,0,0,0,0,0,0,0,0,0,0,0,0,0,0,0,0,0,0,0,0,0,0,0,7,0,0,0,0,0,0,0,0,1,0,0,0,0,0,0,0,0,26,0,0,0,0,0,455,270,2,138,0,1,0,45,0,0,13,0,1,0,41,906,101,410
BALTIMORE_CITY_027-066,0,216,0,0,0,13,0,0,0,0,0,0,0,0,0,0,0,0,0,0,0,0,0,0,0,0,0,0,0,0,2,0,0,0,0,0,0,0,0,0,0,0,0,0,0,0,0,0,19,0,0,0,0,0,414,157,2,97,1,1,0,40,1,0,19,0,1,0,21,664,84,256
BALTIMORE_CITY_027-067,0,476,0,0,0,10,0,0,0,0,0,0,0,0,0,0,0,0,0,0,0,0,0,0,0,0,0,1,0,0,4,0,0,0,0,0,0,0,0,0,0,0,0,0,0,0,0,0,12,0,0,0,0,0,199,252,3,103,1,1,0,13,1,1,3,0,0,0,9,702,29,358
BALTIMORE_CITY_028-001,0,382,0,0,0,1,0,0,0,0,0,0,0,0,0,0,0,0,0,0,0,0,0,0,0,0,0,0,0,0,0,0,0,0,0,0,0,0,0,0,0,0,0,0,0,0,0,0,5,0,0,0,0,0,13,218,0,58,0,0,1,2,0,0,2,0,0,0,4,401,9,276
BALTIMORE_CITY_028-002,0,552,0,0,0,9,0,0,0,0,0,0,0,0,0,0,0,0,0,0,0,0,0,0,0,0,0,0,0,0,0,0,0,0,0,0,0,0,0,0,0,0,0,0,0,0,0,0,7,0,0,0,0,0,13,383,1,114,0,1,0,1,0,0,0,0,2,0,0,581,4,498
BALTIMORE_CITY_028-003,0,131,0,0,0,3,0,0,0,0,0,0,0,0,0,0,0,0,0,0,0,0,0,0,0,0,0,0,0,0,0,0,0,0,0,0,0,0,0,0,0,0,0,0,0,0,0,0,1,0,0,0,0,0,3,78,0,25,0,0,0,0,0,0,1,0,0,0,1,138,2,103
BALTIMORE_CITY_028-004,0,219,0,0,0,8,0,0,0,0,0,0,0,0,0,0,0,0,0,0,0,0,0,0,0,0,0,0,0,0,0,0,0,0,0,0,0,0,0,0,0,0,0,0,0,0,0,0,2,0,0,0,0,0,16,129,0,48,0,0,0,4,0,0,0,0,0,0,2,245,6,177
BALTIMORE_CITY_028-005,0,472,0,0,0,5,0,0,0,0,0,0,0,0,0,0,0,0,0,0,0,0,0,0,0,0,0,0,0,0,0,0,0,0,0,0,0,0,0,0,0,0,0,0,0,0,0,0,0,0,0,0,0,0,9,301,1,92,0,2,0,1,0,0,1,0,0,0,5,486,9,394
BALTIMORE_CITY_028-006,0,674,0,0,0,11,0,0,0,0,0,0,0,0,0,0,0,0,0,0,0,0,0,0,0,0,0,0,0,0,1,0,0,0,0,0,0,0,0,0,0,0,0,0,0,0,0,0,6,0,0,0,0,0,25,407,0,153,0,0,1,4,0,0,0,0,0,0,3,717,8,560
BALTIMORE_CITY_028-007,0,385,0,0,0,12,0,0,0,0,0,0,0,0,0,0,0,0,0,0,0,0,0,0,0,0,0,0,0,0,0,0,0,0,0,0,0,0,0,0,0,0,0,0,0,0,0,0,7,0,0,0,0,0,10,241,1,89,0,0,0,2,0,0,0,0,0,0,1,414,3,331
BALTIMORE_CITY_028-008,0,400,0,0,0,7,0,0,0,0,0,0,0,0,0,0,0,0,0,0,0,0,0,0,0,0,0,0,0,0,0,0,0,0,0,0,0,0,0,0,0,0,0,0,0,0,0,0,1,0,0,0,0,0,6,223,0,100,0,0,0,1,0,0,1,0,0,0,1,414,3,323
BALTIMORE_CITY_028-009,0,660,0,0,0,8,0,0,0,0,0,0,0,0,0,0,0,0,0,0,0,0,0,0,0,0,0,0,0,0,1,0,0,0,0,0,0,0,0,0,0,0,0,0,0,0,0,0,16,0,0,0,0,0,30,320,1,147,0,0,0,3,1,0,7,0,1,0,6,715,18,468
BALTIMORE_CITY_028-010,0,479,0,0,0,12,0,0,0,0,0,0,0,0,0,0,0,0,0,0,0,0,0,0,0,0,0,0,0,0,3,0,0,0,0,0,0,0,0,0,0,0,0,0,0,0,0,0,10,0,0,0,0,0,41,313,1,147,0,0,0,0,0,0,4,0,0,0,6,545,10,461
BALTIMORE_CITY_028-011,0,463,0,0,0,11,0,0,0,0,0,0,0,0,0,0,0,0,0,0,0,0,0,0,0,0,0,0,0,0,0,0,0,0,0,0,0,0,0,0,0,0,0,0,0,0,0,0,6,0,0,0,0,0,36,330,1,124,1,1,0,5,0,0,1,1,0,0,8,516,17,455
BALTIMORE_CITY_028-012,0,282,0,0,0,14,0,0,0,0,0,1,0,0,0,0,0,0,0,0,0,0,0,0,0,0,0,0,0,0,2,0,0,0,0,0,0,0,0,0,0,0,0,0,0,0,0,0,12,0,0,0,0,0,40,190,0,87,0,1,0,9,0,0,16,0,1,0,3,351,30,277
BALTIMORE_CITY_028-013,0,328,0,0,0,5,0,0,0,0,0,0,0,0,0,0,0,0,0,0,0,0,0,0,0,0,0,0,0,0,0,0,0,0,0,0,0,0,0,0,0,0,0,0,0,0,0,0,5,0,0,0,0,0,13,198,0,69,0,0,0,0,0,0,2,0,0,0,1,351,3,267
BALTIMORE_CITY_028-014,0,195,0,0,0,4,0,0,0,0,0,0,0,0,0,0,0,0,0,0,0,0,0,0,0,0,0,0,0,0,0,0,0,0,0,0,0,0,0,0,0,0,0,0,0,0,0,0,1,0,0,0,0,0,9,117,1,41,0,0,0,2,0,0,1,0,0,0,2,209,5,159
BALTIMORE_CITY_028-015,0,528,0,0,0,14,0,0,0,0,0,0,0,0,0,0,0,0,0,0,0,0,0,0,0,0,0,0,0,0,3,0,0,0,0,0,0,0,0,0,0,0,0,0,0,0,0,0,18,0,0,0,0,0,78,245,0,180,0,1,0,21,0,0,9,0,1,0,18,641,50,425
CALVERT_001-001,1,610,0,0,0,10,0,0,0,0,0,1,0,0,0,0,0,0,0,0,0,0,0,0,0,0,0,0,0,0,3,0,0,0,0,0,0,0,0,0,0,0,0,0,0,0,0,0,41,0,0,0,0,0,725,242,3,96,2,3,1,76,1,1,127,3,7,0,231,1391,452,341
CALVERT_001-002,0,596,0,0,0,13,0,0,0,0,0,0,0,0,0,0,0,0,0,0,0,0,0,0,0,0,0,0,0,0,4,0,0,0,0,0,0,0,0,0,0,0,0,0,0,0,0,0,55,0,0,0,0,0,634,182,2,110,1,5,1,72,0,3,40,3,3,0,187,1302,315,294
CALVERT_001-003,0,390,0,0,0,15,0,0,0,0,0,1,0,0,0,0,0,0,0,0,0,0,0,0,0,0,0,0,0,0,3,0,0,0,0,0,0,0,0,0,0,0,0,0,0,0,0,0,62,0,0,0,0,0,809,150,3,122,1,11,1,68,0,1,50,1,2,0,239,1280,374,275
CALVERT_001-004,0,369,0,0,0,20,0,0,0,0,0,0,0,0,0,0,1,0,0,0,1,0,0,0,0,0,0,0,0,0,5,0,0,0,0,0,0,0,0,0,0,0,0,0,0,0,0,0,52,0,0,0,0,0,753,160,6,124,3,4,0,79,0,0,72,3,1,0,268,1201,430,290
CALVERT_001-005,0,549,0,0,0,38,0,0,0,0,0,1,0,0,0,0,0,0,0,0,0,0,0,0,0,0,0,0,0,0,4,0,0,0,0,0,0,0,0,0,0,0,0,0,0,0,0,0,81,0,0,0,0,0,908,157,3,158,6,5,1,87,0,1,54,2,6,0,258,1581,420,318
CALVERT_001-006,0,493,0,0,0,28,0,0,0,0,0,1,0,0,0,0,0,0,0,0,0,0,0,0,0,0,0,0,0,0,6,0,0,0,0,0,0,0,0,0,0,0,0,0,0,0,0,0,94,0,0,0,0,0,913,147,6,154,3,14,1,103,1,2,68,0,5,0,244,1535,441,307
CALVERT_001-007,0,567,0,0,0,17,0,0,0,0,0,0,0,0,0,0,0,0,0,0,0,0,0,0,0,0,0,0,0,0,6,0,0,0,0,0,0,0,0,0,0,0,0,0,0,0,0,0,97,0,0,0,0,0,879,191,4,140,2,10,1,83,2,2,87,0,3,1,282,1566,473,335
CALVERT_002-001,0,502,0,0,0,8,0,0,0,0,0,0,0,0,0,0,0,0,0,0,0,0,0,0,0,0,0,0,0,0,4,0,0,0,0,0,0,0,0,0,0,0,0,0,0,0,0,0,36,0,0,0,0,0,817,224,5,101,3,6,0,78,0,0,77,2,3,0,273,1367,442,330
CALVERT_002-002,0,475,0,0,0,9,0,0,0,0,0,2,0,0,0,0,0,0,0,0,0,0,0,0,0,0,0,0,0,0,2,0,0,0,0,0,0,0,0,0,0,0,0,0,0,0,0,0,40,0,0,0,0,0,810,199,2,120,1,6,0,82,0,1,54,0,0,2,242,1338,388,321
CALVERT_002-003,0,352,0,0,0,12,0,0,0,0,0,0,0,0,0,0,0,0,0,0,0,0,0,0,0,0,0,0,0,0,5,0,0,0,0,0,0,0,0,0,0,0,0,0,0,0,0,0,47,0,0,0,0,0,788,114,3,131,2,2,1,115,2,1,77,4,4,0,281,1204,489,248
CALVERT_002-004,0,490,0,0,0,22,0,0,0,0,0,0,0,0,0,0,0,0,0,0,0,0,0,0,0,0,0,0,0,0,7,0,0,0,0,0,0,0,0,0,0,0,0,0,0,0,0,0,54,0,0,0,0,0,708,191,2,129,4,4,0,80,1,2,52,2,2,1,194,1281,342,322
CALVERT_002-005,0,409,1,0,0,18,0,0,0,0,0,0,0,0,0,0,0,0,0,0,0,0,0,0,0,0,0,0,0,0,8,0,0,0,0,0,0,0,0,0,0,0,0,0,0,0,0,0,55,0,0,0,0,0,848,180,2,129,4,9,2,120,2,2,92,4,4,1,273,1339,513,311
CALVERT_002-006,0,406,0,0,0,11,0,0,0,0,0,0,0,0,0,0,0,0,0,0,0,0,0,0,0,0,0,0,0,0,2,0,0,0,0,0,0,0,0,0,0,0,0,0,0,0,0,0,32,0,0,0,0,0,705,168,1,110,2,2,0,76,1,0,77,1,4,0,199,1156,362,279
CALVERT_002-007,0,344,0,0,0,13,0,0,0,0,0,0,0,0,0,0,0,0,0,0,0,0,0,0,0,0,0,0,0,0,6,0,0,0,0,0,0,0,0,0,0,0,0,0,0,0,0,0,50,0,0,0,0,0,807,146,1,104,1,3,2,103,2,3,78,1,2,0,285,1220,480,251
CALVERT_002-008,0,417,0,0,0,20,0,0,0,0,0,0,0,0,0,0,0,0,0,0,0,0,0,0,0,0,0,0,0,0,1,0,0,0,0,0,0,0,0,0,0,0,0,0,0,0,0,0,46,0,0,0,0,0,792,176,3,111,4,6,4,94,0,4,40,1,5,1,250,1276,409,290
CALVERT_003-001,0,451,0,0,0,9,0,0,0,0,0,2,0,0,0,0,0,0,0,0,0,0,0,0,0,0,0,0,0,0,2,0,0,0,0,0,0,0,0,0,0,0,0,0,0,0,0,0,53,0,0,0,0,0,660,174,4,93,3,3,1,40,0,2,52,4,3,0,155,1177,263,271
CALVERT_003-002,0,483,0,0,0,15,0,0,0,0,0,1,0,0,0,0,0,0,0,0,0,0,0,0,0,0,0,0,0,0,7,0,0,0,0,0,0,0,0,0,0,0,0,0,0,0,0,0,44,0,0,0,0,0,683,204,1,115,2,2,1,52,0,0,50,0,2,0,172,1233,281,320
CALVERT_003-003,0,460,0,0,0,14,0,0,0,0,0,0,0,0,0,0,0,0,0,0,0,0,0,0,0,0,0,0,0,2,6,0,0,0,0,0,0,0,0,0,0,0,0,0,0,0,0,0,57,0,0,0,1,2,703,226,2,101,2,4,0,76,1,0,73,0,2,0,228,1245,386,329
CALVERT_003-004,0,448,0,0,0,18,0,0,0,0,0,0,0,0,0,0,0,0,0,0,0,0,0,0,0,0,0,0,0,0,8,0,0,0,0,0,0,0,0,0,0,0,0,0,0,0,0,0,80,0,0,0,0,0,908,134,2,119,5,4,0,53,0,1,57,5,2,0,243,1462,370,255
CALVERT_003-005,0,536,0,0,0,18,0,0,0,0,0,1,0,0,0,0,0,0,0,0,0,0,0,0,0,0,0,0,0,2,2,0,0,0,0,0,0,0,0,0,0,0,0,0,0,0,0,0,45,0,0,0,0,0,802,241,3,125,2,4,0,72,0,0,76,1,4,2,271,1406,432,369
CALVERT_003-006,0,429,0,0,0,13,0,0,0,0,0,0,0,0,0,0,0,0,0,0,0,0,0,0,0,0,0,0,0,0,5,0,0,0,0,0,0,0,0,0,0,0,0,0,0,0,0,0,53,0,0,0,0,0,887,148,5,119,4,5,0,107,1,1,91,3,1,0,305,1387,518,272
CALVERT_003-007,0,467,0,0,0,7,0,0,0,0,0,0,0,0,0,0,0,0,0,0,0,0,0,0,0,0,0,0,0,0,6,0,0,0,0,0,0,0,0,0,0,0,0,0,0,0,0,0,61,0,0,0,0,0,949,157,3,131,2,8,1,97,2,1,78,1,5,0,325,1490,520,291
CALVERT_003-008,0,719,0,0,0,19,0,0,0,0,0,1,0,0,0,0,0,0,0,0,0,0,0,0,0,0,0,0,0,0,4,0,0,0,0,0,0,0,0,0,0,0,0,0,0,0,0,0,75,0,0,0,0,0,983,241,0,144,2,7,0,102,0,1,88,1,4,2,265,1801,472,385
CAROLINE_001-001,0,124,0,0,0,6,0,0,0,0,0,0,0,0,0,0,0,0,0,0,0,0,0,0,0,0,0,0,0,0,2,0,0,0,0,0,0,0,0,0,0,0,0,0,0,0,0,0,18,0,0,0,0,0,594,44,2,44,1,5,1,50,0,0,24,1,1,0,157,744,240,90
CAROLINE_002-001,0,342,0,0,0,16,0,0,0,0,0,1,0,0,0,0,0,0,0,0,0,0,0,0,0,0,0,0,0,0,6,0,0,0,0,0,0,0,0,0,0,0,0,0,0,0,0,0,57,0,0,1,0,0,1232,132,8,132,3,9,1,90,0,1,52,0,3,0,411,1655,570,272
CAROLINE_003-001,0,506,0,0,0,17,0,0,0,0,0,0,0,0,0,0,0,0,0,0,0,0,0,0,0,0,0,0,0,0,5,0,0,0,0,0,0,0,0,0,0,0,0,0,0,0,0,0,76,0,0,0,0,0,1070,177,3,183,4,9,2,116,0,3,87,2,4,2,365,1674,594,363
CAROLINE_004-001,0,364,0,0,0,19,0,0,0,0,0,2,0,0,0,0,0,0,0,0,0,0,0,0,0,0,0,0,0,0,3,0,0,0,0,0,0,0,0,0,0,0,0,0,0,0,0,0,47,0,0,0,0,0,1042,146,1,79,4,3,0,62,0,1,86,1,1,0,328,1477,486,226
CAROLINE_005-001,0,515,0,0,0,13,0,0,0,0,0,0,0,0,0,0,0,0,0,0,0,0,0,0,0,0,0,0,0,0,3,0,0,0,0,0,0,0,0,0,0,0,0,0,0,0,0,0,41,0,0,0,0,0,847,149,3,94,0,7,0,52,0,0,46,0,1,0,296,1419,402,246
CAROLINE_006-001,1,185,0,0,0,1,0,0,0,0,0,0,0,0,0,0,0,0,0,0,0,0,0,0,0,0,0,0,0,0,5,0,0,0,0,0,0,0,0,0,0,0,0,0,0,0,0,0,23,0,0,0,0,0,463,72,3,46,0,5,0,48,0,0,42,1,1,0,170,678,267,121
CAROLINE_007-001,0,355,0,0,0,12,0,0,0,0,0,1,0,0,0,0,0,0,0,0,0,0,0,0,0,0,0,0,0,0,1,0,0,0,0,0,0,0,0,0,0,0,0,0,0,0,0,0,39,0,0,0,0,0,868,122,2,122,0,2,0,57,1,0,43,2,1,0,274,1276,380,246
CAROLINE_008-001,0,132,0,0,0,9,0,0,0,0,0,0,0,0,0,0,0,0,0,0,0,0,0,0,0,0,0,0,0,0,2,0,0,0,0,0,0,0,0,0,0,0,0,0,0,0,0,0,16,0,0,0,0,0,553,48,2,36,0,6,1,29,0,0,27,1,0,0,198,712,262,86
CARROLL_001-001,0,729,0,0,0,47,0,0,0,0,0,0,0,0,0,0,0,0,0,0,0,0,0,0,0,0,0,0,0,0,15,0,0,0,0,0,0,0,0,0,0,0,0,0,0,0,0,0,166,0,0,0,0,0,2490,227,4,252,7,26,1,271,1,0,198,6,9,0,817,3447,1336,483
CARROLL_002-001,0,201,0,0,0,5,0,0,0,0,0,0,0,0,0,0,0,0,0,0,0,0,0,0,0,0,0,0,0,0,3,0,0,0,0,0,0,0,0,0,0,0,0,0,0,0,0,0,43,0,0,0,0,0,639,57,0,64,0,2,1,98,0,1,86,1,0,0,220,891,409,121
CARROLL_002-002,0,219,0,0,0,11,0,0,0,0,1,0,0,0,0,0,0,0,0,0,0,0,0,0,0,0,0,0,0,0,1,0,0,0,0,0,0,0,0,0,0,0,0,0,0,0,0,0,50,0,0,0,0,0,760,58,3,81,1,10,0,84,0,1,88,0,2,0,259,1042,445,142
CARROLL_003-001,0,341,0,0,0,26,0,0,0,0,0,0,0,0,0,0,0,0,0,0,0,0,0,0,0,0,0,0,0,0,5,0,0,0,0,0,0,0,0,0,0,0,0,0,0,0,0,0,85,0,0,0,0,0,1541,111,3,178,5,8,4,156,2,1,136,3,4,0,610,1998,929,292
CARROLL_004-001,0,758,0,0,0,35,0,0,0,0,0,0,0,0,0,0,0,0,0,0,0,0,0,0,0,0,0,0,0,2,17,0,0,0,0,0,0,0,0,0,0,0,0,0,0,0,0,0,159,0,0,0,0,0,2145,289,5,293,6,13,3,242,2,0,280,4,5,1,804,3116,1360,587
CARROLL_004-002,0,288,0,0,0,19,0,0,0,0,0,1,0,0,0,0,0,0,0,0,0,0,0,0,0,0,0,0,0,0,4,0,0,0,0,0,0,0,0,0,0,0,0,0,0,0,0,0,63,0,0,0,0,0,908,97,4,109,0,4,1,126,0,1,106,1,6,1,356,1283,602,210
CARROLL_004-003,0,575,0,0,0,35,0,0,0,0,0,1,0,0,0,0,0,0,0,0,0,0,0,0,0,0,0,0,0,2,9,0,0,0,0,0,0,0,0,0,0,0,0,0,0,0,0,0,118,0,0,0,0,0,1736,198,5,194,6,17,2,212,2,1,210,2,7,3,686,2476,1148,397
CARROLL_005-001,0,709,0,0,0,25,0,0,0,0,0,0,0,0,0,0,0,0,0,0,0,0,0,0,0,0,0,0,0,0,3,0,0,0,0,0,0,0,0,0,0,0,0,0,0,0,0,0,104,0,0,1,0,0,1056,208,0,174,3,14,2,133,2,0,174,5,3,0,318,1898,654,382
CARROLL_005-002,0,894,0,0,0,40,0,0,0,0,0,1,1,0,0,0,0,0,0,0,0,0,1,0,0,0,0,0,0,0,19,0,0,0,0,0,0,0,0,0,0,0,0,0,0,0,0,0,161,0,0,0,0,0,1732,281,3,273,3,13,4,216,1,1,336,5,8,1,583,2849,1171,557
CARROLL_005-003,0,504,0,0,0,24,0,0,0,0,0,1,0,0,0,0,0,0,0,0,0,0,0,0,0,0,0,0,0,1,8,0,0,1,0,0,0,0,0,0,0,0,0,0,0,0,0,0,84,0,0,0,0,0,1016,162,3,167,1,11,3,135,1,1,143,2,4,0,294,1639,595,332
CARROLL_005-004,0,1479,0,0,0,53,0,0,0,0,0,1,0,0,0,0,0,0,0,0,0,0,0,0,0,0,0,0,0,3,25,0,0,0,0,0,1,0,0,0,0,0,0,0,0,0,0,0,251,0,1,0,0,0,2602,457,8,396,8,15,4,325,4,3,430,5,7,1,747,4416,1549,861
CARROLL_005-005,0,545,0,0,0,23,0,0,0,0,0,0,0,0,0,0,0,0,0,0,0,0,0,0,0,0,0,0,0,0,11,0,0,0,0,0,0,0,0,0,0,0,0,0,0,0,0,0,107,0,0,0,0,0,894,111,5,152,3,14,2,121,2,1,129,0,0,0,266,1580,538,268
CARROLL_005-006,0,138,0,0,0,0,0,0,0,0,0,0,0,0,0,0,0,0,0,0,0,0,0,0,0,0,0,0,0,0,1,0,0,0,0,0,0,0,0,0,0,0,0,0,0,0,0,0,11,0,0,0,0,0,188,59,0,30,0,2,0,19,0,1,61,1,0,0,52,338,136,89
CARROLL_006-001,0,572,0,0,0,38,0,0,0,0,0,0,0,0,0,0,0,0,0,0,0,0,0,0,0,0,0,0,0,1,16,0,0,0,0,0,0,0,0,0,0,0,0,0,0,0,0,0,138,0,0,0,0,0,2350,158,6,220,6,26,2,238,3,1,241,2,13,1,782,3115,1315,384
CARROLL_006-002,0,506,0,0,0,34,0,0,0,0,0,0,0,0,0,0,0,0,0,0,0,0,0,0,0,0,0,0,0,0,9,0,0,0,0,0,0,0,0,0,0,0,0,0,0,0,0,0,128,0,0,0,0,0,1939,174,4,233,6,23,4,174,1,0,205,2,5,2,668,2616,1090,411
CARROLL_007-001,0,236,0,0,0,13,0,0,0,0,0,1,0,0,0,0,0,0,0,0,0,0,0,0,0,0,0,0,0,0,6,0,0,0,0,0,0,0,0,0,0,0,0,0,0,0,0,0,48,0,0,0,0,0,449,64,2,53,0,10,1,57,2,1,66,0,3,0,138,753,278,119
CARROLL_007-002,0,335,0,0,0,21,0,0,0,0,0,1,0,0,0,0,0,0,0,0,0,0,0,0,0,0,0,0,0,0,7,0,0,0,0,0,0,0,0,0,0,0,0,0,0,0,0,0,89,0,0,0,0,0,1029,118,3,153,3,8,2,120,1,0,154,4,2,0,340,1482,634,274
CARROLL_007-003,0,453,0,0,0,23,0,0,0,0,0,0,0,0,0,0,0,0,0,0,0,0,0,0,0,0,0,0,0,0,10,0,0,0,0,0,0,0,0,0,0,0,0,0,0,0,0,0,73,0,0,0,0,0,676,148,2,141,2,11,2,92,1,1,92,1,4,0,206,1235,412,291
CARROLL_007-004,0,853,0,0,0,50,0,0,0,0,0,2,0,0,0,0,0,0,0,0,0,0,0,0,0,0,0,0,0,0,17,0,0,1,1,0,0,0,0,0,0,0,0,0,0,0,0,0,132,0,0,0,0,0,1666,238,1,295,6,20,3,222,2,0,249,1,7,0,559,2722,1069,534
CARROLL_007-005,0,190,0,0,0,5,0,0,0,0,0,0,0,0,0,0,0,0,0,0,0,0,0,0,0,0,0,0,0,0,3,0,0,0,0,0,0,0,0,0,0,0,0,0,0,0,0,0,18,0,0,0,0,0,268,84,0,48,3,7,2,45,1,0,87,1,0,0,83,484,229,132
CARROLL_007-006,0,339,0,0,0,15,0,0,0,0,0,2,0,0,0,0,0,0,0,0,0,0,0,0,0,0,0,0,0,0,9,0,0,0,0,0,0,0,0,0,0,0,0,0,0,0,0,0,62,0,0,0,0,0,701,105,1,118,0,15,2,70,3,0,113,0,2,0,278,1128,483,224
CARROLL_007-007,0,850,0,0,0,36,0,0,0,1,0,2,0,0,0,0,0,0,0,0,0,0,0,0,0,0,0,0,0,1,15,0,0,0,0,0,0,0,0,0,0,0,0,0,0,0,0,0,193,0,0,0,0,0,1609,252,5,288,8,15,1,197,1,0,222,8,7,0,469,2707,928,545
CARROLL_007-008,0,191,0,0,0,8,0,0,0,0,0,1,0,0,0,0,0,0,0,0,0,0,0,0,0,0,0,0,0,0,6,0,0,0,0,0,0,0,0,0,0,0,0,0,0,0,0,0,49,0,0,0,0,0,662,69,2,73,3,10,1,78,1,1,89,2,3,0,242,917,430,144
CARROLL_008-001,0,527,0,0,0,28,0,0,0,0,0,0,0,0,0,0,0,0,0,0,0,0,0,0,0,0,0,0,0,0,10,0,0,0,0,0,0,0,0,0,0,0,0,0,0,0,0,0,125,0,0,0,0,0,1807,171,6,197,7,15,2,205,0,1,201,2,2,0,651,2497,1086,374
CARROLL_008-002,0,407,0,0,0,25,0,0,0,0,0,1,0,0,0,0,0,0,0,0,0,0,0,0,0,0,0,0,0,0,4,0,0,0,0,1,0,0,0,0,0,0,0,0,0,0,0,0,100,0,0,0,0,0,1356,115,2,178,2,11,2,132,2,2,149,1,5,3,484,1894,793,295
CARROLL_008-003,0,388,0,0,0,20,0,0,0,0,2,2,0,0,0,0,0,0,0,0,0,0,0,0,0,0,0,0,0,0,4,0,0,0,0,0,0,0,0,0,0,0,0,0,0,0,0,0,86,0,0,0,0,0,1100,112,1,123,1,16,3,109,2,2,103,0,9,0,350,1602,595,236
CARROLL_009-001,0,466,0,0,0,18,0,0,0,0,0,0,0,0,0,0,0,0,0,0,0,0,0,0,0,0,0,0,0,0,14,0,0,0,0,0,0,0,0,0,0,0,0,0,0,0,0,0,94,0,0,0,0,0,1526,156,2,170,4,9,1,182,2,1,156,1,2,1,542,2118,901,328
CARROLL_009-002,0,238,0,0,0,14,0,0,0,0,0,0,0,0,0,0,0,0,0,0,0,0,0,0,0,0,0,0,0,0,1,0,0,0,0,0,0,0,0,0,0,0,0,0,0,0,0,0,41,0,0,1,0,0,779,75,1,74,0,8,1,100,1,0,52,1,0,1,236,1074,400,150
CARROLL_010-001,0,103,0,0,0,10,0,0,0,0,0,0,0,0,0,0,0,0,0,0,0,0,0,0,0,0,0,0,0,0,1,0,0,0,0,0,0,0,0,0,0,0,0,0,0,0,0,0,8,0,0,0,0,0,465,26,1,33,3,2,1,52,1,0,50,1,1,0,148,587,259,60
CARROLL_011-001,0,311,0,0,0,18,0,0,0,0,0,0,0,0,0,0,0,0,0,0,0,0,0,0,0,0,0,0,0,0,8,0,0,0,0,0,0,1,0,0,0,0,0,0,0,0,0,0,83,0,0,0,0,0,1172,94,0,111,6,16,4,120,0,0,113,0,7,0,362,1593,628,205
CARROLL_012-001,0,153,0,0,0,6,0,0,0,0,0,0,0,0,0,0,0,0,0,0,0,0,0,0,0,0,0,0,0,0,2,0,0,0,0,0,0,0,0,0,0,0,0,0,0,0,0,0,37,0,0,0,0,0,431,56,0,44,2,4,1,35,0,0,41,0,1,0,136,629,220,100
CARROLL_013-001,0,1322,0,0,0,44,0,0,0,0,0,3,1,0,0,0,0,0,0,0,0,0,0,0,1,0,0,0,0,0,24,0,0,0,0,0,0,0,0,0,0,0,0,0,0,0,0,0,238,0,0,1,0,0,2823,394,1,324,12,27,3,365,1,2,371,7,8,2,943,4457,1741,719
CARROLL_014-001,0,473,0,0,0,16,1,0,0,0,0,0,0,0,0,0,0,0,0,0,0,0,0,0,1,0,0,0,0,0,4,0,0,0,0,0,0,0,0,0,0,0,0,0,0,0,0,0,76,0,0,0,0,0,1135,146,2,167,1,15,2,121,2,2,142,2,4,1,402,1706,694,315
CARROLL_014-002,0,795,0,0,0,23,0,0,0,0,0,5,0,0,0,0,0,0,0,0,0,0,0,0,1,0,0,0,0,0,18,0,0,0,0,0,0,0,0,0,0,0,0,0,0,0,0,0,162,0,0,1,0,0,2168,249,2,276,2,21,2,274,2,2,270,3,12,0,652,3173,1240,527
CARROLL_014-003,0,117,0,0,0,10,0,0,0,0,0,0,0,0,0,0,0,0,0,0,0,0,0,0,0,0,0,0,0,0,1,0,0,0,0,0,0,0,0,0,0,0,0,0,0,0,0,0,12,0,0,0,0,0,347,33,1,31,0,4,1,51,0,1,28,0,2,0,80,487,167,65
CECIL_001-001,0,454,0,0,0,22,0,0,0,0,0,1,0,0,0,0,0,0,0,0,0,0,0,0,0,0,0,0,0,0,2,0,0,0,0,0,0,0,0,0,0,0,0,0,0,0,0,0,68,0,0,0,0,0,1176,143,4,139,2,10,5,85,0,2,85,2,4,0,362,1723,557,286
CECIL_002-001,0,295,0,0,0,19,0,0,0,0,0,1,0,0,0,0,0,0,0,0,0,0,0,0,0,0,0,0,0,0,1,0,0,0,0,0,0,0,0,0,0,0,0,0,0,0,0,0,55,0,0,0,0,0,686,100,1,97,0,5,2,60,1,2,48,3,1,1,221,1057,344,198
CECIL_002-002,0,272,0,0,0,11,0,0,0,0,0,0,0,0,0,0,0,0,0,0,0,0,0,0,0,0,0,0,0,0,4,0,0,0,0,0,0,0,0,0,0,0,0,0,0,0,0,0,39,0,0,0,0,0,572,93,1,68,1,2,2,40,0,1,33,2,2,1,178,898,262,162
CECIL_003-001,0,734,0,0,0,22,0,0,0,0,0,0,0,0,0,0,0,0,0,0,0,0,0,0,0,0,0,0,0,0,13,0,0,0,0,0,0,0,0,0,0,0,0,0,0,0,0,0,83,0,0,0,0,0,889,199,0,204,2,3,0,72,0,1,84,5,4,2,252,1741,425,403
CECIL_003-002,0,154,0,0,0,7,0,0,0,1,0,0,0,0,0,0,0,0,0,0,0,0,0,0,0,0,0,0,0,0,3,0,0,0,0,0,0,0,0,0,0,0,0,0,0,0,0,0,22,0,0,0,0,0,413,35,0,53,0,4,0,34,0,0,29,0,1,1,134,600,203,88
CECIL_003-003,0,487,0,0,0,22,0,0,0,0,0,0,0,0,0,0,0,1,0,0,0,0,0,0,1,0,0,0,0,0,3,0,0,0,0,0,0,0,0,0,0,0,0,0,0,0,0,0,46,0,0,0,0,0,805,139,1,134,2,5,3,94,2,0,51,2,1,1,187,1365,348,274
CECIL_003-004,0,38,0,0,0,0,0,0,0,0,0,0,0,0,0,0,0,0,0,0,0,0,0,0,0,0,0,0,0,0,0,0,0,0,0,0,0,0,0,0,0,0,0,0,0,0,0,0,2,0,0,0,0,0,126,15,0,9,0,0,0,19,0,0,7,0,0,0,31,166,57,24
CECIL_003-005,0,148,0,0,0,4,0,0,0,0,0,0,0,0,0,0,0,0,0,0,0,0,0,0,0,0,0,0,0,0,2,0,0,0,0,0,0,0,0,0,0,0,0,0,0,0,0,0,29,0,0,0,0,0,219,49,2,41,1,4,0,14,0,0,7,1,0,0,65,402,92,92
CECIL_003-006,0,232,0,0,0,8,0,0,0,0,0,0,0,0,0,0,0,0,0,0,0,0,0,0,0,0,0,0,0,0,5,0,0,0,0,0,0,0,0,0,0,0,0,0,0,0,0,0,40,0,0,0,0,0,700,56,1,81,1,5,0,58,0,1,59,0,2,0,203,985,329,138
CECIL_003-007,0,405,0,0,0,9,0,0,0,0,0,3,0,0,0,0,0,0,0,0,0,0,0,0,0,0,0,0,0,0,3,0,0,0,0,0,0,0,0,0,0,0,0,0,0,0,0,0,38,0,0,0,0,0,413,128,2,97,0,3,0,34,2,1,36,0,1,0,111,871,188,227
CECIL_004-001,0,657,0,0,0,34,0,0,0,0,0,0,0,0,0,0,0,0,0,0,0,0,0,0,0,0,0,0,0,1,6,0,0,0,0,0,0,0,0,0,0,0,0,0,0,0,0,0,90,0,0,0,0,0,1168,225,0,181,1,6,4,127,0,0,144,6,2,2,325,1956,617,406
CECIL_004-002,0,450,0,0,0,19,0,0,0,0,0,1,0,0,0,0,0,0,0,0,0,0,0,0,0,0,0,0,0,0,2,0,0,0,0,0,0,1,0,0,0,0,0,0,0,0,0,0,32,0,0,0,0,0,361,95,0,119,1,2,1,29,1,0,23,2,0,0,94,866,153,214
CECIL_005-001,0,244,0,0,0,13,0,0,0,0,0,0,0,0,0,0,0,0,0,0,0,0,0,0,0,0,0,0,0,0,2,0,0,0,0,0,0,0,0,0,0,0,0,0,0,0,0,0,39,0,0,0,0,0,700,105,1,78,0,2,0,39,2,0,57,1,2,0,189,998,292,184
CECIL_005-002,0,352,0,0,0,15,0,0,0,0,0,0,0,0,0,0,0,0,0,0,0,0,0,0,0,0,0,0,0,0,2,0,0,0,0,0,0,0,0,0,0,0,0,0,0,0,0,0,51,0,0,0,0,0,814,81,2,109,2,12,0,59,0,0,46,0,4,0,238,1234,361,192
CECIL_005-003,0,528,0,0,0,30,0,0,0,1,0,0,0,0,0,0,0,0,0,0,0,0,0,0,0,0,0,0,0,2,10,0,0,0,0,0,0,0,0,0,0,0,0,0,0,0,0,0,105,1,0,0,0,0,1542,149,3,183,5,14,2,157,0,2,177,6,3,0,519,2219,885,335
CECIL_005-004,0,299,0,0,0,16,0,0,0,0,0,0,0,0,0,0,0,0,0,0,0,0,0,0,0,0,0,0,0,0,4,0,0,0,0,0,0,0,0,0,0,0,0,0,0,0,0,0,50,0,0,0,0,0,461,77,2,98,1,2,2,37,0,1,35,0,1,0,114,830,193,177
CECIL_005-005,0,400,0,0,0,24,0,0,0,0,0,1,0,0,0,0,0,0,0,0,0,0,0,0,0,0,0,0,0,0,3,0,0,0,0,0,0,0,0,0,0,0,0,0,0,0,0,0,88,0,0,0,0,0,1341,116,3,165,3,10,2,135,1,1,64,3,6,1,356,1857,582,284
CECIL_005-006,0,92,0,0,0,5,0,0,0,0,0,0,0,0,0,0,0,0,0,0,0,0,0,0,0,0,0,0,0,1,0,0,0,0,0,0,0,0,0,0,0,0,0,0,0,0,0,0,25,0,0,1,0,0,175,27,0,26,1,1,0,29,0,0,23,1,0,0,61,299,116,53
CECIL_006-001,0,371,0,0,0,19,0,0,0,0,0,1,0,0,0,0,0,0,0,0,0,0,0,0,0,0,0,0,0,0,5,0,0,0,0,0,0,0,0,0,0,0,0,0,0,0,0,0,55,0,0,0,0,0,1611,112,7,176,2,15,1,123,2,1,109,1,3,0,483,2062,740,295
CECIL_006-002,0,301,0,0,0,23,0,0,0,0,0,2,0,0,0,0,0,0,0,0,0,0,0,0,0,0,0,0,0,0,8,0,0,0,0,0,0,0,0,0,0,0,0,0,0,0,0,0,58,0,0,0,0,0,1322,114,2,133,2,8,2,116,0,2,60,1,5,0,412,1714,608,249
CECIL_006-003,0,57,0,0,0,4,0,0,0,0,0,0,0,0,0,0,0,0,0,0,0,0,0,0,0,0,0,0,0,0,2,0,0,0,0,0,0,0,0,0,0,0,0,0,0,0,0,0,11,0,0,0,0,0,360,17,1,28,1,3,0,35,0,0,16,0,0,0,97,434,152,46
CECIL_007-001,0,348,0,0,0,18,0,0,0,0,0,4,0,0,0,0,0,0,0,0,0,0,0,0,0,0,0,0,0,0,5,0,0,0,0,0,0,0,0,0,0,0,0,0,0,0,0,0,54,0,0,0,0,0,1191,120,3,128,3,11,0,141,0,0,77,4,4,0,376,1620,616,251
CECIL_007-002,0,587,0,0,0,28,0,0,0,0,0,0,0,0,0,0,0,0,0,0,0,0,0,0,0,0,0,0,0,0,3,0,0,0,0,0,0,0,0,0,0,0,0,0,0,0,0,0,57,0,0,0,0,0,1116,204,4,166,0,8,2,92,2,1,98,2,1,0,312,1791,518,374
CECIL_007-003,0,111,0,0,0,8,0,0,0,0,0,0,0,0,0,0,0,0,0,0,0,0,0,0,0,0,0,0,0,0,2,0,0,0,0,0,0,0,0,0,0,0,0,0,0,0,0,0,16,0,0,0,0,0,235,38,0,34,0,3,0,12,0,0,17,2,1,0,71,372,106,72
CECIL_007-004,0,38,0,0,0,3,0,0,0,0,0,0,0,0,0,0,0,0,0,0,0,0,0,0,0,0,0,0,0,0,3,0,0,0,0,0,0,0,0,0,0,0,0,0,0,0,0,0,9,0,0,0,0,0,146,14,0,17,1,0,0,24,0,1,7,0,0,0,51,199,84,31
CECIL_008-001,0,259,0,0,0,18,0,0,0,0,0,0,0,0,0,0,0,0,0,0,0,0,0,0,0,0,0,0,0,1,2,0,0,0,0,0,0,1,0,0,0,0,0,0,0,0,0,0,41,0,0,0,0,0,1292,69,3,120,2,10,2,106,2,2,58,0,0,0,362,1614,544,192
CECIL_009-001,0,178,0,0,0,22,0,0,0,0,0,0,0,0,0,0,0,0,0,0,0,0,0,0,0,0,0,0,0,0,7,0,0,0,0,0,0,0,0,0,0,0,0,0,0,0,0,0,35,0,0,0,0,0,773,61,1,65,3,5,1,126,1,1,61,1,0,0,259,1015,458,127
CECIL_009-002,0,154,0,0,0,9,0,0,0,0,0,0,0,0,0,0,0,0,0,0,0,0,0,0,0,0,0,0,0,1,4,0,0,0,0,0,0,0,0,0,0,0,0,0,0,0,0,0,35,0,0,0,0,1,573,50,1,60,0,3,1,76,0,0,45,2,0,0,158,777,285,111
CHARLES_001-001,0,557,0,0,0,15,0,0,0,0,0,0,0,0,0,0,0,0,0,0,0,0,0,0,0,0,0,0,0,0,7,0,0,0,0,0,0,0,0,0,0,0,0,0,0,0,0,0,40,0,0,0,0,0,471,258,1,141,2,3,1,65,0,0,73,0,3,1,187,1090,335,400
CHARLES_001-002,0,342,0,0,0,8,0,0,0,0,0,1,0,0,0,0,0,0,0,0,0,0,0,0,0,0,0,0,0,0,4,0,0,0,0,0,0,0,0,0,0,0,0,0,0,0,0,0,37,0,0,0,0,0,674,165,1,110,1,0,0,78,0,1,58,2,2,0,257,1066,399,276
CHARLES_001-003,0,473,0,0,0,22,0,0,0,0,0,0,0,0,0,0,0,0,0,0,0,0,0,0,0,0,0,0,0,0,7,0,0,0,0,0,0,0,0,0,0,0,0,0,0,0,0,0,56,0,0,0,0,0,575,205,5,134,2,2,3,59,1,2,65,0,4,1,180,1133,319,344
CHARLES_001-004,0,319,0,0,0,7,0,0,0,0,0,0,0,0,0,0,0,0,0,0,0,0,0,0,0,0,0,0,0,0,5,0,0,0,0,0,0,0,0,0,0,0,0,0,0,0,0,0,30,0,0,0,0,0,585,137,2,87,2,4,1,66,2,2,48,1,1,0,201,946,328,226
CHARLES_002-001,0,216,0,0,0,8,0,0,0,0,0,1,0,0,0,0,0,0,0,0,0,0,0,0,0,0,0,0,0,0,0,0,0,0,0,0,0,0,0,0,0,0,0,0,0,0,0,0,20,0,0,0,0,0,523,102,1,50,1,2,0,35,1,0,31,1,2,0,166,768,239,153
CHARLES_003-001,0,518,0,0,0,4,0,0,0,0,0,0,0,0,0,0,0,0,0,0,0,0,0,0,0,0,0,0,0,0,1,0,0,0,0,0,0,0,0,0,0,0,0,0,0,0,0,0,20,0,0,0,0,0,708,191,1,72,1,2,1,55,0,0,26,1,2,0,200,1251,288,264
CHARLES_004-001,0,306,0,0,0,8,0,0,0,0,0,2,0,0,0,0,0,0,0,0,0,0,0,0,0,0,0,0,0,0,6,0,0,0,0,0,0,0,0,0,0,0,0,0,0,0,0,0,36,0,0,0,0,0,897,120,1,104,2,2,0,78,0,0,52,1,1,0,247,1255,383,225
CHARLES_004-002,0,196,0,0,0,6,0,0,0,0,0,0,0,0,0,0,0,0,0,0,0,0,0,0,0,0,0,0,0,0,0,0,0,0,0,0,0,0,0,0,0,0,0,0,0,0,0,0,29,0,0,0,0,0,609,68,0,53,1,0,0,67,0,0,44,0,2,0,189,840,303,121
CHARLES_005-001,0,504,0,0,0,9,0,0,0,0,0,1,0,0,0,0,0,0,0,0,0,0,0,0,0,0,0,0,0,0,3,0,0,0,0,0,0,0,0,0,0,0,0,0,0,0,0,0,38,0,0,0,0,0,1018,203,3,125,2,5,0,75,0,0,55,3,0,1,332,1573,473,331
CHARLES_006-001,0,422,0,0,0,16,0,0,0,0,0,2,0,0,0,0,0,0,0,0,0,0,0,0,0,0,0,0,0,0,6,0,0,0,0,0,0,0,0,0,0,0,0,0,0,0,0,0,35,0,0,0,0,0,584,208,3,109,3,5,0,73,3,2,56,3,0,0,189,1065,334,320
CHARLES_006-002,0,761,0,0,0,10,0,0,0,0,0,0,0,0,0,0,0,0,0,0,0,0,0,0,0,0,0,0,0,0,3,0,0,0,0,0,0,0,0,0,0,0,0,0,0,0,0,0,26,0,0,0,0,0,584,500,3,156,1,4,0,72,1,0,52,1,0,0,188,1384,319,659
CHARLES_006-003,0,758,0,0,0,16,0,0,0,0,0,0,0,0,0,0,0,0,0,0,0,0,0,0,0,0,0,0,0,0,1,0,0,0,0,0,0,0,0,0,0,0,0,0,0,0,0,0,13,0,0,0,0,0,188,365,1,146,1,1,0,22,0,2,9,0,3,0,50,976,88,512
CHARLES_006-004,0,987,0,0,0,21,0,0,0,0,0,0,0,0,0,0,0,0,0,0,0,0,0,0,0,0,0,0,0,0,4,0,0,0,0,0,0,0,0,0,0,0,0,0,0,0,0,0,28,0,0,1,0,0,248,523,1,203,1,0,1,34,2,1,19,1,1,0,63,1289,123,727
CHARLES_006-005,0,1172,0,0,0,14,0,0,0,0,0,0,0,0,0,0,0,0,0,0,0,0,0,0,0,0,0,0,0,0,2,0,0,0,0,0,0,0,0,0,0,0,0,0,0,0,0,0,25,0,0,0,0,0,132,484,1,172,1,1,1,19,0,0,14,0,0,1,32,1345,69,657
CHARLES_006-006,0,895,0,0,0,14,0,0,0,0,0,1,0,0,0,0,0,0,0,0,0,0,0,0,0,0,0,0,0,0,4,0,0,0,0,0,0,0,0,0,0,0,0,0,0,0,0,0,43,0,0,0,0,0,484,395,1,162,0,5,2,49,0,0,30,2,5,1,137,1441,231,558
CHARLES_006-007,0,1048,0,0,0,15,0,0,0,0,0,0,0,0,0,0,0,0,0,0,0,0,0,0,0,0,0,0,0,0,1,0,0,0,0,0,0,0,0,0,0,0,0,0,0,0,0,0,22,0,0,0,0,0,283,371,3,154,2,6,1,36,1,0,11,0,2,0,79,1369,138,528
CHARLES_006-008,0,675,0,0,0,17,0,0,0,0,0,0,0,0,0,0,0,0,0,0,0,0,0,0,0,0,0,0,0,0,5,0,0,0,0,0,0,0,0,0,0,0,0,0,0,0,0,0,10,0,0,0,0,0,189,258,1,114,4,3,0,19,0,0,16,0,1,0,51,896,94,373
CHARLES_006-009,0,802,0,0,0,9,0,0,0,0,0,0,0,0,0,0,1,0,0,0,0,0,0,0,0,0,0,0,0,0,2,0,0,0,0,0,0,0,0,0,0,0,0,0,0,0,0,0,16,0,0,0,0,0,196,322,0,150,0,4,0,20,0,0,9,0,0,0,58,1026,91,472
CHARLES_006-010,0,1049,0,0,0,14,0,0,0,0,0,0,0,0,0,0,0,0,0,0,0,0,0,0,0,0,0,0,0,0,1,0,0,0,0,0,0,0,0,0,0,0,0,0,0,0,0,0,24,0,0,0,0,0,238,591,1,188,0,1,0,28,1,2,29,1,2,0,63,1326,127,780
CHARLES_006-011,0,655,0,0,0,4,0,0,0,0,0,1,0,0,0,0,0,0,0,0,0,0,0,0,0,0,0,0,0,0,1,0,0,0,0,0,0,0,0,0,0,0,0,0,0,0,0,0,12,0,0,0,0,0,223,328,1,136,1,4,0,27,0,2,19,0,2,1,42,896,98,465
CHARLES_006-012,0,428,0,0,0,5,0,0,0,0,0,0,0,0,0,0,0,0,0,0,0,0,0,0,0,0,0,0,0,0,6,0,0,0,0,0,0,0,0,0,0,0,0,0,0,0,0,0,13,0,0,0,0,0,143,189,0,72,1,1,0,14,0,0,9,0,0,0,35,595,60,261
CHARLES_006-013,0,1088,0,0,0,16,0,0,0,0,0,0,0,0,0,0,0,0,1,0,0,0,0,0,0,0,0,0,0,0,3,0,0,0,0,0,0,0,0,0,1,0,0,0,0,0,0,0,42,0,0,0,0,0,401,499,2,197,1,3,1,59,1,2,37,0,3,1,124,1552,232,698
CHARLES_006-014,0,978,0,0,0,22,0,0,0,0,1,0,0,0,0,0,0,0,0,0,0,0,0,0,0,0,0,0,0,0,5,0,0,0,0,0,0,0,0,0,0,0,0,0,0,0,0,0,36,0,0,0,0,0,334,567,1,208,1,1,1,50,0,1,44,0,2,0,113,1376,213,776
CHARLES_006-015,0,817,0,0,0,12,0,0,0,0,0,0,0,0,0,0,0,0,0,0,0,0,0,0,0,0,0,0,0,0,1,0,0,0,0,0,0,0,0,0,0,0,0,0,0,0,0,0,22,0,0,0,0,0,128,327,1,154,0,1,0,13,0,0,15,1,1,0,44,980,75,482
CHARLES_006-016,0,533,0,0,0,11,0,0,0,0,0,0,0,0,0,0,0,0,0,0,0,0,0,0,0,0,0,0,0,0,1,0,0,0,0,0,0,0,0,0,0,0,0,0,0,0,0,0,37,0,0,0,0,0,184,263,2,98,0,4,1,27,0,0,26,0,4,0,54,766,116,363
CHARLES_006-017,0,467,0,0,0,12,0,0,0,0,0,1,0,0,0,0,0,0,0,0,0,0,0,0,0,0,0,0,0,0,3,0,0,0,0,0,0,0,0,0,0,0,0,0,0,0,0,0,25,0,0,0,0,0,193,178,1,85,1,2,0,27,0,0,23,0,3,1,53,701,110,264
CHARLES_006-018,0,1013,0,0,0,16,0,0,0,0,0,0,0,0,0,0,0,0,0,0,0,0,0,0,0,0,0,0,0,0,0,0,0,0,0,0,0,0,0,0,0,0,0,0,0,0,0,0,19,0,0,0,0,0,117,514,0,243,0,1,0,17,0,1,12,0,3,1,23,1165,58,757
CHARLES_006-019,0,667,0,0,0,11,0,0,0,0,0,2,0,0,0,0,0,0,0,0,0,0,0,0,0,0,0,0,0,0,2,0,0,0,0,0,0,0,0,0,0,0,0,0,0,0,0,0,31,0,0,0,0,0,301,330,0,132,3,4,1,36,1,1,32,1,6,1,96,1014,182,462
CHARLES_006-020,0,383,0,0,0,7,0,0,0,0,0,0,0,0,0,0,0,0,0,1,0,0,0,0,0,0,0,0,0,0,1,0,0,0,0,0,0,0,0,0,0,0,0,0,0,0,0,0,19,0,0,0,0,0,172,161,0,86,1,0,0,25,1,0,14,0,0,0,59,583,100,247
CHARLES_006-021,0,448,0,0,0,5,0,0,0,0,0,2,0,0,0,0,0,0,0,0,0,0,0,0,0,0,0,0,0,0,3,0,0,0,0,0,0,0,0,0,0,0,0,0,0,0,0,0,18,0,0,0,0,0,126,253,0,95,2,3,0,19,0,0,30,0,1,0,42,602,97,348
CHARLES_006-022,0,680,0,0,0,14,0,0,0,0,0,0,0,0,0,0,0,1,0,0,0,0,0,0,0,0,0,0,1,0,0,0,0,0,0,0,0,0,0,0,0,0,0,0,0,0,0,0,12,0,0,0,1,0,133,248,1,112,0,2,0,13,0,0,2,0,0,0,35,842,52,361
CHARLES_007-001,0,203,0,0,0,2,0,0,0,0,0,0,0,0,0,0,0,0,0,0,0,0,0,0,0,0,0,0,0,0,4,0,0,0,0,0,0,0,0,0,0,0,0,0,0,0,0,0,14,0,0,0,0,0,336,83,1,51,0,3,0,25,1,0,16,0,1,1,98,559,145,135
CHARLES_007-002,0,975,0,0,0,21,0,0,0,0,0,0,0,0,0,0,0,0,0,0,0,0,0,0,0,0,0,0,0,0,2,0,0,0,0,0,0,0,0,0,0,0,0,0,0,0,0,0,37,0,0,0,0,0,323,325,2,147,3,3,0,34,1,0,19,0,2,0,98,1358,160,474
CHARLES_007-003,0,1038,0,0,0,22,0,0,0,0,0,1,0,0,0,0,0,0,0,0,0,0,0,0,0,0,0,0,0,0,1,0,0,0,0,0,0,0,0,0,0,0,0,0,0,0,0,0,23,0,0,0,0,0,436,473,3,151,3,1,0,42,0,1,16,1,0,0,104,1521,168,627
CHARLES_007-004,0,931,0,0,0,16,0,0,0,0,0,0,0,0,0,0,0,0,0,0,0,0,0,0,0,0,0,0,0,0,2,0,0,0,0,0,0,0,0,0,0,0,0,0,0,0,0,0,23,0,0,0,0,0,281,414,1,149,0,0,2,34,0,0,13,1,1,0,88,1253,139,564
CHARLES_008-001,0,630,0,0,0,10,0,0,0,0,0,1,0,0,0,0,0,0,0,0,0,0,0,0,0,0,0,0,0,0,8,0,0,0,0,0,0,0,0,0,0,0,0,0,0,0,0,0,49,0,0,0,0,0,1025,273,3,148,1,5,2,109,0,2,84,3,5,0,309,1723,520,424
CHARLES_008-002,0,579,0,0,0,9,0,0,0,0,0,0,0,0,0,0,0,0,0,0,0,0,0,0,0,0,0,0,0,0,5,0,0,0,0,0,0,0,0,0,0,0,0,0,0,0,0,0,34,0,0,1,0,0,458,293,2,115,1,1,0,65,0,0,29,0,2,1,151,1086,250,410
CHARLES_008-003,0,520,0,0,0,13,0,0,0,0,0,0,0,0,0,0,0,0,0,0,0,0,0,0,0,0,0,0,0,0,2,0,0,0,0,0,0,0,0,0,0,0,0,0,0,0,0,0,26,0,0,0,0,0,341,224,1,104,2,0,0,34,0,1,21,0,0,0,102,902,160,329
CHARLES_008-004,0,666,0,0,0,19,0,0,0,0,0,0,0,0,0,0,0,0,0,0,0,0,0,0,0,0,0,0,0,0,3,0,0,0,0,0,0,0,0,0,0,0,0,0,0,0,0,0,37,0,0,0,0,0,595,305,2,162,1,3,1,61,0,0,51,0,2,0,206,1320,325,469
CHARLES_008-005,0,62,0,0,0,1,0,0,0,0,0,0,0,0,0,0,0,0,0,0,0,0,0,0,0,0,0,0,0,0,3,0,0,0,0,0,0,0,0,0,0,0,0,0,0,0,0,0,7,0,0,0,0,0,145,22,1,21,0,0,1,9,1,0,12,0,1,0,46,218,70,44
CHARLES_009-001,0,491,0,0,0,9,0,1,0,0,0,0,0,0,0,0,0,0,0,0,0,0,0,0,0,0,0,0,0,0,2,0,0,0,0,0,0,0,0,0,0,0,0,0,0,0,0,0,29,0,0,0,0,0,554,295,2,95,0,4,1,65,1,0,29,0,2,1,180,1086,283,392
CHARLES_009-002,0,414,0,0,0,7,0,0,0,0,0,0,0,0,0,0,0,0,0,0,0,0,0,0,0,0,0,0,0,0,3,0,0,0,0,0,0,0,0,0,0,0,0,0,0,0,0,0,31,0,0,0,1,0,786,176,4,106,0,2,0,62,1,0,51,0,3,1,228,1242,348,286
CHARLES_010-001,0,725,0,0,0,11,0,0,0,0,0,1,0,0,0,0,0,0,0,0,0,0,0,0,0,0,0,0,0,0,7,0,0,0,0,0,0,0,0,0,0,0,0,0,0,0,0,0,28,0,0,0,0,0,593,297,6,135,1,4,2,56,0,0,28,2,2,1,160,1365,256,438
DORCHESTER_001-001,0,134,0,0,0,2,0,0,0,0,0,0,0,0,0,0,0,0,0,0,0,0,0,0,0,0,0,0,0,0,1,0,0,0,0,0,0,0,0,0,0,0,0,0,0,0,0,0,11,0,0,0,0,0,545,53,1,32,0,9,3,41,0,2,29,0,1,0,219,693,304,86
DORCHESTER_002-001,0,125,0,0,0,8,0,0,0,0,0,0,0,0,0,0,0,0,0,0,0,0,0,0,0,0,0,0,0,0,0,0,0,0,0,0,0,0,0,0,0,0,0,0,0,0,0,0,16,0,0,0,0,0,601,44,4,50,1,3,1,40,0,0,26,0,0,0,247,750,318,98
DORCHESTER_002-002,0,55,0,0,0,2,0,0,0,0,0,0,0,0,0,0,0,0,0,0,0,0,0,0,0,0,0,0,0,0,0,0,0,0,0,0,0,0,0,0,0,0,0,0,0,0,0,0,3,0,0,0,0,0,41,31,0,7,1,0,0,2,0,0,1,0,0,0,16,101,20,38
DORCHESTER_002-003,0,4,0,0,0,1,0,0,0,0,0,0,0,0,0,0,0,0,0,0,0,0,0,0,0,0,0,0,0,0,0,0,0,0,0,0,0,0,0,0,0,0,0,0,0,0,0,0,0,0,0,0,0,0,54,3,1,5,0,0,0,5,0,0,4,0,1,0,32,59,42,9
DORCHESTER_002-004,0,24,0,0,0,0,0,0,0,0,0,0,0,0,0,0,0,0,0,0,0,0,0,0,0,0,0,0,0,0,0,0,0,0,0,0,0,0,0,0,0,0,0,0,0,0,0,0,2,0,0,0,0,0,98,4,0,4,0,0,0,6,0,0,1,0,0,0,31,124,38,8
DORCHESTER_003-001,0,48,0,0,0,0,0,0,0,0,0,0,0,0,0,0,0,0,0,0,0,0,0,0,0,0,0,0,0,0,0,0,0,0,0,0,0,0,0,0,0,0,0,0,0,0,0,0,2,0,0,0,0,0,113,17,0,19,0,1,0,4,0,0,9,0,0,0,45,163,59,36
DORCHESTER_003-002,0,101,0,0,0,3,0,0,0,0,0,0,0,0,0,0,0,0,0,0,0,0,0,0,0,0,0,0,0,0,0,0,0,0,0,0,0,0,0,0,0,0,0,0,0,0,0,0,5,0,0,0,0,0,91,42,1,16,0,1,0,3,0,0,2,0,1,0,41,200,48,59
DORCHESTER_004-001,0,28,0,0,0,0,0,0,0,0,0,0,0,0,0,0,0,0,0,0,0,0,0,0,0,0,0,0,0,0,0,0,0,0,0,0,0,0,0,0,0,0,0,0,0,0,0,0,2,0,0,0,0,0,77,14,0,10,0,0,0,3,0,0,11,1,1,0,37,107,53,24
DORCHESTER_005-001,0,15,0,0,0,1,0,0,0,0,0,0,0,0,0,0,0,0,0,0,0,0,0,0,0,0,0,0,0,0,0,0,0,0,0,0,0,0,0,0,0,0,0,0,0,0,0,0,0,0,0,0,0,0,95,8,0,6,0,1,0,5,0,0,7,0,0,0,34,111,47,14
DORCHESTER_006-001,0,21,0,0,0,0,0,0,0,0,0,0,0,0,0,0,0,0,0,0,0,0,0,0,0,0,0,0,0,0,0,0,0,0,0,0,0,0,0,0,0,0,0,0,0,0,0,0,2,0,0,0,0,0,167,22,2,13,2,0,0,6,0,0,4,0,1,0,59,190,72,37
DORCHESTER_007-001,0,121,0,0,0,5,0,0,0,0,0,0,0,0,0,0,0,0,0,0,0,0,0,0,0,0,0,0,0,0,1,0,0,0,0,0,0,0,0,0,0,0,0,0,0,0,0,0,13,0,0,0,0,0,194,44,1,36,0,1,0,14,0,0,16,0,5,0,68,334,104,81
DORCHESTER_007-002,0,1037,0,0,0,4,0,0,0,0,0,0,0,0,0,0,0,0,0,0,0,0,0,0,0,0,0,0,0,0,0,0,0,0,0,0,0,0,0,0,0,0,0,0,0,0,0,0,21,0,0,0,0,0,140,419,0,112,1,1,1,9,1,0,6,0,1,0,37,1202,57,531
DORCHESTER_007-003,0,45,0,0,0,2,0,0,0,0,0,0,0,0,0,0,0,0,0,0,0,0,0,0,0,0,0,0,0,0,1,0,0,0,0,0,0,0,0,0,0,0,0,0,0,0,0,0,4,0,0,0,0,0,198,21,0,16,0,1,0,15,1,0,26,0,0,0,95,250,138,37
DORCHESTER_007-004,0,99,0,0,0,4,0,0,0,0,0,0,0,0,0,0,0,0,0,0,0,0,0,0,0,0,0,0,0,0,1,0,0,0,0,0,0,0,0,0,0,0,0,0,0,0,0,0,5,0,0,0,0,0,72,36,0,16,0,2,0,2,0,0,6,0,1,0,28,181,39,52
DORCHESTER_007-005,0,56,0,0,0,0,0,0,0,0,0,0,0,0,0,0,0,0,0,0,0,0,0,0,0,0,0,0,0,0,0,0,0,0,0,0,0,0,0,0,0,0,0,0,0,0,0,0,1,0,0,0,0,0,22,18,1,11,0,0,0,1,0,0,0,0,0,0,5,79,6,30
DORCHESTER_007-006,1,292,0,0,0,11,0,0,0,0,0,0,0,0,0,0,0,0,0,0,0,0,0,0,0,0,0,0,0,1,1,0,0,0,0,0,0,0,0,0,0,0,0,0,0,0,0,0,32,0,0,0,0,0,602,150,2,135,4,8,1,44,2,0,85,0,1,1,254,940,400,287
DORCHESTER_007-007,0,98,0,0,0,0,0,0,0,0,0,0,0,0,0,0,0,0,0,0,0,0,0,0,0,0,0,0,0,0,0,0,0,0,0,0,0,0,0,0,0,0,0,0,0,0,0,0,2,0,0,0,0,0,24,40,0,15,0,0,1,0,0,0,1,0,0,0,6,124,8,55
DORCHESTER_007-008,0,7,0,0,0,0,0,0,0,0,0,0,0,0,0,0,0,0,0,0,0,0,0,0,0,0,0,0,0,0,0,0,0,0,0,0,0,0,0,0,0,0,0,0,0,0,0,0,0,0,0,0,0,0,14,2,0,0,0,0,0,0,0,0,0,0,0,0,6,21,6,2
DORCHESTER_007-009,0,239,0,0,0,6,0,0,0,0,0,0,0,0,0,0,0,0,0,0,0,0,0,0,0,0,0,0,0,1,0,0,0,0,0,0,0,3,0,0,0,0,0,0,0,0,0,0,8,0,0,0,0,0,206,97,0,27,0,0,0,15,0,0,8,0,0,0,66,463,89,124
DORCHESTER_007-010,0,62,0,0,0,0,0,0,0,0,0,0,0,0,0,0,0,0,0,0,0,0,0,0,0,0,0,0,0,0,0,0,0,0,0,0,0,0,0,0,0,0,0,0,0,0,0,0,4,0,0,0,0,0,30,26,0,7,0,0,0,4,0,0,6,0,0,0,7,96,17,33
DORCHESTER_007-011,0,5,0,0,0,0,0,0,0,0,0,0,0,0,0,0,0,0,0,0,0,0,0,0,0,0,0,0,0,0,0,0,0,0,0,0,0,0,0,0,0,0,0,0,0,0,0,0,0,0,0,0,0,0,13,0,0,0,0,0,0,2,0,0,5,0,0,0,6,18,13,0
DORCHESTER_008-001,0,97,0,0,0,4,0,0,0,0,0,0,0,0,0,0,0,0,0,0,0,0,0,0,0,0,0,0,0,0,1,0,0,0,0,0,0,0,0,0,0,0,0,0,0,0,0,0,10,0,0,0,0,0,272,44,0,35,1,1,0,12,1,2,27,0,1,0,114,384,159,79
DORCHESTER_009-001,0,52,0,0,0,2,0,0,0,0,0,0,0,0,0,0,0,0,0,0,0,0,0,0,0,0,0,0,0,0,1,0,0,0,0,0,0,0,0,0,0,0,0,0,0,0,0,0,7,0,0,0,0,0,232,24,3,25,0,1,0,20,0,1,18,1,0,0,84,294,125,52
DORCHESTER_010-001,0,27,0,0,0,3,0,0,0,0,0,0,0,0,0,0,0,0,0,0,0,0,0,0,0,0,0,0,0,0,0,0,0,0,0,0,0,0,0,0,0,0,0,0,0,0,0,0,3,0,0,0,0,0,88,12,1,11,0,0,0,13,0,0,1,0,0,0,29,121,43,24
DORCHESTER_011-001,0,5,0,0,0,0,0,0,0,0,0,0,0,0,0,0,0,0,0,0,0,0,0,0,0,0,0,0,0,0,0,0,0,0,0,0,0,0,0,0,0,0,0,0,0,0,0,0,1,0,0,0,0,0,24,3,0,2,0,0,0,1,0,0,2,0,0,0,12,30,15,5
DORCHESTER_012-001,0,54,0,0,0,1,0,0,0,0,0,0,0,0,0,0,0,0,0,0,0,0,0,0,0,0,0,0,0,0,0,0,0,0,0,0,0,0,0,0,0,0,0,0,0,0,0,0,2,0,0,0,0,0,124,22,1,12,1,1,0,7,0,0,4,0,0,0,26,181,39,35
DORCHESTER_012-002,0,108,0,0,0,3,0,0,0,0,0,0,0,0,0,0,0,0,0,0,0,0,0,0,0,0,0,0,0,0,0,0,0,0,0,0,0,0,0,0,0,0,0,0,0,0,0,0,3,0,0,0,0,0,72,39,0,7,0,0,0,8,0,0,2,0,0,0,14,186,24,46
DORCHESTER_013-001,0,8,0,0,0,1,0,0,0,0,0,0,0,0,0,0,0,0,0,0,0,0,0,0,0,0,0,0,0,0,1,0,0,0,0,0,0,0,0,0,0,0,0,0,0,0,0,0,2,0,0,0,0,0,107,4,1,14,0,1,0,17,0,0,11,0,0,0,44,119,73,19
DORCHESTER_013-002,0,44,0,0,0,0,0,0,0,0,0,0,0,0,0,0,0,0,0,0,0,0,0,0,0,0,0,0,0,0,0,0,0,0,0,0,0,0,0,0,0,0,0,0,0,0,0,0,0,0,0,0,0,0,32,22,0,5,0,0,0,5,0,0,0,0,0,0,15,76,20,27
DORCHESTER_014-001,0,81,0,0,0,2,0,0,0,0,0,0,0,0,0,0,0,0,0,0,0,0,0,0,0,0,0,0,0,0,0,0,0,0,0,0,0,0,0,0,0,0,0,0,0,0,0,0,14,0,0,0,0,0,416,50,3,31,0,1,0,29,0,0,20,1,0,0,172,513,223,84
DORCHESTER_014-002,0,11,0,0,0,0,0,0,0,0,0,0,0,0,0,0,0,0,0,0,0,0,0,0,0,0,0,0,0,0,0,0,0,0,0,0,0,0,0,0,0,0,0,0,0,0,0,0,0,0,0,0,0,0,23,5,1,2,0,0,0,1,0,0,1,0,0,0,6,34,8,8
DORCHESTER_014-003,0,71,0,0,0,2,0,0,0,0,0,0,0,0,0,0,0,0,0,0,0,0,0,0,0,0,0,0,0,0,0,0,0,0,0,0,0,0,0,0,0,0,0,0,0,0,0,0,8,0,0,0,0,0,240,36,0,31,0,0,0,7,0,0,16,0,0,0,126,321,149,67
DORCHESTER_014-004,0,0,0,0,0,0,0,0,0,0,0,0,0,0,0,0,0,0,0,0,0,0,0,0,0,0,0,0,0,0,0,0,0,0,0,0,0,0,0,0,0,0,0,0,0,0,0,0,0,0,0,0,0,0,0,0,0,0,0,0,0,0,0,0,0,0,0,0,0,0,0,0
DORCHESTER_015-001,0,206,0,0,0,4,0,0,0,0,0,2,0,0,0,0,0,0,0,0,0,0,0,0,0,0,0,0,0,0,1,0,0,0,0,0,0,0,0,0,0,0,0,0,0,0,0,0,29,0,0,0,0,0,635,89,2,51,1,5,0,30,1,0,36,2,2,0,218,877,295,142
DORCHESTER_015-002,0,10,0,0,0,0,0,0,0,0,0,0,0,0,0,0,0,0,0,0,0,0,0,0,0,0,0,0,0,0,0,0,0,0,0,0,0,0,0,0,0,0,0,0,0,0,0,0,2,0,0,0,0,0,39,4,1,3,0,0,0,0,0,0,3,0,0,0,18,51,21,8
DORCHESTER_015-003,0,378,0,0,0,2,0,0,0,0,0,0,0,0,0,0,0,0,0,0,0,0,0,0,0,0,0,0,0,0,3,0,0,0,0,0,0,0,0,0,0,0,0,0,0,0,0,0,12,0,0,0,0,0,184,133,0,34,0,3,1,16,0,0,3,0,0,0,64,579,87,167
DORCHESTER_016-001,0,40,0,0,0,4,0,0,0,0,0,0,0,0,0,0,0,0,0,0,0,0,0,0,0,0,0,0,0,0,1,0,0,0,0,0,0,0,0,0,0,0,0,0,0,0,0,0,8,0,0,0,0,0,184,9,0,13,0,0,0,12,0,0,14,0,0,0,73,237,99,22
DORCHESTER_017-001,0,27,0,0,0,0,0,0,0,0,0,0,0,0,0,0,0,0,0,0,0,0,0,0,0,0,0,0,0,0,0,0,0,0,0,0,0,0,0,0,0,0,0,0,0,0,0,0,2,0,0,0,0,0,61,12,1,7,1,0,0,1,0,0,5,0,0,0,24,90,31,20
DORCHESTER_017-002,0,2,0,0,0,0,0,0,0,0,0,0,0,0,0,0,0,0,0,0,0,0,0,0,0,0,0,0,0,0,0,0,0,0,0,0,0,0,0,0,0,0,0,0,0,0,0,0,1,0,0,0,0,0,17,1,0,5,0,0,0,2,0,0,1,0,0,0,3,20,6,6
DORCHESTER_018-001,0,7,0,0,0,1,0,0,0,0,0,0,0,0,0,0,0,0,0,0,0,0,0,0,0,0,0,0,0,0,0,0,0,0,0,0,0,0,0,0,0,0,0,0,0,0,0,0,0,0,0,0,0,0,18,2,0,3,0,0,0,0,0,0,0,0,0,0,14,26,14,5
FREDERICK_001-001,0,582,0,0,0,23,0,0,0,0,0,2,0,0,0,0,0,0,0,0,0,0,0,0,0,0,0,0,0,0,16,0,0,1,0,0,0,0,0,0,0,0,0,0,0,0,0,0,70,0,0,0,0,0,879,237,2,128,3,8,0,150,2,1,127,1,2,0,307,1573,601,367
FREDERICK_001-002,0,953,0,0,0,38,0,0,0,0,0,0,0,0,0,0,0,0,0,0,0,0,1,0,0,0,0,0,0,0,12,0,0,0,0,0,0,0,0,0,0,0,0,0,0,0,0,1,97,1,0,0,0,0,695,224,1,244,1,6,0,92,0,0,88,0,6,0,157,1798,350,469
FREDERICK_001-003,0,398,0,0,0,12,0,0,0,0,0,0,0,0,0,0,0,0,0,0,0,0,0,0,0,0,0,0,0,0,10,0,0,0,0,0,0,0,0,0,0,0,0,0,0,0,0,0,58,0,0,0,0,0,518,137,2,128,2,1,1,84,0,0,63,0,3,0,137,996,291,267
FREDERICK_002-001,0,952,0,0,0,29,0,0,0,0,0,0,0,0,0,0,0,0,0,0,0,0,0,0,0,0,0,0,0,0,12,0,0,0,0,0,0,0,0,0,0,0,0,0,0,0,0,0,69,0,0,0,0,0,404,257,2,239,3,4,0,57,1,0,55,1,4,0,99,1466,224,498
FREDERICK_002-002,0,302,0,0,0,12,0,0,0,0,0,0,0,0,0,0,0,0,0,0,0,0,0,0,0,0,0,0,0,0,3,0,0,0,0,0,0,0,0,0,0,0,0,0,0,0,0,0,29,0,0,0,0,0,176,82,0,110,1,5,0,34,0,0,15,2,1,0,52,522,110,192
FREDERICK_002-003,0,837,0,0,0,31,0,0,0,0,1,0,0,0,0,0,0,0,0,0,0,0,0,0,0,0,0,0,0,0,10,0,0,0,0,0,0,0,0,0,0,0,0,0,0,0,0,0,77,0,0,0,0,0,432,249,1,334,0,5,2,44,0,0,64,3,2,0,117,1388,237,584
FREDERICK_002-004,0,1286,0,0,0,30,0,0,0,0,0,3,0,0,0,0,0,0,0,0,0,0,0,0,0,0,0,0,0,0,8,0,0,0,0,0,0,0,0,0,0,0,0,0,0,0,0,0,83,0,0,0,0,0,629,367,1,257,7,5,0,88,2,2,58,2,3,1,144,2039,312,625
FREDERICK_002-005,0,1051,0,0,0,53,0,0,0,0,0,0,0,0,0,0,0,0,0,0,0,0,0,0,0,0,0,0,0,0,7,0,0,0,0,0,0,0,0,0,0,0,0,0,0,0,0,0,94,0,0,0,0,0,578,431,2,435,5,7,1,101,3,0,142,1,2,2,176,1783,440,868
FREDERICK_002-006,0,708,0,0,0,19,0,0,0,0,0,1,0,0,0,0,0,0,0,0,0,0,0,0,0,0,0,0,0,0,5,0,0,0,0,0,0,0,0,0,0,0,0,0,1,0,0,0,75,0,0,0,0,0,603,273,1,161,2,7,1,109,1,0,74,7,7,1,183,1412,392,435
FREDERICK_002-007,0,908,0,0,0,33,0,0,0,0,0,0,0,0,0,0,0,0,0,0,0,0,0,0,0,0,0,0,0,0,10,0,0,0,0,0,0,0,0,0,0,0,0,0,0,0,0,0,90,0,0,0,0,0,583,292,3,289,3,5,2,98,1,1,64,5,2,1,201,1624,383,584
FREDERICK_002-008,0,792,0,0,0,16,0,0,0,0,0,1,0,0,0,0,0,0,0,0,0,0,0,0,0,0,0,0,0,0,6,0,0,0,0,0,0,0,0,0,0,0,0,0,0,0,0,0,73,0,0,0,0,0,566,273,1,244,2,2,0,86,0,0,85,0,6,0,168,1454,349,518
FREDERICK_002-010,0,1004,0,0,0,34,0,0,0,0,0,0,0,0,0,0,0,0,0,0,0,0,0,0,0,0,0,0,0,0,11,0,0,0,0,0,0,0,0,0,0,0,0,0,0,0,0,0,91,0,0,0,0,0,706,340,3,260,1,9,0,127,1,1,112,1,5,0,216,1846,473,603
FREDERICK_002-011,0,609,0,0,0,32,0,0,0,0,0,0,0,0,0,0,0,0,0,0,0,0,0,0,0,0,0,0,0,1,4,0,0,0,0,0,0,0,0,0,0,0,0,0,0,0,0,0,58,0,0,0,0,0,316,169,1,219,1,1,0,42,0,0,42,4,0,1,98,1020,189,389
FREDERICK_002-013,0,854,0,0,0,21,0,0,0,0,0,0,0,0,0,0,0,0,0,0,0,0,0,0,0,0,0,0,0,0,10,0,0,0,0,0,0,0,0,0,0,0,0,0,0,0,0,0,49,0,0,0,0,0,402,234,1,188,2,2,0,51,1,1,57,2,1,0,133,1336,250,423
FREDERICK_002-014,0,442,0,0,0,18,0,0,0,0,0,1,0,0,0,0,0,0,0,0,0,0,0,0,0,0,0,0,0,0,7,0,0,0,0,0,0,0,0,0,0,0,0,0,0,0,0,0,51,0,0,0,0,0,314,131,0,117,1,4,0,62,1,0,43,0,1,0,92,833,204,248
FREDERICK_002-015,0,770,0,0,0,26,0,0,0,0,0,0,0,0,0,0,0,0,0,0,0,0,0,0,0,0,0,0,0,0,12,0,0,0,0,0,0,0,0,0,0,0,0,0,0,0,0,0,65,0,0,0,0,0,742,296,1,207,6,4,0,130,1,1,130,2,9,0,250,1615,533,504
FREDERICK_002-016,0,626,0,0,0,20,0,0,0,0,0,2,0,0,0,0,0,0,0,0,0,0,0,0,0,0,0,0,0,0,5,0,0,0,0,0,0,0,0,0,0,0,0,0,0,0,0,0,41,0,0,0,0,0,329,175,1,153,2,0,0,52,1,2,16,3,2,0,84,1023,162,329
FREDERICK_002-017,0,625,0,0,0,18,0,0,0,0,1,0,0,0,0,0,0,0,0,0,0,0,0,0,1,0,0,0,0,0,1,0,0,0,0,0,0,0,0,0,0,0,0,0,0,0,0,0,37,0,0,0,0,0,197,174,1,138,3,4,0,26,0,0,25,1,0,1,37,880,97,313
FREDERICK_002-018,0,473,0,0,0,13,0,0,0,0,0,0,0,0,0,0,0,0,0,0,0,0,0,0,0,0,0,0,0,0,11,0,0,0,0,0,0,0,0,0,0,0,0,0,0,0,0,0,47,0,0,0,1,0,379,109,1,120,0,2,0,52,2,0,61,0,5,1,107,924,230,230
FREDERICK_003-001,0,315,0,0,0,16,0,0,0,0,0,1,0,0,0,0,0,0,0,0,0,0,0,0,0,0,0,0,0,0,8,0,0,0,0,0,0,0,0,0,0,0,0,0,0,0,0,0,39,0,0,0,0,0,553,104,0,144,5,11,0,99,1,0,97,3,3,0,255,932,474,248
FREDERICK_003-002,0,516,0,0,0,17,0,0,0,0,0,0,0,0,0,0,0,0,0,0,0,0,0,0,0,0,0,0,0,0,12,0,0,0,0,0,0,0,0,0,0,0,0,0,0,0,0,0,58,0,0,0,0,0,942,248,4,181,4,10,0,145,1,2,181,2,6,0,389,1545,740,433
FREDERICK_003-003,0,417,0,0,0,9,0,0,0,0,0,0,0,0,0,0,0,0,0,0,0,0,0,0,0,0,0,0,0,0,10,0,0,0,0,0,0,0,0,0,0,0,0,0,0,0,0,0,50,0,0,0,0,0,609,147,0,124,6,5,1,104,1,0,106,0,0,0,222,1095,445,271
FREDERICK_004-001,0,106,0,0,0,7,0,0,0,0,0,0,0,0,0,0,0,0,0,0,0,0,0,0,0,0,0,0,0,0,1,0,0,0,0,0,0,0,0,0,0,0,0,0,0,0,0,0,9,0,0,0,0,0,359,19,1,48,0,2,0,40,0,0,24,0,1,1,139,482,207,68
FREDERICK_005-001,0,422,0,0,0,21,0,0,0,0,0,0,0,0,0,0,0,0,0,0,0,0,0,0,0,0,0,0,0,2,15,0,0,0,0,0,0,0,0,0,0,0,0,0,0,0,0,0,72,0,0,0,0,0,1334,202,4,150,4,9,2,166,1,1,87,4,4,0,355,1866,633,356
FREDERICK_006-001,0,193,0,0,0,18,0,0,0,0,0,0,0,0,0,0,0,0,0,0,0,0,0,0,0,0,0,0,0,0,7,0,0,0,0,0,0,0,0,0,0,0,0,0,0,0,0,0,22,0,0,0,0,0,757,70,1,79,2,4,2,112,0,0,68,1,0,0,235,997,424,150
FREDERICK_007-001,0,340,0,0,0,21,0,0,0,0,0,0,0,0,0,0,0,0,0,0,0,0,0,0,0,0,0,0,0,2,7,0,0,0,0,0,0,0,0,0,0,0,0,0,0,0,0,0,50,0,0,0,0,0,482,145,1,111,1,5,0,87,0,1,62,3,2,0,168,902,329,257
FREDERICK_007-002,0,1023,0,0,0,30,0,0,0,1,0,0,0,0,0,0,0,0,0,0,0,0,0,1,0,0,0,0,0,2,12,0,0,0,0,0,0,0,0,0,0,0,0,0,0,0,0,0,110,0,0,0,1,0,780,355,2,217,2,2,0,124,3,0,154,2,9,1,247,1960,544,574
FREDERICK_007-003,0,431,0,0,0,9,0,0,0,0,0,0,0,0,0,0,0,0,0,0,0,0,0,0,0,0,0,0,0,0,12,0,0,0,0,0,0,0,0,0,0,0,0,0,0,0,0,0,63,2,0,0,0,0,658,155,0,127,3,4,0,124,0,1,98,0,4,1,210,1175,445,282
FREDERICK_007-004,0,443,0,0,0,6,0,0,0,0,0,0,0,0,0,0,1,0,0,0,0,0,0,0,1,0,0,0,0,0,9,0,0,0,0,0,0,0,0,0,0,0,0,0,0,0,0,0,52,0,0,0,0,0,386,172,0,99,0,2,2,70,0,0,69,1,4,0,135,898,283,271
FREDERICK_007-005,0,11,0,0,0,3,0,0,0,0,0,0,0,0,0,0,0,0,0,0,0,0,0,0,0,0,0,0,0,0,0,0,0,0,0,0,0,0,0,0,0,0,0,0,0,0,0,0,0,0,0,0,0,0,34,2,0,5,0,0,0,6,0,0,2,0,0,0,11,48,19,7
FREDERICK_007-006,0,2,0,0,0,0,0,0,0,0,0,0,0,0,0,0,0,0,0,0,0,0,0,0,0,0,0,0,0,0,0,0,0,0,0,0,0,0,0,0,0,0,0,0,0,0,0,0,0,0,0,0,0,0,0,1,0,0,0,0,0,0,0,0,0,0,0,0,0,2,0,1
FREDERICK_007-007,0,51,0,0,0,4,0,0,0,0,0,0,0,0,0,0,0,0,0,0,0,0,0,0,0,0,0,0,0,0,1,0,0,0,0,0,0,0,0,0,0,0,0,0,0,0,0,0,5,0,0,0,0,0,81,16,0,17,1,0,0,11,0,0,9,0,0,0,33,142,54,33
FREDERICK_008-001,0,252,0,0,0,14,0,0,0,0,0,0,1,0,0,0,0,0,0,0,0,0,0,0,0,0,0,0,0,1,5,0,0,0,0,0,0,0,0,0,0,0,0,0,0,0,0,0,43,0,0,0,0,0,834,90,0,90,0,0,1,117,0,1,53,0,1,0,231,1150,404,180
FREDERICK_009-001,0,603,0,0,0,19,0,0,0,0,0,1,0,0,0,0,0,0,0,0,0,0,0,0,0,0,0,0,0,0,12,0,0,0,0,0,0,0,0,0,0,0,0,0,0,0,0,0,107,0,0,0,0,0,1011,191,0,155,1,7,1,145,2,0,155,3,5,0,303,1753,622,346
FREDERICK_009-002,0,557,0,0,0,27,0,0,0,0,0,1,0,0,0,0,0,0,0,0,0,0,0,0,0,0,0,0,0,0,13,0,0,0,0,0,0,0,0,0,0,0,0,0,0,0,0,0,97,0,0,0,0,0,1176,189,2,169,2,10,4,188,0,1,160,1,1,0,366,1871,733,360
FREDERICK_009-003,0,88,0,0,0,3,0,0,0,0,0,0,0,0,0,0,0,0,0,0,0,0,0,0,0,0,0,0,0,0,2,0,0,0,0,0,0,0,0,0,0,0,0,1,0,0,0,0,13,0,0,0,0,0,206,39,1,24,0,1,0,27,0,0,25,2,0,0,51,313,106,64
FREDERICK_009-004,0,553,0,0,0,24,0,0,0,0,0,2,0,0,0,0,1,1,0,0,0,0,0,0,0,0,0,0,0,0,12,0,0,0,0,0,0,0,0,0,0,0,0,0,0,0,0,0,87,0,0,0,0,0,1169,169,3,154,5,7,3,171,1,2,126,1,2,1,399,1849,718,326
FREDERICK_009-005,0,280,0,0,0,7,0,0,0,0,0,0,0,0,0,0,0,0,0,0,0,0,0,0,0,0,0,0,0,0,1,0,0,0,0,0,0,0,0,0,0,0,0,0,0,0,0,0,42,0,0,0,0,0,478,81,1,76,1,4,2,61,1,3,60,4,1,0,139,808,276,158
FREDERICK_009-006,0,689,0,0,0,11,0,0,0,0,0,0,0,0,0,0,0,0,0,0,0,0,0,0,0,0,0,0,0,1,13,0,0,0,0,0,0,0,0,0,0,0,0,0,0,0,0,0,86,0,0,0,0,0,792,213,1,188,3,7,1,114,0,0,113,2,6,1,254,1592,501,402
FREDERICK_009-007,0,834,0,0,0,31,0,0,0,0,0,3,0,0,0,0,0,0,0,0,0,0,0,0,1,0,0,0,0,2,9,0,0,0,0,0,0,0,0,0,0,0,0,0,0,0,0,0,134,0,0,0,0,0,1361,274,3,228,2,9,1,200,0,2,195,2,4,4,362,2375,781,505
FREDERICK_009-008,0,315,0,0,0,10,0,0,0,0,0,0,0,0,0,0,0,0,0,0,0,0,0,0,0,0,0,0,0,0,5,0,0,0,0,0,0,0,0,0,0,0,0,0,0,0,0,0,39,0,0,0,0,0,326,112,0,87,2,5,1,52,0,0,49,2,1,0,106,695,218,199
FREDERICK_009-009,0,167,0,0,0,8,0,0,0,0,0,0,0,0,0,0,0,0,0,0,0,0,0,0,0,0,0,0,0,0,5,0,0,0,0,0,0,0,0,0,0,0,0,0,0,0,0,0,20,0,0,0,0,0,270,39,0,55,0,2,1,35,0,0,42,1,0,0,71,470,152,94
FREDERICK_010-001,0,146,0,0,0,8,0,0,0,0,0,2,0,0,0,0,0,0,0,0,0,0,0,0,0,0,0,0,0,0,3,0,0,0,0,0,0,0,0,0,0,0,0,0,0,0,0,0,24,0,0,0,0,0,671,35,3,63,2,1,0,92,1,0,43,2,2,0,220,854,363,101
FREDERICK_011-001,0,307,0,0,0,16,0,0,0,0,0,0,0,0,0,0,0,1,0,0,0,0,0,0,0,0,0,0,0,0,1,0,0,0,0,0,0,0,0,0,0,0,0,0,0,0,0,0,53,1,0,0,0,0,963,103,0,101,4,6,0,133,0,1,76,2,3,0,306,1342,531,204
FREDERICK_012-001,0,583,0,0,0,14,0,0,0,0,0,2,0,0,0,0,0,0,0,0,0,0,0,0,0,0,0,0,0,0,10,0,0,0,0,0,0,0,0,0,0,0,0,0,0,0,0,0,71,0,0,0,0,0,861,168,2,146,3,4,0,105,0,1,68,1,1,2,237,1541,422,316
FREDERICK_012-002,0,1,0,0,0,0,0,0,0,0,0,0,0,0,0,0,0,0,0,0,0,0,0,0,0,0,0,0,0,0,0,0,0,0,0,0,0,0,0,0,0,0,0,0,0,0,0,0,0,0,0,0,0,0,0,1,0,0,0,0,0,0,0,0,0,0,0,0,5,1,5,1
FREDERICK_013-001,0,847,0,0,1,35,0,0,0,0,1,0,0,0,0,0,1,0,0,0,0,0,0,0,0,0,0,0,0,0,11,0,0,0,0,0,0,0,0,0,0,0,0,0,0,0,0,0,123,0,0,0,0,0,1208,264,3,283,3,11,1,154,0,0,164,3,7,0,351,2227,694,550
FREDERICK_013-002,0,25,0,0,0,1,0,0,0,0,0,0,0,0,0,0,0,0,0,0,0,0,0,0,0,0,0,0,0,0,0,0,0,0,0,0,0,0,0,0,0,0,0,0,0,0,0,0,2,0,0,0,0,0,66,5,0,6,0,0,0,10,0,0,7,0,0,0,16,94,33,11
FREDERICK_013-003,0,55,0,0,0,0,0,0,0,0,0,0,0,0,0,0,0,0,0,0,0,0,0,0,0,0,0,0,0,0,2,0,0,0,0,0,0,0,0,0,0,0,0,0,0,0,0,0,8,0,0,0,0,0,86,19,0,16,0,1,0,3,1,0,6,0,1,0,25,151,37,35
FREDERICK_014-001,0,619,0,1,0,15,0,0,1,0,0,1,0,0,0,0,0,0,0,0,0,0,0,0,0,0,0,0,0,0,8,0,0,0,0,0,0,0,0,0,0,0,0,0,0,0,0,0,90,0,0,0,0,0,1240,209,7,198,3,2,3,208,1,1,136,2,4,0,385,1975,745,414
FREDERICK_014-002,0,63,0,0,0,7,0,0,0,0,0,1,0,0,0,0,0,0,0,0,0,0,0,0,0,0,0,0,0,0,1,0,0,0,0,0,0,0,0,0,0,0,0,0,0,0,0,0,7,0,0,0,0,0,190,33,0,24,1,0,0,32,0,0,21,0,1,0,67,269,122,57
FREDERICK_015-001,0,276,0,0,0,14,0,0,0,0,0,0,0,0,0,0,0,0,0,0,0,0,0,0,0,0,0,0,0,0,5,0,0,0,0,0,0,0,0,0,0,0,0,0,0,0,0,0,76,0,0,0,0,2,954,91,5,99,7,13,0,118,0,4,74,1,1,0,349,1327,567,195
FREDERICK_015-002,0,322,0,0,0,19,0,0,0,0,0,0,0,0,0,0,0,0,0,0,0,0,0,0,0,0,0,0,0,0,14,0,0,0,0,0,0,0,0,0,0,0,0,0,0,0,0,0,68,0,0,0,0,0,1143,119,8,138,4,7,2,142,0,2,88,4,2,0,393,1566,644,265
FREDERICK_016-001,0,571,0,0,0,27,0,0,0,0,0,0,0,0,0,0,0,0,0,0,0,0,0,0,0,0,0,0,0,3,6,0,0,0,0,0,0,0,0,0,0,0,0,0,0,1,0,0,105,0,0,0,0,0,1184,160,0,214,1,10,2,152,2,3,129,4,2,1,380,1897,686,374
FREDERICK_017-001,0,206,0,0,0,8,0,0,0,0,0,1,0,0,0,0,0,0,0,0,0,0,0,0,0,0,0,0,0,1,6,0,0,0,0,0,0,0,0,0,0,0,0,0,0,0,0,0,35,0,0,0,0,0,719,71,0,56,1,10,3,104,0,1,63,2,3,0,231,976,418,127
FREDERICK_018-001,0,710,0,0,0,20,0,0,0,0,0,0,0,0,0,0,0,0,0,0,0,0,0,0,0,0,0,0,0,0,8,0,0,0,0,0,0,0,0,0,0,0,0,0,0,0,0,0,103,1,0,0,0,0,1276,185,3,181,3,6,0,156,0,0,156,1,4,0,352,2118,678,369
FREDERICK_018-002,0,363,0,0,0,10,0,0,0,0,0,2,0,0,0,0,0,0,0,0,0,0,0,0,0,0,0,0,0,0,10,0,0,0,0,0,0,0,0,0,0,0,0,0,0,0,0,0,60,0,0,0,0,0,1091,92,5,110,2,10,2,160,0,1,82,0,1,0,363,1536,621,207
FREDERICK_018-003,0,247,0,0,0,10,0,0,0,2,1,0,0,0,0,0,0,0,0,0,0,0,0,0,0,0,0,0,0,0,4,0,0,0,0,0,0,0,0,0,0,0,0,0,0,0,0,0,36,0,0,0,1,0,494,99,1,61,2,6,0,72,1,0,61,0,2,0,168,795,312,161
FREDERICK_019-001,0,184,0,0,0,2,0,0,0,0,1,2,0,0,0,0,0,0,1,0,0,0,0,0,0,0,0,0,0,0,4,0,0,0,0,0,0,0,0,0,0,0,0,0,0,0,0,0,23,0,0,0,0,0,627,53,3,55,0,5,1,82,0,0,38,1,1,1,182,844,311,111
FREDERICK_020-001,0,241,0,0,0,23,0,0,0,0,0,0,0,0,0,0,0,0,0,0,0,0,0,0,0,0,0,0,0,0,4,0,0,0,0,0,0,0,0,0,0,0,0,0,0,0,0,0,52,0,0,0,0,0,872,101,0,102,1,3,0,126,0,1,65,1,3,1,272,1192,473,203
FREDERICK_020-002,0,0,0,0,0,0,0,0,0,0,0,0,0,0,0,0,0,0,0,0,0,0,0,0,0,0,0,0,0,0,0,0,0,0,0,0,0,0,0,0,0,0,0,0,0,0,0,0,0,0,0,0,0,0,0,0,0,0,0,0,0,0,0,0,0,0,0,0,0,0,0,0
FREDERICK_021-001,0,314,0,0,0,13,0,0,0,0,0,0,0,0,0,0,0,0,0,0,0,0,0,0,0,0,0,0,0,0,3,0,0,0,0,0,0,0,0,0,0,0,0,0,0,0,0,0,53,0,0,0,0,0,581,106,1,94,4,8,2,75,3,2,70,3,2,1,230,964,400,201
FREDERICK_021-002,0,520,0,0,0,12,0,0,0,0,0,0,0,0,0,0,0,0,0,0,0,0,0,0,0,0,0,0,0,0,5,0,0,0,0,0,0,0,0,0,0,0,0,0,0,0,0,0,48,0,0,0,0,0,419,162,3,141,1,2,1,87,1,0,73,1,3,0,109,1004,278,306
FREDERICK_021-003,0,252,0,0,0,3,0,0,0,0,0,0,0,0,0,0,0,0,0,0,0,0,0,0,0,0,0,0,0,0,5,0,0,0,0,0,0,0,0,0,0,0,0,0,0,0,0,0,32,0,0,0,1,0,296,107,1,79,2,1,1,63,2,0,76,2,2,1,102,589,252,187
FREDERICK_021-004,0,546,0,0,0,16,0,0,0,0,0,0,0,0,0,0,0,1,0,0,0,0,0,0,0,0,0,0,0,0,2,0,0,0,0,0,0,0,0,0,0,0,0,0,0,0,0,0,51,0,0,0,0,0,451,182,2,151,1,2,0,86,0,2,72,2,3,1,156,1067,325,335
FREDERICK_021-005,0,0,0,0,0,0,0,0,0,0,0,0,0,0,0,0,0,0,0,0,0,0,0,0,0,0,0,0,0,0,0,0,0,0,0,0,0,0,0,0,0,0,0,0,0,0,0,0,0,0,0,0,0,0,0,0,0,0,0,0,0,0,0,0,0,0,0,0,0,0,0,0
FREDERICK_021-006,0,0,0,0,0,0,0,0,0,0,0,0,0,0,0,0,0,0,0,0,0,0,0,0,0,0,0,0,0,0,0,0,0,0,0,0,0,0,0,0,0,0,0,0,0,0,0,0,0,0,0,0,0,0,0,0,0,0,0,0,0,0,0,0,0,0,0,0,0,0,0,0
FREDERICK_021-007,0,100,0,0,0,5,0,0,0,0,0,0,0,0,0,0,0,0,0,0,0,0,0,0,0,0,0,0,0,0,0,0,0,0,0,0,0,0,0,0,0,0,0,0,0,0,0,0,14,0,0,0,0,0,189,45,1,40,0,1,0,17,0,0,15,1,1,0,74,308,109,86
FREDERICK_021-008,0,1,0,0,0,0,0,0,0,0,0,0,0,0,0,0,0,0,0,0,0,0,0,0,0,0,0,0,0,0,0,0,0,0,0,0,0,0,0,0,0,0,0,0,0,0,0,0,1,0,0,0,0,0,2,1,0,0,0,0,0,0,0,0,0,0,0,0,1,4,1,1
FREDERICK_022-001,0,237,0,0,0,6,0,0,0,0,0,0,0,0,0,0,0,0,0,0,0,0,0,0,0,0,0,0,0,0,3,0,0,0,0,0,0,0,0,0,0,0,0,0,0,0,0,0,37,0,0,0,0,0,427,88,1,75,1,1,0,60,0,1,45,0,1,0,142,710,251,164
FREDERICK_022-002,0,0,0,0,0,0,0,0,0,0,0,0,0,0,0,0,0,0,0,0,0,0,0,0,0,0,0,0,0,0,0,0,0,0,0,0,0,0,0,0,0,0,0,0,0,0,0,0,0,0,0,0,0,0,0,0,0,0,0,0,0,0,0,0,0,0,0,0,0,0,0,0
FREDERICK_023-001,0,935,1,0,0,33,0,0,0,0,0,1,0,0,0,0,0,0,0,0,0,0,0,0,0,0,0,0,0,1,10,0,0,0,0,0,0,0,0,0,0,0,0,0,0,0,0,0,119,0,0,0,0,0,1127,318,0,285,4,10,0,176,1,2,137,4,3,1,347,2227,685,603
FREDERICK_023-002,0,6,0,0,0,0,0,0,0,0,0,0,0,0,0,0,0,0,0,0,0,0,0,0,0,0,0,0,0,0,0,0,0,0,0,0,0,0,0,0,0,0,0,0,0,0,0,0,4,0,0,0,0,0,10,1,0,8,0,0,0,2,0,0,0,0,0,0,6,20,8,9
FREDERICK_023-003,0,0,0,0,0,0,0,0,0,0,0,0,0,0,0,0,0,0,0,0,0,0,0,0,0,0,0,0,0,0,0,0,0,0,0,0,0,0,0,0,0,0,0,0,0,0,0,0,0,0,0,0,0,0,0,0,0,0,0,0,0,0,0,0,0,0,0,0,0,0,0,0
FREDERICK_023-004,0,0,0,0,0,0,0,0,0,0,0,0,0,0,0,0,0,0,0,0,0,0,0,0,0,0,0,0,0,0,0,0,0,0,0,0,0,0,0,0,0,0,0,0,0,0,0,0,0,0,0,0,0,0,0,0,0,0,0,0,0,0,0,0,0,0,0,0,0,0,0,0
FREDERICK_024-001,0,374,0,0,0,19,0,0,0,0,0,2,0,0,0,0,0,0,0,0,0,0,0,0,0,0,0,0,0,0,9,0,0,0,0,0,0,0,0,0,0,0,0,0,0,0,0,0,40,0,0,0,0,0,522,135,1,147,3,4,1,94,0,1,86,2,3,0,202,966,396,283
FREDERICK_024-002,0,166,0,0,0,8,0,0,0,0,0,0,0,0,0,0,0,0,0,0,0,0,0,0,0,0,0,0,0,0,3,0,0,0,0,0,0,0,0,0,0,0,0,0,0,0,0,0,19,0,0,0,0,0,267,66,0,55,1,6,0,40,0,0,42,1,1,0,77,463,168,121
FREDERICK_024-003,0,147,0,0,0,6,0,0,0,0,0,0,0,0,0,0,0,0,0,0,0,0,0,0,0,0,0,0,0,0,0,0,0,0,0,0,0,0,0,0,0,0,0,0,0,0,0,0,12,0,0,0,0,0,136,68,0,43,0,0,0,29,0,0,25,2,1,0,58,301,115,111
FREDERICK_024-004,0,3,0,0,0,0,0,0,0,0,0,0,0,0,0,0,0,0,0,0,0,0,0,0,0,0,0,0,0,0,0,0,0,0,0,0,0,0,0,0,0,0,0,0,0,0,0,0,0,0,0,0,0,0,1,0,0,1,0,0,0,0,0,0,2,0,0,0,0,4,2,1
FREDERICK_024-005,0,204,0,0,0,4,0,0,0,0,0,0,0,0,0,0,0,0,0,0,0,0,0,0,0,0,0,0,0,0,7,0,0,0,0,0,0,0,0,0,0,0,0,0,0,0,0,0,17,0,0,0,0,0,229,74,1,62,1,1,0,31,0,0,19,0,4,0,61,461,117,137
FREDERICK_024-006,0,2,0,0,0,0,0,0,0,0,0,0,0,0,0,0,0,0,0,0,0,0,0,0,0,0,0,0,0,0,0,0,0,0,0,0,0,0,0,0,0,0,0,0,0,0,0,0,0,0,0,0,0,0,7,0,0,0,0,0,0,1,0,0,1,0,0,0,1,9,3,0
FREDERICK_025-001,0,703,0,0,0,34,0,0,1,0,0,2,0,0,0,0,0,0,0,0,0,0,0,0,0,0,0,0,0,0,13,0,0,0,0,0,0,0,0,0,0,0,0,0,0,0,0,0,103,0,0,0,0,0,963,200,5,214,2,5,0,112,2,3,53,3,6,0,237,1819,423,419
FREDERICK_026-001,0,748,0,0,0,28,0,0,0,0,0,3,0,0,0,0,0,0,0,0,0,0,0,0,0,0,0,0,0,1,13,0,0,0,0,0,0,0,0,0,0,0,0,0,0,0,0,0,89,0,0,0,0,0,1084,277,2,205,3,7,2,187,2,1,144,4,5,4,306,1966,665,484
FREDERICK_026-002,0,666,0,0,0,22,0,0,0,0,0,3,0,0,0,0,0,0,0,0,0,0,0,0,0,0,0,0,0,0,7,0,0,0,0,0,0,0,0,0,0,0,0,0,0,0,0,0,78,0,0,0,0,0,936,188,2,176,2,9,3,149,0,1,127,2,2,0,285,1712,580,366
GARRETT_001-000,0,115,0,0,0,5,0,0,0,0,0,0,0,0,0,0,0,0,0,0,0,0,0,0,0,0,0,0,0,0,2,0,0,0,0,0,0,0,0,0,0,0,0,0,0,0,0,0,21,0,0,0,0,0,530,58,0,36,3,8,1,71,0,3,81,0,4,0,206,673,377,94
GARRETT_002-000,0,134,0,0,0,9,0,0,0,0,0,0,0,0,0,0,0,0,0,0,0,0,0,0,0,0,0,0,0,0,5,0,0,0,0,0,0,0,0,0,0,0,0,0,0,0,0,0,25,0,0,0,0,0,582,41,0,47,1,6,2,75,0,2,33,0,1,2,207,755,329,88
GARRETT_003-001,0,98,0,0,0,5,0,0,0,0,0,0,0,0,0,0,0,0,0,0,0,0,0,0,0,0,0,0,0,0,3,0,0,0,0,0,0,0,0,0,0,0,0,0,0,0,0,0,31,0,0,0,0,0,701,46,2,54,0,10,0,105,3,4,60,0,1,1,246,838,430,102
GARRETT_003-002,0,34,0,0,0,1,0,0,0,0,0,0,0,0,0,0,0,0,0,0,0,0,0,0,0,0,0,0,0,0,0,0,0,0,0,0,0,0,0,0,0,0,0,0,0,0,0,0,8,0,0,0,0,0,222,17,1,19,0,4,0,33,0,1,15,0,0,0,76,265,129,37
GARRETT_004-000,1,26,0,0,0,1,0,0,0,0,0,0,0,0,0,0,0,0,0,0,0,0,0,0,0,0,0,0,0,0,0,0,0,0,0,0,0,0,0,0,0,0,0,0,0,0,0,0,1,0,0,0,0,0,279,10,1,18,1,3,1,28,1,2,11,1,1,0,111,308,160,29
GARRETT_005-000,0,136,0,0,0,11,0,0,0,0,0,0,0,0,0,0,0,0,0,0,0,0,0,0,0,0,0,0,0,0,4,0,0,0,0,0,0,0,0,0,0,0,0,0,0,0,0,0,20,0,0,0,0,0,604,38,0,70,2,11,0,111,0,0,63,1,2,0,224,775,414,108
GARRETT_006-000,0,155,0,0,0,6,0,0,0,0,0,0,0,0,0,0,0,0,0,0,0,0,0,0,0,0,0,0,0,0,2,0,0,0,0,0,0,0,0,0,0,0,0,0,0,0,0,0,26,0,0,0,0,0,498,73,0,64,2,5,0,79,1,1,58,1,3,2,208,687,360,137
GARRETT_007-000,0,81,0,0,0,3,0,0,0,0,0,0,0,0,0,0,0,0,0,0,0,0,0,0,0,0,0,0,0,0,3,0,0,0,0,0,0,0,0,0,0,0,0,0,0,0,0,0,22,0,0,0,0,0,432,43,2,53,1,5,0,96,1,1,66,2,1,2,227,541,402,98
GARRETT_008-001,0,31,0,0,0,0,0,0,0,0,0,0,0,0,0,0,0,0,0,0,0,0,0,0,0,0,0,0,0,0,0,0,0,0,0,0,0,0,0,0,0,0,0,0,0,0,0,0,5,0,0,0,0,0,218,18,1,20,3,2,1,18,0,1,16,0,1,0,91,254,133,39
GARRETT_008-002,0,22,0,0,0,0,0,0,0,0,0,0,0,0,0,0,0,0,0,0,0,0,0,0,0,0,0,0,0,0,2,0,0,0,0,0,0,0,0,0,0,0,0,0,0,0,0,0,6,0,0,0,0,0,263,6,0,17,2,2,0,56,0,0,14,0,3,0,95,293,172,23
GARRETT_009-000,0,95,0,0,0,2,0,0,0,0,0,0,0,0,0,0,0,0,0,0,0,0,0,0,0,0,0,0,0,0,0,0,0,0,0,0,0,0,0,0,0,0,0,0,0,0,0,0,12,0,0,0,0,0,457,25,3,46,1,5,0,48,0,1,32,0,1,0,160,566,248,74
GARRETT_010-000,0,80,0,0,0,2,0,0,0,0,0,0,0,0,0,0,0,0,0,0,0,0,0,0,0,0,0,0,0,0,3,0,0,0,0,0,0,0,0,0,0,0,0,0,0,0,0,0,23,0,0,0,0,0,518,46,0,42,2,11,2,72,1,1,56,1,2,0,191,626,339,88
GARRETT_011-000,0,5,0,0,0,0,0,0,0,0,0,0,0,0,0,0,0,0,0,0,0,0,0,0,0,0,0,0,0,0,0,0,0,0,0,0,0,0,0,0,0,0,0,0,0,0,0,0,0,0,0,0,0,0,63,3,0,3,0,2,0,5,0,0,1,0,1,0,26,68,35,6
GARRETT_012-000,0,35,0,0,0,0,0,0,0,0,0,1,0,0,0,0,0,0,0,0,0,0,0,0,0,0,0,0,0,0,1,0,0,0,0,0,0,0,0,0,0,0,0,0,0,0,0,0,6,0,0,0,0,0,286,11,0,17,1,8,0,60,0,1,25,0,0,0,86,329,181,28
GARRETT_013-000,0,31,0,0,0,2,0,0,0,0,0,0,0,0,0,0,0,0,0,0,0,0,0,0,0,0,0,0,0,0,0,0,0,0,0,0,0,0,0,0,0,0,0,1,0,0,0,0,8,0,0,0,0,0,194,11,0,32,0,0,0,16,0,0,13,0,0,0,47,236,76,43
GARRETT_014-001,0,110,0,0,0,9,0,0,0,0,0,0,0,0,0,0,0,0,0,0,0,0,0,0,0,0,0,0,0,1,3,0,0,0,0,0,0,0,0,0,0,0,0,0,0,0,0,0,20,0,0,0,0,0,576,42,0,61,1,9,0,112,0,2,77,3,4,1,294,719,503,103
GARRETT_014-002,0,50,0,0,0,0,0,0,0,0,0,0,0,0,0,0,0,0,0,0,0,0,0,0,0,0,0,0,0,0,3,0,0,0,0,0,0,0,0,0,0,0,0,0,0,0,0,0,9,0,0,0,0,0,416,14,1,26,3,7,0,73,0,3,19,0,4,0,166,478,275,41
GARRETT_015-000,0,36,0,0,0,1,0,0,0,0,0,0,0,0,0,0,0,0,0,0,0,0,0,0,0,0,0,0,0,0,0,0,0,0,0,0,0,0,0,0,0,0,0,0,0,0,0,0,4,0,0,0,0,0,201,20,0,21,2,1,0,15,0,0,11,1,2,0,84,242,116,41
GARRETT_016-000,0,106,0,0,0,15,0,0,0,0,0,0,0,0,0,0,0,0,0,1,0,0,0,0,0,0,0,0,0,0,3,0,0,0,0,0,0,0,0,0,0,0,0,0,0,0,0,0,27,0,0,0,0,0,746,44,0,79,2,19,2,152,1,2,71,2,6,0,307,898,564,123
HARFORD_001-001,0,668,0,0,0,27,0,0,0,0,0,0,0,0,0,0,0,0,0,0,0,0,0,0,0,0,0,0,0,0,6,0,0,0,0,0,0,0,0,0,0,0,0,0,0,0,0,0,32,0,0,0,0,0,347,261,1,186,1,8,0,36,2,0,19,0,1,0,97,1080,164,448
HARFORD_001-002,0,334,0,0,0,12,1,0,0,0,0,1,0,0,0,0,0,0,0,0,0,0,0,0,0,0,0,0,0,0,1,0,0,0,0,0,0,0,0,0,0,0,0,0,0,0,0,0,31,0,0,0,0,0,692,152,4,114,1,2,2,45,0,0,47,1,1,1,221,1072,321,270
HARFORD_001-003,0,279,0,0,0,10,0,0,0,0,0,0,0,0,0,0,0,0,0,0,0,0,0,0,0,0,0,0,0,0,1,0,0,0,0,0,0,0,0,0,0,0,0,0,0,0,0,0,17,0,0,0,0,0,247,124,2,78,0,1,0,29,0,1,17,0,1,0,76,554,125,204
HARFORD_001-004,0,495,0,0,0,22,0,0,0,0,0,0,0,0,0,0,0,0,0,0,0,0,0,0,0,0,0,0,0,0,3,0,0,0,0,0,0,0,0,0,0,0,0,0,0,0,0,0,49,0,1,0,0,0,705,215,4,154,5,9,1,51,1,0,35,3,1,0,233,1275,339,373
HARFORD_001-005,0,361,0,0,0,14,0,0,0,0,0,0,0,0,0,0,0,0,0,0,0,0,0,0,0,0,0,0,0,0,1,0,0,0,0,0,0,0,0,0,0,0,0,0,0,0,0,0,24,0,0,0,0,1,343,177,4,95,1,4,1,30,0,0,19,1,1,0,130,744,187,276
HARFORD_001-006,0,665,0,0,0,19,0,0,0,0,0,0,0,0,0,0,0,0,0,0,0,0,0,0,0,0,0,0,0,0,2,0,0,0,0,0,0,0,0,0,0,0,0,0,0,0,0,0,36,0,0,0,0,0,228,206,1,123,1,3,0,15,0,0,15,2,1,0,58,950,95,330
HARFORD_001-007,0,178,0,0,0,11,0,0,0,0,0,0,0,0,0,0,0,0,0,0,0,0,0,0,0,0,0,0,0,0,2,0,0,0,0,0,0,0,0,0,0,0,0,0,0,0,0,0,24,0,0,0,0,0,606,79,3,72,0,5,1,35,1,1,39,0,2,1,213,821,298,154
HARFORD_001-008,0,561,0,0,0,28,0,0,0,0,0,0,0,0,0,0,0,0,0,0,0,0,0,0,0,0,0,0,0,1,8,0,0,0,0,0,0,0,0,0,0,0,0,0,0,0,0,0,85,0,0,0,0,0,1009,193,2,174,2,10,3,110,2,0,140,1,4,0,334,1692,606,369
HARFORD_001-009,0,401,0,0,0,14,0,0,0,0,0,1,0,0,0,0,0,0,0,0,0,0,0,0,0,0,0,0,0,0,3,0,0,0,0,0,0,0,0,0,0,0,0,0,0,0,0,0,64,0,0,0,0,0,713,129,1,133,2,10,0,59,0,1,72,0,3,0,227,1196,374,263
HARFORD_001-010,0,618,0,0,0,20,0,0,0,0,0,2,0,0,0,0,0,0,0,0,0,0,0,0,1,0,0,0,0,0,6,0,0,0,0,0,0,0,0,0,0,0,0,0,0,0,0,0,56,0,0,0,0,0,808,302,5,176,1,7,1,71,1,1,52,0,5,0,285,1511,424,483
HARFORD_001-011,0,403,0,0,0,16,0,0,0,0,1,1,0,0,0,0,0,0,0,0,0,0,0,0,0,0,0,0,0,0,6,0,0,0,0,0,0,0,0,0,0,0,0,0,0,0,0,0,75,0,0,0,0,0,974,141,5,172,0,10,1,101,0,0,110,2,2,2,313,1476,541,318
HARFORD_001-012,0,380,0,0,0,16,0,0,0,0,1,1,0,0,0,0,0,0,0,0,0,0,0,0,0,0,0,0,0,0,5,0,0,0,0,0,0,0,0,0,0,0,0,0,0,0,0,0,63,0,0,0,0,1,845,171,3,124,1,12,0,95,1,0,114,1,1,1,300,1312,526,298
HARFORD_001-013,0,211,0,0,0,6,0,0,0,0,0,0,0,0,0,0,0,0,0,0,0,0,0,0,0,0,0,0,0,0,3,0,0,0,0,0,0,0,0,0,0,0,0,0,0,0,0,0,16,0,0,0,0,0,287,70,1,57,0,2,0,20,0,0,24,2,1,0,78,523,127,128
HARFORD_001-014,0,520,0,0,0,27,0,0,0,0,0,1,1,0,0,0,0,0,0,0,0,0,0,0,0,0,0,0,0,0,10,0,0,0,0,0,0,0,0,0,0,0,0,0,0,0,0,0,63,0,0,0,1,0,1154,196,2,196,3,13,1,109,0,2,194,3,3,1,370,1777,699,394
HARFORD_001-015,0,531,0,0,0,21,0,0,0,0,0,1,0,0,0,1,0,1,0,0,0,0,0,0,0,0,0,0,0,1,5,0,0,0,0,0,0,0,0,0,0,0,0,0,0,0,0,0,87,0,0,0,0,0,709,154,0,180,0,4,1,51,0,1,83,0,4,0,205,1357,349,334
HARFORD_001-016,0,664,0,0,0,25,1,0,0,0,0,0,0,0,0,0,0,0,0,0,0,0,0,0,0,0,0,0,0,0,3,0,0,0,0,0,0,0,0,0,0,0,0,0,0,0,0,0,78,0,0,0,0,0,660,220,4,204,5,6,2,59,2,3,58,2,2,0,204,1431,343,428
HARFORD_001-017,0,61,0,0,0,3,0,0,0,0,0,0,0,0,0,0,0,0,0,0,0,0,0,0,0,0,0,0,0,0,1,0,0,0,0,0,0,0,0,0,0,0,0,0,0,0,0,0,10,0,0,0,0,0,157,22,0,32,0,0,0,13,0,0,11,0,0,0,62,232,86,54
HARFORD_001-018,0,377,0,0,0,20,0,0,0,0,0,1,0,0,0,0,0,0,0,0,0,0,0,0,0,0,0,0,0,0,3,0,0,0,0,0,0,0,0,0,0,0,0,0,0,0,0,0,38,0,0,0,0,0,519,146,0,102,2,4,2,55,0,0,47,1,1,0,171,958,283,248
HARFORD_001-019,0,568,0,0,0,10,0,0,0,0,0,0,0,0,0,0,0,0,0,0,0,0,0,0,0,0,0,0,0,0,2,0,0,0,0,0,0,0,0,0,0,0,0,0,0,0,0,0,31,1,0,0,0,0,314,264,2,142,2,5,1,26,2,1,14,0,0,0,90,926,141,408
HARFORD_001-020,0,755,0,0,0,19,0,0,0,0,0,1,0,0,0,0,0,0,0,0,0,0,0,0,0,0,0,0,0,1,5,0,0,0,0,0,0,0,0,0,0,0,0,0,0,0,0,0,54,0,0,0,0,0,560,301,1,192,2,3,3,47,1,0,47,2,2,0,172,1395,279,494
HARFORD_001-021,0,112,0,0,0,10,0,0,0,0,0,0,0,0,0,0,0,0,0,0,0,0,0,0,0,0,0,0,0,0,3,0,0,0,0,0,0,0,0,0,0,0,0,0,0,0,0,0,20,0,0,0,0,0,278,36,1,43,0,4,0,24,0,1,27,1,0,0,83,423,140,80
HARFORD_001-022,0,33,0,0,0,1,0,0,0,0,0,0,0,0,0,0,0,0,0,0,0,0,0,0,0,0,0,0,0,0,0,0,0,0,0,0,0,0,0,0,0,0,0,0,0,0,0,0,10,0,0,0,0,0,48,11,0,8,0,0,0,1,0,0,4,0,0,0,21,92,26,19
HARFORD_001-023,0,55,0,0,0,1,0,0,0,0,0,0,0,0,0,0,0,0,0,0,0,0,0,0,0,0,0,0,0,0,1,0,0,0,0,0,0,0,0,0,0,0,0,0,0,0,0,0,6,0,0,0,0,0,124,23,0,23,0,0,0,7,1,0,10,0,0,0,31,187,49,46
HARFORD_001-024,0,100,0,0,0,0,0,0,0,0,0,0,0,0,0,0,0,0,0,0,0,0,0,0,0,0,0,0,0,0,0,0,0,0,0,0,0,0,0,0,0,0,0,0,0,0,0,0,6,0,0,0,0,0,156,47,2,37,1,2,0,17,0,0,11,0,0,0,45,262,76,86
HARFORD_001-025,0,7,0,0,0,0,0,0,0,0,0,1,0,0,0,0,0,0,0,0,0,0,0,0,0,0,0,0,0,0,0,0,0,0,0,0,0,0,0,0,0,0,0,0,0,0,0,0,0,0,0,0,0,0,6,6,0,0,0,0,0,0,0,0,2,0,0,0,0,14,2,6
HARFORD_001-026,0,201,0,0,0,12,0,0,0,0,0,0,0,0,0,0,0,0,0,0,0,0,0,0,0,0,0,0,0,0,3,0,0,0,0,0,0,0,0,0,0,0,0,0,0,0,0,0,31,0,0,0,1,0,360,82,0,74,1,3,1,35,1,1,33,0,0,0,114,608,189,156
HARFORD_001-027,0,224,0,0,0,10,0,0,0,0,0,0,0,0,0,0,0,0,0,0,0,0,0,0,0,0,0,0,0,0,2,0,0,0,0,0,0,0,0,0,0,0,0,0,0,0,0,0,21,0,0,0,0,0,418,75,0,55,0,1,1,40,2,1,54,1,1,0,149,675,250,130
HARFORD_001-041,0,325,0,0,0,24,0,0,1,0,0,0,0,0,0,0,0,0,0,0,0,0,0,0,0,0,0,0,0,0,2,0,0,0,0,0,0,0,0,0,0,0,0,0,0,0,0,0,30,0,0,0,0,0,461,159,6,112,3,4,1,28,1,1,35,0,1,1,146,843,221,277
HARFORD_001-045,0,366,0,0,0,20,0,0,0,0,0,0,0,0,0,0,0,0,0,0,0,0,0,0,0,0,0,0,0,0,1,0,0,0,0,0,0,0,0,0,0,0,0,0,0,0,0,0,46,0,0,0,0,0,828,157,6,130,3,3,1,67,0,1,66,2,1,0,338,1261,482,293
HARFORD_002-001,0,106,0,0,0,3,0,0,0,0,0,0,0,0,0,0,0,0,0,0,0,0,0,0,0,0,0,0,0,0,1,0,0,0,0,0,0,0,0,0,0,0,0,0,0,0,0,0,12,0,0,1,0,0,120,37,0,32,0,0,0,7,0,0,10,0,2,0,38,243,57,69
HARFORD_002-002,0,412,0,0,0,15,0,0,0,0,0,0,1,0,0,0,0,0,0,0,0,0,0,0,0,0,0,0,0,0,2,0,0,0,0,0,0,0,0,0,0,0,0,0,0,0,0,0,79,0,0,0,0,0,1199,179,3,193,4,12,0,111,1,2,147,2,3,1,408,1708,691,375
HARFORD_002-003,0,305,0,0,0,13,0,0,0,0,0,0,0,0,0,0,0,0,0,1,0,0,0,0,0,0,0,0,0,0,2,0,0,0,0,0,0,0,0,0,0,0,0,0,0,0,0,0,35,0,0,1,0,0,386,124,0,74,1,3,0,29,0,0,24,0,0,0,120,743,177,198
HARFORD_002-004,0,16,0,0,0,0,0,0,0,0,0,0,0,0,0,0,0,0,0,0,0,0,0,0,0,0,0,0,0,0,0,0,0,0,0,0,0,0,0,0,0,0,0,0,0,0,0,0,4,0,0,0,0,0,39,13,0,7,0,0,0,2,0,0,5,0,0,0,17,59,24,20
HARFORD_002-005,0,16,0,0,0,2,0,0,0,0,0,0,0,0,0,0,0,0,0,0,0,0,0,0,0,0,0,0,0,0,2,0,0,0,0,0,0,0,0,0,0,0,0,0,0,0,0,0,3,0,0,0,0,0,46,2,1,4,0,0,0,3,0,0,1,0,1,0,13,69,18,7
HARFORD_002-006,0,0,0,0,0,0,0,0,0,0,0,0,0,0,0,0,0,0,0,0,0,0,0,0,0,0,0,0,0,0,0,0,0,0,0,0,0,0,0,0,0,0,0,0,0,0,0,0,0,0,0,0,0,0,0,0,0,0,0,0,0,0,0,0,0,0,0,0,0,0,0,0
HARFORD_002-007,0,13,0,0,0,0,0,0,0,0,0,0,0,0,0,0,0,0,0,0,0,0,0,0,0,0,0,0,0,0,0,0,0,0,0,0,0,0,0,0,0,0,0,0,0,0,0,0,3,0,0,0,0,0,32,6,0,0,0,1,0,3,0,0,4,0,0,0,3,48,11,6
HARFORD_002-010,0,629,0,0,0,12,0,0,0,0,0,1,0,0,0,0,0,0,0,0,0,0,0,0,0,0,0,0,0,0,6,0,0,0,0,0,0,0,0,0,0,0,0,0,0,0,0,0,49,0,0,0,1,0,432,238,3,148,6,9,0,43,2,1,42,0,2,0,127,1130,232,389
HARFORD_002-011,0,392,0,0,0,10,0,0,0,0,0,0,0,0,0,0,0,0,0,0,0,0,0,0,0,0,0,0,0,0,7,0,0,0,0,0,0,0,0,0,0,0,0,0,0,0,0,0,29,0,0,0,0,0,521,195,2,106,2,4,0,47,0,0,90,0,2,0,192,959,337,303
HARFORD_002-014,0,542,0,0,0,14,0,0,0,0,1,0,0,0,0,0,0,0,0,0,0,0,0,0,0,0,0,0,0,0,2,0,0,0,0,0,0,0,0,0,0,0,0,0,0,0,0,0,35,1,0,0,0,0,310,155,0,113,0,2,1,21,0,0,6,0,2,0,71,905,103,268
HARFORD_002-015,0,561,0,0,0,14,0,0,0,0,0,2,0,0,0,0,0,0,0,0,0,0,0,0,0,0,0,0,0,0,0,0,0,0,0,0,0,0,0,0,0,0,0,0,0,0,0,0,41,0,0,0,0,0,386,233,0,115,1,3,2,39,1,0,25,3,1,0,129,1004,204,348
HARFORD_002-019,0,96,0,0,0,3,0,0,0,0,0,0,0,0,0,0,0,0,0,0,0,0,0,0,0,0,0,0,0,0,0,0,0,0,0,0,0,0,0,0,0,0,0,0,0,0,0,0,11,0,0,0,0,0,57,24,0,13,0,1,0,8,0,0,8,0,0,0,15,167,32,37
HARFORD_002-020,0,3,0,0,0,0,0,0,0,0,0,0,0,0,0,0,0,0,0,0,0,0,0,0,0,0,0,0,0,0,0,0,0,0,0,0,0,0,0,0,0,0,0,0,0,0,0,0,0,0,0,0,0,0,18,0,0,1,0,0,0,1,0,0,1,0,0,0,7,21,9,1
HARFORD_002-021,0,13,0,0,0,1,0,0,0,0,0,0,0,0,0,0,0,0,0,0,0,0,0,0,0,0,0,0,0,0,0,0,0,0,0,0,0,0,0,0,0,0,0,0,0,0,0,0,1,0,0,0,0,0,24,3,1,5,0,0,0,3,0,0,2,0,0,0,12,39,17,9
HARFORD_002-022,0,1,0,0,0,1,0,0,0,0,0,0,0,0,0,0,0,0,0,0,0,0,0,0,0,0,0,0,0,0,0,0,0,0,0,0,0,0,0,0,0,0,0,0,0,0,0,0,3,0,0,0,0,0,15,2,0,3,0,0,0,4,0,0,2,0,0,1,3,20,10,5
HARFORD_003-002,0,277,0,0,0,22,0,0,0,0,0,0,0,0,0,0,0,0,0,0,0,0,0,0,0,0,0,0,0,0,6,0,0,0,0,0,0,0,0,0,0,0,0,0,0,0,0,0,53,0,0,0,0,0,935,115,4,143,6,5,2,91,2,1,127,5,2,0,336,1293,577,262
HARFORD_003-003,0,399,0,0,0,18,0,0,0,0,0,0,0,0,0,0,0,0,0,0,0,0,0,0,0,0,0,0,0,0,8,0,0,0,0,0,0,0,0,0,0,0,0,0,0,0,0,0,85,0,0,0,0,0,1396,146,7,163,5,10,3,115,0,2,180,2,4,0,556,1906,877,316
HARFORD_003-004,0,168,0,0,0,12,0,0,0,0,1,0,0,0,0,0,0,0,0,0,0,0,0,0,0,0,0,0,0,0,5,0,0,0,0,0,0,0,0,0,0,0,0,0,0,0,0,0,36,0,0,0,0,0,766,72,0,76,0,10,0,73,0,1,56,1,0,0,261,988,402,148
HARFORD_003-005,0,353,0,0,0,23,0,0,0,0,0,2,0,0,0,0,0,0,0,0,0,0,0,0,0,0,0,0,0,0,6,0,0,0,0,0,0,0,0,0,0,0,0,0,0,0,0,0,84,0,0,0,0,0,1291,106,6,156,3,15,2,117,1,1,149,2,3,0,493,1759,786,268
HARFORD_003-006,0,357,0,0,0,21,0,0,0,0,0,0,0,0,0,0,0,0,0,0,0,0,0,0,0,0,0,0,0,0,8,0,0,0,0,0,0,0,0,0,0,0,0,0,0,0,0,0,77,0,0,0,0,0,1087,143,7,147,2,6,0,103,0,0,155,0,2,1,432,1550,701,297
HARFORD_003-007,0,308,0,0,0,11,0,0,0,0,0,0,0,0,0,0,0,0,0,0,0,0,0,0,0,0,0,0,0,0,9,0,0,0,0,0,0,0,0,0,0,0,0,0,0,0,0,0,61,0,0,0,0,0,884,109,0,123,2,6,0,87,0,3,115,1,4,0,342,1273,560,232
HARFORD_003-008,0,391,0,0,0,14,0,0,0,0,0,0,0,0,0,0,0,0,0,0,0,0,0,0,0,0,0,0,0,0,5,0,0,0,0,0,0,0,0,0,0,0,0,0,0,0,0,0,70,0,0,0,0,0,987,152,4,134,0,12,1,87,0,0,112,5,0,0,363,1467,580,290
HARFORD_003-009,0,439,0,0,0,24,0,0,0,0,0,1,0,0,0,0,0,0,0,0,0,0,0,0,0,0,0,0,0,0,8,0,0,0,0,0,0,0,0,0,0,0,0,0,0,0,0,0,90,0,0,0,0,0,1145,173,5,162,5,13,2,84,2,1,164,4,7,0,424,1707,706,340
HARFORD_003-010,0,358,0,0,0,26,0,0,0,0,0,0,0,0,0,0,0,0,0,0,0,0,0,0,0,0,0,0,0,0,2,0,0,0,0,0,0,0,0,0,0,0,0,0,0,0,0,0,59,0,0,0,0,0,667,145,1,160,1,4,1,74,1,0,85,1,5,0,253,1112,425,306
HARFORD_003-011,0,265,0,0,0,9,0,0,0,0,0,0,0,0,0,0,0,0,0,0,0,0,0,0,0,0,0,1,0,0,4,0,0,0,0,0,0,0,0,0,0,0,0,0,0,0,0,0,48,0,0,0,0,0,576,101,3,122,1,0,1,53,2,0,88,4,1,1,198,903,349,226
HARFORD_003-012,0,298,0,0,0,17,0,0,0,0,0,0,0,0,0,0,0,0,0,0,0,0,0,0,0,0,0,0,0,0,8,0,0,0,0,0,0,0,0,0,0,0,0,0,0,0,0,0,48,0,0,0,0,0,566,102,6,127,3,8,1,60,1,0,72,2,1,0,151,937,299,235
HARFORD_003-013,0,418,0,0,0,25,0,0,1,0,0,0,0,0,0,0,0,0,0,0,0,0,0,0,0,0,0,0,0,0,7,0,0,0,0,0,0,0,0,0,0,0,0,0,0,0,0,0,66,0,0,1,0,0,992,119,5,177,0,6,2,104,1,0,169,6,5,0,369,1510,662,301
HARFORD_003-014,0,211,0,0,0,8,0,0,0,0,0,1,0,0,0,0,0,0,0,0,0,0,0,0,0,0,0,0,0,0,6,0,0,0,0,0,0,0,0,0,0,0,0,0,0,0,0,0,32,0,0,0,0,0,613,80,2,89,0,5,1,56,1,1,69,3,6,0,210,871,352,171
HARFORD_003-015,0,284,0,0,0,14,0,0,0,0,0,2,0,0,0,0,0,0,0,0,0,0,0,0,0,0,0,0,0,0,3,0,0,0,0,0,0,0,0,0,0,0,0,0,0,0,0,0,57,0,0,0,0,0,620,92,0,90,1,4,0,55,0,0,80,1,7,0,210,980,358,182
HARFORD_003-016,0,279,0,0,0,13,0,0,0,0,0,0,0,0,0,0,0,0,0,0,0,0,0,0,0,0,0,0,0,1,6,0,0,0,0,0,0,0,0,0,0,0,0,0,0,0,0,0,33,0,0,0,0,0,589,115,3,128,1,6,2,70,2,0,101,1,4,0,239,921,426,246
HARFORD_003-017,0,256,0,0,0,15,0,0,0,0,0,0,0,0,0,0,0,0,0,0,0,0,0,0,0,0,0,0,0,0,8,0,0,0,0,0,0,0,0,0,0,0,0,0,0,0,0,0,43,0,0,0,0,0,721,129,1,108,3,9,1,70,0,1,142,2,2,0,278,1043,508,238
HARFORD_003-018,0,361,0,0,0,12,0,0,0,1,0,0,0,0,0,0,0,0,0,0,0,0,0,0,0,0,0,0,0,0,7,0,0,0,0,0,0,0,0,0,0,0,0,0,0,0,0,0,54,0,0,0,0,0,611,102,3,100,1,5,0,75,1,3,91,1,1,0,189,1046,367,205
HARFORD_003-019,0,386,0,0,0,16,0,0,0,0,0,0,0,0,0,1,0,0,0,0,0,0,0,0,0,0,0,0,0,0,6,0,0,0,0,0,0,0,0,0,0,0,0,0,0,0,0,0,72,0,0,0,0,0,930,131,0,145,4,5,1,83,0,1,154,1,4,0,332,1411,585,276
HARFORD_003-020,0,236,0,0,0,19,0,0,0,0,0,0,0,0,0,0,0,0,0,0,0,0,0,0,0,0,0,0,0,0,2,0,0,0,0,0,0,0,0,0,0,0,0,0,0,0,0,0,49,0,0,0,0,0,881,119,2,97,3,8,1,91,1,1,99,1,0,0,335,1187,540,218
HARFORD_003-021,0,425,0,0,0,11,0,0,0,0,0,0,0,0,0,0,0,0,0,0,0,0,0,0,0,0,0,0,0,0,6,0,0,0,0,0,0,0,0,0,0,0,0,0,0,0,0,0,74,0,0,0,0,0,864,119,0,141,1,8,0,75,0,1,141,0,6,2,335,1380,569,260
HARFORD_003-022,0,408,0,0,0,8,0,0,0,0,0,0,0,0,0,0,0,0,0,0,0,0,0,0,0,0,0,0,0,0,15,0,0,0,0,0,0,0,0,0,0,0,0,0,0,0,0,0,69,0,0,0,0,0,979,119,4,129,3,6,5,90,1,1,149,4,3,0,354,1479,616,252
HARFORD_003-023,0,409,0,0,0,14,0,0,0,0,0,0,0,0,0,0,0,0,0,0,0,0,0,0,0,0,0,0,0,0,7,0,0,0,0,0,0,0,0,0,0,0,0,0,0,0,0,0,51,0,0,0,0,0,835,182,1,145,2,3,2,82,0,0,124,2,4,0,261,1316,480,328
HARFORD_003-024,0,235,0,0,0,11,0,0,0,0,1,0,0,0,0,0,0,0,0,0,0,0,0,0,0,0,0,0,0,0,5,0,0,0,0,0,0,0,0,0,0,0,0,0,0,0,0,0,45,0,0,0,0,0,711,83,3,77,0,9,0,62,0,3,102,1,7,0,270,1008,454,163
HARFORD_003-025,0,0,0,0,0,0,0,0,0,0,0,0,0,0,0,0,0,0,0,0,0,0,0,0,0,0,0,0,0,0,0,0,0,0,0,0,0,0,0,0,0,0,0,0,0,0,0,0,0,0,0,0,0,0,0,0,0,0,0,0,0,0,0,0,0,0,0,0,0,0,0,0
HARFORD_003-026,0,80,0,0,0,2,0,0,0,0,0,0,0,0,0,0,0,0,0,0,0,0,0,0,0,0,0,0,0,0,3,0,0,0,0,0,0,0,0,0,0,0,0,0,0,0,0,0,14,0,0,0,0,0,300,34,1,22,0,3,1,25,0,1,43,0,1,0,113,399,187,57
HARFORD_003-027,0,43,0,0,0,2,0,0,0,0,0,0,0,0,0,0,0,0,0,0,0,0,0,0,0,0,0,0,0,0,0,0,0,0,0,0,0,0,0,0,0,0,0,0,0,0,0,0,8,0,0,0,0,0,121,15,0,28,0,2,0,5,1,0,13,0,1,0,50,174,72,43
HARFORD_004-001,0,118,0,0,0,4,0,0,0,0,0,0,0,0,0,0,0,0,0,0,0,0,0,0,0,0,0,0,0,0,2,0,0,0,0,0,0,0,0,0,0,0,0,0,0,0,0,0,21,0,0,0,0,0,533,76,1,73,1,3,1,61,0,1,76,0,2,0,229,678,374,150
HARFORD_004-002,0,243,0,0,0,15,0,0,0,0,0,1,0,0,0,0,0,0,0,0,0,0,0,0,0,0,0,0,0,2,5,0,0,0,0,0,0,0,0,0,0,0,0,0,0,0,0,0,53,0,0,0,0,0,870,109,5,122,2,9,2,93,1,0,157,0,2,0,374,1189,640,236
HARFORD_004-003,0,236,0,0,0,11,0,0,0,0,0,0,0,0,0,0,0,0,0,0,0,0,0,0,0,0,0,0,0,0,1,0,0,0,0,0,0,0,0,0,0,0,0,0,0,0,0,0,51,0,0,0,0,0,1170,96,4,143,2,11,1,112,1,1,79,4,2,0,451,1469,664,243
HARFORD_004-004,0,188,0,0,0,7,0,0,0,0,0,0,0,0,0,0,0,0,0,0,0,0,0,0,0,0,0,0,0,0,3,0,0,0,0,0,0,0,0,0,0,0,0,0,0,0,0,0,44,0,0,0,0,0,912,102,2,93,1,7,1,99,0,1,73,2,2,0,371,1154,557,197
HARFORD_004-005,0,271,0,0,0,17,0,0,0,0,0,1,0,0,0,0,0,0,0,0,0,0,0,0,0,0,0,0,0,0,5,0,0,0,0,0,0,0,0,0,0,0,0,0,0,0,0,0,68,0,0,0,0,0,980,99,2,137,3,8,1,104,1,2,120,3,3,0,412,1342,657,238
HARFORD_004-006,0,105,0,0,0,13,0,0,0,0,0,1,0,0,0,0,0,0,0,0,0,0,0,0,0,0,0,0,0,0,3,0,0,0,0,0,0,0,0,0,0,0,0,0,0,0,0,0,36,0,0,0,0,0,622,59,3,85,1,8,0,64,1,0,79,1,0,0,289,780,443,147
HARFORD_004-007,0,68,0,0,0,5,0,0,0,0,0,1,0,0,0,0,0,0,0,0,0,0,0,0,0,0,0,0,0,0,1,0,0,0,0,0,0,0,0,0,0,0,0,0,0,0,0,0,22,0,0,0,0,0,424,48,1,60,1,4,1,33,0,0,49,2,4,1,182,521,277,109
HARFORD_004-008,0,0,0,0,0,0,0,0,0,0,0,0,0,0,0,0,0,0,0,0,0,0,0,0,0,0,0,0,0,0,0,0,0,0,0,0,0,0,0,0,0,0,0,0,0,0,0,0,0,0,0,0,0,0,0,0,0,0,0,0,0,0,0,0,0,0,0,0,0,0,0,0
HARFORD_005-001,0,258,0,0,0,16,0,0,0,0,0,2,0,0,0,0,0,0,0,0,0,0,0,0,0,0,0,0,0,0,1,0,0,0,0,0,0,0,0,0,0,0,0,0,0,0,0,0,40,0,0,0,0,0,1238,99,3,110,3,10,2,87,3,0,50,2,6,0,435,1555,598,212
HARFORD_005-002,0,221,0,0,0,11,0,0,0,0,0,2,0,0,0,0,0,0,0,0,0,0,0,0,0,0,0,0,0,0,2,0,0,0,0,0,0,0,0,0,0,0,0,0,0,0,0,0,50,0,0,0,0,0,976,80,2,83,3,8,1,91,2,0,86,2,3,1,388,1262,585,165
HARFORD_005-003,0,202,0,0,0,16,0,0,0,0,0,1,0,0,0,0,0,0,0,0,0,0,0,0,0,0,0,0,0,0,3,0,0,0,0,0,0,0,0,0,0,0,0,0,0,0,0,0,60,0,0,0,0,0,1134,80,4,123,0,7,2,100,0,2,68,1,5,0,433,1416,618,207
HARFORD_005-004,0,186,0,0,0,7,0,0,0,0,0,1,0,0,0,0,0,0,0,0,0,0,0,0,0,0,0,0,0,0,5,0,0,0,0,0,0,0,0,0,0,0,0,0,0,0,0,0,22,0,0,0,1,0,604,83,2,62,1,5,2,43,1,2,42,2,1,0,207,826,306,147
HARFORD_006-001,0,478,0,0,0,16,0,0,0,0,0,1,0,0,0,0,0,0,0,0,0,0,0,0,0,0,0,0,0,1,2,0,0,0,0,0,0,0,0,0,0,0,0,0,0,0,0,0,36,0,0,0,0,0,419,150,2,140,1,4,2,24,0,0,32,2,1,2,141,953,209,292
HARFORD_006-002,0,423,0,0,0,25,0,0,0,0,0,2,0,0,0,0,0,0,0,0,0,0,0,0,0,0,0,0,0,0,6,0,0,0,0,0,0,0,0,0,0,0,0,0,0,0,0,0,38,0,0,0,0,0,624,181,1,144,2,6,1,51,0,1,78,0,2,1,212,1118,354,326
HARFORD_006-003,1,418,0,0,0,32,0,0,0,0,0,0,0,0,0,0,0,0,0,0,0,0,0,0,0,0,0,0,0,0,2,0,0,0,0,0,0,0,0,0,0,0,0,0,0,0,0,0,38,0,0,0,0,0,524,152,3,149,2,7,2,29,1,0,67,2,4,0,149,1015,263,304
HARFORD_006-004,0,25,0,0,0,0,0,0,0,0,0,0,0,0,0,0,0,0,0,0,0,0,0,0,0,0,0,0,0,0,1,0,0,0,0,0,0,0,0,0,0,0,0,0,0,0,0,0,4,0,0,0,0,0,47,16,1,9,0,0,0,8,0,0,5,0,0,0,26,77,39,26
HARFORD_006-005,0,64,0,0,0,0,0,0,0,0,0,0,0,0,0,0,0,0,0,0,0,0,0,0,0,0,0,0,0,0,1,0,0,0,0,0,0,0,0,0,0,0,0,0,0,0,0,0,5,0,0,0,0,0,52,31,0,13,1,1,1,4,0,0,3,0,0,0,8,122,18,44
HARFORD_006-006,0,602,0,0,0,28,0,0,0,0,0,0,0,0,0,0,0,0,0,0,0,0,0,0,0,0,0,0,0,0,2,0,0,0,0,0,0,0,0,0,0,0,0,0,0,0,0,0,70,0,0,0,0,0,835,314,2,151,4,11,2,102,2,0,142,0,3,1,346,1537,613,467
HARFORD_006-007,0,47,0,0,0,2,0,0,0,0,0,0,0,0,0,0,0,0,0,0,0,0,0,0,0,0,0,0,0,0,0,0,0,0,0,0,0,0,0,0,0,0,0,0,0,0,0,0,4,0,0,0,0,0,115,17,0,13,0,2,1,10,0,0,5,0,0,0,36,168,54,30
HOWARD_001-001,0,539,0,0,0,21,0,0,0,0,0,0,0,0,1,0,0,0,0,0,0,0,0,0,0,0,0,0,0,0,5,0,0,0,0,0,0,0,0,0,0,0,0,0,0,0,0,0,77,0,0,0,0,0,538,206,3,175,1,9,4,69,2,0,103,0,2,1,171,1181,362,384
HOWARD_001-002,0,105,0,0,0,5,0,0,0,0,0,0,0,0,0,0,0,0,0,0,0,0,0,0,0,0,0,0,0,0,1,0,0,0,0,0,0,0,0,0,0,0,0,0,0,0,0,0,5,0,0,0,0,0,176,46,2,40,1,0,0,20,0,0,34,0,0,0,44,292,99,88
HOWARD_001-003,0,531,0,0,0,18,0,0,0,0,0,0,0,0,0,0,0,0,0,0,0,0,0,0,0,0,0,0,0,0,9,0,0,0,0,0,0,0,0,0,0,0,0,0,0,0,0,0,52,0,0,0,0,0,288,186,0,136,2,2,0,40,1,0,89,2,3,0,72,898,211,322
HOWARD_001-004,0,727,0,0,0,20,0,0,0,0,0,0,0,0,0,0,0,0,0,0,0,0,0,0,0,0,0,0,0,0,13,0,0,0,0,0,0,0,0,0,0,0,0,0,0,0,0,0,82,0,1,0,0,0,661,296,0,196,1,5,2,72,2,0,192,1,1,1,218,1504,495,492
HOWARD_001-005,0,120,0,0,0,4,0,0,0,0,1,0,0,0,0,0,0,0,0,0,0,0,0,0,0,0,0,0,0,0,4,0,0,0,0,0,0,0,0,0,0,0,0,0,0,0,0,0,15,0,0,0,0,0,108,59,0,43,1,2,0,13,0,0,46,0,1,0,42,252,105,102
HOWARD_001-006,0,432,0,0,0,13,0,0,0,0,0,1,0,0,0,0,0,0,0,0,0,0,0,0,0,0,0,0,0,0,4,0,0,0,0,0,0,0,1,0,0,0,0,0,0,0,0,0,45,0,0,0,0,0,338,146,1,136,0,0,0,21,0,0,36,1,1,0,79,834,138,283
HOWARD_001-007,0,150,0,0,0,7,0,0,0,0,0,0,0,0,0,0,0,0,0,0,0,0,0,0,0,0,0,0,0,0,0,0,0,0,0,0,0,0,0,0,0,0,0,0,0,0,0,0,11,0,0,0,0,0,88,47,0,40,0,0,0,15,1,0,24,0,1,0,21,256,62,87
HOWARD_001-008,0,536,0,0,0,16,0,0,0,0,0,0,0,0,0,0,0,0,0,0,0,0,0,0,1,0,0,0,0,0,5,0,0,0,0,0,0,0,0,0,0,0,0,0,0,0,0,0,49,0,0,0,0,0,407,163,2,156,2,4,2,44,0,2,49,0,0,1,133,1014,237,321
HOWARD_001-009,0,451,0,0,0,14,0,0,0,0,0,0,0,0,0,0,0,0,0,1,0,0,0,0,0,0,0,0,0,0,4,0,0,0,0,0,0,0,0,0,0,0,0,0,0,0,0,0,27,0,0,0,0,0,259,182,1,144,1,2,0,38,0,1,45,0,1,0,65,756,153,327
HOWARD_001-010,0,389,0,0,0,10,0,0,0,0,0,0,0,0,0,0,0,0,0,0,0,0,0,0,0,0,0,0,0,0,11,0,0,0,0,0,0,0,0,0,0,0,0,0,0,0,0,0,38,0,0,0,0,0,219,143,0,119,2,3,0,29,0,0,59,0,1,0,62,667,156,262
HOWARD_001-011,0,238,0,0,0,11,0,0,0,0,0,0,0,0,0,0,0,0,0,0,0,0,0,0,0,0,0,0,0,0,4,0,0,0,0,0,0,0,0,0,0,0,0,0,0,0,0,0,23,0,0,0,0,0,179,98,0,55,1,1,0,18,0,0,51,1,1,0,56,455,129,153
HOWARD_001-012,0,221,0,0,0,9,0,0,0,0,0,0,0,0,0,0,0,0,0,0,0,0,0,0,0,0,0,0,0,0,2,0,0,0,0,0,0,0,0,0,0,0,0,0,0,0,0,0,21,0,0,0,0,0,176,89,1,63,2,2,0,35,1,0,47,0,2,0,45,429,134,153
HOWARD_001-013,0,307,0,0,0,7,0,0,0,0,0,0,0,0,0,0,0,0,0,0,0,0,0,0,0,0,0,0,0,1,1,0,0,0,0,0,0,0,0,0,0,0,0,0,0,0,0,0,34,0,0,0,0,0,375,93,4,103,0,5,0,39,0,0,56,2,3,0,98,725,203,200
HOWARD_001-014,0,427,0,0,0,12,0,0,0,0,0,0,0,0,0,0,0,0,0,0,0,0,0,0,0,0,0,0,0,0,4,0,0,0,0,0,0,0,0,0,0,0,0,0,0,0,0,0,38,0,0,0,0,0,341,200,1,122,2,7,3,53,2,0,102,0,1,0,102,822,272,323
HOWARD_001-015,0,793,0,0,0,32,0,0,0,0,0,0,0,0,0,0,0,0,0,0,0,0,0,0,0,0,0,0,0,0,3,0,0,0,0,0,0,0,0,0,0,0,0,0,0,0,0,0,51,0,0,0,0,0,267,304,0,171,1,1,0,42,0,0,39,0,2,0,67,1146,152,475
HOWARD_001-016,0,125,0,0,0,3,0,0,0,0,0,0,0,0,0,0,0,0,0,0,0,0,0,0,0,0,0,0,0,0,0,0,0,0,0,0,0,0,0,0,0,0,0,0,0,0,0,0,17,0,0,0,1,0,174,40,0,46,0,1,2,13,0,0,12,0,2,0,43,320,73,86
HOWARD_001-017,0,197,0,0,0,8,0,0,0,0,0,0,0,0,0,0,0,0,0,0,0,0,0,0,0,0,0,0,0,0,2,0,0,0,0,0,0,0,0,0,0,0,0,0,0,0,0,0,12,0,0,0,0,0,59,79,1,53,1,0,0,5,0,0,12,0,1,0,25,278,44,133
HOWARD_001-018,0,87,0,0,0,3,0,0,0,0,0,0,0,0,0,0,0,0,0,0,0,0,0,0,0,0,0,0,0,0,1,0,0,0,0,0,0,0,0,0,0,0,0,0,0,0,0,0,11,0,0,0,0,0,89,38,0,17,0,0,0,3,1,0,18,0,0,0,27,191,49,55
HOWARD_001-019,0,8,0,0,0,1,0,0,0,0,0,0,0,0,0,0,0,0,0,0,0,0,0,0,0,0,0,0,0,0,0,0,0,0,0,0,0,0,0,0,0,0,0,0,0,0,0,0,2,0,0,0,0,0,12,6,0,2,0,0,0,3,0,0,4,0,0,0,4,23,11,8
HOWARD_001-020,0,100,0,0,0,2,0,0,0,0,0,1,0,0,0,0,0,0,0,0,0,0,0,0,0,0,0,0,0,0,0,0,0,0,0,0,0,0,0,0,0,0,0,0,0,0,0,0,14,0,0,0,0,0,125,47,1,28,3,0,1,25,0,0,39,0,0,1,37,242,106,76
HOWARD_001-021,0,519,0,0,0,12,0,0,0,0,0,0,0,0,0,0,0,0,0,0,0,0,0,0,0,0,0,0,0,0,0,0,0,0,0,0,0,0,0,0,0,0,0,0,0,0,0,0,35,0,0,0,0,0,194,155,1,129,0,1,0,24,1,0,32,0,1,0,39,760,98,285
HOWARD_002-001,0,475,0,0,0,10,0,0,0,0,0,0,0,0,0,0,0,0,0,0,0,0,0,0,0,0,0,0,0,0,1,0,0,0,0,0,0,0,0,0,0,0,0,0,0,0,0,0,26,0,0,1,0,0,252,181,2,162,3,1,1,33,0,0,45,1,1,0,89,765,174,345
HOWARD_002-002,0,623,0,0,0,28,0,0,0,0,0,0,0,0,0,0,0,0,0,0,0,0,0,0,0,0,0,0,0,0,12,0,0,0,0,0,0,0,0,0,0,0,0,0,0,0,0,0,62,0,0,0,0,0,430,242,1,200,1,2,2,66,2,1,123,0,2,1,119,1155,319,443
HOWARD_002-003,0,612,0,0,0,19,0,0,0,0,0,0,0,0,0,0,0,0,0,0,0,0,0,0,0,0,0,0,0,0,9,0,0,0,0,0,0,0,0,0,0,0,0,0,0,0,0,0,58,1,0,0,0,0,451,269,1,209,1,4,4,71,1,0,139,0,2,1,162,1150,385,479
HOWARD_002-004,0,465,0,0,0,7,0,0,0,0,0,0,0,0,0,0,0,0,0,0,0,0,0,0,0,0,0,0,0,0,3,0,0,0,0,0,0,0,0,0,0,0,0,0,0,0,0,0,36,0,0,0,1,0,183,180,0,101,2,1,0,40,1,0,40,0,1,0,38,695,123,281
HOWARD_002-005,0,291,0,0,0,8,0,0,0,0,0,0,0,0,0,0,0,0,0,0,0,0,0,0,0,0,0,0,0,0,3,0,0,0,0,0,0,0,0,0,0,0,0,0,0,0,0,0,35,0,0,0,0,0,213,132,0,86,0,3,0,20,0,0,81,1,1,0,69,550,175,218
HOWARD_002-006,0,340,0,0,0,17,0,0,0,0,0,0,0,0,0,0,0,0,0,0,0,0,0,0,0,0,0,0,0,0,3,0,0,0,0,0,0,0,0,0,0,0,0,0,0,0,0,0,42,0,0,0,0,0,271,130,1,116,1,0,0,40,0,0,73,1,0,2,99,673,216,247
HOWARD_002-007,0,318,0,0,0,8,0,0,0,0,0,0,0,0,0,0,0,0,0,0,0,0,0,0,0,0,0,0,0,0,12,0,0,0,0,0,0,0,0,0,0,0,0,0,0,0,0,0,48,0,0,0,1,0,343,156,2,81,0,1,0,57,4,0,140,0,2,0,98,730,302,239
HOWARD_002-008,0,470,0,0,0,12,0,0,0,0,0,0,0,0,0,0,0,0,0,0,0,0,0,0,0,0,0,0,0,0,7,0,0,0,0,0,0,0,0,0,0,0,0,0,0,0,0,0,57,0,0,0,0,0,376,227,3,144,1,1,2,61,1,0,96,0,3,0,158,922,323,374
HOWARD_002-009,0,602,0,0,0,11,0,0,0,0,0,0,0,0,0,0,0,0,0,0,0,0,0,0,0,0,0,0,0,0,1,0,0,0,0,0,0,0,0,0,0,0,0,0,0,0,0,0,26,0,0,0,0,0,222,227,1,165,1,0,0,24,0,0,56,0,2,1,81,862,165,393
HOWARD_002-010,0,346,0,0,0,10,0,0,0,0,0,0,0,0,0,0,0,0,0,0,0,0,0,0,0,0,0,0,0,0,7,0,0,0,0,0,0,0,0,0,0,0,0,0,0,0,0,0,27,0,0,0,0,0,188,156,1,93,0,1,2,31,1,0,65,0,0,0,65,578,165,250
HOWARD_002-011,0,359,0,0,0,13,0,0,0,0,0,0,0,0,0,0,0,0,0,0,0,0,0,0,1,0,0,0,0,0,4,0,0,0,0,0,0,0,0,0,0,0,0,0,0,0,0,0,38,0,0,0,0,0,282,172,2,101,0,4,0,46,1,1,115,2,0,0,125,697,294,275
HOWARD_002-012,0,402,0,0,0,19,0,0,0,0,0,1,0,0,0,0,0,0,0,0,0,0,0,0,0,0,0,0,0,0,5,0,0,0,0,0,0,0,0,0,0,0,0,0,0,0,0,0,46,0,0,0,0,0,336,182,2,177,2,2,0,58,0,0,112,0,2,0,114,809,290,361
HOWARD_002-013,0,191,0,0,0,1,0,0,0,0,0,0,0,0,0,0,0,0,0,0,0,0,0,0,0,0,0,0,0,0,0,0,0,0,0,0,0,0,0,0,0,0,0,0,0,0,0,0,24,0,0,0,0,0,110,124,1,53,0,0,0,19,0,0,49,0,1,0,35,326,104,178
HOWARD_002-014,0,233,0,0,0,5,0,0,0,0,0,0,0,0,0,0,0,0,0,0,0,0,0,0,0,0,0,0,0,0,1,0,0,0,0,0,0,0,0,0,0,0,0,0,0,0,0,0,17,0,0,0,0,0,89,129,1,70,0,1,1,4,0,0,58,0,0,0,32,345,96,200
HOWARD_002-015,0,348,0,0,0,10,0,0,0,0,0,0,0,0,0,0,0,0,0,0,0,0,0,0,0,0,0,0,0,0,3,0,0,0,0,0,0,0,0,0,0,0,0,0,0,0,0,0,41,0,0,0,0,0,270,181,1,134,1,2,1,41,1,0,107,0,0,1,98,672,252,316
HOWARD_002-016,0,544,0,0,0,8,0,0,0,0,0,0,0,0,0,0,0,0,0,0,0,0,0,0,0,0,0,0,0,0,3,0,0,0,0,0,0,0,0,0,0,0,0,0,0,0,0,0,48,0,0,0,0,0,369,277,0,155,1,1,0,46,1,0,113,1,2,0,125,972,290,432
HOWARD_002-017,0,113,0,0,0,4,0,0,0,0,0,0,0,0,0,0,0,0,0,0,0,0,0,0,0,0,0,0,0,0,0,0,0,0,0,0,0,0,0,0,0,0,0,0,0,0,0,0,8,0,0,0,0,0,56,44,0,25,0,1,0,7,0,0,25,0,1,0,21,181,55,69
HOWARD_002-018,0,409,0,0,0,6,0,0,0,0,0,0,0,0,0,0,0,0,0,0,0,0,0,0,0,0,0,0,0,0,10,0,0,0,0,0,0,0,0,0,0,0,0,0,0,0,0,0,49,0,0,0,0,0,360,153,4,129,3,1,0,54,0,0,145,1,4,1,112,834,321,286
HOWARD_002-019,0,367,0,0,0,9,0,0,0,0,0,0,0,0,0,0,0,0,0,0,0,0,0,0,0,0,0,0,0,0,7,0,0,0,0,0,0,0,0,0,0,0,0,0,0,0,0,0,42,0,0,0,1,0,336,159,4,93,3,1,0,50,0,0,89,1,0,0,105,762,249,256
HOWARD_002-020,0,204,0,0,0,6,0,0,0,0,0,0,0,0,1,0,0,0,0,0,0,0,0,0,0,0,0,0,0,0,1,0,0,0,0,0,0,0,0,0,0,0,0,0,0,0,0,0,16,0,0,0,1,0,136,119,0,66,1,1,0,25,0,0,42,0,1,0,37,365,107,185
HOWARD_002-021,0,64,0,0,0,0,0,0,0,0,0,0,0,0,0,0,0,0,0,0,0,0,0,0,0,0,0,0,0,0,1,0,0,0,0,0,0,0,0,0,0,0,0,0,0,0,0,0,6,0,0,0,0,0,55,27,2,35,0,0,0,5,0,0,15,0,1,0,29,126,50,64
HOWARD_002-022,0,13,0,0,0,4,0,0,0,0,0,0,0,0,0,0,0,0,0,0,0,0,0,0,0,0,0,0,0,0,0,0,0,0,0,0,0,0,0,0,0,0,0,0,0,0,0,0,2,0,0,0,0,0,6,7,0,12,0,0,0,0,0,0,4,0,0,0,4,25,8,19
HOWARD_002-023,0,347,0,0,0,13,0,0,0,0,0,0,0,0,0,0,0,0,0,0,0,0,0,0,0,0,0,0,0,0,5,0,0,0,0,0,0,0,0,0,0,0,0,0,0,0,0,0,28,0,0,0,0,0,121,141,1,99,0,1,0,15,0,0,29,2,0,1,39,514,87,241
HOWARD_002-024,0,232,0,0,0,9,0,0,0,0,0,0,0,0,0,0,0,0,0,0,0,0,0,0,0,0,0,0,0,0,10,0,0,0,0,0,0,0,0,0,0,0,0,0,0,0,0,0,21,0,0,0,0,0,229,109,0,88,0,1,0,43,0,0,88,0,0,0,68,501,200,197
HOWARD_002-025,0,314,0,0,0,7,0,0,0,0,0,0,0,0,0,0,0,0,0,0,0,0,0,0,0,0,0,0,0,0,5,0,0,0,0,0,0,0,0,0,0,0,0,0,0,0,0,0,33,0,0,0,0,0,224,154,1,92,1,1,0,37,1,1,70,1,1,1,74,583,188,247
HOWARD_002-026,0,318,0,0,0,9,0,0,0,0,0,0,0,0,0,0,0,0,0,0,0,0,0,0,0,0,0,0,0,0,7,0,0,0,0,0,0,0,0,0,0,0,0,0,0,0,0,0,43,0,0,0,0,0,213,131,3,111,1,2,0,24,0,0,81,1,2,0,87,590,198,245
HOWARD_003-001,0,271,0,0,0,4,0,0,0,0,0,0,0,0,0,0,0,0,0,0,0,0,0,0,0,0,0,0,0,0,1,0,0,0,0,0,0,0,0,0,0,0,0,0,0,0,0,0,33,0,0,0,0,0,400,121,1,86,2,3,1,45,1,0,88,1,2,0,159,709,302,208
HOWARD_003-002,0,435,0,0,0,20,0,0,0,0,0,0,0,0,0,0,0,0,0,0,0,0,0,0,0,0,0,0,0,0,6,0,0,0,0,0,0,0,0,0,0,0,0,0,0,0,0,0,59,0,0,0,0,0,787,194,4,127,2,4,2,108,0,1,160,3,3,4,266,1307,553,325
HOWARD_003-003,0,387,0,0,0,11,0,0,0,0,0,0,0,0,0,0,0,0,0,0,0,0,0,0,0,0,0,0,0,0,3,0,0,0,0,0,0,0,0,0,0,0,0,0,0,0,0,0,49,0,0,0,0,0,457,178,1,136,5,2,0,64,0,0,132,2,0,0,151,907,356,315
HOWARD_003-004,0,46,0,0,0,1,0,0,0,0,0,0,0,0,0,0,0,0,0,0,0,0,0,0,0,0,0,0,0,0,0,0,0,0,0,0,0,0,0,0,0,0,0,0,0,0,0,0,1,0,0,0,0,0,51,25,0,5,0,0,0,8,1,0,15,0,0,0,20,99,44,30
HOWARD_003-005,0,622,0,0,0,13,0,0,0,0,0,0,0,0,0,0,0,0,0,0,0,0,0,0,0,0,0,0,0,0,5,0,0,0,0,0,0,0,0,0,0,0,0,0,0,0,0,0,76,0,0,0,0,0,688,291,1,149,3,7,1,78,0,0,158,2,2,0,239,1404,490,441
HOWARD_003-006,0,386,0,0,0,11,0,0,0,0,0,0,0,0,0,0,0,0,0,0,0,0,0,0,0,0,0,0,0,0,10,0,0,0,0,0,0,0,0,0,0,0,0,0,0,0,0,0,53,0,0,0,0,0,501,159,4,110,3,3,0,87,2,1,148,1,3,0,157,961,405,273
HOWARD_004-001,0,307,0,0,0,9,0,0,0,0,0,0,0,0,0,0,0,0,0,0,0,0,0,0,0,0,0,0,0,0,1,0,0,0,0,0,0,0,0,0,0,0,0,0,0,0,0,0,51,1,0,0,1,0,552,97,1,87,0,7,0,66,1,0,63,0,0,0,174,922,311,185
HOWARD_004-002,0,385,0,0,0,10,0,0,0,0,0,0,0,0,0,0,0,0,0,0,0,0,0,0,0,0,0,0,0,0,1,0,0,0,0,0,0,0,0,0,0,0,0,0,0,0,0,0,69,0,0,0,0,0,532,148,3,123,2,3,1,78,1,0,152,3,1,0,179,997,420,274
HOWARD_004-003,0,359,0,0,0,10,0,0,0,0,0,0,0,0,0,0,0,0,0,0,0,0,0,0,1,0,0,0,0,0,4,0,0,0,0,0,0,0,0,0,0,0,0,0,0,0,0,0,54,0,0,0,0,0,701,138,1,72,3,6,1,90,0,0,120,9,3,0,256,1129,488,211
HOWARD_004-004,0,375,0,0,0,19,0,0,0,0,0,0,0,0,0,0,0,0,0,0,0,0,0,0,0,0,0,0,0,2,7,0,0,0,0,0,0,0,0,0,0,0,0,0,0,0,0,0,50,0,0,0,0,0,828,147,0,106,1,7,1,112,2,2,149,1,6,0,276,1281,557,253
HOWARD_004-005,0,269,0,0,0,11,0,0,0,0,0,2,0,0,0,0,0,0,0,0,0,0,0,0,0,0,0,0,0,0,5,0,0,0,0,0,0,0,0,0,0,0,0,0,0,0,0,0,47,0,0,0,0,0,685,97,1,92,2,4,0,82,0,0,109,1,1,0,237,1019,436,190
HOWARD_004-006,0,437,0,0,0,17,0,0,0,0,0,1,0,0,0,0,0,0,0,0,0,0,0,0,0,0,0,0,0,2,4,0,0,0,0,0,0,0,0,0,0,0,0,0,0,0,0,0,56,0,0,0,0,0,726,138,2,97,2,2,0,94,2,0,163,0,2,0,262,1243,527,237
HOWARD_005-001,0,659,0,0,0,15,0,0,0,0,0,0,0,0,0,0,0,0,0,0,0,0,0,0,0,0,0,0,0,0,11,0,0,0,0,0,0,0,0,0,0,0,0,0,0,0,0,0,59,0,1,0,0,0,640,281,2,171,0,6,2,80,2,0,168,1,1,0,224,1385,484,454
HOWARD_005-002,0,168,0,0,0,6,0,0,0,0,0,0,0,0,0,0,0,0,0,0,0,0,0,0,0,0,0,0,0,0,2,0,0,0,0,0,0,0,0,0,0,0,0,0,0,0,0,0,18,0,0,0,0,0,78,113,0,86,0,0,1,18,0,0,27,0,1,0,25,272,72,199
HOWARD_005-003,0,759,0,0,0,23,0,0,0,0,0,0,0,0,0,0,0,0,0,0,0,0,0,0,0,0,0,0,0,1,2,0,0,0,0,0,0,0,0,0,0,0,0,0,0,0,0,0,39,0,0,0,0,0,155,410,2,222,3,2,0,29,1,0,52,0,3,0,47,979,137,634
HOWARD_005-004,0,640,0,0,0,19,0,0,0,0,0,0,0,0,0,0,0,0,0,0,0,0,0,0,0,0,0,0,0,0,6,0,0,0,0,0,0,0,0,0,0,0,0,0,0,0,0,0,30,0,0,0,0,0,177,281,0,221,0,1,0,24,0,1,41,1,3,0,52,872,123,502
HOWARD_005-005,0,622,0,0,1,13,0,0,0,0,0,0,0,0,0,0,0,0,0,0,0,0,0,0,0,0,0,0,0,0,4,0,0,0,0,0,0,0,0,0,0,0,0,0,0,0,0,0,52,0,0,0,1,0,455,276,4,187,1,1,1,62,1,1,139,1,6,0,163,1148,376,467
HOWARD_005-006,0,989,0,0,0,23,0,0,1,0,0,2,0,0,0,0,0,0,0,0,0,0,0,0,0,0,0,0,0,0,5,0,0,1,0,0,0,0,0,0,0,0,0,0,0,0,0,0,81,0,1,0,0,1,592,413,1,197,0,1,2,80,2,1,172,1,3,0,176,1696,438,611
HOWARD_005-007,0,421,0,0,0,15,0,0,0,0,0,0,0,0,0,0,0,0,0,0,0,0,0,0,1,0,0,0,0,0,2,0,0,0,1,0,0,0,0,0,0,0,0,0,0,0,0,0,16,0,0,0,0,0,107,208,0,125,1,1,0,27,1,0,44,0,1,0,28,563,103,333
HOWARD_005-008,0,454,0,0,0,19,0,0,0,0,0,1,0,0,0,0,0,0,0,0,0,0,0,0,0,0,0,0,0,2,2,0,0,0,0,0,0,0,0,0,0,0,0,0,0,0,0,0,30,0,0,0,0,0,92,262,0,172,2,0,0,8,0,0,27,0,0,1,24,600,62,434
HOWARD_005-009,0,508,0,0,0,11,0,0,0,0,0,0,0,0,0,0,0,0,0,0,0,0,0,0,0,0,0,0,0,2,3,0,0,0,0,0,0,0,0,0,0,0,0,0,0,0,0,0,30,0,0,0,0,0,120,191,4,145,0,2,0,25,0,0,33,2,0,1,32,674,95,340
HOWARD_005-010,0,760,0,0,0,17,0,0,0,0,0,0,0,0,0,0,0,0,0,0,0,0,0,0,1,0,0,0,0,1,8,0,0,0,0,0,0,0,0,0,0,0,0,0,0,0,0,0,47,0,2,0,0,0,407,291,2,192,1,1,0,49,2,1,115,1,4,0,130,1243,304,485
HOWARD_005-011,0,281,0,0,0,14,0,0,0,0,0,0,0,0,0,0,0,0,0,0,0,0,0,0,0,0,0,0,0,0,4,0,0,0,0,0,0,0,0,0,0,0,0,0,0,0,0,0,27,0,0,0,0,0,328,129,0,99,0,1,0,51,1,0,80,0,2,0,116,654,251,228
HOWARD_005-012,0,537,0,0,0,17,0,0,0,0,0,0,0,0,0,0,0,0,0,0,0,0,0,0,0,0,0,0,0,1,4,0,0,0,1,0,0,0,0,0,0,0,0,0,0,0,0,0,29,0,0,0,0,0,153,301,2,175,0,1,1,26,1,0,61,0,2,0,40,742,132,478
HOWARD_005-013,0,301,0,0,0,9,0,0,0,0,0,0,0,0,0,0,0,0,0,0,0,0,0,0,0,0,0,0,0,0,7,0,0,0,0,0,0,0,0,0,0,0,0,0,0,0,0,0,25,0,0,0,0,0,124,165,4,93,1,1,0,10,1,1,53,0,0,0,52,466,119,262
HOWARD_005-014,0,168,0,0,0,1,0,0,0,0,0,0,0,0,0,0,0,0,0,0,0,0,0,0,0,0,0,0,0,0,4,0,0,0,0,0,0,0,0,0,0,0,0,0,0,0,0,0,21,0,0,0,0,0,99,105,0,59,0,0,2,19,0,0,30,0,0,0,31,293,82,164
HOWARD_005-015,0,691,0,0,0,21,0,0,0,0,0,0,0,0,0,0,0,0,0,0,0,0,0,0,0,0,0,0,0,0,2,0,0,0,0,0,0,0,0,0,0,0,0,0,0,0,0,0,46,0,0,0,0,0,248,348,0,218,1,2,1,37,1,0,89,1,0,0,80,1008,212,566
HOWARD_005-016,0,475,0,0,0,10,0,0,0,0,0,0,0,0,0,0,0,0,0,0,0,0,0,0,0,0,0,0,0,0,3,0,0,0,0,0,0,0,0,0,0,0,0,0,0,0,0,0,34,0,0,0,0,1,175,177,0,137,0,0,1,19,2,0,52,0,1,0,41,698,116,314
HOWARD_005-017,0,353,0,0,0,9,0,0,0,0,0,0,0,0,0,0,0,0,0,0,0,0,0,0,0,0,0,0,0,0,6,0,0,0,0,0,0,0,0,0,0,0,0,0,0,0,0,0,15,0,0,0,0,0,149,213,1,110,3,1,0,29,2,0,70,1,0,0,55,532,161,324
HOWARD_005-018,0,264,0,0,0,14,0,0,0,0,0,0,0,0,0,0,0,0,0,0,0,0,0,0,0,0,0,0,0,1,1,0,0,0,0,0,0,0,0,0,0,0,0,0,0,0,0,0,18,0,0,0,0,0,96,125,1,124,0,0,0,16,0,0,18,0,0,0,16,394,50,250
HOWARD_005-019,0,540,0,0,0,21,0,0,0,0,0,0,0,0,0,0,0,0,0,0,0,0,0,0,0,0,0,0,0,0,4,0,0,0,0,0,0,0,0,0,0,0,0,0,0,0,0,0,54,0,0,0,0,0,706,226,1,152,2,8,1,78,0,0,144,4,3,0,240,1325,480,379
HOWARD_005-020,0,475,0,0,0,9,0,0,0,0,0,0,0,0,0,0,0,0,0,0,0,0,0,0,0,0,0,0,0,0,7,0,0,0,0,0,0,0,0,0,0,0,0,0,0,0,0,0,49,0,0,0,0,0,459,177,4,106,1,3,0,56,0,1,124,1,2,0,165,999,353,287
HOWARD_005-021,0,529,0,0,0,24,0,0,0,0,0,0,0,0,0,0,0,0,0,0,0,0,0,0,0,0,0,0,0,0,3,0,0,0,0,0,0,0,0,0,0,0,0,0,0,0,0,0,34,0,0,0,1,0,123,249,0,181,1,1,0,27,1,0,50,0,2,0,34,714,116,430
HOWARD_005-022,0,889,0,0,0,20,0,0,0,0,0,0,0,0,0,0,0,0,0,0,0,0,0,0,0,0,0,0,0,2,10,0,0,0,0,0,0,0,0,0,0,0,0,0,0,0,0,0,46,0,1,0,0,1,407,466,3,252,2,2,0,48,0,0,161,0,2,1,105,1376,321,721
HOWARD_005-023,0,312,0,0,0,9,0,0,0,0,0,0,0,0,0,0,0,0,0,0,0,0,0,0,0,0,0,0,0,0,2,0,0,0,0,0,0,0,0,0,0,0,0,0,0,0,0,0,14,0,0,0,1,0,85,169,0,98,0,0,1,13,0,1,33,3,2,0,36,423,89,267
HOWARD_005-024,0,233,0,0,0,3,0,0,0,0,0,0,0,0,0,0,0,0,0,0,0,0,0,0,0,0,0,0,0,0,2,0,0,0,0,0,0,0,0,0,0,0,0,0,0,0,0,0,16,0,1,0,0,0,193,92,0,70,0,0,0,25,1,0,38,0,0,0,63,448,127,162
HOWARD_006-001,0,345,0,0,0,11,0,0,0,0,0,0,0,0,0,0,0,0,0,0,0,0,0,0,0,0,0,0,0,0,8,0,0,0,0,0,0,0,0,0,0,0,0,0,0,0,0,0,35,0,0,0,0,0,274,141,2,110,0,3,0,29,1,0,45,1,2,0,75,673,156,253
HOWARD_006-002,0,943,0,0,0,31,0,0,0,0,0,0,0,0,0,0,0,0,0,0,0,0,0,0,0,0,0,0,0,0,8,0,0,0,0,0,0,0,0,0,0,0,0,0,0,0,0,0,41,0,0,0,0,0,260,350,1,208,3,6,0,52,0,0,63,0,1,0,63,1283,188,559
HOWARD_006-003,0,384,0,0,0,14,0,0,0,0,2,0,0,0,0,0,0,0,0,0,0,0,0,0,0,0,0,0,0,2,6,0,0,0,0,0,0,0,0,0,0,0,0,0,0,0,0,0,42,0,0,0,0,0,253,147,0,104,1,2,1,48,0,1,73,2,3,2,95,703,228,251
HOWARD_006-004,0,612,0,0,0,17,0,0,0,0,0,0,0,0,0,0,0,0,0,0,0,0,0,0,0,0,0,0,0,4,9,0,0,0,0,0,0,0,0,0,0,0,0,0,0,0,0,0,46,0,0,0,0,1,378,301,3,190,1,1,1,59,1,1,154,1,2,2,93,1067,316,494
HOWARD_006-005,0,392,0,0,0,14,0,0,0,0,0,0,0,0,0,0,0,0,0,0,0,0,0,0,0,0,0,0,0,0,6,0,0,0,0,0,0,0,0,0,0,0,0,0,0,0,0,0,34,0,0,0,0,0,159,190,0,167,1,0,0,25,0,0,47,1,0,0,36,605,110,357
HOWARD_006-006,0,412,0,0,0,12,0,0,0,0,2,0,0,0,0,0,0,0,0,0,0,0,0,0,0,0,0,0,0,0,5,0,0,0,0,0,0,0,0,0,0,0,0,0,0,0,0,0,22,0,0,0,0,0,155,230,1,136,0,3,0,17,2,0,47,0,0,0,53,608,122,367
HOWARD_006-007,0,262,0,0,0,5,0,0,0,0,0,0,0,0,0,0,0,0,0,0,0,0,0,0,0,0,0,0,0,0,1,0,0,0,0,0,0,0,0,0,0,0,0,0,0,0,0,0,18,0,0,0,0,0,143,127,0,66,0,4,0,22,1,0,19,0,0,0,43,429,89,193
HOWARD_006-008,0,448,0,0,0,13,0,0,0,0,0,0,0,0,0,0,0,0,0,0,0,0,0,0,0,0,0,0,0,0,4,0,0,0,0,0,0,0,0,0,0,0,0,0,0,0,0,0,35,0,0,0,0,0,103,199,1,139,1,0,1,18,0,1,35,2,0,1,31,603,90,339
HOWARD_006-009,0,654,0,0,0,19,0,0,0,0,0,0,0,0,0,0,0,0,0,0,0,0,0,0,0,0,0,0,0,2,7,0,0,0,0,0,0,0,0,0,0,0,0,0,0,0,0,0,28,0,0,0,0,0,126,288,1,188,0,1,0,34,0,0,24,1,0,0,29,836,89,477
HOWARD_006-010,0,472,0,0,0,22,0,0,0,0,0,0,0,0,0,0,0,0,0,0,0,0,0,0,0,0,0,0,0,1,11,0,0,0,0,0,0,0,0,0,0,0,0,0,0,0,0,0,37,0,1,0,0,1,199,278,3,152,4,0,0,31,0,0,64,0,2,0,54,744,155,433
HOWARD_006-011,0,561,0,0,0,15,0,0,0,0,0,0,0,0,0,0,0,0,0,0,0,0,0,0,0,0,0,0,0,0,7,0,0,0,0,0,0,0,0,0,0,0,0,0,0,0,0,0,32,0,0,0,0,0,198,249,3,169,2,2,0,36,0,0,60,0,0,0,55,813,155,421
HOWARD_006-012,0,245,0,0,0,4,0,0,0,0,0,0,0,0,0,0,0,0,0,0,0,0,0,0,0,0,0,0,0,0,0,0,0,0,0,0,0,0,0,0,0,0,0,0,0,0,0,0,23,0,0,0,0,0,77,124,0,84,1,1,0,12,0,0,31,0,1,0,27,349,73,208
HOWARD_006-013,0,331,0,0,0,11,0,0,0,0,0,1,0,0,0,0,0,0,0,0,0,0,0,0,0,0,0,0,0,1,5,0,0,0,0,0,0,0,0,0,0,0,0,0,0,0,0,0,32,0,0,0,0,1,165,165,0,117,1,1,0,32,0,0,31,0,1,0,41,547,107,282
HOWARD_006-014,0,484,0,0,0,8,0,0,0,0,0,0,0,0,0,0,0,0,0,0,0,0,0,0,0,0,0,0,0,0,4,0,0,0,0,0,0,0,0,0,0,0,0,0,0,0,0,0,36,1,0,0,0,0,150,298,1,151,3,2,0,25,1,0,35,2,1,0,42,683,111,450
HOWARD_006-015,0,668,0,0,0,14,0,0,0,0,0,0,0,0,0,0,0,0,0,0,0,0,0,0,0,0,0,0,0,0,6,0,0,0,0,0,0,0,0,0,0,0,0,0,0,0,0,0,25,0,0,0,0,0,180,236,0,155,0,0,0,24,0,0,35,1,0,0,52,893,112,391
HOWARD_006-016,0,705,0,0,0,23,0,0,0,0,0,1,0,0,0,0,0,0,0,0,0,0,0,0,0,0,0,0,0,0,6,0,0,0,0,0,0,0,0,0,0,0,0,0,0,0,0,0,35,0,0,0,0,0,191,285,0,235,1,3,0,22,1,1,65,1,0,0,49,961,143,520
HOWARD_006-017,0,745,0,0,0,17,0,0,0,0,0,0,0,0,0,0,0,0,0,0,0,0,0,0,0,0,0,0,0,1,3,0,0,0,0,0,0,0,0,0,0,0,0,0,0,0,0,0,27,0,0,0,0,0,136,270,0,228,1,2,1,18,1,1,31,0,3,1,28,929,87,498
HOWARD_006-018,0,515,0,0,0,18,0,0,0,0,0,0,0,0,0,0,0,0,0,0,0,0,0,0,0,0,0,0,0,0,7,0,0,0,0,0,0,0,0,0,0,0,0,0,0,0,0,0,41,0,0,0,0,0,205,204,0,177,2,1,0,47,1,0,74,0,1,0,73,786,199,381
HOWARD_006-019,0,689,0,0,0,13,0,0,0,0,0,0,0,0,0,0,0,0,0,0,0,0,0,0,0,0,0,0,0,0,3,0,0,0,0,0,0,0,0,0,0,0,0,0,0,0,0,0,48,0,0,0,0,1,150,279,2,174,1,1,0,31,1,1,20,0,1,1,41,904,98,455
HOWARD_006-020,0,552,0,0,0,17,0,0,0,0,0,0,0,0,0,0,0,0,0,0,0,0,0,0,0,0,0,0,0,0,11,0,0,0,0,0,0,0,0,0,0,0,0,0,0,0,0,0,47,0,0,0,1,0,189,253,0,165,3,0,1,24,2,0,61,4,1,0,49,817,145,418
HOWARD_006-021,0,412,0,0,0,6,0,0,0,0,0,0,0,0,0,0,0,0,0,0,0,0,0,0,0,0,0,0,0,0,1,0,0,0,0,0,0,0,0,0,0,0,0,0,0,0,0,0,18,0,0,0,0,0,87,160,1,96,0,0,0,7,0,0,12,0,0,0,21,524,40,257
HOWARD_006-022,0,474,0,0,0,11,0,0,0,0,0,0,0,0,0,0,0,0,0,0,0,0,0,0,0,0,0,0,0,0,5,0,0,0,0,0,0,0,0,0,0,0,0,0,0,0,0,0,29,0,0,0,0,0,156,212,1,163,2,2,0,23,0,1,36,1,1,0,40,675,106,376
HOWARD_006-023,0,174,0,0,0,7,0,0,0,0,0,0,0,0,0,0,0,0,0,0,0,0,0,0,0,0,0,0,0,0,1,0,0,0,0,0,0,0,0,0,0,0,0,0,0,0,0,0,21,0,0,0,1,0,125,114,0,74,1,3,0,25,0,0,49,0,0,1,30,329,109,188
HOWARD_006-024,0,553,0,0,0,15,0,0,0,0,0,0,0,0,0,0,0,0,0,0,0,0,0,0,0,0,0,0,0,0,4,0,0,0,0,0,0,0,0,0,0,0,0,0,0,0,0,0,42,0,0,0,0,0,253,208,1,158,2,3,0,29,1,0,28,1,1,1,84,867,150,367
HOWARD_006-025,0,217,0,0,0,5,0,0,0,0,0,0,0,0,0,0,0,0,0,0,0,0,0,0,0,0,0,0,0,0,0,0,0,0,0,0,0,0,0,0,0,0,0,0,0,0,0,0,29,0,0,0,0,0,176,92,0,49,0,0,0,19,1,0,50,0,3,1,63,427,137,141
HOWARD_006-026,0,782,0,0,0,26,0,0,0,0,0,0,0,0,0,0,0,0,0,0,0,0,0,0,0,0,0,0,0,1,7,0,0,0,0,0,0,0,0,0,0,0,0,0,0,0,0,0,46,0,0,0,3,0,221,363,0,283,2,3,0,31,1,0,80,0,2,0,79,1086,198,646
HOWARD_006-027,0,645,0,0,0,20,0,0,0,0,0,1,0,0,0,0,0,0,0,0,0,0,0,0,0,0,0,0,0,1,12,0,0,0,0,0,0,0,0,0,0,0,0,0,0,0,0,0,32,0,0,0,1,0,217,232,0,146,1,4,2,26,2,0,66,0,3,1,54,929,159,378
HOWARD_006-028,0,702,0,0,0,16,0,0,0,0,0,0,0,0,0,0,0,0,0,0,0,0,0,0,0,0,0,0,0,0,10,0,0,0,0,0,0,1,0,0,0,0,0,0,0,0,0,0,50,0,0,0,0,0,504,310,0,146,1,3,1,60,0,0,146,3,5,1,168,1283,388,456
HOWARD_006-029,0,1095,0,0,0,28,0,0,0,0,0,0,0,0,0,1,0,0,0,0,0,0,0,0,0,0,0,0,0,0,15,0,0,0,0,0,0,0,0,0,0,0,0,0,0,0,0,0,72,0,0,0,0,0,410,521,2,311,3,1,3,36,3,1,128,3,1,0,105,1621,284,834
HOWARD_006-030,0,250,0,0,0,8,0,0,0,0,1,0,0,0,0,0,0,0,0,0,0,0,0,0,0,0,0,0,0,0,3,0,0,0,0,0,0,0,0,0,0,0,0,0,0,0,0,0,11,0,0,0,0,0,81,130,0,73,0,0,0,5,0,0,24,0,0,0,23,354,52,203
HOWARD_006-031,0,468,0,0,0,12,0,0,0,0,0,0,0,0,0,0,0,0,0,0,0,0,0,0,0,0,0,0,1,2,5,0,0,0,0,0,0,0,0,0,0,0,0,0,0,0,0,0,30,0,0,0,0,1,97,214,0,152,0,2,0,15,1,1,29,3,1,2,25,616,79,366
HOWARD_006-032,0,363,0,0,0,21,0,0,0,0,0,0,0,0,0,0,0,0,0,0,0,0,0,0,1,0,0,0,0,1,3,0,0,0,0,0,0,0,0,0,0,0,0,0,0,0,0,0,51,0,0,0,0,0,338,167,2,106,0,0,0,53,1,0,81,1,1,0,116,778,253,275
HOWARD_006-033,0,516,0,0,0,9,0,0,0,0,0,0,0,0,0,0,0,0,0,0,0,0,0,0,0,0,0,0,0,0,4,0,0,0,0,0,0,0,0,0,0,0,0,0,0,0,0,0,48,0,1,0,0,0,253,190,1,106,0,4,1,40,1,0,70,0,4,0,81,831,201,297
HOWARD_006-034,0,615,0,0,0,11,0,0,0,0,0,0,0,0,0,0,0,0,0,0,0,0,0,0,0,0,0,0,0,1,4,0,0,0,0,0,0,0,0,0,0,0,0,0,0,0,0,0,19,0,0,0,0,0,164,210,0,136,1,3,1,17,0,0,12,0,1,0,37,814,72,346
HOWARD_006-035,0,1066,0,0,0,22,0,0,0,0,0,0,0,0,0,0,0,0,0,0,0,0,0,0,0,0,0,0,0,0,10,0,0,0,0,0,0,0,0,0,0,0,0,0,0,0,0,0,46,0,0,0,0,0,316,442,3,247,1,3,0,40,1,1,84,0,0,0,85,1460,215,692
KENT_001-001,0,195,0,0,0,3,0,0,0,0,0,0,0,0,0,0,0,0,0,0,0,0,0,0,0,0,0,0,0,0,0,0,0,0,0,0,0,0,0,0,0,0,0,0,0,0,0,0,18,0,0,0,0,0,404,56,3,55,0,5,1,32,0,1,23,1,1,0,116,620,180,114
KENT_001-002,0,275,0,0,0,11,0,0,0,0,0,0,0,0,0,0,0,0,0,0,0,0,0,0,0,0,0,0,0,0,2,0,0,0,0,0,0,0,0,0,0,0,0,0,0,0,0,0,48,0,0,0,0,0,522,102,0,78,0,3,0,43,0,0,44,0,1,0,176,858,267,180
KENT_002-001,0,189,0,0,0,4,0,0,0,0,0,0,0,0,0,0,0,0,0,0,0,0,0,0,0,0,0,0,0,0,2,0,0,0,0,0,0,0,0,0,0,0,0,0,0,0,0,0,24,0,0,0,2,0,452,87,1,61,0,3,1,34,1,1,48,1,2,0,136,673,227,149
KENT_003-001,0,248,0,0,0,4,0,0,0,0,0,0,0,0,0,0,0,0,0,0,0,0,0,0,0,0,0,0,0,0,2,0,0,0,0,0,0,0,0,0,0,0,0,0,0,0,0,0,31,0,0,0,0,0,394,94,3,79,1,6,0,23,0,0,38,0,0,0,118,679,186,176
KENT_003-002,0,136,0,0,0,4,0,0,0,0,0,0,0,0,0,0,0,0,0,0,0,0,0,0,0,0,0,0,0,0,0,0,0,0,0,0,0,0,0,0,0,0,0,0,0,0,0,0,15,0,0,0,0,0,147,57,0,47,0,1,1,5,0,0,16,0,0,1,51,302,75,104
KENT_004-001,0,300,0,0,0,10,0,0,0,0,0,0,0,0,0,0,0,0,0,0,0,0,0,0,0,0,0,0,0,0,2,0,0,0,0,0,0,0,0,0,0,0,0,0,0,0,0,0,20,0,0,0,0,0,224,139,0,84,3,2,2,28,0,0,58,1,1,0,75,556,170,223
KENT_004-002,0,237,0,0,0,7,0,0,0,0,0,0,0,0,0,0,0,0,0,0,0,0,0,0,0,0,0,0,0,0,0,0,0,0,0,0,0,0,0,0,0,0,0,0,0,0,0,0,21,0,0,0,0,0,165,95,2,55,2,0,0,11,0,1,19,1,1,0,61,430,96,152
KENT_005-001,0,309,0,0,0,8,0,0,0,0,0,0,0,0,0,0,0,0,0,0,0,0,0,0,0,0,0,0,0,0,2,0,0,0,0,0,0,0,0,0,0,0,0,0,0,0,0,0,31,0,0,0,0,0,616,120,2,118,2,5,1,43,0,0,51,0,1,0,217,966,320,240
KENT_006-001,0,167,0,0,0,2,0,0,0,0,0,0,0,0,0,0,0,0,0,0,0,0,0,0,0,0,0,0,0,0,0,0,0,0,0,0,0,0,0,0,0,0,0,0,0,0,0,0,8,0,0,0,0,0,290,87,0,61,2,2,0,20,0,0,40,0,1,0,115,467,180,148
KENT_007-001,0,148,0,0,0,5,0,0,0,0,0,0,0,0,0,0,0,0,0,0,0,0,0,0,0,0,0,0,0,0,1,0,0,0,0,0,0,0,0,0,0,0,0,0,0,0,0,0,5,0,0,0,0,0,158,70,1,49,2,3,0,17,0,0,30,0,0,0,60,317,112,120
MONTGOMERY_001-001,0,404,0,0,0,11,0,0,0,0,0,1,1,0,0,0,0,0,0,0,0,0,0,0,0,0,0,0,0,0,6,0,0,0,0,0,0,0,0,0,0,0,0,0,0,0,0,0,29,0,0,0,0,0,550,135,0,111,0,1,1,61,0,1,81,2,1,0,182,1002,330,246
MONTGOMERY_001-002,0,464,0,0,0,12,0,0,0,0,0,0,0,0,0,0,0,0,0,0,0,0,0,0,0,0,0,0,0,0,8,0,0,0,0,0,0,0,0,0,0,0,0,0,0,0,0,0,28,0,0,0,0,0,462,217,1,129,0,2,0,79,0,0,75,0,3,0,153,974,312,347
MONTGOMERY_001-003,0,1102,0,0,0,26,0,0,0,0,0,2,0,0,0,0,0,0,0,0,0,0,0,0,1,0,0,0,0,0,14,0,0,0,0,0,0,0,0,0,0,0,0,0,0,0,0,0,43,0,0,0,0,0,406,420,1,231,1,7,0,98,1,0,77,1,3,0,94,1594,282,652
MONTGOMERY_001-004,0,696,0,0,0,12,0,0,0,0,0,0,0,0,0,0,0,0,0,0,0,0,0,0,0,0,0,0,0,1,7,0,0,0,0,0,0,0,0,0,0,0,0,0,0,0,0,0,46,0,0,0,0,0,260,229,0,133,0,2,0,33,1,0,43,0,1,0,64,1022,144,362
MONTGOMERY_001-005,0,643,0,0,0,14,0,0,0,0,0,0,0,0,0,0,0,0,0,0,0,0,0,0,0,0,0,0,0,0,7,0,0,0,0,0,0,0,0,0,0,0,0,0,0,0,0,0,32,0,0,0,0,0,507,312,0,148,1,1,0,87,0,0,94,0,3,0,143,1203,329,460
MONTGOMERY_001-006,0,427,0,0,0,2,0,0,0,0,0,0,0,0,0,0,0,0,0,0,0,0,0,0,0,0,0,0,0,0,7,0,0,0,0,0,0,0,0,0,0,0,0,0,0,0,0,0,18,0,0,0,0,0,278,158,0,97,1,5,0,55,0,0,41,1,2,1,50,732,156,255
MONTGOMERY_001-007,0,73,0,0,0,1,0,0,0,0,0,0,0,0,0,0,0,0,0,0,0,0,0,0,0,0,0,0,0,0,0,0,0,0,0,0,0,0,0,0,0,0,0,0,0,0,0,0,6,0,0,0,0,0,70,33,0,20,0,1,0,15,0,0,11,0,0,0,24,150,51,53
MONTGOMERY_002-001,0,1145,0,0,0,20,0,0,0,0,0,0,0,0,0,0,0,0,0,0,0,0,0,0,0,0,0,0,0,0,12,0,0,0,0,0,0,0,0,0,0,0,0,0,0,0,0,0,51,0,0,0,0,0,445,385,0,220,1,3,0,69,4,1,72,1,0,0,83,1673,234,605
MONTGOMERY_002-002,0,855,0,0,0,20,0,0,0,0,0,0,0,0,0,0,0,0,0,0,0,0,0,0,0,0,0,0,0,0,4,0,0,0,0,0,0,0,0,0,0,0,0,0,0,0,0,0,54,0,0,0,0,0,325,390,2,212,1,0,0,52,0,0,62,0,2,0,65,1258,182,604
MONTGOMERY_002-003,0,966,0,0,0,29,0,0,0,0,0,4,0,0,0,0,0,0,0,0,0,0,0,0,0,0,0,0,0,0,7,0,0,0,0,0,0,0,0,0,0,0,0,0,0,0,0,0,43,0,0,0,0,0,263,406,3,218,1,2,0,43,1,0,47,1,3,0,62,1312,160,627
MONTGOMERY_002-004,0,1145,0,0,0,26,0,0,0,0,0,1,0,0,0,0,0,0,0,0,0,0,0,0,0,0,0,0,0,0,9,0,0,0,0,0,0,0,0,0,0,0,0,0,0,0,0,0,69,0,0,0,0,0,398,375,2,259,0,1,0,64,0,1,80,2,2,0,84,1648,234,636
MONTGOMERY_002-005,0,836,0,0,0,22,0,0,0,0,0,0,0,0,0,0,0,0,0,0,0,0,0,0,0,0,0,0,0,0,8,0,0,0,0,0,0,0,0,0,0,0,0,0,0,0,0,0,51,0,0,0,0,0,363,325,1,253,4,0,1,55,1,0,76,2,1,1,87,1280,228,579
MONTGOMERY_002-006,0,1110,0,0,0,23,0,0,0,0,0,0,0,0,0,0,0,0,0,0,0,0,0,0,0,0,0,0,0,2,5,0,0,0,0,0,0,0,0,0,0,0,0,0,0,0,0,0,55,0,0,0,0,0,400,351,0,205,2,1,1,46,0,0,64,2,2,0,101,1595,219,556
MONTGOMERY_002-007,0,23,0,0,0,0,0,0,0,0,0,0,0,0,0,0,0,0,0,0,0,0,0,0,0,0,0,0,0,0,0,0,0,0,0,0,0,0,0,0,0,0,0,0,0,0,0,0,3,0,0,0,0,0,40,1,0,4,0,0,0,1,0,0,2,1,0,0,6,66,10,5
MONTGOMERY_002-008,0,797,0,0,0,24,0,0,0,0,0,0,0,0,0,0,0,0,0,0,0,0,0,0,0,0,0,0,0,0,10,0,0,0,0,0,0,0,0,0,0,0,0,0,0,0,0,0,52,0,0,0,0,0,464,285,2,158,1,3,1,74,0,0,68,0,3,1,140,1347,291,445
MONTGOMERY_002-009,0,70,0,0,0,4,0,0,0,0,0,0,0,0,0,0,0,0,0,0,0,0,0,0,0,0,0,0,0,0,0,0,0,0,0,0,0,0,0,0,0,0,0,0,0,0,0,0,5,0,0,0,0,0,67,25,0,29,0,1,0,10,0,0,11,0,0,0,35,146,57,54
MONTGOMERY_002-010,0,445,0,0,0,5,0,0,0,0,0,0,0,0,0,0,0,0,0,0,0,0,0,0,0,0,0,0,0,0,2,0,0,0,0,0,0,0,0,0,0,0,0,0,0,0,0,0,25,0,0,0,0,0,155,171,1,56,0,1,0,12,0,0,25,0,2,0,47,632,87,228
MONTGOMERY_002-011,0,920,0,0,0,20,0,0,0,0,0,0,0,0,0,0,0,0,0,0,0,0,0,0,0,0,0,0,0,0,9,0,0,0,0,0,0,0,0,0,0,0,0,0,0,0,0,0,41,0,0,0,0,0,433,349,1,180,1,1,0,75,2,0,70,1,0,0,101,1423,251,530
MONTGOMERY_003-001,0,803,0,0,0,23,0,0,0,0,0,0,0,0,0,0,0,0,0,0,0,0,0,0,0,0,0,0,0,0,13,0,0,0,0,0,0,0,0,0,0,0,0,0,0,0,0,0,66,0,0,0,0,0,722,207,4,181,1,4,1,90,0,0,118,0,4,1,175,1627,394,392
MONTGOMERY_003-002,0,647,0,0,0,22,0,0,0,0,0,0,0,0,0,0,0,0,0,0,0,0,0,0,0,0,0,0,0,0,11,0,0,0,0,0,0,0,0,0,0,0,0,0,0,0,0,0,71,0,0,0,0,0,590,216,3,133,2,3,0,91,0,2,98,0,1,0,147,1341,344,352
MONTGOMERY_004-001,0,1109,0,0,0,22,0,0,0,0,0,0,0,0,0,0,0,0,0,0,0,0,0,0,0,0,0,0,0,1,5,0,0,0,0,0,0,0,0,0,0,0,0,0,0,0,0,0,43,0,0,0,0,0,287,423,2,288,0,3,0,36,1,0,45,1,4,0,89,1467,179,713
MONTGOMERY_004-002,0,779,0,0,0,20,0,0,0,0,0,2,0,0,0,0,0,0,0,0,0,0,0,0,0,0,0,0,0,0,13,0,0,0,0,0,0,2,0,0,0,0,0,0,0,0,0,0,56,0,0,0,1,0,271,411,2,211,0,2,0,29,0,1,71,3,1,0,67,1144,174,624
MONTGOMERY_004-003,0,985,0,0,0,35,0,0,0,0,0,0,0,0,0,0,0,0,0,0,0,0,0,0,0,0,0,0,0,1,6,0,0,0,0,0,0,0,0,0,0,0,0,0,0,0,0,0,55,0,0,0,0,0,352,576,2,327,2,1,0,45,1,0,100,2,1,1,97,1434,250,905
MONTGOMERY_004-004,0,735,0,0,0,19,0,0,0,0,0,0,0,0,0,0,0,0,0,0,0,0,0,0,0,0,0,0,0,0,6,0,0,0,0,0,0,0,0,0,0,0,0,0,0,0,0,0,34,0,0,0,0,0,163,338,0,186,2,1,0,26,0,0,55,0,0,0,43,957,127,524
MONTGOMERY_004-005,0,707,0,0,0,18,0,0,0,0,0,0,0,0,0,0,0,0,0,0,0,0,0,0,0,0,0,0,0,0,5,0,0,0,0,0,0,0,0,0,0,0,0,0,0,0,0,0,20,0,0,0,0,0,304,275,1,214,1,1,0,28,1,0,45,2,0,0,65,1054,143,490
MONTGOMERY_004-006,0,735,0,0,0,34,0,0,0,0,0,0,0,0,0,0,0,0,0,0,0,0,0,0,0,0,0,0,0,0,2,0,0,0,0,0,0,0,0,0,0,0,0,0,0,0,0,0,33,0,0,0,0,0,273,225,2,208,1,0,0,41,0,2,36,0,1,0,51,1077,132,435
MONTGOMERY_004-007,0,668,0,0,0,22,0,0,0,0,0,0,0,0,0,0,0,0,0,0,0,0,0,0,0,0,0,0,0,0,4,0,0,0,1,0,0,0,0,0,0,0,0,0,0,0,0,0,25,0,0,0,0,0,295,271,1,233,3,2,2,36,0,0,44,1,0,0,84,1015,172,505
MONTGOMERY_004-008,0,1162,0,0,0,16,0,0,0,0,0,1,0,0,0,0,0,0,0,0,0,0,0,0,0,0,0,0,0,1,16,0,0,0,0,0,0,0,0,0,0,0,0,0,0,0,0,0,45,0,0,0,0,0,264,696,1,340,2,2,1,49,0,0,108,3,1,0,90,1505,256,1037
MONTGOMERY_004-009,0,541,0,0,0,19,0,0,0,0,0,0,1,0,0,0,0,0,0,0,0,0,0,0,0,0,0,0,0,0,0,0,0,0,0,0,0,0,0,1,0,0,0,0,0,0,0,0,33,0,0,0,0,0,150,228,0,151,2,1,0,16,2,0,30,1,0,0,37,745,89,379
MONTGOMERY_004-010,0,798,0,0,0,13,0,0,0,0,0,0,0,0,0,0,0,0,0,0,0,0,0,0,0,0,0,0,0,3,7,0,0,0,0,0,0,0,0,0,0,0,0,0,0,0,0,0,51,0,0,0,0,0,255,421,1,155,3,1,0,31,0,1,83,1,3,0,78,1127,201,577
MONTGOMERY_004-011,0,106,0,0,0,1,0,0,0,0,0,0,0,0,0,0,0,0,0,0,0,0,0,0,0,0,0,0,0,0,0,0,0,0,0,0,0,0,0,0,0,0,0,0,0,0,0,0,0,0,0,0,0,0,60,59,0,21,0,0,0,5,0,0,10,0,0,0,21,167,36,80
MONTGOMERY_004-012,0,845,0,0,0,22,0,0,0,0,0,0,0,0,0,0,0,0,0,0,0,0,0,0,0,0,0,0,0,2,9,0,0,0,0,0,0,0,0,0,0,0,0,0,0,0,0,0,49,0,0,0,0,0,346,511,1,225,1,0,1,56,0,1,101,1,3,0,97,1273,261,737
MONTGOMERY_004-013,0,756,0,0,0,6,0,0,0,0,0,0,0,0,0,0,0,0,0,0,0,0,0,0,0,0,0,0,0,0,0,0,0,0,0,0,0,0,0,0,0,0,0,0,0,0,0,0,30,0,0,0,0,0,248,516,0,152,0,2,0,37,0,0,106,0,0,0,63,1040,208,668
MONTGOMERY_004-014,0,965,0,0,0,20,0,0,0,0,0,0,0,0,0,0,0,0,0,0,0,0,0,0,0,0,0,0,0,0,6,0,0,0,0,0,0,0,0,0,0,0,0,0,0,0,0,0,48,0,0,0,0,0,294,450,2,239,2,0,0,31,1,0,96,0,1,1,73,1333,205,691
MONTGOMERY_004-015,0,451,0,0,0,18,0,0,0,0,0,0,0,0,0,0,0,0,0,0,0,0,0,0,0,0,0,0,0,0,1,0,0,0,0,0,0,0,0,0,0,0,0,0,0,0,0,0,12,0,0,0,0,0,123,133,1,128,0,1,0,18,0,0,14,0,1,0,28,605,62,262
MONTGOMERY_004-016,0,967,0,0,0,33,0,0,0,0,0,0,0,0,0,0,0,0,0,0,0,0,0,0,0,0,0,0,0,2,11,0,0,0,0,0,0,0,0,0,0,0,0,0,0,0,0,0,30,0,0,0,0,0,430,529,1,229,5,1,0,45,3,1,75,0,1,0,89,1473,220,759
MONTGOMERY_004-017,0,739,0,0,0,26,0,0,0,0,0,0,0,0,0,0,0,0,0,0,0,0,0,0,0,0,0,0,0,0,3,0,0,0,0,0,0,0,0,0,0,0,0,0,0,0,0,0,19,0,0,0,0,0,216,436,0,161,1,0,0,26,0,0,43,0,2,0,51,1003,123,597
MONTGOMERY_004-018,0,791,0,0,0,12,0,0,0,0,0,0,0,0,0,0,0,0,0,0,0,0,0,0,0,0,0,0,0,0,3,0,0,0,0,0,0,0,0,0,0,0,0,0,0,0,0,0,38,1,0,0,0,0,297,524,2,175,0,1,0,38,0,0,78,0,1,0,99,1142,217,701
MONTGOMERY_004-019,0,439,0,0,0,19,0,0,0,0,0,0,0,0,0,0,0,0,0,0,0,0,0,0,0,0,0,0,0,1,2,0,0,0,0,0,0,0,0,0,0,0,0,0,0,0,0,0,29,0,0,0,0,0,198,171,1,118,1,0,1,23,0,0,51,0,4,0,47,688,127,290
MONTGOMERY_004-020,0,792,0,0,0,16,0,0,0,0,0,0,0,0,0,0,0,0,0,0,0,0,0,0,0,0,0,0,0,1,9,0,0,0,0,0,0,0,0,0,0,0,0,0,0,0,0,0,43,0,0,0,1,0,387,509,0,191,1,1,0,53,1,0,135,0,2,0,116,1249,309,700
MONTGOMERY_004-021,0,711,0,0,0,16,0,0,0,0,0,0,0,0,0,0,0,0,0,0,0,0,0,0,0,0,0,0,0,0,5,0,0,0,0,0,0,0,0,0,0,0,0,0,0,0,0,0,32,0,0,0,0,0,253,500,1,164,0,0,1,36,2,0,72,1,0,0,79,1017,191,665
MONTGOMERY_004-023,0,56,0,0,0,0,0,0,0,0,0,0,0,0,0,0,0,0,0,0,0,0,0,0,0,0,0,0,0,0,0,0,0,0,0,0,0,0,0,0,0,0,0,0,0,0,0,0,3,0,0,0,0,0,36,23,0,14,1,0,0,2,0,0,12,0,0,0,12,95,27,37
MONTGOMERY_004-024,0,661,0,0,0,19,0,0,0,0,0,0,0,0,0,0,0,0,0,0,0,0,0,0,0,0,0,0,0,0,1,0,0,0,0,0,0,0,0,0,0,0,0,0,0,0,0,0,25,0,0,0,0,0,252,320,0,134,1,0,0,13,0,0,47,0,1,0,63,958,125,454
MONTGOMERY_004-025,0,432,0,0,0,8,0,0,0,0,0,0,0,0,0,0,0,0,0,0,0,0,0,0,0,0,0,0,0,0,1,0,0,0,0,0,0,0,0,0,0,0,0,0,0,0,0,0,28,0,0,0,0,0,179,263,1,121,2,1,0,23,0,0,71,0,0,0,50,648,147,385
MONTGOMERY_004-026,0,684,0,0,0,22,0,0,0,0,0,2,0,0,0,0,0,0,0,0,0,0,0,0,0,0,0,0,0,0,2,0,0,0,0,0,0,0,0,0,0,0,0,0,0,0,0,0,29,0,0,0,1,0,216,253,2,164,1,1,0,31,3,0,32,1,4,1,47,956,121,419
MONTGOMERY_004-027,0,184,0,0,0,7,0,0,0,0,0,0,0,0,0,0,0,0,0,0,0,0,0,0,0,0,0,0,0,0,2,0,0,0,0,0,0,0,0,0,0,0,0,0,0,0,0,0,5,0,0,0,0,0,32,55,0,40,0,0,1,5,0,0,3,0,1,0,10,230,20,95
MONTGOMERY_004-028,0,438,0,0,0,11,0,0,0,0,0,0,1,0,0,0,0,0,0,0,0,0,0,0,0,0,0,0,0,0,4,0,0,0,0,0,0,0,0,0,0,0,0,0,0,0,0,0,16,0,0,0,0,0,94,147,1,96,2,0,1,10,0,0,16,1,2,0,12,564,44,244
MONTGOMERY_004-029,0,273,0,0,0,5,0,0,0,0,0,0,0,0,0,0,0,0,0,0,0,0,0,0,0,0,0,0,0,0,0,0,0,0,0,0,0,0,0,0,0,0,0,0,0,0,0,0,8,0,0,0,0,0,139,101,0,46,1,0,1,15,0,0,20,0,0,0,24,425,61,147
MONTGOMERY_004-030,0,706,0,0,0,14,0,0,0,0,0,0,0,0,0,0,0,0,0,0,0,0,0,0,0,0,0,0,0,0,6,0,0,0,0,0,0,0,0,0,0,0,0,0,0,0,0,0,38,0,0,0,0,0,218,324,0,175,0,0,0,30,0,1,48,0,1,0,44,982,124,499
MONTGOMERY_004-031,0,873,0,0,0,24,0,0,0,0,0,0,0,0,0,0,0,0,0,0,0,0,0,0,0,0,0,0,0,3,5,0,0,0,0,0,0,0,0,0,0,0,0,0,0,0,0,0,29,0,0,0,0,0,211,392,2,204,0,1,0,18,0,0,64,1,1,0,52,1145,137,598
MONTGOMERY_004-032,0,342,0,0,0,8,0,0,0,0,0,0,0,0,0,0,0,0,0,0,0,0,0,0,0,0,0,0,0,1,6,0,0,0,0,0,0,0,0,0,0,0,0,0,0,0,0,0,15,0,0,0,0,0,112,213,0,68,1,1,0,17,0,1,36,0,1,0,29,484,86,281
MONTGOMERY_004-033,0,61,0,0,0,0,0,0,0,0,0,0,0,0,0,0,0,0,0,0,0,0,0,0,0,0,0,0,0,0,1,0,0,0,0,0,0,0,0,0,0,0,0,0,0,0,0,0,4,0,0,0,0,0,14,2,0,1,0,0,0,0,0,0,0,0,0,0,2,80,2,3
MONTGOMERY_004-034,0,528,0,0,0,16,0,0,0,0,0,0,0,0,0,0,0,0,0,0,0,0,0,0,0,0,0,0,0,0,8,0,0,0,0,0,0,0,0,0,0,0,0,0,0,0,0,0,31,0,0,0,0,0,295,260,1,140,1,3,0,50,1,0,66,0,2,0,85,878,208,401
MONTGOMERY_004-035,0,87,0,0,0,1,0,0,0,0,0,0,0,0,0,0,0,0,0,0,0,0,0,0,0,0,0,0,0,0,0,0,0,0,0,0,0,0,0,0,0,0,0,0,0,0,0,0,2,0,0,0,0,0,38,47,0,10,0,0,0,3,0,0,1,0,0,0,3,128,7,57
MONTGOMERY_004-036,0,0,0,0,0,0,0,0,0,0,0,0,0,0,0,0,0,0,0,0,0,0,0,0,0,0,0,0,0,0,0,0,0,0,0,0,0,0,0,0,0,0,0,0,0,0,0,0,0,0,0,0,0,0,0,0,0,0,0,0,0,0,0,0,0,0,0,0,0,0,0,0
MONTGOMERY_004-037,0,180,0,0,0,5,0,0,0,0,0,0,0,0,0,0,0,0,0,0,0,0,0,0,0,0,0,0,0,0,2,0,0,0,0,0,0,0,0,0,0,0,0,0,0,0,0,0,8,0,0,0,0,0,56,19,0,19,1,0,0,3,1,0,1,1,0,0,3,251,10,38
MONTGOMERY_004-038,0,30,0,0,0,0,0,0,0,0,0,0,0,0,0,0,0,0,0,0,0,0,0,0,0,0,0,0,0,0,0,0,0,0,0,0,0,0,0,0,0,0,0,0,0,0,0,0,1,0,0,0,0,0,3,6,0,7,0,0,0,0,0,0,1,0,0,0,2,34,3,13
MONTGOMERY_004-040,0,45,0,0,0,0,0,0,0,0,0,0,0,0,0,0,0,0,0,0,0,0,0,0,0,0,0,0,0,0,0,0,0,0,0,0,0,0,0,0,0,0,0,0,0,0,0,0,1,0,0,0,0,0,4,7,0,11,0,0,0,0,0,0,0,0,0,0,0,50,0,18
MONTGOMERY_004-041,0,0,0,0,0,0,0,0,0,0,0,0,0,0,0,0,0,0,0,0,0,0,0,0,0,0,0,0,0,0,0,0,0,0,0,0,0,0,0,0,0,0,0,0,0,0,0,0,0,0,0,0,0,0,0,0,0,0,0,0,0,0,0,0,0,0,0,0,0,0,0,0
MONTGOMERY_004-042,0,2,0,0,0,0,0,0,0,0,0,0,0,0,0,0,0,0,0,0,0,0,0,0,0,0,0,0,0,0,0,0,0,0,0,0,0,0,0,0,0,0,0,0,0,0,0,0,0,0,0,0,0,0,1,1,0,0,0,0,0,0,0,0,0,0,0,0,0,3,0,1
MONTGOMERY_004-043,0,3,0,0,0,0,0,0,0,0,0,0,0,0,0,0,0,0,0,0,0,0,0,0,0,0,0,0,0,0,0,0,0,0,0,0,0,0,0,0,0,0,0,0,0,0,0,0,0,0,0,0,0,0,3,1,0,0,0,0,0,2,0,0,0,0,0,0,0,6,2,1
MONTGOMERY_005-001,0,875,0,0,0,31,0,0,0,0,0,0,0,0,0,0,0,0,0,0,0,0,0,0,0,0,0,0,0,0,4,0,0,0,0,0,0,0,0,0,0,0,0,0,0,0,0,0,33,0,0,0,0,0,275,410,2,255,2,5,0,45,0,0,51,2,2,2,83,1218,192,667
MONTGOMERY_005-002,0,908,0,0,0,17,0,0,0,0,0,1,0,0,0,0,0,0,0,0,0,0,0,0,0,0,0,0,0,0,2,0,0,0,0,0,1,0,0,0,0,0,0,0,0,0,0,0,23,0,0,0,0,0,101,388,0,217,1,1,1,14,0,0,15,0,0,0,24,1053,56,605
MONTGOMERY_005-003,0,1184,0,0,0,31,0,0,0,0,0,0,0,0,0,0,0,0,0,0,0,0,0,0,0,0,0,0,0,1,3,0,0,0,0,0,0,0,0,0,0,0,0,0,0,0,0,0,26,0,0,0,0,0,254,527,6,298,2,2,0,40,0,0,33,1,2,1,54,1499,135,831
MONTGOMERY_005-004,0,695,0,0,0,7,0,0,0,0,0,0,0,0,0,0,0,0,0,0,0,0,0,0,0,0,0,0,0,0,1,0,0,0,0,0,0,0,0,0,0,0,0,0,0,0,0,0,11,0,0,0,0,0,191,413,0,89,6,0,1,20,1,0,68,0,1,0,53,905,150,502
MONTGOMERY_005-005,0,675,0,0,0,22,0,0,0,0,0,0,0,0,0,0,0,0,0,0,0,0,0,0,0,0,0,0,0,0,4,0,0,0,0,0,0,0,0,0,0,0,0,0,0,0,0,0,22,0,0,0,0,0,144,333,1,154,0,0,0,28,0,0,29,0,0,0,32,867,89,488
MONTGOMERY_005-006,0,1014,0,0,0,29,0,0,0,0,0,0,0,0,0,0,0,0,0,0,0,0,0,0,0,0,0,0,0,0,9,0,0,0,0,0,0,0,0,0,0,0,0,0,0,0,0,0,21,0,0,0,0,0,228,475,2,250,7,3,1,37,1,3,48,2,1,0,66,1301,169,727
MONTGOMERY_005-008,0,833,0,0,0,15,0,0,0,0,0,0,0,0,0,0,2,0,0,0,0,0,0,0,0,0,0,0,0,0,10,0,0,0,0,0,0,0,0,0,0,0,0,0,0,0,0,0,22,0,0,0,0,0,207,481,2,183,0,0,0,33,2,0,53,1,0,0,29,1089,118,666
MONTGOMERY_005-009,0,982,0,0,0,33,0,0,0,0,0,0,0,0,0,0,0,0,0,0,0,0,0,0,0,0,0,0,0,1,9,0,0,0,0,0,0,0,0,0,0,0,0,0,0,0,0,0,37,0,0,0,0,0,372,575,2,282,2,1,0,46,0,0,80,0,0,0,115,1434,244,859
MONTGOMERY_005-010,0,634,0,0,0,15,0,0,0,0,0,0,0,0,0,0,0,0,0,0,0,0,0,0,0,0,0,0,0,0,3,0,0,0,0,0,0,0,0,0,0,0,0,0,0,0,0,0,13,0,0,0,0,0,128,226,0,138,0,0,0,16,0,0,12,1,0,0,22,793,51,364
MONTGOMERY_005-011,0,744,0,0,0,17,0,0,0,0,0,0,0,0,0,0,0,0,0,0,0,0,0,0,0,0,0,0,0,0,4,0,0,0,0,0,0,0,0,0,0,0,0,0,0,0,0,0,21,0,0,0,0,0,162,346,1,181,3,2,0,25,1,0,35,1,1,0,52,948,120,528
MONTGOMERY_005-012,0,1252,0,0,0,26,0,0,0,0,0,0,0,0,0,0,0,0,0,0,0,0,0,0,0,0,0,0,0,0,3,0,0,0,0,0,0,0,0,0,0,0,0,0,0,0,0,0,34,0,0,0,0,0,303,551,1,290,3,5,0,55,1,0,54,2,2,1,76,1618,199,842
MONTGOMERY_005-013,0,1312,0,0,0,19,0,0,0,0,0,0,0,0,0,0,0,0,0,0,0,0,0,0,0,0,0,0,0,0,3,0,0,0,0,0,0,0,0,0,0,0,0,0,0,0,0,0,17,0,0,0,0,0,91,471,1,195,2,1,0,11,0,0,16,0,2,1,15,1442,48,667
MONTGOMERY_005-014,0,683,0,0,0,18,0,0,0,0,0,0,0,0,0,0,0,0,0,0,0,0,0,0,0,0,0,0,0,1,1,0,0,0,0,0,0,0,0,0,0,0,0,0,0,0,0,0,12,0,0,0,0,0,108,243,0,108,0,0,0,9,0,0,8,0,1,0,16,823,34,351
MONTGOMERY_005-015,0,634,0,0,0,16,0,0,0,0,0,1,0,0,0,0,0,0,0,0,0,0,0,0,0,0,0,0,0,0,3,0,0,0,0,0,0,0,0,0,0,0,0,0,0,0,0,0,41,0,0,0,0,0,364,322,3,185,3,3,1,70,0,2,69,0,2,0,134,1059,284,510
MONTGOMERY_005-016,0,901,0,0,0,25,0,0,0,0,0,0,0,0,0,0,0,0,0,0,0,0,0,0,0,0,0,0,0,3,1,0,0,0,0,0,0,0,0,0,0,0,0,0,0,0,0,0,42,0,0,0,0,0,310,539,2,277,2,2,0,31,0,0,68,0,2,0,75,1282,180,818
MONTGOMERY_005-017,0,730,0,0,0,20,0,0,0,0,0,0,0,0,0,0,0,0,0,0,0,0,0,0,0,0,0,0,0,0,1,0,0,0,0,0,0,0,0,0,0,0,0,0,0,0,0,0,30,0,0,0,0,0,234,402,0,203,4,5,0,38,3,0,59,1,1,0,55,1015,166,605
MONTGOMERY_005-018,0,347,0,0,0,13,0,0,0,0,0,0,0,0,0,0,0,0,0,0,0,0,0,0,0,0,0,0,0,0,1,0,0,0,0,0,0,0,0,0,0,0,0,0,0,0,0,0,30,0,0,0,0,0,241,141,2,95,1,5,0,29,0,0,41,1,3,0,59,632,139,238
MONTGOMERY_005-019,0,537,0,0,0,11,0,0,0,0,0,0,0,0,0,0,0,0,0,0,0,0,0,0,0,0,0,0,0,0,4,0,0,0,0,0,0,0,0,0,0,0,0,0,0,0,0,0,32,0,0,0,0,0,286,302,5,173,2,3,0,50,0,0,76,0,1,0,68,870,200,480
MONTGOMERY_005-021,0,988,0,0,0,21,0,0,0,0,0,1,0,0,0,0,0,0,0,0,0,0,0,0,0,0,0,0,0,0,0,0,0,0,0,0,0,0,0,0,0,0,0,0,0,0,0,0,17,0,0,0,0,0,110,402,0,209,0,1,1,12,0,0,11,0,1,0,10,1137,36,611
MONTGOMERY_005-022,0,383,0,0,0,5,0,0,0,0,0,2,0,0,0,0,0,0,0,0,0,0,0,0,0,0,0,0,0,0,5,0,0,0,0,0,0,0,0,0,0,0,0,0,0,0,0,0,8,0,0,0,0,0,109,235,0,130,4,0,0,31,0,0,41,0,0,1,32,512,109,365
MONTGOMERY_005-023,0,1030,0,0,0,16,0,0,0,0,0,0,0,0,0,0,0,0,0,0,0,0,0,0,0,0,0,0,0,0,2,0,0,0,0,0,0,0,0,0,0,0,0,0,0,0,0,0,30,0,0,0,0,0,176,487,0,279,0,1,1,30,0,0,33,1,0,0,38,1254,104,766
MONTGOMERY_006-001,0,471,0,0,0,6,0,0,0,0,0,0,0,0,0,0,0,0,0,0,0,0,0,0,0,0,0,0,0,0,5,0,0,0,0,0,0,0,0,0,0,0,0,0,0,0,0,0,49,0,0,0,0,0,429,218,1,86,0,1,0,53,2,1,100,3,1,0,148,960,309,305
MONTGOMERY_006-002,0,776,0,0,0,13,0,0,0,0,0,0,0,0,0,0,0,0,0,0,0,0,0,0,0,0,0,0,0,0,3,0,0,0,0,0,0,0,0,0,0,0,0,0,0,0,0,0,42,0,0,0,0,0,461,313,1,149,2,0,4,51,2,0,95,0,0,0,138,1295,292,463
MONTGOMERY_006-003,0,678,0,0,0,17,0,0,0,0,0,0,0,0,0,0,0,0,0,0,0,0,0,0,0,0,0,0,0,0,8,0,0,0,0,0,0,0,0,0,0,0,0,0,0,0,0,0,41,0,0,0,0,0,344,303,0,150,4,4,0,44,1,0,101,1,1,0,100,1088,256,453
MONTGOMERY_006-004,0,732,0,0,0,14,0,0,0,0,0,0,0,0,0,0,0,0,0,0,0,0,0,0,0,0,0,0,0,0,5,0,0,0,0,0,0,0,0,0,0,0,0,0,0,0,0,0,45,0,0,0,0,0,266,412,0,178,2,1,0,27,0,1,70,1,1,0,70,1062,173,590
MONTGOMERY_006-005,0,1019,0,0,0,21,0,0,0,0,0,0,0,0,0,0,0,0,0,0,0,0,0,0,0,0,0,0,0,0,8,0,0,0,0,0,0,0,0,0,0,0,0,0,0,0,0,0,66,0,0,0,0,0,561,483,1,209,4,0,1,65,0,0,140,2,3,0,182,1675,397,693
MONTGOMERY_006-006,0,900,0,0,0,16,0,0,0,0,0,0,0,0,0,0,0,0,0,0,0,0,0,0,0,0,0,0,0,0,7,0,0,0,0,0,0,0,0,0,0,0,0,0,0,0,0,0,34,0,0,0,0,0,367,312,0,212,3,1,1,35,0,0,57,0,1,0,63,1324,161,524
MONTGOMERY_006-007,0,951,0,0,0,21,0,0,0,0,0,0,0,0,0,0,0,0,0,0,0,0,0,0,0,0,0,0,0,0,9,0,0,0,0,0,0,0,0,0,0,0,0,0,0,0,0,0,46,0,0,0,0,0,428,371,1,189,0,4,1,48,1,1,63,0,3,0,109,1455,230,561
MONTGOMERY_006-008,0,599,0,0,0,10,0,0,0,0,0,0,0,0,0,0,0,0,0,0,0,0,0,0,0,0,0,0,0,0,2,0,0,0,0,0,0,0,0,0,0,0,0,0,0,0,0,0,28,0,0,0,0,0,261,314,3,130,0,0,0,30,0,0,42,0,3,0,46,900,121,447
MONTGOMERY_006-009,0,637,0,0,0,20,0,0,0,0,0,0,0,0,0,0,0,0,0,0,0,0,0,0,0,0,0,0,0,1,8,0,0,0,0,0,0,0,0,0,0,0,0,0,0,0,0,0,41,0,0,0,0,0,524,230,0,126,1,6,1,66,3,0,116,0,2,0,178,1231,373,356
MONTGOMERY_006-010,0,961,0,0,0,32,0,0,0,0,0,0,0,0,0,0,0,0,0,0,0,0,0,0,0,0,0,0,0,0,7,0,0,0,0,0,0,0,0,0,0,0,0,0,0,0,0,0,24,0,0,0,0,0,293,330,2,238,2,1,0,38,0,0,44,1,2,1,59,1317,148,570
MONTGOMERY_006-011,0,11,0,0,0,0,0,0,0,0,0,0,0,0,0,0,0,0,0,0,0,0,0,0,0,0,0,0,0,0,0,0,0,0,0,0,0,0,0,0,0,0,0,0,0,0,0,0,0,0,0,0,0,0,11,8,0,3,0,0,0,0,0,0,4,0,0,0,4,22,8,11
MONTGOMERY_006-013,0,587,0,0,0,15,0,0,0,0,0,0,0,0,0,0,0,0,0,0,0,0,0,0,0,0,0,0,0,0,0,0,0,0,0,0,0,0,0,0,0,0,0,0,0,0,0,0,18,0,0,0,0,0,201,233,3,118,0,0,1,24,1,0,52,1,2,0,53,821,134,354
MONTGOMERY_006-014,0,370,0,0,0,9,0,0,0,0,0,0,0,0,0,0,0,0,0,0,0,0,0,0,0,0,0,0,0,0,0,0,0,0,0,0,0,0,0,0,0,0,0,0,0,0,0,0,19,0,0,0,0,0,157,165,1,82,0,0,0,15,0,0,29,0,3,0,29,555,76,248
MONTGOMERY_006-015,0,910,0,0,0,16,0,0,0,0,0,1,0,0,0,0,0,0,0,0,0,0,0,0,0,0,0,0,0,0,4,0,0,0,0,0,0,0,0,0,0,0,0,0,0,0,0,0,46,0,0,0,0,0,389,349,3,151,1,1,1,37,2,1,61,1,2,0,88,1366,195,503
MONTGOMERY_006-016,0,0,0,0,0,0,0,0,0,0,0,0,0,0,0,0,0,0,0,0,0,0,0,0,0,0,0,0,0,0,0,0,0,0,0,0,0,0,0,0,0,0,0,0,0,0,0,0,0,0,0,0,0,0,0,0,0,0,0,0,0,0,0,0,0,0,0,0,0,0,0,0
MONTGOMERY_007-001,0,488,0,0,0,2,0,0,0,0,0,0,0,0,0,0,0,0,0,0,0,0,0,0,1,0,0,0,0,0,3,0,0,0,0,0,0,0,0,0,0,0,0,0,0,0,0,0,17,0,0,0,0,0,129,290,0,125,0,0,0,23,1,0,48,0,1,0,25,640,98,415
MONTGOMERY_007-002,0,693,0,0,0,9,0,0,0,0,0,0,0,0,0,0,0,0,0,0,0,0,0,0,0,0,0,0,0,0,3,0,0,0,0,0,0,0,0,0,0,0,0,0,0,0,0,0,24,0,0,0,0,0,180,504,0,92,2,1,0,25,0,0,112,2,5,0,28,909,175,596
MONTGOMERY_007-003,0,1033,0,0,0,21,0,0,0,0,0,0,0,0,0,0,0,0,0,0,0,0,0,0,0,0,0,0,0,0,7,0,0,0,0,0,0,0,0,0,0,0,0,0,0,0,0,0,22,0,0,0,0,0,224,679,3,240,3,3,1,21,1,1,95,1,0,0,70,1307,196,922
MONTGOMERY_007-004,0,1113,0,0,0,17,0,0,0,0,0,0,0,0,0,0,0,0,0,0,0,0,0,0,0,0,0,0,0,1,7,0,0,0,0,0,0,0,0,0,0,0,0,0,0,0,0,0,49,0,0,0,0,0,220,690,1,232,1,1,0,31,0,0,94,0,0,0,62,1407,189,923
MONTGOMERY_007-005,0,659,0,0,0,13,0,0,0,0,0,0,0,0,0,0,0,0,0,0,0,0,0,0,0,0,0,0,0,0,12,0,0,0,0,0,0,0,0,0,0,0,0,0,0,0,0,0,29,0,0,0,0,0,123,479,1,161,0,3,0,20,0,0,75,0,1,0,34,836,133,641
MONTGOMERY_007-006,0,459,0,0,0,10,0,0,0,0,0,0,0,0,0,0,0,0,0,0,0,0,0,0,0,0,0,0,0,0,1,0,0,0,0,0,0,0,0,0,0,0,0,0,0,0,0,0,33,0,0,0,0,0,112,392,0,101,2,0,1,14,0,0,76,0,3,0,16,615,112,493
MONTGOMERY_007-007,0,676,0,0,0,12,0,0,0,0,0,0,0,0,0,0,0,0,0,0,0,0,0,0,0,0,0,0,0,0,2,0,0,0,0,0,0,0,0,0,0,0,0,0,0,0,0,0,31,0,0,0,0,0,114,456,2,135,2,0,1,18,0,0,77,0,1,0,25,835,124,593
MONTGOMERY_007-008,0,880,0,0,0,25,0,0,0,0,0,0,0,0,0,0,0,0,0,0,0,0,0,0,0,0,0,0,0,0,3,0,0,0,0,0,0,0,0,0,0,0,0,0,0,0,0,0,39,0,0,0,0,0,165,418,0,223,0,0,0,23,0,0,64,1,1,0,40,1112,129,641
MONTGOMERY_007-009,0,761,0,0,0,18,0,0,0,0,0,1,0,0,0,0,0,0,0,0,0,0,0,0,0,0,0,0,0,0,3,0,0,0,0,0,0,0,0,0,0,0,0,0,0,0,0,0,28,0,0,0,0,0,164,462,1,173,0,0,0,15,0,1,76,2,1,0,60,975,155,636
MONTGOMERY_007-010,0,922,0,0,0,20,0,0,0,0,0,0,0,0,0,0,0,0,0,0,0,0,0,0,0,0,0,0,0,0,3,0,0,0,0,0,0,0,0,0,0,0,0,0,0,0,0,0,37,0,0,0,0,0,218,562,0,207,2,1,1,31,0,0,80,0,1,0,50,1200,166,769
MONTGOMERY_007-011,0,1022,0,0,0,16,0,0,0,0,0,0,0,0,0,0,0,0,0,0,0,0,0,0,0,0,0,0,0,0,6,0,0,0,0,0,0,0,0,0,0,0,0,0,0,0,0,0,40,0,0,0,0,0,152,700,1,243,4,0,1,18,1,1,76,0,1,0,40,1236,142,944
MONTGOMERY_007-012,0,813,0,0,0,12,0,0,0,0,0,0,0,0,0,0,0,0,0,0,0,0,0,0,0,0,0,0,0,0,6,0,0,0,0,0,0,0,0,0,0,0,0,0,0,0,0,0,24,0,0,0,0,0,172,599,0,173,0,1,0,26,0,0,91,1,2,0,31,1027,152,772
MONTGOMERY_007-013,0,939,0,0,0,16,0,0,0,0,0,0,0,0,0,0,0,0,0,0,0,0,0,0,0,0,0,0,0,0,8,0,0,0,0,0,0,0,0,0,0,0,0,0,0,0,0,0,49,0,0,0,0,0,269,647,1,168,5,1,1,39,2,0,163,1,0,1,84,1281,297,816
MONTGOMERY_007-015,0,1036,0,0,0,20,0,0,0,0,0,0,0,0,0,0,0,0,0,0,0,0,0,0,0,0,0,0,0,0,5,0,0,0,0,0,0,0,0,0,0,0,0,0,0,0,0,0,40,0,0,0,0,0,321,683,3,172,3,1,0,42,1,0,131,1,4,0,91,1422,274,858
MONTGOMERY_007-016,0,653,0,0,0,19,0,0,0,0,0,0,0,0,0,0,0,0,0,0,0,0,0,0,0,0,0,0,0,0,2,0,0,0,0,0,0,0,0,0,0,0,0,0,0,0,0,0,33,0,0,0,0,0,151,467,1,154,2,0,0,10,0,0,59,0,3,0,49,858,123,622
MONTGOMERY_007-018,0,938,0,0,0,11,0,0,0,0,0,0,0,0,0,0,0,0,0,0,0,0,0,0,0,0,0,0,0,0,2,0,0,0,0,0,0,0,0,0,0,0,0,0,0,0,0,0,29,0,0,0,1,0,174,617,0,172,0,0,0,16,0,0,97,0,0,0,31,1155,144,789
MONTGOMERY_007-019,0,1409,0,0,0,23,0,0,0,0,0,1,0,0,0,0,0,0,0,0,0,0,0,0,0,0,0,0,0,0,11,0,0,0,0,0,0,0,0,0,0,0,0,0,0,0,0,0,52,0,0,0,0,0,391,834,2,314,3,1,2,47,2,0,129,0,4,0,114,1887,302,1150
MONTGOMERY_007-020,0,835,0,0,0,23,0,0,0,0,0,0,0,0,0,0,0,0,0,0,0,0,0,0,0,0,0,0,0,0,3,0,0,0,0,0,0,0,0,0,0,0,0,0,0,0,0,0,38,0,0,0,0,0,242,392,2,220,1,1,0,39,0,1,68,1,4,0,65,1141,180,614
MONTGOMERY_007-021,0,376,0,0,0,2,0,0,0,0,0,0,0,0,0,0,0,0,0,0,0,0,0,0,0,0,0,0,0,0,3,0,0,0,0,0,0,0,0,0,0,0,0,0,0,0,0,0,18,0,0,0,0,0,100,284,1,70,3,0,1,16,2,0,67,1,0,0,37,499,127,355
MONTGOMERY_007-022,0,759,0,0,0,12,0,0,0,0,0,0,0,0,0,0,0,0,0,0,0,0,0,0,0,0,0,0,0,0,5,0,0,0,0,0,0,0,0,0,0,0,0,0,0,0,0,0,30,0,0,0,0,0,149,530,2,185,3,0,2,27,1,0,67,0,0,0,37,955,137,717
MONTGOMERY_007-023,0,1149,0,0,0,20,0,0,0,0,0,0,0,0,0,0,0,0,0,0,0,0,0,0,0,0,0,0,0,0,12,0,0,0,0,0,0,0,0,0,0,0,0,0,0,0,0,0,41,0,0,0,0,0,355,817,1,263,2,0,1,37,1,0,158,0,3,0,106,1577,308,1081
MONTGOMERY_007-024,0,820,0,0,0,9,0,0,0,0,0,0,0,0,0,0,0,0,0,0,0,0,0,0,0,0,0,0,0,0,4,0,0,0,0,0,0,0,0,0,0,0,0,0,0,0,0,0,38,0,0,0,0,0,211,552,0,127,5,0,0,41,1,0,135,1,0,0,65,1082,248,679
MONTGOMERY_007-025,0,780,0,0,0,27,0,0,0,0,0,0,0,0,0,0,0,0,0,0,0,0,0,0,0,0,0,0,0,0,6,0,0,0,0,0,0,0,0,0,0,0,0,0,0,0,0,0,28,0,0,0,0,0,222,424,2,160,1,1,1,19,0,1,78,0,1,0,65,1063,167,586
MONTGOMERY_007-026,0,1201,0,0,0,32,0,0,0,0,0,0,0,0,0,0,0,0,0,0,0,0,0,0,0,0,0,0,0,1,4,0,0,0,1,0,0,0,0,0,0,0,0,0,0,0,0,0,37,0,0,0,0,0,189,759,0,240,2,2,2,23,1,0,71,2,2,0,61,1465,166,999
MONTGOMERY_007-027,0,604,0,0,0,8,0,0,0,0,0,0,0,0,0,0,0,0,0,0,0,0,0,0,0,0,0,0,0,0,8,0,0,0,0,0,0,0,0,0,0,0,0,0,0,0,0,0,36,0,0,0,0,0,128,412,1,84,3,0,1,21,3,1,106,0,1,0,38,784,174,497
MONTGOMERY_007-028,0,548,0,0,0,2,0,0,0,0,0,0,0,0,0,0,0,0,0,0,0,0,0,0,0,0,0,0,0,0,10,0,0,0,0,0,0,0,0,0,0,0,0,0,0,0,0,0,24,0,0,0,0,0,183,368,1,103,0,1,1,17,1,1,71,0,0,0,44,767,136,472
MONTGOMERY_007-031,0,503,0,0,0,9,0,0,0,0,0,0,0,0,0,0,0,0,0,0,0,0,0,0,0,0,0,0,0,0,4,0,0,0,0,0,0,0,0,0,0,0,0,0,0,0,0,0,18,0,0,0,0,0,115,231,2,85,0,0,1,8,0,0,15,0,0,0,29,649,53,318
MONTGOMERY_007-032,0,335,0,0,0,5,0,0,0,0,0,0,0,0,0,0,0,0,0,0,0,0,0,0,0,0,0,0,0,0,0,0,0,0,0,0,0,0,0,0,0,0,0,0,0,0,0,0,15,0,0,0,0,0,149,216,0,61,3,0,0,18,0,0,68,0,1,0,59,504,149,277
MONTGOMERY_008-001,0,1067,0,0,0,25,0,0,0,0,0,0,0,0,0,0,0,0,0,0,0,0,0,0,1,0,0,0,0,0,15,0,0,0,0,0,0,0,0,0,0,0,0,0,0,0,0,0,61,0,0,0,0,0,537,494,3,309,3,5,1,102,0,0,96,2,7,0,121,1706,337,806
MONTGOMERY_008-002,0,1140,0,0,0,27,0,0,0,0,0,0,0,0,0,0,0,0,0,0,0,0,0,0,0,0,0,0,0,1,9,0,0,0,0,0,0,0,0,0,0,0,0,0,0,0,0,0,70,0,0,0,0,0,689,601,1,278,7,4,1,97,0,0,131,3,2,1,160,1936,406,880
MONTGOMERY_008-003,0,823,0,0,0,20,0,0,0,0,0,0,0,0,0,0,0,0,0,0,0,0,0,0,0,0,0,0,0,0,12,0,0,0,0,0,0,0,0,0,0,0,0,0,0,0,0,0,49,0,0,0,1,0,491,452,3,184,1,3,2,84,2,1,160,0,6,0,147,1396,406,639
MONTGOMERY_008-004,0,389,0,0,0,7,0,0,0,0,0,0,0,0,0,0,0,0,0,0,0,0,0,0,0,0,0,0,0,1,4,0,0,0,0,0,0,0,0,0,0,0,0,0,0,0,0,0,31,0,0,0,0,0,258,163,2,94,0,0,0,31,1,0,59,0,0,1,60,690,152,259
MONTGOMERY_008-005,0,772,0,0,0,14,0,0,0,0,0,0,0,0,0,0,0,0,0,0,0,0,0,0,0,0,0,0,0,0,13,0,0,0,0,0,0,0,0,0,0,0,0,0,0,0,0,0,57,0,0,0,0,0,638,324,2,189,2,2,0,89,1,2,122,3,4,0,156,1494,381,515
MONTGOMERY_008-006,0,900,0,0,0,26,0,0,0,0,0,0,0,0,0,0,0,0,0,0,0,0,0,0,0,0,0,0,0,0,3,0,0,0,0,0,0,0,0,0,0,0,0,0,0,0,0,0,75,0,0,0,0,0,639,424,1,256,2,0,0,83,1,0,166,0,1,0,215,1643,468,681
MONTGOMERY_008-007,0,1000,0,0,0,23,0,0,0,0,0,1,0,0,0,0,0,0,0,0,0,0,0,0,0,0,0,0,0,0,7,0,0,0,0,0,0,0,0,0,0,0,0,0,0,0,0,0,44,0,0,0,0,0,650,466,3,226,0,3,2,77,1,1,138,1,3,0,202,1725,428,695
MONTGOMERY_008-008,0,763,0,0,0,17,0,0,0,0,0,1,0,0,0,0,0,0,0,0,0,0,0,0,0,0,0,0,0,0,2,0,0,0,0,0,0,0,0,0,0,0,0,0,0,0,0,0,57,0,0,0,0,0,482,355,2,193,3,1,2,53,1,0,115,1,1,0,130,1322,307,550
MONTGOMERY_008-009,0,1045,0,0,0,15,0,0,0,0,0,1,0,0,0,0,0,0,0,0,0,0,0,0,0,0,0,0,0,3,7,0,0,0,0,0,0,0,0,0,0,0,0,0,0,0,0,0,65,0,0,0,0,0,543,500,1,246,2,6,2,61,1,0,108,0,3,0,162,1679,345,747
MONTGOMERY_008-010,0,581,0,0,0,15,0,0,0,0,0,0,0,0,0,0,0,0,0,0,0,0,0,0,0,0,0,0,0,1,4,0,0,0,0,0,0,0,0,0,0,0,0,0,0,0,0,0,32,0,0,0,0,0,261,274,3,154,1,2,0,43,0,1,58,0,1,1,64,894,171,431
MONTGOMERY_008-011,0,903,0,0,0,24,0,0,0,0,0,0,0,0,0,0,0,0,0,0,0,0,0,0,0,0,0,0,0,2,4,0,0,0,0,0,0,0,0,0,0,0,0,0,0,0,0,0,47,0,0,0,0,0,311,372,1,187,3,1,1,60,1,0,55,0,0,0,72,1291,193,560
MONTGOMERY_008-012,0,854,0,0,0,19,0,0,0,0,0,0,0,0,0,0,0,0,0,0,0,0,0,0,0,0,0,0,0,0,6,0,0,0,0,0,0,0,0,0,0,0,0,0,0,0,0,0,48,0,0,0,0,0,428,329,1,170,2,2,0,49,1,0,89,0,2,0,141,1355,286,500
MONTGOMERY_008-014,0,7,0,0,0,0,0,0,0,0,0,0,0,0,0,0,0,0,0,0,0,0,0,0,0,0,0,0,0,0,0,0,0,0,0,0,0,0,0,0,0,0,0,0,0,0,0,0,0,0,0,0,0,0,1,0,0,0,0,0,0,0,0,0,0,0,0,0,1,8,1,0
MONTGOMERY_008-015,0,75,0,0,0,3,0,0,0,0,0,0,0,0,0,0,0,0,0,0,0,0,0,0,0,0,0,0,0,0,2,0,0,0,0,0,0,0,0,0,0,0,0,0,0,0,0,0,3,0,0,0,0,0,25,19,0,12,0,0,0,1,0,0,1,0,0,0,6,108,8,31
MONTGOMERY_009-001,0,987,0,0,0,19,0,0,0,0,0,0,0,0,0,0,0,0,0,0,0,0,0,0,0,0,0,0,0,2,2,0,0,0,0,0,0,0,0,0,0,0,0,0,0,0,0,0,40,0,0,0,0,0,268,312,0,211,0,1,0,30,1,1,28,1,2,0,63,1318,127,523
MONTGOMERY_009-002,0,1000,0,0,0,36,0,0,0,0,0,1,0,0,0,0,0,0,0,0,0,0,0,0,0,0,0,0,0,2,9,0,0,0,0,0,0,0,0,0,0,0,0,0,0,0,0,0,44,0,0,0,0,0,326,360,1,225,1,2,0,42,0,0,51,0,4,0,83,1418,183,586
MONTGOMERY_009-003,0,550,0,0,0,19,0,0,0,0,0,0,0,0,0,0,0,0,0,0,0,0,0,0,0,0,0,0,0,0,2,0,0,0,0,0,0,0,0,0,0,0,0,0,0,0,0,0,23,0,0,0,0,0,164,188,1,104,1,0,0,16,0,0,20,1,0,0,27,758,65,293
MONTGOMERY_009-004,0,870,0,0,0,19,0,0,0,0,0,0,0,0,0,0,0,1,0,0,0,0,0,0,0,0,0,0,0,0,8,0,0,0,0,0,1,0,0,0,0,0,0,0,0,0,0,0,37,0,0,0,0,0,264,336,1,182,1,1,0,43,1,1,50,2,3,0,85,1200,187,519
MONTGOMERY_009-005,0,785,0,0,0,23,0,0,0,0,0,0,0,0,0,0,0,0,0,0,0,0,0,0,0,0,0,0,0,0,3,0,0,0,0,0,0,0,0,0,0,0,0,0,0,0,0,0,19,0,0,0,0,0,295,340,1,172,1,1,2,55,2,0,72,0,3,0,71,1125,207,513
MONTGOMERY_009-006,0,936,0,0,0,15,0,0,0,0,0,0,0,0,0,0,0,0,0,0,0,0,1,0,0,0,0,0,0,0,2,0,0,0,0,0,0,0,0,0,0,0,0,0,0,0,0,0,33,0,0,0,0,1,336,320,1,221,1,2,1,28,0,0,38,2,2,1,70,1324,145,542
MONTGOMERY_009-007,0,1038,0,0,0,24,0,0,0,0,0,0,0,0,0,0,0,0,0,0,0,0,0,0,0,0,0,0,0,0,4,0,0,0,0,0,0,0,0,0,0,0,0,0,0,0,0,0,36,0,0,0,0,0,196,327,1,185,1,0,0,33,1,0,15,1,2,0,42,1298,95,513
MONTGOMERY_009-008,0,1069,0,0,0,34,0,0,0,0,0,0,0,0,0,0,0,0,0,0,0,0,0,0,0,0,0,0,0,1,2,0,0,0,0,0,0,0,0,0,0,0,0,0,0,0,0,0,54,0,0,0,0,0,287,328,1,222,1,0,0,50,1,2,50,0,4,0,55,1447,163,551
MONTGOMERY_009-009,0,1263,0,0,0,22,0,0,0,0,0,0,0,0,0,0,0,0,0,0,0,0,0,0,0,0,0,0,0,1,12,0,0,0,0,0,0,0,0,0,0,0,0,0,0,0,0,0,37,0,0,0,0,0,289,440,2,233,3,5,2,37,1,0,41,0,2,0,61,1624,152,675
MONTGOMERY_009-010,0,198,0,0,0,4,0,0,0,0,0,0,0,0,0,0,0,0,0,0,0,0,0,0,0,0,0,0,0,0,0,0,0,0,0,0,0,0,0,0,0,0,0,0,0,0,0,0,8,0,0,0,0,0,63,55,1,49,0,0,0,10,1,0,13,0,0,0,9,273,33,105
MONTGOMERY_009-011,0,780,0,0,0,18,0,0,0,0,0,1,0,0,0,0,0,0,0,0,0,0,0,0,0,0,0,0,0,0,13,0,0,0,0,0,0,0,0,0,0,0,0,0,0,0,0,0,39,0,0,0,0,0,299,270,1,192,2,2,1,76,0,0,59,0,5,0,68,1150,213,463
MONTGOMERY_009-012,0,832,0,0,0,13,0,0,0,0,0,0,0,0,0,0,0,0,0,0,0,0,0,0,0,0,0,1,0,0,18,0,0,0,0,0,0,0,0,0,0,0,0,0,0,0,0,0,34,0,0,0,0,0,286,347,0,188,1,1,2,53,0,1,61,0,0,0,75,1184,194,535
MONTGOMERY_009-013,0,914,0,0,0,27,0,0,0,0,0,0,0,0,0,0,0,0,0,0,0,0,0,0,0,0,0,0,0,1,9,0,0,0,0,0,0,0,0,0,0,0,0,0,0,0,0,0,54,0,0,0,0,0,378,376,0,214,1,3,1,43,0,1,90,0,4,0,109,1383,252,590
MONTGOMERY_009-014,0,723,0,0,0,23,0,0,0,0,0,1,0,0,0,0,0,0,0,0,0,0,0,0,0,0,0,0,0,0,10,0,0,0,0,0,0,0,0,0,0,0,0,0,0,0,0,0,42,0,0,0,0,0,298,270,2,182,0,2,1,47,1,0,89,0,0,0,59,1097,199,454
MONTGOMERY_009-015,0,816,0,0,0,19,0,0,0,0,0,0,0,0,0,0,0,0,0,0,0,0,0,0,0,0,0,0,0,0,3,0,0,0,0,0,0,0,0,0,0,0,0,0,0,0,0,0,27,0,0,0,0,0,173,318,0,134,0,1,1,21,0,0,13,0,4,1,31,1038,72,452
MONTGOMERY_009-016,0,720,0,0,0,14,0,0,0,0,0,0,0,0,0,0,0,0,0,0,0,0,0,0,0,0,0,0,0,0,0,0,0,0,0,0,0,0,0,0,0,0,0,0,0,0,0,0,17,0,0,0,0,0,131,228,1,110,2,1,0,27,1,0,18,1,0,0,38,882,88,339
MONTGOMERY_009-018,0,832,0,0,0,25,0,0,0,0,0,0,0,0,0,0,0,0,0,0,0,0,0,0,0,0,0,0,0,0,6,0,0,0,0,0,0,0,0,0,0,0,0,0,0,0,0,0,30,0,0,0,0,0,211,281,0,136,4,0,1,22,0,0,22,0,1,1,53,1104,104,417
MONTGOMERY_009-020,0,551,0,0,0,12,0,0,0,0,0,2,0,0,0,0,0,0,0,0,0,0,0,0,0,0,0,0,0,0,2,0,0,0,0,0,0,0,0,0,0,0,0,0,0,0,0,0,24,0,0,0,0,0,187,235,1,106,0,0,0,52,0,0,38,0,3,0,40,778,133,342
MONTGOMERY_009-021,0,608,0,0,0,13,0,0,0,0,0,0,0,0,0,0,0,0,0,0,0,0,0,0,0,0,0,0,0,0,10,0,0,0,0,0,0,0,0,0,0,0,0,0,0,0,0,0,53,0,0,0,0,0,302,238,3,145,0,1,0,83,0,0,55,2,1,2,70,986,214,386
MONTGOMERY_009-022,0,1108,0,0,0,24,0,0,0,0,0,0,0,0,0,0,0,0,0,0,0,0,0,0,0,0,0,0,0,2,11,0,0,0,0,0,0,0,0,0,0,0,0,0,0,0,0,0,45,0,0,0,0,0,349,411,2,229,1,6,1,78,1,0,51,0,2,0,85,1539,225,642
MONTGOMERY_009-024,0,565,0,0,0,24,0,0,0,0,0,0,0,0,0,0,0,0,0,0,0,0,0,0,0,0,0,0,0,0,8,0,0,0,0,0,0,0,0,0,0,0,0,0,0,0,0,0,26,0,0,0,0,0,176,166,0,119,1,0,0,24,0,0,25,1,0,0,50,799,101,285
MONTGOMERY_009-025,0,717,0,0,0,7,0,0,0,0,0,0,0,0,0,0,0,0,0,0,0,0,0,0,0,0,0,0,0,0,2,0,0,0,0,0,0,0,0,0,0,0,0,0,0,0,0,0,35,0,0,0,0,0,284,249,0,107,2,0,0,49,1,0,44,0,3,0,72,1045,171,356
MONTGOMERY_009-026,0,791,1,0,0,16,0,0,0,0,0,0,0,0,0,0,0,0,0,0,0,0,0,0,0,0,0,0,0,0,7,0,0,0,0,0,0,0,0,0,0,0,0,0,0,0,0,0,28,0,0,0,0,0,196,315,2,152,2,3,1,35,1,0,18,0,2,0,45,1039,107,469
MONTGOMERY_009-027,0,1074,0,0,0,30,0,0,0,0,0,1,0,0,0,0,0,0,0,0,0,0,0,0,0,0,0,0,0,0,9,0,0,0,0,0,0,0,0,0,0,0,0,0,0,0,0,0,53,0,0,0,1,0,374,492,0,207,1,2,1,46,0,0,126,2,3,0,110,1542,291,699
MONTGOMERY_009-028,0,432,0,0,0,1,0,0,0,0,0,0,0,0,0,0,0,0,0,0,0,0,0,0,0,0,0,0,0,0,1,0,0,0,0,0,0,0,0,0,0,0,0,0,0,0,0,0,13,1,0,0,0,0,161,285,0,34,2,0,1,21,0,0,102,2,0,2,52,609,182,319
MONTGOMERY_009-029,0,800,0,0,0,24,0,0,0,0,0,1,0,0,0,0,0,0,0,0,0,0,0,0,0,0,0,0,0,0,7,0,0,0,0,0,0,0,0,0,0,0,0,0,0,0,0,0,39,0,0,0,0,0,268,305,0,180,0,0,2,41,1,0,28,0,1,0,73,1139,146,485
MONTGOMERY_009-030,0,781,0,0,0,21,0,0,0,0,0,1,0,0,0,0,0,0,0,0,0,0,0,0,0,0,0,0,0,0,8,0,0,0,0,0,0,0,0,0,0,0,0,0,0,0,0,0,37,0,0,0,0,0,265,287,1,181,0,6,1,57,0,0,37,0,0,0,73,1113,174,469
MONTGOMERY_009-031,0,714,0,0,0,9,0,0,0,0,0,0,0,0,0,0,0,0,0,0,0,0,0,0,0,0,0,0,0,0,3,0,0,0,0,0,0,0,0,0,0,0,0,0,0,0,0,0,49,0,0,0,0,0,229,368,1,168,1,0,0,34,0,0,49,0,0,0,65,1004,149,537
MONTGOMERY_009-032,0,185,0,0,0,4,0,0,0,0,0,0,0,0,0,0,0,0,0,0,0,0,0,0,0,0,0,0,0,0,1,0,0,0,0,0,0,0,0,0,0,0,0,0,0,0,0,0,4,0,0,0,0,0,38,63,1,38,0,0,0,9,1,0,4,0,0,0,5,232,19,102
MONTGOMERY_009-033,0,402,0,0,0,11,0,0,0,0,0,0,0,0,0,0,0,0,0,0,0,0,0,0,0,0,0,0,0,0,7,0,0,0,0,0,0,0,0,0,0,0,0,0,0,0,0,0,28,0,0,0,0,0,148,120,0,95,0,1,0,16,1,0,24,0,0,0,24,596,66,215
MONTGOMERY_009-034,0,868,0,0,0,14,0,0,0,0,0,0,0,0,0,0,0,0,0,0,0,0,0,0,0,0,0,0,0,0,2,0,0,0,0,0,0,0,0,0,0,0,0,0,0,0,0,0,22,0,0,0,0,0,227,297,2,172,1,1,0,32,0,0,32,0,3,0,33,1133,102,471
MONTGOMERY_009-035,0,1097,0,0,0,17,0,0,0,0,0,0,0,0,0,0,0,0,0,0,0,0,0,0,0,0,0,0,0,0,8,0,0,0,0,0,0,0,0,0,0,0,0,0,0,0,0,0,52,0,0,0,0,0,482,575,1,226,4,4,1,68,2,1,120,3,2,1,145,1656,351,802
MONTGOMERY_009-036,0,621,0,0,0,23,0,0,0,0,0,0,0,0,0,0,0,0,0,0,0,0,0,0,0,0,0,0,0,0,5,0,0,0,0,0,0,0,0,0,0,0,0,0,0,0,0,0,43,0,0,0,0,0,224,208,0,139,1,0,0,32,0,0,34,0,3,0,43,916,113,347
MONTGOMERY_009-037,0,648,0,0,0,16,0,0,0,0,0,0,0,0,0,0,0,0,0,0,0,0,0,0,0,0,0,0,0,0,9,0,0,0,0,0,0,0,0,0,0,0,0,0,0,0,0,0,20,0,0,0,0,1,203,219,2,128,0,0,0,45,0,1,29,0,1,0,37,897,113,349
MONTGOMERY_009-038,0,190,0,0,0,4,0,0,0,0,0,0,0,0,0,0,0,0,0,0,0,0,0,0,0,0,0,0,0,0,1,0,0,0,0,0,0,0,0,0,0,0,0,0,0,0,0,0,6,0,0,0,0,0,32,99,0,63,0,0,0,2,0,0,11,0,0,0,5,233,18,162
MONTGOMERY_009-039,0,45,0,0,0,1,0,0,0,0,0,0,0,0,0,0,0,0,0,0,0,0,0,0,0,0,0,0,0,0,1,0,0,0,0,0,0,0,0,0,0,0,0,0,0,0,0,0,2,0,0,0,0,0,7,1,0,2,0,0,0,2,0,0,1,0,0,0,0,56,3,3
MONTGOMERY_009-040,0,642,0,0,0,8,0,0,0,0,0,0,0,0,0,0,0,0,0,0,0,0,0,0,0,0,0,0,0,0,0,0,0,0,0,0,0,0,0,0,0,0,0,0,0,0,0,0,37,0,0,0,0,0,193,157,0,118,2,0,0,15,0,0,38,0,0,0,33,880,88,275
MONTGOMERY_009-041,0,523,0,0,0,16,0,0,0,0,0,0,0,0,0,0,0,0,0,0,0,0,0,0,0,0,0,0,0,0,9,0,0,0,0,0,0,0,0,0,0,0,0,0,0,0,0,0,23,0,0,0,0,0,164,225,0,134,0,0,0,25,1,1,29,0,1,0,32,735,89,359
MONTGOMERY_010-001,0,316,0,0,0,6,0,0,0,0,0,0,0,0,0,0,0,0,0,0,0,0,0,0,0,0,0,0,0,0,7,0,0,0,0,0,0,0,0,0,0,0,0,0,0,0,0,0,12,0,0,0,0,0,246,146,1,69,2,0,0,28,0,0,71,0,0,0,80,587,181,216
MONTGOMERY_010-002,0,511,0,0,0,3,0,0,0,0,0,0,0,0,0,0,0,0,0,0,0,0,0,0,0,0,0,0,0,0,3,0,0,0,0,0,0,0,0,0,0,0,0,0,0,0,0,0,39,0,0,0,0,0,408,266,3,98,3,0,2,38,1,0,142,0,3,0,132,964,321,367
MONTGOMERY_010-003,0,604,0,0,0,12,0,0,0,0,0,0,0,0,0,0,0,0,0,0,0,0,0,0,0,0,0,0,0,0,6,0,0,0,0,0,0,0,0,0,0,0,0,0,0,0,0,0,38,0,0,0,0,0,264,360,4,130,0,0,1,26,1,0,101,0,1,0,86,924,216,494
MONTGOMERY_010-004,0,399,0,0,0,9,0,0,0,0,0,0,0,0,0,0,0,0,0,0,0,0,0,0,0,0,0,0,0,0,1,0,0,0,0,0,0,0,0,0,0,0,0,0,0,0,0,0,12,0,0,0,0,0,163,252,0,92,0,1,0,12,1,0,48,0,0,0,55,584,117,344
MONTGOMERY_010-005,0,460,0,0,0,12,0,0,0,0,0,0,0,0,0,0,0,0,0,0,0,0,0,0,0,0,0,0,0,0,7,0,0,0,0,0,0,0,0,0,0,0,0,0,0,0,0,0,18,0,0,0,0,0,204,306,3,108,2,1,1,28,0,0,90,0,1,0,58,701,181,417
MONTGOMERY_010-006,0,454,0,0,0,10,0,0,0,0,0,0,0,0,0,0,0,0,0,0,0,0,0,0,1,0,0,0,0,0,6,0,0,0,0,0,0,0,0,0,0,0,0,0,0,0,0,0,21,0,0,0,0,0,166,322,0,102,3,0,1,25,1,0,73,0,3,0,68,658,174,424
MONTGOMERY_010-007,0,763,0,0,0,11,0,0,0,0,0,0,0,0,0,0,0,0,0,0,0,0,0,0,0,0,0,0,0,0,4,0,0,0,0,0,0,0,0,0,0,0,0,0,0,0,0,0,38,0,0,0,0,0,334,446,2,137,2,0,0,45,0,1,107,0,3,0,106,1150,264,585
MONTGOMERY_010-009,0,572,0,0,0,8,0,0,0,0,0,0,0,0,0,0,0,0,0,0,0,0,0,0,0,0,0,0,0,0,6,0,0,0,0,0,0,0,0,0,0,0,0,0,0,0,0,0,33,0,0,0,0,0,420,291,1,94,4,1,1,41,0,0,128,0,0,0,112,1039,287,386
MONTGOMERY_010-010,0,696,0,0,0,18,0,0,0,0,0,0,0,0,0,0,0,0,0,0,0,0,0,0,0,0,0,0,0,0,5,0,0,0,0,0,0,0,0,0,0,0,0,0,0,0,0,0,47,0,0,0,0,0,308,420,0,137,0,0,0,30,0,0,136,0,1,0,104,1074,271,557
MONTGOMERY_010-011,0,510,0,0,0,15,0,0,0,0,0,0,0,0,0,0,0,0,0,0,0,0,0,0,0,0,0,0,0,0,5,0,0,0,0,0,0,0,0,0,0,0,0,0,0,0,0,0,10,0,0,0,0,0,139,214,0,102,1,2,1,17,1,0,20,0,0,0,50,679,92,316
MONTGOMERY_010-012,0,769,0,0,0,20,0,0,0,0,0,0,0,0,0,0,0,0,0,0,0,0,0,0,0,0,0,0,0,0,7,0,0,0,0,0,0,0,0,0,0,0,0,0,0,0,0,0,24,0,0,0,0,0,282,455,4,179,0,2,2,36,1,0,74,1,1,0,73,1102,190,638
MONTGOMERY_010-013,0,286,0,0,0,9,0,0,0,0,0,0,0,0,0,0,0,0,0,0,0,0,0,0,0,0,0,0,0,0,3,0,0,0,0,0,0,0,0,0,0,0,0,0,0,0,0,0,9,0,0,0,0,0,138,208,0,52,4,0,0,10,0,0,42,0,0,0,40,445,96,260
MONTGOMERY_011-000,0,505,0,0,0,13,0,0,0,0,0,1,0,0,0,0,0,0,0,0,0,0,0,0,0,0,0,0,0,0,2,0,0,0,0,0,0,0,0,0,0,0,0,0,0,0,0,0,33,0,0,0,0,0,455,194,1,123,0,1,0,54,1,2,52,0,0,0,150,1009,260,318
MONTGOMERY_012-001,0,287,0,0,0,10,0,0,0,0,0,0,0,0,0,0,0,0,0,0,0,0,0,0,0,0,0,0,0,0,7,0,0,0,0,0,0,0,0,0,0,0,0,0,0,0,0,0,32,0,0,0,0,0,539,127,0,102,2,3,0,79,0,1,68,1,7,0,177,875,338,229
MONTGOMERY_012-002,0,336,0,0,0,11,0,0,0,0,0,3,0,0,0,0,0,0,0,0,0,0,0,0,0,0,0,0,0,0,7,0,0,0,0,0,0,0,0,0,0,0,0,0,0,0,0,0,42,0,0,0,0,0,493,158,4,96,1,3,1,89,1,0,83,1,1,0,199,892,379,258
MONTGOMERY_012-003,0,656,0,0,0,21,0,0,0,0,0,0,0,0,0,0,0,0,0,0,0,0,0,0,0,0,0,0,0,2,13,0,0,0,0,0,0,0,0,0,0,0,0,0,0,0,0,0,79,0,0,0,0,0,812,280,3,219,3,4,2,148,0,1,144,3,4,0,275,1583,584,502
MONTGOMERY_012-004,0,428,0,0,0,10,0,0,0,0,0,0,0,0,0,0,0,0,0,0,0,0,0,0,0,0,0,0,0,1,2,0,0,0,0,0,0,0,0,0,0,0,0,0,0,0,0,0,46,0,0,0,0,0,456,195,0,112,1,2,3,84,2,1,118,0,4,0,139,943,354,307
MONTGOMERY_012-005,0,543,0,0,0,22,0,0,0,0,0,0,0,0,0,0,0,0,0,0,0,0,0,0,0,0,0,0,0,0,12,0,0,0,0,0,0,0,0,0,0,0,0,0,0,0,0,0,61,0,0,0,0,0,525,201,0,159,2,6,0,87,2,0,80,3,4,1,156,1163,341,360
MONTGOMERY_013-001,0,631,0,0,0,18,0,0,0,0,0,0,0,0,0,0,0,0,0,0,0,0,0,0,0,0,0,0,0,1,1,0,0,0,0,0,0,0,0,0,0,0,0,0,0,0,0,0,23,0,0,0,0,0,207,291,0,149,0,0,0,37,0,1,49,0,0,1,48,881,136,440
MONTGOMERY_013-002,0,1275,0,0,0,25,0,0,0,0,0,0,0,0,0,0,0,0,0,0,0,0,0,0,0,0,0,0,0,1,8,0,0,0,0,0,0,0,0,0,0,0,0,0,0,0,0,0,38,0,0,0,0,0,281,627,1,310,0,0,1,35,0,0,66,0,0,0,74,1628,176,938
MONTGOMERY_013-003,0,686,0,0,0,7,0,0,0,0,0,0,0,0,0,0,0,0,0,0,0,0,0,0,0,0,0,0,0,1,9,0,0,0,0,0,0,0,0,0,0,0,0,0,0,0,0,0,15,0,0,0,0,0,180,477,1,138,0,0,0,33,1,0,84,0,1,1,35,898,155,616
MONTGOMERY_013-004,0,875,0,0,0,23,0,0,0,0,0,0,0,0,0,0,0,0,0,0,0,0,0,0,0,0,0,0,0,0,4,0,0,0,0,0,0,0,0,0,0,0,0,0,0,0,0,0,16,0,0,0,0,0,58,592,1,347,0,0,0,3,0,0,18,0,0,0,13,976,34,940
MONTGOMERY_013-005,0,744,0,0,0,16,0,0,0,0,0,1,0,0,0,0,0,0,0,0,0,0,0,0,0,0,0,0,0,0,3,0,0,0,1,0,0,0,0,0,0,0,0,0,0,0,0,0,33,0,0,0,0,0,77,398,0,275,0,1,0,6,1,0,27,0,2,0,13,875,50,673
MONTGOMERY_013-006,0,855,0,0,0,27,0,0,0,0,0,0,0,0,0,0,0,0,0,0,0,0,0,0,0,0,0,0,0,0,4,0,0,0,0,0,0,0,0,0,0,0,0,0,0,0,0,0,9,0,0,0,0,0,41,595,0,349,0,0,0,6,0,1,11,1,1,0,10,936,30,944
MONTGOMERY_013-007,0,841,0,0,0,12,0,0,0,0,0,0,0,0,0,0,0,0,0,0,0,0,0,0,0,0,0,0,0,3,10,0,0,0,0,0,0,0,0,0,0,0,0,0,0,0,0,0,36,0,0,0,0,0,101,576,1,272,0,2,0,19,0,0,46,1,2,0,30,1003,100,849
MONTGOMERY_013-008,0,696,0,0,0,19,0,0,0,0,0,0,0,0,0,0,0,0,0,0,0,0,0,0,0,0,0,0,0,0,1,0,0,0,0,0,0,0,0,0,0,0,0,0,0,0,0,0,16,0,0,0,0,0,84,390,0,267,0,1,0,10,1,0,14,0,0,0,19,816,45,657
MONTGOMERY_013-010,0,559,0,0,0,16,0,0,0,0,0,0,0,0,0,0,0,0,0,0,0,0,0,0,0,0,0,0,0,0,5,0,0,0,0,0,0,0,0,0,0,0,0,0,0,0,0,0,19,0,0,0,0,0,50,237,1,189,0,0,0,8,0,0,22,0,2,0,12,649,44,427
MONTGOMERY_013-011,0,943,0,0,0,32,0,0,0,0,0,1,0,0,0,0,0,0,0,0,0,0,0,0,0,0,0,0,0,0,7,0,0,0,0,0,0,0,0,0,0,0,0,0,0,0,0,0,29,0,0,0,0,0,208,523,1,305,2,0,2,32,1,0,36,2,3,0,43,1220,121,829
MONTGOMERY_013-013,0,789,0,0,0,16,0,0,0,0,0,0,0,0,0,0,0,0,0,0,0,0,0,0,0,0,0,0,0,0,0,0,0,0,0,0,0,0,0,0,0,0,0,0,0,0,0,0,11,0,0,0,0,0,81,413,0,210,0,0,0,8,0,0,17,0,2,0,14,897,41,623
MONTGOMERY_013-014,0,662,0,0,0,17,0,0,0,0,0,0,0,0,0,0,0,0,0,0,0,0,0,0,0,0,0,0,0,0,4,0,0,0,0,0,0,0,0,0,0,0,0,0,0,0,0,0,18,0,0,0,0,0,129,572,1,216,0,0,1,20,0,0,42,0,0,0,37,830,100,789
MONTGOMERY_013-015,0,1284,0,0,0,28,0,0,0,0,0,0,0,0,0,0,0,0,0,0,0,0,0,0,0,0,0,0,0,0,0,0,0,0,0,0,0,0,0,0,0,0,0,0,0,0,0,0,30,0,0,0,0,0,164,637,4,314,4,1,0,32,1,2,46,1,2,0,35,1506,124,955
MONTGOMERY_013-016,0,802,0,0,0,17,0,0,0,0,0,0,0,0,0,0,0,0,0,0,0,0,0,0,0,0,0,0,0,0,0,0,0,0,0,0,0,0,0,0,0,0,0,0,0,0,0,0,12,0,0,0,0,0,67,412,0,177,1,2,1,10,0,0,11,0,1,0,7,898,33,589
MONTGOMERY_013-018,0,771,0,0,0,13,0,0,0,0,0,0,0,0,0,0,0,0,0,0,0,0,0,0,0,0,0,0,0,0,0,0,0,0,0,0,0,0,0,0,0,0,0,0,0,0,0,0,12,0,0,0,0,0,80,434,0,256,0,0,0,15,0,0,23,0,0,0,18,876,56,690
MONTGOMERY_013-019,0,746,0,0,0,17,0,0,0,0,0,0,0,0,0,0,0,0,0,0,0,0,0,0,0,0,0,0,0,0,9,0,0,0,1,0,0,0,0,0,0,0,0,0,0,0,0,0,26,0,0,0,0,0,152,419,1,233,1,4,0,39,0,0,47,2,1,0,37,951,131,653
MONTGOMERY_013-020,0,433,0,0,0,6,0,0,0,0,0,0,0,0,0,0,0,0,0,0,0,0,0,0,0,0,0,0,0,0,16,0,0,0,0,0,0,0,0,0,0,0,0,0,0,0,0,0,28,0,0,0,0,0,228,283,2,92,1,1,0,46,1,0,53,0,0,0,52,711,154,377
MONTGOMERY_013-021,0,1121,0,0,0,44,0,0,0,0,0,0,0,0,0,0,0,0,0,0,0,0,0,0,0,0,0,0,0,1,4,0,0,0,0,0,0,0,0,0,0,0,0,0,0,0,0,0,18,0,0,0,0,0,75,572,2,327,0,1,0,10,0,0,19,0,0,0,12,1263,42,901
MONTGOMERY_013-022,0,1063,0,0,0,39,0,0,0,0,0,0,0,0,0,0,0,0,0,0,0,0,0,0,0,0,0,0,0,0,0,0,0,0,0,0,0,0,0,0,0,0,0,0,0,0,0,0,21,0,0,0,0,0,82,404,5,297,2,1,0,11,0,0,8,0,1,0,19,1205,42,706
MONTGOMERY_013-023,0,886,0,0,0,20,0,0,0,0,0,0,0,0,0,0,0,0,0,0,0,0,0,0,0,0,0,0,0,0,0,0,0,0,0,0,0,0,0,0,0,0,0,0,0,0,0,0,34,0,0,0,0,0,253,507,3,282,1,3,0,34,0,1,97,1,2,0,64,1193,203,792
MONTGOMERY_013-024,0,716,0,0,0,14,0,0,0,0,0,0,0,0,0,0,0,0,0,0,0,0,0,0,0,0,0,0,0,0,0,0,0,0,0,0,0,0,0,0,0,0,0,0,0,0,0,0,21,0,0,0,0,0,164,461,1,192,1,0,0,22,0,0,37,1,4,0,45,915,110,654
MONTGOMERY_013-025,0,1151,0,0,0,26,0,0,0,0,0,0,0,0,0,0,0,0,0,0,0,0,0,0,0,0,0,0,0,0,0,0,0,0,0,0,0,0,0,0,0,0,0,0,0,0,0,0,36,0,0,0,0,0,265,338,6,246,1,3,0,26,0,0,28,1,3,0,54,1478,116,590
MONTGOMERY_013-027,0,934,0,0,0,24,0,0,0,0,0,0,0,0,0,0,0,0,0,0,0,0,0,0,0,0,0,0,0,0,0,0,0,0,0,0,0,0,0,0,0,0,0,0,0,0,0,0,35,0,0,0,0,0,201,398,2,248,1,3,0,32,0,1,34,2,2,0,47,1194,122,648
MONTGOMERY_013-028,0,605,0,0,0,25,0,0,0,0,0,0,0,0,0,0,0,0,0,0,0,0,0,0,0,0,0,0,0,0,0,0,0,0,0,0,0,0,0,0,0,0,0,0,0,0,0,0,16,0,0,0,0,0,131,181,1,141,1,2,1,17,0,0,19,1,0,0,23,777,64,323
MONTGOMERY_013-029,0,803,0,0,0,22,0,0,0,0,0,0,0,0,0,0,0,0,0,0,0,0,0,0,0,0,0,0,0,0,0,0,0,0,0,0,0,0,0,0,0,0,0,0,0,0,0,0,23,0,0,0,0,0,157,352,2,230,3,1,2,39,0,0,25,0,3,0,33,1005,106,584
MONTGOMERY_013-030,0,851,0,0,0,38,0,0,0,0,0,0,0,0,0,0,0,0,0,0,0,0,0,0,0,0,0,0,0,0,0,0,0,0,0,0,0,0,0,0,0,0,0,0,0,0,0,0,12,0,0,0,0,0,145,313,1,195,0,1,0,22,0,0,24,0,1,0,35,1046,83,509
MONTGOMERY_013-031,0,659,0,0,0,12,0,0,0,0,0,0,0,0,0,0,0,0,0,0,0,0,0,0,0,0,0,0,0,0,0,0,0,0,0,0,0,0,0,0,0,0,0,0,0,0,0,0,22,0,0,0,0,0,108,337,1,176,0,1,0,15,0,0,29,0,1,0,24,801,70,514
MONTGOMERY_013-032,0,1032,0,0,0,24,0,0,0,0,0,0,0,0,0,0,0,0,0,0,0,0,2,0,0,0,0,0,0,0,5,0,0,0,0,0,1,0,0,0,0,0,0,0,0,0,0,0,22,0,0,0,0,0,140,414,1,233,1,1,0,18,0,0,29,0,0,0,23,1226,72,648
MONTGOMERY_013-033,0,492,0,0,0,11,0,0,0,0,0,0,0,0,0,0,0,0,0,0,0,0,0,0,0,0,0,0,0,0,7,0,0,0,0,0,0,0,0,0,0,0,0,0,0,0,0,0,22,0,0,0,0,0,185,276,3,150,0,2,1,39,1,0,17,0,0,0,26,717,86,429
MONTGOMERY_013-034,0,818,0,0,0,24,0,0,0,0,0,0,0,0,0,0,0,0,0,0,0,0,0,0,0,0,0,0,0,0,6,0,0,0,0,0,0,0,0,0,0,0,0,0,0,0,0,0,36,0,0,0,0,0,219,445,2,235,1,1,2,35,0,0,61,3,2,1,54,1103,160,682
MONTGOMERY_013-035,0,847,0,0,0,13,0,0,0,0,0,0,0,0,0,0,0,0,0,0,0,0,0,0,0,0,0,0,0,0,4,0,0,0,0,0,0,0,0,0,0,0,0,0,0,0,0,0,26,0,0,0,0,0,217,331,3,213,1,0,0,36,1,0,14,1,1,1,40,1107,95,547
MONTGOMERY_013-036,0,840,0,0,0,9,0,0,0,0,0,0,0,0,0,0,0,0,0,0,0,0,0,0,0,0,0,0,0,1,3,0,0,0,0,0,0,0,0,0,0,0,0,0,0,0,0,0,41,0,0,0,0,0,207,305,0,200,1,1,0,23,0,1,23,0,2,1,39,1101,91,505
MONTGOMERY_013-037,0,626,0,0,0,19,0,0,0,0,0,0,0,0,0,0,0,0,0,0,0,0,0,0,0,0,0,0,0,0,1,0,0,0,0,0,0,0,0,0,0,0,0,0,0,0,0,0,23,0,0,0,0,0,181,229,2,112,1,3,0,30,0,0,19,1,0,0,49,850,103,343
MONTGOMERY_013-038,0,1333,0,0,0,20,0,0,0,0,0,0,0,0,0,0,0,0,0,0,0,0,0,0,0,0,0,0,0,7,21,0,0,0,0,0,0,0,0,0,0,0,0,0,0,0,0,0,51,1,0,0,1,0,570,809,4,308,4,1,2,92,2,2,213,3,2,0,119,2004,440,1121
MONTGOMERY_013-039,0,737,0,0,0,11,0,0,0,0,0,1,0,0,0,0,0,0,0,0,0,0,0,0,0,0,0,0,0,1,10,0,0,0,0,0,1,0,0,0,0,0,0,0,0,0,0,0,29,0,0,1,0,0,111,492,0,243,1,0,0,22,0,0,50,0,0,0,36,902,109,735
MONTGOMERY_013-040,0,693,0,0,0,31,0,0,0,0,0,0,0,0,0,0,0,0,0,0,0,0,0,0,0,0,0,0,0,0,0,0,0,0,0,0,0,0,0,0,0,0,0,0,0,0,0,0,42,0,0,0,0,0,220,347,4,236,0,1,1,38,0,0,54,2,0,3,60,986,159,587
MONTGOMERY_013-042,0,543,0,0,0,9,0,0,0,0,0,0,0,0,0,0,0,0,0,0,0,0,0,0,0,0,0,0,0,0,2,0,0,0,0,0,0,0,0,0,0,0,0,0,0,0,0,0,22,0,0,0,0,0,99,242,1,146,0,3,0,23,1,0,22,0,2,0,17,675,68,389
MONTGOMERY_013-043,0,660,0,0,0,23,0,0,0,0,0,1,0,0,0,0,1,0,0,0,0,0,0,0,0,0,0,0,0,2,6,0,0,0,0,0,0,0,0,0,0,0,0,0,0,0,0,0,29,0,0,0,0,0,195,243,1,141,2,1,0,38,0,1,25,0,2,0,47,917,116,385
MONTGOMERY_013-044,0,684,0,0,0,25,0,0,0,0,0,0,0,0,0,0,0,0,0,0,0,0,0,0,0,0,0,0,0,0,5,0,0,0,0,0,0,0,0,0,0,0,0,0,0,0,0,0,22,0,0,0,0,0,137,331,2,180,0,0,1,26,0,0,23,0,2,0,30,873,82,513
MONTGOMERY_013-045,0,549,0,0,0,11,0,0,0,0,0,0,0,0,0,0,0,0,0,0,0,0,0,0,0,0,0,0,0,0,5,0,0,0,0,0,0,0,0,0,0,0,0,0,0,0,0,0,12,0,0,0,0,0,197,215,1,124,4,1,0,33,0,0,28,1,3,0,45,774,115,340
MONTGOMERY_013-046,0,581,0,0,0,8,0,0,0,0,0,0,0,0,0,0,0,0,0,0,0,0,0,0,0,0,0,0,0,0,8,0,0,0,0,0,0,0,0,0,0,0,0,0,0,0,0,0,38,0,0,0,0,0,329,274,5,145,4,0,0,39,1,0,73,1,1,0,74,964,193,424
MONTGOMERY_013-047,0,957,0,0,0,22,0,0,0,0,0,0,0,0,0,0,0,0,0,0,0,0,0,0,0,0,0,0,0,0,5,0,0,0,0,0,0,0,0,0,0,0,0,0,0,0,0,0,27,0,0,0,0,0,59,427,0,335,0,1,1,10,0,0,22,2,1,0,10,1070,47,762
MONTGOMERY_013-049,0,366,0,0,0,13,0,0,0,0,0,0,0,0,0,0,0,0,0,0,0,0,0,0,0,0,0,0,0,0,0,0,0,0,0,0,0,0,0,0,0,0,0,0,0,0,0,0,6,0,0,0,0,0,83,184,1,71,1,0,1,9,1,0,13,2,0,0,10,468,37,256
MONTGOMERY_013-050,0,547,0,0,0,17,0,0,0,0,0,0,0,0,0,0,0,0,0,0,0,0,0,0,0,0,0,0,0,0,5,0,0,0,0,0,0,0,0,0,0,0,0,0,0,0,0,0,14,0,0,0,0,0,64,403,0,223,4,0,0,16,0,1,28,0,1,0,23,647,73,626
MONTGOMERY_013-051,0,991,0,0,0,27,0,0,0,0,0,0,0,0,0,0,0,0,0,0,0,0,0,0,0,0,0,0,0,1,8,0,0,0,0,0,0,0,0,0,0,0,0,0,0,0,0,0,64,0,0,0,0,0,371,476,3,284,1,3,0,48,2,1,76,1,1,1,112,1462,246,763
MONTGOMERY_013-052,0,613,0,0,0,9,0,0,0,0,0,0,0,0,0,0,0,0,0,0,0,0,0,0,0,0,0,0,0,2,4,0,0,0,0,0,0,0,0,0,0,0,0,0,0,0,0,0,27,0,0,0,0,0,301,331,1,157,0,1,0,47,0,1,66,0,2,0,64,956,181,489
MONTGOMERY_013-053,0,572,0,0,0,21,0,0,0,0,0,0,0,0,0,0,0,0,0,0,0,0,0,0,0,0,0,0,0,3,9,0,0,0,0,0,0,0,0,0,0,0,0,0,0,0,0,0,12,0,0,0,0,0,157,266,0,146,2,0,0,21,0,2,42,0,2,0,35,774,104,412
MONTGOMERY_013-054,0,664,0,0,0,8,0,0,0,0,0,0,0,0,0,0,0,0,0,0,0,0,0,0,0,0,0,0,0,0,2,0,0,0,0,0,0,0,0,0,0,0,0,0,0,0,0,0,15,0,0,0,0,0,323,451,1,113,4,1,2,36,1,1,58,0,6,2,108,1012,219,565
MONTGOMERY_013-055,0,560,0,0,0,13,0,0,0,0,0,0,0,0,0,0,0,0,0,0,0,0,0,0,0,0,0,0,0,0,0,0,0,0,0,0,0,0,0,0,0,0,0,0,0,0,0,0,12,0,0,0,0,0,55,220,0,106,0,0,0,13,0,0,7,0,2,0,7,640,29,326
MONTGOMERY_013-056,0,814,0,0,0,18,0,0,0,0,0,0,0,0,0,0,0,0,0,0,0,0,0,0,0,0,0,0,0,0,1,0,0,0,1,0,0,0,0,0,0,0,0,0,0,0,0,0,16,0,0,0,0,0,208,416,0,178,1,2,0,51,1,0,33,3,1,1,50,1058,143,594
MONTGOMERY_013-057,0,321,0,0,0,9,0,0,0,0,0,0,0,0,0,0,0,0,0,0,0,0,0,0,0,0,0,0,0,0,2,0,0,0,0,0,0,0,0,0,0,0,0,0,0,0,0,0,6,0,0,0,0,0,80,129,0,59,0,1,0,22,0,0,7,0,0,0,14,418,44,188
MONTGOMERY_013-058,0,1207,0,0,0,26,0,0,0,0,0,0,0,0,0,0,0,0,0,0,0,0,0,0,0,0,0,0,0,0,20,0,0,0,0,0,0,0,0,0,0,0,0,0,0,0,0,0,45,0,0,0,1,0,228,601,1,375,1,0,0,29,0,0,98,0,1,1,57,1527,187,977
MONTGOMERY_013-059,0,579,0,0,0,17,0,0,0,0,0,0,0,0,0,0,0,0,0,0,0,0,0,0,0,0,0,0,0,0,3,0,0,0,0,0,0,0,0,0,0,0,0,0,0,0,0,0,18,0,0,0,0,0,141,282,2,147,1,1,0,24,0,0,36,0,0,0,32,758,94,431
MONTGOMERY_013-060,0,8,0,0,0,0,0,0,0,0,0,0,0,0,0,0,0,0,0,0,0,0,0,0,0,0,0,0,0,0,0,0,0,0,0,0,0,0,0,0,0,0,0,0,0,0,0,0,0,0,0,0,0,0,5,0,0,0,0,0,0,0,0,0,0,1,0,0,1,13,2,0
MONTGOMERY_013-061,0,1080,0,0,0,21,0,0,0,0,0,1,0,0,0,0,0,0,0,0,0,0,0,0,0,0,0,0,0,0,6,0,0,0,0,0,0,0,0,0,0,0,0,0,0,0,0,0,40,0,0,0,0,0,354,510,4,328,3,1,0,59,1,0,57,0,0,1,98,1502,220,842
MONTGOMERY_013-063,0,332,0,0,0,10,0,0,0,0,0,0,0,0,0,0,0,0,0,0,0,0,0,0,0,0,0,0,0,0,5,0,0,0,0,0,0,0,0,0,0,0,0,0,0,0,0,0,9,0,0,0,0,0,89,143,1,68,0,0,0,20,0,0,19,0,2,0,26,445,67,212
MONTGOMERY_013-064,0,974,0,0,0,14,0,0,0,0,0,0,0,0,0,0,0,0,0,0,0,0,0,0,0,0,0,0,0,0,1,0,0,0,0,0,0,0,0,0,0,0,0,0,0,0,0,0,19,0,0,0,0,0,117,390,1,162,2,2,1,14,0,0,14,0,1,0,18,1125,52,553
MONTGOMERY_013-065,0,467,0,0,0,9,0,0,0,0,0,0,0,0,0,0,0,0,0,0,0,0,0,0,0,0,0,0,0,3,3,0,0,0,0,0,0,0,0,0,0,0,0,0,0,0,0,0,21,0,0,0,0,0,44,188,0,182,0,1,0,7,0,0,20,0,0,0,7,547,35,370
MONTGOMERY_013-068,0,1244,0,0,0,36,0,0,0,0,0,0,0,0,0,0,0,0,0,0,0,0,0,0,0,0,0,0,0,0,3,0,0,0,0,0,0,0,0,0,0,0,0,0,0,0,0,0,24,0,0,0,0,0,97,776,1,426,3,0,0,17,1,0,15,0,0,0,25,1404,61,1203
MONTGOMERY_013-069,0,639,0,0,0,4,0,0,0,0,0,0,0,0,0,0,0,0,0,0,0,0,0,0,0,0,0,0,0,0,1,0,0,0,0,0,0,0,0,0,0,0,0,0,0,0,0,0,13,0,0,0,0,0,274,536,1,110,4,3,1,43,1,1,88,0,0,0,83,931,224,647
MONTGOMERY_013-070,0,48,0,0,0,0,0,0,0,0,0,0,0,0,0,0,0,0,0,0,0,0,0,0,0,0,0,0,0,0,0,0,0,0,0,0,0,0,0,0,0,0,0,0,0,0,0,0,2,0,0,0,0,0,17,20,0,16,0,0,0,2,0,0,0,0,0,1,10,67,13,36
MONTGOMERY_013-071,0,507,0,0,0,6,0,0,0,0,0,0,0,0,0,0,0,0,0,0,0,0,0,0,0,0,0,0,0,0,0,0,0,0,0,0,0,0,0,0,0,0,0,0,0,0,0,0,14,0,0,0,0,0,215,382,0,78,1,3,2,32,1,0,73,0,0,1,60,742,173,460
PRINCE_GEORGE'S_001-001,0,1077,0,0,0,23,0,0,0,0,0,0,0,0,0,0,0,0,0,2,0,0,0,0,0,0,0,0,0,0,7,0,0,0,0,0,0,0,0,0,0,0,0,0,0,0,0,0,29,0,0,0,0,0,270,499,0,168,1,0,1,36,2,1,27,0,1,0,57,1408,126,667
PRINCE_GEORGE'S_001-002,0,380,0,0,0,10,0,0,0,0,0,0,0,0,0,0,0,0,0,0,0,0,0,0,0,0,0,0,0,1,3,0,0,0,0,0,0,0,0,0,0,0,0,0,0,0,0,0,12,0,0,0,0,0,144,139,0,100,0,0,0,21,0,0,21,0,1,0,35,550,78,239
PRINCE_GEORGE'S_001-003,0,1127,0,0,0,12,0,0,0,0,0,0,0,0,0,0,0,0,0,0,0,0,0,0,0,0,0,0,0,0,1,0,0,0,0,0,0,0,0,0,0,0,0,0,0,0,0,0,16,0,0,0,0,0,118,411,1,172,0,2,1,17,0,0,8,0,0,0,20,1274,48,584
PRINCE_GEORGE'S_001-004,0,741,0,0,0,20,0,0,0,0,0,0,0,0,0,0,0,0,0,0,0,1,0,0,0,0,0,0,0,0,2,0,0,0,0,0,0,0,0,0,0,0,0,0,0,0,0,0,33,0,0,0,0,0,247,268,0,158,0,1,0,34,0,1,14,1,1,0,56,1044,108,426
PRINCE_GEORGE'S_001-005,0,758,0,0,0,13,0,0,0,0,0,0,0,0,0,0,0,0,0,0,0,0,0,0,0,0,0,0,0,0,1,0,0,0,0,0,0,1,0,0,0,0,0,0,0,0,0,0,32,0,0,0,1,0,313,325,4,193,1,2,0,38,0,0,43,0,0,1,96,1119,181,522
PRINCE_GEORGE'S_001-006,0,484,0,0,0,10,0,0,0,0,0,0,0,0,0,0,0,0,0,0,0,0,0,0,0,0,0,0,0,1,2,0,0,0,0,0,0,0,0,0,0,0,0,0,0,0,0,0,5,0,0,0,0,0,75,280,0,112,0,2,0,6,1,0,12,0,1,0,18,577,40,392
PRINCE_GEORGE'S_001-007,0,580,0,0,0,4,0,0,0,0,0,0,0,0,0,0,0,0,0,0,0,0,0,0,1,0,0,0,0,0,2,0,0,0,0,0,0,0,0,0,0,0,0,0,0,0,0,0,13,0,0,0,0,0,146,359,2,70,9,1,1,25,0,1,62,0,3,1,41,746,144,431
PRINCE_GEORGE'S_001-008,0,186,0,0,0,2,0,0,0,0,0,0,0,0,0,0,0,0,0,0,0,0,0,0,0,0,0,0,0,0,0,0,0,0,0,0,0,0,0,0,0,0,0,0,0,0,0,0,6,0,0,0,0,0,39,68,1,50,0,0,0,4,0,0,1,0,0,0,10,233,15,119
PRINCE_GEORGE'S_002-001,0,589,0,0,0,7,0,0,0,0,0,2,0,0,0,0,0,0,0,0,0,0,0,0,0,0,0,0,0,0,0,0,0,0,0,0,0,0,0,0,0,0,0,0,0,0,0,0,5,0,0,0,0,0,39,210,0,59,0,0,0,0,0,0,2,0,0,0,5,642,7,269
PRINCE_GEORGE'S_002-002,0,561,0,0,0,13,0,0,0,0,0,0,0,0,0,0,0,0,0,0,0,0,0,0,0,0,0,0,0,3,2,0,0,0,0,0,0,0,0,0,0,0,0,0,0,0,0,0,6,0,0,0,0,0,66,216,1,105,2,1,0,6,0,0,0,0,0,0,4,651,13,322
PRINCE_GEORGE'S_002-003,0,903,0,0,0,25,0,0,0,0,0,1,0,0,0,0,0,0,0,0,0,0,0,0,0,0,0,0,0,4,14,0,0,0,0,0,0,0,0,0,0,0,0,0,0,0,0,0,21,0,0,0,0,0,88,464,0,199,0,0,1,15,0,1,35,0,1,0,12,1056,65,663
PRINCE_GEORGE'S_002-004,0,624,0,0,0,13,0,0,0,0,0,0,0,0,0,0,0,0,0,0,0,0,0,0,0,0,0,0,0,0,2,0,0,0,0,0,0,0,0,0,0,0,0,0,0,0,0,0,15,0,0,0,0,0,86,212,2,104,1,2,2,7,1,0,3,2,0,0,17,740,35,318
PRINCE_GEORGE'S_002-005,0,541,0,0,0,4,0,0,0,0,0,0,0,0,0,0,0,0,0,0,0,0,0,0,0,0,0,0,0,0,0,0,0,0,0,0,0,0,0,0,0,0,0,0,0,0,0,0,5,0,0,0,0,0,53,207,0,78,1,0,0,8,1,0,3,0,1,0,21,603,35,285
PRINCE_GEORGE'S_002-006,0,1081,0,0,0,20,0,0,0,0,0,0,0,0,0,0,0,0,0,1,0,0,0,0,0,0,0,0,0,0,1,0,0,0,0,0,0,0,0,0,0,0,0,0,0,0,0,0,13,0,0,0,0,0,105,408,2,113,2,1,0,10,0,1,2,0,1,0,18,1221,35,523
PRINCE_GEORGE'S_002-007,0,698,0,0,0,16,0,0,0,0,0,2,0,0,0,0,0,0,0,0,0,0,0,0,0,0,0,0,0,1,21,0,0,0,0,0,0,0,0,0,0,0,0,0,0,0,0,0,20,0,0,0,0,0,141,384,5,222,0,0,0,33,1,0,52,1,5,0,32,899,124,611
PRINCE_GEORGE'S_002-008,0,1374,0,0,0,24,0,0,0,0,0,0,0,0,0,0,0,0,0,0,0,0,0,0,0,0,0,0,0,0,0,0,0,0,0,0,0,0,0,0,0,0,0,0,0,0,0,0,11,0,0,0,0,0,83,447,0,191,0,0,0,7,0,3,5,0,1,0,19,1492,35,638
PRINCE_GEORGE'S_002-009,0,1166,0,0,0,12,0,0,0,0,0,0,0,0,0,0,0,0,0,0,0,0,0,0,0,0,0,0,0,0,0,0,0,0,0,0,0,0,0,0,0,0,0,0,0,0,0,0,13,0,0,0,0,0,58,452,0,127,0,0,0,10,0,0,9,0,0,0,7,1249,26,579
PRINCE_GEORGE'S_002-010,0,680,0,0,0,9,0,0,0,0,0,0,0,0,0,0,0,0,0,0,0,0,0,0,0,0,0,0,0,0,0,0,0,0,0,0,0,0,0,0,0,0,0,0,0,0,0,0,3,0,0,0,0,0,53,271,1,77,0,0,0,5,0,0,4,0,0,0,7,745,16,349
PRINCE_GEORGE'S_002-096,0,0,0,0,0,0,0,0,0,0,0,0,0,0,0,0,0,0,0,0,0,0,0,0,0,0,0,0,0,0,0,0,0,0,0,0,0,0,0,0,0,0,0,0,0,0,0,0,0,0,0,0,0,0,0,0,0,0,0,0,0,0,0,0,0,0,0,0,0,0,0,0
PRINCE_GEORGE'S_002-097,0,0,0,0,0,0,0,0,0,0,0,0,0,0,0,0,0,0,0,0,0,0,0,0,0,0,0,0,0,0,0,0,0,0,0,0,0,0,0,0,0,0,0,0,0,0,0,0,0,0,0,0,0,0,0,0,0,0,0,0,0,0,0,0,0,0,0,0,0,0,0,0
PRINCE_GEORGE'S_002-098,0,0,0,0,0,0,0,0,0,0,0,0,0,0,0,0,0,0,0,0,0,0,0,0,0,0,0,0,0,0,0,0,0,0,0,0,0,0,0,0,0,0,0,0,0,0,0,0,0,0,0,0,0,0,0,0,0,0,0,0,0,0,0,0,0,0,0,0,0,0,0,0
PRINCE_GEORGE'S_002-099,0,0,0,0,0,0,0,0,0,0,0,0,0,0,0,0,0,0,0,0,0,0,0,0,0,0,0,0,0,0,0,0,0,0,0,0,0,0,0,0,0,0,0,0,0,0,0,0,0,0,0,0,0,0,0,0,0,0,0,0,0,0,0,0,0,0,0,0,0,0,0,0
PRINCE_GEORGE'S_003-001,0,285,0,0,0,5,0,0,0,0,0,0,0,0,0,0,0,0,0,0,0,0,0,0,0,0,0,0,0,0,2,0,0,0,0,0,0,0,0,0,0,0,0,0,0,0,0,0,15,0,0,0,0,0,98,157,2,65,1,0,0,16,0,0,16,0,3,0,31,405,67,224
PRINCE_GEORGE'S_003-002,0,847,0,0,0,16,0,0,0,0,0,0,0,0,0,0,0,0,0,0,0,0,0,0,0,0,0,0,0,0,0,0,0,0,0,0,0,0,0,0,0,0,0,0,0,0,0,0,18,0,0,0,0,0,75,499,3,175,0,1,0,9,0,1,3,0,0,0,10,956,24,677
PRINCE_GEORGE'S_003-003,0,1035,0,0,0,15,0,0,0,0,0,0,0,0,0,0,0,0,0,0,0,0,0,0,0,0,0,0,0,0,1,0,0,0,0,0,0,0,0,0,0,0,0,0,0,0,0,0,17,0,0,0,0,0,87,655,0,249,0,2,1,14,1,0,10,1,2,0,19,1155,50,904
PRINCE_GEORGE'S_003-004,0,623,0,0,0,5,0,0,0,0,0,0,0,0,0,0,0,0,0,0,0,0,0,0,0,0,0,0,0,0,0,0,0,0,0,0,0,0,0,0,0,0,0,0,0,0,0,0,10,0,0,0,0,0,32,450,0,140,0,0,0,6,0,0,7,0,0,0,8,670,21,590
PRINCE_GEORGE'S_003-005,0,534,0,0,0,8,0,0,0,0,0,0,0,0,0,0,0,0,0,0,0,0,0,0,0,0,0,0,0,0,0,0,0,0,0,0,0,0,0,0,0,0,0,0,0,0,0,0,7,0,0,0,0,0,36,337,0,137,0,0,1,5,0,2,8,0,2,0,10,585,28,474
PRINCE_GEORGE'S_003-006,0,893,0,0,0,22,0,0,0,0,0,0,0,0,0,0,0,0,0,0,0,0,0,0,0,0,0,0,0,0,0,0,0,0,0,0,0,0,0,0,0,0,0,0,0,0,0,0,7,0,0,0,0,0,41,652,1,173,0,0,1,5,0,0,5,0,0,0,5,963,16,826
PRINCE_GEORGE'S_003-007,0,99,0,0,0,2,0,0,0,0,0,0,0,0,0,0,0,0,0,0,0,0,0,0,0,0,0,0,0,0,0,0,0,0,0,0,0,0,0,0,0,0,0,0,0,0,0,0,1,0,0,0,0,0,7,75,0,28,0,0,0,0,0,0,0,0,0,0,3,109,3,103
PRINCE_GEORGE'S_003-008,0,40,0,0,0,3,0,0,0,0,0,0,0,0,0,0,0,0,0,0,0,0,0,0,0,0,0,0,0,0,0,0,0,0,0,0,0,0,0,0,0,0,0,0,0,0,0,0,2,0,0,0,0,0,22,26,0,15,0,0,1,7,0,0,4,0,0,0,6,67,18,41
PRINCE_GEORGE'S_004-001,0,331,0,0,0,8,0,0,0,0,0,0,0,0,0,0,0,0,0,0,0,0,0,0,0,0,0,0,0,0,0,0,0,0,0,0,0,0,0,0,0,0,0,0,0,0,0,0,30,0,0,0,0,0,366,193,1,103,3,3,0,37,1,1,30,0,0,0,113,735,188,297
PRINCE_GEORGE'S_005-001,0,1088,1,0,0,14,0,0,0,0,0,0,0,0,0,0,0,0,0,0,0,0,0,0,0,0,0,0,0,0,0,0,0,0,0,0,0,0,0,0,0,0,0,0,0,0,0,0,12,0,0,0,1,0,158,782,3,243,0,2,0,22,2,0,12,1,0,0,47,1274,86,1028
PRINCE_GEORGE'S_005-002,0,480,0,0,0,7,0,0,0,0,0,0,0,0,0,0,0,0,0,0,0,0,0,0,0,0,0,0,0,0,2,0,0,0,0,0,0,0,0,0,0,0,0,0,0,0,0,0,5,0,0,0,0,0,74,453,3,105,0,1,0,6,1,0,9,0,0,0,21,568,38,561
PRINCE_GEORGE'S_005-003,0,732,0,0,0,8,0,0,0,0,0,0,0,0,0,0,0,0,0,0,0,0,0,0,0,0,0,0,0,0,0,0,0,0,0,0,0,0,0,0,0,0,0,0,0,0,0,0,6,0,0,0,0,0,70,439,0,116,0,0,0,10,1,0,5,0,1,1,21,816,39,555
PRINCE_GEORGE'S_005-004,0,779,0,0,0,15,0,0,0,0,0,0,0,0,0,0,0,0,0,0,0,0,0,0,0,0,0,0,0,0,0,0,0,0,0,0,0,0,0,0,0,0,0,0,0,0,0,0,13,0,0,0,0,0,58,515,0,156,0,1,0,15,0,0,6,0,1,0,5,865,28,671
PRINCE_GEORGE'S_005-005,0,1012,0,0,0,17,0,0,0,0,0,0,0,0,0,0,0,0,0,0,0,0,0,0,0,0,0,0,0,0,1,0,0,0,0,0,0,0,0,0,0,0,0,0,0,0,0,0,7,0,0,0,0,0,108,652,0,215,0,3,1,20,0,0,7,0,0,0,20,1145,51,867
PRINCE_GEORGE'S_005-006,0,820,0,0,0,21,0,0,0,0,0,0,0,0,0,0,0,0,0,0,0,0,0,0,0,0,0,0,0,0,1,0,0,0,0,0,0,0,0,0,0,0,0,0,0,0,0,0,18,0,0,0,0,0,70,492,0,165,0,3,0,12,0,0,3,0,0,0,10,930,28,657
PRINCE_GEORGE'S_005-007,0,880,1,0,0,12,0,0,0,0,0,0,0,0,0,0,0,0,0,0,0,0,0,0,0,0,0,0,0,0,0,0,0,0,0,0,0,0,0,0,0,0,0,0,0,0,0,0,12,0,0,0,0,0,125,674,1,170,2,0,0,15,1,0,21,0,2,0,31,1030,72,845
PRINCE_GEORGE'S_005-008,0,362,0,0,0,12,0,0,0,0,0,0,0,0,0,0,0,0,0,0,0,0,0,0,0,0,0,0,0,0,1,0,0,0,0,0,0,0,0,0,0,0,0,0,0,0,0,0,20,0,0,0,0,0,124,320,2,136,0,6,0,27,0,0,20,0,0,0,59,519,112,458
PRINCE_GEORGE'S_005-009,0,170,0,0,0,3,0,0,0,0,0,0,0,0,0,0,0,0,0,0,0,0,0,0,0,0,0,0,0,0,0,0,0,0,0,0,0,0,0,0,0,0,0,0,0,0,0,0,2,0,0,0,0,0,25,97,0,32,0,1,0,0,0,0,2,0,0,0,5,200,8,129
PRINCE_GEORGE'S_005-010,0,380,0,0,0,6,0,1,0,0,0,0,0,0,0,0,0,0,0,0,0,0,0,0,0,0,0,0,0,0,0,0,0,0,0,0,0,0,0,0,0,0,0,0,0,0,0,0,10,0,0,0,0,0,63,177,0,58,1,1,1,12,1,0,6,0,0,0,14,460,36,235
PRINCE_GEORGE'S_005-011,0,652,0,0,0,14,0,0,0,0,0,0,0,0,0,0,0,0,0,0,0,0,0,0,0,0,0,0,0,0,1,0,0,0,0,0,0,0,0,0,0,0,0,0,0,0,0,0,8,0,0,0,0,0,45,431,0,113,0,1,0,9,0,0,1,0,0,0,9,720,20,544
PRINCE_GEORGE'S_005-012,0,704,0,0,0,10,0,0,0,0,0,0,0,0,0,0,0,0,0,0,0,0,0,0,0,0,0,0,0,0,2,0,0,0,0,0,0,0,0,0,0,0,0,0,0,0,0,0,8,0,0,0,0,0,98,607,0,148,1,3,0,18,0,0,14,1,0,0,33,822,70,755
PRINCE_GEORGE'S_006-001,0,1095,0,0,0,9,0,0,0,0,0,0,0,0,0,0,0,0,0,0,0,1,0,0,0,0,0,0,0,0,1,0,0,0,0,0,0,0,0,0,0,0,0,0,0,0,0,0,9,0,0,0,0,0,47,480,0,133,0,0,0,6,0,0,3,0,0,0,7,1162,16,613
PRINCE_GEORGE'S_006-002,0,432,0,0,0,8,0,0,0,0,0,0,0,0,0,0,0,0,0,0,0,0,0,0,0,0,0,0,0,0,1,0,0,0,0,0,0,0,1,0,0,0,0,0,0,0,0,0,2,0,0,0,0,0,39,256,0,72,0,1,0,5,1,0,5,0,0,0,5,483,17,328
PRINCE_GEORGE'S_006-003,0,1221,0,0,0,7,0,0,0,0,0,0,0,0,0,0,0,0,0,0,0,0,0,0,0,0,0,0,0,0,0,0,0,0,0,0,0,0,0,0,0,0,0,0,0,0,0,0,6,0,0,0,0,0,29,543,0,151,2,1,0,1,1,0,2,0,0,1,4,1263,12,694
PRINCE_GEORGE'S_006-004,0,968,0,0,0,20,0,0,0,0,0,0,0,0,0,0,0,0,0,0,0,0,0,0,0,0,0,0,0,0,0,0,0,0,0,0,0,0,0,0,0,0,0,0,0,0,0,0,5,0,0,0,0,0,29,373,0,127,0,0,0,0,0,0,6,0,0,0,7,1022,13,500
PRINCE_GEORGE'S_006-005,0,662,0,0,0,5,0,0,0,0,2,0,0,0,0,0,0,0,0,0,0,0,0,0,0,0,0,0,0,0,0,0,0,0,0,0,0,0,0,0,0,0,0,0,0,0,0,0,6,0,0,0,0,0,25,317,0,85,0,0,0,0,0,0,2,0,0,0,3,700,5,402
PRINCE_GEORGE'S_006-006,0,885,0,0,0,19,0,0,0,0,0,0,0,0,0,0,0,0,0,0,0,0,0,0,0,0,0,0,0,0,0,0,0,0,0,0,0,0,0,0,0,0,0,0,0,0,0,0,6,0,0,0,0,0,35,340,0,119,0,0,0,3,0,0,1,0,0,0,5,945,9,459
PRINCE_GEORGE'S_006-007,0,928,1,0,0,15,0,0,0,0,0,0,0,0,0,0,0,0,0,0,0,0,0,0,0,0,0,0,0,0,0,0,0,0,0,0,0,0,0,0,0,0,0,0,0,0,0,0,8,0,0,0,0,0,50,474,1,167,0,1,0,8,0,0,2,0,1,0,6,1002,18,642
PRINCE_GEORGE'S_006-008,0,645,0,0,0,8,0,0,0,0,0,0,0,0,0,0,0,0,0,0,0,0,0,0,0,0,0,0,0,0,1,0,0,0,0,0,0,0,0,0,0,0,0,0,0,0,0,0,6,0,0,0,0,0,19,331,0,64,0,0,1,2,0,0,2,0,0,0,1,679,6,395
PRINCE_GEORGE'S_006-009,0,754,0,0,0,3,0,0,0,0,0,0,0,0,0,0,0,0,0,0,0,0,0,0,0,0,0,0,0,0,2,0,0,0,0,0,0,0,0,0,0,0,0,0,0,0,0,0,3,1,0,0,0,0,26,332,0,94,0,0,0,0,0,0,1,0,0,0,4,789,5,426
PRINCE_GEORGE'S_006-010,0,963,0,0,0,13,0,0,0,0,0,0,0,0,0,0,0,0,0,0,0,0,0,0,0,0,0,0,0,2,2,0,0,0,0,0,0,0,0,0,0,0,0,0,0,0,0,0,5,0,0,1,0,0,39,450,1,151,0,0,0,4,0,0,3,0,0,0,14,1025,21,602
PRINCE_GEORGE'S_006-011,0,829,0,0,0,10,0,0,0,0,0,0,0,0,0,0,0,0,0,0,0,0,0,0,0,0,0,0,0,0,0,0,0,0,0,0,0,0,0,0,0,0,0,0,0,0,0,0,9,0,0,0,0,0,34,449,0,115,0,1,0,5,1,1,1,0,0,0,6,882,15,564
PRINCE_GEORGE'S_006-012,0,719,0,0,0,4,0,0,0,0,1,0,0,0,0,0,0,0,0,0,0,0,0,0,0,0,0,0,0,0,0,0,0,0,0,0,0,0,0,0,0,0,0,0,0,0,0,0,3,0,0,0,0,0,27,264,1,61,1,0,0,1,0,0,4,0,0,0,6,754,12,326
PRINCE_GEORGE'S_006-013,0,778,0,0,0,12,0,0,0,0,0,1,0,0,0,0,0,0,0,0,0,0,0,0,0,0,0,0,0,0,0,0,0,0,0,0,0,0,0,0,0,0,0,0,0,0,0,0,13,0,0,0,0,0,66,453,0,142,0,0,0,15,0,0,7,0,0,0,16,870,38,595
PRINCE_GEORGE'S_006-014,0,171,0,0,0,0,0,0,0,0,0,0,0,0,0,0,0,0,0,0,0,0,0,0,0,0,0,0,0,0,0,0,0,0,0,0,0,0,0,0,0,0,0,0,0,0,0,0,1,0,0,0,0,0,9,94,0,24,0,0,0,2,0,0,1,0,0,0,0,181,3,118
PRINCE_GEORGE'S_006-015,0,1047,0,0,0,14,0,0,0,0,0,0,0,0,0,0,0,0,0,0,0,0,0,0,0,0,0,0,0,0,0,0,0,0,0,0,1,0,0,0,0,0,0,0,0,0,0,0,7,0,0,0,0,0,20,422,0,109,0,0,0,1,0,0,2,0,0,0,3,1089,6,531
PRINCE_GEORGE'S_006-016,0,917,0,0,0,10,0,0,0,0,0,0,0,0,0,0,0,0,0,0,0,0,0,0,0,0,0,0,0,0,0,0,0,0,0,0,0,0,0,0,0,0,0,0,0,0,0,0,8,0,0,0,0,0,25,346,1,109,0,0,0,3,1,0,3,0,0,0,1,960,8,456
PRINCE_GEORGE'S_006-017,0,1157,0,0,0,13,0,0,0,0,0,0,0,0,0,0,0,0,0,0,0,0,0,0,0,0,0,0,0,0,0,0,0,0,0,0,0,0,0,0,0,0,0,0,0,0,0,0,9,0,0,0,0,0,32,543,1,118,0,0,0,1,0,0,2,0,0,0,3,1211,6,662
PRINCE_GEORGE'S_006-018,0,719,0,0,0,6,0,0,0,0,0,0,0,0,0,0,0,0,0,0,0,0,0,0,0,0,0,0,0,0,0,0,0,0,0,0,0,0,0,0,0,0,0,1,0,0,0,0,7,0,0,0,0,0,49,310,0,89,1,0,0,6,0,0,8,0,0,0,8,782,23,399
PRINCE_GEORGE'S_006-019,0,787,0,0,0,4,0,0,0,0,0,0,0,0,0,0,0,0,0,0,0,0,0,0,0,0,0,0,0,0,0,0,0,0,0,0,0,0,0,0,0,0,0,0,0,0,0,0,2,0,0,0,0,0,15,335,1,102,1,1,0,3,0,0,1,0,1,0,1,808,8,438
PRINCE_GEORGE'S_006-020,0,882,0,0,0,12,0,0,0,0,0,0,0,0,0,0,0,0,0,0,0,0,0,0,0,0,0,0,0,0,1,0,0,0,0,0,0,0,0,0,0,0,0,0,0,0,0,0,10,0,0,0,0,0,26,559,1,118,0,1,1,3,1,0,1,0,1,0,3,931,11,678
PRINCE_GEORGE'S_006-021,0,206,0,0,0,5,0,0,0,0,0,0,0,0,0,0,0,0,0,0,0,0,0,0,0,0,0,0,0,0,0,0,0,0,0,0,0,0,0,0,0,0,0,0,0,0,0,0,2,0,0,0,0,0,7,77,0,25,0,0,0,0,0,0,0,0,0,0,0,220,0,102
PRINCE_GEORGE'S_006-022,0,755,0,0,0,11,0,0,0,0,0,0,0,0,0,0,0,0,0,0,0,0,0,0,0,0,0,0,0,0,0,0,0,0,0,0,0,0,0,0,0,0,0,0,0,0,0,0,9,0,0,0,0,0,22,433,1,106,0,0,0,3,0,0,3,0,0,0,4,797,10,540
PRINCE_GEORGE'S_006-023,0,559,0,0,0,8,0,0,0,0,0,0,0,0,0,0,0,0,0,0,0,0,0,0,0,0,0,0,0,0,1,0,0,0,0,0,0,0,0,0,0,0,0,0,0,0,0,0,1,0,0,0,0,0,17,298,0,78,0,0,0,0,0,0,3,0,0,0,5,586,8,376
PRINCE_GEORGE'S_006-024,0,197,0,0,0,6,0,1,0,0,0,0,0,0,0,0,0,0,0,0,0,0,0,0,0,0,0,0,0,0,0,0,0,0,0,0,0,0,0,0,0,0,0,0,0,0,0,0,0,0,0,0,0,0,6,142,0,36,0,0,0,0,0,0,0,0,0,0,0,210,0,178
PRINCE_GEORGE'S_006-025,0,138,0,0,0,3,0,0,0,0,0,0,0,0,0,0,0,0,0,0,0,0,0,0,0,0,0,0,0,0,0,0,0,0,0,0,0,0,0,0,0,0,0,0,0,0,0,0,0,0,0,0,0,0,2,89,0,26,0,0,0,0,0,0,0,0,0,0,0,143,0,115
PRINCE_GEORGE'S_006-026,0,497,0,0,0,6,0,0,0,0,0,0,0,0,0,0,0,0,0,0,0,0,0,0,0,0,0,0,0,0,0,0,0,0,0,0,0,0,0,0,0,0,0,0,0,0,0,0,7,0,0,0,0,0,7,197,1,42,0,0,0,1,0,0,1,0,0,0,1,517,3,240
PRINCE_GEORGE'S_006-027,0,298,0,0,0,5,0,0,0,0,0,0,0,0,0,0,0,0,0,0,0,0,0,0,0,0,0,0,0,0,0,0,0,0,0,0,0,0,0,0,0,0,0,0,0,0,0,0,3,0,0,0,0,0,40,119,0,54,0,0,0,4,0,0,3,0,0,1,11,346,19,173
PRINCE_GEORGE'S_006-028,0,199,0,0,0,3,0,0,0,0,0,0,0,0,0,0,0,0,0,0,0,0,0,0,0,0,0,0,0,0,0,0,0,0,0,0,0,0,0,0,0,0,0,0,0,0,0,0,5,0,0,0,0,0,20,132,1,33,0,0,0,2,0,2,6,0,0,0,4,227,14,166
PRINCE_GEORGE'S_006-029,0,196,0,0,0,2,0,0,0,0,0,0,0,0,0,0,0,0,0,0,0,0,0,0,0,0,0,0,0,0,0,0,0,0,0,0,0,0,0,0,0,0,0,0,0,0,0,0,3,0,0,0,0,0,10,102,0,19,0,0,0,3,0,0,1,0,0,0,2,211,6,121
PRINCE_GEORGE'S_006-097,0,0,0,0,0,0,0,0,0,0,0,0,0,0,0,0,0,0,0,0,0,0,0,0,0,0,0,0,0,0,0,0,0,0,0,0,0,0,0,0,0,0,0,0,0,0,0,0,0,0,0,0,0,0,0,0,0,0,0,0,0,0,0,0,0,0,0,0,0,0,0,0
PRINCE_GEORGE'S_006-098,0,0,0,0,0,0,0,0,0,0,0,0,0,0,0,0,0,0,0,0,0,0,0,0,0,0,0,0,0,0,0,0,0,0,0,0,0,0,0,0,0,0,0,0,0,0,0,0,0,0,0,0,0,0,0,0,0,0,0,0,0,0,0,0,0,0,0,0,0,0,0,0
PRINCE_GEORGE'S_006-099,0,0,0,0,0,0,0,0,0,0,0,0,0,0,0,0,0,0,0,0,0,0,0,0,0,0,0,0,0,0,0,0,0,0,0,0,0,0,0,0,0,0,0,0,0,0,0,0,0,0,0,0,0,0,0,0,0,0,0,0,0,0,0,0,0,0,0,0,0,0,0,0
PRINCE_GEORGE'S_007-001,0,196,0,0,0,2,0,0,0,0,0,0,0,0,0,0,0,0,0,0,0,0,0,0,0,0,0,0,0,0,0,0,0,0,0,0,0,0,0,0,0,0,0,0,0,0,0,0,3,0,0,0,0,0,29,182,0,43,0,0,0,3,0,0,2,0,0,0,4,230,9,225
PRINCE_GEORGE'S_007-002,0,360,0,0,0,14,0,0,0,0,0,1,0,0,0,0,0,0,0,0,0,0,0,0,0,0,0,0,0,0,2,0,0,0,0,0,0,0,0,0,0,0,0,0,0,0,0,0,20,0,0,0,0,0,263,160,1,90,1,6,0,44,1,0,33,0,1,0,70,660,156,251
PRINCE_GEORGE'S_007-003,0,444,0,0,0,12,0,0,0,0,0,0,0,0,0,0,0,0,0,0,0,0,0,0,0,0,0,0,0,1,13,0,0,0,0,0,0,0,0,0,0,0,0,0,0,0,0,0,37,0,0,0,0,0,336,212,3,135,0,3,0,50,1,0,47,1,1,0,82,843,185,350
PRINCE_GEORGE'S_007-004,0,448,0,0,0,10,0,0,0,0,0,0,0,0,0,0,0,0,0,0,0,0,0,0,0,0,0,0,0,0,11,0,0,0,0,0,0,0,0,0,0,0,0,0,0,0,0,0,44,0,0,0,0,0,357,195,3,136,1,5,1,58,1,0,56,1,2,0,98,870,223,334
PRINCE_GEORGE'S_007-005,0,499,0,0,0,16,0,0,0,0,0,3,0,0,0,0,0,0,0,0,0,0,0,0,0,0,0,0,0,2,8,0,0,0,0,0,0,0,0,0,0,0,0,0,0,0,0,0,49,0,0,0,0,0,341,276,1,152,0,3,1,42,0,0,35,0,2,0,66,918,149,429
PRINCE_GEORGE'S_007-006,0,588,0,0,0,16,0,0,0,0,0,0,0,0,0,0,0,0,0,0,0,0,0,0,0,0,0,0,0,0,3,0,0,0,0,1,0,0,0,0,0,0,0,0,0,0,0,0,20,0,0,0,0,0,168,349,0,159,3,2,1,21,0,0,16,0,1,0,38,796,82,508
PRINCE_GEORGE'S_007-007,0,726,0,0,0,16,0,0,0,0,0,0,0,0,0,0,0,0,0,0,0,0,0,0,0,0,0,0,0,0,4,0,0,0,0,0,0,0,0,0,0,0,0,0,0,0,0,0,22,0,0,1,0,0,169,406,0,178,1,2,0,26,0,0,31,0,1,1,55,938,117,584
PRINCE_GEORGE'S_007-008,0,562,0,0,0,11,0,0,0,0,0,1,0,0,0,0,0,0,0,0,0,0,0,0,0,0,0,0,0,0,6,0,0,0,0,0,0,0,0,0,0,0,0,0,0,0,0,0,10,0,0,0,0,0,109,291,0,121,0,3,0,15,3,0,14,0,1,1,22,699,59,412
PRINCE_GEORGE'S_007-009,0,850,0,0,0,12,0,0,0,0,0,0,0,0,0,0,0,0,0,0,0,0,0,0,0,0,0,0,0,0,3,0,0,0,0,0,0,0,0,0,0,0,0,0,0,0,0,0,13,0,0,0,0,0,76,711,0,251,0,1,0,7,1,0,13,2,1,0,13,954,38,962
PRINCE_GEORGE'S_007-010,0,828,0,0,0,9,0,0,0,0,0,0,0,0,0,0,0,0,0,0,0,0,0,0,0,0,0,0,0,0,4,0,0,0,0,0,0,0,0,0,0,0,0,0,0,0,0,0,12,0,0,0,0,0,136,552,1,180,1,0,0,25,0,1,14,0,1,0,45,989,87,733
PRINCE_GEORGE'S_007-011,0,948,0,0,0,10,0,0,0,0,0,0,0,0,0,0,0,0,0,0,0,0,0,0,0,0,0,0,0,0,1,0,0,0,0,0,0,0,0,0,0,0,0,0,0,0,0,0,9,1,0,0,0,0,38,782,2,152,0,0,0,9,1,0,8,0,2,0,6,1007,26,936
PRINCE_GEORGE'S_007-012,0,904,0,0,0,8,0,0,0,0,0,0,0,0,0,0,0,0,0,0,0,0,0,0,0,0,0,0,0,0,1,0,0,0,0,0,0,0,0,0,0,0,0,0,0,0,0,0,4,0,0,0,0,0,33,553,1,152,0,0,0,6,0,0,4,0,0,0,4,950,14,706
PRINCE_GEORGE'S_007-013,0,608,0,0,0,8,0,0,0,0,0,0,0,0,0,0,0,0,0,0,0,0,0,0,0,0,0,0,0,0,0,0,0,0,0,0,0,0,0,0,0,0,0,0,0,0,0,0,6,1,0,0,0,0,51,569,2,124,0,0,0,9,0,1,6,2,0,0,7,674,25,695
PRINCE_GEORGE'S_007-014,0,434,0,0,0,11,0,0,0,0,0,0,0,0,0,0,0,0,0,0,0,0,0,0,0,0,0,0,0,2,4,0,0,0,0,0,0,0,0,0,0,0,0,0,0,0,0,0,20,0,0,0,0,0,173,263,2,115,4,0,0,42,0,0,27,0,1,0,34,644,108,380
PRINCE_GEORGE'S_007-015,0,566,0,0,0,5,0,0,0,0,0,0,0,0,0,0,0,0,0,0,0,0,0,0,0,0,0,0,0,0,0,0,0,0,1,0,0,0,0,0,0,0,0,0,0,0,0,0,3,0,0,0,0,0,24,495,0,123,0,0,0,7,0,0,8,0,0,0,4,599,19,618
PRINCE_GEORGE'S_007-016,0,303,0,0,0,10,0,0,0,0,0,1,0,0,0,0,0,0,0,0,0,0,0,0,0,0,0,0,0,0,3,0,0,0,0,0,0,0,0,0,0,0,0,0,0,0,0,0,12,0,0,0,0,0,115,141,6,80,0,3,0,19,0,0,10,0,0,0,35,444,67,227
PRINCE_GEORGE'S_007-017,0,349,0,0,0,2,0,0,0,0,0,0,0,0,0,0,0,0,0,0,0,0,0,0,0,0,0,0,0,0,3,0,0,0,0,0,0,0,0,0,0,0,0,0,0,0,0,0,9,0,0,0,0,0,34,217,0,83,0,0,0,7,0,0,5,0,0,0,15,397,27,300
PRINCE_GEORGE'S_007-018,0,44,0,0,0,0,0,0,0,0,0,0,0,0,0,0,0,0,0,0,0,0,0,0,0,0,0,0,0,0,0,0,0,0,0,0,0,0,0,0,0,0,0,0,0,0,0,0,2,0,0,0,0,0,5,14,0,7,0,0,0,1,0,0,0,0,0,0,1,51,2,21
PRINCE_GEORGE'S_007-019,0,41,0,0,0,0,0,0,0,0,0,0,0,0,0,0,0,0,0,0,0,0,0,0,0,0,0,0,0,0,0,0,0,0,0,0,0,0,0,0,0,0,0,0,0,0,0,0,1,0,0,0,0,0,5,71,0,28,0,0,0,15,0,0,9,0,0,0,23,47,47,99
PRINCE_GEORGE'S_007-020,0,49,0,0,0,0,0,0,0,0,0,0,0,0,0,0,0,0,0,0,0,0,0,0,0,0,0,0,0,0,0,0,0,0,0,0,0,0,0,0,0,0,0,0,0,0,0,0,2,0,0,0,0,0,22,26,0,22,0,1,0,3,0,1,3,0,1,0,3,73,12,48
PRINCE_GEORGE'S_007-021,0,110,0,0,0,3,0,0,0,0,0,0,0,0,0,0,0,0,0,0,0,0,0,0,0,0,0,0,0,0,0,0,0,0,0,0,0,0,0,0,0,0,0,0,0,0,0,0,3,0,0,0,0,0,45,40,0,19,2,0,0,0,0,0,0,0,0,0,1,161,3,59
PRINCE_GEORGE'S_007-022,0,982,0,0,0,14,0,0,0,0,0,0,0,0,0,0,0,0,0,0,0,0,0,0,0,0,0,0,0,0,0,0,0,0,0,0,0,0,0,0,0,0,0,0,0,0,0,0,16,0,0,0,0,0,93,744,0,246,0,0,0,20,0,0,20,2,3,0,17,1105,62,990
PRINCE_GEORGE'S_007-023,0,490,0,0,0,10,0,0,0,0,0,0,0,0,0,0,0,0,0,0,0,0,0,0,0,0,0,0,0,0,1,0,0,0,0,0,0,0,0,0,0,0,0,0,0,0,0,0,3,0,0,0,0,0,20,371,1,102,0,0,0,2,0,0,8,0,0,0,4,524,14,474
PRINCE_GEORGE'S_007-024,0,92,0,0,0,1,0,0,0,0,0,0,0,0,0,0,0,0,0,0,0,0,0,0,0,0,0,0,0,0,3,0,0,0,0,0,0,0,0,0,0,0,0,0,0,0,0,0,2,0,0,0,0,0,22,60,0,31,0,1,0,2,0,0,8,0,0,0,6,120,17,91
PRINCE_GEORGE'S_007-099,0,0,0,0,0,0,0,0,0,0,0,0,0,0,0,0,0,0,0,0,0,0,0,0,0,0,0,0,0,0,0,0,0,0,0,0,0,0,0,0,0,0,0,0,0,0,0,0,0,0,0,0,0,0,0,0,0,0,0,0,0,0,0,0,0,0,0,0,0,0,0,0
PRINCE_GEORGE'S_008-001,0,209,0,0,0,8,0,0,0,0,0,2,0,0,0,0,0,0,0,0,0,0,0,0,0,0,0,0,0,0,4,0,0,0,0,0,0,0,0,0,0,0,0,0,0,0,0,0,8,0,0,0,0,0,203,104,0,56,0,0,0,22,0,0,10,0,0,0,47,434,79,160
PRINCE_GEORGE'S_009-001,0,1118,0,0,0,16,0,0,0,0,0,0,0,0,0,0,0,0,0,0,0,0,0,0,0,0,0,0,0,0,0,0,0,0,0,0,0,0,0,0,0,0,0,0,0,0,0,0,17,0,0,0,0,0,88,703,0,181,1,0,0,12,0,0,5,0,0,0,22,1239,40,884
PRINCE_GEORGE'S_009-002,0,406,0,0,0,9,0,0,0,0,0,0,0,0,0,0,0,0,0,0,0,0,0,0,0,0,0,0,1,0,0,0,0,0,0,0,0,0,0,0,0,0,0,0,0,0,0,0,5,1,0,0,0,0,19,297,0,61,0,0,0,2,0,0,2,0,0,2,6,441,12,358
PRINCE_GEORGE'S_009-003,0,75,0,0,0,1,0,0,0,0,0,0,0,0,0,0,0,0,0,0,0,0,0,0,0,0,0,0,0,0,0,0,0,0,0,0,0,0,0,0,0,0,0,0,0,0,0,0,7,0,0,0,0,0,36,20,0,8,0,0,0,5,0,0,2,0,0,0,9,119,16,28
PRINCE_GEORGE'S_009-004,0,733,0,0,0,14,0,0,0,0,0,0,0,0,0,0,0,0,0,0,0,0,0,0,0,0,0,0,0,0,0,0,0,0,0,0,0,0,0,0,0,0,0,0,0,0,0,0,4,0,0,0,0,0,61,406,0,112,0,2,0,12,0,0,7,0,0,0,11,812,32,518
PRINCE_GEORGE'S_009-005,0,793,0,0,0,12,0,0,0,0,0,0,0,0,0,0,0,0,0,0,0,0,0,0,0,0,0,0,0,0,0,0,0,0,0,0,0,0,0,0,0,0,0,0,0,0,0,0,5,0,0,0,0,0,49,503,0,109,1,2,0,4,0,0,3,0,0,0,7,859,17,612
PRINCE_GEORGE'S_009-006,0,1109,0,0,0,19,0,0,0,0,0,0,0,0,0,0,0,0,0,0,0,0,0,0,0,0,0,0,0,0,1,0,0,0,0,0,0,0,0,0,0,0,0,0,0,0,0,0,10,0,0,0,0,0,71,696,0,190,1,0,0,16,0,0,7,0,0,1,19,1210,44,886
PRINCE_GEORGE'S_009-007,0,1106,0,0,0,11,0,0,0,0,0,0,0,0,0,0,0,0,0,0,0,0,0,0,0,0,0,0,0,0,0,0,0,0,0,0,0,0,0,0,0,0,0,0,0,0,0,0,12,0,0,0,0,0,73,683,1,176,0,1,0,14,0,1,6,0,0,0,12,1202,34,860
PRINCE_GEORGE'S_009-008,0,1525,0,0,0,15,0,0,0,0,0,0,0,0,0,0,0,0,0,0,0,0,0,0,0,0,0,0,0,0,0,0,0,0,0,0,0,0,0,0,0,0,0,0,0,0,0,0,13,0,0,0,0,0,104,936,0,275,2,0,1,13,1,0,4,0,0,0,23,1657,44,1211
PRINCE_GEORGE'S_009-009,0,430,0,0,0,12,0,0,0,0,0,0,0,0,0,0,0,0,0,0,0,0,0,0,0,0,0,0,0,0,0,0,0,0,0,0,0,0,0,0,0,0,0,0,0,0,0,0,14,0,0,0,0,0,77,221,0,77,0,0,0,17,0,0,3,0,0,0,22,533,42,298
PRINCE_GEORGE'S_009-010,0,765,0,0,0,13,0,0,0,0,0,0,0,0,0,0,0,0,0,0,0,0,0,0,0,0,0,0,0,0,1,0,0,0,0,0,0,0,0,0,0,0,0,0,0,0,0,0,14,0,0,0,0,0,71,423,1,118,1,4,0,8,0,0,6,0,0,0,16,864,35,542
PRINCE_GEORGE'S_009-011,0,924,0,0,0,10,0,0,0,0,0,0,0,0,0,0,0,0,0,0,0,0,0,0,0,0,0,0,0,0,1,0,0,0,0,0,0,0,0,0,0,0,0,0,0,0,0,0,12,0,0,0,0,0,124,502,1,176,0,0,0,9,0,1,5,1,0,0,23,1071,39,679
PRINCE_GEORGE'S_009-012,0,46,0,0,0,0,0,0,0,0,0,0,0,0,0,0,0,0,0,0,0,0,0,0,0,0,0,0,0,0,0,0,0,0,0,0,0,0,0,0,0,0,0,0,0,0,0,0,2,0,0,0,0,0,6,34,0,4,0,0,0,0,0,0,0,0,0,0,4,54,4,38
PRINCE_GEORGE'S_009-013,0,659,0,0,0,10,0,0,0,0,0,0,0,0,0,0,0,0,0,0,0,0,0,0,0,0,0,0,0,0,0,0,0,0,0,0,0,0,0,0,0,0,0,0,0,0,0,0,3,0,0,0,0,0,40,409,2,107,0,0,0,7,0,0,1,0,0,0,13,712,21,518
PRINCE_GEORGE'S_009-014,0,0,0,0,0,0,0,0,0,0,0,0,0,0,0,0,0,0,0,0,0,0,0,0,0,0,0,0,0,0,0,0,0,0,0,0,0,0,0,0,0,0,0,0,0,0,0,0,0,0,0,0,0,0,0,0,0,0,0,0,0,0,0,0,0,0,0,0,0,0,0,0
PRINCE_GEORGE'S_009-015,0,3,0,0,0,0,0,0,0,0,0,0,0,0,0,0,0,0,0,0,0,0,0,0,0,0,0,0,0,0,0,0,0,0,0,0,0,0,0,0,0,0,0,0,0,0,0,0,0,0,0,0,0,0,0,1,0,1,0,0,0,0,0,0,0,0,0,0,1,3,1,2
PRINCE_GEORGE'S_009-099,0,0,0,0,0,0,0,0,0,0,0,0,0,0,0,0,0,0,0,0,0,0,0,0,0,0,0,0,0,0,0,0,0,0,0,0,0,0,0,0,0,0,0,0,0,0,0,0,0,0,0,0,0,0,0,0,0,0,0,0,0,0,0,0,0,0,0,0,0,0,0,0
PRINCE_GEORGE'S_010-001,0,517,0,0,0,15,0,0,0,0,0,0,0,0,0,0,0,0,0,0,0,0,0,0,0,0,0,0,0,0,0,0,0,0,0,0,0,0,0,0,0,0,0,0,0,0,0,0,11,0,0,0,0,0,55,170,0,104,0,1,1,3,0,0,7,0,2,0,13,598,27,274
PRINCE_GEORGE'S_010-002,0,971,0,0,0,24,0,0,0,0,0,0,0,0,0,0,0,0,0,0,0,0,0,0,0,0,0,0,0,5,4,0,0,0,0,0,0,0,0,0,0,0,0,0,0,0,0,0,41,0,0,0,0,0,196,448,2,240,2,3,0,32,1,0,27,2,1,0,45,1241,113,690
PRINCE_GEORGE'S_010-003,0,535,0,0,0,12,0,0,0,0,0,0,0,0,0,0,0,0,0,0,0,0,0,0,0,0,0,0,0,3,12,0,0,0,0,0,0,0,0,0,0,0,0,0,0,0,0,0,20,0,0,0,0,0,168,212,0,144,2,6,0,37,1,0,27,1,0,0,46,750,120,356
PRINCE_GEORGE'S_010-004,0,740,0,0,0,15,0,0,0,0,0,0,0,0,0,0,0,0,0,0,0,0,0,0,0,0,0,0,0,0,3,0,0,0,0,0,0,0,0,0,0,0,0,0,0,0,0,0,15,0,0,0,0,0,96,323,2,160,0,3,1,12,0,1,15,0,1,0,21,869,54,485
PRINCE_GEORGE'S_010-005,1,800,0,0,0,28,0,0,0,0,0,0,0,0,0,0,0,0,0,0,0,0,0,0,0,0,0,0,0,0,4,0,0,0,0,0,0,0,0,0,0,0,0,0,0,0,0,0,69,0,0,1,0,0,495,401,7,252,1,2,2,64,0,1,95,0,6,1,140,1398,312,660
PRINCE_GEORGE'S_010-006,0,1005,0,0,0,17,0,0,0,0,0,1,0,0,0,0,0,0,0,1,0,0,0,0,0,0,0,0,0,1,1,0,0,0,0,0,0,0,0,0,0,0,0,0,0,0,0,0,20,0,0,0,0,0,166,464,1,217,0,1,1,20,3,0,18,1,0,0,35,1212,79,682
PRINCE_GEORGE'S_010-007,0,588,0,0,0,19,0,0,0,0,0,0,0,0,0,0,0,0,0,0,0,0,0,0,0,0,0,0,0,0,4,0,0,0,0,0,0,0,0,0,0,0,0,0,0,0,0,0,24,0,0,0,0,0,149,234,2,126,2,4,0,15,0,0,28,1,1,0,35,784,86,362
PRINCE_GEORGE'S_010-008,0,511,0,0,0,6,0,0,0,0,0,0,0,0,0,0,0,0,0,0,0,0,0,0,0,0,0,0,0,0,6,0,0,0,0,0,0,0,0,0,0,0,0,0,0,0,0,0,7,0,0,0,0,0,112,193,0,116,0,0,0,33,0,0,28,0,2,1,29,642,93,309
PRINCE_GEORGE'S_010-009,0,811,0,0,0,17,0,0,0,0,0,0,0,0,0,0,0,0,0,2,0,0,0,0,0,0,0,0,0,0,6,0,0,0,0,0,0,0,0,0,0,0,0,0,0,0,0,0,18,0,0,0,0,0,101,294,0,138,1,0,0,7,0,1,8,1,0,0,26,955,44,432
PRINCE_GEORGE'S_010-010,0,484,0,0,0,8,0,0,0,0,0,0,0,0,0,0,0,0,0,0,0,0,0,0,0,0,0,0,0,0,2,0,0,0,0,0,0,0,0,0,0,0,0,0,0,0,0,0,13,0,0,0,0,0,76,278,1,120,2,0,0,18,0,2,18,0,1,1,16,583,58,399
PRINCE_GEORGE'S_010-011,0,630,0,0,0,9,0,0,0,0,0,0,0,0,0,0,0,0,0,0,0,0,0,0,0,0,0,0,0,0,7,0,0,0,0,0,0,0,0,0,0,0,0,0,0,0,0,0,16,0,0,0,0,0,79,250,0,111,0,0,0,17,1,0,10,0,0,0,17,741,45,361
PRINCE_GEORGE'S_010-012,0,1113,0,0,0,26,0,0,0,0,0,1,0,0,0,0,0,0,0,0,0,0,0,0,0,0,0,0,0,0,4,0,0,0,0,0,0,0,0,0,0,0,0,0,0,0,0,0,28,0,0,0,0,0,176,674,0,279,1,1,0,27,0,0,32,1,0,0,47,1348,109,953
PRINCE_GEORGE'S_010-013,0,880,0,0,0,20,0,0,0,0,0,0,0,0,0,0,0,0,0,0,0,0,0,0,0,0,0,0,0,0,4,0,0,0,0,0,0,0,0,0,0,0,0,0,0,0,0,0,37,0,0,0,0,0,202,509,3,225,2,2,0,29,0,0,36,0,3,1,57,1143,130,737
PRINCE_GEORGE'S_010-014,0,279,0,0,0,9,0,0,0,0,0,0,0,0,0,0,0,0,0,0,0,0,0,0,0,0,0,0,0,0,0,0,0,0,0,0,0,0,0,0,0,0,0,0,0,0,0,0,6,0,0,0,0,0,12,80,0,58,0,0,0,2,0,0,0,0,0,0,3,306,5,138
PRINCE_GEORGE'S_011-001,0,714,0,0,0,9,0,0,0,0,0,0,0,0,0,0,0,0,0,0,0,0,0,0,0,0,0,0,0,0,3,0,0,0,0,0,0,0,0,0,0,0,0,0,0,0,0,0,16,0,0,0,0,0,107,461,0,114,0,1,0,11,1,0,5,2,0,0,26,849,46,575
PRINCE_GEORGE'S_011-002,0,811,0,0,0,13,0,0,0,0,0,0,0,0,0,0,0,0,0,0,0,0,0,0,0,0,0,0,0,0,3,0,0,0,0,0,0,0,0,0,0,0,0,0,0,0,0,0,15,0,0,0,0,0,126,540,2,174,0,0,0,26,0,0,8,0,0,0,34,968,68,716
PRINCE_GEORGE'S_011-003,0,874,0,0,0,15,0,0,0,0,0,0,0,0,0,0,0,0,0,0,0,0,0,0,0,0,0,0,0,0,1,0,0,0,0,0,0,0,0,0,0,0,0,0,0,0,0,0,11,0,0,0,0,0,54,567,0,208,0,1,1,8,0,0,6,0,3,0,24,955,43,775
PRINCE_GEORGE'S_011-004,0,1109,0,0,0,16,0,0,0,0,0,0,0,0,0,0,0,0,0,0,0,0,0,0,0,0,0,0,0,0,0,0,0,0,0,0,0,0,0,0,0,0,0,0,0,0,0,0,15,0,0,0,0,0,173,648,1,256,1,4,0,20,0,0,13,2,0,0,59,1313,99,905
PRINCE_GEORGE'S_011-005,0,124,0,0,0,3,0,0,0,0,0,0,0,0,0,0,0,0,0,0,0,0,0,0,0,0,0,0,0,0,0,0,0,0,0,0,0,0,0,0,0,0,0,0,0,0,0,0,0,0,0,0,0,0,8,65,0,30,0,0,0,0,0,0,2,0,0,0,1,135,3,95
PRINCE_GEORGE'S_012-001,0,476,0,0,0,4,0,0,0,0,0,0,0,0,0,0,0,0,0,0,0,0,0,0,0,0,0,0,0,0,0,0,0,0,0,0,0,0,0,0,0,0,0,0,0,0,0,0,19,0,0,0,0,0,71,255,0,62,2,0,0,13,0,0,1,0,0,0,19,570,35,317
PRINCE_GEORGE'S_012-002,0,551,0,0,0,9,0,0,0,0,0,0,0,0,0,0,0,0,0,0,0,0,0,0,0,0,0,0,0,0,0,0,0,0,0,0,0,0,0,0,0,0,0,0,0,0,0,0,6,0,0,0,0,0,35,261,1,58,1,0,0,1,0,0,3,0,0,0,11,601,16,320
PRINCE_GEORGE'S_012-003,0,737,0,0,0,7,0,0,0,0,0,0,0,0,0,0,0,0,0,0,0,0,0,0,0,0,0,0,0,0,0,0,0,0,0,0,0,0,0,0,0,0,0,0,0,0,0,0,6,0,0,0,0,0,23,353,0,91,0,0,0,1,0,0,2,0,0,0,3,773,6,444
PRINCE_GEORGE'S_012-004,0,1082,0,0,0,9,0,0,0,0,0,0,0,0,0,0,0,0,0,0,0,0,0,0,0,0,0,0,0,0,1,0,0,0,0,0,0,0,0,0,0,0,0,0,0,0,0,0,14,0,0,0,0,0,30,446,2,112,2,0,0,4,1,0,4,1,0,0,2,1136,14,560
PRINCE_GEORGE'S_012-005,0,904,0,0,0,13,0,0,0,0,0,0,0,0,0,0,0,0,0,0,0,0,0,0,0,0,0,0,0,0,2,0,0,0,0,0,0,0,0,0,0,0,0,0,0,0,0,0,13,0,0,0,0,0,87,452,0,137,1,0,0,7,0,0,10,1,1,0,20,1019,40,589
PRINCE_GEORGE'S_012-006,0,1026,0,0,0,18,0,0,0,0,0,0,0,0,0,0,0,0,0,0,0,0,0,0,0,0,0,0,0,0,0,0,0,0,0,0,0,0,0,0,0,0,0,0,0,0,0,0,11,0,0,0,0,0,25,363,1,98,0,0,0,1,0,0,3,0,0,0,7,1080,11,462
PRINCE_GEORGE'S_012-007,0,779,0,0,0,10,0,0,0,0,0,0,0,0,0,0,0,0,0,0,0,0,0,0,0,0,0,0,0,0,0,0,0,0,0,0,0,0,0,0,0,0,0,0,0,0,0,0,8,0,0,0,0,0,35,327,0,123,0,0,0,6,0,0,3,0,1,0,9,832,19,450
PRINCE_GEORGE'S_012-008,0,513,0,0,0,10,0,0,0,0,0,0,0,0,0,0,0,0,0,0,0,0,0,0,0,0,0,0,0,0,0,0,0,0,0,0,0,0,0,0,0,0,0,0,0,0,0,0,9,0,0,0,0,0,25,305,0,77,0,0,0,5,0,0,4,0,0,0,2,557,11,382
PRINCE_GEORGE'S_012-009,0,963,0,0,0,14,0,0,0,0,0,0,0,0,0,0,0,0,0,0,0,0,0,0,0,0,0,0,0,0,0,0,0,0,0,0,0,0,0,0,0,0,0,0,0,0,0,0,4,0,0,0,0,0,18,292,0,79,0,0,0,1,0,0,0,0,1,1,1,999,4,371
PRINCE_GEORGE'S_012-010,0,1045,0,0,0,12,0,0,0,0,0,0,0,0,0,0,0,0,0,0,0,0,0,0,0,0,0,0,0,0,1,0,0,0,0,0,0,0,0,0,0,0,0,0,0,0,0,0,22,0,0,0,0,0,159,582,1,184,1,0,0,11,0,0,20,0,1,1,40,1239,74,767
PRINCE_GEORGE'S_012-011,0,1061,0,0,0,11,0,0,0,0,0,0,0,0,0,0,0,0,0,0,0,0,0,0,0,0,0,0,0,0,1,0,0,0,0,0,0,0,0,0,0,0,0,0,0,0,0,0,9,0,0,0,0,0,66,573,2,170,0,1,0,4,0,0,2,0,0,1,15,1148,23,745
PRINCE_GEORGE'S_012-012,0,796,0,0,0,8,0,0,0,0,0,0,0,0,0,0,0,0,0,0,0,0,0,0,0,0,0,0,0,0,0,0,0,0,0,0,0,0,0,0,0,0,0,0,0,0,0,0,12,0,0,0,0,0,23,355,0,114,0,0,0,2,0,0,3,0,0,0,8,839,13,469
PRINCE_GEORGE'S_012-013,0,974,0,0,0,14,0,0,0,0,0,1,0,0,0,0,0,0,0,0,0,0,0,0,0,0,0,0,0,0,0,0,0,0,0,0,0,0,0,0,0,0,0,0,0,0,0,0,9,0,0,0,0,0,33,542,0,98,0,0,0,3,1,0,2,0,1,0,2,1031,9,640
PRINCE_GEORGE'S_012-014,0,766,0,0,0,18,0,0,0,0,0,0,0,0,0,0,0,0,0,0,0,0,0,0,0,0,0,0,0,0,3,0,0,0,0,0,0,0,0,0,0,0,0,0,0,0,0,0,14,0,0,0,0,0,111,498,2,103,0,0,0,7,1,0,13,0,0,0,27,912,48,603
PRINCE_GEORGE'S_012-015,0,735,0,0,0,9,0,0,0,0,0,0,0,0,0,0,0,0,0,0,0,0,0,0,0,0,0,0,0,0,2,0,0,0,0,0,0,0,0,0,0,0,0,0,0,0,0,0,6,0,0,0,0,0,40,417,1,138,3,1,0,0,0,0,3,0,0,0,10,792,17,556
PRINCE_GEORGE'S_012-016,0,558,0,0,0,11,0,0,0,0,0,0,0,0,0,0,0,0,0,0,0,0,0,0,0,0,0,0,0,0,2,0,0,0,0,0,0,0,0,0,0,0,0,0,0,0,0,0,5,0,0,0,0,0,19,234,0,88,0,0,0,2,0,0,0,0,0,0,2,595,4,322
PRINCE_GEORGE'S_012-017,0,163,0,0,0,0,0,0,0,0,0,0,0,0,0,0,0,0,0,0,0,0,0,0,0,0,0,0,0,0,1,0,0,0,0,0,0,0,0,0,0,0,0,0,0,0,0,0,1,0,0,0,0,0,5,101,0,30,0,0,0,1,0,0,0,0,0,0,0,170,1,131
PRINCE_GEORGE'S_012-018,0,96,0,0,0,0,0,0,0,0,0,0,0,0,0,0,0,0,0,0,0,0,0,0,0,0,0,0,0,0,1,0,0,0,0,0,0,0,0,0,0,0,0,0,0,0,0,0,1,0,0,0,0,0,7,45,0,15,0,1,0,0,0,0,0,0,0,0,1,105,2,60
PRINCE_GEORGE'S_013-001,0,269,0,0,0,3,0,0,0,0,0,0,0,0,0,0,0,0,0,0,0,0,0,0,0,0,0,0,0,0,0,0,0,0,0,0,0,0,0,0,0,0,0,0,0,0,0,0,3,0,0,0,0,0,5,103,0,26,0,0,0,1,0,0,0,0,0,0,0,280,1,129
PRINCE_GEORGE'S_013-002,0,807,0,0,0,18,0,0,0,0,0,0,0,0,0,0,0,0,0,0,0,0,0,0,0,0,0,0,0,0,0,0,0,0,0,0,0,0,0,0,0,0,0,0,0,0,0,0,7,0,0,0,0,0,14,320,2,86,0,0,0,0,0,0,2,1,0,0,1,846,4,408
PRINCE_GEORGE'S_013-003,0,613,0,0,0,11,0,0,0,0,0,0,0,0,0,0,0,0,0,0,0,0,0,0,0,0,0,0,0,0,0,0,0,0,0,0,0,0,0,0,0,0,0,0,0,0,0,0,1,0,0,0,0,0,25,310,0,89,0,0,0,1,0,0,1,0,0,0,2,650,4,399
PRINCE_GEORGE'S_013-004,0,490,0,0,0,7,0,0,0,0,0,0,0,0,0,0,0,0,0,0,0,0,0,0,0,0,0,0,0,0,0,0,0,0,0,0,0,0,0,0,0,0,0,0,0,0,0,0,3,0,0,0,0,0,26,265,0,87,0,1,0,1,0,0,3,0,0,0,3,526,8,352
PRINCE_GEORGE'S_013-005,0,777,0,0,0,9,0,0,0,0,0,0,0,0,0,0,0,0,0,0,0,0,0,0,0,0,0,0,0,0,1,0,0,0,0,0,0,0,0,0,0,0,0,0,0,0,0,0,9,0,0,0,0,0,53,605,0,154,1,1,0,8,0,0,4,0,0,1,8,849,23,759
PRINCE_GEORGE'S_013-006,0,877,0,0,0,11,0,0,0,0,0,0,0,0,0,0,0,0,0,0,0,0,0,0,0,0,0,0,0,0,0,0,0,0,0,0,0,0,0,0,0,0,0,0,0,0,0,0,15,0,0,0,0,0,41,559,0,155,0,1,0,4,0,2,3,1,1,0,4,944,16,714
PRINCE_GEORGE'S_013-007,0,1527,0,0,0,21,0,0,0,0,0,0,0,0,0,0,0,0,0,0,0,0,0,0,0,0,0,0,0,0,0,0,0,0,0,0,0,0,0,0,0,0,0,0,0,0,0,0,17,0,0,0,0,0,22,591,1,224,1,0,0,3,0,0,2,0,1,0,1,1587,8,816
PRINCE_GEORGE'S_013-008,0,593,0,0,0,8,0,0,0,0,0,0,0,0,0,0,0,0,0,0,0,0,0,0,0,0,0,0,0,0,0,0,0,0,0,0,0,0,0,0,0,0,0,0,0,0,0,0,3,0,0,0,0,0,20,209,0,37,0,0,0,1,0,0,1,0,1,0,2,624,5,246
PRINCE_GEORGE'S_013-009,0,872,0,0,0,6,0,0,0,0,0,0,0,0,0,0,0,0,0,0,0,0,0,0,0,0,0,0,0,0,0,0,0,0,0,0,0,0,0,0,0,0,0,0,0,0,0,0,5,0,0,0,0,0,29,547,1,149,0,1,0,9,1,0,3,0,0,0,5,912,19,697
PRINCE_GEORGE'S_013-010,0,1354,0,0,0,27,0,0,0,0,0,0,0,0,0,0,0,0,0,0,0,0,0,0,0,0,0,0,0,0,0,0,0,0,0,0,0,0,0,0,0,1,0,0,0,0,0,0,4,0,0,0,0,0,52,563,0,270,0,2,2,3,0,0,4,0,3,0,8,1438,22,833
PRINCE_GEORGE'S_013-011,0,903,0,0,0,10,0,0,0,0,0,0,0,0,0,0,0,0,0,0,0,0,0,0,0,0,0,0,0,0,1,0,0,0,0,0,0,0,0,0,0,0,0,0,0,0,0,0,5,0,0,0,0,0,26,547,0,162,0,1,1,2,0,0,5,0,0,1,6,945,16,709
PRINCE_GEORGE'S_013-012,0,980,0,0,0,11,0,0,0,0,0,1,0,0,0,0,0,0,0,0,0,0,0,0,0,0,0,0,0,0,0,0,0,0,0,0,0,0,0,0,0,0,0,0,0,0,0,0,5,0,0,0,0,0,36,634,1,223,1,0,1,6,0,1,6,1,0,0,5,1033,21,858
PRINCE_GEORGE'S_013-013,0,533,0,0,0,5,0,0,0,0,0,0,0,0,0,0,0,0,0,0,0,0,0,0,0,0,0,0,0,0,0,0,0,0,0,0,0,0,0,1,0,0,0,0,0,0,0,0,2,0,0,0,0,0,29,416,0,111,0,0,0,5,0,0,5,1,0,0,7,570,18,527
PRINCE_GEORGE'S_013-014,0,1012,0,0,0,13,0,0,0,0,0,0,0,0,0,0,0,0,0,0,0,0,0,0,0,0,0,0,0,0,0,0,0,0,0,0,0,0,0,0,0,0,0,0,0,0,0,0,9,0,0,1,0,0,43,610,0,177,0,1,0,5,0,0,4,0,1,0,6,1078,17,787
PRINCE_GEORGE'S_013-015,0,983,0,0,0,11,0,0,0,0,0,0,0,0,0,0,0,0,0,0,0,0,0,0,0,0,0,0,0,0,0,0,0,0,0,0,0,0,0,0,0,0,0,0,0,0,0,0,13,0,0,0,0,0,72,620,1,208,1,1,1,5,0,0,6,0,0,0,13,1079,27,829
PRINCE_GEORGE'S_013-016,0,990,0,0,0,19,0,0,0,0,0,0,0,0,0,0,0,0,0,0,0,0,0,0,0,0,0,0,0,0,3,0,0,0,0,0,0,0,0,0,0,0,0,0,0,0,0,0,4,0,0,0,0,0,22,471,0,157,0,1,0,5,0,0,2,0,0,0,6,1038,14,628
PRINCE_GEORGE'S_013-017,0,759,0,0,0,12,0,0,0,0,0,0,0,0,0,0,0,0,0,0,0,0,0,0,0,0,0,0,0,0,1,0,0,0,0,0,0,0,0,0,0,0,0,0,0,0,0,0,6,0,0,0,0,0,14,332,0,84,0,0,0,0,0,1,0,0,0,0,2,792,3,416
PRINCE_GEORGE'S_013-018,0,322,0,0,0,5,0,0,0,0,0,0,0,0,0,0,0,0,0,0,0,0,0,0,0,0,0,0,0,0,0,0,0,0,0,0,0,0,0,0,0,0,0,0,0,0,0,0,1,0,0,0,0,0,6,123,1,39,0,0,0,0,0,0,0,0,1,1,0,334,2,163
PRINCE_GEORGE'S_013-019,0,32,0,0,0,0,0,0,0,0,0,0,0,0,0,0,0,0,0,0,0,0,0,0,0,0,0,0,0,0,0,0,0,0,0,0,0,0,0,0,0,0,0,0,0,0,0,0,0,0,0,0,0,0,4,12,0,3,0,0,0,0,0,0,1,0,0,0,0,36,1,15
PRINCE_GEORGE'S_013-020,0,190,0,0,0,0,0,0,0,0,0,0,0,0,0,0,0,0,0,0,0,0,0,0,0,0,0,0,0,0,0,0,0,0,0,0,0,0,0,0,0,0,0,0,0,0,0,0,4,0,0,0,0,0,5,105,0,39,0,0,0,0,0,0,0,0,1,0,0,199,1,144
PRINCE_GEORGE'S_013-021,0,394,0,0,0,6,0,0,0,0,0,0,0,0,0,0,0,0,0,0,0,0,0,0,0,0,0,0,0,0,2,0,0,0,0,0,0,0,0,0,0,0,0,0,0,0,0,0,5,0,0,0,0,0,18,270,0,94,0,0,0,1,0,0,1,0,0,0,4,425,6,364
PRINCE_GEORGE'S_013-022,0,154,0,0,0,1,0,0,0,0,0,0,0,0,0,0,0,0,0,0,0,0,0,0,0,0,0,0,0,0,0,0,0,0,0,0,0,0,0,0,0,0,0,0,0,0,0,0,0,0,0,0,0,0,4,59,0,12,0,0,0,1,0,0,0,0,0,0,0,159,1,71
PRINCE_GEORGE'S_013-023,0,228,0,0,0,2,0,0,0,0,0,0,0,0,0,0,0,0,0,0,0,0,0,0,0,0,0,0,0,0,0,0,0,0,0,0,0,0,0,0,0,0,0,0,0,0,0,0,0,0,0,0,0,0,9,140,1,41,0,0,0,0,0,0,1,0,0,0,0,239,1,182
PRINCE_GEORGE'S_013-024,0,362,0,0,0,3,0,0,0,0,0,0,0,0,0,0,0,0,0,0,0,0,0,0,0,0,0,0,0,0,2,0,0,0,0,0,0,0,0,0,0,0,0,0,0,0,0,0,2,0,0,0,0,0,16,224,1,50,0,0,0,4,0,0,0,0,0,0,0,385,4,275
PRINCE_GEORGE'S_013-025,0,81,0,0,0,0,0,0,0,0,0,0,0,0,0,0,0,0,0,0,0,0,0,0,0,0,0,0,0,0,0,0,0,0,0,0,0,0,0,0,0,0,0,0,0,0,0,0,0,0,0,0,0,0,1,49,0,7,0,0,0,0,0,0,0,0,0,0,0,82,0,56
PRINCE_GEORGE'S_013-099,0,0,0,0,0,0,0,0,0,0,0,0,0,0,0,0,0,0,0,0,0,0,0,0,0,0,0,0,0,0,0,0,0,0,0,0,0,0,0,0,0,0,0,0,0,0,0,0,0,0,0,0,0,0,0,0,0,0,0,0,0,0,0,0,0,0,0,0,0,0,0,0
PRINCE_GEORGE'S_014-001,0,704,0,0,0,21,0,0,0,0,0,0,0,0,0,0,0,0,0,0,0,0,0,0,0,0,0,0,0,0,1,0,0,0,0,0,0,0,0,0,0,0,0,0,0,0,0,0,18,0,0,0,0,0,185,449,0,174,0,0,1,33,0,0,27,0,0,0,41,929,102,623
PRINCE_GEORGE'S_014-002,0,1332,0,0,0,19,0,0,0,0,0,0,0,0,0,0,0,0,0,0,0,0,0,0,0,0,0,0,0,0,0,0,0,0,0,0,0,0,0,0,0,0,0,0,0,0,0,0,15,0,0,0,0,0,97,589,1,177,0,2,0,5,0,0,6,0,0,0,22,1463,35,767
PRINCE_GEORGE'S_014-003,0,396,0,0,0,10,0,0,0,0,0,0,0,0,0,0,0,0,0,0,0,0,0,0,0,0,0,0,0,3,5,0,0,0,0,0,0,0,0,0,0,0,0,0,0,0,0,0,32,0,0,1,0,0,305,203,4,132,2,2,1,55,0,0,52,1,2,1,97,752,213,339
PRINCE_GEORGE'S_014-004,0,447,0,0,0,14,0,0,0,0,0,2,0,0,0,0,0,0,0,0,0,0,0,0,0,0,0,0,0,0,10,0,0,0,0,0,0,0,0,0,0,0,0,0,0,0,0,0,19,0,0,0,0,0,337,206,1,140,1,2,0,36,0,1,47,0,2,0,96,829,185,347
PRINCE_GEORGE'S_014-005,0,379,0,0,0,13,0,0,0,0,0,1,0,0,0,0,0,0,0,0,0,0,0,0,0,0,0,0,0,1,9,0,0,0,0,0,0,0,0,0,0,0,0,0,0,0,0,0,26,0,0,1,0,0,234,167,1,115,0,4,1,51,0,0,46,1,3,0,46,664,152,283
PRINCE_GEORGE'S_014-006,0,350,0,0,0,7,0,0,0,0,0,0,0,0,0,0,0,0,0,0,0,0,0,0,0,0,0,0,0,2,9,0,0,0,0,0,0,0,0,0,0,0,0,0,0,0,0,0,37,0,0,0,0,0,285,144,3,97,2,2,0,42,0,2,50,0,2,0,72,690,172,244
PRINCE_GEORGE'S_014-007,0,717,0,0,0,13,0,0,0,0,0,0,0,0,0,0,0,0,0,0,0,0,0,0,0,0,0,0,0,1,2,0,0,0,0,0,0,0,0,0,0,0,0,0,0,0,0,0,12,0,0,0,0,0,114,415,1,183,1,0,1,12,0,0,11,1,2,0,28,859,56,599
PRINCE_GEORGE'S_014-008,0,551,0,0,0,12,0,0,0,0,0,0,0,0,0,0,0,0,0,0,0,0,0,0,0,0,0,0,0,0,0,0,0,0,0,0,0,0,0,0,0,0,0,0,0,0,0,0,7,0,0,0,0,0,68,241,0,92,0,2,0,10,0,0,8,0,0,0,17,638,37,333
PRINCE_GEORGE'S_014-009,0,906,0,0,0,22,0,0,0,0,0,0,0,0,0,0,0,0,0,0,0,0,0,0,0,0,0,0,0,0,4,0,0,0,0,0,0,0,0,0,0,0,0,0,0,0,0,0,21,0,0,0,0,0,245,548,1,193,2,1,0,40,0,0,24,1,1,0,65,1198,134,742
PRINCE_GEORGE'S_014-010,0,365,0,0,0,13,0,0,0,0,0,0,0,0,0,0,0,0,0,0,0,0,0,0,0,0,0,0,0,0,0,0,0,0,0,0,0,0,0,0,0,0,0,0,0,0,0,0,10,0,0,0,1,0,89,225,0,88,0,0,0,12,0,0,15,1,1,1,12,478,42,313
PRINCE_GEORGE'S_014-011,0,171,0,0,0,5,0,0,0,0,0,0,0,0,0,0,0,0,0,0,0,0,0,0,0,0,0,0,0,0,0,0,0,0,0,0,0,0,0,0,0,0,0,0,0,0,0,0,14,0,0,0,0,0,91,126,0,64,1,0,0,24,0,0,21,0,0,0,35,281,81,190
PRINCE_GEORGE'S_014-012,0,560,0,0,0,17,0,0,0,0,0,0,0,0,0,0,0,0,0,0,0,0,0,0,0,0,0,0,0,0,8,0,0,0,0,0,0,0,0,0,0,0,0,0,0,0,0,0,23,0,0,0,0,0,147,393,2,159,0,1,0,27,0,0,21,0,0,0,30,755,79,554
PRINCE_GEORGE'S_014-013,0,239,0,0,0,3,0,0,0,0,0,1,0,0,0,0,0,0,0,0,0,0,0,0,0,0,0,0,0,0,1,0,0,0,0,0,0,0,0,0,0,0,0,0,0,0,0,0,12,0,0,0,0,0,68,181,0,72,0,0,0,11,0,0,13,0,1,0,22,324,47,253
PRINCE_GEORGE'S_014-014,0,4,0,0,0,0,0,0,0,0,0,0,0,0,0,0,0,0,0,0,0,0,0,0,0,0,0,0,0,0,0,0,0,0,0,0,0,0,0,0,0,0,0,0,0,0,0,0,0,0,0,0,0,0,0,2,0,0,0,0,0,0,0,0,0,0,0,0,1,4,1,2
PRINCE_GEORGE'S_014-015,0,142,0,0,0,1,0,0,0,0,0,0,0,0,0,0,0,0,0,0,0,0,0,0,0,0,0,0,0,0,2,0,0,0,0,0,0,0,0,0,0,0,0,0,0,0,0,0,3,0,0,0,0,0,30,69,0,21,0,1,0,8,0,0,5,0,0,0,4,178,18,90
PRINCE_GEORGE'S_014-016,0,44,0,0,0,1,0,0,0,0,0,0,0,0,0,0,0,0,0,0,0,0,0,0,0,0,0,0,0,0,0,0,0,0,0,0,0,0,0,0,0,0,0,0,0,0,0,0,0,0,0,0,0,0,22,27,0,9,0,0,0,4,0,0,2,0,0,0,3,67,9,36
PRINCE_GEORGE'S_014-017,0,1,0,0,0,0,0,0,0,0,0,0,0,0,0,0,0,0,0,0,0,0,0,0,0,0,0,0,0,0,0,0,0,0,0,0,0,0,0,0,0,0,0,0,0,0,0,0,0,0,0,0,0,0,0,0,0,0,0,0,0,0,0,0,0,0,0,0,0,1,0,0
PRINCE_GEORGE'S_014-099,0,0,0,0,0,0,0,0,0,0,0,0,0,0,0,0,0,0,0,0,0,0,0,0,0,0,0,0,0,0,0,0,0,0,0,0,0,0,0,0,0,0,0,0,0,0,0,0,0,0,0,0,0,0,0,0,0,0,0,0,0,0,0,0,0,0,0,0,0,0,0,0
PRINCE_GEORGE'S_015-001,0,1187,0,0,0,15,0,0,0,0,0,0,0,0,0,0,0,0,0,0,0,0,0,0,0,0,0,0,0,0,1,0,0,0,0,0,0,0,0,0,0,0,0,0,0,0,0,0,17,0,0,0,0,0,97,651,1,238,0,0,0,22,0,0,19,0,1,0,33,1317,75,890
PRINCE_GEORGE'S_015-002,0,697,0,0,0,12,0,0,0,0,0,0,0,0,0,0,0,0,0,0,0,0,0,0,0,0,0,0,0,0,1,0,0,0,0,0,0,0,0,0,0,0,0,0,0,0,0,0,5,0,0,0,0,0,34,372,1,97,0,0,0,5,0,0,4,0,0,0,8,749,17,470
PRINCE_GEORGE'S_015-003,0,678,0,0,0,8,0,0,0,0,0,0,0,0,0,0,0,0,0,0,0,0,0,0,0,0,0,0,0,0,0,0,0,0,0,0,0,0,0,0,0,0,0,0,0,0,0,0,8,0,0,0,0,0,43,476,0,150,1,0,1,7,0,1,3,0,0,0,7,737,20,626
PRINCE_GEORGE'S_015-004,0,800,0,0,0,16,0,0,0,0,0,0,0,0,0,0,0,0,0,0,0,0,0,0,0,0,0,0,0,0,3,0,0,0,0,0,0,0,0,0,0,0,0,0,0,0,0,0,11,0,0,0,0,0,102,551,0,208,0,3,0,26,0,0,14,0,0,1,30,932,74,759
PRINCE_GEORGE'S_015-005,0,1432,0,0,0,18,0,0,0,0,0,0,0,0,0,0,0,0,0,0,0,0,0,0,0,0,0,0,0,0,2,0,0,0,0,0,0,0,0,0,0,0,0,0,0,0,0,0,8,0,0,0,0,0,87,1114,4,336,0,1,2,12,0,1,7,0,0,0,24,1547,47,1454
PRINCE_GEORGE'S_015-006,0,654,0,0,0,8,0,0,0,0,0,0,0,0,0,0,0,0,0,0,0,0,0,0,0,0,0,0,0,0,0,0,0,0,0,0,0,0,0,0,0,0,0,0,0,0,0,0,7,0,0,0,0,0,70,494,0,132,0,2,0,21,0,1,16,0,0,1,16,739,57,626
PRINCE_GEORGE'S_016-001,0,247,0,0,0,7,0,0,0,0,0,0,0,0,0,0,0,0,0,0,0,0,0,0,0,0,0,0,0,0,0,0,0,0,0,0,0,0,0,0,0,0,0,0,0,0,0,0,2,0,0,0,0,0,45,98,1,44,0,0,0,4,0,0,0,0,0,0,12,301,16,143
PRINCE_GEORGE'S_016-002,0,296,0,0,0,11,0,0,0,0,0,0,0,0,0,0,0,0,0,0,0,0,0,0,0,0,0,0,0,9,7,0,0,0,0,0,0,0,0,0,0,0,0,0,0,0,0,0,11,0,0,0,0,0,49,139,0,66,0,0,0,7,0,0,22,0,0,0,10,383,39,205
PRINCE_GEORGE'S_016-003,0,1443,0,0,0,69,0,0,0,0,0,0,0,0,0,0,0,1,0,0,0,0,0,0,0,0,0,0,0,14,26,0,0,0,0,0,0,0,0,0,0,0,0,0,0,0,0,0,32,0,0,0,0,0,211,737,2,453,2,1,0,23,0,0,52,0,2,0,29,1796,109,1192
PRINCE_GEORGE'S_016-004,0,1035,0,0,0,16,0,0,0,0,0,0,0,0,0,0,0,0,0,0,0,0,0,0,0,0,0,0,0,2,2,0,0,0,0,0,0,0,0,0,0,0,0,0,0,0,0,0,14,0,0,0,0,0,128,406,0,185,0,0,0,15,0,0,11,1,0,0,19,1197,46,591
PRINCE_GEORGE'S_016-005,0,40,0,0,0,1,0,0,0,0,0,0,0,0,0,0,0,0,0,0,0,0,0,0,0,0,0,0,0,0,0,0,0,0,0,0,0,0,0,0,0,0,0,0,0,0,0,0,2,0,0,0,0,0,9,15,0,8,0,0,0,4,0,0,0,0,0,0,1,52,5,23
PRINCE_GEORGE'S_016-098,0,0,0,0,0,0,0,0,0,0,0,0,0,0,0,0,0,0,0,0,0,0,0,0,0,0,0,0,0,0,0,0,0,0,0,0,0,0,0,0,0,0,0,0,0,0,0,0,0,0,0,0,0,0,0,0,0,0,0,0,0,0,0,0,0,0,0,0,0,0,0,0
PRINCE_GEORGE'S_016-099,0,0,0,0,0,0,0,0,0,0,0,0,0,0,0,0,0,0,0,0,0,0,0,0,0,0,0,0,0,0,0,0,0,0,0,0,0,0,0,0,0,0,0,0,0,0,0,0,0,0,0,0,0,0,0,0,0,0,0,0,0,0,0,0,0,0,0,0,0,0,0,0
PRINCE_GEORGE'S_017-001,0,1141,0,0,0,36,0,0,0,0,0,0,0,0,0,0,0,0,0,0,0,0,1,0,0,0,0,0,0,0,2,0,0,0,0,0,0,0,0,0,0,0,0,0,0,0,0,0,26,0,0,0,0,0,72,401,1,316,0,0,0,17,0,0,15,0,0,0,16,1278,48,718
PRINCE_GEORGE'S_017-002,0,696,0,0,0,18,0,0,0,0,0,0,0,0,0,0,0,0,0,0,0,0,0,0,0,0,0,0,0,2,2,0,0,0,0,0,0,0,0,0,0,0,0,0,0,0,0,0,13,0,0,0,0,0,85,292,0,142,1,1,0,2,0,0,5,1,1,0,17,816,28,434
PRINCE_GEORGE'S_017-003,0,783,0,0,0,8,0,0,0,0,0,0,0,0,0,0,0,0,0,0,0,0,0,0,0,0,0,0,0,1,1,0,0,0,0,0,0,0,0,0,0,0,0,0,0,0,0,0,13,0,0,0,0,0,77,286,2,101,2,1,1,12,0,0,3,0,2,0,11,883,32,389
PRINCE_GEORGE'S_017-004,0,817,0,0,0,10,0,0,0,0,0,0,0,0,0,0,0,0,0,0,0,0,0,0,0,0,0,0,0,0,0,0,0,0,0,0,0,0,0,0,0,0,0,0,0,0,0,0,7,0,0,0,0,0,55,281,1,106,0,0,0,2,0,0,2,0,0,0,10,889,14,388
PRINCE_GEORGE'S_017-005,0,530,0,0,0,7,0,0,0,0,0,0,0,0,0,0,0,0,0,0,0,0,0,0,0,0,0,0,0,0,1,0,0,0,0,0,0,0,0,0,0,0,0,0,0,0,0,0,6,0,0,0,0,0,27,225,0,94,2,0,0,6,0,0,5,0,1,1,2,571,17,319
PRINCE_GEORGE'S_017-006,0,481,0,0,0,10,0,0,0,0,0,0,0,0,0,0,0,0,0,0,0,0,0,0,0,0,0,0,0,0,0,0,0,0,0,0,0,0,0,0,0,0,0,0,0,0,0,0,9,0,0,0,0,0,33,172,0,72,0,0,0,1,0,0,5,0,1,0,8,533,15,244
PRINCE_GEORGE'S_017-007,0,1224,0,0,0,23,0,0,0,0,0,0,0,0,0,0,0,0,0,0,0,0,0,0,0,0,0,0,0,0,4,0,0,0,0,0,0,0,0,0,0,0,0,0,0,0,0,0,5,0,0,0,0,0,56,513,1,184,0,0,0,16,0,0,7,0,1,0,4,1312,28,698
PRINCE_GEORGE'S_017-008,0,208,0,0,0,7,0,0,0,0,0,0,0,0,0,0,0,0,0,0,0,0,0,0,0,0,0,0,0,0,2,0,0,0,0,0,0,0,0,0,0,0,0,0,0,0,0,0,6,0,0,0,0,0,25,74,0,68,0,1,0,3,0,0,3,0,1,0,11,248,19,142
PRINCE_GEORGE'S_017-009,0,504,0,0,0,6,0,0,0,0,0,0,0,0,0,0,0,0,0,0,0,0,0,0,0,0,0,0,0,0,4,0,0,0,0,0,0,0,0,0,0,0,0,0,0,0,0,0,11,0,0,0,0,0,71,216,1,90,1,1,0,9,0,0,5,0,0,0,8,596,24,307
PRINCE_GEORGE'S_017-010,0,1339,0,0,0,26,0,0,0,0,0,0,0,0,0,0,0,0,0,0,0,0,0,0,0,0,0,0,0,0,0,0,0,0,0,0,0,0,0,0,0,0,0,0,0,0,0,0,9,0,0,0,0,0,81,505,1,209,1,2,0,7,1,0,4,0,1,0,17,1455,33,715
PRINCE_GEORGE'S_017-011,0,1089,0,0,0,11,0,0,0,0,0,0,0,0,0,0,0,0,0,0,0,0,0,0,0,0,0,0,0,0,0,0,0,0,0,0,0,0,0,0,0,0,0,0,0,0,0,0,10,0,0,0,0,0,55,484,2,85,1,1,0,3,0,0,3,0,0,0,7,1165,15,571
PRINCE_GEORGE'S_017-012,0,906,0,0,0,26,0,0,0,0,0,0,0,0,0,0,0,0,0,0,0,0,0,0,0,0,0,0,0,0,1,0,0,0,0,0,0,0,0,0,0,0,0,0,0,0,0,0,14,0,0,0,0,0,65,320,0,118,0,0,0,10,0,0,6,0,1,0,13,1012,30,438
PRINCE_GEORGE'S_017-013,0,126,0,0,0,0,0,0,0,0,0,0,0,0,0,0,0,0,0,0,0,0,0,0,0,0,0,0,0,0,0,0,0,0,0,0,0,0,0,0,0,0,0,0,0,0,0,0,1,0,0,0,0,0,5,23,0,16,0,0,0,1,0,0,2,0,0,0,1,132,4,39
PRINCE_GEORGE'S_017-014,0,671,0,0,0,11,0,0,0,0,0,0,0,0,0,0,0,0,0,0,0,0,0,0,0,0,0,0,0,0,2,0,0,0,0,0,0,0,0,0,0,0,0,0,0,0,0,0,4,0,0,0,0,0,46,192,0,110,0,0,0,5,0,0,10,0,0,0,6,734,21,302
PRINCE_GEORGE'S_017-015,0,94,0,0,0,0,0,0,0,0,0,0,0,0,0,0,0,0,0,0,0,0,0,0,0,0,0,0,0,0,0,0,0,0,0,0,0,0,0,0,0,0,0,0,0,0,0,0,4,0,0,0,0,0,6,25,0,14,0,0,0,2,0,1,1,0,0,0,3,104,7,39
PRINCE_GEORGE'S_018-001,0,1106,0,0,0,15,0,0,0,0,0,0,0,0,0,0,0,0,0,0,0,0,0,0,0,0,0,0,0,0,0,0,0,0,0,0,0,0,0,0,0,0,0,0,0,0,0,0,7,0,0,0,0,0,21,470,2,123,0,1,0,2,1,0,3,0,1,0,2,1149,10,595
PRINCE_GEORGE'S_018-002,0,631,0,0,0,2,0,0,0,0,0,0,0,0,0,0,0,0,0,0,0,0,0,0,0,0,0,0,0,0,0,0,0,0,0,0,0,0,0,0,0,0,0,0,0,0,0,0,7,0,0,0,0,0,13,216,1,44,0,0,0,1,1,0,0,0,1,0,2,653,5,261
PRINCE_GEORGE'S_018-003,0,563,0,0,0,8,0,0,0,0,0,0,0,0,0,0,0,0,0,0,0,0,0,0,0,0,0,0,0,0,0,0,0,0,0,0,0,0,0,0,0,0,0,0,0,0,0,0,4,0,0,0,0,0,5,210,0,60,0,0,0,1,0,0,0,0,0,0,0,580,1,270
PRINCE_GEORGE'S_018-004,0,577,0,0,0,6,0,0,0,0,0,0,0,0,0,0,0,0,0,0,0,0,0,0,0,0,0,0,0,0,0,0,0,0,0,0,0,0,0,0,0,0,0,0,0,0,0,0,5,0,0,0,0,0,16,196,0,54,0,0,0,1,0,0,1,0,0,0,2,604,4,250
PRINCE_GEORGE'S_018-005,0,535,0,0,0,5,0,0,0,0,0,0,0,0,0,0,0,0,0,0,0,0,0,0,0,0,0,0,0,0,0,0,0,0,0,0,0,0,0,0,0,0,0,0,0,0,0,0,3,0,0,0,0,0,12,181,0,70,0,0,0,0,0,0,1,0,0,0,1,555,2,251
PRINCE_GEORGE'S_018-006,0,1122,0,0,0,15,0,0,0,0,0,0,0,0,0,0,0,0,0,0,0,0,0,0,0,0,0,0,0,0,0,0,0,0,0,0,0,0,0,0,0,0,0,0,0,0,0,0,4,0,0,0,0,0,23,555,0,128,0,0,0,3,0,0,1,0,0,0,5,1164,9,683
PRINCE_GEORGE'S_018-007,0,996,0,0,0,13,0,0,0,0,0,0,0,0,0,0,0,0,0,0,0,0,0,0,0,0,0,0,0,0,0,0,0,0,0,0,0,0,0,0,0,0,0,0,0,0,0,0,9,0,0,0,0,0,15,433,0,112,1,0,0,1,0,0,3,0,1,0,2,1033,8,545
PRINCE_GEORGE'S_018-008,0,568,0,0,0,13,0,0,0,0,0,0,0,0,0,0,0,0,0,0,0,0,0,0,0,0,0,0,0,0,0,0,0,0,0,0,0,0,0,0,0,0,0,0,0,0,0,0,2,0,0,0,0,0,10,273,1,64,0,0,0,1,0,0,0,0,0,0,1,593,2,338
PRINCE_GEORGE'S_018-009,0,772,0,0,0,11,0,0,0,0,0,0,0,0,0,0,0,0,0,0,0,0,0,0,0,0,0,0,0,0,2,0,0,0,0,0,0,0,0,0,0,0,0,0,0,0,0,0,7,0,0,0,0,0,18,376,0,110,0,0,0,3,0,0,0,0,0,0,3,810,6,486
PRINCE_GEORGE'S_018-010,0,396,0,0,0,8,0,0,0,0,0,0,0,0,0,0,0,0,0,0,0,0,0,0,0,0,0,0,0,0,0,0,0,0,0,0,0,0,0,0,0,0,0,0,0,0,0,0,2,0,0,0,0,0,10,210,1,46,0,0,0,0,0,0,0,0,1,0,2,416,3,257
PRINCE_GEORGE'S_018-011,0,732,0,0,0,7,0,0,0,0,0,0,0,0,0,0,0,0,0,0,0,0,0,0,0,0,0,0,0,0,0,0,0,0,0,0,0,0,0,0,0,0,0,0,0,0,0,0,3,0,0,0,0,0,24,274,1,60,1,0,0,6,0,0,1,0,0,0,4,766,12,335
PRINCE_GEORGE'S_018-012,0,29,0,0,0,1,0,0,0,0,0,0,0,0,0,0,0,0,0,0,0,0,0,0,0,0,0,0,0,0,0,0,0,0,0,0,0,0,0,0,0,0,0,0,0,0,0,0,2,0,0,0,0,0,4,22,0,12,0,0,0,0,0,0,2,0,0,0,0,36,2,34
PRINCE_GEORGE'S_018-013,0,304,0,0,0,5,0,0,0,0,0,0,0,0,0,0,0,0,0,0,0,0,0,0,0,0,0,0,0,0,0,0,0,0,0,0,0,0,0,0,0,0,0,0,0,0,0,0,1,0,0,0,0,0,4,89,0,17,0,0,0,0,0,0,0,0,0,0,0,314,0,106
PRINCE_GEORGE'S_018-014,0,51,0,0,0,1,0,0,0,0,0,0,0,0,0,0,0,0,0,0,0,0,0,0,0,0,0,0,0,0,0,0,0,0,0,0,0,0,0,0,0,0,0,0,0,0,0,0,1,0,0,0,0,0,2,74,0,17,0,0,0,1,0,0,1,0,0,0,0,55,2,91
PRINCE_GEORGE'S_018-015,0,26,0,0,0,1,0,0,0,0,0,0,0,0,0,0,0,0,0,0,0,0,0,0,0,0,0,0,0,0,0,0,0,0,0,0,0,0,0,0,0,0,0,0,0,0,0,0,1,0,0,0,0,0,0,14,0,1,0,0,0,0,0,0,0,0,0,0,0,28,0,15
PRINCE_GEORGE'S_018-016,0,14,0,0,0,0,0,0,0,0,0,0,0,0,0,0,0,0,0,0,0,0,0,0,0,0,0,0,0,0,0,0,0,0,0,0,0,0,0,0,0,0,0,0,0,0,0,0,0,0,0,0,0,0,0,9,0,1,0,0,0,0,0,0,0,0,0,0,0,14,0,10
PRINCE_GEORGE'S_018-099,0,0,0,0,0,0,0,0,0,0,0,0,0,0,0,0,0,0,0,0,0,0,0,0,0,0,0,0,0,0,0,0,0,0,0,0,0,0,0,0,0,0,0,0,0,0,0,0,0,0,0,0,0,0,0,0,0,0,0,0,0,0,0,0,0,0,0,0,0,0,0,0
PRINCE_GEORGE'S_019-001,0,865,0,0,0,25,0,0,0,0,0,0,0,0,0,0,0,0,0,0,0,0,0,0,0,0,0,0,0,0,4,0,0,0,0,0,0,0,0,0,0,0,0,0,0,0,0,0,16,0,0,0,0,0,185,320,1,194,0,3,0,12,0,0,20,0,0,0,37,1095,72,515
PRINCE_GEORGE'S_019-002,0,687,0,0,0,14,0,0,0,0,0,0,0,0,0,0,0,0,0,0,0,0,0,0,0,0,0,0,0,0,1,0,0,0,0,0,0,0,0,0,0,0,0,0,0,0,0,0,14,0,0,0,0,0,96,255,2,101,1,3,0,17,0,0,7,0,1,0,29,812,58,358
PRINCE_GEORGE'S_019-003,0,615,0,0,0,28,0,0,0,0,0,0,0,0,0,0,0,0,0,0,0,0,0,0,0,0,0,0,0,2,10,0,0,0,0,0,0,0,0,0,0,0,0,0,0,0,0,0,23,0,0,0,0,0,100,373,1,268,1,0,0,23,0,0,52,0,0,0,31,778,107,642
PRINCE_GEORGE'S_019-004,0,487,0,0,0,3,0,0,0,0,0,0,0,0,0,0,0,0,0,0,0,0,0,0,0,0,0,0,0,0,1,0,0,0,0,0,0,0,0,0,0,0,0,0,0,0,0,0,7,0,0,0,0,0,58,184,0,76,0,1,0,4,0,0,4,0,0,1,9,556,19,260
PRINCE_GEORGE'S_019-005,0,22,0,0,0,0,0,0,0,0,0,0,0,0,0,0,0,0,0,0,0,0,0,0,0,0,0,0,0,0,0,0,0,0,0,0,0,0,0,0,0,0,0,0,0,0,0,0,0,0,0,0,0,0,0,0,0,0,0,0,0,0,0,0,0,0,0,0,0,22,0,0
PRINCE_GEORGE'S_019-098,0,0,0,0,0,0,0,0,0,0,0,0,0,0,0,0,0,0,0,0,0,0,0,0,0,0,0,0,0,0,0,0,0,0,0,0,0,0,0,0,0,0,0,0,0,0,0,0,0,0,0,0,0,0,0,0,0,0,0,0,0,0,0,0,0,0,0,0,0,0,0,0
PRINCE_GEORGE'S_019-099,0,0,0,0,0,0,0,0,0,0,0,0,0,0,0,0,0,0,0,0,0,0,0,0,0,0,0,0,0,0,0,0,0,0,0,0,0,0,0,0,0,0,0,0,0,0,0,0,0,0,0,0,0,0,0,0,0,0,0,0,0,0,0,0,0,0,0,0,0,0,0,0
PRINCE_GEORGE'S_020-001,0,938,0,0,0,13,0,0,0,0,0,0,0,0,0,0,0,0,0,0,0,0,0,0,0,0,0,0,0,0,2,0,0,0,0,0,0,0,0,0,0,0,0,0,0,0,0,0,18,0,0,0,0,0,119,428,1,149,2,1,0,19,0,0,17,1,0,0,26,1090,66,578
PRINCE_GEORGE'S_020-002,0,258,0,0,0,3,0,0,0,0,0,0,0,0,0,0,0,0,0,0,0,0,0,0,0,0,0,0,0,0,0,0,0,0,0,0,0,0,0,0,0,0,0,0,0,0,0,0,9,0,0,0,0,0,30,96,2,54,0,1,0,6,0,0,4,0,0,0,2,300,13,152
PRINCE_GEORGE'S_020-003,0,617,0,0,0,6,0,0,0,0,0,0,0,0,0,0,0,0,0,0,0,0,0,0,0,0,0,0,0,0,0,0,0,0,0,0,0,0,0,0,0,0,0,0,0,0,0,0,3,0,0,0,0,0,34,355,0,91,0,0,0,2,0,0,2,0,0,0,3,660,7,446
PRINCE_GEORGE'S_020-004,0,596,0,0,0,9,0,0,0,0,0,0,0,0,0,0,0,0,0,0,0,0,0,0,0,0,0,0,0,0,0,0,0,0,0,0,0,0,0,0,0,0,0,0,0,0,0,0,5,0,0,0,0,0,58,297,2,87,0,0,0,5,0,0,3,0,1,0,8,668,17,386
PRINCE_GEORGE'S_020-005,0,682,0,0,0,8,0,0,0,0,0,1,0,0,0,0,0,0,0,0,0,0,0,0,0,0,0,0,0,0,1,0,0,0,0,0,0,0,0,0,0,0,0,0,0,0,0,0,8,0,0,0,0,0,90,337,1,122,1,0,0,9,0,0,13,1,1,0,15,790,40,460
PRINCE_GEORGE'S_020-006,0,639,0,0,0,7,0,0,0,0,0,0,0,0,0,0,0,0,0,0,0,0,0,0,0,0,0,0,0,0,3,0,0,0,0,0,0,0,0,0,0,0,0,0,0,0,0,0,8,0,0,0,0,0,76,267,1,86,0,1,1,10,1,0,9,0,0,0,15,733,37,354
PRINCE_GEORGE'S_020-007,0,443,0,0,0,5,0,0,0,0,0,0,0,0,0,0,0,0,0,0,0,0,0,0,0,0,0,0,0,0,0,0,0,0,0,0,0,0,0,0,0,0,0,0,0,0,0,0,4,0,0,0,0,0,11,261,0,64,1,0,0,0,0,0,0,0,1,0,2,463,4,325
PRINCE_GEORGE'S_020-008,0,373,0,0,0,7,0,0,0,0,0,0,0,0,0,0,0,0,0,0,0,0,0,0,0,0,0,0,0,0,0,0,0,0,0,0,0,0,0,0,0,0,0,0,0,0,0,0,2,0,0,0,0,0,25,219,0,57,0,0,0,2,0,0,1,0,0,0,2,407,5,276
PRINCE_GEORGE'S_020-009,0,477,0,0,0,10,0,0,0,0,0,0,0,0,0,0,0,0,0,0,0,0,0,0,0,0,0,0,0,0,1,0,0,0,0,0,0,0,0,0,0,0,0,0,0,0,0,0,14,0,0,0,0,0,61,310,1,97,0,1,0,11,0,0,10,0,0,0,17,563,39,408
PRINCE_GEORGE'S_020-010,0,309,0,0,0,4,0,0,0,0,0,0,0,0,0,0,0,0,0,0,0,0,0,0,0,0,0,0,0,0,2,0,0,0,0,0,0,0,0,0,0,0,0,0,0,0,0,0,7,0,0,0,0,0,41,146,0,50,0,0,0,14,0,0,6,0,0,0,6,363,26,196
PRINCE_GEORGE'S_020-011,0,774,0,0,0,20,0,0,0,0,0,0,0,0,0,0,0,0,0,0,0,0,0,0,0,0,0,0,0,0,1,0,0,0,0,0,0,0,0,0,0,0,0,0,0,0,0,0,9,0,0,0,0,0,40,423,0,110,0,0,0,10,1,0,3,0,0,0,7,844,21,533
PRINCE_GEORGE'S_020-012,0,490,0,0,0,11,0,0,0,0,0,0,0,0,0,0,0,0,0,0,0,0,0,0,0,0,0,0,0,0,0,0,0,0,0,0,0,0,0,0,0,0,0,0,0,0,0,0,4,0,0,0,0,0,19,210,0,66,0,0,0,3,0,0,1,0,1,0,2,524,7,276
PRINCE_GEORGE'S_020-013,0,236,0,0,0,4,0,0,0,0,0,0,0,0,0,0,0,0,0,0,0,0,0,0,0,0,0,0,0,0,0,0,0,0,0,0,0,0,0,0,0,0,0,0,0,0,0,0,3,0,0,0,0,0,13,61,0,30,0,0,0,1,0,0,3,0,0,0,3,256,7,91
PRINCE_GEORGE'S_020-014,0,97,0,0,0,2,0,0,0,0,0,0,0,0,0,0,0,0,0,0,0,0,0,0,0,0,0,0,0,0,0,0,0,0,0,0,0,0,0,0,0,0,0,0,0,0,0,0,0,0,0,0,0,0,5,33,0,18,0,0,0,0,0,0,0,0,0,0,3,104,3,51
PRINCE_GEORGE'S_020-015,0,184,0,0,0,1,0,0,0,0,0,0,0,0,0,0,0,0,0,0,0,0,0,0,0,0,0,0,0,0,0,0,0,0,0,0,0,0,0,0,0,0,0,0,0,0,0,0,2,0,0,0,0,0,4,0,0,0,0,0,0,0,0,0,0,0,0,0,0,191,0,0
PRINCE_GEORGE'S_020-016,0,109,0,0,0,0,0,0,0,0,0,0,0,0,0,0,0,0,0,0,0,0,0,0,0,0,0,0,0,0,0,0,0,0,0,0,0,0,0,0,0,0,0,0,0,0,0,0,0,0,0,0,0,0,7,68,0,21,0,0,0,0,0,0,2,0,0,0,0,116,2,89
PRINCE_GEORGE'S_020-017,0,7,0,0,0,0,0,0,0,0,0,0,0,0,0,0,0,0,0,0,0,0,0,0,0,0,0,0,0,0,0,0,0,0,0,0,0,0,0,0,0,0,0,0,0,0,0,0,0,0,0,0,0,0,0,3,0,1,0,0,0,0,0,0,0,0,0,0,0,7,0,4
PRINCE_GEORGE'S_020-018,0,337,0,0,0,5,0,0,0,0,0,0,0,0,0,0,0,0,0,0,0,0,0,0,0,0,0,0,0,0,0,0,0,0,0,0,0,0,0,0,0,0,0,0,0,0,0,0,2,0,0,0,0,0,10,81,0,35,0,0,0,0,0,0,0,0,0,0,1,354,1,116
PRINCE_GEORGE'S_020-019,0,602,0,0,0,6,0,0,0,0,0,0,0,0,0,0,0,0,0,0,0,0,0,0,0,0,0,0,0,0,2,0,0,0,0,0,0,0,0,0,0,0,0,0,0,0,0,0,9,0,0,0,0,0,65,298,0,85,0,0,0,7,0,0,4,1,0,0,13,684,25,383
PRINCE_GEORGE'S_020-020,0,117,0,0,0,0,0,0,0,0,0,0,0,0,0,0,0,0,0,0,0,0,0,0,0,0,0,0,0,0,0,0,0,0,0,0,0,0,0,0,0,0,0,0,0,0,0,0,1,0,0,0,0,0,6,65,0,20,0,0,0,0,0,0,1,0,0,0,0,124,1,85
PRINCE_GEORGE'S_020-021,0,321,0,0,0,3,0,0,0,0,0,0,0,0,0,0,0,0,0,0,0,0,0,0,0,0,0,0,0,0,2,0,0,0,0,0,0,0,0,0,0,0,0,0,0,0,0,0,9,0,0,0,0,0,97,127,1,46,0,0,0,6,0,0,3,0,0,0,34,432,43,174
PRINCE_GEORGE'S_020-097,0,0,0,0,0,0,0,0,0,0,0,0,0,0,0,0,0,0,0,0,0,0,0,0,0,0,0,0,0,0,0,0,0,0,0,0,0,0,0,0,0,0,0,0,0,0,0,0,0,0,0,0,0,0,0,0,0,0,0,0,0,0,0,0,0,0,0,0,0,0,0,0
PRINCE_GEORGE'S_020-098,0,0,0,0,0,0,0,0,0,0,0,0,0,0,0,0,0,0,0,0,0,0,0,0,0,0,0,0,0,0,0,0,0,0,0,0,0,0,0,0,0,0,0,0,0,0,0,0,0,0,0,0,0,0,0,0,0,0,0,0,0,0,0,0,0,0,0,0,0,0,0,0
PRINCE_GEORGE'S_020-099,0,0,0,0,0,0,0,0,0,0,0,0,0,0,0,0,0,0,0,0,0,0,0,0,0,0,0,0,0,0,0,0,0,0,0,0,0,0,0,0,0,0,0,0,0,0,0,0,0,0,0,0,0,0,0,0,0,0,0,0,0,0,0,0,0,0,0,0,0,0,0,0
PRINCE_GEORGE'S_021-001,0,655,0,0,0,27,0,0,0,0,0,1,0,0,0,0,0,0,0,0,0,0,0,0,0,0,0,0,0,0,7,0,0,0,0,0,0,0,0,0,0,0,0,0,0,0,0,0,36,0,0,0,0,0,164,209,1,281,0,3,0,35,0,1,36,1,1,0,44,890,121,491
PRINCE_GEORGE'S_021-002,0,567,0,0,0,18,0,0,0,0,0,0,0,0,0,0,0,0,0,0,0,0,0,0,1,0,0,0,0,0,6,0,0,0,0,0,0,0,0,0,0,0,0,0,0,0,0,0,51,0,0,0,0,0,158,173,1,196,2,0,0,16,0,0,53,1,1,0,41,801,114,370
PRINCE_GEORGE'S_021-003,0,1096,0,0,0,46,0,0,0,0,0,2,0,0,0,0,0,0,0,0,0,0,0,0,0,0,0,0,0,0,12,0,0,0,0,0,0,0,0,0,0,0,0,0,0,0,0,0,33,0,0,0,0,0,179,482,2,416,1,1,0,25,3,2,32,0,1,1,33,1368,99,900
PRINCE_GEORGE'S_021-004,0,587,0,0,0,13,0,0,0,0,0,2,0,0,0,0,0,0,0,0,0,0,0,0,0,0,0,0,0,2,4,0,0,0,0,0,0,0,0,0,0,0,0,0,0,0,0,0,28,0,0,0,0,0,142,173,0,184,2,0,0,23,1,0,16,0,3,0,31,778,76,357
PRINCE_GEORGE'S_021-005,0,617,0,0,0,12,0,0,0,0,0,0,0,0,0,0,0,0,0,0,0,0,0,0,0,0,0,0,0,0,1,0,0,0,0,0,0,0,0,0,0,0,0,0,0,0,0,0,9,0,0,0,0,0,117,268,2,106,0,0,0,7,0,0,16,0,1,1,21,756,46,376
PRINCE_GEORGE'S_021-006,0,825,0,0,0,29,0,0,0,0,0,0,0,0,0,0,0,0,0,0,0,0,0,0,0,0,0,0,0,1,11,0,0,0,1,0,0,0,0,0,0,0,0,0,0,0,0,0,31,0,0,0,0,0,205,388,0,352,2,2,1,35,1,0,45,1,0,0,66,1103,153,740
PRINCE_GEORGE'S_021-007,0,648,0,0,0,22,0,0,0,0,0,1,0,0,0,0,0,0,0,0,0,0,0,0,0,0,0,0,0,0,8,0,0,0,0,0,0,0,0,0,0,0,0,0,0,0,0,0,36,0,0,0,0,0,233,240,1,207,1,2,0,32,0,0,37,0,1,0,59,948,132,448
PRINCE_GEORGE'S_021-008,0,1011,0,0,0,19,0,0,0,0,0,0,0,0,0,0,0,0,0,0,0,0,0,0,0,0,0,0,0,0,0,0,0,0,0,0,0,0,0,0,0,0,0,0,0,0,0,0,7,0,0,0,0,0,39,231,0,135,0,0,0,5,0,0,5,0,0,0,4,1076,14,366
PRINCE_GEORGE'S_021-009,0,309,0,0,0,14,0,0,0,0,0,0,0,0,0,0,0,0,0,0,0,0,0,0,0,0,0,0,0,0,6,0,0,0,0,0,0,0,0,0,0,0,0,0,0,0,0,0,12,0,0,0,0,0,76,150,2,73,1,0,2,10,0,0,13,1,0,1,17,417,45,225
PRINCE_GEORGE'S_021-010,0,612,0,0,0,24,0,0,0,0,0,0,0,0,0,0,0,0,0,0,0,0,0,0,0,0,0,0,1,2,5,0,0,0,0,0,0,0,0,0,0,0,0,0,0,0,0,0,24,0,0,0,0,0,191,218,0,186,0,3,0,35,0,0,24,2,0,0,48,859,112,404
PRINCE_GEORGE'S_021-011,0,897,0,0,0,13,0,0,0,0,0,0,0,0,0,0,0,0,0,0,0,0,0,0,0,0,0,0,0,0,1,0,0,0,0,0,0,0,0,0,0,0,0,0,0,0,0,0,8,0,0,0,0,0,79,386,1,146,2,1,0,9,0,0,9,0,0,0,19,998,40,533
PRINCE_GEORGE'S_021-012,0,166,0,0,0,3,0,0,0,0,0,0,0,0,0,0,0,0,0,0,0,0,0,0,0,0,0,0,0,0,4,0,0,0,0,0,0,0,0,0,0,0,0,0,0,0,0,0,6,0,0,0,0,0,54,94,0,62,0,0,0,13,0,0,14,0,0,0,16,233,43,156
PRINCE_GEORGE'S_021-013,0,978,0,0,0,19,0,0,0,0,0,0,0,0,0,0,0,0,0,0,0,0,0,0,0,0,0,0,0,0,2,0,0,0,0,0,0,0,0,0,0,0,0,0,0,0,0,0,17,0,0,0,0,0,79,436,0,218,1,4,0,9,0,0,15,0,0,0,18,1095,47,654
PRINCE_GEORGE'S_021-014,0,490,0,0,0,14,0,0,0,0,0,0,0,0,0,0,0,0,0,0,0,0,0,0,0,0,0,0,0,0,6,0,0,0,0,0,0,0,0,0,0,0,0,0,0,0,0,0,9,0,0,0,0,0,105,216,0,119,2,1,0,19,0,0,9,0,0,1,21,624,53,335
PRINCE_GEORGE'S_021-015,0,377,0,0,0,16,0,0,0,0,0,0,0,0,0,0,0,0,0,0,0,0,0,0,0,0,0,0,0,0,6,0,0,0,0,0,0,0,0,0,0,0,0,0,0,0,0,0,13,0,0,0,0,0,105,151,1,132,0,0,0,20,0,0,21,0,0,0,13,517,54,284
PRINCE_GEORGE'S_021-016,0,602,0,0,0,14,0,0,0,0,0,0,0,0,0,0,0,0,0,0,0,0,0,0,0,0,0,0,0,0,1,0,0,0,0,0,0,0,0,0,0,0,0,0,0,0,0,0,5,0,0,0,0,0,69,313,0,105,0,2,0,7,0,0,8,0,0,0,13,691,30,418
PRINCE_GEORGE'S_021-017,0,1202,0,0,0,30,0,0,0,0,0,0,0,0,0,0,0,0,0,0,0,0,0,0,1,0,0,0,0,0,16,0,0,0,0,0,0,0,0,0,0,0,0,0,0,0,0,0,63,0,0,0,0,0,138,116,0,426,1,0,0,14,0,0,59,1,1,0,17,1450,93,542
PRINCE_GEORGE'S_021-018,0,891,0,0,0,11,0,0,0,0,0,0,0,0,0,0,0,0,0,0,0,0,0,0,0,0,0,0,0,0,0,0,0,0,0,0,0,0,0,0,0,0,0,0,0,0,0,0,9,0,0,0,0,0,73,441,1,179,0,0,0,8,0,0,11,0,0,0,17,984,36,621
PRINCE_GEORGE'S_021-019,0,6,0,0,0,0,0,0,0,0,0,0,0,0,0,0,0,0,0,0,0,0,0,0,0,0,0,0,0,0,0,0,0,0,0,0,0,0,0,0,0,0,0,0,0,0,0,0,0,0,0,0,0,0,5,1,0,0,0,0,0,0,0,0,0,0,0,0,0,11,0,1
PRINCE_GEORGE'S_021-091,0,0,0,0,0,0,0,0,0,0,0,0,0,0,0,0,0,0,0,0,0,0,0,0,0,0,0,0,0,0,0,0,0,0,0,0,0,0,0,0,0,0,0,0,0,0,0,0,0,0,0,0,0,0,0,0,0,0,0,0,0,0,0,0,0,0,0,0,0,0,0,0
PRINCE_GEORGE'S_021-092,0,0,0,0,0,0,0,0,0,0,0,0,0,0,0,0,0,0,0,0,0,0,0,0,0,0,0,0,0,0,0,0,0,0,0,0,0,0,0,0,0,0,0,0,0,0,0,0,0,0,0,0,0,0,0,0,0,0,0,0,0,0,0,0,0,0,0,0,0,0,0,0
PRINCE_GEORGE'S_021-093,0,0,0,0,0,0,0,0,0,0,0,0,0,0,0,0,0,0,0,0,0,0,0,0,0,0,0,0,0,0,0,0,0,0,0,0,0,0,0,0,0,0,0,0,0,0,0,0,0,0,0,0,0,0,0,0,0,0,0,0,0,0,0,0,0,0,0,0,0,0,0,0
PRINCE_GEORGE'S_021-094,0,0,0,0,0,0,0,0,0,0,0,0,0,0,0,0,0,0,0,0,0,0,0,0,0,0,0,0,0,0,0,0,0,0,0,0,0,0,0,0,0,0,0,0,0,0,0,0,0,0,0,0,0,0,0,0,0,0,0,0,0,0,0,0,0,0,0,0,0,0,0,0
PRINCE_GEORGE'S_021-095,0,0,0,0,0,0,0,0,0,0,0,0,0,0,0,0,0,0,0,0,0,0,0,0,0,0,0,0,0,0,0,0,0,0,0,0,0,0,0,0,0,0,0,0,0,0,0,0,0,0,0,0,0,0,0,0,0,0,0,0,0,0,0,0,0,0,0,0,0,0,0,0
PRINCE_GEORGE'S_021-096,0,0,0,0,0,0,0,0,0,0,0,0,0,0,0,0,0,0,0,0,0,0,0,0,0,0,0,0,0,0,0,0,0,0,0,0,0,0,0,0,0,0,0,0,0,0,0,0,0,0,0,0,0,0,0,0,0,0,0,0,0,0,0,0,0,0,0,0,0,0,0,0
PRINCE_GEORGE'S_021-097,0,0,0,0,0,0,0,0,0,0,0,0,0,0,0,0,0,0,0,0,0,0,0,0,0,0,0,0,0,0,0,0,0,0,0,0,0,0,0,0,0,0,0,0,0,0,0,0,0,0,0,0,0,0,0,0,0,0,0,0,0,0,0,0,0,0,0,0,0,0,0,0
PRINCE_GEORGE'S_021-098,0,0,0,0,0,0,0,0,0,0,0,0,0,0,0,0,0,0,0,0,0,0,0,0,0,0,0,0,0,0,0,0,0,0,0,0,0,0,0,0,0,0,0,0,0,0,0,0,0,0,0,0,0,0,0,0,0,0,0,0,0,0,0,0,0,0,0,0,0,0,0,0
PRINCE_GEORGE'S_021-099,0,0,0,0,0,0,0,0,0,0,0,0,0,0,0,0,0,0,0,0,0,0,0,0,0,0,0,0,0,0,0,0,0,0,0,0,0,0,0,0,0,0,0,0,0,0,0,0,0,0,0,0,0,0,0,0,0,0,0,0,0,0,0,0,0,0,0,0,0,0,0,0
QUEEN_ANNE'S_001-001,0,150,0,0,0,7,0,0,0,0,0,0,0,0,0,0,0,0,0,0,0,0,0,0,0,0,0,0,0,0,1,0,0,0,0,0,0,0,0,0,0,0,0,0,0,0,0,0,25,0,0,0,0,0,691,62,1,49,3,4,0,57,0,0,27,0,2,0,224,874,317,112
QUEEN_ANNE'S_002-001,0,370,0,0,0,14,0,0,0,0,0,2,0,0,0,0,0,0,0,0,0,0,0,0,0,0,0,0,0,0,1,0,0,0,0,0,0,0,0,0,0,0,0,0,0,0,0,0,71,0,0,0,0,0,989,173,0,147,5,11,0,89,0,0,101,1,4,1,351,1447,563,320
QUEEN_ANNE'S_003-001,0,207,0,0,0,17,0,0,0,0,0,0,0,0,0,0,0,0,0,0,0,0,0,0,0,0,0,0,0,0,5,0,0,0,0,0,0,0,0,0,0,0,0,0,0,0,0,0,30,0,0,0,0,0,524,110,4,68,2,4,3,58,0,1,63,0,2,0,246,783,379,182
QUEEN_ANNE'S_003-002,0,338,0,0,0,19,0,0,0,0,0,0,0,0,0,0,0,0,0,0,0,0,0,0,0,0,0,0,0,0,1,0,0,0,0,0,0,0,0,0,0,0,0,0,0,0,0,0,50,0,0,0,0,0,1012,142,3,128,2,11,3,97,0,0,108,1,4,0,395,1420,621,273
QUEEN_ANNE'S_004-001,0,299,0,0,0,23,0,0,0,0,0,0,0,0,0,0,0,0,0,0,0,0,0,0,0,0,0,0,0,0,5,0,0,0,0,0,0,0,0,0,0,0,0,0,0,0,0,0,37,0,0,0,0,0,804,110,3,132,2,7,1,74,2,0,98,2,8,0,315,1168,509,245
QUEEN_ANNE'S_004-002,0,433,0,0,0,17,0,0,0,0,0,0,0,0,0,0,0,0,0,0,0,0,0,0,0,0,0,0,0,0,4,0,0,0,0,0,0,0,0,0,0,0,0,0,0,0,0,0,78,0,0,0,0,0,1003,173,3,160,3,8,0,88,1,0,144,4,3,0,491,1535,742,336
QUEEN_ANNE'S_004-003,0,358,0,0,0,17,0,0,0,0,0,0,0,0,0,0,0,0,0,0,0,0,0,0,0,0,0,0,0,0,7,0,0,0,0,0,0,0,0,0,0,0,0,0,0,0,0,0,66,0,0,0,0,0,1103,162,2,157,2,6,2,101,0,0,113,1,3,0,518,1551,746,321
QUEEN_ANNE'S_004-006,0,248,0,0,0,16,0,0,0,0,0,0,0,0,0,0,0,0,0,0,0,0,0,0,0,0,0,0,0,0,7,0,0,0,0,0,0,0,0,0,0,0,0,0,0,0,0,0,35,0,0,0,1,0,827,131,2,102,2,9,1,86,0,1,84,0,0,0,316,1134,499,235
QUEEN_ANNE'S_005-001,0,211,0,0,0,9,0,0,0,0,0,0,0,0,0,0,0,0,0,0,0,0,0,0,0,0,0,0,0,0,2,0,0,0,0,0,0,0,0,0,0,0,0,0,0,0,0,0,29,0,0,0,0,0,511,80,0,61,1,6,1,19,0,0,62,0,1,1,212,762,303,141
QUEEN_ANNE'S_005-002,0,563,0,0,0,15,0,0,0,0,0,0,0,0,0,0,0,0,0,0,0,0,0,0,0,0,0,0,0,0,5,0,0,0,0,0,0,0,0,0,0,0,0,0,0,0,0,0,73,0,0,0,0,0,1185,236,2,148,1,10,1,113,2,0,150,1,2,0,544,1841,824,386
QUEEN_ANNE'S_006-001,1,91,0,0,0,5,0,0,0,0,0,0,0,0,0,0,0,0,0,0,0,0,0,0,0,0,0,0,0,0,4,0,0,0,0,0,0,0,0,0,0,0,0,0,0,0,0,0,16,0,0,0,0,0,491,39,2,48,0,2,1,52,0,0,35,1,0,0,217,608,308,89
QUEEN_ANNE'S_007-001,0,338,0,0,0,7,0,0,0,0,0,0,0,0,0,0,0,0,0,0,0,0,0,0,0,0,0,0,0,0,2,0,0,0,0,0,0,0,0,0,0,0,0,0,0,0,0,0,30,0,0,0,0,0,613,114,2,85,2,6,2,54,0,1,33,0,2,0,202,990,302,201
SOMERSET_001-001,0,111,0,0,0,5,0,0,0,0,0,0,0,0,0,0,0,0,0,0,0,0,0,0,0,0,0,0,0,0,0,0,0,0,0,0,0,0,0,0,0,0,0,0,0,0,0,0,5,0,0,0,0,0,145,53,0,28,0,0,0,6,0,0,7,0,0,0,60,266,73,81
SOMERSET_001-002,0,329,0,0,0,4,0,0,0,0,0,0,0,0,0,0,0,0,0,0,0,0,0,0,0,0,0,0,0,0,3,0,0,0,0,0,0,0,0,0,0,0,0,0,0,0,0,0,10,0,0,0,0,0,265,133,1,55,0,1,0,33,1,0,15,0,1,0,104,611,155,189
SOMERSET_001-003,0,100,0,0,0,2,0,0,0,0,0,0,0,0,0,0,0,0,0,0,0,0,0,0,0,0,0,0,0,0,0,0,0,0,0,0,0,0,0,0,0,0,0,0,0,0,0,0,3,0,0,0,0,0,30,31,0,9,0,0,0,5,1,0,0,0,0,0,14,135,20,40
SOMERSET_002-001,0,25,0,0,0,0,0,0,0,0,0,0,0,0,0,0,0,0,0,0,0,0,0,0,0,0,0,0,0,0,0,0,0,0,0,0,0,0,0,0,0,0,0,0,0,0,0,0,2,0,0,0,0,0,110,15,1,21,0,1,0,10,0,0,9,0,0,0,31,137,51,37
SOMERSET_003-001,0,154,0,0,0,2,0,0,0,0,0,2,0,0,0,0,0,0,0,0,0,0,0,0,0,0,0,0,0,0,0,0,0,0,0,0,0,0,0,0,0,0,0,0,0,0,0,0,12,0,0,0,0,0,386,59,2,34,1,2,0,42,0,0,24,0,1,0,150,556,220,95
SOMERSET_004-001,0,94,0,0,0,1,0,0,0,0,0,0,0,0,0,0,0,0,0,0,0,0,0,0,0,0,0,0,0,0,1,0,0,0,0,0,0,0,0,0,0,0,0,0,0,0,0,0,9,0,0,0,0,0,253,40,0,15,1,1,0,24,0,0,11,0,0,0,103,358,140,55
SOMERSET_005-001,0,92,0,0,0,3,0,0,0,0,0,0,0,0,0,0,0,0,0,0,0,0,0,0,0,0,0,0,0,0,1,0,0,0,0,0,0,0,0,0,0,0,0,0,0,0,0,0,8,0,0,0,0,0,260,46,2,27,1,5,0,31,0,0,13,0,0,1,115,364,166,75
SOMERSET_006-001,0,85,0,0,0,4,0,0,0,0,0,0,0,0,0,0,0,0,0,0,0,0,0,0,0,0,0,0,0,0,0,0,0,0,0,0,0,0,0,0,0,0,0,0,0,0,0,0,1,0,0,0,0,0,119,41,0,14,0,3,0,11,0,0,4,0,0,0,44,209,62,55
SOMERSET_007-001,0,375,0,0,0,5,0,0,0,0,0,0,0,0,0,0,0,0,0,0,0,0,0,0,0,0,0,0,0,0,7,0,0,0,0,0,0,0,0,0,0,0,0,0,0,0,0,0,15,0,0,0,0,0,433,135,3,43,1,4,1,31,0,1,19,0,2,0,186,835,245,181
SOMERSET_008-001,0,160,0,0,0,1,0,0,0,0,0,0,0,0,0,0,0,0,0,0,0,0,0,0,0,0,0,0,0,0,4,0,0,0,0,0,0,0,0,0,0,0,0,0,0,0,0,0,10,0,0,0,0,0,546,60,2,31,0,3,2,56,0,0,31,0,0,0,203,721,295,93
SOMERSET_008-002,0,43,0,0,0,0,0,0,0,0,0,0,0,0,0,0,0,0,0,0,0,0,0,0,0,0,0,0,0,0,0,0,0,0,0,0,0,0,0,0,0,0,0,0,0,0,0,0,0,0,0,0,0,0,197,18,0,9,0,3,0,19,0,0,5,0,0,0,74,240,101,27
SOMERSET_009-001,0,44,0,0,0,1,0,0,0,0,0,0,0,0,0,0,0,0,0,0,0,0,0,0,0,0,0,0,0,0,0,0,0,0,0,0,0,0,0,0,0,0,0,0,0,0,0,0,9,0,0,0,0,0,91,15,0,11,1,2,0,7,0,0,5,0,0,0,34,145,49,26
SOMERSET_010-001,0,31,0,0,0,0,0,0,0,0,0,0,0,0,0,0,0,0,0,0,0,0,0,0,0,0,0,0,0,0,0,0,0,0,0,0,0,0,0,0,0,0,0,0,0,0,0,0,1,0,0,0,0,0,42,13,0,10,0,0,0,1,0,0,5,0,0,0,20,74,26,23
SOMERSET_010-002,0,3,0,0,0,0,0,0,0,0,0,0,0,0,0,0,0,0,0,0,0,0,0,0,0,0,0,0,0,0,0,0,0,0,0,0,0,0,0,0,0,0,0,0,0,0,0,0,0,0,0,0,0,0,23,2,0,3,0,3,0,1,0,0,0,0,0,0,7,26,11,5
SOMERSET_011-001,0,12,0,0,0,0,0,0,0,0,0,1,0,0,0,0,0,0,0,0,0,0,0,0,0,0,0,0,0,0,0,0,0,0,0,0,0,0,0,0,0,0,0,0,0,0,0,0,2,0,0,0,0,0,56,4,0,3,0,1,0,14,0,1,3,0,0,0,8,71,27,7
SOMERSET_012-001,0,75,0,0,0,1,0,0,0,0,0,2,0,0,0,0,0,0,0,0,0,0,0,0,0,0,0,0,0,0,0,0,0,0,0,0,0,0,0,0,0,0,0,0,0,0,0,0,11,0,0,0,0,0,262,28,0,25,0,3,1,22,0,0,5,0,0,0,78,351,109,53
SOMERSET_013-001,0,13,0,0,0,1,0,0,0,0,0,0,0,0,0,0,0,0,0,0,0,0,0,0,0,0,0,0,0,0,0,0,0,0,0,0,0,0,0,0,0,0,0,0,0,0,0,0,0,0,0,0,0,0,54,6,0,0,0,1,0,1,0,0,4,0,0,0,20,68,26,6
SOMERSET_013-002,0,48,0,0,0,0,0,0,0,0,0,0,0,0,0,0,0,0,0,0,0,0,0,0,0,0,0,0,0,0,0,0,0,0,0,0,0,0,0,0,0,0,0,0,0,0,0,0,6,0,0,0,0,0,83,17,0,6,0,0,0,13,0,0,5,0,0,0,42,137,60,23
SOMERSET_013-003,0,31,0,0,0,1,0,0,0,0,0,0,0,0,0,0,0,0,0,0,0,0,0,0,0,0,0,0,0,0,1,0,0,0,0,0,0,0,0,0,0,0,0,0,0,0,0,0,5,0,0,0,0,0,58,13,0,5,0,2,0,14,0,0,3,0,0,0,25,96,44,18
SOMERSET_014-001,0,36,0,0,0,0,0,0,0,0,0,0,0,0,0,0,0,0,0,0,0,0,0,0,0,0,0,0,0,0,0,0,0,0,0,0,0,0,0,0,0,0,0,0,0,0,0,0,2,0,0,0,0,0,154,22,2,19,0,1,0,14,0,0,12,0,0,0,50,192,77,43
SOMERSET_015-001,0,160,0,0,0,0,0,0,0,0,0,0,0,0,0,0,0,0,0,0,0,0,0,0,0,0,0,0,0,0,0,0,0,0,0,0,0,0,0,0,0,0,0,0,0,0,0,0,8,0,0,0,0,0,126,35,0,16,0,1,0,8,0,0,5,0,2,0,47,294,63,51
SOMERSET_015-002,0,230,0,0,0,3,0,0,0,0,0,0,0,0,0,0,0,0,0,0,0,0,0,0,0,0,0,0,0,0,1,0,0,0,0,0,0,0,0,0,0,0,0,0,0,0,0,0,7,0,0,0,0,0,57,81,1,30,0,1,0,7,0,0,6,0,0,0,29,298,43,112
SOMERSET_015-003,0,30,0,0,0,1,0,0,0,0,0,0,0,0,0,0,0,0,0,0,0,0,0,0,0,0,0,0,0,0,0,0,0,0,0,0,0,0,0,0,0,0,0,0,0,0,0,0,1,0,0,0,0,0,15,9,0,1,0,0,0,0,0,0,0,0,0,0,10,47,10,10
ST._MARY'S_001-001,0,435,0,0,0,16,0,0,0,0,0,1,0,0,0,0,0,0,0,0,0,0,0,0,0,0,0,0,0,0,8,0,0,0,0,0,0,0,0,0,0,0,0,0,0,0,0,0,61,0,0,0,0,0,699,198,3,154,5,5,1,97,0,0,81,7,0,2,187,1220,385,355
ST._MARY'S_001-002,0,264,0,0,0,12,0,0,0,0,0,0,0,0,0,0,0,0,0,0,0,0,0,0,0,0,0,0,0,0,5,0,0,0,0,0,0,0,0,0,0,0,0,0,0,0,0,0,39,0,0,0,0,0,610,114,0,103,3,2,1,63,0,0,43,0,2,2,135,930,251,217
ST._MARY'S_002-001,0,336,0,0,0,7,0,0,0,0,0,0,0,0,0,0,0,0,0,0,0,0,0,0,0,0,0,0,0,2,5,0,0,0,0,0,0,0,0,0,0,0,0,0,0,0,0,0,62,0,0,0,0,0,772,122,2,100,2,4,1,80,0,2,64,2,4,0,260,1184,419,224
ST._MARY'S_002-002,0,252,0,0,0,14,0,0,0,0,0,0,0,0,0,0,0,0,0,0,0,0,0,0,0,0,0,0,0,0,1,0,0,0,0,0,0,0,0,0,0,0,0,0,0,0,0,0,40,0,0,0,0,0,473,105,5,82,3,2,1,38,1,1,60,1,1,0,160,780,268,192
ST._MARY'S_002-003,0,110,0,0,0,6,0,0,0,0,0,0,0,0,0,0,0,0,0,0,0,0,0,0,0,0,0,0,0,0,2,0,0,0,0,0,0,0,0,0,0,0,0,0,0,0,0,0,8,0,0,0,0,0,281,48,2,45,1,1,2,37,0,2,40,1,0,0,77,407,161,95
ST._MARY'S_002-004,0,84,0,0,0,2,0,0,0,0,0,0,0,0,0,0,0,0,0,0,0,0,0,0,0,0,0,0,0,0,0,0,0,0,0,0,0,0,0,0,0,0,0,0,0,0,0,0,13,0,0,0,0,0,185,36,0,25,1,3,0,21,0,0,31,0,0,0,65,284,121,61
ST._MARY'S_003-001,0,291,0,0,0,14,0,0,0,0,0,5,0,0,0,0,0,0,0,0,0,0,0,0,0,0,0,0,0,3,10,0,0,0,0,0,0,0,0,0,0,0,0,0,0,0,0,0,40,0,0,0,0,0,490,99,2,97,3,4,0,72,2,2,73,1,3,1,153,853,314,198
ST._MARY'S_003-002,0,382,0,0,0,10,0,0,0,0,0,0,0,0,0,0,0,0,0,0,0,0,0,0,0,0,0,0,0,1,1,0,0,0,0,0,0,0,0,0,0,0,0,0,0,0,0,0,39,0,0,0,0,0,647,168,3,98,2,2,2,62,0,1,55,3,3,1,167,1080,298,269
ST._MARY'S_003-003,0,226,0,0,0,12,0,0,0,0,0,3,0,0,0,0,0,0,0,0,0,0,0,0,0,0,0,0,0,2,2,0,0,0,0,0,0,0,0,0,0,0,0,0,0,0,0,0,61,0,0,0,0,0,606,92,2,96,3,5,1,95,0,0,80,2,5,0,201,912,392,190
ST._MARY'S_003-004,0,233,0,0,0,6,0,0,0,0,0,2,0,0,0,0,0,0,0,0,0,0,0,0,0,0,0,0,0,0,7,0,0,0,0,0,0,0,0,0,0,0,0,0,0,0,0,0,38,0,0,1,0,0,496,96,1,94,4,2,0,67,1,0,82,1,3,0,166,783,326,191
ST._MARY'S_003-005,0,220,0,0,0,8,1,0,0,0,0,2,0,0,0,0,0,0,0,0,0,0,0,0,0,0,0,0,0,2,3,0,0,0,0,0,0,0,0,0,0,0,0,0,0,0,0,0,33,0,0,0,0,0,514,64,3,64,1,8,1,60,2,1,59,0,4,0,168,783,304,131
ST._MARY'S_003-006,0,198,0,0,0,7,0,0,0,0,0,1,0,0,0,0,0,0,0,0,0,0,0,0,0,0,0,0,0,0,11,0,0,0,0,0,0,0,0,0,0,0,0,0,0,0,0,0,45,0,0,0,0,0,309,48,1,54,3,5,0,73,1,0,54,1,2,1,77,571,217,103
ST._MARY'S_004-001,0,346,0,0,0,10,0,0,0,0,0,2,0,0,0,0,0,0,0,0,0,0,0,0,0,0,0,0,0,0,5,0,0,0,0,0,0,0,0,0,0,0,0,0,0,0,0,0,42,0,0,0,0,0,995,129,1,76,2,8,0,85,1,5,51,2,2,0,277,1400,433,206
ST._MARY'S_004-002,0,210,0,0,0,12,0,0,0,0,0,0,0,0,0,0,0,0,0,0,0,0,0,0,0,0,0,0,0,0,2,0,0,0,0,0,0,0,0,0,0,0,0,0,0,0,0,0,31,0,0,0,0,0,682,91,3,54,2,3,0,69,0,1,25,1,1,1,162,937,265,148
ST._MARY'S_004-003,0,315,0,0,0,22,0,0,0,0,0,0,0,0,0,0,0,0,0,0,0,0,0,0,0,0,0,0,0,0,2,0,0,0,0,0,0,0,0,0,0,0,0,0,0,0,0,0,33,0,0,0,0,0,858,145,3,95,2,7,0,49,3,0,40,0,1,0,253,1230,355,243
ST._MARY'S_005-001,0,384,0,0,0,8,0,0,0,0,0,0,0,0,0,0,0,0,0,0,0,0,0,0,1,0,0,0,0,0,1,0,0,0,0,0,0,0,0,0,0,0,0,0,0,0,0,0,47,0,0,0,0,0,1069,153,0,90,0,12,1,75,1,1,57,1,4,1,303,1510,456,243
ST._MARY'S_005-002,0,332,0,0,0,10,0,0,0,0,0,0,0,0,0,0,0,0,0,0,0,0,0,0,0,0,0,0,0,0,4,0,0,0,0,0,0,0,0,0,0,0,0,0,0,0,0,0,36,0,0,0,0,0,944,131,1,95,1,5,0,74,1,2,56,1,1,1,283,1326,425,227
ST._MARY'S_005-003,0,229,0,0,0,11,0,0,0,0,0,0,0,0,0,0,0,0,0,0,0,0,0,0,0,0,0,0,0,0,5,0,0,0,0,0,0,0,0,0,0,0,0,0,0,0,0,0,48,0,0,0,0,0,944,93,2,67,2,7,0,93,2,1,39,3,2,1,327,1237,477,162
ST._MARY'S_006-001,0,155,0,0,0,7,0,0,0,0,0,0,0,0,0,0,0,0,0,0,0,0,0,0,0,0,0,0,0,0,2,0,0,0,0,0,0,0,0,0,0,0,0,0,0,0,0,0,34,0,0,0,0,0,425,85,2,62,0,2,0,55,1,0,54,1,1,0,127,623,241,149
ST._MARY'S_006-002,0,191,0,0,0,10,0,0,0,0,0,0,0,0,0,0,0,0,0,0,0,0,0,0,0,0,0,0,0,0,1,0,0,0,0,0,0,0,0,0,0,0,0,0,0,0,0,0,32,0,0,0,0,0,765,63,1,73,2,6,0,82,0,1,51,1,0,0,250,999,393,137
ST._MARY'S_006-003,0,294,0,0,0,14,0,0,0,0,0,1,0,0,0,0,0,0,0,0,0,0,0,0,0,0,0,0,0,0,8,0,0,0,0,0,0,0,0,0,0,0,0,0,0,0,0,0,74,0,0,0,0,1,948,100,2,121,3,4,2,97,1,1,116,0,2,0,294,1340,520,223
ST._MARY'S_006-004,0,187,0,0,0,7,0,0,0,0,0,3,0,0,0,0,0,0,0,0,0,0,0,0,0,0,0,0,0,1,3,0,0,0,0,0,0,0,0,0,0,0,0,0,0,0,0,0,15,0,0,0,0,0,529,91,3,52,2,2,0,53,1,0,42,0,0,0,197,745,297,146
ST._MARY'S_007-001,0,371,0,0,0,5,0,0,0,0,0,0,0,0,0,0,0,0,0,0,0,0,0,0,0,0,0,0,0,0,2,0,0,0,0,0,0,0,0,0,0,0,0,0,0,0,0,0,32,0,0,0,0,0,820,188,0,116,0,4,1,67,1,1,32,0,0,1,171,1230,278,304
ST._MARY'S_008-001,0,611,0,0,0,12,0,0,0,0,0,0,0,0,0,0,0,0,0,0,0,0,0,0,0,0,0,0,0,0,5,0,0,0,0,0,0,0,0,0,0,0,0,0,0,0,0,0,70,0,0,0,0,0,469,158,0,92,2,1,2,51,0,2,47,3,3,0,129,1167,240,250
ST._MARY'S_008-002,0,204,0,0,0,10,0,0,0,0,0,0,0,0,0,0,0,0,0,0,0,0,0,0,0,0,0,0,0,0,3,0,0,0,0,0,0,0,0,0,0,0,0,0,0,0,0,0,36,0,0,0,0,0,475,75,3,53,1,2,1,59,0,3,66,0,2,0,153,728,287,131
ST._MARY'S_008-003,0,481,0,0,0,20,0,0,0,0,0,0,0,0,0,0,0,0,0,0,0,0,0,0,0,0,0,0,0,3,11,0,0,0,0,0,0,0,0,0,0,0,0,0,0,0,0,0,88,0,0,0,0,0,559,150,4,149,4,14,2,99,2,2,60,0,5,0,150,1162,338,303
ST._MARY'S_008-004,0,614,0,0,0,19,0,0,0,0,0,3,0,0,0,0,0,0,0,0,0,0,0,0,0,0,0,0,0,0,12,0,0,0,0,0,0,0,0,0,0,0,0,0,0,0,0,0,91,0,0,0,0,0,639,176,0,140,3,5,1,100,2,3,73,0,8,1,175,1378,371,316
ST._MARY'S_008-005,0,320,0,0,0,13,0,0,0,0,0,0,0,0,0,0,1,0,0,0,0,0,0,0,0,0,0,0,0,0,9,0,0,0,0,0,0,0,0,0,0,0,0,0,0,0,0,0,76,0,0,0,1,0,531,97,0,106,6,4,2,93,0,2,100,2,2,1,154,951,366,203
ST._MARY'S_008-006,0,231,0,0,0,4,0,0,0,0,0,2,0,0,0,0,0,0,0,0,0,0,0,0,0,0,0,0,0,0,4,0,0,0,0,0,0,0,0,0,0,0,0,0,0,0,0,0,44,0,0,0,0,0,423,85,2,89,1,6,1,70,2,4,72,1,2,1,121,708,281,176
ST._MARY'S_008-007,0,528,0,0,0,7,0,0,0,0,0,0,0,0,0,0,0,0,0,0,0,0,0,0,0,0,0,0,0,0,2,0,0,0,0,0,0,0,0,0,0,0,0,0,0,0,0,0,45,0,1,0,0,0,384,197,0,81,1,8,0,75,0,1,32,3,1,0,96,967,217,278
ST._MARY'S_008-008,0,105,0,0,0,2,0,0,0,0,0,0,0,0,0,0,0,0,0,0,0,0,0,0,0,0,0,0,0,0,3,0,0,0,0,0,0,0,0,0,0,0,0,0,0,0,0,0,18,0,0,0,0,0,121,32,0,41,1,1,0,12,0,0,14,0,2,0,31,249,61,73
ST._MARY'S_008-009,0,786,0,0,0,15,0,0,0,0,0,1,0,0,0,0,0,0,0,0,0,0,0,0,0,0,0,0,0,0,3,0,0,0,0,0,0,0,0,0,0,0,0,0,0,0,0,0,56,0,0,0,0,0,403,199,2,130,6,2,0,49,0,2,24,1,3,2,89,1264,178,331
ST._MARY'S_008-010,0,213,0,0,0,7,0,0,0,0,0,0,0,0,0,0,0,0,0,0,0,0,0,0,0,0,0,0,0,0,2,0,0,0,0,0,0,0,0,0,0,0,0,0,0,0,0,0,26,0,0,0,0,0,170,51,0,35,1,1,0,27,0,1,24,3,2,0,53,418,112,86
ST._MARY'S_008-011,0,333,0,0,0,9,0,0,0,0,0,0,0,0,0,0,0,0,1,0,0,0,0,0,0,0,0,0,0,0,9,0,0,0,0,0,0,0,0,0,0,0,0,0,0,0,0,0,67,0,0,0,0,0,384,98,0,68,0,3,0,54,0,0,47,0,3,1,109,803,217,166
ST._MARY'S_008-012,0,42,0,0,0,2,0,0,0,0,0,0,0,0,0,0,0,0,0,0,0,0,0,0,0,0,0,0,0,0,1,0,0,0,0,0,0,0,0,0,0,0,0,0,0,0,0,0,15,0,0,0,0,0,136,16,1,15,0,0,0,22,0,2,8,0,0,1,38,196,71,32
ST._MARY'S_009-001,0,48,0,0,0,0,0,0,0,0,0,0,0,0,0,0,0,0,0,0,0,0,0,0,0,0,0,0,0,0,0,0,0,0,0,0,0,0,0,0,0,0,0,0,0,0,0,0,0,0,0,0,0,0,71,24,0,10,0,0,0,2,0,0,3,0,0,0,22,119,27,34
TALBOT_001-001,0,399,0,0,0,14,0,0,0,0,0,0,0,0,0,0,0,0,0,0,0,0,0,0,0,0,0,0,0,0,4,0,0,0,0,0,0,0,0,0,0,0,0,0,0,0,0,0,38,0,0,0,0,0,523,241,1,95,2,6,2,58,2,0,184,4,3,0,263,978,524,337
TALBOT_001-002,0,589,0,0,0,26,0,0,0,0,0,0,0,0,0,0,0,0,0,0,0,0,0,0,0,0,0,0,0,0,5,0,0,0,0,0,0,0,0,0,0,0,0,0,0,0,0,0,79,0,0,0,0,0,715,226,1,221,3,8,1,100,0,0,138,2,7,0,278,1414,537,448
TALBOT_001-003,0,405,0,0,0,18,0,0,0,0,0,0,0,0,0,0,0,0,0,0,0,0,0,0,1,0,0,0,0,0,4,0,0,0,0,0,0,0,0,0,0,0,0,0,0,0,0,0,37,0,0,0,0,0,422,148,0,130,1,5,0,40,0,1,65,0,2,0,180,887,294,278
TALBOT_001-005,0,285,0,0,0,13,0,0,0,0,0,0,0,0,0,0,0,0,0,0,0,0,0,0,0,0,0,0,0,0,4,0,0,0,0,0,0,0,0,0,0,0,0,0,0,0,0,0,49,0,0,0,0,0,665,133,1,96,0,6,1,68,0,0,88,1,6,1,251,1016,422,230
TALBOT_002-001,0,358,0,0,0,9,0,0,0,0,0,0,0,0,0,0,0,0,0,0,0,0,0,0,0,0,0,0,0,0,2,0,0,0,0,0,0,0,0,0,0,0,0,0,0,0,0,0,13,0,0,0,0,0,483,185,2,95,2,1,0,54,0,0,98,1,2,0,187,865,345,282
TALBOT_002-002,0,103,0,0,0,4,0,0,0,0,0,0,0,0,0,0,0,0,0,0,0,0,0,0,0,0,0,0,0,0,1,0,0,0,0,0,0,0,0,0,0,0,0,0,0,0,0,0,8,0,0,0,0,0,207,42,1,29,0,2,0,19,0,1,45,0,1,0,77,323,145,72
TALBOT_002-003,0,186,0,0,0,5,0,0,0,0,0,0,0,0,0,0,0,0,0,0,0,0,0,0,0,0,0,0,0,0,2,0,0,0,0,0,0,0,0,0,0,0,0,0,0,0,0,0,18,0,0,0,0,0,300,78,2,59,1,2,1,34,1,0,68,0,1,0,136,511,244,139
TALBOT_003-001,0,320,0,0,0,16,0,0,0,0,0,0,0,0,0,0,0,1,0,0,0,0,0,0,0,0,0,0,0,0,1,0,0,0,0,0,0,0,0,0,0,0,0,0,0,0,0,0,41,0,0,0,0,0,643,139,1,67,1,12,0,45,0,1,103,2,3,0,256,1022,423,207
TALBOT_003-003,0,219,0,0,0,3,0,0,0,0,0,0,0,0,0,0,0,0,0,0,0,0,0,0,0,0,0,0,0,0,2,0,0,0,0,0,0,0,0,0,0,0,0,0,0,0,0,0,19,0,0,0,0,0,264,101,0,39,3,2,1,26,1,0,88,1,2,0,102,507,226,140
TALBOT_004-001,0,291,0,0,0,13,0,0,0,0,0,0,0,0,0,0,0,0,0,0,0,0,0,0,0,0,0,0,0,0,7,0,0,0,0,0,0,0,0,0,0,0,0,0,0,0,0,0,48,0,0,0,0,0,1009,117,5,110,4,5,1,92,0,0,66,1,1,1,363,1368,534,232
TALBOT_005-001,0,161,0,0,0,4,0,0,0,0,0,0,0,0,0,0,0,0,0,0,0,0,0,0,0,0,0,0,0,0,0,0,0,0,0,0,0,0,0,0,0,0,0,0,0,0,0,0,14,0,0,0,0,0,216,93,0,54,2,0,0,15,0,0,28,0,0,0,69,395,114,147
TALBOT_005-002,0,99,0,0,0,5,0,0,0,0,0,0,0,0,0,0,0,0,0,0,0,0,0,0,0,0,0,0,0,0,0,0,0,0,0,0,0,0,0,0,0,0,0,0,0,0,0,0,16,0,0,0,0,0,286,58,0,32,2,0,0,19,2,0,27,0,0,0,90,406,140,90
WASHINGTON_001-000,0,386,0,0,0,21,0,0,0,0,0,1,0,0,0,0,0,0,0,0,0,0,0,0,0,0,0,0,0,0,5,0,0,0,0,0,0,0,0,0,0,0,0,0,0,0,0,0,46,0,0,0,0,0,1036,130,0,129,3,2,0,97,0,1,52,1,5,0,341,1495,502,259
WASHINGTON_002-000,0,358,0,0,0,22,0,0,0,0,0,0,0,0,0,0,0,0,0,0,0,0,0,0,0,0,0,0,0,0,8,0,0,0,0,0,0,0,0,0,0,0,0,0,0,0,0,0,44,0,0,0,0,0,1134,159,3,121,5,18,1,132,1,1,66,2,4,0,352,1566,582,283
WASHINGTON_003-001,0,181,0,0,0,7,0,0,0,0,0,0,0,0,0,0,0,0,0,0,0,0,0,0,0,0,0,0,0,0,0,0,0,0,0,0,0,0,0,0,0,0,0,0,0,0,0,0,8,0,0,0,0,0,145,75,2,28,4,0,2,13,1,1,4,0,2,0,37,341,64,105
WASHINGTON_003-002,0,241,0,0,0,9,0,0,0,0,0,0,0,0,0,0,0,0,1,0,0,0,0,0,0,0,0,0,0,0,4,0,0,0,0,0,0,0,0,0,0,0,0,0,0,0,0,0,24,0,0,0,0,0,250,86,1,88,0,2,0,12,0,1,6,0,2,1,89,529,113,175
WASHINGTON_003-003,0,262,0,0,0,27,0,0,0,0,0,2,0,0,0,0,0,0,0,0,0,0,0,0,0,0,0,0,0,0,1,0,0,0,0,0,0,0,0,0,0,0,0,0,0,0,0,0,30,0,0,0,0,0,390,70,1,82,2,4,0,40,0,2,22,1,0,0,101,712,172,153
WASHINGTON_003-004,0,259,0,0,0,12,0,0,0,0,0,0,0,0,0,0,0,2,0,0,0,0,0,0,0,0,0,0,0,1,1,0,0,0,0,0,0,0,0,0,0,0,0,0,0,0,0,0,12,0,0,0,0,0,201,47,0,48,2,1,0,21,1,0,8,1,0,0,44,488,78,95
WASHINGTON_003-005,0,0,0,0,0,0,0,0,0,0,0,0,0,0,0,0,0,0,0,0,0,0,0,0,0,0,0,0,0,0,0,0,0,0,0,0,0,0,0,0,0,0,0,0,0,0,0,0,0,0,0,0,0,0,1,0,0,0,0,0,0,0,0,0,1,0,0,0,0,1,1,0
WASHINGTON_004-000,0,177,0,0,0,12,0,0,0,0,0,1,0,0,0,0,0,0,0,0,0,0,0,0,0,0,0,0,0,1,6,0,0,0,0,0,0,0,0,0,0,0,0,0,0,0,0,0,28,0,0,0,0,0,1058,93,5,86,6,8,1,132,2,2,55,3,2,0,423,1283,634,184
WASHINGTON_005-000,0,168,0,0,0,9,0,0,0,0,0,4,0,0,0,0,0,0,0,0,0,0,0,0,0,0,0,0,0,0,2,0,0,0,0,0,0,0,0,0,0,0,0,0,0,0,0,0,22,0,0,0,0,0,1164,60,2,53,3,8,5,102,0,0,48,5,5,2,407,1369,585,115
WASHINGTON_006-001,0,315,0,0,0,10,0,0,0,0,0,0,0,0,0,0,0,0,0,1,0,0,0,0,0,0,0,0,0,0,5,0,0,0,0,1,0,0,0,0,0,0,0,0,0,0,0,0,38,0,0,0,0,0,860,107,2,97,2,10,0,76,1,2,56,5,0,0,318,1230,470,206
WASHINGTON_006-002,0,438,0,0,0,14,0,0,0,0,0,0,0,0,0,0,0,0,0,1,0,0,0,0,0,0,0,0,0,2,4,0,0,0,0,0,0,0,0,0,0,0,0,0,0,0,0,0,59,0,0,0,0,0,932,155,1,141,8,7,0,101,0,1,42,0,5,0,292,1450,456,297
WASHINGTON_007-001,0,268,0,0,0,13,0,0,0,0,0,4,0,0,0,0,0,0,0,0,0,0,0,0,0,0,0,0,0,1,4,0,0,0,0,0,0,0,0,0,0,0,0,0,0,0,0,0,59,0,0,0,0,0,1057,73,2,132,3,15,2,124,0,1,72,1,4,1,363,1406,586,207
WASHINGTON_007-002,0,285,0,0,0,20,0,0,0,0,0,0,0,0,0,0,0,0,0,0,0,0,0,0,0,0,0,0,0,0,9,0,0,0,0,0,0,0,0,0,0,0,0,0,0,0,0,0,31,0,0,0,0,0,814,82,5,95,2,11,2,95,0,5,64,2,4,0,224,1159,409,182
WASHINGTON_008-000,0,304,0,0,0,10,0,0,0,0,0,0,0,0,0,0,0,0,0,0,0,0,0,0,1,0,0,0,0,0,4,0,0,0,0,0,0,0,0,0,0,0,0,0,0,0,0,0,32,0,0,0,0,0,771,105,1,100,4,11,2,90,1,4,53,3,2,0,230,1122,400,206
WASHINGTON_009-000,0,260,0,0,0,8,0,0,0,0,0,1,0,0,0,0,0,0,0,0,0,0,0,0,0,0,0,0,0,0,2,0,0,0,0,0,0,0,0,0,0,0,0,0,0,0,0,0,40,0,0,0,0,0,819,109,2,92,3,10,0,116,0,1,87,1,2,0,284,1130,504,203
WASHINGTON_010-001,0,402,0,0,0,15,0,0,0,0,0,0,0,0,0,0,0,0,0,0,0,0,0,0,0,0,0,0,0,0,6,0,0,0,0,0,0,0,0,0,0,0,0,0,0,0,0,0,40,0,0,0,0,0,856,141,0,126,2,3,1,86,0,2,53,2,5,0,281,1319,435,267
WASHINGTON_010-002,0,476,0,0,0,14,0,0,0,0,0,1,0,0,0,0,0,0,0,0,0,0,0,0,0,0,0,0,0,2,3,0,0,0,0,0,0,0,0,0,0,0,0,0,0,0,0,0,54,0,0,0,0,0,846,172,2,102,3,7,2,124,1,2,75,1,3,0,273,1396,491,276
WASHINGTON_010-003,0,233,0,0,0,11,0,0,0,0,0,0,0,0,0,0,0,0,0,0,0,0,0,0,0,0,0,0,0,0,2,0,0,0,0,0,0,0,0,0,0,0,0,0,0,0,0,0,34,0,0,0,0,0,464,87,1,76,1,3,2,68,0,2,40,2,5,0,181,744,304,164
WASHINGTON_010-004,0,105,0,0,0,6,0,0,0,0,0,0,0,0,0,0,0,0,0,0,0,0,0,0,0,0,0,0,0,0,0,0,0,0,0,0,0,0,0,0,0,0,0,0,0,0,0,0,6,1,0,0,0,0,304,80,0,28,0,2,0,36,1,1,23,0,2,0,104,422,169,108
WASHINGTON_010-005,0,6,0,0,0,0,0,0,0,0,0,0,0,0,0,0,0,0,0,0,0,0,0,0,0,0,0,0,0,0,0,0,0,0,0,0,0,0,0,0,0,0,0,0,0,0,0,0,0,0,0,0,0,0,9,2,0,2,0,0,0,1,0,0,5,0,0,0,3,15,9,4
WASHINGTON_011-001,0,180,0,0,0,9,0,0,0,0,0,0,0,0,0,0,0,0,0,0,0,0,0,0,0,0,0,0,0,0,3,0,0,0,0,0,0,0,0,0,0,0,0,0,0,0,0,0,20,0,0,0,0,0,330,53,0,55,2,1,0,30,1,0,17,1,1,0,91,542,144,108
WASHINGTON_011-002,0,78,0,0,0,2,0,0,0,0,0,0,0,0,0,0,0,0,0,0,0,0,0,0,0,0,0,0,0,0,1,0,0,0,0,0,0,0,0,0,0,0,0,0,0,0,0,0,7,0,0,0,0,0,193,36,2,21,3,0,1,12,0,1,7,0,0,0,65,281,89,59
WASHINGTON_012-000,0,225,0,0,0,13,0,0,0,0,0,2,0,0,0,0,0,0,0,0,0,0,0,0,0,0,0,0,0,0,2,0,0,0,0,0,0,0,0,0,0,0,0,0,0,0,0,0,22,0,0,0,0,0,869,106,2,72,4,4,0,92,1,0,42,1,1,0,317,1133,462,180
WASHINGTON_013-001,0,231,0,0,0,17,0,0,0,0,0,0,0,0,0,0,0,0,0,0,0,0,0,0,0,0,0,0,0,0,2,0,0,0,0,0,0,0,0,0,0,0,0,0,0,0,0,0,62,0,0,0,0,0,1119,82,1,92,5,8,1,164,2,2,65,2,2,0,428,1431,679,175
WASHINGTON_013-002,0,220,0,0,0,7,0,0,0,0,0,0,0,0,0,0,0,0,0,0,0,0,0,0,0,0,0,0,0,0,2,0,0,0,0,0,0,0,0,0,0,0,0,0,0,0,0,0,33,0,0,0,0,0,572,81,3,62,1,3,1,53,1,1,40,0,2,0,194,834,296,146
WASHINGTON_014-001,0,118,0,0,0,1,0,0,0,0,0,1,0,0,0,0,0,0,0,0,0,0,0,0,0,0,0,0,0,0,3,0,0,0,0,0,0,0,0,0,0,0,0,0,0,0,0,0,26,0,0,0,0,0,375,45,0,33,2,1,0,56,0,0,46,2,0,1,142,524,250,78
WASHINGTON_014-002,0,120,0,0,0,14,0,0,0,0,0,0,0,0,0,0,0,0,0,0,0,0,0,0,0,0,0,0,0,0,0,0,0,0,0,0,0,0,0,0,0,0,0,0,0,0,0,0,24,1,0,0,0,0,401,30,1,51,2,2,0,33,0,1,17,2,0,0,105,560,162,82
WASHINGTON_015-000,0,108,0,0,0,11,0,0,0,0,0,0,0,0,0,0,0,0,0,0,0,0,0,0,0,0,0,0,0,0,0,0,0,0,0,0,0,0,0,0,0,0,0,0,0,0,0,0,11,0,0,0,0,0,669,39,1,48,1,3,1,71,0,1,24,1,3,1,235,799,341,88
WASHINGTON_016-000,0,378,0,0,0,9,0,0,0,0,0,0,0,0,0,0,0,0,0,0,0,0,0,0,0,0,0,0,0,0,3,0,0,0,0,0,0,0,0,0,0,0,0,0,0,0,0,0,64,0,0,0,0,0,1033,138,1,130,2,7,2,116,1,3,78,3,4,1,373,1487,590,269
WASHINGTON_017-001,0,669,0,0,0,29,0,0,0,0,0,0,0,0,0,0,0,0,0,0,0,0,0,0,0,0,0,0,0,0,8,0,0,0,0,0,0,0,0,0,0,0,0,0,0,0,0,0,70,0,0,0,0,0,762,188,1,163,4,10,0,94,2,1,51,1,1,0,234,1538,398,352
WASHINGTON_018-001,0,247,0,0,0,15,0,0,0,0,0,0,0,0,0,0,0,0,0,0,0,0,0,0,0,0,0,0,0,0,7,0,0,0,0,0,0,0,0,0,0,0,0,0,0,0,0,0,42,0,0,0,0,0,845,90,2,110,1,15,0,132,1,1,75,2,3,0,258,1156,488,202
WASHINGTON_018-002,0,355,0,0,0,15,0,0,0,0,0,0,0,0,0,0,0,0,0,0,0,0,0,0,0,0,0,0,0,0,1,0,0,0,0,0,0,0,0,0,0,0,0,0,0,0,0,0,40,0,0,0,0,0,803,132,0,117,4,8,0,100,0,1,60,1,2,0,285,1214,461,249
WASHINGTON_018-003,0,564,0,0,0,14,0,0,0,0,0,0,0,0,0,0,0,0,0,0,0,0,0,0,0,0,0,0,0,0,6,0,0,0,0,0,0,0,0,0,0,0,0,0,0,0,0,0,38,0,0,0,0,0,616,151,3,127,3,9,0,70,0,2,71,0,6,0,220,1238,381,281
WASHINGTON_018-004,0,57,0,0,0,5,0,0,0,0,0,0,0,0,0,0,0,0,0,0,0,0,0,0,0,0,0,0,0,0,1,0,0,0,0,0,0,0,0,0,0,0,0,0,0,0,0,0,10,0,0,0,0,0,55,16,0,11,0,1,0,8,0,0,3,0,0,0,13,128,25,27
WASHINGTON_019-000,0,286,0,0,0,16,0,0,0,0,0,0,0,0,0,0,0,0,0,0,0,0,0,0,0,0,0,0,0,5,6,0,0,0,0,0,0,0,0,0,0,0,0,0,0,0,0,0,32,0,0,0,0,0,794,100,0,95,2,10,0,131,2,0,35,1,2,2,249,1139,434,195
WASHINGTON_020-000,0,154,0,0,0,12,0,0,0,0,0,0,0,0,0,0,0,0,0,0,0,0,0,0,0,0,0,0,0,0,1,0,0,0,0,0,0,0,0,0,0,0,0,0,0,0,0,0,26,0,0,0,0,0,698,74,1,52,4,5,2,107,2,2,36,0,2,1,246,891,407,127
WASHINGTON_021-001,0,503,0,0,0,25,0,0,0,0,0,0,0,0,0,0,0,0,0,0,0,0,0,0,0,0,0,0,0,0,7,0,0,0,0,0,0,0,0,0,0,0,0,0,0,0,0,0,53,0,0,0,0,0,570,144,2,159,4,8,1,81,1,1,74,6,7,1,209,1158,393,305
WASHINGTON_021-002,0,381,0,0,0,21,0,0,0,0,0,0,0,0,0,0,0,0,0,0,0,0,0,0,0,0,0,0,0,0,3,0,0,0,0,0,0,0,0,0,0,0,0,0,0,0,0,0,43,0,0,0,0,0,532,143,2,119,3,4,3,78,0,1,54,1,1,1,176,980,322,264
WASHINGTON_021-003,0,254,0,0,0,9,0,0,0,0,0,0,0,0,0,0,0,0,0,0,0,0,0,0,0,0,0,0,0,3,0,0,0,0,0,0,0,0,0,0,0,0,0,0,0,0,0,0,26,0,0,0,0,0,274,114,1,77,2,7,1,41,0,1,46,1,1,0,106,566,206,192
WASHINGTON_022-001,0,344,0,0,0,17,0,0,0,0,0,0,0,0,0,0,0,0,0,0,0,0,0,0,0,0,0,0,0,2,2,0,0,0,0,0,0,0,0,0,0,0,0,0,0,1,0,0,59,0,0,0,0,0,271,93,1,115,2,6,0,22,0,1,19,1,1,1,83,696,136,209
WASHINGTON_022-002,0,385,0,0,0,11,0,0,0,0,0,2,0,0,0,0,0,0,0,0,0,0,0,0,0,0,0,0,0,0,1,0,0,0,0,0,0,0,0,0,0,0,0,0,0,0,0,0,30,0,0,0,0,0,460,116,2,106,1,7,0,47,1,1,24,1,0,0,137,889,219,224
WASHINGTON_023-000,0,271,0,0,0,12,0,0,0,0,0,3,0,0,0,0,0,0,0,0,0,0,0,0,0,0,0,0,0,0,3,0,0,0,0,0,0,0,0,0,0,0,0,0,0,0,0,0,52,0,0,0,0,0,1450,116,2,96,3,18,1,191,1,7,62,2,7,0,552,1791,844,214
WASHINGTON_024-001,0,45,0,0,0,3,0,0,0,0,0,0,0,0,0,0,0,0,0,0,0,0,0,0,0,0,0,0,0,0,0,0,0,0,0,0,0,0,0,0,0,0,0,0,0,0,0,0,7,0,0,0,0,0,157,16,1,10,1,1,0,19,0,0,8,0,1,0,61,212,91,27
WASHINGTON_025-001,0,263,0,0,0,5,0,0,0,0,0,0,0,0,0,0,0,0,0,0,0,0,0,0,0,0,0,0,0,0,0,0,0,0,0,0,0,0,0,0,0,0,0,0,0,0,0,0,4,0,0,0,0,0,72,102,0,32,0,2,1,4,0,0,2,0,0,0,15,344,24,134
WASHINGTON_025-002,0,411,0,0,0,11,0,0,0,0,0,0,0,0,0,0,0,0,0,0,0,0,0,0,0,0,0,0,0,0,3,0,0,0,0,0,0,0,0,0,0,0,0,0,0,0,0,0,39,0,0,0,0,0,556,105,2,93,2,6,0,66,1,0,18,0,2,1,153,1020,249,200
WASHINGTON_025-003,0,29,0,0,0,1,0,0,0,0,0,0,0,0,0,0,0,0,0,0,0,0,0,0,0,0,0,0,0,0,0,0,0,0,0,0,0,0,0,0,0,0,0,0,0,0,0,0,0,0,0,0,0,0,38,6,0,3,1,0,0,4,0,0,1,0,0,0,7,68,13,9
WASHINGTON_025-004,0,370,0,0,0,6,0,0,0,0,0,0,0,0,0,0,0,0,0,0,0,0,0,0,0,0,0,0,0,0,2,0,0,0,0,0,0,0,0,0,0,0,0,0,0,0,0,0,45,0,0,0,0,0,473,137,0,82,3,8,0,59,2,2,14,2,1,0,136,896,227,219
WASHINGTON_026-001,0,415,1,0,0,17,0,0,0,0,0,2,0,0,0,0,0,0,0,0,0,0,0,0,0,0,0,0,0,1,5,0,0,0,0,0,0,0,0,0,0,0,0,0,0,0,0,0,66,0,0,0,0,0,1098,152,4,151,4,8,2,128,2,1,53,1,3,2,362,1605,566,307
WASHINGTON_026-002,0,320,0,0,0,15,0,0,0,0,0,1,0,0,0,0,0,0,0,0,0,0,0,0,0,0,0,0,0,0,4,0,0,0,0,0,0,0,0,0,0,0,0,0,0,0,0,0,42,0,0,0,0,0,667,142,2,82,4,9,3,71,0,1,58,0,1,1,193,1049,341,226
WASHINGTON_026-003,0,353,0,0,0,8,0,0,0,0,0,0,0,0,0,0,0,0,0,0,0,0,0,0,0,0,0,0,0,0,6,0,0,0,0,0,0,0,0,0,0,0,0,0,0,0,0,0,41,0,0,0,0,0,911,151,0,117,2,0,1,117,0,2,73,1,2,0,312,1319,510,268
WASHINGTON_027-001,0,404,0,0,0,17,0,0,0,0,0,0,0,0,0,0,0,0,0,0,0,0,0,0,0,0,0,0,0,0,6,0,0,0,0,0,0,0,0,0,0,0,0,0,0,0,0,0,46,0,0,0,0,0,722,163,1,120,5,3,2,125,1,0,156,1,11,2,336,1195,642,284
WASHINGTON_027-002,0,471,0,0,0,11,0,0,0,0,0,1,0,0,0,0,0,0,1,0,0,0,0,0,0,0,0,0,0,0,14,0,0,0,0,0,0,0,0,0,0,0,0,0,0,0,0,0,60,0,0,0,0,0,888,162,3,127,5,3,0,127,0,1,100,1,8,1,307,1446,553,292
WICOMICO_001-001,0,12,0,0,0,0,0,0,0,0,0,0,0,0,0,0,0,0,0,0,0,0,0,0,0,0,0,0,0,0,0,0,0,0,0,0,0,0,0,0,0,0,0,0,0,0,0,0,1,0,0,0,0,0,42,7,0,6,0,2,0,3,0,0,1,0,0,0,15,55,21,13
WICOMICO_001-002,0,128,0,0,0,1,0,0,0,0,0,0,0,0,0,0,0,0,0,0,0,0,0,0,0,0,0,0,0,0,1,0,0,0,0,0,0,0,0,0,0,0,0,0,0,0,0,0,18,0,0,0,0,0,340,52,2,27,0,5,0,40,0,1,12,0,0,0,107,488,165,81
WICOMICO_001-003,0,61,0,0,0,8,0,0,0,0,0,0,0,0,0,0,0,0,0,0,0,0,0,0,0,0,0,0,0,0,1,0,0,0,0,0,1,0,0,0,0,0,0,0,0,0,0,0,7,0,0,0,0,0,390,19,0,25,0,3,0,36,0,0,15,0,0,0,147,468,201,44
WICOMICO_002-001,0,245,0,0,0,7,0,0,0,0,0,0,0,0,0,0,0,0,0,0,0,0,0,0,0,0,0,0,0,0,3,0,0,0,0,0,0,0,0,0,0,0,0,0,0,0,0,0,32,0,0,0,0,0,658,84,2,71,1,5,1,57,0,0,74,0,3,0,265,945,406,157
WICOMICO_004-001,0,25,0,0,0,2,0,0,0,0,0,0,0,0,0,0,0,0,0,0,0,0,0,0,0,0,0,0,0,0,0,0,0,0,0,0,0,0,0,0,0,0,0,0,0,0,0,0,2,0,0,0,0,0,104,14,0,12,0,1,1,11,0,0,5,0,0,0,55,133,73,26
WICOMICO_004-002,0,47,0,0,0,1,0,0,0,0,0,0,0,0,0,0,0,0,0,0,0,0,0,0,0,0,0,0,0,0,0,0,0,0,0,0,0,0,0,0,0,0,0,0,0,0,0,0,9,0,0,0,0,0,261,26,1,12,1,0,0,14,0,0,12,0,1,0,84,318,112,39
WICOMICO_004-003,0,155,0,0,0,6,0,0,0,0,0,0,0,0,0,0,0,0,0,0,0,0,0,0,0,0,0,0,0,0,2,0,0,0,0,0,0,0,0,0,0,0,0,0,0,0,0,0,22,0,0,0,0,0,650,51,3,47,0,6,0,42,1,1,15,1,1,0,246,835,313,101
WICOMICO_005-001,0,619,0,0,0,11,0,0,0,0,0,0,0,0,0,0,0,0,0,0,0,0,0,0,0,0,0,0,0,0,6,0,0,0,0,0,0,0,0,0,0,0,0,0,0,0,0,0,24,0,0,0,0,0,152,197,1,107,0,1,0,26,0,0,22,0,0,0,57,812,106,305
WICOMICO_005-002,0,96,0,0,0,7,0,0,0,0,0,0,0,0,0,0,0,0,0,0,0,0,0,0,0,0,0,0,0,0,0,0,0,0,0,0,0,0,0,0,0,0,0,0,0,0,0,0,3,0,0,0,0,0,128,39,1,21,0,2,0,13,0,0,9,0,1,1,34,234,60,61
WICOMICO_005-003,0,229,0,0,0,10,0,0,0,0,0,0,0,0,0,0,0,0,0,0,0,0,0,0,0,0,0,0,0,0,3,0,0,0,0,0,0,0,0,0,0,0,0,0,0,0,0,0,32,0,0,0,0,0,317,84,0,87,0,3,0,44,1,0,29,3,1,0,115,591,196,171
WICOMICO_005-004,0,357,0,0,0,10,0,0,0,0,0,1,0,0,0,0,0,0,0,0,0,0,0,0,0,0,0,0,0,0,3,0,0,0,0,0,0,0,0,0,0,0,0,0,0,0,0,0,33,0,0,0,0,0,484,156,4,105,1,3,1,55,1,0,59,2,2,0,250,888,374,265
WICOMICO_005-005,0,502,0,0,0,18,0,0,0,0,0,0,0,0,0,0,0,0,0,0,0,0,0,0,0,0,0,0,0,0,8,0,0,0,2,0,0,0,0,0,0,0,0,0,0,0,0,0,73,0,0,0,0,0,945,165,4,136,1,8,1,109,2,0,82,3,0,0,334,1548,540,305
WICOMICO_005-006,0,215,0,0,0,6,0,0,0,0,0,0,0,0,0,0,0,0,0,0,0,0,0,0,0,0,0,0,0,0,1,0,0,0,0,0,0,0,0,0,0,0,0,0,0,0,0,0,19,0,0,0,0,0,398,89,1,44,0,0,2,56,0,2,44,0,0,0,160,639,264,134
WICOMICO_005-007,0,148,0,0,0,11,0,0,0,0,0,1,0,0,0,0,0,0,0,0,0,0,0,0,0,0,0,0,0,0,0,0,0,0,0,0,0,0,0,0,0,0,0,0,0,0,0,0,19,0,0,0,0,0,456,59,0,58,0,3,1,51,0,0,34,0,0,0,224,635,313,117
WICOMICO_005-008,0,146,0,0,0,5,0,0,0,0,0,0,0,0,0,0,0,0,0,0,0,0,0,0,0,0,0,0,0,0,1,0,0,0,0,0,0,0,0,0,0,0,0,0,0,0,0,0,14,0,0,0,0,0,451,49,1,56,1,2,0,42,0,1,22,0,0,0,193,617,261,106
WICOMICO_005-009,0,37,0,0,0,3,0,0,0,0,0,0,0,0,0,0,0,0,0,0,0,0,0,0,0,0,0,0,0,0,1,0,0,0,0,0,0,0,0,0,0,0,0,0,0,0,0,0,6,0,0,0,0,0,137,16,0,15,0,2,0,6,0,0,7,0,0,0,38,184,53,31
WICOMICO_006-001,0,49,0,0,0,4,0,0,0,0,0,0,0,0,0,0,0,0,0,0,0,0,0,0,0,0,0,0,0,0,1,0,0,0,0,0,0,0,0,0,0,0,0,0,0,0,0,0,11,0,0,0,0,0,314,13,1,17,0,0,0,21,0,0,11,0,0,0,138,379,170,31
WICOMICO_007-001,0,196,0,0,0,4,0,0,0,0,0,0,0,0,0,0,0,0,0,0,0,0,0,0,0,0,0,0,0,0,3,0,0,0,0,0,0,0,0,0,0,0,0,0,0,0,0,0,23,0,0,0,0,0,496,90,0,68,0,2,1,57,0,0,35,0,1,0,212,722,308,158
WICOMICO_008-001,0,141,0,0,0,4,0,0,0,0,0,0,0,0,0,0,0,0,0,0,0,0,0,0,0,0,0,0,0,0,6,0,0,0,0,0,0,0,0,0,0,0,0,0,0,0,0,0,18,0,0,0,0,0,381,55,0,39,1,6,0,40,0,0,30,1,0,0,165,550,243,94
WICOMICO_008-002,0,278,0,0,0,13,0,0,0,0,0,0,0,0,0,0,0,0,0,0,0,0,0,0,0,0,0,0,0,0,3,0,0,0,0,0,0,0,0,0,0,0,0,0,0,0,0,0,41,0,0,0,0,0,760,103,3,98,2,8,2,94,0,0,96,2,2,0,315,1095,521,204
WICOMICO_008-003,0,52,0,0,0,2,0,0,0,0,0,0,0,0,0,0,0,0,0,0,0,0,0,0,0,0,0,0,0,0,0,0,0,0,0,0,0,0,0,0,0,0,0,0,0,0,0,0,11,0,0,0,0,0,90,27,1,20,0,1,0,12,0,0,18,0,0,0,41,155,72,48
WICOMICO_008-004,0,152,0,0,0,9,0,0,0,0,0,0,0,0,0,0,0,0,0,0,0,0,0,0,0,0,0,0,0,0,5,0,0,0,0,0,0,0,0,0,0,0,0,0,0,0,0,0,18,0,0,0,0,0,298,68,0,37,0,4,0,32,0,0,50,0,0,0,139,482,225,105
WICOMICO_008-005,0,167,0,0,0,19,0,0,0,0,0,0,0,0,0,0,0,0,0,0,0,0,0,0,0,0,0,0,0,0,1,0,0,0,0,0,0,0,0,0,0,0,0,0,0,0,0,0,25,0,0,0,0,0,229,71,0,62,0,5,1,31,0,1,22,0,0,0,91,441,151,133
WICOMICO_009-001,0,622,0,0,0,4,0,0,0,0,0,0,0,0,0,0,0,0,0,0,0,0,0,0,0,0,0,0,0,0,1,0,0,0,0,0,0,0,0,0,0,0,0,0,0,0,0,0,9,0,0,0,0,0,100,323,0,78,0,4,0,16,0,0,6,1,0,0,42,736,69,401
WICOMICO_009-002,0,510,0,0,0,4,0,0,0,0,0,0,0,0,0,0,0,0,0,0,0,0,0,0,0,0,0,0,0,0,0,0,0,0,0,0,0,0,0,0,0,0,0,0,0,0,0,0,5,0,0,0,0,0,8,254,0,41,1,1,0,2,1,0,1,0,0,0,2,527,8,295
WICOMICO_009-003,0,457,0,0,0,5,0,0,0,0,0,0,0,0,0,0,0,0,0,0,0,0,0,0,0,0,0,0,0,0,0,0,0,0,0,0,0,0,0,0,0,0,0,0,0,0,0,0,3,0,0,0,0,0,73,150,1,64,1,3,0,9,0,0,6,0,0,0,36,538,55,215
WICOMICO_009-004,0,37,0,0,0,2,0,0,0,0,0,0,0,0,0,0,0,0,0,0,0,0,0,0,0,0,0,0,0,0,2,0,0,0,0,0,0,0,0,0,0,0,0,0,0,0,0,0,0,0,0,0,0,0,25,12,0,11,0,0,0,5,0,0,3,0,1,0,16,66,25,23
WICOMICO_009-005,0,88,0,0,0,1,0,0,0,0,0,0,0,0,0,0,0,0,0,0,0,0,0,0,0,0,0,0,0,0,0,0,0,0,0,0,0,0,0,0,0,0,0,0,0,0,0,0,3,0,0,0,0,0,112,36,0,18,0,2,1,15,0,0,5,1,1,0,47,204,72,54
WICOMICO_009-006,0,479,0,0,0,9,0,0,0,0,0,1,0,0,0,0,0,0,0,0,0,0,0,0,0,0,0,0,0,0,8,0,0,0,0,0,0,0,0,0,0,0,0,0,0,0,0,0,50,0,0,0,0,0,1062,218,1,162,0,9,1,121,2,3,151,0,3,1,469,1609,760,381
WICOMICO_009-007,0,258,0,0,0,3,0,0,0,0,0,0,0,0,0,0,0,0,0,0,0,0,0,0,0,0,0,0,0,0,1,0,0,0,0,0,0,0,0,0,0,0,0,0,0,0,0,0,19,0,0,0,0,0,236,99,1,63,1,2,1,20,0,0,18,0,0,0,91,517,133,163
WICOMICO_009-008,0,211,0,0,0,1,0,0,0,0,0,0,0,0,0,0,0,0,0,0,0,0,0,0,0,0,0,0,0,0,3,0,0,0,0,0,0,0,0,0,0,0,0,0,0,0,0,0,15,0,0,0,0,0,262,92,0,35,0,2,1,21,1,0,37,1,1,0,132,492,196,127
WICOMICO_010-001,0,121,0,0,0,0,0,0,0,0,0,0,0,0,0,0,0,0,0,0,0,0,0,0,0,0,0,0,0,0,0,0,0,0,0,0,0,0,0,0,0,0,0,0,0,0,0,0,1,0,0,0,0,0,38,47,0,10,0,1,0,1,0,0,2,0,0,0,7,160,11,57
WICOMICO_010-002,0,13,0,0,0,2,0,0,0,0,0,0,0,0,0,0,0,0,0,0,0,0,0,0,0,0,0,0,0,0,0,0,0,0,0,0,0,0,0,0,0,0,0,0,0,0,0,0,3,0,0,0,0,0,36,2,0,6,0,0,0,0,0,0,2,0,0,0,7,54,9,8
WICOMICO_010-003,0,62,0,0,0,6,0,0,0,0,0,0,0,0,0,0,0,0,0,0,0,0,0,0,0,0,0,0,0,0,3,0,0,0,0,0,0,0,0,0,0,0,0,0,0,0,0,0,12,0,0,0,0,0,288,21,0,25,0,4,0,26,1,0,11,0,0,0,95,371,137,46
WICOMICO_011-001,0,81,0,0,0,1,0,0,0,0,0,0,0,0,0,0,0,0,0,0,0,0,0,0,0,0,0,0,0,0,0,0,0,0,0,0,0,0,0,0,0,0,0,0,0,0,0,0,2,0,0,0,0,0,17,36,1,17,0,1,0,2,0,0,0,0,0,0,7,101,10,54
WICOMICO_011-002,0,50,0,0,0,1,0,0,0,0,0,0,0,0,0,0,0,0,0,0,0,0,0,0,0,0,0,0,0,0,0,0,0,0,0,0,0,0,0,0,0,0,0,0,0,0,0,0,5,0,0,0,0,0,78,22,1,6,0,0,0,2,0,0,11,0,1,0,34,134,48,29
WICOMICO_011-003,0,43,0,0,0,1,0,0,0,0,0,0,0,0,0,0,0,0,0,0,0,0,0,0,0,0,0,0,0,0,0,0,0,0,0,0,0,0,0,0,0,0,0,0,0,0,0,0,4,0,0,0,0,0,76,18,0,17,0,0,0,6,0,0,1,0,0,0,35,124,42,35
WICOMICO_011-004,0,465,0,0,0,11,0,0,0,0,0,0,0,0,0,0,0,0,0,0,0,0,0,0,0,0,0,0,0,0,3,0,0,0,0,0,0,0,0,0,0,0,0,0,0,0,0,0,35,0,0,0,0,0,700,184,2,96,0,4,0,42,1,0,35,1,2,0,227,1214,312,282
WICOMICO_013-001,0,165,0,0,0,5,0,0,0,0,0,0,0,0,0,0,0,0,0,0,0,0,0,0,0,0,0,0,0,0,0,0,0,0,0,0,0,0,0,0,0,0,0,0,0,0,0,0,9,0,0,0,0,0,73,56,1,39,1,2,0,4,0,0,11,2,0,0,30,252,50,96
WICOMICO_013-002,0,584,0,0,0,12,0,0,0,0,0,0,0,0,0,0,0,0,0,1,0,0,0,0,0,0,0,0,0,0,3,0,0,0,0,0,0,0,0,0,0,0,0,0,0,0,0,0,36,0,0,0,0,0,263,163,2,115,0,5,1,26,0,0,20,0,1,0,99,899,152,280
WICOMICO_013-003,0,488,0,0,0,18,0,0,0,0,0,0,0,0,0,0,0,0,0,0,0,0,0,0,0,0,0,0,0,0,14,0,0,0,0,0,0,0,0,0,0,0,0,0,0,0,0,0,48,0,0,0,0,0,556,201,5,201,2,6,0,83,1,0,106,1,1,0,219,1124,419,407
WICOMICO_013-004,0,237,0,0,0,4,0,0,0,0,0,0,0,0,0,0,0,0,0,0,0,0,0,0,0,0,0,0,0,0,1,0,0,0,0,0,0,0,0,0,0,0,0,0,0,0,0,0,19,0,0,0,0,0,182,66,2,67,0,1,1,12,0,0,13,1,1,0,52,443,81,135
WICOMICO_014-001,0,26,0,0,0,0,0,0,0,0,0,0,0,0,0,0,0,0,0,0,0,0,0,0,0,0,0,0,0,0,0,0,0,0,0,0,0,0,0,0,0,0,0,0,0,0,0,0,2,0,0,0,0,0,129,13,0,10,0,0,0,2,0,0,11,0,0,0,51,157,64,23
WICOMICO_014-002,0,137,0,0,0,7,0,0,0,0,0,0,0,0,0,0,0,0,0,0,0,0,0,0,0,0,0,0,0,0,4,0,0,0,0,0,0,0,0,0,0,0,0,0,0,0,0,0,14,0,0,0,0,0,472,42,1,37,0,3,0,20,0,0,17,0,0,0,138,634,178,80
WICOMICO_015-001,0,207,0,0,0,11,0,0,0,0,0,0,0,0,0,0,0,0,0,0,0,0,0,0,0,0,0,0,0,0,2,0,0,0,0,0,0,0,0,0,0,0,0,0,0,0,0,0,25,0,0,0,0,0,459,98,2,41,3,4,0,50,1,1,17,1,0,0,147,704,224,141
WICOMICO_015-002,0,37,0,0,0,1,0,0,0,0,0,0,0,0,0,0,0,0,0,1,0,0,0,0,0,0,0,0,0,0,1,0,0,0,0,0,0,0,0,0,0,0,0,0,0,0,0,0,5,0,0,0,0,0,95,9,0,14,0,0,0,18,0,0,10,2,0,1,29,140,60,23
WICOMICO_015-003,0,85,0,0,0,7,0,0,0,0,0,0,0,0,0,0,0,0,0,0,0,0,0,0,0,0,0,0,0,0,1,0,0,0,0,0,0,0,0,0,0,0,0,0,0,0,0,0,13,0,0,0,0,0,317,37,0,38,1,4,0,50,0,1,24,1,0,0,141,423,222,75
WICOMICO_016-001,0,63,0,0,0,3,0,0,0,0,0,0,0,0,0,0,0,0,0,0,0,0,0,0,0,0,0,0,0,0,0,0,0,0,0,0,0,0,0,0,0,0,0,0,0,0,0,0,5,0,0,0,0,0,117,34,1,34,0,1,0,12,0,0,14,0,0,0,61,188,88,69
WICOMICO_016-002,0,54,0,0,0,2,0,0,0,0,0,0,0,0,0,0,0,0,0,0,0,0,0,0,0,0,0,0,0,0,0,0,0,0,0,0,0,0,0,0,0,0,0,0,0,0,0,0,5,0,0,0,0,0,113,15,0,6,0,0,0,6,0,0,6,0,1,0,59,174,72,21
WICOMICO_016-003,0,250,0,0,0,15,0,0,0,0,0,0,0,0,0,0,0,0,0,0,0,0,0,0,0,0,0,0,0,0,0,0,0,0,0,0,0,0,0,0,0,0,0,0,0,0,0,0,41,0,0,0,0,0,392,80,0,72,2,5,0,33,1,0,47,0,2,0,172,698,262,152
WICOMICO_016-004,0,171,0,0,0,3,0,0,0,0,0,0,0,0,0,0,0,0,0,0,0,0,0,0,0,0,0,0,0,0,0,0,0,0,0,0,0,0,0,0,0,0,0,0,0,0,0,0,10,0,0,0,0,0,168,47,0,39,0,4,1,10,0,0,6,0,1,0,56,352,78,86
WICOMICO_016-005,0,354,0,0,0,11,0,0,0,0,0,0,0,0,0,0,0,0,0,0,0,0,0,0,0,0,0,0,0,0,2,0,0,0,0,0,0,0,0,0,0,0,0,0,0,0,0,0,38,0,0,0,0,0,284,118,0,72,1,4,0,24,0,0,37,0,1,0,107,689,174,190
WICOMICO_016-006,0,51,0,0,0,6,0,0,0,0,0,0,0,0,0,0,0,0,0,0,0,0,0,0,0,0,0,0,0,0,0,0,0,0,0,0,0,0,0,0,0,0,0,0,0,0,0,0,3,0,0,0,0,0,83,30,0,20,1,1,0,9,0,0,16,0,0,0,43,143,70,50
WICOMICO_017-001,0,303,0,0,0,4,0,0,0,0,0,0,0,0,0,0,0,0,0,1,0,0,0,0,0,0,0,0,0,0,2,0,0,0,0,0,0,0,0,0,0,0,0,0,0,0,0,0,19,0,0,0,0,0,415,133,1,46,0,4,0,30,1,0,33,1,1,0,169,744,239,180
WORCESTER_001-001,0,972,0,0,0,9,0,0,0,0,0,0,0,0,0,0,0,0,0,0,0,0,0,0,0,0,0,0,0,0,7,0,0,0,0,0,0,0,0,0,0,0,0,0,0,0,0,0,78,0,0,0,0,0,1245,340,5,147,0,16,1,124,0,2,73,1,4,1,471,2311,693,492
WORCESTER_001-002,0,124,0,0,0,9,0,0,0,0,0,0,0,0,0,0,0,0,0,0,0,0,0,0,0,0,0,0,0,0,2,0,0,0,0,0,0,0,0,0,0,0,0,0,0,0,0,0,13,0,0,0,0,0,311,35,0,35,2,0,0,26,0,0,19,0,0,0,106,459,153,70
WORCESTER_002-001,0,170,0,0,0,0,0,0,0,2,0,0,0,0,0,0,0,0,0,0,0,0,0,0,0,0,0,0,0,0,0,0,0,0,0,0,0,0,0,0,0,0,0,0,0,0,0,0,4,0,0,0,0,0,109,68,1,22,0,2,0,11,0,1,8,0,0,0,27,285,49,91
WORCESTER_002-002,0,448,0,0,0,6,0,0,0,0,0,0,0,0,0,0,0,0,0,0,0,0,0,0,0,0,0,0,0,0,0,0,0,0,0,0,0,0,0,0,0,0,0,0,0,0,0,0,7,0,0,0,0,0,202,176,0,76,0,2,0,16,0,0,8,0,1,0,77,663,104,252
WORCESTER_002-003,0,51,0,0,0,5,0,0,0,0,0,0,0,0,0,0,0,0,0,0,0,0,0,0,0,0,0,0,0,0,0,0,0,0,0,0,0,0,0,0,0,0,0,0,0,0,0,0,7,0,0,0,0,0,185,18,1,20,0,0,0,7,1,0,8,0,0,0,72,248,88,39
WORCESTER_002-004,0,121,0,0,0,2,0,0,0,0,0,0,0,0,0,0,0,0,0,0,0,0,0,0,0,0,0,0,0,0,0,0,0,0,0,0,0,0,0,0,0,0,0,0,0,0,0,0,2,0,0,0,0,0,69,51,0,17,0,0,0,2,0,0,0,0,1,0,33,194,36,68
WORCESTER_002-005,0,412,0,0,0,8,0,0,0,0,0,1,0,0,0,0,0,0,0,0,0,0,0,0,0,0,0,0,0,0,0,0,0,0,0,0,0,0,0,0,0,0,0,0,0,0,0,0,24,0,0,0,0,0,248,136,2,68,0,2,0,8,0,0,16,0,0,0,94,693,120,206
WORCESTER_003-001,0,315,0,0,0,20,0,0,0,0,0,0,0,0,0,0,0,0,0,0,0,0,0,0,0,0,0,0,0,0,2,0,0,0,0,0,0,0,0,0,0,0,0,0,0,0,0,0,49,0,0,2,0,0,1068,106,1,116,0,4,0,47,1,0,62,1,3,2,472,1456,592,223
WORCESTER_003-002,0,205,0,0,0,14,0,0,0,0,0,0,0,0,0,0,0,0,0,0,0,0,0,0,0,0,0,0,0,0,3,0,0,0,0,0,0,0,0,0,0,0,0,0,0,0,0,0,16,0,0,0,0,0,551,93,0,83,2,4,0,34,1,1,53,0,0,0,270,789,365,176
WORCESTER_003-003,0,161,0,0,0,12,0,0,0,0,0,0,0,0,0,0,0,0,0,0,0,0,0,0,0,0,0,0,0,0,0,0,0,0,0,0,0,0,0,0,0,0,0,0,0,0,0,0,23,0,0,0,0,0,255,56,1,68,0,2,1,11,1,0,25,0,0,0,110,451,150,125
WORCESTER_004-001,0,346,0,0,0,11,0,0,0,0,0,0,0,0,0,0,0,0,0,0,0,0,0,0,0,0,0,0,0,0,9,0,0,0,0,0,0,0,0,0,0,0,0,0,0,0,0,0,43,0,0,0,0,0,901,127,3,121,1,12,1,93,1,1,62,0,1,0,331,1310,503,251
WORCESTER_004-002,0,77,0,0,0,5,0,0,0,0,0,0,0,0,0,0,0,0,0,0,0,0,0,0,0,0,0,0,0,0,0,0,0,0,0,0,0,0,0,0,0,0,0,0,0,0,0,0,7,0,0,0,0,0,247,42,0,32,0,2,0,12,0,0,16,0,1,0,124,336,155,74
WORCESTER_004-003,0,45,0,0,0,0,0,0,0,0,0,0,0,0,0,0,0,0,0,0,0,0,0,0,0,0,0,0,0,0,0,0,0,0,0,0,0,0,0,0,0,0,0,0,0,0,0,0,6,0,0,0,0,0,105,8,2,12,0,0,0,7,0,0,2,0,0,0,44,156,53,22
WORCESTER_004-004,0,235,0,0,0,5,0,0,0,0,0,0,0,0,0,0,0,0,0,0,0,0,0,0,0,0,0,0,0,0,2,0,0,0,0,0,0,0,0,0,0,0,0,0,0,0,0,0,20,0,0,0,0,0,501,95,1,47,2,2,1,25,0,1,15,0,0,0,221,763,267,143
WORCESTER_005-001,0,374,0,0,0,11,0,0,0,0,0,0,0,0,0,0,0,0,0,0,0,0,0,0,0,0,0,0,0,0,2,0,0,0,0,0,0,0,0,0,0,0,0,0,0,0,0,0,41,0,0,1,1,0,872,174,1,129,2,4,1,53,0,0,96,0,4,0,418,1302,578,304
WORCESTER_005-002,0,431,0,0,0,12,0,0,0,0,0,0,0,0,0,0,0,0,0,0,0,0,0,0,0,0,0,0,0,0,2,0,0,0,0,0,0,0,0,0,0,0,0,0,0,0,0,0,34,0,0,0,0,0,865,210,4,145,3,7,0,55,1,0,114,1,2,1,399,1344,583,359
WORCESTER_006-001,1,403,0,0,0,20,0,0,0,0,0,0,0,0,0,0,0,0,0,0,0,0,0,0,0,0,0,0,1,0,2,0,0,0,0,0,0,0,0,0,0,0,0,0,0,0,0,0,34,0,0,0,0,0,976,189,2,126,4,2,2,54,2,0,122,0,3,1,483,1437,673,317
WORCESTER_006-002,0,67,0,0,0,4,0,0,0,0,0,1,0,0,0,0,0,0,0,0,0,0,0,0,0,0,0,0,0,0,0,0,0,0,0,0,0,0,0,0,0,0,0,0,0,0,0,0,10,0,0,0,0,0,325,27,0,18,0,0,0,12,0,0,19,0,0,0,164,407,195,45
WORCESTER_006-003,0,230,0,0,0,8,0,0,0,0,0,0,0,0,0,0,0,0,0,0,0,0,0,0,0,0,0,0,0,0,1,0,0,0,0,0,0,0,0,0,0,0,0,0,0,0,0,0,34,0,0,0,0,0,766,87,2,82,1,3,0,30,0,0,57,0,1,0,354,1039,446,171
WORCESTER_007-001,0,749,0,0,0,28,0,0,0,0,0,0,0,1,0,0,0,0,0,0,0,0,0,0,0,0,0,0,0,0,1,0,0,0,0,0,0,0,0,0,1,0,0,0,0,0,0,0,68,0,0,0,0,0,1875,298,5,242,0,6,1,67,0,0,131,0,3,0,696,2723,904,545
