precinct,pri_dem_CLINTON,pri_dem_FUENTE,pri_dem_O'MAILEY,pri_dem_SANDERS,pri_dem_WILSON,pri_rep_BUSH,pri_rep_CARSON,pri_rep_CHRISTIE,pri_rep_CRUZ,pri_rep_FLORINA,pri_rep_GRAHAM,pri_rep_HUCKABEE,pri_rep_KASICH,pri_rep_PATAKI,pri_rep_PAUL,pri_rep_RUBIO,pri_rep_SANTORUM,pri_rep_TRUMP,gen_amd_FUENTE,gen_con_CASTLE,gen_dem_CLINTON,gen_grn_STEIN,gen_lib_JOHNSON,gen_pro_HEDGES,gen_rep_TRUMP,dem_primary_total,rep_primary_total,dem_general_total,rep_general_total
"ADAMSDIST. 1, BELLEMONT",163,1,0,49,2,6,4,0,224,0,0,2,88,0,0,52,0,281,1,6,442,4,20,1,1090,215,657,442,1090
"ADAMSDIST. 1, BY-PASS FIRE",205,0,2,29,1,1,1,0,38,0,0,0,11,0,0,4,0,75,3,2,504,1,4,2,241,237,130,504,241
"ADAMSDIST. 1, COURTHOUSE",61,0,0,31,0,3,2,1,47,0,0,1,55,0,0,37,0,99,0,1,171,2,18,0,402,92,245,171,402
"ADAMSDIST. 2, BEAU PRE",106,0,0,14,0,1,0,0,80,0,0,0,20,0,0,15,0,118,0,3,285,1,9,0,468,120,234,285,468
"ADAMSDIST. 2, DUNCAN PARK",112,0,1,30,0,3,7,1,77,1,0,0,38,0,1,21,0,97,0,2,338,3,21,0,461,143,246,338,461
"ADAMSDIST. 2, KINGSTON",45,0,0,10,0,5,1,0,92,0,0,0,10,0,0,4,0,164,0,3,99,1,5,0,548,55,276,99,548
"ADAMSDIST. 2, LIBERTY PARK",54,0,1,14,0,1,4,1,118,0,1,2,18,0,0,23,0,136,1,1,161,1,6,1,572,69,304,161,572
"ADAMSDIST. 3, CONCORD",212,0,0,19,0,0,0,0,5,0,0,0,1,0,0,0,0,4,0,1,523,2,4,0,29,231,10,523,29
"ADAMSDIST. 3, NPS MULTI PURPOSE BLDG.",111,0,1,18,0,0,0,0,33,0,0,0,13,0,0,5,0,37,0,0,251,0,5,0,160,130,88,251,160
"ADAMSDIST. 3, PALESTINE",179,1,0,22,2,3,1,1,57,0,0,0,2,0,0,2,0,90,0,1,479,1,3,1,382,204,156,479,382
"ADAMSDIST. 3,MARYLAND HGTS",220,0,1,14,1,0,2,0,1,0,0,0,0,0,0,0,0,4,0,2,504,1,1,1,26,236,7,504,26
"ADAMSDIST. 4, CARPENTER",126,0,0,18,0,1,0,0,21,0,0,0,14,0,1,7,0,33,0,0,288,3,5,1,119,144,77,288,119
"ADAMSDIST. 4, MORGANTOWN",129,0,2,19,0,0,0,0,18,0,0,0,2,0,0,0,1,44,3,0,323,1,1,0,117,150,65,323,117
"ADAMSDIST. 4, NORTHSIDE",491,1,2,39,1,0,1,1,4,0,0,0,1,0,0,1,0,13,0,1,1118,1,5,2,46,534,21,1118,46
"ADAMSDIST. 4, PINE RIDGE",185,0,0,12,0,0,2,0,12,0,0,0,5,0,0,6,0,11,0,0,350,3,2,0,87,197,36,350,87
"ADAMSDIST. 5, AIRPORT",181,0,1,17,0,1,0,0,46,0,0,0,5,1,0,4,0,43,2,0,419,2,3,0,192,199,100,419,192
"ADAMSDIST. 5, FOSTER MOUND",381,0,2,36,3,1,0,0,3,0,0,0,2,0,0,2,0,11,0,1,868,1,3,0,47,422,19,868,47
"ADAMSDIST. 5, OAKLAND",194,2,0,43,1,3,4,0,111,0,0,0,14,0,1,20,0,139,1,2,466,2,7,0,539,240,292,466,539
"ADAMSDIST. 5, WASHINGTON",60,0,0,17,0,0,1,0,66,0,1,0,15,0,1,3,0,90,1,1,168,2,3,0,348,77,177,168,348
ADAMSNAN,3215,5,13,451,11,29,30,5,1053,1,2,5,314,1,4,206,1,1489,12,27,7757,32,125,9,5874,3695,3140,7757,5874
ALCORN2ND DISTRICT CENTRAL PRECINCT,41,0,0,22,3,2,13,0,212,0,0,1,39,0,1,22,0,287,0,3,131,7,8,1,1216,66,577,131,1216
ALCORNBETHEL,1,0,0,2,0,0,0,0,11,0,0,0,1,0,0,2,1,24,0,0,1,0,0,0,82,3,39,1,82
ALCORNBIGGERSVILLE,28,1,0,15,0,0,10,0,106,0,0,0,20,0,0,10,0,141,1,3,134,0,11,1,605,44,287,134,605
ALCORNCOLLEGE HILL,70,0,0,24,1,2,1,0,63,1,0,0,16,0,0,24,1,116,1,3,243,5,13,1,419,95,224,243,419
ALCORNEAST CORINTH,70,0,0,34,1,1,10,1,169,0,0,1,88,0,0,41,0,228,0,3,317,2,16,0,884,105,539,317,884
ALCORNFIVE POINTS 1ST DIST,56,0,1,24,0,0,8,0,238,0,0,1,33,0,2,24,1,398,0,5,157,6,12,1,1286,81,705,157,1286
ALCORNGLEN,26,1,1,26,2,0,4,1,102,1,0,1,20,0,0,15,0,256,1,5,112,2,11,0,826,56,400,112,826
ALCORNJACINTO,9,0,1,3,1,0,3,0,65,0,0,0,5,0,0,3,0,74,0,0,23,0,2,3,289,14,150,23,289
ALCORNKOSSUTH,29,0,0,26,0,1,8,0,231,0,0,3,48,0,1,37,0,288,0,4,97,1,9,0,1310,55,617,97,1310
ALCORNNORTH CORINTH,29,0,1,23,4,1,2,0,155,0,0,0,46,0,0,42,1,161,0,2,133,2,22,0,773,57,408,133,773
ALCORNPINECREST,31,0,0,12,0,0,1,0,78,0,0,0,16,0,0,17,0,94,1,1,120,1,7,0,363,43,206,120,363
ALCORNRIENZI,63,0,1,10,4,0,4,0,147,1,0,0,17,0,1,27,0,162,1,7,145,2,6,1,724,78,359,145,724
ALCORNSHADY GROVE,26,0,1,18,1,1,2,0,115,0,0,3,20,0,0,24,0,153,0,1,108,0,7,1,648,46,318,108,648
ALCORNSOUTH CORINTH,213,1,0,29,1,0,6,0,82,0,1,0,12,0,0,16,0,125,1,6,629,4,15,3,479,244,242,629,479
ALCORNUNION CENTER,41,0,2,11,3,2,1,1,111,0,0,3,6,0,0,18,0,211,1,1,80,1,7,0,832,57,353,80,832
ALCORNWENASOGA,59,0,0,21,0,0,3,0,104,0,0,1,16,0,1,16,0,152,0,3,147,1,11,0,665,80,293,147,665
ALCORNWEST CORINTH,37,0,0,18,0,1,5,1,64,0,0,0,25,0,2,14,0,102,0,9,107,4,10,0,418,55,214,107,418
AMITEAMITE RIVER,93,0,0,5,1,3,0,0,23,0,0,1,1,0,0,1,0,44,0,0,185,1,2,0,131,99,73,185,131
AMITEARIEL,113,0,0,12,0,0,0,0,12,0,0,0,0,0,0,0,0,17,0,0,221,0,1,0,72,125,29,221,72
AMITEBERWICK,127,0,2,4,0,0,0,0,19,0,0,0,0,0,0,0,0,28,0,0,244,2,0,0,109,133,47,244,109
AMITECROSBY,58,0,0,4,2,0,0,0,20,0,0,0,1,0,0,2,0,39,0,1,98,0,0,1,92,64,62,98,92
AMITEEAST CENTERVILLE,59,0,0,6,0,0,0,0,49,0,0,0,3,0,0,8,0,51,0,0,128,0,0,0,223,65,111,128,223
AMITEEAST FORK,28,0,0,12,0,5,1,0,61,0,0,0,9,0,0,5,0,102,2,0,83,1,2,0,332,40,183,83,332
AMITEEAST GLOSTER,36,0,0,3,1,2,1,0,34,0,0,0,8,0,0,5,0,60,1,2,69,0,1,0,182,40,110,69,182
AMITEEAST LIBERTY,32,0,2,5,0,0,0,0,60,0,0,0,3,0,0,5,0,40,0,0,62,0,3,0,185,39,108,62,185
AMITEGLOSTER,240,2,0,12,1,1,0,0,16,0,0,0,0,0,0,4,0,26,0,1,493,2,4,0,125,255,47,493,125
AMITEHOMOCHITTO,2,0,0,2,1,0,0,0,16,0,0,1,3,0,0,0,0,26,0,1,7,0,0,0,67,5,46,7,67
AMITELIBERTY,59,0,0,14,2,1,5,0,91,0,0,1,24,0,2,7,0,111,1,0,143,1,6,1,406,75,242,143,406
AMITENEW ZION,26,0,0,4,0,2,2,1,76,0,0,1,9,0,0,6,0,70,0,0,45,0,2,0,281,30,167,45,281
AMITEONELL,2,0,0,4,0,0,0,0,46,0,0,0,6,0,0,4,1,72,0,0,7,0,0,0,218,6,129,7,218
AMITERICEVILLE,60,0,0,5,1,0,2,0,41,0,0,0,12,0,0,5,0,53,0,1,149,0,4,0,171,66,113,149,171
AMITESMITHDALE,60,0,0,15,1,1,1,0,53,0,0,0,7,0,0,1,0,73,0,0,135,0,1,0,236,76,136,135,236
AMITESOUTH LIBERTY,94,0,0,9,0,0,0,0,15,0,0,0,1,0,0,1,0,32,0,0,193,1,3,1,111,103,49,193,111
AMITETANGIPAHOA,21,0,1,2,1,0,0,0,81,0,1,0,25,0,1,11,0,121,0,0,54,0,1,0,392,25,240,54,392
AMITETICKFAW,64,1,0,4,1,0,0,0,16,0,0,0,2,0,0,2,0,38,0,2,114,0,1,2,122,70,58,114,122
AMITEVANCE PARK,14,0,0,3,0,5,1,0,27,0,0,0,0,0,0,7,0,35,0,0,30,0,1,0,172,17,75,30,172
AMITEWALLS,81,0,0,2,2,0,2,1,52,1,0,1,15,0,0,5,0,107,0,0,176,0,4,0,359,85,184,176,359
AMITEZION HILL,35,0,2,5,0,0,0,0,80,0,0,0,5,0,0,3,0,85,0,1,61,0,2,0,303,42,173,61,303
ATTALABEREA,4,0,0,1,0,1,3,0,23,0,1,0,3,0,0,0,0,30,0,2,4,0,0,0,110,5,61,4,110
ATTALACARMACK,2,0,0,2,0,0,3,0,40,0,0,3,4,0,0,2,0,66,0,2,9,1,3,0,192,4,118,9,192
ATTALAEAST,36,0,1,12,0,0,1,0,129,0,0,0,47,0,0,30,0,131,1,0,127,2,11,0,556,49,338,127,556
ATTALAETHEL,46,2,1,6,1,1,3,1,34,0,0,2,1,0,0,4,0,64,0,0,98,0,3,1,207,56,110,98,207
ATTALAHESTERVILLE,11,0,0,3,0,0,1,0,23,0,0,2,9,0,0,10,0,54,0,4,26,0,1,0,175,14,99,26,175
ATTALALIBERTY CHAPEL,28,0,0,1,0,1,3,0,38,0,0,0,2,0,0,4,0,48,0,0,52,2,4,0,188,29,96,52,188
ATTALAMCADAMS,66,0,0,6,0,0,0,0,26,0,0,0,1,0,0,3,0,34,0,1,141,1,0,0,125,72,64,141,125
ATTALAMCCOOL,62,0,0,7,0,0,0,0,35,0,0,1,1,0,0,5,0,50,0,2,105,1,3,0,169,69,92,105,169
ATTALANEWPORT,50,0,0,8,0,0,1,0,22,0,0,0,9,0,0,2,0,38,1,1,123,0,1,0,146,58,72,123,146
ATTALANORTH CENTRAL,12,0,0,5,0,0,5,0,47,0,0,0,9,0,0,8,0,72,0,1,27,0,3,0,240,17,141,27,240
ATTALANORTH EAST,362,0,2,41,1,2,3,0,55,0,0,0,4,0,0,5,0,64,0,3,767,1,5,3,271,406,133,767,271
ATTALANORTH WEST,95,0,0,15,0,0,0,1,44,0,0,1,14,0,0,6,0,65,0,1,251,3,5,0,385,110,131,251,385
ATTALAPOSSUMNECK,42,1,0,13,0,1,1,0,35,0,0,0,8,0,0,5,1,38,1,1,73,0,1,0,132,56,89,73,132
ATTALAPROVIDENCE,8,0,0,1,0,3,0,0,61,0,0,0,8,1,0,2,0,69,0,0,21,0,2,0,246,9,144,21,246
ATTALASALLIS,312,0,1,20,2,0,1,0,60,0,0,0,7,0,0,5,0,75,0,3,533,0,1,2,240,335,148,533,240
ATTALASOUTH CENTRAL,136,0,2,21,1,2,5,0,78,0,1,0,11,0,0,12,0,119,0,6,289,2,4,0,394,160,228,289,394
ATTALASOUTH WEST,80,0,3,10,0,1,1,0,17,0,0,0,3,0,0,1,0,31,0,3,205,0,0,1,94,93,54,205,94
ATTALATHOMPSON,3,0,0,2,0,0,1,1,15,0,0,1,2,0,0,1,0,28,0,0,7,0,0,0,109,5,49,7,109
ATTALAWILLIAMSVILLE,171,1,0,21,2,2,8,0,133,0,0,0,35,0,0,23,0,230,0,1,314,3,10,1,751,195,431,314,751
ATTALAZAMA,40,0,1,5,0,0,0,0,27,1,0,1,3,0,0,9,0,60,0,1,70,1,0,0,167,46,101,70,167
BENTONASHLAND DISTRICT 3,146,0,0,26,2,2,1,0,95,0,0,2,15,0,0,9,0,125,0,2,366,1,12,0,469,174,249,366,469
BENTONCANAAN DISTRICT 1,163,0,0,16,0,0,3,1,41,0,0,0,5,0,0,3,1,89,0,0,475,1,2,0,299,179,143,475,299
BENTONFLOYD DIST 4,67,0,0,32,1,1,1,0,98,1,0,2,5,0,0,13,0,155,0,1,179,3,8,0,573,100,276,179,573
BENTONHICKORY FLAT PREC DIST 5,43,0,0,2,0,3,5,1,132,0,0,3,12,0,1,13,0,209,1,0,105,2,3,0,724,45,379,105,724
BENTONLAMAR DISTRICT 2,212,0,1,21,0,0,2,0,36,0,0,0,0,0,0,6,0,39,0,2,594,2,3,0,186,234,83,594,186
BENTONNAN,631,0,1,107,3,6,12,2,402,1,0,7,37,0,1,44,1,617,1,5,1719,9,28,0,2251,742,1130,1719,2251
BOLIVARBENOIT,64,1,2,5,0,0,2,1,15,0,0,0,4,0,0,1,0,30,0,1,237,0,0,1,81,72,53,237,81
BOLIVARBEULAH,65,0,0,13,0,0,0,0,0,0,0,0,1,0,0,0,0,6,0,0,154,0,0,0,19,78,7,154,19
BOLIVARBOYLE,66,0,0,16,0,0,2,0,58,0,0,0,32,1,0,14,0,169,1,2,177,1,4,1,506,82,276,177,506
BOLIVARCHOCTAW,52,0,0,8,1,0,0,1,4,0,0,0,0,0,0,3,1,13,0,0,125,1,1,0,27,61,22,125,27
BOLIVARCLEVELAND COURTHOUSE,19,0,0,12,0,0,5,0,20,0,0,1,30,0,1,13,0,46,0,2,60,4,9,0,161,31,116,60,161
BOLIVARDUNCAN-ALLIGATOR,42,0,0,10,0,0,2,0,6,0,0,0,7,0,0,2,0,22,0,1,174,1,1,1,55,52,39,174,55
BOLIVAREAST CENTRAL CLEVELAND,121,1,0,19,0,0,0,0,1,0,0,0,0,0,0,0,0,0,0,1,418,0,1,0,4,141,1,418,4
BOLIVAREAST CLEVELAND,403,2,1,54,1,0,2,0,2,0,0,0,2,0,0,1,0,0,1,3,921,2,2,2,29,461,7,921,29
BOLIVAREAST ROSEDALE,131,0,0,18,0,0,0,0,0,0,0,0,3,0,0,0,0,14,0,2,492,1,0,1,33,149,17,492,33
BOLIVAREASTGATE,151,0,0,23,0,0,0,0,6,0,1,0,0,0,0,0,0,6,0,0,499,0,0,0,38,174,13,499,38
BOLIVARGUNNISON,81,0,0,8,0,0,0,0,10,0,0,0,2,0,0,0,0,36,1,1,203,0,1,0,74,89,48,203,74
BOLIVARLONGSHOT,8,0,0,1,0,0,0,0,4,0,0,0,6,0,0,1,0,25,0,0,22,0,0,0,63,9,36,22,63
BOLIVARMERIGOLD,81,0,0,8,1,0,2,0,20,0,0,2,8,0,0,5,0,56,0,0,157,1,1,0,141,90,93,157,141
BOLIVARMOUND BAYOU,373,1,1,49,3,0,2,0,12,0,0,0,5,0,0,0,0,18,0,3,1004,2,4,0,74,427,37,1004,74
BOLIVARNAN,3118,10,6,519,9,3,54,5,608,2,1,12,382,1,1,170,1,1409,7,32,9046,38,100,11,4590,3662,2649,9046,4590
BOLIVARNORTH CLEVELAND,131,1,0,27,0,0,1,0,10,0,0,0,6,0,0,3,0,25,0,1,364,1,6,0,85,159,45,364,85
BOLIVARNORTH WEST CLEVELAND,28,0,1,14,0,0,3,0,79,1,0,3,71,0,0,26,0,213,1,0,117,3,11,0,685,43,396,117,685
BOLIVARPACE,91,0,0,9,0,0,0,0,0,0,0,0,3,0,0,2,0,22,0,1,227,0,1,0,63,100,27,227,63
BOLIVARRENOVA,112,1,1,9,0,0,1,0,2,0,0,0,0,0,0,0,0,3,0,0,231,1,1,0,14,123,6,231,14
BOLIVARSCOTT,26,0,0,4,0,0,0,0,15,0,0,0,3,0,0,1,0,21,0,0,77,0,0,0,72,30,40,77,72
BOLIVARSHAW,262,0,0,43,1,0,4,0,25,0,0,1,4,0,0,4,0,39,0,2,880,1,3,1,146,306,77,880,146
BOLIVARSHELBY,301,0,0,32,2,0,0,0,11,0,0,0,5,0,0,4,0,22,2,1,898,7,3,2,67,335,42,898,67
BOLIVARSKENE,3,0,0,1,0,0,1,0,31,1,0,0,6,0,0,8,0,64,0,0,8,0,2,0,189,4,111,8,189
BOLIVARSOUTH CLEVELAND,260,1,0,37,0,0,1,0,5,0,0,0,0,0,0,0,0,12,0,0,824,3,1,1,47,298,18,824,47
BOLIVARSTRINGTOWN,1,0,0,0,0,0,0,0,11,0,0,0,3,0,0,0,0,8,0,0,4,0,0,0,32,1,22,4,32
BOLIVARWEST CENTRAL CLEVELAND,38,0,0,33,0,0,10,1,103,0,0,1,47,0,0,24,0,195,1,8,123,7,11,1,656,71,381,123,656
BOLIVARWEST CLEVELAND,53,0,0,46,0,3,16,2,150,0,0,2,127,0,0,50,0,323,0,2,214,2,34,0,1150,99,673,214,1150
BOLIVARWEST ROSEDALE,60,0,0,12,0,0,0,0,8,0,0,2,7,0,0,8,0,19,0,1,231,0,2,0,70,72,44,231,70
BOLIVARWINSTONVILLE,95,2,0,8,0,0,0,0,0,0,0,0,0,0,0,0,0,2,0,0,205,0,1,0,9,105,2,205,9
CALHOUNBANNER,15,1,0,8,0,0,2,0,54,0,0,2,9,0,0,7,0,141,0,0,38,1,6,0,347,24,215,38,347
CALHOUNBRUCE #3,78,0,1,18,1,1,5,0,105,0,0,3,21,0,0,19,0,260,1,0,213,1,9,0,695,98,414,213,695
CALHOUNCALHOUN CITY #1,145,0,0,15,1,0,4,0,67,0,1,0,4,0,0,7,0,74,1,4,380,1,5,0,313,161,157,380,313
CALHOUNCALHOUN CITY 4,86,1,0,14,1,1,9,0,151,0,0,2,26,0,1,14,0,208,2,7,246,0,2,0,775,102,412,246,775
CALHOUNDERMA #4,36,0,0,10,2,2,0,0,62,0,0,0,8,0,0,3,0,102,0,2,74,0,1,0,286,48,177,74,286
CALHOUNDERMA #5,30,0,0,5,0,0,6,0,81,1,0,1,7,0,1,9,0,110,0,1,90,0,3,0,371,35,216,90,371
CALHOUNNAN,750,3,3,120,7,6,44,2,817,1,1,11,116,1,3,84,0,1324,5,26,1910,11,49,5,4390,883,2410,1910,4390
CALHOUNNORTHEAST CALHOUN,39,0,2,14,0,0,7,1,103,0,0,0,20,0,0,13,0,190,0,3,92,3,6,0,634,55,334,92,634
CALHOUNPITTSBORO #1,163,0,0,14,2,0,1,0,19,0,0,0,1,0,0,1,0,25,0,1,425,4,8,0,86,179,47,425,86
CALHOUNPITTSBORO #2,51,1,0,6,0,0,6,1,73,0,0,1,7,1,1,6,0,92,0,3,142,0,2,5,420,58,188,142,420
CALHOUNVARDAMAN,107,0,0,16,0,2,4,0,102,0,0,2,13,0,0,5,0,122,1,5,210,1,7,0,463,123,250,210,463
CARROLL430 SCHOOL,96,0,1,6,0,0,0,0,9,0,0,0,1,0,0,3,0,28,1,1,168,0,0,0,89,103,41,168,89
CARROLLBLACK HAWK,46,0,0,3,0,0,1,1,26,0,0,0,4,0,0,3,0,72,0,0,67,1,1,1,198,49,107,67,198
CARROLLCALVARY,1,0,0,1,1,0,0,0,27,1,0,0,2,0,0,5,0,47,0,0,3,0,0,0,161,3,82,3,161
CARROLLCARROLLTON,25,2,0,5,0,0,4,0,52,0,0,1,18,1,0,12,0,69,0,2,58,0,4,0,306,32,157,58,306
CARROLLEAST VALDEN,127,2,0,5,0,4,2,0,72,0,0,2,11,0,0,11,0,77,0,0,268,2,4,0,305,134,179,268,305
CARROLLFIRE TOWER,219,0,1,13,0,0,1,0,44,0,0,0,9,0,0,3,0,57,0,0,437,2,6,1,219,233,114,437,219
CARROLLGRAVEL HILL,19,0,0,1,0,0,2,0,55,0,0,0,20,0,0,12,0,128,0,0,42,0,3,0,429,20,217,42,429
CARROLLJEFFERSON,10,0,0,2,0,0,0,0,31,0,0,1,5,0,0,0,0,57,0,1,26,0,1,0,152,12,94,26,152
CARROLLMCCARLEY,67,1,0,7,0,0,1,0,56,0,0,1,6,0,0,7,0,69,1,0,135,1,1,0,232,75,140,135,232
CARROLLNORTH CARROLLTON,34,0,1,2,0,0,2,0,69,0,0,1,20,0,0,6,0,103,0,1,71,0,4,0,368,37,201,71,368
CARROLLRAYS SHOP,17,0,0,3,0,0,5,2,102,0,0,5,21,0,1,11,0,254,1,0,62,0,2,0,721,20,401,62,721
CARROLLSALEM,77,1,0,9,0,0,0,0,13,0,0,0,5,0,0,4,0,16,0,0,147,0,0,0,71,87,38,147,71
CARROLLWEST CARROLL,6,0,0,5,1,1,2,1,60,0,0,1,21,0,1,9,0,108,0,1,27,2,2,0,350,12,204,27,350
CARROLLWEST VALDEN,90,0,1,5,0,0,2,0,35,0,1,1,6,0,0,0,0,54,0,0,169,1,1,0,198,96,99,169,198
CHICKASAWANCHOR 001,42,0,2,13,0,1,3,0,104,0,0,0,14,0,0,25,1,136,0,3,122,3,8,1,472,57,284,122,472
CHICKASAWBUENA VISTA 002,151,0,2,26,0,0,0,0,23,0,0,1,1,0,0,3,0,33,0,3,377,1,2,1,105,179,61,377,105
CHICKASAWEAST OKOLONA 004,285,3,4,34,1,0,0,0,15,0,1,0,1,0,0,3,0,7,0,1,657,2,2,2,70,327,27,657,70
CHICKASAWEGYPT 003,94,0,1,25,0,0,0,0,23,0,0,2,3,0,1,0,0,28,0,2,228,0,4,1,130,120,57,228,130
CHICKASAWNORTH HOULKA 005,53,0,0,10,0,0,2,0,24,0,0,0,0,0,0,1,0,25,1,2,177,1,0,1,117,63,52,177,117
CHICKASAWNORTH OKOLONA 006,135,0,0,17,1,1,3,0,47,0,0,0,5,0,0,4,0,75,1,0,281,0,5,1,252,153,135,281,252
CHICKASAWNORTHWEST HOUSTON 007,263,0,0,42,2,1,4,0,41,0,0,0,2,0,0,6,0,47,1,2,670,0,7,0,194,307,101,670,194
CHICKASAWPEARSALL 009,38,1,0,7,1,0,4,0,52,0,0,0,4,0,0,8,0,62,0,1,79,0,4,0,248,47,130,79,248
CHICKASAWPLEASANT GROVE THORN 008,19,0,0,17,0,2,5,0,78,0,0,1,6,0,0,7,0,134,0,4,47,2,8,0,485,36,233,47,485
CHICKASAWSOUTH HOULKA 011,46,0,0,14,0,1,6,0,29,0,0,3,5,0,0,6,0,80,0,2,121,0,4,1,339,60,130,121,339
CHICKASAWSOUTHEAST HOUSTON 010,74,0,1,25,0,2,14,0,171,0,1,7,32,1,0,25,0,246,0,3,229,1,4,1,970,100,499,229,970
CHICKASAWSPARTA 012,30,1,0,8,0,0,3,0,30,0,0,2,6,0,0,3,0,43,0,1,63,0,5,0,152,39,87,63,152
CHICKASAWVAN VLEET 013,32,0,0,14,0,1,0,0,37,0,1,0,6,0,0,1,0,46,1,1,116,0,5,0,169,46,92,116,169
CHICKASAWWEST OKOLONA 014,143,0,0,20,0,0,3,0,39,0,0,2,14,0,0,9,1,81,1,0,354,2,3,1,306,163,149,354,306
CHICKASAWWOODLAND 015,47,0,0,3,1,0,1,0,22,0,0,1,2,0,0,5,0,36,1,0,128,0,0,0,118,51,67,128,118
CHOCTAWBYWY,27,1,0,7,0,1,2,0,32,0,0,0,3,0,0,2,0,52,0,1,58,2,0,1,144,35,92,58,144
CHOCTAWCHESTER,23,0,0,1,0,1,7,1,36,0,0,0,6,0,0,7,0,65,1,0,74,0,0,0,180,24,123,74,180
CHOCTAWDISTRICT 5,47,1,0,17,0,1,7,0,168,1,0,0,38,0,0,23,0,189,0,6,147,3,4,0,706,65,427,147,706
CHOCTAWEAST WEIR,117,0,0,23,1,0,0,0,15,0,0,0,2,0,0,2,0,14,0,1,219,2,3,0,77,141,33,219,77
CHOCTAWFENTRESS,30,1,0,7,0,0,3,0,54,0,0,1,0,0,0,3,0,43,0,0,67,0,4,0,196,38,104,67,196
CHOCTAWFRENCH CAMP,23,0,0,3,0,0,7,0,90,0,0,0,14,0,0,10,0,45,0,0,57,0,6,2,240,26,166,57,240
CHOCTAWHEBRON,11,0,0,5,0,0,0,0,29,0,0,1,9,0,0,1,0,67,1,1,21,1,1,0,161,16,107,21,161
CHOCTAWKENEGO,6,0,0,4,0,0,3,0,41,0,0,0,2,0,1,6,0,74,0,1,17,0,0,0,223,10,127,17,223
CHOCTAWNAN,543,4,0,98,2,12,29,2,642,1,0,3,106,0,2,70,0,800,6,12,1218,12,26,3,2788,647,1667,1218,2788
CHOCTAWPANHANDLE,29,1,0,4,1,2,2,0,32,0,0,0,4,0,0,2,0,43,1,1,82,2,2,0,128,35,85,82,128
CHOCTAWREFORM,45,0,0,9,0,4,1,0,34,0,0,0,2,0,0,2,0,66,0,1,100,1,1,0,197,54,109,100,197
CHOCTAWSHERWOOD,3,0,0,1,0,3,0,1,61,0,0,1,9,0,0,5,0,60,0,0,15,1,2,0,311,4,140,15,311
CHOCTAWSOUTHWEST ACKERMAN,136,0,0,12,0,0,0,0,10,0,0,0,6,0,0,0,0,10,2,0,262,0,0,0,51,148,26,262,51
CHOCTAWWEST WEIR,46,0,0,5,0,0,2,0,40,0,0,0,11,0,1,4,0,52,1,0,99,0,3,0,174,51,110,99,174
CLAIBORNECOUNTY PRECINCT 1-A,263,1,1,32,1,0,0,0,13,0,0,0,3,0,0,6,0,26,0,0,544,0,4,0,90,298,48,544,90
CLAIBORNECOUNTY PRECINCT 1-B,118,0,0,26,0,0,0,0,0,0,0,0,0,0,0,0,0,0,0,0,295,2,1,0,4,144,0,295,4
CLAIBORNECOUNTY PRECINCT 2-A,212,0,1,18,0,0,1,0,0,0,0,0,0,0,0,0,0,2,1,2,417,0,0,1,71,231,3,417,71
CLAIBORNECOUNTY PRECINCT 2-B,116,0,0,10,0,0,2,0,9,0,0,1,4,0,0,1,0,19,0,0,221,0,0,0,26,126,36,221,26
CLAIBORNECOUNTY PRECINCT 3-A,305,1,2,22,2,0,1,0,23,0,0,0,6,0,0,3,0,33,0,1,670,1,2,1,150,332,66,670,150
CLAIBORNECOUNTY PRECINCT 3-B,7,0,0,1,0,0,0,0,1,0,0,0,0,0,0,0,0,11,0,0,12,0,0,0,27,8,12,12,27
CLAIBORNECOUNTY PRECINCT 4-A,150,0,0,10,0,0,2,0,8,0,0,0,2,0,0,4,0,39,0,0,340,0,0,0,63,160,55,340,63
CLAIBORNECOUNTY PRECINCT 4-B,190,1,0,36,1,0,0,0,0,0,0,0,0,0,0,0,0,4,0,0,401,1,0,0,47,228,4,401,47
CLAIBORNECOUNTY PRECINCT 5-A,199,0,1,18,0,0,1,0,13,0,0,0,2,0,0,0,0,11,3,3,406,0,0,0,23,218,27,406,23
CLAIBORNECOUNTY PRECINCT 5-B,191,0,0,20,0,0,0,0,1,0,0,0,0,0,0,2,0,3,0,0,402,1,0,0,39,211,6,402,39
CLARKEBEAVERDAM,84,0,0,3,0,0,0,0,9,0,0,0,3,0,0,0,0,18,0,1,140,0,0,0,61,87,30,140,61
CLARKECARMICHAEL,35,1,0,5,0,0,1,0,42,0,1,0,5,0,0,2,0,45,0,1,67,0,1,0,161,41,96,67,161
CLARKEDESOTO,51,0,1,18,9,0,5,0,22,0,0,0,1,0,0,3,0,44,0,1,125,0,0,0,116,79,75,125,116
CLARKEEAST QUITMAN,34,0,0,14,0,1,14,0,219,0,0,0,47,0,1,21,0,284,0,6,96,8,4,0,1018,48,587,96,1018
CLARKEENERGY,2,0,0,0,0,0,2,0,43,0,0,1,7,0,0,5,0,60,0,0,12,0,1,0,178,2,118,12,178
CLARKEENTERPRISE,75,0,0,15,0,0,7,0,193,0,0,0,31,0,0,28,0,234,0,2,195,0,4,0,956,90,493,195,956
CLARKEHARMONY DIST. 1,19,0,0,3,0,0,3,0,8,0,0,0,0,0,0,1,0,19,0,0,42,0,0,0,83,22,31,42,83
CLARKEHARMONY DIST. 2,36,0,0,7,1,0,0,0,28,0,0,0,10,0,0,5,0,45,0,0,105,1,1,0,166,44,88,105,166
CLARKEHOPEWELL,35,0,0,6,0,0,0,0,17,0,1,0,5,0,0,0,0,19,1,0,74,0,1,0,55,41,42,74,55
CLARKELANGSDALE,15,0,0,0,0,0,0,0,2,0,0,0,1,0,0,0,0,7,0,0,36,0,0,0,15,15,10,36,15
CLARKEMANASSA,0,0,0,0,0,0,0,0,24,0,0,0,2,0,0,3,0,33,0,0,6,0,0,0,100,0,62,6,100
CLARKENORTH QUITMAN,32,0,0,3,0,0,2,0,48,0,0,1,14,0,0,9,0,79,1,1,70,0,2,0,246,35,153,70,246
CLARKEOAKGROVE,87,0,0,13,1,0,0,0,8,0,0,0,0,0,0,3,0,11,0,1,216,0,1,0,35,101,22,216,35
CLARKEPACHUTA,79,2,1,8,1,0,1,0,25,0,0,1,1,0,0,0,1,23,0,1,163,0,1,0,83,91,52,163,83
CLARKEROLLING CREEK,6,0,0,0,0,1,2,0,52,0,0,0,7,0,0,6,0,70,0,0,18,0,0,0,189,6,138,18,189
CLARKESHUBUTA,186,2,0,13,0,0,1,0,23,0,0,0,6,0,0,0,0,24,0,0,400,0,4,0,97,201,54,400,97
CLARKESNELL,2,0,0,1,0,0,6,0,41,0,0,3,8,0,0,2,0,50,0,0,2,0,0,0,152,3,110,2,152
CLARKESOUINLOVIE,6,0,0,7,0,1,2,0,21,0,0,0,0,0,1,5,0,47,0,1,24,1,2,0,145,13,77,24,145
CLARKESOUTH QUITMAN,173,0,1,18,0,0,9,0,47,0,0,0,5,0,1,9,0,65,0,4,402,4,1,1,254,192,136,402,254
CLARKESPRINGS,34,0,0,3,1,0,1,0,12,0,0,0,0,0,0,2,0,20,0,0,70,0,0,0,60,38,35,70,60
CLARKESTONEWALL DIST. 1,95,0,1,17,0,0,0,0,19,0,0,0,3,0,0,2,0,30,0,0,218,0,1,0,98,113,54,218,98
CLARKESTONEWALL DIST. 3,23,0,0,1,2,1,7,0,69,0,0,0,7,0,1,9,0,120,1,2,69,0,3,0,322,26,214,69,322
CLARKEUNION,8,0,0,5,0,0,11,1,140,0,1,1,23,0,0,16,0,137,0,0,35,1,2,0,547,13,330,35,547
CLAYCAIRO,72,0,1,10,0,2,2,0,48,0,0,0,3,0,0,3,0,57,0,0,159,0,1,0,172,83,115,159,172
CLAYCARADINE,216,0,0,19,0,0,0,0,19,0,0,0,2,0,0,4,0,15,0,4,544,0,0,0,88,235,40,544,88
CLAYCEDAR BLUFF,9,0,0,8,1,0,2,0,33,0,0,0,2,0,0,0,0,54,0,0,23,0,3,0,163,18,91,23,163
CLAYCENTRAL-WEST POINT,177,0,0,34,1,3,1,1,87,0,0,1,27,0,1,16,0,91,0,1,473,1,15,0,360,212,228,473,360
CLAYEAST-WEST POINT,198,0,1,35,3,1,8,2,188,1,0,2,72,2,0,37,0,221,0,4,504,0,16,4,874,237,534,504,874
CLAYNORTH-WEST POINT,311,1,0,42,3,1,12,0,118,0,0,0,26,0,0,20,0,132,1,8,756,5,6,0,562,357,309,756,562
CLAYPHEBA,105,2,0,22,1,2,2,0,54,0,0,0,3,0,0,1,0,72,1,0,248,2,2,1,223,130,134,248,223
CLAYPINE BLUFF,146,1,0,11,2,0,1,0,13,0,0,0,0,0,0,2,0,24,0,1,288,0,3,0,71,160,40,288,71
CLAYSILOAM,144,1,1,29,1,1,6,0,112,0,0,1,15,0,0,11,0,123,2,0,294,1,1,0,501,176,269,294,501
CLAYSOUTH-WEST POINT,299,2,1,42,2,0,2,0,60,0,0,0,17,0,0,15,1,77,2,2,745,7,6,0,301,346,172,745,301
CLAYTIBBEE,87,1,0,13,0,0,0,0,28,0,0,0,1,0,0,3,0,29,1,1,179,0,3,1,119,101,61,179,119
CLAYUNION STAR,161,0,1,19,2,0,2,0,38,0,1,0,9,0,1,5,0,71,0,1,284,1,6,0,221,183,127,284,221
CLAYVINTON,140,0,2,27,0,1,2,0,26,0,0,2,7,0,0,1,0,81,0,0,277,0,4,1,201,169,120,277,201
CLAYWEST-WEST POINT,392,1,2,49,1,1,3,0,69,0,1,1,6,0,0,1,0,53,1,3,948,3,3,2,294,445,135,948,294
COAHOMABOBO,35,0,0,5,0,0,0,0,4,0,0,0,1,0,0,1,0,11,0,0,79,0,0,0,39,40,17,79,39
COAHOMACAGLE CROSSING,9,0,0,2,0,0,0,0,3,0,0,0,2,0,0,0,0,15,0,0,16,0,0,0,34,11,20,16,34
COAHOMACLARKSDALE #2,171,5,0,78,3,0,3,0,78,0,0,2,31,0,0,17,0,168,0,4,600,4,11,1,597,257,299,600,597
COAHOMACLARKSDALE #3,163,0,0,20,0,0,2,0,4,0,0,0,5,0,0,0,0,11,0,1,412,0,4,1,54,183,22,412,54
COAHOMACLARKSDALE #4,482,1,1,70,4,0,0,0,4,0,0,0,4,0,0,3,0,7,0,7,1199,5,5,2,51,558,18,1199,51
COAHOMACLARKSDALE #4 NORTH,44,0,0,13,1,0,0,0,9,0,0,0,7,0,0,3,0,16,0,0,100,0,3,0,74,58,35,100,74
COAHOMACLARKSDALE #5,356,4,3,66,4,1,0,0,25,0,0,0,8,0,0,7,0,48,1,6,1105,1,6,1,226,433,89,1105,226
COAHOMACLARKSDALE COURTHOUSE,107,2,4,34,4,0,3,0,22,1,0,0,8,0,1,2,0,67,0,4,401,0,7,0,228,151,104,401,228
COAHOMACOAHOMA,89,0,0,9,0,0,0,0,3,0,0,0,0,0,0,0,0,3,0,0,191,0,2,0,18,98,6,191,18
COAHOMADUBLIN,25,0,0,5,1,0,0,0,10,0,0,0,1,0,0,0,0,21,0,0,54,0,0,1,89,31,32,54,89
COAHOMAFARRELL,68,0,0,7,0,0,0,0,3,0,0,0,0,0,0,0,0,4,0,0,130,0,0,0,20,75,7,130,20
COAHOMAFRIARS POINT,154,1,2,30,2,0,0,0,0,0,0,0,4,0,0,1,0,6,0,2,485,1,1,0,47,189,11,485,47
COAHOMAJONESTOWN,260,0,1,27,0,0,0,0,2,0,0,0,0,0,0,0,0,1,0,1,609,0,1,0,10,288,3,609,10
COAHOMALULA,65,0,2,21,1,0,0,0,17,0,0,0,6,0,0,3,0,43,0,2,131,0,1,0,119,89,69,131,119
COAHOMALYON,107,2,2,37,1,0,5,0,70,0,0,0,63,0,0,22,0,140,0,1,313,0,11,1,588,149,300,313,588
COAHOMARENA LARA,16,0,1,11,0,2,0,2,28,0,0,0,6,0,0,7,0,47,0,1,30,0,1,0,181,28,92,30,181
COAHOMAROUNDAWAY,15,0,1,1,0,0,0,0,5,0,0,0,0,0,0,0,0,9,0,0,45,1,0,0,25,17,14,45,25
COAHOMASASSE STREET FIRE STATION,203,0,0,25,1,0,0,0,1,0,0,0,2,0,0,0,0,1,3,2,459,0,0,0,16,229,4,459,16
COAHOMASHERARD,8,0,0,2,0,0,0,0,0,0,0,0,0,0,0,0,0,3,0,0,19,1,0,0,10,10,3,19,10
COPIAHBEAUREGARD,63,0,2,17,0,1,3,1,76,0,0,1,8,0,0,9,0,137,0,1,132,0,4,1,382,82,236,132,382
COPIAHCARPENTER,72,0,1,5,1,0,0,0,11,0,0,0,2,0,0,0,0,24,0,0,130,1,0,0,51,79,37,130,51
COPIAHCENTERPOINT,174,2,1,23,2,1,3,0,81,0,0,0,12,0,3,8,0,192,0,0,303,2,2,3,465,202,300,303,465
COPIAHCRYSTAL SPRINGS EAST,348,0,0,49,1,5,5,1,257,0,0,2,48,0,1,32,0,365,0,6,683,2,15,3,1214,398,716,683,1214
COPIAHCRYSTAL SPRINGS NORTH,131,0,0,9,1,0,0,0,16,0,1,0,7,0,0,5,0,34,1,1,266,2,2,0,76,141,63,266,76
COPIAHCRYSTAL SPRINGS SOUTH,592,1,1,71,6,2,3,0,99,0,0,1,15,0,0,18,0,151,0,3,1145,1,10,1,455,671,289,1145,455
COPIAHCRYSTAL SPRINGS WEST,175,1,1,20,0,1,7,0,86,1,0,0,12,0,0,20,0,189,0,3,359,0,8,0,493,197,316,359,493
COPIAHDENTVILLE,10,0,1,2,0,1,0,0,12,0,0,0,2,0,0,4,0,52,2,1,42,1,0,0,144,13,71,42,144
COPIAHGALLMAN,372,0,0,48,0,3,4,1,1,0,2,2,2,0,0,1,0,1,3,3,769,3,7,2,646,420,17,769,646
COPIAHGEORGETOWN NORTH,100,1,0,12,0,1,1,0,13,1,0,0,4,0,0,2,0,23,0,1,175,0,1,1,90,113,45,175,90
COPIAHGEORGETOWN SOUTH,72,0,1,6,0,0,3,0,47,0,0,0,9,0,0,2,1,67,0,0,127,0,1,0,226,79,129,127,226
COPIAHHAZLEHURST EAST,499,2,1,44,2,0,0,0,3,0,0,0,3,0,0,1,1,18,0,1,1022,0,5,3,49,548,26,1022,49
COPIAHHAZLEHURST NORTH,50,1,1,5,0,0,0,0,7,0,0,0,8,0,0,1,0,13,0,0,104,0,0,0,45,57,29,104,45
COPIAHHAZLEHURST SOUTH,115,1,0,11,0,0,3,0,18,0,0,0,6,0,0,4,0,44,0,0,193,0,1,0,127,127,75,193,127
COPIAHHAZLEHURST WEST,409,0,1,40,1,2,2,0,35,1,0,0,29,0,0,7,1,76,0,2,836,1,3,2,224,451,153,836,224
COPIAHMARTINSVILLE,122,0,1,19,1,0,1,0,37,0,0,1,6,0,0,7,0,69,0,1,249,0,0,0,223,143,121,249,223
COPIAHSHADY GROVE,44,1,0,17,0,1,1,0,46,0,0,0,16,0,0,7,0,101,0,1,88,1,2,0,312,62,172,88,312
COPIAHSTRONGHOPE UNION,12,0,0,2,0,1,2,0,66,0,0,0,17,0,1,10,1,111,0,1,31,1,2,0,336,14,209,31,336
COPIAHWESSON,30,1,1,12,2,3,8,0,102,0,0,0,31,1,1,13,0,172,1,1,87,1,10,0,545,46,331,87,545
COVINGTONCOLLINS,253,1,2,34,1,0,6,1,153,0,0,2,14,1,1,8,0,239,0,6,706,4,12,2,718,291,425,706,718
COVINGTONDRY CREEK,121,0,1,10,0,0,1,0,15,0,0,1,0,0,0,1,0,19,0,2,270,0,0,0,89,132,37,270,89
COVINGTONGILMER,150,0,1,10,2,0,0,0,10,0,0,0,0,0,0,1,0,12,1,0,395,0,0,0,39,163,23,395,39
COVINGTONLONE STAR/BLACK JACK,29,0,1,5,0,0,0,0,36,0,0,0,3,0,0,2,0,58,0,1,65,0,0,0,172,35,99,65,172
COVINGTONMITCHELL,3,0,0,1,0,0,0,0,31,0,0,0,7,0,0,2,0,66,0,0,8,1,0,0,155,4,106,8,155
COVINGTONMT OLIVE,249,1,0,25,0,0,1,1,104,0,0,1,14,0,0,6,0,126,1,0,565,1,6,0,483,275,253,565,483
COVINGTONOKAHAY,268,1,1,20,1,0,0,0,24,0,0,0,4,0,1,0,0,29,0,3,507,1,3,0,81,291,58,507,81
COVINGTONRICHMOND,11,0,0,8,0,0,5,0,115,0,0,0,13,0,1,11,0,204,2,1,37,0,8,0,634,19,349,37,634
COVINGTONROCK HILL,5,0,0,1,0,0,1,1,31,0,0,0,1,0,0,1,0,41,0,0,15,0,4,1,109,6,76,15,109
COVINGTONSANFORD,19,1,0,7,0,0,6,0,120,0,0,1,15,0,0,13,0,201,0,2,63,1,6,0,692,27,356,63,692
COVINGTONSEMINARY,47,0,1,13,1,4,11,1,271,0,0,1,24,0,1,18,0,386,0,4,160,1,8,0,1285,62,717,160,1285
COVINGTONSOUTH COLLINS,8,0,0,4,0,1,0,1,58,1,0,0,8,0,1,5,0,91,0,0,44,0,5,0,278,12,166,44,278
COVINGTONSTATION CREEK,122,0,0,16,0,1,0,0,13,0,0,0,1,0,0,2,0,47,0,0,273,0,1,0,108,138,64,273,108
COVINGTONSTRAHAN,24,0,0,0,0,0,1,0,12,0,0,1,4,0,0,2,0,40,0,1,33,0,1,0,95,24,60,33,95
COVINGTONWEST COLLINS,3,0,0,0,0,0,3,0,13,0,0,1,2,0,0,2,0,30,0,0,10,0,3,0,84,3,51,10,84
COVINGTONWILLIAMSBURG,20,0,0,3,0,0,1,0,42,0,0,0,11,0,0,2,0,92,0,0,54,1,3,0,215,23,148,54,215
COVINGTONYAWN,34,0,1,8,0,0,0,0,47,0,0,0,8,0,1,3,0,56,0,0,71,2,1,0,198,43,115,71,198
DESOTOALPHABA COCKRUM,26,0,0,12,0,0,2,1,227,0,0,1,17,0,0,13,0,158,0,1,79,3,9,0,720,38,419,79,720
DESOTOBAKER'S CHAPEL,33,1,1,7,0,0,2,0,129,0,0,0,23,0,1,21,0,133,0,3,95,1,7,0,498,42,309,95,498
DESOTOBRIDGESTOWN,93,0,0,40,0,2,12,1,427,0,0,2,53,0,3,50,0,411,1,4,295,4,32,0,1523,133,961,295,1523
DESOTOCOLONIAL HILLS,40,0,0,26,0,0,7,2,132,0,0,0,21,0,2,21,0,146,0,0,167,8,16,0,550,66,331,167,550
DESOTOCUMBERLAND,212,0,0,63,0,0,4,0,224,0,0,1,36,0,0,33,0,154,1,5,720,12,22,0,699,275,452,720,699
DESOTODESOTO CENTRAL,148,0,0,45,0,3,15,1,494,0,0,1,71,0,1,65,0,388,1,15,572,14,54,0,1576,193,1039,572,1576
DESOTOELMORE,158,1,1,51,0,0,4,0,300,0,0,1,30,0,0,45,0,318,0,10,563,4,31,0,1129,211,698,563,1129
DESOTOEUDORA,54,0,1,77,0,0,3,1,207,0,0,0,18,0,1,14,0,249,0,7,210,5,29,0,900,132,493,210,900
DESOTOFAIRHAVEN,224,0,0,56,0,0,5,0,302,0,0,0,35,0,0,41,0,218,0,10,690,6,29,0,914,280,601,690,914
DESOTOGREENBROOK NORTH,294,0,0,75,0,3,7,2,308,0,0,1,25,0,0,36,0,289,0,12,1033,20,37,1,1104,369,671,1033,1104
DESOTOGREENBROOK SOUTH,232,2,0,113,1,3,5,1,594,0,1,6,60,0,0,62,0,463,0,19,864,15,64,0,2028,348,1195,864,2028
DESOTOHACKS CROSS ROAD,176,0,0,62,1,3,8,1,293,0,0,0,26,0,3,29,0,238,2,17,650,10,56,1,1059,239,601,650,1059
DESOTOHERNANDO CENTRAL,101,0,1,56,0,3,12,0,398,0,0,1,77,1,4,54,0,409,1,9,392,3,53,0,1626,158,959,392,1626
DESOTOHERNANDO EAST,140,0,2,70,1,3,15,2,836,0,0,1,127,0,1,126,1,672,2,15,562,13,65,0,2864,213,1784,562,2864
DESOTOHERNANDO WEST,169,0,0,34,1,4,15,1,554,0,0,4,88,0,1,59,3,430,0,14,654,13,79,0,1917,204,1159,654,1917
DESOTOHORN LAKE CENTRAL,135,1,0,40,1,1,0,0,154,0,0,0,17,0,0,27,0,141,1,8,464,5,18,0,557,177,340,464,557
DESOTOHORN LAKE EAST,178,0,1,53,0,0,6,0,127,1,0,0,7,0,0,10,0,112,3,3,672,11,15,2,438,232,263,672,438
DESOTOHORN LAKE HIGH SCHOOL,146,0,0,53,0,2,8,0,353,0,0,0,33,0,3,26,0,284,1,16,478,11,30,1,1118,199,709,478,1118
DESOTOHORN LAKE INTERMEDIATE,175,0,0,67,0,0,4,0,163,0,0,0,13,0,4,20,0,177,0,5,691,8,28,1,625,242,381,691,625
DESOTOHORN LAKE NORTH,191,0,3,59,0,2,2,0,118,0,0,0,17,0,0,12,0,168,1,5,736,9,20,1,576,253,319,736,576
DESOTOHORN LAKE WEST,117,0,1,60,0,0,6,1,121,0,0,1,15,0,0,14,0,150,1,2,557,9,18,0,561,178,308,557,561
DESOTOINGRAMS MILL,85,0,0,21,0,0,6,0,212,0,0,2,15,0,0,14,0,158,0,13,263,5,18,0,619,106,407,263,619
DESOTOLAKE CORMORANT,38,0,0,12,0,0,2,0,61,0,0,2,11,0,0,11,0,60,0,2,135,2,6,0,269,50,147,135,269
DESOTOLEWISBURG,147,0,1,58,0,5,10,1,588,0,0,0,84,0,0,87,0,378,1,16,577,7,47,0,1971,206,1153,577,1971
DESOTOLEWISBURG EAST,14,0,0,7,0,0,2,0,126,0,0,0,9,0,0,5,0,92,0,1,43,1,9,0,369,21,234,43,369
DESOTOLOVE,60,0,2,26,0,0,9,1,236,0,0,0,41,0,4,24,1,247,1,3,188,3,18,0,906,88,563,188,906
DESOTOMILLER,259,0,1,75,0,2,8,1,560,1,0,1,72,0,1,60,0,411,0,17,929,7,69,1,1764,335,1117,929,1764
DESOTOMINERAL WELLS,201,0,0,69,0,1,9,1,458,1,0,2,36,0,3,53,0,350,4,9,705,10,52,0,1422,270,914,705,1422
DESOTONESBIT EAST,124,1,1,33,0,0,4,0,280,0,0,0,27,0,0,44,0,242,0,4,423,4,30,0,1010,159,597,423,1010
DESOTONESBIT WEST,119,0,0,20,0,3,6,0,229,0,0,3,28,0,2,16,0,247,2,6,306,4,16,0,784,139,534,306,784
DESOTONORTHWEST COMMUNITY COLLEGE,170,0,0,92,0,1,2,0,308,0,0,0,18,0,2,41,0,230,0,6,880,5,48,0,1032,262,602,880,1032
DESOTOOLIVE BRANCH NORTH,171,0,0,76,0,2,5,0,344,0,0,1,51,0,2,51,0,272,2,8,709,7,41,1,1142,247,728,709,1142
DESOTOOLIVE BRANCH SOUTH,136,0,1,76,0,0,10,1,582,0,0,1,50,0,4,68,0,426,0,17,550,12,61,2,1880,213,1142,550,1880
DESOTOOLIVE BRANCH WEST,65,0,0,17,1,1,1,2,147,0,0,1,25,0,3,25,0,118,0,2,278,0,11,0,514,83,323,278,514
DESOTOPLEASANT HILL NORTH,179,0,0,49,0,2,15,1,488,0,0,2,55,0,3,76,1,372,0,12,491,8,40,0,1718,228,1015,491,1718
DESOTOSOUTHAVEN NORTH,125,0,2,84,0,1,7,0,322,0,0,0,32,0,2,37,0,339,1,16,503,12,43,0,1151,211,740,503,1151
DESOTOSOUTHAVEN SOUTH,102,0,0,26,0,1,1,1,57,0,0,1,11,0,0,9,0,61,0,6,467,7,8,0,210,128,142,467,210
DESOTOSOUTHAVEN WEST,189,0,0,67,0,0,5,0,183,0,0,2,23,0,2,17,0,241,1,4,714,10,31,0,801,256,473,714,801
DESOTOSUMMERSHILL,183,0,0,60,1,1,9,0,527,1,0,0,82,1,0,58,1,359,2,7,569,6,42,0,1517,244,1039,569,1517
DESOTOWALLS,213,0,0,87,0,2,7,1,268,0,0,2,30,0,0,37,1,312,2,6,717,14,27,1,1028,300,660,717,1028
FORRESTBAR MAC,81,1,2,46,0,2,11,1,389,0,0,1,44,0,0,37,0,425,1,8,270,3,34,1,1593,130,910,270,1593
FORRESTBROOKLYN,2,0,3,5,0,0,2,0,79,0,1,0,4,0,2,4,0,130,0,0,24,0,4,1,400,10,222,24,400
FORRESTBURGER CENTER,165,0,0,23,0,0,0,0,0,0,0,0,0,0,0,0,0,0,0,3,398,0,0,0,5,188,0,398,5
FORRESTCAMP,74,0,2,64,1,3,5,0,45,0,0,0,48,0,1,21,0,57,0,0,289,6,29,1,213,141,180,289,213
FORRESTCARNES,4,0,0,4,0,5,2,0,163,0,0,1,7,0,0,10,0,186,0,0,21,0,6,1,617,8,374,21,617
FORRESTCOURT STREET,151,0,0,34,0,1,0,0,21,0,0,0,27,0,0,5,0,15,0,0,421,0,10,0,80,185,69,421,80
FORRESTDANTZLER,10,0,0,4,0,1,5,0,99,0,0,1,11,0,1,6,0,117,0,3,22,2,7,0,415,14,241,22,415
FORRESTDIXIE,25,0,0,24,0,3,16,1,220,0,0,2,40,0,0,23,0,327,1,5,113,6,17,0,1050,49,632,113,1050
FORRESTDIXIE PINE CENTRAL,256,2,1,35,0,1,1,0,24,1,0,0,5,0,0,7,0,44,0,1,732,2,5,4,173,294,83,732,173
FORRESTEATONVILLE,47,0,1,25,0,1,9,2,141,0,0,0,18,0,1,15,0,166,0,2,149,2,9,0,523,73,353,149,523
FORRESTGLENDALE,302,0,0,35,2,2,3,0,49,0,0,1,5,1,0,4,0,95,1,2,628,5,7,1,253,339,160,628,253
FORRESTHATTIESBURG CULTURAL CENTER,201,0,2,59,0,0,0,0,5,1,0,0,2,0,1,0,0,16,0,3,605,2,5,0,39,262,25,605,39
FORRESTHIGHLAND PARK,134,1,0,97,0,0,2,0,72,1,0,0,21,0,1,23,0,41,0,5,529,6,31,0,247,232,161,529,247
FORRESTKAMPER PARK,146,1,1,123,0,3,6,0,91,0,0,1,76,0,0,34,0,130,1,4,516,14,52,0,441,271,341,516,441
FORRESTLEEVILLE,37,0,1,16,0,2,7,0,229,0,0,0,36,0,0,28,0,239,0,4,100,4,13,0,914,54,541,100,914
FORRESTLILLIE BURNEY,215,1,0,47,0,0,1,0,2,0,0,0,1,0,0,0,0,1,0,1,621,2,4,0,12,263,5,621,12
FORRESTMAXIE,16,0,0,2,1,0,1,0,31,0,0,0,9,0,0,1,0,49,0,0,32,1,3,0,145,19,91,32,145
FORRESTMCLAURIN,14,0,1,4,0,0,1,0,59,0,0,0,6,0,1,1,0,85,0,2,41,0,2,0,276,19,153,41,276
FORRESTNORTH HEIGHTS,236,0,3,69,1,0,1,0,19,0,0,0,6,0,0,4,0,29,0,6,657,8,12,1,89,309,59,657,89
FORRESTPETAL CIVIC CENTER,39,0,0,41,1,4,10,2,241,0,0,0,36,0,2,16,0,299,2,7,175,6,26,1,957,81,610,175,957
FORRESTPETAL MASONIC,28,0,0,27,1,3,8,0,202,0,0,0,41,0,0,24,1,257,0,6,131,6,40,1,897,56,536,131,897
FORRESTPINECREST,89,1,0,118,0,5,6,0,84,0,0,1,75,0,1,23,0,68,0,8,550,11,55,0,354,208,263,550,354
FORRESTRAWLS SPRINGS,136,0,2,37,0,1,1,0,99,0,0,1,27,0,0,10,0,140,0,3,404,3,9,0,425,175,279,404,425
FORRESTRICHBURG,57,0,0,9,0,0,1,0,92,0,0,0,48,0,0,11,0,70,0,2,131,2,8,0,308,66,222,131,308
FORRESTROWAN,234,1,0,20,0,0,0,0,0,0,0,0,0,0,0,0,0,0,0,2,532,1,2,0,7,255,0,532,7
FORRESTSALVATION ARMY,274,1,0,52,0,0,0,1,9,0,0,0,1,0,0,2,0,15,1,4,854,4,4,0,60,327,28,854,60
FORRESTSHEEPLO,80,1,0,16,0,0,5,1,85,0,0,1,9,0,0,5,1,138,0,1,205,2,4,0,467,97,245,205,467
FORRESTSIGLER CENTER,172,0,0,77,0,2,4,0,43,1,0,1,23,0,0,6,0,41,0,9,581,12,29,1,184,249,121,581,184
FORRESTSUNRISE,58,0,0,36,0,0,12,1,445,1,0,1,74,0,2,55,0,397,0,4,250,7,29,1,1688,94,988,250,1688
FORRESTTHAMES,128,0,0,84,1,1,5,1,285,0,0,0,282,1,0,62,1,283,0,8,484,11,62,2,1060,213,921,484,1060
FORRESTTIMBERTON,45,0,0,19,0,1,3,0,143,1,0,0,88,0,0,24,1,150,0,3,174,6,17,0,588,64,411,174,588
FORRESTTRAIN DEPOT,106,0,2,25,0,0,1,0,21,0,0,0,5,0,0,0,0,9,0,4,336,1,9,0,45,133,36,336,45
FORRESTWEST HILLS,44,0,0,28,0,0,3,0,76,1,0,0,50,0,0,16,0,82,0,1,199,3,15,0,316,72,228,199,316
FORRESTWEST PETAL,53,0,0,17,0,2,0,0,58,0,1,0,9,0,0,6,0,103,1,2,126,4,11,0,307,70,179,126,307
FORRESTWESTSIDE,122,0,0,63,0,0,5,0,84,0,0,1,40,0,1,24,0,91,1,2,416,7,28,0,313,185,246,416,313
FRANKLINANTIOCH,99,0,0,8,0,0,1,0,39,0,0,3,2,0,1,4,0,58,1,1,178,0,1,0,175,107,108,178,175
FRANKLINBAD BAYOU,4,0,1,2,0,1,5,0,64,0,0,0,37,0,0,8,0,76,0,0,12,0,1,0,335,7,191,12,335
FRANKLINBUDE,192,0,1,29,4,0,4,0,76,0,0,0,4,0,0,6,0,59,0,1,412,2,4,2,279,226,149,412,279
FRANKLINCAINS,36,0,0,6,0,0,4,0,53,1,0,1,5,0,0,5,0,53,0,3,56,2,0,0,187,42,122,56,187
FRANKLINEDDICETON,14,0,1,6,1,1,7,0,96,0,0,0,8,0,0,6,0,78,0,2,43,0,3,0,311,22,196,43,311
FRANKLINHAMBURG,89,0,0,19,0,1,2,0,7,0,0,0,3,0,0,0,0,16,0,3,189,3,1,0,68,108,29,189,68
FRANKLINKNOXVILLE,35,0,1,6,0,0,0,0,21,0,0,0,0,0,0,3,0,35,0,2,67,1,1,0,99,42,59,67,99
FRANKLINLUCIEN,16,0,0,2,0,0,2,0,27,0,0,0,4,0,0,2,0,46,0,0,23,1,0,0,145,18,81,23,145
FRANKLINMCCALL,22,0,0,10,1,3,2,0,54,0,0,0,9,0,0,5,0,87,0,2,60,3,1,0,259,33,160,60,259
FRANKLINMEADVILLE,28,0,0,5,0,0,5,0,76,0,0,0,14,0,1,12,0,97,1,4,74,0,4,1,322,33,205,74,322
FRANKLINPINE GROVE,3,0,0,2,0,0,1,0,32,0,0,0,5,0,0,0,0,20,0,0,9,0,1,0,110,5,58,9,110
FRANKLINROXIE,128,0,1,21,1,0,0,0,38,0,0,0,4,0,0,3,0,36,0,1,276,3,3,0,157,151,81,276,157
FRANKLINWESLEY CHAPEL,43,0,0,3,1,0,1,0,8,0,0,0,0,0,0,1,0,14,0,0,72,0,0,1,30,47,24,72,30
FRANKLINWHITTINGTON,11,0,0,3,0,1,5,0,56,1,0,1,7,0,0,4,0,83,0,4,31,1,2,0,244,14,158,31,244
GEORGEAGRICOLA,7,1,1,10,0,3,4,1,195,0,0,0,20,0,0,11,0,196,1,2,34,2,4,0,776,19,430,34,776
GEORGEBARTON,22,0,0,7,0,3,7,0,152,0,0,0,12,0,0,12,0,156,0,3,58,0,8,0,617,29,342,58,617
GEORGEBASIN,64,0,0,8,0,0,6,0,130,0,0,1,15,0,0,26,0,205,0,3,145,1,8,0,685,72,383,145,685
GEORGEBENNDALE,50,0,0,12,1,0,0,0,94,0,1,2,5,0,0,8,0,97,0,1,120,0,3,3,418,63,207,120,418
GEORGEBEXLEY,22,0,0,6,0,0,2,0,76,0,0,0,3,0,0,6,0,85,0,0,71,1,5,0,355,28,172,71,355
GEORGEBROOME,2,0,0,0,0,0,0,0,28,0,0,0,4,0,0,4,0,56,1,2,3,1,1,0,161,2,92,3,161
GEORGECENTRAL,5,0,2,5,0,0,0,0,54,0,1,1,3,0,0,4,0,39,0,1,20,0,1,0,204,12,102,20,204
GEORGECITY HALL,40,0,0,9,0,1,8,1,133,0,0,2,13,0,1,16,1,160,0,3,77,3,11,1,620,49,336,77,620
GEORGECOURTHOUSE,9,0,0,5,0,0,1,0,50,1,0,0,6,0,0,6,0,71,0,0,27,2,6,0,208,14,135,27,208
GEORGEDAVIS,7,0,0,2,2,1,4,0,90,0,1,0,1,6,6,5,0,65,0,3,22,0,1,1,316,11,179,22,316
GEORGEHOWELL,8,0,0,5,0,0,6,0,91,0,0,0,6,0,0,6,0,93,0,5,21,0,0,0,351,13,202,21,351
GEORGEMIDDLE SCHOOL,86,0,1,22,1,2,5,0,51,0,0,1,14,0,0,8,0,75,0,3,192,1,8,1,300,110,156,192,300
GEORGEMOVELLA,1,0,1,7,0,0,5,0,91,0,0,0,4,0,0,7,0,78,0,2,22,0,1,0,315,9,185,22,315
GEORGEMULTI MART,7,0,0,5,0,0,3,0,35,0,0,1,6,0,1,9,1,75,1,0,14,2,3,0,246,12,131,14,246
GEORGEMULTI-PURPOSE,1,0,0,4,0,1,2,1,34,0,0,0,1,0,0,4,1,34,0,0,22,1,1,0,141,5,78,22,141
GEORGEPINE LEVEL,6,0,2,2,0,0,1,0,92,0,0,0,8,0,3,9,0,107,0,2,19,0,4,0,361,10,220,19,361
GEORGEROCKY CREEK,14,0,0,13,0,1,10,2,239,0,0,0,20,0,0,37,0,292,2,6,65,1,10,1,1109,27,601,65,1109
GEORGESALEM,4,0,0,0,0,0,0,0,10,0,0,0,1,0,0,0,0,26,0,0,10,0,0,0,71,4,37,10,71
GEORGESHADY GROVE,5,0,1,3,0,3,2,0,129,0,0,0,8,0,0,5,0,185,1,2,35,0,6,0,641,9,332,35,641
GEORGESHIPMAN,5,0,0,1,0,0,0,0,72,0,0,0,4,0,0,5,0,72,0,3,21,2,3,0,279,6,153,21,279
GEORGETWIN CREEK,3,0,0,0,0,0,1,2,53,0,0,0,7,0,0,15,0,68,0,1,15,2,5,0,245,3,146,15,245
GEORGEWARD,1,0,0,2,1,0,1,0,80,0,0,0,10,0,0,6,0,87,0,2,14,1,2,0,277,4,184,14,277
GREENEJONATHAN,4,0,1,3,0,0,2,0,66,1,1,0,10,0,0,8,1,93,0,0,12,1,1,0,324,8,182,12,324
GREENEJONES,0,0,0,0,0,1,0,0,42,0,0,0,3,0,0,5,0,50,0,1,6,0,3,1,186,0,101,6,186
GREENELEAF,10,0,0,5,0,0,0,0,24,0,0,0,2,0,2,6,1,19,1,2,50,0,0,0,89,15,54,50,89
GREENELEAKESVILLE,28,0,0,12,1,2,8,1,146,0,0,2,28,0,1,25,0,287,0,4,74,0,4,1,981,41,500,74,981
GREENEMAPLES,11,0,0,2,0,0,3,0,100,0,0,4,1,0,0,9,0,100,1,3,65,0,3,1,543,13,217,65,543
GREENEMCLAIN,66,0,0,9,2,2,0,0,21,0,0,1,2,0,0,3,0,44,0,1,156,0,2,0,159,77,73,156,159
GREENEMUTUAL RIGHTS,2,0,0,4,0,1,4,0,38,0,0,0,5,0,0,0,0,51,0,0,8,0,2,0,190,6,99,8,190
GREENENORTH LEAKESVILLE,73,3,0,6,0,0,1,1,18,0,0,0,6,0,0,7,0,39,0,1,163,1,1,0,134,82,72,163,134
GREENEPIAVE,2,0,0,0,0,0,2,0,77,0,0,1,2,0,0,9,0,57,2,1,4,1,4,0,302,2,148,4,302
GREENESTATE LINE,152,1,0,14,0,0,0,0,33,0,0,1,7,0,0,5,0,59,0,0,355,0,2,0,264,167,105,355,264
GREENEVERNAL,18,0,0,4,2,2,4,0,85,1,1,0,11,0,0,13,0,114,0,2,46,1,3,0,430,24,231,46,430
GREENEWADE,7,0,0,2,0,3,3,1,113,0,0,0,4,0,0,4,0,107,0,1,28,0,0,0,450,9,235,28,450
GREENEWASHINGTON NEELY,1,0,0,0,0,1,0,0,65,0,0,0,9,0,0,6,0,72,0,5,7,0,3,0,283,1,153,7,283
HANCOCKARLINGTON,21,0,0,11,0,1,2,0,20,0,0,0,12,0,0,5,0,92,0,1,73,3,10,0,227,32,132,73,227
HANCOCKBAYOU PHILLIP,10,0,0,9,0,1,0,0,7,0,0,0,3,0,0,1,0,47,0,1,70,1,1,0,137,19,59,70,137
HANCOCKCATAHOULA,2,0,0,4,1,1,0,0,26,0,0,0,7,0,0,3,0,31,0,0,8,0,4,1,115,7,68,8,115
HANCOCKCITY HALL,145,0,1,26,0,0,3,0,21,0,0,0,7,0,0,9,0,49,0,2,372,3,4,0,156,172,89,372,156
HANCOCKCOURTHOUSE,13,0,0,7,0,1,1,0,27,0,0,0,24,0,0,8,0,33,0,3,55,0,5,0,123,20,94,55,123
HANCOCKCRANE CREEK,10,1,0,9,1,1,3,0,123,0,0,2,13,0,1,13,0,206,0,2,37,0,6,0,658,21,362,37,658
HANCOCKDEDEAUX,4,0,0,10,0,0,3,0,47,0,0,0,4,0,0,3,0,127,0,3,36,1,2,0,422,14,184,36,422
HANCOCKDIAMONDHEAD EAST,120,1,0,81,0,6,15,5,434,1,0,1,219,0,5,100,0,771,3,10,525,19,72,3,2466,202,1557,525,2466
HANCOCKDIAMONDHEAD WEST,149,0,0,37,0,6,3,0,164,0,0,0,62,0,0,39,0,295,1,5,205,5,27,1,914,186,569,205,914
HANCOCKEDWARDSVILLE,5,0,0,8,0,0,2,0,43,0,0,0,9,0,0,2,0,124,1,0,39,0,4,0,350,13,180,39,350
HANCOCKFENTON,8,0,0,13,1,0,5,0,91,0,0,0,10,0,1,10,1,170,0,2,55,2,1,0,583,22,288,55,583
HANCOCKFLAT TOP,7,0,0,3,0,1,3,1,104,0,1,1,11,1,2,11,0,160,0,4,45,1,6,0,581,10,296,45,581
HANCOCKGARDEN ISLE,23,1,0,22,0,0,1,0,58,0,0,0,13,0,2,7,0,140,0,1,88,1,10,0,375,46,221,88,375
HANCOCKKILN EAST,14,1,0,10,0,0,1,0,60,0,0,0,13,0,1,10,0,145,0,1,43,3,6,0,449,25,230,43,449
HANCOCKKILN WEST,38,0,1,10,0,0,3,1,77,0,0,0,19,0,0,7,0,166,0,0,97,1,10,0,538,49,273,97,538
HANCOCKLAKESHORE,15,1,0,14,0,1,3,0,86,1,0,0,10,0,0,5,0,305,1,4,120,4,16,0,1011,30,411,120,1011
HANCOCKLEE TOWN,14,0,0,15,0,2,3,1,129,0,0,1,6,0,3,15,0,163,0,3,53,5,10,1,597,29,323,53,597
HANCOCKNORTH BAY EAST,77,1,2,43,1,2,2,0,44,1,0,1,24,0,2,12,0,96,0,2,226,5,15,0,309,124,184,226,309
HANCOCKNORTH BAY WEST,40,0,0,27,0,1,9,2,89,1,0,0,60,0,0,29,0,164,2,5,146,2,18,1,567,67,355,146,567
HANCOCKPEARLINGTON,57,0,0,16,0,0,2,0,37,0,0,0,2,0,1,3,0,125,0,4,169,1,7,0,366,73,170,169,366
HANCOCKSOUTH BAY,108,1,1,58,0,3,5,0,98,0,0,0,31,0,1,27,0,219,0,3,265,9,33,2,705,168,384,265,705
HANCOCKSTANDARD,13,0,0,9,0,1,3,0,77,0,0,1,7,0,0,9,0,193,1,4,52,3,4,0,674,22,291,52,674
HANCOCKWAVELAND EAST,7,1,1,35,0,0,3,0,63,0,0,0,22,0,1,16,0,144,0,2,262,7,20,0,504,44,249,262,504
HANCOCKWAVELAND WEST,64,0,1,53,0,2,4,0,95,0,0,1,26,0,0,19,0,228,0,5,254,6,16,1,745,118,375,254,745
HANCOCKWEST SHORELINE PARK,7,0,0,16,0,1,0,0,25,0,0,0,3,0,0,4,0,74,0,1,49,1,5,0,239,23,107,49,239
HARRISONADVANCE,18,0,1,26,0,2,6,17,120,0,0,1,0,0,0,15,1,242,0,5,92,1,15,0,763,45,404,92,763
HARRISONBAY CENTRAL,55,0,1,30,0,1,5,41,134,0,0,2,0,0,2,28,0,246,0,2,315,9,32,0,797,86,459,315,797
HARRISONBILOXI #8,59,0,0,33,0,0,2,42,56,0,0,1,0,0,1,22,2,158,0,1,245,4,12,1,467,92,284,245,467
HARRISONBILOXI 10,0,0,0,0,0,2,0,0,0,0,0,0,0,0,0,0,0,0,1,1,462,6,31,1,733,0,2,462,733
HARRISONBILOXI 11,0,0,0,0,0,0,3,0,0,0,0,0,0,0,0,0,0,0,0,13,860,18,75,2,1753,0,3,860,1753
HARRISONBILOXI BAY,94,3,0,35,0,2,8,17,73,0,0,0,0,0,0,22,0,192,0,1,347,9,21,1,518,132,314,347,518
HARRISONBILOXI CENTRAL,118,0,2,42,1,1,5,42,61,0,0,1,0,0,0,22,0,162,0,1,415,10,23,1,524,163,294,415,524
HARRISONCOUNTY FARM/ GULF HAVEN,70,0,0,35,1,4,13,45,298,1,1,0,0,0,0,31,0,347,1,4,232,5,22,0,1215,106,740,232,1215
HARRISONDELISE,216,0,0,35,2,0,5,38,147,0,1,1,0,0,3,31,1,215,1,5,438,9,19,0,677,253,442,438,677
HARRISONE ORANGE GROVE,240,1,1,72,0,8,8,73,263,0,0,0,0,0,0,41,0,321,0,5,791,13,49,1,1165,314,714,791,1165
HARRISONE PASS CHRISTIAN,204,1,1,77,0,4,3,73,98,2,0,0,0,0,1,29,0,205,2,1,565,3,30,1,661,283,415,565,661
HARRISONEAST BILOXI,333,2,0,41,0,0,2,9,31,0,0,0,0,0,1,6,0,101,0,2,748,4,6,1,280,376,150,748,280
HARRISONEAST HANDSBORO,66,0,1,49,0,4,3,77,177,0,0,0,0,0,1,40,0,224,1,7,252,10,28,0,776,116,526,252,776
HARRISONEAST LYMAN,47,0,0,18,0,1,4,27,110,0,0,0,0,0,1,23,2,147,0,3,184,3,19,1,496,65,315,184,496
HARRISONEAST MISS CITY,127,1,2,70,0,1,5,110,241,0,1,2,0,0,3,50,0,354,0,4,532,10,48,0,1219,200,767,532,1219
HARRISONEAST NORTH GULFPORT,270,1,1,38,0,0,0,0,2,0,0,0,0,0,0,1,0,5,0,1,646,5,3,0,21,310,8,646,21
HARRISONGULFPORT #11,7,0,0,13,0,3,7,49,80,0,0,0,0,0,0,11,0,153,0,1,63,1,13,0,401,20,303,63,401
HARRISONGULFPORT #12,25,0,0,33,0,2,7,92,179,0,0,1,0,0,5,53,0,283,0,5,147,3,30,0,909,58,622,147,909
HARRISONGULFPORT #13,252,0,3,39,2,0,1,7,30,0,0,1,0,0,0,7,0,55,0,1,672,5,15,0,177,296,101,672,177
HARRISONGULFPORT #14,402,0,0,48,1,2,0,2,12,1,0,0,0,0,0,1,0,10,1,0,943,6,4,0,83,451,28,943,83
HARRISONGULFPORT #16,280,0,0,29,0,0,0,4,15,0,0,0,0,0,0,5,0,19,0,1,597,1,6,0,97,309,43,597,97
HARRISONGULFPORT #3,164,0,0,25,1,0,1,1,11,0,0,0,0,0,0,0,0,20,1,3,361,3,1,0,52,190,33,361,52
HARRISONGULFPORT #4,15,0,0,14,0,1,0,26,44,0,0,0,0,0,0,16,0,52,0,0,59,4,8,0,205,29,139,59,205
HARRISONGULFPORT #5,77,0,0,41,0,1,3,43,71,0,0,0,0,0,0,10,1,150,0,5,231,4,10,0,385,118,279,231,385
HARRISONGULFPORT #7,34,0,0,17,0,4,2,18,52,0,0,0,0,0,0,5,0,83,2,3,132,5,14,0,285,51,164,132,285
HARRISONGULFPORT #8,172,1,0,50,0,2,1,8,44,0,0,0,0,0,0,8,0,75,2,4,540,7,14,2,245,223,138,540,245
HARRISONHOWARD CREEK,80,0,0,60,0,1,16,101,286,2,0,1,0,0,2,50,0,575,2,5,304,10,44,1,1672,140,1034,304,1672
HARRISONLADNER,34,0,0,18,0,0,5,24,141,0,0,1,0,0,3,15,1,234,0,6,133,3,12,2,710,52,424,133,710
HARRISONLONG BEACH #1,48,0,0,55,0,1,4,47,104,1,1,0,0,0,0,22,0,170,0,1,224,3,13,0,538,103,350,224,538
HARRISONLONG BEACH #2,38,0,1,38,0,0,5,42,150,0,0,0,0,0,0,18,0,229,1,2,153,3,19,0,696,77,444,153,696
HARRISONLONG BEACH #3,32,0,0,29,0,1,7,38,104,0,0,0,0,0,1,27,0,167,1,3,181,2,15,1,604,61,345,181,604
HARRISONLONG BEACH #4,55,0,0,41,1,2,11,54,185,0,0,1,0,0,1,27,0,227,0,3,256,9,30,0,822,97,508,256,822
HARRISONLONG BEACH #5,65,0,0,67,1,1,7,110,351,0,0,0,0,0,1,68,0,372,0,12,285,10,35,0,1325,133,910,285,1325
HARRISONLONG BEACH #6,31,1,0,33,0,2,6,48,159,0,1,0,0,0,2,13,0,216,0,5,153,5,19,0,749,65,447,153,749
HARRISONMAGNOLLA GROVE,214,0,1,42,1,1,1,9,16,0,0,0,0,0,0,4,0,32,1,1,512,4,6,0,128,258,63,512,128
HARRISONMARGARET SHERRY,149,1,0,59,1,5,4,105,234,2,0,1,0,0,1,59,0,450,0,5,496,7,48,0,1333,210,861,496,1333
HARRISONNEW HOPE,120,0,0,42,1,0,2,30,169,0,0,0,0,0,0,7,0,157,1,4,397,7,11,1,648,163,365,397,648
HARRISONNEW POPPS FERRY,61,0,0,22,0,1,0,36,88,0,0,0,0,0,0,16,0,132,1,2,250,7,13,1,507,83,273,250,507
HARRISONNORTH BAY,262,0,0,113,1,5,19,78,394,0,0,0,0,1,3,73,1,818,1,7,866,18,58,0,2048,376,1392,866,2048
HARRISONNORTH BEL-AIRE,445,1,0,124,1,1,8,45,210,1,0,1,0,0,1,28,1,290,0,5,1270,13,40,0,931,571,586,1270,931
HARRISONOUTSIDE LONG BEACH,8,0,0,6,0,1,3,11,63,0,0,0,0,0,0,9,2,101,0,0,53,2,15,0,323,14,190,53,323
HARRISONPEACE,35,1,0,30,1,4,11,78,247,0,0,0,0,0,1,35,0,380,0,4,142,4,33,0,1332,67,756,142,1332
HARRISONPINEVILLE,59,0,0,30,0,2,2,52,248,1,0,0,0,0,3,15,0,336,0,1,186,11,23,0,1114,89,659,186,1114
HARRISONPOPLAR HEAD,9,0,0,3,0,2,1,8,34,0,0,0,0,0,0,9,0,75,1,0,34,0,1,0,241,12,129,34,241
HARRISONRICEVILLE,3,0,0,3,0,1,0,3,29,0,0,0,0,0,0,4,0,61,0,1,9,1,4,0,167,6,98,9,167
HARRISONSAUCER,43,0,0,24,0,5,7,28,194,0,0,1,0,0,0,20,0,301,2,3,152,2,19,0,948,67,556,152,948
HARRISONSOUTH BEL-AIRE,236,0,0,56,1,1,10,17,93,0,1,0,0,0,3,9,0,168,2,5,750,6,36,0,584,293,302,750,584
HARRISONSTONEWALL,72,0,0,42,0,3,6,52,161,0,0,0,0,0,0,30,1,246,1,4,316,6,16,0,869,114,499,316,869
HARRISONVLDALLA,6,0,0,8,0,0,1,7,75,0,0,0,0,0,0,6,0,126,0,1,35,1,9,0,404,14,215,35,404
HARRISONW PASS CHRISTIAN,107,0,0,35,1,1,3,56,104,1,0,0,0,0,0,25,0,216,1,1,298,3,12,0,656,143,406,298,656
HARRISONWEST HANDSBORO,64,0,0,44,0,2,4,162,184,1,0,3,0,0,1,79,0,357,0,2,288,7,39,0,1164,108,793,288,1164
HARRISONWEST LIZANA,19,1,0,7,0,2,2,10,88,0,0,0,0,0,0,10,0,149,0,1,59,1,6,0,507,27,261,59,507
HARRISONWEST LYMAN,144,0,2,50,0,7,14,61,430,2,1,4,0,0,1,38,0,576,0,4,434,6,33,0,1734,196,1134,434,1734
HARRISONWEST MISS CITY,17,0,0,12,0,0,0,29,58,0,0,0,0,0,1,13,0,64,0,1,89,2,10,0,227,29,165,89,227
HARRISONWEST NORTH GPT,461,0,2,37,0,0,0,0,4,0,0,0,0,0,0,2,0,7,0,0,1011,3,1,0,26,500,13,1011,26
HARRISONWEST ORANGE GROVE,233,0,2,79,1,3,16,71,323,1,0,2,0,0,1,58,0,458,1,14,682,10,40,0,1530,315,933,682,1530
HARRISONWESTSIDE,61,0,0,28,1,1,0,20,54,0,0,0,0,0,0,8,0,138,0,1,206,5,17,0,340,90,221,206,340
HARRISONWHITE PLAINS,26,0,1,9,1,0,2,19,114,0,0,0,0,0,0,16,0,167,1,1,76,1,5,1,573,37,318,76,573
HINDSCLINTON 5,84,0,1,26,0,1,7,58,133,0,0,1,0,0,1,39,0,146,0,9,272,2,32,0,493,111,386,272,493
HINDSCLINTON 6,250,0,0,70,3,3,1,38,160,0,0,0,0,0,2,28,1,131,0,6,617,7,29,0,468,323,364,617,468
HINDSCLINTON 7,195,0,0,55,3,4,6,71,237,0,0,1,0,0,0,48,0,180,0,15,478,4,30,0,809,253,547,478,809
HINDSCYNTHIA,212,0,0,36,0,0,0,0,6,0,0,0,0,0,0,1,0,21,0,1,364,2,2,1,61,248,28,364,61
HINDSDRY GROVE,124,0,0,27,0,1,3,19,126,0,0,0,0,1,0,17,0,147,0,3,255,3,9,0,476,151,314,255,476
HINDSEDWARDS,610,0,0,47,5,0,0,11,74,0,0,0,0,0,0,5,0,107,0,3,1006,2,13,0,288,662,197,1006,288
HINDSLEARNED,68,0,0,7,0,0,1,15,62,0,0,1,0,0,0,8,0,97,0,1,152,2,1,0,276,75,184,152,276
HINDSOLD BYRAM,279,2,1,68,4,2,7,43,178,0,0,0,0,0,0,25,0,241,1,7,625,3,15,0,732,354,496,625,732
HINDSPINEHAVEN,431,0,0,69,4,3,8,115,224,0,0,2,0,0,2,55,0,210,0,11,914,8,32,0,941,504,619,914,941
HINDSPOCAHONTAS,172,0,0,39,0,0,1,8,61,0,0,0,0,0,0,3,0,56,0,0,285,2,1,0,185,211,129,285,185
HINDSPRECINCT 1,149,0,1,79,0,1,1,25,25,0,0,0,0,0,0,13,0,33,1,4,430,10,24,1,113,229,98,430,113
HINDSPRECINCT 10,122,0,0,16,1,0,0,0,0,0,0,0,0,0,0,0,0,1,0,0,244,1,0,0,2,139,1,244,2
HINDSPRECINCT 11,146,1,0,14,0,0,0,0,0,0,0,0,0,0,0,0,0,1,0,1,302,0,0,0,3,161,1,302,3
HINDSPRECINCT 13,443,0,1,42,1,0,0,0,2,0,0,0,0,0,0,0,0,2,0,2,809,2,3,0,10,487,4,809,10
HINDSPRECINCT 14,67,0,0,43,0,2,0,106,66,0,0,1,0,0,1,29,0,76,1,0,246,4,25,0,303,110,281,246,303
HINDSPRECINCT 16,307,0,2,156,2,1,1,116,87,1,0,2,0,0,2,50,0,64,1,4,850,13,52,0,294,467,324,850,294
HINDSPRECINCT 18,185,0,0,19,0,0,0,0,1,0,0,0,0,0,0,0,0,1,2,1,335,1,1,0,4,204,2,335,4
HINDSPRECINCT 19,155,0,0,11,1,0,0,1,0,0,0,0,0,0,0,1,0,0,0,0,320,2,0,0,4,167,2,320,4
HINDSPRECINCT 2,71,0,0,4,0,0,0,0,0,0,0,0,0,0,0,0,0,0,0,0,136,1,1,0,1,75,0,136,1
HINDSPRECINCT 20,204,0,1,21,2,0,0,0,1,0,0,0,0,0,0,0,0,0,0,2,372,4,2,0,7,228,1,372,7
HINDSPRECINCT 21,125,0,0,20,1,0,0,0,0,0,0,0,0,0,0,0,0,1,0,1,259,2,0,0,12,146,1,259,12
HINDSPRECINCT 22,534,1,0,57,1,0,0,0,0,0,0,0,0,0,0,0,0,2,0,0,975,1,5,0,12,593,2,975,12
HINDSPRECINCT 23,398,0,0,36,0,0,1,0,0,0,0,0,0,0,0,0,0,1,1,1,724,1,1,0,12,434,2,724,12
HINDSPRECINCT 24,192,0,0,35,1,0,0,0,2,0,0,0,0,0,0,0,0,4,0,2,437,1,0,0,13,228,6,437,13
HINDSPRECINCT 25,395,0,0,55,2,1,1,4,5,0,0,0,0,0,0,1,0,4,0,1,795,6,6,0,23,452,16,795,23
HINDSPRECINCT 26,461,0,0,77,3,1,1,3,10,1,0,0,0,0,0,3,0,18,0,0,988,6,1,0,61,541,37,988,61
HINDSPRECINCT 27,524,0,0,52,3,0,0,1,0,0,0,0,0,0,0,0,0,1,0,0,927,3,3,0,16,579,2,927,16
HINDSPRECINCT 28,426,0,1,46,5,0,0,0,0,0,0,0,0,0,0,0,0,1,0,0,734,4,3,2,16,478,1,734,16
HINDSPRECINCT 29,259,0,1,33,0,0,0,1,2,0,0,0,0,0,0,0,0,0,0,2,434,3,1,1,4,293,3,434,4
HINDSPRECINCT 30,212,0,0,17,2,0,0,1,2,0,0,0,0,0,0,0,0,1,0,0,401,1,1,0,2,231,4,401,2
HINDSPRECINCT 31,365,0,1,44,2,0,1,0,0,0,0,0,0,0,0,0,0,5,0,0,629,2,1,0,13,412,6,629,13
HINDSPRECINCT 32,63,0,1,29,0,1,3,111,70,0,0,0,0,0,0,37,0,102,0,2,209,2,17,0,333,93,324,209,333
HINDSPRECINCT 33,51,0,0,18,0,2,4,191,101,0,0,0,0,0,3,51,0,157,0,4,163,4,23,0,525,69,509,163,525
HINDSPRECINCT 34,90,0,1,53,0,6,2,278,182,3,0,1,0,0,1,69,1,196,0,10,324,5,41,0,832,144,739,324,832
HINDSPRECINCT 35,71,0,0,52,0,2,6,22,158,0,0,1,0,0,3,85,1,207,0,5,264,1,33,0,778,123,485,264,778
HINDSPRECINCT 36,204,0,0,62,1,1,5,47,49,0,0,2,0,0,2,12,0,57,0,2,479,4,15,0,206,267,175,479,206
HINDSPRECINCT 37,148,0,0,62,1,1,0,34,29,0,1,0,0,0,1,11,0,44,1,0,453,5,8,1,147,211,121,453,147
HINDSPRECINCT 38,179,0,0,53,3,0,2,3,6,0,0,0,0,0,0,6,0,14,0,1,447,6,7,0,42,235,31,447,42
HINDSPRECINCT 39,322,0,0,45,0,0,0,1,4,0,0,0,0,0,0,0,0,1,0,1,596,2,1,0,11,367,6,596,11
HINDSPRECINCT 4,179,0,0,26,2,0,0,0,1,0,0,0,0,0,0,0,0,0,0,0,319,3,1,1,2,207,1,319,2
HINDSPRECINCT 40,464,0,0,61,1,0,0,0,0,0,0,0,0,0,0,0,0,0,0,1,814,5,2,0,8,526,0,814,8
HINDSPRECINCT 41,625,0,1,67,2,1,1,1,0,0,0,0,0,0,0,1,0,1,1,1,1208,5,2,0,11,695,5,1208,11
HINDSPRECINCT 42,332,0,0,75,0,0,0,4,5,0,0,0,0,0,1,1,0,19,0,0,797,5,6,0,53,407,30,797,53
HINDSPRECINCT 43,394,0,0,101,1,0,0,4,17,0,0,0,0,0,0,3,0,19,0,3,917,8,4,1,49,496,43,917,49
HINDSPRECINCT 44,337,1,1,93,1,2,7,59,91,0,0,1,0,0,1,14,0,120,0,6,837,12,12,0,354,433,295,837,354
HINDSPRECINCT 45,110,1,0,66,1,5,9,211,198,2,0,1,0,0,0,67,1,219,0,7,419,15,38,0,803,178,713,419,803
HINDSPRECINCT 46,440,0,1,132,1,1,6,189,210,0,0,2,0,0,1,46,0,265,0,3,1096,14,36,0,850,574,720,1096,850
HINDSPRECINCT 47,157,0,0,28,0,0,0,2,5,0,0,0,0,0,0,0,0,8,1,0,363,1,1,0,29,185,15,363,29
HINDSPRECINCT 49,46,1,0,98,1,0,0,0,2,0,0,0,0,0,0,0,0,0,0,1,650,15,8,0,5,146,2,650,5
HINDSPRECINCT 51,490,1,0,75,0,1,1,1,9,0,0,0,0,0,0,1,0,2,0,1,938,5,6,0,29,566,15,938,29
HINDSPRECINCT 54,113,0,0,15,4,0,1,0,0,0,0,0,0,0,0,0,0,0,0,0,238,3,3,0,2,132,1,238,2
HINDSPRECINCT 55,225,0,0,29,1,0,0,1,0,0,0,0,0,0,0,1,0,1,1,0,456,1,2,0,11,255,3,456,11
HINDSPRECINCT 56,108,0,0,13,0,0,0,1,1,0,0,0,0,0,0,0,0,1,1,0,211,3,2,0,4,121,3,211,4
HINDSPRECINCT 57,241,0,0,36,0,0,0,0,3,0,0,0,0,0,0,0,0,1,1,0,452,1,2,0,9,277,4,452,9
HINDSPRECINCT 58,418,0,0,80,2,0,0,2,0,0,0,0,0,0,0,0,0,3,0,4,761,8,3,0,12,500,5,761,12
HINDSPRECINCT 59,372,0,0,35,1,0,0,0,3,0,0,0,0,0,0,0,0,2,1,1,728,4,3,0,15,408,5,728,15
HINDSPRECINCT 6,145,1,1,42,0,0,4,13,7,0,0,1,0,0,0,3,0,2,1,1,367,6,10,0,56,189,30,367,56
HINDSPRECINCT 60,119,0,0,12,0,0,0,0,3,0,0,0,0,0,0,0,0,1,0,0,233,0,0,0,8,131,4,233,8
HINDSPRECINCT 61,161,0,0,20,0,0,0,0,0,0,0,0,0,0,0,0,0,1,0,2,314,4,0,0,4,181,1,314,4
HINDSPRECINCT 62,342,0,0,49,1,0,0,0,5,0,0,0,0,0,0,1,0,4,0,0,799,3,1,0,33,392,10,799,33
HINDSPRECINCT 63,164,0,0,28,1,0,0,0,0,0,0,0,0,0,0,0,0,0,0,1,309,1,1,0,10,193,0,309,10
HINDSPRECINCT 64,178,0,0,20,1,0,0,1,0,0,0,0,0,0,0,0,0,2,0,0,297,3,0,0,7,199,3,297,7
HINDSPRECINCT 68,531,0,0,95,2,0,1,3,11,0,0,0,0,0,0,2,0,15,0,2,1084,5,3,0,66,628,32,1084,66
HINDSPRECINCT 69,294,0,1,57,1,0,0,1,18,0,0,0,0,0,0,4,0,17,0,3,705,0,1,2,57,353,40,705,57
HINDSPRECINCT 70,115,0,0,30,0,0,0,2,4,0,0,0,0,0,0,1,0,3,0,0,296,2,2,0,7,145,10,296,7
HINDSPRECINCT 71,211,0,1,54,1,0,0,6,7,0,0,0,0,0,0,3,0,19,0,2,472,1,5,1,50,267,35,472,50
HINDSPRECINCT 72,158,0,0,11,0,0,0,0,7,0,0,0,0,0,0,1,0,3,0,0,392,0,0,1,18,169,11,392,18
HINDSPRECINCT 73,183,0,2,23,1,0,0,1,5,0,0,0,0,0,0,1,0,13,0,0,426,5,2,0,36,209,20,426,36
HINDSPRECINCT 74,160,1,0,28,2,0,2,3,6,0,0,0,0,0,0,0,0,10,0,0,384,3,1,0,56,191,21,384,56
HINDSPRECINCT 76,140,0,0,31,1,0,0,2,29,0,0,1,0,1,0,1,0,15,0,2,334,3,1,0,67,172,49,334,67
HINDSPRECINCT 77,265,1,0,53,4,0,0,4,23,0,0,0,0,0,0,4,0,55,0,1,627,4,2,0,145,323,86,627,145
HINDSPRECINCT 78,214,0,0,70,1,1,1,99,58,0,1,0,0,0,0,27,0,121,0,1,546,6,14,0,361,285,308,546,361
HINDSPRECINCT 79,394,0,0,106,5,0,1,25,28,0,0,0,0,1,0,12,0,57,0,1,908,8,11,0,157,505,124,908,157
HINDSPRECINCT 8,87,0,1,64,0,0,0,60,45,0,0,1,0,0,1,32,0,33,0,4,285,2,24,0,176,152,172,285,176
HINDSPRECINCT 80,508,0,0,88,3,0,1,2,10,0,0,0,0,0,0,1,0,3,0,0,1089,6,5,0,47,599,17,1089,47
HINDSPRECINCT 81,762,0,1,116,0,0,2,7,7,0,0,0,0,0,0,2,0,14,1,2,1309,4,5,1,37,879,32,1309,37
HINDSPRECINCT 82,474,0,0,59,2,0,0,1,3,0,0,0,0,0,0,1,0,3,0,0,836,5,3,0,15,535,8,836,15
HINDSPRECINCT 83,1025,0,2,134,3,0,1,2,4,0,0,0,0,0,0,1,0,5,1,7,1796,8,3,0,31,1164,13,1796,31
HINDSPRECINCT 84,97,0,0,14,1,0,0,1,0,0,0,0,0,0,0,0,0,1,0,0,182,3,0,0,4,112,2,182,4
HINDSPRECINCT 85,890,0,0,88,4,0,0,0,0,0,0,0,0,0,0,0,0,1,0,5,1486,8,4,0,33,982,1,1486,33
HINDSPRECINCT 86,427,0,1,68,0,0,0,0,3,0,0,0,0,0,0,2,0,3,0,0,768,0,1,1,17,496,8,768,17
HINDSPRECINCT 88,490,1,1,52,1,0,0,1,12,0,0,0,0,0,0,1,0,15,0,1,935,3,1,0,50,545,29,935,50
HINDSPRECINCT 89,270,1,0,60,0,1,0,1,10,0,0,0,0,0,0,1,0,10,3,3,803,6,3,1,45,331,23,803,45
HINDSPRECINCT 9,145,0,0,78,0,1,1,150,97,0,0,1,0,2,2,43,0,77,1,3,430,7,46,0,353,223,374,430,353
HINDSPRECINCT 90,268,0,1,54,1,0,0,4,13,0,0,0,0,0,0,3,0,19,1,3,664,1,1,0,64,324,39,664,64
HINDSPRECINCT 91,624,2,2,93,3,0,1,5,21,0,0,0,0,0,0,3,1,30,0,2,1252,7,6,2,83,724,61,1252,83
HINDSPRECINCT 92,545,1,1,98,7,1,1,10,23,0,0,0,0,0,0,6,0,31,1,2,1216,9,8,0,131,652,72,1216,131
HINDSPRECINCT 93,279,1,0,51,1,0,1,9,19,0,0,0,0,0,1,3,0,29,1,0,658,2,0,1,87,332,62,658,87
HINDSPRECINCT 94,771,0,0,132,7,4,4,11,42,0,1,0,0,1,0,8,0,55,0,6,1626,10,10,0,193,910,126,1626,193
HINDSPRECINCT 96,462,1,0,88,2,1,2,15,74,0,0,0,0,0,0,12,0,78,0,2,924,4,7,0,229,553,182,924,229
HINDSRAYMOND 1,285,1,0,52,2,1,5,66,215,0,0,1,0,0,1,40,0,245,0,6,622,6,16,0,905,340,574,622,905
HINDSRAYMOND 2,341,1,0,64,1,5,10,67,197,2,0,0,0,0,1,37,0,339,1,8,643,4,12,0,988,407,658,643,988
HINDSSPRINGRIDGE,613,0,0,109,2,1,6,63,229,0,0,1,0,1,3,24,1,296,1,3,1295,11,19,1,927,724,625,1295,927
HINDSST THOMAS,174,0,1,25,0,0,0,0,2,0,0,0,0,0,0,0,0,2,0,1,297,1,1,0,11,200,4,297,11
HINDSTERRY 1,515,0,1,64,2,0,0,12,53,0,0,1,0,0,0,7,0,96,1,2,973,1,4,0,293,582,169,973,293
HINDSTERRY 2,380,0,0,72,1,5,7,56,386,0,1,3,0,1,0,36,3,512,1,3,799,10,20,0,1631,453,1010,799,1631
HINDSTINNIN,97,0,0,21,0,0,3,31,173,0,0,0,0,0,0,33,0,131,0,8,192,2,9,0,579,118,371,192,579
HINDSUTICA 1,131,1,1,17,0,0,0,14,59,0,0,0,0,0,0,3,0,113,1,2,294,2,6,0,294,150,189,294,294
HINDSUTICA 2,286,1,0,13,0,0,2,2,27,0,0,0,0,0,0,3,0,21,1,3,511,3,1,0,94,300,55,511,94
HOLMES1 ACONA,256,1,1,11,1,0,0,0,0,0,0,0,2,0,0,1,0,6,1,2,445,2,2,1,36,270,9,445,36
HOLMES1 DURANT ST ANDERSON,120,0,0,13,0,0,1,1,6,0,0,0,1,0,0,1,0,10,0,1,211,2,0,0,23,133,20,211,23
HOLMESBEAT 1 LEXINGTON,495,0,2,33,0,0,0,0,12,0,0,1,6,0,0,3,0,37,0,5,859,2,2,1,103,530,59,859,103
HOLMESBEAT 2 DURANT,178,1,0,17,0,0,0,0,19,0,0,1,5,0,0,3,0,55,1,2,360,0,2,1,148,196,83,360,148
HOLMESBEAT 2 SUB DURANT,201,0,0,19,0,1,0,0,11,0,0,0,2,0,0,1,0,13,1,0,407,0,1,2,57,220,28,407,57
HOLMESBEAT 2 WEST,172,0,0,10,1,1,1,0,31,0,0,0,16,0,0,6,0,29,0,1,278,0,0,1,118,183,84,278,118
HOLMESBEAT 3 COXBURG,14,0,1,3,1,0,1,0,20,0,0,0,5,0,0,2,0,53,0,1,40,0,1,1,124,19,81,40,124
HOLMESBEAT 3 EBENEZER,121,1,0,17,0,0,1,0,6,0,0,0,0,0,0,0,0,38,0,1,198,1,2,1,67,139,45,198,67
HOLMESBEAT 3 GOODMAN,268,1,0,16,1,0,1,0,14,0,0,0,3,0,0,3,0,16,0,1,469,2,4,0,67,286,37,469,67
HOLMESBEAT 3 PICKENS,328,0,1,30,2,0,0,0,10,0,0,0,2,0,0,1,0,24,0,1,581,6,1,1,91,361,37,581,91
HOLMESBEAT 4 LEXINGTON,667,1,1,39,2,0,1,1,41,1,0,1,23,0,0,3,0,100,1,3,1029,2,2,0,122,710,171,1029,122
HOLMESBEAT 4 THORNTON,122,0,1,5,1,0,0,0,3,0,0,0,1,0,0,1,0,3,0,0,264,0,1,0,25,129,8,264,25
HOLMESBEAT 4 WALDEN CHAPEL,82,1,0,4,0,0,0,0,0,0,0,0,0,0,0,0,0,4,0,2,164,0,0,0,13,87,4,164,13
HOLMESBEAT 5 CRUGER,104,0,0,3,0,0,0,0,18,0,0,0,3,0,0,0,0,17,0,0,180,0,1,0,66,107,38,180,66
ISSAQUENAADDIE VOTING PRECINCT,43,1,0,4,0,1,0,0,3,0,0,0,1,0,0,4,0,30,0,0,96,0,0,0,57,48,39,96,57
ISSAQUENAGRACE VOTING PRECINCT,25,0,1,3,0,1,0,0,6,0,0,0,6,0,0,1,0,27,0,0,52,0,1,1,82,29,41,52,82
ISSAQUENAMAYERSVILLE COURTHOUSE,73,0,0,5,0,1,0,0,1,0,0,0,3,0,0,1,0,4,0,0,157,0,0,0,8,78,10,157,8
ISSAQUENATALLULA COMMUNITY CENTER,19,0,0,4,0,0,1,0,5,0,0,0,2,0,0,2,0,27,1,0,59,0,1,0,75,23,37,59,75
ISSAQUENAVALLEY PARK COMMUNITY CENTER,15,0,0,4,1,1,0,0,11,0,0,0,2,0,0,0,0,29,0,0,31,0,2,0,76,20,43,31,76
ITAWAMBAAMERICAN LEGION,26,0,1,21,0,0,7,0,196,0,0,1,59,0,0,26,0,196,1,1,121,3,11,0,930,48,485,121,930
ITAWAMBAARMORY,17,0,2,4,1,0,3,1,61,0,0,0,12,0,1,10,0,104,0,1,45,3,5,0,367,24,192,45,367
ITAWAMBABANNER-PINEVILLE,27,0,0,4,0,0,4,0,106,0,1,1,6,0,0,8,0,94,0,3,59,0,2,1,499,31,220,59,499
ITAWAMBABOUNDS,2,0,0,2,0,0,3,0,38,0,0,0,2,0,0,2,0,22,0,0,8,0,2,0,140,4,67,8,140
ITAWAMBACARDSVILLE,2,0,0,4,0,0,0,0,24,0,0,0,1,0,0,4,0,39,0,0,8,0,1,0,140,6,68,8,140
ITAWAMBACAROLINA,17,0,0,2,0,0,1,0,47,0,0,0,6,0,0,2,0,64,0,0,45,1,3,1,213,19,120,45,213
ITAWAMBACENTERVILLE,7,0,0,7,1,0,2,0,61,0,0,0,5,0,0,9,0,61,1,2,28,0,3,0,290,15,138,28,290
ITAWAMBACLAY,15,0,0,16,0,0,3,1,131,0,0,1,13,0,1,19,0,135,0,4,47,2,11,0,608,31,304,47,608
ITAWAMBACOURTHOUSE,1,0,0,2,0,0,1,0,42,0,0,1,2,0,0,3,0,55,0,1,22,1,1,0,179,3,104,22,179
ITAWAMBADORSEY,6,1,0,12,0,4,3,0,129,0,0,1,9,0,0,11,0,98,0,3,33,1,8,0,489,19,255,33,489
ITAWAMBAEVERGREEN,47,0,0,3,2,1,3,0,65,0,0,2,2,0,0,5,0,55,0,2,107,1,5,0,230,52,133,107,230
ITAWAMBAFAIRVIEW-PLEASANTON,5,0,0,2,0,1,0,0,28,0,0,0,2,0,0,1,0,35,1,0,11,0,1,0,117,7,67,11,117
ITAWAMBAFAWN GROVE,3,0,1,9,0,0,0,0,68,0,0,1,8,0,0,13,0,76,0,4,26,1,3,0,330,13,166,26,330
ITAWAMBAFRIENDSHIP,7,1,0,1,0,1,0,0,21,0,0,0,2,0,0,5,0,33,0,0,17,3,1,0,137,9,62,17,137
ITAWAMBAFRIENDSHIP 1D,1,0,0,2,0,0,1,0,12,0,0,2,6,0,0,0,0,16,0,0,4,0,1,0,80,3,37,4,80
ITAWAMBAFRIENDSHIP 4D,2,0,0,4,0,0,2,0,16,0,0,0,2,0,0,0,0,20,0,0,4,0,0,0,81,6,40,4,81
ITAWAMBAFRIENDSHIP 5D,2,0,0,0,0,0,1,0,13,0,0,0,2,0,0,4,0,29,0,0,8,0,0,0,81,2,49,8,81
ITAWAMBAGREENWOOD,52,0,0,6,0,0,1,0,61,0,0,0,5,0,0,5,0,58,0,1,124,1,4,0,218,58,130,124,218
ITAWAMBAICDC,62,0,0,19,1,0,3,0,86,0,1,3,15,0,0,17,0,118,0,4,154,2,6,0,488,82,243,154,488
ITAWAMBAJAMES CREEK,1,0,0,3,0,0,0,0,45,0,0,0,4,0,0,3,0,40,0,0,13,0,0,0,153,4,92,13,153
ITAWAMBAKIRKVILLE,22,2,0,3,0,2,4,1,94,0,0,1,17,0,0,2,0,106,0,0,39,0,4,0,593,27,227,39,593
ITAWAMBAMANTACHIE,16,0,1,7,1,0,4,1,132,1,0,0,19,0,0,5,1,119,1,5,46,0,5,0,537,25,282,46,537
ITAWAMBAMANTACHIE-3D,4,0,0,1,0,0,2,0,25,0,0,0,2,0,0,4,0,35,0,0,9,0,0,0,138,5,68,9,138
ITAWAMBARATLIFF,4,0,0,3,0,0,2,0,37,0,0,0,5,0,0,2,0,50,0,1,4,0,1,0,185,7,96,4,185
ITAWAMBARYAN,11,0,0,3,0,0,2,0,47,0,0,0,6,0,0,5,1,55,0,1,21,0,2,2,245,14,116,21,245
ITAWAMBASALEM-COPELAND,8,0,0,5,0,0,5,0,83,1,0,1,5,0,0,3,0,75,0,1,32,0,2,0,343,13,173,32,343
ITAWAMBATILDEN,13,2,0,6,0,1,3,1,73,1,0,0,9,0,0,9,0,75,1,2,50,0,1,0,333,21,172,50,333
ITAWAMBATREMONT,9,0,0,6,0,1,3,1,58,0,0,2,11,1,0,16,0,86,0,0,32,1,1,1,326,15,179,32,326
JACKSONAMERICAN LEGION,10,0,0,9,1,3,2,0,51,0,0,0,22,0,0,11,0,99,0,2,70,0,6,1,302,20,188,70,302
JACKSONBIG POINT,17,0,0,17,0,4,14,2,300,0,1,1,29,0,1,35,0,442,0,5,85,3,18,0,1491,34,829,85,1491
JACKSONCARTERVILLE,3,0,1,1,0,0,1,0,27,0,0,0,2,0,0,4,0,21,0,0,3,0,4,0,114,5,55,3,114
JACKSONEAST CENTRAL,97,0,1,48,0,5,36,4,935,0,0,0,76,0,1,115,0,1020,2,6,319,14,42,1,3832,146,2192,319,3832
JACKSONEASTLAWN,42,0,0,27,0,1,13,1,155,0,0,0,67,0,1,39,0,228,1,1,179,2,21,2,806,69,505,179,806
JACKSONESCATAWPA,140,0,1,41,0,5,7,1,333,1,0,1,58,0,1,38,1,541,1,6,506,3,34,0,1723,182,987,506,1723
JACKSONFAIR,499,1,1,78,0,1,9,0,150,0,0,0,20,0,1,21,1,263,1,6,1594,8,25,2,837,579,466,1594,837
JACKSONFONTAINEBLEAU,178,0,1,74,2,7,10,0,381,1,0,1,76,0,0,64,0,521,1,8,596,14,62,1,1757,255,1061,596,1757
JACKSONGAUTIER,568,2,1,147,1,7,17,3,485,2,0,1,172,1,2,86,0,794,2,11,1454,16,47,1,2132,719,1570,1454,2132
JACKSONGULF PARK ESTATES,105,0,3,67,2,4,8,1,269,1,0,1,98,0,1,59,0,439,2,7,452,8,60,1,1477,177,881,452,1477
JACKSONHICKORY HILLS,149,0,0,57,1,2,9,2,248,1,0,2,51,1,1,37,0,391,0,6,450,8,28,1,1058,207,745,450,1058
JACKSONHWY 57,3,1,0,2,0,1,0,1,87,0,0,0,4,0,0,5,0,83,0,0,16,1,9,0,333,6,181,16,333
JACKSONJEFFERSON STREET,517,2,4,71,2,3,3,0,51,1,0,0,26,0,0,6,0,111,2,9,1146,3,12,1,348,596,201,1146,348
JACKSONLARUE,4,0,0,3,0,1,1,0,40,0,0,2,4,0,0,3,0,71,0,1,16,0,3,1,205,7,122,16,205
JACKSONLATIMER,73,1,0,53,1,9,12,2,310,0,0,2,41,0,3,46,0,590,2,12,276,15,47,0,1824,128,1015,276,1824
JACKSONNORTH PASCAGOULA,30,0,0,8,1,3,4,0,51,0,0,0,27,0,0,5,0,108,0,1,65,0,4,0,300,39,198,65,300
JACKSONNORTH VANCLEAVE,47,0,1,26,0,0,13,1,330,0,0,1,26,0,0,36,0,346,0,9,194,2,34,1,1325,74,753,194,1325
JACKSONORANGE GROVE,24,0,1,9,0,2,2,0,173,0,0,1,15,0,0,12,0,230,1,3,98,1,9,1,760,34,435,98,760
JACKSONOS ARMORY,130,0,0,88,0,3,3,0,211,3,0,0,114,0,2,63,0,286,0,6,423,9,55,0,1056,218,685,423,1056
JACKSONOS CIVIC CTR,295,1,0,224,1,3,29,1,816,0,2,3,301,0,8,162,1,909,3,20,1108,21,127,2,3255,521,2235,1108,3255
JACKSONOS COMMUNITY CTR,25,0,0,20,0,0,3,1,27,0,0,1,16,0,0,4,1,38,0,0,75,1,11,0,131,45,91,75,131
JACKSONPINECREST,45,0,0,22,1,5,7,0,115,0,0,1,36,0,0,27,1,223,0,2,177,5,8,0,656,68,415,177,656
JACKSONPRESBYTERIAN,37,0,1,19,0,4,3,0,91,0,0,0,49,1,2,27,0,157,0,2,115,3,13,2,486,57,334,115,486
JACKSONREC CENTER,444,0,2,44,2,0,0,1,26,0,0,0,14,0,0,8,0,44,1,1,1012,2,8,0,171,492,93,1012,171
JACKSONRED HILL,2,0,0,5,0,0,1,0,73,0,0,1,3,0,1,7,0,73,0,1,12,0,14,0,232,7,159,12,232
JACKSONSACRED HEART,100,1,1,32,2,4,7,1,233,0,0,1,68,0,0,47,0,302,0,3,372,3,25,0,1073,136,663,372,1073
JACKSONSOUTH VANCLEAVE,29,2,1,35,0,4,10,2,450,1,1,5,66,0,3,55,1,520,2,6,167,6,35,1,1952,67,1118,167,1952
JACKSONST MARTIN,342,0,2,172,1,8,24,1,583,3,0,1,188,0,5,101,0,974,2,23,1143,8,113,3,3268,517,1888,1143,3268
JACKSONSUE ELLEN,703,2,1,63,2,0,4,0,10,0,0,0,2,0,0,3,0,7,0,6,1664,2,11,1,54,771,26,1664,54
JACKSONVILLA MARIA,42,0,1,19,0,1,1,0,48,0,0,0,17,0,0,15,0,110,0,4,125,1,2,1,251,62,192,125,251
JACKSONYMBC-DANTZLER,319,1,1,39,1,0,3,0,99,1,0,0,58,0,0,27,0,117,3,1,745,3,14,0,420,361,305,745,420
JASPERANTIOCH,13,0,0,3,0,2,0,0,54,0,0,1,8,0,1,2,0,91,0,1,35,1,1,0,251,16,159,35,251
JASPERBAY SPRINGS BEAT 3,201,2,1,19,0,1,2,0,86,0,0,0,15,0,0,4,0,119,1,5,451,0,9,1,353,223,227,451,353
JASPERBAY SPRINGS BEAT 4,159,1,4,25,1,1,4,0,70,0,2,2,4,0,0,2,0,115,0,4,414,1,1,0,331,190,200,414,331
JASPERCLAIBORNE,131,1,0,11,0,0,1,0,50,0,0,0,2,0,0,3,0,50,1,0,249,0,0,0,166,143,106,249,166
JASPERFELLOWSHIP,4,0,0,2,0,0,1,0,21,0,0,0,3,0,0,0,0,24,0,0,6,0,0,0,81,6,49,6,81
JASPERHEIDELBERG,425,1,0,33,1,0,4,0,21,0,0,0,4,0,1,3,0,38,1,2,836,2,1,1,138,460,71,836,138
JASPERHOLDERS,106,0,0,10,1,1,0,0,45,0,0,0,7,0,0,4,0,92,1,2,259,0,2,1,254,117,149,259,254
JASPERLOUIN,121,0,1,19,1,3,3,1,61,0,0,1,5,0,0,2,0,95,1,3,316,1,3,2,236,142,171,316,236
JASPERMIDWAY,93,0,1,8,0,2,1,0,19,0,0,0,1,0,0,0,0,34,0,1,167,0,2,0,96,102,57,167,96
JASPERMONTROSE,86,0,1,7,0,1,1,0,32,0,0,0,4,0,0,1,0,59,0,1,150,0,1,1,155,94,98,150,155
JASPERMOSS,72,0,0,14,0,1,3,0,109,0,0,0,8,0,0,8,0,155,0,0,167,0,3,0,553,86,284,167,553
JASPERPALESTINE,40,0,1,3,0,0,0,0,0,0,0,0,0,0,0,0,0,3,0,0,62,0,0,0,12,44,3,62,12
JASPERPAULDING,253,0,0,17,1,0,0,0,40,0,0,0,5,0,0,2,0,99,0,0,544,0,0,1,219,271,146,544,219
JASPERPHILADELPHIA,106,0,0,4,0,0,1,0,16,0,0,0,1,0,0,0,0,18,0,0,249,0,1,0,54,110,36,249,54
JASPERROSS HILL,90,1,0,14,0,1,1,0,24,0,0,1,9,0,1,3,0,75,0,0,163,1,0,0,196,105,115,163,196
JASPERSTRINGER,30,0,5,19,0,0,4,0,194,0,0,2,20,0,0,13,0,282,1,2,82,0,4,0,921,54,515,82,921
JASPERVOSSBURG,113,1,0,2,0,0,0,0,6,0,0,0,0,0,0,1,0,2,0,1,218,0,0,0,22,116,9,218,22
JEFFERSON DAVISBASSFIELD 26,77,0,0,10,0,0,4,1,26,0,0,0,4,0,0,0,0,59,1,1,161,0,4,0,184,87,94,161,184
JEFFERSON DAVISBASSFIELD 31,197,0,0,16,1,0,0,0,24,0,0,0,5,0,0,1,0,27,0,2,389,0,2,1,113,214,57,389,113
JEFFERSON DAVISBASSFIELD 32,189,1,1,13,1,0,3,0,21,0,0,0,1,0,0,0,0,21,0,1,434,0,2,1,82,205,46,434,82
JEFFERSON DAVISCARSON 22,28,1,1,6,1,0,0,0,22,0,0,0,5,0,0,1,0,58,0,0,59,0,1,0,167,37,86,59,167
JEFFERSON DAVISCLEM 41,44,1,0,12,1,0,0,0,30,0,0,0,2,0,0,2,0,24,0,1,87,0,2,0,85,58,58,87,85
JEFFERSON DAVISGOOD HOPE 33,42,0,1,3,0,0,2,0,17,0,0,0,0,0,0,2,0,51,0,5,89,1,0,0,139,46,72,89,139
JEFFERSON DAVISGRANBY 11,44,0,0,3,1,1,0,0,10,0,0,0,2,0,0,1,0,10,0,1,84,0,0,1,40,48,24,84,40
JEFFERSON DAVISGREEN'S CREEK 23,48,0,0,4,0,0,1,0,52,0,0,0,3,0,0,5,0,56,0,0,93,0,0,0,209,52,117,93,209
JEFFERSON DAVISGWINVILLE 51,51,0,0,2,0,0,0,0,2,0,0,0,0,0,0,1,0,12,1,0,115,0,0,0,33,53,15,115,33
JEFFERSON DAVISHATHOM 24,31,0,0,4,0,0,1,0,14,0,0,0,8,0,0,3,0,53,0,0,60,0,1,0,132,35,79,60,132
JEFFERSON DAVISHERBON 52,27,1,0,4,0,0,2,0,7,0,0,0,2,0,0,2,0,26,0,0,51,0,0,1,60,32,39,51,60
JEFFERSON DAVISMEIBA 34,6,1,0,3,1,0,0,0,3,0,0,0,0,0,0,0,0,21,0,0,16,0,0,0,61,11,24,16,61
JEFFERSON DAVISMT CARMEL 42,89,0,0,5,0,0,1,0,0,0,0,0,1,0,0,0,0,6,0,4,188,1,0,0,13,94,8,188,13
JEFFERSON DAVISNORTH EAST PRENTISS 43,216,0,0,16,2,0,1,0,38,0,0,0,1,0,0,1,0,45,0,0,426,0,1,1,187,234,86,426,187
JEFFERSON DAVISNORTH WEST PRENTISS 53,117,0,0,6,0,0,0,0,13,0,0,0,1,0,0,4,0,25,0,0,193,0,0,0,67,123,43,193,67
JEFFERSON DAVISRED HOUSE 55,104,0,0,14,1,0,0,0,11,0,0,0,4,0,0,1,0,29,0,0,232,0,1,0,90,119,45,232,90
JEFFERSON DAVISSON'S ACADEMY 25,76,0,2,7,0,0,0,0,19,0,0,0,0,0,0,1,0,15,0,0,166,0,0,0,56,85,35,166,56
JEFFERSON DAVISSOUTH PRENTISS 12,91,4,0,23,0,1,8,0,54,0,0,0,13,0,0,14,1,122,0,2,218,1,6,0,353,118,213,218,353
JEFFERSON DAVISSOUTH PRENTISS 13,135,0,0,23,3,0,1,2,20,0,0,0,6,0,0,13,0,37,0,3,292,0,0,0,173,161,79,292,173
JEFFERSON DAVISWHITING 56,139,0,0,10,0,0,0,0,2,0,0,0,0,0,0,0,0,7,0,0,253,0,0,0,44,149,9,253,44
JEFFERSON DAVISWILLIAMSON MILL 44,55,0,0,6,3,0,0,0,33,0,0,1,12,0,0,2,1,60,0,0,114,0,1,0,178,64,109,114,178
JEFFERSONCANNONSBURG,102,0,0,8,1,0,0,0,6,0,0,0,3,0,0,0,0,3,0,0,200,0,2,0,15,111,12,200,15
JEFFERSONCHAMBLISS RESTAURANT,232,1,1,34,1,0,1,0,0,0,0,0,0,0,0,1,0,4,0,2,502,1,1,1,15,269,6,502,15
JEFFERSONCHURCH HILL,27,0,1,6,0,1,0,1,25,0,0,0,3,0,0,1,0,25,0,0,56,0,3,0,98,34,56,56,98
JEFFERSONCITY HALL,198,0,0,22,0,0,0,0,0,0,0,0,2,0,0,0,0,0,0,1,494,0,0,0,9,220,2,494,9
JEFFERSONHARRISON,109,1,1,8,0,0,0,0,0,0,0,0,0,0,0,0,0,3,0,0,196,1,0,1,14,119,3,196,14
JEFFERSONLORMAN,92,0,0,6,0,0,0,0,7,0,0,0,2,0,0,2,0,12,0,1,175,2,1,0,41,98,23,175,41
JEFFERSONMT.ISRAEL BAPTIST CENTER,169,1,1,12,2,0,0,0,4,0,0,0,0,0,0,6,0,7,1,0,395,1,1,0,44,185,17,395,44
JEFFERSONMULTIPURPOSE CENTER,119,0,0,26,0,0,0,0,0,0,0,0,0,0,0,0,0,0,0,0,283,0,0,0,4,145,0,283,4
JEFFERSONOLD HOLLYWOOD CHURCH,192,2,0,16,1,0,1,0,11,0,0,0,4,0,0,2,0,9,0,0,366,0,1,2,52,211,27,366,52
JEFFERSONRED LICK,131,0,1,26,0,0,0,0,8,0,0,0,0,0,0,0,0,9,0,1,265,0,0,1,48,158,17,265,48
JEFFERSONSTAMPLEY,109,0,0,10,0,0,0,0,1,0,0,0,0,0,0,0,0,0,0,1,230,2,0,0,5,119,1,230,5
JEFFERSONUNION CHURCH,71,0,0,1,1,0,0,0,23,0,0,0,5,0,0,4,0,44,0,1,175,0,4,0,145,73,76,175,145
JONESANTIOCH,2,0,0,1,0,0,3,2,55,0,0,0,8,0,0,6,1,130,1,0,15,2,1,1,346,3,205,15,346
JONESBIG CREEK,4,0,0,0,0,2,3,0,87,1,0,0,3,0,0,4,0,150,0,0,23,1,4,0,384,4,250,23,384
JONESBLACKWELL,2,0,0,0,0,0,2,0,50,0,0,1,6,0,0,1,0,94,0,1,7,0,6,0,270,2,154,7,270
JONESBRATA,80,0,0,10,0,1,1,0,47,0,0,0,1,0,1,0,0,59,0,1,195,0,4,0,159,90,110,195,159
JONESCALHOUN,13,0,0,10,0,3,14,0,316,1,0,2,27,0,1,19,0,416,1,2,78,4,9,0,1336,23,799,78,1336
JONESCENTERVILLE,0,0,0,3,0,0,0,0,20,1,0,0,1,0,0,2,0,63,0,0,9,0,1,0,150,3,87,9,150
JONESCURRIE,93,0,0,8,0,0,0,0,9,0,0,0,0,0,0,1,0,5,0,0,158,0,1,1,18,101,15,158,18
JONESFIRST ASSEMBLY OF GOD,116,0,0,16,1,0,3,1,74,0,0,0,9,0,2,5,0,127,1,9,296,1,11,0,337,133,221,296,337
JONESGEORGE HARRISON,79,1,0,10,0,2,5,0,224,1,0,2,18,0,2,15,1,274,2,8,278,5,15,0,938,90,544,278,938
JONESGITANO,29,0,0,1,0,0,1,0,54,0,0,0,0,0,0,4,0,52,1,0,66,0,3,0,183,30,111,66,183
JONESGLADE,8,0,0,7,0,1,7,1,131,1,0,2,25,0,0,14,1,277,1,0,36,2,8,1,791,15,460,36,791
JONESHEBRON,127,1,0,30,0,0,5,0,57,0,0,0,7,0,1,10,0,59,1,3,329,0,2,0,219,158,139,329,219
JONESJOHNSON,0,0,0,3,0,0,3,0,85,0,0,0,5,0,0,4,0,146,0,1,13,1,4,0,488,3,243,13,488
JONESL T ELLIS CENTER,517,1,0,56,3,0,1,0,7,0,0,0,0,0,0,0,0,12,1,4,1268,4,1,0,30,577,20,1268,30
JONESLANDRUM,3,0,0,1,0,0,3,1,71,1,1,2,9,0,1,1,0,103,0,1,14,1,2,0,302,4,193,14,302
JONESMAGNOLIA CENTER,410,1,0,57,2,0,2,0,59,0,0,0,13,0,0,9,1,97,1,2,1166,0,9,0,311,470,181,1166,311
JONESMATTHEWS,19,0,0,4,0,0,2,0,104,0,0,2,8,0,0,3,0,136,0,1,37,0,8,0,394,23,255,37,394
JONESMOSELLE,41,0,0,9,0,1,3,0,166,0,0,0,15,0,0,7,0,188,0,0,151,3,8,0,666,50,380,151,666
JONESMYRICK,6,0,0,8,0,3,6,0,204,0,0,1,9,0,0,9,1,293,1,1,41,1,7,1,941,14,526,41,941
JONESNORTH LAUREL,212,0,1,47,2,6,8,0,307,0,0,2,92,1,1,33,0,363,0,8,732,6,33,1,1202,262,813,732,1202
JONESOAK PARK SCHOOL,233,0,0,33,0,0,0,0,0,0,0,0,0,0,0,1,0,1,0,1,643,0,1,0,6,266,2,643,6
JONESOVETT,7,0,0,5,0,0,3,0,105,0,0,0,6,0,0,3,0,191,0,3,35,1,8,0,599,12,308,35,599
JONESPARKVIEW BAPTIST CHURCH,89,0,1,18,1,1,1,0,113,0,0,1,30,0,1,20,0,141,0,3,323,1,8,0,440,109,308,323,440
JONESPINE GROVE,3,0,0,5,0,1,6,0,163,0,0,0,12,0,0,6,0,180,1,2,32,2,7,0,664,8,368,32,664
JONESPLEASANT RIDGE,7,0,0,5,0,0,3,1,141,0,0,1,12,0,0,10,0,136,0,1,34,1,3,0,507,12,304,34,507
JONESPOWERS,62,1,0,5,0,0,2,1,182,0,0,0,12,0,1,10,0,209,1,5,174,0,5,0,691,68,417,174,691
JONESRAINEY,5,0,0,10,0,2,5,0,220,0,0,0,17,0,2,7,0,238,0,0,31,2,9,0,796,15,491,31,796
JONESRUSTIN,2,0,0,1,0,3,5,0,96,0,0,0,5,0,0,1,0,183,0,3,13,0,6,0,457,3,293,13,457
JONESSAND HILL,7,0,0,11,0,0,9,1,149,0,0,0,12,0,1,18,0,187,0,1,46,1,13,0,609,18,377,46,609
JONESSANDERVILLE,37,0,0,9,0,0,2,0,119,0,0,0,11,0,0,8,0,167,0,3,101,1,8,0,501,46,307,101,501
JONESSHADY GROVE,158,1,0,41,0,1,24,0,320,0,0,0,29,0,0,22,0,478,1,5,543,8,22,3,1463,200,874,543,1463
JONESSHARON,43,0,0,17,0,0,4,0,208,0,0,0,11,0,0,6,0,316,1,1,157,1,7,1,921,60,545,157,921
JONESSHELTON,73,0,0,17,1,0,2,0,75,0,1,0,2,0,0,5,0,112,0,1,149,0,1,0,369,91,197,149,369
JONESSOSO,121,0,0,22,0,0,3,1,119,0,1,0,10,0,0,5,0,155,0,3,344,2,4,0,474,143,294,344,474
JONESSPRINGHILL/MAULDIN,85,0,0,23,0,2,5,0,229,0,0,0,19,0,0,19,0,252,1,2,198,1,15,0,894,108,526,198,894
JONESTUCKERS,7,0,0,3,0,2,2,0,131,0,0,0,6,0,1,9,1,225,0,3,27,1,8,0,665,10,377,27,665
JONESUNION,3,0,0,6,0,1,3,2,160,0,0,0,4,0,3,7,0,187,0,2,29,0,6,1,612,9,367,29,612
KEMPERKEMPER SPRINGS,53,0,0,3,0,0,0,0,1,0,0,0,0,0,0,0,0,9,0,0,119,0,1,0,16,56,10,119,16
LAFAYETTEABBEVILLE,272,2,1,33,0,0,4,0,69,0,0,0,22,0,0,7,0,121,0,2,558,0,12,1,410,308,223,558,410
LAFAYETTEAIRPORT GROCERY,27,0,0,23,0,2,6,0,77,0,0,1,10,0,2,19,0,117,0,2,105,4,17,1,380,50,234,105,380
LAFAYETTEANCHOR-TAYLOR 4,16,0,0,7,0,0,3,2,93,0,0,2,13,1,0,14,0,99,0,3,60,0,12,0,409,23,227,60,409
LAFAYETTEBURGESS,36,0,0,27,0,0,1,0,67,0,0,3,23,0,0,12,0,69,0,3,99,1,4,0,285,63,175,99,285
LAFAYETTECOLLEGE HILL,211,0,1,98,0,2,6,1,221,0,0,2,101,1,3,52,0,200,0,5,567,8,48,1,900,310,589,567,900
LAFAYETTEDENMARK-LAF SPRINGS-PINE BLUFF,22,0,0,6,0,2,2,0,83,0,0,0,14,0,1,13,0,117,0,2,57,1,6,0,434,28,232,57,434
LAFAYETTEHARMONTOWN,17,0,0,2,0,1,1,0,97,0,0,0,8,0,0,5,0,105,1,2,51,1,3,1,336,19,217,51,336
LAFAYETTEOXFORD 1,259,0,0,205,1,6,15,0,299,0,2,3,215,0,0,112,0,326,0,8,1041,18,74,0,1450,465,978,1041,1450
LAFAYETTEOXFORD 2,567,3,5,300,7,2,17,3,425,6,6,11,331,10,16,173,13,428,4,14,1831,28,146,0,2021,882,1441,1831,2021
LAFAYETTEOXFORD 3,377,0,0,128,1,1,7,0,128,0,0,0,124,0,0,44,0,167,2,3,1054,15,45,1,774,506,471,1054,774
LAFAYETTEOXFORD 4,277,0,0,263,0,0,10,0,284,0,0,1,249,1,2,134,0,284,6,9,1180,30,114,1,1404,540,965,1180,1404
LAFAYETTEOXFORD 5,103,0,0,160,0,1,4,0,122,0,0,1,101,0,0,42,0,110,1,8,701,18,59,1,690,263,381,701,690
LAFAYETTEPARIS,1,0,0,8,0,0,1,1,52,0,0,3,8,0,0,5,0,100,0,0,18,0,2,0,235,9,170,18,235
LAFAYETTEPHILADELPHIA,32,0,0,7,0,1,0,0,34,0,0,0,4,0,0,6,0,25,0,0,84,0,2,0,121,39,70,84,121
LAFAYETTETAYLOR 3,165,1,2,34,0,1,3,0,270,0,0,0,9,0,0,6,0,37,0,2,361,4,11,0,155,202,326,361,155
LAFAYETTETULA,12,0,0,10,0,0,1,0,59,0,0,1,7,0,0,10,1,63,0,1,35,1,4,1,233,22,142,35,233
LAFAYETTEUNION WEST 4,38,0,0,5,0,0,1,0,50,0,0,2,3,0,0,5,0,44,0,0,90,1,3,0,184,43,105,90,184
LAFAYETTEYOCONA COMMUNITY CENTER,19,1,0,20,0,0,3,1,119,1,0,3,19,0,2,18,0,109,1,4,77,4,15,0,451,40,275,77,451
LAMARARNOLD LINE,97,0,0,34,0,0,3,2,105,0,0,0,42,0,0,9,0,125,1,0,271,4,15,0,456,131,286,271,456
LAMARBAXTERVILLE,1,0,0,3,0,1,0,0,88,0,0,0,6,0,0,5,0,103,0,0,6,0,3,0,339,4,203,6,339
LAMARBRELAND,142,0,0,56,0,4,18,0,336,0,0,2,121,0,3,66,0,427,3,9,509,6,52,0,1528,198,977,509,1528
LAMARGREENVILLE,1,0,0,2,0,3,2,0,149,0,0,1,11,0,0,9,0,225,0,2,20,0,2,0,719,3,400,20,719
LAMARKINGSMILL,33,0,0,7,0,3,10,0,263,0,0,0,138,0,1,48,1,321,0,4,130,2,21,1,1100,40,785,130,1100
LAMARLAKE SERENE,66,0,0,42,1,3,18,1,466,0,0,5,149,0,3,67,1,504,1,8,291,2,52,2,1865,109,1217,291,1865
LAMARLAMAR PARK,137,0,0,65,1,2,10,0,174,0,0,0,52,0,2,32,0,167,0,9,510,6,34,1,592,203,439,510,592
LAMARLUMBERTON,234,0,0,36,0,0,5,1,106,0,0,0,12,0,0,7,0,178,2,3,564,4,5,1,578,270,309,564,578
LAMARMIDWAY,38,0,0,11,0,1,11,1,236,0,0,2,46,0,0,40,0,306,0,11,128,2,19,0,1099,49,643,128,1099
LAMARMILL CREEK,18,0,0,7,0,0,0,0,123,0,0,0,20,0,0,14,0,105,0,5,60,0,5,0,393,25,262,60,393
LAMARNORTHEAST LAMAR,133,0,0,60,1,3,3,1,129,0,0,0,55,0,1,18,0,180,0,3,468,9,31,0,576,194,390,468,576
LAMAROAK GROVE,62,0,0,25,0,1,14,2,297,0,0,1,81,0,4,29,0,309,2,7,283,3,38,0,1146,87,738,283,1146
LAMAROKAHOLA,14,0,0,7,0,2,4,0,106,0,0,0,22,0,0,11,0,102,0,3,100,4,12,0,376,21,247,100,376
LAMAROLOH,6,0,0,4,0,0,5,1,144,0,0,1,13,0,0,9,0,124,0,2,30,4,5,0,555,10,297,30,555
LAMARPINE GROVE,1,0,0,8,0,0,1,0,104,0,0,0,16,0,0,13,0,138,0,2,15,1,6,0,468,9,272,15,468
LAMARPURVIS,95,1,2,20,0,2,14,1,313,1,0,1,41,0,1,31,0,440,0,2,283,2,18,0,1400,118,845,283,1400
LAMARRICHBURG,95,0,1,52,1,3,16,2,263,0,0,1,73,0,2,49,0,309,1,11,379,7,49,0,1098,149,718,379,1098
LAMARROCKY BRANCH,44,0,0,6,1,1,4,1,87,0,1,0,14,0,0,8,0,144,0,3,114,3,4,0,427,51,260,114,427
LAMARSOUTH PURVIS,22,0,0,24,0,8,12,1,317,0,0,2,42,0,0,22,0,438,1,3,118,1,18,1,1313,46,842,118,1313
LAMARSUMRALL,85,0,0,21,0,4,26,0,486,0,0,2,67,0,4,54,1,548,1,6,233,9,28,0,2063,106,1192,233,2063
LAMARWESLEY MANOR,142,0,0,52,1,2,7,2,97,0,1,0,37,0,0,17,0,80,1,8,451,3,21,0,381,195,243,451,381
LAMARWESTOVER,47,0,0,20,0,0,3,0,19,0,0,0,5,0,0,5,0,19,0,2,216,3,14,1,75,67,51,216,75
LAMARYAWN,2,0,0,2,0,0,3,1,42,0,0,0,3,0,0,8,0,74,0,1,11,0,0,0,204,4,131,11,204
LAUDERDALE101 - ONE,112,0,0,39,0,5,11,3,242,0,0,2,111,0,2,65,0,306,0,2,458,9,35,0,1030,151,747,458,1030
LAUDERDALE105 - FIVE,145,1,0,25,0,5,16,0,125,1,0,1,133,0,0,72,0,220,1,3,450,1,11,0,874,171,573,450,874
LAUDERDALE126 - ANDREWS CHAPEL,57,0,1,11,0,2,10,0,110,0,0,0,42,0,2,28,0,125,0,7,156,0,9,1,524,69,319,156,524
LAUDERDALE127 - BAILEY,103,0,0,18,0,10,28,3,190,0,1,0,52,0,0,39,0,224,0,2,272,0,18,0,863,121,547,272,863
LAUDERDALE146 - NEW LAUDERDALE,54,0,0,18,0,4,16,0,217,0,0,1,6,0,1,49,0,280,0,3,188,3,24,0,981,72,574,188,981
LAUDERDALE153 - PROSPECT,27,0,1,2,0,0,4,1,70,0,0,0,25,0,0,14,0,79,0,1,78,1,6,0,259,30,193,78,259
LAUDERDALE175 - WEST DALEWOOD,9,0,0,0,0,0,0,0,24,0,0,0,9,0,0,1,0,57,0,0,20,0,1,0,124,9,91,20,124
LAUDERDALE202 - TWO,25,0,0,10,0,1,5,0,16,0,0,1,17,1,0,1,0,43,0,0,66,1,4,0,140,35,85,66,140
LAUDERDALE204 - FOUR,126,0,1,16,0,0,1,0,17,0,0,0,5,0,0,1,0,10,1,0,344,1,4,0,58,143,34,344,58
LAUDERDALE206 - SIX,313,0,4,54,1,2,4,0,30,0,0,0,14,0,0,10,0,34,0,4,1041,2,5,2,138,372,94,1041,138
LAUDERDALE214 - FOURTEEN,112,0,0,10,0,1,0,0,8,0,0,1,1,0,0,4,0,16,0,0,329,1,0,0,45,122,31,329,45
LAUDERDALE235 - DALEVILLE,85,2,0,12,0,0,4,0,11,0,0,0,2,0,0,3,0,22,0,4,170,0,5,0,64,99,42,170,64
LAUDERDALE237 - EAST LAUDERDALE,109,0,0,13,0,1,14,1,95,0,0,1,27,1,0,22,1,210,0,2,344,2,6,0,637,122,373,344,637
LAUDERDALE238 - MARION,92,1,0,11,0,0,9,0,77,0,0,1,26,0,1,24,0,83,1,1,306,1,13,0,335,104,221,306,335
LAUDERDALE240 - KEWANEE,50,0,0,2,0,0,1,0,31,0,0,0,7,0,0,1,0,46,0,0,108,0,0,0,128,52,86,108,128
LAUDERDALE254 - RUSSELL,90,0,0,14,0,1,13,1,125,0,0,1,25,0,0,1,0,154,0,3,255,2,6,1,514,104,321,255,514
LAUDERDALE262 - TOOMSUBA,54,1,0,10,1,2,1,0,33,0,0,0,6,0,0,6,0,64,0,0,154,2,3,0,166,66,112,154,166
LAUDERDALE303 - THREE,226,0,1,47,1,0,5,0,46,0,0,0,13,0,0,6,0,56,1,0,678,3,4,1,199,275,126,678,199
LAUDERDALE313 - THIRTEEN,199,0,0,59,1,4,9,1,174,0,0,1,57,0,1,44,0,206,2,15,616,6,17,2,703,259,497,616,703
LAUDERDALE329 - CENTER HILL,46,0,0,16,0,1,18,1,237,0,2,2,42,0,1,35,0,277,0,4,130,6,12,1,1022,62,616,130,1022
LAUDERDALE331 - COLLINSVILLE,73,0,0,7,0,2,23,1,309,0,0,3,50,0,2,28,0,315,2,2,215,4,13,0,1146,80,733,215,1146
LAUDERDALE343 - MARTIN,11,0,2,1,0,4,20,0,180,0,0,0,30,0,0,19,0,201,0,6,29,0,3,1,800,14,454,29,800
LAUDERDALE361 - SUQUALENA,89,0,1,16,0,1,19,0,308,0,0,3,52,0,2,45,0,297,0,1,287,3,12,1,1152,106,727,287,1152
LAUDERDALE407 - SEVEN,153,1,0,29,0,4,2,0,47,0,0,1,10,0,0,9,0,40,1,1,496,2,7,0,152,183,113,496,152
LAUDERDALE408 - EIGHT,174,0,0,27,2,2,1,0,41,0,0,0,6,0,0,6,0,60,0,1,444,2,4,0,177,203,116,444,177
LAUDERDALE409 - NINE,101,0,0,16,1,0,0,0,10,0,0,0,0,0,0,0,0,22,0,0,396,0,3,0,58,118,32,396,58
LAUDERDALE410 -TEN,68,0,0,15,0,1,0,0,5,0,0,0,1,0,0,2,0,24,0,1,234,3,1,1,54,83,33,234,54
LAUDERDALE411 - ELEVEN,201,0,1,31,1,2,1,0,23,0,0,1,18,0,1,6,0,44,0,2,636,1,3,0,143,234,96,636,143
LAUDERDALE412 - TWELVE,335,1,1,52,2,0,0,0,12,0,0,0,3,0,0,0,0,15,0,3,972,0,2,1,51,391,30,972,51
LAUDERDALE450 - PICKARD,40,0,0,7,0,1,8,0,79,1,0,2,7,0,1,6,0,116,1,0,112,4,2,0,307,47,221,112,307
LAUDERDALE517 - SEVENTEEN,57,0,0,16,2,1,2,1,75,0,0,2,21,0,0,10,0,111,0,1,165,1,4,0,334,75,223,165,334
LAUDERDALE525 - ALAMUCHA,30,0,0,2,0,0,2,0,40,0,0,1,8,0,0,4,0,31,0,2,59,1,3,0,113,32,86,59,113
LAUDERDALE528 - CAUSEYVILLE,11,0,0,2,0,5,2,0,78,0,0,1,9,0,0,5,1,116,0,0,31,1,2,0,331,13,217,31,331
LAUDERDALE530 - CLARKDALE,20,0,0,10,0,2,17,2,223,1,0,1,54,0,0,24,0,215,0,3,76,2,11,0,1037,30,539,76,1037
LAUDERDALE544 - MEEHAN,28,0,0,8,0,0,3,0,109,0,0,0,10,0,0,12,0,102,0,3,89,1,9,0,347,36,236,89,347
LAUDERDALE549 - ODOM,6,0,1,8,0,0,1,1,44,0,0,0,3,0,1,1,0,74,0,0,169,0,5,0,205,15,125,169,205
LAUDERDALE560 - SOUTH NELLIEBURG,18,0,0,5,0,3,5,0,65,0,0,0,4,0,0,9,0,105,1,1,87,1,1,3,284,23,191,87,284
LAUDERDALE563 - VALLEY,8,0,0,4,0,0,0,0,11,0,0,0,5,0,0,2,0,31,0,0,22,0,1,0,95,12,49,22,95
LAUDERDALE563 - WHYNOT,17,0,0,3,0,2,6,1,73,0,0,1,10,0,0,6,0,132,0,4,66,1,3,0,372,20,231,66,372
LAUDERDALE564 - VIMVILLE,91,0,0,11,1,2,15,0,182,0,0,0,28,0,0,27,0,196,0,2,308,2,15,1,737,103,450,308,737
LAUDERDALE567 - ZERO,44,0,0,16,0,3,10,0,174,0,0,0,17,0,2,16,0,67,0,4,117,1,13,0,711,60,289,117,711
LAUDERDALE583 - MT GILEAD,21,0,0,6,0,1,2,0,91,0,0,0,6,0,0,13,0,92,0,2,96,0,7,1,331,27,205,96,331
LAWRENCEARMORY,5,0,0,2,0,0,0,0,14,0,0,0,2,0,0,1,0,32,0,0,19,0,2,0,92,7,49,19,92
LAWRENCECENTER,4,0,0,0,0,0,0,0,34,0,0,0,0,0,0,2,0,57,1,0,6,1,2,0,140,4,93,6,140
LAWRENCECOOPERS CREEK(A-Z),7,0,0,9,2,1,3,0,72,0,1,1,10,0,1,7,0,107,0,1,34,1,2,0,404,18,203,34,404
LAWRENCECOURTHOUSE A-Z,70,0,0,28,1,7,7,1,144,0,1,1,28,0,1,40,0,214,0,0,184,3,11,0,844,99,444,184,844
LAWRENCEEAST ARM,58,0,0,6,1,0,1,0,14,0,0,0,0,0,0,0,0,48,0,2,110,0,0,1,92,65,63,110,92
LAWRENCEGRANGE,20,0,0,2,0,0,1,0,38,0,0,0,6,0,0,1,0,53,0,1,29,0,1,0,169,22,99,29,169
LAWRENCEHOOKER,75,0,0,13,0,0,0,0,5,0,0,1,4,0,0,3,0,13,0,0,127,1,0,1,40,88,26,127,40
LAWRENCEJAYESS,6,0,0,5,0,0,2,0,81,0,0,1,4,0,0,3,0,84,0,1,20,3,2,0,320,11,175,20,320
LAWRENCEMONTICELLO-BEAT 5,46,3,0,2,0,0,0,0,0,0,0,0,0,0,0,0,0,1,0,0,112,0,0,0,4,51,1,112,4
LAWRENCENEW HEBRON,45,0,0,15,0,1,2,0,54,0,1,0,3,0,0,4,0,113,0,0,95,0,5,0,318,60,178,95,318
LAWRENCENOLA,1,0,0,0,0,0,2,6,0,0,0,0,0,0,0,2,0,14,0,0,4,0,0,0,54,1,24,4,54
LAWRENCENOLA 91,29,1,0,6,0,0,0,0,0,0,0,0,0,0,0,0,0,0,0,0,52,0,0,0,2,36,0,52,2
LAWRENCENORTH SILVER CREEK,42,0,0,6,0,1,2,0,12,0,0,1,3,0,0,1,0,17,0,0,76,0,1,1,47,48,37,76,47
LAWRENCEOAKVALE,13,0,0,4,0,1,0,0,23,0,0,0,4,0,0,2,0,33,0,0,23,0,1,0,104,17,63,23,104
LAWRENCEOMA,154,0,0,5,0,1,0,0,6,0,0,0,4,0,0,1,0,14,0,1,234,2,1,0,42,159,26,234,42
LAWRENCEPEYTON TOWN,76,0,1,11,1,0,1,0,2,0,0,0,2,0,0,2,0,8,0,0,138,0,1,1,17,89,15,138,17
LAWRENCESONTAG,59,0,0,7,1,0,2,0,36,0,0,0,7,0,0,8,0,55,0,0,111,1,2,0,212,67,108,111,212
LAWRENCESOUTH SILVER CREEK,91,0,0,9,1,0,1,0,17,0,0,0,0,0,1,0,0,33,0,0,155,0,2,0,85,101,52,155,85
LAWRENCESTRINGER,89,0,1,18,2,0,0,0,18,0,0,0,0,0,0,2,0,42,2,1,167,1,1,1,115,110,62,167,115
LAWRENCETILTON,20,0,1,3,0,0,0,0,23,0,0,0,1,0,1,2,0,45,0,0,43,0,1,1,130,24,72,43,130
LAWRENCETOPEKA,9,0,0,3,0,1,0,1,50,0,0,0,1,0,0,3,1,87,0,0,22,0,3,0,267,12,144,22,267
LAWRENCEWANILLA,2,0,0,3,0,1,0,0,17,0,0,0,2,0,0,2,0,14,0,0,9,0,0,0,62,5,36,9,62
LAWRENCEWANILLA 91,28,0,0,2,0,0,0,0,0,0,0,0,0,0,0,1,0,1,0,0,47,0,0,0,6,30,2,47,6
LAWRENCEWEST ARM,72,0,1,8,2,0,1,0,13,0,0,0,2,0,0,4,0,22,0,2,124,0,1,0,77,83,42,124,77
LAWRENCEWEST DISTRICT 1,2,0,0,2,0,1,1,0,26,0,0,0,2,0,1,5,0,53,0,3,11,1,0,0,150,4,89,11,150
LAWRENCEWEST MONTICELLO (A-Z),136,1,0,14,0,0,1,0,29,0,0,1,18,0,0,10,0,87,0,1,243,1,1,1,298,151,146,243,298
LEAKECONWAY,137,0,0,18,0,0,0,0,18,0,0,0,7,0,0,0,0,29,0,1,256,0,2,0,111,155,54,256,111
LEAKEEAST CARTHAGE,57,1,0,23,2,2,2,1,116,0,0,1,23,0,1,15,1,127,0,2,134,0,3,1,474,83,289,134,474
LEAKEEDINBURG,6,0,0,3,0,0,2,0,107,0,0,1,12,0,0,11,0,108,0,0,14,2,2,0,375,9,241,14,375
LEAKEFREENY,29,0,0,15,0,1,3,0,77,1,0,0,6,0,0,7,0,139,0,1,88,3,2,1,395,44,234,88,395
LEAKEGOOD HOPE,51,0,0,11,1,1,2,1,68,0,0,0,4,0,0,0,0,135,0,2,119,0,2,1,357,63,211,119,357
LEAKEHARMONY,118,0,0,7,0,0,1,0,13,0,0,0,2,0,0,0,0,30,0,0,189,0,2,0,103,125,46,189,103
LEAKELENA,118,1,0,11,1,1,0,0,37,0,0,0,12,1,0,5,0,57,1,0,224,0,2,0,162,131,113,224,162
LEAKEMADDEN,47,0,1,2,1,0,3,0,57,0,0,0,7,0,0,12,0,111,0,8,93,0,1,0,341,51,190,93,341
LEAKENORTH CARTHAGE,106,0,1,23,1,1,2,0,1,0,0,1,18,0,0,10,0,117,0,1,267,1,4,0,379,131,150,267,379
LEAKEOFAHOMA,129,0,0,20,1,0,0,0,3,0,0,1,0,0,0,3,0,16,0,0,278,4,1,0,39,150,23,278,39
LEAKERENFROE,14,0,1,11,1,0,0,0,65,0,0,0,13,0,0,5,0,62,0,0,51,1,2,1,258,27,145,51,258
LEAKESALEM,8,0,0,1,0,0,0,0,84,0,1,0,2,0,0,6,0,80,0,1,20,0,1,0,295,9,173,20,295
LEAKESINGLETON,83,0,0,15,0,0,2,0,88,0,0,2,16,0,0,3,0,115,0,4,174,0,7,0,405,98,226,174,405
LEAKESOUTH CARTHAGE,56,0,1,12,0,1,2,1,29,0,0,0,3,0,0,5,0,73,0,1,101,0,2,0,202,69,114,101,202
LEAKESUNRISE,8,0,0,3,0,1,1,0,63,0,0,0,11,0,0,6,0,99,0,0,15,0,0,0,307,11,181,15,307
LEAKETHOMASTOWN,117,0,0,12,1,0,1,0,37,0,0,0,5,0,0,1,0,45,0,0,201,1,1,0,157,130,89,201,157
LEAKEWALNUT GROVE,261,0,0,31,0,1,2,0,29,0,0,0,8,0,0,5,0,46,1,1,560,0,2,0,178,292,91,560,178
LEAKEWEST CARTHAGE,253,0,2,44,0,0,1,0,19,0,0,0,8,0,0,2,0,42,0,1,585,0,3,0,131,299,72,585,131
LEAKEWIGGINS,108,0,0,9,0,0,0,1,23,0,0,0,5,0,0,4,0,32,0,1,215,1,1,0,113,117,65,215,113
LEEAUBURN,21,0,0,22,0,2,16,1,321,0,0,7,19,0,0,23,0,296,0,1,83,4,12,0,875,43,685,83,875
LEEBALDWYN,140,0,2,21,1,2,3,0,81,1,0,1,14,0,0,10,1,74,0,2,329,2,6,0,313,164,187,329,313
LEEBEECH SPRINGS,54,0,0,13,0,0,2,0,98,0,0,0,27,0,1,21,1,82,0,3,149,1,4,0,311,67,232,149,311
LEEBELDEN,156,0,0,48,1,1,10,0,283,0,0,1,77,0,0,49,0,251,0,5,515,6,29,0,1114,205,672,515,1114
LEEBIRMINGHAM RIDGE,26,0,0,13,0,1,10,2,264,0,0,1,62,0,0,33,1,199,1,2,104,5,18,0,873,39,573,104,873
LEEBISSELL,170,0,0,70,1,8,33,6,891,1,1,4,224,0,1,121,1,607,0,19,726,8,52,2,2883,241,1898,726,2883
LEEBREWER,13,0,0,5,0,0,6,0,85,0,0,0,18,0,0,4,0,119,0,2,42,0,3,1,329,18,232,42,329
LEECEDAR HILL,63,0,0,27,0,2,5,0,232,1,0,1,36,0,0,23,2,233,0,3,195,2,16,3,964,90,535,195,964
LEEDAVIS BOX,29,0,0,10,0,0,1,0,30,0,0,0,8,0,0,3,0,24,0,0,67,1,6,0,106,39,66,67,106
LEEEAST HEIGHTS,19,0,0,4,0,0,1,0,102,0,0,0,20,0,1,6,0,68,0,1,56,0,3,0,273,23,198,56,273
LEEEGGVILLE,9,0,0,8,0,1,4,0,105,0,0,1,7,0,0,12,1,94,0,1,33,1,1,1,377,17,225,33,377
LEEEUCLATUBBA,2,0,0,4,0,0,6,1,57,0,0,1,12,0,0,6,0,65,0,4,18,4,3,0,213,6,148,18,213
LEEFELLOWSHIP,13,0,0,19,0,1,3,0,116,0,0,1,5,0,0,9,0,111,0,6,59,1,6,0,413,32,246,59,413
LEEFRIENDSHIP,1,0,0,0,0,0,0,0,44,0,0,1,3,0,1,3,0,47,0,1,11,0,0,0,152,1,99,11,152
LEEGILVO,6,0,0,2,0,0,1,0,25,0,0,0,4,0,0,2,0,31,0,0,16,2,4,0,105,8,63,16,105
LEEGUNTOWN,51,0,2,24,0,0,2,1,110,0,0,0,8,1,0,11,0,136,0,0,164,5,7,0,520,77,269,164,520
LEEHEBRON,5,0,0,3,0,0,5,0,84,0,0,0,4,0,0,2,0,84,0,0,20,1,3,0,292,8,179,20,292
LEEKEDRON,40,0,0,14,0,1,1,1,75,0,0,0,17,0,0,6,0,79,0,3,111,1,1,0,297,54,180,111,297
LEEMOOREVILLE,19,0,0,22,0,2,8,0,271,0,0,2,20,0,0,24,0,210,0,2,95,3,9,0,994,41,537,95,994
LEENAN,3110,4,9,924,12,47,220,18,6012,5,4,33,1256,1,13,744,10,5445,15,109,10029,121,405,14,22220,4059,13808,10029,22220
LEENETTLETON,44,0,0,7,0,0,1,2,105,0,0,1,12,0,0,6,0,152,0,0,113,0,6,0,500,51,279,113,500
LEEOAK HILL,65,0,0,42,0,3,1,0,263,0,1,3,38,0,1,36,2,267,2,4,230,11,17,0,981,107,615,230,981
LEEOLD UNION,72,0,0,5,0,0,9,0,60,0,0,0,9,0,0,6,0,41,0,0,174,0,3,0,202,77,125,174,202
LEEPALMETTO,88,0,0,13,0,0,7,0,103,1,0,1,16,0,0,9,0,95,2,2,279,2,3,0,391,101,232,279,391
LEEPETERSBURG,7,0,0,7,0,0,1,1,62,8,0,0,6,0,0,2,0,58,0,2,19,2,2,0,204,14,138,19,204
LEEPLANTERSVILLE,155,1,2,27,1,1,2,0,98,0,0,0,11,0,0,7,0,88,0,1,349,4,5,1,347,186,207,349,347
LEEPLEASANT GROVE,222,1,0,29,1,0,3,0,58,0,0,0,9,0,0,8,0,81,1,0,521,0,9,0,311,253,159,521,311
LEEPRATTS,1,0,0,2,0,1,2,0,84,0,0,0,11,0,0,3,0,80,0,2,30,0,2,1,247,3,181,30,247
LEERICHMOND,29,0,0,9,0,1,2,0,90,0,0,0,9,0,0,8,0,81,0,1,62,1,4,0,292,38,191,62,292
LEESALTILLO,77,0,0,1,0,5,12,0,450,0,0,2,54,0,1,52,1,408,1,5,319,5,25,0,1706,78,985,319,1706
LEESHANNON,102,0,1,18,1,1,3,0,50,0,0,0,6,0,0,7,0,61,1,4,303,1,5,1,235,122,128,303,235
LEETUPELO 1,9,0,0,9,0,1,2,0,84,0,0,1,90,0,1,25,0,97,0,2,70,2,6,0,407,18,301,70,407
LEETUPELO 2,141,0,0,104,1,6,18,1,402,0,0,1,175,0,4,85,0,356,1,6,636,14,58,3,1600,246,1048,636,1600
LEETUPELO 3,273,2,1,95,2,7,25,0,522,0,2,2,142,0,0,79,0,447,2,11,851,9,37,0,1805,373,1226,851,1805
LEETUPELO 4 NORTH,302,0,0,78,0,1,2,0,97,1,0,0,35,0,0,17,0,81,1,2,1257,12,17,1,379,380,234,1257,379
LEETUPELO 4 SOUTH,381,0,0,57,2,0,0,0,30,0,0,0,8,0,0,2,0,42,2,2,1087,3,5,0,156,440,82,1087,156
LEETUPELO 5,119,0,1,33,0,1,2,1,79,0,0,2,16,0,0,13,0,89,0,4,359,4,5,0,307,153,203,359,307
LEEUNITY,8,0,0,5,0,0,4,0,99,0,0,0,8,0,1,9,0,104,0,1,21,0,5,0,388,13,225,21,388
LEEVERONA,183,0,0,29,1,0,3,1,82,0,0,1,23,0,0,8,0,100,1,5,556,4,8,0,358,213,218,556,358
LEFLORECENTRAL GWD,59,0,0,8,1,1,0,0,8,0,0,0,0,0,0,0,0,17,1,0,322,0,0,0,83,68,26,322,83
LEFLOREEAST GWD,318,0,1,19,1,0,0,0,1,0,0,0,0,0,0,0,0,1,1,2,1148,1,3,1,14,339,2,1148,14
LEFLOREMINTER CITY,31,1,0,1,0,0,1,0,21,0,0,0,7,0,0,3,0,46,1,0,96,1,1,0,125,33,78,96,125
LEFLOREMONEY,13,0,0,1,0,0,0,0,10,0,0,0,4,0,0,3,0,35,0,0,33,0,1,0,87,14,52,33,87
LEFLOREMORGAN CITY,51,0,0,1,0,0,1,0,12,0,0,0,7,0,0,0,0,15,0,0,112,0,0,0,64,52,35,112,64
LEFLOREMVSU,37,0,0,11,0,0,0,0,4,0,0,0,0,0,0,0,0,0,1,0,380,4,5,0,24,48,4,380,24
LEFLORENE GWD,168,0,0,23,0,1,0,0,9,0,0,0,2,0,0,2,0,29,0,1,589,2,3,0,104,191,43,589,104
LEFLORENORTH GWD,112,0,0,43,1,1,7,1,280,1,0,3,278,0,1,61,2,496,3,11,599,8,56,1,2010,156,1131,599,2010
LEFLORENORTH ITTA BENA,273,0,1,17,0,0,1,0,11,0,0,0,5,0,0,0,0,22,0,1,855,1,0,1,101,291,39,855,101
LEFLORERISING SUN,146,0,1,18,1,0,0,0,0,0,0,0,0,0,0,0,0,2,0,2,442,1,0,1,15,166,2,442,15
LEFLORESCHLATER,49,0,0,2,0,0,0,0,15,0,0,0,6,0,0,2,0,20,0,0,117,0,0,0,85,51,43,117,85
LEFLORESIDON,82,0,0,3,0,0,0,0,2,0,0,0,4,0,0,0,0,18,0,1,186,0,1,0,72,85,24,186,72
LEFLORESOUTH GWD,96,0,0,9,1,0,0,0,0,0,0,0,0,0,0,0,0,0,0,0,368,1,1,0,5,106,0,368,5
LEFLORESOUTH ITTA BENA,70,0,1,6,0,0,0,0,5,0,0,0,2,0,0,1,0,13,0,1,236,0,0,0,56,77,21,236,56
LEFLORESOUTHEAST GWD,295,0,0,29,0,2,0,0,27,0,0,0,11,0,0,4,0,58,0,0,1063,2,1,1,213,324,102,1063,213
LEFLORESOUTHWEST GWD,104,0,0,6,1,0,0,0,2,0,0,0,0,0,0,0,0,0,0,2,324,1,1,1,10,111,2,324,10
LEFLORESWIFTOWN,7,0,0,0,1,0,0,0,6,0,0,0,0,0,0,0,0,5,0,0,18,1,1,0,26,8,11,18,26
LEFLOREWEST GWD,264,0,0,28,1,0,1,0,12,0,0,0,8,0,0,0,0,26,0,4,899,2,4,0,118,293,47,899,118
LINCOLNALEXANDER,195,1,0,25,0,0,0,0,5,0,0,0,0,0,0,0,0,1,0,1,435,2,1,0,17,221,6,435,17
LINCOLNARLINGTON,45,0,0,2,0,0,5,0,104,0,0,1,12,0,0,17,0,128,0,1,86,2,3,1,433,47,267,86,433
LINCOLNBIG SPRINGS,29,0,0,1,0,1,0,0,27,0,0,0,8,0,0,3,0,42,0,0,47,0,1,1,134,30,81,47,134
LINCOLNBOGUE CHITTO,79,0,0,12,0,2,0,0,41,0,0,1,7,0,1,5,0,52,0,1,165,1,0,0,168,91,109,165,168
LINCOLNBRIGNAL,91,0,1,6,0,0,2,0,2,0,0,0,0,0,0,8,0,3,1,0,203,1,0,0,32,98,15,203,32
LINCOLNCASEYVILLE,39,0,0,6,0,1,5,0,67,0,0,0,6,0,0,6,0,97,0,1,87,0,0,0,342,45,182,87,342
LINCOLNCITY HALL,30,0,0,10,0,0,2,0,25,0,0,0,20,0,0,17,0,46,0,0,80,1,2,1,150,40,110,80,150
LINCOLNEAST LINCOLN,3,0,0,4,0,0,4,0,47,0,1,0,8,0,0,8,0,80,0,0,11,0,0,0,247,7,148,11,247
LINCOLNENTERPRISE,23,0,0,15,0,2,4,0,178,0,0,1,20,0,0,34,2,244,1,2,61,0,7,1,892,38,485,61,892
LINCOLNFAIR RIVER,2,0,0,4,0,1,2,1,62,0,0,0,17,0,0,5,0,51,1,0,15,0,1,0,191,6,139,15,191
LINCOLNFORRESTRY,104,0,0,12,1,0,0,0,70,0,0,0,18,0,0,16,0,80,1,1,194,3,2,0,318,117,184,194,318
LINCOLNGOVERNMENTAL COMPLEX,191,0,0,17,1,0,0,0,2,0,0,0,2,0,0,0,0,4,0,2,447,0,2,1,19,209,8,447,19
LINCOLNHALBERT HEIGHTS,58,0,0,19,0,0,11,1,207,1,1,3,115,1,0,58,1,236,2,3,193,0,11,0,944,77,635,193,944
LINCOLNHEUCKS RETREAT,35,0,1,3,0,1,2,1,107,0,0,0,9,0,0,6,0,131,0,6,91,0,5,1,458,39,257,91,458
LINCOLNHIGH SCHOOL,163,1,0,8,0,0,0,0,4,0,0,0,1,0,0,0,0,4,0,0,375,1,2,0,29,172,9,375,29
LINCOLNJOHNSON,30,0,0,6,0,2,3,0,86,0,0,0,18,0,0,4,0,99,0,4,74,0,4,0,373,36,212,74,373
LINCOLNJOHNSON GROVE,24,0,0,15,0,2,1,0,100,0,0,1,15,0,0,9,0,138,0,4,87,0,4,0,464,39,266,87,464
LINCOLNLIPSEY,100,0,0,18,1,2,5,1,77,0,0,1,29,0,0,17,2,84,0,0,222,0,3,0,354,119,218,222,354
LINCOLNLITTLE BAHALA,34,0,0,6,0,0,0,0,39,0,0,0,2,0,0,2,0,44,0,1,83,1,1,0,133,40,87,83,133
LINCOLNLOYD STAR,62,0,0,9,0,0,10,0,132,0,0,1,32,0,2,16,1,189,2,1,135,2,5,0,722,71,383,135,722
LINCOLNMONTGOMERY,40,0,0,9,2,0,1,0,50,0,0,0,6,0,0,9,0,52,0,0,113,0,2,0,191,51,118,113,191
LINCOLNNEW SIGHT,101,0,0,24,0,5,8,3,128,0,0,0,30,0,0,21,2,171,0,4,251,0,7,0,583,125,368,251,583
LINCOLNNORFIELD,19,0,0,7,0,1,1,0,40,0,0,0,3,0,0,2,0,44,2,3,38,0,0,0,165,26,91,38,165
LINCOLNOLD BROOK,40,0,0,12,0,7,10,0,127,1,0,0,48,0,0,42,0,219,0,6,121,3,6,0,663,52,454,121,663
LINCOLNOLD RED STAR,25,0,0,7,0,0,2,1,82,0,0,0,11,0,0,10,0,104,0,0,69,0,5,1,402,32,210,69,402
LINCOLNPEARLHAVEN,135,0,0,9,1,0,0,0,18,0,0,0,1,0,0,3,0,14,1,1,312,1,1,0,66,145,36,312,66
LINCOLNROGERS CIRCLE,91,0,1,23,0,1,0,0,35,0,0,1,5,0,0,8,0,54,0,2,262,4,6,0,179,115,104,262,179
LINCOLNRUTH,5,0,0,8,0,1,5,0,86,0,0,1,9,0,0,8,0,136,1,1,21,1,5,0,450,13,246,21,450
LINCOLNVAUGHN,44,0,0,5,0,1,4,1,81,0,0,0,8,0,0,1,1,79,0,1,80,1,0,1,283,49,176,80,283
LINCOLNWEST LINCOLN,13,0,0,8,0,3,2,0,122,0,0,1,14,0,0,10,0,203,0,0,38,1,3,0,686,21,355,38,686
LINCOLNZETUS,18,0,0,6,0,0,3,1,96,0,0,0,18,0,0,13,1,123,0,4,62,1,0,0,462,24,255,62,462
LOWNDESAIRBASE,165,0,0,39,0,0,5,0,95,0,0,0,18,0,0,11,0,121,1,3,440,1,22,0,482,204,250,440,482
LOWNDESARTESIA,120,0,0,5,0,0,2,0,14,0,0,0,1,0,0,4,0,9,0,2,273,1,1,0,56,125,30,273,56
LOWNDESBRANDON,206,0,1,56,0,1,9,1,201,1,0,2,69,0,1,43,0,228,0,5,648,4,23,2,854,263,556,648,854
LOWNDESCALEDONIA,83,0,0,33,0,0,23,0,519,0,0,3,53,0,1,68,1,561,1,11,345,4,40,1,2164,116,1229,345,2164
LOWNDESCOLEMAN,80,1,0,15,0,0,0,0,0,0,0,0,1,0,0,0,0,2,0,1,250,2,1,0,8,96,3,250,8
LOWNDESCRAWFORD,269,0,0,28,1,0,2,0,39,0,0,0,5,1,0,1,0,24,0,1,653,5,4,1,134,298,72,653,134
LOWNDESFIRST ASSEMBLY,211,0,0,72,0,3,16,1,469,2,0,6,198,0,2,96,1,478,2,6,729,12,53,0,1905,283,1272,729,1905
LOWNDESHUNT,422,1,0,49,0,0,0,0,1,0,0,0,0,0,0,0,0,3,0,1,1126,2,1,0,14,472,4,1126,14
LOWNDESNATIONAL GUARD ARMORY,613,0,1,128,1,0,5,0,83,1,0,1,7,0,0,8,0,90,2,9,1820,11,13,0,379,743,195,1820,379
LOWNDESNEW HOPE,194,1,0,60,1,2,30,3,761,1,1,8,119,0,2,83,2,724,0,12,582,11,36,1,2972,256,1736,582,2972
LOWNDESPLUM GROVE,124,0,0,9,0,0,0,0,6,0,0,0,2,0,0,0,0,2,0,0,298,0,1,0,22,133,10,298,22
LOWNDESPROPST PARIC COMMUNITY HUT,103,0,0,10,0,0,0,0,4,0,0,0,0,0,0,1,0,3,0,1,270,1,2,0,11,113,8,270,11
LOWNDESRURAL HILL,137,0,0,30,1,2,16,3,316,0,1,6,52,0,0,28,0,325,0,3,444,1,23,0,1349,168,749,444,1349
LOWNDESSTEENS,17,0,0,9,0,0,4,0,89,0,0,0,16,0,0,12,0,112,2,2,62,2,6,0,410,26,233,62,410
LOWNDESTOWSEND PARK,301,1,0,54,0,1,2,0,14,0,0,1,11,0,0,7,0,9,0,1,842,6,6,1,68,356,45,842,68
LOWNDESTRINITY,181,0,0,40,1,0,1,1,51,0,0,1,22,0,0,4,0,81,1,2,510,7,7,1,246,222,161,510,246
LOWNDESUNION ACADEMY,198,0,0,40,0,2,1,0,13,0,0,1,7,0,0,7,0,19,1,0,607,2,5,1,101,238,50,607,101
LOWNDESUNIVERSITY,75,0,0,57,0,2,5,0,65,1,0,1,62,1,1,18,0,87,1,1,282,10,15,1,342,132,243,282,342
LOWNDESWEST LOWNDES,79,0,0,24,1,1,6,0,162,0,0,0,56,0,0,25,0,163,1,2,246,7,15,0,658,104,413,246,658
MADISONBEAR CREEK,177,0,0,37,2,4,4,0,45,0,0,0,14,0,1,8,0,78,0,3,438,2,11,1,285,216,154,438,285
MADISONBIBLE CHURCH,202,0,1,14,1,0,0,0,0,0,0,0,0,0,0,0,0,1,0,0,391,1,0,1,6,218,1,391,6
MADISONCAMDEN,266,1,1,32,0,0,1,0,10,0,0,0,0,0,0,1,0,30,1,2,605,1,6,0,62,300,42,605,62
MADISONCAMERON,46,1,0,5,1,0,0,0,28,0,0,0,7,0,0,0,0,23,0,0,80,0,0,0,87,53,58,80,87
MADISONCANTON FIRE STATION #4,128,0,1,14,2,0,1,0,17,0,0,0,9,0,0,0,0,37,0,2,248,0,2,0,103,145,64,248,103
MADISONCANTON PRECINCT 1,405,0,1,37,1,2,3,0,59,0,0,0,24,0,0,12,0,94,1,4,875,3,2,0,267,444,194,875,267
MADISONCANTON PRECINCT 2,374,2,0,58,1,4,5,0,104,0,0,1,54,0,2,23,1,197,2,3,831,3,5,3,551,435,391,831,551
MADISONCANTON PRECINCT 3,64,0,0,6,0,0,2,0,13,0,1,0,13,0,0,4,0,49,0,1,124,0,4,0,128,70,82,124,128
MADISONCANTON PRECINCT 4,542,0,0,48,1,0,1,0,31,1,1,0,6,0,0,6,0,42,0,0,1148,1,3,0,141,591,88,1148,141
MADISONCANTON PRECINCT 5,431,1,1,43,1,0,0,0,0,0,0,0,0,0,0,0,0,4,0,3,934,0,2,1,11,477,4,934,11
MADISONCANTON PRECINCT 7,96,0,0,7,0,0,0,0,0,0,0,0,0,0,0,0,0,5,0,0,202,0,1,0,9,103,5,202,9
MADISONCEDAR GROVE BAPTIST,4,0,0,3,0,0,0,0,23,0,0,1,6,0,0,0,0,56,2,1,14,0,1,0,118,7,86,14,118
MADISONCHINA GROVE CHURCH,150,0,1,35,0,4,11,0,255,0,0,1,252,1,3,67,0,404,2,5,443,7,36,0,1460,186,998,443,1460
MADISONCOLONIAL HEIGHTS,169,0,0,76,0,2,7,0,77,1,0,3,40,0,1,25,0,147,1,4,591,7,14,1,426,245,303,591,426
MADISONCOUPARLE,17,0,0,1,0,0,0,0,2,0,0,0,0,0,0,0,0,4,0,0,30,0,1,0,16,18,6,30,16
MADISONFARMHAVEN,298,0,0,38,1,0,0,0,26,0,0,0,5,0,0,5,0,23,0,1,564,1,7,0,91,337,59,564,91
MADISONFEARNS CHAPEL FREEWILL BAPTIST,175,0,0,17,2,1,3,0,195,0,0,4,38,0,0,20,0,252,0,0,398,0,7,0,823,194,513,398,823
MADISONFIRST BAPTIST CHURCH OF MADISON,160,0,1,77,1,3,13,2,358,1,1,0,252,0,0,104,0,473,0,15,582,7,70,0,1784,239,1207,582,1784
MADISONFIRST PRESBYTERIAN MADISON,108,0,0,34,0,3,9,0,274,0,0,0,214,1,2,66,0,360,2,5,355,3,32,0,1287,142,929,355,1287
MADISONGLUCKSTADT AT ST JOE CATHOLIC,314,0,0,79,1,3,18,1,508,0,0,2,244,0,3,148,0,542,2,11,949,10,100,1,2673,394,1469,949,2673
MADISONGRACE CROSSING,330,1,2,69,1,2,10,0,427,0,0,2,156,0,2,73,0,512,0,8,871,6,50,4,1889,403,1184,871,1889
MADISONGREATER MT LEVI FULL GOSPEL,304,0,0,22,1,0,0,0,2,0,0,0,0,0,0,1,0,6,0,3,622,0,1,1,12,327,9,622,12
MADISONHIGHLAND CHAPEL,232,0,0,49,1,3,14,1,424,0,0,2,323,0,0,106,0,554,1,11,742,8,63,0,2253,282,1427,742,2253
MADISONHIGHLAND COLONY BAPTIST,214,1,0,47,0,6,15,3,412,0,0,0,465,1,1,171,0,482,1,10,936,6,80,0,2037,262,1556,936,2037
MADISONLAKE CAROLINE CLUBHOUSE,75,0,0,20,0,3,7,3,279,0,0,4,216,0,0,67,0,483,1,6,280,1,21,0,1714,95,1062,280,1714
MADISONMAD.CO.BAPTIST FAMILY LIFE CT,342,0,4,23,0,0,0,0,0,0,0,0,0,0,0,0,0,0,0,1,697,0,3,0,9,369,0,697,9
MADISONMAGNOLIA HEIGHTS,307,0,1,47,1,2,0,0,38,0,0,0,7,0,0,1,0,92,0,0,705,4,3,1,217,356,140,705,217
MADISONNEW LIFE,44,0,0,30,0,2,10,1,254,2,0,1,135,0,0,66,3,361,0,6,213,0,24,2,1172,74,835,213,1172
MADISONNORTHBAY,45,0,0,25,0,2,4,0,130,1,0,0,102,0,0,31,0,206,0,3,165,2,22,1,610,70,476,165,610
MADISONPLEASANT GIFT BAPTIST,159,0,0,30,0,1,1,0,54,0,0,1,12,0,0,6,0,124,0,2,387,0,6,0,296,189,199,387,296
MADISONRIDGELAND 1ST METHODIST CHURCH,191,0,0,56,0,1,10,1,205,0,0,1,99,2,1,62,0,266,0,11,567,6,39,0,857,247,648,567,857
MADISONRIDGELAND PRECINCT 4,126,0,0,48,0,4,0,1,59,0,0,0,32,0,1,11,1,56,0,4,418,4,14,0,240,174,165,418,240
MADISONRIDGELAND RECREATION CENTER,406,0,0,162,0,5,7,1,277,1,0,1,220,0,1,99,1,510,2,9,1422,16,64,2,1703,568,1123,1422,1703
MADISONSHARON,272,0,0,27,1,0,0,0,12,0,0,0,2,0,0,1,0,29,0,0,482,0,2,1,60,300,44,482,60
MADISONSMITH-SCHOOL,4,0,0,3,0,1,1,0,69,0,0,0,13,0,0,3,0,88,0,0,23,0,6,0,244,7,175,23,244
MADISONSUNNYBOOK,30,0,0,14,0,3,3,2,91,0,0,1,64,0,1,28,0,90,0,6,112,4,15,1,372,44,283,112,372
MADISONTOUGALOO,56,0,0,30,0,0,0,0,0,0,0,0,0,0,0,0,0,0,1,0,329,8,1,0,2,86,0,329,2
MADISONTRACE RIDGE BAPTIST CHURCH,174,0,0,66,0,2,16,0,237,1,0,2,181,0,0,64,0,345,0,9,579,5,29,4,1106,240,848,579,1106
MADISONTWIN LAKES BAPTIST CHURCH,174,0,0,41,1,2,4,0,144,0,0,1,97,0,0,17,0,189,1,2,440,6,18,0,615,216,454,440,615
MADISONVICTORY BAPTIST,54,0,0,22,0,2,6,0,229,0,0,1,140,0,0,61,0,230,1,7,206,1,28,2,847,76,669,206,847
MADISONVICTORY CHRISTIAN COMM. CHURCH,81,0,0,36,0,4,8,0,368,0,1,1,215,2,1,69,0,406,3,9,281,8,45,0,1463,117,1075,281,1463
MADISONVIRILLIA,40,0,0,4,0,0,1,0,37,0,0,0,15,0,0,0,0,79,0,1,64,2,4,0,219,44,132,64,219
MARIONCARLEY,18,8,3,4,0,4,3,0,174,0,0,0,14,0,8,5,3,225,0,2,48,1,9,0,683,33,436,48,683
MARIONCEDAR GROVE,47,0,0,4,0,0,1,0,56,0,0,0,6,0,0,10,1,92,0,1,109,0,5,0,260,51,166,109,260
MARIONCITY HALL,57,0,1,3,0,3,0,0,27,0,0,0,4,0,0,1,0,47,0,0,120,0,5,0,141,61,82,120,141
MARIONCOURT HOUSE,47,0,0,11,0,0,2,0,76,1,0,1,17,0,1,12,0,115,1,1,121,1,12,0,336,58,225,121,336
MARIONDARBUN,25,0,0,1,0,0,1,3,44,1,0,0,3,0,0,2,0,64,0,2,39,0,1,1,211,26,118,39,211
MARIONEAST COLUMBIA,199,3,4,31,0,0,0,8,63,0,0,0,11,0,0,5,0,85,0,3,703,4,6,1,260,237,172,703,260
MARIONFOXWORTH,127,0,1,17,1,0,4,1,102,0,1,0,6,0,6,7,0,176,0,1,296,2,8,0,562,146,303,296,562
MARIONHUB,113,0,1,15,2,1,0,0,44,0,0,0,6,0,3,4,0,33,0,4,222,1,5,0,156,131,91,222,156
MARIONJEFFERSON SCHOOL,80,2,0,5,1,0,0,0,2,0,0,0,0,0,0,0,0,0,0,0,174,0,0,0,6,88,2,174,6
MARIONKOKOMO,61,0,0,10,3,1,5,0,62,0,3,0,4,0,0,2,0,140,0,0,130,2,5,1,377,74,217,130,377
MARIONLITTLE ROCK,95,0,0,4,0,1,3,0,43,0,0,0,3,0,1,3,0,79,0,0,218,4,8,0,232,99,133,218,232
MARIONMORGANTOWN,3,0,0,3,0,1,3,0,64,1,0,0,6,0,0,5,0,121,2,0,19,0,5,0,393,6,201,19,393
MARIONMORRIS,198,0,1,30,1,1,2,2,215,0,1,2,11,0,4,16,1,205,0,8,439,3,6,3,793,230,460,439,793
MARIONNATIONAL GUARD,32,1,1,10,0,4,6,3,237,0,0,2,62,0,2,43,1,357,0,1,104,7,10,0,1123,44,717,104,1123
MARIONPINE BURR,43,0,0,4,0,1,2,0,59,0,0,0,5,0,0,4,1,81,0,1,102,0,1,0,291,47,153,102,291
MARIONPITTMAN,2,0,2,2,0,0,3,0,35,0,0,0,13,0,0,9,0,120,0,1,19,0,1,0,423,6,180,19,423
MARIONPOPETOWN,143,2,0,75,1,2,0,0,82,0,0,1,10,0,0,7,0,100,1,2,392,2,6,1,351,221,202,392,351
MARIONSANDY HOOK,45,0,0,5,0,0,0,0,52,0,0,0,3,0,0,12,0,75,0,1,117,1,0,0,222,50,142,117,222
MARIONSOUTH COLUMBIA,46,0,0,4,0,0,0,0,0,0,0,0,0,0,0,0,0,3,0,0,129,1,1,0,5,50,3,129,5
MARIONUNION,4,0,0,0,0,1,2,2,87,0,0,0,9,1,1,0,0,62,0,0,9,1,1,0,250,4,165,9,250
MARSHALL1 NORTH HOLLY SPRINGS,228,3,0,35,2,0,1,0,5,0,0,0,3,0,0,1,0,7,0,1,718,3,3,1,40,268,17,718,40
MARSHALL1 RED BANKS,151,0,0,25,1,0,2,0,85,0,0,0,4,0,1,22,0,110,2,2,374,4,6,0,394,177,224,374,394
MARSHALL1 WEST HOLLY SPRINGS,408,1,2,31,0,0,6,0,10,0,0,0,6,0,1,7,0,41,1,3,900,3,3,2,124,442,71,900,124
MARSHALL2 BARTON,34,0,0,12,0,0,1,1,228,0,1,0,19,0,0,25,0,175,0,6,114,4,11,0,678,46,450,114,678
MARSHALL2 BYHALIA,246,1,0,30,0,0,8,0,224,2,0,1,17,0,1,13,1,197,0,3,534,7,12,0,810,277,464,534,810
MARSHALL2 EARLY GROVE,53,0,1,4,0,0,0,0,24,0,0,0,0,0,0,2,0,27,0,1,130,0,0,0,104,58,53,130,104
MARSHALL2 HADSONVILLE,112,2,1,12,0,0,1,0,36,0,0,1,6,0,0,6,0,31,0,0,212,1,3,1,163,127,81,212,163
MARSHALL2 MT PLEASANT,118,0,0,29,2,0,1,0,193,0,0,0,6,0,1,12,0,170,0,6,264,7,6,0,604,149,383,264,604
MARSHALL2 NORTH CAYCE,83,0,0,16,0,1,1,0,55,0,0,1,1,0,0,9,0,65,0,0,218,1,3,2,219,99,133,218,219
MARSHALL2 NORTH HOLLY SPRINGS,191,3,2,25,0,0,0,0,27,0,0,0,1,0,0,4,0,30,0,3,544,3,8,0,145,221,62,544,145
MARSHALL2 SLAYDEN,109,0,0,12,1,1,2,0,85,0,0,0,9,0,0,9,0,88,0,6,212,2,3,0,290,122,194,212,290
MARSHALL3 CAYCE,124,0,0,12,0,0,0,0,68,0,0,0,5,0,0,4,0,59,0,2,259,0,2,0,252,136,136,259,252
MARSHALL4 CHUAHOMA,214,0,1,15,0,0,0,0,10,0,0,0,0,0,0,0,0,14,0,0,391,0,1,0,67,230,24,391,67
MARSHALL4 LAWS HILL,57,0,1,3,1,0,0,0,17,0,0,0,1,0,0,0,0,34,0,0,105,1,1,0,94,62,52,105,94
MARSHALL4 MARLANNA,139,0,0,14,0,0,1,0,40,0,1,0,7,0,0,3,0,56,0,4,296,3,1,0,202,153,108,296,202
MARSHALL4 VICTORIA,134,1,1,8,0,0,0,0,28,0,0,0,3,0,0,0,0,33,1,3,264,0,1,0,108,144,64,264,108
MARSHALL4 WALL HILL,182,1,1,19,2,0,2,0,22,0,0,0,1,0,0,5,0,39,1,3,376,2,4,1,128,205,69,376,128
MARSHALL4 WARSAW,128,0,0,10,1,0,0,0,46,0,0,0,1,0,0,5,0,57,0,2,288,2,1,0,224,139,109,288,224
MARSHALL4 WATSON,94,0,0,11,0,0,0,0,66,0,0,0,4,0,0,2,0,54,1,3,188,0,3,2,206,105,126,188,206
MARSHALL5 BETHLEHEM,22,1,0,0,0,0,0,0,73,0,0,1,4,0,0,4,0,63,0,3,45,0,0,0,257,23,145,45,257
MARSHALL5 COMERSVILLE,2,0,0,3,0,1,1,0,46,0,0,0,0,0,0,0,0,31,1,0,6,0,0,0,111,5,79,6,111
MARSHALL5 POTTS CAMP,120,0,0,13,0,1,4,0,117,0,0,1,5,0,2,12,0,128,0,2,333,0,2,0,472,133,270,333,472
MARSHALL5 SOUTH HOLLY SPRINGS,451,0,1,48,3,5,5,2,151,0,0,1,27,0,1,36,0,175,1,1,1035,10,15,3,617,503,403,1035,617
MARSHALL5 WATERFORD,97,1,1,8,2,0,0,0,72,0,0,0,3,0,0,3,0,94,1,4,217,2,6,0,278,109,172,217,278
MONROE1 AMORY FIRST,14,1,0,10,1,1,8,1,111,0,0,1,47,0,0,30,0,119,0,0,82,1,2,3,564,26,318,82,564
MONROE1 BIGBEE,0,0,0,1,0,0,1,0,24,0,0,0,2,0,0,4,0,38,0,0,8,1,0,0,152,1,69,8,152
MONROE1 BOYDS,4,0,0,4,0,1,5,0,49,0,0,1,4,0,0,6,0,74,1,3,29,0,2,0,310,8,140,29,310
MONROE1 HATLEY,27,0,0,19,1,5,22,3,237,0,0,2,31,0,1,48,0,249,0,3,98,4,6,0,1252,47,598,98,1252
MONROE1 SMITHVILLE,28,1,0,6,2,0,13,0,112,0,0,2,26,0,0,17,9,152,1,5,101,2,9,0,675,37,331,101,675
MONROE2 AMORY SECOND,114,0,0,39,0,3,18,0,208,0,0,2,72,0,1,58,0,274,1,5,336,2,20,2,1227,153,636,336,1227
MONROE2 BECKER,27,0,1,15,1,1,11,0,157,0,0,0,12,0,0,25,0,187,0,3,80,1,7,0,777,44,393,80,777
MONROE2 PARHAM,11,0,0,0,0,0,1,0,21,0,0,0,3,0,0,4,0,36,0,0,24,0,1,0,136,11,65,24,136
MONROE2 SIPSEY,1,0,0,0,0,1,1,0,35,0,0,2,4,0,0,5,0,40,0,1,10,0,0,0,188,1,88,10,188
MONROE2 WILLIAMS,4,0,0,3,0,0,0,0,11,0,0,0,1,0,0,0,0,29,1,0,9,0,0,0,69,7,41,9,69
MONROE3 ABERDEEN THIRD,62,0,0,25,0,2,7,1,65,0,0,2,31,0,0,13,1,112,0,1,263,1,4,0,343,87,234,263,343
MONROE3 ATHENS,33,0,1,5,1,0,1,2,59,0,0,0,8,0,0,5,0,87,0,0,75,0,3,0,323,40,162,75,323
MONROE3 BARTAHATCHIE,9,0,0,4,0,1,0,0,40,0,1,1,5,0,0,3,0,64,0,0,20,0,1,0,239,13,115,20,239
MONROE3 GREENWOOD SPRINGS,2,0,0,0,0,0,0,0,21,0,0,1,4,0,0,1,0,18,0,0,7,0,0,0,116,2,45,7,116
MONROE3 HAMILTON,83,0,3,8,2,3,16,0,187,0,0,1,18,0,0,27,0,281,1,5,254,3,10,2,1059,96,533,254,1059
MONROE3 LACKEY,30,0,0,11,0,1,7,0,87,0,0,2,15,0,0,11,0,158,0,0,105,2,8,1,575,41,281,105,575
MONROE4 DARRACOTT,9,0,1,0,0,0,0,0,18,0,0,0,5,0,0,6,0,48,0,0,23,0,1,0,113,10,77,23,113
MONROE4 GIBSON,118,1,2,18,0,0,0,0,10,0,0,1,1,0,0,1,0,30,0,3,297,0,2,0,78,139,43,297,78
MONROE4 NORTH ABERDEEN,261,0,1,35,0,0,2,0,73,0,0,2,15,0,0,6,0,152,1,1,714,4,7,3,407,297,250,714,407
MONROE4 PRAIRIE,185,1,0,26,0,0,0,0,10,0,0,0,0,0,0,2,0,14,0,0,420,1,3,0,59,212,26,420,59
MONROE4 SOUTH ABERDEEN,251,1,1,26,1,2,1,0,16,0,0,1,4,0,0,7,0,53,0,1,824,1,1,0,143,280,84,824,143
MONROE5 AMORY FIFTH,210,0,0,11,0,0,0,0,0,0,0,0,0,0,0,0,0,0,0,1,553,2,0,0,10,221,0,553,10
MONROE5 CENTRAL GROVE,87,0,0,7,2,1,0,0,27,0,0,0,6,0,0,4,0,27,0,1,210,1,2,0,104,96,65,210,104
MONROE5 NETTLETON,106,1,0,7,0,2,2,0,78,0,0,0,7,0,0,5,0,117,0,2,312,0,10,0,429,114,211,312,429
MONROE5 WILLIS,185,0,0,23,0,0,0,0,13,0,0,0,6,0,0,2,0,46,0,1,509,1,5,0,140,208,67,509,140
MONROE5 WREN,55,0,2,8,1,0,5,1,105,0,0,0,20,1,2,14,0,200,0,2,161,1,6,0,679,66,348,161,679
MONTGOMERYDUCK HILL,92,0,0,8,0,0,1,0,63,0,0,0,4,0,0,5,0,83,0,0,185,0,0,1,277,100,156,185,277
MONTGOMERYEAST WINONA,158,0,0,15,1,3,4,0,42,0,0,2,10,0,0,8,0,39,0,2,313,3,2,3,179,174,108,313,179
MONTGOMERYKILMICHAEL,130,0,0,21,0,2,1,0,50,0,0,3,9,0,2,8,1,66,0,3,227,2,7,1,260,151,142,227,260
MONTGOMERYLODI,75,0,0,10,0,1,0,0,15,0,0,0,1,0,0,0,0,15,0,0,139,0,2,1,41,85,32,139,41
MONTGOMERYMT PISGAH,9,0,0,0,0,0,0,0,29,0,0,0,3,0,0,2,1,48,0,0,20,0,1,0,137,9,83,20,137
MONTGOMERYNATIONS,15,0,0,2,0,0,0,0,44,0,0,0,2,0,0,4,0,61,2,1,32,0,2,0,210,17,111,32,210
MONTGOMERYNORTH DUCK HILL,70,0,0,6,0,0,0,0,19,0,0,0,5,0,0,2,0,33,1,0,106,0,1,0,89,76,59,106,89
MONTGOMERYNORTH KILMICHAEL,39,0,0,2,0,0,0,0,2,0,0,0,2,0,0,0,0,2,0,1,70,0,0,0,14,41,6,70,14
MONTGOMERYNORTH MT PISGAH SWEETHOME,28,1,0,1,0,0,0,0,14,0,0,1,1,0,0,0,0,30,0,1,48,0,3,0,67,30,46,48,67
MONTGOMERYNORTH WINONA,43,0,0,6,0,3,4,0,102,0,0,1,47,0,0,24,1,151,0,2,113,0,7,0,589,49,333,113,589
MONTGOMERYPOPLAR CREEK,5,0,1,0,0,3,1,0,7,0,0,1,1,0,0,2,0,33,0,0,7,0,0,0,90,6,48,7,90
MONTGOMERYSOUTH WINONA,324,2,2,43,1,1,1,0,44,0,0,0,8,0,0,1,0,45,0,1,658,1,4,0,249,372,100,658,249
MONTGOMERYSOUTHEAST WINONA,30,0,0,1,0,0,1,0,20,0,0,1,6,0,1,3,0,14,0,1,64,1,1,0,109,31,46,64,109
MONTGOMERYSTEWART,2,0,0,0,0,0,0,1,23,0,0,0,0,0,0,1,0,28,0,0,6,0,0,0,71,2,53,6,71
MONTGOMERYWEST WINONA,59,0,0,4,2,2,4,0,76,0,0,1,14,0,0,7,0,106,0,2,127,1,2,0,436,65,210,127,436
NESHOBAARLINGTON,2,0,0,0,0,2,4,0,52,0,0,3,9,0,0,7,1,118,1,1,9,1,2,0,306,2,196,9,306
NESHOBABOGUE CHITTO,10,0,0,4,1,0,5,0,5,0,0,0,0,0,0,1,0,9,0,1,32,1,0,1,25,15,20,32,25
NESHOBABURNSIDE,84,0,0,13,0,0,2,0,25,0,0,1,6,0,0,5,0,49,0,2,231,0,0,0,152,97,88,231,152
NESHOBACENTER,9,0,0,1,1,1,3,0,52,0,0,0,9,0,0,7,0,87,0,1,39,0,5,0,275,11,159,39,275
NESHOBACOUNTY LINE,3,0,0,2,0,1,11,0,79,0,0,1,24,0,1,7,0,65,0,1,12,2,3,0,306,5,189,12,306
NESHOBADEEMER,6,0,0,5,0,3,4,0,32,0,0,1,7,0,0,0,0,55,1,0,10,0,3,0,165,11,102,10,165
NESHOBADIXON,76,0,0,12,0,1,2,0,66,0,0,3,13,0,0,7,0,88,0,1,167,0,2,3,280,88,180,167,280
NESHOBAEAST NESHOBA,69,0,0,14,0,0,1,0,12,0,0,0,1,0,0,2,0,29,1,0,183,0,3,1,100,83,45,183,100
NESHOBAFAIRVIEW,8,0,0,3,0,1,2,1,17,0,0,0,9,0,0,1,0,47,0,0,30,1,0,0,158,11,78,30,158
NESHOBAFORESTDALE,16,0,0,3,0,0,4,0,36,0,0,0,12,0,0,4,0,74,1,1,41,0,2,1,232,19,130,41,232
NESHOBAFORK,1,0,0,1,0,2,1,0,37,0,0,0,10,0,0,4,0,78,0,0,10,0,4,2,214,2,132,10,214
NESHOBAFUSKY,0,0,0,0,0,1,0,0,34,0,0,0,5,0,1,3,0,45,0,1,3,0,3,0,324,0,89,3,324
NESHOBAHAYS,20,0,0,4,0,0,3,1,60,0,0,0,6,0,0,6,0,82,0,0,40,0,0,0,246,24,158,40,246
NESHOBAHERBERT,3,0,0,2,0,1,6,1,63,0,0,1,12,0,0,5,0,75,0,0,15,1,1,0,270,5,164,15,270
NESHOBAHOPE,13,0,0,12,0,0,1,0,36,0,1,0,15,0,0,8,0,34,0,0,45,1,1,0,165,25,95,45,165
NESHOBAHOUSE,9,0,0,6,0,2,3,0,91,0,0,1,13,0,0,14,0,126,0,1,32,0,4,0,404,15,250,32,404
NESHOBAMCDONALD,8,0,0,8,0,3,4,0,102,0,0,1,14,0,0,13,0,136,0,1,29,0,2,2,503,16,273,29,503
NESHOBANESHOBA,10,0,1,1,0,1,5,0,44,0,0,1,18,0,0,5,1,86,0,0,46,0,1,0,284,12,161,46,284
NESHOBANORTHEAST PHILADELPHIA,64,0,1,22,1,4,13,1,214,0,0,5,73,0,0,31,1,328,2,3,200,1,16,0,1116,88,670,200,1116
NESHOBANORTHWEST PHILADELPHIA,385,2,0,72,3,1,1,0,28,0,1,1,6,0,0,3,0,49,1,4,1013,4,6,4,169,462,90,1013,169
NESHOBASOUTH PHILADELPHIA,1,0,0,0,0,1,0,0,29,0,0,0,11,0,0,1,0,34,0,1,19,0,1,0,100,1,76,19,100
NESHOBASOUTHEAST PHILADELPHIA,47,0,1,17,0,2,8,2,156,1,0,2,67,0,0,32,0,265,0,2,185,2,6,0,806,65,535,185,806
NESHOBATUCKER - DISTRICT ONE,14,0,0,9,0,0,0,0,4,0,0,0,1,0,0,0,0,1,0,1,43,3,1,0,12,23,6,43,12
NESHOBATUCKER - DISTRICT THREE,3,0,1,7,0,3,11,0,75,0,0,0,23,0,1,9,0,121,0,1,25,0,3,0,425,11,243,25,425
NESHOBAZEPHYRHILL,17,0,0,2,0,1,1,2,39,0,0,0,13,0,1,8,0,57,1,2,57,0,6,1,189,19,122,57,189
NEWTONCHUNKY,5,0,0,4,0,1,2,0,98,0,0,1,13,1,0,12,0,110,2,1,24,0,4,0,370,9,238,24,370
NEWTONCONEHATTA,37,0,0,15,2,2,7,1,57,0,0,1,8,0,0,5,0,85,1,0,128,3,0,0,284,54,166,128,284
NEWTONDECATUR #1,59,0,1,10,1,1,5,0,96,0,0,1,18,0,0,16,0,94,1,1,176,1,2,2,399,71,231,176,399
NEWTONDECATUR #2,11,0,0,7,0,2,7,1,97,0,0,2,24,0,0,17,0,100,0,1,73,1,6,0,368,18,250,73,368
NEWTONDUFFEE,10,0,0,3,0,2,5,1,128,0,0,0,18,0,0,10,0,117,0,0,35,3,3,1,473,13,281,35,473
NEWTONHICKORY,103,2,1,23,0,3,8,0,186,0,0,4,23,0,1,32,0,240,0,2,292,1,9,0,818,129,497,292,818
NEWTONLAWRENCE,132,0,0,16,1,3,4,0,105,0,0,0,12,0,0,17,0,221,0,6,319,1,5,2,615,149,362,319,615
NEWTONLITTLE ROCK,23,0,1,2,0,0,10,1,170,0,1,0,10,0,3,11,0,187,1,2,39,0,4,0,657,26,393,39,657
NEWTONNEWTON #1,258,0,0,30,0,1,2,0,8,1,0,0,1,0,0,2,0,28,0,4,665,4,4,2,67,288,43,665,67
NEWTONNEWTON #4,165,3,0,25,1,2,3,0,127,0,0,1,33,0,0,16,0,158,1,5,407,3,8,0,559,194,340,407,559
NEWTONNEWTON #5,75,0,0,14,0,0,4,0,65,0,1,0,28,0,0,18,0,100,0,2,186,5,3,1,287,89,216,186,287
NEWTONPROSPECT,2,0,0,1,0,0,1,0,87,0,0,0,8,0,0,2,0,91,0,0,15,0,2,0,331,3,189,15,331
NEWTONSCANLAN,47,0,1,6,0,3,8,0,126,0,0,0,27,0,1,18,1,128,0,1,122,0,7,0,478,54,312,122,478
NEWTONUNION #1,78,1,1,19,0,0,1,0,23,0,0,0,3,0,0,2,0,28,0,2,172,0,2,0,113,99,57,172,113
NEWTONUNION #2,13,0,0,5,0,1,11,1,104,0,0,2,28,0,0,14,0,91,0,2,36,0,7,0,446,18,252,36,446
NEWTONUNION #3,19,0,0,7,0,0,5,0,78,0,0,0,9,0,0,10,0,72,0,2,67,0,1,0,283,26,174,67,283
NOXUBEEBROOKSVILLE,263,0,0,36,0,1,1,0,65,0,0,0,21,0,0,6,0,58,0,1,805,1,4,0,276,299,152,805,276
NOXUBEECLIFTONVILLE,127,2,0,9,0,0,0,0,7,0,0,0,1,0,0,1,0,6,0,1,458,1,1,1,34,138,15,458,34
NOXUBEEDISTRICT 3 CENTRAL,325,1,1,37,1,0,0,0,35,0,0,0,6,0,0,2,0,33,0,1,987,0,1,1,168,365,76,987,168
NOXUBEEEARL NASH GYM,294,2,1,29,0,1,0,1,60,0,0,0,5,0,0,7,0,37,0,2,1021,3,0,0,207,326,111,1021,207
NOXUBEEMASHULAVILLE,58,0,0,7,1,0,0,0,48,0,0,0,1,0,0,2,0,36,0,0,157,1,2,1,169,66,87,157,169
NOXUBEEPRAIRIE POINT,119,1,0,8,1,0,1,0,26,0,0,0,6,0,0,5,0,20,0,0,373,0,0,0,119,129,58,373,119
NOXUBEESHUQUALAK,203,1,0,10,0,0,0,0,24,0,0,0,4,0,0,4,0,19,0,1,509,0,3,0,133,214,51,509,133
NOXUBEESUMMERVILLE,10,0,0,0,0,0,0,0,24,1,0,0,3,0,0,3,0,28,0,0,37,0,1,0,94,10,59,37,94
OKTIBBEHABELL SCHOOLHOUSE,80,0,0,6,0,1,2,0,38,0,0,0,11,0,1,7,0,34,0,1,220,0,2,0,104,86,94,220,104
OKTIBBEHACENTER GROVE/NORTH ADATON,111,0,2,16,0,1,2,0,81,0,0,1,17,0,1,9,0,75,1,1,265,0,6,2,289,129,187,265,289
OKTIBBEHACENTRAL STARKVILLE,220,0,0,56,1,1,2,1,31,1,0,0,24,0,2,13,1,18,0,6,770,6,22,3,189,277,94,770,189
OKTIBBEHACRAIG SPRINGS/SOUTH BRADLEY,3,0,0,1,0,1,1,0,60,0,0,0,5,0,0,6,0,26,0,0,13,0,2,0,181,4,99,13,181
OKTIBBEHAEAST STARKVILLE,14,0,0,12,0,0,0,0,14,0,0,0,18,0,0,7,0,16,0,0,220,5,23,0,277,26,55,220,277
OKTIBBEHAHICKORY GROVE/SOUTHEAST,152,0,0,41,0,1,5,1,113,1,0,1,24,0,0,10,0,119,0,2,536,7,31,0,504,193,275,536,504
OKTIBBEHAMABEN,50,0,2,4,0,1,0,0,21,0,0,0,1,0,0,2,0,27,0,1,144,0,2,0,89,56,52,144,89
OKTIBBEHANEEDMORE COMMUNITY CENTER,163,0,3,35,0,0,1,0,50,0,0,0,36,0,0,13,0,30,0,4,612,7,26,1,251,201,130,612,251
OKTIBBEHANORTH LONGVIEW,38,0,1,28,0,1,3,0,107,0,0,0,30,0,0,22,0,79,0,2,175,4,19,2,429,67,242,175,429
OKTIBBEHANORTH STARKVILLE DISTRICT 2,193,2,0,29,1,3,5,0,22,0,0,2,6,0,0,12,0,17,2,2,535,3,15,1,138,225,67,535,138
OKTIBBEHANORTH STARKVILLE DISTRICT 3,207,0,1,99,0,6,13,1,136,0,0,0,115,1,1,67,0,130,2,7,711,13,46,2,683,307,470,711,683
OKTIBBEHANORTHEAST STARKVILLE,24,0,0,44,0,2,0,0,44,0,0,0,24,0,0,10,0,22,0,5,351,9,39,0,276,68,102,351,276
OKTIBBEHAOKTOC,128,0,1,24,1,0,3,0,61,0,0,1,30,0,1,9,0,43,0,1,405,3,6,1,224,154,148,405,224
OKTIBBEHAOSBORN,176,1,0,28,1,0,6,0,77,1,0,0,16,0,0,12,1,41,1,3,551,1,12,1,234,206,154,551,234
OKTIBBEHASELF CREEK/DOUBLE SPRINGS,22,0,0,6,0,0,4,1,64,0,0,0,17,1,1,11,1,96,0,4,68,0,4,0,370,28,196,68,370
OKTIBBEHASESSUMS,224,0,1,22,0,3,3,0,61,0,0,1,37,0,0,5,0,33,0,4,592,2,14,0,226,247,143,592,226
OKTIBBEHASOUTH ADATON,42,0,0,9,0,0,2,0,50,0,0,0,15,0,0,3,0,47,0,3,128,1,4,0,216,51,117,128,216
OKTIBBEHASOUTH LONGVIEW,19,0,0,11,0,0,4,0,31,0,0,1,4,0,0,2,0,27,0,0,44,1,4,0,117,30,69,44,117
OKTIBBEHASOUTH STARKVILLE,273,0,1,154,0,4,27,0,524,0,0,0,331,1,2,147,1,356,0,32,1176,22,100,3,2124,428,1393,1176,2124
OKTIBBEHASTURGIS/NORTH BRADLEY,61,1,0,9,0,0,2,1,141,0,0,1,15,0,0,8,0,150,0,1,180,0,6,1,546,71,318,180,546
OKTIBBEHAWEST STARKVILLE,288,1,2,131,0,3,17,4,286,2,1,5,115,0,2,86,0,217,2,20,1163,17,81,0,1109,422,738,1163,1109
PANOLABATESVILLE #3,38,2,0,14,0,0,2,0,77,0,0,1,10,0,0,20,0,134,1,2,129,1,4,0,422,54,244,129,422
PANOLACOLD SPRINGS,74,0,0,13,0,0,1,0,15,0,0,0,0,0,0,0,0,32,0,1,156,0,2,0,89,87,48,156,89
PANOLACOLE'S POINT,14,0,0,10,0,0,0,0,59,0,0,1,9,0,0,6,0,105,1,2,33,1,2,1,296,24,180,33,296
PANOLACOMO,321,0,0,37,1,0,6,1,84,0,0,1,8,0,0,8,1,82,1,2,847,2,8,1,305,359,191,847,305
PANOLACOURTLAND,303,0,0,47,0,2,2,0,59,1,0,0,4,0,1,4,0,91,2,4,768,1,2,1,344,350,164,768,344
PANOLACRENSHAW,140,0,0,7,0,1,1,0,22,0,0,0,3,0,0,0,0,47,0,0,246,0,0,0,125,147,74,246,125
PANOLACURTIS,178,0,0,22,0,0,0,0,10,1,0,0,0,0,0,2,0,18,0,0,369,0,1,0,87,200,31,369,87
PANOLAEAST BATESVILLE,57,0,0,41,1,2,7,0,150,1,0,0,35,0,2,33,0,249,0,4,217,4,15,0,818,99,479,217,818
PANOLAEAST BATESVILLE #4,55,0,0,9,0,3,3,1,72,0,0,1,31,0,1,20,0,139,0,1,123,0,8,1,422,64,271,123,422
PANOLAEAST CROWDER,99,0,0,8,1,0,0,0,11,0,0,0,0,0,0,0,0,21,0,1,152,0,1,0,59,108,32,152,59
PANOLAENON,18,0,0,2,2,0,0,0,11,0,0,0,1,0,0,3,0,33,0,0,47,0,0,0,81,22,48,47,81
PANOLAEUREKA,74,1,1,12,0,2,5,0,143,0,0,1,12,0,1,13,0,194,0,1,210,0,5,0,657,88,371,210,657
PANOLALONGTOWN,50,1,1,8,1,0,0,0,20,0,0,0,2,0,0,1,0,33,0,1,120,0,4,0,91,61,56,120,91
PANOLAMACEDONIA-CONCORD,124,0,0,14,1,0,0,0,6,0,0,0,0,0,0,1,0,14,0,1,224,0,1,0,44,139,21,224,44
PANOLANORTH BATESVILLE #A,118,1,0,23,1,0,6,3,91,1,0,2,18,0,0,10,1,142,0,4,288,2,9,1,444,143,274,288,444
PANOLANORTH BATESVILLE #B,341,0,2,48,2,0,0,0,22,0,0,0,2,0,0,1,0,24,0,1,901,0,2,1,85,393,49,901,85
PANOLANORTH SPRINGPORT,80,0,0,14,1,0,3,0,73,1,0,0,4,0,0,11,0,144,0,3,231,4,4,0,451,95,236,231,451
PANOLAPLEASANT GROVE,32,0,0,12,0,0,1,0,27,0,0,0,0,0,0,3,0,43,0,0,69,0,2,1,146,44,74,69,146
PANOLAPLEASANT MOUNT,97,0,0,15,0,0,3,0,38,0,0,1,4,0,0,9,0,47,0,1,230,0,2,0,197,112,102,230,197
PANOLAPOPE,94,0,1,22,3,1,1,1,94,0,0,1,12,0,0,14,0,137,0,4,238,1,4,1,557,120,261,238,557
PANOLASOUTH SARDIS,323,0,1,30,1,0,2,0,43,0,0,0,4,0,0,7,0,82,2,4,762,0,4,1,241,355,138,762,241
PANOLASOUTH SPRINGPORT,128,0,0,23,1,1,4,0,110,0,0,1,13,0,0,14,0,188,0,4,301,1,11,0,574,152,331,301,574
PANOLATOCOWA,37,1,0,21,0,1,3,0,108,0,0,1,13,0,0,14,0,164,0,3,102,1,2,0,567,59,304,102,567
PEARL RIVERANCHOR LAKE/WEST UNION BEAT 5,13,0,0,10,1,0,5,0,142,0,0,1,15,0,0,17,0,199,0,0,66,3,13,0,654,24,379,66,654
PEARL RIVERBUCK BRANCH BEAT 2,10,0,0,6,1,1,1,0,103,0,0,1,10,1,0,13,0,129,1,4,42,0,9,0,505,17,259,42,505
PEARL RIVERBYRDLINE BEAT 2,3,0,0,1,0,0,1,0,36,0,0,0,3,0,0,5,0,55,0,0,6,0,1,0,157,4,100,6,157
PEARL RIVERCAESAR BEAT 3,2,0,0,2,0,0,1,2,36,0,0,0,4,0,0,1,0,55,0,0,11,2,0,0,165,4,99,11,165
PEARL RIVERCARRIERE BEAT 3,21,0,0,9,0,0,1,0,58,0,0,0,7,0,0,8,0,74,0,3,87,2,5,0,330,30,148,87,330
PEARL RIVERCARRIERE BEAT 5,30,0,0,15,0,1,2,0,149,1,0,0,13,0,0,23,0,195,1,5,105,2,20,0,857,45,384,105,857
PEARL RIVERDERBY BT. 1,23,1,0,9,0,0,4,0,61,0,0,0,11,0,2,3,0,104,0,2,73,0,4,0,369,33,185,73,369
PEARL RIVERFORD'S CREEK BEAT 2,9,0,0,3,0,0,3,0,38,0,0,0,7,0,0,2,0,41,0,0,15,2,1,0,129,12,91,15,129
PEARL RIVERGUMPOND BEAT 3,9,0,0,11,1,1,4,0,124,0,1,2,11,0,1,13,0,187,0,2,58,2,11,0,601,21,344,58,601
PEARL RIVERHENLEYFIELD BEAT 2,17,0,0,12,0,3,6,1,141,0,0,2,10,0,2,12,0,180,0,2,73,0,11,0,662,29,357,73,662
PEARL RIVERHICKORY GROVE BEAT 3,5,0,0,2,1,0,2,0,23,0,0,0,2,0,0,1,0,39,0,0,11,0,0,0,96,8,67,11,96
PEARL RIVERHIDE-A-WAY/NORTH HILL BT. 5,43,1,0,16,0,3,12,2,294,0,0,0,42,0,0,33,1,336,0,3,175,4,20,0,1270,60,723,175,1270
PEARL RIVERMCNEILL BEAT 3,10,0,0,12,0,3,5,0,114,0,0,0,9,0,0,4,0,167,0,10,38,1,5,0,618,22,302,38,618
PEARL RIVERMILL CREEK BEAT 2,12,0,0,8,1,0,5,1,98,0,0,0,9,0,0,8,0,125,1,3,51,0,7,1,509,21,246,51,509
PEARL RIVERNICHOLSON BEAT 4,24,1,0,8,0,2,7,0,123,0,0,3,14,0,2,10,2,167,0,2,102,7,18,2,732,33,330,102,732
PEARL RIVEROAK HILL BEAT 2,7,0,0,20,1,2,2,0,119,0,0,0,21,0,1,9,1,156,1,6,34,2,14,0,555,28,311,34,555
PEARL RIVEROZONA BEAT 3,9,0,0,12,2,1,4,0,111,0,0,1,13,0,0,9,0,124,0,2,46,1,6,0,501,23,263,46,501
PEARL RIVERPICAYUNE BEAT 1 SOUTHSIDE,331,1,0,41,3,0,4,0,33,0,0,1,8,0,0,7,0,56,2,1,939,5,14,1,230,376,109,939,230
PEARL RIVERPICAYUNE BEAT 2,23,0,0,12,0,1,9,0,261,0,0,0,60,0,0,37,0,248,0,3,150,3,25,0,1068,35,616,150,1068
PEARL RIVERPICAYUNE BEAT 5,23,0,0,16,0,5,13,0,183,1,0,1,38,0,0,33,1,247,1,0,108,5,20,0,930,39,522,108,930
PEARL RIVERPICAYUNE BT.1 EASTSIDE ANNEX,157,0,2,15,0,1,2,0,79,0,0,1,14,0,0,13,0,121,0,5,483,3,14,0,487,174,231,483,487
PEARL RIVERPINE GROVE BEAT 4,13,0,0,29,0,0,5,0,218,1,0,3,35,0,2,24,0,361,0,5,103,9,17,0,1265,42,649,103,1265
PEARL RIVERPOPLARVILLE BEAT 1,57,0,0,17,2,2,3,0,72,1,0,0,14,0,0,8,0,64,0,0,196,3,8,1,310,76,164,196,310
PEARL RIVERPOPLARVILLE BEAT 2,8,0,0,16,0,0,3,0,148,0,0,2,15,0,1,23,0,129,0,2,69,1,18,0,481,24,321,69,481
PEARL RIVERPOPLARVILLE BEAT 3,14,0,0,17,0,4,6,2,126,1,0,0,20,0,0,11,0,213,1,5,71,4,16,1,639,31,383,71,639
PEARL RIVERPROGRESS BEAT 3,4,0,1,2,0,0,1,0,47,0,0,0,3,0,1,2,0,69,0,1,11,3,3,0,271,7,123,11,271
PEARL RIVERSALEM BEAT 4,19,1,1,19,0,5,7,0,281,1,0,3,35,0,0,18,1,413,3,9,110,7,15,1,1480,40,764,110,1480
PEARL RIVERSAVANNAH BEAT 3,5,0,0,3,0,2,0,1,93,0,0,0,20,0,1,8,0,142,0,2,36,0,3,1,479,8,267,36,479
PEARL RIVERSTEEP HOLLOW BEAT 3,6,0,0,6,0,2,3,0,110,0,0,0,4,0,1,9,0,123,0,1,38,3,4,0,456,12,252,38,456
PEARL RIVERSYCAMORE BEAT 5,22,0,1,8,0,2,3,0,125,0,0,1,15,0,0,15,0,187,0,3,74,3,8,1,672,31,348,74,672
PEARL RIVERWHITESAND BEAT 2,8,0,0,2,0,0,1,0,38,0,0,0,5,0,0,1,0,67,1,0,14,0,2,0,182,10,112,14,182
PEARL RIVERWHITESAND BT 1,108,0,0,7,0,0,1,0,27,0,0,0,5,0,1,2,0,26,0,2,209,1,3,0,122,115,62,209,122
PERRYARLINGTON 4100,13,0,1,5,0,0,3,0,86,0,0,0,5,0,0,4,0,94,0,2,52,0,4,0,370,19,192,52,370
PERRYBEAUMONT DISTRICT 1 1030,116,0,1,12,1,0,1,0,19,0,0,0,2,0,0,0,0,26,1,0,302,0,2,0,91,130,48,302,91
PERRYBEAUMONT SENIOR CITIZENS 5120,18,0,0,6,0,3,0,0,25,0,0,0,4,0,1,3,0,51,0,0,50,0,4,0,132,24,87,50,132
PERRYCOURTHOUSE 5110,12,0,0,2,0,0,1,0,38,1,0,1,5,0,0,3,0,104,0,0,25,0,2,0,268,14,153,25,268
PERRYDEEP CREEK 5150,8,0,1,2,0,0,0,0,12,0,0,0,3,0,0,0,0,22,0,2,15,1,3,1,63,11,37,15,63
PERRYHINTONVILLE 4090,36,0,0,9,0,0,0,0,30,0,0,0,2,0,0,3,0,55,0,1,74,1,1,0,158,45,90,74,158
PERRYINDIAN SPRINGS 1010,60,0,0,9,0,0,0,0,43,0,0,1,7,0,0,2,0,38,0,4,128,1,3,1,161,69,91,128,161
PERRYJANICE 5140,30,0,0,6,0,2,5,0,129,0,0,1,10,0,0,10,0,90,0,0,73,0,3,1,432,36,247,73,432
PERRYMIRACLE TEMPLE COGIC 1040,46,0,0,5,0,0,0,0,4,0,0,0,0,0,0,0,0,9,0,1,94,1,0,0,23,51,13,94,23
PERRYNEW AUGUSTA COMMUNITY CENTER,35,0,1,12,0,0,0,1,16,0,0,0,1,0,0,1,0,30,0,0,111,0,4,0,101,48,49,111,101
PERRYPROSPECT 2050,4,0,0,0,0,1,1,0,44,0,0,0,4,0,0,1,1,52,0,0,16,1,0,0,191,4,104,16,191
PERRYRICHTON CITY HALL 3070,28,0,0,13,2,2,5,1,132,0,0,1,17,0,0,1,0,197,0,3,68,0,7,0,686,43,356,68,686
PERRYRICHTON HOLLY STREET 3060,37,0,1,8,2,7,2,0,54,0,0,0,5,0,0,3,0,112,0,1,75,0,3,0,320,48,183,75,320
PERRYRICHTON MULTI PURPOSE 4080,40,0,0,4,0,1,2,0,42,0,0,1,7,0,0,1,0,71,2,0,92,0,0,0,263,44,125,92,263
PERRYRUNNELSTOWN 2040,2,0,0,3,0,1,8,0,189,0,0,0,9,0,0,14,0,238,1,2,42,0,11,1,820,5,459,42,820
PERRYTHOMPSON HILL 5130,4,0,0,0,0,0,1,0,13,0,0,1,1,0,0,1,0,21,0,1,3,0,0,0,56,4,38,3,56
PIKE(01) NEW HOPE BAPTIST CHURCH,210,1,1,26,1,0,0,0,5,0,0,0,4,0,0,0,0,12,1,1,580,3,1,1,45,239,21,580,45
PIKE(02) S MCCOMB BAPTIST CHURCH,84,1,0,10,0,0,1,0,8,0,0,0,3,0,0,1,0,30,1,1,223,1,5,0,65,95,43,223,65
"PIKE(03)FIRST BAPT. CHURCH, SUMMIT",112,0,0,14,0,0,0,0,14,0,0,0,5,0,0,2,0,16,0,0,301,0,1,0,63,126,37,301,63
PIKE(04) MLK CENTER,256,0,1,22,0,0,0,0,0,0,0,0,0,0,0,0,0,4,1,2,647,3,1,1,13,279,4,647,13
PIKE(05) AMERICAN LEG. HUT,44,0,0,18,0,0,2,0,59,0,0,2,47,1,0,14,0,96,0,0,164,2,9,0,325,62,221,164,325
PIKE(06) S. PIKE COMM. CTR.,115,1,0,11,0,0,1,0,0,0,0,0,0,0,1,1,0,2,0,1,270,1,0,0,15,127,5,270,15
PIKE(07) ALPHA CENTER,158,0,0,19,0,0,0,0,11,2,0,0,1,0,0,1,0,27,0,0,377,0,2,0,96,177,42,377,96
PIKE(08) FERNWOOD SCHOOL,183,0,1,18,0,0,3,2,28,0,0,0,15,0,0,3,0,47,2,1,471,1,1,1,189,202,98,471,189
PIKE(09) MAGNOLIA COMM CTR.,195,1,1,17,1,3,1,0,44,0,0,1,20,0,1,6,1,68,3,3,554,3,9,1,228,215,145,554,228
PIKE(10) BRASWELL EDUCATION COMPLEX,203,2,0,28,1,1,1,1,52,0,0,0,12,0,0,6,0,119,0,4,506,2,9,0,346,234,192,506,346
PIKE(11) LEGGETT COMMUNITY,84,0,0,15,0,0,0,1,27,0,0,0,6,0,0,2,0,42,0,2,219,0,0,1,145,99,78,219,145
PIKE(12) MEPA BLDG. HWY 98 EAST,169,1,0,31,0,0,7,0,114,0,0,1,18,0,0,15,1,202,0,4,450,3,11,1,628,201,358,450,628
PIKE(13) HOLMESVILLE COMM.,83,0,0,14,0,0,2,1,55,0,0,1,13,0,0,9,0,96,1,1,248,0,7,1,368,97,177,248,368
PIKE(14) CALVARY BAPTIST CHURCH,80,0,0,20,1,0,6,1,102,0,0,0,29,1,0,7,0,121,0,3,188,2,3,1,451,101,267,188,451
PIKE(15) OLD JONES SCHOOL,25,0,0,8,0,0,5,0,87,0,0,2,19,0,0,4,0,134,0,1,116,1,2,1,534,33,251,116,534
PIKE(16) SUMMIT CITY HALL,161,0,2,18,0,0,1,0,67,0,0,1,21,0,1,8,0,103,0,3,375,2,7,1,321,181,202,375,321
PIKE(17) SMCC WORK FORCE TRAINING CTR,92,0,0,12,0,3,7,1,97,0,0,0,41,0,0,14,0,143,0,1,215,2,7,0,550,104,306,215,550
PIKE(18) JOHNSON CHAPEL METH. CHURCH,31,0,2,12,0,6,2,1,159,0,1,0,29,0,2,15,0,204,0,5,107,0,8,1,779,45,419,107,779
PIKE(19) PISGAH METHODIST CHURCH,52,0,0,20,0,2,4,0,157,1,0,0,59,0,0,32,0,228,0,0,161,1,12,2,722,72,483,161,722
PIKE(20) PIKE CO. NAT. BANK,93,0,0,21,1,1,3,0,56,0,0,1,14,1,1,14,0,84,0,2,268,4,13,2,277,115,175,268,277
PIKE(21) UNITY MISSIONARY BAPTIST CHURCH,173,0,2,23,1,0,3,0,82,0,0,0,23,0,0,3,0,114,1,3,476,3,7,1,360,199,225,476,360
PIKE(22) CHURCH OF CHRIST,127,0,0,34,0,2,5,0,79,2,0,3,32,0,0,11,0,92,0,2,388,7,12,2,345,161,226,388,345
PIKE(23) WEST MCCOMB BAPT. CHURCH,87,0,0,18,0,3,0,0,83,0,0,0,47,1,0,13,0,113,0,2,252,1,4,0,388,105,260,252,388
PIKE(24) ST. MARY OF THE PINES,156,0,0,19,1,0,1,1,77,0,0,1,18,0,0,9,0,158,0,2,370,1,9,0,535,176,265,370,535
PIKE(25) OSYKA CITY HALL,42,0,0,4,0,3,2,2,35,1,0,0,8,0,0,1,0,68,0,1,117,0,2,0,221,46,120,117,221
PONTOTOCALGOMA AL,17,0,0,7,0,3,9,0,112,0,0,1,18,0,1,8,1,101,1,2,73,1,0,0,485,24,254,73,485
PONTOTOCBANKHEAD BA,104,1,1,13,1,2,7,0,83,0,1,2,11,0,0,4,0,84,0,2,278,4,4,0,303,120,194,278,303
PONTOTOCBECKHAM BEC,23,0,2,11,0,1,2,0,90,1,0,2,13,0,0,16,0,105,1,0,77,2,9,0,402,36,230,77,402
PONTOTOCBETHEL/ENDVILLE BE,10,0,1,16,0,0,7,0,114,0,0,3,22,0,0,10,1,102,1,0,74,4,13,0,428,27,259,74,428
PONTOTOCBUCHANAN BU,7,0,0,6,1,4,6,0,83,0,0,0,3,0,0,5,1,75,0,1,34,1,5,0,400,14,177,34,400
PONTOTOCCHERRY CREEK CC,16,0,1,2,0,1,4,0,117,0,0,0,10,0,0,4,0,106,0,4,51,1,8,0,442,19,242,51,442
PONTOTOCECRU EC,52,1,1,13,0,1,2,0,127,0,0,0,14,0,0,2,0,98,0,2,146,2,7,2,510,67,244,146,510
PONTOTOCFRIENDSHIP FR,7,0,0,4,0,1,1,1,43,0,0,1,9,0,0,2,0,44,0,2,27,0,3,0,186,11,102,27,186
PONTOTOCHOYLE HO,89,0,0,12,0,0,7,1,97,0,0,0,12,0,1,10,0,83,1,3,270,4,5,0,339,101,211,270,339
PONTOTOCHURRICANE HU,7,0,0,12,0,0,3,0,107,0,0,2,8,0,0,11,0,91,0,0,21,0,9,0,394,19,222,21,394
PONTOTOCJUDAH JU,6,1,0,2,0,0,3,0,41,0,0,1,6,0,1,5,1,76,0,1,16,0,4,0,282,9,134,16,282
PONTOTOCLONGVIEW LO,39,1,0,17,0,0,2,0,54,0,0,2,3,0,0,2,0,23,0,0,118,0,4,1,149,57,86,118,149
PONTOTOCOAKHILL OH,5,0,0,3,0,0,5,1,64,0,0,0,6,0,0,6,0,52,0,3,27,0,4,1,238,8,134,27,238
PONTOTOCPONTOTOC 1 P1,14,0,0,6,1,3,0,0,79,0,0,2,9,0,0,12,0,57,1,0,54,0,4,0,286,21,162,54,286
PONTOTOCPONTOTOC 2 P2,20,0,0,15,1,1,4,0,92,0,0,2,11,0,1,4,0,70,1,4,96,2,7,0,361,36,185,96,361
PONTOTOCPONTOTOC 3 P3,55,1,0,20,0,2,5,0,115,0,0,3,26,0,3,16,1,167,0,3,189,1,6,1,629,76,338,189,629
PONTOTOCPONTOTOC 4 P4,52,0,0,15,0,0,4,0,90,0,0,1,12,0,0,2,0,92,0,0,138,1,5,0,359,67,201,138,359
PONTOTOCPONTOTOC 5 P5,66,0,0,21,0,0,10,1,198,0,0,4,33,0,0,33,0,180,0,5,210,1,10,2,830,87,459,210,830
PONTOTOCRANDOLPH,10,0,0,13,0,3,9,0,126,0,0,1,17,0,0,7,0,117,0,3,40,4,5,1,620,23,280,40,620
PONTOTOCROBBS RO,3,0,0,3,0,0,0,0,6,0,0,1,2,0,0,1,0,11,0,0,14,1,1,0,44,6,21,14,44
PONTOTOCSHERMAN SH,11,0,0,5,0,0,3,1,78,1,0,1,9,0,0,4,0,48,0,0,45,0,2,0,284,16,145,45,284
PONTOTOCSPRINGVILLE SP,24,1,1,16,3,3,4,0,116,0,0,1,11,0,0,12,0,115,0,3,91,4,7,1,549,45,262,91,549
PONTOTOCTHAXTON TH,11,0,0,8,0,5,4,0,135,0,1,1,15,0,1,5,1,93,0,4,38,0,4,0,452,19,261,38,452
PONTOTOCTOCCOPOLA TO,19,0,2,7,0,2,2,0,37,0,0,3,2,0,0,7,0,29,3,4,36,1,6,1,164,28,82,36,164
PONTOTOCTROY TR,26,1,1,10,1,2,2,0,106,1,0,3,14,0,1,10,0,120,0,0,65,0,6,0,466,39,259,65,466
PONTOTOCTURNPIKE TU,13,0,0,2,0,2,2,0,92,0,0,3,4,0,0,8,0,81,0,4,36,2,6,0,307,15,192,36,307
PONTOTOCWOODLAND WO,4,0,0,2,0,1,0,0,29,0,0,1,8,0,0,0,0,42,0,2,15,0,2,0,128,6,81,15,128
PONTOTOCZION Z,27,0,1,11,0,2,7,1,79,0,0,1,7,0,0,7,0,74,0,5,107,0,4,0,299,39,178,107,299
PRENTISSBALDWYN,159,0,0,14,2,4,4,0,113,0,1,1,26,0,0,15,0,120,0,3,460,4,6,0,467,175,284,460,467
PRENTISSBLACKLAND,12,0,0,17,1,1,2,0,64,0,0,3,6,0,0,10,0,76,1,0,50,0,0,2,322,30,162,50,322
PRENTISSBOONEVILLE/AG-CTR,31,0,1,24,2,2,9,0,165,0,0,0,22,0,0,17,0,192,0,3,119,2,10,0,830,58,407,119,830
PRENTISSCAIRO,14,0,0,8,1,1,2,1,63,0,0,1,11,0,0,3,0,65,0,2,35,0,5,0,296,23,147,35,296
PRENTISSCROSS ROADS,26,0,1,10,0,2,0,0,50,0,0,3,5,0,0,10,0,93,1,6,64,0,4,0,482,37,163,64,482
PRENTISSEAST BOONEVILLE,58,0,0,23,0,0,1,0,95,0,0,1,9,0,0,13,0,118,1,0,177,4,3,0,563,81,237,177,563
PRENTISSHILLS CHAPEL - NEW HOPE,25,0,0,23,1,0,2,0,145,0,0,1,14,0,0,14,0,131,0,2,68,2,13,0,725,49,307,68,725
PRENTISSINGRAM,6,1,0,5,0,1,2,0,52,0,0,1,8,0,0,2,0,52,0,0,11,0,0,0,207,12,118,11,207
PRENTISSMARIETTA,22,0,1,9,2,0,3,0,64,0,0,0,9,0,0,5,0,90,0,1,64,1,2,3,497,34,171,64,497
PRENTISSNEW SITE,6,0,0,13,0,0,3,0,66,0,0,1,10,0,0,10,0,86,2,2,47,0,1,1,414,19,176,47,414
PRENTISSNORTH BOONEVILLE/SUNFLOWER,133,1,1,19,0,0,0,1,29,0,0,0,2,0,0,2,0,35,2,1,388,1,6,3,208,154,69,388,208
PRENTISSTHRASHER,48,0,0,10,1,0,1,0,47,0,0,1,13,0,0,8,0,65,0,1,115,0,3,0,339,59,135,115,339
PRENTISSTUSCUMBIA-NEW CANDLER,39,1,0,14,1,2,3,1,98,0,0,1,4,0,0,5,1,97,1,4,89,0,5,0,465,55,212,89,465
PRENTISSWEST BOONEVILLE,67,1,3,57,2,0,10,0,242,1,1,2,56,0,0,46,0,290,1,4,250,10,20,1,1317,130,648,250,1317
PRENTISSWHEELER,58,1,1,12,2,0,4,0,101,1,0,1,3,0,0,9,0,120,0,4,130,1,1,1,516,74,239,130,516
QUITMANCRENSHAW,56,0,0,6,0,0,0,0,0,0,0,0,0,0,0,0,0,0,0,0,106,0,0,1,3,62,0,106,3
QUITMANCROWDER,24,0,0,17,1,0,1,0,33,0,0,1,1,0,0,6,0,59,0,0,39,0,0,0,227,42,101,39,227
QUITMANDARLING,64,0,0,7,0,0,0,0,3,0,0,1,3,0,0,1,0,8,0,1,140,0,0,1,44,71,16,140,44
QUITMANDISTRICT 3 NORTH,162,1,4,45,2,0,0,0,22,0,0,0,8,0,0,3,0,34,0,0,193,1,4,1,188,214,67,193,188
QUITMANDISTRICT 3 SOUTH,4,0,0,3,0,0,1,0,33,0,0,0,8,0,0,10,0,40,0,0,192,1,1,1,180,7,92,192,180
QUITMANLAMBERT,103,0,3,14,1,0,0,0,3,0,0,0,1,0,0,0,0,8,1,1,301,0,1,1,53,121,12,301,53
QUITMANNORTH WEST MARKS,183,1,1,15,3,0,1,0,12,0,0,0,6,0,0,1,0,28,0,1,456,1,3,2,103,203,48,456,103
QUITMANSLEDGE,174,1,1,16,3,0,0,0,4,0,0,0,1,0,0,0,0,3,1,1,359,1,2,1,46,195,8,359,46
QUITMANSOUTH WEST MARKS,122,2,0,14,0,1,0,0,9,0,0,0,0,0,0,1,0,18,0,4,252,2,6,3,84,138,29,252,84
QUITMANWEST LAMBERT,101,0,1,6,3,0,1,0,9,0,0,0,2,0,0,1,0,12,1,1,274,1,3,2,73,111,25,274,73
RANKINANTIOCH,4,0,0,5,0,0,1,0,64,0,1,1,6,0,0,4,0,76,0,0,9,2,2,1,232,9,153,9,232
RANKINBRANDON CENTRAL,74,1,1,21,1,3,12,1,262,0,1,2,66,1,0,46,1,277,1,8,231,2,12,0,1014,98,672,231,1014
RANKINBRIAR HILL,80,0,0,11,0,0,1,0,106,0,0,0,13,0,0,9,0,146,0,4,196,0,6,0,430,91,275,196,430
RANKINCASTLEWOODS EAST,102,0,0,32,0,4,6,0,317,1,0,0,135,0,0,88,0,421,0,21,418,6,49,0,1627,134,972,418,1627
RANKINCASTLEWOODS WEST,166,0,1,68,0,1,14,1,351,2,0,1,163,0,2,97,1,444,0,10,580,12,55,1,1780,235,1077,580,1780
RANKINCATO,98,0,0,11,2,4,4,0,151,0,0,1,20,0,0,21,0,203,1,1,197,2,10,0,655,111,404,197,655
RANKINCITY HALL,60,0,0,25,1,4,6,1,156,0,0,1,34,0,3,25,0,310,1,1,224,4,17,0,865,86,540,224,865
RANKINCLEAR BRANCH,72,0,0,8,0,2,3,1,132,0,0,1,19,0,0,18,1,147,0,0,123,0,1,0,513,80,324,123,513
RANKINCLEARY,56,1,0,19,0,1,5,4,271,0,0,0,52,0,0,41,2,392,0,4,137,2,13,0,1197,76,768,137,1197
RANKINCREST PARK,72,0,0,38,0,3,9,1,170,0,1,2,35,0,1,19,0,284,0,60,237,4,20,0,882,110,525,237,882
RANKINCROSSROADS,16,0,0,5,0,1,4,1,112,0,0,1,19,0,0,4,0,137,0,0,44,3,2,0,480,21,279,44,480
RANKINCUNNINGHAM HEIGHTS,40,0,0,17,0,0,5,0,94,0,0,2,21,0,0,13,1,123,0,6,157,4,7,0,533,57,259,157,533
RANKINDRY CREEK,246,0,1,29,1,2,1,0,105,0,0,1,20,0,0,10,0,209,0,5,510,4,5,0,606,277,348,510,606
RANKINEAST BRANDON,79,0,0,24,0,3,14,1,371,0,1,3,119,0,0,74,0,438,0,8,304,5,33,0,1811,103,1024,304,1811
RANKINEAST CROSSGATES,100,0,0,47,1,1,11,0,609,1,0,4,178,1,0,104,3,536,0,7,359,5,46,2,2067,148,1448,359,2067
RANKINEAST STEEN CREEK,114,1,0,32,0,1,7,1,371,0,0,7,70,0,2,50,0,428,0,11,331,4,20,0,1473,147,937,331,1473
RANKINELDORADO,129,0,0,36,0,3,6,2,241,0,0,0,82,0,1,34,0,283,0,6,365,3,26,1,1082,165,652,365,1082
RANKINFANNIN,125,0,0,27,0,1,6,0,231,1,0,2,86,0,0,35,1,290,0,5,315,3,31,0,1201,152,653,315,1201
RANKINFLOWOOD LIBRARY,124,1,0,50,0,2,15,0,323,0,0,1,132,0,2,48,0,405,1,6,421,7,46,3,1418,175,928,421,1418
RANKINGRANT'S FERRY,133,0,0,51,0,3,19,1,362,0,0,4,149,0,1,82,2,463,1,7,528,12,48,1,1747,184,1086,528,1747
RANKINGREENFIELD,219,0,0,65,0,3,8,0,220,0,0,0,35,0,1,32,1,370,0,5,591,9,22,3,1183,284,670,591,1183
RANKINHIGHLANDS/PATRICK FARMS,165,0,2,37,0,2,6,0,201,1,0,1,36,0,2,25,0,234,2,3,536,2,35,1,842,204,508,536,842
RANKINJOHNS,44,0,0,10,0,0,2,0,104,0,0,0,17,0,0,5,0,106,1,1,123,1,3,0,394,54,234,123,394
RANKINLAKELAND,52,0,0,25,0,2,14,0,140,0,0,0,62,0,1,22,0,151,0,2,162,4,28,0,603,77,392,162,603
RANKINLEESBURG,11,0,0,3,0,0,2,0,95,0,0,0,11,0,1,9,0,168,1,3,27,2,0,0,496,14,286,27,496
RANKINLIBERTY,91,0,0,42,0,2,11,0,253,0,0,0,323,0,0,59,0,263,0,6,348,9,34,0,1206,133,911,348,1206
RANKINMAYTON,15,0,0,1,0,0,4,0,44,0,0,0,5,0,0,2,0,40,0,1,40,0,0,0,132,16,95,40,132
RANKINMOUNTAIN CREEK,34,0,0,11,0,0,2,0,70,0,0,0,7,0,0,7,0,120,0,2,75,4,1,0,319,45,206,75,319
RANKINNORTH BRANDON,237,0,0,52,1,1,9,2,303,0,0,1,91,0,3,41,2,336,0,8,543,7,14,0,1329,290,789,543,1329
RANKINNORTH MCLAURIN,32,0,0,14,1,3,3,3,133,0,0,1,33,0,1,10,0,202,0,4,111,2,14,0,581,47,389,111,581
RANKINNORTH RICHLAND,105,1,0,34,0,2,5,0,191,1,0,2,33,0,0,20,0,253,2,5,265,4,17,1,814,140,507,265,814
RANKINNORTHEAST BRANDON,175,0,0,30,4,3,17,0,404,0,0,1,105,0,2,48,1,446,1,9,411,6,26,0,1623,209,1027,411,1623
RANKINNORTHSHORE,110,0,0,31,0,2,7,1,340,0,0,4,184,1,3,71,0,447,0,2,350,4,31,0,1652,141,1060,350,1652
RANKINOAKDALE,187,0,0,52,0,6,11,0,386,0,2,1,108,1,0,60,1,482,1,5,579,13,41,1,1741,239,1058,579,1741
RANKINPELAHATCHIE,179,0,0,29,0,4,5,1,233,0,0,1,48,0,2,34,1,371,3,9,389,8,9,0,1088,208,700,389,1088
RANKINPISGAH,66,0,0,7,1,0,2,0,52,0,0,0,13,0,0,5,0,89,1,0,164,0,5,1,285,74,161,164,285
RANKINPUCKETT,48,0,0,2,0,0,6,1,87,0,0,0,10,0,0,5,0,174,0,1,92,0,6,0,420,50,283,92,420
RANKINRESERVOIR EAST,46,0,0,39,0,1,9,0,252,0,0,1,125,1,2,59,0,372,3,3,234,6,37,0,1070,85,822,234,1070
RANKINRESERVOIR WEST,64,0,1,35,0,2,15,0,185,0,1,0,90,1,0,37,0,384,2,7,237,3,24,1,1135,100,715,237,1135
RANKINSHILOH,46,0,0,4,0,1,3,1,40,0,0,0,3,0,0,8,0,61,0,3,87,0,0,0,170,50,117,87,170
RANKINSOUTH BRANDON,24,0,0,15,0,1,1,0,110,0,0,0,21,0,0,7,1,227,0,4,81,5,14,0,606,39,368,81,606
RANKINSOUTH MACLAURIN,29,0,0,23,0,1,7,1,127,0,1,0,39,1,4,19,1,238,0,3,126,5,22,1,687,52,439,126,687
RANKINSOUTH PEARSON,273,0,1,41,0,0,1,0,34,0,0,1,6,0,0,5,0,62,2,2,619,2,4,0,160,315,109,619,160
RANKINSOUTH RICHLAND,107,0,1,50,0,1,8,2,304,0,0,0,44,0,2,28,1,452,0,5,365,6,29,1,1425,158,842,365,1425
RANKINSPRINGHILL,13,0,0,14,1,2,5,0,178,0,0,1,101,0,0,29,0,289,0,4,115,3,16,0,862,28,605,115,862
RANKINSTAR,69,1,0,7,1,2,3,0,137,2,0,0,30,0,1,15,0,173,3,2,150,5,13,0,563,78,363,150,563
RANKINWEST BRANDON,217,2,1,62,1,3,8,0,168,0,0,0,40,0,2,37,0,206,1,3,628,1,19,1,806,283,464,628,806
RANKINWEST CROSSGATES,84,0,0,56,0,5,11,3,367,0,0,4,145,0,1,73,4,474,1,10,313,8,31,0,1496,140,1087,313,1496
RANKINWEST PEARL,120,1,0,27,0,0,3,0,95,0,0,0,20,0,0,18,0,215,0,4,356,8,7,1,597,148,351,356,597
RANKINWEST STEEN CREEK,94,0,2,37,0,3,13,1,303,0,0,1,43,0,1,33,1,426,0,13,307,7,16,0,1280,133,825,307,1280
SCOTTBEAT 1/HARPERVILLE,187,1,2,46,0,0,1,0,50,0,0,0,4,0,0,3,0,82,0,1,409,1,3,0,268,236,140,409,268
SCOTTBEAT 1/HILLSBORO,220,0,0,29,2,0,0,0,59,0,0,2,5,0,1,3,0,77,0,5,454,2,4,0,279,251,147,454,279
SCOTTBEAT 1/NORTH FOREST,270,0,1,26,2,0,2,0,8,0,0,0,6,0,1,6,0,36,2,0,549,1,2,2,94,299,59,549,94
SCOTTBEAT 2/HIGH HILL,62,0,0,7,2,5,0,0,26,0,0,0,6,0,0,4,0,49,1,0,139,0,5,0,141,71,90,139,141
SCOTTBEAT 2/HOMEWOOD,28,1,0,8,0,1,2,0,39,0,0,0,8,0,0,5,0,75,1,0,59,0,1,0,195,37,130,59,195
SCOTTBEAT 2/LAKE,64,0,0,3,0,0,1,0,15,0,1,0,11,0,0,5,0,55,0,0,123,0,2,1,137,67,88,123,137
SCOTTBEAT 2/SOUTH FOREST,213,1,0,24,2,1,3,0,71,0,0,1,17,0,0,16,0,74,0,4,513,2,6,0,298,240,183,513,298
SCOTTBEAT 2/USRY,20,1,1,9,0,0,3,0,42,0,0,1,3,0,0,5,0,63,0,1,33,0,0,0,240,31,117,33,240
SCOTTBEAT 3/COOPERVILLE/SPRINGF,15,0,1,6,0,2,6,0,126,1,0,0,19,0,1,10,0,169,0,1,33,0,11,0,535,22,334,33,535
SCOTTBEAT 3/EASTWEST MORTON,177,0,0,32,1,2,4,0,121,0,1,0,15,0,0,15,0,191,0,5,338,1,10,1,647,210,349,338,647
SCOTTBEAT 3/NORTHWEST FOREST,10,0,0,3,0,0,0,0,32,0,0,0,11,0,0,1,0,27,0,0,20,0,3,2,119,13,71,20,119
SCOTTBEAT 3/PULASKI,16,0,0,6,0,1,0,0,43,1,0,0,10,1,0,4,0,75,0,0,28,1,1,1,247,22,135,28,247
SCOTTBEAT 4/BRANCH,50,0,1,16,1,0,0,1,89,0,0,1,6,0,0,10,0,129,0,0,106,0,4,0,450,68,236,106,450
SCOTTBEAT 4/CLIFTON,7,0,0,1,0,0,0,0,21,0,0,0,2,0,0,1,0,30,0,0,12,0,1,0,80,8,54,12,80
SCOTTBEAT 4/CONTRELL,89,1,0,15,2,0,0,0,25,0,0,0,0,0,0,3,0,29,0,0,174,1,1,0,78,107,57,174,78
SCOTTBEAT 4/FORKVILLE,5,0,1,2,0,2,0,0,36,0,0,0,6,0,0,4,0,82,1,0,10,0,2,0,220,8,130,10,220
SCOTTBEAT 4/LUDLOW,77,0,0,5,0,0,4,0,58,0,0,0,10,1,0,7,0,111,0,0,137,0,3,0,306,82,191,137,306
SCOTTBEAT 4/NORTH MORTON,209,1,0,24,1,1,6,2,42,0,0,0,11,0,0,9,0,64,0,1,431,3,3,0,274,235,135,431,274
SCOTTBEAT 5/LANGS MILL,57,0,0,19,0,1,2,0,75,1,0,0,11,0,0,11,0,89,0,1,130,4,4,1,366,76,190,130,366
SCOTTBEAT 5/NORTHEAST FOREST,18,0,0,10,0,1,5,1,88,0,0,0,31,0,0,18,0,112,0,0,49,1,4,0,373,28,256,49,373
SCOTTBEAT 5/SALEM,115,1,0,5,2,0,1,1,47,0,0,0,0,0,0,6,1,65,0,0,221,1,3,0,217,123,121,221,217
SCOTTBEAT 5/SEBASTOPOL,5,0,0,1,0,0,1,0,84,0,0,0,6,0,0,6,0,113,0,0,12,0,3,0,354,6,210,12,354
SCOTTBEAT 5/STEELE,149,0,0,20,5,1,3,0,35,0,0,0,11,0,0,7,0,60,0,0,288,1,5,0,204,174,117,288,204
SHARKEYANGUILLA FIFTH DISTRICT,109,0,0,3,3,0,0,0,4,0,0,0,1,0,0,2,0,7,0,0,191,0,3,0,33,115,14,191,33
SHARKEYANGUILLA FOURTH DISTRICT,82,0,0,8,0,0,0,0,19,0,0,0,6,0,0,4,0,46,0,1,169,0,1,0,132,90,75,169,132
SHARKEYCARY SECOND DISTRICT,125,0,0,11,0,2,1,0,13,0,0,0,4,0,0,5,0,19,0,0,234,0,2,1,83,136,44,234,83
SHARKEYDELTA CITY FIFTH DISTRICT,67,0,0,0,0,0,0,0,11,0,0,0,0,0,0,0,0,37,0,0,148,1,0,0,78,67,48,148,78
SHARKEYROLLING FORK FIRST DISTRICT,93,0,0,17,0,2,1,0,53,0,0,1,19,0,0,10,0,78,0,3,212,0,3,1,254,110,164,212,254
SHARKEYROLLING FORK FOURTH DISTRICT,22,0,0,1,0,0,0,0,0,0,0,0,0,0,0,0,0,1,0,0,93,0,0,0,1,23,1,93,1
SHARKEYROLLING FORK SECOND DISTRICT,22,0,0,2,0,1,1,0,0,0,0,0,0,0,0,0,0,1,0,0,63,0,0,0,2,24,3,63,2
SHARKEYROLLING FORK THIRD DISTRICT,124,0,0,14,1,0,0,0,0,0,0,1,2,0,0,2,0,5,0,1,328,1,1,0,20,139,10,328,20
SHARKEYSPANISH FORT FIRST DISTRICT,2,0,0,0,0,0,0,0,3,0,0,0,0,0,0,1,0,21,0,0,3,0,0,0,34,2,25,3,34
SHARKEYSTRAIGHT BAYOU FOURTH DISTRICT,21,0,0,2,0,0,0,0,7,0,0,0,1,0,0,6,0,19,0,0,38,0,0,0,55,23,33,38,55
SIMPSONBOWIE,46,1,0,7,0,0,0,0,45,0,0,1,6,0,0,3,0,67,0,2,93,0,0,0,180,54,122,93,180
SIMPSONBRAXTON,12,0,0,6,0,5,3,0,149,0,1,1,27,0,0,10,0,230,0,4,38,1,4,0,635,18,426,38,635
SIMPSONBRIDGEPORT,118,0,1,10,1,0,1,1,33,0,0,0,2,0,0,4,0,31,1,0,215,0,1,1,99,130,72,215,99
SIMPSOND'LO,8,0,0,2,0,0,4,0,47,0,0,1,13,0,1,4,0,96,0,0,27,0,0,0,254,10,166,27,254
SIMPSONDRY CREEK,30,0,0,5,0,1,1,0,126,0,0,2,12,0,0,9,0,158,0,3,54,0,3,0,540,35,309,54,540
SIMPSONFORK CHURCH,130,2,1,15,0,1,1,0,10,0,0,0,2,0,0,3,0,42,0,0,211,0,1,2,102,148,59,211,102
SIMPSONHARRISVILLE,32,0,0,12,2,2,7,1,105,0,1,1,16,0,1,16,0,214,0,3,81,3,3,1,566,46,364,81,566
SIMPSONJUPITER,207,0,0,32,0,1,2,0,22,0,0,1,3,0,0,3,1,58,1,2,401,3,1,0,125,239,91,401,125
SIMPSONMAGEE 1,223,0,0,24,0,0,0,0,10,0,0,0,5,0,0,3,0,21,0,0,451,2,0,1,76,247,39,451,76
SIMPSONMAGEE 2,72,1,0,19,0,2,6,0,164,0,0,3,23,0,0,16,0,272,0,3,184,0,7,2,793,92,486,184,793
SIMPSONMAGEE 4 NORTH,28,0,0,4,0,0,1,1,75,0,0,0,28,0,0,10,0,104,0,0,75,0,3,0,362,32,219,75,362
SIMPSONMAGEE 4 SOUTH,64,0,1,17,1,3,2,1,139,0,0,1,25,0,1,17,0,195,0,2,173,0,12,1,633,83,384,173,633
SIMPSONMENDENHALL 1,86,0,0,20,0,1,0,0,10,0,0,0,2,0,0,2,0,25,0,1,181,0,3,0,87,106,40,181,87
SIMPSONMENDENHALL 3,34,1,1,14,0,2,6,0,158,0,0,1,55,0,0,22,0,209,0,8,141,3,12,0,703,50,453,141,703
SIMPSONMERIT,16,6,9,15,15,4,10,11,134,15,18,22,56,27,30,52,36,185,1,4,49,2,7,0,531,61,600,49,531
SIMPSONNEW HOPE,60,0,0,3,0,0,0,0,32,0,0,0,2,0,0,2,0,39,0,0,105,0,2,1,113,63,75,105,113
SIMPSONOAK GROVE,136,1,0,13,1,0,0,0,72,0,0,0,5,0,0,12,0,89,0,0,259,1,1,0,267,151,178,259,267
SIMPSONPEARL,41,0,0,2,0,1,3,0,78,0,0,1,7,0,0,5,0,149,1,4,77,3,1,0,355,43,244,77,355
SIMPSONPINOLA,47,0,0,7,0,0,1,0,41,0,0,2,12,0,0,4,0,76,0,0,108,1,0,0,210,54,136,108,210
SIMPSONSARATOGA,79,0,0,10,1,0,1,0,12,0,0,1,3,0,0,4,0,51,0,1,137,1,3,0,122,90,72,137,122
SIMPSONSHIVERS,79,0,0,16,0,0,0,0,45,0,0,1,2,0,0,2,0,52,0,1,161,1,5,0,187,95,102,161,187
SIMPSONSUMRALL,36,0,0,7,0,0,1,0,69,0,0,0,11,0,0,11,0,106,0,2,78,0,1,0,325,43,198,78,325
SIMPSONWEATHERSBY,289,0,1,35,1,0,0,0,19,0,0,0,7,0,0,5,0,38,0,2,575,1,4,1,128,326,69,575,128
SMITHAG-COMPLEX,23,0,0,13,0,4,7,1,114,1,1,0,13,0,1,4,0,111,0,2,43,0,5,0,456,36,257,43,456
SMITHBURNS,35,0,0,6,1,0,4,0,42,0,0,0,4,0,0,2,0,62,0,0,66,0,2,0,190,42,114,66,190
SMITHCEDAR GROVE,31,0,0,4,0,0,0,0,11,0,0,0,1,0,0,0,0,44,0,1,53,0,3,0,100,35,56,53,100
SMITHCENTER RIDGE,2,0,0,6,1,1,3,0,78,1,0,0,5,0,0,8,1,91,0,0,21,1,2,0,377,9,188,21,377
SMITHCLEAR SPRINGS-PINEVILLE,4,0,0,0,0,0,1,1,36,0,0,0,4,1,0,2,1,88,0,0,13,0,0,0,243,4,134,13,243
SMITHLORENA-SPINOLA,23,1,0,4,0,1,0,0,71,0,0,1,4,0,1,4,0,83,0,3,39,0,4,1,294,28,165,39,294
SMITHMIZE,13,0,0,2,0,0,5,0,116,1,0,0,5,0,0,6,0,144,0,3,33,0,2,0,472,15,277,33,472
SMITHNORTH RALEIGH,100,0,1,12,1,1,3,2,57,0,0,2,7,0,0,3,0,144,0,0,210,0,8,2,386,114,219,210,386
SMITHPOLKVILLE,12,1,0,6,0,3,0,1,81,0,0,1,13,0,0,11,1,154,1,1,29,0,1,0,401,19,265,29,401
SMITHSHADY GROVE,4,1,0,5,0,1,2,0,67,0,1,0,8,0,0,4,0,111,1,0,11,0,3,0,349,10,194,11,349
SMITHSUMMERLAND,170,0,1,24,1,0,0,1,59,0,0,0,7,0,1,1,0,60,1,1,390,1,4,1,234,196,129,390,234
SMITHSYLVARENA,4,1,0,8,0,1,1,0,47,0,0,0,9,0,0,0,0,54,0,0,15,0,0,0,181,13,112,15,181
SMITHTAYLORSVILLE,16,0,0,3,0,4,8,2,144,1,0,0,17,0,1,17,2,254,0,1,66,0,4,0,729,19,450,66,729
SMITHUNION-NEW HOME,70,0,0,13,0,1,4,1,83,0,3,0,9,0,0,6,1,111,0,1,134,2,1,1,334,83,219,134,334
SMITHWARREN HILL,164,0,0,26,1,0,0,0,7,0,0,0,1,0,0,0,0,11,0,0,325,2,1,0,36,191,19,325,36
SMITHWEST RALEIGH,10,0,1,2,1,0,0,0,39,0,0,1,5,0,0,2,0,88,0,1,22,0,1,0,298,14,135,22,298
SMITHWHITE OAK,1,0,0,2,0,3,3,0,65,0,0,1,3,0,0,7,1,89,0,0,15,0,0,0,332,3,172,15,332
SMITHZION HILL-NEW HAVEN,47,1,1,14,1,1,5,0,81,0,0,0,5,0,0,10,0,171,0,1,132,2,10,0,516,64,273,132,516
STONEAMERICAN LEGION,155,1,1,18,2,0,3,0,69,1,0,0,1,0,0,6,0,62,0,4,415,1,2,0,244,177,142,415,244
STONEBIG LEVEL,27,0,0,16,1,2,11,0,150,0,1,1,29,0,0,12,0,141,0,2,75,0,14,1,524,44,347,75,524
STONEBOND,2,0,0,1,0,1,0,0,43,0,0,1,3,0,0,1,0,27,0,2,9,0,3,0,121,3,76,9,121
STONECOURTHOUSE,30,0,0,17,1,0,4,0,82,0,0,0,15,0,2,11,1,96,1,4,80,1,14,0,354,48,211,80,354
STONEELARBEE,1,0,0,3,0,2,1,0,95,0,0,0,17,0,0,8,1,97,0,1,21,0,6,0,317,4,221,21,317
STONEFLINT CREEK,44,1,0,10,0,2,8,1,200,2,0,2,17,0,1,12,0,145,1,1,120,1,9,0,634,55,390,120,634
STONEMAGNOLIA,3,0,0,6,0,0,3,0,83,0,0,1,4,0,0,3,0,97,0,2,18,2,7,0,335,9,191,18,335
STONEMCHENRY FIRE STATION,36,0,0,13,0,0,0,1,107,1,1,0,21,0,0,7,0,121,0,4,91,1,13,0,415,49,259,91,415
STONEMCHENRY LIBRARY,9,0,0,5,0,1,3,1,86,0,0,0,2,0,0,4,0,101,0,2,25,2,7,0,333,14,198,25,333
STONENEW HOPE,193,2,0,21,1,1,1,0,44,0,0,0,2,0,0,2,0,43,1,1,499,1,4,0,184,217,93,499,184
STONEOLD HOSPITAL,14,0,0,10,0,1,4,0,89,0,0,0,29,0,2,16,0,104,0,3,58,1,9,1,389,24,245,58,389
STONEPERKINSTON,14,1,0,8,0,1,3,1,65,0,0,0,6,0,0,6,0,59,0,4,58,3,10,0,235,23,141,58,235
STONEPLEASANT HILL,8,0,0,7,0,0,1,0,46,0,0,0,1,0,0,3,0,50,0,0,22,0,3,0,176,15,101,22,176
STONETEN MILE,5,0,0,4,0,3,4,0,75,1,0,0,11,0,0,6,0,61,0,1,25,0,2,0,241,9,161,25,241
STONETUXECHANA,15,0,1,8,2,0,7,0,217,0,0,0,21,0,0,17,1,225,1,3,57,2,9,0,804,26,488,57,804
SUNFLOWER11-INVERNESS,144,0,0,10,1,2,3,0,50,0,0,0,31,0,0,15,3,143,0,2,309,0,2,0,394,155,247,309,394
SUNFLOWER12-MOORHEAD,224,1,1,35,1,1,0,0,6,0,0,0,7,0,0,3,0,43,1,2,717,2,0,0,139,262,60,717,139
SUNFLOWER13-INDIANOLA #1 SOUTHEAST,164,1,0,18,2,0,0,0,0,0,0,0,0,0,0,0,0,0,0,1,469,0,0,1,3,185,0,469,3
SUNFLOWER21-INDIANOLA #2 WEST,160,0,0,24,0,1,0,0,21,0,0,0,10,0,0,5,0,53,1,0,408,1,1,0,183,184,90,408,183
SUNFLOWER22-INDIANOLA #2 EAST,612,5,0,64,0,0,0,0,1,0,0,0,1,0,0,0,0,1,3,3,1496,7,3,2,15,681,3,1496,15
SUNFLOWER31-INDIANOLA #3 SOUTH,162,1,0,32,1,11,1,0,57,0,0,1,55,0,0,16,0,144,2,2,499,3,7,3,454,196,285,499,454
SUNFLOWER32-INDIANOLA #3 NORTH,62,0,0,11,0,0,3,0,22,0,0,0,7,0,0,5,0,48,1,1,226,2,0,0,185,73,85,226,185
SUNFLOWER33-INDIANOLA #3 NORTHEAST,59,0,0,26,0,0,1,0,21,0,0,1,16,0,0,3,0,74,0,0,195,0,0,0,227,85,116,195,227
SUNFLOWER41-FAIRVIEW-HALE,3,0,0,4,0,0,0,0,11,0,0,0,3,0,0,3,0,29,0,0,15,0,1,0,86,7,46,15,86
SUNFLOWER42-BOYER-LINN,70,0,1,6,0,0,1,0,23,0,0,0,6,0,0,6,0,75,1,0,150,0,1,1,176,77,111,150,176
SUNFLOWER43-DODDSVILLE,31,0,0,1,1,0,0,0,6,0,0,1,0,0,0,2,0,7,0,0,105,0,1,0,24,33,16,105,24
SUNFLOWER44-RULEVILLE,256,1,1,25,2,1,1,0,10,0,0,0,9,0,0,3,0,26,0,2,781,1,0,0,87,285,50,781,87
SUNFLOWER45-SUNFLOWER 4,160,0,0,14,0,1,1,0,6,0,0,1,4,0,0,2,0,28,0,0,400,2,1,0,105,174,43,400,105
SUNFLOWER51-RULEVILLE NORTH,55,0,0,9,1,2,3,0,28,0,0,0,10,0,0,7,0,66,0,2,172,2,6,0,243,65,116,172,243
SUNFLOWER52-SUNFLOWER PLANTATION,6,1,0,0,0,0,0,0,10,0,0,0,4,0,0,1,0,47,0,0,15,0,0,0,125,7,62,15,125
SUNFLOWER53-ROME,21,0,0,11,0,0,0,0,6,0,0,0,0,0,0,0,0,28,0,1,73,0,0,0,62,32,34,73,62
SUNFLOWER54-DREW,218,1,0,17,1,2,1,0,30,0,0,1,6,0,0,2,0,97,0,0,695,0,4,0,286,237,139,695,286
TALLAHATCHIEBLUE CANE,97,0,1,14,1,0,0,0,13,0,0,0,1,0,0,0,0,18,0,0,225,1,0,3,61,113,32,225,61
TALLAHATCHIEBRAZIL,15,0,0,1,0,0,0,0,0,0,0,0,1,0,0,0,0,5,0,0,26,0,0,0,17,16,6,26,17
TALLAHATCHIECASCILLA,31,0,1,5,1,0,3,0,26,0,0,0,4,0,0,0,0,79,0,1,73,0,1,2,240,38,112,73,240
TALLAHATCHIECHARLESTON BEAT #1,103,1,0,10,0,0,0,1,22,0,0,0,5,0,0,0,0,64,0,1,325,2,4,1,210,114,92,325,210
TALLAHATCHIECHARLESTON BEAT #2,221,2,3,25,0,0,2,0,36,0,0,0,8,0,1,12,0,77,0,5,565,1,2,3,248,251,136,565,248
TALLAHATCHIECHARLESTON BEAT #3,108,0,1,22,2,0,1,0,16,0,0,0,6,0,0,4,0,47,1,1,256,1,5,1,168,133,74,256,168
TALLAHATCHIEENID,59,0,1,9,3,0,2,0,34,0,0,1,1,0,0,4,0,51,0,1,98,0,0,0,210,72,93,98,210
TALLAHATCHIEGLENDORA,131,0,0,6,1,0,0,0,1,0,0,0,0,0,0,0,0,3,0,1,294,0,1,1,12,138,4,294,12
TALLAHATCHIELEVERETTE,21,0,0,3,0,0,0,0,6,0,0,0,1,0,0,0,0,15,0,1,43,0,0,0,46,24,22,43,46
TALLAHATCHIEMURPHREESBORO,5,0,0,1,0,0,2,0,25,0,0,0,1,0,0,2,0,64,1,1,14,0,6,0,131,6,94,14,131
TALLAHATCHIEPAYNES,6,0,0,4,1,1,0,0,27,1,0,0,4,0,0,2,0,50,0,0,14,0,0,0,146,11,85,14,146
TALLAHATCHIEPHILLIP,39,0,0,8,0,0,0,0,7,0,0,0,1,0,0,2,0,12,0,0,103,0,0,3,61,47,22,103,61
TALLAHATCHIEROSEBLOOM,4,0,0,3,0,0,0,0,20,0,0,1,3,0,0,5,0,48,0,0,6,0,2,0,120,7,77,6,120
TALLAHATCHIESPRINGHILL,9,1,0,2,0,0,2,0,18,0,0,0,3,0,0,3,0,52,0,0,21,0,2,0,153,12,78,21,153
TALLAHATCHIESUMNER BEAT #2,38,0,0,3,0,0,1,0,22,0,0,2,22,0,0,4,0,50,0,0,90,0,0,0,145,41,101,90,145
TALLAHATCHIESUMNER BEAT #5,50,1,0,6,1,0,0,0,8,0,0,0,0,0,0,0,0,19,0,0,117,0,1,0,48,58,27,117,48
TALLAHATCHIETEASDALE,19,0,0,4,0,1,1,0,29,0,0,1,4,0,0,3,0,83,0,1,57,0,3,1,234,23,122,57,234
TALLAHATCHIETIPPO,31,3,0,4,1,0,1,0,12,0,0,0,5,0,0,0,0,31,0,0,69,0,0,0,84,39,49,69,84
TALLAHATCHIETUTWILER,182,0,1,17,0,0,1,0,5,0,0,0,1,0,0,0,0,17,0,0,486,1,4,0,55,200,24,486,55
TALLAHATCHIEWEBB BEAT #4,49,0,0,4,0,0,0,0,1,0,0,0,6,0,0,0,0,7,0,1,115,0,0,0,32,53,14,115,32
TALLAHATCHIEWEBB BEAT #5,175,0,0,6,1,0,0,0,4,0,0,0,0,0,0,0,0,11,0,1,340,2,0,0,41,182,15,340,41
TATEARKABUTLA,102,0,0,12,1,0,1,0,146,0,1,0,3,0,0,9,0,111,1,2,258,2,6,0,436,115,271,258,436
TATECOLDWATER 3,348,0,2,38,1,0,2,0,113,0,0,0,2,0,0,7,0,100,2,10,828,2,8,0,429,389,224,828,429
TATEEVANSVILLE,27,0,0,6,0,0,0,0,37,0,0,0,2,0,2,2,0,34,0,3,55,0,3,0,120,33,77,55,120
TATEINDEPENDENCE,155,0,0,29,0,2,6,1,259,0,0,0,13,1,0,24,1,233,0,7,419,3,8,1,919,184,540,419,919
TATELOOXAHOMA,141,0,2,19,0,0,2,0,110,0,0,0,2,0,0,16,0,119,1,6,325,0,4,1,435,162,249,325,435
TATEPALESTINE,6,0,0,2,0,1,2,1,81,0,0,0,5,0,0,0,0,47,0,2,29,0,4,0,226,8,137,29,226
TATEPOAGVILLE 4,44,0,0,16,1,1,1,1,156,0,1,0,15,0,1,9,0,163,0,3,121,1,7,2,535,61,348,121,535
TATEPOAGVILLE 5,42,0,0,2,0,0,1,0,57,0,0,0,8,0,0,5,0,45,0,1,84,0,0,0,155,44,116,84,155
TATESARAH,2,0,0,0,0,0,2,0,25,0,0,0,0,0,0,1,0,39,0,0,9,0,2,0,141,2,67,9,141
TATESENATOBIA 1,137,0,0,32,0,1,7,0,360,0,0,3,66,0,2,52,0,292,1,6,459,5,19,3,1278,169,783,459,1278
TATESENATOBIA 2,88,0,0,24,1,2,4,0,222,0,0,0,26,0,3,25,0,161,1,4,269,2,19,0,745,113,443,269,745
TATESENATOBIA 3,142,4,0,13,0,0,0,1,21,0,0,0,5,0,0,5,0,24,0,2,406,0,3,0,85,159,56,406,85
TATESENATOBIA 4,59,0,0,17,0,0,6,0,188,0,0,0,21,0,0,27,0,144,0,1,187,1,12,1,638,76,386,187,638
TATESHERROD,4,0,0,1,0,1,4,0,48,0,0,0,1,0,1,10,0,66,0,4,16,0,2,0,235,5,131,16,235
TATESTRAYHORN 1,7,0,0,9,0,0,0,0,59,0,0,0,8,1,0,3,0,92,0,1,38,1,8,0,356,16,163,38,356
TATESTRAYHORN 2,6,0,0,5,0,0,1,0,57,0,0,0,2,0,0,5,0,71,0,1,29,1,3,0,284,11,136,29,284
TATETAYLOR,70,0,0,4,0,0,2,0,17,0,0,0,3,0,0,2,0,21,0,0,115,1,0,0,61,74,45,115,61
TATETHYATIRA,17,0,0,4,0,1,1,2,55,0,0,0,2,0,1,1,0,59,0,0,66,0,4,0,184,21,122,66,184
TATETYRO,59,0,0,12,0,0,1,0,40,0,0,1,0,0,0,2,0,36,1,2,145,0,1,0,117,71,80,145,117
TATEWYATTE,23,0,1,2,0,0,1,0,49,0,0,0,2,0,0,4,0,26,1,0,68,1,2,0,116,26,82,68,116
TIPPAHBLUE MOUNTAIN,83,0,0,15,0,2,3,1,88,0,0,0,8,0,0,10,0,143,0,4,269,1,7,0,449,98,255,269,449
TIPPAHBROWNFIELD,3,0,0,1,1,0,1,0,25,0,0,0,3,0,1,1,0,37,0,0,9,0,0,0,118,5,68,9,118
TIPPAHCHALYBEATE,14,0,0,9,0,2,1,0,95,0,1,1,9,0,1,6,0,102,1,2,59,1,1,0,443,23,218,59,443
TIPPAHCHAPMAN,5,0,3,7,1,0,1,0,81,0,0,2,8,0,0,9,0,104,0,1,27,0,2,0,416,16,205,27,416
TIPPAHCLARYSVILLE,0,0,0,0,0,0,1,0,44,0,0,1,3,0,0,4,0,35,0,0,3,0,3,0,125,0,88,3,125
TIPPAHCOTTON PLANT,41,1,1,3,0,0,1,0,20,0,0,0,1,0,0,1,0,29,0,0,90,0,1,2,83,46,52,90,83
TIPPAHDRY CREEK,10,0,0,8,2,0,1,1,42,0,0,1,4,0,0,10,0,45,0,0,18,0,0,0,216,20,104,18,216
TIPPAHDUMAS,9,0,0,2,2,0,3,0,85,0,0,0,9,0,0,7,0,133,1,3,19,1,6,0,430,13,237,19,430
TIPPAHFALKNER,33,0,1,11,0,1,2,0,150,0,0,2,14,0,1,6,0,107,0,9,88,0,7,0,526,45,283,88,526
TIPPAHMITCHELL,5,0,0,0,0,0,2,0,39,0,0,0,5,0,0,5,0,60,0,1,14,0,0,0,188,5,111,14,188
TIPPAHNEW HOPE,7,0,0,1,0,0,2,0,59,0,0,2,18,0,0,5,0,71,0,1,18,0,1,0,257,8,157,18,257
TIPPAHNORTH FALKNER,8,1,0,6,0,0,0,0,31,0,0,0,5,0,0,5,0,36,1,1,39,3,2,0,144,15,77,39,144
TIPPAHNORTH RIPLEY,106,0,1,25,1,1,5,0,153,0,0,5,15,0,0,19,0,175,1,6,348,9,12,1,735,133,373,348,735
TIPPAHPALMER,18,0,0,9,1,0,6,0,91,0,0,1,11,0,0,9,0,117,1,1,57,3,5,0,409,28,235,57,409
TIPPAHPEOPLES,8,0,0,7,0,1,2,0,28,0,0,1,2,0,0,8,0,44,0,0,29,0,0,0,178,15,86,29,178
TIPPAHPINE GROVE,3,0,0,2,0,1,1,0,31,0,0,2,3,0,0,0,0,70,1,0,7,0,1,0,199,5,108,7,199
TIPPAHPROVIDENCE,5,0,0,6,0,1,0,0,33,0,0,2,5,1,0,3,0,37,0,1,19,0,2,0,161,11,82,19,161
TIPPAHRIPLEY,66,0,0,25,0,0,5,0,109,0,0,0,31,0,0,14,0,138,0,3,244,2,6,0,528,91,297,244,528
TIPPAHSHADY GROVE,0,0,0,2,0,0,0,0,18,0,0,0,10,0,0,2,1,53,0,3,5,0,2,0,134,2,84,5,134
TIPPAHSOUTHWEST RIPLEY,66,1,1,14,0,2,2,0,123,0,1,1,35,0,0,22,0,173,1,5,249,1,7,2,613,82,359,249,613
TIPPAHSPOUT SPRINGS,9,0,0,1,0,0,1,0,41,0,0,1,1,0,0,3,0,44,0,1,19,0,0,0,145,10,91,19,145
TIPPAHTHREEFORKS,8,0,1,5,1,0,0,0,57,0,0,0,3,0,0,8,0,78,0,2,21,0,2,0,238,15,146,21,238
TIPPAHTIPLERSVILLE,33,0,0,5,1,3,1,0,34,0,0,0,10,0,0,5,0,29,0,1,100,0,0,0,145,39,82,100,145
TIPPAHWALNUT,42,0,0,10,0,1,3,0,76,0,0,0,11,0,0,11,0,98,1,0,91,1,5,1,360,52,200,91,360
TISHOMINGOBELMONT,25,0,0,17,2,1,3,0,158,0,0,5,28,1,2,12,0,182,0,5,56,0,11,1,738,44,392,56,738
TISHOMINGOBURNSVILLE,24,1,3,9,0,1,4,0,100,0,0,0,10,0,0,17,0,186,0,1,46,3,12,1,670,37,318,46,670
TISHOMINGOCOLES MILL,26,0,0,10,0,0,0,0,44,0,0,0,14,0,0,7,1,155,0,2,51,5,8,0,410,36,221,51,410
TISHOMINGOCOTTON SPRINGS,7,0,0,2,1,0,1,0,36,0,0,0,7,0,0,4,0,54,0,1,9,0,2,0,195,10,102,9,195
TISHOMINGODENNIS,9,0,2,2,0,2,2,0,55,0,0,0,7,0,0,3,0,43,0,1,12,0,1,0,219,13,112,12,219
TISHOMINGOEAST IUKA,66,2,2,37,4,3,12,0,167,2,0,4,29,0,1,26,0,265,1,5,186,3,27,0,970,111,509,186,970
TISHOMINGOGOLDEN,15,0,1,5,0,0,3,0,114,0,0,0,18,0,1,10,0,126,1,1,35,3,3,0,488,21,272,35,488
TISHOMINGOHUBBARD SALEM,2,0,0,3,0,0,0,0,9,0,0,0,3,0,0,0,0,42,0,0,13,2,3,0,101,5,54,13,101
TISHOMINGOIUKA,86,3,3,58,3,4,5,1,231,0,1,6,61,0,0,41,0,350,1,5,238,4,32,0,1374,153,700,238,1374
TISHOMINGONORTH BELMONT,8,0,0,3,0,0,2,1,45,0,0,1,9,0,0,9,0,69,0,1,16,2,1,0,246,11,136,16,246
TISHOMINGONORTH BURNSVILLE,16,0,0,16,1,0,7,1,68,0,0,0,11,0,0,9,0,105,0,1,58,0,7,1,418,33,201,58,418
TISHOMINGOPADEN,8,0,0,6,0,0,1,0,45,0,0,0,11,0,0,4,0,56,0,4,25,0,2,0,211,14,117,25,211
TISHOMINGOSPRINGHILL,23,0,1,15,1,0,1,2,63,0,0,3,7,0,0,9,0,83,0,0,62,2,14,1,341,40,168,62,341
TISHOMINGOTISHOMINGO,76,0,1,26,2,0,3,0,129,0,0,5,18,0,0,14,1,209,2,1,192,4,17,1,785,105,379,192,785
TUNICABANKS/HAMBRICK,59,0,0,12,0,0,0,0,0,0,0,0,0,0,0,0,0,3,0,1,180,0,0,0,3,71,3,180,3
TUNICAMHOON LANDING,1,0,0,4,1,0,0,0,7,0,0,1,2,0,0,0,0,32,0,1,12,1,1,0,82,6,42,12,82
TUNICANEW SUB PARK,111,0,2,22,1,0,0,0,13,0,0,0,3,0,0,2,0,21,0,0,295,1,1,0,127,136,39,295,127
TUNICAPRICHARD,124,0,0,10,0,0,0,0,1,0,0,0,0,0,0,0,0,7,1,1,272,2,0,0,17,134,8,272,17
TUNICAROBINSONVILLE COMMUNITY CENTER,85,0,0,10,0,0,0,0,12,0,0,0,1,0,0,1,0,13,1,2,335,1,1,0,46,95,27,335,46
TUNICATUNICA,81,2,5,43,3,0,1,2,18,0,0,0,7,0,0,5,0,25,1,2,242,0,3,0,216,134,58,242,216
TUNICATUNICA AUDITORIUM,127,0,4,21,2,0,0,0,3,0,0,1,0,0,0,0,0,1,0,1,371,0,0,0,26,154,5,371,26
TUNICATUNICA CO. SUPT. OF EDUC.,32,4,1,23,4,0,0,0,10,0,0,0,1,0,0,2,0,14,0,1,158,2,7,1,88,64,27,158,88
TUNICATWO MILE LAKE,129,2,4,31,2,0,0,1,8,0,0,0,1,0,0,1,0,13,0,3,295,0,2,1,96,168,24,295,96
TUNICAWESTEND STORE,16,0,0,4,0,0,0,0,5,0,0,0,0,0,0,0,0,6,1,1,41,0,0,0,33,20,11,41,33
TUNICAWHITE OAK REC. CENTER,109,1,2,29,4,0,0,0,8,0,0,0,3,0,0,2,0,6,1,0,318,1,2,1,64,145,19,318,64
TUNICAWIN JOB CENTER,30,0,0,11,0,0,0,0,4,0,0,0,2,0,0,0,0,11,0,0,148,1,1,0,55,41,17,148,55
UNIONBEACON HILL,49,1,1,7,2,1,5,0,113,0,0,6,24,0,0,13,0,134,0,4,100,1,12,1,492,60,296,100,492
UNIONBLUE SPRINGS,17,0,0,9,1,0,5,0,109,0,0,3,4,0,0,10,0,77,0,1,54,0,4,0,374,27,208,54,374
UNIONBLYTHE,6,0,0,4,0,0,2,0,56,0,0,0,4,1,1,4,0,55,1,0,24,0,1,0,178,10,123,24,178
UNIONCENTER,5,0,1,5,0,0,3,0,74,0,0,1,12,0,1,5,0,82,0,2,16,1,4,1,311,11,178,16,311
UNIONCENTRAL MAINTENANCE,29,0,2,22,1,1,5,0,145,1,0,3,27,0,2,17,1,173,0,10,119,2,9,1,667,54,375,119,667
UNIONCOURTHOUSE,40,1,0,17,0,0,3,1,118,0,2,0,39,1,0,33,0,133,1,15,185,1,11,0,521,58,330,185,521
UNIONEAST UNION,37,0,0,13,0,0,7,1,151,0,1,2,7,0,0,9,0,140,0,3,121,1,7,1,591,50,318,121,591
UNIONGLENFIELD,47,0,0,14,0,0,4,0,102,0,1,4,19,0,0,14,0,121,0,4,140,1,8,2,471,61,265,140,471
UNIONHILLCREST CHURCH,57,0,1,22,1,3,6,0,90,0,1,2,27,0,0,10,0,78,0,7,234,0,7,0,376,81,217,234,376
UNIONINGOMAR,42,0,1,7,1,0,9,0,132,0,0,0,13,0,1,10,0,123,1,2,126,0,8,0,632,51,288,126,632
UNIONJERICHO,7,0,0,3,2,2,5,1,95,0,0,0,5,0,0,5,1,56,0,2,22,0,3,0,296,12,170,22,296
UNIONKEOWNVILLE,11,0,0,4,1,2,2,0,121,0,0,1,9,0,0,8,0,119,0,0,39,0,3,0,469,16,262,39,469
UNIONKING'S CHAPEL,16,0,0,7,0,0,9,0,72,0,0,1,9,0,0,8,0,94,0,0,42,2,3,0,343,23,193,42,343
UNIONMACEDONIA,4,0,0,4,0,0,2,0,62,0,0,0,8,0,0,12,0,58,0,1,23,0,0,0,255,8,142,23,255
UNIONMYRTLE,47,0,1,17,1,3,8,0,158,0,0,5,16,0,1,11,0,175,1,6,134,3,6,3,830,66,377,134,830
UNIONNE COMMUNITY COLLEGE,85,0,0,38,1,1,3,1,177,1,0,0,50,0,2,30,1,167,0,9,282,5,22,2,789,124,433,282,789
UNIONPINEDALE,8,0,1,3,1,0,1,0,55,0,0,0,2,0,0,5,0,80,0,3,24,0,2,0,302,13,143,24,302
UNIONPLEASANT RIDGE,4,0,0,2,0,1,3,0,51,0,1,0,4,0,0,4,0,69,2,2,22,2,3,0,206,6,133,22,206
UNIONSPORTSPLEX,76,0,1,19,0,4,6,0,138,0,0,0,23,0,0,25,2,134,0,3,269,0,12,4,615,96,332,269,615
UNIONWEST UNION,11,0,0,6,0,1,3,0,106,0,0,3,18,0,0,9,1,104,0,0,36,1,8,1,517,17,245,36,517
WALTHALL3RD DISTRICT TYLERTOWN,47,0,0,6,0,1,2,1,55,0,0,0,17,0,1,8,1,88,0,0,135,0,2,0,327,53,174,135,327
WALTHALL4TH DISTRICT TYLERTOWN,17,0,0,5,0,0,2,0,40,0,0,0,17,0,0,12,0,104,0,1,33,0,3,0,306,22,175,33,306
WALTHALL4TH DISTRICT WEST TYLERTOWN,43,0,0,7,0,0,4,0,62,0,0,1,12,0,0,4,0,80,0,3,85,0,2,0,313,50,163,85,313
WALTHALLDARBUN,10,0,0,0,0,0,0,0,14,0,0,0,3,0,0,5,0,35,0,0,22,0,0,0,93,10,57,22,93
WALTHALLDEXTER,44,0,0,12,0,1,0,1,65,0,0,1,18,0,1,6,1,119,0,1,137,1,1,0,416,56,213,137,416
WALTHALLDINAN,199,3,0,24,0,0,2,0,39,0,0,0,3,0,0,7,0,47,0,1,463,3,5,1,185,226,98,463,185
WALTHALLEAST TYLERTOWN,4,0,0,0,0,0,1,0,15,0,0,0,0,0,0,3,0,9,0,0,6,1,3,0,66,4,28,6,66
WALTHALLENON,16,0,0,1,0,0,1,0,42,0,0,0,4,0,0,0,0,43,1,2,38,0,0,0,159,17,90,38,159
WALTHALLHOPE,91,0,0,20,2,0,0,0,4,0,0,0,0,0,0,0,0,8,0,1,194,0,0,1,30,113,12,194,30
WALTHALLIMPROVE,43,1,1,3,0,0,1,0,51,0,0,0,13,0,0,6,0,92,0,2,102,0,1,0,319,48,163,102,319
WALTHALLLEXIE,4,0,0,4,0,0,1,0,55,0,0,0,13,0,0,5,0,148,0,6,82,0,2,2,472,8,222,82,472
WALTHALLMESA,3,0,0,2,0,0,0,0,8,0,0,0,4,0,0,0,0,20,0,0,9,0,0,0,51,5,32,9,51
WALTHALLMIDWAY,22,0,0,1,0,0,1,0,25,0,0,0,3,0,0,4,0,66,0,0,50,0,0,0,182,23,99,50,182
WALTHALLNORTH KIRKLIN,75,0,0,3,0,0,0,0,33,0,0,0,11,0,0,1,0,47,0,2,247,0,3,0,183,78,92,247,183
WALTHALLNORTH KNOXO,275,0,0,18,0,0,0,0,8,0,0,0,1,0,0,2,0,23,1,2,576,3,4,0,52,293,34,576,52
WALTHALLSARTINSVILLE,32,0,0,1,0,0,0,1,25,0,0,0,4,0,0,1,0,38,0,2,58,0,0,0,132,33,69,58,132
WALTHALLSOUTH KIRKLIN,15,0,0,0,0,0,0,0,6,0,0,0,1,0,0,2,0,44,0,0,38,0,0,1,124,15,53,38,124
WALTHALLST PAUL,69,0,0,5,0,0,2,0,11,0,0,0,0,0,0,1,0,13,0,1,183,2,0,1,57,74,27,183,57
WALTHALLVARNEL,29,1,0,8,0,0,2,0,44,0,0,0,7,0,0,8,0,140,0,0,114,0,3,0,410,38,201,114,410
WALTHALLWEST TYLERTOWN,65,0,0,4,1,0,3,0,18,0,0,0,9,0,0,12,0,64,0,0,218,0,2,0,179,70,106,218,179
WARREN3-61,15,0,0,5,0,0,0,0,3,0,0,0,4,0,0,1,0,29,0,0,50,0,0,0,78,20,37,50,78
WARRENAMERICAN LEGION POST,405,0,0,64,0,0,0,0,50,0,0,1,27,0,1,8,0,58,0,6,897,1,13,1,212,469,145,897,212
WARRENAUDITORIUM,332,0,1,32,1,0,3,0,16,0,0,0,12,0,0,1,0,29,0,0,744,2,9,1,94,366,61,744,94
WARRENBEECHWOOD,91,0,1,26,0,1,4,1,179,0,2,1,111,0,0,50,0,313,1,6,286,6,28,2,927,118,662,286,927
WARRENBOVINA,86,1,0,14,1,0,4,0,147,0,0,2,19,0,0,22,0,232,0,3,199,1,6,0,733,102,426,199,733
WARRENBRUNSWICK,13,0,0,0,0,1,0,1,39,0,0,0,9,0,1,3,0,74,0,0,36,0,3,0,216,13,128,36,216
WARRENCEDAR GROVE,349,1,1,58,2,3,0,0,48,0,0,0,13,0,0,16,0,55,0,2,854,2,9,1,212,411,135,854,212
WARRENCULKIN,283,2,0,67,2,8,19,0,493,0,1,2,154,0,1,94,0,747,1,7,831,4,40,2,2356,354,1519,831,2356
WARRENELKS LODGE,174,0,0,44,0,1,6,0,120,0,0,1,41,0,2,26,0,167,1,2,537,9,13,1,508,218,364,537,508
WARRENGOODRUM,74,2,1,17,1,0,2,1,96,0,0,2,27,0,1,22,1,263,1,4,203,2,14,0,560,95,415,203,560
WARRENJETT,235,0,0,46,0,0,5,0,70,0,0,1,21,0,2,10,0,145,1,6,637,2,5,0,431,281,254,637,431
WARRENKINGS,216,0,0,25,0,0,0,0,47,0,0,0,11,0,3,9,0,96,2,4,484,0,8,0,305,241,166,484,305
WARRENMOOSE LODGE,91,0,0,29,0,6,3,2,167,0,0,0,55,0,0,26,0,220,1,2,274,4,14,2,719,120,479,274,719
WARRENNO. 7 FIRE STATION,266,1,0,40,2,1,0,0,30,0,0,0,13,0,0,7,0,76,0,0,604,4,12,0,192,309,127,604,192
WARRENOAK RIDGE,13,0,0,2,0,0,0,0,29,0,0,0,3,0,0,2,0,24,0,0,21,1,4,0,91,15,58,21,91
WARRENPLUMBERS & PIPEFITTERS,105,1,0,30,0,4,4,0,95,0,0,0,58,0,0,35,5,133,0,1,358,2,9,2,516,136,334,358,516
WARRENREDWOOD,2,0,0,5,0,1,2,0,20,1,0,0,7,0,0,5,0,57,0,1,14,0,2,0,140,7,93,14,140
WARRENST. ALOYSIUS,117,0,0,17,0,0,0,1,0,0,0,0,1,0,0,0,0,2,0,0,243,1,2,0,10,134,4,243,10
WARRENTINGLEVILLE,311,0,1,41,0,0,7,1,90,0,0,2,24,0,0,15,0,128,1,3,657,2,10,1,448,353,267,657,448
WARRENVICKSBURG JUNIOR HIGH SCHOOL,422,0,2,60,2,0,7,1,90,0,0,1,24,0,2,25,1,92,1,3,1023,8,15,2,372,486,243,1023,372
WARRENYMCA,55,0,0,22,1,0,4,0,53,0,0,0,25,0,0,19,0,100,0,2,193,4,9,0,300,78,201,193,300
WARRENYOKENA,49,0,0,6,0,0,1,1,41,0,0,2,9,0,0,8,0,156,0,2,139,1,4,1,347,55,218,139,347
WASHINGTONARCOLA TECHNOLOGY CENTER,99,0,1,11,0,0,0,0,18,0,0,0,3,0,0,0,0,49,1,1,230,1,0,0,153,111,70,230,153
WASHINGTONBUSTER BROWN COMMUNITY CENTER,357,0,0,55,1,1,1,0,39,0,0,0,38,0,1,13,0,81,1,4,1267,4,18,1,326,413,174,1267,326
WASHINGTONCOVENANT PRESBYTERIAN CHURCH,100,0,0,23,1,1,5,0,120,0,0,0,66,0,0,38,0,268,0,1,269,2,13,0,808,124,498,269,808
WASHINGTONDARLOVE,14,0,0,0,0,0,0,0,0,0,0,0,6,0,0,0,0,20,0,0,26,0,2,0,36,14,26,26,36
WASHINGTONELKS LODGE,433,0,0,45,0,0,1,0,6,0,0,0,4,0,0,0,0,9,1,4,1142,1,4,1,75,478,20,1142,75
WASHINGTONEXTENSION BUILDING,138,0,1,14,0,0,0,0,1,0,0,0,1,0,0,0,0,6,1,0,462,1,0,0,12,153,8,462,12
WASHINGTONGLEN ALLAN LIBRARY,80,0,0,5,0,1,1,0,38,0,0,0,14,0,0,9,0,87,0,1,161,0,4,0,243,85,150,161,243
WASHINGTONHOLLANDALE CITY HALL,299,0,0,22,0,0,3,0,44,0,0,0,6,0,0,10,0,56,1,0,835,2,3,1,226,321,119,835,226
WASHINGTONJAKE'S CHAPEL MB CHURCH,283,0,1,26,0,0,0,0,2,0,0,0,1,0,0,0,0,0,0,1,1026,1,2,0,13,310,3,1026,13
WASHINGTONLAKE VISTA MASONIC LODGE,257,0,3,31,0,1,0,0,30,0,0,0,18,0,0,2,0,93,0,2,814,3,9,0,254,291,144,814,254
WASHINGTONLELAND HEALTH DEPARTMENT,235,0,0,58,1,0,4,0,59,0,0,1,30,0,0,10,0,114,1,2,832,2,5,2,464,294,218,832,464
WASHINGTONLELAND ROTARY CLUB,158,0,0,27,0,1,2,0,51,1,0,4,34,0,2,8,0,123,3,1,540,1,8,1,398,185,226,540,398
WASHINGTONMETCALFE MUNICIPAL BUILDING,153,1,1,19,0,0,0,0,0,0,0,0,0,0,0,1,0,2,1,0,395,2,0,0,7,174,3,395,7
WASHINGTONMOUNT BETHEL BAPTIST CHURCH,172,0,0,17,0,0,0,0,0,0,0,0,0,0,0,0,0,1,1,2,563,0,2,0,8,189,1,563,8
WASHINGTONST. JAMES EPISCOPAL CHURCH,329,0,0,44,1,0,3,0,92,0,0,1,42,0,0,14,1,160,2,5,1129,5,14,3,641,374,313,1129,641
WASHINGTONSWIFTWATER BAPTIST CHURCH,10,0,0,3,0,0,0,0,23,0,0,0,9,0,0,5,0,71,0,0,66,2,5,0,556,13,108,66,556
WASHINGTONTAMPA DRIVE,52,0,1,4,0,0,2,0,14,0,0,0,4,0,0,3,0,31,1,1,298,1,3,0,97,57,54,298,97
WASHINGTONWARD'S RECREATION CENTER,189,0,0,32,0,1,5,1,94,0,0,2,58,0,0,6,0,194,2,4,721,6,8,1,727,221,361,721,727
WASHINGTONWASHINGTON COUNTY CONVENTION CENTER,188,0,0,23,0,0,2,1,23,0,0,1,4,0,0,2,0,53,1,4,604,1,6,0,200,211,86,604,200
WAYNEBEAT FOUR,30,0,2,7,1,1,4,0,116,0,0,0,2,0,2,3,1,166,0,0,81,0,4,0,514,40,295,81,514
WAYNEBIG ROCK,34,0,1,12,0,0,0,0,20,0,0,0,2,0,0,1,0,27,0,0,71,0,0,0,76,47,50,71,76
WAYNEBUCKATUNNA,99,0,1,10,0,0,0,0,45,0,0,1,4,0,0,2,0,84,2,2,269,0,1,1,225,110,136,269,225
WAYNECHAPPARAL/DIAMOND,73,0,1,19,0,0,1,1,12,0,0,0,1,0,0,1,0,25,0,0,213,0,2,0,64,93,41,213,64
WAYNECHICORA,27,0,0,6,0,1,3,0,34,0,0,0,2,0,1,4,0,65,0,2,48,0,6,0,223,33,110,48,223
WAYNECLARA,10,6,2,11,0,2,11,1,277,1,1,1,24,1,0,19,1,1284,0,2,32,2,4,0,1197,29,1623,32,1197
WAYNECORINTH,2,1,0,3,0,1,1,0,68,0,0,1,2,0,0,6,0,47,1,0,8,0,1,0,241,6,126,8,241
WAYNEDENHAM,34,0,0,17,1,4,5,0,69,0,0,0,2,0,0,2,0,100,2,2,66,0,4,0,333,52,182,66,333
WAYNEEUCUTTA,27,0,0,1,0,0,1,0,22,0,0,0,6,0,0,1,0,60,0,1,47,0,2,1,145,28,90,47,145
WAYNEHIWANNEE,80,1,1,9,0,0,1,0,22,0,0,0,7,0,0,4,0,20,0,0,184,0,2,1,86,91,54,184,86
WAYNEMATHERVILLE/COYT,10,1,0,3,0,0,2,0,22,0,0,0,2,0,0,3,0,53,0,0,27,0,0,0,113,14,82,27,113
WAYNEMOZINGO,27,0,0,3,0,1,2,0,85,1,0,0,9,0,0,6,0,55,0,1,58,0,1,1,247,30,159,58,247
WAYNEPLEASANT GROVE,66,0,1,10,0,0,1,0,54,0,0,0,4,0,0,3,0,107,0,1,126,0,1,0,301,77,169,126,301
WAYNESTATE LINE,87,0,0,21,1,3,2,0,54,0,0,0,3,0,0,6,0,87,1,2,243,0,2,0,342,109,155,243,342
WAYNESTRENGTHFORD,0,0,0,0,0,0,1,0,43,0,0,0,1,0,0,2,0,50,0,0,3,0,1,0,159,0,97,3,159
WAYNEWAYNESBORO CITY 1,255,0,0,26,0,0,0,0,2,0,0,0,0,0,0,0,0,1,0,0,518,0,2,1,9,281,3,518,9
WAYNEWAYNESBORO CITY 2,154,1,0,26,0,3,6,1,90,0,0,0,19,0,0,8,0,113,0,2,388,0,2,1,394,181,240,388,394
WAYNEWAYNESBORO CITY 3,59,0,1,9,0,1,5,0,134,0,0,0,23,0,0,11,0,179,1,1,156,1,7,0,591,69,353,156,591
WAYNEWAYNESBORO CITY 4,85,2,0,11,1,2,0,0,27,0,0,0,3,0,0,2,0,25,0,0,253,0,1,1,111,99,59,253,111
WAYNEWAYNESBORO CITY 5,64,0,0,14,0,0,1,0,11,0,0,0,2,0,0,2,1,37,0,3,211,0,2,1,97,78,54,211,97
WAYNEWINCHESTER,125,2,0,22,0,0,3,0,35,0,0,0,1,0,0,7,0,62,0,0,335,0,1,0,202,149,108,335,202
WAYNEYELLOW CREEK,93,0,0,11,0,1,2,1,65,0,0,0,3,0,0,5,1,93,0,1,187,0,0,1,320,104,171,187,320
WEBSTERBELLEFONTAINE,3,0,1,0,0,1,3,0,45,0,1,0,13,0,0,3,1,51,0,1,30,0,2,0,202,4,118,30,202
WEBSTERBIG BLACK,9,0,0,2,0,0,1,0,60,0,0,1,2,0,0,1,0,57,0,1,13,0,0,0,200,11,122,13,200
WEBSTERBLUFF SPRINGS,32,0,0,2,0,0,0,0,17,0,0,0,2,0,0,0,0,14,0,0,60,0,0,0,68,34,33,60,68
WEBSTERCADARETTA,4,0,0,2,0,0,1,0,18,0,0,0,2,0,0,0,0,52,0,0,10,0,0,0,96,6,73,10,96
WEBSTERCLARKSON,0,0,0,0,0,0,2,0,63,0,1,0,4,0,0,0,0,83,1,2,10,0,1,0,268,0,153,10,268
WEBSTERCUMBERLAND,18,0,1,3,0,1,0,0,38,0,0,0,7,0,0,18,0,71,1,0,42,5,1,0,243,22,135,42,243
WEBSTEREUPORA NO. 1,170,0,0,25,0,3,1,0,92,0,0,0,24,0,1,18,0,113,1,5,412,1,5,0,386,195,252,412,386
WEBSTEREUPORA NO. 2,19,1,1,8,0,0,8,0,58,0,0,0,8,0,1,6,0,75,0,3,45,1,1,0,267,29,156,45,267
WEBSTEREUPORA NO. 3,23,0,0,10,0,0,3,0,31,0,1,0,6,1,0,5,0,60,1,3,59,1,2,0,174,33,107,59,174
WEBSTERFAME,1,0,0,3,0,1,4,0,58,0,0,0,2,0,0,4,0,56,0,2,13,0,0,0,195,4,125,13,195
WEBSTERFAY,1,0,0,1,0,0,0,0,33,0,0,0,0,0,0,1,0,35,1,0,4,0,2,0,100,2,69,4,100
WEBSTERGRADY,16,0,1,2,0,0,2,0,38,0,0,0,1,0,0,0,0,56,0,1,35,1,2,0,175,19,97,35,175
WEBSTERMABEN,49,0,1,6,2,2,1,0,67,0,0,3,13,0,0,9,0,90,0,1,119,2,4,1,297,58,185,119,297
WEBSTERMANTEE,13,0,0,3,0,1,1,0,54,0,0,2,5,0,0,10,0,109,0,1,28,0,1,0,293,16,182,28,293
WEBSTERMATHISTON,23,0,0,5,0,1,9,2,92,0,0,1,9,0,0,15,0,118,0,3,80,1,2,0,395,28,247,80,395
WEBSTERTOMNOLEN,8,0,0,1,0,3,4,1,58,2,0,1,13,0,0,3,0,72,0,3,30,2,1,0,287,9,157,30,287
WEBSTERWALTHALL,12,1,0,6,0,1,3,0,70,1,0,1,16,0,0,7,0,81,0,0,29,1,3,0,330,19,180,29,330
WILKINSONCENTREVILLE 1ST 1020,182,0,2,9,0,0,1,0,17,0,0,0,5,0,0,1,0,11,1,4,387,0,1,0,74,193,35,387,74
WILKINSONCENTREVILLE 3RD 3010,236,0,0,9,2,0,1,0,56,0,0,1,4,0,0,9,0,92,0,4,462,0,3,0,293,247,163,462,293
WILKINSONCOLD SPRINGS 4020,43,1,3,4,0,0,0,0,12,0,0,0,9,0,0,1,0,29,0,1,89,1,0,0,91,51,51,89,91
WILKINSONFORT ADAMS 2020,88,0,0,4,0,0,0,0,8,0,0,0,0,0,0,1,0,17,0,1,275,1,1,0,72,92,26,275,72
WILKINSONLONGMIRE 5020,87,0,0,5,0,2,2,1,37,0,0,0,0,0,1,2,0,70,1,3,149,0,5,0,229,92,115,149,229
WILKINSONWOODVILLE 1010,95,0,0,8,1,1,0,2,24,1,0,0,3,1,0,0,0,44,0,0,240,0,0,0,150,104,76,240,150
WILKINSONWOODVILLE 2ND 2010,146,0,0,9,1,0,1,0,24,0,0,0,1,0,0,1,0,22,0,1,395,0,1,0,100,156,49,395,100
WILKINSONWOODVILLE 4TH 4010,292,1,1,11,4,1,1,0,13,0,0,0,1,0,0,0,0,19,2,3,595,2,1,1,87,309,35,595,87
WILKINSONWOODVILLE 5TH 5010,107,0,2,10,2,1,8,0,35,0,0,0,7,0,0,7,0,63,1,3,265,0,5,0,222,121,121,265,222
WINSTONAMERICAN LEGION,287,2,2,24,0,1,0,0,32,0,0,1,2,0,0,4,0,28,1,3,686,4,4,1,108,315,68,686,108
WINSTONCOUNTY AGENT,249,1,2,27,2,0,1,1,34,0,0,1,7,0,0,4,1,18,0,6,715,3,3,1,142,281,67,715,142
WINSTONEAST WINSTON,55,0,1,12,0,0,1,0,77,0,0,1,16,0,0,10,1,125,0,0,151,2,4,1,430,68,231,151,430
WINSTONFAIRGROUND,197,0,2,33,0,7,14,0,198,0,0,1,67,1,0,40,1,311,0,4,539,6,17,0,1015,232,640,539,1015
WINSTONLOVORN TRACTOR,79,0,0,9,1,0,2,0,51,0,0,1,13,0,0,8,0,46,0,1,144,0,0,0,237,89,121,144,237
WINSTONMARS HILL,80,0,0,13,0,1,2,0,85,0,0,0,13,0,0,9,0,71,0,2,234,1,3,1,339,93,181,234,339
WINSTONMILL CREEK,178,0,1,25,5,1,3,0,130,0,0,4,36,0,1,15,0,170,1,4,370,8,5,2,699,209,360,370,699
WINSTONNANIH WAIYA,53,1,1,17,1,2,8,0,140,0,0,0,35,0,0,18,0,175,2,0,178,2,4,0,848,73,378,178,848
WINSTONNEW NATIONAL GUARD,21,0,0,6,0,1,1,0,43,0,0,1,21,0,0,17,0,56,1,0,83,0,5,0,233,27,140,83,233
WINSTONNOXAPATER,103,0,0,18,1,0,10,0,121,1,0,0,14,0,1,12,0,114,0,1,250,2,6,0,529,122,273,250,529
WINSTONSHILOH,33,1,1,10,0,0,3,0,55,0,0,0,15,0,0,4,0,83,0,0,96,0,4,0,285,45,160,96,285
WINSTONZION RIDGE,197,1,0,20,0,0,0,0,5,0,0,0,1,0,0,2,0,18,2,2,404,2,0,0,45,218,26,404,45
YALOBUSHABEAT ONE NORTH,128,1,3,45,1,7,3,0,122,0,0,1,39,0,1,25,1,160,1,4,297,5,26,0,592,178,359,297,592
YALOBUSHABEAT ONE SOUTH,72,0,0,10,0,1,3,0,31,0,0,1,6,0,0,4,2,79,0,3,140,2,4,1,223,82,127,140,223
YALOBUSHABEAT TWO WATER VALLEY,308,0,1,47,1,1,5,0,67,0,0,1,11,0,0,5,1,108,0,3,673,7,11,2,355,357,199,673,355
YALOBUSHAFIVE COFFEEVILLE,106,0,3,19,1,3,1,0,71,0,0,2,9,0,0,7,0,132,0,2,211,0,6,0,397,129,225,211,397
YALOBUSHAFIVE SCOBEY,40,0,0,4,0,1,0,0,18,0,0,0,6,0,0,0,0,48,0,1,72,0,3,0,133,44,73,72,133
YALOBUSHAFIVE SCUNA - VANN'S MILL,15,0,0,3,0,1,0,1,24,0,0,0,3,0,0,1,0,34,0,0,48,1,1,0,101,18,64,48,101
YALOBUSHAFIVE TILLATOBA,21,0,0,0,0,1,1,0,25,0,0,0,4,0,0,2,0,72,0,0,38,0,2,0,165,21,105,38,165
YALOBUSHAFOUR COFFEEVILLE,217,0,0,24,2,0,0,0,16,0,0,0,2,0,1,4,0,31,1,1,380,0,1,0,93,243,54,380,93
YALOBUSHAFOUR OAKLAND,191,0,1,35,0,0,2,0,71,1,0,0,8,1,0,5,0,109,0,3,414,2,3,0,373,227,197,414,373
YALOBUSHATHREE NORTH WEST,74,0,0,19,0,2,3,1,107,1,0,1,22,0,1,14,0,149,0,1,201,6,10,1,598,93,301,201,598
YALOBUSHATHREE SYLVA RENA,48,0,0,12,0,3,3,0,61,0,2,0,6,0,0,3,0,108,0,1,108,1,3,0,346,60,186,108,346
YAZOOBENTON,101,1,0,15,0,1,5,0,84,0,0,1,17,0,0,12,0,133,1,2,197,1,4,0,421,117,253,197,421
YAZOOCENTER RIDGE,14,0,0,6,0,1,1,0,55,0,0,0,21,0,0,23,1,110,0,0,46,0,8,0,343,20,212,46,343
YAZOODEASONVILLE,105,2,0,8,1,1,2,0,47,0,0,0,15,0,0,3,0,71,0,0,239,0,4,2,202,116,139,239,202
YAZOODOVER,28,0,0,5,1,0,1,0,62,0,0,0,6,0,0,0,0,103,0,4,60,0,2,2,276,34,172,60,276
YAZOOEAST BENTONIA,47,0,0,2,0,0,0,0,29,0,0,0,4,0,0,4,0,63,0,0,106,1,3,0,189,49,100,106,189
YAZOOEAST MIDWAY,69,0,0,6,2,0,0,0,14,0,0,0,1,0,0,1,0,24,0,0,189,0,1,0,68,77,40,189,68
YAZOOEDEN,23,2,0,9,0,0,0,0,26,0,0,1,7,0,0,5,0,33,0,4,59,1,0,0,174,34,72,59,174
YAZOOFREE RUN,10,0,0,0,0,2,1,0,24,0,0,1,4,0,0,3,0,51,0,0,28,0,1,1,119,10,86,28,119
YAZOOFUGATES,109,0,0,9,0,2,2,0,42,1,0,0,7,0,0,4,0,69,0,0,181,0,3,0,182,118,127,181,182
YAZOOHARTTOWN,88,0,1,6,0,0,0,0,6,0,0,0,3,0,0,1,0,7,1,0,176,0,0,0,42,95,17,176,42
YAZOOHOLLY BLUFF,35,0,0,1,0,0,0,0,16,0,0,0,6,0,0,8,0,36,1,0,64,0,0,0,90,36,66,64,90
YAZOOJONESTOWN,135,0,0,6,0,0,0,0,0,0,0,0,0,0,0,0,0,0,0,0,336,0,0,0,4,141,0,336,4
YAZOOLAKE CITY,16,0,0,5,1,0,0,1,29,0,0,0,12,0,0,11,0,29,0,1,32,0,1,0,129,22,82,32,129
YAZOOMECHANICSBURG,18,0,0,3,0,1,1,1,80,0,0,0,13,0,0,10,0,160,2,5,42,0,3,0,399,21,266,42,399
YAZOOROBINETTE,14,0,0,5,1,0,3,0,56,0,0,0,6,0,0,9,0,114,0,0,32,0,3,0,297,20,188,32,297
YAZOOSATARTIA,6,0,0,1,0,0,0,0,2,0,0,1,1,0,0,0,0,21,0,0,15,1,1,1,36,7,25,15,36
YAZOOVALLEY,0,0,0,0,0,0,0,0,18,0,1,0,6,0,0,7,0,57,0,0,5,1,2,1,133,0,89,5,133
YAZOOWEST BENTONIA,139,0,0,17,1,1,1,0,46,0,0,0,7,0,0,5,0,84,0,4,280,0,2,1,221,157,144,280,221
YAZOOWEST MIDWAY,11,0,0,2,0,0,0,0,24,0,0,1,3,0,0,3,0,49,0,1,25,0,0,0,151,13,80,25,151
YAZOOZION,25,0,0,4,0,0,2,0,53,0,0,1,8,0,0,5,0,56,0,3,54,0,1,0,198,29,125,54,198
