precinct_code,gen_dem_CLINTON,gen_ind_STEIN,gen_lib_JOHNSON,gen_rep_TRUMP,pri_dem_CLINTON,pri_dem_FUENTE,pri_dem_O'MALLEY,pri_dem_SANDERS,pri_lib_FELDMAN,pri_lib_HALE,pri_lib_INCE,pri_lib_JOHNSON,pri_lib_JR.,pri_lib_KERBEL,pri_lib_PERRY,pri_lib_PETERSEN,pri_lib_REID,pri_lib_SMITH,pri_lib_WAYMIRE,pri_rep_BUSH,pri_rep_CARSON,pri_rep_CHRISTIE,pri_rep_CRUZ,pri_rep_FIORINA,pri_rep_GILMORE,pri_rep_HUCKABEE,pri_rep_KASICH,pri_rep_PAUL,pri_rep_RUBIO,pri_rep_SANTORUM,pri_rep_TRUMP,gen_total,rep_pri_total,dem_pri_total
Alamance-37101,411.0,10.0,50.0,1865.0,108.0,1.0,11.0,118.0,0.0,0.0,0.0,3.0,0.0,0.0,0.0,0.0,0.0,0.0,0.0,2.0,7.0,1.0,396.0,0.0,0.0,1.0,29.0,2.0,36.0,0.0,296.0,2336.0,770.0,238.0
Alamance-37102,403.0,5.0,40.0,2004.0,91.0,3.0,7.0,137.0,0.0,0.0,0.0,3.0,0.0,0.0,0.0,0.0,0.0,0.0,0.0,5.0,10.0,0.0,345.0,1.0,0.0,4.0,72.0,0.0,44.0,1.0,361.0,2452.0,843.0,238.0
Alamance-371035,995.0,14.0,77.0,1485.0,182.0,1.0,6.0,182.0,0.0,0.0,0.0,0.0,0.0,0.0,1.0,0.0,0.0,0.0,0.0,4.0,10.0,3.0,268.0,0.0,0.0,2.0,63.0,2.0,39.0,0.0,266.0,2571.0,657.0,371.0
Alamance-37103C,679.0,5.0,64.0,1059.0,207.0,1.0,10.0,157.0,0.0,0.0,0.0,1.0,0.0,0.0,0.0,0.0,0.0,0.0,0.0,2.0,5.0,2.0,239.0,0.0,0.0,2.0,167.0,4.0,87.0,1.0,214.0,1807.0,723.0,375.0
Alamance-37103N,1036.0,12.0,66.0,1160.0,231.0,2.0,7.0,169.0,0.0,0.0,0.0,2.0,0.0,0.0,0.0,0.0,0.0,0.0,0.0,1.0,7.0,1.0,210.0,1.0,0.0,2.0,123.0,0.0,74.0,1.0,223.0,2274.0,643.0,409.0
Alamance-37103N2,310.0,2.0,13.0,214.0,151.0,1.0,0.0,57.0,0.0,0.0,0.0,0.0,0.0,0.0,0.0,0.0,0.0,0.0,0.0,1.0,2.0,2.0,58.0,2.0,0.0,0.0,57.0,0.0,19.0,0.0,53.0,539.0,194.0,209.0
Alamance-37103S,1782.0,0.0,125.0,2045.0,405.0,3.0,2.0,335.0,0.0,0.0,0.0,1.0,0.0,0.0,0.0,0.0,0.0,0.0,0.0,1.0,9.0,1.0,348.0,1.0,0.0,2.0,161.0,0.0,116.0,2.0,392.0,3952.0,1033.0,745.0
Alamance-37103W,665.0,3.0,68.0,1201.0,168.0,2.0,4.0,129.0,0.0,0.0,0.0,0.0,0.0,0.0,0.0,0.0,0.0,0.0,1.0,2.0,7.0,0.0,247.0,0.0,0.0,1.0,64.0,2.0,55.0,0.0,192.0,1937.0,570.0,303.0
Alamance-37104,577.0,11.0,63.0,2043.0,173.0,3.0,11.0,155.0,0.0,0.0,0.0,2.0,0.0,0.0,0.0,0.0,0.0,0.0,1.0,1.0,9.0,0.0,350.0,0.0,2.0,6.0,39.0,0.0,46.0,2.0,315.0,2694.0,770.0,342.0
Alamance-37105,327.0,1.0,47.0,1448.0,73.0,4.0,7.0,121.0,0.0,0.0,0.0,1.0,0.0,0.0,0.0,0.0,0.0,0.0,0.0,2.0,5.0,0.0,217.0,1.0,0.0,2.0,43.0,2.0,46.0,0.0,227.0,1823.0,545.0,205.0
Alamance-371063,996.0,6.0,29.0,528.0,219.0,2.0,2.0,146.0,0.0,0.0,0.0,0.0,0.0,0.0,0.0,0.0,0.0,0.0,0.0,1.0,0.0,0.0,93.0,0.0,0.0,3.0,16.0,0.0,13.0,0.0,76.0,1559.0,202.0,369.0
Alamance-371064,1054.0,9.0,63.0,1800.0,314.0,0.0,8.0,217.0,0.0,0.0,0.0,1.0,0.0,0.0,0.0,0.0,0.0,0.0,0.0,3.0,6.0,1.0,341.0,0.0,0.0,1.0,88.0,0.0,55.0,0.0,334.0,2926.0,829.0,539.0
Alamance-37106E,741.0,3.0,39.0,671.0,185.0,2.0,4.0,122.0,0.0,0.0,0.0,0.0,0.0,0.0,0.0,1.0,0.0,0.0,0.0,0.0,7.0,0.0,130.0,0.0,0.0,0.0,17.0,0.0,18.0,0.0,108.0,1454.0,280.0,313.0
Alamance-37106N,834.0,3.0,38.0,423.0,166.0,0.0,1.0,114.0,0.0,0.0,0.0,1.0,0.0,0.0,0.0,0.0,0.0,0.0,0.0,0.0,3.0,1.0,68.0,0.0,0.0,1.0,12.0,1.0,9.0,1.0,53.0,1298.0,149.0,281.0
Alamance-37106S,716.0,7.0,57.0,1183.0,183.0,2.0,3.0,151.0,0.0,0.0,0.0,1.0,1.0,0.0,0.0,2.0,0.0,0.0,0.0,1.0,11.0,0.0,174.0,0.0,0.0,1.0,32.0,1.0,44.0,0.0,194.0,1963.0,458.0,339.0
Alamance-37106W,339.0,1.0,11.0,271.0,57.0,0.0,2.0,60.0,0.0,0.0,0.0,0.0,0.0,0.0,0.0,0.0,0.0,0.0,0.0,0.0,1.0,0.0,38.0,0.0,0.0,1.0,10.0,2.0,3.0,1.0,35.0,622.0,91.0,119.0
Alamance-37107,450.0,4.0,54.0,1670.0,115.0,1.0,7.0,140.0,0.0,0.0,0.0,2.0,0.0,0.0,1.0,0.0,0.0,0.0,0.0,1.0,9.0,0.0,337.0,0.0,0.0,0.0,51.0,2.0,41.0,0.0,251.0,2178.0,692.0,263.0
Alamance-37108N,638.0,9.0,38.0,1204.0,154.0,1.0,3.0,208.0,0.0,0.0,0.0,2.0,0.0,0.0,0.0,0.0,0.0,0.0,0.0,0.0,4.0,0.0,201.0,0.0,1.0,2.0,27.0,1.0,29.0,0.0,157.0,1889.0,422.0,366.0
Alamance-37108S,276.0,10.0,27.0,723.0,68.0,1.0,2.0,119.0,0.0,0.0,0.0,1.0,0.0,0.0,0.0,0.0,0.0,0.0,0.0,1.0,2.0,0.0,119.0,0.0,0.0,0.0,17.0,1.0,15.0,0.0,120.0,1036.0,275.0,190.0
Alamance-37109N,550.0,10.0,49.0,853.0,151.0,0.0,6.0,111.0,0.0,0.0,0.0,1.0,0.0,0.0,0.0,0.0,0.0,0.0,0.0,2.0,2.0,0.0,152.0,0.0,0.0,0.0,43.0,0.0,25.0,0.0,143.0,1462.0,367.0,268.0
Alamance-37109S,1085.0,8.0,62.0,1771.0,259.0,3.0,7.0,294.0,0.0,0.0,0.0,2.0,0.0,0.0,0.0,0.0,0.0,0.0,0.0,1.0,7.0,0.0,304.0,0.0,0.0,1.0,63.0,1.0,46.0,0.0,281.0,2926.0,704.0,563.0
Alamance-371103,602.0,4.0,42.0,1314.0,145.0,2.0,6.0,138.0,0.0,0.0,0.0,3.0,0.0,0.0,0.0,0.0,0.0,0.0,0.0,1.0,5.0,0.0,279.0,0.0,0.0,0.0,40.0,1.0,49.0,0.0,184.0,1962.0,559.0,291.0
Alamance-37110N,954.0,5.0,69.0,1464.0,265.0,3.0,6.0,230.0,0.0,0.0,0.0,0.0,0.0,0.0,0.0,1.0,0.0,0.0,0.0,0.0,12.0,0.0,286.0,0.0,2.0,1.0,73.0,4.0,45.0,0.0,267.0,2492.0,690.0,504.0
Alamance-37110S,2445.0,25.0,154.0,2240.0,576.0,3.0,7.0,528.0,0.0,0.0,0.0,4.0,0.0,0.0,3.0,0.0,0.0,1.0,2.0,4.0,12.0,1.0,433.0,1.0,0.0,3.0,111.0,4.0,104.0,0.0,381.0,4864.0,1054.0,1114.0
Alamance-37111,1142.0,7.0,42.0,1037.0,360.0,3.0,2.0,147.0,1.0,0.0,0.0,0.0,0.0,0.0,0.0,0.0,0.0,0.0,0.0,0.0,4.0,0.0,155.0,0.0,0.0,0.0,24.0,0.0,17.0,1.0,190.0,2228.0,391.0,512.0
Alamance-3711210,607.0,11.0,33.0,569.0,128.0,1.0,0.0,140.0,0.0,0.0,0.0,0.0,0.0,0.0,0.0,1.0,0.0,0.0,0.0,0.0,0.0,0.0,93.0,0.0,0.0,1.0,17.0,0.0,21.0,0.0,112.0,1220.0,244.0,269.0
Alamance-371124,543.0,2.0,36.0,666.0,144.0,0.0,3.0,149.0,0.0,1.0,0.0,1.0,0.0,0.0,0.0,0.0,0.0,0.0,0.0,0.0,8.0,0.0,127.0,0.0,0.0,1.0,45.0,1.0,16.0,0.0,124.0,1247.0,322.0,296.0
Alamance-371125,523.0,6.0,38.0,874.0,132.0,3.0,5.0,146.0,0.0,0.0,0.0,0.0,0.0,0.0,0.0,0.0,0.0,0.0,2.0,1.0,2.0,0.0,177.0,0.0,0.0,0.0,36.0,2.0,22.0,0.0,162.0,1441.0,402.0,286.0
Alamance-371126,578.0,4.0,34.0,809.0,196.0,0.0,9.0,135.0,0.0,0.0,0.0,0.0,0.0,0.0,0.0,0.0,0.0,0.0,0.0,5.0,6.0,1.0,156.0,0.0,0.0,2.0,100.0,0.0,44.0,0.0,198.0,1425.0,512.0,340.0
Alamance-371127,1831.0,2.0,51.0,637.0,454.0,2.0,3.0,162.0,0.0,0.0,0.0,1.0,0.0,0.0,0.0,0.0,0.0,0.0,0.0,0.0,4.0,0.0,86.0,0.0,0.0,0.0,8.0,1.0,22.0,0.0,89.0,2521.0,210.0,621.0
Alamance-371128,788.0,3.0,24.0,325.0,165.0,1.0,1.0,97.0,0.0,0.0,0.0,1.0,0.0,0.0,1.0,0.0,0.0,0.0,0.0,0.0,1.0,0.0,76.0,0.0,0.0,0.0,15.0,1.0,12.0,0.0,37.0,1140.0,142.0,264.0
Alamance-371129,381.0,0.0,28.0,771.0,100.0,0.0,2.0,79.0,0.0,0.0,0.0,2.0,0.0,0.0,0.0,0.0,0.0,0.0,0.0,0.0,6.0,1.0,154.0,0.0,0.0,3.0,50.0,0.0,31.0,0.0,170.0,1180.0,415.0,181.0
Alamance-37112E,552.0,2.0,18.0,322.0,99.0,2.0,2.0,61.0,0.0,0.0,0.0,1.0,0.0,0.0,0.0,0.0,0.0,0.0,0.0,0.0,2.0,0.0,48.0,0.0,0.0,0.0,3.0,1.0,5.0,0.0,48.0,894.0,107.0,164.0
Alamance-37112N,1777.0,2.0,45.0,289.0,489.0,0.0,4.0,153.0,0.0,0.0,0.0,1.0,0.0,0.0,0.0,0.0,0.0,0.0,1.0,0.0,3.0,0.0,25.0,1.0,0.0,0.0,2.0,0.0,4.0,0.0,48.0,2113.0,83.0,646.0
Alamance-37112S,493.0,1.0,13.0,198.0,82.0,0.0,0.0,77.0,0.0,0.0,0.0,0.0,0.0,0.0,0.0,0.0,0.0,0.0,0.0,1.0,1.0,0.0,26.0,0.0,0.0,0.0,2.0,1.0,4.0,0.0,29.0,705.0,64.0,159.0
Alamance-37112W,706.0,8.0,46.0,618.0,199.0,1.0,1.0,182.0,0.0,0.0,0.0,1.0,0.0,0.0,0.0,0.0,0.0,0.0,0.0,1.0,1.0,0.0,157.0,0.0,0.0,0.0,74.0,4.0,35.0,0.0,96.0,1378.0,368.0,383.0
Alamance-37113,1047.0,1.0,42.0,1061.0,297.0,3.0,7.0,161.0,0.0,0.0,0.0,0.0,0.0,0.0,0.0,0.0,0.0,0.0,0.0,1.0,4.0,0.0,127.0,0.0,1.0,2.0,14.0,1.0,18.0,2.0,160.0,2151.0,330.0,468.0
Alexander-373B1,419.0,4.0,47.0,1669.0,75.0,0.0,2.0,118.0,0.0,0.0,0.0,1.0,0.0,0.0,0.0,0.0,0.0,0.0,0.0,3.0,2.0,2.0,342.0,0.0,0.0,5.0,75.0,2.0,45.0,0.0,372.0,2139.0,848.0,195.0
Alexander-373B2,483.0,7.0,82.0,1931.0,140.0,1.0,13.0,157.0,0.0,0.0,0.0,1.0,0.0,0.0,0.0,0.0,0.0,0.0,0.0,2.0,12.0,0.0,364.0,0.0,0.0,2.0,72.0,0.0,37.0,0.0,455.0,2503.0,944.0,311.0
Alexander-373E,361.0,1.0,44.0,1328.0,106.0,5.0,7.0,125.0,0.0,0.0,0.0,0.0,0.0,0.0,0.0,0.0,0.0,0.0,0.0,1.0,1.0,2.0,275.0,0.0,0.0,3.0,18.0,1.0,23.0,0.0,252.0,1734.0,576.0,243.0
Alexander-373G1G2,240.0,0.0,21.0,924.0,82.0,0.0,4.0,102.0,0.0,0.0,0.0,0.0,0.0,0.0,0.0,0.0,0.0,0.0,0.0,0.0,3.0,0.0,172.0,0.0,0.0,2.0,17.0,0.0,4.0,0.0,138.0,1185.0,336.0,188.0
Alexander-373LRSL,240.0,0.0,30.0,1207.0,71.0,1.0,5.0,70.0,0.0,1.0,0.0,0.0,0.0,0.0,0.0,0.0,0.0,0.0,0.0,3.0,4.0,0.0,307.0,0.0,0.0,0.0,34.0,2.0,23.0,0.0,167.0,1477.0,540.0,147.0
Alexander-373M,264.0,2.0,23.0,892.0,87.0,2.0,4.0,59.0,0.0,0.0,0.0,0.0,0.0,0.0,0.0,0.0,0.0,0.0,0.0,0.0,6.0,0.0,166.0,0.0,0.0,2.0,16.0,2.0,13.0,1.0,173.0,1181.0,379.0,152.0
Alexander-373S1S2,368.0,3.0,50.0,1528.0,143.0,2.0,8.0,122.0,0.0,0.0,0.0,1.0,0.0,0.0,0.0,0.0,0.0,0.0,0.0,3.0,7.0,1.0,271.0,1.0,0.0,2.0,19.0,1.0,23.0,0.0,243.0,1949.0,571.0,275.0
Alexander-373T1T4T5,626.0,4.0,55.0,2049.0,193.0,1.0,7.0,177.0,1.0,0.0,0.0,1.0,0.0,0.0,0.0,0.0,0.0,0.0,0.0,7.0,9.0,2.0,431.0,0.0,0.0,5.0,59.0,4.0,29.0,2.0,348.0,2734.0,896.0,378.0
Alexander-373T2T3,560.0,1.0,59.0,1339.0,192.0,2.0,6.0,122.0,0.0,0.0,0.0,2.0,0.0,0.0,0.0,0.0,0.0,0.0,0.0,3.0,1.0,0.0,288.0,1.0,0.0,9.0,29.0,1.0,28.0,1.0,221.0,1959.0,582.0,322.0
Alexander-373W,206.0,1.0,26.0,1026.0,62.0,0.0,3.0,74.0,0.0,0.0,0.0,1.0,0.0,0.0,0.0,1.0,0.0,0.0,0.0,0.0,5.0,1.0,226.0,0.0,1.0,2.0,35.0,0.0,18.0,0.0,245.0,1259.0,533.0,139.0
Alleghany-37501,177.0,0.0,16.0,653.0,73.0,1.0,6.0,91.0,0.0,0.0,0.0,0.0,0.0,0.0,0.0,0.0,0.0,0.0,0.0,2.0,1.0,1.0,88.0,0.0,0.0,0.0,47.0,0.0,21.0,0.0,152.0,846.0,312.0,171.0
Alleghany-37502,0.0,0.0,0.0,0.0,13.0,1.0,1.0,20.0,0.0,0.0,0.0,0.0,0.0,0.0,0.0,0.0,0.0,0.0,0.0,1.0,0.0,1.0,20.0,0.0,0.0,2.0,5.0,0.0,3.0,0.0,48.0,0.0,80.0,35.0
Alleghany-37503,0.0,0.0,0.0,0.0,250.0,1.0,18.0,216.0,0.0,0.0,0.0,0.0,0.0,1.0,0.0,0.0,0.0,0.0,0.0,1.0,5.0,0.0,147.0,1.0,0.0,3.0,36.0,1.0,27.0,2.0,250.0,0.0,473.0,485.0
Alleghany-37503A,688.0,0.0,69.0,1663.0,0.0,0.0,0.0,0.0,0.0,0.0,0.0,0.0,0.0,0.0,0.0,0.0,0.0,0.0,0.0,0.0,0.0,0.0,0.0,0.0,0.0,0.0,0.0,0.0,0.0,0.0,0.0,2420.0,0.0,0.0
Alleghany-37504,176.0,0.0,21.0,755.0,80.0,2.0,4.0,101.0,0.0,0.0,0.0,0.0,1.0,0.0,0.0,0.0,0.0,0.0,0.0,0.0,0.0,0.0,106.0,1.0,0.0,1.0,22.0,1.0,17.0,0.0,152.0,952.0,300.0,187.0
Alleghany-37505,0.0,0.0,0.0,0.0,60.0,0.0,2.0,35.0,0.0,0.0,0.0,0.0,0.0,0.0,0.0,0.0,0.0,0.0,0.0,0.0,2.0,0.0,30.0,2.0,0.0,0.0,20.0,0.0,11.0,0.0,51.0,0.0,116.0,97.0
Alleghany-37506,0.0,0.0,0.0,0.0,43.0,0.0,3.0,59.0,0.0,0.0,0.0,0.0,0.0,0.0,0.0,0.0,0.0,0.0,0.0,0.0,2.0,0.0,54.0,0.0,0.0,1.0,18.0,0.0,8.0,0.0,51.0,0.0,134.0,105.0
Alleghany-37506A,265.0,0.0,23.0,743.0,0.0,0.0,0.0,0.0,0.0,0.0,0.0,0.0,0.0,0.0,0.0,0.0,0.0,0.0,0.0,0.0,0.0,0.0,0.0,0.0,0.0,0.0,0.0,0.0,0.0,0.0,0.0,1031.0,0.0,0.0
Alleghany-37507,0.0,0.0,0.0,0.0,40.0,2.0,2.0,49.0,0.0,0.0,0.0,1.0,0.0,0.0,0.0,0.0,0.0,0.0,0.0,2.0,2.0,0.0,54.0,0.0,0.0,1.0,11.0,1.0,12.0,0.0,83.0,0.0,166.0,93.0
Alleghany-375ABSENTEE,0.0,0.0,0.0,0.0,0.0,0.0,0.0,0.0,0.0,0.0,0.0,0.0,0.0,0.0,0.0,0.0,0.0,0.0,0.0,0.0,0.0,0.0,0.0,0.0,0.0,0.0,0.0,0.0,0.0,0.0,0.0,0.0,0.0,0.0
Anson-377ABSENTEE,135.0,0.0,7.0,85.0,0.0,0.0,0.0,0.0,0.0,0.0,0.0,0.0,0.0,0.0,0.0,0.0,0.0,0.0,0.0,0.0,0.0,0.0,0.0,0.0,0.0,0.0,0.0,0.0,0.0,0.0,0.0,227.0,0.0,0.0
Anson-377ANS,209.0,0.0,9.0,251.0,159.0,0.0,7.0,84.0,0.0,0.0,0.0,0.0,0.0,0.0,0.0,0.0,0.0,0.0,0.0,0.0,1.0,0.0,22.0,0.0,0.0,0.0,5.0,0.0,5.0,0.0,51.0,469.0,84.0,250.0
Anson-377BURN,123.0,0.0,15.0,441.0,89.0,1.0,2.0,93.0,0.0,0.0,0.0,0.0,0.0,0.0,0.0,0.0,0.0,0.0,0.0,1.0,0.0,0.0,122.0,0.0,0.0,2.0,10.0,1.0,11.0,0.0,71.0,579.0,218.0,185.0
Anson-377GULL,132.0,0.0,4.0,174.0,173.0,2.0,4.0,71.0,0.0,0.0,0.0,0.0,0.0,0.0,0.0,0.0,0.0,0.0,0.0,1.0,0.0,1.0,26.0,1.0,0.0,0.0,3.0,0.0,5.0,0.0,44.0,310.0,81.0,250.0
Anson-377LILE,263.0,0.0,9.0,278.0,423.0,2.0,7.0,154.0,0.0,0.0,0.0,0.0,0.0,0.0,0.0,0.0,0.0,0.0,0.0,1.0,1.0,0.0,54.0,0.0,0.0,1.0,9.0,0.0,6.0,0.0,73.0,550.0,145.0,586.0
Anson-377MM,255.0,0.0,2.0,92.0,299.0,0.0,2.0,63.0,0.0,0.0,0.0,0.0,0.0,0.0,0.0,0.0,0.0,0.0,0.0,0.0,0.0,0.0,5.0,0.0,0.0,0.0,3.0,0.0,1.0,0.0,22.0,349.0,31.0,364.0
Anson-377ONE STOP,3724.0,3.0,54.0,2021.0,0.0,0.0,0.0,0.0,0.0,0.0,0.0,0.0,0.0,0.0,0.0,0.0,0.0,0.0,0.0,0.0,0.0,0.0,0.0,0.0,0.0,0.0,0.0,0.0,0.0,0.0,0.0,5802.0,0.0,0.0
Anson-377PEAC,111.0,0.0,8.0,431.0,78.0,1.0,6.0,78.0,0.0,0.0,0.0,0.0,0.0,0.0,0.0,0.0,0.0,0.0,0.0,0.0,1.0,0.0,55.0,0.0,0.0,1.0,11.0,1.0,3.0,0.0,107.0,550.0,179.0,163.0
Anson-377POLK,129.0,0.0,3.0,202.0,66.0,1.0,2.0,50.0,0.0,0.0,0.0,0.0,0.0,0.0,0.0,0.0,0.0,0.0,0.0,1.0,1.0,0.0,34.0,0.0,0.0,0.0,8.0,1.0,2.0,0.0,45.0,334.0,92.0,119.0
Anson-377W1,320.0,0.0,3.0,132.0,372.0,3.0,5.0,93.0,0.0,0.0,0.0,0.0,0.0,0.0,0.0,0.0,0.0,0.0,0.0,0.0,3.0,0.0,42.0,0.0,0.0,0.0,5.0,0.0,7.0,0.0,47.0,455.0,104.0,473.0
Anson-377W2,150.0,0.0,5.0,102.0,286.0,0.0,2.0,74.0,0.0,0.0,0.0,1.0,0.0,0.0,0.0,0.0,0.0,0.0,0.0,0.0,0.0,0.0,18.0,0.0,1.0,1.0,2.0,0.0,3.0,0.0,40.0,257.0,65.0,362.0
Anson-377W3,177.0,0.0,10.0,185.0,348.0,3.0,14.0,147.0,0.0,0.0,0.0,0.0,0.0,0.0,0.0,0.0,0.0,0.0,0.0,1.0,4.0,0.0,47.0,0.0,0.0,0.0,16.0,0.0,18.0,2.0,99.0,372.0,187.0,512.0
Anson-377WS,61.0,0.0,0.0,89.0,33.0,0.0,0.0,20.0,0.0,0.0,0.0,0.0,0.0,0.0,0.0,0.0,0.0,0.0,0.0,0.0,0.0,0.0,19.0,0.0,0.0,0.0,0.0,0.0,5.0,0.0,18.0,150.0,42.0,53.0
Ashe-37902,90.0,0.0,16.0,349.0,59.0,0.0,3.0,66.0,0.0,0.0,0.0,0.0,0.0,0.0,0.0,0.0,0.0,0.0,0.0,3.0,4.0,0.0,85.0,0.0,0.0,3.0,23.0,1.0,12.0,0.0,91.0,455.0,222.0,128.0
Ashe-37903,24.0,0.0,10.0,186.0,7.0,0.0,0.0,16.0,0.0,0.0,0.0,0.0,0.0,0.0,0.0,0.0,0.0,0.0,0.0,0.0,2.0,1.0,48.0,0.0,0.0,0.0,7.0,0.0,6.0,0.0,54.0,220.0,118.0,23.0
Ashe-37904,44.0,0.0,5.0,127.0,11.0,0.0,0.0,32.0,0.0,0.0,0.0,0.0,0.0,0.0,0.0,0.0,0.0,0.0,0.0,1.0,1.0,0.0,42.0,0.0,0.0,0.0,4.0,1.0,4.0,0.0,23.0,176.0,76.0,43.0
Ashe-37906,40.0,0.0,2.0,163.0,19.0,1.0,1.0,29.0,0.0,0.0,0.0,0.0,0.0,0.0,0.0,0.0,0.0,0.0,0.0,0.0,2.0,0.0,20.0,0.0,0.0,0.0,11.0,0.0,3.0,0.0,64.0,205.0,100.0,50.0
Ashe-37907,38.0,0.0,2.0,119.0,13.0,0.0,1.0,29.0,0.0,0.0,0.0,0.0,0.0,0.0,0.0,0.0,0.0,0.0,0.0,0.0,1.0,0.0,20.0,0.0,0.0,2.0,5.0,0.0,3.0,0.0,24.0,159.0,55.0,43.0
Ashe-37908,27.0,0.0,2.0,47.0,18.0,0.0,0.0,8.0,0.0,0.0,0.0,0.0,0.0,0.0,0.0,0.0,0.0,0.0,0.0,1.0,2.0,0.0,11.0,0.0,0.0,0.0,5.0,0.0,0.0,0.0,15.0,76.0,34.0,26.0
Ashe-37909,208.0,0.0,20.0,591.0,132.0,2.0,7.0,122.0,0.0,0.0,0.0,0.0,0.0,0.0,0.0,0.0,0.0,0.0,0.0,0.0,3.0,0.0,157.0,0.0,0.0,2.0,43.0,2.0,30.0,0.0,187.0,819.0,424.0,263.0
Ashe-37910,21.0,0.0,2.0,71.0,8.0,0.0,0.0,9.0,0.0,0.0,0.0,0.0,0.0,0.0,0.0,0.0,0.0,0.0,0.0,1.0,0.0,0.0,15.0,0.0,0.0,0.0,3.0,0.0,0.0,0.0,27.0,94.0,46.0,17.0
Ashe-37911,130.0,0.0,21.0,485.0,102.0,0.0,1.0,82.0,0.0,0.0,0.0,0.0,0.0,0.0,0.0,0.0,0.0,0.0,0.0,0.0,2.0,0.0,89.0,0.0,0.0,2.0,25.0,0.0,21.0,0.0,155.0,636.0,294.0,185.0
Ashe-37912,72.0,0.0,5.0,261.0,25.0,0.0,0.0,45.0,0.0,0.0,0.0,0.0,0.0,0.0,0.0,0.0,0.0,0.0,0.0,2.0,2.0,0.0,67.0,0.0,0.0,0.0,10.0,0.0,13.0,0.0,56.0,338.0,150.0,70.0
Ashe-37913,88.0,0.0,12.0,298.0,43.0,0.0,0.0,45.0,0.0,0.0,0.0,0.0,0.0,0.0,0.0,0.0,0.0,0.0,0.0,0.0,1.0,0.0,71.0,0.0,0.0,0.0,22.0,0.0,2.0,0.0,102.0,398.0,198.0,88.0
Ashe-37914,100.0,0.0,7.0,333.0,92.0,0.0,2.0,98.0,0.0,0.0,0.0,0.0,0.0,0.0,0.0,0.0,0.0,0.0,0.0,0.0,1.0,0.0,128.0,1.0,0.0,3.0,31.0,3.0,29.0,0.0,149.0,440.0,345.0,192.0
Ashe-37915,58.0,0.0,5.0,284.0,34.0,0.0,3.0,32.0,0.0,0.0,0.0,0.0,0.0,0.0,0.0,0.0,0.0,0.0,0.0,0.0,1.0,0.0,61.0,0.0,0.0,0.0,24.0,0.0,6.0,0.0,80.0,347.0,172.0,69.0
Ashe-37916,82.0,0.0,23.0,356.0,51.0,0.0,2.0,73.0,0.0,0.0,0.0,1.0,0.0,0.0,0.0,1.0,0.0,0.0,0.0,2.0,4.0,0.0,156.0,0.0,0.0,2.0,39.0,0.0,20.0,0.0,141.0,461.0,364.0,126.0
Ashe-37917,46.0,0.0,9.0,295.0,21.0,0.0,1.0,25.0,0.0,0.0,0.0,0.0,0.0,0.0,0.0,0.0,0.0,0.0,0.0,2.0,0.0,0.0,62.0,0.0,0.0,4.0,10.0,0.0,7.0,0.0,75.0,350.0,160.0,47.0
Ashe-37918,12.0,0.0,0.0,64.0,4.0,0.0,1.0,10.0,0.0,0.0,0.0,0.0,0.0,0.0,0.0,0.0,0.0,0.0,0.0,0.0,0.0,0.0,13.0,0.0,0.0,1.0,0.0,0.0,0.0,0.0,22.0,76.0,36.0,15.0
Ashe-37920,176.0,0.0,24.0,588.0,134.0,0.0,5.0,127.0,0.0,0.0,0.0,0.0,0.0,0.0,1.0,0.0,0.0,0.0,0.0,6.0,5.0,0.0,142.0,0.0,0.0,1.0,38.0,0.0,29.0,0.0,209.0,788.0,430.0,266.0
Ashe-379ABSENTEE,165.0,0.0,18.0,295.0,45.0,0.0,0.0,19.0,0.0,0.0,0.0,0.0,0.0,0.0,0.0,0.0,0.0,0.0,0.0,0.0,3.0,0.0,34.0,0.0,0.0,0.0,11.0,0.0,6.0,0.0,36.0,478.0,90.0,64.0
Ashe-379ONE STOP,2064.0,0.0,149.0,4458.0,411.0,4.0,14.0,342.0,0.0,0.0,0.0,0.0,0.0,0.0,0.0,0.0,1.0,0.0,1.0,7.0,16.0,2.0,373.0,0.0,0.0,8.0,132.0,3.0,96.0,0.0,490.0,6671.0,1127.0,771.0
Avery-371101,72.0,1.0,7.0,303.0,18.0,0.0,0.0,27.0,0.0,0.0,0.0,0.0,0.0,0.0,0.0,0.0,0.0,0.0,0.0,1.0,7.0,1.0,136.0,0.0,1.0,3.0,29.0,2.0,27.0,0.0,101.0,383.0,308.0,45.0
Avery-371102,238.0,7.0,33.0,550.0,51.0,0.0,2.0,94.0,0.0,0.0,0.0,2.0,0.0,0.0,0.0,0.0,0.0,0.0,0.0,4.0,6.0,1.0,156.0,3.0,0.0,2.0,62.0,2.0,26.0,1.0,226.0,828.0,489.0,147.0
Avery-371103,28.0,0.0,3.0,209.0,5.0,0.0,0.0,11.0,0.0,0.0,0.0,0.0,0.0,0.0,0.0,0.0,0.0,0.0,0.0,1.0,5.0,0.0,78.0,0.0,0.0,1.0,9.0,0.0,8.0,0.0,52.0,240.0,154.0,16.0
Avery-371104,7.0,0.0,0.0,32.0,3.0,0.0,0.0,1.0,0.0,0.0,0.0,0.0,0.0,0.0,0.0,0.0,0.0,0.0,0.0,0.0,0.0,0.0,2.0,0.0,0.0,0.0,0.0,0.0,4.0,0.0,21.0,39.0,27.0,4.0
Avery-371105,13.0,0.0,3.0,116.0,1.0,0.0,0.0,2.0,0.0,0.0,0.0,0.0,0.0,0.0,0.0,0.0,0.0,0.0,0.0,1.0,1.0,0.0,44.0,0.0,0.0,1.0,7.0,0.0,7.0,0.0,43.0,132.0,104.0,3.0
Avery-371106,38.0,2.0,5.0,283.0,11.0,0.0,1.0,14.0,0.0,0.0,0.0,0.0,0.0,0.0,0.0,0.0,0.0,0.0,0.0,2.0,4.0,0.0,40.0,0.0,0.0,2.0,22.0,0.0,6.0,0.0,105.0,328.0,181.0,26.0
Avery-371107,8.0,0.0,3.0,112.0,0.0,0.0,0.0,2.0,0.0,0.0,0.0,0.0,0.0,0.0,0.0,0.0,0.0,0.0,0.0,3.0,1.0,0.0,32.0,0.0,0.0,1.0,8.0,1.0,6.0,0.0,36.0,123.0,88.0,2.0
Avery-371108,23.0,0.0,0.0,145.0,5.0,0.0,0.0,6.0,0.0,0.0,0.0,0.0,0.0,0.0,0.0,0.0,0.0,0.0,0.0,1.0,1.0,1.0,46.0,0.0,0.0,1.0,9.0,1.0,7.0,0.0,59.0,168.0,126.0,11.0
Avery-371109,11.0,1.0,5.0,156.0,2.0,0.0,0.0,6.0,0.0,0.0,0.0,1.0,0.0,0.0,0.0,0.0,0.0,0.0,0.0,0.0,1.0,1.0,43.0,0.0,0.0,1.0,3.0,0.0,19.0,0.0,60.0,173.0,128.0,8.0
Avery-371110,55.0,0.0,6.0,280.0,22.0,0.0,0.0,15.0,0.0,0.0,0.0,0.0,0.0,0.0,0.0,0.0,0.0,0.0,0.0,3.0,6.0,0.0,83.0,0.0,1.0,0.0,23.0,1.0,19.0,0.0,93.0,341.0,229.0,37.0
Avery-371111,53.0,0.0,7.0,127.0,14.0,1.0,1.0,19.0,0.0,0.0,0.0,0.0,0.0,0.0,0.0,0.0,0.0,0.0,0.0,0.0,4.0,0.0,43.0,0.0,0.0,0.0,22.0,1.0,16.0,0.0,53.0,187.0,139.0,35.0
Avery-371112,7.0,0.0,3.0,127.0,4.0,0.0,1.0,4.0,0.0,0.0,0.0,0.0,0.0,0.0,0.0,0.0,0.0,0.0,0.0,0.0,2.0,0.0,37.0,0.0,0.0,2.0,11.0,1.0,9.0,0.0,50.0,137.0,112.0,9.0
Avery-371113,53.0,0.0,4.0,152.0,14.0,0.0,0.0,16.0,0.0,0.0,0.0,0.0,0.0,0.0,0.0,0.0,0.0,0.0,0.0,0.0,1.0,0.0,44.0,1.0,0.0,3.0,18.0,0.0,10.0,0.0,65.0,209.0,142.0,30.0
Avery-371114,34.0,0.0,5.0,241.0,14.0,1.0,0.0,30.0,0.0,0.0,0.0,1.0,0.0,0.0,0.0,0.0,0.0,0.0,0.0,1.0,3.0,0.0,100.0,0.0,0.0,3.0,15.0,0.0,9.0,0.0,99.0,280.0,230.0,45.0
Avery-371115,30.0,0.0,5.0,187.0,10.0,0.0,0.0,16.0,0.0,0.0,0.0,0.0,0.0,0.0,0.0,0.0,0.0,0.0,0.0,2.0,7.0,1.0,66.0,0.0,0.0,2.0,17.0,1.0,11.0,0.0,91.0,222.0,198.0,26.0
Avery-371116,98.0,2.0,10.0,361.0,46.0,0.0,1.0,48.0,0.0,0.0,0.0,0.0,0.0,0.0,0.0,0.0,0.0,0.0,0.0,1.0,6.0,0.0,119.0,0.0,0.0,3.0,44.0,0.0,21.0,0.0,144.0,471.0,338.0,95.0
Avery-371117,27.0,0.0,8.0,240.0,9.0,0.0,1.0,5.0,0.0,0.0,0.0,0.0,0.0,0.0,0.0,0.0,0.0,0.0,1.0,0.0,4.0,1.0,66.0,0.0,0.0,1.0,19.0,0.0,13.0,0.0,73.0,275.0,177.0,15.0
Avery-371118,15.0,2.0,2.0,120.0,3.0,0.0,0.0,7.0,0.0,0.0,0.0,0.0,0.0,0.0,0.0,0.0,0.0,0.0,0.0,0.0,1.0,0.0,56.0,0.0,0.0,0.0,13.0,0.0,3.0,1.0,31.0,139.0,105.0,10.0
Avery-371119,7.0,0.0,1.0,148.0,0.0,0.0,0.0,3.0,0.0,0.0,0.0,0.0,0.0,0.0,0.0,0.0,0.0,0.0,0.0,1.0,2.0,1.0,36.0,0.0,0.0,2.0,6.0,0.0,5.0,0.0,54.0,156.0,107.0,3.0
Avery-3711ABSENTEE,85.0,0.0,8.0,235.0,8.0,0.0,0.0,12.0,0.0,0.0,0.0,0.0,0.0,0.0,0.0,0.0,0.0,0.0,0.0,2.0,2.0,0.0,21.0,2.0,0.0,1.0,16.0,0.0,17.0,0.0,49.0,328.0,110.0,20.0
Avery-3711ONE STOP,775.0,8.0,47.0,2110.0,87.0,0.0,0.0,90.0,0.0,0.0,0.0,0.0,0.0,0.0,0.0,0.0,0.0,0.0,0.0,5.0,16.0,1.0,216.0,1.0,0.0,8.0,67.0,1.0,54.0,0.0,284.0,2940.0,653.0,177.0
Beaufort-3713ABSENTEE,220.0,2.0,15.0,322.0,44.0,0.0,2.0,23.0,0.0,0.0,0.0,1.0,0.0,0.0,0.0,1.0,0.0,0.0,0.0,0.0,2.0,0.0,35.0,0.0,0.0,0.0,11.0,0.0,11.0,0.0,50.0,559.0,109.0,69.0
Beaufort-3713AUROR,153.0,0.0,8.0,157.0,148.0,1.0,2.0,48.0,0.0,0.0,0.0,0.0,0.0,0.0,0.0,0.0,0.0,0.0,0.0,0.0,0.0,0.0,27.0,1.0,0.0,0.0,9.0,0.0,7.0,0.0,90.0,318.0,134.0,199.0
Beaufort-3713BEADM,58.0,0.0,7.0,394.0,36.0,1.0,4.0,52.0,0.0,0.0,0.0,0.0,0.0,0.0,0.0,0.0,0.0,0.0,0.0,1.0,3.0,0.0,145.0,0.0,0.0,0.0,11.0,0.0,13.0,0.0,172.0,459.0,345.0,93.0
Beaufort-3713BELHV,212.0,1.0,12.0,224.0,155.0,1.0,4.0,65.0,0.0,0.0,0.0,0.0,0.0,0.0,0.0,0.0,0.0,0.0,0.0,0.0,2.0,1.0,67.0,0.0,0.0,2.0,15.0,2.0,8.0,0.0,103.0,449.0,200.0,225.0
Beaufort-3713BLCK,140.0,0.0,7.0,150.0,90.0,0.0,3.0,50.0,0.0,0.0,0.0,1.0,0.0,0.0,0.0,0.0,0.0,0.0,0.0,0.0,1.0,0.0,58.0,0.0,0.0,0.0,20.0,1.0,5.0,0.0,56.0,297.0,141.0,143.0
Beaufort-3713CHOCO,256.0,0.0,19.0,415.0,161.0,0.0,7.0,105.0,0.0,0.0,0.0,0.0,0.0,0.0,0.0,0.0,0.0,0.0,0.0,2.0,6.0,0.0,181.0,0.0,0.0,1.0,18.0,0.0,10.0,1.0,196.0,690.0,415.0,273.0
Beaufort-3713EDWAR,130.0,2.0,8.0,181.0,88.0,3.0,2.0,46.0,0.0,0.0,0.0,0.0,0.0,0.0,0.0,0.0,0.0,0.0,0.0,0.0,3.0,0.0,36.0,0.0,0.0,0.0,12.0,0.0,4.0,0.0,52.0,321.0,107.0,139.0
Beaufort-3713GILEA,93.0,0.0,12.0,179.0,84.0,0.0,2.0,51.0,0.0,0.0,0.0,0.0,0.0,0.0,0.0,0.0,0.0,0.0,0.0,1.0,6.0,0.0,128.0,2.0,0.0,0.0,95.0,1.0,27.0,1.0,120.0,284.0,381.0,137.0
Beaufort-3713HB,25.0,1.0,7.0,279.0,20.0,1.0,3.0,44.0,0.0,0.0,0.0,0.0,0.0,0.0,0.0,0.0,0.0,0.0,0.0,1.0,3.0,0.0,78.0,0.0,1.0,0.0,6.0,0.0,8.0,0.0,66.0,312.0,163.0,68.0
Beaufort-3713NCRK,111.0,0.0,7.0,407.0,59.0,1.0,3.0,71.0,0.0,0.0,0.0,0.0,0.0,0.0,0.0,0.0,0.0,0.0,0.0,0.0,4.0,0.0,110.0,0.0,0.0,0.0,26.0,1.0,13.0,1.0,147.0,525.0,302.0,134.0
Beaufort-3713OLDF,154.0,0.0,8.0,217.0,95.0,1.0,2.0,46.0,0.0,0.0,0.0,0.0,0.0,0.0,0.0,0.0,0.0,0.0,0.0,0.0,1.0,0.0,57.0,0.0,0.0,0.0,7.0,1.0,10.0,0.0,81.0,379.0,157.0,144.0
Beaufort-3713OS AUR,316.0,0.0,6.0,266.0,102.0,0.0,1.0,18.0,0.0,0.0,0.0,0.0,0.0,0.0,0.0,0.0,0.0,0.0,0.0,0.0,0.0,1.0,6.0,0.0,0.0,0.0,1.0,0.0,1.0,0.0,17.0,588.0,26.0,121.0
Beaufort-3713OS BEL,338.0,0.0,8.0,542.0,55.0,1.0,2.0,18.0,0.0,0.0,0.0,0.0,0.0,0.0,0.0,0.0,0.0,0.0,0.0,1.0,1.0,0.0,30.0,0.0,0.0,0.0,6.0,0.0,5.0,0.0,34.0,888.0,77.0,76.0
Beaufort-3713OS BOE,4648.0,11.0,158.0,6972.0,727.0,5.0,24.0,343.0,0.0,0.0,0.0,2.0,0.0,0.0,0.0,0.0,0.0,0.0,0.0,1.0,24.0,1.0,540.0,2.0,0.0,5.0,175.0,2.0,96.0,0.0,666.0,11789.0,1512.0,1099.0
Beaufort-3713OS CHO,291.0,2.0,22.0,724.0,0.0,0.0,0.0,0.0,0.0,0.0,0.0,0.0,0.0,0.0,0.0,0.0,0.0,0.0,0.0,0.0,0.0,0.0,0.0,0.0,0.0,0.0,0.0,0.0,0.0,0.0,0.0,1039.0,0.0,0.0
Beaufort-3713OS CHOCO,0.0,0.0,0.0,0.0,53.0,0.0,1.0,38.0,0.0,0.0,0.0,0.0,0.0,0.0,0.0,0.0,0.0,0.0,0.0,1.0,3.0,0.0,73.0,0.0,0.0,2.0,72.0,0.0,19.0,0.0,126.0,0.0,296.0,92.0
Beaufort-3713PANTE,139.0,0.0,11.0,274.0,95.0,1.0,2.0,54.0,0.0,0.0,0.0,2.0,0.0,0.0,0.0,0.0,0.0,0.0,0.0,1.0,2.0,0.0,115.0,0.0,0.0,0.0,3.0,1.0,5.0,0.0,103.0,424.0,230.0,152.0
Beaufort-3713PINET,32.0,0.0,7.0,369.0,15.0,0.0,3.0,34.0,0.0,0.0,0.0,0.0,0.0,0.0,0.0,0.0,0.0,0.0,0.0,0.0,3.0,0.0,80.0,0.0,0.0,0.0,6.0,1.0,8.0,0.0,113.0,408.0,211.0,52.0
Beaufort-3713PSJW3,258.0,0.0,4.0,40.0,169.0,0.0,0.0,43.0,0.0,0.0,0.0,0.0,0.0,0.0,0.0,0.0,0.0,0.0,0.0,0.0,1.0,0.0,26.0,0.0,0.0,0.0,9.0,0.0,5.0,0.0,27.0,302.0,68.0,212.0
Beaufort-3713RVRD,148.0,0.0,17.0,339.0,112.0,2.0,7.0,113.0,0.0,0.0,0.0,0.0,0.0,0.0,0.0,0.0,1.0,0.0,0.0,2.0,8.0,0.0,125.0,0.0,0.0,2.0,32.0,1.0,14.0,0.0,152.0,504.0,336.0,234.0
Beaufort-3713SURBA,121.0,0.0,5.0,580.0,84.0,2.0,7.0,121.0,0.0,0.0,0.0,0.0,0.0,0.0,0.0,0.0,0.0,0.0,0.0,0.0,5.0,0.0,166.0,0.0,0.0,2.0,40.0,2.0,26.0,0.0,201.0,706.0,442.0,214.0
Beaufort-3713TCRK,130.0,1.0,21.0,462.0,99.0,1.0,6.0,94.0,0.0,0.0,0.0,0.0,0.0,0.0,0.0,0.0,0.0,0.0,0.0,0.0,5.0,0.0,201.0,0.0,0.0,0.0,30.0,0.0,16.0,0.0,162.0,614.0,414.0,200.0
Beaufort-3713WASH1,228.0,4.0,11.0,117.0,136.0,1.0,3.0,95.0,0.0,0.0,0.0,1.0,0.0,0.0,0.0,0.0,0.0,0.0,0.0,1.0,1.0,0.0,55.0,0.0,0.0,2.0,7.0,0.0,3.0,0.0,48.0,360.0,117.0,235.0
Beaufort-3713WASH2,189.0,0.0,3.0,74.0,152.0,1.0,6.0,57.0,0.0,0.0,0.0,0.0,0.0,0.0,0.0,0.0,0.0,0.0,0.0,2.0,2.0,0.0,42.0,0.0,0.0,0.0,17.0,1.0,10.0,1.0,38.0,266.0,113.0,216.0
Beaufort-3713WASH4,161.0,0.0,15.0,229.0,122.0,2.0,3.0,72.0,0.0,0.0,0.0,1.0,0.0,0.0,0.0,0.0,0.0,0.0,0.0,1.0,4.0,1.0,110.0,0.0,0.0,1.0,35.0,2.0,20.0,0.0,114.0,405.0,288.0,199.0
Beaufort-3713WASHP,99.0,0.0,12.0,249.0,86.0,1.0,3.0,78.0,0.0,0.0,0.0,1.0,0.0,0.0,0.0,0.0,0.0,0.0,0.0,0.0,7.0,1.0,96.0,2.0,0.0,0.0,19.0,0.0,12.0,1.0,93.0,360.0,231.0,168.0
Beaufort-3713WDPD,72.0,1.0,13.0,339.0,53.0,2.0,9.0,62.0,0.0,0.0,0.0,0.0,0.0,0.0,0.0,0.0,0.0,0.0,0.0,2.0,3.0,0.0,107.0,0.0,0.0,1.0,40.0,0.0,18.0,0.0,143.0,425.0,314.0,126.0
Bertie-3715ABSENTEE,84.0,0.0,3.0,60.0,11.0,0.0,0.0,10.0,0.0,0.0,0.0,0.0,0.0,0.0,0.0,0.0,0.0,0.0,0.0,0.0,1.0,0.0,9.0,0.0,0.0,0.0,0.0,0.0,2.0,0.0,5.0,147.0,17.0,21.0
Bertie-3715C1,105.0,1.0,5.0,169.0,63.0,1.0,7.0,35.0,0.0,0.0,0.0,0.0,0.0,0.0,0.0,0.0,0.0,0.0,0.0,0.0,0.0,0.0,47.0,0.0,0.0,0.0,12.0,0.0,1.0,0.0,34.0,280.0,94.0,106.0
Bertie-3715C2,156.0,0.0,1.0,52.0,155.0,0.0,0.0,54.0,0.0,0.0,0.0,0.0,0.0,0.0,0.0,0.0,0.0,0.0,0.0,0.0,1.0,0.0,19.0,0.0,1.0,0.0,5.0,0.0,0.0,0.0,26.0,209.0,52.0,209.0
Bertie-3715IW,122.0,0.0,0.0,11.0,81.0,0.0,2.0,18.0,0.0,0.0,0.0,0.0,0.0,0.0,0.0,0.0,0.0,0.0,0.0,0.0,0.0,0.0,0.0,0.0,0.0,0.0,0.0,0.0,0.0,0.0,0.0,133.0,0.0,101.0
Bertie-3715M1,118.0,0.0,2.0,140.0,61.0,2.0,4.0,36.0,0.0,0.0,0.0,0.0,0.0,0.0,0.0,0.0,0.0,0.0,0.0,0.0,1.0,0.0,25.0,0.0,0.0,0.0,1.0,0.0,1.0,0.0,21.0,260.0,49.0,103.0
Bertie-3715M2,212.0,0.0,5.0,131.0,101.0,1.0,6.0,33.0,0.0,0.0,0.0,0.0,0.0,0.0,0.0,0.0,0.0,0.0,0.0,0.0,0.0,1.0,19.0,0.0,0.0,0.0,0.0,0.0,4.0,0.0,19.0,348.0,43.0,141.0
Bertie-3715MH,107.0,0.0,5.0,115.0,101.0,0.0,7.0,29.0,0.0,0.0,0.0,0.0,0.0,0.0,0.0,0.0,0.0,0.0,0.0,0.0,1.0,0.0,23.0,0.0,0.0,0.0,3.0,0.0,0.0,0.0,21.0,227.0,48.0,137.0
Bertie-3715OS LOB,0.0,0.0,0.0,0.0,447.0,1.0,9.0,129.0,0.0,0.0,0.0,0.0,0.0,0.0,0.0,0.0,0.0,0.0,0.0,0.0,3.0,1.0,102.0,0.0,0.0,0.0,5.0,0.0,13.0,0.0,61.0,0.0,185.0,586.0
Bertie-3715OS POW,0.0,0.0,0.0,0.0,198.0,1.0,4.0,31.0,0.0,0.0,0.0,0.0,0.0,0.0,0.0,0.0,0.0,0.0,0.0,0.0,0.0,0.0,21.0,0.0,0.0,0.0,2.0,0.0,0.0,0.0,17.0,0.0,40.0,234.0
Bertie-3715OS-LOB,2492.0,2.0,21.0,1396.0,0.0,0.0,0.0,0.0,0.0,0.0,0.0,0.0,0.0,0.0,0.0,0.0,0.0,0.0,0.0,0.0,0.0,0.0,0.0,0.0,0.0,0.0,0.0,0.0,0.0,0.0,0.0,3911.0,0.0,0.0
Bertie-3715OS-POW,916.0,0.0,6.0,494.0,0.0,0.0,0.0,0.0,0.0,0.0,0.0,0.0,0.0,0.0,0.0,0.0,0.0,0.0,0.0,0.0,0.0,0.0,0.0,0.0,0.0,0.0,0.0,0.0,0.0,0.0,0.0,1416.0,0.0,0.0
Bertie-3715RX,366.0,0.0,3.0,105.0,160.0,0.0,1.0,53.0,0.0,0.0,0.0,0.0,0.0,0.0,0.0,0.0,0.0,0.0,0.0,0.0,0.0,0.0,37.0,0.0,0.0,0.0,0.0,0.0,1.0,0.0,31.0,474.0,69.0,214.0
Bertie-3715SN,145.0,0.0,1.0,36.0,128.0,0.0,2.0,26.0,0.0,0.0,0.0,0.0,0.0,0.0,0.0,0.0,0.0,0.0,0.0,0.0,0.0,0.0,9.0,0.0,0.0,0.0,2.0,0.0,0.0,0.0,3.0,182.0,14.0,156.0
Bertie-3715W1,468.0,0.0,8.0,235.0,352.0,0.0,2.0,145.0,0.0,0.0,0.0,0.0,0.0,0.0,0.0,0.0,0.0,0.0,0.0,0.0,1.0,0.0,71.0,0.0,0.0,1.0,7.0,0.0,4.0,0.0,45.0,711.0,129.0,499.0
Bertie-3715W2,9.0,0.0,3.0,271.0,6.0,3.0,7.0,68.0,0.0,0.0,0.0,0.0,0.0,0.0,0.0,0.0,0.0,0.0,0.0,0.0,0.0,0.0,29.0,0.0,0.0,0.0,1.0,0.0,1.0,0.0,14.0,283.0,45.0,84.0
Bertie-3715WD,273.0,0.0,2.0,44.0,119.0,0.0,1.0,41.0,0.0,0.0,0.0,0.0,0.0,0.0,0.0,0.0,0.0,0.0,0.0,0.0,0.0,0.0,6.0,0.0,0.0,0.0,2.0,0.0,0.0,0.0,5.0,319.0,13.0,161.0
Bertie-3715WH,135.0,0.0,3.0,183.0,82.0,0.0,3.0,52.0,0.0,0.0,0.0,0.0,0.0,0.0,0.0,0.0,0.0,0.0,0.0,0.0,1.0,0.0,56.0,0.0,0.0,0.0,3.0,0.0,3.0,0.0,43.0,321.0,106.0,137.0
Bladen-3717ABSENTEE,0.0,0.0,0.0,0.0,447.0,0.0,12.0,38.0,0.0,0.0,0.0,0.0,0.0,0.0,0.0,0.0,0.0,0.0,0.0,0.0,0.0,0.0,8.0,0.0,0.0,0.0,1.0,0.0,5.0,0.0,18.0,0.0,32.0,497.0
Bladen-3717MAIL ABSENTEE,627.0,1.0,18.0,389.0,0.0,0.0,0.0,0.0,0.0,0.0,0.0,0.0,0.0,0.0,0.0,0.0,0.0,0.0,0.0,0.0,0.0,0.0,0.0,0.0,0.0,0.0,0.0,0.0,0.0,0.0,0.0,1035.0,0.0,0.0
Bladen-3717ONE STOP B-BORO,383.0,1.0,22.0,1357.0,0.0,0.0,0.0,0.0,0.0,0.0,0.0,0.0,0.0,0.0,0.0,0.0,0.0,0.0,0.0,0.0,0.0,0.0,0.0,0.0,0.0,0.0,0.0,0.0,0.0,0.0,0.0,1763.0,0.0,0.0
Bladen-3717ONE STOP DUBLIN,587.0,4.0,18.0,1312.0,0.0,0.0,0.0,0.0,0.0,0.0,0.0,0.0,0.0,0.0,0.0,0.0,0.0,0.0,0.0,0.0,0.0,0.0,0.0,0.0,0.0,0.0,0.0,0.0,0.0,0.0,0.0,1921.0,0.0,0.0
Bladen-3717ONE STOP EA,517.0,0.0,4.0,49.0,0.0,0.0,0.0,0.0,0.0,0.0,0.0,0.0,0.0,0.0,0.0,0.0,0.0,0.0,0.0,0.0,0.0,0.0,0.0,0.0,0.0,0.0,0.0,0.0,0.0,0.0,0.0,570.0,0.0,0.0
Bladen-3717ONE STOP LIBRARY,2703.0,2.0,59.0,2521.0,0.0,0.0,0.0,0.0,0.0,0.0,0.0,0.0,0.0,0.0,0.0,0.0,0.0,0.0,0.0,0.0,0.0,0.0,0.0,0.0,0.0,0.0,0.0,0.0,0.0,0.0,0.0,5285.0,0.0,0.0
Bladen-3717OS B-BORO,0.0,0.0,0.0,0.0,139.0,1.0,12.0,115.0,0.0,0.0,0.0,1.0,0.0,0.0,0.0,0.0,0.0,0.0,0.0,1.0,2.0,0.0,37.0,0.0,0.0,2.0,3.0,0.0,3.0,0.0,92.0,0.0,140.0,267.0
Bladen-3717OS DUBLIN,0.0,0.0,0.0,0.0,123.0,1.0,7.0,102.0,0.0,0.0,0.0,0.0,0.0,0.0,0.0,0.0,0.0,0.0,0.0,0.0,0.0,0.0,67.0,0.0,0.0,1.0,6.0,0.0,9.0,0.0,99.0,0.0,182.0,233.0
Bladen-3717OS EA,0.0,0.0,0.0,0.0,254.0,0.0,0.0,16.0,0.0,0.0,0.0,0.0,0.0,0.0,0.0,0.0,0.0,0.0,0.0,0.0,0.0,0.0,0.0,0.0,0.0,0.0,0.0,0.0,0.0,0.0,0.0,0.0,0.0,270.0
Bladen-3717OS LIBRARY,0.0,0.0,0.0,0.0,922.0,14.0,20.0,264.0,0.0,0.0,0.0,0.0,0.0,0.0,0.0,0.0,0.0,0.0,0.0,0.0,5.0,0.0,131.0,0.0,0.0,1.0,14.0,4.0,25.0,1.0,251.0,0.0,432.0,1220.0
Bladen-3717P10,117.0,0.0,3.0,141.0,76.0,1.0,3.0,28.0,0.0,0.0,0.0,0.0,0.0,0.0,0.0,0.0,0.0,0.0,0.0,0.0,1.0,0.0,22.0,0.0,0.0,0.0,1.0,0.0,6.0,0.0,34.0,261.0,64.0,108.0
Bladen-3717P15,158.0,1.0,12.0,359.0,111.0,3.0,19.0,137.0,0.0,0.0,0.0,0.0,0.0,0.0,0.0,0.0,0.0,0.0,0.0,0.0,1.0,0.0,95.0,0.0,0.0,0.0,7.0,0.0,3.0,0.0,132.0,530.0,238.0,270.0
Bladen-3717P201,60.0,0.0,6.0,185.0,47.0,7.0,11.0,74.0,0.0,0.0,0.0,3.0,0.0,0.0,0.0,0.0,0.0,0.0,0.0,0.0,1.0,0.0,41.0,0.0,0.0,1.0,6.0,0.0,3.0,0.0,58.0,251.0,110.0,139.0
Bladen-3717P202,164.0,0.0,3.0,269.0,109.0,2.0,5.0,110.0,0.0,0.0,0.0,0.0,0.0,0.0,0.0,0.0,0.0,0.0,0.0,3.0,4.0,0.0,61.0,0.0,0.0,0.0,2.0,1.0,1.0,0.0,98.0,436.0,170.0,226.0
Bladen-3717P25,168.0,1.0,10.0,191.0,87.0,3.0,2.0,62.0,0.0,0.0,0.0,0.0,0.0,0.0,0.0,0.0,0.0,0.0,0.0,0.0,2.0,0.0,17.0,0.0,0.0,0.0,3.0,0.0,0.0,0.0,59.0,370.0,81.0,154.0
Bladen-3717P30,143.0,0.0,5.0,68.0,111.0,0.0,3.0,20.0,0.0,0.0,0.0,0.0,0.0,0.0,0.0,0.0,0.0,0.0,0.0,0.0,1.0,0.0,6.0,0.0,0.0,0.0,0.0,0.0,0.0,0.0,13.0,216.0,20.0,134.0
Bladen-3717P35,74.0,0.0,2.0,81.0,44.0,0.0,2.0,47.0,0.0,0.0,0.0,0.0,0.0,0.0,0.0,0.0,0.0,0.0,0.0,0.0,0.0,0.0,6.0,0.0,0.0,0.0,4.0,0.0,0.0,0.0,28.0,157.0,38.0,93.0
Bladen-3717P40,93.0,1.0,7.0,248.0,74.0,3.0,3.0,75.0,0.0,0.0,0.0,0.0,0.0,0.0,0.0,0.0,0.0,0.0,0.0,0.0,0.0,0.0,32.0,0.0,0.0,0.0,9.0,0.0,6.0,0.0,120.0,349.0,167.0,155.0
Bladen-3717P45,60.0,0.0,9.0,145.0,28.0,1.0,4.0,26.0,0.0,0.0,0.0,0.0,0.0,0.0,0.0,0.0,0.0,0.0,0.0,0.0,0.0,0.0,17.0,0.0,0.0,0.0,5.0,0.0,1.0,0.0,31.0,214.0,54.0,59.0
Bladen-3717P501,273.0,0.0,4.0,159.0,228.0,3.0,8.0,111.0,0.0,0.0,0.0,0.0,0.0,0.0,0.0,0.0,0.0,0.0,0.0,1.0,4.0,0.0,44.0,0.0,0.0,0.0,10.0,0.0,8.0,0.0,58.0,436.0,125.0,350.0
Bladen-3717P502,150.0,0.0,4.0,94.0,88.0,0.0,1.0,49.0,0.0,0.0,0.0,0.0,0.0,0.0,0.0,0.0,0.0,0.0,0.0,0.0,0.0,0.0,29.0,0.0,0.0,0.0,3.0,0.0,5.0,0.0,50.0,248.0,87.0,138.0
Bladen-3717P55,111.0,0.0,3.0,174.0,83.0,0.0,1.0,28.0,0.0,0.0,0.0,1.0,0.0,0.0,0.0,0.0,0.0,0.0,0.0,0.0,2.0,0.0,18.0,0.0,0.0,0.0,4.0,0.0,4.0,0.0,31.0,288.0,59.0,112.0
Bladen-3717P60,215.0,0.0,10.0,187.0,138.0,1.0,9.0,77.0,0.0,0.0,0.0,2.0,0.0,0.0,0.0,0.0,0.0,0.0,0.0,0.0,4.0,0.0,49.0,0.0,0.0,0.0,4.0,1.0,3.0,0.0,57.0,412.0,118.0,225.0
Bladen-3717P65,51.0,0.0,7.0,151.0,51.0,0.0,1.0,16.0,0.0,0.0,0.0,0.0,0.0,0.0,0.0,0.0,0.0,0.0,0.0,0.0,2.0,0.0,47.0,0.0,0.0,0.0,6.0,0.0,6.0,0.0,55.0,209.0,116.0,68.0
Bladen-3717P70,60.0,0.0,1.0,97.0,55.0,3.0,0.0,22.0,0.0,0.0,0.0,0.0,0.0,0.0,0.0,0.0,0.0,0.0,0.0,0.0,0.0,1.0,8.0,0.0,0.0,0.0,0.0,1.0,3.0,0.0,12.0,158.0,25.0,80.0
Bladen-3717P75,203.0,0.0,3.0,123.0,156.0,0.0,3.0,53.0,0.0,0.0,0.0,0.0,0.0,0.0,0.0,0.0,0.0,0.0,0.0,0.0,1.0,0.0,18.0,0.0,0.0,0.0,3.0,0.0,0.0,0.0,29.0,329.0,51.0,212.0
Bladen-3717P80,118.0,0.0,2.0,221.0,74.0,3.0,0.0,54.0,0.0,0.0,0.0,0.0,0.0,0.0,0.0,0.0,0.0,0.0,0.0,0.0,2.0,0.0,49.0,0.0,0.0,0.0,2.0,0.0,6.0,0.0,74.0,341.0,133.0,131.0
Brunswick-371901,469.0,1.0,20.0,634.0,201.0,1.0,6.0,83.0,0.0,0.0,0.0,0.0,0.0,0.0,0.0,0.0,0.0,0.0,0.0,0.0,5.0,1.0,73.0,0.0,0.0,4.0,11.0,1.0,7.0,1.0,136.0,1124.0,239.0,291.0
Brunswick-371902,1552.0,8.0,115.0,1922.0,432.0,1.0,5.0,243.0,0.0,1.0,0.0,0.0,0.0,0.0,0.0,0.0,0.0,0.0,0.0,4.0,10.0,0.0,224.0,1.0,1.0,2.0,73.0,2.0,61.0,2.0,350.0,3597.0,730.0,681.0
Brunswick-371903,517.0,2.0,28.0,394.0,165.0,0.0,5.0,89.0,0.0,0.0,0.0,3.0,0.0,0.0,0.0,0.0,0.0,0.0,0.0,0.0,1.0,0.0,35.0,0.0,0.0,1.0,19.0,0.0,17.0,0.0,80.0,941.0,153.0,259.0
Brunswick-371904A,2354.0,10.0,155.0,3146.0,689.0,2.0,4.0,404.0,1.0,1.0,0.0,1.0,0.0,1.0,0.0,0.0,0.0,0.0,0.0,2.0,12.0,1.0,410.0,1.0,0.0,4.0,315.0,4.0,196.0,1.0,730.0,5665.0,1676.0,1099.0
Brunswick-371904B1,937.0,5.0,89.0,1450.0,352.0,0.0,5.0,169.0,0.0,0.0,0.0,0.0,0.0,0.0,0.0,0.0,0.0,0.0,0.0,2.0,6.0,3.0,194.0,1.0,0.0,1.0,199.0,2.0,76.0,1.0,412.0,2481.0,897.0,526.0
Brunswick-371904C1,816.0,1.0,63.0,1094.0,253.0,0.0,6.0,130.0,0.0,0.0,0.0,1.0,0.0,0.0,0.0,0.0,0.0,0.0,0.0,1.0,5.0,1.0,131.0,0.0,0.0,2.0,109.0,1.0,52.0,1.0,289.0,1974.0,592.0,389.0
Brunswick-371905,702.0,5.0,81.0,1617.0,201.0,3.0,11.0,151.0,0.0,0.0,0.0,1.0,0.0,0.0,0.0,0.0,0.0,0.0,0.0,2.0,9.0,1.0,176.0,0.0,0.0,1.0,45.0,1.0,35.0,0.0,366.0,2405.0,636.0,366.0
Brunswick-371906,336.0,1.0,23.0,631.0,116.0,0.0,5.0,56.0,0.0,0.0,0.0,1.0,0.0,0.0,0.0,0.0,0.0,0.0,0.0,1.0,2.0,0.0,84.0,1.0,0.0,0.0,16.0,1.0,15.0,0.0,166.0,991.0,286.0,177.0
Brunswick-371907,836.0,3.0,62.0,1321.0,248.0,2.0,3.0,158.0,0.0,1.0,0.0,0.0,0.0,0.0,0.0,0.0,0.0,0.0,0.0,4.0,7.0,1.0,137.0,1.0,0.0,3.0,155.0,0.0,77.0,0.0,374.0,2222.0,759.0,411.0
Brunswick-371908,1238.0,1.0,92.0,2055.0,397.0,1.0,6.0,269.0,0.0,1.0,0.0,0.0,0.0,0.0,0.0,0.0,1.0,0.0,0.0,2.0,9.0,4.0,235.0,1.0,0.0,3.0,252.0,1.0,114.0,3.0,605.0,3386.0,1229.0,673.0
Brunswick-371909,285.0,1.0,20.0,487.0,85.0,1.0,1.0,83.0,0.0,0.0,0.0,0.0,0.0,0.0,0.0,0.0,0.0,0.0,0.0,2.0,5.0,1.0,71.0,1.0,0.0,0.0,71.0,1.0,22.0,0.0,167.0,793.0,341.0,170.0
Brunswick-371910A,731.0,2.0,50.0,1555.0,238.0,2.0,2.0,133.0,0.0,0.0,1.0,1.0,0.0,0.0,0.0,0.0,1.0,1.0,0.0,2.0,5.0,1.0,176.0,1.0,0.0,2.0,162.0,1.0,73.0,0.0,487.0,2338.0,910.0,375.0
Brunswick-371910B,1417.0,4.0,80.0,2269.0,452.0,2.0,3.0,150.0,0.0,0.0,0.0,1.0,1.0,0.0,1.0,0.0,0.0,0.0,0.0,5.0,9.0,3.0,287.0,1.0,0.0,1.0,578.0,1.0,197.0,0.0,691.0,3770.0,1773.0,607.0
Brunswick-371911,670.0,0.0,31.0,741.0,297.0,3.0,1.0,104.0,0.0,0.0,0.0,1.0,0.0,0.0,0.0,0.0,0.0,0.0,0.0,1.0,4.0,0.0,76.0,0.0,0.0,2.0,11.0,0.0,19.0,0.0,179.0,1442.0,292.0,405.0
Brunswick-371912,558.0,3.0,46.0,1444.0,184.0,1.0,8.0,144.0,0.0,0.0,0.0,1.0,0.0,0.0,0.0,0.0,0.0,0.0,0.0,10.0,8.0,1.0,188.0,0.0,0.0,0.0,89.0,0.0,38.0,2.0,361.0,2051.0,697.0,337.0
Brunswick-371913,622.0,1.0,46.0,1390.0,175.0,2.0,5.0,126.0,0.0,0.0,0.0,2.0,0.0,0.0,0.0,0.0,0.0,0.0,0.0,1.0,6.0,0.0,133.0,1.0,0.0,1.0,49.0,0.0,45.0,1.0,353.0,2059.0,590.0,308.0
Brunswick-371914,759.0,1.0,70.0,2119.0,261.0,0.0,12.0,192.0,0.0,1.0,0.0,0.0,0.0,0.0,0.0,0.0,0.0,0.0,0.0,6.0,12.0,1.0,206.0,1.0,0.0,6.0,174.0,1.0,66.0,3.0,610.0,2949.0,1086.0,465.0
Brunswick-371915,1116.0,9.0,75.0,2657.0,369.0,1.0,4.0,204.0,0.0,0.0,0.0,0.0,0.0,0.0,0.0,0.0,0.0,0.0,0.0,0.0,7.0,4.0,261.0,2.0,0.0,1.0,271.0,1.0,109.0,1.0,802.0,3857.0,1459.0,578.0
Brunswick-371916,1004.0,3.0,65.0,2184.0,326.0,0.0,2.0,172.0,0.0,0.0,0.0,0.0,0.0,0.0,0.0,0.0,0.0,0.0,0.0,4.0,6.0,1.0,194.0,0.0,1.0,0.0,262.0,0.0,76.0,2.0,699.0,3256.0,1245.0,500.0
Brunswick-371917,1392.0,6.0,63.0,2384.0,470.0,5.0,8.0,186.0,0.0,0.0,1.0,0.0,0.0,0.0,0.0,0.0,0.0,0.0,0.0,7.0,7.0,1.0,254.0,0.0,0.0,2.0,171.0,1.0,94.0,0.0,738.0,3845.0,1275.0,669.0
Brunswick-371918,278.0,1.0,22.0,879.0,108.0,5.0,2.0,73.0,0.0,0.0,0.0,0.0,0.0,0.0,0.0,0.0,0.0,0.0,0.0,3.0,5.0,0.0,86.0,1.0,0.0,0.0,20.0,0.0,16.0,0.0,251.0,1180.0,382.0,188.0
Brunswick-371919,848.0,5.0,58.0,1993.0,275.0,1.0,7.0,202.0,1.0,1.0,0.0,1.0,0.0,0.0,0.0,0.0,0.0,0.0,0.0,2.0,7.0,0.0,194.0,0.0,0.0,2.0,129.0,2.0,61.0,0.0,670.0,2904.0,1067.0,485.0
Brunswick-371920,533.0,5.0,49.0,1636.0,178.0,2.0,2.0,144.0,0.0,0.0,0.0,2.0,0.0,0.0,0.0,0.0,0.0,0.0,0.0,1.0,7.0,2.0,180.0,0.0,0.0,5.0,95.0,0.0,45.0,0.0,494.0,2223.0,829.0,326.0
Brunswick-371921,773.0,9.0,105.0,2146.0,176.0,1.0,4.0,216.0,1.0,0.0,0.0,4.0,0.0,0.0,0.0,0.0,0.0,0.0,0.0,1.0,11.0,1.0,263.0,1.0,0.0,5.0,98.0,5.0,58.0,2.0,610.0,3033.0,1055.0,397.0
Brunswick-371922,541.0,3.0,70.0,1180.0,183.0,0.0,3.0,143.0,0.0,0.0,0.0,0.0,0.0,0.0,0.0,0.0,0.0,0.0,0.0,6.0,5.0,1.0,120.0,0.0,0.0,3.0,87.0,3.0,39.0,0.0,329.0,1794.0,593.0,329.0
Brunswick-371923,557.0,3.0,59.0,1224.0,189.0,1.0,3.0,164.0,0.0,0.0,0.0,0.0,0.0,0.0,0.0,1.0,0.0,0.0,0.0,5.0,3.0,0.0,137.0,0.0,0.0,1.0,114.0,1.0,54.0,1.0,409.0,1843.0,725.0,357.0
Brunswick-3719ABSENTEE MAIL,930.0,2.0,57.0,1383.0,97.0,1.0,2.0,52.0,0.0,0.0,0.0,0.0,0.0,0.0,0.0,0.0,0.0,0.0,0.0,6.0,5.0,1.0,66.0,0.0,0.0,0.0,50.0,0.0,69.0,0.0,171.0,2372.0,368.0,152.0
Buncombe-372101.1,288.0,10.0,21.0,69.0,321.0,0.0,1.0,433.0,0.0,0.0,0.0,4.0,0.0,0.0,0.0,0.0,0.0,0.0,1.0,0.0,2.0,1.0,26.0,1.0,0.0,0.0,36.0,0.0,7.0,0.0,29.0,388.0,102.0,755.0
Buncombe-372102.1,401.0,26.0,16.0,49.0,432.0,0.0,1.0,998.0,0.0,0.0,0.0,1.0,0.0,0.0,0.0,0.0,0.0,0.0,1.0,0.0,2.0,0.0,15.0,0.0,0.0,0.0,20.0,3.0,19.0,0.0,18.0,492.0,77.0,1431.0
Buncombe-372103.1,378.0,27.0,19.0,53.0,285.0,2.0,3.0,865.0,0.0,0.0,0.0,0.0,0.0,0.0,0.0,0.0,0.0,0.0,0.0,0.0,0.0,0.0,36.0,1.0,0.0,1.0,22.0,1.0,15.0,0.0,15.0,477.0,91.0,1155.0
Buncombe-372104.1,207.0,6.0,13.0,79.0,306.0,1.0,0.0,426.0,0.0,0.0,0.0,1.0,0.0,0.0,0.0,0.0,0.0,0.0,0.0,0.0,4.0,0.0,34.0,0.0,0.0,0.0,62.0,1.0,21.0,0.0,25.0,305.0,147.0,733.0
Buncombe-372105.1,234.0,5.0,27.0,161.0,512.0,4.0,3.0,578.0,0.0,1.0,0.0,3.0,0.0,0.0,0.0,0.0,0.0,0.0,0.0,0.0,5.0,0.0,103.0,1.0,0.0,0.0,144.0,1.0,35.0,0.0,105.0,427.0,394.0,1097.0
Buncombe-372106.1,186.0,10.0,10.0,111.0,234.0,0.0,5.0,349.0,0.0,0.0,0.0,1.0,0.0,0.0,0.0,0.0,0.0,0.0,0.0,2.0,0.0,0.0,64.0,0.0,0.0,0.0,20.0,0.0,12.0,0.0,45.0,317.0,143.0,588.0
Buncombe-372107.1,358.0,8.0,17.0,88.0,294.0,0.0,1.0,539.0,0.0,0.0,0.0,0.0,0.0,0.0,0.0,0.0,0.0,0.0,0.0,0.0,0.0,0.0,36.0,0.0,1.0,2.0,43.0,1.0,11.0,0.0,39.0,471.0,133.0,834.0
Buncombe-372108.2,332.0,5.0,16.0,142.0,306.0,0.0,3.0,409.0,0.0,0.0,0.0,2.0,0.0,0.0,0.0,0.0,0.0,0.0,0.0,3.0,2.0,0.0,82.0,0.0,0.0,2.0,33.0,0.0,26.0,0.0,64.0,495.0,212.0,718.0
Buncombe-372108.3,356.0,4.0,23.0,142.0,317.0,0.0,7.0,469.0,0.0,1.0,0.0,1.0,0.0,0.0,0.0,0.0,0.0,0.0,0.0,3.0,2.0,0.0,60.0,0.0,0.0,2.0,21.0,2.0,12.0,0.0,64.0,525.0,166.0,793.0
Buncombe-372109.1,404.0,11.0,52.0,204.0,328.0,1.0,3.0,764.0,0.0,0.0,0.0,3.0,0.0,0.0,1.0,0.0,0.0,0.0,0.0,2.0,5.0,0.0,119.0,0.0,0.0,2.0,30.0,3.0,24.0,0.0,100.0,671.0,285.0,1096.0
Buncombe-372110.1,284.0,12.0,6.0,34.0,255.0,0.0,1.0,286.0,0.0,0.0,0.0,0.0,0.0,0.0,0.0,0.0,0.0,0.0,0.0,0.0,0.0,0.0,3.0,1.0,0.0,0.0,8.0,0.0,2.0,0.0,11.0,336.0,25.0,542.0
Buncombe-372111.1,244.0,11.0,14.0,32.0,175.0,0.0,1.0,309.0,0.0,0.0,1.0,0.0,0.0,0.0,0.0,0.0,0.0,0.0,0.0,0.0,0.0,0.0,5.0,0.0,0.0,1.0,9.0,2.0,3.0,0.0,9.0,301.0,29.0,485.0
Buncombe-372112.1,353.0,15.0,12.0,83.0,201.0,2.0,4.0,777.0,0.0,0.0,0.0,0.0,0.0,0.0,0.0,0.0,0.0,0.0,1.0,0.0,2.0,0.0,32.0,1.0,0.0,0.0,13.0,2.0,10.0,0.0,43.0,463.0,103.0,984.0
Buncombe-372113.1,383.0,15.0,22.0,83.0,199.0,0.0,2.0,740.0,0.0,0.0,0.0,2.0,0.0,0.0,0.0,0.0,0.0,0.0,0.0,0.0,3.0,0.0,34.0,0.0,0.0,0.0,21.0,1.0,11.0,1.0,25.0,503.0,96.0,941.0
Buncombe-372114.2,312.0,7.0,13.0,139.0,209.0,2.0,3.0,606.0,0.0,0.0,0.0,1.0,0.0,0.0,0.0,0.0,1.0,0.0,0.0,3.0,0.0,0.0,51.0,0.0,0.0,0.0,13.0,1.0,9.0,0.0,38.0,471.0,115.0,820.0
Buncombe-372114.3,197.0,10.0,26.0,102.0,86.0,1.0,2.0,326.0,0.0,1.0,0.0,1.0,0.0,0.0,0.0,0.0,0.0,0.0,1.0,0.0,3.0,0.0,39.0,1.0,0.0,0.0,11.0,0.0,4.0,0.0,32.0,335.0,90.0,415.0
Buncombe-372115.1,304.0,12.0,19.0,106.0,242.0,1.0,2.0,779.0,1.0,1.0,0.0,1.0,0.0,0.0,0.0,0.0,0.0,0.0,0.0,1.0,0.0,0.0,62.0,0.0,0.0,0.0,32.0,1.0,5.0,0.0,40.0,441.0,141.0,1024.0
Buncombe-372116.2,327.0,20.0,26.0,121.0,222.0,3.0,4.0,798.0,0.0,1.0,0.0,4.0,0.0,0.0,0.0,0.0,0.0,0.0,0.0,1.0,1.0,0.0,76.0,1.0,0.0,0.0,25.0,2.0,14.0,0.0,58.0,494.0,178.0,1027.0
Buncombe-372117.1,233.0,7.0,13.0,73.0,301.0,0.0,1.0,432.0,0.0,0.0,0.0,3.0,0.0,0.0,0.0,0.0,0.0,0.0,0.0,0.0,0.0,0.0,39.0,1.0,0.0,0.0,47.0,0.0,20.0,0.0,55.0,326.0,162.0,734.0
Buncombe-372118.2,405.0,4.0,52.0,345.0,552.0,3.0,6.0,540.0,0.0,0.0,1.0,1.0,0.0,0.0,0.0,0.0,0.0,0.0,0.0,7.0,5.0,1.0,258.0,2.0,0.0,2.0,256.0,1.0,132.0,2.0,256.0,806.0,922.0,1101.0
Buncombe-372119.1,130.0,2.0,16.0,86.0,113.0,0.0,0.0,172.0,0.0,0.0,0.0,0.0,0.0,0.0,0.0,0.0,0.0,0.0,0.0,0.0,2.0,0.0,48.0,0.0,0.0,0.0,31.0,0.0,15.0,0.0,53.0,234.0,149.0,285.0
Buncombe-372120.1,124.0,6.0,19.0,40.0,169.0,0.0,3.0,259.0,0.0,0.0,0.0,0.0,0.0,0.0,0.0,0.0,0.0,0.0,1.0,1.0,1.0,0.0,13.0,0.0,0.0,0.0,19.0,0.0,11.0,0.0,27.0,189.0,72.0,431.0
Buncombe-372121.1,336.0,8.0,25.0,230.0,338.0,3.0,11.0,492.0,0.0,0.0,0.0,2.0,0.0,1.0,0.0,0.0,0.0,0.0,0.0,0.0,7.0,0.0,132.0,0.0,0.0,1.0,54.0,2.0,28.0,0.0,109.0,599.0,333.0,844.0
Buncombe-372122.2,283.0,10.0,16.0,140.0,480.0,1.0,5.0,503.0,0.0,0.0,0.0,0.0,0.0,0.0,0.0,0.0,0.0,0.0,0.0,2.0,0.0,0.0,87.0,0.0,0.0,0.0,87.0,5.0,38.0,1.0,76.0,449.0,296.0,989.0
Buncombe-372123.2,54.0,0.0,2.0,28.0,98.0,1.0,1.0,77.0,0.0,0.0,0.0,0.0,0.0,0.0,0.0,0.0,0.0,0.0,0.0,1.0,0.0,0.0,24.0,0.0,0.0,0.0,25.0,0.0,7.0,0.0,13.0,84.0,70.0,177.0
Buncombe-372123.3,113.0,1.0,10.0,94.0,167.0,0.0,3.0,197.0,0.0,0.0,1.0,0.0,0.0,0.0,0.0,0.0,0.0,0.0,0.0,2.0,0.0,0.0,72.0,0.0,0.0,0.0,47.0,0.0,21.0,0.0,45.0,218.0,187.0,367.0
Buncombe-372124.1,206.0,8.0,22.0,238.0,173.0,4.0,5.0,437.0,0.0,0.0,0.0,4.0,0.0,0.0,0.0,0.0,0.0,0.0,0.0,1.0,6.0,0.0,125.0,0.0,0.0,1.0,47.0,1.0,26.0,1.0,114.0,474.0,322.0,619.0
Buncombe-372125.1,240.0,10.0,36.0,222.0,264.0,2.0,3.0,487.0,0.0,1.0,0.0,3.0,0.0,0.0,0.0,0.0,0.0,0.0,1.0,0.0,3.0,0.0,100.0,0.0,0.0,0.0,31.0,1.0,20.0,0.0,81.0,508.0,236.0,756.0
Buncombe-372126.1,229.0,12.0,17.0,125.0,135.0,1.0,1.0,491.0,0.0,0.0,1.0,3.0,0.0,0.0,0.0,0.0,0.0,0.0,0.0,1.0,3.0,1.0,51.0,0.0,0.0,1.0,12.0,1.0,17.0,0.0,39.0,383.0,126.0,628.0
Buncombe-372127.2,84.0,1.0,0.0,58.0,151.0,1.0,0.0,165.0,0.0,0.0,0.0,1.0,0.0,0.0,0.0,0.0,0.0,0.0,1.0,0.0,1.0,0.0,28.0,0.0,0.0,1.0,28.0,1.0,12.0,0.0,39.0,143.0,110.0,317.0
Buncombe-372128.1,256.0,17.0,24.0,61.0,233.0,0.0,2.0,850.0,0.0,1.0,0.0,4.0,0.0,0.0,0.0,0.0,0.0,0.0,0.0,2.0,0.0,0.0,36.0,0.0,0.0,0.0,43.0,0.0,20.0,0.0,31.0,358.0,132.0,1085.0
Buncombe-372129.2,248.0,4.0,22.0,231.0,366.0,1.0,2.0,369.0,0.0,0.0,0.0,1.0,0.0,0.0,0.0,0.0,0.0,0.0,0.0,5.0,7.0,1.0,151.0,3.0,0.0,1.0,114.0,0.0,51.0,1.0,111.0,505.0,445.0,738.0
Buncombe-372130.2,177.0,6.0,22.0,258.0,148.0,0.0,4.0,204.0,0.0,1.0,0.0,1.0,0.0,0.0,0.0,0.0,0.0,0.0,0.0,0.0,0.0,0.0,150.0,1.0,0.0,1.0,85.0,0.0,37.0,0.0,147.0,463.0,421.0,356.0
Buncombe-372130.3,213.0,3.0,26.0,292.0,218.0,1.0,6.0,259.0,0.0,0.0,0.0,1.0,0.0,0.0,0.0,0.0,0.0,0.0,0.0,4.0,4.0,1.0,260.0,0.0,1.0,2.0,106.0,1.0,61.0,0.0,193.0,534.0,633.0,484.0
Buncombe-372131.1,229.0,0.0,21.0,305.0,180.0,0.0,3.0,127.0,0.0,0.0,0.0,0.0,0.0,0.0,0.0,1.0,0.0,0.0,0.0,4.0,1.0,0.0,82.0,0.0,0.0,0.0,171.0,0.0,47.0,0.0,122.0,555.0,427.0,310.0
Buncombe-372132.1,146.0,5.0,22.0,236.0,150.0,0.0,1.0,276.0,0.0,0.0,0.0,1.0,0.0,0.0,0.0,0.0,0.0,0.0,0.0,0.0,8.0,0.0,162.0,1.0,0.0,1.0,59.0,1.0,45.0,0.0,87.0,409.0,364.0,427.0
Buncombe-372133.2,116.0,4.0,14.0,137.0,140.0,2.0,0.0,220.0,0.0,0.0,0.0,0.0,0.0,0.0,0.0,0.0,0.0,0.0,0.0,3.0,1.0,0.0,100.0,0.0,0.0,0.0,24.0,0.0,18.0,0.0,69.0,271.0,215.0,362.0
Buncombe-372133.3,161.0,5.0,30.0,215.0,163.0,1.0,2.0,307.0,0.0,0.0,0.0,0.0,0.0,0.0,0.0,0.0,0.0,0.0,0.0,0.0,3.0,1.0,136.0,0.0,0.0,1.0,42.0,0.0,27.0,0.0,95.0,411.0,305.0,473.0
Buncombe-372134.1,112.0,5.0,21.0,129.0,118.0,0.0,3.0,234.0,0.0,0.0,0.0,1.0,0.0,0.0,0.0,0.0,0.0,0.0,0.0,4.0,2.0,2.0,71.0,0.0,0.0,2.0,37.0,1.0,21.0,0.0,53.0,267.0,193.0,355.0
Buncombe-372135.1,170.0,5.0,18.0,151.0,259.0,1.0,2.0,294.0,0.0,1.0,0.0,0.0,0.0,0.0,0.0,0.0,0.0,0.0,0.0,3.0,4.0,0.0,83.0,0.0,1.0,0.0,58.0,2.0,35.0,1.0,57.0,344.0,244.0,556.0
Buncombe-372136.1,171.0,4.0,26.0,230.0,182.0,1.0,5.0,282.0,0.0,0.0,0.0,1.0,0.0,0.0,0.0,0.0,0.0,0.0,0.0,0.0,7.0,2.0,160.0,1.0,0.0,1.0,73.0,3.0,34.0,0.0,90.0,431.0,371.0,470.0
Buncombe-372137.1,119.0,7.0,19.0,282.0,110.0,0.0,8.0,209.0,0.0,0.0,0.0,0.0,0.0,0.0,0.0,0.0,0.0,0.0,1.0,0.0,1.0,0.0,130.0,3.0,0.0,0.0,33.0,0.0,20.0,1.0,118.0,427.0,306.0,327.0
Buncombe-372138.2,85.0,2.0,20.0,275.0,134.0,2.0,5.0,173.0,0.0,0.0,0.0,0.0,0.0,0.0,0.0,0.0,0.0,0.0,0.0,1.0,5.0,1.0,248.0,0.0,0.0,1.0,63.0,1.0,44.0,0.0,108.0,382.0,472.0,314.0
Buncombe-372138.3,175.0,5.0,35.0,393.0,207.0,1.0,7.0,362.0,0.0,0.0,0.0,3.0,0.0,0.0,0.0,0.0,0.0,1.0,1.0,3.0,6.0,0.0,335.0,0.0,0.0,2.0,105.0,3.0,60.0,0.0,245.0,608.0,759.0,577.0
Buncombe-372139.2,131.0,3.0,14.0,146.0,134.0,1.0,3.0,277.0,0.0,0.0,0.0,0.0,0.0,0.0,0.0,0.0,0.0,0.0,0.0,1.0,3.0,0.0,138.0,1.0,0.0,0.0,43.0,0.0,28.0,0.0,78.0,294.0,292.0,415.0
Buncombe-372139.3,149.0,7.0,33.0,250.0,229.0,1.0,9.0,331.0,0.0,0.0,0.0,0.0,0.0,0.0,0.0,0.0,0.0,0.0,0.0,4.0,4.0,0.0,252.0,0.0,0.0,0.0,61.0,3.0,57.0,0.0,151.0,439.0,532.0,570.0
Buncombe-372140.2,188.0,6.0,20.0,503.0,218.0,4.0,9.0,388.0,0.0,0.0,0.0,1.0,0.0,0.0,0.0,0.0,0.0,0.0,0.0,2.0,11.0,2.0,407.0,0.0,1.0,1.0,85.0,0.0,49.0,0.0,202.0,717.0,760.0,619.0
Buncombe-372141.1,172.0,9.0,24.0,500.0,175.0,1.0,4.0,275.0,0.0,0.0,0.0,1.0,0.0,0.0,0.0,0.0,0.0,0.0,1.0,3.0,3.0,0.0,290.0,0.0,0.0,2.0,51.0,1.0,46.0,0.0,125.0,705.0,521.0,455.0
Buncombe-372142.1,245.0,10.0,11.0,275.0,121.0,2.0,3.0,298.0,0.0,0.0,0.0,0.0,0.0,0.0,0.0,0.0,0.0,0.0,0.0,0.0,2.0,1.0,96.0,0.0,0.0,0.0,24.0,1.0,12.0,0.0,92.0,541.0,228.0,424.0
Buncombe-372143.2,194.0,15.0,26.0,213.0,78.0,0.0,3.0,288.0,0.0,0.0,0.0,0.0,0.0,0.0,1.0,0.0,0.0,0.0,0.0,1.0,3.0,0.0,75.0,0.0,0.0,0.0,15.0,0.0,14.0,1.0,75.0,448.0,184.0,369.0
Buncombe-372144.1,272.0,8.0,37.0,401.0,426.0,2.0,3.0,514.0,0.0,1.0,0.0,1.0,0.0,0.0,0.0,0.0,0.0,0.0,0.0,2.0,10.0,0.0,342.0,2.0,0.0,2.0,149.0,3.0,79.0,0.0,258.0,718.0,847.0,945.0
Buncombe-372145.1,291.0,15.0,42.0,397.0,248.0,0.0,7.0,455.0,0.0,0.0,0.0,1.0,0.0,0.0,0.0,0.0,0.0,0.0,0.0,3.0,13.0,2.0,267.0,1.0,0.0,1.0,59.0,2.0,52.0,1.0,211.0,745.0,612.0,710.0
Buncombe-372146.1,124.0,2.0,26.0,201.0,112.0,1.0,0.0,222.0,0.0,0.0,0.0,0.0,0.0,0.0,0.0,0.0,0.0,0.0,1.0,1.0,2.0,0.0,124.0,0.0,0.0,0.0,24.0,0.0,14.0,0.0,74.0,353.0,239.0,335.0
Buncombe-372147.1,278.0,19.0,40.0,697.0,186.0,2.0,18.0,449.0,0.0,0.0,0.0,3.0,0.0,0.0,0.0,1.0,0.0,0.0,1.0,0.0,7.0,0.0,378.0,1.0,0.0,0.0,56.0,6.0,37.0,0.0,276.0,1034.0,761.0,655.0
Buncombe-372148.1,225.0,7.0,12.0,412.0,214.0,4.0,17.0,339.0,0.0,1.0,0.0,0.0,0.0,0.0,0.0,0.0,0.0,0.0,0.0,0.0,3.0,1.0,335.0,1.0,0.0,1.0,59.0,3.0,54.0,0.0,227.0,656.0,684.0,574.0
Buncombe-372149.1,200.0,4.0,39.0,575.0,200.0,5.0,6.0,331.0,0.0,0.0,0.0,1.0,0.0,0.0,0.0,0.0,0.0,0.0,0.0,2.0,8.0,0.0,377.0,0.0,0.0,2.0,38.0,1.0,45.0,1.0,252.0,818.0,726.0,542.0
Buncombe-372150.1,141.0,9.0,8.0,413.0,90.0,0.0,4.0,183.0,0.0,0.0,0.0,0.0,0.0,0.0,0.0,0.0,0.0,0.0,0.0,0.0,4.0,0.0,117.0,0.0,0.0,0.0,12.0,1.0,12.0,0.0,61.0,571.0,207.0,277.0
Buncombe-372151.2,125.0,8.0,26.0,293.0,141.0,0.0,9.0,268.0,0.0,0.0,0.0,1.0,0.0,0.0,0.0,0.0,0.0,0.0,0.0,1.0,4.0,0.0,133.0,1.0,0.0,0.0,19.0,0.0,23.0,0.0,118.0,452.0,299.0,418.0
Buncombe-372152.1,165.0,6.0,29.0,424.0,164.0,3.0,5.0,353.0,0.0,0.0,0.0,0.0,0.0,0.0,0.0,1.0,0.0,0.0,0.0,2.0,11.0,2.0,324.0,0.0,0.0,2.0,50.0,2.0,45.0,0.0,247.0,624.0,685.0,525.0
Buncombe-372153.1,153.0,5.0,20.0,366.0,162.0,1.0,6.0,297.0,0.0,0.0,1.0,2.0,0.0,0.0,0.0,0.0,0.0,0.0,0.0,0.0,4.0,1.0,279.0,0.0,0.0,3.0,50.0,1.0,34.0,0.0,207.0,544.0,579.0,466.0
Buncombe-372154.2,340.0,7.0,37.0,408.0,257.0,1.0,1.0,336.0,0.0,0.0,0.0,1.0,0.0,0.0,0.0,0.0,0.0,0.0,0.0,4.0,4.0,0.0,189.0,0.0,1.0,2.0,82.0,2.0,67.0,0.0,174.0,792.0,525.0,595.0
Buncombe-372155.1,239.0,5.0,40.0,352.0,253.0,4.0,4.0,362.0,0.0,2.0,0.0,3.0,0.0,0.0,0.0,0.0,0.0,0.0,0.0,2.0,7.0,3.0,270.0,2.0,0.0,2.0,100.0,2.0,58.0,0.0,206.0,636.0,652.0,623.0
Buncombe-372156.2,169.0,1.0,30.0,184.0,223.0,1.0,5.0,314.0,0.0,0.0,0.0,0.0,0.0,0.0,0.0,0.0,0.0,0.0,0.0,3.0,2.0,2.0,163.0,0.0,0.0,0.0,75.0,1.0,46.0,0.0,125.0,384.0,417.0,543.0
Buncombe-372157.1,197.0,1.0,25.0,383.0,228.0,2.0,3.0,302.0,0.0,0.0,0.0,0.0,0.0,0.0,0.0,0.0,0.0,0.0,0.0,1.0,4.0,0.0,264.0,0.0,0.0,1.0,132.0,3.0,69.0,0.0,209.0,606.0,683.0,535.0
Buncombe-372158.1,136.0,5.0,15.0,164.0,177.0,1.0,4.0,268.0,0.0,0.0,0.0,0.0,0.0,0.0,0.0,0.0,0.0,0.0,0.0,3.0,1.0,0.0,161.0,0.0,0.0,3.0,67.0,1.0,45.0,0.0,99.0,320.0,380.0,450.0
Buncombe-372159.1,226.0,11.0,36.0,412.0,363.0,2.0,18.0,588.0,0.0,1.0,0.0,2.0,0.0,0.0,0.0,0.0,0.0,0.0,0.0,0.0,7.0,1.0,303.0,0.0,0.0,0.0,97.0,0.0,53.0,0.0,237.0,685.0,698.0,971.0
Buncombe-372160.2,145.0,2.0,18.0,136.0,149.0,1.0,1.0,213.0,0.0,1.0,0.0,1.0,0.0,0.0,0.0,0.0,0.0,0.0,0.0,0.0,4.0,0.0,89.0,0.0,0.0,0.0,28.0,1.0,22.0,0.0,46.0,301.0,190.0,364.0
Buncombe-372160.4,110.0,4.0,12.0,136.0,211.0,3.0,2.0,219.0,0.0,0.0,0.0,3.0,0.0,0.0,0.0,0.0,0.0,0.0,0.0,1.0,0.0,0.0,116.0,0.0,0.0,0.0,48.0,1.0,23.0,0.0,76.0,262.0,265.0,435.0
Buncombe-372161.1,255.0,3.0,28.0,300.0,258.0,6.0,6.0,427.0,0.0,0.0,0.0,3.0,0.0,0.0,0.0,0.0,0.0,0.0,0.0,2.0,5.0,1.0,215.0,1.0,0.0,4.0,49.0,2.0,41.0,0.0,127.0,586.0,447.0,697.0
Buncombe-372162.1,259.0,8.0,26.0,290.0,269.0,2.0,10.0,392.0,0.0,0.0,1.0,0.0,0.0,0.0,0.0,0.0,0.0,0.0,0.0,3.0,2.0,0.0,158.0,0.0,0.0,0.0,48.0,0.0,32.0,1.0,126.0,583.0,370.0,673.0
Buncombe-372163.1,73.0,3.0,9.0,149.0,38.0,0.0,2.0,90.0,0.0,0.0,0.0,0.0,0.0,0.0,0.0,0.0,0.0,0.0,0.0,0.0,0.0,0.0,45.0,1.0,0.0,0.0,7.0,0.0,5.0,0.0,35.0,234.0,93.0,130.0
Buncombe-372164.1,161.0,6.0,30.0,274.0,106.0,1.0,5.0,264.0,0.0,0.0,0.0,5.0,0.0,0.0,0.0,0.0,0.0,0.0,0.0,1.0,1.0,1.0,133.0,0.0,1.0,1.0,26.0,2.0,31.0,0.0,98.0,471.0,295.0,376.0
Buncombe-372165.1,205.0,11.0,25.0,245.0,236.0,0.0,6.0,579.0,0.0,0.0,0.0,2.0,0.0,0.0,0.0,0.0,0.0,0.0,0.0,3.0,2.0,1.0,196.0,0.0,0.0,2.0,54.0,3.0,46.0,0.0,140.0,486.0,447.0,821.0
Buncombe-372166.1,129.0,3.0,15.0,179.0,132.0,0.0,5.0,256.0,0.0,0.0,1.0,1.0,0.0,0.0,0.0,0.0,0.0,0.0,0.0,1.0,1.0,0.0,104.0,0.0,0.0,0.0,33.0,1.0,26.0,0.0,65.0,326.0,231.0,393.0
Buncombe-372167.1,162.0,5.0,10.0,177.0,361.0,3.0,7.0,413.0,0.0,0.0,0.0,0.0,0.0,0.0,1.0,0.0,0.0,0.0,0.0,3.0,6.0,1.0,188.0,0.0,0.0,0.0,88.0,0.0,48.0,1.0,93.0,354.0,428.0,784.0
Buncombe-372168.1,290.0,6.0,37.0,497.0,216.0,1.0,7.0,423.0,0.0,0.0,0.0,0.0,0.0,0.0,0.0,0.0,0.0,0.0,1.0,1.0,7.0,0.0,307.0,0.0,0.0,0.0,67.0,2.0,60.0,0.0,231.0,830.0,675.0,647.0
Buncombe-3721681,46.0,0.0,5.0,115.0,22.0,0.0,1.0,52.0,0.0,0.0,0.0,0.0,0.0,0.0,0.0,0.0,0.0,0.0,0.0,0.0,1.0,0.0,39.0,0.0,0.0,1.0,10.0,0.0,7.0,0.0,46.0,166.0,104.0,75.0
Buncombe-372169.1,175.0,25.0,43.0,404.0,199.0,3.0,4.0,357.0,0.0,2.0,0.0,1.0,0.0,0.0,0.0,0.0,0.0,0.0,0.0,3.0,6.0,0.0,256.0,0.0,0.0,2.0,51.0,2.0,50.0,0.0,184.0,647.0,554.0,563.0
Buncombe-372170.1,269.0,14.0,29.0,217.0,209.0,1.0,6.0,631.0,0.0,0.0,0.0,1.0,0.0,0.0,0.0,0.0,0.0,0.0,0.0,1.0,3.0,1.0,114.0,0.0,0.0,0.0,38.0,3.0,26.0,0.0,100.0,529.0,286.0,847.0
Buncombe-372171.1,272.0,17.0,40.0,376.0,420.0,0.0,7.0,523.0,0.0,0.0,0.0,3.0,0.0,0.0,0.0,0.0,0.0,0.0,1.0,2.0,4.0,0.0,308.0,1.0,0.0,1.0,95.0,1.0,46.0,0.0,219.0,705.0,677.0,950.0
Buncombe-3721ABSENTEE,0.0,0.0,0.0,0.0,0.0,0.0,0.0,0.0,0.0,0.0,0.0,0.0,0.0,0.0,0.0,0.0,0.0,0.0,0.0,0.0,0.0,0.0,0.0,0.0,0.0,0.0,0.0,0.0,0.0,0.0,0.0,0.0,0.0,0.0
Buncombe-3721OS-ABTC,602.0,14.0,67.0,248.0,0.0,0.0,0.0,0.0,0.0,0.0,0.0,0.0,0.0,0.0,0.0,0.0,0.0,0.0,0.0,0.0,0.0,0.0,0.0,0.0,0.0,0.0,0.0,0.0,0.0,0.0,0.0,931.0,0.0,0.0
Buncombe-3721OS-ACCC,1253.0,12.0,81.0,1486.0,0.0,0.0,0.0,0.0,0.0,0.0,0.0,0.0,0.0,0.0,0.0,0.0,0.0,0.0,0.0,0.0,0.0,0.0,0.0,0.0,0.0,0.0,0.0,0.0,0.0,0.0,0.0,2832.0,0.0,0.0
Buncombe-3721OS-AVML,4719.0,73.0,199.0,1865.0,0.0,0.0,0.0,0.0,0.0,0.0,0.0,0.0,0.0,0.0,0.0,0.0,0.0,0.0,0.0,0.0,0.0,0.0,0.0,0.0,0.0,0.0,0.0,0.0,0.0,0.0,0.0,6856.0,0.0,0.0
Buncombe-3721OS-AVOM,0.0,0.0,0.0,0.0,0.0,0.0,0.0,0.0,0.0,0.0,0.0,0.0,0.0,0.0,0.0,0.0,0.0,0.0,0.0,0.0,0.0,0.0,0.0,0.0,0.0,0.0,0.0,0.0,0.0,0.0,0.0,0.0,0.0,0.0
Buncombe-3721OS-BCAB,0.0,0.0,0.0,0.0,0.0,0.0,0.0,0.0,0.0,0.0,0.0,0.0,0.0,0.0,0.0,0.0,0.0,0.0,0.0,0.0,0.0,0.0,0.0,0.0,0.0,0.0,0.0,0.0,0.0,0.0,0.0,0.0,0.0,0.0
Buncombe-3721OS-BMBL,3508.0,52.0,160.0,2502.0,0.0,0.0,0.0,0.0,0.0,0.0,0.0,0.0,0.0,0.0,0.0,0.0,0.0,0.0,0.0,0.0,0.0,0.0,0.0,0.0,0.0,0.0,0.0,0.0,0.0,0.0,0.0,6222.0,0.0,0.0
Buncombe-3721OS-BTFD,2292.0,25.0,88.0,1918.0,0.0,0.0,0.0,0.0,0.0,0.0,0.0,0.0,0.0,0.0,0.0,0.0,0.0,0.0,0.0,0.0,0.0,0.0,0.0,0.0,0.0,0.0,0.0,0.0,0.0,0.0,0.0,4323.0,0.0,0.0
Buncombe-3721OS-ECBL,3478.0,47.0,209.0,4479.0,0.0,0.0,0.0,0.0,0.0,0.0,0.0,0.0,0.0,0.0,0.0,0.0,0.0,0.0,0.0,0.0,0.0,0.0,0.0,0.0,0.0,0.0,0.0,0.0,0.0,0.0,0.0,8213.0,0.0,0.0
Buncombe-3721OS-FCAM,2655.0,53.0,65.0,207.0,0.0,0.0,0.0,0.0,0.0,0.0,0.0,0.0,0.0,0.0,0.0,0.0,0.0,0.0,0.0,0.0,0.0,0.0,0.0,0.0,0.0,0.0,0.0,0.0,0.0,0.0,0.0,2980.0,0.0,0.0
Buncombe-3721OS-FVBL,2790.0,38.0,152.0,3169.0,0.0,0.0,0.0,0.0,0.0,0.0,0.0,0.0,0.0,0.0,0.0,0.0,0.0,0.0,0.0,0.0,0.0,0.0,0.0,0.0,0.0,0.0,0.0,0.0,0.0,0.0,0.0,6149.0,0.0,0.0
Buncombe-3721OS-LCBL,1747.0,23.0,131.0,3762.0,0.0,0.0,0.0,0.0,0.0,0.0,0.0,0.0,0.0,0.0,0.0,0.0,0.0,0.0,0.0,0.0,0.0,0.0,0.0,0.0,0.0,0.0,0.0,0.0,0.0,0.0,0.0,5663.0,0.0,0.0
Buncombe-3721OS-MORC,1508.0,26.0,72.0,685.0,0.0,0.0,0.0,0.0,0.0,0.0,0.0,0.0,0.0,0.0,0.0,0.0,0.0,0.0,0.0,0.0,0.0,0.0,0.0,0.0,0.0,0.0,0.0,0.0,0.0,0.0,0.0,2291.0,0.0,0.0
Buncombe-3721OS-NABL,5995.0,94.0,155.0,1721.0,0.0,0.0,0.0,0.0,0.0,0.0,0.0,0.0,0.0,0.0,0.0,0.0,0.0,0.0,0.0,0.0,0.0,0.0,0.0,0.0,0.0,0.0,0.0,0.0,0.0,0.0,0.0,7965.0,0.0,0.0
Buncombe-3721OS-NHPC,3254.0,27.0,133.0,2240.0,0.0,0.0,0.0,0.0,0.0,0.0,0.0,0.0,0.0,0.0,0.0,0.0,0.0,0.0,0.0,0.0,0.0,0.0,0.0,0.0,0.0,0.0,0.0,0.0,0.0,0.0,0.0,5654.0,0.0,0.0
Buncombe-3721OS-PACK,2531.0,45.0,86.0,317.0,0.0,0.0,0.0,0.0,0.0,0.0,0.0,0.0,0.0,0.0,0.0,0.0,0.0,0.0,0.0,0.0,0.0,0.0,0.0,0.0,0.0,0.0,0.0,0.0,0.0,0.0,0.0,2979.0,0.0,0.0
Buncombe-3721OS-PCBC,428.0,4.0,49.0,1515.0,0.0,0.0,0.0,0.0,0.0,0.0,0.0,0.0,0.0,0.0,0.0,0.0,0.0,0.0,0.0,0.0,0.0,0.0,0.0,0.0,0.0,0.0,0.0,0.0,0.0,0.0,0.0,1996.0,0.0,0.0
Buncombe-3721OS-SBBL,4419.0,42.0,221.0,3165.0,0.0,0.0,0.0,0.0,0.0,0.0,0.0,0.0,0.0,0.0,0.0,0.0,0.0,0.0,0.0,0.0,0.0,0.0,0.0,0.0,0.0,0.0,0.0,0.0,0.0,0.0,0.0,7847.0,0.0,0.0
Buncombe-3721OS-UNCA,3011.0,67.0,91.0,352.0,0.0,0.0,0.0,0.0,0.0,0.0,0.0,0.0,0.0,0.0,0.0,0.0,0.0,0.0,0.0,0.0,0.0,0.0,0.0,0.0,0.0,0.0,0.0,0.0,0.0,0.0,0.0,3521.0,0.0,0.0
Buncombe-3721OS-WABL,6904.0,161.0,243.0,2342.0,0.0,0.0,0.0,0.0,0.0,0.0,0.0,0.0,0.0,0.0,0.0,0.0,0.0,0.0,0.0,0.0,0.0,0.0,0.0,0.0,0.0,0.0,0.0,0.0,0.0,0.0,0.0,9650.0,0.0,0.0
Buncombe-3721OS-WGSC,2376.0,30.0,36.0,215.0,0.0,0.0,0.0,0.0,0.0,0.0,0.0,0.0,0.0,0.0,0.0,0.0,0.0,0.0,0.0,0.0,0.0,0.0,0.0,0.0,0.0,0.0,0.0,0.0,0.0,0.0,0.0,2657.0,0.0,0.0
Buncombe-3721OS-WOCO,598.0,18.0,37.0,738.0,0.0,0.0,0.0,0.0,0.0,0.0,0.0,0.0,0.0,0.0,0.0,0.0,0.0,0.0,0.0,0.0,0.0,0.0,0.0,0.0,0.0,0.0,0.0,0.0,0.0,0.0,0.0,1391.0,0.0,0.0
Buncombe-3721OS-WVTH,4109.0,59.0,193.0,4654.0,0.0,0.0,0.0,0.0,0.0,0.0,0.0,0.0,0.0,0.0,0.0,0.0,0.0,0.0,0.0,0.0,0.0,0.0,0.0,0.0,0.0,0.0,0.0,0.0,0.0,0.0,0.0,9015.0,0.0,0.0
Burke-37230001,596.0,2.0,54.0,1454.0,187.0,2.0,7.0,181.0,0.0,0.0,0.0,1.0,0.0,0.0,0.0,0.0,0.0,1.0,0.0,5.0,10.0,2.0,202.0,1.0,0.0,2.0,35.0,1.0,39.0,0.0,297.0,2106.0,594.0,377.0
Burke-37230003,162.0,0.0,19.0,627.0,50.0,0.0,4.0,43.0,0.0,0.0,0.0,1.0,0.0,0.0,0.0,0.0,0.0,0.0,0.0,0.0,4.0,0.0,112.0,0.0,0.0,1.0,11.0,1.0,28.0,0.0,115.0,808.0,272.0,97.0
Burke-37230011,252.0,5.0,54.0,1506.0,56.0,4.0,5.0,102.0,0.0,0.0,0.0,0.0,0.0,0.0,0.0,0.0,1.0,0.0,0.0,3.0,7.0,0.0,272.0,0.0,0.0,1.0,25.0,1.0,16.0,1.0,278.0,1817.0,604.0,167.0
Burke-37230012,137.0,0.0,12.0,1147.0,36.0,0.0,3.0,77.0,0.0,0.0,0.0,0.0,1.0,0.0,0.0,0.0,0.0,0.0,1.0,1.0,2.0,0.0,242.0,1.0,0.0,0.0,25.0,0.0,11.0,0.0,218.0,1296.0,500.0,116.0
Burke-37230013,288.0,4.0,60.0,1549.0,76.0,3.0,7.0,94.0,0.0,0.0,0.0,1.0,1.0,0.0,0.0,0.0,0.0,0.0,0.0,2.0,9.0,3.0,297.0,0.0,0.0,3.0,39.0,1.0,23.0,1.0,344.0,1901.0,722.0,180.0
Burke-37230014,168.0,4.0,26.0,1092.0,42.0,0.0,4.0,69.0,0.0,0.0,0.0,0.0,0.0,1.0,0.0,0.0,0.0,0.0,0.0,1.0,4.0,1.0,228.0,0.0,0.0,3.0,16.0,0.0,20.0,1.0,215.0,1290.0,489.0,115.0
Burke-37230015,188.0,4.0,23.0,747.0,47.0,0.0,5.0,70.0,0.0,0.0,0.0,1.0,0.0,0.0,0.0,0.0,0.0,0.0,0.0,1.0,2.0,0.0,144.0,0.0,0.0,2.0,13.0,0.0,12.0,1.0,156.0,962.0,331.0,122.0
Burke-37230018,111.0,0.0,5.0,244.0,28.0,0.0,1.0,38.0,0.0,0.0,0.0,0.0,0.0,0.0,0.0,0.0,0.0,0.0,0.0,2.0,0.0,0.0,34.0,0.0,0.0,0.0,21.0,1.0,2.0,0.0,59.0,360.0,119.0,67.0
Burke-37230019,153.0,0.0,5.0,265.0,48.0,1.0,2.0,36.0,0.0,0.0,0.0,0.0,0.0,0.0,0.0,0.0,0.0,0.0,0.0,0.0,0.0,0.0,46.0,0.0,0.0,0.0,20.0,0.0,12.0,0.0,69.0,423.0,147.0,87.0
Burke-37230020,268.0,2.0,18.0,373.0,105.0,0.0,2.0,65.0,0.0,0.0,0.0,0.0,0.0,0.0,0.0,0.0,0.0,0.0,0.0,2.0,3.0,0.0,64.0,1.0,0.0,1.0,55.0,0.0,21.0,0.0,95.0,661.0,242.0,172.0
Burke-37230021,259.0,3.0,28.0,632.0,80.0,1.0,2.0,91.0,0.0,0.0,0.0,0.0,0.0,0.0,0.0,0.0,0.0,0.0,0.0,1.0,2.0,1.0,93.0,0.0,1.0,2.0,22.0,1.0,11.0,0.0,106.0,922.0,240.0,174.0
Burke-37230022,291.0,3.0,36.0,947.0,87.0,1.0,10.0,105.0,0.0,0.0,0.0,0.0,0.0,0.0,0.0,0.0,0.0,0.0,0.0,3.0,2.0,1.0,176.0,0.0,0.0,1.0,30.0,1.0,30.0,1.0,183.0,1277.0,428.0,203.0
Burke-37230024,489.0,4.0,43.0,1180.0,185.0,1.0,11.0,136.0,0.0,0.0,0.0,0.0,0.0,0.0,0.0,0.0,0.0,0.0,0.0,0.0,6.0,2.0,204.0,0.0,0.0,1.0,58.0,3.0,54.0,0.0,212.0,1716.0,540.0,333.0
Burke-37230029-A,116.0,1.0,16.0,627.0,24.0,2.0,0.0,34.0,0.0,0.0,0.0,0.0,0.0,0.0,0.0,0.0,0.0,0.0,0.0,1.0,1.0,0.0,131.0,0.0,0.0,0.0,8.0,1.0,8.0,2.0,104.0,760.0,256.0,60.0
Burke-37230029-B,163.0,4.0,18.0,525.0,49.0,1.0,1.0,53.0,0.0,0.0,0.0,0.0,0.0,0.0,0.0,0.0,0.0,0.0,0.0,0.0,4.0,0.0,84.0,0.0,0.0,4.0,9.0,2.0,10.0,0.0,119.0,710.0,232.0,104.0
Burke-37230031,777.0,13.0,45.0,460.0,235.0,0.0,3.0,209.0,0.0,0.0,0.0,2.0,0.0,0.0,0.0,0.0,0.0,0.0,1.0,3.0,4.0,1.0,64.0,0.0,0.0,0.0,32.0,0.0,27.0,0.0,108.0,1295.0,239.0,447.0
Burke-37230034,664.0,4.0,64.0,632.0,238.0,0.0,2.0,197.0,0.0,0.0,0.0,2.0,0.0,0.0,0.0,0.0,0.0,0.0,0.0,2.0,5.0,0.0,87.0,2.0,0.0,2.0,84.0,4.0,46.0,2.0,138.0,1364.0,372.0,437.0
Burke-37230035,508.0,5.0,27.0,436.0,175.0,1.0,5.0,123.0,0.0,0.0,0.0,0.0,0.0,0.0,0.0,0.0,0.0,0.0,0.0,0.0,1.0,1.0,71.0,0.0,0.0,0.0,39.0,0.0,22.0,1.0,85.0,976.0,220.0,304.0
Burke-37230036,354.0,5.0,21.0,917.0,108.0,1.0,6.0,121.0,0.0,0.0,0.0,0.0,0.0,0.0,0.0,0.0,0.0,0.0,0.0,0.0,4.0,0.0,142.0,0.0,0.0,1.0,31.0,0.0,22.0,0.0,172.0,1297.0,372.0,236.0
Burke-37230038,507.0,5.0,36.0,867.0,156.0,3.0,1.0,139.0,0.0,0.0,0.0,0.0,0.0,0.0,0.0,0.0,0.0,0.0,0.0,2.0,3.0,0.0,137.0,0.0,0.0,1.0,47.0,4.0,24.0,2.0,161.0,1415.0,381.0,299.0
Burke-37230039,530.0,7.0,20.0,548.0,158.0,2.0,2.0,139.0,0.0,0.0,0.0,0.0,0.0,0.0,0.0,0.0,0.0,0.0,0.0,4.0,4.0,0.0,72.0,1.0,0.0,0.0,41.0,1.0,24.0,1.0,91.0,1105.0,239.0,301.0
Burke-37230040,346.0,3.0,37.0,771.0,101.0,0.0,5.0,106.0,0.0,0.0,0.0,0.0,0.0,0.0,0.0,0.0,0.0,0.0,0.0,0.0,6.0,1.0,136.0,0.0,1.0,2.0,23.0,1.0,23.0,0.0,141.0,1157.0,334.0,212.0
Burke-37230047-A,652.0,8.0,31.0,713.0,234.0,0.0,4.0,153.0,0.0,0.0,0.0,1.0,0.0,0.0,0.0,0.0,0.0,0.0,0.0,2.0,0.0,0.0,100.0,0.0,0.0,2.0,37.0,0.0,23.0,0.0,148.0,1404.0,312.0,391.0
Burke-37230047-B,325.0,5.0,22.0,526.0,101.0,4.0,4.0,94.0,0.0,0.0,0.0,0.0,0.0,0.0,0.0,0.0,1.0,0.0,0.0,1.0,6.0,0.0,63.0,0.0,0.0,0.0,11.0,1.0,12.0,0.0,107.0,878.0,201.0,203.0
Burke-37230048,536.0,5.0,37.0,895.0,199.0,2.0,4.0,188.0,0.0,0.0,0.0,0.0,0.0,0.0,0.0,0.0,0.0,0.0,0.0,0.0,4.0,1.0,169.0,1.0,0.0,1.0,72.0,5.0,40.0,0.0,170.0,1473.0,463.0,393.0
Burke-37230051,665.0,1.0,68.0,1511.0,216.0,2.0,3.0,170.0,0.0,0.0,0.0,2.0,0.0,0.0,1.0,0.0,0.0,0.0,0.0,1.0,5.0,1.0,232.0,1.0,0.0,5.0,61.0,2.0,40.0,0.0,270.0,2245.0,618.0,391.0
Burke-37230052,270.0,4.0,21.0,561.0,69.0,3.0,3.0,68.0,0.0,0.0,0.0,1.0,0.0,0.0,0.0,0.0,0.0,0.0,0.0,1.0,1.0,0.0,72.0,2.0,0.0,1.0,8.0,0.0,11.0,0.0,88.0,856.0,184.0,143.0
Burke-37230053,292.0,4.0,31.0,1076.0,71.0,1.0,10.0,132.0,0.0,0.0,0.0,1.0,0.0,0.0,0.0,0.0,0.0,0.0,0.0,2.0,4.0,3.0,144.0,0.0,0.0,2.0,24.0,1.0,18.0,0.0,162.0,1403.0,360.0,214.0
Burke-37230062,143.0,4.0,12.0,412.0,43.0,2.0,1.0,65.0,0.0,0.0,0.0,0.0,0.0,0.0,0.0,0.0,0.0,0.0,0.0,1.0,5.0,0.0,37.0,0.0,0.0,0.0,12.0,1.0,10.0,0.0,63.0,571.0,129.0,111.0
Burke-37230064,125.0,0.0,11.0,401.0,45.0,1.0,3.0,45.0,0.0,0.0,0.0,0.0,0.0,0.0,0.0,0.0,0.0,0.0,0.0,1.0,0.0,1.0,52.0,0.0,0.0,0.0,9.0,1.0,9.0,0.0,56.0,537.0,129.0,94.0
Burke-37230065,143.0,2.0,17.0,560.0,37.0,1.0,1.0,53.0,0.0,0.0,0.0,0.0,0.0,0.0,0.0,0.0,0.0,0.0,0.0,2.0,4.0,0.0,78.0,2.0,0.0,0.0,14.0,1.0,11.0,0.0,83.0,722.0,195.0,92.0
Burke-37230066,353.0,3.0,30.0,868.0,99.0,1.0,3.0,116.0,0.0,0.0,0.0,0.0,0.0,0.0,0.0,0.0,0.0,0.0,0.0,1.0,3.0,1.0,117.0,0.0,1.0,0.0,11.0,0.0,10.0,2.0,163.0,1254.0,309.0,219.0
Burke-37230070,420.0,5.0,41.0,1169.0,142.0,2.0,10.0,157.0,0.0,0.0,0.0,0.0,0.0,0.0,0.0,0.0,0.0,0.0,0.0,2.0,5.0,2.0,189.0,1.0,0.0,1.0,42.0,0.0,29.0,1.0,216.0,1635.0,488.0,311.0
Burke-3723ABSENTEE,0.0,0.0,0.0,0.0,0.0,0.0,0.0,0.0,0.0,0.0,0.0,0.0,0.0,0.0,0.0,0.0,0.0,0.0,0.0,0.0,0.0,0.0,0.0,0.0,0.0,0.0,0.0,0.0,0.0,0.0,0.0,0.0,0.0,0.0
Burke-3723OS BOE LOBBY PAPER,0.0,0.0,0.0,0.0,0.0,0.0,0.0,0.0,0.0,0.0,0.0,0.0,0.0,0.0,0.0,0.0,0.0,0.0,0.0,0.0,0.0,0.0,0.0,0.0,0.0,0.0,0.0,0.0,0.0,0.0,0.0,0.0,0.0,0.0
Burke-3723OS GLEN ALPIN PAPER,0.0,0.0,0.0,0.0,0.0,0.0,0.0,0.0,0.0,0.0,0.0,0.0,0.0,0.0,0.0,0.0,0.0,0.0,0.0,0.0,0.0,0.0,0.0,0.0,0.0,0.0,0.0,0.0,0.0,0.0,0.0,0.0,0.0,0.0
Burke-3723OS HILDEBRAN PAPER,0.0,0.0,0.0,0.0,0.0,0.0,0.0,0.0,0.0,0.0,0.0,0.0,0.0,0.0,0.0,0.0,0.0,0.0,0.0,0.0,0.0,0.0,0.0,0.0,0.0,0.0,0.0,0.0,0.0,0.0,0.0,0.0,0.0,0.0
Burke-3723OS R COLL TH PAPER,0.0,0.0,0.0,0.0,0.0,0.0,0.0,0.0,0.0,0.0,0.0,0.0,0.0,0.0,0.0,0.0,0.0,0.0,0.0,0.0,0.0,0.0,0.0,0.0,0.0,0.0,0.0,0.0,0.0,0.0,0.0,0.0,0.0,0.0
Burke-3723OS SR CENTER PAPER,0.0,0.0,0.0,0.0,0.0,0.0,0.0,0.0,0.0,0.0,0.0,0.0,0.0,0.0,0.0,0.0,0.0,0.0,0.0,0.0,0.0,0.0,0.0,0.0,0.0,0.0,0.0,0.0,0.0,0.0,0.0,0.0,0.0,0.0
Burke-3723TRANSFER PAPER,0.0,0.0,0.0,0.0,0.0,0.0,0.0,0.0,0.0,0.0,0.0,0.0,0.0,0.0,0.0,0.0,0.0,0.0,0.0,0.0,0.0,0.0,0.0,0.0,0.0,0.0,0.0,0.0,0.0,0.0,0.0,0.0,0.0,0.0
Cabarrus-372501-02,196.0,5.0,41.0,721.0,103.0,1.0,5.0,130.0,0.0,0.0,0.0,1.0,0.0,0.0,0.0,0.0,0.0,0.0,1.0,0.0,4.0,2.0,224.0,1.0,0.0,0.0,62.0,0.0,32.0,1.0,274.0,963.0,600.0,239.0
Cabarrus-372501-04,539.0,9.0,67.0,677.0,372.0,0.0,0.0,244.0,0.0,0.0,0.0,2.0,0.0,0.0,0.0,0.0,0.0,0.0,0.0,3.0,9.0,0.0,319.0,1.0,0.0,2.0,122.0,6.0,78.0,0.0,355.0,1292.0,895.0,616.0
Cabarrus-372501-06,323.0,2.0,36.0,455.0,269.0,0.0,6.0,197.0,0.0,0.0,0.0,0.0,0.0,0.0,0.0,0.0,0.0,0.0,0.0,1.0,7.0,0.0,259.0,0.0,0.0,2.0,115.0,3.0,48.0,0.0,283.0,816.0,718.0,472.0
Cabarrus-372501-07,216.0,1.0,22.0,533.0,166.0,1.0,2.0,112.0,0.0,0.0,0.0,0.0,0.0,1.0,0.0,0.0,0.0,0.0,0.0,3.0,7.0,2.0,297.0,0.0,0.0,2.0,78.0,1.0,63.0,0.0,283.0,772.0,736.0,281.0
Cabarrus-372501-08,442.0,5.0,51.0,647.0,248.0,1.0,1.0,223.0,0.0,0.0,0.0,1.0,0.0,0.0,0.0,0.0,0.0,0.0,0.0,0.0,3.0,2.0,304.0,1.0,0.0,1.0,53.0,1.0,64.0,0.0,257.0,1145.0,686.0,473.0
Cabarrus-372501-09,71.0,1.0,18.0,232.0,34.0,0.0,1.0,66.0,0.0,0.0,1.0,2.0,0.0,0.0,0.0,0.0,0.0,0.0,0.0,1.0,0.0,1.0,101.0,0.0,0.0,3.0,26.0,1.0,18.0,1.0,150.0,322.0,302.0,101.0
Cabarrus-372501-10,283.0,7.0,49.0,513.0,179.0,2.0,2.0,204.0,0.0,0.0,0.0,1.0,0.0,0.0,0.0,0.0,0.0,0.0,0.0,3.0,7.0,0.0,242.0,0.0,0.0,1.0,51.0,5.0,46.0,0.0,202.0,852.0,557.0,387.0
Cabarrus-372502-01,245.0,5.0,34.0,469.0,161.0,1.0,4.0,176.0,1.0,0.0,0.0,1.0,0.0,0.0,0.0,0.0,0.0,0.0,0.0,1.0,6.0,0.0,209.0,1.0,0.0,0.0,40.0,0.0,29.0,0.0,262.0,753.0,548.0,342.0
Cabarrus-372502-02,470.0,10.0,54.0,758.0,290.0,0.0,4.0,254.0,0.0,0.0,0.0,1.0,0.0,0.0,0.0,0.0,0.0,0.0,0.0,6.0,12.0,1.0,415.0,0.0,0.0,2.0,105.0,3.0,81.0,0.0,334.0,1292.0,959.0,548.0
Cabarrus-372502-03,501.0,9.0,71.0,989.0,337.0,0.0,3.0,317.0,0.0,0.0,0.0,4.0,0.0,0.0,0.0,0.0,0.0,0.0,0.0,4.0,11.0,0.0,468.0,0.0,0.0,1.0,99.0,2.0,72.0,0.0,522.0,1570.0,1179.0,657.0
Cabarrus-372502-05,377.0,6.0,38.0,733.0,290.0,0.0,6.0,173.0,0.0,0.0,1.0,0.0,0.0,0.0,0.0,0.0,1.0,0.0,0.0,3.0,9.0,2.0,412.0,0.0,1.0,2.0,184.0,0.0,75.0,0.0,391.0,1154.0,1079.0,469.0
Cabarrus-372502-06,444.0,0.0,32.0,471.0,248.0,3.0,7.0,200.0,0.0,0.0,0.0,3.0,0.0,0.0,0.0,1.0,0.0,0.0,0.0,3.0,6.0,0.0,197.0,0.0,0.0,2.0,52.0,0.0,29.0,1.0,217.0,947.0,507.0,458.0
Cabarrus-372502-07,257.0,2.0,36.0,474.0,214.0,0.0,4.0,158.0,0.0,0.0,0.0,2.0,0.0,0.0,0.0,0.0,0.0,0.0,0.0,7.0,4.0,2.0,310.0,0.0,0.0,0.0,192.0,0.0,91.0,0.0,298.0,769.0,904.0,376.0
Cabarrus-372502-08,673.0,9.0,76.0,895.0,450.0,1.0,4.0,353.0,0.0,1.0,1.0,6.0,0.0,0.0,1.0,0.0,0.0,0.0,0.0,3.0,8.0,2.0,435.0,0.0,0.0,0.0,127.0,5.0,85.0,0.0,448.0,1653.0,1113.0,808.0
Cabarrus-372502-09,619.0,10.0,58.0,651.0,575.0,2.0,5.0,309.0,0.0,0.0,0.0,1.0,0.0,0.0,0.0,0.0,1.0,0.0,0.0,1.0,5.0,0.0,401.0,0.0,0.0,1.0,152.0,1.0,105.0,0.0,345.0,1338.0,1011.0,891.0
Cabarrus-372503-00,336.0,6.0,54.0,783.0,220.0,0.0,3.0,210.0,0.0,0.0,1.0,2.0,0.0,0.0,0.0,0.0,0.0,0.0,0.0,1.0,3.0,0.0,421.0,0.0,0.0,0.0,101.0,2.0,58.0,1.0,355.0,1179.0,942.0,433.0
Cabarrus-372504-01,381.0,4.0,28.0,379.0,215.0,0.0,2.0,187.0,0.0,1.0,0.0,1.0,0.0,0.0,0.0,1.0,0.0,1.0,0.0,2.0,4.0,1.0,188.0,0.0,0.0,1.0,40.0,1.0,26.0,0.0,186.0,792.0,449.0,404.0
Cabarrus-372504-02,362.0,4.0,15.0,290.0,242.0,3.0,3.0,176.0,0.0,0.0,0.0,0.0,0.0,0.0,0.0,0.0,0.0,0.0,0.0,1.0,3.0,0.0,107.0,0.0,0.0,2.0,20.0,0.0,17.0,0.0,129.0,671.0,279.0,424.0
Cabarrus-372504-03,374.0,3.0,23.0,456.0,289.0,1.0,7.0,168.0,0.0,0.0,0.0,3.0,0.0,0.0,0.0,0.0,0.0,0.0,0.0,1.0,8.0,2.0,242.0,0.0,0.0,0.0,35.0,1.0,21.0,1.0,220.0,856.0,531.0,465.0
Cabarrus-372504-04,197.0,2.0,14.0,193.0,141.0,1.0,2.0,105.0,0.0,0.0,0.0,1.0,0.0,0.0,0.0,0.0,0.0,0.0,0.0,1.0,5.0,0.0,97.0,1.0,0.0,1.0,17.0,0.0,18.0,0.0,99.0,406.0,239.0,249.0
Cabarrus-372504-05,167.0,1.0,12.0,214.0,105.0,2.0,2.0,91.0,0.0,0.0,0.0,0.0,0.0,0.0,0.0,0.0,0.0,0.0,0.0,3.0,4.0,0.0,91.0,0.0,0.0,0.0,8.0,2.0,6.0,0.0,107.0,394.0,221.0,200.0
Cabarrus-372504-06,285.0,2.0,14.0,280.0,103.0,4.0,0.0,94.0,0.0,0.0,0.0,1.0,0.0,0.0,0.0,0.0,1.0,0.0,0.0,1.0,1.0,0.0,101.0,0.0,0.0,3.0,18.0,0.0,10.0,1.0,125.0,581.0,260.0,201.0
Cabarrus-372504-07,112.0,2.0,16.0,351.0,78.0,0.0,5.0,93.0,0.0,0.0,0.0,0.0,0.0,0.0,0.0,0.0,0.0,0.0,0.0,1.0,5.0,0.0,197.0,0.0,1.0,1.0,37.0,0.0,30.0,0.0,186.0,481.0,458.0,176.0
Cabarrus-372504-08,114.0,4.0,24.0,313.0,66.0,0.0,2.0,95.0,0.0,0.0,0.0,0.0,0.0,0.0,0.0,0.0,0.0,0.0,0.0,0.0,3.0,0.0,147.0,0.0,0.0,0.0,28.0,0.0,16.0,0.0,133.0,455.0,327.0,163.0
Cabarrus-372504-09,249.0,4.0,23.0,479.0,189.0,1.0,6.0,129.0,0.0,0.0,0.0,0.0,0.0,0.0,0.0,0.0,0.0,0.0,0.0,1.0,8.0,0.0,274.0,0.0,0.0,1.0,52.0,0.0,39.0,0.0,307.0,755.0,682.0,325.0
Cabarrus-372504-10,316.0,4.0,24.0,517.0,187.0,1.0,6.0,178.0,0.0,0.0,0.0,1.0,0.0,0.0,0.0,1.0,0.0,0.0,0.0,2.0,6.0,1.0,271.0,0.0,0.0,2.0,57.0,0.0,53.0,0.0,298.0,861.0,690.0,372.0
Cabarrus-372505-00,161.0,5.0,21.0,667.0,100.0,3.0,1.0,123.0,0.0,0.0,0.0,2.0,0.0,1.0,0.0,0.0,0.0,0.0,0.0,2.0,2.0,0.0,265.0,0.0,0.0,1.0,47.0,1.0,41.0,0.0,327.0,854.0,686.0,227.0
Cabarrus-372506-00,120.0,4.0,24.0,938.0,53.0,0.0,8.0,95.0,0.0,0.0,0.0,1.0,1.0,0.0,0.0,0.0,0.0,0.0,0.0,2.0,7.0,0.0,211.0,2.0,0.0,1.0,59.0,1.0,22.0,0.0,332.0,1086.0,637.0,156.0
Cabarrus-372507-00,65.0,0.0,11.0,500.0,29.0,0.0,3.0,41.0,0.0,0.0,0.0,0.0,0.0,0.0,0.0,0.0,0.0,0.0,0.0,0.0,1.0,0.0,121.0,0.0,0.0,0.0,20.0,0.0,2.0,0.0,184.0,576.0,328.0,73.0
Cabarrus-372508-00,251.0,0.0,31.0,1180.0,139.0,1.0,10.0,167.0,0.0,0.0,0.0,2.0,0.0,0.0,0.0,0.0,0.0,0.0,0.0,1.0,17.0,0.0,354.0,0.0,0.0,0.0,69.0,3.0,50.0,0.0,456.0,1462.0,950.0,317.0
Cabarrus-372509-00,135.0,2.0,37.0,944.0,68.0,0.0,3.0,97.0,0.0,0.0,0.0,0.0,1.0,0.0,0.0,0.0,0.0,0.0,0.0,2.0,11.0,0.0,241.0,0.0,0.0,1.0,43.0,0.0,33.0,0.0,360.0,1118.0,691.0,168.0
Cabarrus-372510-00,407.0,4.0,66.0,1709.0,185.0,0.0,8.0,198.0,1.0,0.0,0.0,2.0,0.0,0.0,0.0,0.0,0.0,0.0,0.0,2.0,8.0,0.0,458.0,0.0,0.0,1.0,55.0,1.0,54.0,0.0,610.0,2186.0,1189.0,391.0
Cabarrus-372511-01,661.0,4.0,69.0,800.0,276.0,0.0,5.0,329.0,0.0,0.0,0.0,2.0,0.0,0.0,1.0,0.0,0.0,1.0,0.0,1.0,6.0,1.0,290.0,1.0,0.0,1.0,36.0,1.0,35.0,0.0,325.0,1534.0,697.0,610.0
Cabarrus-372511-02,243.0,2.0,42.0,760.0,132.0,0.0,5.0,154.0,0.0,0.0,0.0,0.0,0.0,0.0,0.0,0.0,1.0,0.0,0.0,1.0,12.0,0.0,277.0,1.0,0.0,2.0,67.0,4.0,32.0,0.0,383.0,1047.0,779.0,291.0
Cabarrus-372512-01,117.0,1.0,15.0,97.0,47.0,0.0,2.0,60.0,0.0,0.0,0.0,0.0,0.0,0.0,0.0,0.0,0.0,0.0,0.0,0.0,0.0,0.0,39.0,0.0,0.0,0.0,43.0,2.0,9.0,0.0,51.0,230.0,144.0,109.0
Cabarrus-372512-02,337.0,4.0,13.0,189.0,179.0,0.0,0.0,134.0,0.0,0.0,0.0,0.0,0.0,0.0,0.0,0.0,0.0,0.0,0.0,0.0,4.0,1.0,59.0,0.0,0.0,1.0,15.0,0.0,8.0,1.0,92.0,543.0,181.0,313.0
Cabarrus-372512-03,225.0,3.0,19.0,366.0,122.0,0.0,1.0,121.0,0.0,0.0,0.0,2.0,0.0,0.0,0.0,0.0,0.0,0.0,0.0,2.0,5.0,0.0,150.0,0.0,0.0,2.0,93.0,0.0,42.0,0.0,212.0,613.0,506.0,244.0
Cabarrus-372512-04,285.0,4.0,20.0,274.0,161.0,1.0,3.0,152.0,0.0,0.0,0.0,0.0,0.0,0.0,0.0,0.0,0.0,0.0,0.0,4.0,7.0,1.0,153.0,0.0,0.0,0.0,43.0,1.0,32.0,0.0,189.0,583.0,430.0,317.0
Cabarrus-372512-05,221.0,2.0,36.0,493.0,116.0,0.0,2.0,172.0,0.0,0.0,0.0,1.0,0.0,0.0,0.0,0.0,0.0,0.0,0.0,2.0,4.0,0.0,182.0,1.0,0.0,1.0,137.0,1.0,59.0,0.0,243.0,752.0,630.0,290.0
Cabarrus-372512-06,238.0,2.0,34.0,325.0,154.0,2.0,3.0,116.0,0.0,1.0,0.0,0.0,0.0,0.0,0.0,0.0,0.0,0.0,0.0,1.0,5.0,0.0,85.0,0.0,0.0,0.0,45.0,2.0,24.0,1.0,146.0,599.0,309.0,275.0
Cabarrus-372512-07,427.0,2.0,6.0,36.0,244.0,0.0,1.0,63.0,0.0,0.0,0.0,0.0,0.0,0.0,0.0,0.0,0.0,0.0,0.0,0.0,1.0,0.0,11.0,0.0,0.0,0.0,5.0,0.0,7.0,0.0,12.0,471.0,36.0,308.0
Cabarrus-372512-08,191.0,3.0,20.0,219.0,71.0,0.0,2.0,64.0,0.0,0.0,0.0,0.0,0.0,0.0,0.0,0.0,0.0,0.0,0.0,0.0,8.0,0.0,62.0,0.0,0.0,0.0,10.0,1.0,7.0,0.0,88.0,433.0,176.0,137.0
Cabarrus-372512-09,232.0,0.0,29.0,512.0,117.0,0.0,0.0,104.0,0.0,0.0,0.0,1.0,0.0,0.0,0.0,0.0,1.0,0.0,0.0,1.0,6.0,0.0,213.0,1.0,0.0,1.0,36.0,0.0,14.0,0.0,253.0,773.0,525.0,221.0
Cabarrus-372512-10,127.0,1.0,26.0,303.0,84.0,0.0,3.0,91.0,0.0,0.0,0.0,0.0,0.0,0.0,0.0,0.0,0.0,0.0,0.0,1.0,2.0,0.0,102.0,0.0,0.0,1.0,60.0,1.0,24.0,0.0,125.0,457.0,316.0,178.0
Cabarrus-372512-11,182.0,3.0,20.0,295.0,86.0,1.0,3.0,97.0,0.0,0.0,0.0,3.0,0.0,0.0,0.0,0.0,0.0,0.0,0.0,2.0,5.0,0.0,117.0,0.0,0.0,1.0,30.0,1.0,20.0,0.0,120.0,500.0,296.0,187.0
Cabarrus-372512-12,229.0,7.0,33.0,472.0,99.0,1.0,3.0,134.0,0.0,0.0,0.0,1.0,0.0,0.0,0.0,0.0,0.0,0.0,0.0,1.0,4.0,0.0,148.0,1.0,0.0,0.0,21.0,3.0,23.0,0.0,188.0,741.0,389.0,237.0
Cabarrus-3725ABSENTEE,1564.0,3.0,154.0,2557.0,0.0,0.0,0.0,0.0,0.0,0.0,0.0,0.0,0.0,0.0,0.0,0.0,0.0,0.0,0.0,0.0,0.0,0.0,0.0,0.0,0.0,0.0,0.0,0.0,0.0,0.0,0.0,4278.0,0.0,0.0
Cabarrus-3725OS-CBB,2838.0,4.0,186.0,4462.0,0.0,0.0,0.0,0.0,0.0,0.0,0.0,0.0,0.0,0.0,0.0,0.0,0.0,0.0,0.0,0.0,0.0,0.0,0.0,0.0,0.0,0.0,0.0,0.0,0.0,0.0,0.0,7490.0,0.0,0.0
Cabarrus-3725OS-CFS,4365.0,4.0,346.0,6075.0,0.0,0.0,0.0,0.0,0.0,0.0,0.0,0.0,0.0,0.0,0.0,0.0,0.0,0.0,0.0,0.0,0.0,0.0,0.0,0.0,0.0,0.0,0.0,0.0,0.0,0.0,0.0,10790.0,0.0,0.0
Cabarrus-3725OS-HBL,3924.0,3.0,203.0,4906.0,0.0,0.0,0.0,0.0,0.0,0.0,0.0,0.0,0.0,0.0,0.0,0.0,0.0,0.0,0.0,0.0,0.0,0.0,0.0,0.0,0.0,0.0,0.0,0.0,0.0,0.0,0.0,9036.0,0.0,0.0
Cabarrus-3725OS-LOB,9043.0,4.0,354.0,10739.0,0.0,0.0,0.0,0.0,0.0,0.0,0.0,0.0,0.0,0.0,0.0,0.0,0.0,0.0,0.0,0.0,0.0,0.0,0.0,0.0,0.0,0.0,0.0,0.0,0.0,0.0,0.0,20140.0,0.0,0.0
Caldwell-3727ABSENTEE,326.0,1.0,25.0,679.0,42.0,0.0,1.0,23.0,0.0,0.0,0.0,0.0,0.0,0.0,0.0,0.0,0.0,0.0,0.0,1.0,6.0,0.0,35.0,1.0,0.0,2.0,12.0,1.0,19.0,0.0,38.0,1031.0,115.0,66.0
Caldwell-3727ONE STOP GRANITE FALLS,1859.0,24.0,190.0,7888.0,0.0,0.0,0.0,0.0,0.0,0.0,0.0,0.0,0.0,0.0,0.0,0.0,0.0,0.0,0.0,0.0,0.0,0.0,0.0,0.0,0.0,0.0,0.0,0.0,0.0,0.0,0.0,9961.0,0.0,0.0
Caldwell-3727ONE STOP LENOIR,4091.0,35.0,251.0,10058.0,0.0,0.0,0.0,0.0,0.0,0.0,0.0,0.0,0.0,0.0,0.0,0.0,0.0,0.0,0.0,0.0,0.0,0.0,0.0,0.0,0.0,0.0,0.0,0.0,0.0,0.0,0.0,14435.0,0.0,0.0
Caldwell-3727OS GRANITE FALLS,0.0,0.0,0.0,0.0,270.0,1.0,15.0,246.0,0.0,0.0,0.0,0.0,0.0,0.0,0.0,1.0,0.0,0.0,1.0,5.0,28.0,0.0,560.0,2.0,2.0,3.0,134.0,2.0,145.0,2.0,789.0,0.0,1672.0,532.0
Caldwell-3727OS LENOIR,0.0,0.0,0.0,0.0,490.0,1.0,4.0,260.0,0.0,0.0,0.0,2.0,0.0,0.0,0.0,0.0,0.0,0.0,0.0,16.0,47.0,1.0,691.0,1.0,0.0,11.0,191.0,1.0,172.0,0.0,1034.0,0.0,2165.0,755.0
Caldwell-3727OS LIBRARY,0.0,0.0,0.0,0.0,168.0,0.0,2.0,191.0,0.0,0.0,0.0,4.0,0.0,0.0,0.0,0.0,0.0,0.0,0.0,7.0,13.0,0.0,249.0,2.0,0.0,1.0,75.0,3.0,67.0,0.0,313.0,0.0,730.0,361.0
Caldwell-3727PR01,134.0,3.0,25.0,424.0,89.0,1.0,1.0,63.0,0.0,0.0,0.0,1.0,0.0,0.0,0.0,0.0,0.0,0.0,0.0,0.0,2.0,0.0,144.0,0.0,0.0,1.0,24.0,1.0,16.0,0.0,184.0,586.0,372.0,154.0
Caldwell-3727PR02,79.0,2.0,18.0,268.0,40.0,0.0,2.0,43.0,0.0,0.0,0.0,0.0,0.0,0.0,0.0,0.0,0.0,0.0,0.0,1.0,6.0,0.0,100.0,0.0,0.0,0.0,11.0,0.0,8.0,0.0,117.0,367.0,243.0,85.0
Caldwell-3727PR07,72.0,1.0,10.0,409.0,30.0,1.0,2.0,39.0,0.0,0.0,0.0,1.0,0.0,0.0,0.0,0.0,0.0,0.0,0.0,3.0,1.0,0.0,123.0,0.0,0.0,0.0,25.0,1.0,12.0,0.0,160.0,492.0,325.0,72.0
Caldwell-3727PR08,87.0,1.0,8.0,289.0,36.0,0.0,0.0,50.0,0.0,0.0,0.0,0.0,0.0,0.0,0.0,0.0,0.0,0.0,0.0,4.0,3.0,1.0,66.0,0.0,0.0,0.0,10.0,0.0,9.0,0.0,69.0,385.0,162.0,86.0
Caldwell-3727PR13,104.0,0.0,23.0,694.0,40.0,1.0,7.0,80.0,0.0,0.0,0.0,2.0,0.0,0.0,0.0,0.0,0.0,0.0,0.0,0.0,5.0,1.0,219.0,1.0,0.0,2.0,24.0,2.0,10.0,1.0,218.0,821.0,483.0,128.0
Caldwell-3727PR14,101.0,8.0,25.0,346.0,48.0,0.0,4.0,82.0,0.0,0.0,0.0,3.0,0.0,0.0,0.0,0.0,0.0,0.0,0.0,1.0,2.0,1.0,178.0,0.0,0.0,0.0,30.0,2.0,17.0,1.0,184.0,480.0,416.0,134.0
Caldwell-3727PR16,93.0,4.0,13.0,142.0,86.0,0.0,1.0,60.0,0.0,0.0,0.0,0.0,0.0,0.0,0.0,0.0,0.0,0.0,0.0,5.0,1.0,0.0,54.0,0.0,0.0,0.0,14.0,0.0,13.0,0.0,46.0,252.0,133.0,147.0
Caldwell-3727PR17,90.0,2.0,17.0,210.0,35.0,0.0,2.0,71.0,0.0,0.0,0.0,0.0,0.0,0.0,0.0,0.0,0.0,0.0,0.0,1.0,2.0,1.0,74.0,0.0,0.0,0.0,26.0,0.0,14.0,1.0,101.0,319.0,220.0,108.0
Caldwell-3727PR18,156.0,7.0,26.0,511.0,95.0,0.0,7.0,97.0,0.0,0.0,0.0,0.0,0.0,0.0,0.0,0.0,0.0,0.0,1.0,3.0,9.0,0.0,210.0,1.0,0.0,3.0,92.0,0.0,35.0,1.0,234.0,700.0,588.0,199.0
Caldwell-3727PR21,85.0,2.0,22.0,550.0,60.0,0.0,1.0,84.0,0.0,1.0,0.0,0.0,0.0,0.0,0.0,0.0,0.0,0.0,0.0,2.0,5.0,2.0,182.0,0.0,0.0,3.0,25.0,1.0,15.0,0.0,219.0,659.0,454.0,145.0
Caldwell-3727PR22,96.0,2.0,12.0,492.0,42.0,1.0,1.0,64.0,0.0,0.0,0.0,0.0,0.0,0.0,1.0,0.0,0.0,0.0,0.0,0.0,7.0,1.0,231.0,1.0,0.0,2.0,37.0,2.0,19.0,1.0,226.0,602.0,527.0,108.0
Caldwell-3727PR24,46.0,3.0,12.0,229.0,37.0,0.0,1.0,47.0,0.0,0.0,0.0,2.0,0.0,0.0,0.0,0.0,0.0,0.0,0.0,1.0,4.0,0.0,116.0,0.0,0.0,0.0,19.0,0.0,9.0,0.0,139.0,290.0,288.0,85.0
Caldwell-3727PR25,58.0,1.0,15.0,278.0,33.0,0.0,2.0,59.0,0.0,0.0,0.0,1.0,0.0,0.0,0.0,0.0,0.0,0.0,0.0,1.0,1.0,0.0,94.0,0.0,0.0,2.0,23.0,0.0,5.0,0.0,128.0,352.0,254.0,94.0
Caldwell-3727PR29,159.0,2.0,24.0,317.0,77.0,2.0,4.0,81.0,0.0,2.0,0.0,0.0,0.0,0.0,0.0,0.0,0.0,0.0,0.0,1.0,9.0,0.0,108.0,0.0,0.0,5.0,18.0,1.0,11.0,0.0,114.0,502.0,267.0,164.0
Caldwell-3727PR30,183.0,2.0,14.0,225.0,114.0,1.0,0.0,71.0,0.0,0.0,0.0,0.0,0.0,0.0,0.0,0.0,0.0,0.0,0.0,1.0,2.0,1.0,58.0,0.0,0.0,3.0,6.0,0.0,5.0,1.0,79.0,424.0,156.0,186.0
Caldwell-3727PR31,87.0,0.0,9.0,171.0,42.0,1.0,1.0,46.0,0.0,0.0,0.0,0.0,0.0,0.0,0.0,0.0,0.0,0.0,0.0,0.0,0.0,0.0,63.0,0.0,0.0,0.0,12.0,0.0,12.0,0.0,77.0,267.0,164.0,90.0
Caldwell-3727PR32,100.0,5.0,21.0,613.0,63.0,1.0,2.0,81.0,0.0,0.0,0.0,0.0,0.0,0.0,0.0,0.0,0.0,0.0,0.0,1.0,5.0,0.0,197.0,0.0,0.0,4.0,38.0,1.0,17.0,1.0,202.0,739.0,466.0,147.0
Caldwell-3727PR33,166.0,0.0,31.0,728.0,100.0,0.0,3.0,121.0,0.0,0.0,0.0,1.0,0.0,0.0,0.0,0.0,0.0,0.0,0.0,1.0,9.0,0.0,301.0,1.0,0.0,2.0,55.0,2.0,28.0,0.0,375.0,925.0,774.0,224.0
Caldwell-3727PR34,167.0,15.0,42.0,673.0,106.0,0.0,5.0,112.0,0.0,2.0,0.0,4.0,0.0,0.0,1.0,0.0,0.0,0.0,0.0,0.0,3.0,1.0,366.0,0.0,0.0,1.0,108.0,2.0,33.0,0.0,411.0,897.0,925.0,223.0
Caldwell-3727PR35,63.0,3.0,12.0,305.0,18.0,0.0,3.0,42.0,0.0,0.0,1.0,1.0,0.0,0.0,0.0,0.0,0.0,0.0,0.0,0.0,1.0,1.0,156.0,0.0,0.0,2.0,23.0,0.0,14.0,0.0,145.0,383.0,342.0,63.0
Camden-3729ABSENTEE,37.0,2.0,8.0,75.0,4.0,0.0,1.0,8.0,0.0,0.0,0.0,0.0,0.0,0.0,0.0,0.0,0.0,0.0,0.0,0.0,4.0,0.0,4.0,0.0,0.0,0.0,1.0,0.0,3.0,0.0,7.0,122.0,19.0,13.0
Camden-3729CH,152.0,1.0,24.0,393.0,111.0,1.0,6.0,83.0,0.0,0.0,0.0,1.0,0.0,0.0,0.0,0.0,0.0,0.0,0.0,1.0,5.0,0.0,106.0,0.0,0.0,0.0,33.0,1.0,32.0,0.0,152.0,570.0,330.0,201.0
Camden-3729ONE STOP,810.0,1.0,73.0,1929.0,191.0,3.0,12.0,74.0,0.0,0.0,0.0,0.0,0.0,0.0,0.0,0.0,0.0,0.0,0.0,2.0,1.0,1.0,125.0,0.0,0.0,1.0,29.0,1.0,56.0,0.0,231.0,2813.0,447.0,280.0
Camden-3729SH,74.0,1.0,21.0,452.0,57.0,0.0,3.0,59.0,0.0,0.0,0.0,3.0,0.0,0.0,0.0,0.0,0.0,0.0,0.0,1.0,1.0,0.0,71.0,0.0,0.0,1.0,13.0,2.0,22.0,0.0,134.0,548.0,245.0,119.0
Camden-3729SM,197.0,3.0,23.0,681.0,105.0,1.0,5.0,74.0,0.0,0.0,0.0,2.0,0.0,0.0,0.0,0.0,0.0,0.0,0.0,2.0,3.0,0.0,122.0,0.0,0.0,1.0,18.0,1.0,28.0,0.0,225.0,904.0,400.0,185.0
Carteret-3731ABCH,86.0,1.0,15.0,323.0,50.0,0.0,2.0,57.0,0.0,0.0,0.0,2.0,0.0,0.0,0.0,0.0,0.0,0.0,0.0,0.0,3.0,0.0,63.0,1.0,0.0,1.0,36.0,0.0,12.0,0.0,159.0,425.0,275.0,109.0
Carteret-3731ABSENTEE,424.0,3.0,47.0,807.0,69.0,0.0,3.0,37.0,0.0,0.0,0.0,0.0,0.0,0.0,0.0,0.0,0.0,0.0,0.0,4.0,1.0,1.0,67.0,0.0,0.0,0.0,30.0,1.0,56.0,0.0,96.0,1281.0,256.0,109.0
Carteret-3731ATSL,64.0,1.0,4.0,191.0,27.0,0.0,0.0,28.0,0.0,0.0,0.0,0.0,0.0,0.0,0.0,0.0,0.0,0.0,0.0,0.0,0.0,0.0,26.0,0.0,0.0,1.0,13.0,0.0,4.0,0.0,63.0,260.0,107.0,55.0
Carteret-3731BCRK,82.0,1.0,24.0,443.0,47.0,0.0,4.0,59.0,0.0,0.0,0.0,1.0,0.0,0.0,1.0,0.0,0.0,0.0,0.0,0.0,5.0,0.0,123.0,0.0,0.0,0.0,25.0,2.0,11.0,0.0,194.0,550.0,360.0,110.0
Carteret-3731BFT1,140.0,6.0,14.0,86.0,116.0,0.0,1.0,87.0,0.0,1.0,0.0,0.0,0.0,0.0,0.0,0.0,0.0,0.0,0.0,2.0,1.0,0.0,33.0,0.0,0.0,0.0,40.0,0.0,9.0,0.0,61.0,246.0,146.0,204.0
Carteret-3731BFT2,152.0,0.0,19.0,314.0,140.0,1.0,6.0,139.0,0.0,0.0,0.0,2.0,0.0,0.0,0.0,1.0,0.0,0.0,0.0,1.0,6.0,0.0,95.0,0.0,0.0,2.0,53.0,3.0,26.0,0.0,175.0,485.0,361.0,286.0
Carteret-3731BOGU,104.0,2.0,17.0,459.0,46.0,2.0,4.0,74.0,1.0,1.0,0.0,1.0,0.0,0.0,0.0,0.0,0.0,0.0,0.0,0.0,2.0,0.0,123.0,1.0,0.0,4.0,30.0,2.0,27.0,2.0,280.0,582.0,471.0,126.0
Carteret-3731CCCP,73.0,4.0,17.0,364.0,51.0,2.0,7.0,93.0,0.0,0.0,0.0,1.0,0.0,0.0,0.0,0.0,0.0,0.0,0.0,2.0,4.0,0.0,156.0,2.0,0.0,3.0,79.0,3.0,30.0,0.0,277.0,458.0,556.0,153.0
Carteret-3731CISL,13.0,0.0,0.0,86.0,9.0,0.0,0.0,8.0,0.0,0.0,0.0,0.0,0.0,0.0,0.0,0.0,0.0,0.0,0.0,0.0,0.0,0.0,9.0,0.0,0.0,0.0,1.0,0.0,0.0,0.0,16.0,99.0,26.0,17.0
Carteret-3731DASW,31.0,0.0,5.0,152.0,16.0,0.0,1.0,27.0,0.0,0.0,0.0,0.0,0.0,0.0,0.0,0.0,0.0,0.0,0.0,1.0,2.0,0.0,40.0,0.0,0.0,1.0,10.0,1.0,11.0,0.0,73.0,188.0,139.0,44.0
Carteret-3731EMIS,158.0,2.0,16.0,544.0,117.0,2.0,2.0,115.0,0.0,0.0,0.0,2.0,0.0,0.0,0.0,0.0,0.0,0.0,0.0,2.0,4.0,1.0,194.0,0.0,0.0,1.0,114.0,1.0,37.0,0.0,339.0,720.0,693.0,236.0
Carteret-3731HAIS,42.0,2.0,4.0,280.0,34.0,0.0,1.0,31.0,0.0,0.0,0.0,0.0,0.0,0.0,0.0,0.0,0.0,0.0,0.0,0.0,1.0,0.0,77.0,0.0,0.0,0.0,12.0,0.0,7.0,2.0,129.0,328.0,228.0,66.0
Carteret-3731IBSP,39.0,0.0,2.0,115.0,24.0,0.0,2.0,17.0,0.0,0.0,0.0,0.0,0.0,0.0,0.0,0.0,0.0,0.0,0.0,0.0,0.0,0.0,11.0,0.0,0.0,1.0,8.0,0.0,0.0,0.0,39.0,156.0,59.0,43.0
Carteret-3731MASM,63.0,0.0,7.0,187.0,33.0,3.0,2.0,29.0,0.0,0.0,0.0,0.0,0.0,0.0,0.0,0.0,0.0,0.0,0.0,0.0,2.0,0.0,42.0,1.0,0.0,0.0,12.0,0.0,8.0,0.0,69.0,257.0,134.0,67.0
Carteret-3731MCRK,17.0,2.0,6.0,201.0,9.0,1.0,1.0,24.0,0.0,0.0,0.0,0.0,0.0,0.0,0.0,0.0,0.0,0.0,0.0,0.0,1.0,1.0,54.0,0.0,0.0,0.0,11.0,0.0,9.0,0.0,88.0,226.0,164.0,35.0
Carteret-3731MERR,55.0,0.0,0.0,136.0,33.0,0.0,1.0,47.0,0.0,0.0,0.0,0.0,0.0,0.0,0.0,0.0,0.0,0.0,0.0,0.0,0.0,1.0,20.0,0.0,0.0,0.0,9.0,0.0,2.0,0.0,48.0,191.0,80.0,81.0
Carteret-3731MHD1,122.0,0.0,20.0,297.0,110.0,0.0,7.0,78.0,0.0,0.0,0.0,0.0,0.0,0.0,0.0,0.0,0.0,0.0,0.0,3.0,4.0,0.0,127.0,0.0,1.0,0.0,49.0,1.0,25.0,0.0,193.0,439.0,403.0,195.0
Carteret-3731MHD2,154.0,2.0,17.0,325.0,100.0,3.0,3.0,109.0,0.0,1.0,0.0,1.0,0.0,0.0,0.0,0.0,0.0,0.0,1.0,1.0,3.0,1.0,95.0,0.0,0.0,1.0,60.0,0.0,24.0,0.0,181.0,498.0,366.0,215.0
Carteret-3731MHD3,176.0,1.0,23.0,510.0,136.0,0.0,1.0,134.0,0.0,0.0,0.0,2.0,0.0,0.0,0.0,0.0,0.0,0.0,0.0,2.0,4.0,0.0,180.0,0.0,0.0,3.0,97.0,3.0,36.0,1.0,318.0,710.0,644.0,271.0
Carteret-3731MHD4,103.0,0.0,20.0,390.0,89.0,1.0,2.0,77.0,0.0,0.0,0.0,3.0,0.0,0.0,0.0,0.0,0.0,0.0,0.0,3.0,11.0,0.0,176.0,0.0,0.0,2.0,103.0,1.0,38.0,1.0,277.0,513.0,612.0,169.0
Carteret-3731NPT1,144.0,2.0,30.0,543.0,91.0,2.0,5.0,118.0,0.0,0.0,0.0,0.0,0.0,0.0,0.0,0.0,0.0,0.0,0.0,4.0,6.0,2.0,174.0,0.0,0.0,2.0,27.0,2.0,30.0,1.0,272.0,719.0,520.0,216.0
Carteret-3731NPT2,77.0,1.0,18.0,456.0,49.0,2.0,5.0,81.0,0.0,0.0,0.0,0.0,0.0,0.0,0.0,1.0,0.0,0.0,0.0,1.0,8.0,1.0,206.0,0.0,0.0,0.0,29.0,1.0,18.0,0.0,255.0,552.0,519.0,137.0
Carteret-3731NRIV,92.0,1.0,4.0,45.0,63.0,1.0,0.0,19.0,0.0,0.0,0.0,0.0,0.0,0.0,0.0,0.0,0.0,1.0,0.0,0.0,1.0,0.0,18.0,0.0,1.0,0.0,8.0,0.0,4.0,0.0,32.0,142.0,64.0,83.0
Carteret-3731OS-BOE,2251.0,8.0,131.0,4080.0,451.0,3.0,10.0,338.0,0.0,0.0,0.0,0.0,1.0,0.0,0.0,0.0,0.0,0.0,0.0,6.0,13.0,0.0,354.0,1.0,1.0,5.0,145.0,1.0,94.0,0.0,741.0,6470.0,1361.0,802.0
Carteret-3731OS-CEN,1509.0,10.0,152.0,5090.0,214.0,1.0,13.0,194.0,0.0,0.0,0.0,1.0,0.0,0.0,0.0,0.0,0.0,0.0,0.0,3.0,7.0,3.0,376.0,1.0,0.0,4.0,90.0,1.0,72.0,0.0,657.0,6761.0,1214.0,422.0
Carteret-3731OS-EAS,98.0,1.0,3.0,467.0,17.0,0.0,1.0,14.0,0.0,0.0,0.0,1.0,0.0,0.0,0.0,0.0,0.0,0.0,0.0,1.0,1.0,1.0,36.0,0.0,0.0,2.0,4.0,0.0,9.0,0.0,70.0,569.0,124.0,32.0
Carteret-3731OS-MHD,1788.0,11.0,107.0,3201.0,251.0,2.0,7.0,153.0,0.0,0.0,0.0,0.0,0.0,0.0,0.0,0.0,0.0,0.0,0.0,3.0,15.0,0.0,205.0,0.0,0.0,0.0,76.0,0.0,56.0,3.0,384.0,5107.0,742.0,413.0
Carteret-3731OS-WES,1320.0,11.0,84.0,4384.0,224.0,2.0,6.0,200.0,0.0,0.0,0.0,0.0,0.0,0.0,0.0,0.0,0.0,0.0,0.0,6.0,9.0,3.0,288.0,1.0,0.0,1.0,113.0,0.0,96.0,1.0,604.0,5799.0,1122.0,432.0
Carteret-3731OTBE,60.0,1.0,21.0,371.0,49.0,0.0,5.0,55.0,0.0,0.0,0.0,0.0,0.0,0.0,0.0,0.0,0.0,0.0,0.0,2.0,5.0,0.0,107.0,0.0,0.0,0.0,27.0,0.0,19.0,0.0,206.0,453.0,366.0,109.0
Carteret-3731PELE,45.0,1.0,11.0,201.0,22.0,2.0,2.0,42.0,0.0,0.0,0.0,0.0,0.0,0.0,0.0,0.0,0.0,0.0,0.0,3.0,3.0,0.0,65.0,0.0,0.0,0.0,20.0,0.0,8.0,1.0,125.0,258.0,225.0,68.0
Carteret-3731PKNL,133.0,0.0,14.0,326.0,77.0,1.0,1.0,59.0,0.0,0.0,0.0,1.0,0.0,0.0,0.0,0.0,0.0,0.0,0.0,1.0,0.0,1.0,94.0,0.0,0.0,1.0,80.0,0.0,23.0,0.0,133.0,473.0,333.0,138.0
Carteret-3731STEL,71.0,1.0,20.0,343.0,44.0,1.0,2.0,29.0,0.0,0.0,0.0,2.0,0.0,0.0,0.0,0.0,0.0,0.0,0.0,1.0,3.0,0.0,81.0,0.0,0.0,3.0,19.0,2.0,17.0,0.0,133.0,435.0,259.0,76.0
Carteret-3731WIHA,62.0,3.0,8.0,254.0,58.0,0.0,2.0,50.0,0.0,0.0,0.0,0.0,1.0,0.0,0.0,0.0,0.0,0.0,0.0,2.0,3.0,1.0,96.0,2.0,0.0,1.0,23.0,0.0,12.0,0.0,145.0,327.0,285.0,110.0
Carteret-3731WILD,139.0,3.0,23.0,416.0,78.0,1.0,4.0,80.0,0.0,0.0,0.0,0.0,0.0,0.0,0.0,0.0,0.0,0.0,1.0,0.0,6.0,0.0,135.0,2.0,0.0,1.0,65.0,1.0,26.0,0.0,273.0,581.0,509.0,163.0
Caswell-3733ABSENTEE,76.0,1.0,5.0,178.0,0.0,0.0,0.0,0.0,0.0,0.0,0.0,0.0,0.0,0.0,0.0,0.0,0.0,0.0,0.0,0.0,0.0,0.0,0.0,0.0,0.0,0.0,0.0,0.0,0.0,0.0,0.0,260.0,0.0,0.0
Caswell-3733ANDE,172.0,0.0,15.0,388.0,39.0,2.0,5.0,44.0,0.0,0.0,0.0,0.0,0.0,0.0,0.0,0.0,0.0,0.0,0.0,1.0,3.0,0.0,74.0,0.0,0.0,0.0,10.0,0.0,5.0,0.0,81.0,575.0,174.0,90.0
Caswell-3733LEAS,213.0,0.0,17.0,250.0,96.0,4.0,1.0,46.0,0.0,0.0,0.0,0.0,0.0,0.0,0.0,0.0,0.0,0.0,0.0,0.0,3.0,0.0,40.0,0.0,0.0,1.0,3.0,2.0,5.0,0.0,26.0,480.0,80.0,147.0
Caswell-3733LOCU,778.0,2.0,12.0,569.0,336.0,4.0,7.0,86.0,0.0,0.0,0.0,0.0,0.0,0.0,0.0,0.0,0.0,0.0,0.0,0.0,2.0,0.0,102.0,0.0,0.0,1.0,12.0,0.0,11.0,0.0,97.0,1361.0,225.0,433.0
Caswell-3733MILT,815.0,1.0,31.0,571.0,324.0,5.0,7.0,160.0,0.0,0.0,0.0,0.0,0.0,0.0,0.0,0.0,0.0,0.0,0.0,0.0,4.0,0.0,75.0,1.0,0.0,0.0,9.0,0.0,5.0,0.0,94.0,1418.0,188.0,496.0
Caswell-3733PELH,621.0,1.0,39.0,1296.0,246.0,2.0,11.0,125.0,0.0,0.0,0.0,0.0,0.0,0.0,0.0,0.0,0.0,0.0,0.0,0.0,4.0,0.0,123.0,0.0,0.0,2.0,17.0,1.0,19.0,2.0,239.0,1957.0,407.0,384.0
Caswell-3733PH,441.0,0.0,22.0,802.0,166.0,1.0,7.0,131.0,1.0,0.0,0.0,1.0,0.0,0.0,0.0,0.0,0.0,0.0,0.0,1.0,2.0,0.0,114.0,0.0,1.0,1.0,6.0,1.0,9.0,0.0,135.0,1265.0,270.0,305.0
Caswell-3733PROVI,202.0,1.0,11.0,347.0,99.0,0.0,7.0,51.0,0.0,1.0,0.0,0.0,0.0,0.0,0.0,0.0,0.0,0.0,0.0,2.0,1.0,0.0,39.0,0.0,0.0,0.0,5.0,0.0,8.0,0.0,57.0,561.0,112.0,157.0
Caswell-3733STON,502.0,3.0,24.0,929.0,157.0,2.0,10.0,119.0,0.0,0.0,0.0,0.0,0.0,0.0,0.0,0.0,0.0,0.0,0.0,1.0,2.0,1.0,150.0,0.0,1.0,0.0,12.0,0.0,15.0,1.0,153.0,1458.0,336.0,288.0
Caswell-3733YANC,805.0,0.0,37.0,606.0,282.0,2.0,5.0,137.0,0.0,0.0,0.0,0.0,0.0,0.0,0.0,0.0,0.0,0.0,0.0,0.0,6.0,0.0,77.0,1.0,0.0,0.0,14.0,1.0,6.0,0.0,119.0,1448.0,224.0,426.0
Catawba-373501,334.0,0.0,36.0,1904.0,81.0,2.0,1.0,76.0,0.0,0.0,0.0,0.0,0.0,0.0,0.0,0.0,0.0,0.0,0.0,1.0,7.0,0.0,423.0,0.0,0.0,0.0,47.0,1.0,37.0,0.0,428.0,2274.0,944.0,160.0
Catawba-373502,284.0,2.0,29.0,1202.0,90.0,1.0,4.0,76.0,0.0,0.0,0.0,0.0,0.0,0.0,0.0,1.0,0.0,0.0,0.0,2.0,9.0,1.0,264.0,0.0,0.0,3.0,28.0,1.0,27.0,0.0,305.0,1517.0,640.0,171.0
Catawba-373503,335.0,4.0,41.0,1161.0,72.0,1.0,0.0,99.0,0.0,0.0,0.0,0.0,0.0,0.0,0.0,0.0,0.0,0.0,0.0,2.0,8.0,0.0,251.0,0.0,0.0,2.0,23.0,1.0,19.0,0.0,224.0,1541.0,530.0,172.0
Catawba-373504,197.0,1.0,17.0,258.0,61.0,0.0,0.0,43.0,0.0,0.0,0.0,1.0,0.0,0.0,0.0,0.0,0.0,0.0,0.0,0.0,0.0,0.0,39.0,0.0,0.0,0.0,7.0,1.0,5.0,0.0,62.0,473.0,114.0,104.0
Catawba-373505,565.0,3.0,47.0,1539.0,181.0,0.0,2.0,112.0,0.0,0.0,0.0,0.0,0.0,0.0,0.0,0.0,0.0,0.0,0.0,2.0,3.0,0.0,254.0,0.0,0.0,0.0,33.0,2.0,21.0,0.0,308.0,2154.0,623.0,295.0
Catawba-373506,381.0,2.0,39.0,1192.0,138.0,1.0,7.0,72.0,0.0,0.0,0.0,0.0,0.0,0.0,0.0,0.0,0.0,0.0,0.0,0.0,7.0,0.0,255.0,0.0,0.0,2.0,71.0,1.0,39.0,0.0,324.0,1614.0,699.0,218.0
Catawba-373507,706.0,3.0,54.0,1116.0,164.0,0.0,0.0,132.0,0.0,0.0,0.0,4.0,0.0,0.0,0.0,0.0,0.0,0.0,0.0,2.0,7.0,0.0,248.0,1.0,0.0,1.0,46.0,1.0,19.0,1.0,255.0,1879.0,581.0,296.0
Catawba-373508,459.0,3.0,47.0,1269.0,125.0,1.0,3.0,112.0,0.0,0.0,0.0,0.0,0.0,0.0,0.0,0.0,0.0,0.0,0.0,4.0,8.0,0.0,322.0,0.0,0.0,3.0,84.0,2.0,49.0,0.0,301.0,1778.0,773.0,241.0
Catawba-373509,244.0,3.0,44.0,1337.0,62.0,1.0,6.0,67.0,0.0,0.0,0.0,2.0,0.0,0.0,0.0,0.0,0.0,0.0,0.0,2.0,4.0,0.0,294.0,0.0,0.0,1.0,25.0,2.0,23.0,2.0,285.0,1628.0,638.0,136.0
Catawba-373510,190.0,0.0,6.0,137.0,52.0,0.0,2.0,24.0,0.0,0.0,0.0,0.0,0.0,0.0,0.0,0.0,0.0,0.0,0.0,0.0,0.0,0.0,19.0,0.0,0.0,2.0,1.0,0.0,0.0,0.0,32.0,333.0,54.0,78.0
Catawba-373511,318.0,4.0,24.0,320.0,76.0,0.0,3.0,79.0,0.0,0.0,0.0,1.0,0.0,0.0,0.0,0.0,0.0,0.0,0.0,0.0,0.0,0.0,84.0,0.0,0.0,0.0,56.0,0.0,19.0,0.0,80.0,666.0,239.0,158.0
Catawba-373512,692.0,1.0,23.0,222.0,238.0,2.0,0.0,69.0,0.0,0.0,0.0,1.0,0.0,0.0,0.0,0.0,0.0,0.0,0.0,0.0,0.0,0.0,38.0,0.0,0.0,0.0,3.0,0.0,5.0,0.0,47.0,938.0,93.0,309.0
Catawba-373513,522.0,5.0,30.0,349.0,92.0,1.0,1.0,98.0,0.0,0.0,0.0,0.0,0.0,0.0,0.0,0.0,0.0,0.0,0.0,0.0,0.0,0.0,58.0,0.0,0.0,2.0,10.0,0.0,6.0,0.0,66.0,906.0,142.0,192.0
Catawba-373514,457.0,1.0,34.0,558.0,120.0,0.0,0.0,118.0,0.0,0.0,0.0,1.0,0.0,0.0,0.0,0.0,0.0,0.0,0.0,2.0,10.0,0.0,158.0,0.0,0.0,1.0,133.0,2.0,54.0,0.0,138.0,1050.0,498.0,238.0
Catawba-373515,435.0,0.0,2.0,24.0,113.0,1.0,0.0,33.0,0.0,0.0,0.0,0.0,0.0,0.0,0.0,0.0,0.0,0.0,0.0,1.0,0.0,0.0,2.0,0.0,0.0,0.0,0.0,0.0,0.0,0.0,2.0,461.0,5.0,147.0
Catawba-373516,640.0,4.0,64.0,828.0,146.0,1.0,4.0,147.0,1.0,0.0,0.0,2.0,0.0,0.0,0.0,1.0,0.0,0.0,0.0,1.0,7.0,1.0,159.0,1.0,0.0,1.0,49.0,1.0,26.0,0.0,190.0,1536.0,436.0,298.0
Catawba-373517,368.0,4.0,33.0,568.0,58.0,1.0,3.0,90.0,0.0,0.0,0.0,0.0,0.0,0.0,0.0,0.0,0.0,0.0,0.0,0.0,1.0,0.0,91.0,0.0,0.0,0.0,13.0,0.0,8.0,0.0,164.0,973.0,277.0,152.0
Catawba-373519,240.0,6.0,15.0,466.0,78.0,2.0,1.0,54.0,0.0,0.0,0.0,1.0,0.0,0.0,0.0,0.0,0.0,0.0,0.0,0.0,1.0,0.0,104.0,1.0,0.0,0.0,8.0,1.0,5.0,0.0,111.0,727.0,231.0,135.0
Catawba-373520,494.0,4.0,51.0,1566.0,159.0,3.0,5.0,101.0,0.0,0.0,0.0,0.0,0.0,0.0,0.0,0.0,0.0,0.0,0.0,2.0,8.0,2.0,323.0,2.0,1.0,4.0,29.0,2.0,47.0,2.0,271.0,2115.0,693.0,268.0
Catawba-373521,229.0,2.0,17.0,947.0,68.0,0.0,5.0,62.0,0.0,0.0,0.0,0.0,0.0,0.0,0.0,0.0,0.0,0.0,1.0,0.0,1.0,0.0,172.0,0.0,0.0,0.0,41.0,0.0,16.0,0.0,235.0,1195.0,465.0,135.0
Catawba-373522,579.0,2.0,59.0,1523.0,152.0,1.0,9.0,107.0,0.0,1.0,0.0,0.0,0.0,0.0,0.0,0.0,0.0,0.0,0.0,2.0,2.0,0.0,309.0,1.0,0.0,3.0,61.0,0.0,32.0,0.0,334.0,2163.0,744.0,269.0
Catawba-373523,760.0,3.0,88.0,2037.0,199.0,2.0,6.0,210.0,0.0,0.0,0.0,3.0,0.0,0.0,0.0,0.0,0.0,0.0,0.0,4.0,12.0,0.0,501.0,0.0,0.0,2.0,109.0,3.0,70.0,1.0,414.0,2888.0,1116.0,417.0
Catawba-373524,670.0,4.0,73.0,2085.0,184.0,1.0,7.0,185.0,1.0,1.0,0.0,0.0,1.0,0.0,0.0,0.0,0.0,0.0,0.0,1.0,10.0,2.0,455.0,1.0,1.0,3.0,91.0,4.0,56.0,1.0,532.0,2832.0,1157.0,377.0
Catawba-373525,472.0,4.0,34.0,714.0,104.0,2.0,3.0,101.0,0.0,0.0,0.0,2.0,0.0,0.0,0.0,0.0,0.0,0.0,0.0,1.0,4.0,1.0,133.0,0.0,0.0,0.0,18.0,0.0,17.0,0.0,150.0,1224.0,324.0,210.0
Catawba-373526,493.0,4.0,46.0,736.0,157.0,1.0,1.0,112.0,0.0,0.0,0.0,0.0,0.0,0.0,0.0,0.0,0.0,0.0,1.0,1.0,1.0,0.0,168.0,0.0,1.0,0.0,76.0,0.0,43.0,0.0,213.0,1279.0,503.0,271.0
Catawba-373527,484.0,5.0,58.0,1945.0,111.0,1.0,6.0,146.0,0.0,0.0,0.0,2.0,0.0,0.0,0.0,0.0,0.0,0.0,1.0,2.0,4.0,0.0,372.0,1.0,0.0,0.0,39.0,0.0,27.0,0.0,395.0,2492.0,840.0,264.0
Catawba-373528,601.0,5.0,49.0,1356.0,118.0,1.0,2.0,152.0,0.0,0.0,0.0,0.0,0.0,0.0,0.0,0.0,0.0,0.0,0.0,2.0,4.0,3.0,289.0,1.0,0.0,0.0,57.0,1.0,12.0,0.0,307.0,2011.0,676.0,273.0
Catawba-373529,380.0,5.0,53.0,1254.0,85.0,2.0,3.0,78.0,0.0,0.0,0.0,0.0,0.0,0.0,0.0,0.0,0.0,0.0,0.0,1.0,3.0,0.0,264.0,0.0,0.0,1.0,43.0,2.0,29.0,0.0,331.0,1692.0,674.0,168.0
Catawba-373530,885.0,7.0,74.0,1458.0,190.0,2.0,3.0,199.0,0.0,0.0,0.0,0.0,0.0,0.0,0.0,0.0,0.0,0.0,0.0,1.0,7.0,3.0,273.0,1.0,0.0,2.0,60.0,2.0,50.0,0.0,330.0,2424.0,729.0,394.0
Catawba-373531,648.0,8.0,68.0,2227.0,184.0,4.0,4.0,128.0,0.0,0.0,0.0,1.0,0.0,0.0,0.0,0.0,0.0,0.0,0.0,4.0,11.0,3.0,370.0,3.0,0.0,3.0,91.0,3.0,57.0,0.0,586.0,2951.0,1131.0,320.0
Catawba-373532,686.0,8.0,63.0,1162.0,212.0,0.0,1.0,147.0,0.0,0.0,0.0,1.0,1.0,0.0,0.0,0.0,0.0,0.0,0.0,1.0,6.0,1.0,235.0,0.0,2.0,0.0,61.0,4.0,25.0,0.0,273.0,1919.0,608.0,360.0
Catawba-373533,933.0,8.0,89.0,3020.0,223.0,2.0,8.0,198.0,0.0,0.0,0.0,0.0,0.0,0.0,0.0,0.0,0.0,0.0,0.0,9.0,15.0,2.0,601.0,0.0,0.0,3.0,104.0,1.0,86.0,1.0,672.0,4050.0,1494.0,431.0
Catawba-373534,792.0,1.0,103.0,2412.0,203.0,0.0,5.0,188.0,0.0,0.0,0.0,3.0,0.0,0.0,0.0,0.0,0.0,0.0,0.0,3.0,8.0,1.0,552.0,0.0,0.0,2.0,123.0,4.0,89.0,0.0,549.0,3308.0,1331.0,396.0
Catawba-373535,466.0,5.0,33.0,854.0,89.0,2.0,2.0,94.0,0.0,0.0,0.0,1.0,0.0,0.0,0.0,0.0,0.0,0.0,0.0,1.0,2.0,1.0,188.0,0.0,1.0,1.0,22.0,1.0,23.0,0.0,165.0,1358.0,405.0,187.0
Catawba-373536,580.0,3.0,53.0,914.0,145.0,3.0,0.0,154.0,0.0,0.0,0.0,1.0,0.0,0.0,0.0,0.0,0.0,0.0,0.0,3.0,4.0,1.0,178.0,0.0,0.0,0.0,166.0,0.0,49.0,0.0,241.0,1550.0,642.0,302.0
Catawba-373537,613.0,8.0,64.0,881.0,147.0,2.0,2.0,182.0,0.0,0.0,0.0,0.0,0.0,0.0,0.0,0.0,0.0,0.0,0.0,3.0,5.0,0.0,175.0,1.0,1.0,2.0,76.0,0.0,39.0,0.0,226.0,1566.0,528.0,333.0
Catawba-373538,665.0,3.0,72.0,1336.0,171.0,1.0,2.0,172.0,0.0,0.0,0.0,0.0,0.0,0.0,1.0,1.0,0.0,0.0,0.0,4.0,8.0,2.0,313.0,2.0,0.0,1.0,132.0,1.0,71.0,1.0,335.0,2076.0,870.0,346.0
Catawba-373539,454.0,4.0,49.0,1164.0,113.0,1.0,2.0,114.0,0.0,0.0,0.0,0.0,0.0,0.0,0.0,1.0,0.0,0.0,0.0,5.0,12.0,1.0,273.0,0.0,0.0,3.0,153.0,1.0,54.0,0.0,350.0,1671.0,852.0,230.0
Catawba-373540,388.0,4.0,41.0,578.0,114.0,1.0,0.0,67.0,0.0,0.0,0.0,1.0,1.0,0.0,0.0,0.0,0.0,0.0,0.0,1.0,8.0,0.0,139.0,0.0,2.0,0.0,26.0,3.0,24.0,1.0,153.0,1011.0,357.0,182.0
Catawba-373541,448.0,3.0,55.0,1764.0,122.0,3.0,4.0,121.0,0.0,0.0,0.0,3.0,0.0,0.0,0.0,0.0,0.0,0.0,0.0,1.0,6.0,1.0,278.0,0.0,0.0,2.0,115.0,5.0,47.0,0.0,473.0,2270.0,928.0,250.0
Catawba-3735ABSENTEE,790.0,5.0,79.0,1478.0,79.0,2.0,0.0,49.0,0.0,0.0,0.0,0.0,0.0,0.0,0.0,0.0,0.0,0.0,0.0,4.0,5.0,0.0,82.0,0.0,0.0,1.0,23.0,3.0,44.0,0.0,135.0,2352.0,297.0,130.0
Catawba-3735OS-CONOVER DS200,0.0,0.0,0.0,0.0,0.0,0.0,0.0,0.0,0.0,0.0,0.0,0.0,0.0,0.0,0.0,0.0,0.0,0.0,0.0,0.0,0.0,0.0,0.0,0.0,0.0,0.0,0.0,0.0,0.0,0.0,0.0,0.0,0.0,0.0
Catawba-3735OS-HICKORY DS200,0.0,0.0,0.0,0.0,0.0,0.0,0.0,0.0,0.0,0.0,0.0,0.0,0.0,0.0,0.0,0.0,0.0,0.0,0.0,0.0,0.0,0.0,0.0,0.0,0.0,0.0,0.0,0.0,0.0,0.0,0.0,0.0,0.0,0.0
Catawba-3735OS-MTN VIEW DS200,0.0,0.0,0.0,0.0,0.0,0.0,0.0,0.0,0.0,0.0,0.0,0.0,0.0,0.0,0.0,0.0,0.0,0.0,0.0,0.0,0.0,0.0,0.0,0.0,0.0,0.0,0.0,0.0,0.0,0.0,0.0,0.0,0.0,0.0
Catawba-3735OS-NEWTON DS200,0.0,0.0,0.0,0.0,0.0,0.0,0.0,0.0,0.0,0.0,0.0,0.0,0.0,0.0,0.0,0.0,0.0,0.0,0.0,0.0,0.0,0.0,0.0,0.0,0.0,0.0,0.0,0.0,0.0,0.0,0.0,0.0,0.0,0.0
Catawba-3735OS-SHERR FORD DS200,0.0,0.0,0.0,0.0,0.0,0.0,0.0,0.0,0.0,0.0,0.0,0.0,0.0,0.0,0.0,0.0,0.0,0.0,0.0,0.0,0.0,0.0,0.0,0.0,0.0,0.0,0.0,0.0,0.0,0.0,0.0,0.0,0.0,0.0
Chatham-373715,197.0,5.0,21.0,190.0,152.0,0.0,4.0,195.0,0.0,0.0,0.0,1.0,0.0,0.0,0.0,0.0,0.0,0.0,0.0,2.0,1.0,0.0,78.0,0.0,0.0,1.0,29.0,0.0,6.0,0.0,66.0,413.0,183.0,351.0
Chatham-373718,99.0,1.0,14.0,337.0,132.0,4.0,13.0,109.0,0.0,0.0,0.0,0.0,0.0,0.0,1.0,0.0,0.0,0.0,0.0,2.0,2.0,1.0,120.0,0.0,0.0,1.0,10.0,0.0,4.0,0.0,116.0,451.0,256.0,258.0
Chatham-373720,186.0,3.0,31.0,453.0,144.0,1.0,6.0,113.0,0.0,0.0,0.0,0.0,0.0,0.0,0.0,0.0,0.0,0.0,0.0,1.0,1.0,0.0,168.0,1.0,0.0,1.0,18.0,1.0,16.0,0.0,126.0,673.0,333.0,264.0
Chatham-373721,171.0,3.0,23.0,261.0,96.0,0.0,3.0,183.0,0.0,0.0,0.0,0.0,0.0,0.0,0.0,0.0,0.0,0.0,0.0,1.0,5.0,0.0,120.0,1.0,0.0,1.0,22.0,1.0,11.0,0.0,86.0,458.0,248.0,282.0
Chatham-373724,26.0,0.0,11.0,310.0,19.0,0.0,7.0,46.0,0.0,0.0,0.0,0.0,0.0,0.0,0.0,0.0,0.0,0.0,0.0,0.0,0.0,1.0,84.0,0.0,0.0,0.0,9.0,0.0,6.0,0.0,52.0,347.0,152.0,72.0
Chatham-37373,130.0,2.0,21.0,468.0,83.0,5.0,6.0,90.0,0.0,0.0,0.0,0.0,0.0,0.0,0.0,0.0,0.0,0.0,0.0,1.0,4.0,0.0,140.0,0.0,0.0,3.0,25.0,0.0,14.0,0.0,112.0,621.0,299.0,184.0
Chatham-373730,102.0,2.0,11.0,253.0,82.0,2.0,4.0,111.0,0.0,0.0,0.0,1.0,1.0,0.0,0.0,0.0,0.0,0.0,0.0,1.0,2.0,0.0,110.0,0.0,0.0,1.0,24.0,0.0,7.0,0.0,91.0,368.0,236.0,199.0
Chatham-373742,176.0,2.0,18.0,317.0,106.0,1.0,3.0,108.0,0.0,0.0,0.0,0.0,0.0,0.0,0.0,0.0,0.0,0.0,0.0,1.0,0.0,0.0,140.0,0.0,0.0,1.0,29.0,1.0,22.0,0.0,109.0,513.0,303.0,218.0
Chatham-373745,96.0,1.0,10.0,224.0,77.0,0.0,0.0,105.0,0.0,0.0,0.0,0.0,0.0,0.0,0.0,0.0,0.0,0.0,0.0,0.0,0.0,0.0,78.0,0.0,0.0,0.0,6.0,0.0,2.0,1.0,61.0,331.0,148.0,182.0
Chatham-37376,49.0,0.0,4.0,377.0,29.0,0.0,6.0,47.0,0.0,0.0,0.0,0.0,0.0,0.0,0.0,0.0,0.0,0.0,0.0,0.0,6.0,0.0,112.0,0.0,0.0,0.0,8.0,0.0,7.0,0.0,79.0,430.0,212.0,82.0
Chatham-373775,416.0,0.0,30.0,529.0,338.0,1.0,8.0,218.0,0.0,0.0,0.0,0.0,0.0,0.0,0.0,0.0,0.0,0.0,0.0,2.0,5.0,0.0,225.0,0.0,0.0,0.0,196.0,1.0,53.0,0.0,268.0,975.0,750.0,565.0
Chatham-373778,267.0,1.0,24.0,290.0,450.0,1.0,1.0,241.0,0.0,0.0,0.0,2.0,0.0,0.0,0.0,0.0,0.0,0.0,0.0,4.0,2.0,1.0,180.0,0.0,0.0,4.0,157.0,3.0,28.0,0.0,168.0,582.0,547.0,693.0
Chatham-373785,189.0,2.0,21.0,228.0,184.0,1.0,5.0,111.0,0.0,0.0,0.0,2.0,0.0,0.0,0.0,0.0,0.0,0.0,0.0,3.0,2.0,1.0,123.0,0.0,1.0,1.0,20.0,1.0,10.0,0.0,77.0,440.0,239.0,301.0
Chatham-37379,102.0,0.0,18.0,366.0,66.0,3.0,13.0,95.0,0.0,0.0,0.0,2.0,0.0,0.0,0.0,0.0,0.0,0.0,0.0,0.0,1.0,0.0,98.0,2.0,0.0,0.0,9.0,0.0,8.0,0.0,80.0,486.0,198.0,177.0
Chatham-3737ABSENTEE,1040.0,7.0,54.0,603.0,144.0,1.0,3.0,73.0,0.0,0.0,0.0,1.0,0.0,0.0,0.0,0.0,0.0,0.0,0.0,3.0,0.0,0.0,40.0,0.0,0.0,2.0,31.0,0.0,43.0,0.0,62.0,1704.0,181.0,221.0
Chatham-3737ESC114,299.0,0.0,19.0,269.0,278.0,2.0,17.0,189.0,0.0,0.0,0.0,2.0,0.0,0.0,0.0,0.0,0.0,0.0,1.0,0.0,1.0,0.0,119.0,0.0,0.0,0.0,29.0,0.0,19.0,0.0,138.0,587.0,306.0,486.0
Chatham-3737MCH110,360.0,12.0,38.0,245.0,389.0,3.0,4.0,425.0,0.0,0.0,0.0,2.0,0.0,0.0,0.0,0.0,0.0,0.0,0.0,4.0,1.0,1.0,163.0,0.0,0.0,0.0,91.0,5.0,36.0,0.0,114.0,655.0,415.0,821.0
Chatham-3737NWM117,316.0,1.0,39.0,230.0,609.0,1.0,2.0,298.0,0.0,0.0,0.0,1.0,0.0,0.0,0.0,0.0,0.0,0.0,0.0,4.0,2.0,1.0,162.0,1.0,0.0,0.0,229.0,0.0,58.0,0.0,141.0,586.0,598.0,910.0
Chatham-3737ONE STOP,16370.0,89.0,673.0,10630.0,3575.0,12.0,54.0,2333.0,0.0,0.0,0.0,8.0,1.0,0.0,0.0,0.0,0.0,0.0,0.0,8.0,24.0,5.0,921.0,1.0,0.0,8.0,515.0,3.0,325.0,2.0,954.0,27762.0,2766.0,5974.0
Chatham-3737PIT113,424.0,6.0,46.0,477.0,473.0,6.0,5.0,438.0,0.0,0.0,0.0,2.0,0.0,0.0,0.0,0.0,0.0,0.0,0.0,3.0,3.0,0.0,231.0,0.0,0.0,1.0,67.0,2.0,47.0,1.0,227.0,953.0,582.0,922.0
Cherokee-3739ANNW,214.0,1.0,23.0,754.0,67.0,1.0,4.0,79.0,0.0,0.0,0.0,0.0,0.0,0.0,0.0,0.0,0.0,0.0,0.0,2.0,9.0,0.0,104.0,0.0,0.0,2.0,34.0,4.0,21.0,0.0,154.0,992.0,330.0,151.0
Cherokee-3739ANSW,217.0,0.0,24.0,811.0,91.0,3.0,1.0,103.0,0.0,0.0,0.0,0.0,0.0,0.0,0.0,0.0,0.0,0.0,0.0,1.0,7.0,0.0,131.0,0.0,0.0,1.0,30.0,0.0,27.0,0.0,201.0,1052.0,398.0,198.0
Cherokee-3739BELL,195.0,2.0,24.0,618.0,63.0,2.0,1.0,58.0,0.0,0.0,0.0,0.0,0.0,0.0,0.0,0.0,0.0,0.0,0.0,1.0,3.0,0.0,114.0,0.0,0.0,1.0,33.0,0.0,21.0,0.0,151.0,839.0,324.0,124.0
Cherokee-3739BRAS,151.0,1.0,7.0,440.0,49.0,0.0,2.0,54.0,0.0,0.0,0.0,0.0,0.0,0.0,0.0,0.0,0.0,0.0,0.0,0.0,1.0,0.0,96.0,1.0,0.0,2.0,22.0,0.0,20.0,0.0,126.0,599.0,268.0,105.0
Cherokee-3739CSON,108.0,4.0,13.0,486.0,33.0,2.0,5.0,35.0,0.0,0.0,0.0,1.0,0.0,0.0,0.0,0.0,0.0,0.0,0.0,1.0,1.0,0.0,82.0,0.0,0.0,0.0,13.0,0.0,9.0,1.0,130.0,611.0,237.0,75.0
Cherokee-3739GCRK,39.0,0.0,8.0,268.0,25.0,0.0,0.0,13.0,0.0,0.0,0.0,0.0,0.0,0.0,0.0,0.0,0.0,0.0,0.0,0.0,4.0,0.0,60.0,0.0,0.0,0.0,10.0,0.0,6.0,2.0,75.0,315.0,157.0,38.0
Cherokee-3739HANG,67.0,2.0,23.0,447.0,13.0,0.0,2.0,31.0,0.0,0.0,0.0,1.0,0.0,0.0,0.0,0.0,0.0,0.0,0.0,0.0,4.0,1.0,98.0,0.0,0.0,0.0,13.0,0.0,17.0,0.0,157.0,539.0,290.0,46.0
Cherokee-3739HIWA,228.0,3.0,24.0,994.0,83.0,1.0,4.0,76.0,0.0,0.0,0.0,1.0,0.0,0.0,0.0,0.0,0.0,0.0,0.0,1.0,11.0,1.0,190.0,0.0,0.0,2.0,49.0,1.0,31.0,0.0,294.0,1249.0,580.0,164.0
Cherokee-3739HOTH,171.0,2.0,21.0,709.0,60.0,0.0,7.0,27.0,0.0,0.0,0.0,0.0,0.0,0.0,1.0,0.0,0.0,0.0,0.0,1.0,2.0,1.0,99.0,0.0,0.0,3.0,28.0,0.0,26.0,0.0,199.0,903.0,359.0,94.0
Cherokee-3739MARB,158.0,3.0,18.0,757.0,55.0,0.0,4.0,72.0,0.0,0.0,0.0,2.0,0.0,0.0,0.0,0.0,0.0,0.0,0.0,1.0,7.0,0.0,114.0,0.0,0.0,3.0,18.0,1.0,17.0,0.0,172.0,936.0,333.0,131.0
Cherokee-3739MURN,352.0,2.0,47.0,939.0,128.0,1.0,9.0,125.0,0.0,0.0,0.0,2.0,0.0,0.0,0.0,0.0,0.0,0.0,0.0,2.0,7.0,0.0,163.0,0.0,0.0,4.0,47.0,0.0,40.0,0.0,250.0,1340.0,513.0,263.0
Cherokee-3739MURS,309.0,3.0,37.0,1089.0,110.0,2.0,6.0,112.0,0.0,0.0,0.0,0.0,0.0,0.0,0.0,0.0,0.0,0.0,0.0,2.0,5.0,1.0,194.0,1.0,1.0,5.0,63.0,2.0,46.0,2.0,290.0,1438.0,612.0,230.0
Cherokee-3739PCHT,306.0,3.0,31.0,1115.0,115.0,3.0,9.0,125.0,0.0,0.0,0.0,0.0,0.0,0.0,0.0,0.0,0.0,0.0,0.0,1.0,6.0,1.0,165.0,0.0,1.0,1.0,42.0,0.0,43.0,0.0,295.0,1455.0,555.0,252.0
Cherokee-3739RGER,245.0,3.0,32.0,830.0,96.0,1.0,14.0,84.0,0.0,0.0,0.0,1.0,0.0,0.0,0.0,0.0,0.0,0.0,0.0,2.0,4.0,0.0,135.0,0.0,0.0,4.0,31.0,0.0,20.0,0.0,224.0,1110.0,420.0,195.0
Cherokee-3739TOPT,33.0,0.0,6.0,272.0,22.0,1.0,1.0,18.0,0.0,0.0,0.0,3.0,0.0,0.0,0.0,0.0,0.0,0.0,0.0,0.0,3.0,0.0,44.0,0.0,0.0,0.0,4.0,0.0,5.0,0.0,73.0,311.0,129.0,42.0
Cherokee-3739UNKA,67.0,4.0,8.0,315.0,23.0,0.0,4.0,23.0,0.0,0.0,0.0,1.0,0.0,0.0,0.0,0.0,0.0,0.0,0.0,0.0,2.0,0.0,60.0,0.0,0.0,2.0,15.0,0.0,6.0,0.0,79.0,394.0,164.0,50.0
Chowan-37411,202.0,0.0,8.0,112.0,150.0,0.0,2.0,47.0,0.0,0.0,0.0,0.0,0.0,0.0,0.0,0.0,0.0,0.0,1.0,0.0,0.0,0.0,51.0,0.0,0.0,0.0,22.0,0.0,10.0,0.0,45.0,322.0,128.0,199.0
Chowan-37412,237.0,4.0,16.0,201.0,207.0,1.0,8.0,99.0,0.0,0.0,0.0,1.0,0.0,0.0,0.0,0.0,0.0,0.0,0.0,0.0,3.0,0.0,142.0,0.0,0.0,1.0,49.0,1.0,12.0,0.0,114.0,458.0,322.0,315.0
Chowan-37413,66.0,1.0,13.0,359.0,48.0,0.0,1.0,68.0,0.0,0.0,0.0,0.0,0.0,0.0,0.0,0.0,0.0,0.0,0.0,0.0,3.0,0.0,48.0,1.0,0.0,1.0,18.0,0.0,9.0,0.0,93.0,439.0,173.0,117.0
Chowan-37414,84.0,0.0,3.0,135.0,93.0,0.0,3.0,29.0,0.0,0.0,0.0,0.0,0.0,0.0,0.0,0.0,0.0,0.0,0.0,0.0,1.0,0.0,25.0,0.0,0.0,1.0,6.0,0.0,5.0,0.0,30.0,222.0,68.0,125.0
Chowan-37415,69.0,1.0,2.0,193.0,26.0,0.0,1.0,32.0,0.0,0.0,0.0,0.0,0.0,0.0,0.0,0.0,0.0,0.0,0.0,0.0,2.0,0.0,42.0,0.0,0.0,0.0,8.0,0.0,4.0,0.0,50.0,265.0,106.0,59.0
Chowan-37416,94.0,0.0,14.0,210.0,76.0,0.0,3.0,45.0,0.0,0.0,0.0,0.0,0.0,0.0,0.0,0.0,0.0,0.0,0.0,1.0,2.0,0.0,66.0,0.0,0.0,0.0,16.0,1.0,13.0,0.0,97.0,318.0,196.0,124.0
Chowan-3741ABSENTEE,126.0,0.0,10.0,138.0,19.0,0.0,1.0,8.0,0.0,0.0,0.0,1.0,0.0,0.0,0.0,0.0,0.0,0.0,0.0,0.0,0.0,0.0,10.0,0.0,0.0,0.0,4.0,0.0,4.0,0.0,9.0,274.0,27.0,28.0
Chowan-3741OS BOE,1984.0,5.0,85.0,2390.0,295.0,3.0,6.0,123.0,0.0,0.0,0.0,0.0,0.0,0.0,0.0,0.0,0.0,0.0,0.0,0.0,4.0,0.0,159.0,2.0,0.0,1.0,51.0,1.0,50.0,1.0,202.0,4464.0,471.0,427.0
Chowan-3741OS NCC,112.0,0.0,10.0,254.0,61.0,0.0,3.0,19.0,0.0,0.0,0.0,0.0,0.0,0.0,0.0,0.0,0.0,0.0,0.0,0.0,3.0,0.0,33.0,0.0,0.0,1.0,4.0,0.0,2.0,0.0,56.0,376.0,99.0,83.0
Clay-3743BRAS,150.0,5.0,16.0,439.0,45.0,1.0,2.0,55.0,0.0,1.0,0.0,1.0,0.0,0.0,0.0,0.0,0.0,0.0,0.0,1.0,5.0,0.0,77.0,0.0,0.0,1.0,23.0,0.0,7.0,0.0,119.0,610.0,233.0,103.0
Clay-3743HAY1,205.0,1.0,16.0,608.0,68.0,0.0,4.0,51.0,0.0,0.0,0.0,0.0,0.0,0.0,0.0,0.0,0.0,0.0,0.0,0.0,6.0,0.0,106.0,0.0,0.0,3.0,21.0,0.0,32.0,0.0,169.0,830.0,337.0,123.0
Clay-3743HAY2,264.0,0.0,32.0,685.0,101.0,1.0,3.0,55.0,0.0,0.0,0.0,0.0,0.0,0.0,0.0,0.0,0.0,0.0,0.0,0.0,3.0,1.0,119.0,0.0,0.0,1.0,33.0,1.0,37.0,0.0,184.0,981.0,379.0,160.0
Clay-3743HAYC,61.0,0.0,11.0,220.0,35.0,0.0,1.0,28.0,0.0,0.0,0.0,0.0,0.0,0.0,0.0,0.0,0.0,0.0,0.0,0.0,1.0,0.0,35.0,0.0,0.0,1.0,9.0,0.0,3.0,0.0,70.0,292.0,119.0,64.0
Clay-3743HIAW,224.0,2.0,20.0,700.0,91.0,0.0,2.0,41.0,0.0,0.0,0.0,1.0,0.0,0.0,0.0,0.0,0.0,0.0,0.0,1.0,3.0,2.0,158.0,0.0,0.0,3.0,31.0,0.0,27.0,0.0,191.0,946.0,416.0,134.0
Clay-3743SHCR,135.0,0.0,16.0,678.0,48.0,0.0,2.0,40.0,0.0,0.0,0.0,1.0,0.0,0.0,0.0,0.0,0.0,0.0,0.0,2.0,1.0,0.0,155.0,0.0,0.0,2.0,18.0,1.0,28.0,0.0,197.0,829.0,404.0,90.0
Clay-3743SWEE,105.0,0.0,11.0,372.0,38.0,0.0,2.0,24.0,0.0,0.0,0.0,0.0,0.0,0.0,0.0,0.0,0.0,0.0,0.0,0.0,0.0,0.0,88.0,0.0,0.0,0.0,18.0,0.0,8.0,0.0,108.0,488.0,222.0,64.0
Clay-3743TUSQ,110.0,0.0,7.0,360.0,38.0,0.0,1.0,32.0,0.0,0.0,0.0,0.0,0.0,0.0,1.0,0.0,0.0,0.0,0.0,2.0,5.0,1.0,87.0,0.0,0.0,1.0,28.0,0.0,15.0,0.0,95.0,477.0,234.0,71.0
Clay-3743WARN,113.0,1.0,14.0,375.0,30.0,0.0,5.0,41.0,0.0,0.0,0.0,0.0,0.0,0.0,0.0,0.0,0.0,0.0,0.0,1.0,4.0,0.0,71.0,1.0,0.0,0.0,22.0,2.0,7.0,0.0,109.0,503.0,217.0,76.0
Cleveland-3745BETHWR,242.0,2.0,22.0,982.0,67.0,0.0,5.0,59.0,0.0,0.0,0.0,0.0,0.0,0.0,0.0,0.0,0.0,0.0,0.0,0.0,1.0,0.0,177.0,0.0,0.0,0.0,17.0,0.0,8.0,0.0,177.0,1248.0,380.0,131.0
Cleveland-3745BR,825.0,6.0,60.0,2346.0,250.0,5.0,14.0,255.0,0.0,0.0,0.0,1.0,0.0,0.0,0.0,0.0,0.0,0.0,1.0,1.0,8.0,1.0,372.0,0.0,1.0,4.0,95.0,7.0,62.0,0.0,316.0,3237.0,867.0,524.0
Cleveland-3745CASAR,74.0,0.0,18.0,858.0,23.0,1.0,8.0,63.0,0.0,0.0,0.0,0.0,0.0,0.0,0.0,0.0,0.0,0.0,0.0,0.0,4.0,0.0,113.0,1.0,0.0,3.0,9.0,0.0,6.0,0.0,168.0,950.0,304.0,95.0
Cleveland-3745FALSTN,169.0,2.0,16.0,913.0,55.0,1.0,11.0,96.0,0.0,0.0,0.0,0.0,0.0,0.0,0.0,0.0,0.0,0.0,0.0,0.0,4.0,0.0,108.0,0.0,0.0,0.0,14.0,1.0,16.0,0.0,155.0,1100.0,298.0,163.0
Cleveland-3745GROVER,496.0,6.0,34.0,1541.0,195.0,1.0,10.0,68.0,0.0,0.0,0.0,0.0,0.0,0.0,0.0,0.0,0.0,0.0,0.0,0.0,4.0,0.0,211.0,1.0,0.0,0.0,20.0,2.0,20.0,1.0,335.0,2077.0,594.0,274.0
Cleveland-3745KINGST,445.0,1.0,9.0,219.0,197.0,0.0,2.0,58.0,0.0,0.0,0.0,0.0,0.0,0.0,0.0,0.0,0.0,0.0,0.0,0.0,0.0,0.0,35.0,0.0,0.0,0.0,9.0,0.0,3.0,0.0,32.0,674.0,79.0,257.0
Cleveland-3745KM N,1107.0,10.0,48.0,1971.0,350.0,0.0,7.0,165.0,0.0,0.0,0.0,0.0,0.0,0.0,0.0,0.0,0.0,0.0,0.0,0.0,5.0,0.0,305.0,1.0,0.0,1.0,58.0,1.0,37.0,0.0,349.0,3136.0,757.0,522.0
Cleveland-3745KM S,1030.0,5.0,47.0,1784.0,335.0,1.0,1.0,163.0,0.0,0.0,0.0,1.0,0.0,0.0,0.0,0.0,0.0,0.0,0.0,0.0,9.0,0.0,308.0,0.0,0.0,1.0,44.0,2.0,35.0,0.0,299.0,2866.0,698.0,500.0
Cleveland-3745LATT,343.0,0.0,49.0,1446.0,93.0,0.0,3.0,146.0,0.0,0.0,0.0,0.0,0.0,0.0,0.0,0.0,0.0,0.0,0.0,1.0,10.0,0.0,269.0,0.0,0.0,2.0,24.0,1.0,30.0,0.0,217.0,1838.0,554.0,242.0
Cleveland-3745LAWNDL,556.0,1.0,14.0,641.0,213.0,1.0,8.0,110.0,0.0,0.0,0.0,1.0,0.0,1.0,0.0,0.0,0.0,0.0,0.0,0.0,0.0,0.0,60.0,0.0,1.0,1.0,6.0,0.0,12.0,0.0,84.0,1212.0,164.0,332.0
Cleveland-3745MRB-YO,190.0,5.0,20.0,809.0,66.0,0.0,6.0,69.0,0.0,0.0,0.0,0.0,0.0,0.0,0.0,0.0,0.0,0.0,0.0,2.0,4.0,0.0,113.0,0.0,0.0,0.0,18.0,1.0,6.0,0.0,116.0,1024.0,260.0,141.0
Cleveland-3745MULLS,239.0,4.0,32.0,1073.0,87.0,2.0,6.0,123.0,0.0,0.0,0.0,3.0,0.0,0.0,0.0,0.0,0.0,0.0,0.0,0.0,4.0,0.0,144.0,0.0,1.0,1.0,12.0,0.0,16.0,0.0,166.0,1348.0,344.0,218.0
Cleveland-3745OAKGRV,426.0,4.0,41.0,1773.0,123.0,1.0,4.0,120.0,0.0,0.0,0.0,0.0,0.0,0.0,0.0,0.0,0.0,0.0,0.0,2.0,8.0,0.0,262.0,0.0,0.0,1.0,40.0,1.0,41.0,0.0,312.0,2244.0,667.0,248.0
Cleveland-3745POLKVL,281.0,2.0,22.0,1274.0,101.0,1.0,15.0,150.0,0.0,0.0,0.0,2.0,0.0,0.0,0.0,0.0,0.0,0.0,1.0,1.0,7.0,1.0,132.0,0.0,0.0,1.0,14.0,0.0,14.0,0.0,207.0,1579.0,377.0,267.0
Cleveland-3745RIPPY,724.0,5.0,40.0,1653.0,242.0,2.0,11.0,148.0,0.0,0.0,0.0,3.0,0.0,0.0,0.0,0.0,0.0,0.0,0.0,2.0,2.0,1.0,276.0,2.0,0.0,2.0,19.0,1.0,19.0,0.0,214.0,2422.0,538.0,403.0
Cleveland-3745S 4A,1604.0,5.0,65.0,1561.0,593.0,0.0,10.0,234.0,0.0,0.0,0.0,3.0,0.0,0.0,0.0,0.0,0.0,0.0,0.0,1.0,12.0,0.0,225.0,0.0,0.0,3.0,40.0,2.0,30.0,0.0,217.0,3235.0,530.0,837.0
Cleveland-3745S 5,812.0,1.0,31.0,899.0,324.0,1.0,1.0,134.0,0.0,0.0,0.0,0.0,0.0,0.0,0.0,0.0,0.0,0.0,0.0,0.0,5.0,0.0,137.0,0.0,0.0,3.0,45.0,0.0,12.0,0.0,184.0,1743.0,386.0,460.0
Cleveland-3745S C,2371.0,9.0,114.0,2048.0,598.0,7.0,10.0,436.0,0.0,1.0,0.0,1.0,0.0,0.0,0.0,0.0,0.0,0.0,0.0,3.0,10.0,1.0,329.0,0.0,0.0,3.0,148.0,1.0,74.0,0.0,371.0,4542.0,940.0,1051.0
Cleveland-3745S S,1814.0,3.0,81.0,1982.0,567.0,6.0,12.0,274.0,0.0,1.0,0.0,2.0,0.0,0.0,0.0,0.0,0.0,0.0,0.0,4.0,3.0,0.0,304.0,0.0,0.0,1.0,46.0,2.0,46.0,0.0,303.0,3880.0,709.0,859.0
Cleveland-3745SHANGI,510.0,1.0,42.0,1308.0,195.0,1.0,14.0,123.0,0.0,0.0,0.0,2.0,0.0,0.0,0.0,0.0,0.0,0.0,0.0,1.0,5.0,0.0,184.0,0.0,0.0,0.0,32.0,2.0,22.0,3.0,179.0,1861.0,428.0,333.0
Cleveland-3745WACO,706.0,3.0,45.0,1398.0,224.0,0.0,10.0,129.0,0.0,0.0,0.0,1.0,0.0,0.0,0.0,0.0,0.0,0.0,0.0,1.0,9.0,1.0,199.0,0.0,0.0,3.0,42.0,0.0,26.0,0.0,282.0,2152.0,563.0,363.0
Columbus-3747ABSENTEE,240.0,0.0,9.0,244.0,116.0,1.0,1.0,33.0,0.0,0.0,0.0,1.0,0.0,0.0,0.0,0.0,0.0,0.0,0.0,0.0,1.0,0.0,13.0,0.0,0.0,0.0,3.0,0.0,4.0,0.0,14.0,493.0,35.0,151.0
Columbus-3747OS BOLTON,250.0,0.0,11.0,179.0,0.0,0.0,0.0,0.0,0.0,0.0,0.0,0.0,0.0,0.0,0.0,0.0,0.0,0.0,0.0,0.0,0.0,0.0,0.0,0.0,0.0,0.0,0.0,0.0,0.0,0.0,0.0,440.0,0.0,0.0
Columbus-3747OS CHADBOURN,359.0,0.0,14.0,352.0,0.0,0.0,0.0,0.0,0.0,0.0,0.0,0.0,0.0,0.0,0.0,0.0,0.0,0.0,0.0,0.0,0.0,0.0,0.0,0.0,0.0,0.0,0.0,0.0,0.0,0.0,0.0,725.0,0.0,0.0
Columbus-3747OS EAST COLUMBUS,688.0,0.0,19.0,719.0,0.0,0.0,0.0,0.0,0.0,0.0,0.0,0.0,0.0,0.0,0.0,0.0,0.0,0.0,0.0,0.0,0.0,0.0,0.0,0.0,0.0,0.0,0.0,0.0,0.0,0.0,0.0,1426.0,0.0,0.0
Columbus-3747OS FAIR BLUFF,113.0,0.0,9.0,144.0,0.0,0.0,0.0,0.0,0.0,0.0,0.0,0.0,0.0,0.0,0.0,0.0,0.0,0.0,0.0,0.0,0.0,0.0,0.0,0.0,0.0,0.0,0.0,0.0,0.0,0.0,0.0,266.0,0.0,0.0
Columbus-3747OS LOBBY,3409.0,0.0,104.0,4662.0,0.0,0.0,0.0,0.0,0.0,0.0,0.0,0.0,0.0,0.0,0.0,0.0,0.0,0.0,0.0,0.0,0.0,0.0,0.0,0.0,0.0,0.0,0.0,0.0,0.0,0.0,0.0,8175.0,0.0,0.0
Columbus-3747OS TABOR CITY,440.0,0.0,9.0,845.0,0.0,0.0,0.0,0.0,0.0,0.0,0.0,0.0,0.0,0.0,0.0,0.0,0.0,0.0,0.0,0.0,0.0,0.0,0.0,0.0,0.0,0.0,0.0,0.0,0.0,0.0,0.0,1294.0,0.0,0.0
Columbus-3747OS-BOLTON,0.0,0.0,0.0,0.0,89.0,0.0,1.0,15.0,0.0,0.0,0.0,0.0,0.0,0.0,0.0,0.0,0.0,0.0,0.0,0.0,0.0,0.0,4.0,0.0,0.0,0.0,5.0,0.0,0.0,0.0,23.0,0.0,32.0,105.0
Columbus-3747OS-CHADBOURN,0.0,0.0,0.0,0.0,58.0,2.0,2.0,18.0,0.0,0.0,0.0,0.0,0.0,0.0,0.0,0.0,0.0,0.0,0.0,0.0,0.0,0.0,10.0,0.0,0.0,0.0,2.0,0.0,1.0,0.0,32.0,0.0,45.0,80.0
Columbus-3747OS-EASTCOLUMBUS,0.0,0.0,0.0,0.0,255.0,2.0,2.0,40.0,0.0,0.0,0.0,0.0,0.0,0.0,0.0,0.0,0.0,0.0,0.0,0.0,0.0,0.0,23.0,0.0,0.0,0.0,4.0,0.0,8.0,0.0,50.0,0.0,85.0,299.0
Columbus-3747OS-FAIRBLUFF,0.0,0.0,0.0,0.0,24.0,0.0,1.0,6.0,0.0,0.0,0.0,0.0,0.0,0.0,0.0,0.0,0.0,0.0,0.0,0.0,0.0,0.0,6.0,0.0,0.0,0.0,1.0,0.0,0.0,0.0,11.0,0.0,18.0,31.0
Columbus-3747OS-LOBBY,0.0,0.0,0.0,0.0,866.0,6.0,25.0,318.0,0.0,1.0,0.0,0.0,0.0,0.0,0.0,0.0,0.0,0.0,0.0,2.0,6.0,0.0,155.0,0.0,0.0,1.0,40.0,0.0,30.0,0.0,412.0,0.0,646.0,1215.0
Columbus-3747OS-TABORCITY,0.0,0.0,0.0,0.0,47.0,0.0,4.0,28.0,0.0,0.0,0.0,0.0,0.0,0.0,0.0,0.0,0.0,0.0,0.0,0.0,2.0,0.0,19.0,0.0,0.0,0.0,4.0,0.0,5.0,0.0,56.0,0.0,86.0,79.0
Columbus-3747P01A,186.0,0.0,6.0,346.0,143.0,3.0,10.0,107.0,0.0,0.0,0.0,0.0,0.0,0.0,0.0,0.0,0.0,0.0,0.0,1.0,1.0,0.0,17.0,0.0,0.0,0.0,3.0,0.0,12.0,0.0,84.0,538.0,118.0,263.0
Columbus-3747P02B,165.0,0.0,4.0,102.0,99.0,0.0,1.0,43.0,0.0,0.0,0.0,0.0,0.0,0.0,0.0,0.0,0.0,0.0,0.0,0.0,0.0,0.0,7.0,0.0,0.0,0.0,0.0,0.0,1.0,0.0,12.0,271.0,20.0,143.0
Columbus-3747P03,50.0,0.0,3.0,199.0,22.0,2.0,1.0,29.0,0.0,0.0,0.0,0.0,0.0,0.0,0.0,0.0,0.0,0.0,0.0,1.0,1.0,0.0,11.0,0.0,0.0,0.0,5.0,0.0,1.0,0.0,30.0,252.0,49.0,54.0
Columbus-3747P04,50.0,0.0,4.0,103.0,22.0,0.0,2.0,15.0,0.0,0.0,0.0,0.0,0.0,0.0,0.0,0.0,0.0,0.0,0.0,0.0,0.0,1.0,10.0,0.0,0.0,1.0,0.0,0.0,0.0,0.0,18.0,157.0,30.0,39.0
Columbus-3747P05,37.0,0.0,4.0,158.0,26.0,1.0,0.0,29.0,0.0,0.0,0.0,0.0,0.0,0.0,0.0,0.0,0.0,0.0,0.0,0.0,0.0,0.0,6.0,0.0,0.0,0.0,0.0,1.0,0.0,0.0,39.0,199.0,46.0,56.0
Columbus-3747P06,88.0,0.0,2.0,268.0,55.0,0.0,4.0,52.0,0.0,0.0,0.0,0.0,0.0,0.0,0.0,0.0,0.0,0.0,0.0,0.0,0.0,0.0,19.0,0.0,0.0,0.0,1.0,0.0,2.0,0.0,41.0,358.0,63.0,111.0
Columbus-3747P07,420.0,0.0,6.0,327.0,219.0,3.0,2.0,117.0,0.0,0.0,0.0,0.0,0.0,0.0,0.0,0.0,0.0,0.0,0.0,0.0,1.0,0.0,47.0,0.0,0.0,0.0,8.0,0.0,2.0,0.0,91.0,753.0,149.0,341.0
Columbus-3747P08,11.0,0.0,1.0,168.0,12.0,0.0,0.0,23.0,0.0,0.0,0.0,0.0,0.0,0.0,0.0,0.0,0.0,0.0,0.0,0.0,1.0,0.0,6.0,0.0,0.0,0.0,0.0,0.0,0.0,0.0,21.0,180.0,28.0,35.0
Columbus-3747P09,216.0,0.0,5.0,152.0,109.0,2.0,5.0,31.0,0.0,1.0,0.0,0.0,0.0,0.0,0.0,0.0,0.0,0.0,0.0,0.0,0.0,0.0,16.0,0.0,0.0,0.0,3.0,0.0,0.0,0.0,33.0,373.0,52.0,147.0
Columbus-3747P10,40.0,0.0,1.0,339.0,21.0,2.0,5.0,66.0,0.0,0.0,0.0,0.0,0.0,0.0,0.0,0.0,0.0,0.0,0.0,0.0,1.0,0.0,39.0,0.0,0.0,0.0,0.0,0.0,5.0,0.0,67.0,380.0,112.0,94.0
Columbus-3747P11,41.0,0.0,3.0,280.0,24.0,0.0,8.0,33.0,0.0,0.0,0.0,0.0,0.0,0.0,0.0,0.0,0.0,0.0,0.0,0.0,0.0,0.0,24.0,0.0,0.0,0.0,2.0,0.0,2.0,0.0,50.0,324.0,78.0,65.0
Columbus-3747P12,27.0,0.0,1.0,120.0,15.0,0.0,0.0,13.0,0.0,0.0,0.0,0.0,0.0,0.0,0.0,0.0,0.0,0.0,0.0,0.0,0.0,0.0,11.0,0.0,0.0,1.0,2.0,0.0,0.0,0.0,25.0,148.0,39.0,28.0
Columbus-3747P13,50.0,0.0,2.0,250.0,24.0,1.0,2.0,26.0,0.0,0.0,0.0,0.0,0.0,0.0,0.0,0.0,0.0,0.0,0.0,1.0,1.0,0.0,27.0,0.0,0.0,0.0,1.0,0.0,3.0,0.0,44.0,302.0,77.0,53.0
Columbus-3747P14,279.0,0.0,16.0,415.0,259.0,2.0,12.0,103.0,0.0,0.0,0.0,0.0,0.0,0.0,0.0,1.0,0.0,0.0,0.0,0.0,1.0,0.0,94.0,0.0,0.0,1.0,12.0,0.0,13.0,0.0,143.0,710.0,264.0,376.0
Columbus-3747P15,234.0,0.0,3.0,382.0,121.0,5.0,8.0,87.0,0.0,0.0,0.0,0.0,0.0,0.0,0.0,0.0,0.0,0.0,0.0,0.0,1.0,0.0,30.0,0.0,0.0,0.0,1.0,1.0,5.0,0.0,61.0,619.0,99.0,221.0
Columbus-3747P16B,124.0,0.0,19.0,373.0,118.0,3.0,13.0,110.0,0.0,0.0,0.0,0.0,0.0,0.0,0.0,0.0,0.0,0.0,0.0,1.0,2.0,1.0,56.0,0.0,0.0,1.0,18.0,0.0,11.0,0.0,94.0,516.0,184.0,244.0
Columbus-3747P17,196.0,0.0,0.0,140.0,134.0,0.0,4.0,61.0,0.0,0.0,0.0,0.0,0.0,0.0,0.0,0.0,0.0,0.0,0.0,1.0,1.0,0.0,14.0,0.0,0.0,0.0,2.0,0.0,3.0,0.0,23.0,336.0,44.0,199.0
Columbus-3747P18,48.0,0.0,2.0,116.0,45.0,0.0,4.0,33.0,0.0,0.0,0.0,0.0,0.0,0.0,0.0,0.0,0.0,0.0,0.0,1.0,3.0,0.0,6.0,0.0,0.0,0.0,2.0,0.0,2.0,0.0,24.0,166.0,38.0,82.0
Columbus-3747P19,213.0,0.0,7.0,258.0,170.0,5.0,2.0,101.0,0.0,0.0,0.0,0.0,0.0,0.0,0.0,0.0,0.0,0.0,0.0,0.0,1.0,0.0,57.0,0.0,0.0,1.0,24.0,0.0,9.0,1.0,76.0,478.0,169.0,278.0
Columbus-3747P20A,117.0,0.0,1.0,88.0,49.0,0.0,2.0,33.0,0.0,0.0,0.0,0.0,0.0,0.0,1.0,0.0,0.0,0.0,0.0,0.0,0.0,0.0,5.0,0.0,0.0,0.0,2.0,0.0,1.0,0.0,18.0,206.0,26.0,84.0
Columbus-3747P21,77.0,0.0,3.0,225.0,61.0,2.0,10.0,55.0,0.0,0.0,0.0,0.0,0.0,0.0,0.0,0.0,0.0,0.0,0.0,0.0,1.0,1.0,41.0,0.0,0.0,2.0,6.0,0.0,6.0,0.0,65.0,305.0,122.0,128.0
Columbus-3747P22A,146.0,0.0,5.0,450.0,101.0,5.0,4.0,97.0,0.0,0.0,0.0,0.0,0.0,0.0,0.0,0.0,0.0,0.0,0.0,1.0,4.0,0.0,27.0,0.0,0.0,0.0,4.0,0.0,3.0,0.0,102.0,601.0,141.0,207.0
Columbus-3747P23,146.0,0.0,6.0,256.0,116.0,6.0,7.0,82.0,0.0,0.0,0.0,1.0,0.0,0.0,0.0,0.0,0.0,0.0,0.0,0.0,0.0,0.0,52.0,0.0,0.0,1.0,7.0,0.0,11.0,0.0,66.0,408.0,137.0,211.0
Columbus-3747P24,78.0,0.0,9.0,610.0,25.0,1.0,10.0,73.0,0.0,0.0,0.0,0.0,0.0,0.0,0.0,0.0,0.0,0.0,0.0,0.0,1.0,0.0,48.0,1.0,0.0,1.0,3.0,0.0,2.0,0.0,119.0,697.0,175.0,109.0
Columbus-3747P25B,53.0,0.0,6.0,449.0,35.0,0.0,3.0,57.0,0.0,0.0,0.0,2.0,0.0,0.0,0.0,0.0,0.0,0.0,0.0,0.0,1.0,0.0,40.0,0.0,0.0,0.0,2.0,0.0,3.0,0.0,74.0,508.0,120.0,95.0
Columbus-3747P26B,409.0,0.0,11.0,461.0,176.0,3.0,11.0,75.0,0.0,0.0,0.0,0.0,0.0,0.0,0.0,0.0,0.0,0.0,0.0,0.0,0.0,0.0,54.0,1.0,0.0,1.0,16.0,1.0,4.0,0.0,144.0,881.0,221.0,265.0
Craven-374902,1808.0,5.0,204.0,3349.0,347.0,2.0,5.0,280.0,0.0,0.0,0.0,3.0,1.0,0.0,0.0,1.0,0.0,0.0,0.0,4.0,23.0,1.0,460.0,0.0,0.0,7.0,97.0,5.0,93.0,1.0,645.0,5366.0,1336.0,634.0
Craven-374903,700.0,0.0,78.0,1990.0,237.0,1.0,18.0,228.0,0.0,0.0,0.0,3.0,0.0,0.0,0.0,0.0,0.0,0.0,0.0,3.0,16.0,1.0,413.0,0.0,1.0,2.0,182.0,3.0,97.0,0.0,417.0,2768.0,1135.0,484.0
Craven-374904,348.0,1.0,30.0,454.0,139.0,1.0,4.0,66.0,0.0,0.0,0.0,0.0,0.0,0.0,0.0,0.0,0.0,0.0,0.0,0.0,5.0,1.0,96.0,0.0,0.0,1.0,18.0,0.0,30.0,0.0,93.0,833.0,244.0,210.0
Craven-374905,604.0,1.0,63.0,1289.0,179.0,4.0,4.0,164.0,1.0,0.0,0.0,1.0,0.0,0.0,0.0,1.0,0.0,0.0,0.0,3.0,3.0,0.0,215.0,1.0,0.0,1.0,118.0,3.0,50.0,0.0,338.0,1957.0,732.0,351.0
Craven-374906,490.0,1.0,18.0,431.0,148.0,1.0,3.0,74.0,0.0,0.0,0.0,0.0,0.0,0.0,0.0,0.0,0.0,0.0,0.0,1.0,3.0,1.0,67.0,0.0,0.0,0.0,7.0,0.0,7.0,0.0,83.0,940.0,169.0,226.0
Craven-374907,681.0,0.0,30.0,1020.0,244.0,2.0,8.0,132.0,0.0,1.0,0.0,0.0,0.0,0.0,0.0,0.0,0.0,0.0,0.0,0.0,5.0,1.0,132.0,0.0,0.0,2.0,19.0,1.0,12.0,0.0,178.0,1731.0,350.0,386.0
Craven-374908,283.0,2.0,6.0,411.0,137.0,1.0,1.0,44.0,0.0,0.0,0.0,1.0,0.0,0.0,0.0,0.0,0.0,0.0,0.0,1.0,1.0,0.0,66.0,0.0,0.0,0.0,4.0,1.0,17.0,0.0,80.0,702.0,170.0,183.0
Craven-374909,192.0,0.0,2.0,191.0,84.0,0.0,4.0,18.0,0.0,0.0,0.0,1.0,0.0,0.0,0.0,0.0,0.0,0.0,0.0,0.0,0.0,0.0,22.0,0.0,0.0,0.0,5.0,0.0,0.0,0.0,41.0,385.0,68.0,106.0
Craven-374910,200.0,0.0,9.0,419.0,78.0,0.0,0.0,35.0,0.0,0.0,0.0,0.0,0.0,0.0,0.0,0.0,0.0,0.0,0.0,0.0,4.0,0.0,62.0,0.0,0.0,1.0,5.0,0.0,6.0,0.0,62.0,628.0,140.0,113.0
Craven-374911,377.0,2.0,49.0,1463.0,94.0,0.0,9.0,117.0,1.0,0.0,0.0,0.0,0.0,0.0,0.0,1.0,0.0,0.0,0.0,2.0,6.0,1.0,184.0,0.0,0.0,2.0,30.0,1.0,28.0,0.0,295.0,1891.0,549.0,220.0
Craven-374912,36.0,1.0,10.0,322.0,15.0,0.0,2.0,39.0,0.0,0.0,0.0,0.0,0.0,0.0,0.0,0.0,0.0,0.0,0.0,1.0,1.0,1.0,51.0,0.0,0.0,0.0,5.0,0.0,3.0,0.0,59.0,369.0,121.0,56.0
Craven-374913,91.0,0.0,11.0,427.0,34.0,1.0,3.0,44.0,0.0,0.0,0.0,0.0,0.0,0.0,0.0,0.0,0.0,0.0,0.0,1.0,5.0,0.0,42.0,0.0,0.0,0.0,4.0,0.0,9.0,0.0,65.0,529.0,126.0,82.0
Craven-374914,877.0,2.0,38.0,1398.0,374.0,4.0,7.0,187.0,0.0,0.0,0.0,1.0,0.0,0.0,0.0,0.0,0.0,0.0,0.0,3.0,2.0,1.0,157.0,0.0,0.0,1.0,16.0,0.0,20.0,0.0,258.0,2315.0,458.0,572.0
Craven-374915,203.0,0.0,10.0,379.0,82.0,0.0,7.0,43.0,0.0,0.0,0.0,1.0,0.0,0.0,0.0,0.0,0.0,0.0,0.0,0.0,0.0,1.0,69.0,0.0,0.0,0.0,1.0,1.0,5.0,0.0,67.0,592.0,144.0,132.0
Craven-374916,762.0,2.0,78.0,1919.0,206.0,4.0,8.0,180.0,0.0,0.0,0.0,0.0,0.0,0.0,0.0,0.0,0.0,0.0,0.0,3.0,10.0,0.0,363.0,0.0,0.0,1.0,69.0,2.0,58.0,0.0,346.0,2761.0,852.0,398.0
Craven-374917,321.0,1.0,55.0,1205.0,73.0,4.0,6.0,77.0,0.0,0.0,0.0,0.0,0.0,0.0,0.0,0.0,0.0,0.0,0.0,1.0,16.0,0.0,211.0,2.0,0.0,1.0,71.0,0.0,29.0,1.0,287.0,1582.0,619.0,160.0
Craven-374919,962.0,3.0,34.0,1073.0,369.0,0.0,2.0,112.0,0.0,0.0,0.0,0.0,0.0,0.0,0.0,0.0,1.0,0.0,0.0,0.0,8.0,1.0,172.0,0.0,0.0,0.0,46.0,2.0,30.0,0.0,272.0,2072.0,531.0,483.0
Craven-374920,752.0,2.0,51.0,1504.0,216.0,0.0,9.0,157.0,0.0,1.0,0.0,1.0,0.0,0.0,0.0,0.0,0.0,0.0,0.0,4.0,5.0,1.0,232.0,2.0,0.0,0.0,164.0,2.0,50.0,0.0,473.0,2309.0,933.0,382.0
Craven-374921,531.0,3.0,47.0,1400.0,182.0,3.0,7.0,144.0,0.0,0.0,0.0,0.0,0.0,0.0,0.0,0.0,0.0,0.0,1.0,3.0,11.0,0.0,301.0,1.0,0.0,1.0,83.0,0.0,58.0,0.0,344.0,1981.0,802.0,336.0
Craven-374923,1180.0,6.0,81.0,2267.0,362.0,2.0,8.0,217.0,0.0,0.0,1.0,0.0,0.0,0.0,1.0,0.0,0.0,1.0,0.0,2.0,8.0,1.0,391.0,1.0,0.0,1.0,198.0,1.0,144.0,0.0,508.0,3534.0,1255.0,589.0
Craven-3749N1,933.0,7.0,43.0,574.0,280.0,0.0,2.0,158.0,0.0,1.0,0.0,3.0,0.0,0.0,0.0,1.0,0.0,0.0,1.0,4.0,1.0,0.0,96.0,0.0,0.0,0.0,75.0,0.0,26.0,0.0,146.0,1557.0,348.0,440.0
Craven-3749N2,1139.0,2.0,23.0,326.0,365.0,0.0,2.0,119.0,0.0,0.0,0.0,0.0,0.0,0.0,0.0,0.0,0.0,0.0,0.0,2.0,4.0,2.0,58.0,1.0,0.0,2.0,29.0,0.0,9.0,0.0,68.0,1490.0,175.0,486.0
Craven-3749N3,616.0,2.0,39.0,714.0,183.0,3.0,5.0,139.0,0.0,0.0,0.0,0.0,0.0,0.0,0.0,0.0,1.0,0.0,0.0,1.0,3.0,1.0,104.0,1.0,0.0,1.0,27.0,2.0,19.0,0.0,130.0,1371.0,289.0,330.0
Craven-3749N4,1408.0,3.0,72.0,1079.0,351.0,2.0,2.0,194.0,0.0,0.0,0.0,0.0,0.0,0.0,0.0,0.0,1.0,0.0,0.0,2.0,4.0,0.0,156.0,0.0,0.0,1.0,43.0,0.0,25.0,0.0,180.0,2562.0,411.0,549.0
Craven-3749N5,851.0,1.0,29.0,357.0,263.0,1.0,4.0,98.0,0.0,0.0,0.0,0.0,0.0,0.0,0.0,0.0,0.0,0.0,0.0,1.0,4.0,0.0,55.0,0.0,0.0,1.0,22.0,0.0,15.0,0.0,73.0,1238.0,171.0,366.0
Craven-3749N6,1285.0,3.0,100.0,1770.0,389.0,0.0,12.0,260.0,0.0,0.0,0.0,1.0,0.0,0.0,0.0,0.0,0.0,0.0,0.0,6.0,12.0,0.0,296.0,2.0,0.0,4.0,146.0,4.0,80.0,2.0,330.0,3158.0,882.0,661.0
Cumberland-3751ABSENTEE,0.0,0.0,0.0,0.0,169.0,0.0,5.0,97.0,0.0,0.0,0.0,0.0,0.0,1.0,0.0,0.0,0.0,0.0,0.0,3.0,11.0,1.0,96.0,0.0,0.0,2.0,25.0,4.0,65.0,0.0,123.0,0.0,330.0,271.0
Cumberland-3751ABSENTEE 1-30,1237.0,4.0,109.0,1025.0,0.0,0.0,0.0,0.0,0.0,0.0,0.0,0.0,0.0,0.0,0.0,0.0,0.0,0.0,0.0,0.0,0.0,0.0,0.0,0.0,0.0,0.0,0.0,0.0,0.0,0.0,0.0,2375.0,0.0,0.0
Cumberland-3751ABSENTEE 31-57,504.0,4.0,76.0,637.0,0.0,0.0,0.0,0.0,0.0,0.0,0.0,0.0,0.0,0.0,0.0,0.0,0.0,0.0,0.0,0.0,0.0,0.0,0.0,0.0,0.0,0.0,0.0,0.0,0.0,0.0,0.0,1221.0,0.0,0.0
Cumberland-3751AH49,1371.0,6.0,47.0,533.0,451.0,1.0,0.0,202.0,0.0,0.0,1.0,0.0,1.0,0.0,0.0,0.0,0.0,0.0,0.0,0.0,1.0,2.0,104.0,2.0,0.0,0.0,19.0,1.0,12.0,0.0,111.0,1957.0,252.0,654.0
Cumberland-3751AL51,967.0,2.0,58.0,2019.0,350.0,5.0,11.0,208.0,0.0,0.0,0.0,0.0,0.0,0.0,0.0,0.0,0.0,0.0,1.0,0.0,3.0,2.0,285.0,1.0,0.0,3.0,27.0,2.0,32.0,0.0,405.0,3046.0,760.0,574.0
Cumberland-3751CC01,1166.0,2.0,23.0,131.0,356.0,0.0,6.0,134.0,0.0,0.0,0.0,0.0,0.0,0.0,0.0,0.0,0.0,0.0,0.0,2.0,2.0,0.0,18.0,0.0,1.0,0.0,5.0,1.0,3.0,0.0,27.0,1322.0,59.0,496.0
Cumberland-3751CC03,417.0,0.0,18.0,231.0,103.0,0.0,4.0,58.0,0.0,0.0,0.0,0.0,0.0,0.0,0.0,0.0,0.0,0.0,0.0,0.0,2.0,0.0,36.0,0.0,0.0,1.0,7.0,0.0,4.0,1.0,47.0,666.0,98.0,165.0
Cumberland-3751CC04,358.0,2.0,37.0,323.0,113.0,0.0,6.0,98.0,0.0,0.0,0.0,0.0,1.0,0.0,0.0,0.0,0.0,0.0,0.0,0.0,2.0,1.0,63.0,0.0,0.0,0.0,23.0,1.0,21.0,0.0,88.0,720.0,199.0,217.0
Cumberland-3751CC05,997.0,0.0,24.0,125.0,348.0,1.0,4.0,110.0,0.0,0.0,0.0,0.0,0.0,0.0,0.0,0.0,0.0,0.0,0.0,0.0,3.0,0.0,24.0,0.0,0.0,0.0,3.0,0.0,2.0,0.0,40.0,1146.0,72.0,463.0
Cumberland-3751CC06,322.0,2.0,31.0,372.0,97.0,1.0,5.0,96.0,0.0,0.0,0.0,1.0,0.0,0.0,0.0,0.0,0.0,0.0,0.0,0.0,8.0,0.0,63.0,1.0,0.0,1.0,12.0,1.0,9.0,0.0,95.0,727.0,190.0,199.0
Cumberland-3751CC07,269.0,0.0,26.0,417.0,90.0,2.0,5.0,83.0,0.0,1.0,0.0,1.0,0.0,0.0,0.0,0.0,0.0,0.0,0.0,1.0,0.0,0.0,63.0,0.0,0.0,0.0,33.0,1.0,22.0,0.0,111.0,712.0,231.0,180.0
Cumberland-3751CC08,316.0,2.0,40.0,559.0,126.0,6.0,14.0,118.0,0.0,0.0,0.0,0.0,0.0,0.0,0.0,0.0,0.0,0.0,0.0,0.0,3.0,0.0,113.0,1.0,0.0,1.0,69.0,1.0,33.0,0.0,161.0,917.0,382.0,264.0
Cumberland-3751CC10,420.0,0.0,21.0,290.0,162.0,1.0,6.0,79.0,0.0,0.0,0.0,1.0,0.0,0.0,0.0,0.0,0.0,0.0,0.0,0.0,1.0,0.0,65.0,0.0,0.0,1.0,22.0,1.0,12.0,0.0,69.0,731.0,171.0,248.0
Cumberland-3751CC12,328.0,0.0,36.0,814.0,134.0,2.0,19.0,128.0,0.0,1.0,0.0,1.0,0.0,0.0,0.0,1.0,0.0,0.0,0.0,2.0,2.0,0.0,166.0,0.0,0.0,1.0,90.0,1.0,50.0,0.0,198.0,1178.0,510.0,283.0
Cumberland-3751CC13,1253.0,1.0,30.0,45.0,227.0,0.0,0.0,165.0,0.0,0.0,0.0,0.0,0.0,0.0,0.0,0.0,0.0,0.0,0.0,0.0,2.0,0.0,10.0,0.0,1.0,0.0,1.0,0.0,1.0,1.0,10.0,1329.0,26.0,392.0
Cumberland-3751CC14,675.0,3.0,60.0,984.0,220.0,3.0,13.0,185.0,0.0,1.0,0.0,1.0,0.0,0.0,1.0,0.0,0.0,0.0,1.0,0.0,3.0,0.0,196.0,3.0,0.0,2.0,89.0,1.0,53.0,0.0,285.0,1722.0,632.0,421.0
Cumberland-3751CC15,677.0,2.0,54.0,1043.0,257.0,4.0,15.0,206.0,1.0,0.0,0.0,4.0,0.0,0.0,0.0,0.0,0.0,0.0,0.0,4.0,5.0,1.0,198.0,2.0,0.0,1.0,74.0,2.0,39.0,0.0,251.0,1776.0,577.0,482.0
Cumberland-3751CC16,1186.0,3.0,15.0,29.0,630.0,0.0,2.0,98.0,0.0,0.0,0.0,0.0,0.0,0.0,0.0,0.0,0.0,0.0,0.0,2.0,3.0,0.0,7.0,0.0,0.0,0.0,1.0,0.0,0.0,0.0,4.0,1233.0,17.0,730.0
Cumberland-3751CC17,1333.0,0.0,18.0,179.0,544.0,1.0,3.0,132.0,0.0,0.0,0.0,1.0,0.0,0.0,0.0,0.0,0.0,0.0,0.0,0.0,4.0,0.0,24.0,0.0,0.0,0.0,3.0,1.0,6.0,0.0,44.0,1530.0,82.0,680.0
Cumberland-3751CC18,350.0,0.0,24.0,675.0,139.0,6.0,12.0,139.0,0.0,1.0,0.0,0.0,0.0,0.0,0.0,0.0,0.0,0.0,0.0,0.0,1.0,0.0,131.0,0.0,0.0,1.0,40.0,0.0,22.0,0.0,176.0,1049.0,371.0,296.0
Cumberland-3751CC19,445.0,1.0,1.0,18.0,147.0,0.0,0.0,48.0,0.0,0.0,0.0,0.0,0.0,0.0,0.0,0.0,0.0,0.0,0.0,0.0,0.0,0.0,3.0,0.0,0.0,0.0,1.0,0.0,0.0,0.0,1.0,465.0,5.0,195.0
Cumberland-3751CC21,1390.0,3.0,42.0,545.0,435.0,1.0,7.0,235.0,0.0,0.0,0.0,3.0,0.0,0.0,0.0,0.0,0.0,0.0,0.0,0.0,9.0,0.0,102.0,0.0,0.0,5.0,19.0,1.0,18.0,0.0,133.0,1980.0,287.0,678.0
Cumberland-3751CC24,479.0,1.0,31.0,310.0,134.0,1.0,5.0,88.0,0.0,0.0,0.0,0.0,0.0,0.0,0.0,0.0,0.0,0.0,0.0,1.0,3.0,0.0,64.0,0.0,0.0,0.0,12.0,0.0,12.0,0.0,77.0,821.0,169.0,228.0
Cumberland-3751CC25,632.0,0.0,41.0,442.0,214.0,1.0,1.0,130.0,0.0,0.0,0.0,0.0,0.0,0.0,0.0,0.0,0.0,0.0,0.0,2.0,3.0,0.0,89.0,0.0,0.0,3.0,21.0,0.0,14.0,1.0,101.0,1115.0,234.0,346.0
Cumberland-3751CC26,1377.0,3.0,49.0,489.0,556.0,1.0,4.0,188.0,0.0,0.0,0.0,1.0,0.0,0.0,0.0,0.0,0.0,0.0,0.0,1.0,4.0,1.0,74.0,0.0,0.0,1.0,20.0,0.0,18.0,0.0,105.0,1918.0,224.0,749.0
Cumberland-3751CC27,1525.0,4.0,59.0,438.0,384.0,1.0,6.0,212.0,0.0,0.0,0.0,0.0,0.0,0.0,0.0,0.0,0.0,0.0,0.0,2.0,4.0,2.0,70.0,0.0,0.0,2.0,10.0,0.0,14.0,0.0,88.0,2026.0,192.0,603.0
Cumberland-3751CC29,831.0,2.0,46.0,385.0,269.0,1.0,10.0,109.0,0.0,0.0,0.0,1.0,0.0,1.0,0.0,0.0,0.0,0.0,1.0,1.0,2.0,0.0,64.0,0.0,0.0,3.0,11.0,0.0,8.0,0.0,93.0,1264.0,182.0,389.0
Cumberland-3751CC31,643.0,0.0,43.0,469.0,188.0,2.0,4.0,119.0,0.0,0.0,0.0,2.0,0.0,0.0,0.0,0.0,0.0,0.0,0.0,3.0,1.0,0.0,74.0,0.0,0.0,1.0,13.0,2.0,10.0,0.0,107.0,1155.0,211.0,313.0
Cumberland-3751CC32,596.0,0.0,23.0,120.0,210.0,0.0,2.0,78.0,0.0,0.0,0.0,0.0,1.0,0.0,0.0,0.0,0.0,0.0,0.0,0.0,2.0,0.0,20.0,0.0,0.0,1.0,6.0,0.0,1.0,0.0,28.0,739.0,58.0,290.0
Cumberland-3751CC33,867.0,1.0,33.0,499.0,311.0,2.0,6.0,122.0,0.0,0.0,0.0,0.0,0.0,0.0,0.0,0.0,0.0,0.0,0.0,1.0,3.0,0.0,112.0,0.0,0.0,2.0,13.0,0.0,19.0,0.0,153.0,1400.0,303.0,441.0
Cumberland-3751CC34,557.0,1.0,29.0,783.0,189.0,4.0,9.0,116.0,0.0,1.0,0.0,1.0,0.0,0.0,0.0,0.0,0.0,0.0,0.0,2.0,6.0,0.0,177.0,0.0,0.0,0.0,55.0,2.0,42.0,0.0,212.0,1370.0,496.0,318.0
Cumberland-3751CL57-1,1289.0,3.0,50.0,488.0,422.0,0.0,3.0,176.0,0.0,2.0,0.0,0.0,0.0,0.0,0.0,0.0,0.0,0.0,0.0,1.0,3.0,1.0,84.0,0.0,0.0,0.0,18.0,3.0,19.0,0.0,94.0,1830.0,223.0,601.0
Cumberland-3751CL57-2,1406.0,1.0,34.0,357.0,525.0,0.0,4.0,184.0,0.0,0.0,0.0,1.0,0.0,0.0,0.0,0.0,0.0,0.0,0.0,1.0,1.0,1.0,64.0,1.0,0.0,1.0,9.0,0.0,16.0,1.0,83.0,1798.0,178.0,713.0
Cumberland-3751CU02,632.0,5.0,29.0,531.0,225.0,2.0,6.0,120.0,0.0,0.0,0.0,0.0,0.0,0.0,0.0,0.0,0.0,0.0,0.0,1.0,2.0,0.0,85.0,1.0,0.0,0.0,9.0,1.0,8.0,0.0,133.0,1197.0,240.0,353.0
Cumberland-3751EO61-1,615.0,4.0,47.0,1261.0,270.0,4.0,8.0,177.0,0.0,0.0,0.0,0.0,0.0,0.0,0.0,2.0,0.0,0.0,0.0,2.0,3.0,1.0,237.0,0.0,0.0,2.0,37.0,0.0,22.0,0.0,253.0,1927.0,557.0,459.0
Cumberland-3751EO61-2,509.0,0.0,21.0,797.0,228.0,1.0,5.0,117.0,0.0,0.0,0.0,0.0,0.0,0.0,0.0,0.0,0.0,0.0,0.0,1.0,0.0,0.0,123.0,0.0,0.0,0.0,17.0,0.0,15.0,0.0,176.0,1327.0,332.0,351.0
Cumberland-3751G10A,1325.0,6.0,76.0,1561.0,396.0,5.0,7.0,244.0,0.0,1.0,0.0,2.0,0.0,0.0,0.0,0.0,0.0,0.0,0.0,4.0,5.0,1.0,257.0,0.0,0.0,5.0,75.0,1.0,63.0,1.0,380.0,2968.0,792.0,652.0
Cumberland-3751G10B,764.0,3.0,51.0,799.0,263.0,1.0,1.0,113.0,0.0,0.0,0.0,1.0,0.0,1.0,0.0,0.0,0.0,0.0,1.0,1.0,5.0,0.0,128.0,1.0,0.0,0.0,16.0,1.0,17.0,2.0,151.0,1617.0,322.0,378.0
Cumberland-3751G10C,759.0,3.0,64.0,1328.0,221.0,3.0,2.0,162.0,0.0,0.0,0.0,0.0,0.0,0.0,0.0,0.0,0.0,1.0,0.0,1.0,5.0,0.0,184.0,0.0,0.0,0.0,37.0,2.0,41.0,0.0,298.0,2154.0,568.0,388.0
Cumberland-3751G11A-1,1032.0,5.0,38.0,301.0,295.0,0.0,1.0,146.0,0.0,0.0,0.0,2.0,0.0,0.0,0.0,0.0,0.0,0.0,0.0,0.0,3.0,0.0,37.0,0.0,0.0,1.0,6.0,1.0,3.0,0.0,56.0,1376.0,107.0,442.0
Cumberland-3751G11A-2,973.0,2.0,39.0,315.0,351.0,0.0,2.0,131.0,0.0,0.0,0.0,0.0,0.0,0.0,0.0,0.0,0.0,1.0,0.0,0.0,1.0,0.0,43.0,0.0,0.0,0.0,5.0,0.0,5.0,0.0,47.0,1329.0,101.0,484.0
Cumberland-3751G11B,636.0,6.0,95.0,713.0,87.0,0.0,1.0,91.0,1.0,0.0,0.0,3.0,1.0,0.0,0.0,0.0,0.0,0.0,0.0,0.0,2.0,0.0,72.0,0.0,0.0,1.0,19.0,0.0,34.0,0.0,56.0,1450.0,184.0,179.0
Cumberland-3751G1A,865.0,0.0,28.0,408.0,304.0,0.0,5.0,125.0,0.0,0.0,0.0,0.0,0.0,1.0,0.0,0.0,0.0,1.0,0.0,0.0,3.0,0.0,53.0,0.0,0.0,2.0,13.0,2.0,5.0,0.0,70.0,1301.0,148.0,434.0
Cumberland-3751G1B,1000.0,3.0,64.0,1571.0,351.0,1.0,12.0,202.0,0.0,0.0,0.0,2.0,0.0,0.0,0.0,0.0,0.0,0.0,0.0,2.0,5.0,1.0,241.0,0.0,0.0,1.0,31.0,0.0,41.0,0.0,359.0,2638.0,681.0,566.0
Cumberland-3751G2A,1815.0,5.0,76.0,840.0,781.0,0.0,9.0,266.0,1.0,0.0,0.0,1.0,0.0,0.0,0.0,0.0,0.0,0.0,0.0,1.0,8.0,1.0,159.0,0.0,0.0,1.0,46.0,3.0,42.0,0.0,199.0,2736.0,460.0,1056.0
Cumberland-3751G2B,1618.0,8.0,71.0,918.0,514.0,1.0,8.0,279.0,0.0,0.0,0.0,0.0,0.0,0.0,0.0,0.0,0.0,1.0,0.0,2.0,4.0,1.0,151.0,0.0,1.0,5.0,44.0,0.0,26.0,1.0,201.0,2615.0,436.0,802.0
Cumberland-3751G2C-1,855.0,4.0,73.0,565.0,335.0,3.0,2.0,161.0,1.0,0.0,0.0,2.0,0.0,0.0,0.0,0.0,0.0,0.0,0.0,2.0,4.0,0.0,101.0,0.0,0.0,1.0,27.0,3.0,22.0,0.0,154.0,1497.0,314.0,501.0
Cumberland-3751G2C-2,913.0,1.0,58.0,849.0,317.0,1.0,7.0,144.0,0.0,0.0,0.0,0.0,0.0,0.0,0.0,0.0,0.0,0.0,0.0,3.0,2.0,0.0,167.0,1.0,0.0,1.0,50.0,0.0,44.0,1.0,204.0,1821.0,473.0,469.0
Cumberland-3751G2D,1270.0,2.0,73.0,1106.0,541.0,3.0,16.0,227.0,0.0,0.0,0.0,1.0,0.0,0.0,0.0,0.0,0.0,0.0,0.0,3.0,4.0,1.0,203.0,0.0,0.0,0.0,62.0,1.0,54.0,0.0,267.0,2451.0,595.0,787.0
Cumberland-3751G2E-1,961.0,1.0,22.0,205.0,340.0,0.0,1.0,136.0,0.0,0.0,0.0,3.0,0.0,0.0,0.0,0.0,0.0,0.0,0.0,2.0,1.0,0.0,35.0,0.0,0.0,0.0,3.0,0.0,2.0,0.0,35.0,1189.0,78.0,477.0
Cumberland-3751G2E-2,1347.0,1.0,26.0,231.0,431.0,2.0,2.0,175.0,0.0,0.0,0.0,0.0,0.0,0.0,0.0,0.0,0.0,0.0,0.0,1.0,5.0,0.0,39.0,0.0,0.0,0.0,5.0,0.0,10.0,0.0,48.0,1605.0,108.0,610.0
Cumberland-3751G3A-1,1416.0,0.0,53.0,655.0,352.0,0.0,4.0,177.0,0.0,1.0,0.0,0.0,0.0,0.0,0.0,0.0,0.0,0.0,0.0,0.0,1.0,0.0,75.0,0.0,0.0,2.0,20.0,1.0,15.0,0.0,129.0,2124.0,243.0,533.0
Cumberland-3751G3A-2,778.0,1.0,41.0,572.0,187.0,0.0,5.0,106.0,0.0,0.0,0.0,0.0,0.0,0.0,1.0,0.0,0.0,0.0,0.0,2.0,2.0,0.0,57.0,0.0,0.0,0.0,6.0,0.0,16.0,1.0,97.0,1392.0,181.0,298.0
Cumberland-3751G3B,340.0,0.0,8.0,289.0,92.0,2.0,2.0,58.0,0.0,0.0,0.0,0.0,0.0,0.0,0.0,0.0,0.0,0.0,0.0,0.0,0.0,0.0,24.0,0.0,0.0,1.0,6.0,0.0,7.0,0.0,72.0,637.0,110.0,154.0
Cumberland-3751G3C,310.0,1.0,13.0,486.0,111.0,0.0,3.0,76.0,0.0,0.0,0.0,0.0,0.0,0.0,0.0,1.0,0.0,0.0,0.0,0.0,1.0,1.0,64.0,0.0,0.0,1.0,9.0,0.0,5.0,0.0,112.0,810.0,193.0,190.0
Cumberland-3751G4A,471.0,3.0,32.0,400.0,144.0,3.0,5.0,100.0,0.0,0.0,0.0,0.0,0.0,0.0,0.0,0.0,0.0,0.0,0.0,3.0,1.0,0.0,54.0,0.0,0.0,0.0,7.0,0.0,8.0,0.0,101.0,906.0,174.0,252.0
Cumberland-3751G4B,471.0,2.0,45.0,641.0,129.0,2.0,6.0,128.0,0.0,0.0,1.0,0.0,0.0,0.0,0.0,0.0,0.0,0.0,0.0,0.0,1.0,0.0,93.0,0.0,0.0,2.0,9.0,0.0,19.0,0.0,147.0,1159.0,271.0,265.0
Cumberland-3751G4C,718.0,2.0,25.0,311.0,172.0,0.0,0.0,95.0,0.0,0.0,0.0,1.0,0.0,0.0,0.0,0.0,0.0,0.0,0.0,0.0,2.0,0.0,34.0,0.0,1.0,0.0,7.0,0.0,7.0,0.0,74.0,1056.0,125.0,267.0
Cumberland-3751G5A-1,1152.0,0.0,40.0,392.0,454.0,0.0,5.0,164.0,0.0,0.0,0.0,1.0,0.0,0.0,0.0,0.0,0.0,0.0,1.0,0.0,3.0,0.0,80.0,0.0,0.0,1.0,24.0,2.0,15.0,1.0,83.0,1584.0,209.0,623.0
Cumberland-3751G5A-2,835.0,1.0,32.0,546.0,343.0,1.0,5.0,111.0,0.0,0.0,0.0,0.0,0.0,1.0,0.0,0.0,0.0,0.0,0.0,1.0,4.0,0.0,117.0,0.0,0.0,0.0,25.0,0.0,22.0,0.0,132.0,1414.0,301.0,460.0
Cumberland-3751G5B-1,1558.0,2.0,24.0,196.0,538.0,0.0,1.0,155.0,0.0,0.0,0.0,0.0,0.0,0.0,0.0,0.0,0.0,0.0,0.0,0.0,2.0,1.0,32.0,0.0,0.0,0.0,8.0,1.0,7.0,0.0,28.0,1780.0,79.0,694.0
Cumberland-3751G5B-2,1150.0,2.0,28.0,280.0,432.0,1.0,1.0,135.0,0.0,0.0,0.0,0.0,0.0,0.0,0.0,0.0,0.0,0.0,0.0,4.0,1.0,0.0,54.0,0.0,0.0,5.0,8.0,0.0,9.0,0.0,61.0,1460.0,142.0,569.0
Cumberland-3751G5C,844.0,4.0,33.0,445.0,209.0,0.0,1.0,145.0,0.0,0.0,0.0,0.0,0.0,0.0,0.0,1.0,0.0,0.0,0.0,0.0,3.0,1.0,96.0,0.0,0.0,3.0,12.0,0.0,12.0,1.0,120.0,1326.0,248.0,355.0
Cumberland-3751G6A,738.0,4.0,66.0,2079.0,233.0,2.0,19.0,173.0,0.0,1.0,0.0,1.0,0.0,0.0,0.0,0.0,0.0,0.0,0.0,3.0,4.0,0.0,322.0,1.0,0.0,0.0,26.0,0.0,39.0,0.0,381.0,2887.0,776.0,427.0
Cumberland-3751G6B,189.0,2.0,15.0,584.0,95.0,2.0,9.0,92.0,0.0,0.0,0.0,0.0,0.0,0.0,0.0,0.0,0.0,0.0,0.0,0.0,2.0,0.0,64.0,0.0,0.0,0.0,8.0,0.0,5.0,0.0,111.0,790.0,190.0,198.0
Cumberland-3751G6C,459.0,1.0,24.0,771.0,204.0,1.0,9.0,101.0,0.0,1.0,0.0,0.0,0.0,0.0,0.0,0.0,0.0,0.0,0.0,1.0,4.0,0.0,124.0,0.0,0.0,0.0,11.0,0.0,10.0,0.0,169.0,1255.0,319.0,315.0
Cumberland-3751G7A,218.0,0.0,20.0,603.0,72.0,0.0,3.0,67.0,0.0,0.0,0.0,4.0,0.0,0.0,0.0,1.0,0.0,0.0,0.0,1.0,2.0,0.0,137.0,1.0,0.0,1.0,10.0,0.0,8.0,0.0,114.0,841.0,274.0,142.0
Cumberland-3751G7B,191.0,0.0,19.0,610.0,79.0,3.0,8.0,70.0,0.0,0.0,0.0,0.0,0.0,0.0,0.0,0.0,0.0,0.0,0.0,0.0,3.0,0.0,83.0,0.0,0.0,0.0,8.0,0.0,11.0,0.0,128.0,820.0,233.0,160.0
Cumberland-3751G8A,1235.0,4.0,62.0,774.0,370.0,0.0,5.0,194.0,0.0,0.0,0.0,2.0,0.0,0.0,0.0,0.0,0.0,0.0,0.0,0.0,5.0,0.0,105.0,1.0,0.0,2.0,23.0,0.0,17.0,0.0,161.0,2075.0,314.0,569.0
Cumberland-3751G8B,689.0,2.0,61.0,588.0,200.0,1.0,3.0,112.0,0.0,1.0,0.0,0.0,0.0,0.0,0.0,0.0,0.0,0.0,0.0,3.0,5.0,0.0,98.0,0.0,1.0,1.0,15.0,1.0,21.0,0.0,120.0,1340.0,265.0,316.0
Cumberland-3751G8C,814.0,2.0,25.0,504.0,220.0,1.0,4.0,124.0,0.0,0.0,0.0,0.0,0.0,0.0,0.0,0.0,0.0,0.0,0.0,2.0,2.0,0.0,75.0,0.0,0.0,1.0,5.0,0.0,11.0,0.0,93.0,1345.0,189.0,349.0
Cumberland-3751G8D,745.0,9.0,63.0,938.0,194.0,1.0,2.0,175.0,0.0,1.0,0.0,2.0,0.0,0.0,0.0,0.0,0.0,0.0,0.0,3.0,7.0,1.0,149.0,0.0,0.0,2.0,28.0,1.0,33.0,1.0,198.0,1755.0,423.0,372.0
Cumberland-3751G9A,814.0,4.0,45.0,885.0,229.0,4.0,6.0,162.0,0.0,0.0,1.0,0.0,0.0,0.0,0.0,0.0,0.0,0.0,0.0,0.0,6.0,1.0,139.0,0.0,1.0,2.0,18.0,2.0,21.0,1.0,165.0,1748.0,356.0,401.0
Cumberland-3751G9B-1,1084.0,2.0,63.0,1201.0,293.0,2.0,4.0,157.0,0.0,0.0,0.0,1.0,0.0,0.0,1.0,0.0,0.0,0.0,0.0,0.0,2.0,1.0,170.0,1.0,0.0,5.0,21.0,0.0,20.0,0.0,223.0,2350.0,443.0,456.0
Cumberland-3751G9B-2,1198.0,4.0,69.0,1250.0,322.0,1.0,5.0,155.0,0.0,0.0,0.0,0.0,0.0,0.0,0.0,0.0,0.0,0.0,0.0,2.0,6.0,0.0,185.0,0.0,0.0,1.0,32.0,0.0,33.0,0.0,238.0,2521.0,497.0,483.0
Cumberland-3751LI65,682.0,2.0,48.0,1361.0,243.0,3.0,10.0,140.0,0.0,1.0,0.0,2.0,0.0,0.0,0.0,0.0,0.0,0.0,0.0,3.0,3.0,1.0,192.0,0.0,0.0,2.0,49.0,2.0,35.0,0.0,312.0,2093.0,599.0,396.0
Cumberland-3751LR63,1861.0,3.0,56.0,504.0,567.0,1.0,4.0,240.0,0.0,0.0,0.0,0.0,0.0,0.0,0.0,1.0,0.0,0.0,1.0,2.0,2.0,0.0,83.0,0.0,0.0,1.0,23.0,0.0,14.0,0.0,100.0,2424.0,225.0,812.0
Cumberland-3751MB62,1267.0,2.0,33.0,286.0,362.0,0.0,0.0,149.0,0.0,0.0,0.0,2.0,0.0,0.0,0.0,0.0,0.0,0.0,0.0,1.0,3.0,0.0,40.0,1.0,0.0,0.0,6.0,0.0,6.0,0.0,52.0,1588.0,109.0,511.0
Cumberland-3751MR02,1051.0,4.0,51.0,539.0,349.0,1.0,3.0,135.0,0.0,0.0,0.0,0.0,0.0,0.0,0.0,0.0,0.0,1.0,0.0,3.0,4.0,1.0,92.0,0.0,0.0,1.0,25.0,1.0,19.0,0.0,130.0,1645.0,276.0,488.0
Cumberland-3751ONE STOP 100 A 1-30,475.0,0.0,8.0,191.0,0.0,0.0,0.0,0.0,0.0,0.0,0.0,0.0,0.0,0.0,0.0,0.0,0.0,0.0,0.0,0.0,0.0,0.0,0.0,0.0,0.0,0.0,0.0,0.0,0.0,0.0,0.0,674.0,0.0,0.0
Cumberland-3751ONE STOP 100 A 31-57,69.0,0.0,0.0,19.0,0.0,0.0,0.0,0.0,0.0,0.0,0.0,0.0,0.0,0.0,0.0,0.0,0.0,0.0,0.0,0.0,0.0,0.0,0.0,0.0,0.0,0.0,0.0,0.0,0.0,0.0,0.0,88.0,0.0,0.0
Cumberland-3751ONE STOP 100 B 1-30,661.0,0.0,5.0,129.0,0.0,0.0,0.0,0.0,0.0,0.0,0.0,0.0,0.0,0.0,0.0,0.0,0.0,0.0,0.0,0.0,0.0,0.0,0.0,0.0,0.0,0.0,0.0,0.0,0.0,0.0,0.0,795.0,0.0,0.0
Cumberland-3751ONE STOP 100 B 31-57,32.0,0.0,1.0,17.0,0.0,0.0,0.0,0.0,0.0,0.0,0.0,0.0,0.0,0.0,0.0,0.0,0.0,0.0,0.0,0.0,0.0,0.0,0.0,0.0,0.0,0.0,0.0,0.0,0.0,0.0,0.0,50.0,0.0,0.0
Cumberland-3751ONE STOP 100 C 1-30,366.0,0.0,2.0,78.0,0.0,0.0,0.0,0.0,0.0,0.0,0.0,0.0,0.0,0.0,0.0,0.0,0.0,0.0,0.0,0.0,0.0,0.0,0.0,0.0,0.0,0.0,0.0,0.0,0.0,0.0,0.0,446.0,0.0,0.0
Cumberland-3751ONE STOP 100 C 31-57,256.0,0.0,4.0,168.0,0.0,0.0,0.0,0.0,0.0,0.0,0.0,0.0,0.0,0.0,0.0,0.0,0.0,0.0,0.0,0.0,0.0,0.0,0.0,0.0,0.0,0.0,0.0,0.0,0.0,0.0,0.0,428.0,0.0,0.0
Cumberland-3751ONE STOP 100 D 1-30,175.0,0.0,2.0,132.0,0.0,0.0,0.0,0.0,0.0,0.0,0.0,0.0,0.0,0.0,0.0,0.0,0.0,0.0,0.0,0.0,0.0,0.0,0.0,0.0,0.0,0.0,0.0,0.0,0.0,0.0,0.0,309.0,0.0,0.0
Cumberland-3751ONE STOP 100 D 31-57,117.0,0.0,3.0,151.0,0.0,0.0,0.0,0.0,0.0,0.0,0.0,0.0,0.0,0.0,0.0,0.0,0.0,0.0,0.0,0.0,0.0,0.0,0.0,0.0,0.0,0.0,0.0,0.0,0.0,0.0,0.0,271.0,0.0,0.0
Cumberland-3751ONE STOP 100 E 1-30,68.0,0.0,2.0,49.0,0.0,0.0,0.0,0.0,0.0,0.0,0.0,0.0,0.0,0.0,0.0,0.0,0.0,0.0,0.0,0.0,0.0,0.0,0.0,0.0,0.0,0.0,0.0,0.0,0.0,0.0,0.0,119.0,0.0,0.0
Cumberland-3751ONE STOP 100 E 31-57,87.0,0.0,1.0,80.0,0.0,0.0,0.0,0.0,0.0,0.0,0.0,0.0,0.0,0.0,0.0,0.0,0.0,0.0,0.0,0.0,0.0,0.0,0.0,0.0,0.0,0.0,0.0,0.0,0.0,0.0,0.0,168.0,0.0,0.0
Cumberland-3751ONE STOP 100 G 1-30,305.0,0.0,1.0,3.0,0.0,0.0,0.0,0.0,0.0,0.0,0.0,0.0,0.0,0.0,0.0,0.0,0.0,0.0,0.0,0.0,0.0,0.0,0.0,0.0,0.0,0.0,0.0,0.0,0.0,0.0,0.0,309.0,0.0,0.0
Cumberland-3751ONE STOP 100 G 31-57,35.0,0.0,0.0,0.0,0.0,0.0,0.0,0.0,0.0,0.0,0.0,0.0,0.0,0.0,0.0,0.0,0.0,0.0,0.0,0.0,0.0,0.0,0.0,0.0,0.0,0.0,0.0,0.0,0.0,0.0,0.0,35.0,0.0,0.0
Cumberland-3751ONE STOP 100 H 1-30,233.0,0.0,3.0,75.0,0.0,0.0,0.0,0.0,0.0,0.0,0.0,0.0,0.0,0.0,0.0,0.0,0.0,0.0,0.0,0.0,0.0,0.0,0.0,0.0,0.0,0.0,0.0,0.0,0.0,0.0,0.0,311.0,0.0,0.0
Cumberland-3751ONE STOP 100 H 31-57,8.0,0.0,0.0,4.0,0.0,0.0,0.0,0.0,0.0,0.0,0.0,0.0,0.0,0.0,0.0,0.0,0.0,0.0,0.0,0.0,0.0,0.0,0.0,0.0,0.0,0.0,0.0,0.0,0.0,0.0,0.0,12.0,0.0,0.0
Cumberland-3751ONE STOP 100 I 1-30,85.0,0.0,3.0,74.0,0.0,0.0,0.0,0.0,0.0,0.0,0.0,0.0,0.0,0.0,0.0,0.0,0.0,0.0,0.0,0.0,0.0,0.0,0.0,0.0,0.0,0.0,0.0,0.0,0.0,0.0,0.0,162.0,0.0,0.0
Cumberland-3751ONE STOP 100 I 31-57,5.0,0.0,0.0,7.0,0.0,0.0,0.0,0.0,0.0,0.0,0.0,0.0,0.0,0.0,0.0,0.0,0.0,0.0,0.0,0.0,0.0,0.0,0.0,0.0,0.0,0.0,0.0,0.0,0.0,0.0,0.0,12.0,0.0,0.0
Cumberland-3751ONE STOP 100 J 1-30,34.0,0.0,1.0,32.0,0.0,0.0,0.0,0.0,0.0,0.0,0.0,0.0,0.0,0.0,0.0,0.0,0.0,0.0,0.0,0.0,0.0,0.0,0.0,0.0,0.0,0.0,0.0,0.0,0.0,0.0,0.0,67.0,0.0,0.0
Cumberland-3751ONE STOP 100 J 31-57,3.0,0.0,0.0,0.0,0.0,0.0,0.0,0.0,0.0,0.0,0.0,0.0,0.0,0.0,0.0,0.0,0.0,0.0,0.0,0.0,0.0,0.0,0.0,0.0,0.0,0.0,0.0,0.0,0.0,0.0,0.0,3.0,0.0,0.0
Cumberland-3751ONE STOP 100 L 1-30,59.0,0.0,3.0,7.0,0.0,0.0,0.0,0.0,0.0,0.0,0.0,0.0,0.0,0.0,0.0,0.0,0.0,0.0,0.0,0.0,0.0,0.0,0.0,0.0,0.0,0.0,0.0,0.0,0.0,0.0,0.0,69.0,0.0,0.0
Cumberland-3751ONE STOP 100 L 31-57,14.0,0.0,1.0,5.0,0.0,0.0,0.0,0.0,0.0,0.0,0.0,0.0,0.0,0.0,0.0,0.0,0.0,0.0,0.0,0.0,0.0,0.0,0.0,0.0,0.0,0.0,0.0,0.0,0.0,0.0,0.0,20.0,0.0,0.0
Cumberland-3751ONE STOP A 100,0.0,0.0,0.0,0.0,211.0,2.0,2.0,21.0,0.0,0.0,0.0,0.0,0.0,0.0,0.0,0.0,0.0,0.0,0.0,0.0,4.0,0.0,11.0,0.0,0.0,0.0,6.0,0.0,1.0,0.0,26.0,0.0,48.0,236.0
Cumberland-3751ONE STOP B 100,0.0,0.0,0.0,0.0,166.0,0.0,0.0,14.0,0.0,0.0,0.0,0.0,0.0,0.0,0.0,0.0,0.0,0.0,0.0,0.0,0.0,0.0,8.0,0.0,0.0,0.0,0.0,0.0,1.0,0.0,16.0,0.0,25.0,180.0
Cumberland-3751ONE STOP C 100,0.0,0.0,0.0,0.0,129.0,0.0,2.0,18.0,0.0,0.0,0.0,0.0,0.0,0.0,0.0,0.0,0.0,0.0,0.0,0.0,0.0,0.0,12.0,0.0,0.0,0.0,2.0,0.0,3.0,0.0,14.0,0.0,31.0,149.0
Cumberland-3751ONE STOP D 100,0.0,0.0,0.0,0.0,54.0,0.0,3.0,10.0,0.0,0.0,0.0,0.0,0.0,0.0,0.0,0.0,0.0,0.0,0.0,0.0,0.0,0.0,6.0,0.0,0.0,0.0,2.0,0.0,1.0,0.0,11.0,0.0,20.0,67.0
Cumberland-3751ONE STOP E 100,0.0,0.0,0.0,0.0,39.0,0.0,1.0,5.0,0.0,0.0,0.0,0.0,0.0,0.0,0.0,0.0,0.0,0.0,0.0,0.0,0.0,0.0,7.0,0.0,0.0,0.0,1.0,0.0,0.0,0.0,6.0,0.0,14.0,45.0
Cumberland-3751PROVISIONAL 1-30,378.0,1.0,18.0,174.0,0.0,0.0,0.0,0.0,0.0,0.0,0.0,0.0,0.0,0.0,0.0,0.0,0.0,0.0,0.0,0.0,0.0,0.0,0.0,0.0,0.0,0.0,0.0,0.0,0.0,0.0,0.0,571.0,0.0,0.0
Cumberland-3751PROVISIONAL 31-57,133.0,1.0,4.0,125.0,0.0,0.0,0.0,0.0,0.0,0.0,0.0,0.0,0.0,0.0,0.0,0.0,0.0,0.0,0.0,0.0,0.0,0.0,0.0,0.0,0.0,0.0,0.0,0.0,0.0,0.0,0.0,263.0,0.0,0.0
Cumberland-3751SH77,648.0,2.0,38.0,981.0,212.0,5.0,3.0,139.0,0.0,0.0,0.0,0.0,0.0,0.0,0.0,0.0,0.0,0.0,0.0,2.0,5.0,1.0,158.0,1.0,0.0,0.0,22.0,1.0,19.0,0.0,236.0,1669.0,445.0,359.0
Cumberland-3751TRANSFER 1-30,6.0,0.0,0.0,1.0,0.0,0.0,0.0,0.0,0.0,0.0,0.0,0.0,0.0,0.0,0.0,0.0,0.0,0.0,0.0,0.0,0.0,0.0,0.0,0.0,0.0,0.0,0.0,0.0,0.0,0.0,0.0,7.0,0.0,0.0
Cumberland-3751TRANSFER 100,0.0,0.0,0.0,0.0,7.0,0.0,0.0,9.0,0.0,0.0,0.0,0.0,0.0,0.0,0.0,0.0,0.0,0.0,0.0,0.0,0.0,0.0,0.0,0.0,0.0,0.0,0.0,0.0,1.0,0.0,2.0,0.0,3.0,16.0
Cumberland-3751TRANSFER 31-57,3.0,0.0,0.0,0.0,0.0,0.0,0.0,0.0,0.0,0.0,0.0,0.0,0.0,0.0,0.0,0.0,0.0,0.0,0.0,0.0,0.0,0.0,0.0,0.0,0.0,0.0,0.0,0.0,0.0,0.0,0.0,3.0,0.0,0.0
Currituck-3753ABSENTEE,120.0,0.0,12.0,225.0,10.0,1.0,0.0,8.0,0.0,0.0,0.0,0.0,0.0,0.0,0.0,0.0,0.0,0.0,0.0,1.0,1.0,0.0,7.0,0.0,0.0,0.0,12.0,0.0,13.0,0.0,43.0,357.0,77.0,19.0
Currituck-3753CB,39.0,0.0,5.0,66.0,7.0,0.0,0.0,20.0,0.0,0.0,0.0,0.0,0.0,0.0,0.0,0.0,0.0,0.0,0.0,1.0,1.0,0.0,12.0,0.0,0.0,0.0,6.0,0.0,3.0,0.0,29.0,110.0,52.0,27.0
Currituck-3753CH,182.0,6.0,59.0,798.0,84.0,0.0,7.0,119.0,0.0,0.0,1.0,2.0,0.0,0.0,0.0,0.0,0.0,0.0,0.0,3.0,8.0,1.0,174.0,0.0,0.0,1.0,74.0,0.0,56.0,2.0,404.0,1045.0,723.0,210.0
Currituck-3753CI,24.0,0.0,3.0,115.0,14.0,0.0,0.0,12.0,0.0,0.0,0.0,0.0,0.0,0.0,0.0,0.0,0.0,0.0,0.0,0.0,0.0,0.0,18.0,0.0,0.0,1.0,9.0,0.0,6.0,0.0,39.0,142.0,73.0,26.0
Currituck-3753CJ,72.0,0.0,10.0,175.0,25.0,0.0,1.0,19.0,0.0,1.0,0.0,0.0,0.0,0.0,0.0,0.0,0.0,0.0,0.0,0.0,2.0,0.0,27.0,0.0,0.0,0.0,8.0,0.0,8.0,0.0,55.0,257.0,100.0,45.0
Currituck-3753GW,39.0,0.0,9.0,140.0,5.0,0.0,0.0,12.0,0.0,0.0,0.0,0.0,0.0,0.0,0.0,0.0,0.0,0.0,0.0,0.0,1.0,0.0,15.0,0.0,0.0,0.0,1.0,0.0,5.0,0.0,48.0,188.0,70.0,17.0
Currituck-3753IR,87.0,0.0,17.0,307.0,66.0,1.0,1.0,31.0,0.0,0.0,0.0,0.0,0.0,0.0,0.0,0.0,0.0,0.0,0.0,3.0,1.0,1.0,50.0,0.0,0.0,0.0,16.0,2.0,19.0,0.0,126.0,411.0,218.0,99.0
Currituck-3753KI,88.0,3.0,13.0,511.0,30.0,1.0,1.0,29.0,0.0,0.0,0.0,1.0,0.0,0.0,0.0,0.0,0.0,0.0,0.0,1.0,2.0,0.0,43.0,0.0,1.0,0.0,25.0,1.0,14.0,1.0,140.0,615.0,228.0,61.0
Currituck-3753MY,357.0,2.0,85.0,1521.0,144.0,1.0,1.0,101.0,0.0,0.0,0.0,3.0,0.0,0.0,0.0,0.0,0.0,0.0,0.0,6.0,11.0,1.0,267.0,0.0,0.0,1.0,93.0,3.0,84.0,0.0,540.0,1965.0,1006.0,247.0
Currituck-3753ONE STOP,1261.0,8.0,173.0,3536.0,129.0,0.0,2.0,108.0,0.0,0.0,0.0,1.0,0.0,0.0,0.0,0.0,0.0,0.0,0.0,5.0,7.0,3.0,183.0,0.0,0.0,2.0,75.0,3.0,95.0,1.0,408.0,4978.0,782.0,239.0
Currituck-3753PB,297.0,3.0,50.0,1006.0,146.0,4.0,5.0,134.0,0.0,1.0,0.0,1.0,0.0,0.0,0.0,0.0,0.0,0.0,1.0,2.0,7.0,3.0,122.0,0.0,0.0,1.0,59.0,7.0,54.0,0.0,326.0,1356.0,581.0,289.0
Currituck-3753PP,202.0,3.0,32.0,505.0,80.0,2.0,8.0,69.0,0.0,0.0,0.0,2.0,0.0,0.0,0.0,0.0,0.0,0.0,1.0,0.0,3.0,0.0,73.0,1.0,0.0,0.0,50.0,2.0,24.0,0.0,146.0,742.0,299.0,159.0
Currituck-3753WH,126.0,2.0,11.0,190.0,41.0,0.0,1.0,39.0,0.0,0.0,0.0,0.0,0.0,0.0,0.0,0.0,0.0,0.0,0.0,0.0,2.0,0.0,22.0,0.0,0.0,0.0,34.0,0.0,12.0,0.0,70.0,329.0,140.0,81.0
Dare-3755ABSENTEE,450.0,0.0,35.0,547.0,48.0,0.0,2.0,36.0,0.0,0.0,0.0,1.0,0.0,0.0,0.0,0.0,0.0,0.0,0.0,1.0,3.0,0.0,16.0,0.0,0.0,1.0,17.0,0.0,22.0,0.0,37.0,1032.0,97.0,86.0
Dare-3755AVON,158.0,0.0,19.0,273.0,45.0,0.0,2.0,41.0,0.0,0.0,0.0,1.0,0.0,0.0,0.0,0.0,0.0,0.0,0.0,0.0,0.0,0.0,48.0,0.0,0.0,0.0,17.0,1.0,9.0,0.0,74.0,450.0,149.0,88.0
Dare-3755BUX,196.0,5.0,21.0,471.0,62.0,2.0,3.0,117.0,0.0,0.0,0.0,0.0,0.0,0.0,0.0,0.0,0.0,0.0,0.0,0.0,3.0,1.0,53.0,0.0,0.0,1.0,28.0,0.0,18.0,0.0,118.0,693.0,222.0,184.0
Dare-3755CHCA,164.0,2.0,32.0,183.0,40.0,1.0,2.0,72.0,0.0,0.0,0.0,0.0,0.0,0.0,0.0,0.0,0.0,0.0,0.0,1.0,1.0,0.0,21.0,0.0,0.0,1.0,20.0,2.0,8.0,0.0,42.0,381.0,96.0,115.0
Dare-3755COL,776.0,2.0,69.0,1287.0,187.0,5.0,10.0,260.0,0.0,0.0,0.0,0.0,0.0,0.0,0.0,0.0,0.0,0.0,1.0,0.0,9.0,1.0,123.0,1.0,0.0,3.0,84.0,2.0,38.0,0.0,303.0,2134.0,564.0,462.0
Dare-3755DUCK,163.0,1.0,6.0,161.0,66.0,0.0,0.0,29.0,0.0,0.0,0.0,0.0,0.0,0.0,0.0,0.0,0.0,0.0,0.0,1.0,1.0,1.0,25.0,0.0,0.0,0.0,35.0,0.0,14.0,0.0,54.0,331.0,131.0,95.0
Dare-3755EL,8.0,0.0,0.0,43.0,5.0,0.0,0.0,2.0,0.0,0.0,0.0,0.0,0.0,0.0,0.0,0.0,0.0,0.0,0.0,0.0,0.0,0.0,2.0,0.0,0.0,0.0,1.0,0.0,0.0,0.0,9.0,51.0,12.0,7.0
Dare-3755FRCO,161.0,0.0,11.0,337.0,37.0,2.0,4.0,63.0,0.0,0.0,0.0,0.0,0.0,0.0,0.0,0.0,0.0,0.0,0.0,1.0,4.0,0.0,39.0,0.0,0.0,1.0,23.0,0.0,12.0,0.0,91.0,509.0,171.0,106.0
Dare-3755HAT,99.0,1.0,14.0,228.0,34.0,1.0,0.0,57.0,0.0,0.0,0.0,0.0,0.0,0.0,0.0,0.0,0.0,0.0,0.0,0.0,1.0,1.0,15.0,0.0,0.0,1.0,10.0,3.0,6.0,0.0,67.0,342.0,104.0,92.0
Dare-3755KDH,1258.0,18.0,130.0,1875.0,267.0,1.0,12.0,449.0,1.0,1.0,0.0,3.0,0.0,0.0,1.0,1.0,0.0,0.0,1.0,1.0,9.0,1.0,156.0,1.0,0.0,2.0,94.0,5.0,57.0,1.0,373.0,3281.0,700.0,729.0
Dare-3755KTHK,656.0,2.0,71.0,1147.0,162.0,4.0,8.0,216.0,0.0,0.0,0.0,2.0,0.0,0.0,0.0,0.0,0.0,0.0,0.0,1.0,5.0,0.0,122.0,0.0,0.0,0.0,95.0,3.0,47.0,0.0,301.0,1876.0,574.0,390.0
Dare-3755MATO,1240.0,10.0,105.0,1754.0,446.0,3.0,16.0,411.0,0.0,0.0,0.0,2.0,0.0,0.0,0.0,0.0,0.0,0.0,0.0,3.0,14.0,1.0,199.0,1.0,0.0,1.0,117.0,4.0,82.0,0.0,428.0,3109.0,850.0,876.0
Dare-3755MH,87.0,0.0,12.0,262.0,32.0,1.0,3.0,47.0,0.0,0.0,0.0,1.0,0.0,0.0,0.0,0.0,0.0,0.0,0.0,0.0,2.0,0.0,26.0,0.0,0.0,0.0,6.0,1.0,6.0,0.0,40.0,361.0,81.0,83.0
Dare-3755NGHD,692.0,3.0,62.0,885.0,222.0,3.0,4.0,205.0,0.0,0.0,0.0,0.0,0.0,0.0,0.0,0.0,0.0,0.0,0.0,1.0,7.0,1.0,93.0,0.0,0.0,1.0,92.0,3.0,31.0,1.0,244.0,1642.0,474.0,434.0
Dare-3755SOSH,909.0,8.0,60.0,1281.0,299.0,2.0,8.0,229.0,0.0,0.0,0.0,2.0,0.0,0.0,0.0,0.0,0.0,0.0,0.0,0.0,2.0,2.0,156.0,2.0,0.0,1.0,176.0,2.0,73.0,0.0,357.0,2258.0,771.0,538.0
Dare-3755STPT,12.0,0.0,2.0,94.0,6.0,0.0,1.0,19.0,0.0,0.0,0.0,0.0,0.0,0.0,0.0,0.0,0.0,0.0,0.0,0.0,1.0,0.0,9.0,0.0,0.0,0.0,2.0,0.0,2.0,0.0,16.0,108.0,30.0,26.0
Dare-3755WAN,155.0,0.0,17.0,546.0,56.0,1.0,10.0,69.0,0.0,0.0,0.0,1.0,0.0,0.0,0.0,0.0,0.0,0.0,0.0,0.0,7.0,0.0,57.0,0.0,0.0,1.0,15.0,1.0,19.0,0.0,106.0,718.0,206.0,136.0
Davidson-375704,824.0,3.0,97.0,2788.0,213.0,1.0,8.0,175.0,0.0,1.0,0.0,1.0,0.0,1.0,0.0,0.0,0.0,0.0,0.0,3.0,13.0,1.0,567.0,1.0,0.0,6.0,122.0,3.0,101.0,0.0,579.0,3712.0,1396.0,397.0
Davidson-375706,252.0,0.0,37.0,1447.0,65.0,2.0,12.0,106.0,0.0,0.0,0.0,0.0,0.0,0.0,0.0,0.0,0.0,0.0,0.0,0.0,7.0,1.0,248.0,0.0,0.0,2.0,31.0,2.0,24.0,0.0,318.0,1736.0,633.0,185.0
Davidson-375708,169.0,0.0,20.0,527.0,57.0,1.0,2.0,52.0,0.0,0.0,0.0,0.0,0.0,0.0,0.0,0.0,0.0,0.0,0.0,1.0,1.0,0.0,127.0,0.0,0.0,2.0,29.0,0.0,17.0,0.0,87.0,716.0,264.0,112.0
Davidson-375710,337.0,2.0,51.0,1202.0,103.0,1.0,6.0,129.0,0.0,0.0,0.0,3.0,0.0,0.0,0.0,0.0,0.0,0.0,0.0,4.0,8.0,1.0,190.0,0.0,0.0,2.0,30.0,1.0,23.0,0.0,293.0,1592.0,552.0,239.0
Davidson-375712,86.0,0.0,18.0,436.0,22.0,0.0,0.0,28.0,0.0,0.0,0.0,0.0,0.0,0.0,0.0,0.0,0.0,0.0,0.0,1.0,1.0,0.0,67.0,1.0,0.0,1.0,16.0,0.0,14.0,1.0,114.0,540.0,216.0,50.0
Davidson-375714,132.0,1.0,40.0,1075.0,43.0,0.0,2.0,36.0,0.0,0.0,1.0,1.0,0.0,0.0,0.0,0.0,0.0,0.0,0.0,4.0,6.0,1.0,175.0,0.0,0.0,2.0,20.0,1.0,28.0,1.0,207.0,1248.0,445.0,81.0
Davidson-375716,291.0,5.0,68.0,1633.0,64.0,0.0,1.0,84.0,0.0,0.0,0.0,0.0,0.0,0.0,0.0,0.0,0.0,0.0,0.0,2.0,13.0,1.0,347.0,0.0,0.0,3.0,53.0,1.0,37.0,1.0,325.0,1997.0,783.0,149.0
Davidson-375718,203.0,1.0,27.0,1092.0,60.0,1.0,4.0,57.0,0.0,0.0,0.0,0.0,0.0,0.0,0.0,0.0,0.0,0.0,0.0,1.0,1.0,0.0,180.0,0.0,1.0,4.0,47.0,0.0,17.0,0.0,264.0,1323.0,515.0,122.0
Davidson-375720,237.0,4.0,54.0,1485.0,62.0,1.0,3.0,97.0,0.0,0.0,0.0,1.0,0.0,0.0,0.0,0.0,0.0,0.0,0.0,3.0,7.0,0.0,283.0,0.0,1.0,2.0,45.0,1.0,24.0,0.0,285.0,1780.0,651.0,163.0
Davidson-375722,95.0,2.0,21.0,462.0,31.0,0.0,5.0,33.0,0.0,0.0,0.0,1.0,0.0,0.0,0.0,0.0,0.0,0.0,0.0,1.0,4.0,0.0,59.0,1.0,0.0,0.0,12.0,3.0,7.0,0.0,96.0,580.0,183.0,69.0
Davidson-375724,192.0,0.0,22.0,626.0,46.0,0.0,6.0,44.0,0.0,0.0,0.0,1.0,0.0,0.0,0.0,0.0,0.0,0.0,0.0,2.0,6.0,0.0,125.0,0.0,1.0,3.0,19.0,1.0,9.0,0.0,121.0,840.0,287.0,96.0
Davidson-375726,171.0,1.0,15.0,482.0,42.0,0.0,3.0,46.0,0.0,0.0,0.0,0.0,0.0,0.0,0.0,0.0,0.0,0.0,0.0,0.0,3.0,1.0,83.0,1.0,0.0,0.0,20.0,2.0,31.0,0.0,106.0,669.0,247.0,91.0
Davidson-375728,373.0,3.0,42.0,1116.0,116.0,0.0,3.0,96.0,0.0,0.0,0.0,0.0,0.0,0.0,0.0,0.0,0.0,0.0,0.0,2.0,7.0,1.0,198.0,2.0,0.0,0.0,57.0,0.0,35.0,0.0,234.0,1534.0,536.0,215.0
Davidson-375730,859.0,0.0,22.0,200.0,290.0,1.0,1.0,126.0,0.0,0.0,0.0,0.0,0.0,0.0,0.0,0.0,0.0,0.0,0.0,0.0,3.0,0.0,19.0,0.0,0.0,0.0,6.0,2.0,1.0,0.0,35.0,1081.0,66.0,418.0
Davidson-375732,349.0,1.0,17.0,289.0,72.0,0.0,2.0,54.0,0.0,0.0,0.0,0.0,0.0,0.0,0.0,0.0,0.0,0.0,0.0,2.0,3.0,0.0,39.0,0.0,1.0,2.0,19.0,1.0,2.0,0.0,65.0,656.0,134.0,128.0
Davidson-375734,494.0,3.0,31.0,503.0,102.0,1.0,3.0,111.0,0.0,0.0,0.0,0.0,0.0,0.0,0.0,0.0,0.0,0.0,0.0,2.0,5.0,2.0,99.0,0.0,0.0,2.0,18.0,0.0,15.0,0.0,108.0,1031.0,251.0,217.0
Davidson-375736,430.0,1.0,25.0,283.0,138.0,1.0,1.0,78.0,0.0,0.0,0.0,0.0,0.0,0.0,0.0,0.0,0.0,0.0,0.0,2.0,7.0,1.0,53.0,0.0,0.0,0.0,36.0,0.0,18.0,1.0,57.0,739.0,175.0,218.0
Davidson-375738,477.0,2.0,23.0,114.0,140.0,0.0,4.0,44.0,0.0,0.0,0.0,0.0,0.0,0.0,0.0,0.0,0.0,0.0,0.0,1.0,1.0,1.0,8.0,0.0,0.0,0.0,1.0,0.0,3.0,0.0,19.0,616.0,34.0,188.0
Davidson-375740,589.0,2.0,27.0,625.0,216.0,0.0,5.0,118.0,0.0,0.0,0.0,0.0,0.0,0.0,0.0,0.0,0.0,0.0,0.0,1.0,4.0,0.0,120.0,2.0,0.0,1.0,77.0,1.0,30.0,0.0,191.0,1243.0,427.0,339.0
Davidson-375742,132.0,3.0,25.0,1350.0,26.0,1.0,3.0,56.0,0.0,0.0,0.0,0.0,0.0,0.0,0.0,0.0,0.0,0.0,0.0,4.0,3.0,2.0,235.0,1.0,0.0,4.0,26.0,1.0,17.0,0.0,264.0,1510.0,557.0,86.0
Davidson-375744,635.0,4.0,70.0,1930.0,202.0,2.0,4.0,115.0,0.0,0.0,0.0,1.0,0.0,0.0,0.0,0.0,0.0,0.0,0.0,1.0,16.0,2.0,409.0,1.0,0.0,1.0,76.0,2.0,62.0,0.0,427.0,2639.0,997.0,323.0
Davidson-375746,314.0,0.0,49.0,1311.0,97.0,2.0,1.0,86.0,0.0,1.0,0.0,0.0,0.0,0.0,0.0,0.0,0.0,0.0,0.0,2.0,9.0,0.0,284.0,0.0,1.0,1.0,61.0,3.0,43.0,0.0,318.0,1674.0,722.0,186.0
Davidson-375748,265.0,2.0,33.0,1362.0,80.0,0.0,6.0,122.0,0.0,0.0,0.0,0.0,0.0,0.0,0.0,0.0,0.0,0.0,0.0,4.0,7.0,2.0,224.0,0.0,0.0,3.0,47.0,3.0,39.0,1.0,290.0,1662.0,620.0,208.0
Davidson-375750,318.0,0.0,38.0,1897.0,68.0,0.0,1.0,86.0,0.0,0.0,0.0,0.0,0.0,0.0,0.0,0.0,0.0,0.0,0.0,5.0,8.0,0.0,313.0,0.0,1.0,1.0,40.0,1.0,43.0,4.0,418.0,2253.0,834.0,155.0
Davidson-375752,464.0,6.0,57.0,2323.0,138.0,0.0,3.0,150.0,0.0,0.0,0.0,2.0,0.0,0.0,0.0,0.0,0.0,0.0,0.0,1.0,13.0,0.0,393.0,1.0,0.0,5.0,71.0,1.0,39.0,1.0,506.0,2850.0,1031.0,291.0
Davidson-375754,88.0,0.0,14.0,1087.0,23.0,0.0,2.0,36.0,0.0,0.0,0.0,0.0,0.0,0.0,0.0,0.0,0.0,0.0,0.0,2.0,2.0,1.0,162.0,0.0,0.0,3.0,15.0,0.0,7.0,0.0,230.0,1189.0,422.0,61.0
Davidson-375756,92.0,1.0,18.0,737.0,26.0,0.0,2.0,33.0,0.0,0.0,0.0,1.0,0.0,0.0,0.0,0.0,0.0,0.0,0.0,0.0,4.0,1.0,121.0,1.0,0.0,2.0,23.0,1.0,16.0,0.0,210.0,848.0,379.0,61.0
Davidson-375758,366.0,3.0,57.0,1574.0,98.0,1.0,7.0,111.0,0.0,0.0,0.0,0.0,0.0,0.0,0.0,0.0,0.0,0.0,0.0,3.0,8.0,1.0,196.0,0.0,1.0,1.0,53.0,0.0,24.0,0.0,396.0,2000.0,683.0,217.0
Davidson-375760,874.0,4.0,79.0,1679.0,199.0,2.0,3.0,148.0,0.0,1.0,0.0,1.0,0.0,0.0,0.0,0.0,0.0,0.0,0.0,3.0,13.0,1.0,288.0,1.0,0.0,3.0,56.0,2.0,43.0,0.0,306.0,2636.0,716.0,352.0
Davidson-375762,577.0,2.0,10.0,233.0,110.0,0.0,2.0,52.0,0.0,1.0,0.0,0.0,0.0,0.0,0.0,0.0,0.0,0.0,0.0,2.0,5.0,1.0,28.0,0.0,0.0,1.0,5.0,0.0,10.0,0.0,45.0,822.0,97.0,164.0
Davidson-375764,665.0,2.0,11.0,202.0,190.0,0.0,1.0,60.0,0.0,0.0,0.0,1.0,0.0,0.0,0.0,0.0,0.0,0.0,0.0,0.0,1.0,0.0,29.0,0.0,0.0,0.0,5.0,0.0,2.0,0.0,36.0,880.0,73.0,251.0
Davidson-375766,414.0,0.0,19.0,547.0,87.0,0.0,0.0,77.0,0.0,0.0,0.0,0.0,0.0,0.0,0.0,0.0,0.0,0.0,0.0,1.0,5.0,2.0,87.0,0.0,0.0,1.0,23.0,0.0,16.0,0.0,102.0,980.0,237.0,164.0
Davidson-375768,512.0,2.0,31.0,712.0,132.0,2.0,1.0,75.0,0.0,0.0,0.0,0.0,0.0,0.0,0.0,0.0,0.0,0.0,0.0,0.0,4.0,0.0,108.0,0.0,0.0,1.0,16.0,0.0,17.0,0.0,157.0,1257.0,303.0,210.0
Davidson-375770,250.0,0.0,26.0,1254.0,59.0,0.0,0.0,86.0,0.0,0.0,0.0,0.0,0.0,0.0,0.0,0.0,0.0,0.0,0.0,3.0,11.0,0.0,232.0,1.0,0.0,2.0,39.0,2.0,23.0,0.0,264.0,1530.0,577.0,145.0
Davidson-375772,263.0,5.0,36.0,1469.0,66.0,1.0,3.0,66.0,1.0,1.0,0.0,0.0,0.0,0.0,0.0,0.0,0.0,0.0,0.0,2.0,6.0,1.0,333.0,0.0,0.0,1.0,51.0,1.0,34.0,0.0,281.0,1773.0,710.0,136.0
Davidson-375774,353.0,3.0,51.0,2018.0,82.0,1.0,3.0,107.0,0.0,0.0,0.0,0.0,0.0,0.0,0.0,0.0,1.0,0.0,0.0,2.0,8.0,0.0,355.0,0.0,2.0,1.0,43.0,4.0,44.0,1.0,397.0,2425.0,857.0,193.0
Davidson-375776,320.0,0.0,47.0,1734.0,74.0,1.0,3.0,85.0,0.0,0.0,0.0,0.0,0.0,0.0,0.0,0.0,0.0,0.0,0.0,4.0,12.0,1.0,364.0,0.0,1.0,2.0,38.0,2.0,45.0,0.0,345.0,2101.0,814.0,163.0
Davidson-375778,332.0,1.0,65.0,1712.0,103.0,1.0,4.0,135.0,0.0,0.0,0.0,1.0,0.0,0.0,0.0,0.0,0.0,0.0,0.0,2.0,18.0,1.0,288.0,3.0,2.0,2.0,42.0,4.0,33.0,0.0,380.0,2110.0,775.0,243.0
Davidson-375780A,523.0,3.0,97.0,2681.0,118.0,2.0,11.0,145.0,0.0,2.0,1.0,4.0,0.0,0.0,0.0,0.0,0.0,0.0,0.0,5.0,6.0,1.0,552.0,0.0,2.0,3.0,123.0,4.0,76.0,2.0,575.0,3304.0,1349.0,276.0
Davidson-375782,292.0,3.0,52.0,1370.0,88.0,0.0,2.0,83.0,0.0,0.0,0.0,1.0,0.0,0.0,0.0,0.0,0.0,0.0,0.0,4.0,6.0,0.0,258.0,0.0,0.0,1.0,47.0,1.0,34.0,1.0,303.0,1717.0,655.0,173.0
Davidson-375784,766.0,4.0,94.0,2358.0,197.0,3.0,10.0,169.0,0.0,0.0,0.0,1.0,0.0,0.0,0.0,0.0,1.0,0.0,0.0,4.0,9.0,0.0,488.0,0.0,0.0,0.0,151.0,4.0,79.0,2.0,504.0,3222.0,1241.0,379.0
Davidson-375786A,730.0,2.0,55.0,1297.0,149.0,3.0,1.0,132.0,0.0,0.0,0.0,1.0,0.0,0.0,0.0,0.0,0.0,0.0,0.0,1.0,6.0,0.0,266.0,0.0,1.0,4.0,54.0,1.0,49.0,0.0,223.0,2084.0,605.0,285.0
Davidson-375788,398.0,1.0,34.0,1115.0,97.0,1.0,1.0,78.0,0.0,0.0,0.0,0.0,0.0,0.0,0.0,0.0,0.0,1.0,1.0,0.0,4.0,0.0,230.0,0.0,0.0,1.0,91.0,3.0,37.0,0.0,281.0,1548.0,647.0,177.0
Davidson-3757ABSENTEE,853.0,4.0,97.0,2594.0,106.0,0.0,3.0,73.0,0.0,0.0,0.0,0.0,0.0,0.0,0.0,0.0,0.0,0.0,0.0,3.0,7.0,0.0,147.0,0.0,0.0,1.0,51.0,1.0,95.0,1.0,209.0,3548.0,515.0,182.0
Davie-375901,156.0,1.0,11.0,583.0,50.0,0.0,1.0,38.0,0.0,0.0,0.0,1.0,0.0,0.0,0.0,0.0,0.0,0.0,0.0,1.0,6.0,1.0,137.0,0.0,0.0,2.0,20.0,2.0,15.0,0.0,158.0,751.0,342.0,89.0
Davie-375902,159.0,1.0,18.0,577.0,43.0,1.0,3.0,58.0,0.0,0.0,0.0,1.0,0.0,0.0,0.0,0.0,0.0,0.0,0.0,0.0,8.0,0.0,131.0,0.0,0.0,0.0,28.0,0.0,15.0,0.0,125.0,755.0,307.0,105.0
Davie-375903,272.0,6.0,54.0,1478.0,69.0,0.0,1.0,95.0,0.0,0.0,0.0,0.0,0.0,0.0,0.0,0.0,0.0,0.0,0.0,3.0,11.0,0.0,307.0,0.0,1.0,3.0,82.0,3.0,25.0,0.0,365.0,1810.0,800.0,165.0
Davie-375904,298.0,0.0,41.0,787.0,62.0,2.0,3.0,62.0,0.0,0.0,0.0,0.0,0.0,0.0,0.0,0.0,0.0,0.0,0.0,3.0,6.0,0.0,126.0,0.0,1.0,2.0,20.0,1.0,11.0,0.0,211.0,1126.0,381.0,129.0
Davie-375905,354.0,5.0,40.0,1321.0,78.0,3.0,3.0,69.0,0.0,0.0,0.0,0.0,0.0,0.0,0.0,0.0,0.0,0.0,0.0,5.0,14.0,0.0,295.0,0.0,1.0,6.0,95.0,3.0,55.0,1.0,356.0,1720.0,831.0,153.0
Davie-375906,251.0,2.0,50.0,839.0,78.0,0.0,0.0,63.0,0.0,0.0,0.0,1.0,0.0,0.0,1.0,0.0,0.0,0.0,0.0,3.0,2.0,1.0,180.0,0.0,0.0,1.0,46.0,1.0,36.0,2.0,226.0,1142.0,498.0,141.0
Davie-375907,252.0,6.0,23.0,892.0,88.0,1.0,4.0,61.0,0.0,0.0,0.0,0.0,0.0,0.0,0.0,0.0,0.0,0.0,0.0,1.0,3.0,1.0,193.0,0.0,0.0,1.0,34.0,1.0,16.0,1.0,239.0,1173.0,490.0,154.0
Davie-375908,565.0,1.0,48.0,751.0,157.0,0.0,2.0,75.0,0.0,0.0,0.0,2.0,0.0,0.0,0.0,2.0,0.0,0.0,0.0,3.0,12.0,1.0,164.0,1.0,1.0,3.0,54.0,1.0,31.0,1.0,195.0,1365.0,467.0,234.0
Davie-375909,444.0,3.0,44.0,979.0,122.0,1.0,4.0,72.0,0.0,0.0,0.0,0.0,0.0,0.0,1.0,0.0,0.0,0.0,0.0,3.0,7.0,2.0,243.0,0.0,0.0,0.0,90.0,0.0,44.0,2.0,243.0,1470.0,634.0,199.0
Davie-375910,421.0,4.0,57.0,1254.0,120.0,1.0,4.0,96.0,0.0,0.0,0.0,0.0,0.0,0.0,0.0,0.0,0.0,0.0,0.0,1.0,3.0,2.0,313.0,1.0,0.0,3.0,125.0,6.0,55.0,0.0,308.0,1736.0,817.0,221.0
Davie-375911,181.0,4.0,26.0,987.0,45.0,1.0,1.0,45.0,0.0,0.0,0.0,0.0,0.0,0.0,0.0,0.0,0.0,0.0,0.0,3.0,4.0,2.0,210.0,0.0,0.0,5.0,71.0,1.0,42.0,0.0,240.0,1198.0,578.0,92.0
Davie-375912,602.0,6.0,82.0,1861.0,159.0,0.0,2.0,117.0,0.0,0.0,0.0,2.0,0.0,0.0,0.0,0.0,0.0,0.0,0.0,4.0,10.0,1.0,468.0,0.0,1.0,10.0,190.0,0.0,106.0,2.0,453.0,2551.0,1245.0,278.0
Davie-375913,605.0,6.0,53.0,1427.0,170.0,0.0,1.0,89.0,0.0,0.0,0.0,0.0,0.0,0.0,0.0,0.0,0.0,0.0,0.0,2.0,3.0,3.0,278.0,2.0,1.0,6.0,275.0,4.0,109.0,1.0,382.0,2091.0,1066.0,260.0
Davie-375914,342.0,1.0,38.0,1122.0,106.0,0.0,4.0,79.0,0.0,0.0,0.0,0.0,0.0,1.0,0.0,0.0,0.0,0.0,0.0,2.0,6.0,0.0,274.0,1.0,0.0,4.0,70.0,1.0,41.0,0.0,301.0,1503.0,700.0,189.0
Davie-3759ABSENTEE,227.0,1.0,34.0,467.0,19.0,0.0,0.0,12.0,0.0,0.0,0.0,0.0,0.0,0.0,0.0,0.0,0.0,0.0,0.0,1.0,1.0,2.0,37.0,0.0,0.0,0.0,29.0,1.0,24.0,0.0,35.0,729.0,130.0,31.0
Duplin-3761ABSENTEE,110.0,0.0,7.0,195.0,0.0,0.0,0.0,0.0,0.0,0.0,0.0,0.0,0.0,0.0,0.0,0.0,0.0,0.0,0.0,0.0,0.0,0.0,0.0,0.0,0.0,0.0,0.0,0.0,0.0,0.0,0.0,312.0,0.0,0.0
Duplin-3761ALBE,104.0,1.0,7.0,459.0,44.0,0.0,9.0,62.0,0.0,0.0,0.0,0.0,0.0,0.0,0.0,0.0,0.0,0.0,1.0,2.0,3.0,0.0,104.0,0.0,0.0,1.0,7.0,0.0,11.0,1.0,110.0,571.0,239.0,115.0
Duplin-3761BEUL,157.0,0.0,11.0,604.0,145.0,2.0,8.0,106.0,0.0,0.0,0.0,0.0,0.0,0.0,0.0,0.0,0.0,0.0,0.0,0.0,4.0,2.0,293.0,0.0,0.0,1.0,25.0,0.0,21.0,0.0,261.0,772.0,607.0,261.0
Duplin-3761CALY,106.0,0.0,8.0,313.0,49.0,0.0,2.0,52.0,0.0,0.0,0.0,0.0,0.0,0.0,0.0,0.0,0.0,0.0,0.0,0.0,1.0,1.0,96.0,0.0,0.0,0.0,12.0,1.0,3.0,0.0,72.0,427.0,186.0,103.0
Duplin-3761CFRK,26.0,0.0,5.0,280.0,25.0,0.0,2.0,33.0,0.0,0.0,0.0,0.0,0.0,0.0,0.0,0.0,0.0,0.0,0.0,1.0,4.0,1.0,76.0,0.0,0.0,0.0,5.0,1.0,7.0,0.0,104.0,311.0,199.0,60.0
Duplin-3761CHAR,276.0,0.0,2.0,147.0,243.0,1.0,6.0,50.0,0.0,0.0,0.0,0.0,0.0,0.0,0.0,0.0,0.0,0.0,0.0,2.0,1.0,0.0,53.0,0.0,0.0,0.0,2.0,0.0,6.0,0.0,57.0,425.0,121.0,300.0
Duplin-3761CHIN,66.0,0.0,3.0,300.0,89.0,0.0,2.0,43.0,0.0,0.0,0.0,0.0,0.0,0.0,0.0,0.0,0.0,0.0,0.0,0.0,2.0,0.0,72.0,0.0,0.0,1.0,6.0,0.0,4.0,0.0,114.0,369.0,199.0,134.0
Duplin-3761CYCK,91.0,1.0,10.0,523.0,51.0,1.0,7.0,45.0,0.0,0.0,0.0,0.0,0.0,0.0,0.0,0.0,0.0,0.0,0.0,1.0,5.0,0.0,164.0,0.0,0.0,0.0,13.0,0.0,8.0,0.0,143.0,625.0,334.0,104.0
Duplin-3761FAIS,209.0,0.0,8.0,284.0,131.0,1.0,0.0,80.0,0.0,0.0,0.0,1.0,0.0,0.0,0.0,0.0,0.0,0.0,0.0,1.0,1.0,0.0,76.0,0.0,0.0,1.0,6.0,1.0,8.0,0.0,85.0,501.0,179.0,212.0
Duplin-3761GLIS,37.0,0.0,4.0,249.0,30.0,3.0,1.0,38.0,0.0,0.0,0.0,0.0,0.0,0.0,0.0,0.0,0.0,0.0,0.0,0.0,2.0,0.0,57.0,0.0,0.0,0.0,4.0,1.0,12.0,0.0,68.0,290.0,144.0,72.0
Duplin-3761HALL,113.0,0.0,8.0,200.0,116.0,1.0,2.0,48.0,0.0,0.0,0.0,0.0,0.0,0.0,0.0,0.0,0.0,0.0,0.0,0.0,1.0,0.0,81.0,0.0,0.0,0.0,7.0,0.0,4.0,0.0,78.0,321.0,171.0,167.0
Duplin-3761KENA,199.0,0.0,11.0,216.0,462.0,10.0,13.0,162.0,0.0,0.0,0.0,1.0,0.0,0.0,0.0,0.0,0.0,0.0,0.0,1.0,7.0,0.0,108.0,1.0,0.0,2.0,14.0,1.0,14.0,0.0,180.0,426.0,328.0,647.0
Duplin-3761LOCK,31.0,0.0,4.0,151.0,15.0,0.0,3.0,24.0,0.0,0.0,0.0,0.0,0.0,0.0,0.0,0.0,0.0,0.0,0.0,0.0,0.0,0.0,34.0,0.0,0.0,0.0,1.0,0.0,3.0,0.0,36.0,186.0,74.0,42.0
Duplin-3761MAGN,204.0,1.0,4.0,161.0,178.0,0.0,3.0,71.0,0.0,0.0,0.0,0.0,0.0,0.0,0.0,0.0,0.0,0.0,0.0,1.0,6.0,0.0,54.0,0.0,0.0,0.0,6.0,0.0,5.0,0.0,83.0,370.0,155.0,252.0
Duplin-3761ONE STOP,4811.0,4.0,114.0,5927.0,0.0,0.0,0.0,0.0,0.0,0.0,0.0,0.0,0.0,0.0,0.0,0.0,0.0,0.0,0.0,0.0,0.0,0.0,0.0,0.0,0.0,0.0,0.0,0.0,0.0,0.0,0.0,10856.0,0.0,0.0
Duplin-3761ROCK,162.0,0.0,6.0,221.0,114.0,0.0,2.0,34.0,0.0,0.0,0.0,0.0,0.0,0.0,0.0,0.0,0.0,0.0,0.0,1.0,2.0,0.0,54.0,0.0,0.0,0.0,4.0,0.0,7.0,0.0,81.0,389.0,149.0,150.0
Duplin-3761ROSE,250.0,1.0,7.0,312.0,213.0,1.0,7.0,83.0,0.0,0.0,0.0,0.0,0.0,0.0,0.0,0.0,0.0,0.0,0.0,1.0,0.0,0.0,69.0,0.0,0.0,0.0,17.0,0.0,14.0,0.0,114.0,570.0,215.0,304.0
Duplin-3761SMCA,58.0,0.0,8.0,281.0,47.0,2.0,3.0,47.0,0.0,0.0,0.0,1.0,0.0,0.0,0.0,0.0,0.0,0.0,0.0,0.0,2.0,0.0,81.0,0.0,0.0,1.0,14.0,0.0,8.0,0.0,98.0,347.0,204.0,99.0
Duplin-3761WALL,561.0,1.0,13.0,596.0,564.0,4.0,12.0,218.0,0.0,0.0,0.0,1.0,0.0,0.0,0.0,0.0,0.0,0.0,1.0,5.0,5.0,0.0,190.0,1.0,0.0,0.0,118.0,3.0,55.0,0.0,343.0,1171.0,720.0,798.0
Duplin-3761WARS,526.0,2.0,4.0,255.0,480.0,7.0,11.0,187.0,0.0,0.0,0.0,0.0,0.0,0.0,0.0,0.0,0.0,0.0,0.0,0.0,3.0,0.0,91.0,1.0,0.0,1.0,20.0,0.0,9.0,0.0,142.0,787.0,267.0,685.0
Duplin-3761WOLF,113.0,0.0,12.0,489.0,47.0,5.0,4.0,67.0,0.0,0.0,0.0,0.0,0.0,0.0,0.0,0.0,0.0,0.0,0.0,1.0,5.0,1.0,112.0,0.0,0.0,1.0,22.0,0.0,11.0,0.0,133.0,614.0,286.0,123.0
Durham-376301,197.0,0.0,9.0,26.0,178.0,1.0,1.0,154.0,0.0,1.0,0.0,0.0,0.0,0.0,0.0,0.0,0.0,0.0,0.0,1.0,0.0,0.0,7.0,0.0,0.0,0.0,11.0,0.0,5.0,0.0,4.0,232.0,28.0,334.0
Durham-376302,404.0,7.0,21.0,61.0,231.0,0.0,1.0,280.0,0.0,0.0,0.0,1.0,0.0,0.0,0.0,2.0,0.0,0.0,0.0,0.0,0.0,0.0,22.0,0.0,0.0,0.0,16.0,0.0,6.0,0.0,12.0,493.0,56.0,512.0
Durham-376303,337.0,4.0,17.0,69.0,229.0,0.0,1.0,280.0,0.0,0.0,0.0,0.0,0.0,0.0,0.0,0.0,0.0,0.0,0.0,0.0,0.0,0.0,18.0,0.0,0.0,0.0,20.0,0.0,6.0,0.0,12.0,427.0,56.0,510.0
Durham-376304,310.0,5.0,12.0,63.0,255.0,0.0,2.0,346.0,0.0,0.0,0.0,0.0,0.0,0.0,0.0,0.0,0.0,0.0,0.0,1.0,0.0,0.0,27.0,1.0,0.0,1.0,25.0,0.0,18.0,0.0,22.0,390.0,95.0,603.0
Durham-376305,459.0,6.0,20.0,82.0,191.0,0.0,2.0,158.0,0.0,0.0,0.0,0.0,0.0,0.0,0.0,0.0,0.0,0.0,0.0,1.0,0.0,0.0,20.0,0.0,0.0,0.0,12.0,0.0,6.0,0.0,12.0,567.0,51.0,351.0
Durham-376306,278.0,1.0,13.0,24.0,254.0,0.0,1.0,221.0,0.0,0.0,0.0,3.0,0.0,0.0,0.0,0.0,0.0,0.0,0.0,3.0,0.0,0.0,19.0,0.0,0.0,0.0,22.0,0.0,6.0,0.0,12.0,316.0,62.0,476.0
Durham-376307,282.0,5.0,10.0,34.0,255.0,0.0,2.0,259.0,0.0,0.0,0.0,4.0,0.0,0.0,0.0,0.0,0.0,0.0,0.0,0.0,1.0,0.0,11.0,0.0,0.0,0.0,30.0,1.0,8.0,0.0,7.0,331.0,58.0,516.0
Durham-376308,412.0,5.0,16.0,35.0,288.0,0.0,3.0,276.0,0.0,0.0,0.0,0.0,0.0,0.0,0.0,0.0,0.0,0.0,0.0,0.0,1.0,0.0,10.0,0.0,0.0,0.0,18.0,1.0,5.0,0.0,9.0,468.0,44.0,567.0
Durham-376309,359.0,4.0,19.0,93.0,460.0,0.0,3.0,290.0,0.0,0.0,0.0,3.0,0.0,0.0,0.0,0.0,0.0,0.0,0.0,0.0,1.0,0.0,37.0,0.0,0.0,0.0,50.0,1.0,13.0,0.0,28.0,475.0,130.0,753.0
Durham-376310,257.0,0.0,2.0,11.0,140.0,0.0,0.0,67.0,0.0,0.0,0.0,0.0,0.0,0.0,0.0,0.0,0.0,0.0,0.0,0.0,0.0,0.0,3.0,0.0,0.0,0.0,2.0,0.0,0.0,0.0,2.0,270.0,7.0,207.0
Durham-376312,168.0,0.0,7.0,13.0,99.0,0.0,1.0,40.0,0.0,0.0,0.0,0.0,0.0,0.0,0.0,0.0,0.0,0.0,0.0,0.0,0.0,0.0,0.0,0.0,0.0,0.0,0.0,0.0,0.0,0.0,2.0,188.0,2.0,140.0
Durham-376313,270.0,1.0,4.0,10.0,127.0,1.0,0.0,45.0,0.0,0.0,0.0,0.0,0.0,0.0,0.0,0.0,0.0,0.0,0.0,0.0,0.0,0.0,1.0,0.0,0.0,0.0,0.0,0.0,0.0,0.0,2.0,285.0,3.0,173.0
Durham-376314,306.0,5.0,6.0,25.0,182.0,1.0,2.0,105.0,0.0,0.0,0.0,0.0,0.0,0.0,0.0,0.0,0.0,0.0,0.0,0.0,1.0,0.0,8.0,0.0,0.0,0.0,1.0,0.0,5.0,0.0,4.0,342.0,19.0,290.0
Durham-376315,266.0,1.0,5.0,25.0,146.0,0.0,0.0,80.0,0.0,0.0,0.0,0.0,0.0,0.0,0.0,0.0,0.0,0.0,0.0,0.0,0.0,0.0,7.0,0.0,0.0,0.0,0.0,0.0,3.0,0.0,3.0,297.0,13.0,226.0
Durham-376316,291.0,2.0,21.0,123.0,270.0,0.0,2.0,256.0,0.0,0.0,0.0,1.0,0.0,0.0,0.0,0.0,0.0,0.0,0.0,1.0,5.0,0.0,69.0,1.0,0.0,1.0,51.0,0.0,22.0,0.0,39.0,437.0,189.0,528.0
Durham-376317,444.0,1.0,4.0,18.0,311.0,4.0,0.0,209.0,0.0,0.0,0.0,0.0,0.0,0.0,0.0,0.0,0.0,0.0,1.0,0.0,1.0,0.0,7.0,0.0,0.0,1.0,12.0,0.0,5.0,0.0,3.0,467.0,29.0,524.0
Durham-376318,479.0,0.0,8.0,32.0,280.0,0.0,1.0,101.0,0.0,0.0,0.0,0.0,0.0,0.0,0.0,0.0,0.0,0.0,0.0,0.0,0.0,0.0,13.0,0.0,0.0,0.0,2.0,0.0,0.0,0.0,3.0,519.0,18.0,382.0
Durham-376319,511.0,4.0,23.0,91.0,390.0,3.0,2.0,302.0,1.0,0.0,0.0,1.0,0.0,0.0,0.0,0.0,0.0,0.0,1.0,0.0,2.0,0.0,35.0,1.0,0.0,0.0,14.0,0.0,5.0,0.0,30.0,629.0,87.0,697.0
Durham-376320,254.0,4.0,5.0,34.0,250.0,0.0,2.0,329.0,0.0,0.0,0.0,1.0,0.0,0.0,0.0,0.0,0.0,0.0,0.0,0.0,0.0,0.0,8.0,0.0,0.0,1.0,15.0,1.0,5.0,1.0,9.0,297.0,40.0,581.0
Durham-376321,280.0,6.0,11.0,68.0,235.0,1.0,1.0,323.0,0.0,0.0,0.0,1.0,0.0,0.0,0.0,0.0,0.0,0.0,0.0,0.0,2.0,0.0,22.0,0.0,0.0,0.0,6.0,0.0,14.0,0.0,17.0,365.0,61.0,560.0
Durham-376322,726.0,0.0,14.0,44.0,607.0,0.0,0.0,340.0,0.0,0.0,0.0,0.0,0.0,0.0,0.0,0.0,0.0,0.0,0.0,0.0,0.0,0.0,13.0,0.0,0.0,0.0,5.0,0.0,3.0,0.0,11.0,784.0,32.0,947.0
Durham-376323,571.0,3.0,27.0,105.0,662.0,1.0,1.0,358.0,0.0,0.0,0.0,0.0,0.0,0.0,0.0,1.0,0.0,0.0,0.0,1.0,0.0,0.0,46.0,0.0,0.0,0.0,17.0,1.0,16.0,0.0,58.0,706.0,139.0,1022.0
Durham-376324,424.0,4.0,22.0,279.0,434.0,0.0,4.0,301.0,1.0,1.0,1.0,0.0,0.0,1.0,0.0,0.0,0.0,0.0,2.0,0.0,1.0,1.0,119.0,0.0,0.0,0.0,100.0,0.0,32.0,0.0,111.0,729.0,364.0,739.0
Durham-376325,151.0,1.0,33.0,221.0,156.0,3.0,8.0,164.0,0.0,0.0,0.0,2.0,0.0,0.0,0.0,0.0,0.0,0.0,0.0,1.0,2.0,0.0,160.0,0.0,0.0,1.0,34.0,0.0,19.0,0.0,124.0,406.0,341.0,331.0
Durham-376326,128.0,1.0,12.0,317.0,98.0,1.0,9.0,94.0,0.0,0.0,0.0,1.0,0.0,0.0,0.0,0.0,0.0,0.0,0.0,1.0,3.0,0.0,122.0,1.0,0.0,0.0,25.0,0.0,13.0,0.0,104.0,458.0,269.0,202.0
Durham-376327,295.0,2.0,29.0,176.0,355.0,0.0,2.0,251.0,0.0,1.0,0.0,0.0,0.0,0.0,0.0,0.0,0.0,0.0,0.0,1.0,0.0,1.0,76.0,1.0,0.0,1.0,139.0,1.0,42.0,0.0,71.0,502.0,333.0,608.0
Durham-376328,197.0,4.0,32.0,549.0,231.0,0.0,7.0,174.0,0.0,0.0,0.0,2.0,0.0,0.0,0.0,1.0,0.0,0.0,0.0,3.0,2.0,0.0,231.0,0.0,0.0,1.0,78.0,0.0,26.0,0.0,207.0,782.0,548.0,412.0
Durham-376329,411.0,2.0,21.0,306.0,371.0,1.0,3.0,255.0,0.0,0.0,0.0,1.0,0.0,0.0,0.0,1.0,0.0,0.0,0.0,1.0,2.0,0.0,146.0,1.0,0.0,0.0,12.0,0.0,18.0,0.0,115.0,740.0,295.0,630.0
Durham-376330-1,434.0,1.0,37.0,220.0,494.0,0.0,2.0,412.0,0.0,0.0,0.0,2.0,0.0,0.0,0.0,0.0,1.0,0.0,0.0,0.0,0.0,0.0,156.0,0.0,0.0,0.0,40.0,2.0,23.0,0.0,99.0,692.0,320.0,908.0
Durham-376330-2,536.0,3.0,27.0,118.0,693.0,2.0,4.0,483.0,0.0,0.0,0.0,1.0,0.0,1.0,0.0,1.0,0.0,0.0,0.0,0.0,4.0,0.0,89.0,0.0,0.0,0.0,20.0,0.0,10.0,0.0,65.0,684.0,188.0,1182.0
Durham-376331,403.0,4.0,34.0,296.0,349.0,0.0,6.0,327.0,0.0,0.0,0.0,3.0,1.0,0.0,0.0,2.0,0.0,0.0,0.0,2.0,3.0,1.0,133.0,0.0,0.0,0.0,39.0,0.0,33.0,0.0,116.0,737.0,327.0,682.0
Durham-376332,122.0,1.0,23.0,231.0,122.0,1.0,0.0,128.0,0.0,0.0,0.0,0.0,0.0,0.0,0.0,0.0,0.0,0.0,0.0,3.0,2.0,0.0,168.0,0.0,0.0,0.0,48.0,1.0,17.0,0.0,123.0,377.0,362.0,251.0
Durham-376333,568.0,1.0,69.0,249.0,385.0,0.0,4.0,404.0,1.0,0.0,0.0,4.0,0.0,1.0,0.0,0.0,0.0,0.0,0.0,0.0,4.0,0.0,143.0,0.0,0.0,1.0,45.0,1.0,40.0,1.0,95.0,887.0,330.0,793.0
Durham-376334-1,293.0,0.0,24.0,87.0,332.0,1.0,0.0,309.0,0.0,0.0,0.0,0.0,0.0,0.0,0.0,0.0,0.0,0.0,0.0,0.0,2.0,0.0,44.0,0.0,0.0,0.0,33.0,0.0,20.0,1.0,13.0,404.0,113.0,642.0
Durham-376334-2,524.0,1.0,25.0,81.0,541.0,0.0,2.0,388.0,0.0,0.0,0.0,2.0,0.0,0.0,0.0,0.0,0.0,0.0,0.0,0.0,1.0,0.0,53.0,0.0,0.0,0.0,27.0,1.0,25.0,0.0,22.0,631.0,129.0,931.0
Durham-376335.3,540.0,7.0,47.0,286.0,625.0,0.0,6.0,568.0,0.0,0.0,0.0,4.0,0.0,0.0,0.0,0.0,1.0,0.0,0.0,2.0,2.0,0.0,231.0,3.0,0.0,1.0,115.0,2.0,57.0,0.0,93.0,880.0,506.0,1199.0
Durham-376336,447.0,3.0,16.0,95.0,289.0,3.0,3.0,318.0,0.0,0.0,0.0,0.0,0.0,0.0,0.0,0.0,0.0,0.0,0.0,1.0,0.0,0.0,59.0,0.0,0.0,0.0,46.0,1.0,29.0,0.0,27.0,561.0,163.0,613.0
Durham-376337,402.0,6.0,26.0,343.0,392.0,1.0,8.0,428.0,0.0,1.0,0.0,0.0,0.0,0.0,0.0,0.0,0.0,0.0,0.0,2.0,3.0,0.0,229.0,0.0,0.0,0.0,121.0,0.0,46.0,1.0,151.0,777.0,553.0,829.0
Durham-376338,511.0,4.0,41.0,176.0,427.0,0.0,3.0,465.0,0.0,0.0,1.0,1.0,0.0,0.0,0.0,0.0,0.0,0.0,0.0,2.0,0.0,0.0,126.0,1.0,0.0,0.0,93.0,2.0,40.0,0.0,66.0,732.0,330.0,895.0
Durham-376339,377.0,2.0,27.0,243.0,449.0,2.0,5.0,279.0,0.0,0.0,0.0,5.0,0.0,0.0,0.0,0.0,0.0,0.0,0.0,0.0,0.0,1.0,121.0,0.0,1.0,0.0,164.0,0.0,43.0,0.0,103.0,649.0,433.0,735.0
Durham-376340,276.0,1.0,12.0,54.0,259.0,1.0,0.0,266.0,0.0,0.0,0.0,0.0,0.0,0.0,0.0,0.0,0.0,0.0,0.0,2.0,0.0,0.0,17.0,0.0,0.0,0.0,22.0,0.0,13.0,0.0,17.0,343.0,71.0,526.0
Durham-376341,291.0,0.0,2.0,7.0,348.0,0.0,0.0,75.0,0.0,0.0,0.0,0.0,0.0,0.0,0.0,0.0,0.0,0.0,0.0,0.0,1.0,0.0,0.0,0.0,0.0,0.0,2.0,0.0,3.0,0.0,3.0,300.0,9.0,423.0
Durham-376342,220.0,1.0,1.0,7.0,250.0,0.0,0.0,80.0,0.0,0.0,0.0,0.0,0.0,0.0,0.0,0.0,0.0,0.0,0.0,0.0,0.0,0.0,4.0,0.0,0.0,0.0,1.0,0.0,0.0,0.0,2.0,229.0,7.0,330.0
Durham-376343,457.0,7.0,41.0,254.0,640.0,2.0,7.0,510.0,0.0,0.0,0.0,0.0,0.0,0.0,0.0,0.0,0.0,0.0,0.0,1.0,1.0,2.0,177.0,0.0,0.0,0.0,140.0,2.0,45.0,0.0,88.0,759.0,456.0,1159.0
Durham-376344,259.0,1.0,41.0,232.0,372.0,2.0,9.0,286.0,0.0,1.0,0.0,4.0,0.0,0.0,0.0,1.0,0.0,0.0,1.0,3.0,4.0,0.0,240.0,0.0,0.0,0.0,97.0,0.0,38.0,0.0,146.0,533.0,528.0,669.0
Durham-376345,323.0,2.0,31.0,303.0,397.0,1.0,13.0,368.0,0.0,0.0,0.0,1.0,0.0,0.0,0.0,0.0,0.0,0.0,0.0,1.0,5.0,0.0,233.0,0.0,1.0,1.0,64.0,0.0,32.0,1.0,165.0,659.0,503.0,779.0
Durham-376346,428.0,4.0,21.0,130.0,303.0,1.0,3.0,252.0,0.0,0.0,0.0,1.0,0.0,0.0,0.0,0.0,0.0,0.0,0.0,1.0,3.0,0.0,62.0,1.0,0.0,1.0,17.0,0.0,9.0,0.0,39.0,583.0,133.0,559.0
Durham-376347,295.0,0.0,2.0,11.0,338.0,1.0,1.0,132.0,0.0,0.0,0.0,0.0,0.0,0.0,0.0,0.0,0.0,0.0,0.0,0.0,0.0,0.0,2.0,0.0,0.0,0.0,3.0,0.0,0.0,0.0,3.0,308.0,8.0,472.0
Durham-376348,255.0,4.0,21.0,106.0,266.0,0.0,5.0,236.0,0.0,0.0,0.0,0.0,0.0,0.0,0.0,0.0,0.0,0.0,0.0,0.0,0.0,0.0,59.0,0.0,0.0,0.0,37.0,0.0,24.0,0.0,31.0,386.0,151.0,507.0
Durham-376350,500.0,7.0,51.0,240.0,441.0,2.0,2.0,460.0,0.0,0.0,0.0,4.0,0.0,0.0,0.0,1.0,0.0,0.0,0.0,3.0,1.0,0.0,119.0,1.0,0.0,0.0,99.0,2.0,37.0,0.0,81.0,798.0,343.0,905.0
Durham-376351,475.0,5.0,67.0,178.0,567.0,1.0,1.0,488.0,0.0,0.0,0.0,4.0,0.0,0.0,0.0,0.0,0.0,0.0,0.0,0.0,5.0,0.0,126.0,1.0,1.0,0.0,91.0,1.0,57.0,0.0,74.0,725.0,356.0,1057.0
Durham-376352,462.0,1.0,9.0,58.0,399.0,0.0,1.0,204.0,0.0,0.0,0.0,1.0,0.0,0.0,0.0,0.0,0.0,0.0,0.0,2.0,2.0,0.0,24.0,0.0,1.0,0.0,5.0,0.0,5.0,0.0,18.0,530.0,57.0,604.0
Durham-376353-1,306.0,2.0,31.0,152.0,300.0,0.0,0.0,275.0,0.0,0.0,0.0,3.0,0.0,0.0,0.0,0.0,0.0,0.0,1.0,1.0,0.0,0.0,99.0,0.0,0.0,0.0,85.0,2.0,40.0,0.0,39.0,491.0,266.0,575.0
Durham-376353-2,458.0,7.0,55.0,240.0,444.0,1.0,4.0,296.0,0.0,0.0,0.0,2.0,0.0,0.0,0.0,0.0,0.0,0.0,0.0,1.0,1.0,1.0,122.0,0.0,0.0,0.0,143.0,3.0,49.0,0.0,67.0,760.0,387.0,745.0
Durham-376354,516.0,1.0,37.0,146.0,437.0,0.0,1.0,415.0,0.0,0.0,0.0,1.0,0.0,0.0,0.0,0.0,0.0,0.0,0.0,1.0,2.0,0.0,93.0,0.0,0.0,1.0,60.0,0.0,37.0,0.0,46.0,700.0,240.0,853.0
Durham-376355-11,395.0,0.0,5.0,6.0,280.0,0.0,0.0,127.0,0.0,1.0,0.0,0.0,0.0,0.0,0.0,0.0,0.0,0.0,0.0,0.0,0.0,0.0,1.0,0.0,0.0,0.0,2.0,0.0,0.0,0.0,1.0,406.0,4.0,407.0
Durham-376355-49,347.0,0.0,4.0,4.0,43.0,0.0,0.0,100.0,0.0,0.0,0.0,0.0,0.0,0.0,0.0,0.0,0.0,0.0,0.0,0.0,0.0,0.0,1.0,0.0,0.0,0.0,1.0,0.0,1.0,0.0,0.0,355.0,3.0,143.0
Durham-3763ABSENTEE,4207.0,21.0,166.0,1204.0,398.0,0.0,2.0,310.0,0.0,0.0,0.0,3.0,0.0,0.0,0.0,0.0,0.0,0.0,0.0,5.0,8.0,0.0,78.0,1.0,0.0,1.0,57.0,0.0,72.0,0.0,65.0,5598.0,287.0,710.0
Durham-3763OS-BOE,17418.0,74.0,241.0,1006.0,2875.0,6.0,12.0,1825.0,0.0,1.0,0.0,6.0,0.0,0.0,0.0,1.0,1.0,0.0,0.0,3.0,3.0,1.0,113.0,0.0,1.0,0.0,56.0,1.0,54.0,0.0,79.0,18739.0,311.0,4718.0
Durham-3763OS-DTC,1560.0,10.0,40.0,142.0,0.0,0.0,0.0,0.0,0.0,0.0,0.0,0.0,0.0,0.0,0.0,0.0,0.0,0.0,0.0,0.0,0.0,0.0,0.0,0.0,0.0,0.0,0.0,0.0,0.0,0.0,0.0,1752.0,0.0,0.0
Durham-3763OS-DTCC,0.0,0.0,0.0,0.0,328.0,1.0,2.0,226.0,0.0,0.0,0.0,1.0,0.0,0.0,1.0,0.0,0.0,0.0,0.0,0.0,2.0,0.0,28.0,0.0,0.0,1.0,7.0,1.0,10.0,0.0,16.0,0.0,65.0,557.0
Durham-3763OS-DTCN,684.0,2.0,49.0,632.0,0.0,0.0,0.0,0.0,0.0,0.0,0.0,0.0,0.0,0.0,0.0,0.0,0.0,0.0,0.0,0.0,0.0,0.0,0.0,0.0,0.0,0.0,0.0,0.0,0.0,0.0,0.0,1367.0,0.0,0.0
Durham-3763OS-DUKE,7266.0,37.0,196.0,740.0,1507.0,0.0,4.0,1574.0,1.0,0.0,0.0,1.0,0.0,0.0,1.0,0.0,0.0,1.0,0.0,2.0,0.0,0.0,98.0,0.0,0.0,2.0,155.0,0.0,173.0,0.0,60.0,8239.0,490.0,3085.0
Durham-3763OS-EMM,0.0,0.0,0.0,0.0,270.0,1.0,0.0,113.0,0.0,1.0,0.0,0.0,0.0,0.0,1.0,0.0,0.0,0.0,0.0,0.0,1.0,0.0,7.0,0.0,0.0,0.0,1.0,0.0,1.0,0.0,8.0,0.0,18.0,384.0
Durham-3763OS-ENO,14585.0,45.0,440.0,2869.0,0.0,0.0,0.0,0.0,0.0,0.0,0.0,0.0,0.0,0.0,0.0,0.0,0.0,0.0,0.0,0.0,0.0,0.0,0.0,0.0,0.0,0.0,0.0,0.0,0.0,0.0,0.0,17939.0,0.0,0.0
Durham-3763OS-ERL,10540.0,38.0,352.0,3724.0,1851.0,5.0,10.0,916.0,0.0,0.0,0.0,3.0,0.0,0.0,0.0,0.0,0.0,0.0,0.0,2.0,8.0,0.0,332.0,0.0,0.0,4.0,122.0,1.0,90.0,0.0,279.0,14654.0,838.0,2782.0
Durham-3763OS-ERUF,0.0,0.0,0.0,0.0,1461.0,1.0,6.0,1166.0,0.0,0.0,0.0,4.0,0.0,0.0,0.0,2.0,0.0,0.0,0.0,2.0,2.0,0.0,165.0,0.0,0.0,0.0,160.0,1.0,113.0,1.0,128.0,0.0,572.0,2634.0
Durham-3763OS-FRONT,1617.0,7.0,97.0,494.0,0.0,0.0,0.0,0.0,0.0,0.0,0.0,0.0,0.0,0.0,0.0,0.0,0.0,0.0,0.0,0.0,0.0,0.0,0.0,0.0,0.0,0.0,0.0,0.0,0.0,0.0,0.0,2215.0,0.0,0.0
Durham-3763OS-FS83,0.0,0.0,0.0,0.0,799.0,1.0,6.0,523.0,0.0,0.0,0.0,3.0,0.0,0.0,0.0,1.0,0.0,0.0,1.0,2.0,2.0,0.0,138.0,1.0,0.0,1.0,45.0,0.0,54.0,0.0,88.0,0.0,331.0,1329.0
Durham-3763OS-GETG,1145.0,7.0,17.0,91.0,0.0,0.0,0.0,0.0,0.0,0.0,0.0,0.0,0.0,0.0,0.0,0.0,0.0,0.0,0.0,0.0,0.0,0.0,0.0,0.0,0.0,0.0,0.0,0.0,0.0,0.0,0.0,1260.0,0.0,0.0
Durham-3763OS-IVY,4157.0,13.0,98.0,376.0,0.0,0.0,0.0,0.0,0.0,0.0,0.0,0.0,0.0,0.0,0.0,0.0,0.0,0.0,0.0,0.0,0.0,0.0,0.0,0.0,0.0,0.0,0.0,0.0,0.0,0.0,0.0,4644.0,0.0,0.0
Durham-3763OS-NCCU,3814.0,11.0,48.0,62.0,930.0,1.0,1.0,583.0,0.0,0.0,0.0,1.0,0.0,0.0,0.0,0.0,0.0,0.0,0.0,0.0,3.0,0.0,5.0,0.0,0.0,0.0,6.0,1.0,6.0,0.0,5.0,3935.0,26.0,1515.0
Durham-3763OS-NJBC,2259.0,3.0,42.0,161.0,0.0,0.0,0.0,0.0,0.0,0.0,0.0,0.0,0.0,0.0,0.0,0.0,0.0,0.0,0.0,0.0,0.0,0.0,0.0,0.0,0.0,0.0,0.0,0.0,0.0,0.0,0.0,2465.0,0.0,0.0
Durham-3763OS-NRL,12091.0,51.0,424.0,6443.0,2429.0,9.0,30.0,1153.0,0.0,0.0,0.0,1.0,0.0,0.0,0.0,1.0,0.0,0.0,1.0,8.0,7.0,1.0,518.0,3.0,0.0,7.0,167.0,5.0,166.0,0.0,488.0,19009.0,1370.0,3621.0
Durham-3763OS-ROSE,0.0,0.0,0.0,0.0,566.0,1.0,7.0,424.0,0.0,0.0,1.0,1.0,0.0,0.0,0.0,0.0,0.0,0.0,0.0,0.0,1.0,0.0,208.0,0.0,0.0,0.0,81.0,2.0,58.0,0.0,160.0,0.0,510.0,998.0
Durham-3763OS-SRL,18327.0,61.0,507.0,2783.0,3650.0,2.0,11.0,1747.0,0.0,0.0,0.0,3.0,0.0,0.0,0.0,0.0,0.0,0.0,1.0,3.0,9.0,0.0,285.0,0.0,0.0,3.0,158.0,2.0,121.0,0.0,183.0,21678.0,764.0,5410.0
Edgecombe-37650101,429.0,0.0,6.0,31.0,382.0,0.0,3.0,86.0,0.0,0.0,0.0,2.0,0.0,0.0,0.0,0.0,0.0,0.0,0.0,0.0,3.0,0.0,7.0,0.0,0.0,0.0,2.0,0.0,1.0,0.0,11.0,466.0,24.0,471.0
Edgecombe-37650102,329.0,1.0,8.0,297.0,281.0,4.0,17.0,173.0,0.0,0.0,0.0,0.0,0.0,0.0,0.0,0.0,0.0,0.0,0.0,0.0,4.0,0.0,80.0,0.0,0.0,0.0,12.0,0.0,8.0,0.0,79.0,635.0,183.0,475.0
Edgecombe-37650103,263.0,4.0,10.0,298.0,206.0,2.0,6.0,140.0,0.0,0.0,0.0,0.0,0.0,0.0,0.0,0.0,0.0,0.0,0.0,1.0,5.0,1.0,69.0,0.0,0.0,1.0,11.0,0.0,10.0,0.0,97.0,575.0,195.0,354.0
Edgecombe-37650104,232.0,0.0,6.0,209.0,187.0,1.0,8.0,124.0,0.0,0.0,0.0,0.0,0.0,1.0,0.0,0.0,0.0,0.0,0.0,1.0,3.0,0.0,58.0,0.0,0.0,0.0,9.0,0.0,9.0,0.0,65.0,447.0,145.0,320.0
Edgecombe-37650201,203.0,0.0,8.0,215.0,132.0,2.0,8.0,49.0,0.0,0.0,0.0,0.0,0.0,0.0,0.0,0.0,0.0,0.0,0.0,0.0,0.0,0.0,26.0,0.0,0.0,0.0,2.0,0.0,3.0,0.0,49.0,426.0,80.0,191.0
Edgecombe-37650301,60.0,0.0,0.0,71.0,59.0,0.0,2.0,15.0,0.0,0.0,0.0,0.0,0.0,0.0,0.0,0.0,0.0,0.0,0.0,0.0,0.0,0.0,6.0,0.0,0.0,0.0,2.0,0.0,0.0,0.0,13.0,131.0,21.0,76.0
Edgecombe-37650401,119.0,0.0,3.0,83.0,84.0,0.0,4.0,31.0,0.0,0.0,0.0,0.0,0.0,0.0,0.0,0.0,0.0,0.0,0.0,0.0,1.0,0.0,9.0,0.0,0.0,0.0,1.0,0.0,2.0,0.0,15.0,205.0,28.0,119.0
Edgecombe-37650501,113.0,0.0,3.0,116.0,56.0,0.0,1.0,34.0,0.0,0.0,0.0,0.0,0.0,0.0,0.0,0.0,0.0,0.0,0.0,1.0,0.0,0.0,23.0,0.0,0.0,0.0,1.0,0.0,4.0,1.0,25.0,232.0,55.0,91.0
Edgecombe-37650601,213.0,1.0,6.0,106.0,171.0,0.0,2.0,51.0,0.0,0.0,0.0,0.0,0.0,0.0,0.0,0.0,0.0,0.0,0.0,0.0,3.0,0.0,18.0,0.0,0.0,0.0,1.0,0.0,3.0,0.0,15.0,326.0,40.0,224.0
Edgecombe-37650701,207.0,0.0,3.0,126.0,225.0,0.0,3.0,64.0,0.0,0.0,0.0,0.0,0.0,0.0,0.0,0.0,0.0,0.0,0.0,0.0,1.0,0.0,18.0,0.0,0.0,1.0,4.0,0.0,1.0,0.0,37.0,336.0,62.0,292.0
Edgecombe-37650801,73.0,0.0,6.0,244.0,84.0,1.0,3.0,57.0,0.0,0.0,0.0,0.0,0.0,0.0,0.0,0.0,0.0,0.0,0.0,0.0,1.0,0.0,46.0,0.0,0.0,0.0,0.0,0.0,5.0,0.0,56.0,323.0,108.0,145.0
Edgecombe-37650901,98.0,1.0,9.0,298.0,67.0,1.0,9.0,62.0,0.0,0.0,0.0,0.0,0.0,0.0,0.0,0.0,0.0,0.0,0.0,0.0,0.0,0.0,53.0,0.0,0.0,0.0,2.0,1.0,6.0,0.0,69.0,406.0,131.0,139.0
Edgecombe-37651001,183.0,1.0,13.0,193.0,189.0,3.0,11.0,97.0,0.0,0.0,0.0,0.0,0.0,0.0,0.0,0.0,0.0,0.0,0.0,0.0,0.0,0.0,79.0,0.0,0.0,0.0,9.0,0.0,4.0,0.0,61.0,390.0,153.0,300.0
Edgecombe-37651101,106.0,0.0,6.0,239.0,84.0,1.0,7.0,53.0,0.0,0.0,0.0,0.0,0.0,0.0,0.0,0.0,0.0,0.0,0.0,0.0,0.0,0.0,57.0,0.0,0.0,0.0,1.0,0.0,2.0,0.0,45.0,351.0,105.0,145.0
Edgecombe-37651201,567.0,0.0,2.0,26.0,529.0,1.0,0.0,122.0,0.0,0.0,0.0,0.0,0.0,0.0,0.0,0.0,0.0,0.0,0.0,0.0,0.0,0.0,8.0,0.0,0.0,0.0,0.0,0.0,1.0,0.0,4.0,595.0,13.0,652.0
Edgecombe-37651202,300.0,0.0,5.0,9.0,211.0,2.0,1.0,46.0,0.0,0.0,0.0,0.0,0.0,0.0,0.0,0.0,0.0,0.0,0.0,0.0,0.0,0.0,0.0,0.0,0.0,0.0,0.0,0.0,0.0,0.0,2.0,314.0,2.0,260.0
Edgecombe-37651203,257.0,0.0,12.0,387.0,198.0,0.0,11.0,99.0,0.0,0.0,0.0,0.0,0.0,0.0,1.0,0.0,0.0,0.0,0.0,2.0,4.0,0.0,121.0,1.0,0.0,0.0,12.0,0.0,19.0,0.0,102.0,656.0,261.0,308.0
Edgecombe-37651204,256.0,0.0,2.0,17.0,282.0,0.0,1.0,71.0,0.0,0.0,0.0,0.0,0.0,0.0,0.0,0.0,0.0,0.0,0.0,0.0,1.0,1.0,8.0,0.0,0.0,0.0,0.0,0.0,0.0,0.0,5.0,275.0,15.0,354.0
Edgecombe-37651205,182.0,0.0,2.0,3.0,150.0,0.0,0.0,44.0,0.0,0.0,0.0,0.0,0.0,0.0,0.0,0.0,0.0,0.0,0.0,0.0,0.0,0.0,0.0,0.0,0.0,0.0,0.0,0.0,0.0,0.0,0.0,187.0,0.0,194.0
Edgecombe-37651301,71.0,0.0,5.0,299.0,51.0,1.0,10.0,69.0,0.0,0.0,0.0,1.0,0.0,0.0,0.0,0.0,0.0,0.0,0.0,1.0,2.0,0.0,68.0,0.0,0.0,0.0,4.0,0.0,10.0,1.0,63.0,375.0,149.0,131.0
Edgecombe-37651401,44.0,0.0,3.0,241.0,29.0,1.0,2.0,37.0,0.0,0.0,0.0,0.0,0.0,0.0,0.0,0.0,0.0,0.0,0.0,0.0,0.0,0.0,59.0,0.0,0.0,1.0,6.0,0.0,7.0,0.0,62.0,288.0,135.0,69.0
Edgecombe-3765ABSENTEE,89.0,0.0,2.0,97.0,22.0,0.0,0.0,14.0,0.0,0.0,0.0,0.0,0.0,0.0,0.0,0.0,0.0,0.0,0.0,0.0,0.0,0.0,4.0,0.0,0.0,0.0,0.0,0.0,2.0,0.0,10.0,188.0,16.0,36.0
Edgecombe-3765ONE STOP 1,3984.0,2.0,82.0,2349.0,0.0,0.0,0.0,0.0,0.0,0.0,0.0,0.0,0.0,0.0,0.0,0.0,0.0,0.0,0.0,0.0,0.0,0.0,0.0,0.0,0.0,0.0,0.0,0.0,0.0,0.0,0.0,6417.0,0.0,0.0
Edgecombe-3765ONE STOP 2,4901.0,0.0,35.0,844.0,0.0,0.0,0.0,0.0,0.0,0.0,0.0,0.0,0.0,0.0,0.0,0.0,0.0,0.0,0.0,0.0,0.0,0.0,0.0,0.0,0.0,0.0,0.0,0.0,0.0,0.0,0.0,5780.0,0.0,0.0
Edgecombe-3765ONE STOP 3,1265.0,1.0,11.0,56.0,0.0,0.0,0.0,0.0,0.0,0.0,0.0,0.0,0.0,0.0,0.0,0.0,0.0,0.0,0.0,0.0,0.0,0.0,0.0,0.0,0.0,0.0,0.0,0.0,0.0,0.0,0.0,1333.0,0.0,0.0
Edgecombe-3765ONE STOP 4,1054.0,0.0,34.0,1236.0,0.0,0.0,0.0,0.0,0.0,0.0,0.0,0.0,0.0,0.0,0.0,0.0,0.0,0.0,0.0,0.0,0.0,0.0,0.0,0.0,0.0,0.0,0.0,0.0,0.0,0.0,0.0,2324.0,0.0,0.0
Edgecombe-3765ONE STOP 5,501.0,0.0,0.0,91.0,0.0,0.0,0.0,0.0,0.0,0.0,0.0,0.0,0.0,0.0,0.0,0.0,0.0,0.0,0.0,0.0,0.0,0.0,0.0,0.0,0.0,0.0,0.0,0.0,0.0,0.0,0.0,592.0,0.0,0.0
Edgecombe-3765ONE STOP 6,57.0,0.0,0.0,41.0,0.0,0.0,0.0,0.0,0.0,0.0,0.0,0.0,0.0,0.0,0.0,0.0,0.0,0.0,0.0,0.0,0.0,0.0,0.0,0.0,0.0,0.0,0.0,0.0,0.0,0.0,0.0,98.0,0.0,0.0
Edgecombe-3765OS-PINETOPS,0.0,0.0,0.0,0.0,226.0,1.0,4.0,55.0,0.0,0.0,0.0,0.0,0.0,0.0,0.0,0.0,0.0,0.0,0.0,0.0,0.0,1.0,52.0,0.0,0.0,0.0,3.0,0.0,4.0,0.0,58.0,0.0,118.0,286.0
Edgecombe-3765OS-ROCKYMOUNT,0.0,0.0,0.0,0.0,1489.0,0.0,5.0,196.0,0.0,0.0,0.0,0.0,0.0,0.0,1.0,0.0,0.0,0.0,0.0,0.0,3.0,1.0,61.0,0.0,0.0,2.0,5.0,2.0,14.0,0.0,64.0,0.0,152.0,1690.0
Edgecombe-3765OS-TARBORO,0.0,0.0,0.0,0.0,1021.0,7.0,27.0,269.0,0.0,0.0,0.0,1.0,0.0,0.0,0.0,0.0,0.0,0.0,0.0,2.0,4.0,1.0,151.0,0.0,0.0,1.0,14.0,1.0,26.0,0.0,155.0,0.0,355.0,1324.0
Forsyth-3767011,1248.0,3.0,108.0,1807.0,332.0,1.0,3.0,282.0,0.0,0.0,0.0,2.0,0.0,0.0,0.0,0.0,0.0,0.0,0.0,4.0,9.0,0.0,455.0,1.0,1.0,2.0,110.0,2.0,65.0,0.0,323.0,3166.0,972.0,618.0
Forsyth-3767012,390.0,3.0,52.0,1241.0,111.0,3.0,1.0,120.0,0.0,0.0,0.0,1.0,0.0,0.0,0.0,0.0,0.0,0.0,1.0,0.0,6.0,2.0,264.0,0.0,0.0,2.0,47.0,3.0,44.0,0.0,246.0,1686.0,614.0,235.0
Forsyth-3767013,1009.0,3.0,84.0,1534.0,296.0,0.0,4.0,200.0,0.0,0.0,0.0,0.0,0.0,0.0,0.0,0.0,0.0,0.0,0.0,0.0,8.0,2.0,326.0,0.0,0.0,1.0,103.0,0.0,54.0,2.0,305.0,2630.0,801.0,500.0
Forsyth-3767014,411.0,1.0,47.0,916.0,118.0,1.0,3.0,104.0,0.0,0.0,0.0,0.0,0.0,0.0,0.0,0.0,0.0,0.0,0.0,3.0,1.0,0.0,186.0,0.0,0.0,0.0,65.0,1.0,29.0,0.0,213.0,1375.0,498.0,226.0
Forsyth-3767015,414.0,2.0,38.0,831.0,126.0,0.0,1.0,91.0,0.0,0.0,0.0,0.0,0.0,0.0,0.0,0.0,0.0,0.0,0.0,1.0,1.0,0.0,200.0,0.0,0.0,2.0,50.0,0.0,20.0,0.0,171.0,1285.0,445.0,218.0
Forsyth-3767021,492.0,2.0,55.0,1831.0,129.0,1.0,2.0,170.0,0.0,0.0,0.0,1.0,0.0,0.0,0.0,1.0,0.0,0.0,0.0,0.0,5.0,0.0,366.0,0.0,0.0,0.0,80.0,4.0,35.0,2.0,366.0,2380.0,858.0,302.0
Forsyth-3767031,502.0,2.0,50.0,806.0,181.0,2.0,2.0,124.0,0.0,0.0,0.0,3.0,0.0,0.0,0.0,0.0,0.0,0.0,1.0,3.0,0.0,1.0,177.0,0.0,0.0,3.0,48.0,0.0,28.0,0.0,165.0,1360.0,425.0,309.0
Forsyth-3767032,588.0,3.0,39.0,1055.0,199.0,0.0,1.0,115.0,0.0,0.0,0.0,0.0,0.0,0.0,0.0,0.0,0.0,0.0,1.0,1.0,1.0,1.0,280.0,1.0,0.0,1.0,55.0,2.0,30.0,1.0,230.0,1685.0,603.0,315.0
Forsyth-3767033,904.0,1.0,29.0,611.0,298.0,1.0,1.0,146.0,0.0,0.0,0.0,3.0,0.0,0.0,0.0,0.0,0.0,0.0,1.0,2.0,6.0,0.0,142.0,2.0,0.0,1.0,20.0,1.0,17.0,1.0,132.0,1545.0,324.0,446.0
Forsyth-3767034,513.0,6.0,49.0,884.0,120.0,0.0,5.0,117.0,0.0,0.0,0.0,0.0,0.0,0.0,0.0,0.0,0.0,0.0,0.0,1.0,1.0,0.0,189.0,0.0,0.0,2.0,36.0,0.0,27.0,0.0,216.0,1452.0,472.0,242.0
Forsyth-3767042,1013.0,1.0,43.0,999.0,290.0,0.0,3.0,213.0,0.0,0.0,1.0,1.0,0.0,0.0,1.0,0.0,0.0,0.0,0.0,1.0,1.0,0.0,210.0,1.0,0.0,1.0,40.0,0.0,35.0,1.0,222.0,2056.0,512.0,506.0
Forsyth-3767043,760.0,2.0,40.0,914.0,177.0,0.0,1.0,118.0,0.0,0.0,0.0,0.0,0.0,0.0,0.0,0.0,1.0,0.0,0.0,0.0,7.0,0.0,168.0,0.0,0.0,1.0,31.0,2.0,12.0,1.0,215.0,1716.0,437.0,296.0
Forsyth-3767051,628.0,2.0,59.0,1049.0,188.0,1.0,6.0,170.0,0.0,1.0,0.0,3.0,0.0,0.0,0.0,0.0,0.0,0.0,0.0,2.0,7.0,0.0,289.0,0.0,0.0,0.0,94.0,1.0,50.0,1.0,218.0,1738.0,662.0,365.0
Forsyth-3767052,327.0,6.0,25.0,513.0,110.0,0.0,2.0,75.0,0.0,0.0,0.0,0.0,0.0,0.0,0.0,0.0,0.0,0.0,0.0,1.0,0.0,1.0,154.0,0.0,0.0,2.0,76.0,1.0,29.0,1.0,137.0,871.0,402.0,187.0
Forsyth-3767053,530.0,1.0,64.0,1030.0,153.0,1.0,4.0,109.0,0.0,0.0,0.0,2.0,0.0,0.0,0.0,0.0,0.0,0.0,0.0,0.0,4.0,0.0,239.0,1.0,0.0,3.0,115.0,1.0,49.0,0.0,232.0,1625.0,644.0,267.0
Forsyth-3767054,702.0,1.0,71.0,1041.0,219.0,2.0,6.0,180.0,0.0,0.0,0.0,0.0,0.0,0.0,0.0,0.0,0.0,0.0,0.0,2.0,5.0,2.0,287.0,1.0,0.0,2.0,173.0,1.0,90.0,1.0,249.0,1815.0,813.0,407.0
Forsyth-3767055,879.0,1.0,75.0,1369.0,243.0,1.0,4.0,168.0,0.0,1.0,0.0,4.0,0.0,0.0,0.0,0.0,0.0,0.0,0.0,3.0,6.0,0.0,378.0,0.0,0.0,0.0,183.0,1.0,101.0,0.0,294.0,2324.0,966.0,416.0
Forsyth-3767061,481.0,3.0,48.0,764.0,116.0,1.0,1.0,109.0,1.0,0.0,0.0,1.0,0.0,0.0,0.0,0.0,0.0,0.0,0.0,1.0,3.0,2.0,185.0,1.0,0.0,0.0,48.0,0.0,25.0,0.0,165.0,1296.0,430.0,227.0
Forsyth-3767062,473.0,4.0,53.0,878.0,115.0,0.0,3.0,129.0,0.0,0.0,0.0,0.0,0.0,0.0,0.0,0.0,0.0,0.0,0.0,1.0,5.0,1.0,251.0,1.0,0.0,1.0,62.0,0.0,38.0,2.0,193.0,1408.0,555.0,247.0
Forsyth-3767063,770.0,2.0,78.0,1678.0,221.0,2.0,5.0,167.0,0.0,0.0,0.0,0.0,0.0,0.0,0.0,0.0,0.0,0.0,0.0,4.0,6.0,1.0,420.0,0.0,0.0,0.0,92.0,2.0,54.0,0.0,350.0,2528.0,929.0,395.0
Forsyth-3767064,316.0,4.0,29.0,436.0,71.0,0.0,1.0,84.0,0.0,0.0,0.0,0.0,0.0,0.0,0.0,0.0,0.0,0.0,0.0,1.0,3.0,0.0,89.0,0.0,0.0,1.0,34.0,2.0,17.0,0.0,123.0,785.0,270.0,156.0
Forsyth-3767065,789.0,1.0,91.0,1550.0,242.0,1.0,6.0,215.0,0.0,0.0,0.0,0.0,1.0,0.0,1.0,0.0,0.0,0.0,0.0,1.0,7.0,0.0,392.0,0.0,0.0,0.0,169.0,0.0,65.0,1.0,409.0,2431.0,1044.0,464.0
Forsyth-3767066,410.0,5.0,48.0,958.0,98.0,0.0,3.0,91.0,0.0,0.0,0.0,0.0,0.0,0.0,0.0,0.0,0.0,0.0,0.0,5.0,2.0,0.0,205.0,0.0,0.0,0.0,39.0,0.0,20.0,0.0,240.0,1421.0,511.0,192.0
Forsyth-3767067,477.0,6.0,54.0,656.0,106.0,0.0,1.0,116.0,0.0,0.0,0.0,1.0,0.0,0.0,0.0,0.0,0.0,0.0,0.0,1.0,2.0,0.0,154.0,0.0,1.0,1.0,44.0,0.0,28.0,0.0,145.0,1193.0,376.0,223.0
Forsyth-3767068,553.0,2.0,60.0,1224.0,135.0,1.0,0.0,143.0,0.0,0.0,0.0,0.0,0.0,0.0,0.0,0.0,0.0,0.0,0.0,2.0,9.0,2.0,325.0,0.0,0.0,1.0,76.0,0.0,48.0,0.0,233.0,1839.0,696.0,279.0
Forsyth-3767071,917.0,2.0,98.0,1373.0,280.0,2.0,3.0,218.0,0.0,0.0,0.0,1.0,0.0,0.0,0.0,0.0,0.0,0.0,0.0,4.0,8.0,1.0,371.0,0.0,0.0,4.0,186.0,0.0,84.0,0.0,305.0,2390.0,963.0,503.0
Forsyth-3767072,1357.0,1.0,112.0,2034.0,351.0,0.0,6.0,308.0,1.0,0.0,0.0,1.0,0.0,0.0,0.0,0.0,0.0,0.0,0.0,3.0,18.0,1.0,565.0,0.0,1.0,6.0,185.0,0.0,120.0,0.0,422.0,3504.0,1321.0,665.0
Forsyth-3767073,594.0,1.0,80.0,1384.0,185.0,1.0,7.0,166.0,0.0,0.0,0.0,0.0,0.0,1.0,0.0,0.0,0.0,0.0,0.0,4.0,6.0,1.0,351.0,1.0,0.0,0.0,157.0,1.0,87.0,0.0,315.0,2059.0,923.0,359.0
Forsyth-3767074,976.0,1.0,68.0,1003.0,297.0,1.0,4.0,222.0,0.0,0.0,0.0,4.0,1.0,1.0,0.0,0.0,0.0,0.0,0.0,1.0,9.0,2.0,233.0,0.0,1.0,2.0,146.0,0.0,72.0,0.0,187.0,2048.0,653.0,524.0
Forsyth-3767075,142.0,3.0,14.0,329.0,42.0,0.0,3.0,43.0,0.0,0.0,0.0,0.0,0.0,0.0,0.0,0.0,0.0,0.0,0.0,0.0,0.0,0.0,90.0,0.0,0.0,0.0,26.0,0.0,6.0,0.0,58.0,488.0,180.0,88.0
Forsyth-3767081,1273.0,6.0,38.0,767.0,453.0,1.0,3.0,230.0,0.0,0.0,0.0,0.0,0.0,0.0,0.0,0.0,0.0,0.0,0.0,2.0,5.0,0.0,155.0,0.0,0.0,0.0,32.0,0.0,18.0,0.0,183.0,2084.0,395.0,687.0
Forsyth-3767082,1636.0,2.0,73.0,1282.0,661.0,0.0,6.0,263.0,0.0,0.0,0.0,0.0,0.0,0.0,0.0,0.0,0.0,0.0,0.0,0.0,2.0,2.0,281.0,0.0,1.0,1.0,34.0,0.0,38.0,0.0,232.0,2993.0,591.0,930.0
Forsyth-3767083,896.0,2.0,31.0,452.0,346.0,0.0,2.0,110.0,0.0,0.0,0.0,0.0,0.0,0.0,0.0,0.0,0.0,0.0,0.0,0.0,2.0,0.0,88.0,0.0,0.0,1.0,11.0,0.0,11.0,0.0,84.0,1381.0,197.0,458.0
Forsyth-3767091,373.0,6.0,41.0,998.0,110.0,0.0,1.0,97.0,0.0,0.0,0.0,0.0,0.0,0.0,0.0,0.0,0.0,0.0,0.0,1.0,1.0,1.0,247.0,1.0,0.0,2.0,36.0,0.0,23.0,0.0,215.0,1418.0,527.0,208.0
Forsyth-3767092,270.0,3.0,49.0,883.0,69.0,1.0,2.0,101.0,0.0,0.0,0.0,2.0,0.0,0.0,0.0,0.0,0.0,0.0,0.0,0.0,5.0,0.0,241.0,0.0,0.0,1.0,57.0,1.0,15.0,0.0,196.0,1205.0,516.0,173.0
Forsyth-3767101,718.0,3.0,41.0,656.0,275.0,0.0,2.0,148.0,0.0,1.0,0.0,2.0,0.0,0.0,0.0,0.0,0.0,0.0,0.0,0.0,6.0,0.0,196.0,0.0,0.0,1.0,59.0,1.0,28.0,0.0,171.0,1418.0,462.0,425.0
Forsyth-3767111,261.0,4.0,39.0,948.0,84.0,1.0,2.0,83.0,0.0,0.0,0.0,0.0,0.0,0.0,0.0,0.0,0.0,0.0,0.0,3.0,1.0,0.0,196.0,0.0,0.0,2.0,31.0,1.0,13.0,0.0,211.0,1252.0,458.0,170.0
Forsyth-3767112,570.0,5.0,52.0,1310.0,164.0,3.0,2.0,128.0,0.0,0.0,0.0,0.0,0.0,0.0,0.0,0.0,0.0,0.0,0.0,1.0,6.0,0.0,248.0,0.0,0.0,0.0,41.0,2.0,30.0,0.0,305.0,1937.0,633.0,297.0
Forsyth-3767122,2142.0,3.0,111.0,1498.0,588.0,1.0,5.0,391.0,0.0,2.0,0.0,4.0,2.0,0.0,0.0,1.0,0.0,0.0,0.0,1.0,6.0,1.0,348.0,1.0,0.0,1.0,62.0,2.0,48.0,1.0,246.0,3754.0,717.0,985.0
Forsyth-3767123,869.0,1.0,50.0,844.0,219.0,1.0,5.0,198.0,0.0,0.0,0.0,1.0,0.0,0.0,0.0,0.0,0.0,0.0,0.0,2.0,10.0,1.0,221.0,0.0,0.0,1.0,65.0,2.0,50.0,0.0,179.0,1764.0,531.0,423.0
Forsyth-3767131,886.0,1.0,83.0,1155.0,267.0,1.0,3.0,195.0,0.0,0.0,0.0,3.0,0.0,0.0,0.0,0.0,0.0,0.0,0.0,2.0,10.0,0.0,302.0,0.0,0.0,3.0,104.0,1.0,68.0,0.0,239.0,2125.0,729.0,466.0
Forsyth-3767132,1045.0,1.0,85.0,1448.0,347.0,1.0,2.0,276.0,0.0,0.0,0.0,0.0,0.0,0.0,0.0,0.0,0.0,0.0,1.0,2.0,8.0,0.0,332.0,0.0,0.0,1.0,141.0,2.0,89.0,1.0,313.0,2579.0,889.0,626.0
Forsyth-3767133,1358.0,4.0,143.0,2209.0,390.0,1.0,9.0,322.0,0.0,0.0,0.0,3.0,0.0,0.0,0.0,0.0,0.0,0.0,0.0,4.0,16.0,2.0,578.0,0.0,0.0,3.0,274.0,3.0,156.0,0.0,437.0,3714.0,1473.0,722.0
Forsyth-3767201,2066.0,2.0,36.0,286.0,578.0,0.0,2.0,276.0,0.0,0.0,0.0,3.0,0.0,0.0,0.0,0.0,0.0,0.0,0.0,1.0,1.0,0.0,60.0,0.0,0.0,1.0,41.0,0.0,29.0,0.0,36.0,2390.0,169.0,856.0
Forsyth-3767203,969.0,2.0,13.0,19.0,236.0,1.0,0.0,98.0,0.0,0.0,0.0,0.0,0.0,1.0,0.0,0.0,0.0,0.0,0.0,0.0,0.0,0.0,2.0,0.0,0.0,0.0,0.0,0.0,0.0,0.0,1.0,1003.0,3.0,335.0
Forsyth-3767204,839.0,3.0,15.0,73.0,274.0,0.0,1.0,103.0,0.0,0.0,0.0,0.0,0.0,0.0,0.0,0.0,0.0,0.0,0.0,0.0,1.0,0.0,8.0,0.0,0.0,1.0,5.0,0.0,3.0,0.0,4.0,930.0,22.0,378.0
Forsyth-3767205,501.0,3.0,4.0,9.0,160.0,0.0,1.0,38.0,0.0,0.0,0.0,0.0,0.0,0.0,0.0,0.0,0.0,0.0,0.0,1.0,0.0,0.0,0.0,0.0,0.0,0.0,0.0,0.0,1.0,0.0,0.0,517.0,2.0,199.0
Forsyth-3767206,914.0,1.0,19.0,96.0,366.0,0.0,0.0,82.0,0.0,0.0,0.0,0.0,0.0,0.0,0.0,0.0,0.0,0.0,0.0,1.0,0.0,0.0,25.0,0.0,0.0,1.0,0.0,0.0,4.0,0.0,18.0,1030.0,49.0,448.0
Forsyth-3767207,1101.0,2.0,31.0,236.0,283.0,0.0,0.0,183.0,0.0,0.0,0.0,1.0,0.0,0.0,0.0,0.0,0.0,0.0,0.0,0.0,1.0,0.0,56.0,0.0,0.0,0.0,9.0,0.0,10.0,0.0,39.0,1370.0,115.0,466.0
Forsyth-3767301,573.0,2.0,6.0,9.0,174.0,0.0,1.0,38.0,0.0,0.0,0.0,0.0,0.0,0.0,0.0,0.0,0.0,0.0,0.0,0.0,0.0,0.0,4.0,0.0,0.0,0.0,0.0,0.0,0.0,0.0,1.0,590.0,5.0,213.0
Forsyth-3767302,591.0,3.0,9.0,21.0,200.0,0.0,0.0,43.0,0.0,0.0,0.0,0.0,0.0,0.0,0.0,0.0,0.0,0.0,0.0,0.0,0.0,0.0,1.0,0.0,0.0,0.0,2.0,0.0,1.0,0.0,5.0,624.0,9.0,243.0
Forsyth-3767303,453.0,0.0,3.0,13.0,131.0,1.0,1.0,34.0,0.0,0.0,0.0,0.0,0.0,0.0,0.0,0.0,0.0,0.0,0.0,0.0,0.0,0.0,1.0,0.0,0.0,1.0,0.0,0.0,0.0,0.0,0.0,469.0,2.0,167.0
Forsyth-3767304,1218.0,1.0,12.0,28.0,591.0,0.0,1.0,96.0,0.0,0.0,0.0,0.0,0.0,0.0,0.0,0.0,0.0,0.0,0.0,0.0,1.0,0.0,0.0,0.0,0.0,0.0,2.0,0.0,1.0,0.0,4.0,1259.0,8.0,688.0
Forsyth-3767305,877.0,0.0,12.0,16.0,410.0,0.0,1.0,87.0,0.0,0.0,0.0,1.0,0.0,0.0,0.0,0.0,0.0,0.0,0.0,0.0,1.0,0.0,1.0,0.0,0.0,0.0,1.0,0.0,0.0,0.0,1.0,905.0,4.0,498.0
Forsyth-3767306,822.0,6.0,10.0,112.0,215.0,0.0,1.0,90.0,0.0,0.0,0.0,0.0,0.0,0.0,0.0,0.0,0.0,0.0,0.0,0.0,1.0,0.0,16.0,0.0,0.0,0.0,2.0,1.0,2.0,0.0,34.0,950.0,56.0,306.0
Forsyth-3767401,949.0,1.0,16.0,76.0,342.0,0.0,1.0,102.0,0.0,0.0,0.0,0.0,0.0,0.0,0.0,0.0,0.0,0.0,0.0,0.0,0.0,0.0,15.0,0.0,0.0,0.0,3.0,0.0,3.0,0.0,21.0,1042.0,42.0,445.0
Forsyth-3767402,763.0,6.0,9.0,17.0,275.0,0.0,0.0,69.0,0.0,0.0,0.0,0.0,0.0,0.0,0.0,0.0,1.0,0.0,0.0,0.0,1.0,1.0,5.0,0.0,0.0,0.0,0.0,0.0,1.0,0.0,0.0,795.0,8.0,344.0
Forsyth-3767403,879.0,3.0,14.0,54.0,228.0,0.0,0.0,52.0,0.0,0.0,0.0,0.0,0.0,0.0,0.0,0.0,0.0,0.0,0.0,0.0,0.0,0.0,2.0,0.0,1.0,0.0,7.0,0.0,2.0,0.0,10.0,950.0,22.0,280.0
Forsyth-3767404,1229.0,7.0,47.0,173.0,314.0,1.0,0.0,188.0,0.0,0.0,0.0,0.0,0.0,0.0,0.0,0.0,0.0,0.0,0.0,0.0,0.0,0.0,25.0,0.0,0.0,0.0,27.0,0.0,20.0,0.0,27.0,1456.0,99.0,503.0
Forsyth-3767405,1500.0,2.0,18.0,25.0,130.0,0.0,0.0,251.0,0.0,0.0,0.0,0.0,0.0,0.0,0.0,0.0,0.0,0.0,0.0,0.0,0.0,0.0,3.0,0.0,0.0,0.0,1.0,0.0,1.0,0.0,1.0,1545.0,6.0,381.0
Forsyth-3767501,1233.0,5.0,20.0,95.0,514.0,1.0,0.0,145.0,0.0,0.0,0.0,0.0,0.0,0.0,0.0,0.0,0.0,0.0,0.0,0.0,0.0,0.0,15.0,0.0,0.0,0.0,5.0,0.0,2.0,1.0,15.0,1353.0,38.0,660.0
Forsyth-3767502,803.0,3.0,6.0,33.0,261.0,1.0,1.0,79.0,0.0,0.0,0.0,0.0,0.0,0.0,0.0,0.0,0.0,0.0,0.0,0.0,1.0,0.0,3.0,0.0,0.0,1.0,2.0,0.0,4.0,0.0,6.0,845.0,17.0,342.0
Forsyth-3767503,812.0,9.0,25.0,137.0,203.0,2.0,1.0,275.0,0.0,0.0,0.0,0.0,0.0,0.0,0.0,0.0,0.0,0.0,0.0,2.0,1.0,0.0,23.0,0.0,0.0,1.0,12.0,0.0,5.0,0.0,29.0,983.0,73.0,481.0
Forsyth-3767504,633.0,2.0,27.0,89.0,160.0,0.0,1.0,93.0,0.0,0.0,0.0,0.0,0.0,0.0,0.0,0.0,0.0,0.0,0.0,0.0,1.0,0.0,14.0,0.0,0.0,0.0,4.0,0.0,1.0,0.0,11.0,751.0,31.0,254.0
Forsyth-3767505,822.0,6.0,25.0,208.0,241.0,0.0,5.0,111.0,0.0,0.0,0.0,0.0,1.0,0.0,0.0,0.0,0.0,0.0,0.0,0.0,1.0,0.0,26.0,1.0,0.0,1.0,2.0,0.0,1.0,0.0,47.0,1061.0,79.0,357.0
Forsyth-3767506,555.0,4.0,38.0,386.0,145.0,0.0,5.0,112.0,0.0,0.0,1.0,0.0,0.0,0.0,0.0,0.0,0.0,0.0,0.0,4.0,1.0,0.0,92.0,0.0,0.0,0.0,15.0,1.0,24.0,0.0,66.0,983.0,203.0,262.0
Forsyth-3767507,2052.0,2.0,85.0,1153.0,504.0,4.0,5.0,361.0,0.0,0.0,0.0,3.0,0.0,0.0,0.0,0.0,0.0,0.0,0.0,0.0,9.0,0.0,257.0,1.0,0.0,4.0,44.0,2.0,39.0,0.0,209.0,3292.0,565.0,874.0
Forsyth-3767601,985.0,1.0,62.0,257.0,218.0,0.0,0.0,344.0,0.0,0.0,0.0,1.0,0.0,0.0,0.0,0.0,0.0,0.0,1.0,0.0,0.0,1.0,70.0,0.0,0.0,0.0,45.0,0.0,28.0,1.0,42.0,1305.0,187.0,562.0
Forsyth-3767602,1675.0,2.0,79.0,952.0,513.0,1.0,4.0,313.0,0.0,0.0,0.0,0.0,0.0,0.0,0.0,0.0,0.0,0.0,0.0,3.0,5.0,0.0,191.0,1.0,0.0,0.0,76.0,0.0,43.0,1.0,161.0,2708.0,481.0,831.0
Forsyth-3767603,1017.0,5.0,33.0,246.0,270.0,0.0,0.0,353.0,0.0,1.0,0.0,1.0,0.0,0.0,0.0,0.0,0.0,0.0,0.0,2.0,2.0,0.0,61.0,0.0,0.0,0.0,29.0,1.0,18.0,0.0,46.0,1301.0,159.0,623.0
Forsyth-3767604,801.0,2.0,43.0,180.0,153.0,1.0,0.0,197.0,0.0,0.0,0.0,0.0,0.0,0.0,0.0,0.0,0.0,0.0,0.0,0.0,1.0,0.0,44.0,0.0,0.0,0.0,26.0,0.0,22.0,0.0,19.0,1026.0,112.0,351.0
Forsyth-3767605,1469.0,3.0,64.0,703.0,389.0,1.0,1.0,294.0,0.0,0.0,0.0,0.0,0.0,0.0,0.0,0.0,0.0,0.0,1.0,0.0,2.0,0.0,146.0,0.0,0.0,0.0,43.0,0.0,19.0,0.0,143.0,2239.0,353.0,685.0
Forsyth-3767606,709.0,0.0,41.0,341.0,175.0,0.0,6.0,129.0,0.0,0.0,0.0,2.0,0.0,0.0,0.0,0.0,0.0,0.0,0.0,1.0,3.0,0.0,62.0,0.0,0.0,0.0,14.0,1.0,10.0,0.0,82.0,1091.0,173.0,310.0
Forsyth-3767607,920.0,0.0,44.0,518.0,291.0,0.0,5.0,237.0,0.0,0.0,0.0,1.0,0.0,0.0,0.0,0.0,0.0,0.0,0.0,2.0,6.0,1.0,125.0,1.0,0.0,3.0,61.0,1.0,38.0,0.0,115.0,1482.0,353.0,533.0
Forsyth-3767701,489.0,0.0,27.0,405.0,144.0,1.0,0.0,123.0,0.0,0.0,0.0,0.0,0.0,0.0,0.0,0.0,0.0,0.0,0.0,1.0,2.0,1.0,80.0,0.0,0.0,0.0,136.0,0.0,35.0,0.0,102.0,921.0,357.0,268.0
Forsyth-3767702,740.0,0.0,65.0,303.0,223.0,0.0,3.0,235.0,0.0,0.0,0.0,1.0,0.0,0.0,0.0,0.0,0.0,0.0,0.0,1.0,2.0,2.0,88.0,1.0,0.0,1.0,54.0,0.0,27.0,1.0,56.0,1108.0,233.0,461.0
Forsyth-3767703,553.0,0.0,55.0,231.0,162.0,0.0,0.0,193.0,0.0,0.0,0.0,1.0,0.0,1.0,0.0,0.0,0.0,0.0,0.0,3.0,2.0,0.0,83.0,0.0,0.0,0.0,77.0,0.0,32.0,0.0,56.0,839.0,253.0,355.0
Forsyth-3767704,785.0,0.0,54.0,349.0,203.0,3.0,0.0,243.0,0.0,0.0,0.0,0.0,0.0,0.0,0.0,0.0,0.0,0.0,0.0,2.0,3.0,1.0,94.0,0.0,0.0,1.0,67.0,0.0,32.0,1.0,66.0,1188.0,267.0,449.0
Forsyth-3767705,884.0,0.0,59.0,430.0,239.0,0.0,1.0,247.0,0.0,0.0,0.0,0.0,0.0,0.0,0.0,0.0,0.0,0.0,0.0,1.0,0.0,0.0,105.0,1.0,0.0,4.0,53.0,2.0,22.0,0.0,94.0,1373.0,282.0,487.0
Forsyth-3767706,487.0,0.0,28.0,307.0,119.0,1.0,0.0,119.0,0.0,0.0,0.0,0.0,0.0,0.0,0.0,0.0,0.0,0.0,0.0,0.0,3.0,0.0,76.0,0.0,0.0,2.0,32.0,0.0,10.0,0.0,52.0,822.0,175.0,239.0
Forsyth-3767707,551.0,0.0,40.0,321.0,126.0,0.0,2.0,150.0,0.0,0.0,0.0,1.0,0.0,0.0,0.0,0.0,0.0,0.0,0.0,1.0,0.0,0.0,65.0,1.0,0.0,2.0,54.0,1.0,22.0,0.0,77.0,912.0,223.0,278.0
Forsyth-3767708,1429.0,0.0,70.0,1024.0,390.0,1.0,1.0,274.0,0.0,0.0,0.0,1.0,0.0,0.0,0.0,0.0,0.0,0.0,1.0,3.0,5.0,0.0,260.0,0.0,0.0,0.0,103.0,0.0,68.0,1.0,231.0,2523.0,671.0,666.0
Forsyth-3767709,1091.0,0.0,49.0,732.0,357.0,3.0,2.0,196.0,0.0,0.0,0.0,0.0,0.0,0.0,0.0,0.0,0.0,0.0,0.0,2.0,4.0,0.0,165.0,0.0,0.0,0.0,76.0,3.0,38.0,1.0,130.0,1872.0,419.0,558.0
Forsyth-3767801,493.0,0.0,36.0,340.0,164.0,1.0,3.0,142.0,0.0,0.0,0.0,0.0,0.0,0.0,0.0,0.0,0.0,0.0,0.0,1.0,0.0,0.0,88.0,0.0,0.0,0.0,88.0,2.0,28.0,0.0,88.0,869.0,295.0,310.0
Forsyth-3767802,549.0,0.0,53.0,474.0,220.0,2.0,6.0,103.0,0.0,0.0,0.0,1.0,0.0,0.0,0.0,0.0,0.0,0.0,0.0,3.0,1.0,2.0,96.0,1.0,0.0,1.0,230.0,1.0,50.0,0.0,130.0,1076.0,515.0,331.0
Forsyth-3767803,531.0,0.0,46.0,609.0,171.0,1.0,0.0,114.0,0.0,0.0,0.0,0.0,0.0,0.0,0.0,0.0,0.0,0.0,0.0,0.0,3.0,0.0,134.0,0.0,0.0,0.0,287.0,3.0,85.0,0.0,153.0,1186.0,665.0,286.0
Forsyth-3767804,459.0,0.0,43.0,398.0,161.0,0.0,1.0,115.0,0.0,0.0,0.0,0.0,0.0,0.0,0.0,0.0,0.0,0.0,0.0,0.0,2.0,0.0,114.0,0.0,0.0,0.0,153.0,2.0,39.0,0.0,76.0,900.0,386.0,277.0
Forsyth-3767805,849.0,0.0,65.0,719.0,260.0,2.0,6.0,224.0,0.0,0.0,0.0,1.0,0.0,0.0,0.0,0.0,0.0,0.0,1.0,0.0,6.0,1.0,224.0,1.0,0.0,0.0,229.0,4.0,79.0,0.0,166.0,1633.0,710.0,492.0
Forsyth-3767806,564.0,0.0,46.0,626.0,204.0,0.0,3.0,130.0,0.0,0.0,0.0,1.0,0.0,0.0,1.0,0.0,0.0,0.0,0.0,4.0,1.0,0.0,127.0,2.0,0.0,0.0,140.0,0.0,41.0,0.0,163.0,1236.0,478.0,337.0
Forsyth-3767807,639.0,0.0,45.0,630.0,210.0,2.0,2.0,158.0,0.0,0.0,0.0,1.0,0.0,0.0,0.0,0.0,0.0,0.0,0.0,0.0,2.0,1.0,169.0,1.0,0.0,0.0,122.0,1.0,44.0,0.0,140.0,1314.0,480.0,372.0
Forsyth-3767808,1344.0,0.0,80.0,617.0,304.0,2.0,1.0,298.0,0.0,0.0,0.0,1.0,0.0,0.0,0.0,0.0,0.0,0.0,0.0,1.0,4.0,2.0,142.0,0.0,1.0,1.0,81.0,1.0,38.0,0.0,121.0,2041.0,392.0,605.0
Forsyth-3767809,889.0,0.0,74.0,794.0,333.0,1.0,3.0,174.0,0.0,0.0,0.0,0.0,0.0,0.0,0.0,0.0,0.0,0.0,0.0,1.0,2.0,2.0,254.0,1.0,0.0,0.0,269.0,2.0,88.0,0.0,167.0,1757.0,786.0,511.0
Forsyth-3767901,775.0,0.0,51.0,380.0,269.0,0.0,5.0,197.0,0.0,0.0,0.0,2.0,0.0,0.0,0.0,0.0,0.0,0.0,1.0,2.0,3.0,0.0,92.0,1.0,1.0,0.0,170.0,2.0,50.0,0.0,101.0,1206.0,422.0,471.0
Forsyth-3767902,899.0,0.0,41.0,215.0,226.0,1.0,0.0,274.0,0.0,0.0,0.0,1.0,0.0,0.0,0.0,0.0,0.0,0.0,0.0,1.0,0.0,1.0,29.0,0.0,0.0,1.0,54.0,1.0,17.0,1.0,37.0,1155.0,142.0,501.0
Forsyth-3767903,1512.0,0.0,93.0,561.0,382.0,0.0,1.0,216.0,0.0,0.0,0.0,3.0,0.0,0.0,0.0,1.0,0.0,0.0,0.0,3.0,2.0,2.0,86.0,0.0,0.0,0.0,144.0,0.0,84.0,0.0,75.0,2166.0,396.0,599.0
Forsyth-3767904,1072.0,0.0,38.0,283.0,328.0,1.0,2.0,153.0,0.0,0.0,0.0,0.0,0.0,0.0,0.0,0.0,0.0,0.0,0.0,0.0,1.0,1.0,65.0,0.0,0.0,1.0,33.0,2.0,13.0,0.0,55.0,1393.0,171.0,484.0
Forsyth-3767905,946.0,0.0,50.0,293.0,257.0,0.0,2.0,223.0,0.0,0.0,0.0,2.0,0.0,0.0,0.0,1.0,0.0,0.0,1.0,0.0,2.0,0.0,71.0,1.0,0.0,0.0,64.0,2.0,38.0,1.0,65.0,1289.0,244.0,482.0
Forsyth-3767906,1227.0,0.0,75.0,744.0,391.0,0.0,2.0,327.0,0.0,0.0,0.0,0.0,0.0,0.0,0.0,3.0,0.0,0.0,1.0,0.0,2.0,0.0,179.0,0.0,0.0,0.0,177.0,2.0,67.0,0.0,171.0,2046.0,598.0,720.0
Forsyth-3767907,747.0,0.0,44.0,418.0,246.0,2.0,0.0,224.0,0.0,0.0,0.0,0.0,0.0,0.0,0.0,0.0,0.0,0.0,0.0,2.0,3.0,1.0,116.0,1.0,0.0,0.0,68.0,1.0,35.0,0.0,92.0,1209.0,319.0,472.0
Forsyth-3767908,892.0,0.0,79.0,906.0,334.0,1.0,7.0,201.0,0.0,0.0,0.0,0.0,0.0,0.0,0.0,0.0,0.0,0.0,1.0,2.0,5.0,0.0,256.0,0.0,0.0,0.0,235.0,4.0,85.0,0.0,202.0,1877.0,789.0,543.0
Forsyth-3767909,488.0,0.0,30.0,372.0,147.0,1.0,1.0,106.0,0.0,0.0,0.0,3.0,0.0,0.0,0.0,0.0,0.0,0.0,0.0,0.0,4.0,0.0,110.0,0.0,0.0,1.0,55.0,1.0,26.0,1.0,72.0,890.0,270.0,255.0
Forsyth-3767ABS/PROV/CURB 1,1780.0,62.0,119.0,3508.0,0.0,0.0,0.0,0.0,0.0,0.0,0.0,0.0,0.0,0.0,0.0,0.0,0.0,0.0,0.0,0.0,0.0,0.0,0.0,0.0,0.0,0.0,0.0,0.0,0.0,0.0,0.0,5469.0,0.0,0.0
Forsyth-3767ABS/PROV/CURB 2,2899.0,69.0,141.0,2369.0,0.0,0.0,0.0,0.0,0.0,0.0,0.0,0.0,0.0,0.0,0.0,0.0,0.0,0.0,0.0,0.0,0.0,0.0,0.0,0.0,0.0,0.0,0.0,0.0,0.0,0.0,0.0,5478.0,0.0,0.0
Forsyth-3767ABS/PROV/CURB 3,3701.0,51.0,114.0,1670.0,0.0,0.0,0.0,0.0,0.0,0.0,0.0,0.0,0.0,0.0,0.0,0.0,0.0,0.0,0.0,0.0,0.0,0.0,0.0,0.0,0.0,0.0,0.0,0.0,0.0,0.0,0.0,5536.0,0.0,0.0
Forsyth-3767ABS/PROV/CURB 4,1608.0,63.0,97.0,1238.0,0.0,0.0,0.0,0.0,0.0,0.0,0.0,0.0,0.0,0.0,0.0,0.0,0.0,0.0,0.0,0.0,0.0,0.0,0.0,0.0,0.0,0.0,0.0,0.0,0.0,0.0,0.0,3006.0,0.0,0.0
Franklin-376901,924.0,2.0,29.0,387.0,427.0,3.0,4.0,187.0,0.0,0.0,0.0,1.0,0.0,1.0,0.0,0.0,0.0,0.0,0.0,1.0,3.0,0.0,79.0,0.0,0.0,0.0,9.0,0.0,9.0,0.0,85.0,1342.0,186.0,621.0
Franklin-376902,585.0,0.0,24.0,395.0,290.0,0.0,5.0,133.0,0.0,0.0,0.0,0.0,0.0,0.0,0.0,0.0,1.0,0.0,0.0,0.0,0.0,1.0,49.0,1.0,0.0,0.0,8.0,0.0,9.0,0.0,72.0,1004.0,140.0,428.0
Franklin-376903,1050.0,2.0,49.0,1160.0,416.0,2.0,8.0,228.0,0.0,0.0,0.0,2.0,0.0,0.0,0.0,0.0,0.0,0.0,0.0,2.0,4.0,2.0,220.0,0.0,0.0,1.0,23.0,2.0,22.0,0.0,211.0,2261.0,487.0,654.0
Franklin-376905,537.0,2.0,42.0,951.0,195.0,2.0,9.0,156.0,0.0,0.0,0.0,1.0,0.0,0.0,0.0,0.0,0.0,0.0,0.0,2.0,4.0,0.0,205.0,0.0,0.0,2.0,19.0,0.0,10.0,0.0,151.0,1532.0,393.0,362.0
Franklin-376906,640.0,2.0,19.0,514.0,290.0,1.0,8.0,132.0,0.0,0.0,0.0,0.0,0.0,0.0,0.0,0.0,0.0,0.0,0.0,1.0,0.0,0.0,106.0,0.0,0.0,0.0,13.0,0.0,18.0,0.0,105.0,1175.0,243.0,431.0
Franklin-376907,314.0,0.0,25.0,877.0,73.0,2.0,4.0,102.0,0.0,0.0,0.0,0.0,0.0,0.0,0.0,0.0,0.0,0.0,0.0,0.0,3.0,0.0,179.0,0.0,0.0,1.0,16.0,0.0,15.0,0.0,204.0,1216.0,418.0,181.0
Franklin-376908,774.0,3.0,53.0,1143.0,270.0,1.0,6.0,180.0,0.0,0.0,0.0,0.0,0.0,0.0,0.0,0.0,0.0,0.0,0.0,1.0,8.0,1.0,220.0,1.0,0.0,2.0,32.0,2.0,22.0,0.0,273.0,1973.0,562.0,457.0
Franklin-376909,386.0,0.0,25.0,707.0,163.0,4.0,17.0,165.0,0.0,0.0,0.0,1.0,0.0,0.0,0.0,0.0,0.0,0.0,0.0,0.0,2.0,0.0,124.0,0.0,0.0,0.0,13.0,0.0,9.0,0.0,122.0,1118.0,270.0,349.0
Franklin-376910,240.0,0.0,9.0,479.0,122.0,3.0,11.0,90.0,0.0,0.0,0.0,0.0,0.0,0.0,0.0,0.0,0.0,0.0,0.0,1.0,2.0,1.0,74.0,0.0,0.0,0.0,7.0,1.0,6.0,1.0,87.0,728.0,180.0,226.0
Franklin-376911,698.0,1.0,23.0,465.0,316.0,1.0,6.0,132.0,0.0,0.0,0.0,0.0,0.0,0.0,0.0,0.0,0.0,0.0,0.0,0.0,3.0,0.0,61.0,0.0,0.0,0.0,5.0,0.0,5.0,0.0,85.0,1187.0,159.0,455.0
Franklin-376912,405.0,3.0,17.0,508.0,184.0,1.0,3.0,91.0,0.0,0.0,0.0,0.0,0.0,0.0,0.0,0.0,0.0,0.0,0.0,0.0,5.0,1.0,78.0,0.0,0.0,1.0,7.0,0.0,4.0,0.0,104.0,933.0,200.0,279.0
Franklin-376913,429.0,6.0,32.0,879.0,169.0,0.0,11.0,132.0,0.0,0.0,0.0,0.0,0.0,0.0,0.0,0.0,0.0,0.0,0.0,1.0,3.0,0.0,174.0,0.0,0.0,1.0,23.0,0.0,13.0,0.0,171.0,1346.0,386.0,312.0
Franklin-376914,969.0,13.0,110.0,1887.0,341.0,0.0,8.0,231.0,0.0,0.0,0.0,1.0,0.0,0.0,0.0,0.0,0.0,0.0,0.0,0.0,7.0,1.0,422.0,2.0,0.0,2.0,55.0,2.0,48.0,0.0,346.0,2979.0,885.0,580.0
Franklin-376915,1321.0,2.0,51.0,605.0,527.0,2.0,12.0,166.0,0.0,0.0,0.0,3.0,0.0,0.0,1.0,0.0,0.0,0.0,0.0,2.0,5.0,0.0,138.0,0.0,0.0,3.0,17.0,0.0,8.0,0.0,107.0,1979.0,280.0,707.0
Franklin-376916,878.0,2.0,30.0,561.0,424.0,2.0,17.0,198.0,0.0,0.0,0.0,0.0,0.0,0.0,0.0,1.0,0.0,0.0,0.0,1.0,3.0,0.0,93.0,0.0,0.0,3.0,18.0,0.0,6.0,1.0,77.0,1471.0,202.0,641.0
Franklin-376917,779.0,6.0,86.0,1585.0,244.0,1.0,6.0,172.0,0.0,0.0,0.0,0.0,0.0,0.0,1.0,0.0,0.0,0.0,0.0,1.0,5.0,0.0,369.0,0.0,1.0,1.0,46.0,1.0,30.0,0.0,243.0,2456.0,697.0,423.0
Franklin-376918,636.0,3.0,65.0,1227.0,188.0,3.0,5.0,163.0,0.0,0.0,0.0,5.0,0.0,0.0,0.0,1.0,0.0,0.0,0.0,1.0,2.0,0.0,348.0,0.0,0.0,3.0,55.0,1.0,36.0,0.0,216.0,1931.0,662.0,359.0
Franklin-376919,1309.0,6.0,88.0,2038.0,338.0,0.0,7.0,226.0,0.0,0.0,0.0,2.0,0.0,1.0,0.0,1.0,0.0,0.0,0.0,3.0,7.0,1.0,520.0,1.0,0.0,2.0,91.0,5.0,56.0,0.0,344.0,3441.0,1030.0,571.0
Gaston-377101,97.0,1.0,14.0,101.0,49.0,0.0,2.0,50.0,0.0,0.0,0.0,1.0,0.0,0.0,0.0,0.0,0.0,0.0,0.0,0.0,1.0,0.0,44.0,0.0,0.0,2.0,23.0,0.0,14.0,0.0,36.0,213.0,120.0,101.0
Gaston-377102,245.0,2.0,15.0,176.0,112.0,1.0,0.0,87.0,0.0,0.0,0.0,1.0,0.0,0.0,0.0,0.0,0.0,0.0,0.0,2.0,1.0,0.0,63.0,0.0,0.0,0.0,17.0,2.0,8.0,0.0,72.0,438.0,165.0,200.0
Gaston-377103,257.0,3.0,13.0,119.0,81.0,1.0,0.0,62.0,0.0,0.0,0.0,2.0,0.0,0.0,0.0,0.0,0.0,0.0,1.0,0.0,2.0,0.0,28.0,0.0,0.0,0.0,5.0,1.0,6.0,0.0,40.0,392.0,82.0,144.0
Gaston-377104,267.0,0.0,24.0,619.0,191.0,1.0,3.0,112.0,0.0,0.0,0.0,0.0,0.0,0.0,0.0,0.0,0.0,0.0,0.0,1.0,6.0,2.0,217.0,0.0,0.0,1.0,19.0,1.0,27.0,1.0,249.0,910.0,524.0,307.0
Gaston-377105,235.0,3.0,9.0,110.0,111.0,0.0,4.0,47.0,0.0,0.0,0.0,1.0,0.0,0.0,0.0,0.0,0.0,0.0,0.0,0.0,0.0,0.0,42.0,0.0,0.0,0.0,1.0,1.0,1.0,0.0,26.0,357.0,71.0,162.0
Gaston-377106,243.0,1.0,7.0,85.0,120.0,0.0,0.0,31.0,0.0,0.0,0.0,0.0,0.0,0.0,0.0,0.0,0.0,0.0,0.0,0.0,1.0,0.0,15.0,0.0,1.0,0.0,0.0,0.0,1.0,0.0,27.0,336.0,45.0,151.0
Gaston-377107,216.0,0.0,1.0,12.0,111.0,1.0,1.0,22.0,0.0,0.0,0.0,0.0,0.0,0.0,0.0,0.0,0.0,0.0,0.0,0.0,0.0,0.0,4.0,0.0,0.0,0.0,0.0,1.0,0.0,0.0,2.0,229.0,7.0,135.0
Gaston-377108,196.0,0.0,7.0,107.0,103.0,1.0,3.0,52.0,0.0,0.0,0.0,0.0,0.0,0.0,0.0,0.0,0.0,0.0,0.0,0.0,2.0,0.0,28.0,0.0,0.0,1.0,4.0,0.0,5.0,0.0,37.0,310.0,77.0,159.0
Gaston-377109,155.0,0.0,13.0,149.0,63.0,0.0,2.0,68.0,0.0,0.0,0.0,0.0,0.0,0.0,0.0,0.0,0.0,0.0,0.0,2.0,3.0,2.0,65.0,0.0,0.0,0.0,24.0,0.0,12.0,0.0,73.0,317.0,181.0,133.0
Gaston-377110,162.0,0.0,16.0,202.0,133.0,3.0,6.0,90.0,0.0,0.0,0.0,1.0,0.0,0.0,0.0,0.0,0.0,0.0,0.0,1.0,8.0,0.0,132.0,0.0,0.0,1.0,43.0,0.0,30.0,1.0,110.0,380.0,326.0,232.0
Gaston-377111,172.0,0.0,14.0,123.0,80.0,0.0,1.0,45.0,0.0,0.0,0.0,0.0,0.0,0.0,0.0,0.0,0.0,0.0,0.0,1.0,2.0,0.0,33.0,0.0,0.0,2.0,7.0,1.0,5.0,0.0,55.0,309.0,106.0,126.0
Gaston-377112,165.0,1.0,25.0,361.0,78.0,1.0,4.0,101.0,0.0,1.0,0.0,0.0,0.0,0.0,0.0,0.0,0.0,0.0,0.0,0.0,4.0,0.0,137.0,0.0,0.0,1.0,18.0,1.0,12.0,0.0,148.0,552.0,321.0,184.0
Gaston-377113,174.0,1.0,19.0,440.0,89.0,1.0,6.0,70.0,0.0,0.0,0.0,0.0,1.0,0.0,0.0,0.0,0.0,0.0,0.0,1.0,6.0,0.0,102.0,0.0,1.0,3.0,9.0,1.0,15.0,0.0,150.0,634.0,288.0,166.0
Gaston-377114,64.0,1.0,19.0,163.0,52.0,0.0,2.0,60.0,0.0,0.0,0.0,0.0,0.0,0.0,0.0,0.0,0.0,0.0,0.0,0.0,2.0,0.0,73.0,0.0,0.0,1.0,28.0,0.0,19.0,0.0,99.0,247.0,222.0,114.0
Gaston-377115,299.0,4.0,46.0,550.0,257.0,0.0,6.0,178.0,0.0,0.0,0.0,2.0,0.0,0.0,0.0,0.0,0.0,0.0,0.0,1.0,6.0,1.0,355.0,0.0,0.0,1.0,105.0,1.0,67.0,0.0,340.0,899.0,877.0,441.0
Gaston-377116,155.0,0.0,38.0,421.0,141.0,1.0,5.0,91.0,0.0,0.0,1.0,1.0,0.0,0.0,0.0,0.0,0.0,0.0,0.0,0.0,3.0,0.0,256.0,1.0,0.0,1.0,111.0,2.0,42.0,0.0,242.0,614.0,658.0,238.0
Gaston-377117,215.0,1.0,25.0,323.0,155.0,0.0,3.0,122.0,0.0,0.0,0.0,0.0,0.0,0.0,0.0,0.0,0.0,0.0,1.0,1.0,2.0,0.0,251.0,1.0,0.0,1.0,75.0,1.0,45.0,0.0,231.0,564.0,608.0,280.0
Gaston-377118,384.0,10.0,41.0,485.0,261.0,0.0,1.0,192.0,0.0,0.0,0.0,1.0,0.0,0.0,0.0,0.0,0.0,0.0,0.0,2.0,8.0,1.0,292.0,0.0,0.0,1.0,73.0,0.0,54.0,0.0,255.0,920.0,686.0,454.0
Gaston-377119,197.0,2.0,31.0,482.0,122.0,1.0,2.0,114.0,0.0,0.0,0.0,0.0,0.0,0.0,0.0,0.0,0.0,0.0,0.0,0.0,6.0,0.0,184.0,0.0,0.0,2.0,18.0,2.0,20.0,0.0,249.0,712.0,481.0,239.0
Gaston-377120,146.0,5.0,15.0,492.0,78.0,4.0,4.0,80.0,0.0,0.0,0.0,1.0,0.0,0.0,0.0,0.0,0.0,0.0,0.0,0.0,3.0,1.0,168.0,0.0,0.0,4.0,17.0,1.0,11.0,0.0,251.0,658.0,456.0,166.0
Gaston-377121,171.0,2.0,14.0,293.0,87.0,0.0,3.0,67.0,0.0,0.0,0.0,0.0,0.0,0.0,0.0,0.0,0.0,0.0,0.0,1.0,1.0,0.0,63.0,0.0,0.0,0.0,6.0,0.0,7.0,0.0,108.0,480.0,186.0,157.0
Gaston-377122,155.0,2.0,17.0,613.0,129.0,2.0,4.0,111.0,0.0,0.0,0.0,1.0,0.0,0.0,0.0,0.0,0.0,0.0,1.0,3.0,4.0,1.0,257.0,0.0,0.0,1.0,37.0,0.0,24.0,0.0,265.0,787.0,592.0,246.0
Gaston-377123,279.0,1.0,38.0,565.0,154.0,0.0,3.0,141.0,0.0,0.0,0.0,0.0,0.0,0.0,1.0,0.0,0.0,0.0,0.0,1.0,2.0,1.0,162.0,1.0,0.0,2.0,80.0,0.0,39.0,0.0,191.0,883.0,479.0,298.0
Gaston-377124,215.0,1.0,45.0,412.0,123.0,0.0,4.0,109.0,0.0,0.0,0.0,1.0,0.0,0.0,0.0,0.0,0.0,0.0,0.0,2.0,2.0,0.0,118.0,0.0,0.0,1.0,33.0,0.0,25.0,0.0,162.0,673.0,343.0,236.0
Gaston-377125,101.0,1.0,19.0,337.0,49.0,0.0,4.0,69.0,0.0,0.0,0.0,1.0,0.0,0.0,0.0,0.0,0.0,0.0,1.0,1.0,1.0,0.0,115.0,0.0,0.0,1.0,19.0,2.0,25.0,0.0,125.0,458.0,289.0,122.0
Gaston-377126,165.0,2.0,16.0,349.0,78.0,0.0,0.0,81.0,0.0,0.0,0.0,1.0,0.0,0.0,0.0,0.0,0.0,0.0,0.0,2.0,5.0,0.0,133.0,0.0,0.0,0.0,20.0,2.0,15.0,1.0,160.0,532.0,338.0,159.0
Gaston-377127,241.0,1.0,45.0,692.0,160.0,3.0,3.0,137.0,0.0,0.0,0.0,3.0,0.0,0.0,0.0,0.0,0.0,0.0,0.0,4.0,8.0,0.0,286.0,0.0,0.0,1.0,106.0,0.0,64.0,0.0,288.0,979.0,757.0,303.0
Gaston-377128,225.0,2.0,49.0,609.0,115.0,1.0,1.0,132.0,0.0,0.0,0.0,2.0,0.0,1.0,0.0,0.0,0.0,0.0,0.0,3.0,9.0,0.0,225.0,1.0,0.0,0.0,85.0,1.0,62.0,1.0,303.0,885.0,690.0,249.0
Gaston-377129,134.0,1.0,36.0,565.0,98.0,1.0,3.0,106.0,0.0,1.0,0.0,2.0,0.0,0.0,0.0,1.0,0.0,0.0,0.0,4.0,6.0,1.0,281.0,0.0,0.0,3.0,59.0,2.0,41.0,0.0,277.0,736.0,674.0,208.0
Gaston-377130,137.0,1.0,19.0,379.0,57.0,0.0,4.0,74.0,0.0,0.0,0.0,0.0,0.0,0.0,0.0,0.0,0.0,0.0,0.0,1.0,2.0,0.0,84.0,0.0,0.0,0.0,18.0,1.0,23.0,0.0,127.0,536.0,256.0,135.0
Gaston-377131,114.0,2.0,18.0,488.0,95.0,0.0,4.0,82.0,0.0,0.0,0.0,1.0,0.0,0.0,0.0,0.0,0.0,0.0,0.0,0.0,7.0,0.0,186.0,0.0,0.0,1.0,43.0,2.0,24.0,0.0,260.0,622.0,523.0,181.0
Gaston-377132,158.0,3.0,23.0,545.0,98.0,0.0,1.0,86.0,0.0,0.0,0.0,0.0,0.0,0.0,0.0,0.0,0.0,0.0,0.0,2.0,6.0,1.0,134.0,0.0,0.0,0.0,19.0,1.0,39.0,0.0,195.0,729.0,397.0,185.0
Gaston-377133,55.0,0.0,15.0,271.0,31.0,0.0,4.0,41.0,0.0,0.0,0.0,0.0,0.0,0.0,0.0,0.0,0.0,0.0,0.0,2.0,1.0,0.0,108.0,0.0,0.0,0.0,6.0,0.0,4.0,0.0,134.0,341.0,255.0,76.0
Gaston-377134,72.0,0.0,13.0,394.0,53.0,0.0,3.0,53.0,0.0,0.0,0.0,0.0,0.0,0.0,0.0,0.0,0.0,0.0,0.0,0.0,2.0,0.0,117.0,0.0,0.0,0.0,13.0,1.0,15.0,1.0,186.0,479.0,335.0,109.0
Gaston-377135,84.0,0.0,5.0,249.0,60.0,5.0,1.0,48.0,0.0,0.0,0.0,0.0,0.0,0.0,0.0,0.0,0.0,0.0,0.0,2.0,3.0,1.0,92.0,0.0,0.0,1.0,17.0,0.0,14.0,1.0,126.0,338.0,257.0,114.0
Gaston-377136,97.0,2.0,17.0,444.0,115.0,1.0,6.0,117.0,0.0,0.0,0.0,0.0,0.0,0.0,0.0,0.0,0.0,0.0,0.0,1.0,8.0,0.0,186.0,1.0,0.0,3.0,25.0,0.0,19.0,0.0,277.0,560.0,520.0,239.0
Gaston-377137,96.0,1.0,12.0,270.0,77.0,0.0,4.0,39.0,0.0,0.0,0.0,0.0,0.0,0.0,0.0,0.0,0.0,0.0,0.0,0.0,1.0,1.0,80.0,0.0,0.0,0.0,17.0,0.0,8.0,0.0,123.0,379.0,230.0,120.0
Gaston-377138,55.0,0.0,16.0,357.0,41.0,4.0,4.0,65.0,0.0,0.0,0.0,0.0,0.0,0.0,0.0,0.0,0.0,0.0,0.0,0.0,3.0,0.0,176.0,0.0,0.0,1.0,21.0,0.0,11.0,0.0,199.0,428.0,411.0,114.0
Gaston-377139,89.0,3.0,27.0,665.0,53.0,1.0,8.0,68.0,0.0,0.0,0.0,1.0,0.0,0.0,0.0,0.0,0.0,0.0,0.0,2.0,8.0,1.0,231.0,0.0,0.0,3.0,22.0,0.0,20.0,0.0,233.0,784.0,520.0,130.0
Gaston-377140,179.0,3.0,20.0,349.0,134.0,1.0,1.0,92.0,0.0,0.0,0.0,0.0,0.0,0.0,0.0,0.0,0.0,0.0,0.0,1.0,5.0,0.0,161.0,0.0,0.0,1.0,18.0,0.0,15.0,0.0,156.0,551.0,357.0,228.0
Gaston-377141,101.0,2.0,23.0,297.0,52.0,0.0,3.0,96.0,0.0,1.0,0.0,0.0,0.0,0.0,0.0,0.0,0.0,0.0,0.0,1.0,2.0,1.0,112.0,0.0,0.0,2.0,19.0,0.0,20.0,0.0,184.0,423.0,341.0,151.0
Gaston-377142,136.0,1.0,19.0,505.0,74.0,0.0,1.0,56.0,0.0,0.0,0.0,0.0,0.0,0.0,0.0,0.0,0.0,0.0,0.0,0.0,3.0,0.0,173.0,0.0,0.0,1.0,59.0,2.0,29.0,0.0,186.0,661.0,453.0,131.0
Gaston-377143,170.0,2.0,36.0,559.0,136.0,0.0,4.0,127.0,0.0,0.0,0.0,1.0,0.0,0.0,0.0,0.0,0.0,0.0,0.0,0.0,7.0,0.0,221.0,0.0,0.0,1.0,30.0,2.0,39.0,0.0,246.0,767.0,546.0,267.0
Gaston-377144,225.0,1.0,39.0,606.0,169.0,0.0,4.0,130.0,0.0,0.0,0.0,1.0,0.0,0.0,0.0,0.0,0.0,0.0,0.0,3.0,5.0,0.0,278.0,0.0,0.0,4.0,64.0,1.0,50.0,0.0,303.0,871.0,708.0,303.0
Gaston-377145,223.0,2.0,36.0,307.0,126.0,2.0,3.0,105.0,0.0,0.0,0.0,1.0,1.0,0.0,0.0,0.0,0.0,0.0,0.0,0.0,1.0,0.0,122.0,1.0,0.0,1.0,31.0,2.0,41.0,0.0,171.0,568.0,370.0,236.0
Gaston-377146,200.0,3.0,23.0,457.0,106.0,0.0,2.0,115.0,0.0,0.0,0.0,1.0,0.0,0.0,0.0,0.0,0.0,0.0,0.0,1.0,6.0,0.0,205.0,0.0,0.0,1.0,33.0,0.0,42.0,0.0,314.0,683.0,602.0,223.0
Gaston-3771ABSENTEE,975.0,6.0,101.0,2351.0,96.0,1.0,9.0,75.0,0.0,0.0,0.0,0.0,0.0,0.0,0.0,0.0,0.0,0.0,0.0,3.0,5.0,1.0,123.0,0.0,0.0,1.0,32.0,0.0,65.0,0.0,136.0,3433.0,366.0,181.0
Gaston-3771OS-BOE,10630.0,0.0,347.0,10463.0,1585.0,5.0,23.0,622.0,0.0,1.0,0.0,3.0,0.0,1.0,0.0,0.0,0.0,0.0,1.0,9.0,23.0,1.0,755.0,5.0,0.0,7.0,209.0,3.0,207.0,1.0,1222.0,21440.0,2442.0,2235.0
Gaston-3771OS-CHERRYVILLE,575.0,0.0,52.0,2520.0,0.0,0.0,0.0,0.0,0.0,0.0,0.0,0.0,0.0,0.0,0.0,0.0,0.0,0.0,0.0,0.0,0.0,0.0,0.0,0.0,0.0,0.0,0.0,0.0,0.0,0.0,0.0,3147.0,0.0,0.0
Gaston-3771OS-DALLAS,1888.0,11.0,146.0,8513.0,312.0,2.0,21.0,269.0,0.0,0.0,0.0,0.0,0.0,0.0,0.0,1.0,0.0,0.0,0.0,9.0,21.0,4.0,575.0,3.0,1.0,2.0,83.0,2.0,107.0,0.0,863.0,10558.0,1670.0,604.0
Gaston-3771OS-FBC GASTONIA,1710.0,7.0,154.0,5252.0,0.0,0.0,0.0,0.0,0.0,0.0,0.0,0.0,0.0,0.0,0.0,0.0,0.0,0.0,0.0,0.0,0.0,0.0,0.0,0.0,0.0,0.0,0.0,0.0,0.0,0.0,0.0,7123.0,0.0,0.0
Gaston-3771OS-LIB,0.0,0.0,0.0,0.0,500.0,1.0,12.0,442.0,0.0,0.0,0.0,1.0,0.0,0.0,0.0,0.0,1.0,0.0,0.0,2.0,23.0,1.0,483.0,2.0,0.0,9.0,174.0,3.0,166.0,0.0,614.0,0.0,1477.0,955.0
Gaston-3771OS-LIBRARY,3428.0,15.0,246.0,5157.0,0.0,0.0,0.0,0.0,0.0,0.0,0.0,0.0,0.0,0.0,0.0,0.0,0.0,0.0,0.0,0.0,0.0,0.0,0.0,0.0,0.0,0.0,0.0,0.0,0.0,0.0,0.0,8846.0,0.0,0.0
Gaston-3771OS-MOUNT HOLLY,3908.0,23.0,355.0,10185.0,369.0,3.0,8.0,326.0,0.0,0.0,0.0,3.0,0.0,0.0,0.0,0.0,0.0,0.0,0.0,3.0,17.0,0.0,640.0,1.0,0.0,2.0,138.0,4.0,142.0,2.0,719.0,14471.0,1668.0,706.0
Gates-37731,173.0,0.0,10.0,219.0,192.0,2.0,2.0,81.0,0.0,0.0,1.0,0.0,0.0,0.0,0.0,0.0,1.0,0.0,0.0,1.0,1.0,0.0,40.0,0.0,0.0,0.0,5.0,0.0,8.0,0.0,40.0,402.0,95.0,277.0
Gates-37732,97.0,0.0,6.0,340.0,56.0,2.0,2.0,64.0,0.0,0.0,0.0,0.0,0.0,0.0,0.0,0.0,0.0,0.0,0.0,1.0,6.0,0.0,44.0,0.0,0.0,1.0,6.0,0.0,8.0,0.0,39.0,443.0,105.0,124.0
Gates-37733,288.0,0.0,14.0,350.0,204.0,1.0,3.0,68.0,0.0,0.0,0.0,0.0,0.0,0.0,0.0,0.0,0.0,0.0,0.0,0.0,1.0,0.0,44.0,0.0,0.0,0.0,6.0,0.0,11.0,0.0,101.0,652.0,163.0,276.0
Gates-37734N,171.0,0.0,17.0,392.0,71.0,1.0,2.0,46.0,0.0,0.0,0.0,0.0,0.0,0.0,0.0,0.0,0.0,0.0,0.0,0.0,1.0,0.0,55.0,0.0,0.0,1.0,5.0,0.0,12.0,0.0,122.0,580.0,196.0,120.0
Gates-37734S,157.0,0.0,7.0,164.0,148.0,1.0,6.0,41.0,0.0,0.0,0.0,1.0,0.0,0.0,0.0,0.0,0.0,0.0,0.0,0.0,3.0,0.0,23.0,0.0,0.0,2.0,7.0,0.0,2.0,0.0,41.0,328.0,78.0,196.0
Gates-37735,142.0,0.0,7.0,318.0,64.0,1.0,6.0,47.0,0.0,0.0,0.0,0.0,0.0,0.0,0.0,0.0,0.0,0.0,0.0,0.0,2.0,1.0,46.0,0.0,0.0,0.0,4.0,0.0,3.0,0.0,39.0,467.0,95.0,118.0
Gates-3773ABSENTEE,54.0,0.0,4.0,54.0,0.0,0.0,0.0,0.0,0.0,0.0,0.0,0.0,0.0,0.0,0.0,0.0,0.0,0.0,0.0,0.0,0.0,0.0,0.0,0.0,0.0,0.0,0.0,0.0,0.0,0.0,0.0,112.0,0.0,0.0
Gates-3773ONE STOP 1,982.0,0.0,34.0,784.0,0.0,0.0,0.0,0.0,0.0,0.0,0.0,0.0,0.0,0.0,0.0,0.0,0.0,0.0,0.0,0.0,0.0,0.0,0.0,0.0,0.0,0.0,0.0,0.0,0.0,0.0,0.0,1800.0,0.0,0.0
Gates-3773ONE STOP 2,310.0,0.0,7.0,234.0,0.0,0.0,0.0,0.0,0.0,0.0,0.0,0.0,0.0,0.0,0.0,0.0,0.0,0.0,0.0,0.0,0.0,0.0,0.0,0.0,0.0,0.0,0.0,0.0,0.0,0.0,0.0,551.0,0.0,0.0
Graham-3775EAST,322.0,0.0,28.0,1297.0,150.0,2.0,12.0,124.0,0.0,1.0,0.0,1.0,0.0,0.0,0.0,0.0,0.0,0.0,0.0,2.0,7.0,0.0,213.0,0.0,0.0,3.0,31.0,0.0,33.0,1.0,335.0,1647.0,625.0,288.0
Graham-3775STEC,146.0,0.0,18.0,607.0,56.0,0.0,3.0,53.0,0.0,0.0,0.0,2.0,0.0,0.0,0.0,0.0,0.0,0.0,0.0,1.0,3.0,1.0,135.0,1.0,0.0,3.0,38.0,0.0,31.0,0.0,170.0,771.0,383.0,112.0
Graham-3775TAPO,37.0,0.0,7.0,283.0,11.0,1.0,0.0,17.0,0.0,0.0,0.0,0.0,0.0,0.0,0.0,0.0,0.0,0.0,0.0,0.0,1.0,0.0,43.0,0.0,0.0,2.0,6.0,0.0,11.0,0.0,91.0,327.0,154.0,29.0
Graham-3775WEST,263.0,0.0,21.0,1096.0,104.0,3.0,6.0,103.0,0.0,0.0,1.0,0.0,0.0,0.0,0.0,0.0,0.0,0.0,0.0,1.0,3.0,1.0,149.0,0.0,0.0,5.0,29.0,1.0,26.0,0.0,262.0,1380.0,477.0,216.0
Granville-3777ANTI,586.0,0.0,10.0,272.0,309.0,0.0,1.0,98.0,0.0,0.0,0.0,0.0,0.0,0.0,0.0,0.0,0.0,0.0,0.0,0.0,2.0,0.0,40.0,0.0,0.0,0.0,4.0,0.0,10.0,0.0,50.0,868.0,106.0,408.0
Granville-3777BERE,495.0,2.0,17.0,628.0,212.0,1.0,12.0,147.0,0.0,0.0,0.0,2.0,0.0,0.0,0.0,0.0,0.0,0.0,0.0,0.0,0.0,0.0,84.0,0.0,0.0,1.0,8.0,0.0,5.0,0.0,127.0,1142.0,225.0,372.0
Granville-3777BTNR,1111.0,1.0,46.0,866.0,388.0,5.0,16.0,233.0,0.0,1.0,0.0,0.0,0.0,0.0,0.0,0.0,0.0,0.0,0.0,0.0,2.0,0.0,143.0,0.0,0.0,4.0,14.0,0.0,16.0,1.0,155.0,2024.0,335.0,642.0
Granville-3777CORI,701.0,0.0,26.0,825.0,275.0,2.0,10.0,189.0,0.0,0.0,0.0,0.0,0.0,0.0,0.0,0.0,0.0,0.0,1.0,1.0,2.0,1.0,97.0,0.0,0.0,2.0,15.0,1.0,14.0,0.0,108.0,1552.0,241.0,476.0
Granville-3777CRDL,912.0,2.0,26.0,427.0,389.0,1.0,14.0,130.0,0.0,0.0,0.0,0.0,0.0,0.0,0.0,0.0,0.0,0.0,0.0,1.0,1.0,0.0,62.0,0.0,0.0,0.0,10.0,0.0,10.0,0.0,74.0,1367.0,158.0,534.0
Granville-3777CRDM,1655.0,7.0,80.0,1599.0,491.0,1.0,11.0,349.0,0.0,0.0,1.0,2.0,0.0,0.0,0.0,0.0,0.0,0.0,1.0,1.0,12.0,0.0,293.0,0.0,0.0,1.0,35.0,3.0,36.0,0.0,232.0,3341.0,613.0,852.0
Granville-3777EAOX,1029.0,1.0,17.0,411.0,431.0,2.0,7.0,181.0,0.0,0.0,0.0,2.0,0.0,0.0,0.0,1.0,0.0,0.0,1.0,5.0,1.0,0.0,52.0,0.0,0.0,0.0,16.0,0.0,13.0,0.0,88.0,1458.0,175.0,621.0
Granville-3777MTEN,1225.0,6.0,91.0,1790.0,381.0,3.0,8.0,270.0,0.0,0.0,0.0,1.0,0.0,0.0,0.0,0.0,0.0,0.0,1.0,1.0,4.0,0.0,312.0,0.0,0.0,1.0,51.0,1.0,34.0,0.0,302.0,3112.0,706.0,662.0
Granville-3777OKHL,428.0,0.0,14.0,453.0,201.0,1.0,7.0,99.0,0.0,0.0,0.0,0.0,0.0,0.0,0.0,0.0,0.0,0.0,0.0,0.0,3.0,0.0,38.0,0.0,0.0,0.0,6.0,0.0,6.0,1.0,63.0,895.0,117.0,308.0
Granville-3777SALM,638.0,1.0,23.0,678.0,228.0,5.0,7.0,150.0,0.0,0.0,0.0,0.0,0.0,0.0,0.0,0.0,0.0,0.0,0.0,0.0,4.0,0.0,76.0,1.0,0.0,0.0,21.0,1.0,17.0,0.0,103.0,1340.0,223.0,390.0
Granville-3777SASS,559.0,2.0,23.0,747.0,233.0,2.0,8.0,134.0,0.0,0.0,0.0,1.0,0.0,0.0,0.0,0.0,0.0,0.0,0.0,0.0,1.0,1.0,75.0,0.0,0.0,1.0,17.0,0.0,11.0,1.0,121.0,1331.0,228.0,377.0
Granville-3777SOOX,854.0,3.0,11.0,206.0,306.0,1.0,4.0,128.0,0.0,0.0,0.0,0.0,0.0,0.0,0.0,0.0,0.0,0.0,0.0,0.0,3.0,0.0,23.0,0.0,0.0,0.0,10.0,1.0,13.0,0.0,47.0,1074.0,97.0,439.0
Granville-3777TYHO,869.0,4.0,76.0,1878.0,261.0,10.0,11.0,242.0,0.0,0.0,0.0,2.0,0.0,0.0,0.0,0.0,0.0,0.0,0.0,2.0,7.0,0.0,283.0,0.0,1.0,0.0,29.0,0.0,20.0,0.0,305.0,2827.0,647.0,524.0
Granville-3777WILT,1136.0,13.0,124.0,2463.0,316.0,2.0,11.0,278.0,0.0,0.0,0.0,3.0,0.0,0.0,0.0,0.0,0.0,0.0,0.0,3.0,13.0,1.0,588.0,1.0,1.0,1.0,81.0,1.0,50.0,1.0,416.0,3736.0,1157.0,607.0
Granville-3777WOEL,711.0,0.0,12.0,348.0,300.0,1.0,7.0,100.0,0.0,0.0,0.0,1.0,0.0,0.0,0.0,0.0,0.0,0.0,0.0,1.0,1.0,1.0,32.0,0.0,0.0,1.0,5.0,1.0,4.0,0.0,41.0,1071.0,87.0,408.0
Greene-3779ABSENTEE,279.0,0.0,4.0,63.0,148.0,0.0,0.0,12.0,0.0,0.0,0.0,0.0,0.0,0.0,0.0,0.0,0.0,0.0,0.0,0.0,0.0,0.0,4.0,0.0,0.0,0.0,1.0,0.0,2.0,0.0,6.0,346.0,13.0,160.0
Greene-3779ARBA,113.0,0.0,0.0,143.0,84.0,1.0,3.0,67.0,0.0,0.0,0.0,0.0,0.0,0.0,0.0,0.0,0.0,0.0,0.0,0.0,0.0,1.0,32.0,0.0,0.0,0.0,5.0,0.0,1.0,0.0,38.0,256.0,77.0,155.0
Greene-3779BEAR,54.0,1.0,2.0,140.0,57.0,2.0,4.0,46.0,0.0,0.0,0.0,0.0,0.0,0.0,0.0,0.0,0.0,0.0,0.0,0.0,1.0,0.0,31.0,0.0,0.0,0.0,2.0,0.0,1.0,0.0,26.0,197.0,61.0,109.0
Greene-3779BULL,108.0,0.0,3.0,136.0,77.0,2.0,2.0,48.0,0.0,0.0,0.0,0.0,0.0,0.0,0.0,0.0,0.0,0.0,0.0,0.0,0.0,0.0,17.0,1.0,0.0,0.0,5.0,0.0,1.0,0.0,31.0,247.0,55.0,129.0
Greene-3779CAST,69.0,0.0,1.0,237.0,40.0,1.0,2.0,40.0,0.0,0.0,0.0,0.0,0.0,0.0,0.0,0.0,0.0,0.0,0.0,0.0,0.0,0.0,71.0,0.0,0.0,2.0,2.0,0.0,1.0,0.0,48.0,307.0,124.0,83.0
Greene-3779HOOK,93.0,0.0,3.0,171.0,54.0,1.0,4.0,49.0,0.0,0.0,0.0,0.0,0.0,0.0,0.0,0.0,0.0,0.0,0.0,0.0,0.0,0.0,61.0,0.0,0.0,0.0,3.0,0.0,5.0,0.0,40.0,267.0,109.0,108.0
Greene-3779MAUR,200.0,0.0,5.0,304.0,143.0,3.0,9.0,90.0,0.0,0.0,0.0,0.0,0.0,0.0,0.0,0.0,0.0,0.0,0.0,0.0,0.0,0.0,103.0,0.0,0.0,0.0,7.0,0.0,5.0,0.0,66.0,509.0,181.0,245.0
Greene-3779ONE STOP,2227.0,3.0,45.0,2341.0,707.0,2.0,20.0,213.0,0.0,0.0,0.0,0.0,0.0,0.0,0.0,0.0,0.0,0.0,0.0,0.0,0.0,0.0,151.0,0.0,0.0,1.0,10.0,0.0,13.0,0.0,170.0,4616.0,345.0,942.0
Greene-3779SH#1,86.0,0.0,7.0,173.0,91.0,1.0,5.0,70.0,0.0,0.0,0.0,1.0,0.0,0.0,0.0,0.0,0.0,0.0,0.0,0.0,1.0,0.0,66.0,1.0,0.0,0.0,8.0,0.0,7.0,0.0,32.0,266.0,115.0,167.0
Greene-3779SHIN,100.0,0.0,10.0,279.0,79.0,1.0,5.0,78.0,0.0,0.0,0.0,1.0,0.0,0.0,0.0,0.0,0.0,0.0,0.0,0.0,3.0,0.0,56.0,0.0,0.0,0.0,10.0,0.0,5.0,0.0,55.0,389.0,129.0,163.0
Greene-3779SUGG,96.0,0.0,2.0,157.0,66.0,2.0,4.0,48.0,0.0,0.0,0.0,0.0,0.0,0.0,0.0,0.0,0.0,0.0,0.0,1.0,0.0,0.0,46.0,0.0,0.0,1.0,5.0,0.0,3.0,1.0,39.0,255.0,96.0,120.0
Greene-3779WALS,152.0,0.0,3.0,216.0,109.0,3.0,4.0,61.0,0.0,0.0,0.0,0.0,0.0,0.0,0.0,0.0,0.0,0.0,0.0,0.0,0.0,1.0,37.0,1.0,0.0,0.0,6.0,0.0,3.0,0.0,53.0,371.0,101.0,177.0
Guilford-3781ABS/CURB/PROV 1,0.0,0.0,0.0,0.0,763.0,3.0,12.0,549.0,0.0,0.0,0.0,3.0,0.0,0.0,0.0,0.0,0.0,1.0,1.0,6.0,23.0,4.0,347.0,0.0,0.0,4.0,190.0,3.0,211.0,1.0,463.0,0.0,1252.0,1327.0
Guilford-3781ABS/CURB/PROV 4,70.0,0.0,12.0,78.0,0.0,0.0,0.0,0.0,0.0,0.0,0.0,0.0,0.0,0.0,0.0,0.0,0.0,0.0,0.0,0.0,0.0,0.0,0.0,0.0,0.0,0.0,0.0,0.0,0.0,0.0,0.0,160.0,0.0,0.0
Guilford-3781ABS/PROV/CURB 1,475.0,4.0,27.0,224.0,0.0,0.0,0.0,0.0,0.0,0.0,0.0,0.0,0.0,0.0,0.0,0.0,0.0,0.0,0.0,0.0,0.0,0.0,0.0,0.0,0.0,0.0,0.0,0.0,0.0,0.0,0.0,730.0,0.0,0.0
Guilford-3781ABS/PROV/CURB 2,788.0,3.0,29.0,190.0,0.0,0.0,0.0,0.0,0.0,0.0,0.0,0.0,0.0,0.0,0.0,0.0,0.0,0.0,0.0,0.0,0.0,0.0,0.0,0.0,0.0,0.0,0.0,0.0,0.0,0.0,0.0,1010.0,0.0,0.0
Guilford-3781ABS/PROV/CURB 3,407.0,2.0,18.0,284.0,0.0,0.0,0.0,0.0,0.0,0.0,0.0,0.0,0.0,0.0,0.0,0.0,0.0,0.0,0.0,0.0,0.0,0.0,0.0,0.0,0.0,0.0,0.0,0.0,0.0,0.0,0.0,711.0,0.0,0.0
Guilford-3781CG1,1060.0,8.0,65.0,740.0,256.0,2.0,2.0,218.0,0.0,0.0,0.0,3.0,0.0,0.0,0.0,0.0,0.0,0.0,0.0,1.0,2.0,0.0,175.0,1.0,0.0,2.0,68.0,0.0,60.0,1.0,126.0,1873.0,436.0,478.0
Guilford-3781CG2,815.0,0.0,49.0,687.0,217.0,2.0,0.0,196.0,0.0,0.0,0.0,0.0,0.0,0.0,0.0,0.0,0.0,0.0,0.0,2.0,4.0,0.0,138.0,0.0,0.0,1.0,126.0,1.0,49.0,0.0,128.0,1551.0,449.0,415.0
Guilford-3781CG3A,733.0,3.0,33.0,592.0,223.0,0.0,2.0,158.0,0.0,0.0,0.0,2.0,0.0,0.0,0.0,0.0,0.0,0.0,0.0,0.0,1.0,1.0,119.0,1.0,0.0,1.0,111.0,0.0,52.0,0.0,130.0,1361.0,416.0,383.0
Guilford-3781CG3B,1165.0,5.0,68.0,837.0,382.0,0.0,3.0,201.0,0.0,0.0,0.0,0.0,0.0,0.0,0.0,1.0,0.0,0.0,0.0,1.0,4.0,1.0,194.0,2.0,0.0,0.0,142.0,0.0,68.0,1.0,192.0,2075.0,605.0,586.0
Guilford-3781FEN1,1940.0,6.0,54.0,768.0,660.0,0.0,1.0,326.0,0.0,0.0,0.0,0.0,0.0,0.0,0.0,0.0,0.0,0.0,0.0,1.0,3.0,1.0,122.0,0.0,0.0,0.0,25.0,0.0,21.0,0.0,128.0,2768.0,301.0,987.0
Guilford-3781FEN2,464.0,6.0,51.0,926.0,160.0,0.0,2.0,100.0,0.0,0.0,1.0,4.0,0.0,0.0,0.0,0.0,0.0,0.0,1.0,1.0,4.0,1.0,215.0,0.0,0.0,1.0,84.0,1.0,40.0,0.0,220.0,1447.0,567.0,262.0
Guilford-3781FR1,1783.0,6.0,78.0,938.0,378.0,2.0,6.0,343.0,0.0,0.0,0.0,1.0,0.0,1.0,0.0,0.0,0.0,0.0,0.0,1.0,6.0,3.0,184.0,0.0,0.0,1.0,59.0,0.0,38.0,0.0,161.0,2805.0,453.0,729.0
Guilford-3781FR2,783.0,3.0,66.0,842.0,236.0,0.0,1.0,155.0,0.0,0.0,0.0,1.0,0.0,0.0,0.0,0.0,0.0,0.0,0.0,2.0,1.0,0.0,210.0,0.0,0.0,0.0,79.0,3.0,46.0,0.0,157.0,1694.0,498.0,392.0
Guilford-3781FR3,625.0,2.0,33.0,567.0,157.0,0.0,4.0,144.0,0.0,0.0,0.0,0.0,0.0,0.0,0.0,0.0,0.0,0.0,0.0,0.0,2.0,0.0,144.0,0.0,0.0,0.0,37.0,1.0,35.0,0.0,113.0,1227.0,332.0,305.0
Guilford-3781FR4,491.0,0.0,33.0,636.0,147.0,0.0,2.0,125.0,0.0,0.0,0.0,0.0,0.0,0.0,0.0,0.0,0.0,0.0,0.0,0.0,1.0,2.0,146.0,0.0,0.0,2.0,78.0,2.0,43.0,0.0,132.0,1160.0,406.0,274.0
Guilford-3781FR5A,697.0,3.0,57.0,761.0,165.0,1.0,1.0,173.0,0.0,0.0,0.0,3.0,0.0,1.0,0.0,0.0,0.0,0.0,0.0,3.0,3.0,0.0,158.0,0.0,0.0,1.0,83.0,1.0,42.0,1.0,144.0,1518.0,436.0,340.0
Guilford-3781FR5B,397.0,0.0,47.0,611.0,91.0,0.0,5.0,114.0,0.0,0.0,0.0,1.0,0.0,0.0,0.0,0.0,0.0,0.0,0.0,1.0,1.0,1.0,131.0,0.0,0.0,0.0,40.0,1.0,25.0,0.0,114.0,1055.0,314.0,210.0
Guilford-3781G01,809.0,5.0,12.0,67.0,119.0,0.0,1.0,192.0,0.0,0.0,0.0,0.0,0.0,0.0,0.0,0.0,0.0,0.0,2.0,0.0,0.0,0.0,6.0,0.0,0.0,0.0,9.0,0.0,4.0,0.0,10.0,893.0,29.0,312.0
Guilford-3781G02,582.0,0.0,18.0,231.0,121.0,0.0,0.0,83.0,0.0,0.0,0.0,0.0,0.0,0.0,0.0,0.0,0.0,0.0,0.0,0.0,2.0,0.0,16.0,0.0,0.0,0.0,8.0,0.0,4.0,0.0,30.0,831.0,60.0,204.0
Guilford-3781G03,1238.0,3.0,18.0,80.0,402.0,1.0,0.0,128.0,0.0,0.0,0.0,0.0,0.0,0.0,1.0,0.0,0.0,0.0,0.0,0.0,0.0,0.0,8.0,0.0,0.0,0.0,0.0,0.0,2.0,1.0,1.0,1339.0,12.0,531.0
Guilford-3781G04,1145.0,5.0,12.0,92.0,322.0,1.0,2.0,87.0,0.0,0.0,0.0,0.0,0.0,0.0,1.0,0.0,0.0,1.0,0.0,1.0,0.0,0.0,10.0,0.0,2.0,0.0,2.0,0.0,6.0,0.0,10.0,1254.0,31.0,412.0
Guilford-3781G05,1022.0,1.0,15.0,54.0,390.0,0.0,0.0,101.0,0.0,0.0,0.0,1.0,0.0,0.0,0.0,0.0,0.0,0.0,0.0,1.0,0.0,0.0,4.0,0.0,0.0,0.0,0.0,0.0,0.0,0.0,4.0,1092.0,9.0,491.0
Guilford-3781G06,1009.0,3.0,12.0,36.0,450.0,0.0,1.0,102.0,0.0,0.0,0.0,1.0,0.0,0.0,0.0,0.0,0.0,0.0,0.0,0.0,1.0,0.0,3.0,0.0,0.0,0.0,0.0,0.0,1.0,0.0,6.0,1060.0,11.0,553.0
Guilford-3781G07,929.0,3.0,26.0,325.0,161.0,0.0,2.0,123.0,0.0,0.0,0.0,0.0,0.0,0.0,0.0,0.0,0.0,0.0,0.0,0.0,3.0,0.0,37.0,0.0,0.0,0.0,2.0,0.0,7.0,0.0,61.0,1283.0,110.0,286.0
Guilford-3781G08,1222.0,3.0,31.0,338.0,309.0,1.0,3.0,187.0,0.0,0.0,0.0,0.0,0.0,0.0,0.0,0.0,0.0,0.0,0.0,0.0,1.0,0.0,47.0,0.0,0.0,2.0,11.0,0.0,10.0,0.0,44.0,1594.0,115.0,500.0
Guilford-3781G09,1618.0,4.0,20.0,298.0,347.0,0.0,2.0,267.0,0.0,0.0,0.0,1.0,0.0,0.0,0.0,0.0,0.0,0.0,0.0,0.0,1.0,0.0,34.0,0.0,0.0,0.0,8.0,1.0,4.0,0.0,35.0,1940.0,83.0,616.0
Guilford-3781G10,1509.0,5.0,33.0,333.0,402.0,1.0,2.0,185.0,0.0,0.0,0.0,1.0,0.0,0.0,0.0,0.0,0.0,0.0,0.0,0.0,1.0,0.0,56.0,0.0,0.0,1.0,4.0,0.0,7.0,0.0,58.0,1880.0,127.0,590.0
Guilford-3781G11,860.0,9.0,42.0,229.0,226.0,0.0,0.0,283.0,0.0,0.0,0.0,3.0,0.0,0.0,0.0,0.0,0.0,0.0,0.0,1.0,1.0,0.0,37.0,0.0,0.0,0.0,49.0,0.0,20.0,0.0,51.0,1140.0,159.0,509.0
Guilford-3781G12,697.0,6.0,28.0,146.0,159.0,3.0,1.0,267.0,0.0,0.0,1.0,0.0,0.0,1.0,0.0,0.0,0.0,0.0,0.0,0.0,2.0,1.0,34.0,0.0,0.0,0.0,33.0,0.0,12.0,0.0,35.0,877.0,117.0,430.0
Guilford-3781G13,789.0,6.0,41.0,307.0,213.0,0.0,2.0,271.0,0.0,0.0,0.0,2.0,0.0,0.0,0.0,0.0,0.0,0.0,1.0,0.0,2.0,0.0,89.0,0.0,0.0,1.0,29.0,2.0,20.0,0.0,46.0,1143.0,189.0,486.0
Guilford-3781G14,693.0,5.0,32.0,235.0,218.0,2.0,3.0,238.0,0.0,0.0,0.0,3.0,0.0,0.0,0.0,0.0,0.0,0.0,0.0,1.0,2.0,0.0,66.0,2.0,0.0,1.0,53.0,3.0,23.0,0.0,50.0,965.0,201.0,461.0
Guilford-3781G15,756.0,12.0,42.0,270.0,195.0,0.0,1.0,294.0,0.0,0.0,0.0,3.0,0.0,0.0,0.0,0.0,0.0,0.0,1.0,1.0,0.0,0.0,77.0,1.0,0.0,1.0,66.0,1.0,21.0,0.0,51.0,1080.0,219.0,490.0
Guilford-3781G16,688.0,4.0,42.0,470.0,238.0,1.0,4.0,200.0,0.0,0.0,0.0,1.0,0.0,0.0,0.0,0.0,0.0,0.0,0.0,3.0,8.0,0.0,114.0,0.0,0.0,1.0,136.0,1.0,32.0,1.0,103.0,1204.0,399.0,443.0
Guilford-3781G17,700.0,4.0,52.0,528.0,204.0,0.0,7.0,205.0,0.0,0.0,0.0,0.0,0.0,0.0,0.0,0.0,0.0,0.0,1.0,2.0,4.0,0.0,121.0,0.0,0.0,0.0,74.0,0.0,32.0,0.0,119.0,1284.0,352.0,416.0
Guilford-3781G18,507.0,1.0,37.0,530.0,143.0,0.0,2.0,115.0,0.0,0.0,0.0,0.0,0.0,0.0,0.0,0.0,0.0,0.0,0.0,5.0,0.0,0.0,93.0,1.0,0.0,1.0,138.0,1.0,38.0,0.0,119.0,1075.0,396.0,260.0
Guilford-3781G19,617.0,5.0,38.0,525.0,173.0,0.0,0.0,133.0,0.0,0.0,0.0,0.0,0.0,0.0,0.0,1.0,0.0,0.0,0.0,1.0,1.0,0.0,71.0,2.0,0.0,0.0,125.0,1.0,38.0,0.0,108.0,1185.0,347.0,306.0
Guilford-3781G20,942.0,6.0,85.0,797.0,234.0,2.0,4.0,229.0,0.0,0.0,0.0,0.0,0.0,0.0,0.0,0.0,0.0,0.0,0.0,6.0,6.0,0.0,166.0,2.0,0.0,2.0,159.0,1.0,44.0,0.0,164.0,1830.0,550.0,469.0
Guilford-3781G21,1404.0,5.0,65.0,986.0,357.0,0.0,6.0,197.0,0.0,0.0,1.0,3.0,0.0,0.0,0.0,0.0,0.0,0.0,0.0,1.0,1.0,0.0,181.0,0.0,0.0,1.0,224.0,2.0,62.0,0.0,181.0,2460.0,653.0,560.0
Guilford-3781G22,642.0,1.0,35.0,730.0,206.0,0.0,3.0,137.0,0.0,0.0,0.0,2.0,0.0,0.0,0.0,0.0,0.0,0.0,0.0,3.0,3.0,1.0,129.0,0.0,0.0,1.0,195.0,0.0,60.0,1.0,168.0,1408.0,561.0,346.0
Guilford-3781G23,621.0,5.0,42.0,387.0,142.0,1.0,2.0,184.0,0.0,0.0,0.0,0.0,0.0,0.0,0.0,0.0,0.0,0.0,0.0,2.0,1.0,0.0,91.0,0.0,0.0,2.0,37.0,0.0,20.0,0.0,90.0,1055.0,243.0,329.0
Guilford-3781G24,662.0,2.0,29.0,230.0,173.0,1.0,2.0,127.0,0.0,0.0,0.0,2.0,0.0,0.0,0.0,0.0,0.0,0.0,0.0,0.0,3.0,0.0,53.0,0.0,0.0,0.0,30.0,2.0,8.0,0.0,45.0,923.0,141.0,303.0
Guilford-3781G25,887.0,6.0,58.0,504.0,191.0,1.0,0.0,185.0,0.0,0.0,0.0,1.0,0.0,0.0,0.0,0.0,0.0,0.0,0.0,2.0,4.0,1.0,128.0,2.0,0.0,0.0,45.0,2.0,45.0,2.0,103.0,1455.0,334.0,377.0
Guilford-3781G26,1738.0,6.0,46.0,485.0,449.0,0.0,3.0,315.0,0.0,1.0,0.0,0.0,0.0,0.0,0.0,0.0,0.0,0.0,1.0,4.0,1.0,1.0,83.0,1.0,0.0,1.0,31.0,1.0,40.0,0.0,75.0,2275.0,238.0,767.0
Guilford-3781G27,1165.0,6.0,89.0,987.0,336.0,1.0,6.0,276.0,0.0,0.0,1.0,1.0,0.0,0.0,0.0,0.0,0.0,0.0,0.0,2.0,4.0,0.0,261.0,0.0,1.0,2.0,156.0,0.0,54.0,0.0,202.0,2247.0,682.0,619.0
Guilford-3781G28,510.0,1.0,30.0,314.0,149.0,0.0,1.0,135.0,0.0,0.0,0.0,0.0,0.0,0.0,0.0,0.0,0.0,0.0,0.0,1.0,0.0,0.0,56.0,0.0,0.0,0.0,50.0,1.0,15.0,0.0,60.0,855.0,183.0,285.0
Guilford-3781G29,764.0,9.0,34.0,409.0,128.0,0.0,3.0,216.0,0.0,0.0,0.0,0.0,0.0,0.0,0.0,0.0,0.0,0.0,0.0,2.0,1.0,0.0,78.0,0.0,0.0,2.0,32.0,0.0,29.0,0.0,70.0,1216.0,214.0,347.0
Guilford-3781G30,612.0,7.0,39.0,726.0,189.0,2.0,0.0,164.0,0.0,1.0,0.0,1.0,0.0,0.0,0.0,0.0,0.0,0.0,0.0,2.0,3.0,0.0,161.0,0.0,0.0,2.0,88.0,5.0,40.0,0.0,170.0,1384.0,471.0,355.0
Guilford-3781G31,574.0,6.0,61.0,499.0,134.0,2.0,2.0,248.0,0.0,0.0,0.0,0.0,0.0,0.0,0.0,0.0,0.0,0.0,0.0,3.0,3.0,1.0,105.0,0.0,1.0,3.0,49.0,2.0,24.0,0.0,83.0,1140.0,274.0,386.0
Guilford-3781G32,1061.0,0.0,58.0,880.0,379.0,2.0,7.0,234.0,0.0,0.0,0.0,2.0,0.0,0.0,0.0,0.0,0.0,0.0,0.0,2.0,2.0,0.0,253.0,0.0,0.0,2.0,171.0,1.0,57.0,0.0,211.0,1999.0,699.0,622.0
Guilford-3781G33,677.0,3.0,57.0,613.0,207.0,0.0,2.0,180.0,0.0,0.0,0.0,0.0,0.0,0.0,0.0,0.0,0.0,0.0,0.0,1.0,5.0,0.0,149.0,1.0,0.0,2.0,150.0,1.0,65.0,0.0,128.0,1350.0,502.0,389.0
Guilford-3781G34,779.0,2.0,65.0,666.0,298.0,0.0,4.0,199.0,0.0,0.0,0.0,0.0,0.0,0.0,0.0,0.0,0.0,0.0,0.0,2.0,4.0,3.0,159.0,0.0,1.0,2.0,159.0,2.0,71.0,0.0,114.0,1512.0,517.0,501.0
Guilford-3781G35,579.0,1.0,28.0,417.0,217.0,1.0,3.0,139.0,0.0,1.0,0.0,2.0,0.0,0.0,0.0,0.0,0.0,0.0,0.0,3.0,0.0,1.0,85.0,1.0,0.0,0.0,93.0,1.0,32.0,0.0,89.0,1025.0,305.0,360.0
Guilford-3781G36,872.0,5.0,38.0,457.0,247.0,1.0,3.0,193.0,0.0,0.0,0.0,0.0,0.0,0.0,0.0,0.0,0.0,1.0,0.0,0.0,3.0,0.0,113.0,0.0,0.0,0.0,85.0,1.0,30.0,0.0,104.0,1372.0,336.0,444.0
Guilford-3781G37,1340.0,8.0,53.0,410.0,267.0,1.0,2.0,283.0,0.0,0.0,0.0,0.0,0.0,0.0,0.0,0.0,0.0,0.0,0.0,1.0,4.0,0.0,94.0,0.0,0.0,0.0,36.0,0.0,28.0,0.0,71.0,1811.0,234.0,553.0
Guilford-3781G38,1104.0,5.0,49.0,677.0,271.0,2.0,2.0,281.0,0.0,0.0,0.0,1.0,0.0,0.0,0.0,0.0,0.0,0.0,0.0,0.0,3.0,2.0,141.0,1.0,0.0,3.0,78.0,2.0,49.0,0.0,134.0,1835.0,413.0,556.0
Guilford-3781G39,715.0,6.0,33.0,381.0,107.0,2.0,1.0,225.0,0.0,0.0,0.0,0.0,0.0,0.0,0.0,0.0,0.0,0.0,1.0,1.0,2.0,0.0,89.0,1.0,0.0,1.0,61.0,2.0,29.0,0.0,91.0,1135.0,277.0,335.0
Guilford-3781G40A1,680.0,0.0,34.0,554.0,202.0,1.0,2.0,150.0,0.0,0.0,0.0,2.0,0.0,0.0,0.0,0.0,0.0,0.0,0.0,1.0,7.0,1.0,129.0,1.0,0.0,0.0,68.0,0.0,45.0,0.0,101.0,1268.0,353.0,355.0
Guilford-3781G40A2,519.0,2.0,35.0,347.0,172.0,0.0,0.0,110.0,0.0,0.0,0.0,1.0,0.0,0.0,0.0,0.0,0.0,0.0,0.0,1.0,2.0,1.0,76.0,1.0,0.0,0.0,80.0,0.0,19.0,0.0,56.0,903.0,236.0,282.0
Guilford-3781G40B,593.0,3.0,37.0,475.0,161.0,0.0,0.0,135.0,0.0,0.0,0.0,0.0,0.0,0.0,0.0,0.0,0.0,0.0,0.0,0.0,1.0,0.0,104.0,0.0,0.0,0.0,103.0,3.0,45.0,0.0,128.0,1108.0,384.0,296.0
Guilford-3781G41A,624.0,1.0,30.0,466.0,147.0,1.0,3.0,125.0,0.0,0.0,0.0,0.0,0.0,0.0,0.0,0.0,0.0,0.0,0.0,2.0,0.0,1.0,98.0,0.0,0.0,0.0,40.0,0.0,27.0,0.0,83.0,1121.0,251.0,276.0
Guilford-3781G41B,697.0,5.0,41.0,618.0,176.0,2.0,2.0,170.0,0.0,0.0,0.0,0.0,0.0,0.0,0.0,0.0,0.0,0.0,0.0,2.0,2.0,0.0,112.0,2.0,0.0,0.0,55.0,3.0,39.0,0.0,123.0,1361.0,338.0,350.0
Guilford-3781G42A,767.0,4.0,40.0,712.0,243.0,1.0,7.0,211.0,0.0,0.0,0.0,0.0,0.0,0.0,0.0,0.0,0.0,0.0,0.0,0.0,2.0,0.0,160.0,1.0,0.0,1.0,68.0,0.0,53.0,1.0,147.0,1523.0,433.0,462.0
Guilford-3781G42B,267.0,1.0,7.0,172.0,124.0,0.0,4.0,56.0,0.0,0.0,0.0,0.0,0.0,0.0,0.0,0.0,0.0,0.0,0.0,2.0,1.0,0.0,35.0,0.0,0.0,10.0,30.0,1.0,7.0,0.0,31.0,447.0,117.0,184.0
Guilford-3781G43,1336.0,5.0,54.0,509.0,206.0,1.0,4.0,311.0,0.0,0.0,0.0,4.0,0.0,0.0,0.0,0.0,0.0,0.0,0.0,0.0,7.0,1.0,102.0,1.0,0.0,1.0,38.0,0.0,32.0,1.0,77.0,1904.0,260.0,522.0
Guilford-3781G44,1296.0,17.0,62.0,241.0,153.0,1.0,1.0,428.0,0.0,0.0,0.0,3.0,0.0,0.0,0.0,0.0,0.0,0.0,0.0,0.0,1.0,0.0,36.0,0.0,1.0,0.0,19.0,0.0,17.0,0.0,24.0,1616.0,98.0,583.0
Guilford-3781G45,2307.0,28.0,78.0,353.0,63.0,1.0,0.0,608.0,0.0,1.0,0.0,2.0,0.0,0.0,0.0,0.0,0.0,0.0,0.0,0.0,3.0,0.0,30.0,0.0,0.0,0.0,14.0,0.0,16.0,0.0,14.0,2766.0,77.0,672.0
Guilford-3781G46,1787.0,4.0,19.0,60.0,367.0,0.0,1.0,129.0,0.0,0.0,0.0,0.0,0.0,0.0,0.0,0.0,0.0,0.0,0.0,0.0,0.0,0.0,4.0,0.0,0.0,0.0,0.0,0.0,1.0,0.0,4.0,1870.0,9.0,497.0
Guilford-3781G47,1463.0,21.0,55.0,271.0,194.0,0.0,4.0,386.0,0.0,0.0,0.0,1.0,0.0,0.0,0.0,1.0,0.0,0.0,0.0,0.0,2.0,0.0,50.0,0.0,0.0,1.0,12.0,3.0,13.0,0.0,30.0,1810.0,111.0,584.0
Guilford-3781G48,1666.0,19.0,82.0,402.0,223.0,3.0,4.0,580.0,0.0,0.0,0.0,2.0,0.0,0.0,0.0,2.0,0.0,0.0,0.0,1.0,2.0,2.0,65.0,3.0,0.0,1.0,50.0,2.0,28.0,1.0,69.0,2169.0,224.0,810.0
Guilford-3781G49,674.0,2.0,15.0,129.0,103.0,0.0,0.0,146.0,0.0,1.0,1.0,1.0,0.0,0.0,0.0,1.0,0.0,0.0,0.0,0.0,2.0,0.0,22.0,0.0,0.0,0.0,10.0,0.0,3.0,0.0,18.0,820.0,55.0,249.0
Guilford-3781G50,1572.0,1.0,58.0,340.0,207.0,1.0,1.0,255.0,1.0,0.0,0.0,3.0,0.0,0.0,1.0,0.0,0.0,0.0,0.0,0.0,2.0,0.0,48.0,0.0,0.0,0.0,4.0,0.0,18.0,0.0,53.0,1971.0,125.0,464.0
Guilford-3781G51,826.0,7.0,22.0,340.0,188.0,2.0,2.0,155.0,0.0,0.0,0.0,1.0,0.0,0.0,0.0,0.0,0.0,0.0,0.0,0.0,2.0,0.0,51.0,0.0,0.0,0.0,6.0,0.0,11.0,0.0,53.0,1195.0,123.0,347.0
Guilford-3781G52,1152.0,5.0,26.0,114.0,381.0,0.0,4.0,151.0,0.0,0.0,0.0,0.0,0.0,0.0,0.0,0.0,0.0,0.0,0.0,0.0,0.0,0.0,11.0,0.0,1.0,0.0,1.0,1.0,0.0,0.0,21.0,1297.0,35.0,536.0
Guilford-3781G53,1860.0,4.0,32.0,128.0,625.0,2.0,3.0,237.0,0.0,0.0,0.0,1.0,0.0,0.0,0.0,0.0,0.0,0.0,0.0,0.0,1.0,0.0,15.0,0.0,0.0,0.0,3.0,0.0,1.0,1.0,24.0,2024.0,45.0,867.0
Guilford-3781G54,1580.0,4.0,26.0,210.0,357.0,1.0,0.0,263.0,0.0,0.0,0.0,0.0,0.0,0.0,0.0,0.0,0.0,0.0,0.0,0.0,1.0,0.0,23.0,0.0,0.0,1.0,4.0,0.0,8.0,0.0,21.0,1820.0,58.0,621.0
Guilford-3781G55,1499.0,3.0,24.0,303.0,462.0,0.0,2.0,196.0,0.0,0.0,0.0,1.0,0.0,0.0,0.0,0.0,0.0,0.0,0.0,0.0,2.0,0.0,35.0,0.0,0.0,1.0,12.0,0.0,5.0,0.0,28.0,1829.0,83.0,660.0
Guilford-3781G56,930.0,7.0,17.0,262.0,286.0,0.0,0.0,157.0,0.0,0.0,0.0,0.0,0.0,0.0,0.0,0.0,0.0,0.0,0.0,0.0,2.0,0.0,40.0,0.0,0.0,1.0,6.0,0.0,3.0,0.0,36.0,1216.0,88.0,443.0
Guilford-3781G57,1116.0,2.0,28.0,252.0,316.0,1.0,4.0,141.0,0.0,0.0,0.0,1.0,0.0,0.0,0.0,0.0,0.0,0.0,0.0,1.0,1.0,0.0,36.0,0.0,0.0,1.0,10.0,0.0,4.0,0.0,44.0,1398.0,97.0,462.0
Guilford-3781G58,1265.0,8.0,36.0,188.0,229.0,0.0,1.0,175.0,0.0,0.0,0.0,1.0,0.0,0.0,0.0,0.0,0.0,0.0,0.0,1.0,1.0,0.0,36.0,0.0,0.0,1.0,9.0,0.0,12.0,0.0,18.0,1497.0,78.0,405.0
Guilford-3781G59,772.0,6.0,17.0,205.0,213.0,0.0,3.0,134.0,0.0,0.0,0.0,1.0,0.0,0.0,0.0,0.0,0.0,0.0,0.0,0.0,3.0,0.0,34.0,0.0,0.0,0.0,6.0,1.0,2.0,0.0,26.0,1000.0,72.0,350.0
Guilford-3781G60,897.0,7.0,36.0,268.0,191.0,0.0,1.0,132.0,0.0,0.0,0.0,0.0,0.0,0.0,0.0,0.0,0.0,0.0,0.0,1.0,3.0,0.0,45.0,0.0,0.0,1.0,9.0,0.0,3.0,0.0,62.0,1208.0,124.0,324.0
Guilford-3781G61,1080.0,3.0,26.0,271.0,274.0,1.0,0.0,168.0,0.0,0.0,0.0,0.0,0.0,0.0,0.0,0.0,0.0,0.0,0.0,1.0,4.0,0.0,42.0,0.0,0.0,0.0,10.0,1.0,12.0,1.0,37.0,1380.0,108.0,443.0
Guilford-3781G62,615.0,1.0,24.0,346.0,161.0,0.0,2.0,134.0,0.0,0.0,0.0,0.0,0.0,0.0,0.0,1.0,0.0,0.0,0.0,0.0,1.0,0.0,78.0,0.0,0.0,0.0,24.0,1.0,25.0,0.0,69.0,986.0,198.0,297.0
Guilford-3781G63,876.0,1.0,38.0,459.0,221.0,2.0,1.0,211.0,0.0,0.0,0.0,1.0,0.0,0.0,0.0,0.0,0.0,0.0,0.0,1.0,6.0,1.0,95.0,0.0,0.0,2.0,28.0,0.0,25.0,0.0,77.0,1374.0,235.0,435.0
Guilford-3781G64,1362.0,9.0,47.0,394.0,237.0,1.0,2.0,270.0,0.0,0.0,0.0,1.0,0.0,0.0,0.0,0.0,0.0,0.0,1.0,0.0,0.0,0.0,70.0,0.0,0.0,0.0,18.0,1.0,19.0,0.0,48.0,1812.0,156.0,510.0
Guilford-3781G65,1062.0,7.0,64.0,584.0,249.0,0.0,3.0,257.0,0.0,1.0,0.0,1.0,0.0,0.0,0.0,0.0,0.0,0.0,0.0,1.0,1.0,2.0,128.0,1.0,0.0,1.0,65.0,3.0,24.0,0.0,119.0,1717.0,345.0,509.0
Guilford-3781G66,1013.0,4.0,68.0,689.0,243.0,1.0,0.0,217.0,0.0,0.0,0.0,2.0,0.0,0.0,0.0,0.0,0.0,0.0,0.0,1.0,3.0,0.0,168.0,0.0,0.0,2.0,89.0,0.0,48.0,0.0,126.0,1774.0,437.0,461.0
Guilford-3781G67,1017.0,3.0,10.0,11.0,113.0,1.0,1.0,152.0,0.0,0.0,0.0,0.0,0.0,0.0,1.0,0.0,0.0,0.0,0.0,0.0,0.0,0.0,0.0,0.0,0.0,1.0,0.0,0.0,1.0,0.0,2.0,1041.0,4.0,267.0
Guilford-3781G68,1324.0,1.0,17.0,14.0,71.0,0.0,0.0,227.0,0.0,0.0,0.0,0.0,0.0,0.0,0.0,0.0,0.0,0.0,0.0,0.0,0.0,0.0,1.0,0.0,0.0,0.0,2.0,0.0,0.0,0.0,0.0,1356.0,3.0,298.0
Guilford-3781G69,1404.0,7.0,34.0,91.0,318.0,0.0,1.0,275.0,0.0,0.0,0.0,0.0,0.0,0.0,0.0,0.0,0.0,0.0,0.0,0.0,0.0,0.0,7.0,0.0,0.0,0.0,17.0,0.0,13.0,0.0,10.0,1536.0,47.0,594.0
Guilford-3781G70,1506.0,6.0,21.0,29.0,330.0,1.0,3.0,185.0,0.0,0.0,0.0,0.0,0.0,0.0,0.0,0.0,0.0,0.0,0.0,0.0,1.0,0.0,2.0,0.0,0.0,0.0,0.0,0.0,0.0,0.0,1.0,1562.0,4.0,519.0
Guilford-3781G71,1494.0,1.0,14.0,33.0,363.0,0.0,2.0,126.0,0.0,0.0,0.0,0.0,0.0,0.0,0.0,0.0,0.0,0.0,0.0,0.0,0.0,0.0,2.0,0.0,1.0,0.0,0.0,0.0,0.0,0.0,1.0,1542.0,4.0,491.0
Guilford-3781G72,1462.0,1.0,22.0,71.0,383.0,1.0,1.0,159.0,0.0,0.0,0.0,0.0,0.0,0.0,0.0,0.0,0.0,0.0,1.0,0.0,1.0,1.0,5.0,0.0,0.0,0.0,1.0,0.0,2.0,0.0,10.0,1556.0,20.0,544.0
Guilford-3781G73,1044.0,3.0,12.0,22.0,368.0,0.0,2.0,119.0,0.0,0.0,0.0,0.0,0.0,0.0,0.0,0.0,0.0,0.0,0.0,0.0,0.0,0.0,0.0,0.0,0.0,0.0,1.0,0.0,1.0,0.0,2.0,1081.0,4.0,489.0
Guilford-3781G74,1517.0,5.0,13.0,29.0,590.0,2.0,1.0,137.0,1.0,0.0,0.0,0.0,0.0,0.0,0.0,0.0,0.0,0.0,0.0,0.0,3.0,0.0,3.0,0.0,0.0,1.0,1.0,1.0,1.0,0.0,0.0,1564.0,10.0,730.0
Guilford-3781G75,1156.0,3.0,14.0,82.0,447.0,0.0,0.0,131.0,0.0,0.0,0.0,0.0,0.0,0.0,0.0,0.0,0.0,0.0,0.0,0.0,2.0,1.0,14.0,0.0,0.0,0.0,3.0,0.0,1.0,0.0,8.0,1255.0,29.0,578.0
Guilford-3781GIB,766.0,5.0,59.0,970.0,197.0,1.0,8.0,137.0,0.0,0.0,0.0,1.0,0.0,0.0,0.0,0.0,0.0,0.0,1.0,2.0,4.0,0.0,159.0,0.0,0.0,1.0,63.0,0.0,29.0,0.0,177.0,1800.0,435.0,343.0
Guilford-3781GR,320.0,7.0,45.0,1432.0,80.0,0.0,5.0,105.0,1.0,0.0,0.0,0.0,0.0,1.0,0.0,0.0,0.0,0.0,0.0,1.0,7.0,1.0,256.0,0.0,0.0,5.0,46.0,1.0,16.0,0.0,271.0,1804.0,604.0,190.0
Guilford-3781H01,762.0,5.0,19.0,322.0,134.0,1.0,2.0,87.0,0.0,0.0,0.0,1.0,0.0,0.0,0.0,0.0,0.0,0.0,1.0,1.0,6.0,0.0,36.0,0.0,0.0,0.0,12.0,0.0,5.0,2.0,46.0,1108.0,108.0,224.0
Guilford-3781H02,489.0,4.0,25.0,535.0,106.0,1.0,6.0,73.0,0.0,0.0,1.0,1.0,0.0,0.0,0.0,0.0,0.0,0.0,0.0,0.0,0.0,1.0,124.0,0.0,0.0,1.0,49.0,0.0,21.0,0.0,76.0,1053.0,272.0,186.0
Guilford-3781H03,740.0,2.0,15.0,189.0,109.0,0.0,3.0,49.0,0.0,0.0,0.0,0.0,0.0,0.0,0.0,0.0,0.0,0.0,0.0,0.0,1.0,0.0,20.0,1.0,0.0,0.0,4.0,0.0,2.0,0.0,19.0,946.0,47.0,161.0
Guilford-3781H04,994.0,2.0,30.0,551.0,139.0,0.0,1.0,80.0,0.0,0.0,0.0,0.0,0.0,0.0,0.0,0.0,0.0,0.0,1.0,0.0,2.0,0.0,64.0,0.0,0.0,1.0,6.0,1.0,15.0,0.0,95.0,1577.0,184.0,220.0
Guilford-3781H05,1161.0,2.0,12.0,207.0,268.0,1.0,1.0,80.0,0.0,0.0,0.0,0.0,0.0,0.0,0.0,0.0,0.0,0.0,0.0,1.0,1.0,1.0,15.0,0.0,0.0,0.0,4.0,0.0,2.0,0.0,30.0,1382.0,54.0,350.0
Guilford-3781H06,1183.0,9.0,48.0,750.0,253.0,1.0,4.0,252.0,0.0,0.0,0.0,0.0,0.0,0.0,0.0,0.0,0.0,0.0,0.0,0.0,6.0,0.0,163.0,0.0,0.0,1.0,35.0,2.0,30.0,0.0,103.0,1990.0,340.0,510.0
Guilford-3781H07,837.0,2.0,8.0,78.0,199.0,0.0,1.0,43.0,0.0,0.0,0.0,0.0,0.0,0.0,0.0,0.0,0.0,0.0,0.0,0.0,0.0,1.0,4.0,0.0,0.0,1.0,0.0,0.0,1.0,0.0,12.0,925.0,19.0,243.0
Guilford-3781H08,616.0,0.0,9.0,48.0,114.0,1.0,0.0,30.0,0.0,0.0,0.0,0.0,0.0,0.0,0.0,0.0,0.0,0.0,0.0,0.0,0.0,0.0,5.0,0.0,0.0,0.0,0.0,0.0,1.0,0.0,2.0,673.0,8.0,145.0
Guilford-3781H09,969.0,1.0,9.0,29.0,201.0,1.0,1.0,51.0,0.0,0.0,0.0,0.0,0.0,0.0,0.0,0.0,0.0,0.0,0.0,1.0,0.0,0.0,3.0,0.0,0.0,0.0,2.0,0.0,2.0,0.0,5.0,1008.0,13.0,254.0
Guilford-3781H10,1261.0,1.0,23.0,149.0,422.0,1.0,0.0,114.0,0.0,0.0,0.0,0.0,0.0,0.0,0.0,0.0,0.0,0.0,0.0,1.0,1.0,0.0,21.0,0.0,0.0,1.0,3.0,1.0,6.0,0.0,31.0,1434.0,65.0,537.0
Guilford-3781H11,969.0,2.0,21.0,163.0,293.0,0.0,2.0,78.0,0.0,0.0,0.0,0.0,0.0,0.0,0.0,0.0,0.0,0.0,0.0,0.0,1.0,0.0,10.0,0.0,0.0,0.0,5.0,0.0,4.0,0.0,16.0,1155.0,36.0,373.0
Guilford-3781H12,623.0,0.0,32.0,261.0,106.0,0.0,1.0,124.0,0.0,0.0,0.0,0.0,0.0,0.0,0.0,0.0,0.0,0.0,0.0,0.0,0.0,0.0,44.0,1.0,0.0,0.0,16.0,0.0,10.0,1.0,58.0,916.0,130.0,231.0
Guilford-3781H13,556.0,3.0,50.0,683.0,115.0,1.0,7.0,117.0,0.0,0.0,0.0,2.0,0.0,0.0,0.0,1.0,0.0,0.0,0.0,0.0,3.0,0.0,141.0,0.0,0.0,0.0,84.0,1.0,34.0,0.0,128.0,1292.0,391.0,240.0
Guilford-3781H14,395.0,3.0,39.0,719.0,85.0,2.0,4.0,98.0,0.0,0.0,0.0,1.0,0.0,0.0,0.0,0.0,0.0,0.0,0.0,0.0,3.0,0.0,150.0,0.0,0.0,1.0,123.0,1.0,55.0,0.0,151.0,1156.0,484.0,189.0
Guilford-3781H15,692.0,5.0,35.0,570.0,155.0,0.0,0.0,103.0,0.0,0.0,0.0,1.0,0.0,0.0,0.0,0.0,0.0,0.0,0.0,2.0,2.0,1.0,106.0,0.0,0.0,1.0,65.0,0.0,26.0,1.0,126.0,1302.0,330.0,258.0
Guilford-3781H16,441.0,1.0,27.0,482.0,102.0,0.0,2.0,73.0,0.0,1.0,0.0,1.0,0.0,0.0,0.0,0.0,0.0,0.0,1.0,1.0,5.0,1.0,85.0,1.0,0.0,2.0,52.0,0.0,25.0,0.0,85.0,951.0,257.0,177.0
Guilford-3781H17,554.0,7.0,17.0,234.0,135.0,0.0,3.0,72.0,0.0,0.0,0.0,0.0,0.0,0.0,0.0,0.0,0.0,0.0,0.0,0.0,2.0,0.0,36.0,0.0,0.0,0.0,4.0,0.0,5.0,0.0,46.0,812.0,93.0,210.0
Guilford-3781H18,993.0,2.0,21.0,264.0,280.0,0.0,0.0,131.0,0.0,0.0,0.0,1.0,0.0,0.0,0.0,0.0,0.0,0.0,0.0,1.0,1.0,0.0,36.0,1.0,0.0,0.0,11.0,0.0,5.0,0.0,39.0,1280.0,94.0,411.0
Guilford-3781H19A,809.0,3.0,18.0,95.0,209.0,2.0,0.0,79.0,0.0,0.0,0.0,1.0,0.0,0.0,0.0,0.0,0.0,0.0,0.0,0.0,0.0,0.0,17.0,0.0,0.0,0.0,4.0,0.0,4.0,0.0,16.0,925.0,41.0,290.0
Guilford-3781H19B,365.0,1.0,29.0,303.0,103.0,0.0,3.0,47.0,0.0,0.0,1.0,0.0,0.0,0.0,0.0,0.0,0.0,0.0,0.0,0.0,1.0,1.0,81.0,0.0,0.0,0.0,51.0,0.0,14.0,0.0,36.0,698.0,184.0,153.0
Guilford-3781H20A,469.0,2.0,26.0,433.0,106.0,0.0,4.0,101.0,0.0,0.0,0.0,0.0,0.0,0.0,0.0,0.0,0.0,0.0,0.0,0.0,3.0,1.0,87.0,0.0,0.0,1.0,18.0,0.0,15.0,0.0,73.0,930.0,198.0,211.0
Guilford-3781H20B,365.0,5.0,26.0,499.0,86.0,0.0,1.0,77.0,0.0,0.0,0.0,0.0,0.0,0.0,0.0,0.0,0.0,0.0,0.0,1.0,2.0,0.0,86.0,0.0,0.0,2.0,34.0,0.0,18.0,0.0,88.0,895.0,231.0,164.0
Guilford-3781H21,427.0,1.0,45.0,621.0,96.0,0.0,3.0,97.0,0.0,0.0,0.0,1.0,0.0,0.0,0.0,0.0,0.0,0.0,0.0,1.0,2.0,0.0,101.0,0.0,0.0,2.0,42.0,0.0,15.0,0.0,109.0,1094.0,272.0,196.0
Guilford-3781H22,465.0,2.0,20.0,411.0,62.0,0.0,0.0,80.0,0.0,0.0,0.0,2.0,0.0,0.0,0.0,0.0,0.0,0.0,0.0,1.0,2.0,0.0,65.0,0.0,0.0,0.0,22.0,1.0,12.0,0.0,74.0,898.0,177.0,142.0
Guilford-3781H23,383.0,2.0,36.0,634.0,81.0,1.0,1.0,97.0,0.0,0.0,0.0,2.0,0.0,0.0,0.0,0.0,0.0,0.0,0.0,0.0,1.0,1.0,157.0,0.0,0.0,5.0,29.0,1.0,18.0,0.0,117.0,1055.0,329.0,180.0
Guilford-3781H24,753.0,3.0,72.0,949.0,198.0,0.0,2.0,146.0,0.0,0.0,0.0,1.0,0.0,0.0,0.0,0.0,0.0,0.0,0.0,4.0,1.0,0.0,220.0,0.0,0.0,1.0,71.0,0.0,40.0,1.0,171.0,1777.0,509.0,346.0
Guilford-3781H25,1050.0,4.0,72.0,1487.0,288.0,0.0,5.0,195.0,0.0,1.0,0.0,1.0,0.0,0.0,0.0,0.0,1.0,0.0,0.0,1.0,4.0,0.0,352.0,0.0,0.0,2.0,124.0,4.0,70.0,1.0,317.0,2613.0,875.0,488.0
Guilford-3781H26,710.0,4.0,42.0,804.0,179.0,0.0,1.0,144.0,0.0,1.0,1.0,1.0,0.0,0.0,1.0,0.0,0.0,0.0,0.0,1.0,6.0,2.0,158.0,1.0,0.0,0.0,83.0,3.0,44.0,0.0,170.0,1560.0,468.0,324.0
Guilford-3781H27-A,924.0,3.0,63.0,878.0,243.0,0.0,0.0,163.0,0.0,0.0,0.0,1.0,0.0,0.0,0.0,0.0,0.0,0.0,0.0,2.0,2.0,0.0,194.0,0.0,0.0,2.0,81.0,1.0,51.0,0.0,149.0,1868.0,482.0,406.0
Guilford-3781H27-B,510.0,4.0,36.0,581.0,111.0,1.0,3.0,88.0,0.0,0.0,0.0,1.0,0.0,0.0,0.0,0.0,0.0,0.0,0.0,2.0,3.0,0.0,130.0,0.0,0.0,1.0,46.0,3.0,30.0,0.0,106.0,1131.0,321.0,203.0
Guilford-3781H28,1226.0,5.0,70.0,923.0,354.0,1.0,1.0,204.0,0.0,0.0,0.0,4.0,0.0,0.0,0.0,0.0,0.0,0.0,0.0,0.0,6.0,0.0,222.0,0.0,0.0,0.0,70.0,2.0,49.0,0.0,139.0,2224.0,488.0,560.0
Guilford-3781H29A,865.0,5.0,58.0,567.0,236.0,1.0,0.0,165.0,0.0,0.0,0.0,0.0,0.0,0.0,0.0,0.0,0.0,0.0,0.0,1.0,1.0,0.0,130.0,0.0,0.0,1.0,35.0,0.0,28.0,0.0,79.0,1495.0,275.0,402.0
Guilford-3781H29B,1062.0,8.0,67.0,690.0,227.0,0.0,0.0,218.0,0.0,0.0,0.0,2.0,0.0,0.0,0.0,0.0,0.0,0.0,0.0,2.0,3.0,0.0,131.0,1.0,0.0,2.0,44.0,0.0,30.0,0.0,116.0,1827.0,329.0,445.0
Guilford-3781JAM1,890.0,4.0,75.0,1184.0,256.0,1.0,4.0,207.0,0.0,1.0,0.0,2.0,0.0,0.0,0.0,1.0,0.0,0.0,0.0,2.0,6.0,0.0,253.0,0.0,0.0,2.0,124.0,1.0,71.0,2.0,247.0,2153.0,708.0,468.0
Guilford-3781JAM2,612.0,6.0,49.0,744.0,178.0,0.0,4.0,159.0,0.0,0.0,0.0,1.0,0.0,0.0,0.0,0.0,0.0,0.0,1.0,1.0,3.0,1.0,148.0,0.0,0.0,2.0,63.0,0.0,46.0,0.0,151.0,1411.0,415.0,341.0
Guilford-3781JAM3,606.0,4.0,55.0,774.0,194.0,2.0,2.0,106.0,0.0,0.0,0.0,1.0,0.0,0.0,0.0,0.0,0.0,0.0,0.0,3.0,4.0,1.0,158.0,0.0,1.0,0.0,102.0,1.0,39.0,1.0,152.0,1439.0,462.0,304.0
Guilford-3781JAM4,556.0,1.0,35.0,1148.0,139.0,1.0,3.0,122.0,0.0,0.0,0.0,0.0,0.0,0.0,0.0,0.0,0.0,0.0,0.0,1.0,5.0,0.0,214.0,2.0,0.0,1.0,98.0,0.0,50.0,0.0,231.0,1740.0,602.0,265.0
Guilford-3781JAM5,209.0,2.0,23.0,788.0,43.0,1.0,6.0,44.0,0.0,0.0,0.0,1.0,0.0,0.0,0.0,0.0,0.0,0.0,0.0,0.0,3.0,0.0,147.0,0.0,0.0,2.0,26.0,4.0,10.0,0.0,140.0,1022.0,332.0,94.0
Guilford-3781JEF1,857.0,4.0,38.0,1144.0,247.0,1.0,4.0,154.0,0.0,1.0,0.0,1.0,0.0,0.0,0.0,0.0,0.0,0.0,1.0,1.0,1.0,0.0,231.0,1.0,0.0,2.0,30.0,0.0,33.0,0.0,207.0,2043.0,506.0,406.0
Guilford-3781JEF2,1105.0,1.0,42.0,682.0,278.0,0.0,2.0,224.0,0.0,0.0,1.0,1.0,0.0,0.0,0.0,0.0,0.0,0.0,0.0,0.0,4.0,1.0,127.0,0.0,0.0,1.0,19.0,0.0,20.0,1.0,133.0,1830.0,306.0,504.0
Guilford-3781JEF3,2257.0,5.0,41.0,475.0,888.0,3.0,5.0,365.0,0.0,0.0,0.0,2.0,0.0,0.0,0.0,0.0,0.0,0.0,0.0,0.0,3.0,0.0,76.0,1.0,0.0,1.0,19.0,1.0,12.0,1.0,72.0,2778.0,186.0,1261.0
Guilford-3781JEF4,650.0,1.0,36.0,726.0,191.0,0.0,6.0,140.0,0.0,0.0,0.0,0.0,0.0,0.0,0.0,0.0,0.0,0.0,0.0,1.0,5.0,1.0,134.0,1.0,0.0,2.0,28.0,0.0,30.0,1.0,123.0,1413.0,326.0,337.0
Guilford-3781MON1,1091.0,2.0,40.0,570.0,274.0,1.0,5.0,210.0,0.0,0.0,0.0,0.0,0.0,0.0,0.0,0.0,0.0,0.0,0.0,1.0,1.0,1.0,74.0,1.0,0.0,0.0,23.0,0.0,17.0,0.0,97.0,1703.0,215.0,490.0
Guilford-3781MON2A,1620.0,4.0,30.0,546.0,335.0,0.0,6.0,265.0,0.0,0.0,0.0,0.0,0.0,0.0,0.0,0.0,0.0,0.0,0.0,0.0,4.0,0.0,96.0,1.0,0.0,0.0,22.0,0.0,23.0,0.0,91.0,2200.0,237.0,606.0
Guilford-3781MON2B,859.0,1.0,28.0,430.0,255.0,0.0,3.0,126.0,0.0,0.0,0.0,0.0,0.0,0.0,0.0,0.0,0.0,0.0,1.0,0.0,3.0,0.0,82.0,0.0,0.0,0.0,22.0,2.0,23.0,0.0,80.0,1318.0,212.0,384.0
Guilford-3781MON3,1022.0,5.0,76.0,1947.0,313.0,4.0,3.0,192.0,0.0,0.0,0.0,3.0,0.0,0.0,0.0,0.0,0.0,0.0,0.0,2.0,11.0,1.0,396.0,1.0,0.0,3.0,93.0,3.0,62.0,1.0,355.0,3050.0,928.0,512.0
Guilford-3781NCGR1,846.0,2.0,92.0,1436.0,213.0,1.0,1.0,168.0,0.0,0.0,0.0,1.0,1.0,0.0,0.0,0.0,0.0,0.0,0.0,1.0,6.0,0.0,365.0,0.0,0.0,2.0,155.0,3.0,93.0,1.0,273.0,2376.0,899.0,383.0
Guilford-3781NCGR2,519.0,8.0,38.0,1142.0,117.0,0.0,2.0,106.0,0.0,1.0,0.0,1.0,0.0,0.0,0.0,0.0,0.0,0.0,0.0,1.0,5.0,1.0,274.0,0.0,0.0,3.0,82.0,2.0,41.0,1.0,205.0,1707.0,615.0,225.0
Guilford-3781NCLAY1,699.0,9.0,29.0,1202.0,219.0,2.0,3.0,169.0,0.0,0.0,0.0,0.0,0.0,0.0,0.0,0.0,0.0,0.0,0.0,2.0,9.0,1.0,250.0,0.0,0.0,1.0,85.0,1.0,60.0,0.0,260.0,1939.0,669.0,393.0
Guilford-3781NCLAY2,298.0,1.0,19.0,798.0,81.0,2.0,1.0,79.0,0.0,0.0,0.0,0.0,0.0,0.0,0.0,0.0,0.0,0.0,0.0,2.0,4.0,0.0,157.0,0.0,0.0,1.0,35.0,0.0,19.0,0.0,143.0,1116.0,361.0,163.0
Guilford-3781NDRI,428.0,1.0,53.0,1371.0,73.0,1.0,1.0,104.0,0.0,0.0,0.0,2.0,1.0,0.0,0.0,0.0,0.0,0.0,0.0,1.0,3.0,0.0,333.0,0.0,0.0,2.0,71.0,1.0,46.0,0.0,253.0,1853.0,710.0,179.0
Guilford-3781NMAD,703.0,2.0,35.0,902.0,196.0,0.0,2.0,100.0,0.0,0.0,0.0,2.0,0.0,0.0,0.0,0.0,0.0,0.0,0.0,1.0,3.0,1.0,175.0,0.0,0.0,0.0,20.0,0.0,29.0,1.0,131.0,1642.0,361.0,298.0
Guilford-3781NWASH,154.0,2.0,13.0,779.0,32.0,1.0,5.0,53.0,0.0,0.0,0.0,0.0,0.0,0.0,0.0,0.0,0.0,0.0,0.0,3.0,4.0,1.0,168.0,0.0,0.0,3.0,22.0,0.0,16.0,0.0,134.0,948.0,351.0,91.0
Guilford-3781OR1,831.0,2.0,85.0,1876.0,220.0,1.0,1.0,191.0,0.0,1.0,0.0,1.0,0.0,0.0,0.0,0.0,0.0,0.0,0.0,3.0,8.0,1.0,414.0,0.0,0.0,5.0,146.0,2.0,116.0,0.0,362.0,2794.0,1057.0,413.0
Guilford-3781OR2,589.0,2.0,65.0,1283.0,175.0,1.0,7.0,144.0,0.0,0.0,0.0,2.0,0.0,0.0,0.0,0.0,0.0,0.0,0.0,2.0,7.0,0.0,287.0,0.0,0.0,1.0,100.0,2.0,65.0,1.0,254.0,1939.0,719.0,327.0
Guilford-3781PG1,448.0,2.0,28.0,801.0,112.0,5.0,4.0,101.0,0.0,0.0,0.0,1.0,0.0,0.0,0.0,0.0,0.0,0.0,0.0,1.0,4.0,0.0,157.0,0.0,0.0,0.0,31.0,0.0,30.0,0.0,173.0,1279.0,396.0,222.0
Guilford-3781PG2,471.0,1.0,49.0,1471.0,152.0,3.0,4.0,121.0,0.0,0.0,0.0,1.0,0.0,0.0,0.0,0.0,0.0,0.0,0.0,1.0,3.0,0.0,341.0,0.0,0.0,3.0,56.0,1.0,40.0,1.0,328.0,1992.0,774.0,280.0
Guilford-3781RC1,1237.0,0.0,54.0,1175.0,370.0,1.0,2.0,185.0,0.0,0.0,0.0,0.0,0.0,0.0,0.0,0.0,0.0,0.0,0.0,1.0,4.0,2.0,211.0,0.0,0.0,0.0,71.0,2.0,40.0,0.0,192.0,2466.0,523.0,558.0
Guilford-3781RC2,1370.0,6.0,122.0,1548.0,348.0,1.0,5.0,273.0,0.0,1.0,0.0,0.0,0.0,0.0,1.0,0.0,0.0,0.0,1.0,1.0,6.0,0.0,306.0,0.0,1.0,1.0,58.0,0.0,48.0,0.0,254.0,3046.0,675.0,627.0
Guilford-3781SCLAY,280.0,0.0,36.0,1226.0,85.0,3.0,6.0,108.0,0.0,0.0,0.0,0.0,0.0,0.0,0.0,0.0,0.0,0.0,0.0,2.0,4.0,0.0,243.0,0.0,2.0,2.0,22.0,1.0,29.0,0.0,228.0,1542.0,533.0,202.0
Guilford-3781SDRI,1357.0,6.0,104.0,2201.0,328.0,2.0,4.0,191.0,0.0,0.0,0.0,1.0,0.0,0.0,0.0,0.0,0.0,0.0,1.0,3.0,12.0,0.0,533.0,1.0,1.0,5.0,161.0,2.0,83.0,0.0,372.0,3668.0,1173.0,525.0
Guilford-3781SF1,837.0,2.0,82.0,1528.0,213.0,0.0,3.0,154.0,0.0,0.0,0.0,0.0,0.0,0.0,0.0,1.0,1.0,0.0,0.0,3.0,5.0,3.0,330.0,0.0,0.0,3.0,180.0,0.0,77.0,0.0,299.0,2449.0,900.0,370.0
Guilford-3781SF2,377.0,0.0,33.0,875.0,106.0,0.0,0.0,86.0,0.0,0.0,0.0,0.0,0.0,0.0,0.0,0.0,0.0,0.0,0.0,3.0,9.0,0.0,210.0,0.0,0.0,0.0,57.0,1.0,39.0,0.0,186.0,1285.0,505.0,192.0
Guilford-3781SF3,937.0,1.0,68.0,1187.0,243.0,0.0,7.0,198.0,0.0,1.0,0.0,0.0,0.0,0.0,0.0,0.0,0.0,0.0,0.0,1.0,4.0,0.0,262.0,0.0,0.0,2.0,111.0,1.0,66.0,0.0,247.0,2193.0,694.0,448.0
Guilford-3781SF4,1021.0,6.0,92.0,1670.0,281.0,1.0,7.0,258.0,0.0,1.0,0.0,3.0,0.0,0.0,0.0,0.0,0.0,0.0,1.0,3.0,2.0,0.0,416.0,0.0,0.0,2.0,153.0,0.0,95.0,0.0,326.0,2789.0,997.0,547.0
Guilford-3781SMAD,763.0,6.0,41.0,1041.0,218.0,1.0,6.0,127.0,0.0,0.0,0.0,2.0,0.0,0.0,0.0,0.0,0.0,0.0,0.0,2.0,4.0,0.0,199.0,0.0,0.0,1.0,28.0,0.0,31.0,0.0,165.0,1851.0,430.0,352.0
Guilford-3781STOK,735.0,7.0,97.0,2029.0,206.0,0.0,5.0,186.0,1.0,0.0,0.0,0.0,0.0,0.0,0.0,0.0,1.0,0.0,1.0,1.0,9.0,2.0,434.0,0.0,1.0,3.0,108.0,3.0,91.0,1.0,405.0,2868.0,1058.0,397.0
Guilford-3781SUM1,1006.0,3.0,28.0,515.0,299.0,1.0,4.0,167.0,0.0,0.0,0.0,0.0,0.0,0.0,0.0,0.0,0.0,0.0,0.0,1.0,3.0,1.0,112.0,0.0,0.0,1.0,21.0,1.0,20.0,0.0,85.0,1552.0,245.0,471.0
Guilford-3781SUM2,915.0,2.0,32.0,495.0,257.0,2.0,1.0,132.0,0.0,0.0,0.0,3.0,0.0,0.0,0.0,1.0,0.0,0.0,0.0,1.0,1.0,1.0,85.0,0.0,0.0,0.0,9.0,0.0,11.0,0.0,82.0,1444.0,190.0,392.0
Guilford-3781SUM3,205.0,0.0,18.0,725.0,51.0,0.0,3.0,57.0,0.0,0.0,0.0,0.0,0.0,0.0,0.0,0.0,0.0,0.0,0.0,1.0,6.0,1.0,155.0,0.0,0.0,1.0,16.0,0.0,19.0,0.0,177.0,948.0,376.0,111.0
Guilford-3781SUM4,251.0,1.0,34.0,1201.0,60.0,0.0,2.0,81.0,0.0,1.0,0.0,2.0,0.0,0.0,0.0,0.0,0.0,0.0,0.0,0.0,7.0,3.0,267.0,0.0,0.0,1.0,48.0,0.0,18.0,1.0,252.0,1487.0,597.0,143.0
Guilford-3781SWASH,125.0,1.0,15.0,542.0,42.0,0.0,1.0,39.0,0.0,0.0,0.0,0.0,0.0,0.0,0.0,0.0,0.0,0.0,0.0,1.0,1.0,0.0,118.0,1.0,0.0,1.0,20.0,0.0,4.0,1.0,79.0,683.0,226.0,82.0
Halifax-3783ABSENTEE,246.0,0.0,14.0,171.0,76.0,0.0,0.0,5.0,0.0,0.0,0.0,0.0,0.0,0.0,0.0,0.0,0.0,0.0,0.0,0.0,0.0,0.0,4.0,0.0,0.0,0.0,1.0,0.0,0.0,0.0,3.0,431.0,8.0,81.0
Halifax-3783BUTWD,81.0,0.0,1.0,88.0,50.0,0.0,1.0,30.0,0.0,0.0,0.0,0.0,0.0,0.0,0.0,0.0,0.0,0.0,0.0,0.0,0.0,0.0,6.0,0.0,0.0,0.0,4.0,0.0,0.0,0.0,11.0,170.0,21.0,81.0
Halifax-3783CONC,88.0,0.0,2.0,32.0,75.0,0.0,0.0,21.0,0.0,0.0,0.0,0.0,0.0,1.0,0.0,0.0,0.0,0.0,0.0,0.0,0.0,0.0,5.0,0.0,0.0,0.0,1.0,0.0,2.0,0.0,6.0,122.0,14.0,96.0
Halifax-3783ENF-2,529.0,0.0,1.0,44.0,338.0,0.0,1.0,65.0,0.0,0.0,0.0,0.0,0.0,0.0,0.0,0.0,0.0,0.0,0.0,0.0,0.0,0.0,10.0,0.0,0.0,0.0,3.0,0.0,0.0,0.0,18.0,574.0,31.0,404.0
Halifax-3783ENF1,697.0,0.0,6.0,122.0,502.0,1.0,3.0,114.0,0.0,0.0,0.0,0.0,0.0,0.0,0.0,0.0,0.0,0.0,0.0,0.0,1.0,0.0,10.0,0.0,0.0,0.0,4.0,0.0,3.0,0.0,17.0,825.0,35.0,620.0
Halifax-3783FAUCT,115.0,0.0,3.0,275.0,94.0,5.0,6.0,74.0,0.0,0.0,0.0,0.0,0.0,0.0,0.0,0.0,0.0,0.0,0.0,1.0,1.0,0.0,37.0,0.0,0.0,0.0,4.0,0.0,2.0,0.0,56.0,393.0,101.0,179.0
Halifax-3783HAL,149.0,0.0,0.0,63.0,204.0,0.0,3.0,78.0,0.0,1.0,0.0,0.0,0.0,0.0,0.0,0.0,0.0,0.0,0.0,1.0,1.0,0.0,15.0,0.0,0.0,0.0,2.0,0.0,3.0,0.0,19.0,212.0,41.0,285.0
Halifax-3783HOL,791.0,0.0,6.0,75.0,382.0,1.0,3.0,106.0,0.0,0.0,0.0,0.0,0.0,0.0,0.0,0.0,0.0,0.0,0.0,0.0,0.0,0.0,11.0,0.0,0.0,0.0,1.0,0.0,1.0,0.0,14.0,872.0,27.0,492.0
Halifax-3783HPR,187.0,0.0,3.0,152.0,148.0,1.0,6.0,43.0,0.0,0.0,0.0,0.0,0.0,0.0,0.0,0.0,0.0,0.0,0.0,0.0,3.0,0.0,28.0,0.0,0.0,0.0,1.0,0.0,4.0,0.0,39.0,342.0,75.0,198.0
Halifax-3783LIT-1,381.0,0.0,7.0,132.0,209.0,1.0,3.0,85.0,0.0,0.0,0.0,0.0,0.0,0.0,0.0,0.0,0.0,0.0,0.0,0.0,1.0,0.0,19.0,2.0,0.0,0.0,0.0,0.0,3.0,0.0,22.0,520.0,47.0,298.0
Halifax-3783LIT-2,181.0,0.0,11.0,321.0,102.0,2.0,6.0,84.0,0.0,0.0,0.0,0.0,0.0,0.0,0.0,0.0,0.0,0.0,0.0,0.0,1.0,0.0,72.0,0.0,0.0,2.0,23.0,0.0,16.0,0.0,117.0,513.0,231.0,194.0
Halifax-3783ONE-HALIFAX,3774.0,0.0,25.0,878.0,0.0,0.0,0.0,0.0,0.0,0.0,0.0,0.0,0.0,0.0,0.0,0.0,0.0,0.0,0.0,0.0,0.0,0.0,0.0,0.0,0.0,0.0,0.0,0.0,0.0,0.0,0.0,4677.0,0.0,0.0
Halifax-3783ONE-ROANOKE-RAPIDS,4214.0,0.0,75.0,3469.0,0.0,0.0,0.0,0.0,0.0,0.0,0.0,0.0,0.0,0.0,0.0,0.0,0.0,0.0,0.0,0.0,0.0,0.0,0.0,0.0,0.0,0.0,0.0,0.0,0.0,0.0,0.0,7758.0,0.0,0.0
Halifax-3783ONE-SCOTLAND-NECK,1261.0,0.0,15.0,411.0,0.0,0.0,0.0,0.0,0.0,0.0,0.0,0.0,0.0,0.0,0.0,0.0,0.0,0.0,0.0,0.0,0.0,0.0,0.0,0.0,0.0,0.0,0.0,0.0,0.0,0.0,0.0,1687.0,0.0,0.0
Halifax-3783OS-HALIFAX,0.0,0.0,0.0,0.0,585.0,3.0,4.0,133.0,0.0,0.0,0.0,0.0,0.0,0.0,0.0,0.0,0.0,0.0,0.0,0.0,1.0,0.0,22.0,0.0,0.0,0.0,4.0,1.0,9.0,0.0,39.0,0.0,76.0,725.0
Halifax-3783OS-LITTLETON,0.0,0.0,0.0,0.0,232.0,1.0,2.0,45.0,0.0,0.0,0.0,1.0,0.0,0.0,0.0,0.0,0.0,0.0,0.0,0.0,0.0,0.0,20.0,0.0,0.0,0.0,7.0,0.0,5.0,0.0,34.0,0.0,66.0,280.0
Halifax-3783OS-RINGWOOD,0.0,0.0,0.0,0.0,278.0,0.0,1.0,21.0,0.0,0.0,0.0,0.0,0.0,0.0,0.0,0.0,0.0,0.0,0.0,0.0,0.0,0.0,3.0,0.0,0.0,0.0,0.0,0.0,0.0,0.0,9.0,0.0,12.0,300.0
Halifax-3783OS-ROANOKE-RAPIDS,0.0,0.0,0.0,0.0,586.0,3.0,14.0,172.0,0.0,0.0,0.0,0.0,0.0,0.0,0.0,0.0,0.0,0.0,0.0,1.0,1.0,0.0,68.0,0.0,0.0,1.0,9.0,0.0,17.0,0.0,94.0,0.0,191.0,775.0
Halifax-3783OS-SCOTLAND-NECK,0.0,0.0,0.0,0.0,256.0,0.0,1.0,29.0,0.0,0.0,0.0,0.0,0.0,0.0,0.0,0.0,0.0,0.0,0.0,0.0,1.0,0.0,14.0,0.0,0.0,0.0,0.0,1.0,1.0,0.0,24.0,0.0,41.0,286.0
Halifax-3783RINGW,508.0,0.0,4.0,55.0,256.0,0.0,2.0,46.0,0.0,0.0,0.0,0.0,0.0,0.0,0.0,0.0,0.0,0.0,0.0,0.0,0.0,0.0,2.0,0.0,0.0,0.0,1.0,0.0,0.0,0.0,9.0,567.0,12.0,304.0
Halifax-3783RR-10,229.0,0.0,18.0,431.0,185.0,12.0,29.0,195.0,0.0,0.0,0.0,1.0,0.0,0.0,0.0,0.0,0.0,0.0,0.0,0.0,0.0,1.0,56.0,0.0,0.0,0.0,20.0,1.0,19.0,0.0,107.0,678.0,204.0,421.0
Halifax-3783RR-11,192.0,0.0,16.0,403.0,181.0,5.0,7.0,138.0,0.0,0.0,0.0,0.0,0.0,0.0,0.0,0.0,0.0,0.0,0.0,0.0,5.0,0.0,109.0,0.0,0.0,0.0,15.0,0.0,16.0,0.0,132.0,611.0,277.0,331.0
Halifax-3783RR-3,99.0,0.0,6.0,232.0,59.0,2.0,6.0,97.0,0.0,0.0,0.0,0.0,0.0,0.0,0.0,0.0,0.0,0.0,0.0,0.0,3.0,0.0,33.0,0.0,0.0,2.0,6.0,0.0,3.0,0.0,37.0,337.0,84.0,164.0
Halifax-3783RR-4,68.0,0.0,13.0,212.0,57.0,2.0,9.0,95.0,0.0,0.0,0.0,2.0,0.0,0.0,0.0,0.0,0.0,0.0,0.0,0.0,0.0,0.0,34.0,0.0,0.0,1.0,14.0,0.0,6.0,0.0,62.0,293.0,117.0,163.0
Halifax-3783RR-5,68.0,0.0,6.0,230.0,30.0,1.0,4.0,59.0,0.0,0.0,0.0,1.0,0.0,0.0,0.0,0.0,0.0,0.0,0.0,0.0,2.0,0.0,30.0,0.0,0.0,0.0,1.0,0.0,0.0,0.0,61.0,304.0,94.0,94.0
Halifax-3783RR-6,0.0,0.0,0.0,0.0,39.0,1.0,7.0,51.0,0.0,0.0,0.0,0.0,0.0,0.0,0.0,0.0,0.0,0.0,0.0,1.0,0.0,0.0,32.0,0.0,0.0,0.0,6.0,0.0,3.0,0.0,69.0,0.0,111.0,98.0
Halifax-3783RR-7,178.0,0.0,5.0,69.0,133.0,2.0,2.0,31.0,0.0,0.0,0.0,0.0,0.0,0.0,0.0,0.0,0.0,0.0,0.0,0.0,1.0,0.0,10.0,0.0,0.0,0.0,1.0,0.0,3.0,0.0,16.0,252.0,31.0,168.0
Halifax-3783RR-8,0.0,0.0,0.0,0.0,74.0,2.0,5.0,61.0,0.0,0.0,0.0,0.0,0.0,0.0,0.0,0.0,0.0,0.0,0.0,1.0,1.0,0.0,18.0,0.0,0.0,1.0,3.0,0.0,5.0,0.0,45.0,0.0,74.0,142.0
Halifax-3783RR-9,353.0,0.0,4.0,178.0,302.0,0.0,12.0,116.0,0.0,0.0,0.0,0.0,0.0,0.0,0.0,0.0,0.0,0.0,0.0,1.0,0.0,0.0,25.0,0.0,0.0,2.0,9.0,1.0,1.0,0.0,45.0,535.0,84.0,430.0
Halifax-3783RR1-2,126.0,0.0,16.0,166.0,63.0,0.0,11.0,89.0,0.0,0.0,0.0,0.0,0.0,0.0,0.0,0.0,0.0,0.0,0.0,1.0,4.0,0.0,46.0,0.0,0.0,0.0,7.0,0.0,10.0,0.0,56.0,308.0,124.0,163.0
Halifax-3783RRC,169.0,0.0,14.0,352.0,0.0,0.0,0.0,0.0,0.0,0.0,0.0,0.0,0.0,0.0,0.0,0.0,0.0,0.0,0.0,0.0,0.0,0.0,0.0,0.0,0.0,0.0,0.0,0.0,0.0,0.0,0.0,535.0,0.0,0.0
Halifax-3783SN,379.0,0.0,4.0,140.0,315.0,3.0,7.0,99.0,0.0,0.0,0.0,0.0,0.0,0.0,0.0,0.0,0.0,0.0,0.0,0.0,1.0,0.0,38.0,0.0,0.0,0.0,9.0,1.0,1.0,0.0,29.0,523.0,79.0,424.0
Halifax-3783WEL-1,0.0,0.0,0.0,0.0,169.0,1.0,1.0,27.0,0.0,0.0,0.0,0.0,0.0,0.0,0.0,0.0,0.0,0.0,0.0,0.0,0.0,0.0,5.0,0.0,0.0,0.0,4.0,0.0,2.0,0.0,18.0,0.0,29.0,198.0
Halifax-3783WEL-2,0.0,0.0,0.0,0.0,83.0,0.0,6.0,29.0,0.0,0.0,0.0,0.0,0.0,0.0,0.0,0.0,0.0,0.0,0.0,0.0,1.0,0.0,7.0,0.0,0.0,0.0,1.0,0.0,3.0,0.0,18.0,0.0,30.0,118.0
Halifax-3783WEL-3,292.0,0.0,6.0,151.0,298.0,0.0,8.0,94.0,0.0,0.0,0.0,0.0,0.0,0.0,0.0,0.0,0.0,0.0,0.0,0.0,1.0,0.0,35.0,1.0,0.0,0.0,6.0,0.0,2.0,0.0,60.0,449.0,105.0,400.0
Halifax-3783WEL1-2,286.0,0.0,5.0,125.0,0.0,0.0,0.0,0.0,0.0,0.0,0.0,0.0,0.0,0.0,0.0,0.0,0.0,0.0,0.0,0.0,0.0,0.0,0.0,0.0,0.0,0.0,0.0,0.0,0.0,0.0,0.0,416.0,0.0,0.0
Harnett-3785ABSENTEE,538.0,7.0,71.0,1091.0,35.0,0.0,3.0,21.0,0.0,0.0,0.0,0.0,0.0,0.0,0.0,0.0,0.0,0.0,0.0,3.0,9.0,0.0,62.0,0.0,0.0,0.0,16.0,0.0,23.0,0.0,99.0,1707.0,212.0,59.0
Harnett-3785OS ANDERSON,810.0,0.0,63.0,1153.0,0.0,0.0,0.0,0.0,0.0,0.0,0.0,0.0,0.0,0.0,0.0,0.0,0.0,0.0,0.0,0.0,0.0,0.0,0.0,0.0,0.0,0.0,0.0,0.0,0.0,0.0,0.0,2026.0,0.0,0.0
Harnett-3785OS ANGIER,753.0,1.0,55.0,1454.0,0.0,0.0,0.0,0.0,0.0,0.0,0.0,0.0,0.0,0.0,0.0,0.0,0.0,0.0,0.0,0.0,0.0,0.0,0.0,0.0,0.0,0.0,0.0,0.0,0.0,0.0,0.0,2263.0,0.0,0.0
Harnett-3785OS ERWIN,1178.0,1.0,53.0,2076.0,0.0,0.0,0.0,0.0,0.0,0.0,0.0,0.0,0.0,0.0,0.0,0.0,0.0,0.0,0.0,0.0,0.0,0.0,0.0,0.0,0.0,0.0,0.0,0.0,0.0,0.0,0.0,3308.0,0.0,0.0
Harnett-3785OS LOBBY,6174.0,13.0,318.0,9020.0,0.0,0.0,0.0,0.0,0.0,0.0,0.0,0.0,0.0,0.0,0.0,0.0,0.0,0.0,0.0,0.0,0.0,0.0,0.0,0.0,0.0,0.0,0.0,0.0,0.0,0.0,0.0,15525.0,0.0,0.0
Harnett-3785OS WESTERN,1576.0,6.0,126.0,2214.0,0.0,0.0,0.0,0.0,0.0,0.0,0.0,0.0,0.0,0.0,0.0,0.0,0.0,0.0,0.0,0.0,0.0,0.0,0.0,0.0,0.0,0.0,0.0,0.0,0.0,0.0,0.0,3922.0,0.0,0.0
Harnett-3785OS-ANDERSON,0.0,0.0,0.0,0.0,55.0,0.0,4.0,53.0,0.0,0.0,0.0,0.0,0.0,0.0,0.0,0.0,0.0,0.0,1.0,0.0,0.0,0.0,47.0,0.0,0.0,1.0,12.0,0.0,12.0,0.0,60.0,0.0,132.0,112.0
Harnett-3785OS-ANGIER,0.0,0.0,0.0,0.0,74.0,0.0,3.0,63.0,0.0,0.0,0.0,1.0,0.0,0.0,0.0,0.0,0.0,0.0,0.0,0.0,2.0,0.0,88.0,0.0,0.0,1.0,17.0,0.0,18.0,0.0,88.0,0.0,214.0,140.0
Harnett-3785OS-ERWIN,0.0,0.0,0.0,0.0,197.0,0.0,1.0,119.0,0.0,0.0,0.0,0.0,0.0,0.0,0.0,0.0,0.0,0.0,0.0,3.0,3.0,0.0,159.0,0.0,0.0,3.0,25.0,2.0,38.0,0.0,182.0,0.0,415.0,317.0
Harnett-3785OS-LOBBY,0.0,0.0,0.0,0.0,901.0,3.0,30.0,411.0,0.0,1.0,0.0,2.0,0.0,0.0,0.0,0.0,0.0,0.0,0.0,6.0,18.0,1.0,608.0,2.0,0.0,1.0,102.0,3.0,103.0,0.0,663.0,0.0,1507.0,1345.0
Harnett-3785OS-WESTERN,0.0,0.0,0.0,0.0,212.0,1.0,1.0,116.0,0.0,0.0,0.0,0.0,0.0,0.0,0.0,0.0,0.0,0.0,0.0,2.0,5.0,1.0,109.0,0.0,0.0,0.0,19.0,1.0,27.0,0.0,207.0,0.0,371.0,330.0
Harnett-3785PR01,508.0,3.0,66.0,865.0,270.0,1.0,10.0,227.0,0.0,0.0,0.0,0.0,0.0,0.0,0.0,0.0,0.0,0.0,0.0,2.0,11.0,0.0,311.0,1.0,0.0,3.0,56.0,1.0,42.0,0.0,369.0,1442.0,796.0,508.0
Harnett-3785PR07,613.0,11.0,98.0,1117.0,352.0,2.0,7.0,248.0,0.0,1.0,0.0,1.0,0.0,0.0,0.0,1.0,0.0,0.0,0.0,2.0,7.0,0.0,344.0,3.0,0.0,2.0,57.0,0.0,70.0,0.0,451.0,1839.0,936.0,609.0
Harnett-3785PR08,443.0,4.0,57.0,798.0,252.0,2.0,11.0,251.0,0.0,0.0,0.0,1.0,1.0,0.0,1.0,0.0,0.0,0.0,1.0,3.0,7.0,1.0,398.0,0.0,0.0,2.0,56.0,0.0,39.0,0.0,377.0,1302.0,883.0,516.0
Harnett-3785PR16,484.0,7.0,78.0,889.0,308.0,2.0,1.0,142.0,0.0,1.0,0.0,2.0,0.0,0.0,0.0,0.0,0.0,0.0,0.0,2.0,2.0,0.0,232.0,0.0,0.0,2.0,23.0,4.0,28.0,0.0,266.0,1458.0,559.0,453.0
Harnett-3785PR20,445.0,0.0,11.0,379.0,286.0,0.0,4.0,115.0,0.0,0.0,0.0,1.0,0.0,0.0,0.0,0.0,0.0,0.0,0.0,2.0,2.0,0.0,101.0,0.0,0.0,0.0,8.0,1.0,5.0,0.0,123.0,835.0,242.0,405.0
Harnett-3785PR23,355.0,3.0,36.0,721.0,210.0,4.0,12.0,178.0,0.0,0.0,0.0,2.0,0.0,0.0,0.0,0.0,0.0,0.0,0.0,2.0,5.0,1.0,188.0,0.0,0.0,2.0,33.0,0.0,30.0,0.0,238.0,1115.0,499.0,404.0
Harnett-3785PR24,345.0,6.0,49.0,1247.0,189.0,3.0,25.0,181.0,0.0,0.0,0.0,2.0,0.0,0.0,0.0,0.0,0.0,0.0,1.0,1.0,12.0,0.0,452.0,1.0,0.0,2.0,38.0,3.0,42.0,0.0,397.0,1647.0,948.0,398.0
Harnett-3785PR25,626.0,2.0,14.0,626.0,346.0,2.0,12.0,150.0,0.0,0.0,0.0,2.0,0.0,0.0,0.0,0.0,0.0,0.0,0.0,2.0,3.0,1.0,237.0,0.0,0.0,3.0,15.0,0.0,20.0,0.0,170.0,1268.0,451.0,510.0
Harnett-3785PR26,292.0,2.0,25.0,809.0,176.0,0.0,5.0,179.0,0.0,0.0,0.0,1.0,0.0,1.0,0.0,0.0,0.0,0.0,0.0,3.0,8.0,1.0,216.0,0.0,0.0,5.0,31.0,0.0,24.0,2.0,288.0,1128.0,578.0,360.0
Harnett-3785PR28,360.0,0.0,50.0,1330.0,188.0,4.0,9.0,216.0,0.0,0.0,0.0,1.0,0.0,0.0,0.0,0.0,0.0,0.0,0.0,1.0,7.0,2.0,514.0,1.0,1.0,4.0,48.0,1.0,32.0,0.0,420.0,1740.0,1031.0,417.0
Harnett-3785PR29,505.0,1.0,26.0,782.0,280.0,3.0,12.0,189.0,0.0,2.0,0.0,0.0,0.0,0.0,0.0,0.0,0.0,0.0,0.0,5.0,5.0,1.0,291.0,1.0,0.0,2.0,53.0,1.0,39.0,0.0,297.0,1314.0,695.0,484.0
Harnett-3785PR31,200.0,1.0,14.0,204.0,169.0,2.0,10.0,99.0,0.0,0.0,0.0,0.0,0.0,0.0,0.0,0.0,1.0,0.0,0.0,1.0,2.0,0.0,82.0,0.0,0.0,1.0,8.0,2.0,6.0,0.0,74.0,419.0,176.0,280.0
Harnett-3785PR32,292.0,4.0,29.0,568.0,148.0,6.0,8.0,144.0,0.0,0.0,0.0,1.0,0.0,0.0,0.0,0.0,0.0,0.0,0.0,1.0,6.0,0.0,237.0,0.0,0.0,0.0,40.0,0.0,34.0,0.0,191.0,893.0,509.0,306.0
Haywood-3787ABSENTEE,457.0,2.0,24.0,563.0,0.0,0.0,0.0,0.0,0.0,0.0,0.0,0.0,0.0,0.0,0.0,0.0,0.0,0.0,0.0,0.0,0.0,0.0,0.0,0.0,0.0,0.0,0.0,0.0,0.0,0.0,0.0,1046.0,0.0,0.0
Haywood-3787AC,456.0,3.0,37.0,862.0,184.0,1.0,9.0,177.0,0.0,0.0,0.0,0.0,0.0,0.0,0.0,1.0,0.0,0.0,0.0,1.0,3.0,0.0,141.0,0.0,0.0,1.0,51.0,0.0,44.0,1.0,146.0,1358.0,388.0,371.0
Haywood-3787BC,4.0,0.0,1.0,12.0,1.0,0.0,0.0,4.0,0.0,0.0,0.0,0.0,0.0,0.0,0.0,0.0,0.0,1.0,0.0,0.0,0.0,0.0,3.0,0.0,0.0,0.0,0.0,0.0,0.0,0.0,5.0,17.0,8.0,5.0
Haywood-3787BE-1,212.0,3.0,25.0,532.0,60.0,1.0,6.0,112.0,0.0,1.0,0.0,1.0,0.0,0.0,0.0,0.0,0.0,0.0,0.0,0.0,2.0,0.0,83.0,0.0,0.0,1.0,9.0,0.0,12.0,0.0,82.0,772.0,189.0,179.0
Haywood-3787BE-2,223.0,1.0,27.0,471.0,89.0,0.0,5.0,95.0,0.0,0.0,0.0,0.0,0.0,0.0,0.0,0.0,0.0,0.0,0.0,1.0,6.0,0.0,62.0,0.0,0.0,0.0,15.0,1.0,13.0,0.0,73.0,722.0,171.0,189.0
Haywood-3787BE-3,359.0,5.0,38.0,839.0,138.0,3.0,6.0,160.0,0.0,0.0,0.0,1.0,0.0,0.0,0.0,0.0,0.0,0.0,0.0,1.0,3.0,0.0,142.0,0.0,0.0,1.0,27.0,1.0,14.0,0.0,130.0,1241.0,319.0,307.0
Haywood-3787BE-4,320.0,2.0,36.0,742.0,82.0,4.0,6.0,148.0,1.0,0.0,0.0,1.0,0.0,0.0,2.0,0.0,0.0,0.0,0.0,1.0,0.0,0.0,130.0,0.0,0.0,2.0,34.0,2.0,28.0,1.0,110.0,1100.0,308.0,240.0
Haywood-3787BE-7,171.0,1.0,27.0,606.0,64.0,4.0,8.0,115.0,0.0,0.0,0.0,0.0,0.0,0.0,0.0,0.0,0.0,0.0,0.0,1.0,3.0,0.0,115.0,0.0,0.0,0.0,14.0,0.0,11.0,0.0,107.0,805.0,251.0,191.0
Haywood-3787BE56,435.0,8.0,42.0,675.0,181.0,1.0,5.0,176.0,0.0,0.0,0.0,0.0,0.0,0.0,0.0,0.0,0.0,0.0,0.0,1.0,3.0,0.0,138.0,1.0,0.0,1.0,24.0,2.0,25.0,1.0,77.0,1160.0,273.0,363.0
Haywood-3787CE,47.0,0.0,5.0,237.0,13.0,2.0,0.0,26.0,0.0,0.0,0.0,1.0,0.0,0.0,0.0,0.0,0.0,0.0,0.0,0.0,4.0,0.0,38.0,0.0,0.0,1.0,12.0,0.0,3.0,2.0,49.0,289.0,109.0,41.0
Haywood-3787CL-N,440.0,3.0,40.0,885.0,148.0,2.0,7.0,168.0,0.0,0.0,0.0,2.0,0.0,0.0,0.0,0.0,0.0,0.0,0.0,4.0,7.0,1.0,143.0,0.0,0.0,4.0,35.0,2.0,25.0,0.0,146.0,1368.0,367.0,325.0
Haywood-3787CL-S,541.0,5.0,45.0,995.0,218.0,2.0,7.0,189.0,0.0,0.0,0.0,0.0,0.0,0.0,0.0,0.0,0.0,0.0,0.0,2.0,8.0,1.0,130.0,1.0,0.0,2.0,39.0,0.0,42.0,0.0,179.0,1586.0,404.0,416.0
Haywood-3787CR,400.0,7.0,21.0,619.0,178.0,1.0,6.0,148.0,0.0,0.0,0.0,0.0,0.0,0.0,0.0,0.0,0.0,0.0,0.0,0.0,2.0,0.0,136.0,1.0,0.0,1.0,36.0,1.0,8.0,0.0,100.0,1047.0,285.0,333.0
Haywood-3787EF,176.0,7.0,17.0,583.0,57.0,3.0,2.0,94.0,0.0,0.0,0.0,0.0,0.0,0.0,0.0,0.0,0.0,0.0,0.0,0.0,1.0,0.0,117.0,0.0,0.0,1.0,15.0,0.0,15.0,0.0,93.0,783.0,242.0,156.0
Haywood-3787FC-1,145.0,2.0,11.0,305.0,76.0,1.0,6.0,50.0,0.0,0.0,0.0,0.0,0.0,0.0,0.0,0.0,0.0,0.0,0.0,1.0,1.0,0.0,39.0,0.0,0.0,0.0,8.0,0.0,9.0,0.0,63.0,463.0,121.0,133.0
Haywood-3787FC-2,30.0,1.0,5.0,73.0,19.0,0.0,3.0,17.0,0.0,0.0,0.0,0.0,0.0,0.0,0.0,0.0,0.0,0.0,0.0,0.0,0.0,1.0,10.0,0.0,0.0,1.0,3.0,0.0,2.0,0.0,12.0,109.0,29.0,39.0
Haywood-3787HA,235.0,1.0,17.0,343.0,86.0,2.0,3.0,80.0,0.0,0.0,0.0,0.0,0.0,0.0,0.0,0.0,0.0,0.0,0.0,1.0,5.0,1.0,41.0,0.0,0.0,0.0,9.0,3.0,12.0,0.0,49.0,596.0,121.0,171.0
Haywood-3787ID,252.0,4.0,15.0,352.0,104.0,2.0,3.0,97.0,0.0,0.0,0.0,0.0,0.0,0.0,0.0,0.0,0.0,0.0,0.0,0.0,0.0,0.0,44.0,0.0,0.0,1.0,27.0,1.0,22.0,0.0,68.0,623.0,163.0,206.0
Haywood-3787IH,791.0,15.0,79.0,1524.0,276.0,3.0,8.0,279.0,0.0,0.0,0.0,3.0,0.0,0.0,0.0,1.0,1.0,0.0,0.0,3.0,6.0,2.0,213.0,0.0,1.0,3.0,88.0,2.0,56.0,0.0,357.0,2409.0,731.0,566.0
Haywood-3787JC,648.0,8.0,60.0,1286.0,279.0,3.0,2.0,242.0,0.0,0.0,0.0,1.0,0.0,1.0,1.0,0.0,0.0,0.0,0.0,4.0,4.0,1.0,198.0,0.0,1.0,2.0,69.0,3.0,45.0,0.0,250.0,2002.0,577.0,526.0
Haywood-3787LJ,578.0,3.0,47.0,620.0,295.0,2.0,5.0,185.0,0.0,0.0,0.0,0.0,0.0,0.0,0.0,0.0,0.0,0.0,0.0,1.0,1.0,2.0,100.0,0.0,0.0,2.0,53.0,1.0,38.0,0.0,130.0,1248.0,328.0,487.0
Haywood-3787P,435.0,9.0,49.0,1270.0,152.0,3.0,17.0,212.0,0.0,0.0,0.0,2.0,0.0,0.0,1.0,0.0,0.0,0.0,0.0,2.0,0.0,0.0,227.0,0.0,0.0,2.0,54.0,1.0,37.0,0.0,211.0,1763.0,534.0,384.0
Haywood-3787PC,167.0,5.0,13.0,566.0,54.0,1.0,5.0,85.0,0.0,0.0,0.0,0.0,0.0,1.0,0.0,0.0,0.0,0.0,0.0,1.0,2.0,0.0,92.0,0.0,0.0,3.0,15.0,1.0,6.0,0.0,80.0,751.0,200.0,145.0
Haywood-3787SA,481.0,5.0,43.0,834.0,177.0,2.0,7.0,206.0,0.0,0.0,0.0,1.0,0.0,1.0,0.0,0.0,0.0,0.0,0.0,2.0,7.0,0.0,146.0,1.0,1.0,0.0,38.0,0.0,36.0,0.0,111.0,1363.0,342.0,392.0
Haywood-3787WC,211.0,2.0,27.0,180.0,63.0,1.0,4.0,84.0,1.0,0.0,0.0,1.0,0.0,0.0,0.0,0.0,0.0,0.0,0.0,0.0,3.0,0.0,34.0,0.0,0.0,1.0,14.0,0.0,8.0,0.0,33.0,420.0,93.0,152.0
Haywood-3787WE,419.0,2.0,35.0,600.0,165.0,2.0,7.0,164.0,0.0,0.0,0.0,1.0,0.0,0.0,0.0,0.0,0.0,0.0,0.0,1.0,1.0,0.0,99.0,0.0,0.0,2.0,36.0,0.0,24.0,1.0,83.0,1056.0,247.0,338.0
Haywood-3787WO,71.0,1.0,6.0,108.0,24.0,0.0,0.0,44.0,0.0,0.0,0.0,0.0,0.0,0.0,0.0,0.0,0.0,0.0,0.0,0.0,0.0,0.0,13.0,0.0,0.0,0.0,3.0,0.0,4.0,0.0,22.0,186.0,42.0,68.0
Haywood-3787WS-1,618.0,7.0,38.0,765.0,269.0,2.0,4.0,196.0,0.0,0.0,0.0,2.0,0.0,0.0,0.0,0.0,0.0,0.0,0.0,2.0,3.0,0.0,126.0,0.0,0.0,2.0,70.0,0.0,31.0,0.0,146.0,1428.0,380.0,471.0
Haywood-3787WS-2,509.0,3.0,28.0,607.0,191.0,2.0,7.0,218.0,0.0,0.0,0.0,1.0,0.0,0.0,0.0,1.0,0.0,0.0,0.0,1.0,1.0,0.0,98.0,1.0,0.0,0.0,52.0,0.0,33.0,0.0,99.0,1147.0,285.0,418.0
Haywood-3787WW,400.0,2.0,38.0,615.0,126.0,3.0,3.0,126.0,0.0,1.0,0.0,2.0,0.0,0.0,0.0,0.0,0.0,0.0,0.0,3.0,2.0,1.0,110.0,0.0,0.0,1.0,28.0,0.0,14.0,0.0,94.0,1055.0,253.0,258.0
Henderson-3789ABSENTEE,1219.0,5.0,95.0,1810.0,0.0,0.0,0.0,0.0,0.0,0.0,0.0,0.0,0.0,0.0,0.0,0.0,0.0,0.0,0.0,0.0,0.0,0.0,0.0,0.0,0.0,0.0,0.0,0.0,0.0,0.0,0.0,3129.0,0.0,0.0
Henderson-3789AR,329.0,2.0,16.0,602.0,87.0,0.0,2.0,119.0,0.0,0.0,0.0,1.0,0.0,0.0,0.0,0.0,0.0,0.0,0.0,2.0,5.0,2.0,169.0,1.0,0.0,1.0,56.0,0.0,30.0,2.0,148.0,949.0,416.0,208.0
Henderson-3789AT,665.0,9.0,55.0,1416.0,208.0,0.0,4.0,187.0,0.0,1.0,0.0,0.0,0.0,0.0,0.0,0.0,0.0,0.0,0.0,1.0,3.0,1.0,339.0,1.0,0.0,2.0,205.0,1.0,109.0,0.0,302.0,2145.0,964.0,399.0
Henderson-3789BC,215.0,2.0,8.0,387.0,43.0,1.0,0.0,96.0,0.0,0.0,0.0,2.0,0.0,0.0,0.0,0.0,0.0,0.0,0.0,0.0,2.0,1.0,80.0,0.0,0.0,0.0,18.0,2.0,5.0,0.0,110.0,612.0,218.0,140.0
Henderson-3789BK,294.0,1.0,41.0,484.0,99.0,0.0,2.0,74.0,0.0,1.0,0.0,1.0,0.0,0.0,0.0,0.0,0.0,0.0,0.0,0.0,3.0,0.0,100.0,0.0,0.0,1.0,21.0,0.0,30.0,1.0,84.0,820.0,240.0,175.0
Henderson-3789CB,220.0,4.0,18.0,568.0,45.0,0.0,3.0,76.0,1.0,0.0,0.0,2.0,0.0,0.0,1.0,0.0,0.0,0.0,0.0,1.0,4.0,0.0,168.0,0.0,0.0,1.0,47.0,0.0,15.0,1.0,110.0,810.0,347.0,124.0
Henderson-3789CC,716.0,12.0,75.0,1540.0,175.0,1.0,2.0,191.0,0.0,0.0,0.0,1.0,0.0,0.0,0.0,0.0,0.0,0.0,1.0,1.0,4.0,1.0,400.0,0.0,0.0,1.0,90.0,2.0,76.0,0.0,337.0,2343.0,912.0,369.0
Henderson-3789CV,165.0,0.0,6.0,212.0,58.0,0.0,0.0,25.0,0.0,0.0,0.0,0.0,0.0,0.0,0.0,0.0,0.0,0.0,0.0,4.0,1.0,2.0,67.0,1.0,0.0,2.0,88.0,0.0,17.0,1.0,45.0,383.0,228.0,83.0
Henderson-3789ED,412.0,8.0,35.0,1136.0,107.0,0.0,6.0,120.0,0.0,0.0,0.0,4.0,0.0,1.0,0.0,0.0,0.0,0.0,1.0,3.0,7.0,0.0,263.0,1.0,1.0,0.0,58.0,1.0,40.0,1.0,243.0,1591.0,618.0,233.0
Henderson-3789EF,430.0,11.0,37.0,995.0,93.0,1.0,1.0,110.0,0.0,1.0,0.0,2.0,0.0,0.0,0.0,0.0,1.0,0.0,0.0,3.0,7.0,0.0,254.0,0.0,0.0,3.0,39.0,1.0,46.0,0.0,223.0,1473.0,576.0,205.0
Henderson-3789ES,421.0,5.0,40.0,926.0,128.0,1.0,7.0,166.0,0.0,1.0,0.0,2.0,0.0,0.0,0.0,0.0,0.0,0.0,0.0,0.0,4.0,0.0,180.0,1.0,0.0,1.0,73.0,1.0,44.0,0.0,208.0,1392.0,512.0,302.0
Henderson-3789EV,527.0,7.0,42.0,1184.0,151.0,1.0,2.0,177.0,0.0,1.0,0.0,0.0,0.0,0.0,0.0,0.0,0.0,0.0,0.0,5.0,6.0,2.0,312.0,0.0,0.0,1.0,106.0,5.0,77.0,0.0,283.0,1760.0,797.0,331.0
Henderson-3789FL,1112.0,9.0,77.0,1529.0,294.0,1.0,2.0,312.0,0.0,0.0,0.0,3.0,0.0,0.0,0.0,1.0,0.0,0.0,1.0,2.0,6.0,1.0,365.0,0.0,0.0,1.0,111.0,1.0,81.0,1.0,264.0,2727.0,833.0,609.0
Henderson-3789FR,961.0,10.0,52.0,1383.0,296.0,0.0,2.0,182.0,0.0,0.0,0.0,2.0,0.0,0.0,0.0,0.0,0.0,0.0,0.0,4.0,6.0,3.0,370.0,1.0,3.0,2.0,343.0,3.0,124.0,0.0,331.0,2406.0,1190.0,480.0
Henderson-3789GM,278.0,3.0,24.0,538.0,75.0,1.0,1.0,79.0,0.0,0.0,0.0,1.0,0.0,0.0,0.0,0.0,0.0,0.0,0.0,0.0,0.0,0.0,142.0,0.0,0.0,0.0,47.0,1.0,31.0,0.0,101.0,843.0,322.0,156.0
Henderson-3789GR,393.0,7.0,45.0,1277.0,110.0,0.0,2.0,113.0,0.0,0.0,0.0,1.0,0.0,0.0,0.0,0.0,0.0,0.0,0.0,7.0,7.0,0.0,377.0,0.0,2.0,8.0,81.0,1.0,57.0,0.0,248.0,1722.0,788.0,225.0
Henderson-3789HC,676.0,9.0,75.0,1429.0,173.0,0.0,8.0,194.0,0.0,1.0,0.0,2.0,0.0,0.0,0.0,0.0,0.0,0.0,0.0,3.0,3.0,0.0,377.0,0.0,0.0,1.0,83.0,1.0,54.0,0.0,253.0,2189.0,775.0,375.0
Henderson-3789HS,591.0,2.0,48.0,1016.0,155.0,0.0,2.0,168.0,0.0,0.0,0.0,0.0,0.0,0.0,0.0,0.0,0.0,0.0,0.0,2.0,8.0,0.0,311.0,0.0,0.0,1.0,133.0,1.0,63.0,0.0,255.0,1657.0,774.0,325.0
Henderson-3789HV-1,767.0,5.0,55.0,730.0,238.0,0.0,0.0,205.0,0.0,1.0,0.0,1.0,0.0,0.0,0.0,0.0,0.0,0.0,0.0,2.0,5.0,1.0,224.0,1.0,0.0,2.0,132.0,1.0,57.0,2.0,154.0,1557.0,581.0,443.0
Henderson-3789HV-2,682.0,7.0,45.0,602.0,188.0,0.0,1.0,167.0,0.0,0.0,0.0,1.0,0.0,1.0,1.0,0.0,0.0,0.0,0.0,5.0,4.0,0.0,146.0,0.0,0.0,0.0,103.0,2.0,40.0,1.0,135.0,1336.0,436.0,356.0
Henderson-3789HV-3,815.0,16.0,52.0,720.0,230.0,2.0,3.0,283.0,0.0,1.0,0.0,1.0,0.0,0.0,0.0,1.0,0.0,0.0,0.0,2.0,4.0,1.0,159.0,0.0,0.0,0.0,86.0,1.0,38.0,0.0,172.0,1603.0,463.0,518.0
Henderson-3789LJ,583.0,3.0,41.0,830.0,192.0,1.0,2.0,135.0,0.0,0.0,0.0,1.0,0.0,0.0,0.0,0.0,0.0,0.0,0.0,1.0,2.0,0.0,218.0,0.0,1.0,2.0,143.0,2.0,65.0,0.0,198.0,1457.0,632.0,330.0
Henderson-3789LP,601.0,9.0,33.0,646.0,200.0,0.0,2.0,161.0,0.0,0.0,0.0,0.0,0.0,0.0,0.0,1.0,0.0,0.0,0.0,3.0,0.0,1.0,166.0,0.0,0.0,2.0,140.0,1.0,42.0,0.0,193.0,1289.0,548.0,363.0
Henderson-3789MG,199.0,1.0,25.0,424.0,58.0,1.0,1.0,56.0,0.0,0.0,0.0,0.0,0.0,0.0,0.0,0.0,0.0,0.0,0.0,1.0,2.0,0.0,88.0,0.0,0.0,1.0,28.0,1.0,23.0,0.0,105.0,649.0,249.0,116.0
Henderson-3789NB,583.0,11.0,61.0,1695.0,129.0,1.0,3.0,179.0,0.0,0.0,0.0,1.0,0.0,0.0,0.0,0.0,0.0,0.0,0.0,4.0,8.0,3.0,337.0,0.0,0.0,1.0,90.0,3.0,84.0,0.0,390.0,2350.0,920.0,312.0
Henderson-3789NE,393.0,0.0,34.0,658.0,116.0,0.0,2.0,89.0,0.0,0.0,0.0,0.0,0.0,0.0,0.0,0.0,0.0,0.0,0.0,2.0,4.0,0.0,163.0,0.0,0.0,2.0,29.0,1.0,24.0,1.0,161.0,1085.0,387.0,207.0
Henderson-3789NM,675.0,12.0,65.0,1235.0,166.0,0.0,4.0,192.0,1.0,0.0,0.0,3.0,0.0,0.0,0.0,0.0,0.0,0.0,0.0,1.0,9.0,1.0,328.0,1.0,0.0,0.0,140.0,2.0,50.0,1.0,237.0,1987.0,770.0,362.0
Henderson-3789NW,477.0,2.0,46.0,723.0,116.0,1.0,2.0,166.0,0.0,1.0,0.0,5.0,0.0,0.0,0.0,0.0,0.0,0.0,0.0,2.0,3.0,2.0,203.0,0.0,0.0,2.0,69.0,1.0,39.0,0.0,136.0,1248.0,457.0,285.0
Henderson-3789PR,516.0,6.0,62.0,1021.0,135.0,1.0,1.0,134.0,0.0,0.0,0.0,0.0,0.0,0.0,0.0,0.0,0.0,0.0,0.0,3.0,23.0,0.0,257.0,3.0,0.0,0.0,86.0,1.0,47.0,0.0,211.0,1605.0,631.0,271.0
Henderson-3789PV,540.0,10.0,33.0,882.0,161.0,0.0,0.0,166.0,0.0,1.0,0.0,1.0,0.0,0.0,0.0,0.0,0.0,0.0,0.0,0.0,2.0,1.0,238.0,1.0,0.0,1.0,140.0,2.0,60.0,0.0,214.0,1465.0,659.0,327.0
Henderson-3789RG,462.0,5.0,56.0,1008.0,98.0,0.0,0.0,150.0,0.0,0.0,1.0,0.0,0.0,0.0,0.0,0.0,0.0,0.0,0.0,0.0,4.0,0.0,284.0,0.0,0.0,4.0,89.0,1.0,43.0,0.0,214.0,1531.0,639.0,248.0
Henderson-3789RR,198.0,5.0,19.0,399.0,61.0,0.0,1.0,80.0,0.0,0.0,0.0,0.0,0.0,0.0,0.0,0.0,0.0,0.0,0.0,0.0,2.0,0.0,99.0,0.0,0.0,0.0,39.0,1.0,11.0,1.0,93.0,621.0,246.0,142.0
Henderson-3789SB,405.0,6.0,46.0,1340.0,114.0,2.0,0.0,118.0,0.0,0.0,0.0,0.0,0.0,0.0,0.0,0.0,0.0,0.0,0.0,4.0,9.0,0.0,315.0,0.0,0.0,1.0,74.0,3.0,74.0,1.0,289.0,1797.0,770.0,234.0
Henderson-3789SE,240.0,6.0,21.0,505.0,58.0,1.0,0.0,77.0,0.0,0.0,0.0,1.0,0.0,0.0,0.0,0.0,1.0,0.0,0.0,2.0,3.0,0.0,148.0,1.0,0.0,1.0,20.0,0.0,17.0,0.0,104.0,772.0,296.0,136.0
Henderson-3789SM,687.0,10.0,70.0,1647.0,169.0,2.0,3.0,236.0,0.0,0.0,0.0,2.0,0.0,0.0,0.0,1.0,0.0,0.0,0.0,3.0,6.0,1.0,458.0,0.0,0.0,2.0,108.0,2.0,98.0,0.0,274.0,2414.0,952.0,410.0
Henderson-3789SW,614.0,7.0,50.0,977.0,131.0,2.0,1.0,182.0,0.0,0.0,0.0,1.0,0.0,1.0,0.0,0.0,0.0,0.0,0.0,1.0,4.0,0.0,269.0,0.0,0.0,1.0,116.0,0.0,58.0,0.0,217.0,1648.0,666.0,316.0
Hertford-3791A1,295.0,0.0,11.0,187.0,243.0,3.0,9.0,133.0,0.0,0.0,0.0,0.0,0.0,0.0,0.0,0.0,0.0,0.0,0.0,1.0,0.0,0.0,24.0,1.0,0.0,0.0,6.0,0.0,3.0,0.0,34.0,493.0,69.0,388.0
Hertford-3791A2,217.0,0.0,8.0,228.0,164.0,2.0,12.0,110.0,0.0,0.0,0.0,0.0,0.0,0.0,0.0,0.0,0.0,0.0,0.0,0.0,2.0,0.0,41.0,0.0,0.0,0.0,6.0,0.0,12.0,0.0,68.0,453.0,129.0,288.0
Hertford-3791A3,286.0,0.0,3.0,14.0,168.0,0.0,0.0,49.0,0.0,0.0,0.0,0.0,0.0,0.0,0.0,0.0,0.0,0.0,0.0,0.0,0.0,0.0,1.0,0.0,0.0,1.0,0.0,0.0,0.0,0.0,6.0,303.0,8.0,217.0
Hertford-3791BR,114.0,0.0,1.0,23.0,70.0,0.0,0.0,21.0,0.0,0.0,0.0,0.0,0.0,0.0,0.0,0.0,0.0,0.0,0.0,0.0,0.0,0.0,1.0,0.0,0.0,0.0,1.0,0.0,0.0,0.0,5.0,138.0,7.0,91.0
Hertford-3791CM,89.0,0.0,1.0,120.0,50.0,0.0,3.0,25.0,0.0,0.0,0.0,0.0,0.0,0.0,0.0,0.0,0.0,0.0,0.0,0.0,1.0,0.0,19.0,0.0,0.0,0.0,4.0,0.0,3.0,0.0,19.0,210.0,46.0,78.0
Hertford-3791CO,135.0,0.0,0.0,33.0,103.0,0.0,0.0,26.0,0.0,0.0,0.0,0.0,0.0,0.0,0.0,0.0,0.0,0.0,0.0,0.0,0.0,0.0,0.0,0.0,0.0,0.0,2.0,0.0,1.0,0.0,8.0,168.0,11.0,129.0
Hertford-3791HV,192.0,0.0,3.0,146.0,103.0,1.0,5.0,44.0,0.0,0.0,0.0,0.0,0.0,0.0,0.0,0.0,0.0,0.0,0.0,0.0,1.0,0.0,9.0,0.0,0.0,0.0,2.0,0.0,4.0,0.0,25.0,341.0,41.0,153.0
Hertford-3791M1,377.0,0.0,16.0,178.0,253.0,2.0,4.0,112.0,0.0,0.0,0.0,0.0,0.0,0.0,0.0,0.0,0.0,0.0,0.0,0.0,5.0,0.0,32.0,0.0,0.0,0.0,15.0,1.0,2.0,0.0,47.0,571.0,102.0,371.0
Hertford-3791M2,204.0,0.0,6.0,61.0,190.0,0.0,3.0,51.0,0.0,0.0,0.0,0.0,0.0,0.0,0.0,0.0,0.0,0.0,0.0,0.0,1.0,0.0,7.0,0.0,0.0,0.0,1.0,0.0,2.0,0.0,14.0,271.0,25.0,244.0
Hertford-3791MAIL ABSENTEE,131.0,0.0,6.0,41.0,0.0,0.0,0.0,0.0,0.0,0.0,0.0,0.0,0.0,0.0,0.0,0.0,0.0,0.0,0.0,0.0,0.0,0.0,0.0,0.0,0.0,0.0,0.0,0.0,0.0,0.0,0.0,178.0,0.0,0.0
Hertford-3791ML,54.0,0.0,6.0,213.0,34.0,1.0,1.0,39.0,0.0,0.0,0.0,0.0,0.0,0.0,0.0,0.0,0.0,0.0,0.0,0.0,1.0,0.0,45.0,0.0,0.0,0.0,1.0,0.0,1.0,0.0,27.0,273.0,75.0,75.0
Hertford-3791OS AHOSKIE,1887.0,0.0,18.0,566.0,483.0,4.0,6.0,84.0,0.0,0.0,0.0,0.0,0.0,0.0,0.0,0.0,0.0,0.0,0.0,0.0,0.0,0.0,9.0,0.0,0.0,0.0,1.0,0.0,1.0,0.0,8.0,2471.0,19.0,577.0
Hertford-3791OS BOE,1093.0,0.0,13.0,548.0,356.0,7.0,8.0,61.0,0.0,0.0,0.0,0.0,0.0,0.0,0.0,0.0,0.0,0.0,0.0,0.0,1.0,1.0,14.0,0.0,0.0,0.0,3.0,0.0,5.0,0.0,14.0,1654.0,38.0,432.0
Hertford-3791OS MBORO,1343.0,0.0,32.0,413.0,309.0,2.0,4.0,66.0,0.0,0.0,0.0,0.0,0.0,0.0,0.0,0.0,0.0,0.0,0.0,0.0,1.0,0.0,18.0,0.0,0.0,0.0,4.0,0.0,2.0,0.0,26.0,1788.0,51.0,381.0
Hertford-3791SJ,203.0,0.0,2.0,107.0,123.0,0.0,5.0,45.0,0.0,0.0,0.0,0.0,0.0,0.0,0.0,0.0,0.0,0.0,0.0,0.0,0.0,0.0,7.0,0.0,0.0,0.0,0.0,0.0,0.0,0.0,16.0,312.0,23.0,173.0
Hertford-3791UN,140.0,0.0,5.0,139.0,120.0,2.0,4.0,39.0,0.0,0.0,0.0,0.0,0.0,0.0,0.0,0.0,0.0,0.0,0.0,0.0,0.0,0.0,17.0,0.0,0.0,0.0,1.0,1.0,3.0,0.0,21.0,284.0,43.0,165.0
Hertford-3791WN,137.0,0.0,2.0,70.0,128.0,2.0,5.0,50.0,0.0,0.0,0.0,0.0,0.0,0.0,0.0,0.0,0.0,0.0,0.0,0.0,0.0,1.0,12.0,0.0,0.0,0.0,0.0,0.0,3.0,0.0,17.0,209.0,33.0,185.0
Hoke-379301,102.0,0.0,7.0,124.0,30.0,0.0,4.0,33.0,0.0,0.0,0.0,0.0,0.0,0.0,0.0,0.0,0.0,0.0,0.0,0.0,3.0,0.0,7.0,0.0,0.0,0.0,2.0,0.0,0.0,0.0,9.0,233.0,21.0,67.0
Hoke-379302,629.0,1.0,38.0,452.0,247.0,1.0,7.0,169.0,0.0,0.0,0.0,0.0,0.0,0.0,0.0,0.0,0.0,0.0,0.0,2.0,2.0,0.0,18.0,0.0,0.0,0.0,2.0,1.0,9.0,0.0,51.0,1120.0,85.0,424.0
Hoke-379303,344.0,1.0,15.0,188.0,149.0,2.0,8.0,62.0,0.0,0.0,0.0,0.0,0.0,0.0,0.0,0.0,0.0,0.0,0.0,0.0,3.0,0.0,19.0,0.0,0.0,0.0,2.0,0.0,4.0,0.0,29.0,548.0,57.0,221.0
Hoke-379304,281.0,1.0,11.0,387.0,97.0,3.0,7.0,54.0,0.0,1.0,0.0,0.0,0.0,0.0,0.0,0.0,0.0,0.0,0.0,0.0,1.0,0.0,69.0,0.0,0.0,1.0,9.0,0.0,6.0,1.0,70.0,680.0,157.0,161.0
Hoke-379305,463.0,2.0,34.0,493.0,133.0,3.0,3.0,116.0,0.0,1.0,0.0,0.0,0.0,1.0,0.0,0.0,0.0,0.0,0.0,0.0,0.0,0.0,68.0,0.0,0.0,0.0,14.0,0.0,9.0,0.0,97.0,992.0,188.0,255.0
Hoke-379306B,1166.0,2.0,106.0,1211.0,385.0,0.0,6.0,221.0,0.0,0.0,0.0,3.0,0.0,0.0,0.0,0.0,0.0,0.0,0.0,0.0,4.0,0.0,181.0,0.0,0.0,0.0,26.0,1.0,30.0,0.0,195.0,2485.0,437.0,612.0
Hoke-379312,804.0,8.0,88.0,1359.0,244.0,5.0,5.0,199.0,0.0,0.0,1.0,3.0,0.0,0.0,0.0,0.0,0.0,0.0,0.0,2.0,4.0,0.0,198.0,1.0,0.0,1.0,22.0,4.0,27.0,0.0,299.0,2259.0,558.0,453.0
Hoke-379313,282.0,1.0,20.0,547.0,141.0,2.0,6.0,107.0,0.0,0.0,0.0,0.0,0.0,0.0,0.0,0.0,0.0,0.0,0.0,1.0,2.0,0.0,70.0,0.0,0.0,0.0,8.0,0.0,3.0,0.0,98.0,850.0,182.0,256.0
Hoke-379314,1435.0,3.0,91.0,855.0,397.0,0.0,2.0,162.0,0.0,0.0,0.0,3.0,0.0,0.0,0.0,1.0,0.0,0.0,0.0,2.0,4.0,2.0,107.0,2.0,0.0,1.0,22.0,1.0,33.0,0.0,144.0,2384.0,318.0,561.0
Hoke-379315,739.0,6.0,46.0,506.0,214.0,0.0,1.0,103.0,0.0,1.0,0.0,2.0,0.0,0.0,0.0,0.0,0.0,0.0,0.0,1.0,7.0,0.0,62.0,0.0,0.0,0.0,7.0,0.0,11.0,0.0,91.0,1297.0,179.0,318.0
Hoke-379361,651.0,0.0,24.0,348.0,332.0,2.0,11.0,155.0,0.0,0.0,0.0,0.0,0.0,0.0,0.0,0.0,0.0,0.0,0.0,0.0,3.0,0.0,32.0,0.0,0.0,1.0,6.0,1.0,10.0,0.0,42.0,1023.0,95.0,500.0
Hoke-379362,326.0,2.0,16.0,242.0,144.0,2.0,6.0,79.0,0.0,0.0,0.0,0.0,0.0,0.0,0.0,0.0,0.0,0.0,0.0,3.0,2.0,1.0,32.0,0.0,0.0,0.0,1.0,0.0,5.0,0.0,44.0,586.0,88.0,231.0
Hoke-379363,1328.0,0.0,44.0,488.0,508.0,1.0,6.0,178.0,0.0,0.0,0.0,0.0,0.0,0.0,0.0,0.0,0.0,0.0,0.0,1.0,3.0,0.0,50.0,0.0,0.0,0.0,5.0,0.0,11.0,0.0,83.0,1860.0,153.0,693.0
Hoke-379364,680.0,0.0,33.0,548.0,286.0,1.0,4.0,157.0,0.0,0.0,0.0,0.0,0.0,0.0,0.0,0.0,0.0,0.0,0.0,1.0,0.0,0.0,50.0,0.0,0.0,0.0,7.0,3.0,7.0,0.0,89.0,1261.0,157.0,448.0
Hoke-379365,496.0,0.0,4.0,12.0,269.0,0.0,0.0,61.0,0.0,0.0,0.0,0.0,0.0,0.0,0.0,0.0,0.0,0.0,0.0,0.0,0.0,0.0,1.0,0.0,0.0,0.0,0.0,0.0,1.0,0.0,0.0,512.0,2.0,330.0
Hyde-3795ABSENTEE,28.0,0.0,1.0,29.0,6.0,0.0,1.0,10.0,0.0,0.0,0.0,1.0,0.0,0.0,0.0,0.0,0.0,0.0,0.0,0.0,0.0,0.0,3.0,0.0,0.0,0.0,1.0,0.0,0.0,0.0,1.0,58.0,5.0,17.0
Hyde-3795BM,13.0,0.0,2.0,145.0,4.0,1.0,1.0,18.0,0.0,0.0,0.0,0.0,0.0,0.0,0.0,0.0,0.0,0.0,0.0,0.0,0.0,0.0,36.0,0.0,0.0,0.0,0.0,0.0,2.0,0.0,31.0,160.0,69.0,24.0
Hyde-3795ENG,82.0,0.0,6.0,172.0,75.0,1.0,5.0,54.0,0.0,0.0,0.0,0.0,0.0,0.0,0.0,0.0,0.0,0.0,0.0,0.0,1.0,0.0,14.0,0.0,0.0,0.0,5.0,1.0,0.0,0.0,38.0,260.0,59.0,135.0
Hyde-3795FF,65.0,0.0,0.0,127.0,33.0,1.0,3.0,33.0,0.0,0.0,0.0,0.0,0.0,0.0,0.0,0.0,0.0,0.0,0.0,0.0,0.0,0.0,6.0,0.0,0.0,0.0,0.0,0.0,2.0,0.0,30.0,192.0,38.0,70.0
Hyde-3795LL,108.0,0.0,1.0,113.0,90.0,1.0,2.0,36.0,0.0,0.0,0.0,0.0,0.0,0.0,0.0,0.0,0.0,0.0,0.0,0.0,0.0,1.0,15.0,0.0,0.0,0.0,1.0,0.0,2.0,0.0,21.0,222.0,40.0,129.0
Hyde-3795OCK,142.0,0.0,16.0,91.0,99.0,2.0,0.0,118.0,0.0,1.0,0.0,0.0,0.0,0.0,0.0,0.0,0.0,0.0,0.0,0.0,0.0,0.0,14.0,0.0,0.0,0.0,13.0,0.0,2.0,0.0,23.0,249.0,52.0,219.0
Hyde-3795OS BOE,233.0,1.0,5.0,272.0,53.0,2.0,3.0,27.0,0.0,0.0,0.0,0.0,0.0,0.0,0.0,0.0,0.0,0.0,0.0,0.0,0.0,0.0,8.0,0.0,0.0,0.0,2.0,0.0,3.0,0.0,19.0,511.0,32.0,85.0
Hyde-3795OS OCK,176.0,0.0,5.0,67.0,23.0,0.0,1.0,24.0,0.0,0.0,0.0,0.0,0.0,0.0,0.0,0.0,0.0,0.0,0.0,0.0,0.0,0.0,2.0,0.0,0.0,0.0,6.0,0.0,4.0,0.0,8.0,248.0,20.0,48.0
Hyde-3795SLAD,61.0,0.0,4.0,122.0,43.0,0.0,0.0,26.0,0.0,0.0,0.0,0.0,0.0,0.0,0.0,0.0,0.0,0.0,0.0,0.0,0.0,0.0,28.0,0.0,0.0,0.0,2.0,1.0,1.0,0.0,28.0,187.0,60.0,69.0
Hyde-3795SQ,51.0,0.0,2.0,140.0,34.0,1.0,2.0,42.0,0.0,0.0,0.0,0.0,0.0,0.0,0.0,0.0,0.0,0.0,0.0,0.0,0.0,0.0,13.0,0.0,0.0,0.0,3.0,0.0,3.0,1.0,19.0,193.0,39.0,79.0
Iredell-3797BA,737.0,3.0,73.0,2363.0,212.0,3.0,9.0,175.0,0.0,0.0,0.0,2.0,0.0,0.0,0.0,0.0,0.0,0.0,0.0,4.0,11.0,1.0,364.0,0.0,1.0,3.0,78.0,2.0,50.0,0.0,537.0,3176.0,1051.0,399.0
Iredell-3797BE,934.0,4.0,73.0,2719.0,264.0,3.0,14.0,208.0,0.0,0.0,0.0,0.0,0.0,0.0,0.0,0.0,0.0,0.0,0.0,1.0,11.0,2.0,614.0,1.0,1.0,7.0,140.0,0.0,90.0,1.0,593.0,3730.0,1461.0,489.0
Iredell-3797CC1,1394.0,2.0,159.0,2704.0,281.0,3.0,4.0,342.0,0.0,1.0,1.0,4.0,0.0,1.0,0.0,0.0,0.0,0.0,0.0,5.0,14.0,1.0,464.0,0.0,0.0,1.0,148.0,2.0,111.0,0.0,593.0,4259.0,1339.0,630.0
Iredell-3797CC2,1464.0,6.0,129.0,2272.0,336.0,4.0,6.0,287.0,0.0,0.0,0.0,3.0,0.0,1.0,0.0,0.0,0.0,0.0,0.0,5.0,8.0,1.0,339.0,3.0,0.0,2.0,95.0,4.0,66.0,0.0,522.0,3871.0,1045.0,633.0
Iredell-3797CC3,1679.0,13.0,191.0,3537.0,333.0,2.0,5.0,405.0,0.0,0.0,0.0,6.0,0.0,0.0,0.0,1.0,0.0,0.0,0.0,4.0,20.0,0.0,594.0,2.0,0.0,8.0,210.0,1.0,151.0,2.0,786.0,5420.0,1778.0,745.0
Iredell-3797CC4,1354.0,9.0,161.0,2818.0,223.0,2.0,5.0,253.0,0.0,1.0,0.0,1.0,0.0,0.0,0.0,0.0,0.0,0.0,0.0,4.0,12.0,3.0,459.0,1.0,1.0,5.0,182.0,5.0,95.0,0.0,574.0,4342.0,1341.0,483.0
Iredell-3797CD,701.0,2.0,63.0,2486.0,206.0,0.0,10.0,154.0,0.0,0.0,0.0,0.0,0.0,0.0,0.0,0.0,0.0,0.0,0.0,2.0,16.0,2.0,502.0,0.0,0.0,3.0,83.0,1.0,58.0,2.0,559.0,3252.0,1228.0,370.0
Iredell-3797CH-A,593.0,0.0,34.0,1142.0,208.0,2.0,3.0,126.0,0.0,0.0,0.0,0.0,0.0,0.0,0.0,0.0,0.0,0.0,0.0,1.0,1.0,0.0,257.0,0.0,1.0,3.0,50.0,2.0,22.0,0.0,240.0,1769.0,577.0,339.0
Iredell-3797CH-B,466.0,4.0,49.0,1278.0,107.0,0.0,6.0,121.0,0.0,0.0,0.0,1.0,0.0,0.0,0.0,0.0,0.0,0.0,0.0,0.0,2.0,1.0,181.0,0.0,1.0,1.0,18.0,1.0,20.0,3.0,305.0,1797.0,533.0,234.0
Iredell-3797CS,520.0,0.0,41.0,1332.0,171.0,1.0,7.0,127.0,0.0,0.0,0.0,1.0,0.0,0.0,0.0,0.0,0.0,0.0,1.0,2.0,6.0,0.0,276.0,0.0,0.0,1.0,45.0,1.0,34.0,1.0,316.0,1893.0,682.0,306.0
Iredell-3797DV1-A,1458.0,12.0,164.0,3829.0,262.0,2.0,8.0,283.0,0.0,0.0,0.0,4.0,0.0,0.0,0.0,1.0,0.0,0.0,0.0,2.0,14.0,1.0,504.0,1.0,0.0,2.0,235.0,3.0,169.0,2.0,933.0,5463.0,1866.0,555.0
Iredell-3797DV1-B,1897.0,6.0,190.0,4808.0,346.0,2.0,7.0,237.0,0.0,0.0,0.0,5.0,0.0,0.0,0.0,0.0,1.0,0.0,0.0,7.0,14.0,2.0,670.0,1.0,0.0,1.0,504.0,0.0,180.0,1.0,1209.0,6901.0,2589.0,592.0
Iredell-3797DV2-A,696.0,14.0,100.0,2238.0,126.0,1.0,4.0,169.0,0.0,0.0,0.0,4.0,0.0,0.0,0.0,0.0,0.0,0.0,1.0,5.0,10.0,1.0,316.0,1.0,0.0,0.0,208.0,2.0,91.0,0.0,608.0,3048.0,1242.0,300.0
Iredell-3797DV2-B,1014.0,15.0,105.0,2162.0,204.0,1.0,1.0,201.0,0.0,1.0,0.0,2.0,0.0,0.0,0.0,0.0,0.0,0.0,0.0,3.0,4.0,2.0,372.0,0.0,0.0,3.0,193.0,6.0,108.0,1.0,515.0,3296.0,1207.0,407.0
Iredell-3797EM,149.0,0.0,13.0,699.0,45.0,0.0,2.0,45.0,0.0,0.0,0.0,0.0,0.0,0.0,0.0,0.0,0.0,0.0,0.0,1.0,2.0,1.0,139.0,0.0,0.0,1.0,13.0,0.0,5.0,1.0,134.0,861.0,297.0,92.0
Iredell-3797FT,1379.0,6.0,132.0,3740.0,365.0,4.0,16.0,289.0,0.0,0.0,0.0,0.0,0.0,0.0,0.0,0.0,0.0,0.0,0.0,8.0,17.0,1.0,572.0,1.0,0.0,3.0,222.0,5.0,122.0,0.0,989.0,5257.0,1940.0,674.0
Iredell-3797NH,127.0,0.0,13.0,726.0,35.0,0.0,4.0,52.0,0.0,0.0,0.0,0.0,0.0,0.0,0.0,0.0,0.0,0.0,0.0,1.0,1.0,0.0,149.0,0.0,0.0,6.0,17.0,1.0,11.0,2.0,182.0,866.0,370.0,91.0
Iredell-3797OL,154.0,1.0,11.0,756.0,61.0,3.0,4.0,56.0,0.0,0.0,0.0,0.0,0.0,0.0,0.0,0.0,0.0,0.0,0.0,1.0,3.0,0.0,188.0,1.0,0.0,2.0,32.0,0.0,16.0,0.0,155.0,922.0,398.0,124.0
Iredell-3797SB,201.0,0.0,21.0,1116.0,58.0,0.0,1.0,76.0,0.0,0.0,0.0,0.0,0.0,0.0,0.0,0.0,0.0,0.0,0.0,0.0,4.0,1.0,254.0,0.0,0.0,1.0,27.0,0.0,19.0,2.0,268.0,1338.0,576.0,135.0
Iredell-3797SH-A,415.0,4.0,48.0,1694.0,130.0,2.0,8.0,128.0,0.0,0.0,0.0,0.0,0.0,0.0,0.0,0.0,0.0,0.0,0.0,1.0,11.0,0.0,313.0,0.0,0.0,1.0,47.0,3.0,39.0,0.0,464.0,2161.0,879.0,268.0
Iredell-3797SH-B,395.0,7.0,43.0,1772.0,82.0,2.0,10.0,110.0,0.0,0.0,0.0,0.0,0.0,0.0,0.0,0.0,0.0,0.0,0.0,0.0,10.0,1.0,298.0,1.0,0.0,1.0,45.0,3.0,23.0,0.0,425.0,2217.0,807.0,204.0
Iredell-3797ST1,1042.0,6.0,68.0,1551.0,261.0,0.0,8.0,198.0,0.0,0.0,1.0,3.0,0.0,1.0,0.0,0.0,0.0,0.0,0.0,0.0,14.0,0.0,318.0,1.0,0.0,5.0,137.0,4.0,71.0,0.0,423.0,2667.0,973.0,467.0
Iredell-3797ST2,894.0,9.0,63.0,1057.0,226.0,0.0,7.0,166.0,0.0,0.0,0.0,2.0,0.0,0.0,0.0,0.0,0.0,0.0,0.0,5.0,9.0,3.0,188.0,0.0,0.0,6.0,86.0,1.0,50.0,3.0,235.0,2023.0,586.0,399.0
Iredell-3797ST3,1174.0,2.0,46.0,903.0,286.0,2.0,3.0,128.0,0.0,0.0,0.0,0.0,0.0,0.0,0.0,0.0,0.0,0.0,0.0,1.0,7.0,1.0,153.0,0.0,0.0,1.0,26.0,2.0,19.0,0.0,202.0,2125.0,412.0,419.0
Iredell-3797ST4,915.0,8.0,61.0,1198.0,231.0,2.0,8.0,185.0,0.0,0.0,0.0,0.0,0.0,0.0,0.0,0.0,0.0,0.0,0.0,10.0,4.0,2.0,242.0,1.0,0.0,5.0,104.0,4.0,47.0,0.0,293.0,2182.0,712.0,426.0
Iredell-3797ST5,1082.0,5.0,44.0,1010.0,285.0,1.0,9.0,192.0,0.0,0.0,0.0,0.0,0.0,0.0,0.0,0.0,0.0,1.0,0.0,3.0,9.0,1.0,194.0,1.0,0.0,2.0,81.0,2.0,47.0,0.0,225.0,2141.0,565.0,487.0
Iredell-3797ST6,1273.0,2.0,22.0,881.0,368.0,2.0,5.0,140.0,0.0,0.0,0.0,0.0,0.0,0.0,0.0,0.0,0.0,0.0,0.0,2.0,6.0,0.0,123.0,2.0,0.0,0.0,35.0,0.0,26.0,1.0,185.0,2178.0,380.0,515.0
Iredell-3797TB,460.0,0.0,45.0,1121.0,134.0,1.0,7.0,108.0,0.0,0.0,0.0,0.0,0.0,0.0,0.0,0.0,0.0,0.0,0.0,4.0,7.0,0.0,181.0,0.0,0.0,0.0,33.0,2.0,27.0,0.0,253.0,1626.0,507.0,250.0
Iredell-3797UG,167.0,0.0,23.0,842.0,57.0,1.0,2.0,61.0,0.0,0.0,0.0,1.0,0.0,0.0,0.0,0.0,0.0,0.0,0.0,0.0,6.0,0.0,209.0,0.0,0.0,1.0,31.0,5.0,12.0,1.0,168.0,1032.0,433.0,121.0
Jackson-3799ABSENTEE,258.0,0.0,17.0,260.0,43.0,0.0,0.0,32.0,0.0,0.0,0.0,0.0,0.0,0.0,0.0,0.0,0.0,0.0,0.0,0.0,1.0,0.0,18.0,0.0,0.0,0.0,9.0,0.0,5.0,0.0,28.0,535.0,61.0,75.0
Jackson-3799BCK,257.0,1.0,21.0,559.0,77.0,1.0,4.0,94.0,0.0,0.0,0.0,2.0,0.0,0.0,0.0,0.0,0.0,0.0,0.0,0.0,1.0,0.0,95.0,0.0,0.0,0.0,40.0,0.0,17.0,0.0,108.0,838.0,261.0,176.0
Jackson-3799CAN,85.0,1.0,8.0,217.0,38.0,0.0,0.0,31.0,0.0,0.0,0.0,1.0,0.0,0.0,0.0,0.0,0.0,0.0,0.0,1.0,0.0,0.0,39.0,1.0,0.0,0.0,3.0,0.0,1.0,0.0,32.0,311.0,77.0,69.0
Jackson-3799CAS,388.0,4.0,22.0,812.0,143.0,0.0,4.0,96.0,0.0,0.0,0.0,0.0,0.0,0.0,0.0,0.0,0.0,0.0,0.0,4.0,2.0,0.0,144.0,0.0,0.0,1.0,99.0,1.0,44.0,0.0,211.0,1226.0,506.0,243.0
Jackson-3799CFK,136.0,2.0,10.0,244.0,44.0,0.0,3.0,71.0,0.0,0.0,0.0,1.0,0.0,0.0,0.0,0.0,0.0,0.0,0.0,0.0,1.0,0.0,35.0,0.0,0.0,0.0,14.0,1.0,9.0,0.0,45.0,392.0,105.0,118.0
Jackson-3799CUL,2086.0,41.0,262.0,1668.0,299.0,5.0,6.0,918.0,0.0,0.0,1.0,11.0,0.0,0.0,0.0,0.0,0.0,0.0,0.0,2.0,13.0,1.0,181.0,1.0,0.0,4.0,72.0,6.0,105.0,0.0,162.0,4057.0,547.0,1228.0
Jackson-3799CURBSIDE ED,18.0,0.0,1.0,20.0,0.0,0.0,0.0,0.0,0.0,0.0,0.0,0.0,0.0,0.0,0.0,0.0,0.0,0.0,0.0,0.0,0.0,0.0,0.0,0.0,0.0,0.0,0.0,0.0,0.0,0.0,0.0,39.0,0.0,0.0
Jackson-3799CURBSIDE OS,57.0,0.0,0.0,48.0,0.0,0.0,0.0,0.0,0.0,0.0,0.0,0.0,0.0,0.0,0.0,0.0,0.0,0.0,0.0,0.0,0.0,0.0,0.0,0.0,0.0,0.0,0.0,0.0,0.0,0.0,0.0,105.0,0.0,0.0
Jackson-3799GCK,252.0,3.0,24.0,423.0,88.0,2.0,1.0,130.0,0.0,0.0,0.0,2.0,0.0,0.0,0.0,0.0,0.0,0.0,0.0,0.0,0.0,0.0,74.0,0.0,0.0,2.0,22.0,0.0,18.0,0.0,81.0,702.0,197.0,221.0
Jackson-3799GLV,288.0,3.0,23.0,780.0,66.0,0.0,2.0,97.0,0.0,0.0,0.0,1.0,0.0,0.0,0.0,0.0,0.0,0.0,0.0,0.0,4.0,1.0,173.0,0.0,0.0,0.0,52.0,0.0,27.0,0.0,166.0,1094.0,423.0,165.0
Jackson-3799QUA,838.0,11.0,79.0,917.0,191.0,0.0,6.0,261.0,0.0,0.0,0.0,2.0,0.0,0.0,0.0,0.0,0.0,0.0,0.0,3.0,9.0,0.0,130.0,0.0,0.0,4.0,41.0,2.0,31.0,0.0,187.0,1845.0,407.0,458.0
Jackson-3799RIV,167.0,3.0,17.0,327.0,61.0,2.0,4.0,88.0,0.0,0.0,0.0,0.0,0.0,0.0,0.0,0.0,0.0,0.0,0.0,1.0,0.0,0.0,48.0,0.0,0.0,1.0,13.0,0.0,10.0,0.0,46.0,514.0,119.0,155.0
Jackson-3799SAV,250.0,4.0,24.0,503.0,78.0,0.0,4.0,113.0,0.0,0.0,0.0,0.0,0.0,0.0,0.0,0.0,0.0,0.0,0.0,1.0,4.0,0.0,69.0,0.0,0.0,0.0,20.0,1.0,11.0,0.0,105.0,781.0,211.0,195.0
Jackson-3799SCC,361.0,6.0,33.0,622.0,121.0,0.0,8.0,145.0,0.0,0.0,0.0,2.0,1.0,0.0,0.0,0.0,0.0,0.0,0.0,0.0,3.0,0.0,86.0,0.0,0.0,2.0,24.0,2.0,17.0,0.0,99.0,1022.0,233.0,274.0
Jackson-3799SND,792.0,16.0,76.0,877.0,261.0,2.0,6.0,328.0,0.0,0.0,0.0,1.0,0.0,0.0,0.0,0.0,0.0,0.0,0.0,4.0,2.0,0.0,134.0,0.0,0.0,3.0,57.0,1.0,29.0,0.0,115.0,1761.0,345.0,597.0
Jackson-3799SSW,826.0,7.0,69.0,875.0,287.0,2.0,8.0,346.0,0.0,0.0,0.0,1.0,0.0,0.0,0.0,0.0,0.0,0.0,0.0,4.0,3.0,1.0,116.0,2.0,1.0,1.0,36.0,0.0,31.0,0.0,141.0,1777.0,336.0,643.0
Jackson-3799WEB,610.0,8.0,50.0,644.0,230.0,1.0,13.0,280.0,0.0,0.0,0.0,0.0,0.0,0.0,0.0,0.0,0.0,0.0,0.0,4.0,4.0,0.0,96.0,0.0,0.0,2.0,46.0,0.0,23.0,0.0,104.0,1312.0,279.0,524.0
Johnston-37101ONE STOP ARCHER LODGE,2630.0,8.0,260.0,6185.0,0.0,0.0,0.0,0.0,0.0,0.0,0.0,0.0,0.0,0.0,0.0,0.0,0.0,0.0,0.0,0.0,0.0,0.0,0.0,0.0,0.0,0.0,0.0,0.0,0.0,0.0,0.0,9083.0,0.0,0.0
Johnston-37101ONE STOP BENSON,925.0,0.0,93.0,4220.0,0.0,0.0,0.0,0.0,0.0,0.0,0.0,0.0,0.0,0.0,0.0,0.0,0.0,0.0,0.0,0.0,0.0,0.0,0.0,0.0,0.0,0.0,0.0,0.0,0.0,0.0,0.0,5238.0,0.0,0.0
Johnston-37101ONE STOP CLAYTON,5499.0,18.0,308.0,6811.0,0.0,0.0,0.0,0.0,0.0,0.0,0.0,0.0,0.0,0.0,0.0,0.0,0.0,0.0,0.0,0.0,0.0,0.0,0.0,0.0,0.0,0.0,0.0,0.0,0.0,0.0,0.0,12636.0,0.0,0.0
Johnston-37101ONE STOP CLEVELAND,3450.0,17.0,276.0,6225.0,0.0,0.0,0.0,0.0,0.0,0.0,0.0,0.0,0.0,0.0,0.0,0.0,0.0,0.0,0.0,0.0,0.0,0.0,0.0,0.0,0.0,0.0,0.0,0.0,0.0,0.0,0.0,9968.0,0.0,0.0
Johnston-37101ONE STOP SMITHFIELD,6499.0,11.0,265.0,8408.0,0.0,0.0,0.0,0.0,0.0,0.0,0.0,0.0,0.0,0.0,0.0,0.0,0.0,0.0,0.0,0.0,0.0,0.0,0.0,0.0,0.0,0.0,0.0,0.0,0.0,0.0,0.0,15183.0,0.0,0.0
Johnston-37101PR04,151.0,0.0,6.0,390.0,82.0,2.0,3.0,48.0,0.0,0.0,0.0,0.0,0.0,0.0,0.0,0.0,1.0,0.0,0.0,1.0,5.0,0.0,79.0,0.0,0.0,1.0,10.0,0.0,9.0,0.0,147.0,547.0,252.0,135.0
Johnston-37101PR07,221.0,2.0,21.0,1007.0,159.0,1.0,7.0,136.0,0.0,0.0,0.0,1.0,0.0,0.0,0.0,0.0,0.0,0.0,0.0,1.0,14.0,1.0,291.0,0.0,0.0,0.0,21.0,1.0,32.0,1.0,267.0,1251.0,629.0,303.0
Johnston-37101PR08,93.0,0.0,7.0,716.0,45.0,2.0,8.0,130.0,0.0,0.0,0.0,0.0,0.0,0.0,0.0,0.0,0.0,0.0,0.0,1.0,2.0,0.0,207.0,0.0,0.0,3.0,11.0,1.0,15.0,0.0,220.0,816.0,460.0,185.0
Johnston-37101PR09,276.0,1.0,40.0,594.0,346.0,1.0,4.0,267.0,0.0,0.0,0.0,6.0,0.0,0.0,0.0,0.0,0.0,0.0,1.0,2.0,10.0,0.0,462.0,2.0,0.0,3.0,113.0,5.0,96.0,0.0,497.0,911.0,1190.0,618.0
Johnston-37101PR10A,269.0,6.0,25.0,242.0,299.0,2.0,4.0,238.0,0.0,0.0,0.0,0.0,1.0,1.0,0.0,0.0,0.0,0.0,2.0,1.0,3.0,0.0,189.0,0.0,0.0,1.0,34.0,1.0,27.0,0.0,152.0,542.0,408.0,543.0
Johnston-37101PR10B,122.0,1.0,27.0,315.0,141.0,1.0,1.0,111.0,0.0,0.0,0.0,4.0,0.0,0.0,0.0,0.0,0.0,0.0,0.0,0.0,11.0,0.0,232.0,0.0,0.0,2.0,32.0,1.0,29.0,0.0,213.0,465.0,520.0,254.0
Johnston-37101PR11A,186.0,3.0,30.0,406.0,277.0,2.0,4.0,177.0,0.0,1.0,0.0,1.0,0.0,0.0,0.0,0.0,0.0,0.0,0.0,3.0,2.0,1.0,244.0,0.0,0.0,1.0,49.0,2.0,22.0,1.0,225.0,625.0,550.0,460.0
Johnston-37101PR11B,277.0,0.0,39.0,463.0,378.0,1.0,2.0,266.0,0.0,0.0,0.0,5.0,0.0,1.0,0.0,0.0,0.0,0.0,0.0,1.0,3.0,0.0,400.0,0.0,0.0,1.0,64.0,0.0,74.0,0.0,321.0,779.0,864.0,647.0
Johnston-37101PR12A,235.0,1.0,52.0,500.0,288.0,0.0,10.0,173.0,0.0,0.0,0.0,2.0,0.0,0.0,0.0,0.0,0.0,0.0,0.0,1.0,8.0,2.0,401.0,1.0,0.0,0.0,55.0,2.0,42.0,0.0,339.0,788.0,851.0,471.0
Johnston-37101PR12B,275.0,1.0,51.0,542.0,309.0,2.0,3.0,231.0,0.0,0.0,0.0,2.0,0.0,0.0,0.0,0.0,0.0,0.0,0.0,4.0,7.0,0.0,393.0,0.0,1.0,2.0,78.0,1.0,61.0,0.0,330.0,869.0,877.0,545.0
Johnston-37101PR13,142.0,0.0,19.0,590.0,112.0,2.0,4.0,115.0,0.0,0.0,0.0,1.0,0.0,0.0,0.0,0.0,0.0,0.0,0.0,1.0,11.0,0.0,278.0,1.0,0.0,2.0,28.0,1.0,32.0,0.0,268.0,751.0,622.0,233.0
Johnston-37101PR14,112.0,1.0,24.0,618.0,74.0,1.0,6.0,100.0,0.0,0.0,0.0,0.0,0.0,0.0,0.0,0.0,0.0,0.0,0.0,3.0,2.0,0.0,244.0,0.0,0.0,1.0,22.0,1.0,24.0,1.0,284.0,755.0,582.0,181.0
Johnston-37101PR19,159.0,1.0,7.0,567.0,93.0,2.0,9.0,85.0,0.0,0.0,0.0,0.0,0.0,0.0,0.0,0.0,0.0,0.0,0.0,1.0,7.0,1.0,135.0,0.0,0.0,0.0,6.0,1.0,13.0,0.0,195.0,734.0,359.0,189.0
Johnston-37101PR20,398.0,2.0,28.0,760.0,200.0,0.0,6.0,162.0,0.0,0.0,0.0,1.0,0.0,0.0,0.0,0.0,0.0,0.0,1.0,3.0,2.0,0.0,276.0,0.0,0.0,1.0,21.0,1.0,17.0,0.0,222.0,1188.0,543.0,368.0
Johnston-37101PR21,120.0,0.0,13.0,744.0,82.0,1.0,8.0,102.0,0.0,0.0,0.0,2.0,0.0,0.0,0.0,0.0,0.0,0.0,0.0,2.0,6.0,2.0,321.0,0.0,0.0,1.0,15.0,2.0,16.0,0.0,230.0,877.0,595.0,193.0
Johnston-37101PR22,239.0,3.0,17.0,856.0,155.0,3.0,11.0,161.0,0.0,0.0,0.0,0.0,0.0,0.0,0.0,0.0,0.0,0.0,0.0,2.0,15.0,0.0,268.0,0.0,0.0,2.0,43.0,1.0,39.0,1.0,353.0,1115.0,724.0,330.0
Johnston-37101PR23A,258.0,5.0,55.0,841.0,202.0,5.0,5.0,167.0,0.0,0.0,0.0,2.0,0.0,0.0,0.0,0.0,0.0,0.0,1.0,4.0,12.0,1.0,413.0,1.0,0.0,1.0,47.0,2.0,50.0,1.0,340.0,1159.0,872.0,379.0
Johnston-37101PR23B,285.0,1.0,48.0,800.0,168.0,0.0,5.0,158.0,0.0,0.0,0.0,1.0,0.0,0.0,0.0,0.0,0.0,0.0,0.0,1.0,5.0,0.0,389.0,0.0,1.0,2.0,40.0,1.0,36.0,0.0,315.0,1134.0,790.0,331.0
Johnston-37101PR24,357.0,1.0,14.0,258.0,273.0,2.0,6.0,134.0,0.0,0.0,0.0,0.0,0.0,0.0,0.0,0.0,0.0,0.0,0.0,0.0,5.0,1.0,92.0,0.0,0.0,1.0,22.0,0.0,9.0,0.0,123.0,630.0,253.0,415.0
Johnston-37101PR25,303.0,0.0,23.0,320.0,239.0,0.0,4.0,130.0,0.0,0.0,0.0,3.0,0.0,0.0,0.0,0.0,0.0,0.0,0.0,0.0,1.0,0.0,136.0,0.0,0.0,2.0,11.0,0.0,20.0,0.0,149.0,646.0,319.0,373.0
Johnston-37101PR26,299.0,1.0,9.0,171.0,378.0,0.0,13.0,129.0,0.0,0.0,0.0,0.0,0.0,0.0,0.0,0.0,0.0,0.0,0.0,2.0,1.0,1.0,81.0,0.0,0.0,1.0,20.0,1.0,10.0,0.0,133.0,480.0,250.0,520.0
Johnston-37101PR27A,173.0,0.0,10.0,185.0,180.0,1.0,7.0,105.0,0.0,0.0,0.0,0.0,0.0,0.0,0.0,0.0,0.0,0.0,0.0,0.0,3.0,0.0,110.0,1.0,0.0,0.0,26.0,0.0,22.0,0.0,127.0,368.0,289.0,293.0
Johnston-37101PR27B,225.0,2.0,21.0,381.0,223.0,1.0,2.0,155.0,0.0,0.0,0.0,1.0,0.0,0.0,0.0,0.0,0.0,0.0,0.0,2.0,4.0,0.0,194.0,0.0,0.0,1.0,26.0,0.0,23.0,0.0,207.0,629.0,457.0,381.0
Johnston-37101PR28,226.0,2.0,32.0,543.0,289.0,1.0,18.0,190.0,0.0,1.0,0.0,1.0,0.0,0.0,0.0,0.0,0.0,0.0,0.0,5.0,7.0,1.0,334.0,0.0,0.0,0.0,125.0,2.0,49.0,1.0,320.0,803.0,844.0,498.0
Johnston-37101PR29A,229.0,3.0,62.0,556.0,227.0,0.0,8.0,271.0,0.0,0.0,0.0,5.0,0.0,0.0,0.0,1.0,0.0,0.0,0.0,3.0,5.0,2.0,581.0,1.0,0.0,0.0,93.0,2.0,78.0,0.0,402.0,850.0,1167.0,506.0
Johnston-37101PR29B,372.0,3.0,61.0,834.0,466.0,0.0,12.0,400.0,0.0,0.0,1.0,5.0,1.0,1.0,0.0,1.0,0.0,0.0,0.0,4.0,12.0,3.0,744.0,3.0,1.0,1.0,153.0,3.0,122.0,0.0,577.0,1270.0,1623.0,878.0
Johnston-37101PR30,304.0,1.0,26.0,562.0,290.0,1.0,10.0,176.0,0.0,0.0,0.0,3.0,0.0,0.0,0.0,0.0,0.0,0.0,0.0,0.0,5.0,0.0,261.0,0.0,0.0,2.0,30.0,1.0,32.0,0.0,263.0,893.0,594.0,477.0
Johnston-37101PR31A,135.0,2.0,21.0,374.0,159.0,0.0,1.0,149.0,0.0,0.0,0.0,0.0,1.0,0.0,0.0,0.0,0.0,0.0,0.0,0.0,5.0,0.0,275.0,0.0,0.0,0.0,34.0,0.0,49.0,1.0,210.0,532.0,574.0,309.0
Johnston-37101PR31B,273.0,0.0,43.0,681.0,377.0,3.0,9.0,237.0,0.0,0.0,0.0,1.0,0.0,0.0,0.0,0.0,0.0,0.0,1.0,2.0,8.0,1.0,535.0,0.0,0.0,2.0,84.0,2.0,63.0,1.0,402.0,997.0,1100.0,626.0
Johnston-37101PR32,201.0,0.0,34.0,582.0,125.0,1.0,5.0,176.0,0.0,0.0,0.0,1.0,0.0,0.0,0.0,1.0,0.0,0.0,0.0,1.0,2.0,1.0,273.0,1.0,0.0,1.0,25.0,2.0,22.0,0.0,249.0,817.0,577.0,307.0
Johnston-37101PR33,251.0,3.0,49.0,965.0,134.0,2.0,2.0,165.0,1.0,0.0,0.0,1.0,0.0,0.0,0.0,0.0,0.0,0.0,0.0,5.0,13.0,0.0,457.0,0.0,0.0,4.0,47.0,2.0,51.0,1.0,364.0,1268.0,944.0,303.0
Johnston-37101PR34,398.0,3.0,39.0,552.0,547.0,2.0,10.0,394.0,0.0,0.0,1.0,5.0,0.0,0.0,0.0,1.0,1.0,1.0,0.0,1.0,10.0,2.0,428.0,0.0,0.0,3.0,51.0,0.0,54.0,0.0,357.0,992.0,906.0,953.0
Johnston-37101PR35,249.0,3.0,31.0,552.0,289.0,3.0,20.0,209.0,0.0,3.0,0.0,5.0,0.0,0.0,0.0,0.0,0.0,0.0,0.0,4.0,11.0,1.0,393.0,0.0,0.0,6.0,47.0,1.0,39.0,0.0,509.0,835.0,1011.0,521.0
Johnston-37101PR36,269.0,0.0,24.0,930.0,145.0,2.0,13.0,127.0,0.0,0.0,0.0,2.0,0.0,1.0,0.0,0.0,0.0,0.0,0.0,2.0,7.0,0.0,267.0,0.0,0.0,0.0,28.0,0.0,31.0,0.0,289.0,1223.0,624.0,287.0
Johnston-37101PR37,291.0,2.0,37.0,918.0,246.0,3.0,18.0,218.0,0.0,0.0,0.0,1.0,0.0,0.0,0.0,0.0,0.0,1.0,0.0,1.0,4.0,1.0,329.0,1.0,1.0,2.0,44.0,3.0,40.0,0.0,404.0,1248.0,830.0,485.0
Johnston-37101PR38,108.0,2.0,9.0,720.0,60.0,2.0,4.0,90.0,0.0,0.0,0.0,0.0,0.0,0.0,0.0,0.0,0.0,0.0,0.0,7.0,7.0,0.0,184.0,0.0,0.0,2.0,13.0,2.0,27.0,0.0,262.0,839.0,504.0,156.0
Jones-37103ABSENTEE,32.0,0.0,0.0,72.0,2.0,0.0,0.0,4.0,0.0,0.0,0.0,0.0,0.0,0.0,0.0,0.0,0.0,0.0,0.0,0.0,0.0,0.0,1.0,0.0,0.0,0.0,0.0,0.0,2.0,0.0,4.0,104.0,7.0,6.0
Jones-37103ONE STOP,1009.0,0.0,18.0,1409.0,186.0,1.0,5.0,82.0,0.0,0.0,0.0,0.0,0.0,0.0,0.0,0.0,0.0,0.0,0.0,0.0,3.0,0.0,66.0,0.0,0.0,0.0,19.0,0.0,12.0,0.0,123.0,2436.0,223.0,274.0
Jones-37103P01,101.0,0.0,5.0,193.0,67.0,5.0,1.0,28.0,0.0,0.0,0.0,0.0,0.0,0.0,0.0,0.0,0.0,0.0,0.0,0.0,1.0,0.0,34.0,0.0,0.0,0.0,4.0,0.0,2.0,0.0,53.0,299.0,94.0,101.0
Jones-37103P02,33.0,0.0,0.0,149.0,16.0,0.0,4.0,34.0,0.0,0.0,0.0,0.0,0.0,0.0,0.0,0.0,0.0,0.0,0.0,0.0,0.0,0.0,34.0,0.0,0.0,0.0,0.0,0.0,1.0,0.0,26.0,182.0,61.0,54.0
Jones-37103P03,37.0,0.0,2.0,204.0,24.0,2.0,5.0,40.0,0.0,0.0,0.0,0.0,0.0,0.0,0.0,0.0,0.0,0.0,0.0,2.0,3.0,0.0,40.0,0.0,0.0,0.0,2.0,1.0,0.0,0.0,52.0,243.0,100.0,71.0
Jones-37103P04,202.0,0.0,12.0,319.0,180.0,2.0,7.0,114.0,0.0,0.0,0.0,1.0,0.0,0.0,0.0,1.0,0.0,0.0,0.0,2.0,4.0,0.0,112.0,0.0,0.0,1.0,15.0,0.0,7.0,0.0,153.0,533.0,294.0,303.0
Jones-37103P05,288.0,0.0,6.0,171.0,258.0,3.0,4.0,105.0,0.0,0.0,0.0,0.0,0.0,0.0,0.0,0.0,0.0,0.0,1.0,0.0,3.0,0.0,36.0,0.0,0.0,1.0,4.0,0.0,9.0,0.0,55.0,465.0,108.0,370.0
Jones-37103P06,55.0,0.0,4.0,223.0,33.0,3.0,0.0,38.0,0.0,0.0,0.0,0.0,0.0,0.0,0.0,0.0,0.0,0.0,1.0,0.0,2.0,0.0,30.0,0.0,0.0,0.0,5.0,0.0,3.0,0.0,48.0,282.0,88.0,74.0
Jones-37103P07,295.0,0.0,10.0,214.0,144.0,0.0,2.0,57.0,0.0,0.0,0.0,1.0,0.0,0.0,0.0,0.0,0.0,0.0,0.0,0.0,2.0,0.0,56.0,0.0,0.0,0.0,6.0,0.0,2.0,0.0,64.0,519.0,130.0,203.0
Lee-37105A1,354.0,9.0,46.0,317.0,245.0,4.0,8.0,196.0,0.0,1.0,0.0,2.0,0.0,0.0,0.0,0.0,1.0,0.0,1.0,1.0,3.0,1.0,117.0,0.0,0.0,1.0,30.0,0.0,14.0,0.0,121.0,726.0,288.0,453.0
Lee-37105A2,551.0,2.0,21.0,216.0,338.0,1.0,1.0,206.0,0.0,1.0,0.0,2.0,0.0,0.0,0.0,0.0,0.0,0.0,0.0,0.0,2.0,0.0,93.0,1.0,0.0,0.0,14.0,0.0,9.0,0.0,96.0,790.0,215.0,546.0
Lee-37105ABSENTEE,306.0,0.0,23.0,342.0,68.0,0.0,2.0,13.0,0.0,0.0,0.0,0.0,0.0,0.0,0.0,0.0,0.0,0.0,0.0,2.0,2.0,0.0,15.0,0.0,0.0,0.0,5.0,0.0,17.0,0.0,28.0,671.0,69.0,83.0
Lee-37105B1,136.0,0.0,15.0,446.0,87.0,1.0,8.0,117.0,0.0,0.0,0.0,0.0,0.0,0.0,0.0,0.0,0.0,0.0,0.0,1.0,1.0,0.0,142.0,0.0,0.0,0.0,21.0,2.0,15.0,0.0,112.0,597.0,294.0,213.0
Lee-37105B2,198.0,1.0,25.0,240.0,103.0,1.0,3.0,106.0,0.0,0.0,0.0,1.0,0.0,0.0,0.0,0.0,0.0,0.0,0.0,0.0,4.0,0.0,92.0,0.0,0.0,0.0,18.0,0.0,12.0,0.0,100.0,464.0,226.0,213.0
Lee-37105C1,270.0,1.0,17.0,474.0,164.0,0.0,6.0,112.0,0.0,0.0,0.0,2.0,0.0,0.0,0.0,0.0,0.0,0.0,0.0,0.0,1.0,0.0,165.0,0.0,0.0,1.0,24.0,2.0,16.0,1.0,210.0,762.0,420.0,282.0
Lee-37105C2,174.0,1.0,23.0,346.0,101.0,6.0,3.0,147.0,0.0,0.0,0.0,1.0,0.0,0.0,0.0,0.0,0.0,0.0,0.0,0.0,2.0,0.0,174.0,0.0,0.0,2.0,35.0,0.0,29.0,0.0,187.0,544.0,429.0,257.0
Lee-37105D1,183.0,7.0,31.0,489.0,149.0,2.0,12.0,166.0,0.0,0.0,0.0,1.0,0.0,0.0,0.0,0.0,0.0,0.0,0.0,1.0,2.0,0.0,229.0,1.0,0.0,0.0,43.0,1.0,26.0,0.0,173.0,710.0,476.0,329.0
Lee-37105D2,194.0,2.0,34.0,473.0,190.0,3.0,11.0,199.0,0.0,0.0,0.0,0.0,0.0,0.0,0.0,0.0,0.0,0.0,0.0,1.0,4.0,0.0,226.0,1.0,0.0,2.0,71.0,2.0,42.0,0.0,223.0,703.0,572.0,403.0
Lee-37105E1,190.0,1.0,14.0,453.0,120.0,0.0,3.0,126.0,0.0,0.0,0.0,2.0,0.0,0.0,0.0,0.0,0.0,0.0,1.0,0.0,3.0,1.0,145.0,0.0,0.0,1.0,9.0,1.0,9.0,0.0,166.0,658.0,335.0,249.0
Lee-37105E2,232.0,4.0,21.0,262.0,190.0,1.0,6.0,130.0,0.0,0.0,0.0,0.0,0.0,0.0,0.0,0.0,0.0,0.0,0.0,2.0,1.0,0.0,120.0,0.0,0.0,1.0,68.0,1.0,22.0,1.0,141.0,519.0,357.0,327.0
Lee-37105ONE STOP PAPER,0.0,0.0,0.0,0.0,1479.0,9.0,27.0,732.0,0.0,2.0,0.0,1.0,0.0,0.0,0.0,0.0,0.0,0.0,0.0,8.0,16.0,1.0,718.0,4.0,0.0,3.0,195.0,6.0,177.0,1.0,831.0,0.0,1960.0,2247.0
Lee-37105OS-PAPER,7628.0,0.0,408.0,9592.0,0.0,0.0,0.0,0.0,0.0,0.0,0.0,0.0,0.0,0.0,0.0,0.0,0.0,0.0,0.0,0.0,0.0,0.0,0.0,0.0,0.0,0.0,0.0,0.0,0.0,0.0,0.0,17628.0,0.0,0.0
Lenoir-37107ABSENTEE,223.0,0.0,6.0,282.0,0.0,0.0,0.0,0.0,0.0,0.0,0.0,0.0,0.0,0.0,0.0,0.0,0.0,0.0,0.0,0.0,0.0,0.0,0.0,0.0,0.0,0.0,0.0,0.0,0.0,0.0,0.0,511.0,0.0,0.0
Lenoir-37107C,679.0,1.0,37.0,792.0,270.0,3.0,7.0,107.0,0.0,0.0,0.0,0.0,0.0,0.0,0.0,0.0,0.0,0.0,0.0,1.0,6.0,0.0,142.0,0.0,0.0,2.0,9.0,1.0,15.0,0.0,174.0,1509.0,350.0,387.0
Lenoir-37107FC,780.0,3.0,50.0,2062.0,315.0,1.0,21.0,197.0,0.0,0.0,0.0,1.0,0.0,0.0,0.0,0.0,0.0,0.0,0.0,0.0,9.0,0.0,361.0,1.0,0.0,7.0,76.0,0.0,93.0,1.0,433.0,2895.0,981.0,534.0
Lenoir-37107I,335.0,0.0,21.0,803.0,119.0,3.0,4.0,81.0,0.0,0.0,0.0,0.0,0.0,0.0,0.0,0.0,0.0,0.0,0.0,1.0,3.0,1.0,128.0,0.0,0.0,2.0,8.0,2.0,9.0,0.0,161.0,1159.0,315.0,207.0
Lenoir-37107K1,492.0,0.0,8.0,3.0,132.0,0.0,1.0,27.0,0.0,0.0,0.0,0.0,0.0,0.0,0.0,0.0,0.0,0.0,0.0,0.0,2.0,0.0,0.0,0.0,0.0,0.0,0.0,0.0,1.0,0.0,1.0,503.0,4.0,160.0
Lenoir-37107K2,527.0,0.0,13.0,15.0,217.0,2.0,1.0,12.0,0.0,0.0,0.0,0.0,0.0,0.0,0.0,0.0,0.0,0.0,0.0,1.0,0.0,0.0,2.0,0.0,0.0,0.0,0.0,0.0,0.0,0.0,4.0,555.0,7.0,232.0
Lenoir-37107K3,639.0,2.0,8.0,152.0,202.0,1.0,0.0,69.0,0.0,0.0,0.0,1.0,0.0,0.0,1.0,0.0,0.0,0.0,0.0,0.0,1.0,0.0,18.0,0.0,0.0,1.0,10.0,0.0,7.0,0.0,32.0,801.0,69.0,272.0
Lenoir-37107K4,815.0,1.0,41.0,863.0,413.0,2.0,22.0,172.0,0.0,0.0,0.0,2.0,0.0,0.0,0.0,0.0,0.0,0.0,0.0,2.0,4.0,1.0,138.0,0.0,1.0,1.0,78.0,0.0,44.0,1.0,189.0,1720.0,459.0,609.0
Lenoir-37107K5,668.0,3.0,16.0,210.0,299.0,0.0,2.0,95.0,0.0,0.0,0.0,0.0,0.0,0.0,0.0,0.0,0.0,0.0,0.0,1.0,2.0,0.0,36.0,0.0,0.0,0.0,16.0,1.0,12.0,0.0,40.0,897.0,108.0,396.0
Lenoir-37107K6,1100.0,2.0,15.0,158.0,430.0,1.0,0.0,81.0,0.0,0.0,0.0,0.0,0.0,0.0,0.0,0.0,0.0,0.0,0.0,0.0,1.0,0.0,27.0,1.0,0.0,1.0,6.0,0.0,3.0,1.0,24.0,1275.0,64.0,512.0
Lenoir-37107K7,996.0,1.0,7.0,205.0,432.0,0.0,8.0,83.0,0.0,0.0,0.0,0.0,0.0,0.0,0.0,0.0,0.0,0.0,0.0,0.0,4.0,0.0,27.0,0.0,0.0,0.0,3.0,0.0,5.0,0.0,38.0,1209.0,77.0,523.0
Lenoir-37107K8,627.0,1.0,3.0,9.0,345.0,1.0,2.0,29.0,0.0,0.0,0.0,0.0,0.0,0.0,0.0,0.0,0.0,0.0,0.0,0.0,0.0,0.0,0.0,0.0,0.0,0.0,0.0,0.0,0.0,0.0,1.0,640.0,1.0,377.0
Lenoir-37107K9,851.0,0.0,21.0,468.0,421.0,1.0,5.0,118.0,0.0,1.0,0.0,0.0,0.0,0.0,1.0,0.0,0.0,0.0,1.0,1.0,1.0,0.0,83.0,0.0,0.0,1.0,12.0,0.0,19.0,0.0,128.0,1340.0,245.0,545.0
Lenoir-37107MH,1157.0,3.0,41.0,1270.0,552.0,3.0,13.0,177.0,0.0,0.0,0.0,1.0,0.0,0.0,0.0,1.0,0.0,0.0,0.0,2.0,3.0,1.0,238.0,0.0,1.0,0.0,24.0,0.0,35.0,0.0,197.0,2471.0,501.0,745.0
Lenoir-37107N,674.0,1.0,24.0,1446.0,246.0,2.0,19.0,196.0,0.0,0.0,0.0,2.0,0.0,0.0,0.0,0.0,0.0,0.0,0.0,1.0,8.0,0.0,169.0,0.0,1.0,2.0,25.0,2.0,27.0,0.0,235.0,2145.0,470.0,463.0
Lenoir-37107PH1,80.0,0.0,6.0,374.0,22.0,1.0,5.0,51.0,0.0,0.0,0.0,0.0,0.0,0.0,0.0,0.0,0.0,0.0,0.0,0.0,2.0,0.0,43.0,0.0,0.0,0.0,6.0,0.0,8.0,0.0,62.0,460.0,121.0,79.0
Lenoir-37107PH2,122.0,0.0,12.0,656.0,42.0,1.0,10.0,66.0,0.0,0.0,0.0,0.0,0.0,0.0,0.0,0.0,0.0,0.0,0.0,0.0,2.0,1.0,83.0,0.0,0.0,0.0,8.0,1.0,16.0,0.0,106.0,790.0,217.0,119.0
Lenoir-37107SH,100.0,0.0,7.0,407.0,45.0,2.0,4.0,44.0,0.0,0.0,0.0,0.0,0.0,0.0,0.0,0.0,0.0,0.0,0.0,1.0,5.0,0.0,64.0,0.0,0.0,0.0,8.0,1.0,12.0,0.0,73.0,514.0,164.0,95.0
Lenoir-37107SW,121.0,0.0,9.0,583.0,45.0,4.0,5.0,70.0,0.0,0.0,0.0,0.0,0.0,0.0,0.0,0.0,0.0,0.0,0.0,1.0,4.0,1.0,69.0,0.0,0.0,0.0,2.0,0.0,11.0,0.0,95.0,713.0,183.0,124.0
Lenoir-37107T1,156.0,0.0,15.0,745.0,61.0,4.0,14.0,97.0,0.0,0.0,0.0,0.0,0.0,0.0,0.0,0.0,0.0,0.0,0.0,1.0,5.0,0.0,106.0,0.0,0.0,1.0,15.0,0.0,9.0,0.0,118.0,916.0,255.0,176.0
Lenoir-37107T2,89.0,0.0,5.0,541.0,26.0,0.0,3.0,76.0,0.0,0.0,0.0,0.0,0.0,0.0,0.0,0.0,0.0,0.0,0.0,0.0,3.0,0.0,58.0,0.0,0.0,1.0,15.0,0.0,8.0,0.0,92.0,635.0,177.0,105.0
Lenoir-37107V,754.0,1.0,16.0,678.0,298.0,2.0,12.0,106.0,0.0,0.0,0.0,0.0,1.0,0.0,0.0,0.0,0.0,0.0,0.0,0.0,3.0,0.0,116.0,1.0,0.0,1.0,7.0,1.0,14.0,0.0,121.0,1449.0,264.0,418.0
Lenoir-37107W,133.0,0.0,15.0,681.0,54.0,1.0,7.0,77.0,0.0,0.0,0.0,0.0,0.0,0.0,0.0,0.0,0.0,0.0,0.0,1.0,2.0,0.0,92.0,0.0,0.0,0.0,7.0,0.0,13.0,0.0,97.0,829.0,212.0,139.0
Lincoln-37109ABSENTEE,410.0,3.0,26.0,789.0,23.0,0.0,0.0,26.0,0.0,0.0,0.0,0.0,0.0,0.0,0.0,0.0,0.0,0.0,0.0,2.0,3.0,0.0,49.0,0.0,0.0,0.0,16.0,0.0,19.0,0.0,69.0,1228.0,158.0,49.0
Lincoln-37109AS25,131.0,1.0,20.0,505.0,80.0,1.0,2.0,74.0,0.0,1.0,0.0,0.0,0.0,0.0,0.0,0.0,0.0,0.0,0.0,1.0,3.0,0.0,178.0,0.0,0.0,3.0,49.0,1.0,26.0,0.0,237.0,657.0,498.0,157.0
Lincoln-37109BC13,138.0,2.0,13.0,213.0,79.0,0.0,2.0,55.0,0.0,0.0,0.0,0.0,0.0,0.0,0.0,0.0,0.0,0.0,0.0,0.0,1.0,0.0,68.0,0.0,0.0,1.0,10.0,1.0,7.0,1.0,83.0,366.0,172.0,136.0
Lincoln-37109BS26,102.0,2.0,24.0,437.0,96.0,1.0,3.0,68.0,0.0,1.0,0.0,1.0,0.0,1.0,1.0,0.0,0.0,0.0,0.0,0.0,5.0,0.0,157.0,0.0,0.0,1.0,22.0,0.0,22.0,1.0,133.0,565.0,341.0,168.0
Lincoln-37109CF19,77.0,1.0,21.0,282.0,44.0,0.0,2.0,32.0,0.0,0.0,0.0,1.0,0.0,0.0,0.0,0.0,0.0,0.0,0.0,1.0,2.0,0.0,128.0,1.0,0.0,1.0,62.0,1.0,31.0,1.0,146.0,381.0,374.0,78.0
Lincoln-37109DN29,111.0,0.0,22.0,509.0,63.0,0.0,2.0,68.0,0.0,0.0,0.0,1.0,0.0,0.0,0.0,0.0,0.0,0.0,0.0,1.0,3.0,0.0,193.0,1.0,0.0,1.0,43.0,1.0,36.0,1.0,282.0,642.0,562.0,133.0
Lincoln-37109DV08,141.0,0.0,24.0,633.0,76.0,3.0,4.0,89.0,0.0,0.0,0.0,1.0,0.0,0.0,0.0,0.0,0.0,0.0,0.0,0.0,4.0,1.0,229.0,0.0,1.0,2.0,28.0,0.0,23.0,1.0,287.0,798.0,576.0,172.0
Lincoln-37109DW28,97.0,0.0,12.0,450.0,73.0,2.0,1.0,53.0,0.0,0.0,0.0,0.0,0.0,0.0,0.0,0.0,0.0,0.0,0.0,1.0,4.0,0.0,184.0,0.0,0.0,3.0,45.0,2.0,30.0,0.0,230.0,559.0,499.0,129.0
Lincoln-37109HC33,196.0,1.0,23.0,675.0,112.0,0.0,1.0,112.0,0.0,0.0,0.0,3.0,0.0,0.0,0.0,0.0,1.0,0.0,0.0,0.0,6.0,0.0,203.0,0.0,0.0,1.0,20.0,1.0,14.0,0.0,248.0,895.0,493.0,225.0
Lincoln-37109IS20,92.0,0.0,12.0,506.0,60.0,0.0,1.0,62.0,0.0,0.0,0.0,0.0,0.0,0.0,0.0,0.0,0.0,0.0,0.0,0.0,1.0,0.0,158.0,0.0,0.0,1.0,11.0,4.0,18.0,1.0,172.0,610.0,366.0,123.0
Lincoln-37109IS23,149.0,2.0,19.0,517.0,111.0,1.0,0.0,99.0,0.0,0.0,0.0,1.0,0.0,0.0,0.0,0.0,0.0,0.0,0.0,2.0,6.0,0.0,163.0,1.0,0.0,2.0,35.0,1.0,18.0,0.0,216.0,687.0,444.0,211.0
Lincoln-37109LB34,131.0,1.0,17.0,616.0,69.0,0.0,9.0,114.0,0.0,0.0,0.0,0.0,0.0,0.0,0.0,0.0,0.0,0.0,0.0,2.0,10.0,0.0,172.0,0.0,0.0,0.0,14.0,0.0,16.0,0.0,225.0,765.0,439.0,192.0
Lincoln-37109LI14,79.0,1.0,8.0,235.0,64.0,0.0,4.0,69.0,0.0,0.0,0.0,0.0,0.0,0.0,0.0,0.0,0.0,0.0,0.0,0.0,5.0,0.0,94.0,1.0,0.0,0.0,29.0,0.0,37.0,0.0,117.0,323.0,283.0,137.0
Lincoln-37109LN11,128.0,0.0,13.0,183.0,83.0,0.0,2.0,79.0,0.0,0.0,0.0,1.0,0.0,0.0,0.0,0.0,0.0,0.0,0.0,1.0,5.0,0.0,85.0,2.0,0.0,1.0,25.0,0.0,14.0,0.0,92.0,324.0,225.0,164.0
Lincoln-37109LS12,126.0,2.0,11.0,164.0,93.0,0.0,4.0,75.0,0.0,0.0,0.0,0.0,0.0,0.0,0.0,0.0,0.0,0.0,0.0,1.0,2.0,0.0,76.0,0.0,0.0,0.0,19.0,0.0,18.0,0.0,65.0,303.0,181.0,172.0
Lincoln-37109LW18,76.0,0.0,6.0,262.0,43.0,2.0,2.0,30.0,0.0,0.0,0.0,0.0,0.0,0.0,0.0,0.0,0.0,0.0,0.0,1.0,0.0,0.0,66.0,0.0,0.0,0.0,13.0,2.0,8.0,0.0,78.0,344.0,168.0,77.0
Lincoln-37109LW31,143.0,1.0,35.0,503.0,114.0,0.0,6.0,89.0,0.0,0.0,0.0,1.0,0.0,0.0,0.0,1.0,0.0,0.0,0.0,3.0,4.0,1.0,228.0,1.0,0.0,2.0,51.0,0.0,43.0,0.0,247.0,682.0,580.0,209.0
Lincoln-37109NB35,95.0,0.0,17.0,613.0,92.0,3.0,5.0,95.0,0.0,0.0,0.0,1.0,0.0,0.0,0.0,0.0,0.0,0.0,0.0,0.0,2.0,1.0,255.0,0.0,0.0,2.0,30.0,1.0,15.0,0.0,287.0,725.0,593.0,195.0
Lincoln-37109OB21,119.0,0.0,22.0,513.0,47.0,0.0,1.0,46.0,0.0,1.0,0.0,0.0,0.0,0.0,0.0,0.0,0.0,0.0,0.0,0.0,5.0,0.0,198.0,0.0,0.0,0.0,26.0,3.0,26.0,0.0,239.0,654.0,497.0,94.0
Lincoln-37109OS-EAST,2702.0,6.0,239.0,7978.0,344.0,0.0,6.0,196.0,0.0,0.0,0.0,1.0,0.0,0.0,0.0,1.0,0.0,0.0,0.0,3.0,12.0,0.0,519.0,1.0,0.0,3.0,224.0,0.0,195.0,0.0,789.0,10925.0,1746.0,546.0
Lincoln-37109OS-LINCOLN,3492.0,12.0,218.0,7673.0,432.0,0.0,12.0,312.0,0.0,1.0,0.0,1.0,0.0,0.0,0.0,0.0,0.0,0.0,1.0,4.0,15.0,0.0,412.0,0.0,1.0,3.0,73.0,0.0,122.0,2.0,560.0,11395.0,1192.0,756.0
Lincoln-37109OS-WEST,440.0,2.0,32.0,1860.0,147.0,0.0,4.0,50.0,0.0,0.0,0.0,0.0,0.0,0.0,0.0,0.0,0.0,0.0,0.0,1.0,7.0,0.0,148.0,1.0,0.0,0.0,13.0,0.0,26.0,0.0,220.0,2334.0,416.0,201.0
Lincoln-37109PC22,88.0,2.0,13.0,534.0,53.0,1.0,0.0,59.0,0.0,0.0,0.0,0.0,0.0,0.0,0.0,0.0,0.0,0.0,1.0,0.0,6.0,0.0,205.0,0.0,0.0,2.0,28.0,3.0,19.0,0.0,224.0,637.0,487.0,113.0
Lincoln-37109SL24,108.0,1.0,22.0,429.0,84.0,1.0,4.0,63.0,0.0,0.0,0.0,0.0,0.0,0.0,0.0,0.0,0.0,0.0,0.0,0.0,8.0,1.0,142.0,0.0,0.0,1.0,26.0,0.0,19.0,0.0,134.0,560.0,331.0,152.0
Lincoln-37109ST36,176.0,2.0,32.0,584.0,127.0,0.0,1.0,100.0,0.0,0.0,0.0,2.0,0.0,0.0,0.0,0.0,0.0,0.0,0.0,1.0,6.0,0.0,192.0,1.0,1.0,6.0,22.0,1.0,32.0,0.0,270.0,794.0,532.0,228.0
Lincoln-37109TA37,115.0,1.0,18.0,363.0,75.0,0.0,3.0,81.0,0.0,0.0,0.0,0.0,0.0,0.0,0.0,0.0,0.0,0.0,0.0,0.0,2.0,0.0,196.0,1.0,0.0,1.0,87.0,4.0,36.0,0.0,275.0,497.0,602.0,159.0
Lincoln-37109WP32,210.0,1.0,47.0,678.0,129.0,0.0,2.0,98.0,0.0,0.0,0.0,0.0,0.0,0.0,0.0,0.0,0.0,0.0,0.0,3.0,7.0,1.0,308.0,2.0,0.0,0.0,182.0,1.0,72.0,0.0,370.0,936.0,946.0,229.0
Macon-3711301,90.0,1.0,17.0,215.0,74.0,1.0,5.0,79.0,0.0,0.0,0.0,0.0,0.0,0.0,0.0,0.0,0.0,0.0,0.0,1.0,7.0,1.0,92.0,1.0,0.0,1.0,36.0,1.0,18.0,1.0,137.0,323.0,296.0,159.0
Macon-3711302,47.0,0.0,6.0,136.0,23.0,0.0,1.0,47.0,0.0,0.0,0.0,0.0,0.0,0.0,0.0,0.0,0.0,0.0,0.0,0.0,2.0,0.0,49.0,1.0,0.0,0.0,10.0,1.0,7.0,0.0,61.0,189.0,131.0,71.0
Macon-3711303,91.0,0.0,17.0,262.0,62.0,0.0,2.0,81.0,0.0,0.0,0.0,0.0,0.0,0.0,0.0,1.0,0.0,0.0,0.0,0.0,7.0,0.0,89.0,1.0,0.0,1.0,31.0,2.0,14.0,0.0,107.0,370.0,252.0,145.0
Macon-3711304,77.0,0.0,14.0,263.0,46.0,0.0,3.0,50.0,0.0,0.0,0.0,0.0,0.0,0.0,0.0,0.0,0.0,0.0,0.0,2.0,1.0,0.0,64.0,0.0,0.0,1.0,32.0,1.0,11.0,0.0,103.0,354.0,215.0,99.0
Macon-3711305,87.0,1.0,17.0,355.0,60.0,1.0,3.0,75.0,0.0,0.0,0.0,0.0,0.0,0.0,0.0,0.0,0.0,0.0,0.0,0.0,8.0,0.0,109.0,0.0,0.0,2.0,32.0,0.0,29.0,1.0,163.0,460.0,344.0,139.0
Macon-3711306,93.0,0.0,12.0,315.0,68.0,1.0,2.0,53.0,0.0,0.0,0.0,0.0,0.0,0.0,0.0,0.0,0.0,0.0,0.0,0.0,6.0,0.0,93.0,0.0,1.0,0.0,38.0,3.0,24.0,0.0,156.0,420.0,321.0,124.0
Macon-3711307,97.0,2.0,10.0,317.0,73.0,0.0,2.0,70.0,0.0,0.0,0.0,0.0,0.0,0.0,0.0,0.0,0.0,0.0,0.0,1.0,3.0,0.0,94.0,2.0,0.0,1.0,32.0,1.0,25.0,0.0,158.0,426.0,317.0,145.0
Macon-3711308,25.0,0.0,6.0,123.0,11.0,0.0,1.0,16.0,0.0,0.0,0.0,0.0,0.0,0.0,0.0,0.0,0.0,0.0,0.0,0.0,1.0,0.0,35.0,0.0,0.0,1.0,14.0,0.0,5.0,0.0,46.0,154.0,102.0,28.0
Macon-3711309,125.0,1.0,13.0,307.0,100.0,0.0,3.0,106.0,0.0,0.0,0.0,1.0,0.0,0.0,0.0,0.0,0.0,0.0,0.0,3.0,4.0,0.0,89.0,1.0,0.0,2.0,88.0,0.0,22.0,0.0,155.0,446.0,364.0,209.0
Macon-3711310,37.0,0.0,10.0,134.0,19.0,0.0,1.0,17.0,0.0,0.0,0.0,0.0,0.0,0.0,0.0,0.0,0.0,0.0,0.0,0.0,2.0,0.0,38.0,0.0,0.0,0.0,12.0,0.0,9.0,0.0,37.0,181.0,98.0,37.0
Macon-3711311,129.0,1.0,17.0,498.0,107.0,2.0,7.0,109.0,0.0,0.0,0.0,2.0,0.0,0.0,0.0,1.0,0.0,0.0,0.0,0.0,5.0,3.0,146.0,0.0,0.0,1.0,42.0,3.0,29.0,0.0,195.0,645.0,424.0,225.0
Macon-3711312,111.0,0.0,13.0,337.0,76.0,2.0,4.0,94.0,0.0,0.0,0.0,0.0,0.0,0.0,0.0,0.0,0.0,0.0,0.0,1.0,5.0,0.0,89.0,1.0,0.0,2.0,52.0,1.0,22.0,0.0,179.0,461.0,352.0,176.0
Macon-3711313,33.0,2.0,7.0,262.0,17.0,1.0,4.0,27.0,0.0,0.0,0.0,0.0,1.0,0.0,0.0,0.0,0.0,0.0,0.0,0.0,3.0,0.0,47.0,0.0,0.0,0.0,12.0,0.0,8.0,1.0,76.0,304.0,147.0,49.0
Macon-3711314,43.0,0.0,7.0,195.0,15.0,1.0,1.0,31.0,0.0,0.0,0.0,0.0,0.0,0.0,0.0,0.0,0.0,0.0,0.0,2.0,1.0,0.0,70.0,0.0,0.0,2.0,17.0,0.0,12.0,0.0,70.0,245.0,174.0,48.0
Macon-3711315,133.0,0.0,12.0,379.0,77.0,0.0,6.0,59.0,0.0,0.0,0.0,0.0,0.0,0.0,0.0,0.0,0.0,0.0,0.0,2.0,5.0,0.0,126.0,0.0,0.0,2.0,50.0,0.0,11.0,1.0,135.0,524.0,332.0,142.0
Macon-37113ABSENTEE,324.0,3.0,30.0,561.0,39.0,0.0,1.0,32.0,0.0,0.0,0.0,0.0,0.0,0.0,0.0,0.0,0.0,0.0,0.0,2.0,2.0,0.0,41.0,0.0,0.0,2.0,13.0,0.0,36.0,1.0,89.0,918.0,186.0,72.0
Macon-37113OS BOE,0.0,0.0,0.0,0.0,618.0,5.0,19.0,411.0,0.0,0.0,0.0,1.0,0.0,0.0,0.0,0.0,0.0,0.0,1.0,10.0,31.0,2.0,654.0,0.0,0.0,5.0,216.0,2.0,218.0,0.0,899.0,0.0,2037.0,1053.0
Macon-37113OS HOS,0.0,0.0,0.0,0.0,63.0,0.0,1.0,71.0,0.0,0.0,0.0,1.0,0.0,0.0,0.0,0.0,0.0,0.0,0.0,2.0,1.0,0.0,74.0,0.0,0.0,0.0,63.0,1.0,23.0,0.0,112.0,0.0,276.0,135.0
Macon-37113OSBOE,2858.0,24.0,235.0,6681.0,0.0,0.0,0.0,0.0,0.0,0.0,0.0,0.0,0.0,0.0,0.0,0.0,0.0,0.0,0.0,0.0,0.0,0.0,0.0,0.0,0.0,0.0,0.0,0.0,0.0,0.0,0.0,9798.0,0.0,0.0
Macon-37113OSHOS,455.0,1.0,18.0,694.0,0.0,0.0,0.0,0.0,0.0,0.0,0.0,0.0,0.0,0.0,0.0,0.0,0.0,0.0,0.0,0.0,0.0,0.0,0.0,0.0,0.0,0.0,0.0,0.0,0.0,0.0,0.0,1168.0,0.0,0.0
Madison-37115ABSENTEE,0.0,0.0,0.0,0.0,26.0,0.0,0.0,23.0,0.0,0.0,0.0,0.0,0.0,0.0,0.0,0.0,0.0,0.0,0.0,1.0,0.0,0.0,12.0,0.0,0.0,0.0,2.0,0.0,5.0,0.0,15.0,0.0,35.0,49.0
Madison-37115BEECH,516.0,16.0,60.0,1185.0,175.0,6.0,13.0,273.0,0.0,0.0,0.0,1.0,0.0,0.0,0.0,0.0,0.0,0.0,0.0,3.0,4.0,0.0,201.0,0.0,0.0,3.0,40.0,1.0,39.0,0.0,163.0,1777.0,454.0,467.0
Madison-37115EBBS C,210.0,8.0,13.0,473.0,62.0,0.0,4.0,82.0,0.0,0.0,0.0,0.0,0.0,0.0,0.0,0.0,0.0,0.0,0.0,2.0,0.0,1.0,90.0,0.0,0.0,0.0,26.0,0.0,6.0,0.0,86.0,704.0,211.0,148.0
Madison-37115GRAPEV,235.0,10.0,20.0,490.0,50.0,0.0,7.0,162.0,0.0,0.0,0.0,1.0,0.0,0.0,0.0,0.0,0.0,0.0,0.0,1.0,1.0,1.0,84.0,1.0,0.0,0.0,2.0,1.0,15.0,0.0,55.0,755.0,161.0,219.0
Madison-37115HOT SP,174.0,6.0,12.0,356.0,60.0,3.0,5.0,121.0,0.0,0.0,0.0,0.0,0.0,0.0,0.0,0.0,0.0,0.0,0.0,0.0,4.0,0.0,32.0,0.0,0.0,0.0,10.0,0.0,4.0,0.0,53.0,548.0,103.0,189.0
Madison-37115LAUREL,175.0,7.0,11.0,397.0,70.0,0.0,0.0,93.0,0.0,0.0,0.0,0.0,0.0,0.0,0.0,0.0,0.0,0.0,0.0,0.0,1.0,0.0,40.0,0.0,0.0,1.0,9.0,0.0,5.0,0.0,53.0,590.0,109.0,163.0
Madison-37115MARS H,1055.0,18.0,90.0,1436.0,284.0,2.0,16.0,416.0,0.0,2.0,0.0,1.0,0.0,0.0,1.0,0.0,0.0,0.0,1.0,0.0,13.0,0.0,235.0,0.0,0.0,0.0,56.0,2.0,61.0,0.0,173.0,2599.0,540.0,718.0
Madison-37115NORTH,566.0,26.0,41.0,961.0,165.0,3.0,8.0,319.0,0.0,0.0,0.0,1.0,0.0,0.0,0.0,0.0,0.0,0.0,1.0,0.0,2.0,0.0,124.0,0.0,0.0,1.0,24.0,0.0,17.0,0.0,132.0,1594.0,300.0,495.0
Madison-37115REVERE,87.0,3.0,10.0,89.0,25.0,0.0,1.0,62.0,0.0,0.0,0.0,0.0,0.0,0.0,0.0,0.0,0.0,0.0,0.0,0.0,0.0,0.0,8.0,0.0,1.0,0.0,2.0,0.0,0.0,0.0,11.0,189.0,22.0,88.0
Madison-37115SANDY,127.0,4.0,12.0,217.0,36.0,0.0,2.0,69.0,0.0,0.0,0.0,1.0,0.0,0.0,0.0,0.0,0.0,0.0,1.0,1.0,0.0,0.0,38.0,0.0,0.0,0.0,5.0,1.0,2.0,0.0,37.0,360.0,84.0,107.0
Madison-37115SOUTH,265.0,10.0,24.0,355.0,79.0,1.0,0.0,161.0,0.0,1.0,0.0,2.0,0.0,0.0,0.0,0.0,0.0,0.0,0.0,1.0,0.0,0.0,40.0,1.0,0.0,0.0,12.0,1.0,3.0,0.0,58.0,654.0,116.0,241.0
Madison-37115SPRING,204.0,1.0,16.0,297.0,75.0,2.0,2.0,109.0,0.0,0.0,0.0,0.0,0.0,0.0,0.0,1.0,1.0,0.0,0.0,0.0,0.0,1.0,46.0,0.0,0.0,0.0,8.0,1.0,4.0,0.0,42.0,518.0,102.0,188.0
Madison-37115WALNUT,312.0,12.0,27.0,527.0,80.0,2.0,3.0,149.0,0.0,0.0,0.0,0.0,0.0,0.0,0.0,0.0,0.0,0.0,0.0,1.0,1.0,0.0,48.0,1.0,0.0,0.0,16.0,1.0,10.0,0.0,89.0,878.0,167.0,234.0
Martin-37117ABSENTEE,96.0,0.0,6.0,125.0,18.0,0.0,1.0,3.0,0.0,0.0,0.0,0.0,0.0,0.0,0.0,0.0,0.0,0.0,0.0,0.0,0.0,0.0,4.0,0.0,0.0,0.0,0.0,0.0,1.0,0.0,18.0,227.0,23.0,22.0
Martin-37117BG,106.0,0.0,17.0,574.0,50.0,3.0,5.0,107.0,0.0,0.0,0.0,1.0,0.0,0.0,0.0,0.0,0.0,0.0,0.0,0.0,0.0,1.0,136.0,1.0,0.0,0.0,10.0,0.0,5.0,0.0,98.0,697.0,251.0,165.0
Martin-37117CR,135.0,0.0,4.0,241.0,98.0,2.0,3.0,40.0,0.0,0.0,0.0,0.0,0.0,0.0,0.0,0.0,0.0,0.0,0.0,1.0,2.0,0.0,55.0,0.0,0.0,0.0,0.0,0.0,10.0,0.0,47.0,380.0,115.0,143.0
Martin-37117GN,221.0,0.0,11.0,187.0,136.0,0.0,2.0,50.0,0.0,0.0,0.0,0.0,0.0,0.0,0.0,0.0,0.0,0.0,0.0,0.0,0.0,0.0,33.0,0.0,0.0,0.0,1.0,0.0,2.0,0.0,35.0,419.0,71.0,188.0
Martin-37117GR,103.0,0.0,13.0,405.0,58.0,1.0,4.0,97.0,0.0,0.0,0.0,1.0,0.0,0.0,0.0,0.0,0.0,0.0,0.0,1.0,0.0,0.0,93.0,0.0,0.0,0.0,9.0,0.0,2.0,0.0,57.0,521.0,162.0,160.0
Martin-37117HM,197.0,0.0,9.0,152.0,147.0,1.0,7.0,57.0,0.0,0.0,0.0,0.0,0.0,0.0,0.0,0.0,0.0,0.0,0.0,0.0,1.0,0.0,28.0,0.0,0.0,1.0,4.0,0.0,1.0,0.0,16.0,358.0,51.0,212.0
Martin-37117HS,78.0,0.0,1.0,43.0,34.0,0.0,0.0,11.0,0.0,0.0,0.0,0.0,0.0,0.0,0.0,0.0,0.0,0.0,0.0,0.0,0.0,0.0,2.0,0.0,0.0,0.0,2.0,0.0,1.0,0.0,6.0,122.0,11.0,45.0
Martin-37117J,190.0,2.0,8.0,460.0,168.0,4.0,18.0,101.0,0.0,0.0,0.0,0.0,0.0,0.0,0.0,0.0,0.0,0.0,0.0,0.0,3.0,0.0,106.0,0.0,0.0,1.0,6.0,1.0,8.0,0.0,74.0,660.0,199.0,291.0
Martin-37117ONE STOP,3364.0,5.0,59.0,2473.0,765.0,7.0,8.0,182.0,0.0,0.0,0.0,3.0,0.0,0.0,0.0,1.0,0.0,0.0,0.0,0.0,4.0,1.0,134.0,0.0,0.0,0.0,13.0,0.0,27.0,0.0,130.0,5901.0,309.0,962.0
Martin-37117PP,38.0,0.0,2.0,70.0,31.0,0.0,2.0,17.0,0.0,0.0,0.0,0.0,0.0,0.0,0.0,0.0,0.0,0.0,0.0,0.0,0.0,0.0,20.0,0.0,0.0,0.0,0.0,0.0,0.0,0.0,14.0,110.0,34.0,50.0
Martin-37117R1,246.0,0.0,8.0,150.0,144.0,1.0,2.0,52.0,0.0,0.0,0.0,0.0,0.0,0.0,0.0,0.0,0.0,0.0,0.0,0.0,0.0,0.0,28.0,0.0,0.0,0.0,6.0,0.0,7.0,0.0,41.0,404.0,82.0,199.0
Martin-37117R2,322.0,0.0,2.0,194.0,183.0,1.0,0.0,67.0,0.0,0.0,0.0,0.0,0.0,0.0,0.0,0.0,0.0,0.0,0.0,0.0,2.0,0.0,30.0,0.0,0.0,0.0,3.0,1.0,3.0,0.0,53.0,518.0,92.0,251.0
Martin-37117W,68.0,1.0,8.0,268.0,76.0,0.0,7.0,59.0,0.0,0.0,0.0,2.0,0.0,0.0,0.0,0.0,0.0,0.0,0.0,0.0,2.0,0.0,48.0,0.0,0.0,1.0,3.0,0.0,6.0,0.0,56.0,345.0,116.0,142.0
Martin-37117W1,326.0,1.0,10.0,299.0,251.0,2.0,9.0,132.0,0.0,0.0,0.0,0.0,0.0,0.0,0.0,0.0,0.0,0.0,0.0,0.0,1.0,0.0,93.0,1.0,0.0,0.0,17.0,2.0,5.0,0.0,76.0,636.0,195.0,394.0
Martin-37117W2,341.0,0.0,7.0,245.0,316.0,1.0,11.0,123.0,0.0,0.0,0.0,0.0,0.0,0.0,0.0,0.0,0.0,0.0,0.0,0.0,1.0,0.0,53.0,0.0,0.0,0.0,18.0,0.0,6.0,0.0,78.0,593.0,156.0,451.0
Mecklenburg-37119001,645.0,0.0,48.0,383.0,192.0,0.0,1.0,97.0,0.0,0.0,0.0,0.0,0.0,0.0,0.0,0.0,0.0,0.0,0.0,2.0,2.0,1.0,59.0,0.0,0.0,0.0,176.0,0.0,54.0,0.0,86.0,1076.0,380.0,290.0
Mecklenburg-37119002,1570.0,0.0,126.0,478.0,367.0,0.0,2.0,322.0,1.0,0.0,0.0,2.0,0.0,0.0,0.0,0.0,0.0,0.0,0.0,0.0,1.0,0.0,88.0,0.0,0.0,0.0,134.0,1.0,61.0,0.0,75.0,2174.0,360.0,691.0
Mecklenburg-37119003,1304.0,0.0,23.0,90.0,348.0,0.0,1.0,144.0,0.0,0.0,0.0,0.0,0.0,0.0,0.0,0.0,0.0,0.0,0.0,1.0,0.0,0.0,11.0,0.0,0.0,0.0,2.0,0.0,1.0,0.0,19.0,1417.0,34.0,493.0
Mecklenburg-37119004,1057.0,0.0,34.0,309.0,327.0,2.0,3.0,190.0,0.0,0.0,0.0,1.0,0.0,0.0,1.0,0.0,0.0,0.0,1.0,1.0,6.0,0.0,40.0,0.0,0.0,1.0,26.0,0.0,14.0,0.0,80.0,1400.0,168.0,522.0
Mecklenburg-37119005,767.0,0.0,39.0,148.0,193.0,0.0,1.0,160.0,0.0,0.0,0.0,0.0,0.0,0.0,0.0,0.0,0.0,0.0,1.0,0.0,1.0,0.0,31.0,0.0,1.0,0.0,14.0,3.0,6.0,0.0,37.0,954.0,93.0,354.0
Mecklenburg-37119006,1197.0,0.0,36.0,166.0,294.0,0.0,1.0,184.0,0.0,0.0,1.0,0.0,0.0,0.0,0.0,0.0,0.0,0.0,0.0,1.0,0.0,1.0,34.0,0.0,0.0,0.0,10.0,0.0,7.0,0.0,31.0,1399.0,84.0,479.0
Mecklenburg-37119007,837.0,0.0,60.0,315.0,201.0,1.0,2.0,186.0,0.0,1.0,0.0,1.0,0.0,0.0,0.0,0.0,0.0,0.0,1.0,1.0,0.0,1.0,67.0,0.0,0.0,1.0,42.0,2.0,32.0,1.0,56.0,1212.0,203.0,390.0
Mecklenburg-37119008,876.0,0.0,84.0,748.0,233.0,0.0,3.0,127.0,0.0,0.0,0.0,0.0,1.0,0.0,0.0,0.0,0.0,0.0,1.0,1.0,2.0,1.0,130.0,0.0,0.0,1.0,295.0,0.0,78.0,0.0,137.0,1708.0,645.0,363.0
Mecklenburg-37119009,1486.0,0.0,122.0,638.0,403.0,1.0,2.0,202.0,1.0,0.0,0.0,3.0,0.0,0.0,0.0,0.0,0.0,0.0,0.0,0.0,3.0,1.0,102.0,1.0,0.0,1.0,192.0,1.0,76.0,0.0,111.0,2246.0,488.0,608.0
Mecklenburg-37119010,1182.0,0.0,114.0,571.0,361.0,0.0,0.0,193.0,0.0,1.0,0.0,2.0,0.0,0.0,0.0,1.0,0.0,0.0,0.0,2.0,0.0,0.0,95.0,0.0,0.0,2.0,176.0,0.0,63.0,0.0,75.0,1867.0,413.0,554.0
Mecklenburg-37119011,3523.0,0.0,268.0,1448.0,746.0,1.0,2.0,442.0,0.0,0.0,0.0,1.0,0.0,0.0,0.0,0.0,0.0,0.0,0.0,2.0,2.0,0.0,187.0,2.0,0.0,0.0,266.0,6.0,121.0,0.0,196.0,5239.0,782.0,1191.0
Mecklenburg-37119012,1450.0,0.0,36.0,89.0,326.0,1.0,2.0,181.0,0.0,0.0,0.0,0.0,0.0,0.0,0.0,0.0,0.0,0.0,1.0,0.0,0.0,0.0,18.0,0.0,0.0,0.0,13.0,0.0,13.0,0.0,8.0,1575.0,52.0,510.0
Mecklenburg-37119013,1636.0,0.0,88.0,410.0,334.0,0.0,1.0,254.0,0.0,0.0,0.0,1.0,0.0,0.0,0.0,1.0,0.0,0.0,0.0,1.0,1.0,2.0,50.0,0.0,1.0,1.0,66.0,0.0,28.0,0.0,51.0,2134.0,201.0,589.0
Mecklenburg-37119014,1378.0,0.0,54.0,134.0,344.0,1.0,1.0,258.0,0.0,0.0,0.0,2.0,0.0,0.0,0.0,0.0,0.0,0.0,0.0,2.0,1.0,0.0,18.0,0.0,0.0,0.0,11.0,1.0,12.0,0.0,19.0,1566.0,64.0,604.0
Mecklenburg-37119015,1687.0,0.0,121.0,437.0,452.0,1.0,2.0,459.0,0.0,0.0,0.0,1.0,1.0,0.0,0.0,1.0,0.0,0.0,0.0,1.0,2.0,0.0,65.0,1.0,0.0,1.0,123.0,4.0,55.0,0.0,58.0,2245.0,310.0,914.0
Mecklenburg-37119016,1908.0,0.0,16.0,38.0,846.0,0.0,0.0,175.0,0.0,0.0,0.0,0.0,0.0,0.0,0.0,0.0,0.0,0.0,0.0,0.0,0.0,0.0,2.0,0.0,0.0,0.0,4.0,0.0,1.0,0.0,5.0,1962.0,12.0,1021.0
Mecklenburg-37119017,1128.0,0.0,26.0,96.0,231.0,0.0,0.0,171.0,0.0,0.0,0.0,0.0,0.0,0.0,0.0,0.0,0.0,0.0,0.0,0.0,1.0,0.0,19.0,0.0,0.0,0.0,10.0,0.0,9.0,0.0,13.0,1250.0,52.0,402.0
Mecklenburg-37119018,576.0,0.0,46.0,594.0,202.0,1.0,2.0,67.0,0.0,0.0,0.0,0.0,0.0,0.0,0.0,0.0,0.0,0.0,0.0,3.0,1.0,0.0,80.0,0.0,0.0,0.0,247.0,0.0,85.0,0.0,133.0,1216.0,549.0,272.0
Mecklenburg-37119019,655.0,0.0,60.0,549.0,192.0,0.0,1.0,95.0,0.0,0.0,0.0,0.0,0.0,0.0,0.0,0.0,0.0,0.0,0.0,2.0,2.0,0.0,88.0,0.0,0.0,1.0,161.0,0.0,72.0,0.0,93.0,1264.0,419.0,288.0
Mecklenburg-37119020,1071.0,0.0,101.0,522.0,300.0,0.0,5.0,191.0,0.0,1.0,0.0,1.0,0.0,0.0,0.0,0.0,0.0,0.0,0.0,2.0,4.0,1.0,105.0,1.0,1.0,0.0,199.0,1.0,88.0,0.0,86.0,1694.0,488.0,496.0
Mecklenburg-37119021,989.0,0.0,80.0,399.0,206.0,0.0,3.0,223.0,0.0,0.0,0.0,1.0,0.0,0.0,0.0,0.0,0.0,0.0,0.0,1.0,4.0,0.0,70.0,0.0,0.0,3.0,82.0,2.0,41.0,0.0,61.0,1468.0,264.0,432.0
Mecklenburg-37119022,3013.0,0.0,225.0,1195.0,504.0,0.0,1.0,399.0,0.0,1.0,0.0,3.0,0.0,0.0,0.0,1.0,1.0,0.0,0.0,2.0,4.0,0.0,128.0,2.0,0.0,0.0,199.0,2.0,111.0,1.0,130.0,4433.0,579.0,904.0
Mecklenburg-37119023,1036.0,0.0,41.0,143.0,243.0,0.0,0.0,109.0,0.0,0.0,0.0,0.0,0.0,0.0,0.0,1.0,0.0,0.0,1.0,0.0,1.0,0.0,15.0,0.0,0.0,0.0,9.0,0.0,6.0,0.0,14.0,1220.0,45.0,352.0
Mecklenburg-37119024,1493.0,0.0,48.0,214.0,304.0,1.0,1.0,167.0,0.0,1.0,0.0,1.0,0.0,0.0,0.0,0.0,0.0,0.0,0.0,0.0,3.0,0.0,22.0,0.0,0.0,0.0,17.0,0.0,10.0,0.0,27.0,1755.0,79.0,473.0
Mecklenburg-37119025,1352.0,0.0,13.0,27.0,459.0,1.0,2.0,124.0,0.0,0.0,0.0,0.0,0.0,0.0,0.0,0.0,0.0,0.0,0.0,1.0,3.0,0.0,3.0,0.0,0.0,0.0,1.0,0.0,1.0,0.0,4.0,1392.0,13.0,586.0
Mecklenburg-37119026,1883.0,0.0,32.0,214.0,652.0,1.0,4.0,219.0,0.0,0.0,0.0,0.0,0.0,0.0,0.0,0.0,0.0,0.0,0.0,0.0,2.0,0.0,45.0,0.0,0.0,0.0,11.0,0.0,3.0,0.0,38.0,2129.0,99.0,876.0
Mecklenburg-37119027,1381.0,0.0,26.0,101.0,297.0,0.0,0.0,144.0,0.0,0.0,0.0,0.0,0.0,0.0,0.0,0.0,0.0,0.0,0.0,1.0,4.0,0.0,5.0,0.0,0.0,0.0,0.0,0.0,1.0,0.0,14.0,1508.0,25.0,441.0
Mecklenburg-37119028,1178.0,0.0,45.0,185.0,245.0,0.0,0.0,203.0,0.0,0.0,0.0,0.0,0.0,0.0,0.0,0.0,0.0,0.0,0.0,0.0,1.0,0.0,34.0,0.0,1.0,0.0,14.0,2.0,12.0,0.0,24.0,1408.0,88.0,448.0
Mecklenburg-37119029,961.0,0.0,48.0,289.0,214.0,2.0,2.0,271.0,0.0,1.0,0.0,0.0,0.0,0.0,0.0,1.0,0.0,0.0,1.0,1.0,1.0,0.0,52.0,0.0,0.0,0.0,36.0,3.0,27.0,0.0,46.0,1298.0,166.0,489.0
Mecklenburg-37119030,1591.0,0.0,116.0,361.0,286.0,0.0,1.0,491.0,0.0,0.0,0.0,3.0,0.0,0.0,0.0,0.0,0.0,0.0,1.0,0.0,1.0,2.0,46.0,1.0,0.0,0.0,70.0,2.0,24.0,0.0,44.0,2068.0,190.0,778.0
Mecklenburg-37119031,1441.0,0.0,18.0,56.0,441.0,1.0,1.0,105.0,0.0,0.0,0.0,0.0,0.0,0.0,0.0,0.0,0.0,0.0,0.0,0.0,0.0,0.0,14.0,0.0,0.0,0.0,1.0,0.0,4.0,0.0,3.0,1515.0,22.0,548.0
Mecklenburg-37119032,667.0,0.0,67.0,689.0,198.0,0.0,3.0,78.0,0.0,1.0,0.0,0.0,0.0,0.0,0.0,0.0,0.0,0.0,0.0,3.0,1.0,1.0,110.0,1.0,1.0,1.0,311.0,0.0,79.0,0.0,158.0,1423.0,666.0,279.0
Mecklenburg-37119033,950.0,0.0,46.0,259.0,199.0,1.0,1.0,261.0,0.0,0.0,0.0,0.0,0.0,0.0,0.0,0.0,0.0,0.0,0.0,2.0,4.0,1.0,40.0,0.0,0.0,2.0,32.0,0.0,16.0,0.0,44.0,1255.0,141.0,462.0
Mecklenburg-37119034,1108.0,0.0,67.0,396.0,192.0,0.0,1.0,251.0,0.0,0.0,0.0,1.0,0.0,0.0,1.0,0.0,0.0,0.0,0.0,1.0,4.0,0.0,59.0,0.0,0.0,0.0,40.0,0.0,25.0,0.0,77.0,1571.0,206.0,444.0
Mecklenburg-37119035,730.0,0.0,60.0,469.0,208.0,1.0,1.0,120.0,0.0,0.0,0.0,0.0,0.0,0.0,0.0,0.0,0.0,0.0,0.0,2.0,1.0,1.0,79.0,0.0,0.0,0.0,114.0,1.0,56.0,0.0,77.0,1259.0,331.0,330.0
Mecklenburg-37119036,960.0,0.0,74.0,678.0,309.0,1.0,6.0,155.0,0.0,0.0,0.0,1.0,0.0,1.0,0.0,0.0,0.0,0.0,1.0,5.0,3.0,0.0,179.0,0.0,0.0,0.0,195.0,2.0,80.0,0.0,132.0,1712.0,596.0,471.0
Mecklenburg-37119037,793.0,0.0,87.0,598.0,202.0,1.0,2.0,178.0,0.0,1.0,0.0,2.0,0.0,0.0,0.0,0.0,0.0,0.0,1.0,0.0,1.0,0.0,109.0,1.0,0.0,2.0,95.0,0.0,45.0,1.0,84.0,1478.0,338.0,383.0
Mecklenburg-37119038,875.0,0.0,85.0,450.0,172.0,0.0,2.0,211.0,0.0,0.0,0.0,1.0,0.0,0.0,0.0,1.0,0.0,0.0,0.0,1.0,4.0,1.0,69.0,0.0,0.0,1.0,64.0,1.0,46.0,0.0,74.0,1410.0,261.0,385.0
Mecklenburg-37119039,1393.0,0.0,15.0,65.0,379.0,0.0,2.0,94.0,0.0,0.0,0.0,0.0,0.0,0.0,0.0,0.0,0.0,0.0,0.0,0.0,0.0,0.0,8.0,0.0,0.0,0.0,2.0,0.0,1.0,0.0,1.0,1473.0,12.0,475.0
Mecklenburg-37119040,1349.0,0.0,20.0,159.0,309.0,2.0,2.0,136.0,0.0,0.0,0.0,0.0,0.0,0.0,0.0,0.0,0.0,0.0,0.0,1.0,0.0,0.0,22.0,0.0,0.0,0.0,2.0,0.0,3.0,1.0,26.0,1528.0,55.0,449.0
Mecklenburg-37119041,1412.0,0.0,20.0,132.0,334.0,1.0,1.0,122.0,0.0,0.0,0.0,0.0,0.0,0.0,0.0,0.0,0.0,0.0,0.0,1.0,0.0,0.0,10.0,0.0,0.0,0.0,0.0,0.0,4.0,1.0,12.0,1564.0,28.0,458.0
Mecklenburg-37119042,1609.0,0.0,14.0,72.0,605.0,3.0,0.0,143.0,0.0,0.0,0.0,0.0,0.0,0.0,0.0,0.0,0.0,0.0,0.0,0.0,3.0,0.0,4.0,1.0,0.0,0.0,3.0,0.0,1.0,0.0,7.0,1695.0,19.0,751.0
Mecklenburg-37119043,1589.0,0.0,30.0,138.0,349.0,0.0,4.0,213.0,0.0,0.0,0.0,0.0,0.0,0.0,0.0,0.0,0.0,0.0,0.0,1.0,3.0,0.0,26.0,0.0,1.0,0.0,9.0,0.0,5.0,1.0,21.0,1757.0,67.0,566.0
Mecklenburg-37119044,833.0,0.0,49.0,279.0,226.0,2.0,0.0,242.0,0.0,0.0,0.0,2.0,0.0,0.0,0.0,0.0,0.0,0.0,0.0,0.0,1.0,0.0,48.0,0.0,0.0,0.0,52.0,0.0,15.0,0.0,66.0,1161.0,182.0,470.0
Mecklenburg-37119045,839.0,0.0,34.0,265.0,171.0,2.0,1.0,229.0,0.0,0.0,0.0,2.0,0.0,1.0,0.0,0.0,0.0,0.0,1.0,0.0,2.0,0.0,51.0,0.0,1.0,0.0,15.0,0.0,6.0,0.0,57.0,1138.0,132.0,403.0
Mecklenburg-37119046,1406.0,0.0,69.0,334.0,287.0,0.0,0.0,360.0,0.0,0.0,0.0,4.0,0.0,0.0,0.0,0.0,0.0,0.0,0.0,1.0,2.0,0.0,54.0,0.0,0.0,0.0,55.0,2.0,25.0,0.0,48.0,1809.0,187.0,647.0
Mecklenburg-37119047,1029.0,0.0,76.0,753.0,271.0,0.0,0.0,155.0,0.0,0.0,0.0,0.0,0.0,0.0,0.0,0.0,0.0,0.0,0.0,3.0,2.0,0.0,145.0,1.0,0.0,1.0,232.0,1.0,102.0,0.0,135.0,1858.0,622.0,426.0
Mecklenburg-37119048,634.0,0.0,69.0,681.0,168.0,1.0,2.0,82.0,0.0,0.0,0.0,0.0,0.0,0.0,0.0,0.0,0.0,0.0,0.0,1.0,1.0,3.0,135.0,1.0,0.0,3.0,260.0,2.0,99.0,0.0,137.0,1384.0,642.0,253.0
Mecklenburg-37119049,932.0,0.0,61.0,631.0,206.0,0.0,1.0,135.0,0.0,0.0,0.0,2.0,0.0,0.0,0.0,0.0,0.0,0.0,0.0,4.0,3.0,0.0,98.0,1.0,0.0,0.0,164.0,0.0,78.0,0.0,113.0,1624.0,461.0,342.0
Mecklenburg-37119050,812.0,0.0,95.0,394.0,155.0,0.0,1.0,227.0,0.0,0.0,0.0,0.0,0.0,0.0,0.0,2.0,0.0,0.0,0.0,2.0,1.0,0.0,75.0,0.0,0.0,1.0,72.0,1.0,45.0,0.0,62.0,1301.0,259.0,383.0
Mecklenburg-37119051,1193.0,0.0,105.0,647.0,318.0,0.0,1.0,239.0,0.0,1.0,0.0,1.0,0.0,0.0,1.0,0.0,0.0,0.0,0.0,1.0,3.0,0.0,108.0,1.0,0.0,0.0,152.0,3.0,66.0,0.0,128.0,1945.0,462.0,558.0
Mecklenburg-37119052,1544.0,0.0,20.0,69.0,555.0,0.0,4.0,115.0,0.0,0.0,0.0,0.0,0.0,0.0,0.0,0.0,0.0,0.0,0.0,0.0,2.0,0.0,2.0,0.0,0.0,0.0,1.0,0.0,2.0,0.0,10.0,1633.0,17.0,674.0
Mecklenburg-37119053,1836.0,0.0,30.0,148.0,471.0,1.0,0.0,148.0,0.0,0.0,0.0,0.0,0.0,0.0,1.0,0.0,0.0,0.0,0.0,0.0,1.0,0.0,30.0,0.0,0.0,0.0,5.0,0.0,5.0,0.0,18.0,2014.0,59.0,620.0
Mecklenburg-37119054,1681.0,0.0,28.0,103.0,545.0,1.0,2.0,191.0,0.0,0.0,0.0,0.0,0.0,0.0,0.0,0.0,0.0,0.0,0.0,0.0,2.0,0.0,7.0,0.0,0.0,0.0,9.0,1.0,11.0,0.0,10.0,1812.0,40.0,739.0
Mecklenburg-37119055,981.0,0.0,12.0,29.0,369.0,0.0,2.0,85.0,0.0,0.0,0.0,0.0,0.0,0.0,0.0,0.0,0.0,0.0,0.0,0.0,0.0,0.0,1.0,1.0,0.0,0.0,0.0,0.0,0.0,0.0,1.0,1022.0,3.0,456.0
Mecklenburg-37119056,870.0,0.0,14.0,30.0,265.0,1.0,1.0,52.0,0.0,0.0,0.0,0.0,0.0,0.0,0.0,0.0,0.0,0.0,0.0,0.0,1.0,0.0,2.0,0.0,0.0,0.0,0.0,0.0,1.0,0.0,3.0,914.0,7.0,319.0
Mecklenburg-37119057,727.0,0.0,44.0,646.0,219.0,1.0,1.0,150.0,0.0,0.0,0.0,0.0,0.0,0.0,0.0,0.0,0.0,0.0,0.0,2.0,3.0,0.0,128.0,0.0,0.0,0.0,156.0,0.0,63.0,1.0,155.0,1417.0,508.0,371.0
Mecklenburg-37119058,824.0,0.0,59.0,625.0,204.0,1.0,4.0,182.0,0.0,0.0,0.0,0.0,0.0,0.0,0.0,0.0,0.0,0.0,0.0,1.0,5.0,0.0,90.0,1.0,0.0,0.0,69.0,3.0,43.0,0.0,100.0,1508.0,312.0,391.0
Mecklenburg-37119059,568.0,0.0,47.0,329.0,138.0,0.0,1.0,148.0,0.0,0.0,0.0,3.0,0.0,0.0,1.0,0.0,0.0,0.0,0.0,1.0,2.0,1.0,76.0,0.0,0.0,0.0,46.0,4.0,18.0,0.0,64.0,944.0,212.0,287.0
Mecklenburg-37119060,1206.0,0.0,20.0,69.0,512.0,1.0,0.0,129.0,0.0,0.0,0.0,0.0,0.0,0.0,0.0,0.0,0.0,0.0,0.0,0.0,1.0,0.0,10.0,0.0,0.0,1.0,5.0,0.0,2.0,0.0,10.0,1295.0,29.0,642.0
Mecklenburg-37119061,1051.0,0.0,30.0,326.0,307.0,1.0,6.0,207.0,0.0,0.0,0.0,0.0,0.0,0.0,0.0,0.0,0.0,0.0,0.0,5.0,3.0,0.0,72.0,1.0,0.0,1.0,41.0,1.0,8.0,1.0,69.0,1407.0,202.0,521.0
Mecklenburg-37119062,1093.0,0.0,25.0,199.0,277.0,0.0,4.0,144.0,0.0,0.0,0.0,0.0,0.0,0.0,0.0,0.0,0.0,0.0,0.0,3.0,1.0,1.0,37.0,0.0,0.0,1.0,21.0,1.0,9.0,0.0,46.0,1317.0,120.0,425.0
Mecklenburg-37119063,1118.0,0.0,40.0,248.0,274.0,1.0,3.0,185.0,0.0,0.0,0.0,1.0,0.0,0.0,0.0,0.0,0.0,0.0,0.0,2.0,0.0,1.0,47.0,0.0,0.0,1.0,7.0,0.0,14.0,0.0,49.0,1406.0,121.0,463.0
Mecklenburg-37119064,472.0,0.0,27.0,213.0,126.0,0.0,0.0,85.0,0.0,0.0,0.0,0.0,0.0,0.0,0.0,0.0,0.0,0.0,0.0,0.0,3.0,0.0,53.0,0.0,0.0,1.0,16.0,0.0,14.0,0.0,31.0,712.0,118.0,211.0
Mecklenburg-37119065,534.0,0.0,39.0,443.0,182.0,0.0,3.0,124.0,0.0,0.0,0.0,2.0,0.0,0.0,0.0,0.0,0.0,0.0,0.0,1.0,1.0,2.0,111.0,0.0,0.0,1.0,88.0,0.0,40.0,0.0,97.0,1016.0,341.0,309.0
Mecklenburg-37119066,671.0,0.0,46.0,418.0,203.0,0.0,2.0,133.0,0.0,0.0,0.0,1.0,0.0,0.0,0.0,0.0,0.0,0.0,0.0,0.0,1.0,0.0,87.0,1.0,1.0,0.0,93.0,2.0,32.0,0.0,93.0,1135.0,310.0,338.0
Mecklenburg-37119067,507.0,0.0,45.0,474.0,176.0,0.0,3.0,120.0,0.0,0.0,0.0,1.0,0.0,0.0,0.0,0.0,0.0,0.0,0.0,2.0,4.0,0.0,123.0,0.0,0.0,0.0,130.0,1.0,40.0,0.0,98.0,1026.0,398.0,299.0
Mecklenburg-37119068,794.0,0.0,43.0,357.0,149.0,0.0,1.0,152.0,0.0,0.0,0.0,0.0,0.0,0.0,0.0,0.0,0.0,0.0,0.0,0.0,3.0,1.0,79.0,1.0,0.0,0.0,70.0,0.0,29.0,0.0,65.0,1194.0,248.0,302.0
Mecklenburg-37119069,1299.0,0.0,108.0,1451.0,309.0,0.0,5.0,243.0,0.0,0.0,0.0,2.0,0.0,0.0,0.0,0.0,0.0,0.0,0.0,0.0,4.0,0.0,302.0,0.0,1.0,1.0,249.0,4.0,152.0,1.0,315.0,2858.0,1029.0,557.0
Mecklenburg-37119070,779.0,0.0,50.0,738.0,254.0,1.0,2.0,98.0,0.0,1.0,0.0,2.0,0.0,0.0,0.0,0.0,0.0,0.0,0.0,2.0,1.0,0.0,146.0,0.0,0.0,1.0,255.0,1.0,79.0,0.0,165.0,1567.0,650.0,355.0
Mecklenburg-37119071,554.0,0.0,43.0,610.0,163.0,0.0,1.0,82.0,0.0,0.0,0.0,0.0,0.0,0.0,0.0,0.0,0.0,0.0,0.0,1.0,2.0,1.0,98.0,1.0,0.0,0.0,258.0,1.0,83.0,0.0,107.0,1207.0,552.0,246.0
Mecklenburg-37119072,574.0,0.0,54.0,482.0,150.0,0.0,1.0,90.0,0.0,0.0,0.0,1.0,0.0,0.0,0.0,0.0,0.0,0.0,0.0,3.0,1.0,0.0,91.0,1.0,0.0,0.0,157.0,0.0,61.0,0.0,116.0,1110.0,430.0,241.0
Mecklenburg-37119073,661.0,0.0,52.0,525.0,170.0,1.0,0.0,140.0,0.0,0.0,0.0,1.0,0.0,0.0,0.0,0.0,0.0,0.0,0.0,4.0,3.0,0.0,90.0,0.0,0.0,1.0,110.0,4.0,44.0,0.0,105.0,1238.0,361.0,311.0
Mecklenburg-37119074,951.0,0.0,75.0,895.0,223.0,1.0,0.0,117.0,0.0,0.0,0.0,0.0,0.0,0.0,0.0,0.0,0.0,0.0,0.0,1.0,2.0,1.0,165.0,0.0,0.0,0.0,251.0,1.0,79.0,1.0,186.0,1921.0,687.0,341.0
Mecklenburg-37119075,1015.0,0.0,87.0,1066.0,298.0,0.0,2.0,159.0,0.0,0.0,0.0,0.0,0.0,1.0,1.0,0.0,0.0,0.0,0.0,1.0,5.0,0.0,207.0,2.0,0.0,2.0,331.0,3.0,103.0,0.0,255.0,2168.0,909.0,459.0
Mecklenburg-37119076,1057.0,0.0,87.0,926.0,275.0,0.0,1.0,209.0,0.0,0.0,1.0,2.0,0.0,0.0,0.0,0.0,0.0,0.0,2.0,3.0,4.0,0.0,189.0,1.0,0.0,0.0,168.0,2.0,83.0,2.0,222.0,2070.0,674.0,485.0
Mecklenburg-37119077,1376.0,0.0,31.0,93.0,424.0,2.0,0.0,126.0,0.0,0.0,0.0,1.0,0.0,0.0,0.0,0.0,0.0,0.0,0.0,1.0,1.0,0.0,16.0,0.0,0.0,0.0,1.0,0.0,2.0,0.0,13.0,1500.0,34.0,552.0
Mecklenburg-37119078.1,912.0,0.0,48.0,277.0,174.0,0.0,3.0,153.0,0.0,0.0,0.0,0.0,0.0,0.0,0.0,0.0,0.0,0.0,1.0,0.0,1.0,0.0,28.0,1.0,0.0,2.0,8.0,0.0,15.0,0.0,52.0,1237.0,107.0,330.0
Mecklenburg-37119079,842.0,0.0,27.0,371.0,259.0,2.0,1.0,120.0,0.0,0.0,0.0,0.0,0.0,0.0,0.0,0.0,0.0,0.0,0.0,0.0,0.0,0.0,55.0,0.0,0.0,1.0,17.0,1.0,10.0,0.0,71.0,1240.0,155.0,382.0
Mecklenburg-37119080,1444.0,0.0,36.0,464.0,427.0,1.0,6.0,218.0,0.0,0.0,0.0,1.0,0.0,0.0,0.0,0.0,0.0,0.0,0.0,1.0,3.0,0.0,65.0,0.0,0.0,0.0,9.0,2.0,16.0,0.0,91.0,1944.0,187.0,652.0
Mecklenburg-37119081,2185.0,0.0,33.0,415.0,549.0,1.0,8.0,274.0,0.0,1.0,0.0,0.0,0.0,1.0,0.0,0.0,0.0,0.0,0.0,1.0,0.0,0.0,59.0,0.0,0.0,0.0,20.0,0.0,12.0,0.0,70.0,2633.0,162.0,832.0
Mecklenburg-37119082,1781.0,0.0,22.0,72.0,505.0,1.0,2.0,158.0,0.0,0.0,0.0,1.0,0.0,0.0,0.0,0.0,0.0,0.0,0.0,0.0,2.0,0.0,9.0,0.0,0.0,0.0,1.0,0.0,3.0,0.0,9.0,1875.0,24.0,666.0
Mecklenburg-37119083,1521.0,0.0,52.0,587.0,425.0,1.0,2.0,279.0,0.0,0.0,0.0,0.0,0.0,0.0,0.0,0.0,0.0,0.0,0.0,2.0,4.0,0.0,111.0,0.0,0.0,1.0,26.0,0.0,26.0,0.0,100.0,2160.0,270.0,707.0
Mecklenburg-37119084,1141.0,0.0,37.0,194.0,286.0,0.0,1.0,184.0,1.0,0.0,0.0,0.0,0.0,0.0,0.0,0.0,0.0,0.0,0.0,0.0,2.0,1.0,37.0,0.0,0.0,1.0,10.0,0.0,10.0,0.0,31.0,1372.0,92.0,471.0
Mecklenburg-37119085,1065.0,0.0,65.0,593.0,275.0,1.0,3.0,238.0,0.0,0.0,0.0,3.0,0.0,0.0,0.0,0.0,0.0,0.0,0.0,0.0,9.0,1.0,128.0,0.0,0.0,1.0,72.0,2.0,43.0,0.0,143.0,1723.0,399.0,517.0
Mecklenburg-37119086,628.0,0.0,50.0,774.0,175.0,1.0,1.0,90.0,0.0,0.0,0.0,1.0,0.0,0.0,0.0,1.0,0.0,0.0,0.0,1.0,3.0,0.0,160.0,1.0,0.0,1.0,229.0,2.0,99.0,0.0,170.0,1452.0,666.0,267.0
Mecklenburg-37119087,1062.0,0.0,90.0,805.0,207.0,0.0,4.0,218.0,0.0,0.0,0.0,1.0,0.0,0.0,2.0,0.0,0.0,0.0,1.0,1.0,5.0,0.0,136.0,1.0,0.0,3.0,74.0,3.0,37.0,0.0,147.0,1957.0,407.0,429.0
Mecklenburg-37119088,968.0,0.0,84.0,774.0,197.0,0.0,1.0,210.0,0.0,0.0,0.0,1.0,0.0,0.0,0.0,1.0,0.0,0.0,0.0,5.0,1.0,0.0,176.0,0.0,0.0,1.0,86.0,2.0,45.0,0.0,158.0,1826.0,474.0,408.0
Mecklenburg-37119089,2751.0,0.0,77.0,1186.0,707.0,2.0,14.0,451.0,0.0,0.0,0.0,2.0,0.0,0.0,0.0,0.0,0.0,0.0,0.0,0.0,10.0,1.0,203.0,2.0,0.0,0.0,58.0,3.0,41.0,1.0,236.0,4014.0,555.0,1174.0
Mecklenburg-37119090,571.0,0.0,46.0,568.0,136.0,0.0,4.0,123.0,0.0,1.0,0.0,2.0,0.0,0.0,0.0,0.0,0.0,1.0,0.0,0.0,5.0,0.0,112.0,0.0,0.0,2.0,85.0,2.0,33.0,1.0,136.0,1185.0,376.0,263.0
Mecklenburg-37119091,1400.0,0.0,106.0,1525.0,359.0,0.0,3.0,254.0,0.0,0.0,0.0,2.0,1.0,0.0,0.0,0.0,0.0,0.0,0.0,3.0,7.0,0.0,333.0,0.0,0.0,3.0,298.0,0.0,149.0,0.0,327.0,3031.0,1120.0,616.0
Mecklenburg-37119092,1000.0,0.0,92.0,935.0,259.0,1.0,2.0,153.0,0.0,1.0,0.0,0.0,0.0,0.0,0.0,0.0,0.0,0.0,0.0,4.0,7.0,0.0,205.0,1.0,0.0,2.0,256.0,1.0,108.0,0.0,189.0,2027.0,773.0,415.0
Mecklenburg-37119093,549.0,0.0,52.0,726.0,150.0,1.0,4.0,109.0,0.0,0.0,0.0,0.0,0.0,0.0,0.0,0.0,0.0,0.0,0.0,1.0,4.0,0.0,119.0,0.0,0.0,0.0,174.0,1.0,45.0,0.0,180.0,1327.0,524.0,264.0
Mecklenburg-37119094,858.0,0.0,24.0,357.0,252.0,0.0,2.0,130.0,0.0,0.0,0.0,0.0,0.0,0.0,0.0,1.0,0.0,0.0,1.0,0.0,2.0,0.0,62.0,0.0,0.0,0.0,14.0,1.0,13.0,0.0,83.0,1239.0,175.0,384.0
Mecklenburg-37119095,979.0,0.0,33.0,218.0,264.0,1.0,2.0,135.0,0.0,0.0,0.0,1.0,0.0,0.0,0.0,0.0,0.0,0.0,0.0,0.0,3.0,0.0,63.0,0.0,0.0,0.0,9.0,0.0,7.0,0.0,34.0,1230.0,116.0,402.0
Mecklenburg-37119096,781.0,0.0,47.0,650.0,195.0,0.0,3.0,204.0,0.0,0.0,0.0,1.0,0.0,0.0,0.0,0.0,0.0,0.0,1.0,2.0,6.0,1.0,168.0,0.0,0.0,2.0,78.0,0.0,52.0,0.0,134.0,1478.0,443.0,402.0
Mecklenburg-37119097,758.0,0.0,32.0,159.0,209.0,0.0,2.0,133.0,0.0,0.0,0.0,0.0,0.0,0.0,0.0,0.0,0.0,0.0,0.0,3.0,3.0,2.0,29.0,0.0,0.0,1.0,13.0,1.0,9.0,0.0,46.0,949.0,107.0,344.0
Mecklenburg-37119098,1301.0,0.0,33.0,190.0,316.0,2.0,2.0,207.0,0.0,0.0,0.0,0.0,0.0,0.0,0.0,0.0,0.0,0.0,0.0,1.0,3.0,0.0,28.0,0.0,0.0,1.0,17.0,1.0,10.0,2.0,35.0,1524.0,98.0,527.0
Mecklenburg-37119099,1120.0,0.0,29.0,166.0,197.0,0.0,0.0,187.0,0.0,0.0,0.0,2.0,0.0,0.0,0.0,0.0,0.0,0.0,0.0,0.0,2.0,0.0,21.0,0.0,1.0,1.0,3.0,0.0,11.0,0.0,26.0,1315.0,65.0,384.0
Mecklenburg-37119100,992.0,0.0,66.0,884.0,271.0,1.0,3.0,177.0,0.0,0.0,0.0,3.0,0.0,0.0,0.0,0.0,0.0,0.0,0.0,2.0,4.0,0.0,187.0,0.0,1.0,4.0,159.0,2.0,86.0,0.0,204.0,1942.0,649.0,452.0
Mecklenburg-37119101,823.0,0.0,67.0,831.0,169.0,0.0,4.0,164.0,0.0,1.0,0.0,0.0,0.0,0.0,0.0,0.0,0.0,0.0,0.0,2.0,2.0,0.0,177.0,0.0,0.0,3.0,150.0,0.0,65.0,1.0,188.0,1721.0,588.0,337.0
Mecklenburg-37119102,1987.0,0.0,82.0,734.0,469.0,0.0,4.0,342.0,0.0,0.0,0.0,4.0,0.0,0.0,0.0,0.0,0.0,0.0,0.0,0.0,1.0,0.0,142.0,1.0,1.0,4.0,39.0,2.0,37.0,0.0,135.0,2803.0,362.0,815.0
Mecklenburg-37119103,1106.0,0.0,107.0,1162.0,292.0,0.0,3.0,225.0,0.0,0.0,0.0,1.0,0.0,0.0,0.0,0.0,0.0,0.0,0.0,2.0,5.0,3.0,272.0,0.0,0.0,2.0,194.0,4.0,134.0,1.0,280.0,2375.0,897.0,520.0
Mecklenburg-37119104,1780.0,0.0,26.0,141.0,590.0,0.0,1.0,228.0,0.0,0.0,0.0,1.0,0.0,0.0,0.0,0.0,0.0,0.0,0.0,1.0,1.0,0.0,19.0,0.0,0.0,1.0,4.0,0.0,3.0,0.0,17.0,1947.0,46.0,819.0
Mecklenburg-37119105,2112.0,0.0,68.0,484.0,394.0,0.0,0.0,390.0,1.0,1.0,0.0,0.0,0.0,0.0,0.0,0.0,0.0,0.0,0.0,1.0,1.0,0.0,80.0,0.0,0.0,0.0,18.0,1.0,15.0,0.0,60.0,2664.0,176.0,784.0
Mecklenburg-37119106,627.0,0.0,62.0,543.0,208.0,1.0,2.0,149.0,0.0,0.0,0.0,0.0,0.0,0.0,0.0,0.0,0.0,0.0,0.0,2.0,3.0,0.0,113.0,1.0,0.0,2.0,143.0,1.0,64.0,0.0,119.0,1232.0,448.0,360.0
Mecklenburg-37119107.1,2007.0,0.0,56.0,385.0,548.0,0.0,4.0,319.0,0.0,0.0,0.0,1.0,0.0,0.0,0.0,0.0,0.0,0.0,0.0,2.0,2.0,0.0,76.0,0.0,0.0,0.0,44.0,0.0,26.0,0.0,72.0,2448.0,222.0,871.0
Mecklenburg-37119108,1203.0,0.0,27.0,143.0,317.0,1.0,2.0,164.0,0.0,0.0,0.0,0.0,0.0,0.0,0.0,0.0,0.0,0.0,0.0,0.0,2.0,0.0,17.0,0.0,0.0,1.0,12.0,0.0,5.0,0.0,27.0,1373.0,64.0,484.0
Mecklenburg-37119109,1287.0,0.0,95.0,425.0,275.0,0.0,0.0,346.0,0.0,1.0,0.0,3.0,0.0,0.0,0.0,0.0,0.0,0.0,0.0,1.0,4.0,0.0,77.0,0.0,0.0,2.0,108.0,2.0,45.0,0.0,52.0,1807.0,291.0,621.0
Mecklenburg-37119110,504.0,0.0,38.0,477.0,143.0,0.0,0.0,74.0,0.0,0.0,0.0,0.0,0.0,0.0,0.0,0.0,0.0,0.0,0.0,1.0,1.0,0.0,109.0,0.0,0.0,0.0,118.0,0.0,57.0,1.0,114.0,1019.0,401.0,217.0
Mecklenburg-37119111,1013.0,0.0,71.0,889.0,285.0,2.0,1.0,151.0,0.0,0.0,0.0,1.0,0.0,0.0,0.0,0.0,0.0,0.0,0.0,5.0,3.0,0.0,156.0,1.0,0.0,4.0,231.0,1.0,81.0,0.0,180.0,1973.0,662.0,439.0
Mecklenburg-37119112,689.0,0.0,68.0,842.0,165.0,0.0,2.0,110.0,0.0,0.0,0.0,0.0,0.0,0.0,0.0,0.0,0.0,0.0,0.0,5.0,4.0,1.0,160.0,0.0,0.0,2.0,177.0,2.0,78.0,0.0,206.0,1599.0,635.0,277.0
Mecklenburg-37119113,1120.0,0.0,94.0,1201.0,289.0,1.0,2.0,196.0,0.0,0.0,0.0,5.0,0.0,0.0,0.0,0.0,0.0,0.0,0.0,1.0,4.0,1.0,261.0,2.0,0.0,0.0,235.0,4.0,121.0,0.0,291.0,2415.0,920.0,488.0
Mecklenburg-37119114,973.0,0.0,87.0,1040.0,256.0,1.0,2.0,184.0,0.0,0.0,0.0,2.0,0.0,0.0,1.0,0.0,0.0,0.0,0.0,2.0,5.0,0.0,199.0,0.0,0.0,2.0,237.0,3.0,101.0,0.0,190.0,2100.0,739.0,443.0
Mecklenburg-37119115,752.0,0.0,39.0,269.0,211.0,0.0,0.0,141.0,0.0,0.0,0.0,0.0,0.0,0.0,0.0,0.0,0.0,0.0,0.0,0.0,2.0,0.0,81.0,0.0,0.0,0.0,16.0,1.0,12.0,0.0,61.0,1060.0,173.0,352.0
Mecklenburg-37119116,831.0,0.0,24.0,192.0,238.0,1.0,0.0,105.0,0.0,0.0,0.0,0.0,0.0,0.0,0.0,0.0,0.0,0.0,0.0,3.0,0.0,0.0,38.0,1.0,0.0,0.0,10.0,0.0,12.0,0.0,31.0,1047.0,95.0,344.0
Mecklenburg-37119117,1030.0,0.0,44.0,291.0,245.0,0.0,1.0,183.0,0.0,1.0,0.0,2.0,0.0,0.0,1.0,0.0,0.0,0.0,0.0,1.0,5.0,1.0,64.0,1.0,0.0,0.0,28.0,1.0,7.0,0.0,66.0,1365.0,174.0,429.0
Mecklenburg-37119118,988.0,0.0,72.0,855.0,232.0,1.0,3.0,165.0,1.0,0.0,0.0,2.0,0.0,0.0,0.0,0.0,0.0,0.0,0.0,1.0,6.0,0.0,182.0,0.0,0.0,0.0,166.0,1.0,85.0,1.0,174.0,1915.0,616.0,401.0
Mecklenburg-37119119,565.0,0.0,60.0,453.0,171.0,2.0,1.0,95.0,0.0,1.0,0.0,0.0,0.0,0.0,0.0,0.0,0.0,0.0,0.0,3.0,1.0,0.0,97.0,1.0,0.0,2.0,107.0,1.0,46.0,0.0,94.0,1078.0,352.0,269.0
Mecklenburg-37119120,1198.0,0.0,32.0,210.0,188.0,0.0,1.0,209.0,0.0,0.0,0.0,1.0,0.0,0.0,0.0,0.0,0.0,0.0,0.0,0.0,4.0,0.0,29.0,0.0,0.0,3.0,10.0,1.0,6.0,0.0,39.0,1440.0,92.0,398.0
Mecklenburg-37119121,1179.0,0.0,111.0,1512.0,324.0,1.0,4.0,169.0,0.0,0.0,0.0,0.0,1.0,0.0,0.0,0.0,0.0,0.0,0.0,1.0,7.0,0.0,267.0,3.0,0.0,2.0,314.0,0.0,124.0,0.0,397.0,2802.0,1115.0,498.0
Mecklenburg-37119122,2256.0,0.0,159.0,1200.0,536.0,3.0,2.0,388.0,0.0,1.0,0.0,0.0,0.0,0.0,1.0,1.0,0.0,1.0,0.0,4.0,12.0,1.0,226.0,0.0,1.0,5.0,82.0,3.0,61.0,0.0,246.0,3615.0,641.0,929.0
Mecklenburg-37119123,1321.0,0.0,37.0,283.0,406.0,1.0,3.0,228.0,0.0,0.0,0.0,1.0,0.0,0.0,1.0,0.0,0.0,0.0,0.0,0.0,3.0,0.0,53.0,0.0,0.0,4.0,18.0,1.0,18.0,1.0,61.0,1641.0,159.0,638.0
Mecklenburg-37119124,1424.0,0.0,25.0,144.0,392.0,0.0,1.0,224.0,0.0,0.0,0.0,0.0,0.0,0.0,0.0,0.0,0.0,0.0,0.0,0.0,1.0,0.0,42.0,0.0,0.0,2.0,13.0,0.0,7.0,1.0,33.0,1593.0,99.0,617.0
Mecklenburg-37119125,643.0,0.0,22.0,187.0,164.0,0.0,0.0,106.0,0.0,0.0,0.0,0.0,0.0,0.0,0.0,0.0,0.0,0.0,0.0,2.0,1.0,0.0,48.0,0.0,0.0,0.0,10.0,3.0,13.0,1.0,20.0,852.0,98.0,270.0
Mecklenburg-37119126,1668.0,0.0,42.0,260.0,465.0,0.0,1.0,223.0,0.0,0.0,0.0,1.0,0.0,0.0,0.0,0.0,0.0,0.0,0.0,0.0,2.0,0.0,59.0,1.0,0.0,0.0,23.0,4.0,16.0,0.0,37.0,1970.0,142.0,689.0
Mecklenburg-37119127,1480.0,0.0,157.0,1658.0,423.0,2.0,5.0,214.0,0.0,1.0,0.0,1.0,0.0,0.0,0.0,0.0,0.0,0.0,0.0,3.0,5.0,1.0,330.0,4.0,1.0,2.0,351.0,2.0,138.0,0.0,291.0,3295.0,1128.0,644.0
Mecklenburg-37119128,1310.0,0.0,74.0,634.0,381.0,2.0,2.0,278.0,0.0,0.0,0.0,1.0,0.0,0.0,0.0,0.0,0.0,0.0,0.0,0.0,6.0,0.0,175.0,0.0,0.0,0.0,85.0,1.0,46.0,2.0,120.0,2018.0,435.0,663.0
Mecklenburg-37119129,554.0,0.0,28.0,212.0,90.0,0.0,2.0,90.0,0.0,1.0,0.0,1.0,0.0,0.0,0.0,0.0,0.0,0.0,0.0,0.0,0.0,0.0,33.0,0.0,0.0,1.0,24.0,0.0,14.0,0.0,41.0,794.0,113.0,182.0
Mecklenburg-37119130,717.0,0.0,38.0,288.0,201.0,1.0,3.0,125.0,0.0,0.0,0.0,1.0,0.0,0.0,0.0,0.0,0.0,0.0,0.0,1.0,1.0,1.0,45.0,1.0,0.0,1.0,22.0,0.0,7.0,0.0,49.0,1043.0,128.0,330.0
Mecklenburg-37119131,600.0,0.0,47.0,652.0,153.0,0.0,3.0,91.0,0.0,0.0,0.0,0.0,0.0,0.0,0.0,0.0,0.0,0.0,0.0,1.0,3.0,0.0,132.0,0.0,0.0,2.0,156.0,0.0,66.0,1.0,154.0,1299.0,515.0,247.0
Mecklenburg-37119132,864.0,0.0,32.0,300.0,286.0,1.0,1.0,151.0,0.0,0.0,0.0,0.0,0.0,0.0,0.0,0.0,0.0,1.0,0.0,1.0,5.0,0.0,53.0,4.0,0.0,1.0,14.0,0.0,9.0,0.0,81.0,1196.0,168.0,439.0
Mecklenburg-37119133,1367.0,0.0,134.0,1912.0,248.0,0.0,3.0,234.0,0.0,0.0,0.0,4.0,0.0,1.0,0.0,0.0,0.0,0.0,1.0,1.0,9.0,0.0,339.0,0.0,0.0,2.0,190.0,6.0,114.0,0.0,374.0,3413.0,1035.0,485.0
Mecklenburg-37119134,2157.0,0.0,211.0,2173.0,406.0,2.0,5.0,433.0,0.0,1.0,0.0,0.0,0.0,0.0,0.0,0.0,0.0,0.0,1.0,1.0,9.0,2.0,393.0,0.0,0.0,1.0,151.0,5.0,129.0,3.0,359.0,4541.0,1053.0,846.0
Mecklenburg-37119135,3712.0,0.0,72.0,540.0,846.0,1.0,7.0,600.0,0.0,0.0,0.0,1.0,0.0,0.0,1.0,0.0,0.0,0.0,1.0,0.0,3.0,2.0,60.0,1.0,0.0,1.0,19.0,1.0,25.0,0.0,89.0,4324.0,201.0,1454.0
Mecklenburg-37119136,637.0,0.0,54.0,796.0,144.0,0.0,0.0,130.0,0.0,0.0,0.0,0.0,0.0,0.0,0.0,0.0,0.0,0.0,0.0,1.0,2.0,0.0,193.0,0.0,0.0,0.0,124.0,0.0,50.0,0.0,172.0,1487.0,542.0,274.0
Mecklenburg-37119137,1696.0,0.0,122.0,2001.0,344.0,1.0,5.0,210.0,0.0,1.0,0.0,2.0,0.0,0.0,0.0,0.0,0.0,0.0,0.0,1.0,6.0,3.0,374.0,2.0,0.0,3.0,335.0,4.0,181.0,1.0,461.0,3819.0,1371.0,560.0
Mecklenburg-37119138,1649.0,0.0,46.0,396.0,323.0,0.0,3.0,225.0,0.0,0.0,0.0,0.0,0.0,0.0,0.0,0.0,0.0,0.0,0.0,0.0,3.0,0.0,80.0,0.0,0.0,0.0,15.0,0.0,35.0,0.0,61.0,2091.0,194.0,551.0
Mecklenburg-37119139.1,1117.0,0.0,84.0,1219.0,267.0,1.0,0.0,187.0,0.0,0.0,0.0,0.0,0.0,0.0,0.0,0.0,0.0,0.0,0.0,2.0,5.0,3.0,188.0,0.0,0.0,0.0,151.0,2.0,88.0,0.0,272.0,2420.0,711.0,455.0
Mecklenburg-37119140,1781.0,0.0,127.0,1724.0,395.0,0.0,2.0,276.0,0.0,0.0,0.0,1.0,0.0,0.0,0.0,0.0,0.0,0.0,0.0,7.0,3.0,0.0,249.0,1.0,0.0,0.0,299.0,4.0,172.0,0.0,359.0,3632.0,1094.0,673.0
Mecklenburg-37119141,2296.0,0.0,135.0,741.0,94.0,0.0,1.0,498.0,0.0,1.0,0.0,3.0,0.0,0.0,0.0,0.0,0.0,0.0,0.0,0.0,4.0,0.0,54.0,0.0,0.0,0.0,23.0,0.0,39.0,0.0,30.0,3172.0,150.0,593.0
Mecklenburg-37119142,1694.0,0.0,163.0,2199.0,373.0,1.0,3.0,304.0,0.0,0.0,0.0,1.0,0.0,0.0,0.0,0.0,0.0,0.0,1.0,4.0,10.0,1.0,384.0,2.0,0.0,2.0,197.0,5.0,136.0,2.0,404.0,4056.0,1147.0,681.0
Mecklenburg-37119143,1676.0,0.0,161.0,2057.0,371.0,3.0,2.0,276.0,0.0,0.0,0.0,2.0,0.0,0.0,0.0,0.0,0.0,0.0,0.0,1.0,3.0,2.0,444.0,1.0,0.0,2.0,257.0,2.0,143.0,0.0,365.0,3894.0,1220.0,652.0
Mecklenburg-37119144,1156.0,0.0,67.0,1160.0,311.0,0.0,2.0,181.0,0.0,0.0,0.0,3.0,0.0,0.0,1.0,0.0,0.0,0.0,0.0,3.0,3.0,0.0,238.0,1.0,0.0,1.0,206.0,2.0,114.0,0.0,266.0,2383.0,834.0,494.0
Mecklenburg-37119145,3997.0,0.0,221.0,2222.0,1105.0,3.0,3.0,658.0,0.0,0.0,0.0,1.0,0.0,0.0,0.0,0.0,0.0,0.0,0.0,4.0,10.0,2.0,527.0,0.0,2.0,2.0,236.0,2.0,148.0,1.0,397.0,6440.0,1331.0,1769.0
Mecklenburg-37119146,2190.0,0.0,56.0,337.0,593.0,2.0,1.0,368.0,0.0,0.0,0.0,1.0,0.0,0.0,0.0,0.0,0.0,0.0,0.0,0.0,2.0,1.0,75.0,0.0,0.0,1.0,25.0,0.0,15.0,0.0,63.0,2583.0,182.0,964.0
Mecklenburg-37119147,1809.0,0.0,50.0,358.0,498.0,1.0,1.0,238.0,0.0,0.0,0.0,2.0,0.0,0.0,0.0,0.0,0.0,0.0,0.0,1.0,3.0,1.0,41.0,0.0,0.0,0.0,21.0,0.0,24.0,0.0,54.0,2217.0,145.0,738.0
Mecklenburg-37119148,3812.0,0.0,258.0,2875.0,774.0,2.0,10.0,525.0,0.0,2.0,0.0,1.0,0.0,0.0,1.0,0.0,1.0,0.0,0.0,2.0,6.0,4.0,468.0,2.0,0.0,4.0,380.0,3.0,223.0,0.0,592.0,6945.0,1684.0,1311.0
Mecklenburg-37119149,2914.0,0.0,90.0,530.0,763.0,1.0,2.0,435.0,0.0,0.0,0.0,0.0,0.0,0.0,0.0,0.0,0.0,0.0,0.0,0.0,1.0,1.0,88.0,0.0,0.0,2.0,23.0,2.0,22.0,0.0,74.0,3534.0,213.0,1201.0
Mecklenburg-37119150,1474.0,0.0,71.0,734.0,405.0,0.0,2.0,292.0,0.0,0.0,0.0,1.0,0.0,0.0,0.0,0.0,0.0,0.0,0.0,0.0,3.0,2.0,121.0,1.0,0.0,1.0,42.0,4.0,37.0,0.0,133.0,2279.0,344.0,699.0
Mecklenburg-37119151,2152.0,0.0,70.0,643.0,521.0,1.0,5.0,362.0,0.0,0.0,0.0,1.0,0.0,0.0,0.0,0.0,0.0,0.0,0.0,2.0,5.0,0.0,113.0,1.0,0.0,2.0,38.0,1.0,36.0,0.0,99.0,2865.0,297.0,889.0
Mecklenburg-37119200,667.0,0.0,40.0,653.0,148.0,0.0,3.0,104.0,0.0,1.0,0.0,1.0,0.0,0.0,0.0,0.0,0.0,0.0,0.0,0.0,4.0,0.0,98.0,1.0,1.0,1.0,45.0,2.0,25.0,0.0,155.0,1360.0,332.0,255.0
Mecklenburg-37119201,3010.0,0.0,127.0,1293.0,769.0,3.0,2.0,455.0,1.0,0.0,0.0,2.0,0.0,0.0,0.0,0.0,0.0,0.0,0.0,2.0,6.0,0.0,247.0,0.0,1.0,0.0,60.0,0.0,54.0,1.0,212.0,4430.0,583.0,1229.0
Mecklenburg-37119202,2418.0,0.0,237.0,2850.0,546.0,4.0,5.0,452.0,0.0,1.0,0.0,4.0,0.0,0.0,0.0,0.0,0.0,0.0,0.0,3.0,11.0,0.0,373.0,2.0,0.0,1.0,236.0,8.0,157.0,2.0,502.0,5505.0,1295.0,1007.0
Mecklenburg-37119203,2756.0,0.0,95.0,710.0,663.0,1.0,3.0,419.0,0.0,0.0,0.0,1.0,1.0,0.0,0.0,0.0,0.0,0.0,0.0,1.0,4.0,1.0,158.0,0.0,1.0,1.0,34.0,1.0,31.0,0.0,140.0,3561.0,372.0,1086.0
Mecklenburg-37119204.1,2863.0,0.0,76.0,508.0,874.0,0.0,2.0,433.0,0.0,0.0,0.0,1.0,0.0,0.0,0.0,0.0,0.0,0.0,0.0,0.0,2.0,0.0,103.0,1.0,2.0,1.0,30.0,0.0,31.0,0.0,83.0,3447.0,253.0,1309.0
Mecklenburg-37119205,1534.0,0.0,56.0,729.0,435.0,2.0,1.0,254.0,0.0,0.0,0.0,3.0,0.0,0.0,1.0,0.0,0.0,0.0,0.0,2.0,3.0,0.0,181.0,0.0,0.0,2.0,49.0,2.0,39.0,0.0,124.0,2319.0,402.0,692.0
Mecklenburg-37119206,2474.0,0.0,143.0,1249.0,638.0,1.0,9.0,478.0,0.0,0.0,0.0,1.0,0.0,0.0,0.0,0.0,0.0,1.0,0.0,2.0,5.0,4.0,213.0,1.0,0.0,2.0,261.0,2.0,92.0,0.0,229.0,3866.0,811.0,1126.0
Mecklenburg-37119207,1391.0,0.0,155.0,2042.0,306.0,0.0,5.0,272.0,0.0,0.0,0.0,4.0,0.0,0.0,0.0,0.0,0.0,0.0,0.0,0.0,1.0,0.0,309.0,0.0,0.0,1.0,190.0,2.0,122.0,0.0,423.0,3588.0,1048.0,583.0
Mecklenburg-37119208,1200.0,0.0,117.0,2091.0,282.0,0.0,3.0,195.0,0.0,0.0,0.0,0.0,0.0,1.0,0.0,0.0,0.0,0.0,0.0,3.0,8.0,0.0,274.0,0.0,0.0,0.0,266.0,8.0,116.0,2.0,587.0,3408.0,1264.0,480.0
Mecklenburg-37119209,1388.0,0.0,108.0,1676.0,376.0,2.0,6.0,289.0,0.0,1.0,0.0,3.0,0.0,0.0,0.0,0.0,0.0,0.0,0.0,3.0,4.0,0.0,269.0,2.0,0.0,1.0,117.0,0.0,80.0,0.0,309.0,3172.0,785.0,673.0
Mecklenburg-37119210,3455.0,0.0,46.0,363.0,1168.0,0.0,7.0,420.0,0.0,0.0,0.0,1.0,0.0,0.0,0.0,0.0,1.0,0.0,0.0,2.0,2.0,2.0,54.0,0.0,0.0,0.0,11.0,3.0,13.0,0.0,62.0,3864.0,149.0,1595.0
Mecklenburg-37119211,4687.0,0.0,173.0,1434.0,1059.0,1.0,3.0,707.0,0.0,1.0,0.0,4.0,0.0,0.0,1.0,0.0,0.0,0.0,0.0,2.0,5.0,0.0,221.0,0.0,1.0,0.0,78.0,5.0,43.0,0.0,225.0,6294.0,580.0,1770.0
Mecklenburg-37119212,4979.0,0.0,175.0,1090.0,1202.0,1.0,3.0,746.0,1.0,0.0,0.0,6.0,0.0,0.0,0.0,0.0,0.0,1.0,0.0,1.0,4.0,0.0,193.0,0.0,0.0,0.0,81.0,2.0,55.0,1.0,148.0,6244.0,485.0,1952.0
Mecklenburg-37119213,2625.0,0.0,49.0,319.0,675.0,3.0,3.0,273.0,0.0,0.0,0.0,0.0,0.0,0.0,0.0,0.0,0.0,0.0,1.0,1.0,2.0,0.0,48.0,0.0,0.0,0.0,8.0,0.0,6.0,0.0,58.0,2993.0,123.0,954.0
Mecklenburg-37119214,1765.0,0.0,55.0,570.0,494.0,2.0,2.0,333.0,0.0,1.0,0.0,1.0,0.0,0.0,0.0,0.0,0.0,0.0,0.0,0.0,1.0,0.0,143.0,0.0,0.0,0.0,80.0,1.0,46.0,0.0,128.0,2390.0,399.0,831.0
Mecklenburg-37119215,1080.0,0.0,100.0,1184.0,265.0,2.0,4.0,227.0,0.0,0.0,0.0,2.0,0.0,1.0,0.0,1.0,0.0,0.0,0.0,1.0,10.0,2.0,311.0,1.0,0.0,2.0,131.0,0.0,86.0,2.0,222.0,2364.0,768.0,498.0
Mecklenburg-37119216,1578.0,0.0,95.0,1456.0,398.0,1.0,3.0,316.0,0.0,0.0,0.0,1.0,0.0,0.0,0.0,0.0,0.0,0.0,0.0,1.0,11.0,2.0,326.0,2.0,0.0,0.0,96.0,2.0,74.0,0.0,256.0,3129.0,770.0,718.0
Mecklenburg-37119217,914.0,0.0,78.0,803.0,221.0,1.0,2.0,173.0,0.0,0.0,0.0,1.0,0.0,0.0,1.0,1.0,0.0,0.0,0.0,0.0,4.0,0.0,179.0,2.0,0.0,0.0,99.0,3.0,66.0,1.0,129.0,1795.0,483.0,397.0
Mecklenburg-37119218,656.0,0.0,84.0,1144.0,169.0,0.0,4.0,157.0,0.0,3.0,0.0,1.0,0.0,0.0,0.0,0.0,0.0,0.0,0.0,0.0,2.0,2.0,266.0,1.0,0.0,2.0,99.0,0.0,71.0,0.0,238.0,1884.0,681.0,330.0
Mecklenburg-37119219,608.0,0.0,57.0,999.0,184.0,0.0,2.0,123.0,0.0,0.0,0.0,2.0,1.0,0.0,0.0,0.0,0.0,0.0,0.0,1.0,4.0,1.0,191.0,1.0,0.0,0.0,53.0,1.0,33.0,0.0,215.0,1664.0,500.0,309.0
Mecklenburg-37119220,815.0,0.0,66.0,1314.0,256.0,0.0,8.0,192.0,0.0,0.0,0.0,1.0,0.0,0.0,0.0,0.0,0.0,0.0,0.0,0.0,6.0,1.0,282.0,1.0,2.0,3.0,114.0,0.0,76.0,0.0,320.0,2195.0,805.0,456.0
Mecklenburg-37119221,970.0,0.0,100.0,1973.0,284.0,2.0,5.0,187.0,0.0,1.0,0.0,2.0,0.0,0.0,0.0,0.0,0.0,0.0,0.0,4.0,9.0,1.0,344.0,1.0,0.0,0.0,165.0,2.0,96.0,0.0,439.0,3043.0,1061.0,478.0
Mecklenburg-37119222,3456.0,0.0,101.0,890.0,819.0,2.0,6.0,509.0,0.0,0.0,0.0,0.0,0.0,0.0,0.0,0.0,0.0,0.0,0.0,1.0,7.0,0.0,172.0,0.0,0.0,3.0,45.0,4.0,17.0,0.0,146.0,4447.0,395.0,1336.0
Mecklenburg-37119223.1,2884.0,0.0,162.0,1595.0,764.0,1.0,5.0,454.0,0.0,0.0,0.0,1.0,0.0,0.0,0.0,0.0,0.0,0.0,1.0,1.0,6.0,1.0,254.0,0.0,0.0,4.0,158.0,3.0,101.0,1.0,305.0,4641.0,834.0,1224.0
Mecklenburg-37119224,985.0,0.0,40.0,717.0,237.0,1.0,2.0,156.0,0.0,0.0,0.0,0.0,0.0,0.0,0.0,1.0,0.0,0.0,0.0,0.0,2.0,0.0,128.0,0.0,0.0,1.0,17.0,2.0,20.0,0.0,123.0,1742.0,293.0,396.0
Mecklenburg-37119225,650.0,0.0,56.0,690.0,149.0,1.0,2.0,137.0,0.0,0.0,0.0,1.0,0.0,0.0,0.0,0.0,0.0,0.0,0.0,1.0,3.0,0.0,109.0,1.0,0.0,3.0,51.0,2.0,28.0,0.0,139.0,1396.0,337.0,289.0
Mecklenburg-37119226,1283.0,0.0,113.0,1122.0,277.0,2.0,2.0,225.0,0.0,0.0,0.0,3.0,0.0,0.0,0.0,0.0,0.0,0.0,0.0,2.0,7.0,0.0,212.0,0.0,0.0,0.0,165.0,3.0,91.0,1.0,240.0,2518.0,721.0,506.0
Mecklenburg-37119227,1903.0,0.0,130.0,1960.0,504.0,2.0,3.0,345.0,0.0,0.0,0.0,3.0,0.0,0.0,0.0,0.0,0.0,0.0,0.0,2.0,5.0,2.0,387.0,1.0,0.0,6.0,262.0,1.0,143.0,1.0,375.0,3993.0,1185.0,854.0
Mecklenburg-37119228,1860.0,0.0,87.0,639.0,424.0,1.0,1.0,278.0,1.0,0.0,0.0,3.0,0.0,0.0,0.0,0.0,0.0,0.0,0.0,0.0,1.0,1.0,93.0,0.0,0.0,2.0,34.0,0.0,40.0,0.0,129.0,2586.0,300.0,704.0
Mecklenburg-37119229,3005.0,0.0,190.0,2213.0,657.0,0.0,6.0,472.0,0.0,1.0,0.0,2.0,0.0,0.0,1.0,0.0,0.0,0.0,1.0,6.0,5.0,2.0,406.0,0.0,1.0,1.0,178.0,1.0,137.0,1.0,386.0,5408.0,1124.0,1135.0
Mecklenburg-37119230,3355.0,0.0,158.0,1298.0,789.0,3.0,6.0,444.0,0.0,0.0,0.0,2.0,0.0,0.0,0.0,0.0,0.0,0.0,1.0,2.0,9.0,1.0,214.0,0.0,0.0,1.0,94.0,3.0,77.0,0.0,228.0,4811.0,629.0,1242.0
Mecklenburg-37119231,1682.0,0.0,79.0,1062.0,363.0,1.0,6.0,238.0,0.0,0.0,0.0,2.0,0.0,0.0,0.0,0.0,0.0,0.0,0.0,1.0,9.0,0.0,176.0,1.0,0.0,2.0,98.0,6.0,64.0,0.0,203.0,2823.0,560.0,608.0
Mecklenburg-37119232,1653.0,0.0,106.0,1802.0,412.0,0.0,4.0,279.0,0.0,0.0,0.0,0.0,0.0,1.0,0.0,0.0,0.0,0.0,0.0,2.0,9.0,0.0,344.0,0.0,1.0,1.0,204.0,0.0,126.0,1.0,427.0,3561.0,1115.0,695.0
Mecklenburg-37119233,1081.0,0.0,107.0,1411.0,299.0,0.0,6.0,230.0,0.0,1.0,0.0,4.0,0.0,0.0,0.0,0.0,0.0,1.0,0.0,3.0,6.0,5.0,355.0,3.0,0.0,2.0,269.0,3.0,146.0,1.0,313.0,2599.0,1106.0,535.0
Mecklenburg-37119234,1161.0,0.0,79.0,983.0,264.0,2.0,2.0,216.0,0.0,0.0,0.0,3.0,0.0,0.0,0.0,0.0,0.0,0.0,0.0,3.0,5.0,3.0,164.0,1.0,0.0,2.0,38.0,3.0,35.0,0.0,200.0,2223.0,454.0,484.0
Mecklenburg-37119235,1269.0,0.0,54.0,898.0,307.0,2.0,4.0,196.0,0.0,0.0,0.0,1.0,0.0,0.0,0.0,0.0,0.0,0.0,0.0,2.0,6.0,0.0,208.0,0.0,0.0,0.0,74.0,0.0,41.0,0.0,192.0,2221.0,523.0,509.0
Mecklenburg-37119236,920.0,0.0,84.0,1986.0,252.0,0.0,9.0,204.0,0.0,0.0,0.0,1.0,0.0,1.0,0.0,0.0,0.0,0.0,0.0,5.0,8.0,0.0,338.0,2.0,0.0,5.0,88.0,2.0,67.0,0.0,410.0,2990.0,925.0,465.0
Mecklenburg-37119237,2098.0,0.0,87.0,508.0,465.0,1.0,3.0,375.0,0.0,0.0,0.0,1.0,0.0,0.0,0.0,0.0,0.0,0.0,0.0,1.0,6.0,0.0,84.0,0.0,0.0,1.0,15.0,1.0,34.0,0.0,92.0,2693.0,234.0,844.0
Mecklenburg-37119238.1,1368.0,0.0,78.0,659.0,402.0,0.0,2.0,237.0,0.0,0.0,0.0,1.0,0.0,0.0,0.0,1.0,0.0,0.0,0.0,0.0,1.0,0.0,158.0,0.0,0.0,1.0,71.0,2.0,49.0,0.0,126.0,2105.0,408.0,641.0
Mecklenburg-37119239,1599.0,0.0,66.0,587.0,470.0,1.0,5.0,264.0,0.0,0.0,0.0,1.0,0.0,0.0,0.0,0.0,0.0,0.0,0.0,2.0,2.0,1.0,126.0,0.0,0.0,2.0,39.0,2.0,34.0,0.0,102.0,2252.0,310.0,740.0
Mecklenburg-37119240,1633.0,0.0,139.0,2405.0,333.0,2.0,2.0,241.0,0.0,0.0,1.0,2.0,0.0,0.0,0.0,0.0,0.0,0.0,0.0,0.0,5.0,1.0,327.0,2.0,0.0,1.0,250.0,3.0,124.0,2.0,547.0,4177.0,1262.0,578.0
Mecklenburg-37119241,1951.0,0.0,192.0,2029.0,483.0,1.0,6.0,323.0,0.0,2.0,0.0,3.0,1.0,0.0,0.0,2.0,0.0,0.0,1.0,4.0,2.0,2.0,373.0,0.0,0.0,1.0,142.0,2.0,108.0,0.0,330.0,4172.0,964.0,813.0
Mecklenburg-37119242,642.0,0.0,60.0,1394.0,160.0,0.0,2.0,74.0,0.0,0.0,0.0,0.0,0.0,1.0,0.0,0.0,0.0,0.0,0.0,3.0,6.0,1.0,197.0,3.0,0.0,0.0,245.0,1.0,116.0,0.0,394.0,2096.0,966.0,236.0
Mecklenburg-37119243,3831.0,0.0,245.0,2011.0,773.0,1.0,3.0,606.0,0.0,0.0,0.0,4.0,0.0,0.0,0.0,0.0,1.0,0.0,1.0,2.0,12.0,1.0,325.0,2.0,0.0,3.0,153.0,5.0,105.0,3.0,357.0,6087.0,968.0,1383.0
Mecklenburg-37119ABSENTEE,13364.0,0.0,868.0,11217.0,868.0,2.0,13.0,627.0,0.0,0.0,1.0,4.0,0.0,0.0,0.0,0.0,0.0,0.0,0.0,14.0,22.0,1.0,488.0,1.0,1.0,4.0,386.0,3.0,443.0,1.0,664.0,25449.0,2028.0,1510.0
Mecklenburg-37119CURBSIDE,5369.0,0.0,39.0,1147.0,1162.0,1.0,4.0,102.0,0.0,0.0,0.0,0.0,0.0,0.0,0.0,0.0,0.0,0.0,0.0,1.0,3.0,1.0,55.0,0.0,0.0,1.0,39.0,0.0,8.0,0.0,78.0,6555.0,186.0,1269.0
Mecklenburg-37119PROVISIONAL,1114.0,0.0,79.0,493.0,231.0,0.0,0.0,313.0,0.0,0.0,0.0,1.0,0.0,0.0,0.0,0.0,0.0,0.0,0.0,1.0,3.0,0.0,54.0,0.0,1.0,1.0,49.0,0.0,34.0,0.0,66.0,1686.0,209.0,544.0
Mitchell-3712101,199.0,3.0,13.0,722.0,45.0,0.0,0.0,62.0,0.0,0.0,0.0,1.0,0.0,0.0,1.0,0.0,0.0,0.0,0.0,2.0,5.0,0.0,139.0,0.0,0.0,0.0,48.0,1.0,24.0,0.0,213.0,937.0,432.0,107.0
Mitchell-3712102,14.0,0.0,1.0,207.0,0.0,0.0,0.0,6.0,0.0,0.0,0.0,0.0,0.0,0.0,0.0,0.0,0.0,0.0,0.0,0.0,3.0,0.0,32.0,0.0,1.0,3.0,13.0,0.0,10.0,0.0,60.0,222.0,122.0,6.0
Mitchell-3712103,60.0,1.0,7.0,359.0,13.0,0.0,0.0,24.0,0.0,0.0,0.0,0.0,0.0,0.0,0.0,0.0,0.0,0.0,0.0,2.0,0.0,0.0,73.0,0.0,1.0,1.0,11.0,0.0,14.0,0.0,119.0,427.0,221.0,37.0
Mitchell-3712104,869.0,14.0,87.0,3219.0,185.0,1.0,2.0,209.0,0.0,1.0,0.0,0.0,0.0,0.0,0.0,0.0,0.0,0.0,0.0,5.0,40.0,1.0,614.0,1.0,0.0,18.0,235.0,3.0,157.0,1.0,850.0,4189.0,1925.0,397.0
Mitchell-3712105,67.0,2.0,10.0,442.0,11.0,0.0,0.0,19.0,0.0,0.0,0.0,0.0,0.0,0.0,0.0,0.0,0.0,0.0,0.0,0.0,2.0,0.0,84.0,0.0,0.0,1.0,15.0,0.0,17.0,0.0,146.0,521.0,265.0,30.0
Mitchell-3712106,62.0,2.0,8.0,340.0,9.0,0.0,0.0,28.0,0.0,0.0,0.0,0.0,0.0,0.0,0.0,0.0,0.0,0.0,0.0,2.0,1.0,2.0,73.0,0.0,0.0,2.0,20.0,0.0,7.0,0.0,98.0,412.0,205.0,37.0
Mitchell-3712107,14.0,0.0,1.0,143.0,3.0,0.0,0.0,7.0,0.0,0.0,0.0,0.0,0.0,0.0,0.0,0.0,0.0,0.0,0.0,0.0,1.0,0.0,18.0,0.0,0.0,1.0,4.0,0.0,4.0,0.0,41.0,158.0,69.0,10.0
Mitchell-3712108,33.0,0.0,1.0,181.0,5.0,0.0,0.0,20.0,0.0,0.0,0.0,0.0,0.0,0.0,0.0,0.0,0.0,0.0,0.0,0.0,0.0,0.0,33.0,0.0,0.0,1.0,14.0,0.0,9.0,0.0,77.0,215.0,134.0,25.0
Mitchell-3712109,278.0,2.0,10.0,669.0,46.0,0.0,1.0,79.0,0.0,0.0,0.0,0.0,0.0,0.0,0.0,0.0,0.0,0.0,0.0,0.0,7.0,1.0,127.0,0.0,0.0,2.0,43.0,1.0,22.0,0.0,173.0,959.0,376.0,126.0
Montgomery-37123BIS,510.0,0.0,27.0,490.0,179.0,1.0,6.0,100.0,0.0,0.0,0.0,0.0,0.0,0.0,1.0,0.0,0.0,0.0,0.0,2.0,2.0,0.0,64.0,0.0,1.0,1.0,9.0,0.0,9.0,0.0,91.0,1027.0,179.0,286.0
Montgomery-37123CAN,460.0,0.0,21.0,523.0,155.0,2.0,5.0,102.0,0.0,0.0,0.0,0.0,0.0,0.0,0.0,0.0,0.0,0.0,0.0,1.0,2.0,0.0,74.0,0.0,0.0,1.0,10.0,0.0,10.0,0.0,107.0,1004.0,205.0,264.0
Montgomery-37123CHE,126.0,0.0,8.0,364.0,50.0,1.0,2.0,34.0,0.0,0.0,0.0,0.0,0.0,0.0,0.0,0.0,0.0,0.0,0.0,1.0,1.0,0.0,55.0,0.0,0.0,1.0,8.0,0.0,11.0,0.0,73.0,498.0,150.0,87.0
Montgomery-37123ELD,200.0,0.0,21.0,783.0,46.0,1.0,1.0,50.0,0.0,0.0,0.0,1.0,0.0,0.0,0.0,0.0,0.0,0.0,0.0,0.0,1.0,0.0,100.0,0.0,0.0,0.0,60.0,0.0,20.0,0.0,212.0,1004.0,393.0,98.0
Montgomery-37123LIT,59.0,0.0,13.0,321.0,26.0,2.0,3.0,26.0,0.0,0.0,0.0,0.0,0.0,0.0,0.0,0.0,0.0,0.0,0.0,0.0,6.0,0.0,36.0,0.0,0.0,1.0,7.0,0.0,6.0,1.0,53.0,393.0,110.0,57.0
Montgomery-37123MTG,856.0,2.0,10.0,421.0,289.0,2.0,9.0,99.0,0.0,0.0,0.0,0.0,0.0,0.0,0.0,0.0,0.0,0.0,0.0,1.0,6.0,0.0,39.0,0.0,0.0,1.0,3.0,0.0,4.0,0.0,81.0,1289.0,135.0,399.0
Montgomery-37123OPH,26.0,0.0,3.0,215.0,11.0,1.0,1.0,24.0,0.0,0.0,0.0,0.0,0.0,0.0,0.0,1.0,1.0,0.0,0.0,0.0,2.0,0.0,30.0,0.0,0.0,0.0,1.0,1.0,2.0,0.0,35.0,244.0,71.0,37.0
Montgomery-37123PEE,189.0,2.0,8.0,550.0,64.0,1.0,5.0,45.0,0.0,0.0,0.0,0.0,0.0,0.0,0.0,0.0,0.0,0.0,0.0,1.0,3.0,1.0,88.0,0.0,0.0,0.0,19.0,0.0,8.0,0.0,125.0,749.0,245.0,115.0
Montgomery-37123ROC,335.0,0.0,7.0,172.0,103.0,1.0,3.0,31.0,0.0,0.0,0.0,0.0,0.0,0.0,0.0,0.0,0.0,0.0,0.0,0.0,3.0,0.0,23.0,0.0,0.0,0.0,4.0,0.0,1.0,0.0,29.0,514.0,60.0,138.0
Montgomery-37123STA,198.0,0.0,20.0,845.0,61.0,0.0,5.0,97.0,0.0,0.0,0.0,0.0,0.0,0.0,0.0,0.0,0.0,0.0,0.0,1.0,9.0,0.0,114.0,0.0,0.0,2.0,16.0,0.0,8.0,0.0,150.0,1063.0,300.0,163.0
Montgomery-37123T1,528.0,0.0,25.0,862.0,151.0,2.0,6.0,112.0,0.0,0.0,0.0,0.0,0.0,0.0,0.0,0.0,0.0,0.0,0.0,0.0,7.0,1.0,110.0,1.0,0.0,0.0,19.0,1.0,13.0,0.0,129.0,1415.0,281.0,271.0
Montgomery-37123T2,321.0,2.0,19.0,632.0,122.0,3.0,8.0,94.0,0.0,0.0,0.0,0.0,0.0,0.0,0.0,0.0,0.0,0.0,0.0,1.0,1.0,0.0,73.0,0.0,0.0,1.0,26.0,0.0,14.0,0.0,136.0,974.0,252.0,227.0
Montgomery-37123UWH,147.0,0.0,17.0,803.0,44.0,1.0,6.0,63.0,0.0,0.0,0.0,0.0,0.0,0.0,0.0,0.0,0.0,0.0,0.0,1.0,1.0,1.0,89.0,0.0,0.0,1.0,30.0,0.0,16.0,0.0,193.0,967.0,332.0,114.0
Montgomery-37123WAD,195.0,0.0,4.0,149.0,78.0,0.0,0.0,13.0,0.0,0.0,0.0,0.0,0.0,0.0,0.0,0.0,0.0,0.0,0.0,0.0,2.0,0.0,10.0,0.0,0.0,0.0,2.0,0.0,4.0,0.0,34.0,348.0,52.0,91.0
Moore-37125ABSENTEE,971.0,2.0,98.0,1573.0,127.0,2.0,2.0,57.0,0.0,0.0,0.0,0.0,0.0,0.0,1.0,0.0,0.0,0.0,0.0,7.0,6.0,0.0,108.0,0.0,0.0,2.0,69.0,1.0,87.0,0.0,164.0,2644.0,444.0,188.0
Moore-37125BEN,149.0,1.0,5.0,397.0,95.0,0.0,3.0,53.0,0.0,0.0,0.0,0.0,0.0,0.0,0.0,0.0,0.0,0.0,0.0,0.0,4.0,0.0,137.0,0.0,0.0,1.0,22.0,1.0,9.0,0.0,190.0,552.0,364.0,151.0
Moore-37125CAM,146.0,2.0,20.0,416.0,93.0,1.0,1.0,80.0,0.0,0.0,0.0,0.0,0.0,0.0,0.0,0.0,0.0,0.0,0.0,1.0,4.0,0.0,150.0,0.0,0.0,0.0,30.0,1.0,20.0,0.0,198.0,584.0,404.0,175.0
Moore-37125CAR,212.0,0.0,30.0,575.0,176.0,1.0,14.0,162.0,0.0,0.0,0.0,1.0,0.0,0.0,0.0,0.0,0.0,0.0,0.0,4.0,5.0,0.0,286.0,0.0,0.0,4.0,60.0,1.0,31.0,2.0,276.0,817.0,669.0,353.0
Moore-37125DHR,86.0,0.0,10.0,462.0,47.0,0.0,2.0,49.0,0.0,0.0,0.0,0.0,0.0,0.0,0.0,0.0,0.0,0.0,0.0,0.0,7.0,1.0,185.0,0.0,0.0,3.0,7.0,1.0,13.0,0.0,139.0,558.0,356.0,98.0
Moore-37125EAB,353.0,3.0,42.0,518.0,153.0,1.0,3.0,129.0,0.0,0.0,0.0,4.0,0.0,0.0,0.0,0.0,0.0,0.0,0.0,1.0,7.0,0.0,133.0,0.0,1.0,1.0,62.0,0.0,22.0,0.0,176.0,916.0,403.0,286.0
Moore-37125EKWD,94.0,0.0,11.0,234.0,69.0,1.0,2.0,26.0,0.0,0.0,0.0,1.0,0.0,0.0,0.0,0.0,0.0,0.0,0.0,1.0,3.0,1.0,74.0,0.0,0.0,0.0,72.0,2.0,12.0,0.0,104.0,339.0,269.0,98.0
Moore-37125EUR,0.0,0.0,0.0,0.0,139.0,1.0,4.0,125.0,0.0,0.0,0.0,0.0,0.0,1.0,0.0,0.0,0.0,0.0,0.0,2.0,8.0,1.0,373.0,2.0,0.0,1.0,185.0,2.0,79.0,0.0,397.0,0.0,1050.0,269.0
Moore-37125EUR-WP,258.0,0.0,44.0,922.0,0.0,0.0,0.0,0.0,0.0,0.0,0.0,0.0,0.0,0.0,0.0,0.0,0.0,0.0,0.0,0.0,0.0,0.0,0.0,0.0,0.0,0.0,0.0,0.0,0.0,0.0,0.0,1224.0,0.0,0.0
Moore-37125EWD,122.0,0.0,15.0,314.0,78.0,0.0,3.0,56.0,0.0,0.0,0.0,1.0,0.0,0.0,0.0,0.0,0.0,0.0,0.0,1.0,1.0,1.0,127.0,3.0,0.0,1.0,25.0,1.0,9.0,1.0,136.0,451.0,306.0,137.0
Moore-37125LTR,189.0,0.0,25.0,586.0,101.0,0.0,1.0,76.0,0.0,1.0,0.0,1.0,0.0,0.0,0.0,0.0,0.0,0.0,0.0,4.0,6.0,1.0,180.0,0.0,0.0,0.0,67.0,1.0,26.0,0.0,251.0,800.0,536.0,178.0
Moore-37125NSP,319.0,4.0,43.0,404.0,148.0,0.0,0.0,129.0,0.0,0.0,0.0,3.0,0.0,0.0,0.0,0.0,0.0,0.0,0.0,3.0,9.0,1.0,137.0,0.0,0.0,2.0,100.0,3.0,24.0,0.0,154.0,770.0,433.0,277.0
Moore-37125OS-AG M100,0.0,0.0,0.0,0.0,976.0,1.0,13.0,473.0,0.0,0.0,0.0,2.0,0.0,0.0,0.0,0.0,0.0,0.0,1.0,9.0,23.0,5.0,943.0,2.0,0.0,5.0,395.0,3.0,234.0,2.0,1210.0,0.0,2831.0,1463.0
Moore-37125OS-AG PAPER,5437.0,22.0,290.0,8888.0,0.0,0.0,0.0,0.0,0.0,0.0,0.0,0.0,0.0,0.0,0.0,0.0,0.0,0.0,0.0,0.0,0.0,0.0,0.0,0.0,0.0,0.0,0.0,0.0,0.0,0.0,0.0,14637.0,0.0,0.0
Moore-37125OS-DC PAPER,225.0,1.0,6.0,638.0,0.0,0.0,0.0,0.0,0.0,0.0,0.0,0.0,0.0,0.0,0.0,0.0,0.0,0.0,0.0,0.0,0.0,0.0,0.0,0.0,0.0,0.0,0.0,0.0,0.0,0.0,0.0,870.0,0.0,0.0
Moore-37125OS-PFD PAPER,2373.0,8.0,181.0,4005.0,0.0,0.0,0.0,0.0,0.0,0.0,0.0,0.0,0.0,0.0,0.0,0.0,0.0,0.0,0.0,0.0,0.0,0.0,0.0,0.0,0.0,0.0,0.0,0.0,0.0,0.0,0.0,6567.0,0.0,0.0
Moore-37125OS-VRS PAPER,514.0,1.0,25.0,891.0,0.0,0.0,0.0,0.0,0.0,0.0,0.0,0.0,0.0,0.0,0.0,0.0,0.0,0.0,0.0,0.0,0.0,0.0,0.0,0.0,0.0,0.0,0.0,0.0,0.0,0.0,0.0,1431.0,0.0,0.0
Moore-37125OS-WE M100,0.0,0.0,0.0,0.0,242.0,2.0,4.0,118.0,0.0,0.0,0.0,0.0,0.0,0.0,0.0,0.0,0.0,0.0,0.0,5.0,9.0,1.0,252.0,0.0,0.0,2.0,156.0,1.0,66.0,0.0,342.0,0.0,834.0,366.0
Moore-37125OS-WEG PAPER,1126.0,0.0,61.0,2005.0,0.0,0.0,0.0,0.0,0.0,0.0,0.0,0.0,0.0,0.0,0.0,0.0,0.0,0.0,0.0,0.0,0.0,0.0,0.0,0.0,0.0,0.0,0.0,0.0,0.0,0.0,0.0,3192.0,0.0,0.0
Moore-37125PBF,333.0,0.0,40.0,552.0,116.0,0.0,5.0,95.0,0.0,0.0,0.0,1.0,0.0,0.0,1.0,0.0,0.0,0.0,0.0,1.0,11.0,0.0,148.0,0.0,0.0,0.0,26.0,2.0,16.0,2.0,187.0,925.0,393.0,216.0
Moore-37125PDN,327.0,1.0,67.0,635.0,203.0,0.0,2.0,152.0,0.0,0.0,0.0,4.0,0.0,0.0,0.0,0.0,0.0,0.0,0.0,3.0,10.0,1.0,266.0,2.0,0.0,1.0,170.0,4.0,53.0,1.0,226.0,1030.0,737.0,357.0
Moore-37125PHA1,201.0,1.0,42.0,564.0,144.0,1.0,3.0,99.0,0.0,0.0,0.0,1.0,0.0,0.0,0.0,0.0,0.0,0.0,0.0,6.0,2.0,2.0,229.0,0.0,0.0,0.0,159.0,2.0,44.0,1.0,277.0,808.0,722.0,247.0
Moore-37125PHA2,121.0,1.0,16.0,367.0,103.0,0.0,3.0,45.0,0.0,0.0,0.0,0.0,0.0,0.0,0.0,0.0,0.0,0.0,0.0,1.0,0.0,1.0,153.0,0.0,0.0,1.0,217.0,1.0,31.0,1.0,276.0,505.0,682.0,151.0
Moore-37125PHB1,166.0,0.0,18.0,468.0,190.0,0.0,2.0,108.0,0.0,0.0,0.0,0.0,0.0,0.0,0.0,0.0,0.0,0.0,0.0,3.0,6.0,4.0,201.0,0.0,0.0,0.0,178.0,1.0,52.0,2.0,325.0,652.0,772.0,300.0
Moore-37125PHB2,138.0,0.0,16.0,454.0,85.0,1.0,2.0,37.0,0.0,0.0,0.0,1.0,0.0,0.0,0.0,0.0,0.0,0.0,0.0,4.0,3.0,1.0,152.0,3.0,0.0,0.0,194.0,1.0,48.0,0.0,271.0,608.0,677.0,125.0
Moore-37125PHC,348.0,0.0,45.0,767.0,230.0,0.0,3.0,124.0,0.0,0.0,0.0,2.0,0.0,0.0,0.0,1.0,0.0,0.0,0.0,4.0,8.0,4.0,278.0,1.0,0.0,0.0,282.0,3.0,82.0,2.0,441.0,1160.0,1105.0,357.0
Moore-37125RBN,77.0,2.0,5.0,252.0,47.0,0.0,1.0,28.0,0.0,0.0,0.0,0.0,0.0,0.0,0.0,0.0,0.0,0.0,0.0,0.0,2.0,0.0,101.0,0.0,0.0,1.0,14.0,0.0,8.0,0.0,94.0,336.0,220.0,76.0
Moore-37125SLS,185.0,1.0,24.0,681.0,147.0,0.0,6.0,132.0,0.0,1.0,0.0,1.0,1.0,0.0,0.0,0.0,0.0,0.0,0.0,6.0,10.0,0.0,310.0,1.0,0.0,1.0,203.0,3.0,56.0,2.0,372.0,891.0,964.0,285.0
Moore-37125SSP,610.0,0.0,26.0,322.0,339.0,1.0,3.0,121.0,0.0,0.0,0.0,0.0,0.0,0.0,0.0,0.0,0.0,0.0,0.0,1.0,2.0,1.0,95.0,1.0,0.0,0.0,132.0,2.0,31.0,0.0,167.0,958.0,432.0,464.0
Moore-37125TLT,151.0,0.0,3.0,52.0,89.0,0.0,0.0,39.0,0.0,0.0,0.0,0.0,0.0,0.0,0.0,0.0,0.0,0.0,0.0,1.0,3.0,0.0,10.0,0.0,0.0,0.0,6.0,0.0,3.0,0.0,22.0,206.0,45.0,128.0
Moore-37125VSS,150.0,0.0,21.0,381.0,90.0,0.0,2.0,64.0,0.0,0.0,0.0,1.0,0.0,0.0,0.0,0.0,0.0,0.0,0.0,2.0,1.0,0.0,152.0,0.0,0.0,1.0,21.0,1.0,8.0,1.0,170.0,552.0,357.0,156.0
Moore-37125WAB,437.0,2.0,58.0,721.0,211.0,2.0,5.0,185.0,0.0,0.0,0.0,1.0,0.0,0.0,0.0,0.0,0.0,0.0,0.0,6.0,6.0,0.0,240.0,0.0,1.0,0.0,41.0,1.0,31.0,0.0,236.0,1218.0,562.0,403.0
Moore-37125WEM,98.0,1.0,11.0,649.0,36.0,0.0,0.0,64.0,0.0,0.0,0.0,0.0,0.0,0.0,0.0,0.0,0.0,0.0,0.0,5.0,7.0,0.0,235.0,1.0,0.0,1.0,23.0,0.0,19.0,1.0,187.0,759.0,479.0,100.0
Moore-37125WKWD,145.0,0.0,24.0,341.0,104.0,1.0,1.0,60.0,0.0,1.0,0.0,2.0,0.0,0.0,0.0,0.0,0.0,0.0,2.0,3.0,1.0,0.0,156.0,0.0,0.0,0.0,153.0,1.0,37.0,0.0,202.0,510.0,553.0,166.0
Moore-37125WND,161.0,0.0,16.0,308.0,104.0,2.0,1.0,69.0,0.0,0.0,0.0,1.0,0.0,0.0,0.0,0.0,0.0,0.0,0.0,1.0,1.0,0.0,140.0,0.0,0.0,1.0,41.0,1.0,20.0,0.0,163.0,485.0,368.0,176.0
Nash-37127ABSENTEE,390.0,5.0,28.0,596.0,74.0,3.0,2.0,40.0,0.0,0.0,0.0,0.0,0.0,0.0,0.0,0.0,0.0,0.0,0.0,5.0,4.0,0.0,28.0,0.0,0.0,0.0,7.0,4.0,23.0,0.0,55.0,1019.0,126.0,119.0
Nash-37127MT PLEASANT OS,679.0,0.0,30.0,1491.0,0.0,0.0,0.0,0.0,0.0,0.0,0.0,0.0,0.0,0.0,0.0,0.0,0.0,0.0,0.0,0.0,0.0,0.0,0.0,0.0,0.0,0.0,0.0,0.0,0.0,0.0,0.0,2200.0,0.0,0.0
Nash-37127NASHVILLE OS,8982.0,13.0,225.0,10795.0,0.0,0.0,0.0,0.0,0.0,0.0,0.0,0.0,0.0,0.0,0.0,0.0,0.0,0.0,0.0,0.0,0.0,0.0,0.0,0.0,0.0,0.0,0.0,0.0,0.0,0.0,0.0,20015.0,0.0,0.0
Nash-37127OS NASHVILLE,0.0,0.0,0.0,0.0,1734.0,3.0,36.0,565.0,0.0,0.0,0.0,1.0,0.0,0.0,0.0,0.0,0.0,0.0,0.0,2.0,20.0,3.0,822.0,0.0,0.0,7.0,138.0,5.0,163.0,0.0,924.0,0.0,2084.0,2338.0
Nash-37127OS ROCKY MOUNT,0.0,0.0,0.0,0.0,1782.0,5.0,17.0,356.0,0.0,0.0,0.0,1.0,0.0,0.0,0.0,0.0,0.0,0.0,0.0,0.0,13.0,1.0,258.0,0.0,0.0,2.0,84.0,2.0,85.0,0.0,252.0,0.0,697.0,2160.0
Nash-37127OS SPRING HOPE,0.0,0.0,0.0,0.0,313.0,1.0,5.0,87.0,0.0,0.0,0.0,0.0,0.0,0.0,0.0,0.0,0.0,0.0,0.0,2.0,4.0,0.0,88.0,0.0,0.0,1.0,17.0,2.0,19.0,0.0,121.0,0.0,254.0,406.0
Nash-37127P01A,232.0,3.0,21.0,437.0,178.0,2.0,4.0,140.0,0.0,0.0,0.0,0.0,0.0,0.0,0.0,0.0,0.0,0.0,0.0,3.0,1.0,0.0,244.0,1.0,0.0,0.0,14.0,1.0,12.0,2.0,207.0,693.0,485.0,324.0
Nash-37127P02A,258.0,2.0,17.0,496.0,160.0,1.0,8.0,103.0,0.0,1.0,0.0,2.0,0.0,0.0,0.0,0.0,0.0,0.0,0.0,3.0,4.0,0.0,180.0,0.0,0.0,2.0,13.0,0.0,5.0,0.0,173.0,773.0,380.0,272.0
Nash-37127P03A,150.0,0.0,12.0,442.0,66.0,0.0,2.0,83.0,0.0,0.0,0.0,1.0,0.0,0.0,0.0,0.0,0.0,0.0,0.0,1.0,9.0,0.0,161.0,0.0,0.0,1.0,14.0,2.0,16.0,0.0,166.0,604.0,370.0,151.0
Nash-37127P04A,170.0,0.0,10.0,281.0,119.0,1.0,3.0,65.0,0.0,0.0,0.0,0.0,0.0,0.0,0.0,0.0,0.0,0.0,0.0,3.0,2.0,0.0,126.0,1.0,0.0,0.0,8.0,0.0,10.0,1.0,122.0,461.0,273.0,188.0
Nash-37127P05A,84.0,2.0,22.0,649.0,69.0,2.0,13.0,101.0,0.0,0.0,0.0,0.0,0.0,0.0,0.0,0.0,0.0,0.0,0.0,1.0,4.0,1.0,262.0,1.0,0.0,0.0,40.0,1.0,22.0,1.0,240.0,757.0,573.0,185.0
Nash-37127P06A,277.0,1.0,14.0,276.0,229.0,3.0,6.0,125.0,0.0,0.0,0.0,1.0,0.0,0.0,0.0,0.0,0.0,0.0,0.0,1.0,6.0,0.0,97.0,0.0,0.0,2.0,18.0,0.0,15.0,0.0,122.0,568.0,261.0,363.0
Nash-37127P07A,73.0,0.0,11.0,214.0,49.0,0.0,9.0,46.0,0.0,0.0,0.0,2.0,0.0,0.0,0.0,0.0,0.0,0.0,0.0,1.0,1.0,0.0,72.0,0.0,0.0,0.0,11.0,0.0,11.0,0.0,52.0,298.0,148.0,104.0
Nash-37127P08A,370.0,1.0,30.0,406.0,408.0,3.0,10.0,249.0,0.0,0.0,0.0,1.0,0.0,0.0,0.0,0.0,0.0,0.0,0.0,2.0,6.0,2.0,344.0,0.0,0.0,2.0,36.0,2.0,38.0,1.0,217.0,807.0,650.0,670.0
Nash-37127P09A,162.0,0.0,14.0,280.0,99.0,0.0,5.0,62.0,0.0,0.0,0.0,0.0,0.0,0.0,0.0,1.0,0.0,0.0,0.0,2.0,0.0,0.0,61.0,1.0,0.0,0.0,8.0,0.0,3.0,0.0,72.0,456.0,147.0,166.0
Nash-37127P10A,283.0,2.0,8.0,145.0,195.0,0.0,1.0,61.0,0.0,0.0,0.0,0.0,0.0,0.0,0.0,0.0,0.0,0.0,0.0,1.0,0.0,0.0,53.0,0.0,0.0,0.0,2.0,1.0,3.0,0.0,40.0,438.0,100.0,257.0
Nash-37127P11A,109.0,1.0,14.0,550.0,91.0,1.0,5.0,130.0,0.0,0.0,0.0,2.0,0.0,0.0,0.0,0.0,0.0,1.0,0.0,1.0,7.0,0.0,267.0,0.0,0.0,0.0,32.0,2.0,31.0,0.0,239.0,674.0,579.0,227.0
Nash-37127P12A,183.0,0.0,7.0,169.0,161.0,1.0,0.0,50.0,0.0,0.0,0.0,0.0,0.0,0.0,0.0,0.0,0.0,0.0,0.0,0.0,2.0,0.0,61.0,0.0,0.0,0.0,7.0,0.0,3.0,0.0,56.0,359.0,129.0,212.0
Nash-37127P13A,297.0,0.0,1.0,90.0,186.0,0.0,2.0,37.0,0.0,0.0,0.0,0.0,0.0,0.0,0.0,0.0,0.0,0.0,0.0,0.0,1.0,0.0,16.0,0.0,0.0,1.0,2.0,0.0,4.0,0.0,15.0,388.0,39.0,225.0
Nash-37127P14A,75.0,0.0,9.0,238.0,70.0,0.0,3.0,59.0,0.0,0.0,0.0,0.0,0.0,0.0,0.0,0.0,0.0,0.0,0.0,0.0,0.0,0.0,137.0,0.0,1.0,0.0,13.0,0.0,17.0,0.0,74.0,322.0,242.0,132.0
Nash-37127P15A,202.0,2.0,16.0,422.0,188.0,1.0,8.0,126.0,1.0,0.0,0.0,0.0,0.0,0.0,0.0,0.0,0.0,0.0,0.0,2.0,5.0,1.0,194.0,1.0,0.0,1.0,24.0,1.0,20.0,2.0,217.0,642.0,468.0,323.0
Nash-37127P16A,254.0,0.0,15.0,227.0,229.0,0.0,4.0,81.0,0.0,0.0,0.0,0.0,0.0,0.0,0.0,0.0,0.0,0.0,0.0,1.0,2.0,0.0,72.0,0.0,0.0,0.0,16.0,1.0,9.0,0.0,82.0,496.0,183.0,314.0
Nash-37127P17A,459.0,1.0,25.0,386.0,385.0,1.0,4.0,179.0,0.0,0.0,0.0,2.0,0.0,0.0,0.0,0.0,1.0,0.0,0.0,3.0,3.0,0.0,152.0,0.0,1.0,1.0,33.0,3.0,18.0,0.0,139.0,871.0,353.0,569.0
Nash-37127P18A,353.0,1.0,13.0,223.0,242.0,1.0,5.0,131.0,0.0,0.0,0.0,0.0,0.0,0.0,0.0,0.0,0.0,0.0,0.0,0.0,4.0,0.0,89.0,0.0,0.0,1.0,15.0,1.0,22.0,0.0,61.0,590.0,193.0,379.0
Nash-37127P19A,427.0,5.0,30.0,609.0,371.0,4.0,15.0,263.0,0.0,0.0,0.0,1.0,0.0,0.0,0.0,0.0,0.0,0.0,0.0,2.0,5.0,1.0,351.0,1.0,0.0,4.0,128.0,0.0,63.0,0.0,292.0,1071.0,847.0,653.0
Nash-37127P20A,244.0,2.0,16.0,276.0,208.0,0.0,7.0,139.0,0.0,0.0,0.0,0.0,0.0,0.0,0.0,0.0,0.0,0.0,0.0,1.0,3.0,0.0,123.0,0.0,0.0,0.0,24.0,0.0,15.0,0.0,129.0,538.0,295.0,354.0
Nash-37127P21A,364.0,2.0,11.0,135.0,266.0,1.0,1.0,115.0,0.0,1.0,0.0,0.0,0.0,0.0,0.0,0.0,0.0,0.0,0.0,2.0,1.0,0.0,60.0,1.0,0.0,0.0,32.0,0.0,14.0,0.0,84.0,512.0,194.0,383.0
Nash-37127P22A,370.0,0.0,4.0,28.0,253.0,0.0,4.0,68.0,0.0,0.0,0.0,0.0,0.0,0.0,0.0,0.0,0.0,0.0,0.0,0.0,1.0,1.0,12.0,0.0,0.0,1.0,0.0,1.0,5.0,0.0,13.0,402.0,34.0,325.0
Nash-37127P23A,487.0,0.0,6.0,91.0,292.0,1.0,4.0,110.0,0.0,0.0,0.0,0.0,0.0,0.0,0.0,0.0,0.0,0.0,0.0,0.0,3.0,0.0,43.0,0.0,0.0,0.0,0.0,0.0,3.0,0.0,31.0,584.0,80.0,407.0
Nash-37127P24A,241.0,0.0,22.0,483.0,144.0,0.0,13.0,103.0,0.0,1.0,0.0,1.0,0.0,0.0,0.0,0.0,0.0,0.0,0.0,0.0,1.0,1.0,212.0,1.0,0.0,2.0,21.0,1.0,21.0,0.0,199.0,746.0,459.0,260.0
Nash-37127ROCKY MOUNT OS,5989.0,12.0,92.0,1977.0,0.0,0.0,0.0,0.0,0.0,0.0,0.0,0.0,0.0,0.0,0.0,0.0,0.0,0.0,0.0,0.0,0.0,0.0,0.0,0.0,0.0,0.0,0.0,0.0,0.0,0.0,0.0,8070.0,0.0,0.0
Nash-37127SPRING HOPE OS,903.0,3.0,21.0,786.0,0.0,0.0,0.0,0.0,0.0,0.0,0.0,0.0,0.0,0.0,0.0,0.0,0.0,0.0,0.0,0.0,0.0,0.0,0.0,0.0,0.0,0.0,0.0,0.0,0.0,0.0,0.0,1713.0,0.0,0.0
New Hanover-37129ABSENTEE,0.0,0.0,0.0,0.0,0.0,0.0,0.0,1.0,0.0,0.0,0.0,0.0,0.0,0.0,0.0,0.0,0.0,0.0,0.0,0.0,2.0,0.0,0.0,0.0,0.0,0.0,0.0,0.0,2.0,0.0,0.0,0.0,4.0,1.0
New Hanover-37129CF01,1107.0,10.0,88.0,1224.0,385.0,1.0,13.0,256.0,0.0,0.0,0.0,1.0,0.0,0.0,0.0,0.0,0.0,0.0,0.0,1.0,6.0,2.0,179.0,2.0,1.0,1.0,42.0,3.0,39.0,0.0,287.0,2429.0,563.0,655.0
New Hanover-37129CF02,638.0,5.0,63.0,1255.0,176.0,3.0,7.0,185.0,0.0,1.0,0.0,1.0,0.0,0.0,0.0,1.0,0.0,0.0,0.0,5.0,6.0,0.0,188.0,0.0,0.0,7.0,49.0,3.0,31.0,0.0,267.0,1961.0,556.0,371.0
New Hanover-37129CF05,831.0,8.0,81.0,1162.0,177.0,1.0,3.0,236.0,0.0,0.0,0.0,1.0,1.0,0.0,0.0,0.0,0.0,0.0,0.0,2.0,13.0,0.0,171.0,1.0,0.0,1.0,61.0,2.0,44.0,0.0,216.0,2082.0,511.0,417.0
New Hanover-37129CF06,777.0,7.0,72.0,1155.0,220.0,1.0,5.0,203.0,0.0,0.0,0.0,0.0,0.0,0.0,0.0,0.0,0.0,0.0,0.0,1.0,3.0,1.0,196.0,0.0,0.0,1.0,66.0,0.0,40.0,2.0,290.0,2011.0,600.0,429.0
New Hanover-37129FP02,0.0,0.0,0.0,0.0,186.0,0.0,12.0,286.0,0.0,1.0,0.0,2.0,0.0,0.0,0.0,1.0,1.0,0.0,0.0,3.0,7.0,1.0,130.0,0.0,0.0,2.0,71.0,1.0,39.0,0.0,301.0,0.0,555.0,484.0
New Hanover-37129FP03,513.0,4.0,41.0,794.0,156.0,1.0,1.0,130.0,0.0,0.0,1.0,1.0,0.0,0.0,0.0,0.0,0.0,0.0,0.0,1.0,5.0,0.0,107.0,1.0,0.0,0.0,107.0,4.0,39.0,0.0,243.0,1352.0,507.0,288.0
New Hanover-37129FP04,1161.0,14.0,110.0,2121.0,300.0,0.0,4.0,295.0,1.0,0.0,0.0,1.0,0.0,0.0,0.0,0.0,0.0,0.0,0.0,3.0,14.0,2.0,277.0,2.0,0.0,2.0,140.0,3.0,93.0,2.0,556.0,3406.0,1094.0,599.0
New Hanover-37129FP05,0.0,0.0,0.0,0.0,124.0,2.0,6.0,158.0,0.0,1.0,0.0,2.0,0.0,0.0,0.0,0.0,0.0,0.0,0.0,4.0,2.0,0.0,92.0,0.0,0.0,1.0,77.0,1.0,31.0,2.0,291.0,0.0,501.0,290.0
New Hanover-37129FP06,946.0,5.0,109.0,1548.0,228.0,2.0,3.0,284.0,0.0,2.0,0.0,2.0,0.0,0.0,0.0,0.0,0.0,0.0,0.0,3.0,8.0,0.0,157.0,1.0,0.0,2.0,77.0,1.0,46.0,0.0,389.0,2608.0,684.0,517.0
New Hanover-37129FP07,1206.0,7.0,86.0,2119.0,328.0,1.0,1.0,263.0,0.0,1.0,0.0,0.0,0.0,0.0,0.0,0.0,0.0,1.0,1.0,4.0,2.0,2.0,224.0,2.0,0.0,4.0,143.0,1.0,93.0,0.0,615.0,3418.0,1090.0,593.0
New Hanover-37129FP08,1407.0,14.0,117.0,2159.0,0.0,0.0,0.0,0.0,0.0,0.0,0.0,0.0,0.0,0.0,0.0,0.0,0.0,0.0,0.0,0.0,0.0,0.0,0.0,0.0,0.0,0.0,0.0,0.0,0.0,0.0,0.0,3697.0,0.0,0.0
New Hanover-37129H01,547.0,6.0,46.0,654.0,140.0,0.0,5.0,140.0,0.0,0.0,0.0,2.0,0.0,0.0,0.0,0.0,0.0,0.0,1.0,0.0,3.0,0.0,89.0,1.0,0.0,0.0,38.0,2.0,31.0,0.0,138.0,1253.0,302.0,285.0
New Hanover-37129H02,933.0,3.0,92.0,1808.0,260.0,0.0,2.0,120.0,0.0,0.0,0.0,0.0,0.0,0.0,0.0,0.0,0.0,0.0,0.0,2.0,9.0,2.0,249.0,2.0,0.0,1.0,402.0,1.0,134.0,1.0,554.0,2836.0,1357.0,382.0
New Hanover-37129H03,1405.0,22.0,125.0,2070.0,326.0,1.0,5.0,384.0,0.0,0.0,0.0,1.0,0.0,0.0,0.0,0.0,1.0,1.0,0.0,10.0,14.0,1.0,251.0,1.0,2.0,4.0,304.0,2.0,143.0,0.0,516.0,3622.0,1248.0,716.0
New Hanover-37129H04,1219.0,12.0,107.0,1540.0,274.0,4.0,4.0,318.0,1.0,0.0,0.0,2.0,1.0,1.0,0.0,0.0,0.0,0.0,1.0,6.0,4.0,0.0,196.0,0.0,0.0,3.0,171.0,4.0,93.0,0.0,335.0,2878.0,812.0,600.0
New Hanover-37129H05,1029.0,8.0,112.0,1604.0,281.0,0.0,12.0,239.0,0.0,0.0,0.0,4.0,0.0,0.0,0.0,0.0,0.0,0.0,0.0,9.0,10.0,0.0,224.0,2.0,0.0,3.0,199.0,4.0,77.0,3.0,465.0,2753.0,996.0,532.0
New Hanover-37129H06,837.0,8.0,110.0,1126.0,214.0,1.0,1.0,238.0,0.0,0.0,0.0,1.0,0.0,1.0,0.0,0.0,0.0,0.0,0.0,3.0,8.0,0.0,151.0,0.0,1.0,1.0,59.0,2.0,33.0,0.0,244.0,2081.0,502.0,454.0
New Hanover-37129H08,1618.0,7.0,168.0,2532.0,427.0,2.0,12.0,363.0,0.0,0.0,0.0,2.0,0.0,1.0,0.0,1.0,0.0,0.0,0.0,8.0,20.0,0.0,361.0,2.0,1.0,3.0,278.0,2.0,160.0,0.0,622.0,4325.0,1457.0,804.0
New Hanover-37129H09,0.0,0.0,0.0,0.0,560.0,1.0,10.0,378.0,0.0,1.0,0.0,5.0,0.0,0.0,0.0,1.0,0.0,0.0,0.0,8.0,13.0,2.0,482.0,1.0,0.0,2.0,461.0,5.0,230.0,1.0,822.0,0.0,2027.0,949.0
New Hanover-37129H10,1311.0,16.0,117.0,1238.0,366.0,0.0,2.0,288.0,0.0,0.0,0.0,1.0,0.0,0.0,0.0,0.0,0.0,0.0,1.0,2.0,14.0,1.0,183.0,0.0,0.0,4.0,67.0,3.0,44.0,1.0,222.0,2682.0,541.0,656.0
New Hanover-37129H11,1591.0,12.0,154.0,2487.0,352.0,0.0,1.0,370.0,0.0,0.0,0.0,4.0,0.0,0.0,0.0,0.0,0.0,0.0,0.0,2.0,11.0,1.0,335.0,1.0,2.0,0.0,126.0,3.0,105.0,1.0,453.0,4244.0,1040.0,723.0
New Hanover-37129H12,897.0,2.0,96.0,1554.0,0.0,0.0,0.0,0.0,0.0,0.0,0.0,0.0,0.0,0.0,0.0,0.0,0.0,0.0,0.0,0.0,0.0,0.0,0.0,0.0,0.0,0.0,0.0,0.0,0.0,0.0,0.0,2549.0,0.0,0.0
New Hanover-37129H13,1276.0,2.0,117.0,1874.0,0.0,0.0,0.0,0.0,0.0,0.0,0.0,0.0,0.0,0.0,0.0,0.0,0.0,0.0,0.0,0.0,0.0,0.0,0.0,0.0,0.0,0.0,0.0,0.0,0.0,0.0,0.0,3269.0,0.0,0.0
New Hanover-37129M02,1841.0,8.0,181.0,2593.0,501.0,1.0,9.0,507.0,0.0,0.0,0.0,1.0,0.0,1.0,0.0,0.0,0.0,0.0,1.0,10.0,18.0,1.0,419.0,2.0,0.0,1.0,347.0,2.0,152.0,1.0,585.0,4623.0,1538.0,1018.0
New Hanover-37129M03,990.0,16.0,83.0,1645.0,216.0,3.0,4.0,260.0,0.0,0.0,0.0,5.0,0.0,0.0,0.0,0.0,0.0,0.0,1.0,2.0,12.0,2.0,204.0,1.0,0.0,3.0,103.0,5.0,61.0,1.0,367.0,2734.0,761.0,483.0
New Hanover-37129M04,1956.0,11.0,156.0,2516.0,492.0,1.0,10.0,514.0,0.0,1.0,0.0,0.0,0.0,0.0,0.0,0.0,0.0,1.0,0.0,4.0,6.0,1.0,346.0,1.0,0.0,1.0,264.0,5.0,138.0,1.0,523.0,4639.0,1290.0,1017.0
New Hanover-37129M06,832.0,6.0,81.0,1257.0,198.0,1.0,4.0,220.0,0.0,0.0,0.0,1.0,0.0,0.0,0.0,0.0,0.0,0.0,1.0,3.0,7.0,3.0,176.0,1.0,0.0,1.0,118.0,2.0,65.0,0.0,341.0,2176.0,717.0,423.0
New Hanover-37129M07,544.0,4.0,63.0,915.0,124.0,3.0,4.0,156.0,0.0,0.0,0.0,4.0,0.0,0.0,0.0,0.0,0.0,0.0,0.0,4.0,6.0,1.0,127.0,0.0,0.0,0.0,74.0,1.0,36.0,0.0,246.0,1526.0,495.0,287.0
New Hanover-37129OS CAB PAPER,86.0,0.0,1.0,138.0,7.0,0.0,0.0,5.0,0.0,0.0,0.0,0.0,0.0,0.0,0.0,0.0,0.0,0.0,0.0,0.0,0.0,0.0,1.0,0.0,0.0,0.0,2.0,0.0,0.0,0.0,4.0,225.0,7.0,12.0
New Hanover-37129OS CFCC PAPER,220.0,0.0,2.0,8.0,14.0,0.0,0.0,2.0,0.0,0.0,0.0,0.0,0.0,0.0,0.0,0.0,0.0,0.0,0.0,0.0,0.0,0.0,0.0,0.0,0.0,0.0,0.0,0.0,0.0,0.0,0.0,230.0,0.0,16.0
New Hanover-37129OS GVT PAPER,496.0,0.0,12.0,338.0,144.0,0.0,1.0,24.0,0.0,0.0,0.0,0.0,0.0,0.0,0.0,0.0,0.0,0.0,0.0,0.0,0.0,0.0,18.0,0.0,0.0,0.0,14.0,0.0,1.0,0.0,46.0,846.0,79.0,169.0
New Hanover-37129OS NLB PAPER,116.0,0.0,5.0,197.0,8.0,0.0,0.0,3.0,0.0,0.0,0.0,0.0,0.0,0.0,0.0,0.0,0.0,0.0,0.0,0.0,0.0,0.0,7.0,0.0,0.0,0.0,1.0,0.0,2.0,0.0,2.0,318.0,12.0,11.0
New Hanover-37129OS SRC PAPER,390.0,0.0,10.0,325.0,26.0,0.0,1.0,8.0,0.0,0.0,0.0,0.0,0.0,0.0,0.0,0.0,0.0,0.0,0.0,0.0,3.0,0.0,12.0,1.0,0.0,1.0,5.0,0.0,8.0,0.0,17.0,725.0,47.0,35.0
New Hanover-37129W03,1162.0,15.0,43.0,192.0,298.0,0.0,2.0,291.0,0.0,0.0,0.0,1.0,0.0,0.0,0.0,0.0,0.0,0.0,0.0,3.0,0.0,0.0,18.0,0.0,0.0,0.0,25.0,1.0,10.0,0.0,37.0,1412.0,94.0,591.0
New Hanover-37129W08,678.0,7.0,23.0,383.0,169.0,0.0,1.0,123.0,0.0,0.0,0.0,1.0,0.0,0.0,0.0,1.0,0.0,0.0,1.0,1.0,1.0,0.0,30.0,0.0,0.0,1.0,11.0,1.0,9.0,0.0,86.0,1091.0,140.0,293.0
New Hanover-37129W12,727.0,6.0,55.0,507.0,223.0,0.0,3.0,219.0,0.0,1.0,0.0,2.0,0.0,0.0,0.0,0.0,0.0,0.0,0.0,1.0,4.0,0.0,69.0,1.0,0.0,0.0,110.0,2.0,37.0,1.0,108.0,1295.0,333.0,445.0
New Hanover-37129W13,913.0,12.0,53.0,389.0,155.0,0.0,1.0,215.0,0.0,0.0,0.0,2.0,0.0,0.0,0.0,0.0,0.0,0.0,1.0,0.0,3.0,0.0,32.0,0.0,0.0,1.0,8.0,0.0,16.0,0.0,50.0,1367.0,110.0,371.0
New Hanover-37129W15,2196.0,15.0,93.0,567.0,537.0,0.0,2.0,445.0,0.0,0.0,0.0,4.0,0.0,0.0,0.0,0.0,0.0,0.0,0.0,0.0,3.0,0.0,54.0,0.0,0.0,3.0,19.0,2.0,31.0,0.0,73.0,2871.0,185.0,984.0
New Hanover-37129W16,1069.0,6.0,76.0,1208.0,269.0,0.0,6.0,284.0,1.0,0.0,0.0,1.0,0.0,0.0,0.0,0.0,0.0,0.0,1.0,3.0,9.0,0.0,183.0,3.0,0.0,2.0,160.0,4.0,79.0,0.0,303.0,2359.0,746.0,559.0
New Hanover-37129W17,775.0,6.0,60.0,860.0,271.0,1.0,3.0,222.0,0.0,0.0,0.0,1.0,0.0,0.0,0.0,0.0,0.0,0.0,1.0,0.0,3.0,0.0,159.0,1.0,0.0,2.0,98.0,3.0,46.0,0.0,222.0,1701.0,534.0,497.0
New Hanover-37129W18,508.0,6.0,41.0,550.0,87.0,0.0,2.0,163.0,0.0,0.0,0.0,2.0,0.0,0.0,0.0,0.0,1.0,0.0,0.0,1.0,2.0,1.0,83.0,1.0,1.0,4.0,47.0,0.0,21.0,1.0,114.0,1105.0,276.0,252.0
New Hanover-37129W21,1264.0,7.0,81.0,1301.0,319.0,1.0,3.0,291.0,0.0,0.0,0.0,1.0,1.0,0.0,0.0,0.0,0.0,0.0,0.0,4.0,6.0,1.0,182.0,1.0,0.0,2.0,129.0,2.0,72.0,0.0,312.0,2653.0,711.0,614.0
New Hanover-37129W24,1544.0,19.0,139.0,971.0,101.0,1.0,1.0,504.0,0.0,0.0,1.0,5.0,0.0,0.0,0.0,0.0,1.0,0.0,0.0,1.0,4.0,1.0,97.0,1.0,0.0,2.0,40.0,0.0,55.0,0.0,115.0,2673.0,316.0,607.0
New Hanover-37129W25,1872.0,23.0,86.0,335.0,507.0,1.0,3.0,473.0,0.0,0.0,1.0,4.0,0.0,0.0,0.0,0.0,0.0,0.0,0.0,3.0,1.0,1.0,40.0,0.0,0.0,0.0,55.0,1.0,21.0,0.0,88.0,2316.0,210.0,984.0
New Hanover-37129W26,971.0,10.0,61.0,622.0,214.0,0.0,1.0,338.0,0.0,0.0,0.0,1.0,0.0,0.0,0.0,0.0,0.0,0.0,0.0,1.0,5.0,1.0,77.0,1.0,1.0,2.0,27.0,3.0,28.0,0.0,125.0,1664.0,271.0,553.0
New Hanover-37129W27,1632.0,18.0,70.0,415.0,454.0,3.0,4.0,531.0,0.0,0.0,0.0,2.0,0.0,0.0,1.0,0.0,0.0,0.0,0.0,1.0,3.0,0.0,57.0,0.0,0.0,2.0,54.0,5.0,15.0,1.0,88.0,2135.0,226.0,992.0
New Hanover-37129W28,1321.0,30.0,125.0,859.0,227.0,0.0,7.0,480.0,2.0,2.0,0.0,2.0,0.0,0.0,0.0,0.0,0.0,0.0,1.0,2.0,3.0,2.0,101.0,0.0,0.0,0.0,30.0,1.0,44.0,1.0,145.0,2335.0,329.0,714.0
New Hanover-37129W29,1869.0,13.0,29.0,138.0,590.0,0.0,4.0,281.0,0.0,0.0,0.0,0.0,1.0,0.0,0.0,0.0,0.0,0.0,0.0,0.0,5.0,1.0,7.0,0.0,0.0,0.0,17.0,1.0,3.0,0.0,26.0,2049.0,60.0,875.0
New Hanover-37129W30,1430.0,19.0,97.0,1236.0,298.0,1.0,6.0,323.0,0.0,0.0,0.0,3.0,0.0,0.0,0.0,1.0,0.0,0.0,0.0,2.0,7.0,0.0,147.0,1.0,0.0,2.0,102.0,0.0,55.0,0.0,288.0,2782.0,604.0,628.0
New Hanover-37129W31,1230.0,6.0,105.0,1460.0,309.0,3.0,6.0,300.0,0.0,0.0,0.0,1.0,0.0,0.0,0.0,0.0,0.0,0.0,0.0,6.0,7.0,3.0,189.0,2.0,0.0,4.0,270.0,0.0,107.0,0.0,359.0,2801.0,947.0,618.0
New Hanover-37129WB,652.0,6.0,49.0,951.0,132.0,3.0,2.0,166.0,0.0,0.0,0.0,0.0,0.0,0.0,0.0,0.0,0.0,0.0,0.0,0.0,5.0,0.0,98.0,0.0,0.0,0.0,135.0,2.0,68.0,0.0,265.0,1658.0,573.0,303.0
Northampton-37131CONWAY,127.0,0.0,7.0,265.0,83.0,4.0,7.0,119.0,0.0,0.0,0.0,0.0,0.0,0.0,0.0,0.0,0.0,0.0,0.0,0.0,2.0,0.0,20.0,0.0,0.0,0.0,0.0,0.0,3.0,0.0,31.0,399.0,56.0,213.0
Northampton-37131CREEKS,62.0,0.0,2.0,136.0,55.0,6.0,6.0,69.0,0.0,0.0,0.0,0.0,0.0,0.0,0.0,0.0,0.0,0.0,0.0,0.0,0.0,0.0,18.0,0.0,0.0,0.0,1.0,0.0,4.0,0.0,17.0,200.0,40.0,136.0
Northampton-37131GALATI,89.0,0.0,3.0,131.0,73.0,4.0,8.0,36.0,0.0,0.0,0.0,0.0,0.0,0.0,0.0,0.0,0.0,0.0,0.0,0.0,0.0,0.0,7.0,0.0,0.0,0.0,0.0,0.0,2.0,0.0,11.0,223.0,20.0,121.0
Northampton-37131GARYSB,406.0,0.0,0.0,35.0,354.0,2.0,2.0,51.0,0.0,0.0,0.0,0.0,0.0,0.0,0.0,0.0,0.0,0.0,0.0,0.0,0.0,0.0,10.0,0.0,0.0,0.0,2.0,1.0,1.0,0.0,11.0,441.0,25.0,409.0
Northampton-37131GASTON,418.0,0.0,11.0,221.0,371.0,0.0,7.0,98.0,0.0,0.0,0.0,0.0,0.0,0.0,0.0,0.0,0.0,0.0,0.0,0.0,2.0,0.0,26.0,0.0,0.0,1.0,4.0,0.0,1.0,1.0,51.0,650.0,86.0,476.0
Northampton-37131JACKSO,77.0,0.0,2.0,82.0,81.0,1.0,3.0,50.0,0.0,0.0,0.0,0.0,0.0,0.0,0.0,0.0,0.0,0.0,0.0,0.0,1.0,0.0,14.0,0.0,0.0,1.0,1.0,1.0,0.0,0.0,19.0,161.0,37.0,135.0
Northampton-37131LAKE G,104.0,0.0,3.0,158.0,170.0,1.0,4.0,75.0,0.0,0.0,0.0,0.0,0.0,0.0,0.0,0.0,0.0,0.0,0.0,1.0,4.0,0.0,66.0,1.0,0.0,1.0,25.0,1.0,11.0,0.0,156.0,265.0,266.0,250.0
Northampton-37131LASKER,22.0,0.0,1.0,109.0,14.0,0.0,3.0,33.0,0.0,0.0,0.0,0.0,0.0,0.0,0.0,0.0,0.0,0.0,0.0,0.0,0.0,0.0,21.0,0.0,0.0,0.0,2.0,0.0,0.0,0.0,13.0,132.0,36.0,50.0
Northampton-37131MILWAU,75.0,0.0,5.0,104.0,56.0,2.0,3.0,38.0,0.0,0.0,0.0,0.0,0.0,0.0,0.0,0.0,0.0,0.0,0.0,0.0,0.0,0.0,4.0,0.0,0.0,0.0,2.0,0.0,0.0,0.0,17.0,184.0,23.0,99.0
Northampton-37131NEWTOW,88.0,0.0,5.0,176.0,79.0,1.0,7.0,53.0,0.0,0.0,0.0,0.0,0.0,0.0,0.0,0.0,0.0,0.0,0.0,0.0,1.0,1.0,14.0,0.0,0.0,0.0,6.0,0.0,1.0,0.0,20.0,269.0,43.0,140.0
Northampton-37131OS GASTON,887.0,0.0,2.0,181.0,249.0,1.0,0.0,35.0,0.0,0.0,0.0,0.0,0.0,0.0,0.0,0.0,0.0,0.0,0.0,0.0,3.0,0.0,11.0,0.0,0.0,0.0,2.0,0.0,3.0,0.0,28.0,1070.0,47.0,285.0
Northampton-37131OS LAKE GASTON,323.0,0.0,8.0,369.0,0.0,0.0,0.0,0.0,0.0,0.0,0.0,0.0,0.0,0.0,0.0,0.0,0.0,0.0,0.0,0.0,0.0,0.0,0.0,0.0,0.0,0.0,0.0,0.0,0.0,0.0,0.0,700.0,0.0,0.0
Northampton-37131OS OFFICE,1754.0,0.0,13.0,763.0,479.0,3.0,9.0,110.0,0.0,0.0,0.0,0.0,0.0,0.0,0.0,0.0,0.0,0.0,0.0,0.0,0.0,0.0,29.0,0.0,0.0,0.0,4.0,0.0,10.0,0.0,51.0,2530.0,94.0,601.0
Northampton-37131OS RICH SQUARE,655.0,0.0,4.0,191.0,176.0,1.0,0.0,21.0,0.0,0.0,0.0,0.0,0.0,0.0,0.0,0.0,0.0,0.0,0.0,0.0,0.0,0.0,7.0,0.0,0.0,0.0,0.0,0.0,1.0,0.0,5.0,850.0,13.0,198.0
Northampton-37131PENDLE,51.0,0.0,3.0,72.0,27.0,0.0,1.0,23.0,0.0,0.0,0.0,0.0,0.0,0.0,0.0,0.0,0.0,0.0,0.0,0.0,1.0,0.0,4.0,0.0,0.0,0.0,0.0,0.0,1.0,0.0,11.0,126.0,17.0,51.0
Northampton-37131PLEASA,85.0,0.0,1.0,32.0,60.0,0.0,4.0,14.0,0.0,0.0,0.0,0.0,0.0,0.0,0.0,0.0,0.0,0.0,0.0,0.0,2.0,0.0,9.0,0.0,0.0,0.0,0.0,0.0,0.0,0.0,9.0,118.0,20.0,78.0
Northampton-37131POTECA,57.0,0.0,0.0,32.0,22.0,0.0,1.0,11.0,0.0,0.0,0.0,0.0,0.0,0.0,0.0,0.0,0.0,0.0,0.0,0.0,1.0,0.0,0.0,0.0,0.0,0.0,0.0,0.0,0.0,0.0,3.0,89.0,4.0,34.0
Northampton-37131REHOBE,53.0,0.0,1.0,43.0,47.0,0.0,0.0,23.0,0.0,0.0,0.0,0.0,0.0,0.0,0.0,0.0,0.0,0.0,0.0,0.0,0.0,0.0,6.0,0.0,0.0,0.0,0.0,0.0,1.0,0.0,4.0,97.0,11.0,70.0
Northampton-37131RICH S,235.0,0.0,4.0,78.0,226.0,1.0,7.0,69.0,0.0,0.0,0.0,0.0,0.0,0.0,0.0,0.0,0.0,0.0,0.0,0.0,0.0,0.0,8.0,0.0,0.0,0.0,2.0,0.0,4.0,0.0,28.0,317.0,42.0,303.0
Northampton-37131SEABOA,186.0,0.0,3.0,83.0,186.0,1.0,1.0,51.0,0.0,0.0,0.0,0.0,0.0,0.0,0.0,0.0,0.0,0.0,0.0,0.0,0.0,0.0,19.0,0.0,0.0,1.0,2.0,0.0,0.0,0.0,21.0,272.0,43.0,239.0
Northampton-37131SEVERN,79.0,0.0,5.0,124.0,34.0,2.0,6.0,18.0,0.0,0.0,0.0,0.0,0.0,0.0,0.0,0.0,0.0,0.0,0.0,0.0,0.0,0.0,11.0,0.0,0.0,0.0,3.0,0.0,6.0,0.0,18.0,208.0,38.0,60.0
Northampton-37131WOODLA,156.0,0.0,6.0,114.0,102.0,1.0,1.0,48.0,0.0,0.0,0.0,0.0,0.0,0.0,0.0,0.0,0.0,0.0,0.0,0.0,0.0,1.0,12.0,0.0,0.0,0.0,3.0,0.0,1.0,0.0,22.0,276.0,39.0,152.0
Onslow-37133ABSENTEE,538.0,1.0,89.0,1275.0,0.0,0.0,0.0,0.0,0.0,0.0,0.0,0.0,0.0,0.0,0.0,0.0,0.0,0.0,0.0,0.0,0.0,0.0,0.0,0.0,0.0,0.0,0.0,0.0,0.0,0.0,0.0,1903.0,0.0,0.0
Onslow-37133BC21,172.0,3.0,77.0,766.0,107.0,0.0,6.0,162.0,0.0,0.0,0.0,2.0,0.0,0.0,0.0,0.0,0.0,0.0,1.0,6.0,8.0,1.0,262.0,0.0,1.0,3.0,78.0,3.0,57.0,1.0,470.0,1018.0,890.0,275.0
Onslow-37133BM08,509.0,3.0,61.0,698.0,539.0,1.0,15.0,248.0,0.0,0.0,0.0,4.0,0.0,0.0,1.0,0.0,0.0,0.0,0.0,4.0,10.0,2.0,379.0,0.0,0.0,3.0,141.0,4.0,101.0,0.0,539.0,1271.0,1183.0,803.0
Onslow-37133CL10,87.0,1.0,24.0,582.0,80.0,3.0,7.0,85.0,0.0,0.0,0.0,1.0,1.0,0.0,0.0,0.0,0.0,0.0,0.0,0.0,10.0,0.0,223.0,1.0,0.0,5.0,35.0,2.0,19.0,0.0,205.0,694.0,500.0,175.0
Onslow-37133CR07,234.0,4.0,54.0,691.0,188.0,1.0,2.0,170.0,0.0,1.0,0.0,1.0,0.0,0.0,0.0,0.0,0.0,0.0,0.0,4.0,11.0,1.0,359.0,0.0,0.0,0.0,52.0,3.0,45.0,1.0,462.0,983.0,938.0,361.0
Onslow-37133EN03,727.0,10.0,100.0,832.0,617.0,2.0,7.0,402.0,0.0,0.0,0.0,4.0,1.0,0.0,1.0,1.0,0.0,0.0,0.0,9.0,25.0,2.0,486.0,3.0,1.0,3.0,113.0,4.0,118.0,1.0,616.0,1669.0,1381.0,1028.0
Onslow-37133FS16,175.0,3.0,46.0,944.0,99.0,1.0,8.0,164.0,0.0,1.0,0.0,1.0,0.0,0.0,0.0,0.0,0.0,0.0,0.0,3.0,7.0,2.0,223.0,1.0,0.0,1.0,92.0,0.0,64.0,1.0,428.0,1168.0,822.0,272.0
Onslow-37133GB12,210.0,1.0,46.0,632.0,188.0,1.0,5.0,140.0,0.0,0.0,0.0,3.0,0.0,0.0,0.0,0.0,0.0,0.0,0.0,4.0,14.0,0.0,339.0,0.0,0.0,1.0,66.0,3.0,65.0,1.0,376.0,889.0,869.0,334.0
Onslow-37133HM05,288.0,4.0,54.0,703.0,292.0,1.0,4.0,182.0,0.0,1.0,0.0,1.0,0.0,0.0,0.0,0.0,0.0,0.0,1.0,2.0,8.0,0.0,309.0,2.0,0.0,0.0,68.0,1.0,54.0,0.0,388.0,1049.0,832.0,479.0
Onslow-37133HN14,146.0,5.0,19.0,514.0,85.0,0.0,1.0,72.0,0.0,0.0,0.0,0.0,0.0,0.0,0.0,0.0,0.0,0.0,0.0,1.0,15.0,0.0,191.0,1.0,0.0,1.0,35.0,2.0,22.0,0.0,253.0,684.0,521.0,158.0
Onslow-37133HR17,179.0,3.0,46.0,615.0,67.0,2.0,1.0,85.0,0.0,0.0,0.0,0.0,0.0,0.0,0.0,0.0,0.0,0.0,0.0,1.0,4.0,0.0,103.0,0.0,0.0,1.0,30.0,3.0,29.0,0.0,208.0,843.0,379.0,155.0
Onslow-37133HU20,148.0,4.0,42.0,602.0,73.0,0.0,3.0,76.0,0.0,0.0,0.0,1.0,0.0,0.0,0.0,0.0,1.0,0.0,0.0,3.0,12.0,1.0,186.0,0.0,0.0,1.0,47.0,1.0,45.0,2.0,317.0,796.0,615.0,152.0
Onslow-37133JA01,270.0,3.0,49.0,644.0,168.0,2.0,1.0,115.0,0.0,0.0,0.0,2.0,0.0,0.0,0.0,0.0,0.0,0.0,0.0,1.0,8.0,0.0,170.0,1.0,0.0,2.0,37.0,0.0,45.0,1.0,228.0,966.0,493.0,286.0
Onslow-37133ML23,103.0,1.0,9.0,353.0,86.0,1.0,2.0,34.0,0.0,0.0,0.0,0.0,0.0,0.0,0.0,0.0,0.0,0.0,0.0,1.0,3.0,0.0,77.0,0.0,0.0,0.0,20.0,0.0,11.0,0.0,117.0,466.0,229.0,123.0
Onslow-37133MT24,77.0,0.0,14.0,434.0,70.0,2.0,6.0,63.0,0.0,0.0,0.0,1.0,0.0,0.0,0.0,0.0,0.0,0.0,0.0,2.0,4.0,1.0,131.0,2.0,0.0,1.0,31.0,0.0,25.0,0.0,260.0,525.0,457.0,141.0
Onslow-37133NE22A,316.0,3.0,35.0,440.0,271.0,4.0,2.0,92.0,1.0,0.0,0.0,0.0,0.0,0.0,0.0,0.0,0.0,0.0,0.0,2.0,6.0,1.0,112.0,1.0,0.0,0.0,22.0,0.0,28.0,0.0,170.0,794.0,342.0,369.0
Onslow-37133NE22B,353.0,1.0,69.0,763.0,319.0,4.0,9.0,192.0,0.0,1.0,0.0,1.0,0.0,0.0,0.0,0.0,0.0,1.0,1.0,5.0,21.0,0.0,319.0,0.0,1.0,1.0,81.0,2.0,62.0,1.0,373.0,1186.0,866.0,524.0
Onslow-37133NM13,42.0,0.0,10.0,415.0,31.0,1.0,6.0,37.0,0.0,0.0,0.0,0.0,0.0,0.0,0.0,0.0,0.0,0.0,0.0,1.0,0.0,0.0,126.0,0.0,0.0,1.0,6.0,0.0,6.0,0.0,139.0,467.0,279.0,75.0
Onslow-37133NR02,268.0,3.0,13.0,73.0,247.0,0.0,1.0,69.0,0.0,0.0,0.0,0.0,0.0,0.0,0.0,0.0,0.0,0.0,0.0,0.0,0.0,0.0,11.0,0.0,0.0,0.0,2.0,0.0,4.0,0.0,27.0,357.0,44.0,317.0
Onslow-37133OS-COMMONS REC CTR,4627.0,0.0,280.0,5965.0,0.0,0.0,0.0,0.0,0.0,0.0,0.0,0.0,0.0,0.0,0.0,0.0,0.0,0.0,0.0,0.0,0.0,0.0,0.0,0.0,0.0,0.0,0.0,0.0,0.0,0.0,0.0,10872.0,0.0,0.0
Onslow-37133OS-COMMONSRECCTR,0.0,0.0,0.0,0.0,0.0,0.0,0.0,0.0,0.0,0.0,0.0,0.0,0.0,0.0,0.0,0.0,0.0,0.0,0.0,0.0,0.0,0.0,0.0,0.0,0.0,0.0,0.0,0.0,0.0,0.0,0.0,0.0,0.0,0.0
Onslow-37133OS-OFFICE,0.0,0.0,0.0,0.0,0.0,0.0,0.0,0.0,0.0,0.0,0.0,0.0,0.0,0.0,0.0,0.0,0.0,0.0,0.0,0.0,0.0,0.0,0.0,0.0,0.0,0.0,0.0,0.0,0.0,0.0,0.0,0.0,0.0,0.0
Onslow-37133OS-ONSLOW OFFICE,4985.0,11.0,323.0,8838.0,0.0,0.0,0.0,0.0,0.0,0.0,0.0,0.0,0.0,0.0,0.0,0.0,0.0,0.0,0.0,0.0,0.0,0.0,0.0,0.0,0.0,0.0,0.0,0.0,0.0,0.0,0.0,14157.0,0.0,0.0
Onslow-37133OS-SWANSBORO ROTARY,1026.0,5.0,102.0,3490.0,0.0,0.0,0.0,0.0,0.0,0.0,0.0,0.0,0.0,0.0,0.0,0.0,0.0,0.0,0.0,0.0,0.0,0.0,0.0,0.0,0.0,0.0,0.0,0.0,0.0,0.0,0.0,4623.0,0.0,0.0
Onslow-37133OS-SWANSBOROREC,0.0,0.0,0.0,0.0,0.0,0.0,0.0,0.0,0.0,0.0,0.0,0.0,0.0,0.0,0.0,0.0,0.0,0.0,0.0,0.0,0.0,0.0,0.0,0.0,0.0,0.0,0.0,0.0,0.0,0.0,0.0,0.0,0.0,0.0
Onslow-37133OS-VERONA,562.0,2.0,77.0,2320.0,0.0,0.0,0.0,0.0,0.0,0.0,0.0,0.0,0.0,0.0,0.0,0.0,0.0,0.0,0.0,0.0,0.0,0.0,0.0,0.0,0.0,0.0,0.0,0.0,0.0,0.0,0.0,2961.0,0.0,0.0
Onslow-37133RL09,294.0,5.0,43.0,785.0,233.0,2.0,12.0,149.0,0.0,0.0,0.0,0.0,0.0,0.0,0.0,0.0,0.0,0.0,0.0,2.0,8.0,0.0,346.0,0.0,0.0,0.0,56.0,3.0,47.0,1.0,474.0,1127.0,937.0,396.0
Onslow-37133SF18,258.0,0.0,61.0,1154.0,116.0,1.0,12.0,138.0,0.0,0.0,0.0,4.0,0.0,0.0,1.0,0.0,0.0,0.0,0.0,2.0,12.0,2.0,277.0,1.0,1.0,1.0,110.0,4.0,64.0,0.0,544.0,1473.0,1018.0,267.0
Onslow-37133SW19,196.0,4.0,36.0,633.0,200.0,3.0,9.0,201.0,0.0,0.0,0.0,4.0,1.0,0.0,0.0,0.0,0.0,0.0,1.0,7.0,14.0,0.0,364.0,1.0,0.0,4.0,128.0,2.0,106.0,0.0,636.0,869.0,1262.0,413.0
Onslow-37133TL06,148.0,2.0,28.0,492.0,191.0,0.0,3.0,124.0,0.0,0.0,0.0,0.0,0.0,0.0,0.0,0.0,0.0,0.0,0.0,3.0,12.0,1.0,250.0,0.0,0.0,2.0,62.0,1.0,37.0,0.0,412.0,670.0,780.0,318.0
Onslow-37133VR15,72.0,3.0,30.0,323.0,66.0,3.0,4.0,67.0,0.0,0.0,0.0,1.0,0.0,0.0,2.0,0.0,0.0,0.0,0.0,3.0,5.0,1.0,151.0,0.0,0.0,3.0,42.0,2.0,30.0,0.0,235.0,428.0,472.0,140.0
Onslow-37133WN04,271.0,5.0,50.0,645.0,301.0,0.0,13.0,217.0,0.0,0.0,0.0,0.0,0.0,0.0,0.0,0.0,0.0,0.0,0.0,6.0,23.0,0.0,401.0,1.0,0.0,5.0,154.0,6.0,104.0,0.0,568.0,971.0,1268.0,531.0
Orange-37135BC,292.0,5.0,24.0,95.0,185.0,0.0,2.0,218.0,0.0,0.0,0.0,1.0,0.0,0.0,0.0,0.0,0.0,0.0,0.0,1.0,0.0,1.0,20.0,0.0,0.0,0.0,35.0,0.0,16.0,0.0,31.0,416.0,104.0,405.0
Orange-37135BP,122.0,2.0,13.0,36.0,78.0,0.0,0.0,96.0,0.0,0.0,0.0,1.0,0.0,0.0,0.0,0.0,0.0,0.0,0.0,0.0,1.0,0.0,22.0,0.0,0.0,0.0,17.0,0.0,5.0,0.0,6.0,173.0,51.0,174.0
Orange-37135CA,139.0,1.0,7.0,208.0,110.0,5.0,3.0,80.0,0.0,0.0,0.0,2.0,0.0,0.0,0.0,0.0,0.0,0.0,0.0,1.0,0.0,0.0,74.0,0.0,0.0,0.0,3.0,0.0,5.0,0.0,51.0,355.0,134.0,198.0
Orange-37135CB,174.0,6.0,11.0,38.0,183.0,1.0,0.0,233.0,0.0,0.0,0.0,1.0,0.0,0.0,0.0,0.0,0.0,0.0,0.0,0.0,1.0,0.0,14.0,0.0,0.0,0.0,14.0,1.0,3.0,0.0,10.0,229.0,43.0,417.0
Orange-37135CC,167.0,1.0,20.0,76.0,39.0,1.0,1.0,39.0,0.0,0.0,0.0,0.0,0.0,0.0,0.0,0.0,0.0,0.0,0.0,1.0,0.0,0.0,5.0,0.0,0.0,0.0,8.0,0.0,4.0,0.0,4.0,264.0,22.0,80.0
Orange-37135CF,323.0,3.0,23.0,128.0,301.0,1.0,1.0,227.0,0.0,0.0,0.0,0.0,0.0,0.0,0.0,0.0,0.0,0.0,0.0,0.0,2.0,1.0,43.0,0.0,0.0,0.0,70.0,0.0,32.0,0.0,41.0,477.0,189.0,530.0
Orange-37135CG,153.0,0.0,13.0,291.0,129.0,1.0,4.0,148.0,0.0,0.0,0.0,3.0,0.0,0.0,0.0,0.0,0.0,0.0,0.0,3.0,1.0,1.0,82.0,0.0,0.0,0.0,23.0,0.0,11.0,0.0,77.0,457.0,198.0,282.0
Orange-37135CH,210.0,1.0,13.0,45.0,227.0,0.0,0.0,170.0,0.0,0.0,0.0,2.0,0.0,0.0,0.0,0.0,0.0,0.0,0.0,0.0,1.0,0.0,17.0,0.0,0.0,0.0,34.0,0.0,11.0,1.0,9.0,269.0,73.0,397.0
Orange-37135CO,239.0,6.0,24.0,61.0,258.0,0.0,1.0,280.0,0.0,0.0,0.0,2.0,0.0,0.0,0.0,0.0,0.0,0.0,0.0,0.0,0.0,0.0,27.0,0.0,0.0,1.0,25.0,1.0,16.0,0.0,22.0,330.0,92.0,539.0
Orange-37135CP,192.0,2.0,23.0,288.0,244.0,0.0,1.0,257.0,0.0,0.0,0.0,1.0,0.0,0.0,0.0,0.0,0.0,0.0,0.0,0.0,4.0,1.0,121.0,0.0,0.0,1.0,55.0,0.0,33.0,0.0,107.0,505.0,322.0,502.0
Orange-37135CS1,126.0,0.0,12.0,145.0,120.0,1.0,2.0,166.0,0.0,0.0,0.0,1.0,0.0,0.0,0.0,0.0,0.0,0.0,0.0,0.0,3.0,1.0,61.0,0.0,0.0,0.0,26.0,0.0,9.0,0.0,53.0,283.0,153.0,289.0
Orange-37135CW,230.0,2.0,29.0,668.0,177.0,3.0,16.0,222.0,0.0,0.0,0.0,2.0,0.0,0.0,0.0,0.0,0.0,0.0,0.0,2.0,2.0,0.0,215.0,0.0,0.0,0.0,42.0,1.0,16.0,1.0,148.0,929.0,427.0,418.0
Orange-37135CX,339.0,3.0,40.0,379.0,276.0,3.0,7.0,258.0,0.0,2.0,0.0,3.0,0.0,0.0,0.0,0.0,0.0,0.0,1.0,1.0,4.0,2.0,224.0,0.0,0.0,1.0,33.0,1.0,34.0,0.0,135.0,761.0,435.0,544.0
Orange-37135DA,379.0,4.0,26.0,110.0,437.0,1.0,1.0,335.0,0.0,0.0,0.0,2.0,0.0,0.0,0.0,0.0,0.0,0.0,0.0,0.0,2.0,1.0,54.0,1.0,0.0,1.0,98.0,0.0,33.0,0.0,39.0,519.0,229.0,774.0
Orange-37135DM,270.0,3.0,21.0,93.0,219.0,1.0,2.0,309.0,0.0,1.0,0.0,1.0,0.0,0.0,0.0,0.0,0.0,0.0,0.0,2.0,1.0,0.0,22.0,3.0,1.0,0.0,36.0,0.0,14.0,0.0,27.0,387.0,106.0,531.0
Orange-37135EA,187.0,3.0,18.0,66.0,59.0,0.0,0.0,66.0,0.0,0.0,0.0,0.0,0.0,0.0,0.0,0.0,0.0,0.0,0.0,0.0,1.0,0.0,5.0,0.0,0.0,0.0,14.0,0.0,8.0,0.0,11.0,274.0,39.0,125.0
Orange-37135EF,182.0,3.0,21.0,203.0,158.0,2.0,7.0,150.0,0.0,0.0,0.0,1.0,0.0,0.0,0.0,0.0,0.0,0.0,0.0,2.0,3.0,1.0,127.0,1.0,0.0,0.0,34.0,0.0,11.0,0.0,102.0,409.0,281.0,317.0
Orange-37135EH,219.0,3.0,18.0,64.0,278.0,1.0,1.0,238.0,0.0,0.0,0.0,4.0,0.0,1.0,0.0,0.0,0.0,0.0,0.0,3.0,0.0,0.0,39.0,1.0,0.0,0.0,34.0,1.0,10.0,0.0,28.0,304.0,116.0,518.0
Orange-37135ENO,227.0,7.0,26.0,367.0,187.0,3.0,1.0,198.0,0.0,1.0,0.0,2.0,0.0,0.0,0.0,0.0,0.0,0.0,0.0,0.0,0.0,0.0,109.0,0.0,0.0,0.0,35.0,1.0,30.0,0.0,148.0,627.0,323.0,389.0
Orange-37135ES,256.0,2.0,14.0,64.0,220.0,4.0,1.0,228.0,0.0,0.0,0.0,2.0,0.0,1.0,0.0,0.0,0.0,0.0,1.0,1.0,1.0,0.0,18.0,0.0,0.0,1.0,26.0,1.0,8.0,0.0,16.0,336.0,72.0,453.0
Orange-37135GB,352.0,2.0,48.0,245.0,241.0,3.0,1.0,321.0,0.0,0.0,0.0,3.0,0.0,0.0,0.0,0.0,0.0,0.0,0.0,2.0,6.0,1.0,106.0,1.0,0.0,1.0,55.0,0.0,34.0,0.0,94.0,647.0,300.0,566.0
Orange-37135GL,313.0,4.0,32.0,149.0,297.0,1.0,2.0,193.0,0.0,0.0,0.0,3.0,0.0,0.0,0.0,0.0,0.0,0.0,0.0,0.0,2.0,2.0,55.0,1.0,0.0,0.0,86.0,0.0,20.0,0.0,43.0,498.0,209.0,493.0
Orange-37135GR,178.0,4.0,14.0,51.0,149.0,0.0,3.0,127.0,0.0,0.0,0.0,0.0,0.0,0.0,0.0,0.0,0.0,0.0,0.0,2.0,0.0,0.0,9.0,0.0,0.0,1.0,24.0,0.0,7.0,0.0,11.0,247.0,54.0,279.0
Orange-37135H,85.0,1.0,8.0,41.0,136.0,1.0,0.0,118.0,0.0,0.0,0.0,0.0,0.0,0.0,0.0,0.0,0.0,0.0,0.0,0.0,1.0,0.0,19.0,0.0,0.0,0.0,14.0,1.0,2.0,0.0,20.0,135.0,57.0,255.0
Orange-37135HF,378.0,11.0,34.0,158.0,450.0,2.0,3.0,368.0,0.0,0.0,0.0,2.0,0.0,0.0,0.0,0.0,0.0,0.0,0.0,0.0,1.0,0.0,80.0,0.0,0.0,0.0,96.0,4.0,28.0,0.0,61.0,581.0,270.0,823.0
Orange-37135KM,218.0,9.0,22.0,95.0,288.0,0.0,0.0,224.0,0.0,1.0,0.0,0.0,0.0,0.0,0.0,0.0,0.0,0.0,0.0,0.0,0.0,0.0,45.0,0.0,0.0,3.0,53.0,1.0,18.0,0.0,32.0,344.0,152.0,512.0
Orange-37135LC,309.0,5.0,24.0,65.0,196.0,0.0,1.0,322.0,0.0,0.0,0.0,1.0,0.0,0.0,0.0,0.0,0.0,0.0,0.0,1.0,3.0,0.0,19.0,0.0,0.0,0.0,27.0,0.0,10.0,0.0,18.0,403.0,78.0,519.0
Orange-37135LI,209.0,2.0,29.0,85.0,107.0,0.0,2.0,115.0,0.0,0.0,0.0,0.0,0.0,0.0,0.0,0.0,0.0,0.0,0.0,0.0,0.0,0.0,12.0,0.0,0.0,0.0,15.0,0.0,8.0,0.0,4.0,325.0,39.0,224.0
Orange-37135MF,277.0,5.0,22.0,64.0,52.0,0.0,2.0,97.0,0.0,0.0,1.0,0.0,0.0,0.0,0.0,0.0,0.0,0.0,0.0,0.0,0.0,0.0,10.0,0.0,0.0,1.0,14.0,0.0,9.0,0.0,2.0,368.0,36.0,151.0
Orange-37135NC,159.0,6.0,11.0,66.0,286.0,1.0,3.0,232.0,0.0,0.0,0.0,0.0,0.0,0.0,0.0,0.0,0.0,0.0,0.0,1.0,1.0,1.0,33.0,0.0,0.0,0.0,41.0,0.0,20.0,0.0,21.0,242.0,118.0,522.0
Orange-37135NS,324.0,12.0,29.0,77.0,128.0,0.0,0.0,147.0,0.0,0.0,0.0,0.0,0.0,0.0,0.0,0.0,0.0,0.0,0.0,0.0,0.0,0.0,8.0,0.0,0.0,0.0,9.0,0.0,8.0,0.0,8.0,442.0,33.0,275.0
Orange-37135OG,421.0,5.0,33.0,413.0,294.0,2.0,9.0,441.0,0.0,0.0,0.0,2.0,0.0,1.0,0.0,0.0,0.0,0.0,1.0,1.0,1.0,0.0,143.0,0.0,0.0,2.0,55.0,2.0,21.0,0.0,125.0,872.0,350.0,746.0
Orange-37135OS BOE,8503.0,45.0,329.0,4413.0,1559.0,9.0,13.0,1243.0,0.0,0.0,0.0,4.0,0.0,0.0,0.0,0.0,0.0,0.0,0.0,1.0,5.0,0.0,416.0,1.0,1.0,2.0,126.0,2.0,92.0,0.0,316.0,13290.0,962.0,2824.0
Orange-37135OS COTC,10859.0,60.0,394.0,1532.0,1481.0,4.0,10.0,2944.0,0.0,2.0,0.0,8.0,0.0,1.0,1.0,1.0,0.0,0.0,2.0,1.0,10.0,1.0,200.0,2.0,0.0,1.0,236.0,8.0,430.0,0.0,101.0,12845.0,990.0,4439.0
Orange-37135OS CTH,13430.0,101.0,275.0,1314.0,2076.0,3.0,8.0,2533.0,0.0,0.0,0.0,8.0,0.0,1.0,1.0,0.0,0.0,0.0,1.0,3.0,3.0,1.0,93.0,0.0,0.0,0.0,114.0,4.0,85.0,1.0,85.0,15120.0,389.0,4620.0
Orange-37135OS EFLAND,2114.0,9.0,130.0,2216.0,0.0,0.0,0.0,0.0,0.0,0.0,0.0,0.0,0.0,0.0,0.0,0.0,0.0,0.0,0.0,0.0,0.0,0.0,0.0,0.0,0.0,0.0,0.0,0.0,0.0,0.0,0.0,4469.0,0.0,0.0
Orange-37135OS ER,0.0,0.0,0.0,0.0,290.0,2.0,5.0,212.0,0.0,0.0,0.0,0.0,0.0,0.0,0.0,0.0,0.0,0.0,0.0,0.0,3.0,0.0,143.0,0.0,0.0,0.0,31.0,0.0,19.0,1.0,88.0,0.0,285.0,509.0
Orange-37135OS NHC,0.0,0.0,0.0,0.0,426.0,2.0,2.0,331.0,0.0,0.0,0.0,1.0,0.0,0.0,0.0,0.0,0.0,0.0,0.0,1.0,0.0,0.0,62.0,0.0,0.0,0.0,29.0,1.0,19.0,0.0,32.0,0.0,144.0,761.0
Orange-37135OS SC,0.0,0.0,0.0,0.0,2058.0,2.0,11.0,1244.0,0.0,0.0,0.0,3.0,0.0,0.0,0.0,0.0,0.0,0.0,1.0,4.0,1.0,2.0,122.0,1.0,0.0,4.0,150.0,0.0,101.0,0.0,111.0,0.0,496.0,3315.0
Orange-37135OS SEYMOUR,11114.0,56.0,255.0,1742.0,0.0,0.0,0.0,0.0,0.0,0.0,0.0,0.0,0.0,0.0,0.0,0.0,0.0,0.0,0.0,0.0,0.0,0.0,0.0,0.0,0.0,0.0,0.0,0.0,0.0,0.0,0.0,13167.0,0.0,0.0
Orange-37135OW,329.0,3.0,15.0,60.0,210.0,0.0,1.0,286.0,0.0,0.0,0.0,0.0,0.0,0.0,0.0,1.0,0.0,0.0,0.0,0.0,1.0,0.0,16.0,0.0,0.0,0.0,24.0,1.0,19.0,0.0,13.0,407.0,74.0,497.0
Orange-37135PA,276.0,5.0,25.0,201.0,371.0,2.0,5.0,327.0,0.0,1.0,0.0,0.0,0.0,0.0,0.0,0.0,0.0,0.0,0.0,1.0,2.0,0.0,110.0,0.0,0.0,0.0,82.0,0.0,26.0,0.0,101.0,507.0,322.0,705.0
Orange-37135RF,316.0,4.0,20.0,93.0,297.0,0.0,0.0,234.0,0.0,0.0,0.0,0.0,0.0,0.0,0.0,0.0,0.0,0.0,0.0,0.0,2.0,0.0,28.0,0.0,0.0,0.0,46.0,0.0,11.0,0.0,26.0,433.0,113.0,531.0
Orange-37135SJ,281.0,5.0,19.0,118.0,385.0,0.0,4.0,327.0,0.0,0.0,0.0,1.0,0.0,0.0,0.0,0.0,0.0,0.0,0.0,0.0,2.0,0.0,63.0,0.0,0.0,0.0,53.0,0.0,16.0,0.0,45.0,423.0,179.0,716.0
Orange-37135SM,188.0,2.0,31.0,392.0,231.0,6.0,9.0,209.0,0.0,0.0,0.0,0.0,0.0,0.0,0.0,0.0,0.0,0.0,0.0,1.0,3.0,1.0,183.0,0.0,0.0,1.0,78.0,2.0,33.0,0.0,189.0,613.0,491.0,455.0
Orange-37135TH,169.0,2.0,7.0,30.0,164.0,0.0,0.0,252.0,0.0,0.0,0.0,3.0,0.0,0.0,0.0,0.0,0.0,0.0,0.0,0.0,0.0,0.0,11.0,0.0,0.0,0.0,7.0,1.0,4.0,0.0,6.0,208.0,29.0,416.0
Orange-37135TO,150.0,2.0,12.0,297.0,130.0,1.0,6.0,132.0,0.0,0.0,0.0,0.0,0.0,0.0,0.0,0.0,0.0,0.0,1.0,0.0,1.0,0.0,86.0,1.0,0.0,0.0,19.0,0.0,4.0,0.0,56.0,461.0,167.0,269.0
Orange-37135WC,246.0,4.0,16.0,270.0,166.0,3.0,9.0,236.0,0.0,0.0,0.0,1.0,0.0,0.0,0.0,0.0,0.0,0.0,0.0,0.0,3.0,0.0,67.0,0.0,0.0,0.0,17.0,0.0,5.0,0.0,64.0,536.0,156.0,414.0
Orange-37135WD,224.0,9.0,29.0,87.0,321.0,0.0,1.0,272.0,0.0,0.0,0.0,4.0,0.0,0.0,0.0,0.0,0.0,0.0,0.0,1.0,1.0,0.0,42.0,0.0,0.0,1.0,49.0,0.0,12.0,0.0,42.0,349.0,148.0,594.0
Orange-37135WDS,275.0,0.0,3.0,19.0,218.0,0.0,1.0,64.0,0.0,0.0,0.0,0.0,0.0,0.0,0.0,0.0,0.0,0.0,0.0,0.0,0.0,1.0,4.0,1.0,0.0,0.0,16.0,0.0,3.0,0.0,2.0,297.0,27.0,283.0
Orange-37135WH,282.0,8.0,12.0,143.0,244.0,1.0,2.0,204.0,0.0,0.0,0.0,3.0,0.0,0.0,0.0,0.0,0.0,0.0,0.0,0.0,1.0,0.0,50.0,1.0,0.0,0.0,13.0,1.0,5.0,0.0,49.0,445.0,120.0,451.0
Orange-37135WW,158.0,1.0,12.0,44.0,143.0,0.0,0.0,130.0,0.0,0.0,0.0,1.0,0.0,0.0,0.0,0.0,0.0,0.0,0.0,0.0,0.0,0.0,12.0,0.0,0.0,0.0,31.0,0.0,17.0,0.0,12.0,215.0,72.0,273.0
Pamlico-371371AL A,100.0,0.0,1.0,229.0,51.0,0.0,2.0,33.0,0.0,0.0,0.0,0.0,0.0,0.0,0.0,0.0,0.0,0.0,0.0,0.0,1.0,0.0,23.0,0.0,0.0,0.0,6.0,0.0,2.0,0.0,40.0,330.0,72.0,86.0
Pamlico-371371GB,129.0,0.0,8.0,489.0,51.0,2.0,5.0,65.0,0.0,1.0,0.0,0.0,1.0,0.0,0.0,0.0,0.0,0.0,0.0,0.0,3.0,0.0,51.0,0.0,0.0,0.0,9.0,0.0,5.0,0.0,85.0,626.0,153.0,123.0
Pamlico-371371RB,193.0,0.0,28.0,742.0,67.0,0.0,4.0,82.0,0.0,0.0,0.0,1.0,0.0,0.0,0.0,0.0,0.0,0.0,0.0,0.0,8.0,0.0,83.0,0.0,0.0,0.0,9.0,0.0,16.0,0.0,119.0,963.0,235.0,153.0
Pamlico-371372OT,600.0,6.0,27.0,784.0,216.0,1.0,5.0,178.0,0.0,0.0,0.0,0.0,0.0,0.0,0.0,0.0,0.0,0.0,0.0,2.0,4.0,0.0,136.0,1.0,0.0,1.0,110.0,1.0,51.0,1.0,252.0,1417.0,559.0,400.0
Pamlico-371372SW,108.0,0.0,4.0,199.0,38.0,0.0,1.0,36.0,0.0,0.0,0.0,0.0,0.0,0.0,0.0,0.0,0.0,0.0,0.0,0.0,1.0,0.0,23.0,0.0,0.0,0.0,4.0,0.0,4.0,0.0,43.0,311.0,75.0,75.0
Pamlico-371373BY,492.0,0.0,16.0,407.0,217.0,0.0,6.0,79.0,0.0,0.0,0.0,0.0,0.0,0.0,0.0,0.0,0.0,0.0,0.0,0.0,2.0,0.0,41.0,0.0,0.0,0.0,17.0,0.0,14.0,0.0,109.0,915.0,183.0,302.0
Pamlico-371374HB,9.0,0.0,0.0,127.0,2.0,3.0,5.0,15.0,0.0,0.0,0.0,1.0,0.0,0.0,0.0,0.0,0.0,0.0,0.0,0.0,1.0,0.0,9.0,0.0,0.0,0.0,2.0,0.0,4.0,0.0,21.0,136.0,37.0,25.0
Pamlico-371374MSIC,71.0,0.0,1.0,57.0,38.0,0.0,0.0,10.0,0.0,0.0,0.0,0.0,0.0,0.0,0.0,0.0,0.0,0.0,0.0,0.0,0.0,0.0,4.0,0.0,0.0,0.0,0.0,1.0,0.0,1.0,10.0,129.0,16.0,48.0
Pamlico-371374VM A,75.0,0.0,0.0,61.0,28.0,0.0,0.0,10.0,0.0,0.0,0.0,0.0,0.0,0.0,0.0,0.0,0.0,0.0,0.0,0.0,1.0,0.0,9.0,0.0,0.0,0.0,6.0,0.0,0.0,0.0,15.0,136.0,31.0,38.0
Pamlico-371375AP,466.0,3.0,31.0,968.0,176.0,1.0,8.0,154.0,0.0,0.0,0.0,1.0,0.0,0.0,0.0,0.0,0.0,0.0,0.0,1.0,9.0,1.0,169.0,0.0,0.0,1.0,63.0,1.0,25.0,0.0,287.0,1468.0,557.0,339.0
Pamlico-37137ABSENTEE,121.0,1.0,6.0,115.0,17.0,0.0,0.0,10.0,0.0,0.0,0.0,0.0,0.0,0.0,0.0,0.0,0.0,0.0,0.0,0.0,1.0,0.0,5.0,0.0,0.0,0.0,8.0,0.0,5.0,0.0,21.0,243.0,40.0,27.0
Pasquotank-37139ABSENTEE,205.0,0.0,17.0,265.0,13.0,0.0,0.0,15.0,0.0,0.0,0.0,0.0,0.0,0.0,0.0,0.0,0.0,0.0,0.0,1.0,1.0,0.0,16.0,0.0,0.0,0.0,8.0,0.0,2.0,0.0,15.0,487.0,43.0,28.0
Pasquotank-37139EAST,246.0,3.0,23.0,186.0,150.0,0.0,1.0,114.0,0.0,1.0,0.0,1.0,0.0,0.0,0.0,0.0,0.0,0.0,0.0,2.0,1.0,0.0,60.0,1.0,0.0,0.0,20.0,0.0,19.0,0.0,99.0,458.0,202.0,265.0
Pasquotank-37139MH,332.0,3.0,41.0,490.0,221.0,2.0,4.0,106.0,0.0,0.0,0.0,1.0,0.0,0.0,0.0,0.0,0.0,0.0,0.0,1.0,5.0,0.0,117.0,0.0,0.0,3.0,23.0,1.0,14.0,0.0,149.0,866.0,313.0,333.0
Pasquotank-37139NEW,252.0,2.0,9.0,363.0,156.0,0.0,2.0,57.0,0.0,0.0,0.0,4.0,0.0,0.0,0.0,0.0,0.0,0.0,0.0,0.0,0.0,0.0,36.0,0.0,0.0,1.0,6.0,0.0,8.0,0.0,90.0,626.0,141.0,215.0
Pasquotank-37139NIX,157.0,4.0,19.0,472.0,132.0,1.0,5.0,92.0,1.0,1.0,0.0,3.0,0.0,0.0,0.0,0.0,0.0,0.0,0.0,1.0,3.0,0.0,141.0,1.0,0.0,0.0,32.0,0.0,31.0,0.0,164.0,652.0,373.0,230.0
Pasquotank-37139NORTH,274.0,2.0,18.0,174.0,120.0,0.0,2.0,60.0,0.0,0.0,0.0,0.0,0.0,0.0,0.0,0.0,0.0,0.0,0.0,0.0,2.0,0.0,34.0,0.0,0.0,2.0,12.0,1.0,3.0,0.0,59.0,468.0,113.0,182.0
Pasquotank-37139ONE STOP,6001.0,9.0,222.0,5073.0,1076.0,5.0,11.0,392.0,0.0,0.0,0.0,3.0,0.0,0.0,0.0,1.0,0.0,0.0,1.0,2.0,12.0,3.0,312.0,3.0,0.0,2.0,100.0,4.0,115.0,0.0,431.0,11305.0,984.0,1484.0
Pasquotank-37139PRO,271.0,4.0,45.0,706.0,165.0,2.0,4.0,140.0,0.0,0.0,0.0,0.0,0.0,0.0,0.0,0.0,0.0,0.0,0.0,0.0,4.0,1.0,131.0,0.0,0.0,2.0,39.0,3.0,30.0,0.0,241.0,1026.0,451.0,311.0
Pasquotank-37139SAL,67.0,1.0,11.0,220.0,50.0,1.0,3.0,44.0,0.0,0.0,0.0,0.0,0.0,0.0,0.0,0.0,0.0,0.0,0.0,0.0,3.0,0.0,45.0,0.0,0.0,0.0,12.0,0.0,6.0,0.0,73.0,299.0,139.0,98.0
Pasquotank-37139SOUTH,360.0,4.0,12.0,69.0,207.0,1.0,0.0,60.0,0.0,0.0,0.0,0.0,0.0,0.0,0.0,0.0,0.0,0.0,0.0,0.0,0.0,0.0,23.0,0.0,0.0,0.0,10.0,0.0,2.0,0.0,21.0,445.0,56.0,268.0
Pasquotank-37139WEST,335.0,0.0,14.0,99.0,182.0,0.0,2.0,52.0,0.0,0.0,0.0,1.0,0.0,0.0,0.0,0.0,0.0,0.0,0.0,0.0,0.0,1.0,20.0,0.0,0.0,0.0,12.0,0.0,4.0,0.0,16.0,448.0,53.0,236.0
Pender-37141CF11,497.0,6.0,52.0,1392.0,106.0,8.0,7.0,135.0,0.0,0.0,0.0,0.0,0.0,0.0,0.0,0.0,0.0,0.0,0.0,1.0,9.0,0.0,183.0,1.0,0.0,2.0,39.0,1.0,27.0,0.0,317.0,1947.0,580.0,256.0
Pender-37141CL05,655.0,1.0,12.0,372.0,258.0,3.0,4.0,74.0,0.0,0.0,0.0,0.0,0.0,0.0,0.0,0.0,0.0,0.0,0.0,0.0,5.0,0.0,35.0,0.0,0.0,0.0,5.0,0.0,2.0,0.0,90.0,1040.0,137.0,339.0
Pender-37141CS04,271.0,1.0,7.0,390.0,112.0,3.0,4.0,67.0,0.0,0.0,0.0,1.0,0.0,0.0,0.0,0.0,0.0,0.0,0.0,0.0,0.0,0.0,40.0,0.0,0.0,0.0,10.0,0.0,6.0,0.0,78.0,669.0,134.0,186.0
Pender-37141CT03,93.0,0.0,1.0,43.0,47.0,0.0,2.0,17.0,0.0,0.0,0.0,0.0,0.0,0.0,0.0,0.0,0.0,0.0,0.0,0.0,0.0,0.0,2.0,0.0,0.0,0.0,0.0,0.0,1.0,0.0,17.0,137.0,20.0,66.0
Pender-37141GR06,459.0,1.0,18.0,514.0,198.0,1.0,4.0,59.0,0.0,0.0,0.0,0.0,0.0,0.0,0.0,0.0,0.0,0.0,0.0,1.0,0.0,0.0,53.0,0.0,0.0,0.0,7.0,0.0,7.0,0.0,106.0,992.0,174.0,262.0
Pender-37141LC09,329.0,1.0,24.0,693.0,133.0,2.0,2.0,58.0,0.0,0.0,0.0,0.0,0.0,0.0,0.0,0.0,0.0,0.0,0.0,1.0,3.0,1.0,89.0,0.0,0.0,0.0,13.0,1.0,11.0,0.0,175.0,1047.0,294.0,195.0
Pender-37141LT18,634.0,14.0,75.0,1995.0,148.0,1.0,8.0,173.0,0.0,0.0,0.0,0.0,0.0,0.0,0.0,0.0,0.0,0.0,0.0,2.0,11.0,1.0,249.0,0.0,0.0,3.0,95.0,6.0,66.0,1.0,446.0,2718.0,880.0,330.0
Pender-37141LU16,219.0,0.0,13.0,528.0,65.0,0.0,2.0,57.0,0.0,0.0,0.0,0.0,0.0,0.0,0.0,0.0,0.0,0.0,0.0,0.0,0.0,0.0,56.0,0.0,0.0,0.0,9.0,1.0,7.0,0.0,127.0,760.0,200.0,124.0
Pender-37141MH07,51.0,0.0,6.0,203.0,12.0,0.0,0.0,19.0,0.0,0.0,0.0,1.0,0.0,0.0,0.0,0.0,0.0,0.0,0.0,0.0,2.0,1.0,32.0,0.0,0.0,1.0,8.0,0.0,9.0,0.0,56.0,260.0,109.0,31.0
Pender-37141MT19,668.0,5.0,67.0,1369.0,211.0,4.0,3.0,153.0,0.0,0.0,0.0,0.0,0.0,1.0,0.0,0.0,0.0,0.0,0.0,1.0,5.0,1.0,209.0,3.0,0.0,3.0,131.0,3.0,65.0,0.0,386.0,2109.0,807.0,371.0
Pender-37141NB01,458.0,1.0,27.0,754.0,161.0,1.0,5.0,116.0,0.0,0.0,0.0,0.0,0.0,0.0,0.0,0.0,0.0,0.0,0.0,1.0,6.0,0.0,110.0,0.0,0.0,0.0,15.0,1.0,10.0,0.0,171.0,1240.0,314.0,283.0
Pender-37141PL10,65.0,0.0,3.0,251.0,25.0,1.0,2.0,23.0,0.0,0.0,0.0,0.0,0.0,0.0,0.0,0.0,0.0,0.0,0.0,0.0,2.0,0.0,22.0,0.0,0.0,1.0,6.0,0.0,3.0,0.0,70.0,319.0,104.0,51.0
Pender-37141RP20,528.0,4.0,27.0,673.0,201.0,1.0,5.0,76.0,0.0,0.0,0.0,2.0,0.0,0.0,0.0,0.0,0.0,0.0,0.0,0.0,6.0,0.0,70.0,0.0,0.0,2.0,12.0,0.0,13.0,0.0,145.0,1232.0,248.0,283.0
Pender-37141SB02,802.0,4.0,49.0,1132.0,291.0,1.0,11.0,155.0,0.0,0.0,0.0,1.0,0.0,0.0,0.0,0.0,0.0,0.0,0.0,1.0,5.0,0.0,151.0,1.0,0.0,4.0,42.0,4.0,33.0,0.0,271.0,1987.0,512.0,458.0
Pender-37141SC13,714.0,2.0,56.0,1608.0,192.0,1.0,8.0,182.0,0.0,0.0,0.0,1.0,0.0,0.0,0.0,0.0,0.0,0.0,0.0,2.0,5.0,1.0,212.0,0.0,0.0,1.0,75.0,1.0,52.0,0.0,365.0,2380.0,714.0,383.0
Pender-37141SH12,293.0,2.0,35.0,978.0,73.0,2.0,2.0,80.0,1.0,0.0,0.0,0.0,0.0,0.0,0.0,0.0,0.0,0.0,0.0,3.0,4.0,1.0,161.0,1.0,0.0,0.0,70.0,3.0,38.0,0.0,247.0,1308.0,528.0,157.0
Pender-37141SP15,638.0,2.0,73.0,1563.0,151.0,0.0,4.0,141.0,0.0,0.0,0.0,2.0,0.0,1.0,0.0,0.0,0.0,0.0,0.0,1.0,3.0,1.0,214.0,0.0,0.0,0.0,73.0,1.0,41.0,2.0,361.0,2276.0,697.0,296.0
Pender-37141UH08,447.0,1.0,4.0,135.0,174.0,1.0,3.0,42.0,0.0,0.0,0.0,0.0,0.0,0.0,0.0,0.0,0.0,0.0,0.0,0.0,1.0,0.0,20.0,0.0,0.0,0.0,1.0,0.0,2.0,0.0,21.0,587.0,45.0,220.0
Pender-37141UT14,669.0,6.0,81.0,1883.0,152.0,1.0,5.0,184.0,0.0,0.0,0.0,3.0,0.0,0.0,1.0,0.0,1.0,0.0,2.0,1.0,12.0,1.0,258.0,2.0,1.0,3.0,131.0,0.0,66.0,0.0,474.0,2639.0,949.0,342.0
Pender-37141UU17,307.0,1.0,11.0,394.0,109.0,0.0,7.0,48.0,0.0,1.0,0.0,0.0,0.0,0.0,0.0,0.0,0.0,0.0,0.0,0.0,2.0,0.0,40.0,0.0,0.0,0.0,7.0,0.0,7.0,1.0,76.0,713.0,133.0,164.0
Perquimans-37143ABSENTEE,50.0,0.0,4.0,119.0,5.0,0.0,0.0,3.0,0.0,0.0,0.0,0.0,0.0,0.0,0.0,0.0,0.0,0.0,0.0,0.0,0.0,0.0,10.0,0.0,0.0,0.0,2.0,0.0,4.0,0.0,12.0,173.0,28.0,8.0
Perquimans-37143BELVID,146.0,0.0,13.0,339.0,50.0,1.0,3.0,42.0,0.0,0.0,0.0,0.0,0.0,0.0,0.0,0.0,0.0,0.0,0.0,0.0,0.0,0.0,39.0,0.0,0.0,1.0,5.0,0.0,9.0,0.0,44.0,498.0,98.0,96.0
Perquimans-37143BETHEL,576.0,0.0,49.0,1233.0,148.0,2.0,6.0,113.0,0.0,0.0,0.0,1.0,0.0,0.0,1.0,0.0,0.0,0.0,0.0,1.0,5.0,1.0,177.0,0.0,0.0,1.0,118.0,1.0,54.0,1.0,271.0,1858.0,630.0,269.0
Perquimans-37143EAST H,357.0,2.0,15.0,270.0,128.0,1.0,4.0,55.0,0.0,0.0,0.0,0.0,0.0,0.0,0.0,0.0,0.0,0.0,0.0,1.0,1.0,0.0,40.0,0.0,1.0,2.0,9.0,1.0,15.0,0.0,47.0,644.0,117.0,188.0
Perquimans-37143NEW HO,410.0,4.0,42.0,1008.0,105.0,4.0,5.0,102.0,0.0,0.0,0.0,0.0,0.0,0.0,0.0,0.0,0.0,0.0,0.0,0.0,5.0,0.0,131.0,1.0,0.0,2.0,42.0,1.0,36.0,0.0,202.0,1464.0,420.0,216.0
Perquimans-37143NICANO,48.0,0.0,4.0,108.0,21.0,0.0,2.0,17.0,0.0,0.0,0.0,0.0,0.0,0.0,0.0,0.0,0.0,0.0,0.0,1.0,1.0,0.0,10.0,0.0,0.0,0.0,3.0,0.0,2.0,0.0,9.0,160.0,26.0,40.0
Perquimans-37143PARKVI,494.0,1.0,22.0,747.0,181.0,1.0,4.0,88.0,0.0,0.0,0.0,0.0,0.0,0.0,0.0,0.0,0.0,0.0,0.0,0.0,9.0,0.0,85.0,0.0,0.0,1.0,23.0,0.0,10.0,0.0,110.0,1264.0,238.0,274.0
Perquimans-37143WEST H,224.0,0.0,13.0,340.0,75.0,0.0,7.0,62.0,0.0,0.0,0.0,0.0,0.0,0.0,0.0,0.0,0.0,0.0,0.0,0.0,0.0,0.0,43.0,0.0,0.0,1.0,0.0,2.0,6.0,0.0,33.0,577.0,85.0,144.0
Person-37145ALVI,703.0,4.0,41.0,784.0,296.0,4.0,5.0,179.0,0.0,0.0,0.0,0.0,0.0,0.0,0.0,0.0,0.0,0.0,0.0,0.0,3.0,0.0,98.0,0.0,0.0,0.0,4.0,0.0,13.0,0.0,123.0,1532.0,241.0,484.0
Person-37145CUCL,474.0,1.0,22.0,844.0,194.0,1.0,4.0,126.0,0.0,0.0,0.0,1.0,0.0,1.0,0.0,0.0,0.0,0.0,0.0,2.0,2.0,0.0,128.0,1.0,0.0,1.0,16.0,0.0,14.0,0.0,152.0,1341.0,316.0,325.0
Person-37145FLRI,1054.0,6.0,99.0,2525.0,338.0,2.0,26.0,382.0,0.0,0.0,0.0,4.0,0.0,0.0,0.0,0.0,0.0,0.0,0.0,4.0,10.0,0.0,468.0,0.0,0.0,2.0,36.0,1.0,42.0,0.0,409.0,3684.0,972.0,748.0
Person-37145HLWY,213.0,1.0,11.0,548.0,115.0,1.0,3.0,82.0,0.0,0.0,0.0,0.0,0.0,0.0,0.0,0.0,0.0,0.0,0.0,0.0,2.0,1.0,60.0,0.0,0.0,1.0,11.0,0.0,11.0,0.0,111.0,773.0,197.0,201.0
Person-37145MTTZ,544.0,7.0,53.0,1211.0,196.0,10.0,10.0,218.0,0.0,0.0,0.0,1.0,0.0,0.0,0.0,0.0,0.0,0.0,0.0,1.0,6.0,0.0,216.0,1.0,0.0,1.0,24.0,2.0,10.0,0.0,205.0,1815.0,466.0,434.0
Person-37145OLHI,335.0,1.0,26.0,860.0,141.0,2.0,15.0,131.0,0.0,0.0,0.0,0.0,0.0,0.0,0.0,0.0,0.0,0.0,0.0,1.0,2.0,0.0,119.0,0.0,0.0,1.0,12.0,3.0,23.0,0.0,155.0,1222.0,316.0,289.0
Person-37145PNTH,1470.0,7.0,41.0,1207.0,472.0,3.0,14.0,307.0,0.0,0.0,0.0,1.0,0.0,0.0,0.0,0.0,0.0,0.0,0.0,2.0,4.0,1.0,158.0,1.0,0.0,0.0,20.0,0.0,32.0,0.0,189.0,2725.0,407.0,796.0
Person-37145RCTL,1528.0,3.0,57.0,1409.0,617.0,5.0,15.0,325.0,0.0,0.0,0.0,3.0,0.0,0.0,0.0,0.0,0.0,0.0,0.0,1.0,4.0,0.0,210.0,1.0,0.0,6.0,29.0,0.0,36.0,0.0,245.0,2997.0,532.0,962.0
Person-37145ROX4,648.0,0.0,26.0,506.0,248.0,4.0,10.0,135.0,0.0,0.0,0.0,1.0,0.0,0.0,0.0,0.0,0.0,0.0,0.0,1.0,1.0,0.0,67.0,0.0,0.0,0.0,8.0,0.0,5.0,0.0,89.0,1180.0,171.0,397.0
Person-37145SWST,488.0,5.0,26.0,927.0,193.0,1.0,13.0,199.0,0.0,0.0,0.0,0.0,0.0,0.0,0.0,0.0,0.0,0.0,0.0,1.0,4.0,1.0,146.0,0.0,0.0,2.0,21.0,0.0,19.0,0.0,139.0,1446.0,333.0,406.0
Person-37145WDSD,376.0,1.0,17.0,364.0,156.0,1.0,6.0,77.0,0.0,0.0,0.0,0.0,0.0,0.0,0.0,0.0,0.0,0.0,0.0,1.0,0.0,0.0,50.0,0.0,0.0,0.0,15.0,0.0,6.0,0.0,65.0,758.0,137.0,240.0
Pitt-371470101,335.0,3.0,36.0,386.0,226.0,2.0,4.0,155.0,0.0,0.0,0.0,1.0,0.0,0.0,0.0,0.0,0.0,0.0,0.0,0.0,3.0,0.0,165.0,0.0,0.0,2.0,20.0,1.0,17.0,2.0,112.0,760.0,322.0,387.0
Pitt-371470200A,174.0,0.0,16.0,290.0,147.0,3.0,5.0,120.0,0.0,0.0,0.0,3.0,0.0,0.0,1.0,0.0,0.0,0.0,0.0,0.0,3.0,0.0,133.0,0.0,0.0,1.0,22.0,1.0,15.0,0.0,136.0,480.0,311.0,275.0
Pitt-371470200B,214.0,4.0,12.0,178.0,207.0,1.0,4.0,89.0,0.0,0.0,0.0,0.0,0.0,0.0,0.0,0.0,0.0,0.0,1.0,1.0,4.0,0.0,82.0,0.0,0.0,0.0,13.0,0.0,10.0,0.0,76.0,408.0,186.0,301.0
Pitt-371470301,537.0,3.0,15.0,278.0,250.0,2.0,8.0,142.0,0.0,0.0,0.0,0.0,0.0,0.0,0.0,0.0,0.0,0.0,0.0,1.0,2.0,0.0,93.0,0.0,0.0,2.0,5.0,0.0,7.0,0.0,65.0,833.0,175.0,402.0
Pitt-371470401,409.0,2.0,9.0,270.0,201.0,2.0,8.0,73.0,0.0,0.0,0.0,0.0,0.0,0.0,0.0,0.0,0.0,0.0,0.0,1.0,5.0,0.0,55.0,0.0,0.0,0.0,13.0,0.0,6.0,1.0,51.0,690.0,132.0,284.0
Pitt-371470501,108.0,0.0,8.0,313.0,74.0,0.0,3.0,69.0,0.0,0.0,0.0,0.0,0.0,0.0,0.0,0.0,0.0,0.0,0.0,0.0,6.0,0.0,55.0,0.0,0.0,0.0,9.0,0.0,5.0,0.0,66.0,429.0,141.0,146.0
Pitt-371470601,167.0,2.0,20.0,507.0,93.0,4.0,11.0,117.0,0.0,0.0,0.0,0.0,0.0,0.0,0.0,0.0,0.0,0.0,0.0,0.0,5.0,0.0,262.0,0.0,0.0,1.0,33.0,2.0,29.0,0.0,198.0,696.0,530.0,225.0
Pitt-371470701,157.0,2.0,11.0,411.0,103.0,2.0,8.0,84.0,0.0,0.0,0.0,0.0,0.0,0.0,1.0,0.0,0.0,0.0,0.0,1.0,1.0,0.0,111.0,0.0,0.0,1.0,33.0,2.0,14.0,0.0,126.0,581.0,289.0,197.0
Pitt-371470800A,177.0,2.0,5.0,290.0,167.0,3.0,5.0,94.0,0.0,0.0,0.0,0.0,0.0,0.0,0.0,0.0,0.0,0.0,0.0,1.0,3.0,0.0,127.0,0.0,1.0,0.0,19.0,0.0,9.0,0.0,112.0,474.0,272.0,269.0
Pitt-371470800B,192.0,0.0,18.0,276.0,142.0,1.0,6.0,117.0,0.0,1.0,0.0,0.0,0.0,0.0,0.0,0.0,0.0,0.0,0.0,2.0,9.0,0.0,72.0,0.0,0.0,1.0,27.0,1.0,7.0,0.0,81.0,486.0,200.0,266.0
Pitt-371470901,111.0,0.0,3.0,208.0,79.0,2.0,2.0,45.0,0.0,0.0,0.0,0.0,0.0,0.0,0.0,0.0,0.0,0.0,0.0,0.0,2.0,0.0,54.0,0.0,0.0,0.0,10.0,0.0,1.0,0.0,51.0,322.0,118.0,128.0
Pitt-371471001,353.0,0.0,22.0,467.0,190.0,4.0,17.0,155.0,0.0,0.0,0.0,1.0,0.0,0.0,0.0,0.0,0.0,0.0,0.0,1.0,3.0,0.0,183.0,0.0,0.0,0.0,20.0,0.0,10.0,0.0,148.0,842.0,365.0,366.0
Pitt-371471101,201.0,0.0,15.0,222.0,104.0,1.0,3.0,63.0,0.0,0.0,0.0,0.0,0.0,0.0,0.0,0.0,0.0,0.0,0.0,1.0,3.0,0.0,66.0,0.0,0.0,0.0,7.0,0.0,6.0,1.0,66.0,438.0,150.0,171.0
Pitt-371471102A,204.0,0.0,26.0,370.0,146.0,2.0,6.0,112.0,0.0,0.0,0.0,3.0,0.0,0.0,0.0,0.0,0.0,0.0,0.0,0.0,3.0,1.0,196.0,0.0,0.0,2.0,38.0,1.0,23.0,0.0,149.0,600.0,413.0,266.0
Pitt-371471102B,240.0,0.0,32.0,573.0,170.0,6.0,8.0,134.0,0.0,0.0,0.0,4.0,0.0,0.0,0.0,0.0,0.0,0.0,0.0,3.0,6.0,0.0,267.0,0.0,0.0,0.0,60.0,0.0,25.0,0.0,200.0,845.0,561.0,318.0
Pitt-371471201,403.0,2.0,16.0,441.0,170.0,6.0,7.0,119.0,0.0,0.0,0.0,0.0,0.0,0.0,0.0,0.0,0.0,1.0,0.0,2.0,3.0,1.0,155.0,0.0,0.0,1.0,20.0,0.0,10.0,0.0,117.0,862.0,309.0,302.0
Pitt-371471301,70.0,2.0,9.0,222.0,43.0,2.0,2.0,43.0,0.0,0.0,0.0,0.0,0.0,0.0,0.0,0.0,0.0,0.0,0.0,0.0,2.0,0.0,46.0,0.0,0.0,1.0,4.0,0.0,4.0,0.0,67.0,303.0,124.0,90.0
Pitt-371471403A1,158.0,1.0,21.0,274.0,143.0,3.0,6.0,132.0,0.0,0.0,0.0,2.0,0.0,0.0,0.0,0.0,0.0,0.0,0.0,1.0,5.0,0.0,193.0,0.0,0.0,0.0,30.0,0.0,29.0,0.0,111.0,454.0,369.0,284.0
Pitt-371471403A2,167.0,2.0,18.0,186.0,158.0,1.0,6.0,101.0,0.0,0.0,0.0,0.0,0.0,0.0,0.0,0.0,0.0,0.0,0.0,1.0,3.0,0.0,129.0,0.0,0.0,2.0,23.0,0.0,14.0,0.0,75.0,373.0,247.0,266.0
Pitt-371471403B,287.0,4.0,35.0,336.0,249.0,2.0,7.0,197.0,0.0,0.0,0.0,1.0,0.0,0.0,1.0,0.0,0.0,0.0,0.0,1.0,6.0,0.0,234.0,1.0,0.0,2.0,44.0,1.0,35.0,0.0,179.0,662.0,503.0,455.0
Pitt-371471501,147.0,0.0,1.0,12.0,108.0,0.0,1.0,25.0,0.0,0.0,0.0,0.0,0.0,0.0,0.0,0.0,0.0,0.0,0.0,2.0,0.0,0.0,0.0,0.0,0.0,0.0,0.0,0.0,1.0,0.0,6.0,160.0,9.0,134.0
Pitt-371471503,434.0,0.0,13.0,83.0,219.0,0.0,0.0,108.0,0.0,0.0,0.0,0.0,0.0,0.0,0.0,0.0,0.0,0.0,0.0,1.0,3.0,0.0,26.0,0.0,0.0,0.0,8.0,0.0,10.0,0.0,23.0,530.0,71.0,327.0
Pitt-371471504A,440.0,2.0,17.0,48.0,214.0,0.0,7.0,114.0,0.0,0.0,0.0,1.0,0.0,0.0,0.0,0.0,0.0,0.0,0.0,0.0,0.0,0.0,25.0,0.0,0.0,0.0,9.0,0.0,7.0,0.0,7.0,507.0,48.0,335.0
Pitt-371471504B,483.0,1.0,31.0,244.0,231.0,0.0,1.0,181.0,0.0,0.0,0.0,0.0,0.0,0.0,0.0,0.0,0.0,0.0,0.0,1.0,5.0,0.0,89.0,1.0,2.0,1.0,22.0,1.0,22.0,0.0,52.0,759.0,196.0,413.0
Pitt-371471505A,445.0,3.0,19.0,132.0,184.0,0.0,2.0,126.0,0.0,1.0,0.0,2.0,0.0,0.0,0.0,0.0,0.0,0.0,1.0,0.0,2.0,0.0,51.0,0.0,0.0,0.0,16.0,0.0,15.0,0.0,40.0,599.0,124.0,312.0
Pitt-371471505B,518.0,0.0,11.0,37.0,311.0,1.0,3.0,94.0,0.0,0.0,0.0,2.0,0.0,0.0,0.0,0.0,0.0,0.0,0.0,0.0,0.0,0.0,22.0,0.0,0.0,0.0,5.0,0.0,2.0,0.0,12.0,566.0,41.0,409.0
Pitt-371471506,311.0,1.0,16.0,150.0,94.0,0.0,1.0,96.0,0.0,0.0,0.0,1.0,0.0,0.0,0.0,0.0,0.0,0.0,1.0,0.0,2.0,0.0,47.0,0.0,0.0,1.0,7.0,0.0,7.0,0.0,34.0,478.0,98.0,191.0
Pitt-371471507,473.0,4.0,51.0,396.0,141.0,1.0,5.0,234.0,0.0,0.0,0.0,0.0,0.0,0.0,0.0,0.0,0.0,0.0,0.0,0.0,1.0,1.0,90.0,0.0,0.0,2.0,33.0,0.0,22.0,0.0,88.0,924.0,237.0,381.0
Pitt-371471507B,262.0,6.0,34.0,273.0,28.0,1.0,2.0,139.0,0.0,0.0,0.0,0.0,0.0,0.0,0.0,0.0,1.0,0.0,0.0,0.0,1.0,0.0,42.0,0.0,0.0,0.0,20.0,1.0,15.0,0.0,42.0,575.0,121.0,170.0
Pitt-371471508A,134.0,3.0,22.0,203.0,58.0,1.0,1.0,97.0,0.0,0.0,0.0,5.0,0.0,0.0,0.0,0.0,0.0,0.0,0.0,1.0,3.0,0.0,52.0,1.0,1.0,2.0,21.0,0.0,29.0,0.0,55.0,362.0,165.0,157.0
Pitt-371471508B,255.0,6.0,28.0,235.0,72.0,1.0,2.0,140.0,0.0,1.0,0.0,3.0,0.0,0.0,0.0,0.0,0.0,0.0,0.0,2.0,1.0,0.0,56.0,0.0,0.0,3.0,50.0,0.0,16.0,1.0,43.0,524.0,172.0,215.0
Pitt-371471509,523.0,5.0,54.0,454.0,213.0,2.0,3.0,274.0,0.0,0.0,0.0,1.0,0.0,0.0,1.0,0.0,0.0,0.0,0.0,0.0,2.0,1.0,155.0,2.0,0.0,1.0,65.0,3.0,51.0,1.0,125.0,1036.0,406.0,492.0
Pitt-371471510A,178.0,2.0,21.0,368.0,138.0,1.0,13.0,147.0,0.0,0.0,0.0,0.0,0.0,0.0,0.0,0.0,0.0,0.0,0.0,1.0,2.0,1.0,181.0,0.0,0.0,2.0,84.0,2.0,30.0,0.0,126.0,569.0,429.0,299.0
Pitt-371471510B,228.0,0.0,21.0,284.0,187.0,1.0,11.0,165.0,0.0,0.0,0.0,0.0,0.0,0.0,0.0,0.0,0.0,0.0,0.0,1.0,4.0,2.0,158.0,2.0,0.0,1.0,52.0,1.0,30.0,0.0,108.0,533.0,359.0,364.0
Pitt-371471511A,256.0,1.0,20.0,434.0,212.0,2.0,9.0,162.0,0.0,0.0,0.0,0.0,0.0,0.0,0.0,0.0,0.0,0.0,0.0,2.0,11.0,0.0,210.0,1.0,0.0,2.0,115.0,2.0,48.0,2.0,196.0,711.0,589.0,385.0
Pitt-371471511B,322.0,1.0,34.0,342.0,138.0,0.0,3.0,165.0,0.0,1.0,0.0,1.0,0.0,0.0,1.0,1.0,0.0,0.0,0.0,2.0,3.0,1.0,142.0,0.0,0.0,1.0,41.0,2.0,27.0,0.0,88.0,699.0,307.0,306.0
Pitt-371471512A,489.0,1.0,34.0,279.0,328.0,0.0,5.0,233.0,0.0,0.0,0.0,1.0,0.0,0.0,0.0,0.0,0.0,0.0,0.0,3.0,8.0,2.0,202.0,1.0,0.0,0.0,34.0,0.0,20.0,0.0,125.0,803.0,395.0,566.0
Pitt-371471512B,309.0,5.0,30.0,216.0,197.0,1.0,2.0,160.0,0.0,0.0,0.0,2.0,0.0,0.0,0.0,0.0,0.0,0.0,0.0,1.0,2.0,0.0,97.0,0.0,1.0,0.0,54.0,0.0,15.0,0.0,74.0,560.0,244.0,360.0
Pitt-371471513A,203.0,1.0,31.0,303.0,122.0,0.0,3.0,116.0,0.0,0.0,0.0,2.0,0.0,0.0,0.0,0.0,0.0,0.0,0.0,0.0,6.0,2.0,213.0,0.0,0.0,1.0,63.0,1.0,23.0,0.0,98.0,538.0,407.0,241.0
Pitt-371471513B,178.0,0.0,23.0,249.0,91.0,1.0,4.0,102.0,0.0,1.0,0.0,3.0,0.0,0.0,0.0,0.0,0.0,0.0,0.0,1.0,1.0,0.0,119.0,0.0,0.0,0.0,37.0,0.0,25.0,0.0,97.0,450.0,280.0,198.0
Pitt-37147ABSENTEE,0.0,0.0,0.0,0.0,202.0,1.0,4.0,74.0,0.0,0.0,0.0,0.0,0.0,0.0,0.0,0.0,0.0,0.0,0.0,1.0,0.0,0.0,30.0,0.0,0.0,0.0,19.0,1.0,29.0,0.0,44.0,0.0,124.0,281.0
Pitt-37147ABSENTEE #1,507.0,3.0,24.0,419.0,0.0,0.0,0.0,0.0,0.0,0.0,0.0,0.0,0.0,0.0,0.0,0.0,0.0,0.0,0.0,0.0,0.0,0.0,0.0,0.0,0.0,0.0,0.0,0.0,0.0,0.0,0.0,953.0,0.0,0.0
Pitt-37147ABSENTEE #2,309.0,0.0,21.0,246.0,0.0,0.0,0.0,0.0,0.0,0.0,0.0,0.0,0.0,0.0,0.0,0.0,0.0,0.0,0.0,0.0,0.0,0.0,0.0,0.0,0.0,0.0,0.0,0.0,0.0,0.0,0.0,576.0,0.0,0.0
Pitt-37147OS AG CENTER,0.0,0.0,0.0,0.0,917.0,1.0,17.0,258.0,1.0,0.0,0.0,1.0,0.0,0.0,0.0,0.0,0.0,0.0,0.0,1.0,7.0,0.0,169.0,1.0,0.0,0.0,29.0,0.0,34.0,0.0,175.0,0.0,416.0,1193.0
Pitt-37147OS AG CENTER 1,3021.0,5.0,56.0,1980.0,0.0,0.0,0.0,0.0,0.0,0.0,0.0,0.0,0.0,0.0,0.0,0.0,0.0,0.0,0.0,0.0,0.0,0.0,0.0,0.0,0.0,0.0,0.0,0.0,0.0,0.0,0.0,5062.0,0.0,0.0
Pitt-37147OS AG CENTER 2,876.0,0.0,23.0,390.0,0.0,0.0,0.0,0.0,0.0,0.0,0.0,0.0,0.0,0.0,0.0,0.0,0.0,0.0,0.0,0.0,0.0,0.0,0.0,0.0,0.0,0.0,0.0,0.0,0.0,0.0,0.0,1289.0,0.0,0.0
Pitt-37147OS AYDEN,0.0,0.0,0.0,0.0,227.0,1.0,8.0,124.0,0.0,1.0,0.0,2.0,0.0,0.0,0.0,0.0,0.0,0.0,0.0,0.0,2.0,0.0,100.0,0.0,0.0,1.0,12.0,0.0,15.0,0.0,128.0,0.0,258.0,360.0
Pitt-37147OS AYDEN #1,766.0,7.0,25.0,900.0,0.0,0.0,0.0,0.0,0.0,0.0,0.0,0.0,0.0,0.0,0.0,0.0,0.0,0.0,0.0,0.0,0.0,0.0,0.0,0.0,0.0,0.0,0.0,0.0,0.0,0.0,0.0,1698.0,0.0,0.0
Pitt-37147OS AYDEN #2,17.0,0.0,6.0,21.0,0.0,0.0,0.0,0.0,0.0,0.0,0.0,0.0,0.0,0.0,0.0,0.0,0.0,0.0,0.0,0.0,0.0,0.0,0.0,0.0,0.0,0.0,0.0,0.0,0.0,0.0,0.0,44.0,0.0,0.0
Pitt-37147OS COMMUNITY SCH,0.0,0.0,0.0,0.0,1393.0,9.0,32.0,727.0,0.0,0.0,0.0,1.0,0.0,0.0,0.0,0.0,0.0,0.0,0.0,5.0,30.0,2.0,808.0,3.0,0.0,4.0,216.0,3.0,175.0,1.0,837.0,0.0,2084.0,2161.0
Pitt-37147OS COMMUNITY SCHOOLS 1,3389.0,29.0,188.0,5519.0,0.0,0.0,0.0,0.0,0.0,0.0,0.0,0.0,0.0,0.0,0.0,0.0,0.0,0.0,0.0,0.0,0.0,0.0,0.0,0.0,0.0,0.0,0.0,0.0,0.0,0.0,0.0,9125.0,0.0,0.0
Pitt-37147OS COMMUNITY SCHOOLS 2,3445.0,0.0,162.0,3544.0,0.0,0.0,0.0,0.0,0.0,0.0,0.0,0.0,0.0,0.0,0.0,0.0,0.0,0.0,0.0,0.0,0.0,0.0,0.0,0.0,0.0,0.0,0.0,0.0,0.0,0.0,0.0,7151.0,0.0,0.0
Pitt-37147OS COUNTY BLDG,0.0,0.0,0.0,0.0,1253.0,1.0,15.0,411.0,0.0,2.0,0.0,1.0,0.0,0.0,0.0,0.0,0.0,0.0,0.0,1.0,6.0,0.0,198.0,0.0,0.0,2.0,39.0,1.0,52.0,1.0,136.0,0.0,436.0,1680.0
Pitt-37147OS COUNTY OFFICE 1,4648.0,14.0,114.0,1371.0,0.0,0.0,0.0,0.0,0.0,0.0,0.0,0.0,0.0,0.0,0.0,0.0,0.0,0.0,0.0,0.0,0.0,0.0,0.0,0.0,0.0,0.0,0.0,0.0,0.0,0.0,0.0,6147.0,0.0,0.0
Pitt-37147OS COUNTY OFFICE 2,2509.0,0.0,64.0,538.0,0.0,0.0,0.0,0.0,0.0,0.0,0.0,0.0,0.0,0.0,0.0,0.0,0.0,0.0,0.0,0.0,0.0,0.0,0.0,0.0,0.0,0.0,0.0,0.0,0.0,0.0,0.0,3111.0,0.0,0.0
Pitt-37147OS ECU-WILLIS BLDG 1,955.0,22.0,76.0,845.0,0.0,0.0,0.0,0.0,0.0,0.0,0.0,0.0,0.0,0.0,0.0,0.0,0.0,0.0,0.0,0.0,0.0,0.0,0.0,0.0,0.0,0.0,0.0,0.0,0.0,0.0,0.0,1898.0,0.0,0.0
Pitt-37147OS FARMVILLE,0.0,0.0,0.0,0.0,252.0,1.0,10.0,68.0,0.0,0.0,0.0,0.0,0.0,0.0,0.0,0.0,0.0,0.0,0.0,0.0,1.0,0.0,64.0,0.0,0.0,2.0,9.0,1.0,18.0,1.0,64.0,0.0,160.0,331.0
Pitt-37147OS FARMVILLE 1,1068.0,0.0,36.0,1000.0,0.0,0.0,0.0,0.0,0.0,0.0,0.0,0.0,0.0,0.0,0.0,0.0,0.0,0.0,0.0,0.0,0.0,0.0,0.0,0.0,0.0,0.0,0.0,0.0,0.0,0.0,0.0,2104.0,0.0,0.0
Pitt-37147OS FARMVILLE 2,20.0,0.0,2.0,27.0,0.0,0.0,0.0,0.0,0.0,0.0,0.0,0.0,0.0,0.0,0.0,0.0,0.0,0.0,0.0,0.0,0.0,0.0,0.0,0.0,0.0,0.0,0.0,0.0,0.0,0.0,0.0,49.0,0.0,0.0
Pitt-37147OS WILLIS BLDG,0.0,0.0,0.0,0.0,340.0,1.0,7.0,452.0,0.0,0.0,0.0,1.0,0.0,0.0,0.0,0.0,0.0,0.0,1.0,0.0,0.0,0.0,119.0,0.0,0.0,0.0,61.0,1.0,64.0,0.0,145.0,0.0,390.0,800.0
Pitt-37147OS WILLIS BUILDING #2,3217.0,0.0,230.0,1832.0,0.0,0.0,0.0,0.0,0.0,0.0,0.0,0.0,0.0,0.0,0.0,0.0,0.0,0.0,0.0,0.0,0.0,0.0,0.0,0.0,0.0,0.0,0.0,0.0,0.0,0.0,0.0,5279.0,0.0,0.0
Pitt-37147OS WINERVILLE FIRE,0.0,0.0,0.0,0.0,902.0,5.0,27.0,399.0,0.0,0.0,0.0,5.0,0.0,0.0,0.0,0.0,0.0,0.0,0.0,4.0,16.0,0.0,435.0,1.0,0.0,0.0,87.0,3.0,78.0,1.0,408.0,0.0,1033.0,1333.0
Pitt-37147OS WINTERVILLE #1,2696.0,15.0,127.0,3350.0,0.0,0.0,0.0,0.0,0.0,0.0,0.0,0.0,0.0,0.0,0.0,0.0,0.0,0.0,0.0,0.0,0.0,0.0,0.0,0.0,0.0,0.0,0.0,0.0,0.0,0.0,0.0,6188.0,0.0,0.0
Pitt-37147OS WINTERVILLE #2,2318.0,0.0,107.0,2072.0,0.0,0.0,0.0,0.0,0.0,0.0,0.0,0.0,0.0,0.0,0.0,0.0,0.0,0.0,0.0,0.0,0.0,0.0,0.0,0.0,0.0,0.0,0.0,0.0,0.0,0.0,0.0,4497.0,0.0,0.0
Pitt-37147PROVISIONAL #1,313.0,4.0,20.0,180.0,0.0,0.0,0.0,0.0,0.0,0.0,0.0,0.0,0.0,0.0,0.0,0.0,0.0,0.0,0.0,0.0,0.0,0.0,0.0,0.0,0.0,0.0,0.0,0.0,0.0,0.0,0.0,517.0,0.0,0.0
Pitt-37147PROVISIONAL #2,375.0,0.0,22.0,195.0,0.0,0.0,0.0,0.0,0.0,0.0,0.0,0.0,0.0,0.0,0.0,0.0,0.0,0.0,0.0,0.0,0.0,0.0,0.0,0.0,0.0,0.0,0.0,0.0,0.0,0.0,0.0,592.0,0.0,0.0
Pitt-37147TRANSFER #1,90.0,0.0,1.0,11.0,0.0,0.0,0.0,0.0,0.0,0.0,0.0,0.0,0.0,0.0,0.0,0.0,0.0,0.0,0.0,0.0,0.0,0.0,0.0,0.0,0.0,0.0,0.0,0.0,0.0,0.0,0.0,102.0,0.0,0.0
Pitt-37147TRANSFER #2,33.0,0.0,0.0,11.0,0.0,0.0,0.0,0.0,0.0,0.0,0.0,0.0,0.0,0.0,0.0,0.0,0.0,0.0,0.0,0.0,0.0,0.0,0.0,0.0,0.0,0.0,0.0,0.0,0.0,0.0,0.0,44.0,0.0,0.0
Polk-37149ABSENTEE,246.0,4.0,10.0,331.0,0.0,0.0,0.0,0.0,0.0,0.0,0.0,0.0,0.0,0.0,0.0,0.0,0.0,0.0,0.0,0.0,0.0,0.0,0.0,0.0,0.0,0.0,0.0,0.0,0.0,0.0,0.0,591.0,0.0,0.0
Polk-37149CG05,151.0,1.0,41.0,788.0,31.0,0.0,1.0,91.0,0.0,0.0,0.0,2.0,0.0,0.0,0.0,1.0,0.0,0.0,1.0,1.0,3.0,0.0,143.0,3.0,0.0,1.0,28.0,1.0,16.0,0.0,187.0,981.0,383.0,123.0
Polk-37149CL07,496.0,11.0,45.0,1010.0,172.0,0.0,3.0,165.0,0.0,1.0,0.0,0.0,0.0,0.0,0.0,0.0,0.0,0.0,0.0,1.0,6.0,1.0,162.0,0.0,0.0,0.0,53.0,2.0,33.0,0.0,241.0,1562.0,499.0,340.0
Polk-37149CL08,552.0,0.0,31.0,1048.0,188.0,0.0,2.0,132.0,0.0,0.0,0.0,0.0,0.0,0.0,0.0,0.0,0.0,0.0,0.0,3.0,6.0,1.0,200.0,1.0,0.0,3.0,135.0,2.0,54.0,0.0,319.0,1631.0,724.0,322.0
Polk-37149GC09,546.0,11.0,34.0,1161.0,149.0,0.0,4.0,187.0,0.0,0.0,0.0,0.0,0.0,0.0,0.0,0.0,0.0,0.0,0.0,1.0,7.0,0.0,206.0,1.0,0.0,1.0,50.0,1.0,33.0,0.0,300.0,1752.0,600.0,340.0
Polk-37149SA04,384.0,9.0,26.0,623.0,106.0,1.0,4.0,164.0,0.0,0.0,0.0,0.0,0.0,0.0,0.0,0.0,0.0,0.0,0.0,1.0,1.0,0.0,139.0,1.0,0.0,2.0,38.0,4.0,22.0,0.0,154.0,1042.0,362.0,275.0
Polk-37149TR123,975.0,14.0,56.0,934.0,360.0,5.0,6.0,305.0,0.0,1.0,0.0,1.0,0.0,0.0,0.0,0.0,0.0,0.0,1.0,4.0,5.0,0.0,165.0,0.0,0.0,2.0,128.0,1.0,46.0,0.0,278.0,1979.0,629.0,676.0
Polk-37149WO06,306.0,2.0,29.0,767.0,103.0,2.0,2.0,91.0,0.0,0.0,0.0,0.0,0.0,0.0,0.0,0.0,0.0,0.0,0.0,1.0,6.0,0.0,123.0,0.0,0.0,1.0,32.0,2.0,19.0,0.0,171.0,1104.0,355.0,198.0
Randolph-37151AE,1302.0,12.0,64.0,1465.0,352.0,1.0,6.0,213.0,0.0,0.0,0.0,2.0,0.0,0.0,0.0,0.0,0.0,0.0,1.0,4.0,11.0,2.0,305.0,2.0,0.0,5.0,96.0,1.0,49.0,1.0,308.0,2843.0,784.0,572.0
Randolph-37151AN,745.0,8.0,70.0,1491.0,106.0,1.0,4.0,132.0,0.0,0.0,0.0,1.0,0.0,0.0,0.0,0.0,0.0,0.0,0.0,4.0,11.0,0.0,265.0,1.0,0.0,0.0,40.0,2.0,48.0,0.0,264.0,2314.0,635.0,243.0
Randolph-37151AR,1125.0,13.0,148.0,4413.0,220.0,1.0,10.0,230.0,0.0,0.0,0.0,4.0,0.0,0.0,0.0,0.0,0.0,0.0,0.0,4.0,24.0,0.0,704.0,2.0,0.0,2.0,114.0,1.0,100.0,0.0,798.0,5699.0,1749.0,461.0
Randolph-37151AS,706.0,10.0,62.0,2085.0,208.0,0.0,5.0,159.0,0.0,0.0,0.0,1.0,0.0,0.0,0.0,0.0,0.0,0.0,0.0,2.0,13.0,1.0,512.0,2.0,0.0,3.0,102.0,2.0,77.0,0.0,426.0,2863.0,1140.0,372.0
Randolph-37151AW,1319.0,3.0,113.0,2351.0,297.0,2.0,11.0,255.0,0.0,1.0,0.0,3.0,0.0,0.0,0.0,0.0,0.0,0.0,1.0,8.0,15.0,2.0,512.0,0.0,1.0,1.0,183.0,5.0,116.0,1.0,452.0,3786.0,1296.0,565.0
Randolph-37151BC,267.0,2.0,39.0,1856.0,71.0,1.0,4.0,85.0,0.0,0.0,0.0,0.0,0.0,0.0,0.0,0.0,0.0,1.0,0.0,3.0,3.0,0.0,383.0,0.0,0.0,1.0,53.0,2.0,37.0,0.0,353.0,2164.0,835.0,161.0
Randolph-37151DR,493.0,2.0,62.0,2361.0,82.0,0.0,1.0,147.0,0.0,0.0,0.0,0.0,0.0,0.0,0.0,0.0,0.0,0.0,0.0,3.0,14.0,1.0,402.0,1.0,0.0,4.0,49.0,3.0,57.0,1.0,420.0,2918.0,955.0,230.0
Randolph-37151GR,464.0,5.0,65.0,2068.0,112.0,2.0,4.0,119.0,0.0,0.0,0.0,0.0,0.0,1.0,0.0,0.0,0.0,0.0,0.0,8.0,11.0,0.0,359.0,1.0,1.0,6.0,92.0,2.0,71.0,3.0,377.0,2602.0,931.0,237.0
Randolph-37151LB,663.0,5.0,37.0,1193.0,168.0,1.0,2.0,120.0,0.0,0.0,0.0,0.0,0.0,0.0,0.0,0.0,0.0,0.0,0.0,3.0,2.0,0.0,240.0,2.0,0.0,2.0,34.0,1.0,20.0,0.0,239.0,1898.0,543.0,291.0
Randolph-37151LC,309.0,2.0,26.0,1301.0,74.0,1.0,2.0,76.0,0.0,0.0,0.0,0.0,0.0,0.0,0.0,0.0,0.0,0.0,0.0,2.0,11.0,0.0,211.0,0.0,0.0,2.0,24.0,1.0,15.0,0.0,265.0,1638.0,531.0,153.0
Randolph-37151NM,390.0,1.0,61.0,2526.0,97.0,2.0,5.0,94.0,0.0,0.0,0.0,1.0,0.0,0.0,0.0,0.0,0.0,0.0,0.0,3.0,7.0,0.0,420.0,0.0,1.0,3.0,58.0,1.0,49.0,0.0,434.0,2978.0,976.0,198.0
Randolph-37151PR,587.0,2.0,85.0,3316.0,142.0,2.0,6.0,175.0,0.0,0.0,0.0,2.0,0.0,0.0,0.0,0.0,0.0,0.0,0.0,4.0,24.0,2.0,705.0,0.0,0.0,4.0,90.0,1.0,75.0,0.0,617.0,3990.0,1522.0,325.0
Randolph-37151RM,590.0,3.0,38.0,1301.0,127.0,2.0,8.0,116.0,0.0,0.0,0.0,2.0,1.0,0.0,0.0,0.0,0.0,0.0,0.0,2.0,4.0,1.0,259.0,0.0,0.0,2.0,34.0,2.0,23.0,1.0,272.0,1932.0,600.0,253.0
Randolph-37151RN,810.0,17.0,104.0,2829.0,161.0,0.0,6.0,185.0,0.0,0.0,0.0,1.0,0.0,0.0,0.0,0.0,0.0,0.0,1.0,2.0,14.0,0.0,460.0,1.0,0.0,5.0,58.0,6.0,64.0,1.0,505.0,3760.0,1116.0,352.0
Randolph-37151SE,215.0,1.0,22.0,1228.0,54.0,1.0,4.0,75.0,0.0,0.0,0.0,0.0,0.0,0.0,0.0,0.0,0.0,0.0,0.0,5.0,7.0,1.0,269.0,0.0,0.0,2.0,19.0,1.0,24.0,1.0,223.0,1466.0,552.0,134.0
Randolph-37151SO,389.0,3.0,41.0,2082.0,96.0,3.0,7.0,94.0,0.0,0.0,0.0,1.0,0.0,0.0,0.0,0.0,0.0,0.0,0.0,3.0,3.0,1.0,405.0,0.0,0.0,2.0,59.0,3.0,42.0,0.0,364.0,2515.0,882.0,200.0
Randolph-37151ST,249.0,1.0,23.0,1126.0,69.0,0.0,4.0,42.0,0.0,0.0,0.0,0.0,0.0,0.0,0.0,0.0,0.0,0.0,0.0,0.0,8.0,1.0,222.0,1.0,0.0,2.0,22.0,0.0,23.0,1.0,234.0,1399.0,514.0,115.0
Randolph-37151SW,203.0,0.0,35.0,1653.0,65.0,2.0,3.0,48.0,0.0,0.0,0.0,0.0,0.0,0.0,0.0,0.0,0.0,0.0,0.0,4.0,10.0,1.0,321.0,0.0,0.0,3.0,46.0,1.0,34.0,0.0,349.0,1891.0,769.0,118.0
Randolph-37151TB,190.0,2.0,34.0,1711.0,39.0,1.0,2.0,56.0,0.0,0.0,0.0,0.0,0.0,0.0,0.0,0.0,0.0,0.0,0.0,1.0,3.0,0.0,269.0,0.0,0.0,3.0,30.0,0.0,31.0,0.0,304.0,1937.0,641.0,98.0
Randolph-37151TR,925.0,1.0,110.0,4546.0,189.0,1.0,14.0,217.0,0.0,1.0,0.0,2.0,0.0,0.0,0.0,0.0,0.0,0.0,0.0,0.0,17.0,2.0,715.0,2.0,0.0,6.0,96.0,3.0,68.0,1.0,804.0,5582.0,1714.0,421.0
Randolph-37151TT,352.0,1.0,44.0,2467.0,68.0,2.0,3.0,91.0,0.0,0.0,0.0,2.0,0.0,0.0,0.0,0.0,0.0,0.0,0.0,3.0,10.0,2.0,426.0,0.0,0.0,4.0,34.0,4.0,29.0,1.0,415.0,2864.0,928.0,164.0
Randolph-37151UG,901.0,8.0,120.0,4061.0,203.0,3.0,11.0,213.0,0.0,0.0,0.0,2.0,0.0,0.0,0.0,0.0,0.0,0.0,0.0,3.0,15.0,0.0,695.0,1.0,1.0,5.0,143.0,5.0,96.0,1.0,754.0,5090.0,1719.0,430.0
Richmond-3715301,559.0,0.0,21.0,393.0,325.0,2.0,3.0,163.0,0.0,0.0,0.0,0.0,0.0,0.0,0.0,0.0,0.0,0.0,0.0,0.0,1.0,0.0,63.0,1.0,0.0,0.0,8.0,0.0,11.0,0.0,94.0,973.0,178.0,493.0
Richmond-3715302,304.0,2.0,25.0,619.0,240.0,6.0,12.0,218.0,0.0,0.0,0.0,0.0,0.0,0.0,0.0,0.0,0.0,0.0,0.0,0.0,4.0,0.0,126.0,0.0,0.0,1.0,28.0,1.0,14.0,1.0,202.0,950.0,377.0,476.0
Richmond-3715303,46.0,0.0,6.0,200.0,41.0,0.0,6.0,47.0,0.0,0.0,0.0,0.0,0.0,0.0,0.0,0.0,0.0,0.0,0.0,0.0,1.0,0.0,34.0,0.0,0.0,0.0,4.0,0.0,6.0,0.0,35.0,252.0,80.0,94.0
Richmond-3715304,156.0,0.0,3.0,210.0,93.0,0.0,0.0,73.0,0.0,0.0,0.0,0.0,0.0,0.0,0.0,0.0,0.0,0.0,0.0,0.0,0.0,0.0,33.0,0.0,0.0,0.0,4.0,0.0,5.0,0.0,44.0,369.0,86.0,166.0
Richmond-3715305,37.0,0.0,4.0,95.0,20.0,0.0,4.0,23.0,0.0,0.0,0.0,0.0,0.0,0.0,0.0,0.0,0.0,0.0,0.0,0.0,0.0,0.0,5.0,0.0,0.0,0.0,0.0,0.0,4.0,0.0,17.0,136.0,26.0,47.0
Richmond-3715306,72.0,1.0,6.0,273.0,46.0,1.0,2.0,69.0,0.0,0.0,0.0,0.0,0.0,0.0,0.0,0.0,0.0,0.0,0.0,0.0,1.0,0.0,21.0,0.0,0.0,0.0,6.0,0.0,9.0,0.0,71.0,352.0,108.0,118.0
Richmond-3715307,122.0,0.0,4.0,151.0,79.0,1.0,2.0,27.0,0.0,0.0,0.0,0.0,0.0,0.0,0.0,0.0,0.0,0.0,0.0,0.0,1.0,0.0,26.0,0.0,0.0,0.0,2.0,0.0,2.0,0.0,33.0,277.0,64.0,109.0
Richmond-3715308,463.0,2.0,13.0,379.0,262.0,0.0,10.0,137.0,0.0,0.0,0.0,0.0,0.0,0.0,0.0,0.0,0.0,0.0,0.0,0.0,1.0,0.0,50.0,0.0,0.0,0.0,10.0,0.0,5.0,0.0,115.0,857.0,181.0,409.0
Richmond-3715309,467.0,3.0,31.0,811.0,303.0,4.0,9.0,212.0,0.0,0.0,0.0,0.0,0.0,0.0,0.0,0.0,0.0,0.0,0.0,1.0,2.0,0.0,108.0,1.0,0.0,0.0,24.0,0.0,9.0,0.0,170.0,1312.0,315.0,528.0
Richmond-3715310,239.0,1.0,4.0,103.0,107.0,0.0,2.0,37.0,0.0,0.0,0.0,0.0,0.0,0.0,0.0,0.0,0.0,0.0,0.0,0.0,0.0,0.0,13.0,1.0,0.0,0.0,4.0,0.0,3.0,0.0,29.0,347.0,50.0,146.0
Richmond-3715311,118.0,0.0,3.0,180.0,89.0,2.0,4.0,34.0,0.0,0.0,0.0,0.0,0.0,0.0,0.0,0.0,0.0,0.0,0.0,1.0,2.0,0.0,40.0,0.0,0.0,0.0,8.0,0.0,2.0,0.0,50.0,301.0,103.0,129.0
Richmond-3715312,154.0,0.0,13.0,285.0,100.0,4.0,3.0,99.0,0.0,0.0,0.0,0.0,0.0,0.0,0.0,0.0,0.0,0.0,0.0,4.0,1.0,1.0,40.0,0.0,1.0,0.0,10.0,0.0,3.0,0.0,78.0,452.0,138.0,206.0
Richmond-3715313,108.0,0.0,1.0,197.0,66.0,1.0,1.0,32.0,0.0,0.0,0.0,0.0,0.0,0.0,0.0,0.0,0.0,0.0,0.0,0.0,5.0,0.0,25.0,0.0,0.0,0.0,4.0,0.0,1.0,0.0,40.0,306.0,75.0,100.0
Richmond-3715314,64.0,0.0,2.0,26.0,26.0,0.0,1.0,7.0,0.0,0.0,0.0,0.0,0.0,0.0,0.0,0.0,0.0,0.0,0.0,0.0,0.0,0.0,4.0,0.0,0.0,0.0,0.0,1.0,0.0,0.0,5.0,92.0,10.0,34.0
Richmond-3715315,22.0,0.0,3.0,61.0,15.0,0.0,0.0,7.0,0.0,0.0,0.0,0.0,0.0,0.0,0.0,0.0,0.0,0.0,0.0,0.0,1.0,0.0,8.0,0.0,0.0,0.0,2.0,0.0,1.0,0.0,17.0,86.0,29.0,22.0
Richmond-3715316,8.0,0.0,6.0,116.0,9.0,0.0,1.0,26.0,0.0,0.0,0.0,0.0,0.0,0.0,0.0,0.0,0.0,0.0,0.0,0.0,1.0,0.0,23.0,0.0,0.0,0.0,4.0,0.0,2.0,0.0,24.0,130.0,54.0,36.0
Richmond-37153ABSENTEE,129.0,0.0,11.0,173.0,21.0,0.0,1.0,5.0,0.0,0.0,0.0,0.0,0.0,0.0,0.0,0.0,0.0,0.0,0.0,0.0,0.0,0.0,10.0,0.0,0.0,1.0,3.0,0.0,4.0,0.0,13.0,313.0,31.0,27.0
Richmond-37153ONE STOP 100 COLE,567.0,2.0,26.0,764.0,0.0,0.0,0.0,0.0,0.0,0.0,0.0,0.0,0.0,0.0,0.0,0.0,0.0,0.0,0.0,0.0,0.0,0.0,0.0,0.0,0.0,0.0,0.0,0.0,0.0,0.0,0.0,1359.0,0.0,0.0
Richmond-37153ONE STOP 100 COOP,4391.0,13.0,135.0,4750.0,0.0,0.0,0.0,0.0,0.0,0.0,0.0,0.0,0.0,0.0,0.0,0.0,0.0,0.0,0.0,0.0,0.0,0.0,0.0,0.0,0.0,0.0,0.0,0.0,0.0,0.0,0.0,9289.0,0.0,0.0
Richmond-37153ONE STOP 100 ELLERBE,234.0,0.0,6.0,371.0,0.0,0.0,0.0,0.0,0.0,0.0,0.0,0.0,0.0,0.0,0.0,0.0,0.0,0.0,0.0,0.0,0.0,0.0,0.0,0.0,0.0,0.0,0.0,0.0,0.0,0.0,0.0,611.0,0.0,0.0
Richmond-37153ONE STOP 100 NORMAN,43.0,0.0,1.0,55.0,0.0,0.0,0.0,0.0,0.0,0.0,0.0,0.0,0.0,0.0,0.0,0.0,0.0,0.0,0.0,0.0,0.0,0.0,0.0,0.0,0.0,0.0,0.0,0.0,0.0,0.0,0.0,99.0,0.0,0.0
Richmond-37153OS COLE PAPER,0.0,0.0,0.0,0.0,92.0,0.0,2.0,60.0,0.0,0.0,0.0,0.0,0.0,0.0,0.0,0.0,0.0,0.0,0.0,0.0,2.0,0.0,27.0,0.0,0.0,0.0,2.0,0.0,6.0,0.0,37.0,0.0,74.0,154.0
Richmond-37153OS COOP PAPER,0.0,0.0,0.0,0.0,949.0,10.0,28.0,296.0,0.0,0.0,0.0,0.0,0.0,0.0,0.0,0.0,0.0,0.0,1.0,0.0,4.0,0.0,180.0,0.0,0.0,1.0,30.0,1.0,43.0,0.0,365.0,0.0,624.0,1283.0
Richmond-37153OS ELLERBE PAPER,0.0,0.0,0.0,0.0,58.0,1.0,1.0,23.0,0.0,0.0,0.0,0.0,0.0,0.0,0.0,0.0,0.0,0.0,0.0,1.0,0.0,0.0,6.0,0.0,0.0,0.0,1.0,0.0,1.0,0.0,25.0,0.0,34.0,83.0
Robeson-3715501,109.0,1.0,8.0,241.0,60.0,1.0,2.0,55.0,0.0,0.0,0.0,0.0,0.0,0.0,0.0,0.0,0.0,0.0,0.0,0.0,1.0,0.0,17.0,0.0,0.0,0.0,1.0,0.0,5.0,0.0,13.0,359.0,37.0,118.0
Robeson-3715502,316.0,0.0,17.0,266.0,152.0,3.0,8.0,100.0,0.0,0.0,0.0,0.0,0.0,0.0,0.0,0.0,0.0,0.0,0.0,0.0,2.0,0.0,8.0,0.0,0.0,0.0,3.0,0.0,0.0,0.0,16.0,599.0,29.0,263.0
Robeson-3715503,137.0,0.0,10.0,458.0,66.0,4.0,18.0,113.0,0.0,0.0,0.0,0.0,0.0,0.0,0.0,0.0,0.0,0.0,0.0,0.0,0.0,0.0,26.0,0.0,0.0,0.0,0.0,0.0,4.0,0.0,52.0,605.0,82.0,201.0
Robeson-3715504,219.0,0.0,29.0,547.0,169.0,3.0,8.0,154.0,0.0,0.0,0.0,0.0,0.0,0.0,0.0,0.0,0.0,0.0,0.0,0.0,1.0,0.0,8.0,0.0,0.0,0.0,2.0,0.0,7.0,0.0,24.0,795.0,42.0,334.0
Robeson-3715505A,554.0,1.0,17.0,408.0,269.0,2.0,7.0,163.0,0.0,0.0,0.0,0.0,0.0,0.0,0.0,0.0,0.0,0.0,0.0,1.0,0.0,0.0,29.0,0.0,0.0,0.0,4.0,1.0,3.0,0.0,49.0,980.0,87.0,441.0
Robeson-3715507,221.0,0.0,5.0,131.0,76.0,0.0,1.0,45.0,0.0,0.0,0.0,0.0,0.0,0.0,0.0,0.0,0.0,0.0,0.0,0.0,0.0,0.0,4.0,0.0,0.0,0.0,1.0,0.0,2.0,0.0,14.0,357.0,21.0,122.0
Robeson-3715508,101.0,0.0,7.0,505.0,63.0,3.0,12.0,123.0,0.0,0.0,0.0,0.0,0.0,0.0,0.0,0.0,0.0,0.0,0.0,2.0,5.0,0.0,54.0,0.0,0.0,0.0,4.0,0.0,7.0,0.0,67.0,613.0,139.0,201.0
Robeson-3715509,177.0,0.0,11.0,277.0,91.0,5.0,2.0,49.0,0.0,0.0,0.0,0.0,0.0,0.0,0.0,0.0,0.0,0.0,0.0,1.0,1.0,0.0,35.0,0.0,0.0,0.0,3.0,1.0,6.0,0.0,51.0,465.0,98.0,147.0
Robeson-3715510,210.0,0.0,12.0,236.0,102.0,1.0,4.0,44.0,0.0,0.0,0.0,2.0,0.0,0.0,0.0,0.0,0.0,0.0,0.0,0.0,1.0,0.0,36.0,0.0,0.0,0.0,1.0,1.0,6.0,0.0,55.0,458.0,100.0,151.0
Robeson-3715511,288.0,2.0,24.0,822.0,210.0,16.0,26.0,309.0,0.0,0.0,0.0,1.0,1.0,0.0,0.0,0.0,0.0,0.0,0.0,4.0,4.0,0.0,121.0,0.0,0.0,5.0,46.0,1.0,28.0,0.0,224.0,1136.0,433.0,561.0
Robeson-3715511A,153.0,0.0,9.0,296.0,97.0,2.0,2.0,63.0,0.0,0.0,0.0,0.0,0.0,0.0,0.0,0.0,0.0,0.0,0.0,0.0,2.0,0.0,14.0,0.0,0.0,0.0,6.0,0.0,1.0,0.0,35.0,458.0,58.0,164.0
Robeson-3715512,256.0,0.0,5.0,153.0,106.0,2.0,0.0,90.0,0.0,0.0,0.0,0.0,0.0,0.0,0.0,0.0,0.0,0.0,0.0,0.0,0.0,0.0,35.0,0.0,0.0,0.0,9.0,0.0,4.0,0.0,28.0,414.0,76.0,198.0
Robeson-3715513,178.0,0.0,15.0,270.0,96.0,2.0,14.0,108.0,0.0,0.0,0.0,0.0,0.0,0.0,0.0,0.0,0.0,0.0,0.0,1.0,1.0,0.0,25.0,0.0,0.0,2.0,5.0,1.0,11.0,0.0,61.0,463.0,107.0,220.0
Robeson-3715514,126.0,0.0,7.0,164.0,45.0,0.0,8.0,55.0,0.0,0.0,0.0,0.0,0.0,0.0,0.0,0.0,0.0,0.0,0.0,0.0,0.0,0.0,11.0,0.0,0.0,0.0,5.0,0.0,3.0,0.0,24.0,297.0,43.0,108.0
Robeson-3715515,232.0,0.0,1.0,47.0,93.0,0.0,0.0,29.0,0.0,0.0,0.0,0.0,0.0,0.0,0.0,0.0,0.0,0.0,0.0,0.0,0.0,0.0,3.0,0.0,1.0,0.0,0.0,0.0,3.0,0.0,6.0,280.0,13.0,122.0
Robeson-3715516,251.0,0.0,3.0,8.0,103.0,0.0,3.0,26.0,0.0,0.0,0.0,0.0,0.0,0.0,0.0,0.0,0.0,0.0,0.0,0.0,0.0,0.0,0.0,0.0,0.0,0.0,0.0,0.0,0.0,0.0,0.0,262.0,0.0,132.0
Robeson-3715517,90.0,0.0,3.0,83.0,35.0,0.0,2.0,31.0,0.0,0.0,0.0,0.0,0.0,0.0,0.0,0.0,0.0,0.0,0.0,0.0,0.0,0.0,2.0,0.0,0.0,1.0,0.0,0.0,1.0,0.0,10.0,176.0,14.0,68.0
Robeson-3715518A,153.0,0.0,17.0,332.0,93.0,3.0,6.0,120.0,0.0,0.0,0.0,0.0,0.0,0.0,0.0,0.0,0.0,0.0,0.0,1.0,1.0,0.0,34.0,1.0,0.0,0.0,7.0,0.0,15.0,0.0,74.0,502.0,133.0,222.0
Robeson-3715519,585.0,0.0,17.0,279.0,328.0,0.0,4.0,138.0,0.0,0.0,0.0,0.0,0.0,0.0,0.0,0.0,0.0,0.0,0.0,0.0,0.0,0.0,25.0,0.0,0.0,0.0,5.0,0.0,2.0,0.0,24.0,881.0,56.0,470.0
Robeson-3715520,170.0,1.0,5.0,279.0,79.0,0.0,6.0,108.0,0.0,0.0,0.0,0.0,0.0,0.0,0.0,0.0,0.0,0.0,0.0,0.0,1.0,0.0,18.0,0.0,0.0,0.0,3.0,0.0,4.0,0.0,29.0,455.0,55.0,193.0
Robeson-3715521,338.0,0.0,24.0,455.0,159.0,4.0,5.0,107.0,0.0,0.0,0.0,3.0,0.0,0.0,0.0,0.0,0.0,0.0,0.0,0.0,2.0,0.0,74.0,0.0,0.0,0.0,5.0,0.0,6.0,0.0,106.0,817.0,193.0,275.0
Robeson-3715522,379.0,1.0,25.0,389.0,139.0,0.0,9.0,183.0,0.0,0.0,0.0,0.0,0.0,0.0,0.0,1.0,0.0,1.0,0.0,3.0,3.0,2.0,35.0,0.0,0.0,0.0,1.0,0.0,8.0,0.0,34.0,794.0,86.0,331.0
Robeson-3715523,291.0,1.0,21.0,523.0,174.0,3.0,9.0,160.0,0.0,0.0,0.0,0.0,0.0,0.0,0.0,0.0,1.0,0.0,0.0,1.0,2.0,0.0,30.0,0.0,0.0,0.0,4.0,0.0,12.0,0.0,33.0,836.0,82.0,346.0
Robeson-3715524,108.0,0.0,5.0,201.0,73.0,1.0,9.0,69.0,0.0,0.0,0.0,0.0,0.0,0.0,0.0,0.0,0.0,0.0,0.0,2.0,0.0,0.0,16.0,0.0,0.0,1.0,5.0,0.0,6.0,0.0,18.0,314.0,48.0,152.0
Robeson-3715525,171.0,0.0,15.0,245.0,98.0,3.0,5.0,89.0,0.0,0.0,0.0,0.0,0.0,0.0,0.0,0.0,0.0,0.0,0.0,0.0,1.0,0.0,17.0,0.0,0.0,0.0,1.0,0.0,1.0,0.0,22.0,431.0,42.0,195.0
Robeson-3715526A,535.0,1.0,19.0,288.0,480.0,2.0,9.0,181.0,0.0,0.0,0.0,0.0,0.0,0.0,0.0,0.0,0.0,0.0,0.0,3.0,0.0,1.0,65.0,0.0,0.0,1.0,6.0,0.0,6.0,0.0,56.0,843.0,138.0,672.0
Robeson-3715528,138.0,0.0,15.0,269.0,69.0,0.0,3.0,86.0,0.0,0.0,0.0,0.0,0.0,0.0,0.0,0.0,0.0,0.0,0.0,0.0,3.0,0.0,12.0,0.0,0.0,0.0,1.0,0.0,4.0,0.0,25.0,422.0,45.0,158.0
Robeson-3715529,443.0,0.0,16.0,233.0,240.0,1.0,4.0,87.0,0.0,0.0,0.0,0.0,0.0,0.0,0.0,0.0,0.0,0.0,0.0,1.0,1.0,0.0,12.0,0.0,0.0,0.0,4.0,0.0,2.0,0.0,26.0,692.0,46.0,332.0
Robeson-3715530,280.0,0.0,22.0,446.0,166.0,2.0,5.0,130.0,0.0,0.0,0.0,0.0,0.0,0.0,0.0,0.0,0.0,0.0,0.0,1.0,0.0,0.0,29.0,0.0,0.0,0.0,5.0,0.0,7.0,0.0,56.0,748.0,98.0,303.0
Robeson-3715532A,510.0,0.0,18.0,589.0,348.0,1.0,23.0,204.0,0.0,0.0,0.0,2.0,0.0,0.0,0.0,0.0,0.0,0.0,0.0,2.0,5.0,1.0,107.0,2.0,0.0,2.0,12.0,0.0,6.0,0.0,177.0,1117.0,314.0,576.0
Robeson-3715533,103.0,0.0,6.0,116.0,65.0,1.0,2.0,31.0,0.0,0.0,0.0,0.0,0.0,0.0,0.0,0.0,0.0,0.0,0.0,1.0,0.0,0.0,11.0,0.0,0.0,0.0,1.0,0.0,0.0,0.0,18.0,225.0,31.0,99.0
Robeson-3715534,121.0,0.0,15.0,363.0,51.0,2.0,7.0,87.0,0.0,0.0,0.0,0.0,0.0,0.0,0.0,0.0,0.0,0.0,0.0,0.0,0.0,0.0,24.0,0.0,0.0,0.0,1.0,0.0,3.0,0.0,24.0,499.0,52.0,147.0
Robeson-3715535,221.0,1.0,18.0,506.0,160.0,3.0,8.0,145.0,0.0,0.0,0.0,0.0,0.0,0.0,0.0,0.0,0.0,0.0,0.0,0.0,3.0,0.0,27.0,0.0,0.0,1.0,3.0,0.0,7.0,0.0,24.0,746.0,65.0,316.0
Robeson-3715536,151.0,0.0,6.0,194.0,62.0,2.0,2.0,47.0,0.0,0.0,0.0,0.0,0.0,0.0,0.0,0.0,0.0,0.0,0.0,0.0,0.0,0.0,9.0,0.0,0.0,0.0,2.0,0.0,1.0,0.0,27.0,351.0,39.0,113.0
Robeson-3715537,30.0,0.0,4.0,273.0,21.0,0.0,8.0,48.0,0.0,0.0,0.0,0.0,0.0,0.0,0.0,0.0,0.0,0.0,0.0,0.0,1.0,0.0,20.0,0.0,0.0,0.0,3.0,0.0,0.0,0.0,33.0,307.0,57.0,77.0
Robeson-3715538,52.0,0.0,7.0,103.0,31.0,0.0,0.0,30.0,0.0,0.0,0.0,0.0,0.0,0.0,0.0,0.0,0.0,0.0,0.0,0.0,3.0,0.0,13.0,0.0,0.0,0.0,3.0,0.0,1.0,0.0,11.0,162.0,31.0,61.0
Robeson-3715539,258.0,0.0,8.0,311.0,146.0,1.0,1.0,83.0,0.0,0.0,0.0,0.0,0.0,0.0,0.0,0.0,0.0,0.0,0.0,2.0,1.0,0.0,11.0,0.0,0.0,0.0,3.0,0.0,5.0,0.0,18.0,577.0,40.0,231.0
Robeson-3715540,99.0,0.0,1.0,120.0,56.0,1.0,5.0,15.0,0.0,0.0,0.0,0.0,0.0,0.0,0.0,0.0,0.0,0.0,0.0,0.0,0.0,0.0,4.0,0.0,0.0,1.0,1.0,0.0,1.0,0.0,10.0,220.0,17.0,77.0
Robeson-3715541,199.0,0.0,22.0,835.0,117.0,4.0,26.0,240.0,0.0,0.0,0.0,0.0,0.0,0.0,0.0,0.0,0.0,0.0,0.0,1.0,1.0,0.0,45.0,0.0,0.0,0.0,3.0,0.0,9.0,0.0,82.0,1056.0,141.0,387.0
Robeson-37155ABSENTEE,290.0,1.0,17.0,342.0,0.0,0.0,0.0,0.0,0.0,0.0,0.0,0.0,0.0,0.0,0.0,0.0,0.0,0.0,0.0,0.0,0.0,0.0,0.0,0.0,0.0,0.0,0.0,0.0,0.0,0.0,0.0,650.0,0.0,0.0
Robeson-37155ABSENTEE #1,0.0,0.0,0.0,0.0,45.0,0.0,0.0,26.0,0.0,0.0,0.0,0.0,0.0,0.0,0.0,0.0,0.0,0.0,0.0,0.0,0.0,0.0,11.0,0.0,0.0,0.0,3.0,0.0,3.0,0.0,16.0,0.0,33.0,71.0
Robeson-37155ABSENTEE #2,0.0,0.0,0.0,0.0,108.0,0.0,1.0,46.0,0.0,0.0,0.0,0.0,0.0,0.0,0.0,0.0,0.0,0.0,0.0,0.0,0.0,0.0,4.0,0.0,0.0,0.0,1.0,0.0,2.0,0.0,7.0,0.0,14.0,155.0
Robeson-37155OS FAIR #1,0.0,0.0,0.0,0.0,91.0,2.0,3.0,39.0,0.0,0.0,0.0,0.0,0.0,0.0,0.0,0.0,0.0,0.0,0.0,0.0,1.0,0.0,4.0,0.0,0.0,0.0,0.0,0.0,0.0,0.0,13.0,0.0,18.0,135.0
Robeson-37155OS FAIR #2,0.0,0.0,0.0,0.0,189.0,2.0,2.0,29.0,0.0,0.0,0.0,0.0,0.0,0.0,0.0,0.0,0.0,0.0,0.0,0.0,1.0,0.0,6.0,0.0,0.0,0.0,2.0,1.0,3.0,0.0,6.0,0.0,19.0,222.0
Robeson-37155OS FAIRMONT,704.0,0.0,5.0,351.0,0.0,0.0,0.0,0.0,0.0,0.0,0.0,0.0,0.0,0.0,0.0,0.0,0.0,0.0,0.0,0.0,0.0,0.0,0.0,0.0,0.0,0.0,0.0,0.0,0.0,0.0,0.0,1060.0,0.0,0.0
Robeson-37155OS LOB #1,0.0,0.0,0.0,0.0,587.0,2.0,27.0,282.0,0.0,0.0,0.0,0.0,0.0,0.0,0.0,0.0,0.0,0.0,1.0,1.0,3.0,0.0,120.0,0.0,0.0,0.0,21.0,0.0,37.0,1.0,199.0,0.0,382.0,898.0
Robeson-37155OS LOB #2,0.0,0.0,0.0,0.0,1414.0,7.0,24.0,390.0,0.0,0.0,0.0,2.0,0.0,0.0,0.0,0.0,0.0,0.0,0.0,0.0,9.0,2.0,51.0,0.0,0.0,2.0,9.0,2.0,18.0,0.0,93.0,0.0,186.0,1835.0
Robeson-37155OS LUMBERTON BOE,5343.0,12.0,156.0,4652.0,0.0,0.0,0.0,0.0,0.0,0.0,0.0,0.0,0.0,0.0,0.0,0.0,0.0,0.0,0.0,0.0,0.0,0.0,0.0,0.0,0.0,0.0,0.0,0.0,0.0,0.0,0.0,10163.0,0.0,0.0
Robeson-37155OS MAXTON,723.0,2.0,11.0,358.0,0.0,0.0,0.0,0.0,0.0,0.0,0.0,0.0,0.0,0.0,0.0,0.0,0.0,0.0,0.0,0.0,0.0,0.0,0.0,0.0,0.0,0.0,0.0,0.0,0.0,0.0,0.0,1094.0,0.0,0.0
Robeson-37155OS MX #1,0.0,0.0,0.0,0.0,38.0,0.0,1.0,11.0,0.0,0.0,0.0,0.0,0.0,0.0,0.0,0.0,0.0,0.0,0.0,1.0,1.0,0.0,6.0,0.0,0.0,0.0,0.0,0.0,0.0,0.0,9.0,0.0,17.0,50.0
Robeson-37155OS MX #2,0.0,0.0,0.0,0.0,206.0,2.0,3.0,63.0,0.0,0.0,0.0,0.0,0.0,0.0,0.0,0.0,0.0,0.0,0.0,0.0,0.0,0.0,7.0,0.0,0.0,0.0,0.0,0.0,1.0,0.0,7.0,0.0,15.0,274.0
Robeson-37155OS PEM #1,0.0,0.0,0.0,0.0,273.0,4.0,11.0,123.0,0.0,0.0,0.0,0.0,0.0,0.0,0.0,0.0,0.0,0.0,0.0,5.0,3.0,1.0,53.0,1.0,0.0,5.0,8.0,3.0,15.0,0.0,86.0,0.0,180.0,411.0
Robeson-37155OS PEM #2,0.0,0.0,0.0,0.0,535.0,9.0,16.0,272.0,0.0,0.0,1.0,1.0,0.0,0.0,0.0,0.0,0.0,0.0,0.0,0.0,0.0,0.0,4.0,0.0,0.0,0.0,0.0,0.0,0.0,0.0,3.0,0.0,7.0,832.0
Robeson-37155OS PEMBROKE,989.0,1.0,72.0,1188.0,0.0,0.0,0.0,0.0,0.0,0.0,0.0,0.0,0.0,0.0,0.0,0.0,0.0,0.0,0.0,0.0,0.0,0.0,0.0,0.0,0.0,0.0,0.0,0.0,0.0,0.0,0.0,2250.0,0.0,0.0
Robeson-37155OS RED SPRINGS,901.0,0.0,23.0,403.0,0.0,0.0,0.0,0.0,0.0,0.0,0.0,0.0,0.0,0.0,0.0,0.0,0.0,0.0,0.0,0.0,0.0,0.0,0.0,0.0,0.0,0.0,0.0,0.0,0.0,0.0,0.0,1327.0,0.0,0.0
Robeson-37155OS ST PAULS,681.0,0.0,19.0,841.0,0.0,0.0,0.0,0.0,0.0,0.0,0.0,0.0,0.0,0.0,0.0,0.0,0.0,0.0,0.0,0.0,0.0,0.0,0.0,0.0,0.0,0.0,0.0,0.0,0.0,0.0,0.0,1541.0,0.0,0.0
Robeson-37155PROVISIONAL #1,0.0,0.0,0.0,0.0,40.0,2.0,1.0,33.0,0.0,0.0,0.0,0.0,0.0,0.0,0.0,0.0,0.0,0.0,0.0,0.0,0.0,0.0,8.0,0.0,0.0,0.0,1.0,0.0,5.0,0.0,19.0,0.0,33.0,76.0
Robeson-37155PROVISIONAL #2,0.0,0.0,0.0,0.0,82.0,0.0,2.0,51.0,0.0,0.0,0.0,0.0,0.0,0.0,0.0,0.0,0.0,0.0,0.0,0.0,0.0,0.0,2.0,0.0,0.0,0.0,0.0,0.0,2.0,0.0,4.0,0.0,8.0,135.0
Rockingham-37157DR,516.0,5.0,36.0,880.0,123.0,3.0,14.0,114.0,0.0,0.0,0.0,0.0,0.0,0.0,0.0,0.0,0.0,0.0,0.0,1.0,7.0,0.0,116.0,0.0,0.0,0.0,21.0,0.0,12.0,0.0,170.0,1437.0,327.0,254.0
Rockingham-37157EC,961.0,0.0,52.0,1640.0,276.0,2.0,15.0,175.0,0.0,0.0,0.0,0.0,0.0,0.0,0.0,0.0,0.0,0.0,0.0,2.0,18.0,1.0,259.0,0.0,0.0,4.0,64.0,0.0,64.0,1.0,358.0,2653.0,771.0,468.0
Rockingham-37157ED-1,901.0,0.0,41.0,1691.0,251.0,5.0,8.0,177.0,0.0,0.0,0.0,1.0,0.0,0.0,0.0,0.0,0.0,0.0,0.0,5.0,11.0,2.0,226.0,1.0,0.0,4.0,43.0,1.0,36.0,2.0,331.0,2633.0,662.0,441.0
Rockingham-37157HO,354.0,3.0,22.0,925.0,98.0,1.0,5.0,81.0,0.0,0.0,0.0,0.0,0.0,0.0,0.0,0.0,0.0,0.0,0.0,0.0,6.0,0.0,181.0,0.0,0.0,2.0,39.0,0.0,33.0,0.0,166.0,1304.0,427.0,185.0
Rockingham-37157HU,622.0,6.0,69.0,2165.0,166.0,2.0,11.0,158.0,0.0,1.0,0.0,0.0,0.0,0.0,0.0,0.0,0.0,0.0,0.0,3.0,9.0,0.0,376.0,1.0,1.0,2.0,65.0,5.0,53.0,0.0,385.0,2862.0,900.0,337.0
Rockingham-37157IR,389.0,6.0,45.0,1359.0,121.0,0.0,3.0,129.0,0.0,1.0,0.0,0.0,0.0,0.0,0.0,0.0,0.0,0.0,0.0,1.0,4.0,0.0,272.0,0.0,0.0,1.0,50.0,0.0,25.0,1.0,260.0,1799.0,614.0,253.0
Rockingham-37157LI,706.0,0.0,44.0,1913.0,225.0,3.0,14.0,205.0,0.0,1.0,0.0,0.0,0.0,0.0,0.0,0.0,0.0,0.0,0.0,0.0,9.0,0.0,268.0,0.0,0.0,1.0,23.0,1.0,38.0,0.0,303.0,2663.0,643.0,447.0
Rockingham-37157LK-2,819.0,1.0,45.0,1462.0,282.0,2.0,8.0,135.0,0.0,0.0,0.0,0.0,0.0,0.0,0.0,0.0,0.0,0.0,0.0,5.0,5.0,1.0,261.0,1.0,0.0,0.0,49.0,0.0,50.0,0.0,325.0,2327.0,697.0,427.0
Rockingham-37157MA,757.0,0.0,56.0,1905.0,252.0,4.0,12.0,226.0,0.0,0.0,0.0,0.0,0.0,0.0,0.0,0.0,0.0,0.0,0.0,2.0,12.0,0.0,283.0,2.0,0.0,2.0,22.0,1.0,43.0,1.0,367.0,2718.0,735.0,494.0
Rockingham-37157MC,1409.0,3.0,72.0,1691.0,492.0,5.0,14.0,265.0,0.0,2.0,0.0,1.0,0.0,0.0,0.0,0.0,0.0,0.0,0.0,1.0,10.0,0.0,363.0,0.0,0.0,2.0,96.0,1.0,65.0,1.0,292.0,3175.0,831.0,776.0
Rockingham-37157MS,2813.0,6.0,119.0,2336.0,879.0,5.0,23.0,420.0,0.0,0.0,0.0,0.0,0.0,0.0,0.0,0.0,0.0,0.0,0.0,1.0,8.0,0.0,381.0,1.0,0.0,3.0,75.0,1.0,54.0,1.0,392.0,5274.0,917.0,1327.0
Rockingham-37157NB,465.0,5.0,67.0,1920.0,112.0,3.0,12.0,171.0,0.0,0.0,0.0,0.0,0.0,0.0,0.0,0.0,0.0,0.0,0.0,3.0,9.0,0.0,360.0,0.0,0.0,0.0,57.0,1.0,48.0,2.0,350.0,2457.0,830.0,298.0
Rockingham-37157RC,991.0,4.0,47.0,2470.0,323.0,3.0,16.0,249.0,0.0,0.0,0.0,1.0,0.0,0.0,0.0,0.0,0.0,0.0,0.0,3.0,17.0,0.0,432.0,0.0,0.0,4.0,51.0,0.0,75.0,0.0,464.0,3512.0,1046.0,591.0
Rockingham-37157SE,1118.0,4.0,38.0,1608.0,415.0,1.0,13.0,181.0,0.0,0.0,0.0,0.0,0.0,0.0,0.0,0.0,0.0,1.0,0.0,0.0,8.0,0.0,285.0,0.0,0.0,2.0,26.0,0.0,26.0,0.0,254.0,2768.0,601.0,610.0
Rockingham-37157WS,1407.0,12.0,118.0,2865.0,468.0,6.0,12.0,343.0,0.0,0.0,0.0,3.0,0.0,0.0,0.0,0.0,1.0,0.0,0.0,5.0,18.0,2.0,434.0,0.0,1.0,5.0,101.0,1.0,77.0,1.0,545.0,4402.0,1190.0,829.0
Rowan-3715901,153.0,1.0,29.0,1055.0,26.0,0.0,2.0,48.0,0.0,0.0,0.0,0.0,0.0,0.0,0.0,1.0,0.0,0.0,0.0,1.0,2.0,0.0,182.0,0.0,0.0,4.0,25.0,1.0,14.0,0.0,249.0,1238.0,478.0,76.0
Rowan-3715902,377.0,0.0,18.0,482.0,115.0,1.0,4.0,52.0,0.0,0.0,0.0,0.0,0.0,0.0,0.0,0.0,0.0,0.0,0.0,1.0,2.0,1.0,113.0,0.0,0.0,0.0,11.0,0.0,10.0,0.0,88.0,877.0,226.0,172.0
Rowan-3715903,211.0,0.0,40.0,1464.0,45.0,0.0,3.0,91.0,0.0,0.0,0.0,0.0,0.0,0.0,0.0,0.0,0.0,0.0,0.0,1.0,4.0,2.0,299.0,1.0,0.0,6.0,31.0,1.0,28.0,1.0,328.0,1715.0,702.0,139.0
Rowan-3715904,402.0,1.0,68.0,2276.0,115.0,1.0,12.0,120.0,0.0,1.0,0.0,0.0,0.0,0.0,0.0,0.0,0.0,0.0,0.0,1.0,5.0,1.0,436.0,2.0,1.0,2.0,70.0,5.0,54.0,0.0,475.0,2747.0,1052.0,248.0
Rowan-3715905A,611.0,3.0,70.0,2117.0,139.0,6.0,17.0,171.0,0.0,0.0,0.0,1.0,0.0,0.0,0.0,0.0,0.0,0.0,0.0,4.0,7.0,2.0,348.0,0.0,0.0,2.0,67.0,1.0,43.0,0.0,469.0,2801.0,943.0,333.0
Rowan-3715907,430.0,5.0,29.0,874.0,153.0,1.0,2.0,77.0,0.0,0.0,0.0,0.0,0.0,0.0,0.0,0.0,0.0,0.0,0.0,1.0,6.0,1.0,149.0,0.0,0.0,1.0,17.0,0.0,12.0,0.0,178.0,1338.0,365.0,233.0
Rowan-3715908,638.0,3.0,73.0,1603.0,145.0,1.0,3.0,144.0,0.0,0.0,0.0,1.0,0.0,0.0,0.0,0.0,0.0,0.0,1.0,1.0,7.0,0.0,289.0,1.0,1.0,2.0,73.0,3.0,40.0,0.0,338.0,2317.0,755.0,293.0
Rowan-3715909,183.0,5.0,42.0,1211.0,37.0,2.0,5.0,57.0,0.0,0.0,0.0,1.0,0.0,0.0,0.0,0.0,0.0,0.0,0.0,5.0,5.0,0.0,265.0,1.0,0.0,5.0,21.0,1.0,22.0,1.0,282.0,1441.0,608.0,101.0
Rowan-3715910,305.0,0.0,43.0,1607.0,75.0,0.0,3.0,100.0,0.0,0.0,0.0,1.0,0.0,0.0,0.0,0.0,0.0,0.0,0.0,0.0,8.0,1.0,340.0,0.0,0.0,7.0,63.0,1.0,36.0,0.0,389.0,1955.0,845.0,178.0
Rowan-3715911,626.0,2.0,47.0,1357.0,143.0,2.0,2.0,130.0,0.0,0.0,0.0,3.0,0.0,0.0,0.0,1.0,0.0,0.0,1.0,1.0,7.0,1.0,275.0,0.0,0.0,3.0,63.0,1.0,39.0,0.0,321.0,2032.0,711.0,277.0
Rowan-3715912,577.0,5.0,29.0,669.0,173.0,1.0,3.0,103.0,0.0,0.0,0.0,0.0,0.0,0.0,0.0,0.0,0.0,0.0,0.0,3.0,3.0,0.0,81.0,0.0,0.0,0.0,31.0,4.0,26.0,0.0,148.0,1280.0,296.0,280.0
Rowan-3715913,170.0,1.0,27.0,1248.0,45.0,1.0,1.0,39.0,0.0,0.0,0.0,0.0,0.0,0.0,0.0,0.0,0.0,0.0,0.0,2.0,3.0,0.0,185.0,0.0,1.0,2.0,27.0,1.0,18.0,0.0,251.0,1446.0,490.0,86.0
Rowan-3715914A,678.0,4.0,65.0,2250.0,190.0,6.0,13.0,158.0,0.0,0.0,0.0,0.0,1.0,1.0,0.0,1.0,1.0,0.0,1.0,1.0,12.0,0.0,376.0,2.0,0.0,4.0,108.0,0.0,70.0,0.0,511.0,2997.0,1084.0,367.0
Rowan-3715915,451.0,6.0,41.0,1771.0,117.0,1.0,1.0,124.0,0.0,0.0,0.0,1.0,0.0,0.0,0.0,0.0,0.0,0.0,0.0,0.0,6.0,0.0,234.0,0.0,0.0,3.0,52.0,0.0,44.0,0.0,432.0,2269.0,771.0,243.0
Rowan-3715916,423.0,3.0,32.0,728.0,82.0,1.0,1.0,81.0,0.0,0.0,0.0,0.0,0.0,0.0,0.0,0.0,0.0,0.0,0.0,2.0,4.0,0.0,150.0,1.0,0.0,1.0,20.0,1.0,25.0,0.0,140.0,1186.0,344.0,165.0
Rowan-3715917,460.0,2.0,36.0,997.0,117.0,0.0,3.0,96.0,0.0,0.0,0.0,1.0,0.0,0.0,0.0,0.0,0.0,0.0,0.0,1.0,6.0,0.0,211.0,1.0,0.0,3.0,15.0,2.0,11.0,1.0,198.0,1495.0,449.0,216.0
Rowan-3715918,500.0,2.0,10.0,46.0,160.0,0.0,1.0,36.0,0.0,0.0,0.0,0.0,0.0,0.0,0.0,0.0,0.0,0.0,0.0,0.0,0.0,0.0,2.0,0.0,0.0,1.0,1.0,0.0,3.0,0.0,8.0,558.0,15.0,197.0
Rowan-3715919A,542.0,1.0,72.0,2140.0,149.0,1.0,6.0,140.0,0.0,0.0,0.0,1.0,0.0,0.0,1.0,0.0,0.0,0.0,0.0,5.0,8.0,2.0,438.0,0.0,0.0,6.0,57.0,2.0,46.0,0.0,460.0,2755.0,1024.0,296.0
Rowan-3715921,539.0,1.0,53.0,1263.0,143.0,1.0,8.0,130.0,0.0,0.0,0.0,1.0,0.0,0.0,0.0,0.0,0.0,0.0,0.0,3.0,4.0,0.0,245.0,0.0,0.0,5.0,69.0,0.0,28.0,0.0,261.0,1856.0,615.0,282.0
Rowan-3715922,78.0,0.0,12.0,522.0,20.0,0.0,2.0,16.0,0.0,0.0,0.0,0.0,0.0,1.0,0.0,0.0,0.0,0.0,0.0,0.0,3.0,1.0,59.0,0.0,0.0,0.0,13.0,0.0,7.0,0.0,162.0,612.0,245.0,38.0
Rowan-3715923,121.0,0.0,15.0,930.0,25.0,0.0,3.0,43.0,0.0,0.0,0.0,0.0,0.0,0.0,0.0,0.0,0.0,0.0,0.0,2.0,5.0,0.0,146.0,0.0,0.0,2.0,23.0,2.0,15.0,0.0,198.0,1066.0,393.0,71.0
Rowan-3715924,171.0,2.0,16.0,760.0,42.0,0.0,5.0,63.0,0.0,0.0,0.0,1.0,0.0,0.0,0.0,0.0,0.0,0.0,0.0,0.0,5.0,0.0,130.0,0.0,0.0,0.0,45.0,0.0,16.0,0.0,174.0,949.0,370.0,110.0
Rowan-3715925,336.0,1.0,51.0,2062.0,76.0,2.0,4.0,142.0,0.0,1.0,0.0,2.0,0.0,1.0,0.0,0.0,0.0,0.0,0.0,3.0,6.0,1.0,305.0,3.0,0.0,1.0,53.0,4.0,46.0,1.0,407.0,2450.0,830.0,224.0
Rowan-3715926,186.0,4.0,35.0,1084.0,43.0,2.0,2.0,65.0,0.0,0.0,0.0,0.0,0.0,0.0,0.0,0.0,0.0,0.0,0.0,2.0,4.0,1.0,214.0,0.0,0.0,1.0,40.0,0.0,29.0,0.0,219.0,1309.0,510.0,112.0
Rowan-3715927,226.0,0.0,12.0,672.0,89.0,0.0,4.0,60.0,0.0,0.0,0.0,0.0,0.0,0.0,0.0,0.0,0.0,0.0,0.0,1.0,1.0,0.0,144.0,0.0,0.0,1.0,28.0,0.0,16.0,0.0,129.0,910.0,320.0,153.0
Rowan-3715928,781.0,2.0,50.0,698.0,183.0,0.0,5.0,147.0,0.0,0.0,0.0,0.0,0.0,0.0,0.0,0.0,0.0,0.0,0.0,3.0,5.0,1.0,92.0,0.0,0.0,1.0,30.0,1.0,13.0,0.0,183.0,1531.0,329.0,335.0
Rowan-3715929,166.0,0.0,20.0,704.0,27.0,0.0,1.0,54.0,0.0,0.0,1.0,0.0,0.0,0.0,0.0,0.0,0.0,0.0,0.0,0.0,2.0,1.0,108.0,0.0,0.0,1.0,22.0,1.0,9.0,0.0,125.0,890.0,269.0,82.0
Rowan-3715930,513.0,2.0,41.0,927.0,129.0,0.0,1.0,82.0,0.0,0.0,0.0,0.0,0.0,0.0,0.0,0.0,0.0,0.0,0.0,3.0,4.0,0.0,143.0,0.0,0.0,2.0,40.0,0.0,19.0,0.0,172.0,1483.0,383.0,212.0
Rowan-3715931,253.0,1.0,20.0,813.0,74.0,2.0,2.0,61.0,0.0,0.0,0.0,0.0,0.0,0.0,0.0,0.0,0.0,0.0,0.0,0.0,6.0,4.0,148.0,1.0,0.0,2.0,50.0,1.0,22.0,1.0,198.0,1087.0,433.0,139.0
Rowan-3715932,304.0,0.0,20.0,838.0,81.0,0.0,5.0,74.0,0.0,0.0,0.0,0.0,0.0,0.0,0.0,0.0,0.0,0.0,0.0,0.0,1.0,0.0,125.0,0.0,0.0,1.0,28.0,1.0,18.0,0.0,199.0,1162.0,373.0,160.0
Rowan-3715933,117.0,0.0,37.0,1153.0,28.0,2.0,2.0,49.0,0.0,0.0,0.0,1.0,0.0,0.0,0.0,0.0,0.0,0.0,1.0,1.0,5.0,1.0,203.0,0.0,0.0,1.0,37.0,0.0,28.0,1.0,253.0,1307.0,530.0,81.0
Rowan-3715934,939.0,5.0,44.0,749.0,235.0,1.0,3.0,173.0,0.0,0.0,0.0,3.0,0.0,1.0,0.0,0.0,0.0,0.0,0.0,3.0,3.0,3.0,132.0,0.0,1.0,2.0,64.0,4.0,33.0,0.0,142.0,1737.0,387.0,412.0
Rowan-3715935,562.0,2.0,29.0,258.0,158.0,0.0,4.0,109.0,0.0,0.0,0.0,1.0,0.0,0.0,0.0,0.0,1.0,0.0,0.0,3.0,3.0,0.0,48.0,0.0,0.0,1.0,63.0,1.0,19.0,0.0,56.0,851.0,194.0,271.0
Rowan-3715936,1101.0,3.0,45.0,668.0,289.0,1.0,2.0,149.0,0.0,1.0,0.0,0.0,1.0,0.0,0.0,0.0,0.0,0.0,1.0,5.0,6.0,0.0,102.0,0.0,0.0,2.0,43.0,0.0,25.0,0.0,158.0,1817.0,341.0,441.0
Rowan-3715938,1167.0,1.0,35.0,610.0,327.0,0.0,2.0,152.0,0.0,0.0,0.0,1.0,0.0,0.0,0.0,0.0,0.0,0.0,0.0,2.0,3.0,0.0,97.0,0.0,0.0,2.0,32.0,1.0,34.0,2.0,130.0,1813.0,303.0,481.0
Rowan-3715939,644.0,3.0,55.0,648.0,179.0,0.0,4.0,135.0,0.0,0.0,0.0,0.0,0.0,0.0,0.0,1.0,0.0,0.0,0.0,0.0,2.0,0.0,121.0,0.0,0.0,2.0,87.0,1.0,61.0,1.0,143.0,1350.0,418.0,318.0
Rowan-3715940,905.0,5.0,50.0,752.0,237.0,2.0,0.0,150.0,0.0,1.0,0.0,0.0,0.0,0.0,0.0,0.0,0.0,0.0,0.0,3.0,3.0,0.0,133.0,2.0,0.0,3.0,117.0,3.0,49.0,0.0,233.0,1712.0,546.0,389.0
Rowan-3715941,931.0,0.0,40.0,811.0,244.0,0.0,3.0,127.0,0.0,0.0,0.0,0.0,0.0,0.0,0.0,0.0,0.0,0.0,0.0,4.0,6.0,5.0,138.0,0.0,1.0,1.0,113.0,0.0,43.0,1.0,210.0,1782.0,522.0,374.0
Rowan-3715942,1000.0,0.0,8.0,18.0,227.0,0.0,2.0,123.0,0.0,0.0,0.0,0.0,0.0,0.0,0.0,0.0,1.0,0.0,0.0,0.0,2.0,0.0,3.0,0.0,0.0,0.0,0.0,1.0,0.0,0.0,1.0,1026.0,7.0,352.0
Rowan-3715944,215.0,0.0,39.0,1505.0,59.0,1.0,1.0,72.0,0.0,0.0,0.0,0.0,0.0,0.0,0.0,0.0,0.0,0.0,0.0,1.0,7.0,1.0,302.0,0.0,0.0,2.0,28.0,0.0,16.0,0.0,302.0,1759.0,659.0,133.0
Rowan-3715945,408.0,2.0,19.0,470.0,124.0,0.0,1.0,73.0,0.0,0.0,0.0,0.0,0.0,0.0,0.0,0.0,0.0,0.0,0.0,0.0,1.0,0.0,68.0,0.0,0.0,0.0,15.0,1.0,9.0,0.0,107.0,899.0,201.0,198.0
Rutherford-3716103A,177.0,1.0,25.0,1279.0,42.0,3.0,5.0,84.0,0.0,0.0,0.0,1.0,0.0,0.0,0.0,1.0,0.0,0.0,0.0,0.0,6.0,0.0,178.0,0.0,0.0,1.0,24.0,0.0,28.0,0.0,252.0,1482.0,489.0,134.0
Rutherford-3716104A,299.0,4.0,33.0,1174.0,84.0,2.0,6.0,119.0,0.0,0.0,0.0,0.0,0.0,0.0,0.0,0.0,0.0,0.0,0.0,1.0,3.0,0.0,162.0,1.0,0.0,1.0,27.0,1.0,30.0,0.0,243.0,1510.0,469.0,211.0
Rutherford-3716105A,385.0,1.0,33.0,1323.0,114.0,2.0,6.0,109.0,0.0,0.0,0.0,0.0,0.0,0.0,0.0,0.0,0.0,0.0,0.0,2.0,6.0,0.0,124.0,0.0,0.0,6.0,17.0,0.0,19.0,2.0,170.0,1742.0,346.0,231.0
Rutherford-3716106A,595.0,9.0,42.0,995.0,141.0,0.0,3.0,176.0,0.0,0.0,0.0,0.0,0.0,0.0,1.0,0.0,0.0,0.0,0.0,1.0,1.0,1.0,158.0,0.0,1.0,1.0,93.0,1.0,33.0,0.0,256.0,1641.0,546.0,320.0
Rutherford-3716109A,325.0,5.0,31.0,1949.0,117.0,1.0,7.0,153.0,0.0,1.0,0.0,0.0,0.0,0.0,0.0,0.0,0.0,0.0,0.0,3.0,9.0,1.0,268.0,0.0,0.0,0.0,36.0,0.0,40.0,0.0,297.0,2310.0,654.0,278.0
Rutherford-3716110A,129.0,1.0,18.0,691.0,37.0,1.0,3.0,54.0,0.0,0.0,0.0,0.0,0.0,0.0,0.0,0.0,0.0,0.0,0.0,0.0,3.0,0.0,118.0,0.0,1.0,1.0,19.0,0.0,8.0,0.0,154.0,839.0,304.0,95.0
Rutherford-3716111,608.0,6.0,64.0,3053.0,205.0,1.0,25.0,257.0,0.0,1.0,0.0,2.0,0.0,0.0,0.0,0.0,0.0,0.0,0.0,1.0,11.0,0.0,351.0,1.0,0.0,4.0,57.0,1.0,80.0,0.0,464.0,3731.0,970.0,488.0
Rutherford-3716113,1131.0,1.0,67.0,1479.0,356.0,4.0,11.0,178.0,0.0,0.0,0.0,1.0,0.0,0.0,0.0,0.0,0.0,0.0,0.0,5.0,3.0,1.0,188.0,1.0,0.0,2.0,55.0,1.0,42.0,1.0,240.0,2678.0,539.0,549.0
Rutherford-3716114,536.0,0.0,39.0,962.0,183.0,2.0,9.0,122.0,0.0,0.0,0.0,0.0,0.0,0.0,0.0,0.0,0.0,0.0,0.0,1.0,6.0,0.0,121.0,0.0,0.0,0.0,27.0,1.0,25.0,0.0,149.0,1537.0,330.0,316.0
Rutherford-3716116A,323.0,3.0,32.0,1466.0,89.0,1.0,7.0,138.0,0.0,0.0,0.0,0.0,0.0,0.0,0.0,0.0,0.0,0.0,0.0,2.0,6.0,0.0,239.0,0.0,0.0,1.0,31.0,1.0,29.0,0.0,244.0,1824.0,553.0,235.0
Rutherford-3716118,365.0,0.0,45.0,1045.0,118.0,1.0,2.0,141.0,0.0,0.0,0.0,0.0,0.0,0.0,0.0,0.0,0.0,0.0,0.0,1.0,6.0,1.0,153.0,0.0,0.0,0.0,34.0,0.0,18.0,0.0,237.0,1455.0,450.0,262.0
Rutherford-3716119,244.0,0.0,22.0,998.0,72.0,2.0,7.0,68.0,0.0,0.0,0.0,0.0,0.0,0.0,0.0,0.0,0.0,0.0,0.0,1.0,2.0,0.0,118.0,0.0,0.0,1.0,20.0,1.0,18.0,0.0,157.0,1264.0,318.0,149.0
Rutherford-3716127,719.0,4.0,78.0,1599.0,235.0,0.0,5.0,230.0,0.0,0.0,0.0,0.0,0.0,0.0,1.0,0.0,0.0,0.0,0.0,0.0,8.0,2.0,207.0,0.0,0.0,1.0,98.0,1.0,64.0,0.0,382.0,2400.0,763.0,470.0
Rutherford-3716128,295.0,0.0,13.0,785.0,91.0,1.0,2.0,66.0,0.0,0.0,0.0,0.0,0.0,0.0,0.0,0.0,0.0,0.0,0.0,0.0,2.0,1.0,79.0,0.0,0.0,0.0,24.0,2.0,23.0,0.0,233.0,1093.0,364.0,160.0
Rutherford-3716129,351.0,0.0,24.0,952.0,107.0,2.0,8.0,95.0,0.0,0.0,0.0,1.0,0.0,0.0,0.0,0.0,0.0,0.0,0.0,2.0,5.0,0.0,109.0,0.0,0.0,1.0,36.0,0.0,20.0,0.0,166.0,1327.0,339.0,212.0
Rutherford-3716130,881.0,0.0,44.0,1312.0,269.0,2.0,7.0,210.0,0.0,0.0,0.0,1.0,0.0,0.0,0.0,0.0,1.0,0.0,0.0,1.0,4.0,0.0,140.0,1.0,0.0,2.0,25.0,0.0,25.0,0.0,262.0,2237.0,460.0,488.0
Rutherford-3716134,149.0,0.0,14.0,809.0,45.0,1.0,1.0,57.0,0.0,0.0,0.0,0.0,0.0,0.0,0.0,0.0,0.0,0.0,0.0,1.0,3.0,0.0,114.0,0.0,0.0,0.0,31.0,0.0,18.0,0.0,133.0,972.0,300.0,104.0
Rutherford-37161ABSENTEE,0.0,4.0,0.0,0.0,32.0,2.0,4.0,39.0,0.0,0.0,0.0,0.0,0.0,0.0,0.0,0.0,0.0,0.0,0.0,1.0,2.0,0.0,39.0,0.0,0.0,0.0,17.0,0.0,21.0,0.0,58.0,4.0,138.0,77.0
Rutherford-37161OS-ANNEX PAPER,0.0,0.0,0.0,0.0,0.0,0.0,0.0,0.0,0.0,0.0,0.0,0.0,0.0,0.0,0.0,0.0,0.0,0.0,0.0,0.0,0.0,0.0,0.0,0.0,0.0,0.0,0.0,0.0,0.0,0.0,0.0,0.0,0.0,0.0
Rutherford-37161OS-BOE PAPER,0.0,0.0,0.0,0.0,0.0,0.0,0.0,0.0,0.0,0.0,0.0,0.0,0.0,0.0,0.0,0.0,0.0,0.0,0.0,0.0,0.0,0.0,0.0,0.0,0.0,0.0,0.0,0.0,0.0,0.0,0.0,0.0,0.0,0.0
Rutherford-37161OS-ELLENBORO PAPER,0.0,0.0,0.0,0.0,0.0,0.0,0.0,0.0,0.0,0.0,0.0,0.0,0.0,0.0,0.0,0.0,0.0,0.0,0.0,0.0,0.0,0.0,0.0,0.0,0.0,0.0,0.0,0.0,0.0,0.0,0.0,0.0,0.0,0.0
Sampson-37163ABSENTEE,204.0,0.0,20.0,272.0,34.0,0.0,0.0,6.0,0.0,0.0,0.0,0.0,0.0,0.0,0.0,0.0,0.0,0.0,0.0,0.0,2.0,1.0,14.0,0.0,0.0,0.0,5.0,0.0,9.0,0.0,20.0,496.0,51.0,40.0
Sampson-37163AUTR,64.0,0.0,9.0,452.0,47.0,3.0,4.0,45.0,0.0,0.0,0.0,0.0,0.0,0.0,0.0,0.0,0.0,0.0,0.0,2.0,1.0,0.0,123.0,0.0,0.0,1.0,5.0,0.0,3.0,0.0,178.0,525.0,313.0,99.0
Sampson-37163CLCE,197.0,0.0,2.0,31.0,134.0,0.0,1.0,31.0,0.0,0.0,0.0,0.0,0.0,0.0,0.0,0.0,0.0,0.0,0.0,0.0,0.0,0.0,11.0,0.0,0.0,0.0,4.0,0.0,0.0,0.0,10.0,230.0,25.0,166.0
Sampson-37163CLEA,332.0,0.0,10.0,207.0,262.0,1.0,4.0,104.0,0.0,0.0,0.0,0.0,0.0,0.0,0.0,0.0,0.0,0.0,0.0,1.0,1.0,0.0,87.0,0.0,0.0,0.0,7.0,1.0,13.0,0.0,109.0,549.0,219.0,371.0
Sampson-37163CLEM,124.0,0.0,4.0,450.0,66.0,1.0,0.0,41.0,0.0,1.0,0.0,0.0,0.0,0.0,0.0,0.0,0.0,0.0,0.0,1.0,6.0,0.0,168.0,0.0,0.0,2.0,12.0,2.0,8.0,0.0,136.0,578.0,335.0,108.0
Sampson-37163CLNE,131.0,0.0,19.0,290.0,113.0,0.0,4.0,45.0,0.0,0.0,0.0,0.0,0.0,0.0,0.0,0.0,0.0,0.0,1.0,3.0,2.0,0.0,113.0,0.0,0.0,1.0,36.0,2.0,12.0,0.0,128.0,440.0,297.0,162.0
Sampson-37163CLSW,100.0,0.0,8.0,187.0,89.0,0.0,1.0,57.0,0.0,0.0,0.0,1.0,1.0,0.0,0.0,0.0,0.0,0.0,0.0,2.0,1.0,0.0,65.0,0.0,0.0,0.0,10.0,0.0,13.0,0.0,64.0,295.0,155.0,147.0
Sampson-37163CLWE,164.0,0.0,9.0,250.0,79.0,0.0,2.0,62.0,0.0,0.0,0.0,0.0,0.0,0.0,0.0,0.0,0.0,0.0,0.0,0.0,3.0,0.0,119.0,0.0,0.0,1.0,44.0,0.0,19.0,0.0,155.0,423.0,341.0,143.0
Sampson-37163GARL,146.0,0.0,2.0,143.0,183.0,1.0,2.0,40.0,0.0,0.0,0.0,0.0,0.0,0.0,0.0,0.0,0.0,0.0,0.0,0.0,0.0,1.0,43.0,0.0,0.0,2.0,4.0,0.0,2.0,0.0,76.0,291.0,128.0,226.0
Sampson-37163GIDD,204.0,0.0,6.0,179.0,103.0,1.0,1.0,47.0,0.0,0.0,0.0,1.0,0.0,0.0,0.0,0.0,0.0,0.0,0.0,1.0,4.0,0.0,66.0,0.0,0.0,1.0,6.0,0.0,7.0,0.0,51.0,389.0,136.0,152.0
Sampson-37163HARR,369.0,0.0,10.0,231.0,294.0,1.0,1.0,112.0,0.0,0.0,0.0,0.0,0.0,0.0,0.0,0.0,0.0,0.0,0.0,1.0,0.0,0.0,43.0,0.0,0.0,0.0,5.0,0.0,6.0,0.0,87.0,610.0,142.0,408.0
Sampson-37163HERR,36.0,0.0,6.0,286.0,15.0,1.0,2.0,20.0,0.0,0.0,0.0,0.0,0.0,0.0,0.0,0.0,0.0,0.0,0.0,0.0,0.0,0.0,110.0,1.0,0.0,0.0,6.0,0.0,7.0,0.0,113.0,328.0,237.0,38.0
Sampson-37163INGO,129.0,0.0,8.0,158.0,72.0,3.0,1.0,45.0,0.0,0.0,0.0,0.0,0.0,0.0,0.0,0.0,0.0,0.0,0.0,0.0,0.0,0.0,47.0,0.0,0.0,0.0,2.0,0.0,3.0,0.0,54.0,295.0,106.0,121.0
Sampson-37163KEEN,97.0,0.0,6.0,329.0,53.0,1.0,3.0,33.0,0.0,0.0,0.0,0.0,0.0,0.0,0.0,0.0,0.0,0.0,0.0,0.0,2.0,0.0,81.0,0.0,0.0,1.0,7.0,0.0,6.0,0.0,136.0,432.0,233.0,90.0
Sampson-37163KFRK,178.0,0.0,14.0,243.0,113.0,0.0,2.0,65.0,0.0,0.0,0.0,0.0,0.0,0.0,0.0,0.0,0.0,0.0,0.0,0.0,2.0,0.0,90.0,0.0,0.0,0.0,8.0,0.0,9.0,0.0,103.0,435.0,212.0,180.0
Sampson-37163LAKE,361.0,0.0,7.0,179.0,343.0,1.0,3.0,111.0,0.0,0.0,0.0,0.0,0.0,0.0,0.0,0.0,0.0,0.0,0.0,0.0,2.0,1.0,79.0,0.0,0.0,0.0,12.0,0.0,9.0,0.0,102.0,547.0,205.0,458.0
Sampson-37163MING,144.0,0.0,14.0,603.0,85.0,1.0,1.0,49.0,0.0,0.0,0.0,1.0,0.0,0.0,0.0,1.0,0.0,0.0,0.0,3.0,1.0,0.0,301.0,0.0,0.0,0.0,17.0,1.0,21.0,0.0,253.0,761.0,597.0,136.0
Sampson-37163NGRV,99.0,0.0,10.0,263.0,113.0,2.0,4.0,63.0,0.0,0.0,0.0,0.0,0.0,0.0,0.0,0.0,0.0,0.0,1.0,2.0,5.0,0.0,127.0,0.0,0.0,0.0,17.0,0.0,5.0,0.0,139.0,372.0,295.0,182.0
Sampson-37163ONE STOP,0.0,0.0,0.0,0.0,1088.0,3.0,18.0,256.0,0.0,0.0,0.0,0.0,0.0,0.0,0.0,0.0,0.0,0.0,0.0,6.0,17.0,2.0,377.0,1.0,0.0,4.0,90.0,3.0,63.0,1.0,543.0,0.0,1107.0,1365.0
Sampson-37163ONE STOP 1,4620.0,0.0,91.0,4418.0,0.0,0.0,0.0,0.0,0.0,0.0,0.0,0.0,0.0,0.0,0.0,0.0,0.0,0.0,0.0,0.0,0.0,0.0,0.0,0.0,0.0,0.0,0.0,0.0,0.0,0.0,0.0,9129.0,0.0,0.0
Sampson-37163ONE STOP 2,446.0,0.0,7.0,285.0,0.0,0.0,0.0,0.0,0.0,0.0,0.0,0.0,0.0,0.0,0.0,0.0,0.0,0.0,0.0,0.0,0.0,0.0,0.0,0.0,0.0,0.0,0.0,0.0,0.0,0.0,0.0,738.0,0.0,0.0
Sampson-37163ONE STOP 3,382.0,0.0,25.0,743.0,0.0,0.0,0.0,0.0,0.0,0.0,0.0,0.0,0.0,0.0,0.0,0.0,0.0,0.0,0.0,0.0,0.0,0.0,0.0,0.0,0.0,0.0,0.0,0.0,0.0,0.0,0.0,1150.0,0.0,0.0
Sampson-37163ONE STOP 4,412.0,0.0,24.0,1676.0,0.0,0.0,0.0,0.0,0.0,0.0,0.0,0.0,0.0,0.0,0.0,0.0,0.0,0.0,0.0,0.0,0.0,0.0,0.0,0.0,0.0,0.0,0.0,0.0,0.0,0.0,0.0,2112.0,0.0,0.0
Sampson-37163ONE STOP 5,816.0,0.0,22.0,1114.0,0.0,0.0,0.0,0.0,0.0,0.0,0.0,0.0,0.0,0.0,0.0,0.0,0.0,0.0,0.0,0.0,0.0,0.0,0.0,0.0,0.0,0.0,0.0,0.0,0.0,0.0,0.0,1952.0,0.0,0.0
Sampson-37163PLVW,71.0,0.0,18.0,407.0,74.0,2.0,6.0,54.0,0.0,0.0,0.0,1.0,0.0,0.0,0.0,0.0,0.0,0.0,0.0,1.0,5.0,2.0,268.0,0.0,0.0,0.0,33.0,0.0,30.0,1.0,318.0,496.0,658.0,136.0
Sampson-37163ROSE,81.0,0.0,9.0,263.0,63.0,1.0,1.0,53.0,0.0,1.0,0.0,1.0,0.0,0.0,0.0,0.0,0.0,0.0,0.0,2.0,2.0,1.0,84.0,0.0,0.0,0.0,8.0,0.0,5.0,0.0,126.0,353.0,228.0,118.0
Sampson-37163ROWA,169.0,0.0,6.0,246.0,125.0,0.0,1.0,57.0,0.0,0.0,0.0,0.0,0.0,0.0,0.0,0.0,0.0,0.0,0.0,2.0,3.0,0.0,118.0,0.0,0.0,1.0,7.0,0.0,11.0,0.0,120.0,421.0,262.0,183.0
Sampson-37163SBRG,109.0,0.0,5.0,264.0,64.0,0.0,1.0,57.0,0.0,0.0,0.0,0.0,0.0,0.0,0.0,0.0,0.0,1.0,0.0,0.0,0.0,0.0,88.0,0.0,2.0,1.0,4.0,0.0,6.0,0.0,86.0,378.0,187.0,122.0
Sampson-37163TURK,213.0,0.0,9.0,213.0,119.0,1.0,2.0,51.0,0.0,0.0,0.0,0.0,0.0,0.0,0.0,0.0,0.0,0.0,0.0,0.0,3.0,1.0,59.0,0.0,0.0,0.0,4.0,0.0,6.0,0.0,64.0,435.0,137.0,173.0
Sampson-37163WBRK,96.0,0.0,13.0,398.0,64.0,0.0,7.0,50.0,0.0,0.0,0.0,0.0,0.0,0.0,0.0,0.0,0.0,0.0,0.0,4.0,1.0,0.0,118.0,0.0,1.0,0.0,11.0,1.0,15.0,0.0,191.0,507.0,342.0,121.0
Scotland-3716501,397.0,1.0,4.0,73.0,499.0,0.0,4.0,122.0,0.0,0.0,0.0,0.0,0.0,0.0,0.0,0.0,0.0,0.0,0.0,0.0,0.0,0.0,16.0,0.0,0.0,0.0,7.0,0.0,7.0,0.0,45.0,475.0,75.0,625.0
Scotland-3716502,292.0,0.0,5.0,74.0,356.0,0.0,3.0,83.0,0.0,0.0,0.0,0.0,0.0,0.0,0.0,0.0,0.0,0.0,0.0,0.0,0.0,0.0,23.0,0.0,0.0,2.0,10.0,0.0,1.0,0.0,30.0,371.0,66.0,442.0
Scotland-3716503,279.0,2.0,16.0,338.0,372.0,7.0,5.0,218.0,0.0,1.0,0.0,0.0,0.0,0.0,0.0,0.0,0.0,0.0,0.0,3.0,0.0,0.0,110.0,0.0,0.0,0.0,36.0,1.0,28.0,0.0,170.0,635.0,348.0,602.0
Scotland-3716504,274.0,3.0,34.0,461.0,421.0,6.0,5.0,280.0,0.0,0.0,0.0,1.0,0.0,0.0,0.0,0.0,0.0,0.0,0.0,5.0,7.0,0.0,149.0,0.0,0.0,1.0,66.0,1.0,37.0,1.0,212.0,772.0,479.0,712.0
Scotland-3716505,109.0,1.0,11.0,340.0,78.0,2.0,4.0,64.0,0.0,0.0,0.0,0.0,0.0,0.0,0.0,0.0,0.0,0.0,1.0,1.0,5.0,0.0,61.0,0.0,0.0,1.0,11.0,0.0,11.0,0.0,99.0,461.0,189.0,148.0
Scotland-3716506,87.0,2.0,2.0,88.0,67.0,0.0,3.0,23.0,0.0,0.0,0.0,0.0,0.0,0.0,0.0,0.0,0.0,0.0,0.0,0.0,0.0,0.0,12.0,0.0,0.0,0.0,0.0,1.0,2.0,0.0,16.0,179.0,31.0,93.0
Scotland-3716507,424.0,3.0,12.0,297.0,486.0,3.0,8.0,134.0,0.0,0.0,0.0,1.0,0.0,0.0,0.0,0.0,0.0,0.0,0.0,2.0,0.0,0.0,81.0,1.0,0.0,0.0,24.0,1.0,17.0,0.0,139.0,736.0,265.0,631.0
Scotland-3716508,98.0,0.0,3.0,217.0,88.0,1.0,1.0,66.0,0.0,0.0,0.0,0.0,0.0,0.0,0.0,0.0,0.0,0.0,0.0,1.0,1.0,0.0,50.0,0.0,0.0,0.0,7.0,1.0,9.0,0.0,73.0,318.0,142.0,156.0
Scotland-3716509,174.0,1.0,13.0,330.0,148.0,2.0,3.0,91.0,0.0,0.0,0.0,0.0,0.0,0.0,0.0,0.0,0.0,0.0,0.0,2.0,2.0,0.0,59.0,0.0,0.0,0.0,5.0,0.0,9.0,0.0,84.0,518.0,161.0,244.0
Scotland-3716510,256.0,1.0,16.0,317.0,169.0,5.0,1.0,65.0,0.0,0.0,0.0,0.0,0.0,0.0,0.0,0.0,0.0,0.0,0.0,0.0,1.0,0.0,58.0,0.0,0.0,0.0,11.0,1.0,5.0,0.0,96.0,590.0,172.0,240.0
Scotland-37165ABSENTEE,132.0,1.0,7.0,158.0,0.0,0.0,0.0,0.0,0.0,0.0,0.0,0.0,0.0,0.0,0.0,0.0,0.0,0.0,0.0,0.0,0.0,0.0,0.0,0.0,0.0,0.0,0.0,0.0,0.0,0.0,0.0,298.0,0.0,0.0
Scotland-37165ONE STOP,4761.0,11.0,130.0,3529.0,0.0,0.0,0.0,0.0,0.0,0.0,0.0,0.0,0.0,0.0,0.0,0.0,0.0,0.0,0.0,0.0,0.0,0.0,0.0,0.0,0.0,0.0,0.0,0.0,0.0,0.0,0.0,8431.0,0.0,0.0
Stanly-371670002,222.0,1.0,38.0,560.0,31.0,1.0,5.0,47.0,0.0,0.0,0.0,0.0,0.0,0.0,0.0,0.0,0.0,0.0,0.0,1.0,4.0,0.0,43.0,0.0,0.0,2.0,2.0,0.0,5.0,0.0,55.0,821.0,112.0,84.0
Stanly-371670003,673.0,5.0,34.0,909.0,108.0,2.0,5.0,108.0,0.0,0.0,0.0,0.0,0.0,0.0,1.0,0.0,0.0,0.0,0.0,0.0,8.0,0.0,94.0,0.0,0.0,5.0,56.0,3.0,29.0,0.0,142.0,1621.0,337.0,223.0
Stanly-371670007,543.0,0.0,57.0,928.0,86.0,0.0,4.0,71.0,0.0,0.0,0.0,1.0,0.0,0.0,0.0,0.0,0.0,0.0,1.0,1.0,4.0,0.0,86.0,1.0,0.0,0.0,19.0,1.0,16.0,0.0,149.0,1528.0,277.0,161.0
Stanly-371670008,1026.0,1.0,11.0,130.0,297.0,0.0,1.0,67.0,0.0,0.0,0.0,0.0,0.0,0.0,0.0,0.0,0.0,0.0,0.0,0.0,1.0,0.0,9.0,0.0,0.0,0.0,1.0,0.0,1.0,0.0,15.0,1168.0,27.0,365.0
Stanly-371670010,267.0,2.0,29.0,618.0,39.0,1.0,2.0,61.0,0.0,0.0,0.0,0.0,0.0,0.0,0.0,0.0,0.0,0.0,0.0,2.0,1.0,0.0,78.0,0.0,0.0,0.0,10.0,0.0,7.0,0.0,84.0,916.0,182.0,103.0
Stanly-371670011,208.0,0.0,30.0,757.0,36.0,1.0,5.0,51.0,0.0,0.0,0.0,0.0,0.0,0.0,0.0,0.0,0.0,0.0,0.0,1.0,4.0,0.0,76.0,0.0,0.0,1.0,22.0,0.0,9.0,0.0,102.0,995.0,215.0,93.0
Stanly-371670012,115.0,1.0,14.0,605.0,17.0,2.0,1.0,24.0,0.0,0.0,0.0,0.0,0.0,0.0,0.0,0.0,0.0,0.0,0.0,0.0,2.0,0.0,76.0,0.0,0.0,0.0,13.0,0.0,6.0,0.0,82.0,735.0,179.0,44.0
Stanly-371670013,204.0,2.0,25.0,1043.0,30.0,1.0,3.0,36.0,0.0,0.0,0.0,1.0,0.0,0.0,0.0,0.0,0.0,0.0,0.0,4.0,2.0,0.0,109.0,0.0,0.0,1.0,15.0,1.0,13.0,0.0,137.0,1274.0,282.0,70.0
Stanly-371670014,154.0,0.0,14.0,611.0,31.0,0.0,2.0,51.0,0.0,0.0,0.0,0.0,0.0,0.0,0.0,0.0,0.0,0.0,0.0,0.0,2.0,0.0,92.0,0.0,0.0,0.0,14.0,0.0,9.0,0.0,126.0,779.0,243.0,84.0
Stanly-371670015,329.0,1.0,19.0,572.0,102.0,2.0,1.0,48.0,0.0,0.0,0.0,0.0,0.0,0.0,0.0,0.0,0.0,0.0,0.0,0.0,3.0,0.0,65.0,1.0,0.0,1.0,22.0,0.0,12.0,0.0,88.0,921.0,192.0,153.0
Stanly-371670016,268.0,1.0,16.0,627.0,61.0,0.0,3.0,36.0,0.0,0.0,0.0,0.0,0.0,0.0,0.0,0.0,0.0,0.0,0.0,1.0,1.0,0.0,67.0,2.0,0.0,1.0,7.0,1.0,12.0,0.0,91.0,912.0,183.0,100.0
Stanly-371670017,251.0,1.0,35.0,1141.0,59.0,1.0,3.0,72.0,0.0,0.0,0.0,0.0,0.0,0.0,0.0,0.0,0.0,0.0,0.0,2.0,6.0,0.0,134.0,0.0,0.0,0.0,20.0,1.0,16.0,0.0,192.0,1428.0,371.0,135.0
Stanly-371670018,226.0,2.0,25.0,632.0,56.0,0.0,1.0,59.0,0.0,0.0,0.0,0.0,0.0,0.0,0.0,0.0,0.0,0.0,0.0,2.0,3.0,0.0,70.0,0.0,0.0,0.0,24.0,0.0,8.0,0.0,129.0,885.0,236.0,116.0
Stanly-371670019,153.0,3.0,23.0,990.0,23.0,0.0,9.0,66.0,0.0,0.0,0.0,0.0,0.0,0.0,0.0,0.0,0.0,0.0,0.0,2.0,5.0,0.0,149.0,0.0,0.0,1.0,25.0,4.0,11.0,0.0,151.0,1169.0,348.0,98.0
Stanly-371670020,204.0,0.0,22.0,1528.0,29.0,0.0,2.0,49.0,0.0,0.0,0.0,0.0,0.0,0.0,0.0,0.0,0.0,0.0,0.0,2.0,7.0,0.0,202.0,0.0,0.0,1.0,24.0,1.0,15.0,0.0,245.0,1754.0,497.0,80.0
Stanly-371670021,107.0,0.0,12.0,908.0,19.0,2.0,1.0,25.0,0.0,0.0,0.0,0.0,0.0,0.0,0.0,0.0,0.0,0.0,0.0,2.0,3.0,0.0,130.0,0.0,0.0,2.0,19.0,0.0,14.0,0.0,171.0,1027.0,341.0,47.0
Stanly-371670022,265.0,0.0,26.0,1064.0,78.0,0.0,6.0,48.0,0.0,0.0,0.0,0.0,0.0,0.0,0.0,0.0,0.0,0.0,0.0,1.0,4.0,0.0,141.0,0.0,0.0,0.0,36.0,4.0,12.0,0.0,195.0,1355.0,393.0,132.0
Stanly-371670023,253.0,1.0,37.0,1758.0,41.0,1.0,3.0,73.0,0.0,0.0,0.0,0.0,0.0,0.0,0.0,0.0,0.0,0.0,0.0,1.0,7.0,0.0,244.0,1.0,0.0,5.0,27.0,0.0,28.0,1.0,261.0,2049.0,575.0,118.0
Stanly-371670024,269.0,1.0,42.0,1927.0,43.0,1.0,4.0,68.0,0.0,0.0,0.0,0.0,0.0,0.0,0.0,0.0,0.0,0.0,0.0,0.0,5.0,0.0,241.0,0.0,0.0,1.0,34.0,1.0,25.0,0.0,276.0,2239.0,583.0,116.0
Stanly-371670025,315.0,4.0,58.0,1859.0,48.0,1.0,5.0,62.0,0.0,0.0,0.0,1.0,0.0,0.0,0.0,0.0,0.0,0.0,0.0,1.0,6.0,1.0,236.0,0.0,0.0,4.0,26.0,2.0,19.0,0.0,260.0,2236.0,555.0,116.0
Stanly-371670026,237.0,0.0,24.0,922.0,73.0,1.0,2.0,53.0,0.0,0.0,0.0,1.0,0.0,0.0,0.0,0.0,0.0,0.0,0.0,0.0,7.0,1.0,96.0,0.0,0.0,2.0,17.0,0.0,8.0,0.0,173.0,1183.0,304.0,129.0
Stanly-371670027,436.0,0.0,40.0,1286.0,113.0,1.0,8.0,76.0,0.0,0.0,0.0,0.0,0.0,0.0,0.0,0.0,0.0,0.0,0.0,0.0,3.0,4.0,130.0,1.0,0.0,0.0,26.0,2.0,17.0,0.0,236.0,1762.0,419.0,198.0
Stanly-371670028,369.0,0.0,33.0,589.0,77.0,0.0,3.0,43.0,0.0,0.0,0.0,0.0,0.0,0.0,0.0,0.0,0.0,0.0,0.0,2.0,4.0,0.0,43.0,0.0,0.0,1.0,8.0,1.0,7.0,0.0,89.0,991.0,155.0,123.0
Stanly-37167ABSENTEE,0.0,0.0,0.0,0.0,18.0,0.0,1.0,11.0,0.0,0.0,0.0,0.0,0.0,0.0,0.0,0.0,0.0,0.0,0.0,2.0,2.0,0.0,24.0,0.0,0.0,0.0,3.0,0.0,15.0,0.0,39.0,0.0,85.0,30.0
Stanly-37167ABSENTEE ADDTNL,0.0,0.0,0.0,0.0,3.0,0.0,0.0,1.0,0.0,0.0,0.0,0.0,0.0,0.0,0.0,0.0,0.0,0.0,0.0,0.0,0.0,0.0,11.0,0.0,0.0,0.0,2.0,0.0,0.0,0.0,9.0,0.0,22.0,4.0
Stanly-37167OS-BOE,0.0,0.0,0.0,0.0,468.0,3.0,15.0,334.0,0.0,0.0,0.0,2.0,0.0,0.0,0.0,0.0,0.0,0.0,0.0,9.0,40.0,4.0,579.0,1.0,1.0,8.0,187.0,12.0,171.0,2.0,1002.0,0.0,2016.0,820.0
Stanly-37167OS-LOC,0.0,0.0,0.0,0.0,59.0,2.0,5.0,81.0,0.0,0.0,0.0,0.0,0.0,0.0,0.0,0.0,0.0,0.0,0.0,6.0,13.0,3.0,242.0,0.0,0.0,3.0,51.0,0.0,63.0,0.0,405.0,0.0,786.0,147.0
Stanly-37167OS-NL,0.0,0.0,0.0,0.0,48.0,0.0,3.0,52.0,0.0,0.0,0.0,0.0,0.0,0.0,0.0,0.0,0.0,0.0,0.0,1.0,4.0,0.0,74.0,0.0,0.0,1.0,16.0,0.0,19.0,0.0,171.0,0.0,286.0,103.0
Stanly-37167OS-NOR,0.0,0.0,0.0,0.0,63.0,1.0,1.0,41.0,0.0,0.0,0.0,1.0,0.0,0.0,0.0,0.0,0.0,0.0,0.0,3.0,4.0,0.0,77.0,2.0,0.0,2.0,23.0,0.0,19.0,0.0,136.0,0.0,266.0,106.0
Stokes-3716901,37.0,0.0,10.0,221.0,27.0,0.0,2.0,27.0,0.0,1.0,0.0,2.0,0.0,0.0,0.0,0.0,0.0,0.0,0.0,1.0,0.0,0.0,65.0,0.0,0.0,1.0,9.0,1.0,12.0,0.0,114.0,268.0,203.0,56.0
Stokes-3716902,144.0,0.0,20.0,658.0,61.0,1.0,4.0,70.0,0.0,0.0,0.0,1.0,0.0,0.0,0.0,0.0,0.0,0.0,0.0,2.0,1.0,0.0,153.0,0.0,0.0,0.0,15.0,0.0,14.0,0.0,164.0,822.0,349.0,136.0
Stokes-3716903,54.0,0.0,7.0,528.0,33.0,0.0,2.0,39.0,0.0,0.0,0.0,0.0,0.0,0.0,0.0,0.0,0.0,0.0,0.0,1.0,4.0,0.0,143.0,0.0,0.0,4.0,12.0,0.0,9.0,0.0,179.0,589.0,352.0,74.0
Stokes-3716904,78.0,0.0,17.0,413.0,51.0,0.0,2.0,44.0,0.0,0.0,0.0,0.0,0.0,0.0,0.0,0.0,0.0,0.0,0.0,0.0,1.0,0.0,202.0,0.0,0.0,0.0,31.0,2.0,9.0,0.0,167.0,508.0,412.0,97.0
Stokes-3716905,78.0,2.0,9.0,291.0,26.0,0.0,0.0,26.0,0.0,0.0,0.0,0.0,0.0,0.0,0.0,0.0,0.0,0.0,0.0,3.0,0.0,0.0,60.0,0.0,0.0,1.0,13.0,1.0,5.0,0.0,88.0,380.0,171.0,52.0
Stokes-3716906,55.0,0.0,5.0,276.0,25.0,0.0,0.0,25.0,0.0,0.0,0.0,0.0,0.0,0.0,0.0,0.0,0.0,0.0,0.0,0.0,1.0,0.0,76.0,0.0,0.0,0.0,5.0,0.0,2.0,0.0,72.0,336.0,156.0,50.0
Stokes-3716907,66.0,0.0,7.0,194.0,19.0,1.0,0.0,20.0,0.0,0.0,0.0,0.0,0.0,1.0,0.0,0.0,0.0,0.0,0.0,0.0,0.0,0.0,39.0,0.0,0.0,0.0,11.0,1.0,6.0,0.0,81.0,267.0,138.0,40.0
Stokes-3716908,70.0,2.0,18.0,438.0,41.0,0.0,3.0,46.0,0.0,0.0,0.0,0.0,0.0,0.0,0.0,0.0,0.0,0.0,0.0,1.0,2.0,0.0,120.0,0.0,0.0,1.0,17.0,0.0,5.0,0.0,155.0,528.0,301.0,90.0
Stokes-3716909,151.0,0.0,24.0,571.0,83.0,3.0,2.0,74.0,0.0,1.0,0.0,1.0,0.0,0.0,0.0,0.0,0.0,0.0,0.0,0.0,3.0,0.0,131.0,0.0,0.0,1.0,30.0,1.0,10.0,0.0,223.0,746.0,399.0,162.0
Stokes-3716910,102.0,0.0,16.0,545.0,98.0,2.0,1.0,73.0,0.0,1.0,0.0,2.0,0.0,0.0,0.0,0.0,0.0,0.0,0.0,2.0,8.0,1.0,310.0,0.0,0.0,0.0,53.0,1.0,28.0,0.0,253.0,663.0,656.0,174.0
Stokes-3716911,118.0,0.0,31.0,572.0,83.0,1.0,2.0,106.0,0.0,0.0,0.0,1.0,0.0,0.0,0.0,0.0,0.0,0.0,0.0,1.0,3.0,0.0,307.0,0.0,0.0,1.0,46.0,2.0,16.0,0.0,289.0,721.0,665.0,192.0
Stokes-3716912,96.0,0.0,18.0,559.0,44.0,0.0,2.0,49.0,0.0,0.0,0.0,0.0,0.0,0.0,0.0,0.0,0.0,0.0,0.0,0.0,4.0,0.0,167.0,0.0,0.0,7.0,26.0,1.0,8.0,0.0,198.0,673.0,411.0,95.0
Stokes-3716913,68.0,0.0,19.0,481.0,42.0,0.0,0.0,47.0,0.0,0.0,0.0,0.0,0.0,0.0,0.0,0.0,0.0,0.0,0.0,2.0,4.0,0.0,156.0,0.0,0.0,3.0,35.0,1.0,4.0,0.0,163.0,568.0,368.0,89.0
Stokes-3716914,104.0,0.0,19.0,558.0,78.0,2.0,1.0,74.0,0.0,0.0,0.0,0.0,0.0,0.0,0.0,0.0,0.0,0.0,0.0,1.0,1.0,0.0,192.0,0.0,0.0,4.0,21.0,0.0,12.0,0.0,198.0,681.0,429.0,155.0
Stokes-3716915,85.0,0.0,12.0,381.0,44.0,0.0,1.0,50.0,0.0,0.0,0.0,0.0,0.0,0.0,0.0,0.0,0.0,0.0,0.0,1.0,2.0,0.0,143.0,1.0,0.0,0.0,12.0,2.0,9.0,0.0,162.0,478.0,332.0,95.0
Stokes-3716916,147.0,1.0,11.0,231.0,90.0,0.0,2.0,51.0,0.0,0.0,0.0,0.0,0.0,0.0,0.0,0.0,0.0,0.0,0.0,0.0,2.0,1.0,100.0,0.0,0.0,0.0,21.0,0.0,5.0,0.0,88.0,390.0,217.0,143.0
Stokes-3716917,79.0,2.0,13.0,273.0,72.0,0.0,3.0,61.0,0.0,0.0,0.0,0.0,0.0,0.0,0.0,1.0,0.0,0.0,0.0,2.0,2.0,0.0,144.0,0.0,0.0,2.0,15.0,2.0,9.0,0.0,125.0,367.0,301.0,136.0
Stokes-3716918,91.0,0.0,3.0,83.0,51.0,0.0,0.0,12.0,0.0,0.0,0.0,0.0,0.0,0.0,0.0,0.0,0.0,0.0,0.0,0.0,0.0,0.0,16.0,0.0,0.0,0.0,4.0,1.0,6.0,0.0,24.0,177.0,51.0,63.0
Stokes-3716919,68.0,0.0,4.0,308.0,42.0,0.0,2.0,43.0,0.0,0.0,0.0,0.0,0.0,0.0,0.0,0.0,0.0,0.0,0.0,1.0,0.0,0.0,89.0,1.0,0.0,0.0,10.0,1.0,9.0,0.0,68.0,380.0,179.0,87.0
Stokes-3716920,106.0,0.0,11.0,500.0,42.0,2.0,0.0,58.0,0.0,0.0,0.0,0.0,0.0,0.0,0.0,0.0,0.0,0.0,0.0,0.0,2.0,0.0,101.0,0.0,1.0,0.0,10.0,0.0,16.0,0.0,135.0,617.0,265.0,102.0
Stokes-37169ABSENTEE,153.0,0.0,25.0,568.0,19.0,0.0,0.0,14.0,0.0,0.0,0.0,0.0,0.0,0.0,0.0,0.0,0.0,0.0,0.0,0.0,4.0,0.0,40.0,0.0,0.0,0.0,12.0,0.0,14.0,0.0,58.0,746.0,128.0,33.0
Stokes-37169OS DANBURY,582.0,1.0,42.0,1572.0,59.0,0.0,4.0,70.0,0.0,0.0,0.0,0.0,0.0,0.0,0.0,0.0,0.0,0.0,0.0,1.0,10.0,1.0,144.0,0.0,0.0,2.0,24.0,0.0,30.0,0.0,193.0,2197.0,405.0,133.0
Stokes-37169OS KING,1241.0,12.0,163.0,4764.0,167.0,0.0,2.0,172.0,0.0,0.0,0.0,1.0,0.0,0.0,0.0,0.0,0.0,0.0,0.0,0.0,10.0,1.0,344.0,3.0,0.0,1.0,69.0,1.0,66.0,2.0,394.0,6180.0,891.0,341.0
Stokes-37169OS WALNUT COVE,881.0,5.0,61.0,2030.0,0.0,0.0,0.0,0.0,0.0,0.0,0.0,0.0,0.0,0.0,0.0,0.0,0.0,0.0,0.0,0.0,0.0,0.0,0.0,0.0,0.0,0.0,0.0,0.0,0.0,0.0,0.0,2977.0,0.0,0.0
Stokes-37169OS WC,0.0,0.0,0.0,0.0,140.0,0.0,2.0,71.0,0.0,0.0,0.0,0.0,0.0,0.0,0.0,0.0,0.0,0.0,0.0,2.0,1.0,1.0,139.0,0.0,0.0,1.0,16.0,0.0,22.0,1.0,186.0,0.0,369.0,213.0
Surry-3717101,213.0,2.0,22.0,1018.0,91.0,0.0,5.0,81.0,0.0,0.0,0.0,1.0,0.0,0.0,0.0,0.0,0.0,0.0,0.0,3.0,1.0,1.0,181.0,0.0,0.0,2.0,25.0,0.0,11.0,1.0,207.0,1255.0,432.0,177.0
Surry-3717102,134.0,3.0,15.0,240.0,57.0,0.0,3.0,51.0,0.0,0.0,0.0,2.0,0.0,0.0,0.0,0.0,0.0,0.0,0.0,0.0,2.0,0.0,44.0,0.0,0.0,0.0,5.0,0.0,9.0,0.0,33.0,392.0,93.0,111.0
Surry-3717103,332.0,0.0,43.0,1152.0,125.0,5.0,12.0,105.0,0.0,1.0,0.0,0.0,0.0,0.0,0.0,0.0,0.0,0.0,0.0,1.0,4.0,0.0,158.0,0.0,0.0,2.0,33.0,0.0,17.0,1.0,143.0,1527.0,359.0,247.0
Surry-3717104,310.0,0.0,31.0,978.0,143.0,0.0,4.0,117.0,0.0,0.0,0.0,0.0,0.0,0.0,0.0,0.0,0.0,0.0,0.0,1.0,1.0,1.0,164.0,0.0,1.0,0.0,40.0,1.0,19.0,0.0,173.0,1319.0,401.0,264.0
Surry-3717105,182.0,1.0,28.0,1382.0,59.0,3.0,10.0,63.0,0.0,0.0,0.0,0.0,0.0,0.0,0.0,0.0,0.0,0.0,0.0,2.0,1.0,0.0,247.0,0.0,0.0,0.0,34.0,0.0,22.0,0.0,278.0,1593.0,584.0,135.0
Surry-3717106,344.0,6.0,28.0,489.0,111.0,0.0,2.0,116.0,0.0,0.0,0.0,1.0,0.0,0.0,0.0,0.0,0.0,0.0,0.0,1.0,2.0,0.0,131.0,1.0,0.0,0.0,31.0,1.0,10.0,0.0,94.0,867.0,271.0,229.0
Surry-3717107,269.0,0.0,23.0,424.0,92.0,0.0,2.0,74.0,0.0,0.0,0.0,0.0,0.0,0.0,0.0,0.0,0.0,0.0,0.0,1.0,0.0,2.0,81.0,0.0,0.0,0.0,43.0,0.0,14.0,0.0,71.0,716.0,212.0,168.0
Surry-3717108,231.0,0.0,30.0,864.0,78.0,2.0,6.0,67.0,0.0,0.0,0.0,0.0,0.0,0.0,0.0,0.0,0.0,0.0,0.0,0.0,7.0,0.0,184.0,1.0,0.0,1.0,36.0,1.0,13.0,0.0,157.0,1125.0,400.0,153.0
Surry-3717109,158.0,1.0,26.0,661.0,43.0,2.0,0.0,59.0,0.0,0.0,0.0,0.0,0.0,0.0,0.0,0.0,0.0,0.0,0.0,1.0,1.0,0.0,94.0,0.0,1.0,1.0,27.0,3.0,13.0,1.0,123.0,846.0,265.0,104.0
Surry-3717110,96.0,2.0,16.0,629.0,19.0,0.0,3.0,37.0,0.0,0.0,0.0,0.0,0.0,0.0,0.0,1.0,0.0,0.0,0.0,4.0,2.0,1.0,139.0,0.0,0.0,1.0,18.0,1.0,16.0,0.0,123.0,743.0,305.0,59.0
Surry-3717111,208.0,0.0,24.0,584.0,45.0,0.0,2.0,67.0,0.0,0.0,0.0,0.0,0.0,0.0,0.0,0.0,0.0,0.0,0.0,1.0,1.0,0.0,71.0,1.0,0.0,1.0,15.0,0.0,10.0,0.0,131.0,816.0,231.0,114.0
Surry-3717112,431.0,7.0,27.0,792.0,139.0,0.0,5.0,94.0,0.0,0.0,0.0,1.0,0.0,0.0,0.0,0.0,0.0,0.0,0.0,3.0,5.0,0.0,115.0,0.0,0.0,0.0,22.0,0.0,12.0,0.0,159.0,1257.0,316.0,238.0
Surry-3717113,318.0,2.0,12.0,516.0,98.0,0.0,4.0,64.0,0.0,0.0,0.0,1.0,0.0,0.0,0.0,0.0,0.0,0.0,0.0,3.0,1.0,0.0,93.0,0.0,0.0,0.0,44.0,1.0,19.0,1.0,94.0,848.0,256.0,166.0
Surry-3717114,363.0,2.0,33.0,705.0,138.0,0.0,3.0,72.0,0.0,0.0,0.0,1.0,0.0,0.0,0.0,0.0,0.0,0.0,0.0,3.0,2.0,2.0,155.0,0.0,0.0,0.0,75.0,1.0,18.0,0.0,154.0,1103.0,410.0,213.0
Surry-3717115,286.0,5.0,19.0,819.0,81.0,0.0,0.0,68.0,0.0,0.0,0.0,1.0,0.0,0.0,0.0,0.0,0.0,0.0,0.0,1.0,0.0,0.0,80.0,1.0,0.0,1.0,9.0,2.0,8.0,0.0,164.0,1129.0,266.0,149.0
Surry-3717116,158.0,0.0,29.0,702.0,35.0,0.0,0.0,55.0,0.0,0.0,0.0,0.0,0.0,0.0,0.0,1.0,0.0,0.0,0.0,2.0,1.0,1.0,137.0,0.0,0.0,0.0,22.0,0.0,12.0,0.0,114.0,889.0,289.0,90.0
Surry-3717117,149.0,1.0,18.0,560.0,42.0,1.0,1.0,53.0,0.0,0.0,0.0,0.0,0.0,0.0,0.0,0.0,0.0,0.0,0.0,0.0,2.0,0.0,91.0,1.0,0.0,0.0,12.0,0.0,9.0,0.0,110.0,728.0,225.0,97.0
Surry-3717118,266.0,2.0,34.0,1059.0,88.0,1.0,5.0,109.0,0.0,0.0,0.0,1.0,0.0,0.0,0.0,0.0,0.0,0.0,0.0,0.0,4.0,0.0,188.0,0.0,0.0,0.0,24.0,1.0,24.0,0.0,191.0,1361.0,432.0,203.0
Surry-3717119,372.0,1.0,34.0,1041.0,119.0,2.0,3.0,98.0,0.0,0.0,0.0,1.0,0.0,0.0,0.0,0.0,0.0,0.0,0.0,2.0,1.0,0.0,138.0,0.0,0.0,1.0,24.0,1.0,18.0,1.0,212.0,1448.0,398.0,222.0
Surry-3717120,216.0,0.0,18.0,431.0,66.0,0.0,4.0,49.0,0.0,0.0,0.0,2.0,0.0,0.0,0.0,0.0,0.0,0.0,0.0,0.0,2.0,3.0,80.0,1.0,0.0,0.0,26.0,0.0,12.0,0.0,99.0,665.0,223.0,119.0
Surry-3717121,289.0,1.0,19.0,1063.0,111.0,0.0,5.0,109.0,0.0,0.0,0.0,1.0,0.0,0.0,0.0,0.0,0.0,0.0,0.0,1.0,0.0,1.0,226.0,0.0,0.0,3.0,47.0,0.0,41.0,1.0,187.0,1372.0,507.0,225.0
Surry-3717122,160.0,0.0,14.0,608.0,73.0,3.0,4.0,56.0,0.0,0.0,0.0,0.0,0.0,0.0,0.0,0.0,0.0,0.0,0.0,0.0,3.0,1.0,127.0,1.0,0.0,1.0,11.0,0.0,6.0,0.0,85.0,782.0,235.0,136.0
Surry-3717123,182.0,2.0,29.0,687.0,61.0,1.0,4.0,83.0,0.0,0.0,0.0,0.0,0.0,0.0,0.0,0.0,0.0,0.0,0.0,0.0,3.0,0.0,153.0,0.0,1.0,0.0,31.0,0.0,12.0,0.0,116.0,900.0,316.0,149.0
Surry-3717124,97.0,0.0,12.0,445.0,41.0,1.0,3.0,34.0,0.0,0.0,0.0,0.0,0.0,0.0,0.0,0.0,0.0,0.0,0.0,0.0,3.0,0.0,80.0,0.0,0.0,0.0,9.0,2.0,12.0,0.0,78.0,554.0,184.0,79.0
Surry-3717125,224.0,2.0,31.0,946.0,86.0,0.0,4.0,85.0,0.0,0.0,0.0,0.0,0.0,0.0,0.0,0.0,0.0,0.0,0.0,0.0,1.0,0.0,136.0,0.0,0.0,1.0,9.0,1.0,20.0,0.0,165.0,1203.0,333.0,175.0
Surry-3717126,311.0,1.0,25.0,1321.0,106.0,3.0,2.0,97.0,0.0,0.0,0.0,0.0,0.0,0.0,0.0,0.0,0.0,0.0,0.0,4.0,2.0,0.0,184.0,0.0,0.0,0.0,22.0,0.0,20.0,3.0,250.0,1658.0,485.0,208.0
Surry-3717127,181.0,1.0,15.0,799.0,62.0,2.0,2.0,68.0,0.0,0.0,0.0,1.0,0.0,0.0,0.0,0.0,0.0,0.0,0.0,3.0,0.0,0.0,126.0,0.0,0.0,2.0,14.0,0.0,10.0,0.0,180.0,996.0,335.0,134.0
Surry-3717128,174.0,3.0,18.0,673.0,52.0,1.0,2.0,57.0,0.0,0.0,0.0,0.0,0.0,0.0,0.0,0.0,0.0,0.0,0.0,2.0,3.0,1.0,119.0,0.0,0.0,0.0,15.0,1.0,8.0,0.0,116.0,868.0,265.0,112.0
Surry-3717133,278.0,1.0,17.0,557.0,98.0,1.0,5.0,91.0,0.0,0.0,0.0,0.0,0.0,0.0,0.0,0.0,0.0,0.0,0.0,1.0,3.0,1.0,98.0,0.0,0.0,1.0,39.0,0.0,29.0,1.0,141.0,853.0,314.0,195.0
Surry-37171ABSENTEE,373.0,2.0,33.0,1106.0,63.0,2.0,6.0,41.0,0.0,0.0,0.0,0.0,0.0,0.0,0.0,0.0,0.0,0.0,0.0,3.0,3.0,0.0,68.0,0.0,0.0,2.0,18.0,0.0,27.0,0.0,109.0,1514.0,230.0,112.0
Swain-37173ALARKA,163.0,6.0,11.0,387.0,60.0,3.0,6.0,83.0,0.0,0.0,0.0,0.0,0.0,0.0,0.0,0.0,0.0,0.0,0.0,2.0,1.0,0.0,47.0,0.0,0.0,2.0,2.0,0.0,11.0,0.0,67.0,567.0,132.0,152.0
Swain-37173ALMOND,282.0,9.0,34.0,572.0,81.0,0.0,4.0,128.0,0.0,0.0,0.0,0.0,0.0,0.0,0.0,0.0,0.0,0.0,0.0,1.0,2.0,0.0,100.0,0.0,0.0,0.0,44.0,2.0,11.0,0.0,125.0,897.0,285.0,213.0
Swain-37173BC1,445.0,0.0,67.0,987.0,172.0,3.0,5.0,192.0,0.0,1.0,0.0,0.0,0.0,0.0,0.0,0.0,0.0,0.0,0.0,1.0,6.0,0.0,109.0,0.0,0.0,2.0,33.0,1.0,26.0,0.0,180.0,1499.0,358.0,372.0
Swain-37173BC2,526.0,5.0,36.0,937.0,197.0,5.0,14.0,216.0,0.0,1.0,0.0,1.0,0.0,0.0,0.0,0.0,0.0,0.0,0.0,2.0,4.0,1.0,95.0,0.0,0.0,1.0,22.0,0.0,31.0,0.0,142.0,1504.0,298.0,432.0
Swain-37173WHCH,780.0,9.0,92.0,682.0,160.0,2.0,7.0,220.0,0.0,0.0,0.0,0.0,0.0,0.0,0.0,1.0,0.0,0.0,0.0,1.0,7.0,0.0,100.0,0.0,0.0,1.0,31.0,0.0,38.0,0.0,109.0,1563.0,287.0,389.0
Transylvania-37175B1,718.0,2.0,39.0,520.0,169.0,0.0,1.0,229.0,0.0,0.0,0.0,0.0,0.0,0.0,0.0,0.0,0.0,0.0,0.0,1.0,12.0,1.0,96.0,1.0,1.0,1.0,89.0,1.0,36.0,0.0,82.0,1279.0,321.0,399.0
Transylvania-37175B2,578.0,8.0,31.0,422.0,152.0,1.0,4.0,127.0,0.0,0.0,0.0,0.0,0.0,0.0,0.0,0.0,0.0,0.0,0.0,1.0,5.0,0.0,77.0,1.0,0.0,1.0,55.0,2.0,17.0,0.0,77.0,1039.0,236.0,284.0
Transylvania-37175B3,659.0,8.0,61.0,669.0,209.0,2.0,3.0,187.0,0.0,0.0,0.0,1.0,0.0,0.0,0.0,0.0,0.0,0.0,0.0,3.0,3.0,1.0,125.0,0.0,1.0,0.0,109.0,1.0,47.0,0.0,125.0,1397.0,415.0,401.0
Transylvania-37175B4,602.0,11.0,44.0,454.0,160.0,0.0,2.0,187.0,0.0,0.0,0.0,0.0,0.0,0.0,0.0,0.0,0.0,0.0,0.0,4.0,8.0,0.0,91.0,0.0,0.0,2.0,91.0,1.0,30.0,0.0,68.0,1111.0,295.0,349.0
Transylvania-37175BD,559.0,6.0,51.0,1196.0,130.0,1.0,9.0,189.0,0.0,0.0,0.0,0.0,0.0,1.0,0.0,0.0,0.0,1.0,0.0,1.0,11.0,1.0,230.0,0.0,0.0,1.0,54.0,2.0,31.0,0.0,167.0,1812.0,498.0,329.0
Transylvania-37175CC,443.0,6.0,49.0,1160.0,120.0,3.0,6.0,154.0,0.0,0.0,0.0,3.0,0.0,0.0,0.0,0.0,0.0,0.0,0.0,2.0,0.0,0.0,216.0,0.0,0.0,2.0,83.0,0.0,40.0,0.0,196.0,1658.0,539.0,283.0
Transylvania-37175CM,244.0,4.0,16.0,310.0,76.0,0.0,1.0,63.0,0.0,0.0,0.0,0.0,0.0,0.0,0.0,0.0,0.0,0.0,0.0,0.0,0.0,0.0,66.0,0.0,0.0,0.0,24.0,1.0,14.0,0.0,57.0,574.0,162.0,140.0
Transylvania-37175DR,793.0,8.0,32.0,950.0,251.0,0.0,3.0,203.0,0.0,0.0,0.0,1.0,0.0,0.0,0.0,0.0,0.0,0.0,0.0,4.0,4.0,1.0,197.0,1.0,0.0,0.0,169.0,0.0,69.0,0.0,222.0,1783.0,667.0,457.0
Transylvania-37175EF,275.0,6.0,22.0,412.0,67.0,2.0,2.0,84.0,0.0,0.0,0.0,0.0,0.0,0.0,0.0,0.0,0.0,0.0,0.0,1.0,2.0,1.0,95.0,0.0,0.0,0.0,55.0,0.0,15.0,0.0,97.0,715.0,266.0,155.0
Transylvania-37175LR,348.0,3.0,32.0,775.0,85.0,0.0,2.0,115.0,0.0,0.0,0.0,1.0,0.0,1.0,0.0,0.0,0.0,0.0,1.0,0.0,7.0,1.0,181.0,1.0,0.0,5.0,65.0,0.0,34.0,1.0,148.0,1158.0,443.0,202.0
Transylvania-37175PF,279.0,3.0,25.0,550.0,75.0,0.0,3.0,93.0,0.0,0.0,0.0,1.0,0.0,0.0,0.0,0.0,0.0,0.0,0.0,1.0,3.0,2.0,114.0,0.0,0.0,0.0,23.0,1.0,23.0,0.0,76.0,857.0,243.0,171.0
Transylvania-37175RE,231.0,4.0,29.0,1022.0,65.0,0.0,4.0,85.0,0.0,0.0,0.0,0.0,0.0,0.0,0.0,0.0,0.0,0.0,0.0,2.0,2.0,0.0,256.0,0.0,0.0,0.0,33.0,2.0,32.0,0.0,185.0,1286.0,512.0,154.0
Transylvania-37175TC1,71.0,2.0,5.0,523.0,17.0,0.0,0.0,31.0,0.0,0.0,0.0,0.0,0.0,0.0,0.0,0.0,0.0,0.0,0.0,0.0,7.0,0.0,98.0,0.0,0.0,1.0,23.0,0.0,7.0,0.0,113.0,601.0,249.0,48.0
Transylvania-37175TC7,260.0,3.0,23.0,858.0,87.0,3.0,6.0,77.0,0.0,0.0,0.0,0.0,0.0,0.0,0.0,0.0,0.0,0.0,0.0,4.0,8.0,1.0,176.0,0.0,0.0,2.0,48.0,0.0,29.0,0.0,187.0,1144.0,455.0,173.0
Transylvania-37175WC,498.0,8.0,30.0,699.0,155.0,1.0,1.0,154.0,0.0,0.0,0.0,1.0,0.0,0.0,0.0,0.0,0.0,0.0,0.0,2.0,14.0,0.0,143.0,0.0,0.0,2.0,132.0,1.0,44.0,1.0,154.0,1235.0,493.0,311.0
Tyrrell-371771,100.0,2.0,1.0,10.0,34.0,0.0,0.0,15.0,0.0,0.0,0.0,0.0,0.0,0.0,0.0,0.0,0.0,0.0,0.0,0.0,0.0,0.0,0.0,0.0,0.0,0.0,0.0,0.0,0.0,0.0,1.0,113.0,1.0,49.0
Tyrrell-3717714,3.0,0.0,1.0,34.0,0.0,0.0,0.0,7.0,0.0,0.0,0.0,0.0,0.0,0.0,0.0,0.0,0.0,0.0,0.0,0.0,0.0,0.0,4.0,0.0,0.0,1.0,1.0,0.0,2.0,0.0,1.0,38.0,9.0,7.0
Tyrrell-3717715,75.0,0.0,0.0,74.0,44.0,0.0,1.0,19.0,0.0,0.0,0.0,0.0,0.0,0.0,0.0,0.0,0.0,0.0,0.0,0.0,0.0,0.0,14.0,1.0,0.0,0.0,6.0,0.0,1.0,0.0,18.0,149.0,40.0,64.0
Tyrrell-3717716,1.0,0.0,0.0,14.0,2.0,0.0,1.0,3.0,0.0,0.0,0.0,0.0,0.0,0.0,0.0,0.0,0.0,0.0,0.0,0.0,0.0,0.0,2.0,0.0,0.0,0.0,0.0,0.0,0.0,0.0,2.0,15.0,4.0,6.0
Tyrrell-371772,155.0,1.0,7.0,199.0,87.0,1.0,6.0,81.0,0.0,1.0,0.0,0.0,0.0,0.0,0.0,0.0,0.0,0.0,0.0,0.0,3.0,0.0,43.0,0.0,0.0,1.0,10.0,0.0,10.0,0.0,53.0,362.0,120.0,175.0
Tyrrell-371773,35.0,0.0,3.0,59.0,19.0,1.0,1.0,6.0,0.0,0.0,0.0,0.0,0.0,0.0,0.0,0.0,0.0,0.0,0.0,0.0,1.0,0.0,8.0,0.0,0.0,1.0,3.0,0.0,0.0,0.0,10.0,97.0,23.0,27.0
Tyrrell-37177ABSENTEE,13.0,0.0,0.0,16.0,1.0,1.0,0.0,0.0,0.0,0.0,0.0,0.0,0.0,0.0,0.0,0.0,0.0,0.0,0.0,0.0,0.0,0.0,0.0,0.0,0.0,0.0,1.0,0.0,2.0,0.0,3.0,29.0,6.0,2.0
Tyrrell-37177ONE STOP,325.0,2.0,15.0,564.0,79.0,0.0,6.0,66.0,0.0,0.0,0.0,0.0,0.0,0.0,0.0,0.0,0.0,0.0,0.0,0.0,1.0,0.0,42.0,0.0,0.0,0.0,5.0,1.0,12.0,0.0,53.0,906.0,114.0,151.0
Union-37179001,445.0,1.0,10.0,188.0,74.0,0.0,1.0,46.0,0.0,0.0,0.0,0.0,0.0,0.0,0.0,0.0,0.0,0.0,0.0,1.0,0.0,0.0,26.0,0.0,0.0,0.0,3.0,0.0,6.0,0.0,36.0,644.0,72.0,121.0
Union-37179002,765.0,1.0,30.0,376.0,200.0,1.0,5.0,87.0,0.0,0.0,0.0,1.0,0.0,0.0,0.0,0.0,0.0,0.0,0.0,0.0,3.0,2.0,77.0,0.0,0.0,1.0,17.0,0.0,23.0,1.0,68.0,1172.0,192.0,293.0
Union-37179003,406.0,2.0,18.0,309.0,112.0,2.0,1.0,79.0,0.0,0.0,0.0,0.0,0.0,0.0,0.0,0.0,0.0,0.0,0.0,1.0,2.0,0.0,53.0,0.0,0.0,1.0,11.0,0.0,13.0,0.0,63.0,735.0,144.0,194.0
Union-37179004,690.0,1.0,18.0,145.0,208.0,1.0,0.0,55.0,0.0,0.0,0.0,0.0,0.0,0.0,0.0,0.0,0.0,0.0,0.0,0.0,0.0,1.0,12.0,0.0,0.0,0.0,3.0,1.0,3.0,0.0,26.0,854.0,46.0,264.0
Union-37179005,713.0,10.0,56.0,1290.0,165.0,0.0,0.0,138.0,0.0,0.0,0.0,0.0,0.0,0.0,0.0,0.0,0.0,0.0,0.0,3.0,9.0,1.0,216.0,0.0,0.0,0.0,47.0,2.0,41.0,1.0,225.0,2069.0,545.0,303.0
Union-37179006,281.0,1.0,24.0,1018.0,74.0,1.0,4.0,57.0,0.0,0.0,0.0,0.0,0.0,0.0,0.0,0.0,0.0,0.0,1.0,0.0,5.0,0.0,168.0,1.0,0.0,3.0,18.0,1.0,25.0,0.0,202.0,1324.0,423.0,136.0
Union-37179007,806.0,0.0,72.0,1540.0,193.0,1.0,0.0,126.0,0.0,0.0,0.0,1.0,0.0,0.0,0.0,0.0,0.0,0.0,0.0,0.0,9.0,0.0,228.0,0.0,0.0,1.0,61.0,2.0,18.0,0.0,328.0,2418.0,647.0,320.0
Union-37179008,984.0,14.0,62.0,615.0,247.0,3.0,1.0,125.0,0.0,0.0,0.0,2.0,0.0,0.0,0.0,0.0,0.0,0.0,1.0,1.0,3.0,2.0,99.0,0.0,0.0,2.0,22.0,0.0,21.0,1.0,131.0,1675.0,282.0,376.0
Union-37179009,635.0,0.0,14.0,362.0,151.0,0.0,1.0,45.0,0.0,0.0,0.0,0.0,0.0,0.0,0.0,0.0,0.0,0.0,0.0,0.0,3.0,0.0,54.0,0.0,0.0,4.0,12.0,0.0,8.0,0.0,66.0,1011.0,147.0,197.0
Union-37179010,580.0,0.0,28.0,244.0,189.0,0.0,0.0,62.0,0.0,0.0,0.0,1.0,0.0,0.0,0.0,0.0,0.0,0.0,0.0,0.0,2.0,1.0,44.0,0.0,0.0,0.0,19.0,0.0,11.0,0.0,50.0,852.0,127.0,251.0
Union-37179011,235.0,0.0,32.0,1628.0,54.0,1.0,2.0,73.0,0.0,0.0,0.0,1.0,0.0,0.0,0.0,0.0,0.0,0.0,0.0,2.0,9.0,1.0,273.0,0.0,0.0,1.0,32.0,1.0,24.0,0.0,321.0,1895.0,664.0,130.0
Union-37179012,205.0,0.0,32.0,1558.0,54.0,0.0,2.0,77.0,0.0,0.0,0.0,0.0,0.0,0.0,0.0,0.0,0.0,0.0,0.0,1.0,6.0,0.0,307.0,0.0,0.0,2.0,35.0,1.0,33.0,1.0,329.0,1795.0,715.0,133.0
Union-37179013,231.0,0.0,41.0,1749.0,47.0,0.0,4.0,73.0,0.0,0.0,0.0,0.0,0.0,1.0,0.0,0.0,0.0,0.0,0.0,2.0,7.0,3.0,313.0,0.0,0.0,3.0,53.0,1.0,39.0,2.0,343.0,2021.0,766.0,124.0
Union-37179014,274.0,3.0,29.0,642.0,53.0,0.0,1.0,68.0,0.0,0.0,0.0,0.0,0.0,0.0,0.0,0.0,0.0,0.0,0.0,0.0,6.0,0.0,111.0,0.0,0.0,0.0,19.0,1.0,11.0,0.0,105.0,948.0,253.0,122.0
Union-37179015,1122.0,3.0,104.0,1846.0,239.0,1.0,2.0,196.0,0.0,0.0,0.0,0.0,0.0,0.0,0.0,0.0,0.0,0.0,0.0,3.0,9.0,1.0,392.0,0.0,0.0,0.0,131.0,1.0,88.0,2.0,297.0,3075.0,924.0,438.0
Union-37179016,1038.0,7.0,125.0,2327.0,199.0,2.0,1.0,219.0,0.0,0.0,0.0,0.0,0.0,0.0,0.0,0.0,0.0,0.0,0.0,3.0,8.0,0.0,410.0,1.0,1.0,3.0,88.0,0.0,68.0,0.0,400.0,3497.0,982.0,421.0
Union-37179017A,704.0,5.0,73.0,1509.0,128.0,1.0,1.0,136.0,0.0,0.0,0.0,3.0,0.0,0.0,0.0,0.0,0.0,0.0,0.0,0.0,8.0,0.0,320.0,0.0,0.0,1.0,74.0,2.0,65.0,1.0,293.0,2291.0,764.0,266.0
Union-37179017B,952.0,3.0,114.0,2055.0,202.0,0.0,2.0,123.0,0.0,0.0,0.0,2.0,0.0,0.0,0.0,0.0,1.0,0.0,0.0,1.0,8.0,0.0,362.0,3.0,0.0,4.0,178.0,3.0,124.0,1.0,450.0,3124.0,1134.0,327.0
Union-37179018,564.0,2.0,68.0,1346.0,131.0,0.0,1.0,83.0,0.0,0.0,0.0,1.0,0.0,0.0,0.0,0.0,0.0,0.0,0.0,2.0,3.0,0.0,279.0,2.0,0.0,0.0,158.0,1.0,70.0,1.0,283.0,1980.0,799.0,215.0
Union-37179019,1144.0,1.0,140.0,2529.0,212.0,0.0,5.0,174.0,0.0,1.0,0.0,6.0,0.0,1.0,0.0,1.0,0.0,0.0,0.0,2.0,13.0,1.0,511.0,0.0,0.0,3.0,115.0,0.0,110.0,1.0,465.0,3814.0,1221.0,391.0
Union-37179020A,1128.0,6.0,126.0,1560.0,218.0,0.0,5.0,176.0,0.0,0.0,0.0,2.0,0.0,0.0,0.0,0.0,0.0,0.0,0.0,2.0,6.0,3.0,323.0,0.0,0.0,1.0,79.0,1.0,61.0,1.0,286.0,2820.0,763.0,399.0
Union-37179020B,841.0,8.0,97.0,1957.0,167.0,0.0,1.0,133.0,0.0,0.0,0.0,3.0,0.0,0.0,0.0,0.0,0.0,0.0,0.0,4.0,7.0,3.0,319.0,1.0,0.0,2.0,156.0,2.0,83.0,0.0,359.0,2903.0,936.0,301.0
Union-37179021,328.0,3.0,57.0,1335.0,82.0,0.0,1.0,61.0,0.0,0.0,0.0,2.0,0.0,0.0,0.0,0.0,0.0,0.0,0.0,3.0,2.0,3.0,200.0,0.0,0.0,2.0,50.0,1.0,19.0,0.0,282.0,1723.0,562.0,144.0
Union-37179022,306.0,6.0,77.0,1411.0,49.0,0.0,2.0,70.0,0.0,0.0,0.0,1.0,0.0,0.0,0.0,0.0,0.0,0.0,0.0,1.0,8.0,0.0,588.0,0.0,0.0,0.0,67.0,3.0,67.0,0.0,210.0,1800.0,944.0,121.0
Union-37179023,432.0,3.0,37.0,1083.0,106.0,1.0,5.0,99.0,0.0,0.0,0.0,0.0,0.0,0.0,0.0,0.0,0.0,0.0,0.0,2.0,4.0,0.0,174.0,0.0,0.0,2.0,45.0,1.0,30.0,0.0,249.0,1555.0,507.0,211.0
Union-37179024,334.0,1.0,31.0,1339.0,85.0,0.0,3.0,74.0,0.0,0.0,0.0,1.0,0.0,0.0,0.0,0.0,0.0,0.0,0.0,3.0,2.0,0.0,183.0,1.0,0.0,0.0,35.0,0.0,16.0,1.0,233.0,1705.0,474.0,162.0
Union-37179025,323.0,2.0,44.0,1011.0,98.0,1.0,8.0,59.0,0.0,0.0,0.0,0.0,0.0,0.0,0.0,0.0,0.0,0.0,1.0,1.0,4.0,1.0,162.0,0.0,0.0,1.0,22.0,2.0,13.0,0.0,173.0,1380.0,379.0,166.0
Union-37179026,279.0,0.0,27.0,1046.0,57.0,0.0,1.0,44.0,0.0,0.0,0.0,0.0,0.0,0.0,0.0,0.0,0.0,0.0,2.0,2.0,5.0,0.0,143.0,0.0,1.0,0.0,14.0,0.0,15.0,1.0,206.0,1352.0,387.0,102.0
Union-37179027,271.0,0.0,19.0,1026.0,84.0,3.0,3.0,53.0,0.0,0.0,0.0,0.0,0.0,0.0,0.0,0.0,0.0,0.0,0.0,1.0,4.0,3.0,183.0,0.0,0.0,1.0,20.0,4.0,10.0,0.0,203.0,1316.0,429.0,143.0
Union-37179028A,1275.0,2.0,122.0,2181.0,260.0,2.0,6.0,156.0,0.0,0.0,1.0,2.0,0.0,0.0,0.0,0.0,0.0,0.0,0.0,3.0,4.0,3.0,355.0,0.0,0.0,2.0,201.0,1.0,134.0,1.0,442.0,3580.0,1146.0,424.0
Union-37179028B,987.0,6.0,99.0,1637.0,177.0,0.0,1.0,105.0,0.0,0.0,0.0,2.0,0.0,0.0,0.0,0.0,0.0,0.0,0.0,2.0,5.0,3.0,286.0,0.0,0.0,1.0,246.0,0.0,114.0,0.0,359.0,2729.0,1016.0,283.0
Union-37179028C,916.0,0.0,99.0,1535.0,184.0,1.0,2.0,120.0,0.0,0.0,0.0,4.0,0.0,0.0,0.0,0.0,0.0,0.0,0.0,2.0,3.0,1.0,303.0,1.0,0.0,0.0,247.0,2.0,114.0,0.0,318.0,2550.0,991.0,307.0
Union-37179028D,1118.0,7.0,113.0,1849.0,246.0,1.0,2.0,151.0,0.0,0.0,0.0,1.0,0.0,0.0,0.0,0.0,0.0,0.0,0.0,2.0,7.0,0.0,300.0,0.0,0.0,2.0,182.0,1.0,68.0,0.0,351.0,3087.0,913.0,400.0
Union-37179029A,1447.0,9.0,119.0,1693.0,362.0,1.0,1.0,198.0,0.0,0.0,0.0,0.0,0.0,1.0,0.0,0.0,0.0,0.0,0.0,3.0,13.0,0.0,295.0,1.0,0.0,1.0,85.0,5.0,63.0,0.0,310.0,3268.0,776.0,562.0
Union-37179029B,403.0,2.0,59.0,804.0,94.0,0.0,1.0,72.0,0.0,1.0,0.0,0.0,0.0,0.0,0.0,0.0,0.0,0.0,0.0,2.0,4.0,0.0,154.0,0.0,1.0,1.0,42.0,0.0,39.0,0.0,174.0,1268.0,417.0,167.0
Union-37179029C,471.0,5.0,51.0,1038.0,95.0,1.0,3.0,100.0,0.0,1.0,0.0,1.0,0.0,0.0,0.0,0.0,0.0,0.0,0.0,0.0,2.0,1.0,201.0,0.0,0.0,1.0,56.0,1.0,49.0,0.0,187.0,1565.0,498.0,199.0
Union-37179030,1103.0,4.0,83.0,1891.0,246.0,5.0,6.0,169.0,0.0,1.0,0.0,2.0,0.0,0.0,0.0,0.0,0.0,0.0,0.0,2.0,9.0,1.0,301.0,0.0,1.0,3.0,90.0,0.0,73.0,0.0,375.0,3081.0,855.0,426.0
Union-37179031,886.0,9.0,97.0,1519.0,189.0,1.0,5.0,149.0,0.0,0.0,0.0,1.0,0.0,0.0,0.0,0.0,0.0,0.0,0.0,1.0,5.0,0.0,263.0,0.0,0.0,0.0,44.0,0.0,47.0,0.0,250.0,2511.0,610.0,344.0
Union-37179032,609.0,4.0,57.0,1668.0,157.0,1.0,2.0,105.0,0.0,0.0,0.0,1.0,0.0,0.0,1.0,0.0,1.0,0.0,0.0,2.0,4.0,0.0,330.0,1.0,0.0,0.0,77.0,0.0,52.0,0.0,314.0,2338.0,780.0,265.0
Union-37179033,524.0,7.0,73.0,1081.0,129.0,1.0,3.0,118.0,0.0,0.0,0.0,2.0,0.0,0.0,0.0,0.0,0.0,0.0,0.0,1.0,3.0,3.0,306.0,0.0,0.0,0.0,72.0,0.0,42.0,0.0,186.0,1685.0,613.0,251.0
Union-37179034,597.0,3.0,59.0,1721.0,162.0,1.0,2.0,133.0,0.0,0.0,0.0,0.0,0.0,0.0,0.0,0.0,0.0,0.0,0.0,3.0,8.0,0.0,288.0,0.0,0.0,3.0,57.0,0.0,48.0,0.0,354.0,2380.0,761.0,298.0
Union-37179035,420.0,3.0,47.0,1038.0,95.0,0.0,5.0,110.0,0.0,1.0,0.0,0.0,0.0,0.0,0.0,0.0,0.0,0.0,0.0,2.0,3.0,1.0,234.0,0.0,0.0,3.0,62.0,3.0,59.0,0.0,197.0,1508.0,564.0,210.0
Union-37179036,380.0,3.0,30.0,986.0,102.0,1.0,4.0,81.0,0.0,0.0,0.0,0.0,0.0,0.0,0.0,0.0,0.0,0.0,0.0,0.0,1.0,0.0,156.0,0.0,0.0,1.0,29.0,0.0,19.0,0.0,167.0,1399.0,373.0,188.0
Union-37179037A,1316.0,4.0,135.0,1992.0,281.0,1.0,4.0,242.0,0.0,1.0,0.0,3.0,0.0,0.0,0.0,0.0,0.0,0.0,0.0,4.0,6.0,1.0,360.0,1.0,0.0,2.0,77.0,0.0,90.0,2.0,314.0,3447.0,857.0,528.0
Union-37179037B,330.0,0.0,35.0,816.0,86.0,0.0,0.0,60.0,0.0,0.0,0.0,0.0,0.0,0.0,0.0,0.0,0.0,0.0,0.0,1.0,8.0,0.0,196.0,0.0,0.0,3.0,97.0,0.0,44.0,2.0,184.0,1181.0,535.0,146.0
Union-37179038A,871.0,1.0,90.0,1353.0,153.0,1.0,1.0,168.0,0.0,0.0,0.0,2.0,0.0,0.0,0.0,1.0,0.0,0.0,0.0,0.0,10.0,1.0,249.0,0.0,0.0,4.0,52.0,3.0,32.0,0.0,223.0,2315.0,574.0,323.0
Union-37179038B,601.0,4.0,82.0,1081.0,130.0,1.0,0.0,112.0,0.0,0.0,0.0,2.0,0.0,0.0,0.0,0.0,0.0,0.0,0.0,1.0,5.0,0.0,238.0,1.0,0.0,1.0,54.0,3.0,46.0,0.0,224.0,1768.0,573.0,243.0
Union-37179039,299.0,1.0,37.0,1254.0,80.0,0.0,2.0,57.0,0.0,0.0,0.0,0.0,0.0,0.0,0.0,0.0,0.0,0.0,0.0,1.0,8.0,0.0,231.0,0.0,0.0,0.0,22.0,2.0,33.0,0.0,227.0,1591.0,524.0,139.0
Union-37179040,929.0,3.0,70.0,1784.0,195.0,0.0,0.0,123.0,0.0,0.0,0.0,1.0,0.0,0.0,0.0,0.0,0.0,0.0,0.0,1.0,3.0,0.0,377.0,1.0,0.0,1.0,162.0,3.0,121.0,0.0,339.0,2786.0,1008.0,318.0
Union-37179041,888.0,2.0,88.0,1832.0,163.0,0.0,2.0,136.0,0.0,1.0,0.0,0.0,0.0,0.0,0.0,0.0,0.0,0.0,0.0,2.0,3.0,1.0,323.0,0.0,0.0,0.0,195.0,1.0,81.0,0.0,392.0,2810.0,998.0,301.0
Union-37179042,448.0,1.0,60.0,825.0,109.0,1.0,4.0,92.0,0.0,0.0,0.0,2.0,0.0,0.0,0.0,0.0,0.0,0.0,0.0,0.0,5.0,0.0,132.0,0.0,0.0,0.0,20.0,4.0,25.0,0.0,143.0,1334.0,329.0,206.0
Union-37179043,503.0,0.0,17.0,85.0,134.0,0.0,0.0,38.0,0.0,0.0,0.0,0.0,0.0,0.0,0.0,0.0,0.0,0.0,0.0,1.0,1.0,0.0,13.0,0.0,0.0,0.0,1.0,0.0,1.0,0.0,15.0,605.0,32.0,172.0
Union-37179ABSENTEE,0.0,0.0,0.0,0.0,0.0,0.0,0.0,0.0,0.0,0.0,0.0,0.0,0.0,0.0,0.0,0.0,0.0,0.0,0.0,0.0,0.0,0.0,0.0,0.0,0.0,0.0,0.0,0.0,0.0,0.0,0.0,0.0,0.0,0.0
Union-37179TRANSFER PAPER,0.0,0.0,0.0,0.0,0.0,0.0,0.0,0.0,0.0,0.0,0.0,0.0,0.0,0.0,0.0,0.0,0.0,0.0,0.0,0.0,0.0,0.0,0.0,0.0,0.0,0.0,0.0,0.0,0.0,0.0,0.0,0.0,0.0,0.0
Vance-37181CC,768.0,2.0,21.0,1037.0,307.0,4.0,13.0,235.0,0.0,0.0,0.0,0.0,0.0,0.0,0.0,0.0,0.0,0.0,0.0,2.0,2.0,0.0,106.0,0.0,0.0,2.0,19.0,0.0,18.0,0.0,137.0,1828.0,286.0,559.0
Vance-37181EH1,1249.0,0.0,9.0,67.0,513.0,2.0,3.0,95.0,0.0,0.0,0.0,0.0,0.0,0.0,0.0,0.0,0.0,0.0,0.0,1.0,2.0,0.0,8.0,1.0,0.0,0.0,1.0,0.0,0.0,0.0,7.0,1325.0,20.0,613.0
Vance-37181HTOP,366.0,0.0,3.0,120.0,154.0,0.0,2.0,59.0,0.0,0.0,0.0,0.0,0.0,0.0,0.0,0.0,0.0,0.0,0.0,0.0,0.0,0.0,11.0,0.0,0.0,0.0,4.0,0.0,2.0,0.0,24.0,489.0,41.0,215.0
Vance-37181KITT,1135.0,1.0,50.0,1375.0,432.0,5.0,7.0,264.0,0.0,0.0,0.0,1.0,0.0,0.0,0.0,0.0,0.0,0.0,0.0,5.0,5.0,0.0,117.0,1.0,0.0,0.0,9.0,0.0,13.0,0.0,188.0,2561.0,338.0,708.0
Vance-37181MIDD,1147.0,3.0,29.0,753.0,463.0,7.0,7.0,226.0,0.0,0.0,0.0,0.0,0.0,0.0,0.0,0.0,0.0,0.0,0.0,1.0,0.0,1.0,80.0,0.0,0.0,0.0,28.0,1.0,9.0,0.0,133.0,1932.0,253.0,703.0
Vance-37181NH,1440.0,0.0,43.0,901.0,574.0,0.0,11.0,215.0,0.0,0.0,0.0,1.0,0.0,0.0,0.0,0.0,1.0,0.0,0.0,1.0,4.0,0.0,98.0,0.0,0.0,0.0,7.0,0.0,13.0,0.0,161.0,2384.0,284.0,800.0
Vance-37181NH1,1226.0,2.0,14.0,101.0,418.0,0.0,4.0,87.0,0.0,0.0,0.0,1.0,0.0,0.0,0.0,0.0,0.0,0.0,0.0,0.0,2.0,0.0,15.0,0.0,0.0,0.0,0.0,0.0,2.0,0.0,14.0,1343.0,33.0,509.0
Vance-37181NV,648.0,0.0,9.0,289.0,186.0,0.0,4.0,92.0,0.0,0.0,0.0,0.0,0.0,0.0,0.0,0.0,0.0,0.0,0.0,0.0,0.0,0.0,13.0,0.0,0.0,1.0,2.0,1.0,7.0,0.0,46.0,946.0,70.0,282.0
Vance-37181SCRK,1449.0,6.0,27.0,1138.0,527.0,7.0,13.0,213.0,0.0,1.0,0.0,0.0,0.0,0.0,0.0,0.0,0.0,0.0,0.0,1.0,2.0,0.0,94.0,1.0,0.0,1.0,7.0,2.0,12.0,0.0,139.0,2620.0,259.0,760.0
Vance-37181SH1,1000.0,2.0,14.0,227.0,337.0,5.0,5.0,118.0,0.0,0.0,0.0,1.0,0.0,0.0,0.0,0.0,0.0,0.0,0.0,0.0,0.0,0.0,23.0,0.0,0.0,0.0,4.0,0.0,8.0,0.0,27.0,1243.0,62.0,465.0
Vance-37181SH2,338.0,0.0,9.0,150.0,108.0,0.0,4.0,46.0,0.0,0.0,0.0,0.0,0.0,0.0,0.0,0.0,0.0,0.0,0.0,0.0,0.0,0.0,15.0,0.0,0.0,0.0,0.0,0.0,3.0,0.0,12.0,497.0,30.0,158.0
Vance-37181WH,1463.0,9.0,66.0,1174.0,566.0,8.0,26.0,363.0,0.0,0.0,0.0,1.0,0.0,0.0,0.0,0.0,0.0,0.0,0.0,5.0,3.0,0.0,119.0,1.0,0.0,1.0,34.0,0.0,33.0,0.0,133.0,2712.0,329.0,963.0
Wake-3718301-01,503.0,7.0,45.0,200.0,274.0,0.0,2.0,344.0,0.0,0.0,0.0,0.0,0.0,0.0,0.0,0.0,0.0,0.0,0.0,1.0,0.0,0.0,58.0,0.0,0.0,0.0,56.0,3.0,36.0,0.0,49.0,755.0,203.0,620.0
Wake-3718301-02,446.0,2.0,47.0,262.0,256.0,3.0,2.0,308.0,0.0,0.0,0.0,2.0,0.0,0.0,0.0,0.0,0.0,0.0,0.0,2.0,2.0,0.0,79.0,0.0,0.0,0.0,76.0,2.0,47.0,0.0,58.0,757.0,266.0,569.0
Wake-3718301-03,479.0,1.0,45.0,426.0,301.0,1.0,4.0,174.0,0.0,0.0,0.0,2.0,0.0,0.0,0.0,0.0,0.0,0.0,0.0,2.0,1.0,1.0,122.0,1.0,0.0,0.0,187.0,1.0,63.0,0.0,113.0,951.0,491.0,480.0
Wake-3718301-04,275.0,4.0,26.0,244.0,166.0,0.0,2.0,121.0,0.0,0.0,0.0,2.0,0.0,0.0,0.0,0.0,0.0,0.0,0.0,5.0,2.0,0.0,57.0,0.0,0.0,1.0,122.0,0.0,34.0,0.0,87.0,549.0,308.0,289.0
Wake-3718301-05,264.0,4.0,18.0,238.0,180.0,0.0,4.0,89.0,0.0,0.0,0.0,1.0,0.0,0.0,0.0,0.0,0.0,0.0,0.0,3.0,1.0,0.0,55.0,1.0,0.0,0.0,100.0,0.0,41.0,0.0,68.0,524.0,269.0,273.0
Wake-3718301-06,583.0,4.0,55.0,312.0,390.0,2.0,2.0,378.0,0.0,1.0,0.0,5.0,0.0,0.0,0.0,1.0,0.0,0.0,0.0,1.0,2.0,0.0,96.0,1.0,0.0,1.0,123.0,6.0,54.0,1.0,68.0,954.0,353.0,772.0
Wake-3718301-07,496.0,2.0,31.0,180.0,279.0,0.0,1.0,250.0,0.0,0.0,0.0,2.0,0.0,0.0,1.0,0.0,0.0,0.0,0.0,1.0,0.0,0.0,44.0,0.0,0.0,1.0,61.0,0.0,31.0,0.0,38.0,709.0,176.0,530.0
Wake-3718301-07A,134.0,0.0,3.0,14.0,81.0,0.0,0.0,18.0,0.0,0.0,0.0,0.0,0.0,0.0,0.0,0.0,0.0,0.0,1.0,0.0,0.0,0.0,5.0,0.0,0.0,0.0,1.0,0.0,0.0,0.0,8.0,151.0,14.0,99.0
Wake-3718301-09,375.0,2.0,21.0,143.0,233.0,0.0,1.0,193.0,0.0,0.0,0.0,1.0,0.0,0.0,1.0,0.0,0.0,0.0,0.0,2.0,1.0,0.0,42.0,0.0,0.0,2.0,60.0,0.0,16.0,1.0,37.0,541.0,161.0,427.0
Wake-3718301-10,420.0,3.0,32.0,296.0,297.0,2.0,4.0,137.0,0.0,1.0,0.0,1.0,0.0,0.0,0.0,0.0,0.0,0.0,0.0,3.0,0.0,0.0,81.0,0.0,0.0,0.0,122.0,1.0,38.0,0.0,86.0,751.0,331.0,440.0
Wake-3718301-11,308.0,2.0,31.0,555.0,240.0,0.0,6.0,122.0,0.0,0.0,0.0,0.0,0.0,0.0,0.0,0.0,0.0,0.0,0.0,3.0,4.0,0.0,183.0,0.0,0.0,0.0,262.0,0.0,92.0,0.0,161.0,896.0,705.0,368.0
Wake-3718301-12,455.0,3.0,36.0,332.0,212.0,1.0,1.0,167.0,0.0,0.0,1.0,0.0,0.0,0.0,0.0,0.0,0.0,1.0,1.0,1.0,2.0,0.0,98.0,0.0,0.0,1.0,103.0,1.0,51.0,1.0,64.0,826.0,322.0,381.0
Wake-3718301-13,460.0,4.0,25.0,153.0,231.0,0.0,4.0,286.0,0.0,0.0,0.0,1.0,0.0,0.0,0.0,0.0,1.0,0.0,0.0,1.0,0.0,0.0,49.0,0.0,1.0,0.0,37.0,2.0,16.0,0.0,47.0,642.0,153.0,521.0
Wake-3718301-14,761.0,10.0,51.0,263.0,527.0,1.0,4.0,499.0,0.0,0.0,0.0,2.0,1.0,0.0,0.0,0.0,0.0,0.0,1.0,2.0,1.0,0.0,82.0,1.0,0.0,0.0,93.0,2.0,44.0,1.0,69.0,1085.0,295.0,1031.0
Wake-3718301-15,312.0,1.0,24.0,311.0,184.0,3.0,5.0,156.0,0.0,0.0,0.0,0.0,0.0,0.0,0.0,0.0,0.0,0.0,0.0,0.0,1.0,0.0,108.0,0.0,0.0,1.0,74.0,2.0,41.0,0.0,93.0,648.0,320.0,348.0
Wake-3718301-16,539.0,3.0,41.0,374.0,381.0,1.0,7.0,317.0,0.0,0.0,1.0,0.0,0.0,0.0,0.0,0.0,0.0,0.0,0.0,3.0,1.0,1.0,133.0,1.0,0.0,1.0,99.0,0.0,48.0,1.0,95.0,957.0,383.0,706.0
Wake-3718301-17,183.0,0.0,24.0,220.0,146.0,0.0,4.0,68.0,0.0,0.0,0.0,1.0,0.0,0.0,0.0,0.0,0.0,0.0,0.0,0.0,1.0,1.0,82.0,1.0,0.0,1.0,63.0,1.0,21.0,0.0,67.0,427.0,238.0,218.0
Wake-3718301-18,470.0,10.0,45.0,421.0,284.0,1.0,6.0,286.0,0.0,0.0,0.0,1.0,0.0,0.0,0.0,1.0,0.0,0.0,0.0,2.0,6.0,0.0,206.0,1.0,0.0,1.0,93.0,1.0,51.0,0.0,138.0,946.0,499.0,577.0
Wake-3718301-19,492.0,6.0,7.0,29.0,294.0,0.0,1.0,119.0,0.0,0.0,0.0,0.0,0.0,0.0,0.0,0.0,0.0,0.0,0.0,1.0,0.0,0.0,5.0,0.0,0.0,0.0,2.0,0.0,4.0,0.0,4.0,534.0,16.0,414.0
Wake-3718301-20,599.0,9.0,29.0,72.0,316.0,2.0,1.0,226.0,0.0,0.0,0.0,1.0,0.0,0.0,0.0,0.0,0.0,0.0,0.0,0.0,1.0,0.0,12.0,0.0,0.0,0.0,16.0,0.0,10.0,0.0,17.0,709.0,56.0,545.0
Wake-3718301-21,772.0,6.0,79.0,354.0,343.0,0.0,1.0,378.0,0.0,0.0,0.0,1.0,0.0,0.0,0.0,0.0,0.0,0.0,1.0,2.0,2.0,1.0,166.0,0.0,0.0,0.0,77.0,2.0,63.0,0.0,107.0,1211.0,420.0,722.0
Wake-3718301-22,853.0,1.0,17.0,45.0,631.0,0.0,0.0,333.0,0.0,0.0,0.0,0.0,0.0,0.0,0.0,0.0,0.0,0.0,0.0,0.0,1.0,0.0,12.0,1.0,0.0,0.0,2.0,0.0,6.0,0.0,7.0,916.0,29.0,964.0
Wake-3718301-23,1019.0,13.0,114.0,624.0,248.0,1.0,3.0,926.0,0.0,0.0,1.0,6.0,0.0,0.0,0.0,0.0,1.0,0.0,0.0,0.0,3.0,1.0,225.0,1.0,0.0,2.0,123.0,2.0,149.0,0.0,70.0,1770.0,576.0,1178.0
Wake-3718301-25,147.0,2.0,7.0,9.0,65.0,0.0,1.0,39.0,0.0,0.0,0.0,0.0,0.0,0.0,0.0,0.0,0.0,0.0,0.0,0.0,0.0,0.0,2.0,0.0,0.0,0.0,0.0,0.0,1.0,0.0,3.0,165.0,6.0,105.0
Wake-3718301-26,655.0,3.0,8.0,24.0,184.0,0.0,0.0,166.0,0.0,0.0,0.0,1.0,0.0,0.0,0.0,0.0,0.0,0.0,0.0,0.0,0.0,0.0,7.0,1.0,0.0,0.0,11.0,2.0,7.0,0.0,8.0,690.0,36.0,350.0
Wake-3718301-27,485.0,7.0,28.0,105.0,226.0,1.0,1.0,256.0,0.0,1.0,0.0,0.0,0.0,0.0,0.0,0.0,0.0,0.0,0.0,1.0,1.0,1.0,25.0,0.0,0.0,0.0,31.0,4.0,22.0,0.0,28.0,625.0,113.0,484.0
Wake-3718301-28,992.0,11.0,37.0,203.0,521.0,0.0,1.0,474.0,0.0,0.0,0.0,2.0,0.0,0.0,0.0,0.0,0.0,0.0,0.0,1.0,1.0,0.0,61.0,0.0,0.0,0.0,38.0,1.0,20.0,0.0,42.0,1243.0,164.0,996.0
Wake-3718301-29,421.0,1.0,40.0,509.0,332.0,2.0,2.0,217.0,0.0,0.0,0.0,0.0,0.0,0.0,0.0,0.0,0.0,0.0,0.0,4.0,3.0,1.0,190.0,1.0,0.0,1.0,233.0,1.0,46.0,1.0,137.0,971.0,618.0,553.0
Wake-3718301-30,255.0,3.0,19.0,241.0,185.0,1.0,6.0,133.0,0.0,0.0,0.0,1.0,0.0,0.0,0.0,0.0,0.0,0.0,0.0,0.0,2.0,0.0,122.0,1.0,0.0,0.0,95.0,2.0,42.0,0.0,73.0,518.0,337.0,325.0
Wake-3718301-31,764.0,14.0,88.0,220.0,218.0,0.0,1.0,418.0,0.0,0.0,0.0,1.0,0.0,0.0,0.0,0.0,0.0,0.0,0.0,0.0,2.0,1.0,95.0,1.0,0.0,0.0,54.0,2.0,44.0,0.0,44.0,1086.0,243.0,637.0
Wake-3718301-32,562.0,12.0,45.0,260.0,210.0,1.0,8.0,315.0,0.0,0.0,0.0,2.0,0.0,0.0,0.0,0.0,0.0,0.0,0.0,2.0,2.0,0.0,112.0,0.0,0.0,2.0,45.0,1.0,29.0,0.0,59.0,879.0,252.0,534.0
Wake-3718301-33,348.0,5.0,29.0,243.0,229.0,1.0,4.0,197.0,0.0,0.0,0.0,1.0,0.0,0.0,0.0,1.0,0.0,0.0,0.0,3.0,0.0,1.0,81.0,1.0,0.0,0.0,83.0,0.0,37.0,0.0,71.0,625.0,277.0,431.0
Wake-3718301-34,525.0,4.0,6.0,20.0,144.0,0.0,0.0,133.0,0.0,0.0,0.0,1.0,0.0,0.0,0.0,0.0,0.0,0.0,1.0,0.0,0.0,0.0,3.0,0.0,0.0,0.0,2.0,1.0,0.0,0.0,8.0,555.0,14.0,277.0
Wake-3718301-35,511.0,3.0,14.0,18.0,357.0,0.0,0.0,151.0,0.0,0.0,0.0,0.0,0.0,0.0,0.0,0.0,0.0,0.0,0.0,0.0,1.0,0.0,7.0,0.0,0.0,0.0,0.0,0.0,0.0,0.0,3.0,546.0,11.0,508.0
Wake-3718301-36,372.0,1.0,54.0,466.0,232.0,1.0,1.0,140.0,0.0,0.0,0.0,1.0,0.0,0.0,1.0,0.0,0.0,0.0,0.0,0.0,1.0,1.0,162.0,0.0,0.0,0.0,163.0,0.0,73.0,0.0,141.0,893.0,541.0,374.0
Wake-3718301-37,348.0,3.0,28.0,324.0,236.0,0.0,6.0,202.0,0.0,0.0,0.0,2.0,0.0,0.0,0.0,0.0,0.0,0.0,0.0,2.0,4.0,0.0,161.0,0.0,0.0,1.0,85.0,2.0,39.0,1.0,98.0,703.0,393.0,444.0
Wake-3718301-38,383.0,4.0,37.0,215.0,243.0,0.0,3.0,292.0,0.0,0.0,0.0,4.0,0.0,0.0,0.0,1.0,0.0,0.0,1.0,2.0,1.0,0.0,110.0,0.0,1.0,0.0,24.0,1.0,13.0,0.0,87.0,639.0,239.0,538.0
Wake-3718301-39,337.0,11.0,39.0,210.0,253.0,1.0,3.0,309.0,0.0,0.0,0.0,1.0,0.0,0.0,0.0,0.0,0.0,0.0,0.0,1.0,2.0,0.0,136.0,2.0,0.0,0.0,50.0,4.0,27.0,0.0,99.0,597.0,321.0,566.0
Wake-3718301-40,977.0,3.0,21.0,81.0,626.0,2.0,2.0,285.0,0.0,0.0,0.0,0.0,0.0,0.0,0.0,0.0,0.0,0.0,0.0,0.0,2.0,0.0,15.0,1.0,0.0,0.0,5.0,1.0,3.0,0.0,11.0,1082.0,38.0,915.0
Wake-3718301-41,484.0,3.0,56.0,203.0,212.0,0.0,2.0,328.0,0.0,0.0,0.0,4.0,0.0,0.0,0.0,0.0,0.0,0.0,0.0,1.0,2.0,1.0,83.0,0.0,0.0,0.0,62.0,4.0,22.0,1.0,43.0,746.0,219.0,542.0
Wake-3718301-42,301.0,4.0,29.0,477.0,255.0,3.0,6.0,186.0,0.0,0.0,0.0,3.0,0.0,0.0,0.0,0.0,0.0,0.0,0.0,4.0,2.0,0.0,254.0,1.0,0.0,1.0,209.0,1.0,51.0,1.0,232.0,811.0,756.0,450.0
Wake-3718301-43,428.0,5.0,37.0,263.0,225.0,0.0,2.0,269.0,0.0,0.0,0.0,2.0,0.0,0.0,0.0,0.0,0.0,0.0,0.0,2.0,2.0,1.0,101.0,0.0,0.0,0.0,56.0,2.0,29.0,0.0,83.0,733.0,276.0,496.0
Wake-3718301-44,571.0,9.0,46.0,368.0,364.0,0.0,4.0,328.0,0.0,0.0,0.0,3.0,0.0,0.0,0.0,0.0,0.0,0.0,0.0,1.0,2.0,0.0,211.0,0.0,0.0,0.0,81.0,1.0,38.0,0.0,155.0,994.0,489.0,696.0
Wake-3718301-45,284.0,9.0,33.0,287.0,198.0,1.0,1.0,173.0,0.0,0.0,0.0,0.0,0.0,0.0,0.0,0.0,0.0,0.0,0.0,1.0,4.0,0.0,154.0,0.0,0.0,0.0,64.0,2.0,39.0,0.0,98.0,613.0,362.0,373.0
Wake-3718301-46,644.0,7.0,18.0,100.0,282.0,0.0,0.0,255.0,0.0,0.0,0.0,2.0,1.0,0.0,0.0,0.0,0.0,0.0,1.0,2.0,1.0,1.0,42.0,0.0,0.0,0.0,12.0,1.0,9.0,0.0,56.0,769.0,124.0,537.0
Wake-3718301-47,330.0,1.0,43.0,443.0,240.0,2.0,2.0,197.0,0.0,0.0,0.0,2.0,0.0,0.0,1.0,0.0,0.0,0.0,0.0,3.0,3.0,0.0,226.0,1.0,0.0,3.0,122.0,2.0,47.0,0.0,168.0,817.0,575.0,441.0
Wake-3718301-48,582.0,8.0,59.0,244.0,296.0,2.0,6.0,344.0,0.0,2.0,0.0,2.0,0.0,1.0,0.0,0.0,0.0,0.0,0.0,0.0,1.0,0.0,81.0,0.0,0.0,0.0,65.0,2.0,20.0,1.0,60.0,893.0,230.0,648.0
Wake-3718301-49,638.0,6.0,58.0,284.0,204.0,0.0,3.0,318.0,0.0,1.0,0.0,2.0,0.0,0.0,0.0,0.0,0.0,0.0,1.0,1.0,2.0,1.0,101.0,1.0,1.0,0.0,19.0,1.0,30.0,0.0,62.0,986.0,219.0,525.0
Wake-3718301-50,575.0,2.0,17.0,42.0,444.0,0.0,0.0,199.0,0.0,0.0,0.0,3.0,0.0,0.0,0.0,0.0,0.0,0.0,1.0,0.0,2.0,0.0,12.0,0.0,1.0,0.0,4.0,1.0,1.0,0.0,11.0,636.0,32.0,643.0
Wake-3718301-51,219.0,0.0,24.0,180.0,152.0,0.0,2.0,134.0,0.0,0.0,0.0,1.0,0.0,0.0,0.0,0.0,0.0,0.0,0.0,2.0,3.0,0.0,101.0,1.0,0.0,0.0,40.0,2.0,32.0,0.0,77.0,423.0,258.0,288.0
Wake-3718302-01,448.0,0.0,65.0,590.0,269.0,0.0,4.0,203.0,0.0,0.0,0.0,1.0,0.0,0.0,0.0,0.0,0.0,0.0,0.0,1.0,1.0,1.0,308.0,2.0,0.0,1.0,208.0,4.0,72.0,0.0,208.0,1103.0,806.0,476.0
Wake-3718302-02,619.0,6.0,87.0,1045.0,375.0,1.0,6.0,319.0,0.0,1.0,0.0,7.0,0.0,0.0,0.0,1.0,0.0,0.0,0.0,3.0,2.0,0.0,501.0,2.0,0.0,2.0,253.0,1.0,98.0,0.0,385.0,1757.0,1247.0,701.0
Wake-3718302-03,281.0,3.0,52.0,591.0,200.0,2.0,5.0,161.0,0.0,0.0,0.0,4.0,0.0,0.0,0.0,0.0,0.0,0.0,0.0,0.0,2.0,0.0,350.0,0.0,0.0,0.0,169.0,1.0,85.0,1.0,220.0,927.0,828.0,368.0
Wake-3718302-04,278.0,0.0,39.0,499.0,175.0,1.0,1.0,162.0,0.0,0.0,0.0,3.0,0.0,1.0,0.0,0.0,0.0,0.0,0.0,1.0,1.0,0.0,203.0,0.0,0.0,3.0,152.0,2.0,56.0,0.0,211.0,816.0,629.0,339.0
Wake-3718302-05,204.0,2.0,22.0,264.0,120.0,1.0,1.0,76.0,0.0,0.0,0.0,1.0,0.0,0.0,0.0,0.0,0.0,0.0,0.0,2.0,0.0,0.0,112.0,0.0,0.0,0.0,66.0,1.0,28.0,0.0,91.0,492.0,300.0,198.0
Wake-3718302-06,272.0,2.0,37.0,582.0,231.0,0.0,4.0,101.0,0.0,0.0,0.0,1.0,0.0,0.0,0.0,0.0,0.0,0.0,0.0,2.0,0.0,1.0,278.0,3.0,0.0,1.0,178.0,1.0,70.0,0.0,227.0,893.0,761.0,336.0
Wake-3718303-00,501.0,1.0,68.0,715.0,225.0,0.0,3.0,183.0,0.0,0.0,0.0,2.0,0.0,0.0,0.0,0.0,0.0,0.0,0.0,1.0,6.0,0.0,288.0,0.0,0.0,1.0,125.0,2.0,58.0,0.0,206.0,1285.0,687.0,411.0
Wake-3718304-01,486.0,6.0,36.0,360.0,255.0,1.0,5.0,214.0,0.0,1.0,0.0,3.0,0.0,0.0,0.0,0.0,0.0,0.0,0.0,2.0,4.0,1.0,130.0,1.0,0.0,1.0,77.0,2.0,24.0,0.0,98.0,888.0,340.0,475.0
Wake-3718304-02,453.0,6.0,60.0,403.0,237.0,0.0,3.0,308.0,0.0,1.0,0.0,1.0,0.0,1.0,0.0,0.0,0.0,0.0,0.0,1.0,6.0,1.0,218.0,1.0,0.0,2.0,57.0,3.0,40.0,0.0,125.0,922.0,454.0,548.0
Wake-3718304-03,398.0,4.0,38.0,296.0,157.0,2.0,6.0,213.0,0.0,0.0,0.0,1.0,0.0,0.0,0.0,0.0,0.0,0.0,0.0,0.0,4.0,1.0,153.0,1.0,0.0,0.0,38.0,1.0,21.0,0.0,66.0,736.0,285.0,378.0
Wake-3718304-04,319.0,3.0,29.0,258.0,142.0,0.0,5.0,167.0,0.0,0.0,0.0,2.0,0.0,0.0,0.0,0.0,0.0,0.0,0.0,0.0,3.0,0.0,109.0,1.0,0.0,0.0,42.0,1.0,20.0,0.0,64.0,609.0,240.0,314.0
Wake-3718304-05,542.0,9.0,69.0,456.0,314.0,0.0,5.0,349.0,0.0,1.0,0.0,0.0,0.0,0.0,0.0,0.0,0.0,0.0,0.0,1.0,2.0,0.0,193.0,0.0,1.0,0.0,124.0,2.0,46.0,1.0,129.0,1076.0,499.0,668.0
Wake-3718304-06,494.0,5.0,55.0,426.0,312.0,2.0,4.0,270.0,0.0,2.0,0.0,1.0,0.0,0.0,0.0,0.0,0.0,0.0,0.0,4.0,2.0,3.0,188.0,1.0,1.0,2.0,146.0,2.0,66.0,1.0,166.0,980.0,582.0,588.0
Wake-3718304-07,414.0,5.0,33.0,604.0,250.0,0.0,2.0,196.0,0.0,0.0,0.0,0.0,0.0,0.0,0.0,2.0,0.0,1.0,0.0,2.0,2.0,0.0,206.0,1.0,0.0,0.0,202.0,1.0,81.0,1.0,190.0,1056.0,686.0,448.0
Wake-3718304-08,539.0,3.0,49.0,313.0,234.0,0.0,2.0,241.0,0.0,0.0,0.0,2.0,0.0,0.0,0.0,0.0,0.0,0.0,0.0,1.0,2.0,0.0,145.0,0.0,0.0,0.0,87.0,0.0,49.0,0.0,80.0,904.0,364.0,477.0
Wake-3718304-09,393.0,1.0,38.0,434.0,207.0,0.0,3.0,167.0,0.0,0.0,1.0,1.0,0.0,0.0,0.0,0.0,0.0,0.0,0.0,3.0,1.0,0.0,183.0,1.0,0.0,0.0,145.0,1.0,55.0,0.0,166.0,866.0,555.0,377.0
Wake-3718304-10,509.0,2.0,69.0,463.0,254.0,1.0,4.0,281.0,0.0,0.0,0.0,5.0,0.0,0.0,0.0,1.0,0.0,0.0,2.0,0.0,4.0,1.0,240.0,0.0,0.0,0.0,117.0,0.0,52.0,0.0,142.0,1043.0,556.0,540.0
Wake-3718304-11,241.0,1.0,32.0,123.0,118.0,0.0,0.0,161.0,0.0,0.0,0.0,1.0,0.0,0.0,0.0,0.0,0.0,0.0,0.0,0.0,1.0,0.0,89.0,0.0,0.0,0.0,36.0,0.0,19.0,0.0,49.0,397.0,194.0,279.0
Wake-3718304-12,399.0,7.0,46.0,465.0,249.0,1.0,6.0,270.0,0.0,0.0,0.0,1.0,0.0,0.0,0.0,0.0,0.0,0.0,0.0,2.0,0.0,1.0,237.0,1.0,0.0,1.0,98.0,3.0,61.0,1.0,131.0,917.0,536.0,526.0
Wake-3718304-13,491.0,2.0,57.0,537.0,376.0,2.0,7.0,330.0,0.0,0.0,0.0,1.0,0.0,0.0,0.0,0.0,0.0,0.0,1.0,3.0,3.0,1.0,284.0,2.0,0.0,2.0,181.0,1.0,94.0,0.0,209.0,1087.0,780.0,715.0
Wake-3718304-14,313.0,5.0,45.0,305.0,172.0,1.0,1.0,227.0,0.0,0.0,0.0,3.0,0.0,1.0,0.0,0.0,0.0,0.0,0.0,2.0,4.0,1.0,161.0,0.0,0.0,0.0,45.0,2.0,34.0,0.0,96.0,668.0,345.0,401.0
Wake-3718304-15,504.0,11.0,79.0,425.0,237.0,0.0,3.0,292.0,0.0,0.0,0.0,0.0,0.0,0.0,0.0,1.0,0.0,0.0,0.0,0.0,2.0,0.0,156.0,0.0,0.0,0.0,118.0,1.0,61.0,1.0,103.0,1019.0,442.0,532.0
Wake-3718304-16,407.0,6.0,43.0,337.0,225.0,0.0,2.0,245.0,1.0,3.0,0.0,4.0,0.0,0.0,0.0,0.0,0.0,0.0,0.0,0.0,3.0,0.0,156.0,1.0,0.0,1.0,76.0,1.0,48.0,0.0,114.0,793.0,400.0,472.0
Wake-3718304-17,338.0,12.0,46.0,244.0,158.0,0.0,0.0,208.0,0.0,0.0,0.0,1.0,0.0,0.0,0.0,0.0,0.0,0.0,1.0,1.0,1.0,0.0,119.0,1.0,0.0,0.0,72.0,1.0,40.0,0.0,78.0,640.0,313.0,366.0
Wake-3718304-18,458.0,7.0,54.0,331.0,228.0,1.0,3.0,208.0,0.0,0.0,0.0,0.0,0.0,0.0,0.0,0.0,0.0,0.0,0.0,1.0,3.0,2.0,146.0,1.0,0.0,0.0,115.0,2.0,63.0,0.0,105.0,850.0,438.0,440.0
Wake-3718304-19,292.0,1.0,45.0,258.0,145.0,0.0,1.0,174.0,0.0,0.0,0.0,2.0,0.0,0.0,0.0,0.0,0.0,0.0,0.0,3.0,5.0,0.0,153.0,0.0,0.0,0.0,82.0,3.0,37.0,0.0,79.0,596.0,362.0,320.0
Wake-3718304-20,526.0,10.0,72.0,407.0,210.0,1.0,4.0,328.0,0.0,1.0,1.0,1.0,0.0,0.0,0.0,0.0,0.0,0.0,0.0,1.0,2.0,0.0,164.0,0.0,0.0,1.0,64.0,3.0,37.0,0.0,114.0,1015.0,386.0,543.0
Wake-3718304-21,374.0,3.0,42.0,202.0,150.0,0.0,1.0,201.0,0.0,0.0,0.0,4.0,0.0,0.0,0.0,0.0,0.0,0.0,0.0,0.0,3.0,0.0,69.0,1.0,0.0,0.0,21.0,1.0,19.0,0.0,52.0,621.0,166.0,352.0
Wake-3718305-01,616.0,6.0,67.0,517.0,302.0,0.0,3.0,303.0,0.0,0.0,0.0,1.0,0.0,0.0,0.0,0.0,0.0,0.0,0.0,1.0,3.0,2.0,208.0,2.0,0.0,0.0,143.0,0.0,60.0,0.0,233.0,1206.0,652.0,608.0
Wake-3718305-03,388.0,6.0,45.0,481.0,209.0,0.0,0.0,217.0,0.0,0.0,0.0,1.0,0.0,0.0,0.0,0.0,0.0,0.0,0.0,1.0,2.0,1.0,174.0,1.0,0.0,1.0,162.0,0.0,54.0,0.0,167.0,920.0,563.0,426.0
Wake-3718305-05,980.0,12.0,90.0,668.0,550.0,0.0,3.0,513.0,0.0,1.0,1.0,4.0,0.0,0.0,0.0,1.0,0.0,0.0,2.0,3.0,3.0,0.0,265.0,1.0,1.0,1.0,199.0,0.0,94.0,0.0,290.0,1750.0,857.0,1066.0
Wake-3718305-06,683.0,4.0,49.0,711.0,471.0,2.0,6.0,327.0,0.0,0.0,1.0,3.0,0.0,0.0,0.0,0.0,0.0,0.0,1.0,3.0,0.0,1.0,271.0,0.0,0.0,0.0,239.0,0.0,107.0,2.0,262.0,1447.0,885.0,806.0
Wake-3718305-07,887.0,4.0,74.0,562.0,597.0,0.0,8.0,518.0,0.0,1.0,0.0,5.0,0.0,0.0,0.0,0.0,0.0,0.0,0.0,2.0,6.0,0.0,267.0,0.0,0.0,3.0,103.0,3.0,72.0,1.0,192.0,1527.0,649.0,1123.0
Wake-3718305-08,435.0,4.0,37.0,249.0,197.0,0.0,3.0,238.0,0.0,0.0,0.0,1.0,0.0,0.0,0.0,1.0,0.0,0.0,2.0,1.0,2.0,0.0,116.0,0.0,0.0,0.0,40.0,1.0,34.0,0.0,95.0,725.0,289.0,438.0
Wake-3718306-04,428.0,5.0,70.0,451.0,220.0,0.0,3.0,264.0,0.0,0.0,0.0,4.0,0.0,0.0,0.0,0.0,0.0,0.0,0.0,1.0,3.0,0.0,210.0,0.0,0.0,1.0,63.0,2.0,48.0,0.0,144.0,954.0,472.0,487.0
Wake-3718306-05,304.0,1.0,49.0,526.0,220.0,0.0,3.0,190.0,0.0,0.0,0.0,1.0,0.0,0.0,0.0,1.0,1.0,0.0,0.0,0.0,5.0,0.0,318.0,0.0,0.0,0.0,171.0,0.0,79.0,0.0,256.0,880.0,829.0,413.0
Wake-3718306-06,605.0,5.0,105.0,864.0,331.0,3.0,1.0,365.0,0.0,0.0,0.0,3.0,0.0,0.0,0.0,0.0,0.0,0.0,0.0,0.0,12.0,2.0,413.0,0.0,0.0,2.0,171.0,0.0,110.0,0.0,260.0,1579.0,970.0,700.0
Wake-3718306-07,499.0,6.0,46.0,584.0,246.0,1.0,4.0,249.0,0.0,0.0,0.0,4.0,0.0,0.0,0.0,0.0,0.0,0.0,0.0,4.0,4.0,1.0,253.0,1.0,1.0,1.0,106.0,2.0,57.0,1.0,203.0,1135.0,634.0,500.0
Wake-3718306-08,329.0,1.0,38.0,338.0,195.0,0.0,3.0,203.0,0.0,0.0,0.0,5.0,0.0,0.0,0.0,0.0,0.0,0.0,0.0,0.0,3.0,1.0,149.0,2.0,0.0,0.0,58.0,0.0,45.0,0.0,95.0,706.0,353.0,401.0
Wake-3718306-09,544.0,3.0,122.0,844.0,281.0,1.0,3.0,283.0,0.0,0.0,0.0,0.0,0.0,0.0,1.0,0.0,0.0,0.0,1.0,2.0,10.0,1.0,446.0,1.0,0.0,1.0,137.0,4.0,73.0,0.0,258.0,1513.0,933.0,568.0
Wake-3718306-10,302.0,1.0,60.0,486.0,139.0,0.0,1.0,160.0,0.0,0.0,0.0,1.0,0.0,0.0,0.0,0.0,0.0,0.0,0.0,0.0,1.0,1.0,234.0,0.0,0.0,1.0,68.0,0.0,44.0,0.0,167.0,849.0,516.0,300.0
Wake-3718307-01,414.0,4.0,46.0,253.0,190.0,1.0,1.0,158.0,0.0,0.0,0.0,0.0,0.0,0.0,0.0,0.0,0.0,0.0,0.0,1.0,0.0,0.0,133.0,2.0,1.0,0.0,72.0,5.0,23.0,0.0,53.0,717.0,290.0,350.0
Wake-3718307-02,281.0,3.0,20.0,228.0,166.0,0.0,2.0,103.0,0.0,0.0,0.0,1.0,0.0,0.0,0.0,0.0,0.0,0.0,0.0,1.0,1.0,0.0,107.0,0.0,0.0,0.0,85.0,0.0,52.0,0.0,69.0,532.0,315.0,271.0
Wake-3718307-03,202.0,3.0,24.0,265.0,189.0,1.0,2.0,157.0,0.0,0.0,0.0,0.0,0.0,0.0,0.0,0.0,0.0,0.0,0.0,1.0,2.0,2.0,143.0,2.0,0.0,0.0,69.0,1.0,31.0,0.0,82.0,494.0,333.0,349.0
Wake-3718307-04,584.0,5.0,80.0,428.0,406.0,1.0,3.0,436.0,0.0,0.0,0.0,6.0,1.0,0.0,0.0,0.0,0.0,0.0,2.0,2.0,3.0,1.0,207.0,0.0,0.0,1.0,117.0,2.0,46.0,1.0,183.0,1097.0,563.0,846.0
Wake-3718307-05,296.0,7.0,28.0,282.0,214.0,0.0,4.0,155.0,0.0,0.0,0.0,2.0,0.0,0.0,0.0,0.0,0.0,0.0,0.0,1.0,1.0,1.0,156.0,0.0,0.0,1.0,59.0,0.0,29.0,0.0,99.0,613.0,347.0,373.0
Wake-3718307-06,424.0,7.0,55.0,539.0,327.0,2.0,4.0,280.0,0.0,0.0,0.0,3.0,0.0,0.0,0.0,0.0,0.0,0.0,1.0,2.0,2.0,1.0,304.0,1.0,0.0,3.0,218.0,2.0,97.0,0.0,154.0,1025.0,784.0,613.0
Wake-3718307-07,589.0,3.0,74.0,494.0,361.0,0.0,5.0,305.0,0.0,0.0,0.0,3.0,0.0,0.0,0.0,1.0,0.0,0.0,0.0,1.0,4.0,0.0,241.0,0.0,0.0,2.0,164.0,1.0,68.0,2.0,190.0,1160.0,673.0,671.0
Wake-3718307-07A,246.0,0.0,7.0,158.0,145.0,0.0,1.0,39.0,0.0,0.0,0.0,0.0,0.0,0.0,0.0,0.0,0.0,0.0,0.0,4.0,1.0,0.0,40.0,0.0,1.0,0.0,51.0,0.0,13.0,1.0,32.0,411.0,143.0,185.0
Wake-3718307-09,469.0,4.0,51.0,376.0,281.0,1.0,0.0,316.0,0.0,0.0,0.0,6.0,1.0,0.0,0.0,1.0,0.0,0.0,0.0,1.0,1.0,1.0,173.0,1.0,0.0,2.0,118.0,1.0,57.0,1.0,146.0,900.0,502.0,598.0
Wake-3718307-10,739.0,4.0,66.0,502.0,406.0,0.0,2.0,447.0,0.0,0.0,0.0,4.0,0.0,0.0,0.0,1.0,0.0,0.0,0.0,1.0,5.0,1.0,210.0,1.0,0.0,3.0,117.0,5.0,74.0,1.0,155.0,1311.0,573.0,855.0
Wake-3718307-11,219.0,0.0,14.0,226.0,174.0,1.0,2.0,131.0,0.0,0.0,0.0,1.0,0.0,1.0,0.0,0.0,0.0,0.0,0.0,2.0,0.0,0.0,105.0,0.0,0.0,0.0,63.0,1.0,25.0,0.0,82.0,459.0,278.0,308.0
Wake-3718307-12,433.0,6.0,47.0,317.0,260.0,3.0,3.0,231.0,0.0,1.0,0.0,2.0,0.0,0.0,0.0,0.0,0.0,0.0,0.0,2.0,4.0,1.0,143.0,1.0,0.0,0.0,109.0,1.0,38.0,0.0,92.0,803.0,391.0,497.0
Wake-3718307-13,303.0,0.0,47.0,272.0,206.0,1.0,2.0,200.0,0.0,0.0,0.0,1.0,0.0,0.0,0.0,0.0,0.0,0.0,0.0,0.0,1.0,0.0,130.0,1.0,0.0,1.0,92.0,0.0,30.0,0.0,107.0,622.0,362.0,409.0
Wake-3718308-02,527.0,4.0,73.0,493.0,342.0,0.0,4.0,291.0,0.0,1.0,0.0,1.0,0.0,0.0,0.0,0.0,0.0,0.0,0.0,3.0,4.0,0.0,263.0,0.0,0.0,0.0,191.0,3.0,74.0,0.0,171.0,1097.0,709.0,637.0
Wake-3718308-03,563.0,6.0,78.0,589.0,325.0,1.0,5.0,367.0,0.0,0.0,0.0,3.0,0.0,0.0,0.0,1.0,0.0,0.0,0.0,4.0,0.0,0.0,336.0,1.0,0.0,2.0,141.0,2.0,91.0,0.0,221.0,1236.0,798.0,698.0
Wake-3718308-04,299.0,2.0,43.0,383.0,159.0,1.0,2.0,157.0,0.0,0.0,0.0,2.0,0.0,0.0,0.0,1.0,0.0,0.0,0.0,1.0,5.0,0.0,184.0,1.0,0.0,1.0,86.0,0.0,40.0,0.0,109.0,727.0,427.0,319.0
Wake-3718308-05,328.0,2.0,30.0,371.0,179.0,1.0,2.0,174.0,0.0,0.0,0.0,1.0,0.0,0.0,0.0,0.0,0.0,0.0,0.0,2.0,4.0,1.0,188.0,0.0,1.0,1.0,102.0,1.0,43.0,1.0,130.0,731.0,474.0,356.0
Wake-3718308-06,388.0,10.0,36.0,196.0,164.0,0.0,0.0,217.0,0.0,1.0,0.0,0.0,0.0,0.0,0.0,0.0,0.0,0.0,0.0,1.0,1.0,0.0,80.0,0.0,0.0,0.0,32.0,0.0,18.0,0.0,45.0,630.0,177.0,381.0
Wake-3718308-07,430.0,3.0,66.0,559.0,252.0,0.0,1.0,159.0,1.0,0.0,0.0,1.0,0.0,1.0,0.0,0.0,0.0,0.0,0.0,0.0,2.0,0.0,247.0,0.0,0.0,1.0,131.0,1.0,65.0,0.0,179.0,1058.0,626.0,412.0
Wake-3718308-08,501.0,5.0,86.0,634.0,306.0,1.0,2.0,331.0,0.0,0.0,0.0,2.0,0.0,0.0,0.0,0.0,0.0,0.0,0.0,2.0,2.0,3.0,351.0,0.0,0.0,1.0,216.0,2.0,80.0,1.0,225.0,1226.0,883.0,640.0
Wake-3718308-09,320.0,3.0,26.0,272.0,177.0,0.0,0.0,212.0,0.0,0.0,0.0,2.0,0.0,0.0,0.0,0.0,0.0,0.0,0.0,0.0,1.0,1.0,124.0,0.0,0.0,2.0,39.0,0.0,36.0,0.0,74.0,621.0,277.0,389.0
Wake-3718308-10,387.0,3.0,47.0,325.0,216.0,2.0,1.0,211.0,0.0,1.0,0.0,0.0,0.0,0.0,1.0,0.0,0.0,0.0,0.0,0.0,1.0,0.0,163.0,1.0,0.0,0.0,85.0,2.0,52.0,0.0,111.0,762.0,415.0,430.0
Wake-3718308-11,700.0,4.0,61.0,531.0,346.0,0.0,0.0,294.0,0.0,0.0,0.0,2.0,0.0,0.0,0.0,1.0,0.0,0.0,0.0,1.0,4.0,1.0,262.0,1.0,0.0,1.0,125.0,3.0,78.0,0.0,156.0,1296.0,632.0,640.0
Wake-3718309-01,236.0,2.0,32.0,482.0,169.0,2.0,2.0,124.0,0.0,0.0,0.0,0.0,0.0,0.0,0.0,0.0,0.0,0.0,0.0,0.0,2.0,0.0,188.0,0.0,0.0,1.0,26.0,0.0,15.0,0.0,167.0,752.0,399.0,297.0
Wake-3718309-02,370.0,2.0,26.0,282.0,347.0,1.0,5.0,214.0,0.0,0.0,0.0,1.0,0.0,0.0,0.0,0.0,0.0,0.0,1.0,4.0,4.0,0.0,169.0,0.0,0.0,0.0,31.0,1.0,19.0,0.0,133.0,680.0,361.0,567.0
Wake-3718309-03,159.0,4.0,9.0,254.0,180.0,2.0,3.0,158.0,0.0,0.0,0.0,1.0,0.0,0.0,0.0,0.0,0.0,0.0,0.0,2.0,0.0,0.0,249.0,0.0,0.0,0.0,39.0,1.0,17.0,1.0,202.0,426.0,511.0,343.0
Wake-3718310-01,111.0,1.0,9.0,233.0,66.0,1.0,3.0,48.0,0.0,0.0,0.0,0.0,0.0,0.0,0.0,0.0,0.0,0.0,0.0,0.0,3.0,0.0,153.0,0.0,0.0,0.0,9.0,1.0,6.0,0.0,85.0,354.0,257.0,118.0
Wake-3718310-02,372.0,3.0,38.0,421.0,243.0,1.0,0.0,213.0,0.0,0.0,0.0,1.0,0.0,0.0,0.0,0.0,0.0,0.0,0.0,3.0,4.0,3.0,187.0,0.0,0.0,0.0,44.0,1.0,22.0,0.0,179.0,834.0,443.0,457.0
Wake-3718310-03,265.0,1.0,27.0,322.0,212.0,0.0,6.0,149.0,0.0,0.0,0.0,0.0,0.0,1.0,0.0,0.0,0.0,0.0,0.0,1.0,3.0,1.0,162.0,0.0,0.0,2.0,17.0,2.0,13.0,0.0,119.0,615.0,320.0,367.0
Wake-3718310-04,685.0,1.0,49.0,688.0,539.0,1.0,9.0,407.0,0.0,0.0,0.0,5.0,0.0,0.0,0.0,2.0,0.0,0.0,1.0,1.0,6.0,0.0,421.0,0.0,0.0,0.0,51.0,1.0,35.0,0.0,261.0,1423.0,776.0,956.0
Wake-3718311-01,683.0,13.0,83.0,440.0,349.0,0.0,6.0,380.0,0.0,0.0,0.0,5.0,0.0,0.0,0.0,0.0,0.0,0.0,0.0,1.0,3.0,0.0,224.0,0.0,0.0,1.0,129.0,1.0,65.0,1.0,150.0,1219.0,575.0,735.0
Wake-3718311-02,663.0,6.0,63.0,628.0,460.0,0.0,2.0,372.0,0.0,1.0,0.0,0.0,0.0,0.0,0.0,1.0,0.0,0.0,1.0,0.0,3.0,0.0,212.0,2.0,0.0,0.0,179.0,1.0,73.0,0.0,221.0,1360.0,691.0,834.0
Wake-3718312-01,485.0,1.0,78.0,1038.0,270.0,1.0,5.0,280.0,0.0,0.0,0.0,6.0,0.0,0.0,0.0,1.0,0.0,0.0,1.0,9.0,6.0,1.0,509.0,0.0,0.0,0.0,115.0,3.0,79.0,0.0,329.0,1602.0,1051.0,556.0
Wake-3718312-02,601.0,7.0,89.0,763.0,276.0,4.0,4.0,282.0,1.0,2.0,0.0,1.0,1.0,1.0,0.0,0.0,0.0,0.0,0.0,4.0,5.0,1.0,295.0,0.0,0.0,2.0,64.0,3.0,40.0,1.0,242.0,1460.0,657.0,566.0
Wake-3718312-04,371.0,5.0,65.0,1036.0,169.0,3.0,5.0,190.0,0.0,0.0,0.0,3.0,0.0,1.0,0.0,0.0,0.0,0.0,0.0,1.0,2.0,4.0,415.0,1.0,0.0,1.0,51.0,3.0,50.0,0.0,327.0,1477.0,855.0,367.0
Wake-3718312-05,627.0,1.0,94.0,1043.0,368.0,3.0,4.0,347.0,1.0,0.0,1.0,3.0,1.0,0.0,1.0,1.0,0.0,0.0,0.0,0.0,4.0,0.0,597.0,0.0,0.0,4.0,225.0,2.0,100.0,0.0,387.0,1765.0,1319.0,722.0
Wake-3718312-06,331.0,5.0,62.0,563.0,165.0,0.0,1.0,192.0,0.0,0.0,0.0,3.0,0.0,0.0,0.0,0.0,0.0,0.0,0.0,0.0,5.0,1.0,313.0,1.0,0.0,1.0,75.0,3.0,43.0,0.0,208.0,961.0,650.0,358.0
Wake-3718312-07,272.0,3.0,31.0,518.0,130.0,3.0,5.0,151.0,0.0,0.0,0.0,4.0,0.0,0.0,0.0,0.0,0.0,0.0,0.0,1.0,3.0,0.0,298.0,0.0,0.0,1.0,43.0,2.0,37.0,1.0,136.0,824.0,522.0,289.0
Wake-3718312-08,553.0,4.0,60.0,558.0,269.0,0.0,4.0,227.0,0.0,1.0,0.0,1.0,0.0,0.0,0.0,0.0,0.0,0.0,0.0,5.0,3.0,1.0,254.0,0.0,0.0,1.0,66.0,2.0,31.0,0.0,167.0,1175.0,530.0,500.0
Wake-3718312-09,334.0,3.0,59.0,643.0,216.0,1.0,3.0,191.0,0.0,0.0,0.0,2.0,0.0,0.0,0.0,0.0,0.0,0.0,2.0,2.0,3.0,0.0,340.0,0.0,0.0,2.0,83.0,1.0,53.0,0.0,228.0,1039.0,712.0,411.0
Wake-3718313-01,810.0,5.0,46.0,220.0,430.0,0.0,3.0,375.0,0.0,0.0,0.0,3.0,0.0,0.0,0.0,0.0,0.0,0.0,0.0,0.0,2.0,0.0,97.0,0.0,0.0,2.0,22.0,2.0,19.0,0.0,64.0,1081.0,208.0,808.0
Wake-3718313-02,301.0,1.0,27.0,371.0,176.0,0.0,4.0,175.0,0.0,0.0,0.0,0.0,0.0,2.0,0.0,0.0,0.0,0.0,0.0,1.0,3.0,0.0,223.0,2.0,0.0,0.0,86.0,1.0,42.0,0.0,128.0,700.0,486.0,355.0
Wake-3718313-05,401.0,3.0,35.0,201.0,174.0,0.0,0.0,195.0,0.0,0.0,0.0,2.0,0.0,0.0,0.0,0.0,0.0,0.0,0.0,0.0,1.0,0.0,75.0,1.0,1.0,0.0,19.0,2.0,19.0,1.0,67.0,640.0,186.0,369.0
Wake-3718313-06,380.0,3.0,37.0,400.0,309.0,2.0,6.0,239.0,1.0,0.0,0.0,0.0,0.0,0.0,0.0,0.0,0.0,0.0,0.0,0.0,3.0,2.0,255.0,0.0,0.0,1.0,88.0,0.0,61.0,0.0,155.0,820.0,565.0,556.0
Wake-3718313-07,463.0,4.0,36.0,254.0,271.0,1.0,2.0,226.0,0.0,0.0,0.0,1.0,0.0,0.0,0.0,0.0,0.0,0.0,0.0,3.0,2.0,1.0,111.0,0.0,0.0,1.0,38.0,0.0,25.0,1.0,89.0,757.0,271.0,500.0
Wake-3718313-08,579.0,1.0,25.0,158.0,312.0,0.0,1.0,246.0,0.0,0.0,0.0,0.0,0.0,0.0,0.0,0.0,0.0,0.0,0.0,0.0,3.0,0.0,66.0,1.0,0.0,0.0,12.0,0.0,20.0,0.0,60.0,763.0,162.0,559.0
Wake-3718313-09,725.0,5.0,52.0,258.0,548.0,1.0,2.0,339.0,0.0,0.0,0.0,0.0,0.0,0.0,0.0,0.0,0.0,0.0,0.0,1.0,2.0,0.0,164.0,0.0,1.0,2.0,27.0,0.0,46.0,1.0,83.0,1040.0,327.0,890.0
Wake-3718313-10,708.0,6.0,78.0,816.0,466.0,1.0,4.0,392.0,0.0,0.0,0.0,1.0,0.0,0.0,0.0,0.0,1.0,0.0,0.0,3.0,2.0,2.0,427.0,1.0,0.0,3.0,205.0,3.0,123.0,0.0,333.0,1608.0,1102.0,863.0
Wake-3718313-11,355.0,2.0,41.0,409.0,281.0,1.0,4.0,239.0,0.0,0.0,0.0,1.0,0.0,0.0,0.0,0.0,1.0,0.0,0.0,3.0,0.0,1.0,313.0,0.0,0.0,0.0,137.0,0.0,92.0,1.0,184.0,807.0,731.0,525.0
Wake-3718314-01,117.0,0.0,13.0,293.0,45.0,0.0,0.0,47.0,0.0,0.0,0.0,3.0,0.0,0.0,0.0,0.0,0.0,0.0,0.0,0.0,0.0,0.0,64.0,0.0,0.0,0.0,20.0,0.0,6.0,0.0,81.0,423.0,171.0,92.0
Wake-3718314-02,584.0,8.0,82.0,1461.0,283.0,2.0,7.0,278.0,0.0,0.0,0.0,1.0,0.0,0.0,0.0,0.0,0.0,0.0,0.0,1.0,4.0,1.0,582.0,0.0,0.0,0.0,230.0,1.0,107.0,2.0,496.0,2135.0,1424.0,570.0
Wake-3718315-01,350.0,1.0,60.0,808.0,240.0,3.0,10.0,229.0,0.0,0.0,0.0,4.0,0.0,0.0,0.0,0.0,0.0,0.0,0.0,4.0,6.0,1.0,429.0,1.0,0.0,1.0,61.0,2.0,53.0,1.0,284.0,1219.0,843.0,482.0
Wake-3718315-02,578.0,4.0,94.0,990.0,367.0,2.0,10.0,311.0,0.0,0.0,0.0,8.0,0.0,0.0,0.0,0.0,0.0,0.0,1.0,3.0,6.0,1.0,483.0,0.0,0.0,1.0,121.0,2.0,78.0,0.0,367.0,1666.0,1062.0,690.0
Wake-3718315-03,431.0,5.0,63.0,1169.0,258.0,3.0,4.0,250.0,0.0,0.0,0.0,4.0,0.0,0.0,0.0,0.0,0.0,0.0,0.0,3.0,6.0,0.0,556.0,0.0,0.0,1.0,83.0,7.0,76.0,0.0,346.0,1668.0,1078.0,515.0
Wake-3718315-04,208.0,0.0,40.0,451.0,151.0,2.0,9.0,163.0,0.0,0.0,0.0,2.0,0.0,0.0,0.0,0.0,0.0,0.0,0.0,1.0,3.0,1.0,258.0,0.0,1.0,0.0,55.0,1.0,37.0,0.0,152.0,699.0,509.0,325.0
Wake-3718316-01,306.0,1.0,32.0,444.0,149.0,0.0,5.0,159.0,0.0,0.0,0.0,1.0,0.0,0.0,0.0,0.0,0.0,0.0,0.0,1.0,2.0,0.0,151.0,0.0,0.0,2.0,33.0,2.0,17.0,0.0,128.0,783.0,336.0,313.0
Wake-3718316-02,827.0,5.0,39.0,242.0,529.0,1.0,1.0,383.0,0.0,0.0,0.0,1.0,0.0,0.0,1.0,1.0,0.0,0.0,0.0,1.0,2.0,1.0,89.0,0.0,0.0,1.0,10.0,3.0,13.0,1.0,67.0,1113.0,188.0,914.0
Wake-3718316-03,277.0,1.0,35.0,243.0,149.0,2.0,6.0,145.0,0.0,0.0,0.0,1.0,0.0,0.0,0.0,0.0,0.0,0.0,0.0,0.0,1.0,0.0,80.0,0.0,0.0,1.0,12.0,0.0,11.0,0.0,73.0,556.0,178.0,302.0
Wake-3718316-04,349.0,3.0,37.0,339.0,247.0,1.0,6.0,206.0,0.0,0.0,0.0,3.0,0.0,0.0,0.0,0.0,0.0,0.0,0.0,0.0,2.0,0.0,206.0,0.0,0.0,1.0,63.0,1.0,44.0,1.0,149.0,728.0,467.0,460.0
Wake-3718316-05,305.0,4.0,36.0,418.0,171.0,3.0,5.0,196.0,0.0,0.0,0.0,1.0,0.0,0.0,0.0,0.0,0.0,0.0,2.0,2.0,1.0,1.0,211.0,0.0,0.0,0.0,42.0,3.0,20.0,1.0,121.0,763.0,402.0,375.0
Wake-3718316-06,259.0,3.0,29.0,161.0,109.0,1.0,1.0,112.0,0.0,0.0,0.0,0.0,0.0,0.0,0.0,0.0,0.0,0.0,0.0,1.0,1.0,1.0,69.0,1.0,0.0,0.0,8.0,2.0,7.0,0.0,47.0,452.0,137.0,223.0
Wake-3718316-07,439.0,3.0,38.0,561.0,371.0,1.0,8.0,272.0,0.0,1.0,0.0,2.0,0.0,0.0,0.0,0.0,0.0,0.0,0.0,0.0,4.0,0.0,314.0,1.0,0.0,1.0,81.0,2.0,44.0,0.0,188.0,1041.0,635.0,652.0
Wake-3718316-08,1231.0,7.0,38.0,244.0,923.0,0.0,4.0,580.0,0.0,0.0,0.0,3.0,1.0,0.0,0.0,0.0,0.0,0.0,0.0,0.0,3.0,2.0,109.0,0.0,0.0,1.0,25.0,1.0,10.0,0.0,73.0,1520.0,224.0,1507.0
Wake-3718316-09,428.0,3.0,35.0,412.0,293.0,1.0,7.0,219.0,0.0,1.0,0.0,2.0,0.0,0.0,1.0,0.0,0.0,0.0,1.0,0.0,3.0,0.0,209.0,2.0,0.0,2.0,30.0,0.0,34.0,1.0,135.0,878.0,416.0,520.0
Wake-3718317-01,478.0,3.0,26.0,243.0,314.0,0.0,2.0,229.0,0.0,0.0,0.0,1.0,0.0,0.0,0.0,0.0,0.0,0.0,0.0,0.0,3.0,1.0,101.0,0.0,0.0,0.0,17.0,0.0,22.0,0.0,83.0,750.0,227.0,545.0
Wake-3718317-02,120.0,2.0,13.0,163.0,90.0,2.0,1.0,74.0,0.0,0.0,0.0,0.0,0.0,0.0,0.0,0.0,0.0,0.0,1.0,0.0,1.0,0.0,57.0,0.0,0.0,2.0,17.0,1.0,3.0,0.0,72.0,298.0,153.0,167.0
Wake-3718317-03,812.0,5.0,78.0,481.0,645.0,1.0,1.0,532.0,0.0,0.0,0.0,3.0,0.0,0.0,0.0,0.0,0.0,0.0,0.0,1.0,4.0,0.0,294.0,3.0,0.0,2.0,98.0,0.0,64.0,1.0,186.0,1376.0,653.0,1179.0
Wake-3718317-04,606.0,8.0,65.0,484.0,531.0,0.0,9.0,393.0,0.0,0.0,0.0,1.0,0.0,0.0,0.0,0.0,0.0,0.0,0.0,0.0,1.0,1.0,296.0,1.0,0.0,2.0,53.0,1.0,48.0,0.0,223.0,1163.0,626.0,933.0
Wake-3718317-05,690.0,5.0,57.0,373.0,513.0,3.0,2.0,352.0,0.0,1.0,0.0,5.0,0.0,0.0,0.0,0.0,0.0,0.0,0.0,1.0,3.0,1.0,189.0,0.0,0.0,2.0,52.0,0.0,32.0,0.0,113.0,1125.0,393.0,870.0
Wake-3718317-06,272.0,2.0,25.0,386.0,150.0,0.0,4.0,130.0,0.0,0.0,0.0,0.0,0.0,0.0,0.0,0.0,0.0,0.0,0.0,2.0,3.0,1.0,173.0,0.0,0.0,0.0,28.0,1.0,17.0,1.0,134.0,685.0,360.0,284.0
Wake-3718317-07,645.0,3.0,22.0,141.0,509.0,1.0,0.0,334.0,0.0,0.0,0.0,0.0,0.0,0.0,0.0,0.0,0.0,0.0,0.0,1.0,3.0,0.0,60.0,0.0,0.0,2.0,18.0,0.0,19.0,1.0,44.0,811.0,148.0,844.0
Wake-3718317-08,899.0,4.0,84.0,634.0,751.0,2.0,9.0,596.0,0.0,2.0,0.0,4.0,0.0,0.0,0.0,0.0,1.0,0.0,0.0,3.0,6.0,1.0,408.0,0.0,1.0,3.0,85.0,0.0,53.0,0.0,269.0,1621.0,829.0,1358.0
Wake-3718317-09,806.0,8.0,22.0,104.0,528.0,0.0,1.0,339.0,0.0,0.0,0.0,1.0,0.0,0.0,0.0,0.0,0.0,0.0,0.0,0.0,0.0,0.0,41.0,0.0,0.0,0.0,7.0,1.0,6.0,0.0,22.0,940.0,77.0,868.0
Wake-3718317-10,199.0,1.0,13.0,140.0,139.0,1.0,3.0,94.0,0.0,0.0,0.0,1.0,0.0,0.0,0.0,0.0,0.0,0.0,0.0,1.0,0.0,0.0,59.0,0.0,0.0,1.0,8.0,1.0,8.0,0.0,39.0,353.0,117.0,237.0
Wake-3718317-11,757.0,5.0,42.0,310.0,495.0,1.0,6.0,373.0,0.0,0.0,0.0,0.0,0.0,0.0,0.0,0.0,0.0,0.0,0.0,2.0,3.0,0.0,181.0,0.0,0.0,1.0,45.0,0.0,46.0,1.0,105.0,1114.0,384.0,875.0
Wake-3718318-01,982.0,12.0,110.0,478.0,316.0,0.0,2.0,558.0,0.0,0.0,0.0,6.0,0.0,0.0,0.0,0.0,0.0,0.0,0.0,1.0,4.0,2.0,178.0,1.0,0.0,1.0,72.0,2.0,68.0,0.0,71.0,1582.0,400.0,876.0
Wake-3718318-02,508.0,1.0,77.0,919.0,314.0,1.0,4.0,343.0,0.0,1.0,0.0,3.0,0.0,1.0,0.0,0.0,0.0,0.0,0.0,4.0,9.0,1.0,464.0,2.0,0.0,3.0,228.0,2.0,99.0,0.0,336.0,1505.0,1148.0,662.0
Wake-3718318-03,440.0,2.0,42.0,411.0,244.0,0.0,1.0,167.0,0.0,0.0,0.0,0.0,0.0,0.0,0.0,0.0,0.0,0.0,1.0,1.0,2.0,0.0,182.0,0.0,0.0,2.0,120.0,0.0,56.0,0.0,139.0,895.0,502.0,412.0
Wake-3718318-04,519.0,3.0,63.0,738.0,282.0,2.0,8.0,294.0,0.0,0.0,0.0,1.0,0.0,1.0,0.0,0.0,0.0,0.0,0.0,1.0,7.0,1.0,412.0,0.0,0.0,1.0,119.0,0.0,74.0,0.0,244.0,1323.0,859.0,586.0
Wake-3718318-05,581.0,6.0,59.0,772.0,395.0,2.0,5.0,332.0,0.0,0.0,0.0,3.0,0.0,0.0,0.0,0.0,0.0,0.0,0.0,4.0,6.0,1.0,443.0,1.0,0.0,3.0,328.0,2.0,103.0,0.0,330.0,1418.0,1221.0,734.0
Wake-3718318-06,756.0,9.0,71.0,476.0,297.0,2.0,4.0,421.0,0.0,0.0,0.0,5.0,1.0,0.0,0.0,1.0,0.0,0.0,0.0,1.0,4.0,0.0,187.0,1.0,0.0,0.0,77.0,3.0,58.0,0.0,111.0,1312.0,442.0,724.0
Wake-3718318-07,316.0,7.0,41.0,612.0,191.0,2.0,4.0,179.0,0.0,0.0,0.0,2.0,0.0,0.0,0.0,0.0,0.0,0.0,1.0,0.0,3.0,2.0,380.0,1.0,0.0,1.0,81.0,2.0,47.0,0.0,211.0,976.0,728.0,376.0
Wake-3718318-08,587.0,4.0,84.0,646.0,299.0,1.0,8.0,340.0,0.0,0.0,0.0,3.0,0.0,0.0,0.0,0.0,0.0,0.0,1.0,2.0,4.0,0.0,259.0,1.0,0.0,1.0,159.0,2.0,74.0,0.0,211.0,1321.0,713.0,648.0
Wake-3718319-03,343.0,5.0,74.0,554.0,175.0,1.0,3.0,203.0,0.0,0.0,0.0,5.0,0.0,1.0,0.0,0.0,0.0,0.0,0.0,0.0,4.0,1.0,318.0,0.0,0.0,1.0,52.0,2.0,90.0,0.0,165.0,976.0,633.0,382.0
Wake-3718319-04,701.0,4.0,81.0,1071.0,511.0,1.0,2.0,438.0,0.0,0.0,0.0,5.0,0.0,1.0,0.0,1.0,0.0,0.0,1.0,2.0,5.0,0.0,602.0,1.0,0.0,1.0,148.0,2.0,109.0,0.0,370.0,1857.0,1240.0,952.0
Wake-3718319-05,304.0,3.0,47.0,714.0,180.0,3.0,2.0,159.0,0.0,0.0,0.0,4.0,0.0,0.0,0.0,0.0,0.0,0.0,0.0,1.0,4.0,0.0,379.0,0.0,0.0,0.0,96.0,1.0,72.0,0.0,180.0,1068.0,733.0,344.0
Wake-3718319-07,378.0,4.0,47.0,421.0,183.0,1.0,0.0,121.0,0.0,0.0,0.0,4.0,0.0,0.0,0.0,0.0,0.0,0.0,0.0,0.0,0.0,0.0,205.0,0.0,0.0,1.0,43.0,0.0,39.0,0.0,81.0,850.0,369.0,305.0
Wake-3718319-09,286.0,4.0,40.0,570.0,314.0,0.0,3.0,264.0,0.0,0.0,0.0,2.0,0.0,0.0,0.0,0.0,0.0,0.0,0.0,0.0,5.0,1.0,456.0,0.0,0.0,4.0,73.0,2.0,41.0,0.0,262.0,900.0,844.0,581.0
Wake-3718319-10,624.0,8.0,82.0,1047.0,403.0,2.0,6.0,323.0,0.0,0.0,0.0,2.0,0.0,0.0,0.0,0.0,0.0,0.0,0.0,1.0,4.0,5.0,588.0,0.0,0.0,0.0,206.0,2.0,121.0,1.0,387.0,1761.0,1315.0,734.0
Wake-3718319-11,285.0,1.0,58.0,500.0,179.0,0.0,8.0,161.0,0.0,1.0,0.0,1.0,0.0,0.0,0.0,0.0,0.0,0.0,0.0,2.0,5.0,2.0,253.0,0.0,0.0,1.0,72.0,3.0,53.0,0.0,123.0,844.0,514.0,348.0
Wake-3718319-12,491.0,3.0,81.0,730.0,293.0,1.0,4.0,267.0,0.0,1.0,0.0,3.0,0.0,1.0,0.0,0.0,0.0,0.0,1.0,1.0,4.0,2.0,378.0,0.0,0.0,1.0,136.0,2.0,89.0,0.0,282.0,1305.0,895.0,565.0
Wake-3718319-13,329.0,2.0,30.0,297.0,136.0,0.0,3.0,140.0,0.0,0.0,0.0,0.0,0.0,0.0,0.0,0.0,0.0,0.0,0.0,0.0,0.0,0.0,140.0,0.0,0.0,1.0,31.0,0.0,29.0,0.0,88.0,658.0,289.0,279.0
Wake-3718319-14,306.0,4.0,36.0,465.0,167.0,0.0,2.0,129.0,0.0,1.0,0.0,0.0,0.0,0.0,0.0,0.0,0.0,0.0,0.0,2.0,4.0,0.0,165.0,0.0,0.0,0.0,89.0,1.0,57.0,1.0,202.0,811.0,521.0,298.0
Wake-3718319-15,280.0,0.0,31.0,455.0,158.0,0.0,1.0,131.0,0.0,0.0,0.0,0.0,0.0,0.0,0.0,0.0,0.0,0.0,0.0,0.0,2.0,0.0,163.0,0.0,0.0,2.0,72.0,0.0,45.0,0.0,184.0,766.0,468.0,290.0
Wake-3718319-16,291.0,3.0,29.0,406.0,227.0,0.0,3.0,178.0,0.0,0.0,0.0,1.0,0.0,0.0,0.0,0.0,0.0,0.0,1.0,2.0,1.0,0.0,218.0,0.0,0.0,1.0,32.0,2.0,36.0,0.0,132.0,729.0,424.0,408.0
Wake-3718319-17,658.0,3.0,62.0,488.0,469.0,0.0,1.0,398.0,1.0,0.0,0.0,1.0,0.0,0.0,1.0,0.0,0.0,0.0,0.0,2.0,6.0,1.0,289.0,0.0,0.0,1.0,73.0,3.0,46.0,0.0,133.0,1211.0,554.0,868.0
Wake-3718320-01,411.0,1.0,83.0,473.0,243.0,2.0,1.0,206.0,0.0,0.0,0.0,2.0,0.0,0.0,0.0,0.0,0.0,0.0,0.0,0.0,7.0,0.0,200.0,0.0,0.0,0.0,69.0,1.0,47.0,1.0,127.0,968.0,452.0,452.0
Wake-3718320-03,352.0,3.0,68.0,495.0,227.0,0.0,2.0,266.0,0.0,1.0,0.0,0.0,0.0,0.0,0.0,0.0,0.0,0.0,0.0,1.0,2.0,2.0,288.0,0.0,0.0,0.0,133.0,3.0,67.0,0.0,155.0,918.0,651.0,495.0
Wake-3718320-04,544.0,4.0,81.0,495.0,254.0,2.0,0.0,277.0,0.0,0.0,0.0,3.0,0.0,0.0,0.0,0.0,0.0,0.0,0.0,4.0,1.0,0.0,220.0,0.0,0.0,0.0,141.0,4.0,72.0,0.0,148.0,1124.0,590.0,533.0
Wake-3718320-05,449.0,2.0,60.0,586.0,315.0,0.0,3.0,256.0,0.0,0.0,0.0,2.0,0.0,1.0,0.0,0.0,0.0,0.0,0.0,3.0,2.0,0.0,307.0,2.0,1.0,2.0,201.0,3.0,76.0,0.0,254.0,1097.0,851.0,574.0
Wake-3718320-06A,598.0,6.0,87.0,553.0,296.0,1.0,5.0,337.0,0.0,3.0,1.0,2.0,0.0,0.0,0.0,0.0,0.0,0.0,0.0,2.0,13.0,1.0,327.0,0.0,0.0,2.0,123.0,1.0,67.0,0.0,140.0,1244.0,676.0,639.0
Wake-3718320-06B,473.0,4.0,94.0,594.0,220.0,1.0,1.0,289.0,0.0,0.0,0.0,4.0,0.0,0.0,0.0,0.0,0.0,0.0,1.0,2.0,5.0,1.0,358.0,0.0,0.0,2.0,153.0,7.0,76.0,0.0,166.0,1165.0,770.0,511.0
Wake-3718320-08,474.0,3.0,91.0,593.0,242.0,1.0,4.0,279.0,0.0,0.0,0.0,5.0,0.0,0.0,0.0,0.0,0.0,0.0,0.0,5.0,2.0,0.0,336.0,0.0,1.0,1.0,160.0,4.0,81.0,0.0,220.0,1161.0,810.0,526.0
Wake-3718320-09,371.0,2.0,39.0,476.0,210.0,1.0,2.0,193.0,0.0,0.0,0.0,0.0,0.0,1.0,0.0,0.0,0.0,0.0,0.0,1.0,4.0,0.0,192.0,1.0,0.0,0.0,129.0,1.0,64.0,0.0,125.0,888.0,517.0,406.0
Wake-3718320-10,556.0,5.0,48.0,463.0,296.0,0.0,3.0,262.0,0.0,0.0,0.0,3.0,0.0,0.0,0.0,0.0,0.0,0.0,1.0,6.0,6.0,0.0,234.0,0.0,1.0,0.0,202.0,5.0,67.0,1.0,163.0,1072.0,685.0,561.0
Wake-3718320-11,438.0,0.0,96.0,631.0,221.0,1.0,3.0,283.0,1.0,0.0,0.0,2.0,0.0,0.0,0.0,0.0,0.0,0.0,0.0,1.0,5.0,0.0,324.0,1.0,0.0,1.0,142.0,3.0,76.0,0.0,168.0,1165.0,721.0,508.0
Wake-3718320-12,246.0,6.0,52.0,383.0,150.0,3.0,5.0,172.0,0.0,1.0,0.0,2.0,0.0,0.0,0.0,0.0,0.0,0.0,0.0,0.0,3.0,0.0,208.0,0.0,0.0,0.0,96.0,1.0,44.0,0.0,120.0,687.0,472.0,330.0
Wake-3718320-14,743.0,6.0,72.0,665.0,437.0,0.0,1.0,334.0,0.0,1.0,0.0,4.0,0.0,0.0,0.0,0.0,0.0,0.0,0.0,2.0,2.0,0.0,294.0,0.0,0.0,0.0,190.0,1.0,91.0,2.0,246.0,1486.0,828.0,772.0
Wake-3718320-15,573.0,4.0,51.0,410.0,225.0,0.0,2.0,250.0,0.0,0.0,0.0,1.0,0.0,0.0,0.0,0.0,0.0,0.0,1.0,0.0,1.0,1.0,138.0,0.0,0.0,0.0,96.0,0.0,55.0,0.0,123.0,1038.0,414.0,477.0
Wake-3718320-16,468.0,8.0,45.0,318.0,211.0,1.0,0.0,238.0,0.0,0.0,0.0,1.0,1.0,0.0,0.0,0.0,0.0,0.0,0.0,0.0,1.0,2.0,156.0,1.0,0.0,0.0,71.0,1.0,40.0,0.0,93.0,839.0,365.0,450.0
Wake-3718320-17,485.0,3.0,62.0,426.0,234.0,0.0,3.0,193.0,0.0,0.0,0.0,0.0,0.0,0.0,0.0,0.0,0.0,0.0,0.0,4.0,2.0,0.0,206.0,2.0,0.0,1.0,160.0,1.0,61.0,0.0,167.0,976.0,604.0,430.0
Wake-37183ABSEN,0.0,0.0,0.0,0.0,1410.0,3.0,18.0,1035.0,0.0,1.0,1.0,6.0,0.0,2.0,1.0,0.0,0.0,0.0,1.0,22.0,46.0,7.0,818.0,6.0,1.0,9.0,430.0,4.0,458.0,4.0,734.0,0.0,2539.0,2466.0
Wake-37183ABSEN 1-40,13150.0,81.0,954.0,9276.0,0.0,0.0,0.0,0.0,0.0,0.0,0.0,0.0,0.0,0.0,0.0,0.0,0.0,0.0,0.0,0.0,0.0,0.0,0.0,0.0,0.0,0.0,0.0,0.0,0.0,0.0,0.0,23461.0,0.0,0.0
Wake-37183ABSEN 41-80,2543.0,0.0,175.0,1895.0,0.0,0.0,0.0,0.0,0.0,0.0,0.0,0.0,0.0,0.0,0.0,0.0,0.0,0.0,0.0,0.0,0.0,0.0,0.0,0.0,0.0,0.0,0.0,0.0,0.0,0.0,0.0,4613.0,0.0,0.0
Wake-37183ABSEN 81-91,46.0,0.0,7.0,39.0,0.0,0.0,0.0,0.0,0.0,0.0,0.0,0.0,0.0,0.0,0.0,0.0,0.0,0.0,0.0,0.0,0.0,0.0,0.0,0.0,0.0,0.0,0.0,0.0,0.0,0.0,0.0,92.0,0.0,0.0
Wake-37183OSAB 1-40,6151.0,31.0,341.0,4415.0,0.0,0.0,0.0,0.0,0.0,0.0,0.0,0.0,0.0,0.0,0.0,0.0,0.0,0.0,0.0,0.0,0.0,0.0,0.0,0.0,0.0,0.0,0.0,0.0,0.0,0.0,0.0,10938.0,0.0,0.0
Wake-37183OSAB 41-80,1163.0,0.0,54.0,753.0,0.0,0.0,0.0,0.0,0.0,0.0,0.0,0.0,0.0,0.0,0.0,0.0,0.0,0.0,0.0,0.0,0.0,0.0,0.0,0.0,0.0,0.0,0.0,0.0,0.0,0.0,0.0,1970.0,0.0,0.0
Wake-37183OSAB 81-91,57.0,0.0,6.0,41.0,0.0,0.0,0.0,0.0,0.0,0.0,0.0,0.0,0.0,0.0,0.0,0.0,0.0,0.0,0.0,0.0,0.0,0.0,0.0,0.0,0.0,0.0,0.0,0.0,0.0,0.0,0.0,104.0,0.0,0.0
Wake-37183OSAP,0.0,0.0,0.0,0.0,1952.0,2.0,14.0,1724.0,0.0,1.0,0.0,10.0,0.0,0.0,0.0,0.0,0.0,0.0,0.0,8.0,18.0,2.0,1251.0,5.0,1.0,3.0,445.0,6.0,398.0,0.0,1010.0,0.0,3147.0,3692.0
Wake-37183OSAP 1-40,14795.0,65.0,777.0,9660.0,0.0,0.0,0.0,0.0,0.0,0.0,0.0,0.0,0.0,0.0,0.0,0.0,0.0,0.0,0.0,0.0,0.0,0.0,0.0,0.0,0.0,0.0,0.0,0.0,0.0,0.0,0.0,25297.0,0.0,0.0
Wake-37183OSAP 41-80,1882.0,0.0,112.0,1344.0,0.0,0.0,0.0,0.0,0.0,0.0,0.0,0.0,0.0,0.0,0.0,0.0,0.0,0.0,0.0,0.0,0.0,0.0,0.0,0.0,0.0,0.0,0.0,0.0,0.0,0.0,0.0,3338.0,0.0,0.0
Wake-37183OSAP 81-91,3.0,0.0,0.0,1.0,0.0,0.0,0.0,0.0,0.0,0.0,0.0,0.0,0.0,0.0,0.0,0.0,0.0,0.0,0.0,0.0,0.0,0.0,0.0,0.0,0.0,0.0,0.0,0.0,0.0,0.0,0.0,4.0,0.0,0.0
Wake-37183OSAV,0.0,0.0,0.0,0.0,1509.0,6.0,12.0,852.0,0.0,0.0,1.0,2.0,0.0,0.0,0.0,0.0,0.0,0.0,0.0,1.0,17.0,1.0,549.0,1.0,0.0,3.0,129.0,3.0,95.0,0.0,487.0,0.0,1286.0,2379.0
Wake-37183OSAV 1-40,8952.0,39.0,365.0,5317.0,0.0,0.0,0.0,0.0,0.0,0.0,0.0,0.0,0.0,0.0,0.0,0.0,0.0,0.0,0.0,0.0,0.0,0.0,0.0,0.0,0.0,0.0,0.0,0.0,0.0,0.0,0.0,14673.0,0.0,0.0
Wake-37183OSAV 41-80,1335.0,0.0,75.0,942.0,0.0,0.0,0.0,0.0,0.0,0.0,0.0,0.0,0.0,0.0,0.0,0.0,0.0,0.0,0.0,0.0,0.0,0.0,0.0,0.0,0.0,0.0,0.0,0.0,0.0,0.0,0.0,2352.0,0.0,0.0
Wake-37183OSAV 81-91,90.0,0.0,1.0,52.0,0.0,0.0,0.0,0.0,0.0,0.0,0.0,0.0,0.0,0.0,0.0,0.0,0.0,0.0,0.0,0.0,0.0,0.0,0.0,0.0,0.0,0.0,0.0,0.0,0.0,0.0,0.0,143.0,0.0,0.0
Wake-37183OSCA,0.0,0.0,0.0,0.0,3179.0,3.0,16.0,2707.0,1.0,1.0,1.0,13.0,1.0,0.0,1.0,1.0,1.0,0.0,2.0,9.0,15.0,3.0,1140.0,4.0,0.0,2.0,597.0,7.0,430.0,1.0,1001.0,0.0,3209.0,5905.0
Wake-37183OSCA 1-40,17254.0,135.0,659.0,7539.0,0.0,0.0,0.0,0.0,0.0,0.0,0.0,0.0,0.0,0.0,0.0,0.0,0.0,0.0,0.0,0.0,0.0,0.0,0.0,0.0,0.0,0.0,0.0,0.0,0.0,0.0,0.0,25587.0,0.0,0.0
Wake-37183OSCA 41-80,3961.0,0.0,178.0,1890.0,0.0,0.0,0.0,0.0,0.0,0.0,0.0,0.0,0.0,0.0,0.0,0.0,0.0,0.0,0.0,0.0,0.0,0.0,0.0,0.0,0.0,0.0,0.0,0.0,0.0,0.0,0.0,6029.0,0.0,0.0
Wake-37183OSCA 81-91,114.0,0.0,5.0,41.0,0.0,0.0,0.0,0.0,0.0,0.0,0.0,0.0,0.0,0.0,0.0,0.0,0.0,0.0,0.0,0.0,0.0,0.0,0.0,0.0,0.0,0.0,0.0,0.0,0.0,0.0,0.0,160.0,0.0,0.0
Wake-37183OSCB 1-40,7474.0,63.0,447.0,2331.0,0.0,0.0,0.0,0.0,0.0,0.0,0.0,0.0,0.0,0.0,0.0,0.0,0.0,0.0,0.0,0.0,0.0,0.0,0.0,0.0,0.0,0.0,0.0,0.0,0.0,0.0,0.0,10315.0,0.0,0.0
Wake-37183OSCB 41-80,794.0,0.0,41.0,264.0,0.0,0.0,0.0,0.0,0.0,0.0,0.0,0.0,0.0,0.0,0.0,0.0,0.0,0.0,0.0,0.0,0.0,0.0,0.0,0.0,0.0,0.0,0.0,0.0,0.0,0.0,0.0,1099.0,0.0,0.0
Wake-37183OSCB 81-91,31.0,0.0,3.0,14.0,0.0,0.0,0.0,0.0,0.0,0.0,0.0,0.0,0.0,0.0,0.0,0.0,0.0,0.0,0.0,0.0,0.0,0.0,0.0,0.0,0.0,0.0,0.0,0.0,0.0,0.0,0.0,48.0,0.0,0.0
Wake-37183OSCH,0.0,0.0,0.0,0.0,4910.0,2.0,17.0,1842.0,0.0,0.0,0.0,4.0,0.0,0.0,1.0,1.0,0.0,0.0,0.0,5.0,10.0,0.0,101.0,1.0,1.0,2.0,84.0,1.0,66.0,1.0,125.0,0.0,397.0,6771.0
Wake-37183OSCH 1-40,20232.0,63.0,234.0,916.0,0.0,0.0,0.0,0.0,0.0,0.0,0.0,0.0,0.0,0.0,0.0,0.0,0.0,0.0,0.0,0.0,0.0,0.0,0.0,0.0,0.0,0.0,0.0,0.0,0.0,0.0,0.0,21445.0,0.0,0.0
Wake-37183OSCH 41-80,2760.0,0.0,63.0,188.0,0.0,0.0,0.0,0.0,0.0,0.0,0.0,0.0,0.0,0.0,0.0,0.0,0.0,0.0,0.0,0.0,0.0,0.0,0.0,0.0,0.0,0.0,0.0,0.0,0.0,0.0,0.0,3011.0,0.0,0.0
Wake-37183OSCH 81-91,217.0,0.0,2.0,12.0,0.0,0.0,0.0,0.0,0.0,0.0,0.0,0.0,0.0,0.0,0.0,0.0,0.0,0.0,0.0,0.0,0.0,0.0,0.0,0.0,0.0,0.0,0.0,0.0,0.0,0.0,0.0,231.0,0.0,0.0
Wake-37183OSFB 1-40,7183.0,30.0,358.0,3103.0,0.0,0.0,0.0,0.0,0.0,0.0,0.0,0.0,0.0,0.0,0.0,0.0,0.0,0.0,0.0,0.0,0.0,0.0,0.0,0.0,0.0,0.0,0.0,0.0,0.0,0.0,0.0,10674.0,0.0,0.0
Wake-37183OSFB 41-80,733.0,0.0,44.0,326.0,0.0,0.0,0.0,0.0,0.0,0.0,0.0,0.0,0.0,0.0,0.0,0.0,0.0,0.0,0.0,0.0,0.0,0.0,0.0,0.0,0.0,0.0,0.0,0.0,0.0,0.0,0.0,1103.0,0.0,0.0
Wake-37183OSFB 81-91,4.0,0.0,0.0,1.0,0.0,0.0,0.0,0.0,0.0,0.0,0.0,0.0,0.0,0.0,0.0,0.0,0.0,0.0,0.0,0.0,0.0,0.0,0.0,0.0,0.0,0.0,0.0,0.0,0.0,0.0,0.0,5.0,0.0,0.0
Wake-37183OSFV,0.0,0.0,0.0,0.0,1021.0,4.0,14.0,812.0,0.0,0.0,0.0,5.0,0.0,0.0,1.0,0.0,0.0,0.0,0.0,7.0,17.0,3.0,930.0,1.0,1.0,5.0,271.0,1.0,216.0,1.0,794.0,0.0,2247.0,1851.0
Wake-37183OSFV 1-40,3595.0,29.0,231.0,5000.0,0.0,0.0,0.0,0.0,0.0,0.0,0.0,0.0,0.0,0.0,0.0,0.0,0.0,0.0,0.0,0.0,0.0,0.0,0.0,0.0,0.0,0.0,0.0,0.0,0.0,0.0,0.0,8855.0,0.0,0.0
Wake-37183OSFV 41-80,110.0,0.0,11.0,194.0,0.0,0.0,0.0,0.0,0.0,0.0,0.0,0.0,0.0,0.0,0.0,0.0,0.0,0.0,0.0,0.0,0.0,0.0,0.0,0.0,0.0,0.0,0.0,0.0,0.0,0.0,0.0,315.0,0.0,0.0
Wake-37183OSFV 81-91,1.0,0.0,0.0,1.0,0.0,0.0,0.0,0.0,0.0,0.0,0.0,0.0,0.0,0.0,0.0,0.0,0.0,0.0,0.0,0.0,0.0,0.0,0.0,0.0,0.0,0.0,0.0,0.0,0.0,0.0,0.0,2.0,0.0,0.0
Wake-37183OSGR 1-40,8203.0,38.0,251.0,2272.0,0.0,0.0,0.0,0.0,0.0,0.0,0.0,0.0,0.0,0.0,0.0,0.0,0.0,0.0,0.0,0.0,0.0,0.0,0.0,0.0,0.0,0.0,0.0,0.0,0.0,0.0,0.0,10764.0,0.0,0.0
Wake-37183OSGR 41-80,1988.0,0.0,57.0,736.0,0.0,0.0,0.0,0.0,0.0,0.0,0.0,0.0,0.0,0.0,0.0,0.0,0.0,0.0,0.0,0.0,0.0,0.0,0.0,0.0,0.0,0.0,0.0,0.0,0.0,0.0,0.0,2781.0,0.0,0.0
Wake-37183OSGR 81-91,45.0,0.0,1.0,23.0,0.0,0.0,0.0,0.0,0.0,0.0,0.0,0.0,0.0,0.0,0.0,0.0,0.0,0.0,0.0,0.0,0.0,0.0,0.0,0.0,0.0,0.0,0.0,0.0,0.0,0.0,0.0,69.0,0.0,0.0
Wake-37183OSHS 1-40,7865.0,32.0,480.0,5991.0,0.0,0.0,0.0,0.0,0.0,0.0,0.0,0.0,0.0,0.0,0.0,0.0,0.0,0.0,0.0,0.0,0.0,0.0,0.0,0.0,0.0,0.0,0.0,0.0,0.0,0.0,0.0,14368.0,0.0,0.0
Wake-37183OSHS 41-80,121.0,0.0,7.0,62.0,0.0,0.0,0.0,0.0,0.0,0.0,0.0,0.0,0.0,0.0,0.0,0.0,0.0,0.0,0.0,0.0,0.0,0.0,0.0,0.0,0.0,0.0,0.0,0.0,0.0,0.0,0.0,190.0,0.0,0.0
Wake-37183OSHS 81-91,0.0,0.0,0.0,1.0,0.0,0.0,0.0,0.0,0.0,0.0,0.0,0.0,0.0,0.0,0.0,0.0,0.0,0.0,0.0,0.0,0.0,0.0,0.0,0.0,0.0,0.0,0.0,0.0,0.0,0.0,0.0,1.0,0.0,0.0
Wake-37183OSKD 1-40,3296.0,19.0,124.0,1731.0,0.0,0.0,0.0,0.0,0.0,0.0,0.0,0.0,0.0,0.0,0.0,0.0,0.0,0.0,0.0,0.0,0.0,0.0,0.0,0.0,0.0,0.0,0.0,0.0,0.0,0.0,0.0,5170.0,0.0,0.0
Wake-37183OSKD 41-80,2369.0,0.0,88.0,1181.0,0.0,0.0,0.0,0.0,0.0,0.0,0.0,0.0,0.0,0.0,0.0,0.0,0.0,0.0,0.0,0.0,0.0,0.0,0.0,0.0,0.0,0.0,0.0,0.0,0.0,0.0,0.0,3638.0,0.0,0.0
Wake-37183OSKD 81-91,74.0,0.0,1.0,28.0,0.0,0.0,0.0,0.0,0.0,0.0,0.0,0.0,0.0,0.0,0.0,0.0,0.0,0.0,0.0,0.0,0.0,0.0,0.0,0.0,0.0,0.0,0.0,0.0,0.0,0.0,0.0,103.0,0.0,0.0
Wake-37183OSLL,0.0,0.0,0.0,0.0,3555.0,10.0,23.0,2655.0,0.0,3.0,0.0,13.0,0.0,1.0,0.0,3.0,2.0,0.0,1.0,4.0,16.0,4.0,1338.0,4.0,1.0,2.0,666.0,8.0,561.0,1.0,1198.0,0.0,3803.0,6243.0
Wake-37183OSLL 1-40,13267.0,62.0,500.0,6449.0,0.0,0.0,0.0,0.0,0.0,0.0,0.0,0.0,0.0,0.0,0.0,0.0,0.0,0.0,0.0,0.0,0.0,0.0,0.0,0.0,0.0,0.0,0.0,0.0,0.0,0.0,0.0,20278.0,0.0,0.0
Wake-37183OSLL 41-80,5119.0,0.0,173.0,2143.0,0.0,0.0,0.0,0.0,0.0,0.0,0.0,0.0,0.0,0.0,0.0,0.0,0.0,0.0,0.0,0.0,0.0,0.0,0.0,0.0,0.0,0.0,0.0,0.0,0.0,0.0,0.0,7435.0,0.0,0.0
Wake-37183OSLL 81-91,72.0,0.0,5.0,23.0,0.0,0.0,0.0,0.0,0.0,0.0,0.0,0.0,0.0,0.0,0.0,0.0,0.0,0.0,0.0,0.0,0.0,0.0,0.0,0.0,0.0,0.0,0.0,0.0,0.0,0.0,0.0,100.0,0.0,0.0
Wake-37183OSLOB,0.0,0.0,0.0,0.0,2155.0,8.0,14.0,1850.0,0.0,2.0,1.0,11.0,0.0,2.0,0.0,0.0,0.0,0.0,0.0,7.0,11.0,0.0,324.0,1.0,0.0,3.0,280.0,6.0,230.0,0.0,326.0,0.0,1188.0,4027.0
Wake-37183OSLOB 1-40,9474.0,57.0,383.0,2423.0,0.0,0.0,0.0,0.0,0.0,0.0,0.0,0.0,0.0,0.0,0.0,0.0,0.0,0.0,0.0,0.0,0.0,0.0,0.0,0.0,0.0,0.0,0.0,0.0,0.0,0.0,0.0,12337.0,0.0,0.0
Wake-37183OSLOB 41-80,2960.0,0.0,122.0,693.0,0.0,0.0,0.0,0.0,0.0,0.0,0.0,0.0,0.0,0.0,0.0,0.0,0.0,0.0,0.0,0.0,0.0,0.0,0.0,0.0,0.0,0.0,0.0,0.0,0.0,0.0,0.0,3775.0,0.0,0.0
Wake-37183OSLOB 81-91,120.0,0.0,2.0,20.0,0.0,0.0,0.0,0.0,0.0,0.0,0.0,0.0,0.0,0.0,0.0,0.0,0.0,0.0,0.0,0.0,0.0,0.0,0.0,0.0,0.0,0.0,0.0,0.0,0.0,0.0,0.0,142.0,0.0,0.0
Wake-37183OSNB 1-40,2953.0,10.0,220.0,3762.0,0.0,0.0,0.0,0.0,0.0,0.0,0.0,0.0,0.0,0.0,0.0,0.0,0.0,0.0,0.0,0.0,0.0,0.0,0.0,0.0,0.0,0.0,0.0,0.0,0.0,0.0,0.0,6945.0,0.0,0.0
Wake-37183OSNB 41-80,772.0,0.0,35.0,677.0,0.0,0.0,0.0,0.0,0.0,0.0,0.0,0.0,0.0,0.0,0.0,0.0,0.0,0.0,0.0,0.0,0.0,0.0,0.0,0.0,0.0,0.0,0.0,0.0,0.0,0.0,0.0,1484.0,0.0,0.0
Wake-37183OSNB 81-91,10.0,0.0,0.0,51.0,0.0,0.0,0.0,0.0,0.0,0.0,0.0,0.0,0.0,0.0,0.0,0.0,0.0,0.0,0.0,0.0,0.0,0.0,0.0,0.0,0.0,0.0,0.0,0.0,0.0,0.0,0.0,61.0,0.0,0.0
Wake-37183OSNR,0.0,0.0,0.0,0.0,1909.0,4.0,10.0,1131.0,0.0,1.0,0.0,3.0,0.0,0.0,0.0,0.0,0.0,0.0,0.0,6.0,22.0,1.0,1097.0,1.0,1.0,1.0,369.0,3.0,312.0,1.0,947.0,0.0,2761.0,3054.0
Wake-37183OSNR 1-40,8776.0,38.0,396.0,7193.0,0.0,0.0,0.0,0.0,0.0,0.0,0.0,0.0,0.0,0.0,0.0,0.0,0.0,0.0,0.0,0.0,0.0,0.0,0.0,0.0,0.0,0.0,0.0,0.0,0.0,0.0,0.0,16403.0,0.0,0.0
Wake-37183OSNR 41-80,592.0,0.0,18.0,255.0,0.0,0.0,0.0,0.0,0.0,0.0,0.0,0.0,0.0,0.0,0.0,0.0,0.0,0.0,0.0,0.0,0.0,0.0,0.0,0.0,0.0,0.0,0.0,0.0,0.0,0.0,0.0,865.0,0.0,0.0
Wake-37183OSNR 81-91,10.0,0.0,0.0,23.0,0.0,0.0,0.0,0.0,0.0,0.0,0.0,0.0,0.0,0.0,0.0,0.0,0.0,0.0,0.0,0.0,0.0,0.0,0.0,0.0,0.0,0.0,0.0,0.0,0.0,0.0,0.0,33.0,0.0,0.0
Wake-37183OSOP 1-40,6375.0,39.0,406.0,4165.0,0.0,0.0,0.0,0.0,0.0,0.0,0.0,0.0,0.0,0.0,0.0,0.0,0.0,0.0,0.0,0.0,0.0,0.0,0.0,0.0,0.0,0.0,0.0,0.0,0.0,0.0,0.0,10985.0,0.0,0.0
Wake-37183OSOP 41-80,2094.0,0.0,121.0,1274.0,0.0,0.0,0.0,0.0,0.0,0.0,0.0,0.0,0.0,0.0,0.0,0.0,0.0,0.0,0.0,0.0,0.0,0.0,0.0,0.0,0.0,0.0,0.0,0.0,0.0,0.0,0.0,3489.0,0.0,0.0
Wake-37183OSOP 81-91,17.0,0.0,0.0,19.0,0.0,0.0,0.0,0.0,0.0,0.0,0.0,0.0,0.0,0.0,0.0,0.0,0.0,0.0,0.0,0.0,0.0,0.0,0.0,0.0,0.0,0.0,0.0,0.0,0.0,0.0,0.0,36.0,0.0,0.0
Wake-37183OSTC 1-40,3650.0,8.0,263.0,2258.0,0.0,0.0,0.0,0.0,0.0,0.0,0.0,0.0,0.0,0.0,0.0,0.0,0.0,0.0,0.0,0.0,0.0,0.0,0.0,0.0,0.0,0.0,0.0,0.0,0.0,0.0,0.0,6179.0,0.0,0.0
Wake-37183OSTC 41-80,317.0,0.0,22.0,170.0,0.0,0.0,0.0,0.0,0.0,0.0,0.0,0.0,0.0,0.0,0.0,0.0,0.0,0.0,0.0,0.0,0.0,0.0,0.0,0.0,0.0,0.0,0.0,0.0,0.0,0.0,0.0,509.0,0.0,0.0
Wake-37183OSTC 81-91,9.0,0.0,0.0,6.0,0.0,0.0,0.0,0.0,0.0,0.0,0.0,0.0,0.0,0.0,0.0,0.0,0.0,0.0,0.0,0.0,0.0,0.0,0.0,0.0,0.0,0.0,0.0,0.0,0.0,0.0,0.0,15.0,0.0,0.0
Wake-37183OSWA 1-40,2356.0,19.0,201.0,2838.0,0.0,0.0,0.0,0.0,0.0,0.0,0.0,0.0,0.0,0.0,0.0,0.0,0.0,0.0,0.0,0.0,0.0,0.0,0.0,0.0,0.0,0.0,0.0,0.0,0.0,0.0,0.0,5414.0,0.0,0.0
Wake-37183OSWA 41-80,1099.0,0.0,89.0,1364.0,0.0,0.0,0.0,0.0,0.0,0.0,0.0,0.0,0.0,0.0,0.0,0.0,0.0,0.0,0.0,0.0,0.0,0.0,0.0,0.0,0.0,0.0,0.0,0.0,0.0,0.0,0.0,2552.0,0.0,0.0
Wake-37183OSWA 81-91,16.0,0.0,1.0,11.0,0.0,0.0,0.0,0.0,0.0,0.0,0.0,0.0,0.0,0.0,0.0,0.0,0.0,0.0,0.0,0.0,0.0,0.0,0.0,0.0,0.0,0.0,0.0,0.0,0.0,0.0,0.0,28.0,0.0,0.0
Wake-37183OSWD,0.0,0.0,0.0,0.0,1169.0,0.0,11.0,552.0,0.0,1.0,0.0,0.0,0.0,0.0,0.0,2.0,1.0,0.0,0.0,4.0,8.0,1.0,514.0,0.0,0.0,2.0,92.0,3.0,96.0,1.0,441.0,0.0,1162.0,1732.0
Wake-37183OSWD 1-40,1694.0,10.0,117.0,2021.0,0.0,0.0,0.0,0.0,0.0,0.0,0.0,0.0,0.0,0.0,0.0,0.0,0.0,0.0,0.0,0.0,0.0,0.0,0.0,0.0,0.0,0.0,0.0,0.0,0.0,0.0,0.0,3842.0,0.0,0.0
Wake-37183OSWD 41-80,852.0,0.0,52.0,755.0,0.0,0.0,0.0,0.0,0.0,0.0,0.0,0.0,0.0,0.0,0.0,0.0,0.0,0.0,0.0,0.0,0.0,0.0,0.0,0.0,0.0,0.0,0.0,0.0,0.0,0.0,0.0,1659.0,0.0,0.0
Wake-37183OSWD 81-91,6.0,0.0,3.0,4.0,0.0,0.0,0.0,0.0,0.0,0.0,0.0,0.0,0.0,0.0,0.0,0.0,0.0,0.0,0.0,0.0,0.0,0.0,0.0,0.0,0.0,0.0,0.0,0.0,0.0,0.0,0.0,13.0,0.0,0.0
Wake-37183OSZB 1-40,3532.0,15.0,147.0,3035.0,0.0,0.0,0.0,0.0,0.0,0.0,0.0,0.0,0.0,0.0,0.0,0.0,0.0,0.0,0.0,0.0,0.0,0.0,0.0,0.0,0.0,0.0,0.0,0.0,0.0,0.0,0.0,6729.0,0.0,0.0
Wake-37183OSZB 41-80,1112.0,0.0,30.0,446.0,0.0,0.0,0.0,0.0,0.0,0.0,0.0,0.0,0.0,0.0,0.0,0.0,0.0,0.0,0.0,0.0,0.0,0.0,0.0,0.0,0.0,0.0,0.0,0.0,0.0,0.0,0.0,1588.0,0.0,0.0
Wake-37183OSZB 81-91,7.0,0.0,0.0,5.0,0.0,0.0,0.0,0.0,0.0,0.0,0.0,0.0,0.0,0.0,0.0,0.0,0.0,0.0,0.0,0.0,0.0,0.0,0.0,0.0,0.0,0.0,0.0,0.0,0.0,0.0,0.0,12.0,0.0,0.0
Wake-37183PROVI,0.0,0.0,0.0,0.0,1005.0,3.0,7.0,1732.0,1.0,0.0,0.0,7.0,0.0,0.0,0.0,2.0,1.0,0.0,1.0,5.0,14.0,0.0,619.0,1.0,0.0,6.0,232.0,13.0,211.0,2.0,425.0,0.0,1528.0,2747.0
Wake-37183PROVI 1-40,2046.0,14.0,185.0,1111.0,0.0,0.0,0.0,0.0,0.0,0.0,0.0,0.0,0.0,0.0,0.0,0.0,0.0,0.0,0.0,0.0,0.0,0.0,0.0,0.0,0.0,0.0,0.0,0.0,0.0,0.0,0.0,3356.0,0.0,0.0
Wake-37183PROVI 41-80,393.0,5.0,41.0,260.0,0.0,0.0,0.0,0.0,0.0,0.0,0.0,0.0,0.0,0.0,0.0,0.0,0.0,0.0,0.0,0.0,0.0,0.0,0.0,0.0,0.0,0.0,0.0,0.0,0.0,0.0,0.0,699.0,0.0,0.0
Wake-37183PROVI 81-91,15.0,0.0,3.0,9.0,0.0,0.0,0.0,0.0,0.0,0.0,0.0,0.0,0.0,0.0,0.0,0.0,0.0,0.0,0.0,0.0,0.0,0.0,0.0,0.0,0.0,0.0,0.0,0.0,0.0,0.0,0.0,27.0,0.0,0.0
Wake-37183TRANS,0.0,0.0,0.0,0.0,0.0,0.0,0.0,0.0,0.0,0.0,0.0,0.0,0.0,0.0,0.0,0.0,0.0,0.0,0.0,0.0,0.0,0.0,0.0,0.0,0.0,0.0,0.0,0.0,0.0,0.0,0.0,0.0,0.0,0.0
Wake-37183TRANS 1-40,0.0,0.0,0.0,0.0,0.0,0.0,0.0,0.0,0.0,0.0,0.0,0.0,0.0,0.0,0.0,0.0,0.0,0.0,0.0,0.0,0.0,0.0,0.0,0.0,0.0,0.0,0.0,0.0,0.0,0.0,0.0,0.0,0.0,0.0
Wake-37183TRANS 41-80,0.0,0.0,0.0,0.0,0.0,0.0,0.0,0.0,0.0,0.0,0.0,0.0,0.0,0.0,0.0,0.0,0.0,0.0,0.0,0.0,0.0,0.0,0.0,0.0,0.0,0.0,0.0,0.0,0.0,0.0,0.0,0.0,0.0,0.0
Wake-37183TRANS 81-91,0.0,0.0,0.0,0.0,0.0,0.0,0.0,0.0,0.0,0.0,0.0,0.0,0.0,0.0,0.0,0.0,0.0,0.0,0.0,0.0,0.0,0.0,0.0,0.0,0.0,0.0,0.0,0.0,0.0,0.0,0.0,0.0,0.0,0.0
Warren-37185001,317.0,0.0,12.0,437.0,138.0,3.0,4.0,73.0,0.0,0.0,0.0,0.0,0.0,0.0,0.0,0.0,0.0,0.0,0.0,0.0,2.0,0.0,61.0,0.0,0.0,0.0,26.0,0.0,8.0,0.0,97.0,766.0,194.0,218.0
Warren-37185002,247.0,0.0,9.0,363.0,116.0,3.0,8.0,64.0,0.0,0.0,0.0,0.0,0.0,0.0,0.0,0.0,0.0,0.0,0.0,0.0,0.0,0.0,39.0,0.0,0.0,0.0,21.0,0.0,13.0,0.0,77.0,619.0,150.0,191.0
Warren-37185003,445.0,0.0,11.0,254.0,195.0,3.0,11.0,83.0,0.0,0.0,0.0,0.0,0.0,0.0,0.0,0.0,0.0,0.0,0.0,0.0,0.0,0.0,23.0,0.0,0.0,1.0,1.0,0.0,4.0,0.0,43.0,710.0,72.0,292.0
Warren-37185004,372.0,0.0,14.0,205.0,174.0,1.0,6.0,64.0,0.0,0.0,0.0,0.0,0.0,0.0,0.0,0.0,0.0,0.0,0.0,0.0,1.0,0.0,12.0,0.0,0.0,0.0,1.0,0.0,4.0,0.0,16.0,591.0,34.0,245.0
Warren-37185005,669.0,0.0,8.0,169.0,310.0,3.0,5.0,89.0,0.0,0.0,0.0,0.0,0.0,0.0,0.0,0.0,0.0,0.0,0.0,0.0,0.0,0.0,16.0,0.0,0.0,1.0,1.0,0.0,1.0,0.0,24.0,846.0,43.0,407.0
Warren-37185006,584.0,0.0,9.0,233.0,256.0,1.0,4.0,87.0,0.0,0.0,0.0,0.0,0.0,0.0,0.0,0.0,0.0,0.0,0.0,0.0,0.0,0.0,17.0,0.0,0.0,0.0,0.0,0.0,2.0,0.0,33.0,826.0,52.0,348.0
Warren-37185007,415.0,0.0,9.0,143.0,187.0,1.0,1.0,50.0,0.0,0.0,0.0,0.0,0.0,0.0,0.0,0.0,0.0,0.0,0.0,0.0,1.0,0.0,13.0,0.0,0.0,0.0,2.0,0.0,1.0,0.0,27.0,567.0,44.0,239.0
Warren-37185008,779.0,0.0,15.0,90.0,385.0,2.0,1.0,89.0,0.0,0.0,0.0,0.0,0.0,0.0,0.0,0.0,0.0,0.0,0.0,0.0,0.0,0.0,4.0,0.0,0.0,0.0,0.0,0.0,2.0,0.0,8.0,884.0,14.0,477.0
Warren-37185009,221.0,0.0,4.0,166.0,122.0,2.0,6.0,52.0,0.0,0.0,0.0,0.0,0.0,0.0,0.0,0.0,0.0,0.0,0.0,0.0,0.0,0.0,11.0,0.0,0.0,0.0,4.0,0.0,0.0,0.0,23.0,391.0,38.0,182.0
Warren-37185010,995.0,0.0,19.0,260.0,484.0,1.0,5.0,142.0,0.0,0.0,0.0,1.0,0.0,0.0,0.0,0.0,0.0,0.0,0.0,0.0,0.0,0.0,27.0,0.0,0.0,0.0,8.0,0.0,7.0,0.0,37.0,1274.0,79.0,632.0
Warren-37185011,191.0,0.0,5.0,73.0,101.0,1.0,4.0,26.0,0.0,0.0,0.0,0.0,0.0,0.0,0.0,0.0,0.0,0.0,0.0,0.0,0.0,0.0,12.0,0.0,0.0,0.0,0.0,1.0,1.0,1.0,9.0,269.0,24.0,132.0
Warren-37185012,178.0,0.0,12.0,405.0,59.0,0.0,2.0,39.0,0.0,0.0,0.0,0.0,0.0,0.0,0.0,0.0,0.0,0.0,0.0,1.0,4.0,0.0,51.0,0.0,0.0,1.0,29.0,0.0,13.0,1.0,123.0,595.0,223.0,100.0
Warren-37185013,246.0,0.0,3.0,189.0,115.0,1.0,3.0,65.0,0.0,0.0,0.0,0.0,0.0,0.0,0.0,0.0,0.0,0.0,0.0,1.0,1.0,0.0,28.0,0.0,0.0,0.0,3.0,0.0,3.0,0.0,37.0,438.0,73.0,184.0
Warren-37185014,754.0,0.0,16.0,227.0,383.0,1.0,12.0,117.0,0.0,0.0,0.0,0.0,0.0,0.0,0.0,0.0,0.0,0.0,0.0,0.0,0.0,0.0,17.0,0.0,0.0,0.0,6.0,0.0,3.0,0.0,33.0,997.0,59.0,513.0
Washington-37187ABSENTEE,77.0,0.0,1.0,45.0,0.0,0.0,0.0,0.0,0.0,0.0,0.0,0.0,0.0,0.0,0.0,0.0,0.0,0.0,0.0,0.0,0.0,0.0,0.0,0.0,0.0,0.0,0.0,0.0,0.0,0.0,0.0,123.0,0.0,0.0
Washington-37187LM,342.0,0.0,2.0,149.0,380.0,2.0,8.0,124.0,0.0,0.0,0.0,0.0,0.0,0.0,0.0,0.0,0.0,0.0,0.0,0.0,3.0,0.0,66.0,0.0,0.0,0.0,8.0,0.0,4.0,0.0,49.0,493.0,130.0,514.0
Washington-37187ONE STOP,2158.0,0.0,32.0,1463.0,0.0,0.0,0.0,0.0,0.0,0.0,0.0,0.0,0.0,0.0,0.0,0.0,0.0,0.0,0.0,0.0,0.0,0.0,0.0,0.0,0.0,0.0,0.0,0.0,0.0,0.0,0.0,3653.0,0.0,0.0
Washington-37187P1,158.0,1.0,5.0,62.0,264.0,1.0,10.0,87.0,0.0,0.0,0.0,1.0,0.0,0.0,0.0,0.0,0.0,0.0,0.0,0.0,0.0,0.0,46.0,0.0,0.0,1.0,6.0,0.0,5.0,0.0,27.0,226.0,85.0,362.0
Washington-37187P2,179.0,0.0,2.0,51.0,172.0,0.0,4.0,56.0,0.0,0.0,0.0,0.0,0.0,0.0,0.0,0.0,1.0,0.0,0.0,0.0,1.0,0.0,18.0,0.0,0.0,0.0,0.0,0.0,2.0,0.0,22.0,232.0,43.0,232.0
Washington-37187P3,240.0,0.0,6.0,269.0,347.0,8.0,22.0,183.0,0.0,0.0,0.0,0.0,0.0,0.0,0.0,0.0,0.0,0.0,0.0,0.0,4.0,0.0,100.0,0.0,0.0,0.0,14.0,2.0,8.0,0.0,103.0,515.0,231.0,560.0
Washington-37187SC,202.0,0.0,10.0,321.0,104.0,4.0,8.0,96.0,0.0,0.0,0.0,1.0,0.0,0.0,0.0,0.0,0.0,0.0,0.0,0.0,0.0,0.0,64.0,0.0,0.0,0.0,3.0,1.0,5.0,0.0,46.0,533.0,119.0,212.0
Washington-37187SK,137.0,0.0,7.0,202.0,110.0,2.0,7.0,53.0,0.0,0.0,0.0,0.0,0.0,0.0,0.0,0.0,0.0,0.0,0.0,1.0,1.0,0.0,49.0,0.0,0.0,0.0,7.0,0.0,9.0,0.0,37.0,346.0,104.0,172.0
Watauga-3718901,48.0,0.0,6.0,84.0,22.0,0.0,0.0,28.0,0.0,0.0,0.0,0.0,0.0,0.0,0.0,0.0,0.0,0.0,0.0,0.0,0.0,0.0,27.0,0.0,0.0,0.0,9.0,0.0,6.0,0.0,24.0,138.0,66.0,50.0
Watauga-3718902,49.0,2.0,10.0,325.0,29.0,0.0,4.0,42.0,0.0,0.0,0.0,0.0,0.0,0.0,0.0,0.0,0.0,0.0,0.0,0.0,0.0,2.0,108.0,0.0,0.0,0.0,12.0,0.0,5.0,0.0,53.0,386.0,180.0,75.0
Watauga-3718903,223.0,8.0,27.0,329.0,137.0,1.0,2.0,142.0,0.0,2.0,0.0,1.0,0.0,0.0,0.0,0.0,0.0,0.0,0.0,0.0,3.0,2.0,98.0,1.0,0.0,0.0,81.0,1.0,21.0,0.0,139.0,587.0,346.0,282.0
Watauga-3718904,214.0,3.0,34.0,463.0,122.0,1.0,2.0,157.0,0.0,0.0,0.0,0.0,0.0,0.0,0.0,0.0,0.0,0.0,0.0,2.0,10.0,0.0,230.0,1.0,0.0,1.0,78.0,4.0,57.0,0.0,171.0,714.0,554.0,282.0
Watauga-3718905,136.0,6.0,13.0,80.0,52.0,0.0,0.0,145.0,0.0,0.0,0.0,0.0,0.0,0.0,0.0,0.0,0.0,0.0,0.0,0.0,2.0,0.0,21.0,0.0,0.0,0.0,17.0,0.0,21.0,0.0,11.0,235.0,72.0,197.0
Watauga-3718906,207.0,8.0,41.0,130.0,25.0,0.0,0.0,248.0,0.0,0.0,0.0,3.0,0.0,0.0,0.0,2.0,0.0,0.0,0.0,0.0,1.0,1.0,43.0,1.0,0.0,0.0,23.0,0.0,34.0,0.0,25.0,386.0,128.0,273.0
Watauga-3718907,284.0,11.0,54.0,400.0,107.0,0.0,7.0,215.0,0.0,1.0,0.0,2.0,0.0,0.0,0.0,0.0,0.0,0.0,0.0,3.0,6.0,1.0,147.0,0.0,0.0,1.0,39.0,5.0,41.0,1.0,114.0,749.0,358.0,329.0
Watauga-3718908,148.0,8.0,17.0,416.0,55.0,0.0,1.0,105.0,0.0,0.0,0.0,0.0,0.0,0.0,0.0,0.0,0.0,0.0,1.0,0.0,9.0,0.0,151.0,0.0,0.0,1.0,29.0,0.0,29.0,0.0,112.0,589.0,331.0,161.0
Watauga-3718909,60.0,1.0,5.0,114.0,15.0,0.0,0.0,34.0,0.0,0.0,0.0,0.0,0.0,0.0,0.0,0.0,0.0,0.0,0.0,0.0,0.0,0.0,56.0,0.0,0.0,0.0,26.0,0.0,4.0,0.0,45.0,180.0,131.0,49.0
Watauga-3718910,71.0,3.0,13.0,233.0,45.0,0.0,3.0,56.0,0.0,0.0,0.0,1.0,0.0,0.0,0.0,0.0,0.0,0.0,0.0,0.0,0.0,0.0,58.0,0.0,0.0,2.0,22.0,1.0,10.0,0.0,39.0,320.0,132.0,104.0
Watauga-3718911,155.0,7.0,24.0,374.0,50.0,1.0,2.0,98.0,0.0,0.0,0.0,0.0,0.0,0.0,0.0,0.0,0.0,0.0,0.0,2.0,3.0,0.0,139.0,1.0,0.0,3.0,37.0,0.0,18.0,1.0,132.0,560.0,336.0,151.0
Watauga-3718912,193.0,5.0,37.0,118.0,30.0,0.0,2.0,170.0,0.0,1.0,0.0,1.0,0.0,0.0,1.0,0.0,0.0,0.0,2.0,0.0,2.0,0.0,30.0,1.0,0.0,1.0,15.0,1.0,25.0,0.0,13.0,353.0,88.0,202.0
Watauga-3718913,198.0,5.0,35.0,187.0,56.0,0.0,1.0,191.0,0.0,0.0,0.0,0.0,0.0,0.0,0.0,0.0,0.0,0.0,0.0,0.0,0.0,0.0,58.0,0.0,0.0,1.0,30.0,0.0,20.0,0.0,61.0,425.0,170.0,248.0
Watauga-3718914,227.0,7.0,33.0,295.0,83.0,0.0,2.0,183.0,0.0,0.0,0.0,1.0,0.0,0.0,0.0,1.0,0.0,0.0,0.0,0.0,0.0,2.0,115.0,0.0,0.0,3.0,61.0,3.0,37.0,1.0,101.0,562.0,323.0,268.0
Watauga-3718915,257.0,12.0,35.0,375.0,105.0,1.0,1.0,223.0,0.0,0.0,0.0,2.0,0.0,0.0,0.0,0.0,0.0,0.0,0.0,0.0,5.0,1.0,173.0,1.0,0.0,2.0,58.0,1.0,62.0,0.0,123.0,679.0,426.0,330.0
Watauga-3718916,7.0,2.0,1.0,52.0,0.0,0.0,1.0,5.0,0.0,0.0,0.0,0.0,0.0,0.0,0.0,0.0,0.0,0.0,0.0,0.0,0.0,0.0,12.0,0.0,0.0,0.0,4.0,0.0,1.0,0.0,10.0,62.0,27.0,6.0
Watauga-3718917,67.0,0.0,2.0,184.0,29.0,0.0,5.0,41.0,0.0,0.0,0.0,0.0,0.0,0.0,0.0,0.0,0.0,0.0,0.0,0.0,1.0,0.0,27.0,0.0,0.0,1.0,15.0,1.0,3.0,0.0,50.0,253.0,98.0,75.0
Watauga-3718918,91.0,4.0,27.0,327.0,55.0,0.0,1.0,75.0,0.0,0.0,0.0,2.0,0.0,0.0,0.0,1.0,0.0,0.0,0.0,3.0,7.0,0.0,156.0,0.0,0.0,3.0,39.0,3.0,22.0,0.0,126.0,449.0,359.0,131.0
Watauga-3718919,249.0,5.0,36.0,556.0,108.0,1.0,2.0,164.0,0.0,0.0,0.0,0.0,0.0,0.0,0.0,0.0,0.0,0.0,0.0,0.0,4.0,0.0,165.0,1.0,0.0,2.0,84.0,1.0,47.0,0.0,189.0,846.0,493.0,275.0
Watauga-3718920,66.0,1.0,5.0,120.0,20.0,0.0,0.0,31.0,0.0,0.0,0.0,0.0,0.0,1.0,0.0,0.0,0.0,0.0,0.0,1.0,0.0,0.0,21.0,0.0,0.0,0.0,17.0,1.0,7.0,0.0,38.0,192.0,85.0,51.0
Watauga-37189ABSENTEE,0.0,0.0,0.0,0.0,76.0,0.0,2.0,88.0,0.0,0.0,0.0,0.0,0.0,0.0,0.0,0.0,0.0,0.0,0.0,4.0,3.0,0.0,43.0,1.0,0.0,0.0,32.0,2.0,27.0,0.0,54.0,0.0,166.0,166.0
Watauga-37189ABSENTEE MAIL,635.0,5.0,40.0,526.0,0.0,0.0,0.0,0.0,0.0,0.0,0.0,0.0,0.0,0.0,0.0,0.0,0.0,0.0,0.0,0.0,0.0,0.0,0.0,0.0,0.0,0.0,0.0,0.0,0.0,0.0,0.0,1206.0,0.0,0.0
Watauga-37189CENTRAL EMERGENCY PRECINC,0.0,0.0,0.0,0.0,0.0,0.0,0.0,0.0,0.0,0.0,0.0,0.0,0.0,0.0,0.0,0.0,0.0,0.0,0.0,0.0,0.0,0.0,0.0,0.0,0.0,0.0,0.0,0.0,0.0,0.0,0.0,0.0,0.0,0.0
Watauga-37189OS ADMIN,4926.0,69.0,309.0,3768.0,494.0,0.0,4.0,897.0,1.0,0.0,0.0,4.0,0.0,0.0,0.0,2.0,0.0,0.0,0.0,8.0,15.0,0.0,432.0,1.0,0.0,4.0,152.0,5.0,146.0,1.0,323.0,9072.0,1087.0,1395.0
Watauga-37189OS ASU,4271.0,87.0,398.0,1606.0,0.0,0.0,0.0,0.0,0.0,0.0,0.0,0.0,0.0,0.0,0.0,0.0,0.0,0.0,0.0,0.0,0.0,0.0,0.0,0.0,0.0,0.0,0.0,0.0,0.0,0.0,0.0,6362.0,0.0,0.0
Watauga-37189OS ASU-PLEMMONS SU,0.0,0.0,0.0,0.0,512.0,1.0,2.0,2188.0,1.0,5.0,0.0,13.0,1.0,0.0,1.0,1.0,0.0,0.0,0.0,6.0,13.0,2.0,106.0,0.0,1.0,2.0,72.0,9.0,191.0,0.0,61.0,0.0,463.0,2703.0
Watauga-37189OS BLOWING ROCK,460.0,1.0,33.0,581.0,116.0,0.0,1.0,84.0,0.0,0.0,0.0,0.0,0.0,0.0,0.0,0.0,0.0,0.0,0.0,0.0,3.0,0.0,72.0,0.0,0.0,0.0,52.0,2.0,20.0,0.0,105.0,1075.0,254.0,201.0
Watauga-37189OS DEEP GAP,244.0,2.0,24.0,677.0,49.0,0.0,2.0,48.0,0.0,0.0,0.0,0.0,0.0,0.0,0.0,0.0,0.0,0.0,0.0,0.0,3.0,0.0,91.0,1.0,0.0,2.0,29.0,0.0,27.0,0.0,65.0,947.0,218.0,99.0
Watauga-37189OS MEAT CAMP,229.0,4.0,23.0,479.0,52.0,0.0,3.0,78.0,0.0,0.0,0.0,0.0,0.0,0.0,0.0,0.0,0.0,0.0,1.0,0.0,2.0,0.0,56.0,0.0,0.0,0.0,15.0,0.0,24.0,0.0,57.0,735.0,154.0,133.0
Watauga-37189OS WESTERN W,285.0,7.0,21.0,744.0,0.0,0.0,0.0,0.0,0.0,0.0,0.0,0.0,0.0,0.0,0.0,0.0,0.0,0.0,0.0,0.0,0.0,0.0,0.0,0.0,0.0,0.0,0.0,0.0,0.0,0.0,0.0,1057.0,0.0,0.0
Watauga-37189OS WESTERN WCC,0.0,0.0,0.0,0.0,67.0,0.0,0.0,78.0,0.0,0.0,0.0,0.0,0.0,0.0,0.0,0.0,0.0,0.0,0.0,1.0,2.0,0.0,83.0,0.0,0.0,2.0,15.0,0.0,18.0,0.0,77.0,0.0,198.0,145.0
Wayne-3719101,101.0,1.0,13.0,259.0,144.0,3.0,9.0,73.0,0.0,0.0,0.0,0.0,0.0,0.0,0.0,0.0,0.0,0.0,0.0,1.0,3.0,0.0,148.0,0.0,0.0,2.0,19.0,0.0,14.0,0.0,144.0,374.0,331.0,229.0
Wayne-3719102,193.0,0.0,14.0,461.0,122.0,2.0,7.0,86.0,0.0,0.0,0.0,0.0,0.0,0.0,1.0,0.0,0.0,0.0,0.0,2.0,1.0,0.0,191.0,0.0,0.0,0.0,28.0,0.0,16.0,2.0,162.0,668.0,402.0,217.0
Wayne-3719103,94.0,1.0,19.0,463.0,54.0,1.0,4.0,63.0,0.0,0.0,0.0,1.0,0.0,0.0,0.0,0.0,0.0,0.0,0.0,1.0,4.0,1.0,203.0,0.0,0.0,0.0,19.0,3.0,17.0,0.0,172.0,577.0,420.0,122.0
Wayne-3719104,168.0,0.0,21.0,537.0,155.0,7.0,7.0,121.0,0.0,0.0,0.0,1.0,0.0,0.0,0.0,0.0,0.0,0.0,0.0,1.0,4.0,1.0,278.0,0.0,0.0,2.0,25.0,1.0,22.0,0.0,252.0,726.0,586.0,290.0
Wayne-3719105,123.0,0.0,28.0,329.0,109.0,1.0,6.0,86.0,0.0,0.0,1.0,1.0,0.0,0.0,0.0,0.0,0.0,0.0,0.0,0.0,7.0,0.0,234.0,1.0,0.0,2.0,32.0,1.0,28.0,1.0,207.0,480.0,513.0,202.0
Wayne-3719106,132.0,0.0,10.0,137.0,99.0,0.0,4.0,77.0,0.0,0.0,0.0,0.0,0.0,0.0,0.0,0.0,0.0,0.0,0.0,1.0,2.0,0.0,90.0,0.0,0.0,0.0,11.0,0.0,16.0,0.0,79.0,279.0,199.0,180.0
Wayne-3719107,208.0,0.0,28.0,451.0,154.0,4.0,6.0,116.0,0.0,0.0,0.0,1.0,0.0,0.0,0.0,0.0,0.0,0.0,1.0,0.0,7.0,0.0,213.0,0.0,0.0,1.0,31.0,0.0,33.0,0.0,197.0,687.0,482.0,280.0
Wayne-3719108,90.0,1.0,22.0,457.0,45.0,0.0,9.0,56.0,0.0,1.0,0.0,1.0,0.0,0.0,0.0,0.0,0.0,0.0,0.0,0.0,2.0,0.0,151.0,0.0,0.0,1.0,10.0,0.0,11.0,0.0,140.0,570.0,315.0,110.0
Wayne-3719109,92.0,1.0,13.0,274.0,89.0,3.0,5.0,78.0,0.0,0.0,0.0,0.0,0.0,0.0,0.0,0.0,0.0,0.0,0.0,3.0,2.0,0.0,154.0,0.0,1.0,1.0,23.0,0.0,8.0,0.0,165.0,380.0,357.0,175.0
Wayne-3719110,259.0,0.0,5.0,62.0,154.0,1.0,0.0,64.0,0.0,0.0,0.0,0.0,0.0,0.0,0.0,0.0,0.0,0.0,0.0,0.0,0.0,1.0,51.0,0.0,0.0,0.0,4.0,0.0,1.0,0.0,17.0,326.0,74.0,219.0
Wayne-3719111,223.0,0.0,7.0,103.0,142.0,0.0,3.0,80.0,0.0,0.0,0.0,0.0,0.0,0.0,0.0,0.0,0.0,0.0,0.0,0.0,4.0,0.0,64.0,1.0,1.0,1.0,13.0,1.0,9.0,0.0,48.0,333.0,142.0,225.0
Wayne-3719112,202.0,0.0,15.0,174.0,174.0,2.0,3.0,108.0,1.0,0.0,0.0,2.0,0.0,0.0,0.0,1.0,0.0,0.0,0.0,1.0,1.0,0.0,90.0,0.0,0.0,1.0,13.0,0.0,14.0,0.0,77.0,391.0,197.0,287.0
Wayne-3719113,160.0,1.0,8.0,106.0,151.0,0.0,1.0,70.0,0.0,0.0,0.0,0.0,0.0,0.0,0.0,0.0,0.0,0.0,0.0,1.0,3.0,0.0,51.0,0.0,0.0,0.0,15.0,0.0,9.0,0.0,41.0,275.0,120.0,222.0
Wayne-3719114,107.0,0.0,16.0,261.0,121.0,0.0,3.0,112.0,0.0,0.0,0.0,3.0,0.0,0.0,0.0,0.0,0.0,0.0,0.0,1.0,2.0,0.0,216.0,0.0,0.0,1.0,71.0,0.0,34.0,0.0,219.0,384.0,544.0,236.0
Wayne-3719115,123.0,1.0,19.0,447.0,88.0,1.0,7.0,87.0,0.0,0.0,0.0,0.0,0.0,0.0,0.0,0.0,0.0,0.0,0.0,3.0,0.0,0.0,168.0,0.0,0.0,0.0,22.0,2.0,17.0,0.0,142.0,590.0,354.0,183.0
Wayne-3719116,156.0,0.0,10.0,316.0,115.0,4.0,5.0,84.0,0.0,0.0,0.0,0.0,0.0,0.0,0.0,0.0,0.0,0.0,0.0,0.0,5.0,0.0,94.0,0.0,0.0,0.0,13.0,0.0,11.0,0.0,110.0,482.0,233.0,208.0
Wayne-3719117,238.0,1.0,5.0,22.0,119.0,0.0,0.0,31.0,0.0,0.0,0.0,0.0,0.0,0.0,0.0,0.0,0.0,0.0,0.0,0.0,1.0,0.0,1.0,0.0,0.0,0.0,3.0,0.0,1.0,0.0,3.0,266.0,9.0,150.0
Wayne-3719118,200.0,0.0,5.0,31.0,124.0,0.0,0.0,45.0,0.0,0.0,0.0,0.0,0.0,0.0,0.0,0.0,0.0,0.0,0.0,0.0,0.0,0.0,11.0,0.0,0.0,0.0,1.0,0.0,0.0,0.0,18.0,236.0,30.0,169.0
Wayne-3719119,232.0,2.0,4.0,27.0,200.0,0.0,3.0,40.0,0.0,0.0,0.0,0.0,0.0,0.0,0.0,0.0,0.0,0.0,0.0,0.0,0.0,0.0,3.0,0.0,0.0,0.0,0.0,0.0,2.0,0.0,2.0,265.0,7.0,243.0
Wayne-3719120,339.0,0.0,7.0,15.0,191.0,0.0,1.0,53.0,0.0,0.0,0.0,0.0,0.0,0.0,0.0,0.0,0.0,0.0,0.0,0.0,1.0,0.0,7.0,0.0,0.0,0.0,1.0,0.0,1.0,0.0,7.0,361.0,17.0,245.0
Wayne-3719121,185.0,1.0,5.0,98.0,169.0,2.0,2.0,96.0,0.0,0.0,0.0,0.0,0.0,0.0,0.0,0.0,0.0,0.0,0.0,2.0,3.0,0.0,37.0,1.0,1.0,1.0,11.0,1.0,5.0,0.0,44.0,289.0,106.0,269.0
Wayne-3719122,171.0,1.0,8.0,126.0,105.0,0.0,3.0,81.0,0.0,0.0,0.0,0.0,0.0,0.0,0.0,0.0,0.0,0.0,0.0,0.0,1.0,0.0,60.0,0.0,0.0,1.0,19.0,1.0,17.0,0.0,46.0,306.0,145.0,189.0
Wayne-3719123,183.0,0.0,19.0,187.0,83.0,0.0,1.0,79.0,0.0,0.0,0.0,1.0,0.0,0.0,0.0,0.0,0.0,0.0,1.0,1.0,3.0,0.0,78.0,0.0,0.0,1.0,14.0,0.0,8.0,0.0,87.0,389.0,192.0,163.0
Wayne-3719124,104.0,0.0,18.0,716.0,60.0,1.0,6.0,115.0,0.0,0.0,0.0,0.0,0.0,0.0,0.0,0.0,0.0,0.0,0.0,0.0,2.0,1.0,181.0,0.0,0.0,1.0,17.0,1.0,13.0,1.0,234.0,838.0,451.0,182.0
Wayne-3719125,99.0,0.0,12.0,215.0,115.0,0.0,2.0,60.0,0.0,0.0,0.0,0.0,0.0,0.0,0.0,0.0,0.0,0.0,0.0,1.0,1.0,0.0,107.0,0.0,0.0,1.0,26.0,0.0,14.0,1.0,118.0,326.0,269.0,177.0
Wayne-3719126,250.0,0.0,13.0,201.0,183.0,2.0,6.0,64.0,0.0,0.0,0.0,0.0,0.0,0.0,0.0,0.0,0.0,0.0,0.0,0.0,3.0,0.0,81.0,0.0,1.0,1.0,5.0,1.0,7.0,0.0,89.0,464.0,188.0,255.0
Wayne-3719127,240.0,0.0,4.0,71.0,175.0,0.0,1.0,63.0,0.0,0.0,0.0,0.0,0.0,0.0,0.0,0.0,0.0,0.0,0.0,1.0,0.0,0.0,30.0,1.0,0.0,0.0,2.0,0.0,3.0,0.0,33.0,315.0,70.0,239.0
Wayne-3719128,272.0,0.0,11.0,392.0,123.0,3.0,4.0,84.0,0.0,0.0,0.0,1.0,0.0,0.0,0.0,0.0,0.0,0.0,0.0,1.0,1.0,0.0,157.0,0.0,0.0,0.0,5.0,0.0,16.0,0.0,131.0,675.0,311.0,214.0
Wayne-3719129,225.0,0.0,5.0,97.0,151.0,0.0,2.0,85.0,0.0,0.0,0.0,0.0,0.0,0.0,0.0,0.0,0.0,0.0,0.0,2.0,4.0,0.0,43.0,0.0,0.0,0.0,9.0,0.0,15.0,0.0,37.0,327.0,110.0,238.0
Wayne-3719130,200.0,0.0,2.0,55.0,187.0,0.0,2.0,55.0,0.0,0.0,0.0,0.0,0.0,0.0,0.0,0.0,0.0,0.0,0.0,2.0,2.0,0.0,25.0,0.0,0.0,0.0,6.0,0.0,1.0,0.0,17.0,257.0,53.0,244.0
Wayne-37191ABSENTEE,541.0,4.0,41.0,698.0,90.0,1.0,3.0,48.0,0.0,0.0,0.0,0.0,0.0,0.0,0.0,0.0,0.0,0.0,1.0,3.0,2.0,0.0,46.0,0.0,0.0,0.0,17.0,1.0,12.0,0.0,42.0,1284.0,123.0,142.0
Wayne-37191ONE STOP #1,0.0,0.0,0.0,0.0,1532.0,4.0,13.0,392.0,0.0,0.0,0.0,0.0,1.0,0.0,0.0,0.0,0.0,0.0,0.0,2.0,15.0,2.0,235.0,0.0,0.0,0.0,56.0,2.0,68.0,1.0,326.0,0.0,707.0,1941.0
Wayne-37191ONE STOP #2,0.0,0.0,0.0,0.0,1144.0,9.0,20.0,431.0,0.0,0.0,0.0,0.0,0.0,0.0,0.0,0.0,0.0,0.0,0.0,2.0,28.0,2.0,741.0,1.0,0.0,1.0,131.0,4.0,176.0,0.0,736.0,0.0,1822.0,1604.0
Wayne-37191ONE STOP #3,0.0,0.0,0.0,0.0,500.0,7.0,18.0,297.0,0.0,1.0,0.0,2.0,0.0,0.0,0.0,0.0,0.0,0.0,0.0,2.0,7.0,3.0,563.0,1.0,0.0,4.0,54.0,5.0,90.0,3.0,626.0,0.0,1358.0,822.0
Wayne-37191ONE STOP #4,0.0,0.0,0.0,0.0,398.0,3.0,5.0,99.0,0.0,1.0,0.0,0.0,0.0,0.0,0.0,0.0,0.0,0.0,0.0,3.0,4.0,0.0,132.0,0.0,0.0,1.0,27.0,0.0,24.0,1.0,194.0,0.0,386.0,505.0
Wayne-37191ONE STOP BOE,8587.0,10.0,154.0,4577.0,0.0,0.0,0.0,0.0,0.0,0.0,0.0,0.0,0.0,0.0,0.0,0.0,0.0,0.0,0.0,0.0,0.0,0.0,0.0,0.0,0.0,0.0,0.0,0.0,0.0,0.0,0.0,13328.0,0.0,0.0
Wayne-37191ONE STOP FTH,605.0,1.0,35.0,1668.0,0.0,0.0,0.0,0.0,0.0,0.0,0.0,0.0,0.0,0.0,0.0,0.0,0.0,0.0,0.0,0.0,0.0,0.0,0.0,0.0,0.0,0.0,0.0,0.0,0.0,0.0,0.0,2309.0,0.0,0.0
Wayne-37191ONE STOP GWC,2862.0,0.0,143.0,4848.0,0.0,0.0,0.0,0.0,0.0,0.0,0.0,0.0,0.0,0.0,0.0,0.0,0.0,0.0,0.0,0.0,0.0,0.0,0.0,0.0,0.0,0.0,0.0,0.0,0.0,0.0,0.0,7853.0,0.0,0.0
Wayne-37191ONE STOP LRS,1345.0,4.0,114.0,4386.0,0.0,0.0,0.0,0.0,0.0,0.0,0.0,0.0,0.0,0.0,0.0,0.0,0.0,0.0,0.0,0.0,0.0,0.0,0.0,0.0,0.0,0.0,0.0,0.0,0.0,0.0,0.0,5849.0,0.0,0.0
Wayne-37191ONE STOP MOT,1676.0,3.0,52.0,1950.0,0.0,0.0,0.0,0.0,0.0,0.0,0.0,0.0,0.0,0.0,0.0,0.0,0.0,0.0,0.0,0.0,0.0,0.0,0.0,0.0,0.0,0.0,0.0,0.0,0.0,0.0,0.0,3681.0,0.0,0.0
Wayne-37191ONE STOP NHF,629.0,0.0,48.0,2220.0,0.0,0.0,0.0,0.0,0.0,0.0,0.0,0.0,0.0,0.0,0.0,0.0,0.0,0.0,0.0,0.0,0.0,0.0,0.0,0.0,0.0,0.0,0.0,0.0,0.0,0.0,0.0,2897.0,0.0,0.0
Wilkes-37193101,57.0,1.0,9.0,254.0,28.0,0.0,2.0,34.0,0.0,0.0,0.0,0.0,0.0,0.0,0.0,0.0,0.0,0.0,0.0,0.0,1.0,0.0,65.0,0.0,0.0,3.0,12.0,0.0,2.0,0.0,80.0,321.0,163.0,64.0
Wilkes-37193102,123.0,3.0,16.0,426.0,54.0,1.0,1.0,66.0,0.0,0.0,0.0,0.0,0.0,0.0,0.0,0.0,0.0,0.0,0.0,0.0,4.0,0.0,114.0,0.0,1.0,3.0,26.0,1.0,5.0,0.0,159.0,568.0,313.0,122.0
Wilkes-37193103,34.0,0.0,7.0,201.0,22.0,0.0,1.0,22.0,0.0,0.0,0.0,0.0,0.0,0.0,0.0,0.0,0.0,0.0,0.0,0.0,0.0,0.0,74.0,0.0,0.0,1.0,12.0,0.0,5.0,0.0,79.0,242.0,171.0,45.0
Wilkes-37193104,93.0,0.0,12.0,426.0,37.0,1.0,2.0,54.0,0.0,0.0,0.0,0.0,0.0,0.0,0.0,0.0,0.0,0.0,0.0,1.0,3.0,2.0,103.0,0.0,0.0,3.0,15.0,1.0,12.0,0.0,172.0,531.0,312.0,94.0
Wilkes-37193105,54.0,1.0,9.0,353.0,39.0,0.0,0.0,36.0,0.0,0.0,0.0,0.0,0.0,0.0,0.0,0.0,0.0,0.0,0.0,1.0,3.0,1.0,145.0,0.0,0.0,3.0,37.0,0.0,11.0,0.0,116.0,417.0,317.0,75.0
Wilkes-37193106,64.0,0.0,9.0,353.0,42.0,1.0,1.0,24.0,0.0,0.0,0.0,0.0,0.0,0.0,0.0,0.0,0.0,0.0,0.0,1.0,2.0,0.0,110.0,0.0,0.0,1.0,16.0,0.0,8.0,0.0,112.0,426.0,250.0,68.0
Wilkes-37193107,109.0,0.0,17.0,728.0,57.0,2.0,2.0,102.0,0.0,0.0,0.0,1.0,0.0,0.0,0.0,0.0,0.0,0.0,1.0,2.0,2.0,0.0,311.0,0.0,1.0,2.0,32.0,0.0,19.0,0.0,308.0,854.0,677.0,163.0
Wilkes-37193108,132.0,0.0,13.0,299.0,67.0,0.0,3.0,44.0,0.0,0.0,0.0,0.0,0.0,0.0,0.0,0.0,0.0,0.0,0.0,1.0,1.0,0.0,92.0,1.0,0.0,1.0,10.0,0.0,13.0,0.0,92.0,444.0,211.0,114.0
Wilkes-37193109,77.0,1.0,7.0,272.0,36.0,0.0,1.0,17.0,0.0,0.0,0.0,0.0,0.0,0.0,0.0,0.0,0.0,0.0,0.0,0.0,0.0,1.0,61.0,0.0,0.0,0.0,5.0,0.0,6.0,0.0,76.0,357.0,149.0,54.0
Wilkes-37193110,29.0,0.0,7.0,111.0,15.0,0.0,0.0,20.0,0.0,0.0,0.0,0.0,0.0,0.0,0.0,0.0,0.0,0.0,0.0,0.0,0.0,0.0,24.0,0.0,0.0,0.0,6.0,0.0,8.0,0.0,40.0,147.0,78.0,35.0
Wilkes-37193111,75.0,0.0,16.0,402.0,45.0,0.0,3.0,48.0,0.0,0.0,0.0,0.0,0.0,0.0,0.0,0.0,0.0,0.0,0.0,4.0,2.0,1.0,161.0,0.0,0.0,0.0,37.0,1.0,26.0,2.0,175.0,493.0,409.0,96.0
Wilkes-37193112,120.0,0.0,23.0,611.0,52.0,0.0,3.0,54.0,0.0,0.0,1.0,1.0,0.0,0.0,0.0,0.0,0.0,0.0,0.0,3.0,1.0,1.0,226.0,1.0,0.0,0.0,38.0,1.0,30.0,1.0,246.0,754.0,548.0,109.0
Wilkes-37193113,122.0,3.0,13.0,452.0,70.0,0.0,2.0,75.0,0.0,0.0,0.0,0.0,0.0,0.0,0.0,0.0,0.0,0.0,0.0,1.0,0.0,2.0,134.0,1.0,0.0,0.0,19.0,1.0,15.0,0.0,156.0,590.0,329.0,147.0
Wilkes-37193114,33.0,0.0,7.0,227.0,23.0,0.0,0.0,20.0,0.0,0.0,0.0,0.0,0.0,0.0,0.0,0.0,0.0,0.0,0.0,0.0,3.0,0.0,53.0,0.0,0.0,2.0,8.0,0.0,3.0,0.0,100.0,267.0,169.0,43.0
Wilkes-37193115A,139.0,0.0,18.0,807.0,66.0,2.0,5.0,86.0,0.0,0.0,0.0,0.0,0.0,0.0,0.0,0.0,0.0,0.0,0.0,2.0,8.0,2.0,325.0,0.0,1.0,2.0,51.0,2.0,34.0,0.0,383.0,964.0,810.0,159.0
Wilkes-37193117,91.0,1.0,19.0,492.0,42.0,0.0,3.0,50.0,0.0,0.0,0.0,0.0,0.0,0.0,0.0,0.0,0.0,0.0,0.0,0.0,1.0,0.0,172.0,0.0,0.0,0.0,21.0,1.0,8.0,0.0,167.0,603.0,370.0,95.0
Wilkes-37193118,226.0,1.0,23.0,285.0,103.0,0.0,3.0,97.0,0.0,0.0,0.0,1.0,0.0,0.0,0.0,0.0,0.0,0.0,0.0,0.0,6.0,2.0,87.0,0.0,0.0,4.0,62.0,1.0,23.0,1.0,117.0,535.0,303.0,203.0
Wilkes-37193119,134.0,1.0,20.0,717.0,72.0,3.0,6.0,104.0,0.0,0.0,0.0,1.0,0.0,0.0,0.0,0.0,0.0,0.0,0.0,1.0,7.0,0.0,276.0,0.0,0.0,4.0,46.0,4.0,34.0,0.0,327.0,872.0,699.0,185.0
Wilkes-37193120,74.0,3.0,9.0,451.0,37.0,0.0,2.0,57.0,0.0,0.0,0.0,0.0,0.0,0.0,0.0,0.0,0.0,0.0,0.0,0.0,4.0,1.0,163.0,0.0,0.0,2.0,45.0,0.0,26.0,0.0,166.0,537.0,407.0,96.0
Wilkes-37193121,99.0,0.0,12.0,542.0,51.0,0.0,2.0,60.0,0.0,0.0,0.0,0.0,0.0,0.0,0.0,0.0,0.0,0.0,0.0,3.0,8.0,0.0,149.0,0.0,0.0,0.0,29.0,0.0,18.0,1.0,215.0,653.0,423.0,113.0
Wilkes-37193122,20.0,0.0,9.0,418.0,10.0,1.0,1.0,17.0,0.0,0.0,0.0,0.0,0.0,0.0,0.0,0.0,0.0,0.0,0.0,1.0,2.0,0.0,145.0,0.0,0.0,2.0,14.0,1.0,9.0,0.0,139.0,447.0,313.0,29.0
Wilkes-37193123,61.0,0.0,7.0,373.0,21.0,0.0,2.0,22.0,0.0,0.0,0.0,0.0,0.0,0.0,0.0,0.0,0.0,0.0,0.0,0.0,1.0,0.0,75.0,0.0,0.0,0.0,10.0,1.0,3.0,0.0,113.0,441.0,203.0,45.0
Wilkes-37193124,88.0,0.0,10.0,460.0,28.0,0.0,3.0,37.0,0.0,0.0,0.0,0.0,0.0,0.0,0.0,0.0,0.0,0.0,0.0,0.0,4.0,0.0,155.0,0.0,0.0,0.0,17.0,0.0,10.0,0.0,137.0,558.0,323.0,68.0
Wilkes-37193125,45.0,0.0,3.0,257.0,25.0,1.0,0.0,32.0,0.0,0.0,0.0,0.0,0.0,0.0,0.0,0.0,0.0,0.0,0.0,0.0,0.0,0.0,66.0,0.0,0.0,1.0,13.0,0.0,12.0,0.0,96.0,305.0,188.0,58.0
Wilkes-37193126,35.0,1.0,1.0,278.0,14.0,0.0,1.0,28.0,0.0,0.0,0.0,0.0,0.0,0.0,0.0,0.0,0.0,0.0,0.0,1.0,1.0,0.0,76.0,0.0,0.0,0.0,10.0,0.0,3.0,0.0,121.0,315.0,212.0,43.0
Wilkes-37193127,176.0,1.0,19.0,285.0,117.0,0.0,2.0,82.0,0.0,0.0,0.0,0.0,0.0,0.0,0.0,0.0,0.0,0.0,0.0,2.0,8.0,0.0,105.0,0.0,1.0,1.0,83.0,0.0,23.0,0.0,181.0,481.0,404.0,201.0
Wilkes-37193128,161.0,3.0,25.0,721.0,119.0,0.0,3.0,79.0,0.0,0.0,0.0,0.0,0.0,0.0,0.0,0.0,0.0,0.0,0.0,1.0,5.0,1.0,203.0,0.0,0.0,1.0,38.0,0.0,33.0,0.0,299.0,910.0,581.0,201.0
Wilkes-37193129,126.0,0.0,13.0,423.0,115.0,2.0,1.0,51.0,0.0,0.0,0.0,0.0,0.0,0.0,0.0,0.0,0.0,0.0,0.0,4.0,2.0,1.0,192.0,1.0,0.0,1.0,75.0,1.0,30.0,0.0,219.0,562.0,526.0,169.0
Wilkes-37193ABSENTEE,288.0,0.0,25.0,735.0,80.0,0.0,4.0,22.0,0.0,0.0,0.0,0.0,0.0,0.0,0.0,0.0,0.0,0.0,0.0,12.0,3.0,0.0,44.0,0.0,1.0,3.0,13.0,1.0,20.0,1.0,83.0,1048.0,181.0,106.0
Wilkes-37193OS MILLER CRK,283.0,2.0,28.0,1346.0,70.0,0.0,2.0,39.0,0.0,0.0,0.0,1.0,0.0,0.0,0.0,0.0,0.0,0.0,0.0,1.0,1.0,0.0,141.0,1.0,0.0,1.0,33.0,1.0,12.0,0.0,194.0,1659.0,385.0,111.0
Wilkes-37193OS MTN VIEW,88.0,0.0,11.0,561.0,13.0,0.0,0.0,7.0,0.0,0.0,0.0,0.0,0.0,0.0,0.0,0.0,0.0,0.0,0.0,1.0,1.0,0.0,39.0,0.0,0.0,0.0,8.0,1.0,3.0,1.0,68.0,660.0,122.0,20.0
Wilkes-37193OS MULBERRY,155.0,1.0,23.0,843.0,15.0,0.0,4.0,24.0,0.0,0.0,0.0,0.0,0.0,0.0,0.0,0.0,0.0,0.0,0.0,0.0,2.0,0.0,59.0,0.0,0.0,0.0,6.0,0.0,9.0,0.0,72.0,1022.0,148.0,43.0
Wilkes-37193OS OFFICE,2959.0,8.0,168.0,7188.0,503.0,1.0,4.0,248.0,0.0,0.0,0.0,0.0,0.0,1.0,0.0,0.0,0.0,0.0,0.0,4.0,17.0,2.0,528.0,0.0,0.0,9.0,181.0,5.0,161.0,1.0,798.0,10323.0,1706.0,756.0
Wilkes-37193OS PLEASANT HILL,226.0,0.0,28.0,1327.0,24.0,0.0,0.0,22.0,0.0,0.0,0.0,0.0,0.0,0.0,0.0,0.0,0.0,0.0,0.0,0.0,0.0,0.0,58.0,0.0,0.0,0.0,10.0,0.0,10.0,0.0,73.0,1581.0,151.0,46.0
Wilson-37195ABSENTEE,469.0,0.0,35.0,652.0,63.0,0.0,1.0,29.0,0.0,0.0,0.0,0.0,0.0,0.0,0.0,0.0,0.0,0.0,0.0,1.0,3.0,0.0,40.0,0.0,0.0,0.0,8.0,0.0,18.0,0.0,60.0,1156.0,130.0,93.0
Wilson-37195ONE STOP BOE PAPER,11301.0,8.0,231.0,6636.0,0.0,0.0,0.0,0.0,0.0,0.0,0.0,0.0,0.0,0.0,0.0,0.0,0.0,0.0,0.0,0.0,0.0,0.0,0.0,0.0,0.0,0.0,0.0,0.0,0.0,0.0,0.0,18176.0,0.0,0.0
Wilson-37195ONE STOP HD PAPER,2135.0,7.0,101.0,3874.0,0.0,0.0,0.0,0.0,0.0,0.0,0.0,0.0,0.0,0.0,0.0,0.0,0.0,0.0,0.0,0.0,0.0,0.0,0.0,0.0,0.0,0.0,0.0,0.0,0.0,0.0,0.0,6117.0,0.0,0.0
Wilson-37195OS BOE 200,0.0,0.0,0.0,0.0,2156.0,6.0,24.0,531.0,0.0,0.0,0.0,1.0,0.0,0.0,0.0,0.0,0.0,0.0,0.0,7.0,14.0,2.0,566.0,1.0,1.0,2.0,113.0,2.0,115.0,1.0,602.0,0.0,1426.0,2717.0
Wilson-37195OS CO 200,0.0,0.0,0.0,0.0,88.0,2.0,3.0,52.0,0.0,0.0,0.0,0.0,0.0,0.0,0.0,0.0,0.0,0.0,0.0,0.0,2.0,0.0,112.0,0.0,0.0,0.0,17.0,0.0,8.0,0.0,101.0,0.0,240.0,145.0
Wilson-37195OS HD 200,0.0,0.0,0.0,0.0,198.0,0.0,3.0,87.0,0.0,0.0,0.0,1.0,0.0,0.0,0.0,0.0,0.0,0.0,0.0,1.0,1.0,0.0,124.0,0.0,0.0,0.0,13.0,0.0,12.0,0.0,93.0,0.0,244.0,288.0
Wilson-37195PRBL,175.0,3.0,19.0,607.0,80.0,5.0,8.0,114.0,0.0,0.0,0.0,0.0,0.0,0.0,0.0,0.0,0.0,0.0,0.0,0.0,6.0,0.0,180.0,0.0,0.0,2.0,12.0,0.0,7.0,0.0,172.0,804.0,379.0,207.0
Wilson-37195PRCR,190.0,0.0,17.0,535.0,82.0,4.0,4.0,104.0,0.0,0.0,0.0,0.0,0.0,0.0,0.0,0.0,0.0,0.0,0.0,1.0,0.0,0.0,155.0,0.0,0.0,0.0,7.0,3.0,4.0,0.0,170.0,742.0,340.0,194.0
Wilson-37195PRGA,243.0,0.0,16.0,401.0,174.0,3.0,3.0,89.0,0.0,0.0,0.0,0.0,0.0,0.0,0.0,0.0,0.0,0.0,0.0,0.0,4.0,2.0,91.0,0.0,0.0,1.0,12.0,0.0,6.0,0.0,132.0,660.0,248.0,269.0
Wilson-37195PROL,203.0,0.0,16.0,701.0,145.0,2.0,10.0,132.0,0.0,0.0,0.0,0.0,0.0,0.0,0.0,0.0,0.0,0.0,0.0,2.0,4.0,0.0,258.0,1.0,0.0,1.0,18.0,0.0,24.0,0.0,207.0,920.0,515.0,289.0
Wilson-37195PRSA,167.0,0.0,3.0,259.0,110.0,1.0,3.0,58.0,0.0,0.0,0.0,0.0,0.0,0.0,0.0,0.0,0.0,0.0,0.0,0.0,2.0,1.0,42.0,0.0,0.0,0.0,3.0,0.0,4.0,0.0,55.0,429.0,107.0,172.0
Wilson-37195PRSP,152.0,0.0,15.0,528.0,114.0,0.0,3.0,72.0,0.0,0.0,0.0,0.0,0.0,0.0,0.0,0.0,0.0,0.0,0.0,0.0,1.0,0.0,137.0,0.0,0.0,0.0,8.0,0.0,11.0,1.0,133.0,695.0,291.0,189.0
Wilson-37195PRST,205.0,0.0,13.0,246.0,107.0,0.0,3.0,68.0,0.0,0.0,0.0,0.0,0.0,0.0,0.0,0.0,0.0,0.0,0.0,0.0,3.0,1.0,56.0,0.0,0.0,0.0,5.0,0.0,7.0,0.0,70.0,464.0,142.0,178.0
Wilson-37195PRTA,439.0,0.0,27.0,605.0,351.0,1.0,17.0,244.0,0.0,0.0,0.0,2.0,0.0,0.0,0.0,0.0,0.0,1.0,0.0,2.0,3.0,1.0,378.0,1.0,0.0,1.0,78.0,0.0,51.0,0.0,292.0,1071.0,807.0,613.0
Wilson-37195PRTO,357.0,0.0,22.0,558.0,265.0,1.0,8.0,184.0,0.0,0.0,0.0,0.0,0.0,0.0,0.0,0.0,0.0,0.0,0.0,2.0,1.0,0.0,218.0,0.0,0.0,2.0,16.0,0.0,15.0,0.0,159.0,937.0,413.0,458.0
Wilson-37195PRWA,180.0,0.0,7.0,33.0,99.0,0.0,1.0,51.0,0.0,0.0,0.0,0.0,0.0,0.0,1.0,0.0,0.0,0.0,0.0,0.0,0.0,0.0,12.0,1.0,0.0,0.0,2.0,0.0,1.0,0.0,8.0,220.0,24.0,151.0
Wilson-37195PRWB,224.0,0.0,1.0,13.0,134.0,0.0,1.0,36.0,0.0,0.0,0.0,0.0,0.0,0.0,0.0,0.0,0.0,0.0,0.0,1.0,0.0,0.0,1.0,0.0,0.0,0.0,1.0,0.0,0.0,0.0,1.0,238.0,4.0,171.0
Wilson-37195PRWC,305.0,0.0,1.0,28.0,214.0,0.0,2.0,66.0,0.0,0.0,0.0,0.0,0.0,0.0,0.0,0.0,0.0,0.0,0.0,1.0,1.0,1.0,9.0,0.0,0.0,0.0,1.0,0.0,1.0,0.0,5.0,334.0,19.0,282.0
Wilson-37195PRWD,135.0,0.0,18.0,261.0,90.0,3.0,4.0,97.0,0.0,0.0,0.0,1.0,0.0,0.0,0.0,0.0,0.0,0.0,0.0,3.0,3.0,1.0,109.0,0.0,0.0,0.0,54.0,1.0,27.0,0.0,137.0,414.0,335.0,194.0
Wilson-37195PRWE,216.0,0.0,10.0,95.0,116.0,0.0,2.0,66.0,0.0,0.0,0.0,0.0,0.0,0.0,0.0,0.0,0.0,0.0,0.0,0.0,0.0,0.0,34.0,0.0,0.0,0.0,4.0,0.0,3.0,0.0,32.0,321.0,73.0,184.0
Wilson-37195PRWH,238.0,0.0,3.0,2.0,125.0,0.0,0.0,32.0,0.0,0.0,0.0,0.0,0.0,0.0,0.0,0.0,0.0,0.0,0.0,0.0,0.0,0.0,0.0,0.0,0.0,0.0,0.0,0.0,0.0,0.0,0.0,243.0,0.0,157.0
Wilson-37195PRWI,243.0,0.0,5.0,128.0,173.0,0.0,2.0,59.0,0.0,0.0,0.0,0.0,0.0,0.0,0.0,0.0,0.0,0.0,0.0,0.0,1.0,0.0,43.0,0.0,0.0,0.0,3.0,0.0,6.0,1.0,44.0,376.0,98.0,234.0
Wilson-37195PRWJ,337.0,0.0,28.0,225.0,250.0,5.0,7.0,150.0,0.0,0.0,0.0,1.0,0.0,0.0,0.0,0.0,0.0,0.0,0.0,1.0,3.0,0.0,180.0,0.0,0.0,1.0,17.0,1.0,17.0,0.0,112.0,590.0,332.0,412.0
Wilson-37195PRWK,105.0,0.0,11.0,227.0,100.0,1.0,7.0,91.0,0.0,0.0,0.0,0.0,0.0,0.0,0.0,0.0,0.0,0.0,0.0,0.0,1.0,0.0,142.0,1.0,0.0,0.0,62.0,0.0,12.0,0.0,119.0,343.0,337.0,199.0
Wilson-37195PRWL,219.0,0.0,24.0,318.0,172.0,3.0,2.0,145.0,0.0,0.0,0.0,0.0,0.0,0.0,0.0,0.0,0.0,0.0,0.0,2.0,2.0,0.0,166.0,0.0,0.0,0.0,39.0,0.0,20.0,0.0,127.0,561.0,356.0,322.0
Wilson-37195PRWM,390.0,0.0,24.0,308.0,303.0,3.0,3.0,176.0,0.0,0.0,0.0,1.0,0.0,0.0,0.0,0.0,0.0,0.0,0.0,1.0,3.0,2.0,215.0,0.0,0.0,0.0,38.0,1.0,23.0,0.0,177.0,722.0,460.0,485.0
Wilson-37195PRWN,456.0,0.0,8.0,24.0,331.0,0.0,2.0,91.0,0.0,0.0,0.0,0.0,0.0,0.0,0.0,0.0,0.0,0.0,0.0,0.0,0.0,0.0,9.0,0.0,0.0,0.0,0.0,0.0,1.0,0.0,6.0,488.0,16.0,424.0
Wilson-37195PRWP,151.0,0.0,8.0,246.0,106.0,1.0,5.0,74.0,0.0,0.0,0.0,2.0,0.0,0.0,0.0,0.0,0.0,0.0,0.0,3.0,3.0,0.0,122.0,1.0,0.0,1.0,31.0,0.0,23.0,0.0,128.0,405.0,312.0,186.0
Wilson-37195PRWQ,147.0,0.0,0.0,2.0,96.0,0.0,0.0,15.0,0.0,0.0,0.0,0.0,0.0,0.0,0.0,0.0,0.0,0.0,0.0,0.0,0.0,0.0,0.0,0.0,0.0,0.0,0.0,0.0,0.0,0.0,0.0,149.0,0.0,111.0
Wilson-37195PRWR,281.0,0.0,4.0,19.0,190.0,0.0,1.0,36.0,0.0,0.0,0.0,0.0,0.0,0.0,0.0,0.0,0.0,0.0,0.0,0.0,1.0,0.0,2.0,0.0,0.0,0.0,0.0,0.0,0.0,0.0,7.0,304.0,10.0,227.0
Yadkin-37197ABSENTEE,95.0,3.0,19.0,419.0,13.0,0.0,0.0,11.0,0.0,0.0,0.0,0.0,0.0,0.0,0.0,0.0,0.0,0.0,0.0,0.0,2.0,0.0,34.0,0.0,0.0,0.0,2.0,0.0,15.0,0.0,51.0,536.0,104.0,24.0
Yadkin-37197BNVL,179.0,5.0,26.0,949.0,88.0,0.0,1.0,92.0,0.0,0.0,0.0,0.0,0.0,0.0,0.0,0.0,0.0,0.0,0.0,4.0,7.0,1.0,341.0,0.0,0.0,3.0,78.0,2.0,31.0,0.0,317.0,1159.0,784.0,181.0
Yadkin-37197DCRK,97.0,1.0,15.0,538.0,40.0,0.0,0.0,39.0,0.0,0.0,0.0,0.0,0.0,0.0,0.0,0.0,0.0,0.0,0.0,1.0,6.0,1.0,183.0,0.0,0.0,2.0,22.0,2.0,19.0,0.0,225.0,651.0,461.0,79.0
Yadkin-37197EBND,203.0,3.0,25.0,834.0,85.0,1.0,1.0,92.0,0.0,1.0,0.0,0.0,0.0,0.0,0.0,0.0,0.0,0.0,0.0,2.0,6.0,2.0,224.0,1.0,0.0,1.0,45.0,0.0,14.0,0.0,271.0,1065.0,566.0,179.0
Yadkin-37197FBSH,172.0,4.0,37.0,959.0,63.0,1.0,1.0,81.0,0.0,0.0,0.0,1.0,0.0,0.0,0.0,0.0,0.0,0.0,0.0,1.0,10.0,1.0,388.0,1.0,0.0,4.0,97.0,2.0,29.0,1.0,380.0,1172.0,914.0,146.0
Yadkin-37197NBCK,82.0,0.0,11.0,510.0,23.0,1.0,1.0,43.0,0.0,0.0,0.0,0.0,0.0,0.0,0.0,0.0,0.0,0.0,0.0,1.0,3.0,1.0,173.0,0.0,0.0,3.0,41.0,0.0,14.0,1.0,177.0,603.0,414.0,68.0
Yadkin-37197NFAL,54.0,1.0,16.0,452.0,18.0,0.0,0.0,36.0,0.0,0.0,0.0,0.0,0.0,0.0,0.0,0.0,0.0,0.0,0.0,3.0,2.0,0.0,140.0,0.0,0.0,0.0,23.0,0.0,7.0,0.0,133.0,523.0,308.0,54.0
Yadkin-37197NKNB,286.0,5.0,33.0,879.0,117.0,2.0,3.0,86.0,0.0,0.0,0.0,0.0,0.0,0.0,0.0,0.0,0.0,0.0,0.0,3.0,11.0,1.0,290.0,0.0,0.0,2.0,56.0,4.0,28.0,0.0,315.0,1203.0,710.0,208.0
Yadkin-37197NLIB,168.0,2.0,24.0,570.0,115.0,0.0,1.0,78.0,0.0,0.0,0.0,1.0,0.0,0.0,0.0,0.0,1.0,0.0,0.0,6.0,9.0,0.0,307.0,1.0,0.0,4.0,77.0,1.0,23.0,0.0,350.0,764.0,778.0,194.0
Yadkin-37197ONE STOP,1503.0,7.0,137.0,5667.0,126.0,1.0,1.0,99.0,0.0,0.0,0.0,0.0,0.0,0.0,0.0,0.0,0.0,0.0,0.0,4.0,8.0,0.0,337.0,1.0,0.0,1.0,86.0,2.0,60.0,0.0,453.0,7314.0,952.0,227.0
Yadkin-37197SBCK,80.0,1.0,14.0,332.0,27.0,0.0,1.0,35.0,0.0,0.0,0.0,0.0,0.0,0.0,0.0,0.0,0.0,0.0,0.0,2.0,1.0,1.0,102.0,0.0,0.0,2.0,23.0,3.0,9.0,2.0,97.0,427.0,242.0,63.0
Yadkin-37197SFAL,74.0,0.0,8.0,591.0,39.0,1.0,5.0,25.0,0.0,0.0,0.0,0.0,0.0,0.0,0.0,0.0,0.0,0.0,0.0,3.0,2.0,0.0,188.0,0.0,0.0,1.0,33.0,0.0,10.0,1.0,238.0,673.0,476.0,70.0
Yadkin-37197SKNB,42.0,0.0,8.0,440.0,17.0,0.0,0.0,13.0,0.0,0.0,0.0,0.0,0.0,0.0,0.0,0.0,0.0,0.0,0.0,1.0,1.0,2.0,204.0,0.0,0.0,0.0,15.0,0.0,15.0,0.0,156.0,490.0,394.0,30.0
Yadkin-37197SLIB,110.0,2.0,24.0,687.0,62.0,0.0,3.0,55.0,0.0,0.0,0.0,0.0,0.0,0.0,0.0,0.0,0.0,0.0,0.0,0.0,6.0,0.0,276.0,0.0,0.0,2.0,43.0,1.0,9.0,0.0,276.0,823.0,613.0,120.0
Yancey-3719901 BUR,869.0,9.0,69.0,1347.0,332.0,2.0,5.0,359.0,0.0,0.0,0.0,3.0,0.0,0.0,0.0,0.0,0.0,0.0,0.0,9.0,12.0,0.0,258.0,0.0,0.0,6.0,78.0,2.0,31.0,0.0,262.0,2294.0,658.0,698.0
Yancey-3719902 CAN,238.0,12.0,30.0,677.0,79.0,1.0,5.0,122.0,0.0,0.0,0.0,0.0,0.0,0.0,0.0,0.0,0.0,0.0,0.0,1.0,6.0,0.0,118.0,0.0,0.0,1.0,20.0,0.0,16.0,0.0,117.0,957.0,279.0,207.0
Yancey-3719903 EGY,114.0,2.0,12.0,207.0,27.0,0.0,2.0,54.0,0.0,0.0,0.0,0.0,0.0,0.0,0.0,0.0,0.0,0.0,0.0,0.0,0.0,0.0,49.0,0.0,0.0,1.0,6.0,0.0,7.0,0.0,35.0,335.0,98.0,83.0
Yancey-3719904 RAM,54.0,0.0,14.0,161.0,20.0,0.0,1.0,22.0,0.0,0.0,0.0,2.0,0.0,0.0,0.0,0.0,0.0,0.0,0.0,1.0,0.0,0.0,14.0,1.0,0.0,0.0,13.0,0.0,3.0,0.0,38.0,229.0,70.0,43.0
Yancey-3719905 GRE,107.0,1.0,5.0,207.0,44.0,0.0,1.0,49.0,0.0,0.0,0.0,0.0,0.0,0.0,0.0,0.0,0.0,0.0,0.0,0.0,1.0,0.0,40.0,0.0,0.0,0.0,16.0,1.0,4.0,0.0,42.0,320.0,104.0,94.0
Yancey-3719906 JAC,301.0,4.0,21.0,688.0,120.0,1.0,9.0,158.0,0.0,0.0,0.0,0.0,0.0,0.0,0.0,0.0,0.0,0.0,0.0,0.0,3.0,0.0,73.0,0.0,0.0,3.0,20.0,0.0,11.0,0.0,107.0,1014.0,217.0,288.0
Yancey-3719907 BRU,91.0,1.0,3.0,163.0,41.0,0.0,0.0,32.0,0.0,0.0,0.0,0.0,0.0,0.0,0.0,0.0,0.0,0.0,0.0,0.0,0.0,1.0,24.0,0.0,0.0,2.0,4.0,0.0,2.0,0.0,37.0,258.0,70.0,73.0
Yancey-3719908 CRA,522.0,6.0,46.0,1260.0,209.0,0.0,5.0,197.0,0.0,0.0,0.0,1.0,0.0,0.0,0.0,0.0,0.0,0.0,0.0,3.0,6.0,0.0,228.0,0.0,0.0,2.0,52.0,3.0,36.0,0.0,245.0,1834.0,575.0,411.0
Yancey-3719909 SOU,596.0,4.0,24.0,766.0,171.0,1.0,4.0,284.0,0.0,0.0,0.0,1.0,0.0,0.0,0.0,0.0,0.0,0.0,0.0,1.0,5.0,0.0,168.0,0.0,0.0,4.0,26.0,1.0,17.0,0.0,118.0,1390.0,340.0,460.0
Yancey-3719910 PEN,106.0,1.0,9.0,270.0,37.0,0.0,3.0,49.0,0.0,0.0,0.0,0.0,0.0,0.0,0.0,0.0,0.0,0.0,0.0,0.0,0.0,1.0,43.0,0.0,0.0,0.0,14.0,1.0,12.0,0.0,51.0,386.0,122.0,89.0
Yancey-3719911 PRI,198.0,1.0,28.0,639.0,72.0,1.0,1.0,77.0,0.0,0.0,0.0,0.0,0.0,0.0,0.0,0.0,0.0,0.0,0.0,1.0,3.0,0.0,146.0,0.0,0.0,2.0,36.0,0.0,27.0,0.0,136.0,866.0,351.0,151.0
