precinct,pri_dem_CLINTON,pri_dem_FUENTE,pri_dem_SANDERS,pri_rep_BUSH,pri_rep_CARSON,pri_rep_CRUZ,pri_rep_KASICH,pri_rep_RUBIO,pri_rep_TRUMP,gen_con_CASTLE,gen_dem_CLINTON,gen_grn_STEIN,gen_lib_JOHNSON,gen_rep_TRUMP,dem_primary_total,rep_primary_total,dem_general_total,rep_general_total
10ADAMS1,252,2,165,2,4,232,275,8,506,7,956,9,73,1893,419,1027,956,1893
10ADAMS2,169,2,105,4,3,181,190,3,481,4,668,11,61,1572,276,862,668,1572
10ADAMS3,247,1,155,5,3,201,228,5,577,9,751,7,58,1708,403,1019,751,1708
10ALLEGHENY,16,0,19,0,1,39,17,2,64,6,40,0,5,205,35,123,40,205
10BRADY,48,2,57,1,1,43,22,0,114,1,138,5,21,380,107,181,138,380
10BRUIN,12,0,9,1,1,25,7,0,63,1,25,1,5,149,21,97,25,149
10BUFFALO1,137,6,123,1,3,106,79,3,322,2,399,5,37,985,266,514,399,985
10BUFFALO2,131,3,124,2,2,87,98,0,312,1,368,10,32,988,258,501,368,988
10BUFFALO3,126,5,97,1,4,77,93,3,236,6,344,4,39,819,228,414,344,819
10BUTLER1,148,3,159,1,4,82,50,6,178,5,473,12,67,683,310,321,473,683
10BUTLER11,205,2,155,2,7,101,120,2,338,5,549,26,42,1060,362,570,549,1060
10BUTLER12,135,4,105,3,4,72,66,2,262,5,351,11,36,783,244,409,351,783
10BUTLER2,150,5,134,1,1,56,27,1,151,4,397,10,61,600,289,237,397,600
10BUTLER3,161,7,125,1,8,97,68,2,239,15,483,21,52,827,293,415,483,827
10BUTLER4,179,7,173,3,5,130,128,4,378,5,504,11,61,1158,359,648,504,1158
10BUTLER41,70,1,64,1,2,27,30,1,102,3,233,11,24,284,135,163,233,284
10BUTLER42,74,0,95,0,2,35,42,2,116,5,256,6,23,336,169,197,256,336
10BUTLER5,342,1,273,6,6,152,120,2,420,8,926,22,100,1426,616,706,926,1426
10BUTLER6NORTH,121,2,105,1,2,70,69,4,222,5,331,10,23,633,228,368,331,633
10BUTLER6SOUTH,130,3,96,0,3,110,89,2,261,3,359,4,24,812,229,465,359,812
10CALLERY,16,3,11,0,0,13,14,0,51,2,41,2,12,150,30,78,41,150
10CENTER1,181,3,136,3,2,124,94,6,335,3,469,10,43,1049,320,564,469,1049
10CENTER2,163,5,104,3,2,159,107,2,377,5,474,6,50,1090,272,650,474,1090
10CENTER3,119,3,129,4,4,133,76,2,325,6,379,12,39,1038,251,544,379,1038
10CHERRY,47,3,57,1,0,40,17,0,127,2,141,3,21,392,107,185,141,392
10CHERRYVALLEY,7,0,4,0,0,0,4,0,6,0,6,3,1,19,11,10,6,19
10CHICORA,50,2,34,1,3,28,16,0,99,2,81,1,14,328,86,147,81,328
10CLAY,104,7,95,2,1,67,40,4,251,7,250,9,27,867,206,365,250,867
10CLEARFIELD,87,5,129,2,2,92,32,1,247,5,244,8,34,826,221,376,244,826
10CLINTON,110,3,104,3,6,147,132,5,398,6,379,2,54,1158,217,691,379,1158
10CONCORD,45,4,75,3,3,51,47,2,171,1,117,4,16,544,124,277,117,544
10CONNOQUENESSING,206,8,204,4,11,255,190,3,668,13,678,20,107,1950,418,1131,678,1950
10CRANBERRYEAST1,150,0,89,1,3,159,221,3,415,7,663,6,55,1298,239,802,663,1298
10CRANBERRYEAST2,130,4,77,1,6,123,159,3,355,3,503,6,39,1103,211,647,503,1103
10CRANBERRYEAST3,168,0,123,4,5,117,164,9,332,4,647,8,54,1018,291,631,647,1018
10CRANBERRYWEST1,182,5,100,2,3,168,204,2,351,3,685,3,53,1229,287,730,685,1229
10CRANBERRYWEST2,195,2,113,7,7,122,155,5,265,5,645,7,56,877,310,561,645,877
10CRANBERRYWEST3,198,7,152,1,2,167,233,6,366,10,826,7,66,1354,357,775,826,1354
10CRANBERRYWEST4,179,2,144,5,3,149,164,7,287,6,672,10,69,1008,325,615,672,1008
10CRANBERRYWEST5,152,1,138,1,5,110,97,3,247,7,601,9,64,909,291,463,601,909
10CRANBERRYWEST6,185,1,117,3,2,138,177,7,305,5,690,9,65,1018,303,632,690,1018
10DONEGAL,80,2,105,1,5,83,40,0,214,6,192,6,23,672,187,343,192,672
10EASTBUTLER,41,1,41,1,2,27,10,1,54,2,83,3,14,240,83,95,83,240
10EAUCLAIRE,9,1,2,1,0,7,6,0,29,1,21,1,7,70,12,43,21,70
10EVANSCITY,92,2,91,0,1,86,53,1,176,4,264,10,43,589,185,317,264,589
10FAIRVIEW,90,6,110,1,4,75,51,1,241,4,212,2,35,838,206,373,212,838
10FOR,102,3,120,2,6,113,120,2,349,11,362,10,46,1020,225,592,362,1020
10FRANKLIN,134,6,147,6,4,140,99,2,387,8,343,10,39,1115,287,638,343,1115
10HARMONY,45,0,63,0,3,47,55,1,100,5,181,9,23,331,108,206,181,331
10HARRISVILLE,25,2,41,0,0,38,35,1,92,6,81,2,14,273,68,166,81,273
10JACKSON,194,1,172,2,3,205,163,2,446,9,651,14,63,1531,367,821,651,1531
10JEFFERSONI,104,8,100,7,5,159,86,1,330,5,301,8,36,1056,212,588,301,1056
10JEFFERSONII,91,3,66,1,7,137,92,5,319,5,298,4,31,959,160,561,298,959
10KARNSCITY,8,1,12,1,0,5,4,1,25,0,15,0,1,70,21,36,15,70
10LANCASTER,114,2,100,2,6,163,124,5,347,11,375,8,53,1046,216,647,375,1046
10MARION,62,1,62,0,0,44,30,0,109,1,140,4,8,419,125,183,140,419
10MARS,60,3,68,4,2,73,59,2,158,2,203,8,23,493,131,298,203,493
10MERCER,26,2,32,0,1,52,27,1,130,2,82,7,17,400,60,211,82,400
10MIDDLESEXNORTH,134,4,109,5,6,164,110,4,356,4,392,7,42,1083,247,645,392,1083
10MIDDLESEXSOUTH,125,12,130,5,3,133,132,5,391,4,503,6,49,1205,267,669,503,1205
10MUDDYCREEK,61,4,75,2,4,128,63,2,245,4,196,10,37,874,140,444,196,874
10OAKLAND,125,8,134,5,8,91,70,2,331,4,308,8,47,1074,267,507,308,1074
10PARKER,14,0,23,1,3,32,22,2,75,3,37,1,8,245,37,135,37,245
10PENNEAST,102,1,109,2,5,156,134,6,401,8,346,5,37,1128,212,704,346,1128
10PENNWEST,118,2,87,2,6,130,129,4,396,7,361,7,50,1046,207,667,361,1046
10PETROLIA,8,1,14,0,0,3,2,0,5,0,19,0,5,42,23,10,19,42
10PORTERSVILLE,6,1,10,0,0,23,15,1,36,0,30,2,7,96,17,75,30,96
10PROSPECT,51,4,54,3,3,61,27,1,153,7,136,1,25,408,109,248,136,408
10SAXONBURG,92,1,69,3,2,67,77,1,180,3,242,6,24,506,162,330,242,506
10SEVENFIELDS,145,3,88,2,0,114,180,4,268,3,587,5,53,953,236,568,587,953
10SLIPPERYROCK,284,6,385,5,12,210,179,5,513,10,1648,57,181,2016,675,924,1648,2016
10SUMMITNORTH,72,5,59,3,7,67,37,5,167,5,206,2,25,612,136,286,206,612
10SUMMITSOUTH,112,8,135,2,6,114,56,2,297,7,279,12,33,955,255,477,279,955
10VALENCIA,55,4,28,4,1,24,52,2,64,0,120,2,7,217,87,147,120,217
10VENANGO,22,2,28,1,0,17,13,0,97,1,58,3,4,302,52,128,58,302
10WASHINGTON,48,2,33,2,2,31,17,1,166,3,112,1,11,473,83,219,112,473
10WESTLIBERTY,20,0,15,0,3,14,10,1,47,0,42,4,6,139,35,75,42,139
10WESTSUNBURY,2,0,11,0,0,6,4,0,24,0,22,0,2,56,13,34,22,56
10WINFIELD,115,8,155,0,8,198,135,6,438,11,417,8,33,1403,278,785,417,1403
10WORTH,58,1,73,2,5,83,40,1,186,3,188,5,29,602,132,317,188,602
10ZELIENOPLE1,71,1,71,1,3,64,63,4,113,3,220,6,22,419,143,248,220,419
10ZELIENOPLE2,76,2,66,6,4,84,87,3,129,5,289,6,27,443,144,313,289,443
10ZELIENOPLE3,70,1,67,1,2,60,53,3,150,3,280,4,39,483,138,269,280,483
11ADAMS1,105,9,97,1,0,52,33,1,156,5,200,5,18,588,211,243,200,588
11ADAMSDUNLO,55,4,82,0,1,17,10,0,54,0,113,4,9,283,141,82,113,283
11ADAMSELTON,87,7,97,1,3,61,32,3,197,3,195,2,10,650,191,297,195,650
11ADAMSGRAMLINGTON,43,5,56,3,1,45,24,1,94,3,86,5,7,345,104,168,86,345
11ADAMSST.MICHAEL,85,1,87,0,1,34,10,0,80,4,157,4,7,356,173,125,157,356
11ALLEGHENY,86,4,117,2,2,46,29,3,152,1,190,6,16,651,207,234,190,651
11ASHVILLE,14,3,20,0,0,6,1,0,14,0,29,2,3,91,37,21,29,91
11BARRA(SOUTHCONG9),91,7,168,1,1,83,29,0,244,2,168,5,8,876,266,358,168,876
11BLACKLICK,107,7,121,1,2,41,15,0,140,4,242,2,9,666,235,199,242,666
11BROWNSTOWN,65,1,81,0,0,17,6,2,50,1,129,7,4,220,147,75,129,220
11CAMBRIA1,147,11,135,3,4,45,35,1,149,3,259,9,25,618,293,237,259,618
11CAMBRIA4,97,7,90,1,0,48,28,1,160,4,203,5,21,562,194,238,203,562
11CAMBRIACOLVER,70,16,101,0,3,23,13,3,97,3,138,4,15,484,187,139,138,484
11CAMBRIAREVLOC,56,5,60,0,0,9,9,1,77,1,106,5,18,261,121,96,106,261
11CARROLLTOWN,86,4,85,1,2,19,12,2,92,6,151,1,15,392,175,128,151,392
11CASSANDRA,11,2,11,0,0,3,1,0,17,0,16,0,1,55,24,21,16,55
11CHEST,23,1,19,1,3,18,7,0,57,1,43,1,2,178,43,86,43,178
11CHESTSPRINGS,4,1,15,0,0,3,4,0,13,0,15,1,2,68,20,20,15,68
11CLEARFIELD,76,7,124,2,5,42,11,0,171,4,169,5,11,602,207,231,169,602
11CONEMAUGHCENTER,65,6,69,1,3,27,25,1,94,3,139,1,8,383,140,151,139,383
11CONEMAUGHCOVERHILL,66,3,88,1,2,28,15,0,75,1,105,4,15,357,157,121,105,357
11CRESSON,89,6,97,0,3,43,26,1,111,1,201,6,18,475,192,184,201,475
11CRESSONNORTH,85,9,86,2,3,37,19,0,98,2,188,5,14,438,180,159,188,438
11CRESSONSOUTH,66,6,80,0,2,33,30,1,96,2,148,4,7,383,152,162,148,383
11CROYLE1,67,4,79,0,2,43,21,3,130,1,133,1,5,444,150,199,133,444
11CROYLE2,57,6,92,1,2,36,18,1,112,3,152,3,14,419,155,170,152,419
11DAISYTOWN,28,2,29,0,0,3,6,0,31,0,45,0,3,134,59,40,45,134
11DALE,52,4,45,1,0,20,20,0,46,1,140,4,11,213,101,87,140,213
11DEAN,27,1,16,0,0,6,9,0,53,1,50,1,0,145,44,68,50,145
11EASTCARROLLNORTH,28,2,33,0,1,9,4,0,15,1,56,2,10,118,63,29,56,118
11EASTCARROLLSOUTH,55,13,105,0,1,40,14,0,148,5,125,3,9,518,173,203,125,518
11EASTCONEMAUGH,85,5,68,0,0,11,1,1,36,1,142,4,14,224,158,49,142,224
11EASTTAYLOR1,32,2,42,0,0,12,3,0,45,1,57,6,4,198,76,60,57,198
11EASTTAYLOR2,36,2,52,0,0,6,1,0,34,1,74,5,9,161,90,41,74,161
11EASTTAYLOR3,72,5,100,0,0,16,7,0,60,1,139,3,12,300,177,83,139,300
11EASTTAYLOR4,25,2,53,0,2,23,11,0,55,1,49,3,10,219,80,91,49,219
11EBENSBURGCENTER,93,5,85,3,2,27,26,5,54,2,198,7,14,296,183,117,198,296
11EBENSBURGEAST,69,7,103,2,3,21,18,0,84,0,227,4,8,362,179,128,227,362
11EBENSBURGWEST,102,3,105,0,2,33,30,2,98,7,257,0,18,400,210,165,257,400
11EHRENFELD,9,2,19,0,0,1,2,0,11,0,30,0,0,55,30,14,30,55
11ELDER,53,7,68,0,0,23,6,0,53,1,108,6,6,299,128,82,108,299
11FERNDALE,81,5,90,0,1,51,24,0,117,4,217,3,19,444,176,193,217,444
11FRANKLIN,40,2,26,0,0,1,0,0,11,0,80,0,2,55,68,12,80,55
11GALLITZIN,146,12,186,0,2,59,34,0,264,8,299,11,23,980,344,359,299,980
11GEISTOWN1,66,0,80,0,3,25,16,1,108,1,158,3,14,340,146,153,158,340
11GEISTOWN2,121,4,110,0,2,56,34,1,132,1,255,3,13,537,235,225,255,537
11HASTINGS,84,6,89,0,0,22,11,1,61,1,150,4,13,338,179,95,150,338
11JACKSON1,50,1,67,0,0,25,18,1,82,0,110,0,12,327,118,126,110,327
11JACKSON3,91,9,105,2,3,63,32,0,172,5,161,2,10,677,205,272,161,677
11JACKSONVINCO,96,8,120,0,1,60,27,0,186,2,197,6,16,652,224,274,197,652
11JOHNSTOWN11,47,0,42,0,1,5,3,2,17,0,102,2,4,86,89,28,102,86
11JOHNSTOWN171,69,3,65,0,0,13,6,1,45,1,191,5,9,168,137,65,191,168
11JOHNSTOWN172,69,3,57,2,0,24,6,2,62,4,223,8,13,248,129,96,223,248
11JOHNSTOWN173,41,1,38,0,2,15,5,0,43,0,152,2,7,189,80,65,152,189
11JOHNSTOWN174,47,4,42,0,0,16,3,0,34,2,109,7,1,126,93,53,109,126
11JOHNSTOWN18,55,5,56,0,1,15,5,1,55,3,134,3,6,199,116,77,134,199
11JOHNSTOWN19,81,1,71,0,0,16,8,2,57,1,191,2,10,227,153,83,191,227
11JOHNSTOWN201,103,10,91,1,1,15,10,0,64,6,246,2,9,309,204,91,246,309
11JOHNSTOWN202,67,3,48,1,1,12,4,2,39,0,216,5,7,195,118,59,216,195
11JOHNSTOWN21,34,2,39,0,1,18,5,0,43,0,99,2,5,171,75,67,99,171
11JOHNSTOWN7,132,2,55,0,4,15,4,2,34,2,354,5,10,181,189,59,354,181
11JOHNSTOWN81,25,0,12,0,0,1,3,0,5,0,36,0,3,26,37,9,36,26
11JOHNSTOWN82,41,3,44,1,0,21,3,0,50,0,119,1,8,152,88,75,119,152
11JOHNSTOWN83,103,3,154,2,1,37,27,4,123,3,291,4,24,448,260,194,291,448
11JOHNSTOWNCAMBRIACITY,35,0,40,0,0,1,3,0,26,0,87,5,8,79,75,30,87,79
11JOHNSTOWNCENTERTOWN1,60,1,24,2,0,8,6,1,20,1,118,0,4,73,85,37,118,73
11JOHNSTOWNCENTERTOWN2,41,1,22,0,0,10,3,0,12,1,112,2,2,58,64,25,112,58
11JOHNSTOWNKERNVILLE,61,0,26,0,1,11,1,0,18,0,159,0,5,95,87,31,159,95
11JOHNSTOWNOLDCONEMAUGH,49,0,38,0,1,7,4,0,19,1,136,1,6,102,87,31,136,102
11JOHNSTOWNPROSPECT,67,0,21,0,0,1,0,0,7,1,171,1,1,35,88,8,171,35
11LILLY1,23,3,22,0,0,5,5,1,27,1,43,4,1,103,48,38,43,103
11LILLY2,33,1,43,0,0,5,8,1,37,0,78,1,7,165,77,51,78,165
11LORAIN,53,1,30,0,0,5,5,0,47,2,82,0,5,171,84,57,82,171
11LORETTO,23,4,18,1,0,19,9,0,21,1,92,3,8,168,45,50,92,168
11LOWERYODER1,107,5,112,0,2,24,11,0,75,1,221,8,10,439,224,112,221,439
11LOWERYODER2,110,8,114,2,2,33,22,1,128,3,237,1,13,454,232,188,237,454
11MIDDLETAYLOR,57,5,55,2,0,32,12,0,81,3,108,1,9,263,117,127,108,263
11MUNSTER,24,9,36,0,1,49,16,1,89,3,45,3,2,332,69,156,45,332
11NANTYGLO1,68,5,94,1,2,18,6,1,63,4,123,6,7,332,167,91,123,332
11NANTYGLO2,124,5,87,0,2,18,7,0,62,3,223,1,7,388,216,89,223,388
11NORTHERNCAMBRIA1,45,1,35,0,0,8,9,1,54,2,76,1,5,228,81,72,76,228
11NORTHERNCAMBRIA2,40,2,46,0,0,7,2,0,36,0,67,1,8,191,88,45,67,191
11NORTHERNCAMBRIA3A(CONG9),39,5,53,0,0,16,4,0,62,2,94,4,4,242,97,82,94,242
11NORTHERNCAMBRIA4,46,5,48,0,0,12,10,1,41,2,74,0,3,239,99,64,74,239
11NORTHERNCAMBRIA5,58,4,72,0,0,13,3,1,41,1,96,3,8,202,134,58,96,202
11PATTON1,72,3,54,3,1,11,8,1,79,1,124,2,3,262,129,103,124,262
11PATTON2,77,2,67,0,0,20,5,0,58,0,133,3,11,261,146,83,133,261
11PORTAGE1,37,1,44,0,1,5,7,0,32,1,77,3,8,154,82,45,77,154
11PORTAGE2,51,4,66,0,0,16,13,1,48,2,99,2,7,254,121,78,99,254
11PORTAGE3,37,2,64,2,2,18,9,1,54,0,97,4,6,249,103,86,97,249
11PORTAGECENTER,111,20,116,1,1,34,8,0,135,2,231,7,13,553,247,179,231,553
11PORTAGESOUTHWEST,118,7,140,1,2,44,19,1,134,5,243,9,22,575,265,201,243,575
11READENORTH,35,0,41,0,1,31,15,0,135,2,75,3,10,365,76,182,75,365
11READESOUTH,10,0,14,0,2,8,4,0,43,1,36,0,2,146,24,57,36,146
11RICHLAND1,78,5,82,3,4,62,25,4,167,3,195,2,16,543,165,265,195,543
11RICHLAND2,118,1,107,0,6,72,44,2,197,1,280,7,14,613,226,321,280,613
11RICHLAND3,59,4,48,0,0,60,19,1,132,0,120,2,11,386,111,212,120,386
11RICHLAND4,103,2,78,9,5,55,49,1,137,2,201,6,11,464,183,256,201,464
11RICHLAND5,76,2,102,0,2,53,28,2,152,0,237,2,21,484,180,237,237,484
11RICHLAND6,86,2,83,0,2,60,26,1,146,4,221,10,18,414,171,235,221,414
11RICHLAND7,100,8,103,1,1,61,47,1,185,2,200,3,26,622,211,296,200,622
11RICHLAND8,54,1,57,2,2,43,16,1,93,0,154,1,10,320,112,157,154,320
11RICHLAND9,97,1,73,1,3,39,32,3,146,3,208,3,14,407,171,224,208,407
11SANKERTOWN,34,5,59,1,0,14,7,2,46,5,63,2,4,196,98,70,63,196
11SCALPLEVEL,70,1,38,1,0,12,6,1,42,3,118,1,5,198,109,62,118,198
11SOUTHFORK,46,0,38,2,1,6,10,0,69,1,100,2,6,244,84,88,100,244
11SOUTHMONT1,125,2,103,3,2,44,53,3,155,2,287,9,31,494,230,260,287,494
11SOUTHMONT2,38,1,43,1,3,16,14,2,76,4,113,4,6,228,82,112,113,228
11STONYCREEK1,65,1,45,0,2,32,19,1,90,2,146,2,7,263,111,144,146,263
11STONYCREEK2,26,0,17,1,0,21,5,1,30,1,55,1,1,131,43,58,55,131
11STONYCREEK3,55,3,59,1,1,26,17,2,67,0,137,2,9,238,117,114,137,238
11STONYCREEK4,61,2,64,0,3,36,35,1,77,5,142,4,9,290,127,152,142,290
11SUMMERHILL,32,2,53,0,2,11,17,1,42,1,71,2,9,196,87,73,71,196
11SUMMERHILLNORTH,49,6,88,0,1,42,9,0,122,5,117,3,16,446,143,174,117,446
11SUMMERHILLSOUTH,69,6,66,0,0,23,7,0,106,7,131,2,12,403,141,136,131,403
11SUSQUEHANNANORTH,63,7,86,0,1,19,12,0,106,1,98,2,8,426,156,138,98,426
11SUSQUEHANNASOUTH,52,4,60,0,0,10,7,0,63,1,95,2,5,262,116,80,95,262
11TUNNELHILL,6,2,21,1,0,0,1,0,21,0,18,0,5,79,29,23,18,79
11UPPERYODER1,103,7,108,0,1,81,64,2,181,3,241,3,15,624,218,329,241,624
11UPPERYODER2,70,3,66,2,1,32,28,1,79,5,155,0,9,315,139,143,155,315
11UPPERYODER3,81,0,90,0,2,39,31,1,113,1,218,5,8,376,171,186,218,376
11UPPERYODER4,91,4,90,0,1,38,29,1,104,4,205,0,14,360,185,173,205,360
11VINTONDALE,18,1,23,0,0,15,2,0,32,5,42,0,3,128,42,49,42,128
11WASHINGTON,64,1,85,0,0,17,2,0,62,3,117,1,8,320,150,81,117,320
11WESTCARROLLNORTH,27,2,42,0,0,7,3,0,51,1,60,2,3,182,71,61,60,182
11WESTCARROLLSOUTH,44,3,39,1,2,8,2,0,49,3,88,1,6,205,86,62,88,205
11WESTMONT1,113,5,125,2,2,52,70,2,142,1,303,7,31,501,243,270,303,501
11WESTMONT2,126,6,149,3,4,86,113,5,281,6,364,9,17,773,281,492,364,773
11WESTMONT3,148,2,125,0,2,70,64,2,213,1,362,4,16,683,275,351,362,683
11WESTTAYLOR,54,5,49,1,0,14,6,1,67,3,87,3,4,284,108,89,87,284
11WHITE,31,4,40,1,1,40,9,1,89,3,77,0,7,341,75,141,77,341
11WILMORE,6,3,11,1,0,8,6,0,17,1,22,0,2,79,20,32,22,79
12DRIFTWOOD,3,0,4,0,0,1,3,0,13,0,8,0,1,28,7,17,8,28
12EMPORIUMEAST,19,3,21,1,0,12,11,2,25,1,43,0,5,112,43,51,43,112
12EMPORIUMMIDDLE,22,1,25,2,2,15,23,0,45,0,71,0,5,171,48,87,71,171
12EMPORIUMWEST,52,3,42,4,4,33,22,3,88,3,131,1,11,250,97,154,131,250
12GIBSON,5,0,13,0,0,7,3,0,35,1,16,0,1,81,18,45,16,81
12GROVE,7,2,9,0,0,6,2,0,16,0,15,0,2,47,18,24,15,47
12LUMBER,10,3,16,0,0,8,7,0,30,0,36,3,3,83,29,45,36,83
12PORTAGE,5,2,8,0,0,11,4,0,15,0,15,0,2,63,15,30,15,63
12SHIPPENEAST,29,3,47,2,5,39,20,1,82,1,98,0,10,287,79,149,98,287
12SHIPPENWEST,34,1,55,0,6,63,42,5,154,1,98,2,13,467,90,270,98,467
13BANKS4,100,3,79,0,1,5,8,0,94,2,138,7,6,336,182,108,138,336
13BEAVERMEADOWS,41,1,52,0,0,19,8,0,83,3,96,2,12,273,94,110,96,273
13BOWMANSTOWN,46,2,44,0,0,18,13,0,85,1,104,4,7,260,92,116,104,260
13EASTPENNNORTH,54,1,72,1,3,36,34,0,200,1,197,3,19,536,127,274,197,536
13EASTPENNSOUTH,78,3,63,2,3,33,13,2,147,1,166,5,10,431,144,200,166,431
13EASTSIDE,15,0,18,1,0,3,2,0,28,2,28,2,5,84,33,34,28,84
13FRANKLINFRANKLININD.,47,1,40,3,2,27,22,0,122,4,120,2,8,361,88,176,120,361
13FRANKLINHARRITY,83,4,103,0,1,41,30,1,227,5,229,0,20,650,190,300,229,650
13FRANKLINLONGRUN,51,0,75,1,2,55,25,2,179,3,161,9,28,528,126,264,161,528
13JIMTHORPE1,85,2,101,0,1,23,10,0,56,1,210,11,23,253,188,90,210,253
13JIMTHORPE2,75,2,46,0,1,12,3,0,63,2,149,6,11,212,123,79,149,212
13JIMTHORPE3,102,3,107,2,0,32,13,1,127,2,224,1,9,412,212,175,224,412
13JIMTHORPE4,62,1,54,0,0,16,4,1,30,5,154,3,10,121,117,51,154,121
13JIMTHORPE5,78,2,87,0,2,18,17,0,106,1,194,9,7,302,167,143,194,302
13KIDDERNORTH,27,0,27,1,0,9,5,0,63,0,81,4,7,158,54,78,81,158
13KIDDERSOUTH,51,1,54,0,0,27,31,2,178,2,180,4,5,456,106,238,180,456
13LANSFORDFIRST,92,3,76,3,1,15,9,0,114,5,223,6,18,347,171,142,223,347
13LANSFORDMIDDLE,63,2,53,1,2,12,7,1,75,1,143,2,6,221,118,98,143,221
13LANSFORDWEST,45,3,52,0,0,15,8,0,57,3,126,2,6,224,100,80,126,224
13LAUSANNE,10,1,15,0,0,4,1,0,39,1,24,0,2,91,26,44,24,91
13LEHIGH,8,0,17,1,0,20,6,1,91,1,41,4,2,200,25,119,41,200
13LEHIGHTON1,82,2,89,1,2,49,18,2,128,6,266,6,16,416,173,200,266,416
13LEHIGHTON2,86,1,93,1,7,35,15,1,114,4,230,4,28,373,180,173,230,373
13LEHIGHTON3,107,3,67,0,3,39,13,0,108,8,237,4,14,364,177,163,237,364
13LOWERTOWAMENSINGNORTH,84,4,86,1,1,48,14,0,165,3,223,6,32,549,174,229,223,549
13LOWERTOWAMENSINGSOUTH,68,2,66,2,1,41,10,0,104,3,152,4,23,414,136,158,152,414
13MAHONINGMAHONING,124,3,133,0,6,78,32,2,266,5,317,13,24,788,260,384,317,788
13MAHONINGNEWMAHONING,35,2,46,2,0,26,21,0,110,1,96,2,9,302,83,159,96,302
13NESQUEHONINGEAST,112,6,117,1,1,20,10,1,99,1,240,4,18,389,235,132,240,389
13NESQUEHONINGWEST,113,4,119,3,0,22,15,1,134,1,235,5,3,504,236,175,235,504
13PACKER,41,2,43,2,2,38,8,1,236,3,81,3,5,480,86,287,81,480
13PALMERTONEASTERN,86,4,82,0,0,46,21,1,142,3,232,7,21,497,172,210,232,497
13PALMERTONMIDDLE,151,2,129,4,4,72,29,1,146,3,399,12,40,647,282,256,399,647
13PALMERTONWESTERN,35,4,48,1,0,11,4,0,49,1,108,6,10,243,87,65,108,243
13PARRYVILLE,21,1,25,0,1,12,4,0,31,1,45,2,7,145,47,48,45,145
13PENNFORESTEAST,63,1,77,0,1,30,14,1,176,7,347,12,15,550,141,222,347,550
13PENNFORESTMIDDLE,66,2,48,0,0,24,13,0,117,5,227,11,7,388,116,154,227,388
13PENNFORESTNORTH/WEST,86,2,91,0,3,51,25,3,201,5,319,8,17,636,179,283,319,636
13PENNFORESTNORTHEAST,94,3,93,2,4,33,12,1,196,6,364,7,18,602,190,248,364,602
13PENNFORESTSOUTH/WEST,83,1,118,1,1,65,44,1,193,4,302,7,29,586,202,305,302,586
13SUMMITHILL1,96,1,90,0,0,10,4,2,52,1,150,5,9,188,187,68,150,188
13SUMMITHILL2,81,2,65,0,2,7,9,0,57,4,144,4,9,208,148,75,144,208
13SUMMITHILL31,66,0,77,0,3,11,7,0,95,4,147,6,14,250,143,116,147,250
13SUMMITHILL32,39,3,47,0,0,8,4,0,70,1,77,2,3,184,89,82,77,184
13TOWAMENSINGNORTH,65,1,69,0,2,52,13,2,163,4,207,12,17,486,135,232,207,486
13TOWAMENSINGSOUTH1,48,1,64,1,2,45,29,2,168,2,182,3,17,560,113,247,182,560
13TOWAMENSINGSOUTH2,88,0,57,1,0,43,14,1,149,2,216,5,17,480,145,208,216,480
13WEATHERLYEAST,70,4,68,3,1,36,15,0,207,3,195,6,18,506,142,262,195,506
13WEATHERLYWEST,36,2,38,0,2,20,10,1,111,1,80,6,10,264,76,144,80,264
13WEISSPORT,13,2,29,0,1,11,0,1,14,1,38,2,7,77,44,27,38,77
14BELLEFONTENORTH,52,3,69,2,4,32,19,3,54,2,188,3,22,174,124,114,188,174
14BELLEFONTENORTHEAST,73,4,73,7,9,78,45,1,123,9,259,7,10,385,150,263,259,385
14BELLEFONTESOUTH,52,0,80,1,2,35,18,3,54,6,230,4,17,193,132,113,230,193
14BELLEFONTESOUTHEAST,69,2,97,4,1,72,49,2,132,6,283,10,35,375,168,260,283,375
14BELLEFONTEWEST,93,4,220,4,2,55,41,3,121,7,443,13,48,398,317,226,443,398
14BENNERNORTH,78,3,103,5,5,83,51,4,215,2,318,8,26,679,184,363,318,679
14BENNERSOUTH,150,2,130,2,3,118,98,5,293,5,482,8,32,821,282,519,482,821
14BOGGSEAST,45,2,48,0,3,51,21,3,140,4,108,4,8,427,95,218,108,427
14BOGGSWEST,55,3,70,0,2,63,31,2,201,5,157,3,14,605,128,299,157,605
14BURNSIDE,14,0,16,0,0,13,3,0,64,0,45,0,2,157,30,80,45,157
14CENTREHALL,67,1,81,4,4,75,36,3,125,2,230,2,23,443,149,247,230,443
14COLLEGEEAST,213,1,242,3,4,97,100,3,161,10,839,19,51,506,456,368,839,506
14COLLEGENORTH,249,6,309,3,5,176,159,4,270,2,1056,14,97,871,564,617,1056,871
14COLLEGESOUTH,253,1,164,6,9,120,171,7,209,6,802,16,34,736,418,522,802,736
14COLLEGEWEST,81,0,142,1,2,45,49,1,38,3,518,9,33,303,223,136,518,303
14CURTINNORTH,9,1,12,0,0,8,0,0,0,0,18,0,0,21,22,8,18,21
14CURTINSOUTH,22,1,29,3,0,20,4,0,49,4,42,0,8,161,52,76,42,161
14FERGUSONEAST,161,0,156,3,5,116,87,3,161,6,578,15,42,509,317,375,578,509
14FERGUSONNORTH1,200,2,163,5,3,107,113,5,167,5,670,9,38,552,365,400,670,552
14FERGUSONNORTH2,141,0,146,3,2,59,84,5,92,7,587,8,22,356,287,245,587,356
14FERGUSONNORTH3,177,0,163,1,2,75,75,2,70,9,642,10,19,292,340,225,642,292
14FERGUSONNORTHCENTRAL2,140,0,71,2,1,51,72,1,88,1,396,6,16,281,211,215,396,281
14FERGUSONNORTHEAST2,82,5,155,0,1,35,35,0,61,4,520,17,51,250,242,132,520,250
14FERGUSONWEST,111,4,129,3,2,119,77,3,200,8,389,9,31,559,244,404,389,559
14FERGUSONWESTCENTRAL1,159,0,142,3,1,79,93,3,101,3,628,6,39,391,301,280,628,391
14GREGG,102,5,112,3,5,116,56,3,203,7,313,11,31,736,219,386,313,736
14HAINES,57,4,81,2,0,51,25,0,110,3,171,9,16,349,142,188,171,349
14HALFMOONEASTCENTRAL,103,2,115,1,5,112,86,3,165,0,394,13,37,536,220,372,394,536
14HALFMOONPROPER,66,1,89,0,3,78,40,1,114,3,273,2,18,388,156,236,273,388
14HARRISEAST,279,1,247,3,2,155,219,5,291,2,897,20,70,822,527,675,897,822
14HARRISWEST,264,1,230,8,8,113,155,9,207,9,825,15,44,664,495,500,825,664
14HO,84,0,84,6,4,56,40,7,238,5,239,6,24,578,168,351,239,578
14HUSTON,47,0,63,2,0,93,40,3,173,4,171,9,26,509,110,311,171,509
14LIBERTY,97,3,73,3,2,68,27,1,163,2,184,5,25,557,173,264,184,557
14MARION,43,3,54,2,2,58,22,2,109,1,128,3,16,347,100,195,128,347
14MILESBURG,48,4,59,1,1,37,21,2,101,1,143,2,15,352,111,163,143,352
14MILESEAST,43,4,31,0,1,42,12,0,63,5,97,1,11,241,78,118,97,241
14MILESWEST,15,0,10,0,1,18,8,0,41,3,38,4,5,108,25,68,38,108
14MILLHEIM,43,1,97,2,2,35,10,2,63,0,169,5,14,233,141,114,169,233
14PATTONNORTH1,257,1,279,2,4,90,145,9,178,3,1102,27,58,613,537,428,1102,613
14PATTONNORTH2,229,2,222,1,3,182,142,7,229,13,873,23,72,826,453,564,873,826
14PATTONSOUTH1,135,0,141,2,1,59,68,2,67,3,511,9,20,227,276,199,511,227
14PATTONSOUTH2,128,0,243,1,2,71,60,3,76,6,904,29,66,378,371,213,904,378
14PATTONSOUTH3,304,1,272,1,5,96,148,3,149,9,1015,20,59,485,577,402,1015,485
14PENN,43,4,70,0,3,62,22,0,112,1,130,8,13,335,117,199,130,335
14PHILIPSBURG1,51,1,53,1,3,26,19,0,111,1,159,0,16,265,105,160,159,265
14PHILIPSBURG2,39,1,49,5,1,30,17,1,75,1,143,1,6,231,89,129,143,231
14PHILIPSBURG3,42,1,29,0,0,24,17,1,50,3,124,2,15,212,72,92,124,212
14PORTMATILDA,17,1,33,0,1,26,8,2,51,2,70,1,8,195,51,88,70,195
14POTTERNORTH,71,3,75,3,3,81,56,3,157,9,228,2,19,516,149,303,228,516
14POTTERSOUTH,115,2,108,4,4,122,90,3,235,5,406,8,45,727,225,458,406,727
14RUSHEAST,17,1,16,1,0,1,3,0,22,1,32,0,0,58,34,27,32,58
14RUSHNORTH,94,0,86,4,2,71,47,0,273,11,242,5,25,685,180,397,242,685
14RUSHNORTHCENTRAL,21,1,24,0,3,13,11,0,45,3,57,1,9,123,46,72,57,123
14RUSHSOUTH,21,0,30,0,0,18,10,0,52,2,47,2,5,137,51,80,47,137
14RUSHWEST,39,1,27,1,2,26,14,0,82,1,89,0,7,275,67,125,89,275
14SNOWSHOE,33,0,21,0,4,21,13,2,98,2,83,6,1,236,54,138,83,236
14SNOWSHOEEAST,75,2,53,1,1,24,12,0,109,4,146,4,11,397,130,147,146,397
14SNOWSHOEWEST,28,2,29,0,0,21,3,0,72,1,66,0,3,207,59,96,66,207
14SPRINGEAST,73,2,75,2,1,89,66,3,220,4,250,11,30,596,150,381,250,596
14SPRINGNORTH,92,2,93,3,7,89,61,2,183,6,349,7,32,539,187,345,349,539
14SPRINGSOUTH,60,2,97,2,6,68,40,5,130,5,229,12,36,440,159,251,229,440
14SPRINGSOUTHWEST,103,1,81,3,3,94,59,1,124,6,343,5,44,509,185,284,343,509
14SPRINGWEST,39,0,56,0,0,26,18,1,91,3,130,4,18,286,95,136,130,286
14STATECOLLEGEEAST1,46,0,188,0,0,22,68,0,63,0,867,19,64,670,234,153,867,670
14STATECOLLEGEEAST2,32,0,173,0,2,19,49,0,32,2,977,20,54,387,205,102,977,387
14STATECOLLEGEEAST3,59,1,186,0,0,14,35,0,36,0,1188,25,72,600,246,85,1188,600
14STATECOLLEGEEAST4,52,0,256,0,0,29,57,3,44,4,1195,26,79,580,308,133,1195,580
14STATECOLLEGEEASTCENTRAL1,38,1,168,0,2,14,48,0,19,1,706,18,37,261,207,83,706,261
14STATECOLLEGEEASTCENTRAL2,49,0,108,0,1,10,29,0,26,2,641,8,44,314,157,66,641,314
14STATECOLLEGEEASTCENTRAL3,27,0,70,1,0,5,11,1,22,1,325,3,26,196,97,40,325,196
14STATECOLLEGENORTH,193,1,126,4,1,35,49,2,22,5,495,12,15,102,320,113,495,102
14STATECOLLEGENORTHEAST,129,1,106,0,1,18,34,0,40,1,399,7,11,105,236,93,399,105
14STATECOLLEGENORTHWEST,55,0,199,0,0,28,49,2,24,4,928,14,59,336,254,103,928,336
14STATECOLLEGESOUTH1,127,0,307,5,2,54,40,4,54,4,888,26,53,284,434,159,888,284
14STATECOLLEGESOUTH2,249,0,200,3,3,58,82,0,75,6,739,12,26,280,449,221,739,280
14STATECOLLEGESOUTHCENTRAL1,30,0,118,1,0,14,21,0,14,4,322,9,38,122,148,50,322,122
14STATECOLLEGESOUTHCENTRAL2,139,0,143,0,1,17,34,3,39,2,490,9,24,157,282,94,490,157
14STATECOLLEGESOUTHEAST,205,0,194,1,1,34,72,1,51,2,611,15,28,188,399,160,611,188
14STATECOLLEGEWEST1,160,0,136,2,0,18,42,1,41,2,447,3,14,112,296,104,447,112
14STATECOLLEGEWEST2,130,1,129,3,3,59,72,3,57,4,435,4,28,215,260,197,435,215
14STATECOLLEGEWESTCENTRAL1,14,0,113,0,0,7,32,2,17,3,460,9,59,228,127,58,460,228
14STATECOLLEGEWESTCENTRAL2,59,0,162,0,1,16,24,2,24,1,704,17,55,332,221,67,704,332
14TAYLOR,20,1,34,1,2,39,13,1,151,0,76,2,7,347,55,207,76,347
14UNION,41,1,68,3,4,90,27,0,209,6,126,5,13,587,110,333,126,587
14UNIONVILLE,5,2,20,0,0,17,6,0,36,2,27,0,5,117,27,59,27,117
14WALKEREAST,74,3,66,3,2,80,43,4,195,7,224,7,18,592,143,327,224,592
14WALKERWEST,164,4,124,3,10,157,81,4,306,7,514,9,38,1083,292,561,514,1083
14WORTH,20,1,40,2,0,50,14,0,106,1,97,2,6,304,61,172,97,304
15ATGLEN,58,0,47,0,5,44,36,0,99,2,241,5,19,293,105,184,241,293
15AVONDALE,37,1,35,0,1,18,22,0,32,2,200,5,9,112,73,73,200,112
15BIRMINGHAM1,136,0,49,2,0,64,132,4,155,3,481,3,23,424,185,357,481,424
15BIRMINGHAM2,188,1,109,5,1,84,232,5,252,3,857,10,59,757,298,579,857,757
15CALN1,130,0,101,4,2,64,64,5,125,3,517,8,26,393,231,264,517,393
15CALN2,183,0,105,2,0,32,29,0,76,3,707,4,29,304,288,139,707,304
15CALN3,322,3,287,1,4,114,129,1,280,10,1539,31,86,1151,612,529,1539,1151
15CALN4,236,0,225,2,2,107,150,9,218,8,1104,13,62,767,461,488,1104,767
15CHARLESTOWN,415,2,283,4,10,182,356,5,423,3,1772,20,106,1299,700,980,1772,1299
15COATESVILLE1,153,1,131,2,0,36,15,1,56,1,913,9,28,254,285,110,913,254
15COATESVILLE2,168,0,97,0,2,11,15,0,21,3,838,7,6,82,265,49,838,82
15COATESVILLE3,167,0,54,1,1,3,5,0,11,2,587,2,7,56,221,21,587,56
15COATESVILLE41,79,0,36,0,0,12,8,0,18,0,347,7,7,78,115,38,347,78
15COATESVILLE42,76,2,61,1,1,23,17,3,43,6,332,3,12,123,139,88,332,123
15COATESVILLE5,153,0,67,1,3,6,16,1,15,0,580,2,5,66,220,42,580,66
15DOWNINGTOWNEASTEAST,152,0,164,2,5,50,59,1,91,8,713,16,51,351,316,208,713,351
15DOWNINGTOWNEASTWEST,113,0,138,0,2,66,49,2,96,7,542,8,39,365,251,215,542,365
15DOWNINGTOWNWESTNORTH,135,0,181,2,1,55,59,2,108,3,646,23,46,368,316,227,646,368
15DOWNINGTOWNWESTSOUTH,77,0,83,0,5,24,29,5,51,1,338,8,18,170,160,114,338,170
15EASTBRADFORDNORTH01(CONG16),128,0,69,1,0,40,74,2,99,0,439,4,15,330,197,216,439,330
15EASTBRADFORDNORTH2,211,0,137,2,4,99,193,6,280,2,856,6,38,793,348,584,856,793
15EASTBRADFORDSOUTH1,277,0,253,4,3,113,188,7,287,5,1344,28,54,854,530,602,1344,854
15EASTBRADFORDSOUTH2,150,0,92,2,0,81,215,2,231,5,618,9,31,651,242,531,618,651
15EASTBRANDYWINENORTH1,104,0,98,2,2,41,87,0,169,7,477,10,22,446,202,301,477,446
15EASTBRANDYWINENORTH2,194,1,146,5,1,102,178,3,279,5,845,14,67,807,341,568,845,807
15EASTBRANDYWINESOUTH,197,2,184,6,8,124,192,3,297,2,993,7,68,1018,383,630,993,1018
15EASTCALN1,174,0,137,2,1,77,112,2,149,2,862,12,43,553,311,343,862,553
15EASTCALN2,130,1,72,3,3,42,79,5,66,2,555,8,28,331,203,198,555,331
15EASTCOVENTRY1,227,3,213,3,5,156,131,4,343,8,972,20,63,1196,443,642,972,1196
15EASTCOVENTRY2,108,2,108,1,2,78,59,1,225,7,434,8,34,698,218,366,434,698
15EASTFALLOWFIELDEAST,194,1,178,2,5,86,102,5,190,11,895,14,44,702,373,390,895,702
15EASTFALLOWFIELDWEST,298,3,215,4,7,152,124,4,268,9,1096,23,61,1025,516,559,1096,1025
15EASTGOSHEN1,145,2,92,4,7,90,186,3,225,5,618,6,42,670,239,515,618,670
15EASTGOSHEN2,136,1,85,1,5,58,115,3,178,3,529,12,29,560,222,360,529,560
15EASTGOSHEN3,136,0,97,3,1,95,106,3,193,3,565,5,35,567,233,401,565,567
15EASTGOSHEN4,198,2,215,1,4,63,61,6,174,7,948,21,58,568,415,309,948,568
15EASTGOSHEN5,241,2,63,15,3,111,351,4,374,4,675,1,35,896,306,858,675,896
15EASTGOSHEN6,187,4,94,4,2,88,238,4,231,3,747,10,35,703,285,567,747,703
15EASTGOSHEN7,179,0,67,5,1,82,262,4,291,6,697,16,26,852,246,645,697,852
15EASTGOSHEN8,122,0,60,3,5,70,128,2,181,1,391,1,11,413,182,389,391,413
15EASTGOSHEN9,98,0,92,4,2,42,75,1,108,0,455,12,23,347,190,232,455,347
15EASTMARLBOROUGHEAST,215,3,114,4,4,91,233,5,232,3,777,7,43,684,332,569,777,684
15EASTMARLBOROUGHSOUTH,161,0,112,1,4,50,113,6,169,1,661,10,30,516,273,343,661,516
15EASTMARLBOROUGHWEST,238,3,152,3,4,94,233,5,234,7,981,14,61,732,393,573,981,732
15EASTNANTMEAL,116,0,97,0,0,83,117,2,208,6,510,4,27,550,213,410,510,550
15EASTNOTTINGHAMEAST,170,2,146,1,5,156,115,4,395,1,784,18,75,1298,318,676,784,1298
15EASTNOTTINGHAMWEST,138,1,135,2,4,126,86,4,259,6,655,20,66,1030,274,481,655,1030
15EASTPIKELAND1,224,1,198,6,4,108,168,4,246,6,897,17,48,734,423,536,897,734
15EASTPIKELAND2,153,0,134,1,3,85,129,2,150,7,613,10,48,575,287,370,613,575
15EASTPIKELAND3,184,0,188,1,2,85,120,5,172,3,813,14,49,629,372,385,813,629
15EASTTOWN1,182,1,70,5,0,74,225,1,233,3,779,7,50,649,253,538,779,649
15EASTTOWN2,203,2,110,1,5,70,196,2,150,4,672,11,35,530,315,424,672,530
15EASTTOWN3,156,0,74,3,1,38,121,3,91,1,526,5,18,352,230,257,526,352
15EASTTOWN4,95,0,42,1,0,26,144,0,102,0,371,3,19,307,137,273,371,307
15EASTTOWN5,128,1,71,2,2,44,75,2,67,3,424,4,16,240,200,192,424,240
15EASTTOWN6,87,0,51,0,1,34,93,3,76,1,327,2,16,246,138,207,327,246
15EASTTOWN7,144,1,117,2,1,23,92,2,51,1,537,8,26,238,262,171,537,238
15EASTVINCENT1,59,1,71,2,1,49,50,3,96,4,336,3,22,387,131,201,336,387
15EASTVINCENT2,108,1,111,1,2,51,49,0,99,3,469,6,32,342,220,202,469,342
15EASTVINCENT3,98,2,105,3,3,52,97,3,177,4,505,14,40,523,205,335,505,523
15EASTVINCENT4,96,1,82,1,3,85,106,2,135,0,370,4,21,503,179,332,370,503
15EASTWHITELAND1,104,0,72,4,2,42,113,1,50,4,422,5,18,273,176,212,422,273
15EASTWHITELAND2,199,0,146,1,3,65,125,2,137,0,835,10,44,508,345,333,835,508
15EASTWHITELAND3,151,0,117,1,3,44,86,2,125,3,576,7,24,322,268,261,576,322
15EASTWHITELAND4,157,0,114,2,2,52,137,2,143,5,621,11,26,484,271,338,621,484
15EASTWHITELAND5,77,1,60,1,0,27,39,1,61,2,265,4,8,176,138,129,265,176
15EASTWHITELAND6,100,1,75,3,0,28,71,1,89,0,423,8,24,276,176,192,423,276
15ELK,76,2,77,0,3,86,54,1,171,9,360,7,24,474,155,315,360,474
15ELVERSON,72,1,55,2,4,128,110,6,174,1,305,7,14,542,128,424,305,542
15FRANKLIN,211,4,239,2,3,168,185,4,351,19,1127,25,96,1303,454,713,1127,1303
15HIGHLAND,42,0,39,3,1,63,56,4,95,4,213,6,12,337,81,222,213,337
15HONEYBROOK,63,0,65,1,3,60,22,3,122,1,288,8,18,427,128,211,288,427
15HONEYBROOK1,72,0,95,3,4,108,73,4,232,1,406,12,27,778,167,424,406,778
15HONEYBROOK2,172,4,122,4,13,180,196,6,368,17,651,17,54,1224,298,767,651,1224
15KENNETT1,129,0,86,1,1,37,147,0,155,4,574,7,33,477,215,341,574,477
15KENNETT2A(CONG7),176,1,111,5,1,69,131,3,168,1,794,9,50,634,288,377,794,634
15KENNETT3,224,0,98,2,0,37,66,2,85,4,496,4,21,216,322,192,496,216
15KENNETT4,197,1,92,1,2,57,146,3,228,3,708,10,43,660,290,437,708,660
15KENNETTSQUARENORTH,110,0,90,3,1,24,59,2,84,2,453,8,18,231,200,173,453,231
15KENNETTSQUARESOUTH1,70,1,86,2,0,13,29,0,44,3,337,4,22,171,157,88,337,171
15KENNETTSQUARESOUTH2,122,2,116,0,1,46,45,3,60,9,618,6,26,216,240,155,618,216
15LONDONBRITAIN,199,2,198,3,4,117,157,4,236,6,949,22,56,835,399,521,949,835
15LONDONDERRY,103,1,108,3,6,96,81,2,245,2,498,10,37,742,212,433,498,742
15LONDONGROVECHATHAM,77,0,81,4,6,81,60,2,160,3,376,4,24,464,158,313,376,464
15LONDONGROVESOUTH,292,1,270,3,6,179,236,8,413,17,1515,18,89,1477,563,845,1515,1477
15LOWEROXFORDEAST,52,0,150,0,1,22,21,0,70,1,1024,11,16,233,202,114,1024,233
15LOWEROXFORDWEST,63,1,72,2,5,57,70,3,202,5,331,5,18,617,136,339,331,617
15MALVERN,291,0,248,3,4,86,195,2,244,6,1164,19,58,711,539,534,1164,711
15MODENA,24,0,24,0,1,9,3,0,11,0,100,4,4,43,48,24,100,43
15NEWGARDENNORTH,194,1,122,4,4,72,144,2,183,5,882,7,70,721,317,409,882,721
15NEWGARDENSOUTH1,162,0,124,2,6,93,154,6,271,1,823,12,44,872,286,532,823,872
15NEWGARDENSOUTH2,215,0,132,4,2,69,159,4,191,5,935,7,44,652,347,429,935,652
15NEWLIN,94,0,76,0,1,54,90,5,157,4,400,11,24,397,170,307,400,397
15NEWLONDON,279,3,274,3,10,212,243,5,506,8,1368,25,128,1741,556,979,1368,1741
15NORTHCOVENTRYEAST,93,2,100,1,2,89,58,2,180,6,436,18,38,520,195,332,436,520
15NORTHCOVENTRYMIDDLE,92,3,127,3,1,71,68,1,179,6,494,16,25,571,222,323,494,571
15NORTHCOVENTRYWEST1,85,1,105,1,2,52,64,2,168,3,436,6,17,446,191,289,436,446
15NORTHCOVENTRYWEST2,113,1,123,2,4,81,113,5,222,3,524,13,20,667,237,427,524,667
15OXFORDEAST,46,1,46,3,4,29,6,0,36,2,278,10,18,156,93,78,278,156
15OXFORDWEST,170,1,136,2,6,85,88,3,181,6,678,16,32,598,307,365,678,598
15PARKESBURGNORTH,49,1,59,1,2,34,17,5,44,6,258,5,16,197,109,103,258,197
15PARKESBURGSOUTH,118,0,116,4,3,71,53,4,134,3,517,10,33,519,234,269,517,519
15PENN,334,1,214,12,6,183,276,7,463,12,1335,20,74,1474,549,947,1335,1474
15PENNSBURYNORTH1,197,0,78,4,1,13,80,0,34,0,452,6,15,120,275,132,452,120
15PENNSBURYNORTH2,76,0,34,1,0,28,69,2,119,2,318,6,26,306,110,219,318,306
15PENNSBURYSOUTH1,69,0,65,0,0,44,69,2,123,2,328,7,21,324,134,238,328,324
15PENNSBURYSOUTH2,60,0,35,1,0,34,69,2,55,0,263,4,19,212,95,161,263,212
15PHOENIXVILLEEAST1,89,0,115,2,1,33,41,1,69,5,406,9,39,222,204,147,406,222
15PHOENIXVILLEEAST2,97,2,98,2,0,48,45,5,74,3,397,10,35,250,197,174,397,250
15PHOENIXVILLEEAST3,74,0,101,2,1,41,18,0,45,1,364,8,13,178,175,107,364,178
15PHOENIXVILLEMIDDLE1(STH155),75,1,128,0,1,21,31,0,36,0,0,0,0,0,204,89,0,0
15PHOENIXVILLEMIDDLE2,100,2,160,0,1,18,20,1,44,2,503,13,29,149,262,84,503,149
15PHOENIXVILLEMIDDLE3,106,0,142,1,1,28,41,1,43,4,433,10,32,185,248,115,433,185
15PHOENIXVILLENORTH1,93,0,69,2,2,34,52,2,100,1,388,3,35,277,162,192,388,277
15PHOENIXVILLENORTH2,68,0,114,0,4,16,16,1,34,2,357,18,32,167,182,71,357,167
15PHOENIXVILLENORTH3,122,1,137,1,0,32,61,5,82,2,654,9,31,326,260,181,654,326
15PHOENIXVILLEWEST1,103,0,57,1,2,27,37,0,50,2,293,8,18,164,160,117,293,164
15PHOENIXVILLEWEST2,111,1,134,1,1,51,42,0,82,9,529,14,28,292,246,177,529,292
15PHOENIXVILLEWEST3,61,1,126,1,1,34,44,3,56,3,374,11,30,216,188,139,374,216
15POCOPSON,272,0,166,3,2,118,238,9,312,4,1155,17,55,952,438,682,1155,952
15SADSBURYNORTH,116,2,101,2,4,73,48,4,156,4,480,7,34,583,219,287,480,583
15SADSBURYSOUTH,62,1,67,0,0,47,35,3,91,3,267,7,17,334,130,176,267,334
15SCHUYLKILL1,113,0,96,0,2,45,50,3,76,1,440,11,23,311,209,176,440,311
15SCHUYLKILL2,82,1,106,1,2,39,68,2,111,4,406,8,20,329,189,223,406,329
15SCHUYLKILL3,208,3,160,3,4,119,228,5,268,3,970,22,46,947,371,627,970,947
15SCHUYLKILL4,185,4,96,3,4,66,170,5,201,4,702,5,46,613,285,449,702,613
15SOUTHCOATESVILLE,126,0,72,1,1,12,17,1,35,1,484,4,6,136,198,67,484,136
15SOUTHCOVENTRY,131,1,139,5,2,88,120,5,210,7,610,6,57,744,271,430,610,744
15SPRINGCITY1,39,3,61,1,4,27,27,1,65,1,211,11,21,185,103,125,211,185
15SPRINGCITY2,19,1,24,0,0,14,2,0,16,2,84,4,16,79,44,32,84,79
15SPRINGCITY3,28,2,57,2,1,12,17,1,49,2,193,5,13,166,87,82,193,166
15SPRINGCITY4,56,1,45,1,1,24,15,1,46,0,191,5,16,193,102,88,191,193
15THORNBURY1,97,0,63,1,0,37,104,5,191,1,377,1,28,475,160,338,377,475
15THORNBURY2,144,1,78,0,0,57,83,0,167,4,521,7,38,493,223,307,521,493
15TREDYFFRINEAST1,150,1,128,2,0,30,108,1,90,2,689,10,34,300,279,231,689,300
15TREDYFFRINEAST2,145,0,53,2,0,41,108,5,92,0,487,9,16,276,198,248,487,276
15TREDYFFRINEAST3,118,0,73,0,0,28,94,1,57,0,393,1,15,203,191,180,393,203
15TREDYFFRINEAST4,113,0,69,3,1,28,128,0,97,1,454,6,24,313,182,257,454,313
15TREDYFFRINEAST5,302,0,139,2,1,62,209,6,129,2,966,11,50,475,441,409,966,475
15TREDYFFRINMIDDLE1,93,0,53,2,3,25,45,1,62,0,311,4,16,181,146,138,311,181
15TREDYFFRINMIDDLE2,209,1,116,1,0,70,150,1,114,4,695,6,33,415,326,336,695,415
15TREDYFFRINMIDDLE3,126,0,56,0,2,25,105,2,112,0,436,2,24,307,182,246,436,307
15TREDYFFRINMIDDLE4,226,1,96,1,1,59,173,3,138,3,758,5,44,452,323,375,758,452
15TREDYFFRINMIDDLE5,124,1,60,1,5,38,154,3,76,0,443,4,25,293,185,277,443,293
15TREDYFFRINMIDDLE6,196,0,67,3,0,73,153,2,126,3,617,6,20,396,263,357,617,396
15TREDYFFRINMIDDLE7,55,2,36,2,1,10,27,1,39,2,222,1,7,148,93,80,222,148
15TREDYFFRINWEST1,170,1,134,0,2,52,159,0,166,5,779,14,44,508,305,379,779,508
15TREDYFFRINWEST2,351,1,179,2,3,73,262,6,182,2,1206,20,48,676,531,528,1206,676
15TREDYFFRINWEST3,129,0,80,3,1,36,107,4,72,4,462,4,26,278,209,223,462,278
15TREDYFFRINWEST4,164,1,107,1,0,41,80,2,80,2,494,5,20,226,272,204,494,226
15TREDYFFRINWEST5,364,1,243,1,2,79,174,9,222,2,1397,12,41,693,608,487,1397,693
15UPPEROXFORD,81,1,71,1,5,123,93,2,234,4,386,13,35,735,153,458,386,735
15UPPERUWCHLAN1,129,2,115,4,3,111,121,1,192,4,615,2,42,634,246,432,615,634
15UPPERUWCHLAN2,195,1,149,4,4,110,233,2,294,5,982,9,45,926,345,647,982,926
15UPPERUWCHLAN3,312,0,193,3,4,101,197,5,329,8,1610,20,72,1081,505,639,1610,1081
15UWCHLAN1,128,3,84,0,3,64,83,1,116,2,475,8,26,370,215,267,475,370
15UWCHLAN2,206,0,114,2,0,83,121,5,138,3,828,7,42,504,320,349,828,504
15UWCHLAN3,93,1,97,2,1,37,72,4,82,1,438,7,26,286,191,198,438,286
15UWCHLAN4,78,0,57,0,3,26,45,1,56,3,351,5,27,203,135,131,351,203
15UWCHLAN5,144,1,129,1,4,55,126,4,147,7,643,13,42,490,274,337,643,490
15UWCHLAN6,294,1,193,3,1,110,276,3,327,4,1300,14,48,1024,488,720,1300,1024
15UWCHLAN7,208,1,145,3,1,95,186,3,198,1,996,10,48,686,354,486,996,686
15UWCHLAN8,78,1,67,2,1,48,95,1,105,0,409,9,34,318,146,252,409,318
15UWCHLAN9,145,0,142,2,3,48,80,1,122,3,608,10,31,434,287,256,608,434
15VALLEYNORTH,513,5,305,4,4,154,160,2,284,8,1727,26,49,996,823,608,1727,996
15VALLEYSOUTH,103,1,107,0,3,38,22,1,68,0,469,18,36,308,211,132,469,308
15WALLACE,173,0,195,3,3,145,175,6,378,5,884,13,67,1102,368,710,884,1102
15WARWICKEAST,76,1,115,1,1,80,51,1,186,3,385,8,23,491,192,320,385,491
15WARWICKWEST,64,0,52,2,1,63,37,3,150,2,216,5,20,407,116,256,216,407
15WESTBRADFORD1,135,1,127,1,7,72,117,2,154,5,595,7,41,477,263,353,595,477
15WESTBRADFORD2,224,0,162,3,5,102,144,5,257,8,972,14,65,853,386,516,972,853
15WESTBRADFORD3,162,0,164,2,2,96,125,0,167,2,773,15,44,550,326,392,773,550
15WESTBRADFORD4,167,2,129,3,5,89,131,5,229,6,842,14,56,729,298,462,842,729
15WESTBRADFORD5,102,2,114,3,2,86,86,0,196,4,543,15,36,618,218,373,543,618
15WESTBRANDYWINEWEST,143,4,120,2,3,91,65,4,237,15,460,16,21,695,267,402,460,695
15WESTCALN1,204,0,189,6,10,162,122,3,385,6,760,21,59,1186,393,688,760,1186
15WESTCALN2,230,2,180,4,8,149,68,3,315,14,839,16,44,1246,412,547,839,1246
15WESTCHESTER1,234,0,226,8,3,56,130,3,110,0,1011,18,51,413,460,310,1011,413
15WESTCHESTER2EAST,80,0,45,0,3,4,1,1,9,0,283,5,7,40,125,18,283,40
15WESTCHESTER2WEST,83,0,106,1,1,9,24,1,31,0,546,12,24,168,189,67,546,168
15WESTCHESTER3,152,2,196,1,0,28,77,3,79,3,869,20,44,298,350,188,869,298
15WESTCHESTER4,66,0,153,0,1,15,21,1,19,2,534,10,34,167,219,57,534,167
15WESTCHESTER5,100,0,225,2,1,31,55,5,51,1,973,16,64,382,325,145,973,382
15WESTCHESTER6,182,0,210,4,1,24,64,3,75,3,842,11,48,284,392,171,842,284
15WESTCHESTER7,245,2,230,3,1,43,73,4,75,1,918,10,44,243,477,199,918,243
15WESTFALLOWFIELD,80,1,67,5,6,90,87,0,195,6,308,9,25,684,148,383,308,684
15WESTGOSHENMIDDLE1,141,1,157,2,1,43,60,1,124,3,646,16,38,375,299,231,646,375
15WESTGOSHENMIDDLE2,181,1,159,2,2,58,108,4,169,7,743,17,44,481,341,343,743,481
15WESTGOSHENNORTH1,196,1,109,5,3,61,143,4,188,3,678,5,55,544,306,404,678,544
15WESTGOSHENNORTH2,151,1,93,2,2,70,135,2,143,1,515,5,17,411,245,354,515,411
15WESTGOSHENNORTH3,186,2,150,2,2,115,154,2,247,3,894,12,48,797,338,522,894,797
15WESTGOSHENNORTH4,167,0,115,0,0,110,175,4,229,6,723,14,44,801,282,518,723,801
15WESTGOSHENSOUTH1,166,2,160,4,3,55,94,1,102,3,741,14,36,415,328,259,741,415
15WESTGOSHENSOUTH2,100,0,102,1,3,54,97,2,137,3,545,4,30,456,202,294,545,456
15WESTGOSHENSOUTH3,107,2,101,3,2,69,98,0,126,1,442,6,27,423,210,298,442,423
15WESTGOSHENSOUTH4,165,2,120,3,1,69,147,4,199,3,672,5,38,606,287,423,672,606
15WESTGROVE1,80,0,65,0,4,35,33,0,82,1,302,8,18,240,145,154,302,240
15WESTGROVE2,51,0,60,1,1,17,21,2,65,2,218,1,14,198,111,107,218,198
15WESTMARLBOROUGH,56,0,51,4,1,25,46,0,80,0,270,2,13,179,107,156,270,179
15WESTNANTMEAL,83,0,86,1,5,106,81,2,243,5,383,10,30,705,169,438,383,705
15WESTNOTTINGHAM,61,1,69,0,6,92,44,2,223,6,327,11,31,743,131,367,327,743
15WESTPIKELAND,244,3,197,4,4,115,303,7,393,5,1221,11,75,1210,444,826,1221,1210
15WESTSADSBURY,85,2,79,1,3,92,64,2,146,8,334,6,20,562,166,308,334,562
15WESTTOWN1,142,1,116,2,1,91,201,4,225,5,685,13,47,664,259,524,685,664
15WESTTOWN2,146,1,124,2,2,57,131,1,195,7,649,16,26,613,271,388,649,613
15WESTTOWN3,196,2,164,3,3,144,164,3,251,3,880,11,50,733,362,568,880,733
15WESTTOWN4,113,1,80,2,1,64,120,1,207,2,530,15,33,540,194,395,530,540
15WESTTOWN5,95,0,59,3,4,50,68,2,122,0,395,6,29,347,154,249,395,347
15WESTVINCENT1,168,0,134,4,0,92,149,2,249,2,804,12,54,761,302,496,804,761
15WESTVINCENT2,158,1,132,2,2,82,150,3,208,2,688,8,40,717,291,447,688,717
15WESTWHITELAND1,130,0,123,0,0,77,106,2,149,2,630,11,31,539,253,334,630,539
15WESTWHITELAND2,200,1,174,0,2,57,88,7,128,6,869,14,44,456,375,282,869,456
15WESTWHITELAND3,57,1,70,1,1,48,56,1,77,4,312,10,16,254,128,184,312,254
15WESTWHITELAND4,302,2,218,3,2,90,115,6,166,2,1300,20,58,651,522,382,1300,651
15WESTWHITELAND5,185,2,182,1,2,93,104,7,204,6,812,12,40,565,369,411,812,565
15WESTWHITELAND6,275,2,173,2,2,102,219,6,286,4,1201,9,57,964,450,617,1201,964
15WESTWHITELAND7,142,1,107,3,4,45,62,2,100,5,567,7,33,340,250,216,567,340
15WILLISTOWNNORTH1,103,0,79,3,3,43,150,3,142,2,457,7,32,419,182,344,457,419
15WILLISTOWNNORTH2,98,1,44,2,2,28,75,4,90,1,300,4,14,259,143,201,300,259
15WILLISTOWNNORTH3,135,0,71,2,0,57,157,2,169,3,488,5,24,488,206,387,488,488
15WILLISTOWNNORTH4,104,0,80,1,5,51,76,4,97,1,412,3,25,288,184,234,412,288
15WILLISTOWNNORTH5,113,0,94,1,2,50,76,4,104,2,418,8,25,283,207,237,418,283
15WILLISTOWNNORTH6,59,0,44,3,1,19,16,1,32,4,218,2,13,109,103,72,218,109
15WILLISTOWNSOUTH1,123,3,70,0,1,54,139,0,155,2,466,8,23,465,196,349,466,465
15WILLISTOWNSOUTH2,78,0,27,3,0,33,72,1,96,1,251,3,12,262,105,205,251,262
15WILLISTOWNSOUTH3,181,1,108,0,3,71,119,1,195,5,619,6,35,564,290,389,619,564
16ASHLAND,16,2,25,2,7,91,43,1,136,6,64,4,12,445,43,280,64,445
16BEAVER,56,5,51,4,3,101,50,2,225,3,146,10,23,622,112,385,146,622
16BRADY,3,0,0,0,0,0,1,0,15,0,2,0,0,30,3,16,2,30
16CALLENSBURG,3,1,16,0,1,5,3,0,18,0,9,2,3,47,20,27,9,47
16CLARION1,111,1,113,3,3,67,68,2,158,4,412,19,52,555,225,301,412,555
16CLARION2,110,5,106,3,3,80,69,3,285,4,339,8,47,793,221,443,339,793
16CLARION3,76,0,105,1,2,43,56,4,108,4,503,14,50,454,181,214,503,454
16EASTBRADY,56,2,42,1,0,29,15,1,75,3,137,3,12,236,100,121,137,236
16ELK,64,6,37,2,3,75,43,0,230,4,150,1,15,570,107,353,150,570
16FARMINGTONNORTH,32,0,27,1,1,21,6,0,44,5,68,5,5,154,59,73,68,154
16FARMINGTONSOUTH,22,1,12,0,1,9,7,0,40,1,50,2,3,114,35,57,50,114
16FARMINGTONWEST,65,5,59,1,2,31,36,3,139,3,116,2,11,427,129,212,116,427
16FOXBURG,14,1,5,0,0,2,4,1,21,0,30,1,3,58,20,28,30,58
16HAWTHORN,7,1,11,1,1,20,7,0,65,0,22,3,3,167,19,94,22,167
16HIGHLAND,35,0,22,1,3,26,23,1,83,0,81,0,7,226,57,137,81,226
16KNOX,119,5,89,3,4,83,68,1,216,10,270,1,26,686,213,375,270,686
16LICKING,17,2,19,1,0,19,5,0,50,1,32,1,5,161,38,75,32,161
16LIMESTONE,57,3,80,2,2,76,52,5,296,6,191,6,20,757,140,433,191,757
16MADISON,71,0,47,1,3,34,14,0,114,3,121,3,8,384,118,166,121,384
16MILLCREEK,21,0,38,5,1,9,12,0,63,0,51,1,6,174,59,90,51,174
16MONROE,58,2,82,2,2,68,67,1,214,7,213,4,27,527,142,354,213,527
16NEWBETHLEHEM,43,2,30,3,7,26,23,0,99,1,95,0,7,315,75,158,95,315
16PAINT,90,3,84,8,9,60,66,2,185,4,270,2,22,569,177,330,270,569
16PERRY,31,1,41,0,1,36,24,0,106,4,74,4,7,346,73,167,74,346
16PINEYB(CONG5),19,1,22,0,1,9,6,4,54,0,0,0,0,0,42,74,0,0
16PORTEREAST,19,1,12,0,0,44,11,4,86,1,37,0,3,253,32,145,37,253
16PORTERWEST,24,0,25,1,1,59,27,1,138,5,53,2,4,389,49,227,53,389
16REDBANKEAST,25,0,21,0,0,28,18,0,104,4,50,2,6,267,46,150,50,267
16REDBANKWEST,17,0,24,0,1,43,17,0,114,1,47,1,5,296,41,175,47,296
16RICHLAND,14,0,14,0,0,17,12,0,60,0,37,1,3,202,28,89,37,202
16RIMERSBURG,34,1,28,1,1,26,26,1,106,0,79,2,7,264,63,161,79,264
16SALEM,26,5,44,3,6,67,35,1,101,3,67,3,11,342,75,213,67,342
16SHIPPENVILLE,16,0,16,0,3,16,16,1,63,1,59,0,6,166,32,99,59,166
16SLIGO,26,1,21,1,1,12,20,0,53,1,62,1,6,206,48,87,62,206
16ST.PETERSBURG,15,0,11,2,1,21,6,0,33,3,24,0,4,118,26,63,24,118
16STRATTANVILLE,18,0,27,3,2,13,12,1,49,3,40,2,6,175,45,80,40,175
16TOBY,24,2,34,1,1,32,14,3,111,3,70,0,8,348,60,162,70,348
16WASHINGTON,75,0,71,0,2,62,44,1,173,4,165,4,22,585,146,282,165,585
17BECCARIA1,47,6,60,2,0,34,20,0,158,1,102,1,22,442,113,214,102,442
17BECCARIA2,27,1,24,0,1,22,5,1,63,2,43,2,4,226,52,92,43,226
17BELL,18,0,21,1,0,38,14,1,113,0,52,2,6,317,39,167,52,317
17BIGLER,43,4,45,0,3,23,8,0,136,1,112,0,5,427,92,170,112,427
17BLOOM,9,0,18,0,1,14,16,0,54,0,34,3,1,177,27,85,34,177
17BOGGS,84,1,76,1,1,42,26,1,184,2,165,2,21,596,161,255,165,596
17BRADFORD1,26,3,25,1,3,44,17,0,110,4,69,1,13,350,54,175,69,350
17BRADFORD2,60,3,80,1,0,77,22,0,238,2,167,3,15,697,143,338,167,697
17BRADY,45,1,61,0,7,53,44,1,189,1,145,4,15,644,107,294,145,644
17BRISBIN,22,0,16,0,1,15,5,0,50,1,35,0,5,144,38,71,35,144
17BURNSIDE,41,3,43,2,4,34,30,0,139,0,91,3,5,456,87,209,91,456
17CHEST,22,0,22,0,1,15,2,0,68,2,42,0,4,190,44,86,42,190
17CHESTERHILL,41,2,32,0,1,19,14,0,79,1,102,3,7,215,75,113,102,215
17CLEARFIELD1,60,0,75,3,1,39,47,5,134,3,220,11,24,417,135,229,220,417
17CLEARFIELD2,112,6,84,3,4,65,53,5,169,2,257,8,22,533,202,299,257,533
17CLEARFIELD3,73,5,76,1,4,38,28,2,111,1,213,5,15,361,154,184,213,361
17CLEARFIELD4,59,3,67,2,1,31,17,3,94,4,175,2,19,361,129,148,175,361
17COALPORT,18,2,21,1,0,11,4,0,48,0,40,2,4,150,41,64,40,150
17COOPER1,68,2,78,2,1,51,18,1,104,2,197,5,10,461,148,177,197,461
17COOPER2,34,4,42,1,1,23,16,0,89,4,70,2,11,335,80,130,70,335
17COVINGTON,26,2,24,2,0,22,10,1,65,4,38,1,6,220,52,100,38,220
17CURWENSVILLE,123,8,118,2,3,50,34,4,183,5,300,9,18,625,249,276,300,625
17DECATUR1,41,2,68,0,4,43,11,0,175,1,115,2,7,507,111,233,115,507
17DECATUR2,72,2,63,2,4,39,14,4,143,3,199,2,13,445,137,206,199,445
17DUBOIS1,37,5,83,0,0,26,20,3,76,1,137,11,14,303,125,125,137,303
17DUBOIS2,82,1,83,1,1,60,39,4,177,5,212,10,14,535,166,282,212,535
17DUBOIS3,103,3,83,3,2,71,78,2,217,3,299,5,25,643,189,373,299,643
17DUBOIS4,31,1,49,1,1,26,19,0,89,2,95,10,13,296,81,136,95,296
17DUBOIS5,59,3,70,1,3,30,25,1,117,0,177,9,21,364,132,177,177,364
17FERGUSON,15,0,26,0,1,27,13,0,38,2,45,2,9,185,41,79,45,185
17GIRARD,17,1,18,0,0,20,7,0,59,2,42,3,7,185,36,86,42,185
17GLENHOPE,7,0,3,0,0,3,4,0,22,1,10,2,5,57,10,29,10,57
17GOSHEN,9,0,16,0,0,8,7,0,61,0,19,1,2,165,25,76,19,165
17GRAHAM,46,2,50,0,0,67,16,3,160,5,139,5,19,491,98,246,139,491
17GRAMPIAN,19,1,12,1,3,13,3,0,38,4,39,0,4,103,32,58,39,103
17GREENWOOD,8,0,17,0,2,7,6,0,54,3,27,1,8,141,25,69,27,141
17GULICH,91,7,75,2,1,10,18,0,117,9,178,4,9,420,173,148,178,420
17HOUTZDALE,59,1,51,0,0,12,14,1,99,0,115,6,14,257,111,126,115,257
17HUSTON,48,2,72,1,0,28,15,2,152,1,120,7,7,440,122,198,120,440
17IRVONA,23,2,26,0,0,14,8,0,43,0,50,0,2,195,51,65,50,195
17JORDAN,14,0,20,0,1,26,12,0,51,0,21,2,2,180,34,90,21,180
17KARTHAUS,10,0,20,1,1,21,13,1,70,1,38,1,5,175,30,107,38,175
17KNOX,17,3,38,0,1,27,8,0,60,0,44,1,6,217,58,96,44,217
17LAWRENCEGLENRICHEY,32,1,52,0,0,18,13,0,78,1,97,1,3,269,85,109,97,269
17LAWRENCEGOLDENROD,84,2,58,2,3,48,35,7,167,5,213,4,18,488,144,262,213,488
17LAWRENCEHYDE,141,7,139,1,5,87,72,3,294,6,347,4,30,824,287,462,347,824
17LAWRENCEPLYMPTON,97,5,78,5,5,69,27,0,203,5,222,2,30,698,180,309,222,698
17MAHAFFEY,14,1,13,1,0,9,8,0,33,0,31,0,5,114,28,51,31,114
17MORRIS1,74,3,85,0,1,39,39,0,182,5,195,0,23,605,162,261,195,605
17MORRIS2,48,2,51,0,0,15,8,0,72,0,128,3,6,277,101,95,128,277
17NEWBURG,2,0,6,0,0,3,0,0,16,0,6,1,1,31,8,19,6,31
17NEWWASHINGTON,4,0,0,1,0,6,2,0,15,0,3,0,1,35,4,24,3,35
17OSCEOLA,56,1,51,0,1,17,13,1,86,2,136,4,7,276,108,118,136,276
17PENN,52,1,58,1,4,55,27,1,173,4,118,2,11,512,111,261,118,512
17PIKE,74,4,118,5,4,69,42,2,277,5,215,8,26,865,196,399,215,865
17PINE,3,0,4,0,0,2,2,0,7,0,13,0,0,19,7,11,13,19
17RAMEY,18,0,19,0,1,12,3,0,67,0,46,0,2,175,37,83,46,175
17SANDYFALLSCREEK1,50,1,46,2,0,40,26,0,115,1,141,3,7,349,97,183,141,349
17SANDYFALLSCREEK2,1,0,4,0,0,1,0,0,4,0,5,1,0,18,5,5,5,18
17SANDYOKLAHOMA,55,4,71,4,2,55,45,1,192,5,148,5,14,554,130,299,148,554
17SANDYSABULA,25,3,42,3,4,39,11,0,132,4,58,2,6,398,70,189,58,398
17SANDYTREASURELAKE,189,3,172,3,5,178,165,9,613,3,640,9,60,1720,364,973,640,1720
17SANDYWESTSANDY,124,5,130,2,5,106,42,4,271,5,299,10,23,861,259,430,299,861
17TROUTVILLE,8,1,7,0,0,7,5,0,36,0,19,1,2,67,16,48,19,67
17UNION,24,1,44,2,2,46,13,0,180,2,72,4,17,401,69,243,72,401
17WALLACETON,16,1,16,0,1,16,3,0,29,0,38,1,8,96,33,49,38,96
17WESTOVER,17,0,15,0,3,10,8,0,29,1,20,0,3,110,32,50,20,110
17WOOD1,92,4,67,3,1,22,13,0,126,2,162,2,15,416,163,165,162,416
17WOOD2,28,3,17,0,0,3,1,0,24,2,38,0,0,106,48,28,38,106
18ALLISON,17,0,15,0,1,7,4,1,25,1,28,2,2,82,32,38,28,82
18AVIS,65,0,64,1,1,53,15,2,136,0,177,5,8,436,129,208,177,436
18BALDEAGLE,74,1,80,2,4,51,39,1,204,1,231,4,22,569,155,301,231,569
18BEECHCREEK,102,3,76,1,2,45,19,0,183,0,200,1,11,525,181,250,200,525
18CASTANEA,74,3,59,1,0,16,20,0,103,0,146,6,13,282,136,140,146,282
18CHAPMAN,47,2,58,2,0,13,4,0,93,3,112,1,10,280,107,112,112,280
18COLEBROOK,14,1,10,0,0,11,2,0,16,2,31,1,4,62,25,29,31,62
18CRAWFORD,32,2,25,0,0,31,16,0,83,0,60,3,10,300,59,130,60,300
18DUNNSTABLE,59,4,47,0,0,35,19,1,127,0,129,2,9,359,110,182,129,359
18EASTKEATING,1,0,1,0,0,0,0,0,4,0,2,0,0,8,2,4,2,8
18FLEMINGTON,86,2,73,1,1,39,18,1,107,0,211,4,22,349,161,167,211,349
18GALLAGHER,11,0,17,0,1,26,6,1,51,0,25,1,0,162,28,85,25,162
18GREENE,27,1,52,0,2,87,25,0,108,0,96,0,14,425,80,222,96,425
18GRUGAN,5,0,3,0,0,6,0,0,5,0,8,0,0,13,8,11,8,13
18LAMAR,109,4,84,3,4,67,36,1,233,5,274,10,33,672,197,344,274,672
18LEIDY,9,2,3,0,0,8,2,0,35,1,8,1,0,76,14,45,8,76
18LOCKHAVEN1,31,0,59,1,1,22,10,1,67,0,135,8,21,219,90,102,135,219
18LOCKHAVEN2,18,1,37,1,2,7,8,0,21,0,81,3,16,94,56,39,81,94
18LOCKHAVEN3,100,0,158,1,4,32,34,0,104,2,626,21,68,459,258,175,626,459
18LOCKHAVEN4,112,5,134,0,2,38,22,3,125,6,351,15,39,446,251,190,351,446
18LOCKHAVEN5,47,1,77,1,0,29,10,0,72,1,152,5,16,247,125,112,152,247
18LOGAN,24,2,30,0,3,21,16,1,74,2,59,1,9,193,56,115,59,193
18LOGANTON,38,3,26,0,0,18,7,1,33,0,64,2,5,131,67,59,64,131
18MILLHALL,80,1,63,3,2,34,21,0,119,1,194,3,13,390,144,179,194,390
18NOYES,13,0,21,0,2,15,6,0,48,1,33,0,2,134,34,71,33,134
18PINECREEK1,45,4,81,2,3,69,25,1,226,2,165,5,10,605,130,326,165,605
18PINECREEK2,83,0,68,3,2,79,39,2,168,2,218,4,24,495,151,293,218,495
18PORTER,55,3,48,2,5,62,31,3,171,1,149,2,18,461,106,274,149,461
18RENOVO,47,4,56,0,0,10,5,1,50,3,124,3,15,209,107,66,124,209
18SOUTHRENOVO,31,1,24,1,0,2,1,0,19,0,76,1,3,89,56,23,76,89
18WAYNE,89,1,69,1,4,37,34,1,151,1,188,1,12,445,159,228,188,445
18WESTKEATING,0,0,0,0,0,2,1,0,3,0,0,0,0,16,0,6,0,16
18WOOD,159,10,121,4,5,83,55,1,272,2,391,6,30,789,290,420,391,789
19BEAVER,33,2,44,0,1,23,9,0,129,1,88,6,10,331,79,162,88,331
19BENTON,89,2,98,2,3,68,34,0,261,4,232,5,28,680,189,368,232,680
19BERWICK1,105,5,136,3,9,96,36,1,318,6,401,16,38,956,246,463,401,956
19BERWICK2,44,2,57,0,2,26,14,0,62,1,147,6,15,247,103,104,147,247
19BERWICK3,96,6,81,1,0,16,13,0,151,4,229,3,11,491,183,181,229,491
19BERWICK4,112,2,125,4,3,66,21,1,234,6,305,10,28,736,239,329,305,736
19BLOOMSBURG1,44,0,157,1,0,12,10,1,54,0,349,19,22,253,201,78,349,253
19BLOOMSBURG2,85,0,186,3,1,28,35,0,91,4,382,19,28,302,271,158,382,302
19BLOOMSBURG31,128,1,251,1,2,30,33,1,111,4,619,18,54,490,380,178,619,490
19BLOOMSBURG32,29,2,271,0,3,22,26,4,44,2,785,21,73,443,302,99,785,443
19BLOOMSBURG4,115,0,154,1,0,40,32,2,169,4,414,11,39,495,269,244,414,495
19BRIARCREEK,17,0,30,1,0,9,8,0,36,1,49,1,3,115,47,54,49,115
19BRIARCREEKNORTHEAST,48,5,63,0,3,40,25,0,208,0,146,8,8,537,116,276,146,537
19BRIARCREEKWEST,69,3,79,0,0,54,38,1,174,6,174,6,24,539,151,267,174,539
19CATAWISSA,77,3,118,0,4,55,50,6,250,9,278,8,42,700,198,365,278,700
19CENTRALIA,0,0,1,0,0,0,1,0,1,0,1,0,0,2,1,2,1,2
19CLEVELAND,49,0,41,1,1,32,18,0,142,1,103,1,12,376,90,194,103,376
19CONYNGHAM,43,1,31,0,0,7,1,2,69,1,68,1,10,189,75,79,68,189
19FISHINGCREEK,58,4,70,1,5,69,35,4,183,5,162,2,22,528,132,297,162,528
19FRANKLIN,19,2,40,2,3,31,13,2,66,4,65,4,15,196,61,117,65,196
19GREENWOOD,53,2,98,3,4,53,40,2,213,5,194,8,34,612,153,315,194,612
19HEMLOCK,111,4,137,5,4,85,60,5,263,6,388,6,35,725,252,422,388,725
19JACKSON,22,0,24,0,4,26,11,2,113,3,50,2,9,274,46,156,50,274
19LOCUST,66,3,70,2,3,57,28,0,185,4,180,2,26,499,139,275,180,499
19MADISON,59,2,74,2,5,81,34,0,198,6,168,10,19,576,135,320,168,576
19MAIN,73,1,79,2,2,44,34,1,111,6,199,3,25,406,153,194,199,406
19MIFFLIN,97,8,119,1,1,57,35,2,247,5,254,6,33,742,224,343,254,742
19MILLVILLE,34,2,49,1,4,37,17,3,105,1,122,5,11,275,85,167,122,275
19MONTOUR,60,1,79,0,1,39,21,0,127,8,190,6,6,373,140,188,190,373
19MT.PLEASANT,50,3,86,3,3,83,39,1,199,4,199,5,24,567,139,328,199,567
19NORTHCENTRE,58,3,86,3,2,73,42,3,251,9,197,5,21,714,147,374,197,714
19ORANGE,63,1,89,1,2,44,31,1,178,5,211,5,15,415,153,257,211,415
19ORANGEVILLE,22,0,19,1,1,6,3,1,30,0,62,2,8,85,41,42,62,85
19PINE,35,1,48,1,1,28,18,0,135,0,83,2,5,367,84,183,83,367
19ROARINGCREEK,29,1,16,0,0,26,7,1,95,0,58,0,6,224,46,129,58,224
19SCOTTEAST,179,3,201,0,6,84,74,5,271,4,541,10,57,845,383,440,541,845
19SCOTTWEST,141,3,152,2,6,77,76,2,240,5,511,14,39,737,296,403,511,737
19SOUTHCENTRE,58,3,86,0,4,49,24,0,190,5,210,6,19,544,147,267,210,544
19STILLWATER,7,0,14,0,0,8,2,0,30,0,27,1,1,78,21,40,27,78
19SUGARLOAF,27,0,42,0,2,33,16,0,137,3,93,2,8,340,69,188,93,340
1ABBOTTSTOWN,37,1,44,0,1,42,6,0,95,2,119,3,13,274,82,144,119,274
1ARENDTSVILLE,42,1,36,3,1,41,30,1,65,2,143,2,7,235,79,141,143,235
1BENDERSVILLE,13,1,28,0,0,27,17,0,56,1,83,5,15,153,42,100,83,153
1BERWICK,105,0,69,2,7,104,47,4,255,2,257,10,24,816,174,419,257,816
1BIGLERVILLE,35,2,42,4,3,46,48,2,87,3,148,3,13,314,79,190,148,314
1BONNEAUVILLE,59,6,73,2,5,57,27,0,155,3,191,8,24,519,138,246,191,519
1BUTLER,80,2,81,7,10,148,85,2,266,4,308,9,21,882,163,518,308,882
1CARROLLVALLEY1,96,3,112,1,5,99,50,4,212,5,345,12,41,797,211,371,345,797
1CARROLLVALLEY2,73,0,67,0,8,68,56,3,161,6,283,10,33,625,140,296,283,625
1CONEWAGO1,148,1,141,3,7,104,97,3,329,5,431,8,30,1012,290,543,431,1012
1CONEWAGO2,119,2,125,3,12,129,84,3,348,6,415,12,34,1097,246,579,415,1097
1CUMBERLAND1,132,1,140,5,3,77,99,3,200,4,507,9,31,584,273,387,507,584
1CUMBERLAND2,69,1,52,0,6,51,66,1,196,2,209,4,20,587,122,320,209,587
1CUMBERLAND3,192,1,123,6,9,97,151,6,268,3,397,4,25,563,316,537,397,563
1CUMBERLAND4,67,2,61,3,4,38,51,3,95,5,428,11,27,514,130,194,428,514
1EASTBERLIN,61,0,61,1,6,78,38,2,184,4,217,10,27,523,122,309,217,523
1FAIRFIELD,33,1,32,1,1,25,21,0,49,1,102,4,7,175,66,97,102,175
1FRANKLIN1,77,0,107,4,3,115,55,5,276,8,315,10,32,811,184,458,315,811
1FRANKLIN2,69,2,83,1,7,113,55,0,232,1,264,7,31,769,154,408,264,769
1FREEDOM,43,2,46,1,2,45,34,3,111,5,152,4,19,356,91,196,152,356
1GERMANY,69,4,84,1,7,127,62,3,331,5,255,6,22,1028,157,531,255,1028
1GETTYSBURG1,119,0,166,2,2,28,45,1,101,4,491,12,22,325,285,179,491,325
1GETTYSBURG2,127,1,205,5,5,21,47,3,50,3,855,17,41,327,333,131,855,327
1GETTYSBURG3,114,1,110,2,5,57,56,6,104,3,435,8,22,320,225,230,435,320
1HAMILTON,77,3,94,2,4,144,73,3,298,4,278,13,26,1006,174,524,278,1006
1HAMILTONBAN,70,2,107,5,4,83,45,3,278,6,273,9,28,804,179,418,273,804
1HIGHLAND,44,1,31,2,5,48,41,1,134,1,147,4,8,385,76,231,147,385
1HUNTINGTON,48,2,62,4,13,158,76,0,257,8,215,4,20,864,112,508,215,864
1LATIMORE,85,1,108,3,13,174,67,3,337,7,297,15,44,1013,194,597,297,1013
1LIBERTY,57,1,56,1,4,55,39,1,165,6,205,3,17,501,114,265,205,501
1LITTLESTOWN1,41,3,80,1,2,84,46,6,212,2,203,12,45,701,124,351,203,701
1LITTLESTOWN2,69,0,100,2,9,78,65,3,184,5,274,8,31,716,169,341,274,716
1MCSHERRYSTOWN1,63,0,58,1,1,35,34,0,82,3,189,8,30,393,121,153,189,393
1MCSHERRYSTOWN2,40,1,39,0,1,22,17,1,90,2,150,7,18,301,80,131,150,301
1MENALLEN,93,1,99,4,10,161,65,2,345,8,384,9,36,1136,193,587,384,1136
1MT.JOY1,98,3,80,1,9,67,84,1,218,1,385,6,26,604,181,380,385,604
1MT.JOY2,83,2,66,2,6,87,74,2,282,7,284,3,24,745,151,453,284,745
1MT.PLEASANT1,93,0,112,3,6,106,73,4,254,0,342,12,24,850,205,446,342,850
1MT.PLEASANT2,37,1,55,2,1,58,35,1,154,1,191,5,27,524,93,251,191,524
1NEWOXFORD,82,0,55,0,3,50,26,2,105,4,250,13,19,403,137,186,250,403
1OXFORD1,101,2,83,2,1,82,29,2,247,6,303,9,18,772,186,363,303,772
1OXFORD2,144,0,98,10,17,124,98,3,257,7,422,8,36,854,242,509,422,854
1READING1,114,2,125,2,7,155,76,2,344,5,393,13,29,1067,241,586,393,1067
1READING2,76,3,103,0,7,110,46,3,249,2,271,12,33,793,182,415,271,793
1STRABAN1,151,4,124,9,12,88,116,5,229,11,500,8,22,676,279,459,500,676
1STRABAN2,84,1,76,2,9,96,38,1,226,3,301,11,31,730,161,372,301,730
1TYRONE,51,0,66,4,5,115,28,1,212,2,236,9,36,710,117,365,236,710
1UNION,73,3,113,2,13,142,74,4,347,3,311,14,34,1155,189,582,311,1155
1YORKSPRINGS,10,0,23,0,2,17,13,0,41,0,65,2,8,114,33,73,65,114
20ATHENS,6,0,16,1,2,57,19,0,82,3,50,1,5,274,22,161,50,274
20BEAVER,25,2,22,3,2,15,19,0,63,5,74,1,7,214,49,102,74,214
20BLOOMFIELD,91,3,61,0,4,71,35,1,161,7,228,2,21,556,155,272,228,556
20BLOOMINGVALLEY,14,1,10,2,1,29,8,1,47,0,33,0,8,134,25,88,33,134
20CAMBRIDGE,88,3,111,1,3,67,64,1,151,3,276,4,27,485,202,287,276,485
20CAMBRIDGESPRINGS,56,1,86,2,3,80,42,1,107,5,208,6,24,408,143,235,208,408
20CENTERVILLE,3,0,8,0,0,10,8,0,17,0,23,2,2,56,11,35,23,56
20COCHRANTON,52,2,39,5,5,57,47,2,121,2,146,3,24,381,93,237,146,381
20CONNEAUT,49,7,55,1,3,55,32,2,140,5,140,2,12,427,111,233,140,427
20CONNEAUTLAKE,37,1,20,0,1,29,19,0,56,5,81,1,6,186,58,105,81,186
20CONNEAUTVILLE,55,1,43,0,3,29,16,2,47,2,107,6,6,190,99,97,107,190
20CUSSEWAGO,65,4,85,0,4,87,43,4,152,6,181,6,24,538,154,290,181,538
20EASTFAIRFIELD,29,0,31,1,1,51,17,1,96,1,82,3,9,297,60,167,82,297
20EASTFALLOWFIELD,37,2,26,3,1,56,20,0,93,1,92,5,9,365,65,173,92,365
20EASTMEAD,60,3,78,2,5,74,37,2,156,0,121,2,21,499,141,276,121,499
20FAIRFIELD,28,3,28,2,2,60,26,1,132,3,76,1,8,395,59,223,76,395
20GREENWOOD,39,3,35,0,0,55,19,3,154,1,97,0,12,496,77,231,97,496
20HAYFIELD,133,7,139,3,10,166,90,3,325,6,318,8,42,1057,279,597,318,1057
20HYDETOWN,21,0,12,1,2,18,13,2,59,3,59,2,2,167,33,95,59,167
20LINESVILLE,53,2,45,2,3,43,26,1,63,3,131,4,15,298,100,138,131,298
20MEADVILLE11,84,2,157,0,1,45,25,3,41,7,505,14,29,234,243,115,505,234
20MEADVILLE12,159,2,124,4,2,97,119,5,175,5,426,7,28,517,285,402,426,517
20MEADVILLE21,81,1,91,1,2,52,43,2,105,5,287,11,27,356,173,205,287,356
20MEADVILLE22,83,0,91,2,5,41,24,2,79,4,272,12,16,294,174,153,272,294
20MEADVILLE23,126,0,163,1,2,54,61,7,137,1,602,15,31,427,289,262,602,427
20MEADVILLE31,56,0,69,1,2,31,24,4,66,4,232,6,8,208,125,128,232,208
20MEADVILLE32,51,1,65,1,3,30,21,2,44,5,168,8,15,186,117,101,168,186
20MEADVILLE4,28,0,15,3,1,10,9,0,24,0,67,2,10,60,43,47,67,60
20MEADVILLE5,14,0,21,0,0,3,0,0,19,0,57,2,6,88,35,22,57,88
20NORTHSHENANGO,97,2,81,2,1,30,21,1,104,6,191,4,11,438,180,159,191,438
20OILCREEK,68,1,52,2,3,89,44,3,186,9,157,6,14,639,121,327,157,639
20PINE,33,0,21,0,0,20,7,0,40,3,67,0,7,132,54,67,67,132
20RANDOLPH,46,6,61,4,8,94,50,1,195,9,150,3,23,582,113,352,150,582
20RICHMOND,57,2,72,3,3,75,37,2,180,2,167,4,27,496,131,300,167,496
20ROCKDALE,59,5,69,2,3,58,35,0,80,1,159,5,16,364,133,178,159,364
20ROME,21,2,35,0,2,74,24,0,96,3,68,6,13,374,58,196,68,374
20SADSBURY,149,8,142,2,5,120,113,4,393,3,438,2,30,1108,299,637,438,1108
20SAEGERTOWN,31,1,43,5,2,35,22,0,102,3,105,6,11,266,75,166,105,266
20SOUTHSHENANGO,115,3,86,1,0,48,60,1,213,4,292,6,20,655,204,323,292,655
20SPARTA,28,1,33,1,3,67,24,2,98,3,81,3,12,346,62,195,81,346
20SPARTANSBURG,17,0,8,1,3,25,9,1,31,6,33,1,0,111,25,70,33,111
20SPRING,89,2,68,1,2,54,27,0,129,5,197,1,16,416,159,213,197,416
20SPRINGBORO,31,1,16,0,1,13,11,0,38,1,71,2,10,108,48,63,71,108
20STEUBEN,27,1,23,2,3,26,25,2,82,1,67,1,5,269,51,140,67,269
20SUMMERHILL,56,4,56,5,2,56,21,1,101,5,129,2,20,353,116,186,129,353
20SUMMIT,91,2,74,2,4,98,61,3,201,4,231,9,27,644,167,369,231,644
20TITUSVILLE11,34,0,44,0,1,23,21,1,52,2,112,3,14,163,78,98,112,163
20TITUSVILLE12,44,0,54,2,1,37,17,3,64,2,125,4,17,210,98,124,125,210
20TITUSVILLE21,45,0,27,0,1,42,21,1,81,1,122,1,10,240,72,146,122,240
20TITUSVILLE22,54,1,42,1,0,46,33,1,92,5,165,1,16,339,97,173,165,339
20TITUSVILLE3,8,0,11,0,1,8,10,1,16,0,35,0,4,80,19,36,35,80
20TITUSVILLE4,44,2,35,0,4,27,10,1,52,1,91,0,8,102,81,94,91,102
20TITUSVILLE5,10,0,11,0,0,10,5,0,11,0,36,0,1,54,21,26,36,54
20TOWNVILLE,6,0,13,1,2,22,14,1,36,1,25,1,3,107,19,76,25,107
20TROY,41,0,32,2,2,59,16,3,121,3,107,4,4,379,73,203,107,379
20UNION,24,0,43,0,3,41,26,3,106,2,87,7,15,331,67,179,87,331
20VENANGO,44,3,69,0,4,66,52,1,129,5,180,5,34,405,116,252,180,405
20VERNON1,70,2,66,1,3,62,21,2,111,5,175,10,22,415,138,200,175,415
20VERNON2,101,1,97,3,1,92,84,3,204,4,323,4,21,641,199,387,323,641
20VERNON3,122,1,80,2,5,102,76,5,246,7,281,6,17,775,203,436,281,775
20WAYNE,33,1,59,2,1,110,53,1,166,6,125,3,24,539,93,333,125,539
20WESTFALLOWFIELD,29,2,35,4,1,11,17,1,68,1,53,1,5,215,66,102,53,215
20WESTMEAD1,153,4,158,3,8,159,110,12,350,3,506,9,47,1064,315,642,506,1064
20WESTMEAD2,106,0,88,6,4,110,77,1,230,0,332,9,28,683,194,428,332,683
20WESTSHENANGO,22,4,23,0,0,5,14,1,48,1,57,0,7,147,49,68,57,147
20WOODCOCK,79,5,116,0,5,131,96,10,308,8,292,6,33,1004,200,550,292,1004
21CAMPHILL1,110,0,91,2,3,80,82,4,150,2,423,11,32,325,201,321,423,325
21CAMPHILL2,164,1,137,6,4,96,127,5,169,3,547,6,35,447,302,407,547,447
21CAMPHILL3,201,0,172,5,6,101,209,7,270,3,667,17,54,641,373,598,667,641
21CAMPHILL4,89,1,84,1,2,61,38,2,80,1,270,5,23,253,174,184,270,253
21CAMPHILL5,103,0,109,2,7,62,71,3,118,5,395,9,32,364,212,263,395,364
21CARLISLE11,38,0,56,0,0,13,13,1,34,4,203,3,14,130,94,61,203,130
21CARLISLE12,42,0,53,1,2,33,22,0,49,4,206,9,20,217,95,107,206,217
21CARLISLE2,92,1,96,1,4,62,30,0,89,0,415,12,34,307,189,186,415,307
21CARLISLE31,140,0,126,0,2,50,43,2,84,4,452,18,24,267,266,181,452,267
21CARLISLE32,169,0,161,6,5,99,117,8,137,10,619,14,40,514,330,372,619,514
21CARLISLE33,252,0,165,9,7,124,193,3,226,7,761,7,35,641,417,562,761,641
21CARLISLE41,60,1,42,1,0,10,6,0,18,0,264,7,5,76,103,35,264,76
21CARLISLE42,137,4,192,0,4,91,81,4,144,4,1089,11,53,481,333,324,1089,481
21CARLISLE5,186,1,197,8,3,138,66,8,201,3,879,26,45,781,384,424,879,781
21COOKE,5,1,13,0,2,15,6,1,15,1,26,0,4,74,19,39,26,74
21DICKINSONNORTH,177,5,127,6,8,286,156,2,459,11,651,7,66,1413,309,917,651,1413
21DICKINSONSOUTH,45,0,50,2,2,107,38,1,162,2,160,3,26,568,95,312,160,568
21EASTPENNSBORO1,130,0,68,1,1,104,101,0,251,3,403,9,34,634,198,458,403,634
21EASTPENNSBORO10,64,0,55,2,7,62,24,2,191,2,195,3,21,466,119,288,195,466
21EASTPENNSBORO2,128,5,118,1,2,87,72,2,228,5,405,5,31,577,251,392,405,577
21EASTPENNSBORO3,253,3,164,5,8,109,92,6,203,6,764,18,53,668,420,423,764,668
21EASTPENNSBORO4,110,3,103,3,8,109,46,5,218,2,389,8,22,633,216,389,389,633
21EASTPENNSBORO5,108,1,114,7,2,80,27,5,191,2,363,8,30,587,223,312,363,587
21EASTPENNSBORO6,43,1,68,1,3,32,9,1,70,2,171,6,12,243,112,116,171,243
21EASTPENNSBORO7,136,1,92,0,6,91,75,2,245,7,424,8,35,646,229,419,424,646
21EASTPENNSBORO8,124,2,114,0,3,103,51,6,220,6,407,10,30,623,240,383,407,623
21EASTPENNSBORO9,111,0,152,0,4,94,38,2,167,5,512,10,54,584,263,305,512,584
21HAMPDEN1,65,0,62,1,3,76,33,0,156,2,301,4,18,480,127,269,301,480
21HAMPDEN10,271,4,201,4,8,281,272,12,591,11,1115,14,93,1520,476,1168,1115,1520
21HAMPDEN11,276,2,211,9,14,259,256,13,504,11,1025,15,73,1351,489,1055,1025,1351
21HAMPDEN12,152,1,94,5,3,152,199,10,388,3,648,5,43,1047,247,757,648,1047
21HAMPDEN2,118,2,113,4,2,79,62,5,178,5,488,5,42,486,233,330,488,486
21HAMPDEN3,156,0,103,1,1,85,98,0,237,5,474,7,34,540,259,422,474,540
21HAMPDEN4,152,1,127,6,5,107,116,4,210,6,497,7,30,532,280,448,497,532
21HAMPDEN5,139,1,108,2,3,99,96,3,231,3,512,7,34,605,248,434,512,605
21HAMPDEN6,213,0,157,7,5,157,161,2,321,2,755,8,51,870,370,653,755,870
21HAMPDEN7,119,0,85,1,7,90,85,2,186,4,342,6,31,458,204,371,342,458
21HAMPDEN8,83,0,49,0,1,80,67,3,137,4,283,4,12,391,132,288,283,391
21HAMPDEN9,116,3,65,1,1,119,133,4,215,3,396,9,43,664,184,473,396,664
21HOPEWELL,62,4,78,1,6,121,41,1,204,4,200,5,25,809,144,374,200,809
21LEMOYNE1,52,0,75,4,2,37,23,0,75,2,212,13,27,218,127,141,212,218
21LEMOYNE2,52,0,64,0,4,30,19,3,51,5,199,2,23,170,116,107,199,170
21LEMOYNE3,136,2,125,7,3,61,97,3,207,0,494,14,47,502,263,378,494,502
21LEMOYNE4,43,0,36,0,0,39,15,1,60,2,143,1,9,192,79,115,143,192
21LOWERALLEN1,111,0,111,1,10,95,66,2,191,4,399,9,40,562,222,365,399,562
21LOWERALLEN2,192,1,173,4,8,246,181,7,467,12,800,18,95,1322,366,913,800,1322
21LOWERALLEN3,131,1,133,1,4,81,49,5,189,3,541,13,34,576,265,329,541,576
21LOWERALLEN4,111,1,115,3,5,63,59,2,146,3,417,7,32,410,227,278,417,410
21LOWERALLEN5,257,1,220,4,5,208,199,10,408,6,889,14,63,1113,478,834,889,1113
21LOWERALLEN6,184,2,141,8,7,122,156,8,243,12,567,11,53,700,327,544,567,700
21LOWERFRANKFORD,43,4,69,1,2,95,29,5,171,4,180,2,24,594,116,303,180,594
21LOWERMIFFLIN,42,4,62,2,1,79,21,3,147,3,149,4,24,592,108,253,149,592
21MECHANICSBURG1,55,0,80,1,1,51,29,1,58,6,229,7,26,214,135,141,229,214
21MECHANICSBURG21,82,2,103,3,5,94,84,3,153,3,350,8,34,461,187,342,350,461
21MECHANICSBURG22,131,1,120,7,1,166,125,2,194,7,416,4,30,633,252,495,416,633
21MECHANICSBURG3,103,0,81,1,1,74,42,1,163,4,324,4,26,447,184,282,324,447
21MECHANICSBURG4,46,1,75,5,5,35,21,0,85,1,218,3,24,279,122,151,218,279
21MECHANICSBURG5,90,1,100,1,0,95,51,5,154,6,315,7,47,454,191,306,315,454
21MIDDLESEX1,161,1,152,5,8,229,108,5,447,5,537,10,66,1386,314,802,537,1386
21MIDDLESEX2,71,1,68,0,2,123,71,5,203,4,347,5,32,627,140,404,347,627
21MONROE1,156,6,173,4,7,262,145,8,422,7,582,13,60,1269,335,848,582,1269
21MONROE2,117,4,131,5,7,172,123,7,342,8,471,9,54,917,252,656,471,917
21MT.HOLLYSPRINGS,63,1,77,3,4,72,32,4,145,10,265,10,30,482,141,260,265,482
21NEWBURG,13,0,13,2,1,17,6,0,36,1,30,0,4,115,26,62,30,115
21NEWCUMBERLAND11,125,2,156,1,4,108,77,0,238,5,497,17,54,651,283,428,497,651
21NEWCUMBERLAND21,106,3,131,1,3,88,72,0,170,4,439,11,42,478,240,334,439,478
21NEWCUMBERLAND22,139,4,102,2,6,81,106,2,193,10,459,3,32,500,245,390,459,500
21NEWCUMBERLAND23,82,1,96,3,4,59,73,6,176,1,303,10,26,399,179,321,303,399
21NEWVILLENORTH,15,0,41,2,2,26,16,0,51,2,86,3,13,210,56,97,86,210
21NEWVILLESOUTH,18,1,18,1,0,21,8,3,33,0,72,1,6,137,37,66,72,137
21NORTHMIDDLETON1,163,2,135,0,2,173,98,5,315,6,593,12,55,1073,300,593,593,1073
21NORTHMIDDLETON2,134,5,116,2,7,141,71,1,231,2,470,18,38,745,255,453,470,745
21NORTHMIDDLETON3,205,8,201,5,10,281,163,5,409,17,813,18,58,1427,414,873,813,1427
21NORTHNEWTON,68,1,83,2,4,114,35,2,242,1,190,8,15,789,152,399,190,789
21PENN,89,1,91,1,3,137,53,2,280,3,314,12,29,917,181,476,314,917
21SHIPPENSBURG,76,1,204,2,2,50,34,3,102,4,961,31,89,692,281,193,961,692
21SHIPPENSBURGEAST,75,1,104,3,1,48,41,3,110,1,329,10,36,390,180,206,329,390
21SHIPPENSBURGMIDDLE,78,1,115,4,5,30,24,0,100,2,400,21,37,372,194,163,400,372
21SHIREMANSTOWN,77,3,94,3,3,77,61,2,157,5,317,3,23,471,174,303,317,471
21SILVERSPRING1,134,5,91,2,5,142,101,4,235,5,438,9,37,709,230,489,438,709
21SILVERSPRING2,104,1,87,2,8,142,102,4,234,1,342,8,26,640,192,492,342,640
21SILVERSPRING3,103,4,87,2,3,116,74,3,172,3,398,3,27,529,194,370,398,529
21SILVERSPRING4,138,1,87,2,5,105,134,4,286,4,501,6,51,715,226,536,501,715
21SILVERSPRING5,106,1,77,2,3,81,65,3,188,2,397,7,24,604,184,342,397,604
21SILVERSPRING6,70,0,54,3,1,72,61,0,128,7,280,3,26,397,124,265,280,397
21SILVERSPRING7,133,1,126,2,4,114,135,5,243,9,658,13,44,764,260,503,658,764
21SILVERSPRING8,64,2,51,2,9,123,65,2,234,1,271,3,21,626,117,435,271,626
21SILVERSPRING9,55,0,51,0,2,85,51,2,241,5,216,4,19,559,106,381,216,559
21SOUTHAMPTONLOWER,44,1,58,3,2,67,22,3,153,4,147,5,11,495,103,250,147,495
21SOUTHAMPTONUPPER1,52,1,67,1,2,71,36,0,107,8,212,2,19,414,120,217,212,414
21SOUTHAMPTONUPPER2,110,4,129,0,6,152,85,1,322,3,403,14,44,1102,243,566,403,1102
21SOUTHMIDDLET0N2,80,1,83,1,4,106,54,2,202,9,321,6,21,573,164,369,321,573
21SOUTHMIDDLETON1,69,2,65,2,4,99,42,6,215,6,257,10,34,701,136,368,257,701
21SOUTHMIDDLETON3,71,0,73,1,3,110,63,0,161,6,318,7,32,555,144,338,318,555
21SOUTHMIDDLETON4,105,1,56,6,7,105,110,5,157,5,300,4,25,531,162,390,300,531
21SOUTHMIDDLETON5,46,0,65,6,3,112,54,4,178,2,218,2,23,572,111,357,218,572
21SOUTHMIDDLETON6,93,2,81,5,4,129,87,3,192,4,317,8,29,586,176,420,317,586
21SOUTHMIDDLETON7,79,0,61,4,1,125,107,3,173,3,286,4,29,525,140,413,286,525
21SOUTHMIDDLETON8,96,0,58,0,8,125,91,2,189,5,327,3,34,620,154,415,327,620
21SOUTHMIDDLETON9,91,1,65,5,3,103,77,4,205,3,318,4,13,630,157,397,318,630
21SOUTHNEWTON,41,2,43,0,5,61,20,1,141,2,123,2,10,423,86,228,123,423
21UPPERALLEN1,93,1,81,0,1,135,97,2,220,5,332,4,34,550,175,455,332,550
21UPPERALLEN10,83,1,87,3,2,58,28,2,112,4,442,6,19,357,171,205,442,357
21UPPERALLEN2,52,1,49,1,2,68,56,0,71,5,193,5,31,241,102,198,193,241
21UPPERALLEN3,123,1,90,0,9,154,136,3,231,4,418,9,40,654,214,533,418,654
21UPPERALLEN4,112,3,124,4,6,117,97,4,208,7,485,10,48,610,239,436,485,610
21UPPERALLEN5,130,1,97,2,6,160,108,4,191,9,436,10,29,620,228,471,436,620
21UPPERALLEN6,103,0,77,2,7,146,93,2,278,9,358,5,44,729,180,528,358,729
21UPPERALLEN7,110,1,55,3,8,138,103,5,105,5,293,6,22,403,166,362,293,403
21UPPERALLEN8,143,3,101,5,7,174,148,4,297,6,563,10,51,888,247,635,563,888
21UPPERALLEN9,110,2,120,4,7,130,103,7,201,6,494,4,38,612,232,452,494,612
21UPPERFRANKFORD,41,1,64,0,7,120,33,3,196,9,167,1,27,717,106,359,167,717
21UPPERMIFFLIN,26,2,41,2,1,56,16,1,152,1,98,1,11,498,69,228,98,498
21WESTPENNSBOROLOWER,85,1,84,4,3,154,81,3,318,13,327,9,48,1008,170,563,327,1008
21WESTPENNSBOROUPPER,129,2,96,2,12,177,76,3,282,7,373,10,34,879,227,552,373,879
21WORMLEYSBURG1,61,1,85,3,1,43,50,0,122,3,275,8,19,302,147,219,275,302
21WORMLEYSBURG2,105,0,91,4,4,41,35,3,126,4,370,2,31,339,196,213,370,339
22BERRYSBURG,17,0,15,0,1,15,5,0,48,1,28,0,2,129,32,69,28,129
22CONEWAGO1,49,1,71,0,5,144,55,5,203,5,234,5,24,608,121,412,234,608
22CONEWAGO2,87,0,53,1,0,101,58,0,175,3,230,6,27,477,140,335,230,477
22DAUPHIN,49,2,42,0,2,33,26,1,97,2,150,3,10,237,93,159,150,237
22DERRY1,162,0,124,2,5,93,137,5,167,8,577,10,35,521,286,409,577,521
22DERRY10,72,0,65,2,3,75,81,1,161,1,329,3,26,429,137,323,329,429
22DERRY11,105,2,82,2,1,89,100,3,188,3,410,3,27,465,189,383,410,465
22DERRY12,86,0,109,1,4,58,70,0,105,4,388,6,37,330,195,238,388,330
22DERRY13,92,4,83,2,4,74,76,2,149,2,342,9,25,423,179,307,342,423
22DERRY14,91,0,81,0,0,58,65,1,88,3,386,6,24,306,172,212,386,306
22DERRY15,232,1,147,4,5,111,134,4,229,5,815,9,46,739,380,487,815,739
22DERRY2,107,0,85,2,2,66,78,2,147,0,358,2,15,379,192,297,358,379
22DERRY3,95,3,84,3,1,55,58,2,99,2,391,7,17,323,182,218,391,323
22DERRY4,68,1,78,0,4,66,54,3,125,1,329,8,29,388,147,252,329,388
22DERRY5,51,1,64,0,1,30,66,1,82,3,225,11,18,226,116,180,225,226
22DERRY6,65,1,60,1,1,79,47,0,123,7,241,7,25,412,126,251,241,412
22DERRY7,87,1,85,3,5,121,114,3,214,5,391,7,30,587,173,460,391,587
22DERRY8,64,4,86,0,1,59,61,1,107,5,301,5,33,332,154,229,301,332
22DERRY9,59,0,92,1,0,42,36,1,68,5,346,15,30,237,151,148,346,237
22EASTHANOVER1,108,5,120,6,7,180,123,5,364,10,475,9,38,1111,233,685,475,1111
22EASTHANOVER2,91,3,93,4,1,174,65,3,376,5,334,10,28,1035,187,623,334,1035
22ELIZABETHVILLE,39,0,31,2,2,55,32,2,129,12,130,4,19,416,70,222,130,416
22GRATZ,10,1,14,2,3,42,11,3,84,1,51,0,7,230,25,145,51,230
22HALIFAX,20,2,30,1,0,40,15,1,71,0,74,5,14,214,52,128,74,214
22HALIFAX1,62,2,49,3,3,87,65,3,218,4,179,6,18,602,113,379,179,602
22HALIFAX2,53,2,59,2,6,122,52,5,219,2,177,4,17,665,114,406,177,665
22HARRISBURG101,227,0,165,1,2,19,9,0,26,4,863,7,14,103,392,57,863,103
22HARRISBURG102,182,0,59,0,0,7,1,0,5,4,712,4,3,39,241,13,712,39
22HARRISBURG103,70,0,60,1,0,7,2,0,14,0,227,4,5,65,130,24,227,65
22HARRISBURG104,256,1,91,0,0,15,3,0,2,3,765,8,3,40,348,20,765,40
22HARRISBURG11,262,1,213,6,2,31,34,1,44,4,934,23,32,140,476,118,934,140
22HARRISBURG12,411,3,264,0,1,40,26,0,77,4,1345,18,22,256,678,144,1345,256
22HARRISBURG13,115,0,55,1,0,2,0,1,8,1,689,8,5,29,170,12,689,29
22HARRISBURG131,126,0,69,0,0,10,9,1,37,4,485,10,7,105,195,57,485,105
22HARRISBURG132,132,4,83,0,0,30,9,0,41,2,457,4,9,146,219,80,457,146
22HARRISBURG133,206,2,104,0,0,19,13,1,30,6,656,6,19,126,312,63,656,126
22HARRISBURG14,261,3,168,0,3,26,36,1,60,2,658,7,18,204,432,126,658,204
22HARRISBURG15,94,2,41,0,0,2,2,0,9,1,368,3,7,42,137,13,368,42
22HARRISBURG21,70,0,44,0,0,7,5,2,7,1,390,3,10,55,114,21,390,55
22HARRISBURG22,91,0,39,0,0,13,1,0,12,1,485,1,6,57,130,26,485,57
22HARRISBURG3,150,2,71,0,1,8,16,0,19,1,449,5,6,88,223,44,449,88
22HARRISBURG4,114,0,142,0,1,14,37,4,30,3,428,12,18,117,256,86,428,117
22HARRISBURG5,238,1,228,2,2,12,31,0,44,2,789,13,37,153,467,91,789,153
22HARRISBURG6,150,1,148,1,0,16,15,0,18,3,457,7,14,88,299,50,457,88
22HARRISBURG71,84,0,34,1,1,5,4,0,7,4,267,3,1,38,118,18,267,38
22HARRISBURG72,245,2,86,1,1,5,4,0,3,2,815,9,4,48,333,14,815,48
22HARRISBURG8,174,0,73,0,1,3,3,1,3,0,654,10,4,28,247,11,654,28
22HARRISBURG91,58,0,36,0,1,7,3,1,8,0,298,0,6,38,94,20,298,38
22HARRISBURG92,120,2,44,2,0,7,2,0,10,4,553,6,8,47,166,21,553,47
22HARRISBURG93,260,1,99,0,0,12,1,0,9,5,915,6,9,59,360,22,915,59
22HARRISBURG94,167,0,86,2,3,22,19,0,28,1,421,6,19,96,253,74,421,96
22HARRISBURG95,151,0,69,2,0,11,7,0,21,2,459,7,2,79,220,41,459,79
22HIGHSPIRE1,65,0,68,0,2,23,13,1,61,4,225,8,16,225,133,100,225,225
22HIGHSPIRE2,61,2,59,0,1,25,15,2,81,3,251,5,27,264,122,124,251,264
22HUMMELSTOWN1,74,1,83,2,4,62,62,2,141,1,327,13,33,407,158,273,327,407
22HUMMELSTOWN2,130,2,143,10,7,127,129,6,317,6,576,13,56,804,275,596,576,804
22JACKSON,82,3,82,0,7,100,59,0,295,8,225,11,24,730,167,461,225,730
22JEFFERSON,14,0,24,0,2,32,12,1,52,1,46,1,3,151,38,99,46,151
22LONDONDERRY1,65,3,73,6,0,119,57,2,258,6,252,10,25,666,141,442,252,666
22LONDONDERRY2,82,3,60,1,4,102,42,1,295,5,225,10,30,678,145,445,225,678
22LONDONDERRY3,31,3,35,0,1,55,12,0,144,2,128,6,14,402,69,212,128,402
22LOWERPAXTON1,90,6,73,1,2,62,42,1,117,3,294,7,20,310,169,225,294,310
22LOWERPAXTON10,137,2,94,0,0,33,15,0,59,1,483,9,14,181,233,107,483,181
22LOWERPAXTON11,115,0,81,0,0,74,51,1,116,3,423,5,22,345,196,242,423,345
22LOWERPAXTON12,131,2,69,1,4,66,97,2,188,4,360,5,20,425,202,358,360,425
22LOWERPAXTON13,123,4,83,0,4,108,45,2,168,4,347,6,37,527,210,327,347,527
22LOWERPAXTON14,133,2,65,1,1,51,26,0,89,5,441,8,9,253,200,168,441,253
22LOWERPAXTON15,190,1,132,3,5,131,61,4,191,7,732,9,44,603,323,395,732,603
22LOWERPAXTON16,190,3,157,1,3,152,94,6,314,5,594,16,57,859,350,570,594,859
22LOWERPAXTON17,153,1,76,2,3,66,50,3,104,3,441,12,15,318,230,228,441,318
22LOWERPAXTON18,142,0,67,2,2,40,32,3,88,3,444,5,14,243,209,167,444,243
22LOWERPAXTON19,203,3,132,1,3,74,109,2,258,3,556,8,29,582,338,447,556,582
22LOWERPAXTON2,148,2,131,2,0,57,29,3,132,6,563,11,27,356,281,223,563,356
22LOWERPAXTON20,85,0,105,1,3,67,59,5,172,7,341,3,25,484,190,307,341,484
22LOWERPAXTON21,200,2,141,1,2,131,136,4,299,3,636,5,43,772,343,573,636,772
22LOWERPAXTON22,141,1,63,1,5,98,119,4,209,7,391,0,20,553,205,436,391,553
22LOWERPAXTON23,125,0,76,1,8,93,79,2,168,6,414,8,22,510,201,351,414,510
22LOWERPAXTON24,114,3,75,3,3,101,75,5,197,4,354,7,28,532,192,384,354,532
22LOWERPAXTON25,152,4,78,2,0,54,59,2,92,2,458,6,22,340,234,209,458,340
22LOWERPAXTON26,228,2,102,3,1,112,70,5,184,9,576,0,19,557,332,375,576,557
22LOWERPAXTON27,134,3,87,3,1,84,64,6,153,2,436,9,29,473,224,311,436,473
22LOWERPAXTON3,140,3,126,7,5,152,70,0,267,6,474,11,35,756,269,501,474,756
22LOWERPAXTON4,131,5,122,3,3,118,63,0,219,8,449,14,49,708,258,406,449,708
22LOWERPAXTON5,104,1,131,2,5,71,30,3,155,3,455,9,37,419,236,266,455,419
22LOWERPAXTON6,152,1,108,1,2,63,27,3,125,5,574,19,28,371,261,221,574,371
22LOWERPAXTON7,119,1,122,6,5,130,80,6,205,2,479,10,36,596,242,432,479,596
22LOWERPAXTON8,115,0,101,1,4,46,27,0,86,7,519,6,20,271,216,164,519,271
22LOWERPAXTON9,56,1,63,1,1,72,43,2,127,1,199,5,23,388,120,246,199,388
22LOWERSWATARA1,138,3,111,2,4,134,110,6,354,6,442,9,41,903,252,610,442,903
22LOWERSWATARA2,117,3,84,3,1,106,68,3,228,7,321,12,26,613,204,409,321,613
22LOWERSWATARA3,121,4,149,1,4,81,64,4,219,6,567,16,43,642,274,373,567,642
22LOWERSWATARA4,91,3,60,0,4,83,58,4,181,5,252,14,23,497,154,330,252,497
22LYKENS,16,0,17,1,3,51,20,0,100,1,80,2,7,305,33,175,80,305
22LYKENS1,32,0,27,0,4,34,12,0,79,1,91,0,5,206,59,129,91,206
22LYKENS2,40,0,28,0,1,41,22,3,91,7,101,3,18,276,68,158,101,276
22MIDDLEPAXTON1,82,2,76,4,4,125,72,2,252,9,251,8,23,657,160,459,251,657
22MIDDLEPAXTON2,114,1,88,4,5,80,59,1,256,3,303,7,35,573,203,405,303,573
22MIDDLEPAXTON3,89,4,87,1,9,147,66,5,303,4,302,8,30,784,180,531,302,784
22MIDDLETOWN11,49,2,35,0,1,26,7,1,51,4,158,5,10,171,86,86,158,171
22MIDDLETOWN12,76,1,89,1,3,45,31,3,91,6,309,14,38,309,166,174,309,309
22MIDDLETOWN21,64,3,94,3,2,43,25,5,114,5,318,22,22,394,161,192,318,394
22MIDDLETOWN22,77,1,108,3,3,47,40,1,83,3,337,12,30,331,186,177,337,331
22MIDDLETOWN31,47,1,47,4,5,51,23,4,83,7,158,4,20,273,95,170,158,273
22MIDDLETOWN32,60,2,52,1,3,48,25,1,122,2,198,2,13,335,114,200,198,335
22MIFFLIN,16,0,14,1,2,55,18,0,75,2,30,2,5,227,30,151,30,227
22MILLERSBURG1,32,0,45,0,2,65,18,1,95,4,123,5,14,332,77,181,123,332
22MILLERSBURG2,49,1,37,0,3,70,39,4,152,5,168,7,19,400,87,268,168,400
22PAXTANG,127,1,153,1,4,54,51,4,91,4,481,11,33,286,281,205,481,286
22PENBROOK1,51,0,50,0,0,17,9,2,20,1,194,9,5,80,101,48,194,80
22PENBROOK2,47,1,37,0,4,18,11,0,22,1,221,3,11,83,85,55,221,83
22PENBROOK3,40,0,39,1,2,17,11,0,41,4,201,2,13,96,79,72,201,96
22PENBROOK4,60,0,42,0,1,25,8,0,46,2,215,8,9,126,102,80,215,126
22PILLOW,15,0,12,0,2,10,5,1,46,2,34,0,4,113,27,64,34,113
22REED,10,1,7,0,1,26,3,0,52,2,25,2,3,106,18,82,25,106
22ROYALTON1,10,2,13,0,0,7,3,0,27,0,35,2,9,101,25,37,35,101
22ROYALTON2,29,1,33,0,1,35,13,0,77,2,131,3,9,230,63,126,131,230
22RUSH,2,0,4,0,0,8,9,0,52,0,10,0,1,99,6,69,10,99
22SOUTHHANOVER1,81,1,67,2,1,112,99,0,233,3,283,5,25,592,149,447,283,592
22SOUTHHANOVER2,154,1,127,4,6,146,150,5,309,3,636,13,53,915,282,620,636,915
22SOUTHHANOVER3,135,3,108,6,5,110,100,4,241,7,504,6,47,763,246,466,504,763
22STEELTON1,64,1,55,0,2,14,22,1,82,2,181,3,10,199,120,121,181,199
22STEELTON21,91,1,65,0,3,16,12,1,23,6,423,3,9,97,157,55,423,97
22STEELTON22,40,1,35,0,0,18,10,1,48,1,212,6,5,120,76,77,212,120
22STEELTON31,43,0,31,1,1,6,6,0,10,1,178,2,6,56,74,24,178,56
22STEELTON32,86,0,44,1,0,16,3,1,29,1,286,5,5,69,130,50,286,69
22STEELTON4,97,2,53,0,0,8,7,1,31,0,315,5,10,93,152,47,315,93
22SUSQUEHANNA1(4),249,2,178,1,2,81,64,2,125,4,732,14,30,369,429,275,732,369
22SUSQUEHANNA2,352,3,194,7,7,105,119,8,221,8,1023,9,47,653,549,467,1023,653
22SUSQUEHANNA3A(CONG4),10,0,3,0,0,0,0,0,1,0,23,0,0,3,13,1,23,3
22SUSQUEHANNA3B(CONG11),321,3,200,1,6,65,64,3,124,6,1051,16,35,415,524,263,1051,415
22SUSQUEHANNA4,242,2,176,4,4,82,50,4,124,8,824,16,35,402,420,268,824,402
22SUSQUEHANNA5,246,3,176,3,3,92,61,6,187,10,780,14,33,472,425,352,780,472
22SUSQUEHANNA6,219,1,184,5,7,121,71,0,212,7,837,18,39,592,404,416,837,592
22SUSQUEHANNA7,313,2,169,4,1,57,57,3,118,7,1049,15,30,372,484,240,1049,372
22SUSQUEHANNA8,388,3,189,4,6,106,142,5,281,3,995,11,27,640,580,544,995,640
22SUSQUEHANNA9,313,4,191,1,3,113,103,8,174,7,981,10,45,578,508,402,981,578
22SWATARA1,145,3,114,4,2,69,25,2,154,6,488,13,25,445,262,256,488,445
22SWATARA2,131,0,101,2,1,41,32,3,98,3,511,5,15,294,232,177,511,294
22SWATARA3,202,1,161,1,0,61,36,3,113,6,790,10,21,425,364,214,790,425
22SWATARA4,143,2,140,6,6,87,70,2,159,9,538,15,35,456,285,330,538,456
22SWATARA5,211,4,175,3,5,111,88,7,266,10,830,14,55,731,390,480,830,731
22SWATARA6,220,2,190,3,1,141,70,6,292,4,1030,20,62,819,412,513,1030,819
22SWATARA7,212,3,179,2,2,102,96,6,240,6,770,11,46,679,394,448,770,679
22SWATARA8,196,3,140,6,7,177,98,7,366,16,612,14,30,961,339,661,612,961
22SWATARA9,136,1,113,0,3,43,31,3,102,1,527,6,27,368,250,182,527,368
22UPPERPAXTON1,64,7,60,2,5,136,92,2,246,9,228,5,26,753,131,483,228,753
22UPPERPAXTON2,28,1,42,3,7,144,29,7,165,9,124,5,13,587,71,355,124,587
22WASHINGTON,71,4,65,2,2,105,46,6,261,3,219,9,23,734,140,422,219,734
22WAYNE,40,2,55,2,9,97,45,6,228,5,141,5,26,591,97,387,141,591
22WESTHANOVER1,51,1,68,2,5,127,50,7,269,7,202,9,28,701,120,460,202,701
22WESTHANOVER2,63,2,66,3,0,71,43,2,206,3,244,4,25,528,131,325,244,528
22WESTHANOVER3,126,5,66,1,3,84,93,1,229,3,355,1,26,565,197,411,355,565
22WESTHANOVER4,62,0,54,4,2,75,59,2,145,3,218,3,24,420,116,287,218,420
22WESTHANOVER5,109,0,93,2,2,77,78,3,229,2,346,5,29,614,202,391,346,614
22WESTHANOVER6,85,2,74,2,3,48,37,3,144,5,312,5,16,359,161,237,312,359
22WESTHANOVER7,86,0,56,1,2,85,56,4,175,1,273,7,24,453,142,323,273,453
22WICONISCO1,20,0,21,1,0,11,10,2,65,1,54,1,3,183,41,89,54,183
22WICONISCO2,13,2,13,0,0,24,5,0,64,1,28,0,2,186,28,93,28,186
22WILLIAMS1,28,2,32,0,2,42,22,1,174,3,83,1,5,380,62,241,83,380
22WILLIAMSTOWN1,22,1,19,1,0,22,9,3,89,2,69,2,12,208,42,124,69,208
22WILLIAMSTOWN2,12,1,15,1,1,13,5,0,61,2,51,3,3,155,28,81,51,155
23ALDANEASTERN,236,1,166,2,1,56,65,5,169,4,792,17,25,421,403,298,792,421
23ALDANWESTERN,180,4,130,1,2,60,67,5,140,3,617,17,33,385,314,275,617,385
23ASTON1,131,2,82,2,5,57,78,5,231,3,469,10,25,570,215,378,469,570
23ASTON2,182,4,123,2,6,94,126,3,340,3,800,7,36,953,309,571,800,953
23ASTON3,107,0,100,4,4,55,116,11,305,6,554,11,30,743,207,495,554,743
23ASTON4,93,2,73,2,6,73,112,9,267,5,491,9,22,669,168,469,491,669
23ASTON5,85,0,103,3,5,52,92,5,248,3,459,7,30,646,188,405,459,646
23ASTON6,118,0,108,4,4,69,81,5,289,3,541,11,32,724,226,452,541,724
23ASTON7,70,3,78,2,5,77,83,5,287,3,417,13,25,699,151,459,417,699
23BETHEL1,99,1,60,4,1,35,92,3,186,5,462,12,19,482,160,321,462,482
23BETHEL2,103,0,79,3,1,41,97,3,195,4,443,11,30,482,182,340,443,482
23BETHEL3,76,1,57,3,4,47,103,5,183,5,389,7,33,505,134,345,389,505
23BETHEL4,164,1,71,2,2,72,125,2,213,5,512,4,20,525,236,416,512,525
23BETHEL5,113,0,56,3,2,64,110,4,187,5,454,1,20,510,169,370,454,510
23BETHEL6,50,1,47,1,2,37,46,1,131,5,267,4,17,314,98,218,267,314
23BROOKHAVEN1,139,1,91,1,4,64,86,2,226,6,518,13,30,550,231,383,518,550
23BROOKHAVEN2,60,2,70,4,1,40,45,1,143,2,285,7,12,350,132,234,285,350
23BROOKHAVEN3,79,0,64,4,3,47,60,1,162,4,352,7,21,389,143,277,352,389
23BROOKHAVEN4,68,0,51,5,2,45,66,5,217,4,286,7,15,450,119,340,286,450
23BROOKHAVEN5,50,0,58,2,3,27,44,1,108,2,261,4,15,263,108,185,261,263
23BROOKHAVEN6,97,3,84,2,2,32,53,3,113,5,381,7,17,302,184,205,381,302
23CHADDSFORDNORTHEAST,116,0,90,4,0,61,106,3,210,1,548,3,19,540,206,384,548,540
23CHADDSFORDSOUTHEAST,137,2,86,2,5,73,135,4,180,4,620,6,38,524,225,399,620,524
23CHESTER1,130,1,26,3,5,16,10,3,2,1,493,1,3,14,157,39,493,14
23CHESTER101,105,2,34,0,1,6,4,1,1,0,364,1,1,7,141,13,364,7
23CHESTER102,92,0,22,0,1,6,1,0,1,0,350,1,0,3,114,9,350,3
23CHESTER103,37,0,12,0,0,5,4,0,0,0,136,1,0,2,49,9,136,2
23CHESTER11,144,0,74,3,1,14,6,7,22,0,661,10,6,63,218,53,661,63
23CHESTER111,69,0,28,2,3,7,4,1,9,1,310,0,2,16,97,26,310,16
23CHESTER112,151,1,48,1,3,13,5,7,7,1,567,6,2,19,200,36,567,19
23CHESTER113,59,0,21,0,1,7,4,2,3,0,262,3,0,23,80,17,262,23
23CHESTER114,113,0,30,1,12,7,3,5,6,2,546,8,3,45,143,34,546,45
23CHESTER115,76,1,27,0,3,4,2,1,7,0,416,2,3,20,104,17,416,20
23CHESTER116,63,1,24,0,2,3,1,2,2,1,263,2,1,9,88,10,263,9
23CHESTER12,104,0,66,2,3,23,6,6,39,1,417,3,1,87,170,79,417,87
23CHESTER13,59,0,34,0,0,13,9,4,15,1,278,3,7,43,93,41,278,43
23CHESTER14,146,3,59,3,3,19,13,3,12,3,697,4,0,50,208,53,697,50
23CHESTER15,80,1,46,1,2,15,3,0,5,0,427,2,1,21,127,26,427,21
23CHESTER16,91,0,51,1,0,13,15,2,14,0,433,4,2,37,142,45,433,37
23CHESTER17,87,1,53,1,0,16,11,4,28,0,313,6,4,68,141,60,313,68
23CHESTER18,88,1,47,0,3,11,12,2,18,0,431,3,7,34,136,46,431,34
23CHESTER2,32,2,5,3,4,8,9,3,30,0,162,1,0,52,39,57,162,52
23CHESTER21,61,0,20,4,1,11,0,0,2,0,279,0,1,12,81,18,279,12
23CHESTER22,38,1,38,2,1,6,9,2,27,1,429,10,13,161,77,47,429,161
23CHESTER23,42,0,16,0,0,4,0,2,4,0,234,2,1,10,58,10,234,10
23CHESTER24,43,0,23,0,0,3,1,0,7,1,224,2,4,16,66,11,224,16
23CHESTER3,109,0,58,3,6,17,2,2,12,1,469,8,7,54,167,42,469,54
23CHESTER4,236,3,75,1,2,15,11,2,15,2,857,11,5,56,314,46,857,56
23CHESTER5,113,0,73,0,2,11,5,1,9,0,405,0,3,29,186,28,405,29
23CHESTER51,55,1,18,1,1,6,2,1,2,0,190,4,1,14,74,13,190,14
23CHESTER52,38,0,9,1,1,4,3,1,2,0,171,0,0,9,47,12,171,9
23CHESTER61,55,0,9,0,2,4,0,1,0,0,168,0,0,0,64,7,168,0
23CHESTER62,59,1,14,0,0,3,0,1,3,0,255,0,2,3,74,7,255,3
23CHESTER71,87,0,21,0,1,9,1,1,2,1,313,3,1,8,108,14,313,8
23CHESTER72,87,1,23,0,2,6,2,4,0,2,380,1,3,8,111,14,380,8
23CHESTER73,96,0,30,1,2,8,6,4,1,0,390,0,0,12,126,22,390,12
23CHESTER74,106,0,36,1,2,10,5,4,3,0,374,1,0,3,142,25,374,3
23CHESTER81,85,1,31,2,6,8,3,5,4,0,442,2,0,14,117,28,442,14
23CHESTER82,107,0,37,1,3,15,5,1,1,1,471,2,1,11,144,26,471,11
23CHESTER91,117,0,38,0,1,7,4,0,1,0,425,4,2,6,155,13,425,6
23CHESTER92,60,0,7,1,2,6,3,2,0,0,212,1,0,0,67,14,212,0
23CHESTER93,92,0,22,1,1,5,1,1,1,1,408,2,1,5,114,10,408,5
23CHESTERHEIGHTS,181,1,134,3,3,70,137,3,246,10,774,7,33,736,316,462,774,736
23CLIFTONHEIGHTS1,44,1,51,0,2,13,15,2,82,2,225,3,5,190,96,114,225,190
23CLIFTONHEIGHTS2,94,0,93,1,0,26,33,2,148,4,456,7,14,314,187,210,456,314
23CLIFTONHEIGHTS31,33,0,18,0,1,17,9,0,64,3,161,3,5,152,51,91,161,152
23CLIFTONHEIGHTS32,55,0,31,3,0,16,17,3,73,0,233,4,6,172,86,112,233,172
23CLIFTONHEIGHTS4,87,2,95,1,3,34,44,0,211,2,438,15,16,549,184,293,438,549
23COLLINGDALE1,104,2,58,0,1,17,7,1,46,1,411,5,2,107,164,72,411,107
23COLLINGDALE2,69,0,66,1,0,17,9,1,64,2,349,10,3,117,135,92,349,117
23COLLINGDALE3,97,0,78,0,2,22,9,5,60,4,444,5,15,144,175,98,444,144
23COLLINGDALE4,64,1,61,1,2,24,14,1,78,3,309,8,7,167,126,120,309,167
23COLLINGDALE5,66,1,43,2,3,30,22,0,40,4,293,4,7,120,110,97,293,120
23COLLINGDALE6,86,1,67,3,8,48,39,1,115,3,456,12,9,238,154,214,456,238
23COLLINGDALE7,71,0,29,5,0,20,19,5,78,1,217,4,9,176,100,127,217,176
23COLWYN1,130,0,72,1,2,7,7,1,20,0,457,2,5,47,202,38,457,47
23COLWYN2,142,0,64,0,0,11,6,1,18,3,451,2,4,48,206,36,451,48
23CONCORD1,117,0,75,5,2,54,79,2,143,4,461,6,34,429,192,285,461,429
23CONCORD10,55,2,40,1,0,35,65,3,146,0,268,6,16,342,97,250,268,342
23CONCORD11,82,0,80,1,3,68,136,7,181,2,480,7,35,583,162,396,480,583
23CONCORD2,123,2,60,1,2,49,111,2,204,3,559,4,32,556,185,369,559,556
23CONCORD3,76,0,25,2,0,62,123,3,226,4,262,1,9,412,101,416,262,412
23CONCORD4,77,0,25,2,3,45,121,4,112,2,249,3,6,290,102,287,249,290
23CONCORD5,132,2,29,4,5,40,126,5,93,3,305,1,10,275,163,273,305,275
23CONCORD6,101,0,80,5,4,84,130,4,280,6,527,0,43,693,181,507,527,693
23CONCORD7,111,1,70,2,3,43,111,3,194,4,457,12,17,435,182,356,457,435
23CONCORD8,97,2,51,2,2,42,89,1,184,5,381,5,21,462,150,320,381,462
23CONCORD9,132,0,51,1,0,82,134,2,244,3,432,3,24,609,183,463,432,609
23DARBY1,389,1,117,1,3,3,2,1,5,0,965,5,0,14,507,15,965,14
23DARBY11,159,2,55,3,1,18,10,3,25,1,430,3,3,100,216,60,430,100
23DARBY12,238,0,107,1,1,6,3,0,19,1,751,4,4,59,345,30,751,59
23DARBY2,275,0,92,1,0,9,6,1,1,1,747,4,0,9,367,18,747,9
23DARBY21,210,2,81,0,0,7,4,0,15,1,754,4,3,47,293,26,754,47
23DARBY22,188,0,86,0,0,6,1,0,2,2,613,3,4,16,274,9,613,16
23DARBY31,205,1,131,1,1,15,21,3,63,1,811,13,10,143,337,104,811,143
23DARBY32,172,1,80,3,5,35,49,1,158,1,743,7,14,381,253,251,743,381
23DARBY4,91,2,61,3,1,61,71,5,260,2,396,12,22,597,154,401,396,597
23DARBY51,58,2,63,5,2,44,40,2,158,6,338,9,11,378,123,251,338,378
23DARBY52,22,0,26,1,0,19,12,0,54,1,147,6,6,145,48,86,147,145
23EASTLANSDOWNEEASTERN,138,4,105,0,0,10,2,0,15,2,455,6,8,74,247,27,455,74
23EASTLANSDOWNEWESTERN,197,0,129,0,1,18,5,3,26,4,574,8,10,117,326,53,574,117
23EDDYSTONENORTHERN,36,0,47,4,5,38,23,2,136,0,278,3,8,242,83,208,278,242
23EDDYSTONESOUTHERN,23,0,34,2,3,38,31,5,101,4,216,4,12,227,57,180,216,227
23EDGMONT1,186,3,96,3,1,66,170,2,282,4,692,8,30,775,285,524,692,775
23EDGMONT2,192,0,59,5,3,64,179,6,239,3,522,5,17,576,251,496,522,576
23FOLCROFT1,78,2,65,0,1,13,18,0,56,1,294,9,4,116,145,88,294,116
23FOLCROFT2,111,0,76,5,1,35,35,1,113,2,414,15,11,246,187,190,414,246
23FOLCROFT3,86,2,58,0,2,22,18,1,79,1,363,0,5,195,146,122,363,195
23FOLCROFT4,123,2,72,4,1,20,16,2,75,4,420,7,12,199,197,118,420,199
23FOLCROFT5,90,3,67,1,1,37,21,1,98,0,391,7,9,223,160,159,391,223
23GLENOLDEN1,51,0,40,4,2,26,23,5,93,3,258,3,13,284,91,153,258,284
23GLENOLDEN2,28,1,33,1,2,23,21,4,61,3,168,4,8,153,62,112,168,153
23GLENOLDEN3,53,0,72,1,3,26,38,5,111,4,339,7,14,284,125,184,339,284
23GLENOLDEN4,127,3,113,6,2,43,59,5,206,1,554,8,17,461,243,321,554,461
23GLENOLDEN5,25,0,32,0,3,14,26,1,50,0,135,2,3,163,57,94,135,163
23GLENOLDEN6,73,0,51,3,0,33,29,7,98,2,303,6,9,240,124,170,303,240
23HAVERFORD11,106,0,75,3,4,52,107,8,148,1,432,5,21,370,181,322,432,370
23HAVERFORD12,75,0,70,3,0,39,68,3,98,3,352,6,21,270,145,211,352,270
23HAVERFORD13,107,3,86,0,1,51,66,6,119,7,490,8,16,402,196,243,490,402
23HAVERFORD14,154,1,115,1,2,54,83,4,162,4,565,7,25,390,270,306,565,390
23HAVERFORD21,113,1,63,1,0,29,75,3,76,5,373,4,19,227,177,184,373,227
23HAVERFORD22,88,0,114,1,2,35,79,5,101,3,453,7,20,286,202,223,453,286
23HAVERFORD23,158,0,151,4,2,58,110,4,146,3,591,12,34,421,309,324,591,421
23HAVERFORD24,77,2,101,5,3,53,67,5,128,1,408,7,15,334,180,261,408,334
23HAVERFORD31,146,2,150,3,2,44,102,5,116,2,554,8,30,313,298,272,554,313
23HAVERFORD32,106,1,103,4,2,36,65,7,106,4,370,6,26,256,210,220,370,256
23HAVERFORD33,157,0,99,2,1,43,119,2,88,2,498,8,20,281,256,255,498,281
23HAVERFORD34,175,3,74,4,5,43,88,3,85,0,530,8,21,276,252,228,530,276
23HAVERFORD41,349,0,72,1,0,25,138,1,107,0,783,1,21,307,421,272,783,307
23HAVERFORD42,169,1,116,1,0,37,91,1,123,6,565,11,16,318,286,253,565,318
23HAVERFORD43,142,0,109,3,0,47,80,4,110,5,493,7,16,326,251,244,493,326
23HAVERFORD44,181,2,100,1,1,45,140,6,109,3,586,10,25,383,283,302,586,383
23HAVERFORD51,167,0,124,4,5,21,71,1,45,3,612,5,24,168,291,147,612,168
23HAVERFORD52,152,0,68,4,0,29,146,1,51,0,464,10,21,197,220,231,464,197
23HAVERFORD53,122,1,165,0,1,7,37,0,15,2,766,2,17,84,288,60,766,84
23HAVERFORD54,146,0,42,6,1,47,116,0,110,0,415,4,19,338,188,280,415,338
23HAVERFORD61,244,0,207,3,0,24,74,1,63,0,770,6,19,168,451,165,770,168
23HAVERFORD62,136,3,90,1,0,16,49,1,44,2,415,6,19,154,229,111,415,154
23HAVERFORD63,232,1,133,2,1,23,91,2,67,1,614,9,27,224,366,186,614,224
23HAVERFORD64,225,1,167,3,1,31,78,4,82,3,684,7,32,243,393,199,684,243
23HAVERFORD71,112,1,109,4,4,34,85,2,82,1,424,6,19,235,222,211,424,235
23HAVERFORD72,123,1,87,2,2,43,152,2,116,1,465,9,15,294,211,317,465,294
23HAVERFORD73,217,1,125,3,2,61,121,2,138,8,670,12,29,389,343,327,670,389
23HAVERFORD74,150,0,109,1,1,38,95,1,90,2,497,5,17,260,259,226,497,260
23HAVERFORD81,203,1,192,4,3,41,89,3,124,3,721,15,26,315,396,264,721,315
23HAVERFORD82,234,2,152,3,3,51,97,4,86,1,727,10,22,284,388,244,727,284
23HAVERFORD83,195,1,139,3,2,43,97,1,105,3,632,10,25,308,335,251,632,308
23HAVERFORD84,105,0,95,1,1,13,40,1,38,0,329,1,8,111,200,94,329,111
23HAVERFORD91,110,1,84,5,2,39,127,2,154,2,490,5,23,389,195,329,490,389
23HAVERFORD92,141,1,92,5,2,39,86,3,127,2,532,4,23,319,234,262,532,319
23HAVERFORD93,90,1,54,4,4,30,107,4,106,1,321,2,19,318,145,255,321,318
23HAVERFORD94,108,1,56,0,1,60,84,4,145,4,392,5,25,401,165,294,392,401
23LANSDOWNE1,150,0,92,3,1,3,8,1,11,0,447,8,6,49,242,27,447,49
23LANSDOWNE10,115,1,72,0,0,7,15,2,22,1,330,6,1,61,188,46,330,61
23LANSDOWNE11,152,2,125,0,1,11,14,1,49,5,476,8,15,118,279,76,476,118
23LANSDOWNE2,206,2,142,0,2,10,23,3,43,3,583,15,5,103,350,81,583,103
23LANSDOWNE3,107,0,93,1,2,14,13,2,23,1,361,10,3,64,200,55,361,64
23LANSDOWNE4,193,3,134,2,4,20,38,2,41,4,564,7,14,144,330,107,564,144
23LANSDOWNE5,225,0,140,2,0,23,18,2,64,3,585,4,6,177,365,109,585,177
23LANSDOWNE6,176,1,148,0,0,24,17,2,32,7,506,12,12,118,325,75,506,118
23LANSDOWNE7,87,0,68,1,0,11,15,0,17,1,251,1,5,59,155,44,251,59
23LANSDOWNE8,68,1,63,0,0,6,2,1,9,1,271,1,4,33,132,18,271,33
23LANSDOWNE9,178,0,114,1,2,15,16,1,28,2,530,3,8,84,292,63,530,84
23LOWERCHICHESTER1,48,0,57,1,4,50,23,4,189,3,320,7,17,376,105,271,320,376
23LOWERCHICHESTER2,27,2,53,3,5,27,19,4,105,2,287,6,19,272,82,163,287,272
23MARCUSHOOK1,8,0,6,1,0,7,8,2,36,0,63,2,3,56,14,54,63,56
23MARCUSHOOK2,10,1,2,0,0,4,8,0,42,0,54,0,1,74,13,54,54,74
23MARCUSHOOK3,32,0,23,2,2,23,8,1,95,2,164,4,6,161,55,131,164,161
23MARCUSHOOK4,22,0,21,0,1,18,15,2,69,0,192,6,7,145,43,105,192,145
23MARPLE11,87,0,62,1,1,43,96,1,138,1,295,3,18,376,149,280,295,376
23MARPLE12,69,1,53,1,1,33,64,2,118,0,284,6,10,327,123,219,284,327
23MARPLE13,92,0,51,1,2,45,76,0,120,4,336,5,10,305,143,244,336,305
23MARPLE21,56,3,73,1,1,46,62,1,119,1,284,8,20,328,132,230,284,328
23MARPLE22,71,1,46,5,1,20,29,5,88,1,287,4,20,233,118,148,287,233
23MARPLE23,54,1,49,5,0,40,72,2,131,4,288,4,13,359,104,250,288,359
23MARPLE31,83,3,52,2,1,37,55,4,101,1,290,3,12,305,138,200,290,305
23MARPLE32,77,0,45,1,1,24,68,5,109,2,297,3,13,309,122,208,297,309
23MARPLE33,75,0,64,1,2,43,57,2,170,2,303,8,14,382,139,275,303,382
23MARPLE41,62,0,47,2,1,31,77,3,153,0,301,3,13,360,109,267,301,360
23MARPLE42,62,0,31,3,0,17,21,2,69,2,207,2,11,216,93,112,207,216
23MARPLE43,53,1,59,1,2,31,52,2,144,1,224,5,9,355,113,232,224,355
23MARPLE51,75,1,56,0,0,48,90,1,166,1,347,6,23,386,132,305,347,386
23MARPLE52,81,0,45,5,0,42,117,1,171,0,330,8,27,412,126,336,330,412
23MARPLE53,48,0,57,6,1,42,58,5,114,4,282,5,14,295,105,226,282,295
23MARPLE61,78,1,73,1,0,39,62,1,129,4,329,5,8,326,152,232,329,326
23MARPLE62,62,0,43,3,1,35,70,4,159,2,266,3,6,395,105,272,266,395
23MARPLE63,78,1,50,0,2,32,51,1,174,4,303,1,10,383,129,260,303,383
23MARPLE71,115,1,54,2,0,35,91,5,116,2,394,2,16,282,170,249,394,282
23MARPLE72,75,0,61,1,0,49,70,0,144,2,328,7,9,360,136,264,328,360
23MARPLE73,93,0,44,0,2,33,98,1,160,1,328,5,15,331,137,294,328,331
23MEDIAEASTERN,188,1,151,3,3,34,97,1,79,6,659,10,34,270,340,217,659,270
23MEDIANORTHERN,126,0,117,0,4,17,41,2,55,3,441,9,17,160,243,119,441,160
23MEDIASOUTHERN,154,2,174,0,1,26,54,2,53,2,636,12,21,171,330,136,636,171
23MEDIAWESTERN,145,0,161,5,8,31,56,4,70,4,625,16,35,232,306,174,625,232
23MIDDLETOWN11,113,1,80,1,4,47,88,2,143,3,436,5,23,315,194,285,436,315
23MIDDLETOWN12,83,1,102,3,4,39,91,0,128,3,411,8,24,351,186,265,411,351
23MIDDLETOWN13,79,1,101,2,3,41,70,2,161,3,349,9,26,372,181,279,349,372
23MIDDLETOWN21,96,2,101,3,1,41,87,2,123,2,445,3,19,331,199,257,445,331
23MIDDLETOWN22,91,0,52,3,1,27,109,0,121,1,375,1,16,279,143,261,375,279
23MIDDLETOWN23,85,0,63,2,3,26,58,1,122,4,391,13,5,326,148,212,391,326
23MIDDLETOWN31,130,0,44,12,3,50,101,9,144,4,385,6,18,331,174,319,385,331
23MIDDLETOWN32,110,3,111,4,3,46,84,2,187,7,477,6,27,420,224,326,477,420
23MIDDLETOWN33,105,1,47,6,3,63,109,3,106,1,340,5,11,326,153,290,340,326
23MIDDLETOWN41,84,1,33,7,5,51,112,12,104,1,296,3,12,294,118,291,296,294
23MIDDLETOWN42,76,2,63,2,0,53,104,2,195,2,324,7,23,464,141,356,324,464
23MIDDLETOWN43,138,1,71,14,1,51,66,8,142,4,462,2,17,328,210,282,462,328
23MILLBOURNE,100,0,43,0,0,6,2,0,14,0,292,1,0,46,143,22,292,46
23MORTON,235,3,177,2,5,65,64,4,183,7,969,14,24,471,415,323,969,471
23NETHERPROVIDENCE11,90,1,34,1,0,20,70,0,48,2,258,5,10,139,125,139,258,139
23NETHERPROVIDENCE12,161,2,94,3,7,41,72,4,127,2,496,6,26,304,257,254,496,304
23NETHERPROVIDENCE21,192,0,99,2,0,24,112,3,103,2,599,10,25,242,291,244,599,242
23NETHERPROVIDENCE22,58,0,24,2,3,9,37,1,37,2,166,0,8,98,82,89,166,98
23NETHERPROVIDENCE3,388,2,200,2,0,25,116,2,88,4,1125,7,32,242,590,233,1125,242
23NETHERPROVIDENCE41,185,0,97,3,1,27,88,5,73,0,562,7,23,240,282,197,562,240
23NETHERPROVIDENCE42,127,1,83,2,1,26,60,2,75,3,415,8,14,159,211,166,415,159
23NETHERPROVIDENCE51,39,0,56,1,1,10,16,0,55,0,207,7,9,159,95,83,207,159
23NETHERPROVIDENCE52,71,0,84,0,1,27,34,1,85,1,329,5,21,195,155,148,329,195
23NETHERPROVIDENCE61,22,0,20,0,0,2,17,0,21,0,74,3,1,46,42,40,74,46
23NETHERPROVIDENCE62,181,0,113,2,1,50,84,1,160,4,599,14,13,454,294,298,599,454
23NETHERPROVIDENCE71,141,0,76,0,2,38,104,1,109,4,482,8,20,270,217,254,482,270
23NETHERPROVIDENCE72,62,0,56,0,1,23,51,4,48,1,204,1,9,153,118,127,204,153
23NEWTOWN1,192,5,87,1,5,102,209,2,297,7,679,9,39,782,284,616,679,782
23NEWTOWN2,196,2,86,10,4,80,170,6,243,3,743,8,41,655,284,513,743,655
23NEWTOWN3,76,2,69,0,2,33,76,1,111,2,333,6,24,286,147,223,333,286
23NEWTOWN4,49,2,52,2,1,33,63,2,136,1,227,7,12,275,103,237,227,275
23NEWTOWN5,133,0,50,5,2,79,208,2,253,3,644,9,35,771,183,549,644,771
23NEWTOWN6,77,0,56,1,4,67,114,3,189,4,355,5,18,446,133,378,355,446
23NEWTOWN7,79,0,85,2,4,69,94,4,140,5,426,5,21,399,164,313,426,399
23NEWTOWN8,131,2,72,2,1,72,154,6,185,4,528,9,23,536,205,420,528,536
23NORWOOD1,44,0,53,3,4,17,13,3,60,1,164,8,11,151,97,100,164,151
23NORWOOD2,29,2,38,2,3,11,24,1,76,8,127,9,10,179,69,117,127,179
23NORWOOD3,28,1,35,0,1,10,8,1,38,1,141,6,6,110,64,58,141,110
23NORWOOD4,39,2,26,1,1,17,11,2,48,3,132,4,5,133,67,80,132,133
23NORWOOD5,34,0,40,0,3,16,21,3,67,0,179,5,4,170,74,110,179,170
23NORWOOD6,64,0,56,1,2,16,23,4,107,3,213,6,9,286,120,153,213,286
23NORWOOD7,53,0,45,3,1,16,34,6,84,1,190,4,14,278,98,144,190,278
23NORWOOD8,32,0,35,1,1,16,22,3,88,1,172,3,7,234,67,131,172,234
23PARKSIDE,134,2,130,7,10,70,35,7,174,8,590,15,36,464,266,303,590,464
23PROSPECTPARK1,72,2,81,2,1,32,44,5,151,4,364,4,17,386,155,235,364,386
23PROSPECTPARK2,83,1,80,2,2,39,56,6,148,1,360,6,20,335,164,253,360,335
23PROSPECTPARK3,44,1,75,1,0,40,33,3,108,7,257,3,16,265,120,185,257,265
23PROSPECTPARK4,33,1,40,2,4,18,25,2,69,2,194,3,4,162,74,120,194,162
23PROSPECTPARK5,77,2,100,5,0,63,51,4,132,7,343,13,16,372,179,255,343,372
23RADNOR11,251,2,132,5,1,49,170,7,130,1,853,11,46,383,385,362,853,383
23RADNOR12,146,0,89,1,0,31,76,1,56,2,496,5,25,199,235,165,496,199
23RADNOR21,142,1,61,4,1,22,127,4,87,1,468,2,19,299,204,245,468,299
23RADNOR22,94,0,44,1,1,27,121,0,78,3,469,6,28,253,138,228,469,253
23RADNOR23,10,1,23,0,0,5,21,0,9,1,127,2,19,73,34,35,127,73
23RADNOR31,158,0,58,0,1,14,76,0,63,2,423,5,21,230,216,154,423,230
23RADNOR32,233,2,126,3,1,54,195,1,116,2,964,8,39,474,361,370,964,474
23RADNOR41,173,1,79,7,3,55,203,2,183,1,626,9,21,502,253,453,626,502
23RADNOR42,273,2,93,6,2,54,197,1,109,1,967,8,41,458,368,369,967,458
23RADNOR51,135,0,74,2,0,24,72,0,29,4,575,7,29,167,209,127,575,167
23RADNOR52,387,1,141,2,2,40,167,4,170,4,1173,9,41,445,529,385,1173,445
23RADNOR61,247,0,177,3,1,62,172,4,142,1,835,14,41,467,424,384,835,467
23RADNOR62,230,3,96,9,1,44,211,1,154,3,831,7,41,463,329,420,831,463
23RADNOR71,196,3,121,0,0,24,83,1,80,0,790,14,23,339,320,188,790,339
23RADNOR72,193,0,138,1,0,51,136,2,105,4,707,6,19,309,331,295,707,309
23RIDLEY11,60,0,67,2,2,21,30,2,72,3,303,8,7,172,127,129,303,172
23RIDLEY12,34,2,36,1,7,40,50,3,126,2,209,5,11,301,72,227,209,301
23RIDLEY13,14,0,16,1,1,12,5,3,35,1,99,1,2,77,30,57,99,77
23RIDLEY21,37,3,34,1,1,30,39,4,122,1,195,3,14,253,74,197,195,253
23RIDLEY22,53,0,11,0,1,10,4,1,11,0,162,3,0,55,64,27,162,55
23RIDLEY23,82,0,53,7,2,53,73,7,170,3,338,2,21,412,135,312,338,412
23RIDLEY31,94,1,60,4,3,49,87,6,239,3,392,12,25,529,155,388,392,529
23RIDLEY32,83,1,80,2,3,59,91,6,218,6,523,4,26,541,164,379,523,541
23RIDLEY41,108,1,78,2,3,55,82,1,197,3,447,8,14,501,187,340,447,501
23RIDLEY42,144,1,109,3,2,62,96,3,235,5,570,9,24,539,254,401,570,539
23RIDLEY51,87,0,57,7,3,77,118,5,332,5,435,10,26,699,144,542,435,699
23RIDLEY52,91,0,75,3,6,50,56,5,184,4,393,10,18,446,166,304,393,446
23RIDLEY61,110,1,101,6,7,63,95,10,291,6,530,16,28,657,212,472,530,657
23RIDLEY62,43,2,27,2,0,31,31,0,90,1,204,8,14,249,72,154,204,249
23RIDLEY71,139,1,118,10,3,106,129,14,347,7,689,14,19,796,258,609,689,796
23RIDLEY72,39,1,25,1,4,16,23,2,60,1,183,2,8,151,65,106,183,151
23RIDLEY81,87,0,88,2,7,72,88,4,266,5,438,6,28,586,175,439,438,586
23RIDLEY82,52,3,99,5,3,41,43,4,161,3,332,11,12,487,154,257,332,487
23RIDLEY91,115,1,88,1,5,59,90,6,210,1,498,7,22,515,204,371,498,515
23RIDLEY92,64,0,63,4,3,35,95,6,228,3,363,13,23,511,127,371,363,511
23RIDLEYPARK1,112,2,95,1,1,60,68,6,169,5,481,7,24,443,209,305,481,443
23RIDLEYPARK2,82,2,84,4,2,40,51,2,179,0,401,8,32,438,168,278,401,438
23RIDLEYPARK3,124,5,130,5,4,60,116,6,230,6,531,13,32,559,259,421,531,559
23RIDLEYPARK4,118,0,100,6,3,52,100,4,209,2,486,14,29,553,218,374,486,553
23ROSEVALLEY,140,0,124,0,1,26,136,1,76,2,487,9,24,224,264,240,487,224
23RUTLEDGE,92,0,92,5,3,31,53,9,80,2,302,12,16,206,184,181,302,206
23SHARONHILL1,165,0,83,0,1,22,6,1,35,1,561,3,1,79,248,65,561,79
23SHARONHILL2,134,0,92,2,2,9,11,2,35,3,509,6,8,81,226,61,509,81
23SHARONHILL3,173,0,111,3,2,9,13,0,54,1,599,5,7,109,284,81,599,109
23SHARONHILL4,141,1,110,0,0,12,14,2,51,2,561,7,5,109,252,79,561,109
23SPRINGFIELD11,57,1,75,4,3,29,99,6,147,4,345,9,11,317,133,288,345,317
23SPRINGFIELD12,79,1,46,4,2,36,99,3,110,1,307,4,15,314,126,254,307,314
23SPRINGFIELD13,81,0,77,2,2,35,100,8,144,1,395,10,10,335,158,291,395,335
23SPRINGFIELD21,77,0,48,4,1,57,78,1,183,3,352,2,10,378,125,324,352,378
23SPRINGFIELD22,63,0,59,2,2,57,68,2,153,2,330,8,18,353,122,284,330,353
23SPRINGFIELD23,91,0,51,3,2,46,86,3,139,4,318,1,16,373,142,279,318,373
23SPRINGFIELD302(161),12,0,8,1,0,4,3,1,8,0,52,1,1,18,20,17,52,18
23SPRINGFIELD302(165),69,0,68,2,2,33,40,4,127,3,298,6,9,229,137,208,298,229
23SPRINGFIELD31,71,2,75,2,1,50,95,2,131,2,360,6,16,358,148,281,360,358
23SPRINGFIELD33,87,1,58,2,5,39,73,3,130,3,372,6,9,336,146,252,372,336
23SPRINGFIELD41,79,2,85,4,1,32,89,5,135,2,335,13,17,280,166,266,335,280
23SPRINGFIELD42,82,2,92,7,2,49,104,0,164,2,432,4,25,379,176,326,432,379
23SPRINGFIELD43,70,1,80,4,1,51,93,1,124,5,368,4,13,294,151,274,368,294
23SPRINGFIELD51,55,1,46,5,2,34,81,1,153,2,297,3,14,350,102,276,297,350
23SPRINGFIELD52,95,1,68,3,1,50,105,5,175,3,378,10,18,434,164,339,378,434
23SPRINGFIELD53,53,0,46,2,2,48,75,1,134,2,268,5,14,333,99,262,268,333
23SPRINGFIELD61,39,1,40,2,0,37,69,7,146,5,247,4,7,321,80,261,247,321
23SPRINGFIELD62,41,1,28,1,1,27,57,5,120,0,229,1,8,257,70,211,229,257
23SPRINGFIELD63,69,0,40,2,2,26,91,3,119,5,257,4,10,292,109,243,257,292
23SPRINGFIELD64,80,1,39,4,2,40,55,2,116,2,280,6,19,233,120,219,280,233
23SPRINGFIELD71,59,1,29,3,1,34,75,9,159,8,265,2,15,307,89,281,265,307
23SPRINGFIELD72,105,3,59,1,0,80,178,5,235,5,466,10,20,524,167,499,466,524
23SPRINGFIELD73,75,2,70,1,1,48,96,3,175,3,384,4,13,420,147,324,384,420
23SWARTHMOREEASTERN,325,0,229,3,1,27,44,0,43,2,843,9,11,130,554,118,843,130
23SWARTHMORENORTHERN,413,0,360,0,0,17,79,0,37,1,1483,8,20,112,773,133,1483,112
23SWARTHMOREWESTERN,456,2,254,1,1,41,78,0,74,1,1125,10,21,204,712,195,1125,204
23THORNBURY1,100,0,56,4,2,70,119,4,185,4,427,6,24,552,156,384,427,552
23THORNBURY2,94,1,38,2,2,65,115,3,204,1,262,7,22,507,133,391,262,507
23THORNBURY3,113,1,69,2,4,39,88,2,181,0,466,4,25,493,183,316,466,493
23THORNBURY4,83,0,73,1,2,28,77,2,137,0,450,11,21,332,156,247,450,332
23THORNBURY5,76,2,61,3,1,32,48,1,114,0,279,3,13,288,139,199,279,288
23TINICUM1,42,2,34,5,1,31,29,3,151,0,175,2,10,319,78,220,175,319
23TINICUM2,17,0,32,2,1,17,15,5,116,3,127,7,8,199,49,156,127,199
23TINICUM3,17,0,24,0,1,24,17,4,100,1,103,0,6,199,41,146,103,199
23TINICUM4,17,3,41,2,0,21,20,2,135,1,129,4,3,263,61,180,129,263
23TINICUM5,29,0,39,1,3,30,42,3,121,4,179,7,6,260,68,200,179,260
23TRAINERLENNOXPARK,26,1,22,0,3,22,9,0,75,3,166,7,4,146,49,109,166,146
23TRAINERLOWER,33,0,28,0,1,7,9,0,58,0,116,6,4,168,61,75,116,168
23TRAINERUPPER,18,1,4,0,0,2,2,0,6,1,89,0,2,16,23,10,89,16
23UPLAND1,37,0,27,5,5,29,19,3,72,1,236,3,6,160,64,133,236,160
23UPLAND2,31,0,18,0,0,24,9,3,53,1,183,3,8,121,49,89,183,121
23UPLAND3,76,1,45,3,4,16,17,2,68,1,332,8,8,155,122,110,332,155
23UPPERCHICHESTER11,39,0,45,3,0,36,27,2,110,1,243,3,16,287,84,178,243,287
23UPPERCHICHESTER12,71,3,44,5,6,50,43,4,178,1,332,6,20,408,118,286,332,408
23UPPERCHICHESTER21,38,0,38,3,3,38,33,2,141,2,235,4,12,327,76,220,235,327
23UPPERCHICHESTER22,94,0,64,3,6,36,28,10,99,2,500,7,11,235,158,182,500,235
23UPPERCHICHESTER31,65,0,43,3,2,38,58,7,141,5,302,10,14,367,108,249,302,367
23UPPERCHICHESTER32,149,0,78,1,3,43,49,3,168,3,488,9,20,448,227,267,488,448
23UPPERCHICHESTER41,221,2,141,3,2,65,139,3,376,4,854,10,41,892,364,588,854,892
23UPPERCHICHESTER42,77,2,54,2,4,57,85,1,263,2,358,5,26,550,133,412,358,550
23UPPERCHICHESTER51,88,0,78,3,4,37,59,6,190,3,426,7,22,443,166,299,426,443
23UPPERCHICHESTER52,68,0,58,4,0,33,41,5,103,5,355,5,6,270,126,186,355,270
23UPPERDARBY11,87,0,54,1,1,57,90,5,145,5,341,10,23,362,141,299,341,362
23UPPERDARBY12,64,0,61,1,1,41,57,1,114,1,297,3,16,273,125,215,297,273
23UPPERDARBY13,119,0,90,2,1,33,68,1,124,5,472,12,20,332,209,229,472,332
23UPPERDARBY14,55,0,51,3,1,31,52,1,79,3,270,4,11,206,106,167,270,206
23UPPERDARBY15,98,1,84,1,2,43,54,3,145,8,409,10,19,332,183,248,409,332
23UPPERDARBY16,67,1,45,0,1,31,47,3,115,0,277,9,15,257,113,197,277,257
23UPPERDARBY17,62,0,86,0,1,20,32,0,68,3,363,6,14,174,148,121,363,174
23UPPERDARBY18,149,1,162,2,1,22,49,2,63,1,659,6,17,225,312,139,659,225
23UPPERDARBY19,66,0,74,1,1,25,51,2,71,0,324,4,13,193,140,151,324,193
23UPPERDARBY21,226,2,133,2,0,45,50,3,127,3,644,15,10,300,361,227,644,300
23UPPERDARBY22,139,1,115,1,3,35,43,2,100,3,588,11,21,274,255,184,588,274
23UPPERDARBY23,53,0,57,3,4,42,51,3,146,4,321,8,12,392,110,249,321,392
23UPPERDARBY24,49,1,47,2,1,37,47,7,147,2,256,8,7,361,97,241,256,361
23UPPERDARBY25,32,0,43,2,1,30,34,3,105,0,188,4,10,248,75,175,188,248
23UPPERDARBY26,108,3,78,3,1,37,47,4,156,5,461,6,14,411,189,248,461,411
23UPPERDARBY27,119,1,88,1,1,44,60,3,180,4,539,14,21,447,208,289,539,447
23UPPERDARBY31,60,0,63,2,2,36,79,3,108,3,293,3,16,220,123,230,293,220
23UPPERDARBY310,105,1,94,7,2,48,87,6,137,1,409,8,20,337,200,287,409,337
23UPPERDARBY311,27,0,29,0,1,21,20,0,52,5,123,5,4,106,56,94,123,106
23UPPERDARBY32,21,0,36,1,2,30,53,3,78,3,182,3,19,182,57,167,182,182
23UPPERDARBY33,152,2,75,5,3,70,89,4,132,2,473,5,20,329,229,303,473,329
23UPPERDARBY34,65,3,72,2,1,52,57,1,114,2,346,9,18,292,140,227,346,292
23UPPERDARBY35,73,0,96,4,2,37,46,1,70,5,349,8,16,216,169,160,349,216
23UPPERDARBY36,47,0,64,4,2,29,28,5,83,3,266,6,17,196,111,151,266,196
23UPPERDARBY37,69,2,59,2,1,38,37,5,88,3,298,9,11,237,130,171,298,237
23UPPERDARBY38,155,1,103,6,4,57,143,7,214,2,578,7,31,514,259,431,578,514
23UPPERDARBY39,109,3,73,5,4,41,95,7,112,6,393,4,24,300,185,264,393,300
23UPPERDARBY41,50,0,72,3,1,28,48,4,151,1,270,8,11,319,122,235,270,319
23UPPERDARBY410,81,1,89,2,2,37,24,3,75,5,330,2,12,181,171,143,330,181
23UPPERDARBY411,111,0,72,0,1,8,14,1,42,2,405,6,5,121,183,66,405,121
23UPPERDARBY42,127,1,94,2,2,29,33,3,72,2,514,12,5,147,222,141,514,147
23UPPERDARBY43,67,0,66,0,0,11,18,0,25,2,269,4,2,76,133,54,269,76
23UPPERDARBY44,36,1,39,2,0,14,10,1,49,3,205,4,3,131,76,76,205,131
23UPPERDARBY45,102,1,60,2,3,19,24,3,75,0,380,3,5,162,163,126,380,162
23UPPERDARBY46,40,1,33,1,0,10,9,1,26,2,151,1,1,76,74,47,151,76
23UPPERDARBY47,87,0,93,1,5,32,44,3,104,3,389,11,15,237,180,189,389,237
23UPPERDARBY48,48,0,57,2,2,19,23,0,44,2,222,4,10,152,105,90,222,152
23UPPERDARBY49,61,4,66,3,1,14,32,4,67,1,313,7,10,163,131,121,313,163
23UPPERDARBY51,145,0,94,2,2,18,23,2,65,0,487,4,5,151,239,112,487,151
23UPPERDARBY510,139,0,73,0,1,8,3,0,19,0,432,10,3,62,212,31,432,62
23UPPERDARBY52,173,0,74,1,0,6,2,1,20,2,596,9,2,65,247,30,596,65
23UPPERDARBY53,120,1,77,1,0,5,11,0,35,1,443,7,2,80,198,52,443,80
23UPPERDARBY54,89,0,65,2,0,24,12,3,57,1,263,3,15,143,154,98,263,143
23UPPERDARBY55,162,1,132,2,1,19,23,0,34,2,600,9,11,110,295,79,600,110
23UPPERDARBY56,86,2,97,2,4,44,34,3,169,1,469,12,15,339,185,256,469,339
23UPPERDARBY57,120,0,62,0,0,11,6,2,17,2,368,3,3,43,182,36,368,43
23UPPERDARBY58,109,0,78,2,3,28,34,2,77,4,343,5,8,196,187,146,343,196
23UPPERDARBY59,77,1,116,2,5,29,48,3,86,4,439,4,21,253,194,173,439,253
23UPPERDARBY61,52,1,49,0,0,10,1,2,29,0,247,3,0,51,102,42,247,51
23UPPERDARBY610,97,0,42,3,1,4,4,1,12,0,348,6,0,31,139,25,348,31
23UPPERDARBY611,101,0,37,0,0,3,1,0,11,0,345,2,5,35,138,15,345,35
23UPPERDARBY612,65,1,38,1,0,1,3,1,8,0,291,4,0,16,104,14,291,16
23UPPERDARBY62,82,1,54,2,0,11,14,1,19,3,380,6,4,80,137,47,380,80
23UPPERDARBY63,59,0,45,2,4,7,12,0,17,1,317,3,2,75,104,42,317,75
23UPPERDARBY64,64,1,34,1,0,7,13,2,18,3,333,2,1,89,99,41,333,89
23UPPERDARBY65,96,0,46,2,2,8,5,0,15,0,306,1,2,30,142,32,306,30
23UPPERDARBY66,83,1,51,0,0,5,6,1,16,0,321,3,1,35,135,28,321,35
23UPPERDARBY67,108,0,35,0,2,4,1,0,14,1,355,4,4,40,143,21,355,40
23UPPERDARBY68,80,1,30,1,0,2,1,1,5,0,295,2,0,9,111,10,295,9
23UPPERDARBY69,70,1,40,1,0,2,4,0,4,0,278,5,2,18,111,11,278,18
23UPPERDARBY71,122,1,63,0,1,18,14,2,34,1,450,6,6,81,186,69,450,81
23UPPERDARBY710,97,3,88,2,2,6,12,1,25,2,412,5,7,75,188,48,412,75
23UPPERDARBY711,78,1,51,0,0,8,9,0,18,1,303,4,3,53,130,35,303,53
23UPPERDARBY72,41,0,13,1,0,5,3,0,5,3,144,1,0,31,54,14,144,31
23UPPERDARBY73,114,1,62,1,2,6,3,0,16,0,452,1,3,47,177,28,452,47
23UPPERDARBY74,52,1,19,0,0,7,2,0,20,0,199,2,4,44,72,29,199,44
23UPPERDARBY75,101,0,57,0,0,10,1,0,19,1,387,5,5,55,158,30,387,55
23UPPERDARBY76,16,0,11,0,0,2,1,0,7,2,51,1,2,12,27,10,51,12
23UPPERDARBY77,57,0,44,0,1,6,3,1,9,0,308,3,1,28,101,20,308,28
23UPPERDARBY78,84,0,48,1,1,3,1,0,10,2,313,4,3,35,132,16,313,35
23UPPERDARBY79,169,1,91,0,2,4,9,2,20,0,633,7,1,74,261,37,633,74
23UPPERPROVIDENCE1,253,0,203,2,1,52,134,2,156,6,963,16,37,410,456,347,963,410
23UPPERPROVIDENCE2,230,2,195,3,4,81,141,2,177,10,904,20,41,512,427,408,904,512
23UPPERPROVIDENCE3,166,2,137,4,1,56,159,6,188,5,689,8,45,533,305,414,689,533
23UPPERPROVIDENCE4,166,2,154,4,2,64,108,1,152,2,617,15,26,430,322,331,617,430
23UPPERPROVIDENCE5,179,2,108,3,2,97,189,5,271,6,663,9,25,733,289,567,663,733
23YEADON1,371,0,161,0,0,5,8,0,5,4,936,8,1,26,532,18,936,26
23YEADON2,175,0,57,1,1,6,6,0,9,1,438,4,2,27,232,23,438,27
23YEADON3,315,2,143,0,1,11,10,0,7,0,851,5,2,31,460,29,851,31
23YEADON4,293,0,114,0,1,1,3,0,13,2,663,7,0,36,407,18,663,36
23YEADON5,235,1,95,0,0,4,4,0,11,0,562,6,3,30,331,19,562,30
23YEADON6,227,1,90,1,0,3,3,0,12,1,599,1,1,33,318,19,599,33
23YEADON7,273,0,70,0,1,1,0,0,7,0,739,4,1,19,343,9,739,19
23YEADON8,249,0,90,0,1,10,4,1,7,4,534,7,2,19,339,23,534,19
23YEADON9,205,2,76,1,0,8,4,0,3,0,520,8,1,28,283,16,520,28
24BENEZETT,11,1,15,0,2,4,5,1,61,0,30,0,6,136,27,73,30,136
24FOX1,132,4,137,2,2,38,25,4,137,2,271,4,20,622,273,208,271,622
24FOX2,115,5,91,0,1,25,23,5,138,5,236,1,21,556,211,192,236,556
24HIGHLANDHIGHLAND,13,0,10,0,0,2,5,0,24,0,27,1,3,63,23,31,27,63
24HIGHLANDJAMESCITY,29,2,21,0,0,6,4,0,34,0,42,1,6,101,52,44,42,101
24HORTON,49,5,61,0,5,27,26,1,158,4,130,3,20,457,115,217,130,457
24JAY,122,4,125,1,3,51,20,2,159,4,280,1,20,639,251,236,280,639
24JOHNSONBURG1,39,2,44,0,1,9,5,1,51,2,103,1,4,210,85,67,103,210
24JOHNSONBURG2,31,1,32,0,1,8,3,1,34,2,68,1,8,154,64,47,68,154
24JOHNSONBURG3,35,1,42,0,0,6,6,1,40,0,70,3,5,161,78,53,70,161
24JOHNSONBURG4,25,3,22,0,0,9,6,0,35,2,55,5,3,129,50,50,55,129
24JONESLAMONT,3,1,6,0,0,1,0,1,20,0,10,2,2,43,10,22,10,43
24JONESWILCOX,68,5,83,1,0,28,25,0,137,3,166,7,17,530,156,191,166,530
24MILLSTONE,11,0,6,0,0,5,2,0,14,0,30,0,1,36,17,21,30,36
24RIDGWAY1,43,2,60,1,2,15,11,0,64,1,123,2,9,292,105,93,123,292
24RIDGWAY2,93,2,90,2,1,34,33,0,94,3,231,3,20,398,185,164,231,398
24RIDGWAY3,73,3,97,1,3,25,35,1,110,5,217,3,17,401,173,175,217,401
24RIDGWAYNORTH,27,1,47,0,0,10,4,0,30,0,60,2,12,166,75,44,60,166
24RIDGWAYSOUTH,86,5,98,2,5,52,27,1,210,4,215,6,20,674,189,297,215,674
24SPRINGCREEK,13,2,13,1,0,12,3,0,17,1,29,2,0,76,28,33,29,76
24ST.MARYS1,72,4,76,1,0,47,47,3,132,3,160,5,24,473,152,230,160,473
24ST.MARYS2,50,5,62,0,1,30,34,1,74,1,143,3,14,331,117,140,143,331
24ST.MARYS3,69,2,94,4,3,33,43,0,180,2,173,2,25,606,165,263,173,606
24ST.MARYS4,51,5,60,1,0,30,18,1,75,3,127,4,9,266,116,125,127,266
24ST.MARYS5,59,2,92,1,2,39,32,4,125,2,128,2,30,511,153,203,128,511
24ST.MARYS6,66,1,86,0,7,25,21,2,109,5,144,1,15,514,153,164,144,514
24ST.MARYS7,72,2,103,0,2,33,34,2,113,4,177,5,22,398,177,184,177,398
24ST.MARYS8,81,1,99,2,1,36,49,0,189,8,225,5,30,656,181,277,225,656
24ST.MARYS9,63,1,74,2,2,27,31,1,124,2,183,4,18,426,138,187,183,426
25ALBION,110,4,111,0,6,55,33,2,102,2,261,8,20,385,225,198,261,385
25AMITY,75,2,52,2,4,37,26,1,73,4,162,5,18,323,129,143,162,323
25CONCORD,49,2,43,2,3,67,44,1,108,8,121,5,19,438,94,225,121,438
25CONNEAUT,84,2,91,4,3,83,35,3,129,5,247,3,33,492,177,257,247,492
25CORRY1,64,3,79,2,4,48,28,0,93,4,167,8,22,347,146,175,167,347
25CORRY2,70,3,58,4,1,73,37,2,101,3,199,1,20,402,131,218,199,402
25CORRY3,95,0,75,4,3,68,30,3,104,11,230,7,25,444,170,212,230,444
25CORRY4,40,3,41,1,2,39,12,0,38,4,117,4,20,247,84,92,117,247
25CRANESVILLE,27,1,31,0,1,27,12,0,38,0,81,3,10,155,59,78,81,155
25EDINBORO1,116,1,179,1,4,38,61,3,112,5,426,15,30,307,296,219,426,307
25EDINBORO2,146,1,299,3,2,65,59,9,106,3,878,28,80,486,446,244,878,486
25ELGIN,12,1,19,0,0,13,7,0,18,0,31,1,3,70,32,38,31,70
25ELKCREEK,103,4,102,1,3,86,57,2,126,0,287,5,29,568,209,275,287,568
25ERIE11,96,1,65,1,1,10,9,1,27,5,316,3,15,112,162,49,316,112
25ERIE13,125,4,95,3,0,11,7,0,26,3,497,7,11,142,224,47,497,142
25ERIE15,150,0,116,1,2,16,11,0,33,3,493,6,17,171,266,63,493,171
25ERIE17,114,2,73,0,0,13,3,1,16,4,437,5,11,134,189,33,437,134
25ERIE18,153,3,145,2,0,35,25,0,58,3,359,4,19,312,301,120,359,312
25ERIE21,114,0,59,0,0,10,3,0,24,1,354,5,7,106,173,37,354,106
25ERIE24,91,0,60,0,0,7,5,0,22,1,325,3,6,132,151,34,325,132
25ERIE25,48,0,21,1,0,0,1,0,3,1,120,2,1,16,69,5,120,16
25ERIE26,67,2,48,1,1,9,4,0,23,5,215,3,8,104,117,38,215,104
25ERIE27,140,2,71,0,0,4,5,0,13,1,511,1,9,64,213,22,511,64
25ERIE28,44,0,35,0,0,1,2,0,7,0,218,0,4,35,79,10,218,35
25ERIE31,40,1,62,0,0,13,8,1,14,1,222,8,15,106,103,36,222,106
25ERIE32,58,0,83,1,0,9,9,0,41,1,224,14,14,121,141,60,224,121
25ERIE33,97,4,95,0,2,13,15,1,27,2,323,5,17,140,196,58,323,140
25ERIE34,78,1,108,0,2,31,16,2,28,1,285,6,19,150,187,79,285,150
25ERIE35,91,4,93,0,1,22,24,2,48,2,280,6,16,199,188,97,280,199
25ERIE36,33,3,31,0,0,3,0,0,12,2,142,3,7,46,67,15,142,46
25ERIE37,51,1,52,0,0,6,6,0,9,3,200,4,9,80,104,21,200,80
25ERIE41,103,1,81,0,0,9,8,0,14,2,341,8,13,92,185,31,341,92
25ERIE42,55,1,44,0,0,2,10,1,13,1,284,3,15,157,100,26,284,157
25ERIE43,64,0,63,0,1,4,7,0,10,0,225,6,8,56,127,22,225,56
25ERIE44,115,2,98,0,0,20,19,0,28,0,376,4,19,129,215,67,376,129
25ERIE46,86,1,109,0,2,15,20,0,43,1,326,12,14,192,196,80,326,192
25ERIE47,69,0,84,0,0,11,13,1,25,2,202,8,19,113,153,50,202,113
25ERIE48,208,2,126,1,2,64,107,1,143,2,494,6,27,424,336,318,494,424
25ERIE49,227,0,169,4,0,56,75,2,126,2,536,10,33,419,396,263,536,419
25ERIE51,76,0,17,1,0,2,1,0,3,0,247,1,4,22,93,7,247,22
25ERIE510,132,2,117,1,0,13,16,1,57,0,394,7,17,224,251,88,394,224
25ERIE511,135,0,111,1,3,26,41,0,93,1,333,3,13,251,246,164,333,251
25ERIE512,170,5,132,1,0,31,41,1,66,5,376,10,24,230,307,140,376,230
25ERIE513,84,1,97,0,1,16,13,0,37,0,225,2,16,178,182,67,225,178
25ERIE514,146,3,106,1,1,24,28,0,49,1,460,10,29,323,255,103,460,323
25ERIE515,251,3,220,1,2,56,21,0,111,2,656,12,42,517,474,191,656,517
25ERIE516,95,0,111,1,0,34,28,0,39,2,274,2,9,195,206,102,274,195
25ERIE517,299,6,216,0,3,45,29,3,91,4,789,8,37,456,521,171,789,456
25ERIE518,281,2,189,1,2,67,27,0,85,3,620,18,35,415,472,182,620,415
25ERIE519,302,8,296,2,0,61,50,3,121,3,693,13,48,606,606,237,693,606
25ERIE52,102,2,106,1,0,21,8,0,23,1,360,8,11,137,210,53,360,137
25ERIE520,187,3,114,0,0,25,42,1,94,2,404,6,20,271,304,162,404,271
25ERIE521,133,0,112,0,1,27,44,1,85,1,363,5,24,260,245,158,363,260
25ERIE53,67,1,38,0,0,4,0,1,14,1,237,1,5,63,106,19,237,63
25ERIE54,80,0,43,0,0,3,2,2,5,1,285,2,2,42,123,12,285,42
25ERIE55,120,0,72,1,0,8,6,1,17,2,380,3,10,87,192,33,380,87
25ERIE56,80,1,43,0,0,7,2,2,6,3,267,4,4,47,124,17,267,47
25ERIE57,135,0,75,0,0,15,10,0,33,2,407,6,9,155,210,58,407,155
25ERIE58,138,0,80,0,1,10,9,1,25,1,527,9,9,120,218,46,527,120
25ERIE59,156,4,164,1,1,25,25,0,42,1,511,11,24,208,324,94,511,208
25ERIE61,43,0,40,0,0,3,2,0,12,1,202,2,8,69,83,17,202,69
25ERIE610,123,2,121,0,1,30,18,1,54,2,363,14,32,229,246,104,363,229
25ERIE611,96,2,112,0,0,31,19,2,58,2,249,4,15,226,210,110,249,226
25ERIE612,236,2,187,0,3,44,33,1,106,3,528,9,23,435,425,187,528,435
25ERIE613,129,3,144,1,4,37,17,2,70,4,395,10,34,316,276,131,395,316
25ERIE614,135,5,148,1,0,46,28,1,54,5,374,5,29,325,288,130,374,325
25ERIE615,263,1,202,4,6,66,37,0,78,4,628,8,39,453,466,191,628,453
25ERIE616,192,1,144,4,1,46,35,3,94,0,426,9,26,354,337,183,426,354
25ERIE617,176,1,164,0,0,25,17,0,62,2,466,5,17,295,341,104,466,295
25ERIE62,95,2,62,1,1,19,18,0,19,1,262,8,7,152,159,58,262,152
25ERIE64,112,1,126,1,0,20,15,1,39,2,330,10,10,186,239,76,330,186
25ERIE65,113,4,109,1,2,21,15,1,43,3,334,8,21,203,226,83,334,203
25ERIE66,122,2,112,1,0,16,9,1,44,1,316,4,18,198,236,71,316,198
25ERIE67,86,2,90,0,1,11,9,3,27,1,252,6,27,118,178,51,252,118
25ERIE68,67,0,71,0,0,8,3,2,24,4,237,3,14,136,138,37,237,136
25ERIE69,92,1,124,0,1,14,7,0,27,3,322,9,16,141,217,49,322,141
25FAIRVIEW1,186,3,155,0,3,97,130,1,271,2,557,6,42,721,344,502,557,721
25FAIRVIEW2,251,2,165,3,4,104,188,6,269,3,662,5,40,800,418,574,662,800
25FAIRVIEW3,151,2,144,4,5,131,113,2,260,4,488,14,40,777,297,515,488,777
25FAIRVIEW4,116,4,78,2,3,70,101,4,131,3,314,3,31,461,198,311,314,461
25FAIRVIEW5,161,0,157,3,5,72,61,1,163,1,483,9,43,569,318,305,483,569
25FRANKLIN,97,3,112,1,1,80,56,4,143,2,300,4,31,511,212,285,300,511
25GIRARD,195,3,200,2,11,138,104,3,231,7,609,12,49,837,398,489,609,837
25GIRARD1,93,1,69,1,1,53,35,2,84,1,228,4,20,335,163,176,228,335
25GIRARD2,118,1,140,0,3,79,52,2,187,6,356,2,31,610,259,323,356,610
25GIRARD3,123,0,101,1,1,60,36,1,127,3,310,6,28,457,224,226,310,457
25GREENE1,211,1,241,3,3,99,58,0,225,8,505,10,44,746,453,388,505,746
25GREENE2,169,3,172,1,2,112,61,3,255,2,396,7,39,803,344,434,396,803
25GREENFIELD,103,3,122,1,3,76,36,2,173,4,261,9,38,582,228,291,261,582
25HARBORCREEK1,267,4,191,1,3,86,66,3,150,3,605,12,44,631,462,309,605,631
25HARBORCREEK2,258,6,168,5,4,88,55,2,146,4,605,9,26,559,432,300,605,559
25HARBORCREEK3,149,3,146,0,1,70,70,3,169,4,366,12,43,532,298,313,366,532
25HARBORCREEK4,151,1,153,1,1,53,36,4,97,5,542,5,29,596,305,192,542,596
25HARBORCREEK5,325,6,274,1,2,84,104,4,230,3,805,7,32,850,605,425,805,850
25HARBORCREEK6,127,2,135,1,2,63,39,0,131,3,364,8,35,520,264,236,364,520
25HARBORCREEK7,193,3,186,0,4,101,78,4,232,3,498,8,53,723,382,419,498,723
25LAKECITY,180,5,180,4,4,95,54,3,199,15,517,13,51,722,365,359,517,722
25LAWRENCEPARK1,98,2,98,2,3,20,39,0,87,2,259,2,22,253,198,151,259,253
25LAWRENCEPARK2,105,4,131,2,1,49,26,0,72,4,301,7,25,338,240,150,301,338
25LAWRENCEPARK3,87,2,117,2,2,44,42,2,75,1,293,8,22,327,206,167,293,327
25LEBOEUF,71,2,101,2,5,86,50,3,179,5,225,9,27,542,174,325,225,542
25MCKEAN,36,2,25,0,0,17,16,0,39,0,90,4,8,140,63,72,90,140
25MCKEAN1,133,5,146,1,3,100,72,0,182,5,411,8,52,665,284,358,411,665
25MCKEAN2,168,3,159,2,4,119,75,3,237,7,463,14,39,752,330,440,463,752
25MILLCREEK1,231,4,242,2,2,69,81,2,183,2,614,13,38,736,477,339,614,736
25MILLCREEK10,140,1,156,1,2,57,61,3,152,2,394,12,29,455,297,276,394,455
25MILLCREEK11,123,3,151,1,2,50,44,2,105,5,391,1,36,362,277,204,391,362
25MILLCREEK12,195,5,195,1,2,81,87,7,145,4,569,13,41,531,395,323,569,531
25MILLCREEK13,155,0,146,4,0,35,49,0,141,2,422,9,26,380,301,229,422,380
25MILLCREEK14,82,2,94,1,0,51,26,3,90,2,264,5,18,331,178,171,264,331
25MILLCREEK15,144,3,130,2,5,50,54,1,134,2,390,12,31,424,277,246,390,424
25MILLCREEK16,188,2,164,1,2,89,98,3,152,7,511,7,40,540,354,345,511,540
25MILLCREEK17,266,4,157,8,2,103,77,5,194,2,596,16,28,600,427,389,596,600
25MILLCREEK18,158,3,95,0,0,48,62,0,95,2,380,2,23,355,256,205,380,355
25MILLCREEK19,190,0,170,1,1,90,100,4,163,4,518,20,37,582,360,359,518,582
25MILLCREEK2,214,5,186,8,6,75,78,3,159,9,633,13,33,632,405,329,633,632
25MILLCREEK20,213,3,179,2,5,76,103,2,222,3,628,12,29,604,395,410,628,604
25MILLCREEK21,262,7,242,1,3,109,85,8,203,4,762,14,57,733,511,409,762,733
25MILLCREEK22,299,2,226,1,0,118,103,5,289,3,826,12,55,920,527,516,826,920
25MILLCREEK23,414,5,267,2,2,134,164,2,338,10,1131,14,56,1067,686,642,1131,1067
25MILLCREEK24,219,2,176,4,5,117,122,5,302,4,618,9,40,979,397,555,618,979
25MILLCREEK3,221,2,171,4,2,97,130,6,244,2,623,10,45,813,394,483,623,813
25MILLCREEK4,171,2,180,2,2,54,64,2,147,3,486,10,43,514,353,271,486,514
25MILLCREEK5,132,1,98,1,1,25,28,2,88,2,346,8,17,276,231,145,346,276
25MILLCREEK6,240,4,166,4,2,81,129,3,316,2,625,18,42,892,410,535,625,892
25MILLCREEK7,180,1,179,3,3,60,43,3,99,6,496,10,37,434,360,211,496,434
25MILLCREEK8,225,2,226,4,2,73,53,2,147,2,592,13,28,592,453,281,592,592
25MILLCREEK9,144,2,125,4,0,51,41,2,98,1,347,6,23,353,271,196,347,353
25MILLVILLAGE,32,3,20,1,1,14,10,1,30,0,65,1,7,108,55,57,65,108
25NORTHEAST1,254,7,262,0,7,243,147,10,414,9,755,25,80,1474,523,821,755,1474
25NORTHEAST2,252,2,302,11,15,202,190,4,482,9,857,20,80,1654,556,904,857,1654
25PLATEA,24,0,29,0,1,10,11,1,41,2,52,2,8,132,53,64,52,132
25SPRINGFIELD,163,0,158,2,2,147,81,3,272,7,474,12,41,889,321,507,474,889
25SUMMIT1,316,9,223,3,7,141,105,6,315,9,782,6,55,1066,548,577,782,1066
25SUMMIT2,320,12,257,0,3,110,92,5,269,12,738,16,39,965,589,479,738,965
25UNION,94,2,96,4,2,74,60,0,172,6,244,6,31,549,192,312,244,549
25UNIONCITY1,65,3,45,2,2,64,16,0,81,1,168,2,23,352,113,165,168,352
25UNIONCITY2,56,0,47,4,4,55,20,2,87,6,155,10,24,317,103,172,155,317
25VENANGO,100,4,131,0,6,84,62,4,213,11,292,12,36,779,235,369,292,779
25WASHINGTON,311,5,332,6,8,213,169,10,432,15,968,27,72,1356,648,838,968,1356
25WATERFORD,67,3,86,8,1,64,40,0,128,6,212,3,18,401,156,241,212,401
25WATERFORD1,86,4,80,1,7,80,53,2,170,5,226,5,25,551,170,313,226,551
25WATERFORD2,91,1,131,4,6,89,52,1,205,6,341,7,17,653,223,357,341,653
25WATTSBURG,14,2,29,0,0,15,7,0,35,1,43,5,10,105,45,57,43,105
25WAYNE,66,4,53,2,3,83,42,2,163,7,174,3,20,578,123,295,174,578
25WESLEYVILLE1,87,1,94,1,4,36,20,1,74,4,292,8,22,315,182,136,292,315
25WESLEYVILLE2,112,3,119,0,3,43,17,1,74,5,295,3,17,302,234,138,295,302
26BELLEVERNON,79,0,50,0,1,11,5,0,58,0,156,2,7,262,129,75,156,262
26BROWNSVILLE,68,2,47,1,0,6,4,0,21,0,133,1,4,132,117,32,133,132
26BROWNSVILLE1,85,0,37,0,0,5,3,0,13,0,148,0,0,74,122,21,148,74
26BROWNSVILLE2,82,2,33,0,0,3,8,0,42,0,135,2,7,135,117,53,135,135
26BROWNSVILLE3,87,0,55,0,1,4,4,0,21,1,187,2,3,122,142,30,187,122
26BULLSKIN1,216,4,192,0,1,113,46,0,387,8,401,3,31,1468,412,547,401,1468
26BULLSKIN2,60,1,69,2,2,48,18,1,148,1,139,1,9,562,130,219,139,562
26BULLSKIN3,82,2,83,1,2,75,22,3,142,0,204,4,28,492,167,245,204,492
26CONNELLSVILLE,119,5,118,2,3,45,38,1,187,3,237,0,19,673,242,276,237,673
26CONNELLSVILLE1,124,6,131,0,3,44,31,0,148,0,315,6,15,542,261,226,315,542
26CONNELLSVILLE2,124,4,102,0,0,39,20,1,110,1,260,4,13,460,230,170,260,460
26CONNELLSVILLE3,35,2,59,1,3,19,17,1,86,1,114,3,11,264,96,127,114,264
26CONNELLSVILLE4,135,1,77,0,0,17,10,0,87,3,246,2,13,330,213,114,246,330
26DAWSON,22,2,17,0,0,8,5,0,27,0,37,2,1,92,41,40,37,92
26DUNBAR,65,4,62,0,1,14,8,0,72,0,112,1,12,280,131,95,112,280
26DUNBAR1,152,5,143,0,2,41,22,0,196,3,254,8,14,804,300,261,254,804
26DUNBAR2,308,11,206,1,1,54,40,1,326,3,548,4,21,1117,525,423,548,1117
26EVERSON,45,2,51,1,1,15,3,0,47,1,94,1,13,157,98,67,94,157
26FAIRCHANCE,153,4,81,0,1,17,15,2,110,3,250,1,15,487,238,145,250,487
26FAYETTECITY,49,0,37,0,0,19,2,0,32,1,78,0,4,138,86,53,78,138
26FRANKLIN1,109,7,87,0,0,24,22,0,100,3,183,1,7,462,203,146,183,462
26FRANKLIN2,76,5,51,0,1,15,22,2,70,3,123,1,8,308,132,110,123,308
26GEORGES1,97,2,79,0,5,26,11,1,90,0,155,2,12,432,178,133,155,432
26GEORGES2,151,2,136,0,1,44,17,0,139,6,269,2,9,651,289,201,269,651
26GEORGES3,173,3,108,1,0,33,13,0,111,0,292,3,10,652,284,158,292,652
26GERMAN1,154,6,109,1,2,39,15,1,114,2,266,2,8,626,269,172,266,626
26GERMAN2,102,2,36,0,0,9,0,0,59,1,200,1,3,221,140,68,200,221
26GERMAN3,99,3,60,0,0,10,4,0,76,1,172,1,4,289,162,90,172,289
26GERMAN4,34,0,20,0,0,7,5,0,15,1,65,2,5,99,54,27,65,99
26HENRYCLAY,53,5,52,4,2,37,27,0,206,8,134,5,7,584,110,276,134,584
26JEFFERSON,155,5,106,0,3,41,17,0,181,4,268,4,18,648,266,242,268,648
26LOWERTYRONE1,84,2,80,0,0,22,16,1,109,4,130,2,6,401,166,148,130,401
26LUZERNE1,104,4,80,1,1,17,11,0,69,2,230,5,7,345,188,99,230,345
26LUZERNE2,197,4,111,0,0,15,8,0,86,0,298,1,10,396,312,109,298,396
26LUZERNE3,78,1,44,0,1,3,1,0,22,2,135,1,4,121,123,27,135,121
26LUZERNE4,33,1,30,0,0,3,2,0,25,0,65,2,1,115,64,30,65,115
26MARKLEYSBURG,9,0,3,1,0,6,7,0,23,2,17,1,1,70,12,37,17,70
26MASONTOWN1,173,5,97,0,2,24,6,0,86,5,306,2,4,436,275,118,306,436
26MASONTOWN2,123,4,84,0,2,16,7,0,68,2,235,1,11,301,211,93,235,301
26MENALLEN1,103,3,67,0,1,30,13,0,64,0,189,1,7,346,173,108,189,346
26MENALLEN2,158,3,100,1,0,37,26,0,133,1,269,4,18,547,261,197,269,547
26MENALLEN3,91,1,51,0,1,8,3,0,41,0,171,1,5,234,143,53,171,234
26NEWELL,64,3,28,0,0,1,1,0,34,1,106,0,2,122,95,36,106,122
26NICHOLSON,88,5,113,0,2,16,7,2,98,6,175,2,11,554,206,125,175,554
26NORTHUNION1,254,12,140,1,1,38,19,0,113,2,448,4,10,659,406,172,448,659
26NORTHUNION2,313,8,154,2,1,52,38,0,224,2,517,2,21,1036,475,317,517,1036
26NORTHUNION3,84,2,65,0,0,25,16,1,102,0,159,2,8,372,151,144,159,372
26NORTHUNION4,214,12,134,0,2,59,31,0,165,3,456,9,21,760,360,257,456,760
26NORTHUNION5,61,1,37,0,1,10,5,0,32,1,91,4,5,194,99,48,91,194
26OHIOPYLE,2,0,4,0,0,3,3,3,6,0,9,0,0,18,6,15,9,18
26PERRY,192,11,134,1,2,45,14,2,158,6,390,3,12,713,337,222,390,713
26PERRYOPOLIS,202,7,114,0,1,27,23,0,115,1,361,1,12,476,323,166,361,476
26POINTMARION,47,4,54,0,1,11,7,0,72,1,137,2,13,244,105,91,137,244
26REDSTONE1,140,2,78,0,0,18,14,0,87,2,298,5,8,428,220,119,298,428
26REDSTONE2,177,8,91,0,1,27,8,1,78,1,360,4,9,440,276,115,360,440
26REDSTONE3,46,3,31,0,0,4,2,0,38,0,75,0,5,157,80,44,75,157
26REDSTONE4,79,1,22,0,1,2,2,2,26,0,121,1,5,114,102,33,121,114
26SALTLICK,103,1,117,1,3,92,36,1,310,2,281,10,24,974,221,443,281,974
26SMITHFIELD,53,4,41,0,1,15,12,0,72,4,90,0,9,291,98,100,90,291
26SOUTHCONNELLSVILLE,94,8,112,1,0,44,19,3,144,1,188,4,12,527,214,211,188,527
26SOUTHUNION1,519,13,300,2,4,96,74,2,322,7,945,14,46,1423,832,500,945,1423
26SOUTHUNION2,213,8,149,1,1,54,62,3,246,3,449,2,23,859,370,367,449,859
26SOUTHUNION3,271,5,157,0,2,47,41,1,186,4,502,7,26,890,433,277,502,890
26SPRINGFIELD1,49,1,41,1,1,37,22,1,116,1,105,0,9,457,91,178,105,457
26SPRINGFIELD2,38,1,53,0,2,45,31,1,104,1,92,0,3,360,92,183,92,360
26SPRINGHILL1,54,5,40,0,1,21,16,1,97,2,104,1,6,396,99,136,104,396
26SPRINGHILL2,45,6,70,1,2,25,14,0,108,2,132,3,12,425,121,150,132,425
26STEWART,19,0,25,1,1,48,14,0,86,1,57,2,6,262,44,150,57,262
26UNIONTOWN1,117,2,90,0,1,15,32,0,96,2,268,4,15,368,209,144,268,368
26UNIONTOWN2,106,0,61,0,0,7,10,0,33,2,266,3,4,174,167,50,266,174
26UNIONTOWN3,114,1,46,0,1,13,5,0,32,0,302,4,5,202,161,51,302,202
26UNIONTOWN4,95,0,38,0,0,5,2,1,19,2,315,4,3,96,133,27,315,96
26UNIONTOWN5,116,1,74,0,2,20,29,0,73,2,286,4,9,266,191,124,286,266
26UNIONTOWN6,71,0,52,0,1,16,8,0,54,0,182,2,12,210,123,79,182,210
26UNIONTOWN7,122,2,74,0,2,35,19,0,65,0,244,9,11,310,198,121,244,310
26UPPERTYRONE,65,1,66,0,3,41,26,0,171,2,157,3,11,533,132,241,157,533
26VANDERBILT,31,2,29,0,0,8,2,1,39,0,61,2,5,125,62,50,61,125
26WASHINGTON1,235,8,166,3,2,44,16,0,190,1,416,6,23,772,409,255,416,772
26WASHINGTON2,111,4,67,0,0,17,8,0,119,1,203,1,11,421,182,144,203,421
26WHARTON,145,8,152,3,3,78,65,0,373,4,378,16,21,1087,305,522,378,1087
27BARNETT,24,1,15,0,0,14,9,1,65,0,39,4,7,173,40,89,39,173
27GREEN,16,0,17,1,0,18,4,0,61,1,50,3,3,152,33,84,50,152
27HARMONY,30,0,22,0,0,21,12,2,67,2,88,1,10,173,52,102,88,173
27HICKORY,24,2,23,1,1,11,14,0,42,2,57,2,2,145,49,69,57,145
27HOWE,8,1,8,0,1,6,7,0,24,0,18,0,1,56,17,38,18,56
27JENKS,54,2,61,3,1,47,45,0,158,5,165,3,17,437,117,254,165,437
27KINGSLEY,21,1,17,1,0,10,7,1,44,1,48,2,3,114,39,63,48,114
27TIONESTA,74,3,58,6,1,53,40,2,137,1,161,4,17,433,135,239,161,433
28ANTRIM1,47,2,55,1,13,168,66,2,335,3,237,4,29,1088,104,585,237,1088
28ANTRIM2,37,3,38,0,14,172,54,0,261,5,147,2,9,835,78,501,147,835
28ANTRIM3,33,1,49,2,13,152,53,1,283,3,154,4,34,897,83,504,154,897
28ANTRIM4,68,4,93,4,15,219,78,4,346,13,322,12,43,1215,165,666,322,1215
28ANTRIM5,89,5,96,5,10,295,85,6,567,8,417,8,62,1884,190,968,417,1884
28CHAMBERSBURG11,118,0,114,5,7,100,56,1,196,6,455,18,43,663,232,365,455,663
28CHAMBERSBURG12,64,0,50,1,6,52,68,3,98,4,255,4,24,313,114,228,255,313
28CHAMBERSBURG21,49,1,62,1,2,30,23,1,84,6,255,12,17,292,112,141,255,292
28CHAMBERSBURG22,116,0,87,7,10,108,102,2,254,6,420,9,31,721,203,483,420,721
28CHAMBERSBURG31,174,0,145,4,4,89,59,4,231,4,788,19,53,854,319,391,788,854
28CHAMBERSBURG41,29,2,51,3,3,20,12,1,50,1,231,8,11,216,82,89,231,216
28CHAMBERSBURG42,48,1,52,3,5,46,16,2,97,0,198,7,8,348,101,169,198,348
28CHAMBERSBURG51,108,2,58,2,5,85,55,2,194,1,276,10,18,517,168,343,276,517
28CHAMBERSBURG52,90,1,95,2,3,72,81,4,188,3,354,7,36,527,186,350,354,527
28FANNETTCONCORD,14,3,18,0,1,25,5,0,58,0,28,2,4,197,35,89,28,197
28FANNETTDRYRUN,23,1,27,4,1,40,14,0,145,2,61,1,6,397,51,204,61,397
28FANNETTSULPHURSPRINGS,14,2,23,0,1,10,4,0,62,0,38,3,11,185,39,77,38,185
28GREENCASTLE1,70,5,71,4,7,96,69,5,251,11,255,6,26,744,146,432,255,744
28GREENCASTLE2,64,1,75,3,13,92,61,1,209,1,267,8,36,741,140,379,267,741
28GREENE1,87,1,71,6,4,117,41,3,312,7,330,11,30,974,159,483,330,974
28GREENE2,148,1,76,9,9,148,119,6,280,8,451,10,43,906,225,571,451,906
28GREENE3,63,1,70,6,8,136,74,3,265,14,277,8,30,893,134,492,277,893
28GREENE4,95,2,94,4,10,146,81,1,361,12,402,15,39,1164,191,603,402,1164
28GREENE5,169,5,93,5,10,209,137,5,403,10,536,6,52,1350,267,769,536,1350
28GREENE6,68,0,89,4,9,126,43,4,282,6,296,4,24,903,157,468,296,903
28GUILFORD1,182,3,124,11,4,223,152,8,497,13,644,16,53,1543,309,895,644,1543
28GUILFORD2,291,5,133,6,8,234,224,12,632,5,804,8,57,1668,429,1116,804,1668
28GUILFORD3,38,1,37,1,9,119,47,7,227,1,130,10,16,694,76,410,130,694
28GUILFORD4,17,1,31,2,8,108,29,8,186,0,91,2,10,582,49,341,91,582
28GUILFORD5,13,1,12,0,0,12,6,0,67,1,22,0,3,158,26,85,22,158
28GUILFORD6,68,4,70,6,7,99,61,3,251,7,306,10,31,755,142,427,306,755
28HAMILTON1,90,0,111,7,12,143,102,4,390,9,416,9,59,1291,201,658,416,1291
28HAMILTON2,118,4,107,1,11,212,105,5,533,16,503,9,47,1655,229,867,503,1655
28HAMILTON3,73,1,56,2,4,145,54,6,293,5,237,9,30,904,130,504,237,904
28LETTERKENNY1,29,2,52,1,6,123,38,2,225,5,130,7,11,725,83,395,130,725
28LETTERKENNY2,19,0,14,1,0,32,24,2,71,1,79,2,5,218,33,130,79,218
28LURGAN,30,0,34,2,5,84,39,2,223,5,121,5,15,678,64,355,121,678
28MERCERSBURG,74,1,68,1,2,33,48,4,131,4,272,8,23,393,143,219,272,393
28METAL1,9,2,20,2,6,22,12,0,86,2,20,3,4,266,31,128,20,266
28METAL2,16,0,14,0,0,38,13,0,83,1,41,2,4,278,30,134,41,278
28METAL3,17,0,12,2,3,21,8,0,53,0,30,1,2,155,29,87,30,155
28MONTALTO,38,1,49,0,6,54,37,2,178,3,162,8,21,531,88,277,162,531
28MONTGOMERY1,50,2,37,5,4,97,44,4,204,1,163,3,15,638,89,358,163,638
28MONTGOMERY2,39,0,38,2,8,144,31,3,287,1,154,2,11,883,77,475,154,883
28MONTGOMERY3,13,0,22,4,7,57,15,1,142,3,61,1,9,436,35,226,61,436
28MONTGOMERY4,12,0,19,0,2,37,16,0,79,1,60,1,11,286,31,134,60,286
28ORRSTOWN,6,0,11,0,0,9,1,1,24,0,20,0,2,63,17,35,20,63
28PETERS1,42,1,19,3,10,67,21,1,149,3,107,3,11,521,62,251,107,521
28PETERS2,48,3,33,3,6,61,18,1,149,1,129,3,14,493,84,238,129,493
28PETERS3,19,0,22,5,5,95,35,3,131,1,49,0,13,430,41,274,49,430
28PETERS4,18,1,11,3,4,29,14,1,96,1,50,5,5,276,30,147,50,276
28QUINCY1,89,3,54,3,9,143,58,0,295,7,254,4,17,889,146,508,254,889
28QUINCY2,14,1,19,1,2,28,8,1,77,1,49,0,4,239,34,117,49,239
28QUINCY3,17,1,31,0,3,63,20,1,138,1,76,3,7,445,49,225,76,445
28QUINCY4,33,0,14,4,2,34,6,0,76,3,66,3,3,204,47,122,66,204
28SHIPPENSBURG,90,2,75,0,4,52,33,0,90,7,275,2,24,309,167,179,275,309
28SOUTHAMPTONEAST,90,3,89,3,15,136,62,2,264,2,347,12,26,932,182,482,347,932
28SOUTHAMPTONMT.ROCK,139,4,99,7,10,138,60,3,266,8,393,9,29,970,242,484,393,970
28SOUTHAMPTONWEST,54,3,71,2,4,125,66,1,212,10,208,3,21,699,128,410,208,699
28ST.THOMAS1,42,2,30,3,5,74,27,2,170,1,126,6,13,534,74,281,126,534
28ST.THOMAS2,46,4,60,0,9,102,46,2,283,4,209,3,22,894,110,442,209,894
28ST.THOMAS3,29,3,39,0,4,99,21,2,176,7,97,1,14,626,71,302,97,626
28WARREN,10,0,18,1,1,29,12,0,36,1,32,1,5,153,28,79,32,153
28WASHINGTON1,54,0,59,2,5,75,44,1,164,5,237,5,24,586,113,291,237,586
28WASHINGTON2,111,0,102,2,6,111,125,2,409,9,430,10,36,1181,213,655,430,1181
28WASHINGTON3,74,2,75,3,8,104,79,5,223,4,271,4,24,728,151,422,271,728
28WASHINGTON4,59,0,38,1,7,107,53,3,252,11,209,3,28,778,97,423,209,778
28WASHINGTON5,167,6,117,3,13,177,103,9,534,10,593,12,50,1503,290,839,593,1503
28WAYNESBORO11,42,0,65,1,6,35,28,1,102,2,191,10,27,405,107,173,191,405
28WAYNESBORO12,48,2,53,1,7,39,46,3,107,2,199,6,24,389,103,203,199,389
28WAYNESBORO21,42,1,34,2,2,33,17,0,62,2,159,5,19,237,77,116,159,237
28WAYNESBORO22,49,2,70,3,5,65,35,3,162,3,195,7,24,509,121,273,195,509
28WAYNESBORO31,44,0,56,1,3,43,14,2,103,5,192,8,23,376,100,166,192,376
28WAYNESBORO32,55,2,63,3,4,46,31,1,127,5,216,4,30,434,120,212,216,434
28WAYNESBORO33,55,0,43,5,3,49,27,1,126,2,190,4,17,404,98,211,190,404
29AYR,54,2,48,4,6,71,32,2,245,2,124,8,18,777,104,360,124,777
29BELFAST,28,1,35,1,7,100,24,4,185,7,67,5,8,653,64,321,67,653
29BETHEL,31,2,30,0,2,74,20,3,185,6,99,3,11,601,63,284,99,601
29BRUSHCREEK,31,1,19,2,5,30,14,0,108,1,63,2,5,308,51,159,63,308
29DUBLIN,26,1,18,0,1,48,13,0,154,2,58,0,7,455,45,216,58,455
29LICKINGCREEK,38,1,30,2,16,75,27,0,200,4,71,3,8,618,69,320,71,618
29MCCONNELLSBURG,42,1,28,2,1,25,21,0,100,6,100,1,7,266,71,149,100,266
29TAYLOR,17,1,30,3,6,61,10,1,130,0,54,6,7,464,48,211,54,464
29THOMPSON,31,1,35,1,3,55,16,3,156,2,64,3,6,482,67,234,64,482
29TODD,48,5,54,2,7,51,46,1,147,4,140,4,12,546,107,254,140,546
29UNION,10,1,18,0,2,48,11,0,111,0,37,2,3,342,29,172,37,342
29WELLS,10,1,20,1,0,21,8,1,53,1,31,0,1,176,31,84,31,176
2ALEPPO,160,2,100,5,2,52,146,1,185,5,433,7,19,544,262,391,433,544
2ASPINWALL1,100,2,116,0,0,19,53,0,62,2,399,4,17,201,218,134,399,201
2ASPINWALL2,91,1,69,3,0,24,37,2,43,0,267,2,8,149,161,109,267,149
2ASPINWALL3,129,1,104,0,0,28,66,4,55,1,434,2,17,191,234,153,434,191
2AVALON1,114,2,140,1,1,32,29,0,35,4,438,7,30,226,256,98,438,226
2AVALON21,92,1,102,0,0,21,18,0,38,5,301,7,23,169,195,77,301,169
2AVALON22,59,0,57,1,0,13,18,0,26,1,182,2,4,138,116,58,182,138
2AVALON31,54,3,31,0,0,12,8,0,20,2,137,1,8,95,88,40,137,95
2AVALON32,55,1,51,1,0,19,10,0,29,2,187,6,16,119,107,59,187,119
2AVALON33,56,0,66,0,0,17,18,3,23,2,184,5,9,123,122,61,184,123
2BALDWIN1,191,3,153,0,1,46,53,0,108,1,548,3,35,464,347,208,548,464
2BALDWIN10,84,4,84,1,2,14,9,1,22,0,381,10,15,199,172,49,381,199
2BALDWIN11,106,0,80,1,0,12,17,0,34,1,441,6,12,213,186,64,441,213
2BALDWIN12,112,3,84,0,0,8,17,0,29,2,231,4,15,220,199,54,231,220
2BALDWIN13,110,2,81,0,1,17,17,0,59,1,231,5,12,297,193,94,231,297
2BALDWIN14,73,5,70,0,0,16,21,0,56,1,204,2,11,237,148,93,204,237
2BALDWIN15,145,3,101,0,0,16,20,0,62,1,282,2,12,285,249,98,282,285
2BALDWIN16,134,1,112,2,2,21,32,1,65,2,333,4,14,294,247,123,333,294
2BALDWIN17,91,3,90,1,0,14,27,2,55,2,240,3,12,261,184,99,240,261
2BALDWIN18,153,3,112,1,0,21,18,1,78,2,366,3,20,331,268,119,366,331
2BALDWIN2,268,3,209,1,0,34,45,1,136,7,687,12,32,589,480,217,687,589
2BALDWIN3,112,1,108,0,0,22,23,1,51,1,302,7,14,279,221,97,302,279
2BALDWIN4,97,4,121,0,0,23,19,0,64,0,268,3,14,293,222,106,268,293
2BALDWIN5,118,1,106,1,0,28,18,0,57,1,297,7,10,258,225,104,297,258
2BALDWIN6,111,4,73,1,2,20,30,0,73,2,263,1,13,284,188,126,263,284
2BALDWIN7,96,2,93,0,0,19,36,1,61,4,275,1,14,289,191,117,275,289
2BALDWIN8,96,4,78,0,1,13,32,0,44,0,274,2,12,262,178,90,274,262
2BALDWIN9,112,1,96,0,1,18,30,1,49,3,292,3,15,256,209,99,292,256
2BELLACRES,122,0,95,2,1,58,85,2,123,3,380,4,25,439,217,271,380,439
2BELLEVUE11,104,3,120,1,0,21,28,0,49,4,385,8,36,218,227,99,385,218
2BELLEVUE12,112,0,140,0,2,33,24,0,36,2,418,5,20,185,252,95,418,185
2BELLEVUE21,126,3,112,1,2,36,19,3,30,2,447,12,22,237,241,91,447,237
2BELLEVUE22,79,2,130,1,1,38,23,0,53,3,370,6,27,233,211,116,370,233
2BELLEVUE31,80,0,135,1,1,33,33,0,61,5,400,10,29,217,215,129,400,217
2BELLEVUE32,88,4,130,1,1,22,33,1,54,2,362,10,27,245,222,112,362,245
2BENAVON1,75,1,82,0,0,20,33,1,34,0,243,3,18,124,158,88,243,124
2BENAVON2,125,0,123,0,0,61,55,0,65,2,416,4,32,272,248,181,416,272
2BENAVONHEIGHTS,32,0,35,0,0,21,43,1,39,1,129,1,12,116,67,104,129,116
2BETHELPARK11,90,3,76,0,0,35,53,1,96,1,299,8,21,345,169,185,299,345
2BETHELPARK12,118,0,68,1,0,19,37,1,87,0,302,5,20,272,186,145,302,272
2BETHELPARK13,103,4,85,0,1,35,41,0,70,0,267,3,12,328,192,147,267,328
2BETHELPARK21,92,1,57,1,1,62,54,2,105,2,256,1,16,323,150,225,256,323
2BETHELPARK22,97,0,69,1,0,41,65,0,97,1,297,1,12,413,166,204,297,413
2BETHELPARK23,125,1,107,1,2,43,65,1,119,3,358,8,29,423,233,231,358,423
2BETHELPARK31,105,1,69,1,4,43,55,1,107,2,276,2,11,365,175,211,276,365
2BETHELPARK32,91,2,72,1,2,54,63,2,122,2,286,6,21,411,165,244,286,411
2BETHELPARK33,113,1,93,1,0,47,82,2,140,0,357,4,33,448,207,272,357,448
2BETHELPARK41,160,4,121,2,1,58,73,0,122,1,428,3,28,545,285,256,428,545
2BETHELPARK42,102,2,78,1,0,22,39,2,72,0,259,3,18,293,182,136,259,293
2BETHELPARK43,87,2,63,1,1,34,47,0,107,1,276,5,12,365,152,190,276,365
2BETHELPARK51,75,1,64,0,0,21,30,1,63,0,199,4,9,276,140,115,199,276
2BETHELPARK52,70,1,65,0,0,23,25,0,55,2,216,4,8,233,136,103,216,233
2BETHELPARK53,173,2,123,3,0,59,87,1,130,2,493,6,36,517,298,280,493,517
2BETHELPARK61,136,0,110,0,1,64,87,1,166,0,408,7,24,531,246,319,408,531
2BETHELPARK62,116,4,89,0,1,46,63,1,92,4,354,2,25,378,209,203,354,378
2BETHELPARK63,78,4,69,1,0,49,56,0,96,3,262,5,16,329,151,202,262,329
2BETHELPARK71,119,2,102,0,1,65,79,0,126,4,389,9,26,490,223,271,389,490
2BETHELPARK72,121,2,62,1,1,65,57,3,105,3,343,4,41,341,185,232,343,341
2BETHELPARK73,91,0,72,0,0,38,47,1,88,4,257,3,14,299,163,174,257,299
2BETHELPARK81,55,1,44,0,2,30,30,0,59,1,183,3,13,196,100,121,183,196
2BETHELPARK82,95,2,42,0,0,23,27,0,47,0,215,1,12,153,139,97,215,153
2BETHELPARK83,149,5,113,0,1,66,61,1,131,6,440,5,26,493,267,260,440,493
2BETHELPARK84,55,0,41,0,2,19,27,0,56,4,152,3,5,180,96,104,152,180
2BETHELPARK91,63,1,44,0,0,21,37,0,96,1,191,0,14,256,108,154,191,256
2BETHELPARK92,79,0,60,0,1,29,40,3,81,2,230,0,18,267,139,154,230,267
2BETHELPARK93,137,1,91,2,1,49,87,1,183,3,439,7,28,583,229,323,439,583
2BLAWNOX1,128,2,140,0,0,22,32,1,56,3,392,11,19,302,270,111,392,302
2BRACKENRIDGE1,73,1,31,0,0,10,7,0,24,0,160,4,1,135,105,41,160,135
2BRACKENRIDGE2,77,2,74,0,2,20,21,0,51,2,224,9,22,264,153,94,224,264
2BRACKENRIDGE3,57,2,60,0,0,28,11,0,51,2,164,4,12,251,119,90,164,251
2BRADDOCK1,106,2,65,0,0,3,0,0,4,1,308,6,2,34,173,7,308,34
2BRADDOCK2,103,0,61,0,0,3,0,0,4,0,306,4,1,38,164,7,306,38
2BRADDOCK3,83,1,40,0,0,0,2,0,0,0,219,2,2,12,124,2,219,12
2BRADDOCKHILLS1,106,1,85,0,1,5,14,1,44,0,344,4,14,165,192,65,344,165
2BRADDOCKHILLS2,112,2,82,0,0,13,4,1,18,1,262,7,7,121,196,36,262,121
2BRADFORDWOODS,118,2,61,0,2,62,117,1,132,3,334,4,33,426,181,314,334,426
2BRENTWOOD1,64,0,69,1,0,19,25,2,51,0,218,8,13,184,133,98,218,184
2BRENTWOOD10,60,0,48,0,1,13,20,0,59,1,173,5,17,211,108,93,173,211
2BRENTWOOD2,80,0,99,0,0,22,15,0,62,6,250,3,16,262,179,99,250,262
2BRENTWOOD3,58,1,86,1,1,20,16,1,43,2,223,4,10,200,145,82,223,200
2BRENTWOOD4,92,1,97,0,1,22,17,0,56,0,256,13,20,257,190,96,256,257
2BRENTWOOD5,63,0,107,0,0,12,11,0,28,0,268,4,24,183,170,51,268,183
2BRENTWOOD6,55,2,78,0,0,18,9,0,38,0,248,10,13,174,135,65,248,174
2BRENTWOOD7,77,1,62,0,0,21,15,0,62,2,257,3,22,256,140,98,257,256
2BRENTWOOD8,90,1,77,0,0,25,24,1,64,2,259,4,16,273,168,114,259,273
2BRENTWOOD9,82,1,73,0,0,13,19,1,37,0,200,2,8,218,156,70,200,218
2BRIDGEVILLE1,98,1,79,1,0,23,29,1,49,0,276,3,29,266,178,103,276,266
2BRIDGEVILLE2,95,0,81,0,2,26,23,0,73,2,280,9,23,277,176,124,280,277
2BRIDGEVILLE3,88,0,69,1,0,36,29,1,62,0,271,9,19,326,157,129,271,326
2BRIDGEVILLE4,113,1,85,0,0,41,44,1,86,3,332,5,15,316,199,172,332,316
2CARNEGIE11,58,1,50,1,0,8,9,0,30,3,169,2,5,151,109,48,169,151
2CARNEGIE12,123,3,114,0,0,25,38,2,79,0,406,8,29,346,240,144,406,346
2CARNEGIE13,86,1,105,0,0,13,19,1,54,5,286,9,8,272,192,87,286,272
2CARNEGIE14,48,0,44,0,0,5,2,0,10,0,126,1,8,81,92,17,126,81
2CARNEGIE21,63,1,78,0,1,15,15,1,33,1,231,1,20,174,142,65,231,174
2CARNEGIE22,60,1,63,1,0,16,7,0,22,2,200,1,9,142,124,46,200,142
2CARNEGIE23,80,1,56,0,1,15,17,0,45,1,193,3,6,191,137,78,193,191
2CARNEGIE24,98,0,68,0,1,23,29,2,46,0,348,2,15,229,166,101,348,229
2CASTLESHANNON1,104,0,115,0,1,14,34,0,54,1,392,4,18,250,219,103,392,250
2CASTLESHANNON2,101,3,124,1,0,27,28,1,55,1,315,6,25,246,228,112,315,246
2CASTLESHANNON3,103,0,79,0,3,12,22,0,49,3,303,2,18,250,182,86,303,250
2CASTLESHANNON4,87,1,80,0,1,14,23,0,43,1,275,4,20,184,168,81,275,184
2CASTLESHANNON5,75,1,91,0,0,27,17,2,35,0,265,6,15,180,167,81,265,180
2CASTLESHANNON6,98,3,84,1,0,16,30,1,49,4,249,5,12,234,185,97,249,234
2CASTLESHANNON7,116,2,97,0,0,13,33,0,67,0,281,7,20,285,215,113,281,285
2CASTLESHANNON8,85,1,70,0,0,16,18,1,64,1,223,4,10,199,156,99,223,199
2CHALFANT,85,0,80,1,0,27,11,0,29,1,220,8,13,183,165,68,220,183
2CHESWICK1,92,2,86,0,0,36,19,1,69,0,217,3,11,255,180,125,217,255
2CHESWICK2,107,2,73,1,0,27,27,0,73,3,200,2,12,277,182,128,200,277
2CHURCHILL1,164,0,88,0,0,28,35,1,61,1,377,2,15,168,252,125,377,168
2CHURCHILL2,148,4,68,0,1,17,37,1,54,1,345,2,16,169,220,110,345,169
2CHURCHILL3,129,4,63,3,1,22,44,1,74,2,306,3,4,196,196,145,306,196
2CHURCHILL4,122,2,54,0,0,25,48,0,74,0,305,1,6,228,178,147,305,228
2CLAIRTON11,50,2,40,0,0,3,4,0,4,1,130,4,3,79,92,11,130,79
2CLAIRTON12,53,0,51,0,0,9,5,0,8,2,132,5,8,102,104,22,132,102
2CLAIRTON13,33,3,40,0,0,7,1,0,24,0,98,1,7,118,76,32,98,118
2CLAIRTON21,38,0,11,0,0,0,0,0,1,0,75,1,1,3,49,1,75,3
2CLAIRTON22,76,0,29,0,0,0,1,0,0,0,184,2,0,13,105,1,184,13
2CLAIRTON23,101,0,31,0,0,1,2,1,5,0,258,1,1,38,132,9,258,38
2CLAIRTON31,75,3,46,0,0,7,4,0,21,2,183,5,2,118,124,32,183,118
2CLAIRTON32,63,1,26,0,0,4,3,0,16,1,162,0,1,74,90,23,162,74
2CLAIRTON33,39,0,31,0,0,4,1,0,12,1,176,0,3,68,70,17,176,68
2CLAIRTON41,113,0,28,0,0,3,1,1,6,0,212,1,2,26,141,11,212,26
2CLAIRTON42,78,2,44,0,0,2,2,0,8,0,184,2,1,45,124,12,184,45
2CLAIRTON43,77,2,31,0,0,12,4,0,34,1,148,2,5,132,110,50,148,132
2COLLIER1,274,3,149,3,2,69,162,2,357,3,362,5,19,492,426,595,362,492
2COLLIER2,166,3,131,2,2,52,59,3,189,4,366,7,29,582,300,307,366,582
2COLLIER3,216,5,111,0,2,42,49,2,114,2,429,2,16,425,332,209,429,425
2COLLIER4,78,1,48,0,0,15,31,1,44,0,301,4,16,262,127,91,301,262
2CORAOPOLIS11,78,1,50,0,0,5,3,0,22,0,219,2,10,93,129,30,219,93
2CORAOPOLIS12,74,0,61,0,1,18,11,0,31,1,204,4,10,141,135,61,204,141
2CORAOPOLIS2,127,1,76,0,0,16,11,0,33,0,285,1,11,183,204,60,285,183
2CORAOPOLIS31,86,2,56,1,1,16,23,0,24,4,228,3,6,180,144,65,228,180
2CORAOPOLIS32,80,0,56,0,2,28,21,1,37,5,194,5,24,185,136,89,194,185
2CORAOPOLIS41,53,0,45,0,2,26,10,0,19,0,153,5,11,127,98,57,153,127
2CORAOPOLIS42,63,1,65,0,0,14,16,0,21,1,183,7,18,161,129,51,183,161
2CRAFTON11,104,3,130,1,0,17,45,1,46,0,368,7,28,225,237,110,368,225
2CRAFTON12,76,1,72,0,0,22,27,0,32,0,261,4,20,160,149,81,261,160
2CRAFTON21,99,1,55,1,0,22,26,2,35,1,258,5,18,171,155,86,258,171
2CRAFTON22,108,1,101,1,1,16,28,0,32,3,353,6,9,187,210,78,353,187
2CRAFTON31,128,2,119,1,0,42,45,1,56,2,379,6,31,259,249,145,379,259
2CRAFTON32,64,1,83,1,0,7,26,1,43,1,213,12,18,183,148,78,213,183
2CRESCENT1,123,2,86,2,2,44,43,1,109,1,341,5,28,439,211,201,341,439
2CRESCENT2,78,1,57,0,2,25,24,0,68,1,191,2,17,284,136,119,191,284
2DORMONT1,85,1,110,0,0,22,25,0,50,1,338,3,20,178,196,97,338,178
2DORMONT10,86,1,114,1,0,8,20,1,28,1,311,5,18,142,201,58,311,142
2DORMONT2,77,0,84,0,1,12,23,3,39,0,242,5,17,150,161,78,242,150
2DORMONT3,86,4,153,2,0,16,30,1,36,0,404,15,32,175,243,85,404,175
2DORMONT4,94,2,91,0,2,11,22,0,38,1,285,3,12,166,187,73,285,166
2DORMONT5,143,1,169,0,0,24,39,2,48,2,491,14,19,220,313,113,491,220
2DORMONT6,64,1,69,0,0,18,26,0,31,2,218,4,19,121,134,75,218,121
2DORMONT7,84,1,100,0,0,13,21,0,17,2,277,1,10,93,185,51,277,93
2DORMONT8,53,0,69,0,1,12,21,1,22,0,191,2,9,120,122,57,191,120
2DORMONT9,70,1,85,0,0,7,16,1,30,0,253,8,13,109,156,54,253,109
2DRAVOSBURG1,65,1,65,0,2,12,15,0,49,1,152,6,4,217,131,78,152,217
2DRAVOSBURG2,51,1,47,0,1,11,4,1,38,2,106,2,2,172,99,55,106,172
2DRAVOSBURG3,52,1,32,0,0,7,7,1,18,2,84,0,4,84,85,33,84,84
2DUQUESNE11,84,1,44,0,0,5,3,0,27,0,217,1,5,103,129,35,217,103
2DUQUESNE12,61,0,39,0,0,2,6,0,5,0,230,2,1,46,100,13,230,46
2DUQUESNE13,38,1,15,0,0,1,1,0,4,1,143,1,0,21,54,6,143,21
2DUQUESNE14,19,0,13,0,1,0,0,0,7,1,76,1,1,28,32,8,76,28
2DUQUESNE21,89,1,21,0,1,2,3,0,8,0,190,2,1,21,111,14,190,21
2DUQUESNE22,82,0,34,0,0,3,2,0,4,3,214,2,0,33,116,9,214,33
2DUQUESNE23,64,2,59,0,0,5,5,0,7,0,207,2,5,74,125,17,207,74
2DUQUESNE31,29,0,17,0,0,0,0,0,0,1,135,1,0,8,46,0,135,8
2DUQUESNE32,31,0,19,0,1,0,1,0,3,0,97,1,0,15,50,5,97,15
2DUQUESNE33,101,0,56,0,0,7,9,0,15,3,271,0,1,81,157,31,271,81
2EASTDEER1,42,0,26,0,0,9,6,0,19,0,91,1,6,106,68,34,91,106
2EASTDEER2,66,1,42,0,1,13,9,0,48,2,179,3,8,206,109,71,179,206
2EASTMCKEESPORT1,58,2,58,0,0,5,5,0,39,1,146,1,7,145,118,49,146,145
2EASTMCKEESPORT2,64,0,65,0,1,12,10,0,29,0,220,2,9,150,129,52,220,150
2EASTMCKEESPORT3,69,0,48,0,1,14,9,0,32,1,163,2,4,170,117,56,163,170
2EASTPITTSBURGH1,53,1,53,0,0,4,0,0,4,1,182,0,2,46,107,8,182,46
2EASTPITTSBURGH2,64,0,55,0,0,5,4,0,3,1,182,3,5,52,119,12,182,52
2EASTPITTSBURGH3,67,2,51,0,0,5,2,0,13,0,216,1,1,58,120,20,216,58
2EDGEWOOD1,182,2,162,0,2,29,34,1,13,0,607,5,20,110,346,79,607,110
2EDGEWOOD2,179,0,179,3,0,18,45,0,46,2,562,5,22,127,358,112,562,127
2EDGEWOOD3,187,0,163,1,0,18,32,0,23,1,541,9,17,82,350,74,541,82
2EDGEWORTH1,66,0,34,2,0,18,94,0,71,2,272,1,25,221,100,185,272,221
2EDGEWORTH2,69,2,43,0,0,21,104,2,78,0,295,5,19,240,114,205,295,240
2ELIZABETH,95,4,89,0,1,27,20,3,99,1,226,6,10,385,188,150,226,385
2ELIZABETH11,63,3,73,0,1,24,21,0,70,1,166,2,14,261,139,116,166,261
2ELIZABETH12,121,4,78,0,0,38,31,4,147,2,244,6,4,481,203,220,244,481
2ELIZABETH2,140,7,121,0,1,47,70,2,187,0,320,6,25,652,268,307,320,652
2ELIZABETH3,207,5,125,0,3,39,36,1,166,0,360,5,16,616,337,245,360,616
2ELIZABETH41,94,2,80,0,2,31,35,1,114,2,230,2,14,420,176,183,230,420
2ELIZABETH42,55,3,57,0,1,26,23,1,61,2,127,1,7,222,115,112,127,222
2ELIZABETH51,42,1,37,0,1,13,6,1,76,2,96,2,2,216,80,97,96,216
2ELIZABETH52,85,4,88,2,0,21,15,1,95,1,217,5,12,365,177,134,217,365
2ELIZABETH61,73,2,54,0,0,18,14,0,92,2,127,3,10,319,129,124,127,319
2ELIZABETH62,94,4,50,1,3,25,16,0,106,5,169,2,10,357,148,151,169,357
2ELIZABETH7,173,7,133,2,0,19,19,1,141,2,362,4,22,560,313,182,362,560
2EMSWORTH1,89,1,95,0,0,26,25,0,56,2,285,3,29,258,185,107,285,258
2EMSWORTH2,103,2,124,0,0,28,26,0,66,3,362,7,25,296,229,120,362,296
2ETNA1,97,2,118,0,0,19,20,2,43,2,324,4,13,229,217,84,324,229
2ETNA2,57,4,97,0,1,5,15,0,44,4,230,9,12,191,158,65,230,191
2ETNA3,78,2,89,0,0,19,13,1,49,2,222,7,20,251,169,82,222,251
2FAWN1,35,2,63,1,0,27,13,0,51,1,114,3,12,256,100,92,114,256
2FAWN2,76,1,80,1,1,36,39,1,129,6,190,11,16,457,157,207,190,457
2FINDLAY1,96,1,70,0,0,49,33,2,130,0,257,5,16,521,167,214,257,521
2FINDLAY2,165,1,146,2,1,66,77,3,172,0,457,7,38,696,312,321,457,696
2FINDLAY3,141,3,123,0,1,48,48,0,142,5,371,4,21,498,267,239,371,498
2FOR1,35,5,30,0,0,22,2,0,43,4,66,2,2,200,70,67,66,200
2FOR2,92,2,75,0,1,24,15,0,103,1,197,5,7,404,169,143,197,404
2FOR3,40,1,47,0,0,14,3,0,34,0,87,1,1,197,88,51,87,197
2FOR4,52,1,55,0,0,12,11,0,50,2,124,1,8,220,108,73,124,220
2FORESTHILLS1,148,0,96,1,0,21,43,1,43,0,356,2,11,134,244,109,356,134
2FORESTHILLS2,90,2,113,0,1,16,35,0,35,2,327,2,17,140,205,87,327,140
2FORESTHILLS3,97,4,72,0,0,26,37,3,38,2,287,3,17,177,173,104,287,177
2FORESTHILLS4,120,0,118,0,1,24,18,3,30,1,376,3,5,140,238,76,376,140
2FORESTHILLS5,139,3,104,0,1,29,35,0,38,2,321,5,13,194,246,103,321,194
2FORESTHILLS6,115,0,93,0,0,20,33,0,29,0,324,3,8,119,208,82,324,119
2FORESTHILLS7,102,2,116,0,1,20,20,0,27,5,370,3,16,146,220,68,370,146
2FORESTHILLS8,105,3,117,0,0,32,45,2,60,2,316,2,12,214,225,139,316,214
2FOXCHAPEL1,119,3,69,0,0,24,91,1,73,2,369,4,17,220,191,189,369,220
2FOXCHAPEL2,128,2,82,2,0,30,99,3,92,2,408,8,25,285,212,226,408,285
2FOXCHAPEL3,84,2,47,1,0,25,72,1,65,0,279,3,25,231,133,164,279,231
2FOXCHAPEL4,145,0,82,0,1,27,113,1,110,3,520,3,22,355,227,252,520,355
2FOXCHAPEL5,106,1,43,1,0,34,108,1,92,1,338,1,17,305,150,236,338,305
2FRANKLINPARK11,90,0,90,1,2,57,69,1,171,5,317,4,33,498,180,301,317,498
2FRANKLINPARK12,98,1,55,0,1,46,81,2,124,1,406,6,22,482,154,254,406,482
2FRANKLINPARK13,124,1,91,3,3,71,139,1,135,0,476,4,27,495,216,352,476,495
2FRANKLINPARK21,80,0,53,0,1,53,63,0,112,0,377,4,32,397,133,229,377,397
2FRANKLINPARK22,114,4,59,0,1,53,97,0,165,4,390,2,25,505,177,316,390,505
2FRANKLINPARK23,143,1,89,1,3,71,127,7,132,1,487,2,37,516,233,341,487,516
2FRANKLINPARK31,128,1,63,2,0,71,104,6,155,1,437,2,39,504,192,338,437,504
2FRANKLINPARK32,75,0,81,0,1,33,75,2,91,1,297,2,26,304,156,202,297,304
2FRANKLINPARK33,137,1,84,1,2,63,131,1,132,1,418,5,35,486,222,330,418,486
2FRAZER1,76,2,59,1,2,23,22,1,100,1,188,3,13,389,137,149,188,389
2GLASSPORT1,72,3,71,0,0,13,9,0,42,1,148,3,6,236,146,64,148,236
2GLASSPORT2,34,2,38,1,0,3,1,0,20,2,89,2,4,110,74,25,89,110
2GLASSPORT3,63,2,52,0,1,2,2,0,21,0,168,4,11,154,117,26,168,154
2GLASSPORT4,30,3,28,1,2,1,2,0,19,0,50,1,0,83,61,25,50,83
2GLASSPORT5,60,0,71,0,0,9,4,1,40,0,119,4,7,205,131,54,119,205
2GLASSPORT6,63,2,52,1,1,6,6,0,25,0,111,3,2,166,117,39,111,166
2GLENFIELD,14,0,14,1,0,2,10,0,20,0,41,0,4,63,28,33,41,63
2GREENTREE1,141,3,83,1,1,23,40,0,74,1,303,5,22,317,227,139,303,317
2GREENTREE2,154,2,101,1,0,38,55,2,111,1,430,6,33,413,257,207,430,413
2GREENTREE3,126,1,95,2,0,37,56,0,84,0,411,1,17,333,222,179,411,333
2GREENTREE4,119,3,76,1,1,12,37,0,68,1,336,4,25,265,198,119,336,265
2HAMPTON1,136,3,89,1,3,60,109,2,125,0,394,8,29,482,228,300,394,482
2HAMPTON10,152,3,106,0,0,58,112,3,156,3,477,3,34,591,261,329,477,591
2HAMPTON11,188,2,132,3,2,76,124,4,206,3,587,5,35,695,322,415,587,695
2HAMPTON12,94,1,93,1,1,53,72,1,92,2,328,2,20,331,188,220,328,331
2HAMPTON13,93,3,67,0,0,37,45,1,79,4,262,1,15,309,163,162,262,309
2HAMPTON2,110,2,92,1,0,42,79,2,148,7,374,3,30,550,204,272,374,550
2HAMPTON3,112,3,102,2,3,63,93,3,127,2,407,6,29,560,217,291,407,560
2HAMPTON4,65,1,74,1,1,34,21,1,64,2,199,2,18,257,140,122,199,257
2HAMPTON5,69,4,70,0,1,32,45,2,65,6,238,3,29,282,143,145,238,282
2HAMPTON6,67,0,43,0,0,34,50,0,68,3,215,0,16,253,110,152,215,253
2HAMPTON7,107,1,88,1,0,65,138,4,155,1,407,1,30,583,196,363,407,583
2HAMPTON8,109,1,65,0,0,64,79,0,97,2,345,4,17,387,175,240,345,387
2HAMPTON9,132,0,117,1,0,68,65,0,150,3,404,3,27,551,249,284,404,551
2HARMAR1,153,3,99,2,0,24,81,2,136,1,438,0,17,539,255,245,438,539
2HARMAR2,65,3,84,0,1,11,12,0,47,2,191,4,23,260,152,71,191,260
2HARMAR3,43,2,47,0,1,8,9,0,32,0,100,0,6,156,92,50,100,156
2HARRISON11,42,0,35,0,1,11,11,0,30,0,91,1,7,134,77,53,91,134
2HARRISON12,67,1,60,0,1,31,34,1,79,0,188,3,11,249,128,146,188,249
2HARRISON13,62,3,53,0,0,24,17,0,90,6,179,3,16,279,118,131,179,279
2HARRISON21,55,1,29,0,0,9,2,0,26,0,111,4,2,103,85,37,111,103
2HARRISON22,63,4,53,0,0,10,4,0,33,1,171,3,5,171,120,47,171,171
2HARRISON31,127,11,113,0,3,44,27,0,112,1,318,7,17,431,251,186,318,431
2HARRISON32,92,6,77,0,0,22,21,0,68,1,209,5,16,253,175,111,209,253
2HARRISON41,98,3,70,0,1,15,13,3,64,2,191,2,9,294,171,96,191,294
2HARRISON42,68,1,49,0,0,11,6,1,60,2,168,2,5,230,118,78,168,230
2HARRISON51,48,0,41,1,0,10,5,0,24,0,158,8,5,99,89,40,158,99
2HARRISON52,84,1,64,0,0,25,22,0,64,1,193,4,14,332,149,111,193,332
2HAYSVILLE,2,0,6,0,0,3,4,0,8,0,16,0,2,23,8,15,16,23
2HEIDELBERG1,127,1,88,0,1,19,21,0,49,3,297,7,23,273,216,90,297,273
2HOMESTEAD11,100,1,35,0,0,3,2,0,9,0,250,2,1,70,136,14,250,70
2HOMESTEAD12,77,0,34,0,0,2,0,0,1,0,211,1,2,17,111,3,211,17
2HOMESTEAD21,61,0,29,0,1,1,0,0,2,1,221,2,0,21,90,4,221,21
2HOMESTEAD22,81,0,35,0,0,0,2,0,3,0,187,1,1,10,116,5,187,10
2HOMESTEAD31,79,1,49,0,0,3,0,0,2,2,243,2,3,39,129,5,243,39
2HOMESTEAD32,48,0,24,0,0,0,0,0,3,0,167,1,4,10,72,3,167,10
2INDIANA1,107,2,78,2,0,57,41,2,106,4,311,3,16,359,187,208,311,359
2INDIANA2,83,2,72,1,1,41,71,0,89,1,276,1,19,367,157,203,276,367
2INDIANA3,99,1,95,0,0,32,54,1,106,4,349,2,17,485,195,193,349,485
2INDIANA4,130,3,109,0,0,43,81,0,120,2,390,2,36,403,242,244,390,403
2INDIANA5,113,0,82,4,0,41,71,0,83,1,337,5,20,352,195,199,337,352
2INGRAM1,113,2,116,0,0,22,16,2,50,5,331,7,20,221,231,90,331,221
2INGRAM2,86,1,63,0,0,14,15,0,52,0,248,2,8,166,150,81,248,166
2INGRAM3,120,4,131,1,1,31,27,0,63,3,376,6,13,272,255,123,376,272
2JEFFERSONHILLS1,173,4,108,0,1,49,62,5,222,3,467,7,18,721,285,339,467,721
2JEFFERSONHILLS2,83,1,95,0,1,28,19,0,86,5,214,0,17,394,179,134,214,394
2JEFFERSONHILLS3,69,4,53,0,0,30,26,0,49,1,210,4,13,274,126,105,210,274
2JEFFERSONHILLS4,66,1,46,0,0,21,11,0,74,1,191,3,6,251,113,106,191,251
2JEFFERSONHILLS5,178,2,151,2,2,66,110,3,275,1,558,8,35,914,331,458,558,914
2JEFFERSONHILLS6,85,5,93,0,1,29,23,1,122,2,196,2,14,523,183,176,196,523
2JEFFERSONHILLS7,39,0,36,0,0,8,8,1,56,1,99,2,5,172,75,73,99,172
2JEFFERSONHILLS8,139,2,93,0,2,54,39,1,127,3,358,2,25,510,234,223,358,510
2KENNEDY1,267,6,225,1,0,30,56,1,103,3,520,7,17,629,498,191,520,629
2KENNEDY2,139,5,89,0,1,15,27,0,42,2,305,4,17,295,233,85,305,295
2KENNEDY3,186,6,119,0,0,16,39,0,70,1,363,3,12,400,311,125,363,400
2KENNEDY4,116,3,54,0,0,6,14,0,16,1,183,2,5,143,173,36,183,143
2KENNEDY5,210,3,193,0,0,28,55,1,74,2,479,9,21,545,406,158,479,545
2KENNEDY6,121,4,100,1,0,8,15,1,58,0,288,1,8,337,225,83,288,337
2KENNEDY7,100,2,72,0,0,6,18,0,45,1,177,0,4,242,174,69,177,242
2KILBUCK,65,1,62,0,0,31,48,0,75,1,212,2,13,233,128,154,212,233
2LEET1,52,0,55,0,0,18,14,2,34,2,152,2,16,142,107,68,152,142
2LEET2,83,1,60,1,0,28,89,1,84,0,275,5,22,267,144,203,275,267
2LEETSDALE1,113,2,96,0,2,20,31,0,79,2,304,8,19,281,211,132,304,281
2LIBERTY1,91,5,115,0,2,25,16,0,94,0,227,1,10,429,211,137,227,429
2LIBERTY2,101,1,100,0,1,23,12,1,75,3,224,2,15,351,202,112,224,351
2LINCOLN,72,2,85,1,0,20,18,0,86,1,137,4,8,378,159,125,137,378
2MARSHALL1,59,0,59,0,1,49,91,0,89,0,304,2,23,353,118,230,304,353
2MARSHALL2,85,3,54,2,2,40,110,0,156,0,299,3,25,488,142,310,299,488
2MARSHALL3,72,0,30,0,1,42,70,1,84,2,258,0,14,320,102,198,258,320
2MARSHALL4,106,1,54,3,0,55,74,3,112,0,371,1,19,438,161,247,371,438
2MARSHALL5,89,2,68,0,1,68,77,1,111,4,389,5,27,534,159,258,389,534
2MARSHALL6,81,2,44,0,1,60,82,0,96,2,340,5,28,376,127,239,340,376
2MCCANDLESS11,90,0,66,3,0,69,131,4,140,2,349,2,22,466,156,347,349,466
2MCCANDLESS12,103,2,52,0,0,26,47,0,72,0,327,3,13,266,157,145,327,266
2MCCANDLESS13,94,2,73,0,0,58,54,2,121,2,385,11,29,435,169,235,385,435
2MCCANDLESS21,148,2,114,1,0,62,117,1,137,4,512,8,33,488,264,318,512,488
2MCCANDLESS22,84,0,73,1,1,41,61,0,91,3,285,5,26,362,157,195,285,362
2MCCANDLESS23,89,4,51,0,0,39,61,0,92,2,311,8,11,347,144,192,311,347
2MCCANDLESS31,127,1,100,0,1,40,71,0,98,3,360,6,23,356,228,210,360,356
2MCCANDLESS32,94,1,103,1,2,45,80,3,124,3,383,4,29,437,198,255,383,437
2MCCANDLESS33,116,3,93,2,1,55,81,3,144,4,358,2,31,437,212,286,358,437
2MCCANDLESS41,149,3,149,0,3,81,108,2,162,7,492,11,45,631,301,356,492,631
2MCCANDLESS42,87,2,88,0,1,32,52,3,87,4,316,7,25,353,177,175,316,353
2MCCANDLESS43,76,2,49,0,2,47,94,1,83,3,264,2,22,305,127,227,264,305
2MCCANDLESS51,92,2,59,1,0,55,66,1,104,0,261,8,21,377,153,227,261,377
2MCCANDLESS52,120,0,109,1,1,52,69,2,145,5,450,5,25,473,229,270,450,473
2MCCANDLESS53,123,1,78,0,0,43,66,1,90,7,374,1,22,332,202,200,374,332
2MCCANDLESS61,62,2,47,0,0,21,46,1,53,2,168,6,13,194,111,121,168,194
2MCCANDLESS62,115,1,93,1,1,64,76,0,122,1,343,5,20,448,209,264,343,448
2MCCANDLESS63,158,1,125,1,0,85,140,5,166,2,626,9,37,646,284,397,626,646
2MCCANDLESS71,137,3,123,0,0,61,91,1,161,2,536,6,31,567,263,314,536,567
2MCCANDLESS72,123,4,91,1,0,57,88,0,107,3,368,4,25,397,218,253,368,397
2MCCANDLESS73,67,2,38,1,0,24,43,4,66,0,196,3,13,200,107,138,196,200
2MCDONALD5,19,2,15,0,0,9,7,0,28,0,49,4,3,94,36,44,49,94
2MCKEESPORT1,1,0,1,0,0,0,0,0,0,0,5,0,0,0,2,0,5,0
2MCKEESPORT101,35,0,36,0,1,2,3,0,13,0,92,5,4,80,71,19,92,80
2MCKEESPORT102,29,1,26,0,0,6,4,0,18,0,107,1,2,95,56,28,107,95
2MCKEESPORT111,56,1,65,0,0,4,5,0,25,1,135,1,8,130,122,34,135,130
2MCKEESPORT112,51,1,45,0,0,2,2,2,38,2,104,3,3,147,97,44,104,147
2MCKEESPORT113,66,1,25,0,2,2,3,0,16,0,120,2,1,69,92,23,120,69
2MCKEESPORT121,40,5,23,0,0,7,2,0,15,3,81,1,2,107,68,24,81,107
2MCKEESPORT122,60,3,37,0,1,10,8,0,36,1,107,3,3,157,100,55,107,157
2MCKEESPORT123,122,6,88,0,0,14,13,0,50,2,169,3,4,259,216,77,169,259
2MCKEESPORT2,28,3,5,0,0,0,0,0,7,0,68,1,2,21,36,7,68,21
2MCKEESPORT31,63,1,14,0,1,3,1,0,4,0,160,1,0,5,78,9,160,5
2MCKEESPORT32,19,0,7,0,0,0,0,0,0,0,67,1,0,1,26,0,67,1
2MCKEESPORT4,34,0,16,0,0,1,1,0,0,1,134,3,1,4,50,2,134,4
2MCKEESPORT5,80,0,27,0,0,1,5,1,5,2,222,0,4,36,107,12,222,36
2MCKEESPORT61,39,2,21,0,0,3,0,0,3,0,131,1,2,48,62,6,131,48
2MCKEESPORT62,38,1,17,0,0,2,2,0,7,1,132,1,1,28,56,11,132,28
2MCKEESPORT71,105,0,42,0,0,3,5,0,10,1,269,1,4,39,147,18,269,39
2MCKEESPORT72,80,0,11,0,0,1,0,0,1,0,164,3,1,8,91,2,164,8
2MCKEESPORT73,50,0,38,0,0,2,1,0,6,1,147,1,5,43,88,9,147,43
2MCKEESPORT74,61,0,40,0,0,4,3,0,9,0,211,2,0,47,101,16,211,47
2MCKEESPORT75,91,3,44,0,0,2,0,0,8,0,249,4,3,93,138,10,249,93
2MCKEESPORT76,79,0,43,0,1,5,1,0,15,1,225,4,5,79,122,22,225,79
2MCKEESPORT77,81,1,27,0,0,1,3,0,3,0,193,3,1,20,109,7,193,20
2MCKEESPORT81,34,0,31,0,0,5,1,0,15,0,90,2,1,83,65,21,90,83
2MCKEESPORT82,97,0,46,0,0,9,3,0,26,1,224,5,2,109,143,38,224,109
2MCKEESPORT83,71,0,42,0,0,9,4,0,8,1,242,3,4,73,113,21,242,73
2MCKEESPORT84,64,2,49,0,1,19,10,0,33,1,146,2,5,170,115,63,146,170
2MCKEESPORT85,78,1,25,0,0,2,0,0,0,0,254,3,3,14,104,2,254,14
2MCKEESPORT86,24,0,19,0,0,9,3,0,22,0,71,3,1,71,43,34,71,71
2MCKEESPORT91,64,6,39,0,0,4,2,0,36,1,156,1,5,131,109,42,156,131
2MCKEESPORT92,82,1,65,0,0,6,7,0,29,2,208,4,10,150,148,42,208,150
2MCKEESPORT93,50,2,48,0,0,7,3,0,15,1,148,1,4,117,100,25,148,117
2MCKEESROCKS11,44,0,7,0,0,0,0,0,1,0,128,1,0,3,51,1,128,3
2MCKEESROCKS12,63,0,51,0,0,2,4,0,10,1,221,3,4,89,114,16,221,89
2MCKEESROCKS21,74,3,77,0,0,5,10,0,9,2,262,1,7,119,154,24,262,119
2MCKEESROCKS22,73,0,32,0,0,4,8,0,11,2,223,2,6,94,105,23,223,94
2MCKEESROCKS31,102,4,53,0,0,6,11,0,28,0,256,7,10,193,159,45,256,193
2MCKEESROCKS32,61,0,52,0,0,5,4,0,10,1,212,5,2,102,113,19,212,102
2MCKEESROCKS33,71,3,49,0,0,2,10,0,20,2,210,2,3,104,123,32,210,104
2MILLVALE1,38,1,86,0,0,9,3,0,23,3,196,7,9,129,125,35,196,129
2MILLVALE2,38,1,70,0,0,3,6,0,29,0,143,7,7,121,109,38,143,121
2MILLVALE3,42,1,66,1,0,6,7,0,17,2,164,6,7,97,109,31,164,97
2MILLVALE4,41,1,60,0,0,5,7,0,37,1,137,6,7,131,102,49,137,131
2MILLVALE5,93,1,90,0,0,7,3,0,16,5,219,8,11,142,184,26,219,142
2MONROEVILLE11,99,2,77,0,0,19,5,0,40,0,258,0,8,222,178,64,258,222
2MONROEVILLE12,82,2,63,0,0,27,33,0,72,1,223,4,12,258,147,132,223,258
2MONROEVILLE13,142,2,77,1,0,42,53,1,55,3,378,2,17,271,221,152,378,271
2MONROEVILLE14,107,1,91,0,0,15,19,0,37,3,387,4,12,178,199,71,387,178
2MONROEVILLE21,154,4,99,0,0,38,47,2,76,2,394,6,12,304,257,163,394,304
2MONROEVILLE22,154,2,91,1,1,50,52,3,94,3,387,7,22,351,247,201,387,351
2MONROEVILLE23,175,4,104,0,0,49,59,0,127,0,423,2,15,394,283,235,423,394
2MONROEVILLE31,153,3,114,1,1,48,57,1,135,2,407,5,18,445,270,243,407,445
2MONROEVILLE32,67,2,64,0,1,33,28,0,73,3,211,1,7,290,133,135,211,290
2MONROEVILLE33,156,2,123,1,1,45,47,2,112,4,385,5,17,391,281,208,385,391
2MONROEVILLE34,61,0,31,0,0,14,26,1,51,1,166,0,11,150,92,92,166,150
2MONROEVILLE41,76,2,76,0,1,25,17,0,67,0,211,2,14,275,154,110,211,275
2MONROEVILLE42,106,1,108,2,1,43,51,0,93,3,342,5,21,367,215,190,342,367
2MONROEVILLE43,137,3,113,0,0,44,28,0,83,2,358,3,22,370,253,155,358,370
2MONROEVILLE51,83,4,79,0,0,37,16,0,56,1,193,3,4,274,166,109,193,274
2MONROEVILLE52,81,1,73,2,0,22,18,1,36,3,360,3,22,186,155,79,360,186
2MONROEVILLE53,116,2,57,0,1,33,19,2,83,1,329,3,15,253,175,138,329,253
2MONROEVILLE54,61,0,33,0,0,20,12,0,26,1,235,4,8,140,94,58,235,140
2MONROEVILLE61,126,5,87,0,1,31,19,0,69,1,262,6,15,340,218,120,262,340
2MONROEVILLE62,111,1,73,1,2,23,17,2,55,0,272,3,12,278,185,100,272,278
2MONROEVILLE63,123,0,102,0,0,20,21,1,48,1,427,5,10,238,225,90,427,238
2MONROEVILLE64,63,1,25,0,0,7,8,1,16,0,132,1,2,79,89,32,132,79
2MONROEVILLE71,229,2,132,3,0,43,49,1,92,0,596,6,22,393,363,188,596,393
2MONROEVILLE72,189,0,93,0,1,19,13,0,51,1,416,5,10,185,282,84,416,185
2MONROEVILLE73,119,2,59,0,4,19,21,0,56,1,248,2,5,197,180,100,248,197
2MOON1,109,3,92,0,0,30,45,0,78,3,438,3,33,437,204,153,438,437
2MOON10,86,1,65,1,1,35,40,0,75,4,264,1,18,286,152,152,264,286
2MOON11,148,2,114,1,1,49,74,2,140,3,409,4,22,577,264,267,409,577
2MOON12,123,3,87,0,0,41,77,3,105,1,356,6,30,384,213,226,356,384
2MOON13,67,5,61,0,1,44,38,0,87,0,209,2,18,313,133,170,209,313
2MOON2,178,4,146,2,1,74,118,2,185,1,575,9,39,698,328,382,575,698
2MOON3,162,5,117,0,0,45,57,0,91,2,447,9,23,431,284,193,447,431
2MOON4,74,1,60,0,1,21,29,0,82,2,228,3,17,309,135,133,228,309
2MOON5,192,2,175,0,3,81,129,2,207,3,759,7,47,959,369,422,759,959
2MOON6,209,4,131,2,0,68,122,4,231,3,668,10,33,918,344,427,668,918
2MOON7,144,4,108,1,1,40,51,0,111,2,460,6,35,454,256,204,460,454
2MOON8,121,1,92,0,1,41,45,0,110,1,315,3,19,399,214,197,315,399
2MOON9,122,3,113,2,1,79,78,0,204,6,461,3,33,729,238,364,461,729
2MT.LEBANON11,118,1,59,2,0,28,112,3,80,0,341,8,22,260,178,225,341,260
2MT.LEBANON12,108,1,90,0,0,21,28,0,25,2,338,6,17,124,199,74,338,124
2MT.LEBANON13,115,0,68,0,0,17,46,2,48,1,328,2,8,164,183,113,328,164
2MT.LEBANON14,126,1,67,0,1,21,51,1,61,1,379,4,9,210,194,135,379,210
2MT.LEBANON15,104,1,80,0,0,21,66,1,47,4,306,4,15,160,185,135,306,160
2MT.LEBANON16,148,1,84,1,0,35,94,1,95,3,439,5,15,313,233,226,439,313
2MT.LEBANON17,138,1,126,0,0,18,49,2,42,0,403,3,27,159,265,111,403,159
2MT.LEBANON21,155,1,83,1,0,27,115,0,78,1,481,3,19,234,239,221,481,234
2MT.LEBANON22,102,0,70,1,1,18,41,1,49,2,307,3,10,161,172,111,307,161
2MT.LEBANON23,108,0,81,1,0,29,56,1,44,1,350,1,23,143,189,131,350,143
2MT.LEBANON24,89,0,65,1,0,18,38,0,38,0,272,4,8,135,154,95,272,135
2MT.LEBANON25,113,0,73,0,0,22,53,1,45,1,326,1,14,156,186,121,326,156
2MT.LEBANON26,98,0,60,1,0,24,29,0,44,1,263,6,13,166,158,98,263,166
2MT.LEBANON27,132,0,71,0,1,23,27,0,50,2,319,2,9,176,203,101,319,176
2MT.LEBANON28,168,2,70,0,1,29,78,0,81,3,396,4,10,325,240,189,396,325
2MT.LEBANON31,116,1,45,2,0,26,60,0,46,0,294,3,16,183,162,134,294,183
2MT.LEBANON32,129,1,88,0,0,32,60,4,70,2,409,3,25,235,218,166,409,235
2MT.LEBANON33,98,3,58,0,0,18,80,2,62,0,278,1,17,215,159,162,278,215
2MT.LEBANON34,91,1,66,1,0,14,51,1,61,4,299,4,20,205,158,128,299,205
2MT.LEBANON35,103,2,67,1,1,29,62,1,61,1,332,9,28,172,172,155,332,172
2MT.LEBANON36,73,1,54,1,0,16,29,0,34,2,216,5,9,121,128,80,216,121
2MT.LEBANON37,147,2,65,0,0,41,73,3,80,2,328,7,12,281,214,197,328,281
2MT.LEBANON38,57,0,36,0,0,15,26,0,31,0,151,1,6,89,93,72,151,89
2MT.LEBANON41,116,0,69,0,0,21,51,1,52,1,365,5,16,174,185,125,365,174
2MT.LEBANON42,136,0,106,1,0,22,52,4,45,0,420,8,23,194,242,124,420,194
2MT.LEBANON43,118,3,68,3,0,27,35,0,52,1,305,3,15,196,189,117,305,196
2MT.LEBANON44,120,0,62,0,0,29,66,0,50,1,296,4,12,221,182,145,296,221
2MT.LEBANON45,99,0,70,1,0,11,71,1,55,2,300,4,11,175,169,139,300,175
2MT.LEBANON46,104,1,90,0,1,15,44,0,49,6,347,6,22,169,195,109,347,169
2MT.LEBANON47,131,0,80,0,1,15,52,1,50,1,384,3,8,179,211,119,384,179
2MT.LEBANON51,103,2,71,0,0,20,21,0,36,3,289,6,19,145,176,77,289,145
2MT.LEBANON52,52,1,41,1,0,11,9,0,18,1,185,4,7,86,94,39,185,86
2MT.LEBANON53,85,2,96,0,0,15,41,0,44,0,278,5,13,157,183,100,278,157
2MT.LEBANON54,94,0,56,0,0,21,45,0,35,0,272,6,12,165,150,101,272,165
2MT.LEBANON55,127,2,83,0,0,18,51,0,52,1,336,2,18,141,212,121,336,141
2MT.LEBANON56,73,2,54,0,1,17,38,0,28,0,223,0,17,131,129,84,223,131
2MT.LEBANON57,121,1,77,2,2,35,51,2,58,0,398,2,10,190,199,150,398,190
2MT.LEBANON58,117,0,129,1,1,29,33,0,51,3,469,7,22,202,246,115,469,202
2MT.OLIVER1,72,2,61,0,0,5,7,1,16,1,276,5,8,72,135,29,276,72
2MT.OLIVER2,97,3,70,0,2,4,1,0,13,3,342,2,7,102,170,20,342,102
2MT.OLIVER3,64,1,56,0,0,4,3,1,14,3,197,5,2,96,121,22,197,96
2MT.OLIVER4,50,1,35,0,0,0,2,1,10,0,142,2,9,74,86,13,142,74
2MUNHALL1,54,1,29,0,0,6,5,0,26,0,161,2,6,120,84,37,161,120
2MUNHALL10,82,2,64,0,0,7,10,0,19,1,182,1,10,162,148,36,182,162
2MUNHALL11,159,1,123,0,0,26,35,0,74,2,359,8,16,335,283,135,359,335
2MUNHALL12,102,5,76,1,0,12,7,0,48,4,200,4,10,233,183,68,200,233
2MUNHALL2,77,0,35,0,0,4,7,0,11,1,212,1,5,51,112,22,212,51
2MUNHALL3,64,1,67,0,0,8,2,0,4,1,256,3,7,66,132,14,256,66
2MUNHALL4,60,0,49,0,0,6,5,0,16,2,198,1,3,76,109,27,198,76
2MUNHALL5,111,0,90,1,0,14,13,0,41,1,252,3,14,222,201,69,252,222
2MUNHALL6,105,3,104,0,0,12,20,2,38,1,274,4,14,219,212,72,274,219
2MUNHALL7,193,2,154,0,0,25,24,2,70,5,444,5,21,374,349,121,444,374
2MUNHALL8,104,4,88,0,0,12,21,3,50,0,249,1,6,238,196,86,249,238
2MUNHALL9,109,6,91,0,0,9,13,0,40,1,274,5,5,220,206,62,274,220
2NEVILLE1,28,1,35,0,0,6,12,0,17,3,56,2,13,108,64,35,56,108
2NEVILLE2,35,1,19,1,1,5,7,0,8,1,67,1,3,58,55,22,67,58
2NEVILLE3,50,3,30,0,3,7,11,0,20,1,103,4,3,94,83,41,103,94
2NORTHBRADDOCK11,59,0,24,0,0,2,3,0,5,0,101,1,2,61,83,10,101,61
2NORTHBRADDOCK12,83,0,60,0,0,8,0,0,16,0,216,1,8,110,143,24,216,110
2NORTHBRADDOCK13,74,0,49,0,0,3,4,0,17,0,236,2,7,88,123,24,236,88
2NORTHBRADDOCK21,69,0,38,0,2,3,4,0,6,2,203,5,1,56,107,15,203,56
2NORTHBRADDOCK22,106,2,61,1,0,3,2,0,6,1,287,4,6,92,169,12,287,92
2NORTHBRADDOCK31,88,0,46,0,0,0,1,0,1,1,219,2,2,7,134,2,219,7
2NORTHBRADDOCK32,81,1,36,0,0,6,1,0,2,0,296,1,1,35,118,9,296,35
2NORTHFAYETTE1,190,5,117,0,1,54,63,1,231,2,501,6,31,893,312,350,501,893
2NORTHFAYETTE2,215,1,166,0,2,73,86,2,193,3,655,5,42,808,382,356,655,808
2NORTHFAYETTE3,261,4,147,0,0,68,82,1,188,4,673,9,30,816,412,339,673,816
2NORTHFAYETTE4,78,3,86,0,1,30,22,1,88,5,245,1,18,429,167,142,245,429
2NORTHFAYETTE5,195,6,154,1,1,97,82,3,237,2,597,8,29,980,355,421,597,980
2NORTHVERSAILLES11,92,5,54,0,0,11,12,1,51,2,208,1,12,247,151,75,208,247
2NORTHVERSAILLES12,99,3,88,0,0,13,14,0,81,1,228,3,11,277,190,108,228,277
2NORTHVERSAILLES21,89,4,61,0,0,22,4,2,48,2,221,1,8,237,154,76,221,237
2NORTHVERSAILLES22,41,2,18,0,0,5,1,0,20,0,80,1,4,60,61,26,80,60
2NORTHVERSAILLES31,81,0,54,0,0,14,16,0,52,0,170,0,13,195,135,82,170,195
2NORTHVERSAILLES32,93,0,53,0,2,13,13,0,32,1,207,2,9,202,146,60,207,202
2NORTHVERSAILLES41,66,2,40,0,0,5,5,0,37,1,148,1,9,181,108,47,148,181
2NORTHVERSAILLES42,54,2,36,0,1,7,6,0,46,2,129,2,4,160,92,60,129,160
2NORTHVERSAILLES51,60,2,45,0,0,3,7,0,22,0,182,4,8,126,107,32,182,126
2NORTHVERSAILLES52,51,0,30,0,0,6,4,2,19,2,119,2,2,107,81,31,119,107
2NORTHVERSAILLES61,81,3,70,0,1,22,17,0,52,1,190,2,14,272,154,92,190,272
2NORTHVERSAILLES62,64,1,68,1,1,20,7,0,46,3,162,3,7,222,133,75,162,222
2NORTHVERSAILLES7,152,2,60,0,0,7,5,0,13,2,347,2,8,90,214,25,347,90
2OAKDALE1,73,2,67,1,0,13,23,0,50,3,187,1,10,237,142,87,187,237
2OAKDALE2,71,0,56,0,0,16,12,0,47,2,145,3,11,180,127,75,145,180
2OAKMONT1,120,1,102,2,0,48,66,1,76,4,368,2,29,300,223,193,368,300
2OAKMONT2,135,1,85,3,1,53,116,2,131,1,370,4,15,401,221,306,370,401
2OAKMONT3,94,0,90,0,2,28,41,0,59,3,284,2,12,245,184,130,284,245
2OAKMONT4,101,2,101,2,0,48,54,0,67,6,337,2,22,275,204,171,337,275
2OAKMONT5,82,1,94,0,0,30,40,0,59,1,279,4,15,226,177,129,279,226
2OAKMONT6,147,3,73,1,1,33,44,1,73,5,412,4,20,316,223,153,412,316
2OHARA11,133,2,89,1,1,34,68,1,82,3,394,4,22,299,224,187,394,299
2OHARA12,69,0,65,0,0,17,30,1,56,0,261,4,12,202,134,104,261,202
2OHARA21,104,0,65,2,0,22,51,1,44,1,275,4,18,165,169,120,275,165
2OHARA22,112,0,76,0,0,32,71,2,81,1,375,9,17,295,188,186,375,295
2OHARA31,85,0,73,0,0,32,48,1,59,1,278,3,16,233,158,140,278,233
2OHARA32,77,2,65,0,0,22,26,0,61,1,197,4,16,227,144,109,197,227
2OHARA41,106,0,52,4,0,17,49,5,43,0,251,2,9,141,158,118,251,141
2OHARA42,142,1,116,1,2,22,37,1,63,1,408,3,16,187,259,126,408,187
2OHARA51,102,0,63,0,0,23,51,2,67,5,324,1,17,224,165,143,324,224
2OHARA52,159,0,75,0,0,21,61,1,60,2,423,2,10,236,234,143,423,236
2OHIO1,137,1,82,1,1,68,123,3,162,1,439,7,45,561,220,358,439,561
2OHIO2,174,1,111,1,1,68,103,3,143,4,483,4,26,644,286,319,483,644
2OHIO3,187,0,102,2,4,68,106,0,150,4,626,5,44,608,289,330,626,608
2OSBORNE,69,0,28,1,0,16,34,0,40,0,187,1,16,139,97,91,187,139
2PENNHILLS11,222,1,69,1,1,2,2,0,6,1,498,1,2,28,292,12,498,28
2PENNHILLS12,220,1,67,1,0,4,4,0,9,1,494,2,1,41,288,18,494,41
2PENNHILLS13,110,0,37,0,0,0,1,0,2,1,335,0,2,11,147,3,335,11
2PENNHILLS14,79,0,22,0,1,0,1,0,3,0,200,0,2,11,101,5,200,11
2PENNHILLS15,59,0,19,0,0,0,0,0,0,0,173,1,0,1,78,0,173,1
2PENNHILLS21,174,1,71,0,1,6,2,0,7,0,465,5,10,50,246,16,465,50
2PENNHILLS22,144,0,106,1,0,8,6,0,7,1,463,7,4,44,250,22,463,44
2PENNHILLS23,157,1,92,1,2,11,17,0,21,3,514,5,6,109,250,52,514,109
2PENNHILLS24,133,0,84,0,1,16,16,0,19,1,373,6,8,67,217,52,373,67
2PENNHILLS31,110,1,81,2,1,21,29,2,57,1,311,5,10,201,192,112,311,201
2PENNHILLS32,113,1,40,0,0,8,11,0,18,0,263,2,7,77,154,37,263,77
2PENNHILLS33,121,0,55,0,1,14,10,1,22,2,342,4,11,90,176,48,342,90
2PENNHILLS34,167,0,78,1,2,21,13,0,25,7,437,3,7,120,245,62,437,120
2PENNHILLS35,62,0,49,0,0,5,2,0,15,0,211,2,9,62,111,22,211,62
2PENNHILLS36,74,2,38,0,0,7,18,1,27,2,211,1,5,117,114,53,211,117
2PENNHILLS41,92,0,51,0,0,13,18,0,18,1,281,3,12,92,143,49,281,92
2PENNHILLS42,131,0,88,0,1,14,3,0,38,1,360,5,8,145,219,56,360,145
2PENNHILLS43,123,2,71,0,0,7,22,0,51,0,344,7,14,169,196,80,344,169
2PENNHILLS44,109,0,72,0,0,22,10,1,20,0,299,4,12,107,181,53,299,107
2PENNHILLS45,87,0,67,0,0,16,18,0,22,3,262,3,9,131,154,56,262,131
2PENNHILLS51,131,0,82,0,1,16,5,2,31,0,329,2,4,170,213,55,329,170
2PENNHILLS52,88,1,51,0,0,7,11,0,34,1,253,1,7,138,140,52,253,138
2PENNHILLS53,130,2,61,0,1,30,32,1,48,0,321,3,11,194,193,112,321,194
2PENNHILLS54,119,1,61,0,1,22,21,0,51,0,279,3,12,185,181,95,279,185
2PENNHILLS55,95,1,52,0,0,18,13,1,34,1,236,2,5,127,148,66,236,127
2PENNHILLS56,104,0,77,0,0,16,25,0,49,2,322,6,6,187,181,90,322,187
2PENNHILLS61,47,0,52,0,0,16,14,0,32,3,204,0,5,155,99,62,204,155
2PENNHILLS62,112,3,80,0,0,20,13,0,28,0,302,3,4,131,195,61,302,131
2PENNHILLS63,117,1,58,0,1,21,11,0,25,3,273,6,6,121,176,58,273,121
2PENNHILLS64,119,1,64,0,0,7,2,0,15,0,357,2,5,53,184,24,357,53
2PENNHILLS65,108,1,50,0,0,13,8,0,11,1,309,2,3,101,159,32,309,101
2PENNHILLS66,102,1,75,0,0,16,10,0,22,2,281,4,8,141,178,48,281,141
2PENNHILLS71,141,1,71,1,1,15,8,0,27,1,377,3,7,123,213,52,377,123
2PENNHILLS72,80,1,56,1,1,23,10,0,29,2,221,3,8,170,137,64,221,170
2PENNHILLS73,155,2,103,0,0,25,9,0,47,1,447,3,11,172,260,81,447,172
2PENNHILLS74,106,4,72,0,0,17,11,1,41,6,237,5,11,193,182,70,237,193
2PENNHILLS75,107,1,73,0,0,24,21,0,40,4,309,1,10,169,181,85,309,169
2PENNHILLS76,131,1,75,0,1,18,16,1,41,1,355,2,5,178,207,77,355,178
2PENNHILLS77,77,1,81,1,1,16,19,0,45,0,240,2,11,216,159,82,240,216
2PENNHILLS81,89,5,64,0,0,35,19,0,57,5,236,4,10,228,158,111,236,228
2PENNHILLS82,67,0,62,0,0,23,9,2,48,2,189,3,10,207,129,82,189,207
2PENNHILLS83,64,1,60,0,1,29,22,1,37,2,177,5,14,199,125,90,177,199
2PENNHILLS84,87,3,66,0,0,27,22,0,56,0,239,3,10,240,156,105,239,240
2PENNHILLS85,121,1,119,0,1,35,29,3,55,4,346,8,21,277,241,123,346,277
2PENNHILLS86,65,1,57,0,1,22,19,0,42,1,169,3,5,201,123,84,169,201
2PENNHILLS91,68,1,71,0,1,19,28,0,54,0,210,1,17,187,140,102,210,187
2PENNHILLS92,73,3,46,2,0,27,28,0,43,0,211,4,9,170,122,100,211,170
2PENNHILLS93,117,3,81,1,2,33,21,2,60,1,310,3,16,271,201,119,310,271
2PENNHILLS94,91,2,84,0,0,12,19,0,65,2,233,2,17,206,177,96,233,206
2PENNHILLS95,87,0,29,0,0,4,0,0,4,0,202,1,0,15,116,8,202,15
2PENNSBURYVILLAGE,87,3,47,1,0,18,23,2,41,2,234,4,20,189,137,85,234,189
2PINE1,80,0,53,0,1,54,109,0,144,1,363,3,23,518,133,308,363,518
2PINE2,113,1,65,2,1,77,156,1,161,0,443,2,45,753,179,398,443,753
2PINE3,38,1,27,0,0,26,16,1,53,2,121,0,9,214,66,96,121,214
2PINE4,85,2,65,2,0,49,104,0,143,4,356,7,21,514,152,298,356,514
2PINE5,121,2,78,0,1,82,124,1,172,2,496,3,39,685,201,380,496,685
2PINE6,24,0,18,0,0,43,64,0,55,3,138,2,13,258,42,162,138,258
2PINE7,111,1,98,1,1,62,81,3,151,4,417,1,47,528,210,299,417,528
2PINE8,79,0,54,0,0,63,80,1,129,1,295,5,16,494,133,273,295,494
2PITCAIRN1,81,0,100,1,0,24,10,1,60,1,301,3,12,255,181,96,301,255
2PITCAIRN2,56,0,33,0,0,12,4,0,20,1,163,6,8,120,89,36,163,120
2PITCAIRN3,87,5,91,0,0,15,15,0,51,1,188,6,19,256,183,81,188,256
2PITTSBURGH101,186,3,251,0,1,17,15,0,22,0,250,2,10,75,440,55,250,75
2PITTSBURGH1011,101,1,102,0,1,6,13,1,16,1,327,9,10,92,204,37,327,92
2PITTSBURGH1012,156,0,83,0,0,3,3,0,2,0,351,6,3,29,239,8,351,29
2PITTSBURGH1013,135,1,84,0,0,2,2,1,14,0,347,3,11,53,220,19,347,53
2PITTSBURGH1014,150,1,86,0,0,9,4,0,9,0,374,1,2,41,237,22,374,41
2PITTSBURGH1015,96,0,34,0,0,1,3,0,2,0,242,2,0,12,130,6,242,12
2PITTSBURGH1016,64,0,36,0,0,1,3,0,0,0,197,3,0,5,100,4,197,5
2PITTSBURGH1017,113,0,75,0,0,6,1,0,3,1,322,7,7,23,188,10,322,23
2PITTSBURGH1018,106,0,96,0,1,0,1,0,1,1,330,6,4,12,202,3,330,12
2PITTSBURGH1019,105,0,58,0,0,3,0,0,4,0,299,5,3,12,163,7,299,12
2PITTSBURGH102,62,0,131,0,0,4,9,0,21,1,314,7,11,82,193,34,314,82
2PITTSBURGH103,84,1,149,0,0,5,11,0,9,0,366,10,7,88,234,25,366,88
2PITTSBURGH104,138,1,110,0,0,4,7,1,18,0,327,4,5,87,249,30,327,87
2PITTSBURGH105,100,1,90,0,0,4,8,0,14,4,278,5,13,80,191,26,278,80
2PITTSBURGH106,83,3,117,0,0,9,9,0,11,1,242,2,18,92,203,29,242,92
2PITTSBURGH107,90,1,112,0,0,17,13,0,23,1,283,5,10,113,203,53,283,113
2PITTSBURGH108,87,4,124,0,0,10,16,1,24,1,272,9,9,137,215,51,272,137
2PITTSBURGH109,86,2,93,0,0,7,13,1,8,1,262,5,13,111,181,29,262,111
2PITTSBURGH11,95,0,160,1,0,18,33,0,30,2,1136,21,51,405,255,82,1136,405
2PITTSBURGH111,298,0,227,1,1,8,28,2,12,3,385,4,10,40,525,52,385,40
2PITTSBURGH1111,122,0,122,0,0,11,19,0,2,3,432,8,13,37,244,32,432,37
2PITTSBURGH1112,171,0,141,0,0,3,11,0,6,2,426,11,2,43,312,20,426,43
2PITTSBURGH1113,178,3,124,0,0,5,9,0,4,2,434,5,3,53,305,18,434,53
2PITTSBURGH1114,113,0,75,0,0,1,4,0,3,0,344,2,1,18,188,8,344,18
2PITTSBURGH1115,44,0,28,0,0,0,0,0,1,0,151,2,0,2,72,1,151,2
2PITTSBURGH1116,89,1,88,0,1,1,8,0,3,1,320,7,5,33,178,13,320,33
2PITTSBURGH1117,117,0,103,0,0,3,5,0,3,0,406,4,1,20,220,11,406,20
2PITTSBURGH1118,111,0,78,0,0,4,5,0,2,2,304,6,7,14,189,11,304,14
2PITTSBURGH112,102,0,79,0,0,1,1,0,3,0,360,9,10,12,181,5,360,12
2PITTSBURGH113,114,0,44,0,0,1,1,0,0,0,293,2,1,7,158,2,293,7
2PITTSBURGH114,95,0,70,0,0,2,5,0,0,0,325,5,2,3,165,7,325,3
2PITTSBURGH115,84,0,112,0,0,1,6,0,2,0,341,8,5,16,196,9,341,16
2PITTSBURGH116,133,2,166,1,2,5,7,0,10,1,514,9,12,45,301,25,514,45
2PITTSBURGH117,136,0,145,0,1,8,14,1,10,0,390,10,10,73,281,34,390,73
2PITTSBURGH118,113,0,110,0,0,8,12,0,12,0,338,5,10,53,223,32,338,53
2PITTSBURGH119,150,0,160,0,0,7,7,1,9,0,434,9,8,48,310,24,434,48
2PITTSBURGH12,81,0,65,0,1,1,5,0,10,1,263,11,6,40,146,17,263,40
2PITTSBURGH121,163,1,36,0,0,0,1,1,0,0,119,1,3,13,200,2,119,13
2PITTSBURGH1211,110,0,52,0,0,1,0,0,1,0,310,1,1,5,162,2,310,5
2PITTSBURGH1212,135,1,61,0,0,1,0,0,5,0,328,3,0,14,197,6,328,14
2PITTSBURGH1213,108,0,40,0,0,0,0,0,0,0,262,0,1,2,148,0,262,2
2PITTSBURGH1214,86,0,22,0,0,0,0,0,0,1,209,2,1,3,108,0,209,3
2PITTSBURGH1215,155,1,53,0,0,0,1,0,1,0,398,1,1,6,209,2,398,6
2PITTSBURGH1216,116,0,30,0,0,0,0,1,2,1,240,2,0,8,146,3,240,8
2PITTSBURGH122,97,0,25,0,0,0,0,0,0,0,220,1,1,3,122,0,220,3
2PITTSBURGH123,29,0,10,0,0,1,0,0,0,0,71,1,0,4,39,1,71,4
2PITTSBURGH124,92,1,30,0,0,0,0,0,1,0,217,0,1,3,123,1,217,3
2PITTSBURGH125,40,0,7,0,0,0,0,0,0,0,94,0,1,2,47,0,94,2
2PITTSBURGH126,53,0,20,0,0,0,0,0,0,0,146,1,1,3,73,0,146,3
2PITTSBURGH127,74,0,17,0,0,0,0,0,0,1,171,0,0,3,91,0,171,3
2PITTSBURGH128,53,0,20,0,0,0,0,0,0,0,140,0,1,3,73,0,140,3
2PITTSBURGH129,81,0,22,0,0,0,0,0,0,0,182,1,1,4,103,0,182,4
2PITTSBURGH131,132,0,47,0,0,0,1,0,0,0,212,3,0,0,179,1,212,0
2PITTSBURGH1311,57,0,25,0,0,0,0,0,1,0,224,0,2,4,82,1,224,4
2PITTSBURGH1312,95,0,28,0,0,0,2,0,1,0,282,3,1,8,123,3,282,8
2PITTSBURGH1313,49,0,32,0,0,0,0,0,0,0,187,1,2,1,81,0,187,1
2PITTSBURGH1314,57,0,15,0,0,1,0,0,1,1,138,1,1,7,72,2,138,7
2PITTSBURGH1315,74,0,48,0,0,0,2,0,0,1,209,1,3,3,122,2,209,3
2PITTSBURGH1316,90,0,28,0,0,0,0,0,3,0,197,1,2,8,118,3,197,8
2PITTSBURGH1317,140,0,59,0,0,0,1,0,0,1,485,0,2,10,199,1,485,10
2PITTSBURGH1318,29,0,15,0,1,0,0,0,1,1,118,0,0,2,44,2,118,2
2PITTSBURGH1319,161,0,64,0,0,0,1,0,0,1,341,1,2,9,225,1,341,9
2PITTSBURGH132,110,1,27,0,0,1,1,1,0,0,251,1,0,8,138,3,251,8
2PITTSBURGH133,74,0,32,0,0,1,1,0,1,1,219,2,0,4,106,3,219,4
2PITTSBURGH134,69,0,23,0,0,0,0,0,1,0,171,1,0,1,92,1,171,1
2PITTSBURGH135,81,0,17,0,0,0,0,0,0,0,196,1,1,2,98,0,196,2
2PITTSBURGH136,99,1,24,0,0,0,0,0,0,1,213,0,0,2,124,0,213,2
2PITTSBURGH137,77,0,35,0,0,2,0,0,0,0,220,2,0,8,112,2,220,8
2PITTSBURGH138,71,1,10,0,1,0,0,0,1,1,152,0,1,5,82,2,152,5
2PITTSBURGH139,68,0,21,1,0,0,0,0,0,0,184,0,3,4,89,1,184,4
2PITTSBURGH141,252,1,189,0,0,11,44,0,17,0,339,3,9,46,442,72,339,46
2PITTSBURGH1411,192,2,157,1,0,10,25,0,24,0,504,3,10,91,351,60,504,91
2PITTSBURGH1412,133,2,145,0,0,7,13,0,2,1,468,4,10,34,280,22,468,34
2PITTSBURGH1413,220,0,139,0,0,1,15,0,11,0,526,4,8,32,359,27,526,32
2PITTSBURGH1414,199,0,159,0,0,13,25,0,13,5,526,11,14,64,358,51,526,64
2PITTSBURGH1415,134,0,201,0,0,5,12,0,12,0,479,7,15,41,335,29,479,41
2PITTSBURGH1416,141,1,78,0,2,11,21,0,16,1,307,3,5,63,220,50,307,63
2PITTSBURGH1417,119,0,101,0,0,8,12,0,7,0,324,5,5,50,220,27,324,50
2PITTSBURGH1418,167,0,188,0,0,10,18,0,13,0,474,13,16,64,355,41,474,64
2PITTSBURGH1419,159,1,144,1,0,7,11,0,8,0,416,11,5,61,304,27,416,61
2PITTSBURGH142,248,2,200,0,0,13,41,2,21,1,513,6,11,59,450,77,513,59
2PITTSBURGH1421,176,0,69,0,1,6,14,1,7,1,354,4,6,59,245,29,354,59
2PITTSBURGH1422,167,0,139,0,0,9,18,0,7,0,463,6,7,49,306,34,463,49
2PITTSBURGH1423,180,1,111,1,0,10,14,0,9,0,426,6,5,75,292,34,426,75
2PITTSBURGH1424,136,0,89,0,0,12,15,0,4,0,334,3,9,45,225,31,334,45
2PITTSBURGH1425,248,0,136,0,0,9,34,1,39,1,556,8,10,131,384,83,556,131
2PITTSBURGH1426,159,0,101,1,0,20,8,0,11,1,371,2,12,80,260,40,371,80
2PITTSBURGH1427,97,2,152,0,0,8,16,0,34,2,297,3,13,119,251,58,297,119
2PITTSBURGH1428,100,3,106,0,0,14,22,0,28,1,251,6,9,145,209,64,251,145
2PITTSBURGH1429,148,0,121,0,2,7,16,0,22,2,481,5,10,80,269,47,481,80
2PITTSBURGH143,356,4,252,0,1,13,43,0,22,0,525,0,12,65,612,79,525,65
2PITTSBURGH1431,268,2,158,0,0,15,36,0,19,1,651,7,16,150,428,70,651,150
2PITTSBURGH1432,106,1,124,0,0,7,9,0,16,1,384,8,10,70,231,32,384,70
2PITTSBURGH1433,112,1,124,0,0,18,17,0,17,2,380,5,12,115,237,52,380,115
2PITTSBURGH1434,110,2,142,2,0,26,18,2,6,2,377,4,12,126,254,54,377,126
2PITTSBURGH1435,139,0,90,0,0,10,10,1,8,2,330,1,4,63,229,29,330,63
2PITTSBURGH1436,135,0,139,0,0,10,20,0,12,0,457,10,17,74,274,42,457,74
2PITTSBURGH1437,89,0,95,0,0,26,12,1,11,1,310,2,6,97,184,50,310,97
2PITTSBURGH1438,137,0,71,0,0,9,14,0,10,0,319,3,9,47,208,33,319,47
2PITTSBURGH1439,120,0,80,0,0,17,11,0,10,0,314,4,5,72,200,38,314,72
2PITTSBURGH144,289,1,226,1,0,15,36,0,22,0,489,4,9,52,516,74,489,52
2PITTSBURGH1441,13,0,15,0,0,0,1,1,3,0,33,2,3,11,28,5,33,11
2PITTSBURGH145,230,0,101,0,0,7,15,0,17,0,497,3,3,78,331,39,497,78
2PITTSBURGH146,87,0,78,0,0,2,20,1,21,1,326,1,6,68,165,44,326,68
2PITTSBURGH147,152,0,271,1,0,12,23,1,15,1,1358,11,31,129,423,52,1358,129
2PITTSBURGH148,158,1,98,0,0,8,17,1,10,1,415,1,7,71,257,36,415,71
2PITTSBURGH149,236,0,142,0,0,15,22,2,12,2,513,9,11,92,378,51,513,92
2PITTSBURGH151,212,1,178,0,0,13,20,0,27,3,306,3,2,78,391,60,306,78
2PITTSBURGH1511,82,2,101,0,1,13,7,0,25,1,236,5,13,149,185,46,236,149
2PITTSBURGH1512,79,1,79,0,0,4,7,0,7,0,230,5,11,91,159,18,230,91
2PITTSBURGH1513,83,0,44,0,0,1,1,1,7,0,244,1,2,22,127,10,244,22
2PITTSBURGH1514,55,0,29,0,0,0,0,0,8,2,154,2,2,28,84,8,154,28
2PITTSBURGH1515,35,0,26,0,0,2,2,0,8,0,159,3,4,44,61,12,159,44
2PITTSBURGH1516,106,0,77,0,0,0,4,0,12,1,327,2,3,51,183,16,327,51
2PITTSBURGH1517,8,0,2,0,0,0,0,0,0,0,20,0,0,2,10,0,20,2
2PITTSBURGH1518,97,1,70,1,0,1,2,0,11,1,279,6,7,61,168,15,279,61
2PITTSBURGH1519,106,1,39,0,0,2,1,0,1,1,251,1,2,19,146,4,251,19
2PITTSBURGH152,112,2,172,0,0,7,15,0,12,0,384,10,12,117,286,34,384,117
2PITTSBURGH153,102,2,105,1,0,9,2,0,14,1,299,7,8,102,209,26,299,102
2PITTSBURGH154,91,1,131,0,0,8,12,1,20,4,337,5,17,101,223,41,337,101
2PITTSBURGH155,97,3,102,1,0,7,8,0,14,0,267,3,19,81,202,30,267,81
2PITTSBURGH156,112,6,105,1,0,6,10,0,20,1,282,3,9,97,223,37,282,97
2PITTSBURGH157,126,1,133,0,0,9,7,0,28,1,343,6,14,145,260,44,343,145
2PITTSBURGH158,90,0,127,0,1,6,18,0,12,0,319,6,14,97,217,37,319,97
2PITTSBURGH159,23,0,53,0,0,4,2,0,3,0,79,9,3,23,76,9,79,23
2PITTSBURGH161,132,0,155,0,0,9,15,0,37,1,316,4,11,128,287,61,316,128
2PITTSBURGH1611,63,1,58,0,0,0,6,2,10,1,175,3,3,73,122,18,175,73
2PITTSBURGH162,101,1,110,0,0,7,23,0,27,1,500,1,31,140,212,57,500,140
2PITTSBURGH163,82,3,94,1,1,10,20,0,29,0,335,5,20,161,179,61,335,161
2PITTSBURGH164,45,0,58,0,0,3,4,0,11,0,193,2,14,50,103,18,193,50
2PITTSBURGH165,57,0,97,0,0,2,9,0,20,1,249,3,18,101,154,31,249,101
2PITTSBURGH166,59,0,80,2,0,2,5,0,24,0,202,9,15,122,139,33,202,122
2PITTSBURGH167,51,3,69,0,0,2,0,0,8,0,161,6,7,72,123,10,161,72
2PITTSBURGH168,17,0,11,0,0,0,0,0,0,0,103,2,0,3,28,0,103,3
2PITTSBURGH169,87,0,53,0,0,4,1,0,14,0,229,4,5,80,140,19,229,80
2PITTSBURGH171,10,0,18,0,0,1,2,0,6,1,41,4,3,32,28,9,41,32
2PITTSBURGH172,76,1,91,0,0,11,24,0,29,0,331,7,17,159,168,64,331,159
2PITTSBURGH173,79,0,86,0,0,2,17,1,20,0,276,4,17,108,165,40,276,108
2PITTSBURGH174,98,1,92,0,1,5,36,0,20,0,343,11,14,149,191,62,343,149
2PITTSBURGH175,67,1,92,0,0,4,14,0,17,2,256,6,12,100,160,35,256,100
2PITTSBURGH176,34,0,72,0,0,7,5,0,11,0,182,3,13,85,106,23,182,85
2PITTSBURGH177,48,0,62,0,0,0,8,0,14,2,175,2,7,67,110,22,175,67
2PITTSBURGH178,47,0,69,0,0,0,13,0,9,0,190,5,5,62,116,22,190,62
2PITTSBURGH181,106,4,92,1,0,8,6,1,46,1,221,5,12,192,202,62,221,192
2PITTSBURGH1811,70,0,71,0,1,4,3,0,12,2,265,5,16,61,141,20,265,61
2PITTSBURGH182,123,0,36,0,0,1,1,0,0,0,274,3,3,6,159,2,274,6
2PITTSBURGH183,85,0,51,0,1,1,0,0,0,0,243,2,1,2,136,2,243,2
2PITTSBURGH184,86,0,45,0,0,0,0,0,1,0,248,1,0,22,131,1,248,22
2PITTSBURGH185,128,1,125,0,0,18,24,1,33,1,410,8,29,187,254,76,410,187
2PITTSBURGH186,47,0,43,0,1,2,3,0,5,0,182,5,1,21,90,11,182,21
2PITTSBURGH187,44,1,75,0,1,0,5,1,13,1,187,3,12,75,120,20,187,75
2PITTSBURGH188,30,0,36,0,0,2,0,0,1,0,125,1,1,15,66,3,125,15
2PITTSBURGH189,90,1,78,0,1,6,4,0,10,1,279,5,9,79,169,21,279,79
2PITTSBURGH191,166,2,166,0,0,11,25,1,57,2,218,3,15,155,334,94,218,155
2PITTSBURGH1911,51,1,50,0,0,4,2,0,19,0,183,2,7,87,102,25,183,87
2PITTSBURGH1912,106,3,83,0,0,9,6,1,18,0,178,4,6,133,192,34,178,133
2PITTSBURGH1913,45,1,76,0,0,3,12,0,14,0,196,6,8,79,122,29,196,79
2PITTSBURGH1914,55,2,78,0,1,5,9,0,13,3,225,3,19,102,135,28,225,102
2PITTSBURGH1915,86,2,76,0,1,11,6,2,28,1,297,8,11,116,164,48,297,116
2PITTSBURGH1916,79,0,98,0,1,4,5,1,18,1,270,6,15,99,177,29,270,99
2PITTSBURGH1917,82,0,91,0,3,5,13,1,31,4,260,10,5,114,173,53,260,114
2PITTSBURGH1918,56,1,82,0,0,4,4,0,9,0,234,11,10,63,139,17,234,63
2PITTSBURGH1919,65,0,77,0,1,6,3,1,19,2,217,3,14,113,142,30,217,113
2PITTSBURGH192,178,1,159,1,2,23,14,0,65,3,249,3,17,167,338,105,249,167
2PITTSBURGH1921,74,0,111,0,1,12,6,1,15,4,264,10,12,122,185,35,264,122
2PITTSBURGH1922,80,0,82,0,1,7,10,0,24,2,264,10,10,117,162,42,264,117
2PITTSBURGH1923,76,1,71,0,0,10,8,0,26,1,234,9,2,162,148,44,234,162
2PITTSBURGH1924,61,1,78,0,0,3,7,0,25,1,217,7,14,120,140,35,217,120
2PITTSBURGH1925,79,5,95,0,0,9,10,1,15,0,226,8,16,136,179,35,226,136
2PITTSBURGH1926,62,1,86,0,0,12,7,1,17,1,205,6,8,112,149,37,205,112
2PITTSBURGH1927,65,1,69,0,0,11,16,4,13,1,179,3,10,116,135,44,179,116
2PITTSBURGH1928,152,3,100,0,0,13,34,1,32,1,338,6,14,159,255,80,338,159
2PITTSBURGH1929,62,0,88,0,1,9,9,0,29,4,198,3,8,144,150,48,198,144
2PITTSBURGH193,144,2,165,1,3,14,36,1,54,1,231,7,12,145,311,109,231,145
2PITTSBURGH1931,69,4,82,0,0,4,10,1,41,1,183,1,7,169,155,56,183,169
2PITTSBURGH1932,74,1,82,0,0,12,6,0,23,0,227,5,10,126,157,41,227,126
2PITTSBURGH1933,67,1,60,0,0,8,8,0,20,1,174,4,5,146,128,36,174,146
2PITTSBURGH1934,78,0,70,0,0,6,7,1,29,1,210,5,11,145,148,43,210,145
2PITTSBURGH1935,66,2,83,0,1,13,5,0,26,3,204,6,5,137,151,45,204,137
2PITTSBURGH1936,119,2,94,1,0,13,12,1,36,1,259,7,13,198,215,63,259,198
2PITTSBURGH1937,73,1,61,0,0,7,7,0,28,1,179,5,11,131,135,42,179,131
2PITTSBURGH1938,50,3,78,0,0,8,9,1,19,0,187,7,18,131,131,37,187,131
2PITTSBURGH194,71,0,37,1,0,3,15,0,17,0,192,0,5,86,108,36,192,86
2PITTSBURGH195,50,0,57,0,0,3,11,1,29,0,183,2,11,105,107,44,183,105
2PITTSBURGH196,71,0,73,0,1,6,9,0,29,2,210,1,14,123,144,45,210,123
2PITTSBURGH197,23,0,29,0,0,6,3,1,13,0,88,4,8,56,52,23,88,56
2PITTSBURGH198,51,0,70,0,0,6,15,0,31,0,210,8,15,132,121,52,210,132
2PITTSBURGH199,55,1,94,0,1,1,16,0,16,1,226,7,10,102,150,34,226,102
2PITTSBURGH201,162,1,107,0,0,25,27,1,45,1,230,1,15,198,270,98,230,198
2PITTSBURGH2011,92,1,67,0,0,5,6,1,15,0,363,1,6,76,160,27,363,76
2PITTSBURGH2012,147,5,95,0,0,12,7,0,22,0,436,5,10,157,247,41,436,157
2PITTSBURGH2013,107,1,33,0,0,2,3,0,12,0,273,3,3,36,141,17,273,36
2PITTSBURGH2014,138,3,107,0,0,10,14,1,33,3,374,4,9,165,248,58,374,165
2PITTSBURGH2015,87,1,96,0,1,12,22,0,20,2,319,10,18,185,184,55,319,185
2PITTSBURGH2016,99,0,89,0,1,16,18,0,40,2,228,4,10,231,188,75,228,231
2PITTSBURGH2017,80,5,64,1,0,9,5,0,26,1,183,1,8,149,149,41,183,149
2PITTSBURGH2018,76,1,76,1,0,11,13,0,36,3,177,2,4,193,153,61,177,193
2PITTSBURGH202,29,0,30,0,1,6,3,0,12,0,82,2,3,57,59,22,82,57
2PITTSBURGH203,108,4,86,0,1,11,13,1,32,1,263,8,11,209,198,58,263,209
2PITTSBURGH204,9,0,7,0,0,0,0,1,1,0,27,1,1,10,16,2,27,10
2PITTSBURGH205,81,5,63,0,0,6,7,0,18,1,237,0,11,106,149,31,237,106
2PITTSBURGH206,65,1,75,0,0,6,8,0,13,3,222,4,10,74,141,27,222,74
2PITTSBURGH207,91,1,58,1,0,4,1,0,18,4,317,3,5,88,150,24,317,88
2PITTSBURGH208,121,0,107,0,0,6,5,0,19,5,348,2,6,119,228,30,348,119
2PITTSBURGH209,25,2,20,0,0,1,2,0,5,0,74,2,2,44,47,8,74,44
2PITTSBURGH21,268,0,144,2,0,21,64,2,63,1,831,8,35,336,412,152,831,336
2PITTSBURGH211,87,1,39,0,1,6,2,0,0,0,258,1,1,21,127,9,258,21
2PITTSBURGH212,107,0,63,0,0,0,4,0,4,1,282,1,3,17,170,8,282,17
2PITTSBURGH213,190,3,70,0,1,2,3,0,2,0,435,4,2,17,263,8,435,17
2PITTSBURGH214,128,1,90,0,0,1,11,0,8,0,354,6,3,33,219,20,354,33
2PITTSBURGH22,81,0,66,0,0,6,20,1,38,1,374,4,19,169,147,65,374,169
2PITTSBURGH221,152,0,99,0,0,4,15,0,14,1,378,3,20,85,251,33,378,85
2PITTSBURGH222,140,0,88,0,0,4,17,1,12,0,391,4,8,64,228,34,391,64
2PITTSBURGH223,114,0,90,0,0,4,2,1,13,0,376,6,2,50,204,20,376,50
2PITTSBURGH224,87,1,75,0,0,6,11,1,12,0,392,5,12,56,163,30,392,56
2PITTSBURGH231,141,2,99,0,0,11,33,0,28,0,478,10,18,152,242,72,478,152
2PITTSBURGH232,104,0,121,0,0,3,7,0,26,2,348,3,19,104,225,36,348,104
2PITTSBURGH233,37,0,44,0,0,3,4,0,6,0,132,10,6,49,81,13,132,49
2PITTSBURGH241,53,2,54,0,1,2,10,0,13,1,156,5,8,87,109,26,156,87
2PITTSBURGH242,48,0,64,0,0,6,5,0,20,0,161,2,8,107,112,31,161,107
2PITTSBURGH243,57,1,61,0,0,2,1,0,12,0,133,4,12,87,119,15,133,87
2PITTSBURGH244,87,1,80,1,0,11,12,0,31,0,260,8,9,128,168,55,260,128
2PITTSBURGH245,52,1,100,0,0,4,4,0,8,0,203,2,5,85,153,16,203,85
2PITTSBURGH246,67,2,102,0,0,13,2,0,28,2,206,2,9,131,171,43,206,131
2PITTSBURGH251,95,0,56,0,0,1,8,0,3,1,278,3,6,24,151,12,278,24
2PITTSBURGH252,78,0,45,0,0,2,2,0,2,0,225,3,2,15,123,6,225,15
2PITTSBURGH253,100,0,75,0,0,5,8,0,5,2,348,6,6,30,175,18,348,30
2PITTSBURGH254,49,0,24,0,0,0,0,0,0,0,179,0,2,7,73,0,179,7
2PITTSBURGH255,59,0,31,0,0,3,7,0,4,0,195,2,0,18,90,14,195,18
2PITTSBURGH256,63,0,28,0,0,1,1,0,2,0,209,0,0,12,91,4,209,12
2PITTSBURGH257,71,1,67,0,0,8,8,0,22,0,198,2,5,84,139,38,198,84
2PITTSBURGH261,222,1,159,0,0,6,9,1,19,0,300,6,1,23,382,35,300,23
2PITTSBURGH2611,117,1,123,0,1,9,3,0,15,1,408,2,9,69,241,28,408,69
2PITTSBURGH2612,70,1,65,0,0,4,3,2,8,4,232,3,9,80,136,17,232,80
2PITTSBURGH2613,73,3,82,0,0,6,6,0,18,0,266,4,5,105,158,30,266,105
2PITTSBURGH2614,107,4,93,0,0,13,13,1,29,3,250,9,9,188,204,56,250,188
2PITTSBURGH2615,73,1,55,0,0,11,5,1,27,2,186,7,12,155,129,44,186,155
2PITTSBURGH2616,102,1,102,0,0,9,7,0,17,0,334,6,11,109,205,33,334,109
2PITTSBURGH2617,31,2,21,0,0,1,7,0,16,2,68,2,3,52,54,24,68,52
2PITTSBURGH262,84,0,31,0,0,3,0,0,0,0,246,1,0,10,115,3,246,10
2PITTSBURGH263,93,1,38,0,0,5,5,0,4,3,249,0,5,28,132,14,249,28
2PITTSBURGH264,74,1,33,0,0,5,2,0,4,0,210,2,3,37,108,11,210,37
2PITTSBURGH265,58,0,34,1,0,0,0,0,0,0,259,1,2,2,92,1,259,2
2PITTSBURGH266,55,0,22,0,0,2,1,0,1,0,228,0,0,7,77,4,228,7
2PITTSBURGH267,68,0,26,0,0,2,0,0,4,0,183,0,4,14,94,6,183,14
2PITTSBURGH268,57,2,57,0,0,1,4,0,6,2,234,0,1,51,116,11,234,51
2PITTSBURGH269,39,1,61,0,0,3,7,0,11,1,162,4,4,91,101,21,162,91
2PITTSBURGH271,228,3,198,0,1,15,28,1,62,3,331,2,11,224,429,107,331,224
2PITTSBURGH2711,81,2,78,0,1,4,4,0,16,2,294,3,11,83,161,25,294,83
2PITTSBURGH2712,73,0,56,0,1,4,1,0,9,0,244,6,4,64,129,15,244,64
2PITTSBURGH2713,90,2,61,0,0,7,0,0,9,1,279,2,2,68,153,16,279,68
2PITTSBURGH272,112,5,109,0,0,11,17,0,31,4,278,1,13,194,226,59,278,194
2PITTSBURGH273,83,2,86,1,0,3,11,0,25,0,261,3,16,127,171,40,261,127
2PITTSBURGH274,107,2,115,0,0,23,9,0,30,1,329,6,12,146,224,62,329,146
2PITTSBURGH275,128,0,123,0,1,13,15,1,33,2,320,6,9,156,251,63,320,156
2PITTSBURGH276,91,3,89,1,1,15,10,0,16,3,344,3,13,91,183,43,344,91
2PITTSBURGH277,100,2,121,2,1,10,15,0,19,3,279,5,10,141,223,47,279,141
2PITTSBURGH278,104,1,85,0,0,3,0,0,24,1,284,5,15,117,190,27,284,117
2PITTSBURGH279,76,3,75,0,0,7,0,1,16,0,249,5,8,95,154,24,249,95
2PITTSBURGH281,134,4,167,2,0,14,28,0,54,1,242,4,8,214,305,98,242,214
2PITTSBURGH2811,35,0,12,0,0,0,2,0,3,0,76,0,1,8,47,5,76,8
2PITTSBURGH282,71,0,63,1,0,6,8,0,17,0,211,7,17,103,134,32,211,103
2PITTSBURGH283,146,3,87,1,0,15,14,1,62,0,357,4,15,249,236,93,357,249
2PITTSBURGH284,125,1,70,0,0,11,13,1,37,0,257,0,9,211,196,62,257,211
2PITTSBURGH285,103,3,78,1,1,8,10,0,28,4,301,1,12,158,184,48,301,158
2PITTSBURGH286,87,3,77,0,0,4,9,0,26,1,232,4,8,167,167,39,232,167
2PITTSBURGH287,82,2,54,0,1,4,5,0,12,2,277,1,8,72,138,22,277,72
2PITTSBURGH288,126,1,126,1,1,10,15,1,35,1,378,7,13,227,253,63,378,227
2PITTSBURGH289,128,0,53,0,0,6,7,0,14,4,321,2,2,74,181,27,321,74
2PITTSBURGH291,138,3,155,1,2,24,6,2,44,1,209,2,6,169,296,79,209,169
2PITTSBURGH2911,83,2,89,1,0,10,11,0,25,1,223,6,18,170,174,47,223,170
2PITTSBURGH2912,53,0,57,0,0,1,3,0,30,0,195,2,7,128,110,34,195,128
2PITTSBURGH292,67,0,76,0,1,14,12,0,26,1,213,3,7,147,143,53,213,147
2PITTSBURGH293,75,1,45,0,1,4,8,0,25,0,181,3,11,113,121,38,181,113
2PITTSBURGH294,55,2,55,0,0,10,11,1,19,3,194,7,3,140,112,41,194,140
2PITTSBURGH295,69,4,47,0,0,3,11,0,18,1,209,3,2,123,120,32,209,123
2PITTSBURGH296,75,0,77,0,1,17,6,0,31,0,212,4,15,165,152,55,212,165
2PITTSBURGH297,91,0,70,0,0,11,11,0,22,3,229,5,12,156,161,44,229,156
2PITTSBURGH298,48,1,55,0,1,5,3,0,21,2,183,6,7,123,104,30,183,123
2PITTSBURGH299,33,2,64,0,0,5,2,0,11,1,155,4,9,102,99,18,155,102
2PITTSBURGH301,67,0,54,0,0,1,1,0,3,1,206,6,1,34,121,5,206,34
2PITTSBURGH302,86,0,52,1,0,1,2,0,7,0,259,5,2,19,138,11,259,19
2PITTSBURGH303,41,1,25,0,1,0,1,0,4,1,183,0,1,31,67,6,183,31
2PITTSBURGH304,75,1,67,0,1,0,2,1,9,1,293,3,4,73,143,13,293,73
2PITTSBURGH305,70,0,80,0,0,2,5,0,19,2,313,3,4,93,150,26,313,93
2PITTSBURGH31,73,0,5,0,0,1,0,0,1,0,157,1,1,3,78,2,157,3
2PITTSBURGH311,27,2,27,0,0,6,2,0,16,0,77,2,3,67,56,24,77,67
2PITTSBURGH312,60,5,54,0,0,9,6,0,31,0,107,3,4,208,119,46,107,208
2PITTSBURGH313,85,1,81,0,0,17,7,0,38,0,181,10,14,210,167,62,181,210
2PITTSBURGH314,73,2,87,0,0,17,5,0,45,1,149,4,7,236,162,67,149,236
2PITTSBURGH315,96,3,106,0,0,8,12,0,57,1,240,3,5,275,205,77,240,275
2PITTSBURGH316,61,6,62,0,0,22,11,0,58,0,151,2,11,242,129,91,151,242
2PITTSBURGH317,32,0,17,0,0,0,1,0,4,0,70,1,1,21,49,5,70,21
2PITTSBURGH32,234,0,64,0,0,1,4,0,4,0,433,4,5,13,298,9,433,13
2PITTSBURGH321,48,3,59,1,0,13,6,0,42,0,132,2,8,202,110,62,132,202
2PITTSBURGH322,69,1,75,0,0,13,6,2,39,3,212,5,11,204,145,60,212,204
2PITTSBURGH323,56,3,77,0,0,9,7,1,27,0,202,4,4,150,136,44,202,150
2PITTSBURGH324,45,1,41,0,1,4,4,1,17,2,137,2,6,90,87,27,137,90
2PITTSBURGH325,81,1,91,0,1,9,15,0,31,0,218,2,14,178,173,56,218,178
2PITTSBURGH326,72,3,105,0,1,8,10,0,43,0,189,4,8,246,180,62,189,246
2PITTSBURGH327,81,6,87,0,0,8,6,0,35,3,198,5,9,153,174,49,198,153
2PITTSBURGH328,91,2,95,0,0,8,11,1,71,2,244,1,15,259,188,91,244,259
2PITTSBURGH33,104,0,30,0,0,1,0,0,0,0,236,2,0,4,134,1,236,4
2PITTSBURGH34,71,0,38,1,0,5,11,0,10,0,221,1,10,36,109,27,221,36
2PITTSBURGH35,78,0,40,0,1,1,0,0,0,0,253,3,1,9,118,2,253,9
2PITTSBURGH41,76,0,84,0,1,3,14,0,5,0,160,1,1,13,160,23,160,13
2PITTSBURGH411,160,0,80,0,0,4,18,0,18,0,316,4,4,82,240,40,316,82
2PITTSBURGH412,99,0,62,1,0,3,22,0,8,1,336,5,16,53,161,34,336,53
2PITTSBURGH413,84,1,83,2,0,7,9,0,5,0,385,3,11,48,168,23,385,48
2PITTSBURGH414,59,1,153,0,0,4,19,0,8,0,766,14,36,154,213,31,766,154
2PITTSBURGH415,50,1,146,0,0,6,16,0,2,1,513,11,33,91,197,24,513,91
2PITTSBURGH416,61,1,183,0,0,3,23,0,13,0,694,7,32,152,245,39,694,152
2PITTSBURGH417,95,1,107,0,0,4,5,0,10,1,367,9,12,60,203,19,367,60
2PITTSBURGH418,66,0,45,0,0,2,6,0,2,1,318,3,8,28,111,10,318,28
2PITTSBURGH419,17,0,44,0,0,0,1,0,5,0,125,4,2,19,61,6,125,19
2PITTSBURGH42,67,0,123,0,1,8,8,0,8,2,379,7,15,56,190,25,379,56
2PITTSBURGH43,84,0,27,0,0,0,0,0,1,0,218,0,0,7,111,1,218,7
2PITTSBURGH44,56,0,20,0,0,0,1,0,0,0,148,1,0,3,76,1,148,3
2PITTSBURGH45,48,0,107,0,0,2,18,0,8,0,467,6,33,134,155,28,467,134
2PITTSBURGH46,71,1,71,0,1,3,8,0,2,0,392,5,16,74,143,14,392,74
2PITTSBURGH47,119,2,258,0,1,14,44,0,20,0,1296,19,58,298,379,79,1296,298
2PITTSBURGH48,81,0,325,0,0,16,60,2,13,4,1455,18,69,385,406,91,1455,385
2PITTSBURGH49,124,0,35,0,0,2,13,2,8,0,337,2,4,57,159,25,337,57
2PITTSBURGH51,166,0,78,0,0,0,1,1,0,0,181,0,0,0,244,2,181,0
2PITTSBURGH511,70,0,40,0,0,0,2,0,0,2,213,3,2,5,110,2,213,5
2PITTSBURGH512,96,0,28,0,1,0,0,0,0,0,277,3,1,8,124,1,277,8
2PITTSBURGH513,69,0,21,0,0,0,0,0,2,0,163,0,1,3,90,2,163,3
2PITTSBURGH514,55,0,15,0,0,0,0,0,1,0,151,1,1,1,70,1,151,1
2PITTSBURGH515,27,0,17,0,0,0,0,0,0,0,149,1,1,2,44,0,149,2
2PITTSBURGH516,12,0,5,0,0,0,0,0,0,0,51,0,0,1,17,0,51,1
2PITTSBURGH517,47,1,24,0,0,0,1,0,1,0,144,1,1,8,72,2,144,8
2PITTSBURGH518,15,0,6,0,0,0,0,0,0,0,29,2,0,1,21,0,29,1
2PITTSBURGH52,82,0,25,0,0,1,0,0,0,0,214,1,5,7,107,1,214,7
2PITTSBURGH53,48,0,15,0,0,0,0,0,0,0,101,3,1,1,63,0,101,1
2PITTSBURGH54,78,0,26,0,0,0,0,0,0,0,66,1,0,1,104,0,66,1
2PITTSBURGH55,70,0,22,0,0,1,1,1,0,0,153,2,0,2,92,3,153,2
2PITTSBURGH56,103,0,21,0,0,1,0,0,0,0,309,0,2,6,124,1,309,6
2PITTSBURGH57,105,0,55,0,0,1,0,0,0,0,279,3,1,11,160,1,279,11
2PITTSBURGH58,127,0,57,0,0,2,3,0,0,1,275,7,0,9,184,5,275,9
2PITTSBURGH59,116,0,163,0,1,8,15,0,17,3,501,7,17,87,279,41,501,87
2PITTSBURGH61,121,1,136,1,0,4,14,0,16,1,435,5,11,86,258,35,435,86
2PITTSBURGH62,84,0,110,0,0,2,10,0,10,0,307,7,10,64,194,22,307,64
2PITTSBURGH63,80,1,178,0,0,6,15,0,13,1,408,11,19,61,259,34,408,61
2PITTSBURGH64,72,3,149,0,0,6,4,0,21,4,290,11,6,97,224,31,290,97
2PITTSBURGH65,51,0,123,0,0,4,4,0,4,0,261,6,6,45,174,12,261,45
2PITTSBURGH71,270,0,185,0,0,16,45,1,27,0,314,3,4,68,455,89,314,68
2PITTSBURGH711,142,0,134,1,0,14,34,1,17,0,556,5,21,91,276,67,556,91
2PITTSBURGH712,147,0,88,0,0,14,33,3,11,0,501,2,15,85,235,61,501,85
2PITTSBURGH713,48,0,50,0,0,3,7,0,3,1,224,4,9,39,98,13,224,39
2PITTSBURGH714,56,0,64,0,0,5,15,1,13,0,222,4,5,67,120,34,222,67
2PITTSBURGH72,202,0,110,0,0,10,49,1,44,0,542,3,20,135,312,104,542,135
2PITTSBURGH73,108,0,101,0,0,6,20,0,13,2,368,3,8,41,209,39,368,41
2PITTSBURGH74,122,1,115,0,0,2,29,0,18,2,533,6,19,84,238,49,533,84
2PITTSBURGH75,74,0,79,0,1,5,27,0,15,0,337,7,12,74,153,48,337,74
2PITTSBURGH76,98,0,67,0,1,5,24,0,17,1,337,3,8,68,165,47,337,68
2PITTSBURGH77,122,0,64,0,0,4,19,2,7,0,363,4,11,54,186,32,363,54
2PITTSBURGH78,57,0,98,0,0,10,19,0,11,1,342,4,12,71,155,40,342,71
2PITTSBURGH79,87,2,117,0,0,4,27,0,18,1,417,9,11,67,206,49,417,67
2PITTSBURGH81,113,2,243,1,1,6,11,1,21,0,172,5,7,60,358,41,172,60
2PITTSBURGH811,72,1,118,0,0,4,15,0,10,0,329,4,13,48,191,29,329,48
2PITTSBURGH812,101,0,132,0,0,4,6,0,4,0,363,8,4,24,233,14,363,24
2PITTSBURGH813,102,0,89,0,1,0,6,0,1,1,361,1,2,18,191,8,361,18
2PITTSBURGH82,90,0,172,0,1,8,5,0,24,1,334,8,13,108,262,38,334,108
2PITTSBURGH83,90,5,168,2,0,7,11,0,21,3,366,15,11,126,263,41,366,126
2PITTSBURGH84,69,3,123,1,0,5,11,0,23,1,392,14,17,100,195,40,392,100
2PITTSBURGH85,94,0,124,1,0,9,9,0,12,1,313,8,8,79,218,31,313,79
2PITTSBURGH86,48,2,94,0,0,5,3,0,7,2,207,5,8,51,144,15,207,51
2PITTSBURGH87,109,0,177,0,0,10,11,1,7,1,475,8,14,57,286,29,475,57
2PITTSBURGH88,99,0,156,0,0,4,16,2,13,0,354,8,18,68,255,35,354,68
2PITTSBURGH89,62,0,152,0,0,4,8,0,5,3,379,5,10,56,214,17,379,56
2PITTSBURGH91,49,0,93,0,0,0,10,0,6,0,233,2,12,55,142,16,233,55
2PITTSBURGH92,88,0,138,0,0,5,9,0,13,0,337,7,17,64,226,27,337,64
2PITTSBURGH93,85,1,113,0,0,4,6,1,15,2,317,6,12,74,199,26,317,74
2PITTSBURGH94,95,1,121,2,0,4,9,0,9,2,300,7,21,62,217,24,300,62
2PITTSBURGH95,116,2,131,0,0,4,14,1,13,0,341,12,9,105,249,32,341,105
2PITTSBURGH96,96,3,137,0,1,1,6,0,12,0,319,6,9,76,236,20,319,76
2PITTSBURGH97,52,1,117,0,0,1,9,0,5,1,234,5,8,59,170,15,234,59
2PITTSBURGH98,92,4,151,1,0,7,7,0,10,0,386,8,14,81,247,25,386,81
2PITTSBURGH99,57,1,129,0,0,6,8,0,17,1,296,14,11,82,187,31,296,82
2PLEASANTHILLS1,71,3,79,0,1,27,29,2,64,2,244,3,10,235,153,123,244,235
2PLEASANTHILLS10,59,2,54,0,0,27,32,0,79,1,151,2,14,262,115,138,151,262
2PLEASANTHILLS2,57,0,67,1,0,19,25,0,61,0,206,2,20,214,124,106,206,214
2PLEASANTHILLS3,90,0,57,2,0,28,19,1,63,3,206,3,16,224,147,113,206,224
2PLEASANTHILLS4,64,1,51,0,0,18,17,0,40,1,186,3,8,179,116,75,186,179
2PLEASANTHILLS5,99,1,56,1,0,22,34,0,54,4,239,2,10,235,156,111,239,235
2PLEASANTHILLS6,134,3,69,0,1,29,51,0,102,2,298,1,19,408,206,183,298,408
2PLEASANTHILLS7,69,4,58,1,1,23,32,1,50,1,175,2,11,219,131,108,175,219
2PLEASANTHILLS8,85,3,39,0,0,20,29,2,68,4,165,2,11,233,127,119,165,233
2PLEASANTHILLS9,95,3,56,3,3,27,36,1,80,1,236,2,11,266,154,150,236,266
2PLUM1,188,2,140,0,0,60,71,0,190,4,558,9,26,735,330,321,558,735
2PLUM10,57,1,52,0,0,19,21,0,68,2,154,4,7,258,110,108,154,258
2PLUM11,117,1,79,0,1,45,24,0,90,2,243,3,13,360,197,160,243,360
2PLUM12,148,4,80,0,0,39,49,0,118,3,392,3,10,484,232,206,392,484
2PLUM13,64,1,56,0,0,45,18,1,56,0,171,6,13,265,121,120,171,265
2PLUM14,66,0,75,1,2,26,27,0,56,0,218,3,11,294,141,112,218,294
2PLUM15,52,1,58,0,0,35,32,0,67,3,236,5,23,276,111,134,236,276
2PLUM16,63,1,60,0,1,26,29,0,77,3,178,1,3,258,124,133,178,258
2PLUM17,87,0,76,0,1,25,18,0,59,2,232,5,14,247,163,103,232,247
2PLUM18,94,0,73,0,0,35,40,0,85,2,239,6,17,389,167,160,239,389
2PLUM19,176,5,129,1,2,89,66,0,196,2,545,1,37,851,310,354,545,851
2PLUM2,54,3,66,0,0,23,14,0,62,0,142,1,8,302,123,99,142,302
2PLUM20,66,4,56,0,1,31,21,0,94,2,181,2,9,361,126,147,181,361
2PLUM21,26,1,33,0,1,22,4,0,46,2,93,1,7,229,60,73,93,229
2PLUM3,122,1,68,4,5,34,109,0,103,1,344,2,13,367,191,255,344,367
2PLUM4,86,3,81,1,1,41,32,0,99,2,218,7,15,389,170,174,218,389
2PLUM5,123,1,98,0,1,38,18,3,93,4,306,4,13,364,222,153,306,364
2PLUM6,132,2,106,0,0,59,45,0,140,1,344,2,18,590,240,244,344,590
2PLUM7,126,2,107,0,2,45,43,2,133,1,426,9,19,499,235,225,426,499
2PLUM8,74,1,67,0,0,25,19,1,83,2,188,3,8,262,142,128,188,262
2PLUM9,160,7,115,0,1,68,42,0,122,2,354,4,23,469,282,233,354,469
2PORTVUE1,67,2,57,0,0,5,6,1,51,2,145,1,9,225,126,63,145,225
2PORTVUE2,62,1,51,0,0,10,9,0,46,0,147,2,7,234,114,65,147,234
2PORTVUE3,85,4,74,1,0,13,13,0,49,0,154,1,8,260,163,76,154,260
2PORTVUE4,75,2,78,0,0,14,15,0,78,0,194,2,9,286,155,107,194,286
2RANKIN1,83,1,37,0,0,1,2,0,6,0,218,0,4,26,121,9,218,26
2RANKIN2,106,0,32,0,0,3,0,0,3,0,261,0,1,25,138,6,261,25
2RANKIN3,79,0,49,0,0,3,0,0,9,0,330,2,4,32,128,12,330,32
2RESERVE1,85,2,89,1,1,9,13,0,30,3,210,6,12,154,176,54,210,154
2RESERVE2,72,4,97,2,2,22,13,0,42,0,215,6,16,193,173,81,215,193
2RESERVE3,72,1,80,1,0,10,15,0,48,1,202,1,17,199,153,74,202,199
2RESERVE4,113,0,106,1,2,26,28,0,67,4,285,6,13,322,219,124,285,322
2RICHLAND1,102,0,76,0,0,53,86,1,110,1,358,4,30,478,178,250,358,478
2RICHLAND2,96,1,83,0,0,56,62,1,105,4,367,7,21,480,180,224,367,480
2RICHLAND3,101,1,93,1,0,54,87,3,130,3,357,6,38,485,195,275,357,485
2RICHLAND4,103,0,94,1,1,89,75,2,125,5,338,7,32,519,197,293,338,519
2RICHLAND5,96,2,56,1,0,62,66,1,118,1,309,5,22,469,154,248,309,469
2RICHLAND6,77,2,80,2,0,57,65,2,152,1,306,1,17,547,159,278,306,547
2RICHLAND7,83,0,106,0,1,76,71,0,127,8,299,7,43,518,189,275,299,518
2RICHLAND8,85,4,67,1,2,58,63,2,100,2,253,5,23,388,156,226,253,388
2ROBINSON1,197,2,106,1,2,50,78,1,182,3,515,4,16,649,305,314,515,649
2ROBINSON2,120,2,98,1,0,31,31,2,104,0,312,2,16,411,220,169,312,411
2ROBINSON3,90,2,81,0,2,15,28,0,60,2,231,0,11,275,173,105,231,275
2ROBINSON4,89,8,102,0,0,9,23,0,42,2,236,6,10,234,199,74,236,234
2ROBINSON5,110,5,70,0,0,11,20,1,57,4,181,0,21,259,185,89,181,259
2ROBINSON6,100,0,71,0,0,16,33,1,77,0,284,2,12,309,171,127,284,309
2ROBINSON7,169,2,128,1,0,65,89,0,139,5,418,6,22,629,299,294,418,629
2ROBINSON8,113,4,135,0,1,44,57,1,118,1,456,9,24,495,252,221,456,495
2ROBINSON9,262,9,194,1,1,69,115,1,200,6,729,5,46,888,465,387,729,888
2ROSS11,90,3,67,0,2,39,35,0,84,1,245,3,22,295,160,160,245,295
2ROSS12,68,0,70,0,0,33,30,2,48,2,259,1,10,204,138,113,259,204
2ROSS13,44,0,35,0,0,17,17,0,31,2,167,3,9,176,79,65,167,176
2ROSS14,100,1,92,3,0,25,68,1,76,4,295,4,18,308,193,173,295,308
2ROSS21,123,2,92,0,1,37,61,2,114,2,394,7,27,384,217,215,394,384
2ROSS22,123,1,76,0,0,44,73,1,98,1,352,1,26,379,200,216,352,379
2ROSS23,93,2,72,1,0,34,43,0,70,4,264,2,13,263,167,148,264,263
2ROSS31,84,2,79,0,0,22,41,1,45,3,254,5,24,219,165,109,254,219
2ROSS32,85,1,67,0,1,28,55,1,60,0,283,1,14,247,153,145,283,247
2ROSS33,51,2,58,0,0,26,27,0,46,2,169,7,21,191,111,99,169,191
2ROSS34,67,2,81,1,0,40,43,2,42,2,269,6,21,235,150,128,269,235
2ROSS41,117,2,106,0,1,46,55,0,65,2,307,9,23,331,225,167,307,331
2ROSS42,57,3,54,0,0,23,41,0,40,3,192,3,13,249,114,104,192,249
2ROSS43,93,2,71,1,0,30,63,2,87,1,251,2,18,328,166,183,251,328
2ROSS44,77,0,62,1,2,35,44,1,62,1,243,2,17,279,139,145,243,279
2ROSS51,63,3,55,2,0,36,34,1,60,2,188,2,20,261,121,133,188,261
2ROSS52,44,0,58,0,0,14,14,1,30,5,135,2,12,157,102,59,135,157
2ROSS53,107,3,82,2,0,41,35,0,83,2,254,4,24,325,192,161,254,325
2ROSS54,94,1,81,1,0,25,51,1,85,5,269,3,16,268,176,163,269,268
2ROSS61,64,0,63,0,1,24,24,0,42,2,212,4,13,150,127,91,212,150
2ROSS62,124,2,101,0,1,28,43,1,79,2,369,9,22,310,227,152,369,310
2ROSS63,71,1,72,1,1,27,26,0,48,0,229,7,15,215,144,103,229,215
2ROSS64,67,0,74,0,0,12,17,0,37,2,189,11,8,218,141,66,189,218
2ROSS71,76,0,63,0,0,24,24,1,51,0,200,1,20,238,139,100,200,238
2ROSS72,46,2,57,1,0,24,13,1,25,2,212,2,15,143,105,64,212,143
2ROSS73,97,3,91,0,2,25,27,1,62,1,245,5,10,293,191,117,245,293
2ROSS74,58,0,73,0,0,17,31,1,50,2,188,3,12,220,131,99,188,220
2ROSS81,177,1,177,1,0,38,68,1,117,2,563,11,27,467,355,225,563,467
2ROSS82,70,1,51,3,0,17,26,0,45,1,205,1,6,185,122,91,205,185
2ROSS83,80,3,55,0,0,22,23,0,46,0,205,3,9,216,138,91,205,216
2ROSS91,92,0,81,0,1,39,50,4,110,3,275,1,20,342,173,204,275,342
2ROSS92,90,3,91,2,1,45,57,0,94,5,324,9,24,339,184,199,324,339
2ROSS93,116,3,79,2,1,44,64,2,94,1,282,8,21,313,198,207,282,313
2ROSSLYNFARMS,59,0,28,0,1,20,44,0,48,2,161,0,15,139,87,113,161,139
2SCOTT11,76,1,61,0,1,12,6,0,29,3,215,2,14,154,138,48,215,154
2SCOTT12,64,4,62,1,0,8,7,0,49,1,223,5,11,188,130,65,223,188
2SCOTT21,79,1,57,0,0,13,17,0,36,3,213,3,5,151,137,66,213,151
2SCOTT22,112,0,84,0,1,19,28,0,47,3,287,1,14,237,196,95,287,237
2SCOTT31,85,4,52,0,1,24,21,0,47,0,192,6,8,192,141,93,192,192
2SCOTT32,122,3,70,5,3,23,38,0,53,3,281,2,13,241,195,122,281,241
2SCOTT41,115,2,94,1,1,18,37,2,77,1,307,8,18,280,211,136,307,280
2SCOTT42,101,3,73,0,2,19,22,1,39,3,260,6,6,204,177,83,260,204
2SCOTT51,105,1,40,1,1,11,9,1,35,1,222,2,10,200,146,58,222,200
2SCOTT52,137,0,73,0,1,19,38,1,66,0,315,2,10,253,210,125,315,253
2SCOTT61,87,2,69,0,1,23,20,2,44,3,278,4,9,194,158,90,278,194
2SCOTT62,112,4,75,0,1,19,44,1,60,4,296,4,12,276,191,125,296,276
2SCOTT71,120,2,64,4,1,21,70,1,71,5,367,2,23,261,186,168,367,261
2SCOTT72,105,1,74,0,0,16,38,0,71,0,259,2,9,228,180,125,259,228
2SCOTT81,69,1,54,1,0,26,18,0,55,2,196,0,11,199,124,100,196,199
2SCOTT82,140,1,65,5,3,45,119,0,112,3,328,1,25,418,206,284,328,418
2SCOTT91,29,1,35,0,0,5,18,0,14,0,121,0,6,70,65,37,121,70
2SCOTT92,57,0,39,0,0,9,15,0,18,1,151,3,5,98,96,42,151,98
2SEWICKLEY1,96,1,84,0,0,37,73,1,62,1,392,12,36,233,181,173,392,233
2SEWICKLEY21,58,0,30,2,1,17,45,0,36,1,189,3,10,141,88,101,189,141
2SEWICKLEY22,87,0,30,1,0,33,60,5,50,2,217,1,12,182,117,149,217,182
2SEWICKLEY3,100,1,100,0,0,18,72,0,71,0,408,7,14,274,201,161,408,274
2SEWICKLEYHEIGHTS,47,0,43,1,3,36,74,1,89,2,226,0,10,307,90,204,226,307
2SEWICKLEYHILLS,52,0,41,0,1,25,46,0,73,1,181,0,7,224,93,145,181,224
2SHALER11,73,1,66,0,0,20,21,1,35,0,179,2,14,193,140,77,179,193
2SHALER12,58,2,48,0,1,14,17,0,49,2,165,9,7,182,108,81,165,182
2SHALER13,64,0,68,2,1,13,14,0,55,2,206,7,13,194,132,85,206,194
2SHALER14,93,0,71,0,0,13,27,0,60,1,230,4,10,228,164,100,230,228
2SHALER15,82,1,66,0,0,23,18,0,38,0,223,2,9,230,149,79,223,230
2SHALER21,139,3,112,0,0,39,53,1,100,0,372,8,12,448,254,193,372,448
2SHALER22,83,0,76,0,0,29,43,1,80,2,248,4,24,315,159,153,248,315
2SHALER23,79,1,73,0,1,15,21,1,58,0,214,5,11,206,153,96,214,206
2SHALER24,110,5,80,1,0,22,34,1,90,2,280,3,24,300,195,148,280,300
2SHALER25,49,1,47,0,0,7,19,0,36,1,147,4,3,144,97,62,147,144
2SHALER31,91,3,70,1,1,23,26,1,78,3,200,1,16,253,164,130,200,253
2SHALER32,81,1,60,0,1,24,31,0,67,0,200,2,10,260,142,123,200,260
2SHALER33,66,1,60,0,1,27,31,1,82,2,178,2,14,296,127,142,178,296
2SHALER34,101,3,60,0,0,36,37,0,77,2,257,3,12,286,164,150,257,286
2SHALER35,79,0,75,1,2,30,38,0,111,0,206,5,18,322,154,182,206,322
2SHALER41,98,2,97,0,1,44,46,1,79,3,298,3,22,332,197,171,298,332
2SHALER42,41,3,55,1,1,15,21,0,37,0,152,4,21,155,99,75,152,155
2SHALER43,70,0,75,0,0,46,38,1,80,3,235,3,27,263,145,165,235,263
2SHALER44,83,3,55,0,0,32,48,1,71,0,220,4,15,294,141,152,220,294
2SHALER45,74,2,57,0,0,17,25,1,47,4,190,4,7,177,133,90,190,177
2SHALER51,77,0,68,0,0,24,51,3,87,3,219,3,25,326,145,165,219,326
2SHALER52,96,6,74,0,1,39,42,0,72,3,274,6,20,275,176,154,274,275
2SHALER53,79,1,57,0,0,27,39,0,53,2,210,0,13,205,137,119,210,205
2SHALER54,45,0,30,1,0,23,25,1,29,1,124,2,7,143,75,79,124,143
2SHALER55,101,4,62,2,0,32,32,0,82,2,261,3,11,302,167,148,261,302
2SHALER61,72,0,64,0,1,21,31,0,54,1,206,2,18,259,136,107,206,259
2SHALER62,84,4,90,0,1,26,37,2,67,1,229,3,14,283,178,133,229,283
2SHALER63,63,0,52,0,0,22,26,0,79,2,179,3,15,230,115,127,179,230
2SHALER64,55,1,49,0,0,13,12,0,37,2,126,0,4,132,105,62,126,132
2SHALER65,79,2,70,0,2,25,53,0,52,1,207,1,12,225,151,132,207,225
2SHALER71,85,3,72,0,0,20,23,1,59,3,202,2,13,206,160,103,202,206
2SHALER72,91,1,108,2,0,35,29,2,78,0,292,5,9,295,200,146,292,295
2SHALER73,72,2,70,2,1,22,17,0,62,3,200,2,9,238,144,104,200,238
2SHALER74,120,6,103,1,2,31,41,0,89,0,365,2,19,391,229,164,365,391
2SHARPSBURG1,89,3,68,0,0,8,4,0,22,2,210,7,8,110,160,34,210,110
2SHARPSBURG2,94,0,120,0,0,4,9,0,29,0,316,9,8,168,214,42,316,168
2SHARPSBURG3,108,1,96,0,1,23,11,0,48,4,278,3,11,246,205,83,278,246
2SOUTHFAYETTE1,89,0,50,0,0,16,36,0,62,0,219,1,7,238,139,114,219,238
2SOUTHFAYETTE10,96,2,63,1,0,31,31,0,66,3,267,5,23,267,161,129,267,267
2SOUTHFAYETTE11,104,1,67,1,0,24,38,2,92,2,267,2,18,411,172,157,267,411
2SOUTHFAYETTE12,56,1,44,0,0,11,23,0,43,1,151,0,7,164,101,77,151,164
2SOUTHFAYETTE2,117,5,86,0,1,60,53,5,116,2,357,2,18,474,208,235,357,474
2SOUTHFAYETTE3,141,3,111,0,1,48,51,1,131,4,523,1,21,561,255,232,523,561
2SOUTHFAYETTE4,94,1,74,0,1,42,35,0,82,2,275,8,14,336,169,160,275,336
2SOUTHFAYETTE5,81,1,61,0,1,21,30,2,83,0,259,3,12,343,143,137,259,343
2SOUTHFAYETTE6,120,2,87,3,1,41,59,2,92,3,379,7,28,454,209,198,379,454
2SOUTHFAYETTE7,74,0,43,0,1,25,32,2,66,1,210,1,12,240,117,126,210,240
2SOUTHFAYETTE8,138,2,70,1,0,57,95,0,188,4,520,0,13,617,210,341,520,617
2SOUTHFAYETTE9,57,0,26,1,0,20,26,1,53,2,192,0,10,227,83,101,192,227
2SOUTHPARK1,156,5,131,0,1,58,73,1,196,4,225,1,12,340,292,329,225,340
2SOUTHPARK10,99,3,83,1,1,29,22,1,91,2,267,0,20,376,185,145,267,376
2SOUTHPARK11,53,2,59,0,0,14,19,1,37,1,192,0,10,213,114,71,192,213
2SOUTHPARK12,72,2,71,0,1,16,18,0,51,3,193,3,12,204,145,86,193,204
2SOUTHPARK2,87,2,72,0,0,39,30,1,80,2,256,1,14,310,161,150,256,310
2SOUTHPARK3,75,6,59,2,0,34,17,0,59,0,181,5,20,269,140,112,181,269
2SOUTHPARK4,62,0,34,0,1,13,9,1,30,0,166,2,7,146,96,54,166,146
2SOUTHPARK5,109,5,86,0,1,20,41,1,69,4,257,3,20,297,200,132,257,297
2SOUTHPARK6,113,1,86,0,1,51,34,0,70,1,300,3,16,333,200,156,300,333
2SOUTHPARK7,151,3,127,0,1,39,48,2,102,4,381,6,17,434,281,192,381,434
2SOUTHPARK8,84,3,52,0,1,19,24,0,63,3,184,1,11,231,139,107,184,231
2SOUTHPARK9,98,0,71,0,1,22,37,1,83,3,275,1,10,315,169,144,275,315
2SOUTHVERSAILLES,18,3,18,0,2,4,4,0,37,1,37,0,1,119,39,47,37,119
2SPRINGDALE,150,6,115,0,0,39,38,2,110,1,352,6,17,494,271,189,352,494
2SPRINGDALE1,81,0,87,1,0,18,14,0,60,3,215,4,12,258,168,93,215,258
2SPRINGDALE2,64,5,63,0,1,29,26,0,65,2,162,3,13,253,132,121,162,253
2SPRINGDALE3,69,1,63,0,0,8,10,0,44,2,176,5,10,179,133,62,176,179
2SPRINGDALE4,53,1,54,0,0,8,5,0,39,2,138,3,9,167,108,52,138,167
2STOWE1,57,1,47,0,0,2,11,0,13,4,170,1,5,96,105,26,170,96
2STOWE21,22,0,14,0,0,4,2,0,7,0,47,2,2,46,36,13,47,46
2STOWE22,117,1,89,0,1,14,18,2,16,1,309,5,9,149,207,51,309,149
2STOWE3,45,1,36,0,0,1,11,0,10,0,116,2,7,109,82,22,116,109
2STOWE41,60,0,30,0,0,6,9,0,20,0,115,0,7,111,90,35,115,111
2STOWE42,77,4,53,0,0,9,7,0,21,1,129,1,7,149,134,37,129,149
2STOWE5,49,1,45,0,0,8,3,0,7,0,168,6,3,124,95,18,168,124
2STOWE6,50,1,57,1,0,5,6,0,7,1,173,4,3,77,108,19,173,77
2STOWE7,24,1,24,0,0,0,3,0,9,0,117,1,3,50,49,12,117,50
2STOWE8,35,0,41,0,0,3,4,0,6,2,132,2,0,73,76,13,132,73
2STOWE9,46,0,25,0,0,3,7,0,3,0,136,1,3,39,71,13,136,39
2SWISSVALE1,124,0,94,1,0,7,6,1,15,1,453,5,6,83,218,30,453,83
2SWISSVALE10,35,0,33,0,0,0,0,0,4,0,123,2,1,14,68,4,123,14
2SWISSVALE11,165,1,147,0,0,5,27,1,20,0,450,10,9,71,313,53,450,71
2SWISSVALE2,115,1,109,0,0,5,1,1,10,3,418,5,5,64,225,17,418,64
2SWISSVALE3,78,0,100,0,0,5,11,0,12,2,340,5,7,53,178,28,340,53
2SWISSVALE4,91,0,112,0,0,18,7,1,19,3,310,3,11,102,203,45,310,102
2SWISSVALE5,121,2,108,0,0,13,10,0,23,1,428,8,12,95,231,46,428,95
2SWISSVALE6,63,0,61,0,0,2,4,0,7,0,214,3,5,31,124,13,214,31
2SWISSVALE7,114,2,126,0,0,10,10,1,13,1,372,7,11,84,242,34,372,84
2SWISSVALE8,102,1,105,1,1,16,18,0,23,2,376,10,20,92,208,59,376,92
2SWISSVALE9,127,0,118,2,0,9,6,0,16,2,373,6,11,73,245,33,373,73
2TARENTUM11,55,3,53,0,0,18,12,1,31,1,196,6,14,187,111,62,196,187
2TARENTUM12,54,1,52,0,1,12,10,0,36,1,163,4,19,156,107,59,163,156
2TARENTUM2,55,0,35,0,2,9,7,0,26,1,154,6,7,131,90,44,154,131
2TARENTUM31,20,0,23,0,0,3,7,0,16,0,64,1,10,95,43,26,64,95
2TARENTUM32,51,2,51,0,0,20,6,1,38,1,139,0,10,214,104,65,139,214
2THORNBURG1,61,2,36,1,0,13,40,0,48,0,163,1,5,158,99,102,163,158
2TRAFFORD1,6,2,2,0,0,1,0,0,4,0,10,0,2,18,10,5,10,18
2TURTLECREEK11,119,0,93,1,0,20,11,0,67,0,287,3,6,261,212,99,287,261
2TURTLECREEK12,50,2,44,0,0,10,4,1,15,1,169,6,3,97,96,30,169,97
2TURTLECREEK21,82,1,54,0,2,5,2,0,31,1,288,4,9,118,137,40,288,118
2TURTLECREEK22,27,0,24,1,0,5,1,0,18,0,122,0,1,71,51,25,122,71
2TURTLECREEK31,69,0,55,0,0,5,2,0,17,0,224,4,4,119,124,24,224,119
2TURTLECREEK32,77,2,53,0,0,11,6,0,25,1,170,2,2,134,132,42,170,134
2UPPERST.CLAIR11,80,1,49,0,0,25,76,1,90,2,276,0,11,266,130,192,276,266
2UPPERST.CLAIR12,76,1,58,0,0,43,97,0,95,0,304,1,16,317,135,235,304,317
2UPPERST.CLAIR13,98,2,53,0,1,47,93,2,109,5,350,2,27,350,153,252,350,350
2UPPERST.CLAIR14,97,0,52,1,1,39,74,1,80,2,316,1,17,273,149,196,316,273
2UPPERST.CLAIR21,105,2,93,0,1,44,66,1,87,1,366,2,10,339,200,199,366,339
2UPPERST.CLAIR22,52,0,42,0,0,30,74,1,87,2,201,3,13,276,94,192,201,276
2UPPERST.CLAIR23,118,0,78,1,3,26,73,0,111,3,406,3,12,360,196,214,406,360
2UPPERST.CLAIR24,60,0,43,0,1,22,61,0,51,2,195,1,7,204,103,135,195,204
2UPPERST.CLAIR31,98,0,84,0,2,31,105,0,107,0,359,9,20,375,182,245,359,375
2UPPERST.CLAIR32,84,1,64,0,1,35,79,1,106,3,297,2,20,354,149,222,297,354
2UPPERST.CLAIR33,115,2,69,1,0,64,132,5,168,0,369,3,23,474,186,370,369,474
2UPPERST.CLAIR41,97,1,77,2,0,36,101,1,132,1,355,3,19,379,175,272,355,379
2UPPERST.CLAIR42,63,0,50,0,0,36,85,3,96,0,285,2,16,298,113,220,285,298
2UPPERST.CLAIR43,71,1,36,1,0,25,60,0,77,1,236,0,13,244,108,163,236,244
2UPPERST.CLAIR44,81,1,36,7,1,51,148,4,122,0,316,0,18,398,118,333,316,398
2UPPERST.CLAIR51,114,0,91,2,2,52,91,3,190,0,444,0,22,553,205,340,444,553
2UPPERST.CLAIR52,75,1,66,0,2,48,69,1,111,0,291,3,17,326,142,231,291,326
2UPPERST.CLAIR53,96,1,60,0,0,52,53,1,87,0,307,5,22,315,157,193,307,315
2VERONA1,58,1,67,0,0,8,5,0,20,1,196,6,23,125,126,33,196,125
2VERONA2,70,1,72,0,0,13,10,1,46,2,201,7,19,191,143,70,201,191
2VERONA3,83,2,80,0,2,12,11,0,33,2,238,4,4,165,165,58,238,165
2VERSAILLES1,69,4,41,0,1,11,5,0,39,3,159,3,6,169,114,56,159,169
2VERSAILLES2,79,3,45,0,0,4,9,0,29,2,155,1,7,136,127,42,155,136
2WALL,33,0,31,0,0,4,3,0,24,2,74,1,7,94,64,31,74,94
2WESTDEER1,131,2,127,1,0,68,64,0,189,3,358,10,29,673,260,322,358,673
2WESTDEER2,54,0,66,0,0,32,15,3,62,0,130,0,11,294,120,112,130,294
2WESTDEER3,90,5,75,0,0,32,26,0,89,1,238,4,14,357,170,147,238,357
2WESTDEER4,83,4,80,0,0,40,61,2,100,2,245,5,19,353,167,203,245,353
2WESTDEER5,86,0,102,0,1,30,30,2,83,2,209,7,19,375,188,146,209,375
2WESTDEER6,83,7,62,0,0,28,30,2,77,1,205,3,15,366,152,137,205,366
2WESTDEER7,139,2,115,0,0,63,71,0,206,3,401,8,29,716,256,340,401,716
2WESTDEER8,176,5,120,0,0,49,81,0,178,3,423,6,34,613,301,308,423,613
2WESTELIZABETH,28,2,20,0,1,6,4,0,23,0,66,0,7,103,50,34,66,103
2WESTHOMESTEAD1,55,0,46,1,0,4,9,0,8,1,206,1,6,52,101,22,206,52
2WESTHOMESTEAD2,82,2,67,0,0,14,1,0,25,0,154,1,9,203,151,40,154,203
2WESTHOMESTEAD3,77,5,86,0,1,13,15,1,47,1,173,4,6,220,168,77,173,220
2WESTMIFFLIN1,91,2,94,0,2,17,5,0,57,3,229,6,20,259,187,81,229,259
2WESTMIFFLIN10,72,1,66,0,0,18,5,0,31,0,177,1,9,195,139,54,177,195
2WESTMIFFLIN11,79,5,108,0,0,21,19,1,66,0,222,6,10,319,192,107,222,319
2WESTMIFFLIN12,130,2,109,0,0,13,15,2,67,3,363,3,15,328,241,97,363,328
2WESTMIFFLIN13,83,2,65,0,0,10,14,0,36,1,201,0,11,201,150,60,201,201
2WESTMIFFLIN14,120,8,135,0,2,25,17,0,79,1,268,5,12,393,263,123,268,393
2WESTMIFFLIN15,88,2,81,0,1,10,8,1,33,4,211,2,12,195,171,53,211,195
2WESTMIFFLIN16,212,5,133,0,1,17,25,1,106,2,411,5,21,485,350,150,411,485
2WESTMIFFLIN17,82,2,68,0,1,21,11,2,38,0,179,5,15,226,152,73,179,226
2WESTMIFFLIN18,100,3,115,0,0,18,12,0,55,2,278,4,16,280,218,85,278,280
2WESTMIFFLIN19,83,3,63,0,1,10,11,1,67,2,183,1,12,306,149,90,183,306
2WESTMIFFLIN2,108,1,44,0,0,3,4,1,12,0,250,2,5,58,153,20,250,58
2WESTMIFFLIN20,101,4,71,0,1,8,15,0,24,3,170,2,6,197,176,48,170,197
2WESTMIFFLIN21,103,2,77,0,0,9,24,0,53,2,235,1,17,232,182,86,235,232
2WESTMIFFLIN3,70,1,63,0,1,9,7,0,29,2,169,4,8,133,134,46,169,133
2WESTMIFFLIN4,60,0,20,0,0,0,0,0,0,0,218,1,2,3,80,0,218,3
2WESTMIFFLIN5,137,3,128,0,0,22,21,2,56,0,308,1,14,332,268,101,308,332
2WESTMIFFLIN6,42,2,56,0,0,5,2,2,29,0,87,2,1,132,100,38,87,132
2WESTMIFFLIN7,145,1,91,0,0,6,6,0,46,1,263,5,7,288,237,58,263,288
2WESTMIFFLIN8,101,1,70,0,0,3,1,0,18,2,262,2,6,104,172,22,262,104
2WESTMIFFLIN9,136,1,97,0,1,12,20,0,43,1,291,2,9,258,234,76,291,258
2WESTVIEW1,76,2,105,1,1,27,26,0,48,3,236,4,17,263,183,103,236,263
2WESTVIEW2,94,1,97,1,0,17,24,0,53,2,279,7,25,244,192,95,279,244
2WESTVIEW3,73,1,70,0,0,17,6,2,54,2,188,2,12,211,144,79,188,211
2WESTVIEW4,73,2,57,1,0,19,32,1,51,2,209,1,26,221,132,104,209,221
2WESTVIEW5,105,2,83,0,0,26,21,1,49,2,301,7,20,233,190,97,301,233
2WESTVIEW6,92,1,86,1,1,28,27,0,57,0,250,5,19,267,179,114,250,267
2WESTVIEW7,99,2,96,0,0,20,22,1,54,1,266,5,18,230,197,97,266,230
2WHITAKER1,68,2,55,0,0,4,7,0,24,1,151,3,14,133,125,35,151,133
2WHITAKER2,57,1,53,0,0,1,0,0,17,1,132,1,4,115,111,18,132,115
2WHITEHALL10,80,1,66,0,0,11,22,1,74,3,212,2,5,253,147,108,212,253
2WHITEHALL11,78,2,65,0,0,22,31,1,70,1,225,6,5,267,145,124,225,267
2WHITEHALL12,70,2,49,2,0,13,21,1,82,1,184,1,6,214,121,119,184,214
2WHITEHALL13,80,1,49,0,0,14,27,1,25,3,191,3,13,141,130,67,191,141
2WHITEHALL14,93,2,62,0,0,24,30,0,63,0,215,1,16,224,157,117,215,224
2WHITEHALL15,161,1,93,0,0,30,60,0,96,2,366,1,14,387,255,186,366,387
2WHITEHALL16,73,1,57,0,0,27,52,0,68,0,229,2,10,241,131,147,229,241
2WHITEHALL1A(CONG14),86,2,62,0,0,20,19,0,54,2,168,3,12,237,150,93,168,237
2WHITEHALL2,82,0,76,0,0,9,34,0,55,3,218,5,17,222,158,98,218,222
2WHITEHALL3,89,2,67,0,2,29,33,1,81,2,220,5,10,296,158,146,220,296
2WHITEHALL4,85,2,100,1,0,13,48,1,76,1,246,8,8,270,187,139,246,270
2WHITEHALL5,84,3,68,0,1,22,26,1,83,2,268,4,10,240,155,133,268,240
2WHITEHALL6,58,1,55,0,0,8,10,0,18,1,416,6,13,134,114,36,416,134
2WHITEHALL7,111,6,52,0,2,22,27,2,53,1,159,0,5,167,169,106,159,167
2WHITEHALL8,97,2,97,0,1,26,52,1,90,1,286,4,15,326,196,170,286,326
2WHITEHALL9,85,2,55,1,0,9,24,0,61,0,216,5,7,194,142,95,216,194
2WHITEOAK1,104,0,78,0,1,10,19,0,75,4,211,1,6,297,182,105,211,297
2WHITEOAK2,110,2,71,0,1,20,28,1,88,2,252,6,8,292,183,138,252,292
2WHITEOAK3,120,6,95,1,1,30,19,1,88,2,284,3,11,353,221,140,284,353
2WHITEOAK4,123,4,81,0,0,27,19,0,76,1,263,6,12,309,208,122,263,309
2WHITEOAK5,109,5,92,0,1,21,25,1,96,4,257,4,11,340,206,144,257,340
2WHITEOAK6,108,2,49,2,2,28,19,1,89,2,192,2,6,341,159,141,192,341
2WHITEOAK7,147,3,100,0,2,37,35,0,122,3,305,9,16,443,250,196,305,443
2WILKINS11,107,2,71,0,2,29,27,1,48,0,289,8,10,231,180,107,289,231
2WILKINS12,113,3,77,2,0,28,46,1,63,6,270,3,17,224,193,140,270,224
2WILKINS13,140,3,96,0,0,20,39,0,57,1,382,3,12,258,239,116,382,258
2WILKINS14,99,2,76,0,0,30,17,0,43,1,261,4,12,212,177,90,261,212
2WILKINS15,108,0,42,0,1,5,5,0,21,0,215,5,2,75,150,32,215,75
2WILKINS21,96,1,85,0,0,31,18,2,50,0,264,8,5,190,182,101,264,190
2WILKINS22,142,1,130,1,0,34,24,1,47,3,384,8,16,224,273,107,384,224
2WILKINSBURG11,260,1,85,0,1,6,6,0,3,4,633,2,4,25,346,16,633,25
2WILKINSBURG12,158,0,65,0,0,1,1,0,2,1,443,3,2,6,223,4,443,6
2WILKINSBURG13,105,0,38,0,0,0,2,0,0,0,280,0,1,8,143,2,280,8
2WILKINSBURG14,146,0,78,0,0,13,5,0,13,6,378,0,4,54,224,31,378,54
2WILKINSBURG15,141,0,60,0,1,10,10,0,18,0,369,2,9,57,201,39,369,57
2WILKINSBURG16,209,0,77,0,0,10,2,0,3,10,566,3,6,32,286,15,566,32
2WILKINSBURG21,174,1,76,2,0,1,7,0,13,0,415,4,4,52,251,23,415,52
2WILKINSBURG22,280,0,111,0,1,15,24,0,19,2,631,5,7,101,391,59,631,101
2WILKINSBURG23,115,0,66,0,0,2,6,0,4,1,452,5,4,23,181,12,452,23
2WILKINSBURG24,80,0,35,0,0,2,1,0,1,2,257,4,1,11,115,4,257,11
2WILKINSBURG25,94,0,107,0,0,0,4,1,1,0,422,7,3,17,201,6,422,17
2WILKINSBURG31,146,0,150,0,0,11,18,2,16,1,456,10,15,70,296,47,456,70
2WILKINSBURG32,117,0,113,1,0,10,18,2,13,0,369,10,10,61,230,44,369,61
2WILKINSBURG33,157,0,58,0,0,3,2,0,3,2,489,1,2,19,215,8,489,19
2WILKINSBURG34,148,0,211,0,0,8,8,0,13,2,609,14,9,66,359,29,609,66
2WILKINSBURG35,127,0,182,0,0,1,4,1,8,0,527,16,10,34,309,14,527,34
2WILKINSBURG36,84,0,37,0,0,3,5,0,0,0,259,6,0,11,121,8,259,11
2WILMERDING1,56,1,51,0,0,6,4,0,13,0,212,3,9,80,108,23,212,80
2WILMERDING2,101,1,66,0,0,6,5,0,25,3,279,4,7,157,168,36,279,157
30ALEPPO,30,1,28,0,0,21,5,0,35,0,48,1,1,160,59,61,48,160
30CARMICHAELS,31,2,29,0,1,12,6,0,44,0,64,1,12,151,62,63,64,151
30CENTER,74,4,78,2,2,52,25,3,102,8,142,3,10,453,156,186,142,453
30CLARKSVILLE,12,1,16,0,0,2,0,0,13,0,34,1,1,61,29,15,34,61
30CUMBERLAND1,147,9,127,1,1,36,20,0,210,3,299,2,21,759,283,268,299,759
30CUMBERLAND2,72,2,64,0,1,15,7,1,62,2,145,1,9,314,138,86,145,314
30CUMBERLAND4,167,4,124,1,2,39,29,0,137,3,289,5,15,655,295,208,289,655
30CUMBERLANDNEMACOLIN,51,1,56,0,1,8,1,0,31,2,113,4,3,199,108,41,113,199
30DUNKARDBOBTOWN,58,2,42,1,1,10,3,1,39,5,89,1,5,206,102,55,89,206
30DUNKARDDILLINER,23,1,28,0,0,15,1,0,47,2,43,2,4,185,52,63,43,185
30DUNKARDLOWER,18,1,27,0,0,4,5,0,38,2,50,2,6,116,46,47,50,116
30DUNKARDUPPER,18,3,17,1,0,3,4,0,34,0,34,0,2,135,38,42,34,135
30FRANKLINEAST,177,10,128,2,4,71,49,3,230,2,331,2,17,832,315,359,331,832
30FRANKLINNORTH,87,3,66,1,1,45,31,0,94,3,180,2,7,417,156,172,180,417
30FRANKLINSOUTH,41,3,44,1,0,17,10,0,55,0,78,3,4,209,88,83,78,209
30FRANKLINWEST,31,4,27,0,0,21,11,2,39,2,69,2,4,200,62,73,69,200
30FREEPORT,11,0,19,0,0,8,3,1,20,0,29,0,1,87,30,32,29,87
30GILMORE,19,2,13,0,0,10,2,0,18,0,32,1,2,80,34,30,32,80
30GRAY,15,2,9,0,0,11,3,1,15,0,23,0,2,59,26,30,23,59
30GREENE,29,1,37,0,0,12,10,0,44,0,57,1,3,170,67,66,57,170
30GREENSBORO,20,0,17,0,0,5,1,0,16,2,27,0,4,76,37,22,27,76
30JACKSON,15,0,26,0,0,5,9,0,40,1,46,2,1,144,41,54,46,144
30JEFFERSON,23,2,28,0,0,16,2,0,14,2,53,0,1,90,53,32,53,90
30JEFFERSON1,77,5,57,2,2,31,20,0,96,3,159,1,6,358,139,151,159,358
30JEFFERSON2,25,2,16,0,1,2,0,0,18,0,46,2,2,68,43,21,46,68
30JEFFERSON3,92,5,76,0,0,17,14,1,71,2,159,3,7,332,173,103,159,332
30JEFFERSON4,30,1,21,0,1,3,1,0,12,1,51,0,2,58,52,17,51,58
30MONONGAHELA1,65,3,37,0,0,17,8,0,79,0,110,1,10,307,105,104,110,307
30MONONGAHELA2,27,2,12,1,0,3,1,0,22,1,63,0,2,152,41,27,63,152
30MORGANCHART/T.GRDN,33,1,20,0,0,18,5,0,29,0,75,0,8,147,54,52,75,147
30MORGANLIPPENCOTT,67,3,60,0,3,31,9,0,89,1,118,2,13,305,130,132,118,305
30MORGANMATHER,89,8,80,1,0,12,14,3,67,2,167,2,11,294,177,97,167,294
30MORRIS,40,1,27,0,2,37,13,0,66,4,71,2,6,257,68,118,71,257
30PERRY,99,8,76,0,1,45,11,0,106,1,210,5,18,526,183,163,210,526
30RICESLANDING,42,2,25,1,0,14,9,1,23,1,68,4,5,148,69,48,68,148
30RICHHILL,57,3,37,0,0,26,7,0,66,1,87,0,3,289,97,99,87,289
30SPRINGHILL,20,1,22,0,0,3,2,0,28,1,44,3,1,99,43,33,44,99
30WASHINGTON,68,4,56,0,2,46,26,0,98,0,147,1,8,411,128,172,147,411
30WAYNEEAST,30,3,29,2,1,15,6,0,51,2,70,2,2,195,62,75,70,195
30WAYNESBURG1,67,2,60,0,2,22,24,1,59,2,182,4,20,294,129,108,182,294
30WAYNESBURG2,61,2,44,1,0,20,7,0,33,1,131,7,7,213,107,61,131,213
30WAYNESBURG3,55,4,59,0,0,19,8,1,68,1,139,6,11,273,118,96,139,273
30WAYNEWEST,14,0,28,0,0,14,4,1,25,2,40,2,2,156,42,44,40,156
30WHITELEY,41,3,35,0,0,12,4,0,49,1,70,0,5,209,79,65,70,209
31ALEXANDRIA,10,0,17,0,1,20,12,0,43,4,61,0,5,113,27,76,61,113
31BARREE,13,0,18,0,6,24,17,0,67,0,48,2,9,193,31,114,48,193
31BIRMINGHAM,8,0,6,0,0,2,0,1,20,0,19,0,1,34,14,23,19,34
31BRADY,12,0,25,1,5,43,24,0,110,6,34,2,9,323,37,183,34,323
31BROADTOPCITY,19,0,16,0,0,5,10,1,48,1,36,1,2,127,35,64,36,127
31CARBON,17,1,13,0,3,22,1,0,40,1,37,0,1,138,31,66,37,138
31CASS,32,2,26,2,4,63,21,1,154,5,63,2,7,433,60,245,63,433
31CASSVILLE,3,0,6,0,0,4,0,0,25,0,10,0,0,66,9,29,10,66
31CLAY,11,2,22,1,2,43,7,1,106,4,30,1,7,333,35,160,30,333
31COALMONT,2,2,3,0,0,0,0,0,3,1,7,0,0,36,7,3,7,36
31CROMWELL,24,2,42,0,7,64,18,2,219,5,72,4,7,615,68,310,72,615
31DUBLIN,22,0,30,4,5,36,11,0,200,3,75,0,7,493,52,256,75,493
31DUDLEY,6,0,14,1,0,5,2,0,16,3,18,0,3,57,20,24,18,57
31FRANKLIN,15,0,14,1,6,38,32,0,60,0,51,2,8,175,29,137,51,175
31HENDERSON,25,1,47,3,2,55,15,2,121,0,117,4,8,348,73,198,117,348
31HOPEWELLHOPEWELL,7,0,16,1,2,11,6,0,73,3,21,0,0,166,23,93,21,166
31HOPEWELLPUTTSTOWN,5,0,12,0,0,1,2,0,8,1,17,0,3,38,17,11,17,38
31HUNTINGDON1,19,0,32,2,1,16,18,1,38,0,100,1,7,120,51,76,100,120
31HUNTINGDON2,30,0,46,1,2,24,15,1,49,6,133,3,12,193,76,92,133,193
31HUNTINGDON3,30,0,53,2,7,38,21,0,70,1,153,3,10,227,83,138,153,227
31HUNTINGDON4,39,3,54,1,6,39,28,2,74,2,143,4,18,211,96,150,143,211
31HUNTINGDON5,55,0,201,5,4,33,55,6,65,1,525,10,29,267,256,168,525,267
31HUNTINGDON6,144,1,91,6,4,78,106,7,222,6,402,2,22,503,236,423,402,503
31JACKSON,24,0,34,1,5,65,27,0,120,2,95,4,10,342,58,218,95,342
31JUNIATA,18,0,21,0,1,29,16,1,92,3,49,0,2,212,39,139,49,212
31LINCOLN,5,1,9,2,2,31,16,0,79,1,15,1,9,153,15,130,15,153
31LOGAN,19,0,18,0,1,46,18,0,82,0,55,1,5,256,37,147,55,256
31MAPLETON,13,0,14,2,2,9,6,1,45,2,28,0,3,121,27,65,28,121
31MARKLESBURG,5,1,0,0,0,9,4,0,38,1,18,2,4,88,6,51,18,88
31MILLCREEK,2,1,6,3,0,7,3,0,43,0,13,0,2,106,9,56,13,106
31MILLER,19,2,25,0,1,37,17,2,70,1,61,3,9,191,46,127,61,191
31MORRIS,13,0,17,2,2,25,10,0,61,0,41,0,3,173,30,100,41,173
31MT.UNION1,59,2,28,0,4,11,2,1,31,2,143,1,3,117,89,49,143,117
31MT.UNION2,25,1,26,2,3,28,5,1,71,4,76,1,9,226,52,110,76,226
31MT.UNION3,17,0,36,1,2,30,9,2,59,2,66,2,9,205,53,103,66,205
31ONEIDA,45,2,57,1,6,53,34,4,154,11,175,8,13,387,104,252,175,387
31ORBISONIA,11,1,10,0,2,9,3,0,54,5,27,0,7,128,22,68,27,128
31PENNA(5THCONG),22,3,38,1,9,71,33,2,231,8,83,4,14,530,63,347,83,530
31PENNB(9THCONG),0,0,0,0,0,0,0,0,0,0,0,0,0,1,0,0,0,1
31PETERSBURG,3,0,11,4,1,14,7,0,57,0,28,0,8,153,14,83,28,153
31PORTER,56,1,86,1,8,130,55,4,275,16,208,1,22,793,143,473,208,793
31ROCKHILL,9,0,10,0,0,14,2,1,50,3,23,3,2,110,19,67,23,110
31SALTILLO,9,0,6,0,1,15,3,0,38,2,23,0,4,104,15,57,23,104
31SHADEGAP,3,0,1,1,0,5,0,0,16,0,3,0,0,27,4,22,3,27
31SHIRLEYMT.UNION,34,3,43,0,5,50,11,4,197,7,120,0,20,534,80,267,120,534
31SHIRLEYSBURG,1,0,4,2,0,1,3,0,14,1,9,0,2,50,5,20,9,50
31SHIRLEYSHIRLEY,19,0,13,1,3,19,5,0,88,1,47,0,4,203,32,116,47,203
31SHIRLEYVALLEYPT.,0,0,6,2,0,0,0,0,24,0,1,0,0,55,6,26,1,55
31SMITHFIELD,52,1,53,2,7,69,28,1,189,5,160,2,12,468,106,296,160,468
31SPRINGFIELD,13,1,20,1,3,31,10,0,100,1,50,3,3,270,34,145,50,270
31SPRUCECREEK,6,2,14,1,1,9,10,1,49,1,36,3,6,115,22,71,36,115
31TELL,27,0,21,1,1,18,10,0,82,0,63,1,2,240,48,112,63,240
31THREESPRINGS,11,0,5,2,0,22,8,1,60,3,32,1,0,174,16,93,32,174
31TODD,23,1,20,2,0,26,17,0,136,2,56,0,9,355,44,181,56,355
31UNION,14,0,38,3,3,50,18,0,126,5,59,6,9,403,52,200,59,403
31WALKER,79,2,77,3,8,108,71,4,282,6,233,4,26,785,158,476,233,785
31WARRIORSMARK,58,2,53,0,7,137,73,1,266,3,160,3,13,813,113,484,160,813
31WEST,22,0,22,0,2,27,17,1,84,1,57,0,6,208,44,131,57,208
31WOOD,20,2,20,0,0,16,9,0,42,0,54,1,0,189,42,67,54,189
32ARMAGH,7,0,5,0,0,6,1,0,18,0,16,0,3,35,12,25,16,35
32ARMSTRONG1,45,1,34,0,1,35,25,1,91,3,119,2,6,299,80,153,119,299
32ARMSTRONG2,79,8,87,0,3,102,62,1,259,10,224,3,23,838,174,427,224,838
32BANKS1,20,3,20,0,3,32,16,0,93,0,41,0,5,294,43,144,41,294
32BLACKLICK,50,1,60,2,4,47,34,2,166,4,134,4,19,499,111,255,134,499
32BLAIRSVILLE1,61,0,51,1,2,25,24,1,101,3,173,4,19,299,112,154,173,299
32BLAIRSVILLE2,70,6,50,0,0,38,22,4,91,3,199,3,23,333,126,155,199,333
32BLAIRSVILLE3,81,1,67,0,2,28,16,1,95,3,214,5,16,317,149,142,214,317
32BRUSHVALLEY,78,3,70,0,8,60,40,2,215,4,167,2,13,600,151,325,167,600
32BUFFINGTON1,32,1,42,2,1,47,10,0,109,5,85,3,8,354,75,169,85,354
32BUFFINGTON2,13,3,11,0,0,8,2,0,40,0,21,1,1,111,27,50,21,111
32BURRELL1,89,5,61,1,1,35,18,1,121,6,178,1,10,425,155,177,178,425
32BURRELL2,121,2,88,0,6,54,44,1,193,4,252,3,27,619,211,298,252,619
32CANOE,43,2,51,0,3,17,22,0,163,2,102,0,8,464,96,205,102,464
32CENTER1,62,2,55,0,3,32,24,0,151,3,143,2,11,473,119,210,143,473
32CENTER2,95,4,67,1,7,28,12,0,85,4,172,1,11,353,166,133,172,353
32CENTER3,202,5,143,0,4,64,30,2,141,4,390,5,10,630,350,241,390,630
32CHERRYHILL1,91,4,62,2,3,163,48,1,213,6,183,2,19,650,157,430,183,650
32CHERRYHILL2,41,1,34,1,1,26,15,1,111,2,85,0,2,316,76,155,85,316
32CHERRYTREE,14,1,5,1,0,16,10,0,38,2,22,0,7,109,20,65,22,109
32CLYMER1,67,1,50,4,2,33,15,2,80,1,168,2,10,378,118,136,168,378
32CONEMAUGH1,34,4,17,0,1,19,7,0,35,1,55,0,6,129,55,62,55,129
32CONEMAUGH2,55,2,38,3,3,39,24,0,112,4,112,3,9,379,95,181,112,379
32CONEMAUGH3,29,4,38,1,1,15,9,0,60,2,74,2,8,222,71,86,74,222
32CREEKSIDE,19,1,16,0,0,6,3,1,19,0,44,2,7,85,36,29,44,85
32EASTMAHONING,17,2,26,2,4,43,48,0,138,4,84,0,9,374,45,235,84,374
32EASTWHEATFIELD1,76,8,56,2,0,30,18,1,152,3,152,0,7,523,140,203,152,523
32EASTWHEATFIELD2,41,1,50,0,3,17,18,1,84,1,84,0,10,301,92,123,84,301
32ERNEST,27,2,17,0,2,6,5,3,32,2,67,2,8,104,46,48,67,104
32GLENCAMPBELL,17,2,14,0,0,5,3,0,21,0,30,0,1,69,33,29,30,69
32GRANT,25,2,29,0,0,29,18,2,82,2,46,3,9,272,56,131,46,272
32GREEN1,37,5,37,1,5,61,19,0,162,3,99,4,6,529,79,248,99,529
32GREEN2,44,4,37,2,3,57,29,1,151,7,112,4,8,502,85,243,112,502
32GREEN3,23,2,12,0,0,28,10,2,62,0,46,2,4,215,37,102,46,215
32HOMERCITY1,89,1,71,1,0,19,27,1,92,4,208,3,17,298,161,140,208,298
32HOMERCITY2,49,3,44,0,1,20,10,0,57,1,119,4,6,185,96,88,119,185
32INDIANA1,108,2,138,2,2,56,74,4,120,2,380,11,41,415,248,258,380,415
32INDIANA21,46,2,94,2,2,26,28,0,51,2,294,9,33,224,142,109,294,224
32INDIANA22,110,0,120,1,4,36,43,3,115,3,293,13,29,335,230,202,293,335
32INDIANA31,15,0,167,0,2,18,17,2,24,2,581,17,46,264,182,63,581,264
32INDIANA32,56,1,248,0,2,30,37,4,49,3,752,17,44,399,305,122,752,399
32INDIANA34,62,2,70,1,6,28,25,5,71,2,233,7,28,205,134,136,233,205
32INDIANA4,92,3,97,1,2,36,34,1,111,6,364,7,30,230,192,185,364,230
32MARIONCENTER,9,0,13,2,1,21,16,0,48,1,33,2,10,155,22,88,33,155
32MONTGOMERY,57,2,50,0,2,46,16,0,163,2,120,3,6,491,109,227,120,491
32NORTHMAHONING,16,0,28,2,3,53,15,4,160,2,63,1,9,387,44,237,63,387
32PINE1,28,0,25,0,3,21,13,0,90,4,68,2,4,323,53,127,68,323
32PINE2,31,1,30,0,1,9,7,0,34,1,63,3,3,132,62,51,63,132
32PINE3,28,0,18,0,0,12,5,0,42,0,54,2,8,166,46,59,54,166
32PLUMVILLE,13,1,14,1,0,9,9,0,31,2,30,0,1,97,28,50,30,97
32RAYNE,110,5,112,4,3,153,60,1,386,4,299,2,36,1108,227,607,299,1108
32SALTSBURG,65,1,40,2,3,13,13,0,65,4,132,0,10,211,106,96,132,211
32SHELOCTA,0,0,6,0,0,1,2,0,18,1,5,0,2,35,6,21,5,35
32SMICKSBURG,2,0,2,0,1,1,0,0,4,0,3,0,1,21,4,6,3,21
32SOUTHMAHONING1,38,0,43,1,5,78,17,0,177,4,102,1,5,522,81,278,102,522
32WASHINGTON,35,5,41,1,2,46,35,2,256,6,129,4,8,703,81,342,129,703
32WESTMAHONING,12,0,13,0,0,23,7,0,59,0,18,0,2,165,25,89,18,165
32WESTWHEATFIELD1,54,7,60,4,2,32,15,4,89,2,123,4,10,339,121,146,123,339
32WESTWHEATFIELD2,47,2,37,0,3,36,18,0,118,3,111,3,8,382,86,175,111,382
32WHITE1,122,5,84,1,3,98,81,3,233,7,333,2,31,740,211,419,333,740
32WHITE2,191,2,155,4,6,122,133,3,340,7,532,9,33,1026,348,608,532,1026
32WHITE31,144,2,89,3,2,74,64,5,193,4,357,7,29,570,235,341,357,570
32WHITE32,135,3,130,4,5,50,64,1,182,7,386,6,24,571,268,306,386,571
32WHITE33,121,1,96,2,1,40,57,0,146,4,408,3,19,442,218,246,408,442
32WHITE4,166,0,89,5,3,75,81,4,223,5,407,9,24,639,255,391,407,639
32WHITE6,99,4,42,0,2,49,55,2,161,2,241,2,18,457,145,269,241,457
32YOUNG1,46,4,51,0,1,23,22,1,72,1,103,2,9,308,101,119,103,308
32YOUNG2,22,3,11,0,0,9,7,0,40,2,36,0,1,108,36,56,36,108
32YOUNG3,26,1,11,2,0,20,8,0,39,0,55,0,8,135,38,69,55,135
33BARNETT,13,1,7,1,2,11,5,0,40,2,28,1,2,122,21,59,28,122
33BEAVER,14,0,14,0,1,35,11,2,67,0,31,0,3,218,28,116,31,218
33BELL,37,2,57,2,2,84,35,1,264,4,150,4,17,806,96,388,150,806
33BIGRUN,10,3,25,3,1,24,12,0,58,4,50,2,4,197,38,98,50,197
33BROCKWAY,121,6,97,4,3,42,39,2,166,5,264,7,27,573,224,256,264,573
33BROOKVILLE1,81,5,91,4,4,81,85,3,236,1,247,4,35,646,177,413,247,646
33BROOKVILLE2,49,2,85,2,4,69,59,5,220,7,196,10,23,601,136,359,196,601
33CLOVER,15,1,16,2,0,38,15,0,70,0,32,0,5,196,32,125,32,196
33CORSICA,18,1,5,0,1,8,8,0,44,0,30,2,4,129,24,61,30,129
33ELDRED,34,3,45,1,1,48,36,3,230,0,109,3,17,565,82,319,109,565
33FALLSCREEK,32,4,54,1,1,31,19,2,77,3,96,4,16,316,90,131,96,316
33GASKILL,7,2,19,1,3,20,14,0,93,0,38,0,5,231,28,131,38,231
33HEATH,5,0,6,1,0,2,6,0,28,1,17,0,5,48,11,37,17,48
33HENDERSON,21,9,61,1,2,28,16,1,119,1,93,1,12,377,91,167,93,377
33KNOX,11,1,35,1,5,48,28,0,166,1,42,0,6,449,47,248,42,449
33MCCALMONT,23,2,25,1,1,26,17,1,97,4,50,3,10,314,50,143,50,314
33OLIVER1,24,1,35,1,3,38,26,2,244,0,64,1,12,514,60,314,64,514
33PERRY,21,0,37,2,2,30,25,0,158,1,66,1,10,485,58,217,66,485
33PINECREEK,23,0,31,2,3,61,32,0,163,3,76,2,16,415,54,261,76,415
33POLK,4,0,6,2,1,10,10,0,50,0,17,1,1,123,10,73,17,123
33PORTER,1,3,1,0,1,13,9,0,51,1,6,0,1,123,5,74,6,123
33PUNXSUTAWNEY1,69,1,73,3,5,81,66,1,196,27,254,8,26,650,143,352,254,650
33PUNXSUTAWNEY2,51,4,68,0,3,38,24,0,158,3,180,11,12,483,123,223,180,483
33PUNXSUTAWNEY3,59,4,40,0,3,43,38,2,138,0,147,4,13,442,103,224,147,442
33REYNOLDSVILLE,90,5,89,3,3,45,42,5,238,7,230,5,26,736,184,336,230,736
33RINGGOLD,15,2,17,0,1,29,22,2,88,1,32,1,2,282,34,142,32,282
33ROSE,16,3,25,3,8,41,52,2,171,4,85,4,8,436,44,277,85,436
33SNYDER,85,3,102,5,7,65,56,5,237,0,231,5,36,784,190,375,231,784
33SUMMERVILLE,8,1,17,0,2,40,9,1,47,1,29,4,2,182,26,99,29,182
33SYKESVILLE,52,4,57,0,1,18,9,0,98,1,91,3,6,345,113,126,91,345
33TIMBLIN,0,0,3,0,1,9,4,0,13,0,3,0,0,51,3,27,3,51
33UNION,21,2,37,1,0,42,29,2,129,1,62,5,5,362,60,203,62,362
33WARSAW,20,2,27,1,1,74,36,1,190,1,61,1,8,531,49,303,61,531
33WASHINGTON,51,4,64,3,3,80,58,7,285,3,158,11,21,737,119,436,158,737
33WINSLOW,79,5,86,1,2,88,39,2,317,5,218,2,20,1010,170,449,218,1010
33WORTHVILLE,1,0,1,0,0,3,4,0,22,1,2,0,0,43,2,29,2,43
33YOUNG,68,4,49,0,3,62,52,1,254,1,165,0,16,670,121,372,165,670
34BEALE,21,3,37,3,1,30,9,0,105,2,51,7,5,276,61,148,51,276
34DELAWARE,27,1,37,6,6,119,56,3,164,9,104,2,12,636,65,354,104,636
34FAYETTE,72,6,89,8,19,229,85,4,343,17,207,6,27,1284,167,688,207,1284
34FERMANAGH,75,5,99,5,13,158,99,4,308,9,269,5,39,1018,179,587,269,1018
34GREENWOOD,13,0,20,1,5,34,15,0,73,3,45,2,6,244,33,128,45,244
34LACK,15,3,19,1,3,23,7,0,66,1,39,3,3,229,37,100,39,229
34MIFFLIN,16,2,22,1,0,21,6,0,27,2,37,1,2,125,40,55,37,125
34MIFFLINTOWN,37,1,30,1,4,19,22,0,52,3,92,5,11,182,68,98,92,182
34MILFORD,88,4,103,0,6,57,58,2,224,6,238,9,18,701,195,347,238,701
34MONROE,60,3,45,3,8,118,36,2,171,8,101,3,12,796,108,338,101,796
34PORTROYAL,44,3,31,1,1,27,17,0,98,2,88,2,3,287,78,144,88,287
34SPRUCEHILL,28,1,34,2,2,48,17,1,93,2,85,9,7,288,63,163,85,288
34SUSQUEHANNA,27,2,29,2,5,50,17,0,154,4,76,6,16,451,58,228,76,451
34THOMPSONTOWN,21,0,23,1,1,38,11,1,48,4,65,6,6,189,44,100,65,189
34TURBETT,26,1,37,4,2,36,30,1,103,5,58,1,9,328,64,176,58,328
34TUSCARORA,33,1,31,0,1,26,8,0,110,4,63,1,4,331,65,145,63,331
34TUSCARORAEASTWATERFORD,2,0,7,0,0,7,1,1,23,0,10,0,1,83,9,32,10,83
34WALKER,59,2,61,7,3,123,59,3,232,7,193,3,20,825,122,427,193,825
35ARCHBALD11,243,7,175,2,0,12,15,0,102,3,430,9,14,436,425,131,430,436
35ARCHBALD12,263,6,204,0,1,25,21,0,103,6,526,14,10,462,473,150,526,462
35ARCHBALD21,186,4,139,0,0,16,5,0,41,1,345,5,14,242,329,62,345,242
35ARCHBALD3,82,0,79,0,0,8,6,0,28,1,158,0,3,169,161,42,158,169
35ARCHBALD41,322,7,264,0,0,17,12,1,120,1,574,6,24,465,593,150,574,465
35ARCHBALD42,50,1,49,0,0,9,4,0,26,1,81,2,6,102,100,39,81,102
35BENTON,127,5,110,0,3,89,54,3,274,6,368,4,38,642,242,423,368,642
35BLAKELY11,177,8,148,0,2,24,19,1,82,1,348,2,27,327,333,128,348,327
35BLAKELY21,187,7,144,0,0,25,20,0,122,3,382,6,20,408,338,167,382,408
35BLAKELY31,211,6,149,1,0,24,19,1,80,4,427,8,17,394,366,125,427,394
35BLAKELY32,291,4,208,1,0,29,29,0,130,3,557,12,23,528,503,189,557,528
35CARBONDALE11,143,3,103,0,3,16,9,0,85,1,309,3,9,295,249,113,309,295
35CARBONDALE12,82,2,59,0,0,8,5,0,36,1,172,4,4,168,143,49,172,168
35CARBONDALE31,58,0,25,0,0,11,2,0,31,0,91,1,4,90,83,44,91,90
35CARBONDALE32,98,2,47,0,1,16,3,0,60,0,184,1,4,211,147,80,184,211
35CARBONDALE33,95,4,111,0,1,15,8,0,58,2,256,8,14,275,210,82,256,275
35CARBONDALE41,100,1,77,0,0,11,3,0,55,3,199,6,7,223,178,69,199,223
35CARBONDALE51,56,1,47,0,0,9,7,0,38,0,119,2,10,172,104,54,119,172
35CARBONDALE52,63,3,58,1,1,7,1,1,14,1,130,7,1,129,124,25,130,129
35CARBONDALE61,91,2,37,0,0,10,3,0,40,0,154,2,7,152,130,53,154,152
35CARBONDALE62,31,1,26,0,0,3,1,0,17,1,91,2,1,87,58,21,91,87
35CARBONDALENORTHEAST,69,1,38,0,0,2,4,0,42,2,113,3,4,142,108,48,113,142
35CARBONDALENORTHWEST,26,1,45,0,0,4,2,0,26,0,55,0,6,86,72,32,55,86
35CARBONDALESOUTH,50,1,32,0,0,1,2,0,35,0,88,2,2,102,83,38,88,102
35CLARKSGREEN,203,6,174,0,2,50,66,3,128,3,571,7,23,395,383,249,571,395
35CLARKSSUMMIT1,118,1,81,2,4,32,34,0,85,3,334,3,15,253,200,157,334,253
35CLARKSSUMMIT2,117,3,101,1,1,72,49,0,135,1,362,11,26,386,221,258,362,386
35CLARKSSUMMIT3,146,2,101,2,0,47,39,4,116,1,389,6,12,335,249,208,389,335
35CLARKSSUMMIT4,165,1,97,0,1,46,51,0,172,3,409,4,18,395,263,270,409,395
35CLIFTON,63,1,58,0,0,31,23,0,166,4,208,8,12,466,122,220,208,466
35COVINGTON,169,0,145,3,0,58,46,1,300,6,429,19,21,764,314,408,429,764
35DALTON,124,2,92,3,2,64,54,1,161,2,372,4,17,366,218,285,372,366
35DICKSONCITY11,92,3,83,0,0,13,10,1,62,0,238,1,8,233,178,86,238,233
35DICKSONCITY12,146,3,126,0,0,18,0,0,56,2,334,9,16,285,275,74,334,285
35DICKSONCITY21,121,1,100,0,0,8,2,2,84,1,269,9,12,293,222,96,269,293
35DICKSONCITY31,104,0,74,0,0,9,7,0,45,1,180,5,8,192,178,61,180,192
35DICKSONCITY32,139,2,109,0,1,14,6,0,58,2,294,3,12,272,250,79,294,272
35DICKSONCITY33,121,3,102,0,0,5,5,0,59,1,233,3,6,238,226,69,233,238
35DUNMORE11,238,2,123,0,0,18,15,2,46,2,506,6,20,204,363,81,506,204
35DUNMORE12,252,6,208,0,0,26,6,1,70,1,455,3,11,336,466,103,455,336
35DUNMORE13,317,7,187,0,1,10,25,0,114,3,526,6,18,425,511,150,526,425
35DUNMORE21,182,0,117,0,0,13,7,1,58,3,364,4,11,276,299,79,364,276
35DUNMORE22,251,1,112,0,1,15,13,0,64,0,413,6,8,306,364,93,413,306
35DUNMORE31,175,3,138,0,0,13,16,0,63,1,350,2,12,276,316,92,350,276
35DUNMORE32,114,1,106,0,0,12,6,1,46,0,259,2,14,179,221,65,259,179
35DUNMORE5,84,3,52,0,0,7,13,1,51,2,182,0,8,195,139,72,182,195
35DUNMORE61,118,1,94,1,1,16,7,1,28,4,234,5,11,153,213,54,234,153
35DUNMORE62,217,3,130,2,1,10,13,0,45,0,362,6,9,223,350,71,362,223
35DUNMORE63,152,5,125,0,1,12,5,1,41,3,371,7,11,200,282,60,371,200
35DUNMORE64,153,2,98,2,0,10,3,1,47,0,261,2,7,169,253,63,261,169
35ELMHURST,66,0,48,1,1,27,16,1,94,4,178,1,7,232,114,140,178,232
35FELL1,94,1,57,1,0,14,7,0,62,0,138,5,8,236,152,84,138,236
35FELL2,61,1,59,0,0,21,3,0,43,1,141,2,2,210,121,67,141,210
35FELL3,69,2,42,0,1,14,2,0,25,4,118,4,6,130,113,42,118,130
35FELL4,35,2,24,1,0,2,1,0,24,0,52,1,2,84,61,28,52,84
35GLENBURN,96,0,88,2,0,42,67,1,180,2,377,4,21,423,184,292,377,423
35GREENFIELD,198,3,165,2,2,50,21,0,279,2,409,5,21,793,366,354,409,793
35JEFFERSON,325,5,253,2,1,96,46,1,465,3,740,14,42,1284,583,611,740,1284
35JERMYN1,49,0,27,0,0,9,4,0,51,1,105,4,10,143,76,64,105,143
35JERMYN2,75,1,59,1,2,20,22,0,63,1,166,3,15,215,135,108,166,215
35JERMYN3,89,3,51,1,1,22,9,0,68,0,162,6,7,201,143,101,162,201
35JESSUP11,248,6,148,0,0,7,8,1,52,0,374,5,24,297,402,68,374,297
35JESSUP21,217,5,155,0,0,13,6,0,57,2,386,5,14,327,377,76,386,327
35JESSUP31,250,3,160,0,0,13,6,0,54,1,363,10,17,290,413,73,363,290
35JESSUP32,172,2,78,0,0,1,3,0,27,1,264,6,14,164,252,31,264,164
35LAPLUME,20,0,23,0,2,11,13,0,42,2,76,7,7,118,43,68,76,118
35MADISON,172,3,167,2,1,70,44,1,302,4,442,7,27,825,342,420,442,825
35MAYFIELD1,53,5,50,0,1,5,12,1,37,1,111,0,6,173,108,56,111,173
35MAYFIELD2,87,5,76,0,2,11,6,0,58,1,168,10,9,221,168,77,168,221
35MAYFIELD3,67,1,37,0,0,6,1,0,44,0,100,0,2,155,105,51,100,155
35MOOSIC1,169,5,145,0,0,22,12,1,94,0,372,4,11,387,319,129,372,387
35MOOSIC2,240,6,170,1,0,26,30,1,210,0,486,5,17,589,416,268,486,589
35MOOSIC3,108,4,105,0,0,15,13,2,50,2,252,7,10,266,217,80,252,266
35MOOSIC4,186,9,133,0,1,16,13,0,75,2,351,4,8,340,328,105,351,340
35MOSCOW,202,3,181,1,1,63,48,2,231,2,508,14,20,622,386,346,508,622
35NEWTON,181,3,138,5,1,90,78,1,411,4,559,11,25,955,322,586,559,955
35NORTHABINGTON,47,3,51,0,2,30,28,1,93,2,163,3,11,232,101,154,163,232
35OLDFORGE1,111,0,73,0,0,16,13,1,125,0,241,2,8,331,184,155,241,331
35OLDFORGE2,121,3,86,0,0,9,11,0,121,1,272,5,9,308,210,141,272,308
35OLDFORGE3,178,3,101,1,1,24,12,2,168,1,400,6,14,475,282,208,400,475
35OLDFORGE4,115,1,85,0,0,19,16,1,93,0,273,9,3,302,201,129,273,302
35OLDFORGE5,88,0,50,1,0,15,14,0,106,0,200,3,4,268,138,136,200,268
35OLDFORGE61,104,1,64,0,1,11,9,1,80,1,228,4,11,250,169,102,228,250
35OLDFORGE62,176,1,118,1,0,18,13,0,124,1,407,6,10,395,295,156,407,395
35OLYPHANT1,111,5,103,0,0,9,7,0,34,4,221,5,15,188,219,50,221,188
35OLYPHANT2,123,3,122,1,0,30,9,1,40,0,256,2,8,238,248,81,256,238
35OLYPHANT31,58,2,76,0,0,7,4,0,34,1,142,8,8,157,136,45,142,157
35OLYPHANT32A(CONG10),132,2,121,1,0,7,4,0,50,0,269,1,11,240,255,62,269,240
35OLYPHANT32B(CONG17),29,2,17,0,0,1,3,0,8,0,0,0,0,6,48,12,0,6
35OLYPHANT41,166,2,137,0,1,12,8,0,63,1,288,6,9,298,305,84,288,298
35OLYPHANT42,85,4,88,0,0,7,5,0,33,3,190,4,16,196,177,45,190,196
35RANSOM1,54,0,49,2,0,26,16,4,80,2,147,2,7,240,103,128,147,240
35RANSOM2,18,0,24,0,0,7,6,0,54,0,56,0,4,109,42,67,56,109
35RANSOM3,36,3,31,0,1,18,6,0,46,3,93,2,10,125,70,71,93,125
35ROARINGBROOK,217,4,149,1,1,40,55,3,257,1,479,8,30,700,370,357,479,700
35SCOTT1,266,9,252,2,2,54,31,1,272,4,519,14,33,928,527,362,519,928
35SCOTT2,242,7,209,1,3,73,54,0,238,4,502,9,31,754,458,369,502,754
35SCRANTON101,146,1,138,2,1,16,13,1,61,1,392,9,6,205,285,94,392,205
35SCRANTON102,194,3,168,1,1,30,18,2,75,1,505,12,11,303,365,127,505,303
35SCRANTON103,161,4,135,1,0,30,14,3,94,1,404,7,13,327,300,142,404,327
35SCRANTON11,176,2,168,1,0,14,6,1,87,1,477,6,13,276,346,109,477,276
35SCRANTON111,98,0,54,1,0,12,11,2,43,1,277,5,7,177,152,69,277,177
35SCRANTON12,123,3,85,2,1,19,6,2,56,2,267,6,8,242,211,86,267,242
35SCRANTON121,110,1,76,0,0,8,6,0,35,0,281,2,12,143,187,49,281,143
35SCRANTON122,73,0,61,0,2,7,2,0,21,0,235,3,2,94,134,32,235,94
35SCRANTON123,153,2,130,0,0,27,21,0,70,0,328,5,8,260,285,118,328,260
35SCRANTON131,145,2,149,1,1,21,24,2,74,1,435,13,6,266,296,123,435,266
35SCRANTON132,107,4,84,1,0,10,6,1,32,1,250,3,10,105,195,50,250,105
35SCRANTON141,64,0,65,1,0,8,3,0,23,2,204,3,4,130,129,35,204,130
35SCRANTON151,138,1,100,0,0,6,10,1,59,0,308,6,7,214,239,76,308,214
35SCRANTON152,146,0,112,0,0,9,9,1,55,3,348,9,16,223,258,74,348,223
35SCRANTON161,131,1,61,6,0,6,10,1,61,1,361,5,7,156,193,84,361,156
35SCRANTON171,186,1,138,1,0,9,10,1,62,2,559,10,8,190,325,83,559,190
35SCRANTON172,82,0,70,0,0,20,11,1,29,0,426,6,27,276,152,61,426,276
35SCRANTON191,129,0,118,0,1,5,12,2,49,3,376,3,8,199,247,69,376,199
35SCRANTON192,117,3,90,1,0,11,11,1,53,1,316,5,9,212,210,77,316,212
35SCRANTON193,166,0,147,0,0,22,21,1,104,0,349,8,15,307,313,148,349,307
35SCRANTON194,129,2,114,0,0,22,18,1,62,4,317,6,8,246,245,103,317,246
35SCRANTON201,127,0,123,1,1,12,7,1,76,3,409,5,10,237,250,98,409,237
35SCRANTON202,94,2,68,0,2,12,8,0,40,0,250,10,5,151,164,62,250,151
35SCRANTON203,208,2,156,2,1,8,9,1,77,1,586,10,5,263,366,98,586,263
35SCRANTON21,140,1,103,0,0,15,2,0,48,0,328,4,14,205,244,65,328,205
35SCRANTON211,86,1,65,0,1,9,4,2,49,0,291,2,3,135,152,65,291,135
35SCRANTON212,207,0,196,0,0,15,12,0,83,0,495,6,11,329,403,110,495,329
35SCRANTON213,274,1,183,0,1,33,14,0,112,5,548,12,17,441,458,160,548,441
35SCRANTON214,372,6,258,1,0,24,31,1,195,3,705,9,21,630,636,252,705,630
35SCRANTON22,151,1,112,0,0,10,12,0,64,3,371,4,5,263,264,86,371,263
35SCRANTON221,128,1,65,1,0,13,7,0,36,1,237,2,4,150,194,57,237,150
35SCRANTON222,187,1,119,0,0,8,8,0,79,2,397,10,8,252,307,95,397,252
35SCRANTON23,90,2,58,0,0,9,2,1,51,3,223,6,4,144,150,63,223,144
35SCRANTON231,237,3,143,1,1,12,18,1,53,1,439,6,10,233,383,86,439,233
35SCRANTON232,168,3,122,0,1,15,10,0,58,1,397,4,9,237,293,84,397,237
35SCRANTON233,213,3,172,1,1,14,14,0,66,0,471,8,11,252,388,96,471,252
35SCRANTON241,193,1,132,1,1,13,10,1,62,4,398,4,15,282,326,88,398,282
35SCRANTON242,127,3,90,1,0,7,5,0,51,2,233,5,6,135,220,64,233,135
35SCRANTON31,85,5,91,0,1,8,11,1,48,1,235,8,8,186,181,69,235,186
35SCRANTON32,145,1,84,2,0,14,8,2,83,2,344,3,12,259,230,109,344,259
35SCRANTON41,118,2,112,0,0,10,6,1,65,2,331,4,10,238,232,82,331,238
35SCRANTON42,172,3,120,0,0,16,11,0,92,1,412,11,7,340,295,119,412,340
35SCRANTON51,155,2,102,1,0,10,4,0,51,0,378,8,16,210,259,66,378,210
35SCRANTON52,176,3,113,0,0,6,6,0,58,0,375,2,9,230,292,70,375,230
35SCRANTON61,100,1,68,0,3,9,3,2,43,2,248,2,9,177,169,60,248,177
35SCRANTON71,96,0,104,0,0,3,4,0,42,0,317,9,7,177,200,49,317,177
35SCRANTON91,216,2,65,0,0,7,6,0,27,1,550,2,4,149,283,40,550,149
35SCRANTON92,97,3,84,0,1,20,14,0,24,0,309,6,9,169,184,59,309,169
35SOUTHABINGTON11,133,2,93,0,2,76,59,2,152,1,440,5,21,479,228,291,440,479
35SOUTHABINGTON12,248,2,162,0,3,78,77,3,213,5,609,9,26,632,412,374,609,632
35SOUTHABINGTON2,139,0,96,1,1,56,64,1,177,0,459,12,19,454,235,300,459,454
35SOUTHABINGTON31,153,5,100,2,1,60,50,1,148,2,437,6,26,422,258,262,437,422
35SOUTHABINGTON32,162,1,132,0,3,44,52,4,180,3,481,4,19,457,295,283,481,457
35SPRINGBROOK,204,5,195,2,0,66,37,3,368,5,532,14,21,864,404,476,532,864
35TAYLOR1,54,0,41,1,1,7,4,0,41,0,135,4,8,125,95,54,135,125
35TAYLOR2,107,3,94,0,0,8,4,0,48,2,255,7,6,219,204,60,255,219
35TAYLOR3,134,1,86,1,0,13,9,0,114,3,286,4,6,332,221,137,286,332
35TAYLOR4,188,6,129,1,0,16,13,1,130,2,402,6,11,393,323,161,402,393
35TAYLOR5,223,3,133,1,2,24,17,0,112,7,396,12,20,346,359,156,396,346
35THORNHURST,51,0,68,0,0,28,12,1,112,0,177,6,9,294,119,153,177,294
35THROOP1,176,2,162,0,1,18,14,0,71,0,346,1,10,361,340,104,346,361
35THROOP2,147,8,127,0,0,12,4,0,41,0,268,3,11,251,282,57,268,251
35THROOP3,117,1,77,0,0,11,5,0,39,0,188,1,7,194,195,55,188,194
35THROOP4,126,7,90,0,0,5,4,0,44,3,248,10,4,209,223,53,248,209
35VANDLING,78,1,48,0,0,13,8,0,82,0,162,0,4,195,127,103,162,195
35WAVERLY,216,0,132,8,1,34,80,1,219,3,581,4,27,488,348,343,581,488
35WESTABINGTON,40,0,20,0,1,16,15,0,39,0,83,1,7,102,60,71,83,102
36ADAMSTOWN,74,2,82,1,3,77,50,3,156,3,307,7,37,560,158,290,307,560
36AKRONEAST,50,1,81,1,10,132,80,5,121,8,274,8,29,499,132,349,274,499
36AKRONWEST,66,0,115,2,7,197,102,7,201,14,372,13,67,756,181,516,372,756
36BART,34,0,44,0,4,79,48,1,140,6,143,3,15,512,78,272,143,512
36BRECKNOCKBOWMANSVILLE,83,0,103,1,14,325,135,4,322,13,398,4,68,1353,186,801,398,1353
36BRECKNOCKMUDDYCREEK,29,0,44,0,9,208,46,2,193,9,133,6,28,796,73,458,133,796
36CAERNARVON,63,1,52,5,12,294,109,1,273,11,276,10,37,1124,116,694,276,1124
36CHRISTIANA,25,0,29,0,6,45,30,1,52,1,133,2,16,241,54,134,133,241
36CLAYNORTH,46,0,42,1,4,210,76,3,222,17,197,10,37,943,88,516,197,943
36CLAYSOUTH,115,0,131,2,13,230,96,7,306,9,453,18,52,1166,246,654,453,1166
36COLERAIN,57,0,87,2,16,154,80,3,317,5,301,7,24,932,144,572,301,932
36COLUMBIA1,53,2,68,0,1,16,13,1,53,3,330,9,31,248,123,84,330,248
36COLUMBIA4,71,1,54,0,0,29,18,1,66,1,237,5,16,235,126,114,237,235
36COLUMBIA5,97,1,49,2,0,33,19,1,70,3,267,7,13,263,147,125,267,263
36COLUMBIA6,138,4,101,3,5,64,43,2,200,2,416,9,29,585,243,317,416,585
36COLUMBIA7,78,0,72,1,0,20,22,1,84,3,224,3,19,302,150,128,224,302
36COLUMBIA9,49,2,50,0,2,29,13,0,69,2,199,3,21,259,101,113,199,259
36CONESTOGA,96,3,166,5,6,234,131,3,384,13,461,19,73,1374,265,763,461,1374
36CONOY,65,2,96,3,4,241,100,5,422,5,319,4,79,1259,163,775,319,1259
36DENVER,93,1,119,2,8,219,116,2,330,15,437,16,70,1150,213,677,437,1150
36DRUMORE,36,0,57,2,6,94,93,5,191,2,195,8,33,682,93,391,195,682
36EARLMARTINDALE,37,0,35,0,7,168,78,4,140,6,182,5,15,684,72,397,182,684
36EARLNEWHOLLAND,82,1,57,10,28,245,197,6,316,13,339,4,36,1029,140,802,339,1029
36EASTCOCALICOREAMSTOWN,79,1,86,3,9,211,110,4,291,16,349,14,51,997,166,628,349,997
36EASTCOCALICOSMOKESTOWN,56,1,49,3,2,204,74,3,253,12,269,5,34,1050,106,539,269,1050
36EASTCOCALICOSTEVENS,53,2,62,2,4,154,62,2,190,11,233,10,37,677,117,414,233,677
36EASTCOCALICOSWARTZVILLE,81,1,63,3,5,111,52,3,167,5,318,3,33,550,145,341,318,550
36EASTDONEGALMAYTOWN,66,1,129,2,7,142,78,2,260,3,403,12,57,830,196,491,403,830
36EASTDONEGALMAYTOWNWEST,78,0,74,4,5,188,52,2,204,11,309,11,50,805,152,455,309,805
36EASTDONEGALSPRINGVILLE,118,0,105,3,6,246,152,7,247,9,469,7,66,1100,223,661,469,1100
36EASTDRUMORE,69,0,88,2,15,253,122,5,312,13,320,10,31,1181,157,709,320,1181
36EASTEARLBLUEBALL,53,1,48,1,8,244,84,1,247,21,244,5,31,1028,102,585,244,1028
36EASTEARLTERREHILL,24,1,35,3,7,204,64,6,147,7,165,5,27,705,60,431,165,705
36EASTHEMPFIELDBARRCREST,83,0,83,0,3,52,50,2,73,3,322,8,26,250,166,180,322,250
36EASTHEMPFIELDCENTERVILLE,128,2,118,5,1,119,137,2,255,3,527,5,37,680,248,519,527,680
36EASTHEMPFIELDCHERRYHILL,66,0,68,0,4,61,35,0,89,3,282,4,25,291,134,189,282,291
36EASTHEMPFIELDCHESTNUTRIDGE,163,0,106,4,3,100,144,2,191,10,629,10,50,645,269,444,629,645
36EASTHEMPFIELDFRIENDLY,98,0,77,0,4,53,57,0,99,2,314,3,17,236,175,213,314,236
36EASTHEMPFIELDHEMPLAND,58,0,42,0,1,51,33,0,86,4,249,6,18,296,100,171,249,296
36EASTHEMPFIELDINDIANSPRINGS,119,2,90,0,6,97,90,1,168,4,414,8,46,527,211,362,414,527
36EASTHEMPFIELDKINGS,65,0,68,1,1,74,122,2,110,3,313,4,16,365,133,310,313,365
36EASTHEMPFIELDLANDISVILLE,94,2,109,4,10,102,75,5,183,7,358,11,42,582,205,379,358,582
36EASTHEMPFIELDMILLCREEK,136,0,82,0,6,96,131,1,151,6,436,5,35,575,218,385,436,575
36EASTHEMPFIELDPETERSBURG,42,1,45,4,5,100,84,3,147,5,233,4,35,499,88,343,233,499
36EASTHEMPFIELDPLEASANTVIEW,117,1,121,8,6,100,131,7,150,5,642,9,43,539,239,402,642,539
36EASTHEMPFIELDROHRERSTOWN,130,0,102,2,3,73,130,1,153,5,497,6,27,481,232,362,497,481
36EASTHEMPFIELDSCOTLAND,96,0,77,2,2,113,116,2,178,3,396,9,56,556,173,413,396,556
36EASTHEMPFIELDSPRING,111,0,68,0,5,89,124,2,201,10,478,0,24,590,179,421,478,590
36EASTLAMPETER1,83,0,97,1,6,118,145,0,157,8,433,9,56,563,180,427,433,563
36EASTLAMPETER2,102,0,94,6,10,125,111,1,179,3,461,3,28,645,196,432,461,645
36EASTLAMPETER3,39,1,49,2,3,110,79,1,146,14,211,6,23,583,89,341,211,583
36EASTLAMPETER4,70,2,84,1,6,81,57,3,108,10,363,13,24,467,156,256,363,467
36EASTLAMPETER5,86,1,81,0,2,75,50,4,130,3,352,5,38,418,168,261,352,418
36EASTLAMPETER6,52,0,48,0,3,105,73,3,117,15,236,4,19,399,100,301,236,399
36EASTLAMPETER7,84,1,70,5,8,207,93,5,227,4,327,4,43,848,155,545,327,848
36EASTLAMPETER8,84,0,94,1,5,109,61,1,103,8,530,5,52,442,178,280,530,442
36EASTPETERSBURGNORTH,95,0,97,2,9,67,69,2,104,7,408,3,29,386,192,253,408,386
36EASTPETERSBURGSOUTH,86,1,81,2,6,73,69,2,102,10,298,6,26,336,168,254,298,336
36EASTPETERSBURGWEST,71,2,93,1,2,97,66,4,137,7,292,14,36,467,166,307,292,467
36EDEN,31,1,32,3,10,64,50,5,119,4,152,6,15,435,64,251,152,435
36ELIZABETH,74,2,87,1,13,370,151,8,332,9,389,9,52,1353,163,875,389,1353
36ELIZABETHTOWN1,91,3,193,4,4,134,66,2,193,14,557,26,72,799,287,403,557,799
36ELIZABETHTOWN2,85,0,114,6,1,109,93,3,181,10,372,6,47,624,199,393,372,624
36ELIZABETHTOWN31,44,0,59,1,3,96,44,1,129,6,207,5,23,378,103,274,207,378
36ELIZABETHTOWN32,76,1,100,5,7,140,113,4,172,2,329,10,54,623,177,441,329,623
36ELIZABETHTOWN33,35,0,81,3,0,79,55,1,77,4,296,19,43,405,116,215,296,405
36EPHRATA1,77,1,92,4,8,163,84,5,211,10,372,17,67,738,170,475,372,738
36EPHRATA2,101,3,133,6,10,202,119,7,312,12,463,21,98,1061,237,656,463,1061
36EPHRATA3,110,1,165,0,6,222,88,7,275,12,562,19,76,1129,276,598,562,1129
36EPHRATA4,84,0,104,0,12,149,84,2,202,2,375,14,55,731,188,449,375,731
36EPHRATALINCOLN,78,2,83,3,8,172,93,8,203,13,401,16,54,885,163,487,401,885
36EPHRATAMURRELL,94,2,88,0,6,274,124,3,312,6,466,9,63,1233,184,719,466,1233
36EPHRATATROUTRUN,54,0,61,7,1,124,81,3,171,9,264,11,34,668,115,387,264,668
36FULTON,42,2,56,2,8,146,60,3,200,7,204,3,28,826,100,419,204,826
36LANCASTER1,178,1,166,4,1,39,81,1,80,2,622,14,34,217,345,206,622,217
36LANCASTER2,64,0,85,1,1,29,22,1,51,2,312,9,22,159,149,105,312,159
36LANCASTER21,88,2,121,1,2,20,51,2,30,0,454,9,26,122,211,106,454,122
36LANCASTER22,90,1,118,0,2,28,26,2,24,7,532,12,27,145,209,82,532,145
36LANCASTER3,221,1,166,3,5,43,50,1,76,3,885,10,27,309,388,178,885,309
36LANCASTER4,128,1,135,3,3,55,34,5,87,9,610,15,39,349,264,187,610,349
36LANCASTER41,29,0,27,0,0,10,4,0,12,2,285,1,10,69,56,26,285,69
36LANCASTER42,53,0,37,0,0,6,1,1,9,0,402,5,9,51,90,17,402,51
36LANCASTER5,155,1,160,0,5,46,60,2,91,4,491,4,26,306,316,204,491,306
36LANCASTER51,109,0,151,0,0,24,47,2,30,2,488,11,23,103,260,103,488,103
36LANCASTER52,67,0,112,1,3,22,13,1,23,1,323,10,17,99,179,63,323,99
36LANCASTER53,83,0,141,0,0,29,41,0,29,4,425,10,17,130,224,99,425,130
36LANCASTER6,108,1,88,3,2,54,58,2,105,8,394,6,23,306,197,224,394,306
36LANCASTER61,80,0,119,1,0,20,20,3,34,2,428,10,33,119,199,78,428,119
36LANCASTER62,54,0,97,0,0,21,12,4,17,8,299,11,26,87,151,54,299,87
36LANCASTER63,61,1,142,1,3,22,33,2,37,9,462,13,34,142,204,98,462,142
36LANCASTER64,88,0,131,1,1,33,31,0,33,2,514,14,32,152,219,99,514,152
36LANCASTER65,58,0,140,0,0,19,29,0,22,0,424,16,22,122,198,70,424,122
36LANCASTER66,63,0,47,0,1,31,24,0,58,3,227,6,22,207,110,114,227,207
36LANCASTER67,78,0,121,1,2,28,24,0,38,3,431,15,35,159,199,93,431,159
36LANCASTER68,86,0,91,0,2,35,17,1,28,5,475,4,21,163,177,83,475,163
36LANCASTER7,156,2,141,5,2,58,93,2,98,7,557,12,14,288,299,258,557,288
36LANCASTER71,66,0,60,0,0,9,4,0,4,1,549,3,11,51,126,17,549,51
36LANCASTER72,77,2,47,0,0,10,2,0,4,0,488,2,3,33,126,16,488,33
36LANCASTER73,63,0,35,1,0,6,3,0,8,0,370,1,7,43,98,18,370,43
36LANCASTER74,74,0,31,1,0,7,2,0,2,2,418,1,9,40,105,12,418,40
36LANCASTER75,76,0,28,0,1,6,0,0,4,2,391,3,3,26,104,11,391,26
36LANCASTER76,33,0,36,2,1,11,3,1,7,2,254,1,5,43,69,25,254,43
36LANCASTER77,96,0,41,2,0,18,10,1,26,0,421,1,16,98,137,57,421,98
36LANCASTER78,52,1,55,0,6,75,45,2,71,2,227,7,16,271,108,199,227,271
36LANCASTER8,173,0,158,2,5,73,58,0,106,8,968,10,55,444,331,244,968,444
36LANCASTER81,40,0,54,1,0,8,8,1,20,2,318,6,14,79,94,38,318,79
36LANCASTER82,45,0,36,1,2,8,3,0,17,4,297,3,9,73,81,31,297,73
36LANCASTER83,64,0,72,0,1,24,8,2,25,1,326,12,8,98,136,60,326,98
36LANCASTER84,94,0,163,0,0,33,24,1,77,0,547,12,29,233,257,135,547,233
36LANCASTER85,55,3,58,1,0,12,5,0,12,4,395,15,18,72,116,30,395,72
36LANCASTER86,72,0,47,2,1,18,9,0,27,9,303,3,9,114,119,57,303,114
36LANCASTER87,70,2,103,2,1,33,29,1,84,5,431,8,28,270,175,150,431,270
36LANCASTER88,108,0,74,4,2,32,28,1,42,2,502,18,25,207,182,109,502,207
36LANCASTER89,99,0,69,1,4,20,11,0,39,6,528,3,12,135,168,75,528,135
36LANCASTER9,189,0,157,2,1,87,75,2,132,4,778,6,43,481,346,299,778,481
36LANCASTER91,129,0,139,3,2,36,24,2,42,2,496,18,25,154,268,109,496,154
36LANCASTER92,17,0,28,0,2,9,13,0,13,0,149,6,9,54,45,37,149,54
36LANCASTER93,86,1,219,0,1,23,38,3,28,5,508,13,18,111,306,93,508,111
36LANCASTER94,150,1,373,0,1,26,42,0,30,3,1246,13,37,262,524,99,1246,262
36LANCASTER95,138,2,185,2,1,34,57,0,53,0,526,10,26,140,325,147,526,140
36LEACOCK,51,0,35,6,14,214,85,1,175,8,205,2,20,956,86,495,205,956
36LITITZ11,37,0,97,4,0,56,32,3,68,4,236,10,22,261,134,163,236,261
36LITITZ12,76,0,77,2,4,70,77,1,94,5,313,5,20,323,153,248,313,323
36LITITZ21,49,1,68,0,6,99,56,4,116,2,276,6,35,397,118,281,276,397
36LITITZ22,67,1,85,3,8,95,74,2,151,10,331,6,44,529,153,333,331,529
36LITITZ31,101,0,98,9,4,95,98,2,124,4,365,7,33,421,199,332,365,421
36LITITZ32,114,0,117,2,7,145,113,4,174,7,507,11,42,644,231,445,507,644
36LITTLEBRITAIN,64,1,92,2,10,158,72,1,330,2,342,14,36,1090,157,573,342,1090
36MANHEIM07B,14,1,37,0,1,10,4,0,11,3,126,3,6,75,52,26,126,75
36MANHEIM1,163,0,143,8,4,222,217,5,473,7,763,14,64,1400,306,929,763,1400
36MANHEIM10,103,0,174,5,9,161,114,3,119,5,502,17,25,535,277,411,502,535
36MANHEIM11,83,0,127,2,0,45,47,1,71,1,388,5,21,252,210,166,388,252
36MANHEIM12,77,0,81,2,2,70,95,1,122,4,332,6,21,360,158,292,332,360
36MANHEIM13,150,1,102,2,2,107,162,7,217,6,559,13,39,647,253,497,559,647
36MANHEIM14,112,0,70,2,5,83,96,3,135,9,368,5,34,396,182,324,368,396
36MANHEIM15,116,1,108,2,3,86,86,4,126,6,468,7,41,462,225,307,468,462
36MANHEIM16,152,3,142,2,1,123,191,6,269,11,751,10,39,820,297,592,751,820
36MANHEIM17,118,0,86,0,1,55,50,1,145,4,519,12,28,399,204,252,519,399
36MANHEIM18,98,0,91,4,2,64,86,3,131,4,422,10,30,417,189,290,422,417
36MANHEIM19,103,2,100,1,1,52,86,2,81,5,416,8,23,354,205,223,416,354
36MANHEIM2,167,3,191,9,16,271,172,4,293,14,707,25,68,1156,361,765,707,1156
36MANHEIM20,133,2,67,0,6,88,174,3,223,2,518,7,28,629,202,494,518,629
36MANHEIM21,150,0,86,1,3,121,144,2,198,7,615,6,53,687,236,469,615,687
36MANHEIM22,123,2,112,0,1,59,68,4,127,8,537,7,43,421,237,259,537,421
36MANHEIM23,162,3,80,18,12,137,181,3,219,5,579,8,31,709,245,570,579,709
36MANHEIM3,114,2,110,5,2,83,83,2,136,1,438,6,33,426,226,311,438,426
36MANHEIM4,98,1,83,2,5,88,92,1,131,5,378,10,29,434,182,319,378,434
36MANHEIM5,92,0,96,1,9,81,99,3,137,8,455,9,43,471,188,330,455,471
36MANHEIM6,128,0,101,5,7,113,147,1,184,9,503,13,29,596,229,457,503,596
36MANHEIM7:00AM,45,0,50,2,1,16,33,0,29,0,186,1,14,97,95,81,186,97
36MANHEIM8,77,0,82,2,3,41,71,2,99,4,378,4,26,308,159,218,378,308
36MANHEIM9,73,0,100,1,5,91,82,5,86,10,370,11,48,376,173,270,370,376
36MANORBETHEL,59,1,71,0,2,61,35,2,84,6,278,5,24,304,131,184,278,304
36MANORHAMBRIGHT,135,1,182,3,7,139,87,8,205,8,634,12,62,772,318,449,634,772
36MANORHERSHEYMILL,66,0,73,2,1,59,50,1,105,2,352,10,32,397,139,218,352,397
36MANORINDIANTOWN,43,0,40,3,8,150,84,0,171,7,194,3,30,581,83,416,194,581
36MANORLEISURE,151,0,166,2,12,157,172,5,336,8,822,10,59,1024,317,684,822,1024
"36MANORMANOR,NEW",65,0,84,2,14,199,116,2,217,10,315,6,27,859,149,550,315,859
36MANORNEWEAST,166,3,178,4,4,161,144,2,296,8,721,9,90,904,347,611,721,904
36MANORWASHINGTONBORO,39,1,33,2,6,151,60,2,163,5,130,1,25,603,73,384,130,603
36MANORWESTLANCASTER,158,1,130,5,1,81,70,2,181,3,648,8,36,611,289,340,648,611
36MARIETTA1,75,3,112,2,3,37,29,3,108,5,271,13,33,337,190,182,271,337
36MARIETTA2,74,2,69,1,3,46,33,1,100,4,235,6,18,323,145,184,235,323
36MARTICHOLTWOOD,43,1,49,0,10,111,48,2,226,7,187,8,26,741,93,397,187,741
36MARTICMARTICVILLE,78,0,114,4,12,128,91,2,282,8,384,15,48,915,192,519,384,915
36MILLERSVILLE1,78,1,96,1,2,84,59,1,91,7,329,7,34,346,175,238,329,346
36MILLERSVILLE2,98,1,90,2,7,71,73,2,114,3,373,5,35,425,189,269,373,425
36MILLERSVILLE3,69,0,137,1,3,53,52,0,101,0,393,10,33,314,206,210,393,314
36MILLERSVILLE4,34,0,164,0,2,26,44,0,71,4,550,20,50,295,198,143,550,295
36MOUNTVILLE,135,1,167,4,5,112,89,3,250,6,595,12,55,774,303,463,595,774
36MT.JOYCLOVERLEAF,106,1,106,2,8,164,126,2,222,3,435,14,58,730,213,524,435,730
36MT.JOYEAST,52,1,78,3,6,99,62,4,134,7,274,12,42,460,131,308,274,460
36MT.JOYFAIRVIEW,41,0,75,1,7,202,110,3,231,11,200,10,27,816,116,554,200,816
36MT.JOYFLORIN,136,4,184,3,14,225,159,9,338,8,660,12,122,1188,324,748,660,1188
36MT.JOYHERSHEYROAD,85,0,120,3,10,212,110,4,258,12,449,12,52,1024,205,597,449,1024
36MT.JOYMILTONGROVE,72,1,112,2,8,232,96,4,251,4,395,10,66,944,185,593,395,944
36MT.JOYWEST,86,0,114,1,9,125,106,2,203,4,376,9,37,671,200,446,376,671
36NEWHOLLAND1,65,0,70,3,8,123,71,1,138,6,297,11,30,584,135,344,297,584
36NEWHOLLAND2,69,2,79,3,14,162,88,6,174,13,362,10,56,661,150,447,362,661
36NEWHOLLAND3,30,0,27,3,6,76,61,1,135,6,149,2,22,420,57,282,149,420
36PARADISE,66,1,74,7,13,253,119,3,326,11,335,9,54,1236,141,721,335,1236
36PENNJUNCTION,102,1,109,0,4,241,128,3,306,15,479,16,71,1240,212,682,479,1240
36PENNPENRYN,42,0,64,3,8,253,92,3,219,7,256,6,21,976,106,578,256,976
36PENNSOUTHPENN,80,1,83,8,10,246,142,1,266,9,372,9,43,1023,164,673,372,1023
36PEQUEANEWDANVILLE,46,0,50,2,7,165,82,2,219,6,213,4,26,707,96,477,213,707
36PEQUEAWESTWILLOW,81,1,96,1,16,173,92,3,308,13,415,6,54,1014,178,593,415,1014
36PROVIDENCEEAST,74,0,97,3,9,203,93,3,357,12,327,10,47,1157,171,668,327,1157
36PROVIDENCEWEST,60,0,91,0,10,154,54,1,306,7,280,6,46,960,151,525,280,960
36QUARRYVILLE,71,1,62,4,10,185,105,4,229,10,306,7,36,822,134,537,306,822
36RAPHOELMTREEI,37,0,38,4,4,202,70,1,185,7,184,5,23,772,75,466,184,772
36RAPHOELMTREEII,115,1,78,3,9,177,138,4,286,6,424,6,31,947,194,617,424,947
36RAPHOSPORTINGHILL,38,1,45,6,8,238,89,1,247,12,187,8,37,901,84,589,187,901
36RAPHOUNIONSQUARE,54,0,65,3,6,266,64,2,293,10,218,10,49,1066,119,634,218,1066
36RAPHOWILLOWCREEK,101,2,65,0,6,102,78,2,175,6,396,1,33,688,168,363,396,688
36SADSBURY,40,2,65,5,10,146,46,7,168,3,253,3,25,698,107,382,253,698
36SALISBURYCAMBRIDGE,48,0,55,0,7,137,44,2,210,6,195,5,27,817,103,400,195,817
36SALISBURYGAP,63,5,64,3,12,113,57,1,184,10,246,4,26,703,132,370,246,703
36SALISBURYWHITEHORSE,40,1,73,1,12,183,65,3,160,8,235,9,23,865,114,424,235,865
36STRASBURG,78,0,93,4,14,278,133,3,293,17,397,9,48,1181,171,725,397,1181
36STRASBURG1,63,1,74,6,3,101,95,3,157,10,283,13,40,514,138,365,283,514
36STRASBURG3,58,0,73,2,2,101,84,1,136,4,252,4,32,482,131,326,252,482
36TERREHILL,11,0,23,2,5,119,39,3,101,4,104,4,19,473,34,269,104,473
36UPPERLEACOCKBAREVILLE,78,1,72,0,9,172,97,5,193,8,344,14,40,834,151,476,344,834
36UPPERLEACOCKLEACOCK,51,1,51,4,6,145,115,4,157,10,291,11,32,644,103,431,291,644
36UPPERLEACOCKLEOLA,70,0,68,1,6,124,69,4,128,8,327,14,34,555,138,332,327,555
36WARWICKBRUNNERVILLE,49,3,73,1,2,178,88,5,209,7,297,7,23,737,125,483,297,737
36WARWICKCLAYNEWPORT,94,0,140,2,9,187,115,2,220,11,558,10,67,882,234,535,558,882
36WARWICKHILLTOPMANOR,55,0,49,1,3,124,61,0,120,5,196,2,29,518,104,309,196,518
36WARWICKKISSELHILL,113,0,83,8,4,128,151,2,181,1,418,6,33,627,196,474,418,627
36WARWICKMILLPORT,46,3,60,2,5,135,65,2,152,1,193,5,33,540,109,361,193,540
36WARWICKNEWPORTWEST,74,1,98,2,10,194,95,2,251,10,443,14,47,807,173,554,443,807
36WARWICKROTHSVILLE,63,1,86,1,8,177,88,3,163,5,328,9,44,708,150,440,328,708
36WARWICKSOUTHWEST,123,2,80,4,5,150,120,4,247,3,468,4,46,678,205,530,468,678
36WARWICKWOODCREST,86,2,96,2,5,103,78,0,142,9,382,7,42,486,184,330,382,486
36WESTCOCALICOREINHOLDS,74,2,93,3,11,185,83,2,240,16,345,4,42,975,169,524,345,975
36WESTCOCALICOSCHOENECK,54,0,46,7,6,262,86,1,335,16,226,5,37,1212,100,697,226,1212
36WESTDONEGAL1,38,1,60,5,2,134,89,5,164,4,201,10,42,634,99,399,201,634
36WESTDONEGAL2,101,1,93,4,3,230,140,6,243,3,364,14,52,919,195,626,364,919
36WESTDONEGAL3,151,3,91,14,7,156,182,6,386,9,475,10,32,932,245,751,475,932
36WESTDONEGAL4,54,2,68,3,6,127,78,2,221,5,243,6,47,698,124,437,243,698
36WESTEARLEARLVILLE,52,0,74,2,11,206,113,2,180,8,321,5,49,747,126,514,321,747
36WESTEARLFARMERSVILLE,63,1,44,2,8,164,84,1,146,12,277,6,47,663,108,405,277,663
36WESTEARLNORTH,59,2,59,1,6,158,81,1,141,16,297,5,33,663,120,388,297,663
36WESTHEMPFIELDCHESTNUTHILL,105,2,104,3,10,112,119,4,222,5,500,7,54,698,211,470,500,698
36WESTHEMPFIELDFARMDALE,108,0,127,2,7,144,77,2,261,6,453,16,69,859,235,493,453,859
36WESTHEMPFIELDHIGHLANDPARK,78,1,78,1,6,45,54,1,103,2,329,11,27,386,157,210,329,386
36WESTHEMPFIELDIRONVILLE,112,1,122,3,11,78,94,3,191,7,497,18,56,725,235,380,497,725
36WESTHEMPFIELDOYSTERPOINT,139,2,126,0,7,123,122,1,231,8,556,12,64,780,267,484,556,780
36WESTHEMPFIELDSALUNGA,86,1,78,3,14,111,100,3,190,9,392,7,53,569,165,421,392,569
36WESTHEMPFIELDSILVERSPRING,93,1,87,1,5,106,82,2,182,6,343,12,57,669,181,378,343,669
36WESTLAMPETERLAKES,167,3,44,12,7,130,201,6,260,6,399,2,21,709,214,616,399,709
36WESTLAMPETERLAMPETER,76,0,95,1,5,192,113,2,187,19,391,13,46,795,171,500,391,795
36WESTLAMPETERLOCUST,207,1,68,12,11,164,267,7,267,6,549,7,30,864,276,728,549,864
36WESTLAMPETERLYNDON,76,1,94,3,4,127,68,1,210,11,381,13,44,697,171,413,381,697
36WESTLAMPETERMILLPORT,99,0,106,3,7,137,136,1,223,10,470,7,40,687,205,507,470,687
36WESTLAMPETERWILLOWST.,99,1,105,3,12,186,164,1,222,12,439,17,58,871,205,588,439,871
36WESTLAMPETERWINDYHILL,150,4,89,2,6,214,216,3,315,6,624,8,89,1068,243,756,624,1068
37BESSEMER,66,2,51,2,2,23,18,1,84,2,173,4,13,331,119,130,173,331
37ELLPORT,114,2,81,1,3,32,20,0,66,3,209,5,21,329,197,122,209,329
37ELLWOODCITY11,64,3,54,0,2,17,14,0,53,0,167,5,9,248,121,86,167,248
37ELLWOODCITY21,73,2,38,1,0,21,9,0,38,1,186,1,16,185,113,69,186,185
37ELLWOODCITY31,61,2,45,1,0,15,14,0,47,1,164,8,14,188,108,77,164,188
37ELLWOODCITY41,79,1,57,0,0,30,13,2,58,6,174,1,15,266,137,103,174,266
37ELLWOODCITY42,95,0,55,0,1,35,13,0,57,4,186,3,13,271,150,106,186,271
37ELLWOODCITY51,89,0,47,1,3,21,24,3,66,2,188,1,12,225,136,118,188,225
37ELLWOODCITY52,119,3,68,3,2,22,30,2,91,2,266,6,11,358,190,150,266,358
37ENONVALLEY,10,1,11,0,0,10,10,0,50,4,28,0,6,111,22,70,28,111
37HICKORY1,52,1,38,0,2,67,28,1,138,3,139,2,11,439,91,236,139,439
37HICKORY2,92,3,60,0,2,73,40,3,155,2,192,3,27,519,155,273,192,519
37LITTLEBEAVER,38,4,43,0,2,81,27,4,110,4,109,3,17,432,85,224,109,432
37MAHONING1,86,5,66,0,0,49,16,2,141,3,191,4,12,471,157,208,191,471
37MAHONING2,95,3,73,1,3,30,21,0,86,2,208,3,18,412,171,141,208,412
37NESHANNOCK1,89,1,46,1,1,26,19,1,69,4,218,3,9,277,136,117,218,277
37NESHANNOCK2,86,1,49,0,2,46,38,1,127,3,198,0,11,383,136,214,198,383
37NESHANNOCK3,99,2,70,2,3,76,56,2,183,2,256,0,12,562,171,322,256,562
37NESHANNOCK4,103,1,63,0,4,60,57,0,176,3,256,2,14,593,167,297,256,593
37NESHANNOCK5,101,3,66,1,1,33,45,2,116,0,245,3,14,420,170,198,245,420
37NESHANNOCK6,84,1,60,0,1,49,40,2,106,7,183,3,9,372,145,198,183,372
37NESHANNOCK7,116,1,41,0,2,36,44,0,186,3,238,2,7,457,158,268,238,457
37NESHANNOCK8,120,2,60,0,2,49,46,1,138,1,262,3,13,477,182,236,262,477
37NEWBEAVER1,62,1,50,0,2,47,23,1,149,2,160,3,11,490,113,222,160,490
37NEWCASTLE11,70,1,28,0,0,6,3,2,27,1,177,2,1,96,99,38,177,96
37NEWCASTLE12,95,3,62,3,1,23,5,0,45,3,187,3,2,185,160,77,187,185
37NEWCASTLE21,74,1,51,0,0,14,11,1,37,5,267,0,16,169,126,63,267,169
37NEWCASTLE22,86,2,83,0,1,28,11,0,65,1,244,8,15,284,171,105,244,284
37NEWCASTLE23,67,1,52,0,2,57,18,1,71,2,214,2,8,292,120,149,214,292
37NEWCASTLE24,76,0,72,1,1,26,31,1,80,2,246,5,15,278,148,140,246,278
37NEWCASTLE25,140,3,97,1,3,43,37,1,121,6,325,9,19,415,240,206,325,415
37NEWCASTLE31,68,0,58,1,0,6,7,0,39,1,194,7,13,197,126,53,194,197
37NEWCASTLE32,97,0,50,1,0,17,7,0,43,1,212,3,7,214,147,68,212,214
37NEWCASTLE41,76,1,56,1,0,14,4,0,50,3,223,7,8,187,133,69,223,187
37NEWCASTLE42,101,3,67,0,0,21,12,1,57,1,265,9,11,254,171,91,265,254
37NEWCASTLE43,132,0,64,0,0,18,14,1,69,3,290,0,12,334,196,102,290,334
37NEWCASTLE51,102,1,55,2,0,6,7,0,22,1,294,1,13,147,158,37,294,147
37NEWCASTLE52,92,2,53,0,2,10,8,0,34,1,169,8,8,204,147,54,169,204
37NEWCASTLE6,100,2,40,0,0,5,3,0,17,3,294,1,5,66,142,25,294,66
37NEWCASTLE71,117,5,81,0,1,13,7,0,66,0,247,1,11,325,203,87,247,325
37NEWCASTLE81,74,2,37,0,0,8,6,0,34,1,184,3,2,149,113,48,184,149
37NEWWILMINGTON,90,0,75,1,9,64,89,0,96,4,325,14,26,394,165,259,325,394
37NORTHBEAVER1,69,2,63,0,1,55,47,0,99,3,178,3,12,460,134,202,178,460
37NORTHBEAVER2,82,1,56,0,0,86,38,0,175,3,180,4,10,535,139,299,180,535
37NORTHBEAVER3,47,2,41,3,2,69,56,1,137,5,140,2,12,495,90,268,140,495
37PERRY1,41,4,41,1,1,19,11,0,64,5,110,3,7,223,86,96,110,223
37PERRY2,56,1,51,1,0,66,32,1,183,4,149,5,11,519,108,283,149,519
37PLAINGROVE,20,2,34,3,0,37,20,1,98,5,68,3,11,331,56,159,68,331
37PULASKI1,61,3,31,1,1,38,29,1,87,4,96,3,10,339,95,157,96,339
37PULASKI2,91,2,46,0,3,38,26,1,113,2,164,6,10,409,139,181,164,409
37PULASKI3,61,1,34,1,0,23,15,2,79,4,119,5,12,281,96,120,119,281
37SCOTT1,44,5,39,1,1,52,41,2,154,2,124,1,13,414,88,251,124,414
37SCOTT2,52,2,50,0,3,58,52,2,150,1,153,6,14,468,104,265,153,468
37SHENANGO1,61,1,69,3,5,59,33,1,123,1,162,3,12,541,131,224,162,541
37SHENANGO2,115,2,63,2,0,46,35,3,134,3,221,2,10,490,180,220,221,490
37SHENANGO3,40,1,43,0,1,28,7,0,65,2,123,3,5,250,84,101,123,250
37SHENANGO4,51,3,38,1,1,36,18,2,105,4,121,1,7,357,92,163,121,357
37SHENANGO5,119,4,71,1,1,54,22,2,147,6,230,5,17,489,194,227,230,489
37SHENANGO6,93,2,44,1,0,36,27,0,122,3,202,3,19,441,139,186,202,441
37SLIPPERYROCK1,69,2,64,2,1,66,40,4,190,7,147,4,15,616,135,303,147,616
37SLIPPERYROCK2,51,2,70,1,3,71,32,5,170,8,158,2,17,594,123,282,158,594
37SNPJ,2,0,1,0,0,1,0,0,1,0,3,0,0,3,3,2,3,3
37SOUTHNEWCASTLE,44,1,31,0,0,10,9,1,51,2,100,1,2,201,76,71,100,201
37TAYLOR,116,2,62,0,0,16,3,0,43,2,194,3,10,255,180,62,194,255
37UNION1,124,2,62,0,1,15,16,0,87,0,247,6,10,328,188,119,247,328
37UNION2,106,1,64,0,2,17,19,0,76,2,253,1,13,299,171,114,253,299
37UNION3,112,5,70,1,0,29,26,0,122,1,259,4,6,392,187,178,259,392
37UNION4,107,4,82,0,0,24,16,1,89,2,263,4,13,389,193,130,263,389
37VOLANT,9,1,8,0,0,4,5,0,15,0,25,0,4,43,18,24,25,43
37WAMPUM,44,1,24,0,0,10,15,0,33,1,115,2,5,165,69,58,115,165
37WASHINGTON,40,0,25,0,2,34,21,1,102,3,84,1,5,309,65,160,84,309
37WAYNE1,74,4,54,2,1,20,17,2,79,3,175,1,8,273,132,121,175,273
37WAYNE2,99,5,85,0,3,72,34,2,168,2,230,1,21,596,189,279,230,596
37WILMINGTON1,47,0,43,2,2,63,48,2,116,3,130,2,26,448,90,233,130,448
37WILMINGTON2,48,2,49,0,1,57,46,0,129,2,133,7,16,469,99,233,133,469
38ANNVILLEEAST,122,2,142,7,9,112,83,8,183,7,489,14,41,577,266,402,489,577
38ANNVILLEWEST,41,2,78,1,4,58,33,1,162,9,234,8,30,430,121,259,234,430
38BETHELFRED,83,2,98,1,7,221,63,2,486,9,292,12,45,1364,183,780,292,1364
38BETHELMT.ZION,22,2,28,0,2,56,21,0,143,4,67,3,9,405,52,222,67,405
38CLEONA,83,0,104,4,9,108,77,1,217,9,317,13,38,661,187,416,317,661
38CORNWALL,307,1,197,5,9,325,289,10,620,6,1059,20,75,1662,505,1258,1059,1662
38EASTHANOVER,49,0,68,1,5,214,80,2,383,4,228,7,21,1118,117,685,228,1118
38HEIDELBERGKLEIN,13,0,23,0,2,64,23,1,85,1,66,1,11,303,36,175,66,303
38HEIDELBERGSCH.,73,2,68,3,11,182,70,4,268,9,241,3,33,869,143,538,241,869
38JACKSONEAST,54,2,50,5,5,115,52,1,207,6,182,2,24,608,106,385,182,608
38JACKSONWEST,205,9,195,5,15,346,186,7,836,19,664,16,66,2317,409,1395,664,2317
38JONESTOWN,29,1,52,0,3,88,44,4,170,2,159,4,27,553,82,309,159,553
38LEBANON10,96,3,85,2,5,63,20,3,166,5,435,9,23,545,184,259,435,545
38LEBANON1EAST,48,1,66,3,5,42,16,1,65,0,223,2,25,239,115,132,223,239
38LEBANON1MIDDLE,29,1,34,0,0,42,15,0,53,2,161,3,18,194,64,110,161,194
38LEBANON1WEST,34,0,35,0,0,25,15,1,55,0,180,9,5,197,69,96,180,197
38LEBANON2EAST,93,1,89,1,1,56,34,2,135,4,445,11,19,411,183,229,445,411
38LEBANON2WEST,107,1,101,3,11,97,74,1,217,4,420,6,26,594,209,403,420,594
38LEBANON3,20,0,23,0,2,8,4,0,16,1,186,1,2,70,43,30,186,70
38LEBANON4,42,2,29,0,0,20,8,1,29,0,178,3,7,125,73,58,178,125
38LEBANON5EAST,42,0,39,0,0,35,10,1,58,3,246,4,10,186,81,104,246,186
38LEBANON5MIDDLE,48,0,30,2,1,18,10,2,31,2,272,5,6,151,78,64,272,151
38LEBANON5WEST,37,1,47,0,3,14,6,0,31,1,267,4,14,134,85,54,267,134
38LEBANON6,28,0,15,0,0,6,4,0,11,1,188,2,3,64,43,21,188,64
38LEBANON7,73,0,41,0,1,20,18,0,57,4,328,2,7,210,114,96,328,210
38LEBANON8,68,1,60,1,3,66,42,0,170,5,253,4,20,421,129,282,253,421
38LEBANON9,62,2,53,3,1,39,16,1,86,2,341,5,14,306,117,146,341,306
38MILLCREEK,101,5,117,2,3,148,63,3,360,8,342,8,47,1153,223,579,342,1153
38MT.GRETNA,30,0,19,0,0,9,24,1,16,0,90,3,3,53,49,50,90,53
38MYERSTOWNNORTH,40,2,50,3,8,84,37,0,178,8,167,7,20,523,92,310,167,523
38MYERSTOWNSOUTH,31,0,42,1,7,57,25,2,124,1,116,6,20,400,73,216,116,400
38NORTHANNVILLE,58,0,76,4,15,251,73,2,291,8,216,10,23,992,134,636,216,992
38NORTHCORNWALLNORTH,189,0,181,5,4,202,121,8,390,11,723,10,56,1149,370,730,723,1149
38NORTHCORNWALLSOUTH,114,5,93,4,4,175,116,5,325,5,517,8,39,942,212,629,517,942
38NORTHLEBANONEASTB(CONG15),139,5,109,1,10,160,88,4,368,0,0,0,0,0,253,631,0,0
38NORTHLEBANONMIDDLE,149,3,145,2,4,198,108,4,519,12,545,9,36,1412,297,835,545,1412
38NORTHLEBANONWEST,108,3,118,2,6,161,99,4,492,8,470,17,28,1319,229,764,470,1319
38NORTHLONDONDERRYEAST,169,6,141,8,12,300,217,7,430,13,665,15,46,1357,316,974,665,1357
38NORTHLONDONDERRYNORTH,65,1,66,3,9,150,102,1,281,10,245,12,37,801,132,546,245,801
38NORTHLONDONDERRYWEST,138,0,142,2,7,211,187,8,409,8,623,10,48,1209,280,824,623,1209
38PALMYRAEAST,80,0,113,2,8,133,106,4,243,4,388,13,58,768,193,496,388,768
38PALMYRANORTH,96,1,135,2,10,136,65,3,278,4,471,9,29,857,232,494,471,857
38PALMYRAWEST,79,1,91,2,6,116,52,2,193,6,324,11,37,643,171,371,324,643
38RICHLAND,36,0,51,3,3,62,37,3,189,2,133,1,30,521,87,297,133,521
38SOUTHANNVILLE,97,2,110,3,12,216,110,3,353,4,386,10,47,1083,209,697,386,1083
38SOUTHLEBANONNORTH,136,5,89,4,10,157,84,4,306,5,481,11,50,1012,230,565,481,1012
38SOUTHLEBANONSOUTH,126,3,105,8,5,190,131,5,437,14,497,2,27,1181,234,776,497,1181
38SOUTHLEBANONWEST,143,3,126,4,6,145,102,3,321,7,433,14,53,905,272,581,433,905
38SOUTHLONDONDERRYCAMPBELLTOWN,236,2,228,4,15,378,235,8,673,14,976,13,81,1970,466,1313,976,1970
38SOUTHLONDONDERRYLAWN,62,1,78,2,5,146,74,3,224,2,275,2,35,629,141,454,275,629
38SWATARA,127,6,117,6,8,256,91,3,577,6,455,10,50,1636,250,941,455,1636
38UNIONGREENPT.,11,0,18,1,2,35,6,1,118,1,29,0,9,299,29,163,29,299
38UNIONLICKDALE,48,2,63,0,3,122,30,4,321,6,217,11,35,960,113,480,217,960
38WESTCORNWALL,121,0,95,6,3,122,95,1,262,2,411,14,31,739,216,489,411,739
38WESTLEBANON,32,1,31,4,0,29,15,1,76,1,106,3,10,236,64,125,106,236
39ALBURTIS,115,1,148,1,2,82,41,3,170,4,495,12,39,600,264,299,495,600
39ALLENTOWN1,107,0,60,0,0,9,3,0,7,1,593,5,4,83,167,19,593,83
39ALLENTOWN101,82,1,56,0,1,4,2,1,21,6,608,5,12,86,139,29,608,86
39ALLENTOWN103,88,0,55,0,1,8,1,0,16,1,478,2,3,92,143,26,478,92
39ALLENTOWN104,77,0,44,1,0,6,6,0,12,0,526,5,2,67,121,25,526,67
39ALLENTOWN111,57,1,73,0,0,8,5,1,21,0,368,7,15,80,131,35,368,80
39ALLENTOWN112,68,1,51,0,0,4,4,0,14,1,442,8,9,89,120,22,442,89
39ALLENTOWN113,85,0,93,0,2,12,11,0,41,1,464,10,13,141,178,66,464,141
39ALLENTOWN114,108,1,229,1,1,30,44,1,41,1,1036,14,24,249,338,118,1036,249
39ALLENTOWN115,94,0,95,1,1,24,11,0,49,1,364,5,7,218,189,86,364,218
39ALLENTOWN116,128,1,161,2,4,41,39,4,112,8,558,11,30,357,290,202,558,357
39ALLENTOWN117,89,0,124,0,2,37,25,2,57,3,368,4,20,250,213,123,368,250
39ALLENTOWN121,105,1,87,1,0,18,10,1,41,1,536,9,18,164,193,71,536,164
39ALLENTOWN122,125,2,101,1,2,20,7,1,55,3,638,14,13,228,228,86,638,228
39ALLENTOWN123,107,0,84,1,3,32,15,0,69,2,357,3,10,271,191,120,357,271
39ALLENTOWN124,121,0,76,1,2,37,15,1,83,3,368,6,7,310,197,139,368,310
39ALLENTOWN125,97,0,82,1,0,22,7,0,37,5,502,7,16,189,179,67,502,189
39ALLENTOWN131,90,1,87,1,0,10,11,0,33,0,490,7,10,117,178,55,490,117
39ALLENTOWN132,93,2,61,1,0,14,15,0,36,1,381,7,17,135,156,66,381,135
39ALLENTOWN133,84,0,87,0,0,22,9,3,38,7,469,15,10,173,171,72,469,173
39ALLENTOWN134,73,2,52,0,0,26,9,1,25,0,315,4,7,121,127,61,315,121
39ALLENTOWN141,153,4,103,3,1,20,17,1,56,2,704,7,19,272,260,98,704,272
39ALLENTOWN142,133,0,105,0,1,20,3,1,45,1,777,10,13,216,238,70,777,216
39ALLENTOWN151,118,2,84,0,0,28,12,0,60,3,432,7,13,280,204,100,432,280
39ALLENTOWN152,122,3,99,2,1,22,9,2,69,2,577,8,19,300,224,105,577,300
39ALLENTOWN153,134,1,143,2,2,45,33,3,84,2,584,6,24,354,278,169,584,354
39ALLENTOWN154,108,0,67,1,2,15,10,1,39,2,465,4,16,228,175,68,465,228
39ALLENTOWN161,84,0,83,1,2,28,10,2,62,8,549,12,13,193,167,105,549,193
39ALLENTOWN162,137,2,128,0,2,47,18,0,83,2,755,8,19,364,267,150,755,364
39ALLENTOWN171,107,0,112,0,0,26,13,3,76,2,397,6,13,232,219,118,397,232
39ALLENTOWN172,152,0,108,2,2,35,42,2,76,4,431,14,22,277,260,159,431,277
39ALLENTOWN173,170,1,102,0,3,41,69,3,106,1,436,2,28,296,273,222,436,296
39ALLENTOWN174,313,2,209,4,1,92,139,1,266,7,1045,11,35,814,524,503,1045,814
39ALLENTOWN181,130,1,108,2,1,23,31,0,82,2,414,5,18,227,239,139,414,227
39ALLENTOWN182,152,2,111,1,2,53,46,5,116,1,537,12,17,386,265,223,537,386
39ALLENTOWN191,83,1,76,0,2,15,13,0,42,5,327,2,15,188,160,72,327,188
39ALLENTOWN192,157,0,93,0,3,21,15,2,63,6,698,7,10,251,250,104,698,251
39ALLENTOWN193,101,3,64,0,0,47,17,1,58,5,297,7,13,226,168,123,297,226
39ALLENTOWN194,111,1,80,0,2,17,5,0,47,1,537,3,8,187,192,71,537,187
39ALLENTOWN195,116,5,88,0,2,37,20,2,104,5,449,8,12,383,209,165,449,383
39ALLENTOWN196,164,1,137,1,5,44,23,3,89,6,834,10,26,376,302,165,834,376
39ALLENTOWN2,61,0,75,0,0,7,1,0,7,1,451,3,10,77,136,15,451,77
39ALLENTOWN3,101,0,58,0,0,5,3,2,14,0,503,7,8,80,159,24,503,80
39ALLENTOWN4,49,0,51,0,0,7,4,0,11,0,381,4,10,70,100,22,381,70
39ALLENTOWN5,57,0,35,0,0,6,4,0,12,1,410,4,9,71,92,22,410,71
39ALLENTOWN61,46,1,44,0,1,6,1,1,4,1,284,5,5,56,91,13,284,56
39ALLENTOWN62,61,0,56,0,0,13,4,1,27,0,388,5,6,162,117,45,388,162
39ALLENTOWN71,94,0,95,1,0,12,5,0,31,2,676,5,6,141,189,49,676,141
39ALLENTOWN81,46,0,41,0,0,10,5,0,12,1,307,3,2,42,87,27,307,42
39ALLENTOWN82,76,0,46,0,1,6,5,0,12,1,387,3,3,71,122,24,387,71
39ALLENTOWN83,90,0,58,0,1,8,1,2,17,3,525,4,4,81,148,29,525,81
39ALLENTOWN84,146,1,87,0,2,17,6,0,44,3,618,10,14,187,234,69,618,187
39ALLENTOWN85,73,0,36,0,0,17,2,0,18,4,319,2,3,77,109,37,319,77
39ALLENTOWN86,93,0,44,0,1,13,3,1,15,4,487,5,1,71,137,33,487,71
39ALLENTOWN87,124,1,99,0,1,17,16,3,77,0,429,4,6,270,224,114,429,270
39ALLENTOWN9,83,0,57,0,1,8,1,0,14,1,512,10,4,87,140,24,512,87
39BETHLEHEM10,124,1,155,1,1,16,17,2,68,2,479,18,23,212,280,105,479,212
39BETHLEHEM11,79,1,116,0,1,16,15,0,39,3,336,7,14,174,196,71,336,174
39BETHLEHEM121,102,0,116,2,1,26,14,0,32,4,389,9,20,149,218,75,389,149
39BETHLEHEM122,134,0,132,0,1,20,24,0,59,1,384,6,31,202,266,104,384,202
39BETHLEHEM131,173,0,147,1,2,56,25,2,70,5,657,7,29,357,320,156,657,357
39BETHLEHEM132,128,2,121,1,1,37,25,0,70,8,402,9,13,283,251,134,402,283
39BETHLEHEM133,146,2,121,2,2,42,23,3,103,0,481,9,21,382,269,175,481,382
39BETHLEHEM134,212,3,151,0,4,52,46,1,117,7,537,8,26,425,366,220,537,425
39BETHLEHEM135,111,0,133,0,2,49,19,0,73,3,426,11,19,283,244,143,426,283
39BETHLEHEM136,104,0,79,0,1,35,19,2,80,3,321,5,14,290,183,137,321,290
39BETHLEHEM137,117,3,101,2,1,31,36,1,73,2,459,12,22,284,221,144,459,284
39BETHLEHEM138,107,2,110,0,0,28,27,1,75,4,404,9,18,297,219,131,404,297
39CATASAUQUA1,117,0,137,0,2,51,22,0,92,5,478,19,37,369,254,167,478,369
39CATASAUQUA2,99,1,114,2,1,44,23,2,124,5,381,14,35,436,214,196,381,436
39CATASAUQUA3,124,4,127,0,2,45,32,2,114,4,440,9,31,439,255,195,440,439
39COOPERSBURG,144,1,164,0,8,104,63,3,192,6,488,21,38,618,309,370,488,618
39COPLAY1,121,3,93,2,2,19,23,1,89,4,310,4,12,331,217,136,310,331
39COPLAY2,137,3,144,0,1,35,16,1,103,4,359,8,34,448,284,156,359,448
39EMMAUS1,95,2,156,0,3,48,23,1,113,6,423,17,32,436,253,188,423,436
39EMMAUS2,119,0,159,6,5,70,43,2,110,4,443,21,34,409,278,236,443,409
39EMMAUS3,111,2,140,1,5,88,48,5,169,5,504,14,32,620,253,316,504,620
39EMMAUS4,120,1,173,1,0,54,28,1,92,1,554,16,33,440,294,176,554,440
39EMMAUS5,95,2,89,2,1,39,26,0,97,2,285,7,17,290,186,165,285,290
39EMMAUS6,158,2,140,1,4,98,93,4,146,1,510,11,36,500,300,346,510,500
39FOUNTAINHILL1,119,1,169,1,0,25,11,1,51,2,527,13,25,207,289,89,527,207
39FOUNTAINHILL2,105,1,121,1,0,32,12,1,48,4,376,8,19,229,227,94,376,229
39FOUNTAINHILL3,79,2,124,0,0,33,11,0,72,0,324,10,29,211,205,116,324,211
39HANOVER,83,1,90,0,1,22,17,1,93,1,323,10,17,295,174,134,323,295
39HEIDELBERG,135,3,168,4,8,125,92,4,370,5,492,13,54,1167,306,603,492,1167
39LOWERMACUNGIE1,203,2,193,5,7,143,155,9,320,7,844,13,47,997,398,639,844,997
39LOWERMACUNGIE10,183,3,142,3,4,104,117,1,288,7,716,11,37,876,328,517,716,876
39LOWERMACUNGIE2,380,5,288,5,7,272,306,5,509,11,1501,29,98,1648,673,1104,1501,1648
39LOWERMACUNGIE3,188,1,137,1,1,109,127,5,279,10,668,14,47,841,326,522,668,841
39LOWERMACUNGIE4,204,1,149,0,3,102,93,3,267,7,741,10,47,809,354,468,741,809
39LOWERMACUNGIE5,166,2,111,2,1,97,128,2,241,4,508,11,30,674,279,471,508,674
39LOWERMACUNGIE6,245,1,242,2,5,114,94,1,273,8,1062,16,62,1042,488,489,1062,1042
39LOWERMACUNGIE7,157,0,131,2,0,80,114,2,208,5,679,16,35,699,288,406,679,699
39LOWERMACUNGIE8,135,0,104,3,2,74,144,2,205,3,544,9,25,686,239,430,544,686
39LOWERMACUNGIE9,130,2,87,3,4,72,76,2,170,5,459,9,30,545,219,327,459,545
39LOWERMILFORD,204,1,179,2,6,264,134,5,399,7,764,23,63,1366,384,810,764,1366
39LOWHILL,107,4,111,2,5,98,85,3,300,3,416,7,36,833,222,493,416,833
39LYNNJACKSONVILLE,36,0,50,1,1,49,28,1,131,2,140,0,10,381,86,211,140,381
39LYNNLYNNVILLE,41,0,28,0,1,54,27,1,84,3,122,1,14,283,69,167,122,283
39LYNNNEWTRIPOLI,131,0,104,0,6,131,63,1,291,4,420,14,40,853,235,492,420,853
39MACUNGIE,186,3,209,4,3,110,87,6,240,5,748,12,58,810,398,450,748,810
39NORTHWHITEHALL1,223,4,169,4,3,155,171,4,407,7,725,19,62,1212,396,744,725,1212
39NORTHWHITEHALL2,138,1,162,3,2,134,93,2,367,7,661,14,39,1174,301,601,661,1174
39NORTHWHITEHALL3,97,2,103,0,2,74,38,2,197,4,353,3,27,625,202,313,353,625
39NORTHWHITEHALL4,138,4,127,2,2,97,61,5,245,1,462,8,35,831,269,412,462,831
39NORTHWHITEHALL5,93,1,113,1,3,108,71,1,227,4,386,5,25,772,207,411,386,772
39NORTHWHITEHALL6,106,1,89,2,0,48,25,2,145,3,382,10,20,544,196,222,382,544
39SALISBURY1,158,3,135,1,5,50,36,1,194,4,534,13,33,662,296,287,534,662
39SALISBURY2,210,4,191,1,2,44,32,1,183,3,613,8,49,696,405,263,613,696
39SALISBURY31,77,0,62,1,0,50,28,1,103,2,274,9,10,329,139,183,274,329
39SALISBURY32,102,1,100,0,2,41,34,0,103,1,326,6,25,352,203,180,326,352
39SALISBURY41,123,0,84,0,4,82,75,4,186,2,403,6,21,549,207,351,403,549
39SALISBURY42,90,0,70,1,1,48,68,2,104,3,261,7,18,325,160,224,261,325
39SALISBURY51,90,1,51,1,2,58,49,0,130,2,277,2,14,386,142,240,277,386
39SALISBURY52,131,2,121,1,1,97,92,2,165,3,447,3,22,539,254,358,447,539
39SLATINGTON1,41,1,51,0,1,26,9,1,62,1,161,12,21,238,93,99,161,238
39SLATINGTON2,41,2,52,0,1,21,5,2,62,2,139,5,18,224,95,91,139,224
39SLATINGTON3,79,0,61,2,2,30,29,0,131,2,248,4,30,443,140,194,248,443
39SOUTHWHITEHALL1,212,4,229,0,0,88,70,3,242,3,745,8,32,813,445,403,745,813
39SOUTHWHITEHALL2,100,2,108,2,1,40,36,1,97,1,409,5,22,395,210,177,409,395
39SOUTHWHITEHALL3,249,6,166,1,1,107,99,1,216,5,728,7,41,706,421,425,728,706
39SOUTHWHITEHALL4,151,2,136,1,2,78,62,3,175,3,431,6,36,537,289,321,431,537
39SOUTHWHITEHALL5,274,3,182,0,1,95,109,1,205,2,871,13,37,664,459,411,871,664
39SOUTHWHITEHALL6,251,0,144,2,2,86,120,5,186,2,794,6,31,594,395,401,794,594
39SOUTHWHITEHALL7,106,3,89,0,2,37,50,3,127,1,344,4,17,415,198,219,344,415
39SOUTHWHITEHALL8,206,1,182,1,2,117,114,4,286,7,876,16,38,1001,389,524,876,1001
39UPPERMACUNGIE1,183,1,184,3,5,95,132,1,276,5,797,10,37,862,368,512,797,862
39UPPERMACUNGIE2,204,1,203,3,5,146,196,4,379,9,1015,10,58,1174,408,733,1015,1174
39UPPERMACUNGIE3,149,2,144,4,1,116,105,1,239,3,653,5,42,756,295,466,653,756
39UPPERMACUNGIE4,85,0,78,0,2,54,39,2,114,7,468,9,26,386,163,211,468,386
39UPPERMACUNGIE5,247,1,186,6,2,111,129,4,376,8,1078,10,65,1149,434,628,1078,1149
39UPPERMACUNGIE6,123,0,119,1,2,73,43,2,118,5,507,10,29,492,242,239,507,492
39UPPERMACUNGIE7,113,2,96,1,4,30,32,2,147,1,491,8,32,520,211,216,491,520
39UPPERMACUNGIE8,79,0,52,1,0,55,30,0,119,1,426,8,19,497,131,205,426,497
39UPPERMILFORDEASTERN,228,5,267,3,3,172,142,3,355,10,891,16,55,1256,500,678,891,1256
39UPPERMILFORDWESTERN,230,2,174,1,6,213,144,4,376,8,748,13,81,1256,406,744,748,1256
39UPPERSAUCON1,188,5,159,1,3,116,97,2,237,3,636,14,52,837,352,456,636,837
39UPPERSAUCON2,117,2,123,2,3,92,74,5,216,6,518,12,35,702,242,392,518,702
39UPPERSAUCON3,86,1,93,4,4,65,59,2,133,2,381,7,39,497,180,267,381,497
39UPPERSAUCON4,248,3,228,2,4,179,150,3,430,8,1090,20,66,1387,479,768,1090,1387
39UPPERSAUCON5,109,1,95,0,2,75,80,6,185,5,455,10,28,581,205,348,455,581
39UPPERSAUCON6,144,2,90,1,2,78,88,2,168,3,508,5,27,499,236,339,508,499
39WASHINGTONEASTERN,64,2,56,0,1,41,24,0,165,2,163,3,10,442,122,231,163,442
39WASHINGTONSOUTHERN,201,3,204,6,6,145,69,4,419,5,635,17,46,1353,408,649,635,1353
39WASHINGTONWESTERN,33,0,59,0,1,38,18,0,151,2,137,11,2,386,92,208,137,386
39WEISENBERG,228,5,216,9,7,260,204,2,579,13,823,13,90,1885,449,1061,823,1885
39WHITEHALL1,197,0,166,1,0,50,53,1,126,5,783,10,31,505,363,231,783,505
39WHITEHALL10,183,4,226,2,2,75,49,1,232,7,565,11,38,791,413,361,565,791
39WHITEHALL11,137,3,130,0,0,49,38,2,133,1,446,7,29,626,270,222,446,626
39WHITEHALL12,153,0,120,1,3,45,40,3,150,3,701,10,20,494,273,242,701,494
39WHITEHALL2,73,4,81,0,1,16,11,0,57,2,263,7,9,233,158,85,263,233
39WHITEHALL3,104,2,80,0,1,22,15,0,52,3,502,5,13,264,186,90,502,264
39WHITEHALL4,113,1,123,0,1,38,19,1,115,1,395,10,34,436,237,174,395,436
39WHITEHALL5,81,1,64,1,0,23,12,1,49,5,228,4,8,245,146,86,228,245
39WHITEHALL6,114,1,112,1,0,41,24,0,108,5,376,7,29,413,227,174,376,413
39WHITEHALL7,220,5,179,2,4,108,68,5,260,5,669,6,22,853,404,447,669,853
39WHITEHALL8,206,1,181,1,0,85,36,0,174,0,538,2,23,664,388,296,538,664
39WHITEHALL9,172,2,130,1,3,55,34,0,145,2,486,10,35,484,304,238,486,484
3APOLLO,82,6,78,0,0,28,16,0,86,4,198,2,11,352,166,130,198,352
3APPLEWOLD,21,1,16,0,0,6,6,0,32,2,43,1,1,103,38,44,43,103
3ATWOOD,5,2,2,0,0,1,4,0,19,1,9,0,1,47,9,24,9,47
3BETHEL,65,2,61,1,0,47,18,1,165,2,144,3,8,452,128,232,144,452
3BOGGS,23,2,16,0,2,36,14,2,173,1,50,0,4,414,41,227,50,414
3BRADYSBEND,41,1,40,2,6,22,8,0,94,2,99,2,9,271,82,132,99,271
3BURRELL,23,1,27,4,3,23,13,0,125,3,53,1,6,302,51,168,53,302
3CADOGAN,20,1,20,0,1,7,6,0,29,0,34,2,4,107,41,43,34,107
3COWANSHANNOCKEASTERN,35,1,45,1,0,39,13,1,110,3,79,4,10,416,81,164,79,416
3COWANSHANNOCKSAGAMORE,15,0,22,1,2,4,3,1,37,0,35,0,4,120,37,48,35,120
3COWANSHANNOCKWESTERN,53,2,53,0,2,58,20,3,122,1,113,1,16,418,108,205,113,418
3DAYTON,11,0,15,0,1,16,15,0,93,1,32,2,3,209,26,125,32,209
3EASTFRANKLINEASTERN,75,3,55,1,0,69,56,2,183,3,219,5,16,528,133,311,219,528
3EASTFRANKLINNORTHERN,54,1,44,1,0,56,24,0,169,2,101,4,14,464,99,250,101,464
3EASTFRANKLINWESTERN,54,0,55,2,5,51,37,3,192,1,158,3,21,517,109,290,158,517
3ELDERTON,10,1,13,0,2,8,9,1,36,0,26,0,4,124,24,56,26,124
3FORDCITYNORTHERN1,55,2,39,1,0,6,7,0,37,3,111,1,5,157,96,51,111,157
3FORDCITYNORTHERN2,48,1,34,0,0,12,5,0,50,1,91,0,2,174,83,67,91,174
3FORDCITYSOUTHERN1,65,3,37,0,1,11,6,1,62,1,106,6,7,213,105,81,106,213
3FORDCITYSOUTHERN2,55,1,53,0,0,17,21,1,86,4,121,2,5,247,109,125,121,247
3FORDCLIFF,23,3,33,0,1,10,6,1,30,1,43,4,2,141,59,48,43,141
3FREEPORT1,53,4,51,0,2,17,12,1,60,1,123,2,15,223,108,92,123,223
3FREEPORT2,58,1,74,1,1,15,15,4,79,5,161,3,24,251,133,115,161,251
3GILPIN1,127,4,118,0,2,37,35,0,190,7,269,4,27,600,249,264,269,600
3GILPIN2SCHENLEY,47,2,33,0,0,16,15,1,47,1,87,3,5,193,82,79,87,193
3HOVEY,4,0,5,0,0,3,1,1,9,0,7,0,0,25,9,14,7,25
3KISKIMINETASHORRELL,30,5,43,1,2,27,14,0,77,3,72,3,10,328,78,121,72,328
3KISKIMINETASSPRINGCHURCH,93,2,67,1,1,48,38,1,166,2,186,1,11,578,162,255,186,578
3KITTANNING,75,4,92,2,9,83,39,0,297,8,189,3,30,807,171,430,189,807
3KITTANNING1,30,0,22,1,1,12,8,4,40,0,87,2,7,146,52,66,87,146
3KITTANNING2,41,0,35,2,0,18,19,0,57,3,107,2,7,228,76,96,107,228
3KITTANNING3,42,4,57,0,1,39,27,1,114,4,134,3,10,349,103,182,134,349
3KITTANNING4,28,1,41,1,0,17,16,0,91,0,81,5,8,265,70,125,81,265
3LEECHBURG1,83,2,54,0,0,29,14,1,74,4,183,2,19,310,139,118,183,310
3LEECHBURG2,58,2,57,0,0,17,22,1,46,2,144,1,19,246,117,86,144,246
3MADISON,22,0,30,1,0,28,16,0,140,4,47,4,10,363,52,185,47,363
3MAHONING,45,2,60,0,2,57,30,3,160,1,123,3,11,554,107,252,123,554
3MANORNORTHERN,100,4,79,1,2,47,43,2,219,2,219,10,24,659,183,314,219,659
3MANORSOUTHERN1,57,4,43,0,5,32,22,2,118,3,116,4,9,364,104,179,116,364
3MANORSOUTHERN2,100,2,82,4,3,49,39,1,147,1,203,1,12,480,184,243,203,480
3MANORVILLE,32,1,22,1,1,10,7,1,56,1,52,0,3,144,55,76,52,144
3NORTHAPOLLO,68,6,86,0,1,35,21,0,104,1,162,2,20,360,160,161,162,360
3NORTHBUFFALOEASTERN,58,2,77,0,1,55,39,6,220,3,153,2,14,593,137,321,153,593
3NORTHBUFFALOWESTERN,38,0,67,4,3,87,37,0,179,2,115,3,8,553,105,310,115,553
3PARKERCITY1,9,0,10,0,0,6,8,0,28,0,28,0,2,101,19,42,28,101
3PARKERCITY2,17,1,9,0,0,8,8,0,43,0,33,1,8,114,27,59,33,114
3PARKSKEPPLEHILL,52,2,52,0,3,31,6,0,82,2,141,2,10,313,106,122,141,313
3PARKSNORTHVANDERGRIFT,29,0,18,0,0,8,5,0,27,0,66,0,5,113,47,40,66,113
3PARKSWESTERN,35,5,48,1,3,30,14,0,139,6,113,2,16,393,88,187,113,393
3PERRY,25,1,18,0,1,11,3,0,50,0,40,1,4,128,44,65,40,128
3PINE,7,0,4,1,1,17,7,0,49,1,20,1,0,163,11,75,20,163
3PLUMCREEK,51,4,73,3,1,77,51,2,276,2,142,1,10,838,128,410,142,838
3RAYBURN,46,2,58,0,1,40,29,1,163,4,134,4,15,508,106,234,134,508
3REDBANK,16,0,28,0,4,37,14,1,129,2,46,0,7,407,44,185,46,407
3RURALVALLEY,39,2,33,0,2,29,35,1,89,5,102,3,6,270,74,156,102,270
3SOUTHBEND,38,0,44,0,5,36,10,1,154,1,88,0,6,415,82,206,88,415
3SOUTHBETHLEHEM,15,0,16,0,2,17,9,1,69,0,39,2,6,168,31,98,39,168
3SOUTHBUFFALOEASTERN,61,3,74,0,4,56,43,3,177,0,165,1,16,552,138,283,165,552
3SOUTHBUFFALOWESTERN,51,4,66,1,4,82,53,0,230,1,181,3,20,650,121,370,181,650
3SUGARCREEK,51,2,53,1,2,58,40,0,167,2,122,4,20,498,106,268,122,498
3VALLEY,19,0,34,0,5,31,12,1,122,0,46,1,4,313,53,171,46,313
3WASHINGTON,32,1,46,1,2,31,23,2,135,1,93,2,8,395,79,194,93,395
3WAYNE,20,2,31,2,4,47,24,2,219,0,53,1,13,492,53,298,53,492
3WESTFRANKLIN,67,4,85,1,3,105,47,4,281,3,156,2,20,819,156,441,156,819
3WESTKITTANNING,56,0,53,0,8,50,42,1,173,1,154,3,9,458,109,274,154,458
3WORTHINGTON,20,1,30,1,2,18,15,2,91,2,63,0,8,237,51,129,63,237
40ASHLEY1,121,2,131,0,0,14,9,0,102,1,313,11,11,343,254,125,313,343
40ASHLEY2,99,0,74,1,0,7,4,0,52,0,161,7,12,214,173,64,161,214
40AVOCA1,120,1,99,0,0,5,3,1,48,1,239,3,4,228,220,57,239,228
40AVOCA2,103,0,91,0,0,6,5,0,53,2,212,3,10,178,194,64,212,178
40AVOCA3,123,3,95,1,0,8,6,0,66,0,251,3,7,276,221,81,251,276
40BEARCREEK1,68,3,106,1,0,21,9,0,162,3,171,8,9,444,177,193,171,444
40BEARCREEK2,131,2,91,0,0,42,28,1,215,1,271,4,11,545,224,286,271,545
40BEARCREEK3,22,0,18,0,2,7,5,0,41,0,47,3,1,100,40,55,47,100
40BEARCREEKVILLAGE,25,0,33,0,0,18,10,0,40,0,69,0,3,105,58,68,69,105
40BLACKCREEK1,40,0,43,0,4,30,15,0,212,7,108,1,16,429,83,261,108,429
40BLACKCREEK2,32,1,36,0,0,12,10,0,139,3,96,4,11,314,69,161,96,314
40BUCK,25,0,22,0,0,8,5,0,48,1,49,3,6,150,47,61,49,150
40BUTLER1,118,2,146,1,2,53,30,1,452,1,317,9,24,1018,266,539,317,1018
40BUTLER2,112,0,117,0,2,44,33,1,276,0,353,10,19,749,229,356,353,749
40BUTLER3,88,3,106,1,2,51,29,1,343,1,313,4,11,846,197,427,313,846
40BUTLER4,73,2,61,0,2,26,23,1,320,1,178,1,16,670,136,372,178,670
40CONYNGHAM,199,3,190,5,3,72,63,1,475,2,494,11,32,1096,392,619,494,1096
40COURTDALE,51,1,71,0,1,14,5,1,94,2,119,1,8,231,123,115,119,231
40DALLAS1,99,3,108,0,0,46,45,1,257,1,372,7,12,588,210,349,372,588
40DALLAS2,182,6,160,0,3,102,91,4,397,2,589,12,30,976,348,597,589,976
40DALLAS3,174,2,193,3,0,94,90,3,371,11,537,3,27,913,369,561,537,913
40DALLASNORTH,87,0,100,1,3,40,75,1,225,1,292,6,18,477,187,345,292,477
40DALLASSOUTH,72,0,87,1,2,34,38,0,167,4,248,7,16,399,159,242,248,399
40DENNISON,44,0,53,0,2,17,15,0,181,1,136,1,11,380,97,215,136,380
40DORRANCE,132,3,116,0,1,53,28,0,311,4,301,7,17,778,251,393,301,778
40DUPONT1,230,5,198,0,0,18,9,0,102,0,393,7,12,467,433,129,393,467
40DUPONT2,79,4,107,0,0,14,2,0,76,0,194,3,9,256,190,92,194,256
40DURYEA1,145,5,125,1,0,12,10,1,96,3,303,3,16,351,275,120,303,351
40DURYEA2,255,1,224,0,0,35,13,1,199,3,504,11,14,669,480,248,504,669
40DURYEA3,141,5,104,0,0,15,5,1,52,1,251,3,10,250,250,73,251,250
40EDSVILLE1,174,5,123,1,0,19,10,0,117,1,426,7,9,417,302,147,426,417
40EDSVILLE2,151,5,92,0,1,25,16,1,129,0,368,8,5,391,248,172,368,391
40EXETER,138,0,119,2,3,45,35,2,358,4,379,9,17,747,257,445,379,747
40EXETER1,154,1,70,0,0,20,9,1,90,2,269,2,9,291,225,120,269,291
40EXETER2,181,0,148,1,0,6,8,0,118,3,346,6,14,400,329,133,346,400
40EXETER3,286,5,194,1,0,30,11,0,232,1,597,6,19,657,485,274,597,657
40FAIRMOUNT,37,0,37,0,1,40,13,1,179,1,118,4,7,419,74,234,118,419
40FAIRVIEW,325,2,264,1,4,96,100,7,478,1,888,17,44,1322,591,686,888,1322
40FORTYFORT1,145,3,141,2,3,38,29,0,185,0,414,6,20,449,289,257,414,449
40FORTYFORT2,104,3,86,0,2,18,41,1,172,2,319,2,17,370,193,234,319,370
40FORTYFORT3,103,0,103,0,0,15,45,1,164,6,305,4,13,350,206,225,305,350
40FOSTER1,60,7,87,0,1,15,11,0,184,2,150,2,15,503,154,211,150,503
40FOSTER2,70,6,106,0,1,19,7,0,159,4,145,4,7,539,182,186,145,539
40FRANKLIN,92,3,89,0,2,54,38,3,282,7,257,6,12,636,184,379,257,636
40FREELAND1,60,4,74,0,0,16,10,1,150,1,145,5,8,398,138,177,145,398
40FREELAND2,69,2,77,0,1,20,14,2,152,2,183,3,11,471,148,189,183,471
40HANOVER1,91,2,70,0,1,23,30,1,281,1,244,8,14,496,163,336,244,496
40HANOVER2,103,0,123,0,1,25,10,1,166,2,265,8,13,431,226,203,265,431
40HANOVER3,184,6,191,1,3,50,38,0,269,5,557,14,16,707,381,361,557,707
40HANOVER4,100,2,104,1,3,23,27,0,216,0,287,8,15,481,206,270,287,481
40HANOVER5,112,3,79,2,2,19,19,0,157,3,305,4,10,384,194,199,305,384
40HANOVER6,52,1,74,0,2,11,8,0,128,3,163,3,2,306,127,149,163,306
40HARVEYSLAKE,141,4,184,1,2,62,47,2,396,7,458,8,29,935,329,510,458,935
40HAZLE1,94,2,98,3,1,25,13,2,235,1,228,6,8,640,194,279,228,640
40HAZLE2,103,2,117,0,0,17,11,3,220,0,305,4,8,590,222,251,305,590
40HAZLE3,74,1,86,0,0,10,5,1,185,1,169,6,5,485,161,201,169,485
40HAZLE4,109,0,123,0,0,9,12,0,263,0,231,2,9,689,232,284,231,689
40HAZLE5,55,2,81,0,2,7,6,0,141,1,147,5,8,479,138,156,147,479
40HAZLETON1,96,2,87,0,0,12,5,0,103,4,460,3,6,291,185,120,460,291
40HAZLETON10,60,1,44,0,0,5,4,2,81,4,266,5,5,187,105,92,266,187
40HAZLETON11,80,3,85,1,1,14,10,0,125,4,368,8,8,366,168,151,368,366
40HAZLETON2,70,2,50,0,0,11,2,0,115,2,339,4,3,257,122,128,339,257
40HAZLETON3,85,1,73,0,2,16,14,0,204,3,176,6,2,445,159,236,176,445
40HAZLETON4,57,1,47,0,0,16,12,1,120,0,217,7,7,289,105,149,217,289
40HAZLETON5,66,0,63,0,0,14,4,1,172,0,194,4,5,415,129,191,194,415
40HAZLETON6,88,1,103,0,0,9,8,0,152,3,336,3,9,405,192,169,336,405
40HAZLETON7,93,4,82,0,0,10,18,2,185,2,357,5,9,457,179,215,357,457
40HAZLETON8,78,1,61,0,0,9,9,0,114,1,388,8,4,255,140,132,388,255
40HAZLETON9,103,1,79,1,0,22,9,0,179,2,383,6,14,454,183,211,383,454
40HOLLENBACK,37,0,64,0,1,53,21,0,180,1,109,0,11,481,101,255,109,481
40HUGHESTOWN,200,5,138,0,0,10,6,0,85,1,369,4,7,382,343,101,369,382
40HUNLOCK,94,6,108,0,0,90,36,1,289,3,250,14,23,749,208,416,250,749
40HUNTINGTON,74,4,95,2,1,73,28,1,291,7,217,18,11,706,173,396,217,706
40JACKSON,196,4,145,1,3,64,68,1,442,4,475,8,13,991,345,579,475,991
40JEDDO,7,0,7,0,0,4,1,0,11,0,6,0,0,45,14,16,6,45
40JENKINS1,163,5,146,1,2,22,18,1,144,1,349,4,19,463,314,188,349,463
40JENKINS2,100,2,97,0,0,9,8,0,66,1,232,3,8,262,199,83,232,262
40JENKINS3,162,3,112,1,1,17,21,1,149,2,350,3,10,475,277,190,350,475
40KINGSTON1,196,8,144,0,2,60,39,0,273,10,573,11,33,689,348,374,573,689
40KINGSTON2,200,0,207,1,2,75,78,4,333,10,671,19,45,908,407,493,671,908
40KINGSTON3,316,5,289,1,3,123,105,5,722,3,952,24,45,1549,610,959,952,1549
40KINGSTON4,141,3,95,1,0,43,43,0,161,0,414,7,25,409,239,248,414,409
40KINGSTON5,184,0,126,3,1,33,72,1,179,1,473,11,12,383,310,289,473,383
40KINGSTON6,152,2,153,1,1,31,40,2,152,1,512,11,19,408,307,227,512,408
40KINGSTON7,83,2,69,0,0,21,20,0,97,0,234,3,10,271,154,138,234,271
40KINGSTON8,114,1,102,2,0,26,26,1,101,2,328,14,20,311,217,156,328,311
40LAFLIN,165,9,134,0,1,25,16,0,144,3,355,7,14,500,308,186,355,500
40LAKE,69,2,88,4,3,57,20,2,292,1,219,6,15,678,159,378,219,678
40LARKSVILLE1,105,6,119,0,0,16,8,0,121,3,225,6,11,392,230,145,225,392
40LARKSVILLE2,148,5,141,0,2,10,11,0,104,1,293,7,14,425,294,127,293,425
40LARKSVILLE3,130,2,106,0,1,11,10,0,123,1,264,4,9,368,238,145,264,368
40LAURELRUN,28,1,28,0,0,10,4,0,70,2,69,3,1,156,57,84,69,156
40LEHMAN1,57,0,55,1,3,22,11,0,119,1,144,2,6,329,112,156,144,329
40LEHMAN2,76,1,90,3,1,60,48,0,249,2,241,5,17,519,167,361,241,519
40LEHMAN3,46,2,35,1,0,40,20,2,130,4,130,0,6,314,83,193,130,314
40LUZERNE1,73,0,84,0,1,10,13,0,57,0,220,4,5,225,157,81,220,225
40LUZERNE2,136,5,105,1,1,22,8,2,120,2,301,6,9,404,246,154,301,404
40NANTICOKE1,112,1,84,1,0,12,4,0,63,2,199,3,5,252,197,80,199,252
40NANTICOKE2,115,1,95,1,2,19,10,1,107,3,255,10,16,373,211,140,255,373
40NANTICOKE3,146,4,135,0,0,21,8,0,131,2,349,12,11,449,285,160,349,449
40NANTICOKE4,165,7,122,0,0,17,8,0,152,2,379,6,16,424,294,177,379,424
40NANTICOKE5,162,6,116,2,0,13,13,0,73,1,276,12,12,337,284,101,276,337
40NANTICOKE6,118,2,124,1,0,14,6,1,90,1,255,4,13,338,244,112,255,338
40NESCOPECK,61,4,72,1,2,85,40,0,341,2,229,6,30,848,137,469,229,848
40NEWCOLUMBUS,1,0,12,0,0,12,3,0,33,5,14,1,0,77,13,48,14,77
40NEWPORT1,158,5,138,0,0,14,6,0,84,1,304,11,18,359,301,104,304,359
40NEWPORT2,127,3,138,0,0,6,4,0,80,1,234,8,7,392,268,90,234,392
40NEWPORT3,117,3,88,0,1,8,7,0,76,3,203,2,7,275,208,92,203,275
40NUANGOLA,55,1,38,0,1,19,20,0,88,1,127,0,5,238,94,128,127,238
40PENNLAKEPARK,22,0,41,0,1,15,4,0,49,0,76,3,11,115,63,69,76,115
40PITTSTON1,434,13,352,2,1,55,18,0,278,5,894,27,28,1027,799,354,894,1027
40PITTSTON2,316,7,256,1,0,29,13,1,234,2,676,9,31,770,579,278,676,770
40PITTSTON3,170,6,151,1,0,17,9,2,66,1,411,18,13,393,327,95,411,393
40PITTSTON4,131,2,98,0,1,15,4,0,61,0,259,3,7,289,231,81,259,289
40PLAINS1,167,4,154,0,1,21,14,0,138,0,351,7,20,480,325,174,351,480
40PLAINS2,149,7,134,0,0,17,9,0,107,1,342,4,16,414,290,133,342,414
40PLAINS3,275,4,164,0,0,28,30,1,194,0,457,6,21,679,443,253,457,679
40PLAINS4,140,4,102,1,1,14,9,0,125,1,280,2,15,462,246,150,280,462
40PLAINS5,173,3,130,0,0,23,15,0,130,2,376,12,15,460,306,168,376,460
40PLYMOUTH,156,6,113,1,1,19,7,0,162,1,260,4,12,536,275,190,260,536
40PLYMOUTH1,135,0,109,0,0,9,12,0,102,3,301,4,15,359,244,123,301,359
40PLYMOUTH2,118,3,123,0,1,17,9,0,87,1,299,7,10,349,244,114,299,349
40PLYMOUTH3,124,4,121,0,0,3,7,1,85,0,264,5,17,315,249,96,264,315
40PRINGLE,79,4,68,0,2,19,10,0,70,0,148,7,9,276,151,101,148,276
40RICE,218,4,224,3,2,79,59,4,397,3,581,12,30,1055,446,544,581,1055
40ROSS,118,3,111,3,2,130,42,2,427,5,295,11,17,1075,232,606,295,1075
40SALEM1,48,1,55,0,0,48,18,0,191,0,128,10,15,494,104,257,128,494
40SALEM2,87,3,92,0,1,63,53,2,308,1,303,9,29,743,182,427,303,743
40SHICKSHINNY,36,0,54,1,0,23,8,1,71,1,85,6,6,211,90,104,85,211
40SLOCUM,87,2,60,1,2,23,8,1,153,1,163,2,13,377,149,188,163,377
40SUGARLOAF,155,9,169,0,2,79,78,4,698,5,447,15,22,1534,333,861,447,1534
40SUGARNOTCH,87,2,83,0,0,13,9,0,68,1,171,2,13,216,172,90,171,216
40SWOYERSVILLE1,193,5,182,0,2,33,24,0,203,4,404,9,21,600,380,262,404,600
40SWOYERSVILLE2,187,2,156,0,0,30,17,2,179,2,413,6,17,555,345,228,413,555
40SWOYERSVILLE3,98,2,62,0,0,7,4,1,78,1,196,2,5,233,162,90,196,233
40UNION,105,2,111,1,1,71,28,1,247,0,250,11,31,686,218,349,250,686
40WARRIORRUN,45,1,48,0,0,4,1,0,63,1,92,4,9,166,94,68,92,166
40WESTHAZLETON1,64,2,78,2,0,11,5,1,112,2,305,6,10,270,144,131,305,270
40WESTHAZLETON2,78,2,71,0,0,9,8,2,192,1,305,5,9,441,151,211,305,441
40WESTPITTSTON1,88,1,54,0,1,23,26,0,136,1,210,5,10,274,143,186,210,274
40WESTPITTSTON2,135,0,132,2,4,40,29,0,244,1,383,8,14,534,267,319,383,534
40WESTPITTSTON3,145,3,130,0,1,40,42,4,235,1,411,7,9,490,278,322,411,490
40WESTWYOMING1,142,5,157,2,1,25,14,1,133,0,336,5,17,461,304,176,336,461
40WESTWYOMING2,134,3,128,0,0,20,9,1,105,1,246,6,11,352,265,135,246,352
40WHITEHAVEN,46,6,82,0,0,19,12,1,114,1,136,7,26,311,134,146,136,311
40WRIGHT1,156,9,169,3,1,46,38,2,311,1,432,20,24,795,334,401,432,795
40WRIGHT2,231,8,178,1,2,62,65,3,459,3,541,14,33,995,417,592,541,995
40WYOMING1,103,3,68,0,0,19,14,0,91,0,227,2,13,294,174,124,227,294
40WYOMING2,53,0,59,1,1,14,11,0,77,1,161,0,7,215,112,104,161,215
40WYOMING3,133,1,80,1,2,23,23,1,153,0,262,4,9,388,214,203,262,388
40YATESVILLE,80,0,62,0,0,10,7,1,59,1,153,3,2,189,142,77,153,189
41ANTHONY,19,0,10,1,3,59,19,0,162,4,51,4,6,409,29,244,51,409
41ARMSTRONG,12,2,26,0,2,30,14,0,118,1,51,4,5,274,40,164,51,274
41BASTRESS,8,0,29,0,1,44,8,2,82,2,32,1,5,260,37,137,32,260
41BRADY,16,1,11,0,3,29,5,0,74,1,37,0,3,196,28,111,37,196
41BROWN,2,1,2,0,0,5,4,0,39,0,4,0,1,63,5,48,4,63
41CASCADE,8,1,19,0,1,21,9,1,93,0,35,0,4,203,28,125,35,203
41CLINTON1,37,0,48,1,1,56,20,2,186,2,115,3,5,491,85,266,115,491
41CLINTON2,26,1,22,0,2,31,9,0,77,1,60,0,12,244,49,119,60,244
41COGANHOUSE,18,0,31,0,6,70,11,3,162,0,67,2,12,397,49,252,67,397
41CUMMINGS,11,0,22,0,0,16,9,1,40,1,49,1,6,115,33,66,49,115
41DUBOISTOWN,34,0,67,4,1,73,34,1,200,2,130,7,17,474,101,313,130,474
41ELDRED,44,2,99,2,8,146,51,5,365,3,197,4,28,907,145,577,197,907
41FAIRFIELD,90,3,90,5,9,164,75,1,382,8,319,4,36,1059,183,636,319,1059
41FRANKLIN,18,2,28,2,3,32,19,0,128,1,64,2,11,357,48,184,64,357
41GAMBLE,16,1,39,0,2,65,22,2,150,1,59,2,8,367,56,241,59,367
41HEPBURN,80,2,121,2,1,189,80,2,343,8,280,9,24,1048,203,617,280,1048
41HUGHESVILLE1,48,5,50,0,2,45,14,3,110,2,115,2,13,321,103,174,115,321
41HUGHESVILLE2,39,2,57,2,2,54,15,2,124,6,129,1,16,357,98,199,129,357
41JACKSON,12,0,15,1,2,25,5,0,69,2,30,6,2,161,27,102,30,161
41JERSEYSHORE1,33,2,25,1,1,52,4,0,79,0,79,5,11,273,60,137,79,273
41JERSEYSHORE2,22,1,38,0,3,31,8,2,74,0,86,4,11,257,61,118,86,257
41JERSEYSHORE3,35,0,24,0,1,45,13,1,86,4,83,5,8,278,59,146,83,278
41JERSEYSHORE4,23,1,22,1,2,61,11,2,110,2,75,0,7,316,46,187,75,316
41JORDAN,29,1,31,1,1,28,11,0,86,1,61,6,8,289,61,127,61,289
41LEWIS,23,4,43,3,1,45,17,1,132,3,76,2,10,357,70,199,76,357
41LIMESTONE,47,4,70,2,6,124,32,1,283,2,145,4,13,796,121,448,145,796
41LOYALSOCK1,70,0,52,0,1,76,49,2,193,2,182,1,21,504,122,321,182,504
41LOYALSOCK2,62,1,77,5,2,73,40,4,181,6,212,2,19,459,140,305,212,459
41LOYALSOCK3,11,1,22,0,0,18,9,0,83,0,44,3,10,202,34,110,44,202
41LOYALSOCK4,78,2,64,1,5,94,55,2,224,4,265,8,28,541,144,381,265,541
41LOYALSOCK5,93,0,60,1,4,67,43,3,215,3,298,6,15,551,153,333,298,551
41LOYALSOCK6,67,2,82,4,7,109,83,2,283,4,267,4,23,772,151,488,267,772
41LOYALSOCK7,75,1,96,2,4,164,93,2,389,3,324,7,29,996,172,654,324,996
41LYCOMING,47,1,63,1,2,124,20,0,223,3,141,3,12,579,111,370,141,579
41MCHENRY,8,0,7,0,0,9,5,0,30,0,17,0,5,55,15,44,17,55
41MCINTYRE,17,2,15,1,3,27,4,1,45,3,28,1,6,147,34,81,28,147
41MCNETT,4,0,0,0,0,5,0,0,19,0,9,0,0,40,4,24,9,40
41MIFFLIN,20,2,25,0,1,65,14,1,189,1,58,2,11,453,47,270,58,453
41MILLCREEK,13,1,23,0,3,43,7,0,96,2,53,0,5,256,37,149,53,256
41MONTGOMERY,38,1,57,2,0,36,15,3,125,3,147,4,24,332,96,181,147,332
41MONTOURSVILLE1,60,4,91,1,4,94,33,3,178,2,209,4,24,526,155,313,209,526
41MONTOURSVILLE2,40,0,58,1,4,73,34,0,187,2,131,9,19,449,98,299,131,449
41MONTOURSVILLE3,70,4,80,2,5,120,63,5,257,6,201,6,27,719,154,452,201,719
41MORELAND,20,0,50,0,4,59,17,1,154,2,79,2,15,420,70,235,79,420
41MUNCY,28,0,40,1,2,59,29,1,164,2,86,7,8,418,68,256,86,418
41MUNCY1,60,0,57,1,8,79,50,5,158,1,179,3,21,458,117,301,179,458
41MUNCY2,36,1,61,0,2,42,14,1,97,3,119,2,24,350,98,156,119,350
41MUNCYCREEK,108,7,110,2,6,156,80,2,438,4,329,10,27,1203,225,684,329,1203
41NIPPENOSE,20,1,18,1,0,42,9,0,80,1,36,3,3,254,39,132,36,254
41OLDLYCOMING1,127,4,121,3,9,203,66,4,443,13,366,8,35,1122,252,728,366,1122
41OLDLYCOMING2,83,4,87,4,5,110,54,0,278,2,242,9,28,818,174,451,242,818
41PENN,28,2,33,0,2,24,17,1,147,2,86,0,14,351,63,191,86,351
41PIATT,23,1,27,1,1,65,12,1,146,2,66,5,5,407,51,226,66,407
41PICTUREROCKS,23,2,26,2,0,26,16,2,83,2,64,2,10,236,51,129,64,236
41PINE,3,0,8,0,0,12,8,0,68,0,13,3,7,136,11,88,13,136
41PLUNKETTSCREEK,19,3,38,0,0,37,10,0,107,1,62,3,4,278,60,154,62,278
41PORTER,43,2,45,1,5,96,23,0,203,4,135,3,13,602,90,328,135,602
41SALLADASBURG,5,0,18,0,0,3,1,1,32,0,18,4,0,70,23,37,18,70
41SHREWSBURY,9,1,11,0,1,11,9,0,50,0,25,1,3,148,21,71,25,148
41SOUTHWILLIAMSPORT1,76,4,108,2,0,76,45,3,204,3,250,9,34,574,188,330,250,574
41SOUTHWILLIAMSPORT21,26,0,41,0,2,34,18,0,103,2,117,3,18,281,67,157,117,281
41SOUTHWILLIAMSPORT22,53,1,77,2,4,50,27,3,127,2,160,3,14,347,131,213,160,347
41SOUTHWILLIAMSPORT3,108,3,119,1,2,102,38,1,286,10,329,12,38,758,230,430,329,758
41SUSQUEHANNA,37,1,56,0,1,39,12,3,146,2,78,7,9,417,94,201,78,417
41UPPERFAIRFIELD,43,6,92,2,7,118,53,1,258,5,165,2,20,769,141,439,165,769
41WASHINGTON,60,1,45,2,3,85,25,3,193,0,107,8,13,566,106,311,107,566
41WATSON,16,0,21,0,0,24,8,0,95,1,54,2,6,220,37,127,54,220
41WILLIAMSPORT1,41,1,81,1,3,39,13,0,106,2,179,4,19,297,123,162,179,297
41WILLIAMSPORT10,87,0,101,1,2,42,13,2,120,2,329,12,26,336,188,180,329,336
41WILLIAMSPORT11,71,2,88,0,0,31,24,7,62,2,328,10,18,223,161,124,328,223
41WILLIAMSPORT12,61,1,54,0,0,22,1,0,23,1,278,8,7,71,116,46,278,71
41WILLIAMSPORT13,68,0,80,1,2,36,15,4,48,2,284,8,13,178,148,106,284,178
41WILLIAMSPORT14,69,1,105,3,9,75,55,1,112,3,256,8,29,349,175,255,256,349
41WILLIAMSPORT15,64,1,96,0,6,82,71,2,146,2,259,6,26,433,161,307,259,433
41WILLIAMSPORT16,87,0,89,5,3,70,31,1,161,3,337,8,24,432,176,271,337,432
41WILLIAMSPORT17,60,0,74,3,1,63,52,3,143,4,258,6,19,318,134,265,258,318
41WILLIAMSPORT2,44,3,92,1,4,26,19,2,74,3,300,15,27,268,139,126,300,268
41WILLIAMSPORT3,54,1,68,1,2,29,11,0,54,1,242,2,17,159,123,97,242,159
41WILLIAMSPORT4,64,2,60,1,1,24,8,0,47,5,296,5,14,144,126,81,296,144
41WILLIAMSPORT5,49,0,33,1,1,16,11,1,29,3,169,12,13,158,82,59,169,158
41WILLIAMSPORT6,66,2,57,1,3,49,15,0,103,5,168,1,16,354,125,171,168,354
41WILLIAMSPORT7,52,1,54,0,3,54,15,1,92,2,200,5,16,319,107,165,200,319
41WILLIAMSPORT8,46,1,85,0,4,61,13,2,84,5,209,3,18,283,132,164,209,283
41WILLIAMSPORT9,85,3,93,1,8,80,22,2,139,3,280,10,27,426,181,252,280,426
41WOLF,100,4,141,4,5,128,71,3,356,7,293,8,37,1054,245,567,293,1054
41WOOD,63,3,59,1,4,133,30,1,287,3,175,4,16,772,125,456,175,772
42ANNIN,12,1,16,0,2,32,17,2,75,1,50,5,5,230,29,128,50,230
42BRADFORD1,48,0,49,2,1,37,29,2,155,2,188,4,15,472,97,226,188,472
42BRADFORD2,110,2,132,3,7,71,95,4,287,10,533,16,51,892,244,467,533,892
42BRADFORD3,22,0,24,0,0,19,32,1,83,1,100,4,7,259,46,135,100,259
42BRADFORD31,24,0,28,1,3,15,12,2,52,1,99,5,9,159,52,85,99,159
42BRADFORD32,28,1,23,0,2,19,29,0,75,2,121,4,11,233,52,125,121,233
42BRADFORD4,22,2,41,1,1,25,22,0,79,0,144,6,7,243,65,128,144,243
42BRADFORD5,8,0,13,1,0,6,6,0,33,1,43,3,4,87,21,46,43,87
42BRADFORD61,34,0,31,2,1,25,28,2,88,2,147,2,9,231,65,146,147,231
42BRADFORD62,32,0,34,1,2,17,22,2,69,2,123,6,11,228,66,113,123,228
42CERES,12,0,14,0,4,53,25,0,106,5,40,0,6,353,26,188,40,353
42CORYDON,11,1,17,0,0,10,7,0,33,0,35,1,4,105,29,50,35,105
42ELDRED,42,1,50,2,2,83,51,0,237,1,173,10,23,741,93,375,173,741
42FOSTER1,15,0,26,0,4,31,24,1,101,3,91,4,9,306,41,161,91,306
42FOSTER2,5,0,19,0,2,18,18,0,102,0,45,3,8,240,24,140,45,240
42FOSTER3,58,2,45,2,5,64,68,3,257,0,264,6,28,727,105,399,264,727
42FOSTER4,6,2,5,1,0,13,6,1,43,0,19,0,5,120,13,64,19,120
42HAMILTON,19,2,27,0,0,21,10,0,59,0,58,2,5,200,48,90,58,200
42HAMLIN1,11,0,14,0,0,12,11,1,38,1,24,3,3,139,25,62,24,139
42HAMLIN2,9,1,21,0,1,9,13,0,47,1,37,4,3,118,31,70,37,118
42KANE1,41,1,44,2,2,31,25,1,82,4,131,7,19,266,86,143,131,266
42KANE2,32,3,23,0,1,19,8,0,30,2,81,3,13,126,58,58,81,126
42KANE3,62,1,44,4,0,17,26,0,101,0,138,4,14,287,107,148,138,287
42KANE4,33,2,36,1,0,22,7,0,37,1,86,6,9,182,71,67,86,182
42KEATING1,15,1,17,1,1,39,22,2,163,4,52,3,6,391,33,228,52,391
42KEATING2,23,0,17,1,2,39,14,1,109,2,42,2,7,307,40,166,42,307
42KEATING3,12,0,24,0,1,24,22,1,87,0,57,2,7,297,36,135,57,297
42LAFAYETTE,38,2,35,0,1,23,17,1,113,1,100,4,3,341,75,155,100,341
42LEWISRUN,26,0,15,1,2,13,6,2,59,2,63,1,4,163,41,83,63,163
42LIBERTY,26,2,32,0,2,63,35,2,195,3,110,2,10,526,60,297,110,526
42MT.JEWETT,30,4,25,1,2,28,27,1,94,1,81,4,9,294,59,153,81,294
42NORWICH,17,0,13,0,2,12,11,1,71,4,44,2,3,174,30,97,44,174
42OTTO1,18,0,26,1,3,29,22,1,107,3,60,2,6,329,44,163,60,329
42OTTO2,12,0,16,1,2,22,11,3,60,1,32,1,5,209,28,99,32,209
42PORTALLEGANY1,22,1,38,1,2,33,51,4,90,6,125,6,23,276,61,181,125,276
42PORTALLEGANY2,23,2,38,1,4,20,17,0,59,1,99,4,8,191,63,101,99,191
42SERGEANT,9,1,7,0,0,4,7,0,13,0,18,1,1,36,17,24,18,36
42SMETHPORT,27,2,40,6,2,75,69,4,193,5,169,4,16,523,69,349,169,523
42WETMORE,59,0,71,0,4,58,38,3,219,3,203,5,22,634,130,322,203,634
43CLARK,39,0,21,2,1,3,18,1,67,1,112,1,7,214,60,92,112,214
43COOLSPRING,87,4,72,2,2,90,93,5,248,5,265,3,20,793,163,440,265,793
43DEERCREEK,17,0,21,0,1,19,24,0,61,1,51,2,10,171,38,105,51,171
43DELAWARE,101,5,104,1,2,59,82,1,202,6,315,10,22,737,210,347,315,737
43EASTLACKAWANNOCK,56,1,57,1,4,61,72,1,150,4,202,3,24,557,114,289,202,557
43FAIRVIEW,29,4,21,1,1,34,30,2,84,2,74,3,6,313,54,152,74,313
43FARRELL11,56,0,12,0,0,0,0,0,3,0,138,0,1,19,68,3,138,19
43FARRELL12,40,0,7,0,0,0,0,0,4,0,170,1,2,11,47,4,170,11
43FARRELL13,89,0,37,0,0,4,1,0,9,1,271,0,9,57,126,14,271,57
43FARRELL21,44,0,11,0,1,0,0,0,0,0,133,0,0,11,55,1,133,11
43FARRELL22,87,1,25,0,0,1,0,0,9,0,289,1,2,41,113,10,289,41
43FARRELL23,104,2,54,0,0,2,13,0,18,1,353,4,5,98,160,33,353,98
43FARRELL24,162,1,66,0,0,3,4,1,30,0,326,2,8,153,229,38,326,153
43FINDLEY,48,4,42,0,4,60,53,1,134,3,163,7,20,491,94,252,163,491
43FREDONIA,23,1,18,0,0,16,19,0,44,2,67,2,7,144,42,79,67,144
43FRENCHCREEK,22,0,31,0,1,30,13,0,67,2,93,1,4,234,53,111,93,234
43GREENE,45,0,54,1,1,25,42,2,92,3,130,2,18,352,99,163,130,352
43GREENVILLE1,46,2,56,0,0,13,15,1,55,2,135,6,11,276,104,84,135,276
43GREENVILLE2,47,1,44,0,2,21,31,2,31,1,224,6,18,253,92,87,224,253
43GREENVILLE3,79,2,64,0,4,40,49,1,128,2,238,7,27,378,145,222,238,378
43GREENVILLE4,61,2,63,1,2,23,36,1,101,2,193,8,22,356,126,164,193,356
43GROVECITY1,38,1,35,3,1,64,52,2,75,8,154,4,32,337,74,197,154,337
43GROVECITY2,48,1,58,3,6,74,62,2,62,4,170,3,27,327,107,209,170,327
43GROVECITY3,44,1,50,2,4,55,40,5,67,3,159,8,34,275,95,173,159,275
43GROVECITY4,46,1,49,2,3,98,83,2,107,12,208,6,24,399,96,295,208,399
43GROVECITY5,60,1,59,1,2,95,63,3,93,5,229,11,39,425,120,257,229,425
43HEMPFIELD1,29,3,36,0,1,21,52,0,78,3,119,2,16,299,68,152,119,299
43HEMPFIELD2,71,1,56,1,2,39,72,2,138,3,213,1,24,438,128,254,213,438
43HEMPFIELD3,80,4,46,0,1,63,88,3,238,5,239,5,22,686,130,393,239,686
43HERMITAGENE1,95,3,75,2,2,40,71,1,135,1,285,6,16,453,173,251,285,453
43HERMITAGENE2,88,1,49,2,4,27,47,0,156,0,260,4,16,438,138,236,260,438
43HERMITAGENW1,68,4,40,0,0,16,8,0,56,1,195,4,13,250,112,80,195,250
43HERMITAGENW2,117,6,77,1,1,26,21,1,86,0,293,6,9,336,200,136,293,336
43HERMITAGENW3,100,0,63,0,1,28,9,0,66,1,275,5,20,272,163,104,275,272
43HERMITAGENW4,169,1,80,2,2,34,53,4,141,3,372,6,16,511,250,236,372,511
43HERMITAGESE1,87,3,54,0,3,19,32,0,74,4,216,2,13,268,144,128,216,268
43HERMITAGESE2,160,4,82,2,3,50,58,2,174,5,369,7,12,595,246,289,369,595
43HERMITAGESE3,137,3,70,1,4,27,61,2,113,1,292,4,12,456,210,208,292,456
43HERMITAGESE4,113,7,67,0,2,41,67,3,123,0,256,5,14,479,187,236,256,479
43HERMITAGESW1,129,1,75,2,1,27,45,0,52,2,333,8,10,290,205,127,333,290
43HERMITAGESW2,100,2,58,2,4,24,19,0,67,5,264,11,5,277,160,116,264,277
43HERMITAGESW3,85,2,49,0,0,11,26,1,62,0,242,9,13,296,136,100,242,296
43JACKSON,48,1,52,1,1,48,50,0,163,3,134,4,14,506,101,263,134,506
43JACKSONCENTER,14,0,15,1,1,7,3,0,13,0,34,0,3,58,29,25,34,58
43JAMESTOWN,43,1,30,1,1,19,28,3,43,3,105,3,8,197,74,95,105,197
43JEFFERSONEAST,36,3,33,0,2,34,39,0,94,1,110,2,12,302,72,169,110,302
43JEFFERSONWEST,43,1,46,0,2,29,25,2,133,6,146,3,8,382,90,191,146,382
43LACKAWANNOCK,117,1,87,4,2,57,46,3,166,3,294,9,33,716,205,278,294,716
43LAKE,13,0,13,1,4,29,25,0,64,0,66,1,6,232,26,123,66,232
43LIBERTY,61,1,43,0,4,99,71,0,153,6,173,9,22,567,105,327,173,567
43MERCERNORTH,42,2,46,0,2,32,43,2,84,2,151,3,19,288,90,163,151,288
43MERCERSOUTH,41,1,54,2,1,32,37,1,83,2,143,6,15,296,96,156,143,296
43MILLCREEK,23,0,26,0,2,50,32,1,87,2,56,6,20,313,49,172,56,313
43NEWLEBANON,11,0,5,0,0,4,7,0,12,2,19,0,0,55,16,23,19,55
43NEWVERNON,15,1,19,0,2,35,32,1,70,1,56,2,6,212,35,140,56,212
43OTTERCREEK,18,0,25,0,1,19,20,0,63,0,62,1,3,203,43,103,62,203
43PERRY,50,6,34,2,6,53,55,2,157,8,145,5,20,522,90,275,145,522
43PINE1,68,2,67,11,4,127,140,3,227,3,265,6,36,864,137,512,265,864
43PINE2,83,5,81,2,1,140,113,4,206,11,283,11,32,891,169,466,283,891
43PYMATUNING1,92,4,53,0,1,14,32,1,92,1,213,4,17,384,149,140,213,384
43PYMATUNING2,78,2,71,0,1,21,28,1,111,3,220,9,13,427,151,162,220,427
43SALEM,21,1,25,2,1,25,33,6,83,0,68,0,9,280,47,150,68,280
43SANDYCREEK,29,0,15,0,0,24,25,1,95,3,70,2,8,294,44,145,70,294
43SANDYLAKEBORO,22,1,14,1,1,37,29,1,58,0,65,3,13,216,37,127,65,216
43SANDYLAKETWP,39,4,44,1,4,54,47,1,165,1,125,3,11,506,87,272,125,506
43SHARON11,53,1,47,1,1,4,2,0,38,0,175,2,4,149,101,46,175,149
43SHARON21,26,0,32,1,0,5,6,0,15,0,132,6,5,67,58,27,132,67
43SHARON22,123,1,71,1,0,5,21,1,53,4,268,1,12,240,195,81,268,240
43SHARON23,80,5,75,1,0,15,37,2,80,1,250,2,15,256,160,135,250,256
43SHARON24,78,5,72,0,1,17,43,1,77,2,231,5,10,279,155,139,231,279
43SHARON25,74,2,33,0,0,6,11,0,28,2,179,4,17,142,109,45,179,142
43SHARON31,51,2,27,0,0,4,5,0,6,1,167,5,1,53,80,15,167,53
43SHARON32,47,3,35,1,0,5,3,0,12,1,171,4,16,118,85,21,171,118
43SHARON41,52,0,27,0,0,4,0,0,5,1,182,3,3,46,79,9,182,46
43SHARON42,81,2,59,0,0,14,4,0,25,4,258,7,8,138,142,43,258,138
43SHARON43,88,1,64,2,1,18,16,1,50,0,256,4,14,233,153,88,256,233
43SHARON44,72,3,35,0,0,4,7,0,7,1,236,1,8,66,110,18,236,66
43SHARON45,70,3,41,0,1,4,4,0,15,1,193,2,8,110,114,24,193,110
43SHARON46,100,2,56,0,0,8,16,0,37,3,230,5,4,169,158,61,230,169
43SHARPSVILLE1,126,1,90,0,1,28,34,0,87,6,319,8,18,352,217,150,319,352
43SHARPSVILLE2,110,2,74,0,2,15,19,0,58,3,268,14,12,281,186,94,268,281
43SHARPSVILLE3,92,5,56,1,0,11,16,0,32,0,224,4,17,205,153,60,224,205
43SHARPSVILLE4,66,2,61,1,1,6,14,0,30,5,163,3,11,160,129,52,163,160
43SHEAKLEYVILLE,4,0,3,0,0,5,6,1,15,2,9,1,1,56,7,27,9,56
43SHENANGOEAST,117,4,86,0,1,52,37,2,161,2,302,4,18,583,207,253,302,583
43SHENANGOWEST,142,2,86,1,4,32,62,0,168,2,342,5,25,631,230,267,342,631
43SOUTHPYMATUNING1,25,2,21,0,1,3,12,1,53,1,76,0,4,189,48,70,76,189
43SOUTHPYMATUNING2,109,1,88,2,0,28,32,1,116,3,325,3,17,484,198,179,325,484
43SOUTHPYMATUNING3,52,2,41,0,1,11,19,0,58,2,137,3,4,205,95,89,137,205
43SPRINGFIELDEAST,17,1,42,4,2,28,18,0,88,5,87,2,13,260,60,140,87,260
43SPRINGFIELDWEST,34,4,54,0,1,49,40,1,135,5,127,7,24,437,92,226,127,437
43STONEBORO,36,3,42,1,2,38,26,1,87,1,124,4,22,323,81,155,124,323
43SUGARGROVE,41,1,48,4,2,43,55,1,103,2,129,3,10,378,90,208,129,378
43WESTMIDDLESEX,63,2,39,1,2,21,28,0,72,3,161,4,10,260,104,124,161,260
43WESTSALEMEAST,81,2,34,2,2,36,53,0,90,6,187,1,12,347,117,183,187,347
43WESTSALEMWEST,109,6,72,1,3,43,65,0,166,4,286,8,26,601,187,278,286,601
43WHEATLAND,69,1,33,0,0,4,6,0,34,2,157,3,8,117,103,44,157,117
43WILMINGTON,28,0,45,4,10,61,53,1,142,1,129,2,10,467,73,271,129,467
43WOLFCREEK,30,0,19,1,5,32,45,0,95,2,87,5,12,313,49,178,87,313
43WORTH,31,2,25,0,3,54,30,0,94,4,78,2,13,352,58,181,78,352
44ARMAGHNEW,22,0,26,1,0,62,25,0,159,2,67,0,11,453,48,247,67,453
44ARMAGHOLD,51,2,70,5,4,89,44,1,274,4,188,3,36,839,123,417,188,839
44BRATTON,18,0,33,1,1,63,36,0,126,4,51,0,8,448,51,227,51,448
44BROWN,145,1,131,2,11,166,152,5,420,8,405,8,53,1306,277,756,405,1306
44BURNHAM,69,2,81,1,7,63,24,3,178,3,187,7,25,638,152,276,187,638
44DECATUREAST,30,3,22,2,3,88,26,1,149,2,69,2,15,505,55,269,69,505
44DECATURWEST,31,4,38,2,3,79,30,1,181,1,98,3,16,604,73,296,98,604
44DERRYEAST,82,0,79,4,3,114,70,0,328,7,552,2,34,996,161,519,552,996
44DERRYNORTH,36,3,49,0,1,54,27,2,118,2,105,2,9,407,88,202,105,407
44DERRYSOUTH,88,1,71,2,3,90,75,3,211,4,247,4,15,658,160,384,247,658
44DERRYWEST,58,7,66,2,0,55,25,2,123,2,149,4,23,432,131,207,149,432
44GRANVILLEEAST,51,2,45,2,5,51,34,1,149,4,121,2,19,528,98,242,121,528
44GRANVILLEWEST,88,4,97,2,12,151,94,2,360,5,270,8,31,1122,189,621,270,1122
44JUNIATATERRACE,29,1,16,0,1,9,7,1,42,2,48,1,9,140,46,60,48,140
44KISTLER,11,0,7,0,2,3,0,1,27,0,31,0,1,85,18,33,31,85
44LEWISTOWNCENTRAL,46,1,44,1,3,43,35,2,101,3,172,4,19,340,91,185,172,340
44LEWISTOWNNORTH,50,2,67,1,5,61,29,3,149,5,202,10,22,500,119,248,202,500
44LEWISTOWNSOUTH,77,2,59,3,3,46,73,3,180,4,233,4,25,623,138,308,233,623
44LEWISTOWNWEST,32,1,58,2,2,54,19,2,138,1,161,10,29,435,91,217,161,435
44MCVEYTOWN,16,1,16,3,1,22,5,0,35,1,35,0,4,122,33,66,35,122
44MENNO,11,2,5,1,8,74,28,0,77,2,26,0,4,310,18,188,26,310
44NEWTONHAMILTON,2,0,7,0,0,3,2,1,22,0,7,0,1,68,9,28,7,68
44OLIVER,53,0,54,1,3,74,45,3,260,2,124,2,21,729,107,386,124,729
44UNION,58,4,51,4,9,197,113,8,231,2,176,2,35,995,113,562,176,995
44WAYNE,47,1,50,1,1,77,23,2,272,4,153,2,11,811,98,376,153,811
45BARRETT1,65,0,63,0,1,29,35,2,116,0,263,13,17,376,128,183,263,376
45BARRETT2,152,6,154,2,4,64,58,2,243,6,549,20,28,674,312,373,549,674
45CHESTNUTHILL1,205,1,204,2,4,99,24,1,364,5,1006,24,67,1294,410,494,1006,1294
45CHESTNUTHILL2,167,8,182,0,1,88,30,4,367,4,821,22,58,1177,357,490,821,1177
45CHESTNUTHILL3,134,2,114,2,2,46,23,2,211,2,480,20,33,672,250,286,480,672
45CHESTNUTHILL4,127,1,125,1,6,59,38,3,328,11,482,21,44,1046,253,435,482,1046
45COOLBAUGH1,146,2,137,5,1,52,22,0,239,5,637,22,37,737,285,319,637,737
45COOLBAUGH2,145,3,99,0,1,34,22,1,153,4,565,12,12,434,247,211,565,434
45COOLBAUGH3,401,1,216,1,1,28,17,1,158,6,1829,31,33,610,618,206,1829,610
45COOLBAUGH4,269,3,166,3,0,34,21,2,171,6,1262,18,27,641,438,231,1262,641
45DELAWAREWATERGAP,54,1,65,2,1,8,14,0,49,2,205,8,6,151,120,74,205,151
45EASTSTROUDSBURG111THCONGRESSIONAL,71,0,52,0,1,17,8,1,66,1,326,10,12,152,123,93,326,152
45EASTSTROUDSBURG2,60,1,64,1,3,14,12,0,36,2,596,13,20,254,125,66,596,254
45EASTSTROUDSBURG310THCONGRESSIONAL,34,0,52,2,3,5,6,1,31,0,179,6,8,123,86,48,179,123
45EASTSTROUDSBURG411THCONGRESSIONAL,81,1,89,2,0,25,30,3,82,2,343,8,15,267,171,142,343,267
45EASTSTROUDSBURG511THCONGRESSIONAL,75,4,83,1,1,18,15,3,66,0,321,11,14,218,162,104,321,218
45EASTSTROUDSBURG6,84,0,79,0,0,30,28,2,69,0,350,5,12,257,163,129,350,257
45ELDRED,100,4,123,2,3,71,35,4,283,3,359,15,27,856,227,398,359,856
45HAMILTONNORTH,287,8,286,4,3,122,114,7,456,8,1033,23,41,1420,581,706,1033,1420
45HAMILTONSOUTH,165,4,189,3,2,95,66,3,278,5,655,17,36,953,358,447,655,953
45JACKSON,339,8,310,1,3,155,70,5,531,8,1321,27,59,1625,657,765,1321,1625
45MIDDLESMITHFIELDEAST,400,1,253,1,1,82,73,3,386,6,1794,30,46,1240,654,546,1794,1240
45MIDDLESMITHFIELDWEST,304,5,232,4,5,112,62,2,371,7,1469,38,73,1434,541,556,1469,1434
45MT.POCONO,134,1,125,1,3,29,22,2,152,4,656,11,14,521,260,209,656,521
45PARADISE,180,2,138,4,2,59,51,2,261,3,627,15,51,745,320,379,627,745
45POCONO1,93,1,80,1,0,26,35,2,162,4,399,9,28,450,174,226,399,450
45POCONO2,135,0,99,0,3,34,28,3,192,3,545,10,28,607,234,260,545,607
45POCONO3,161,2,138,0,1,41,51,2,205,2,618,11,12,623,301,300,618,623
45POCONO4,163,3,147,2,4,55,34,2,222,8,732,29,36,789,313,319,732,789
45POLK,302,14,298,0,3,134,59,3,650,13,1010,31,78,2164,614,849,1010,2164
45PRICE,192,3,148,2,1,64,32,4,176,5,727,16,32,705,343,279,727,705
45ROSS,228,5,251,0,5,126,76,5,466,8,809,20,67,1599,484,678,809,1599
45SMITHFIELD1,156,2,126,3,0,44,19,4,142,4,700,16,14,528,284,212,700,528
45SMITHFIELD2,158,2,126,2,1,36,30,2,157,3,753,6,25,505,286,228,753,505
45SMITHFIELD3,93,0,104,3,1,25,26,0,102,2,423,8,13,321,197,157,423,321
45STROUD1,292,1,211,4,4,53,49,2,199,5,1109,15,45,667,504,311,1109,667
45STROUD2,273,0,223,1,2,45,34,2,161,2,1276,29,27,586,496,245,1276,586
45STROUD3,200,4,182,5,1,48,50,5,173,8,760,5,32,556,386,282,760,556
45STROUD4,167,3,147,1,3,43,38,4,197,3,574,12,30,563,317,286,574,563
45STROUD5,114,1,120,1,1,28,20,3,111,5,432,7,24,364,235,164,432,364
45STROUD6,171,2,123,0,3,40,60,3,169,0,514,9,20,467,296,275,514,467
45STROUD7,50,5,35,0,1,11,15,0,59,0,168,6,14,188,90,86,168,188
45STROUDSBURG1,64,0,72,0,1,15,17,0,39,1,156,4,5,41,136,72,156,41
45STROUDSBURG2,23,0,31,0,1,4,2,0,11,1,265,4,11,143,54,18,265,143
45STROUDSBURG3,65,1,73,1,0,24,18,0,35,1,239,4,16,147,139,78,239,147
45STROUDSBURG4,105,0,59,0,1,15,8,0,34,1,369,8,13,175,164,58,369,175
45STROUDSBURG5,95,2,92,2,2,22,34,0,90,3,403,9,19,272,189,150,403,272
45TOBYHANNAEAST,241,1,191,3,3,67,80,4,346,2,1116,25,51,1056,433,503,1116,1056
45TOBYHANNAWEST,150,0,124,1,0,55,50,3,300,1,505,7,24,816,274,409,505,816
45TUNKHANNOCK,299,4,242,3,3,69,37,5,387,3,1188,18,48,1177,545,504,1188,1177
46ABINGTON101,151,0,94,2,5,40,79,1,89,4,453,6,24,239,245,216,453,239
46ABINGTON102,152,0,128,0,3,48,40,0,66,6,516,11,15,224,280,157,516,224
46ABINGTON103,142,2,109,0,2,51,52,4,68,1,480,6,22,270,253,177,480,270
46ABINGTON11,210,1,84,5,0,41,101,2,145,1,603,5,12,388,295,294,603,388
46ABINGTON111,95,0,80,0,1,24,36,1,30,1,293,7,3,125,175,92,293,125
46ABINGTON112,100,5,102,1,2,43,84,1,73,0,370,8,10,232,207,204,370,232
46ABINGTON113,190,1,149,1,0,39,67,1,81,4,640,23,8,267,340,189,640,267
46ABINGTON12,198,2,71,0,1,30,76,2,66,1,480,1,13,240,271,175,480,240
46ABINGTON121,189,0,111,1,1,40,71,1,87,4,499,8,18,266,300,201,499,266
46ABINGTON122,131,0,128,1,1,30,49,2,55,3,437,4,24,202,259,138,437,202
46ABINGTON123,143,1,124,1,2,40,48,1,75,4,471,1,20,221,268,167,471,221
46ABINGTON13,218,3,114,4,0,31,80,1,103,0,614,2,23,304,335,219,614,304
46ABINGTON131,154,0,126,1,1,52,86,3,77,3,504,7,16,249,280,220,504,249
46ABINGTON132,99,2,122,2,4,28,62,2,112,3,387,9,18,258,223,210,387,258
46ABINGTON133,128,1,107,1,2,38,53,1,61,2,442,5,17,204,236,156,442,204
46ABINGTON141,191,1,120,0,0,24,19,0,48,3,548,7,14,147,312,91,548,147
46ABINGTON142,226,2,257,3,1,71,67,5,108,3,818,16,37,385,485,255,818,385
46ABINGTON151,168,0,155,2,0,40,47,3,97,5,628,8,26,314,323,189,628,314
46ABINGTON152,221,1,148,1,2,63,58,3,102,8,662,12,23,327,370,229,662,327
46ABINGTON21,194,0,93,0,0,20,41,1,119,1,525,8,11,352,287,181,525,352
46ABINGTON22,179,3,82,4,0,21,39,1,57,2,510,10,11,224,264,122,510,224
46ABINGTON23,123,1,75,1,0,32,41,0,58,0,316,7,8,203,199,132,316,203
46ABINGTON31,107,2,83,3,3,43,59,3,120,3,327,4,11,308,192,231,327,308
46ABINGTON32,143,5,131,0,0,47,65,0,116,0,458,3,11,378,279,228,458,378
46ABINGTON33,307,0,143,2,0,49,42,5,103,1,707,11,14,278,450,201,707,278
46ABINGTON41,281,1,162,1,2,68,53,2,140,4,791,10,32,492,444,266,791,492
46ABINGTON42,238,2,165,2,2,45,58,3,67,2,642,13,20,248,405,177,642,248
46ABINGTON51,289,1,165,2,2,22,14,0,33,4,854,7,13,103,455,73,854,103
46ABINGTON52,258,0,160,0,1,19,25,1,26,1,775,10,12,118,418,72,775,118
46ABINGTON61,190,2,229,4,0,55,74,6,108,5,749,16,31,385,421,247,749,385
46ABINGTON62,216,1,168,1,3,37,48,2,54,3,647,14,24,219,385,145,647,219
46ABINGTON71,307,1,98,6,1,41,94,4,60,2,633,6,14,198,406,206,633,198
46ABINGTON72,223,1,73,2,1,18,78,0,34,1,494,7,14,132,297,133,494,132
46ABINGTON73,137,0,64,1,0,24,74,3,66,2,354,4,11,200,201,168,354,200
46ABINGTON81,257,1,163,2,2,51,53,2,124,3,794,16,34,372,421,234,794,372
46ABINGTON82,226,1,146,0,1,49,39,1,67,2,599,8,23,213,373,157,599,213
46ABINGTON91,193,0,210,3,2,52,63,4,106,5,714,18,41,341,403,230,714,341
46ABINGTON92,151,0,186,2,1,47,53,1,121,5,553,15,39,357,337,225,553,357
46AMBLER1,199,1,193,4,3,68,98,6,102,5,718,14,28,366,393,281,718,366
46AMBLER2,215,0,188,2,1,41,44,0,89,4,727,16,19,281,403,177,727,281
46AMBLER3,230,0,186,3,3,41,52,3,68,3,737,11,23,257,416,170,737,257
46BRIDGEPORT1,70,2,103,0,2,10,12,2,51,4,332,16,20,158,175,77,332,158
46BRIDGEPORT2,110,1,94,2,0,20,22,0,81,0,373,7,9,258,205,125,373,258
46BRIDGEPORT3,73,0,94,1,0,20,26,1,67,0,375,8,19,200,167,115,375,200
46BRYNATHYN,64,0,122,0,2,50,166,2,62,3,365,12,80,277,186,282,365,277
46BRYNATHYNINDEPENDENT,0,0,0,0,0,0,0,0,0,0,0,0,0,0,0,0,0,0
46CHELTENHAM11,251,0,171,1,0,37,89,0,61,2,725,12,26,211,422,188,725,211
46CHELTENHAM12,145,1,151,0,1,42,50,3,40,1,531,5,22,160,297,136,531,160
46CHELTENHAM13,148,0,105,0,1,22,22,0,16,0,405,4,7,73,253,61,405,73
46CHELTENHAM14,146,0,145,1,0,25,33,3,41,3,499,6,20,134,291,103,499,134
46CHELTENHAM21,307,1,157,0,1,11,14,0,14,5,747,12,10,58,465,40,747,58
46CHELTENHAM22,323,0,178,0,0,5,13,0,14,0,915,2,15,63,501,32,915,63
46CHELTENHAM23,338,0,149,0,0,8,8,0,13,1,727,6,3,47,487,29,727,47
46CHELTENHAM24,253,1,119,0,1,10,27,0,14,0,611,2,14,82,373,52,611,82
46CHELTENHAM31,155,0,143,1,0,18,21,1,32,3,446,4,11,115,298,73,446,115
46CHELTENHAM32,353,0,98,0,1,18,49,0,32,1,717,3,9,111,451,100,717,111
46CHELTENHAM33,307,0,145,0,1,6,23,1,29,2,652,3,9,80,452,60,652,80
46CHELTENHAM34,373,3,204,0,2,13,14,1,11,0,901,12,8,40,580,41,901,40
46CHELTENHAM41,287,0,171,1,2,1,8,1,8,0,811,8,5,53,458,21,811,53
46CHELTENHAM42,222,0,135,0,1,3,4,0,3,4,750,5,7,26,357,11,750,26
46CHELTENHAM43,219,1,115,1,0,15,33,0,29,1,519,7,7,84,335,78,519,84
46CHELTENHAM44,136,0,78,0,0,5,23,3,12,0,340,3,9,46,214,43,340,46
46CHELTENHAM51,253,1,132,0,0,12,30,1,23,2,600,4,11,80,386,66,600,80
46CHELTENHAM52,239,0,182,0,0,8,22,2,27,1,571,7,11,89,421,59,571,89
46CHELTENHAM53,209,3,143,0,2,5,10,2,16,3,574,7,5,80,355,35,574,80
46CHELTENHAM54,256,0,140,0,0,20,24,0,22,4,686,4,14,93,396,66,686,93
46CHELTENHAM61,497,0,283,0,1,38,72,1,65,2,1170,11,21,226,780,177,1170,226
46CHELTENHAM62,292,0,237,1,2,25,23,0,29,1,808,13,8,136,529,80,808,136
46CHELTENHAM63,250,1,140,0,0,19,31,1,54,2,627,5,12,165,391,105,627,165
46CHELTENHAM71,196,5,216,3,4,42,57,10,152,3,708,11,31,377,417,268,708,377
46CHELTENHAM72,224,0,142,3,2,27,52,0,60,3,653,7,22,170,366,144,653,170
46CHELTENHAM73,319,0,138,0,1,22,21,0,34,0,808,3,7,129,457,78,808,129
46COLLEGEVILLE1,181,2,120,2,3,52,101,4,202,5,583,13,36,520,303,364,583,520
46COLLEGEVILLE2,60,0,164,1,1,26,33,3,59,4,455,12,28,216,224,123,455,216
46COLLEGEVILLE3,85,0,74,0,1,29,53,1,91,1,355,4,9,250,159,175,355,250
46CONSHOHOCKEN1,147,0,128,1,0,33,65,1,83,3,623,13,33,330,275,183,623,330
46CONSHOHOCKEN2,30,0,40,0,1,7,10,0,17,0,151,2,6,47,70,35,151,47
46CONSHOHOCKEN3,140,0,111,1,0,23,64,0,55,3,684,4,49,274,251,143,684,274
46CONSHOHOCKEN4,129,0,109,1,1,24,43,1,68,1,499,5,32,291,238,138,499,291
46CONSHOHOCKEN5,97,0,101,0,0,22,50,2,61,2,382,6,24,190,198,135,382,190
46CONSHOHOCKEN6,99,2,83,1,1,16,33,3,86,3,348,9,25,241,184,140,348,241
46CONSHOHOCKEN7,111,0,82,0,2,12,41,2,55,0,370,3,17,195,193,112,370,195
46DOUGLASS1,84,5,81,0,5,109,65,5,221,8,322,10,32,773,170,405,322,773
46DOUGLASS2,70,2,122,2,6,78,52,1,176,1,347,11,41,634,194,315,347,634
46DOUGLASS3,162,1,146,0,2,108,105,6,322,4,605,18,52,1001,309,543,605,1001
46DOUGLASS4,93,2,90,2,5,90,92,2,216,5,409,6,37,762,185,407,409,762
46EASTGREENVILLE,94,1,169,1,3,79,42,1,141,6,510,17,46,604,264,267,510,604
46EASTNORRITON11,135,1,74,1,1,57,59,3,146,2,428,4,23,376,210,267,428,376
46EASTNORRITON12,180,1,124,4,1,52,39,1,111,5,638,6,13,330,305,208,638,330
46EASTNORRITON13,207,0,118,3,1,87,100,0,211,3,664,11,35,631,325,402,664,631
46EASTNORRITON14,139,1,83,0,5,68,82,3,129,1,468,10,21,457,223,287,468,457
46EASTNORRITON21,118,2,89,0,1,42,32,4,103,6,436,5,18,279,209,182,436,279
46EASTNORRITON22,158,0,112,0,2,47,31,1,92,2,544,9,16,278,270,173,544,278
46EASTNORRITON23,233,1,140,3,2,57,53,1,155,4,756,2,28,473,374,271,756,473
46EASTNORRITON24,147,1,117,1,0,42,51,2,147,4,484,9,27,406,265,243,484,406
46FRANCONIA1,37,0,50,3,1,107,73,1,155,6,212,1,21,531,87,340,212,531
46FRANCONIA2,98,1,132,2,3,96,88,3,186,7,466,12,31,627,231,378,466,627
46FRANCONIA3,89,0,99,1,4,134,93,4,202,5,396,11,29,669,188,438,396,669
46FRANCONIA4,65,2,62,0,6,102,76,3,127,5,287,4,29,466,129,314,287,466
46FRANCONIA5,93,0,42,1,3,123,112,0,157,2,301,2,11,513,135,396,301,513
46FRANCONIA6,70,0,68,1,3,98,132,0,188,2,287,10,19,584,138,422,287,584
46FRANCONIA7,66,1,79,1,2,69,66,4,123,3,391,6,18,458,146,265,391,458
46FRANCONIA8,75,2,59,2,0,85,62,0,131,2,290,4,26,411,136,280,290,411
46GREENLANE,19,0,32,0,1,22,15,1,47,1,100,1,11,137,51,86,100,137
46HATBORONORTH1,82,0,82,2,3,28,45,1,111,1,339,7,20,321,164,190,339,321
46HATBORONORTH2,200,2,224,2,3,67,69,1,198,11,810,18,33,621,426,340,810,621
46HATBOROSOUTH1,206,2,140,1,2,70,113,4,122,2,652,12,24,437,348,312,652,437
46HATBOROSOUTH2,108,1,97,1,5,41,46,1,94,1,405,11,20,298,206,188,405,298
46HATFIELD,165,2,190,1,1,74,67,5,157,1,822,9,48,515,357,305,822,515
46HATFIELD11,76,0,79,0,1,26,27,1,83,3,367,4,22,270,155,138,367,270
46HATFIELD12,151,1,100,3,2,60,61,1,202,4,648,2,25,552,252,329,648,552
46HATFIELD21,59,0,67,0,0,45,36,0,66,4,276,10,16,254,126,147,276,254
46HATFIELD22,56,2,49,0,1,31,19,3,91,1,187,6,8,231,107,145,187,231
46HATFIELD31,95,0,109,2,4,72,39,3,133,4,596,13,38,494,204,253,596,494
46HATFIELD32,147,4,115,0,2,76,96,2,170,4,609,6,45,588,266,346,609,588
46HATFIELD41,95,0,98,1,1,36,34,3,76,2,485,5,22,302,193,151,485,302
46HATFIELD42,100,0,87,2,0,57,61,2,142,0,379,8,29,439,187,264,379,439
46HATFIELD51,125,0,70,2,3,84,69,3,121,3,390,7,21,415,195,282,390,415
46HATFIELD52A(CONG13),0,0,0,0,0,0,0,0,0,0,1,0,0,0,0,0,1,0
46HATFIELD52B(CONG8),104,0,108,2,3,36,44,3,88,2,503,16,32,319,212,176,503,319
46HORSHAM11,56,0,54,0,1,22,23,1,68,3,264,8,17,198,110,115,264,198
46HORSHAM12,102,1,101,0,7,53,78,2,149,3,385,10,25,413,204,289,385,413
46HORSHAM13,108,0,53,2,2,44,69,1,117,0,381,4,8,375,161,235,381,375
46HORSHAM14,70,3,71,0,3,60,65,3,165,2,304,4,11,418,144,296,304,418
46HORSHAM15,124,0,162,2,3,49,41,0,125,6,590,18,41,424,286,220,590,424
46HORSHAM21,73,1,37,0,1,27,69,5,152,2,279,9,16,390,111,254,279,390
46HORSHAM22A(CONG7),156,2,151,3,2,66,111,4,168,3,680,5,36,509,309,354,680,509
46HORSHAM22B(CONG13),1,0,2,0,0,1,0,0,13,0,10,1,3,17,3,14,10,17
46HORSHAM23,76,0,36,1,0,28,78,1,85,3,296,4,6,287,112,193,296,287
46HORSHAM24,104,0,81,3,3,62,108,7,163,3,439,4,34,455,185,346,439,455
46HORSHAM31,120,2,148,0,3,47,34,1,109,4,496,10,38,354,270,194,496,354
46HORSHAM32,117,1,101,2,0,31,72,4,88,2,465,6,21,289,219,197,465,289
46HORSHAM33,148,2,88,2,2,58,116,5,152,2,531,3,21,427,238,335,531,427
46HORSHAM34,100,0,77,1,1,40,39,1,78,3,378,6,24,300,177,160,378,300
46HORSHAM35,83,1,87,1,3,42,33,2,79,2,327,13,22,279,171,160,327,279
46HORSHAM41,131,0,62,3,0,51,100,2,143,3,444,4,18,400,193,299,444,400
46HORSHAM42,83,1,45,3,1,38,66,0,96,2,356,2,23,288,129,204,356,288
46HORSHAM43,49,0,30,0,1,30,53,1,71,0,244,4,16,197,79,156,244,197
46HORSHAM44,135,0,92,1,3,32,32,0,68,2,520,10,23,254,227,136,520,254
46JENKINTOWN1,189,0,116,3,1,31,37,0,53,1,514,9,20,171,305,125,514,171
46JENKINTOWN2,247,1,106,0,1,21,35,0,21,2,537,7,11,110,354,78,537,110
46JENKINTOWN3,155,2,147,0,1,20,31,1,35,4,450,5,7,129,304,88,450,129
46JENKINTOWN4,154,3,184,0,1,20,52,2,49,2,551,8,16,153,341,124,551,153
46LANSDALE11,106,1,158,0,2,37,20,2,73,5,539,14,36,239,265,134,539,239
46LANSDALE12,96,3,143,0,4,41,44,3,62,1,602,13,35,312,242,154,602,312
46LANSDALE13,81,0,95,3,4,25,36,2,62,2,333,5,21,203,176,132,333,203
46LANSDALE21,94,1,113,0,1,39,36,3,74,5,439,11,24,240,208,153,439,240
46LANSDALE22,153,1,132,3,4,68,52,4,116,3,570,12,23,406,286,247,570,406
46LANSDALE23,153,1,117,1,1,45,50,4,87,3,527,13,15,324,271,188,527,324
46LANSDALE31,92,1,87,0,0,17,11,1,32,2,447,4,11,159,180,61,447,159
46LANSDALE32,111,0,128,1,0,43,30,3,117,3,545,15,25,348,239,194,545,348
46LANSDALE33,192,0,200,2,1,69,93,4,141,6,695,16,50,412,392,310,695,412
46LIMERICK1,207,2,181,1,3,109,130,8,295,7,838,11,46,959,390,546,838,959
46LIMERICK2,155,3,113,1,1,74,76,6,246,8,663,14,46,683,271,404,663,683
46LIMERICK3,224,2,192,3,3,114,129,4,335,9,884,15,60,1001,418,588,884,1001
46LIMERICK4,220,2,174,2,1,93,87,5,219,4,827,24,43,700,396,407,827,700
46LIMERICK5,143,0,132,0,8,129,115,7,312,3,648,10,37,945,275,571,648,945
46LIMERICK6,219,6,140,0,4,80,111,4,262,8,795,14,63,783,365,461,795,783
46LOWERFREDERICK1,120,0,134,2,2,79,48,3,148,3,518,12,37,437,254,282,518,437
46LOWERFREDERICK2,129,2,185,5,1,128,102,5,291,6,601,12,63,840,316,532,601,840
46LOWERGWYNEDD11,314,1,142,6,4,59,135,1,111,5,875,15,20,400,457,316,875,400
46LOWERGWYNEDD12,130,0,61,3,0,49,126,3,132,2,519,3,21,426,191,313,519,426
46LOWERGWYNEDD13,209,1,81,0,0,57,167,0,143,2,743,6,22,506,291,367,743,506
46LOWERGWYNEDD14,239,1,84,1,1,41,113,2,154,1,658,4,13,379,324,312,658,379
46LOWERGWYNEDD21,249,0,134,3,4,66,257,5,225,2,860,9,34,657,383,560,860,657
46LOWERGWYNEDD22,233,1,120,2,2,57,94,5,158,2,688,16,31,398,354,318,688,398
46LOWERMERION101,150,0,67,1,1,14,128,2,59,2,484,2,22,210,217,205,484,210
46LOWERMERION102,191,1,245,0,0,17,146,2,60,1,1061,6,25,189,437,225,1061,189
46LOWERMERION103,189,0,129,0,0,14,46,1,56,3,600,5,26,188,318,117,600,188
46LOWERMERION11,246,0,125,0,0,22,62,2,53,1,658,7,10,172,371,139,658,172
46LOWERMERION111,199,0,36,1,1,30,136,7,78,2,495,3,15,227,235,253,495,227
46LOWERMERION112,69,0,35,1,0,6,22,0,26,0,213,5,7,74,104,55,213,74
46LOWERMERION113,227,0,79,1,0,32,150,0,93,2,653,1,11,317,306,276,653,317
46LOWERMERION12,394,0,139,3,1,29,121,1,85,0,973,4,22,259,533,240,973,259
46LOWERMERION121,320,0,120,1,0,17,48,1,21,1,701,4,14,106,440,88,701,106
46LOWERMERION122,268,0,146,0,1,23,39,3,34,1,631,5,17,128,414,100,631,128
46LOWERMERION123,243,2,102,0,0,40,70,1,41,2,671,5,12,283,347,152,671,283
46LOWERMERION13,132,1,45,1,0,29,100,4,100,1,442,2,16,254,178,234,442,254
46LOWERMERION131,277,0,132,2,0,34,62,0,36,0,699,7,13,167,409,134,699,167
46LOWERMERION132,375,2,126,0,1,21,68,0,40,1,847,5,6,163,503,130,847,163
46LOWERMERION133,281,3,89,0,0,26,46,0,29,0,614,2,12,171,373,101,614,171
46LOWERMERION141,242,1,121,1,0,24,47,0,39,0,615,10,10,162,364,111,615,162
46LOWERMERION142,301,1,95,1,0,12,44,2,38,2,703,1,8,127,397,97,703,127
46LOWERMERION143,301,0,163,2,0,24,50,1,39,3,745,14,11,157,464,116,745,157
46LOWERMERION21,229,0,82,5,2,42,145,2,107,0,704,6,28,337,311,303,704,337
46LOWERMERION22A(CONG2),111,0,37,2,0,22,85,2,78,1,434,3,14,264,148,189,434,264
46LOWERMERION23,306,1,117,0,0,18,42,0,86,0,741,5,8,194,424,146,741,194
46LOWERMERION31,261,0,73,0,1,6,25,1,41,0,551,2,4,79,334,74,551,79
46LOWERMERION32,335,0,121,3,2,20,79,2,88,0,872,4,16,247,456,194,872,247
46LOWERMERION33,102,1,88,0,1,26,56,6,111,1,431,8,18,294,191,200,431,294
46LOWERMERION41,176,0,132,0,2,9,16,2,16,0,565,3,14,59,308,45,565,59
46LOWERMERION42,242,0,217,1,0,19,34,0,25,2,837,4,16,117,459,79,837,117
46LOWERMERION43,182,0,131,0,0,15,58,1,56,1,609,8,23,171,313,130,609,171
46LOWERMERION51,230,0,62,1,1,11,53,0,47,0,503,8,11,107,292,113,503,107
46LOWERMERION52,267,1,125,2,0,10,63,0,51,0,692,7,18,139,393,126,692,139
46LOWERMERION53,321,0,132,1,1,24,103,1,96,1,894,7,34,267,453,226,894,267
46LOWERMERION61,165,0,78,2,1,19,101,0,84,0,524,7,24,237,243,207,524,237
46LOWERMERION62,177,1,69,2,0,35,126,3,81,1,586,5,29,267,247,247,586,267
46LOWERMERION63,207,0,48,0,0,17,100,0,81,2,598,2,20,270,255,198,598,270
46LOWERMERION71,331,0,115,1,0,13,43,2,41,1,757,4,4,166,446,100,757,166
46LOWERMERION72,261,0,162,2,0,15,50,1,51,0,681,5,20,139,423,119,681,139
46LOWERMERION73,284,0,102,1,1,18,49,1,54,2,693,3,12,170,386,124,693,170
46LOWERMERION81,185,1,76,0,0,17,34,0,32,0,418,1,17,97,262,83,418,97
46LOWERMERION82,153,0,96,1,0,18,51,1,51,4,466,3,18,142,249,122,466,142
46LOWERMERION83,307,0,100,1,0,21,60,0,43,0,681,6,14,128,407,125,681,128
46LOWERMERION84,193,2,152,1,0,24,51,0,34,1,616,7,13,134,347,110,616,134
46LOWERMERION91,234,1,159,0,1,43,33,2,26,2,632,7,15,162,394,105,632,162
46LOWERMERION92,375,2,141,0,0,11,57,1,41,1,822,3,9,147,518,110,822,147
46LOWERMERION93,345,3,112,1,0,14,69,3,66,0,794,6,10,153,460,153,794,153
46LOWERMORELAND1,228,0,128,0,2,39,113,1,192,7,638,9,32,551,356,347,638,551
46LOWERMORELAND2,135,1,107,2,0,52,123,5,174,4,487,7,37,547,243,356,487,547
46LOWERMORELAND3,182,0,143,1,1,77,102,3,184,3,701,8,43,653,325,368,701,653
46LOWERMORELAND41,79,3,64,0,2,36,58,0,129,2,278,6,12,361,146,225,278,361
46LOWERMORELAND42,136,1,62,1,1,51,69,0,121,0,376,4,9,408,199,243,376,408
46LOWERMORELAND5,181,0,126,2,0,84,93,2,194,2,620,13,30,611,307,375,620,611
46LOWERMORELAND6,234,1,114,1,1,30,68,2,161,1,673,5,17,430,349,263,673,430
46LOWERPOTTSGROVE1,133,0,113,2,5,52,76,4,213,0,412,14,35,572,246,352,412,572
46LOWERPOTTSGROVE2,238,0,211,4,6,158,100,8,302,4,914,18,42,947,449,578,914,947
46LOWERPOTTSGROVE3,141,1,147,0,2,66,93,3,195,8,585,14,41,632,289,359,585,632
46LOWERPOTTSGROVE4,200,2,147,3,2,69,65,4,217,12,723,9,43,641,349,360,723,641
46LOWERPROVIDENCE11,220,1,161,1,5,108,121,8,242,4,908,12,54,707,382,485,908,707
46LOWERPROVIDENCE12,192,1,148,5,1,77,144,3,258,3,784,21,30,694,341,488,784,694
46LOWERPROVIDENCE21,127,1,120,1,2,62,76,3,130,2,499,7,38,397,248,274,499,397
46LOWERPROVIDENCE22,159,1,146,2,4,55,95,2,169,3,639,15,37,512,306,327,639,512
46LOWERPROVIDENCE23,184,0,124,1,1,69,111,3,225,1,708,16,41,683,308,410,708,683
46LOWERPROVIDENCE24,120,1,138,3,3,38,72,2,158,5,564,10,23,453,259,276,564,453
46LOWERPROVIDENCE31,100,2,75,1,3,31,45,3,96,5,395,4,22,227,177,179,395,227
46LOWERPROVIDENCE32,118,3,101,1,0,51,87,4,154,3,443,8,32,411,222,297,443,411
46LOWERPROVIDENCE33,263,0,184,1,4,92,221,3,263,5,1037,19,63,772,447,584,1037,772
46LOWERPROVIDENCE34,245,1,82,6,3,85,211,10,205,3,695,7,17,593,328,520,695,593
46LOWERSALFORD1,132,1,120,1,2,139,120,3,231,7,664,7,46,771,253,496,664,771
46LOWERSALFORD2,122,0,115,5,3,94,92,2,164,5,516,14,40,553,237,360,516,553
46LOWERSALFORD3,149,0,139,2,2,111,114,4,172,2,660,19,45,637,288,405,660,637
46LOWERSALFORD4,149,2,126,2,3,110,110,7,167,1,550,7,37,604,277,399,550,604
46LOWERSALFORD5,178,0,104,7,7,152,136,4,328,1,755,7,44,941,282,634,755,941
46LOWERSALFORD6,205,1,120,3,3,107,113,5,227,7,743,11,41,702,326,458,743,702
46MARLBOROUGH,160,1,197,2,9,138,86,3,386,8,668,11,52,1136,358,624,668,1136
46MONTGOMERY1,112,1,113,1,1,70,77,1,160,5,527,9,27,442,226,310,527,442
46MONTGOMERY2,209,0,141,4,1,71,106,4,182,2,813,12,46,615,350,368,813,615
46MONTGOMERY3,328,2,202,2,5,87,124,6,261,3,1335,10,32,873,532,485,1335,873
46MONTGOMERY4,190,4,80,1,3,57,75,3,203,5,492,0,13,482,274,342,492,482
46MONTGOMERY5,170,0,144,0,3,84,121,4,134,7,811,8,35,547,314,346,811,547
46MONTGOMERY6,204,0,161,1,4,79,157,6,168,8,832,7,48,638,365,415,832,638
46MONTGOMERY7,391,1,186,4,1,101,235,5,317,6,1469,17,55,1074,578,663,1469,1074
46MONTGOMERY8,445,3,258,3,0,111,172,5,266,7,1554,12,49,913,706,557,1554,913
46NARBERTH1,174,2,157,2,1,13,44,3,48,0,631,6,18,133,333,111,631,133
46NARBERTH2,375,1,272,1,1,34,92,1,80,1,1091,13,24,250,648,209,1091,250
46NARBERTH3,175,0,133,1,0,14,37,0,25,1,469,2,15,65,308,77,469,65
46NEWHANOVER1,86,0,109,0,3,107,90,4,237,4,360,14,25,724,195,441,360,724
46NEWHANOVER2,264,3,255,2,4,183,156,5,459,14,1114,18,77,1526,522,809,1114,1526
46NEWHANOVER3,205,2,183,3,4,107,123,1,334,8,858,20,58,1123,390,572,858,1123
46NORRISTOWN11,162,0,132,1,0,14,6,0,40,3,588,7,10,136,294,61,588,136
46NORRISTOWN12,142,1,153,1,1,27,21,1,52,1,628,15,18,187,296,103,628,187
46NORRISTOWN13,156,0,131,0,0,22,15,1,79,0,599,10,17,222,287,117,599,222
46NORRISTOWN21,162,1,114,0,0,12,14,0,33,0,693,14,12,109,277,59,693,109
46NORRISTOWN22,94,0,63,0,0,10,3,0,17,0,484,6,5,55,157,30,484,55
46NORRISTOWN23,138,0,74,0,0,2,0,0,11,0,671,2,3,55,212,13,671,55
46NORRISTOWN31,270,4,199,1,3,44,31,1,70,5,983,11,33,260,473,150,983,260
46NORRISTOWN32,195,0,86,1,1,8,6,1,7,1,767,2,4,37,281,24,767,37
46NORRISTOWN33,267,2,150,0,1,34,30,1,51,3,858,7,10,206,419,117,858,206
46NORRISTOWN41,151,1,137,1,1,18,14,2,44,2,797,13,19,184,289,80,797,184
46NORRISTOWN42,312,0,150,1,1,19,24,0,61,2,931,6,18,163,462,106,931,163
46NORRISTOWN43,239,2,175,1,3,35,32,1,95,4,827,15,21,277,416,167,827,277
46NORTHWALES1,96,0,95,2,1,27,28,0,60,2,323,8,18,192,191,118,323,192
46NORTHWALES2,72,0,99,1,1,42,34,5,61,1,336,9,18,190,171,144,336,190
46NORTHWALES3,93,3,118,2,1,26,53,1,62,4,387,12,16,256,214,145,387,256
46PENNSBURG,136,1,160,3,3,99,52,5,206,6,625,21,63,739,297,368,625,739
46PERKIOMEN1A(CONG6),271,6,214,1,4,130,173,3,292,6,1119,11,72,929,491,603,1119,929
46PERKIOMEN1B(CONG7),1,0,4,0,0,2,1,0,6,0,4,4,2,12,5,9,4,12
46PERKIOMEN2,243,0,245,7,4,119,140,5,300,3,1036,18,67,994,488,575,1036,994
46PLYMOUTH11,161,0,117,2,1,47,60,4,162,2,576,6,24,443,278,276,576,443
46PLYMOUTH12,203,1,142,1,1,44,50,2,136,1,753,8,30,418,346,234,753,418
46PLYMOUTH21,114,0,65,2,1,28,60,1,112,1,309,5,14,263,179,204,309,263
46PLYMOUTH22,122,0,81,0,3,34,49,5,118,1,438,4,23,370,203,209,438,370
46PLYMOUTH23A(CONG7),99,2,76,0,0,42,43,1,111,3,350,6,12,333,177,197,350,333
46PLYMOUTH23B(CONG13),50,0,29,0,0,8,8,0,29,0,156,1,1,84,79,45,156,84
46PLYMOUTH31,188,2,137,0,1,54,107,7,169,3,634,8,16,466,327,338,634,466
46PLYMOUTH32,206,2,122,1,1,26,46,0,78,0,623,8,17,247,330,152,623,247
46PLYMOUTH33,187,1,99,0,1,21,37,4,53,1,548,2,7,210,287,116,548,210
46PLYMOUTH41,140,0,93,0,2,32,49,3,82,4,408,5,15,295,233,168,408,295
46PLYMOUTH42,186,0,170,0,2,55,91,6,173,2,803,12,39,504,356,327,803,504
46POTTSTOWN11,68,0,99,1,2,13,8,0,20,3,412,14,15,108,167,44,412,108
46POTTSTOWN12,58,0,57,0,1,9,2,0,18,2,349,7,8,83,115,30,349,83
46POTTSTOWN21,73,2,88,0,3,18,8,1,35,0,359,12,20,163,163,65,359,163
46POTTSTOWN22,98,0,68,0,0,26,13,0,52,3,403,9,15,200,166,91,403,200
46POTTSTOWN3,156,2,181,1,4,61,30,4,145,3,719,18,37,573,339,245,719,573
46POTTSTOWN4,147,3,147,2,1,49,47,1,156,1,628,5,39,573,297,256,628,573
46POTTSTOWN5,155,3,169,4,5,52,34,3,119,8,625,12,35,492,327,217,625,492
46POTTSTOWN6,139,4,195,2,3,52,43,3,141,4,724,17,54,526,338,244,724,526
46POTTSTOWN71,159,0,105,0,1,13,14,2,27,4,637,5,14,168,264,57,637,168
46POTTSTOWN72,71,0,77,2,5,32,35,2,126,1,304,7,24,359,148,202,304,359
46REDHILL,129,3,156,2,1,89,51,5,179,13,501,10,39,639,288,327,501,639
46ROCKLEDGE,161,2,206,4,3,73,114,8,245,7,686,13,42,646,369,447,686,646
46ROYERSFORD1,108,2,142,0,3,49,42,4,139,1,467,12,33,463,252,237,467,463
46ROYERSFORD2,151,2,191,1,4,55,52,3,129,4,666,11,57,490,344,244,666,490
46SALFORD,142,1,118,6,6,177,101,5,341,6,582,10,55,1019,261,636,582,1019
46SCHWENKSVILLE,59,0,86,1,2,34,27,5,79,4,264,10,22,266,145,148,264,266
46SKIPPACK1,247,0,206,5,5,114,147,6,323,5,1077,22,46,961,453,600,1077,961
46SKIPPACK2,236,1,151,2,6,126,156,3,306,9,941,19,71,1002,388,599,941,1002
46SKIPPACK3,243,2,146,4,2,104,232,3,380,2,898,17,67,1085,391,725,898,1085
46SOUDERTON1,102,0,150,2,6,129,94,2,142,6,527,18,59,589,252,375,527,589
46SOUDERTON2,85,1,96,1,2,89,63,1,104,8,429,22,36,515,182,260,429,515
46SOUDERTON3,60,1,104,0,3,96,59,4,107,2,398,9,54,425,165,269,398,425
46SPRINGFIELD11,214,3,97,1,0,25,41,3,75,6,600,7,18,220,314,145,600,220
46SPRINGFIELD12,207,2,166,2,1,54,96,3,145,4,751,10,40,435,375,301,751,435
46SPRINGFIELD21,290,1,150,3,2,13,41,1,50,2,631,1,15,130,441,110,631,130
46SPRINGFIELD22,240,1,162,0,2,21,27,1,37,2,601,9,14,105,403,88,601,105
46SPRINGFIELD23,116,1,51,1,0,7,50,0,26,0,326,3,16,76,168,84,326,76
46SPRINGFIELD31,155,1,150,2,1,37,104,3,114,2,587,11,31,329,306,261,587,329
46SPRINGFIELD32,147,0,154,0,2,51,91,3,103,4,661,4,29,336,301,250,661,336
46SPRINGFIELD41,160,2,109,2,1,17,44,0,69,2,456,4,6,181,271,133,456,181
46SPRINGFIELD42,238,0,134,1,3,28,113,0,79,0,704,8,23,259,372,224,704,259
46SPRINGFIELD51,282,0,218,0,0,36,52,2,64,4,857,13,28,223,500,154,857,223
46SPRINGFIELD52,127,0,82,1,0,14,78,0,43,0,372,6,16,113,209,136,372,113
46SPRINGFIELD61,110,2,82,2,4,41,80,4,87,2,383,3,21,275,194,218,383,275
46SPRINGFIELD62,134,1,99,0,1,31,90,0,101,2,463,4,24,301,234,223,463,301
46SPRINGFIELD71,245,1,91,1,1,12,32,1,28,1,538,1,2,85,337,75,538,85
46SPRINGFIELD72,154,0,105,0,0,47,102,1,84,1,500,7,26,318,259,234,500,318
46TELFORD,95,5,139,3,5,110,85,5,172,8,507,17,42,600,239,380,507,600
46TOWAMENCIN11,161,5,152,4,5,83,70,3,159,4,684,14,33,491,318,324,684,491
46TOWAMENCIN12,106,1,100,2,2,54,80,4,118,3,445,10,25,357,207,260,445,357
46TOWAMENCIN13,156,2,107,2,15,70,142,2,188,4,620,8,43,556,265,419,620,556
46TOWAMENCIN21,152,0,110,4,1,83,105,4,155,7,568,11,24,536,262,352,568,536
46TOWAMENCIN22,140,1,121,1,1,67,97,4,168,4,581,8,31,487,262,338,581,487
46TOWAMENCIN23,142,0,101,1,0,76,126,1,232,5,512,3,35,581,243,436,512,581
46TOWAMENCIN31,198,0,91,6,3,116,183,8,204,3,772,7,29,679,289,520,772,679
46TOWAMENCIN32,141,2,106,1,3,54,62,3,129,3,508,7,18,365,249,252,508,365
46TOWAMENCIN33,187,2,125,2,0,64,73,5,127,0,663,2,47,448,314,271,663,448
46TRAPPE,226,2,174,4,2,126,152,4,313,8,939,19,50,921,402,601,939,921
46UPPERDUBLIN11,158,1,89,2,0,36,68,1,63,0,457,3,12,215,248,170,457,215
46UPPERDUBLIN12,151,0,85,1,5,46,76,1,90,3,499,3,16,234,236,219,499,234
46UPPERDUBLIN13,139,2,123,3,5,38,57,2,95,1,495,12,31,259,264,200,495,259
46UPPERDUBLIN21,125,2,112,1,3,50,86,1,85,4,463,3,26,291,239,226,463,291
46UPPERDUBLIN22,116,0,91,1,1,31,83,2,76,0,378,6,14,215,207,194,378,215
46UPPERDUBLIN23,319,1,121,0,0,33,80,3,87,0,702,6,14,271,441,203,702,271
46UPPERDUBLIN31,317,0,129,3,1,52,118,6,109,2,867,7,19,335,446,289,867,335
46UPPERDUBLIN32,163,0,99,3,5,75,96,6,98,4,507,4,24,344,262,283,507,344
46UPPERDUBLIN41,125,2,69,0,0,40,74,2,77,1,346,2,15,242,196,193,346,242
46UPPERDUBLIN42,243,0,139,1,0,32,68,2,61,1,698,8,16,192,382,164,698,192
46UPPERDUBLIN43,174,2,84,2,1,29,96,1,93,1,512,6,10,250,260,222,512,250
46UPPERDUBLIN51,216,1,74,1,0,26,58,2,53,2,496,5,12,182,291,140,496,182
46UPPERDUBLIN52,224,1,138,2,1,50,63,3,80,4,616,14,16,268,363,199,616,268
46UPPERDUBLIN53,272,3,141,1,1,40,58,3,67,2,660,3,23,220,416,170,660,220
46UPPERDUBLIN61,349,1,136,0,1,50,139,6,126,3,989,9,20,401,486,322,989,401
46UPPERDUBLIN62,163,0,93,2,0,52,95,2,109,4,519,7,21,334,256,260,519,334
46UPPERDUBLIN71,158,0,70,0,0,44,78,1,116,1,484,6,14,313,228,239,484,313
46UPPERDUBLIN72,169,4,64,7,2,53,112,2,98,1,483,4,15,311,237,274,483,311
46UPPERDUBLIN73,158,0,93,1,0,18,53,4,44,1,482,1,13,168,251,120,482,168
46UPPERFREDERICK,181,0,158,0,2,162,88,8,297,3,720,14,54,997,339,557,720,997
46UPPERGWYNEDD1,122,0,88,4,0,59,148,0,144,0,457,2,27,430,210,355,457,430
46UPPERGWYNEDD2,139,1,106,3,2,64,90,3,131,2,503,8,30,432,246,293,503,432
46UPPERGWYNEDD3,207,0,123,2,3,45,72,4,128,3,718,16,34,424,330,254,718,424
46UPPERGWYNEDD4,284,3,173,8,7,129,198,4,202,8,1041,17,49,704,460,548,1041,704
46UPPERGWYNEDD5,146,0,90,1,0,65,91,4,157,1,480,4,28,446,236,318,480,446
46UPPERGWYNEDD6,186,0,137,2,3,62,104,2,144,5,836,4,51,464,323,317,836,464
46UPPERGWYNEDD7,356,0,146,2,0,76,189,4,278,5,1009,16,48,749,502,549,1009,749
46UPPERHANOVER1,181,1,179,1,3,123,139,1,395,5,810,18,66,1199,361,662,810,1199
46UPPERHANOVER2,79,0,58,0,2,64,72,1,162,3,290,3,22,468,137,301,290,468
46UPPERHANOVER3,72,3,95,3,5,98,43,3,181,0,308,9,14,590,170,333,308,590
46UPPERMERIONBELMONT1,87,0,87,2,1,57,45,0,100,2,377,8,6,259,174,205,377,259
46UPPERMERIONBELMONT2,234,0,170,2,7,71,121,2,193,4,827,14,44,541,404,396,827,541
46UPPERMERIONBELMONT3,132,1,108,0,4,36,34,1,93,3,494,13,15,305,241,168,494,305
46UPPERMERIONBELMONT4,253,2,143,4,2,61,115,8,187,4,901,9,22,526,398,377,901,526
46UPPERMERIONBELMONT5,239,0,120,0,1,23,46,3,107,1,617,6,15,273,359,180,617,273
46UPPERMERIONCANDLEBROOK1,137,1,82,1,1,36,46,1,80,0,498,8,12,257,220,165,498,257
46UPPERMERIONCANDLEBROOK2,221,0,160,0,4,50,87,2,191,4,804,13,28,503,381,334,804,503
46UPPERMERIONGULPH027THCONGRESSIONAL,289,0,159,1,0,59,154,1,167,1,962,11,25,526,448,382,962,526
46UPPERMERIONGULPH1,269,2,186,4,2,59,85,1,161,3,959,12,51,525,457,312,959,525
46UPPERMERIONKING1,65,1,64,0,0,26,23,2,71,2,311,6,12,180,130,122,311,180
46UPPERMERIONKING2,121,1,124,1,2,30,53,2,73,2,575,12,16,248,246,161,575,248
46UPPERMERIONROBERTS,319,2,141,2,2,95,187,7,224,1,996,13,37,634,462,517,996,634
46UPPERMERIONSWEDELAND,59,1,56,0,0,8,25,1,37,1,236,2,15,137,116,71,236,137
46UPPERMERIONSWEDESBURG,44,2,43,1,1,21,17,0,68,2,208,5,7,184,89,108,208,184
46UPPERMORELAND11,130,0,164,1,4,66,71,4,123,5,591,22,30,387,294,269,591,387
46UPPERMORELAND12,121,0,116,2,1,65,74,1,116,6,499,7,23,349,237,259,499,349
46UPPERMORELAND21,103,0,97,0,2,42,36,0,85,4,501,11,31,322,200,165,501,322
46UPPERMORELAND22,86,1,99,1,2,25,38,6,87,8,415,7,19,307,186,159,415,307
46UPPERMORELAND31,171,1,127,0,1,59,47,1,105,3,617,8,43,357,299,213,617,357
46UPPERMORELAND32,131,0,54,2,0,20,33,4,51,0,391,3,11,172,185,110,391,172
46UPPERMORELAND41,128,0,109,3,2,44,41,2,96,4,503,10,32,324,237,188,503,324
46UPPERMORELAND42,137,0,137,7,2,57,61,4,84,6,575,14,30,301,274,215,575,301
46UPPERMORELAND51,87,2,113,2,1,39,44,3,104,1,352,6,24,329,202,193,352,329
46UPPERMORELAND52,162,1,129,3,3,86,102,4,222,2,581,10,25,591,292,420,581,591
46UPPERMORELAND61,138,0,123,0,1,53,98,5,108,2,499,10,38,382,261,265,499,382
46UPPERMORELAND62,144,1,97,1,6,77,117,3,188,1,509,7,26,477,242,392,509,477
46UPPERMORELAND71,129,3,98,2,3,65,62,2,171,3,464,8,29,456,230,305,464,456
46UPPERMORELAND72,118,3,113,3,2,61,89,3,166,2,476,11,24,521,234,324,476,521
46UPPERPOTTSGROVE,281,5,289,4,8,145,110,5,419,14,1272,21,90,1400,575,691,1272,1400
46UPPERPROVIDENCEMINGO1,203,1,173,10,1,100,117,3,241,14,829,8,46,701,377,472,829,701
46UPPERPROVIDENCEMINGO2,287,1,206,4,3,109,136,7,324,7,1125,16,65,1044,494,583,1125,1044
46UPPERPROVIDENCEMONTCLARE,253,1,193,4,2,96,135,3,298,4,1092,26,59,849,447,538,1092,849
46UPPERPROVIDENCEOAKS,399,2,253,3,5,151,251,5,385,8,1549,15,80,1208,654,800,1549,1208
46UPPERPROVIDENCETRAPPE,311,1,226,3,3,159,211,4,371,3,1338,22,77,1332,538,751,1338,1332
46UPPERSALFORD,139,2,170,6,9,190,151,4,386,11,695,17,45,1038,311,746,695,1038
46WESTCONSHOHOCKEN,108,2,105,0,1,20,67,3,83,1,472,7,37,304,215,174,472,304
46WESTNORRITON11,181,0,133,1,3,82,90,6,251,5,747,21,39,692,314,433,747,692
46WESTNORRITON12,109,0,75,3,0,48,58,2,122,4,406,8,21,320,184,233,406,320
46WESTNORRITON21,126,0,146,1,6,59,55,3,134,3,562,13,26,408,272,258,562,408
46WESTNORRITON22,113,1,98,0,1,42,29,2,107,1,414,6,19,286,212,181,414,286
46WESTNORRITON31,238,2,147,2,2,62,77,1,159,4,933,11,36,569,387,303,933,569
46WESTNORRITON32,132,0,88,1,3,50,60,4,128,3,518,4,18,367,220,246,518,367
46WESTNORRITON41,177,1,120,3,6,58,79,3,156,3,582,13,13,463,298,305,582,463
46WESTNORRITON42,185,1,161,0,2,29,43,1,81,5,699,20,33,287,347,156,699,287
46WESTPOTTSGROVE,152,3,175,1,3,55,48,5,215,9,669,13,54,769,330,327,669,769
46WHITEMARSHEAST1,158,0,78,2,1,67,110,7,98,1,516,9,19,347,236,285,516,347
46WHITEMARSHEAST2,166,0,79,4,2,55,137,2,151,4,566,7,29,498,245,351,566,498
46WHITEMARSHMIDDLE1,230,2,146,0,2,55,84,2,135,2,745,4,23,407,378,278,745,407
46WHITEMARSHMIDDLE2,106,0,65,0,1,31,58,1,93,0,324,7,15,246,171,184,324,246
46WHITEMARSHMIDDLE3,307,3,168,1,1,59,104,4,138,4,855,13,39,477,478,307,855,477
46WHITEMARSHMIDDLE4,297,2,136,5,2,49,137,3,112,6,826,7,26,419,435,308,826,419
46WHITEMARSHMIDDLE5,161,0,78,2,0,38,79,1,120,3,423,2,15,312,239,240,423,312
46WHITEMARSHWEST1,161,0,155,0,1,36,65,1,104,2,702,8,37,380,316,207,702,380
46WHITEMARSHWEST2,386,1,182,0,0,39,117,2,110,3,1098,9,31,393,569,268,1098,393
46WHITEMARSHWEST3,334,1,156,4,1,65,121,4,133,0,905,8,24,368,491,328,905,368
46WHITPAIN0192,372,3,113,1,2,58,199,2,243,3,1158,8,26,684,488,505,1158,684
46WHITPAIN0292,208,2,77,1,1,63,113,2,121,2,562,8,24,403,287,301,562,403
46WHITPAIN0392,147,0,70,2,1,31,117,1,92,2,479,1,31,275,217,244,479,275
46WHITPAIN0492,182,0,94,2,0,43,80,2,83,1,528,9,19,277,276,210,528,277
46WHITPAIN0592,205,0,59,1,2,27,118,2,106,3,531,2,13,329,264,256,531,329
46WHITPAIN0692,150,0,87,3,1,45,118,0,113,0,537,6,31,356,237,280,537,356
46WHITPAIN10,190,2,120,2,0,38,84,2,137,6,633,8,16,329,312,263,633,329
46WHITPAIN11,180,0,95,1,1,41,92,4,120,4,620,9,31,392,275,259,620,392
46WHITPAIN12,135,2,37,2,2,56,146,5,114,2,415,1,11,340,174,325,415,340
46WHITPAIN7,142,4,74,2,0,51,96,3,111,0,472,8,18,335,220,263,472,335
46WHITPAIN8,104,0,82,2,3,43,64,4,98,4,385,3,20,278,186,214,385,278
46WHITPAIN9,141,1,102,0,1,30,64,0,105,2,633,16,20,308,244,200,633,308
46WORCESTEREAST1,171,1,113,1,1,85,143,4,214,5,725,16,43,610,285,448,725,610
46WORCESTEREAST2,191,3,138,2,4,82,180,4,329,3,832,11,36,866,332,601,832,866
46WORCESTEREAST3,92,1,75,7,5,80,159,3,205,2,434,7,23,626,168,459,434,626
46WORCESTERWEST,210,0,138,0,1,107,145,4,294,7,807,17,51,826,348,551,807,826
47ANTHONY,53,2,48,1,4,55,21,1,155,0,130,1,15,485,103,237,130,485
47COOPER,43,1,44,1,2,46,26,1,115,3,144,7,9,304,88,191,144,304
47DANVILLE1,58,1,76,0,4,22,19,2,81,2,232,11,21,236,135,128,232,236
47DANVILLE2,54,3,65,1,1,20,15,0,86,0,182,6,40,301,122,123,182,301
47DANVILLE3,53,4,54,0,4,22,13,0,51,3,179,4,6,179,111,90,179,179
47DANVILLE4,45,2,59,0,1,31,28,4,57,8,201,3,20,253,106,121,201,253
47DERRY,37,0,49,1,1,21,8,0,105,1,82,2,12,283,86,136,82,283
47LIBERTY,66,5,73,1,1,48,46,1,240,9,195,9,20,647,144,337,195,647
47LIMESTONE,24,0,33,1,0,76,32,0,119,1,73,3,15,364,57,228,73,364
47MAHONING1,163,3,135,4,8,98,152,7,199,7,654,6,42,734,301,468,654,734
47MAHONING2,102,8,91,4,3,43,51,0,133,4,321,6,19,393,201,234,321,393
47MAYBERRY,10,0,11,0,2,10,9,1,37,3,41,1,10,103,21,59,41,103
47VALLEY,104,2,117,1,3,107,65,5,287,6,328,11,47,771,223,468,328,771
47WASHINGTONVILLE,17,0,6,0,2,1,3,0,11,1,26,1,2,38,23,17,26,38
47WESTHEMLOCK,17,1,29,0,1,17,24,2,69,3,69,2,9,197,47,113,69,197
48ALLEN,346,9,286,1,3,149,100,6,482,5,966,25,71,1610,641,741,966,1610
48BANGOR1,50,1,69,1,1,21,13,1,66,1,193,3,12,275,120,103,193,275
48BANGOR2,37,2,76,2,0,20,17,0,64,6,165,11,17,279,115,103,165,279
48BANGOR3,51,1,71,0,0,20,23,1,90,0,176,12,25,323,123,134,176,323
48BANGOR4,69,3,61,0,0,21,7,1,70,2,285,10,7,321,133,99,285,321
48BATH,125,2,107,2,2,58,24,5,185,5,425,13,46,598,234,276,425,598
48BETHLEHEM11,268,1,186,4,2,99,63,2,167,6,934,15,38,705,455,337,934,705
48BETHLEHEM12,252,4,257,2,1,95,53,3,208,10,1311,30,45,847,513,362,1311,847
48BETHLEHEM13,63,1,43,0,2,27,12,1,82,1,179,6,13,283,107,124,179,283
48BETHLEHEM141,163,3,182,0,2,56,53,2,108,2,555,12,36,504,348,221,555,504
48BETHLEHEM142,273,7,151,2,2,92,86,6,179,4,755,13,39,634,431,367,755,634
48BETHLEHEM143,181,5,212,3,2,48,55,1,130,4,587,11,32,423,398,239,587,423
48BETHLEHEM144,159,3,116,0,0,41,26,1,92,1,518,4,5,412,278,160,518,412
48BETHLEHEM145,185,2,197,0,1,39,26,3,125,0,734,17,47,477,384,194,734,477
48BETHLEHEM146,202,2,199,0,2,52,38,1,150,4,830,14,45,562,403,243,830,562
48BETHLEHEM147,201,3,153,0,0,50,73,2,137,1,571,13,35,453,357,262,571,453
48BETHLEHEM148,141,1,138,1,1,31,28,0,69,2,532,11,20,398,280,130,532,398
48BETHLEHEM151,160,4,141,0,1,38,30,0,96,2,421,16,16,359,305,165,421,359
48BETHLEHEM152,243,5,222,2,2,62,40,3,94,2,781,13,18,485,470,203,781,485
48BETHLEHEM153,203,2,141,0,1,18,15,0,48,4,1160,5,21,360,346,82,1160,360
48BETHLEHEM16,152,0,107,0,0,30,20,0,87,0,695,11,28,329,259,137,695,329
48BETHLEHEM17A(CONG15),10,0,8,0,0,0,0,0,3,0,35,1,1,10,18,3,35,10
48BETHLEHEM17B(CONG17),64,1,54,1,0,3,1,1,8,0,331,4,5,48,119,14,331,48
48BETHLEHEM2,47,0,117,1,0,12,15,0,13,6,527,13,22,158,164,41,527,158
48BETHLEHEM21,155,6,132,1,0,41,26,2,121,8,547,15,36,481,293,191,547,481
48BETHLEHEM22,136,7,124,1,0,31,22,0,94,5,419,10,26,488,267,148,419,488
48BETHLEHEM23,91,0,80,0,0,24,28,0,52,2,281,6,9,6,171,104,281,6
48BETHLEHEM3,98,1,135,0,1,7,30,1,18,1,1108,10,41,217,234,57,1108,217
48BETHLEHEM31,160,2,130,2,2,51,31,3,124,3,514,6,20,462,292,213,514,462
48BETHLEHEM32,92,2,103,0,1,37,44,0,110,1,420,7,18,417,197,192,420,417
48BETHLEHEM33,67,1,58,0,0,13,16,1,49,3,165,6,8,222,126,79,165,222
48BETHLEHEM34,113,1,95,1,1,44,33,0,147,4,459,11,13,498,209,226,459,498
48BETHLEHEM4,89,2,106,1,0,6,1,1,19,4,514,11,9,109,197,28,514,109
48BETHLEHEM41,199,1,133,0,0,74,94,1,239,3,774,11,37,908,333,408,774,908
48BETHLEHEM5,130,2,123,1,0,13,6,1,16,1,767,7,7,124,255,37,767,124
48BETHLEHEM6,120,2,109,0,1,22,39,1,44,0,395,6,13,171,231,107,395,171
48BETHLEHEM7,150,4,177,0,0,20,22,4,53,1,634,18,32,258,331,99,634,258
48BETHLEHEM8,116,4,168,0,2,26,18,2,64,3,538,19,30,280,288,112,538,280
48BETHLEHEM91,68,0,81,1,2,17,5,0,17,1,427,4,8,128,149,42,427,128
48BETHLEHEM92,81,2,96,0,0,13,14,1,38,7,337,4,28,135,179,66,337,135
48BETHLEHEM93,143,4,190,2,2,27,25,2,72,5,600,16,27,327,337,130,600,327
48BETHLEHEMTWP42,122,4,104,3,1,64,67,0,216,5,528,8,24,704,230,351,528,704
48BETHLEHEMTWP43,106,0,107,0,1,38,33,1,107,1,424,7,35,416,213,180,424,416
48BUSHKILLCENTRE,185,3,173,0,2,139,93,0,359,6,645,10,49,1249,361,593,645,1249
48BUSHKILLCHERRYHILL,155,5,161,3,5,94,65,2,273,2,511,10,43,917,321,442,511,917
48BUSHKILLCLEARFIELD,97,4,76,2,0,81,25,2,165,4,286,6,25,613,177,275,286,613
48CHAPMAN,5,1,16,0,0,8,4,0,17,3,26,1,7,60,22,29,26,60
48EASTALLENEAST,131,1,114,1,2,80,32,2,249,5,385,10,36,779,246,366,385,779
48EASTALLENWEST,173,1,127,2,1,81,65,4,224,4,491,1,50,821,301,377,491,821
48EASTBANGOR,38,0,55,2,0,26,10,2,61,4,137,6,15,290,93,101,137,290
48EASTON10EAST,47,0,47,0,2,13,4,1,25,4,229,2,4,97,94,45,229,97
48EASTON10WEST,96,1,80,0,0,22,6,0,41,0,377,7,20,191,177,69,377,191
48EASTON11,126,4,82,1,2,18,5,0,34,3,422,8,17,191,212,60,422,191
48EASTON12,55,1,47,1,0,9,2,0,18,4,251,4,12,128,103,30,251,128
48EASTON2,62,2,95,2,0,14,10,0,17,3,368,6,20,127,159,43,368,127
48EASTON32,173,1,206,1,2,16,53,1,96,1,628,11,29,274,380,169,628,274
48EASTON33,62,4,119,1,1,12,17,1,19,1,732,5,34,185,185,51,732,185
48EASTON34,103,1,135,2,3,22,32,2,37,2,421,14,17,171,239,98,421,171
48EASTON4,81,2,106,0,2,31,11,2,49,4,431,14,18,235,189,95,431,235
48EASTON5,56,0,61,0,0,3,4,0,14,2,219,1,4,58,117,21,219,58
48EASTON6,63,1,81,0,0,8,2,1,22,0,349,11,7,116,145,33,349,116
48EASTON7,88,1,46,1,1,3,4,1,18,1,405,3,16,125,135,28,405,125
48EASTON8EAST,70,0,62,4,0,15,3,0,30,1,332,9,12,148,132,52,332,148
48EASTON8WEST,84,1,70,0,0,22,8,0,35,0,393,9,11,238,155,65,393,238
48EASTON9,209,1,163,1,0,35,10,1,62,6,869,13,22,340,373,109,869,340
48FORKSEASTERN1,235,2,151,3,3,97,91,3,338,3,871,12,55,1218,388,535,871,1218
48FORKSEASTERN2,275,4,248,2,4,124,117,2,300,8,1099,18,71,1189,527,549,1099,1189
48FORKSWESTERN1,204,0,168,1,3,70,54,1,192,4,795,15,38,730,372,321,795,730
48FORKSWESTERN2,248,3,167,1,3,92,94,4,222,3,1002,16,55,1016,418,416,1002,1016
48FREEMANSBURG,143,0,138,0,2,30,13,0,93,3,626,15,32,366,281,138,626,366
48GLENDON,25,0,18,0,0,3,2,0,17,0,70,5,8,67,43,22,70,67
48HANOVER1,271,4,146,1,3,58,80,5,216,7,728,8,27,660,421,363,728,660
48HANOVER2,202,2,192,1,1,66,72,2,231,7,700,8,29,696,396,373,700,696
48HANOVER3,85,1,92,0,2,56,64,2,130,1,332,5,19,399,178,254,332,399
48HANOVER4,195,2,116,1,1,85,81,4,185,3,610,3,21,624,313,357,610,624
48HANOVER5,153,0,97,1,2,58,54,3,157,2,563,7,31,556,250,275,563,556
48HANOVER6,112,1,77,2,0,66,52,0,141,0,408,8,20,440,190,261,408,440
48HELLERTOWN1,123,1,140,0,0,38,28,0,108,4,440,12,24,458,264,174,440,458
48HELLERTOWN2,87,3,127,0,2,29,28,1,106,3,321,13,21,370,217,166,321,370
48HELLERTOWN3,168,4,171,2,2,53,27,3,121,2,523,12,36,527,343,208,523,527
48LEHIGHCENTRAL,149,1,108,1,5,79,50,0,286,6,400,6,29,838,258,421,400,838
48LEHIGHDANIELSVILLE,155,10,207,2,0,114,38,2,332,9,476,17,45,997,372,488,476,997
48LEHIGHNORTHWEST,67,1,48,0,0,29,17,1,131,2,162,3,15,412,116,178,162,412
48LEHIGHPENN,132,4,116,2,3,77,30,3,259,7,353,9,29,792,252,374,353,792
48LEHIGHTREICHLERS,89,3,83,0,1,70,25,2,193,4,239,9,14,598,175,291,239,598
48LOWERMT.BETHELINDEPENDENT,56,0,72,1,0,7,12,0,90,3,76,1,5,132,128,110,76,132
48LOWERMT.BETHELLOWER,7,0,6,0,0,3,3,0,26,0,122,1,9,220,13,32,122,220
48LOWERMT.BETHELUPPER,82,2,105,1,1,60,33,1,153,4,291,11,21,661,189,249,291,661
48LOWERNAZARETH1,301,3,208,0,3,174,120,1,383,6,900,21,62,1353,512,681,900,1353
48LOWERNAZARETH2,115,4,106,0,1,64,46,2,192,4,391,13,29,731,225,305,391,731
48LOWERSAUCON1,118,1,112,3,2,52,70,1,155,2,446,7,21,512,231,283,446,512
48LOWERSAUCON2,165,1,119,0,1,89,58,0,222,5,503,3,22,729,285,370,503,729
48LOWERSAUCON3,44,1,62,1,1,31,20,0,79,1,158,7,12,272,107,132,158,272
48LOWERSAUCON4,101,2,90,1,1,54,42,3,131,2,362,11,18,438,193,232,362,438
48LOWERSAUCON5,46,2,53,1,0,30,11,0,59,3,140,4,14,203,101,101,140,203
48LOWERSAUCON6,105,4,126,0,1,59,43,1,151,3,320,11,22,512,235,255,320,512
48LOWERSAUCON7,77,0,55,1,1,50,58,0,84,1,283,8,25,319,132,194,283,319
48LOWERSAUCON8,124,1,116,0,2,64,78,3,130,1,450,1,25,419,241,277,450,419
48MOOREBEERSVILLE,128,0,100,1,3,70,28,0,189,4,320,12,25,641,228,291,320,641
48MOOREEASTERN,206,5,201,1,3,143,57,3,374,2,580,9,37,1145,412,581,580,1145
48MOOREKLECKNERSVILLE,124,8,148,2,1,103,42,1,322,2,380,9,39,978,280,471,380,978
48MOOREPT.PHILLIPS,63,4,80,0,0,39,17,0,141,3,191,4,21,465,147,197,191,465
48NAZARETH1,132,1,127,1,0,75,53,3,141,6,449,10,27,569,260,273,449,569
48NAZARETH2,90,4,131,3,1,29,35,2,108,5,408,10,28,438,225,178,408,438
48NAZARETH3,92,4,139,0,6,43,13,0,86,6,359,15,34,433,235,148,359,433
48NORTHAMPTON1,155,3,127,2,1,55,33,1,164,3,430,18,38,611,285,256,430,611
48NORTHAMPTON2,119,6,142,1,4,61,19,3,136,5,377,7,24,564,267,224,377,564
48NORTHAMPTON3,271,4,243,1,3,74,42,0,305,7,779,22,55,1124,518,425,779,1124
48NORTHAMPTON4,45,2,87,0,0,21,7,0,59,1,206,7,17,248,134,87,206,248
48NORTHCATASAUQUA1,45,0,48,0,0,15,8,0,50,3,159,5,17,227,93,73,159,227
48NORTHCATASAUQUA2,148,1,138,2,4,55,43,3,130,4,387,9,29,514,287,237,387,514
48PALMEREASTERN,275,0,203,0,4,93,40,3,220,4,1002,19,49,904,478,360,1002,904
48PALMERMIDDLE1,168,4,120,1,1,53,25,1,172,6,508,5,29,596,292,253,508,596
48PALMERMIDDLE2,173,3,128,0,2,56,51,2,166,2,604,11,13,628,304,277,604,628
48PALMERUPPEREASTERN,195,3,155,0,3,97,68,4,284,5,799,10,41,1005,353,456,799,1005
48PALMERUPPERWESTERN,345,1,250,0,2,97,88,8,356,5,746,9,25,674,596,551,746,674
48PALMERWESTERN1,167,3,167,1,0,84,94,1,245,1,588,9,38,768,337,425,588,768
48PALMERWESTERN2,101,0,83,0,0,41,17,2,85,6,302,12,26,390,184,145,302,390
48PENARGYL1,25,0,29,2,0,9,4,3,34,2,78,3,13,172,54,52,78,172
48PENARGYL2,53,0,76,0,1,47,26,3,134,0,201,5,15,405,129,211,201,405
48PENARGYL3,46,0,65,1,1,22,10,1,73,1,162,3,16,257,111,108,162,257
48PENARGYL4,28,0,48,1,1,10,5,0,41,0,114,4,13,167,76,58,114,167
48PLAINFIELDBELFAST,123,2,89,1,4,55,24,1,193,6,307,5,29,654,214,278,307,654
48PLAINFIELDDELABOLE,89,4,68,1,0,38,22,1,157,1,288,4,18,511,161,219,288,511
48PLAINFIELDKESSLERSVILLE,67,2,65,0,4,57,36,0,134,4,213,9,16,494,134,231,213,494
48PLAINFIELDPLAINFIELDCHURCH,81,6,66,0,1,39,34,0,157,4,230,8,12,511,153,231,230,511
48PORTLAND,14,1,36,1,0,11,7,0,48,0,76,3,5,161,51,67,76,161
48ROSETO,88,0,77,0,2,34,16,2,132,3,235,7,17,502,165,186,235,502
48STOCKERTOWN,60,1,55,0,0,26,13,2,71,1,151,3,10,275,116,112,151,275
48TATAMY,70,4,54,0,1,39,23,0,98,1,222,1,11,325,128,161,222,325
48UPPERMT.BETHELCENTERVILLE,64,3,67,0,3,60,36,1,188,6,238,9,16,640,134,288,238,640
48UPPERMT.BETHELJOHNSONVILLE,49,2,70,1,0,30,21,0,142,2,190,8,18,408,121,194,190,408
48UPPERMT.BETHELNORTHBANGOR,54,0,64,2,0,26,12,1,125,0,137,6,15,369,118,166,137,369
48UPPERMT.BETHELSLATEFORD,30,0,45,0,0,33,12,0,98,2,150,2,13,313,75,143,150,313
48UPPERMT.BETHELWILLIAMSBURG,70,1,80,1,3,41,33,0,153,3,272,12,18,523,151,231,272,523
48UPPERNAZARETHEAST,211,5,194,1,5,73,83,1,262,2,712,13,48,926,410,425,712,926
48UPPERNAZARETHWEST,136,5,105,2,2,82,37,8,195,3,563,8,26,723,246,326,563,723
48WALNUTPORT,78,1,82,2,1,44,29,4,150,2,264,15,26,522,161,230,264,522
48WASHINGTONLOWER,177,4,179,1,3,104,56,0,329,11,580,12,43,1260,360,493,580,1260
48WASHINGTONUPPER,86,4,55,0,0,26,17,0,98,0,206,5,12,363,145,141,206,363
48WESTEASTON,60,2,82,0,2,32,14,0,68,1,231,4,18,294,144,116,231,294
48WILLIAMSEASTERN,96,3,120,0,3,57,40,1,184,2,374,14,34,610,219,285,374,610
48WILLIAMSMIDDLE,104,4,76,1,0,46,28,1,187,3,323,9,28,533,184,263,323,533
48WILLIAMSUPPER,66,1,56,1,0,28,25,0,144,3,391,5,20,497,123,198,391,497
48WILLIAMSWESTERN,70,2,64,0,1,42,33,0,113,0,257,3,17,351,136,189,257,351
48WILSON1,124,0,148,2,2,36,17,6,86,2,534,16,33,412,272,149,534,412
48WILSON2,77,0,106,0,3,23,10,1,73,0,390,15,23,333,183,110,390,333
48WILSON3,152,2,177,1,3,57,34,1,93,3,629,11,33,605,331,189,629,605
48WINDGAP,115,4,118,2,4,49,34,4,171,3,396,11,25,687,237,264,396,687
49COAL1,42,3,48,0,0,6,5,1,57,0,86,1,8,215,93,69,86,215
49COAL2,69,5,76,1,1,13,8,0,81,3,131,8,12,269,150,104,131,269
49COAL3,71,2,65,1,0,8,3,0,83,1,155,4,12,296,138,95,155,296
49COAL41,24,0,22,2,0,11,3,1,69,0,56,0,11,174,46,86,56,174
49COAL42,39,1,36,2,2,14,10,0,70,0,107,0,7,195,76,98,107,195
49COAL5,83,5,88,0,1,15,16,1,162,0,168,9,16,465,176,195,168,465
49COAL6,99,4,81,2,3,26,24,0,167,2,227,4,8,501,184,222,227,501
49DELAWAREEAST,21,1,31,1,3,61,20,1,136,2,72,2,13,423,53,222,72,423
49DELAWARESOUTH,37,0,37,2,1,60,32,3,114,6,108,1,15,352,74,212,108,352
49DELAWAREWEST,51,2,48,1,1,95,40,0,210,6,168,3,20,654,101,347,168,654
49EASTCAMERON,27,1,28,0,1,15,1,2,88,2,57,3,3,244,56,107,57,244
49EASTCHILLISQUAQUE,10,0,21,1,1,21,30,1,80,0,47,1,16,225,31,134,47,225
49HERNDON,6,0,10,1,1,13,5,0,33,1,35,1,2,95,16,53,35,95
49JACKSON,21,0,33,2,2,61,19,2,107,5,49,1,8,353,54,193,49,353
49JORDAN,8,1,22,1,1,32,27,0,106,3,47,0,6,316,31,167,47,316
49KULPMONT1,51,2,53,0,1,8,6,0,62,1,100,2,5,263,106,77,100,263
49KULPMONT2,67,2,62,1,1,10,12,0,53,0,139,2,8,230,131,77,139,230
49KULPMONT3,74,6,64,1,1,16,5,0,58,1,139,3,11,256,144,81,139,256
49LEWIS,53,4,58,2,3,78,41,2,208,6,163,3,18,578,115,334,163,578
49LITTLEMAHANOY,17,0,9,1,3,22,2,0,42,0,31,1,4,149,26,70,31,149
49LOWERAUGUSTA,35,0,45,2,3,71,16,0,117,3,92,4,13,407,80,209,92,407
49LOWERMAHANOY,40,3,53,1,6,103,29,2,200,5,125,1,16,626,96,341,125,626
49MARIONHEIGHTS,36,3,39,0,1,12,4,0,40,2,87,1,8,174,78,57,87,174
49MCEWENSVILLE,8,1,11,0,3,13,10,1,29,0,21,3,4,90,20,56,21,90
49MILTON1,37,0,31,1,1,50,36,2,126,1,112,3,9,322,68,216,112,322
49MILTON2,42,1,59,1,0,32,37,0,88,5,173,5,10,288,102,158,173,288
49MILTON3,43,1,48,2,3,36,14,1,88,2,151,7,17,309,92,144,151,309
49MILTON4,25,3,14,1,1,25,16,0,57,1,131,0,12,214,42,100,131,214
49MILTON5,62,1,66,1,3,57,24,0,111,5,177,8,16,427,129,196,177,427
49MT.CARMEL1,55,1,31,0,0,12,7,0,63,1,127,4,8,211,87,82,127,211
49MT.CARMEL2,73,1,70,1,2,14,6,2,74,1,151,7,13,296,144,99,151,296
49MT.CARMEL3,109,4,114,1,0,21,12,1,108,2,236,8,22,480,227,143,236,480
49MT.CARMEL4,88,0,87,0,1,17,17,1,95,3,213,3,16,340,175,131,213,340
49MT.CARMELDIAMOND/EXCHANGE,71,2,67,0,0,8,4,0,53,1,119,3,12,257,140,65,119,257
49MT.CARMELLOCUSTGAP,34,4,18,1,0,2,2,0,20,1,44,1,2,89,56,25,44,89
49MT.CARMELNATALIE/STRONG,31,2,39,0,0,6,2,0,44,2,56,0,2,159,72,52,56,159
49MT.CARMELWEST,68,3,73,0,0,7,6,0,73,1,137,3,5,226,144,86,137,226
49NORTHUMBERLAND1,44,0,43,2,0,32,11,2,106,1,133,9,18,274,87,153,133,274
49NORTHUMBERLAND2,66,1,78,0,0,57,31,2,127,2,228,11,18,407,145,217,228,407
49NORTHUMBERLAND3,66,1,45,1,0,54,45,2,103,3,179,7,22,361,112,205,179,361
49POINTEAST,61,1,43,0,0,89,33,3,197,4,181,5,18,512,105,322,181,512
49POINTWEST,86,2,65,5,9,125,56,4,272,8,281,5,33,798,153,471,281,798
49RALPHO1,175,2,154,0,6,94,94,6,498,5,438,9,55,1293,331,698,438,1293
49RALPHO2,34,1,34,0,0,30,23,0,134,1,91,0,19,317,69,187,91,317
49RIVERSIDEA(CONG10),0,0,0,0,0,0,0,0,0,0,1,0,0,0,0,0,1,0
49RIVERSIDEB(CONG11),124,2,96,4,3,66,62,3,194,7,356,7,27,583,222,332,356,583
49ROCKEFELLER,62,1,77,2,10,160,57,2,317,10,201,10,25,914,140,548,201,914
49RUSH,35,1,37,2,1,72,30,1,130,5,132,2,8,411,73,236,132,411
49SHAMOKIN,103,3,91,0,3,112,33,3,350,2,237,5,33,901,197,501,237,901
49SHAMOKIN1,38,1,50,1,0,10,15,0,103,0,94,9,6,270,89,129,94,270
49SHAMOKIN2,19,4,29,0,0,8,10,1,60,0,55,2,6,189,52,79,55,189
49SHAMOKIN3,23,0,23,0,0,4,6,0,38,0,41,2,5,98,46,48,41,98
49SHAMOKIN4,43,0,48,2,1,15,8,2,75,3,114,8,13,257,91,103,114,257
49SHAMOKIN5,45,2,49,0,2,6,5,0,69,4,122,3,9,202,96,82,122,202
49SHAMOKIN6,25,0,41,0,1,8,9,0,49,1,72,3,6,166,66,67,72,166
49SHAMOKIN7,31,2,37,0,1,10,6,0,49,1,85,4,4,147,70,66,85,147
49SHAMOKIN8,13,0,12,0,0,2,1,0,19,0,25,1,2,54,25,22,25,54
49SNYDERTOWN,16,0,17,0,0,14,7,1,51,4,32,0,3,121,33,73,32,121
49SUNBURY1,69,2,76,3,0,32,15,1,101,1,220,11,8,319,147,152,220,319
49SUNBURY2,52,0,55,3,3,37,15,0,100,2,194,3,7,303,107,158,194,303
49SUNBURY3,52,0,70,1,3,72,19,1,167,8,221,17,27,438,122,263,221,438
49SUNBURY4,49,0,58,4,0,57,30,1,102,5,171,9,21,299,107,194,171,299
49SUNBURY5,56,1,41,1,1,43,17,0,78,5,170,7,7,239,98,140,170,239
49SUNBURY6,38,0,46,1,1,18,9,0,48,0,137,4,12,178,84,77,137,178
49TURBOT,63,0,55,3,2,92,39,4,180,2,212,6,22,597,118,320,212,597
49TURBOTVILLE,32,2,32,1,2,35,13,2,56,2,98,1,7,223,66,109,98,223
49UPPERAUGUSTANORTHEAST,66,3,61,0,3,74,42,0,188,2,183,7,21,559,130,307,183,559
49UPPERAUGUSTANORTHWEST,42,0,44,0,1,52,37,4,131,2,145,2,10,374,86,225,145,374
49UPPERMAHANOY,15,0,23,0,1,21,12,1,71,1,46,2,1,237,38,106,46,237
49WASHINGTON,21,3,24,0,3,36,25,1,79,1,50,2,9,246,48,144,50,246
49WATSONTOWN1,21,1,24,0,1,28,9,1,64,1,89,2,9,210,46,103,89,210
49WATSONTOWN2,44,1,53,2,1,56,24,2,134,2,164,1,18,382,98,219,164,382
49WESTCAMERON,13,0,11,0,1,17,3,0,75,1,28,0,3,183,24,96,28,183
49WESTCHILLISQUAQUE,63,0,69,3,5,112,43,7,204,1,202,7,15,683,132,374,202,683
49ZERBE,50,2,64,2,4,44,19,1,150,8,123,3,16,514,116,220,123,514
4ALIQUIPPA1,47,1,44,0,0,5,1,0,23,2,99,4,7,117,92,29,99,117
4ALIQUIPPA2,225,0,51,0,0,0,0,0,2,0,525,2,3,37,276,2,525,37
4ALIQUIPPA3,126,0,20,0,0,0,0,0,1,0,279,1,0,3,146,1,279,3
4ALIQUIPPA4,52,2,27,0,0,3,2,0,9,0,156,2,2,47,81,14,156,47
4ALIQUIPPA5,120,0,46,1,1,5,2,0,15,0,299,1,2,105,166,24,299,105
4ALIQUIPPA6,220,4,102,0,0,23,14,1,70,3,578,3,23,302,326,108,578,302
4ALIQUIPPA7,216,7,115,0,0,29,12,1,69,3,383,7,17,359,338,111,383,359
4ALIQUIPPA8,113,2,84,0,2,20,5,0,66,3,307,1,22,275,199,93,307,275
4ALIQUIPPA9,96,0,34,0,0,0,1,0,7,6,256,0,1,23,130,8,256,23
4AMBRIDGE1,73,3,80,0,1,21,11,0,32,4,265,6,9,175,156,65,265,175
4AMBRIDGE2,88,1,92,0,1,22,12,0,46,3,282,10,16,224,181,81,282,224
4AMBRIDGE3,129,1,111,1,2,34,19,1,46,4,323,4,20,279,241,103,323,279
4AMBRIDGE4,77,2,89,1,0,16,9,0,44,1,290,6,13,215,168,70,290,215
4AMBRIDGE5,84,2,70,0,1,15,8,0,31,0,234,1,10,176,156,55,234,176
4BADEN1,134,5,69,0,1,15,18,1,55,1,254,3,11,273,208,90,254,273
4BADEN2,144,8,92,0,1,26,27,0,98,3,326,6,17,411,244,152,326,411
4BADEN3,125,6,102,2,0,28,23,0,88,7,285,4,24,429,233,141,285,429
4BEAVER1,89,0,83,0,2,66,66,2,104,3,316,12,17,406,172,240,316,406
4BEAVER2,143,4,127,4,4,59,100,3,139,3,407,5,38,494,274,309,407,494
4BEAVER31,135,0,112,1,2,72,96,4,138,4,334,6,27,524,247,313,334,524
4BEAVERFALLS1,134,1,55,6,0,17,14,1,34,1,376,4,12,181,190,72,376,181
4BEAVERFALLS2,127,3,74,0,0,10,11,2,40,4,356,3,4,168,204,63,356,168
4BEAVERFALLS3,120,1,75,1,0,19,12,0,43,6,311,6,13,192,196,75,311,192
4BEAVERFALLS4,71,1,44,0,0,7,4,0,26,0,215,1,7,146,116,37,215,146
4BEAVERFALLS5,60,2,56,1,5,86,31,1,51,16,215,7,51,309,118,175,215,309
4BEAVERFALLS6,102,4,75,0,0,40,25,0,66,9,253,5,18,270,181,131,253,270
4BIGBEAVER,153,4,114,1,3,63,36,0,178,9,331,8,18,633,271,281,331,633
4BRIDGEWATER,55,1,53,0,2,11,19,1,68,3,134,3,15,207,109,101,134,207
4BRIGHTON1,101,2,90,3,5,54,70,1,135,4,318,4,21,498,193,268,318,498
4BRIGHTON2,144,2,101,0,3,56,69,0,162,9,291,3,29,575,247,290,291,575
4BRIGHTON3,116,4,85,2,1,46,31,1,123,7,258,3,23,484,205,204,258,484
4BRIGHTON4,96,3,77,0,1,51,62,1,128,4,266,4,31,517,176,243,266,517
4BRIGHTON5,121,2,107,5,4,76,109,3,241,1,384,6,44,849,230,438,384,849
4CENTER1,140,0,99,0,2,41,21,2,108,5,311,3,14,445,239,174,311,445
4CENTER2,82,2,77,0,1,25,14,1,51,2,207,6,13,272,161,92,207,272
4CENTER3,95,4,58,0,0,19,8,0,45,4,164,1,7,240,157,72,164,240
4CENTER4,251,6,163,1,3,47,71,1,178,5,523,3,29,795,420,301,523,795
4CENTER5,168,6,147,0,2,43,47,1,136,2,431,3,23,663,321,229,431,663
4CENTER6,176,5,117,1,2,36,33,0,110,3,388,7,22,489,298,182,388,489
4CENTER7,136,4,91,1,1,24,22,3,110,4,298,2,19,419,231,161,298,419
4CENTER8,106,9,80,0,2,27,31,0,73,3,244,1,6,382,195,133,244,382
4CHIPPEWA1,170,3,124,4,1,104,122,2,222,7,418,9,27,874,297,455,418,874
4CHIPPEWA2,106,2,85,1,2,90,53,0,162,7,317,5,28,599,193,308,317,599
4CHIPPEWA3,180,11,140,2,4,99,75,5,204,5,432,5,31,794,331,389,432,794
4CHIPPEWA4,70,4,66,3,1,63,46,1,142,0,277,4,20,553,140,256,277,553
4CONWAY1,81,4,42,0,0,28,14,1,33,1,170,4,16,218,127,76,170,218
4CONWAY2,129,8,83,0,3,27,38,3,91,2,268,1,19,395,220,162,268,395
4DARLINGTON,88,3,78,1,3,80,48,1,181,8,243,6,21,667,169,314,243,667
4DAUGHERTY1,115,7,104,1,3,58,37,0,128,5,266,4,13,581,226,227,266,581
4DAUGHERTY2,121,2,111,2,2,56,51,2,137,2,278,5,25,577,234,250,278,577
4EASTROCHESTER,48,0,45,1,0,7,8,0,36,1,111,0,8,156,93,52,111,156
4EASTVALE,9,0,18,0,0,1,1,0,15,0,21,2,1,58,27,17,21,58
4ECONOMY1,153,7,120,0,3,109,78,2,248,0,430,6,40,865,280,440,430,865
4ECONOMY2,156,1,116,0,1,69,67,1,211,2,351,5,35,714,273,349,351,714
4ECONOMY3,171,8,99,0,1,52,86,0,149,6,396,5,25,594,278,288,396,594
4ECONOMY4,168,6,121,1,1,58,44,4,134,3,391,8,25,615,295,242,391,615
4ECONOMY5,144,16,128,1,0,46,38,0,130,2,331,2,20,530,288,215,331,530
4FALLSTON,36,0,15,0,0,8,7,0,11,4,59,2,7,61,51,26,59,61
4FRANKFORTSPRINGS,12,0,6,0,0,5,7,0,16,0,23,0,0,51,18,28,23,51
4FRANKLINEAST,59,4,62,1,3,68,57,0,152,4,150,7,10,568,125,281,150,568
4FRANKLINWEST,160,5,93,4,3,67,50,2,231,6,317,6,23,749,258,357,317,749
4FREEDOM,92,2,74,0,2,15,10,0,58,2,238,5,14,345,168,85,238,345
4GEORGETOWN,7,0,6,0,0,9,4,0,21,0,13,1,6,77,13,34,13,77
4GLASGOW,10,0,9,0,0,0,0,0,1,0,19,2,0,14,19,1,19,14
4GREENE,120,6,97,3,1,78,52,4,240,7,323,6,19,834,223,378,323,834
4HANOVEREAST,107,8,92,0,3,95,48,1,198,3,278,3,28,784,207,345,278,784
4HANOVERWEST,58,0,50,0,1,61,28,0,122,4,153,2,24,450,108,212,153,450
4HARMONY1,150,3,120,0,1,34,39,1,95,4,327,6,18,431,273,170,327,431
4HARMONY2,60,0,69,1,1,17,14,1,40,1,146,2,12,194,129,74,146,194
4HARMONY3,99,5,91,1,0,10,18,1,53,2,220,7,17,287,195,83,220,287
4HOMEWOOD,17,0,11,0,0,4,0,0,5,1,27,1,1,29,28,9,27,29
4HOOKSTOWN,7,0,9,1,0,4,4,0,20,0,20,1,1,48,16,29,20,48
4HOPEWELL1,61,1,44,0,0,8,2,0,27,1,160,2,7,135,106,37,160,135
4HOPEWELL2,179,3,117,0,1,28,21,2,106,3,363,5,20,451,299,158,363,451
4HOPEWELL3,91,2,69,0,2,21,13,0,63,1,237,8,11,296,162,99,237,296
4HOPEWELL4,166,4,112,0,2,35,40,0,89,6,360,3,23,442,282,166,360,442
4HOPEWELL5,175,5,114,0,0,35,30,2,109,0,390,4,21,514,294,176,390,514
4HOPEWELL6,169,3,123,1,2,35,35,1,96,7,423,2,20,472,295,170,423,472
4HOPEWELL7,193,6,138,0,1,35,56,1,158,4,438,8,34,674,337,251,438,674
4HOPEWELL8,74,0,57,1,2,15,15,0,55,0,163,2,6,233,131,88,163,233
4HOPEWELL9,167,3,105,0,1,30,29,1,110,0,325,3,18,476,275,171,325,476
4INDEPENDENCE,133,1,124,2,3,103,46,2,233,3,366,7,21,890,258,389,366,890
4INDUSTRY,150,2,107,2,2,45,32,2,114,3,315,7,23,555,259,197,315,555
4KOPPEL,73,1,54,1,1,18,4,0,33,1,134,1,9,192,128,57,134,192
4MARION,43,3,41,0,1,35,41,2,106,4,124,3,9,352,87,185,124,352
4MIDLAND1,168,2,119,0,2,23,15,0,32,0,362,2,14,244,289,72,362,244
4MIDLAND2,103,1,40,0,0,0,5,0,7,0,231,5,0,67,144,12,231,67
4MIDLAND3,45,1,22,0,0,3,1,0,15,0,105,2,2,84,68,19,105,84
4MONACA1,58,1,44,0,0,7,12,2,29,0,142,3,6,174,103,50,142,174
4MONACA2,108,3,81,0,1,19,13,0,57,2,208,5,11,281,192,90,208,281
4MONACA3,106,6,82,0,0,12,12,2,66,0,260,1,17,347,194,92,260,347
4MONACA4,157,4,84,0,0,29,15,0,68,0,305,5,18,356,245,112,305,356
4MONACA5,100,4,72,0,2,14,18,1,66,0,168,5,14,298,176,101,168,298
4NEWBRIGHTON1,98,1,71,0,2,24,17,0,51,3,302,5,14,245,170,94,302,245
4NEWBRIGHTON2,59,2,40,1,0,6,18,0,27,0,142,2,18,155,101,52,142,155
4NEWBRIGHTON3,41,0,30,0,0,5,10,0,24,1,133,1,1,108,71,39,133,108
4NEWBRIGHTON4,67,1,49,0,1,15,6,1,36,2,192,2,8,180,117,59,192,180
4NEWBRIGHTON5,96,3,108,2,2,29,20,1,64,3,269,6,20,362,207,118,269,362
4NEWGALILEE,19,1,21,0,1,11,10,1,24,0,40,2,2,101,41,47,40,101
4NEWSEWICKLEYFEAZEL,212,1,166,3,2,83,125,0,353,5,537,6,26,1076,379,566,537,1076
4NEWSEWICKLEYFREEDOM,157,5,117,0,5,82,46,3,204,4,382,8,17,773,279,340,382,773
4NEWSEWICKLEYUNIONVILLE,89,4,102,0,7,57,78,2,164,5,217,6,18,662,195,308,217,662
4NORTHSEWICKLEY04ELLWOODCITYBORO,49,0,25,0,1,7,5,0,31,0,94,2,10,121,74,44,94,121
4NORTHSEWICKLEY1,90,2,63,0,1,48,19,0,98,1,185,4,30,398,155,166,185,398
4NORTHSEWICKLEY2,87,7,75,0,2,77,37,4,156,1,212,9,13,582,169,276,212,582
4NORTHSEWICKLEY3,84,4,79,1,1,65,35,1,111,5,212,5,20,464,167,214,212,464
4NORTHSEWICKLEY5,114,1,46,4,1,47,34,0,106,1,209,3,20,440,161,192,209,440
4OHIOVILLE1,108,4,94,1,3,69,29,2,127,1,228,4,22,610,206,231,228,610
4OHIOVILLE2,104,4,85,3,2,50,50,0,155,1,235,2,18,610,193,260,235,610
4PATTERSON1,104,3,110,1,1,62,55,0,126,0,283,3,14,491,217,245,283,491
4PATTERSON2,100,2,69,2,3,36,43,5,96,1,269,3,16,470,171,185,269,470
4PATTERSONHEIGHTS,50,1,36,1,0,23,38,1,79,3,112,4,6,222,87,142,112,222
4POTTER,47,2,43,1,1,17,12,0,48,1,83,1,6,205,92,79,83,205
4PULASKI,79,8,72,0,1,31,19,1,64,1,203,4,12,377,159,116,203,377
4RACCOON1,121,5,132,1,0,63,30,2,126,6,297,3,21,558,258,222,297,558
4RACCOON2,99,0,70,1,0,68,20,1,119,3,185,1,13,495,169,209,185,495
4ROCHESTER1,150,4,95,0,0,24,24,1,75,5,373,3,19,368,249,124,373,368
4ROCHESTER2,227,6,168,3,3,61,50,6,170,7,532,7,29,728,401,293,532,728
4ROCHESTER3,70,1,56,0,0,21,8,1,44,0,159,4,5,207,127,74,159,207
4ROCHESTER4,73,1,40,1,1,5,5,0,29,0,177,2,9,128,114,41,177,128
4SHIPPINGPORT,1,0,5,0,0,3,2,0,19,1,13,0,2,66,6,24,13,66
4SOUTHBEAVER,140,2,108,2,0,83,79,2,225,3,349,3,25,986,250,391,349,986
4SOUTHHEIGHTS,27,1,27,0,0,6,5,0,23,2,83,1,4,120,55,34,83,120
4VANPORT,176,5,113,1,0,32,28,0,96,3,349,6,16,386,294,157,349,386
4WESTMAYFIELD,81,3,67,0,1,35,9,0,58,6,191,7,17,328,151,103,191,328
4WHITE,100,0,70,1,0,16,16,1,57,5,220,5,15,292,170,91,220,292
50BLAIN,5,0,2,2,1,28,1,0,32,0,19,0,3,86,7,64,19,86
50BLOOMFIELD,38,0,51,1,5,84,38,0,120,7,129,3,13,343,89,248,129,343
50BUFFALO,36,1,52,1,2,91,30,2,159,3,115,9,18,514,89,285,115,514
50CARROLL,130,2,197,10,14,306,108,7,694,9,511,15,73,1905,329,1139,511,1905
50CENTRE,62,1,97,4,10,149,67,2,306,6,215,11,35,899,160,538,215,899
50DUNCANNON,55,2,65,3,1,69,17,2,154,1,174,8,30,436,122,246,174,436
50GREENWOOD,40,1,58,2,6,74,56,2,139,1,137,4,20,415,99,279,137,415
50HOWE,17,0,23,1,2,32,10,2,68,3,54,2,3,170,40,115,54,170
50JACKSON,19,0,9,0,0,25,19,0,36,3,33,0,2,132,28,80,33,132
50JUNIATA,54,1,68,6,2,97,34,2,174,4,196,1,11,510,123,315,196,510
50LANDISBURG,6,0,4,0,2,16,2,0,15,0,25,0,1,58,10,35,25,58
50LIVERPOOL,70,4,71,3,11,121,52,1,250,7,196,7,30,698,145,438,196,698
50MARYSVILLE,95,4,133,9,4,118,52,2,265,6,375,11,43,759,232,450,375,759
50MILLER,17,2,33,1,2,66,20,1,118,3,77,4,11,339,52,208,77,339
50MILLERSTOWN,32,0,26,2,5,68,29,0,86,3,95,0,13,266,58,190,95,266
50NEWBUFFALO,1,0,7,0,1,7,3,0,17,1,5,1,0,43,8,28,5,43
50NEWPORT,34,0,52,1,2,78,30,5,132,5,133,9,24,379,86,248,133,379
50NORTHEASTMADISON,19,0,42,4,3,55,15,1,86,4,75,1,11,262,61,164,75,262
50OLIVER,68,1,67,6,2,69,52,3,210,6,230,6,22,544,136,342,230,544
50PENN,87,4,114,7,11,156,72,2,395,9,354,18,53,1075,205,643,354,1075
50RYE,75,3,111,5,3,163,77,1,403,6,294,13,34,965,189,652,294,965
50SAVILLE,50,2,70,2,5,150,56,4,286,9,166,3,34,818,122,503,166,818
50SOUTHWESTMADISON,23,0,22,0,1,69,26,0,74,5,70,2,8,283,45,170,70,283
50SPRING,76,4,94,3,6,153,70,2,263,3,230,10,37,817,174,497,230,817
50TOBOYNE1,18,0,9,0,0,23,5,0,37,3,30,0,1,103,27,65,30,103
50TOBOYNE2,5,0,5,0,1,1,0,0,23,0,6,0,1,49,10,25,6,49
50TUSCARORA,22,1,37,3,6,80,18,2,161,3,98,2,8,461,60,270,98,461
50TYRONE,62,1,56,2,4,128,31,3,178,9,150,12,32,576,119,346,150,576
50WATTS,37,1,46,1,7,69,33,2,185,5,142,5,11,508,84,297,142,508
50WHEATFIELD,76,4,131,3,6,235,69,4,453,4,298,6,37,1203,211,770,298,1203
51PHILADELPHIA101,193,0,76,0,0,0,0,0,3,0,415,4,1,5,269,3,415,5
51PHILADELPHIA1010,162,0,72,0,0,0,0,0,0,0,366,0,0,3,234,0,366,3
51PHILADELPHIA1011,167,0,79,0,0,0,0,0,0,1,428,5,0,9,246,0,428,9
51PHILADELPHIA1012,218,0,81,0,0,1,0,0,2,1,465,2,1,7,299,3,465,7
51PHILADELPHIA1013,265,1,94,0,0,1,1,0,0,0,550,3,0,6,360,2,550,6
51PHILADELPHIA1014,271,1,93,0,1,1,0,0,1,0,522,7,1,11,365,3,522,11
51PHILADELPHIA1015,211,0,72,0,0,0,0,0,0,0,404,2,0,0,283,0,404,0
51PHILADELPHIA1016,205,0,71,0,0,0,0,1,1,1,418,2,0,6,276,2,418,6
51PHILADELPHIA1017,222,1,57,0,0,2,0,0,0,1,411,1,0,7,280,2,411,7
51PHILADELPHIA1018,187,0,58,0,0,2,0,0,0,0,413,0,1,3,245,2,413,3
51PHILADELPHIA1019,205,0,60,0,0,0,1,0,1,1,394,3,1,4,265,2,394,4
51PHILADELPHIA102,259,0,107,0,0,0,0,0,2,0,539,1,1,6,366,2,539,6
51PHILADELPHIA1020,229,0,69,0,0,0,0,0,0,0,458,3,2,10,298,0,458,10
51PHILADELPHIA1021,238,0,76,0,0,0,0,0,0,0,502,4,1,6,314,0,502,6
51PHILADELPHIA1022,156,0,68,0,0,0,0,0,0,1,343,1,1,6,224,0,343,6
51PHILADELPHIA1023,196,0,76,0,0,1,0,1,0,0,418,5,0,5,272,2,418,5
51PHILADELPHIA1024,207,0,67,0,0,1,0,0,0,0,390,3,1,5,274,1,390,5
51PHILADELPHIA1025,229,0,82,0,0,2,1,1,0,0,432,2,0,1,311,4,432,1
51PHILADELPHIA1026,192,1,83,0,0,0,0,0,0,0,459,4,0,3,276,0,459,3
51PHILADELPHIA1027,186,0,77,0,0,1,0,0,2,1,456,2,0,8,263,3,456,8
51PHILADELPHIA1028,200,0,72,0,0,0,1,0,1,0,376,4,1,8,272,2,376,8
51PHILADELPHIA1029,256,0,75,0,0,1,0,0,1,0,444,3,0,9,331,2,444,9
51PHILADELPHIA103,234,0,84,0,1,0,0,1,0,0,434,3,1,4,318,2,434,4
51PHILADELPHIA104,196,1,80,0,0,0,0,0,0,0,430,3,1,8,277,0,430,8
51PHILADELPHIA105,217,0,74,0,0,0,1,0,1,0,431,7,2,3,291,2,431,3
51PHILADELPHIA106,219,1,71,0,0,1,0,0,1,1,430,5,0,3,291,2,430,3
51PHILADELPHIA107,202,0,80,0,0,0,0,0,0,1,407,4,3,5,282,0,407,5
51PHILADELPHIA108,209,0,55,0,0,0,0,0,0,1,418,3,0,3,264,0,418,3
51PHILADELPHIA109,192,0,81,0,1,1,1,0,0,1,427,2,3,4,273,3,427,4
51PHILADELPHIA11,86,1,117,0,0,5,2,0,7,0,291,12,5,76,204,14,291,76
51PHILADELPHIA110,85,0,150,0,0,5,6,0,11,0,360,7,7,65,235,22,360,65
51PHILADELPHIA111,282,2,203,0,1,5,10,1,18,2,679,10,7,93,487,35,679,93
51PHILADELPHIA1110,88,0,41,0,0,3,0,0,0,0,240,2,0,4,129,3,240,4
51PHILADELPHIA1111,171,0,47,0,1,6,3,2,0,0,349,2,1,8,218,12,349,8
51PHILADELPHIA1112,120,0,44,0,0,1,0,0,0,1,269,4,0,4,164,1,269,4
51PHILADELPHIA1113,173,2,65,1,0,1,1,0,0,1,438,5,0,10,240,3,438,10
51PHILADELPHIA1114,128,0,56,0,0,0,0,0,0,0,279,3,0,6,184,0,279,6
51PHILADELPHIA1115,89,1,29,1,0,1,0,0,1,0,197,0,1,4,119,3,197,4
51PHILADELPHIA1116,166,0,43,1,0,0,0,0,0,1,334,0,0,6,209,1,334,6
51PHILADELPHIA1117,105,1,37,0,0,0,0,0,1,1,252,1,0,5,143,1,252,5
51PHILADELPHIA1118,132,0,46,0,0,1,0,0,0,0,317,3,1,5,178,1,317,5
51PHILADELPHIA1119,156,0,62,0,0,0,0,0,1,0,398,2,0,4,218,1,398,4
51PHILADELPHIA112,233,1,166,0,0,8,0,0,9,1,653,8,7,44,400,17,653,44
51PHILADELPHIA1120,214,0,68,0,0,0,0,0,0,0,417,2,1,5,282,0,417,5
51PHILADELPHIA113,232,3,163,0,0,3,7,0,10,0,644,4,7,55,398,20,644,55
51PHILADELPHIA114,165,0,161,1,0,5,1,1,10,0,520,16,7,43,326,18,520,43
51PHILADELPHIA115,225,2,239,0,0,5,9,0,17,2,754,16,16,91,466,31,754,91
51PHILADELPHIA116,189,0,127,0,0,2,3,0,9,1,532,6,3,50,316,14,532,50
51PHILADELPHIA117,266,2,144,0,0,5,6,0,20,0,644,6,7,113,412,31,644,113
51PHILADELPHIA118,324,1,204,1,0,9,4,2,30,2,765,9,10,167,529,46,765,167
51PHILADELPHIA119,275,1,172,0,0,5,7,1,18,4,641,11,9,137,448,31,641,137
51PHILADELPHIA12,109,1,177,0,0,7,8,1,22,1,356,8,11,98,287,38,356,98
51PHILADELPHIA120,138,1,151,1,0,2,6,0,5,3,381,8,4,108,290,14,381,108
51PHILADELPHIA121,280,0,203,0,0,2,4,0,30,3,725,8,11,156,483,36,725,156
51PHILADELPHIA1210,176,0,67,0,0,0,0,0,1,0,421,1,1,7,243,1,421,7
51PHILADELPHIA1211,153,0,139,0,0,0,1,0,1,0,465,9,3,20,292,2,465,20
51PHILADELPHIA1212,144,0,80,0,1,0,0,0,1,0,419,4,2,10,224,2,419,10
51PHILADELPHIA1213,156,0,51,0,0,2,0,0,1,0,389,3,3,8,207,3,389,8
51PHILADELPHIA1214,147,0,83,0,0,1,0,0,2,0,502,6,1,16,230,3,502,16
51PHILADELPHIA1215,207,0,104,0,0,4,5,1,1,1,465,6,0,10,311,11,465,10
51PHILADELPHIA1216,187,0,133,0,0,5,5,0,2,3,486,11,2,15,320,12,486,15
51PHILADELPHIA1217,172,1,114,1,0,2,0,0,2,2,524,11,0,13,287,5,524,13
51PHILADELPHIA1218,129,1,99,0,0,0,0,0,0,1,354,9,1,13,229,0,354,13
51PHILADELPHIA1219,107,0,50,0,0,0,0,0,2,0,318,5,0,9,157,2,318,9
51PHILADELPHIA122,173,0,44,0,0,0,0,0,1,0,398,2,0,2,217,1,398,2
51PHILADELPHIA1220,143,0,73,0,0,3,0,0,0,0,374,3,1,5,216,3,374,5
51PHILADELPHIA1221,128,0,63,0,0,2,0,0,1,0,332,2,0,6,191,3,332,6
51PHILADELPHIA1222,162,0,121,0,0,3,5,1,2,0,440,6,5,23,283,11,440,23
51PHILADELPHIA1223,167,0,170,0,0,0,4,0,4,1,472,18,2,13,337,8,472,13
51PHILADELPHIA1224,117,2,53,0,0,0,2,0,1,0,322,3,2,7,172,3,322,7
51PHILADELPHIA123,126,1,40,0,0,0,0,0,0,0,306,2,1,5,167,0,306,5
51PHILADELPHIA124,115,0,39,0,0,0,0,0,0,1,301,1,0,8,154,0,301,8
51PHILADELPHIA125,220,1,106,1,0,5,2,0,2,1,573,3,3,21,327,10,573,21
51PHILADELPHIA126,116,0,66,0,0,0,2,2,4,1,299,4,0,17,182,8,299,17
51PHILADELPHIA127,168,0,94,0,0,1,0,0,1,0,428,8,3,12,262,2,428,12
51PHILADELPHIA128,165,1,112,0,0,0,3,0,2,1,481,2,2,10,278,5,481,10
51PHILADELPHIA129,148,1,84,0,0,0,0,1,1,0,366,7,4,12,233,2,366,12
51PHILADELPHIA13,138,3,169,0,0,8,7,0,20,2,376,10,12,143,310,35,376,143
51PHILADELPHIA131,179,0,75,0,0,0,1,1,1,0,432,5,0,4,254,3,432,4
51PHILADELPHIA1310,146,0,40,0,0,1,2,0,0,1,317,3,1,5,186,3,317,5
51PHILADELPHIA1311,127,0,53,0,1,0,0,0,0,0,357,1,1,10,180,1,357,10
51PHILADELPHIA1312,140,0,55,1,2,0,1,0,1,1,340,4,0,7,195,5,340,7
51PHILADELPHIA1313,144,0,63,0,0,2,0,0,0,0,355,1,0,6,207,2,355,6
51PHILADELPHIA1314,197,0,54,0,0,1,0,0,1,0,420,3,3,6,251,2,420,6
51PHILADELPHIA1315,160,1,47,0,0,0,1,0,0,0,325,3,0,2,208,1,325,2
51PHILADELPHIA1316,149,0,68,0,0,0,0,1,0,0,355,0,3,4,217,1,355,4
51PHILADELPHIA1317,182,0,54,0,1,0,0,0,1,0,394,4,1,3,236,2,394,3
51PHILADELPHIA1318,245,1,71,0,0,0,0,0,3,1,465,3,0,10,317,3,465,10
51PHILADELPHIA1319,206,0,55,1,0,4,0,0,2,0,440,1,2,19,261,7,440,19
51PHILADELPHIA132,137,0,69,0,0,0,0,0,0,0,332,3,1,5,206,0,332,5
51PHILADELPHIA1320,172,0,62,0,0,0,0,0,1,0,364,2,0,4,234,1,364,4
51PHILADELPHIA1321,109,0,52,0,0,1,0,0,3,1,272,2,1,3,161,4,272,3
51PHILADELPHIA1322,208,0,88,0,0,0,0,0,1,0,522,4,2,8,296,1,522,8
51PHILADELPHIA1323,128,1,50,0,0,0,0,0,0,0,298,2,3,6,179,0,298,6
51PHILADELPHIA1324,85,0,36,0,1,1,1,0,1,0,253,1,0,6,121,4,253,6
51PHILADELPHIA1325,109,0,44,0,0,0,0,0,0,0,298,2,0,1,153,0,298,1
51PHILADELPHIA133,137,0,75,0,0,4,0,0,1,1,330,7,0,6,212,5,330,6
51PHILADELPHIA134,190,0,106,0,0,2,0,0,4,0,439,5,4,18,296,6,439,18
51PHILADELPHIA135,142,0,112,0,0,1,5,0,4,0,416,6,1,14,254,10,416,14
51PHILADELPHIA136,182,0,80,0,1,0,0,0,1,0,422,2,2,2,262,2,422,2
51PHILADELPHIA137,151,0,42,0,0,0,0,0,0,0,329,3,0,5,193,0,329,5
51PHILADELPHIA138,132,0,52,0,0,0,0,0,0,0,349,1,0,0,184,0,349,0
51PHILADELPHIA139,157,0,42,1,0,0,1,0,0,0,348,0,0,6,199,2,348,6
51PHILADELPHIA14,104,3,130,0,0,14,18,1,34,1,324,4,8,141,237,67,324,141
51PHILADELPHIA141,140,1,191,0,0,5,5,0,7,1,564,19,16,46,332,17,564,46
51PHILADELPHIA1410,155,2,121,0,0,6,0,0,4,0,439,4,7,24,278,10,439,24
51PHILADELPHIA1411,148,0,56,0,0,1,0,0,1,0,311,3,1,6,204,2,311,6
51PHILADELPHIA142,205,0,68,0,0,1,1,0,1,0,419,1,0,7,273,3,419,7
51PHILADELPHIA143,145,0,75,0,0,1,0,0,0,0,370,5,0,8,220,1,370,8
51PHILADELPHIA144,215,0,107,0,1,0,0,0,0,1,488,0,0,5,322,1,488,5
51PHILADELPHIA145,105,0,45,0,0,0,2,0,1,0,247,1,0,9,150,3,247,9
51PHILADELPHIA146,131,0,67,0,0,0,0,0,1,0,314,2,0,1,198,1,314,1
51PHILADELPHIA147,76,0,66,0,0,0,0,0,2,1,274,7,2,15,142,2,274,15
51PHILADELPHIA148,28,0,14,0,0,0,0,0,0,0,68,0,1,2,42,0,68,2
51PHILADELPHIA149,133,0,47,0,0,3,0,2,4,1,293,1,4,24,180,9,293,24
51PHILADELPHIA15,62,0,65,1,0,2,3,0,5,0,196,2,2,37,127,11,196,37
51PHILADELPHIA151,231,2,139,0,1,6,20,2,18,1,577,7,8,91,372,47,577,91
51PHILADELPHIA1510,184,0,148,0,0,3,9,0,3,0,562,7,10,33,332,15,562,33
51PHILADELPHIA1511,158,0,100,0,0,3,13,0,7,0,465,4,11,34,258,23,465,34
51PHILADELPHIA1512,127,1,165,0,0,5,6,0,12,1,408,10,15,64,293,23,408,64
51PHILADELPHIA1513,154,0,104,0,1,2,9,1,7,0,404,3,4,32,258,20,404,32
51PHILADELPHIA1514,196,1,102,0,0,5,20,0,20,0,429,2,4,68,299,45,429,68
51PHILADELPHIA1515,127,0,103,0,0,4,19,0,6,3,372,6,9,30,230,29,372,30
51PHILADELPHIA1516,194,0,109,1,0,5,17,1,13,0,478,3,6,60,303,37,478,60
51PHILADELPHIA1517,168,1,108,0,0,5,18,1,14,1,446,6,9,55,277,38,446,55
51PHILADELPHIA1518,186,0,176,0,0,8,22,1,13,0,523,4,9,57,362,44,523,57
51PHILADELPHIA1519,157,3,108,1,0,6,41,1,17,3,418,3,9,84,268,66,418,84
51PHILADELPHIA152,170,2,176,2,2,6,9,1,18,3,532,10,12,91,348,38,532,91
51PHILADELPHIA153,181,1,173,1,0,5,22,1,13,1,668,6,10,61,355,42,668,61
51PHILADELPHIA154,133,0,76,0,1,4,23,1,17,0,346,1,7,46,209,46,346,46
51PHILADELPHIA155,176,0,98,0,0,6,26,1,16,0,397,2,17,57,274,49,397,57
51PHILADELPHIA156,376,0,111,1,0,4,22,2,22,0,570,4,9,79,487,51,570,79
51PHILADELPHIA157,172,0,166,0,0,3,6,0,6,0,613,13,17,39,338,15,613,39
51PHILADELPHIA158,163,0,109,0,0,4,17,0,14,2,421,5,11,65,272,35,421,65
51PHILADELPHIA159,186,0,122,0,0,7,31,2,9,1,462,4,17,72,308,49,462,72
51PHILADELPHIA16,73,1,96,1,0,1,2,0,4,0,287,9,3,34,170,8,287,34
51PHILADELPHIA161,91,0,47,0,0,1,0,0,0,0,238,3,1,8,138,1,238,8
51PHILADELPHIA1610,90,0,27,0,0,0,0,0,1,0,217,2,1,5,117,1,217,5
51PHILADELPHIA1611,109,0,47,0,1,1,0,0,0,1,270,3,0,3,156,2,270,3
51PHILADELPHIA1612,119,1,48,0,1,0,1,0,0,0,294,1,0,4,168,2,294,4
51PHILADELPHIA1613,124,0,34,0,0,0,0,0,1,0,266,0,2,0,158,1,266,0
51PHILADELPHIA1614,82,0,26,0,0,0,0,0,0,0,181,0,4,4,108,0,181,4
51PHILADELPHIA1615,86,0,42,0,0,0,0,0,0,0,255,0,0,1,128,0,255,1
51PHILADELPHIA1616,116,2,43,0,0,2,0,0,0,0,298,0,0,4,161,2,298,4
51PHILADELPHIA1617,168,1,68,0,0,0,0,0,0,0,377,5,0,4,237,0,377,4
51PHILADELPHIA1618,182,1,61,0,0,1,1,1,0,0,391,4,0,4,244,3,391,4
51PHILADELPHIA162,105,0,68,0,0,3,2,0,3,0,301,5,2,9,173,8,301,9
51PHILADELPHIA163,142,0,45,1,0,1,1,0,0,0,370,0,1,8,187,3,370,8
51PHILADELPHIA164,115,1,22,0,0,1,0,1,0,0,280,1,1,2,138,2,280,2
51PHILADELPHIA165,114,0,25,0,0,2,0,0,1,0,309,1,0,1,139,3,309,1
51PHILADELPHIA166,99,0,41,1,0,1,0,0,2,0,266,1,4,6,140,4,266,6
51PHILADELPHIA167,142,1,51,0,0,0,0,0,1,0,310,4,1,1,194,1,310,1
51PHILADELPHIA168,125,1,39,0,0,1,0,0,0,0,295,2,0,2,165,1,295,2
51PHILADELPHIA169,122,0,46,0,0,0,0,0,0,0,279,0,1,3,168,0,279,3
51PHILADELPHIA17,71,1,80,0,0,3,1,0,3,0,239,6,2,24,152,7,239,24
51PHILADELPHIA171,165,0,65,0,0,0,1,0,2,0,334,2,1,9,230,3,334,9
51PHILADELPHIA1710,181,2,69,0,0,2,1,0,0,2,401,2,2,7,252,3,401,7
51PHILADELPHIA1711,164,0,71,0,1,1,1,0,1,1,377,2,0,6,235,4,377,6
51PHILADELPHIA1712,190,0,72,0,1,0,0,0,2,1,424,4,1,7,262,3,424,7
51PHILADELPHIA1713,174,1,69,0,0,0,0,0,0,1,391,5,3,5,244,0,391,5
51PHILADELPHIA1714,196,0,90,0,0,1,0,0,0,1,464,1,3,8,286,1,464,8
51PHILADELPHIA1715,167,1,63,0,0,0,2,0,0,0,346,5,1,4,231,2,346,4
51PHILADELPHIA1716,133,0,34,0,0,0,0,0,0,0,275,2,1,5,167,0,275,5
51PHILADELPHIA1717,147,0,56,0,0,0,0,0,0,0,334,3,2,6,203,0,334,6
51PHILADELPHIA1718,151,0,71,0,0,0,0,0,0,0,339,4,2,5,222,0,339,5
51PHILADELPHIA1719,174,0,55,0,0,0,1,0,0,0,317,3,0,3,229,1,317,3
51PHILADELPHIA172,168,0,43,0,0,0,0,0,0,1,327,2,0,3,211,0,327,3
51PHILADELPHIA1720,204,0,87,0,0,0,0,0,1,0,421,5,2,8,291,1,421,8
51PHILADELPHIA1721,201,1,95,0,0,1,1,0,0,0,481,2,3,15,297,2,481,15
51PHILADELPHIA1722,159,0,72,0,0,0,0,0,2,0,379,2,0,11,231,2,379,11
51PHILADELPHIA1723,96,0,34,0,1,1,1,0,1,0,452,3,8,62,130,4,452,62
51PHILADELPHIA1724,225,0,74,0,0,2,1,0,2,0,514,5,1,8,299,5,514,8
51PHILADELPHIA1725,154,0,51,0,0,0,0,0,1,0,332,0,1,5,205,1,332,5
51PHILADELPHIA1726,78,0,24,0,0,0,0,0,0,0,158,1,0,2,102,0,158,2
51PHILADELPHIA1727,132,1,61,0,0,1,0,0,0,0,308,3,2,3,194,1,308,3
51PHILADELPHIA1728,131,0,69,0,0,0,0,0,0,1,309,2,0,2,200,0,309,2
51PHILADELPHIA1729,157,1,61,0,0,0,0,0,0,0,392,2,2,9,219,0,392,9
51PHILADELPHIA173,191,0,75,0,0,0,0,0,0,0,424,0,1,3,266,0,424,3
51PHILADELPHIA174,283,0,46,0,0,3,0,0,0,1,435,2,0,11,329,3,435,11
51PHILADELPHIA175,168,1,63,0,0,0,1,0,0,1,361,1,0,2,232,1,361,2
51PHILADELPHIA176,195,0,85,0,0,0,0,0,0,0,412,5,2,15,280,0,412,15
51PHILADELPHIA177,216,0,82,0,0,0,0,0,1,0,496,0,1,6,298,1,496,6
51PHILADELPHIA178,187,0,67,0,0,1,1,0,2,0,410,2,3,7,254,4,410,7
51PHILADELPHIA179,163,1,66,0,0,1,1,1,0,0,344,0,0,5,230,3,344,5
51PHILADELPHIA18,75,1,116,0,0,5,4,0,13,1,289,12,5,60,192,22,289,60
51PHILADELPHIA181,162,0,307,0,1,7,11,0,21,1,816,21,14,111,469,40,816,111
51PHILADELPHIA1810,128,2,173,0,0,3,8,0,18,1,436,14,15,94,303,29,436,94
51PHILADELPHIA1811,92,1,167,1,0,11,11,0,25,3,378,7,5,140,260,48,378,140
51PHILADELPHIA1812,116,1,186,0,0,6,12,1,32,1,410,7,10,119,303,51,410,119
51PHILADELPHIA1813,86,0,63,0,0,2,1,1,2,0,265,4,0,19,149,6,265,19
51PHILADELPHIA1814,124,0,109,0,0,6,3,0,9,0,383,11,5,33,233,18,383,33
51PHILADELPHIA1815,90,0,97,0,0,1,2,0,1,0,294,9,2,13,187,4,294,13
51PHILADELPHIA1816,105,1,116,1,0,6,4,1,4,2,412,8,5,60,222,16,412,60
51PHILADELPHIA1817,161,2,191,1,0,7,2,0,4,0,569,12,9,44,354,14,569,44
51PHILADELPHIA182,131,0,250,0,0,7,10,3,28,0,613,20,22,135,381,48,613,135
51PHILADELPHIA183,78,0,27,0,0,2,0,0,1,0,220,1,3,9,105,3,220,9
51PHILADELPHIA184,111,4,143,0,0,2,12,0,20,2,373,13,8,101,258,34,373,101
51PHILADELPHIA185,79,1,168,0,1,6,12,1,28,2,357,7,15,113,248,48,357,113
51PHILADELPHIA186,78,0,158,1,1,5,16,1,24,0,411,6,13,89,236,48,411,89
51PHILADELPHIA187,101,2,161,1,0,2,7,1,16,0,361,13,12,116,264,27,361,116
51PHILADELPHIA188,71,0,19,0,0,0,0,0,1,0,169,2,0,12,90,1,169,12
51PHILADELPHIA189,189,1,162,0,2,5,3,0,11,0,592,7,8,61,352,21,592,61
51PHILADELPHIA19,101,1,104,0,0,3,6,1,16,0,315,6,5,95,206,26,315,95
51PHILADELPHIA191,113,0,35,0,0,4,0,0,0,0,314,0,0,21,148,4,314,21
51PHILADELPHIA1910,145,0,70,1,0,5,3,2,2,2,405,2,3,28,215,13,405,28
51PHILADELPHIA1911,116,0,40,0,0,0,0,0,2,0,322,3,1,17,156,2,322,17
51PHILADELPHIA1912,147,0,54,0,0,1,0,0,4,0,356,3,1,16,201,5,356,16
51PHILADELPHIA1913,149,0,28,0,1,2,0,1,3,0,312,1,0,9,177,7,312,9
51PHILADELPHIA1914,50,1,19,0,0,0,0,0,0,0,133,0,1,8,70,0,133,8
51PHILADELPHIA1915,97,0,28,0,0,0,0,0,0,1,244,1,1,4,125,0,244,4
51PHILADELPHIA1916,172,1,29,0,0,0,0,0,3,1,400,5,0,17,202,3,400,17
51PHILADELPHIA1917,108,0,13,0,0,1,0,0,0,1,242,2,0,6,121,1,242,6
51PHILADELPHIA1918,135,0,24,0,0,1,1,0,0,0,268,2,1,4,159,2,268,4
51PHILADELPHIA1919,115,1,21,0,0,0,0,0,0,0,255,4,2,14,137,0,255,14
51PHILADELPHIA192,136,0,39,0,0,2,1,1,2,0,413,0,1,21,175,6,413,21
51PHILADELPHIA193,109,0,19,0,0,0,0,0,1,0,278,0,0,16,128,1,278,16
51PHILADELPHIA194,104,0,20,0,0,1,0,0,1,0,301,1,1,8,124,2,301,8
51PHILADELPHIA195,82,0,26,0,0,5,0,1,0,0,212,4,0,14,108,6,212,14
51PHILADELPHIA196,94,1,20,0,1,2,1,1,0,0,235,0,4,7,115,5,235,7
51PHILADELPHIA197,130,0,25,0,0,4,0,0,2,0,317,0,2,13,155,6,317,13
51PHILADELPHIA198,109,0,26,0,0,6,0,0,1,0,299,0,0,14,135,7,299,14
51PHILADELPHIA199,141,2,23,0,0,0,0,0,0,1,327,2,1,12,166,0,327,12
51PHILADELPHIA201,105,0,125,0,0,4,2,0,3,1,494,10,10,41,230,9,494,41
51PHILADELPHIA2010,154,0,78,0,0,2,0,0,2,0,387,3,5,9,232,4,387,9
51PHILADELPHIA2011,25,1,183,0,0,5,13,1,9,0,718,8,15,129,209,28,718,129
51PHILADELPHIA202,86,1,36,0,0,2,0,0,0,0,205,7,0,9,123,2,205,9
51PHILADELPHIA203,164,0,104,0,0,0,2,1,0,0,418,3,3,13,268,3,418,13
51PHILADELPHIA204,216,1,48,0,0,0,0,0,1,0,410,1,0,9,265,1,410,9
51PHILADELPHIA205,69,0,25,0,0,0,0,0,4,0,164,2,1,7,94,4,164,7
51PHILADELPHIA206,243,0,87,0,1,0,0,0,1,0,454,6,3,12,330,2,454,12
51PHILADELPHIA207,144,2,196,0,0,2,9,0,3,1,797,17,16,93,342,14,797,93
51PHILADELPHIA208,57,0,23,0,0,0,0,0,0,0,133,1,3,9,80,0,133,9
51PHILADELPHIA209,83,0,106,0,0,0,3,0,3,1,476,8,16,53,189,6,476,53
51PHILADELPHIA21,156,3,163,0,0,11,22,0,33,0,469,2,11,140,322,66,469,140
51PHILADELPHIA210,130,1,131,0,0,4,4,0,19,1,409,4,4,85,262,27,409,85
51PHILADELPHIA211,173,2,269,3,4,15,39,2,54,2,818,17,24,196,444,117,818,196
51PHILADELPHIA2110,77,1,79,0,0,7,10,0,19,1,262,2,10,85,157,36,262,85
51PHILADELPHIA2111,103,2,100,0,0,9,15,0,18,1,361,4,14,70,205,42,361,70
51PHILADELPHIA2112,75,1,98,1,0,6,15,0,15,0,285,4,18,83,174,37,285,83
51PHILADELPHIA2113,80,2,99,2,1,9,18,0,24,1,307,5,15,106,181,54,307,106
51PHILADELPHIA2114,176,1,139,0,0,6,9,0,24,1,443,4,10,102,316,39,443,102
51PHILADELPHIA2115,71,1,137,0,0,7,18,0,32,1,361,13,16,98,209,57,361,98
51PHILADELPHIA2116,67,1,67,0,0,17,15,0,30,2,224,3,10,116,135,62,224,116
51PHILADELPHIA2117,118,3,123,0,1,7,16,0,40,0,333,1,13,146,244,64,333,146
51PHILADELPHIA2118,81,1,100,0,0,11,7,0,16,0,275,6,10,112,182,34,275,112
51PHILADELPHIA2119,84,1,90,3,1,8,9,1,22,4,291,3,17,82,175,44,291,82
51PHILADELPHIA212,205,0,259,1,1,20,32,3,40,2,838,8,38,213,464,97,838,213
51PHILADELPHIA2120,88,1,93,0,0,8,15,0,16,0,279,6,9,81,182,39,279,81
51PHILADELPHIA2121,70,0,99,0,1,8,30,1,42,1,310,3,18,132,169,82,310,132
51PHILADELPHIA2122,146,1,149,1,0,11,16,0,54,1,484,9,26,219,296,82,484,219
51PHILADELPHIA2123,193,0,172,0,0,4,13,0,9,0,696,16,16,82,365,26,696,82
51PHILADELPHIA2124,308,1,219,0,0,12,5,0,17,0,711,13,5,60,528,34,711,60
51PHILADELPHIA2125,99,1,123,0,0,15,25,0,41,1,359,5,9,160,223,81,359,160
51PHILADELPHIA2126,68,3,110,2,0,14,14,1,35,1,272,7,21,132,181,66,272,132
51PHILADELPHIA2127,107,3,91,1,0,16,12,3,19,1,372,11,15,123,201,51,372,123
51PHILADELPHIA2128,110,1,114,1,0,20,10,1,45,1,298,2,8,160,225,77,298,160
51PHILADELPHIA2129,135,6,166,0,1,18,13,0,56,2,464,6,26,257,307,88,464,257
51PHILADELPHIA213,177,0,131,0,1,8,10,1,5,1,532,9,11,66,308,25,532,66
51PHILADELPHIA2130,156,2,147,1,0,18,18,2,45,2,445,11,18,188,305,84,445,188
51PHILADELPHIA2131,102,1,102,0,0,14,20,1,45,0,285,1,13,175,205,80,285,175
51PHILADELPHIA2132,97,1,75,0,0,14,18,1,37,2,242,6,2,158,173,70,242,158
51PHILADELPHIA2133,200,6,177,1,0,14,20,1,65,2,500,11,19,283,383,101,500,283
51PHILADELPHIA2134,215,3,158,0,1,28,25,4,75,0,501,7,18,292,376,133,501,292
51PHILADELPHIA2135,104,4,152,1,0,11,17,0,20,0,419,13,23,141,260,49,419,141
51PHILADELPHIA2136,49,0,87,0,1,0,17,0,23,0,256,3,13,89,136,41,256,89
51PHILADELPHIA2137,80,0,110,1,0,14,18,1,33,0,277,4,23,134,190,67,277,134
51PHILADELPHIA2138,112,2,98,1,0,26,12,0,40,0,277,4,9,213,212,79,277,213
51PHILADELPHIA2139,129,4,154,1,0,12,31,2,62,4,470,10,20,228,287,108,470,228
51PHILADELPHIA214,226,1,177,0,1,10,24,2,25,0,730,11,17,140,404,62,730,140
51PHILADELPHIA2140,142,1,131,0,1,13,17,3,61,2,406,6,16,205,274,95,406,205
51PHILADELPHIA2141,140,4,134,1,0,21,25,2,51,3,370,8,7,208,278,100,370,208
51PHILADELPHIA2142,94,3,90,0,0,15,15,0,50,0,242,6,5,183,187,80,242,183
51PHILADELPHIA2143,84,2,80,0,0,15,20,0,31,0,241,0,10,133,166,66,241,133
51PHILADELPHIA2144,89,2,93,0,0,28,30,1,61,0,234,7,7,242,184,120,234,242
51PHILADELPHIA2145,199,2,74,3,1,14,25,0,38,0,332,2,3,123,275,81,332,123
51PHILADELPHIA215,373,4,317,1,0,39,56,1,83,5,1096,14,36,305,694,180,1096,305
51PHILADELPHIA216,308,3,317,2,0,15,39,1,29,5,1006,12,28,142,628,86,1006,142
51PHILADELPHIA217,217,1,258,1,1,9,34,3,40,0,803,8,26,151,476,88,803,151
51PHILADELPHIA218,202,1,161,0,1,10,15,3,35,0,672,8,29,152,364,64,672,152
51PHILADELPHIA219,223,3,242,1,0,18,42,1,40,2,807,15,29,186,468,102,807,186
51PHILADELPHIA22,86,0,105,0,0,5,2,0,14,0,290,3,4,58,191,21,290,58
51PHILADELPHIA220,110,1,61,0,0,1,8,0,18,0,300,1,6,36,172,27,300,36
51PHILADELPHIA221,411,1,293,1,1,5,22,1,6,0,1049,13,8,53,705,36,1049,53
51PHILADELPHIA2210,178,0,142,0,0,2,3,0,5,0,468,8,5,17,320,10,468,17
51PHILADELPHIA2211,123,0,77,0,0,1,1,0,4,0,301,2,3,16,200,6,301,16
51PHILADELPHIA2212,166,0,93,0,0,1,0,1,1,2,387,7,2,8,259,3,387,8
51PHILADELPHIA2213,192,0,87,1,0,1,0,0,0,1,425,7,2,10,279,2,425,10
51PHILADELPHIA2214,198,0,113,0,0,3,2,1,2,0,518,10,2,9,311,8,518,9
51PHILADELPHIA2215,200,0,83,1,0,1,1,0,0,2,466,2,2,4,283,3,466,4
51PHILADELPHIA2216,129,1,134,0,0,0,3,0,1,1,420,2,11,10,264,4,420,10
51PHILADELPHIA2217,191,1,105,0,0,0,3,0,0,0,393,6,6,10,297,3,393,10
51PHILADELPHIA2218,181,0,92,1,0,1,2,0,1,0,352,5,4,10,273,5,352,10
51PHILADELPHIA2219,159,2,99,0,0,3,0,0,2,0,403,6,3,14,260,5,403,14
51PHILADELPHIA222,476,2,336,0,0,11,22,1,16,0,1138,12,17,78,814,50,1138,78
51PHILADELPHIA2220,157,0,72,0,0,1,2,1,1,0,337,3,1,7,229,5,337,7
51PHILADELPHIA2221,183,2,81,0,0,1,1,0,0,1,396,4,2,3,266,2,396,3
51PHILADELPHIA2222,184,1,75,0,0,3,1,0,0,0,431,5,1,7,260,4,431,7
51PHILADELPHIA2223,179,0,116,0,0,3,6,0,5,0,407,6,4,11,295,14,407,11
51PHILADELPHIA2224,243,1,116,0,0,6,3,0,0,0,486,3,2,17,360,9,486,17
51PHILADELPHIA2225,135,2,67,0,0,0,1,0,1,1,264,3,0,5,204,2,264,5
51PHILADELPHIA2226,196,0,95,0,0,2,3,1,3,0,387,7,4,10,291,9,387,10
51PHILADELPHIA2227,249,0,78,0,0,2,0,0,1,2,437,5,1,4,327,3,437,4
51PHILADELPHIA2228,214,0,55,0,0,0,0,0,1,0,380,4,1,4,269,1,380,4
51PHILADELPHIA2229,217,1,77,0,0,1,0,0,1,0,432,4,2,14,295,2,432,14
51PHILADELPHIA223,423,0,269,0,0,6,19,0,20,0,991,12,11,77,692,45,991,77
51PHILADELPHIA224,346,0,268,0,1,8,22,1,26,1,878,10,11,75,614,58,878,75
51PHILADELPHIA225,365,0,340,0,1,7,21,0,12,3,1089,20,18,77,705,41,1089,77
51PHILADELPHIA226,535,4,408,1,0,13,34,3,19,2,1361,23,26,116,947,70,1361,116
51PHILADELPHIA227,456,2,287,2,0,13,36,2,35,0,1166,20,25,171,745,88,1166,171
51PHILADELPHIA228,156,2,107,0,0,1,2,0,3,0,374,1,3,10,265,6,374,10
51PHILADELPHIA229,146,0,102,0,0,1,0,0,1,0,398,3,2,8,248,2,398,8
51PHILADELPHIA23,83,0,110,1,0,2,5,0,17,0,285,5,3,61,193,25,285,61
51PHILADELPHIA231,61,0,36,0,0,3,1,0,1,0,221,1,4,26,97,5,221,26
51PHILADELPHIA2310,154,5,138,0,2,17,7,2,28,0,497,7,9,92,297,56,497,92
51PHILADELPHIA2311,140,1,60,0,0,4,4,0,1,3,445,8,1,39,201,9,445,39
51PHILADELPHIA2312,123,3,44,0,0,1,1,0,5,3,417,5,2,32,170,7,417,32
51PHILADELPHIA2313,154,4,91,0,0,8,12,1,15,1,418,6,4,77,249,36,418,77
51PHILADELPHIA2314,93,1,74,0,0,4,8,0,50,0,239,7,1,148,168,62,239,148
51PHILADELPHIA2315,74,0,39,0,0,7,0,0,15,0,273,1,1,53,113,22,273,53
51PHILADELPHIA2316,145,0,55,0,0,1,0,0,2,1,339,3,1,17,200,3,339,17
51PHILADELPHIA2317,101,0,56,0,0,3,0,0,2,0,324,0,0,14,157,5,324,14
51PHILADELPHIA2318,163,0,44,0,1,4,0,0,0,0,380,0,1,3,207,5,380,3
51PHILADELPHIA2319,112,0,49,0,0,1,0,3,4,2,306,2,1,14,161,8,306,14
51PHILADELPHIA232,71,2,45,1,0,8,2,0,6,0,286,4,2,41,118,17,286,41
51PHILADELPHIA2320,126,0,74,0,0,3,1,0,8,3,382,3,3,38,200,12,382,38
51PHILADELPHIA2321,202,1,39,0,0,3,0,0,3,0,427,2,0,21,242,6,427,21
51PHILADELPHIA2322,84,0,58,0,0,2,1,0,11,0,326,4,1,43,142,14,326,43
51PHILADELPHIA2323,54,0,41,0,0,2,1,0,8,1,228,2,2,38,95,11,228,38
51PHILADELPHIA233,64,1,34,0,0,0,0,0,3,0,228,1,1,39,99,3,228,39
51PHILADELPHIA234,123,1,70,0,1,5,4,0,17,0,359,6,6,65,194,27,359,65
51PHILADELPHIA235,99,1,53,0,0,5,0,0,8,0,360,1,1,38,153,13,360,38
51PHILADELPHIA236,102,0,57,0,0,2,3,0,7,1,402,6,3,30,159,12,402,30
51PHILADELPHIA237,105,2,64,0,0,3,1,0,6,0,355,4,1,38,171,10,355,38
51PHILADELPHIA238,130,0,78,0,0,10,1,1,16,0,347,3,2,58,208,28,347,58
51PHILADELPHIA239,128,1,89,1,1,10,10,1,20,0,348,9,9,64,218,43,348,64
51PHILADELPHIA24,85,2,139,0,0,6,4,0,17,1,346,9,6,81,226,27,346,81
51PHILADELPHIA241,93,0,103,0,0,7,14,0,6,0,349,7,11,37,196,27,349,37
51PHILADELPHIA2410,19,0,90,0,0,6,6,2,10,1,298,10,17,65,109,24,298,65
51PHILADELPHIA2411,84,0,87,1,0,2,4,0,2,0,297,12,6,14,171,9,297,14
51PHILADELPHIA2412,181,0,39,1,0,1,1,0,1,0,320,5,2,3,220,4,320,3
51PHILADELPHIA2413,114,0,50,1,1,0,0,0,0,0,276,0,2,6,164,2,276,6
51PHILADELPHIA2414,149,1,60,0,0,0,0,0,1,0,323,2,0,7,210,1,323,7
51PHILADELPHIA2415,104,0,30,0,0,0,0,0,0,0,224,1,0,6,134,0,224,6
51PHILADELPHIA2416,65,0,36,0,0,0,0,0,0,0,186,3,0,0,101,0,186,0
51PHILADELPHIA2417,78,0,42,0,0,1,0,0,0,0,186,2,1,5,120,1,186,5
51PHILADELPHIA2418,17,0,108,0,0,4,11,0,9,0,408,9,25,86,125,24,408,86
51PHILADELPHIA2419,19,0,73,0,0,3,7,0,2,2,313,7,15,58,92,12,313,58
51PHILADELPHIA242,85,1,96,0,0,0,3,0,2,1,341,8,4,23,182,5,341,23
51PHILADELPHIA243,152,0,110,0,0,1,3,0,0,1,413,1,7,13,262,4,413,13
51PHILADELPHIA244,119,0,99,0,0,1,1,0,0,0,335,6,6,9,218,2,335,9
51PHILADELPHIA245,100,0,161,1,0,6,7,0,5,1,410,14,10,28,261,19,410,28
51PHILADELPHIA246,263,2,167,0,0,2,7,0,11,1,712,9,20,69,432,20,712,69
51PHILADELPHIA247,156,0,83,0,0,2,0,0,2,0,366,4,0,8,239,4,366,8
51PHILADELPHIA248,116,2,161,0,1,1,1,0,0,0,492,13,7,31,279,3,492,31
51PHILADELPHIA249,105,0,47,1,0,2,0,0,0,0,276,3,1,3,152,3,276,3
51PHILADELPHIA25,99,1,151,0,0,3,7,0,13,0,319,6,6,87,251,23,319,87
51PHILADELPHIA251,48,1,58,0,0,6,5,1,33,0,185,8,8,137,107,45,185,137
51PHILADELPHIA2510,27,1,50,1,0,6,11,3,40,2,142,4,6,121,78,61,142,121
51PHILADELPHIA2511,46,0,51,0,0,5,6,0,31,1,223,5,3,107,97,42,223,107
51PHILADELPHIA2512,56,1,60,0,0,12,6,1,43,1,180,3,9,136,117,62,180,136
51PHILADELPHIA2513,84,0,40,1,0,0,1,0,3,1,275,1,0,18,124,5,275,18
51PHILADELPHIA2514,56,2,24,0,0,2,0,0,3,0,187,3,1,32,82,5,187,32
51PHILADELPHIA2515,62,1,27,2,1,2,1,0,4,1,230,1,0,34,90,10,230,34
51PHILADELPHIA2516,53,0,25,0,0,0,0,0,3,0,183,0,2,16,78,3,183,16
51PHILADELPHIA2517,79,1,25,0,0,2,1,0,4,1,243,1,0,17,105,7,243,17
51PHILADELPHIA2518,64,1,49,1,0,7,3,0,3,1,251,8,1,37,114,14,251,37
51PHILADELPHIA2519,62,1,30,0,0,4,0,1,3,1,242,0,1,46,93,8,242,46
51PHILADELPHIA252,61,0,32,0,0,5,4,1,11,2,219,5,6,46,93,21,219,46
51PHILADELPHIA2520,64,1,20,0,0,4,0,1,2,0,305,1,1,9,85,7,305,9
51PHILADELPHIA2521,46,1,30,0,0,6,0,0,3,2,211,3,1,36,77,9,211,36
51PHILADELPHIA2522,40,0,50,0,0,13,7,0,28,3,158,1,4,120,90,48,158,120
51PHILADELPHIA2523,64,1,39,1,0,9,1,1,19,1,240,6,0,80,104,31,240,80
51PHILADELPHIA2524,59,0,54,0,0,3,4,0,23,1,212,8,4,67,113,30,212,67
51PHILADELPHIA253,70,1,77,0,0,18,11,1,37,3,226,8,4,163,148,67,226,163
51PHILADELPHIA254,49,1,71,0,1,8,8,0,41,1,195,8,10,139,121,58,195,139
51PHILADELPHIA255,60,3,75,0,0,12,11,4,42,2,187,5,5,179,138,69,187,179
51PHILADELPHIA256,48,1,61,0,1,11,13,0,34,0,166,8,11,125,110,59,166,125
51PHILADELPHIA257,64,1,64,0,2,11,10,0,54,3,167,3,5,185,129,77,167,185
51PHILADELPHIA258,55,1,69,0,0,7,9,0,31,2,200,1,5,122,125,47,200,122
51PHILADELPHIA259,55,1,27,0,0,4,1,1,10,0,213,0,3,42,83,16,213,42
51PHILADELPHIA26,125,2,165,1,0,2,8,1,25,1,392,4,5,97,292,37,392,97
51PHILADELPHIA261,90,0,61,0,0,5,2,1,60,0,153,3,6,226,151,68,153,226
51PHILADELPHIA2610,52,0,70,0,0,7,2,0,30,1,183,8,3,123,122,39,183,123
51PHILADELPHIA2611,87,2,105,1,1,5,4,0,23,3,198,4,6,171,194,34,198,171
51PHILADELPHIA2612,64,3,75,0,2,9,8,2,63,1,208,9,3,180,142,84,208,180
51PHILADELPHIA2613,79,1,73,0,0,9,4,1,26,1,152,3,1,175,153,40,152,175
51PHILADELPHIA2614,59,2,81,0,0,10,9,0,51,3,186,2,7,172,142,70,186,172
51PHILADELPHIA2615,60,1,66,0,0,13,13,0,43,0,141,1,7,190,127,69,141,190
51PHILADELPHIA2616,62,1,103,0,1,4,4,1,31,0,258,10,9,117,166,41,258,117
51PHILADELPHIA2617,55,3,93,0,0,7,4,0,17,0,205,7,5,121,151,28,205,121
51PHILADELPHIA2618,63,1,80,0,0,7,7,0,49,1,193,4,3,180,144,63,193,180
51PHILADELPHIA2619,73,2,71,0,0,18,10,1,48,2,227,4,1,180,146,77,227,180
51PHILADELPHIA262,92,5,59,0,0,14,13,0,99,0,193,0,3,390,156,126,193,390
51PHILADELPHIA2620,20,1,12,0,0,2,0,1,17,0,58,0,1,73,33,20,58,73
51PHILADELPHIA2621,42,0,68,0,0,1,5,0,33,1,162,5,3,152,110,39,162,152
51PHILADELPHIA2622,56,1,94,1,0,1,6,0,32,2,225,9,5,90,151,40,225,90
51PHILADELPHIA2623,177,5,110,0,0,15,13,1,74,0,451,5,10,332,292,103,451,332
51PHILADELPHIA263,62,4,62,0,0,7,11,1,82,0,124,1,7,267,128,101,124,267
51PHILADELPHIA264,51,2,62,0,0,13,5,0,39,1,129,4,6,262,115,57,129,262
51PHILADELPHIA265,56,1,69,0,0,10,4,1,59,0,166,1,6,237,126,74,166,237
51PHILADELPHIA266,97,2,113,1,1,4,10,0,55,0,194,1,10,286,212,71,194,286
51PHILADELPHIA267,80,1,68,0,0,4,7,0,56,1,182,2,8,239,149,67,182,239
51PHILADELPHIA268,94,1,70,2,0,19,19,0,62,3,196,4,8,250,165,102,196,250
51PHILADELPHIA269,83,2,70,0,0,10,10,1,47,0,193,0,5,259,155,68,193,259
51PHILADELPHIA27,119,1,182,0,0,3,13,1,15,2,467,6,13,83,302,32,467,83
51PHILADELPHIA271,72,0,84,0,0,6,8,0,2,0,351,7,10,29,156,16,351,29
51PHILADELPHIA2710,47,0,70,0,0,1,3,0,2,0,262,2,2,14,117,6,262,14
51PHILADELPHIA2711,80,1,108,0,0,6,16,0,9,0,566,6,12,63,189,31,566,63
51PHILADELPHIA2712,96,1,66,0,0,0,0,0,2,0,275,3,3,4,163,2,275,4
51PHILADELPHIA2713,77,1,128,0,0,4,3,0,6,0,345,6,3,17,206,13,345,17
51PHILADELPHIA2714,83,1,177,0,0,4,6,0,3,1,465,9,0,27,261,13,465,27
51PHILADELPHIA2715,133,0,92,2,1,1,2,0,1,1,388,5,3,12,225,7,388,12
51PHILADELPHIA2716,95,1,75,0,0,0,0,0,0,0,285,6,0,14,171,0,285,14
51PHILADELPHIA2717,120,0,50,0,0,0,1,0,1,0,268,0,2,9,170,2,268,9
51PHILADELPHIA2718,68,0,108,1,0,3,12,0,3,2,516,4,7,36,176,19,516,36
51PHILADELPHIA2719,99,0,174,0,0,10,23,0,6,0,602,12,20,81,273,39,602,81
51PHILADELPHIA272,110,0,170,1,0,3,4,0,2,0,445,15,4,20,280,10,445,20
51PHILADELPHIA2720,65,0,138,0,0,5,9,1,7,0,486,7,6,32,203,22,486,32
51PHILADELPHIA2721,63,0,110,0,0,6,12,0,4,0,425,3,6,30,173,22,425,30
51PHILADELPHIA2722,186,0,228,0,0,14,49,0,16,0,973,9,21,122,414,79,973,122
51PHILADELPHIA2723,114,0,191,0,0,5,10,0,8,0,509,10,10,32,305,23,509,32
51PHILADELPHIA273,52,0,78,0,0,6,15,0,3,1,486,8,13,52,130,24,486,52
51PHILADELPHIA274,119,0,43,0,0,0,0,0,0,0,308,4,0,0,162,0,308,0
51PHILADELPHIA275,50,0,111,1,0,7,5,1,2,0,339,9,9,28,161,16,339,28
51PHILADELPHIA276,97,0,118,0,0,5,11,1,3,1,487,7,6,29,215,20,487,29
51PHILADELPHIA277,86,0,122,1,0,5,4,0,8,0,356,6,4,35,208,18,356,35
51PHILADELPHIA278,42,0,51,0,0,2,13,0,4,0,312,1,11,23,93,19,312,23
51PHILADELPHIA279,88,0,98,0,0,3,24,0,1,0,577,4,13,44,186,28,577,44
51PHILADELPHIA28,91,1,112,0,0,2,1,2,10,1,319,8,5,68,204,15,319,68
51PHILADELPHIA281,88,0,23,0,0,1,0,0,0,0,254,2,0,5,111,1,254,5
51PHILADELPHIA2810,130,0,43,0,0,0,0,0,1,0,295,0,0,2,173,1,295,2
51PHILADELPHIA2811,101,0,40,0,0,1,1,0,0,0,235,0,0,1,141,2,235,1
51PHILADELPHIA2812,143,0,31,0,0,0,0,0,0,0,296,1,0,1,174,0,296,1
51PHILADELPHIA2813,138,0,44,0,0,1,0,0,0,0,328,0,0,2,182,1,328,2
51PHILADELPHIA2814,116,0,29,0,0,0,1,0,0,0,267,0,2,1,145,1,267,1
51PHILADELPHIA2815,112,1,33,0,0,1,0,0,0,0,278,1,1,0,146,1,278,0
51PHILADELPHIA2816,117,0,41,0,1,1,0,0,1,0,242,2,1,4,158,3,242,4
51PHILADELPHIA2817,120,0,24,0,0,0,1,0,0,0,235,0,1,4,144,1,235,4
51PHILADELPHIA2818,137,0,38,0,0,0,1,0,1,0,310,0,0,5,175,2,310,5
51PHILADELPHIA282,110,0,43,0,0,0,0,0,0,0,278,0,1,4,153,0,278,4
51PHILADELPHIA283,159,0,45,0,0,0,0,0,0,0,335,1,1,1,204,0,335,1
51PHILADELPHIA284,138,1,34,0,0,1,0,0,2,1,286,1,0,9,173,3,286,9
51PHILADELPHIA285,170,0,50,0,0,0,1,0,0,0,366,4,1,2,220,1,366,2
51PHILADELPHIA286,163,1,52,0,0,0,0,0,0,0,346,0,0,4,216,0,346,4
51PHILADELPHIA287,94,0,37,0,0,0,0,0,0,0,241,0,0,1,131,0,241,1
51PHILADELPHIA288,198,0,60,0,0,0,0,0,0,0,419,3,1,6,258,0,419,6
51PHILADELPHIA289,174,0,79,0,0,0,0,0,0,0,412,1,0,4,253,0,412,4
51PHILADELPHIA29,138,2,128,0,0,5,13,0,9,0,428,3,8,35,268,27,428,35
51PHILADELPHIA291,97,1,79,1,0,1,2,0,9,1,313,3,6,26,177,13,313,26
51PHILADELPHIA2910,185,0,143,2,0,5,12,2,3,0,609,7,10,37,328,24,609,37
51PHILADELPHIA2911,109,1,107,0,1,4,8,0,5,0,358,6,3,15,217,18,358,15
51PHILADELPHIA2912,149,0,77,1,0,2,2,0,3,0,346,5,5,10,226,8,346,10
51PHILADELPHIA2913,159,0,57,0,0,0,3,0,0,1,352,5,1,5,216,3,352,5
51PHILADELPHIA2914,94,0,47,1,0,0,0,0,0,0,197,0,0,2,141,1,197,2
51PHILADELPHIA2915,129,1,39,0,0,2,1,0,0,1,288,0,2,6,169,3,288,6
51PHILADELPHIA2916,150,2,55,0,0,2,0,0,0,0,303,0,0,1,207,2,303,1
51PHILADELPHIA2917,109,0,56,0,0,1,1,0,1,0,231,11,1,4,165,3,231,4
51PHILADELPHIA2918,165,0,35,0,0,2,1,0,1,0,304,4,3,5,200,4,304,5
51PHILADELPHIA292,53,0,25,0,0,0,0,0,0,0,158,1,1,1,78,0,158,1
51PHILADELPHIA293,162,0,155,1,1,1,9,1,2,0,475,14,8,17,317,15,475,17
51PHILADELPHIA294,76,0,16,0,0,4,0,1,1,0,164,0,1,8,92,6,164,8
51PHILADELPHIA295,69,0,24,0,0,0,0,0,0,0,177,0,0,3,93,0,177,3
51PHILADELPHIA296,71,0,25,0,0,1,0,1,0,0,169,0,0,3,96,2,169,3
51PHILADELPHIA297,34,0,4,1,0,0,0,0,0,0,19,0,0,0,38,1,19,0
51PHILADELPHIA298,70,2,30,0,0,1,0,0,1,0,196,1,0,5,102,2,196,5
51PHILADELPHIA299,92,0,21,0,0,0,2,0,0,0,182,0,0,4,113,2,182,4
51PHILADELPHIA301,301,2,154,1,0,6,17,1,19,0,749,7,9,66,457,44,749,66
51PHILADELPHIA3010,138,2,80,0,0,2,14,0,14,2,416,5,6,36,220,30,416,36
51PHILADELPHIA3011,137,0,111,0,0,1,16,0,12,0,464,7,8,48,248,29,464,48
51PHILADELPHIA3012,168,0,102,1,0,2,15,1,6,2,457,9,6,33,270,25,457,33
51PHILADELPHIA3013,200,0,157,0,0,9,9,0,8,1,570,4,8,44,357,26,570,44
51PHILADELPHIA3014,153,0,119,0,0,2,9,0,1,0,447,4,9,21,272,12,447,21
51PHILADELPHIA3015,224,0,121,0,1,6,15,1,2,1,589,4,4,26,345,25,589,26
51PHILADELPHIA3016,201,2,162,0,0,11,31,1,7,3,588,8,5,81,365,50,588,81
51PHILADELPHIA3017,302,1,194,0,0,9,50,1,32,1,1030,10,21,136,497,92,1030,136
51PHILADELPHIA302,170,1,95,3,0,6,12,0,9,0,426,2,9,49,266,30,426,49
51PHILADELPHIA303,156,1,112,1,0,4,19,0,5,0,461,5,10,42,269,29,461,42
51PHILADELPHIA304,79,0,76,0,0,3,5,0,3,0,282,5,4,23,155,11,282,23
51PHILADELPHIA305,132,0,89,0,0,6,10,1,5,0,414,1,5,42,221,22,414,42
51PHILADELPHIA306,243,0,120,0,0,8,21,0,9,0,571,5,13,33,363,38,571,33
51PHILADELPHIA307,333,0,186,0,0,6,28,0,16,0,837,5,8,62,519,50,837,62
51PHILADELPHIA308,240,1,115,0,0,5,19,0,11,1,547,3,9,48,356,35,547,48
51PHILADELPHIA309,208,2,147,0,0,6,25,1,9,2,625,4,17,39,357,41,625,39
51PHILADELPHIA31,151,0,71,0,0,0,0,0,0,0,383,1,1,3,222,0,383,3
51PHILADELPHIA310,157,0,64,0,0,0,0,0,0,0,402,2,0,2,221,0,402,2
51PHILADELPHIA311,268,2,250,0,0,10,5,0,11,3,834,19,7,49,520,26,834,49
51PHILADELPHIA3110,26,1,74,0,1,2,5,1,2,0,188,9,4,45,101,11,188,45
51PHILADELPHIA3111,85,0,121,0,0,2,6,1,17,4,338,16,5,62,206,26,338,62
51PHILADELPHIA3112,66,1,74,0,0,4,1,1,4,2,281,14,5,49,141,10,281,49
51PHILADELPHIA3113,75,0,120,0,0,7,9,0,17,0,255,4,5,84,195,33,255,84
51PHILADELPHIA3114,78,1,144,0,1,8,11,1,28,1,286,11,9,105,223,49,286,105
51PHILADELPHIA3115,90,1,126,1,0,8,13,1,33,0,328,4,15,118,217,56,328,118
51PHILADELPHIA3116,100,2,149,0,0,12,7,1,40,4,334,9,14,145,251,60,334,145
51PHILADELPHIA3117,53,2,84,0,0,6,6,0,31,0,219,5,7,102,139,43,219,102
51PHILADELPHIA3118,62,2,104,0,0,6,4,0,18,0,219,6,3,67,168,28,219,67
51PHILADELPHIA3119,75,0,92,0,0,3,5,0,27,1,222,5,4,111,167,35,222,111
51PHILADELPHIA312,223,0,103,0,0,3,2,0,1,0,593,5,1,28,326,6,593,28
51PHILADELPHIA313,220,1,210,1,0,3,8,0,14,0,713,13,7,57,431,26,713,57
51PHILADELPHIA314,301,4,256,0,1,9,8,0,35,0,775,11,13,145,561,53,775,145
51PHILADELPHIA315,272,3,201,0,2,4,9,1,20,0,738,9,10,83,476,36,738,83
51PHILADELPHIA316,256,0,218,2,0,15,9,0,24,1,791,10,12,83,474,50,791,83
51PHILADELPHIA317,329,2,244,0,0,12,7,0,35,1,821,21,18,171,575,54,821,171
51PHILADELPHIA318,265,2,235,0,0,7,4,3,19,3,836,14,6,76,502,33,836,76
51PHILADELPHIA319,302,0,234,1,0,3,3,0,14,4,808,15,8,50,536,21,808,50
51PHILADELPHIA32,191,0,57,0,0,0,0,0,2,0,448,0,3,7,248,2,448,7
51PHILADELPHIA320,142,0,65,1,0,0,1,2,2,0,357,1,0,5,207,6,357,5
51PHILADELPHIA321,194,0,82,0,0,0,0,0,0,0,487,2,0,6,276,0,487,6
51PHILADELPHIA3210,130,0,64,0,0,1,1,0,1,1,338,3,0,6,194,3,338,6
51PHILADELPHIA3211,111,1,95,0,0,0,0,1,4,0,392,8,3,22,207,5,392,22
51PHILADELPHIA3212,100,0,84,0,0,0,0,0,0,0,349,8,1,11,184,0,349,11
51PHILADELPHIA3213,79,2,29,0,0,0,0,0,0,0,183,7,0,4,110,0,183,4
51PHILADELPHIA3214,49,0,18,0,0,0,1,0,0,0,140,0,0,1,67,1,140,1
51PHILADELPHIA3215,110,0,36,0,1,0,1,0,0,0,252,2,0,6,146,2,252,6
51PHILADELPHIA3216,141,1,36,0,0,0,0,1,0,2,254,1,0,1,178,1,254,1
51PHILADELPHIA3217,101,0,30,0,0,0,0,0,2,0,214,0,0,3,131,2,214,3
51PHILADELPHIA3218,123,1,39,0,0,0,0,1,0,0,316,1,0,2,163,1,316,2
51PHILADELPHIA3219,158,0,38,0,0,0,0,0,0,2,298,1,0,3,196,0,298,3
51PHILADELPHIA322,303,0,100,0,0,3,0,0,1,1,732,3,0,5,403,4,732,5
51PHILADELPHIA3220,112,0,43,0,1,2,1,0,0,0,248,2,2,4,155,4,248,4
51PHILADELPHIA3221,158,1,46,0,0,0,0,1,0,0,322,2,0,6,205,1,322,6
51PHILADELPHIA3222,117,0,41,0,0,0,2,0,0,0,264,0,0,4,158,2,264,4
51PHILADELPHIA3223,120,1,56,0,0,1,0,0,0,1,282,3,4,5,177,1,282,5
51PHILADELPHIA3224,136,0,39,0,0,0,0,0,0,0,286,3,1,3,175,0,286,3
51PHILADELPHIA3225,158,0,46,0,0,0,0,0,0,0,334,1,3,1,204,0,334,1
51PHILADELPHIA3226,118,0,40,0,0,0,0,0,0,0,282,3,0,4,158,0,282,4
51PHILADELPHIA3227,80,0,25,0,0,0,0,0,0,0,189,0,1,4,105,0,189,4
51PHILADELPHIA3228,247,3,61,0,0,2,0,0,1,2,487,2,0,4,311,3,487,4
51PHILADELPHIA3229,105,0,49,1,0,0,0,0,0,0,282,0,0,0,154,1,282,0
51PHILADELPHIA323,114,0,30,0,0,1,0,0,0,0,258,2,1,2,144,1,258,2
51PHILADELPHIA3230,176,1,40,0,0,0,0,0,0,0,304,1,3,4,217,0,304,4
51PHILADELPHIA3231,135,0,51,0,0,0,0,0,1,0,301,3,3,1,186,1,301,1
51PHILADELPHIA324,114,0,43,0,0,1,0,0,0,0,266,2,1,1,157,1,266,1
51PHILADELPHIA325,26,0,51,1,0,1,2,0,1,1,193,6,5,29,77,5,193,29
51PHILADELPHIA326,74,1,78,0,0,0,1,0,2,0,258,13,1,27,153,3,258,27
51PHILADELPHIA327,56,0,165,0,0,4,11,0,3,1,522,11,25,87,221,18,522,87
51PHILADELPHIA328,47,0,95,0,1,1,6,0,3,0,363,2,9,49,142,11,363,49
51PHILADELPHIA329,105,0,106,0,0,3,3,0,2,2,417,7,4,30,211,8,417,30
51PHILADELPHIA33,174,0,84,0,0,0,2,0,0,0,474,2,0,7,258,2,474,7
51PHILADELPHIA331,104,0,66,0,0,6,0,1,15,0,347,2,1,66,170,22,347,66
51PHILADELPHIA3310,97,1,55,0,1,5,0,1,4,2,314,1,3,39,153,11,314,39
51PHILADELPHIA3311,140,3,67,0,0,4,3,0,11,0,410,1,3,57,210,18,410,57
51PHILADELPHIA3312,134,1,61,0,0,7,0,1,11,1,430,6,3,50,196,19,430,50
51PHILADELPHIA3313,112,0,48,0,0,5,0,0,6,1,347,3,1,39,160,11,347,39
51PHILADELPHIA3314,109,2,43,0,0,8,0,0,6,0,316,2,2,54,154,14,316,54
51PHILADELPHIA3315,90,1,36,0,0,3,0,0,5,1,339,3,0,25,127,8,339,25
51PHILADELPHIA3316,76,0,23,0,0,4,3,0,8,1,233,3,0,30,99,15,233,30
51PHILADELPHIA3317,51,0,16,0,0,2,0,0,2,0,206,4,0,16,67,4,206,16
51PHILADELPHIA3318,59,0,19,0,0,4,1,0,0,0,235,1,1,18,78,5,235,18
51PHILADELPHIA3319,88,0,24,0,0,1,0,0,1,0,308,1,0,14,112,2,308,14
51PHILADELPHIA332,119,0,44,0,0,9,2,0,12,1,316,1,2,64,163,23,316,64
51PHILADELPHIA3320,96,1,31,1,0,1,0,0,1,0,233,4,1,20,128,3,233,20
51PHILADELPHIA3321,56,0,22,0,0,2,0,0,0,0,218,0,0,12,78,2,218,12
51PHILADELPHIA3322,117,0,25,0,0,6,1,0,2,0,374,1,4,20,142,9,374,20
51PHILADELPHIA3323,56,1,29,0,0,2,0,0,4,0,247,3,1,24,86,6,247,24
51PHILADELPHIA3324,86,0,30,0,0,0,1,0,3,0,266,1,1,18,116,4,266,18
51PHILADELPHIA333,104,0,31,0,0,2,0,0,13,0,264,3,2,61,135,15,264,61
51PHILADELPHIA334,84,2,37,0,0,5,3,0,9,0,279,2,1,52,123,17,279,52
51PHILADELPHIA335,115,0,53,0,0,5,4,1,2,2,323,2,4,29,168,12,323,29
51PHILADELPHIA336,97,1,65,1,0,8,0,2,7,3,374,3,3,43,163,18,374,43
51PHILADELPHIA337,148,0,61,0,0,2,1,0,13,1,441,2,5,45,209,16,441,45
51PHILADELPHIA338,95,0,45,1,0,1,2,0,11,0,370,1,0,36,140,15,370,36
51PHILADELPHIA339,98,1,60,1,0,3,1,0,11,0,354,2,1,56,159,16,354,56
51PHILADELPHIA34,225,0,55,0,0,1,1,0,0,0,492,4,1,4,280,2,492,4
51PHILADELPHIA341,138,0,50,0,0,0,0,0,0,1,316,3,0,2,188,0,316,2
51PHILADELPHIA3410,218,1,85,0,0,0,0,0,0,1,437,1,1,9,304,0,437,9
51PHILADELPHIA3411,226,1,82,0,0,1,0,0,0,1,484,1,1,1,309,1,484,1
51PHILADELPHIA3412,288,2,104,0,0,0,0,0,1,0,551,3,1,17,394,1,551,17
51PHILADELPHIA3413,182,0,95,0,0,0,0,0,2,2,440,2,1,15,277,2,440,15
51PHILADELPHIA3414,204,0,144,0,2,1,1,0,6,1,534,13,6,23,348,10,534,23
51PHILADELPHIA3415,208,0,82,0,0,1,0,0,0,0,485,4,1,8,290,1,485,8
51PHILADELPHIA3416,103,0,79,0,0,1,1,0,1,0,353,2,1,15,182,3,353,15
51PHILADELPHIA3417,157,0,114,0,0,3,1,0,4,1,454,3,3,30,271,8,454,30
51PHILADELPHIA3418,198,1,86,0,0,2,0,1,5,2,437,7,1,21,285,8,437,21
51PHILADELPHIA3419,267,1,132,0,0,1,2,0,6,0,601,9,3,25,400,9,601,25
51PHILADELPHIA342,187,0,58,1,0,0,0,0,0,1,422,1,2,2,245,1,422,2
51PHILADELPHIA3420,200,0,108,0,1,3,3,1,4,2,549,2,2,18,308,12,549,18
51PHILADELPHIA3421,231,0,128,0,0,2,2,0,4,0,573,6,1,17,359,8,573,17
51PHILADELPHIA3422,160,1,93,0,0,2,5,0,3,1,428,3,0,29,254,10,428,29
51PHILADELPHIA3423,181,2,96,1,0,13,25,1,6,1,406,2,5,61,279,46,406,61
51PHILADELPHIA3424,233,1,122,1,1,2,3,0,2,0,518,3,3,22,356,9,518,22
51PHILADELPHIA3425,149,0,100,0,2,9,12,1,5,2,408,5,6,106,249,29,408,106
51PHILADELPHIA3426,106,0,48,0,0,0,0,0,0,2,270,1,0,2,154,0,270,2
51PHILADELPHIA3427,195,1,76,0,0,2,2,1,0,0,419,3,4,23,272,5,419,23
51PHILADELPHIA3428,197,0,88,0,0,0,0,0,2,0,398,1,1,19,285,2,398,19
51PHILADELPHIA3429,185,1,103,0,0,2,0,0,3,1,423,4,2,18,289,5,423,18
51PHILADELPHIA343,147,1,58,0,0,0,2,0,1,0,320,2,1,8,206,3,320,8
51PHILADELPHIA3430,187,2,109,0,0,2,2,0,2,1,412,3,1,24,298,6,412,24
51PHILADELPHIA3431,207,0,104,1,0,3,6,0,7,2,479,5,0,36,311,17,479,36
51PHILADELPHIA3432,146,1,72,0,0,1,1,0,0,0,369,4,1,15,219,2,369,15
51PHILADELPHIA3433,173,1,118,0,0,2,1,0,4,1,441,7,0,14,292,7,441,14
51PHILADELPHIA3434,207,2,84,0,0,6,5,0,16,0,370,2,6,58,293,27,370,58
51PHILADELPHIA3435,138,0,54,0,0,1,0,0,0,1,304,1,0,4,192,1,304,4
51PHILADELPHIA3436,132,0,42,0,0,1,0,0,0,0,282,2,1,2,174,1,282,2
51PHILADELPHIA3437,163,0,51,0,0,2,3,0,1,0,386,0,0,17,214,6,386,17
51PHILADELPHIA3438,135,0,47,0,0,0,0,0,2,0,298,1,3,10,182,2,298,10
51PHILADELPHIA3439,185,1,79,0,0,0,1,0,8,0,438,1,4,25,265,9,438,25
51PHILADELPHIA344,142,0,44,0,0,0,0,0,0,0,281,2,0,5,186,0,281,5
51PHILADELPHIA3440,162,0,82,0,0,2,2,0,1,2,380,4,4,16,244,5,380,16
51PHILADELPHIA3441,226,1,138,0,0,5,1,0,1,1,524,3,3,16,365,7,524,16
51PHILADELPHIA3442,151,0,67,0,0,1,0,0,0,0,336,1,0,5,218,1,336,5
51PHILADELPHIA345,115,1,46,0,0,0,0,0,0,0,317,1,0,6,162,0,317,6
51PHILADELPHIA346,209,1,78,0,0,0,0,0,2,1,456,5,3,8,288,2,456,8
51PHILADELPHIA347,195,1,81,0,0,0,0,0,1,0,457,1,1,5,277,1,457,5
51PHILADELPHIA348,232,4,82,0,0,1,0,0,1,1,474,6,1,5,318,2,474,5
51PHILADELPHIA349,127,0,55,0,0,0,0,0,0,0,323,2,0,4,182,0,323,4
51PHILADELPHIA35,123,0,56,0,0,0,0,0,2,0,369,2,0,2,179,2,369,2
51PHILADELPHIA351,116,1,100,1,0,9,6,0,26,0,373,4,12,103,217,42,373,103
51PHILADELPHIA3510,149,0,68,0,0,10,3,0,8,0,367,7,1,49,217,21,367,49
51PHILADELPHIA3511,138,0,71,0,2,9,1,1,10,1,371,1,0,47,209,23,371,47
51PHILADELPHIA3512,101,1,68,0,1,6,3,0,16,0,330,5,1,67,170,26,330,67
51PHILADELPHIA3513,172,1,89,0,1,6,1,0,2,0,470,6,2,27,262,10,470,27
51PHILADELPHIA3514,117,0,51,0,0,4,1,1,5,4,284,3,1,14,168,11,284,14
51PHILADELPHIA3515,106,1,51,0,0,1,2,0,8,1,282,6,0,22,158,11,282,22
51PHILADELPHIA3516,109,0,54,0,0,2,2,1,7,0,327,1,4,28,163,12,327,28
51PHILADELPHIA3517,122,0,54,0,0,3,2,1,9,0,385,2,1,28,176,15,385,28
51PHILADELPHIA3518,121,1,69,0,0,1,3,0,4,1,380,0,4,22,191,8,380,22
51PHILADELPHIA3519,153,0,60,0,0,1,3,0,4,2,389,4,2,15,213,8,389,15
51PHILADELPHIA352,105,0,81,0,0,18,13,2,35,4,327,2,12,137,186,68,327,137
51PHILADELPHIA3520,93,0,70,1,0,3,5,0,12,1,322,9,4,53,163,21,322,53
51PHILADELPHIA3521,135,2,68,0,0,5,1,0,7,0,408,2,3,36,205,13,408,36
51PHILADELPHIA3522,120,0,58,0,0,1,0,1,6,0,368,3,3,28,178,8,368,28
51PHILADELPHIA3523,100,0,75,0,0,1,0,0,2,1,336,4,2,23,175,3,336,23
51PHILADELPHIA3524,103,0,59,0,0,7,3,0,6,2,257,3,1,22,162,16,257,22
51PHILADELPHIA3525,99,0,54,0,0,9,7,0,6,1,293,3,0,45,153,22,293,45
51PHILADELPHIA3526,77,1,47,0,0,4,1,0,7,0,329,3,9,24,125,12,329,24
51PHILADELPHIA3527,66,0,29,0,0,2,0,0,4,2,206,0,0,21,95,6,206,21
51PHILADELPHIA3528,140,1,40,0,0,3,1,0,1,0,355,1,0,14,181,5,355,14
51PHILADELPHIA3529,74,0,39,0,0,3,0,0,9,0,269,2,0,45,113,12,269,45
51PHILADELPHIA353,111,3,69,1,0,7,4,0,18,0,303,5,1,91,183,30,303,91
51PHILADELPHIA3530,80,0,42,2,0,4,2,0,5,1,275,3,0,24,122,13,275,24
51PHILADELPHIA3531,114,0,53,0,0,5,0,0,4,1,292,4,1,22,167,9,292,22
51PHILADELPHIA3532,94,0,66,1,0,9,11,3,30,0,300,2,6,83,160,54,300,83
51PHILADELPHIA354,93,1,51,0,3,17,4,1,20,0,232,6,2,84,145,45,232,84
51PHILADELPHIA355,134,4,75,1,2,28,22,2,59,0,360,6,12,175,213,114,360,175
51PHILADELPHIA356,143,0,65,0,2,9,4,0,21,0,390,1,4,84,208,36,390,84
51PHILADELPHIA357,143,0,89,0,0,22,14,1,36,4,390,5,5,149,232,73,390,149
51PHILADELPHIA358,114,0,71,0,0,9,3,1,10,1,311,1,3,67,185,23,311,67
51PHILADELPHIA359,177,2,79,0,0,4,7,0,20,2,489,7,6,82,258,31,489,82
51PHILADELPHIA36,164,0,81,0,0,0,0,0,0,0,404,2,4,1,245,0,404,1
51PHILADELPHIA361,130,1,102,0,0,1,5,0,0,1,341,2,5,14,233,6,341,14
51PHILADELPHIA3610,142,0,94,0,0,1,1,0,2,1,324,10,4,5,236,4,324,5
51PHILADELPHIA3611,152,1,75,0,1,4,0,0,1,1,343,4,3,6,228,6,343,6
51PHILADELPHIA3612,88,0,58,0,0,1,0,0,1,3,237,2,1,9,146,2,237,9
51PHILADELPHIA3613,129,2,72,0,0,0,1,1,1,1,375,7,0,8,203,3,375,8
51PHILADELPHIA3614,95,1,50,1,0,1,3,0,14,0,241,3,1,73,146,19,241,73
51PHILADELPHIA3615,149,1,59,0,0,2,0,0,0,1,321,5,1,5,209,2,321,5
51PHILADELPHIA3616,157,0,60,0,0,1,1,1,0,0,345,2,0,9,217,3,345,9
51PHILADELPHIA3617,122,0,45,0,0,1,0,0,2,0,279,1,5,11,167,3,279,11
51PHILADELPHIA3618,126,0,71,1,0,2,1,0,0,0,300,5,0,4,197,4,300,4
51PHILADELPHIA3619,168,0,41,0,0,1,0,0,0,0,391,3,5,5,209,1,391,5
51PHILADELPHIA362,116,0,84,0,0,2,3,0,6,1,318,5,9,18,200,11,318,18
51PHILADELPHIA3620,108,0,62,0,0,0,2,0,3,0,291,0,4,13,170,5,291,13
51PHILADELPHIA3621,117,0,55,0,0,0,0,0,1,0,287,3,3,4,172,1,287,4
51PHILADELPHIA3622,113,0,44,0,0,0,0,1,0,0,286,2,1,1,157,1,286,1
51PHILADELPHIA3623,112,0,53,0,0,3,0,0,2,0,285,4,6,6,165,5,285,6
51PHILADELPHIA3624,90,0,48,0,0,0,1,0,4,0,281,2,1,17,138,5,281,17
51PHILADELPHIA3625,123,0,54,0,0,3,0,1,9,2,283,1,0,56,177,13,283,56
51PHILADELPHIA3626,95,0,58,0,0,2,0,0,5,0,235,2,1,46,153,7,235,46
51PHILADELPHIA3627,88,2,77,1,0,0,1,2,15,0,276,2,4,89,167,19,276,89
51PHILADELPHIA3628,172,0,66,0,0,2,0,1,3,1,369,2,1,13,238,6,369,13
51PHILADELPHIA3629,58,0,93,0,0,5,2,0,4,2,275,6,5,55,151,11,275,55
51PHILADELPHIA363,124,0,93,0,0,0,3,0,1,0,346,3,5,12,217,4,346,12
51PHILADELPHIA3630,107,0,43,0,0,0,0,0,2,0,227,2,4,25,150,2,227,25
51PHILADELPHIA3631,102,0,75,0,0,2,4,0,5,1,341,5,4,22,177,11,341,22
51PHILADELPHIA3632,156,0,76,1,0,0,0,0,1,0,357,1,1,9,232,2,357,9
51PHILADELPHIA3633,124,1,55,0,0,1,1,0,15,0,346,1,2,50,180,17,346,50
51PHILADELPHIA3634,89,0,96,0,0,2,6,1,10,1,329,11,8,29,185,19,329,29
51PHILADELPHIA3635,154,2,150,2,0,4,9,0,4,2,456,16,3,27,306,19,456,27
51PHILADELPHIA3636,139,0,152,0,0,3,2,0,5,0,443,10,7,32,291,10,443,32
51PHILADELPHIA3637,141,1,144,0,0,7,3,0,5,3,458,10,6,28,286,15,458,28
51PHILADELPHIA3638,114,0,83,0,0,0,1,0,1,0,323,6,3,12,197,2,323,12
51PHILADELPHIA3639,124,0,125,0,0,4,2,1,1,0,424,3,8,25,249,8,424,25
51PHILADELPHIA364,102,1,59,1,1,0,0,0,2,0,240,2,4,6,162,4,240,6
51PHILADELPHIA3640,180,1,107,0,0,0,2,0,1,0,469,7,6,22,288,3,469,22
51PHILADELPHIA3641,69,0,71,0,0,1,1,0,5,0,260,5,4,25,140,7,260,25
51PHILADELPHIA365,159,2,98,0,0,0,4,0,4,1,360,3,3,14,259,8,360,14
51PHILADELPHIA366,180,2,98,0,0,1,0,0,1,0,405,6,6,14,280,2,405,14
51PHILADELPHIA367,134,0,88,0,0,0,4,0,4,1,340,7,10,15,222,8,340,15
51PHILADELPHIA368,128,0,78,0,0,0,1,0,0,0,318,2,3,13,206,1,318,13
51PHILADELPHIA369,144,0,78,0,0,1,8,0,2,0,351,4,4,15,222,11,351,15
51PHILADELPHIA37,161,0,68,0,0,2,0,0,0,0,379,2,1,7,229,2,379,7
51PHILADELPHIA371,54,1,37,0,0,0,0,0,0,0,125,1,2,6,92,0,125,6
51PHILADELPHIA3710,140,2,47,0,0,2,0,0,0,1,316,2,0,7,189,2,316,7
51PHILADELPHIA3711,138,0,50,1,0,1,0,0,1,1,295,2,1,1,188,3,295,1
51PHILADELPHIA3712,106,0,35,1,0,1,0,0,0,0,267,3,0,3,141,2,267,3
51PHILADELPHIA3713,108,1,41,0,0,1,0,0,1,0,278,3,0,8,150,2,278,8
51PHILADELPHIA3714,184,1,61,0,0,0,0,0,0,1,389,0,1,2,246,0,389,2
51PHILADELPHIA3715,121,1,31,0,0,2,0,0,1,0,325,0,0,6,153,3,325,6
51PHILADELPHIA3716,104,0,32,0,0,0,0,0,0,0,297,1,1,12,136,0,297,12
51PHILADELPHIA3717,92,0,43,1,0,0,0,1,1,1,266,1,0,6,135,3,266,6
51PHILADELPHIA3718,149,0,36,0,0,0,0,0,0,0,375,2,0,6,185,0,375,6
51PHILADELPHIA3719,118,0,34,0,0,3,0,0,1,0,297,2,0,11,152,4,297,11
51PHILADELPHIA372,78,0,91,0,0,1,1,0,1,0,292,6,4,7,169,3,292,7
51PHILADELPHIA3720,114,1,25,0,0,1,0,0,1,1,273,1,0,10,140,2,273,10
51PHILADELPHIA3721,158,0,44,0,0,0,0,0,0,0,432,2,3,9,202,0,432,9
51PHILADELPHIA373,96,0,33,0,0,0,0,0,0,1,205,2,1,3,129,0,205,3
51PHILADELPHIA374,80,1,57,0,0,1,1,0,0,0,259,4,1,6,138,2,259,6
51PHILADELPHIA375,138,0,52,0,0,0,2,0,1,0,341,0,0,6,190,3,341,6
51PHILADELPHIA376,88,0,12,0,1,0,0,0,1,0,206,0,0,2,100,2,206,2
51PHILADELPHIA377,121,0,35,0,0,1,1,1,1,0,286,3,0,9,156,4,286,9
51PHILADELPHIA378,136,0,36,0,0,1,0,0,0,1,277,3,0,2,172,1,277,2
51PHILADELPHIA379,119,1,36,0,0,0,0,0,0,0,262,1,0,4,156,0,262,4
51PHILADELPHIA38,167,1,61,0,0,1,0,0,1,1,388,3,0,9,229,2,388,9
51PHILADELPHIA381,130,0,55,0,0,0,0,0,0,2,299,0,0,3,185,0,299,3
51PHILADELPHIA3810,185,1,79,0,1,0,1,0,2,0,405,0,0,9,265,4,405,9
51PHILADELPHIA3811,157,0,71,0,0,9,16,0,11,0,300,2,8,44,228,36,300,44
51PHILADELPHIA3812,80,2,110,0,0,8,4,2,16,2,332,7,8,73,192,30,332,73
51PHILADELPHIA3813,175,1,98,0,0,8,15,2,22,0,379,6,5,81,274,47,379,81
51PHILADELPHIA3814,108,1,127,0,0,6,14,0,15,0,344,14,11,69,236,35,344,69
51PHILADELPHIA3815,86,0,151,0,0,4,9,0,7,0,394,8,14,62,237,20,394,62
51PHILADELPHIA3816,115,0,114,0,0,9,9,1,19,2,331,5,16,87,229,38,331,87
51PHILADELPHIA3817,142,1,103,0,0,3,3,0,5,0,452,13,5,26,246,11,452,26
51PHILADELPHIA3818,154,2,108,0,0,6,16,1,14,1,352,5,11,67,264,37,352,67
51PHILADELPHIA3819,110,0,47,0,0,2,2,0,2,0,269,4,3,14,157,6,269,14
51PHILADELPHIA382,242,0,90,0,0,0,0,0,0,1,488,2,0,6,332,0,488,6
51PHILADELPHIA3820,52,3,84,0,0,8,9,0,26,0,237,8,14,98,139,43,237,98
51PHILADELPHIA3821,209,0,52,0,0,0,0,0,0,0,404,2,0,2,261,0,404,2
51PHILADELPHIA383,239,2,86,0,0,0,1,0,0,0,545,1,2,3,327,1,545,3
51PHILADELPHIA384,169,1,55,0,0,0,0,0,0,0,418,0,0,2,225,0,418,2
51PHILADELPHIA385,179,0,32,0,0,0,0,0,1,0,390,3,0,6,211,1,390,6
51PHILADELPHIA386,223,0,55,0,0,0,0,0,1,0,460,1,1,2,278,1,460,2
51PHILADELPHIA387,206,1,65,0,1,2,0,1,0,0,436,3,1,7,272,4,436,7
51PHILADELPHIA388,206,1,45,0,0,0,0,0,0,1,388,0,0,2,252,0,388,2
51PHILADELPHIA389,207,0,127,0,0,8,7,0,11,1,630,8,8,58,334,26,630,58
51PHILADELPHIA39,212,2,98,0,0,0,0,0,0,1,455,5,2,9,312,0,455,9
51PHILADELPHIA391,53,0,76,0,0,3,9,0,18,1,187,5,2,138,129,30,187,138
51PHILADELPHIA3910,131,0,76,0,0,3,2,0,8,0,317,5,7,31,207,13,317,31
51PHILADELPHIA3911,39,1,38,0,0,0,0,0,7,0,172,1,0,40,78,7,172,40
51PHILADELPHIA3912,41,2,48,0,0,3,0,1,26,2,139,5,1,103,91,30,139,103
51PHILADELPHIA3913,128,1,70,1,0,4,2,0,15,0,304,1,2,78,199,22,304,78
51PHILADELPHIA3914,35,3,45,0,0,2,6,0,73,0,80,0,0,196,83,81,80,196
51PHILADELPHIA3915,145,4,133,0,0,4,2,0,28,1,292,3,6,200,282,34,292,200
51PHILADELPHIA3916,56,0,31,0,0,3,0,0,7,0,197,0,3,56,87,10,197,56
51PHILADELPHIA3917,63,1,52,0,0,5,3,0,13,0,190,2,4,70,116,21,190,70
51PHILADELPHIA3918,53,1,39,0,0,1,1,1,17,0,129,4,1,74,93,20,129,74
51PHILADELPHIA3919,36,0,64,0,1,1,2,1,5,0,189,7,7,48,100,10,189,48
51PHILADELPHIA392,56,1,57,0,0,1,1,0,11,0,190,2,3,70,114,13,190,70
51PHILADELPHIA3920,135,0,133,0,0,3,7,1,19,0,293,7,5,194,268,30,293,194
51PHILADELPHIA3921,144,5,144,0,0,1,1,0,18,0,244,3,14,216,293,20,244,216
51PHILADELPHIA3922,70,2,112,0,0,3,4,0,14,1,244,6,3,114,184,21,244,114
51PHILADELPHIA3923,59,3,42,0,0,4,1,1,6,0,184,3,0,33,104,12,184,33
51PHILADELPHIA3924,179,1,88,0,1,5,2,1,23,1,358,3,10,146,268,32,358,146
51PHILADELPHIA3925,76,4,110,0,0,5,5,0,46,0,260,7,7,218,190,56,260,218
51PHILADELPHIA3926,100,1,131,0,0,5,5,0,32,0,342,4,13,119,232,42,342,119
51PHILADELPHIA3927,95,1,117,0,1,2,7,0,13,0,294,12,5,116,213,23,294,116
51PHILADELPHIA3928,139,0,77,0,0,3,1,1,5,0,342,1,2,27,216,10,342,27
51PHILADELPHIA3929,77,1,56,0,0,4,6,0,25,1,156,3,4,155,134,35,156,155
51PHILADELPHIA393,105,1,123,0,1,5,3,1,29,1,240,2,9,192,229,39,240,192
51PHILADELPHIA3930,96,1,177,0,0,2,9,0,27,0,402,9,8,110,274,38,402,110
51PHILADELPHIA3931,85,2,80,3,0,9,4,0,41,0,218,7,6,193,167,57,218,193
51PHILADELPHIA3932,60,1,85,0,0,2,1,1,13,2,234,6,4,75,146,17,234,75
51PHILADELPHIA3933,76,2,65,0,0,7,2,0,27,0,158,4,11,157,143,36,158,157
51PHILADELPHIA3934,75,0,83,0,1,4,1,0,12,0,208,4,2,92,158,18,208,92
51PHILADELPHIA3935,85,3,124,0,0,7,7,1,18,0,325,6,4,127,212,33,325,127
51PHILADELPHIA3936,74,4,64,0,0,6,6,0,50,2,153,0,7,259,142,62,153,259
51PHILADELPHIA3937,85,5,120,0,1,9,2,0,25,1,285,11,4,181,210,37,285,181
51PHILADELPHIA3938,88,1,120,1,0,3,3,0,29,0,285,4,7,146,209,36,285,146
51PHILADELPHIA3939,75,2,92,1,0,13,6,0,36,4,189,9,5,220,169,56,189,220
51PHILADELPHIA394,51,2,45,0,0,3,3,1,27,0,153,4,1,125,98,34,153,125
51PHILADELPHIA3940,77,0,45,0,0,2,2,0,6,0,255,7,4,42,122,10,255,42
51PHILADELPHIA3941,90,0,65,0,1,4,5,0,65,0,197,3,4,225,155,75,197,225
51PHILADELPHIA3942,79,1,86,1,0,5,3,1,36,2,198,7,4,156,166,46,198,156
51PHILADELPHIA3943,50,2,70,0,0,6,5,1,33,1,162,4,6,172,122,45,162,172
51PHILADELPHIA3944,68,1,79,0,1,3,4,0,38,1,181,4,2,189,148,46,181,189
51PHILADELPHIA3945,135,6,197,0,0,4,12,0,23,0,444,5,7,165,338,39,444,165
51PHILADELPHIA3946,155,0,177,1,1,9,4,0,36,1,437,4,7,163,332,51,437,163
51PHILADELPHIA395,82,0,88,0,0,1,1,1,3,0,252,9,5,46,170,6,252,46
51PHILADELPHIA396,100,3,92,0,0,4,4,1,22,0,211,2,7,168,195,31,211,168
51PHILADELPHIA397,167,3,145,0,1,6,8,1,29,0,345,0,8,226,315,45,345,226
51PHILADELPHIA398,93,3,124,1,0,2,7,0,17,0,291,2,7,154,220,27,291,154
51PHILADELPHIA399,90,3,68,0,0,1,3,0,5,0,249,1,3,39,161,9,249,39
51PHILADELPHIA401,83,0,37,1,0,2,0,0,12,1,246,0,3,32,120,15,246,32
51PHILADELPHIA4010,76,0,18,0,0,2,0,0,2,0,263,3,1,19,94,4,263,19
51PHILADELPHIA4011,132,1,32,0,0,5,0,0,4,0,333,1,1,16,165,9,333,16
51PHILADELPHIA4012,117,0,59,0,0,1,0,0,1,1,322,2,0,7,176,2,322,7
51PHILADELPHIA4013,155,0,64,0,0,2,1,0,0,1,422,0,0,11,219,3,422,11
51PHILADELPHIA4014,142,2,83,0,0,1,1,0,0,0,432,4,3,23,227,2,432,23
51PHILADELPHIA4015,85,0,33,0,0,0,0,0,1,1,171,1,0,16,118,1,171,16
51PHILADELPHIA4016,112,0,58,0,0,1,0,2,6,0,351,5,0,9,170,9,351,9
51PHILADELPHIA4017,110,0,34,0,0,1,1,0,6,2,268,0,1,19,144,8,268,19
51PHILADELPHIA4018,97,0,26,1,0,0,0,0,4,0,260,2,0,8,123,5,260,8
51PHILADELPHIA4019,89,0,33,1,1,3,2,0,1,0,312,3,1,28,122,8,312,28
51PHILADELPHIA402,142,0,66,0,0,0,0,0,0,0,338,1,1,4,208,0,338,4
51PHILADELPHIA4020,69,1,34,0,0,2,1,0,6,0,238,0,1,17,104,9,238,17
51PHILADELPHIA4021,70,0,40,0,0,0,3,0,1,0,267,0,0,14,110,4,267,14
51PHILADELPHIA4022,101,1,55,0,0,3,0,1,4,0,265,3,2,14,157,8,265,14
51PHILADELPHIA4023,128,0,35,0,0,3,0,0,2,1,349,3,0,7,163,5,349,7
51PHILADELPHIA4024,172,1,89,1,0,2,1,0,4,0,467,3,0,22,262,8,467,22
51PHILADELPHIA4025,134,0,62,0,1,2,0,0,4,0,368,4,0,26,196,7,368,26
51PHILADELPHIA4026,98,0,52,0,0,0,0,1,2,1,302,2,2,11,150,3,302,11
51PHILADELPHIA4027,91,0,50,0,0,0,0,0,5,1,264,1,0,9,141,5,264,9
51PHILADELPHIA4028,186,0,60,0,0,4,2,1,17,0,498,3,1,55,246,24,498,55
51PHILADELPHIA4029,138,0,62,0,0,1,1,0,3,1,370,1,1,11,200,5,370,11
51PHILADELPHIA403,231,0,95,0,0,0,0,0,0,1,533,0,2,6,326,0,533,6
51PHILADELPHIA4030A(SENATE1),137,0,80,0,0,3,1,0,0,0,421,2,4,16,217,4,421,16
51PHILADELPHIA4031,121,3,65,0,0,2,0,0,3,0,348,3,1,20,189,5,348,20
51PHILADELPHIA4032,133,0,83,0,0,2,0,0,4,0,383,1,2,24,216,6,383,24
51PHILADELPHIA4033,69,0,47,0,1,1,1,0,1,1,245,4,0,12,116,4,245,12
51PHILADELPHIA4034,95,0,36,0,0,0,0,0,0,0,204,1,0,8,131,0,204,8
51PHILADELPHIA4035,128,0,63,0,0,3,0,0,4,1,353,4,3,34,191,7,353,34
51PHILADELPHIA4036,102,1,53,0,0,2,2,0,3,0,327,1,1,17,156,7,327,17
51PHILADELPHIA4037,168,1,85,1,0,3,1,0,16,1,452,3,6,65,254,21,452,65
51PHILADELPHIA4038,268,0,91,0,0,1,0,0,8,0,525,1,3,23,359,9,525,23
51PHILADELPHIA4039,108,0,40,0,0,0,0,0,1,0,301,0,1,9,148,1,301,9
51PHILADELPHIA404,191,0,82,0,0,0,1,0,0,1,452,3,1,6,273,1,452,6
51PHILADELPHIA4040,266,0,92,0,0,5,3,1,9,0,564,8,4,30,358,18,564,30
51PHILADELPHIA4041,141,0,46,0,0,1,2,1,3,0,305,2,1,24,187,7,305,24
51PHILADELPHIA4042,181,0,51,0,0,4,2,0,3,0,428,1,3,27,232,9,428,27
51PHILADELPHIA4043,109,3,39,0,0,2,0,0,3,0,265,1,1,35,151,5,265,35
51PHILADELPHIA4044,217,4,77,0,0,0,0,0,1,1,427,1,0,24,298,1,427,24
51PHILADELPHIA4045,210,0,67,0,0,4,0,0,3,0,418,2,1,25,277,7,418,25
51PHILADELPHIA4046,194,3,55,0,0,4,2,0,4,0,380,2,0,28,252,10,380,28
51PHILADELPHIA4047,57,0,15,0,0,0,0,0,0,0,133,0,0,4,72,0,133,4
51PHILADELPHIA4048,166,0,77,0,1,4,1,0,7,1,397,3,1,40,243,13,397,40
51PHILADELPHIA4049,149,3,90,0,0,2,2,0,14,0,330,4,1,96,242,18,330,96
51PHILADELPHIA405,217,0,61,0,0,1,0,0,1,0,474,1,0,8,278,2,474,8
51PHILADELPHIA4050,183,2,59,0,0,4,0,0,6,0,395,1,1,36,244,10,395,36
51PHILADELPHIA4051,116,0,44,0,0,0,1,0,5,0,309,2,1,18,160,6,309,18
51PHILADELPHIA406,133,0,40,0,0,1,0,0,1,0,308,0,0,15,173,2,308,15
51PHILADELPHIA407,176,0,68,0,0,0,0,0,2,0,426,4,2,9,244,2,426,9
51PHILADELPHIA408,130,0,32,0,0,0,0,0,0,0,281,3,0,9,162,0,281,9
51PHILADELPHIA409,158,0,47,0,1,0,1,0,0,1,388,0,2,5,205,2,388,5
51PHILADELPHIA41,179,0,51,0,0,0,0,0,0,0,414,2,0,3,230,0,414,3
51PHILADELPHIA410,188,0,66,0,0,0,0,0,0,0,442,4,0,1,254,0,442,1
51PHILADELPHIA411,253,0,115,0,1,6,3,0,15,0,689,2,4,83,368,25,689,83
51PHILADELPHIA4110,74,4,71,0,0,3,3,0,18,1,265,2,1,93,149,24,265,93
51PHILADELPHIA4111,49,0,40,1,0,7,6,0,15,2,203,1,3,68,89,29,203,68
51PHILADELPHIA4112,76,2,51,0,0,7,3,0,18,2,206,4,1,79,129,28,206,79
51PHILADELPHIA4113,69,1,63,0,0,7,4,0,32,0,245,2,9,101,133,43,245,101
51PHILADELPHIA4114,77,0,66,0,0,4,2,2,18,2,218,4,3,78,143,26,218,78
51PHILADELPHIA4115,82,0,69,0,1,6,4,1,23,0,260,4,6,96,151,35,260,96
51PHILADELPHIA4116,50,1,46,0,0,2,3,0,13,0,167,1,0,73,97,18,167,73
51PHILADELPHIA4117,65,2,44,0,0,4,7,1,32,2,161,3,4,107,111,44,161,107
51PHILADELPHIA4118,64,4,49,0,1,3,8,0,25,1,179,1,2,103,117,37,179,103
51PHILADELPHIA4119,57,1,57,1,1,7,2,0,37,0,193,3,6,119,115,48,193,119
51PHILADELPHIA412,232,0,108,0,0,2,1,0,13,1,677,5,2,51,340,16,677,51
51PHILADELPHIA4120,67,4,56,0,0,5,4,0,15,2,222,3,4,70,127,24,222,70
51PHILADELPHIA4121,72,4,53,0,0,3,1,2,29,0,205,2,4,111,129,35,205,111
51PHILADELPHIA4122,73,6,50,0,0,7,2,0,10,2,221,2,4,103,129,19,221,103
51PHILADELPHIA4123,60,2,81,1,0,13,3,0,26,4,220,1,4,131,143,43,220,131
51PHILADELPHIA4124,57,1,73,0,0,6,0,1,23,0,210,4,8,117,131,30,210,117
51PHILADELPHIA4125,82,3,77,0,1,9,2,0,25,1,258,8,4,137,162,37,258,137
51PHILADELPHIA4126,56,3,57,0,0,3,2,0,17,1,187,4,2,82,116,22,187,82
51PHILADELPHIA413,296,2,119,0,0,7,2,2,8,2,731,7,4,57,417,19,731,57
51PHILADELPHIA414,263,2,103,1,0,8,4,0,25,1,671,9,9,101,368,38,671,101
51PHILADELPHIA415,232,1,135,0,0,2,5,1,17,1,636,3,4,61,368,25,636,61
51PHILADELPHIA416,263,2,147,0,0,3,2,1,27,2,702,12,3,98,412,33,702,98
51PHILADELPHIA417,281,1,111,0,0,10,2,0,19,1,614,3,4,79,393,31,614,79
51PHILADELPHIA418,270,0,128,0,0,7,6,2,15,3,718,9,1,86,398,30,718,86
51PHILADELPHIA419,201,0,92,1,1,3,4,1,15,2,538,8,5,87,293,25,538,87
51PHILADELPHIA42,250,0,75,0,0,0,0,0,0,0,479,2,0,4,325,0,479,4
51PHILADELPHIA420,208,0,66,0,0,1,0,0,1,0,496,3,2,8,274,2,496,8
51PHILADELPHIA421,376,1,132,2,1,8,2,1,9,0,908,8,9,51,509,23,908,51
51PHILADELPHIA4210,110,0,32,0,0,5,0,1,9,2,365,0,2,29,142,15,365,29
51PHILADELPHIA4211,147,1,60,0,1,3,0,0,1,1,471,5,2,24,208,5,471,24
51PHILADELPHIA4212,92,2,56,0,0,0,0,0,1,0,353,9,3,9,150,1,353,9
51PHILADELPHIA4213,237,0,89,0,0,1,0,0,0,1,639,2,4,23,326,1,639,23
51PHILADELPHIA4214,173,2,57,0,0,2,2,0,9,0,443,2,0,34,232,13,443,34
51PHILADELPHIA4215,167,1,92,0,0,7,4,0,6,0,506,14,3,36,260,17,506,36
51PHILADELPHIA4216,145,2,47,0,0,4,2,0,1,0,397,2,2,20,194,7,397,20
51PHILADELPHIA4217,156,1,57,0,0,0,1,0,2,0,384,1,1,21,214,3,384,21
51PHILADELPHIA4218,195,0,59,1,0,6,1,0,8,1,444,5,2,45,254,16,444,45
51PHILADELPHIA4219,155,0,73,0,0,3,1,0,2,0,440,2,3,34,228,6,440,34
51PHILADELPHIA422,139,0,37,0,0,4,3,0,2,2,354,0,1,21,176,9,354,21
51PHILADELPHIA4220,196,0,65,0,0,3,0,0,2,2,503,5,0,23,261,5,503,23
51PHILADELPHIA4221,111,0,52,0,1,3,1,0,1,0,306,1,0,13,163,6,306,13
51PHILADELPHIA4222,159,0,56,0,0,1,0,0,4,1,440,4,1,27,215,5,440,27
51PHILADELPHIA4223,103,1,39,0,0,2,1,0,3,0,276,1,2,21,143,6,276,21
51PHILADELPHIA4224,165,0,89,0,0,3,2,0,10,1,439,7,3,38,254,15,439,38
51PHILADELPHIA4225,131,0,64,0,0,2,1,1,2,0,338,4,0,18,195,6,338,18
51PHILADELPHIA423,118,1,46,0,0,1,2,1,7,0,336,3,0,31,165,11,336,31
51PHILADELPHIA424,111,0,30,0,0,1,0,1,1,1,351,4,1,15,141,3,351,15
51PHILADELPHIA425,174,0,75,2,0,5,1,0,0,1,535,2,1,16,249,8,535,16
51PHILADELPHIA426,118,1,57,0,0,4,3,0,2,0,308,1,3,32,176,9,308,32
51PHILADELPHIA427,130,1,47,0,1,3,0,1,0,1,371,2,2,18,178,5,371,18
51PHILADELPHIA428,128,1,46,1,0,5,0,1,2,1,432,2,2,29,175,9,432,29
51PHILADELPHIA429,126,0,32,0,0,2,0,0,5,1,325,1,0,23,158,7,325,23
51PHILADELPHIA43,206,0,80,0,0,1,0,0,5,1,477,2,3,8,286,6,477,8
51PHILADELPHIA431,89,0,23,0,0,1,4,0,2,0,268,1,1,14,112,7,268,14
51PHILADELPHIA4310,94,0,40,0,0,0,0,0,0,0,246,1,1,3,134,0,246,3
51PHILADELPHIA4311,92,0,12,0,0,0,0,0,1,0,266,2,0,7,104,1,266,7
51PHILADELPHIA4312,106,1,22,0,0,4,1,0,2,1,329,4,1,20,129,7,329,20
51PHILADELPHIA4313,120,0,45,0,0,4,0,0,2,0,311,6,0,8,165,6,311,8
51PHILADELPHIA4314,122,0,21,0,0,1,0,0,0,0,300,1,0,4,143,1,300,4
51PHILADELPHIA4315,117,0,41,0,0,0,0,0,0,0,314,1,0,3,158,0,314,3
51PHILADELPHIA4316,135,1,30,0,0,0,0,0,0,0,301,0,0,10,166,0,301,10
51PHILADELPHIA4317,112,0,26,0,1,4,0,1,2,0,282,1,2,21,138,8,282,21
51PHILADELPHIA4318,146,0,30,0,0,2,3,0,4,1,442,2,1,12,176,9,442,12
51PHILADELPHIA4319,168,0,30,0,0,1,1,0,2,3,415,1,0,17,198,4,415,17
51PHILADELPHIA432,200,0,56,0,0,1,0,0,3,0,527,2,2,12,256,4,527,12
51PHILADELPHIA4320,139,0,31,1,0,1,0,0,4,2,347,0,2,12,170,6,347,12
51PHILADELPHIA4321,130,0,38,0,0,0,0,0,0,0,282,3,0,11,168,0,282,11
51PHILADELPHIA4322,81,1,32,0,0,0,2,0,0,0,182,2,2,4,114,2,182,4
51PHILADELPHIA4323,111,0,35,0,0,0,0,0,2,0,249,5,0,4,146,2,249,4
51PHILADELPHIA4324,118,1,42,0,0,2,0,0,0,2,299,4,0,5,161,2,299,5
51PHILADELPHIA4325,127,0,53,0,0,0,0,0,0,0,349,1,2,12,180,0,349,12
51PHILADELPHIA433,142,3,28,0,0,1,0,0,3,0,407,0,1,18,173,4,407,18
51PHILADELPHIA434,163,0,33,0,0,3,1,0,0,1,418,2,3,12,196,4,418,12
51PHILADELPHIA435,145,1,23,0,0,2,0,0,0,0,393,0,0,7,169,2,393,7
51PHILADELPHIA436,150,0,22,0,0,0,0,0,1,0,377,0,0,19,172,1,377,19
51PHILADELPHIA437,161,0,51,0,0,6,1,0,5,0,509,0,1,11,212,12,509,11
51PHILADELPHIA438,123,0,43,0,1,3,0,0,1,0,380,0,2,13,166,5,380,13
51PHILADELPHIA439,108,1,41,0,0,1,0,0,1,0,296,4,0,6,150,2,296,6
51PHILADELPHIA44,120,0,74,0,0,1,0,0,0,0,349,2,0,4,194,1,349,4
51PHILADELPHIA441,135,0,43,0,0,5,0,0,0,1,364,3,1,2,178,5,364,2
51PHILADELPHIA4410,119,1,60,0,0,0,0,0,0,0,295,3,3,8,180,0,295,8
51PHILADELPHIA4411,174,0,63,0,0,1,0,0,0,0,419,3,2,5,237,1,419,5
51PHILADELPHIA4412,107,0,28,0,0,0,0,0,0,0,216,2,0,4,135,0,216,4
51PHILADELPHIA4413,145,0,44,0,0,1,0,0,1,0,341,0,0,6,189,2,341,6
51PHILADELPHIA4414,159,1,68,0,0,3,0,0,0,3,373,4,1,9,228,3,373,9
51PHILADELPHIA4415,138,0,75,0,1,1,0,0,2,1,372,2,1,3,213,4,372,3
51PHILADELPHIA4416,127,0,56,0,0,0,1,0,0,1,321,4,0,5,183,1,321,5
51PHILADELPHIA4417,120,0,55,0,0,0,0,0,0,0,254,3,0,5,175,0,254,5
51PHILADELPHIA4418,109,1,48,0,0,2,1,0,0,0,280,1,0,6,158,3,280,6
51PHILADELPHIA4419,163,0,59,0,1,0,1,0,0,0,376,2,1,6,222,2,376,6
51PHILADELPHIA442,156,1,70,0,0,1,0,0,0,0,401,3,2,2,227,1,401,2
51PHILADELPHIA443,120,1,43,0,0,0,0,0,2,0,288,1,1,4,164,2,288,4
51PHILADELPHIA444,142,0,57,0,0,0,0,0,0,0,337,3,0,4,199,0,337,4
51PHILADELPHIA445,108,0,43,0,0,0,1,0,2,0,251,2,0,11,151,3,251,11
51PHILADELPHIA446,184,0,82,0,1,1,0,0,1,0,426,3,2,6,266,3,426,6
51PHILADELPHIA447,165,0,63,0,0,1,1,0,0,0,422,5,0,1,228,2,422,1
51PHILADELPHIA448,83,0,56,0,0,1,1,0,1,0,253,7,1,6,139,3,253,6
51PHILADELPHIA449,134,0,75,0,0,0,0,0,0,0,319,1,0,6,209,0,319,6
51PHILADELPHIA45,190,0,75,0,0,0,1,0,1,0,434,2,2,5,265,2,434,5
51PHILADELPHIA451,65,1,62,1,0,11,15,4,81,2,160,5,10,217,128,112,160,217
51PHILADELPHIA4510,63,0,27,1,0,1,2,0,5,1,268,1,3,33,90,9,268,33
51PHILADELPHIA4511,97,0,56,0,0,3,3,0,8,2,353,2,5,46,153,14,353,46
51PHILADELPHIA4512,17,0,36,1,0,0,3,0,20,0,96,1,6,73,53,24,96,73
51PHILADELPHIA4513,80,1,41,0,0,7,2,0,8,2,225,1,0,54,122,17,225,54
51PHILADELPHIA4514,23,0,19,0,0,3,0,0,6,0,66,0,1,34,42,9,66,34
51PHILADELPHIA4515,72,2,80,2,1,7,13,0,55,1,199,4,9,190,154,78,199,190
51PHILADELPHIA4516,79,0,30,0,1,4,1,0,12,0,253,0,3,35,109,18,253,35
51PHILADELPHIA4517,88,1,57,0,0,1,3,1,16,0,367,6,0,44,146,21,367,44
51PHILADELPHIA4518,67,2,30,0,0,4,0,0,10,0,218,1,2,45,99,14,218,45
51PHILADELPHIA4519,88,1,43,0,1,2,3,0,8,0,259,2,0,37,132,14,259,37
51PHILADELPHIA452,69,1,63,0,0,6,3,0,32,1,226,6,5,119,133,41,226,119
51PHILADELPHIA4520,72,3,75,1,0,9,15,0,101,4,169,6,11,312,150,126,169,312
51PHILADELPHIA4521,58,1,23,1,0,4,4,0,10,0,225,3,1,42,82,19,225,42
51PHILADELPHIA4522,54,4,76,1,0,13,8,0,55,2,137,3,5,196,134,77,137,196
51PHILADELPHIA4523,58,1,85,0,0,16,16,2,67,1,187,3,12,255,144,101,187,255
51PHILADELPHIA4524,84,2,78,0,1,25,15,0,105,1,215,12,7,303,164,146,215,303
51PHILADELPHIA4525,40,4,50,2,0,16,10,2,56,2,152,6,4,202,94,86,152,202
51PHILADELPHIA453,75,2,113,3,0,26,20,4,139,2,255,3,12,365,190,192,255,365
51PHILADELPHIA454,92,3,72,1,1,17,14,0,101,1,199,4,11,300,167,134,199,300
51PHILADELPHIA455,61,2,68,0,0,14,15,1,57,0,213,3,11,235,131,87,213,235
51PHILADELPHIA456,53,1,59,2,0,5,9,0,46,1,174,5,8,179,113,62,174,179
51PHILADELPHIA457,53,4,47,1,0,13,7,3,40,0,152,3,7,157,104,64,152,157
51PHILADELPHIA458,74,2,34,1,0,5,4,0,21,0,256,2,4,64,110,31,256,64
51PHILADELPHIA459,81,0,22,1,0,0,1,0,5,1,269,2,1,38,103,7,269,38
51PHILADELPHIA46,200,0,61,0,0,1,0,0,1,0,479,3,1,7,261,2,479,7
51PHILADELPHIA461,143,0,242,0,0,6,12,1,0,0,543,18,10,20,385,19,543,20
51PHILADELPHIA4610,125,0,120,0,0,3,0,0,0,1,381,5,2,8,245,3,381,8
51PHILADELPHIA4611,210,0,89,0,0,1,2,0,0,0,443,2,0,9,299,3,443,9
51PHILADELPHIA4612,184,1,77,0,0,1,0,0,0,0,431,0,1,6,262,1,431,6
51PHILADELPHIA4613,155,0,75,0,0,0,0,0,2,1,404,0,2,2,230,2,404,2
51PHILADELPHIA4614,125,0,41,0,0,1,0,0,0,0,301,0,1,4,166,1,301,4
51PHILADELPHIA4615,182,0,59,0,0,0,0,0,0,1,393,2,0,6,241,0,393,6
51PHILADELPHIA4616,153,1,246,0,0,2,8,0,5,0,563,11,6,32,400,15,563,32
51PHILADELPHIA4617,181,0,338,0,0,7,16,0,3,0,697,27,8,26,519,26,697,26
51PHILADELPHIA4618,131,0,144,0,0,5,5,0,2,0,401,10,2,16,275,12,401,16
51PHILADELPHIA4619,221,0,221,0,1,5,11,0,6,1,647,7,8,28,442,23,647,28
51PHILADELPHIA462,119,0,211,0,1,2,7,0,3,0,451,11,3,10,330,13,451,10
51PHILADELPHIA4620,170,0,55,0,0,0,0,0,1,0,390,4,1,5,225,1,390,5
51PHILADELPHIA4621,143,0,46,1,0,0,0,0,0,1,334,1,1,4,189,1,334,4
51PHILADELPHIA4622,158,0,222,0,0,0,12,0,1,1,578,27,8,17,380,13,578,17
51PHILADELPHIA4623,123,1,237,0,0,1,6,0,4,1,544,14,3,19,361,11,544,19
51PHILADELPHIA463,153,0,160,0,0,4,4,0,1,0,480,20,3,5,313,9,480,5
51PHILADELPHIA464,153,2,80,0,0,1,0,0,0,1,304,4,0,4,235,1,304,4
51PHILADELPHIA465,166,1,92,0,0,1,0,0,1,1,377,4,0,2,259,2,377,2
51PHILADELPHIA466,230,1,69,0,0,0,0,0,0,1,510,2,2,1,300,0,510,1
51PHILADELPHIA467,136,0,170,0,0,0,5,0,0,0,406,12,4,6,306,5,406,6
51PHILADELPHIA468,137,0,291,1,0,2,3,0,2,1,607,17,3,24,428,8,607,24
51PHILADELPHIA469,107,1,201,0,1,1,3,0,1,0,482,20,3,9,309,6,482,9
51PHILADELPHIA47,242,2,95,0,0,2,0,0,0,2,550,2,1,4,339,2,550,4
51PHILADELPHIA471,85,0,112,0,0,1,10,0,5,1,362,8,4,30,197,16,362,30
51PHILADELPHIA4710,51,0,33,0,0,0,1,0,0,0,156,5,0,2,84,1,156,2
51PHILADELPHIA4711,93,0,37,0,0,1,1,0,0,1,216,0,0,1,130,2,216,1
51PHILADELPHIA4712,40,0,70,0,0,3,2,0,2,0,393,6,11,37,110,7,393,37
51PHILADELPHIA4713,100,0,49,0,1,0,0,0,0,0,210,6,2,6,149,1,210,6
51PHILADELPHIA4714,50,0,21,0,0,0,1,0,0,0,205,2,1,5,71,1,205,5
51PHILADELPHIA472,93,0,82,1,0,5,2,1,2,1,275,7,0,15,175,11,275,15
51PHILADELPHIA473,72,0,179,0,1,3,6,0,6,0,530,14,8,49,251,16,530,49
51PHILADELPHIA474,61,0,42,0,0,1,0,0,0,1,192,4,3,5,103,1,192,5
51PHILADELPHIA475,98,0,85,1,0,2,1,0,0,1,318,5,2,11,183,4,318,11
51PHILADELPHIA476,61,0,91,0,0,2,0,1,2,1,349,3,14,42,152,5,349,42
51PHILADELPHIA477,87,1,98,0,0,0,0,0,0,0,349,8,7,11,186,0,349,11
51PHILADELPHIA478,105,1,67,1,0,1,0,0,0,0,202,4,1,8,173,2,202,8
51PHILADELPHIA479,66,1,36,0,0,0,0,0,0,0,213,1,1,4,103,0,213,4
51PHILADELPHIA48,221,1,74,0,0,2,2,0,1,1,475,4,0,8,296,5,475,8
51PHILADELPHIA481,117,2,72,0,0,2,2,0,6,0,324,2,2,31,191,10,324,31
51PHILADELPHIA4810,61,1,66,0,0,6,4,0,23,0,204,3,4,74,128,33,204,74
51PHILADELPHIA4811,51,0,30,0,0,1,0,0,3,0,169,0,0,5,81,4,169,5
51PHILADELPHIA4812,111,1,78,0,0,7,6,0,10,1,334,3,4,50,190,23,334,50
51PHILADELPHIA4813,101,0,95,0,1,3,2,0,14,0,372,6,4,62,196,20,372,62
51PHILADELPHIA4814,60,0,59,0,0,3,5,0,8,0,249,1,0,45,119,16,249,45
51PHILADELPHIA4815,126,1,88,0,0,2,3,0,6,1,343,5,3,43,215,11,343,43
51PHILADELPHIA4816,106,0,80,0,0,6,2,2,14,0,308,3,7,50,186,24,308,50
51PHILADELPHIA4817,112,0,97,0,1,2,1,1,15,0,390,3,3,71,209,20,390,71
51PHILADELPHIA4818,74,1,75,1,0,2,0,0,7,0,253,2,3,27,150,10,253,27
51PHILADELPHIA4819,51,3,51,1,0,0,6,0,21,0,191,3,1,80,105,28,191,80
51PHILADELPHIA482,146,0,80,0,0,1,1,0,0,0,384,4,3,13,226,2,384,13
51PHILADELPHIA4820,51,1,113,0,0,5,3,0,8,1,267,8,3,48,165,16,267,48
51PHILADELPHIA4821,317,0,87,0,1,6,0,0,1,0,700,7,4,8,404,8,700,8
51PHILADELPHIA4822,28,1,31,0,0,4,14,0,34,0,112,2,5,81,60,52,112,81
51PHILADELPHIA4823,173,0,71,0,0,1,0,0,2,0,457,4,1,15,244,3,457,15
51PHILADELPHIA483,177,0,75,0,0,1,3,0,3,0,440,3,1,8,252,7,440,8
51PHILADELPHIA484,159,0,51,0,0,1,0,0,1,1,390,2,1,9,210,2,390,9
51PHILADELPHIA485,107,1,75,1,1,2,0,1,3,1,281,2,2,25,183,8,281,25
51PHILADELPHIA486,135,0,56,0,0,6,0,0,3,0,322,5,2,9,191,9,322,9
51PHILADELPHIA487,117,2,44,0,0,3,2,0,20,0,267,1,2,97,163,25,267,97
51PHILADELPHIA488,155,0,76,0,0,1,2,1,0,0,429,5,2,13,231,4,429,13
51PHILADELPHIA489,111,0,60,0,0,1,1,0,2,0,298,2,2,16,171,4,298,16
51PHILADELPHIA49,180,0,97,0,1,0,1,0,0,1,463,7,0,6,277,2,463,6
51PHILADELPHIA491,138,0,54,0,0,3,2,0,1,2,376,1,0,15,192,6,376,15
51PHILADELPHIA4910,163,1,78,0,0,1,1,1,1,2,411,3,3,7,242,4,411,7
51PHILADELPHIA4911,153,0,72,0,0,4,3,0,1,0,430,3,2,13,225,8,430,13
51PHILADELPHIA4912,221,0,87,0,0,2,0,0,0,0,474,6,0,8,308,2,474,8
51PHILADELPHIA4913,96,0,36,0,0,1,2,0,2,0,282,3,0,8,132,5,282,8
51PHILADELPHIA4914,137,1,59,0,1,0,0,0,0,0,394,0,0,4,197,1,394,4
51PHILADELPHIA4915,198,0,62,0,0,0,0,0,1,0,439,2,0,6,260,1,439,6
51PHILADELPHIA4916,205,1,68,0,0,2,1,0,1,0,431,2,1,17,274,4,431,17
51PHILADELPHIA4917,208,0,81,0,0,2,0,0,1,0,490,4,1,9,289,3,490,9
51PHILADELPHIA4918,203,0,113,0,0,3,3,0,1,0,487,7,1,18,316,7,487,18
51PHILADELPHIA4919,182,1,92,0,0,0,0,0,1,0,487,5,0,7,275,1,487,7
51PHILADELPHIA492,246,2,90,0,0,4,1,1,2,0,512,1,0,19,338,8,512,19
51PHILADELPHIA4920,217,1,90,0,0,1,1,0,0,0,529,7,1,7,308,2,529,7
51PHILADELPHIA4921,258,1,110,0,0,8,2,0,2,1,581,4,0,31,369,12,581,31
51PHILADELPHIA4922,249,0,123,0,0,1,0,0,1,0,630,0,1,10,372,2,630,10
51PHILADELPHIA493,236,1,117,0,0,1,1,0,8,5,686,13,2,20,354,10,686,20
51PHILADELPHIA494,186,0,48,0,0,2,1,0,2,0,386,2,3,5,234,5,386,5
51PHILADELPHIA495,215,0,70,0,0,0,0,0,0,0,502,4,1,11,285,0,502,11
51PHILADELPHIA496,178,0,88,0,0,5,0,0,2,2,428,2,1,6,266,7,428,6
51PHILADELPHIA497,201,2,101,0,0,0,0,0,1,1,515,8,7,9,304,1,515,9
51PHILADELPHIA498,228,0,117,1,0,6,3,0,3,1,515,6,3,20,345,13,515,20
51PHILADELPHIA499,317,1,94,1,0,3,0,0,1,2,669,4,5,33,412,5,669,33
51PHILADELPHIA501,222,1,62,0,0,0,0,0,1,0,390,1,0,13,285,1,390,13
51PHILADELPHIA5010,225,1,89,0,0,2,1,0,2,0,408,3,1,15,315,5,408,15
51PHILADELPHIA5011,190,1,57,0,0,1,1,0,1,0,358,1,1,10,248,3,358,10
51PHILADELPHIA5012,257,0,89,0,0,1,1,0,2,0,481,6,2,12,346,4,481,12
51PHILADELPHIA5013,201,0,85,0,0,0,0,1,1,0,420,5,2,7,286,2,420,7
51PHILADELPHIA5014,191,0,63,0,1,2,0,0,1,0,382,4,2,8,254,4,382,8
51PHILADELPHIA5015,239,1,75,0,0,1,1,0,2,0,443,1,3,7,315,4,443,7
51PHILADELPHIA5016,275,1,101,0,0,1,0,0,4,0,581,3,0,9,377,5,581,9
51PHILADELPHIA5017,216,0,88,0,0,0,0,0,1,2,477,3,0,8,304,1,477,8
51PHILADELPHIA5018,219,1,80,0,0,0,1,0,0,0,461,3,2,1,300,1,461,1
51PHILADELPHIA5019,299,0,93,0,0,2,1,0,2,0,574,5,4,8,392,5,574,8
51PHILADELPHIA502,295,1,83,0,0,1,0,1,1,0,517,2,0,10,379,3,517,10
51PHILADELPHIA5020,235,0,87,0,0,0,3,0,1,0,486,3,2,11,322,4,486,11
51PHILADELPHIA5021,337,0,74,0,0,1,2,0,3,0,581,8,0,15,411,6,581,15
51PHILADELPHIA5022,273,0,85,0,0,0,1,0,0,0,547,3,0,9,358,1,547,9
51PHILADELPHIA5023,226,0,56,0,0,1,0,0,0,0,406,1,2,7,282,1,406,7
51PHILADELPHIA5024,280,1,86,0,0,1,1,0,0,0,511,6,2,8,367,2,511,8
51PHILADELPHIA5025,176,1,57,0,1,1,1,0,0,0,376,0,0,7,234,3,376,7
51PHILADELPHIA5026,227,1,78,0,0,1,0,0,1,0,483,2,0,8,306,2,483,8
51PHILADELPHIA5027,242,1,86,0,0,0,0,0,1,0,463,2,0,4,329,1,463,4
51PHILADELPHIA5028,288,3,90,0,0,0,0,0,2,0,516,4,3,10,381,2,516,10
51PHILADELPHIA5029,292,1,87,0,0,0,1,0,1,1,550,1,2,7,380,2,550,7
51PHILADELPHIA503,232,2,118,1,0,0,0,0,0,0,520,5,3,10,352,1,520,10
51PHILADELPHIA5030,220,1,74,0,0,0,0,0,0,0,419,1,0,10,295,0,419,10
51PHILADELPHIA504,255,0,91,0,0,1,0,0,1,0,520,4,1,8,346,2,520,8
51PHILADELPHIA505,257,0,98,0,0,2,2,0,4,0,485,5,6,9,355,8,485,9
51PHILADELPHIA506,208,1,74,0,0,0,0,0,2,3,403,4,0,13,283,2,403,13
51PHILADELPHIA507,283,0,93,0,0,2,1,0,0,1,536,5,2,12,376,3,536,12
51PHILADELPHIA508,266,0,77,0,2,0,1,0,1,1,527,5,2,6,343,4,527,6
51PHILADELPHIA509,260,1,103,0,0,1,0,0,2,0,488,3,4,17,364,3,488,17
51PHILADELPHIA51,305,1,189,0,0,11,46,2,38,4,865,8,20,165,495,97,865,165
51PHILADELPHIA510,91,1,52,0,0,7,9,0,30,0,269,4,6,101,144,46,269,101
51PHILADELPHIA511,375,0,209,1,0,8,28,3,14,1,1035,10,15,82,584,54,1035,82
51PHILADELPHIA5110,116,0,37,0,2,7,6,0,5,0,272,0,2,28,153,20,272,28
51PHILADELPHIA5111,133,0,35,1,1,0,0,0,0,0,285,0,2,8,168,2,285,8
51PHILADELPHIA5112,167,1,53,0,0,0,0,0,1,0,387,3,0,2,221,1,387,2
51PHILADELPHIA5113,156,0,56,0,0,0,0,0,0,1,390,2,0,4,212,0,390,4
51PHILADELPHIA5114,141,3,163,0,0,0,1,0,1,0,460,14,2,9,307,2,460,9
51PHILADELPHIA5115,166,0,83,0,0,0,0,1,0,0,395,6,2,4,249,1,395,4
51PHILADELPHIA5116,138,0,52,0,0,1,0,0,1,0,335,3,1,5,190,2,335,5
51PHILADELPHIA5117,171,0,52,1,1,0,0,0,2,0,365,2,0,10,223,4,365,10
51PHILADELPHIA5118,185,0,75,0,0,0,0,0,0,0,428,2,0,3,260,0,428,3
51PHILADELPHIA5119,132,0,44,0,0,0,0,0,0,0,307,3,0,1,176,0,307,1
51PHILADELPHIA512,472,2,173,2,0,13,39,0,33,2,1186,9,19,139,647,87,1186,139
51PHILADELPHIA5120,144,0,60,0,0,0,0,0,2,0,353,0,0,6,204,2,353,6
51PHILADELPHIA5121,98,0,40,0,0,0,0,0,0,0,265,1,1,4,138,0,265,4
51PHILADELPHIA5122,162,0,45,0,1,0,0,1,1,0,361,0,2,3,207,3,361,3
51PHILADELPHIA5123,119,0,54,0,0,0,0,0,1,0,310,4,1,6,173,1,310,6
51PHILADELPHIA5124,166,1,58,0,0,1,0,0,1,1,386,2,2,8,225,2,386,8
51PHILADELPHIA5125,179,0,66,1,0,0,1,0,1,1,447,6,3,8,245,3,447,8
51PHILADELPHIA5126,144,0,52,0,0,1,3,0,0,2,312,2,1,8,196,4,312,8
51PHILADELPHIA5127,123,0,47,0,0,1,0,0,0,0,302,2,0,4,170,1,302,4
51PHILADELPHIA5128,173,0,62,0,0,0,0,0,1,0,377,4,2,7,235,1,377,7
51PHILADELPHIA513,168,0,95,0,0,6,5,0,5,0,527,4,10,36,263,16,527,36
51PHILADELPHIA514,269,1,205,0,1,5,14,0,6,1,883,4,12,37,475,26,883,37
51PHILADELPHIA515,220,1,278,1,1,10,8,2,8,0,820,18,14,45,499,30,820,45
51PHILADELPHIA516,279,0,336,0,0,7,30,0,12,0,1046,17,16,80,615,49,1046,80
51PHILADELPHIA517,355,0,363,1,0,15,24,0,25,3,1309,11,22,122,718,65,1309,122
51PHILADELPHIA518,500,1,157,0,0,9,78,3,52,0,1086,6,12,168,658,142,1086,168
51PHILADELPHIA519,480,1,181,1,0,12,49,0,16,2,1054,3,18,112,662,78,1054,112
51PHILADELPHIA52,200,3,90,0,0,12,43,0,15,0,520,6,11,104,293,70,520,104
51PHILADELPHIA520,89,0,111,0,0,0,7,2,11,0,332,6,7,29,200,20,332,29
51PHILADELPHIA521,406,1,382,1,0,8,41,2,52,1,1454,19,37,250,789,104,1454,250
51PHILADELPHIA5210,203,0,71,0,0,1,3,0,5,0,363,0,4,22,274,9,363,22
51PHILADELPHIA5211,184,0,93,0,1,1,4,0,7,0,437,7,6,27,277,13,437,27
51PHILADELPHIA5212,205,1,78,1,0,3,18,2,8,1,487,5,5,44,284,32,487,44
51PHILADELPHIA5213,230,0,90,1,0,0,2,0,1,1,482,7,2,17,320,4,482,17
51PHILADELPHIA5214,185,1,75,0,0,3,3,0,6,0,386,2,5,33,261,12,386,33
51PHILADELPHIA5215,233,1,103,0,0,1,3,0,2,1,482,7,3,22,337,6,482,22
51PHILADELPHIA5216,251,0,122,0,0,2,1,0,2,1,583,8,3,20,373,5,583,20
51PHILADELPHIA5217,211,0,89,0,0,5,0,1,1,0,462,7,8,11,300,7,462,11
51PHILADELPHIA5218,218,1,86,0,0,0,0,0,4,0,437,4,4,14,305,4,437,14
51PHILADELPHIA5219,210,1,80,0,1,4,0,0,1,1,460,3,0,18,291,6,460,18
51PHILADELPHIA522,391,1,154,0,1,4,25,2,21,0,807,8,13,92,546,53,807,92
51PHILADELPHIA5220,197,0,77,0,0,3,1,1,6,0,375,8,2,31,274,11,375,31
51PHILADELPHIA5221,224,1,64,0,0,0,0,0,0,0,425,4,0,3,289,0,425,3
51PHILADELPHIA5222,207,0,90,0,0,1,0,0,1,0,503,4,1,2,297,2,503,2
51PHILADELPHIA5223,213,0,83,0,0,0,0,0,0,0,456,6,2,7,296,0,456,7
51PHILADELPHIA5224,238,2,92,0,0,0,0,0,0,0,463,0,0,7,332,0,463,7
51PHILADELPHIA5225,292,0,101,0,0,1,0,0,1,0,552,2,1,6,393,2,552,6
51PHILADELPHIA5226,222,1,104,0,0,1,0,0,1,1,528,3,0,6,327,2,528,6
51PHILADELPHIA5227,270,1,96,0,0,0,1,0,0,0,512,4,1,6,367,1,512,6
51PHILADELPHIA5228,105,0,49,0,0,3,1,0,5,0,239,3,2,52,154,9,239,52
51PHILADELPHIA523,223,0,216,0,0,5,16,0,10,0,802,11,22,80,439,31,802,80
51PHILADELPHIA524,272,0,186,1,0,13,28,0,20,1,932,11,16,125,458,62,932,125
51PHILADELPHIA525,286,1,256,2,0,3,12,1,21,1,1121,16,25,232,543,39,1121,232
51PHILADELPHIA526,387,2,241,1,0,12,51,1,26,2,1165,5,38,155,630,91,1165,155
51PHILADELPHIA527,386,0,214,2,1,11,29,3,36,1,1082,15,16,156,600,82,1082,156
51PHILADELPHIA528,398,1,204,0,0,11,22,2,10,1,964,8,13,90,603,45,964,90
51PHILADELPHIA529,244,1,118,1,0,10,7,1,10,0,654,8,11,45,363,29,654,45
51PHILADELPHIA53,258,2,60,2,0,5,36,5,21,0,457,2,8,69,320,69,457,69
51PHILADELPHIA531,102,1,54,0,0,6,2,0,3,1,364,1,2,35,157,11,364,35
51PHILADELPHIA5310,72,2,48,0,0,3,1,0,7,1,231,1,3,35,122,11,231,35
51PHILADELPHIA5311,88,1,60,1,1,6,3,0,8,0,255,2,4,52,149,19,255,52
51PHILADELPHIA5312,119,1,73,0,0,9,10,0,25,0,356,3,5,83,193,44,356,83
51PHILADELPHIA5313,129,0,61,0,0,4,2,1,10,0,343,2,2,37,190,17,343,37
51PHILADELPHIA5314,81,2,54,0,1,11,4,2,13,0,233,4,2,81,137,31,233,81
51PHILADELPHIA5315,92,0,90,0,1,12,14,1,25,0,301,2,2,97,182,53,301,97
51PHILADELPHIA5316,91,4,63,0,0,8,2,2,18,1,239,0,4,103,158,30,239,103
51PHILADELPHIA5317,73,1,75,1,0,5,3,0,22,0,246,4,13,83,149,31,246,83
51PHILADELPHIA5318,93,0,96,0,0,4,3,1,19,0,328,3,2,101,189,27,328,101
51PHILADELPHIA5319,109,2,68,0,0,11,7,1,17,2,330,4,0,96,179,36,330,96
51PHILADELPHIA532,130,1,90,0,0,3,3,0,5,0,406,1,0,35,221,11,406,35
51PHILADELPHIA5320,85,5,74,0,1,8,16,1,43,1,287,3,15,159,164,69,287,159
51PHILADELPHIA5321,100,2,63,1,2,26,14,2,66,1,308,7,9,167,165,111,308,167
51PHILADELPHIA5322,114,3,68,0,0,7,4,0,15,3,324,1,4,77,185,26,324,77
51PHILADELPHIA5323,71,2,40,1,0,4,0,0,11,1,244,1,4,46,113,16,244,46
51PHILADELPHIA533,133,0,68,0,0,5,4,0,10,0,397,6,2,26,201,19,397,26
51PHILADELPHIA534,141,0,63,0,2,7,0,1,10,1,393,4,1,51,204,20,393,51
51PHILADELPHIA535,131,0,71,0,0,4,2,2,6,0,420,5,6,43,202,14,420,43
51PHILADELPHIA536,113,1,61,0,0,5,1,0,11,0,340,1,4,57,175,17,340,57
51PHILADELPHIA537,112,0,53,0,0,5,3,0,8,0,363,5,0,42,165,16,363,42
51PHILADELPHIA538,75,0,41,0,1,5,1,0,10,0,231,4,4,39,116,17,231,39
51PHILADELPHIA539,93,0,45,0,0,2,1,0,4,0,273,2,1,27,138,7,273,27
51PHILADELPHIA54,251,2,163,0,1,4,42,1,23,0,679,3,17,90,416,71,679,90
51PHILADELPHIA541,104,1,52,0,0,0,4,0,3,1,302,4,2,23,157,7,302,23
51PHILADELPHIA5410,62,0,40,1,0,6,4,0,13,0,180,2,2,67,102,24,180,67
51PHILADELPHIA5411,65,0,57,0,1,0,1,0,3,1,210,3,0,30,122,5,210,30
51PHILADELPHIA5412,69,0,55,0,0,1,3,0,3,2,290,8,1,41,124,7,290,41
51PHILADELPHIA5413,80,0,56,1,0,1,2,1,13,1,245,2,1,49,136,18,245,49
51PHILADELPHIA5414,51,0,28,0,0,0,0,0,4,0,171,2,1,28,79,4,171,28
51PHILADELPHIA5415,53,0,43,0,0,3,2,0,12,0,182,2,2,49,96,17,182,49
51PHILADELPHIA5416,59,1,46,0,0,0,3,0,4,2,212,3,4,58,106,7,212,58
51PHILADELPHIA5417,98,1,45,0,0,3,1,0,4,1,220,5,4,43,144,8,220,43
51PHILADELPHIA5418,76,1,56,0,1,3,1,0,8,0,264,1,3,62,133,13,264,62
51PHILADELPHIA5419,56,2,48,0,0,3,0,0,7,1,148,1,2,62,106,10,148,62
51PHILADELPHIA542,91,1,73,0,0,1,1,0,6,2,361,7,1,31,165,8,361,31
51PHILADELPHIA5420,70,0,38,0,0,3,1,0,5,1,226,4,3,58,108,9,226,58
51PHILADELPHIA5421,88,0,54,0,0,1,2,0,11,0,233,2,3,74,142,14,233,74
51PHILADELPHIA5422,61,1,58,0,0,3,1,0,4,0,207,1,2,44,120,8,207,44
51PHILADELPHIA543,97,2,51,0,0,3,0,0,2,0,305,4,1,27,150,5,305,27
51PHILADELPHIA544,104,0,50,0,0,1,1,0,9,0,308,4,1,30,154,11,308,30
51PHILADELPHIA545,95,1,45,1,0,5,1,0,8,1,272,5,0,43,141,15,272,43
51PHILADELPHIA546,87,1,51,0,0,0,0,2,10,0,280,6,2,35,139,12,280,35
51PHILADELPHIA547,68,1,51,0,0,2,0,0,8,2,239,4,2,53,120,10,239,53
51PHILADELPHIA548,87,1,34,1,0,2,4,0,10,1,218,2,1,56,122,17,218,56
51PHILADELPHIA549,127,1,70,0,0,5,3,0,10,0,329,1,4,49,198,18,329,49
51PHILADELPHIA55,236,2,128,1,0,2,25,0,31,0,590,12,7,78,366,59,590,78
51PHILADELPHIA551,62,1,66,0,0,1,3,0,40,0,243,2,1,113,129,44,243,113
51PHILADELPHIA5510,65,0,52,0,1,4,2,0,19,0,246,3,3,68,117,26,246,68
51PHILADELPHIA5511,61,3,81,2,2,10,16,1,40,3,205,10,8,135,145,71,205,135
51PHILADELPHIA5512,44,0,55,0,2,12,10,2,51,1,182,7,3,182,99,77,182,182
51PHILADELPHIA5513,63,3,42,0,0,11,12,4,46,2,169,2,6,144,108,73,169,144
51PHILADELPHIA5514,71,0,54,1,0,13,5,0,38,1,209,4,7,152,125,57,209,152
51PHILADELPHIA5515,68,1,36,0,1,6,6,0,30,1,180,1,5,146,105,43,180,146
51PHILADELPHIA5516,68,1,73,0,0,10,7,2,53,0,206,2,7,175,142,72,206,175
51PHILADELPHIA5517,79,2,44,2,0,7,11,2,50,0,181,3,2,156,125,72,181,156
51PHILADELPHIA5518,40,3,53,0,0,10,13,2,40,1,166,5,8,154,96,65,166,154
51PHILADELPHIA5519,55,1,42,0,1,12,8,2,57,1,156,1,3,166,98,80,156,166
51PHILADELPHIA552,105,4,85,0,0,6,7,1,28,1,359,4,7,106,194,42,359,106
51PHILADELPHIA5520,72,4,63,0,3,10,13,2,43,1,186,1,6,160,139,71,186,160
51PHILADELPHIA5521,86,0,58,0,0,17,11,0,54,2,218,7,5,178,144,82,218,178
51PHILADELPHIA5522,55,0,58,1,1,11,9,5,44,2,169,2,6,122,113,71,169,122
51PHILADELPHIA5523,48,1,43,0,0,7,4,2,28,1,158,5,8,117,92,41,158,117
51PHILADELPHIA5524,58,2,72,1,0,14,15,1,61,0,199,4,7,185,132,92,199,185
51PHILADELPHIA5525,76,0,65,1,0,8,6,1,32,0,252,5,5,134,141,48,252,134
51PHILADELPHIA5526,89,0,79,0,0,11,4,0,27,3,290,4,5,119,168,42,290,119
51PHILADELPHIA5527,66,0,57,0,1,10,2,1,32,1,196,0,1,133,123,46,196,133
51PHILADELPHIA5528,69,2,61,0,0,7,6,2,37,1,199,3,7,122,132,52,199,122
51PHILADELPHIA5529,72,4,62,0,0,13,7,0,45,1,241,2,5,156,138,65,241,156
51PHILADELPHIA553,82,3,55,0,0,10,6,0,24,5,262,2,7,114,140,40,262,114
51PHILADELPHIA554,75,1,92,0,2,4,2,1,34,2,268,6,3,142,168,43,268,142
51PHILADELPHIA555,88,0,61,0,1,10,3,0,23,1,276,6,8,113,149,37,276,113
51PHILADELPHIA556,72,1,66,1,2,13,9,3,37,1,246,4,6,117,139,65,246,117
51PHILADELPHIA557,119,5,95,0,1,8,2,2,35,0,333,11,3,151,219,48,333,151
51PHILADELPHIA558,57,2,61,0,1,10,15,1,56,2,197,10,7,138,120,83,197,138
51PHILADELPHIA559,53,1,46,0,1,6,8,0,28,1,188,2,4,106,100,43,188,106
51PHILADELPHIA56,229,3,166,1,0,7,29,0,15,1,685,8,10,67,398,52,685,67
51PHILADELPHIA561,108,1,84,1,0,13,4,2,18,4,321,4,7,113,193,38,321,113
51PHILADELPHIA5610,59,5,76,1,0,15,4,1,35,1,183,8,5,167,140,56,183,167
51PHILADELPHIA5611,43,2,49,0,0,7,4,0,32,0,162,4,4,122,94,43,162,122
51PHILADELPHIA5612,89,5,69,1,0,9,8,0,45,2,205,1,5,173,163,63,205,173
51PHILADELPHIA5613,77,1,39,0,1,5,1,1,19,1,237,3,3,75,117,27,237,75
51PHILADELPHIA5614,59,4,61,0,0,10,3,0,15,1,189,4,7,90,124,28,189,90
51PHILADELPHIA5615,68,3,59,0,1,11,9,0,20,1,180,1,4,125,130,41,180,125
51PHILADELPHIA5616,67,2,47,0,0,18,3,0,15,0,199,3,7,126,116,36,199,126
51PHILADELPHIA5617,62,1,55,0,0,16,3,1,37,2,229,3,7,127,118,57,229,127
51PHILADELPHIA5618,66,1,53,0,0,6,8,2,30,0,173,2,6,127,120,46,173,127
51PHILADELPHIA5619,121,4,96,1,0,29,16,3,43,1,363,11,4,259,221,92,363,259
51PHILADELPHIA562,75,1,66,0,0,9,9,2,22,2,204,4,2,117,142,42,204,117
51PHILADELPHIA5620,75,0,58,0,0,4,2,0,16,0,169,2,3,96,133,22,169,96
51PHILADELPHIA5621,80,1,57,0,1,9,3,1,16,3,227,2,2,148,138,30,227,148
51PHILADELPHIA5622,107,4,41,1,1,4,4,1,30,0,181,2,2,201,152,41,181,201
51PHILADELPHIA5623,86,2,71,1,0,10,4,2,32,1,261,2,6,146,159,49,261,146
51PHILADELPHIA5624,88,0,46,0,1,11,1,0,20,0,220,3,2,128,134,33,220,128
51PHILADELPHIA5625,124,3,70,1,0,4,1,0,17,0,333,4,3,95,197,23,333,95
51PHILADELPHIA5626,83,2,65,0,0,19,12,1,25,1,234,2,4,179,150,57,234,179
51PHILADELPHIA5627,81,4,49,0,0,7,4,1,11,2,194,5,0,96,134,23,194,96
51PHILADELPHIA5628,98,4,46,0,0,7,5,0,18,0,248,4,4,117,148,30,248,117
51PHILADELPHIA5629,93,0,65,0,0,4,4,1,24,3,205,0,1,179,158,33,205,179
51PHILADELPHIA563,60,1,39,0,1,7,7,0,22,1,220,2,3,79,100,37,220,79
51PHILADELPHIA5630,107,0,97,0,0,14,3,1,56,1,367,4,6,286,204,74,367,286
51PHILADELPHIA5631,108,5,72,1,0,12,7,1,34,0,312,3,7,192,185,55,312,192
51PHILADELPHIA5632,57,2,41,1,0,8,5,3,33,0,177,1,3,114,100,50,177,114
51PHILADELPHIA5633,75,2,53,0,2,10,11,1,22,1,206,3,2,97,130,46,206,97
51PHILADELPHIA5634,87,1,51,0,0,4,0,0,18,1,202,4,3,54,139,22,202,54
51PHILADELPHIA5635,75,2,39,1,0,5,4,0,14,0,239,2,2,76,116,24,239,76
51PHILADELPHIA5636,80,2,46,0,0,8,0,0,17,1,202,3,3,65,128,25,202,65
51PHILADELPHIA5637,62,0,68,0,1,11,6,0,17,1,192,6,3,104,130,35,192,104
51PHILADELPHIA5638,90,0,62,1,0,15,3,0,31,0,242,1,3,120,152,50,242,120
51PHILADELPHIA5639,101,1,41,0,0,8,6,0,26,3,296,3,11,156,143,40,296,156
51PHILADELPHIA564,73,1,48,1,0,14,6,0,21,0,190,6,2,118,122,42,190,118
51PHILADELPHIA5640,71,1,48,0,0,8,5,0,11,1,208,1,6,59,120,24,208,59
51PHILADELPHIA5641,136,2,96,0,0,8,8,0,28,2,426,6,8,161,234,44,426,161
51PHILADELPHIA565,56,2,18,0,0,16,4,1,19,1,144,0,0,127,76,40,144,127
51PHILADELPHIA566,127,0,87,0,0,25,17,5,81,0,299,1,11,232,214,128,299,232
51PHILADELPHIA567,92,4,102,0,0,7,11,2,56,1,273,6,9,193,198,76,273,193
51PHILADELPHIA568,122,4,138,0,1,22,23,1,84,2,330,9,16,288,264,131,330,288
51PHILADELPHIA569,74,1,65,1,0,13,18,3,34,0,228,6,6,159,140,69,228,159
51PHILADELPHIA57,188,0,135,0,0,5,19,1,7,1,554,3,4,43,323,32,554,43
51PHILADELPHIA571,73,4,75,0,0,17,20,0,73,4,195,2,18,219,152,110,195,219
51PHILADELPHIA5710,96,4,89,0,1,17,7,0,51,2,337,5,8,215,189,76,337,215
51PHILADELPHIA5711,91,0,88,1,1,18,17,1,60,1,256,6,9,205,179,98,256,205
51PHILADELPHIA5712,79,2,88,0,1,15,20,3,54,1,221,5,4,210,169,93,221,210
51PHILADELPHIA5713,66,7,86,0,1,25,38,1,117,1,177,5,9,393,159,182,177,393
51PHILADELPHIA5714,58,3,76,0,0,22,16,4,72,0,179,2,10,275,137,114,179,275
51PHILADELPHIA5715,70,2,81,0,0,9,12,0,40,1,246,3,2,207,153,61,246,207
51PHILADELPHIA5716,59,3,67,1,3,20,13,0,49,1,155,2,7,209,129,86,155,209
51PHILADELPHIA5717,102,7,78,0,0,14,15,1,83,3,190,4,11,255,187,113,190,255
51PHILADELPHIA5718,85,3,81,2,1,19,15,1,78,1,226,5,6,226,169,116,226,226
51PHILADELPHIA5719,48,4,73,1,1,11,13,0,35,2,158,0,9,158,125,61,158,158
51PHILADELPHIA572,107,5,96,1,0,14,11,1,70,3,319,5,6,242,208,97,319,242
51PHILADELPHIA5720,65,0,49,0,1,11,9,1,32,1,201,2,2,130,114,54,201,130
51PHILADELPHIA5721,75,2,54,2,0,11,14,0,35,4,168,3,8,142,131,62,168,142
51PHILADELPHIA5722,75,1,66,0,1,8,23,2,51,3,148,1,7,178,142,85,148,178
51PHILADELPHIA5723,107,1,93,0,2,16,11,1,42,0,275,1,12,188,201,72,275,188
51PHILADELPHIA5724,57,2,44,0,0,5,11,2,35,0,179,3,4,130,103,53,179,130
51PHILADELPHIA5725,60,0,64,0,0,18,14,0,49,1,210,4,2,162,124,81,210,162
51PHILADELPHIA5726,106,2,61,0,0,8,9,0,26,1,296,8,8,128,169,43,296,128
51PHILADELPHIA5727,127,1,90,0,0,7,2,0,13,0,489,1,4,64,218,22,489,64
51PHILADELPHIA5728,71,5,59,0,0,13,10,0,57,3,146,2,7,208,135,80,146,208
51PHILADELPHIA573,89,1,58,0,0,15,15,3,59,0,257,5,5,222,148,92,257,222
51PHILADELPHIA574,97,2,62,1,0,9,9,0,47,0,213,5,3,144,161,66,213,144
51PHILADELPHIA575,74,0,53,0,1,5,2,1,30,0,216,2,4,110,127,39,216,110
51PHILADELPHIA576,214,0,101,0,0,11,5,1,42,1,505,12,6,170,315,59,505,170
51PHILADELPHIA577,112,3,52,0,1,4,3,2,19,1,345,4,7,87,167,29,345,87
51PHILADELPHIA578,124,0,75,0,0,18,12,0,41,0,343,4,6,192,199,71,343,192
51PHILADELPHIA579,60,5,52,0,0,8,8,0,37,0,192,1,6,128,117,53,192,128
51PHILADELPHIA58,254,1,167,0,0,8,25,1,17,1,701,5,19,54,422,51,701,54
51PHILADELPHIA581,65,1,36,0,0,2,3,2,20,0,219,1,4,102,102,27,219,102
51PHILADELPHIA5810,100,2,66,1,0,14,10,0,63,0,248,4,7,233,168,88,248,233
51PHILADELPHIA5811,72,1,43,0,0,14,18,1,54,2,240,6,7,204,116,87,240,204
51PHILADELPHIA5812,85,6,56,0,0,17,8,0,50,0,213,5,1,236,147,75,213,236
51PHILADELPHIA5813,82,1,65,0,0,24,17,0,62,1,243,5,3,212,148,103,243,212
51PHILADELPHIA5814,64,0,50,1,0,17,7,3,46,1,192,3,2,167,114,74,192,167
51PHILADELPHIA5815,72,1,26,0,0,4,4,1,16,1,220,1,3,97,99,25,220,97
51PHILADELPHIA5816,70,3,89,0,0,21,19,0,83,0,186,4,6,257,162,123,186,257
51PHILADELPHIA5817,102,2,68,0,0,16,7,1,72,1,262,7,6,270,172,96,262,270
51PHILADELPHIA5818,95,3,68,1,0,6,8,0,28,1,338,8,4,152,166,43,338,152
51PHILADELPHIA5819,113,1,101,2,0,18,11,1,99,2,296,6,9,349,215,131,296,349
51PHILADELPHIA582,57,0,33,0,0,9,3,1,9,1,157,0,2,72,90,22,157,72
51PHILADELPHIA5820,83,0,79,0,0,10,12,0,41,0,267,5,2,163,162,63,267,163
51PHILADELPHIA5821,58,0,86,2,0,27,29,1,109,0,215,6,13,344,144,168,215,344
51PHILADELPHIA5822,55,0,59,0,0,7,11,1,75,2,181,3,6,233,114,94,181,233
51PHILADELPHIA5823,94,1,72,0,0,23,12,0,73,0,270,0,7,251,167,108,270,251
51PHILADELPHIA5824,136,4,86,0,0,20,28,0,112,1,291,1,16,323,226,160,291,323
51PHILADELPHIA5825,77,1,75,0,1,11,10,2,53,2,255,3,9,189,153,77,255,189
51PHILADELPHIA5826,92,0,82,0,0,7,14,0,59,0,225,4,7,245,174,80,225,245
51PHILADELPHIA5827,77,1,73,1,0,9,3,0,60,1,263,4,5,215,151,73,263,215
51PHILADELPHIA5828,80,1,65,1,0,13,6,1,56,4,205,7,3,195,146,77,205,195
51PHILADELPHIA5829,103,2,97,0,0,24,31,2,96,2,289,2,10,333,202,153,289,333
51PHILADELPHIA583,129,1,85,0,0,16,8,1,60,0,401,6,7,288,215,85,401,288
51PHILADELPHIA5830,77,0,71,0,0,13,12,0,40,1,230,7,7,200,148,65,230,200
51PHILADELPHIA5831,121,1,64,0,0,14,11,1,50,0,350,2,6,223,186,76,350,223
51PHILADELPHIA5832,45,2,37,0,0,4,4,2,18,0,139,1,6,122,84,28,139,122
51PHILADELPHIA5833,48,3,48,1,0,6,2,0,38,0,161,8,6,195,99,47,161,195
51PHILADELPHIA5834,120,1,65,1,0,17,18,0,48,0,251,6,3,216,186,84,251,216
51PHILADELPHIA5835,124,6,88,1,0,20,14,1,97,1,254,3,9,436,218,133,254,436
51PHILADELPHIA5836,51,0,29,2,0,7,4,0,12,1,147,2,2,101,80,25,147,101
51PHILADELPHIA5837,102,3,67,0,0,12,10,0,49,2,267,5,2,238,172,71,267,238
51PHILADELPHIA5838,43,0,22,0,0,9,0,1,23,1,136,3,7,163,65,33,136,163
51PHILADELPHIA5839,82,7,43,2,1,35,26,1,90,4,169,2,14,303,132,155,169,303
51PHILADELPHIA584,78,6,75,1,0,32,33,1,123,1,191,1,2,361,159,190,191,361
51PHILADELPHIA5840,67,1,43,1,0,4,7,1,41,1,189,3,2,182,111,54,189,182
51PHILADELPHIA5841,127,5,89,1,3,25,31,1,163,1,268,3,2,436,221,224,268,436
51PHILADELPHIA5842,74,1,52,1,1,13,16,0,35,1,219,5,5,156,127,66,219,156
51PHILADELPHIA5843,68,3,61,0,0,11,7,1,41,0,172,2,7,185,132,60,172,185
51PHILADELPHIA5844,159,1,43,1,0,13,5,4,43,0,305,1,3,220,203,66,305,220
51PHILADELPHIA585,119,3,132,1,0,22,12,0,98,1,403,10,12,382,254,133,403,382
51PHILADELPHIA586,77,3,61,0,0,21,9,0,61,0,194,2,7,229,141,91,194,229
51PHILADELPHIA587,72,1,62,0,0,13,14,0,71,2,163,2,4,218,135,98,163,218
51PHILADELPHIA588,116,0,79,0,1,18,5,3,46,1,349,2,7,277,195,73,349,277
51PHILADELPHIA589,75,4,75,0,3,24,17,1,78,4,200,7,10,254,154,123,200,254
51PHILADELPHIA59,229,1,180,1,0,11,20,1,26,0,891,13,17,110,410,59,891,110
51PHILADELPHIA591,141,0,70,0,0,1,0,0,0,1,367,0,1,4,211,1,367,4
51PHILADELPHIA5910,253,1,121,0,0,4,0,0,0,0,637,7,1,12,375,4,637,12
51PHILADELPHIA5911,126,0,76,0,0,0,0,0,1,0,324,5,1,3,202,1,324,3
51PHILADELPHIA5912,141,1,98,0,0,0,0,0,0,3,384,5,2,3,240,0,384,3
51PHILADELPHIA5913,162,0,92,1,0,1,2,0,3,0,421,5,1,8,254,7,421,8
51PHILADELPHIA5914,111,1,36,0,0,0,0,0,1,0,274,0,0,8,148,1,274,8
51PHILADELPHIA5915,90,2,69,0,0,7,3,0,0,0,326,5,2,15,161,10,326,15
51PHILADELPHIA5916,147,0,63,0,0,0,2,0,2,0,376,2,2,8,210,4,376,8
51PHILADELPHIA5917,230,0,166,0,0,0,2,0,7,0,583,9,7,32,396,9,583,32
51PHILADELPHIA5918,173,1,67,0,1,2,4,1,1,1,364,4,2,15,241,9,364,15
51PHILADELPHIA5919,174,0,178,0,0,3,2,0,2,0,528,15,4,13,352,7,528,13
51PHILADELPHIA592,215,0,66,0,0,1,0,0,0,0,435,3,1,3,281,1,435,3
51PHILADELPHIA5920,41,0,48,0,0,4,4,1,4,0,254,2,9,26,89,13,254,26
51PHILADELPHIA5921,140,1,113,0,0,0,5,0,2,0,432,9,6,10,254,7,432,10
51PHILADELPHIA5922,156,0,157,0,0,6,1,0,4,1,437,4,4,18,313,11,437,18
51PHILADELPHIA5923,125,0,93,0,0,2,1,0,1,0,331,5,3,1,218,4,331,1
51PHILADELPHIA5924,106,1,117,0,0,1,1,0,0,0,320,6,1,5,224,2,320,5
51PHILADELPHIA5925,159,0,119,0,0,0,3,1,0,1,419,3,3,14,278,4,419,14
51PHILADELPHIA593,143,0,57,0,0,0,0,0,0,0,407,2,0,6,200,0,407,6
51PHILADELPHIA594,281,1,94,0,0,1,2,0,2,1,562,2,2,11,376,5,562,11
51PHILADELPHIA595,228,0,80,0,0,0,1,0,1,1,525,5,3,10,308,2,525,10
51PHILADELPHIA596,122,0,53,0,0,0,0,0,0,1,329,2,0,2,175,0,329,2
51PHILADELPHIA597,129,0,57,0,0,1,0,0,1,1,357,4,4,6,186,2,357,6
51PHILADELPHIA598,143,1,65,0,0,3,0,0,0,0,379,3,0,10,209,3,379,10
51PHILADELPHIA599,137,0,54,0,0,0,0,0,0,0,335,2,0,3,191,0,335,3
51PHILADELPHIA601,97,1,94,0,0,4,1,0,1,0,282,5,4,15,192,6,282,15
51PHILADELPHIA6010,130,1,73,0,0,0,0,0,0,2,283,5,0,1,204,0,283,1
51PHILADELPHIA6011,188,1,74,0,0,1,0,0,1,3,437,4,1,2,263,2,437,2
51PHILADELPHIA6012,128,0,100,0,0,1,4,0,0,0,356,6,0,10,228,5,356,10
51PHILADELPHIA6013,105,0,80,0,0,2,0,0,0,1,292,7,0,9,185,2,292,9
51PHILADELPHIA6014,185,0,91,0,0,0,0,0,0,1,413,5,0,6,276,0,413,6
51PHILADELPHIA6015,163,1,70,0,0,0,0,0,1,1,356,5,2,7,234,1,356,7
51PHILADELPHIA6016,137,2,72,1,0,1,0,0,0,1,404,3,3,3,211,2,404,3
51PHILADELPHIA6017,179,2,68,0,0,0,0,0,0,0,412,3,0,3,249,0,412,3
51PHILADELPHIA6018,183,0,49,0,0,2,0,1,1,0,368,5,2,3,232,4,368,3
51PHILADELPHIA6019,181,3,52,0,0,0,0,0,0,0,364,3,0,6,236,0,364,6
51PHILADELPHIA602,181,2,102,0,0,1,0,0,0,0,403,3,3,8,285,1,403,8
51PHILADELPHIA6020,192,0,55,0,0,4,0,0,4,0,415,0,1,12,247,8,415,12
51PHILADELPHIA6021,117,0,51,0,0,0,0,0,0,1,244,3,0,3,168,0,244,3
51PHILADELPHIA6022,121,0,77,0,0,0,0,0,0,0,322,2,0,4,198,0,322,4
51PHILADELPHIA6023,106,0,99,0,0,2,0,0,5,1,384,4,3,10,205,7,384,10
51PHILADELPHIA603,122,0,61,0,0,0,0,0,0,0,343,6,3,3,183,0,343,3
51PHILADELPHIA604,144,0,53,0,0,0,0,0,1,0,359,0,1,4,197,1,359,4
51PHILADELPHIA605,153,1,74,0,0,0,1,0,1,2,434,3,0,4,228,2,434,4
51PHILADELPHIA606,156,0,51,0,0,0,0,0,0,0,367,2,0,3,207,0,367,3
51PHILADELPHIA607,137,3,72,0,0,0,0,0,0,1,345,3,0,6,212,0,345,6
51PHILADELPHIA608,84,0,95,0,0,0,2,0,0,0,305,3,0,7,179,2,305,7
51PHILADELPHIA609,199,0,221,0,0,3,0,1,2,1,611,9,2,13,420,6,611,13
51PHILADELPHIA61,133,1,143,1,0,0,1,1,2,0,472,8,4,19,277,5,472,19
51PHILADELPHIA610,93,0,45,0,0,1,1,0,0,0,230,1,1,5,138,2,230,5
51PHILADELPHIA611,334,0,146,2,0,2,0,0,7,0,858,10,2,35,480,11,858,35
51PHILADELPHIA6110,130,0,83,0,0,5,3,0,3,0,447,10,4,40,213,11,447,40
51PHILADELPHIA6111,152,0,67,0,1,2,0,0,5,0,386,3,1,14,219,8,386,14
51PHILADELPHIA6112,122,1,55,0,0,1,1,0,2,0,384,6,1,7,178,4,384,7
51PHILADELPHIA6113,164,0,54,0,0,4,0,0,2,2,453,2,2,14,218,6,453,14
51PHILADELPHIA6114,159,1,72,0,0,2,1,0,6,1,409,4,4,25,232,9,409,25
51PHILADELPHIA6115,119,0,50,0,0,4,5,0,6,0,373,2,0,24,169,15,373,24
51PHILADELPHIA6116,148,0,53,0,0,0,0,0,6,0,391,3,2,24,201,6,391,24
51PHILADELPHIA6117,127,0,93,1,1,8,3,1,4,0,324,8,2,45,220,18,324,45
51PHILADELPHIA6118,157,1,69,0,0,3,0,0,1,0,447,7,4,37,227,4,447,37
51PHILADELPHIA6119,187,0,63,0,0,2,0,0,4,1,408,2,1,29,250,6,408,29
51PHILADELPHIA612,280,0,116,0,1,1,1,0,2,0,711,3,1,29,396,5,711,29
51PHILADELPHIA6120,170,0,72,0,0,0,1,0,1,1,369,5,2,10,242,2,369,10
51PHILADELPHIA6121,211,0,118,0,0,2,2,0,6,0,512,7,4,18,329,10,512,18
51PHILADELPHIA6122,130,0,76,0,1,0,5,1,0,2,375,1,1,19,206,7,375,19
51PHILADELPHIA6123,175,1,106,0,1,5,3,1,0,0,439,4,6,24,282,10,439,24
51PHILADELPHIA6124,106,0,61,1,1,3,3,0,2,0,308,4,3,28,167,10,308,28
51PHILADELPHIA6125,197,0,77,0,0,2,2,0,4,0,395,4,1,17,274,8,395,17
51PHILADELPHIA6126,147,0,74,0,0,4,3,0,8,0,385,4,1,26,221,15,385,26
51PHILADELPHIA6127,174,0,90,1,0,1,0,0,2,0,446,2,2,12,264,4,446,12
51PHILADELPHIA6128,212,0,71,0,0,2,0,0,3,0,430,2,4,9,283,5,430,9
51PHILADELPHIA613,301,0,123,0,0,4,0,0,7,0,738,5,5,32,424,11,738,32
51PHILADELPHIA614,247,0,134,1,0,5,0,0,1,2,708,5,2,29,381,7,708,29
51PHILADELPHIA615,249,2,131,0,1,4,0,1,8,2,688,8,3,53,382,14,688,53
51PHILADELPHIA616,409,1,206,0,0,8,6,0,6,2,996,13,5,39,616,20,996,39
51PHILADELPHIA617,329,6,182,0,1,6,2,0,9,2,868,7,5,45,517,18,868,45
51PHILADELPHIA618,335,1,143,0,0,2,2,0,7,1,832,6,2,37,479,11,832,37
51PHILADELPHIA619,143,0,79,0,0,1,1,0,2,0,449,4,3,20,222,4,449,20
51PHILADELPHIA62,143,0,54,2,0,0,0,0,2,1,266,0,2,9,197,4,266,9
51PHILADELPHIA621,120,0,63,0,0,5,2,0,7,0,404,3,0,52,183,14,404,52
51PHILADELPHIA6210,109,4,52,0,1,2,0,0,4,1,321,2,3,37,165,7,321,37
51PHILADELPHIA6211,166,0,70,0,1,5,1,0,6,0,438,8,5,59,236,13,438,59
51PHILADELPHIA6212,130,1,58,0,0,5,0,1,6,2,326,2,3,45,189,12,326,45
51PHILADELPHIA6213,137,0,81,1,0,4,1,1,11,1,424,6,2,50,218,18,424,50
51PHILADELPHIA6214,186,1,69,0,0,1,0,1,9,0,424,1,4,66,256,11,424,66
51PHILADELPHIA6215,132,1,78,1,0,3,8,0,6,0,338,4,4,73,211,18,338,73
51PHILADELPHIA6216,104,0,70,0,0,2,1,0,16,0,365,1,4,59,174,19,365,59
51PHILADELPHIA6217,94,0,83,0,1,7,3,3,18,0,305,2,0,75,177,32,305,75
51PHILADELPHIA6218,100,1,56,0,0,2,2,0,21,1,283,2,2,78,157,25,283,78
51PHILADELPHIA6219,73,0,45,0,0,7,3,0,24,1,264,3,3,114,118,34,264,114
51PHILADELPHIA622,108,0,51,0,0,2,4,0,6,2,403,2,3,31,159,12,403,31
51PHILADELPHIA6220,121,1,64,0,0,4,0,0,19,0,312,3,2,67,186,23,312,67
51PHILADELPHIA6221,66,0,45,0,0,6,2,1,8,2,222,3,2,66,111,17,222,66
51PHILADELPHIA6222,87,0,34,0,0,5,1,0,23,1,271,1,6,82,121,29,271,82
51PHILADELPHIA6223,68,3,41,0,0,2,5,1,16,1,198,1,3,87,112,24,198,87
51PHILADELPHIA6224,75,1,46,0,1,0,4,0,21,0,244,5,2,57,122,26,244,57
51PHILADELPHIA6225,52,0,47,0,1,7,2,1,26,2,245,0,7,106,99,37,245,106
51PHILADELPHIA6226,83,1,65,0,0,7,5,0,18,0,303,2,5,83,149,30,303,83
51PHILADELPHIA623,82,2,56,0,0,4,4,0,9,2,247,2,1,56,140,17,247,56
51PHILADELPHIA624,150,0,64,0,0,4,2,1,6,2,439,9,5,41,214,13,439,41
51PHILADELPHIA625,80,0,54,0,0,1,2,0,7,0,267,1,5,45,134,10,267,45
51PHILADELPHIA626,121,2,69,0,1,10,2,0,14,1,411,7,4,53,192,27,411,53
51PHILADELPHIA627,113,1,62,0,0,0,0,0,5,0,390,5,2,41,176,5,390,41
51PHILADELPHIA628,124,2,72,0,0,5,1,0,4,3,395,2,4,45,198,10,395,45
51PHILADELPHIA629,86,0,40,0,1,2,1,0,9,1,324,3,1,29,126,13,324,29
51PHILADELPHIA63,132,0,160,0,0,3,6,2,2,0,503,11,9,24,292,13,503,24
51PHILADELPHIA631,73,4,75,0,0,21,21,2,82,2,212,8,11,230,152,126,212,230
51PHILADELPHIA6310,100,5,66,1,0,19,28,3,95,1,254,8,10,278,171,146,254,278
51PHILADELPHIA6311,182,5,106,3,1,31,39,1,84,1,350,8,7,290,293,159,350,290
51PHILADELPHIA6312,93,6,73,0,2,21,19,0,65,2,248,3,8,202,172,107,248,202
51PHILADELPHIA6313,92,3,104,3,1,22,25,1,61,1,337,5,11,245,199,113,337,245
51PHILADELPHIA6314,106,2,75,0,0,31,17,1,65,1,259,2,11,221,183,114,259,221
51PHILADELPHIA6315,104,2,72,0,0,18,17,0,60,1,254,5,7,225,178,95,254,225
51PHILADELPHIA6316,44,2,51,0,0,22,11,1,75,1,170,4,5,198,97,109,170,198
51PHILADELPHIA6317,46,0,33,0,0,25,22,1,80,3,112,5,4,240,79,128,112,240
51PHILADELPHIA6318,98,2,49,0,1,12,16,0,84,0,209,5,4,236,149,113,209,236
51PHILADELPHIA6319,73,2,63,0,0,19,22,3,76,0,190,1,7,239,138,120,190,239
51PHILADELPHIA632,65,4,83,0,0,21,29,1,75,0,210,0,3,253,152,126,210,253
51PHILADELPHIA6320,65,5,56,0,0,21,27,1,63,0,207,4,10,217,126,112,207,217
51PHILADELPHIA6321,98,2,72,0,0,12,14,0,40,0,239,1,5,169,172,66,239,169
51PHILADELPHIA6322,108,0,77,0,1,16,13,0,40,0,278,7,2,156,185,70,278,156
51PHILADELPHIA6323,181,2,115,1,2,30,33,0,99,1,458,8,16,306,298,165,458,306
51PHILADELPHIA6324,70,1,38,0,0,21,21,6,37,1,187,1,6,168,109,85,187,168
51PHILADELPHIA6325,75,3,43,0,1,12,7,1,37,0,175,4,0,151,121,58,175,151
51PHILADELPHIA633,78,4,92,2,0,36,29,1,111,1,240,7,21,355,174,179,240,355
51PHILADELPHIA634,96,3,70,0,0,23,20,1,88,1,301,4,4,265,169,132,301,265
51PHILADELPHIA635,85,1,76,0,0,14,22,0,67,0,219,5,10,203,162,103,219,203
51PHILADELPHIA636,96,1,92,0,1,22,18,0,61,4,320,7,8,188,189,102,320,188
51PHILADELPHIA637,68,2,28,2,0,13,13,4,9,0,152,0,4,55,98,41,152,55
51PHILADELPHIA638,89,3,84,0,1,24,24,0,56,4,253,5,12,175,176,105,253,175
51PHILADELPHIA639,80,1,65,0,2,34,14,3,78,1,237,3,10,249,146,131,237,249
51PHILADELPHIA64,206,0,93,0,1,0,0,2,3,0,499,4,0,7,299,6,499,7
51PHILADELPHIA641,90,1,50,1,0,17,12,0,43,1,238,2,4,152,141,73,238,152
51PHILADELPHIA6410,61,1,65,0,0,11,14,0,43,0,176,9,4,138,127,68,176,138
51PHILADELPHIA6411,48,1,50,3,1,25,7,0,65,0,158,6,11,177,99,101,158,177
51PHILADELPHIA6412,30,2,30,1,1,11,8,1,24,1,146,1,5,104,62,46,146,104
51PHILADELPHIA6413,51,2,52,1,0,17,25,0,64,1,145,4,1,200,105,107,145,200
51PHILADELPHIA6414,48,1,42,0,0,10,12,0,57,0,152,2,2,164,91,79,152,164
51PHILADELPHIA6415,125,4,32,4,1,21,11,3,36,1,315,6,7,147,161,76,315,147
51PHILADELPHIA6416,88,3,61,0,0,6,14,0,67,3,214,2,3,210,152,87,214,210
51PHILADELPHIA6417,50,1,39,0,0,12,13,0,49,0,159,3,1,154,90,74,159,154
51PHILADELPHIA6418,82,1,79,0,1,18,14,0,99,1,270,2,6,254,162,132,270,254
51PHILADELPHIA642,104,5,81,1,0,26,25,2,75,2,255,3,4,265,190,129,255,265
51PHILADELPHIA643,81,2,58,0,0,8,10,0,40,0,217,6,11,155,141,58,217,155
51PHILADELPHIA644,62,1,71,0,0,12,13,0,71,0,181,3,7,215,134,96,181,215
51PHILADELPHIA645,86,4,87,0,1,18,18,1,64,1,265,2,8,252,177,102,265,252
51PHILADELPHIA646,52,0,67,1,0,14,20,0,54,0,188,1,11,205,119,89,188,205
51PHILADELPHIA647,80,1,55,1,0,16,14,0,43,3,197,1,7,182,136,74,197,182
51PHILADELPHIA648,51,4,60,0,0,10,20,1,71,0,171,2,5,194,115,102,171,194
51PHILADELPHIA649,39,1,50,0,0,11,6,0,26,1,176,2,11,109,90,43,176,109
51PHILADELPHIA65,94,1,33,0,0,1,0,0,1,1,214,3,1,1,128,2,214,1
51PHILADELPHIA651,99,10,107,1,1,24,16,4,104,0,211,3,12,367,216,150,211,367
51PHILADELPHIA6510,83,0,84,0,0,31,19,0,93,0,273,6,9,352,167,143,273,352
51PHILADELPHIA6511,91,1,92,0,0,8,3,1,36,0,310,6,7,143,184,48,310,143
51PHILADELPHIA6512,66,0,34,0,0,3,2,1,12,0,152,3,1,41,100,18,152,41
51PHILADELPHIA6513,68,0,45,0,0,2,1,1,17,0,163,4,3,97,113,21,163,97
51PHILADELPHIA6514,74,0,42,1,0,3,5,0,6,0,228,1,3,46,116,15,228,46
51PHILADELPHIA6515,75,3,53,0,0,3,1,0,10,1,237,6,2,56,131,14,237,56
51PHILADELPHIA6516,64,1,48,1,1,11,5,0,16,4,196,2,2,101,113,34,196,101
51PHILADELPHIA6517,100,2,105,0,1,7,4,1,31,1,333,11,6,138,207,44,333,138
51PHILADELPHIA6518,113,1,58,0,0,5,3,0,17,0,305,1,4,72,172,25,305,72
51PHILADELPHIA6519,77,4,63,0,1,8,11,0,37,0,198,5,4,144,144,57,198,144
51PHILADELPHIA652,107,4,82,0,0,14,14,2,64,3,250,2,5,298,193,94,250,298
51PHILADELPHIA6520,301,6,137,3,2,24,25,1,116,2,528,7,10,333,444,171,528,333
51PHILADELPHIA6521,51,0,66,1,1,4,6,0,17,0,174,9,5,118,117,29,174,118
51PHILADELPHIA6522,67,1,68,1,0,4,5,0,34,1,219,8,4,114,136,44,219,114
51PHILADELPHIA6523,76,3,81,0,0,13,13,0,74,1,208,6,7,238,160,100,208,238
51PHILADELPHIA653,60,1,55,1,2,6,11,0,15,0,218,2,8,103,116,35,218,103
51PHILADELPHIA654,211,3,102,1,0,19,18,0,54,2,364,3,4,220,316,92,364,220
51PHILADELPHIA655,59,1,36,0,1,4,2,0,26,1,195,5,6,100,96,33,195,100
51PHILADELPHIA656,33,1,28,0,0,3,4,0,11,0,142,5,2,54,62,18,142,54
51PHILADELPHIA657,146,2,135,0,0,22,31,0,104,1,273,7,9,423,283,157,273,423
51PHILADELPHIA658,59,2,67,0,0,7,6,0,38,1,214,1,5,136,128,51,214,136
51PHILADELPHIA659,102,2,83,0,1,15,11,1,51,4,274,1,1,217,187,79,274,217
51PHILADELPHIA66,161,0,68,0,0,0,0,0,0,1,332,4,0,4,229,0,332,4
51PHILADELPHIA661,82,1,74,0,1,25,7,1,35,2,234,5,20,174,157,69,234,174
51PHILADELPHIA6610,76,2,74,2,1,18,13,0,67,1,197,3,5,216,152,101,197,216
51PHILADELPHIA6611,70,1,69,0,0,12,21,1,100,5,161,5,8,254,140,134,161,254
51PHILADELPHIA6612,89,3,49,0,3,14,7,4,48,2,231,4,10,168,141,76,231,168
51PHILADELPHIA6613,48,1,51,0,1,11,13,2,38,2,140,3,6,158,100,65,140,158
51PHILADELPHIA6614,70,3,62,0,0,19,10,1,61,1,170,2,10,268,135,91,170,268
51PHILADELPHIA6615,97,1,73,0,1,17,11,5,75,1,273,5,9,224,171,109,273,224
51PHILADELPHIA6616,52,4,34,2,0,14,7,3,41,1,117,1,6,161,90,67,117,161
51PHILADELPHIA6617,41,0,37,4,0,30,43,3,84,1,154,4,6,190,78,164,154,190
51PHILADELPHIA6618,84,4,67,2,0,17,17,3,64,1,217,5,7,218,155,103,217,218
51PHILADELPHIA6619,69,4,76,0,0,17,8,2,57,3,209,4,12,193,149,84,209,193
51PHILADELPHIA662,39,1,36,1,1,17,10,0,58,0,130,7,2,157,76,87,130,157
51PHILADELPHIA6620,75,0,80,0,0,16,15,1,52,1,213,0,13,204,155,84,213,204
51PHILADELPHIA6621,112,3,125,1,2,27,15,2,88,1,335,4,13,335,240,135,335,335
51PHILADELPHIA6622,126,0,107,0,0,25,16,1,91,0,341,9,11,319,233,133,341,319
51PHILADELPHIA6623,60,3,88,0,1,14,15,1,59,3,233,8,11,247,151,90,233,247
51PHILADELPHIA6624,72,3,61,0,2,15,14,0,64,1,182,1,1,219,136,95,182,219
51PHILADELPHIA6625,48,5,59,0,0,17,13,1,71,3,118,3,5,211,112,102,118,211
51PHILADELPHIA6626,78,5,83,0,0,17,10,3,69,3,221,8,3,262,166,99,221,262
51PHILADELPHIA6627,55,0,41,0,1,6,8,0,35,1,186,3,8,145,96,50,186,145
51PHILADELPHIA6628,64,0,74,1,2,10,16,0,72,2,196,4,11,210,138,101,196,210
51PHILADELPHIA6629,77,4,74,1,0,21,32,4,130,1,190,3,11,349,155,188,190,349
51PHILADELPHIA663,51,4,51,0,1,8,15,0,70,2,140,0,7,192,106,94,140,192
51PHILADELPHIA6630,63,6,51,2,1,6,23,0,92,0,184,1,5,251,120,124,184,251
51PHILADELPHIA6631,73,3,59,0,2,12,8,2,54,0,186,3,7,222,135,78,186,222
51PHILADELPHIA6632,73,2,63,2,1,12,14,2,53,2,230,3,5,209,138,84,230,209
51PHILADELPHIA6633,107,1,73,1,0,25,20,1,89,2,263,4,8,281,181,136,263,281
51PHILADELPHIA6634,55,2,71,3,1,15,18,2,84,1,152,1,8,250,128,123,152,250
51PHILADELPHIA6635,68,4,74,0,1,15,23,1,89,0,220,3,6,260,146,129,220,260
51PHILADELPHIA6636,87,1,88,1,1,23,18,2,120,1,238,2,7,350,176,165,238,350
51PHILADELPHIA6637,59,1,50,0,0,5,4,0,36,0,213,7,6,131,110,45,213,131
51PHILADELPHIA6638,82,4,45,0,0,17,14,0,74,3,218,5,5,235,131,105,218,235
51PHILADELPHIA6639,84,5,71,0,1,11,17,2,66,3,205,1,6,214,160,97,205,214
51PHILADELPHIA664,71,4,51,0,0,14,6,1,54,0,140,3,6,181,126,75,140,181
51PHILADELPHIA6640,62,2,49,2,1,18,12,0,52,1,146,4,7,168,113,85,146,168
51PHILADELPHIA6641,128,0,92,0,1,18,9,2,53,4,365,2,10,168,220,83,365,168
51PHILADELPHIA6642,55,4,58,0,0,16,9,0,66,1,141,4,4,233,117,91,141,233
51PHILADELPHIA6643,91,2,71,1,0,26,33,1,113,0,249,3,8,328,164,174,249,328
51PHILADELPHIA6644,80,5,75,0,0,17,17,2,82,4,175,1,6,277,160,118,175,277
51PHILADELPHIA6645,39,3,37,2,1,11,17,0,68,1,119,2,9,192,79,99,119,192
51PHILADELPHIA6646,62,1,52,0,0,22,17,2,120,2,165,2,9,261,115,161,165,261
51PHILADELPHIA665,79,1,47,1,1,11,12,0,53,0,197,1,6,168,127,78,197,168
51PHILADELPHIA666,71,6,63,0,0,19,17,0,62,0,146,3,8,239,140,98,146,239
51PHILADELPHIA667,46,3,44,0,1,10,15,0,81,0,138,2,4,193,93,107,138,193
51PHILADELPHIA668,110,0,115,1,0,15,18,0,91,1,457,7,10,291,225,125,457,291
51PHILADELPHIA669,77,2,57,1,2,12,28,3,84,2,152,2,6,253,136,130,152,253
51PHILADELPHIA67,188,0,56,0,0,0,0,0,0,1,386,4,0,8,244,0,386,8
51PHILADELPHIA68,126,0,40,0,0,0,1,0,1,1,255,3,1,4,166,2,255,4
51PHILADELPHIA69,100,0,47,0,0,2,0,0,0,0,277,4,4,0,147,2,277,0
51PHILADELPHIA71,162,0,22,0,0,0,1,0,2,1,292,0,1,13,184,3,292,13
51PHILADELPHIA710,97,0,20,0,0,0,0,1,5,0,281,1,1,29,117,6,281,29
51PHILADELPHIA711,133,0,37,0,0,3,0,0,1,1,409,5,1,23,170,4,409,23
51PHILADELPHIA712,159,0,33,0,1,12,3,0,4,2,453,1,0,32,192,20,453,32
51PHILADELPHIA713,63,1,21,0,0,1,0,0,0,0,237,0,0,17,85,1,237,17
51PHILADELPHIA714,125,0,38,0,0,2,0,0,3,0,355,0,1,20,163,5,355,20
51PHILADELPHIA715,99,1,18,0,0,1,1,0,1,1,227,1,2,8,118,3,227,8
51PHILADELPHIA716,76,0,33,0,0,2,1,0,3,0,258,2,1,9,109,6,258,9
51PHILADELPHIA717,132,0,15,0,0,0,0,0,1,1,295,0,1,13,147,1,295,13
51PHILADELPHIA718,139,0,29,0,0,0,0,0,0,0,382,1,1,13,168,0,382,13
51PHILADELPHIA719,113,0,28,0,1,4,0,0,0,1,334,3,1,7,141,5,334,7
51PHILADELPHIA72,85,0,15,0,0,0,0,0,0,0,285,1,1,6,100,0,285,6
51PHILADELPHIA720,77,0,26,0,0,10,0,0,0,1,249,6,0,20,103,10,249,20
51PHILADELPHIA721,121,1,36,0,0,4,2,0,2,0,351,1,1,20,158,8,351,20
51PHILADELPHIA722,101,0,24,0,0,7,1,1,2,0,280,2,0,17,125,11,280,17
51PHILADELPHIA723,65,0,28,0,0,2,0,0,3,1,236,3,1,21,93,5,236,21
51PHILADELPHIA73,73,0,6,0,0,0,0,0,0,0,210,0,0,9,79,0,210,9
51PHILADELPHIA74,166,0,32,0,0,2,0,0,2,0,408,1,0,23,198,4,408,23
51PHILADELPHIA75,244,0,50,0,0,4,0,0,4,0,532,3,2,21,294,8,532,21
51PHILADELPHIA76,150,0,38,0,0,0,0,0,1,3,421,2,2,17,188,1,421,17
51PHILADELPHIA77,118,1,14,0,0,0,0,0,0,0,267,1,1,6,133,0,267,6
51PHILADELPHIA78,144,1,40,0,0,3,0,1,3,0,352,2,0,20,185,7,352,20
51PHILADELPHIA79,72,0,17,0,0,0,2,0,2,1,238,0,0,8,89,4,238,8
51PHILADELPHIA81,215,0,110,0,0,5,28,0,8,0,551,6,17,48,325,41,551,48
51PHILADELPHIA810,318,3,102,0,0,13,54,1,23,1,653,3,8,108,423,91,653,108
51PHILADELPHIA811,164,0,51,1,0,3,20,0,20,0,520,2,5,105,215,44,520,105
51PHILADELPHIA812,209,1,111,0,0,9,32,0,14,0,645,8,9,85,321,55,645,85
51PHILADELPHIA813,128,0,76,0,0,5,15,0,17,0,400,5,10,59,204,37,400,59
51PHILADELPHIA814,292,1,187,1,0,13,18,1,23,3,848,5,15,103,480,56,848,103
51PHILADELPHIA815,224,1,105,0,0,13,43,0,47,0,918,9,15,177,330,103,918,177
51PHILADELPHIA816,238,2,103,1,0,2,16,0,31,1,418,3,3,71,343,50,418,71
51PHILADELPHIA817,136,0,66,0,0,10,33,2,35,1,452,3,12,109,202,80,452,109
51PHILADELPHIA818,253,4,110,0,0,7,26,1,19,2,617,1,7,112,367,53,617,112
51PHILADELPHIA819,229,0,111,1,0,15,27,0,17,1,538,3,23,78,340,60,538,78
51PHILADELPHIA82,233,0,95,1,0,3,34,0,11,0,536,3,9,60,328,49,536,60
51PHILADELPHIA820,110,0,37,0,0,10,21,0,11,1,343,3,3,57,147,42,343,57
51PHILADELPHIA821,229,5,70,1,0,6,30,0,17,0,401,4,6,79,304,54,401,79
51PHILADELPHIA822,41,0,46,0,0,8,7,0,10,0,209,5,4,43,87,25,209,43
51PHILADELPHIA823,233,1,104,1,0,8,23,0,17,2,562,3,16,95,338,49,562,95
51PHILADELPHIA824,307,1,156,1,0,14,34,1,27,2,873,9,24,146,464,77,873,146
51PHILADELPHIA825,200,0,95,3,0,9,19,0,29,2,560,10,12,102,295,60,560,102
51PHILADELPHIA826,249,1,243,0,0,12,33,1,21,0,984,11,29,122,493,67,984,122
51PHILADELPHIA827,134,0,87,0,0,9,19,2,9,0,495,2,14,50,221,39,495,50
51PHILADELPHIA828,242,0,121,0,0,5,19,0,11,0,535,8,9,42,363,35,535,42
51PHILADELPHIA829,383,0,105,3,0,10,28,3,33,1,668,6,6,116,488,77,668,116
51PHILADELPHIA83,251,1,132,1,1,4,31,0,17,0,718,4,14,89,384,54,718,89
51PHILADELPHIA830,176,1,100,0,0,7,20,0,14,1,535,8,14,82,277,41,535,82
51PHILADELPHIA84,216,0,133,0,1,16,42,0,9,0,649,7,17,74,349,68,649,74
51PHILADELPHIA85,220,0,137,1,0,15,45,0,37,2,971,4,33,157,357,98,971,157
51PHILADELPHIA86,234,0,83,0,0,10,34,1,17,0,518,3,10,81,317,62,518,81
51PHILADELPHIA87,236,2,110,0,0,10,27,1,24,1,589,7,10,74,348,62,589,74
51PHILADELPHIA88,240,0,96,0,0,5,33,2,27,1,629,1,11,105,336,67,629,105
51PHILADELPHIA89,234,0,142,0,0,5,28,1,21,0,673,9,10,75,376,55,673,75
51PHILADELPHIA91,242,1,130,0,0,2,9,0,3,0,499,4,3,22,373,14,499,22
51PHILADELPHIA910,242,1,124,0,0,12,59,1,35,0,558,12,16,103,367,107,558,103
51PHILADELPHIA911,295,1,170,4,0,16,50,0,29,0,710,8,11,97,466,99,710,97
51PHILADELPHIA912,269,0,163,1,0,6,24,1,10,2,630,8,4,43,432,42,630,43
51PHILADELPHIA913,188,0,222,0,0,2,5,0,2,0,535,6,3,14,410,9,535,14
51PHILADELPHIA914,189,1,143,0,0,4,6,0,2,1,431,2,1,8,333,12,431,8
51PHILADELPHIA915,238,2,145,0,0,1,11,0,8,1,507,5,7,17,385,20,507,17
51PHILADELPHIA916,169,1,102,0,0,3,4,2,4,1,436,5,13,34,272,13,436,34
51PHILADELPHIA917,171,0,80,0,0,0,7,0,3,0,364,4,5,22,251,10,364,22
51PHILADELPHIA92,260,1,126,1,0,2,11,0,8,0,487,5,2,34,387,22,487,34
51PHILADELPHIA93,271,0,195,0,0,5,13,0,11,0,624,6,4,44,466,29,624,44
51PHILADELPHIA94,146,1,158,0,0,5,28,0,9,0,420,13,11,52,305,42,420,52
51PHILADELPHIA95,201,3,143,0,0,10,21,1,18,0,501,1,8,72,347,50,501,72
51PHILADELPHIA96,211,0,123,0,0,8,30,0,22,1,509,7,10,78,334,60,509,78
51PHILADELPHIA97,219,0,78,0,1,13,39,2,17,2,450,3,11,87,297,72,450,87
51PHILADELPHIA98,136,0,48,0,0,6,31,2,21,0,295,2,10,55,184,60,295,55
51PHILADELPHIA99,281,1,160,1,2,10,28,2,19,1,623,6,6,80,442,62,623,80
52BLOOMINGGROVE,222,3,180,4,0,80,56,3,433,7,886,14,42,1433,405,576,886,1433
52DELAWARE1,85,0,93,0,3,42,53,1,344,1,451,15,36,1097,178,443,451,1097
52DELAWARE2,91,3,116,2,0,60,42,4,338,11,482,20,32,1095,210,446,482,1095
52DINGMAN1,190,2,215,3,3,109,99,1,559,11,994,31,51,1836,407,774,994,1836
52DINGMAN2,168,0,184,2,3,93,57,1,502,4,796,17,52,1602,352,658,796,1602
52GREENE,117,2,147,1,4,94,48,4,382,7,487,17,31,1105,266,533,487,1105
52LACKAWAXEN1,88,0,69,1,0,63,46,2,329,4,321,7,19,880,157,441,321,880
52LACKAWAXEN2,64,0,72,2,4,58,39,2,367,2,308,14,22,917,136,472,308,917
52LEHMAN1,167,2,145,0,1,30,30,1,245,6,987,20,32,882,314,307,987,882
52LEHMAN2,262,1,127,0,0,36,25,1,235,0,1194,13,19,801,390,297,1194,801
52MATAMORAS1,52,2,37,0,2,8,8,3,83,2,179,3,10,276,91,104,179,276
52MATAMORAS2,56,0,49,0,2,26,24,2,94,2,233,9,25,373,105,148,233,373
52MILFORD,125,2,129,0,2,54,54,1,300,2,538,11,33,801,256,411,538,801
52PALMYRA,142,1,112,2,3,100,91,4,428,2,536,5,33,1231,255,628,536,1231
52PORTER,25,0,12,0,0,13,4,0,45,1,70,4,2,146,37,62,70,146
52SHOHOLA,70,1,111,0,2,55,55,0,253,7,411,5,30,770,182,365,411,770
52WESTFALL,85,0,96,5,0,34,48,2,266,0,383,10,23,811,181,355,383,811
53ABBOTT,2,0,12,0,1,8,0,0,53,0,17,3,0,121,14,62,17,121
53ALLEGANY,5,0,19,1,1,26,15,3,67,0,27,2,4,193,24,113,27,193
53AUSTIN,25,3,26,0,0,8,5,1,55,0,67,1,6,161,54,69,67,161
53BINGHAM,6,0,21,0,2,28,13,0,85,0,25,3,5,208,27,128,25,208
53CLARA,7,0,1,1,1,8,4,0,42,0,19,0,0,88,8,56,19,88
53COUDERSPORT1,29,0,51,1,6,36,15,1,129,1,125,2,7,316,80,188,125,316
53COUDERSPORT2,43,2,60,2,3,47,56,3,125,2,174,2,17,393,105,236,174,393
53EULALIA,13,0,26,3,0,45,30,0,120,1,58,1,6,337,39,198,58,337
53GALETON1,17,1,27,1,0,8,9,1,55,0,51,1,5,137,45,74,51,137
53GALETON2,27,1,22,2,3,17,16,0,65,1,50,2,4,179,50,103,50,179
53GENESEE,18,1,27,1,1,28,16,0,117,3,48,0,2,290,46,163,48,290
53HARRISON,7,3,22,1,2,33,19,1,130,1,30,1,7,376,32,186,30,376
53HEBRON,11,1,14,0,3,48,20,3,123,3,36,1,3,300,26,197,36,300
53HECTOR,4,0,13,0,0,14,8,0,57,0,18,0,2,154,17,79,18,154
53HOMER,15,1,10,0,0,24,13,0,79,1,44,0,5,193,26,116,44,193
53KEATING,5,0,11,0,0,10,9,0,59,1,16,0,7,138,16,78,16,138
53OSWAYO,17,0,7,0,4,18,5,0,60,0,25,0,1,167,24,87,25,167
53PIKE,8,0,4,0,0,8,5,0,56,1,22,0,5,112,12,69,22,112
53PLEASANTVALLEY,3,0,2,0,0,2,6,0,15,0,7,0,1,40,5,23,7,40
53PORTAGE,8,0,11,1,0,4,3,0,38,0,23,0,4,72,19,46,23,72
53ROULETTE,17,1,38,0,1,40,17,3,152,3,77,3,12,375,56,213,77,375
53SHARONNORTH,1,1,3,1,1,22,6,1,43,0,18,0,6,141,5,74,18,141
53SHARONSOUTH,8,0,12,1,3,25,8,0,74,1,27,1,7,208,20,111,27,208
53SHINGLEHOUSE,18,0,23,2,2,59,17,3,104,2,66,6,17,348,41,187,66,348
53STESON,3,0,4,1,0,5,4,0,15,0,6,0,0,44,7,25,6,44
53SUMMIT,7,1,6,0,0,8,13,0,29,0,18,0,6,77,14,50,18,77
53SWEDEN,15,0,29,1,4,39,15,1,132,1,65,5,11,362,44,192,65,362
53SYLVANIA,3,0,4,0,0,2,0,0,16,1,11,0,1,36,7,18,11,36
53ULYSSES,36,3,38,4,8,67,28,3,172,8,83,0,7,455,77,282,83,455
53WESTBRANCH,17,1,13,3,1,15,17,1,72,0,36,0,4,178,31,109,36,178
53WHARTON,7,0,4,1,0,7,7,0,30,0,13,1,3,52,11,45,13,52
54ASHLAND1,95,1,53,1,4,15,20,2,111,3,198,4,15,343,149,153,198,343
54ASHLAND2,59,1,42,0,0,18,26,0,124,1,130,3,10,314,102,168,130,314
54AUBURN,19,0,21,0,2,22,12,0,88,2,76,4,12,234,40,124,76,234
54BARRY,25,1,36,0,1,42,29,1,152,0,77,2,15,353,62,225,77,353
54BLYTHE,65,2,45,0,2,12,17,1,120,2,118,1,6,284,112,152,118,284
54BRANCH,132,4,137,3,0,21,22,2,188,3,288,4,20,572,273,236,288,572
54BUTLERENGLEWOOD,45,1,15,0,0,12,13,0,103,2,71,1,6,204,61,128,71,204
54BUTLERFTSPRINGS,79,1,58,3,2,33,37,4,240,0,151,2,17,543,138,319,151,543
54BUTLERLAVELLE,63,3,83,0,0,35,29,1,240,7,139,6,17,575,149,305,139,575
54BUTLERNORTHEAST,16,0,28,0,0,4,1,0,32,0,34,1,4,102,44,37,34,102
54CASSNORTH,27,3,36,0,1,3,4,0,37,0,48,3,3,137,66,45,48,137
54CASSSOUTH,91,0,80,1,0,16,13,2,118,1,195,4,17,458,171,150,195,458
54COALDALEEAST,46,0,44,2,2,14,13,3,131,1,126,7,9,296,90,165,126,296
54COALDALEWEST,57,2,42,0,0,15,18,1,146,2,124,2,12,329,101,180,124,329
54CRESSONA,46,2,57,4,1,56,28,4,181,5,179,4,19,524,105,274,179,524
54DEERLAKE,38,0,30,1,2,21,17,0,129,2,107,1,11,286,68,170,107,286
54DELANO,31,1,17,0,0,6,4,0,48,2,60,1,4,109,49,58,60,109
54EASTBRUNSWICK,58,2,45,3,4,86,51,2,337,7,174,1,23,792,105,483,174,792
54EASTNORWEGIAN,85,7,63,1,2,12,15,0,115,3,189,1,5,352,155,145,189,352
54EASTUNION,54,0,81,0,1,28,22,1,247,2,156,4,22,646,135,299,156,646
54ELDRED,16,0,12,0,3,38,25,1,92,4,59,0,6,272,28,159,59,272
54FOSTER,17,0,19,1,0,9,4,0,39,0,45,0,3,97,36,53,45,97
54FRACKVILLEMIDDLE,37,0,38,1,0,12,21,0,112,2,123,3,5,257,75,146,123,257
54FRACKVILLENORTH,50,2,55,3,0,17,20,1,143,2,142,4,5,348,107,184,142,348
54FRACKVILLESOUTH,89,2,68,4,2,25,22,2,266,1,227,4,14,555,159,321,227,555
54FRAILEY,16,0,7,0,0,1,2,0,59,0,20,2,8,122,23,62,20,122
54GILBERTON,41,1,41,2,1,7,10,2,79,0,88,0,4,201,83,101,88,201
54GIRARDVILLE,86,4,80,0,1,8,13,1,120,1,188,2,7,330,170,143,188,330
54GORDON,41,1,34,0,2,26,17,1,113,2,107,1,7,261,76,159,107,261
54HEGINSEAST,38,2,43,3,3,65,35,0,253,1,116,5,14,638,83,359,116,638
54HEGINSWEST,60,2,50,2,8,40,56,1,256,3,146,9,14,608,112,363,146,608
54HUBLEY,13,0,20,1,2,31,21,0,114,2,49,0,5,289,33,169,49,289
54KLINE,66,1,80,0,0,22,16,1,307,0,160,6,9,594,147,346,160,594
54LANDINGVILLE,6,0,4,0,0,1,3,1,30,0,18,1,1,62,10,35,18,62
54MAHANOY,55,2,45,0,0,14,10,1,94,0,114,9,3,305,102,119,114,305
54MAHANOYCITY1,30,0,25,0,0,3,8,0,25,3,71,0,8,114,55,36,71,114
54MAHANOYCITY2,96,2,62,2,1,9,13,0,85,3,166,4,4,249,160,110,166,249
54MAHANOYCITY3,30,1,41,0,0,5,7,0,63,1,86,4,0,177,72,75,86,177
54MAHANOYCITY4,78,0,54,1,1,19,5,0,141,0,158,5,17,342,132,167,158,342
54MCADOO1,34,0,62,0,2,8,1,1,116,0,103,3,1,300,96,128,103,300
54MCADOO2,49,4,79,0,1,7,3,0,138,4,150,11,7,346,132,149,150,346
54MECHANICSVILLE,30,0,23,0,0,8,11,0,44,0,59,0,3,147,53,63,59,147
54MIDDLEPORT,28,0,22,0,0,11,5,0,49,0,51,3,5,129,50,65,51,129
54MINERSVILLE1,53,1,38,2,2,13,10,0,78,1,129,0,7,221,92,105,129,221
54MINERSVILLE2,72,4,41,3,1,11,19,2,82,3,160,2,15,292,117,118,160,292
54MINERSVILLE3,71,1,47,0,2,6,8,0,63,1,153,5,17,238,119,79,153,238
54MINERSVILLE4,49,1,39,1,1,4,10,0,63,2,113,5,13,205,89,79,113,205
54MT.CARBON,9,0,11,0,0,1,0,0,12,0,20,0,2,26,20,13,20,26
54NEWCASTLE,32,0,17,0,0,6,3,0,22,3,43,1,2,100,49,31,43,100
54NEWPHILADELPHIA,97,1,67,0,0,17,7,1,81,2,172,5,11,296,165,106,172,296
54NEWRINGGOLD,9,1,12,1,0,4,6,0,34,0,27,0,2,93,22,45,27,93
54NORTHMANHEIM1,66,1,55,1,2,40,49,2,213,3,198,5,22,547,122,307,198,547
54NORTHMANHEIM2,64,0,45,5,0,34,24,0,146,1,208,7,10,394,109,209,208,394
54NORTHMANHEIM3,28,0,33,0,1,22,12,1,135,0,83,1,12,346,61,171,83,346
54NORTHUNION,36,0,57,0,0,31,20,2,214,3,138,8,9,488,93,267,138,488
54NORWEGIANCURRANS,111,1,102,0,4,26,34,0,210,1,239,3,18,602,214,274,239,602
54NORWEGIANMARLIN,78,2,54,1,1,9,19,1,131,0,135,1,11,326,134,162,135,326
54ORWIGSBURG1,75,0,52,0,2,31,29,1,161,1,184,4,17,434,127,224,184,434
54ORWIGSBURG2,79,2,70,2,2,60,46,2,223,2,261,8,13,573,151,335,261,573
54PALOALTO1,30,3,30,0,0,8,3,0,33,1,55,0,7,130,63,44,55,130
54PALOALTO2,43,4,32,1,0,10,4,0,47,3,77,2,3,171,79,62,77,171
54PINEGROVE1,75,4,69,0,3,67,50,1,245,6,182,4,27,694,148,366,182,694
54PINEGROVE2,70,3,71,3,2,68,31,1,251,1,166,1,22,666,144,356,166,666
54PINEGROVENORTH,49,0,50,0,4,48,11,1,103,0,132,6,15,362,99,167,132,362
54PINEGROVESOUTH,34,0,28,2,1,11,18,0,79,5,82,3,22,225,62,111,82,225
54PORTCARBON1,27,2,27,1,0,17,8,0,74,0,89,3,6,158,56,100,89,158
54PORTCARBON2,71,4,62,0,3,23,12,2,129,3,155,8,16,350,137,169,155,350
54PORTCLINTON,15,0,14,0,1,5,3,0,33,3,34,2,4,72,29,42,34,72
54PORTEREAST,25,1,31,0,4,39,18,2,186,3,80,2,5,471,57,249,80,471
54PORTERWEST,31,0,18,0,2,27,26,1,183,2,74,6,9,401,49,239,74,401
54POTTSVILLE1,25,1,22,0,0,6,5,1,50,3,71,5,5,147,48,62,71,147
54POTTSVILLE2,77,0,67,1,0,15,9,0,83,2,199,4,15,289,144,108,199,289
54POTTSVILLE31,57,5,61,2,3,17,17,2,76,1,174,7,16,247,123,117,174,247
54POTTSVILLE32,31,1,31,1,0,11,11,1,31,1,88,0,3,114,63,55,88,114
54POTTSVILLE33,43,1,17,2,0,9,15,0,69,0,113,3,10,171,61,95,113,171
54POTTSVILLE4,93,0,78,0,0,17,13,2,87,5,263,8,19,286,171,119,263,286
54POTTSVILLE51,66,1,53,2,0,15,4,1,58,1,175,5,10,204,120,80,175,204
54POTTSVILLE52,68,2,49,2,4,11,15,0,93,3,185,4,10,300,119,125,185,300
54POTTSVILLE6,71,0,60,1,0,15,14,1,115,1,150,8,8,298,131,146,150,298
54POTTSVILLE71,143,3,103,0,1,37,47,5,136,5,314,5,17,479,249,226,314,479
54POTTSVILLE72,153,3,114,0,2,36,57,0,146,3,366,6,18,433,270,241,366,433
54REILLY,53,3,33,0,1,8,5,0,69,2,87,3,0,211,89,83,87,211
54RINGTOWN,38,1,31,0,0,19,8,1,142,0,83,2,6,300,70,170,83,300
54RUSHEAST,82,0,64,3,1,37,52,2,350,1,234,6,11,672,146,445,234,672
54RUSHELIXIR,13,1,17,1,1,12,4,0,80,0,43,2,2,158,31,98,43,158
54RUSHWEST,68,1,64,1,0,45,40,2,234,8,200,6,19,537,133,322,200,537
54RYAN,85,1,80,1,4,33,30,3,312,1,188,8,14,665,166,383,188,665
54SCHUYLKILL,58,0,51,0,0,22,18,0,172,3,144,2,13,404,109,212,144,404
54SCHUYLKILLHAVENEAST,54,1,60,0,5,37,26,1,169,1,198,7,17,469,115,238,198,469
54SCHUYLKILLHAVENNORTH,46,0,61,1,2,29,15,4,102,0,149,4,21,302,107,153,149,302
54SCHUYLKILLHAVENSOUTH,60,1,52,1,0,32,26,3,153,4,156,5,29,395,113,215,156,395
54SCHUYLKILLHAVENWEST,53,6,47,4,6,48,28,1,153,4,154,3,18,417,106,240,154,417
54SHENANDOAH1,21,0,9,0,0,2,1,0,26,0,31,0,2,76,30,29,31,76
54SHENANDOAH2,33,0,36,1,1,6,5,0,42,2,93,2,4,124,69,55,93,124
54SHENANDOAH3,61,2,51,1,2,16,13,0,76,0,168,3,7,247,114,108,168,247
54SHENANDOAH4,36,0,37,0,0,1,3,1,45,0,87,1,6,150,73,50,87,150
54SHENANDOAH5,43,1,33,0,1,5,2,0,60,0,84,0,1,180,77,68,84,180
54SHENANDOAH6,8,0,13,0,0,1,3,0,20,1,30,0,1,58,21,24,30,58
54SOUTHMANHEIM,90,1,117,2,6,84,63,3,373,9,315,2,39,1014,208,531,315,1014
54ST.CLAIRMIDDLE,58,2,47,0,1,12,14,1,57,2,132,2,6,195,107,85,132,195
54ST.CLAIRNORTH,65,3,65,1,0,14,9,0,88,2,132,4,14,252,133,112,132,252
54ST.CLAIRSOUTH,82,0,73,1,0,20,16,0,67,1,192,7,11,269,155,104,192,269
54TAMAQUA1,46,3,63,1,3,35,15,2,184,2,179,7,16,448,112,240,179,448
54TAMAQUA2,39,3,57,0,2,32,23,1,159,0,177,7,11,458,99,217,177,458
54TAMAQUA3,45,0,75,3,3,37,25,1,199,2,196,7,17,442,120,268,196,442
54TAMAQUA4,32,1,62,0,0,21,12,2,144,1,140,5,14,347,95,179,140,347
54TOWERCITY,21,1,29,0,2,43,14,1,158,1,75,3,12,408,51,218,75,408
54TREMONT,53,3,61,5,3,29,21,0,205,2,144,5,20,530,117,263,144,530
54UNION,51,1,56,0,0,36,29,1,241,0,138,1,12,533,108,307,138,533
54UPPERMAHANTONGO,16,1,13,0,3,21,13,2,112,2,37,1,7,266,30,151,37,266
54WALKER,23,1,35,0,2,29,40,2,190,2,94,4,16,412,59,263,94,412
54WASHINGTONNORTH,53,1,50,1,3,47,32,1,178,5,124,2,16,570,104,262,124,570
54WASHINGTONSOUTH,42,3,53,0,3,64,21,0,163,4,112,2,15,516,98,251,112,516
54WAYNE1,59,1,65,1,4,60,44,3,266,3,194,8,25,697,125,378,194,697
54WAYNE2,57,0,78,0,0,54,40,2,219,2,167,4,21,651,135,315,167,651
54WAYNE3,86,0,66,3,0,48,36,4,251,2,239,6,24,633,152,342,239,633
54WESTBRUNSWICKNORTH,93,0,85,1,2,63,66,1,299,4,300,6,23,702,178,432,300,702
54WESTBRUNSWICKSOUTH,41,0,48,0,3,58,25,1,232,4,153,7,14,555,89,319,153,555
54WESTMAHANOY1,48,3,31,0,0,5,0,0,40,1,77,3,2,148,82,45,77,148
54WESTMAHANOY2,101,4,91,1,0,8,8,1,151,1,218,5,9,416,196,169,218,416
54WESTMAHANOYALTAMONT,41,0,51,2,0,10,6,1,111,1,102,2,9,298,92,130,102,298
54WESTPENN1,50,1,41,2,2,104,36,2,322,5,179,7,15,842,92,468,179,842
54WESTPENN2,30,2,38,0,1,52,15,0,184,1,117,1,9,418,70,252,117,418
54WESTPENN3,37,3,47,0,2,62,34,0,203,0,135,8,21,571,87,301,135,571
55ADAMS,27,0,18,2,9,55,18,1,115,1,73,1,12,329,45,200,73,329
55BEAVER,16,0,8,0,4,41,25,1,80,0,38,0,6,218,24,151,38,218
55BEAVERTOWN,25,0,22,2,3,76,20,0,139,7,67,2,14,359,47,240,67,359
55CENTER,24,2,40,4,6,246,25,2,183,11,100,4,13,836,66,466,100,836
55CHAPMAN,23,2,22,3,4,50,22,0,68,0,66,1,4,255,47,147,66,255
55FRANKLIN,33,1,39,3,8,153,65,0,269,4,126,5,10,608,73,498,126,608
55FREEBURG,22,0,16,0,3,17,24,0,70,1,74,3,10,383,38,114,74,383
55JACKSON,39,3,40,3,3,91,36,2,151,2,113,3,13,174,82,286,113,174
55MCCLURE,32,1,17,3,6,56,22,1,84,1,61,3,19,549,50,172,61,549
55MIDDLEBURG,32,0,25,0,2,82,32,3,130,3,135,1,13,798,57,249,135,798
55MIDDLECREEK,47,2,52,4,5,151,58,0,277,2,167,7,19,609,101,495,167,609
55MONROE1,95,0,82,2,3,67,77,3,215,4,363,4,31,461,177,367,363,461
55MONROE2,76,2,81,4,4,109,80,2,287,1,282,9,35,485,159,486,282,485
55PENN1,79,2,57,2,4,65,76,6,169,3,282,8,25,392,138,322,282,392
55PENN2,91,2,100,5,3,91,58,2,213,0,318,11,35,309,193,372,318,309
55PERRY,47,0,35,0,8,106,38,3,210,3,128,5,21,415,82,365,128,415
55SELINSGROVE1,43,1,68,0,2,22,25,1,61,5,326,8,25,238,112,111,326,238
55SELINSGROVE2,80,0,105,2,2,42,40,1,100,2,345,8,27,471,185,187,345,471
55SELINSGROVE3,72,0,74,3,6,34,47,2,84,1,269,10,28,574,146,176,269,574
55SHAMOKINDAM,98,1,56,3,5,74,50,2,153,1,271,10,24,805,155,287,271,805
55SPRING,20,1,33,1,5,90,38,2,181,5,86,1,18,411,54,317,86,411
55UNION,24,2,23,0,5,71,27,1,113,6,74,3,24,297,49,217,74,297
55WASHINGTON,49,4,42,0,5,117,43,0,136,4,142,3,16,615,95,301,142,615
55WESTBEAVER,10,0,8,0,4,57,16,0,151,1,29,0,5,314,18,228,29,314
55WESTPERRY,21,0,18,1,6,71,34,0,106,2,67,1,8,820,39,218,67,820
56ADDISON,45,0,44,2,3,29,22,3,148,1,110,2,8,380,89,207,110,380
56ALLEGHENY,17,4,27,0,2,29,12,1,126,0,63,0,8,300,48,170,63,300
56BENSON,9,2,13,0,0,7,2,0,8,0,29,2,2,63,24,17,29,63
56BERLIN,59,5,79,5,13,124,44,2,292,3,136,6,16,844,143,480,136,844
56BLACK,21,2,19,1,3,64,17,2,96,1,55,1,4,360,42,183,55,360
56BOSWELL,93,8,69,2,2,30,15,0,74,2,169,5,13,368,170,123,169,368
56BROTHERSVALLEY,49,3,74,3,11,137,72,2,362,9,141,5,16,1074,126,587,141,1074
56CALLIMONT,3,0,0,0,0,5,1,0,0,0,6,0,0,16,3,6,6,16
56CASSELMAN,3,0,5,0,1,1,2,0,15,1,6,1,3,31,8,19,6,31
56CENTRALCITY,69,4,71,0,1,18,8,0,66,1,118,4,8,309,144,93,118,309
56CONEMAUGH1,92,6,123,5,5,116,80,3,272,7,260,4,22,825,221,481,260,825
56CONEMAUGH2,73,3,114,1,8,58,38,1,201,5,212,7,21,641,190,307,212,641
56CONEMAUGH3,88,4,102,2,6,56,29,4,152,4,188,5,16,555,194,249,188,555
56CONEMAUGH4,92,2,82,4,3,65,46,3,186,3,198,3,16,599,176,307,198,599
56CONEMAUGH5,26,4,41,0,2,20,9,1,59,1,58,1,4,229,71,91,58,229
56CONFLUENCE,34,2,31,0,0,21,4,1,65,1,87,2,6,197,67,91,87,197
56ELKLICK,32,2,39,2,8,99,34,0,163,3,117,4,19,575,73,306,117,575
56FAIRHOPE,7,0,4,0,0,5,2,0,20,1,12,1,5,55,11,27,12,55
56GARRETT,26,0,21,0,0,8,2,0,40,0,47,0,2,126,47,50,47,126
56GREENVILLE,19,1,14,0,6,26,9,0,83,1,48,0,5,221,34,124,48,221
56HOOVERSVILLE,35,1,29,1,0,16,14,0,72,1,82,0,7,219,65,103,82,219
56INDIANLAKE,26,1,23,0,0,26,26,1,98,1,82,2,3,213,50,151,82,213
56JEFFERSON,66,0,63,1,5,71,43,3,236,2,209,0,7,607,129,359,209,607
56JENNER1,78,3,105,1,5,84,36,4,229,5,203,4,12,755,186,359,203,755
56JENNER2,36,3,53,0,3,61,30,3,124,1,83,2,19,449,92,221,83,449
56JENNER3,28,4,48,1,6,31,17,0,93,3,48,2,12,348,80,148,48,348
56JENNERSTOWN,30,2,41,1,1,51,17,1,97,1,65,0,6,310,73,168,65,310
56LARIMER,19,2,21,1,2,39,7,0,84,3,34,1,1,269,42,133,34,269
56LINCOLN,56,6,54,6,8,85,37,1,288,2,127,2,27,716,116,425,127,716
56LOWERTURKEYFOOT,17,0,19,0,3,15,10,1,62,2,46,0,9,171,36,91,46,171
56MEYERSDALE,90,2,86,3,6,90,30,3,206,6,207,1,17,692,178,338,207,692
56MIDDLECREEK,37,0,28,1,1,54,30,1,148,2,100,1,8,397,65,235,100,397
56MILFORD,55,0,49,2,4,85,49,1,282,2,130,2,10,702,104,423,130,702
56NEWBALTIMORE,17,0,18,0,2,2,1,0,10,2,29,1,0,64,35,15,29,64
56NEWCENTERVILLE,8,0,4,1,0,19,8,1,36,0,20,0,0,96,12,65,20,96
56NORTHAMPTON,17,1,19,0,2,29,6,0,63,1,34,1,4,171,37,100,34,171
56OGLE,18,1,32,0,3,20,10,0,69,1,54,1,3,206,51,102,54,206
56PAINT,72,4,66,3,2,33,18,1,66,5,143,1,6,276,142,123,143,276
56PAINT1,62,2,79,1,3,75,28,2,185,5,164,5,18,552,143,294,164,552
56PAINT2,99,3,73,1,5,48,21,1,149,3,188,4,8,500,175,225,188,500
56PAINT3,24,1,19,0,1,23,9,2,72,2,44,0,2,204,44,107,44,204
56QUEMAHONING,70,3,82,2,7,83,31,1,243,5,152,3,22,747,155,367,152,747
56ROCKWOOD,24,2,34,0,1,39,13,3,99,4,60,5,8,306,60,155,60,306
56SALISBURY,12,1,30,0,2,34,26,4,77,2,78,2,11,264,43,143,78,264
56SEVENSPRINGS,0,0,0,0,0,3,3,0,2,0,4,0,0,7,0,8,4,7
56SHADE1,23,1,47,0,3,29,11,0,100,0,58,1,8,288,71,143,58,288
56SHADE2,80,2,63,0,2,24,7,0,77,1,147,1,5,280,145,110,147,280
56SHADE3,99,3,52,1,2,18,9,0,72,2,149,2,6,360,154,102,149,360
56SHANKSVILLE,3,0,8,0,1,11,2,0,27,0,12,0,4,91,11,41,12,91
56SOMERSET1,63,2,64,3,6,79,44,1,278,2,146,6,26,753,129,411,146,753
56SOMERSET2,102,0,89,4,12,103,49,3,390,5,212,4,28,1029,191,561,212,1029
56SOMERSET3,87,3,70,5,4,124,69,4,334,5,247,7,21,917,160,540,247,917
56SOMERSET4,59,4,47,2,4,64,46,3,251,3,163,4,12,664,110,370,163,664
56SOMERSETEAST,40,4,35,3,1,31,20,0,129,2,138,2,14,394,79,184,138,394
56SOMERSETNORTHWEST,59,1,46,5,4,53,50,2,223,7,169,4,22,526,106,337,169,526
56SOMERSETSOUTHWEST,155,4,121,9,9,104,88,6,359,8,399,16,38,995,280,575,399,995
56SOUTHAMPTON,15,0,19,0,1,38,5,1,102,5,24,1,1,289,34,147,24,289
56STONYCREEK,53,5,62,7,5,139,53,4,389,5,132,3,19,1008,120,597,132,1008
56STOYSTOWN,15,0,22,1,1,23,11,2,49,0,35,0,3,142,37,87,35,142
56SUMMIT,74,5,82,5,7,112,32,1,251,7,151,6,10,825,161,408,151,825
56UPPERTURKEYFOOT,27,1,37,2,6,91,25,1,206,0,69,0,11,538,65,331,69,538
56URSINA,6,0,13,3,0,2,2,0,16,2,13,1,2,60,19,23,13,60
56WELLERSBURG,7,0,4,0,0,7,3,0,30,0,14,0,1,86,11,40,14,86
56WINDBER1,65,1,64,1,1,24,9,1,60,1,158,6,9,280,130,96,158,280
56WINDBER2,101,6,105,1,1,21,17,1,86,4,226,6,7,416,212,127,226,416
56WINDBER3,52,5,54,0,0,17,12,0,66,8,126,2,6,203,111,95,126,203
56WINDBER4,76,2,55,0,0,11,8,0,56,2,142,1,11,226,133,75,142,226
57CHERRY,67,2,75,0,1,27,32,2,137,2,150,1,8,434,144,199,150,434
57CHERRYBERNICE,19,1,24,0,0,5,5,0,28,3,40,0,6,119,44,38,40,119
57COLLEY,3,0,11,0,0,6,6,1,34,0,12,1,2,71,14,47,12,71
57COLLEYLOPEZ,13,0,16,0,4,30,3,1,25,2,35,1,1,105,29,63,35,105
57DAVIDSON,24,1,34,1,0,21,10,1,77,0,55,2,0,231,59,110,55,231
57DUSHORE,37,1,23,0,1,23,19,3,57,3,96,2,5,170,61,103,96,170
57EAGLESMERE,10,0,2,0,0,8,18,3,38,1,39,0,5,64,12,67,39,64
57ELKLAND,6,1,19,0,7,44,18,1,101,0,32,1,8,258,26,171,32,258
57FORKS,26,3,10,2,2,25,10,0,53,1,48,1,3,156,39,92,48,156
57FORKSVILLE,6,1,9,0,1,1,10,0,23,0,15,0,0,50,16,35,15,50
57FOX,12,1,11,1,0,14,6,0,57,1,30,0,4,134,24,78,30,134
57HILLSGROVE,7,0,4,0,1,12,9,0,46,1,13,2,4,109,11,68,13,109
57LAPORTE,67,3,45,5,0,23,29,0,102,1,146,1,17,261,115,159,146,261
57SHREWSBURY,15,0,13,0,0,8,8,0,64,0,39,2,2,129,28,80,39,129
58APOLACON,17,0,13,2,0,31,13,0,55,1,18,2,8,66,30,101,18,66
58ARARAT,27,1,25,0,0,18,9,1,89,1,77,1,7,192,53,117,77,192
58AUBURN,54,4,81,2,6,90,30,1,243,5,159,6,30,654,139,372,159,654
58BRIDGEWATER,100,2,91,2,7,155,89,5,366,3,320,13,42,895,193,624,320,895
58BROOKLYN,35,1,25,0,2,50,32,1,111,0,101,2,10,331,61,196,101,331
58CHOCONUT,39,3,19,0,2,30,27,0,87,1,111,2,13,252,61,146,111,252
58CLIFFORD,111,2,110,2,3,95,44,2,306,5,330,10,30,774,223,452,330,774
58DIMOCK,53,2,60,1,2,62,37,0,186,1,155,6,22,448,115,288,155,448
58FORESTCITY,88,4,73,1,0,31,17,0,132,4,226,1,8,387,165,181,226,387
58FORESTLAKE,45,2,36,1,1,101,35,3,131,5,121,5,16,444,83,272,121,444
58FRANKLIN,28,0,31,1,3,52,25,3,131,2,90,6,12,334,59,215,90,334
58FRIENDSVILLE,5,0,9,0,0,5,1,0,16,0,9,1,3,42,14,22,9,42
58GIBSON,33,1,35,2,2,83,36,1,165,3,115,4,16,535,69,289,115,535
58GREATBEND,86,1,85,4,4,130,50,5,263,5,321,21,35,750,172,456,321,750
58HALLSTEAD,56,0,42,2,2,55,20,1,89,6,128,5,24,304,98,169,128,304
58HARFORD,51,0,47,5,3,95,64,0,201,6,170,5,19,496,98,368,170,496
58HARMONY,19,1,19,0,1,12,9,1,71,0,62,0,2,178,39,94,62,178
58HERRICK,50,1,33,3,2,19,25,0,104,3,131,5,8,239,84,153,131,239
58HOPBOTTOM,16,1,12,1,2,12,4,0,31,0,35,5,10,78,29,50,35,78
58JACKSON,34,0,28,0,1,69,25,5,136,3,90,1,9,357,62,236,90,357
58JESSUP,17,2,24,0,2,41,13,1,98,2,66,1,11,203,43,155,66,203
58LANESBORO,18,0,22,0,0,18,5,0,46,0,57,3,7,122,40,69,57,122
58LATHROP,53,0,29,1,2,29,15,1,110,5,108,3,14,258,82,158,108,258
58LENOX,67,4,74,1,4,77,45,1,281,4,204,15,23,659,145,409,204,659
58LIBERTY,37,2,35,4,3,60,23,1,140,2,122,3,14,374,74,231,122,374
58LITTLEMEADOWS,5,1,10,1,1,11,12,0,35,1,29,0,3,108,16,60,29,108
58MIDDLETOWN,11,0,13,0,0,17,12,1,79,0,33,0,3,154,24,109,33,154
58MONTROSE1,48,0,39,3,4,66,36,2,79,3,152,8,20,232,87,190,152,232
58MONTROSE2,29,0,36,0,2,48,32,1,57,1,114,1,10,179,65,140,114,179
58NEWMILFORD,83,1,98,3,4,156,71,8,340,2,300,13,26,495,182,582,300,495
58OAKLAND,47,0,59,1,0,43,19,0,103,3,144,8,14,300,106,166,144,300
58RUSH,43,2,48,1,2,58,21,0,158,4,128,4,17,400,93,240,128,400
58SILVERLAKE,76,0,85,0,1,90,59,1,215,3,295,13,31,646,161,366,295,646
58SPRINGVILLE,69,4,64,0,3,85,47,0,197,1,219,9,26,476,137,332,219,476
58THOMPSON,43,0,35,0,1,28,19,0,68,0,122,3,11,186,78,116,122,186
58UNIONDALE,5,0,16,0,0,10,9,0,36,0,27,0,4,112,21,55,27,112
59,5,0,3,0,0,10,3,0,33,0,18,0,2,85,8,46,18,85
59BLOSS,13,1,14,1,0,4,8,2,58,0,31,0,5,134,28,73,31,134
59BLOSSBURG,41,2,65,3,5,40,48,2,149,4,160,9,20,454,108,247,160,454
59BROOKFIELD,14,0,12,1,0,20,9,1,65,2,34,1,2,164,26,96,34,164
59CHARLESTON,67,2,108,5,10,169,121,7,438,15,332,10,48,1231,177,750,332,1231
59CHATHAM,13,0,27,2,1,27,27,0,99,2,64,4,9,261,40,156,64,261
59CLYMER,20,0,21,0,4,12,10,2,79,1,50,1,2,222,41,107,50,222
59COVINGTON,16,2,20,1,2,64,29,0,146,6,57,5,17,405,38,242,57,405
59DEERFIELD,8,2,20,1,2,28,18,1,87,2,29,3,10,258,30,137,29,258
59DELMARNORTH,57,2,70,4,5,83,63,0,276,6,220,10,26,671,129,431,220,671
59DELMARSOUTH,23,2,35,0,4,57,26,2,133,4,87,1,10,360,60,222,87,360
59DUNCAN,3,0,7,0,0,5,4,0,15,0,11,3,2,76,10,24,11,76
59ELK,2,0,1,0,3,1,1,1,9,0,1,0,2,17,3,15,1,17
59ELKLAND,69,1,58,4,0,28,30,3,111,5,188,3,30,410,128,176,188,410
59FARMINGTON,33,0,17,1,2,19,16,0,99,1,70,0,6,242,50,137,70,242
59GAINES,25,2,31,1,2,16,7,1,117,0,61,2,5,238,58,144,61,238
59HAMILTON,12,0,12,4,0,11,6,0,58,1,41,1,2,157,24,79,41,157
59JACKSON,34,1,55,4,3,93,46,3,220,3,172,8,34,679,90,369,172,679
59KNOXVILLE,24,0,26,3,0,14,11,3,57,1,65,1,9,173,50,88,65,173
59LAWRENCE,34,1,31,1,6,46,48,1,173,2,119,2,12,561,66,275,119,561
59LAWRENCEVILLE,12,1,17,1,0,16,9,4,55,4,46,7,12,164,30,85,46,164
59LIBERTY,22,1,33,3,4,97,44,2,164,3,85,3,12,504,56,314,85,504
59MANSFIELD,80,2,151,2,3,73,68,3,117,7,436,15,41,442,233,266,436,442
59MIDDLEBURY,18,0,32,1,3,85,39,3,190,8,81,2,19,530,50,321,81,530
59MORRIS,18,0,16,4,4,39,28,1,80,3,37,1,7,261,34,156,37,261
59NELSON,17,0,18,2,1,23,10,1,55,2,44,0,15,155,35,92,44,155
59OSCEOLA,21,1,15,1,1,23,7,0,55,3,48,2,3,213,37,87,48,213
59PUTNAM,8,0,15,0,2,23,10,1,51,1,29,0,2,144,23,87,29,144
59RICHMOND,52,0,75,3,7,89,82,4,269,3,245,5,26,803,127,454,245,803
59ROSEVILLE,4,0,6,0,0,5,6,0,25,0,12,0,4,57,10,36,12,57
59RUTLAND,13,1,35,0,2,61,15,0,113,1,64,4,10,332,49,191,64,332
59SHIPPENA(CONG5),6,1,14,0,0,24,8,0,51,1,21,3,4,139,21,83,21,139
59SHIPPENB(CONG10),3,0,4,0,0,7,4,0,19,0,14,0,0,57,7,30,14,57
59SULLIVAN,31,1,45,0,0,79,28,5,198,7,119,3,24,571,77,310,119,571
59TIOGA,26,1,43,1,3,38,36,5,210,2,110,4,27,532,70,293,110,532
59WELLSBORO1,56,2,67,8,9,69,68,4,173,3,209,6,25,495,125,331,209,495
59WELLSBORO2,67,2,70,4,9,73,80,2,215,10,270,10,30,524,139,383,270,524
59WESTFIELD,55,0,41,2,5,71,42,0,181,9,141,2,19,568,96,301,141,568
5BEDFORD1,78,3,63,5,13,145,51,2,354,6,209,8,7,1001,144,570,209,1001
5BEDFORD2,105,5,91,7,10,159,67,3,400,1,248,6,17,1053,201,646,248,1053
5BEDFORDEAST,61,1,65,3,6,79,60,2,195,2,206,6,15,510,127,345,206,510
5BEDFORDWEST,59,1,60,4,7,97,51,1,204,4,187,7,14,586,120,364,187,586
5BLOOMFIELD,19,3,24,1,2,65,16,0,156,3,55,2,6,446,46,240,55,446
5BROADTOP1,59,2,59,0,2,32,9,1,130,3,114,3,4,423,120,174,114,423
5COALDALE,8,1,9,0,0,5,3,0,9,0,12,0,1,45,18,17,12,45
5COLERAIN,41,2,32,0,6,74,23,2,187,1,104,0,4,491,75,292,104,491
5CUMBERLANDVALLEY,45,0,61,2,5,84,22,2,222,0,127,2,6,686,106,337,127,686
5EASTPROVIDENCE,26,0,29,4,7,101,39,7,265,1,87,2,10,720,55,423,87,720
5EASTST.CLAIR,73,1,91,5,22,165,53,7,342,6,234,7,20,1219,165,594,234,1219
5EVERETT,36,0,40,4,8,49,27,4,172,4,108,2,12,520,76,264,108,520
5HARRISON,33,2,36,1,3,90,29,0,113,3,82,4,5,407,71,236,82,407
5HOPEWELL,65,1,58,1,8,72,33,1,279,1,160,4,9,872,124,394,160,872
5HYNDMAN,28,4,18,1,2,35,13,1,121,0,55,2,4,354,50,173,55,354
5JUNIATA,30,2,40,0,5,55,24,2,110,0,77,3,4,400,72,196,77,400
5KIMMEL,69,3,60,1,2,72,22,2,163,3,130,6,3,634,132,262,130,634
5KING,21,3,32,3,1,56,22,1,145,2,60,0,8,524,56,228,60,524
5LIBERTY,67,8,61,0,3,53,25,0,173,1,158,7,8,561,136,254,158,561
5LINCOLN,11,2,12,1,1,37,3,0,68,0,20,1,1,198,25,110,20,198
5LONDONDERRY,48,3,43,4,6,90,24,0,266,3,103,0,7,769,94,390,103,769
5MANN,14,0,17,1,2,14,3,1,84,0,36,2,4,236,31,105,36,236
5MANNSCHOICE,12,1,16,0,0,9,1,1,20,0,37,4,5,91,29,31,37,91
5MONROE,33,1,24,3,5,60,27,0,178,3,65,2,4,569,58,273,65,569
5NAPIER,60,3,68,2,9,123,61,2,343,0,138,1,7,1002,131,540,138,1002
5NEWPARIS,4,0,6,1,0,7,1,0,15,1,12,0,1,65,10,24,12,65
5PAVIA,4,0,6,1,0,12,10,0,35,0,17,3,1,116,10,58,17,116
5PLEASANTVILLE,4,1,3,0,0,17,1,1,32,2,14,0,1,77,8,51,14,77
5RAINSBURG,1,1,3,0,1,7,3,0,8,0,5,0,0,52,5,19,5,52
5SAXTON,20,1,16,0,1,9,16,1,54,0,49,1,3,181,37,81,49,181
5SCHELLSBURG,4,0,8,0,0,19,3,1,45,0,32,1,3,112,12,68,32,112
5SNAKESPRING,72,0,44,4,6,105,59,6,275,4,196,4,19,730,116,455,196,730
5SOUTHAMPTON,16,1,17,1,1,33,10,1,150,2,47,2,2,386,34,196,47,386
5SOUTHWOODBURY,29,2,38,1,14,105,26,2,325,4,86,4,8,892,69,473,86,892
5ST.CLAIRSVILLE,2,0,1,0,0,2,2,0,6,1,6,0,1,34,3,10,6,34
5WESTPROVIDENCE,74,2,56,8,16,180,72,8,509,9,189,4,22,1273,132,793,189,1273
5WESTST.CLAIR,33,2,51,3,5,137,21,4,240,7,108,1,6,761,86,410,108,761
5WOODBURY,24,1,29,0,5,110,31,0,184,1,72,1,8,556,54,330,72,556
60BUFFALO1,81,1,69,0,9,172,68,2,255,1,262,6,28,790,151,506,262,790
60BUFFALO2,18,0,22,2,5,47,32,1,85,1,68,0,9,301,40,172,68,301
60EASTBUFFALO1,135,1,121,2,1,104,69,4,151,3,500,6,39,499,257,331,500,499
60EASTBUFFALO2,223,0,128,2,3,95,81,3,167,3,619,11,27,467,351,351,619,467
60EASTBUFFALO3,140,1,110,1,1,89,73,2,156,3,487,12,14,449,251,322,487,449
60EASTBUFFALO4,48,0,74,0,1,31,28,0,47,1,402,8,17,190,122,107,402,190
60GREGG,24,0,25,2,0,47,19,0,113,4,75,5,15,289,49,181,75,289
60HARTLETON,2,0,2,2,3,10,5,0,36,1,12,0,2,86,4,56,12,86
60HARTLEY,36,0,35,0,6,71,22,3,201,3,108,2,13,580,71,303,108,580
60KELLY1,145,1,90,3,7,129,82,0,240,2,424,11,29,687,236,461,424,687
60KELLY2,31,0,30,1,1,43,25,1,60,3,123,0,16,204,61,131,123,204
60LEWIS,10,0,19,2,0,68,26,0,110,5,65,3,9,378,29,206,65,378
60LEWISBURG1,91,0,99,1,0,15,16,0,30,2,277,10,16,111,190,62,277,111
60LEWISBURG2,76,1,96,2,3,24,25,2,37,1,288,9,16,116,173,93,288,116
60LEWISBURG3,43,0,108,0,1,18,24,1,26,0,626,9,35,153,151,70,626,153
60LEWISBURG4,77,1,78,0,3,63,51,0,93,1,290,2,13,286,156,210,290,286
60LIMESTONE,43,0,48,3,5,122,51,2,175,4,146,5,13,550,91,358,146,550
60MIFFLINBURGEAST,55,2,63,2,8,119,47,1,195,3,226,10,25,607,120,372,226,607
60MIFFLINBURGWEST,34,1,46,5,5,76,49,5,136,8,170,6,18,491,81,276,170,491
60NEWBERLIN,34,0,30,3,5,44,26,2,92,4,100,1,15,273,64,172,100,273
60UNION,79,1,87,1,7,105,58,1,189,3,274,9,14,560,167,361,274,560
60UNIONINDEPENDENT,4,0,6,0,0,6,1,0,10,0,19,0,1,35,10,17,19,35
60WESTBUFFALO,57,2,55,3,6,193,66,2,303,10,201,7,16,969,114,573,201,969
60WHITEDEER1,41,1,44,1,4,91,27,0,160,4,108,5,14,479,86,283,108,479
60WHITEDEER2,33,0,40,3,4,76,23,3,162,2,129,1,11,475,73,271,129,475
60WHITEDEER3,31,2,31,1,3,50,15,1,115,1,87,2,14,353,64,185,87,353
60WHITEDEER4,35,0,23,0,2,45,11,2,77,0,94,3,11,244,58,137,94,244
61,80,1,104,1,2,51,24,1,116,4,259,10,20,415,185,195,259,415
61ALLEGHENY,6,0,6,0,0,24,6,0,36,1,26,1,6,104,12,66,26,104
61BARKEYVILLE,13,1,14,0,0,3,4,0,19,2,31,2,6,70,28,26,31,70
61CANAL,40,3,22,0,0,71,28,1,91,3,97,6,13,322,65,191,97,322
61CHERRYTREE,43,1,61,2,5,81,21,0,169,4,173,4,18,514,105,278,173,514
61CLINTON,21,2,14,1,2,29,9,1,95,1,61,2,10,261,37,137,61,261
61CLINTONVILLE,4,1,10,0,4,13,8,0,52,0,34,1,1,147,15,77,34,147
61COOPERSTOWN,15,1,20,1,0,27,4,1,58,2,40,3,3,163,36,91,40,163
61CORNPLANTER1,102,1,67,4,8,77,60,3,181,7,276,3,25,539,170,333,276,539
61CORNPLANTER2,20,2,37,0,3,18,23,1,75,0,97,2,14,212,59,120,97,212
61CRANBERRY1,32,6,50,3,3,118,44,1,158,6,156,7,16,572,88,327,156,572
61CRANBERRY2,68,3,72,2,1,96,37,0,185,11,186,4,26,620,143,321,186,620
61CRANBERRY3,40,0,34,1,1,36,33,1,97,1,118,2,16,296,74,169,118,296
61CRANBERRY4,78,1,75,4,4,123,82,2,243,1,273,3,26,752,154,458,273,752
61EMLENTON,22,2,36,3,2,17,38,0,57,2,107,2,12,201,60,117,107,201
61FRANKLIN1,101,2,95,0,3,76,58,1,155,5,352,12,31,483,198,293,352,483
61FRANKLIN2,93,4,100,2,5,120,95,0,169,6,350,3,44,608,197,391,350,608
61FRANKLIN3,59,2,81,1,4,62,32,2,106,3,197,7,25,412,142,207,197,412
61FRENCHCREEK,76,6,62,4,3,72,39,1,155,2,194,3,23,531,144,274,194,531
61IRWIN,27,1,46,0,0,54,20,0,164,3,101,2,13,485,74,238,101,485
61JACKSON,26,1,17,0,6,64,16,0,108,0,73,0,13,379,44,194,73,379
61MINERAL,21,1,26,0,1,24,13,0,53,2,56,1,6,192,48,91,56,192
61OAKLAND,51,1,55,0,2,99,34,1,180,3,155,2,29,587,107,316,155,587
61OILCITY1,98,2,65,4,6,48,49,2,152,4,253,4,22,445,165,261,253,445
61OILCITY2,46,0,39,0,2,24,25,1,69,3,162,5,19,262,85,121,162,262
61OILCITY3,78,3,75,6,1,44,23,1,84,8,225,5,24,325,156,159,225,325
61OILCITY4,46,2,50,1,2,41,25,4,74,4,182,12,20,275,98,147,182,275
61OILCITY5,63,1,51,4,2,50,44,4,94,1,181,2,16,303,115,198,181,303
61OILCITY6,61,1,67,2,1,48,30,0,112,1,234,3,17,324,129,193,234,324
61OILCITY7,58,2,65,1,3,33,18,0,75,3,178,1,14,239,125,130,178,239
61OILCREEK,29,1,28,1,1,43,23,0,85,5,79,0,4,302,58,153,79,302
61PINEGROVE,36,3,44,4,1,71,31,0,157,4,113,5,19,498,83,264,113,498
61PLEASANTVILLE,33,1,31,2,1,41,20,0,91,1,88,3,4,286,65,155,88,286
61PLUM,30,8,35,1,2,79,29,2,89,3,93,2,18,325,73,202,93,325
61POLK,13,4,28,1,0,5,7,3,40,3,53,1,12,135,45,56,53,135
61PRESIDENT,33,1,35,0,1,29,14,1,70,4,82,0,9,211,69,115,82,211
61RICHLAND,14,5,23,0,2,52,29,1,88,1,53,0,12,307,42,172,53,307
61ROCKLAND1,35,1,62,0,3,47,39,0,150,3,129,2,21,411,98,239,129,411
61ROCKLAND2,6,0,10,0,1,13,4,1,40,0,20,0,6,101,16,59,20,101
61ROUSEVILLE,24,1,25,1,2,18,8,0,36,1,53,7,4,141,50,65,53,141
61SANDYCREEK,107,5,94,3,9,126,86,1,213,7,291,4,33,728,206,438,291,728
61SCRUBGRASS,32,0,23,1,2,27,11,0,97,3,82,3,6,264,55,138,82,264
61SUGARCREEK1,37,1,44,1,2,32,25,0,70,2,106,4,13,259,82,130,106,259
61SUGARCREEK2,34,0,30,2,6,31,12,0,68,1,86,2,12,243,64,119,86,243
61SUGARCREEK3,46,2,47,3,6,30,21,0,117,2,121,4,18,317,95,177,121,317
61SUGARCREEK4,43,1,54,2,4,35,18,1,81,3,112,5,17,261,98,141,112,261
61SUGARCREEK5,43,2,39,2,2,80,28,1,127,4,130,1,9,418,84,240,130,418
61UTICA,8,4,12,0,0,14,5,0,11,0,18,2,0,62,24,30,18,62
61VICTORY,9,1,11,0,0,24,6,0,38,0,32,0,8,129,21,68,32,129
62BEARLAKE,3,0,3,1,1,7,3,1,17,2,10,1,2,53,6,30,10,53
62BROKENSTRAW,73,2,62,1,8,74,36,0,148,4,203,6,25,523,137,267,203,523
62CHERRYGROVE,12,0,8,0,1,15,2,0,25,3,18,1,1,70,20,43,18,70
62CLARENDON,13,0,14,0,1,6,7,0,46,1,41,0,4,113,27,60,41,113
62COLUMBUS,72,2,70,2,8,70,42,2,150,14,195,5,14,532,144,274,195,532
62CONEWANGO1,102,1,100,5,5,92,65,3,206,9,320,5,29,611,203,376,320,611
62CONEWANGO2,59,0,47,3,3,48,37,0,148,3,164,3,26,466,106,239,164,466
62DEERFIELD,20,2,15,0,0,7,9,0,34,1,56,2,3,87,37,50,56,87
62ELDRED,15,1,12,0,1,46,21,1,42,1,49,0,6,214,28,111,49,214
62ELK,23,4,19,0,0,33,26,0,72,1,54,1,4,247,46,131,54,247
62FARMINGTON,38,3,44,3,6,66,42,2,130,7,116,4,26,414,85,249,116,414
62FREEHOLD,47,2,29,0,3,48,25,0,112,3,100,4,9,366,78,188,100,366
62GLADE,103,0,111,3,6,117,92,5,295,4,307,5,24,843,214,518,307,843
62LIMESTONE,18,0,31,0,0,8,6,0,34,0,50,1,10,117,49,48,50,117
62MEAD,72,4,66,2,4,38,16,1,137,3,170,2,10,436,142,198,170,436
62PINEGROVE,155,4,108,8,9,155,104,3,269,24,417,11,48,995,267,548,417,995
62PITTSFIELD,47,1,49,0,3,61,33,2,121,4,140,3,10,411,97,220,140,411
62PLEASANT,127,8,116,5,5,108,82,6,257,6,378,5,34,820,251,463,378,820
62SHEFFIELD,103,5,104,3,1,46,30,1,180,7,256,8,23,592,212,261,256,592
62SOUTHWEST,11,0,6,0,0,13,11,1,56,1,33,0,1,163,17,81,33,163
62SPRINGCREEK,33,1,29,2,1,82,33,3,70,4,68,3,16,295,63,191,68,295
62SUGARGROVE,76,0,57,3,8,109,36,4,223,4,214,7,28,748,133,383,214,748
62TIDIOUTE,34,1,33,1,1,21,10,2,52,5,85,5,2,210,68,87,85,210
62TRIUMPH,15,0,12,0,1,18,4,2,33,1,30,0,7,95,27,58,30,95
62WARRENCENTRAL,74,0,54,4,1,29,36,1,71,4,195,4,22,243,128,142,195,243
62WARRENEAST,116,2,121,3,4,112,60,2,175,5,406,14,40,619,239,356,406,619
62WARRENNORTH,72,0,52,0,1,56,77,5,125,3,236,2,14,383,124,264,236,383
62WARRENSOUTH,38,1,24,2,1,30,19,1,55,1,91,2,12,181,63,108,91,181
62WARRENSOUTHEAST,117,3,121,5,5,73,45,6,157,5,332,16,31,575,241,291,332,575
62WARRENWEST,66,0,58,3,6,43,37,2,105,1,192,4,26,350,124,196,192,350
62WATSON,8,1,15,0,1,6,6,0,36,0,38,1,2,104,24,49,38,104
62YOUNGSVILLE,74,5,75,1,4,79,36,1,190,2,181,5,40,601,154,311,181,601
63ALLENPORT,77,2,32,1,0,4,4,0,32,1,93,1,5,126,111,41,93,126
63AMWELL1,142,6,126,3,4,89,53,1,258,7,332,12,18,943,274,408,332,943
63AMWELL2,71,2,46,0,1,32,15,3,98,1,129,4,12,393,119,149,129,393
63BEALLSVILLE,27,1,33,0,1,10,9,1,38,3,77,2,3,137,61,59,77,137
63BENTLEYVILLE,165,10,137,0,1,50,22,0,127,2,355,2,28,601,312,200,355,601
63BLAINE,38,1,35,0,4,22,8,0,48,2,83,5,10,228,74,82,83,228
63BUFFALO,95,8,90,0,1,67,70,1,214,4,218,6,24,763,193,353,218,763
63BURGETTSTOWN,133,3,62,0,0,19,19,0,65,1,242,6,16,343,198,103,242,343
63CALIFORNIA1,50,3,45,1,1,5,4,0,12,4,158,9,13,108,98,23,158,108
63CALIFORNIA2,73,1,82,0,1,9,8,1,30,2,427,5,38,267,156,49,427,267
63CALIFORNIA3,55,2,51,0,1,17,5,0,60,0,110,2,13,205,108,83,110,205
63CALIFORNIA4,145,4,74,1,0,21,16,0,102,1,314,7,19,346,223,140,314,346
63CANONSBURG13,155,7,112,1,0,24,14,0,42,1,366,7,23,325,274,81,366,325
63CANONSBURG14,195,6,129,0,1,57,40,3,128,2,428,5,31,602,330,229,428,602
63CANONSBURG21,110,3,92,1,1,17,15,1,64,1,253,7,18,276,205,99,253,276
63CANONSBURG22,168,4,113,2,3,38,38,0,113,2,385,12,41,468,285,194,385,468
63CANONSBURG31,64,3,59,0,0,22,17,1,43,3,199,4,22,242,126,83,199,242
63CANONSBURG33,117,3,91,0,0,27,14,0,53,3,295,7,27,273,211,94,295,273
63CANTON1,81,1,57,0,0,8,8,0,44,9,164,1,6,204,139,60,164,204
63CANTON2,212,7,107,0,2,54,37,1,179,4,418,5,34,663,326,273,418,663
63CANTON3,44,0,39,0,0,7,7,0,23,1,112,4,11,133,83,37,112,133
63CANTON4,129,4,104,0,0,37,18,2,133,5,285,5,16,495,237,190,285,495
63CANTON5,172,4,109,1,4,45,28,1,126,4,343,8,27,580,285,205,343,580
63CARROLL1,41,3,33,0,0,15,5,0,17,1,70,3,7,105,77,37,70,105
63CARROLL2,98,1,84,0,0,26,21,0,107,1,183,3,9,419,183,154,183,419
63CARROLL3,132,4,77,0,3,14,8,0,75,2,235,1,10,318,213,100,235,318
63CARROLL4,158,6,111,1,2,58,33,2,159,1,320,3,20,602,275,255,320,602
63CARROLL5,128,9,86,0,0,34,25,0,111,0,243,3,13,407,223,170,243,407
63CECIL1,137,0,83,1,1,62,71,5,165,4,431,6,51,735,220,305,431,735
63CECIL2,98,7,80,0,1,58,37,1,125,2,253,1,15,499,185,222,253,499
63CECIL3,73,0,67,0,1,35,27,2,94,1,187,4,20,393,140,159,187,393
63CECIL4,210,5,153,1,3,80,54,1,198,0,421,11,30,770,368,337,421,770
63CECIL5,295,5,127,1,6,93,113,2,388,7,734,17,40,1383,427,603,734,1383
63CECIL6,162,2,91,0,0,47,74,0,145,3,365,3,21,546,255,266,365,546
63CENTERVILLE1,29,3,41,0,0,13,10,0,48,2,78,0,7,186,73,71,78,186
63CENTERVILLE2,105,1,68,1,0,14,25,1,65,1,182,6,7,258,174,106,182,258
63CENTERVILLE3,33,1,16,0,0,2,0,0,13,0,69,1,1,54,50,15,69,54
63CENTERVILLE4,103,4,49,0,1,12,6,0,51,3,173,3,5,221,156,70,173,221
63CENTERVILLE5,12,1,12,0,0,6,2,0,9,0,40,1,0,52,25,17,40,52
63CENTERVILLE6,68,1,45,0,0,7,7,0,20,1,115,3,3,123,114,34,115,123
63CHARLEROI2,76,1,69,1,2,14,10,0,63,2,158,6,12,244,146,90,158,244
63CHARLEROI3,73,2,67,0,0,10,2,0,47,3,154,2,12,176,142,59,154,176
63CHARLEROI4,81,3,47,0,2,5,1,1,27,3,127,16,13,121,131,36,127,121
63CHARLEROI6,59,4,44,1,1,6,4,0,31,1,113,1,12,157,107,43,113,157
63CHARTIERS1,28,3,24,1,0,20,9,0,47,1,71,2,4,183,55,77,71,183
63CHARTIERS2,115,2,75,0,1,33,28,0,80,2,256,7,28,347,192,142,256,347
63CHARTIERS3,157,1,96,1,2,54,47,3,131,4,320,7,22,528,254,238,320,528
63CHARTIERS5,54,1,51,0,0,18,16,3,71,2,143,1,10,288,106,108,143,288
63CHARTIERS6,116,1,76,0,0,37,25,2,119,0,259,7,18,433,193,183,259,433
63CHARTIERS7,193,5,127,0,3,54,51,1,184,4,406,4,31,684,325,293,406,684
63CLAYSVILLE,30,3,43,1,0,20,16,0,44,2,85,5,12,199,76,81,85,199
63COALCENTER,15,0,14,1,0,1,0,0,3,0,33,0,3,15,29,5,33,15
63COKEBURG,76,6,25,0,0,9,3,0,22,0,106,1,8,125,107,34,106,125
63CROSSCREEK1,36,2,39,0,0,29,7,0,27,1,87,3,9,141,77,63,87,141
63CROSSCREEK2,36,2,35,0,0,3,0,0,26,2,80,0,7,134,73,29,80,134
63CROSSCREEK3,19,1,28,0,0,28,8,0,62,1,56,1,7,212,48,98,56,212
63DEEMSTON,45,2,50,0,0,18,10,1,70,4,106,3,8,259,97,99,106,259
63DONEGAL1,53,4,61,2,0,74,30,1,165,4,147,4,14,620,118,272,147,620
63DONEGAL2,16,1,17,0,0,9,14,0,60,1,33,4,6,182,34,83,33,182
63DONEGAL3,13,0,8,0,0,9,2,1,14,0,40,2,4,61,21,26,40,61
63DONORA1,52,0,33,0,0,3,7,1,37,1,118,1,5,151,85,48,118,151
63DONORA2,102,4,58,0,0,12,2,0,29,0,223,6,9,175,164,43,223,175
63DONORA4,129,2,61,0,0,8,3,1,50,2,232,3,6,224,192,62,232,224
63DONORA5,130,1,57,1,0,12,8,0,41,2,223,7,6,148,188,62,223,148
63DONORA7,69,3,26,0,0,14,1,0,26,0,132,3,10,139,98,41,132,139
63DUNLEVY,50,2,35,0,0,7,6,1,20,0,80,1,6,100,87,34,80,100
63EASTBETHLEHEM1,58,2,59,0,0,7,1,0,27,0,101,3,8,150,119,35,101,150
63EASTBETHLEHEM2,57,4,44,0,0,13,3,0,38,1,114,1,3,195,105,54,114,195
63EASTBETHLEHEM3,44,4,31,0,0,2,3,1,17,0,81,1,3,96,79,23,81,96
63EASTBETHLEHEM4,68,3,40,0,0,1,2,0,40,0,97,2,4,151,111,43,97,151
63EASTFINLEY,26,2,33,1,0,43,21,1,96,3,78,3,11,409,61,162,78,409
63EASTWASHINGTON,173,4,109,2,1,34,57,3,140,3,456,8,27,455,286,237,456,455
63ELCO,21,0,11,0,0,5,0,0,26,3,27,3,4,78,32,31,27,78
63ELLSWORTH,61,4,68,0,0,10,3,0,32,6,130,2,6,212,133,45,130,212
63FALLOWFIELD1,161,11,123,0,0,32,23,1,151,0,284,4,11,555,295,207,284,555
63FALLOWFIELD2A(CONG9),0,0,0,0,1,16,6,1,60,0,74,1,4,208,0,84,74,208
63FALLOWFIELD2B(CONG18),45,2,28,0,0,0,0,0,0,0,0,0,0,0,75,0,0,0
63FALLOWFIELD3,128,2,74,0,1,21,14,0,88,0,201,6,7,330,204,124,201,330
63FALLOWFIELD4,78,4,71,0,0,39,19,1,113,1,147,6,15,418,153,172,147,418
63FINLEYVILLE,28,0,14,0,0,9,5,0,33,1,65,2,3,100,42,47,65,100
63GREENHILLS,0,0,1,0,0,0,2,0,6,0,0,0,0,11,1,8,0,11
63HANOVER1,71,1,74,1,0,54,33,0,144,3,168,5,7,491,146,232,168,491
63HANOVER2,53,3,60,1,2,24,12,0,101,1,143,3,15,408,116,140,143,408
63HOPEWELL,56,4,52,1,1,53,25,0,91,3,104,0,12,356,112,171,104,356
63HOUSTON,97,4,65,0,1,31,19,0,81,2,215,6,23,334,166,132,215,334
63INDEPENDENCE1,39,5,33,0,0,34,24,1,81,0,82,2,15,316,77,140,82,316
63INDEPENDENCE2,63,4,43,1,0,13,6,0,44,1,107,7,12,230,110,64,107,230
63JEFFERSON,87,2,54,0,2,29,25,0,96,0,159,5,9,400,143,152,159,400
63LONGBRANCH,49,0,37,0,0,5,10,0,43,0,81,2,8,159,86,58,81,159
63MARIANNA,42,0,23,0,0,2,2,0,21,0,78,3,3,90,65,25,78,90
63MCDONALD,93,4,95,2,4,44,33,0,93,4,266,15,25,386,192,176,266,386
63MIDWAY,81,1,52,0,0,19,8,0,44,3,142,3,21,236,134,71,142,236
63MONONGAHELA1,78,1,62,0,0,14,7,0,57,2,144,3,13,235,141,78,144,235
63MONONGAHELA21,65,1,56,0,1,20,5,0,41,2,147,2,17,184,122,67,147,184
63MONONGAHELA23,87,0,43,1,0,11,5,0,54,1,133,3,10,212,130,71,133,212
63MONONGAHELA31,58,0,39,0,0,10,8,0,29,1,116,0,8,110,97,47,116,110
63MONONGAHELA32,136,4,76,0,1,24,12,1,90,1,245,2,15,310,216,128,245,310
63MORRIS,34,0,46,1,3,55,22,0,116,3,105,4,17,373,80,197,105,373
63MT.PLEASANT1,178,12,151,1,1,86,84,4,246,2,376,5,33,863,341,422,376,863
63MT.PLEASANT2,48,3,29,0,0,21,12,1,51,2,103,1,4,196,80,85,103,196
63MT.PLEASANT3,26,0,26,0,0,11,13,1,25,0,66,0,5,89,52,50,66,89
63MT.PLEASANT4,20,1,14,0,0,7,2,0,24,1,33,3,4,85,35,33,33,85
63NEWEAGLE1,117,8,106,1,4,18,11,0,56,2,184,8,12,287,231,90,184,287
63NEWEAGLE2,88,3,51,0,3,22,17,0,89,1,141,1,17,305,142,131,141,305
63NORTHBETHLEHEM,126,6,99,2,2,39,34,1,147,5,247,9,25,494,231,225,247,494
63NORTHCHARLEROI,113,8,75,0,0,19,4,1,62,3,222,5,8,279,196,86,222,279
63NORTHFRANKLIN1,185,7,111,1,4,64,63,2,162,3,383,14,24,635,303,296,383,635
63NORTHFRANKLIN2,91,2,74,1,1,37,24,2,82,1,208,6,13,316,167,147,208,316
63NORTHFRANKLIN3,112,4,85,3,1,31,26,2,126,3,303,4,22,391,201,189,303,391
63NORTHSTRABANE1,236,6,184,1,2,135,145,3,383,6,646,12,54,1279,426,669,646,1279
63NORTHSTRABANE2,106,5,89,0,3,50,41,1,158,2,249,2,17,498,200,253,249,498
63NORTHSTRABANE3,81,0,58,0,0,16,10,0,42,4,179,4,8,188,139,68,179,188
63NORTHSTRABANE4,172,1,103,0,1,56,68,0,192,2,446,7,34,677,276,317,446,677
63NORTHSTRABANE5,259,6,148,1,0,79,82,4,251,3,636,3,35,933,413,417,636,933
63NORTHSTRABANE6,233,8,154,1,1,125,134,1,326,4,735,8,42,1155,395,588,735,1155
63NOTTINGHAM1,141,9,115,0,2,70,56,0,189,2,306,7,32,691,265,317,306,691
63NOTTINGHAM2,98,4,74,1,0,67,57,0,183,1,231,4,14,532,176,308,231,532
63PETERSA1,82,1,46,0,1,56,83,2,156,13,233,2,11,419,129,298,233,419
63PETERSA2,128,1,77,1,0,73,82,0,179,1,332,6,27,595,206,335,332,595
63PETERSA3,163,4,87,0,0,99,145,2,256,7,476,1,34,813,254,502,476,813
63PETERSB1,99,1,66,1,0,73,105,5,198,2,305,5,21,616,166,382,305,616
63PETERSB2,110,0,79,1,2,93,110,2,282,7,363,4,29,930,189,490,363,930
63PETERSB3,134,3,79,1,1,77,123,1,282,2,446,8,48,927,216,485,446,927
63PETERSC1,94,2,71,1,0,77,89,2,210,1,326,2,26,654,167,379,326,654
63PETERSC2,126,3,56,0,1,81,82,1,175,8,317,1,16,533,185,340,317,533
63PETERSC3,98,1,78,0,0,86,83,1,230,2,335,2,19,659,177,400,335,659
63PETERSD1,124,0,82,3,1,107,147,6,330,6,454,5,40,1098,206,594,454,1098
63PETERSD2,121,1,87,2,3,80,114,2,234,5,385,3,25,741,209,435,385,741
63PETERSD3,68,1,35,1,1,52,89,2,163,1,247,3,18,478,104,308,247,478
63ROBINSON1,29,1,36,0,0,11,13,0,42,1,75,3,13,156,66,66,75,156
63ROBINSON2,38,4,41,0,0,5,9,0,42,0,76,0,9,164,83,56,76,164
63ROBINSON3,58,1,37,0,0,19,14,0,61,4,138,3,8,191,96,94,138,191
63ROSCOE,86,7,68,0,0,12,6,0,57,1,167,1,7,218,161,75,167,218
63SMITH1,91,2,54,1,0,7,5,0,54,3,156,3,10,215,147,67,156,215
63SMITH2,64,3,69,0,0,9,14,1,40,1,133,3,8,233,136,64,133,233
63SMITH3,49,0,26,0,0,9,7,0,38,0,92,1,9,185,75,54,92,185
63SMITH4,43,2,43,0,1,5,6,0,41,3,81,1,2,141,88,53,81,141
63SMITH5,45,1,40,0,0,7,2,0,29,1,95,1,6,137,86,38,95,137
63SMITH6,73,2,37,0,0,16,1,0,26,2,102,2,5,169,112,43,102,169
63SMITH7,43,1,34,0,0,7,4,1,20,0,75,2,3,116,78,32,75,116
63SOMERSET1,102,2,84,2,1,47,19,0,108,3,215,6,19,450,188,177,215,450
63SOMERSET2,98,4,90,0,2,55,26,0,138,5,211,5,20,484,192,221,211,484
63SOUTHFRANKLIN1,79,3,61,0,1,56,18,1,114,4,157,4,27,456,143,190,157,456
63SOUTHFRANKLIN2,119,4,97,2,2,83,35,1,192,1,233,7,21,714,220,315,233,714
63SOUTHSTRABANE1,140,4,85,1,2,62,68,1,200,3,306,6,21,655,229,334,306,655
63SOUTHSTRABANE2,241,6,154,2,5,86,104,6,292,4,655,4,32,983,401,495,655,983
63SOUTHSTRABANE3,108,5,98,1,4,69,55,1,161,1,291,6,30,612,211,291,291,612
63SOUTHSTRABANE4,116,5,83,2,2,57,44,2,112,3,282,3,15,428,204,219,282,428
63SOUTHSTRABANE5,144,1,75,0,2,55,26,1,102,1,310,9,22,430,220,186,310,430
63SPEERS,151,3,88,0,2,19,22,2,101,1,269,7,15,362,242,146,269,362
63STOCKDALE,40,3,25,0,0,2,5,1,33,3,75,1,1,148,68,41,75,148
63TWILIGHT,21,0,25,0,0,2,1,0,14,0,30,0,1,65,46,17,30,65
63UNION1,120,10,96,0,0,36,36,2,118,5,288,11,17,533,226,192,288,533
63UNION2,54,1,61,0,0,23,21,1,85,0,112,1,9,277,116,130,112,277
63UNION4,35,5,22,0,0,5,4,0,33,0,36,1,6,137,62,42,36,137
63UNION5,98,3,78,3,0,37,26,0,131,3,218,4,26,422,179,197,218,422
63UNION6,64,2,63,2,0,15,19,0,78,2,150,4,9,288,129,114,150,288
63UNION7,71,4,54,0,4,16,13,0,65,2,163,2,12,238,129,98,163,238
63WASHINGTON21,57,0,34,0,1,8,8,0,14,1,178,6,15,95,91,31,178,95
63WASHINGTON31,51,0,34,0,0,1,0,0,6,2,131,4,6,29,85,7,131,29
63WASHINGTON4,29,0,21,0,0,6,3,0,12,1,164,2,10,126,50,21,164,126
63WASHINGTON51,70,3,46,1,1,16,22,1,35,2,160,5,8,188,119,76,160,188
63WASHINGTON52,98,3,73,1,1,16,11,0,64,2,246,11,11,226,174,93,246,226
63WASHINGTON61,124,1,75,0,0,15,13,2,40,2,345,10,14,148,200,70,345,148
63WASHINGTON63,49,1,54,0,1,8,17,1,35,2,159,1,16,133,104,62,159,133
63WASHINGTON71,76,2,41,1,0,20,15,0,26,0,184,1,11,135,119,62,184,135
63WASHINGTON72,123,3,81,1,0,22,9,0,72,0,322,8,26,339,207,104,322,339
63WASHINGTON73,121,5,87,2,1,24,28,0,65,1,259,6,19,291,213,120,259,291
63WASHINGTON81,115,1,55,2,0,16,9,0,48,2,317,8,19,201,171,75,317,201
63WESTBETHLEHEM,110,6,95,2,0,36,12,1,116,5,217,4,10,405,211,167,217,405
63WESTBROWNSVILLE1,37,1,29,0,0,3,1,0,22,0,67,3,4,91,67,26,67,91
63WESTBROWNSVILLE2,62,1,39,1,1,8,3,0,31,2,101,2,8,156,102,44,101,156
63WESTFINLEY1,7,1,15,0,2,20,3,0,37,1,24,3,2,127,23,62,24,127
63WESTFINLEY2,17,1,10,1,0,21,19,1,59,3,44,4,2,173,28,101,44,173
63WESTMIDDLETOWN,6,0,9,0,0,5,3,0,10,1,20,1,3,39,15,18,20,39
63WESTPIKERUN1,82,2,78,1,1,19,19,0,76,0,170,4,21,325,162,116,170,325
63WESTPIKERUN2,81,4,43,0,0,3,5,0,47,1,147,5,6,160,128,55,147,160
64BERLIN1,37,0,44,2,1,61,20,4,204,0,137,4,9,474,81,292,137,474
64BERLIN2,33,1,35,1,2,51,41,0,219,3,122,3,11,486,69,314,122,486
64BETHANY,12,0,20,0,1,19,12,1,40,0,69,0,2,85,32,73,69,85
64BUCKINGHAM,23,1,24,0,0,16,12,1,59,1,96,1,3,169,48,88,96,169
64CANAAN,37,1,32,1,1,45,24,0,154,3,132,7,11,352,70,225,132,352
64CHERRYRIDGE,68,1,88,1,2,82,54,2,279,0,285,6,13,659,157,420,285,659
64CLINTON1,54,0,53,3,0,46,26,1,231,4,177,4,14,469,107,307,177,469
64CLINTON2,48,1,38,0,1,23,9,1,92,2,133,1,11,252,87,126,133,252
64DAMASCUS1,42,1,67,0,3,66,21,0,203,1,212,15,14,517,110,293,212,517
64DAMASCUS2,72,1,75,2,3,108,30,0,245,4,300,10,29,724,148,388,300,724
64DREHER,47,1,54,0,1,34,18,0,165,4,182,9,10,421,102,218,182,421
64DYBERRY,58,0,71,2,1,61,49,4,223,6,235,10,12,485,129,340,235,485
64HAWLEY,61,1,66,0,0,34,18,1,98,3,214,12,10,303,128,151,214,303
64HONESDALE1,56,2,52,3,2,46,20,1,123,3,216,6,16,329,110,195,216,329
64HONESDALE2,88,4,97,4,1,69,45,2,127,6,310,13,20,364,189,248,310,364
64HONESDALE3,66,1,77,1,1,58,30,1,126,2,233,11,10,370,144,217,233,370
64LAKE,180,3,214,4,5,187,86,3,654,11,727,11,48,1780,397,939,727,1780
64LEBANON,16,0,35,1,3,36,12,0,118,0,92,1,2,301,51,170,92,301
64LEHIGH,85,0,74,1,1,38,22,1,199,3,314,6,23,540,159,262,314,540
64MANCHESTER,17,1,25,0,1,50,11,0,122,0,95,0,3,299,43,184,95,299
64MT.PLEASANT,83,1,78,3,3,51,28,2,184,3,229,4,11,499,162,271,229,499
64OREGON,19,1,29,1,1,17,26,0,142,2,87,1,15,292,49,187,87,292
64PALMYRA,51,0,43,0,0,43,27,1,173,0,178,4,14,470,94,244,178,470
64PAUPACK,124,4,143,2,2,92,66,5,452,4,516,17,31,1334,271,619,516,1334
64PRESTON,37,0,43,0,1,25,13,0,147,3,141,6,8,346,80,186,141,346
64PROMPTON,4,1,11,0,0,11,6,0,38,0,27,0,4,93,16,55,27,93
64SALEM,146,2,149,1,4,150,72,3,579,4,514,12,29,1383,297,809,514,1383
64SCOTT,4,1,9,1,1,27,4,0,55,1,40,0,3,152,14,88,40,152
64SOUTHCANAAN,73,3,74,2,3,116,33,3,213,9,247,6,15,616,150,370,247,616
64STARRUCCA,7,0,9,0,0,8,6,0,30,1,28,3,1,72,16,44,28,72
64STERLING,49,0,73,1,4,58,24,1,213,6,209,9,22,493,122,301,209,493
64TEXAS1,31,0,33,2,1,38,26,2,127,4,117,3,11,263,64,196,117,263
64TEXAS2,52,0,34,0,2,42,33,0,130,0,124,0,11,304,86,207,124,304
64TEXAS3,18,1,21,0,0,15,12,0,65,1,83,5,7,174,40,92,83,174
64WAYMART,61,0,36,1,2,44,23,2,166,0,187,6,13,374,97,238,187,374
65ADAMSBURG,10,0,11,0,0,3,1,0,23,0,20,1,4,59,21,27,20,59
65ALLEGHENY1,205,10,141,0,9,98,73,1,327,3,495,5,30,1149,356,508,495,1149
65ALLEGHENY2,57,2,35,1,0,39,16,2,88,1,106,3,6,312,94,146,106,312
65ALLEGHENY3,163,2,115,1,0,55,42,0,205,0,394,6,33,707,280,303,394,707
65ALLEGHENY4,48,1,51,1,2,52,31,0,117,0,163,2,10,401,100,203,163,401
65ALLEGHENY5,60,2,32,0,0,17,20,1,71,1,135,4,4,237,94,109,135,237
65ARNOLD11,49,3,27,0,0,2,1,0,8,2,136,1,5,55,79,11,136,55
65ARNOLD12,62,0,35,0,0,2,1,0,8,2,151,1,0,37,97,11,151,37
65ARNOLD21,76,0,59,0,0,19,9,1,25,1,197,3,8,185,135,54,197,185
65ARNOLD22,107,0,79,1,0,10,6,0,39,1,274,7,11,220,186,56,274,220
65ARNOLD23,106,4,75,1,0,14,4,3,35,0,274,3,8,199,185,57,274,199
65ARONA,13,1,18,0,0,16,3,0,22,1,32,0,7,111,32,41,32,111
65AVONMORE,83,3,51,0,0,12,12,0,37,2,171,2,2,225,137,61,171,225
65BELLPERRYSVILLE,66,2,66,1,2,45,26,1,138,2,160,3,18,488,134,213,160,488
65BELLROARINGRUN,34,0,32,0,0,11,5,1,45,0,78,1,7,188,66,62,78,188
65BELLSALINA,32,0,21,0,1,10,3,1,25,3,68,3,7,126,53,40,68,126
65BOLIVAR,25,0,24,0,1,10,5,1,23,0,48,2,10,110,49,40,48,110
65COOK,70,1,96,1,0,79,73,1,257,4,236,3,42,768,167,411,236,768
65DELMONT,141,2,143,2,2,107,78,4,268,2,455,4,46,936,286,461,455,936
65DERRY1,66,2,41,0,0,20,18,0,69,2,142,0,16,234,109,107,142,234
65DERRY2,23,2,39,0,0,14,7,0,43,1,68,2,7,192,64,64,68,192
65DERRY3,12,1,23,0,0,18,3,1,32,1,40,2,5,159,36,54,40,159
65DERRY4,31,1,21,0,0,8,4,0,29,0,74,1,10,146,53,41,74,146
65DERRYALTERS,65,1,53,1,1,41,17,1,137,4,138,2,8,440,119,198,138,440
65DERRYBRADENVILLE,74,1,43,0,0,16,5,1,46,2,129,3,7,271,118,68,129,271
65DERRYCOKEVILLE,73,1,48,0,0,14,15,0,45,0,131,0,3,261,122,74,131,261
65DERRYCOOPERSTOWN,131,4,109,0,0,47,27,0,135,0,235,1,17,498,244,209,235,498
65DERRYKINGSTON,56,1,37,0,0,14,2,1,36,0,87,1,2,161,94,53,87,161
65DERRYLOYALHANNA,72,3,57,0,0,23,11,1,51,6,131,1,9,272,132,86,131,272
65DERRYMILLWOOD,86,4,56,0,0,37,18,2,98,3,164,3,13,406,146,155,164,406
65DERRYNEWDERRY,121,4,102,0,1,36,31,1,156,4,238,6,15,632,227,225,238,632
65DERRYPEANUT,69,4,62,0,1,12,9,0,61,2,135,2,8,256,135,83,135,256
65DERRYSAXMAN,151,6,92,1,2,41,25,0,96,1,325,6,16,454,249,165,325,454
65DERRYSCALPLEVEL,38,2,42,1,0,15,5,1,71,1,86,2,10,267,82,93,86,267
65DERRYSIMPSONS,28,3,28,0,0,30,12,0,90,5,88,3,9,336,59,132,88,336
65DERRYTORRANCE,18,2,10,2,1,13,3,0,27,0,49,3,4,82,30,46,49,82
65DONEGAL,7,0,6,0,0,0,1,1,13,0,27,0,2,32,13,15,27,32
65DONEGALFOURMILERUN,71,4,60,0,1,39,24,2,188,1,175,7,11,572,135,254,175,572
65DONEGALINDIANCREEK,30,5,32,0,0,20,14,0,75,1,73,3,7,257,67,109,73,257
65EASTHUNTINGDONBESSEMER1,43,1,47,0,1,22,16,0,78,0,94,2,4,274,91,117,94,274
65EASTHUNTINGDONBESSEMER2,77,5,80,1,5,42,25,0,157,1,182,4,22,529,162,230,182,529
65EASTHUNTINGDONRUFFSDALE,71,2,92,1,6,37,30,0,141,3,185,3,23,542,165,215,185,542
65EASTHUNTINGDONSTONERS,40,1,26,1,2,27,19,1,60,2,68,2,12,246,67,110,68,246
65EASTHUNTINGDONSTROHMS,47,5,47,1,1,26,11,0,85,2,124,2,5,303,99,124,124,303
65EASTHUNTINGDONWHITES,94,6,96,0,2,75,55,0,189,4,234,3,19,677,196,321,234,677
65EASTVANDERGRIFT,46,0,52,0,1,4,5,0,18,1,131,3,1,144,98,28,131,144
65EXPORT,53,2,57,0,0,21,7,0,47,0,121,4,11,248,112,75,121,248
65FAIRFIELDFAIRFIELD,18,1,30,0,0,31,15,0,54,1,47,1,8,207,49,100,47,207
65FAIRFIELDNORTHFAIRFIELD,31,0,25,0,1,25,3,0,38,0,51,3,4,155,56,67,51,155
65FAIRFIELDSOUTHFAIRFIELD,40,2,35,0,1,41,23,2,133,1,112,4,16,400,77,200,112,400
65GREENSBURG11,25,0,27,0,0,8,7,0,21,1,93,1,10,95,52,36,93,95
65GREENSBURG12,126,4,100,1,1,46,48,6,104,8,461,11,23,460,230,206,461,460
65GREENSBURG21,12,2,46,1,0,4,6,0,18,0,94,4,9,77,60,29,94,77
65GREENSBURG22,57,1,64,1,0,21,24,1,59,2,186,7,17,197,122,106,186,197
65GREENSBURG23,119,2,89,0,0,42,63,2,114,3,267,3,13,375,210,221,267,375
65GREENSBURG24,202,2,176,2,1,84,105,2,209,5,535,5,49,792,380,403,535,792
65GREENSBURG3,25,0,22,0,0,9,6,1,16,1,81,2,11,88,47,32,81,88
65GREENSBURG41,49,1,35,0,0,18,7,1,28,0,133,4,11,130,85,54,133,130
65GREENSBURG51,77,3,65,0,1,20,11,1,39,4,204,5,14,204,145,72,204,204
65GREENSBURG52,33,0,31,1,1,3,4,0,26,1,118,3,19,111,64,35,118,111
65GREENSBURG6,26,0,22,0,1,3,5,0,14,2,68,1,6,88,48,23,68,88
65GREENSBURG71,109,5,73,2,1,35,40,1,95,3,319,5,24,384,187,174,319,384
65GREENSBURG72,69,1,88,1,0,22,39,0,51,0,202,3,16,243,158,113,202,243
65GREENSBURG81,66,0,50,0,0,18,15,1,49,4,165,4,15,214,116,83,165,214
65GREENSBURG82,62,2,51,0,0,14,16,1,42,0,161,4,3,169,115,73,161,169
65HEMPFIELDALWINE,231,9,153,1,3,134,140,2,371,5,569,7,63,1284,393,651,569,1284
65HEMPFIELDBOVARD,64,6,64,0,2,16,13,0,61,1,117,3,11,266,134,92,117,266
65HEMPFIELDCARBON,244,4,192,1,4,113,99,3,351,5,649,9,47,1299,440,571,649,1299
65HEMPFIELDEASTADAMSBURG,133,5,105,0,2,76,62,1,219,5,348,5,34,735,243,360,348,735
65HEMPFIELDEASTVIEW,87,3,54,3,1,35,35,1,112,0,190,1,12,318,144,187,190,318
65HEMPFIELDFORTALLEN,162,8,157,2,2,80,88,2,213,3,353,4,36,836,327,387,353,836
65HEMPFIELDFOXHILL,174,2,121,2,2,88,79,3,272,3,389,5,42,890,297,446,389,890
65HEMPFIELDGAYVILLE,37,2,27,0,0,17,4,0,33,0,66,2,5,129,66,54,66,129
65HEMPFIELDGRAPEVILLE,56,1,36,0,1,17,20,0,70,0,114,1,10,220,93,108,114,220
65HEMPFIELDHANNASTOWN,30,2,33,0,0,7,8,0,43,0,60,0,6,141,65,58,60,141
65HEMPFIELDHAYDENVILLE,93,2,68,2,0,23,19,0,103,2,182,3,20,356,163,147,182,356
65HEMPFIELDHIGHPARK,42,2,21,0,0,9,9,0,38,0,77,3,2,155,65,56,77,155
65HEMPFIELDLINCOLNHEIGHTS,113,4,104,1,0,54,51,0,180,3,312,11,17,602,221,286,312,602
65HEMPFIELDLINCOLNHEIGHTSWEST,74,7,64,0,2,22,25,0,124,0,176,2,17,426,145,173,176,426
65HEMPFIELDLUXOR,32,3,36,0,0,8,8,0,50,0,86,1,7,181,71,66,86,181
65HEMPFIELDMAPLEWOOD,156,3,108,0,2,41,67,2,220,3,367,5,24,644,267,332,367,644
65HEMPFIELDMIDDLETOWN,61,2,58,3,1,45,27,0,146,1,117,2,8,443,121,222,117,443
65HEMPFIELDNEWSTANTON,41,0,38,0,2,29,19,0,135,0,93,3,9,391,79,185,93,391
65HEMPFIELDNORTHCARBON,54,1,52,1,0,17,18,0,48,0,117,1,10,215,107,84,117,215
65HEMPFIELDSIBEL,19,0,27,1,0,18,10,1,26,0,47,2,5,113,46,56,47,113
65HEMPFIELDTODD,130,1,121,0,1,49,64,5,232,3,362,5,31,733,252,351,362,733
65HEMPFIELDUNIVERSITY,54,2,68,0,0,42,40,1,110,1,155,4,14,396,124,193,155,396
65HEMPFIELDVALLEY,161,3,127,1,1,69,46,3,222,2,377,7,14,641,291,342,377,641
65HEMPFIELDWEAVERSOLDSTAND,111,5,92,0,1,63,58,2,230,3,255,6,25,744,208,354,255,744
65HEMPFIELDWEGLEY,42,2,23,0,0,16,10,1,55,1,74,0,9,213,67,82,74,213
65HEMPFIELDWENDELHERM,85,4,90,0,1,39,24,0,114,1,168,2,7,460,179,178,168,460
65HEMPFIELDWESTHEMPFIELD,146,4,116,1,2,77,57,2,231,5,329,3,22,782,266,370,329,782
65HEMPFIELDWESTPOINT,234,4,165,6,2,97,123,6,384,2,555,5,42,1095,403,618,555,1095
65HUNKER,24,3,24,1,0,19,10,0,25,1,50,2,7,122,51,55,50,122
65HYDEPARK,31,5,30,0,0,8,3,0,24,1,77,0,9,118,66,35,77,118
65IRWIN1,20,0,21,0,1,12,10,0,33,0,74,0,8,139,41,56,74,139
65IRWIN2,31,1,33,0,0,7,6,0,36,1,83,2,12,138,65,49,83,138
65IRWIN3,36,0,28,0,0,16,15,1,54,0,109,2,12,185,64,86,109,185
65IRWIN4,21,1,24,1,1,15,3,0,17,1,69,7,5,119,46,37,69,119
65IRWIN5,17,0,27,0,0,17,4,0,28,0,73,2,9,132,44,49,73,132
65IRWIN6,55,0,43,0,0,15,11,0,70,1,140,0,10,214,98,96,140,214
65IRWIN7,64,1,55,0,0,24,29,0,76,1,156,0,9,258,120,129,156,258
65JEANNETTE1,33,2,23,0,0,2,4,1,21,3,86,0,2,74,58,28,86,74
65JEANNETTE21,36,2,26,0,0,10,6,1,38,0,91,3,2,132,64,55,91,132
65JEANNETTE22,67,0,55,0,0,15,7,2,51,2,168,4,17,210,122,75,168,210
65JEANNETTE3,90,2,67,0,0,29,13,1,109,3,210,2,16,433,159,152,210,433
65JEANNETTE4,42,0,17,0,0,3,0,0,14,2,106,0,3,45,59,17,106,45
65JEANNETTE51,71,1,65,0,0,14,7,0,43,0,151,2,11,238,137,64,151,238
65JEANNETTE52,131,7,106,0,1,35,20,0,135,3,265,2,18,553,244,191,265,553
65JEANNETTE6,158,3,119,0,2,37,37,2,161,5,317,1,23,625,280,239,317,625
65LATROBE1,158,9,98,2,0,50,32,0,118,6,354,3,28,553,265,202,354,553
65LATROBE2,57,0,45,0,2,26,29,0,75,3,156,2,13,248,102,132,156,248
65LATROBE3,111,4,93,2,2,47,36,0,99,2,269,4,27,382,208,186,269,382
65LATROBE4,88,3,94,0,2,30,34,1,121,0,254,6,18,417,185,188,254,417
65LATROBE5,74,4,45,0,1,25,21,0,97,0,183,4,23,352,123,144,183,352
65LATROBE6,57,5,54,1,0,19,18,0,77,3,130,5,5,288,116,115,130,288
65LAURELMOUNTAIN,12,1,17,0,0,5,8,0,15,0,47,0,2,50,30,28,47,50
65LIGONIER1,54,0,41,0,3,16,39,0,91,1,164,6,15,267,95,149,164,267
65LIGONIER2,50,1,48,2,4,35,45,5,91,5,164,2,14,245,99,182,164,245
65LIGONIERIDLEPARK,69,3,65,1,2,49,46,2,212,5,192,6,19,554,137,312,192,554
65LIGONIERLAUGHLINSTOWN,29,1,27,1,0,29,27,3,84,0,103,1,9,245,57,144,103,245
65LIGONIERNORTHLIGONIER,107,2,94,3,8,116,92,3,289,5,343,6,37,828,203,511,343,828
65LIGONIERSOUTHLIGONIER,34,1,34,0,2,34,44,0,103,0,125,2,12,298,69,183,125,298
65LIGONIERWATERFORD,44,2,46,0,1,42,28,1,200,1,148,4,12,448,92,272,148,448
65LIGONIERWILPEN,26,4,22,0,1,16,12,0,40,1,51,2,5,147,52,69,51,147
65LOWERBURRELL11,148,1,133,1,2,44,39,0,139,2,324,7,22,570,282,225,324,570
65LOWERBURRELL12,231,9,162,3,4,64,54,0,149,4,472,6,28,682,402,274,472,682
65LOWERBURRELL21,104,2,84,2,0,28,26,1,102,1,246,2,22,388,190,159,246,388
65LOWERBURRELL22,59,5,68,1,0,30,17,1,83,1,184,2,12,321,132,132,184,321
65LOWERBURRELL23,61,8,65,0,1,13,12,0,58,3,152,4,7,243,134,84,152,243
65LOWERBURRELL31,115,3,105,0,2,39,28,0,129,3,265,4,15,508,223,198,265,508
65LOWERBURRELL32,48,1,43,1,0,16,11,0,61,2,125,2,14,229,92,89,125,229
65LOWERBURRELL41,88,2,81,0,0,25,10,0,68,2,209,4,15,321,171,103,209,321
65LOWERBURRELL42,120,0,92,0,1,56,33,0,109,0,252,4,12,411,212,199,252,411
65LOYALHANNA1,78,3,76,0,3,42,24,0,123,6,210,3,11,457,157,192,210,457
65LOYALHANNA2,27,4,21,1,0,11,5,0,56,2,57,3,7,184,52,73,57,184
65MADISON,26,0,26,0,0,11,8,0,42,1,61,0,2,142,52,61,61,142
65MANOR,220,6,162,1,5,136,92,0,331,5,602,8,48,1224,388,565,602,1224
65MONESSEN11,70,0,60,0,0,2,0,0,16,3,166,1,6,132,130,18,166,132
65MONESSEN12,37,1,14,0,0,1,1,0,9,1,80,0,9,36,52,11,80,36
65MONESSEN13,39,1,21,0,0,2,0,0,6,0,92,1,1,52,61,8,92,52
65MONESSEN14,114,1,85,0,0,6,5,0,29,1,190,0,10,188,200,40,190,188
65MONESSEN15,164,3,100,0,0,3,3,1,39,1,250,1,11,243,267,46,250,243
65MONESSEN21,37,0,10,0,0,1,1,0,3,1,63,0,1,12,47,5,63,12
65MONESSEN22,43,1,16,0,0,4,0,0,9,0,97,0,2,45,60,13,97,45
65MONESSEN23,31,1,10,0,0,0,0,0,6,0,58,2,0,25,42,6,58,25
65MONESSEN32,65,0,15,0,0,1,0,0,5,0,121,1,2,28,80,6,121,28
65MONESSEN33,56,0,27,0,0,1,0,0,10,0,124,1,4,64,83,11,124,64
65MONESSEN34,56,3,37,0,0,3,3,0,23,0,105,3,3,106,96,29,105,106
65MONESSEN42,101,1,74,0,1,5,11,0,17,0,191,1,9,178,176,34,191,178
65MONESSEN43,187,6,96,0,0,6,6,0,58,1,307,5,4,321,289,70,307,321
65MT.PLEASANT1,96,2,85,2,2,36,18,0,101,1,237,2,14,404,183,159,237,404
65MT.PLEASANT2,149,4,75,3,2,31,24,2,87,2,286,1,17,373,228,149,286,373
65MT.PLEASANT3,107,3,90,0,1,16,11,0,86,3,213,3,12,369,200,114,213,369
65MT.PLEASANTBRIDGEPORT,24,0,19,0,1,7,3,0,30,0,42,0,2,97,43,41,42,97
65MT.PLEASANTDUNCAN,60,4,55,0,0,22,13,0,71,0,127,1,9,303,119,106,127,303
65MT.PLEASANTHECCLA,78,5,50,1,1,32,18,0,122,3,151,3,9,424,133,174,151,424
65MT.PLEASANTLAURELRUN,56,1,56,0,4,45,19,1,136,1,116,4,9,443,113,205,116,443
65MT.PLEASANTMAMMOTH,45,3,51,0,0,32,8,1,63,1,103,0,4,307,99,104,103,307
65MT.PLEASANTPLEASANTVALLEY,60,1,58,0,1,37,20,0,122,2,140,2,10,377,119,180,140,377
65MT.PLEASANTRIDGEVIEW,48,5,48,0,1,32,12,1,74,0,87,0,9,315,101,120,87,315
65MT.PLEASANTSPRINGGARDEN,139,4,114,1,0,46,46,1,175,1,269,4,7,684,257,269,269,684
65MT.PLEASANTUNITED,56,3,65,1,1,24,14,0,83,1,115,3,15,309,124,123,115,309
65MT.PLEASANTWESTMORELAND,123,4,118,1,3,36,28,2,140,4,252,3,28,575,245,210,252,575
65MURRYSVILLEEASTMANORDALE,178,1,127,1,4,104,99,3,275,4,514,6,33,948,306,486,514,948
65MURRYSVILLEEASTMURRYSVILLE,155,2,98,1,1,107,120,1,172,3,484,8,30,614,255,402,484,614
65MURRYSVILLEMANORDALE,123,1,67,2,5,68,95,5,211,3,427,7,38,722,191,386,427,722
65MURRYSVILLENEWLONSBURG,249,2,198,2,5,242,260,1,565,6,892,6,71,1624,449,1075,892,1624
65MURRYSVILLESARDIS,310,2,235,2,4,202,225,5,505,9,959,6,47,1554,547,943,959,1554
65MURRYSVILLESOUTHMURRYSVILLE,153,3,127,2,3,131,149,1,273,6,511,8,30,905,283,559,511,905
65MURRYSVILLEWESTMURRYSVILLE,174,1,127,0,5,133,172,4,270,5,607,9,42,950,302,584,607,950
65NEWALEXANDRIA,40,1,39,0,1,23,18,0,67,2,93,0,8,195,80,109,93,195
65NEWFLORENCE,19,1,28,0,0,23,13,1,53,1,51,2,10,208,48,90,51,208
65NEWKENSINGTON2,28,1,31,0,0,2,1,0,12,1,127,3,1,49,60,15,127,49
65NEWKENSINGTON31,71,0,52,0,0,9,7,0,33,1,173,7,2,137,123,49,173,137
65NEWKENSINGTON32,54,2,52,1,0,10,7,1,62,0,145,7,17,202,108,81,145,202
65NEWKENSINGTON33,71,5,59,0,0,25,4,0,44,2,135,0,9,229,135,73,135,229
65NEWKENSINGTON34,88,1,74,1,2,18,12,0,48,1,179,3,11,252,163,81,179,252
65NEWKENSINGTON41,41,0,32,0,0,8,6,0,12,2,163,1,15,80,73,26,163,80
65NEWKENSINGTON42,143,7,109,1,4,43,21,0,85,3,372,9,19,357,259,154,372,357
65NEWKENSINGTON43,83,3,81,0,0,28,10,0,54,1,216,8,8,280,167,92,216,280
65NEWKENSINGTON44,149,7,109,0,1,27,22,0,94,4,296,4,10,374,265,144,296,374
65NEWKENSINGTON45,104,2,48,0,3,8,16,0,49,2,167,1,4,209,154,76,167,209
65NEWKENSINGTON5,48,1,32,0,0,5,0,0,19,0,134,6,6,92,81,24,134,92
65NEWKENSINGTON6,69,0,38,1,1,3,4,0,22,1,169,2,4,93,107,31,169,93
65NEWKENSINGTON71,66,0,84,0,1,25,25,1,59,0,196,7,11,226,150,111,196,226
65NEWKENSINGTON72,71,2,68,0,0,23,17,0,100,1,172,3,15,333,141,140,172,333
65NEWSTANTON,166,6,115,1,5,59,51,0,201,2,362,7,39,737,287,317,362,737
65NORTHBELLEVERNON1,81,5,60,0,1,18,13,0,48,1,183,2,3,243,146,80,183,243
65NORTHBELLEVERNON2,84,2,66,0,0,10,3,0,39,0,152,0,2,275,152,52,152,275
65NORTHHUNTINGDON11,144,4,115,1,1,67,69,2,214,7,360,4,28,739,263,354,360,739
65NORTHHUNTINGDON12,23,0,20,0,0,17,6,1,30,1,34,0,7,92,43,54,34,92
65NORTHHUNTINGDON13,118,4,81,0,3,81,73,1,295,5,326,4,23,858,203,453,326,858
65NORTHHUNTINGDON14,92,5,66,0,1,29,17,2,102,4,202,3,12,375,163,151,202,375
65NORTHHUNTINGDON21,66,2,52,0,0,18,18,0,77,2,131,3,10,283,120,113,131,283
65NORTHHUNTINGDON22,166,4,132,0,1,65,63,2,223,3,399,3,31,761,302,354,399,761
65NORTHHUNTINGDON23,63,7,58,0,0,48,25,0,61,1,145,0,11,319,128,134,145,319
65NORTHHUNTINGDON31,185,6,127,0,0,82,68,2,229,4,501,8,23,877,318,381,501,877
65NORTHHUNTINGDON32,245,4,178,0,6,103,80,6,280,9,572,12,33,1072,427,475,572,1072
65NORTHHUNTINGDON41,98,4,82,3,0,44,27,2,148,0,234,2,16,471,184,224,234,471
65NORTHHUNTINGDON42,165,6,138,0,2,68,59,1,236,4,359,1,30,878,309,366,359,878
65NORTHHUNTINGDON43,60,3,57,1,3,32,26,2,71,1,137,3,5,292,120,135,137,292
65NORTHHUNTINGDON44,24,1,17,1,0,11,9,0,46,0,52,0,8,132,42,67,52,132
65NORTHHUNTINGDON51,51,5,59,0,1,24,26,0,71,2,121,4,12,273,115,122,121,273
65NORTHHUNTINGDON52,165,4,149,1,0,72,33,3,219,5,356,5,31,744,318,328,356,744
65NORTHHUNTINGDON53,113,2,65,2,2,48,49,1,109,2,260,1,23,431,180,211,260,431
65NORTHHUNTINGDON61,41,1,36,0,2,27,13,0,48,1,92,2,5,193,78,90,92,193
65NORTHHUNTINGDON62,60,3,71,0,1,25,14,1,96,3,145,3,14,323,134,137,145,323
65NORTHHUNTINGDON63,107,5,133,1,1,60,49,5,196,2,331,2,29,697,245,312,331,697
65NORTHHUNTINGDON64,55,0,45,0,2,19,23,2,87,2,155,0,8,267,100,133,155,267
65NORTHHUNTINGDON71,61,2,44,0,1,27,18,0,84,2,119,2,7,307,107,130,119,307
65NORTHHUNTINGDON72,60,1,53,0,2,36,11,0,113,0,145,3,10,386,114,162,145,386
65NORTHHUNTINGDON73,89,1,51,0,1,25,21,0,60,1,168,0,7,275,141,107,168,275
65NORTHHUNTINGDON74,79,3,59,0,0,25,18,0,91,1,178,2,12,273,141,134,178,273
65NORTHIRWIN,70,1,44,0,2,19,20,1,74,0,150,0,17,249,115,116,150,249
65OKLAHOMA,75,2,50,1,0,21,14,0,73,1,147,4,7,250,127,109,147,250
65PENN,30,2,28,0,0,7,2,1,20,0,55,2,1,115,60,30,55,115
65PENN11,97,3,125,0,2,82,43,2,232,4,253,9,22,834,225,361,253,834
65PENN12,125,3,87,2,2,86,72,0,223,4,347,4,34,682,215,385,347,682
65PENN21,111,4,116,0,2,66,53,2,171,1,274,9,25,635,231,294,274,635
65PENN22,141,3,123,0,1,93,86,3,249,3,400,9,34,866,267,432,400,866
65PENN3,120,5,88,1,0,58,62,7,182,3,292,2,22,702,213,310,292,702
65PENN32,115,2,94,2,1,83,75,3,219,2,339,1,26,674,211,383,339,674
65PENN33,17,1,9,0,0,4,4,0,26,0,36,0,2,100,27,34,36,100
65PENN4,151,2,131,0,0,88,78,3,295,2,422,9,42,1070,284,464,422,1070
65PENN42,128,1,72,1,2,88,51,1,195,3,322,2,16,599,201,338,322,599
65PENN51,95,4,79,0,2,77,71,1,182,3,254,3,20,609,178,333,254,609
65PENN52,148,7,107,0,2,81,57,1,187,7,331,4,15,682,262,328,331,682
65PENN53,42,1,40,0,0,36,24,2,74,0,116,2,18,298,83,136,116,298
65ROSTRAVERCOLLINSBURG,96,2,69,0,0,20,12,0,99,3,193,4,11,350,167,131,193,350
65ROSTRAVERCONCORD,179,6,143,3,3,73,44,3,190,3,346,6,13,861,328,316,346,861
65ROSTRAVERCROSSROADS,217,4,120,0,2,47,35,0,209,4,396,3,27,763,341,293,396,763
65ROSTRAVERFELLSBURG,249,6,186,0,2,52,48,2,247,2,457,2,29,957,441,351,457,957
65ROSTRAVERLYNNWOOD,63,2,43,0,0,15,8,0,56,1,137,0,6,201,108,79,137,201
65ROSTRAVERPRICEDALE,100,2,62,1,1,27,18,0,82,1,199,3,3,314,164,129,199,314
65ROSTRAVERVANMETER,13,0,9,0,0,1,0,0,7,0,23,0,1,27,22,8,23,27
65ROSTRAVERWEBSTER,54,0,45,0,0,17,6,0,48,0,97,1,5,234,99,71,97,234
65SALEMFIVEPOINTS,76,8,73,1,5,71,35,0,198,4,175,4,27,630,157,310,175,630
65SALEMHUGUS,35,0,34,0,2,16,8,0,65,0,86,0,3,222,69,91,86,222
65SALEMMECHLINGS,47,2,16,0,0,14,8,0,54,1,74,0,2,163,65,76,74,163
65SALEMNEWSALEM,166,3,87,2,3,71,51,2,200,6,344,4,20,672,256,329,344,672
65SALEMSLICKVILLE,43,1,52,0,1,24,6,0,67,1,78,1,4,250,96,98,78,250
65SALEMSTEELES,40,2,47,1,1,20,21,2,85,1,99,3,4,271,89,130,99,271
65SALEMTREESMILLS,42,3,40,0,2,29,12,0,93,1,90,2,9,324,85,136,90,324
65SCOTTDALE1,79,2,63,0,2,21,19,1,85,3,168,2,13,324,144,128,168,324
65SCOTTDALE2,102,2,97,3,2,38,36,1,127,4,220,3,22,460,201,207,220,460
65SCOTTDALE3,71,1,49,0,0,16,23,1,72,2,162,3,17,280,121,112,162,280
65SCOTTDALE4,64,3,41,0,2,19,13,0,65,1,119,2,11,275,108,99,119,275
65SE,18,2,20,0,0,10,4,2,37,0,27,1,2,147,40,53,27,147
65SEWICKLEYEASTHERMINIE,58,1,38,0,1,18,5,0,54,2,117,3,7,234,97,78,117,234
65SEWICKLEYLOWBER,54,1,70,0,0,31,19,0,118,2,114,2,11,389,125,168,114,389
65SEWICKLEYRILLTON,84,2,61,0,1,38,17,0,103,2,178,2,14,420,147,159,178,420
65SEWICKLEYSEWICKLEY,107,3,97,0,0,35,19,1,142,5,202,3,15,513,207,197,202,513
65SEWICKLEYWESTHERMINIE,70,5,64,0,0,27,18,0,100,2,136,5,3,364,139,145,136,364
65SEWICKLEYWHYEL,28,1,24,0,0,3,9,0,37,1,56,0,5,135,53,49,56,135
65SMITHTON,45,1,25,0,0,7,3,0,23,0,74,1,5,96,71,33,74,96
65SOUTHGREENSBURG1,115,1,80,1,1,33,32,0,80,2,229,6,13,340,196,147,229,340
65SOUTHGREENSBURG2,91,1,69,1,0,26,15,0,84,1,193,4,12,346,161,126,193,346
65SOUTHHUNTINGDONHIXON,31,2,40,0,0,27,11,0,96,0,58,0,4,307,73,134,58,307
65SOUTHHUNTINGDONJACOBSCREEK,22,1,22,0,0,5,4,0,8,2,30,0,3,65,45,17,30,65
65SOUTHHUNTINGDONMINERAL,41,1,36,0,0,10,3,0,51,0,82,0,6,193,78,64,82,193
65SOUTHHUNTINGDONPORTROYAL,24,1,13,0,0,5,3,0,14,0,42,0,1,72,38,22,42,72
65SOUTHHUNTINGDONSOUTHHUNTINGDON,69,7,100,0,0,37,20,1,170,2,169,1,23,581,176,228,169,581
65SOUTHHUNTINGDONWAYNE,96,4,96,1,0,32,21,1,134,2,181,5,20,471,196,189,181,471
65SOUTHHUNTINGDONWYANO,26,1,29,0,0,8,2,0,44,0,42,3,1,182,56,54,42,182
65SOUTHHUNTINGDONYUKON,56,0,55,0,0,9,3,0,48,1,93,2,7,205,111,60,93,205
65SOUTHWESTGREENSBURG1,118,3,113,0,3,43,42,1,116,3,305,6,25,400,234,205,305,400
65SOUTHWESTGREENSBURG2,64,1,54,0,1,21,17,1,71,1,149,5,13,259,119,111,149,259
65ST.CLAIRSE,34,1,28,0,0,5,2,0,40,0,83,0,5,176,63,47,83,176
65ST.CLAIRST.CLAIR,36,1,33,1,0,28,10,1,67,3,83,1,8,248,70,107,83,248
65SUTERSVILLE,27,2,31,1,1,5,7,0,51,1,61,3,6,171,60,65,61,171
65TRAFFORD1,106,5,96,0,1,50,26,1,98,3,255,10,26,441,207,176,255,441
65TRAFFORD2,103,3,104,0,0,43,50,1,139,1,282,5,36,508,210,233,282,508
65UNITYBAGGALEY,119,3,90,0,0,39,31,1,190,1,239,2,15,606,212,261,239,606
65UNITYBEATTY,129,5,83,1,0,67,69,4,154,5,368,4,26,615,217,295,368,615
65UNITYCRABTREE,40,1,38,0,0,11,5,0,51,0,84,0,3,221,79,67,84,221
65UNITYDENNISON,240,7,197,0,3,142,205,3,573,8,740,10,64,1766,444,926,740,1766
65UNITYDOROTHY,68,1,44,1,0,35,33,1,86,0,144,6,10,326,113,156,144,326
65UNITYGRAVELHILL,99,1,70,0,1,52,46,2,160,4,202,2,21,474,170,261,202,474
65UNITYKUHNS,86,5,71,1,2,50,32,1,127,4,175,0,15,461,162,213,175,461
65UNITYLLOYDSVILLE,57,2,37,0,0,14,15,0,82,1,125,0,2,295,96,111,125,295
65UNITYMARGUERITE,164,10,123,1,2,82,90,3,331,1,375,4,31,991,297,509,375,991
65UNITYMUTUAL,66,2,54,0,0,25,26,0,120,2,162,0,8,395,122,171,162,395
65UNITYPLEASANTUNITY,79,6,67,2,0,42,22,2,94,2,153,4,12,409,152,162,153,409
65UNITYROBLE,108,1,71,1,0,32,37,2,135,3,216,6,25,420,180,207,216,420
65UNITYWHITNEY,175,4,131,0,0,61,38,1,235,4,297,6,23,885,310,335,297,885
65UPPERBURRELL1,84,2,131,0,1,52,38,1,172,0,249,9,21,633,217,264,249,633
65UPPERBURRELL2,30,0,30,0,3,17,4,0,49,0,76,3,8,178,60,73,76,178
65VANDERGRIFT1,44,1,19,0,0,7,7,0,22,3,85,1,8,85,64,36,85,85
65VANDERGRIFT2,45,0,41,0,1,13,4,0,45,0,125,2,7,169,86,63,125,169
65VANDERGRIFT3,70,1,57,0,0,9,7,0,50,2,168,2,7,170,128,66,168,170
65VANDERGRIFT4,31,1,25,0,2,9,4,1,27,0,79,2,3,143,57,43,79,143
65VANDERGRIFT5,69,1,39,0,0,13,12,0,36,1,142,4,11,194,109,61,142,194
65VANDERGRIFT6,68,0,50,1,1,10,7,0,47,0,131,1,12,244,118,66,131,244
65WASHINGTONBEAMERS,140,5,130,0,1,132,81,0,318,3,371,2,35,1077,275,532,371,1077
65WASHINGTONNORTHWASHINGTON,73,2,72,0,4,47,25,0,139,0,192,2,14,470,147,215,192,470
65WASHINGTONOAKLANDXROADS,61,1,78,1,0,83,43,0,185,2,210,4,21,591,140,312,210,591
65WASHINGTONPAULTON,67,2,64,1,1,39,26,2,127,2,195,1,16,463,133,196,195,463
65WESTLEECHBURG,94,4,89,1,0,32,21,1,94,0,226,5,12,402,187,149,226,402
65WESTNEWTON1,82,2,88,0,2,15,27,1,67,2,183,6,10,313,172,112,183,313
65WESTNEWTON2,84,1,35,0,3,13,5,0,42,2,138,3,9,159,120,63,138,159
65WESTNEWTON3,75,7,77,1,1,20,14,1,70,1,162,3,5,272,159,107,162,272
65YOUNGSTOWN,26,0,26,0,0,4,7,0,30,1,53,2,3,107,52,41,53,107
65YOUNGWOOD1,87,6,61,1,1,38,28,2,119,0,192,0,15,402,154,189,192,402
65YOUNGWOOD2,28,0,41,1,1,16,14,0,50,0,78,3,8,208,69,82,78,208
65YOUNGWOOD3,74,2,75,1,1,21,20,2,94,1,174,7,23,318,151,139,174,318
66BRAINTRIM,14,0,22,0,1,20,10,0,56,0,44,1,2,153,36,87,44,153
66CLINTON,64,1,91,2,3,59,32,2,170,1,282,5,15,425,156,268,282,425
66EATON,76,5,60,2,5,65,34,1,243,1,250,6,20,521,141,350,250,521
66EXETER,42,1,41,0,0,31,7,0,98,0,96,1,5,252,84,136,96,252
66FACTORYVILLE1,19,0,33,0,0,20,10,2,53,2,142,5,9,141,52,85,142,141
66FACTORYVILLE2,32,1,26,1,0,15,13,1,28,0,88,2,10,117,59,58,88,117
66FALLS1,40,2,32,2,1,22,18,1,106,3,107,7,3,245,74,150,107,245
66FALLS2,60,0,44,3,2,46,20,2,156,1,167,3,17,382,104,229,167,382
66FORKSTON,11,1,15,0,0,16,5,0,47,0,33,0,4,129,27,68,33,129
66LACEYVILLE,7,1,10,2,0,16,5,0,39,0,26,1,8,90,18,62,26,90
66LEMON,52,1,57,2,5,59,45,2,166,4,183,4,15,387,110,279,183,387
66MEHOOPANY,26,0,46,0,4,45,16,1,124,1,79,0,11,314,72,190,79,314
66MESHOPPEN,42,1,36,0,0,30,9,1,173,1,107,4,17,399,79,213,107,399
66MONROE,61,2,65,2,3,60,33,1,260,5,178,6,17,608,128,359,178,608
66NICHOLSON,41,2,47,1,1,63,24,0,190,5,177,8,11,493,90,279,177,493
66NICHOLSON1,5,1,25,3,0,4,5,1,31,1,34,2,6,85,31,44,34,85
66NICHOLSON2,17,0,21,0,0,16,15,0,48,0,55,3,4,98,38,79,55,98
66NORTHBRANCH,8,1,10,0,1,11,2,2,41,1,27,2,3,93,19,57,27,93
66NORTHMORELAND,56,2,75,0,5,78,29,3,247,6,196,5,11,548,133,362,196,548
66NOXEN,28,0,26,0,0,41,9,2,115,2,78,4,7,295,54,167,78,295
66OVERFIELD,121,1,97,2,4,44,40,2,212,3,317,16,19,514,219,304,317,514
66TUNKHANNOCK1,122,4,139,0,1,35,28,1,82,7,461,13,43,957,265,147,461,957
66TUNKHANNOCK2,103,2,81,4,3,51,52,0,120,3,329,9,21,606,186,230,329,606
66TUNKHANNOCK3,25,0,17,6,8,102,76,3,370,2,55,3,7,106,42,565,55,106
66TUNKHANNOCK4,28,0,19,1,2,53,48,3,192,1,70,1,12,145,47,299,70,145
66WASHINGTON,38,3,41,0,3,74,37,5,164,4,155,3,17,451,82,283,155,451
66WINDHAM,18,1,33,0,2,34,11,2,103,3,75,2,9,283,52,152,75,283
67CARROLL,194,6,181,6,9,483,247,6,737,27,839,18,98,2230,381,1488,839,2230
67CHANCEFORD1,80,4,95,1,9,128,59,1,314,7,246,7,34,980,179,512,246,980
67CHANCEFORD2,22,0,25,2,2,85,20,1,129,4,84,0,11,401,47,239,84,401
67CHANCEFORD3,53,2,62,1,8,92,35,4,200,7,156,1,27,666,117,340,156,666
67CODORUS1,38,2,60,1,3,63,28,1,163,3,120,14,18,501,100,259,120,501
67CODORUS2,47,3,58,2,4,63,37,2,176,6,150,7,18,533,108,284,150,533
67CODORUS3,67,0,49,2,1,43,27,1,132,4,193,5,12,458,116,206,193,458
67CONEWAGO1,195,4,172,1,9,180,51,2,407,7,635,8,64,1312,371,650,635,1312
67CONEWAGO2,118,3,97,1,8,131,54,3,262,7,444,11,50,874,218,459,444,874
67CROSSROADS,20,1,22,1,1,38,9,0,77,2,55,1,2,219,43,126,55,219
67DALLASTOWN1,68,0,92,1,5,45,28,5,177,3,272,12,42,495,160,261,272,495
67DALLASTOWN2,65,2,107,3,8,80,28,3,175,2,266,15,41,583,174,297,266,583
67DELTA,17,2,25,1,2,10,14,2,83,1,62,1,7,228,44,112,62,228
67DILLSBURG,99,4,98,5,11,157,81,3,263,13,354,10,51,780,201,520,354,780
67DOVER,72,2,74,2,6,68,21,4,185,9,229,4,31,566,148,286,229,566
67DOVER1,255,4,216,5,12,253,117,4,624,15,848,18,93,1939,475,1015,848,1939
67DOVER2,275,5,231,5,14,346,121,6,665,16,808,21,99,2139,511,1157,808,2139
67DOVER3,146,0,140,5,5,177,77,8,435,8,511,12,78,1405,286,707,511,1405
67DOVER4,150,0,147,1,6,124,79,4,341,9,491,12,65,1089,297,555,491,1089
67EASTHOPEWELL,76,4,106,3,4,109,57,2,313,8,285,10,37,1000,186,488,285,1000
67EASTMANCHESTER,292,4,244,7,17,313,161,3,624,6,968,16,104,2093,540,1125,968,2093
67EASTPROSPECT,27,0,28,1,1,35,17,1,102,3,81,3,21,289,55,157,81,289
67FAIRVIEW1,108,3,152,8,4,124,75,2,332,6,508,13,63,906,263,545,508,906
67FAIRVIEW2,223,2,180,9,9,251,224,3,550,4,827,21,62,1415,405,1046,827,1415
67FAIRVIEW3,367,6,248,3,16,338,227,14,880,16,1219,23,108,2264,621,1478,1219,2264
67FAIRVIEW4,151,3,134,5,4,220,123,9,445,10,540,11,59,1263,288,806,540,1263
67FAWN,58,3,86,2,10,117,49,3,440,4,229,9,38,1268,147,621,229,1268
67FAWNGROVE,10,0,18,0,2,15,18,1,43,1,59,1,12,158,28,79,59,158
67FELTON,3,0,24,1,0,27,6,3,76,3,28,5,7,173,27,113,28,173
67FRANKLIN,134,1,175,12,10,347,137,4,578,16,558,18,68,1742,310,1088,558,1742
67FRANKLINTOWN,11,4,15,0,2,43,11,0,68,3,53,2,14,187,30,124,53,187
67GLENROCK,77,2,97,1,5,58,35,2,206,6,301,12,27,632,176,307,301,632
67GOLDSBORO,35,0,42,2,0,42,34,2,105,0,121,3,22,291,77,185,121,291
67HALLAM,113,2,138,5,6,72,62,3,195,9,447,19,61,707,253,343,447,707
67HANOVER1,124,4,122,3,7,85,86,2,256,6,466,21,55,871,250,439,466,871
67HANOVER2,159,2,152,6,6,141,143,2,491,3,582,16,38,1223,313,789,582,1223
67HANOVER3,105,2,102,1,1,101,42,2,212,8,349,8,34,692,209,359,349,692
67HANOVER4,74,0,110,0,10,77,46,5,188,2,374,18,31,611,184,326,374,611
67HANOVER5,64,0,131,4,6,68,62,3,199,6,332,14,47,643,195,342,332,643
67HEIDELBERG,112,3,95,3,5,163,80,4,372,3,357,7,25,1145,210,627,357,1145
67HELLAM1,111,2,119,1,5,134,72,2,331,8,361,13,54,973,232,545,361,973
67HELLAM2,131,5,136,6,10,141,108,2,394,10,464,11,52,1174,272,661,464,1174
67HOPEWELL,207,8,215,4,9,231,141,6,751,14,710,17,77,2206,430,1142,710,2206
67JACKSON1,158,9,138,5,11,177,97,3,427,11,496,5,46,1343,305,720,496,1343
67JACKSON2,144,5,137,4,12,152,77,3,452,6,491,7,50,1334,286,700,491,1334
67JACOBUS,72,1,73,0,6,83,61,2,206,4,298,5,31,662,146,358,298,662
67JEFFERSON,38,0,34,2,0,20,15,0,77,2,81,2,6,236,72,114,81,236
67LEWISBERRY,9,2,14,0,1,21,6,1,44,2,46,0,8,114,25,73,46,114
67LOGANVILLE,52,2,60,2,9,52,40,2,132,3,180,3,21,419,114,237,180,419
67LOWERCHANCEFORD1,40,1,40,1,2,58,19,0,140,0,96,2,12,383,81,220,96,383
67LOWERCHANCEFORD2,35,2,44,1,7,66,24,0,191,5,121,2,18,585,81,289,121,585
67LOWERWINDSOR1,41,2,45,1,7,48,33,1,160,4,136,1,18,404,88,250,136,404
67LOWERWINDSOR2,82,4,102,1,6,112,71,4,293,6,311,12,19,876,188,487,311,876
67LOWERWINDSOR3,102,4,132,5,4,137,64,1,474,4,358,14,41,1350,238,685,358,1350
67MANCHESTER,108,6,149,1,3,80,53,0,195,5,372,6,40,686,263,332,372,686
67MANCHESTER1,101,1,104,0,5,71,34,0,162,2,350,11,24,520,206,272,350,520
67MANCHESTER2,139,3,132,1,4,95,56,3,275,9,483,12,29,828,274,434,483,828
67MANCHESTER3,132,3,157,5,6,141,66,2,324,4,636,8,58,1042,292,544,636,1042
67MANCHESTER4,128,3,84,3,2,113,94,3,276,6,389,6,30,784,215,491,389,784
67MANCHESTER5,172,1,148,7,6,153,120,10,378,5,646,6,70,1063,321,674,646,1063
67MANCHESTER6,164,1,131,4,10,142,146,8,399,5,614,12,57,1117,296,709,614,1117
67MANCHESTER7,147,1,103,0,6,104,74,2,201,5,539,5,38,642,251,387,539,642
67MANHEIM,95,2,115,3,7,205,76,5,474,8,380,11,60,1356,212,770,380,1356
67MONAGHAN,146,1,106,0,12,263,118,10,403,3,446,6,64,1061,253,806,446,1061
67MT.WOLF,103,1,92,1,2,37,35,1,89,1,237,9,24,358,196,165,237,358
67NEWBERRY1,212,2,180,6,13,321,137,5,710,13,704,20,88,2113,394,1192,704,2113
67NEWBERRY2,97,4,116,3,7,133,48,4,366,9,365,8,54,1112,217,561,365,1112
67NEWBERRY3,173,2,180,7,11,233,114,3,520,9,672,17,114,1469,355,888,672,1469
67NEWFREEDOM,201,6,235,2,15,205,202,6,533,9,836,26,104,1678,442,963,836,1678
67NEWSALEM,36,0,38,3,3,34,18,2,98,2,118,2,6,284,74,158,118,284
67NORTHCODORUS1,215,5,228,1,7,276,126,7,630,12,783,14,83,1997,448,1047,783,1997
67NORTHCODORUS2,132,2,95,2,18,172,81,6,389,6,331,8,37,1354,229,668,331,1354
67NORTHHOPEWELL,68,3,88,1,12,123,69,2,364,8,275,10,37,1100,159,571,275,1100
67NORTHYORK,76,0,70,0,2,32,21,1,101,3,324,6,29,348,146,157,324,348
67PARADISE,112,4,105,2,10,181,69,3,458,9,370,9,61,1329,221,723,370,1329
67PEACHBOTTOM,82,7,126,3,11,136,79,2,578,13,358,10,53,1757,215,809,358,1757
67PENN1,159,3,131,9,11,134,140,5,347,11,548,13,54,1205,293,646,548,1205
67PENN2,125,6,120,3,14,133,90,3,379,8,446,10,67,1347,251,622,446,1347
67PENN3,58,0,105,1,8,75,28,4,163,1,285,10,36,670,163,279,285,670
67PENN4,203,4,203,1,11,222,161,1,589,12,747,24,82,1913,410,985,747,1913
67RAILROAD,5,1,14,0,0,11,9,0,14,1,33,1,3,55,20,34,33,55
67REDLION1,43,1,60,0,4,38,28,0,146,5,171,3,28,415,104,216,171,415
67REDLION2,58,2,78,3,3,68,24,6,144,6,234,19,35,497,138,248,234,497
67REDLION3,72,3,127,2,5,95,42,1,198,5,313,15,58,679,202,343,313,679
67SEVENVALLEYS,11,0,23,1,0,20,12,0,56,2,44,0,13,150,34,89,44,150
67SHREWSBURY,153,2,168,4,7,170,103,7,436,2,615,10,48,1302,323,727,615,1302
67SHREWSBURY1,106,1,116,2,7,132,62,3,345,5,379,18,40,1010,223,551,379,1010
67SHREWSBURY2,190,6,186,3,13,174,119,8,538,11,733,13,78,1577,382,855,733,1577
67SPRINGETTSBURY1,141,1,95,1,7,56,34,2,112,2,441,8,25,322,237,212,441,322
67SPRINGETTSBURY2,241,3,217,3,10,176,136,4,445,14,883,11,76,1324,461,774,883,1324
67SPRINGETTSBURY3,273,5,213,8,10,137,178,7,408,11,991,21,89,1351,491,748,991,1351
67SPRINGETTSBURY4,251,2,244,2,5,125,127,4,355,7,924,15,50,1002,497,618,924,1002
67SPRINGETTSBURY5,112,0,97,5,6,53,69,5,150,1,358,5,27,429,209,288,358,429
67SPRINGETTSBURY6,123,0,118,2,8,69,68,4,168,4,469,5,25,498,241,319,469,498
67SPRINGETTSBURY7,133,3,97,1,3,66,63,2,187,4,429,8,44,533,233,322,429,533
67SPRINGETTSBURY8,239,3,185,8,8,157,137,5,393,4,776,12,82,1123,427,708,776,1123
67SPRINGFIELD,252,6,241,5,19,245,161,9,623,12,1017,24,76,1972,499,1062,1017,1972
67SPRINGGARDEN1,114,2,104,5,4,59,59,1,167,4,372,11,32,500,220,295,372,500
67SPRINGGARDEN2,90,2,110,2,6,51,43,3,110,6,396,13,46,372,202,215,396,372
67SPRINGGARDEN3,233,3,179,5,11,93,141,2,227,4,681,8,57,670,415,479,681,670
67SPRINGGARDEN4,210,1,215,5,10,113,192,5,363,8,880,29,76,989,426,688,880,989
67SPRINGGARDEN5,149,1,189,4,4,95,94,1,203,0,598,12,80,644,339,401,598,644
67SPRINGGROVE,96,4,95,4,1,83,42,2,182,1,278,7,33,681,195,314,278,681
67STEWARTSTOWN,85,2,97,2,3,86,48,3,230,7,289,3,39,699,184,372,289,699
67WARRINGTON,136,3,150,2,6,274,96,3,526,12,534,21,53,1742,289,907,534,1742
67WASHINGTON,80,2,83,5,11,189,58,3,336,9,251,2,24,1015,165,602,251,1015
67WELLSVILLE,9,0,10,0,0,14,3,0,34,0,38,4,2,99,19,51,38,99
67WESTMANCHESTER1,147,2,151,5,8,97,43,3,234,4,531,10,45,779,300,390,531,779
67WESTMANCHESTER2,287,5,278,4,13,252,162,5,619,11,989,16,87,1797,570,1055,989,1797
67WESTMANCHESTER3,202,3,180,7,8,160,93,2,446,8,632,9,54,1257,385,716,632,1257
67WESTMANCHESTER4,71,2,64,0,4,82,27,2,198,4,271,10,32,612,137,313,271,612
67WESTMANCHESTER5,287,10,211,5,12,172,136,8,479,11,970,19,61,1436,508,812,970,1436
67WESTMANHEIM,280,6,227,7,14,336,167,7,828,10,977,21,92,2797,513,1359,977,2797
67WESTYORK1,75,1,73,1,6,34,22,1,83,2,281,9,31,337,149,147,281,337
67WESTYORK2,94,3,105,2,2,51,17,0,112,4,500,11,46,427,202,184,500,427
67WINDSOR,23,1,44,3,2,41,9,1,91,2,99,0,19,310,68,147,99,310
67WINDSOR1,251,10,191,3,14,262,178,10,610,7,825,14,81,1810,452,1077,825,1810
67WINDSOR2,112,6,123,6,11,151,72,2,441,6,404,12,60,1250,241,683,404,1250
67WINDSOR3,147,5,156,3,4,203,89,2,431,13,573,16,71,1343,308,732,573,1343
67WINDSOR4,202,6,205,13,12,218,120,4,503,4,716,15,78,1533,413,870,716,1533
67WINTERSTOWN,19,3,24,1,4,22,9,0,62,1,64,3,7,234,46,98,64,234
67WRIGHTSVILLE1,25,0,14,2,2,18,6,1,47,0,77,2,8,172,39,76,77,172
67WRIGHTSVILLE2,35,1,26,1,3,13,16,0,67,0,103,4,13,186,62,100,103,186
67WRIGHTSVILLE3,31,0,37,0,5,41,19,0,73,4,113,2,12,249,68,138,113,249
67YOE,31,1,51,0,2,25,12,1,67,2,120,6,22,231,83,107,120,231
67YORK1,71,0,50,1,2,6,7,1,10,0,471,11,9,65,121,27,471,65
67YORK11,279,3,259,2,4,130,104,2,336,10,1223,29,66,961,541,578,1223,961
67YORK12,56,1,71,1,3,48,24,3,90,1,284,6,42,366,128,169,284,366
67YORK121,111,0,78,3,4,15,7,1,30,6,700,12,12,151,189,60,700,151
67YORK122,86,1,51,0,4,11,3,0,40,1,426,13,9,139,138,58,426,139
67YORK123,81,1,92,2,1,20,9,0,42,0,408,11,11,187,174,74,408,187
67YORK124,117,4,71,0,2,26,15,0,58,1,598,15,16,240,192,101,598,240
67YORK13,234,3,161,1,8,101,103,1,272,9,1157,19,63,940,398,486,1157,940
67YORK141,101,1,91,3,1,36,16,1,63,3,401,4,26,202,193,120,401,202
67YORK142,128,4,115,2,4,50,18,2,93,6,415,4,19,336,247,169,415,336
67YORK143,168,6,95,0,1,47,15,2,108,2,583,6,20,369,269,173,583,369
67YORK15,184,0,141,0,0,22,21,2,71,2,602,16,30,203,325,116,602,203
67YORK21,95,1,100,0,4,88,62,2,213,8,344,10,36,621,196,369,344,621
67YORK22,58,3,67,3,6,75,54,1,183,8,222,5,29,542,128,322,222,542
67YORK23,118,3,110,2,5,115,81,4,260,2,440,8,44,841,231,467,440,841
67YORK31,109,3,71,3,3,60,75,5,179,3,328,6,15,482,183,325,328,482
67YORK32,103,0,88,2,8,90,67,5,213,4,300,6,31,577,191,385,300,577
67YORK33,94,0,71,4,4,58,58,2,175,5,305,7,20,492,165,301,305,492
67YORK41,107,2,77,3,1,34,40,1,107,4,341,9,30,353,186,186,341,353
67YORK42,119,2,83,3,9,74,63,2,145,5,386,4,36,474,204,296,386,474
67YORK43,116,3,123,5,3,63,67,2,208,6,444,6,31,643,242,348,444,643
67YORK5,142,3,132,1,0,14,17,3,45,5,745,18,31,201,277,80,745,201
67YORK51,116,2,87,1,1,68,84,4,227,4,383,6,34,580,205,385,383,580
67YORK52,61,3,100,0,3,71,27,1,136,2,271,10,25,448,164,238,271,448
67YORK53,135,4,124,6,7,110,66,2,277,6,425,6,39,800,263,468,425,800
67YORK6,127,1,53,1,1,3,2,2,18,2,636,1,7,53,181,27,636,53
67YORK7,95,1,62,0,0,13,9,0,20,0,462,12,10,115,158,42,462,115
67YORK8,198,3,99,0,3,14,7,0,20,1,810,10,23,119,300,44,810,119
67YORK91,113,0,72,0,3,8,6,0,16,3,615,9,8,112,185,33,615,112
67YORK92,76,0,65,0,0,7,3,0,20,3,489,5,13,111,141,30,489,111
67YORKANA,9,0,12,3,1,9,1,0,24,0,25,3,5,86,21,38,25,86
67YORKHAVEN,18,1,22,0,1,15,7,2,48,0,63,4,10,146,41,73,63,146
6ALBANY,64,3,113,1,3,141,30,6,201,12,239,13,39,636,180,382,239,636
6ALSACE1,176,2,253,2,5,103,68,8,369,6,320,10,29,639,431,555,320,639
6AMITY1,54,3,69,0,4,43,36,1,129,0,221,7,15,418,126,213,221,418
6AMITY2,129,1,112,1,3,70,72,1,188,4,479,9,38,640,242,335,479,640
6AMITY3,116,7,123,1,3,79,55,5,186,3,411,13,42,637,246,329,411,637
6AMITY4,156,2,145,1,5,69,63,2,275,5,551,12,51,798,303,415,551,798
6AMITY5,86,1,79,0,3,53,52,4,160,5,357,9,32,538,166,272,357,538
6AMITY6,116,2,116,4,3,70,57,1,223,0,398,15,41,650,234,358,398,650
6BALLY1,50,2,71,1,0,49,26,1,78,3,153,7,28,319,123,155,153,319
6BECHTELSVILLE1,38,0,35,3,1,11,17,2,72,2,129,3,16,218,73,106,129,218
6BERN1,165,9,142,3,7,93,85,3,334,5,487,20,51,932,316,525,487,932
6BERN2,76,5,96,0,2,59,58,3,166,6,248,10,31,568,177,288,248,568
6BERN3,122,2,76,0,4,39,42,1,103,3,288,5,13,358,200,189,288,358
6BERNVILLE1,51,1,58,1,1,29,19,0,54,0,133,7,13,221,110,104,133,221
6BETHEL,75,8,91,2,8,206,51,1,393,9,233,4,27,1203,174,661,233,1203
6BIRDSBORO1,90,2,137,1,2,61,41,4,130,2,348,17,33,497,229,239,348,497
6BIRDSBORO2,137,1,173,2,5,83,49,1,217,9,524,23,47,717,311,357,524,717
6BOYERTOWN1,74,3,99,2,5,64,39,4,128,3,308,14,24,500,176,242,308,500
6BOYERTOWN2,81,0,103,1,3,49,11,3,123,3,285,9,39,487,184,190,285,487
6BRECKNOCK1,77,2,101,2,5,90,51,4,278,4,319,8,37,749,180,430,319,749
6BRECKNOCK2,124,1,151,2,10,113,88,5,301,10,434,19,37,930,276,519,434,930
6CAERNARVON1,57,1,98,0,4,95,46,6,178,6,300,8,36,648,156,329,300,648
6CAERNARVON2,69,0,91,5,5,103,61,2,185,5,374,6,46,668,160,361,374,668
6CENTERPORT1,22,1,24,0,0,18,6,1,34,4,41,2,10,108,47,59,41,108
6CENTRE1,94,2,124,2,5,104,29,2,242,3,303,8,31,815,220,384,303,815
6CENTRE2,76,3,89,0,1,57,31,1,217,8,232,13,21,670,168,307,232,670
6COLEBROOKDALE1,144,6,163,2,2,83,60,5,269,10,450,18,56,977,313,421,450,977
6COLEBROOKDALE2,84,6,115,1,3,55,39,2,151,6,327,9,34,556,205,251,327,556
6CUMRU1A(CONG6),0,0,0,0,0,0,0,0,0,6,566,14,34,732,0,0,566,732
6CUMRU1B(CONG16),143,4,166,3,3,86,81,3,259,0,0,0,0,0,313,435,0,0
6CUMRU2,105,2,125,1,3,62,82,3,245,3,405,11,40,684,232,396,405,684
6CUMRU3,123,2,123,3,2,74,51,1,200,3,385,13,37,630,248,331,385,630
6CUMRU4,190,2,166,5,5,46,82,2,245,1,655,18,31,652,358,385,655,652
6CUMRU5,118,1,129,3,3,84,53,3,238,4,412,15,46,685,248,384,412,685
6CUMRU6,110,3,108,3,2,40,58,10,143,2,392,10,22,439,221,256,392,439
6CUMRU7,140,3,127,0,1,41,19,1,118,3,467,10,25,435,270,180,467,435
6DOUGLASS1,111,3,90,1,3,37,41,0,178,4,322,7,25,545,204,260,322,545
6DOUGLASS2,45,3,72,0,2,79,34,1,201,2,204,10,24,672,120,317,204,672
6EARL1,94,4,82,1,0,48,27,3,168,1,240,9,23,506,180,247,240,506
6EARL2,64,7,95,2,0,61,18,3,173,2,222,10,22,546,166,257,222,546
6EXETER1,73,2,59,1,0,50,49,3,160,4,242,8,23,478,134,263,242,478
6EXETER10,106,2,103,3,1,67,50,4,167,5,389,14,25,566,211,292,389,566
6EXETER11,126,2,135,3,0,33,38,0,116,4,494,11,23,454,263,190,494,454
6EXETER2,91,1,92,3,0,41,19,1,153,4,320,9,20,556,184,217,320,556
6EXETER3,186,4,176,1,2,80,56,4,230,4,558,17,47,788,366,373,558,788
6EXETER4,182,3,208,6,2,88,80,2,279,4,629,13,43,843,393,457,629,843
6EXETER5,133,2,148,1,2,57,34,4,148,4,429,21,37,499,283,246,429,499
6EXETER6,177,3,152,2,1,93,114,5,228,5,623,8,44,739,332,443,623,739
6EXETER7,124,2,112,2,1,50,50,4,175,1,438,8,31,524,238,282,438,524
6EXETER8,172,5,176,2,2,91,89,1,287,7,699,7,35,995,353,472,699,995
6EXETER9,141,3,134,0,2,70,66,2,179,5,446,11,44,543,278,319,446,543
6FLEETWOOD1,86,2,130,2,6,63,38,1,124,2,338,8,46,508,218,234,338,508
6FLEETWOOD2,125,4,130,1,3,79,71,4,182,6,376,10,25,615,259,340,376,615
6GREENWICH1,85,5,108,5,1,101,46,2,180,11,268,6,22,568,198,335,268,568
6GREENWICH2,82,0,95,0,0,86,34,1,205,5,275,9,23,627,177,326,275,627
6HAMBURG1,107,3,149,1,2,89,40,2,209,5,343,8,40,682,259,343,343,682
6HAMBURG2,76,5,107,1,1,63,32,2,159,5,246,13,26,542,188,258,246,542
6HEIDELBERG1,72,0,72,2,3,70,60,2,181,1,231,6,26,576,144,318,231,576
6HEREFORD1,65,0,87,3,2,49,23,2,99,2,214,5,17,350,152,178,214,350
6HEREFORD2,58,2,95,2,2,68,38,1,127,4,262,15,29,455,155,238,262,455
6JEFFERSON1,100,1,133,0,2,81,63,2,248,7,314,10,35,798,234,396,314,798
6KENHORST1,98,3,128,1,1,35,19,3,110,6,326,11,23,360,229,169,326,360
6KENHORST2,78,2,74,1,1,20,16,0,86,2,251,8,23,285,154,124,251,285
6KUTZTOWN1,161,2,251,1,5,58,56,2,174,5,624,31,62,538,414,296,624,538
6KUTZTOWN2,77,1,140,1,0,41,34,2,70,4,346,15,33,297,218,148,346,297
6LAURELDALE1A(CONG6),146,2,166,3,2,45,22,0,111,4,501,16,25,405,314,183,501,405
6LAURELDALE1B(CONG16),4,0,4,0,0,0,1,0,1,1,14,0,0,6,8,2,14,6
6LAURELDALE2,105,1,113,0,2,26,19,3,103,7,322,9,22,353,219,153,322,353
6LEESPORT1,81,2,132,4,2,54,34,3,160,4,278,12,30,533,215,257,278,533
6LENHARTSVILLE1,3,0,7,0,0,9,3,0,22,0,18,0,6,58,10,34,18,58
6LONGSWAMP1,118,5,129,1,3,114,58,2,203,5,365,9,28,725,252,381,365,725
6LONGSWAMP2,117,3,175,1,8,100,49,5,242,9,418,17,38,848,295,405,418,848
6LOWERALSACE1,100,3,196,4,3,47,43,2,148,2,396,17,32,455,299,247,396,455
6LOWERALSACE2,163,1,242,3,2,48,37,2,197,3,607,37,44,696,406,289,607,696
6LOWERHEIDELBERG1,128,2,139,1,0,75,89,4,232,5,445,6,33,760,269,401,445,760
6LOWERHEIDELBERG2,89,1,67,0,0,49,66,0,163,0,258,7,19,457,157,278,258,457
6LOWERHEIDELBERG3,115,2,87,1,1,61,96,1,302,2,472,6,34,759,204,462,472,759
6LYONS1,31,0,37,0,0,14,2,1,30,1,70,4,9,91,68,47,70,91
6MAIDENCREEK1,110,3,123,1,3,70,20,0,203,8,357,15,28,690,236,297,357,690
6MAIDENCREEK2,124,3,109,2,0,71,48,0,198,1,350,3,30,622,236,319,350,622
6MAIDENCREEK3,154,2,132,8,3,94,73,8,219,7,549,15,38,767,288,405,549,767
6MAIDENCREEK4,113,2,120,1,0,70,56,3,178,6,411,8,38,642,235,308,411,642
6MARION1,53,2,44,0,3,54,71,3,180,2,191,3,18,540,99,311,191,540
6MAXATAWNY1,51,3,64,1,1,67,34,2,136,10,185,8,18,421,118,241,185,421
6MAXATAWNY2,28,0,41,0,0,25,21,3,50,2,105,5,13,142,69,99,105,142
6MAXATAWNY3,80,3,186,3,1,59,45,1,150,3,761,28,49,560,269,259,761,560
6MOHNTON1,135,5,199,1,5,78,100,3,271,5,586,19,55,868,339,458,586,868
6MT.PENN1,166,4,241,1,2,53,46,2,133,8,669,22,37,511,411,237,669,511
6MUHLENBERG1,108,1,107,2,0,16,8,0,75,5,372,12,14,240,216,101,372,240
6MUHLENBERG2,229,2,292,3,3,51,50,2,243,6,437,14,34,472,523,352,437,472
6MUHLENBERG3,164,0,148,2,1,39,66,2,183,4,430,9,20,556,312,293,430,556
6MUHLENBERG4,141,2,158,3,2,18,28,1,78,2,527,14,33,380,301,130,527,380
6MUHLENBERG5,157,3,160,1,1,39,17,0,106,5,546,10,31,489,320,164,546,489
6MUHLENBERG6,124,3,113,2,3,52,55,0,163,3,359,6,13,464,240,275,359,464
6MUHLENBERG7,199,3,175,0,2,36,56,2,168,2,586,4,27,619,377,264,586,619
6MUHLENBERG8,164,3,125,2,1,46,66,0,145,3,436,2,27,477,292,260,436,477
6MUHLENBERG9,123,5,138,2,5,55,45,1,164,3,426,8,36,552,266,272,426,552
6NEWMORGAN,1,0,1,0,0,0,1,0,4,0,4,0,0,10,2,5,4,10
6NORTHHEIDELBERG1,69,3,75,0,3,41,60,1,172,0,216,7,21,485,147,277,216,485
6OLEY1,99,2,103,1,3,70,53,2,155,5,277,9,25,577,204,284,277,577
6OLEY2,96,2,120,1,3,75,64,1,237,2,327,9,31,704,218,381,327,704
6ONTELAUNEE1,112,0,126,0,2,48,34,2,172,3,404,18,36,631,238,258,404,631
6PENN,87,2,130,1,5,107,57,4,284,4,307,11,21,840,219,458,307,840
6PERRY,110,4,152,2,8,99,32,1,307,2,272,11,41,901,266,449,272,901
6PIKE1,92,4,130,1,1,81,31,0,181,7,313,15,38,601,226,295,313,601
6READING101,101,2,66,1,1,12,0,1,17,3,571,10,11,105,169,32,571,105
6READING11,131,1,62,1,0,8,1,0,15,2,453,7,7,71,194,25,453,71
6READING112,108,0,56,1,0,3,0,0,14,1,531,3,4,72,164,18,531,72
6READING113,64,0,41,0,2,2,1,0,15,3,279,6,4,70,105,20,279,70
6READING121,69,0,25,0,0,2,0,0,5,1,338,4,0,39,94,7,338,39
6READING123,87,1,63,2,0,6,3,0,18,0,472,4,11,88,151,29,472,88
6READING125,60,0,24,0,1,4,1,0,1,1,239,3,3,28,84,7,239,28
6READING131,16,2,16,0,0,4,2,0,3,2,115,0,2,24,34,9,115,24
6READING132,62,0,41,0,0,7,1,1,10,0,395,4,5,63,103,19,395,63
6READING135,111,0,47,0,0,6,4,0,13,2,500,4,5,101,158,23,500,101
6READING141,109,0,96,0,1,8,3,1,16,1,428,10,10,79,205,29,428,79
6READING144,86,0,98,1,2,10,8,1,17,3,480,6,10,103,184,39,480,103
6READING145,101,1,67,0,1,10,3,0,19,2,394,1,3,111,169,33,394,111
6READING146,91,1,67,1,0,13,2,0,21,1,345,6,11,104,159,37,345,104
6READING151,106,0,66,0,1,5,3,0,15,3,434,9,6,64,172,24,434,64
6READING152,147,2,100,0,1,10,1,0,14,2,748,10,7,86,249,26,748,86
6READING156,119,1,62,0,0,9,2,1,7,5,511,6,7,82,182,19,511,82
6READING157,94,2,73,0,2,8,3,1,29,1,393,2,12,143,169,43,393,143
6READING161,86,0,98,0,0,22,7,0,23,2,448,17,16,137,184,52,448,137
6READING162,59,1,48,0,0,1,1,0,15,1,297,4,5,76,108,17,297,76
6READING164,107,2,61,2,1,15,8,1,33,2,444,5,12,134,170,60,444,134
6READING165,66,1,84,1,1,10,4,0,43,1,272,7,9,157,151,59,272,157
6READING171,81,0,50,0,0,8,1,2,13,0,426,3,11,65,131,24,426,65
6READING172,56,0,38,0,0,11,5,0,20,3,251,3,8,87,94,36,251,87
6READING175,137,3,128,1,1,12,7,0,47,0,566,16,10,198,268,68,566,198
6READING177,134,4,138,1,1,17,19,0,47,0,427,7,17,205,276,85,427,205
6READING178,145,0,102,1,1,32,23,1,53,2,660,16,15,227,247,111,660,227
6READING181,119,3,113,1,1,28,30,0,109,5,494,7,19,304,235,169,494,304
6READING182,128,0,117,0,0,12,7,1,71,3,466,8,13,259,245,91,466,259
6READING183,87,1,84,0,1,17,13,1,34,2,333,6,14,168,172,66,333,168
6READING184,139,1,85,0,1,11,11,0,31,1,613,9,8,163,225,54,613,163
6READING191,164,0,84,0,0,19,5,0,31,2,563,5,9,169,248,55,563,169
6READING192,113,2,68,0,0,6,1,0,21,0,455,3,5,89,183,28,455,89
6READING21,93,0,44,1,0,5,2,1,4,2,327,3,1,39,137,13,327,39
6READING31,149,1,46,0,1,6,2,1,6,2,616,5,9,66,196,16,616,66
6READING32,92,1,56,0,3,11,5,0,9,4,457,2,8,76,149,28,457,76
6READING41,78,0,33,0,0,6,3,1,10,0,331,2,6,51,111,20,331,51
6READING5,42,0,25,0,0,5,1,2,4,2,203,2,4,38,67,12,203,38
6READING61,58,0,39,0,0,3,0,0,6,0,343,1,1,40,97,9,343,40
6READING63,231,3,96,0,0,4,3,0,9,1,854,8,6,81,330,16,854,81
6READING7,80,0,50,0,0,3,2,0,11,0,449,4,3,99,130,16,449,99
6READING8,142,1,77,0,1,11,7,0,20,4,550,5,8,107,220,39,550,107
6READING92,62,0,43,0,1,2,0,0,6,3,360,2,5,50,105,9,360,50
6READING95,88,2,47,1,0,9,6,0,14,1,358,5,9,88,137,30,358,88
6RICHMOND1,144,8,185,4,6,129,52,1,253,12,469,17,32,934,337,445,469,934
6ROBESON1,68,3,100,3,1,138,55,3,218,4,264,9,26,708,171,418,264,708
6ROBESON2,51,6,96,1,2,54,28,0,162,2,240,9,26,501,153,247,240,501
6ROBESON3,73,3,95,4,5,129,38,4,203,7,258,13,24,770,171,383,258,770
6ROBESON4,66,1,103,1,3,88,55,0,174,2,257,12,24,591,170,321,257,591
6ROBESONIA1,111,1,114,3,3,50,36,3,174,12,342,5,29,580,226,269,342,580
6ROCKLAND1,88,1,120,0,0,103,59,6,199,4,330,11,30,672,209,367,330,672
6ROCKLAND2,85,3,109,2,2,72,50,2,193,7,319,8,29,595,197,321,319,595
6RUSCOMBMANOR1,72,5,89,2,2,81,44,1,174,2,246,12,14,572,166,304,246,572
6RUSCOMBMANOR2,111,2,156,2,2,78,57,3,271,5,406,12,36,865,269,413,406,865
6SHILLINGTON1,138,3,220,4,2,70,69,8,198,4,622,15,56,659,361,351,622,659
6SHILLINGTON2,160,1,174,3,3,44,63,2,197,7,576,23,56,600,335,312,576,600
6SHOEMAKERSVILLE1,54,2,92,0,1,43,20,3,126,2,179,4,30,410,148,193,179,410
6SINKINGSPRING1,92,2,80,1,0,51,30,1,133,4,425,13,33,454,174,216,425,454
6SINKINGSPRING2,79,1,97,3,0,29,53,1,164,3,338,8,27,452,177,250,338,452
6SOUTHHEIDELBERG1,104,0,128,3,3,90,75,5,234,4,389,14,32,722,232,410,389,722
6SOUTHHEIDELBERG2,187,3,202,1,1,119,73,6,298,6,544,8,43,831,392,498,544,831
6SOUTHHEIDELBERG3,113,2,82,1,2,55,49,1,172,5,403,9,56,707,197,280,403,707
6SPRING1,115,1,108,2,2,56,70,5,206,7,448,6,31,599,224,341,448,599
6SPRING10,113,2,148,0,3,46,66,2,147,7,586,8,38,559,263,264,586,559
6SPRING11,121,2,120,1,1,88,75,5,191,4,418,11,36,605,243,361,418,605
6SPRING12,99,4,111,2,3,73,43,4,251,5,329,11,27,728,214,376,329,728
6SPRING2,131,1,142,3,5,52,42,3,136,5,526,20,48,535,274,241,526,535
6SPRING3,121,9,127,3,2,53,56,5,165,3,406,20,42,524,257,284,406,524
6SPRING4,153,4,160,4,6,57,65,2,156,9,605,13,40,554,317,290,605,554
6SPRING5,178,1,139,1,2,97,139,6,220,6,543,14,35,701,318,465,543,701
6SPRING6,132,2,118,2,4,70,79,3,179,5,490,4,33,564,252,337,490,564
6SPRING7,106,3,113,1,3,66,94,1,177,1,426,6,29,455,222,342,426,455
6SPRING8,195,1,191,4,2,90,178,1,331,1,480,5,24,575,387,606,480,575
6SPRING9,85,3,129,3,2,34,31,4,98,0,345,11,30,393,217,172,345,393
6ST.LAWRENCE,115,2,110,0,1,36,29,1,142,1,370,8,30,463,227,209,370,463
6TILDEN,136,2,160,1,7,113,48,3,349,9,400,9,42,1100,298,521,400,1100
6TOPTON,125,1,177,1,2,63,40,0,176,2,379,14,38,547,303,282,379,547
6TULPEHOCKEN1,37,2,58,1,5,128,46,0,203,6,154,8,30,657,97,383,154,657
6TULPEHOCKEN2,15,3,22,0,4,38,21,0,78,1,45,2,11,241,40,141,45,241
6UNION1,136,0,164,2,4,70,67,8,270,8,451,19,36,875,300,421,451,875
6UNION2,31,0,68,3,1,52,32,2,86,1,143,6,12,311,99,176,143,311
6UPPERBERN1,71,4,82,1,5,67,34,0,238,6,186,5,14,647,157,345,186,647
6UPPERTULPEHOCKEN1,37,6,83,2,2,65,32,3,205,6,167,9,13,650,126,309,167,650
6WASHINGTON1,159,0,208,3,8,186,91,0,397,6,344,13,27,674,367,685,344,674
6WERNERSVILLE1,165,3,155,8,2,78,69,4,204,7,522,19,38,731,323,365,522,731
6WESTREADING1,95,1,193,2,4,31,19,2,60,6,501,14,36,270,289,118,501,270
6WESTREADING3,139,3,176,1,2,32,23,1,81,3,501,17,32,327,318,140,501,327
6WINDSOR1,104,2,108,2,2,92,67,2,285,13,317,12,43,925,214,450,317,925
6WOMELSDORF1,129,4,182,3,6,76,45,2,242,9,425,15,54,787,315,374,425,787
6WYOMISSING1,183,3,182,4,1,63,119,3,208,3,726,14,30,583,368,398,726,583
6WYOMISSING2,122,1,155,0,1,51,69,0,160,5,496,6,27,500,278,281,496,500
6WYOMISSING3,114,1,55,5,4,46,123,7,180,4,383,3,15,490,170,365,383,490
6WYOMISSING4,172,1,137,2,4,49,203,2,239,3,642,11,46,640,310,499,642,640
6WYOMISSING5,223,6,172,1,9,80,136,1,269,9,686,18,44,764,401,496,686,764
7ALLEGHENY1,73,4,90,2,6,118,56,3,280,5,252,6,26,854,167,465,252,854
7ALLEGHENY2,82,3,65,0,2,118,65,1,291,1,222,5,20,813,150,477,222,813
7ALLEGHENY3,13,2,21,2,3,24,18,0,43,3,69,3,4,144,36,90,69,144
7ALLEGHENY4,34,3,45,1,1,37,23,1,156,0,117,2,6,396,82,219,117,396
7ALTOONA1,51,0,32,1,0,19,5,0,68,4,168,4,6,228,83,93,168,228
7ALTOONA101,61,3,66,0,5,36,19,2,134,7,239,14,15,503,130,196,239,503
7ALTOONA102,64,3,90,0,1,65,34,3,187,2,233,8,32,514,157,290,233,514
7ALTOONA111,84,4,105,2,5,52,34,2,148,2,265,7,26,522,193,243,265,522
7ALTOONA112,70,2,84,5,3,76,42,7,174,4,281,6,21,472,156,307,281,472
7ALTOONA121,48,0,41,0,2,56,16,3,86,2,158,5,11,299,89,163,158,299
7ALTOONA122,33,1,28,2,1,31,15,0,78,3,99,2,7,220,62,127,99,220
7ALTOONA123,23,1,42,0,0,31,14,1,67,1,105,5,8,210,66,113,105,210
7ALTOONA124,52,0,62,3,2,55,18,1,119,7,158,0,6,327,114,198,158,327
7ALTOONA131,59,2,77,3,3,53,22,3,178,1,186,4,18,510,138,262,186,510
7ALTOONA132,42,0,65,1,2,37,23,2,105,0,156,6,18,357,107,170,156,357
7ALTOONA133,53,3,59,1,3,38,20,2,106,2,165,3,22,310,115,170,165,310
7ALTOONA134,41,0,51,1,5,18,24,3,59,3,220,5,19,214,92,110,220,214
7ALTOONA141,67,0,84,3,6,76,59,4,196,3,248,7,15,547,151,344,248,547
7ALTOONA142,83,5,85,5,2,84,47,4,177,4,272,4,22,534,173,319,272,534
7ALTOONA143,74,2,80,4,4,78,56,1,172,1,272,3,24,479,156,315,272,479
7ALTOONA21,17,1,29,0,0,8,1,1,32,1,89,5,6,106,47,42,89,106
7ALTOONA22,47,2,54,0,3,27,14,0,91,1,154,2,12,310,103,135,154,310
7ALTOONA31,51,1,38,1,0,18,11,0,58,2,151,4,7,194,90,88,151,194
7ALTOONA32,54,2,63,0,2,28,14,2,112,1,183,4,12,338,119,158,183,338
7ALTOONA41,38,2,55,0,2,29,7,1,52,3,152,0,15,233,95,91,152,233
7ALTOONA42,48,1,51,3,1,40,26,5,124,0,148,5,12,351,100,199,148,351
7ALTOONA51,9,1,18,0,0,4,0,0,12,1,41,3,2,42,28,16,41,42
7ALTOONA52,55,1,54,2,2,28,7,2,71,1,151,4,14,250,110,112,151,250
7ALTOONA53,39,2,44,0,1,25,8,0,64,2,111,1,9,239,85,98,111,239
7ALTOONA61,52,3,73,3,2,58,22,4,77,3,198,6,17,346,128,166,198,346
7ALTOONA62,56,1,63,2,0,41,20,1,104,1,221,17,15,364,120,168,221,364
7ALTOONA63,55,2,58,5,3,32,37,3,136,2,229,3,10,363,115,216,229,363
7ALTOONA64,48,2,49,1,2,48,21,5,177,6,184,5,10,456,99,254,184,456
7ALTOONA7,39,3,59,0,1,18,11,1,79,1,143,6,15,289,101,110,143,289
7ALTOONA81,41,0,30,0,3,24,4,1,52,2,133,7,9,213,71,84,133,213
7ALTOONA82,39,1,42,4,5,23,14,3,71,2,129,2,11,247,82,120,129,247
7ALTOONA9,42,1,66,1,1,32,18,2,94,3,149,8,10,300,109,148,149,300
7ANTIS1,71,1,68,3,2,146,69,3,357,3,238,2,31,1058,140,580,238,1058
7ANTIS2,43,1,62,1,4,81,53,2,224,4,204,9,14,641,106,365,204,641
7ANTIS3,59,2,62,3,5,95,34,2,295,5,194,6,21,800,123,434,194,800
7BELLWOOD,34,2,70,4,2,65,35,3,199,5,143,1,25,606,106,308,143,606
7BLAIR1,74,2,74,2,7,96,72,2,203,8,241,5,10,613,150,382,241,613
7BLAIR2,55,2,77,1,8,93,51,3,213,3,243,3,21,625,134,369,243,625
7BLAIR3,34,1,35,1,3,79,29,2,188,1,128,1,11,560,70,302,128,560
7CATHARINE,15,3,20,1,4,51,14,0,111,1,51,2,7,294,38,181,51,294
7DUNCANSVILLE,51,0,45,2,3,59,32,4,134,5,166,4,10,430,96,234,166,430
7FRANKSTOWN1,44,1,41,2,0,106,33,2,241,1,164,1,24,702,86,384,164,702
7FRANKSTOWN2,79,3,66,1,2,82,117,5,271,2,238,3,20,545,148,478,238,545
7FRANKSTOWN3,55,2,44,0,5,99,91,3,263,4,214,2,26,690,101,461,214,690
7FRANKSTOWN4,58,1,53,0,2,56,28,3,153,2,223,8,21,463,112,242,223,463
7FRANKSTOWN5,56,2,73,1,7,108,59,0,245,6,219,0,25,746,131,420,219,746
7FREEDOM1,32,2,39,1,3,60,14,3,162,1,81,3,6,460,73,243,81,460
7FREEDOM2,45,1,49,0,3,108,24,4,247,3,124,9,9,767,95,386,124,767
7GREENFIELD1,35,1,20,0,5,66,18,4,148,0,114,2,8,492,56,241,114,492
7GREENFIELD2,4,0,4,0,1,14,0,0,16,0,11,0,0,70,8,31,11,70
7GREENFIELD3,36,2,48,2,2,52,24,2,220,3,141,5,14,602,86,302,141,602
7HOLLIDAYSBURG1,17,0,26,3,1,19,19,1,48,3,75,5,10,172,43,91,75,172
7HOLLIDAYSBURG2,47,2,36,1,2,35,45,1,66,1,168,3,6,198,85,150,168,198
7HOLLIDAYSBURG3,19,0,20,1,2,8,4,0,45,1,86,1,8,127,39,60,86,127
7HOLLIDAYSBURG4,44,1,59,2,3,33,38,1,103,0,149,8,6,253,104,180,149,253
7HOLLIDAYSBURG5,39,0,32,2,7,48,25,3,84,1,117,0,15,238,71,169,117,238
7HOLLIDAYSBURG6,51,1,45,1,5,55,38,2,131,2,176,3,8,403,97,232,176,403
7HOLLIDAYSBURG7,23,1,26,2,2,34,27,3,118,2,107,2,5,234,50,186,107,234
7HUSTON,17,1,23,1,2,125,15,2,155,2,68,5,7,531,41,300,68,531
7JUNIATA,20,0,22,2,3,73,6,2,151,1,65,1,13,451,42,237,65,451
7LOGAN1,38,2,43,2,5,48,35,2,132,6,279,4,31,676,83,224,279,676
7LOGAN2,86,4,82,4,2,103,53,4,284,7,303,5,29,793,172,450,303,793
7LOGAN3,50,2,51,2,5,61,35,1,189,4,144,0,15,447,103,293,144,447
7LOGAN4,70,0,66,0,2,76,40,1,207,2,201,4,14,599,136,326,201,599
7LOGAN5,65,1,64,0,6,72,41,1,236,3,212,1,28,631,130,356,212,631
7LOGAN6,81,1,97,1,2,107,48,1,265,4,282,1,28,804,179,424,282,804
7LOGAN7,27,3,37,2,1,43,19,1,115,1,97,1,11,287,67,181,97,287
7MARTINSBURG1,20,1,13,1,3,60,27,0,119,2,65,1,10,328,34,210,65,328
7MARTINSBURG2,23,1,26,2,2,90,26,2,119,3,99,1,6,415,50,241,99,415
7NEWRY,11,0,11,0,0,3,2,0,17,0,22,0,3,63,22,22,22,63
7NORTHWOODBURY,49,3,34,4,6,194,71,6,328,4,153,6,20,952,86,609,153,952
7ROARINGSPRING1,9,0,10,2,3,28,10,2,54,1,40,2,4,195,19,99,40,195
7ROARINGSPRING2,26,1,38,5,3,53,36,2,124,3,88,1,15,354,65,223,88,354
7ROARINGSPRING3,27,1,15,0,4,39,23,2,89,5,75,0,12,264,43,157,75,264
7SNYDER1,32,1,49,3,5,63,20,1,161,3,116,1,9,483,82,253,116,483
7SNYDER2,38,2,52,2,2,61,51,1,266,1,133,7,11,729,92,383,133,729
7TAYLOR,45,5,52,5,12,184,58,5,326,5,173,6,22,984,102,590,173,984
7TYRONE1,46,1,45,1,1,86,48,1,243,0,157,1,22,644,92,380,157,644
7TYRONE2,50,1,49,1,2,59,30,2,186,1,168,3,16,548,100,280,168,548
7TYRONE3,19,2,23,2,1,17,9,2,49,2,79,2,6,167,44,80,79,167
7TYRONE4,13,1,13,0,0,18,4,2,28,0,38,1,8,134,27,52,38,134
7TYRONE5,11,0,15,1,1,19,14,1,54,1,48,4,4,174,26,90,48,174
7TYRONE6,44,0,25,3,2,47,36,2,148,1,113,1,12,352,69,238,113,352
7TYRONE7,28,3,29,1,2,22,16,1,89,2,74,2,6,272,60,131,74,272
7WILLIAMSBURG,41,0,39,2,2,57,16,2,152,4,108,3,6,413,80,231,108,413
7WOODBURY,22,0,25,2,3,102,25,3,177,0,92,5,15,562,47,312,92,562
8ALBA,2,0,3,0,1,6,5,0,29,0,7,0,3,57,5,41,7,57
8ALBANY,29,2,30,2,2,38,24,1,107,1,80,0,14,309,61,174,80,309
8ARMENIA,8,0,5,0,1,3,1,0,39,1,12,1,0,85,13,44,12,85
8ASYLUM,42,1,27,2,4,35,17,3,159,4,112,1,17,331,70,220,112,331
8ATHENS1,102,0,82,3,3,69,92,2,244,7,358,5,33,724,184,413,358,724
8ATHENS2,141,0,122,6,10,97,109,4,298,14,523,6,45,853,263,524,523,853
8ATHENS3,44,2,26,2,2,19,8,0,66,3,115,1,10,214,72,97,115,214
8ATHENS4,51,0,41,0,0,36,25,3,80,3,164,2,15,245,92,144,164,245
8BURLINGTON,19,1,25,2,3,43,25,2,120,2,80,2,8,276,45,195,80,276
8CANTON,71,1,96,5,14,168,89,9,366,9,261,7,44,1100,168,651,261,1100
8COLUMBIA,29,1,27,1,3,65,28,1,121,1,97,5,19,371,57,219,97,371
8FRANKLIN,11,2,14,0,2,24,12,1,73,1,50,1,11,197,27,112,50,197
8GRANVILLE,26,0,20,0,1,44,28,1,101,1,66,1,13,315,46,175,66,315
8HERRICK,6,2,25,0,1,41,22,1,118,3,55,1,11,281,33,183,55,281
8LERAYSVILLE,5,0,8,1,0,6,8,3,29,1,26,0,6,77,13,47,26,77
8LEROY,13,2,28,1,1,28,25,1,111,4,51,1,12,251,43,167,51,251
8LITCHFIELD,31,1,49,2,4,54,24,1,137,7,111,4,27,478,81,222,111,478
8MONROE,41,1,33,0,5,58,38,3,209,2,148,2,26,467,75,313,148,467
8NEWALBANY,7,0,7,0,3,5,3,1,23,1,18,2,9,62,14,35,18,62
8NORTHTOWANDA,40,1,23,3,2,52,35,3,96,4,129,3,16,267,64,191,129,267
8ORWELL,19,2,36,2,5,59,35,3,184,0,102,2,15,423,57,288,102,423
8OVERTON,6,0,18,1,0,6,3,0,35,2,22,1,1,84,24,45,22,84
8PIKE,14,0,18,0,3,29,21,2,61,4,47,3,30,187,32,116,47,187
8RIDGEBURY,46,3,53,3,4,67,44,3,189,4,197,2,40,619,102,310,197,619
8ROME,26,1,31,1,4,73,42,2,168,7,97,1,21,483,58,290,97,483
8SAYRE1,52,1,44,1,3,13,11,2,48,3,151,0,15,160,97,78,151,160
8SAYRE2,126,1,106,3,2,52,60,4,183,9,414,10,41,519,233,304,414,519
8SAYRE3,16,1,32,0,0,15,3,0,37,3,79,0,8,118,49,55,79,118
8SAYRE4,75,0,63,1,1,21,28,0,91,4,245,4,26,292,138,142,245,292
8SAYRE5,10,1,13,0,0,6,1,0,12,2,29,2,8,72,24,19,29,72
8SHESHEQUIN,30,1,27,1,5,62,41,6,154,1,97,2,9,450,58,269,97,450
8SMITHFIELD,23,0,40,0,5,93,33,1,195,3,140,3,19,553,63,327,140,553
8SOUTHCREEK,21,3,31,1,4,55,33,1,146,2,90,3,17,431,55,240,90,431
8SOUTHWAVERLY,55,1,52,2,3,39,35,1,83,3,189,4,19,286,108,163,189,286
8SPRINGFIELD,38,0,31,4,2,73,42,3,131,2,119,3,28,418,69,255,119,418
8STANDINGSTONE,18,1,15,4,2,28,14,0,71,3,66,8,8,203,34,119,66,203
8STEVENS,10,1,14,0,1,32,9,1,74,2,35,0,6,159,25,117,35,159
8SYLVANIA,3,0,7,1,0,8,6,0,22,0,18,1,1,63,10,37,18,63
8TERRY,22,3,22,0,2,32,12,0,129,2,64,3,13,283,47,175,64,283
8TOWANDA,27,0,34,3,0,23,17,1,102,2,124,1,6,259,61,146,124,259
8TOWANDA1,6,1,26,0,0,21,12,0,56,1,66,2,11,161,33,89,66,161
8TOWANDA2,32,1,23,1,2,28,21,1,68,4,102,1,13,168,56,121,102,168
8TOWANDA3,50,0,40,2,1,58,47,5,114,2,165,5,20,278,90,227,165,278
8TROY,89,5,85,9,9,133,112,3,369,7,318,7,21,892,179,635,318,892
8TUSCARORA,24,2,47,1,1,61,12,1,161,1,86,2,12,411,73,237,86,411
8ULSTER,40,1,30,2,1,42,26,1,132,2,118,3,13,405,71,204,118,405
8WARREN,16,1,22,1,7,83,26,1,115,2,65,2,17,397,39,233,65,397
8WELLS,27,0,23,0,3,44,25,1,146,0,97,7,14,432,50,219,97,432
8WESTBURLINGTON,14,1,15,0,2,36,19,2,65,4,50,3,6,165,30,124,50,165
8WILMOT,26,3,37,0,2,39,28,3,163,2,99,2,10,406,66,235,99,406
8WINDHAM,23,0,27,2,0,50,22,0,128,10,82,3,14,299,50,202,82,299
8WYALUSING,54,0,51,2,5,90,64,3,276,3,182,0,21,605,105,440,182,605
8WYSOX,53,1,35,1,0,53,53,0,231,3,151,2,22,500,89,338,151,500
9BEDMINSTEREAST,108,1,112,2,8,108,108,3,298,10,773,19,62,1226,221,527,773,1226
9BEDMINSTERWEST,222,2,219,7,4,211,192,9,462,10,795,16,58,1145,443,885,795,1145
9BENSALEMLOWEREAST1,203,2,150,0,2,41,60,2,192,3,811,11,26,526,355,297,811,526
9BENSALEMLOWEREAST2,173,1,147,2,7,45,56,4,194,1,710,9,25,569,321,308,710,569
9BENSALEMLOWEREAST3,132,3,118,1,2,55,28,1,147,3,707,10,29,494,253,234,707,494
9BENSALEMLOWEREAST4,74,1,76,1,4,15,12,1,66,1,392,5,10,215,151,99,392,215
9BENSALEMLOWEREAST5,179,3,154,5,9,94,84,4,320,6,735,11,35,908,336,516,735,908
9BENSALEMLOWEREAST6,150,3,76,2,2,33,39,0,161,2,498,8,14,466,229,237,498,466
9BENSALEMLOWEREAST7,172,0,109,2,2,32,44,1,184,2,742,10,23,491,281,265,742,491
9BENSALEMLOWEREAST8,106,1,84,1,3,28,50,1,108,1,386,3,20,315,191,191,386,315
9BENSALEMLOWERMIDDLE1,121,2,84,1,3,43,46,4,159,4,402,12,12,437,207,256,402,437
9BENSALEMLOWERMIDDLE2,72,3,72,0,5,28,20,2,174,2,283,10,15,408,147,229,283,408
9BENSALEMLOWERMIDDLE3,156,4,144,2,3,63,56,3,330,5,603,6,20,794,304,457,603,794
9BENSALEMLOWERMIDDLE4,60,0,90,0,1,29,13,2,82,2,435,15,18,271,150,127,435,271
9BENSALEMLOWERMIDDLE5,139,3,42,0,3,20,11,0,61,7,615,3,15,287,184,95,615,287
9BENSALEMLOWERWEST,158,3,113,2,1,40,25,1,138,4,496,12,18,416,274,207,496,416
9BENSALEMUPPER1,344,10,272,10,7,125,117,9,517,6,606,12,22,830,626,785,606,830
9BENSALEMUPPER11,224,4,134,1,4,59,76,4,249,1,793,13,18,620,362,393,793,620
9BENSALEMUPPER12,127,2,68,1,3,29,38,3,123,1,507,10,15,373,197,197,507,373
9BENSALEMUPPER2,67,1,67,0,2,18,26,0,86,2,314,9,8,258,135,132,314,258
9BENSALEMUPPER3,217,3,89,0,2,23,10,0,51,1,638,4,13,216,309,86,638,216
9BENSALEMUPPER4,123,0,85,2,1,30,30,0,138,3,472,4,17,303,208,201,472,303
9BENSALEMUPPER5,122,1,104,3,4,39,25,0,139,5,593,7,17,494,227,210,593,494
9BENSALEMUPPER6,161,4,92,2,2,29,47,2,95,1,448,9,18,300,257,177,448,300
9BENSALEMUPPER7,112,3,96,0,3,24,27,5,140,6,416,14,23,382,211,199,416,382
9BENSALEMUPPER8,116,2,113,1,4,25,34,0,119,2,483,11,17,358,231,183,483,358
9BENSALEMUPPER9,201,1,117,4,6,52,68,5,182,8,649,12,18,495,319,317,649,495
9BENSALEMUPPERWEST,131,2,111,2,4,42,35,3,237,5,442,7,18,555,244,323,442,555
9BRIDGETON,71,2,124,2,1,32,34,1,125,5,337,13,22,395,197,195,337,395
9BRISTOL101,107,4,110,2,0,31,18,1,74,6,331,6,20,325,221,126,331,325
9BRISTOL102,135,8,104,0,4,15,16,1,67,3,372,5,20,293,247,103,372,293
9BRISTOL103,99,0,83,1,2,24,15,1,48,0,286,11,15,292,182,91,286,292
9BRISTOL11,152,7,128,0,3,32,25,4,157,4,429,13,29,546,287,221,429,546
9BRISTOL111,176,11,149,3,3,25,21,1,129,4,490,4,23,495,336,182,490,495
9BRISTOL112,217,8,127,1,3,30,18,1,137,3,527,8,25,443,352,190,527,443
9BRISTOL12,94,2,96,0,0,18,9,2,97,1,305,6,19,325,192,126,305,325
9BRISTOL13,113,8,110,0,0,25,16,2,117,4,338,10,19,394,231,160,338,394
9BRISTOL21,106,5,112,1,4,21,23,2,83,11,502,8,24,327,223,134,502,327
9BRISTOL22,81,1,73,0,1,17,8,1,45,4,257,4,12,203,155,72,257,203
9BRISTOL23,142,3,64,1,0,25,9,1,56,2,435,10,24,236,209,92,435,236
9BRISTOL31,190,2,58,1,1,13,8,1,48,5,450,11,10,187,250,72,450,187
9BRISTOL32,121,1,115,1,1,17,18,5,67,2,459,4,17,321,237,109,459,321
9BRISTOL33,115,2,75,0,2,20,9,0,54,3,292,5,21,248,192,85,292,248
9BRISTOL41,166,2,162,1,1,12,18,1,144,5,630,18,35,469,330,177,630,469
9BRISTOL42,199,7,118,0,1,30,19,0,81,1,636,5,20,327,324,131,636,327
9BRISTOL43,105,6,91,1,0,25,14,1,83,1,360,6,12,336,202,124,360,336
9BRISTOL51,135,4,123,0,0,24,27,0,104,4,444,5,17,359,262,155,444,359
9BRISTOL52,197,4,94,1,0,9,3,0,38,6,745,5,12,182,295,51,745,182
9BRISTOL61,101,7,85,4,0,22,10,1,70,5,328,9,16,295,193,107,328,295
9BRISTOL62,133,1,95,0,0,31,6,0,71,2,396,3,31,309,229,108,396,309
9BRISTOL63,78,2,54,1,0,13,9,1,39,5,226,5,11,213,134,63,226,213
9BRISTOL71,151,3,130,1,3,28,17,3,103,5,438,15,32,413,284,155,438,413
9BRISTOL72,162,6,135,1,3,16,12,2,80,0,517,5,13,359,303,114,517,359
9BRISTOL81,172,6,141,2,1,36,17,0,125,10,510,10,31,469,319,181,510,469
9BRISTOL82,186,4,117,1,2,48,36,3,114,4,559,9,26,500,307,204,559,500
9BRISTOL91,173,9,160,1,4,34,13,1,127,6,547,10,27,543,342,180,547,543
9BRISTOL92,173,6,185,4,2,38,31,1,141,3,558,12,23,554,364,217,558,554
9BRISTOL93,183,5,137,1,4,41,35,0,123,3,625,13,23,491,325,204,625,491
9BRISTOLEAST1,208,5,170,2,2,15,13,1,82,4,453,4,14,330,383,115,453,330
9BRISTOLEAST2,165,6,124,2,2,21,9,1,58,4,374,6,25,309,295,93,374,309
9BRISTOLNORTH1,149,2,96,0,0,9,4,3,10,3,385,5,13,131,247,26,385,131
9BRISTOLNORTH2,105,6,77,0,1,10,5,1,32,4,304,8,12,165,188,49,304,165
9BRISTOLSOUTH1,69,2,56,0,0,11,9,0,17,2,191,4,14,152,127,37,191,152
9BRISTOLSOUTH2,99,1,86,0,0,5,4,0,23,1,299,5,14,136,186,32,299,136
9BRISTOLSOUTH3,66,1,38,0,0,1,2,0,15,1,168,5,5,88,105,18,168,88
9BRISTOLWEST1,65,0,44,0,1,5,5,1,9,3,181,3,10,81,109,21,181,81
9BRISTOLWEST2,115,7,64,0,0,9,4,0,40,3,297,1,9,189,186,53,297,189
9BRISTOLWEST3,72,3,52,0,1,3,5,0,19,2,251,9,13,119,127,28,251,119
9BUCKINGHAMLOWER1,265,5,160,4,3,82,162,5,344,6,1025,13,53,1130,430,600,1025,1130
9BUCKINGHAMLOWER2,194,3,109,4,1,87,106,2,289,3,558,4,22,693,306,489,558,693
9BUCKINGHAMMIDDLE1,233,1,161,2,4,77,135,7,251,1,878,11,45,859,395,476,878,859
9BUCKINGHAMMIDDLE2,149,0,109,2,0,59,87,2,183,2,541,11,36,543,258,333,541,543
9BUCKINGHAMUPPER1,239,4,129,3,4,108,176,8,252,5,888,10,50,836,372,551,888,836
9BUCKINGHAMUPPER2,204,1,122,5,2,107,172,4,295,2,860,5,58,938,327,585,860,938
9BUCKINGHAMUPPER3,126,0,86,1,2,62,103,5,168,6,581,7,31,622,212,341,581,622
9BUCKINGHAMUPPER4,164,0,98,5,1,77,140,4,221,3,637,7,37,707,262,448,637,707
9CHALFONT,294,2,229,7,4,124,166,8,311,9,1185,21,63,1068,525,620,1185,1068
9DOYLESTOWN1,150,1,141,2,2,66,132,4,158,7,701,12,43,521,292,364,701,521
9DOYLESTOWN11,162,2,130,0,1,35,57,4,116,0,518,8,20,315,294,213,518,315
9DOYLESTOWN12,166,2,134,3,1,33,82,1,73,3,557,16,19,254,302,193,557,254
9DOYLESTOWN2,165,2,53,4,5,43,128,5,146,3,472,8,23,407,220,331,472,407
9DOYLESTOWN21,114,1,131,1,3,32,57,1,85,3,491,18,23,287,246,179,491,287
9DOYLESTOWN22,231,1,155,4,2,62,83,6,135,6,758,14,36,448,387,292,758,448
9DOYLESTOWN3,194,0,115,4,3,69,157,3,194,5,657,17,37,568,309,430,657,568
9DOYLESTOWN31,134,1,100,1,1,28,33,3,77,1,438,11,13,219,235,143,438,219
9DOYLESTOWN32,113,1,108,1,2,17,43,0,57,2,437,11,19,173,222,120,437,173
9DOYLESTOWN4,129,0,103,1,0,45,85,3,137,3,447,10,22,401,232,271,447,401
9DOYLESTOWN5,206,4,193,3,4,82,133,5,233,6,895,21,59,725,403,460,895,725
9DOYLESTOWN6,229,1,196,4,11,90,164,5,234,4,967,24,48,736,426,508,967,736
9DOYLESTOWN7,156,2,115,11,3,61,92,7,206,1,531,8,27,609,273,380,531,609
9DOYLESTOWN8,172,2,109,4,4,65,102,7,244,7,649,10,45,685,283,426,649,685
9DUBLIN,104,1,102,4,4,66,56,3,139,3,474,6,33,489,207,272,474,489
9DURHAM,60,1,104,1,3,54,48,1,145,3,274,14,17,438,165,252,274,438
9EASTROCKHILL1,123,9,151,1,9,142,73,3,298,5,609,14,53,942,283,526,609,942
9EASTROCKHILL2,177,2,166,5,4,107,110,4,245,5,623,18,48,927,345,475,623,927
9FALLS11,213,8,214,2,4,28,34,2,173,7,625,16,38,641,435,243,625,641
9FALLS12,183,7,139,1,4,33,23,2,111,3,511,10,24,458,329,174,511,458
9FALLS13,104,2,101,1,1,32,35,0,84,2,383,7,20,281,207,153,383,281
9FALLS14,147,4,149,5,1,43,35,3,135,6,485,8,28,451,300,222,485,451
9FALLS15,234,3,212,1,1,29,25,3,88,4,1150,19,24,415,449,147,1150,415
9FALLS16,180,2,156,3,3,49,65,3,145,2,577,6,26,470,338,268,577,470
9FALLS17,158,3,137,1,1,20,17,2,81,2,571,12,25,397,298,122,571,397
9FALLS21,135,3,90,0,3,30,28,0,96,4,385,7,19,396,228,157,385,396
9FALLS22,134,9,96,0,1,22,16,0,104,1,359,10,18,304,239,143,359,304
9FALLS31,104,3,99,1,2,13,17,1,77,4,325,6,18,304,206,111,325,304
9FALLS32,238,10,215,0,1,47,39,2,146,4,875,14,35,599,463,235,875,599
9FALLS41,147,9,139,0,3,46,21,2,94,2,436,11,24,433,295,166,436,433
9FALLS42,95,2,94,1,0,18,16,1,62,4,302,6,20,274,191,98,302,274
9FALLS43,85,7,89,0,1,11,14,4,87,1,274,6,18,330,181,117,274,330
9FALLS44,125,5,132,1,1,18,21,0,55,1,358,8,19,307,262,96,358,307
9FALLS45,146,4,162,3,1,14,19,3,109,2,503,9,34,431,312,149,503,431
9FALLS46,101,2,86,1,1,17,17,1,61,3,267,9,13,230,189,98,267,230
9FALLS47,103,9,92,2,2,17,13,1,62,4,293,3,18,247,204,97,293,247
9HAYCOCK,117,1,187,2,5,112,77,2,256,5,490,10,26,828,305,454,490,828
9HILLTOWNBLOOMINGGLEN1,79,2,95,4,4,128,134,0,188,9,364,9,42,715,176,458,364,715
9HILLTOWNBLOOMINGGLEN2,141,2,113,1,7,110,82,6,206,6,583,11,40,754,256,412,583,754
9HILLTOWNBLOOMINGGLEN3,134,0,109,5,0,83,89,3,201,3,589,9,30,661,243,381,589,661
9HILLTOWNFAIRHILL1,123,2,127,0,8,108,75,2,213,13,618,13,50,749,252,406,618,749
9HILLTOWNFAIRHILL2,134,2,120,3,3,139,105,1,274,3,596,11,52,893,256,525,596,893
9HILLTOWNHILLTOWN,132,3,131,4,8,146,106,2,343,8,586,8,53,1009,266,609,586,1009
9HULMEVILLE,82,4,74,1,2,23,27,1,89,5,249,13,10,272,160,143,249,272
9IVYLAND,50,0,52,0,2,35,23,1,88,4,215,5,6,262,102,149,215,262
9LANGHORNE,150,2,163,2,3,40,51,4,113,9,498,7,29,355,315,213,498,355
9LANGHORNEMANOR,66,1,66,1,4,47,55,2,103,2,271,5,20,295,133,212,271,295
9LOWERMAKEFIELDNORTH1,199,4,154,1,1,69,101,6,217,3,759,9,38,671,357,395,759,671
9LOWERMAKEFIELDNORTH2,239,2,123,4,2,89,168,4,217,7,941,13,34,806,364,484,941,806
9LOWERMAKEFIELDNORTH3,242,1,111,3,1,91,220,8,303,3,960,12,56,926,354,626,960,926
9LOWERMAKEFIELDNORTH4,223,5,131,2,2,84,117,3,205,4,687,18,48,606,359,413,687,606
9LOWERMAKEFIELDNORTH5,296,1,143,3,2,67,123,6,213,6,1019,12,62,668,440,414,1019,668
9LOWERMAKEFIELDNORTH6,309,2,192,3,2,43,89,3,213,5,1019,18,39,677,503,353,1019,677
9LOWERMAKEFIELDSOUTH1,195,0,93,2,3,61,96,5,124,1,641,13,23,401,288,291,641,401
9LOWERMAKEFIELDSOUTH2,180,1,104,1,1,23,80,0,83,2,588,9,22,291,285,188,588,291
9LOWERMAKEFIELDSOUTH3,154,2,124,3,3,49,92,5,143,6,674,9,34,474,280,295,674,474
9LOWERMAKEFIELDSOUTH4,313,4,224,2,2,83,150,6,272,4,1203,9,47,833,541,515,1203,833
9LOWERMAKEFIELDSOUTH5,184,0,89,1,0,50,102,4,119,4,575,8,28,436,273,276,575,436
9LOWERMAKEFIELDSOUTH6,87,0,55,0,0,19,41,0,67,2,290,3,7,179,142,127,290,179
9LOWERMAKEFIELDSOUTH7,238,3,145,2,2,64,87,3,157,2,694,9,30,526,386,315,694,526
9LOWERMAKEFIELDSOUTH8,166,1,93,2,1,33,87,3,113,4,524,12,25,396,260,239,524,396
9LOWERMAKEFIELDSOUTH9,285,2,124,1,1,44,93,0,177,2,895,8,30,572,411,316,895,572
9LOWERSOUTHAMPTONEAST1,240,1,119,2,2,51,44,1,185,1,635,11,16,548,360,285,635,548
9LOWERSOUTHAMPTONEAST2,88,1,85,3,3,38,44,6,186,2,317,11,18,509,174,280,317,509
9LOWERSOUTHAMPTONEAST3,146,5,113,1,2,56,48,1,232,6,478,11,25,620,264,340,478,620
9LOWERSOUTHAMPTONEAST4,145,2,129,1,2,43,60,2,228,5,465,16,27,583,276,336,465,583
9LOWERSOUTHAMPTONEAST5,147,2,92,2,3,65,54,2,237,2,396,11,31,597,241,363,396,597
9LOWERSOUTHAMPTONWEST1,71,0,45,0,2,22,35,1,125,1,220,6,11,298,116,185,220,298
9LOWERSOUTHAMPTONWEST2,66,1,69,1,4,32,34,1,152,2,266,6,14,413,136,224,266,413
9LOWERSOUTHAMPTONWEST3,89,0,98,3,2,43,26,4,119,3,413,15,34,436,187,197,413,436
9LOWERSOUTHAMPTONWEST4,78,1,82,2,2,37,42,0,124,2,346,12,28,392,161,207,346,392
9LOWERSOUTHAMPTONWEST5,66,0,87,2,2,33,25,1,111,0,274,3,10,322,153,174,274,322
9LOWERSOUTHAMPTONWEST6,109,2,103,2,2,40,46,2,185,2,407,5,21,463,214,277,407,463
9LOWERSOUTHAMPTONWEST7,54,3,70,2,1,30,26,0,91,6,261,8,13,367,127,150,261,367
9MIDDLETOWNLOWER1,364,11,362,1,10,118,123,6,418,7,786,16,32,893,737,676,786,893
9MIDDLETOWNLOWER11,90,2,77,0,0,25,38,1,107,0,320,4,17,335,169,171,320,335
9MIDDLETOWNLOWER12,78,3,74,3,0,24,29,0,58,2,239,6,11,198,155,114,239,198
9MIDDLETOWNLOWER13,286,2,252,1,3,45,43,2,197,8,1246,21,41,718,540,291,1246,718
9MIDDLETOWNLOWER2,175,3,161,3,8,73,49,4,251,13,637,7,33,780,339,388,637,780
9MIDDLETOWNLOWER3,130,5,126,2,3,29,28,3,100,7,342,2,19,414,261,165,342,414
9MIDDLETOWNLOWER4,118,0,95,2,1,21,32,1,84,2,314,10,20,259,213,141,314,259
9MIDDLETOWNLOWER5,128,2,81,2,2,34,33,3,120,2,369,11,17,340,211,194,369,340
9MIDDLETOWNLOWER6,128,6,103,1,4,34,35,2,141,1,398,6,15,428,237,217,398,428
9MIDDLETOWNLOWER7,120,1,119,1,4,35,55,1,106,5,410,18,35,382,240,202,410,382
9MIDDLETOWNLOWER8,131,6,138,2,2,38,46,3,112,4,464,15,19,440,275,203,464,440
9MIDDLETOWNLOWER9,167,5,119,3,1,48,43,3,152,5,528,4,25,493,291,250,528,493
9MIDDLETOWNUPPER1,190,3,126,2,2,53,79,3,178,8,661,14,22,603,319,317,661,603
9MIDDLETOWNUPPER2,188,2,160,1,0,77,70,3,190,4,660,5,34,591,350,341,660,591
9MIDDLETOWNUPPER3,285,2,222,3,1,87,122,2,277,2,980,22,34,913,509,492,980,913
9MIDDLETOWNUPPER4,176,3,151,1,5,66,72,3,209,6,590,10,26,648,330,356,590,648
9MIDDLETOWNUPPER5,301,3,197,2,0,74,78,1,185,6,914,14,36,604,501,340,914,604
9MIDDLETOWNUPPER6,245,1,104,4,1,78,96,0,201,3,659,7,29,558,350,380,659,558
9MIDDLETOWNUPPER7,181,2,109,3,1,57,88,3,164,8,600,4,23,502,292,316,600,502
9MIDDLETOWNUPPER8,205,1,118,0,1,43,97,1,152,10,701,3,30,534,324,294,701,534
9MIDDLETOWNUPPER9,280,1,87,2,5,52,103,1,209,6,672,3,10,566,368,372,672,566
9MILFORDROEDER,107,1,53,1,2,77,37,1,188,1,282,9,21,513,161,306,282,513
9MILFORDROSEVILLE,89,3,86,0,0,84,67,2,204,1,327,5,22,622,178,357,327,622
9MILFORDSHELLY,163,6,177,0,9,96,80,4,291,7,618,17,37,961,346,480,618,961
9MILFORDTRUMBAUERSVILLE,212,4,163,5,7,157,115,5,389,8,729,18,62,1156,379,678,729,1156
9MORRISVILLE1,122,6,116,4,2,25,21,1,84,3,451,12,24,348,244,137,451,348
9MORRISVILLE2,171,3,146,1,0,43,26,0,106,7,591,13,28,401,320,176,591,401
9MORRISVILLE3,177,2,203,2,3,43,41,0,120,4,676,12,39,433,382,209,676,433
9MORRISVILLE4,186,6,138,1,0,29,21,2,68,4,764,9,27,309,330,121,764,309
9NEWBRITAIN,177,1,159,1,4,79,100,4,200,4,661,13,46,621,337,388,661,621
9NEWBRITAINEAST,225,3,168,4,10,90,143,8,295,3,854,23,54,825,396,550,854,825
9NEWBRITAINSOUTH1,191,0,182,2,2,70,90,6,201,5,788,24,33,687,373,371,788,687
9NEWBRITAINSOUTH2,165,0,136,0,2,76,80,2,177,3,588,8,40,532,301,337,588,532
9NEWBRITAINWEST1,142,1,117,0,4,70,99,4,190,5,544,13,28,622,260,367,544,622
9NEWBRITAINWEST2,116,1,97,2,6,75,90,4,200,6,518,19,40,666,214,377,518,666
9NEWHOPE,314,5,225,0,2,16,85,3,160,7,1077,20,45,490,544,266,1077,490
9NEWTOWN1,300,2,226,2,1,89,160,7,250,2,995,15,41,716,528,509,995,716
9NEWTOWN2,331,4,207,10,3,96,170,8,348,5,1242,17,60,977,542,635,1242,977
9NEWTOWN3,183,5,148,2,2,69,120,2,167,2,752,13,44,528,336,362,752,528
9NEWTOWN4,106,1,100,0,5,36,52,1,126,4,400,6,24,361,207,220,400,361
9NEWTOWN5,214,2,119,4,2,48,104,4,194,4,713,10,28,578,335,356,713,578
9NEWTOWN6,267,2,147,4,4,94,144,2,274,5,1016,10,37,823,416,522,1016,823
9NEWTOWN7,254,3,171,0,1,89,166,1,236,3,1014,12,36,788,428,493,1014,788
9NEWTOWN8,333,3,222,3,2,79,127,4,282,4,1217,15,55,951,558,497,1217,951
9NOCKAMIXONNOCKAMIXON,91,2,123,0,3,62,58,3,225,2,382,19,17,612,216,351,382,612
9NOCKAMIXONREVERE,70,1,77,1,2,53,56,2,231,3,317,8,24,607,148,345,317,607
9NORTHAMPTON1,207,4,154,2,1,120,147,2,276,2,770,13,46,903,365,548,770,903
9NORTHAMPTON10,169,2,87,3,6,55,71,2,157,4,607,4,26,511,258,294,607,511
9NORTHAMPTON11,250,2,131,1,1,51,91,6,215,1,725,9,28,638,383,365,725,638
9NORTHAMPTON12,162,6,105,2,0,91,95,8,283,2,585,6,40,730,273,479,585,730
9NORTHAMPTON13,155,5,101,1,2,76,103,1,267,1,572,10,35,734,261,450,572,734
9NORTHAMPTON14,279,5,176,4,4,86,111,3,332,3,1021,15,45,1071,460,540,1021,1071
9NORTHAMPTON15,200,3,121,1,2,104,81,5,195,4,619,9,28,649,324,388,619,649
9NORTHAMPTON16,145,0,96,1,1,38,64,2,146,2,538,10,16,488,241,252,538,488
9NORTHAMPTON17,118,2,100,4,2,41,61,0,148,9,366,2,18,458,220,256,366,458
9NORTHAMPTON18,127,5,80,2,2,75,79,1,170,3,451,5,25,642,212,329,451,642
9NORTHAMPTON2,120,2,88,4,3,70,71,5,198,2,437,7,28,544,210,351,437,544
9NORTHAMPTON3,116,2,104,1,1,46,55,0,204,6,406,11,24,625,222,307,406,625
9NORTHAMPTON4,136,5,100,3,1,93,104,4,288,4,541,5,34,854,241,493,541,854
9NORTHAMPTON5,170,2,120,3,3,100,125,1,306,2,653,8,37,885,292,538,653,885
9NORTHAMPTON6,156,4,111,3,3,108,124,9,322,3,600,12,23,938,271,569,600,938
9NORTHAMPTON7,202,6,99,2,1,76,117,4,241,3,634,4,26,685,307,441,634,685
9NORTHAMPTON8,159,3,88,1,5,83,107,4,262,1,469,6,24,750,250,462,469,750
9NORTHAMPTON9,186,3,114,5,3,99,111,4,249,1,605,7,33,773,303,471,605,773
9PENNDEL,166,3,156,0,5,65,36,2,125,5,530,9,34,507,325,233,530,507
9PERKASIE1,151,4,177,5,8,133,97,3,230,11,653,30,42,806,332,476,653,806
9PERKASIE2,100,1,168,1,5,111,91,2,175,5,536,23,71,656,269,385,536,656
9PERKASIE3,171,2,203,1,7,152,114,8,247,16,746,27,55,906,376,529,746,906
9PLUMSTEAD1,170,2,179,1,3,81,103,4,290,2,632,16,45,729,351,482,632,729
9PLUMSTEAD2,139,3,164,3,4,98,108,5,221,7,660,19,56,742,306,439,660,742
9PLUMSTEAD3,152,1,117,3,2,94,96,6,262,5,703,13,35,827,270,463,703,827
9PLUMSTEAD4,227,1,214,4,3,93,111,6,253,7,954,25,62,806,442,470,954,806
9PLUMSTEAD5,149,0,112,2,0,72,119,4,230,3,684,11,39,728,261,427,684,728
9QUAKERTOWN11,87,1,120,2,0,56,57,0,117,4,381,15,33,460,208,232,381,460
9QUAKERTOWN12,116,0,117,2,4,67,44,2,105,2,412,17,38,443,233,224,412,443
9QUAKERTOWN2,61,1,56,1,0,30,25,0,72,3,226,8,17,241,118,128,226,241
9QUAKERTOWN3,96,3,132,4,3,89,47,6,168,6,431,14,42,538,231,317,431,538
9QUAKERTOWN4,75,1,90,3,1,60,46,0,89,8,328,11,33,370,166,199,328,370
9RICHLAND1,213,5,206,1,4,172,86,4,372,7,864,17,37,1159,424,639,864,1159
9RICHLAND2,134,2,152,2,6,85,63,6,232,6,520,22,36,830,288,394,520,830
9RICHLAND3,116,3,104,1,3,80,56,1,182,1,440,15,24,612,223,323,440,612
9RICHLAND4,140,2,127,1,2,100,93,5,227,5,617,17,45,891,269,428,617,891
9RICHLANDTOWN,60,2,64,3,4,51,27,1,74,4,244,12,24,318,126,160,244,318
9RIEGELSVILLE,56,0,69,1,1,30,18,0,87,1,218,10,7,242,125,137,218,242
9SELLERSVILLE1,86,2,121,0,5,71,35,2,116,4,363,15,41,425,209,229,363,425
9SELLERSVILLE2,42,1,48,2,3,33,14,2,60,4,163,6,17,193,91,114,163,193
9SELLERSVILLE3,103,1,109,2,3,75,37,2,131,7,455,10,31,498,213,250,455,498
9SILVERDALE,44,1,51,1,1,41,39,2,84,4,201,5,16,273,96,168,201,273
9SOLEBURYLOWER1,211,0,99,0,1,40,86,2,175,4,689,12,18,520,310,304,689,520
9SOLEBURYLOWER2,144,0,113,4,3,66,94,1,186,1,639,8,21,589,257,354,639,589
9SOLEBURYMIDDLE,358,1,227,4,0,86,118,2,219,1,1113,13,49,676,586,429,1113,676
9SOLEBURYUPPER,221,2,148,0,1,58,140,2,257,6,774,13,37,662,371,458,774,662
9SPRINGFIELDEAST,117,2,142,1,5,63,51,1,213,5,395,15,32,570,261,334,395,570
9SPRINGFIELDMIDDLE,118,4,94,1,1,84,55,1,207,2,409,5,24,606,216,349,409,606
9SPRINGFIELDWEST,85,4,88,0,1,93,44,3,181,10,333,9,35,569,177,322,333,569
9TELFORD,110,4,108,1,5,64,75,4,150,4,448,9,21,548,222,299,448,548
9TINICUMDELAWARE,94,2,105,1,1,36,51,1,150,2,361,19,25,427,201,240,361,427
9TINICUMTINICM,101,0,94,3,1,42,44,3,156,4,298,8,24,488,195,249,298,488
9TINICUMTOHICKON,122,0,91,3,1,46,53,0,158,5,394,12,21,418,213,261,394,418
9TRUMBAUERSVILLE,44,1,57,4,0,38,22,1,95,0,157,3,10,272,102,160,157,272
9TULLYTOWN,266,10,184,1,1,30,9,0,80,5,608,15,25,450,460,121,608,450
9UPPERMAKEFIELD1,124,1,81,2,0,51,159,6,173,3,561,4,25,486,206,391,561,486
9UPPERMAKEFIELD2,144,1,92,3,0,73,128,2,235,1,603,7,51,712,237,441,603,712
9UPPERMAKEFIELD3,170,1,106,3,4,73,208,2,294,6,738,11,53,837,277,584,738,837
9UPPERMAKEFIELD4,225,2,64,1,2,80,143,2,271,3,799,7,36,801,291,499,799,801
9UPPERSOUTHAMPTONEAST1,102,3,96,0,2,61,47,5,186,4,356,5,24,543,201,301,356,543
9UPPERSOUTHAMPTONEAST2,158,5,157,5,2,51,119,6,290,3,573,8,31,781,320,473,573,781
9UPPERSOUTHAMPTONNORTH1,49,3,61,0,1,30,19,2,94,0,219,4,13,268,113,146,219,268
9UPPERSOUTHAMPTONNORTH2,103,1,81,5,1,54,67,3,171,3,332,12,19,506,185,301,332,506
9UPPERSOUTHAMPTONNORTH3,86,2,70,1,2,44,46,2,117,2,284,5,12,367,158,212,284,367
9UPPERSOUTHAMPTONNORTH4,76,0,98,1,1,33,46,2,142,0,290,11,15,401,174,225,290,401
9UPPERSOUTHAMPTONSOUTH1,177,0,130,2,4,73,88,1,226,2,587,14,24,754,307,394,587,754
9UPPERSOUTHAMPTONSOUTH2,126,3,74,3,2,55,77,1,198,7,382,4,18,546,203,336,382,546
9UPPERSOUTHAMPTONWEST1,116,1,50,3,1,46,76,1,145,4,330,2,10,417,167,272,330,417
9UPPERSOUTHAMPTONWEST2,92,2,76,2,1,55,63,2,198,3,348,7,11,511,170,321,348,511
9WARMINSTER1,70,4,64,1,1,39,35,1,97,1,283,6,18,322,138,174,283,322
9WARMINSTER10,209,2,127,3,1,50,56,5,136,3,616,9,14,415,338,251,616,415
9WARMINSTER11,208,5,177,7,6,88,86,3,228,8,706,18,46,718,390,418,706,718
9WARMINSTER12,224,1,123,1,1,81,101,3,224,9,539,10,28,572,348,411,539,572
9WARMINSTER13,140,3,118,1,3,68,60,6,232,7,484,7,23,646,261,370,484,646
9WARMINSTER14,406,4,125,15,9,129,211,5,385,9,966,14,24,913,535,754,966,913
9WARMINSTER15,132,2,65,0,1,37,32,4,102,2,354,2,17,319,199,176,354,319
9WARMINSTER16,70,0,51,0,0,30,23,1,51,1,293,6,15,239,121,105,293,239
9WARMINSTER17,107,2,78,1,2,50,50,1,114,4,324,5,14,425,187,218,324,425
9WARMINSTER2,112,1,101,5,0,25,8,3,47,4,467,12,14,214,214,88,467,214
9WARMINSTER3,131,2,158,2,2,56,37,6,219,4,634,22,36,650,291,322,634,650
9WARMINSTER4,141,4,90,4,1,63,38,2,109,2,379,3,31,457,235,217,379,457
9WARMINSTER5,94,3,96,3,1,49,50,4,154,0,390,7,19,480,193,261,390,480
9WARMINSTER6,84,4,85,3,3,62,61,2,140,3,363,4,20,521,173,271,363,521
9WARMINSTER7,142,3,140,3,2,76,56,5,186,6,491,14,28,612,285,328,491,612
9WARMINSTER8,126,1,110,1,3,57,102,3,198,2,474,10,30,622,237,364,474,622
9WARMINSTER9,131,3,114,2,2,62,67,2,207,8,471,6,32,580,248,342,471,580
9WARRINGTON1,184,2,107,3,1,83,107,2,206,3,688,6,51,707,293,402,688,707
9WARRINGTON2,226,2,140,0,2,95,122,2,327,2,926,5,43,1020,368,548,926,1020
9WARRINGTON3,156,2,108,2,5,65,80,6,179,3,497,15,32,606,266,337,497,606
9WARRINGTON4,260,10,161,4,1,80,81,4,226,6,822,10,30,721,431,396,822,721
9WARRINGTON5,177,5,180,4,1,100,129,2,267,5,907,21,48,935,362,503,907,935
9WARRINGTON6,160,4,113,3,2,94,106,7,256,4,695,18,31,837,277,468,695,837
9WARRINGTON7,240,2,124,3,4,76,145,2,277,5,918,11,31,884,366,507,918,884
9WARRINGTON8,192,7,151,5,6,74,115,7,265,5,738,17,47,833,350,472,738,833
9WARWICK1,181,4,128,0,2,84,125,6,279,8,700,4,38,831,313,496,700,831
9WARWICK2,367,7,191,2,6,117,139,5,407,9,1097,8,44,1227,565,676,1097,1227
9WARWICK3,175,1,133,0,1,59,87,3,236,3,683,5,39,769,309,386,683,769
9WARWICK4,223,2,137,1,5,108,147,5,316,6,815,10,46,1020,362,582,815,1020
9WARWICK5,133,3,84,4,1,63,95,2,202,1,519,4,34,684,220,367,519,684
9WESTROCKHILLARGUS,110,1,100,0,5,57,40,3,192,1,344,8,17,603,211,297,344,603
9WESTROCKHILLROCKHILL,191,2,154,5,5,164,121,11,363,7,738,25,43,1122,347,669,738,1122
9WRIGHTSTOWN,221,4,167,3,3,97,173,4,366,4,845,19,34,1037,392,646,845,1037
9YARDLEY,254,6,224,3,2,51,95,4,194,4,907,22,51,626,484,349,907,626
