precinct,pri_dem_CLINTON,pri_dem_O'MAILEY,pri_dem_SANDERS,pri_dem_WILSON,pri_rep_BUSH,pri_rep_CARSON,pri_rep_CRUZ,pri_rep_KASICH,pri_rep_RUBIO,pri_rep_TRUMP,gen_amc_SKEWES,gen_ame_SKEWES,gen_amr_SKEWES,gen_con_CASTLE,gen_dem_CLINTON,gen_grn_STEIN,gen_ind_MCMULLIN,gen_lib_JOHNSON,gen_rep_TRUMP,dem_primary_total,rep_primary_total,dem_general_total,rep_general_total
ABBEVILLEABBEVILLE NO. 1,104,1,28,1,29,39,103,22,134,165,0,0,2,2,245,1,4,21,610,134,492,245,610
ABBEVILLEABBEVILLE NO. 2,193,0,24,1,8,18,46,5,45,75,0,0,1,1,373,0,2,7,303,218,197,373,303
ABBEVILLEABBEVILLE NO. 3,105,1,25,0,14,22,42,6,33,49,0,0,2,3,214,2,3,5,284,131,166,214,284
ABBEVILLEABBEVILLE NO. 4,53,0,5,0,8,11,36,6,22,69,0,0,0,2,131,1,2,5,279,58,152,131,279
ABBEVILLEANTREVILLE,47,0,10,0,19,30,55,7,57,137,0,0,0,1,105,1,3,7,496,57,305,105,496
ABBEVILLEBROADMOUTH,27,0,8,2,4,9,31,6,11,60,0,0,0,0,62,1,3,3,215,37,121,62,215
ABBEVILLECALHOUN FALLS,260,2,38,3,16,31,39,8,49,98,0,0,2,3,514,2,3,6,407,303,241,514,407
ABBEVILLECOLD SPRINGS,34,0,9,0,13,23,53,17,50,75,0,0,0,1,88,3,1,6,396,43,231,88,396
ABBEVILLEDONALDS,23,0,10,0,16,11,47,1,23,54,0,0,0,2,44,2,3,2,254,33,152,44,254
ABBEVILLEDUE WEST,124,1,41,3,24,30,95,26,73,92,0,0,2,7,233,7,11,13,520,169,340,233,520
ABBEVILLEFAILSAFE,0,0,0,0,0,0,0,0,0,0,0,0,0,0,0,0,0,0,1,0,0,0,1
ABBEVILLEFAILSAFE PROVISIONAL,7,0,0,0,0,0,0,0,0,0,0,0,0,0,14,0,0,1,9,7,0,14,9
ABBEVILLEHALL'S STORE,46,0,15,1,13,13,43,11,32,75,0,0,0,0,136,1,4,2,255,62,187,136,255
ABBEVILLEKEOWEE,46,1,20,0,21,15,66,11,42,92,0,0,0,1,109,4,6,4,491,67,247,109,491
ABBEVILLELEBANON,48,0,7,0,11,18,42,6,32,72,0,0,1,1,107,2,2,10,309,55,181,107,309
ABBEVILLELOWNDESVILLE,37,0,20,0,20,13,77,9,45,123,0,0,0,2,81,2,1,8,483,57,287,81,483
ABBEVILLEPROVISIONAL,0,0,0,0,0,3,2,1,1,5,0,0,0,0,15,0,0,0,12,0,12,15,12
AIKENAIKEN NO. 1,52,0,41,0,24,39,65,72,109,74,0,0,1,1,164,11,15,30,394,93,383,164,394
AIKENAIKEN NO. 2,142,0,37,1,2,7,18,13,21,35,0,0,0,2,402,4,2,11,122,180,96,402,122
AIKENAIKEN NO. 3,180,0,52,5,5,10,14,3,15,20,0,0,1,2,560,4,6,10,106,237,67,560,106
AIKENAIKEN NO. 4,102,0,37,2,3,2,4,2,9,7,0,0,0,1,255,4,2,3,36,141,27,255,36
AIKENAIKEN NO. 47,54,1,41,0,23,39,72,47,99,65,0,0,3,2,182,3,15,24,331,96,345,182,331
AIKENAIKEN NO. 5,121,1,49,1,10,9,23,27,58,35,0,0,5,1,274,8,4,13,215,172,162,274,215
AIKENAIKEN NO. 6,53,0,49,0,49,38,76,55,138,91,0,0,1,3,195,7,7,28,432,102,447,195,432
AIKENASCAUGA LAKE NO. 63,61,0,23,0,2,33,53,9,47,98,0,0,0,3,160,2,9,20,364,84,242,160,364
AIKENASCAUGA LAKE NO. 84,50,0,19,0,10,47,102,12,70,87,0,0,1,2,158,1,8,13,443,69,328,158,443
AIKENBATH,83,0,3,0,3,5,43,2,11,57,0,0,3,0,196,0,3,8,242,86,121,196,242
AIKENBEECH ISLAND,118,0,31,0,7,37,82,1,34,94,0,0,1,2,459,6,6,9,414,149,255,459,414
AIKENBELVEDERE NO. 44,56,0,29,0,6,26,58,9,53,121,0,0,1,7,257,3,8,23,483,85,273,257,483
AIKENBELVEDERE NO. 62,90,0,33,0,9,24,67,12,47,70,0,0,1,5,312,9,3,3,272,123,229,312,272
AIKENBELVEDERE NO. 74,34,0,14,0,4,14,44,2,18,54,0,0,0,1,99,1,4,4,230,48,136,99,230
AIKENBELVEDERE NO. 9,73,0,38,0,7,34,89,3,57,90,0,0,2,2,395,9,9,28,447,111,280,395,447
AIKENBREEZY HILL,88,1,39,1,17,56,130,7,92,146,0,0,1,1,390,11,15,33,807,129,448,390,807
AIKENCAROLINA HEIGHTS,131,0,22,0,5,8,23,3,26,48,0,0,2,2,388,1,9,13,169,153,113,388,169
AIKENCEDAR CREEK NO. 64,68,0,20,0,33,33,66,91,232,145,0,0,1,0,147,7,8,14,489,88,600,147,489
AIKENCHINA SPRINGS,184,0,35,0,4,18,38,5,19,36,0,0,2,1,465,1,1,8,210,219,120,465,210
AIKENCLEARWATER,59,0,12,0,8,11,32,0,15,39,0,0,0,1,147,0,1,3,173,71,105,147,173
AIKENCOLLEGE ACRES,54,0,61,0,14,55,97,17,123,128,0,0,3,2,238,9,13,41,590,115,434,238,590
AIKENCOUCHTON,88,0,29,1,20,33,81,20,73,97,0,0,0,3,223,3,1,19,420,118,324,223,420
AIKENEUREKA,47,0,26,0,11,29,88,14,47,113,0,0,0,3,174,6,7,24,592,73,302,174,592
AIKENFAILSAFE,10,0,8,0,1,4,13,0,11,24,0,0,0,0,87,0,0,2,82,18,53,87,82
AIKENFAILSAFE PROVISIONAL,0,0,0,0,0,0,0,0,0,0,0,0,0,0,16,1,1,2,31,0,0,16,31
AIKENFOX CREEK NO. 58,48,0,26,0,13,33,126,12,108,121,0,0,1,0,179,2,12,19,610,74,413,179,610
AIKENFOX CREEK NO. 73,48,0,16,0,15,60,150,23,136,147,0,0,2,0,158,4,6,32,651,64,531,158,651
AIKENGEM LAKES NO. 60,34,0,45,0,18,46,126,44,141,87,0,0,1,2,153,7,18,22,489,79,462,153,489
AIKENGEM LAKES NO. 77,58,0,41,0,29,67,113,52,148,90,0,0,0,5,171,8,23,29,543,99,499,171,543
AIKENGLOVERVILLE,27,0,15,2,4,27,67,4,55,100,0,0,2,4,111,3,6,15,434,44,257,111,434
AIKENGRANITEVILLE,49,0,16,1,11,25,68,5,33,72,0,0,3,2,209,6,4,7,343,66,214,209,343
AIKENHAMMOND NO. 48,45,0,22,0,1,17,82,11,45,90,0,0,2,0,165,2,6,8,370,67,246,165,370
AIKENHAMMOND NO. 81,58,0,24,0,3,23,79,3,33,94,0,0,0,2,178,1,3,8,360,82,235,178,360
AIKENHITCHCOCK NO. 66,44,0,38,0,19,37,63,41,104,107,0,0,1,1,164,4,5,12,375,82,371,164,375
AIKENHOLLOW CREEK,50,0,31,0,26,30,55,90,189,97,0,0,0,0,160,4,15,15,422,81,487,160,422
AIKENJACKSON,48,0,17,1,11,31,148,10,92,201,0,0,1,2,158,1,3,12,673,66,493,158,673
AIKENLANGLEY,19,0,10,0,3,22,90,13,34,103,0,0,2,3,143,5,5,14,457,29,265,143,457
AIKENLEVELS NO. 52,68,0,66,1,11,35,61,19,57,82,0,0,0,2,273,5,4,31,372,135,265,273,372
AIKENLEVELS NO. 72,48,0,37,0,12,23,43,10,57,44,0,0,0,0,188,10,7,33,282,85,189,188,282
AIKENLEVELS NO. 83,22,1,24,0,7,15,18,8,32,22,0,0,0,0,127,5,6,18,150,47,102,127,150
AIKENLYNWOOD,28,0,16,0,8,10,82,6,20,93,0,0,2,2,118,5,3,5,359,44,219,118,359
AIKENMIDLAND VALLEY NO. 51,83,1,45,1,14,47,125,12,113,156,0,0,0,6,295,7,10,21,734,130,467,295,734
AIKENMIDLAND VALLEY NO. 71,79,0,37,0,10,45,144,11,88,166,0,0,0,4,260,6,7,18,732,116,464,260,732
AIKENMILLBROOK,97,0,42,1,23,55,120,62,153,146,0,0,1,1,243,9,11,40,573,140,559,243,573
AIKENMISTY LAKES,109,1,31,0,7,29,123,24,58,149,0,0,0,4,311,5,6,22,585,141,390,311,585
AIKENMONETTA,115,0,15,0,26,28,59,11,35,67,0,0,1,2,305,3,5,9,330,130,226,305,330
AIKENMONTMORENCI NO. 22,74,1,33,0,18,59,93,27,99,151,0,0,1,4,273,5,9,27,565,108,447,273,565
AIKENMONTMORENCI NO. 78,40,0,19,0,8,13,56,23,61,74,0,0,0,2,172,0,6,17,307,59,235,172,307
AIKENN. AUGUSTA NO. 25,53,0,35,1,10,25,79,11,61,106,0,0,1,1,264,6,7,28,391,89,292,264,391
AIKENN. AUGUSTA NO. 26,64,0,32,0,5,22,68,4,50,65,0,0,2,2,238,5,5,14,293,96,214,238,293
AIKENN. AUGUSTA NO. 27,20,0,27,0,21,65,145,34,195,178,0,0,0,2,132,5,9,31,720,47,638,132,720
AIKENN. AUGUSTA NO. 28,23,0,34,0,12,40,95,38,118,119,0,0,0,1,147,7,9,28,485,57,422,147,485
AIKENN. AUGUSTA NO. 29,43,1,36,1,19,22,88,31,90,92,0,0,1,1,189,10,10,27,422,81,342,189,422
AIKENN. AUGUSTA NO. 54,78,0,39,0,7,22,50,5,28,49,0,0,0,2,311,2,9,18,262,117,161,311,262
AIKENN. AUGUSTA NO. 55,30,0,30,0,10,25,107,23,73,97,0,0,0,2,142,9,15,25,416,60,335,142,416
AIKENN. AUGUSTA NO. 67,31,1,36,0,19,32,106,21,135,136,0,0,1,6,141,5,13,24,511,68,449,141,511
AIKENN. AUGUSTA NO. 68,58,0,32,0,20,63,145,33,159,210,0,0,2,1,230,10,19,39,865,90,630,230,865
AIKENN. AUGUSTA NO. 80,14,0,13,0,10,21,59,12,53,48,0,0,0,0,98,4,6,14,322,27,203,98,322
AIKENNEW ELLENTON,119,0,31,1,11,20,75,6,49,107,0,0,1,1,394,6,4,16,438,151,268,394,438
AIKENNEW HOLLAND,38,0,13,1,4,16,87,7,39,77,0,0,1,5,89,2,3,9,338,52,230,89,338
AIKENOAK GROVE,32,0,17,0,7,26,69,5,38,95,0,0,1,2,110,4,5,14,415,49,240,110,415
AIKENPERRY,66,0,8,0,8,14,58,7,16,68,0,0,2,1,146,2,9,10,337,74,171,146,337
AIKENPINE FOREST,44,0,36,0,6,33,122,11,68,171,0,0,3,1,185,1,17,20,759,80,411,185,759
AIKENPROVISIONAL,0,1,3,0,0,0,0,0,1,0,0,0,0,0,2,0,0,0,4,4,1,2,4
AIKENREDDS BRANCH,48,0,37,0,3,31,77,5,35,90,0,0,1,2,176,3,6,25,388,85,241,176,388
AIKENSALLEY,85,1,16,0,6,7,28,5,15,55,0,0,0,2,220,0,3,5,167,102,116,220,167
AIKENSANDSTONE NO. 70,78,0,59,1,9,45,66,33,94,111,0,0,0,6,213,4,15,39,443,138,358,213,443
AIKENSANDSTONE NO. 79,32,0,26,0,8,18,24,18,46,35,0,0,0,0,125,3,4,18,215,58,149,125,215
AIKENSHAWS FORK,33,1,16,0,13,14,35,12,44,57,0,0,1,3,88,2,1,18,271,50,175,88,271
AIKENSHILOH,67,1,31,1,9,41,150,10,79,147,0,0,2,5,227,8,5,15,682,100,436,227,682
AIKENSILVER BLUFF,187,0,32,0,5,21,64,12,27,103,0,0,0,1,474,5,3,16,391,219,232,474,391
AIKENSIX POINTS NO. 35,70,0,36,0,17,28,63,25,80,83,0,0,1,1,236,7,8,22,365,106,296,236,365
AIKENSIX POINTS NO. 46,236,1,58,1,2,16,12,1,4,11,0,0,0,1,490,3,1,7,48,296,46,490,48
AIKENSLEEPY HOLLOW NO. 65,76,0,40,1,35,77,164,50,175,164,0,0,1,4,218,4,23,31,804,117,665,218,804
AIKENSOUTH AIKEN NO. 75,69,0,45,0,17,33,88,20,142,107,0,0,0,5,262,10,18,19,604,114,407,262,604
AIKENSOUTH AIKEN NO. 76,82,0,57,0,39,48,93,77,232,158,0,0,0,4,254,6,31,52,705,139,647,254,705
AIKENTABERNACLE,54,0,12,2,3,20,34,9,15,50,0,0,1,3,171,2,2,9,201,68,131,171,201
AIKENTALATHA,88,0,40,0,9,27,106,20,61,115,0,0,0,2,304,4,4,17,524,128,338,304,524
AIKENVAUCLUSE,57,0,54,0,15,31,74,9,61,112,0,0,0,3,265,9,9,22,500,111,302,265,500
AIKENWAGENER,172,0,35,0,22,32,93,15,53,135,0,0,1,5,447,6,7,11,589,207,350,447,589
AIKENWARD,101,1,24,0,19,26,90,14,59,100,0,0,1,0,298,4,10,15,472,126,308,298,472
AIKENWARRENVILLE,44,0,19,0,9,39,118,7,64,195,0,0,3,1,191,6,6,20,692,63,432,191,692
AIKENWHITE POND,77,0,20,0,3,3,32,3,21,67,0,0,0,1,193,0,2,5,240,97,129,193,240
AIKENWILLOW SPRINGS,39,0,21,0,9,26,106,5,60,140,0,0,1,8,135,7,2,6,527,60,346,135,527
AIKENWINDSOR NO. 43,5,0,1,0,11,15,54,7,32,127,0,0,1,1,179,3,8,10,354,6,246,179,354
AIKENWINDSOR NO. 82,115,1,46,0,9,13,36,4,25,86,0,0,2,3,206,4,8,13,375,162,173,206,375
ALLENDALEALLENDALE #1,110,1,17,0,2,3,9,2,12,22,0,0,2,3,255,2,2,3,66,128,50,255,66
ALLENDALEALLENDALE #2,149,0,11,1,1,0,1,0,0,0,0,0,1,0,302,2,0,3,10,161,2,302,10
ALLENDALEFAIRFAX #1,55,0,5,0,5,4,2,0,17,22,0,0,3,0,144,0,4,1,83,60,50,144,83
ALLENDALEFAIRFAX #2,178,0,15,1,4,2,6,0,11,10,0,0,2,2,385,2,0,3,56,194,33,385,56
ALLENDALEMARTIN,62,1,3,0,0,6,7,3,6,7,0,0,2,1,128,0,1,0,33,66,29,128,33
ALLENDALEPROVISIONAL,0,0,0,0,0,0,0,0,0,0,0,0,0,0,13,0,0,0,1,0,0,13,1
ALLENDALESYCAMORE,28,0,3,0,2,8,6,3,10,36,0,0,0,0,49,0,1,2,156,31,65,49,156
ALLENDALEULMER,18,0,4,0,2,2,6,0,3,17,0,0,0,0,46,0,0,2,71,22,30,46,71
ALLENDALEWOODS,76,0,7,0,3,7,4,3,21,28,0,0,0,0,210,2,0,1,127,83,66,210,127
ANDERSONAPPLETON-EQUINOX,31,0,6,0,8,4,22,0,8,30,0,0,1,1,171,4,1,9,161,37,72,171,161
ANDERSONBARKER'S CREEK-MCADAMS,5,1,3,0,12,18,33,15,25,29,0,0,0,0,24,0,0,1,218,9,132,24,218
ANDERSONBELTON,56,0,39,0,20,29,136,12,63,127,0,0,1,4,208,3,4,17,653,95,387,208,653
ANDERSONBELTON ANNEX,65,1,30,4,27,49,115,21,85,162,0,0,1,2,235,6,8,25,719,100,459,235,719
ANDERSONBISHOP'S BRANCH,57,1,32,1,48,47,150,37,99,155,0,0,4,7,254,9,9,23,821,91,536,254,821
ANDERSONBOWLING GREEN,10,0,14,0,6,18,58,11,28,58,0,0,1,0,56,0,3,7,294,24,179,56,294
ANDERSONBROADVIEW,117,0,22,0,9,8,11,7,14,30,0,0,0,1,217,0,1,3,119,139,79,217,119
ANDERSONBROADWAY,87,0,19,1,20,21,44,3,34,99,0,0,0,5,212,4,7,10,412,107,221,212,412
ANDERSONBRUSHY CREEK,49,0,33,0,58,85,206,56,192,231,0,0,1,5,215,6,9,26,1130,82,828,215,1130
ANDERSONCEDAR GROVE,46,0,16,2,18,41,99,12,51,104,0,0,0,0,132,3,7,8,596,64,325,132,596
ANDERSONCENTER ROCK,95,0,41,1,42,46,213,49,128,209,0,0,3,2,260,2,10,17,990,137,687,260,990
ANDERSONCENTERVILLE STATION A,104,1,62,0,54,54,214,39,153,254,0,0,1,3,338,12,5,22,1034,167,768,338,1034
ANDERSONCENTERVILLE STATION B,105,0,62,0,62,72,212,43,151,219,0,0,1,3,367,9,12,32,921,167,759,367,921
ANDERSONCHIQUOLA MILL,39,0,11,0,5,9,22,2,13,18,0,0,0,0,125,1,5,7,168,50,69,125,168
ANDERSONCONCRETE,75,1,61,0,63,81,269,52,209,250,0,0,3,6,332,14,19,38,1260,137,924,332,1260
ANDERSONCOX'S CREEK,18,0,15,1,33,25,57,33,108,49,0,0,1,0,113,1,11,24,304,34,305,113,304
ANDERSONCRAYTONVILLE,13,0,10,2,15,26,89,7,52,105,0,0,0,2,49,2,4,11,536,25,294,49,536
ANDERSONDENVER-SANDY SPRINGS,39,0,29,0,21,30,90,37,106,161,0,0,1,1,155,7,6,21,573,68,445,155,573
ANDERSONEDGEWOOD STATION A,72,0,50,0,28,31,107,28,108,133,0,0,1,1,337,8,15,33,585,122,435,337,585
ANDERSONEDGEWOOD STATION B,69,0,53,0,64,39,160,62,146,191,0,0,1,2,226,4,24,27,747,122,662,226,747
ANDERSONFIVE FORKS,66,0,27,0,33,51,127,41,125,147,0,0,1,1,228,3,8,21,704,93,524,228,704
ANDERSONFLAT ROCK,41,0,24,0,21,21,113,10,48,119,0,0,1,0,146,2,5,8,574,65,332,146,574
ANDERSONFORK NO.1,44,0,20,0,32,29,93,21,75,142,0,0,1,0,154,2,6,11,561,64,392,154,561
ANDERSONFORK NO.2,46,0,30,0,28,32,83,32,118,191,0,0,1,2,141,5,8,20,695,76,484,141,695
ANDERSONFRIENDSHIP,31,3,12,0,17,27,94,11,41,96,0,0,1,3,100,4,2,5,565,46,286,100,565
ANDERSONGLENVIEW,83,1,47,1,47,35,106,50,142,142,0,0,0,5,298,12,15,14,606,132,522,298,606
ANDERSONGLUCK MILL,17,0,8,0,9,5,13,3,5,24,0,0,1,0,92,1,3,1,115,25,59,92,115
ANDERSONGREEN POND STATION A,57,1,41,0,38,70,170,30,165,238,0,0,3,2,266,6,6,30,1043,99,711,266,1043
ANDERSONGROVE SCHOOL,10,0,6,0,11,6,46,8,20,67,0,0,0,0,42,0,1,4,313,16,158,42,313
ANDERSONHALL,35,0,18,1,12,24,65,3,53,113,0,0,0,2,158,3,5,8,535,54,270,158,535
ANDERSONHAMMOND ANNEX,73,0,29,0,55,41,129,58,172,115,0,0,0,4,207,4,18,18,609,102,570,207,609
ANDERSONHAMMOND SCHOOL,75,0,42,0,51,70,162,41,174,198,0,0,1,5,266,7,19,40,838,117,696,266,838
ANDERSONHIGH POINT,12,0,8,1,16,23,40,15,44,64,0,0,1,1,45,2,2,4,303,21,202,45,303
ANDERSONHOMELAND PARK,146,0,48,1,24,14,85,17,51,121,0,0,2,2,479,8,5,12,618,195,312,479,618
ANDERSONHONEA PATH,32,0,15,4,48,41,99,11,89,138,0,0,1,2,149,2,3,17,640,51,426,149,640
ANDERSONHOPEWELL,31,1,28,0,31,40,124,51,137,145,0,0,1,4,178,2,10,23,621,60,528,178,621
ANDERSONHUNT MEADOWS,101,0,74,1,48,123,379,66,314,351,0,0,4,16,375,14,23,62,1834,176,1281,375,1834
ANDERSONIVA,34,0,32,0,21,16,109,10,59,155,0,0,1,2,151,3,9,12,679,66,370,151,679
ANDERSONJACKSON MILL,13,0,7,0,8,12,44,2,45,90,0,0,3,1,57,1,3,14,345,20,201,57,345
ANDERSONLA FRANCE,40,0,30,0,16,36,44,18,52,73,0,0,0,0,129,6,11,9,376,70,239,129,376
ANDERSONLAKESIDE,172,0,49,0,26,39,154,8,86,177,0,0,3,6,445,5,8,13,699,221,490,445,699
ANDERSONMELTON,37,1,10,0,18,27,37,10,37,55,0,0,0,4,100,4,5,10,289,48,184,100,289
ANDERSONMOUNT TABOR,114,0,44,1,50,40,135,64,129,235,0,0,1,1,329,3,12,24,907,159,653,329,907
ANDERSONMOUNTAIN CREEK,46,0,19,0,19,21,67,18,26,96,0,0,1,2,144,0,4,7,443,65,247,144,443
ANDERSONMT. AIRY,62,0,24,0,52,76,217,45,156,263,0,0,0,7,222,2,18,30,1162,86,809,222,1162
ANDERSONNEAL'S CREEK,122,0,43,1,17,27,123,17,72,123,0,0,0,2,297,5,11,17,596,166,379,297,596
ANDERSONNORTH POINTE,64,0,44,0,42,59,99,38,188,156,0,0,0,1,191,3,21,26,628,108,582,191,628
ANDERSONPELZER,9,0,18,0,18,17,44,5,22,88,0,0,0,1,53,2,1,10,371,27,194,53,371
ANDERSONPENDLETON,202,2,138,1,68,49,111,58,159,147,0,0,11,3,687,18,32,54,691,343,592,687,691
ANDERSONPIEDMONT,15,0,20,0,7,23,53,9,27,99,0,0,0,2,101,7,3,8,378,35,218,101,378
ANDERSONPIERCETOWN,33,1,44,0,39,67,163,32,168,201,0,0,6,3,178,8,13,24,928,78,670,178,928
ANDERSONPOWDERSVILLE,97,0,79,3,61,78,250,47,172,267,0,0,0,10,336,13,10,34,1269,179,875,336,1269
ANDERSONROCK MILL,37,0,19,0,24,37,72,36,106,136,0,0,3,0,118,2,3,7,514,56,411,118,514
ANDERSONROCK SPRING,35,0,9,0,14,20,78,5,33,93,0,0,1,0,104,0,2,9,347,44,243,104,347
ANDERSONSHIRLEY'S STORE,38,0,14,2,10,15,83,5,60,66,0,0,1,0,86,0,1,8,375,54,239,86,375
ANDERSONSIMPSONVILLE,54,0,60,0,42,68,162,42,148,270,0,0,1,9,251,8,14,42,1163,114,732,251,1163
ANDERSONSTARR,19,0,13,0,9,16,71,14,52,81,0,0,0,1,68,0,1,8,445,32,243,68,445
ANDERSONTHREE AND TWENTY,49,0,30,0,38,62,224,24,135,279,0,0,0,5,184,3,16,32,1158,79,762,184,1158
ANDERSONTONEY CREEK,7,0,5,0,11,10,45,7,21,62,0,0,1,0,42,3,1,8,255,12,156,42,255
ANDERSONTOWN CREEK,41,0,25,1,33,44,106,52,146,122,0,0,1,3,154,2,12,22,563,67,503,154,563
ANDERSONTOWNVILLE,22,0,14,0,9,25,57,11,39,76,0,0,1,2,68,3,4,8,345,36,217,68,345
ANDERSONVARENNES,40,0,10,1,9,15,47,8,17,72,0,0,1,2,211,3,6,10,315,51,168,211,315
ANDERSONWEST PELZER,16,0,31,0,29,42,157,14,69,191,0,0,0,3,145,4,3,21,816,47,502,145,816
ANDERSONWEST SAVANNAH,20,0,6,0,3,5,16,4,20,44,0,0,1,1,52,0,0,3,136,26,92,52,136
ANDERSONWHITE PLAINS,77,0,46,0,37,85,261,47,120,367,0,0,2,9,255,14,17,40,1373,123,917,255,1373
ANDERSONWILLIAMSTON,77,0,33,0,37,67,133,21,97,193,0,0,2,4,245,9,12,33,912,110,548,245,912
ANDERSONWILLIAMSTON MILL,40,0,38,0,33,71,215,22,68,222,0,0,1,2,215,7,6,25,1141,78,631,215,1141
ANDERSONWRIGHT'S SCHOOL,18,0,2,0,20,16,80,8,75,87,0,0,0,1,55,1,2,3,418,20,286,55,418
BAMBERGCOLSTON,16,0,4,0,4,7,11,1,10,16,0,0,1,1,31,0,0,0,81,20,49,31,81
BAMBERGEAST DENMARK,392,1,30,1,5,3,24,7,41,29,0,0,1,2,679,2,6,3,146,424,109,679,146
BAMBERGEDISTO,30,0,4,0,0,11,22,3,21,28,0,0,0,0,54,0,0,6,131,34,85,54,131
BAMBERGEHRHARDT,90,0,9,1,1,8,18,4,33,53,0,0,0,0,176,0,1,7,241,100,117,176,241
BAMBERGFAILSAFE,5,0,0,0,0,0,0,0,0,2,0,0,0,0,14,0,0,0,11,5,2,14,11
BAMBERGGOVAN,41,0,2,0,0,0,5,0,1,5,0,0,2,0,56,0,0,0,33,43,11,56,33
BAMBERGHIGHTOWERS MILL,8,0,0,0,0,0,1,1,9,9,0,0,0,0,31,0,1,1,25,8,20,31,25
BAMBERGHUNTER'S CHAPEL,27,0,8,1,3,2,6,7,10,20,0,0,0,0,64,0,1,1,68,36,48,64,68
BAMBERGKEARSE,1,0,0,0,0,3,3,0,14,26,0,0,0,0,3,0,0,0,71,1,46,3,71
BAMBERGLITTLE SWAMP,3,0,1,0,4,3,10,0,1,26,0,0,0,0,6,0,0,0,74,4,44,6,74
BAMBERGNORTH BAMBERG,151,0,31,0,23,22,44,14,112,105,0,0,0,4,389,4,6,13,459,182,320,389,459
BAMBERGOLAR,46,0,6,1,0,2,9,4,9,38,0,0,0,2,86,0,0,0,121,53,62,86,121
BAMBERGPROVISIONAL,4,0,0,0,0,0,0,0,0,1,0,0,0,0,10,0,0,0,4,4,1,10,4
BAMBERGSOUTH BAMBERG,294,0,52,1,5,9,19,4,23,62,0,0,1,6,695,7,1,7,225,347,122,695,225
BAMBERGWEST DENMARK,293,1,25,2,2,3,9,4,24,29,0,0,1,0,551,3,2,2,86,321,71,551,86
BARNWELLBARNWELL 1,72,0,8,0,9,13,14,3,12,30,0,0,0,0,153,2,0,2,141,80,81,153,141
BARNWELLBARNWELL 2,123,0,23,1,22,28,56,12,78,107,0,0,0,3,243,2,5,5,448,147,303,243,448
BARNWELLBARNWELL 3,107,0,25,0,5,15,72,9,82,112,2,0,0,2,301,8,5,20,462,132,295,301,462
BARNWELLBARNWELL 4,148,0,20,1,4,9,32,6,43,46,1,0,0,1,395,1,3,7,244,169,140,395,244
BARNWELLBLACKVILLE 1,131,0,18,2,7,1,19,0,13,39,1,0,0,0,336,2,2,2,141,151,79,336,141
BARNWELLBLACKVILLE 2,83,0,15,0,7,2,9,0,13,34,0,0,0,3,215,1,5,0,93,98,65,215,93
BARNWELLELKO,80,0,13,0,7,7,26,3,16,54,0,0,0,1,155,3,2,2,170,93,113,155,170
BARNWELLFAILSAFE,18,0,3,0,0,1,1,0,0,9,0,0,0,0,49,0,0,1,39,21,11,49,39
BARNWELLFAILSAFE PROVISIONAL,0,0,0,0,0,0,0,0,0,0,0,0,0,0,5,0,0,0,1,0,0,5,1
BARNWELLFRIENDSHIP,7,0,0,0,6,15,39,0,32,82,0,0,0,0,23,2,1,0,351,7,174,23,351
BARNWELLHEALING SPRINGS,158,0,9,0,3,7,12,3,12,24,0,0,0,1,352,2,2,3,89,167,61,352,89
BARNWELLHILDA,14,0,3,0,13,14,60,6,39,103,2,0,0,0,58,1,4,0,433,17,235,58,433
BARNWELLKLINE,46,0,5,0,4,7,16,6,23,50,1,0,0,0,125,2,0,8,192,51,106,125,192
BARNWELLSNELLING,112,1,15,0,6,11,29,5,58,97,0,0,0,0,296,1,1,6,357,128,206,296,357
BARNWELLWILLISTON 1,184,0,24,4,4,16,29,13,26,78,0,0,0,3,443,3,2,8,259,212,166,443,259
BARNWELLWILLISTON 2,22,1,5,0,9,9,25,4,33,53,0,0,0,1,97,0,2,5,212,28,133,97,212
BARNWELLWILLISTON 3,53,1,7,1,4,10,45,5,36,79,0,0,0,5,173,1,2,6,285,62,179,173,285
BEAUFORTBEAUFORT 1,98,0,26,0,5,4,18,4,14,21,1,0,0,2,229,7,3,8,127,124,66,229,127
BEAUFORTBEAUFORT 2,79,0,53,0,35,13,31,31,57,52,0,0,0,1,201,4,1,28,221,132,219,201,221
BEAUFORTBEAUFORT 3,51,0,54,0,32,21,52,51,72,68,2,0,0,0,188,5,11,28,314,105,296,188,314
BEAUFORTBELFAIR,52,0,40,0,42,8,69,160,204,190,3,0,0,0,292,8,10,28,745,92,673,292,745
BEAUFORTBLUFFTON 1A,72,0,55,0,13,16,45,41,65,102,2,0,0,3,311,11,9,28,355,127,282,311,355
BEAUFORTBLUFFTON 1B,14,0,27,0,4,8,34,18,55,86,0,0,0,1,156,1,6,19,315,41,205,156,315
BEAUFORTBLUFFTON 1C,49,0,61,0,20,23,42,51,70,147,1,0,0,3,216,8,5,24,472,110,353,216,472
BEAUFORTBLUFFTON 1D,65,0,49,0,6,5,28,18,44,73,1,0,0,1,284,7,6,28,314,114,174,284,314
BEAUFORTBLUFFTON 2A,29,0,25,0,7,9,28,28,48,56,0,0,0,0,190,2,6,13,261,54,176,190,261
BEAUFORTBLUFFTON 2B,48,0,62,1,5,9,34,19,38,86,0,0,0,0,211,7,5,25,293,111,191,211,293
BEAUFORTBLUFFTON 2C,106,0,57,0,43,20,106,121,173,204,0,0,0,4,333,7,19,44,756,163,667,333,756
BEAUFORTBLUFFTON 2D,80,0,63,1,24,17,110,47,112,189,1,0,0,3,340,13,17,33,766,144,499,340,766
BEAUFORTBLUFFTON 2E,96,0,52,0,6,12,43,21,31,41,3,0,0,0,310,6,7,21,251,148,154,310,251
BEAUFORTBLUFFTON 3,35,0,21,0,10,7,30,55,89,70,0,0,0,0,103,2,2,19,292,56,261,103,292
BEAUFORTBLUFFTON 4A,32,0,25,0,14,8,42,47,91,77,1,0,0,0,102,0,5,9,290,57,279,102,290
BEAUFORTBLUFFTON 4B,62,0,28,0,12,5,56,56,93,147,0,0,0,1,187,6,7,11,431,90,369,187,431
BEAUFORTBLUFFTON 4C,95,0,63,1,18,13,68,73,117,147,2,0,0,0,314,10,11,27,476,159,436,314,476
BEAUFORTBLUFFTON 4D,70,0,26,0,22,9,38,99,153,160,0,0,0,0,180,1,1,17,428,96,481,180,428
BEAUFORTBLUFFTON 5A,44,1,29,0,12,15,66,34,70,107,0,0,0,0,160,1,1,16,380,74,304,160,380
BEAUFORTBLUFFTON 5B,49,0,41,1,12,14,36,25,58,86,0,0,0,0,175,5,7,13,285,91,231,175,285
BEAUFORTBURTON 1A,98,0,34,0,0,17,84,26,55,79,2,0,0,1,246,6,11,16,449,132,261,246,449
BEAUFORTBURTON 1B,170,1,26,0,6,6,15,4,14,17,1,0,0,3,335,2,0,14,97,197,62,335,97
BEAUFORTBURTON 1C,135,0,51,0,17,14,38,48,79,74,2,0,0,1,315,6,11,18,265,186,270,315,265
BEAUFORTBURTON 1D,28,0,12,0,3,6,19,1,18,19,0,0,0,0,99,2,4,10,158,40,66,99,158
BEAUFORTBURTON 2A,47,0,27,0,16,16,76,23,55,78,2,0,0,4,205,2,3,21,420,74,264,205,420
BEAUFORTBURTON 2B,84,0,43,0,24,16,71,14,54,107,3,0,0,0,294,8,10,25,425,127,286,294,425
BEAUFORTBURTON 2C,78,0,40,0,31,18,95,55,134,126,3,0,0,3,249,2,9,20,558,118,459,249,558
BEAUFORTBURTON 3,46,0,13,0,8,6,21,7,7,12,0,0,0,2,125,9,5,4,85,59,61,125,85
BEAUFORTCHECHESSEE 1,71,2,34,0,47,18,65,142,171,120,0,0,0,0,260,2,14,22,541,107,563,260,541
BEAUFORTCHECHESSEE 2,59,0,30,0,18,9,55,57,133,148,0,0,0,1,217,6,9,26,475,89,420,217,475
BEAUFORTDALE LOBECO,173,1,26,0,3,9,46,4,24,47,1,0,0,1,324,4,2,11,177,200,133,324,177
BEAUFORTDAUFUSKIE,26,0,10,0,12,3,12,24,32,34,0,0,0,0,75,0,2,9,139,36,117,75,139
BEAUFORTFAILSAFE,26,0,9,0,4,5,10,10,11,9,1,0,0,0,101,2,0,8,72,35,49,101,72
BEAUFORTFAILSAFE PROVISIONAL,0,0,0,0,0,0,0,0,0,0,0,0,0,0,23,0,2,4,27,0,0,23,27
BEAUFORTHILTON HEAD 10,105,0,30,1,26,15,53,61,96,93,0,0,0,0,394,6,10,25,464,136,344,394,464
BEAUFORTHILTON HEAD 11,69,1,26,0,30,10,24,105,126,96,0,0,0,2,216,2,7,15,351,96,391,216,351
BEAUFORTHILTON HEAD 12,61,1,18,0,23,3,18,91,49,54,1,0,0,0,166,2,4,9,240,80,238,166,240
BEAUFORTHILTON HEAD 13,63,0,43,0,17,7,21,43,67,98,1,0,0,1,227,7,6,26,347,106,253,227,347
BEAUFORTHILTON HEAD 14,64,0,26,0,41,7,31,104,110,79,0,0,0,0,175,4,6,12,340,90,372,175,340
BEAUFORTHILTON HEAD 15A,31,0,16,0,15,3,18,61,65,44,0,0,0,1,121,1,2,8,203,47,206,121,203
BEAUFORTHILTON HEAD 15B,49,0,10,0,30,4,19,72,112,80,1,0,0,0,163,2,3,10,330,59,317,163,330
BEAUFORTHILTON HEAD 1A,97,0,39,0,12,4,29,26,41,74,1,0,0,5,277,2,9,18,313,136,186,277,313
BEAUFORTHILTON HEAD 1B,106,1,20,0,11,7,25,47,58,76,1,0,0,0,271,1,2,11,263,127,224,271,263
BEAUFORTHILTON HEAD 2A,83,0,38,0,17,10,26,42,57,103,0,0,0,0,316,7,2,21,386,121,255,316,386
BEAUFORTHILTON HEAD 2B,81,0,33,0,7,9,13,12,36,29,0,0,0,2,372,10,7,14,205,114,106,372,205
BEAUFORTHILTON HEAD 2C,102,0,29,0,25,11,49,132,230,143,1,0,0,0,254,6,4,12,631,131,590,254,631
BEAUFORTHILTON HEAD 3,35,0,17,0,24,9,29,78,97,86,1,0,0,1,149,1,4,19,327,52,323,149,327
BEAUFORTHILTON HEAD 4A,66,0,32,0,17,3,31,75,65,66,0,0,0,0,127,1,7,17,269,98,257,127,269
BEAUFORTHILTON HEAD 4B,111,0,35,0,50,8,17,155,136,90,0,0,0,1,231,4,4,23,425,146,456,231,425
BEAUFORTHILTON HEAD 4C,72,0,48,0,18,16,32,56,80,83,1,0,0,1,225,7,3,17,333,120,285,225,333
BEAUFORTHILTON HEAD 4D,95,0,31,0,32,3,31,105,118,89,2,0,0,1,227,2,8,19,389,126,378,227,389
BEAUFORTHILTON HEAD 5A,65,0,24,0,21,13,32,73,118,103,0,0,0,2,230,4,3,10,382,89,360,230,382
BEAUFORTHILTON HEAD 5B,85,0,12,0,37,11,35,86,106,108,0,0,0,0,188,1,4,23,356,97,383,188,356
BEAUFORTHILTON HEAD 5C,62,0,20,0,17,5,30,89,99,91,0,0,0,1,179,3,6,20,346,82,331,179,346
BEAUFORTHILTON HEAD 6,91,0,48,0,38,14,36,119,167,152,1,0,0,4,247,1,18,30,485,139,526,247,485
BEAUFORTHILTON HEAD 7A,73,1,23,0,18,11,30,82,111,102,0,0,0,0,208,3,2,18,385,97,354,208,385
BEAUFORTHILTON HEAD 7B,69,0,11,0,14,11,40,71,111,108,0,0,0,0,225,2,7,17,411,80,355,225,411
BEAUFORTHILTON HEAD 8,57,0,25,0,16,5,23,54,54,90,1,0,0,0,168,6,4,16,261,82,242,168,261
BEAUFORTHILTON HEAD 9A,62,3,41,0,30,8,37,89,102,92,1,0,0,3,306,12,11,34,474,106,358,306,474
BEAUFORTHILTON HEAD 9B,47,0,10,0,35,6,36,156,198,150,0,0,0,0,142,4,8,15,535,57,581,142,535
BEAUFORTLADYS ISLAND 1A,90,0,41,0,23,15,56,26,58,69,1,0,0,0,233,4,9,37,411,131,247,233,411
BEAUFORTLADYS ISLAND 1B,121,0,27,0,28,9,58,70,123,90,0,0,0,0,282,1,4,23,404,148,378,282,404
BEAUFORTLADYS ISLAND 2A,64,0,64,0,29,36,78,57,141,161,3,0,0,4,192,7,7,28,580,128,502,192,580
BEAUFORTLADYS ISLAND 2B,61,0,36,0,9,18,37,43,108,86,0,0,0,0,178,6,9,18,380,97,301,178,380
BEAUFORTLADYS ISLAND 2C,38,0,25,1,19,18,40,27,62,65,2,0,0,0,151,6,5,23,298,64,231,151,298
BEAUFORTLADYS ISLAND 3A,53,0,30,2,18,14,34,31,97,83,0,0,0,2,128,4,6,9,290,85,277,128,290
BEAUFORTLADYS ISLAND 3B,40,0,29,0,27,20,30,59,112,79,1,0,0,1,146,11,4,14,364,69,327,146,364
BEAUFORTLADYS ISLAND 3C,37,0,27,1,12,17,46,30,63,77,1,0,0,2,128,1,14,12,297,65,245,128,297
BEAUFORTMOSS CREEK,128,1,41,0,35,13,44,172,192,145,2,0,0,0,345,8,11,31,582,170,601,345,582
BEAUFORTMOSSY OAKS 1A,70,0,31,0,21,13,37,28,55,89,0,0,0,2,162,4,4,16,306,101,243,162,306
BEAUFORTMOSSY OAKS 1B,55,0,42,0,34,18,72,40,62,79,0,0,0,1,166,3,12,21,383,97,305,166,383
BEAUFORTPORT ROYAL 1,81,0,38,0,12,13,37,32,55,54,4,0,0,5,213,2,3,11,275,119,203,213,275
BEAUFORTPORT ROYAL 2,70,1,38,0,8,12,32,23,43,40,0,0,0,5,236,6,4,16,243,109,158,236,243
BEAUFORTPROVISIONAL,25,0,8,1,13,5,12,18,39,48,1,0,0,0,83,1,4,7,106,34,135,83,106
BEAUFORTROSE HILL,76,0,49,0,37,22,73,99,143,215,2,0,0,4,255,5,13,32,691,125,589,255,691
BEAUFORTSAINT HELENA 1A,238,0,27,2,7,2,13,6,25,25,0,0,0,0,406,2,1,14,101,267,78,406,101
BEAUFORTSAINT HELENA 1B,277,0,36,1,1,7,11,9,32,33,0,0,0,0,449,2,1,12,137,314,93,449,137
BEAUFORTSAINT HELENA 1C,101,1,28,1,49,3,34,178,232,90,2,0,0,1,252,5,9,25,494,131,586,252,494
BEAUFORTSAINT HELENA 2A,159,0,19,1,10,2,32,26,42,64,1,0,0,1,340,2,6,7,232,179,176,340,232
BEAUFORTSAINT HELENA 2B,214,0,41,2,4,9,28,6,19,33,2,0,0,2,434,3,6,4,148,257,99,434,148
BEAUFORTSAINT HELENA 2C,78,1,32,0,16,15,40,63,113,112,0,0,0,4,180,2,5,12,406,111,359,180,406
BEAUFORTSEABROOK 1,81,0,11,0,7,10,43,7,16,57,1,0,0,4,204,5,5,7,266,92,140,204,266
BEAUFORTSEABROOK 2,141,1,22,2,7,1,29,14,32,23,1,0,0,0,282,2,3,4,119,166,106,282,119
BEAUFORTSEABROOK 3,149,0,28,3,9,12,42,17,30,62,1,0,0,2,343,4,6,17,280,180,172,343,280
BEAUFORTSHELDON 1,132,0,25,0,12,5,34,40,82,40,0,0,0,2,290,3,2,8,228,157,213,290,228
BEAUFORTSHELDON 2,156,0,16,2,4,0,5,2,1,7,0,0,0,1,317,2,4,3,40,174,19,317,40
BEAUFORTSUN CITY 1,131,0,25,0,30,10,54,118,131,186,1,0,0,2,196,2,9,14,442,156,529,196,442
BEAUFORTSUN CITY 2,79,0,36,1,31,1,47,98,81,139,0,0,0,2,156,5,2,11,267,116,397,156,267
BEAUFORTSUN CITY 3,122,1,39,0,18,13,77,115,158,205,1,0,0,1,232,0,5,9,434,162,586,232,434
BEAUFORTSUN CITY 4,114,0,38,0,33,6,60,91,124,167,0,0,0,1,196,4,1,7,353,152,481,196,353
BEAUFORTSUN CITY 5,117,1,29,0,26,11,70,110,133,148,1,0,0,0,169,4,1,5,376,147,498,169,376
BEAUFORTSUN CITY 6,92,0,31,0,18,12,52,112,106,140,0,0,0,1,168,2,4,15,352,123,440,168,352
BEAUFORTSUN CITY 7,79,0,30,0,24,10,54,93,93,135,0,0,0,2,157,1,4,9,315,109,409,157,315
BEAUFORTSUN CITY 8,102,0,31,0,26,14,55,83,111,139,2,0,0,2,223,3,11,11,398,133,428,223,398
BERKELEYALVIN,200,1,19,2,3,8,32,4,15,56,0,0,0,0,337,1,0,4,200,222,118,337,200
BERKELEYBETHERA,0,0,3,0,7,3,26,0,10,39,0,0,0,0,13,0,1,3,133,3,85,13,133
BERKELEYBEVERLY HILLS,102,0,47,2,21,11,39,7,36,76,0,0,2,5,312,13,7,23,305,151,190,312,305
BERKELEYBONNEAU,90,0,18,2,17,14,51,6,28,102,0,0,2,2,222,3,2,8,384,110,218,222,384
BERKELEYBONNEAU BEACH,58,0,20,0,48,29,115,18,78,184,0,0,1,2,162,4,5,13,666,78,472,162,666
BERKELEYCAINHOY,235,0,41,1,5,5,9,0,24,33,0,0,0,1,437,1,3,4,94,277,76,437,94
BERKELEYCANE BAY,184,1,98,1,80,70,204,107,329,391,0,0,3,9,603,7,28,71,1266,284,1181,603,1266
BERKELEYCARNES CROSS ROAD 1,35,1,49,0,74,28,181,16,92,287,0,0,2,6,164,6,10,35,1081,85,678,164,1081
BERKELEYCARNES CROSS ROAD 2,61,0,21,0,20,21,47,10,61,85,0,0,1,3,208,7,9,23,356,82,244,208,356
BERKELEYCENTRAL,169,0,76,1,44,31,116,16,100,147,0,0,4,1,471,8,13,51,675,246,454,471,675
BERKELEYCORDESVILLE,90,0,15,1,21,24,49,7,36,70,0,0,1,3,197,10,3,6,382,106,207,197,382
BERKELEYCROSS,109,0,18,0,19,8,51,5,24,85,0,0,1,1,215,3,2,8,293,127,192,215,293
BERKELEYDANIEL ISLAND 1,64,0,14,0,63,8,42,79,198,80,0,0,0,0,229,0,8,29,568,78,470,229,568
BERKELEYDANIEL ISLAND 2,88,0,56,0,74,16,72,84,180,120,0,0,0,5,346,4,17,45,454,144,546,346,454
BERKELEYDANIEL ISLAND 3,83,0,72,0,66,18,53,77,148,87,0,0,0,1,354,4,19,42,491,155,449,354,491
BERKELEYDANIEL ISLAND 4,93,0,40,0,93,22,58,115,206,147,0,0,1,0,433,4,32,62,703,133,641,433,703
BERKELEYDEVON FOREST 1,100,1,62,0,30,24,86,18,67,106,0,0,3,5,384,14,10,49,602,163,331,384,602
BERKELEYDEVON FOREST 2,76,0,66,3,44,23,103,15,103,125,0,0,1,1,279,11,9,33,510,145,413,279,510
BERKELEYDISCOVERY,89,1,80,0,17,18,78,8,46,90,0,0,1,2,362,8,16,37,440,170,257,362,440
BERKELEYEADYTOWN,166,0,15,0,3,2,2,2,17,28,0,0,0,0,267,1,0,2,102,181,54,267,102
BERKELEYEMERGENCY,25,0,4,0,10,0,7,3,13,31,0,0,1,0,87,0,4,4,160,29,64,87,160
BERKELEYFAILSAFE,5,0,1,1,3,0,2,0,2,3,0,0,0,0,24,2,0,1,26,7,10,24,26
BERKELEYFAILSAFE PROVISIONAL,5,0,6,0,0,0,1,0,1,0,0,0,0,0,25,1,0,3,44,11,2,25,44
BERKELEYFOSTER CREEK 1,69,0,41,1,21,14,69,22,63,80,0,0,0,0,73,2,3,12,115,111,269,73,115
BERKELEYFOSTER CREEK 2,108,1,47,1,32,34,103,39,151,141,0,0,0,4,420,8,22,68,766,157,500,420,766
BERKELEYFOSTER CREEK 3,84,0,62,1,40,20,75,16,84,103,0,0,0,6,336,5,12,44,486,147,338,336,486
BERKELEYFOX BANK,80,2,49,2,31,32,81,18,99,108,0,0,2,3,336,9,21,43,585,133,369,336,585
BERKELEYHANAHAN 1,76,0,68,2,73,40,142,44,161,250,0,0,2,5,274,7,11,58,884,146,710,274,884
BERKELEYHANAHAN 2,56,0,52,2,35,16,62,26,58,98,0,0,0,3,260,15,11,29,391,110,295,260,391
BERKELEYHANAHAN 3,46,0,36,0,42,10,71,18,60,151,0,0,2,3,181,12,11,31,440,82,352,181,440
BERKELEYHANAHAN 4,64,0,71,0,33,12,43,6,42,91,0,0,0,5,304,9,11,40,356,135,227,304,356
BERKELEYHANAHAN 5,33,1,34,0,46,19,81,25,123,167,0,0,0,1,146,5,9,25,529,68,461,146,529
BERKELEYHARBOUR LAKE,135,0,64,2,27,12,26,4,23,69,0,0,3,1,530,12,8,23,273,201,161,530,273
BERKELEYHILTON CROSS RD,183,1,39,0,16,13,57,8,15,104,0,0,1,1,376,5,5,10,346,223,213,376,346
BERKELEYHOWE HALL 1,154,0,68,5,32,20,72,16,43,111,0,0,2,4,493,12,8,36,425,227,294,493,425
BERKELEYHOWE HALL 2,67,0,36,3,23,14,54,12,37,71,0,0,2,5,228,8,10,29,272,106,211,228,272
BERKELEYHUGER,158,1,23,1,11,4,45,3,21,59,0,0,1,2,396,5,5,10,220,183,143,396,220
BERKELEYJAMESTOWN,87,1,13,0,3,8,18,0,13,49,0,0,1,0,186,4,0,7,127,101,91,186,127
BERKELEYLEBANON,20,0,4,0,18,9,41,6,32,95,0,0,0,0,69,0,3,8,358,24,201,69,358
BERKELEYLIBERTY HALL,172,0,86,2,28,23,74,16,81,129,0,0,1,9,529,15,27,57,576,260,351,529,576
BERKELEYMACEDONIA,23,0,12,0,42,29,145,11,73,214,0,0,4,0,86,2,5,18,896,35,514,86,896
BERKELEYMCBETH,91,0,18,0,25,10,35,9,32,99,0,0,0,1,158,2,3,7,316,109,210,158,316
BERKELEYMEDWAY,261,1,131,2,48,38,148,18,107,155,0,0,4,5,783,23,24,70,791,395,514,783,791
BERKELEYMONCKS CORNER 1,100,0,32,2,33,23,87,11,57,151,0,0,0,0,273,2,5,20,453,134,362,273,453
BERKELEYMONCKS CORNER 2,106,0,32,1,26,27,51,8,34,77,0,0,3,1,312,4,6,12,392,139,223,312,392
BERKELEYMONCKS CORNER 3,149,0,55,4,26,20,68,5,45,107,0,0,1,3,437,5,18,24,453,208,271,437,453
BERKELEYMONCKS CORNER 4,47,0,13,1,39,26,128,23,137,156,0,0,2,2,221,8,11,17,749,61,509,221,749
BERKELEYMOULTRIE,311,0,31,1,2,2,14,2,7,15,0,0,0,1,516,2,4,8,128,343,42,516,128
BERKELEYOLD 52,60,0,16,0,19,20,46,8,47,88,0,0,1,3,129,0,5,9,223,76,228,129,223
BERKELEYPIMLICO,110,1,59,1,57,56,185,38,148,235,0,0,5,4,422,4,16,73,1043,171,719,422,1043
BERKELEYPINOPOLIS,53,0,21,1,58,44,115,27,142,186,0,0,0,4,150,2,6,10,727,75,572,150,727
BERKELEYPROVISIONAL,9,0,2,0,2,1,5,0,1,3,0,0,1,0,44,2,0,1,59,11,12,44,59
BERKELEYROYLE,83,0,33,1,34,25,66,6,64,90,0,0,3,4,224,3,12,18,416,117,285,224,416
BERKELEYRUSSELLVILLE,296,0,29,3,6,4,16,2,14,13,0,0,1,1,464,3,3,3,98,328,55,464,98
BERKELEYSANGAREE 1,55,1,39,0,21,15,40,8,28,78,0,0,4,3,171,7,8,16,326,95,190,171,326
BERKELEYSANGAREE 2,93,0,50,0,22,29,86,14,57,99,0,0,2,1,268,8,5,22,473,143,307,268,473
BERKELEYSANGAREE 3,80,0,32,2,14,15,74,8,43,106,0,0,0,1,227,7,3,27,427,114,260,227,427
BERKELEYSEDGEFIELD 1,96,0,37,0,38,11,50,8,44,72,0,0,0,2,314,5,7,19,404,133,223,314,404
BERKELEYSEDGEFIELD 2,60,0,37,0,18,13,41,4,35,64,0,0,0,1,183,8,8,25,251,97,175,183,251
BERKELEYSEVENTY EIGHT,68,0,48,0,18,16,64,16,63,78,0,0,3,1,272,10,17,34,360,116,255,272,360
BERKELEYSHULERVILLE,59,0,7,0,10,7,10,0,14,20,0,0,0,0,98,2,0,5,128,66,61,98,128
BERKELEYST. JAMES,97,1,42,0,46,23,71,16,57,97,0,0,2,0,302,4,13,30,425,140,310,302,425
BERKELEYST. STEPHEN 1,270,0,24,3,5,4,11,1,18,32,0,0,1,2,554,1,3,8,105,297,71,554,105
BERKELEYST. STEPHEN 2,148,0,23,2,18,4,59,4,29,70,0,0,1,0,323,1,8,9,333,173,184,323,333
BERKELEYSTONE LAKE,76,0,49,0,42,32,110,19,93,86,0,0,0,1,210,1,12,27,508,125,382,210,508
BERKELEYSTRATFORD 1,57,0,41,1,21,10,61,9,32,82,0,0,2,2,288,6,11,23,364,99,215,288,364
BERKELEYSTRATFORD 2,88,0,41,0,38,32,119,48,213,218,0,0,0,0,226,4,9,35,656,129,668,226,656
BERKELEYSTRATFORD 3,101,1,57,0,39,22,121,20,83,114,0,0,0,2,339,7,13,36,539,159,399,339,539
BERKELEYSTRATFORD 4,88,0,48,0,32,21,99,19,75,118,0,0,3,5,300,11,10,31,498,136,364,300,498
BERKELEYSTRATFORD 5,61,0,45,1,21,8,43,11,38,81,0,0,1,5,295,8,10,25,305,107,202,295,305
BERKELEYTHE VILLAGE,69,1,77,0,30,47,128,47,177,175,0,0,1,7,327,2,19,59,822,147,604,327,822
BERKELEYTRAMWAY,84,0,57,0,24,38,76,13,76,126,0,0,1,2,310,8,15,36,557,141,353,310,557
BERKELEYWASSAMASSAW 1,90,0,26,1,1,4,30,3,14,49,0,0,0,0,192,4,1,8,171,117,101,192,171
BERKELEYWASSAMASSAW 2,147,0,54,3,49,28,151,11,96,204,0,0,2,4,393,5,14,40,807,204,539,393,807
BERKELEYWEATHERSTONE,64,0,55,0,19,23,67,10,60,83,0,0,1,4,317,13,9,36,424,119,262,317,424
BERKELEYWESTVIEW 1,66,0,40,0,49,22,120,23,124,138,0,0,1,6,194,3,8,32,568,106,476,194,568
BERKELEYWESTVIEW 2,93,0,67,1,46,29,133,26,122,138,0,0,0,4,308,3,5,56,614,161,494,308,614
BERKELEYWESTVIEW 3,63,0,38,0,43,25,98,15,62,163,0,0,1,8,206,16,8,25,548,101,406,206,548
BERKELEYWESTVIEW 4,87,0,59,2,34,27,119,26,118,135,0,0,1,1,237,9,16,31,510,148,459,237,510
BERKELEYWHITESVILLE 1,161,0,47,0,20,22,104,16,56,128,0,0,1,1,441,5,11,44,621,208,346,441,621
BERKELEYWHITESVILLE 2,42,0,23,0,27,28,95,2,53,126,0,0,1,2,156,1,9,11,513,65,331,156,513
BERKELEYYELLOW HOUSE,146,2,71,0,24,24,62,29,116,103,0,0,1,3,364,4,13,32,455,219,358,364,455
CALHOUNBETHEL,51,0,19,0,23,6,50,4,38,86,0,0,0,1,128,3,1,9,378,70,207,128,378
CALHOUNCAMERON,102,0,19,1,18,3,30,10,32,54,0,0,1,2,190,3,7,11,202,122,147,190,202
CALHOUNCENTER HILL,142,0,22,0,16,8,31,4,28,64,0,0,1,0,306,4,2,12,281,164,151,306,281
CALHOUNCRESTON,27,0,0,0,12,1,13,2,12,17,0,0,0,2,46,0,1,1,78,27,57,46,78
CALHOUNDIXIE,333,2,52,0,19,23,34,10,32,39,0,0,0,3,639,0,6,12,219,387,157,639,219
CALHOUNFAILSAFE,14,0,0,0,0,0,2,0,1,0,0,0,1,0,25,0,0,1,28,14,3,25,28
CALHOUNFAILSAFE PROVISIONAL,0,0,0,0,0,0,0,0,0,0,0,0,0,0,1,0,0,0,2,0,0,1,2
CALHOUNFALL BRANCH,54,0,10,0,18,6,27,2,13,41,0,0,0,0,121,4,1,2,172,64,107,121,172
CALHOUNFORT MOTTE,37,0,12,0,5,5,15,2,11,14,0,0,0,0,84,0,0,3,74,49,52,84,74
CALHOUNLONE STAR,113,0,17,0,17,15,34,11,51,74,0,0,0,0,219,0,4,4,299,130,202,219,299
CALHOUNMIDWAY,29,0,1,0,12,3,42,8,16,51,0,0,1,1,46,0,0,1,157,30,132,46,157
CALHOUNMURPH MILL,63,1,8,0,8,3,21,2,7,21,0,0,0,2,117,0,1,3,110,72,62,117,110
CALHOUNSANDY RUN,65,0,24,0,39,38,149,22,85,160,0,0,1,1,228,5,8,13,734,89,493,228,734
CALHOUNST. MATTHEWS,149,1,29,1,39,21,73,15,66,93,0,0,0,0,301,4,3,15,426,180,307,301,426
CHARLESTONAWENDAW,180,0,36,2,16,13,42,24,63,89,0,0,1,1,325,4,3,8,261,218,247,325,261
CHARLESTONCHARLESTON 1,54,0,24,1,82,5,18,61,109,53,0,0,0,0,150,1,6,28,257,79,328,150,257
CHARLESTONCHARLESTON 10,51,1,89,0,6,5,1,11,14,9,0,0,0,0,213,12,1,16,42,141,46,213,42
CHARLESTONCHARLESTON 11,85,2,110,0,22,5,15,20,44,33,0,0,1,3,382,7,17,47,157,197,139,382,157
CHARLESTONCHARLESTON 12,147,2,101,0,14,0,11,25,36,20,0,0,1,0,454,8,8,28,108,250,106,454,108
CHARLESTONCHARLESTON 13,166,0,140,1,4,2,8,12,18,4,0,0,0,2,430,4,5,33,62,307,48,430,62
CHARLESTONCHARLESTON 14,90,1,104,0,1,3,10,12,12,22,0,0,0,0,345,10,7,23,78,195,60,345,78
CHARLESTONCHARLESTON 15,98,0,50,1,2,0,1,2,2,3,0,0,1,0,490,7,4,9,19,149,10,490,19
CHARLESTONCHARLESTON 16,201,1,87,0,5,3,7,14,15,8,0,0,0,1,442,12,6,27,60,289,52,442,60
CHARLESTONCHARLESTON 17,199,0,106,0,8,1,10,30,26,14,0,0,0,0,359,6,10,37,67,305,89,359,67
CHARLESTONCHARLESTON 18,215,1,112,4,7,3,5,5,14,4,0,0,0,1,568,14,8,11,43,332,38,568,43
CHARLESTONCHARLESTON 19,161,0,64,1,5,0,3,3,8,6,0,0,1,2,348,7,4,15,48,226,25,348,48
CHARLESTONCHARLESTON 2,56,0,36,0,62,5,28,59,106,50,0,0,1,0,194,3,10,26,236,92,310,194,236
CHARLESTONCHARLESTON 20,177,0,119,2,14,6,15,38,52,42,0,0,1,1,456,9,15,41,144,298,167,456,144
CHARLESTONCHARLESTON 21,155,0,26,2,2,1,7,1,3,5,0,0,0,1,273,2,1,11,33,183,19,273,33
CHARLESTONCHARLESTON 3,100,0,55,0,62,4,15,97,116,34,0,0,0,0,267,8,7,40,209,155,328,267,209
CHARLESTONCHARLESTON 4,75,0,53,0,44,4,6,46,36,32,0,0,0,0,251,8,10,34,149,128,168,251,149
CHARLESTONCHARLESTON 5,87,0,55,0,21,10,11,47,56,30,0,0,1,1,242,3,4,29,157,142,175,242,157
CHARLESTONCHARLESTON 6,92,1,73,0,24,7,14,33,58,32,0,0,0,3,294,11,6,30,165,166,168,294,165
CHARLESTONCHARLESTON 7,63,1,114,0,19,5,11,54,53,47,0,0,1,1,341,16,6,35,189,178,189,341,189
CHARLESTONCHARLESTON 8,130,1,112,0,4,3,2,2,9,7,0,0,1,1,427,11,5,22,34,243,27,427,34
CHARLESTONCHARLESTON 9,110,0,69,0,9,1,8,19,21,6,0,0,2,1,296,6,5,19,75,179,64,296,75
CHARLESTONCHRIST CHURCH,140,0,26,2,15,7,39,11,48,62,0,0,1,1,229,3,2,11,181,168,182,229,181
CHARLESTONDEER PARK 1A,98,0,41,1,16,7,41,1,14,30,0,0,1,6,308,11,6,21,170,140,109,308,170
CHARLESTONDEER PARK 1B,148,1,115,1,35,24,85,15,112,124,0,0,2,4,473,14,7,56,444,265,395,473,444
CHARLESTONDEER PARK 2A,186,0,109,0,28,17,102,11,77,128,0,0,2,3,552,8,9,34,514,295,363,552,514
CHARLESTONDEER PARK 2B,102,1,84,1,28,14,57,3,38,70,0,0,0,2,381,8,8,30,321,188,210,381,321
CHARLESTONDEER PARK 2C,107,0,42,1,22,12,49,15,37,69,0,0,1,1,198,3,4,16,225,150,204,198,225
CHARLESTONDEER PARK 3,179,0,60,2,16,11,41,9,48,65,0,0,2,2,479,8,12,32,285,241,190,479,285
CHARLESTONEDISTO ISLAND,181,4,44,0,36,14,66,41,82,95,0,0,2,2,360,2,9,19,368,229,334,360,368
CHARLESTONFAILSAFE,143,0,106,1,15,17,29,13,36,50,0,0,0,0,251,0,5,5,95,250,160,251,95
CHARLESTONFAILSAFE/PROVISIONAL,0,0,0,0,0,0,0,0,0,0,0,0,1,1,157,3,2,17,122,0,0,157,122
CHARLESTONFOLLY BEACH 1,59,1,67,0,23,15,19,38,56,85,0,0,2,0,238,14,2,29,265,127,236,238,265
CHARLESTONFOLLY BEACH 2,78,0,81,0,25,7,56,47,76,78,0,0,1,3,301,5,5,43,334,159,289,301,334
CHARLESTONISLE OF PALMS 1A,51,1,48,0,46,19,29,53,98,76,0,0,0,2,190,11,7,32,323,100,321,190,323
CHARLESTONISLE OF PALMS 1B,74,0,83,0,38,14,91,57,95,116,0,0,0,2,240,4,10,47,449,157,411,240,449
CHARLESTONISLE OF PALMS 1C,77,0,47,0,62,22,56,104,195,130,0,0,0,2,219,3,4,38,432,124,569,219,432
CHARLESTONJAMES ISLAND 10,76,0,98,0,25,10,56,34,67,88,0,0,3,0,325,14,8,52,322,174,280,325,322
CHARLESTONJAMES ISLAND 11,87,0,101,0,30,20,80,50,128,129,0,0,1,1,325,8,14,63,402,188,437,325,402
CHARLESTONJAMES ISLAND 12,67,1,85,0,44,19,65,71,79,69,0,0,0,4,214,6,7,46,296,153,347,214,296
CHARLESTONJAMES ISLAND 13,116,0,70,0,61,15,55,83,127,107,0,0,2,2,281,7,5,38,299,186,448,281,299
CHARLESTONJAMES ISLAND 14,40,0,62,0,43,10,34,36,59,63,0,0,0,0,196,7,6,27,271,102,245,196,271
CHARLESTONJAMES ISLAND 15,101,0,107,0,30,13,49,40,84,83,0,0,0,1,369,17,8,56,378,208,299,369,378
CHARLESTONJAMES ISLAND 17,82,0,87,0,52,10,43,69,107,81,0,0,0,1,404,13,12,66,307,169,362,404,307
CHARLESTONJAMES ISLAND 19,73,0,90,0,30,11,34,17,59,45,0,0,1,0,363,10,7,60,301,163,196,363,301
CHARLESTONJAMES ISLAND 1A,148,0,92,0,34,18,58,55,69,102,0,0,3,5,473,12,6,62,384,240,336,473,384
CHARLESTONJAMES ISLAND 1B,171,0,36,1,3,3,11,1,13,10,0,0,0,3,262,3,2,9,51,208,41,262,51
CHARLESTONJAMES ISLAND 20,103,0,119,0,32,13,38,25,62,67,0,0,1,3,360,18,10,43,297,222,237,360,297
CHARLESTONJAMES ISLAND 22,95,0,160,0,53,15,36,62,68,73,0,0,0,2,360,14,12,54,271,255,307,360,271
CHARLESTONJAMES ISLAND 3,225,0,49,5,3,2,8,3,8,4,0,0,0,0,312,8,1,7,48,279,28,312,48
CHARLESTONJAMES ISLAND 5A,75,0,85,0,51,28,77,47,126,82,0,0,0,2,240,9,14,48,312,160,411,240,312
CHARLESTONJAMES ISLAND 5B,18,0,37,0,15,12,36,24,59,53,0,0,1,0,104,4,1,20,197,55,199,104,197
CHARLESTONJAMES ISLAND 6,148,0,116,0,32,13,62,42,74,89,0,0,0,2,355,9,4,37,313,264,312,355,313
CHARLESTONJAMES ISLAND 7,119,1,141,0,23,18,53,51,114,103,0,0,1,0,393,13,10,56,376,261,362,393,376
CHARLESTONJAMES ISLAND 8A,130,0,71,1,45,7,40,65,71,49,0,0,0,1,298,4,10,24,180,202,277,298,180
CHARLESTONJAMES ISLAND 8B,102,2,135,0,28,16,43,27,61,64,0,0,0,3,432,10,8,64,371,239,239,432,371
CHARLESTONJAMES ISLAND 9,80,1,93,1,28,28,57,32,69,60,0,0,2,1,341,14,10,48,331,175,274,341,331
CHARLESTONJOHNS ISLAND 1A,118,1,53,0,36,18,128,60,126,148,0,0,2,2,236,9,8,13,443,172,516,236,443
CHARLESTONJOHNS ISLAND 1B,216,0,66,0,21,10,58,20,51,63,0,0,0,0,385,10,5,22,249,282,223,385,249
CHARLESTONJOHNS ISLAND 2,191,1,172,1,55,28,138,97,212,199,0,0,1,7,718,17,22,117,845,365,729,718,845
CHARLESTONJOHNS ISLAND 3A,145,0,92,4,48,22,120,57,117,145,0,0,1,3,481,21,14,75,672,241,509,481,672
CHARLESTONJOHNS ISLAND 3B,172,0,56,0,29,23,67,36,106,95,0,0,1,6,392,4,7,17,359,228,356,392,359
CHARLESTONJOHNS ISLAND 4,154,0,36,0,10,3,31,11,45,65,0,0,2,3,255,5,10,16,201,190,165,255,201
CHARLESTONKIAWAH ISLAND,119,0,24,0,61,6,34,176,257,131,0,0,0,1,281,6,11,49,531,143,665,281,531
CHARLESTONLADSON,243,0,96,2,31,20,93,12,50,96,0,0,4,4,632,13,18,29,429,341,302,632,429
CHARLESTONLINCOLNVILLE,160,1,50,2,21,7,43,18,49,95,0,0,3,6,387,8,8,22,331,213,233,387,331
CHARLESTONMCCLELLANVILLE,318,2,55,1,23,8,52,24,45,48,0,0,1,1,555,5,7,24,231,376,200,555,231
CHARLESTONMT. PLEASANT 1,92,0,51,1,72,13,40,91,166,66,0,0,0,0,328,7,4,47,353,144,448,328,353
CHARLESTONMT. PLEASANT 10,50,0,30,0,40,19,44,49,101,81,0,0,0,0,143,5,6,27,258,80,334,143,258
CHARLESTONMT. PLEASANT 11,70,0,55,0,28,17,46,35,60,82,0,0,1,0,203,6,9,33,255,125,268,203,255
CHARLESTONMT. PLEASANT 12,114,0,83,0,51,11,70,36,117,123,0,0,2,6,350,8,12,40,459,197,408,350,459
CHARLESTONMT. PLEASANT 13,57,0,42,0,43,14,33,44,75,48,0,0,1,0,206,11,4,40,259,99,257,206,259
CHARLESTONMT. PLEASANT 14,52,0,61,0,29,14,36,37,84,65,0,0,0,4,275,10,15,44,315,113,265,275,315
CHARLESTONMT. PLEASANT 15,200,1,77,0,99,29,70,169,247,172,0,0,1,2,435,9,15,48,485,278,786,435,485
CHARLESTONMT. PLEASANT 16,35,0,28,0,35,15,38,67,118,61,0,0,1,0,109,3,5,27,185,63,334,109,185
CHARLESTONMT. PLEASANT 17,123,0,135,0,72,32,152,98,269,185,0,0,1,1,374,10,10,87,646,258,808,374,646
CHARLESTONMT. PLEASANT 18,50,0,53,0,44,25,62,96,138,114,0,0,0,2,183,6,14,44,352,103,479,183,352
CHARLESTONMT. PLEASANT 19,93,0,95,0,35,20,62,54,103,103,0,0,3,1,336,13,18,47,386,188,377,336,386
CHARLESTONMT. PLEASANT 2,47,0,48,0,32,7,29,29,102,60,0,0,0,1,164,4,8,39,192,95,259,164,192
CHARLESTONMT. PLEASANT 20,133,0,69,1,37,19,55,68,144,92,0,0,1,2,299,9,12,25,312,203,415,299,312
CHARLESTONMT. PLEASANT 21,105,0,50,0,50,9,43,133,139,106,0,0,1,1,217,7,10,33,284,155,480,217,284
CHARLESTONMT. PLEASANT 22,64,0,32,0,16,9,25,25,44,59,0,0,1,3,225,1,11,26,240,96,178,225,240
CHARLESTONMT. PLEASANT 23,114,1,72,0,25,22,57,43,92,91,0,0,2,4,365,7,11,46,315,187,330,365,315
CHARLESTONMT. PLEASANT 24,38,0,47,0,21,11,29,33,65,58,0,0,1,0,141,7,3,25,179,85,217,141,179
CHARLESTONMT. PLEASANT 25,43,0,38,0,38,10,50,80,110,104,0,0,0,1,111,2,7,23,210,81,392,111,210
CHARLESTONMT. PLEASANT 26,169,0,23,1,1,1,1,0,0,1,0,0,0,0,212,0,2,1,9,193,4,212,9
CHARLESTONMT. PLEASANT 27,141,0,90,1,74,34,140,104,297,181,0,0,2,4,397,12,20,74,659,232,830,397,659
CHARLESTONMT. PLEASANT 28,64,1,68,0,33,24,63,53,155,81,0,0,0,3,193,9,13,47,323,133,409,193,323
CHARLESTONMT. PLEASANT 29,17,0,7,0,15,8,17,17,36,27,0,0,0,2,50,0,2,7,80,24,120,50,80
CHARLESTONMT. PLEASANT 3,160,0,77,0,52,11,51,98,121,76,0,0,1,0,289,10,9,48,307,237,409,289,307
CHARLESTONMT. PLEASANT 30,122,1,103,0,82,29,120,123,218,203,0,0,3,2,401,7,19,59,656,226,775,401,656
CHARLESTONMT. PLEASANT 31,97,1,28,1,41,11,41,35,102,95,0,0,0,0,224,1,9,16,297,127,325,224,297
CHARLESTONMT. PLEASANT 32,110,0,71,1,70,33,118,78,216,169,0,0,1,0,350,6,23,49,685,182,684,350,685
CHARLESTONMT. PLEASANT 33,137,0,87,0,105,38,192,178,407,323,0,0,4,3,469,3,28,73,1062,224,1243,469,1062
CHARLESTONMT. PLEASANT 34,92,0,55,0,43,28,91,43,135,129,0,0,0,2,215,7,5,30,362,147,469,215,362
CHARLESTONMT. PLEASANT 35,171,0,168,0,111,50,249,145,433,337,0,0,3,4,609,26,29,85,1112,339,1325,609,1112
CHARLESTONMT. PLEASANT 36,97,0,57,0,32,24,60,32,92,94,0,0,2,3,319,10,19,47,405,154,334,319,405
CHARLESTONMT. PLEASANT 37,307,1,82,2,68,31,130,119,309,215,0,0,0,1,705,14,21,61,692,392,872,705,692
CHARLESTONMT. PLEASANT 38,88,1,66,0,60,13,89,57,152,140,0,0,0,1,179,6,13,32,418,155,511,179,418
CHARLESTONMT. PLEASANT 39,80,0,67,0,41,36,110,79,245,179,0,0,0,1,333,5,13,40,663,147,690,333,663
CHARLESTONMT. PLEASANT 4,86,0,61,0,51,11,39,77,91,110,0,0,1,0,301,4,10,49,343,147,379,301,343
CHARLESTONMT. PLEASANT 5,61,0,51,0,67,15,61,73,116,81,0,0,2,1,212,5,7,47,338,112,413,212,338
CHARLESTONMT. PLEASANT 6,87,0,86,1,47,23,74,61,120,107,0,0,1,0,325,17,19,48,449,174,432,325,449
CHARLESTONMT. PLEASANT 7,48,0,44,0,15,14,27,28,57,59,0,0,1,0,160,4,2,30,204,92,200,160,204
CHARLESTONMT. PLEASANT 8,52,1,44,0,23,20,38,36,73,60,0,0,0,0,173,3,6,25,206,97,250,173,206
CHARLESTONMT. PLEASANT 9,60,0,47,0,31,11,41,57,104,72,0,0,1,1,149,5,6,26,270,107,316,149,270
CHARLESTONNORTH CHARLESTON 1,214,0,36,0,0,1,0,0,0,0,0,0,1,0,344,2,4,1,13,250,1,344,13
CHARLESTONNORTH CHARLESTON 10,159,0,39,4,7,4,23,3,10,23,0,0,1,2,449,3,7,12,108,202,70,449,108
CHARLESTONNORTH CHARLESTON 11,57,0,70,0,29,15,44,11,51,53,0,0,0,1,202,9,11,30,213,127,203,202,213
CHARLESTONNORTH CHARLESTON 12,50,0,71,0,21,15,39,16,53,46,0,0,1,3,202,6,18,39,149,121,190,202,149
CHARLESTONNORTH CHARLESTON 13,182,0,27,1,3,1,6,2,3,9,0,0,1,3,352,3,4,0,39,210,24,352,39
CHARLESTONNORTH CHARLESTON 14,63,0,57,1,5,4,10,5,11,27,0,0,0,2,194,10,1,14,79,121,62,194,79
CHARLESTONNORTH CHARLESTON 15,137,0,38,1,1,3,7,5,5,10,0,0,0,3,398,8,0,14,66,176,31,398,66
CHARLESTONNORTH CHARLESTON 16,128,0,36,0,12,3,0,2,16,21,0,0,0,1,297,6,0,7,68,164,54,297,68
CHARLESTONNORTH CHARLESTON 17,123,0,19,4,1,1,2,1,1,9,0,0,2,0,253,2,0,2,24,146,15,253,24
CHARLESTONNORTH CHARLESTON 18,209,0,76,6,9,9,17,5,18,30,0,0,0,3,522,10,2,17,118,291,88,522,118
CHARLESTONNORTH CHARLESTON 19,170,0,42,1,3,1,5,0,7,16,0,0,1,2,327,3,3,3,64,213,32,327,64
CHARLESTONNORTH CHARLESTON 2,65,0,10,1,1,0,2,0,0,1,0,0,0,0,147,1,0,2,8,76,4,147,8
CHARLESTONNORTH CHARLESTON 20,79,0,26,0,13,10,25,4,40,52,0,0,0,1,145,5,0,6,138,105,144,145,138
CHARLESTONNORTH CHARLESTON 21,137,0,65,1,12,8,32,3,26,37,0,0,0,0,341,10,2,17,133,203,118,341,133
CHARLESTONNORTH CHARLESTON 22,146,0,59,1,6,6,23,11,14,40,0,0,0,2,415,9,6,13,142,206,100,415,142
CHARLESTONNORTH CHARLESTON 23,195,0,73,2,22,20,60,8,34,97,0,0,0,1,427,5,4,28,283,270,241,427,283
CHARLESTONNORTH CHARLESTON 24,271,0,76,4,7,12,27,4,21,43,0,0,1,1,640,22,5,24,230,351,114,640,230
CHARLESTONNORTH CHARLESTON 25,126,0,20,1,9,0,1,3,9,14,0,0,3,1,251,5,0,2,32,147,36,251,32
CHARLESTONNORTH CHARLESTON 26,62,0,16,0,4,2,2,0,1,10,0,0,0,1,183,1,0,2,29,78,19,183,29
CHARLESTONNORTH CHARLESTON 27,94,1,52,1,12,3,13,2,10,28,0,0,1,1,307,2,2,7,106,148,68,307,106
CHARLESTONNORTH CHARLESTON 28,47,0,26,0,4,1,2,1,1,9,0,0,0,3,214,1,1,7,49,73,18,214,49
CHARLESTONNORTH CHARLESTON 29,58,2,26,1,6,3,9,1,11,33,0,0,0,0,224,2,2,6,111,87,63,224,111
CHARLESTONNORTH CHARLESTON 3,87,0,56,1,22,16,77,16,57,124,0,0,1,0,216,6,6,23,316,144,312,216,316
CHARLESTONNORTH CHARLESTON 30,314,1,87,1,23,18,43,9,28,43,0,0,5,1,568,15,3,16,193,403,164,568,193
CHARLESTONNORTH CHARLESTON 4,210,2,40,1,6,1,9,0,7,18,0,0,1,2,371,3,0,6,47,253,41,371,47
CHARLESTONNORTH CHARLESTON 5,334,0,56,2,3,1,1,2,3,13,0,0,2,1,629,5,0,6,37,392,23,629,37
CHARLESTONNORTH CHARLESTON 6,283,1,42,5,5,1,3,0,3,9,0,0,3,4,511,3,3,3,20,331,21,511,20
CHARLESTONNORTH CHARLESTON 7,199,1,32,3,2,0,2,0,0,5,0,0,0,1,513,3,0,4,41,235,9,513,41
CHARLESTONNORTH CHARLESTON 8,56,0,66,0,11,4,19,8,26,34,0,0,1,0,193,9,3,30,133,122,102,193,133
CHARLESTONNORTH CHARLESTON 9,91,0,97,1,22,4,28,10,41,65,0,0,1,2,382,11,5,41,213,189,170,382,213
CHARLESTONPROVISIONAL,45,0,20,0,6,2,8,5,17,10,0,0,0,0,79,5,2,3,81,65,48,79,81
CHARLESTONST. ANDREWS 1,71,0,48,0,19,6,19,21,31,20,0,0,1,2,155,5,5,10,89,119,116,155,89
CHARLESTONST. ANDREWS 10,134,0,69,3,23,17,35,21,40,54,0,0,1,2,275,8,9,26,181,206,190,275,181
CHARLESTONST. ANDREWS 11,51,0,53,0,43,13,46,41,82,62,0,0,1,1,164,6,8,27,223,104,287,164,223
CHARLESTONST. ANDREWS 12,71,1,58,0,50,15,45,55,83,66,0,0,1,2,193,5,14,44,219,130,314,193,219
CHARLESTONST. ANDREWS 13,75,0,78,0,69,12,43,32,74,66,0,0,1,0,233,9,12,31,228,153,296,233,228
CHARLESTONST. ANDREWS 14,131,0,85,4,41,15,45,30,58,95,0,0,1,2,301,14,13,41,289,220,284,301,289
CHARLESTONST. ANDREWS 15,164,1,59,1,10,2,4,2,9,21,0,0,1,2,316,2,4,20,83,225,48,316,83
CHARLESTONST. ANDREWS 16,54,0,53,0,31,15,36,36,46,76,0,0,2,0,167,10,10,35,248,107,240,167,248
CHARLESTONST. ANDREWS 17,86,1,75,0,43,36,68,42,114,112,0,0,0,2,287,13,13,46,389,162,415,287,389
CHARLESTONST. ANDREWS 18,225,1,100,2,18,9,20,5,25,39,0,0,1,2,478,9,5,27,196,328,116,478,196
CHARLESTONST. ANDREWS 19,68,0,19,0,0,0,3,0,7,3,0,0,0,1,97,4,1,3,12,87,13,97,12
CHARLESTONST. ANDREWS 2,73,0,76,0,20,15,25,27,46,52,0,0,0,0,335,10,9,48,148,149,185,335,148
CHARLESTONST. ANDREWS 20,158,1,138,0,37,24,74,59,103,103,0,0,1,5,554,26,22,44,328,297,400,554,328
CHARLESTONST. ANDREWS 21,47,1,43,0,24,6,31,21,41,45,0,0,0,3,178,6,7,24,150,91,168,178,150
CHARLESTONST. ANDREWS 22,65,0,51,0,33,15,50,20,60,65,0,0,0,1,182,7,3,27,202,116,243,182,202
CHARLESTONST. ANDREWS 23,39,0,80,0,12,4,27,14,24,35,0,0,1,4,214,11,6,26,162,119,116,214,162
CHARLESTONST. ANDREWS 24,111,0,83,0,13,4,36,17,41,44,0,0,0,1,296,6,7,21,131,194,155,296,131
CHARLESTONST. ANDREWS 25,90,1,83,1,20,8,27,6,29,42,0,0,1,3,269,8,8,37,152,175,132,269,152
CHARLESTONST. ANDREWS 26,133,0,69,1,29,6,61,19,61,65,0,0,1,1,269,6,7,39,212,203,241,269,212
CHARLESTONST. ANDREWS 27,332,1,178,3,58,29,124,62,214,195,0,0,6,5,737,14,27,89,662,514,682,737,662
CHARLESTONST. ANDREWS 28,175,0,83,0,30,19,92,35,123,113,0,0,0,5,458,3,8,61,468,258,412,458,468
CHARLESTONST. ANDREWS 29,117,0,144,1,63,39,102,40,146,128,0,0,5,6,575,16,17,94,615,262,518,575,615
CHARLESTONST. ANDREWS 3,247,0,99,3,4,3,11,8,20,23,0,0,2,1,465,6,4,22,91,349,69,465,91
CHARLESTONST. ANDREWS 30,105,2,100,0,31,8,61,30,66,86,0,0,2,6,334,15,11,50,288,207,282,334,288
CHARLESTONST. ANDREWS 31,83,2,62,0,23,13,47,16,62,53,0,0,0,2,217,6,14,29,241,147,214,217,241
CHARLESTONST. ANDREWS 32,59,0,61,0,25,23,64,20,77,73,0,0,0,1,192,6,9,30,317,120,282,192,317
CHARLESTONST. ANDREWS 33,46,0,33,0,24,9,41,13,61,57,0,0,0,0,112,3,0,15,180,79,205,112,180
CHARLESTONST. ANDREWS 34,120,1,71,0,51,31,109,70,148,158,0,0,2,1,303,13,14,51,505,192,567,303,505
CHARLESTONST. ANDREWS 35,110,0,89,0,55,23,112,52,112,118,0,0,0,1,261,8,12,41,428,199,472,261,428
CHARLESTONST. ANDREWS 36,111,1,63,0,33,24,108,37,122,140,0,0,2,3,277,7,16,48,469,175,464,277,469
CHARLESTONST. ANDREWS 37,211,0,171,0,52,53,153,75,230,221,0,0,4,0,594,14,33,86,776,382,784,594,776
CHARLESTONST. ANDREWS 4,84,1,70,1,73,20,46,69,99,93,0,0,0,2,273,8,11,41,308,156,400,273,308
CHARLESTONST. ANDREWS 5,96,0,102,0,45,13,24,70,84,55,0,0,1,0,290,14,6,29,219,198,291,290,219
CHARLESTONST. ANDREWS 6,60,1,68,0,62,14,59,48,92,120,0,0,1,1,212,5,8,46,362,129,395,212,362
CHARLESTONST. ANDREWS 7,104,1,94,0,58,20,73,35,109,110,0,0,2,3,317,9,17,51,390,199,405,317,390
CHARLESTONST. ANDREWS 8,134,0,43,2,6,5,7,6,6,9,0,0,0,0,253,9,4,13,41,179,39,253,41
CHARLESTONST. ANDREWS 9,225,0,62,2,5,2,10,7,6,8,0,0,0,1,419,5,1,10,34,289,38,419,34
CHARLESTONST. PAULS 1,162,1,26,2,12,8,19,4,21,30,0,0,1,0,383,0,4,9,115,191,94,383,115
CHARLESTONST. PAULS 2A,139,0,18,0,9,6,44,1,19,22,0,0,1,0,260,0,2,3,157,157,101,260,157
CHARLESTONST. PAULS 2B,263,1,33,0,9,13,53,16,38,67,0,0,1,3,378,2,4,12,230,297,196,378,230
CHARLESTONST. PAULS 3,120,0,49,2,36,26,137,44,163,194,0,0,1,3,281,5,4,25,595,171,600,281,595
CHARLESTONST. PAULS 4,356,0,43,2,6,4,32,6,17,40,0,0,2,3,546,3,3,9,168,401,105,546,168
CHARLESTONST. PAULS 5,113,1,21,1,9,11,52,5,20,63,0,0,0,2,224,4,1,9,218,136,160,224,218
CHARLESTONST. PAULS 6,150,0,39,0,31,22,91,31,92,123,0,0,1,0,263,3,11,16,451,189,390,263,451
CHARLESTONSULLIVANS ISLAND,132,1,75,1,84,13,63,124,140,92,0,0,0,1,420,3,11,64,414,209,516,420,414
CHARLESTONTOWN OF SEABROOK,165,1,70,0,74,13,50,205,272,151,0,0,1,3,467,3,18,57,637,236,765,467,637
CHARLESTONWADMALAW ISLAND 1,129,0,41,1,11,13,48,25,63,60,0,0,1,1,272,4,9,16,240,171,220,272,240
CHARLESTONWADMALAW ISLAND 2,224,0,38,1,22,4,40,17,60,56,0,0,1,3,348,3,6,11,171,263,199,348,171
CHEROKEEALLENS,11,0,8,0,8,24,81,9,51,118,0,0,2,1,51,5,1,4,505,19,291,51,505
CHEROKEEALMA MILL,118,0,28,1,11,14,42,5,39,86,0,0,3,1,404,5,4,4,343,147,197,404,343
CHEROKEEANTIOCH AND KINGS CREEK,10,0,17,1,15,17,67,10,31,162,0,0,3,2,77,2,6,10,621,28,302,77,621
CHEROKEEASHWORTH,14,0,16,0,14,56,72,16,49,155,0,0,1,0,60,6,3,6,582,30,362,60,582
CHEROKEEBLACKSBURG WARD NO. 1,45,0,8,1,10,11,63,5,20,71,0,0,0,1,129,0,1,6,365,54,180,129,365
CHEROKEEBLACKSBURG WARD NO. 2,17,0,16,0,22,30,108,9,56,140,0,0,3,3,120,2,1,20,584,33,365,120,584
CHEROKEEDRAYTONVILLE,35,1,13,1,11,34,73,10,56,185,0,0,2,2,168,2,3,9,630,50,369,168,630
CHEROKEEEZELLS AND BUTLER,28,0,24,0,14,36,111,9,65,170,0,0,0,4,122,4,7,6,655,52,405,122,655
CHEROKEEFAILSAFE,7,0,2,0,0,5,4,2,0,21,0,0,0,1,65,0,1,1,88,9,32,65,88
CHEROKEEGAFFNEY WARD NO. 1,78,1,9,0,1,6,10,3,5,36,0,0,1,0,231,0,0,4,94,88,61,231,94
CHEROKEEGAFFNEY WARD NO. 2,177,0,21,0,4,8,22,3,14,33,0,0,0,0,406,3,4,5,102,198,84,406,102
CHEROKEEGAFFNEY WARD NO. 3,179,0,37,1,1,7,9,1,9,17,0,0,0,0,370,1,2,8,71,217,44,370,71
CHEROKEEGAFFNEY WARD NO. 4,113,0,35,0,16,30,40,12,69,77,0,0,0,1,331,5,6,10,306,148,244,331,306
CHEROKEEGAFFNEY WARD NO. 5,45,0,27,1,12,35,38,14,52,113,0,0,1,1,193,3,4,9,319,73,264,193,319
CHEROKEEGAFFNEY WARD NO. 6,44,1,19,0,31,39,65,16,76,137,0,0,1,4,150,2,2,8,431,64,364,150,431
CHEROKEEGOUCHER AND THICKETTY,24,0,3,0,10,38,62,13,53,147,0,0,1,5,83,2,2,5,552,27,323,83,552
CHEROKEEGRASSY POND,59,1,24,1,34,92,149,24,151,249,0,0,0,0,223,8,4,17,918,85,699,223,918
CHEROKEEHOLLY GROVE-BUFFALO,21,0,13,0,15,28,82,23,43,158,0,0,0,1,69,7,6,14,581,34,349,69,581
CHEROKEELIMESTONE MILL,42,0,16,0,4,9,18,2,17,39,0,0,0,0,163,1,0,4,185,58,89,163,185
CHEROKEELITTLEJOHN'S AND SARRATT'S,10,0,2,0,7,10,20,6,18,70,0,0,1,2,22,0,0,1,204,12,131,22,204
CHEROKEEMACEDONIA,55,1,20,1,11,45,99,16,72,191,0,0,0,0,126,2,1,9,628,77,434,126,628
CHEROKEEMORGAN,16,0,5,0,17,30,120,10,54,124,0,0,0,0,75,4,3,6,585,21,355,75,585
CHEROKEEMUSGROVE MILL,70,0,17,0,20,35,81,15,52,137,0,0,1,4,172,2,6,5,473,87,340,172,473
CHEROKEENINETY NINE AND CHEROKEE FALLS,21,0,14,1,7,31,61,6,39,131,0,0,0,0,45,0,3,3,445,36,275,45,445
CHEROKEEPLEASANT GROVE,103,0,21,0,8,16,44,8,41,58,0,0,0,0,230,0,5,4,251,124,175,230,251
CHEROKEEPLEASANT MEADOWS,120,0,16,0,1,9,24,5,7,24,0,0,1,0,244,1,3,0,98,136,70,244,98
CHEROKEEPROVISIONAL,7,0,0,0,0,0,1,1,2,1,0,0,0,0,3,0,0,0,2,7,5,3,2
CHEROKEETIMBER RIDGE,16,0,12,0,14,39,46,11,56,156,0,0,0,0,55,1,3,9,468,28,322,55,468
CHEROKEEWHITE PLAINS,30,0,8,0,10,33,76,9,39,171,0,0,1,1,126,0,0,9,592,38,338,126,592
CHEROKEEWILKINSVILLE AND METCALF,4,0,4,0,5,18,39,11,24,83,0,0,2,2,14,0,2,4,310,8,180,14,310
CHEROKEEWOODS,20,0,20,0,1,51,91,8,70,133,0,0,0,8,74,1,2,9,507,40,354,74,507
CHESTERBALDWIN MILL,75,1,14,0,5,7,23,1,9,32,0,0,0,0,257,0,0,5,176,90,77,257,176
CHESTERBATON ROUGE,33,0,14,0,5,18,41,3,17,59,0,0,0,0,68,0,5,5,282,47,143,68,282
CHESTERBECKHAMVILLE,108,1,13,0,5,10,35,9,31,87,0,0,2,2,268,1,2,7,291,122,177,268,291
CHESTERBLACKSTOCK,48,0,17,0,4,12,44,3,27,37,0,0,1,0,120,3,3,6,192,65,127,120,192
CHESTERCHESTER WARD 1,148,1,42,0,2,9,15,4,23,36,0,0,2,1,357,4,1,9,164,191,89,357,164
CHESTERCHESTER WARD 2,90,0,33,0,3,1,10,2,14,17,0,0,0,1,268,1,0,4,64,123,47,268,64
CHESTERCHESTER WARD 3,120,0,20,1,10,21,34,3,31,53,0,0,1,1,247,2,2,8,206,141,152,247,206
CHESTERCHESTER WARD 4,110,0,37,0,6,4,12,5,12,29,0,0,0,0,281,0,1,10,101,147,68,281,101
CHESTERCHESTER WARD 5,52,0,9,0,1,7,37,4,30,75,0,0,0,2,113,3,1,0,181,61,154,113,181
CHESTEREDGEMOOR,58,0,19,0,5,25,77,11,32,64,0,0,2,3,163,2,3,13,450,77,214,163,450
CHESTEREUREKA MILL,146,1,35,1,6,19,30,5,17,44,0,0,2,0,357,4,0,9,231,183,121,357,231
CHESTERFAILSAFE,0,0,0,0,0,0,0,0,0,0,0,0,0,0,0,0,0,0,1,0,0,0,1
CHESTERFIELDANGELUS-CARARRH,38,0,10,1,3,3,44,2,16,48,0,0,0,4,128,2,1,2,243,49,116,128,243
CHESTERFIELDBAY SPRINGS,11,0,2,0,3,4,28,2,14,55,0,0,1,3,31,1,3,1,175,13,106,31,175
CHESTERFIELDBLACK CREEK,18,0,7,0,0,2,17,0,10,29,0,0,0,1,71,0,0,2,126,25,58,71,126
CHESTERFIELDBROCKS MILL,174,0,24,0,2,7,57,1,17,74,0,0,2,2,430,1,3,7,306,198,158,430,306
CHESTERFIELDCASH,140,0,20,0,2,20,27,9,26,53,0,0,1,2,302,0,2,7,256,160,137,302,256
CHESTERFIELDCENTER GROVE-WINZO,104,0,11,0,1,5,44,0,16,41,0,0,2,1,279,0,0,0,219,115,107,279,219
CHESTERFIELDCHERAW NO. 1,98,0,32,0,22,24,56,9,63,80,0,0,2,3,267,4,1,12,411,130,254,267,411
CHESTERFIELDCHERAW NO. 2,95,0,16,0,3,6,35,7,30,56,0,0,0,3,240,1,3,6,240,111,137,240,240
CHESTERFIELDCHERAW NO. 3,176,0,42,1,8,9,38,12,26,55,0,0,2,3,597,1,6,5,213,219,148,597,213
CHESTERFIELDCHERAW NO. 4,123,0,27,1,8,10,36,9,34,66,0,0,1,2,352,4,4,13,291,151,163,352,291
CHESTERFIELDCOURTHOUSE,96,0,31,2,12,20,128,6,55,128,0,0,1,0,279,1,3,7,603,129,349,279,603
CHESTERFIELDDUDLEY-MANGUM,28,0,10,1,2,9,69,2,26,54,0,0,0,0,107,1,3,7,369,39,162,107,369
CHESTERFIELDGRANTS MILL,79,0,25,1,12,11,74,2,49,92,0,0,0,3,204,1,8,2,415,105,240,204,415
CHESTERFIELDJEFFERSON,131,0,21,0,13,11,93,11,43,111,0,0,0,7,364,2,1,13,532,152,282,364,532
CHESTERFIELDMCBEE,150,2,21,0,21,11,105,6,30,140,0,0,0,0,330,9,7,9,574,173,313,330,574
CHESTERFIELDMIDDENDORF,16,0,10,0,10,3,68,5,29,71,0,0,0,0,52,3,3,9,334,26,186,52,334
CHESTERFIELDMT. GROGHAN,18,0,2,0,0,11,36,5,10,37,0,0,0,2,53,1,1,2,151,20,99,53,151
CHESTERFIELDOUSLEYDALE,17,0,5,0,2,8,53,1,25,78,0,0,0,4,56,1,5,5,360,22,167,56,360
CHESTERFIELDPAGELAND NO. 1,161,2,17,0,8,14,74,8,26,103,0,0,0,6,390,2,2,7,478,180,233,390,478
CHESTERFIELDPAGELAND NO. 2,66,0,12,0,4,17,76,12,26,74,0,0,2,2,335,1,3,10,465,78,209,335,465
CHESTERFIELDPATRICK,50,1,23,0,5,5,27,1,12,54,0,0,2,1,131,2,2,9,208,74,104,131,208
CHESTERFIELDPEE DEE,11,0,7,0,7,3,24,6,13,30,0,0,0,0,29,0,0,1,136,18,83,29,136
CHESTERFIELDPROVISIONAL,0,0,0,0,0,0,0,0,0,0,0,0,0,0,0,1,1,0,3,0,0,0,3
CHESTERFIELDRUBY,70,0,19,0,3,7,62,4,20,71,0,0,0,1,205,1,3,5,328,89,167,205,328
CHESTERFIELDSHILOH,57,0,7,0,5,7,35,1,23,63,0,0,0,0,112,0,4,3,234,64,134,112,234
CHESTERFIELDSNOW HILL-VAUGHN,17,0,5,0,3,4,37,2,7,50,0,0,2,4,55,1,3,8,209,22,103,55,209
CHESTERFORT LAWN,99,1,22,0,4,23,54,13,42,80,0,0,0,1,300,2,5,9,496,122,216,300,496
CHESTERGREAT FALLS,88,0,23,0,4,9,28,3,24,70,0,0,3,2,249,2,1,3,297,111,138,249,297
CHESTERHALSELLVILLE,42,0,5,0,0,6,4,0,4,27,0,0,0,0,71,2,0,0,69,47,41,71,69
CHESTERHAZELWOOD,43,0,7,0,9,20,56,4,19,61,0,0,0,1,100,1,3,7,291,50,169,100,291
CHESTERLANDO/LANSFORD,43,0,16,1,2,22,78,4,25,102,0,0,1,0,149,2,3,9,387,60,233,149,387
CHESTERLOWRYS,57,0,12,0,6,13,54,7,31,100,0,0,0,0,125,6,1,8,395,69,211,125,395
CHESTERRICHBURG,102,1,31,0,6,17,54,8,35,105,0,0,3,3,262,3,6,12,464,134,225,262,464
CHESTERRODMAN,66,0,24,0,13,20,80,13,37,93,0,0,1,3,169,4,5,7,396,90,256,169,396
CHESTERROSSVILLE,23,0,6,0,7,9,18,3,9,50,0,0,1,0,76,0,0,2,171,29,96,76,171
CHESTERWILKSBURG,64,0,10,0,4,6,11,1,3,41,0,0,0,0,153,1,0,1,133,74,66,153,133
CLARENDONALCOLU,132,0,8,0,11,4,35,1,29,35,0,0,1,1,184,1,0,6,198,140,115,184,198
CLARENDONBARRINEAU,9,0,4,0,8,11,63,0,10,50,0,0,1,0,29,0,0,0,275,13,142,29,275
CLARENDONBARROWS MILL,12,0,3,0,0,4,13,1,4,13,0,0,0,0,26,0,3,1,74,15,35,26,74
CLARENDONBLOOMVILLE,55,0,2,0,10,5,31,2,18,34,0,0,0,0,67,0,0,2,163,57,100,67,163
CLARENDONCALVARY,136,0,6,0,2,3,4,2,6,10,0,0,0,0,212,0,2,5,57,142,27,212,57
CLARENDONDAVIS STATION,179,0,16,0,33,16,71,21,75,183,0,0,2,2,272,3,2,11,427,195,399,272,427
CLARENDONFAILSAFE,5,0,0,0,0,0,0,0,0,2,0,0,0,0,13,0,0,0,2,5,2,13,2
CLARENDONHARMONY,85,1,5,0,9,9,39,3,28,24,0,0,0,0,146,0,1,3,187,91,112,146,187
CLARENDONHICKS,18,0,2,0,9,17,59,7,21,57,0,0,2,0,49,0,1,2,313,20,170,49,313
CLARENDONHOME BRANCH,9,0,2,0,12,11,30,2,13,41,0,0,0,0,29,0,1,1,180,11,109,29,180
CLARENDONJORDAN,109,1,29,2,33,18,114,52,133,251,0,0,1,1,193,4,7,4,581,141,601,193,581
CLARENDONMANNING NO. 1,52,0,10,0,5,1,21,7,10,15,0,0,0,0,140,0,1,2,106,62,59,140,106
CLARENDONMANNING NO. 2,82,0,8,0,18,6,25,15,30,50,0,0,1,0,181,0,1,7,164,90,144,181,164
CLARENDONMANNING NO. 3,90,0,28,3,38,18,75,26,68,95,0,0,0,2,145,0,7,11,350,121,320,145,350
CLARENDONMANNING NO. 4,265,0,20,0,7,4,16,1,2,28,0,0,0,1,305,0,3,2,71,285,58,305,71
CLARENDONMANNING NO. 5,108,0,11,0,15,14,25,2,18,53,0,0,1,0,198,2,5,3,204,119,127,198,204
CLARENDONNEW ZION,58,0,9,0,7,3,48,0,27,32,0,0,1,1,90,1,0,1,184,67,117,90,184
CLARENDONOAKDALE,60,0,2,0,2,9,14,0,6,15,0,0,0,1,83,1,1,1,91,62,46,83,91
CLARENDONPANOLA,48,0,0,1,1,1,8,0,8,14,0,0,0,0,89,1,1,1,34,49,32,89,34
CLARENDONPAXVILLE,158,0,20,0,16,13,29,3,25,31,0,0,2,1,259,3,10,13,204,178,117,259,204
CLARENDONPROVISIONAL,7,0,0,0,0,0,0,0,0,0,0,0,0,0,4,0,0,0,3,7,0,4,3
CLARENDONSARDINA-GABLE,75,0,5,0,2,2,10,2,13,22,0,0,1,0,144,0,0,0,78,80,51,144,78
CLARENDONSUMMERTON NO. 1,157,0,30,2,35,26,91,31,67,187,0,0,1,1,264,1,8,10,479,189,437,264,479
CLARENDONSUMMERTON NO. 2,60,0,8,1,0,2,3,0,3,14,0,0,0,0,92,1,3,0,38,69,22,92,38
CLARENDONSUMMERTON NO. 3,178,0,13,1,5,12,10,1,7,17,0,0,0,0,316,0,0,3,85,192,52,316,85
CLARENDONTURBEVILLE,78,0,8,0,16,29,75,10,51,107,0,0,3,0,143,0,1,2,441,86,288,143,441
CLARENDONWILSON FORESTON,180,0,19,1,7,7,29,4,30,45,0,0,1,3,286,2,2,2,219,200,122,286,219
COLLETONASHTON-LODGE,34,0,5,0,9,12,41,5,36,53,0,0,0,2,62,0,5,6,213,39,156,62,213
COLLETONBELLS,25,0,2,0,4,1,20,0,12,23,0,0,0,0,54,1,0,1,106,27,60,54,106
COLLETONBEREA-SMOAKS,146,1,29,1,11,12,17,0,18,66,0,0,0,0,308,1,1,7,202,177,124,308,202
COLLETONCANADYS,63,0,12,2,4,9,32,1,13,52,0,0,1,1,105,0,2,8,153,77,111,105,153
COLLETONCOTTAGEVILLE,91,0,22,0,17,9,82,13,33,162,0,0,1,6,184,5,5,10,492,113,316,184,492
COLLETONEDISTO,56,0,2,1,3,4,6,2,8,21,0,0,0,1,117,1,2,0,65,59,44,117,65
COLLETONEDISTO BEACH,48,0,23,0,35,21,53,35,121,126,0,0,1,0,139,1,3,13,462,71,391,139,462
COLLETONFAILSAFE PROVISIONAL,0,0,0,0,0,0,0,0,0,0,0,0,0,1,10,0,0,0,8,0,0,10,8
COLLETONGREEN POND,170,0,24,0,8,3,15,6,32,37,0,0,1,3,330,4,3,4,118,194,101,330,118
COLLETONHENDERSONVILLE,145,1,17,2,6,5,23,7,21,53,0,0,2,1,305,3,3,2,184,165,115,305,184
COLLETONHORSE PEN,47,0,12,0,22,5,29,6,21,74,0,0,2,3,98,2,2,3,247,59,157,98,247
COLLETONHUDSON MILL,29,0,9,0,8,6,33,4,20,67,0,0,0,2,82,1,2,4,206,38,138,82,206
COLLETONJACKSONBORO,65,0,7,0,7,0,3,2,14,14,0,0,0,0,166,1,2,0,47,72,40,166,47
COLLETONMAPLE CANE,31,0,22,0,15,12,51,6,45,105,0,0,0,2,78,7,4,11,378,53,234,78,378
COLLETONMASHAWVILLE,101,1,21,2,9,0,20,10,16,76,0,0,0,1,192,1,2,9,159,125,131,192,159
COLLETONPEEPLES,86,1,21,1,15,8,43,4,25,79,0,0,0,1,191,1,4,14,295,109,174,191,295
COLLETONPENIEL,42,0,19,2,16,9,36,4,14,66,0,0,1,2,152,2,4,11,208,63,145,152,208
COLLETONPETITS,22,0,6,1,1,3,7,3,14,24,0,0,0,0,43,4,1,6,75,29,52,43,75
COLLETONRICE PATCH,50,0,13,0,9,6,39,3,21,61,0,0,0,2,117,0,1,7,213,63,139,117,213
COLLETONRITTER,134,0,13,0,5,5,11,2,13,36,0,0,0,2,233,0,2,1,105,147,72,233,105
COLLETONROUND O,51,0,22,0,13,9,43,2,28,92,0,0,1,5,146,2,7,10,296,73,187,146,296
COLLETONRUFFIN,46,0,6,0,8,4,11,2,7,26,0,0,1,0,61,0,1,0,79,52,58,61,79
COLLETONSIDNEYS,28,2,16,0,14,6,31,6,22,57,0,0,1,1,59,0,1,5,222,46,136,59,222
COLLETONSNIDERS,36,0,6,0,9,10,29,9,12,77,0,0,0,1,77,2,0,3,228,42,146,77,228
COLLETONSTOKES,27,0,12,0,19,7,46,5,32,99,0,0,3,1,76,2,1,7,294,39,208,76,294
COLLETONWALTERBORO NO. 1,114,0,25,2,16,9,46,12,33,74,0,0,0,0,192,5,3,8,226,141,190,192,226
COLLETONWALTERBORO NO. 2,111,0,19,1,10,7,37,3,16,52,0,0,1,1,254,4,4,9,148,131,125,254,148
COLLETONWALTERBORO NO. 3,224,1,41,4,8,3,13,3,6,26,0,0,1,0,427,3,1,6,76,270,59,427,76
COLLETONWALTERBORO NO. 4,72,1,32,0,25,20,36,19,64,83,0,0,0,2,174,4,1,18,314,105,247,174,314
COLLETONWALTERBORO NO. 5,55,0,17,3,42,22,74,14,78,141,0,0,0,1,128,4,9,11,336,75,371,128,336
COLLETONWALTERBORO NO. 6,75,0,18,0,20,13,22,1,12,82,0,0,1,2,196,3,3,6,205,93,150,196,205
COLLETONWILLIAMS,30,0,5,2,4,0,4,4,12,31,0,0,0,2,75,0,2,0,88,37,55,75,88
COLLETONWOLF CREEK,9,0,5,0,18,7,28,2,19,54,0,0,0,0,27,0,0,5,171,14,128,27,171
DARLINGTONAUBURN,135,0,25,2,8,1,9,2,6,10,0,0,1,2,297,0,1,4,75,162,36,297,75
DARLINGTONBETHEL,85,0,12,1,16,3,41,4,14,41,0,0,0,1,181,1,7,5,209,98,119,181,209
DARLINGTONBLACK CREEK-CLYDE,45,0,22,1,12,14,80,2,45,145,0,0,1,3,167,2,0,5,515,68,298,167,515
DARLINGTONBURNT BRANCH,45,0,17,0,9,13,49,2,22,78,0,0,1,2,121,1,6,6,258,62,173,121,258
DARLINGTONDARLINGTON NO. 1,21,0,17,0,3,3,12,2,5,21,0,0,2,0,79,0,2,3,68,38,46,79,68
DARLINGTONDARLINGTON NO. 2,191,0,33,1,11,8,31,3,13,59,0,0,0,2,431,2,0,4,212,225,125,431,212
DARLINGTONDARLINGTON NO. 3,169,0,54,0,38,33,143,21,94,189,0,0,2,1,420,10,11,18,667,223,518,420,667
DARLINGTONDARLINGTON NO. 4,197,0,27,0,10,7,40,3,20,49,0,0,1,1,364,1,2,7,176,224,129,364,176
DARLINGTONDARLINGTON NO. 5,295,0,35,1,3,1,5,3,2,9,0,0,0,1,614,4,2,6,38,331,23,614,38
DARLINGTONDARLINGTON NO. 6,93,1,22,1,14,9,51,6,29,114,0,0,1,3,341,1,2,9,373,117,223,341,373
DARLINGTONDOVESVILLE,213,0,42,0,14,21,71,3,21,67,0,0,1,1,492,6,4,4,294,255,197,492,294
DARLINGTONEMERGENCY,2,0,0,0,0,2,3,0,0,5,0,0,0,0,8,0,0,0,4,2,10,8,4
DARLINGTONFAILSAFE,2,0,0,0,0,0,0,0,0,2,0,0,0,0,14,0,0,0,11,2,2,14,11
DARLINGTONFAILSAFE PROVISIONAL,2,0,2,0,0,0,0,0,0,0,0,0,0,0,9,0,0,0,4,4,0,9,4
DARLINGTONHARTSVILLE NO. 1,43,0,51,0,48,21,71,47,120,128,0,0,1,2,164,9,14,28,447,94,435,164,447
DARLINGTONHARTSVILLE NO. 4,102,0,25,0,5,9,33,1,11,20,0,0,0,2,315,6,3,6,120,127,79,315,120
DARLINGTONHARTSVILLE NO. 5,175,0,76,0,62,22,90,28,120,174,0,0,2,5,423,11,10,25,620,251,496,423,620
DARLINGTONHARTSVILLE NO. 6,311,1,37,2,1,0,1,0,1,3,0,0,1,0,665,2,0,1,11,351,6,665,11
DARLINGTONHARTSVILLE NO. 7,78,0,24,0,8,7,64,3,37,75,0,0,2,0,239,4,3,12,276,102,194,239,276
DARLINGTONHARTSVILLE NO. 8,99,1,41,2,53,53,233,33,173,274,0,0,1,1,301,10,19,36,1076,143,819,301,1076
DARLINGTONHARTSVILLE NO. 9,151,0,37,0,17,17,114,10,53,130,0,0,1,1,346,5,8,16,525,188,341,346,525
DARLINGTONHIGH HILL,197,0,53,1,26,23,152,6,38,149,0,0,0,1,581,3,4,14,590,251,394,581,590
DARLINGTONINDIAN BRANCH,40,0,10,0,8,9,40,3,10,77,0,0,1,0,104,1,1,6,228,50,147,104,228
DARLINGTONKELLEYTOWN,47,0,22,0,55,46,174,26,127,199,0,0,2,6,180,4,5,23,780,69,627,180,780
DARLINGTONLAKE SWAMP,108,0,23,0,16,11,75,13,24,97,0,0,1,3,308,5,5,15,411,131,236,308,411
DARLINGTONLAMAR NO. 1,115,0,19,1,3,6,25,2,12,42,0,0,1,1,269,0,1,2,167,135,90,269,167
DARLINGTONLAMAR NO. 2,96,1,25,1,21,24,115,15,49,147,0,0,1,6,323,1,3,12,555,123,371,323,555
DARLINGTONLYDIA,115,0,11,0,4,1,26,3,6,41,0,0,1,2,277,1,1,3,129,126,81,277,129
DARLINGTONMECHANICSVILLE,183,0,42,0,17,17,79,5,34,103,0,0,0,0,399,3,4,8,356,225,255,399,356
DARLINGTONNEW MARKET,24,0,19,0,17,20,113,14,40,115,0,0,2,3,77,1,2,9,509,43,319,77,509
DARLINGTONOATES,84,0,19,0,10,19,89,5,22,96,0,0,0,5,204,1,3,6,363,103,241,204,363
DARLINGTONPALMETTO,188,0,50,1,25,25,99,10,42,121,0,0,2,3,477,9,4,16,431,239,322,477,431
DARLINGTONPROVISIONAL,0,0,0,0,0,0,0,0,0,0,0,0,0,0,13,0,0,0,12,0,0,13,12
DARLINGTONSOCIETY HILL,138,0,20,0,4,7,33,2,13,44,0,0,0,1,333,2,1,2,156,158,103,333,156
DARLINGTONSWIFT CREEK,51,0,12,0,13,7,58,3,21,68,0,0,2,0,157,1,1,7,314,63,170,157,314
DILLONBERMUDA,21,3,1,0,4,1,16,0,6,23,0,0,1,0,61,1,1,0,103,25,50,61,103
DILLONCAROLINA,23,0,9,0,2,0,6,1,5,10,0,0,0,0,104,0,0,0,50,32,24,104,50
DILLONEAST DILLON,54,0,21,0,41,22,193,17,93,150,0,0,3,3,190,4,5,5,817,75,516,190,817
DILLONFAILSAFE,1,0,0,0,0,0,0,0,0,0,0,0,0,0,2,0,0,0,0,1,0,2,0
DILLONFLOYDALE,20,0,12,1,4,6,66,2,20,40,0,0,1,1,86,1,1,2,289,33,138,86,289
DILLONFORK,38,0,5,1,4,3,22,1,9,48,0,0,0,0,64,0,0,3,208,44,87,64,208
DILLONGADDY'S MILL,9,0,0,0,5,2,13,3,9,19,0,0,0,0,44,0,0,1,93,9,51,44,93
DILLONHAMER,43,0,8,0,7,5,40,0,22,59,0,0,1,0,188,0,2,7,263,51,133,188,263
DILLONKEMPER,41,0,12,0,1,2,11,0,6,28,0,0,0,2,151,2,2,1,122,53,48,151,122
DILLONLAKE VIEW,109,0,15,1,13,9,49,0,41,87,0,0,1,1,304,4,1,5,409,125,199,304,409
DILLONLATTA,253,0,37,0,23,17,138,17,81,126,0,0,5,1,689,8,3,8,629,290,402,689,629
DILLONLITTLE ROCK,92,0,8,0,0,2,36,1,10,17,0,0,0,0,265,2,2,2,144,100,66,265,144
DILLONMANNING,15,0,3,0,2,0,27,1,7,12,0,0,1,0,69,1,1,0,112,18,49,69,112
DILLONMINTURN,31,0,5,0,2,7,15,1,4,1,0,0,0,0,67,2,1,1,46,36,30,67,46
DILLONMT. CALVARY,215,3,26,0,9,7,51,3,28,65,0,0,3,0,704,3,8,9,347,244,163,704,347
DILLONNEW HOLLY,29,0,5,0,4,4,25,3,10,24,0,0,0,0,74,0,1,2,148,34,70,74,148
DILLONOAK GROVE,52,1,16,0,10,3,52,4,11,57,0,0,3,0,146,3,0,6,335,69,137,146,335
DILLONOAKLAND,72,0,11,0,8,9,27,1,10,39,0,0,2,0,316,2,3,2,204,83,94,316,204
DILLONPLEASANT HILL,18,0,3,0,6,1,10,0,3,25,0,0,0,0,38,1,0,0,82,21,45,38,82
DILLONSOUTH DILLON,166,0,32,1,5,5,12,2,6,25,0,0,2,5,640,4,4,3,135,199,55,640,135
DILLONWEST DILLON,177,0,40,1,3,2,33,2,22,31,0,0,1,5,701,8,4,4,167,218,93,701,167
DORCHESTERARCHDALE,90,0,52,0,23,8,57,26,57,90,0,0,0,3,275,8,8,19,307,142,261,275,307
DORCHESTERARCHDALE 2,107,0,48,2,17,23,93,16,83,97,0,0,0,0,295,5,6,28,375,157,329,295,375
DORCHESTERASHBOROUGH EAST,49,0,35,1,14,4,34,6,18,53,0,0,1,3,201,6,3,16,243,85,129,201,243
DORCHESTERASHBOROUGH EAST 2,39,0,22,0,42,16,62,35,130,87,0,0,2,2,87,3,7,21,383,61,372,87,383
DORCHESTERASHBOROUGH WEST,20,0,16,0,11,11,35,9,58,48,0,0,0,2,72,5,1,24,167,36,172,72,167
DORCHESTERASHBOROUGH WEST 2,35,0,40,0,32,17,71,29,92,120,0,0,0,4,143,5,5,41,452,75,361,143,452
DORCHESTERASHLEY RIVER,189,0,84,0,36,30,104,35,109,158,0,0,1,2,491,8,13,44,621,273,472,491,621
DORCHESTERBACONS BRIDGE,129,0,38,0,34,21,127,24,130,149,0,0,0,2,288,6,20,41,561,167,485,288,561
DORCHESTERBACONS BRIDGE 2,41,1,6,1,6,9,43,3,32,40,0,0,1,0,86,3,1,12,188,49,133,86,188
DORCHESTERBEECH HILL,52,0,42,1,33,13,72,49,125,115,0,0,1,2,145,5,8,19,428,95,407,145,428
DORCHESTERBEECH HILL 2,71,0,34,1,36,25,130,34,139,105,0,0,1,2,198,7,27,33,546,106,469,198,546
DORCHESTERBRANDYMILL,38,0,19,0,19,11,60,22,49,65,0,0,5,0,101,6,4,22,224,57,226,101,224
DORCHESTERBRANDYMILL 2,75,0,40,0,30,27,66,11,67,97,0,0,3,2,227,3,7,33,400,115,298,227,400
DORCHESTERBRIARWOOD,67,0,31,3,20,9,45,9,54,95,0,0,3,0,202,4,6,19,329,101,232,202,329
DORCHESTERBRIARWOOD 2,56,0,23,1,16,17,70,8,45,89,0,0,1,2,161,2,5,16,299,80,245,161,299
DORCHESTERBRIARWOOD 3,39,1,23,0,27,21,55,6,47,75,0,0,0,1,105,4,6,24,290,63,231,105,290
DORCHESTERBUTTERNUT,115,0,52,1,41,26,121,33,120,126,0,0,0,7,284,9,16,35,518,168,467,284,518
DORCHESTERCAROLINA,187,0,47,1,19,17,77,18,77,97,0,0,2,5,388,13,9,33,406,235,305,388,406
DORCHESTERCENTRAL,43,0,41,0,32,22,89,22,92,111,0,0,1,0,185,4,16,39,428,84,368,185,428
DORCHESTERCENTRAL 2,61,1,39,0,23,10,76,21,86,78,0,0,0,1,228,3,6,25,423,101,294,228,423
DORCHESTERCLEMSON,58,2,27,0,63,23,91,55,158,151,0,0,1,0,127,5,11,20,446,87,541,127,446
DORCHESTERCLEMSON 2,104,2,55,0,19,19,112,20,94,136,0,0,0,0,248,11,6,36,614,161,400,248,614
DORCHESTERCLEMSON 3,63,0,38,0,21,19,74,8,57,93,0,0,1,1,207,3,6,12,416,101,272,207,416
DORCHESTERCOASTAL,53,1,46,0,8,6,28,1,28,58,0,0,2,3,261,8,9,27,225,100,129,261,225
DORCHESTERCOASTAL 2,101,0,60,1,32,30,88,20,69,97,0,0,2,2,289,9,16,23,475,162,336,289,475
DORCHESTERCOASTAL 3,32,0,34,0,11,6,40,9,26,45,0,0,1,1,131,6,7,19,186,66,137,131,186
DORCHESTERCOOSAW,99,1,50,0,22,10,94,43,109,137,0,0,0,1,369,8,13,54,520,150,415,369,520
DORCHESTERCOOSAW 2,139,0,88,0,22,30,98,30,107,119,0,0,1,3,457,16,11,36,495,227,406,457,495
DORCHESTERCOOSAW 3,94,0,63,1,20,17,54,29,91,105,0,0,0,1,252,3,7,28,428,158,316,252,428
DORCHESTERCYPRESS,99,0,59,2,36,22,144,12,94,150,0,0,1,2,376,7,20,35,688,160,458,376,688
DORCHESTERCYPRESS 2,24,0,27,0,23,19,51,10,44,52,0,0,0,1,88,2,6,15,271,51,199,88,271
DORCHESTERDELEMARS,163,0,6,0,4,4,19,1,1,17,0,0,0,1,275,2,0,3,66,169,46,275,66
DORCHESTERDORCHESTER,75,0,37,0,41,10,64,30,97,66,0,0,0,2,148,6,12,20,271,112,308,148,271
DORCHESTERDORCHESTER 2,56,1,33,0,74,20,64,43,136,87,0,0,1,1,116,5,6,36,314,90,424,116,314
DORCHESTEREMERGENCY,0,0,0,0,0,0,0,0,0,0,0,0,0,0,8,1,2,0,21,0,0,8,21
DORCHESTERFAILSAFE,5,0,3,0,0,3,12,1,5,12,0,0,0,0,7,0,0,1,4,8,33,7,4
DORCHESTERFAILSAFE/PROVISIONAL,0,0,0,0,0,0,0,0,0,0,0,0,0,0,17,0,0,1,20,0,0,17,20
DORCHESTERFLOWERTOWN,69,0,29,0,26,17,79,43,88,94,0,0,1,1,183,3,9,29,453,98,347,183,453
DORCHESTERFLOWERTOWN 2,71,0,35,0,29,30,62,6,46,87,0,0,1,2,265,6,9,27,385,106,260,265,385
DORCHESTERFLOWERTOWN 3,64,0,34,0,13,21,55,7,55,79,0,0,1,6,190,3,9,28,355,98,230,190,355
DORCHESTERFOUR HOLE,94,0,33,1,24,15,47,8,22,81,0,0,1,5,244,1,0,9,329,128,197,244,329
DORCHESTERGERMANTOWN,68,0,40,0,50,24,87,21,85,80,0,0,0,1,199,6,7,17,411,108,347,199,411
DORCHESTERGIVHANS,61,0,21,0,12,8,56,2,29,67,0,0,1,2,165,0,4,6,321,82,174,165,321
DORCHESTERGIVHANS 2,86,0,21,0,14,4,49,4,23,76,0,0,2,1,180,2,3,9,299,107,170,180,299
DORCHESTERGREENHURST,65,1,27,0,18,13,50,5,54,69,0,0,2,2,174,3,8,31,301,93,209,174,301
DORCHESTERGREENWAVE,64,1,37,0,12,13,56,5,51,72,0,0,0,2,197,5,4,11,272,102,209,197,272
DORCHESTERGROVER,91,0,18,1,10,16,30,4,19,67,0,0,0,0,198,2,1,9,250,110,146,198,250
DORCHESTERHARLEYVILLE,57,0,14,1,10,7,25,3,33,58,0,0,0,4,152,1,2,4,231,72,136,152,231
DORCHESTERINDIAN FIELD,88,0,3,0,3,3,14,0,13,24,0,0,0,1,172,1,4,2,94,91,57,172,94
DORCHESTERINDIAN FIELD 2,106,0,17,0,8,8,27,4,13,64,0,0,0,1,216,3,1,6,205,123,124,216,205
DORCHESTERIRONGATE,13,1,24,1,24,18,58,15,58,63,0,0,4,0,68,4,12,13,288,39,236,68,288
DORCHESTERIRONGATE 2,19,0,16,0,8,1,21,2,14,23,0,0,0,4,85,2,3,12,116,35,69,85,116
DORCHESTERIRONGATE 3,19,0,14,0,13,10,49,11,54,51,0,0,0,3,81,3,12,18,217,33,188,81,217
DORCHESTERKING'S GRANT,142,0,53,0,38,30,91,24,118,129,0,0,1,4,336,5,9,35,521,195,430,336,521
DORCHESTERKING'S GRANT 2,122,1,52,0,49,22,98,45,105,102,0,0,1,2,325,0,10,26,494,175,421,325,494
DORCHESTERKNIGHTSVILLE,42,1,24,1,28,20,69,11,67,109,0,0,1,6,176,3,7,10,398,68,304,176,398
DORCHESTERLINCOLN,106,0,43,1,15,5,37,14,51,52,0,0,0,3,454,6,4,14,205,150,174,454,205
DORCHESTERMILES/JAMISON,93,0,62,1,35,35,115,37,128,139,0,0,2,3,317,11,17,37,561,156,489,317,561
DORCHESTERNEWINGTON,57,0,37,0,40,20,103,42,108,127,0,0,0,3,172,5,8,33,440,94,440,172,440
DORCHESTERNEWINGTON 2,21,0,12,0,34,20,51,20,46,61,0,0,1,0,78,3,4,20,265,33,232,78,265
DORCHESTERNORTH SUMMERVILLE,33,0,12,0,15,13,31,9,37,35,0,0,0,0,70,3,0,9,126,45,140,70,126
DORCHESTERNORTH SUMMERVILLE 2,180,0,35,1,21,8,18,14,26,42,0,0,2,1,373,4,5,13,132,216,129,373,132
DORCHESTEROAKBROOK,125,1,77,0,34,36,103,18,89,117,0,0,1,4,487,13,19,64,587,203,397,487,587
DORCHESTEROAKBROOK 2,73,1,44,2,9,16,53,11,67,64,0,0,0,3,254,8,16,25,363,120,220,254,363
DORCHESTERPATRIOT,164,0,40,0,7,11,30,4,14,32,0,0,0,1,462,8,10,12,169,204,98,462,169
DORCHESTERPROVISIONAL,9,0,6,0,1,2,5,3,4,6,0,0,0,0,17,1,1,1,24,15,21,17,24
DORCHESTERREEVESVILLE,140,0,18,1,11,7,46,4,30,73,0,0,2,2,257,2,0,6,278,159,171,257,278
DORCHESTERRIDGEVILLE,84,0,19,0,7,13,29,5,20,56,0,0,1,2,197,2,3,4,234,103,130,197,234
DORCHESTERRIDGEVILLE 2,106,0,12,0,7,5,22,1,12,42,0,0,0,3,186,1,3,5,168,118,89,186,168
DORCHESTERROSINVILLE,171,0,22,0,26,2,35,7,22,108,0,0,0,2,322,0,3,7,394,193,200,322,394
DORCHESTERROSSES,100,2,18,1,20,7,65,4,30,82,0,0,0,1,213,1,2,9,348,121,208,213,348
DORCHESTERSAUL DAM,14,1,6,0,10,8,41,13,33,46,0,0,1,1,50,2,3,11,146,21,151,50,146
DORCHESTERSAWMILL BRANCH,54,1,47,0,32,22,92,46,108,141,0,0,3,3,192,8,11,38,459,102,441,192,459
DORCHESTERSPANN,38,0,57,0,32,40,100,32,122,122,0,0,1,4,164,7,15,32,452,95,448,164,452
DORCHESTERST. GEORGE NO. 1,127,0,13,0,16,10,25,15,26,92,0,0,0,0,217,3,6,7,281,140,184,217,281
DORCHESTERST. GEORGE NO. 2,50,0,16,0,18,5,23,5,32,57,0,0,0,1,137,2,2,7,207,66,140,137,207
DORCHESTERSTALLSVILLE,35,0,29,1,21,24,73,21,74,98,0,0,1,2,139,4,6,14,365,65,311,139,365
DORCHESTERTRANQUIL,25,0,16,0,16,8,35,5,23,63,0,0,0,1,75,2,2,7,199,41,150,75,199
DORCHESTERTRANQUIL 2,71,0,38,0,21,23,50,11,47,62,0,0,0,0,276,5,12,30,324,109,214,276,324
DORCHESTERTRANQUIL 3,68,0,45,0,7,5,52,8,28,38,0,0,2,4,270,11,7,27,274,113,138,270,274
DORCHESTERTROLLEY,55,0,39,0,16,12,35,22,32,67,0,0,0,1,262,8,7,27,260,94,184,262,260
DORCHESTERTUPPERWAY,43,0,21,0,26,15,82,6,40,61,0,0,0,1,121,3,7,14,256,64,230,121,256
DORCHESTERTUPPERWAY 2,58,0,33,0,10,12,44,7,39,58,0,0,0,2,163,2,4,15,228,91,170,163,228
DORCHESTERWINDSOR,81,0,43,0,19,21,50,25,54,60,0,0,0,4,217,3,7,18,244,124,229,217,244
DORCHESTERWINDSOR 2,111,0,19,2,9,7,34,2,19,35,0,0,1,3,233,2,3,15,138,132,106,233,138
EDGEFIELDBRUNSON,111,0,6,2,1,3,28,2,15,28,0,0,0,1,178,2,3,4,112,119,77,178,112
EDGEFIELDEDGEFIELD NO.1,61,0,10,6,16,11,49,11,54,64,0,0,1,0,162,4,6,5,298,77,205,162,298
EDGEFIELDEDGEFIELD NO.2,138,0,30,1,9,13,88,6,69,94,0,0,2,4,372,0,1,13,386,169,279,372,386
EDGEFIELDFAILSAFE,0,0,0,0,0,0,1,0,0,1,0,0,0,0,0,0,0,0,1,0,2,0,1
EDGEFIELDHARMONY,45,0,8,0,6,23,46,8,71,96,0,0,0,0,109,1,3,9,363,53,250,109,363
EDGEFIELDJOHNSTON NO.1,160,0,12,2,5,13,43,3,42,55,0,0,2,2,438,3,4,7,251,174,161,438,251
EDGEFIELDJOHNSTON NO.2,138,0,23,1,19,18,60,14,48,65,0,0,1,1,359,1,1,10,307,162,224,359,307
EDGEFIELDMERRIWEATHER NO.1,76,1,42,0,17,97,252,31,158,262,0,0,1,12,233,5,15,21,1104,119,817,233,1104
EDGEFIELDMERRIWEATHER NO.2,74,1,35,2,11,59,267,29,166,280,0,0,1,13,278,4,13,32,1256,112,812,278,1256
EDGEFIELDNORTH SIDE,63,1,7,0,3,9,16,6,41,22,0,0,0,0,140,1,0,5,117,71,97,140,117
EDGEFIELDTRENTON NO.1,68,0,22,0,5,13,46,7,49,85,0,0,3,1,256,2,3,5,311,90,205,256,311
EDGEFIELDTRENTON NO.2,226,0,53,2,7,11,67,4,35,75,0,0,0,2,490,1,4,16,353,281,199,490,353
EDGEFIELDWESTSIDE,10,0,14,0,7,30,106,9,63,125,0,0,0,1,41,1,3,3,487,24,340,41,487
FAIRFIELDBLACKSTOCK,22,0,0,0,0,0,0,0,0,0,0,0,0,0,31,0,0,0,8,22,0,31,8
FAIRFIELDBLAIRS,131,0,6,0,1,0,7,2,2,8,0,0,0,1,250,1,1,2,37,137,20,250,37
FAIRFIELDCENTERVILLE,27,0,9,0,5,9,32,2,16,24,0,0,0,0,56,1,2,2,137,36,88,56,137
FAIRFIELDDUTCHMANS CREEK,73,0,29,1,36,21,90,38,95,148,0,0,3,2,179,4,3,18,543,103,428,179,543
FAIRFIELDFAILSAFE,6,0,1,0,1,0,1,0,1,2,0,0,0,0,48,1,1,1,7,7,5,48,7
FAIRFIELDFEASTERVILLE,73,0,6,0,3,6,11,0,4,13,0,0,1,0,126,0,0,1,60,79,37,126,60
FAIRFIELDGLADDE3N GROVE,10,0,3,1,2,0,4,0,4,11,0,0,2,1,12,1,0,0,29,14,21,12,29
FAIRFIELDGREENBRIER,382,0,59,3,18,15,55,10,38,84,0,0,1,1,608,5,9,12,258,444,220,608,258
FAIRFIELDHICKORY RIDGE,203,0,25,3,8,6,31,1,23,50,0,0,0,0,311,3,7,5,157,231,119,311,157
FAIRFIELDHOREB-GLENN,82,0,10,2,0,0,9,2,1,13,0,0,0,0,157,0,1,1,32,94,25,157,32
FAIRFIELDJENKINSVILLE,195,1,22,1,2,2,5,5,7,13,0,0,0,2,294,0,3,2,54,219,34,294,54
FAIRFIELDLEBANON,100,0,16,1,13,7,48,4,28,40,0,0,0,3,187,1,0,0,186,117,140,187,186
FAIRFIELDMITFORD,101,1,16,0,4,9,30,2,16,70,0,0,0,0,229,0,2,2,219,118,131,229,219
FAIRFIELDMONTICELLO,146,0,10,0,1,5,10,6,5,22,0,0,1,0,244,0,4,6,74,156,49,244,74
FAIRFIELDNEW HOPE,2,0,0,0,2,0,2,0,1,17,0,0,0,0,12,0,1,0,27,2,22,12,27
FAIRFIELDPROVISIONAL,0,0,0,0,0,0,0,0,0,0,0,0,0,0,1,1,0,0,0,0,0,1,0
FAIRFIELDRIDGEWAY,368,1,57,2,25,10,84,19,50,93,0,0,2,3,649,2,7,10,328,428,281,649,328
FAIRFIELDSIMPSON,137,0,21,1,18,10,43,3,25,41,0,0,0,0,268,5,5,9,215,159,140,268,215
FAIRFIELDSOUTH WINNSBORO,143,0,23,0,1,0,8,0,1,23,0,0,1,0,272,2,2,1,61,166,33,272,61
FAIRFIELDWHITE OAK,59,0,10,1,1,4,9,5,11,5,0,0,0,3,105,0,3,1,44,70,35,105,44
FAIRFIELDWINNSBORO MILLS,58,0,23,1,17,7,23,3,14,52,0,0,2,5,191,6,3,7,149,82,116,191,149
FAIRFIELDWINNSBORO NO. 1,257,3,29,0,14,11,27,7,29,43,0,0,2,4,446,4,3,11,140,289,131,446,140
FAIRFIELDWINNSBORO NO. 2,176,0,24,0,9,14,34,24,46,48,0,0,2,1,279,3,4,5,233,200,175,279,233
FAIRFIELDWOODARD,37,2,0,0,0,1,4,0,1,8,0,0,0,0,67,0,0,0,16,39,14,67,16
FLORENCEBACK SWAMP,24,0,15,0,4,6,25,4,8,51,0,0,0,0,70,2,0,0,187,39,98,70,187
FLORENCEBROOKGREEN,148,0,36,1,1,9,31,0,11,10,0,0,1,0,258,0,1,2,75,185,62,258,75
FLORENCECARTERSVILLE,76,0,13,0,5,7,69,5,14,72,0,0,1,1,178,2,2,2,261,89,172,178,261
FLORENCECLAUSSEN,155,0,48,1,32,38,151,11,58,178,0,0,1,2,241,5,1,9,606,204,468,241,606
FLORENCECOLES CR ROADS,206,0,73,1,40,41,184,12,79,177,0,0,2,3,395,10,13,28,633,280,533,395,633
FLORENCECOWARDS NO. 1,65,0,16,0,12,8,46,6,16,74,0,0,3,0,120,1,0,6,315,81,162,120,315
FLORENCECOWARDS NO. 2,45,0,8,0,18,6,36,0,18,84,0,0,0,1,104,0,3,3,365,53,162,104,365
FLORENCEDELMAE NO. 1,150,1,69,2,30,28,72,14,60,99,0,0,2,4,461,8,11,29,439,222,303,461,439
FLORENCEDELMAE NO. 2,90,0,41,0,43,52,169,36,125,162,0,0,1,3,197,4,9,19,652,131,587,197,652
FLORENCEEBENEZER NO. 1,155,3,94,1,57,114,274,70,216,301,0,0,0,0,463,10,17,56,1238,253,1032,463,1238
FLORENCEEBENEZER NO. 2,158,0,65,2,53,49,147,24,121,176,0,0,2,1,390,6,14,31,678,225,570,390,678
FLORENCEEBENEZER NO. 3,59,0,22,0,33,34,111,20,88,110,0,0,0,1,164,2,6,14,422,81,396,164,422
FLORENCEEFFINGHAM,33,0,11,1,9,11,76,2,23,81,0,0,0,2,68,0,1,3,290,45,202,68,290
FLORENCEELIM-GLENWOOD,61,0,28,0,24,29,159,5,42,123,0,0,0,1,177,1,4,6,571,89,382,177,571
FLORENCEEVERGREEN,49,0,27,1,20,14,81,7,38,83,0,0,1,1,135,4,4,4,388,77,243,135,388
FLORENCEFAILSAFE 1,5,0,1,0,0,8,9,2,16,16,0,0,0,0,14,0,0,1,9,6,51,14,9
FLORENCEFAILSAFE PROV 1,22,0,10,0,0,0,0,0,0,0,0,0,0,0,51,0,3,1,50,32,0,51,50
FLORENCEFLORENCE NO. 1,240,0,38,3,0,0,0,0,0,0,0,0,0,1,478,1,1,2,10,281,0,478,10
FLORENCEFLORENCE NO. 10,112,0,27,0,0,0,0,0,0,3,0,0,1,0,235,3,1,1,8,139,3,235,8
FLORENCEFLORENCE NO. 11,38,0,41,0,29,19,32,16,35,47,0,0,1,0,163,3,4,11,225,79,178,163,225
FLORENCEFLORENCE NO. 12,79,0,57,0,45,42,193,20,98,214,0,0,4,3,227,5,8,27,638,136,612,227,638
FLORENCEFLORENCE NO. 14,88,0,81,0,40,42,168,32,132,131,0,0,3,2,252,11,5,20,515,169,545,252,515
FLORENCEFLORENCE NO. 15,45,0,12,0,4,1,11,0,6,8,0,0,0,0,141,1,2,0,36,57,30,141,36
FLORENCEFLORENCE NO. 2,164,0,27,1,2,1,1,0,3,3,0,0,2,0,410,1,1,2,14,192,10,410,14
FLORENCEFLORENCE NO. 3,250,0,36,0,0,0,0,0,0,1,0,0,1,3,519,2,1,6,4,286,1,519,4
FLORENCEFLORENCE NO. 4,35,0,23,0,6,9,19,5,11,26,0,0,1,0,142,5,4,11,141,58,76,142,141
FLORENCEFLORENCE NO. 5,87,0,37,0,13,14,27,2,15,19,0,0,1,2,288,3,4,10,135,124,90,288,135
FLORENCEFLORENCE NO. 6,38,0,35,0,14,17,61,15,61,38,0,0,0,0,121,2,4,9,258,73,206,121,258
FLORENCEFLORENCE NO. 7,81,0,59,0,71,42,94,58,100,160,0,0,0,1,264,5,12,29,523,140,525,264,523
FLORENCEFLORENCE NO. 8,55,0,43,0,53,44,94,48,167,143,0,0,1,0,174,3,16,25,589,98,549,174,589
FLORENCEFLORENCE NO. 9,311,0,75,1,0,0,0,0,0,0,0,0,0,1,596,3,1,3,6,387,0,596,6
FLORENCEFRIENDFIELD,20,1,3,0,14,5,38,3,11,50,0,0,0,0,41,1,1,3,241,24,121,41,241
FLORENCEGILBERT,322,1,59,0,4,7,20,2,8,29,0,0,1,2,669,5,2,4,108,382,70,669,108
FLORENCEGREENWOOD,158,0,56,1,11,23,79,5,54,89,0,0,0,1,348,3,5,23,429,215,261,348,429
FLORENCEHANNAH,13,0,6,0,17,11,56,5,34,76,0,0,0,0,47,1,0,8,358,19,199,47,358
FLORENCEHIGH HILL,17,0,4,0,10,6,34,4,23,43,0,0,0,0,59,3,5,3,222,21,120,59,222
FLORENCEJOHNSONVILLE,103,0,34,1,30,26,74,14,71,146,0,0,1,4,332,4,7,9,803,138,361,332,803
FLORENCEKINGSBURG-STONE,184,0,12,0,8,5,37,2,24,60,0,0,0,1,302,2,1,6,263,196,136,302,263
FLORENCELAKE CITY NO. 1,231,0,46,1,13,3,33,3,32,39,0,0,1,2,504,3,5,9,165,278,123,504,165
FLORENCELAKE CITY NO. 2,79,0,20,3,18,14,56,9,46,101,0,0,1,0,220,6,4,13,409,102,244,220,409
FLORENCELAKE CITY NO. 3,165,0,25,1,21,11,50,8,44,68,0,0,3,2,450,5,3,5,295,191,202,450,295
FLORENCELAKE CITY NO. 4,313,0,39,3,0,0,3,0,0,5,0,0,1,1,802,2,3,2,22,355,8,802,22
FLORENCELEO,32,0,10,0,3,4,15,2,3,44,0,0,0,0,69,0,1,2,118,42,71,69,118
FLORENCEMARS BLUFF NO. 1,155,0,43,1,20,21,99,11,51,136,0,0,0,3,433,2,5,17,526,199,338,433,526
FLORENCEMARS BLUFF NO. 2,92,0,43,0,29,14,84,26,70,143,0,0,1,4,227,3,3,13,460,135,366,227,460
FLORENCEMCALLISTER MILL,48,0,11,0,8,7,43,3,24,66,0,0,0,0,121,1,1,2,274,59,151,121,274
FLORENCEMILL BRANCH,161,0,17,2,4,3,6,1,5,11,0,0,0,2,234,3,1,3,117,180,30,234,117
FLORENCEOAK GROVE-SARDIS,25,0,23,1,27,8,119,8,42,95,0,0,0,1,97,0,2,6,480,49,299,97,480
FLORENCEOLANTA,135,0,23,1,21,23,59,4,34,86,0,0,2,5,323,2,2,11,416,159,227,323,416
FLORENCEPAMPLICO NO. 1,73,0,14,0,19,18,97,12,51,107,0,0,2,1,165,1,1,5,432,87,304,165,432
FLORENCEPAMPLICO NO. 2,134,0,22,0,4,4,20,3,9,29,0,0,0,1,268,1,3,5,99,156,69,268,99
FLORENCEPROSPECT,3,0,2,0,3,5,32,3,11,53,0,0,1,0,12,0,0,3,205,5,107,12,205
FLORENCEPROVISIONAL 1,0,0,0,0,0,0,2,0,2,6,0,0,0,0,2,0,0,0,7,0,10,2,7
FLORENCEQUINBY,154,1,56,0,13,5,22,1,14,39,0,0,1,1,306,2,2,8,119,211,94,306,119
FLORENCESALEM,7,0,7,0,11,5,41,0,16,45,0,0,0,0,25,1,3,5,254,14,118,25,254
FLORENCESAVANNAH GROVE,390,0,97,3,36,45,217,19,105,201,0,0,1,1,712,9,9,19,757,490,623,712,757
FLORENCESCRANTON,73,1,11,0,18,11,40,4,25,70,0,0,0,0,192,0,0,3,281,85,168,192,281
FLORENCESOUTH FLORENCE NO. 1,143,1,77,1,36,46,161,18,101,111,0,0,0,7,368,2,12,28,461,222,473,368,461
FLORENCESOUTH FLORENCE NO. 2,255,0,66,2,10,16,31,5,18,39,0,0,3,3,575,4,4,12,146,323,119,575,146
FLORENCESPAULDING,274,0,34,2,0,0,1,3,4,7,0,0,0,3,456,1,3,1,25,310,15,456,25
FLORENCETANS BAY,120,0,36,1,24,28,117,5,35,98,0,0,1,0,266,0,5,11,435,157,307,266,435
FLORENCETIMMONSVILLE NO. 1,225,1,22,1,6,5,31,4,6,37,0,0,2,1,568,4,3,4,140,249,89,568,140
FLORENCETIMMONSVILLE NO. 2,103,1,13,1,14,17,52,7,23,88,0,0,1,1,249,3,3,3,303,118,201,249,303
FLORENCEVOX,35,0,9,0,6,13,42,7,23,77,0,0,1,1,68,0,4,12,285,44,168,68,285
FLORENCEWEST FLORENCE NO. 1,118,1,87,0,56,59,171,29,115,181,0,0,0,6,446,13,11,27,820,206,611,446,820
FLORENCEWEST FLORENCE NO. 2,53,0,28,0,34,29,80,37,124,104,0,0,0,0,216,9,7,10,398,81,408,216,398
GEORGETOWNBETHEL,17,0,12,0,16,21,48,4,25,114,0,0,0,0,56,3,0,5,465,29,228,56,465
GEORGETOWNBLACK RIVER,63,1,32,2,33,32,89,34,103,181,0,0,2,1,137,5,7,6,576,98,472,137,576
GEORGETOWNBROWN'S FERRY,409,0,46,7,1,9,16,8,19,48,0,0,1,3,711,6,5,2,163,462,101,711,163
GEORGETOWNCARVER'S BAY,13,0,0,0,2,0,20,4,6,22,0,0,1,1,23,1,1,1,91,13,54,23,91
GEORGETOWNCEDAR CREEK,93,0,10,4,0,0,5,0,3,12,0,0,1,0,55,1,1,2,269,107,20,55,269
GEORGETOWNCHOPPEE,164,0,18,4,10,5,27,0,13,35,0,0,0,1,347,2,3,2,123,186,90,347,123
GEORGETOWNEMERGENCY,0,0,0,0,0,0,0,0,0,0,0,0,0,0,1,0,0,0,0,0,0,1,0
GEORGETOWNFAILSAFE,19,0,6,0,2,0,2,0,4,12,0,0,0,0,56,0,0,1,45,25,20,56,45
GEORGETOWNFAILSAFE PROVISIONAL,6,0,3,0,1,2,3,1,2,4,0,0,0,0,12,0,1,0,28,9,13,12,28
GEORGETOWNFOLLY GROVE,56,0,11,1,12,8,70,2,39,129,0,0,1,1,133,1,2,3,394,68,260,133,394
GEORGETOWNGEORGETOWN NO. 1,71,0,39,1,21,13,19,31,65,82,0,0,1,0,143,2,2,9,213,111,231,143,213
GEORGETOWNGEORGETOWN NO. 2-DREAM KEEPERS,224,0,28,4,0,0,0,0,1,2,0,0,0,0,425,3,1,4,7,256,3,425,7
GEORGETOWNGEORGETOWN NO. 3,191,0,26,1,3,7,3,2,7,18,0,0,2,2,436,3,1,5,57,218,40,436,57
GEORGETOWNGEORGETOWN NO. 4,30,0,16,1,17,10,16,9,47,40,0,0,0,0,83,4,5,5,140,47,139,83,140
GEORGETOWNGEORGETOWN NO. 5,103,1,36,2,33,27,52,15,51,163,0,0,1,4,257,3,7,13,444,142,341,257,444
GEORGETOWNGRIER'S,29,0,7,0,10,9,22,4,22,86,0,0,0,1,253,0,0,0,52,36,153,253,52
GEORGETOWNKENSINGTON,58,0,26,0,35,24,39,10,59,125,0,0,1,0,102,1,6,12,379,84,292,102,379
GEORGETOWNMURRELL'S INLET NO. 1,135,2,64,0,76,42,143,77,286,442,0,0,3,4,446,15,18,24,1238,201,1066,446,1238
GEORGETOWNMURRELL'S INLET NO. 2,100,0,40,0,34,27,50,63,148,230,0,0,1,1,288,9,3,24,722,140,552,288,722
GEORGETOWNMURRELL'S INLET NO. 3,44,0,19,2,15,10,24,6,45,103,0,0,0,0,114,1,2,10,302,65,203,114,302
GEORGETOWNMURRELL'S INLET NO. 4,27,0,26,1,35,20,54,18,114,213,0,0,0,0,138,4,5,18,680,54,454,138,680
GEORGETOWNMYERSVILLE,123,0,13,1,0,1,3,0,2,4,0,0,0,0,250,1,1,2,25,137,10,250,25
GEORGETOWNPAWLEY'S ISLAND NO. 1,137,0,67,0,71,54,85,148,265,329,0,0,2,0,371,9,11,39,909,204,952,371,909
GEORGETOWNPAWLEY'S ISLAND NO. 2,222,2,125,1,62,49,84,73,170,279,0,0,3,2,556,10,13,37,743,350,717,556,743
GEORGETOWNPAWLEY'S ISLAND NO. 3,114,2,58,1,68,28,80,101,207,272,0,0,0,3,292,9,8,28,758,175,756,292,758
GEORGETOWNPAWLEY'S ISLAND NO. 4,83,0,59,0,64,40,88,93,208,305,0,0,5,1,242,8,14,41,755,142,798,242,755
GEORGETOWNPAWLEY'S ISLAND NO. 5,127,0,64,0,81,41,104,139,242,346,0,0,0,2,302,7,10,38,845,191,953,302,845
GEORGETOWNPENNY ROYAL,44,0,5,0,11,6,18,3,16,61,0,0,0,0,76,1,0,1,162,49,115,76,162
GEORGETOWNPLANTERSVILLE,172,0,20,2,1,7,7,1,14,27,0,0,0,0,296,1,2,3,88,194,57,296,88
GEORGETOWNPLEASANT HILL,55,0,5,1,19,10,62,1,21,77,0,0,2,4,172,2,6,11,322,61,190,172,322
GEORGETOWNPOTATO BED FERRY,71,1,7,2,7,10,28,3,21,51,0,0,1,0,156,1,2,6,234,81,120,156,234
GEORGETOWNPROVISIONAL,4,0,1,0,0,0,0,0,0,3,0,0,0,0,5,0,0,1,11,5,3,5,11
GEORGETOWNSAMPIT,218,0,28,1,8,2,7,1,4,24,0,0,1,0,411,1,2,4,91,247,46,411,91
GEORGETOWNSANTEE,284,0,39,2,2,1,5,0,1,24,0,0,0,1,451,2,3,0,98,325,33,451,98
GEORGETOWNSPRING GULLY,204,0,39,0,18,14,45,6,25,130,0,0,1,4,383,3,3,2,367,243,238,383,367
GEORGETOWNWINYAH BAY,57,0,24,0,17,12,38,14,54,84,0,0,0,1,99,0,2,4,291,81,219,99,291
GREENVILLEAIKEN,86,1,21,0,5,10,29,1,10,52,0,1,0,3,242,3,2,10,183,108,107,242,183
GREENVILLEALTAMONT FOREST,43,0,42,0,19,53,157,43,110,123,0,3,0,2,183,6,25,21,581,85,505,183,581
GREENVILLEASHETON LAKES,99,0,64,0,83,89,172,128,444,263,0,3,0,5,450,10,25,78,1328,163,1179,450,1328
GREENVILLEAVON,68,0,61,2,38,61,172,28,104,143,0,2,0,7,265,13,18,19,646,131,546,265,646
GREENVILLEBAKER CREEK,42,0,27,0,27,37,78,14,58,160,0,0,0,2,177,5,5,17,595,69,374,177,595
GREENVILLEBELLE MEADE,367,0,64,1,2,0,10,3,4,9,0,0,0,1,832,6,3,5,45,432,28,832,45
GREENVILLEBELLS CROSSING,100,0,66,0,57,86,213,72,217,224,0,3,0,12,460,15,34,77,1183,166,869,460,1183
GREENVILLEBELMONT,133,0,23,1,8,11,37,1,11,34,0,0,0,1,316,1,2,8,160,157,102,316,160
GREENVILLEBEREA,80,0,29,0,19,15,101,10,40,104,0,2,0,4,364,5,13,15,404,109,289,364,404
GREENVILLEBOILING SPRINGS,75,0,78,1,60,79,187,82,212,147,0,4,0,3,372,10,42,41,848,154,767,372,848
GREENVILLEBOTANY WOODS,62,0,76,0,32,43,128,44,130,131,0,1,0,2,319,11,30,35,622,138,508,319,622
GREENVILLEBRIDGE FORK,83,0,58,0,48,42,137,56,151,161,0,1,0,5,283,3,8,27,734,141,595,283,734
GREENVILLEBROOKGLENN,61,0,48,0,23,40,114,17,60,96,0,0,0,6,237,8,22,21,452,109,350,237,452
GREENVILLECANEBRAKE,143,1,82,0,73,78,165,137,376,251,0,4,0,7,506,11,22,58,1132,226,1080,506,1132
GREENVILLECAROLINA,228,1,58,1,9,4,38,5,18,32,0,1,0,0,495,5,4,5,165,288,106,495,165
GREENVILLECASTLE ROCK,76,0,52,0,32,87,277,34,130,293,0,1,0,7,258,6,23,38,1213,128,853,258,1213
GREENVILLECHESTNUT HILLS,116,1,73,0,23,42,80,19,46,81,0,0,0,8,419,10,8,27,422,190,291,419,422
GREENVILLECIRCLE CREEK,91,0,60,0,77,65,193,86,294,218,0,1,0,3,440,7,31,54,1078,151,933,440,1078
GREENVILLECLEAR CREEK,43,0,24,0,21,48,217,23,93,174,0,1,0,9,161,9,25,29,828,67,576,161,828
GREENVILLECONESTEE,178,1,88,1,24,55,102,27,80,134,0,1,0,3,562,11,11,35,651,268,422,562,651
GREENVILLEDARBY RIDGE,45,2,63,0,47,78,311,44,165,229,0,2,0,11,233,9,33,39,1115,110,874,233,1115
GREENVILLEDEL NORTE,137,1,98,2,53,70,180,50,148,158,0,1,0,6,531,17,26,43,754,238,659,531,754
GREENVILLEDEVENGER,80,0,52,0,59,51,133,95,231,193,0,1,0,6,279,6,54,44,796,132,762,279,796
GREENVILLEDONALDSON,147,0,30,1,2,6,20,2,16,34,0,0,0,2,350,3,3,7,126,178,80,350,126
GREENVILLEDOVE TREE,68,0,85,1,50,55,104,81,203,140,0,2,0,7,330,12,21,60,693,154,633,330,693
GREENVILLEDUNKLIN,38,0,30,0,38,51,195,27,72,250,0,1,0,7,173,2,13,27,1111,68,633,173,1111
GREENVILLEEASTSIDE,84,0,62,0,39,84,202,35,135,165,0,0,0,5,374,10,21,42,900,146,660,374,900
GREENVILLEEBENEZER,42,0,44,0,46,51,196,60,116,258,0,4,0,5,210,8,11,29,1080,86,727,210,1080
GREENVILLEEDWARDS FOREST,94,0,71,0,45,77,240,36,179,170,0,2,0,11,343,6,40,37,888,165,747,343,888
GREENVILLEENOREE,119,0,92,0,40,50,231,51,163,209,0,2,0,2,481,10,33,41,966,211,744,481,966
GREENVILLEFEASTER,76,0,38,1,21,31,83,26,62,90,0,0,0,6,253,3,12,21,365,115,313,253,365
GREENVILLEFORK SHOALS,60,0,32,0,39,63,172,11,87,247,0,2,0,3,174,7,12,21,966,92,619,174,966
GREENVILLEFOUNTAIN INN 1,280,0,97,0,58,92,176,32,137,180,0,2,0,5,771,8,26,54,988,377,675,771,988
GREENVILLEFOUNTAIN INN 2,68,0,31,0,25,48,57,15,60,124,0,2,0,2,216,7,9,23,544,99,329,216,544
GREENVILLEFOX CHASE,40,1,35,0,34,70,213,34,160,192,0,4,0,3,202,4,18,42,934,76,703,202,934
GREENVILLEFROHAWK,46,0,43,0,61,48,163,38,119,183,0,2,0,1,185,10,13,35,760,89,612,185,760
GREENVILLEFURMAN,131,0,85,0,90,53,219,96,207,224,0,4,0,6,473,16,18,38,1001,216,889,473,1001
GREENVILLEGOWENSVILLE,42,0,62,0,47,65,193,42,99,205,0,2,0,5,181,9,5,22,961,104,651,181,961
GREENVILLEGRANITE CREEK,94,1,97,0,51,71,222,69,175,190,0,1,0,3,507,7,23,46,981,192,778,507,981
GREENVILLEGRAZE BRANCH,55,0,37,0,33,48,142,57,167,131,0,0,0,2,256,2,10,28,683,92,578,256,683
GREENVILLEGREENBRIAR,146,0,64,0,42,40,107,55,107,128,0,2,0,5,373,6,10,37,645,210,479,373,645
GREENVILLEGREENVILLE 1,97,0,98,0,39,69,174,61,172,76,0,1,0,5,337,9,46,56,599,195,591,337,599
GREENVILLEGREENVILLE 10,204,0,119,1,58,29,32,95,161,88,0,2,0,1,643,10,32,71,460,324,463,643,460
GREENVILLEGREENVILLE 14,317,1,69,1,0,3,4,0,9,9,0,2,0,0,702,3,6,9,45,388,25,702,45
GREENVILLEGREENVILLE 16,110,0,71,0,91,33,84,85,208,101,0,4,0,2,413,12,22,48,607,181,602,413,607
GREENVILLEGREENVILLE 17,87,0,46,1,100,18,60,139,219,97,0,1,0,1,338,3,29,37,553,134,633,338,553
GREENVILLEGREENVILLE 18,75,0,47,0,71,36,54,97,219,89,0,0,0,1,314,2,22,45,578,122,566,314,578
GREENVILLEGREENVILLE 19,370,2,76,5,15,8,18,10,64,19,0,1,0,3,783,15,16,16,156,453,134,783,156
GREENVILLEGREENVILLE 20,79,0,33,0,64,17,42,98,209,63,0,0,0,0,274,4,10,38,448,112,493,274,448
GREENVILLEGREENVILLE 21,94,0,78,0,68,11,43,66,182,59,0,2,0,2,333,11,30,70,404,172,429,333,404
GREENVILLEGREENVILLE 22,95,1,105,0,69,69,97,95,244,190,0,2,0,5,462,9,26,63,841,201,764,462,841
GREENVILLEGREENVILLE 23,54,1,37,0,156,42,94,137,314,132,0,2,0,2,304,2,23,37,833,92,875,304,833
GREENVILLEGREENVILLE 24,153,0,137,0,59,50,102,82,196,164,0,0,0,7,740,17,39,87,821,290,653,740,821
GREENVILLEGREENVILLE 25,110,0,81,1,23,32,86,44,84,95,0,2,0,6,426,12,21,40,463,192,364,426,463
GREENVILLEGREENVILLE 26,174,1,109,0,9,37,82,16,43,41,0,1,0,3,555,8,20,47,313,284,228,555,313
GREENVILLEGREENVILLE 27,23,1,18,0,20,59,220,27,128,70,0,2,0,15,97,4,58,25,527,42,524,97,527
GREENVILLEGREENVILLE 28,46,0,71,0,20,21,70,13,65,36,0,0,0,6,253,17,9,27,242,117,225,253,242
GREENVILLEGREENVILLE 29,205,1,85,3,5,17,18,5,28,29,0,1,0,3,651,7,19,23,182,294,102,651,182
GREENVILLEGREENVILLE 3,158,0,178,1,62,51,125,104,210,139,0,1,0,3,677,17,47,78,670,337,691,677,670
GREENVILLEGREENVILLE 4,218,0,138,1,19,35,53,52,60,81,0,4,0,2,798,14,30,56,356,357,300,798,356
GREENVILLEGREENVILLE 5,225,3,157,1,52,25,56,91,176,80,0,3,0,2,777,21,22,81,486,386,480,777,486
GREENVILLEGREENVILLE 6,58,0,14,0,0,4,17,2,1,9,0,0,0,2,176,1,4,3,50,72,33,176,50
GREENVILLEGREENVILLE 7,251,0,67,2,2,17,10,7,11,12,0,0,0,2,633,5,15,15,95,320,59,633,95
GREENVILLEGREENVILLE 8,244,1,97,1,18,21,33,45,68,56,0,2,0,4,803,12,20,55,262,343,241,803,262
GREENVILLEGROVE,167,0,48,0,12,19,49,12,48,75,0,3,0,2,466,10,8,7,309,215,215,466,309
GREENVILLEHILLCREST,149,0,64,1,51,82,181,60,212,222,0,6,0,3,473,5,36,47,990,214,808,473,990
GREENVILLEHOLLY TREE,58,0,58,1,46,41,84,74,136,109,0,2,0,2,225,6,15,25,558,117,490,225,558
GREENVILLEJENNINGS MILL,43,0,48,0,36,39,130,71,159,141,0,5,0,7,193,5,16,29,738,91,576,193,738
GREENVILLEKILGORE FARMS,131,0,67,0,26,63,163,67,171,193,0,6,0,3,460,11,22,48,887,198,683,460,887
GREENVILLELAKEVIEW,105,1,95,0,28,43,151,19,68,146,0,3,0,10,524,15,29,37,660,201,455,524,660
GREENVILLELAUREL RIDGE,122,0,54,0,36,67,247,36,146,238,0,4,0,4,354,7,23,38,940,176,770,354,940
GREENVILLELEAWOOD,124,0,76,0,35,40,154,47,163,143,0,2,0,6,453,5,16,50,681,200,582,453,681
GREENVILLELOCUST HILL,53,0,27,1,37,55,175,34,132,130,0,1,0,3,144,4,18,15,798,81,563,144,798
GREENVILLELONG CREEK,58,0,49,0,14,52,99,31,116,133,0,0,0,4,233,9,17,27,593,107,445,233,593
GREENVILLEMAPLE CREEK,80,1,23,0,16,55,129,12,87,167,0,0,0,6,307,9,17,20,733,104,466,307,733
GREENVILLEMARIDELL,77,0,48,1,25,39,172,20,81,225,0,2,0,7,216,11,19,20,859,126,562,216,859
GREENVILLEMAULDIN 1,145,1,84,1,36,38,96,51,123,145,0,2,0,9,456,12,18,40,621,231,489,456,621
GREENVILLEMAULDIN 2,135,1,106,2,62,80,204,84,288,238,0,2,0,6,700,24,41,73,1166,244,956,700,1166
GREENVILLEMAULDIN 3,288,0,95,3,51,28,111,29,123,117,0,1,0,3,735,13,24,39,598,386,459,735,598
GREENVILLEMAULDIN 4,164,1,108,0,55,57,197,63,157,234,0,2,0,9,603,16,31,43,955,273,763,603,955
GREENVILLEMAULDIN 5,147,2,137,0,49,59,126,68,161,165,0,2,0,3,592,11,20,78,800,286,628,592,800
GREENVILLEMAULDIN 6,191,0,95,1,50,53,118,43,146,182,0,2,0,6,512,7,7,33,738,287,592,512,738
GREENVILLEMAULDIN 7,93,0,80,1,27,43,114,49,153,167,0,4,0,4,380,8,39,53,667,174,553,380,667
GREENVILLEMISSION,136,0,76,0,96,77,205,90,281,192,0,0,0,5,395,4,44,43,946,212,941,395,946
GREENVILLEMONAVIEW,87,1,63,0,29,17,56,11,65,123,0,4,0,5,403,15,12,22,447,151,301,403,447
GREENVILLEMOORE CREEK,190,0,120,0,27,64,192,35,161,194,0,1,0,10,713,10,13,65,961,310,673,713,961
GREENVILLEMOUNTAIN CREEK,74,0,51,0,58,90,236,72,246,226,0,2,0,10,241,6,35,42,1069,125,928,241,1069
GREENVILLEMOUNTAIN VIEW,40,1,50,0,24,102,291,35,127,246,0,1,0,12,164,6,11,26,1179,91,825,164,1179
GREENVILLEMT. PLEASANT,248,0,48,2,11,10,33,4,12,32,0,2,0,3,606,7,3,7,149,298,102,606,149
GREENVILLENEELY FARMS,158,0,108,0,45,69,213,88,315,323,0,2,0,9,656,12,38,74,1338,266,1053,656,1338
GREENVILLENORTHWOOD,86,0,80,0,51,91,180,44,157,171,0,1,0,6,307,5,45,52,776,166,694,307,776
GREENVILLEOAKVIEW,107,0,69,1,60,78,172,107,327,272,0,3,0,4,454,11,31,68,1172,177,1016,454,1172
GREENVILLEONEAL,52,0,59,0,57,84,301,43,140,312,0,5,0,7,256,4,20,35,1351,111,937,256,1351
GREENVILLEPALMETTO,97,0,69,0,39,55,120,62,156,122,0,2,0,4,348,10,35,39,658,166,554,348,658
GREENVILLEPARIS MOUNTAIN,59,0,48,0,40,53,133,45,148,133,0,2,0,8,218,4,22,35,572,107,552,218,572
GREENVILLEPEBBLE CREEK,72,0,62,1,67,73,209,67,218,187,0,2,0,12,313,4,32,27,917,135,821,313,917
GREENVILLEPELHAM FALLS,37,0,31,0,23,37,75,55,156,89,0,0,0,6,203,5,13,34,484,68,435,203,484
GREENVILLEPIEDMONT,129,1,64,1,31,51,155,17,72,245,0,5,0,7,424,5,11,42,930,195,571,424,930
GREENVILLEPINEVIEW,21,0,28,1,21,36,99,19,70,100,0,0,0,5,104,3,4,18,558,50,345,104,558
GREENVILLEPOINSETT,102,0,96,0,41,57,255,44,145,198,0,0,0,7,411,14,32,48,880,198,740,411,880
GREENVILLERAINTREE,142,0,90,0,53,73,188,44,164,194,0,4,0,13,551,8,22,62,1002,232,716,551,1002
GREENVILLERANCH CREEK,254,0,116,1,21,52,118,26,100,117,0,1,0,6,788,10,23,43,672,371,434,788,672
GREENVILLEREEDY FORK,173,1,68,0,31,38,122,19,53,143,0,4,0,5,478,4,15,17,569,242,406,478,569
GREENVILLERIVERSIDE,95,0,81,0,38,55,148,46,155,132,0,1,0,5,475,20,26,51,783,176,574,475,783
GREENVILLERIVERWALK,104,0,72,0,67,94,174,134,377,238,0,0,0,0,426,16,30,62,1122,176,1084,426,1122
GREENVILLEROCK HILL,118,0,91,0,56,73,156,78,208,134,0,3,0,6,507,13,40,51,759,209,705,507,759
GREENVILLEROCKY CREEK,90,0,70,0,40,37,112,64,149,162,0,1,0,6,422,6,11,54,616,160,564,422,616
GREENVILLEROLLING GREEN,67,0,39,2,93,51,106,109,217,115,0,0,0,2,255,2,15,30,701,108,691,255,701
GREENVILLEROYAL OAKS,264,0,54,3,2,3,12,3,7,19,0,1,0,4,639,3,6,6,82,321,46,639,82
GREENVILLESALUDA,70,0,45,0,24,40,112,26,59,162,0,1,0,6,281,6,10,22,580,115,423,281,580
GREENVILLESANDY FLAT,71,1,72,0,54,116,371,51,256,331,0,2,0,14,297,10,25,54,1625,144,1179,297,1625
GREENVILLESEVIER,88,0,88,1,59,64,289,43,204,238,0,4,0,8,372,15,46,46,1092,177,897,372,1092
GREENVILLESILVERLEAF,77,0,80,0,46,63,181,110,225,173,0,0,0,8,321,14,41,49,866,157,798,321,866
GREENVILLESIMPSONVILLE 1,94,0,71,0,37,52,161,31,139,185,0,2,0,8,432,8,17,49,878,165,605,432,878
GREENVILLESIMPSONVILLE 2,103,0,58,0,26,39,92,27,71,117,0,2,0,5,330,14,12,35,572,161,372,330,572
GREENVILLESIMPSONVILLE 3,89,0,73,0,53,60,213,59,157,260,0,0,0,4,350,12,14,45,980,162,802,350,980
GREENVILLESIMPSONVILLE 4,148,2,77,3,23,49,110,23,81,165,0,2,0,4,400,8,9,36,633,230,451,400,633
GREENVILLESIMPSONVILLE 5,160,0,62,0,17,29,89,21,83,102,0,1,0,0,486,6,22,44,560,222,341,486,560
GREENVILLESIMPSONVILLE 6,145,0,98,1,35,58,171,45,121,222,0,1,0,6,528,8,19,50,936,244,652,528,936
GREENVILLESKYLAND,31,0,41,0,31,85,301,21,124,318,0,0,0,5,129,8,15,33,1322,72,880,129,1322
GREENVILLESLATER MARIETTA,74,0,69,0,47,60,304,44,97,313,0,6,0,6,226,11,17,40,1391,143,865,226,1391
GREENVILLESOUTHSIDE,207,0,53,0,68,28,62,63,207,92,0,1,0,3,536,6,8,27,513,260,520,536,513
GREENVILLESPARROWS POINT,98,0,64,2,33,59,141,67,224,192,0,2,0,4,418,10,43,40,869,164,716,418,869
GREENVILLESPRING FOREST,98,1,79,0,23,40,114,63,160,141,0,2,0,6,432,5,36,45,576,178,541,432,576
GREENVILLESTANDING SPRINGS,105,0,74,1,32,47,140,27,108,115,0,1,0,4,370,18,21,39,636,180,469,370,636
GREENVILLESTONE VALLEY,117,0,82,0,35,64,213,19,136,152,0,3,0,6,408,19,34,52,767,199,619,408,767
GREENVILLESTONEHAVEN,81,1,63,0,40,48,122,68,180,154,0,0,0,3,323,4,28,42,694,145,612,323,694
GREENVILLESUBER MILL,109,0,94,1,48,81,216,59,192,188,0,1,0,5,476,19,38,69,998,204,784,476,998
GREENVILLESUGAR CREEK,75,1,62,0,64,92,200,138,327,217,0,1,0,6,364,8,24,46,1070,138,1038,364,1070
GREENVILLESULPHUR SPRINGS,96,0,50,0,28,53,171,21,83,217,0,3,0,6,296,13,15,23,834,146,573,296,834
GREENVILLESYCAMORE,75,0,41,1,48,72,143,53,168,193,0,2,0,7,290,7,16,50,919,117,677,290,919
GREENVILLETANGLEWOOD,194,0,51,1,29,29,128,13,50,142,0,2,0,3,583,7,6,22,557,246,391,583,557
GREENVILLETAYLORS,130,0,67,1,21,55,158,20,105,128,0,2,0,9,496,9,10,63,668,198,487,496,668
GREENVILLETHORNBLADE,111,1,62,0,47,50,125,102,286,251,0,2,0,4,537,15,33,32,1053,174,861,537,1053
GREENVILLETIGERVILLE,64,0,50,0,49,69,255,79,212,248,0,0,0,8,231,5,33,38,1161,114,912,231,1161
GREENVILLETIMBERLAKE,97,0,100,1,67,76,232,54,205,159,0,1,0,9,395,14,42,72,846,198,793,395,846
GREENVILLETRADE,138,0,53,0,29,36,105,14,98,135,0,1,0,4,458,14,22,33,637,191,417,458,637
GREENVILLETRAVELERS REST 1,98,0,93,0,47,70,190,51,187,190,0,2,0,4,409,15,35,62,927,191,735,409,927
GREENVILLETRAVELERS REST 2,48,0,41,0,29,43,148,24,76,165,0,2,0,7,214,7,17,17,705,89,485,214,705
GREENVILLETUBBS MOUNTAIN,61,0,46,0,34,73,264,37,165,236,0,2,0,10,215,6,18,33,1113,107,809,215,1113
GREENVILLETYGER RIVER,69,0,35,0,19,25,74,12,72,99,0,0,0,2,271,8,8,20,448,104,301,271,448
GREENVILLEVERDMONT,120,0,68,1,31,58,154,58,170,150,0,1,0,5,410,4,17,34,790,189,621,410,790
GREENVILLEWADE HAMPTON,75,0,73,0,27,75,190,21,149,134,0,4,0,6,337,14,43,38,740,148,596,337,740
GREENVILLEWALNUT SPRINGS,163,0,134,0,97,118,297,100,348,381,0,2,0,27,707,18,49,88,1819,297,1341,707,1819
GREENVILLEWARE PLACE,65,0,37,0,34,60,183,29,96,230,0,0,0,5,242,11,7,22,945,102,632,242,945
GREENVILLEWELCOME,152,0,59,3,21,20,81,7,31,102,0,2,0,7,561,8,9,26,411,214,262,561,411
GREENVILLEWELLINGTON,49,0,48,1,52,49,133,43,146,135,0,1,0,4,220,3,17,30,635,98,558,220,635
GREENVILLEWESTCLIFFE,87,1,53,1,31,22,128,24,53,156,0,3,0,2,330,5,11,20,588,142,414,330,588
GREENVILLEWESTSIDE,139,0,54,1,36,38,124,19,46,174,0,1,0,8,423,4,7,15,656,194,437,423,656
GREENVILLEWOODMONT,248,0,77,1,15,33,112,22,85,148,0,2,0,6,628,11,10,20,657,326,415,628,657
GREENVILLEWOODRUFF LAKES,123,0,71,0,62,67,189,78,238,202,0,3,0,8,421,15,29,36,1040,194,836,421,1040
GREENWOODAIRPORT,37,0,23,0,20,34,51,27,95,88,0,1,0,1,103,3,10,17,390,60,315,103,390
GREENWOODALLIE'S CROSSING,59,0,14,0,18,26,46,4,54,57,0,0,0,0,118,1,3,9,307,73,205,118,307
GREENWOODBILTMORE PINES,70,0,27,0,28,23,52,29,74,69,0,0,0,1,175,7,7,12,385,97,275,175,385
GREENWOODBRADLEY,28,0,2,0,3,4,17,2,15,16,0,0,0,1,43,0,0,6,87,30,57,43,87
GREENWOODCALLISON,43,0,14,0,10,14,58,8,39,68,0,3,0,3,110,0,1,9,394,57,197,110,394
GREENWOODCIVIC CENTER,112,0,30,0,10,10,39,6,28,53,0,3,0,1,310,6,1,4,221,142,146,310,221
GREENWOODCOKESBURY,165,1,28,2,10,10,46,8,15,40,0,0,0,3,261,1,5,7,267,196,129,261,267
GREENWOODCORONACA,41,0,18,2,38,39,92,38,122,136,0,0,0,3,117,1,4,16,610,61,465,117,610
GREENWOODEMERALD,92,0,15,2,3,2,11,3,16,4,0,1,0,1,223,0,1,8,57,109,39,223,57
GREENWOODEMERALD HIGH,20,0,16,0,16,16,41,9,47,42,0,0,0,0,60,2,6,8,196,36,171,60,196
GREENWOODEPWORTH,29,0,3,0,14,22,37,6,28,83,0,0,0,3,59,0,0,5,309,32,190,59,309
GREENWOODFAILSAFE,30,0,7,0,2,1,11,1,12,6,0,1,0,1,111,3,1,2,53,37,33,111,53
GREENWOODFAILSAFE PROVISIONAL,32,0,4,0,6,4,15,3,13,18,0,0,0,0,41,0,1,1,47,36,59,41,47
GREENWOODGEORGETOWN,47,0,25,0,20,19,50,20,91,50,0,1,0,2,200,4,6,14,234,72,250,200,234
GREENWOODGIDEON'S WAY,96,0,18,1,5,10,33,3,33,32,0,1,0,1,201,0,5,3,161,115,116,201,161
GREENWOODGLENDALE,39,0,38,0,45,51,95,35,139,94,0,0,0,4,154,7,14,16,563,77,459,154,563
GREENWOODGREENWOOD HIGH,54,0,22,1,14,35,56,11,36,67,0,0,0,3,146,6,6,8,293,77,219,146,293
GREENWOODGREENWOOD MILL,17,0,18,0,21,18,43,17,47,47,0,0,0,0,105,5,5,15,262,35,193,105,262
GREENWOODGREENWOOD NO. 1,92,0,3,1,1,1,8,5,3,8,0,1,0,1,252,6,4,3,46,96,26,252,46
GREENWOODGREENWOOD NO. 2,179,0,17,6,1,1,6,0,3,2,0,0,0,1,364,1,1,3,21,202,13,364,21
GREENWOODGREENWOOD NO. 3,59,0,31,1,24,24,33,25,70,47,0,0,0,0,213,4,11,21,295,91,223,213,295
GREENWOODGREENWOOD NO. 4,117,0,34,2,9,18,46,7,36,45,0,2,0,0,278,5,4,14,271,153,161,278,271
GREENWOODGREENWOOD NO. 5,74,0,7,2,4,1,11,1,7,16,0,1,0,0,172,0,2,4,53,83,40,172,53
GREENWOODGREENWOOD NO. 6,76,0,14,0,4,11,30,2,12,28,0,1,0,2,237,3,1,6,145,90,87,237,145
GREENWOODGREENWOOD NO. 7,92,0,29,3,9,14,22,14,31,36,0,1,0,2,270,4,5,15,166,124,126,270,166
GREENWOODGREENWOOD NO. 8,63,0,14,3,31,20,35,36,56,47,0,1,0,2,172,5,6,13,260,80,225,172,260
GREENWOODHARRIS,39,1,20,0,19,25,49,14,39,40,0,2,0,1,135,7,2,10,193,60,186,135,193
GREENWOODHODGES,51,0,23,0,15,28,90,13,82,116,0,0,0,2,161,3,6,13,542,74,344,161,542
GREENWOODLACO,86,0,32,1,24,37,109,3,54,110,0,3,0,1,213,5,5,11,472,119,337,213,472
GREENWOODLIBERTY,89,1,24,0,10,13,21,4,21,43,0,1,0,1,205,4,2,5,186,114,112,205,186
GREENWOODLOWER LAKE,23,0,19,0,30,26,53,44,109,118,0,0,0,0,97,1,3,13,510,42,380,97,510
GREENWOODMARSHALL OAKS,62,1,11,2,5,4,8,1,7,6,0,1,0,0,186,1,1,6,52,76,31,186,52
GREENWOODMAXWELLTON PIKE,12,0,18,2,20,38,68,23,47,76,0,1,0,2,55,4,2,14,351,32,272,55,351
GREENWOODMIMOSA CREST,35,1,22,0,18,17,42,14,37,38,0,1,0,0,123,1,2,15,228,58,166,123,228
GREENWOODMOUNTAIN LAUREL,70,0,25,1,3,9,18,2,13,40,0,1,0,1,215,4,4,8,182,96,85,215,182
GREENWOODNEW CASTLE,51,0,17,1,17,34,65,16,54,95,0,0,0,2,101,6,5,13,374,69,281,101,374
GREENWOODNEW MARKET,59,0,18,2,6,13,41,8,20,57,0,2,0,0,181,2,5,4,283,79,145,181,283
GREENWOODNINETY SIX,65,0,23,0,14,13,49,4,33,51,0,0,0,1,175,4,4,12,249,88,164,175,249
GREENWOODNINETY SIX MILL,21,0,13,0,11,39,47,7,37,70,0,0,0,0,51,2,5,13,344,34,211,51,344
GREENWOODPARSON'S MILL,46,0,26,0,13,18,35,11,44,47,0,1,0,5,136,3,5,17,241,72,168,136,241
GREENWOODPINECREST,48,0,21,0,17,21,40,11,53,43,0,0,0,3,161,8,8,8,284,69,185,161,284
GREENWOODPROVISIONAL,3,0,0,0,1,0,2,0,0,0,0,0,0,1,37,1,1,0,33,3,3,37,33
GREENWOODRILEY,19,0,4,1,1,2,11,4,10,22,0,0,0,0,40,1,0,1,77,24,50,40,77
GREENWOODRUTHERFORD SHOALS,51,0,12,2,24,17,38,5,20,38,0,0,0,0,145,4,0,5,282,65,142,145,282
GREENWOODSANDRIDGE,19,0,2,0,23,19,50,3,28,45,0,0,0,1,51,0,2,5,328,21,168,51,328
GREENWOODSHOALS JUNCTION,18,0,4,0,1,3,21,5,15,27,0,0,0,0,43,2,2,2,141,22,72,43,141
GREENWOODSPARROWS GRACE,21,0,22,0,39,44,112,42,133,145,0,0,0,5,97,3,5,15,611,43,515,97,611
GREENWOODSTONEWOOD,44,0,32,0,31,33,100,28,141,140,0,2,0,2,171,5,2,20,656,76,473,171,656
GREENWOODTROY,8,0,0,0,4,4,12,2,5,12,0,0,0,0,24,0,0,2,61,8,39,24,61
GREENWOODVERDERY,163,0,35,1,13,32,81,11,73,59,0,4,0,2,281,4,8,13,375,199,269,281,375
GREENWOODWARE SHOALS,46,1,15,0,10,2,17,8,10,29,0,2,0,2,134,2,1,7,169,62,76,134,169
HAMPTONBLACK CREEK,13,0,5,0,2,0,14,5,18,29,0,0,1,1,32,0,0,0,101,18,68,32,101
HAMPTONBONNETT,78,0,17,0,6,6,49,7,25,64,0,0,2,1,125,0,3,1,335,95,157,125,335
HAMPTONBRUNSON,64,0,8,0,8,5,11,9,18,38,0,0,0,1,133,2,3,4,206,72,89,133,206
HAMPTONCROCKET-MILEY,33,0,10,0,5,5,36,4,16,47,0,0,0,0,98,0,1,2,168,43,113,98,168
HAMPTONCUMMINGS,107,0,11,0,0,6,28,5,14,42,0,0,0,2,214,0,3,1,206,118,95,214,206
HAMPTONEARLY BRANCH,37,0,6,1,3,5,21,3,6,12,0,0,0,0,90,0,0,0,94,44,50,90,94
HAMPTONESTILL,257,1,25,4,1,5,14,6,21,56,0,0,3,2,718,6,6,8,212,287,103,718,212
HAMPTONFAILSAFE,2,0,0,0,0,0,0,0,0,0,0,0,0,0,11,0,0,0,7,2,0,11,7
HAMPTONFAILSAFE PROVISIONAL,0,0,0,0,0,0,0,0,0,0,0,0,0,0,3,0,0,0,0,0,0,3,0
HAMPTONFURMAN,82,0,6,0,0,3,6,0,5,18,0,0,1,0,141,0,0,3,76,88,32,141,76
HAMPTONGARNETT,31,0,4,0,0,0,0,0,0,3,0,0,0,0,79,0,0,0,12,35,3,79,12
HAMPTONGIFFORD,105,0,3,1,0,0,1,0,0,3,0,0,1,0,186,0,0,0,16,109,4,186,16
HAMPTONHAMPTON COURTHOUSE NO.1,81,0,5,1,13,11,20,3,15,52,0,0,0,1,209,4,3,4,247,87,114,209,247
HAMPTONHAMPTON COURTHOUSE NO.2,120,2,26,1,18,8,38,18,55,82,0,0,0,1,287,0,3,9,358,149,219,287,358
HAMPTONHOPEWELL,6,0,5,0,4,5,13,0,11,27,0,0,0,0,28,1,0,2,142,11,60,28,142
HAMPTONHORSE GALL,0,0,0,0,0,1,5,2,9,21,0,0,0,0,2,0,0,2,59,0,38,2,59
HAMPTONPROVISIONAL,3,0,0,0,0,0,0,0,0,0,0,0,0,0,4,0,0,0,5,3,0,4,5
HAMPTONRIVERS MILL,6,0,3,0,0,0,1,0,4,2,0,0,0,0,23,0,2,1,18,9,7,23,18
HAMPTONSCOTIA,72,0,7,0,0,1,3,0,0,6,0,0,0,0,175,0,1,2,22,79,10,175,22
HAMPTONVARNVILLE,239,0,38,2,7,14,47,12,51,92,0,0,2,2,526,3,3,9,356,279,223,526,356
HAMPTONYEMASSEE,138,0,21,3,4,9,30,6,20,74,0,0,3,1,338,3,3,5,208,162,143,338,208
HORRYADRIAN,65,0,27,0,14,25,115,19,54,219,0,0,1,0,212,6,4,21,786,92,446,212,786
HORRYALLSBROOK,23,1,8,0,19,10,48,6,26,79,0,0,0,1,71,0,0,0,326,32,188,71,326
HORRYATLANTIC BEACH,33,0,3,0,0,1,2,0,0,5,0,0,0,0,70,0,0,0,16,36,8,70,16
HORRYAYNOR,49,0,17,0,18,18,109,10,67,197,0,0,2,0,136,4,4,8,704,66,419,136,704
HORRYBAYBORO-GURLEY,76,0,20,1,8,19,56,14,28,130,0,0,0,5,230,1,3,3,500,97,255,230,500
HORRYBROWNWAY,35,0,14,0,22,23,92,7,54,224,0,0,2,0,124,1,2,9,730,49,422,124,730
HORRYBURGESS #1,96,0,74,0,43,35,105,64,141,307,0,0,2,3,326,10,3,24,848,170,695,326,848
HORRYBURGESS #2,144,0,77,0,70,41,120,89,194,486,0,0,3,1,494,6,11,31,1348,221,1000,494,1348
HORRYBURGESS #3,146,0,62,1,52,36,92,90,211,505,0,0,2,5,457,6,19,22,1255,209,986,457,1255
HORRYBURGESS #4,81,0,41,0,33,21,82,47,103,246,0,0,1,0,262,3,4,28,755,122,532,262,755
HORRYCAROLINA FOREST #1,126,0,98,0,40,32,94,41,119,388,0,0,2,0,426,12,9,45,1088,224,714,426,1088
HORRYCAROLINA FOREST #2,80,1,47,0,21,25,53,40,91,181,0,0,2,1,320,8,10,19,681,128,411,320,681
HORRYCEDAR GROVE,16,0,8,0,14,11,60,5,35,112,0,0,2,0,64,2,3,2,408,24,237,64,408
HORRYCHERRY GROVE #1,69,2,38,1,30,21,62,26,95,252,0,0,1,1,231,8,0,14,670,110,486,231,670
HORRYCHERRY GROVE #2,107,0,45,0,38,29,81,64,127,289,0,0,1,2,307,5,8,23,798,152,628,307,798
HORRYCOASTAL CAROLINA,49,0,48,0,24,21,58,23,56,116,0,0,1,0,311,8,10,36,437,97,298,311,437
HORRYCOASTAL LANE #1,188,0,35,1,1,0,2,4,5,23,0,0,1,3,420,2,3,7,60,224,35,420,60
HORRYCOASTAL LANE #2,112,0,43,0,4,5,15,7,13,50,0,0,3,1,395,5,2,11,172,155,94,395,172
HORRYCOOL SPRINGS,13,0,2,0,3,7,23,1,16,56,0,0,0,1,48,1,0,5,193,15,106,48,193
HORRYCRESENT,58,1,63,0,30,15,44,24,71,204,0,0,0,1,226,12,3,24,629,122,388,226,629
HORRYDAISY,52,0,15,0,6,15,67,9,43,138,0,0,1,1,140,2,0,7,547,67,278,140,547
HORRYDEERFIELD,116,0,57,0,39,29,98,51,134,367,0,0,2,1,357,13,10,26,1028,173,718,357,1028
HORRYDOGBLUFF,16,0,9,0,17,7,64,10,26,94,0,0,1,1,65,4,0,10,482,25,218,65,482
HORRYDOGWOOD,141,2,32,0,14,21,57,12,41,157,0,0,2,2,291,5,5,14,415,175,302,291,415
HORRYDUNES #1,94,0,47,0,68,26,75,82,223,447,0,0,1,2,395,3,7,27,1120,141,921,395,1120
HORRYDUNES #2,65,0,49,0,34,24,62,36,109,305,0,0,2,2,255,6,7,11,730,114,570,255,730
HORRYDUNES #3,52,0,47,1,13,10,29,34,62,127,0,0,0,0,197,8,4,17,373,100,275,197,373
HORRYEAST CONWAY,58,0,34,0,24,19,83,31,74,118,0,0,2,0,169,6,6,17,381,92,349,169,381
HORRYEAST LORIS,145,1,34,0,42,32,135,24,84,292,0,0,3,1,459,6,3,17,928,180,609,459,928
HORRYEBENEZER,98,1,37,1,22,27,81,28,114,325,0,0,0,3,277,1,1,16,822,137,597,277,822
HORRYEMERALD FOREST #1,72,1,88,0,23,18,43,17,48,232,0,0,2,0,376,15,9,34,733,161,381,376,733
HORRYEMERALD FOREST #2,135,0,94,0,35,26,86,72,112,322,0,0,4,1,546,14,16,50,1163,229,653,546,1163
HORRYEMERALD FOREST #3,84,0,71,0,33,31,69,32,97,217,0,0,1,4,362,17,6,28,887,155,479,362,887
HORRYEMERGENCY,7,0,2,0,0,2,6,0,2,6,0,0,0,1,66,1,0,5,167,9,16,66,167
HORRYENTERPRISE,144,0,78,0,49,53,117,54,143,476,0,0,5,1,494,16,12,38,1321,222,892,494,1321
HORRYFAILSAFE,10,0,4,0,1,0,8,2,3,16,0,0,0,0,30,1,0,1,53,14,30,30,53
HORRYFAILSAFE PROVISIONAL,4,0,5,0,1,3,3,1,4,14,0,0,0,0,5,0,1,0,16,9,26,5,16
HORRYFORESTBROOK,147,1,101,0,44,28,123,45,148,393,0,0,2,2,496,16,18,37,1151,249,781,496,1151
HORRYFOUR MILE,100,0,34,0,19,19,109,17,65,176,0,0,1,3,259,3,6,17,681,134,405,259,681
HORRYGALLIVANTS FERRY,10,0,3,0,1,10,20,1,5,21,0,0,0,0,19,0,0,2,98,13,58,19,98
HORRYGARDEN CITY #1,86,0,70,0,38,24,62,31,114,308,0,0,1,3,273,1,7,13,899,156,577,273,899
HORRYGARDEN CITY #2,38,0,28,0,30,36,57,38,82,195,0,0,0,2,142,4,2,13,640,66,438,142,640
HORRYGARDEN CITY #3,128,0,54,0,30,19,64,26,93,219,0,0,0,2,325,10,3,18,615,182,451,325,615
HORRYGARDEN CITY #4,88,0,34,0,25,11,46,23,41,149,0,0,1,2,208,4,4,11,454,122,295,208,454
HORRYGLENNS BAY,60,0,53,0,32,29,84,28,66,279,0,0,1,3,295,8,13,41,793,113,518,295,793
HORRYGREEN SEA,60,0,9,0,15,15,43,1,30,75,0,0,1,1,150,0,1,4,330,69,179,150,330
HORRYHICKORY GROVE,28,0,24,0,11,24,106,4,41,190,0,0,3,2,130,6,4,14,675,52,376,130,675
HORRYHICKORY HILL,6,0,2,0,3,1,23,1,12,23,0,0,0,0,20,1,0,1,81,8,63,20,81
HORRYHOMEWOOD,84,1,30,0,31,6,64,16,55,149,0,0,1,0,238,4,4,9,534,115,321,238,534
HORRYHORRY,15,0,5,0,13,20,76,7,41,144,0,0,1,2,73,3,3,5,558,20,301,73,558
HORRYINLAND,36,0,10,0,8,3,17,5,10,34,0,0,2,1,95,1,0,0,129,46,77,95,129
HORRYJACKSON BLUFF,17,0,22,0,4,12,22,5,22,72,0,0,0,2,72,5,2,13,202,39,137,72,202
HORRYJAMESTOWN,243,0,82,0,38,28,136,31,96,276,0,0,7,4,548,6,8,24,862,325,605,548,862
HORRYJERIGANS CROSSROADS,16,0,6,0,14,17,48,5,23,89,0,0,3,1,71,2,4,4,331,22,196,71,331
HORRYJET PORT #1,83,0,44,0,13,19,41,25,70,192,0,0,3,0,277,5,5,9,556,127,360,277,556
HORRYJET PORT #2,172,2,126,0,47,41,129,108,207,443,0,0,1,3,660,15,10,48,1332,300,975,660,1332
HORRYJORDANVILLE,1,0,2,0,12,11,53,3,23,60,0,0,0,1,17,4,2,0,315,3,162,17,315
HORRYJOYNER SWAMP,12,0,3,0,7,6,41,4,9,53,0,0,0,0,36,0,0,2,225,15,120,36,225
HORRYJUNIPER BAY,47,0,21,0,17,17,131,15,42,234,0,0,4,3,162,9,4,9,768,68,456,162,768
HORRYLAKE PARK,172,0,184,0,53,59,154,66,186,599,0,0,5,1,708,25,11,57,1561,356,1117,708,1561
HORRYLEON,168,1,33,0,6,14,41,2,40,122,0,0,3,3,419,0,6,9,412,202,225,419,412
HORRYLITTLE RIVER #1,68,1,48,0,20,25,58,23,94,239,0,0,1,3,208,10,6,16,652,117,459,208,652
HORRYLITTLE RIVER #2,88,0,56,0,28,29,77,49,109,359,0,0,1,2,393,8,10,31,1037,144,651,393,1037
HORRYLITTLE RIVER #3,96,0,46,0,41,31,93,63,148,287,0,0,1,0,296,7,6,19,875,142,663,296,875
HORRYLIVE OAK,20,0,14,0,2,6,30,9,20,82,0,0,1,0,129,3,2,7,260,34,149,129,260
HORRYMAPLE,97,0,22,0,25,22,101,12,92,113,0,0,2,1,201,2,2,7,574,119,365,201,574
HORRYMARLOWE #1,115,1,66,0,36,36,79,38,138,359,0,0,3,2,373,4,17,27,1005,182,686,373,1005
HORRYMARLOWE #2,159,1,84,2,55,58,85,91,183,447,0,0,2,0,480,8,10,24,1184,246,919,480,1184
HORRYMARLOWE #3,83,0,56,0,21,21,48,29,69,223,0,0,1,0,258,6,6,14,612,139,411,258,612
HORRYMETHODIST-MILL SWAMP,2,0,6,0,12,20,74,8,23,90,0,0,2,2,19,1,1,4,435,8,227,19,435
HORRYMT. OLIVE,44,1,11,0,10,8,47,0,31,72,0,0,1,2,133,1,2,3,369,56,168,133,369
HORRYMT. VERNON,10,0,6,0,22,8,50,3,7,102,0,0,1,0,47,5,0,3,307,16,192,47,307
HORRYMYRTLE TRACE,78,0,67,0,51,19,65,52,98,236,0,0,1,1,234,9,4,25,513,145,521,234,513
HORRYMYRTLEWOOD #1,60,0,43,0,15,16,20,24,42,124,0,0,1,1,225,10,4,14,421,103,241,225,421
HORRYMYRTLEWOOD #2,116,0,55,1,42,24,62,28,91,208,0,0,0,1,301,2,4,23,650,172,455,301,650
HORRYMYRTLEWOOD #3,92,1,45,0,32,16,67,44,107,277,0,0,1,5,271,4,5,24,727,138,543,271,727
HORRYNIXONS XROADS #1,63,1,43,0,23,22,59,21,60,224,0,0,2,0,250,7,2,13,679,107,409,250,679
HORRYNIXONS XROADS #2,223,1,72,0,31,23,82,37,104,281,0,0,1,2,550,7,12,20,861,296,558,550,861
HORRYNIXONS XROADS #3,116,0,33,0,15,23,60,26,82,200,0,0,2,2,280,4,4,11,638,149,406,280,638
HORRYNORTH CONWAY #1,94,0,36,0,15,16,55,12,47,101,0,0,1,0,320,6,10,7,378,130,246,320,378
HORRYNORTH CONWAY #2,39,0,32,0,23,33,58,21,70,143,0,0,2,0,174,8,5,17,421,71,348,174,421
HORRYOCEAN DRIVE #1,88,0,47,0,34,38,95,42,120,268,0,0,0,4,290,8,5,18,820,135,597,290,820
HORRYOCEAN DRIVE #2,122,2,59,1,59,39,128,100,224,428,0,0,3,1,375,5,5,22,1325,184,978,375,1325
HORRYOCEAN FOREST #1,57,1,39,0,27,21,44,32,81,200,0,0,0,1,235,7,4,14,585,97,405,235,585
HORRYOCEAN FOREST #2,73,0,44,0,59,30,54,57,94,207,0,0,0,1,273,6,10,26,606,117,501,273,606
HORRYOCEAN FOREST #3,79,0,33,0,13,15,28,9,16,97,0,0,1,3,234,6,7,21,307,112,178,234,307
HORRYPALMETTO BAYS,137,0,95,0,51,45,138,47,146,430,0,0,2,2,460,13,12,29,1234,232,857,460,1234
HORRYPAWLEYS SWAMP,5,0,4,0,12,11,36,5,21,68,0,0,1,2,52,3,3,7,286,9,153,52,286
HORRYPLEASANT VIEW,5,0,2,0,1,10,23,0,17,22,0,0,1,0,26,0,0,0,122,7,73,26,122
HORRYPOPLAR HILL,16,0,8,0,6,7,71,0,32,92,0,0,0,1,45,1,0,5,422,24,208,45,422
HORRYPORT HARRELSON,215,0,28,1,1,2,3,0,1,7,0,0,1,0,412,0,3,4,29,244,14,412,29
HORRYPROVISIONAL,6,0,1,0,0,0,2,0,4,10,0,0,0,0,55,0,0,3,98,7,16,55,98
HORRYRACEPATH #1,134,0,22,1,6,1,36,3,24,63,0,0,1,0,287,2,3,11,267,157,133,287,267
HORRYRACEPATH #2,276,1,35,0,0,1,1,2,2,10,0,0,1,3,597,5,3,0,46,312,16,597,46
HORRYRED BLUFF,103,0,19,0,9,5,35,6,24,101,0,0,1,0,236,2,2,7,309,122,180,236,309
HORRYRED HILL #1,14,0,15,0,18,14,50,3,23,120,0,0,0,1,144,8,7,22,424,29,228,144,424
HORRYRED HILL #2,127,1,62,0,29,31,114,41,112,336,0,0,5,0,408,10,8,20,807,190,663,408,807
HORRYRIVER OAKS,77,0,54,0,35,23,67,36,97,243,0,0,0,4,274,8,4,23,805,131,501,274,805
HORRYSALEM,79,0,46,0,32,43,94,27,106,283,0,0,0,4,219,15,10,25,857,125,585,219,857
HORRYSEA OATS #1,72,0,42,0,16,7,56,3,38,148,0,0,1,2,276,8,3,10,476,114,268,276,476
HORRYSEA OATS #2,102,0,37,1,12,6,37,5,31,127,0,0,1,2,412,10,7,12,377,140,218,412,377
HORRYSEA WINDS,166,0,91,0,47,30,91,41,141,448,0,0,5,3,524,5,11,30,1224,257,798,524,1224
HORRYSHELL,22,0,13,0,13,13,80,11,42,169,0,0,2,2,85,1,7,14,554,35,328,85,554
HORRYSOCASTEE #1,98,1,72,1,42,45,115,32,118,403,0,0,0,3,381,13,13,38,972,172,755,381,972
HORRYSOCASTEE #2,30,0,31,0,24,22,80,10,42,230,0,0,2,0,174,12,0,10,688,61,408,174,688
HORRYSOCASTEE #3,105,1,81,1,39,40,107,39,153,528,0,0,7,4,493,19,10,40,1408,188,906,493,1408
HORRYSOCASTEE #4,149,0,139,0,58,42,118,63,137,417,0,0,3,2,560,18,6,41,1301,288,835,560,1301
HORRYSPRING BRANCH,13,0,4,1,7,5,30,4,13,58,0,0,0,0,35,4,2,1,189,18,117,35,189
HORRYSURFSIDE #1,105,2,70,0,38,22,67,41,97,281,0,0,3,3,340,16,4,31,862,177,546,340,862
HORRYSURFSIDE #2,50,0,31,0,35,16,52,40,53,176,0,0,0,1,170,2,1,7,468,81,372,170,468
HORRYSURFSIDE #3,91,0,67,0,47,18,92,56,126,411,0,0,0,0,325,8,3,33,1007,158,750,325,1007
HORRYSURFSIDE #4,103,2,66,0,53,28,93,58,145,317,0,0,3,1,352,11,11,28,928,171,694,352,928
HORRYSWEET HOME,90,0,16,0,8,13,33,3,8,74,0,0,1,1,271,2,2,7,281,106,139,271,281
HORRYTAYLORSVILLE,7,0,1,0,4,6,40,1,7,36,0,0,0,1,16,2,0,1,179,8,94,16,179
HORRYTILLY SWAMP,59,0,35,0,23,26,85,30,75,189,0,0,1,2,164,4,3,13,591,94,428,164,591
HORRYTODDVILLE,68,0,38,0,23,19,75,21,48,141,0,0,1,3,203,8,4,11,513,106,327,203,513
HORRYWAMPEE,281,1,46,1,7,9,31,10,38,85,0,0,4,7,586,0,4,11,359,329,180,586,359
HORRYWEST CONWAY,63,0,20,0,9,12,22,13,30,65,0,0,0,0,148,3,4,4,174,83,151,148,174
HORRYWEST LORIS,144,0,13,0,9,10,14,1,16,33,0,0,0,1,314,3,0,6,132,157,83,314,132
HORRYWHITE OAK,10,1,5,0,14,7,35,5,32,96,0,0,2,0,39,1,1,8,326,16,189,39,326
HORRYWILD WING,111,1,54,0,43,45,101,26,109,312,0,0,4,0,398,9,6,28,1043,166,636,398,1043
HORRYWINDY HILL #1,63,0,32,0,17,12,32,30,69,176,0,0,0,1,191,7,4,11,493,95,336,191,493
HORRYWINDY HILL #2,108,0,33,0,34,31,68,67,203,319,0,0,1,0,295,1,4,15,981,141,722,295,981
JASPERCOOSAWHATCHIE,77,1,10,1,1,4,16,2,14,12,0,0,3,0,183,1,2,2,78,89,49,183,78
JASPERFAILSAFE,0,0,0,0,0,0,0,0,0,0,0,0,0,0,3,0,0,1,0,0,0,3,0
JASPERGILLISONVILLE,79,0,13,0,2,4,11,5,17,41,0,0,1,1,173,1,2,4,170,92,80,173,170
JASPERGRAHAMVILLE 1,80,3,19,2,9,26,45,11,56,83,0,0,1,1,197,0,6,12,358,104,230,197,358
JASPERGRAHAMVILLE 2,296,1,44,4,10,13,41,9,30,89,0,0,1,2,586,2,4,7,313,345,192,586,313
JASPERGRAYS,58,0,8,1,9,13,30,7,36,77,0,0,0,1,110,0,4,6,334,67,172,110,334
JASPERHARDEEVILLE 1,143,1,27,2,8,5,31,13,52,87,0,0,1,1,330,5,2,15,349,173,196,330,349
JASPERHARDEEVILLE 2,122,0,15,0,4,3,13,2,9,41,0,0,0,0,295,1,1,1,150,137,72,295,150
JASPERLEVY,270,1,32,1,5,3,54,14,27,69,0,0,0,1,568,4,3,17,353,304,172,568,353
JASPEROAKATIE,76,1,28,1,8,10,42,17,49,74,0,0,1,5,270,2,4,19,309,106,200,270,309
JASPERPINELAND,155,0,15,2,1,3,10,1,2,10,0,0,1,0,293,1,10,1,37,172,27,293,37
JASPERPROVISIONAL,1,0,0,0,0,0,1,0,0,0,0,0,0,0,13,0,0,0,9,1,1,13,9
JASPERRIDGELAND 1,42,0,13,1,6,14,42,6,58,83,0,0,3,4,134,3,2,4,354,56,209,134,354
JASPERRIDGELAND 2,84,0,14,2,1,17,34,8,25,68,0,0,1,3,238,5,3,7,255,100,153,238,255
JASPERRIDGELAND 3,44,0,13,0,4,13,48,7,31,57,0,0,1,0,120,0,5,3,258,57,160,120,258
JASPERSUN CITY,130,2,57,0,31,10,79,136,210,228,0,0,1,1,405,4,6,15,796,189,694,405,796
JASPERTILLMAN,74,0,17,0,1,9,17,4,17,36,0,0,0,1,192,1,2,5,142,91,84,192,142
KERSHAWAIRPORT,57,0,27,0,34,8,76,5,46,87,0,0,2,0,122,3,5,9,333,84,256,122,333
KERSHAWANTIOCH,58,0,8,0,25,14,53,4,25,80,0,0,0,1,117,2,2,5,326,66,201,117,326
KERSHAWBETHUNE,123,0,11,0,18,11,69,4,42,119,0,0,3,2,265,3,6,11,413,134,263,265,413
KERSHAWBUFFALO,45,0,7,0,17,27,71,4,21,104,0,0,0,1,97,3,1,3,446,52,244,97,446
KERSHAWCAMDEN NO. 1,172,1,36,1,31,13,40,6,36,51,0,0,2,0,321,5,2,16,284,210,177,321,284
KERSHAWCAMDEN NO. 2 & 3,13,1,18,0,4,4,5,9,32,10,0,0,0,0,54,3,4,4,81,32,64,54,81
KERSHAWCAMDEN NO. 5,43,0,35,0,32,7,44,22,49,51,0,0,2,1,122,5,4,8,248,78,205,122,248
KERSHAWCAMDEN NO. 5-A,99,0,21,0,17,5,11,2,17,15,0,0,0,1,160,0,2,3,90,120,67,160,90
KERSHAWCAMDEN NO. 6,17,0,17,1,11,8,18,11,20,21,0,0,1,0,70,0,2,10,115,35,89,70,115
KERSHAWCASSATT,88,0,18,0,25,16,66,4,33,119,0,0,1,6,203,5,3,10,514,106,263,203,514
KERSHAWCHARLOTTE THOMPSON,143,0,36,0,42,26,70,23,58,103,0,0,1,0,302,3,6,16,421,179,322,302,421
KERSHAWDOBY'S MILL,106,1,40,0,38,23,96,8,40,140,0,0,6,1,298,10,3,17,646,147,345,298,646
KERSHAWE. CAMDEN-HERMITAGE,24,0,13,0,9,5,28,2,17,36,0,0,0,2,77,2,3,8,157,37,97,77,157
KERSHAWELGIN NO. 1,91,1,46,2,43,49,160,19,112,167,0,0,3,5,308,6,23,42,808,140,550,308,808
KERSHAWELGIN NO. 2,103,0,33,1,36,12,113,15,64,114,0,0,1,6,252,5,8,18,533,137,354,252,533
KERSHAWELGIN NO. 3,75,0,31,0,28,20,91,17,72,94,0,0,2,3,224,3,12,12,417,106,322,224,417
KERSHAWELGIN NO. 4,108,0,39,0,34,23,131,20,74,146,0,0,3,0,326,5,21,20,650,147,428,326,650
KERSHAWELGIN NO. 5,57,0,35,0,33,16,98,14,56,96,0,0,2,0,220,1,6,20,504,92,313,220,504
KERSHAWELGIN NO. 6,95,0,33,1,19,25,62,7,28,53,0,0,0,5,250,5,8,19,328,129,194,250,328
KERSHAWFAILSAFE PROVISIONAL,0,0,0,0,0,0,0,0,0,0,0,0,0,1,23,1,2,1,49,0,0,23,49
KERSHAWGATES FORD,3,0,7,0,13,2,38,1,16,27,0,0,0,0,22,0,0,5,156,10,97,22,156
KERSHAWHOBKIRK'S HILL,115,0,54,0,65,10,57,59,116,89,0,0,1,3,270,4,8,34,411,169,396,270,411
KERSHAWLIBERTY HILL,23,0,5,0,15,14,22,15,34,63,0,0,0,0,66,1,5,4,215,28,163,66,215
KERSHAWLUGOFF NO. 1,76,0,24,0,33,17,82,30,55,113,0,0,1,1,176,2,2,16,358,100,330,176,358
KERSHAWLUGOFF NO. 2,96,1,24,0,36,28,132,10,65,108,0,0,1,2,200,2,7,26,626,121,379,200,626
KERSHAWLUGOFF NO. 3,71,0,39,1,47,34,121,24,92,141,0,0,0,2,176,7,25,20,571,111,459,176,571
KERSHAWLUGOFF NO. 4,59,0,23,0,46,37,117,28,81,124,0,0,0,0,129,1,16,13,546,82,433,129,546
KERSHAWMALVERN HILL,107,0,28,0,26,14,58,17,38,144,0,0,3,4,293,3,11,9,365,135,297,293,365
KERSHAWRABON'S X ROADS,101,0,33,1,54,14,168,29,80,209,0,0,2,4,187,5,7,14,759,135,554,187,759
KERSHAWRIVERDALE,149,0,21,1,3,2,9,6,11,16,0,0,1,0,327,1,3,5,59,171,47,327,59
KERSHAWSALT POND,79,0,28,1,47,15,94,9,53,138,0,0,1,3,179,6,7,16,542,108,356,179,542
KERSHAWSHAYLOR'S HILL,86,0,12,0,8,11,55,15,36,78,0,0,2,0,139,0,1,6,253,98,203,139,253
KERSHAWSPRINGDALE,168,1,53,1,35,16,83,42,95,103,0,0,1,0,312,5,8,14,391,223,374,312,391
KERSHAWWESTVILLE,103,0,25,0,34,18,91,9,32,175,0,0,3,1,210,3,5,15,592,128,359,210,592
KERSHAWWHITES GARDENS,105,0,28,0,25,19,106,9,50,149,0,0,3,1,264,2,6,17,554,133,358,264,554
LANCASTERANTIOCH,33,0,13,0,5,23,47,11,37,85,0,0,1,2,78,2,1,7,354,46,208,78,354
LANCASTERBLACK HORSE RUN,79,2,68,0,20,57,106,35,108,181,0,0,1,3,477,8,21,55,894,149,507,477,894
LANCASTERCAMP CREEK,24,0,15,0,4,26,51,6,29,78,0,0,1,0,72,0,3,4,381,39,194,72,381
LANCASTERCARMEL,70,0,5,0,1,12,33,0,21,21,0,0,0,1,119,0,0,3,167,75,88,119,167
LANCASTERCHESTERFIELD AVE,115,0,30,0,0,2,11,2,7,18,0,0,2,2,359,2,2,9,76,145,40,359,76
LANCASTERDOUGLAS,99,0,28,0,9,32,76,8,36,101,0,0,4,2,335,4,1,12,441,127,262,335,441
LANCASTERDWIGHT,27,0,19,0,12,54,97,12,52,173,0,0,0,3,138,2,5,10,787,46,400,138,787
LANCASTERELGIN,98,0,23,0,10,40,63,17,45,110,0,0,0,3,244,4,4,9,460,121,285,244,460
LANCASTERERWIN FARM,85,1,35,0,8,18,41,9,36,77,0,0,3,3,317,2,6,11,326,121,189,317,326
LANCASTERFAILSAFE,3,0,2,0,0,3,5,2,10,22,0,0,0,0,33,0,0,1,34,5,42,33,34
LANCASTERFAILSAFE PROVISIONAL,5,0,3,0,0,0,0,0,0,0,0,0,1,0,62,0,1,2,46,8,0,62,46
LANCASTERGOLD HILL,24,0,7,0,1,12,10,4,13,25,0,0,0,0,49,1,0,3,96,31,65,49,96
LANCASTERGOOCH'S CROSS ROADS,100,0,21,1,4,14,43,3,20,74,0,0,4,0,363,5,4,7,323,122,158,363,323
LANCASTERHARRISBURG,92,0,56,1,27,50,128,57,201,191,0,0,1,9,609,7,25,62,1014,149,654,609,1014
LANCASTERHEATH SPRINGS,94,0,17,0,12,22,67,10,35,79,0,0,1,1,212,5,6,12,401,111,225,212,401
LANCASTERHYDE PARK,72,0,28,0,8,34,62,8,34,105,0,0,0,0,228,3,7,15,452,100,251,228,452
LANCASTERJACKSONHAM,72,0,33,0,13,62,111,15,88,103,0,0,0,2,235,6,5,7,467,105,392,235,467
LANCASTERKERSHAW NORTH,90,0,17,0,19,40,78,8,38,94,0,0,1,2,310,2,7,11,485,107,277,310,485
LANCASTERKERSHAW SOUTH,28,0,21,0,19,50,112,11,68,120,0,0,4,2,145,1,14,8,620,49,380,145,620
LANCASTERLAKE HOUSE,238,3,66,0,44,39,99,178,254,269,0,0,1,2,392,5,12,23,651,307,883,392,651
LANCASTERLANCASTER EAST,133,0,32,0,5,26,29,2,24,57,0,0,0,4,385,1,4,8,200,165,143,385,200
LANCASTERLANCASTER WEST,53,0,24,0,6,7,26,11,17,25,0,0,0,0,199,3,7,7,156,77,92,199,156
LANCASTERLYNWOOD DRIVE,120,1,34,0,9,34,89,6,63,126,0,0,3,2,356,4,1,14,634,155,327,356,634
LANCASTERMIDWAY,20,0,5,0,13,14,55,4,24,78,0,0,0,2,44,1,2,5,340,25,188,44,340
LANCASTEROSCEOLA,111,0,58,0,15,47,84,36,161,176,0,0,2,6,491,7,15,44,886,169,519,491,886
LANCASTERPLEASANT HILL,61,0,19,0,17,23,58,5,36,83,0,0,0,2,198,2,4,12,424,80,222,198,424
LANCASTERPLEASANT VALLEY,115,0,77,0,23,41,126,38,134,167,0,0,3,4,612,9,21,72,926,192,529,612,926
LANCASTERPROVISIONAL,9,0,5,0,2,0,6,0,9,7,0,0,0,0,32,0,0,2,75,14,24,32,75
LANCASTERRICH HILL,23,0,10,0,2,31,59,5,32,91,0,0,1,0,85,1,3,8,499,33,220,85,499
LANCASTERRIVER ROAD,58,0,29,0,19,21,106,39,91,123,0,0,0,4,305,3,11,17,690,87,399,305,690
LANCASTERRIVERSIDE,116,0,30,0,7,12,53,8,25,66,0,0,0,0,253,4,3,11,277,146,171,253,277
LANCASTERSPRING HILL,33,0,9,0,8,19,63,1,29,95,0,0,0,1,103,4,5,7,500,42,215,103,500
LANCASTERTHE LODGE,248,2,81,0,68,35,103,293,369,294,0,0,1,0,483,7,14,30,969,331,1162,483,969
LANCASTERUNITY,63,0,20,0,10,29,89,13,49,110,0,0,0,0,151,6,3,5,491,83,300,151,491
LANCASTERVAN WYCK,30,0,14,0,3,29,40,8,18,56,0,0,1,1,147,3,3,7,296,44,154,147,296
LAURENSBAILEY,78,0,12,0,16,17,41,9,47,71,0,0,0,3,194,1,8,5,338,90,201,194,338
LAURENSBARKSDALE-NARINE,57,0,11,0,22,26,52,10,27,92,0,0,0,2,144,2,5,1,331,68,229,144,331
LAURENSBREWERTON,10,0,5,0,7,8,54,12,23,63,0,0,0,2,32,3,5,3,263,15,167,32,263
LAURENSCLINTON 1,96,0,39,0,21,17,75,12,41,79,0,0,3,3,289,4,9,13,383,135,245,289,383
LAURENSCLINTON 2,94,0,50,0,59,23,84,29,115,44,0,0,1,4,291,3,19,23,358,144,354,291,358
LAURENSCLINTON 3,57,0,40,1,44,26,87,29,94,112,0,0,1,0,218,4,10,11,613,98,392,218,613
LAURENSCLINTON MILL,185,0,25,1,9,5,35,6,6,27,0,0,1,2,453,5,2,7,236,211,88,453,236
LAURENSCOOKS,98,0,41,0,30,51,161,11,57,207,0,0,0,8,351,12,10,28,847,139,517,351,847
LAURENSCROSS HILL,174,0,32,0,19,24,104,14,46,147,0,0,4,4,347,3,7,7,576,206,354,347,576
LAURENSEKOM,12,0,13,0,10,18,41,5,20,64,0,0,0,3,48,1,2,10,281,25,158,48,281
LAURENSEMERGENCY,2,0,1,0,1,0,1,1,1,1,0,0,0,0,5,0,0,0,16,3,5,5,16
LAURENSFAILSAFE,4,0,3,0,1,3,7,4,3,6,0,0,0,0,45,0,2,2,40,7,24,45,40
LAURENSFAILSAFE PROVISIONAL,24,0,1,0,0,0,0,0,0,0,0,0,0,0,32,0,1,0,25,25,0,32,25
LAURENSGRAY COURT,106,0,28,1,21,23,69,4,42,108,0,0,2,3,264,5,4,9,413,135,267,264,413
LAURENSGREENPOND,46,1,27,0,29,60,139,25,71,170,0,0,0,1,172,3,7,18,783,74,494,172,783
LAURENSHICKORY TAVERN,50,0,37,0,36,58,215,24,98,217,0,0,0,19,193,12,7,21,1046,87,648,193,1046
LAURENSJOANNA,70,0,40,1,29,32,104,15,83,157,0,0,0,2,221,8,8,15,774,111,420,221,774
LAURENSJONES,101,0,23,0,42,31,84,10,45,104,0,0,2,5,265,4,2,16,540,124,316,265,540
LAURENSLAURENS 1,120,0,14,0,1,9,16,5,21,27,0,0,0,3,233,1,2,2,107,134,79,233,107
LAURENSLAURENS 2,69,0,14,0,0,2,8,0,4,5,0,0,0,0,213,4,0,2,33,83,19,213,33
LAURENSLAURENS 3,65,0,13,0,6,4,34,3,13,39,0,0,1,1,205,1,2,6,178,78,99,205,178
LAURENSLAURENS 4,138,0,22,0,10,3,6,0,4,17,0,0,3,0,328,2,2,3,67,160,40,328,67
LAURENSLAURENS 5,91,0,27,0,35,28,90,29,81,88,0,0,0,2,260,3,7,11,438,118,351,260,438
LAURENSLAURENS 6,65,0,17,1,29,33,88,29,79,61,0,0,0,3,147,2,5,7,388,83,319,147,388
LAURENSLONG BRANCH,42,0,19,0,28,33,124,15,32,118,0,0,1,4,127,1,9,9,566,61,350,127,566
LAURENSLYDIA MILL,155,0,22,0,12,6,44,3,18,47,0,0,2,3,347,2,2,8,220,177,130,347,220
LAURENSMADDENS,73,0,18,0,13,22,81,14,44,109,0,0,3,2,166,3,3,4,481,91,283,166,481
LAURENSMARTINS-POPLAR SPRINGS,12,0,13,0,17,21,71,9,20,82,0,0,0,1,53,0,1,14,369,25,220,53,369
LAURENSMOUNT OLIVE,21,0,9,0,15,13,69,7,26,130,0,0,1,1,76,1,0,9,519,30,260,76,519
LAURENSMOUNTVILLE,41,0,12,0,10,15,54,2,38,41,0,0,0,4,141,3,2,5,245,53,160,141,245
LAURENSORA-LANFORD,74,0,13,0,18,15,63,7,28,81,0,0,1,8,164,0,3,7,352,87,212,164,352
LAURENSOWINGS,48,1,19,0,11,30,45,8,29,85,0,0,1,3,134,3,1,12,323,68,208,134,323
LAURENSPRINCETON,5,0,5,0,4,10,31,3,4,43,0,0,0,0,17,2,4,2,145,10,95,17,145
LAURENSTRINITY RIDGE,122,0,25,2,31,35,121,24,72,102,0,0,0,4,254,0,6,13,473,149,385,254,473
LAURENSWATERLOO,141,1,21,0,24,31,71,14,58,152,0,0,1,2,287,3,4,10,577,163,350,287,577
LAURENSWATTSVILLE,53,0,11,0,22,16,98,9,26,129,0,0,2,4,173,3,8,8,481,64,300,173,481
LAURENSYOUNGS,19,0,19,0,19,20,106,10,46,123,0,0,3,1,99,1,10,15,574,38,324,99,574
LEEASHLAND/STOKES BRIDGE,27,0,5,1,0,0,0,0,0,0,0,0,0,0,77,3,2,5,213,33,0,77,213
LEEASHWOOD,32,0,19,0,0,0,0,0,0,0,0,0,2,0,109,1,1,5,236,51,0,109,236
LEEBISHOPVILLE 1,152,1,22,2,0,0,0,0,0,0,0,0,0,0,239,0,1,2,53,177,0,239,53
LEEBISHOPVILLE 2,131,0,18,0,0,0,0,0,0,0,0,0,0,1,292,1,2,5,52,149,0,292,52
LEEBISHOPVILLE 3,111,0,31,2,0,0,0,0,0,0,0,0,2,0,216,3,4,5,165,144,0,216,165
LEEBISHOPVILLE 4,186,0,27,5,0,0,0,0,0,0,0,0,0,1,385,1,2,1,95,218,0,385,95
LEECEDAR CREEK,39,0,5,0,0,0,0,0,0,0,0,0,0,0,77,1,1,2,112,44,0,77,112
LEECYPRESS,79,0,3,0,0,0,0,0,0,0,0,0,1,0,162,0,0,4,85,82,0,162,85
LEEELLIOTT,115,0,8,2,0,0,0,0,0,0,0,0,0,0,262,1,1,3,21,125,0,262,21
LEEHICKORY HILL,24,0,4,0,0,0,0,0,0,0,0,0,1,1,103,0,1,0,96,28,0,103,96
LEEIONIA,43,0,9,0,0,0,0,0,0,0,0,0,0,0,123,0,0,4,200,52,0,123,200
LEELYNCHBURG,202,0,18,1,0,0,0,0,0,0,0,0,0,2,361,0,1,3,55,221,0,361,55
LEEMANVILLE,85,0,12,0,0,0,0,0,0,0,0,0,1,2,240,1,2,3,90,97,0,240,90
LEEMT. CLIO,80,0,6,1,0,0,0,0,0,0,0,0,0,1,114,0,0,2,23,87,0,114,23
LEEPROVISIONAL,2,0,0,0,0,0,0,0,0,0,0,0,0,0,3,0,0,0,3,2,0,3,3
LEERATTLESNAKE SPRINGS,42,1,8,0,0,0,0,0,0,0,0,0,0,1,112,1,2,1,119,51,0,112,119
LEESCHROCKS MILL/LUCKNOW,73,2,4,0,0,0,0,0,0,0,0,0,1,0,124,0,1,1,149,79,0,124,149
LEESOUTH LYNCHBURG,74,1,8,0,0,0,0,0,0,0,0,0,1,0,166,0,1,0,47,83,0,166,47
LEESPRING HILL,122,0,13,0,0,0,0,0,0,0,0,0,1,4,256,1,2,0,108,135,0,256,108
LEEST. CHARLES,161,0,19,1,0,0,0,0,0,0,0,0,0,0,303,0,0,8,122,181,0,303,122
LEEST. MATTHEWS,14,0,1,0,0,0,0,0,0,0,0,0,0,0,37,2,0,1,79,15,0,37,79
LEETURKEY CREEK,9,0,7,0,0,0,0,0,0,0,0,0,0,1,47,0,0,0,60,16,0,47,60
LEEWOODROW,41,0,5,0,0,0,0,0,0,0,0,0,0,2,71,0,0,1,23,46,0,71,23
LEXINGTONAMICKS FERRY,78,1,62,0,0,0,0,0,0,0,0,0,5,2,322,2,29,58,1320,141,0,322,1320
LEXINGTONBARR ROAD #1,53,0,29,0,0,0,0,0,0,0,0,0,2,3,165,5,11,20,557,82,0,165,557
LEXINGTONBARR ROAD #2,75,0,65,0,0,0,0,0,0,0,0,0,1,10,312,8,35,53,1045,140,0,312,1045
LEXINGTONBATESBURG,202,0,38,0,0,0,0,0,0,0,0,0,2,4,590,4,5,10,481,240,0,590,481
LEXINGTONBEULAH CHURCH,53,0,52,0,0,0,0,0,0,0,0,0,2,0,164,2,16,40,1020,105,0,164,1020
LEXINGTONBOILING SPRINGS,33,0,29,0,0,0,0,0,0,0,0,0,1,9,162,3,12,32,864,62,0,162,864
LEXINGTONBOILING SPRINGS SOUTH,18,0,37,0,0,0,0,0,0,0,0,0,1,3,103,5,6,8,548,55,0,103,548
LEXINGTONBUSH RIVER,112,0,83,0,0,0,0,0,0,0,0,0,3,2,367,9,23,38,446,195,0,367,446
LEXINGTONCAROLINA SPRINGS,76,0,54,1,0,0,0,0,0,0,0,0,0,8,251,11,15,43,603,131,0,251,603
LEXINGTONCAYCE WARD 2-A,66,0,42,2,0,0,0,0,0,0,0,0,3,2,239,5,7,27,429,110,0,239,429
LEXINGTONCEDARCREST,106,0,47,0,0,0,0,0,0,0,0,0,3,8,260,10,14,34,552,153,0,260,552
LEXINGTONCHALK HILL,409,0,72,1,0,0,0,0,0,0,0,0,0,5,1063,10,8,21,320,482,0,1063,320
LEXINGTONCHALLEDON,147,0,85,0,0,0,0,0,0,0,0,0,2,9,447,16,19,34,341,232,0,447,341
LEXINGTONCHAPIN,124,0,73,0,0,0,0,0,0,0,0,0,2,9,403,4,11,52,1134,197,0,403,1134
LEXINGTONCOLDSTREAM,126,0,98,0,0,0,0,0,0,0,0,0,0,5,371,10,17,54,593,224,0,371,593
LEXINGTONCONGAREE #1,36,0,29,0,0,0,0,0,0,0,0,0,2,2,175,7,4,18,733,65,0,175,733
LEXINGTONCONGAREE #2,42,0,20,2,0,0,0,0,0,0,0,0,2,0,161,1,5,13,421,64,0,161,421
LEXINGTONCROMER,64,0,50,0,0,0,0,0,0,0,0,0,2,2,199,5,11,25,504,114,0,199,504
LEXINGTONDREHER ISLAND,19,0,36,0,0,0,0,0,0,0,0,0,4,5,119,4,6,21,791,55,0,119,791
LEXINGTONDUTCHMAN SHORES,31,1,29,0,0,0,0,0,0,0,0,0,3,3,175,7,19,42,912,61,0,175,912
LEXINGTONEDENWOOD,126,0,74,0,0,0,0,0,0,0,0,0,5,6,411,14,16,32,743,200,0,411,743
LEXINGTONEDMUND #1,48,0,23,0,0,0,0,0,0,0,0,0,2,4,147,4,9,15,370,71,0,147,370
LEXINGTONEDMUND #2,23,1,28,0,0,0,0,0,0,0,0,0,3,7,115,6,9,22,688,52,0,115,688
LEXINGTONEMMANUEL CHURCH,72,1,58,0,0,0,0,0,0,0,0,0,5,0,269,12,17,32,828,131,0,269,828
LEXINGTONFAILSAFE,53,0,45,0,0,0,0,0,0,0,0,0,0,0,70,1,2,4,124,98,0,70,124
LEXINGTONFAIRVIEW,39,0,10,0,0,0,0,0,0,0,0,0,2,2,162,4,4,7,600,49,0,162,600
LEXINGTONFAITH CHURCH,31,0,47,0,0,0,0,0,0,0,0,0,1,4,216,5,29,34,446,78,0,216,446
LEXINGTONGARDENDALE,172,1,62,1,0,0,0,0,0,0,0,0,1,2,443,11,10,29,358,236,0,443,358
LEXINGTONGASTON #1,29,0,23,0,0,0,0,0,0,0,0,0,4,1,113,6,5,15,547,52,0,113,547
LEXINGTONGASTON #2,55,0,21,0,0,0,0,0,0,0,0,0,1,1,242,4,12,18,574,76,0,242,574
LEXINGTONGILBERT,29,0,28,0,0,0,0,0,0,0,0,0,3,3,145,4,15,26,894,57,0,145,894
LEXINGTONGRENADIER,143,0,96,0,0,0,0,0,0,0,0,0,4,4,554,20,16,24,350,239,0,554,350
LEXINGTONHOLLOW CREEK,52,0,46,0,0,0,0,0,0,0,0,0,0,3,198,8,18,35,999,98,0,198,999
LEXINGTONHOOK'S STORE,99,0,92,2,0,0,0,0,0,0,0,0,2,2,402,8,12,30,574,193,0,402,574
LEXINGTONIRMO,149,1,88,0,0,0,0,0,0,0,0,0,2,5,460,18,26,36,525,238,0,460,525
LEXINGTONKITTI WAKE,94,0,47,0,0,0,0,0,0,0,0,0,1,4,301,10,16,32,655,141,0,301,655
LEXINGTONLAKE MURRAY #1,29,0,44,1,0,0,0,0,0,0,0,0,4,2,194,10,27,42,921,74,0,194,921
LEXINGTONLAKE MURRAY #2,82,1,80,0,0,0,0,0,0,0,0,0,2,8,323,8,27,67,1144,163,0,323,1144
LEXINGTONLEAPHART ROAD,52,0,38,1,0,0,0,0,0,0,0,0,2,3,203,5,16,26,285,91,0,203,285
LEXINGTONLEESVILLE,192,0,40,2,0,0,0,0,0,0,0,0,2,3,466,6,4,29,725,234,0,466,725
LEXINGTONLEXINGTON #3,125,0,104,0,0,0,0,0,0,0,0,0,1,6,282,7,38,48,837,229,0,282,837
LEXINGTONLEXINGTON #4,115,0,46,0,0,0,0,0,0,0,0,0,2,3,449,10,26,78,1017,161,0,449,1017
LEXINGTONLEXINGTON NO. 1,79,2,91,0,0,0,0,0,0,0,0,0,4,5,348,17,28,57,864,172,0,348,864
LEXINGTONLEXINGTON NO. 2,69,0,72,0,0,0,0,0,0,0,0,0,2,7,269,10,15,22,513,141,0,269,513
LEXINGTONLINCREEK,110,0,59,0,0,0,0,0,0,0,0,0,2,2,388,3,25,34,652,169,0,388,652
LEXINGTONMACK-EDISTO,30,0,16,0,0,0,0,0,0,0,0,0,1,4,89,0,7,8,349,46,0,89,349
LEXINGTONMIDWAY,22,0,30,0,0,0,0,0,0,0,0,0,1,2,148,3,21,43,511,52,0,148,511
LEXINGTONMIMS,40,0,18,0,0,0,0,0,0,0,0,0,3,0,145,6,9,7,563,58,0,145,563
LEXINGTONMOUNT HOREB,54,0,56,0,0,0,0,0,0,0,0,0,2,6,216,7,21,49,832,110,0,216,832
LEXINGTONMT HEBRON,57,1,49,1,0,0,0,0,0,0,0,0,0,2,226,9,10,27,473,108,0,226,473
LEXINGTONMURRAYWOOD,124,0,82,0,0,0,0,0,0,0,0,0,1,3,375,16,13,35,632,206,0,375,632
LEXINGTONOAKWOOD,73,0,78,0,0,0,0,0,0,0,0,0,0,8,343,16,16,48,916,151,0,343,916
LEXINGTONOLD BARNWELL RD,77,1,32,0,0,0,0,0,0,0,0,0,2,3,273,7,17,33,497,110,0,273,497
LEXINGTONOLD LEXINGTON,61,0,78,0,0,0,0,0,0,0,0,0,0,8,288,13,23,79,1211,139,0,288,1211
LEXINGTONPARK ROAD #1,67,0,53,1,0,0,0,0,0,0,0,0,0,3,241,9,24,45,616,121,0,241,616
LEXINGTONPARK ROAD #2,23,0,30,0,0,0,0,0,0,0,0,0,1,3,139,2,14,17,359,53,0,139,359
LEXINGTONPELION #1,11,0,27,0,0,0,0,0,0,0,0,0,0,3,94,8,6,12,586,38,0,94,586
LEXINGTONPELION #2,24,1,28,0,0,0,0,0,0,0,0,0,1,0,143,7,7,15,615,53,0,143,615
LEXINGTONPILGRIM CHURCH,75,1,87,0,0,0,0,0,0,0,0,0,1,5,317,9,40,65,985,163,0,317,985
LEXINGTONPINERIDGE #1,38,2,36,1,0,0,0,0,0,0,0,0,1,2,169,7,8,31,459,77,0,169,459
LEXINGTONPINERIDGE #2,107,0,48,2,0,0,0,0,0,0,0,0,1,4,350,8,9,24,681,157,0,350,681
LEXINGTONPINEVIEW,55,0,48,1,0,0,0,0,0,0,0,0,7,3,239,9,15,29,660,104,0,239,660
LEXINGTONPLATT SPRINGS 1,46,0,36,0,0,0,0,0,0,0,0,0,2,3,152,4,11,15,550,82,0,152,550
LEXINGTONPLATT SPRINGS 2,124,0,78,0,0,0,0,0,0,0,0,0,0,2,498,8,14,52,705,202,0,498,705
LEXINGTONPOND BRANCH,23,0,33,0,0,0,0,0,0,0,0,0,2,6,157,5,18,24,843,56,0,157,843
LEXINGTONPROVIDENCE CHURCH,49,0,51,0,0,0,0,0,0,0,0,0,6,2,227,6,26,42,1011,100,0,227,1011
LEXINGTONPROVISIONAL,5,0,3,0,0,0,0,0,0,0,0,0,0,0,43,2,1,6,77,8,0,43,77
LEXINGTONQUAIL HOLLOW,99,0,77,0,0,0,0,0,0,0,0,0,3,2,322,13,11,48,582,176,0,322,582
LEXINGTONQUAIL VALLEY,148,1,73,1,0,0,0,0,0,0,0,0,0,5,473,11,32,30,599,223,0,473,599
LEXINGTONRED BANK,84,0,95,0,0,0,0,0,0,0,0,0,4,10,381,12,28,43,1133,179,0,381,1133
LEXINGTONRED BANK SOUTH #1,104,0,76,0,0,0,0,0,0,0,0,0,0,3,213,8,12,26,828,180,0,213,828
LEXINGTONRIDGE ROAD,39,1,30,0,0,0,0,0,0,0,0,0,1,3,155,8,14,31,945,70,0,155,945
LEXINGTONRIVER BLUFF,79,0,72,0,0,0,0,0,0,0,0,0,3,5,332,11,50,60,852,151,0,332,852
LEXINGTONROUND HILL,78,1,111,2,0,0,0,0,0,0,0,0,6,4,398,17,34,62,1278,192,0,398,1278
LEXINGTONSALUDA RIVER,83,0,91,0,0,0,0,0,0,0,0,0,0,5,390,10,21,41,437,174,0,390,437
LEXINGTONSANDHILL,55,0,23,0,0,0,0,0,0,0,0,0,2,1,238,7,4,15,522,78,0,238,522
LEXINGTONSANDY RUN,54,0,14,2,0,0,0,0,0,0,0,0,0,2,153,4,5,10,343,70,0,153,343
LEXINGTONSEVEN OAKS,134,0,86,0,0,0,0,0,0,0,0,0,0,2,374,16,17,36,379,220,0,374,379
LEXINGTONSHARPE'S HILL,72,0,29,0,0,0,0,0,0,0,0,0,4,4,250,3,9,8,689,101,0,250,689
LEXINGTONSPRINGDALE,78,1,74,1,0,0,0,0,0,0,0,0,3,3,267,6,18,48,772,154,0,267,772
LEXINGTONSPRINGDALE SOUTH,16,0,22,0,0,0,0,0,0,0,0,0,0,0,119,5,8,14,256,38,0,119,256
LEXINGTONST DAVIDS,108,0,83,0,0,0,0,0,0,0,0,0,0,9,352,20,23,62,1026,191,0,352,1026
LEXINGTONST. MICHAEL,87,1,67,0,0,0,0,0,0,0,0,0,3,4,275,9,20,46,869,155,0,275,869
LEXINGTONSUMMIT,37,0,33,0,0,0,0,0,0,0,0,0,1,0,145,5,8,12,580,70,0,145,580
LEXINGTONSWANSEA #1,130,0,29,1,0,0,0,0,0,0,0,0,2,2,304,5,2,16,402,160,0,304,402
LEXINGTONSWANSEA #2,111,2,22,1,0,0,0,0,0,0,0,0,1,5,290,5,4,10,473,136,0,290,473
LEXINGTONW COLUMBIA NO 1,39,0,51,0,0,0,0,0,0,0,0,0,0,3,197,8,4,17,174,90,0,197,174
LEXINGTONW COLUMBIA NO 2,119,0,20,1,0,0,0,0,0,0,0,0,1,0,294,4,0,6,65,140,0,294,65
LEXINGTONW COLUMBIA NO 3,38,0,30,0,0,0,0,0,0,0,0,0,0,1,107,4,7,20,225,68,0,107,225
LEXINGTONW COLUMBIA NO 4,66,0,49,1,0,0,0,0,0,0,0,0,1,5,305,7,18,27,489,116,0,305,489
LEXINGTONWESTOVER,93,0,74,1,0,0,0,0,0,0,0,0,1,3,257,12,19,41,614,168,0,257,614
LEXINGTONWHITE KNOLL,69,1,72,0,0,0,0,0,0,0,0,0,3,2,279,14,12,43,838,142,0,279,838
LEXINGTONWHITEHALL,185,1,114,1,0,0,0,0,0,0,0,0,3,4,471,13,35,39,634,301,0,471,634
LEXINGTONWOODLAND HILLS,130,0,63,0,0,0,0,0,0,0,0,0,2,4,441,17,14,26,271,193,0,441,271
MARIONBRITTON'S NECK,295,0,36,0,8,6,42,3,22,75,0,0,0,1,552,3,1,4,265,331,156,552,265
MARIONCENTENARY,236,0,17,1,8,17,24,3,16,63,0,0,0,2,448,3,1,9,220,254,131,448,220
MARIONFAILSAFE,6,0,5,0,0,0,1,0,0,1,0,0,0,1,19,0,0,1,3,11,2,19,3
MARIONFAILSAFE PROVISIONAL,0,0,0,0,0,0,0,0,0,0,0,0,0,0,2,0,0,0,2,0,0,2,2
MARIONFRIENDSHIP,68,0,11,1,8,2,13,1,8,9,0,0,1,1,141,0,0,1,54,80,41,141,54
MARIONMARION NO. 1,160,1,44,0,10,8,35,7,30,42,0,0,1,3,379,1,4,8,185,205,132,379,185
MARIONMARION NO. 2,114,0,34,1,24,12,68,18,52,100,0,0,1,1,289,5,5,10,387,149,274,289,387
MARIONMARION NORTH,146,1,22,2,15,9,51,2,25,103,0,0,1,0,366,1,2,11,381,171,205,366,381
MARIONMARION SOUTH,402,0,74,1,15,9,53,7,29,75,0,0,2,1,951,6,2,7,317,477,188,951,317
MARIONMARION WEST,93,0,27,0,11,6,65,4,28,104,0,0,0,1,252,3,5,4,406,120,218,252,406
MARIONN EAST MULLINS,210,0,45,0,20,10,40,7,34,84,0,0,2,0,576,6,4,6,332,255,195,576,332
MARIONN WEST MULLINS,201,0,32,2,8,1,39,1,15,70,0,0,2,1,540,2,3,2,213,235,134,540,213
MARIONNICHOLS,86,1,19,0,8,5,28,2,10,65,0,0,0,2,151,4,1,5,239,106,118,151,239
MARIONPROVISIONAL,2,0,1,0,0,0,0,0,0,0,0,0,0,0,45,0,2,0,8,3,0,45,8
MARIONRAINS,107,0,10,0,2,6,19,5,9,38,0,0,1,2,292,3,2,1,135,117,79,292,135
MARIONS EAST MULLINS,60,2,20,0,30,21,94,16,66,140,0,0,2,1,202,9,1,6,505,82,367,202,505
MARIONS WEST MULLINS,199,0,48,0,13,14,46,6,28,73,0,0,0,3,442,8,2,5,293,247,180,442,293
MARIONSELLERS,58,0,4,0,0,1,6,0,3,6,0,0,0,0,96,1,0,0,35,62,16,96,35
MARIONTEMPERANCE,137,1,29,2,7,3,48,6,9,46,0,0,3,2,335,0,3,2,197,169,119,335,197
MARIONZION,82,0,9,0,6,3,24,1,3,21,0,0,0,0,180,1,2,0,119,91,58,180,119
MARLBOROADAMSVILLE,35,0,4,0,4,9,7,0,6,25,0,0,1,1,73,1,1,1,95,39,51,73,95
MARLBOROBLENHEIM,33,0,8,0,4,4,12,2,6,36,0,0,0,2,52,0,1,1,87,41,64,52,87
MARLBOROBRIGHTSVILLE,101,0,5,0,1,8,11,0,11,41,0,0,2,0,151,1,1,3,157,106,72,151,157
MARLBOROBROWNSVILLE,19,0,4,0,4,4,23,1,3,28,0,0,0,0,49,0,1,2,128,23,63,49,128
MARLBOROCLIO,190,0,30,0,7,4,36,1,13,47,0,0,1,1,397,2,1,5,199,220,108,397,199
MARLBOROE BENNETTSVILLE,120,2,26,0,11,13,15,7,22,39,0,0,0,3,308,1,1,4,167,148,107,308,167
MARLBOROEAST MCCOLL,35,1,10,1,6,2,30,3,22,50,0,0,0,0,76,0,1,3,303,47,113,76,303
MARLBOROFAILSAFE,7,0,0,0,0,1,1,0,1,1,0,0,0,0,16,0,0,0,6,7,4,16,6
MARLBOROMCCOLL,64,1,7,0,7,9,34,3,21,56,0,0,1,2,194,3,2,3,255,72,130,194,255
MARLBORON BENNETTSVILLE,189,0,27,0,28,18,71,10,41,79,0,0,2,0,321,6,4,5,352,216,247,321,352
MARLBOROPROVISIONAL,5,0,1,0,0,0,1,0,0,4,0,0,0,0,26,0,0,0,10,6,5,26,10
MARLBOROQUICKS X ROADS,103,2,12,0,6,7,19,2,9,42,0,0,1,2,196,1,1,6,175,117,85,196,175
MARLBORORED HILL,80,0,12,0,6,5,31,0,7,42,0,0,0,1,179,2,1,1,251,92,91,179,251
MARLBOROS BENNETTSVILLE,107,0,9,1,2,1,4,2,0,2,0,0,0,0,275,4,1,3,25,117,11,275,25
MARLBOROTATUM,43,0,6,0,2,3,6,1,5,13,0,0,1,0,80,1,1,2,99,49,30,80,99
MARLBOROW BENNETTSVILLE,171,0,12,0,9,6,15,3,10,23,0,0,1,1,282,2,1,0,138,183,66,282,138
MARLBOROWALLACE,86,1,20,0,10,8,28,6,20,68,0,0,1,0,257,2,2,5,331,107,140,257,331
MCCORMICKBETHANY,76,1,11,0,4,1,8,0,8,15,0,0,0,0,152,0,3,2,57,88,36,152,57
MCCORMICKCLARK'S HILL,59,0,10,1,2,10,21,3,16,48,0,0,0,0,161,0,2,4,138,70,100,161,138
MCCORMICKFAILSAFE,3,0,1,0,0,0,1,0,0,1,0,0,0,0,3,0,0,0,2,4,2,3,2
MCCORMICKMCCORMICK NO. 1,159,0,20,1,9,7,27,7,25,49,0,0,1,3,290,2,2,7,182,180,124,290,182
MCCORMICKMCCORMICK NO. 2,126,0,6,0,3,5,22,1,14,20,0,0,0,0,244,0,2,5,117,132,65,244,117
MCCORMICKMODOC,2,0,8,0,2,9,27,4,18,41,0,0,0,0,14,0,0,3,156,10,101,14,156
MCCORMICKMONTICELLO,20,1,7,0,3,4,29,11,64,43,0,0,0,1,46,0,1,1,145,28,154,46,145
MCCORMICKMT. CARMEL,55,1,4,0,1,0,1,0,1,7,0,0,0,0,113,0,0,2,20,60,10,113,20
MCCORMICKPARKSVILLE,11,0,1,0,4,8,14,1,10,29,0,0,0,0,13,1,0,2,90,12,66,13,90
MCCORMICKPLUM BRANCH,132,0,16,1,1,4,22,4,28,47,0,0,4,0,200,1,0,5,190,149,106,200,190
MCCORMICKPROVISIONAL,0,0,0,0,0,0,0,0,0,0,0,0,0,0,0,0,0,0,1,0,0,0,1
MCCORMICKSAVANNAH,45,1,20,0,19,26,99,61,146,147,0,0,1,0,120,2,2,4,488,66,498,120,488
MCCORMICKWILLINGTON,29,0,6,0,5,5,5,7,2,15,0,0,0,0,56,0,0,2,49,35,39,56,49
NEWBERRYBETH-EDEN,32,0,11,0,13,15,27,12,31,66,0,0,3,2,81,5,6,11,199,43,164,81,199
NEWBERRYBUSH RIVER,16,0,11,0,3,7,16,8,14,26,0,0,2,0,46,0,0,0,143,27,74,46,143
NEWBERRYCHAPPELLS,34,0,12,1,12,22,31,11,39,74,0,0,1,2,117,2,2,7,268,47,189,117,268
NEWBERRYCONSOLIDATED #5,83,0,20,2,45,22,61,17,49,98,0,0,1,1,174,10,4,10,471,105,292,174,471
NEWBERRYFAILSAFE,13,0,5,0,0,3,0,1,0,4,0,0,0,0,41,1,2,2,30,18,8,41,30
NEWBERRYFAIRVIEW,54,2,24,0,45,39,121,37,138,180,0,0,5,2,154,2,2,22,736,80,560,154,736
NEWBERRYHARTFORD,71,0,22,1,16,18,43,7,28,93,0,0,1,1,225,1,4,15,326,94,205,225,326
NEWBERRYHELENA,184,0,14,0,7,8,5,2,10,27,0,0,1,1,344,0,1,3,76,198,59,344,76
NEWBERRYJOHNSTONE,28,0,6,0,10,16,30,4,20,44,0,0,2,2,95,0,2,2,203,34,124,95,203
NEWBERRYKINARDS JALAPA,36,0,7,1,10,5,27,7,25,56,0,0,1,0,80,0,3,2,207,44,130,80,207
NEWBERRYLITTLE MOUNTAIN,65,0,10,0,26,26,64,9,59,102,0,0,2,0,162,0,0,5,456,75,286,162,456
NEWBERRYMAYBINTON,27,0,5,0,1,3,2,2,2,2,0,0,0,0,35,0,0,0,14,32,12,35,14
NEWBERRYMIDWAY,5,0,4,1,16,10,24,4,15,28,0,0,0,0,23,1,1,4,173,10,97,23,173
NEWBERRYMT. BETHERL GARMANY,106,0,22,2,17,11,40,4,31,86,0,0,1,1,305,3,0,9,267,130,189,305,267
NEWBERRYNEWBERRY WD 1,39,0,17,0,8,8,9,8,5,19,0,0,0,0,99,0,0,8,82,56,57,99,82
NEWBERRYNEWBERRY WD 2,45,0,27,0,31,23,37,13,92,74,0,0,2,0,152,5,10,26,306,72,270,152,306
NEWBERRYNEWBERRY WD 3,64,2,18,5,15,9,26,20,29,47,0,0,1,0,216,0,0,17,190,89,146,216,190
NEWBERRYNEWBERRY WD 4,92,0,4,0,0,3,5,3,1,11,0,0,0,0,204,0,2,3,35,96,23,204,35
NEWBERRYNEWBERRY WD 5,104,0,14,1,3,4,7,1,5,2,0,0,1,0,276,3,1,8,36,119,22,276,36
NEWBERRYNEWBERRY WD 6,69,0,20,0,18,28,43,26,74,58,0,0,2,1,232,5,5,11,244,89,247,232,244
NEWBERRYO'NEAL,42,0,25,0,53,42,82,30,101,156,0,0,2,1,141,5,9,12,636,67,464,141,636
NEWBERRYOAKLAND,78,0,10,1,2,7,7,1,7,16,0,0,1,1,250,1,5,5,68,89,40,250,68
NEWBERRYPEAK,3,0,4,0,8,5,14,1,17,14,0,0,0,0,19,0,0,4,65,7,59,19,65
NEWBERRYPONARIA,36,0,6,0,24,17,41,16,24,47,0,0,3,0,94,0,4,6,298,42,169,94,298
NEWBERRYPROSPERITY,153,0,35,2,24,32,93,18,59,116,0,0,0,1,371,5,4,17,563,190,342,371,563
NEWBERRYPROVISIONAL,1,0,0,0,1,1,0,0,0,3,0,0,0,0,1,0,0,0,4,1,5,1,4
NEWBERRYSILVERSTREET,59,0,15,0,11,10,25,2,37,67,0,0,0,1,128,0,2,12,275,74,152,128,275
NEWBERRYST PHILLIPS JOLLY ST.,84,0,15,0,29,22,52,11,42,89,0,0,2,4,197,2,4,11,419,99,245,197,419
NEWBERRYSTONEY HILL,19,0,11,0,34,21,87,15,43,92,0,0,3,0,65,1,4,14,407,30,292,65,407
NEWBERRYWHEELAND,6,0,4,1,23,20,42,4,24,46,0,0,2,3,43,0,2,12,253,11,159,43,253
NEWBERRYWHITMIRE CITY,38,2,11,1,9,12,55,9,16,64,0,0,0,0,126,2,5,8,312,52,165,126,312
NEWBERRYWHITMIRE OUTSIDE,72,1,11,0,23,21,29,8,20,87,0,0,1,3,135,1,4,6,321,84,188,135,321
OCONEEBOUNTYLAND,45,0,44,0,60,45,116,54,139,153,0,0,1,4,181,10,11,18,572,89,567,181,572
OCONEEEARLES GROVE,15,0,11,0,19,34,76,3,37,90,0,0,1,0,65,3,0,8,428,26,259,65,428
OCONEEFAILSAFE,1,0,2,0,0,1,0,1,0,0,0,0,0,0,6,0,1,2,27,3,2,6,27
OCONEEFAILSAFE PROVISIONAL,0,0,0,0,0,0,0,0,0,0,0,0,0,0,3,1,0,0,26,0,0,3,26
OCONEEFAIR PLAY,22,0,9,1,17,15,94,24,74,111,0,0,1,1,62,0,3,5,463,32,335,62,463
OCONEEFRIENDSHIP,59,1,41,1,32,32,152,32,121,159,0,0,4,6,230,7,16,33,763,102,528,230,763
OCONEEHOLLY SPRINGS,5,0,4,0,8,10,32,0,18,40,0,0,1,0,18,1,0,4,199,9,108,18,199
OCONEEKEOWEE,32,0,29,0,57,35,114,44,140,173,0,0,1,1,140,5,9,13,673,61,563,140,673
OCONEELONG CREEK,18,0,26,0,11,5,21,6,19,34,0,0,2,0,61,6,1,8,165,44,96,61,165
OCONEEMADISON,10,0,13,0,14,14,40,11,40,95,0,0,0,1,33,7,3,6,312,23,214,33,312
OCONEEMOUNTAIN REST,25,0,34,0,26,19,63,21,85,85,0,0,1,1,108,5,4,9,417,59,299,108,417
OCONEENEW HOPE,46,0,28,0,52,43,127,94,256,159,0,0,5,4,166,5,16,29,782,74,731,166,782
OCONEENEWRY-CORINTH,10,0,14,0,7,5,16,1,15,14,0,0,1,0,45,2,0,4,103,24,58,45,103
OCONEEOAKWAY,32,0,42,0,29,30,101,32,88,106,0,0,3,2,103,3,9,11,619,74,386,103,619
OCONEEPROVISIONAL,0,0,1,0,0,3,1,1,2,3,0,0,0,0,16,0,0,3,56,1,10,16,56
OCONEERAVENEL,120,2,100,1,74,46,119,84,246,120,0,0,6,1,432,6,26,36,780,223,689,432,780
OCONEERETURN,24,1,10,1,21,18,69,12,77,72,0,0,0,0,53,0,2,11,377,36,269,53,377
OCONEERICHLAND,29,0,18,0,24,26,83,18,74,99,0,0,2,1,97,7,4,14,479,47,324,97,479
OCONEESALEM,37,1,34,0,36,39,119,51,118,199,0,0,2,1,137,3,2,18,851,72,562,137,851
OCONEESENECA 1,169,1,83,1,47,57,136,64,135,122,0,0,1,5,529,10,18,41,648,254,561,529,648
OCONEESENECA 2,78,0,49,0,33,51,100,50,167,139,0,0,4,8,298,11,11,37,586,127,540,298,586
OCONEESENECA 3,39,0,36,0,25,24,72,40,76,115,0,0,2,1,166,3,9,17,452,75,352,166,452
OCONEESENECA 4,180,1,81,2,45,34,81,48,139,141,0,0,5,4,527,14,13,26,637,264,488,527,637
OCONEESHILOH,54,1,37,0,25,29,59,30,56,84,0,0,7,3,215,1,12,12,394,92,283,215,394
OCONEESOUTH UNION,34,0,22,0,28,31,84,44,99,179,0,0,2,2,143,6,9,17,635,56,465,143,635
OCONEESTAMP CREEK,113,1,42,0,97,48,93,174,286,152,0,0,2,2,247,5,9,26,696,156,850,247,696
OCONEETAMASSEE,36,0,42,0,37,39,86,24,101,135,0,0,1,1,119,2,8,15,631,78,422,119,631
OCONEETOKEENA-PROVIDENCE,29,0,16,0,33,31,87,29,92,143,0,0,5,6,104,4,8,15,562,45,415,104,562
OCONEEUTICA,42,0,35,1,4,13,20,5,25,37,0,0,3,1,145,7,2,7,180,78,104,145,180
OCONEEWALHALLA 1,81,0,94,1,92,53,168,54,196,231,0,0,2,4,279,17,12,43,1091,176,794,279,1091
OCONEEWALHALLA 2,40,0,50,0,43,43,151,23,98,185,0,0,3,5,216,7,7,19,843,90,543,216,843
OCONEEWEST UNION,42,2,48,0,40,59,101,37,138,139,0,0,3,4,165,6,8,21,686,92,514,165,686
OCONEEWESTMINSTER 1,51,0,34,0,57,39,175,44,155,214,0,0,2,5,204,10,10,20,1128,85,684,204,1128
OCONEEWESTMINSTER 2,32,0,21,0,40,35,103,22,90,123,0,0,2,1,121,8,6,9,680,53,413,121,680
ORANGEBURGBETHEL,136,0,12,0,14,4,10,0,13,16,0,0,0,0,215,0,0,5,120,148,57,215,120
ORANGEBURGBOLENTOWN,116,0,37,0,19,11,47,11,46,89,0,0,0,0,302,1,5,5,372,153,223,302,372
ORANGEBURGBOWMAN 1,279,2,14,0,11,12,23,2,33,31,0,0,2,0,473,2,4,5,202,295,112,473,202
ORANGEBURGBOWMAN 2,102,0,4,0,23,11,22,8,27,43,0,0,2,2,250,1,0,4,196,106,134,250,196
ORANGEBURGBRANCHVILLE 1,123,1,16,1,20,7,37,13,38,71,0,0,0,1,224,6,4,8,335,141,186,224,335
ORANGEBURGBRANCHVILLE 2,58,0,5,0,12,7,20,4,19,51,0,0,1,1,87,1,2,3,188,63,113,87,188
ORANGEBURGBROOKDALE,386,0,47,2,0,1,1,0,2,4,0,0,0,1,480,0,4,2,14,435,8,480,14
ORANGEBURGCOPE,82,0,13,1,11,8,36,2,26,49,0,0,2,1,163,1,1,6,213,96,132,163,213
ORANGEBURGCORDOVA 1,140,0,26,1,38,18,49,9,37,82,0,0,1,2,336,4,1,6,420,167,233,336,420
ORANGEBURGCORDOVA 2,174,1,24,1,19,9,19,5,18,82,0,0,0,1,432,1,3,7,303,200,152,432,303
ORANGEBURGEDISTO,75,1,16,1,18,13,36,5,37,127,0,0,1,1,126,0,2,10,453,93,236,126,453
ORANGEBURGELLOREE 1,106,0,18,1,19,12,31,10,30,59,0,0,0,3,213,0,2,6,245,125,161,213,245
ORANGEBURGELLOREE 2,170,0,7,0,2,3,11,1,6,24,0,0,0,0,287,0,1,2,82,177,47,287,82
ORANGEBURGEUTAWVILLE 1,197,1,30,1,36,21,39,16,63,125,0,0,1,0,305,2,0,6,451,229,300,305,451
ORANGEBURGEUTAWVILLE 2,433,1,37,2,11,10,17,2,18,36,0,0,0,1,579,3,3,9,172,473,94,579,172
ORANGEBURGFAILSAFE,11,0,2,0,0,0,0,0,0,1,0,0,0,1,78,0,1,0,16,13,1,78,16
ORANGEBURGFAILSAFE PROVISIONAL,53,0,13,0,2,1,7,1,6,17,0,0,0,1,8,0,0,1,5,66,34,8,5
ORANGEBURGFOUR HOLES,51,0,7,0,16,12,17,3,28,67,0,0,2,0,104,0,1,1,234,58,143,104,234
ORANGEBURGHOLLY HILL 1,294,0,47,0,26,16,42,10,54,74,0,0,3,3,470,1,3,9,400,341,222,470,400
ORANGEBURGHOLLY HILL 2,451,0,24,0,11,4,17,3,12,29,0,0,0,2,702,2,5,3,140,475,76,702,140
ORANGEBURGJAMISON,349,0,40,1,8,12,28,13,33,47,0,0,1,3,540,1,4,13,224,390,141,540,224
ORANGEBURGLIMESTONE 1,398,0,51,2,30,13,46,18,47,65,0,0,2,1,709,2,2,10,272,451,219,709,272
ORANGEBURGLIMESTONE 2,173,0,16,1,10,4,23,4,19,32,0,0,1,3,279,4,2,4,184,190,92,279,184
ORANGEBURGNEESES-LIVINGSTON,104,0,15,0,20,14,54,8,30,97,0,0,0,2,196,2,0,5,334,119,223,196,334
ORANGEBURGNIX,245,0,36,0,1,0,0,0,0,0,0,0,0,2,557,2,2,2,4,281,1,557,4
ORANGEBURGNORTH 1,193,1,19,0,19,12,30,2,37,75,0,0,2,1,334,2,0,2,282,213,175,334,282
ORANGEBURGNORTH 2,162,0,22,2,14,9,68,11,27,101,0,0,0,1,291,2,6,2,353,186,230,291,353
ORANGEBURGNORWAY,265,0,23,0,17,7,32,5,21,75,0,0,3,3,418,1,2,9,243,288,157,418,243
ORANGEBURGORANGEBURG WD 1,83,0,25,0,11,2,16,6,18,41,0,0,0,0,192,1,1,8,128,108,94,192,128
ORANGEBURGORANGEBURG WD 10,143,0,24,0,20,7,19,10,35,38,0,0,0,4,203,5,0,5,137,167,129,203,137
ORANGEBURGORANGEBURG WD 2,83,0,26,0,1,1,0,0,1,2,0,0,0,0,216,1,0,1,15,109,5,216,15
ORANGEBURGORANGEBURG WD 3,166,0,31,0,1,3,1,0,1,3,0,0,0,0,416,1,1,2,20,197,9,416,20
ORANGEBURGORANGEBURG WD 4,73,1,46,1,0,0,0,0,0,1,0,0,0,0,625,6,0,2,8,121,1,625,8
ORANGEBURGORANGEBURG WD 5,94,0,18,0,4,0,2,0,1,8,0,0,0,0,191,1,0,0,16,112,15,191,16
ORANGEBURGORANGEBURG WD 6,113,1,37,0,7,1,7,2,14,12,0,0,0,1,249,0,5,4,75,151,43,249,75
ORANGEBURGORANGEBURG WD 8,74,0,13,2,19,10,23,9,32,35,0,0,0,1,143,1,1,6,138,89,128,143,138
ORANGEBURGORANGEBURG WD 9,108,1,14,0,7,2,6,3,5,18,0,0,0,0,183,1,1,3,68,123,41,183,68
ORANGEBURGORNAGEBURG WD 7,119,0,35,0,38,9,21,22,38,49,0,0,1,0,184,1,1,5,150,154,177,184,150
ORANGEBURGPINE HILL,138,0,31,1,10,5,32,10,16,56,0,0,0,1,331,1,1,5,235,170,129,331,235
ORANGEBURGPROVIDENCE,218,0,12,0,14,7,19,5,27,31,0,0,0,0,420,3,0,1,183,230,103,420,183
ORANGEBURGPROVISIONAL,0,0,0,0,0,0,0,0,0,0,0,0,0,0,52,1,1,0,17,0,0,52,17
ORANGEBURGROWESVILLE,104,0,16,1,8,11,13,2,6,42,0,0,0,0,195,2,1,0,137,121,82,195,137
ORANGEBURGSANTEE 1,140,0,38,0,40,10,61,32,62,144,0,0,1,3,257,3,3,8,432,178,349,257,432
ORANGEBURGSANTEE 2,274,0,26,0,0,0,9,0,5,7,0,0,1,0,575,2,4,2,29,300,21,575,29
ORANGEBURGSPRINGFIELD,177,1,26,3,17,11,49,5,32,86,0,0,1,1,312,0,4,8,292,207,200,312,292
ORANGEBURGSUBURBAN 1,139,0,11,0,0,2,0,0,0,1,0,0,2,0,258,1,1,2,6,150,3,258,6
ORANGEBURGSUBURBAN 2,165,0,18,1,2,0,0,0,0,1,0,0,0,1,263,1,0,1,7,184,3,263,7
ORANGEBURGSUBURBAN 3,285,0,22,0,4,5,4,0,0,16,0,0,0,0,535,1,0,2,59,307,29,535,59
ORANGEBURGSUBURBAN 4,55,0,13,0,13,4,5,7,16,17,0,0,0,0,163,1,0,1,64,68,62,163,64
ORANGEBURGSUBURBAN 5,249,0,21,1,6,2,19,1,7,15,0,0,2,0,450,5,3,4,105,271,50,450,105
ORANGEBURGSUBURBAN 6,121,1,15,1,8,4,24,2,18,39,0,0,0,2,246,1,0,4,187,138,95,246,187
ORANGEBURGSUBURBAN 7,159,0,40,0,32,15,52,34,87,75,0,0,0,2,273,1,4,15,351,199,295,273,351
ORANGEBURGSUBURBAN 8,113,0,34,1,16,8,28,7,45,41,0,0,0,1,217,1,2,7,173,148,145,217,173
ORANGEBURGSUBURBAN 9,243,1,38,2,10,6,14,1,21,41,0,0,2,1,495,4,0,4,110,284,93,495,110
ORANGEBURGVANCE,355,0,35,0,9,4,26,3,24,45,0,0,1,0,473,1,4,6,167,390,111,473,167
ORANGEBURGWHITTAKER,256,0,30,0,4,3,10,0,6,14,0,0,0,0,430,1,0,4,52,286,37,430,52
PICKENSABEL,79,0,38,1,12,15,26,23,39,18,0,0,9,0,269,6,13,31,175,118,133,269,175
PICKENSALBERT R. LEWIS,25,0,24,0,44,26,158,10,54,144,0,0,3,4,79,4,3,15,632,49,436,79,632
PICKENSARIAL MILL,17,0,19,1,26,27,97,11,69,110,0,0,3,1,78,2,8,10,481,37,340,78,481
PICKENSBRUSHY CREEK,55,1,22,0,41,33,150,36,117,167,0,0,1,5,196,5,8,41,721,78,544,196,721
PICKENSCALHOUN,48,1,53,1,14,10,19,28,73,35,0,0,7,2,261,8,7,33,211,103,179,261,211
PICKENSCEDAR ROCK,12,0,19,0,27,24,166,21,81,143,0,0,2,3,84,1,4,15,650,31,462,84,650
PICKENSCLEMSON,121,1,73,0,118,18,59,74,171,62,0,0,19,6,424,4,23,37,480,195,502,424,480
PICKENSCRESCENT HILL,20,0,23,0,48,29,161,18,77,128,0,0,4,6,75,8,3,12,581,43,461,75,581
PICKENSCRESTVIEW,17,0,28,0,44,26,88,26,144,155,0,0,0,3,117,8,7,21,539,45,483,117,539
PICKENSCROSSROADS,21,0,24,1,25,29,111,15,59,190,0,0,3,4,89,5,3,13,656,46,429,89,656
PICKENSCROSSWELL,29,0,26,0,20,47,155,17,62,176,0,0,3,3,140,3,7,20,713,55,477,140,713
PICKENSDACUSVILLE,19,0,16,0,15,40,108,17,52,126,0,0,0,2,95,3,2,12,572,35,358,95,572
PICKENSEASLEY,33,0,29,0,21,30,82,16,79,88,0,0,0,2,145,3,9,20,473,62,316,145,473
PICKENSEAST LIBERTY,24,0,25,1,23,27,97,13,55,108,0,0,3,0,99,2,2,16,543,50,323,99,543
PICKENSEAST PICKENS,12,0,17,0,35,26,142,13,59,149,0,0,2,3,58,7,2,15,625,29,424,58,625
PICKENSFAILSAFE,11,0,7,0,2,6,18,3,5,18,0,0,0,0,19,0,0,2,98,18,52,19,98
PICKENSFAILSAFE PROVISIONAL,0,0,0,0,0,0,0,0,0,0,0,0,0,0,4,2,0,1,37,0,0,4,37
PICKENSFLAT ROCK,10,0,26,0,39,36,113,15,65,146,0,0,3,0,100,4,7,22,605,36,414,100,605
PICKENSFOREST ACRES,33,0,32,0,27,23,75,23,75,122,0,0,0,0,122,7,5,12,363,65,345,122,363
PICKENSFRUIT MOUNTAIN,25,0,26,0,14,19,68,9,53,99,0,0,0,0,90,1,6,19,435,51,262,90,435
PICKENSGEORGES CREEK,26,0,24,0,26,27,111,28,86,102,0,0,0,2,122,4,3,17,509,50,380,122,509
PICKENSGLASSY MOUNTAIN,20,0,20,0,37,35,134,19,63,147,0,0,2,1,61,7,3,13,627,40,435,61,627
PICKENSGRIFFIN,22,0,33,0,36,42,147,20,83,183,0,0,1,4,89,6,4,19,798,55,511,89,798
PICKENSHOLLY SPRINGS,34,0,32,0,41,33,142,39,119,165,0,0,1,2,131,12,7,12,669,66,539,131,669
PICKENSISSAQUEENA,46,0,51,0,16,14,24,39,66,24,0,0,18,2,202,3,11,15,199,97,183,202,199
PICKENSLAWRENCE CHAPEL,50,0,45,0,57,23,127,32,103,67,0,0,12,3,186,4,14,28,515,95,409,186,515
PICKENSLENHART,56,1,17,0,16,22,92,8,71,111,0,0,0,4,135,5,8,8,469,74,320,135,469
PICKENSMCALLISTER,33,0,25,0,25,17,99,12,70,86,0,0,2,3,118,3,3,14,414,58,309,118,414
PICKENSMCKISSICK,56,1,40,0,33,30,91,17,81,121,0,0,0,5,178,7,8,10,480,97,373,178,480
PICKENSMORRISON,55,0,76,0,48,17,39,43,114,48,0,0,15,3,285,9,17,41,293,131,309,285,293
PICKENSMOUNTAIN VIEW,20,0,24,0,32,21,81,61,86,140,0,0,2,2,120,5,7,18,594,44,421,120,594
PICKENSNINE FORKS,22,0,19,0,15,42,167,24,73,178,0,0,1,5,74,6,5,8,692,41,499,74,692
PICKENSNORRIS,26,0,23,0,34,17,101,7,47,112,0,0,4,0,100,6,4,9,574,49,318,100,574
PICKENSNORTH CENTRAL,37,0,44,0,33,19,67,26,73,71,0,0,5,4,161,7,15,16,425,81,289,161,425
PICKENSNORTH LIBERTY,32,0,19,0,23,22,89,15,54,118,0,0,0,2,100,4,3,25,489,51,321,100,489
PICKENSNORTH PICKENS,22,0,9,0,42,14,136,13,79,130,0,0,0,2,66,3,5,17,641,31,414,66,641
PICKENSPENDLETON,17,0,17,0,29,21,93,13,62,115,0,0,1,1,65,4,2,17,503,34,333,65,503
PICKENSPICKENSVILLE,40,0,35,0,23,32,80,16,66,101,0,0,0,2,123,6,3,22,453,75,318,123,453
PICKENSPIKE,52,0,43,0,24,24,58,53,67,55,0,0,8,2,202,7,11,16,321,95,281,202,321
PICKENSPOPE FIELD,21,0,19,0,30,31,84,14,58,75,0,0,1,1,117,5,9,11,376,40,292,117,376
PICKENSPRATERS CREEK,9,0,6,1,28,19,99,10,76,95,0,0,0,3,33,6,5,6,473,16,327,33,473
PICKENSPROVISIONAL,4,0,7,0,2,1,11,0,2,13,0,0,1,0,23,0,3,4,103,11,29,23,103
PICKENSPUMPKINTOWN,44,0,41,1,32,54,179,18,100,210,0,0,2,4,147,3,13,14,738,86,593,147,738
PICKENSRICES CREEK,24,0,20,0,26,27,111,15,56,125,0,0,3,1,88,5,4,13,602,44,360,88,602
PICKENSROCK SPRINGS,45,0,32,0,22,39,104,19,86,116,0,0,3,1,135,6,11,15,533,77,386,135,533
PICKENSSALUDA,37,0,18,1,22,24,77,11,58,139,0,0,0,2,136,7,7,10,519,56,331,136,519
PICKENSSHEFFIELD,36,1,32,0,41,42,121,45,146,138,0,0,1,1,167,2,8,13,603,69,533,167,603
PICKENSSIMPSON,110,0,40,1,19,19,39,7,22,53,0,0,2,3,265,1,8,11,254,151,159,265,254
PICKENSSITTON,48,0,23,0,36,42,138,58,162,137,0,0,2,1,176,2,10,24,641,71,573,176,641
PICKENSSIX MILE,26,1,26,0,61,31,151,12,94,112,0,0,5,4,97,3,6,15,713,53,461,97,713
PICKENSSIX MILE MOUNTAIN,33,0,25,0,54,39,126,27,99,131,0,0,3,8,128,3,19,21,702,58,476,128,702
PICKENSSKELTON,15,0,17,0,46,33,140,16,90,137,0,0,2,1,65,3,10,7,603,32,462,65,603
PICKENSSMITH GROVE,22,0,30,0,30,26,91,8,31,81,0,0,0,4,97,2,6,18,419,52,267,97,419
PICKENSSOUTH CENTRAL,63,0,48,1,21,24,46,9,40,49,0,0,4,0,237,10,17,25,308,112,189,237,308
PICKENSSOUTH PICKENS,75,0,33,0,25,15,73,13,64,101,0,0,0,1,144,3,6,15,435,108,291,144,435
PICKENSSTONE CHURCH,96,0,85,0,58,28,45,48,86,34,0,0,10,0,347,14,27,35,287,181,299,347,287
PICKENSTRI COUNTY,21,0,12,0,3,27,60,18,46,57,0,0,0,2,75,2,4,11,237,33,211,75,237
PICKENSUNIVERSITY,49,0,47,0,16,8,9,36,67,31,0,0,17,0,155,6,8,20,175,96,167,155,175
PICKENSVINLAND,16,0,15,0,15,25,100,26,42,137,0,0,1,0,80,3,4,11,549,31,345,80,549
PICKENSWEST CENTRAL,27,0,55,0,13,9,25,14,56,31,0,0,2,1,182,7,21,36,196,82,148,182,196
PICKENSWEST LIBERTY,16,0,20,0,43,31,133,13,78,117,0,0,2,1,81,2,15,15,628,36,415,81,628
PICKENSWEST PICKENS,41,0,25,0,22,35,124,19,73,144,0,0,3,1,116,4,4,12,660,66,417,116,660
PICKENSWOODSIDE,77,1,48,0,22,34,118,17,88,106,0,0,3,5,235,6,8,22,524,126,385,235,524
PICKENSZION,16,0,16,0,24,19,129,13,93,103,0,0,1,4,88,2,12,13,482,32,381,88,482
RICHLANDARCADIA,147,0,74,0,49,24,62,42,82,64,0,0,3,2,377,10,18,28,274,221,323,377,274
RICHLANDARDINCAPLE,106,0,17,0,0,0,0,0,0,1,0,0,1,1,203,0,0,3,7,123,1,203,7
RICHLANDBALLENTINE 1,68,0,53,0,41,34,84,27,107,129,0,0,1,3,230,2,19,44,444,121,422,230,444
RICHLANDBALLENTINE 2,58,0,50,1,66,34,148,52,182,173,0,0,1,2,178,4,7,32,625,109,655,178,625
RICHLANDBEATTY ROAD,103,0,35,0,4,6,7,0,6,5,0,0,1,0,363,6,3,6,41,138,28,363,41
RICHLANDBLUFF,557,1,74,3,3,3,3,0,4,3,0,0,0,1,811,5,4,6,29,635,16,811,29
RICHLANDBLYTHEWOOD 1,92,0,40,0,56,47,114,35,175,131,0,0,1,3,235,4,14,30,565,132,558,235,565
RICHLANDBLYTHEWOOD 2,212,1,90,1,30,16,108,17,105,85,0,0,3,3,487,6,19,27,593,304,361,487,593
RICHLANDBLYTHEWOOD 3,196,0,65,2,23,19,108,24,108,95,0,0,2,4,521,7,14,32,512,263,377,521,512
RICHLANDBOOKMAN,359,0,111,1,42,28,91,28,112,99,0,0,2,4,721,18,21,53,487,471,400,721,487
RICHLANDBRANDON 1,254,0,93,0,14,8,37,18,26,45,0,0,1,8,589,6,7,22,209,347,148,589,209
RICHLANDBRANDON 2,240,1,79,1,22,11,28,14,38,30,0,0,1,6,677,7,27,32,151,321,143,677,151
RICHLANDBRIARWOOD,373,2,140,0,32,14,67,20,58,72,0,0,4,4,784,14,10,23,250,515,263,784,250
RICHLANDBRIDGE CREEK,376,2,101,0,15,10,49,22,54,37,0,0,0,3,686,6,8,14,207,479,187,686,207
RICHLANDCAUGHMAN ROAD,365,0,73,1,28,15,54,23,55,61,0,0,1,1,537,6,9,12,194,439,236,537,194
RICHLANDCOLLEGE PLACE,363,0,34,2,1,1,2,0,1,5,0,0,1,5,619,3,4,3,19,399,10,619,19
RICHLANDCOOPER,103,0,43,0,51,20,79,63,104,69,0,0,1,0,233,5,16,22,309,146,386,233,309
RICHLANDDENNYSIDE,139,0,40,1,8,43,63,10,61,30,0,0,1,3,303,2,58,23,196,180,215,303,196
RICHLANDDENTSVILLE,479,0,76,4,3,3,8,0,14,23,0,0,1,1,741,4,5,3,61,559,51,741,61
RICHLANDDUTCH FORK 1,66,0,37,0,44,44,98,23,95,106,0,0,1,4,151,3,20,32,436,103,410,151,436
RICHLANDDUTCH FORK 2,103,0,43,0,18,20,80,32,103,75,0,0,1,4,267,5,12,36,358,146,328,267,358
RICHLANDDUTCH FORK 3,117,1,55,1,49,48,132,45,181,143,0,0,3,2,300,7,26,46,742,174,598,300,742
RICHLANDDUTCH FORK 4,137,0,71,1,48,53,107,43,148,107,0,0,1,6,306,5,20,36,555,209,506,306,555
RICHLANDEAST FOREST ACRES,65,0,53,0,65,27,55,44,142,59,0,0,1,1,196,8,8,38,345,118,392,196,345
RICHLANDEASTOVER,397,0,41,3,2,2,6,2,7,9,0,0,1,3,539,2,1,5,40,441,28,539,40
RICHLANDEDGEWOOD,367,0,41,2,1,0,2,1,5,2,0,0,0,3,719,2,4,3,14,410,11,719,14
RICHLANDEMERGENCY,1,0,0,0,0,0,1,0,1,1,0,0,0,0,0,0,0,0,1,1,3,0,1
RICHLANDESTATES,258,2,78,5,35,37,98,40,127,78,0,0,1,1,521,13,19,38,422,343,415,521,422
RICHLANDFAILSAFE,103,0,38,0,4,4,10,1,16,7,0,0,0,1,159,8,1,2,33,141,42,159,33
RICHLANDFAILSAFE PROVISIONAL,0,0,0,0,0,0,0,0,0,0,0,0,0,0,198,6,6,4,72,0,0,198,72
RICHLANDFAIRLAWN,543,2,109,5,12,20,62,19,35,54,0,0,4,5,884,13,9,19,205,659,202,884,205
RICHLANDFAIRWOLD,246,0,27,1,1,1,1,0,1,2,0,0,0,1,358,1,0,0,8,274,6,358,8
RICHLANDFRIARSGATE 1,167,0,73,2,31,25,77,20,41,64,0,0,2,4,424,5,11,49,356,242,258,424,356
RICHLANDFRIARSGATE 2,135,1,59,0,36,33,53,9,77,69,0,0,0,3,329,7,16,35,342,195,277,329,342
RICHLANDGADSDEN,458,0,42,1,6,3,7,3,4,8,0,0,0,2,559,1,6,1,38,501,31,559,38
RICHLANDGARNERS,161,0,29,0,6,4,30,7,23,31,0,0,2,3,240,3,2,4,155,190,101,240,155
RICHLANDGREENVIEW,500,0,58,5,2,3,1,0,0,0,0,0,2,1,734,6,2,3,7,563,6,734,7
RICHLANDGREGG PARK,135,0,81,0,38,9,40,58,123,72,0,0,2,0,491,10,14,19,331,216,340,491,331
RICHLANDHAMPTON,132,1,141,0,29,16,49,24,54,60,0,0,2,3,494,22,15,42,238,274,232,494,238
RICHLANDHARBISON 1,236,1,96,1,21,23,47,20,49,45,0,0,2,6,619,13,16,49,294,334,205,619,294
RICHLANDHARBISON 2,170,0,73,0,12,22,49,22,41,61,0,0,0,1,353,18,9,19,226,243,207,353,226
RICHLANDHOPKINS 1,380,0,52,1,3,8,5,1,8,20,0,0,1,1,465,0,2,7,55,433,45,465,55
RICHLANDHOPKINS 2,447,0,56,2,3,7,18,2,13,22,0,0,0,4,465,5,5,5,79,505,65,465,79
RICHLANDHORRELL HILL,260,0,78,3,35,25,105,11,66,114,0,0,0,2,516,9,8,19,431,341,356,516,431
RICHLANDHUNTING CREEK,64,0,21,0,9,7,28,11,23,22,0,0,0,0,97,0,1,4,129,85,100,97,129
RICHLANDKEELS 1,289,0,71,0,13,5,16,13,25,29,0,0,1,1,560,4,3,11,81,360,101,560,81
RICHLANDKEELS 2,206,0,53,0,5,7,2,2,5,7,0,0,0,0,478,5,1,12,52,259,28,478,52
RICHLANDKELLY MILL,186,1,49,0,24,26,76,18,80,90,0,0,0,2,470,3,8,23,398,236,314,470,398
RICHLANDKILLIAN,242,0,88,0,24,20,77,17,51,47,0,0,2,1,586,10,16,22,307,330,236,586,307
RICHLANDKINGSWOOD,564,0,102,2,19,15,46,4,33,28,0,0,2,1,1082,15,14,9,158,668,145,1082,158
RICHLANDLAKE CAROLINA,262,0,104,1,34,37,130,49,176,120,0,0,4,1,660,9,30,33,602,367,546,660,602
RICHLANDLINCOLNSHIRE,477,1,63,3,0,0,0,1,0,6,0,0,2,1,902,8,3,3,20,544,7,902,20
RICHLANDLONGCREEK,383,0,156,0,68,76,232,95,367,253,0,0,5,5,776,12,41,59,1053,539,1091,776,1053
RICHLANDLONGLEAF,314,0,90,1,7,13,22,2,16,20,0,0,0,0,692,7,5,8,101,405,80,692,101
RICHLANDLYKESLAND,344,0,90,3,22,17,61,15,51,58,0,0,4,0,526,9,8,18,245,437,224,526,245
RICHLANDMALLET HILL,315,0,125,1,48,18,55,42,119,103,0,0,3,2,732,7,14,23,327,441,385,732,327
RICHLANDMCENTIRE,155,0,28,0,15,6,30,8,30,49,0,0,0,1,193,3,2,10,157,183,138,193,157
RICHLANDMEADOWFIELD,125,0,76,2,64,26,83,45,142,117,0,0,4,5,342,3,16,31,403,203,477,342,403
RICHLANDMEADOWLAKE,553,0,66,1,0,1,8,4,2,7,0,0,0,5,794,5,4,3,17,620,22,794,17
RICHLANDMIDWAY,393,1,111,1,26,13,28,18,33,37,0,0,0,0,841,17,12,24,163,506,155,841,163
RICHLANDMILL CREEK,175,1,57,0,13,11,32,6,26,31,0,0,0,2,400,5,6,11,120,233,119,400,120
RICHLANDMONTICELLO,266,0,49,4,40,32,80,13,62,97,0,0,1,3,490,2,10,10,330,319,324,490,330
RICHLANDNORTH FOREST ACRES,106,1,78,1,27,18,33,38,64,62,0,0,1,8,336,11,14,25,269,186,242,336,269
RICHLANDNORTH SPRINGS 1,178,1,56,1,19,9,62,29,73,42,0,0,0,1,315,4,7,20,220,236,234,315,220
RICHLANDNORTH SPRINGS 2,362,0,98,1,69,21,101,48,183,105,0,0,2,4,635,10,22,44,448,461,527,635,448
RICHLANDNORTH SPRINGS 3,387,0,100,1,15,9,32,18,29,39,0,0,1,0,713,15,8,20,186,488,142,713,186
RICHLANDOAK POINTE 1,124,0,64,0,20,43,61,24,83,84,0,0,0,3,295,8,13,31,355,188,315,295,355
RICHLANDOAK POINTE 2,40,0,28,1,14,19,43,21,55,43,0,0,0,2,145,5,9,14,230,69,195,145,230
RICHLANDOAK POINTE 3,117,1,60,0,30,24,64,13,48,45,0,0,2,6,268,5,16,24,253,178,224,268,253
RICHLANDOAKWOOD,100,0,57,0,27,10,37,18,68,64,0,0,2,7,213,2,16,23,233,157,224,213,233
RICHLANDOLD FRIARSGATE,152,1,49,0,13,21,77,6,61,55,0,0,1,2,324,7,11,19,296,202,233,324,296
RICHLANDOLYMPIA,177,0,103,2,3,11,22,14,34,44,0,0,1,7,547,16,8,39,226,282,128,547,226
RICHLANDPARKRIDGE 1,77,1,43,1,26,16,43,13,38,45,0,0,0,3,203,7,12,15,181,122,181,203,181
RICHLANDPARKRIDGE 2,58,0,25,0,17,4,28,8,33,29,0,0,1,1,245,5,5,18,156,83,119,245,156
RICHLANDPARKWAY 1,414,0,119,1,18,23,48,19,40,36,0,0,3,5,840,12,13,19,197,534,184,840,197
RICHLANDPARKWAY 2,385,1,100,3,29,10,43,20,82,75,0,0,0,5,675,10,17,22,262,489,259,675,262
RICHLANDPARKWAY 3,427,1,81,2,7,3,20,4,24,19,0,0,0,4,667,8,8,10,84,511,77,667,84
RICHLANDPENNINGTON 1,36,0,15,0,50,17,45,60,148,73,0,0,1,0,139,3,12,21,457,51,393,139,457
RICHLANDPENNINGTON 2,145,0,85,0,52,28,80,31,107,87,0,0,0,2,293,10,23,35,320,230,385,293,320
RICHLANDPINE GROVE,305,1,69,2,11,6,11,3,10,20,0,0,2,1,623,7,1,7,78,377,61,623,78
RICHLANDPINE LAKES 1,218,1,46,0,2,1,11,2,10,3,0,0,2,2,385,6,1,10,37,265,29,385,37
RICHLANDPINE LAKES 2,311,0,74,1,3,1,13,4,7,17,0,0,1,1,496,7,3,7,54,386,45,496,54
RICHLANDPINEWOOD,345,0,66,0,14,5,27,10,27,37,0,0,1,4,568,11,8,14,107,411,120,568,107
RICHLANDPOLO ROAD,324,1,112,0,29,15,67,30,62,60,0,0,0,2,698,16,12,19,267,437,263,698,267
RICHLANDPONTIAC 1,214,0,88,0,42,32,95,44,136,81,0,0,2,1,543,7,6,20,446,302,430,543,446
RICHLANDPONTIAC 2,91,0,24,1,17,11,49,22,116,56,0,0,1,5,275,4,13,26,329,116,271,275,329
RICHLANDPROVISIONAL,60,0,34,0,2,3,7,4,16,13,0,0,0,0,72,2,0,2,32,94,45,72,32
RICHLANDRICE CREEK 1,337,0,67,2,9,10,30,5,22,27,0,0,0,4,589,6,7,13,126,406,103,589,126
RICHLANDRICE CREEK 2,474,1,122,3,18,27,48,12,58,61,0,0,0,2,782,20,13,19,247,600,224,782,247
RICHLANDRIDGE VIEW 1,221,1,79,0,27,22,58,23,72,66,0,0,1,0,642,11,18,16,227,301,268,642,227
RICHLANDRIDGE VIEW 2,403,1,123,2,30,21,58,15,67,68,0,0,2,5,810,13,13,33,287,529,259,810,287
RICHLANDRIDGEWOOD,158,1,23,1,0,1,0,0,0,1,0,0,1,1,311,3,1,2,10,183,2,311,10
RICHLANDRIVERSIDE,100,0,68,1,6,7,28,7,23,21,0,0,2,3,382,10,9,24,110,169,92,382,110
RICHLANDRIVERSPRINGS 1,54,0,43,3,23,33,104,26,101,96,0,0,0,1,161,9,20,27,382,100,383,161,382
RICHLANDRIVERSPRINGS 2,151,0,47,0,20,32,84,14,94,62,0,0,1,3,353,3,10,22,360,198,306,353,360
RICHLANDRIVERSPRINGS 3,116,1,41,0,54,18,70,58,152,106,0,0,1,2,258,5,8,23,375,158,458,258,375
RICHLANDRIVERWALK,367,0,148,1,52,44,110,57,124,107,0,0,1,4,733,15,16,38,455,516,494,733,455
RICHLANDROUND TOP,116,0,30,0,13,1,19,6,25,36,0,0,0,1,238,6,2,4,121,146,100,238,121
RICHLANDSANDLAPPER,416,0,113,2,18,22,53,14,70,36,0,0,0,6,884,4,13,25,242,531,213,884,242
RICHLANDSATCHELFORD,96,0,69,0,65,31,92,47,119,72,0,0,2,0,270,7,18,32,425,165,426,270,425
RICHLANDSKYLAND,73,0,76,0,10,8,24,9,25,30,0,0,1,1,341,12,9,28,139,149,106,341,139
RICHLANDSOUTH BELTLINE,125,0,62,0,19,13,17,24,39,37,0,0,2,1,399,10,6,17,148,187,149,399,148
RICHLANDSOUTH FOREST ACRES,108,0,92,0,85,25,77,71,160,76,0,0,0,0,321,5,13,32,414,200,494,321,414
RICHLANDSPRING HILL,37,0,31,0,66,71,201,48,172,221,0,0,0,2,194,3,20,28,876,68,779,194,876
RICHLANDSPRING VALLEY,310,1,126,1,69,25,122,68,158,96,0,0,1,3,604,17,25,26,457,438,538,604,457
RICHLANDSPRING VALLEY WEST,451,0,125,0,21,23,63,15,53,55,0,0,1,3,832,15,14,28,234,576,230,832,234
RICHLANDSPRINGVILLE 1,52,0,41,1,44,52,148,58,199,184,0,0,1,5,210,4,24,35,706,94,685,210,706
RICHLANDSPRINGVILLE 2,46,1,17,0,52,54,128,63,210,159,0,0,2,1,147,5,27,43,628,64,666,147,628
RICHLANDST. ANDREWS,177,0,50,2,20,10,19,16,18,30,0,0,2,1,410,1,7,14,132,229,113,410,132
RICHLANDTRENHOLM ROAD,70,1,58,0,45,13,66,47,108,61,0,0,2,1,220,6,9,16,313,129,340,220,313
RICHLANDTRINITY,153,1,50,2,14,11,41,9,22,57,0,0,0,0,348,4,6,6,194,206,154,348,194
RICHLANDVALHALLA,211,0,97,0,71,22,93,39,133,107,0,0,1,7,529,5,23,35,476,308,465,529,476
RICHLANDVALLEY STATE PARK,453,0,132,3,7,14,30,13,39,29,0,0,0,6,989,10,8,16,171,588,132,989,171
RICHLANDWALDEN,123,0,47,0,8,4,4,2,2,3,0,0,1,1,364,4,2,14,57,170,23,364,57
RICHLANDWARD 1,100,0,114,0,14,4,15,37,50,41,0,0,0,2,317,6,10,33,153,214,161,317,153
RICHLANDWARD 10,179,0,146,0,45,10,20,61,99,48,0,0,1,1,445,10,21,29,232,325,283,445,232
RICHLANDWARD 11,114,0,120,1,27,5,21,13,33,33,0,0,1,2,411,16,13,30,154,235,132,411,154
RICHLANDWARD 12,189,0,136,0,40,4,18,66,93,64,0,0,4,2,461,10,22,34,233,325,285,461,233
RICHLANDWARD 13,183,0,248,0,44,13,56,61,118,73,0,0,1,5,672,13,23,50,322,431,365,672,322
RICHLANDWARD 14,181,1,162,0,48,10,43,72,106,56,0,0,3,1,509,10,21,40,286,344,335,509,286
RICHLANDWARD 15,108,0,79,1,42,12,21,56,90,46,0,0,0,1,285,7,22,35,243,188,267,285,243
RICHLANDWARD 16,89,2,48,0,65,12,43,95,173,63,0,0,1,0,297,5,13,25,376,139,451,297,376
RICHLANDWARD 17,134,0,114,0,73,15,50,82,131,98,0,0,6,3,383,6,22,30,392,248,449,383,392
RICHLANDWARD 18,220,0,57,0,11,3,8,2,17,16,0,0,0,1,501,8,3,9,75,277,57,501,75
RICHLANDWARD 19,284,0,34,1,1,0,2,0,0,2,0,0,0,3,543,2,2,2,7,319,5,543,7
RICHLANDWARD 2,104,0,53,0,5,1,1,8,7,15,0,0,0,0,254,3,5,3,57,157,37,254,57
RICHLANDWARD 20,274,1,176,1,6,22,23,16,32,29,0,0,0,0,683,17,31,17,142,452,128,683,142
RICHLANDWARD 21,330,0,66,3,1,0,6,0,5,5,0,0,2,2,678,5,0,7,20,399,17,678,20
RICHLANDWARD 22,340,0,42,2,0,2,3,7,7,5,0,0,1,3,667,4,3,7,24,384,24,667,24
RICHLANDWARD 23,123,1,94,0,24,8,11,38,57,35,0,0,0,4,338,13,15,15,158,218,173,338,158
RICHLANDWARD 24,60,0,41,1,56,12,31,60,135,56,0,0,1,2,218,8,16,27,296,102,350,218,296
RICHLANDWARD 25,77,0,66,0,97,27,74,95,224,84,0,0,1,3,279,5,22,40,565,143,601,279,565
RICHLANDWARD 26,103,0,88,1,22,13,44,21,42,44,0,0,0,1,427,13,12,38,213,192,186,427,213
RICHLANDWARD 29,287,0,66,3,5,5,6,2,4,7,0,0,1,6,547,7,5,7,31,356,29,547,31
RICHLANDWARD 3,162,0,140,2,24,12,23,35,61,33,0,0,3,3,518,7,30,39,202,304,188,518,202
RICHLANDWARD 30,70,0,54,0,16,4,13,23,35,32,0,0,0,2,271,3,9,27,123,124,123,271,123
RICHLANDWARD 31,195,1,27,2,3,3,3,4,9,2,0,0,0,0,393,2,4,4,11,225,24,393,11
RICHLANDWARD 32,229,1,39,2,1,1,2,0,3,0,0,0,2,3,409,2,0,1,6,271,7,409,6
RICHLANDWARD 33,143,0,79,1,8,6,8,14,21,15,0,0,0,4,350,9,8,20,80,223,72,350,80
RICHLANDWARD 34,136,0,84,0,18,10,35,29,49,58,0,0,3,0,306,8,8,22,208,220,199,306,208
RICHLANDWARD 4,171,0,154,2,22,19,32,35,53,43,0,0,2,0,458,13,21,43,176,327,204,458,176
RICHLANDWARD 5,48,0,77,0,16,5,16,26,42,26,0,0,0,0,246,8,5,30,172,125,131,246,172
RICHLANDWARD 6,155,0,112,0,32,33,47,35,63,67,0,0,0,2,375,8,25,30,263,267,277,375,263
RICHLANDWARD 7,248,0,35,2,0,1,0,1,0,1,0,0,0,0,459,2,3,3,5,285,3,459,5
RICHLANDWARD 8,77,0,46,3,0,1,1,0,0,1,0,0,0,1,395,6,1,1,7,126,3,395,7
RICHLANDWARD 9,252,0,43,2,1,0,1,3,1,3,0,0,0,0,395,5,1,7,14,297,9,395,14
RICHLANDWEBBER,209,1,30,1,12,6,34,6,22,35,0,0,0,2,339,6,10,10,153,241,115,339,153
RICHLANDWESTMINSTER,174,0,91,0,24,5,23,7,35,36,0,0,2,5,577,7,13,16,117,265,130,577,117
RICHLANDWHITEWELL,181,0,75,1,4,3,14,3,7,13,0,0,0,1,671,13,8,13,79,257,44,671,79
RICHLANDWILDEWOOD,262,1,96,0,96,34,141,93,210,167,0,0,1,4,504,15,23,38,532,359,741,504,532
RICHLANDWOODFIELD,367,0,100,1,29,8,48,4,37,81,0,0,1,1,770,11,10,19,266,468,207,770,266
RICHLANDWOODLANDS,152,0,92,0,113,32,134,99,295,150,0,0,3,0,434,6,37,51,625,244,823,434,625
SALUDACENTENNIAL,15,0,7,0,21,14,36,3,28,30,0,0,1,2,57,3,1,7,229,22,132,57,229
SALUDACLYDE,0,0,3,0,10,7,26,2,14,38,0,0,0,1,18,1,5,1,148,3,97,18,148
SALUDADELMAR,8,0,3,0,16,14,20,3,13,47,0,0,0,2,31,3,1,1,218,11,113,31,218
SALUDAEMERGENCY,1,0,0,0,0,0,0,0,0,0,0,0,0,0,4,0,0,0,1,1,0,4,1
SALUDAFAILSAFE,10,0,0,0,1,0,0,0,0,2,0,0,0,0,19,0,0,1,26,10,3,19,26
SALUDAFRUIT HILL,130,0,16,2,2,6,24,0,14,46,0,0,0,1,259,2,1,4,155,148,92,259,155
SALUDAHIGGINS-ZOAR,58,0,10,1,14,13,38,2,18,43,0,0,0,1,172,2,0,2,188,69,128,172,188
SALUDAHOLLY,12,0,13,0,37,26,78,22,52,164,0,0,1,0,67,3,4,10,512,25,379,67,512
SALUDAHOLLYWOOD,44,0,8,0,40,29,123,22,65,206,0,0,3,3,87,1,6,10,668,52,485,87,668
SALUDAHOLSTONS,71,0,8,0,36,17,41,12,42,93,0,0,2,1,209,2,0,10,348,79,241,209,348
SALUDAMAYSON,26,0,10,0,15,15,29,9,20,35,0,0,1,0,63,3,0,2,197,36,123,63,197
SALUDAMT. WILLING,11,0,3,0,3,5,6,6,6,27,0,0,0,0,32,0,0,2,116,14,53,32,116
SALUDAPLEASANT CROSS,37,0,4,0,5,1,9,0,13,20,0,0,0,0,61,0,0,0,72,41,48,61,72
SALUDAPLEASANT GROVE,24,0,10,0,22,30,65,15,42,111,0,0,0,1,57,3,6,4,380,34,285,57,380
SALUDARICHLAND,25,0,5,0,21,23,54,2,31,46,0,0,1,0,74,1,1,5,311,30,177,74,311
SALUDARIDGE SPRING - MONETTA,116,1,15,1,21,15,38,4,43,48,0,0,0,2,256,3,2,5,219,133,169,256,219
SALUDASALUDA NO. 1,217,0,34,0,15,14,30,14,12,60,0,0,0,0,444,5,2,8,218,251,145,444,218
SALUDASALUDA NO. 2,73,0,22,1,46,33,64,17,61,83,0,0,1,1,243,3,3,12,355,96,304,243,355
SALUDASARDIS,6,0,6,0,20,16,50,5,22,60,0,0,0,0,32,3,4,1,327,12,173,32,327
SALUDAWARD,34,0,2,0,8,4,18,4,18,22,0,0,1,0,126,0,3,0,130,36,74,126,130
SPARTANBURGABNER CREEK BAPTIST,19,0,23,0,13,26,127,15,54,138,0,0,1,1,128,10,8,11,647,42,373,128,647
SPARTANBURGANDERSON MILL ELEMENTARY,208,0,112,0,65,99,231,68,347,263,0,0,2,14,704,16,31,60,1096,320,1073,704,1096
SPARTANBURGARCADIA ELEMENTARY,50,0,30,0,5,10,18,4,30,49,0,0,2,1,217,7,6,8,204,80,116,217,204
SPARTANBURGBEAUMONT METHODIST,31,0,25,0,4,9,22,4,18,41,0,0,0,1,135,0,3,8,163,56,98,135,163
SPARTANBURGBEECH SPRINGS INTERMEDIATE,67,0,27,0,28,57,119,26,84,143,0,0,1,3,298,10,20,30,720,94,457,298,720
SPARTANBURGBEN AVON METHODIST,45,1,38,0,59,28,70,49,170,101,0,0,0,2,195,5,10,28,445,84,477,195,445
SPARTANBURGBETHANY BAPTIST,141,0,42,0,7,10,24,7,39,57,0,0,2,1,394,7,3,12,218,183,144,394,218
SPARTANBURGBETHANY WESLEYAN,81,0,54,0,28,75,180,42,186,273,0,0,0,6,343,8,18,24,1112,135,784,343,1112
SPARTANBURGBOILING SPRINGS 9TH GRADE,135,0,75,0,40,60,244,30,224,255,0,0,6,3,500,17,22,59,1235,210,853,500,1235
SPARTANBURGBOILING SPRINGS ELEMENTARY,106,0,73,0,24,65,230,31,191,281,0,0,0,5,428,8,13,41,1111,179,822,428,1111
SPARTANBURGBOILING SPRINGS HIGH SCHOOL,38,0,24,0,9,39,99,11,82,88,0,0,0,4,141,4,14,12,484,62,328,141,484
SPARTANBURGBOILING SPRINGS INTERMEDIATE,133,1,71,1,32,62,189,27,149,237,0,0,4,6,428,3,13,27,874,206,696,428,874
SPARTANBURGBOLING SPRINGS JR. HIGH,19,0,22,0,19,48,114,16,98,109,0,0,1,1,88,1,16,16,426,41,404,88,426
SPARTANBURGC.C. WOODSON RECREATION,260,0,27,1,0,0,0,0,4,3,0,0,0,1,572,3,1,2,20,288,7,572,20
SPARTANBURGCANAAN,47,0,21,0,7,12,52,7,55,89,0,0,1,1,167,5,3,12,389,68,222,167,389
SPARTANBURGCANNONS ELEMENTARY,66,0,17,0,19,22,58,19,61,75,0,0,0,1,166,2,3,8,347,83,254,166,347
SPARTANBURGCARLISLE FOSTERS GROVE,40,1,20,0,30,64,173,20,130,200,0,0,1,2,152,4,12,18,856,61,617,152,856
SPARTANBURGCAVINS HOBBYSVILLE,20,1,28,0,7,21,81,15,52,104,0,0,2,1,86,1,2,4,468,49,280,86,468
SPARTANBURGCEDAR GROVE BAPTIST,185,0,26,0,3,3,14,0,12,16,0,0,0,1,506,3,5,6,95,211,48,506,95
SPARTANBURGCHAPMAN ELEMENTARY,67,0,38,0,18,37,108,18,75,109,0,0,2,5,263,10,11,21,484,105,365,263,484
SPARTANBURGCHAPMAN HIGH SCHOOL,121,0,50,0,38,72,149,26,146,198,0,0,0,0,400,9,9,35,940,171,629,400,940
SPARTANBURGCHEROKEE SPRINGS FIRE STATION,40,0,22,0,24,28,102,13,78,126,0,0,1,1,159,6,8,18,583,62,371,159,583
SPARTANBURGCHESNEE ELEMENTARY,109,0,33,0,16,49,136,18,92,235,0,0,4,8,341,6,15,26,1046,142,546,341,1046
SPARTANBURGCLEVELAND ELEMENTARY,160,0,11,0,2,8,5,4,7,12,0,0,1,2,486,2,2,4,74,171,38,486,74
SPARTANBURGCLIFDALE ELEMENTARY,29,0,25,0,21,21,47,14,63,63,0,0,1,0,124,6,3,12,300,54,229,124,300
SPARTANBURGCONVERSE FIRE STATION,37,0,20,0,13,34,66,20,36,101,0,0,2,1,179,2,0,8,430,57,270,179,430
SPARTANBURGCOOLEY SPRINGS BAPTIST,87,0,39,1,20,32,130,15,95,237,0,0,2,2,252,13,10,19,931,127,529,252,931
SPARTANBURGCORNERSTONE BAPTIST,185,0,82,0,15,22,37,25,65,58,0,0,0,1,459,12,9,23,248,267,222,459,248
SPARTANBURGCOWPENS DEPOT MUSEUM,77,0,27,0,11,14,53,5,28,111,0,0,2,3,209,2,2,7,417,104,222,209,417
SPARTANBURGCOWPENS FIRE STATION,52,0,17,1,27,22,158,22,70,181,0,0,0,3,172,6,5,22,726,70,480,172,726
SPARTANBURGCROFT BAPTIST,101,0,37,0,14,12,32,13,41,86,0,0,2,1,328,3,5,11,270,138,198,328,270
SPARTANBURGCROSS ANCHOR FIRE STATION,41,1,15,0,10,19,43,6,29,71,0,0,0,1,94,0,5,6,357,57,178,94,357
SPARTANBURGCUDD MEMORIAL,96,0,49,1,13,8,38,10,31,82,0,0,1,1,317,3,5,22,304,146,182,317,304
SPARTANBURGDANIEL MORGAN TECHNOLOGY CENTER,77,1,34,0,59,37,57,43,116,126,0,0,0,3,173,9,10,20,383,112,438,173,383
SPARTANBURGDAYTON FIRE STATION,68,0,23,0,12,16,47,8,42,64,0,0,1,2,254,1,6,12,274,91,189,254,274
SPARTANBURGDUNCAN UNITED METHODIST,77,0,26,0,11,38,81,11,39,120,0,0,1,1,339,3,8,16,456,103,300,339,456
SPARTANBURGE.P. TODD ELEMENTARY,171,0,74,0,23,36,84,15,108,130,0,0,2,4,483,8,6,17,516,245,396,483,516
SPARTANBURGEASTSIDE BAPTIST,122,0,52,0,45,29,50,41,147,141,0,0,0,1,290,4,3,22,416,174,453,290,416
SPARTANBURGEBENEZER BAPTIST,156,0,20,0,0,0,4,1,0,2,0,0,0,0,355,5,2,2,11,176,7,355,11
SPARTANBURGEMERGENCY,0,0,0,0,0,0,0,0,0,0,0,0,0,0,16,0,0,0,43,0,0,16,43
SPARTANBURGENOREE FIRST BAPTIST,56,0,16,0,11,24,74,11,51,134,0,0,1,0,145,4,8,14,571,72,305,145,571
SPARTANBURGFAILSAFE,57,0,16,0,0,4,6,2,11,18,0,0,0,1,37,0,0,0,35,73,41,37,35
SPARTANBURGFAILSAFE PROVISIONAL,0,0,0,0,0,0,0,0,0,0,0,0,0,1,70,1,3,7,112,0,0,70,112
SPARTANBURGFAIRFOREST ELEMENTARY,90,0,69,0,24,58,236,39,139,210,0,0,1,4,291,9,11,17,922,159,706,291,922
SPARTANBURGFAIRFOREST MIDDLE SCHOOL,127,1,60,0,25,45,113,44,151,176,0,0,1,6,459,15,16,29,758,188,554,459,758
SPARTANBURGFRIENDSHIP BAPTIST,91,1,73,1,41,88,285,31,189,422,0,0,3,6,398,8,13,47,1632,166,1056,398,1632
SPARTANBURGGABLE MIDDLE SCHOOL,104,2,58,2,59,74,187,63,263,269,0,0,1,3,343,6,19,32,1087,166,915,343,1087
SPARTANBURGGLENDALE FIRE STATION,38,0,25,0,30,28,106,14,82,133,0,0,1,2,125,3,4,23,634,63,393,125,634
SPARTANBURGGRAMLING METHODIST,36,0,19,0,30,57,147,17,107,198,0,0,0,2,101,4,8,18,760,55,556,101,760
SPARTANBURGGREATER ST. JAMES,75,0,33,0,26,40,113,21,101,179,0,0,0,8,291,13,9,21,823,108,480,291,823
SPARTANBURGHAYNE BAPTIST,26,0,29,0,11,16,51,3,31,62,0,0,4,0,330,9,6,10,269,55,174,330,269
SPARTANBURGHENDRIX ELEMENTARY,189,0,88,2,25,89,187,28,129,221,0,0,3,7,666,30,24,38,908,279,679,666,908
SPARTANBURGHOLLY SPRINGS BAPTIST,34,0,58,0,42,76,297,13,132,316,0,0,0,5,198,9,12,43,1378,92,876,198,1378
SPARTANBURGHOLY COMMUNION,140,0,52,0,18,20,64,10,46,66,0,0,2,8,539,8,6,16,297,192,224,539,297
SPARTANBURGJESSE BOBO ELEMENTARY,214,0,50,0,17,11,34,6,21,51,0,0,0,3,598,6,9,18,189,264,140,598,189
SPARTANBURGJESSE BOYD ELEMENTARY,77,0,60,0,23,20,46,11,95,43,0,0,2,0,345,9,16,16,287,137,238,345,287
SPARTANBURGLAKE BOWEN BAPTIST,78,1,69,0,55,125,304,87,266,445,0,0,2,6,281,7,18,43,1682,148,1282,281,1682
SPARTANBURGLANDRUM HIGH SCHOOL,68,1,46,0,30,79,213,45,140,278,0,0,1,9,221,10,8,13,1054,115,785,221,1054
SPARTANBURGLANDRUM UNITED METHODIST,77,1,57,0,42,88,232,67,188,271,0,0,2,4,329,9,11,27,1150,135,888,329,1150
SPARTANBURGLYMAN TOWN HALL,138,1,84,0,50,89,258,36,208,323,0,0,1,4,453,10,21,34,1451,223,964,453,1451
SPARTANBURGMAYO ELEMENTARY,22,0,19,0,11,50,134,13,88,200,0,0,0,1,107,2,6,10,789,41,496,107,789
SPARTANBURGMORNINGSIDE BAPTIST,76,0,49,0,50,51,93,63,222,127,0,0,0,1,302,6,4,32,586,125,606,302,586
SPARTANBURGMOTLOW CREEK BAPTIST,23,0,13,1,10,37,112,23,60,133,0,0,0,1,87,5,9,10,540,37,375,87,540
SPARTANBURGMOUNTAIN VIEW BAPTIST,21,0,16,0,17,36,125,16,77,119,0,0,2,1,79,3,13,15,558,37,390,79,558
SPARTANBURGMT. CALVARY PRESBYTERIAN,47,0,29,0,43,88,259,32,189,312,0,0,2,12,167,4,17,20,1279,76,923,167,1279
SPARTANBURGMT. MORIAH BAPTIST,192,1,32,2,5,4,3,5,9,17,0,0,0,0,460,5,0,8,70,227,43,460,70
SPARTANBURGMT. ZION GOSPEL BAPTIST,77,0,17,0,6,5,24,4,18,34,0,0,0,0,212,5,2,4,158,94,91,212,158
SPARTANBURGOAKLAND ELEMENTARY,25,0,48,0,32,53,177,17,118,238,0,0,3,6,163,6,11,29,861,73,635,163,861
SPARTANBURGPACOLET ELEMENTARY,116,0,33,0,31,47,107,16,109,185,0,0,3,4,327,6,10,8,860,149,495,327,860
SPARTANBURGPARK HILLS ELEMENTARY,267,1,47,1,5,11,14,3,21,28,0,0,1,3,613,5,4,13,125,316,82,613,125
SPARTANBURGPAULINE GLENN SPRINGS ELEMENTARY,19,0,20,0,17,22,90,14,71,123,0,0,2,2,92,2,3,5,528,39,337,92,528
SPARTANBURGPELHAM FIRE STATION,60,0,65,0,21,70,152,32,101,129,0,0,1,1,321,13,25,47,696,125,505,321,696
SPARTANBURGPOPLAR SPRINGS FIRE STATION,97,0,51,0,37,70,197,52,233,210,0,0,2,5,321,7,12,24,932,148,799,321,932
SPARTANBURGPOWELL SAXON UNA,167,1,29,0,5,10,25,3,15,46,0,0,1,4,502,6,5,9,200,197,104,502,200
SPARTANBURGR.D. ANDERSON VOCATIONAL,46,0,25,0,27,48,155,19,160,208,0,0,1,3,133,7,8,25,782,71,617,133,782
SPARTANBURGREBIRTH MISSIONARY BAPTIST,113,0,69,1,35,96,252,46,176,310,0,0,3,11,394,8,27,72,1267,183,915,394,1267
SPARTANBURGREIDVILLE ELEMENTARY,98,2,76,0,60,100,321,63,234,319,0,0,2,8,362,9,16,46,1250,176,1097,362,1250
SPARTANBURGREIDVILLE FIRE STATION,185,0,110,0,72,110,315,55,270,335,0,0,2,6,431,11,17,49,1158,295,1157,431,1158
SPARTANBURGROEBUCK BETHLEHEM,93,0,30,0,25,16,52,16,85,81,0,0,2,2,290,5,6,12,355,123,275,290,355
SPARTANBURGROEBUCK ELEMENTARY,199,0,60,1,25,35,107,27,114,176,0,0,1,2,579,7,9,20,643,260,484,579,643
SPARTANBURGSOUTHSIDE BAPTIST,147,0,56,1,5,7,13,3,15,25,0,0,1,0,392,5,7,10,77,204,68,392,77
SPARTANBURGSPARTANBURG HIGH SCHOOL,127,0,98,0,79,45,86,59,238,124,0,0,0,4,458,12,21,40,558,225,631,458,558
SPARTANBURGST. JOHN'S LUTHERAN,58,0,41,0,73,32,59,69,213,97,0,0,0,0,230,4,13,34,409,99,543,230,409
SPARTANBURGSTARTEX FIRE STATION,78,0,20,0,8,5,24,3,19,61,0,0,0,2,226,6,4,5,246,98,120,226,246
SPARTANBURGSWOFFORD CAREER CENTER,68,0,67,0,38,86,250,32,157,337,0,0,1,5,235,12,9,31,1219,135,900,235,1219
SPARTANBURGTRAVELERS REST BAPTIST,195,0,69,0,21,83,178,26,143,155,0,0,2,10,608,12,21,40,798,264,606,608,798
SPARTANBURGTRINITY METHODIST,88,0,91,0,70,34,47,78,186,118,0,0,0,3,320,9,18,45,467,179,533,320,467
SPARTANBURGVICTOR MILL METHODIST,87,0,60,0,14,21,103,6,52,133,0,0,2,3,337,9,11,34,551,147,329,337,551
SPARTANBURGWELLFORD FIRE STATION,183,0,45,0,23,34,106,15,68,182,0,0,5,3,451,10,11,22,645,228,428,451,645
SPARTANBURGWEST VIEW ELEMENTARY,165,0,99,0,94,83,228,103,377,305,0,0,3,7,645,13,25,64,1283,264,1190,645,1283
SPARTANBURGWHITE STONE METHODIST,59,0,13,0,9,12,56,7,35,69,0,0,1,0,179,3,4,6,293,72,188,179,293
SPARTANBURGWHITLOCK JR. HIGH,55,0,31,0,24,24,83,19,62,109,0,0,1,3,218,8,4,17,482,86,321,218,482
SPARTANBURGWOODLAND HEIGHTS RECREATION CENTER,152,0,64,0,41,38,69,19,83,84,0,0,3,1,476,15,15,18,355,216,334,476,355
SPARTANBURGWOODRUFF ELEMENTARY,180,0,38,0,15,37,107,19,80,210,0,0,5,3,375,11,4,23,725,218,468,375,725
SPARTANBURGWOODRUFF FIRE STATION,37,0,14,1,17,39,89,9,56,188,0,0,1,2,112,1,6,18,581,52,398,112,581
SPARTANBURGWOODRUFF LEISURE CENTER,40,1,9,0,15,11,69,9,47,97,0,0,3,1,147,3,6,7,435,50,248,147,435
SUMTERBATES,168,0,17,0,1,1,0,0,0,1,0,0,0,0,294,2,1,0,7,185,3,294,7
SUMTERBIRNIE,221,0,15,0,0,2,0,1,6,0,0,0,2,1,393,5,2,1,18,236,9,393,18
SUMTERBUNRS-DOWNS,64,0,17,0,32,14,57,12,46,73,0,0,0,1,132,1,6,8,277,81,234,132,277
SUMTERCAUSEWAY BRANCH 1,96,1,29,1,33,29,74,15,65,101,0,0,0,0,195,5,18,15,396,127,317,195,396
SUMTERCAUSEWAY BRANCH 2,76,0,15,1,24,17,56,12,48,58,0,0,0,0,127,1,4,10,237,92,215,127,237
SUMTERCHERRYVALE,66,0,9,0,11,2,14,6,8,30,0,0,0,1,189,0,3,7,123,75,71,189,123
SUMTERCROSSWELL,173,0,34,0,10,8,22,1,19,40,0,0,0,1,448,1,2,4,127,207,100,448,127
SUMTERDALZELL 1,106,0,31,0,24,17,38,5,26,83,0,0,2,3,250,9,7,10,366,137,193,250,366
SUMTERDALZELL 2,71,0,16,0,10,13,35,7,22,53,0,0,1,3,212,0,1,13,255,87,140,212,255
SUMTERDELAINE,263,0,27,3,15,9,15,6,9,42,0,0,3,4,503,3,3,11,122,293,96,503,122
SUMTEREBENEZER 1,125,0,29,1,15,18,47,3,23,73,0,0,3,0,314,5,7,13,280,155,179,314,280
SUMTEREBENEZER 2,115,0,29,0,25,12,79,7,35,82,0,0,2,3,298,4,7,12,325,144,240,298,325
SUMTERFAILSAFE PROVISIONAL,12,0,2,0,0,0,0,0,0,0,0,0,0,0,21,0,0,3,14,14,0,21,14
SUMTERFOLSOM PARK,176,0,21,0,3,3,17,0,7,18,0,0,1,2,486,4,4,5,81,197,48,486,81
SUMTERFURMAN,58,0,29,0,18,30,74,3,57,135,0,0,2,3,142,6,5,12,571,87,317,142,571
SUMTERGREEN SWAMP,141,0,41,0,32,24,57,25,69,97,0,0,1,1,333,2,14,20,396,182,304,333,396
SUMTERGREEN SWAMP 2,31,0,23,0,41,27,54,21,105,83,0,0,1,0,76,2,7,8,324,54,331,76,324
SUMTERHAMPTON PARK,54,1,36,0,27,12,25,9,48,53,0,0,2,2,121,7,1,16,190,91,174,121,190
SUMTERHILLCREST,111,0,19,0,20,4,27,5,17,42,0,0,1,2,213,3,4,10,191,130,115,213,191
SUMTERHORATIO,127,0,11,0,2,6,9,5,3,12,0,0,0,0,197,1,0,2,40,138,37,197,40
SUMTERLEMIRA,182,0,21,1,6,2,8,1,4,26,0,0,0,1,453,3,3,9,81,204,47,453,81
SUMTERLORING,99,0,12,0,8,3,8,0,12,21,0,0,0,2,309,2,2,2,55,111,52,309,55
SUMTERMAGNOLIA-HARMONY,103,0,13,0,6,1,8,0,6,14,0,0,0,0,230,0,0,1,39,116,35,230,39
SUMTERMANCHESTER FOREST,137,0,28,1,22,22,58,3,49,98,0,0,2,0,311,2,5,7,379,166,252,311,379
SUMTERMAYESVILLE,119,0,9,1,7,5,16,0,15,16,0,0,0,0,265,0,3,1,62,129,59,265,62
SUMTERMAYEWOOD,148,2,8,2,32,23,63,7,34,91,0,0,2,1,261,3,2,8,391,160,250,261,391
SUMTERMCCRAYS MILL 1,103,1,28,0,32,28,74,6,44,103,0,0,0,0,241,1,7,8,425,132,287,241,425
SUMTERMCCRAYS MILL 2,153,0,36,1,40,31,94,10,78,108,0,0,0,0,251,4,3,14,476,190,361,251,476
SUMTERMILLWOOD,70,0,18,0,18,16,23,4,24,37,0,0,1,3,130,2,6,14,166,88,122,130,166
SUMTERMORRIS COLLEGE,159,0,24,2,10,3,4,1,2,11,0,0,1,1,376,0,0,5,32,185,31,376,32
SUMTERMULBERRY,127,0,14,1,9,7,25,3,4,22,0,0,0,1,279,2,0,9,110,142,70,279,110
SUMTEROAKLAND PLANTATION 1,93,0,20,0,45,13,57,15,49,62,0,0,1,0,224,5,6,11,301,113,241,224,301
SUMTEROAKLAND PLANTATION 2,67,1,24,0,12,14,52,12,41,71,0,0,0,0,163,4,0,10,277,92,202,163,277
SUMTEROSWEGO,123,1,15,0,38,22,92,8,43,95,0,0,2,1,185,3,3,3,355,139,298,185,355
SUMTERPALMETTO PARK,99,0,21,0,25,15,22,6,37,43,0,0,0,1,231,3,5,10,222,120,148,231,222
SUMTERPINEWOOD,188,0,22,0,18,14,57,6,39,99,0,0,0,0,404,1,8,6,419,210,233,404,419
SUMTERPOCOTALIGO 1,132,1,27,0,34,23,79,16,66,157,0,0,0,3,277,3,4,13,482,160,375,277,482
SUMTERPOCOTALIGO 2,96,0,13,0,18,8,24,3,26,65,0,0,2,0,278,1,1,9,263,109,144,278,263
SUMTERPRIVATEER,79,0,22,0,40,28,78,7,56,149,0,0,2,2,194,6,7,13,585,101,358,194,585
SUMTERREMBERT,394,3,28,2,6,7,23,3,18,35,0,0,2,2,696,2,2,5,130,427,92,696,130
SUMTERSALEM,106,0,12,1,5,0,6,1,4,10,0,0,1,1,184,0,1,2,38,119,26,184,38
SUMTERSALTERSTOWN,87,1,9,2,19,6,46,13,30,58,0,0,0,2,159,3,4,9,244,99,172,159,244
SUMTERSAVAGE-GLOVER,123,0,11,0,0,1,0,1,0,0,0,0,3,0,235,0,3,0,1,134,2,235,1
SUMTERSECOND MILL,43,0,29,0,87,35,107,32,147,132,0,0,3,1,127,9,12,20,596,72,540,127,596
SUMTERSHAW,2,0,3,0,0,3,2,1,4,4,0,0,0,0,36,0,3,4,69,5,14,36,69
SUMTERSOUTH LIBERTY,102,0,12,0,3,4,6,0,7,20,0,0,0,0,148,3,1,1,40,114,40,148,40
SUMTERSOUTH RED BAY,196,0,18,0,1,0,1,0,0,5,0,0,0,0,377,1,1,4,24,214,7,377,24
SUMTERSPECTRUM,160,1,24,1,5,9,20,2,20,36,0,0,0,1,275,1,1,8,141,186,92,275,141
SUMTERST. PAUL,170,0,30,0,14,11,25,10,43,83,0,0,2,0,394,2,7,14,286,200,186,394,286
SUMTERST.JOHN,204,0,17,1,18,7,46,2,25,76,0,0,2,1,394,2,6,5,274,222,174,394,274
SUMTERSTONE HILL,135,0,8,0,0,0,0,0,0,0,0,0,0,0,312,1,0,1,3,143,0,312,3
SUMTERSUMTER HIGH 1,61,0,10,0,11,5,18,2,38,41,0,0,0,1,101,4,8,3,182,71,115,101,182
SUMTERSUMTER HIGH 2,140,0,24,0,21,18,67,7,54,84,0,0,1,1,237,3,2,7,328,164,251,237,328
SUMTERSUNSET,158,4,31,0,30,26,47,7,51,95,0,0,2,0,280,4,6,20,361,193,256,280,361
SUMTERSWAN LAKE,91,1,17,0,36,24,72,31,72,71,0,0,0,1,175,5,6,19,320,109,306,175,320
SUMTERTHOMAS SUMTER,170,1,13,0,4,3,29,1,19,33,0,0,0,2,291,3,0,5,130,184,89,291,130
SUMTERTURKEY CREEK,120,0,23,0,23,16,31,5,24,65,0,0,2,0,271,1,2,2,281,143,164,271,281
SUMTERWILDER,221,0,17,1,1,1,4,0,3,16,0,0,0,0,343,2,0,0,32,239,25,343,32
SUMTERWILSON HALL,51,0,24,0,71,60,136,57,180,142,0,0,0,1,120,4,13,16,619,75,646,120,619
UNIONADAMSBURG,18,0,10,0,13,12,54,6,35,69,0,0,1,0,69,1,3,6,338,28,189,69,338
UNIONBLACK ROCK,68,0,12,0,5,4,17,0,5,24,0,0,1,1,145,0,1,2,97,80,55,145,97
UNIONBONHAM,79,0,17,0,19,13,51,2,58,64,0,0,0,1,165,1,4,9,331,96,207,165,331
UNIONBUFFALO BOX 1,22,0,8,0,15,7,41,4,31,102,0,0,1,2,111,5,6,4,382,30,200,111,382
UNIONCARLISLE,133,0,10,0,1,3,4,1,8,6,0,0,0,1,270,2,0,2,31,143,23,270,31
UNIONCROSS KEYS,70,0,15,0,11,21,54,3,29,89,0,0,0,1,152,1,2,3,347,85,207,152,347
UNIONEAST BUFFALO,39,0,11,0,1,2,12,2,7,9,0,0,0,1,120,3,1,1,51,50,33,120,51
UNIONEXCELSIOR,100,0,21,0,23,6,53,9,69,116,0,0,0,0,294,1,7,7,445,121,276,294,445
UNIONJONESVILLE BOX 1,52,0,11,0,16,9,65,12,48,115,0,0,0,3,143,3,3,4,471,63,265,143,471
UNIONJONESVILLE BOX 2,90,0,21,1,12,11,69,10,40,100,0,0,1,3,225,1,4,6,417,112,242,225,417
UNIONKELTON,86,1,15,0,12,9,54,5,27,83,0,0,1,0,190,4,7,3,380,102,190,190,380
UNIONLOCKHART,24,1,7,0,7,7,37,3,30,46,0,0,0,3,73,2,2,8,320,32,130,73,320
UNIONMONARCH BOX 1,43,0,20,1,15,13,61,6,52,75,0,0,0,5,132,5,4,18,469,64,222,132,469
UNIONMONARCH BOX 2,11,0,10,0,2,2,26,1,9,26,0,0,0,0,60,1,0,0,129,21,66,60,129
UNIONPUTMAN,14,0,8,0,16,21,50,8,38,80,0,0,0,0,63,0,2,7,366,22,213,63,366
UNIONSANTUCK,130,0,20,0,9,4,27,4,23,43,0,0,3,2,275,2,1,3,179,150,110,275,179
UNIONUNION WARD 1 BOX 1,58,0,11,0,11,6,30,7,32,48,0,0,0,0,146,1,2,3,191,69,134,146,191
UNIONUNION WARD 1 BOX 2,125,0,25,0,5,5,30,6,31,34,0,0,2,2,357,4,2,12,195,150,111,357,195
UNIONUNION WARD 2,123,0,22,0,14,7,21,5,49,45,0,0,1,1,302,1,1,3,157,145,141,302,157
UNIONUNION WARD 3,92,0,8,0,7,2,18,0,12,19,0,0,2,0,229,4,4,5,96,100,58,229,96
UNIONUNION WARD 4 BOX 1,39,0,14,0,20,6,30,7,44,68,0,0,1,0,124,0,2,4,250,53,175,124,250
UNIONUNION WARD 4 BOX 2,40,0,4,0,1,1,3,1,8,7,0,0,1,1,106,1,0,1,41,44,21,106,41
UNIONWEST SPRINGS,24,0,10,0,10,9,18,3,20,32,0,0,1,2,62,0,0,3,148,34,92,62,148
WILLIAMSBURGBLACK RIVER,49,0,6,0,2,3,11,1,9,22,0,0,0,0,97,0,1,1,82,55,48,97,82
WILLIAMSBURGBLOOMINGVALE,160,0,27,1,7,2,19,6,18,61,0,0,0,0,340,5,5,3,162,188,113,340,162
WILLIAMSBURGCADES,63,1,14,1,4,0,18,6,12,20,0,0,0,0,151,1,0,1,107,79,60,151,107
WILLIAMSBURGCEDAR SWAMP,44,0,5,0,4,2,30,0,5,27,0,0,0,3,81,1,2,1,91,49,68,81,91
WILLIAMSBURGCENTRAL,175,0,25,0,3,15,19,2,13,49,0,0,1,1,308,4,2,1,177,200,101,308,177
WILLIAMSBURGEARLES,26,1,5,0,7,7,32,3,20,61,0,0,0,1,78,1,2,2,273,32,130,78,273
WILLIAMSBURGEMERGENCY,0,0,0,0,0,0,0,0,0,0,0,0,0,0,54,0,0,0,9,0,0,54,9
WILLIAMSBURGFAILSAFE,0,0,0,0,0,0,0,0,0,0,0,0,0,0,1,0,0,0,0,0,0,1,0
WILLIAMSBURGFAILSAFE PROVISIONAL,0,0,0,0,0,0,0,0,0,0,0,0,0,0,4,0,0,0,1,0,0,4,1
WILLIAMSBURGGREELEYVILLE,332,0,29,0,14,4,7,2,17,34,0,0,3,0,546,3,1,2,147,361,78,546,147
WILLIAMSBURGHARMONY,20,0,4,0,9,7,19,4,10,35,0,0,0,1,54,1,0,0,145,24,84,54,145
WILLIAMSBURGHEBRON,20,0,2,0,13,12,55,1,21,57,0,0,1,0,41,0,0,5,266,22,159,41,266
WILLIAMSBURGHEMINGWAY,286,0,31,0,7,8,31,6,27,94,0,0,0,0,505,3,1,4,309,317,173,505,309
WILLIAMSBURGHENRY-POPLAR HILL,80,0,17,0,7,3,27,1,22,52,0,0,0,2,157,2,1,0,183,97,112,157,183
WILLIAMSBURGINDIANTOWN,336,0,17,0,2,3,18,1,16,38,0,0,0,1,599,0,5,1,122,353,78,599,122
WILLIAMSBURGKINGSTREE NO.1,281,1,39,4,64,39,105,20,134,174,0,0,2,0,641,3,8,16,725,325,536,641,725
WILLIAMSBURGKINGSTREE NO.2,121,0,32,1,0,1,1,0,0,2,0,0,0,1,327,3,1,3,11,154,4,327,11
WILLIAMSBURGKINGSTREE NO.3,378,0,44,2,1,1,8,0,8,14,0,0,0,2,780,2,2,1,62,424,32,780,62
WILLIAMSBURGKINGSTREE NO.4,188,1,27,2,8,1,18,1,21,21,0,0,2,3,432,2,0,5,116,218,70,432,116
WILLIAMSBURGLANE,262,0,22,0,1,3,1,0,7,15,0,0,2,0,434,0,1,0,45,284,27,434,45
WILLIAMSBURGMORRISVILLE,59,0,12,3,0,0,1,0,0,0,0,0,1,0,132,0,0,0,6,74,1,132,6
WILLIAMSBURGMOUNT VERNON,66,0,12,1,7,6,16,0,5,30,0,0,0,2,145,1,2,1,84,79,64,145,84
WILLIAMSBURGMUDDY CREEK,78,1,14,1,12,10,45,4,34,89,0,0,3,3,145,2,2,3,338,94,194,145,338
WILLIAMSBURGNESMITH,150,0,23,1,0,2,8,0,4,9,0,0,0,1,286,2,1,3,41,174,23,286,41
WILLIAMSBURGPERGAMOS,27,0,5,0,4,3,11,0,8,28,0,0,0,0,52,0,1,1,84,32,54,52,84
WILLIAMSBURGPINEY FOREST,0,0,2,0,1,3,14,1,21,77,0,0,1,0,7,0,2,1,228,2,117,7,228
WILLIAMSBURGSALTERS,257,1,27,1,7,1,10,1,9,24,0,0,1,0,476,1,6,4,83,286,52,476,83
WILLIAMSBURGSANDY BAY,28,0,4,0,10,7,11,6,15,43,0,0,0,0,53,1,0,0,162,32,92,53,162
WILLIAMSBURGSINGLETARY,68,0,8,1,0,1,4,1,7,5,0,0,0,1,113,0,0,2,28,77,18,113,28
WILLIAMSBURGSUTTONS,22,0,0,1,6,1,14,2,6,33,0,0,0,0,50,1,0,1,104,23,62,50,104
WILLIAMSBURGTRIO,200,1,31,3,2,1,2,0,12,15,0,0,0,0,362,0,1,1,53,235,32,362,53
YORKADNAH,36,0,14,0,12,18,75,10,41,103,1,0,0,2,115,2,3,16,322,50,259,115,322
YORKAIRPORT,76,0,55,0,23,40,101,29,80,134,2,0,0,2,286,5,16,16,520,131,407,286,520
YORKALLISON CREEK,92,0,77,1,43,90,181,44,131,218,1,0,0,6,360,7,14,58,1048,170,707,360,1048
YORKANDERSON ROAD,140,0,102,1,17,45,91,13,101,130,1,0,0,1,800,15,26,56,669,243,397,800,669
YORKBAXTER,40,1,49,0,12,24,51,49,115,89,0,0,0,1,257,6,10,46,385,90,340,257,385
YORKBETHANY,39,0,28,0,17,66,168,8,55,224,5,0,0,1,142,7,9,26,910,67,538,142,910
YORKBETHEL,46,1,30,0,12,29,73,27,94,108,4,0,0,2,245,9,14,46,526,77,343,245,526
YORKBETHEL SCHOOL,77,0,41,1,25,45,155,28,92,213,1,0,0,3,272,8,18,33,874,119,558,272,874
YORKBOWLING GREEN,34,1,24,0,11,22,78,11,32,147,3,0,0,1,134,5,6,21,618,59,301,134,618
YORKBULLOCKS CREEK,8,0,4,0,7,22,34,3,14,36,0,0,0,1,40,0,1,5,200,12,116,40,200
YORKCANNON MILL,59,1,36,1,11,45,99,12,41,95,2,0,0,2,179,0,11,19,432,97,303,179,432
YORKCAROLINA,35,0,24,0,13,21,95,21,66,89,0,0,0,3,190,1,8,16,424,59,305,190,424
YORKCATAWBA,126,0,42,0,15,68,179,19,110,216,1,0,0,4,299,5,11,24,915,168,607,299,915
YORKCLOVER,48,0,25,0,19,56,106,29,50,113,1,0,0,2,165,10,2,17,560,73,373,165,560
YORKCOTTON BELT,38,0,32,0,17,40,108,15,78,164,1,0,0,2,151,6,6,22,676,70,422,151,676
YORKDELPHIA,50,0,21,0,5,43,105,13,41,148,4,0,0,5,173,1,5,20,708,71,355,173,708
YORKDOBYS BRIDGE,64,0,60,0,30,70,137,67,146,185,2,0,0,4,356,11,20,59,849,124,635,356,849
YORKEBENEZER,67,0,30,0,32,43,121,36,117,97,0,0,0,2,166,1,17,23,452,97,446,166,452
YORKEBINPORT,150,0,119,0,54,60,127,37,189,197,3,0,0,3,517,14,28,54,766,269,664,517,766
YORKEDGEWOOD,370,1,100,1,2,14,22,4,24,26,1,0,0,5,835,3,10,10,125,472,92,835,125
YORKFAIRGROUNDS,199,0,67,0,4,4,13,1,10,30,0,0,0,0,595,5,2,9,103,266,62,595,103
YORKFERRY BRANCH,16,0,22,0,12,20,56,9,31,99,0,0,0,0,118,4,9,7,382,38,227,118,382
YORKFEWELL PARK,80,0,45,0,40,28,79,33,110,53,5,0,0,1,191,7,16,20,339,125,343,191,339
YORKFILBERT,26,1,25,0,20,38,131,7,33,143,0,0,0,1,132,4,14,20,660,52,372,132,660
YORKFORT MILL NO. 1,100,0,89,1,25,105,158,63,141,192,6,0,0,3,494,20,16,69,976,190,684,494,976
YORKFORT MILL NO. 2,69,0,68,0,45,100,165,68,198,170,3,0,0,8,465,11,25,67,1140,137,746,465,1140
YORKFORT MILL NO. 3,73,0,60,0,26,58,83,27,88,117,3,0,0,3,445,9,19,51,576,133,399,445,576
YORKFORT MILL NO. 4,108,0,39,3,10,32,78,21,54,64,1,0,0,4,401,5,7,22,403,150,259,401,403
YORKFORT MILL NO. 5,46,0,52,0,14,46,119,20,79,156,1,0,0,4,367,3,8,50,668,98,434,367,668
YORKFORT MILL NO. 6,57,0,62,0,27,40,122,55,123,108,0,0,0,1,329,6,31,64,590,119,475,329,590
YORKFRIENDSHIP,29,0,18,0,6,22,45,6,24,44,1,0,0,0,117,1,8,10,287,47,147,117,287
YORKGOLD HILL,68,1,61,0,31,58,112,68,119,133,1,0,0,5,418,7,11,54,757,130,521,418,757
YORKHAMPTON MILL,42,2,29,0,11,39,59,7,31,106,1,0,0,5,148,2,6,19,505,73,253,148,505
YORKHARVEST,48,0,28,0,11,33,69,11,54,73,1,0,0,3,195,4,13,23,392,76,251,195,392
YORKHICKORY GROVE,43,0,8,0,11,19,67,6,19,126,0,0,0,0,129,1,8,9,434,51,248,129,434
YORKHIGHLAND PARK,110,0,37,1,10,17,45,2,15,57,2,0,0,6,315,3,5,14,236,148,146,315,236
YORKHOLLIS LAKES,104,0,70,0,24,47,86,22,79,106,0,0,0,5,411,9,18,39,493,174,364,411,493
YORKHOPEWELL,37,1,22,0,11,31,53,13,56,59,1,0,0,1,145,7,8,16,302,60,223,145,302
YORKINDEPENDENCE,32,0,11,0,8,25,67,8,40,82,0,0,0,0,89,5,6,10,365,43,230,89,365
YORKINDIA HOOK,65,0,64,0,25,27,109,33,123,98,2,0,0,2,294,3,16,40,527,129,415,294,527
YORKKANAWHA,69,0,40,0,14,39,68,38,112,127,1,0,0,0,285,1,14,47,528,109,398,285,528
YORKLAKESHORE,91,0,54,0,15,45,90,24,118,159,2,0,0,6,376,2,15,50,757,145,451,376,757
YORKLAKEWOOD,32,1,45,0,22,41,99,7,55,111,3,0,0,2,202,9,8,23,554,78,335,202,554
YORKLARNE,32,0,26,1,9,31,63,7,41,74,1,0,0,4,176,3,6,26,407,59,225,176,407
YORKLAUREL CREEK,55,0,38,0,62,30,90,52,136,127,0,0,0,3,189,2,9,14,517,93,497,189,517
YORKLESSLIE,40,1,37,0,31,39,131,7,75,149,2,0,0,2,120,5,9,21,608,78,432,120,608
YORKMANCHESTER,110,0,33,0,10,37,53,25,65,83,2,0,0,1,288,6,14,20,328,143,273,288,328
YORKMCCONNELLS,69,0,40,0,8,49,104,13,47,131,3,0,0,1,212,6,7,16,577,109,352,212,577
YORKMILL CREEK,41,0,22,0,17,35,80,8,39,82,2,0,0,1,146,4,5,18,455,63,261,146,455
YORKMT. GALLANT,85,0,33,0,50,42,113,45,145,151,0,0,0,3,214,5,10,25,609,118,546,214,609
YORKMT. HOLLY,205,1,97,0,25,65,139,25,111,179,2,0,0,2,604,4,19,42,687,303,544,604,687
YORKNATION FORD,87,1,55,0,17,64,148,24,108,167,2,0,0,2,470,9,21,50,837,143,528,470,837
YORKNEELYS CREEK,29,0,17,0,6,23,83,6,29,70,1,0,0,5,127,2,10,10,360,46,217,127,360
YORKNEW HOME,76,0,57,0,22,50,155,27,90,187,1,0,0,5,292,10,9,29,823,133,531,292,823
YORKNEWPORT,70,0,46,0,16,40,129,21,96,131,1,0,0,0,267,7,8,45,568,116,433,267,568
YORKNORTHSIDE,64,0,50,0,1,16,31,11,15,54,6,0,0,3,284,14,12,22,238,114,128,284,238
YORKNORTHWESTERN,106,0,53,0,54,107,153,86,202,162,2,0,0,2,277,5,17,48,742,159,764,277,742
YORKOAKRIDGE,109,0,60,0,17,49,169,25,96,218,2,0,0,7,337,5,4,21,878,169,574,337,878
YORKOAKWOOD,75,0,76,1,32,37,93,25,117,134,0,0,0,7,325,3,11,40,562,152,438,325,562
YORKOGDEN,187,1,61,1,17,32,96,14,51,111,0,0,0,2,496,4,12,23,547,250,321,496,547
YORKOLD POINTE,107,0,59,0,14,35,70,17,57,99,3,0,0,4,342,8,18,33,438,166,292,342,438
YORKORCHARD PARK,70,0,56,0,35,52,109,87,177,133,1,0,0,4,390,8,19,72,675,126,593,390,675
YORKPALMETTO,83,0,78,0,38,51,116,74,140,156,3,0,0,4,470,4,34,58,754,161,575,470,754
YORKPLEASANT ROAD,98,1,39,0,27,35,97,42,120,160,2,0,0,1,330,4,13,26,651,138,481,330,651
YORKPOLE BRANCH,48,0,33,0,21,37,76,42,98,131,1,0,0,6,257,5,8,44,631,81,405,257,631
YORKRIVER HILLS,94,2,57,0,46,38,104,127,209,240,0,0,0,2,353,2,9,39,802,153,764,353,802
YORKRIVER'S EDGE,60,0,44,0,32,52,98,36,103,150,0,0,0,0,237,9,16,38,689,104,471,237,689
YORKRIVERVIEW,43,1,46,0,6,37,72,14,49,94,1,0,0,3,242,7,12,34,452,90,272,242,452
YORKROCK CREEK,37,0,35,1,19,48,100,18,65,129,1,0,0,2,181,6,5,26,623,73,379,181,623
YORKROCK HILL NO. 2,247,0,64,2,0,0,3,1,0,1,0,0,0,0,522,5,1,4,11,313,5,522,11
YORKROCK HILL NO. 3,378,0,70,0,7,16,12,0,7,19,2,0,0,2,800,4,6,10,78,448,61,800,78
YORKROCK HILL NO. 4,151,0,107,1,16,39,55,15,58,98,1,0,0,2,459,13,12,27,335,259,281,459,335
YORKROCK HILL NO. 5,99,0,109,0,37,23,43,15,78,56,1,0,0,1,359,14,17,36,324,208,252,359,324
YORKROCK HILL NO. 6,155,0,58,0,7,8,10,1,5,22,3,0,0,2,450,7,3,12,118,213,53,450,118
YORKROCK HILL NO. 7,136,2,108,0,28,60,96,32,82,94,1,0,0,3,549,16,14,48,473,246,392,549,473
YORKROCK HILL NO. 8,158,0,49,1,1,4,2,1,0,13,0,0,0,0,389,3,3,8,41,208,21,389,41
YORKROOSEVELT,74,0,32,0,10,36,65,8,31,103,0,0,0,5,303,3,3,23,415,106,253,303,415
YORKROSEWOOD,163,0,124,0,23,54,107,33,109,143,2,0,0,6,759,15,20,66,712,287,469,759,712
YORKSHARON,74,0,23,1,12,28,72,10,32,125,2,0,0,0,202,3,4,17,502,98,279,202,502
YORKSHORELINE,76,1,79,0,50,49,89,58,156,176,2,0,0,6,456,9,13,49,746,156,578,456,746
YORKSIX MILE,47,0,26,1,8,36,75,11,54,125,2,0,0,2,115,6,11,15,515,74,309,115,515
YORKSMYRNA,8,0,4,0,2,20,49,2,15,75,1,0,0,0,45,4,3,6,323,12,163,45,323
YORKSPRINGDALE,71,0,39,0,7,24,41,11,30,51,0,0,0,4,327,8,17,26,249,110,164,327,249
YORKSPRINGFIELD,54,0,47,0,28,41,131,68,160,114,3,0,0,0,329,11,18,35,818,101,542,329,818
YORKSTATELINE,45,0,43,0,17,27,66,18,56,73,0,0,0,2,295,13,18,34,431,88,257,295,431
YORKSTEELE CREEK,75,0,62,0,37,48,131,57,195,185,1,0,0,2,490,9,25,56,805,137,653,490,805
YORKTEGA CAY,66,0,58,0,16,28,69,36,83,120,1,0,0,1,259,6,8,40,485,124,352,259,485
YORKTIRZAH,75,0,36,0,24,47,108,15,101,189,0,0,0,1,210,2,15,18,804,111,484,210,804
YORKTOOLS FORK,107,0,53,0,14,44,106,23,78,124,2,0,0,4,257,2,4,21,527,160,389,257,527
YORKUNIVERSITY,54,0,46,0,12,34,61,12,44,86,2,0,0,3,213,4,18,30,328,100,249,213,328
YORKWATERSTONE,61,0,54,0,12,49,92,37,95,90,2,0,0,4,419,11,16,44,602,115,375,419,602
YORKWINDJAMMER,79,1,87,0,30,39,113,46,138,150,2,0,0,5,382,8,12,41,699,167,516,382,699
YORKWYLIE,37,0,29,0,15,15,59,20,50,93,1,0,0,4,168,2,5,25,411,66,252,168,411
YORKYORK NO. 1,139,0,41,1,8,25,54,15,38,75,1,0,0,0,405,7,7,14,309,181,215,405,309
YORKYORK NO. 2,146,1,78,0,37,59,107,20,77,142,2,0,0,4,446,8,12,30,602,225,442,446,602
