precinct,pri_dem_CLINTON,pri_dem_O'MAILEY,pri_dem_SANDERS,pri_rep_BUSH,pri_rep_CARSON,pri_rep_CHRISTIE,pri_rep_CRUZ,pri_rep_FIORINA,pri_rep_GILMORE,pri_rep_GRAHAM,pri_rep_HUCKABEE,pri_rep_KASICH,pri_rep_PATAKI,pri_rep_PAUL,pri_rep_RUBIO,pri_rep_SANTORUM,pri_rep_TRUMP,gen_dem_CLINTON,gen_ind_CASTLE,gen_ind_FOX,gen_ind_FUENTE,gen_ind_HOEFLING,gen_ind_JOHNSON,gen_ind_KENNEDY,gen_ind_KOTLIKOFF,gen_ind_MCMULLIN,gen_ind_SCHOENKE,gen_ind_SMITH,gen_ind_STEIN,gen_rep_TRUMP,gen_unk_LIMBAUGH,dem_primary_total,rep_primary_total,dem_general_total,rep_general_total
ANDERSONANDERSONVILLE,64,1,39,2,55,3,170,0,0,0,4,24,0,1,120,0,304,227,1,0,2,0,32,1,0,3,0,7,5,1222,0,104,683,227,1222
ANDERSONBRICEVILLE,11,1,10,0,4,0,44,0,0,0,0,2,0,0,10,0,58,42,0,0,3,0,5,0,0,0,0,1,0,243,0,22,118,42,243
ANDERSONBULL RUN,106,5,102,7,79,1,196,1,1,0,1,31,0,3,162,1,316,424,7,0,3,0,76,2,0,2,0,13,6,1397,0,213,799,424,1397
ANDERSONCLAXTON,94,3,58,5,40,2,187,2,0,0,2,23,0,1,118,1,282,387,3,0,2,0,53,0,0,5,0,8,5,1319,0,155,663,387,1319
ANDERSONCLINTON,159,2,94,10,77,0,154,2,0,0,4,44,0,3,201,1,326,556,0,0,5,0,47,2,0,4,0,19,8,1330,0,255,822,556,1330
ANDERSONCLINTON HIGH,87,2,39,2,23,0,98,2,0,0,4,23,1,1,98,0,191,279,2,0,2,0,33,4,0,7,0,7,7,792,0,128,443,279,792
ANDERSONCLINTON MIDDLE,19,1,26,1,17,1,66,0,0,0,0,5,0,0,47,0,107,87,0,0,1,0,9,0,0,0,0,1,3,453,0,46,244,87,453
ANDERSONDUTCH VALLEY,23,1,21,1,10,1,30,1,0,0,0,3,0,1,28,0,75,73,0,0,0,0,11,0,0,1,0,2,0,271,0,45,150,73,271
ANDERSONEMORY VALLEY,216,4,166,19,43,0,141,1,0,0,0,81,0,2,218,0,189,894,1,0,1,0,88,3,0,17,0,15,19,1034,0,386,694,894,1034
ANDERSONFAIRVIEW,25,1,27,2,21,0,78,0,0,0,1,6,0,0,53,0,128,117,1,0,1,0,12,0,0,1,0,6,1,543,0,53,289,117,543
ANDERSONGLEN ALPINE,74,4,63,6,34,0,159,0,0,1,0,22,1,2,92,1,285,304,0,0,3,0,48,2,0,2,0,9,4,1149,0,141,603,304,1149
ANDERSONGLENWOOD,124,3,158,5,33,0,98,1,0,0,1,22,0,0,105,1,159,608,4,0,4,0,75,5,0,5,0,6,22,763,0,285,425,608,763
ANDERSONHENDRIX CREEK,188,4,137,9,40,0,108,2,1,0,2,77,0,1,211,1,157,784,3,0,3,0,77,2,0,9,0,10,10,849,0,329,609,784,849
ANDERSONHIGHLAND VIEW,56,0,76,1,12,0,49,0,0,0,1,10,0,1,43,0,59,278,1,0,2,0,28,1,0,6,0,3,4,299,0,132,176,278,299
ANDERSONLAKE CITY MS,56,0,52,7,47,0,153,0,0,0,3,14,0,0,100,1,255,250,0,0,2,0,18,1,0,4,0,8,4,1219,0,108,580,250,1219
ANDERSONMARLOW,16,3,22,2,26,0,65,0,0,0,2,8,0,0,30,0,106,111,1,0,3,0,13,1,0,2,0,1,0,505,0,41,239,111,505
ANDERSONNORRIS,113,1,101,3,22,1,51,0,0,0,0,30,0,1,68,0,120,365,0,0,3,0,34,0,0,0,0,2,7,412,0,215,296,365,412
ANDERSONNORTH CLINTON,67,0,53,2,29,0,79,0,0,0,1,7,0,0,74,1,215,245,0,0,2,0,30,3,0,2,0,11,10,809,0,120,408,245,809
ANDERSONNORWOOD,76,2,48,3,39,1,81,1,0,0,0,12,0,1,104,0,222,266,1,0,5,0,40,1,0,4,0,9,10,915,0,126,464,266,915
ANDERSONOAK RIDGE,144,3,68,1,18,0,26,0,0,0,0,14,0,1,44,0,65,521,0,0,0,0,33,2,0,4,0,0,7,324,0,215,169,521,324
ANDERSONPINE VALLEY,160,4,166,5,33,0,102,0,0,0,0,18,1,4,110,0,140,606,0,0,5,0,84,2,0,4,0,8,22,748,0,330,413,606,748
ANDERSONROBERTSVILLE,117,1,82,9,36,1,50,1,0,1,0,16,0,0,46,0,78,434,2,0,7,0,46,2,0,9,0,9,10,496,0,200,238,434,496
ANDERSONROSEDALE,9,0,6,0,8,0,3,0,0,0,0,0,0,0,4,0,13,27,0,0,2,0,0,0,0,0,0,1,0,53,0,15,28,27,53
ANDERSONSOUTH CLINTON,59,3,44,3,35,0,80,1,0,0,3,11,1,0,68,1,188,177,1,0,1,0,30,2,0,2,0,7,2,674,0,106,391,177,674
ANDERSONWEST HILLS,143,1,111,12,47,0,98,0,0,0,1,49,1,1,139,1,135,574,0,0,2,0,70,2,0,12,0,4,13,740,0,255,484,574,740
ANDERSONWOODLAND,87,0,57,2,28,0,48,0,0,1,0,10,0,0,28,0,72,286,0,0,6,0,28,2,0,10,0,3,7,350,0,144,189,286,350
BEDFORD1-1 WARTRACE,82,0,41,0,45,0,168,0,0,0,1,11,0,2,54,0,262,230,0,0,2,0,27,1,0,0,0,2,4,974,0,123,543,230,974
BEDFORD1-2 BELL BUCKLE,63,1,48,1,43,0,97,0,1,1,3,32,0,3,77,0,193,213,0,0,1,0,42,2,0,0,0,3,8,794,0,112,451,213,794
BEDFORD2-3 FAIR HAVEN,107,1,54,6,71,2,256,0,0,0,2,16,0,0,98,2,435,298,0,0,3,0,31,0,0,1,0,10,7,1605,0,162,888,298,1605
BEDFORD3-3 UNIONVILLE,118,2,39,1,55,0,173,0,0,0,1,7,0,1,75,0,430,289,2,0,1,0,32,2,0,1,0,2,9,1472,0,159,743,289,1472
BEDFORD4-3 BEDFORD,125,6,56,5,43,1,209,2,1,0,2,27,0,0,96,0,449,308,0,0,4,0,20,0,0,1,0,6,6,1582,0,187,835,308,1582
BEDFORD5-2 FLAT CREEK,99,0,70,8,49,2,204,1,0,0,1,20,0,0,117,1,339,271,0,0,1,0,32,1,0,0,0,6,5,1318,0,169,742,271,1318
BEDFORD5-5 NORMANDY,59,1,26,4,42,0,124,0,0,0,0,28,0,0,54,0,147,146,1,0,0,0,17,0,0,2,0,3,4,659,0,86,399,146,659
BEDFORD6-1 EAST SIDE,113,1,51,0,26,0,55,0,1,0,0,7,0,1,34,0,131,374,0,0,4,0,24,0,0,0,0,2,8,490,0,165,255,374,490
BEDFORD7-1 DEERY EAKIN,147,2,45,4,37,0,124,0,0,0,0,18,0,0,63,0,234,445,0,0,1,0,34,1,0,0,0,4,8,837,0,194,480,445,837
BEDFORD8-1 THOMAS,163,2,35,4,31,0,96,0,0,0,2,11,0,0,70,1,191,436,0,0,2,0,16,0,0,0,0,1,6,744,0,200,406,436,744
BEDFORD9-2 SOUTHSIDE,132,2,61,6,33,0,149,0,2,1,1,23,0,1,83,0,273,385,0,0,6,0,31,1,0,0,0,8,10,1011,0,195,572,385,1011
BENTON1 HOLLADAY,83,3,37,3,23,0,93,0,0,0,3,13,0,0,39,0,219,213,0,0,2,0,9,0,0,1,0,0,3,846,0,123,393,213,846
BENTON2 CAMDEN JR HIGH,106,3,53,0,18,0,96,0,0,0,1,11,0,1,53,0,194,265,0,0,1,0,18,2,0,0,0,1,5,784,0,162,374,265,784
BENTON3 CAMDEN CITY HALL,88,3,50,5,21,1,111,0,0,0,0,10,0,0,49,0,141,228,0,0,2,0,15,0,0,0,0,0,2,725,0,141,338,228,725
BENTON4 CAMDEN ELEMENTARY,99,2,61,2,16,0,102,0,0,0,0,11,0,0,37,0,206,247,0,0,4,0,13,3,0,0,0,5,0,782,0,162,374,247,782
BENTON5 LIBRARY,101,0,39,3,25,0,71,0,1,1,0,12,0,1,43,0,168,270,0,0,2,0,15,4,0,0,0,2,1,760,0,140,325,270,760
BENTON6 BIG SANDY,83,1,47,0,0,0,0,0,0,0,0,0,0,0,0,0,0,251,2,0,1,0,13,4,0,2,0,3,3,819,0,131,0,251,819
BLEDSOE1-1 DILL,22,1,10,0,4,0,18,0,0,0,0,4,0,1,3,0,42,56,0,0,1,0,5,1,0,0,0,0,0,150,0,33,72,56,150
BLEDSOE1-2 GRIFFITH,23,1,6,0,2,0,5,0,0,0,0,0,0,0,2,0,25,42,0,0,1,0,4,0,0,1,0,0,1,84,0,30,34,42,84
BLEDSOE1-3 MT. CREST,35,2,22,1,18,0,52,0,0,0,1,1,0,0,43,0,65,56,2,0,0,0,11,0,0,0,0,2,0,285,0,59,181,56,285
BLEDSOE2-1 COLD SPRINGS,49,2,29,0,12,0,33,0,0,0,3,11,0,0,23,2,124,98,0,0,0,0,9,0,0,3,0,0,0,379,0,80,208,98,379
BLEDSOE2-2 LUMINARY,9,1,10,0,13,0,35,0,0,0,0,1,0,0,14,0,75,32,0,0,0,0,8,0,0,0,0,0,2,249,0,20,138,32,249
BLEDSOE3-1 BRAYTON,9,1,9,3,20,1,46,0,0,0,0,7,0,0,33,0,89,36,0,0,0,0,5,0,0,0,0,6,2,332,0,19,199,36,332
BLEDSOE3-2 RIGSBY,10,0,10,4,27,1,75,1,0,0,2,10,0,2,24,1,136,61,0,0,1,0,11,0,0,3,0,0,0,461,0,20,283,61,461
BLEDSOE4-1 PIKEVILLE,80,2,43,6,17,0,55,0,1,0,2,5,0,1,34,0,116,198,0,0,1,0,9,1,0,2,0,1,5,414,0,125,237,198,414
BLEDSOE5-1 BELLVIEW,16,2,26,2,15,0,53,0,0,1,1,6,0,0,30,1,111,54,0,0,2,0,11,1,0,0,0,0,2,445,0,44,220,54,445
BLEDSOE5-2 NINE MILE,20,0,5,1,3,0,46,0,0,1,0,1,0,0,21,0,64,34,0,0,0,0,6,0,0,0,0,0,0,212,0,25,137,34,212
BLEDSOE6-1 LEE STATION,34,3,17,0,7,0,13,0,0,0,0,1,0,0,17,0,40,62,0,0,0,0,7,0,0,0,0,0,0,112,0,54,78,62,112
BLEDSOE6-2 LUSK,91,1,29,1,28,1,56,0,0,0,1,9,0,0,41,0,122,168,0,0,1,0,9,1,0,1,0,0,6,499,0,121,259,168,499
BLOUNTALCOA,126,0,103,13,67,2,197,1,0,0,3,65,0,4,299,0,252,589,4,0,7,0,93,5,0,19,0,11,20,1477,0,229,903,589,1477
BLOUNTBEECH GROVE,106,1,104,5,42,1,138,0,1,0,1,27,0,5,117,2,201,518,1,0,3,0,79,2,0,10,0,10,19,1005,0,211,540,518,1005
BLOUNTBIG SPRINGS,31,0,23,4,29,0,107,1,0,0,1,15,1,5,71,0,140,113,4,0,1,0,22,1,0,2,0,5,4,699,0,54,374,113,699
BLOUNTBOARD OF EDUCATION,140,0,105,26,65,0,164,0,1,0,1,67,0,2,267,0,309,565,0,0,0,1,88,1,0,7,0,12,13,1461,0,245,902,565,1461
BLOUNTCARPENTERS,77,0,68,2,74,1,182,0,2,0,0,35,0,0,111,0,293,274,0,0,5,0,30,0,0,1,0,11,6,1302,0,145,700,274,1302
BLOUNTCHILHOWEE VIEW,77,0,46,9,49,1,141,0,0,0,2,20,0,2,110,2,254,290,2,0,3,0,30,4,0,5,0,6,6,984,0,123,590,290,984
BLOUNTEAGLETON MS CAFETERIA,68,0,83,8,28,0,93,1,0,0,3,11,0,3,88,0,190,661,7,0,7,0,89,4,0,12,0,13,14,2100,0,151,425,661,2100
BLOUNTEVERETT,66,1,95,12,43,0,80,0,0,1,2,13,0,0,51,0,141,307,1,0,2,0,47,6,0,7,0,4,13,643,0,162,343,307,643
BLOUNTFAIRVIEW,83,0,53,12,58,0,161,2,0,1,1,30,0,5,183,0,270,329,2,0,2,0,30,1,0,7,0,5,4,1196,0,136,723,329,1196
BLOUNTFRIENDSVILLE,48,0,30,5,33,0,108,1,0,0,1,29,0,0,115,0,223,176,2,0,0,0,27,0,0,3,0,6,7,855,0,78,515,176,855
BLOUNTHAPPY VALLEY,9,0,3,2,4,0,10,0,0,0,0,2,0,0,6,0,19,14,0,0,0,0,3,0,0,0,0,0,0,59,0,12,43,14,59
BLOUNTHERITAGE,70,0,39,7,64,0,150,0,1,0,0,34,1,1,169,1,272,261,0,0,2,0,27,1,0,6,0,2,3,1184,0,109,700,261,1184
BLOUNTJOHN SEVIER,95,1,127,23,57,1,161,2,0,0,2,36,0,1,249,0,234,525,1,0,4,0,77,2,0,12,0,16,15,1343,0,223,766,525,1343
BLOUNTLANIER,39,1,48,5,43,0,140,0,0,0,1,17,2,0,115,1,278,222,4,0,2,0,27,1,0,3,0,12,11,1128,0,88,602,222,1128
BLOUNTLOUISVILLE,83,1,56,7,50,0,117,0,1,0,2,38,0,1,190,2,263,370,1,0,1,0,60,3,0,3,0,9,5,1087,0,140,671,370,1087
BLOUNTMARTIN LUTHER KING,174,0,36,3,13,0,34,2,0,0,0,5,0,0,18,0,72,507,0,0,3,0,22,0,0,2,0,3,6,346,0,210,147,507,346
BLOUNTMARYVILLE COLLEGE,71,0,92,6,39,2,57,1,0,0,1,45,0,1,121,1,97,352,0,0,2,0,46,1,0,9,0,5,14,574,0,163,371,352,574
BLOUNTMARYVILLE HS,141,0,132,18,68,1,157,1,2,0,2,109,0,1,334,1,257,764,2,0,5,0,99,5,0,18,0,13,14,1636,0,273,951,764,1636
BLOUNTMARYVILLE JR HIGH,131,3,112,14,77,3,156,2,0,1,1,102,2,2,281,0,240,637,0,0,4,0,109,3,0,20,0,4,18,1230,0,246,881,637,1230
BLOUNTMARYVILLE MUNICIPAL,76,1,109,7,36,0,123,0,0,0,2,29,0,1,111,0,174,480,2,0,2,0,64,2,0,6,0,10,21,1114,0,186,483,480,1114
BLOUNTMENTOR,37,1,34,1,21,1,40,1,0,0,1,9,0,1,39,0,74,139,0,0,0,0,9,0,0,0,0,1,3,333,0,72,188,139,333
BLOUNTMIDDLESETTLEMENTS,22,0,20,0,25,0,44,0,0,0,2,13,0,0,41,0,80,78,0,0,1,0,8,1,0,1,0,4,1,328,0,42,205,78,328
BLOUNTMISER STATION,69,0,53,4,33,0,105,0,0,0,2,38,0,0,138,0,187,291,3,0,1,0,40,0,0,4,0,2,7,883,0,122,507,291,883
BLOUNTMONTVALE,167,1,137,16,86,3,369,1,3,0,10,53,0,2,320,1,543,657,0,0,4,0,101,4,0,6,0,19,13,2589,0,305,1407,657,2589
BLOUNTOAK STREET,68,0,52,7,46,2,138,1,0,0,2,39,0,3,149,0,217,300,0,0,5,0,45,3,0,8,0,7,11,1100,0,120,604,300,1100
BLOUNTOAKVIEW,57,2,56,11,90,0,186,2,0,0,2,31,0,0,148,2,311,319,0,0,1,0,45,1,0,7,0,3,8,1461,0,115,783,319,1461
BLOUNTPELLISSIPPI CAMPUS,30,1,29,4,24,1,91,0,0,0,0,7,0,1,54,0,136,117,1,0,1,0,18,1,0,4,0,1,2,518,0,60,318,117,518
BLOUNTPORTER,51,0,56,10,53,0,146,0,0,0,1,26,0,1,170,0,290,259,0,0,0,0,44,2,0,7,0,8,6,1169,0,107,697,259,1169
BLOUNTROCKFORD,102,2,84,2,46,0,119,0,1,0,1,20,0,1,107,1,224,377,5,0,2,0,36,1,0,7,0,6,13,898,0,188,522,377,898
BLOUNTTOWNSEND,87,2,62,11,44,0,111,1,0,1,3,30,0,3,136,0,259,336,0,1,2,0,35,6,0,8,0,11,6,1021,0,151,599,336,1021
BLOUNTWALLAND,37,0,23,2,26,0,69,0,0,0,3,15,1,0,65,1,159,151,0,0,0,0,16,1,0,2,0,6,2,591,0,60,341,151,591
BLOUNTWILLIAM BLOUNT HS,42,1,67,5,44,2,105,0,0,0,0,19,0,1,109,1,218,238,0,0,2,0,47,4,0,5,0,6,3,954,0,110,504,238,954
BLOUNTWM BLOUNT ACADEMY,126,4,123,11,127,4,373,1,0,0,3,73,1,1,273,0,641,614,7,0,3,0,114,5,0,10,0,11,18,2889,1,253,1508,614,2889
BRADLEY1-1 MCDONALD,43,1,42,9,63,0,106,0,0,0,3,31,0,0,117,1,292,195,0,0,1,0,39,1,0,0,0,5,6,1122,0,86,622,195,1122
BRADLEY1-2 PROSPECT,102,3,104,22,155,2,356,1,1,0,3,110,0,1,501,1,540,528,4,0,5,0,99,1,0,9,0,19,15,2653,0,209,1693,528,2653
BRADLEY1-3 HOPEWELL,54,1,52,6,124,0,246,1,0,0,3,62,0,1,235,0,379,321,1,0,0,0,39,2,0,2,0,3,10,1824,0,107,1057,321,1824
BRADLEY2-1 E.L. ROSS,172,2,127,28,192,3,353,2,0,1,7,102,0,4,529,1,602,749,1,0,6,0,119,4,0,11,0,15,15,3208,0,301,1824,749,3208
BRADLEY2-2 WALKER VALLEY,13,0,9,1,10,0,17,0,0,0,1,4,0,2,19,0,48,497,2,0,4,0,82,2,0,2,0,6,15,2275,0,22,102,497,2275
BRADLEY3-1 LEE UNIVERSITY,130,0,87,9,58,0,102,0,1,0,3,44,0,3,202,1,208,518,0,0,3,0,79,5,0,11,0,8,23,998,0,217,631,518,998
BRADLEY3-2 SENIOR CENTER,29,0,21,5,26,0,71,1,0,0,0,18,0,0,96,0,97,626,2,0,11,0,95,7,0,9,0,16,15,2259,0,50,314,626,2259
BRADLEY4-1 OAK GROVE,65,0,65,14,103,0,252,0,0,0,6,18,0,1,179,1,435,310,0,0,4,0,62,3,0,3,0,8,11,1998,0,130,1009,310,1998
BRADLEY4-2 MICHIGAN AVE,125,0,96,5,119,0,347,0,0,0,1,46,1,1,278,1,506,472,0,0,3,0,73,4,0,6,0,8,13,2472,0,221,1305,472,2472
BRADLEY5-1 BLYTHE/BOWER,6,0,6,3,8,0,24,1,0,1,1,5,0,0,12,0,32,454,0,0,5,0,65,0,0,5,0,2,10,1736,0,12,87,454,1736
BRADLEY5-2 MUSEUM,85,0,40,3,29,0,56,0,0,1,3,5,0,0,34,0,141,334,0,0,0,1,32,1,0,4,0,7,8,646,0,125,272,334,646
BRADLEY6-1 VALLEY VIEW,54,2,55,7,61,0,211,1,1,0,4,13,0,1,125,1,273,179,1,0,5,0,29,0,0,5,0,2,9,1413,0,111,698,179,1413
BRADLEY6-2 BLUE SPRINGS,48,1,17,6,89,0,154,0,0,0,3,21,0,1,93,1,222,270,0,0,7,0,49,2,0,5,0,9,9,1672,0,66,590,270,1672
BRADLEY6-3 WATERVILLE,14,0,19,3,25,1,43,0,0,0,1,6,0,0,56,0,92,193,2,0,0,0,26,4,0,3,0,3,5,886,0,33,227,193,886
BRADLEY6-4 BLACK FOX,17,0,23,3,82,2,63,1,1,0,2,6,0,0,74,0,130,123,0,0,1,0,32,1,0,0,0,9,10,819,0,40,364,123,819
BRADLEY7-1 STUART,183,1,134,19,138,1,281,5,0,1,11,75,0,3,383,2,469,820,1,0,7,0,109,4,0,13,0,16,22,2316,0,318,1388,820,2316
BRADLEY7-2 CLEVELAND HIGH,131,0,105,8,86,1,158,1,0,0,6,61,0,0,287,0,266,481,1,0,4,0,69,3,0,7,0,7,14,1471,0,236,874,481,1471
CAMPBELL1-1 ALDER SPRINGS,15,0,5,0,5,0,29,1,0,0,0,9,0,0,23,0,72,65,0,0,1,0,6,0,0,0,0,0,2,345,0,20,139,65,345
CAMPBELL1-2 DEMORY,40,0,12,1,16,0,56,0,0,0,0,7,0,0,47,0,151,109,0,0,1,0,13,1,0,0,0,0,6,507,0,52,278,109,507
CAMPBELL1-3 PINECREST,16,0,11,1,3,0,8,1,0,0,0,4,0,0,16,0,49,66,0,0,0,0,5,2,0,0,0,2,0,205,0,27,82,66,205
CAMPBELL1-4 VALLEY VIEW,57,1,22,3,16,2,115,0,0,1,0,10,0,3,58,2,257,199,0,0,1,0,18,2,0,3,0,6,4,1019,0,80,467,199,1019
CAMPBELL1-5 WELL SPRINGS,16,0,1,0,6,0,23,0,0,0,0,9,0,0,16,0,60,44,0,0,0,0,3,0,0,0,0,0,0,234,0,17,114,44,234
CAMPBELL2-1 COLLEGE HILL,19,2,6,0,7,0,17,0,0,0,0,4,0,0,10,0,37,55,0,0,1,0,5,0,0,0,0,0,2,209,0,27,75,55,209
CAMPBELL3-1 CCHS,27,1,21,2,15,0,30,0,0,0,0,7,0,0,54,0,120,98,0,0,1,0,13,1,0,2,0,3,1,575,0,49,228,98,575
CAMPBELL3-2 JACKSBORO STA,69,1,29,6,37,1,87,0,0,0,1,19,0,1,77,0,228,207,1,0,3,0,30,1,0,0,0,3,2,1054,0,99,457,207,1054
CAMPBELL3-3 WEST LAFOLLETTE,38,0,9,0,10,0,23,0,0,0,0,3,0,0,10,0,93,113,0,0,3,0,8,3,0,0,0,1,3,385,0,47,139,113,385
CAMPBELL4-1 CARYVILLE,69,1,25,2,23,1,83,0,0,0,0,22,0,0,83,0,211,199,0,0,2,0,32,5,0,2,0,5,1,928,0,95,425,199,928
CAMPBELL4-2 CLINCHMORE,4,0,2,0,1,0,7,0,0,0,0,0,0,0,0,0,6,10,0,0,0,0,0,0,0,0,0,0,0,31,0,6,14,10,31
CAMPBELL4-3 JACKSBORO,49,4,29,1,22,1,87,0,0,0,1,6,0,0,63,0,161,168,0,0,4,0,27,1,0,1,0,5,2,836,0,82,342,168,836
CAMPBELL4-4 RIDGEWOOD,33,1,29,2,12,0,60,0,0,0,1,7,0,0,34,0,111,132,0,0,4,0,16,1,0,1,0,4,3,497,0,63,227,132,497
CAMPBELL5-1 ELK VALLEY,8,0,7,1,12,0,25,0,0,0,0,2,0,0,5,0,34,25,1,0,0,0,4,0,0,2,0,2,3,227,0,15,79,25,227
CAMPBELL5-2 HABERSHAM,10,0,9,2,9,0,25,0,0,0,1,7,0,0,12,0,82,53,0,0,0,0,9,2,0,0,0,1,0,376,0,19,138,53,376
CAMPBELL5-3 JELLICO,47,0,30,7,26,0,24,0,0,0,0,5,0,0,45,0,129,215,0,0,1,0,16,2,0,1,0,0,4,610,0,77,236,215,610
CAMPBELL5-4 NEWCOMB,13,0,7,1,13,0,8,0,0,0,1,3,0,0,22,0,47,71,0,0,0,0,8,0,0,1,0,0,3,267,0,20,95,71,267
CAMPBELL5-5 WHITE OAK,20,0,9,0,0,0,6,0,0,0,0,3,0,0,8,0,27,44,0,0,1,0,2,3,0,0,0,1,1,149,0,29,44,44,149
CANNON1-1 WESTSIDE,83,3,39,3,47,3,191,2,0,0,3,18,0,0,49,1,309,231,0,0,0,0,25,2,0,2,0,4,3,1003,0,125,626,231,1003
CANNON2-1 AUBURNTOWN,31,0,18,0,11,0,54,0,0,0,0,12,0,0,24,0,86,88,0,0,0,0,5,0,0,0,0,0,2,302,0,49,187,88,302
CANNON2-2 GASSAWAY,19,0,13,1,3,0,18,0,0,0,1,1,0,0,1,1,52,67,0,0,0,0,3,0,0,0,0,1,3,144,0,32,78,67,144
CANNON2-3 PLEASANT RIDGE,23,0,18,1,3,0,52,0,0,0,0,0,0,1,17,0,68,66,0,0,0,0,9,0,0,0,0,0,4,218,0,41,142,66,218
CANNON2-4 SHORT MOUNTAIN,23,0,24,1,5,1,24,0,0,0,0,0,0,0,9,0,51,63,0,0,2,0,3,0,0,0,0,1,6,157,0,47,91,63,157
CANNON3-2 WOODLAND,75,3,24,5,33,3,129,1,0,0,0,8,0,0,33,0,216,153,2,0,2,0,23,1,0,1,0,3,5,797,0,102,428,153,797
CANNON4-1 EASTSIDE,59,1,23,2,23,0,90,0,0,0,0,3,0,1,29,0,222,160,0,0,1,0,10,1,0,1,0,5,2,667,0,83,370,160,667
CANNON4-2 SHORT MOUNTAIN,23,2,18,2,14,0,25,0,0,0,0,0,0,0,9,0,80,59,0,0,0,0,8,1,0,0,0,0,0,205,0,43,130,59,205
CANNON5-1 WOODBURY,103,1,42,2,20,1,74,0,0,0,0,8,0,0,24,0,160,240,0,0,3,0,20,2,0,0,0,4,4,514,0,146,289,240,514
CARROLLATWOOD,61,1,20,1,26,0,60,0,0,0,1,1,0,0,18,0,108,194,0,0,2,0,8,1,0,1,0,1,4,442,0,82,215,194,442
CARROLLBETHEL COLLEGE,49,4,41,3,23,0,72,0,0,0,1,22,0,0,92,1,157,208,1,0,2,0,25,1,0,5,0,2,3,807,0,94,371,208,807
CARROLLBRUCETON,32,1,26,4,16,0,58,0,0,0,2,5,0,0,19,0,79,142,0,0,1,0,11,1,0,0,0,0,2,438,0,59,183,142,438
CARROLLBUENA VISTA,5,0,5,1,1,0,14,0,0,0,0,0,0,0,3,0,30,28,0,0,1,0,1,0,0,0,0,0,0,115,0,10,49,28,115
CARROLLCANNON,19,1,13,1,11,0,35,0,1,0,1,2,0,1,17,0,51,60,0,0,3,0,2,1,0,2,0,1,0,244,0,33,120,60,244
CARROLLCEDAR GROVE,34,0,11,3,17,0,57,0,0,0,0,10,0,1,34,0,82,103,0,0,1,0,5,4,0,1,0,3,1,438,0,45,204,103,438
CARROLLCIVIC CENTER,146,1,37,11,42,1,158,0,0,1,2,30,0,2,130,0,208,400,0,0,3,0,36,4,0,3,0,0,4,1182,0,184,585,400,1182
CARROLLCLARKSBURG,19,1,14,0,31,1,93,0,0,0,1,8,0,0,42,0,104,85,0,0,0,0,9,2,0,2,0,1,5,591,0,34,280,85,591
CARROLLCONCORD,25,0,7,0,13,0,27,0,0,0,0,4,0,0,14,0,30,89,0,0,1,0,4,0,0,0,0,2,2,210,0,32,88,89,210
CARROLLHOLLOW ROCK,36,0,15,1,8,0,27,0,0,0,2,6,0,0,19,0,55,107,0,0,0,0,6,1,0,0,0,0,3,327,0,51,118,107,327
CARROLLHUNTINGDON,68,2,38,2,37,0,92,0,0,1,1,23,0,0,63,0,169,230,1,0,3,0,19,2,0,2,0,5,2,836,0,108,388,230,836
CARROLLLAVINIA,15,1,5,1,14,0,39,0,0,0,0,2,0,0,18,0,57,42,0,0,0,0,6,1,0,0,0,0,0,280,0,21,131,42,280
CARROLLMACEDONIA,7,1,3,1,8,0,24,0,0,0,0,2,0,0,11,0,30,27,0,0,0,0,6,0,0,0,0,0,1,146,0,11,76,27,146
CARROLLMCKENZIE,29,0,17,2,11,0,41,0,1,0,0,7,0,0,25,0,75,106,0,0,0,0,5,0,0,0,0,0,2,284,0,46,162,106,284
CARROLLMCLEMORESVILLE,38,2,11,2,15,1,29,0,0,0,0,5,0,0,16,0,75,82,0,0,2,0,8,0,0,0,0,1,3,270,0,51,143,82,270
CARROLLSENIOR CITIZENS,68,0,28,2,19,0,46,0,0,0,2,13,0,0,26,0,97,245,0,0,2,0,9,1,0,3,0,1,5,475,0,96,205,245,475
CARROLLTREZEVANT,60,0,7,0,17,0,62,0,0,0,1,4,0,0,17,0,124,138,0,0,1,0,15,1,0,0,0,1,1,466,0,67,225,138,466
CARROLLVALE,6,0,6,1,2,0,15,0,0,0,0,1,0,0,6,2,26,18,0,0,0,0,5,0,0,0,0,0,1,90,0,12,53,18,90
CARROLLWESTPORT,4,0,3,0,4,0,18,0,0,0,0,1,0,0,3,0,24,23,0,0,0,0,1,0,0,0,0,0,0,115,0,7,50,23,115
CARTERCENTRAL,51,0,47,6,38,1,142,0,0,0,3,12,0,0,120,0,220,206,1,0,2,0,21,0,0,1,0,3,10,986,0,98,542,206,986
CARTERCOURTHOUSE,49,0,24,7,42,2,125,0,0,1,2,13,0,2,115,0,223,179,1,0,3,0,19,0,0,1,0,3,10,905,0,73,532,179,905
CARTEREASTSIDE,23,0,38,4,29,0,109,0,0,0,2,8,0,1,57,0,218,146,0,0,1,0,16,1,0,1,0,4,5,712,0,61,428,146,712
CARTERELK MILLS,13,0,3,0,2,0,14,0,0,0,0,0,0,0,16,0,40,24,0,0,1,0,1,0,0,0,0,0,0,138,0,16,72,24,138
CARTERGAP CREEK,56,1,52,2,52,0,137,1,0,0,1,14,0,0,116,0,325,218,1,0,1,0,28,2,0,2,0,4,4,1254,0,109,648,218,1254
CARTERHAMPTON,19,0,32,5,18,0,72,0,0,0,1,5,0,1,64,0,185,73,0,0,1,0,9,1,0,1,0,0,4,641,0,51,351,73,641
CARTERHAPPY VALLEY,100,1,153,14,82,2,248,1,0,0,5,55,0,1,234,1,373,577,2,0,1,0,91,7,0,15,0,13,25,1778,0,254,1016,577,1778
CARTERHAROLD MCCORMICK,58,2,54,14,27,1,66,1,0,1,3,7,0,0,43,1,150,219,1,0,1,0,24,3,0,2,0,0,7,535,0,114,314,219,535
CARTERHIGH SCHOOL,60,0,98,9,49,3,143,1,2,0,2,30,0,0,125,1,231,320,2,0,4,0,42,1,0,2,0,2,17,1040,0,158,596,320,1040
CARTERHUNTER,55,0,42,8,55,2,205,0,0,0,6,33,0,3,135,1,399,199,0,0,2,0,18,0,0,1,0,7,6,1426,0,97,847,199,1426
CARTERKEENBURG,28,1,35,1,19,0,89,0,1,0,4,15,0,0,57,0,200,139,1,0,0,0,17,0,0,4,0,0,2,666,0,64,386,139,666
CARTERLITTLE MILLIGAN,7,0,6,0,16,0,28,0,0,0,0,11,0,1,27,0,59,38,0,0,0,0,3,0,0,0,0,0,1,230,0,13,142,38,230
CARTERMIDWAY,10,0,8,1,28,0,81,1,0,1,0,2,0,1,37,1,154,39,0,0,0,0,6,0,0,0,0,0,1,480,0,18,307,39,480
CARTERNATIONAL GUARD,8,0,1,0,7,0,9,0,0,0,0,0,0,0,12,0,23,17,0,0,1,0,2,0,0,0,0,0,0,74,0,9,51,17,74
CARTERRANGE,19,0,21,2,8,0,42,0,0,0,1,5,0,0,31,0,89,66,0,0,1,0,11,1,0,4,0,0,2,314,0,40,178,66,314
CARTERROAN MOUNTAIN,30,0,26,5,50,3,185,1,0,0,3,15,0,0,115,1,262,151,2,0,4,0,13,1,0,2,0,1,5,1225,0,56,640,151,1225
CARTERSIAM,13,0,14,0,22,0,66,0,0,1,1,5,1,1,46,0,99,73,1,0,1,0,9,0,0,1,0,0,3,442,0,27,242,73,442
CARTERTIGER VALLEY,27,0,35,4,39,1,164,1,0,1,2,15,0,0,81,0,247,142,0,0,1,0,18,1,0,0,0,3,5,1043,0,62,555,142,1043
CARTERUNAKA,29,0,38,7,28,1,135,0,0,0,3,13,0,1,63,0,191,134,0,0,1,0,12,0,0,1,0,4,7,691,0,67,442,134,691
CARTERVALLEY FORGE,36,0,38,6,24,1,118,0,2,1,1,20,1,0,103,0,243,161,0,0,2,0,17,2,0,2,0,7,4,989,0,74,520,161,989
CARTERWATAUGA,9,0,7,0,7,0,17,0,0,0,0,1,0,1,14,0,65,39,1,0,1,0,6,0,0,0,0,0,2,190,0,16,105,39,190
CARTERWESTSIDE,74,3,56,9,57,1,157,0,0,1,5,35,0,1,146,1,272,293,1,0,1,0,26,0,0,4,0,3,10,1139,0,133,685,293,1139
CHEATHAM1-1 COUNTY LIBRARY,193,3,117,12,51,0,187,0,0,0,2,23,0,1,94,1,361,670,1,0,4,0,80,1,0,14,0,12,11,1444,0,313,732,670,1444
CHEATHAM2-2 EAST CHEATHAM,143,2,89,0,0,0,0,0,0,0,0,0,0,0,0,0,0,524,0,0,6,0,61,1,0,16,0,7,10,1987,0,234,0,524,1987
CHEATHAM3-1 PLEASANT VIEW,141,3,95,0,0,0,0,0,0,0,0,0,0,0,0,0,0,542,2,0,2,0,98,0,0,7,0,9,13,2138,0,239,0,542,2138
CHEATHAM4-1 WEST CHEATHAM,94,0,61,4,39,0,165,0,0,0,1,18,1,0,77,1,318,307,3,0,2,0,41,1,0,1,0,7,7,1134,0,155,624,307,1134
CHEATHAM4-3 SYCAMORE,63,0,38,4,36,0,120,0,0,1,1,13,0,0,76,1,177,230,0,0,2,0,32,1,0,1,0,0,6,848,0,101,429,230,848
CHEATHAM5-1 GREENBRIER,49,1,32,1,20,0,63,0,0,0,0,7,0,0,31,1,119,148,0,0,2,0,8,1,0,1,0,0,8,526,0,82,242,148,526
CHEATHAM5-2 PEGRAM,131,1,137,7,46,0,188,0,0,0,0,31,0,2,117,0,300,552,2,0,4,0,57,4,0,9,0,7,16,1281,0,269,691,552,1281
CHEATHAM6-1 HARPETH,252,3,233,4,80,1,277,1,2,0,3,53,0,3,184,0,454,905,0,0,4,0,86,4,0,41,0,8,28,1939,0,488,1062,905,1939
CHESTER1-2 ENVILLE,27,0,17,4,17,0,46,0,1,0,1,3,0,0,24,0,87,82,0,0,0,0,7,0,0,0,0,1,0,380,0,44,183,82,380
CHESTER1-5 SWEET LIPS,19,0,5,1,13,0,31,0,0,0,0,3,0,0,25,0,72,65,0,0,0,0,6,0,0,4,0,0,2,296,0,24,145,65,296
CHESTER1-6 HARMONY,13,0,10,2,11,0,21,0,0,0,0,0,0,0,21,1,59,52,0,0,1,0,9,1,0,0,0,1,0,208,0,23,115,52,208
CHESTER2-1 JACKS CREEK,7,0,8,2,19,0,36,0,0,0,2,4,0,0,17,0,86,66,1,0,0,0,5,0,0,2,0,0,1,372,0,15,166,66,372
CHESTER2-2 FRIENDSHIP,39,0,12,0,39,0,94,0,1,0,0,5,0,0,38,1,117,107,0,0,0,0,6,1,0,1,0,1,2,657,0,51,295,107,657
CHESTER3-2 MONTEZUMA,34,0,19,1,37,0,66,0,1,0,0,8,1,2,33,0,121,93,1,0,0,0,12,0,0,3,0,1,0,559,0,53,270,93,559
CHESTER3-4 MASSEYVILLE,19,0,3,0,4,0,29,0,0,0,1,3,0,0,18,0,50,35,0,0,0,0,4,0,0,0,0,1,0,196,0,22,105,35,196
CHESTER3-6 DEANBURG,7,0,2,1,13,0,26,0,0,0,1,4,0,0,25,0,53,26,0,0,0,0,3,2,0,3,0,1,0,223,0,9,123,26,223
CHESTER4-1 WEST CHESTER,54,1,27,12,84,0,151,0,0,0,1,20,0,0,100,0,203,66,0,0,2,0,8,0,0,2,0,1,2,512,0,82,571,66,512
CHESTER5-1 EAST CHESTER,77,1,26,4,59,0,90,0,1,0,2,8,0,0,52,0,122,81,0,0,0,0,8,0,0,0,0,0,1,381,0,104,338,81,381
CHESTER6-1 CITY HALL,46,0,16,1,26,2,61,0,0,0,1,5,0,0,26,0,58,169,0,0,0,0,12,0,0,6,0,2,0,383,0,62,180,169,383
CLAIBORNE1-1 TAZEWELL,92,2,43,2,25,1,85,1,0,1,2,10,0,0,76,0,238,330,1,0,1,0,20,3,0,0,0,3,5,1153,0,137,441,330,1153
CLAIBORNE2-1 CLOUDS,24,0,25,1,14,0,74,0,0,0,1,4,0,0,28,1,133,94,0,0,1,0,12,1,0,3,0,2,2,688,0,49,256,94,688
CLAIBORNE2-2 GOIN,9,1,12,1,7,0,22,0,1,0,1,2,0,1,20,0,112,68,0,0,2,0,9,0,0,0,0,0,0,361,0,22,167,68,361
CLAIBORNE2-3 SANDLICK,21,1,15,1,10,0,38,0,0,0,1,9,0,0,14,0,88,77,0,0,0,0,10,0,0,0,0,0,0,381,0,37,161,77,381
CLAIBORNE3-1 LONE MOUNTAIN,18,0,1,0,4,0,35,0,1,0,1,7,0,0,12,0,66,50,0,0,0,0,11,0,0,1,0,5,1,256,0,19,126,50,256
CLAIBORNE3-2 NEW TAZEWELL,63,2,33,7,21,1,64,1,2,0,1,15,0,3,53,0,268,229,0,0,4,0,31,4,0,0,0,2,5,940,0,98,436,229,940
CLAIBORNE4-1 GIBSON HALL,12,1,3,0,1,0,5,0,0,0,0,4,0,0,6,0,13,27,0,0,0,0,0,1,0,0,0,1,0,72,0,16,29,27,72
CLAIBORNE4-2 HOWARD'S QUARTER,4,0,5,0,1,0,13,0,0,0,1,1,0,0,11,0,44,16,0,0,0,0,1,0,0,0,0,0,0,155,0,9,71,16,155
CLAIBORNE4-3 LIBERTY,6,1,7,0,2,0,18,0,0,0,1,5,0,1,5,0,29,17,0,0,0,0,4,1,0,0,0,0,0,110,0,14,61,17,110
CLAIBORNE4-4 SPRINGDALE,44,0,24,1,16,0,46,0,0,0,0,6,0,0,23,0,154,109,0,0,2,0,14,1,0,2,0,0,2,571,0,68,246,109,571
CLAIBORNE5-1 BIG SPRING UNION,27,1,14,1,10,1,37,0,0,0,0,1,0,0,18,0,119,72,0,0,0,0,9,0,0,0,0,2,1,484,0,42,187,72,484
CLAIBORNE6-1 HARROGATE,76,0,44,3,29,2,123,0,0,1,1,19,0,0,74,0,264,242,1,0,1,0,24,8,0,5,0,4,4,1116,0,120,516,242,1116
CLAIBORNE7-1 ARTHUR,52,0,42,6,35,1,107,1,0,0,3,12,0,1,110,0,222,247,0,0,3,0,26,2,0,1,0,1,9,1128,0,94,498,247,1128
CLAIBORNE7-2 CUMBERLAND GAP,16,0,9,0,1,0,3,0,0,0,0,2,0,2,13,0,24,41,0,0,0,0,5,0,0,2,0,0,0,98,0,25,45,41,98
CLAIBORNE8-1 ROGERS MILL,17,0,20,4,8,0,65,1,0,0,1,9,0,0,22,0,123,60,0,0,1,0,5,1,0,0,0,2,0,448,0,37,233,60,448
CLAIBORNE8-2 VANBEBBER SPRNGS,36,0,11,2,16,0,59,0,0,0,1,10,0,0,36,0,104,105,0,0,1,0,10,1,0,2,0,5,0,500,0,47,228,105,500
CLAIBORNE9-1 CLAIRFIELD,27,2,5,0,0,0,8,1,0,0,0,2,0,0,19,0,25,48,0,0,0,0,1,1,0,0,0,0,0,141,0,34,55,48,141
CLAY1 DENTONS CROSS ROAD,39,0,20,1,11,1,42,0,1,0,0,9,0,1,30,0,133,100,0,0,0,0,5,0,0,0,0,3,2,478,0,59,229,100,478
CLAY2 HERMITAGE SPRINGS,38,1,14,3,23,1,42,0,0,0,0,5,0,2,32,0,122,89,0,0,0,0,14,0,0,0,0,1,3,429,0,53,230,89,429
CLAY3 CELINA,95,0,23,2,4,0,19,0,0,0,0,4,0,1,27,1,86,220,0,0,0,0,4,1,0,0,0,3,4,305,0,118,144,220,305
CLAY4-1 MAPLE GROVE,14,0,3,0,8,0,21,0,0,0,0,5,0,0,16,0,48,42,0,0,0,0,1,0,0,0,0,0,0,185,0,17,98,42,185
CLAY4-2 BUTLERS LANDING,38,0,17,0,9,0,30,0,0,0,0,5,0,0,12,0,104,96,0,0,2,0,12,0,0,0,0,1,1,327,0,55,160,96,327
CLAY5-1 BEECH BETHANY,19,0,12,1,7,0,15,0,0,0,0,2,0,1,19,0,47,77,0,0,0,0,5,0,0,0,0,1,1,220,0,31,92,77,220
CLAY5-2 PEA RIDGE,27,1,14,0,4,1,11,0,1,0,0,7,0,1,10,0,60,83,0,0,0,0,6,1,0,0,0,1,0,197,0,42,95,83,197
COCKEARMORY,18,0,23,6,15,0,55,1,1,0,2,9,0,1,36,0,135,93,0,0,2,0,7,1,0,2,0,0,4,419,0,41,261,93,419
COCKEBRIDGEPORT,21,0,13,2,13,0,56,0,0,0,3,5,0,0,39,0,132,71,0,0,1,0,10,1,0,0,0,0,0,397,0,34,250,71,397
COCKECENTERVIEW,31,0,28,5,19,1,117,0,0,0,2,9,0,0,79,1,316,122,0,0,2,0,12,0,0,0,0,1,2,886,0,59,549,122,886
COCKECENTRAL,35,0,17,6,14,0,49,2,0,0,4,5,0,0,25,0,144,142,0,0,1,0,15,3,0,2,0,1,5,444,0,52,249,142,444
COCKECOCKE COUNTY HIGH,15,0,9,2,14,0,58,1,0,0,0,6,0,0,21,0,131,78,0,0,1,0,6,0,0,0,0,0,1,387,0,24,233,78,387
COCKECOSBY,22,1,43,5,41,1,125,3,0,0,3,21,0,0,60,2,274,161,0,0,1,0,28,0,0,0,0,1,4,949,0,66,535,161,949
COCKEDEL RIO,17,0,26,6,25,1,60,0,0,0,1,16,0,1,36,0,136,84,0,0,0,0,10,2,0,0,0,1,2,466,0,43,282,84,466
COCKEEDGEMONT,32,1,16,5,12,1,51,0,0,0,1,3,0,1,26,0,161,94,0,0,1,0,8,2,0,0,0,3,2,483,0,49,261,94,483
COCKEEDWINA,42,1,17,6,42,0,136,0,0,0,6,15,0,1,78,0,270,133,0,0,1,2,14,1,0,2,0,7,6,907,0,60,554,133,907
COCKEFOREST HILL,21,0,13,4,18,0,60,1,0,0,2,16,0,3,29,1,183,81,0,0,3,0,6,1,0,0,0,1,3,503,0,34,317,81,503
COCKEGRASSY FORK,9,0,20,3,10,0,36,0,0,0,3,3,0,0,25,1,98,60,0,0,0,0,3,2,0,0,0,1,6,303,0,29,179,60,303
COCKEHOUSTON VALLEY,0,0,2,0,0,1,11,0,0,0,0,0,0,0,2,0,18,9,0,0,0,0,1,0,0,0,0,0,0,51,0,2,32,9,51
COCKELONG CREEK,16,1,7,4,17,0,61,0,0,0,4,12,0,1,24,0,158,77,0,0,1,0,11,0,0,1,0,2,1,428,0,24,281,77,428
COCKENEWPORT GRAMMAR,36,0,24,13,25,1,118,0,0,0,6,37,0,3,77,1,201,185,0,0,0,0,30,2,0,4,0,2,3,680,0,60,482,185,680
COCKENORTHPORT,32,1,19,2,22,1,47,0,0,1,4,10,0,1,39,1,163,147,1,0,1,0,16,0,0,0,0,1,4,543,0,52,291,147,543
COCKEPARROTTSVILLE,21,0,28,5,25,0,114,0,0,1,4,16,0,3,73,0,275,141,0,0,1,0,15,3,0,0,0,1,1,739,0,49,516,141,739
COCKERANKIN,12,0,3,1,7,1,22,0,0,0,0,5,0,0,13,0,73,34,0,0,2,0,3,0,0,0,0,0,0,193,0,15,122,34,193
COCKESMOKY MOUNTAIN,45,1,38,1,14,2,75,0,0,1,2,8,0,0,36,0,152,145,0,0,3,0,7,1,0,2,0,2,14,526,0,84,291,145,526
COCKEWEST END,34,0,15,11,23,1,45,1,0,0,2,11,0,0,47,0,180,124,1,0,0,0,9,0,0,0,0,3,1,487,0,49,321,124,487
COFFEE1 ADA WRIGHT CC,80,1,45,6,25,1,95,0,0,0,0,25,0,0,46,0,165,261,0,0,3,0,24,2,0,1,0,3,8,639,0,126,363,261,639
COFFEE10 MT. ARARAT,60,1,26,4,33,0,114,0,0,0,0,12,0,0,39,0,150,180,0,0,0,0,17,1,0,1,0,3,5,652,0,87,352,180,652
COFFEE11 FREDONIA,65,0,24,4,24,0,87,0,0,0,1,10,0,0,71,1,185,177,0,0,0,0,30,0,0,8,0,5,0,668,0,89,383,177,668
COFFEE12 NORTH COFFEE,52,4,38,3,42,0,121,0,0,0,0,10,0,3,47,0,206,176,0,0,2,0,21,1,0,1,0,0,8,821,0,94,432,176,821
COFFEE13-1 BLANTON'S CHAPEL,41,0,34,4,36,1,98,0,0,1,2,11,0,1,37,0,153,125,0,0,0,0,14,0,0,1,0,3,1,506,0,75,344,125,506
COFFEE13-2 GRACE BAPTIST,29,0,16,0,27,0,60,0,0,0,1,11,0,0,51,0,113,72,0,0,1,0,11,0,0,0,0,1,1,434,0,45,263,72,434
COFFEE14 HICKERSON,98,1,40,4,36,1,131,0,0,0,0,18,0,3,62,1,199,236,0,0,1,0,15,0,0,1,0,1,2,822,0,139,455,236,822
COFFEE15 GRACE BAPTIST,91,2,72,2,65,1,129,3,0,0,0,48,0,0,122,0,187,323,4,0,3,0,28,3,0,5,0,2,1,897,0,165,557,323,897
COFFEE16 LION'S CLUB,122,2,59,10,46,1,181,1,0,0,2,51,0,1,195,0,220,366,0,0,1,0,62,2,0,8,0,2,7,983,0,183,708,366,983
COFFEE18 FIRST CHRISTIAN,64,1,43,9,44,0,71,0,0,0,0,19,0,0,65,0,125,233,0,0,1,0,32,2,0,1,0,4,3,614,0,108,333,233,614
COFFEE19 CD STAMPS CENTER,73,0,27,1,8,1,28,0,0,0,1,5,0,0,16,0,67,212,0,0,2,0,11,0,0,1,0,3,6,353,0,100,127,212,353
COFFEE2 ST PAUL,49,2,22,0,9,0,50,0,0,0,0,2,0,0,23,0,84,137,0,0,2,0,20,0,0,1,0,1,5,336,0,73,168,137,336
COFFEE20 SR CITIZENS CENTER,76,1,46,4,30,1,109,0,0,0,1,23,0,1,62,0,151,284,0,0,3,0,24,2,0,5,0,1,12,647,0,123,382,284,647
COFFEE21 WILSON AVE,97,0,53,2,29,0,114,0,0,0,1,22,0,2,77,0,151,296,0,0,1,0,34,4,0,8,0,5,8,668,0,150,398,296,668
COFFEE3 TRINITY,63,2,65,0,45,1,133,0,0,0,0,25,1,0,75,1,165,262,2,0,4,0,25,1,0,3,0,6,11,778,0,130,446,262,778
COFFEE4 FIRST BAPTIST,93,1,52,9,38,0,94,0,0,0,2,18,0,1,47,0,160,298,0,0,1,0,20,1,0,1,0,4,13,661,0,146,369,298,661
COFFEE5 HILLSBORO,85,0,17,3,26,0,118,0,1,0,0,20,0,0,54,0,196,217,0,0,1,0,11,2,0,2,0,3,5,723,0,102,418,217,723
COFFEE6 TN VOCATIONAL CENTER,43,3,41,4,32,0,67,1,0,0,1,7,0,4,38,1,141,154,0,0,1,0,20,0,0,1,0,3,0,589,0,87,296,154,589
COFFEE7 FOREST MILL,66,1,28,2,40,0,121,0,0,0,0,19,0,0,46,1,194,192,0,0,1,0,19,0,0,1,0,0,3,732,0,95,423,192,732
COFFEE8 NEW UNION,49,1,29,5,38,2,140,0,0,0,1,22,0,0,75,0,260,187,0,0,1,0,42,1,0,4,0,5,8,885,0,79,543,187,885
COFFEE9-1 POCAHONTAS,38,1,17,1,18,0,66,0,0,0,0,7,0,0,28,0,119,102,2,0,1,1,10,0,0,0,0,4,2,482,0,56,239,102,482
COFFEE9-2 SUMMITVILLE,27,0,10,0,6,0,43,2,0,0,0,4,0,0,20,0,66,70,1,0,1,0,6,1,0,0,0,1,2,242,0,37,141,70,242
CROCKETT10,46,0,6,2,6,0,30,1,0,0,0,2,0,0,16,0,53,159,0,0,0,0,3,1,0,0,0,0,1,195,0,52,110,159,195
CROCKETT11,33,1,9,8,15,1,50,0,0,1,0,2,0,2,38,0,88,85,0,0,2,0,13,0,0,0,0,2,0,381,0,43,205,85,381
CROCKETT12,42,1,12,3,25,0,69,0,0,0,0,7,0,0,27,0,101,115,0,0,1,0,4,0,0,0,0,1,2,422,0,55,232,115,422
CUMBERLAND1 CORNERSTONE,129,3,97,26,67,5,290,0,0,0,1,73,0,2,173,2,404,524,1,0,4,0,53,3,0,4,0,6,11,1957,0,229,1043,524,1957
CUMBERLAND2 COMPLEX 2,64,2,74,11,57,0,134,0,0,0,3,41,0,2,107,1,269,346,0,0,4,0,40,3,0,0,0,8,9,1222,0,140,625,346,1222
CUMBERLAND3 BIG LICK,27,1,24,4,31,0,89,0,1,0,1,16,0,0,30,1,174,121,0,0,0,0,7,0,0,0,0,4,2,523,0,52,347,121,523
CUMBERLAND3 DORTON,22,0,11,2,14,0,45,2,0,0,0,5,0,0,29,0,93,52,0,0,0,0,8,0,0,0,0,1,4,321,0,33,190,52,321
CUMBERLAND3 HOMESTEAD,49,2,28,5,30,0,210,0,0,0,3,25,0,0,83,0,196,201,0,0,0,0,29,0,0,1,0,2,4,849,0,79,552,201,849
CUMBERLAND3 LINARY,33,1,38,1,23,0,127,0,0,0,3,11,0,0,51,1,160,125,0,0,1,0,20,1,0,3,0,0,8,623,0,72,377,125,623
CUMBERLAND4 BAKERS,20,1,18,6,23,0,88,0,0,1,0,8,0,1,30,0,150,95,0,0,1,0,8,1,0,2,0,0,3,542,0,39,307,95,542
CUMBERLAND4 OAK HILL,53,1,33,6,35,1,145,0,1,0,4,24,0,1,73,0,253,200,0,0,1,0,25,2,0,0,0,2,3,963,0,87,543,200,963
CUMBERLAND4 TABOR,26,2,34,4,45,2,117,0,0,0,1,14,1,1,64,0,185,110,0,0,1,0,16,2,0,0,0,1,4,710,0,62,434,110,710
CUMBERLAND5 LANTANA,40,0,30,2,24,2,102,1,0,0,1,19,0,1,60,0,168,163,0,0,1,0,21,0,0,0,0,0,3,587,0,70,380,163,587
CUMBERLAND5 TANSI,91,2,51,6,55,2,183,0,0,0,5,28,1,1,141,1,351,328,0,0,4,0,26,1,0,0,0,4,2,1384,0,144,774,328,1384
CUMBERLAND5 VANDEVER,34,2,23,0,19,0,119,0,0,0,3,7,1,1,39,0,186,98,0,0,1,0,13,0,0,3,0,1,4,648,0,59,375,98,648
CUMBERLAND6 CHESTNUT HILL,51,2,30,3,22,1,68,0,1,0,1,17,0,0,53,0,184,175,0,0,2,0,15,0,0,0,0,4,3,702,0,83,350,175,702
CUMBERLAND6 CRAB ORCHARD,19,0,17,3,17,0,48,0,0,0,0,8,0,0,26,0,83,72,1,0,2,0,6,1,0,0,0,1,5,384,0,36,185,72,384
CUMBERLAND6 GRASSY COVE,14,0,21,2,20,0,46,0,0,0,0,4,0,3,17,0,98,57,0,0,1,0,9,0,0,1,0,1,1,309,0,35,190,57,309
CUMBERLAND6 OZONE-PINEVIEW,41,0,20,1,17,0,71,1,0,0,2,7,0,0,25,0,130,116,3,0,0,0,11,0,0,0,0,0,0,488,0,61,254,116,488
CUMBERLAND7 MAYLAND,23,1,36,4,26,1,128,0,0,0,2,21,1,1,54,0,205,160,0,0,1,0,16,1,0,0,0,2,6,820,0,60,443,160,820
CUMBERLAND7 RINNIE,12,0,11,1,12,1,76,0,0,0,0,6,0,0,27,0,107,41,0,0,0,0,4,0,0,1,0,0,2,385,0,23,230,41,385
CUMBERLAND7 WOODY,46,2,35,8,35,0,141,0,0,0,0,11,0,2,47,0,264,135,1,0,0,0,24,0,0,1,0,1,3,897,0,83,508,135,897
CUMBERLAND8 MIDWAY,9,0,8,0,1,0,39,0,0,0,0,1,0,0,10,0,65,32,0,0,1,0,4,0,0,0,0,1,2,219,0,17,116,32,219
CUMBERLAND8 PLEASANT HILL,118,6,66,2,22,0,115,0,1,0,2,8,0,0,36,1,135,269,1,0,1,0,15,2,0,1,0,1,3,621,0,190,322,269,621
CUMBERLAND8 POMONA,49,2,42,4,48,1,189,0,1,0,2,44,0,3,86,0,287,209,4,0,1,0,13,0,0,0,0,2,6,1086,0,93,665,209,1086
CUMBERLAND9 FAIRFIELD NORTH,201,3,78,35,89,3,305,4,0,0,3,161,1,1,461,0,613,655,0,0,4,0,34,3,0,1,0,3,2,1978,0,282,1676,655,1978
CUMBERLAND9 FAIRFIELD SOUTH,141,0,63,16,59,3,189,1,0,0,2,108,0,2,250,2,392,918,0,0,6,0,54,6,0,1,0,8,9,2195,0,204,1024,918,2195
DECATUR1-1 DUNBAR,42,1,20,3,16,2,59,1,0,0,0,3,0,0,29,1,105,133,0,0,0,0,11,1,0,3,0,2,3,456,0,63,219,133,456
DECATUR2-1 LIBERTY,17,0,10,1,3,0,28,0,0,0,0,1,0,0,2,0,32,26,0,0,0,0,3,0,0,0,0,1,0,134,0,27,67,26,134
DECATUR2-2 SCOTTS HILL,14,2,8,0,11,0,18,0,0,0,0,0,0,0,9,0,52,49,0,0,1,0,3,1,0,0,0,1,1,249,0,24,90,49,249
DECATUR3-1 BEACON,3,0,2,1,3,0,10,0,0,0,0,3,0,0,3,0,26,7,0,0,0,0,2,0,0,0,0,0,0,88,0,5,46,7,88
DECATUR3-2 DECATURVILLE,39,1,17,0,11,0,32,0,0,0,0,7,0,0,19,0,76,98,0,0,1,0,6,0,0,0,0,2,2,307,0,57,145,98,307
DECATUR4-1 DECATURVILLE,76,1,17,3,6,0,41,0,0,0,0,9,0,0,14,0,93,154,0,0,0,0,10,1,0,1,0,0,1,443,0,94,166,154,443
DECATUR5-1 PARSONS,36,1,15,1,4,0,23,0,0,0,2,3,0,0,17,0,82,106,2,0,1,0,7,0,0,0,0,0,2,311,0,52,132,106,311
DECATUR6-1 PARSONS,21,0,5,1,13,1,17,0,0,0,2,3,0,0,12,0,73,70,0,0,1,0,6,0,0,1,0,0,4,329,0,26,122,70,329
DECATUR7-1 JEANETTE,23,0,14,1,5,0,33,0,0,0,0,7,0,1,24,1,53,67,0,0,0,0,14,0,0,0,0,0,1,236,0,37,125,67,236
DECATUR7-2 PERRYVILLE,13,2,2,0,6,0,15,0,0,0,0,1,0,0,5,0,44,38,0,0,0,0,0,0,0,0,0,0,0,162,0,17,71,38,162
DECATUR8-1 PARSONS,26,2,13,1,19,0,43,0,0,0,1,8,0,1,35,0,103,89,0,0,0,0,4,0,0,0,0,0,2,441,0,41,211,89,441
DECATUR9-1 BEACON,6,0,4,1,5,0,14,0,0,0,0,1,0,0,9,0,27,15,0,0,0,0,1,0,0,0,0,1,0,131,0,10,57,15,131
DECATUR9-2 HYDRO,14,0,4,0,8,1,34,0,0,0,0,0,0,0,21,0,76,42,0,0,1,0,3,1,0,0,0,1,0,301,0,18,140,42,301
DEKALB1-1 ALEXANDRIA,59,0,27,0,14,0,96,0,2,0,3,4,0,1,42,0,123,160,0,0,0,0,16,1,0,0,0,3,7,583,0,86,285,160,583
DEKALB1-2 TEMPERENCE HALL,22,1,7,0,10,0,23,0,0,0,0,2,0,0,11,0,46,48,0,0,0,0,4,0,0,1,0,2,2,196,0,30,92,48,196
DEKALB1-3 EDGAR EVINS PARK,2,0,0,0,0,0,6,0,0,0,0,4,0,0,2,0,17,5,0,0,0,0,0,0,0,0,0,1,1,52,0,2,29,5,52
DEKALB2-1 LIBERTY,19,1,13,2,14,0,46,0,0,0,0,5,0,0,28,1,69,53,0,0,1,0,4,0,0,0,0,4,1,285,0,33,165,53,285
DEKALB2-2 DOWELLTOWN,20,0,19,1,8,0,25,0,0,0,0,0,0,0,4,1,68,72,0,0,0,0,4,1,0,0,0,1,2,195,0,39,107,72,195
DEKALB2-3 SNOWS HILL,27,0,23,1,3,0,30,0,0,0,2,10,0,0,21,0,70,92,0,0,1,0,2,0,0,0,0,2,5,295,0,50,137,92,295
DEKALB3-1 CHURCH OF GOD,105,1,29,2,24,0,71,2,0,1,2,6,1,3,52,0,180,230,0,0,2,0,14,1,0,0,0,4,6,713,0,135,344,230,713
DEKALB4-2 ROCK CASTLE,16,0,2,0,3,0,19,0,0,0,0,2,0,0,16,0,33,36,0,0,0,0,1,0,0,0,0,2,0,101,0,18,73,36,101
DEKALB4-3 COURTHOUSE,114,2,46,1,22,0,82,1,0,0,1,14,0,3,56,0,174,265,0,0,0,0,25,1,0,0,0,3,10,719,0,162,354,265,719
DEKALB5-1 JOHNSON CHAPEL,15,1,6,0,8,2,24,0,0,1,0,12,0,0,21,0,79,43,0,0,0,0,6,0,0,1,0,0,0,262,0,22,147,43,262
DEKALB5-2 COUNTY COMPLEX,83,4,42,1,26,1,57,0,0,0,0,12,0,3,35,0,121,176,0,0,3,0,14,0,0,0,0,2,3,584,0,129,256,176,584
DEKALB6-1 BELK,19,1,13,2,2,0,17,0,0,0,1,2,0,0,7,0,51,42,0,0,1,0,6,0,0,0,0,2,1,166,0,33,82,42,166
DEKALB6-2 KELTONBURG,30,1,22,0,12,0,22,0,0,0,0,3,0,0,12,1,54,83,0,0,1,0,7,0,0,0,0,1,1,235,0,53,104,83,235
DEKALB6-3 BLUE SPRINGS,26,0,12,0,12,0,33,0,0,0,0,3,0,0,10,0,52,61,0,0,0,0,3,0,0,0,0,0,3,270,0,38,110,61,270
DEKALB7-1 CHURCH OF CHRIST,84,0,25,0,17,0,49,0,0,1,0,9,0,0,27,0,106,203,0,0,1,0,11,2,0,0,0,2,7,515,0,109,209,203,515
DYERA1- BONICORD,39,0,28,2,26,0,70,1,0,0,0,5,0,0,38,0,154,128,1,0,1,0,11,2,0,1,0,1,3,672,0,67,296,128,672
DYERA2- FOWLKES,24,0,18,3,19,0,47,0,0,0,1,8,0,0,34,0,140,99,0,0,0,0,7,1,0,0,0,1,2,532,0,42,252,99,532
DYERC1- TATUMVILLE,8,2,9,0,15,0,46,0,0,0,1,3,0,1,28,0,77,47,0,0,0,0,6,0,0,1,0,0,1,375,0,19,171,47,375
DYERC2- TRIMBLE,21,1,19,1,34,0,94,0,0,0,3,7,0,0,17,0,142,88,0,0,3,0,11,0,0,0,0,1,4,583,0,41,298,88,583
DYERC3- ROELLEN,16,0,6,1,10,0,30,0,0,0,0,0,0,0,16,0,71,47,0,0,0,0,3,0,0,0,0,0,0,260,0,22,128,47,260
DYERD1- MILLSFIELD,46,0,10,4,24,1,131,0,0,0,4,3,0,0,47,1,207,105,0,0,0,0,11,0,0,0,0,0,1,891,0,56,422,105,891
DYERD2- BOGOTA,24,1,21,3,18,0,88,0,0,0,2,9,0,0,47,0,160,106,0,0,1,0,8,0,0,1,0,1,3,650,0,46,327,106,650
DYERE1- FINLEY,35,0,1,2,12,0,43,0,1,0,0,5,0,2,39,0,115,108,0,0,0,0,8,0,0,0,0,0,3,552,0,36,219,108,552
DYERE2- LENOX,10,0,16,0,31,0,97,0,0,0,1,4,0,0,45,0,145,59,0,0,0,0,9,0,0,0,0,3,1,687,0,26,323,59,687
DYERI1- COMMUNITY CENTER,54,1,18,3,17,1,46,1,0,0,2,7,0,0,40,0,130,185,0,0,0,0,14,0,0,0,0,1,1,461,0,73,247,185,461
DYERI2- HURRICANE HILL,21,0,16,3,11,0,66,1,0,0,1,8,0,1,25,0,140,77,0,0,1,0,8,0,0,1,0,1,0,520,0,37,256,77,520
FAYETTEBRADEN,156,0,22,1,15,0,76,0,0,0,2,2,0,0,20,0,111,477,1,0,2,0,7,3,0,0,0,1,1,381,0,178,227,477,381
FAYETTEELBA,107,0,18,2,28,0,201,0,0,0,2,17,1,3,55,0,225,324,0,0,0,0,18,1,0,3,0,3,3,924,0,125,534,324,924
FAYETTEFAYETTE CORNER,95,0,8,1,13,0,100,0,0,0,1,6,0,1,32,0,127,248,0,0,0,0,8,0,0,0,0,1,2,528,0,103,281,248,528
FAYETTEGALLAWAY,92,1,18,3,31,0,133,0,0,1,0,7,0,0,51,0,126,316,0,0,2,0,11,2,0,1,0,2,4,674,0,111,352,316,674
FAYETTEGARNETT,67,0,12,0,15,0,76,0,0,0,0,12,0,0,30,0,98,197,0,0,1,0,7,0,0,1,0,1,3,420,0,79,231,197,420
FAYETTEHICKORY WITHE,142,1,52,5,70,1,443,0,1,0,0,34,0,1,184,0,460,481,1,0,3,0,53,1,0,6,0,3,11,1898,0,195,1199,481,1898
FAYETTELAGRANGE,65,0,13,0,3,1,50,0,0,1,0,12,0,0,27,0,49,158,0,0,0,0,3,0,0,0,0,0,2,221,0,78,143,158,221
FAYETTEMACON,170,0,43,5,58,0,301,1,0,0,3,20,0,1,129,1,303,445,0,0,4,0,29,0,0,4,0,4,4,1491,0,213,822,445,1491
FAYETTEMOSCOW,183,1,13,1,7,1,77,0,0,0,2,4,0,0,21,0,91,502,0,0,0,0,7,1,0,0,0,2,4,378,0,197,204,502,378
FAYETTEOAKLAND,244,0,71,6,87,0,469,0,0,2,7,23,0,4,184,0,506,861,2,0,4,0,60,3,0,3,0,11,11,2624,0,315,1288,861,2624
FAYETTEPARKS,92,1,18,8,12,0,96,0,1,0,2,6,0,1,33,0,135,242,0,0,1,0,4,0,0,0,0,0,2,599,0,111,294,242,599
FAYETTEPIPERTON,79,2,20,0,28,0,148,0,0,0,0,18,0,2,153,0,164,244,1,0,1,0,11,1,0,0,0,6,5,844,0,101,513,244,844
FAYETTEROSSVILLE,192,1,15,2,33,1,126,0,0,0,0,21,0,0,69,0,191,486,2,0,0,0,19,1,0,0,0,0,6,835,0,208,443,486,835
FAYETTESOMERVILLE CITY,266,1,31,7,19,0,157,1,1,1,5,21,1,1,105,0,204,757,1,0,1,0,16,3,0,2,0,3,4,898,0,298,523,757,898
FAYETTEWILLISTON,53,0,9,1,11,0,67,0,0,0,2,7,0,1,28,0,91,136,1,0,0,0,8,0,0,6,0,0,0,340,0,62,208,136,340
FENTRESSALLARDT,35,0,16,3,21,0,102,0,1,0,1,9,0,0,41,0,141,127,0,0,3,0,9,1,0,0,0,1,1,591,0,51,319,127,591
FENTRESSARMATHWAITE,11,0,21,2,15,0,89,0,0,0,3,3,0,0,10,0,39,47,0,0,0,0,3,1,0,0,0,0,0,344,0,32,161,47,344
FENTRESSBANNER SPRINGS,21,0,23,0,22,3,54,0,0,0,1,7,0,0,22,0,161,91,1,0,0,0,12,3,0,1,0,3,9,550,0,44,270,91,550
FENTRESSCLARKRANGE,46,2,20,2,15,0,108,0,0,0,4,12,0,0,29,0,149,121,0,0,1,0,8,0,0,1,0,2,3,671,0,68,319,121,671
FENTRESSCOMMUNITY CENTER,26,1,18,2,11,0,89,1,0,0,2,6,0,0,25,0,131,97,0,0,0,0,11,2,0,1,0,1,3,547,0,45,267,97,547
FENTRESSCOURTHOUSE,24,0,9,2,4,1,54,0,0,0,0,1,0,0,16,0,108,101,0,0,0,0,9,0,0,0,0,0,1,395,0,33,186,101,395
FENTRESSCROSSROADS,42,2,22,1,13,0,96,1,0,0,1,11,0,1,41,0,159,114,0,0,0,0,8,2,0,0,0,2,3,679,0,66,324,114,679
FENTRESSEAST JAMESTOWN,4,0,8,1,2,0,12,0,0,0,0,2,0,0,6,0,17,30,0,0,0,0,5,0,0,0,0,0,2,108,0,12,40,30,108
FENTRESSGRIMSLEY,40,1,16,4,15,0,102,0,0,0,0,8,0,0,28,0,160,108,0,0,1,0,9,1,0,1,0,1,4,692,1,57,317,108,692
FENTRESSPALL MALL,17,0,8,1,3,0,34,0,0,0,0,0,0,0,21,1,65,42,0,0,0,0,4,0,0,0,0,0,1,232,0,25,125,42,232
FENTRESSPINE HAVEN,33,1,15,2,11,0,52,1,0,0,3,5,0,0,36,0,119,97,0,0,4,0,9,2,0,0,0,1,4,467,0,49,229,97,467
FENTRESSTINCHTOWN,35,0,12,2,8,0,81,0,0,0,1,8,0,0,31,0,115,86,0,0,0,0,17,1,0,0,0,0,5,531,0,47,246,86,531
FENTRESSWEST FENTRESS,18,0,3,0,7,0,28,0,0,0,2,1,0,0,18,0,55,39,0,0,1,0,3,1,0,0,0,0,1,231,0,21,111,39,231
FRANKLIN1-1 ANNEX,197,2,90,8,67,0,149,0,0,0,3,39,0,1,101,0,380,646,0,0,5,0,46,1,0,3,0,4,9,1350,0,289,748,646,1350
FRANKLIN2-1 CLARK MEMORIAL,187,4,79,13,85,0,160,0,0,0,1,38,0,1,163,0,438,549,0,0,9,0,52,5,0,1,0,6,7,1590,0,270,899,549,1590
FRANKLIN3-1 BROADVIEW,57,1,32,3,21,3,81,0,0,0,1,11,0,0,72,0,163,156,0,0,0,0,16,0,0,3,0,1,5,624,0,90,355,156,624
FRANKLIN3-2 HUNTLAND,64,0,15,3,35,0,63,0,0,0,2,4,0,1,41,0,162,147,0,0,0,0,6,0,0,0,0,2,0,571,0,79,311,147,571
FRANKLIN3-3 WALNUT GROVE,47,2,17,1,12,1,30,0,0,0,0,4,0,0,16,0,77,96,1,0,0,0,5,0,0,0,0,0,0,280,0,66,141,96,280
FRANKLIN4-1 BELVIDERE,29,0,14,0,20,0,45,0,0,0,0,9,0,1,16,0,97,82,0,0,0,0,11,0,0,0,0,0,0,331,0,43,188,82,331
FRANKLIN4-2 COWAN,96,2,51,4,46,0,89,0,0,0,2,15,0,0,44,0,214,269,1,0,1,0,18,1,0,0,0,4,6,790,0,149,414,269,790
FRANKLIN4-3 LIBERTY,28,1,9,0,25,0,77,1,0,0,0,7,0,1,24,0,114,80,0,0,0,0,7,0,0,0,0,0,1,473,0,38,249,80,473
FRANKLIN5-1 KEITH SPRINGS,12,1,5,0,6,0,22,0,0,0,0,2,0,0,5,0,49,38,0,0,0,0,2,0,0,0,0,3,0,127,0,18,84,38,127
FRANKLIN5-2 SEWANEE,303,1,237,6,11,0,45,0,0,1,0,33,1,0,76,1,70,827,0,0,2,0,25,3,1,1,0,0,15,311,0,541,244,827,311
FRANKLIN5-3 SHERWOOD,12,0,1,0,0,0,11,0,0,0,0,2,0,0,3,0,39,19,0,0,0,0,0,0,0,0,0,1,0,98,0,13,55,19,98
FRANKLIN6-1 ALTO/OAK GROVE,85,1,43,0,12,0,46,0,0,0,0,9,0,0,33,0,152,176,0,0,2,0,6,1,0,0,0,0,2,458,0,129,252,176,458
FRANKLIN6-2 CAPITOL HILL,60,0,32,1,16,0,68,0,0,1,3,10,0,0,28,0,164,145,0,0,1,0,18,1,0,1,0,2,2,555,0,92,291,145,555
FRANKLIN6-3 UTSI,40,0,18,0,19,0,74,1,0,0,1,10,0,0,41,0,93,142,0,0,2,0,12,0,0,0,0,2,2,529,0,58,239,142,529
FRANKLIN7-1 NORTH LAKE,88,0,45,4,68,1,165,1,1,1,1,22,0,1,86,1,228,257,0,0,1,0,34,1,0,1,0,5,4,1010,0,133,580,257,1010
FRANKLIN7-2 CG/WINCHESTER SPRINGS,80,2,39,4,55,0,138,0,0,0,3,24,1,0,94,0,260,217,0,0,0,0,17,0,0,2,0,4,4,1016,0,121,579,217,1016
FRANKLIN8-1 DECHERD,106,2,34,2,16,1,49,0,1,0,0,7,0,1,26,0,122,271,0,0,0,0,15,0,0,1,0,1,5,475,0,142,225,271,475
FRANKLIN8-2 ESTILL SPRINGS,102,4,50,4,42,1,136,0,0,0,2,15,1,1,80,2,251,257,0,0,5,0,29,3,0,0,0,1,4,944,0,156,535,257,944
GIBSON1-1 MEDINA,47,0,46,4,121,2,319,0,0,0,1,39,0,1,119,0,341,310,2,0,2,0,37,0,0,12,0,4,8,2174,0,93,947,310,2174
GIBSON1-2 SITKA,23,0,12,1,32,0,96,0,0,0,0,2,1,0,39,0,98,89,0,0,2,0,11,1,0,4,0,2,2,541,0,35,269,89,541
GIBSON11-2 MOORE'S CHAPEL,42,1,15,2,33,0,67,0,0,0,1,7,0,2,40,0,129,98,0,0,2,0,13,1,0,0,0,1,5,534,0,58,281,98,534
GIBSON11-5 SKULLBONE,15,0,9,2,20,1,47,0,0,0,1,9,0,1,20,1,83,48,0,0,0,0,6,0,0,0,0,2,2,427,0,24,185,48,427
GIBSON12 MILAN CPC,56,0,15,2,74,1,99,0,0,0,1,17,0,0,65,1,167,140,1,0,0,0,22,1,0,4,0,2,2,778,0,71,427,140,778
GIBSON13 MILAN POLK CLARK,143,0,15,2,14,1,18,0,0,0,0,2,0,0,10,0,32,407,1,0,1,0,6,0,0,0,0,0,1,168,0,158,79,407,168
GIBSON14 MILAN 1STASSEMBLY,67,1,14,0,16,0,54,0,0,0,0,7,0,1,22,0,79,216,0,0,3,0,11,1,0,0,0,2,2,413,0,82,179,216,413
GIBSON15 MILAN MUNICIPAL,53,1,25,4,42,2,96,0,0,0,1,23,0,0,73,0,133,205,0,0,1,0,19,1,0,2,0,1,8,644,1,79,374,205,644
GIBSON16 RUTHERFORD,34,0,15,3,25,2,71,0,0,0,1,8,0,0,32,0,130,155,0,0,2,0,6,2,0,0,0,1,6,528,0,49,272,155,528
GIBSON16-1 YORKVILLE,28,1,13,0,23,2,86,0,0,0,1,7,0,0,36,0,110,78,0,0,0,0,1,0,0,1,0,0,0,396,0,42,265,78,396
GIBSON16-2 KENTON,37,1,14,1,23,1,58,0,0,0,0,7,0,0,12,0,76,104,0,0,2,0,4,0,0,0,0,2,1,354,0,52,178,104,354
GIBSON17-1 BRADFORD,57,0,17,2,23,0,79,0,1,0,2,5,0,2,34,0,96,153,0,0,2,0,12,1,0,1,0,0,3,539,0,74,244,153,539
GIBSON18-1 LANEVIEW,12,0,12,1,7,0,40,0,0,0,0,1,0,0,18,0,63,54,0,0,0,0,5,0,0,0,0,2,5,242,0,24,130,54,242
GIBSON18-2 GOOD LUCK,23,0,5,0,11,0,27,0,0,0,0,3,0,0,24,1,80,50,0,0,0,0,0,0,0,0,0,0,0,298,0,28,146,50,298
GIBSON19-1 DYER,105,1,24,5,26,0,104,0,1,1,0,10,0,1,39,0,175,332,0,0,4,0,23,2,0,0,0,7,4,763,0,130,362,332,763
GIBSON19-2 CURRIE,26,0,14,0,13,1,38,0,0,0,0,5,0,0,32,0,70,62,0,0,1,0,13,0,0,0,0,0,0,297,0,40,159,62,297
GIBSON2 HUMBOLDT CHURCH,54,0,12,0,30,0,94,0,0,2,0,7,0,0,57,0,151,177,0,0,0,0,22,3,0,1,0,0,0,596,0,66,341,177,596
GIBSON4 ST JAMES BAPTIST,123,0,5,0,8,0,9,0,0,0,0,1,0,0,7,0,8,546,1,0,0,0,4,0,0,0,0,1,0,89,0,128,33,546,89
GIBSON5 LANE CHAPEL CHURCH,122,0,10,2,5,0,11,0,0,0,0,3,0,0,3,0,25,486,1,0,0,0,4,1,0,0,0,2,3,114,0,132,49,486,114
GIBSON6-4 GIBSON,31,0,5,0,25,1,58,0,0,0,0,5,0,0,29,0,82,76,0,0,0,0,12,1,0,1,0,2,0,361,0,36,200,76,361
GIBSON7-2 FRUITLAND,64,0,14,1,24,0,73,0,0,0,0,11,0,0,32,0,110,193,1,0,2,0,3,1,0,0,0,0,2,561,0,78,251,193,561
GIBSON8-1 EDISON,33,0,9,0,11,0,24,0,0,0,1,4,0,0,17,0,52,109,0,0,0,0,8,1,0,0,0,1,2,219,0,42,109,109,219
GIBSON8-2 BRAZIL,25,0,6,1,15,0,45,0,1,0,0,3,0,2,23,0,98,68,0,0,0,0,8,0,0,0,0,0,1,358,0,31,188,68,358
GIBSON9 COURTHOUSE,59,0,22,3,27,0,53,0,0,0,1,5,0,0,37,0,94,157,0,0,0,0,11,0,0,0,0,0,2,508,0,81,220,157,508
GILES1A ARDMORE,64,0,27,1,36,1,98,0,0,1,1,10,0,0,44,0,187,203,0,0,2,0,8,1,0,3,0,1,2,751,0,91,379,203,751
GILES1B PROSPECT,47,0,18,1,13,0,68,0,0,0,1,6,0,0,53,0,127,179,0,0,1,0,5,1,0,0,0,1,5,528,0,65,269,179,528
GILES2A MINOR HILL,57,1,30,2,21,1,82,0,0,0,0,7,0,0,54,0,222,168,0,0,0,0,24,0,0,0,0,1,2,854,0,88,389,168,854
GILES2B AIRPORT,46,1,11,1,11,0,23,1,0,0,1,3,0,1,19,0,87,123,0,0,0,0,9,2,0,0,0,0,0,364,0,58,147,123,364
GILES3A RICHLAND TRACE,45,0,12,3,14,0,78,0,0,0,3,14,0,0,36,0,157,138,0,0,1,0,10,1,0,2,0,0,4,602,0,57,305,138,602
GILES3B CAMPBELLSVILLE,65,0,26,2,20,0,89,0,0,0,3,2,0,1,26,0,153,150,1,0,1,0,16,0,0,1,0,0,4,666,0,91,296,150,666
GILES4A LYNNVILLE,63,0,31,4,27,0,130,0,0,0,1,9,0,0,41,0,188,177,0,0,1,0,16,0,0,1,0,1,2,826,0,94,400,177,826
GILES4B ODD FELLOWS HALL,30,0,25,3,33,0,88,1,0,0,2,6,0,0,46,2,157,137,0,0,0,0,9,0,0,1,0,3,2,681,0,55,338,137,681
GILES5A TCAT,73,1,32,0,29,0,88,0,0,0,2,12,0,1,51,0,201,238,0,0,1,0,13,1,0,0,0,1,6,846,0,106,384,238,846
GILES5B AGRI PARK,40,0,27,0,30,0,47,0,0,0,2,10,0,0,53,0,138,146,0,0,0,0,9,1,0,0,0,0,3,566,0,67,280,146,566
GILES6A MARTIN,67,0,22,3,15,0,18,0,0,0,1,4,0,2,25,0,87,291,0,0,2,0,13,1,0,0,0,1,4,333,0,89,155,291,333
GILES6B BRIDGEFORTH,127,0,9,0,3,1,12,1,0,0,0,0,0,0,14,0,39,414,0,0,3,0,4,1,0,0,0,0,3,164,0,136,70,414,164
GILES7A GCHS,74,1,19,7,11,1,16,0,1,0,0,7,0,0,20,0,58,208,0,0,1,0,16,1,0,0,0,0,3,270,0,94,121,208,270
GILES7B REC CENTER,117,0,26,4,10,0,62,0,0,0,0,5,0,1,45,0,111,345,0,0,3,0,10,1,0,0,0,2,1,519,0,143,238,345,519
GREENE1 BAILEYTON,32,2,36,6,29,0,122,2,0,0,2,14,0,0,71,1,235,170,1,0,0,0,17,2,0,0,0,2,3,803,0,70,482,170,803
GREENE1 OTTWAY,42,1,39,7,23,3,127,0,0,0,3,18,0,2,58,0,247,167,0,0,0,0,21,2,0,0,0,1,8,919,0,82,488,167,919
GREENE1 WEST PINES,38,3,28,1,20,0,121,0,0,0,0,23,0,1,70,1,205,149,2,0,2,0,23,1,0,0,0,2,5,819,0,69,442,149,819
GREENE2 CHUCKEY,66,0,61,10,61,1,243,2,1,1,3,21,0,3,115,2,410,306,0,0,0,0,35,1,0,3,0,8,6,1538,0,127,873,306,1538
GREENE2 CHUCKEY DOAK,57,1,77,7,61,0,208,0,0,0,3,24,0,1,94,0,350,282,0,0,0,0,32,2,0,4,0,5,9,1388,0,135,748,282,1388
GREENE3 DOAK,75,2,61,9,63,6,203,1,0,0,2,45,0,1,153,0,327,299,0,0,3,0,40,1,0,8,0,3,15,1256,0,138,810,299,1256
GREENE3 TUSCULUM VIEW,103,1,75,25,75,8,192,3,1,0,7,56,0,3,238,1,345,439,3,0,3,0,44,9,0,8,0,4,18,1373,0,179,954,439,1373
GREENE4 CAMP CREEK,86,1,83,11,76,2,290,0,2,0,4,52,1,5,189,2,552,377,3,0,2,0,30,4,0,4,0,5,17,1984,1,170,1186,377,1984
GREENE4 COURTHOUSE,44,0,49,19,36,1,86,1,0,2,1,46,0,1,102,2,168,237,0,0,3,0,28,0,0,1,0,1,11,723,0,93,465,237,723
GREENE5 DEBUSK,65,1,57,15,73,1,171,0,0,0,0,34,0,1,151,0,336,231,4,0,1,0,39,1,0,0,0,6,6,1300,0,123,782,231,1300
GREENE5 MIDDLE SCHOOL,41,1,44,1,37,0,69,0,0,0,2,14,0,1,68,0,144,180,0,0,3,0,18,2,0,0,0,0,6,551,0,86,336,180,551
GREENE5 NOLACHUCKEY,35,1,23,6,54,0,78,0,0,0,0,7,0,0,37,0,164,98,0,0,0,0,11,0,0,4,0,0,0,561,0,59,346,98,561
GREENE5 SOUTH GREENE,26,2,29,7,32,1,72,0,0,0,0,13,0,4,65,1,175,118,0,0,0,0,12,0,0,0,0,2,6,676,0,57,370,118,676
GREENE6 MCDONALD,50,1,28,3,35,1,94,0,0,0,6,7,1,2,84,2,215,124,0,0,2,0,11,1,0,1,0,4,2,798,0,79,450,124,798
GREENE6 MOSHEIM,81,0,78,17,73,2,197,0,0,0,6,19,0,2,136,0,457,305,0,0,3,0,29,1,0,2,0,8,15,1632,0,159,909,305,1632
GREENE7 GLENWOOD,93,4,52,12,78,0,208,0,0,0,3,26,0,6,131,1,455,283,1,0,3,0,49,1,0,1,0,2,9,1435,0,149,920,283,1435
GREENE7 HIGH SCHOOL,145,1,72,6,34,0,89,1,0,0,5,23,0,1,84,0,232,451,0,0,3,0,42,1,0,8,0,3,16,806,0,218,475,451,806
GRUNDYALTAMONT,58,0,36,4,16,1,49,0,2,0,2,1,0,1,20,0,125,131,0,0,0,0,16,1,0,0,0,1,4,473,0,94,221,131,473
GRUNDYBEERSHEBA SPRINGS,21,0,10,3,5,0,16,0,0,0,1,2,0,0,3,0,28,40,0,0,1,0,5,0,0,0,0,1,4,129,0,31,58,40,129
GRUNDYCENTRAL,16,0,10,1,14,0,16,0,0,0,0,3,0,0,8,0,40,47,0,0,0,0,5,1,0,0,0,0,0,180,0,26,82,47,180
GRUNDYCOALMONT,34,1,11,2,18,0,26,0,0,1,1,1,0,0,12,0,71,81,0,0,0,0,8,0,0,0,0,1,0,337,0,46,132,81,337
GRUNDYCOLLINS,10,0,7,0,3,0,7,0,0,0,0,0,0,0,1,0,12,26,0,0,0,0,2,0,0,0,0,0,0,76,0,17,23,26,76
GRUNDYCROSS ROADS,26,1,7,0,11,1,21,0,0,0,0,0,0,0,3,0,43,33,0,0,0,0,6,0,0,0,0,0,0,142,0,34,79,33,142
GRUNDYGRUETLI-LAAGER,64,1,26,1,11,0,59,0,0,0,0,1,0,1,22,0,156,145,0,0,4,0,5,0,0,0,0,2,1,573,0,91,251,145,573
GRUNDYHUBBARD'S COVE,12,0,2,0,3,0,7,0,0,0,0,0,0,0,1,0,15,22,0,0,0,0,2,0,0,0,0,0,0,41,0,14,26,22,41
GRUNDYMONTEAGLE,59,1,19,0,16,0,29,0,0,0,1,9,0,0,27,0,88,137,0,0,1,0,8,0,0,1,0,1,4,393,0,79,170,137,393
GRUNDYPALMER,29,1,12,0,1,0,14,0,0,0,0,0,0,0,6,0,44,68,0,0,0,0,2,1,0,0,0,2,0,186,0,42,65,68,186
GRUNDYPELHAM,29,1,6,0,9,0,28,0,0,0,0,1,0,0,7,0,52,50,0,0,0,0,3,0,0,0,0,1,2,178,0,36,97,50,178
GRUNDYTARLTON,0,0,2,0,5,0,40,0,0,0,0,4,0,0,0,0,13,6,0,0,0,0,1,0,0,0,0,1,0,80,0,2,62,6,80
GRUNDYTRACY CITY,88,6,56,5,29,1,71,0,0,0,2,8,0,0,24,2,225,213,0,0,5,0,17,0,0,1,0,3,4,848,0,150,367,213,848
HAMILTON003 AMNICOLA,61,0,4,0,1,0,0,0,0,0,0,0,0,0,2,0,8,128,0,0,1,0,3,0,0,0,0,0,1,18,0,65,11,128,18
HAMILTON004 AVONDALE,250,0,38,0,1,0,5,0,0,0,0,0,0,0,2,1,4,803,0,0,1,0,5,0,0,2,0,1,5,32,0,288,13,803,32
HAMILTON005 BONNY OAKS,545,2,81,0,19,1,29,0,0,0,2,3,0,0,30,1,58,1302,0,0,2,0,17,1,0,1,0,1,5,247,0,628,143,1302,247
HAMILTON006 BRAINERD,186,0,168,2,38,2,85,0,0,1,2,26,0,3,154,2,108,744,2,0,3,0,77,1,0,17,0,4,11,565,0,354,423,744,565
HAMILTON007 BRAINERD HILLS,149,0,87,4,37,2,57,0,0,0,1,25,0,2,98,1,100,581,2,0,1,0,58,3,0,6,0,1,6,493,0,236,327,581,493
HAMILTON008 BUSHTOWN,431,0,62,0,5,0,2,0,0,0,0,5,0,0,4,0,6,1086,1,0,1,0,14,2,0,12,0,1,12,34,0,493,22,1086,34
HAMILTON012 CONCORD 1,75,0,35,5,36,1,71,0,0,0,2,20,0,2,85,1,95,284,0,0,1,0,39,0,0,6,0,2,3,471,0,110,318,284,471
HAMILTON014 DALEWOOD,425,2,42,0,8,2,6,0,0,0,0,2,0,0,7,0,10,857,0,0,1,0,9,0,0,0,0,2,6,52,0,469,35,857,52
HAMILTON017 EAST BRAINERD 1,206,1,95,8,90,2,193,0,0,2,1,57,0,14,263,5,301,765,4,0,4,0,68,1,0,17,0,7,13,1491,0,302,936,765,1491
HAMILTON018 EAST CHATTANOOGA 1,300,0,68,3,13,0,8,0,0,0,0,4,0,1,12,1,28,408,0,0,1,0,8,0,0,0,0,1,1,46,0,368,70,408,46
HAMILTON019 EAST LAKE,151,0,33,0,12,0,29,0,1,0,0,10,0,0,39,1,98,568,0,0,1,0,21,2,0,4,0,1,8,355,0,184,190,568,355
HAMILTON023 GLENWOOD,267,2,64,8,13,1,13,0,0,0,1,11,0,3,33,2,15,724,1,0,1,0,15,2,0,5,0,2,10,103,0,333,100,724,103
HAMILTON025 HIXSON 1,43,1,41,6,19,0,54,0,0,0,0,17,0,3,71,0,69,203,4,0,2,0,33,0,0,3,0,4,9,313,0,85,239,203,313
HAMILTON028 LAKE HILLS,270,0,41,2,15,1,30,0,0,0,1,5,0,3,35,2,54,654,0,0,1,0,17,1,0,2,0,5,7,244,0,311,148,654,244
HAMILTON029 LUPTON CITY,131,3,139,7,36,0,91,1,0,0,2,19,0,12,98,2,155,543,3,0,1,0,50,3,0,7,0,2,16,684,0,273,423,543,684
HAMILTON031 MISSIONARY RIDGE,167,0,136,6,29,0,45,0,0,0,0,24,0,3,125,1,135,556,0,0,3,0,60,3,0,18,0,0,13,481,0,303,368,556,481
HAMILTON032 MOCCASIN BEND,153,0,189,7,33,0,53,0,0,0,0,31,0,5,113,1,102,716,0,0,1,0,100,1,0,8,0,3,17,553,0,342,345,716,553
HAMILTON033 MOUNTAIN CREEK 1,252,1,237,30,84,5,192,0,0,0,0,94,0,20,349,6,335,1162,1,0,5,0,160,1,0,27,0,11,44,1672,0,490,1115,1162,1672
HAMILTON035 NORTH CHATTANOOGA 1,180,2,181,4,17,1,41,0,0,0,0,66,0,12,209,1,110,761,0,0,1,0,92,0,0,16,0,8,20,546,0,363,461,761,546
HAMILTON037 NORTHWOODS 1,94,0,80,5,43,3,59,1,0,1,1,26,0,6,118,1,140,367,0,0,0,0,37,2,0,3,0,4,12,636,0,174,404,367,636
HAMILTON038 NORTHWOODS 2,31,0,28,6,16,1,40,1,0,0,0,16,0,1,44,3,73,136,0,0,0,0,11,0,0,4,0,0,9,306,0,59,201,136,306
HAMILTON042 RIVERVIEW,138,1,125,10,27,2,42,0,0,1,1,88,1,5,212,1,90,589,0,0,1,0,83,3,0,5,0,2,13,465,0,264,480,589,465
HAMILTON043 ST. ELMO 1,160,0,206,2,52,1,53,0,0,0,0,29,0,1,167,0,50,683,6,0,4,0,93,2,0,61,0,5,34,309,0,366,355,683,309
HAMILTON046 TYNER 1,298,1,122,8,78,3,134,3,0,0,2,47,0,3,176,3,208,892,0,0,2,0,55,5,0,14,0,2,18,983,0,421,665,892,983
HAMILTON048 LOOKOUT VALLEY 1,148,1,105,9,120,2,203,0,1,0,4,80,1,12,345,2,417,581,2,0,1,0,57,1,0,35,0,4,16,1831,0,254,1196,581,1831
HAMILTON050 APISON 1,62,0,67,8,183,5,178,0,0,0,4,55,1,11,248,3,318,314,4,0,2,0,86,4,0,18,0,8,15,1620,0,129,1014,314,1620
HAMILTON051 BIRCHWOOD,80,0,52,5,96,6,206,0,0,0,3,43,1,9,198,6,472,324,4,0,2,0,49,1,0,13,0,9,10,1875,0,132,1045,324,1875
HAMILTON052 COLLEGEDALE 1,57,0,38,12,106,1,72,0,0,0,0,40,0,5,132,3,119,270,0,0,0,0,81,1,0,1,0,4,9,698,0,95,490,270,698
HAMILTON053 EAST RIDGE 1,186,2,165,1,61,2,195,0,0,1,1,38,0,9,183,5,317,760,0,0,0,0,82,3,0,25,0,7,23,1416,0,353,813,760,1416
HAMILTON054 EAST RIDGE 2,137,0,132,6,63,3,108,0,0,0,0,34,0,11,132,0,213,622,1,0,1,0,72,1,0,18,0,5,26,857,0,269,570,622,857
HAMILTON055 EAST RIDGE 3,147,1,84,9,63,2,180,0,0,1,3,23,0,10,118,8,291,541,0,0,4,0,66,3,0,0,0,2,15,1219,0,232,708,541,1219
HAMILTON056 EAST RIDGE 4,140,0,116,5,60,5,144,1,0,0,2,21,1,7,128,2,316,626,1,0,2,0,61,2,0,8,0,6,16,1241,0,256,692,626,1241
HAMILTON058 HARRISON 1,24,0,11,1,6,0,25,0,0,0,0,5,0,1,16,0,23,135,0,0,0,0,5,1,0,0,0,0,2,143,0,35,77,135,143
HAMILTON059 MEADOWVIEW,11,0,11,2,12,1,29,0,0,0,0,7,0,1,41,1,63,64,1,0,0,0,15,0,0,3,0,1,1,291,0,22,157,64,291
HAMILTON060 OOLTEWAH 1,217,0,87,7,125,5,206,0,0,0,1,56,0,10,253,2,302,705,2,0,3,0,73,2,0,26,0,5,14,1519,1,304,967,705,1519
HAMILTON061 RIDGESIDE,31,0,22,5,15,1,14,0,0,0,0,30,0,1,61,0,17,120,0,0,0,0,21,0,0,8,0,0,2,121,0,53,144,120,121
HAMILTON063 SUMMIT 1,0,0,0,0,0,0,0,0,0,0,0,0,0,0,0,0,0,0,0,0,0,0,0,0,0,0,0,0,0,0,0,0,0,0,0
HAMILTON064 WESTVIEW 1,161,1,115,11,100,3,180,1,0,0,1,98,0,9,303,4,268,689,2,0,4,0,83,1,0,13,0,9,16,1392,0,277,978,689,1392
HAMILTON067 FAIRMOUNT,105,1,105,3,79,2,144,1,0,0,3,67,1,7,220,1,208,454,2,0,1,0,84,3,0,16,0,11,9,1159,0,211,736,454,1159
HAMILTON069 FLAT TOP MOUNTAIN,12,0,10,0,9,0,27,0,0,1,2,8,0,2,21,0,52,25,0,0,0,0,5,0,0,1,0,0,1,212,0,22,122,25,212
HAMILTON070 GANNS,79,1,79,12,66,1,179,1,0,0,0,50,0,6,241,0,292,364,2,0,0,0,73,2,0,11,0,7,9,1222,0,159,848,364,1222
HAMILTON071 LAKESITE,39,0,35,4,48,4,111,0,0,0,0,27,0,4,112,1,203,182,3,0,1,0,43,1,0,3,0,5,6,695,0,74,514,182,695
HAMILTON074 MOWBRAY,39,2,21,1,27,3,77,3,0,0,0,19,0,6,87,4,154,144,0,0,0,0,22,1,0,4,0,0,5,656,0,62,381,144,656
HAMILTON075 PLEASANT GROVE 1,195,0,144,18,128,2,299,1,0,0,1,81,0,14,364,6,535,748,3,0,4,0,102,6,0,18,0,9,13,2195,0,339,1449,748,2195
HAMILTON076 RED BANK 1,112,1,162,5,34,0,88,0,0,0,1,17,0,3,108,0,121,643,0,0,1,0,90,1,0,14,0,6,19,651,0,275,377,643,651
HAMILTON077 RED BANK 2,79,1,75,1,17,2,41,0,0,0,1,9,0,3,81,1,74,279,0,0,1,0,34,2,0,9,0,2,13,330,0,155,230,279,330
HAMILTON078 RED BANK 3,195,1,209,11,91,6,178,2,0,0,1,60,1,7,260,4,339,768,0,0,0,0,110,4,0,15,0,1,31,1495,0,405,960,768,1495
HAMILTON080 SALE CREEK,38,0,30,1,42,3,94,1,0,0,2,10,0,8,82,1,204,132,2,0,0,0,16,0,0,18,0,7,3,799,1,68,448,132,799
HAMILTON083 SODDY DAISY 1,158,2,118,8,79,9,244,0,0,0,0,51,0,15,245,6,497,546,5,0,0,0,94,2,0,21,0,5,17,2091,0,278,1154,546,2091
HAMILTON084 SODDY DAISY 2,86,0,56,7,42,2,88,0,0,0,2,22,0,4,128,1,221,297,1,0,1,0,49,3,0,10,0,0,5,1280,0,142,517,297,1280
HAMILTON085 VALDEAU,33,0,23,4,9,0,29,0,0,0,1,17,0,2,37,1,66,108,0,0,0,0,20,0,0,0,0,0,4,237,0,56,166,108,237
HAMILTON086 WALDEN,72,1,69,7,35,1,95,0,0,1,0,61,0,9,176,2,157,350,0,0,1,0,47,0,0,7,0,3,7,676,0,142,544,350,676
HAMILTON088 HIXSON 2,177,1,125,19,115,2,204,0,0,0,0,105,0,19,373,5,391,782,2,0,2,0,104,1,0,15,0,11,20,1782,0,303,1233,782,1782
HAMILTON089 OOLTEWAH 2,116,2,52,6,38,2,58,0,0,1,0,14,0,3,70,1,128,373,0,0,2,0,37,0,0,7,0,1,11,633,0,170,321,373,633
HAMILTON090 HARRISON 2,380,3,137,12,114,1,240,0,0,0,2,59,0,19,306,6,452,1194,0,0,4,0,112,2,0,22,0,7,20,1806,0,520,1211,1194,1806
HAMILTON091 WESTVIEW 2,161,0,102,8,104,2,217,0,0,0,0,81,0,8,362,0,322,686,2,0,4,0,97,1,0,26,0,3,10,1560,0,263,1104,686,1560
HAMILTON092 LOOKOUT VALLEY 2,2,0,4,0,1,0,5,0,0,0,0,1,0,0,4,0,10,15,0,0,0,0,0,0,0,13,0,0,3,53,0,6,21,15,53
HAMILTON093 CONCORD 2,93,0,44,5,29,0,44,0,0,0,0,34,0,4,96,2,78,353,2,0,3,0,35,0,0,13,0,3,7,457,0,137,292,353,457
HAMILTON094 EASTGATE 1,161,1,73,0,9,0,26,1,0,0,0,6,0,1,27,0,21,469,1,0,1,0,39,3,0,7,0,2,8,123,0,235,91,469,123
HAMILTON095 EASTGATE 2,170,0,53,1,5,0,21,0,0,0,0,5,0,0,23,0,32,548,0,0,0,0,23,0,0,3,0,0,4,167,0,223,87,548,167
HAMILTON096 WESTVIEW 3,80,0,52,5,69,2,135,0,0,0,2,41,1,4,158,2,209,334,0,0,4,0,36,1,0,4,0,6,6,831,0,132,628,334,831
HAMILTON097 TYNER 2,48,0,12,0,2,2,8,0,1,0,0,6,0,0,12,1,27,133,0,0,0,0,9,1,0,2,0,0,2,107,0,60,59,133,107
HAMILTON098 HARRISON 3,165,0,91,7,104,4,179,0,0,0,2,39,0,6,242,2,315,678,4,0,1,0,78,2,0,22,0,10,12,1561,0,256,900,678,1561
HAMILTON101 HIXSON 3,180,0,103,15,78,5,188,0,0,0,2,116,0,11,343,10,341,691,1,0,5,0,101,1,0,19,0,2,10,1461,0,283,1109,691,1461
HAMILTON103 PLEASANT GROVE 2,1,0,3,0,5,0,7,0,0,0,0,1,0,0,2,0,17,11,0,0,0,0,1,0,0,0,0,0,1,59,0,4,32,11,59
HAMILTON104 EAST BRAINERD 2,247,1,123,11,76,1,212,1,0,0,4,65,1,12,328,3,347,939,1,0,3,0,88,0,0,17,0,6,16,1653,0,371,1061,939,1653
HAMILTON106 MOUNTAIN CREEK 2,3,0,3,0,1,0,2,0,0,0,0,1,0,1,2,0,4,8,0,0,0,0,4,0,0,0,0,0,0,14,0,6,11,8,14
HAMILTON118 APISON 2,22,0,14,2,23,0,43,0,0,0,0,10,0,2,51,0,62,100,0,0,1,0,10,0,0,3,0,1,0,262,0,36,193,100,262
HAMILTON122 COLLEGEDALE 2,35,0,39,2,104,1,34,0,0,0,1,24,0,5,42,0,34,198,0,0,0,0,73,0,0,1,0,5,6,358,0,74,247,198,358
HAMILTON132 EASTSIDE 2,9,0,0,0,0,0,0,0,0,0,0,0,0,0,0,0,0,40,0,0,0,0,0,0,0,0,0,0,0,6,0,9,0,40,6
HAMILTON137 ST. ELMO 2,7,0,6,0,2,0,7,0,0,0,0,0,0,1,3,1,5,34,0,0,0,0,2,0,0,0,0,0,0,34,0,13,19,34,34
HAMILTON139 NORTH CHATTANOOGA 2,58,0,80,3,8,0,17,0,0,0,0,12,0,1,50,0,30,295,0,0,0,0,25,1,0,2,0,1,9,138,0,138,121,295,138
HAMILTON140 HARRISON 4,35,0,21,1,22,1,53,0,0,0,1,19,0,1,93,2,121,159,0,0,0,0,21,0,0,11,0,2,3,493,0,56,314,159,493
HAMILTON141 CONCORD 3,60,0,20,1,19,1,31,0,0,0,0,11,0,3,49,2,53,153,1,0,0,0,9,1,0,1,0,3,2,243,0,80,170,153,243
HAMILTON143 OOLTEWAH 3,2,0,0,0,11,0,14,0,0,0,1,6,0,0,28,0,33,4,0,0,0,0,0,0,0,0,0,0,0,10,0,2,93,4,10
HAMILTON144 SODDY DAISY 3,29,0,20,4,36,1,87,0,0,0,1,23,0,5,96,5,182,102,0,0,0,0,9,0,0,3,0,0,2,361,0,49,440,102,361
HAMILTON166 SUMMIT 2,61,0,34,5,33,2,45,0,0,0,1,13,0,3,71,0,49,214,0,0,2,0,33,1,0,5,0,0,4,372,0,95,222,214,372
HAMILTON167 COLLEGEDALE 3,18,0,12,2,58,1,11,1,0,0,0,14,0,3,29,1,27,70,2,0,0,0,14,1,0,2,0,1,6,199,0,30,147,70,199
HAMILTON168 OOLTEWAH 6,1,0,0,0,16,1,21,0,0,0,0,6,0,1,26,0,31,19,3,0,0,0,3,0,0,0,0,0,0,27,0,1,102,19,27
HAMILTON169 OOLTEWAH 5,2,0,2,1,29,0,40,0,0,0,0,17,0,1,44,3,69,31,0,0,0,0,2,0,0,0,0,0,1,83,0,4,204,31,83
HAMILTON170 SNOWHILL 1,62,1,58,1,57,1,119,0,0,0,2,14,1,2,104,3,232,287,1,0,2,0,44,1,0,17,0,4,7,1082,0,121,536,287,1082
HAMILTON171 MURRAY HILLS 1,256,0,101,2,30,2,54,0,1,0,1,24,0,6,104,4,136,696,0,0,2,0,42,3,0,12,0,5,9,532,0,357,364,696,532
HAMILTON172 DALLAS 2,34,2,33,3,41,1,96,0,0,0,0,21,1,2,122,0,157,173,0,0,2,0,41,3,0,8,0,1,3,755,0,69,444,173,755
HAMILTON173 WOODMORE 1,534,0,90,3,7,0,16,0,0,0,1,9,0,2,16,0,24,1180,1,0,0,0,11,0,0,0,0,1,8,100,0,624,78,1180,100
HAMILTON174 WOODMORE 2,8,0,1,0,0,0,0,0,0,0,0,0,0,0,1,0,0,47,0,0,0,0,3,0,0,0,0,0,2,29,0,9,1,47,29
HAMILTON175 AIRPORT,189,0,65,2,24,1,51,0,0,0,1,13,0,1,42,1,67,628,1,0,3,0,29,1,0,6,0,3,5,352,0,254,203,628,352
HAMILTON176 KINGSPOINT 3,5,0,2,0,3,0,2,0,0,0,0,0,0,0,1,0,3,23,0,0,0,0,0,0,0,0,0,0,0,20,0,7,9,23,20
HAMILTON177 CONCORD 5,2,0,0,0,0,0,0,0,0,0,0,0,0,0,0,0,2,1,0,0,0,0,0,0,0,0,0,0,0,5,0,2,2,1,5
HAMILTON178 CONCORD 6,13,0,14,0,3,0,3,0,0,0,0,0,0,0,6,1,3,61,0,0,0,0,12,0,0,0,0,0,7,60,0,27,16,61,60
HAMILTON179 SNOWHILL 2,127,0,66,20,129,2,259,1,0,0,1,73,0,7,334,3,374,495,0,0,2,0,69,2,0,8,0,6,9,1944,0,193,1203,495,1944
HAMILTON180 HARRISON 5,48,0,27,2,47,2,125,0,0,0,0,26,0,9,122,4,155,211,11,0,2,0,27,0,0,1,0,1,4,822,0,75,492,211,822
HAMILTON181 CONCORD 4,202,2,102,13,60,2,146,0,0,0,0,56,0,7,211,3,235,835,1,0,1,0,65,2,0,13,0,5,4,1147,0,306,733,835,1147
HAMILTON182 MURRAY HILLS 2,70,1,20,0,1,0,13,0,0,0,1,1,0,0,7,1,19,221,0,0,1,0,19,2,0,3,0,0,2,89,0,91,43,221,89
HAMILTON183 BAKEWELL 2,95,1,66,4,49,0,166,0,0,1,3,30,1,9,160,4,328,380,0,0,2,0,51,2,0,4,0,5,6,1372,0,162,755,380,1372
HAMILTON184 BAKEWELL 1,20,0,6,1,27,2,56,0,0,0,1,9,0,4,64,3,113,71,0,0,1,0,4,0,0,0,0,0,1,352,0,26,280,71,352
HAMILTON185 DALLAS 1,82,0,72,7,99,2,186,1,0,0,2,41,0,12,239,2,368,397,2,0,1,0,77,0,0,10,0,9,12,1673,0,154,959,397,1673
HAMILTON186 MIDDLE VALLEY 2,1,0,6,2,20,2,55,0,0,0,0,4,0,2,55,3,77,108,0,0,1,0,28,1,0,1,0,0,1,458,0,7,220,108,458
HAMILTON187 FALLING WATER,31,0,21,3,25,0,56,0,0,0,0,35,0,1,91,1,123,124,2,0,0,0,30,0,0,2,0,0,4,472,0,52,335,124,472
HAMILTON188 MIDDLE VALLEY 1,105,0,121,4,70,1,149,1,0,1,6,34,0,7,205,5,279,352,0,0,0,0,72,1,0,9,0,5,9,1243,0,226,762,352,1243
HAMILTON189 DUPONT,154,0,90,17,53,1,136,0,0,1,0,58,0,9,214,4,246,612,7,0,1,0,81,2,0,9,0,6,14,1055,0,244,739,612,1055
HAMILTON190 KINGSPOINT 1,356,0,47,2,9,1,28,0,0,0,0,3,0,2,18,0,37,832,0,0,1,0,17,2,0,1,0,1,11,141,0,403,100,832,141
HAMILTON191 KINGSPOINT 2,41,0,24,2,13,0,17,0,0,0,0,2,0,1,30,0,27,130,0,0,0,0,22,3,0,3,0,0,3,152,0,65,92,130,152
HAMILTON192 EAST CHATTANOOGA 2,112,1,16,2,2,0,2,0,0,0,0,0,0,1,10,0,15,674,0,0,0,0,11,2,0,0,0,1,4,99,0,129,32,674,99
HAMILTON193 NORTHGATE 2,112,2,94,10,34,2,104,1,0,0,1,38,0,8,138,3,165,449,1,0,3,0,54,3,0,8,0,4,18,739,0,208,504,449,739
HAMILTON194 NORTHGATE 1,82,0,90,3,46,0,61,0,0,0,2,25,0,3,98,3,130,397,5,0,1,0,35,0,0,6,0,1,11,583,0,172,371,397,583
HAMILTON195 EASTDALE,717,1,145,1,18,1,13,1,0,1,0,13,1,2,28,0,24,1779,1,0,2,0,38,3,0,10,0,2,15,158,0,863,103,1779,158
HAMILTON196 COURTHOUSE 2,4,0,1,1,4,0,7,0,0,0,0,10,0,1,28,0,11,29,0,0,0,0,6,0,0,0,0,0,1,3,0,5,62,29,3
HAMILTON197 DOWNTOWN 2,235,1,104,2,7,1,11,1,0,0,2,23,0,1,44,0,40,952,0,0,0,0,63,0,0,0,0,1,13,250,0,340,132,952,250
HAMILTON198 STUART HEIGHTS,215,1,218,5,60,1,85,2,0,0,0,90,0,11,280,0,216,1019,0,0,2,0,124,0,0,20,0,2,25,912,0,434,750,1019,912
HAMILTON199 DOWNTOWN 1,29,0,29,1,4,0,12,0,0,0,0,12,0,0,53,1,30,176,0,0,0,0,23,0,0,12,0,0,1,149,0,58,113,176,149
HAMILTON200 SIGNAL MOUNTAIN 2,151,0,137,9,67,3,121,0,0,0,1,106,0,19,361,0,232,690,0,0,2,0,95,1,0,35,0,6,15,1039,0,288,919,690,1039
HAMILTON201 SUMMIT 4,11,0,3,0,2,0,5,0,0,0,0,2,0,0,2,0,7,53,0,0,0,0,6,0,0,0,0,0,0,20,0,14,18,53,20
HAMILTON203 SUMMIT 3,56,1,40,6,64,0,108,1,0,0,2,45,0,4,139,3,119,255,0,0,0,0,48,0,0,4,0,1,3,836,0,97,491,255,836
HAMILTON204 COLLEGEDALE 4,52,0,42,1,118,1,98,1,0,0,0,27,0,5,127,3,111,289,1,0,3,0,71,2,0,2,0,2,16,828,0,94,492,289,828
HAMILTON205 OOLTEWAH 4,125,0,96,10,127,1,178,0,0,0,1,55,0,10,256,2,296,613,1,0,2,0,98,1,0,14,0,10,12,1992,0,221,936,613,1992
HAMILTON206 CONCORD 7,19,1,8,2,6,1,9,0,0,0,0,1,0,1,18,2,12,56,0,0,0,0,6,0,0,0,0,0,1,82,0,28,52,56,82
HAMILTON207 SIGNAL MOUNTAIN 1,237,1,191,15,110,2,199,1,0,0,1,191,0,20,552,2,308,1092,2,0,3,0,136,1,0,21,2,6,25,1725,1,429,1401,1092,1725
HAMILTON208 COURTHOUSE 1,101,1,106,2,0,0,4,0,0,0,0,5,0,1,3,0,3,527,1,0,0,0,47,3,0,3,0,0,13,160,0,208,18,527,160
HAMILTON209 EASTSIDE 1,265,1,94,1,13,1,39,0,0,0,0,9,0,2,47,0,28,850,0,0,3,0,32,0,0,3,0,4,6,220,0,360,140,850,220
HAMILTON210 RIDGEDALE 1,146,0,100,0,3,0,7,0,0,0,0,3,0,0,7,0,6,560,1,0,0,0,51,0,0,16,0,0,14,142,0,246,26,560,142
HAMILTON211 RIDGEDALE 2,57,0,25,0,8,0,28,0,0,0,1,13,0,3,63,1,26,177,1,0,0,0,9,1,0,4,0,1,3,63,0,82,143,177,63
HAMILTON212 ALTON PARK 1,398,3,102,3,8,2,7,0,0,0,0,5,0,3,27,1,11,1380,0,0,3,0,47,2,0,13,0,2,9,94,0,503,67,1380,94
HAMILTON213 LOOKOUT MOUNTAIN,92,0,56,9,50,1,74,2,0,0,1,124,0,17,271,1,162,376,3,0,1,0,57,0,0,12,0,4,6,750,0,148,712,376,750
HAMILTON214 ALTON PARK 2,13,0,8,0,0,0,2,0,0,0,0,2,0,0,3,0,2,40,0,0,0,0,5,0,0,1,0,0,1,9,0,21,9,40,9
HAMILTON215 MOUNTAIN CREEK 3,10,0,12,0,2,0,2,0,0,0,0,3,0,0,6,0,19,57,0,0,0,0,4,0,0,2,0,1,2,50,0,22,32,57,50
HAMILTON216 APISON 3,0,0,0,0,1,0,2,0,0,0,0,0,0,0,0,0,1,1,0,0,0,0,0,0,0,2,0,0,0,4,0,0,4,1,4
HAMILTON217 COLLEGEDALE 5,0,0,0,0,3,0,4,0,0,0,0,1,0,0,2,0,6,4,0,0,0,0,1,0,0,11,0,0,0,33,0,0,16,4,33
HAMILTON218 HARRISON 6,0,0,0,0,2,0,0,0,0,0,0,0,0,0,0,0,7,1,0,0,0,0,0,0,0,0,0,0,0,14,0,0,9,1,14
HAMILTON219 SODDY DAISY 4,0,0,1,0,0,0,0,0,0,0,0,3,0,1,0,0,0,19,0,0,0,0,1,0,0,0,0,0,0,33,0,1,4,19,33
HAMILTON220 COLLEGEDALE 6,1,0,0,0,6,0,1,0,0,0,0,0,0,1,0,0,4,1,0,0,0,0,1,0,0,1,0,0,0,18,0,1,12,1,18
HANCOCK1ST,15,0,17,3,6,1,42,0,1,0,0,6,0,0,27,0,80,66,0,0,1,0,7,0,0,0,0,1,0,348,0,32,166,66,348
HANCOCK2ND,6,0,7,1,8,0,35,0,0,0,0,6,0,0,19,0,78,34,0,0,1,0,3,1,0,0,0,0,0,285,0,13,147,34,285
HANCOCK3RD,9,0,8,0,3,0,27,0,0,0,1,4,0,0,23,0,61,48,0,0,2,0,5,0,0,0,0,2,2,265,0,17,119,48,265
HANCOCK4TH,9,0,7,3,8,0,22,0,0,0,0,6,0,1,28,0,62,36,0,0,0,0,11,0,0,0,0,0,4,230,0,16,130,36,230
HANCOCK5TH,12,0,9,1,6,0,26,0,0,0,0,3,0,0,19,0,45,30,0,0,0,0,3,0,0,0,0,1,1,227,0,21,100,30,227
HANCOCK6TH,16,0,6,4,3,0,22,0,0,0,0,3,0,1,14,0,30,54,0,0,0,0,7,0,0,0,0,1,3,148,0,22,77,54,148
HANCOCK7TH,13,0,12,2,6,0,34,0,0,0,0,4,0,0,20,0,77,54,0,0,0,0,6,0,0,1,0,0,3,340,0,25,143,54,340
HARDEMANBOLIVAR,274,3,24,1,13,0,57,0,0,0,1,7,1,0,35,1,95,701,0,0,4,0,10,2,0,1,0,0,4,426,0,301,211,701,426
HARDEMANDIXIE HILLS,138,0,24,1,6,0,15,1,0,0,1,1,0,0,11,0,61,320,0,0,2,0,2,2,0,0,0,1,1,240,0,162,97,320,240
HARDEMANGRAND JUNCTION,226,3,3,0,6,0,29,0,0,0,0,1,0,0,13,0,36,530,0,0,3,0,6,1,0,0,0,1,3,148,0,232,85,530,148
HARDEMANHICKORY VALLEY,122,1,14,0,20,0,59,0,0,0,0,7,0,0,20,0,96,297,3,0,1,0,8,0,0,0,0,2,1,420,0,137,202,297,420
HARDEMANHORNSBY,14,1,12,2,9,0,29,0,0,0,2,2,0,0,20,0,74,43,0,0,0,0,3,0,0,0,0,0,1,291,0,27,138,43,291
HARDEMANLACY,32,0,11,2,16,0,28,2,0,0,0,1,0,1,22,0,70,62,0,0,0,0,4,0,0,0,0,1,1,290,0,43,142,62,290
HARDEMANMIDDLETON,57,0,16,5,44,0,104,0,0,0,2,9,0,0,51,0,210,191,5,0,0,0,10,1,0,0,0,4,9,922,0,73,425,191,922
HARDEMANPOCAHONTAS,11,0,5,0,14,0,32,0,0,0,0,0,0,0,12,0,58,19,0,0,0,0,1,1,0,0,0,0,2,214,0,16,116,19,214
HARDEMANSAULSBURY,33,1,7,1,4,0,24,0,0,0,1,0,0,0,9,0,71,101,0,0,1,0,4,0,0,0,0,0,0,224,0,41,110,101,224
HARDEMANSILERTON,9,2,8,1,17,0,34,0,0,0,2,9,0,0,21,0,68,50,0,0,1,0,6,0,0,1,0,0,1,324,0,19,152,50,324
HARDEMANTOONE,80,0,21,0,10,0,55,0,0,0,0,7,0,0,12,1,90,212,0,0,1,0,6,1,0,0,0,0,3,383,0,101,175,212,383
HARDEMANWEST BOLIVAR,498,0,70,5,50,2,97,0,0,1,1,12,0,0,73,1,195,1187,0,0,3,0,17,3,0,2,0,3,3,867,0,568,437,1187,867
HARDEMANWHITEVILLE,228,0,10,1,7,0,9,0,0,0,1,2,0,0,16,0,46,472,1,0,2,0,7,0,0,0,0,1,1,170,0,238,82,472,170
HARDINAIRPORT 1-1,24,0,4,4,10,0,19,0,0,0,0,4,0,0,26,0,65,57,0,0,0,0,7,3,0,0,0,2,3,300,0,28,128,57,300
HARDINCERRO GORDO 6-1,29,0,11,0,13,0,25,0,0,0,0,3,0,0,28,0,92,71,0,0,1,0,1,1,0,0,0,0,5,356,0,40,161,71,356
HARDINCOUNCE 3-1,49,2,19,4,32,0,45,0,0,0,1,20,0,0,57,0,257,144,0,0,0,0,10,1,0,0,0,3,12,714,0,70,416,144,714
HARDINCRUMP 4-2,23,1,14,5,22,0,54,0,0,0,2,11,0,0,49,1,205,100,0,0,1,0,11,1,0,0,0,4,6,704,0,38,349,100,704
HARDINFAIRGROUND 10-1,51,0,23,2,29,1,60,0,0,0,2,12,0,0,51,0,157,185,0,0,3,0,12,2,0,0,0,8,7,648,0,74,314,185,648
HARDINLIBRARY 9-1,45,2,23,1,18,0,43,0,0,0,1,3,0,0,34,1,114,112,0,0,1,0,14,0,0,0,0,5,8,514,0,70,215,112,514
HARDINMORRIS CHAPEL 5-2,27,1,15,0,20,0,42,0,0,0,2,13,0,0,24,0,159,83,0,0,2,0,14,3,0,0,0,5,9,510,0,43,260,83,510
HARDINNIXON 2-1,30,0,12,6,18,0,36,0,0,0,2,5,0,0,39,0,147,71,0,0,0,0,6,4,0,0,0,1,6,536,0,42,253,71,536
HARDINNORTH 8-1,111,0,39,9,39,0,85,1,0,0,2,42,0,0,113,0,235,293,0,0,0,0,18,1,0,0,0,3,8,1004,0,150,526,293,1004
HARDINOLIVE HILL 6-3,11,0,3,1,5,0,17,0,0,0,1,3,0,0,17,0,41,24,0,0,0,0,1,0,0,0,0,3,4,207,0,14,85,24,207
HARDINOLIVET 1-2,26,0,10,0,15,1,37,0,0,0,0,6,0,0,33,1,101,72,0,0,0,0,4,1,0,0,0,5,3,422,0,36,194,72,422
HARDINRHODES 6-2,22,0,9,0,16,0,28,0,0,0,1,4,0,0,28,0,73,38,0,0,0,0,5,2,0,0,0,0,1,355,0,31,150,38,355
HARDINSALTILLO 5-1,39,0,7,3,6,0,33,0,0,0,0,3,0,0,14,0,76,86,0,0,3,0,5,1,0,0,0,2,5,277,0,46,135,86,277
HARDINSHILOH 4-1,18,0,6,0,0,0,7,0,0,0,0,1,0,0,4,0,28,51,0,0,1,0,4,0,0,0,0,0,3,96,0,24,40,51,96
HARDINSOUTHSIDE 3-2,25,0,7,2,7,0,20,1,0,0,1,9,0,0,12,0,94,60,0,0,2,0,8,0,0,0,0,3,2,310,0,32,146,60,310
HARDINWALKERS 2-2,13,1,10,0,10,0,22,1,0,0,1,5,0,0,13,0,90,53,0,0,0,0,3,0,0,0,0,1,5,319,0,24,142,53,319
HARDINWALNUT GROVE 7-2,20,0,12,3,15,0,31,0,0,0,0,13,0,0,27,1,84,58,0,0,1,0,6,1,0,0,0,3,7,392,0,32,174,58,392
HARDINWHITES 7-1,28,0,5,3,8,0,25,0,0,0,0,4,0,1,28,0,76,64,0,0,0,0,5,1,0,0,0,0,2,348,0,33,145,64,348
HAWKINS1 ALLANDALE INSIDE,60,1,37,3,31,0,83,0,0,0,1,30,0,1,127,0,163,291,0,0,1,0,43,1,0,3,0,2,7,761,0,98,439,291,761
HAWKINS1 ALLANDALE OUTSIDE,0,1,0,0,0,0,4,0,0,0,0,0,0,0,2,0,5,8,0,0,0,0,0,0,0,0,0,0,1,33,0,1,11,8,33
HAWKINS1 MOUNT CARMEL,81,3,54,14,77,0,242,0,0,0,5,24,0,1,130,1,413,384,1,0,6,3,58,2,0,3,0,11,13,1875,0,138,907,384,1875
HAWKINS2 CHURCH HILL INSIDE,138,4,90,16,64,1,263,1,1,0,11,56,0,2,196,1,543,575,2,0,4,0,55,0,0,1,0,10,12,2261,0,232,1155,575,2261
HAWKINS2 CHURCH HILL OUTSID,5,0,0,0,0,0,2,0,0,0,0,2,0,0,0,0,14,11,0,0,0,0,2,0,0,0,0,0,0,41,0,5,18,11,41
HAWKINS2 MCPHEETER'S BEND,48,0,14,2,19,0,66,0,0,0,2,7,0,2,33,0,134,116,0,0,1,0,8,0,0,1,0,2,2,515,0,62,265,116,515
HAWKINS3 CARTER'S VALLEY,59,0,36,5,40,0,151,2,0,0,6,19,0,0,107,0,307,237,0,0,2,0,23,0,0,4,0,5,11,1352,0,95,637,237,1352
HAWKINS3 WALLACE,46,0,23,7,12,0,78,0,0,0,0,6,0,0,34,0,172,134,1,0,0,0,14,0,0,0,0,0,3,638,0,69,309,134,638
HAWKINS3 WATTERSON,15,0,16,4,5,1,36,1,0,1,3,10,0,0,22,0,111,54,0,0,0,0,3,1,0,0,0,1,2,311,0,31,194,54,311
HAWKINS4 DYKES,17,0,16,3,7,0,24,0,0,0,1,6,0,0,14,0,51,56,0,0,0,0,6,0,0,0,0,0,0,216,0,33,106,56,216
HAWKINS4 KEPLAR,26,0,7,0,10,0,35,0,0,0,1,3,0,2,22,0,70,55,0,0,0,0,6,0,0,0,0,2,0,262,0,33,143,55,262
HAWKINS4 ROGERSVILLE NO OUT,15,0,17,4,18,0,81,1,0,0,1,13,0,2,43,1,178,81,1,0,3,0,17,0,0,3,0,2,0,517,0,32,342,81,517
HAWKINS4 SURGOINSVILLE IN,43,2,38,4,26,0,95,1,0,0,3,12,0,0,60,0,164,139,0,0,1,0,10,1,0,5,0,4,5,653,0,83,365,139,653
HAWKINS4 SURGOINSVILLE OUT,42,0,14,4,22,1,68,1,0,0,2,18,0,0,49,0,192,142,0,0,2,0,11,0,0,0,0,2,6,673,0,56,357,142,673
HAWKINS4 UPPER BEECH,12,0,3,2,4,0,7,0,0,0,0,2,0,0,9,0,33,18,0,0,0,0,3,0,0,0,0,0,0,115,0,15,57,18,115
HAWKINS5 ROGERSVILLE NO IN,33,1,10,8,25,1,52,0,0,0,3,14,0,3,67,1,113,110,0,0,1,0,15,0,0,1,0,1,2,430,0,44,287,110,430
HAWKINS5 ROGERSVILLE SO IN,30,0,23,12,27,0,87,2,0,0,8,26,0,0,90,0,183,145,0,0,4,0,8,2,0,0,0,0,3,671,0,53,435,145,671
HAWKINS5 ROGERSVILLE SO OUT,53,1,30,6,42,2,102,1,0,0,5,25,0,2,98,0,280,180,0,0,1,0,23,0,0,1,0,0,3,954,0,84,563,180,954
HAWKINS6 ALUM WELL,13,0,11,4,14,1,53,0,1,0,8,8,0,0,30,0,157,60,0,0,0,0,7,1,0,0,0,0,0,450,0,24,276,60,450
HAWKINS6 CHOPTACK,25,1,19,11,17,1,89,1,0,0,0,15,0,0,69,1,235,116,0,0,1,0,16,1,0,0,0,2,3,705,0,45,439,116,705
HAWKINS6 CLINCH,10,0,21,0,8,1,19,0,0,0,1,4,0,0,17,1,62,44,0,0,1,0,6,0,0,0,0,0,3,210,0,31,113,44,210
HAWKINS6 MOORESBURG,38,2,26,5,24,1,133,1,0,1,4,15,0,0,65,0,201,161,0,0,0,0,17,0,0,2,0,4,3,807,0,66,450,161,807
HAWKINS7 BULLS GAP INSIDE,15,1,9,1,10,0,17,0,0,0,1,3,0,2,30,0,53,45,0,0,0,0,4,2,0,0,0,0,1,186,0,25,117,45,186
HAWKINS7 BULLS GAP OUTSIDE,12,0,13,3,13,0,63,0,0,0,1,7,0,0,23,0,101,58,0,0,0,0,11,1,0,0,0,0,3,409,0,25,211,58,409
HAWKINS7 ST. CLAIR,37,2,28,8,29,0,103,0,0,0,8,13,0,1,63,0,256,129,0,0,1,0,12,0,0,1,0,1,5,804,0,67,481,129,804
HAWKINS7 STRAHL/CHEROKEE,33,0,33,7,28,1,103,0,0,0,2,23,0,0,60,0,242,158,2,0,2,0,19,0,0,1,0,3,3,799,0,66,466,158,799
HENDERSON1-1 BARGERTON,40,0,12,0,30,0,84,0,0,0,1,14,0,0,36,1,121,143,0,0,1,0,14,0,0,2,0,3,6,584,0,52,287,143,584
HENDERSON1-2 BEAVER,44,0,14,3,23,1,70,1,0,0,1,5,0,0,29,0,112,178,0,0,0,0,8,0,0,1,0,1,2,458,0,58,245,178,458
HENDERSON2-14 SOUTH HAVEN,12,0,9,2,12,0,34,0,0,0,1,2,0,0,22,1,70,47,0,0,0,0,8,0,0,0,0,3,2,264,0,21,144,47,264
HENDERSON2-15 WESTOVER,44,0,25,3,65,1,121,1,0,0,6,14,1,0,52,0,198,143,0,0,0,0,28,1,0,1,0,4,8,1049,0,69,462,143,1049
HENDERSON3-10 FIRE STA #10,36,0,8,3,14,0,34,0,1,0,1,3,0,0,12,0,88,136,0,0,0,0,7,0,0,0,0,2,0,352,0,44,156,136,352
HENDERSON3-3 FIRE STATION #4,20,0,9,5,22,1,67,0,0,1,0,15,0,0,43,0,156,103,0,0,1,0,12,1,0,3,0,2,2,600,0,29,310,103,600
HENDERSON3-4 CHRISTIAN CHAPEL,2,0,2,0,4,0,16,0,0,0,0,3,0,0,7,0,25,9,0,0,0,0,1,0,0,0,0,0,0,91,0,4,55,9,91
HENDERSON3-7 DARDEN,2,0,2,1,6,0,42,0,0,0,2,2,0,1,19,0,61,16,0,0,1,0,4,0,0,0,0,1,0,238,0,4,134,16,238
HENDERSON4-6 CIVIC CENTER,85,0,31,9,44,0,113,0,1,0,1,19,0,3,81,0,198,342,0,0,6,0,29,2,0,3,0,3,7,965,0,116,469,342,965
HENDERSON5-5 TN TECH CENTER,62,0,26,5,35,0,76,0,0,0,0,12,0,0,67,0,208,248,1,0,1,0,18,0,0,3,0,1,5,947,0,88,403,248,947
HENDERSON6-8 BROAD STREET,72,0,35,12,64,0,163,2,0,0,1,39,0,0,131,1,299,308,0,0,2,0,30,2,0,5,0,3,6,1318,0,107,712,308,1318
HENDERSON7-11 REAGAN,4,0,7,4,12,0,39,0,0,1,1,1,0,2,14,0,115,45,0,0,0,0,1,2,0,0,0,1,1,421,0,11,189,45,421
HENDERSON7-12 SARDIS,5,0,1,1,16,0,45,1,1,0,0,7,0,0,24,0,91,19,0,0,0,0,8,1,0,0,0,3,0,380,0,6,186,19,380
HENDERSON7-13 SCOTTS HILL,11,0,5,1,10,0,37,0,0,0,0,1,0,0,26,1,58,48,0,0,1,0,3,0,0,0,0,0,0,318,0,16,134,48,318
HENDERSON7-9 MIDDLEBURG,5,0,5,0,6,0,24,0,0,0,0,4,0,0,8,0,36,15,0,0,0,0,1,0,0,0,0,0,0,153,0,10,78,15,153
HENRY1-1 PURYEAR,78,2,42,2,42,5,108,3,0,1,2,20,1,2,74,0,256,220,1,0,1,0,20,0,0,2,0,2,5,830,0,122,516,220,830
HENRY1-2 COTTAGE GROVE,52,0,30,14,29,1,99,2,0,0,4,18,0,0,56,0,198,169,0,0,3,0,27,0,0,2,0,3,2,716,0,82,421,169,716
HENRY1-3 BUCHANAN,28,1,14,1,21,0,50,1,0,0,0,14,0,0,28,0,119,69,0,0,0,0,7,0,0,1,0,0,1,442,0,43,234,69,442
HENRY2-1 HENRY,69,0,23,11,31,0,138,0,0,0,3,20,1,1,51,0,260,231,0,0,0,0,19,1,0,0,0,1,6,944,0,92,516,231,944
HENRY2-2 MANSFIELD,52,1,27,3,21,3,69,0,0,0,1,12,1,0,36,0,137,167,0,0,0,0,6,2,0,0,0,2,0,535,0,80,283,167,535
HENRY2-3 OAKLAND,30,0,38,1,22,0,82,0,1,0,4,14,0,1,23,0,166,114,0,0,1,0,12,0,0,0,0,2,6,606,0,68,314,114,606
HENRY3-1 RUSSWOOD,80,0,49,2,31,0,115,1,0,0,3,15,0,4,60,0,346,260,0,0,0,0,15,1,0,1,0,0,7,1049,0,129,577,260,1049
HENRY3-2 SPRINGVILLE,23,0,6,2,6,0,34,1,0,0,0,6,1,1,24,0,100,69,0,0,1,0,3,1,0,0,0,1,3,330,0,29,175,69,330
HENRY3-3 JONES CHAPEL,79,2,41,4,66,1,194,0,1,0,2,34,0,3,136,0,323,274,0,0,2,0,28,0,0,1,0,6,9,1229,0,122,764,274,1229
HENRY4-1 GROVE,126,0,32,3,12,1,40,0,0,0,1,17,0,0,32,0,112,358,0,0,3,0,16,1,0,0,0,1,6,408,0,158,218,358,408
HENRY4-2 CITY HALL,128,0,30,4,10,0,54,0,0,0,3,12,0,0,25,0,138,438,0,0,1,0,22,2,0,0,0,2,2,501,0,158,246,438,501
HENRY5-1 HENRY CO HIGH,91,1,46,10,40,4,129,0,1,0,3,40,0,1,121,1,272,291,0,0,4,0,24,2,0,0,0,4,5,1006,0,138,622,291,1006
HENRY5-2 TN TECH CENTER,121,0,56,13,39,4,110,2,0,0,1,36,0,0,85,0,245,403,1,0,2,0,24,5,0,6,0,3,8,912,0,177,535,403,912
HICKMAN1-1 NUNNELLY,18,1,21,1,7,0,35,0,0,0,0,9,0,0,12,0,50,73,0,0,1,0,5,0,0,0,0,0,3,225,0,40,114,73,225
HICKMAN1-2 PINEWOOD,23,0,14,1,14,0,45,0,0,0,0,4,0,1,18,1,83,92,0,0,2,0,12,2,0,2,0,0,3,352,0,37,167,92,352
HICKMAN2-2 FAIRFIELD,13,0,10,1,7,0,26,0,0,0,0,2,0,0,13,0,48,51,0,0,1,0,2,0,0,4,0,0,0,191,0,23,97,51,191
HICKMAN2-3 EAST BANK,89,1,32,1,24,1,57,0,0,0,1,6,0,0,20,0,157,250,0,0,1,0,12,2,0,0,0,3,2,616,0,122,267,250,616
HICKMAN3-1 EAST CC,61,1,43,2,19,0,105,0,0,1,1,10,0,1,27,1,134,219,0,0,3,0,19,3,0,1,0,2,3,655,0,105,301,219,655
HICKMAN4-1 LAKE BENSON,57,2,54,4,22,1,135,0,0,0,2,3,0,0,54,0,202,204,0,0,5,0,30,2,0,3,0,2,6,832,0,113,423,204,832
HICKMAN5-1 MT. PLEASANT,25,0,19,3,16,0,58,0,0,0,0,4,0,0,7,0,59,101,0,0,0,0,7,1,0,0,0,0,0,324,0,44,147,101,324
HICKMAN5-2 MIDDLE SCHOOL,21,1,7,3,14,1,50,0,0,1,0,2,0,0,14,0,62,58,0,0,2,0,17,0,0,0,0,0,0,271,0,29,147,58,271
HICKMAN5-3 SHADY GROVE,26,0,22,2,13,0,36,0,0,0,0,3,0,1,23,0,68,91,0,0,2,0,19,1,0,0,0,0,2,277,0,48,146,91,277
HICKMAN6-1 JUSTICE CENTER,135,5,56,3,33,0,100,0,0,1,3,12,0,0,78,1,228,401,3,0,1,0,25,3,0,8,0,4,10,901,0,196,459,401,901
HICKMAN7-1 NUNNELLY,13,0,4,1,4,0,22,1,0,0,1,4,0,0,22,0,42,66,0,0,0,0,2,1,0,0,0,0,1,221,0,17,97,66,221
HICKMAN7-2 PLEASANTVILLE,15,0,7,0,7,0,43,0,0,0,0,0,0,0,14,0,33,36,1,0,0,0,5,1,0,0,0,1,1,174,0,22,97,36,174
HICKMAN7-3 BRUSHY,31,2,27,1,19,1,83,0,0,0,0,7,0,0,17,0,114,137,8,0,2,0,5,1,0,3,0,2,6,470,0,60,242,137,470
HICKMAN7-4 COBLE,16,0,7,0,11,0,41,1,0,0,1,3,0,0,12,0,46,45,6,0,0,0,1,2,0,1,0,1,2,186,0,23,115,45,186
HOUSTONARLINGTON,34,1,17,1,12,0,35,0,0,0,0,5,0,0,29,0,81,133,0,0,1,0,19,0,0,0,0,2,1,314,0,52,163,133,314
HOUSTONERIN,49,1,25,0,11,0,17,0,0,0,0,2,0,0,20,0,58,133,0,0,3,0,14,2,0,0,0,1,1,267,0,75,108,133,267
HOUSTONERIN ELEMENTARY,44,2,20,1,6,0,39,0,0,0,0,2,0,0,21,0,67,110,0,0,3,0,14,1,0,0,0,0,1,306,0,66,136,110,306
HOUSTONGRIFFINS CHAPEL,62,2,20,1,15,0,33,2,0,0,0,5,1,0,21,0,72,130,0,0,1,0,5,0,0,0,0,1,2,331,0,84,150,130,331
HOUSTONHOUSTON CO MIDDLE,44,2,21,0,13,0,30,0,0,0,0,4,0,0,20,1,75,132,0,0,1,0,10,1,0,0,0,0,2,318,0,67,143,132,318
HOUSTONSTEWART,49,2,24,2,7,2,35,0,0,0,0,3,0,1,24,0,100,112,0,0,0,0,11,0,0,0,0,3,4,334,0,75,174,112,334
HOUSTONTENNESSEE RIDGE,38,0,14,1,3,0,42,1,0,0,0,5,0,0,24,0,70,116,0,0,0,0,15,0,0,0,0,0,1,312,0,52,146,116,312
HUMPHREYS1-1 JERA,32,0,11,1,1,0,15,1,0,0,0,0,0,0,12,0,48,64,0,0,1,0,6,0,0,0,0,2,0,171,0,43,78,64,171
HUMPHREYS1-2 COMPASSION CHURCH,82,0,36,4,27,1,56,0,1,0,0,1,0,0,41,0,163,198,3,0,5,0,13,2,0,1,0,0,4,615,0,118,294,198,615
HUMPHREYS2-3 WFCN,120,2,61,6,23,0,68,0,1,0,0,11,0,0,76,0,156,314,0,0,2,0,18,0,0,0,0,2,4,684,0,183,341,314,684
HUMPHREYS3-4 MLEC,118,1,40,4,23,0,61,0,0,0,1,6,0,0,32,2,106,341,0,0,3,0,26,4,0,2,0,3,2,492,0,159,235,341,492
HUMPHREYS5-6 WILDWOOD,97,1,46,2,15,0,67,0,0,0,1,5,0,0,40,0,176,278,0,0,2,0,22,2,0,0,0,2,4,652,0,144,306,278,652
HUMPHREYS6-7 SOUTH MCEWEN,113,1,35,4,24,0,87,1,0,0,0,7,0,1,34,0,169,242,0,0,0,0,29,1,0,1,0,4,8,684,0,149,327,242,684
HUMPHREYS7-8 NORTH MCEWEN,74,0,61,3,23,0,97,0,1,1,1,16,0,2,38,1,228,237,0,0,1,0,27,2,0,2,0,3,4,859,0,135,411,237,859
JEFFERSON1 DANDRIDGE ES,88,1,67,23,71,1,217,5,1,0,8,48,0,0,213,1,513,416,2,0,5,0,53,2,0,10,0,5,7,1703,0,156,1101,416,1703
JEFFERSON10 JEFF CITY FIRE DP,67,2,60,19,42,1,92,0,1,0,0,30,0,0,103,0,223,336,0,0,3,0,52,0,0,7,0,5,10,816,0,129,511,336,816
JEFFERSON2 PIEDMONT,59,1,56,6,83,0,217,1,0,1,3,43,0,1,158,1,411,291,0,0,2,0,44,4,0,4,0,5,12,1625,0,116,925,291,1625
JEFFERSON4 JEFFERSON ES,92,0,94,25,68,1,169,1,2,0,3,50,0,1,191,0,277,456,1,0,2,0,57,3,0,8,0,11,19,1217,0,186,788,456,1217
JEFFERSON5 JEFFERSON MIDDLE,78,1,46,20,70,3,204,0,1,1,6,43,0,6,199,0,426,373,1,0,1,0,52,5,0,6,0,7,14,1520,0,125,979,373,1520
JEFFERSON6 RUSH STRONG,71,2,64,9,56,0,175,4,0,0,2,30,0,1,99,1,299,288,1,0,4,0,42,1,0,2,0,8,11,1203,0,137,676,288,1203
JEFFERSON7 NEW MARKET,57,3,47,16,60,0,200,1,0,0,5,33,0,3,133,2,403,315,0,0,5,0,55,2,0,4,0,9,9,1417,0,107,856,315,1417
JEFFERSON8-1 CHESTNUT HILL,59,1,35,5,29,2,111,0,0,0,1,25,0,1,83,0,288,254,2,0,1,1,24,1,0,0,0,1,6,924,0,95,545,254,924
JEFFERSON8-2 SWANNSYLVANIA,35,0,22,5,27,1,101,0,2,0,0,16,0,1,60,0,214,146,0,0,2,0,18,2,0,0,0,1,3,727,0,57,427,146,727
JOHNSON1A LAUREL,27,0,25,5,18,0,70,0,0,0,1,13,0,1,49,1,134,107,0,0,1,0,14,0,0,1,0,1,6,576,0,52,292,107,576
JOHNSON1B COLD SPRINGS,27,1,19,2,15,0,90,0,0,0,0,8,1,0,54,1,133,109,0,0,2,0,9,1,0,0,0,1,2,579,0,47,304,109,579
JOHNSON2 FORGE/SHOUNS,12,1,14,0,13,0,45,0,0,0,1,14,0,0,36,0,105,77,0,0,1,0,7,1,0,2,0,1,3,398,0,27,214,77,398
JOHNSON3A TRADE,15,0,16,0,9,1,56,0,0,0,0,6,0,0,26,0,84,79,0,0,1,0,7,1,0,0,0,1,3,373,0,31,182,79,373
JOHNSON3B NEVA,33,0,29,3,23,2,95,0,0,0,1,16,1,0,56,0,153,125,1,0,1,0,7,0,0,0,0,1,8,682,0,62,350,125,682
JOHNSON4A DRY RUN,16,0,22,3,8,0,64,0,0,0,1,7,0,0,29,0,122,73,2,0,1,0,8,1,0,0,0,2,4,451,0,38,234,73,451
JOHNSON4B BUTLER,11,1,12,2,19,0,66,0,2,0,3,12,1,0,27,0,110,51,0,0,0,0,10,1,0,0,0,0,4,447,0,24,242,51,447
JOHNSON5 DOE,24,1,33,3,12,1,104,1,0,0,2,11,0,0,52,0,137,124,0,0,3,0,12,1,0,0,0,1,2,693,0,58,323,124,693
JOHNSON6 SHADY,27,1,24,2,30,1,75,0,1,0,2,2,0,2,28,0,148,84,0,0,0,0,5,0,0,0,0,1,3,515,0,52,291,84,515
KNOX06 GREEN SCHOOL,147,0,196,4,8,0,23,0,0,0,0,53,1,1,87,1,49,870,0,0,0,0,79,0,0,14,0,3,20,328,0,343,227,870,328
KNOX09 ETERNAL LIFE HARVEST,73,0,53,0,2,0,3,0,0,1,0,1,0,0,13,0,10,349,0,0,0,0,16,1,0,0,0,2,10,57,0,126,30,349,57
KNOX10N FORT SANDERS,56,0,256,4,9,0,8,1,0,0,0,5,0,4,56,0,13,635,0,0,3,0,81,0,0,9,0,1,26,254,0,312,100,635,254
KNOX10S HOWARD BAKER CENTER,29,0,161,1,5,0,17,0,0,0,0,6,0,0,72,0,22,396,0,0,0,0,45,0,0,2,0,2,13,195,0,190,123,396,195
KNOX10W HOWARD BAKER CENTER,1,0,1,0,0,0,0,0,0,0,0,0,0,0,2,0,2,17,0,0,0,0,6,0,0,0,0,0,0,46,0,2,4,17,46
KNOX11 CENTRAL UMC,175,3,392,11,8,1,28,0,0,1,2,32,0,1,73,1,68,874,1,0,4,0,46,3,0,2,0,8,54,247,0,570,226,874,247
KNOX12 EASTPORT,334,2,63,1,5,0,8,1,0,1,1,2,0,0,3,0,11,1089,0,0,3,0,10,1,0,0,0,5,8,78,0,399,33,1089,78
KNOX13 FAIR GARDEN,340,0,93,2,16,0,24,0,0,0,1,4,0,0,16,0,30,1076,0,0,11,0,25,6,0,4,0,6,7,178,0,433,93,1076,178
KNOX14 AUSTIN-EAST,143,2,37,0,2,0,3,0,0,0,0,1,0,0,2,0,4,463,0,0,1,0,4,0,0,0,0,2,8,31,0,182,12,463,31
KNOX15 JOHN T. O'CONNOR,161,1,193,2,14,0,18,0,0,0,0,2,0,0,30,0,30,673,0,0,2,0,34,1,0,2,0,5,25,132,0,355,96,673,132
KNOX16 LARRY COX SR CENTER,335,1,444,15,59,2,148,0,1,0,3,38,0,5,146,1,280,1484,5,0,9,0,126,4,0,20,0,8,68,1069,0,780,698,1484,1069
KNOX17 CHRISTENBERRY,93,1,189,3,25,1,47,3,0,0,1,9,1,2,56,0,83,512,0,0,3,0,26,2,0,7,0,2,29,356,0,283,231,512,356
KNOX18 LINCOLN PARK,71,1,139,2,18,1,26,0,0,0,0,2,0,0,36,0,74,485,0,0,1,0,32,1,0,5,0,4,23,292,0,211,159,485,292
KNOX20 BEAUMONT,41,0,19,0,0,0,7,0,0,0,0,1,0,0,8,1,25,167,0,0,1,0,6,5,0,1,0,1,5,104,0,60,42,167,104
KNOX23 WESTVIEW,52,0,55,1,15,0,26,0,0,0,1,5,0,0,21,0,71,215,1,0,3,0,13,1,0,2,0,3,10,300,0,107,140,215,300
KNOX24Q SEQUOYAH HILLS,307,1,195,34,40,5,92,2,0,1,1,222,2,5,415,2,197,1125,2,0,4,0,107,1,0,23,0,13,20,881,0,503,1018,1125,881
KNOX25 SOUTH KNOX CC,170,2,256,13,43,1,88,0,1,1,3,32,0,1,140,2,194,988,0,0,5,0,108,8,0,16,0,13,31,953,0,428,519,988,953
KNOX26 DOGWOOD,149,1,373,9,35,1,79,0,1,1,3,33,1,0,138,0,179,1116,3,0,5,0,103,1,0,13,0,13,46,767,0,523,480,1116,767
KNOX27 SOUTH KNOX,91,0,158,8,36,0,85,0,0,0,1,21,0,5,78,0,160,441,1,0,3,0,61,3,0,6,0,3,18,633,0,249,394,441,633
KNOX29 ANDERSON,95,2,122,7,34,2,94,0,1,0,4,19,0,5,86,2,165,466,1,0,2,0,66,1,0,7,0,7,27,712,0,219,419,466,712
KNOX30 SARAH MOORE GREENE,254,2,75,2,16,0,18,0,0,0,0,2,0,0,21,0,37,693,0,0,2,0,20,0,0,3,0,1,10,192,0,331,96,693,192
KNOX31 CHILHOWEE,219,0,134,1,25,0,69,0,0,0,0,32,1,2,103,0,114,615,0,0,0,0,41,2,0,6,0,5,14,408,0,353,347,615,408
KNOX32 SPRING HILL,168,2,106,5,20,1,100,0,0,2,3,17,1,0,57,0,129,524,2,0,4,0,32,0,0,7,0,10,10,525,0,276,335,524,525
KNOX33 RICHARD YOAKLEY,143,1,140,5,38,1,99,0,0,0,4,18,0,3,86,1,175,583,0,0,6,0,57,2,0,15,0,7,21,728,0,284,430,583,728
KNOX34 FOUNTAIN CITY LIBRARY,100,0,126,2,24,2,67,0,0,0,2,32,0,4,97,0,98,445,0,0,3,0,51,1,0,2,0,2,10,465,0,226,328,445,465
KNOX35 SHANNONDALE,119,1,163,10,53,2,97,0,0,0,2,51,0,1,147,0,202,552,0,0,1,0,57,4,0,7,0,2,13,765,0,283,565,552,765
KNOX36 GRESHAM,162,1,179,8,50,1,153,2,0,2,2,44,0,3,152,1,219,731,0,0,7,0,86,0,1,13,0,10,16,953,0,342,637,731,953
KNOX37 INSKIP ELEMENTARY,292,2,341,33,72,3,251,1,1,1,3,71,0,4,248,2,378,1403,2,0,13,0,158,5,1,17,0,21,56,1847,1,635,1068,1403,1847
KNOX39 INSKIP REC CENTER,81,3,72,7,29,1,78,0,0,0,3,9,0,0,59,0,134,344,1,0,3,0,47,4,0,5,0,6,11,553,0,156,320,344,553
KNOX40 NORWOOD,137,0,128,7,53,1,142,0,0,2,4,33,0,2,125,0,204,575,2,0,4,0,64,3,0,13,0,13,12,863,0,265,573,575,863
KNOX41 NORWOOD,89,0,83,7,15,1,64,0,0,0,3,13,0,2,69,1,147,447,0,0,4,0,51,1,0,3,0,11,14,622,0,172,322,447,622
KNOX42 PLEASANT RIDGE,106,4,115,7,49,0,100,1,0,0,3,15,0,1,114,0,163,487,0,0,3,0,79,1,0,8,0,4,15,709,0,225,453,487,709
KNOX43 WEST HAVEN,129,2,115,4,45,2,97,1,0,0,3,25,0,0,121,0,140,557,2,0,2,0,74,1,1,11,0,7,15,695,0,246,438,557,695
KNOX44 RIDGEDALE,182,0,173,5,65,2,162,3,0,1,0,34,0,4,155,0,267,861,1,0,1,0,122,5,0,13,0,13,24,1145,0,355,698,861,1145
KNOX45 BEARDEN MIDDLE,249,4,240,7,94,4,251,0,0,1,4,80,0,2,297,0,365,1338,5,0,12,0,166,4,0,32,0,19,36,2001,0,493,1105,1338,2001
KNOX46 1ST NAZARENE,260,5,209,26,74,1,163,4,0,1,3,108,0,1,299,0,274,1180,6,0,9,0,135,2,0,26,0,12,30,1357,0,474,954,1180,1357
KNOX47 BEARDEN HIGH,359,2,448,41,85,4,200,4,1,0,3,170,1,4,453,1,361,1907,1,0,10,1,226,12,0,42,0,21,51,1741,0,809,1328,1907,1741
KNOX48 POND GAP,110,0,145,1,21,1,59,1,0,0,0,39,0,1,93,0,86,518,2,0,1,0,67,2,1,9,0,8,21,414,0,255,302,518,414
KNOX49 BEARDEN ELEMENTARY,174,1,200,14,16,2,46,0,1,0,0,65,0,1,135,0,79,770,0,0,6,0,71,3,0,11,0,2,21,358,0,375,359,770,358
KNOX50N WEST HIGH,19,0,53,2,4,0,19,0,0,0,0,8,0,0,25,0,21,176,0,0,0,0,23,2,0,1,0,2,4,108,0,72,79,176,108
KNOX50S WEST HIGH,50,0,70,2,3,0,17,0,0,0,0,5,0,0,14,3,41,286,1,0,2,0,18,2,0,4,0,6,13,175,0,120,85,286,175
KNOX51 DEANE HILL REC CTR,156,0,98,41,54,0,127,3,0,0,1,191,2,5,461,0,254,749,1,0,2,0,100,2,1,21,0,7,17,1173,0,254,1139,749,1173
KNOX55 LONAS,172,2,173,10,89,1,215,1,0,0,2,80,0,9,243,1,232,922,2,0,5,0,124,3,0,22,0,24,25,1390,0,347,883,922,1390
KNOX56 HEISKELL,53,2,47,5,31,0,142,1,0,0,3,18,0,0,88,0,188,210,0,0,1,0,35,0,0,7,0,5,4,899,0,102,476,210,899
KNOX57 HILLS,14,0,15,2,9,1,69,0,0,0,0,5,0,0,28,0,65,62,0,0,1,0,10,0,0,0,0,1,2,326,0,29,179,62,326
KNOX58N PEDIGO,8,0,8,2,9,0,41,0,0,0,1,4,0,0,16,0,71,43,0,0,1,0,6,0,0,0,0,1,1,249,0,16,144,43,249
KNOX58S PEDIGO,71,0,45,9,67,1,224,0,0,1,2,39,0,2,284,0,322,339,5,0,3,0,61,0,0,18,0,8,4,1626,0,116,951,339,1626
KNOX59 BRICKEY,164,3,139,18,123,10,410,1,0,1,6,101,0,4,412,0,619,821,4,0,7,0,131,4,0,18,0,29,24,2917,0,306,1705,821,2917
KNOX60 FORT SUMTER,66,1,51,2,52,2,129,1,0,1,0,20,0,3,147,0,278,276,0,0,1,0,29,3,0,7,0,6,3,1215,0,118,635,276,1215
KNOX61 HALLS,272,1,234,41,174,6,620,3,4,1,2,91,2,7,552,2,1035,1253,3,0,4,2,157,6,0,21,0,26,36,4646,0,507,2540,1253,4646
KNOX62 HARDIN VALLEY,100,0,130,14,89,0,191,1,0,1,3,68,0,2,289,1,289,534,3,0,4,0,105,3,0,19,0,7,11,1575,0,230,948,534,1575
KNOX63 KARNS,209,1,188,23,160,1,400,2,0,2,5,104,1,8,448,0,607,970,3,0,7,1,165,4,0,23,0,33,24,3057,0,398,1761,970,3057
KNOX63N KARNS NORTH,95,2,89,16,78,0,246,0,0,0,3,43,0,5,255,0,329,470,2,0,0,0,56,1,0,19,0,11,12,1573,0,186,975,470,1573
KNOX64 SOLWAY,179,4,131,16,96,3,273,1,1,1,3,95,1,3,354,1,394,902,2,0,5,0,133,4,0,23,0,10,27,2130,0,314,1242,902,2130
KNOX65N CONCORD NORTH,110,1,94,10,40,1,148,0,0,0,0,38,0,0,193,0,161,568,1,0,3,0,100,0,0,12,0,24,9,1076,0,205,591,568,1076
KNOX66N FARRAGUT I,344,0,281,59,160,4,521,2,4,0,3,306,2,4,888,1,685,1959,3,0,13,0,258,7,0,41,0,40,34,4216,0,625,2639,1959,4216
KNOX66S FARRAGUT II,360,1,207,36,120,6,500,3,0,1,3,221,1,3,626,0,664,1764,5,0,11,0,262,6,0,35,0,31,28,3775,0,568,2184,1764,3775
KNOX67 NORTH CEDAR BLUFF,336,5,288,26,128,3,319,3,2,0,5,155,0,4,416,3,411,1522,4,0,9,0,234,8,1,33,0,18,39,2227,0,629,1475,1522,2227
KNOX68 SOUTH CEDAR BLUFF,213,3,186,27,83,2,179,0,0,1,1,98,2,3,348,2,288,1152,0,0,6,0,139,2,0,22,0,19,16,1702,0,402,1034,1152,1702
KNOX68E EAST CEDAR BLUFF,95,0,135,7,23,2,59,2,0,1,1,25,0,1,106,0,95,577,0,0,1,0,74,4,0,7,0,12,19,554,1,230,322,577,554
KNOX71 ROCKY HILL,317,1,237,50,114,2,258,0,0,0,3,296,1,7,746,1,507,1561,3,0,12,0,214,8,1,35,0,20,36,2525,0,555,1985,1561,2525
KNOX72 DANTE,131,0,124,15,90,1,324,1,0,1,3,48,0,3,313,3,358,741,5,0,7,0,99,7,0,18,0,12,17,2098,0,255,1160,741,2098
KNOX73 POWELL,223,2,219,28,145,2,457,7,0,0,5,88,0,6,485,0,710,1005,5,0,5,0,187,4,0,30,0,38,29,3406,0,444,1933,1005,3406
KNOX74 SHANNONDALE,151,0,98,19,74,5,181,2,2,0,4,97,1,0,332,0,326,698,0,0,1,0,88,3,0,16,0,10,10,1474,0,249,1043,698,1474
KNOX76 SUNNYVIEW,66,0,61,2,29,1,121,0,1,0,3,20,0,3,129,1,211,301,2,0,1,1,38,2,0,7,0,4,4,897,0,127,521,301,897
KNOX77 RAMSEY,61,1,25,6,12,0,36,1,0,0,0,13,0,0,72,0,132,191,0,0,0,0,18,1,0,2,0,1,4,442,0,87,272,191,442
KNOX78 RIVERDALE,26,0,19,4,23,0,68,0,0,0,2,8,0,4,39,0,107,97,0,0,4,0,15,1,0,3,0,3,5,445,0,45,255,97,445
KNOX79 DORA KENNEDY,43,1,44,5,25,0,89,1,0,0,2,12,0,3,60,0,162,175,0,0,3,0,31,1,0,3,0,2,7,651,0,88,359,175,651
KNOX80 CORRYTON,45,3,41,4,37,0,154,0,0,0,2,25,0,2,77,0,183,199,0,0,2,0,18,2,0,1,0,4,3,849,0,89,484,199,849
KNOX81 GIBBS,126,2,134,14,173,2,413,0,1,1,5,56,1,4,374,2,724,631,7,0,6,0,110,5,0,13,0,15,21,3327,1,262,1770,631,3327
KNOX82 ELLISTOWN,110,1,47,6,40,2,98,1,1,0,1,14,0,2,79,1,190,410,0,0,5,0,45,1,0,7,0,6,6,811,0,158,435,410,811
KNOX84 RITTA,178,0,103,26,92,3,275,2,0,0,2,55,0,4,291,1,338,739,2,0,9,0,99,0,1,18,0,16,12,1957,0,281,1089,739,1957
KNOX85 SKAGGSTON,63,2,41,5,35,1,139,1,0,0,2,14,0,3,100,0,227,263,1,0,3,0,25,2,0,4,0,4,6,1026,0,106,527,263,1026
KNOX86 CARTER,66,3,46,15,39,1,139,1,0,0,4,24,1,3,149,0,273,242,0,0,5,0,41,4,0,11,0,1,6,1074,0,115,649,242,1074
KNOX87 THORNGROVE,43,0,38,12,36,2,106,0,0,0,3,12,0,1,73,1,220,158,0,0,0,0,17,2,0,3,0,5,5,794,0,81,466,158,794
KNOX89 MT. OLIVE,202,0,189,25,82,4,194,3,0,1,2,107,1,4,343,2,309,912,0,0,6,0,110,3,0,13,0,14,28,1502,0,391,1077,912,1502
KNOX92 GAP CREEK,14,0,24,0,35,0,85,1,0,1,1,15,0,1,116,0,116,111,0,0,1,0,35,0,0,22,0,6,3,547,0,38,371,111,547
KNOX93 HOPEWELL,87,1,80,10,68,3,200,2,0,0,0,28,1,4,164,0,272,389,3,0,2,0,60,4,0,7,0,14,8,1249,0,168,752,389,1249
LAKE1 TIPTONVILLE SR CITIZENS,1,0,1,0,5,0,9,0,0,0,0,0,0,0,2,0,25,21,0,0,0,0,0,0,0,0,0,1,0,108,0,2,41,21,108
LAKE2 COURTHOUSE,116,1,30,0,22,0,50,1,0,0,1,6,0,0,33,1,157,340,0,0,1,0,13,0,0,0,0,2,3,594,0,147,271,340,594
LAKE3 LAKE CO MIDDLE,69,1,16,1,18,0,66,0,0,0,0,1,1,0,37,0,144,216,0,0,4,0,5,1,0,0,0,3,3,655,0,86,268,216,655
LAUDERDALEARP 6,38,0,13,1,9,0,56,0,0,0,1,1,0,0,19,0,95,104,0,0,3,0,8,3,0,0,0,1,0,367,0,51,182,104,367
LAUDERDALECENTRAL 6,40,1,20,0,25,0,75,0,0,0,2,3,0,0,18,0,149,136,0,0,0,0,10,0,0,0,0,2,1,561,0,61,272,136,561
LAUDERDALECONNER 2,58,0,8,4,14,0,44,0,0,0,0,0,0,0,13,0,81,144,1,0,1,0,3,0,0,0,0,2,1,292,0,66,156,144,292
LAUDERDALEEDITH 7,9,0,6,0,6,0,33,0,0,0,0,1,0,0,9,0,54,37,0,0,0,0,5,0,0,0,0,0,0,236,0,15,103,37,236
LAUDERDALEGATES 7,58,1,8,0,13,0,44,0,0,0,0,3,0,1,9,0,85,197,0,0,0,0,5,0,0,0,0,3,1,350,0,67,155,197,350
LAUDERDALEHALLS 8,125,0,28,3,32,0,125,1,0,0,3,16,0,1,77,0,166,353,0,0,2,0,14,2,0,1,0,0,4,854,0,153,424,353,854
LAUDERDALEHENNING 1,146,2,13,0,6,3,32,0,0,0,1,7,0,1,6,0,50,409,0,0,0,0,5,2,0,0,0,0,2,215,0,161,106,409,215
LAUDERDALELIGHTFOOT 5,28,0,10,0,6,1,38,0,0,0,0,6,0,0,7,0,72,71,0,0,0,0,2,0,0,0,0,0,0,308,0,38,130,71,308
LAUDERDALEMCBRIDE 1,54,1,15,2,12,0,29,0,0,0,0,4,0,0,10,0,62,155,0,0,0,0,4,1,0,0,0,0,2,291,0,70,119,155,291
LAUDERDALENANKIPOO 7,11,0,6,0,6,0,46,0,0,0,0,4,0,0,29,0,69,53,0,0,0,0,6,0,0,0,0,1,0,320,0,17,154,53,320
LAUDERDALERIPLEY 2,89,0,14,2,7,0,29,0,0,0,2,5,0,0,19,0,68,272,0,0,2,0,9,1,0,0,0,0,2,296,0,103,132,272,296
LAUDERDALERIPLEY 3,186,3,33,8,22,5,67,0,0,0,2,14,1,0,76,0,128,515,0,0,3,0,11,4,0,0,0,1,1,631,0,222,323,515,631
LAUDERDALERIPLEY 4,193,0,20,1,3,0,20,0,0,0,1,0,0,0,12,0,32,610,0,0,3,0,5,0,0,0,0,0,0,163,0,213,69,610,163
LAWRENCE1-1 ST. JOSEPH,56,1,36,0,6,0,45,0,0,0,0,3,0,0,24,0,71,98,0,0,1,0,10,0,0,0,0,1,2,339,0,93,149,98,339
LAWRENCE1-2 WEST LORETTO,96,9,44,1,12,0,43,0,0,0,1,7,0,1,21,0,64,151,0,0,3,0,14,2,0,0,0,4,2,367,0,149,150,151,367
LAWRENCE10-1 HOWARDS,71,2,27,2,13,0,90,0,0,0,0,2,0,0,25,0,155,133,0,0,2,1,18,1,0,0,0,3,12,606,0,100,287,133,606
LAWRENCE11-1 SUMMERTOWN,47,2,51,2,31,1,95,0,0,0,1,6,0,1,32,0,122,124,0,0,0,0,11,0,0,0,0,0,16,693,0,100,291,124,693
LAWRENCE12-1 CENTER,13,0,1,1,7,0,28,0,0,0,0,5,0,1,17,0,72,24,0,0,0,0,5,0,0,0,0,0,0,245,0,14,131,24,245
LAWRENCE12-2 HENRYVILLE,33,0,24,0,16,0,55,0,0,0,0,1,0,0,13,0,95,71,0,0,2,0,9,0,0,0,0,1,1,404,0,57,180,71,404
LAWRENCE13-1 WEST END,42,4,48,1,25,1,100,0,0,0,1,8,0,3,41,0,195,117,0,0,0,1,17,2,0,0,0,4,3,806,0,94,375,117,806
LAWRENCE14-1 CRAWFISH VALLEY,80,2,36,4,23,1,53,0,0,0,3,5,0,0,26,0,117,151,0,0,0,0,11,1,0,0,0,0,1,531,0,118,232,151,531
LAWRENCE15-1 DAVID CROCKETT,68,5,46,1,24,1,108,0,0,1,3,6,0,0,49,0,204,161,0,0,2,0,18,1,0,0,0,3,2,835,0,119,397,161,835
LAWRENCE16-1 ROTARY PARK,43,0,44,4,15,1,42,0,0,0,1,3,0,0,25,0,76,144,0,0,0,0,13,0,0,0,0,1,4,369,0,87,167,144,369
LAWRENCE17-1 SOWELL,83,2,41,3,14,1,60,0,0,0,2,15,1,2,29,0,155,199,0,0,0,0,13,0,0,3,0,0,2,598,0,126,282,199,598
LAWRENCE18-1 E. O. COFFMAN,72,1,36,3,19,2,83,0,0,0,2,12,0,0,48,2,133,149,0,0,1,0,14,2,0,0,0,1,2,648,0,109,304,149,648
LAWRENCE2-1 LORETTO CIV CTR,116,7,85,1,23,0,72,0,0,0,5,13,0,0,45,0,170,207,0,0,1,0,20,0,0,0,0,1,1,701,0,208,329,207,701
LAWRENCE3-1 SE LAWRENCE,44,2,33,0,10,0,66,0,0,0,1,5,0,0,20,2,92,100,0,0,0,0,8,1,0,0,0,4,1,434,0,79,196,100,434
LAWRENCE3-2 CENTERPOINT,37,0,18,1,14,0,46,0,0,0,1,4,0,0,12,0,62,71,0,0,0,0,3,0,0,0,0,2,0,267,0,55,140,71,267
LAWRENCE4-1 CROSSROADS,46,3,46,2,24,0,99,0,0,0,3,5,0,0,44,0,180,122,0,0,0,0,12,0,0,0,0,2,1,821,0,95,357,122,821
LAWRENCE5-1 LEOMA,35,2,18,1,18,0,68,0,0,0,3,6,1,1,32,0,114,82,0,0,1,0,5,1,0,0,0,1,2,475,0,55,244,82,475
LAWRENCE5-2 GANDY,22,0,18,0,10,0,22,0,0,0,0,1,0,0,25,0,50,48,0,0,0,0,4,0,0,0,0,0,1,251,0,40,108,48,251
LAWRENCE6-1 IRON CITY,29,1,16,0,2,0,31,0,0,0,0,0,0,0,12,0,47,55,0,0,1,0,10,0,0,0,0,1,2,222,0,46,92,55,222
LAWRENCE6-2 WEST POINT,45,3,53,0,16,0,66,0,0,0,0,3,1,0,13,1,75,97,0,0,0,0,11,1,0,0,0,0,4,371,0,101,175,97,371
LAWRENCE7-1 LAWRENCEBURG,93,4,59,6,33,1,99,0,1,0,3,10,0,1,46,0,210,186,0,0,2,0,18,0,0,0,0,3,5,778,0,156,410,186,778
LAWRENCE8-1 NEW PROSPECT,87,5,62,3,22,0,98,0,0,0,3,19,0,0,55,0,233,186,0,0,2,0,19,1,0,0,0,3,5,947,0,154,433,186,947
LAWRENCE9-1 ETHRIDGE,42,1,20,1,10,0,45,0,0,0,1,2,0,0,20,0,97,78,2,0,1,0,3,0,0,0,0,1,3,359,0,63,176,78,359
LAWRENCE9-2 MARS HILL,32,3,31,2,8,0,53,0,0,0,1,5,0,0,15,1,94,67,0,0,2,0,5,0,0,0,0,0,5,353,0,66,179,67,353
LINCOLN1-1 BLANCHE,21,0,15,3,48,0,103,1,0,0,1,4,0,1,59,1,186,110,0,0,1,0,13,0,0,1,0,2,4,712,0,36,407,110,712
LINCOLN1-2 MOLINO,24,0,26,1,14,0,49,0,0,0,0,4,0,1,30,0,110,79,2,0,0,0,8,1,0,4,0,3,1,354,0,50,209,79,354
LINCOLN1-3 TAFT,19,0,10,0,18,1,52,0,0,0,1,15,0,1,37,0,94,68,1,0,2,0,15,0,0,1,0,1,4,378,0,29,219,68,378
LINCOLN2-1 BOONSHILL,41,0,20,3,34,0,63,1,0,0,0,4,0,0,49,0,141,127,0,0,0,0,15,1,0,0,0,4,1,559,0,61,295,127,559
LINCOLN2-2 HOWELL,30,0,15,1,13,0,53,0,1,0,0,5,0,0,37,0,77,92,0,0,0,0,14,0,0,4,0,2,2,358,0,45,187,92,358
LINCOLN2-3 PETERSBURG,12,0,15,2,7,0,53,0,0,0,0,6,0,0,27,1,120,58,2,0,0,0,5,0,0,0,0,1,1,378,0,27,216,58,378
LINCOLN3-1 RECREATION CENTER,64,1,30,10,15,1,61,1,0,0,0,5,0,0,43,1,142,267,0,0,0,0,21,2,0,8,0,5,1,522,0,95,279,267,522
LINCOLN3-2 LIBERTY,41,0,22,1,37,0,81,0,0,0,0,21,0,1,50,0,179,135,0,0,2,0,20,0,0,0,0,0,3,693,0,63,370,135,693
LINCOLN4-1 MARANATHA,45,2,18,4,33,0,105,0,0,0,0,11,0,1,39,0,188,142,0,0,2,0,10,1,0,3,0,2,2,745,0,65,381,142,745
LINCOLN4-2 FNB,38,0,13,0,42,0,76,0,0,0,1,12,0,0,47,0,168,145,0,0,1,0,13,2,0,2,0,1,4,645,0,51,346,145,645
LINCOLN5-1 CALVARY,26,0,25,3,27,1,71,0,0,0,0,8,0,0,44,0,149,124,0,0,2,0,14,1,0,5,0,0,5,571,0,51,303,124,571
LINCOLN5-2 ARMORY,84,2,11,3,15,0,17,1,0,0,0,8,0,0,33,1,59,312,0,0,2,0,6,3,0,1,0,3,6,279,0,97,137,312,279
LINCOLN6-1 FAYETTEVILLE CPC,94,0,31,10,32,0,92,0,0,1,0,22,0,1,106,1,264,286,1,0,2,0,31,0,0,2,0,3,5,943,0,125,529,286,943
LINCOLN6-2 BELLEVILLE,12,1,8,0,14,0,52,1,0,0,0,2,0,0,19,0,74,52,0,0,1,0,6,0,0,1,0,2,1,299,0,21,162,52,299
LINCOLN6-3 MULBERRY,28,0,9,2,9,0,32,0,0,0,0,3,0,0,15,0,67,68,0,0,0,0,3,0,0,0,0,1,1,261,0,37,128,68,261
LINCOLN7-1 ELORA,22,0,5,0,5,0,23,0,0,0,0,5,0,0,18,0,51,51,0,0,0,0,2,0,0,0,0,1,1,205,0,27,102,51,205
LINCOLN7-2 FLINTVILLE,50,0,13,1,35,0,81,0,0,0,0,5,0,1,41,0,133,110,0,0,1,0,13,0,0,1,0,1,0,605,0,63,297,110,605
LINCOLN7-3 KELSO,17,0,8,0,17,2,38,0,0,0,0,4,0,0,26,0,101,76,0,0,0,0,3,1,0,1,0,0,0,378,0,25,188,76,378
LINCOLN8-1 LINCOLN,40,1,20,1,55,1,121,0,0,0,0,11,0,2,105,0,267,168,0,0,2,0,15,0,0,8,0,7,1,1137,0,61,563,168,1137
LINCOLN8-2 SOUTH LINCOLN,20,2,14,0,19,0,39,0,0,0,1,5,0,0,25,0,88,84,0,0,1,0,4,1,0,0,0,0,3,376,0,36,177,84,376
LOUDONBROWDER,89,2,63,6,49,0,236,3,0,0,8,40,0,1,172,0,373,387,0,0,2,2,41,5,0,6,0,8,9,1541,0,154,888,387,1541
LOUDONDAVIS,16,0,12,3,17,0,53,0,0,0,0,26,0,1,86,0,137,82,0,0,1,0,11,0,0,2,0,1,0,539,0,28,323,82,539
LOUDONEATON,127,1,80,12,94,1,342,2,0,0,0,81,0,3,364,0,544,594,0,0,6,0,103,0,0,6,0,20,17,2450,0,208,1443,594,2450
LOUDONGLENDALE,25,1,28,4,35,1,105,0,0,0,5,28,0,2,106,0,229,172,0,0,0,1,23,1,0,1,0,3,3,859,0,54,515,172,859
LOUDONGREENBACK,37,1,47,3,46,2,130,1,1,0,0,20,0,0,100,1,248,193,0,1,0,0,28,2,0,1,0,3,6,972,0,85,552,193,972
LOUDONHIGHLAND PARK,114,0,60,16,82,1,240,2,1,0,3,81,0,2,219,1,409,550,0,0,3,1,65,3,0,17,0,11,6,2083,0,174,1057,550,2083
LOUDONLENOIR CITY,120,6,109,11,62,1,167,1,0,0,7,27,0,2,119,2,363,532,2,1,4,0,67,2,0,4,0,9,15,1510,0,235,762,532,1510
LOUDONLENOIR CITY OUTSIDE,29,2,12,5,26,0,62,0,1,0,1,15,0,0,59,0,156,123,0,0,4,2,27,1,0,0,0,1,7,519,0,43,325,123,519
LOUDONLOUDON,101,2,47,11,73,1,135,1,0,0,4,33,0,2,148,1,356,388,1,0,3,0,30,3,0,1,0,7,4,1208,0,150,765,388,1208
LOUDONLOUDON MT ZION,41,0,26,4,15,0,100,1,1,0,3,44,0,3,129,1,177,248,0,0,3,0,21,0,0,2,0,1,0,733,0,67,478,248,733
LOUDONLOUDON OUTSIDE,62,0,46,9,37,1,147,0,0,0,1,19,0,0,90,0,264,236,1,0,6,0,32,0,0,2,0,1,6,1070,0,108,568,236,1070
LOUDONLUTTRELL,8,0,3,0,11,1,55,1,0,0,1,6,0,0,29,0,75,36,0,0,0,0,6,1,0,0,0,0,2,296,0,11,179,36,296
LOUDONPHILADELPHIA,26,1,21,7,33,0,96,2,0,1,3,16,0,2,56,0,153,122,0,0,1,0,17,2,0,0,0,4,4,639,0,48,369,122,639
LOUDONTELLICO V. NORTH,105,0,33,19,48,2,160,2,1,1,0,159,1,2,290,2,312,574,0,1,5,0,40,0,0,4,0,5,3,1410,0,138,999,574,1410
LOUDONTELLICO V. SOUTH,127,2,51,31,44,6,171,1,1,0,6,185,0,2,343,1,404,682,1,0,3,0,62,2,0,2,0,3,5,1781,0,180,1195,682,1781
MACONCENTRAL,37,2,21,5,17,0,55,0,0,0,3,5,0,0,34,0,217,128,0,0,1,0,11,1,0,0,0,0,5,644,0,60,336,128,644
MACONCOUNTY HIGH SCHOOL,30,1,9,0,22,0,78,0,0,0,1,4,1,2,28,0,194,82,0,0,1,0,7,0,0,0,0,0,2,707,0,40,330,82,707
MACONCOUNTY JUNIOR HIGH,37,1,17,1,27,1,65,1,0,0,0,5,0,0,26,0,187,113,0,0,2,0,12,1,0,0,0,1,3,667,0,55,313,113,667
MACONCROSS ROADS,24,0,15,0,17,1,69,0,0,0,0,2,0,0,17,0,121,80,0,0,0,0,6,0,0,1,0,1,5,524,0,39,227,80,524
MACONLAFAYETTE,25,2,14,2,6,0,67,0,1,0,0,6,0,1,28,0,121,104,0,0,0,0,4,0,0,0,0,3,3,455,0,41,232,104,455
MACONRED BOILING SPRINGS,44,0,21,8,14,0,54,0,0,0,0,6,0,0,14,1,153,139,0,0,3,0,14,0,0,0,0,3,5,559,0,65,250,139,559
MACONWESTSIDE,41,2,18,4,12,0,52,1,0,0,1,5,0,0,17,0,135,119,0,0,1,0,10,1,0,0,0,3,3,511,0,61,227,119,511
MACONWILLETTE,25,0,16,10,17,0,112,0,0,0,5,3,1,2,24,0,232,79,0,0,1,0,6,0,0,1,0,1,3,716,0,41,406,79,716
MADISON1-1 CIVIC CENTER,113,1,38,3,5,0,28,0,0,0,0,5,0,0,17,0,32,515,0,0,3,0,24,1,0,8,0,3,9,174,0,152,90,515,174
MADISON1-2 MT MORIAH,287,0,32,1,5,0,8,0,0,0,0,0,0,0,1,0,6,944,0,0,2,0,5,0,0,0,0,1,5,57,0,319,21,944,57
MADISON10-1 SPRING CREEK,16,1,4,3,19,0,66,0,0,0,0,11,0,0,21,1,85,62,1,0,0,0,1,1,0,1,0,1,1,354,0,21,206,62,354
MADISON10-2 NORTH EAST,154,3,49,4,82,0,288,1,0,0,1,24,0,1,153,0,312,663,3,0,5,0,38,0,0,2,0,7,3,1653,0,206,866,663,1653
MADISON10-3 NORTH SIDE,285,2,72,5,79,0,240,0,2,0,0,49,0,1,192,1,269,925,1,0,10,0,56,1,0,17,0,4,6,1421,0,359,838,925,1421
MADISON2-1 ALEXANDER,290,1,42,2,15,1,59,0,0,0,0,19,0,1,34,0,68,894,1,0,1,0,13,2,0,7,0,0,9,298,0,333,199,894,298
MADISON2-2 ALDERSGATE,172,1,42,13,41,2,165,0,0,0,4,34,0,1,131,0,179,559,0,0,3,0,42,4,0,19,0,8,8,859,0,215,570,559,859
MADISON3-1 BOARD OF EDUC,161,3,41,4,20,0,108,1,0,0,4,11,0,0,68,1,106,580,0,0,2,0,19,4,0,7,0,10,7,574,0,205,323,580,574
MADISON3-2 OLD BELLS RD #10,29,0,9,4,24,1,73,1,0,0,0,11,0,0,54,0,66,91,0,0,1,0,6,0,0,7,0,1,2,321,1,38,234,91,321
MADISON3-3 J-CIL,104,1,34,3,51,0,128,0,0,0,0,30,0,2,135,0,128,374,2,0,0,0,27,1,0,39,0,1,2,795,0,139,477,374,795
MADISON4-1 MASONIC LODGE,243,1,54,12,77,0,232,0,0,0,2,27,0,0,202,0,191,963,5,0,2,0,58,4,0,38,0,7,12,1266,0,298,743,963,1266
MADISON4-2 ANDREW JACKSON,137,0,26,4,13,1,43,0,0,2,0,11,0,0,52,0,59,489,0,0,3,0,8,0,0,4,0,3,7,280,0,163,185,489,280
MADISON4-3 FESTIVITIES,138,1,30,13,54,1,195,0,0,0,3,44,2,2,168,1,224,460,0,0,2,0,28,2,0,22,0,6,3,1022,0,169,707,460,1022
MADISON5-1 WHITEHALL,218,0,16,0,0,0,0,0,0,0,0,0,0,0,1,0,3,738,0,0,2,0,2,3,0,1,0,0,2,13,0,234,4,738,13
MADISON5-2 MACEDONIA,189,1,20,2,2,0,5,0,0,0,0,1,0,0,3,0,11,863,0,0,6,0,3,1,0,1,0,1,3,40,0,210,24,863,40
MADISON5-3 NORTH PARKWAY,292,0,60,0,35,0,87,0,0,0,1,15,0,0,64,1,116,1054,0,0,1,0,32,1,0,9,0,1,9,641,0,352,319,1054,641
MADISON6-1 SOUTH SIDE,92,0,35,4,36,0,130,0,0,1,3,13,0,1,52,0,192,323,0,0,3,0,19,2,0,8,0,5,2,896,0,127,432,323,896
MADISON6-2 SOUTH,15,1,8,1,25,0,52,0,0,0,1,4,0,0,25,0,91,91,0,0,1,0,7,1,0,0,0,2,1,362,0,24,199,91,362
MADISON6-3 MALESUS,39,0,17,3,39,0,91,1,0,0,0,13,0,0,49,0,140,139,0,0,0,0,12,0,0,1,0,2,0,656,0,56,336,139,656
MADISON6-4 MEDON,31,0,5,0,8,0,37,0,0,0,1,4,0,0,10,0,59,93,0,0,0,0,6,0,0,1,0,2,0,231,0,36,119,93,231
MADISON7-1 UT EXPERIMENT,122,0,16,0,7,0,12,0,0,0,0,3,0,0,10,0,10,436,0,0,1,0,4,1,0,2,0,0,3,78,0,138,42,436,78
MADISON7-2 TN TECH CTR,146,0,28,4,27,0,87,0,0,0,0,5,0,0,38,0,136,433,1,0,4,0,17,1,0,2,0,3,2,637,0,174,297,433,637
MADISON7-3 DENMARK,181,1,15,0,6,0,17,0,0,0,0,6,0,0,9,0,37,532,0,0,1,0,5,1,0,1,0,0,1,173,0,197,75,532,173
MADISON7-4 MERCER,29,1,7,1,13,0,36,0,0,0,1,3,0,5,15,0,44,97,0,0,1,0,7,0,0,0,0,1,2,226,0,37,118,97,226
MADISON8-1 BEECH BLUFF,25,0,12,2,22,3,58,0,0,0,0,7,0,0,19,1,59,98,0,0,2,0,6,1,0,0,0,1,4,414,0,37,171,98,414
MADISON8-2 BROWNS,67,1,22,2,29,1,110,0,0,0,0,5,0,0,48,0,110,219,0,0,1,0,19,3,0,3,0,0,3,621,0,90,305,219,621
MADISON8-3 MIFFLIN,25,2,15,1,16,1,106,0,0,1,1,7,0,1,29,1,132,98,2,0,0,0,10,0,0,3,0,0,3,596,0,42,296,98,596
MADISON8-4 EAST UNION,66,1,16,0,19,0,78,0,1,0,0,6,0,1,21,0,88,176,0,0,1,0,9,3,0,2,0,1,2,412,0,83,214,176,412
MADISON8-5 LESTERS,64,0,18,0,31,4,89,0,0,0,0,2,0,1,42,0,160,172,0,0,2,0,8,0,0,0,0,3,0,663,0,82,329,172,663
MADISON9-1 VFW,196,0,69,7,103,0,288,2,0,0,0,48,0,1,285,0,342,762,1,0,3,0,46,2,0,21,0,5,9,1913,0,265,1076,762,1913
MADISON9-2 POPE,150,0,37,14,98,1,332,0,0,0,2,43,0,0,303,0,316,613,0,0,9,0,52,2,0,23,0,4,3,1980,0,187,1109,613,1980
MADISON9-3 THREE WAY,80,1,22,4,47,1,188,0,0,0,2,21,1,3,124,1,192,293,0,0,3,0,25,0,0,11,0,0,3,1019,0,103,584,293,1019
MARIONELDER MOUNTAIN,11,0,5,0,10,0,18,1,0,0,0,9,0,0,24,0,34,38,0,0,0,0,5,0,0,0,0,0,1,138,0,16,96,38,138
MARIONFOSTER FALLS,19,0,13,0,17,2,34,0,1,0,1,10,0,1,28,1,68,69,0,0,0,0,6,0,0,0,0,1,0,339,0,32,163,69,339
MARIONHALETOWN-LADD,38,0,15,0,10,0,22,0,0,0,0,3,0,0,14,0,84,107,0,0,1,0,9,0,0,0,0,2,3,265,0,53,133,107,265
MARIONJASPER,216,8,114,7,38,2,121,1,0,0,0,17,0,2,122,0,304,651,0,0,5,0,55,3,0,4,0,4,13,1574,0,338,614,651,1574
MARIONKIMBALL,86,2,54,2,22,0,41,0,0,0,0,11,0,0,39,0,129,226,0,0,1,0,9,1,0,0,0,2,1,529,0,142,244,226,529
MARIONLODGE,23,1,16,1,9,0,13,1,0,0,0,0,0,0,10,0,30,48,0,0,0,0,6,0,0,0,0,0,1,125,0,40,64,48,125
MARIONMONTEAGLE,57,1,58,1,24,0,37,2,0,0,0,22,0,0,33,0,102,198,0,0,0,0,17,1,0,1,0,0,3,407,0,116,221,198,407
MARIONNEW HOPE,35,1,30,0,8,0,38,0,0,0,0,6,0,1,20,0,102,100,0,0,2,0,10,1,0,1,0,1,6,370,0,66,175,100,370
MARIONORME,8,1,4,0,1,0,9,0,0,0,0,0,0,0,2,0,7,14,0,0,1,0,3,1,0,0,0,0,0,34,0,13,19,14,34
MARIONPOWELLS CROSSROAD,65,4,52,5,34,0,94,0,1,0,1,13,0,0,54,1,200,188,0,0,2,0,28,1,0,0,0,3,5,823,0,121,403,188,823
MARIONRIVER CANYON,8,0,10,0,2,0,19,0,0,0,0,5,0,1,11,0,52,40,0,0,1,0,6,0,0,1,0,0,2,198,0,18,90,40,198
MARIONSEQUATCHIE,70,1,50,5,17,0,57,0,2,0,1,6,0,1,50,0,153,173,0,0,1,0,12,0,0,0,0,1,2,641,0,121,292,173,641
MARIONSHELLMOUND,30,0,16,0,14,0,26,0,0,0,1,0,0,1,34,0,60,88,0,0,1,0,4,0,0,0,0,1,1,287,0,46,136,88,287
MARIONSOUTH PITTSBURG,234,4,78,5,32,1,59,0,1,0,1,18,0,0,69,0,197,592,0,0,2,0,26,2,0,3,0,4,4,766,0,316,383,592,766
MARIONWALDEN'S RIDGE,25,2,7,1,5,0,9,0,0,0,0,2,0,1,14,0,44,50,0,0,0,0,6,0,0,0,0,1,1,173,0,34,76,50,173
MARIONWHITWELL,86,3,27,4,15,2,70,1,0,0,4,17,0,0,49,2,159,182,0,0,0,0,14,0,0,0,0,2,4,767,0,116,323,182,767
MARIONWHITWELL MOUNTAIN,35,0,10,0,13,1,23,0,0,0,2,2,0,0,13,0,74,68,0,0,1,0,5,3,0,0,0,0,3,260,0,45,128,68,260
MARSHALL1 CHAPEL HILL,79,3,46,1,48,0,186,0,0,0,3,16,1,1,76,0,231,295,2,0,1,0,34,2,0,1,0,3,7,1169,0,128,563,295,1169
MARSHALL2 HENRY HORTON PARK,91,1,43,0,46,0,114,1,0,0,2,25,0,2,76,0,201,289,1,0,1,0,46,0,0,6,0,7,6,1078,0,135,467,289,1078
MARSHALL3 BELFAST,74,2,26,1,33,0,102,0,1,3,0,10,0,0,32,0,271,238,0,0,2,0,26,3,0,1,0,1,5,930,0,102,453,238,930
MARSHALL4 CORNERSVILLE,59,0,54,1,37,0,128,0,0,0,1,13,0,2,51,0,235,227,1,0,2,0,21,2,0,0,0,1,4,1064,0,113,468,227,1064
MARSHALL5 RECREATION CENTER,127,0,46,2,26,0,129,1,0,0,0,24,0,3,93,0,228,431,0,0,4,0,30,4,0,2,0,3,8,984,0,173,506,431,984
MARSHALL7 HARDISON,95,0,31,1,16,0,43,0,0,0,2,4,0,0,19,0,101,334,0,0,3,2,17,2,0,0,0,4,6,455,0,126,186,334,455
MARSHALL8 LEWISBURG GAS,108,1,34,1,24,0,80,0,0,0,1,12,0,3,51,0,194,323,1,0,3,0,23,0,0,0,0,7,13,812,0,143,366,323,812
MARSHALL9 MCKNIGHT CENTER,118,1,51,3,32,0,114,0,0,0,1,16,0,0,72,0,222,396,1,0,4,0,30,2,0,1,0,5,4,932,0,170,460,396,932
MAURYARMORY 7-1,134,0,71,3,49,0,184,2,0,0,1,21,0,1,95,0,199,492,0,0,1,0,31,4,0,9,0,5,3,1329,0,205,555,492,1329
MAURYBEAR CREEK 8-1,118,1,93,8,71,0,283,1,0,0,1,22,0,2,130,3,347,544,1,0,5,0,46,2,0,4,0,5,10,1771,0,212,868,544,1771
MAURYBIGBYVILLE 9-1,73,0,58,6,37,1,167,2,0,0,0,9,0,1,81,0,227,257,4,0,1,0,25,0,0,6,0,7,4,1115,0,131,531,257,1115
MAURYCOLLEGE HILL 3-1,298,1,67,0,6,0,31,0,0,0,0,3,0,0,10,0,57,1288,1,0,2,0,18,1,0,0,0,1,12,391,0,366,107,1288,391
MAURYCP CHURCH 5-1,137,0,95,3,65,0,294,2,0,0,1,31,0,1,154,0,335,639,4,0,3,0,71,1,0,22,0,8,16,1668,0,232,886,639,1668
MAURYCULLEOKA 8-2,62,0,40,1,28,0,114,0,0,0,0,8,0,0,49,1,213,193,0,0,0,0,16,0,0,4,0,2,5,871,0,102,414,193,871
MAURYFIRST FAMILY 2-1,170,3,89,13,61,0,150,0,0,0,2,37,0,0,168,0,274,605,2,0,5,0,78,4,0,14,0,5,8,1361,0,262,705,605,1361
MAURYHAMPSHIRE 7-2,50,0,24,0,2,0,19,0,0,0,0,3,0,0,13,0,24,168,2,0,0,0,17,0,0,2,0,0,3,838,0,74,61,168,838
MAURYHIGHLAND 2-2,44,1,34,6,6,0,47,0,0,0,0,9,0,0,32,0,57,221,1,0,2,0,14,0,0,9,0,0,4,305,0,79,157,221,305
MAURYMT. PLEASANT 10-1,199,1,59,1,52,0,175,0,0,0,1,15,0,0,83,1,309,751,1,0,3,0,42,2,0,7,0,8,4,1493,0,259,637,751,1493
MAURYNEAPOLIS 5-2,55,0,52,1,39,0,169,0,0,2,1,20,0,1,110,0,166,332,3,0,2,1,47,1,0,14,0,7,2,1033,0,107,509,332,1033
MAURYPLEASANT HEIGHTS 9-2,113,2,42,16,71,0,286,3,0,0,1,75,0,0,221,0,384,492,1,0,4,0,60,2,0,16,0,2,8,1805,0,157,1057,492,1805
MAURYRALLY HILL 11-1,57,0,22,0,23,0,101,0,0,0,0,8,0,1,55,0,157,196,0,0,1,0,28,2,0,5,0,2,4,722,0,79,345,196,722
MAURYRIVERSIDE 1-1,87,2,52,2,27,0,94,0,0,0,2,14,0,1,62,0,184,385,0,0,3,0,25,4,0,10,0,5,13,805,0,141,386,385,805
MAURYSANTA FE 6-1,39,1,32,3,22,1,98,0,0,0,1,6,0,1,33,1,168,140,2,0,2,0,13,1,0,4,0,3,4,704,0,72,334,140,704
MAURYSPRING HILL 11-2,172,2,156,4,127,2,392,0,0,0,1,37,0,4,279,1,396,1156,10,0,10,4,158,2,0,66,0,13,33,2649,0,330,1243,1156,2649
MAURYSPRING HILL MS 6-2,78,1,78,0,70,0,199,0,0,0,1,15,0,1,104,0,220,372,1,0,1,0,28,1,0,7,0,0,9,1087,0,157,610,372,1087
MAURYST. CATHERINE 4-1,281,3,129,7,49,1,175,1,0,0,1,24,0,2,95,1,260,1075,0,0,2,0,93,4,0,13,0,6,8,2016,0,413,616,1075,2016
MAURYTHETA 6-3,87,0,44,4,40,0,163,0,0,0,0,20,0,1,78,0,200,303,1,0,0,0,47,0,0,6,0,8,4,994,0,131,506,303,994
MAURYWEST END 1-2,112,3,68,1,9,0,31,0,0,0,0,4,0,0,16,0,55,429,3,0,3,0,65,4,0,9,0,3,12,842,0,183,116,429,842
MCMINNCALHOUN,40,2,19,3,22,0,53,0,0,0,1,9,0,0,37,0,87,117,0,0,1,0,12,1,0,0,0,2,0,375,0,61,212,117,375
MCMINNCENTRAL,23,1,11,1,25,1,44,0,0,0,0,7,0,1,34,0,106,55,0,0,0,0,11,1,0,3,0,0,2,385,0,35,219,55,385
MCMINNCITY PARK,145,1,88,21,118,3,275,2,0,2,4,71,0,1,243,0,422,459,0,0,5,0,48,3,0,4,0,6,10,1718,0,234,1162,459,1718
MCMINNCOURTHOUSE,70,0,51,16,64,1,187,1,2,1,2,48,0,3,132,1,293,305,1,0,3,0,33,2,0,2,0,4,5,1261,0,121,751,305,1261
MCMINNE K BAKER,26,0,25,3,25,0,134,1,0,0,2,15,0,0,84,0,217,125,3,0,4,0,12,1,0,0,0,0,4,853,0,51,481,125,853
MCMINNENGLEWOOD,90,2,55,14,53,1,169,1,0,0,4,28,0,1,139,1,298,291,0,0,6,0,27,0,0,1,0,3,6,1197,0,147,709,291,1197
MCMINNETOWAH,115,2,62,9,96,3,157,3,0,1,4,17,0,5,128,0,359,384,1,0,5,0,29,5,0,6,0,2,10,1447,0,179,782,384,1447
MCMINNINGLESIDE,44,1,33,3,11,0,40,0,1,0,2,26,0,0,56,0,95,157,0,0,2,0,16,1,0,1,0,0,4,328,0,78,234,157,328
MCMINNMOUNTAIN VIEW,66,2,38,9,41,0,86,1,0,0,2,21,0,2,99,0,187,184,0,0,5,0,28,0,0,3,0,3,5,864,0,106,448,184,864
MCMINNNIOTA,97,4,55,14,78,2,243,0,1,1,2,38,0,2,144,2,455,340,1,0,4,0,34,3,0,5,0,4,3,1907,0,156,982,340,1907
MCMINNNORTH CITY,89,0,63,19,56,1,131,0,0,0,2,39,0,2,105,1,223,335,1,0,5,1,30,1,0,2,0,3,9,920,0,152,579,335,920
MCMINNRICEVILLE,82,3,48,7,64,1,191,1,0,0,2,38,0,0,174,1,319,267,2,0,2,0,26,0,0,1,0,5,6,1339,0,133,798,267,1339
MCMINNROGERS CREEK,56,0,26,5,36,1,123,1,0,0,4,15,0,0,85,1,235,171,0,0,6,0,14,0,0,0,0,2,1,925,0,82,506,171,925
MCMINNTCAT,58,0,32,8,22,0,57,0,0,0,1,7,0,0,40,1,104,228,0,0,0,0,12,2,0,0,0,1,3,447,0,90,240,228,447
MCNAIRYADAMSVILLE 2-1,68,1,22,5,58,0,68,0,0,0,3,16,0,2,87,0,220,174,0,0,1,0,20,2,0,0,0,7,17,920,0,91,459,174,920
MCNAIRYBETHEL SPRINGS 1-1,51,0,7,0,14,0,43,0,0,0,1,3,0,2,27,1,132,137,0,0,0,0,5,2,0,0,0,3,3,468,0,58,223,137,468
MCNAIRYCOURTHOUSE SE 6-1,111,0,35,8,55,0,116,0,0,0,2,20,0,0,77,0,224,329,0,0,0,0,27,4,0,0,0,13,14,1130,0,146,502,329,1130
MCNAIRYCYPRESS 5-1,9,0,6,0,2,0,18,0,0,0,0,0,0,0,8,0,51,23,0,0,0,0,1,0,0,0,0,2,3,152,0,15,79,23,152
MCNAIRYEAST VIEW 5-2,22,1,7,0,17,1,29,1,0,0,1,7,0,1,20,0,67,53,0,0,0,0,7,0,0,0,0,4,4,311,0,30,144,53,311
MCNAIRYFINGER 1-2,13,0,10,0,21,0,37,1,0,0,2,4,0,0,29,0,60,42,0,0,0,0,8,0,0,0,0,1,4,328,0,23,154,42,328
MCNAIRYGUYS 5-3,45,1,12,0,3,0,9,0,0,0,1,2,0,0,10,0,17,95,0,0,1,0,3,1,0,0,0,1,3,99,0,58,42,95,99
MCNAIRYLAWTON 2-2,29,0,10,0,23,0,26,0,0,0,0,3,0,1,13,0,56,66,0,0,0,0,7,0,0,0,0,0,2,257,0,39,122,66,257
MCNAIRYLEAPWOOD 3-1,13,0,5,0,8,0,35,0,0,0,3,0,0,1,27,0,71,32,0,0,1,0,5,0,0,0,0,1,1,300,0,18,145,32,300
MCNAIRYMCNAIRY 1-3,19,0,13,0,14,0,39,0,0,0,3,0,0,0,19,0,60,50,0,0,1,0,8,0,0,0,0,1,3,287,0,32,135,50,287
MCNAIRYMICHIE 7-1,60,0,21,2,36,5,92,0,0,0,2,9,0,0,58,0,214,160,0,0,0,0,12,1,0,0,0,3,11,973,0,81,418,160,973
MCNAIRYNORTH SELMER 4-1,62,0,13,2,20,0,40,0,1,0,1,11,0,1,40,0,135,150,0,0,1,0,11,2,0,0,0,5,10,526,0,75,251,150,526
MCNAIRYNORTHEAST 3-2,84,4,29,1,33,0,59,0,1,0,1,16,0,1,44,0,131,227,0,0,0,0,10,1,0,0,0,6,13,527,0,117,287,227,527
MCNAIRYPURDY 3-3,15,1,3,1,10,0,32,0,0,0,3,1,0,1,15,0,51,43,0,0,0,0,4,0,0,0,0,2,3,204,0,19,114,43,204
MCNAIRYRAMER 5-4,57,0,12,2,35,0,51,0,0,0,1,7,0,1,38,0,123,125,0,0,1,0,6,2,0,0,0,7,9,508,0,69,258,125,508
MCNAIRYROSE CREEK 4-2,33,1,14,2,22,0,42,0,0,0,2,4,0,0,37,0,123,79,0,0,1,0,8,3,0,0,0,1,7,491,0,48,232,79,491
MCNAIRYSTANTONVILLE 7-2,28,1,10,2,14,0,46,0,0,0,2,6,0,0,32,0,87,63,0,0,0,0,8,2,0,0,0,5,3,360,0,39,189,63,360
MEIGS1 EASTVIEW,38,0,22,1,26,1,67,0,0,0,1,7,0,0,46,0,178,104,0,0,1,0,16,0,0,0,0,2,1,619,0,60,327,104,619
MEIGS2 MEIGS SOUTH,67,2,28,4,31,0,74,0,0,0,4,13,0,2,62,0,218,162,2,0,1,0,18,1,0,0,0,3,9,710,0,97,408,162,710
MEIGS3-1 CITY HALL,64,1,16,2,13,2,42,1,0,2,4,13,0,1,27,1,90,126,0,0,0,0,11,0,0,0,0,0,1,384,0,81,198,126,384
MEIGS3-2 COURTHOUSE,59,0,34,4,11,1,35,0,0,0,1,13,0,0,43,0,122,140,0,0,0,0,9,1,0,2,0,3,0,438,0,93,230,140,438
MEIGS4 MEIGS NORTH,61,2,33,1,20,0,50,0,0,0,2,6,1,2,49,0,143,167,0,0,0,0,10,1,0,0,0,3,2,537,0,96,274,167,537
MEIGS5 TEN MILE,65,2,29,3,21,2,67,0,0,0,2,29,0,1,62,0,195,157,0,0,0,0,13,1,0,0,0,5,6,654,0,96,382,157,654
MONTGOMERY10 MINGLEWOOD,212,4,97,3,27,2,89,1,1,0,2,21,0,5,72,0,175,851,0,0,3,2,80,6,0,7,0,7,32,905,0,313,398,851,905
MONTGOMERY11 NORTHWEST,203,3,92,6,25,1,93,2,1,0,1,14,1,0,66,0,140,903,4,0,8,0,82,6,0,3,0,7,18,826,0,298,350,903,826
MONTGOMERY12 RINGGOLD,298,2,135,9,38,2,112,1,0,1,3,18,0,2,123,1,180,1165,3,0,5,0,119,5,0,3,0,9,30,1020,0,435,490,1165,1020
MONTGOMERY13 BYRNS DARDEN,326,5,125,6,27,1,75,3,0,0,1,11,1,2,52,0,126,1054,0,0,7,0,61,0,0,1,0,7,27,598,0,456,305,1054,598
MONTGOMERY14 GLENELLEN,296,2,151,8,62,0,162,0,0,0,3,33,0,2,144,0,228,1189,2,0,8,0,132,8,0,9,0,8,35,1343,0,449,642,1189,1343
MONTGOMERY15 SANGO,274,1,159,26,107,1,352,1,1,1,8,90,0,5,349,2,535,1094,0,0,7,0,149,2,0,11,0,16,28,2666,0,434,1478,1094,2666
MONTGOMERY16 NEW PROVIDENCE,250,2,127,12,36,2,108,0,0,1,0,23,0,7,75,1,242,898,0,0,13,0,64,3,0,2,0,6,36,979,0,379,507,898,979
MONTGOMERY17 GRACE,212,0,117,7,57,2,123,0,0,0,0,20,0,2,98,0,177,1048,0,0,7,0,132,3,0,10,0,7,23,1070,0,329,486,1048,1070
MONTGOMERY18 HAZELWOOD,314,5,96,21,43,1,130,0,0,0,0,26,0,0,106,0,183,1225,3,0,8,0,141,2,0,6,0,6,28,1167,0,415,510,1225,1167
MONTGOMERY19 OAKLAND,348,7,181,18,108,3,315,1,0,2,2,50,1,4,279,0,398,1477,1,0,7,0,181,4,0,22,0,10,39,2483,0,536,1181,1477,2483
MONTGOMERY1A ST B ES,225,4,138,14,51,1,151,1,0,0,2,30,0,4,156,0,241,1047,1,0,4,0,130,1,0,11,0,5,26,1302,0,367,651,1047,1302
MONTGOMERY1B EMMANUEL,25,1,8,2,7,0,14,1,0,0,0,3,0,1,19,0,20,79,0,0,0,0,12,2,0,0,0,0,0,119,0,34,67,79,119
MONTGOMERY20A CLARKSVILLE,201,2,113,23,51,7,209,0,0,1,4,48,0,3,219,1,283,762,0,0,2,0,70,5,0,5,0,5,5,1485,0,316,849,762,1485
MONTGOMERY20B BARKSDALE,123,3,93,14,35,0,77,1,0,0,1,36,0,2,79,2,144,486,0,0,3,0,56,0,0,2,0,2,11,680,0,219,391,486,680
MONTGOMERY21A CUMBERLAND,177,0,82,6,27,0,55,1,0,0,0,30,0,0,58,0,122,582,0,0,6,0,33,4,0,2,0,3,16,420,0,259,299,582,420
MONTGOMERY21B HILLDALE,198,2,103,30,62,4,174,1,0,4,4,70,0,1,187,1,311,711,0,0,5,0,72,2,0,4,0,1,16,1286,0,303,849,711,1286
MONTGOMERY2A ST B MC,261,1,142,29,63,2,239,1,0,1,4,104,0,5,269,0,376,933,0,0,5,0,109,3,0,4,0,12,21,1693,0,404,1093,933,1693
MONTGOMERY2B ST B CC,85,0,57,18,33,1,108,2,0,1,1,38,0,0,84,1,153,337,0,0,1,0,44,2,0,2,0,7,5,655,1,142,440,337,655
MONTGOMERY3 EAST MONTGOMERY,235,3,153,22,149,0,461,4,1,0,7,90,0,8,445,1,676,947,2,0,6,0,166,4,0,8,0,9,19,3155,0,391,1864,947,3155
MONTGOMERY4A MCMS,151,2,82,14,69,2,230,0,0,0,2,38,0,3,192,0,303,534,1,0,4,0,58,1,0,1,0,9,12,1579,0,235,853,534,1579
MONTGOMERY4B WR EVENT CENTER,117,1,51,5,23,0,97,0,0,0,2,18,0,0,65,1,132,396,2,0,0,0,42,2,0,2,0,4,8,609,0,169,343,396,609
MONTGOMERY5A SMITH,113,2,85,5,21,3,57,0,0,1,1,13,0,1,45,0,110,477,0,0,5,0,32,1,0,1,0,7,19,482,0,200,257,477,482
MONTGOMERY5B MADISON,106,0,88,4,6,0,22,0,1,0,0,7,0,1,18,0,54,439,1,0,1,0,24,5,0,1,0,3,21,222,0,194,113,439,222
MONTGOMERY6A CUMBERLAND,208,2,88,10,52,4,223,1,1,0,4,36,0,1,119,1,353,555,4,0,2,0,65,5,0,3,0,2,11,1473,0,298,805,555,1473
MONTGOMERY6B BETHEL,45,1,14,1,24,0,68,0,0,0,0,8,0,1,41,0,115,110,0,0,0,0,11,1,0,1,0,1,3,459,0,60,258,110,459
MONTGOMERY7 WOODLAWN,156,1,95,15,84,1,365,3,0,2,3,48,0,4,159,1,543,573,7,0,5,0,121,7,0,3,0,2,18,2273,0,252,1228,573,2273
MONTGOMERY8A BETHEL,73,0,27,2,1,0,19,0,0,0,0,2,0,1,11,0,30,278,2,0,3,0,22,2,0,1,0,4,5,221,0,100,66,278,221
MONTGOMERY8B BARKERS MILL,139,1,56,2,6,0,40,0,0,0,1,6,2,1,28,0,56,618,0,0,1,0,49,2,0,1,0,6,13,402,0,196,142,618,402
MONTGOMERY9 OUTLAW,184,1,79,3,42,1,74,1,0,0,1,13,0,1,62,0,108,931,5,0,7,0,80,3,0,7,0,7,15,769,0,264,306,931,769
MOORE1 COURTHOUSE,51,2,26,1,22,0,63,0,0,1,0,8,0,0,17,0,130,102,0,0,2,0,10,1,0,0,0,3,3,359,0,79,242,102,359
MOORE2 HIGH SCHOOL,42,2,21,3,47,0,76,0,0,0,0,11,0,0,20,0,138,88,0,0,0,0,16,0,0,0,0,0,7,528,0,65,295,88,528
MOORE3 MOORE COUNTY BLDG,32,2,19,2,26,0,91,0,0,1,0,11,0,2,43,0,136,101,0,0,1,0,16,0,0,0,0,0,2,507,0,53,312,101,507
MOORE4 LYNCHBURG,44,1,13,2,29,0,82,0,0,0,1,10,0,1,34,0,161,97,0,0,3,0,17,1,0,0,0,3,3,473,0,58,320,97,473
MOORE5 MOTLOW COLLEGE,40,0,14,0,25,0,91,0,0,0,0,13,0,0,43,0,122,108,0,0,1,0,12,0,0,0,0,2,2,458,0,54,294,108,458
MORGAN1-1 COALFIELD,65,1,42,5,43,0,121,0,0,0,1,12,0,1,75,0,235,180,5,0,2,0,29,3,0,0,0,12,5,982,0,108,493,180,982
MORGAN2-1 OAKDALE HIGH,15,0,18,2,28,0,105,0,0,0,0,6,1,0,27,0,122,61,0,0,0,0,5,1,0,1,0,6,0,641,0,33,291,61,641
MORGAN2-2 MOSSY GROVE,19,0,4,1,5,0,18,0,0,0,0,2,0,1,11,1,54,48,0,0,1,0,2,1,0,0,0,0,1,203,0,23,93,48,203
MORGAN2-3 OAKDALE,25,1,11,0,15,0,45,0,0,0,1,0,0,0,32,0,77,58,2,0,1,0,11,1,0,1,0,2,2,309,0,37,170,58,309
MORGAN3-1 WARTBURG,63,3,44,7,16,2,112,0,0,0,0,12,0,3,59,0,211,215,8,0,2,0,31,1,0,1,0,2,2,966,0,110,422,215,966
MORGAN4-1 LANCING,37,0,29,7,17,1,100,0,0,0,0,13,1,0,46,0,146,113,4,0,4,0,10,0,0,1,0,1,2,685,0,66,331,113,685
MORGAN4-2 DEER LODGE,9,1,9,0,5,1,14,0,0,0,0,6,0,0,9,0,51,40,0,0,0,0,6,0,0,0,0,0,1,186,0,19,86,40,186
MORGAN4-3 CHESTNUT RIDGE,8,0,6,0,5,0,22,0,0,0,0,1,0,0,7,0,38,33,0,0,0,0,1,0,0,0,0,0,1,162,0,14,73,33,162
MORGAN5-1 SUNBRIGHT,37,1,17,2,19,0,94,0,2,0,0,9,0,0,32,0,156,101,0,0,0,0,6,0,0,1,0,2,3,660,0,55,314,101,660
MORGAN5-2 BURRVILLE,30,0,7,1,18,0,33,1,0,0,0,1,0,1,12,0,70,90,2,0,2,0,3,1,0,0,0,1,0,288,0,37,137,90,288
MORGAN6-1 KELLYS,16,1,23,0,2,0,24,0,0,0,0,2,0,0,30,0,42,49,2,0,1,0,6,1,0,0,0,2,0,231,0,40,100,49,231
MORGAN6-2 PETROS,32,0,15,0,3,0,4,0,0,0,0,0,0,0,2,0,29,66,0,0,0,0,5,0,0,0,0,0,0,128,0,47,38,66,128
OBION1-1 SOUTH FULTON,159,3,39,3,57,0,147,2,0,0,2,25,0,3,102,1,270,401,0,0,0,0,27,1,0,5,0,0,7,1394,0,201,612,401,1394
OBION2-1 EDDIE COX SR CTR,41,1,30,2,17,0,96,0,0,0,3,9,0,1,34,0,120,194,0,0,0,0,16,4,0,1,0,2,1,634,0,72,282,194,634
OBION2-4 WOODLAND,45,0,27,2,46,0,168,0,0,0,1,13,0,0,40,2,180,118,0,0,1,0,14,2,0,3,0,0,1,837,0,72,452,118,837
OBION3-2 KENTON,32,2,16,1,22,0,72,0,0,0,0,2,0,0,24,0,120,94,0,0,0,0,6,0,0,0,0,0,0,494,0,50,241,94,494
OBION3-4 RIVES,61,1,35,3,43,0,181,0,0,0,2,13,0,0,69,0,147,165,0,0,0,0,17,1,0,5,0,1,3,949,0,97,458,165,949
OBION4-1 FAIR GROUNDS,119,1,53,1,27,0,121,1,0,0,0,7,0,0,52,2,164,574,0,0,1,0,28,1,0,1,0,1,3,766,0,173,375,574,766
OBION5-2 CLOVERDALE,19,0,3,0,6,0,44,0,0,0,0,2,0,0,11,0,89,34,0,0,2,0,3,0,0,0,0,0,2,296,0,22,152,34,296
OBION5-4 HORNBEAK,32,2,24,1,12,0,99,0,0,0,1,7,0,0,26,0,154,94,1,0,1,0,10,2,0,0,0,2,2,782,0,58,300,94,782
OBION5-5 SAMBURG,16,0,9,0,3,0,39,0,0,0,0,4,0,1,19,1,84,66,0,0,0,0,3,1,0,0,0,1,3,357,0,25,151,66,357
OBION6-1 TROY SR CTR,59,6,30,3,42,1,187,0,0,0,1,11,0,0,63,0,219,155,0,0,1,0,25,4,0,2,0,2,5,1186,0,95,527,155,1186
OBION6-2 OBION SR CTR,29,1,15,0,8,1,35,0,0,0,0,4,0,0,18,0,91,104,0,0,0,0,4,0,0,1,0,2,3,429,0,45,157,104,429
OBION7-2 OBION CO LIBRARY,148,3,64,10,58,1,248,1,0,0,1,32,0,2,149,1,270,427,0,0,0,0,40,4,0,5,0,7,6,1402,0,215,773,427,1402
OVERTON1 LIVINGSTON,254,9,97,4,26,2,123,2,0,1,0,20,0,4,59,2,256,499,0,0,3,0,27,2,0,2,0,1,12,988,0,360,499,499,988
OVERTON2-1 ALLONS,147,4,54,2,31,1,114,0,0,0,2,3,0,0,62,0,204,281,0,0,4,0,12,2,0,0,0,2,1,772,0,205,419,281,772
OVERTON2-3 MONROE,30,1,21,2,16,0,62,0,1,0,1,5,0,1,41,0,112,88,0,0,1,0,1,0,0,0,0,0,2,390,0,52,241,88,390
OVERTON3-2 POTEET,63,0,34,4,21,1,53,0,0,0,1,9,0,0,24,0,97,118,0,0,1,0,3,1,0,0,0,1,1,318,0,97,210,118,318
OVERTON3-3 WILSON,46,3,33,2,24,0,107,0,0,0,0,6,0,1,31,0,169,94,3,0,1,0,6,0,0,3,0,1,1,573,0,82,340,94,573
OVERTON3-4 RUSHING SPRINGS,18,3,28,0,4,1,50,0,0,0,2,3,0,0,18,0,77,59,0,0,0,0,6,0,0,0,0,6,1,265,0,49,155,59,265
OVERTON4-2 RICKMAN,156,6,97,3,57,1,240,1,0,0,3,20,0,0,139,0,318,393,1,0,2,1,35,2,2,3,0,12,9,1435,0,259,782,393,1435
OVERTON5-1 HILHAM,85,3,54,2,20,1,84,0,1,0,0,8,0,2,30,0,178,210,0,0,0,0,9,2,0,0,0,4,2,649,0,142,326,210,649
OVERTON5-2 FAIRGROUNDS,86,4,59,3,26,1,96,0,0,0,2,12,0,2,51,1,173,203,0,0,3,0,12,2,0,0,0,2,2,669,0,149,367,203,669
PERRY1-1 CEDAR CREEK,23,0,9,0,10,0,21,0,0,0,0,6,0,0,10,0,43,46,0,0,0,0,7,1,0,0,0,0,1,240,0,32,90,46,240
PERRY1-2 MARSH CREEK,10,2,1,0,1,0,21,0,0,0,0,1,0,0,2,0,39,37,0,0,0,0,5,0,0,0,0,0,0,146,0,13,64,37,146
PERRY2-1 PINEVIEW,22,0,13,1,12,0,12,2,0,0,0,2,0,0,11,0,63,76,0,0,0,0,4,0,0,0,0,0,4,229,0,35,103,76,229
PERRY2-2 POPE,17,0,7,0,3,0,22,0,0,0,0,2,0,0,12,0,47,46,0,0,0,0,4,0,0,0,0,0,4,164,0,24,86,46,164
PERRY3-1 COON CREEK,18,1,14,1,4,0,27,0,0,0,0,2,0,0,12,0,57,61,0,0,0,0,8,0,0,0,0,0,2,254,0,33,103,61,254
PERRY3-2 FLATWOODS,9,0,9,1,3,0,9,0,0,0,0,1,0,0,5,0,37,31,0,0,0,0,4,0,0,0,0,1,0,168,0,18,56,31,168
PERRY4-1 BRUSH CREEK,9,0,9,1,1,0,10,0,0,0,0,0,0,1,5,0,25,28,0,0,0,0,4,1,0,0,0,0,2,110,0,18,43,28,110
PERRY4-3 LOBELVILLE,26,0,13,3,7,1,31,0,0,0,0,2,0,1,19,0,64,59,0,0,1,0,10,0,0,0,0,0,1,257,0,39,128,59,257
PERRY5-1 LINDEN,57,1,23,0,5,0,32,0,0,0,1,9,0,1,35,0,94,105,0,0,2,0,9,0,0,0,0,0,6,305,0,81,177,105,305
PERRY6-1 LOBELVILLE,26,1,10,0,5,0,32,0,0,0,0,5,0,0,19,0,73,108,0,0,0,0,4,2,0,0,0,1,3,294,0,37,134,108,294
PICKETTBARNES RIDGE 4-3,14,0,2,0,6,0,17,0,0,0,1,1,0,0,4,0,30,21,0,0,0,0,0,0,0,0,0,0,0,85,0,16,59,21,85
PICKETTBOLESTOWN 4-4,7,0,1,2,3,0,5,0,0,0,0,0,0,0,6,0,21,18,0,0,0,0,1,1,0,0,0,0,0,65,0,8,37,18,65
PICKETTBOOM 4-1,14,0,6,1,10,0,36,0,0,0,0,4,0,0,8,0,50,32,0,0,0,0,3,1,0,0,0,0,0,156,0,20,109,32,156
PICKETTCHANUTE 3-1,17,0,4,3,16,0,36,0,0,0,0,1,0,0,29,0,118,53,0,0,0,0,6,0,0,0,0,0,1,341,0,21,203,53,341
PICKETTCOMMUNITY CENTER 1-1,39,1,12,6,10,0,39,0,0,0,2,6,0,0,29,0,110,94,0,0,0,0,5,0,0,1,0,1,0,369,0,52,202,94,369
PICKETTHIGH SCHOOL 2-1,61,0,10,6,16,0,63,0,0,0,1,19,0,1,35,0,95,168,0,0,1,0,10,0,0,0,0,3,1,437,0,71,236,168,437
PICKETTMOODYVILLE 1-2,12,1,8,3,7,0,30,0,0,0,0,0,0,0,14,0,39,35,0,0,0,0,2,0,0,0,0,0,1,162,0,21,93,35,162
PICKETTOAK HILL 4-2,33,0,18,2,17,0,38,0,0,0,0,14,0,0,15,0,81,82,2,0,0,0,6,0,0,1,0,3,3,271,0,51,167,82,271
PICKETTTRAVISVILLE 3-2,17,0,3,1,5,0,13,0,0,0,0,2,0,0,3,0,52,33,0,0,0,0,3,0,0,0,0,1,1,135,0,20,76,33,135
POLK1 DELANO,88,1,58,1,19,0,66,0,0,0,0,15,0,0,40,0,126,158,0,0,0,0,18,1,0,0,0,2,3,557,0,147,267,158,557
POLK1A POLK CO HIGH,78,7,49,0,5,0,42,0,0,0,1,3,0,0,33,0,110,152,0,0,0,0,15,0,0,0,0,2,4,550,0,134,194,152,550
POLK1B CHILHOWEE,145,6,92,1,25,0,56,0,0,0,1,7,0,1,51,1,151,263,0,0,2,0,13,2,0,0,0,5,3,872,0,243,294,263,872
POLK2 GREASY CREEK,21,1,19,0,2,0,12,0,0,0,0,1,0,0,3,0,33,36,0,0,0,0,1,0,0,0,0,0,1,156,0,41,51,36,156
POLK2A SPRINGTOWN,15,2,17,0,11,0,11,3,0,0,0,2,0,0,12,0,30,37,0,0,0,0,0,0,0,0,0,2,1,117,0,34,69,37,117
POLK2C SOUTH POLK,89,3,78,1,21,0,70,0,0,0,4,10,0,0,41,0,172,158,0,0,0,0,15,0,0,0,0,5,1,765,0,170,319,158,765
POLK2D SHILOH BAPTIST,102,10,93,0,33,0,59,0,0,0,1,8,0,0,65,1,175,175,0,0,0,0,22,0,0,0,0,5,10,752,0,205,342,175,752
POLK3 DUCKTOWN,90,4,51,3,21,0,68,0,0,0,0,6,0,0,27,0,132,88,0,0,0,0,10,1,0,0,0,0,2,384,0,145,257,88,384
POLK3A COPPER BASIN,51,7,59,2,9,0,53,0,0,0,2,11,0,0,19,0,131,77,0,0,1,0,10,0,0,0,0,1,0,471,0,117,227,77,471
POLK3B TURTLETOWN,78,6,41,0,11,0,55,0,0,0,1,9,0,0,20,0,120,108,0,0,1,0,10,0,0,0,0,1,1,473,0,125,216,108,473
PUTNAM10A PAVILION,50,2,91,3,55,1,169,0,0,0,1,14,0,1,87,0,162,250,5,0,1,0,27,1,0,6,0,5,10,865,0,143,493,250,865
PUTNAM10B SYCAMORE,85,0,84,3,31,0,73,0,0,0,3,17,0,2,62,0,97,306,0,0,1,0,42,0,0,5,0,6,14,523,0,169,288,306,523
PUTNAM11A BANGHAM,79,1,60,0,63,0,169,0,1,0,3,26,1,1,109,1,257,282,5,0,0,0,34,1,0,6,0,4,4,1101,0,140,631,282,1101
PUTNAM11B COOKEVILLE HIGH,81,3,69,4,33,0,107,0,0,0,1,22,1,1,79,1,199,325,0,0,0,0,38,2,0,1,0,3,11,829,0,153,448,325,829
PUTNAM12A ALGOOD INSIDE,108,3,78,4,67,0,138,0,0,1,1,25,0,2,78,0,197,373,0,0,1,0,38,0,0,4,0,8,14,1020,0,189,513,373,1020
PUTNAM12B ALGOOD OUTSIDE,50,0,33,1,53,0,130,0,0,0,1,19,0,0,101,0,166,173,5,0,1,2,17,1,0,1,0,3,2,759,0,83,471,173,759
PUTNAM12C BROTHERTON,13,2,14,0,19,0,55,0,0,1,1,3,0,0,35,0,46,55,0,0,1,0,9,0,0,0,0,0,1,249,0,29,160,55,249
PUTNAM1A CAPSHAW,232,3,213,12,81,3,212,0,0,0,3,51,0,1,215,0,349,794,0,0,3,0,78,1,0,10,0,2,26,1511,0,448,927,794,1511
PUTNAM2A NORTHEAST,221,3,192,4,86,2,187,1,0,1,2,68,0,1,213,0,275,814,0,0,2,1,77,1,0,4,0,6,22,1415,0,416,840,814,1415
PUTNAM3A UNIVERSITY,47,1,121,0,12,0,39,0,0,0,0,4,0,0,32,0,80,294,0,0,2,0,38,1,0,3,0,4,25,365,0,169,167,294,365
PUTNAM4A BURKS,67,0,54,1,39,1,111,0,0,0,2,7,0,1,62,0,213,217,0,0,3,0,21,0,0,2,0,5,3,904,0,121,437,217,904
PUTNAM4C POPLAR GROVE,15,0,6,1,1,0,23,0,0,0,0,3,0,0,22,0,31,48,0,0,0,0,4,0,0,0,0,0,0,116,0,21,81,48,116
PUTNAM5A COOKEVILLE CC,40,1,48,2,40,0,121,0,0,0,2,9,0,0,67,0,120,186,1,0,1,0,24,1,0,1,0,2,8,642,0,89,361,186,642
PUTNAM5C PRESCOTT SOUTH,69,0,68,2,62,0,203,2,0,0,1,31,0,0,116,0,251,275,0,0,1,1,35,3,0,1,0,7,7,1089,0,137,668,275,1089
PUTNAM5F DRY VALLEY,55,0,23,1,18,0,75,0,0,0,0,9,0,0,35,0,77,143,0,0,1,0,14,1,0,2,0,2,2,333,0,78,215,143,333
PUTNAM6A CANE CREEK,180,3,148,9,53,0,189,0,0,0,1,31,1,4,117,0,258,608,0,0,8,2,68,3,0,4,0,6,25,1239,0,331,663,608,1239
PUTNAM7A BURGESS FALLS,137,1,117,5,76,1,254,1,0,0,3,59,0,0,168,2,315,487,3,0,4,5,52,1,0,2,0,8,7,1410,0,255,884,487,1410
PUTNAM7D TWIN OAK,43,0,22,7,29,1,111,0,0,0,0,6,0,0,56,0,182,124,0,0,0,2,21,1,0,3,0,4,1,668,0,65,392,124,668
PUTNAM8D BOMA,36,1,31,1,15,0,61,1,0,0,1,11,0,0,28,0,108,101,0,0,1,0,10,0,0,0,0,2,7,421,0,68,226,101,421
PUTNAM8E BUFFALO VALLEY,13,0,7,0,5,0,20,0,0,0,0,2,0,0,11,0,45,29,0,0,0,0,2,1,0,2,0,0,0,123,0,20,83,29,123
PUTNAM8F CORNERSTONE,65,0,44,2,31,1,123,0,0,0,1,9,0,0,43,0,203,200,0,0,3,0,18,0,0,4,0,0,10,886,0,109,413,200,886
PUTNAM8G UPPERMAN,37,1,17,0,26,0,46,0,0,0,2,8,0,0,16,0,82,108,0,0,1,0,11,3,0,0,0,0,4,403,0,55,180,108,403
PUTNAM9B DOUBLE SPRINGS,120,1,119,6,88,0,260,0,0,0,2,25,0,1,127,0,363,474,1,0,1,1,69,1,0,4,0,8,15,1662,0,240,872,474,1662
RHEA1-2 GRANDVIEW,27,1,7,3,9,0,35,0,0,0,1,7,1,2,25,0,80,59,0,0,3,0,3,0,0,0,0,2,1,283,0,35,163,59,283
RHEA3-1 WOLF CREEK,19,2,17,4,23,2,77,0,0,0,0,13,0,0,52,0,154,73,0,0,1,0,11,1,0,3,0,3,1,578,0,38,325,73,578
RHEA3-2 EVENSVILLE NORTH,27,0,14,7,30,0,72,0,0,0,1,18,0,0,45,1,197,116,0,0,4,0,10,0,0,0,0,2,0,611,0,41,371,116,611
RHEA4-1 EVENSVILLE SOUTH,37,1,30,11,41,0,111,0,0,1,3,17,0,3,103,2,289,174,0,0,2,0,19,1,0,9,0,4,3,909,0,68,581,174,909
RHEA5-1 DAYTON NORTH,49,0,34,4,35,0,91,1,0,0,1,14,0,3,90,0,132,184,0,0,1,0,25,2,0,14,0,8,5,576,0,83,371,184,576
RHEA6-1 DAYTON WEST,45,1,27,10,43,0,75,0,1,0,1,13,0,0,60,0,149,188,3,0,6,0,20,2,0,6,0,1,4,578,0,73,352,188,578
RHEA7-1 FRAZIER,66,3,57,16,63,2,135,0,0,0,4,31,0,1,178,1,328,238,1,0,1,0,24,1,0,18,0,8,5,1260,0,126,759,238,1260
RHEA8-1 GARRISON,62,1,39,7,65,1,161,1,0,0,4,24,0,3,210,1,256,245,3,0,1,0,34,3,0,32,0,6,6,1146,0,102,733,245,1146
RHEA9-1 GRAYSVILLE,13,1,24,1,7,2,30,1,0,0,0,7,0,0,24,1,84,94,0,0,2,0,12,0,0,0,0,3,1,354,0,38,157,94,354
RHEA9-2 WALDENS RIDGE,22,1,23,5,50,1,89,1,0,0,2,13,0,0,62,0,145,90,3,0,2,0,11,0,0,4,0,1,0,555,0,46,368,90,555
ROANECAVE CREEK,99,0,41,11,41,1,150,0,0,0,0,15,0,0,78,0,273,166,4,0,5,0,29,3,0,0,0,1,5,747,0,140,569,166,747
ROANECHEROKEE,23,0,18,3,6,0,39,0,0,0,3,13,0,1,41,0,68,74,0,0,4,0,19,1,0,0,0,6,1,276,0,41,174,74,276
ROANEDYLLIS,39,1,29,3,28,0,113,0,0,0,0,13,0,0,68,0,140,160,5,0,3,0,17,5,0,0,0,2,0,703,0,69,365,160,703
ROANEEMORY,29,2,32,3,26,0,61,0,0,0,0,7,0,0,49,0,100,112,0,0,0,0,7,0,0,0,0,2,3,447,0,63,246,112,447
ROANEEMORY HEIGHTS,18,1,20,0,22,0,55,0,1,0,2,3,0,0,27,0,95,89,0,0,3,0,11,0,0,0,0,1,2,416,0,39,205,89,416
ROANEEUREKA,84,2,29,3,29,1,120,1,0,0,1,18,0,0,79,0,209,265,2,0,2,0,17,4,0,0,0,4,4,818,0,115,461,265,818
ROANEFAIRVIEW,42,0,49,4,39,2,103,0,0,1,2,41,0,1,88,1,186,187,2,0,1,0,32,2,0,0,0,0,8,813,0,91,468,187,813
ROANEGLEN ALICE,36,0,19,3,8,0,45,0,0,0,1,14,0,0,32,0,93,95,2,0,3,0,9,0,0,0,0,3,1,397,0,55,196,95,397
ROANEHARRIMAN WARD 1,97,3,43,2,29,1,60,0,0,0,0,15,0,0,41,2,159,316,1,0,5,0,29,2,0,0,0,4,11,768,0,143,309,316,768
ROANEJOHNSON SCH HOUSE,19,1,3,1,11,0,35,0,0,0,0,1,0,0,15,0,50,31,0,0,1,0,3,1,0,0,0,3,1,221,0,23,113,31,221
ROANEKINGSTON WARD 1,113,1,91,15,75,2,169,2,0,0,5,47,0,0,212,1,374,488,6,0,4,0,62,5,0,0,0,12,11,1728,0,205,902,488,1728
ROANEKINGSTON WARD 2,112,0,70,12,57,1,148,0,1,0,0,16,0,1,100,1,244,359,2,0,4,0,37,0,0,0,0,9,3,1095,0,182,581,359,1095
ROANELAWNVILLE,71,0,56,7,37,0,136,0,0,0,3,21,0,0,123,0,243,255,8,0,3,0,55,2,0,0,0,2,3,1081,0,127,570,255,1081
ROANEMIDTOWN,42,3,21,2,19,0,56,1,0,0,1,12,0,1,27,1,108,133,1,0,3,0,15,2,0,0,0,4,0,453,0,66,228,133,453
ROANEMIDWAY,19,0,19,1,13,0,43,0,0,0,1,7,0,0,16,0,83,55,0,0,1,0,6,0,0,0,0,0,2,301,0,38,164,55,301
ROANEOAK HILLS,231,3,155,8,45,1,126,0,0,0,0,90,0,1,216,0,171,779,11,0,5,0,81,3,0,0,0,7,16,859,0,389,658,779,859
ROANEOLIVER SPRINGS,7,2,14,0,7,0,25,0,0,0,0,2,0,0,15,0,45,51,0,0,1,0,4,2,0,0,0,2,0,228,0,23,94,51,228
ROANEORCHARD VIEW,61,1,35,0,32,0,124,0,1,0,0,19,0,0,82,0,178,191,2,0,1,0,40,2,0,0,0,5,7,906,0,97,436,191,906
ROANEPAINT ROCK,18,0,21,3,14,0,42,0,0,0,0,3,0,2,37,0,91,68,6,0,2,0,16,0,0,0,0,4,9,384,0,39,192,68,384
ROANEPAW PAW,23,1,21,1,17,0,84,1,0,0,1,13,0,1,47,0,126,94,2,0,0,0,13,1,0,0,0,2,2,494,0,45,291,94,494
ROANERENFRO,45,0,21,2,24,1,65,1,0,0,1,24,1,1,65,0,144,136,2,0,0,0,14,1,0,0,0,1,3,556,0,66,329,136,556
ROANEROCKWOOD WARD 1,52,3,28,3,22,2,49,0,0,0,0,1,0,1,29,0,78,170,3,0,4,0,22,1,0,0,0,4,1,445,0,83,185,170,445
ROANEROCKWOOD WARD 2,127,1,55,9,30,1,113,0,0,0,0,14,0,0,66,0,215,355,8,0,2,0,34,1,0,0,0,7,5,968,0,183,448,355,968
ROANESOUTH HARRIMAN,48,1,27,5,30,0,83,0,0,0,1,4,0,1,77,0,164,208,0,0,3,0,24,2,0,0,0,2,4,776,0,76,365,208,776
ROBERTSON10-1 SOUTH HAVEN,185,1,71,7,52,2,214,2,0,0,0,42,0,0,154,0,315,615,0,0,10,0,60,2,0,3,0,11,16,1420,0,257,788,615,1420
ROBERTSON11-1 WESTSIDE,151,1,55,5,58,1,186,0,0,0,1,23,0,0,103,0,253,520,0,0,3,0,43,2,0,3,0,7,11,1142,0,207,630,520,1142
ROBERTSON11-2 HEADS,31,0,5,1,10,0,67,0,0,0,0,1,0,0,30,1,74,77,0,0,0,0,10,0,0,0,0,0,0,338,0,36,184,77,338
ROBERTSON12-1 BRANSFORD,215,0,47,1,7,1,36,0,0,0,1,2,0,0,13,0,56,901,0,0,2,0,18,1,0,0,0,1,3,250,0,262,117,901,250
ROBERTSONPAPER BALLOTS,41,2,15,9,5,0,23,0,0,0,0,1,0,1,25,0,46,181,0,0,0,0,20,0,0,0,0,2,6,308,0,58,110,181,308
SCOTT1-1 FAIRVIEW,51,0,27,2,14,0,62,0,0,0,1,3,0,0,39,0,133,141,0,0,2,0,13,2,0,0,0,3,3,797,0,78,254,141,797
SCOTT2-1 ELGIN,28,2,12,3,7,0,30,0,0,0,2,3,0,0,19,0,66,68,0,0,2,0,3,0,0,0,0,3,1,345,0,42,130,68,345
SCOTT2-2 ROBBINS,25,0,6,1,14,0,55,1,0,0,0,9,0,0,31,1,71,61,0,0,0,0,8,0,0,0,0,1,1,389,0,31,183,61,389
SCOTT3-1 HUNTSVILLE,24,0,23,2,18,1,58,0,0,1,0,3,0,0,42,0,97,125,0,0,2,0,10,1,0,0,0,2,1,622,0,47,222,125,622
SCOTT3-2 PAINT ROCK,5,0,7,0,3,0,17,0,0,0,1,6,0,0,9,0,41,22,0,0,0,0,6,0,0,0,0,1,0,163,0,12,77,22,163
SCOTT4-1 HELENWOOD,33,2,14,4,18,0,82,0,1,0,3,14,0,3,87,0,165,137,0,0,0,0,9,0,0,0,0,2,3,944,0,49,377,137,944
SCOTT5-2 WINFIELD,25,2,8,0,5,0,35,0,0,0,2,4,0,0,21,0,108,70,0,0,1,0,6,0,0,0,0,1,1,568,0,35,175,70,568
SCOTT6-1 ONEIDA,35,1,34,1,21,0,52,1,0,0,0,13,0,0,64,0,146,138,0,0,1,0,5,0,0,0,0,2,5,787,0,70,298,138,787
SCOTT7-1 WEST ONEIDA,31,0,36,3,23,0,91,1,0,0,1,20,0,0,73,1,205,124,0,0,2,0,16,3,0,0,0,12,6,1110,0,67,418,124,1110
SEQUATCHIE1 LEWIS CHAPEL,22,1,35,0,27,0,69,0,0,1,2,5,0,0,41,0,145,107,2,0,3,0,16,0,0,3,0,4,2,618,0,58,290,107,618
SEQUATCHIE2 CAGLE,24,1,17,1,26,0,56,1,0,0,0,4,0,0,49,0,100,87,0,0,2,0,16,0,0,0,0,1,2,486,0,42,237,87,486
SEQUATCHIE3 COURTHOUSE,32,0,16,1,18,0,39,0,0,0,1,7,0,0,35,0,83,109,0,0,0,0,9,0,0,1,0,2,3,380,0,48,184,109,380
SEQUATCHIE4 ELECTRIC CO-OP,32,0,16,0,12,0,23,0,0,0,0,2,0,1,12,0,81,128,0,0,1,0,12,1,0,1,0,2,3,331,0,48,131,128,331
SEQUATCHIE5 CHAPEL HILL,38,1,21,3,45,2,61,0,0,0,5,11,0,1,39,0,138,117,0,0,1,0,17,1,0,2,0,4,7,692,0,60,305,117,692
SEQUATCHIE6 DAUS,29,0,13,0,13,0,40,0,0,0,0,1,0,0,31,0,112,93,0,0,0,0,13,0,0,0,0,2,0,419,0,42,197,93,419
SEQUATCHIE7 JUSTICE CENTER,37,1,12,1,22,0,29,0,0,0,0,7,0,0,40,1,111,126,0,0,1,0,9,1,0,0,0,1,3,436,0,50,211,126,436
SEQUATCHIE8 LONE OAK,23,0,35,4,14,3,58,0,0,0,0,11,0,0,65,0,138,137,0,0,1,0,20,1,0,1,0,1,1,562,0,58,293,137,562
SEQUATCHIE9 FREDONIA,36,0,41,2,22,0,62,0,0,0,0,18,0,2,49,0,139,149,1,0,0,0,16,0,0,0,0,0,4,517,0,77,294,149,517
SEVIER1-1 CATON'S CHAPEL,54,0,51,13,37,3,167,0,0,0,4,33,0,1,145,1,374,276,0,0,1,0,36,2,0,2,0,5,13,1342,0,105,778,276,1342
SEVIER1-2 CATON'S CHAPEL,1,0,1,1,2,0,1,0,0,0,0,2,0,0,2,0,10,6,0,0,0,0,0,0,0,0,0,0,1,33,0,2,18,6,33
SEVIER1-3 JONES COVE,28,0,32,3,31,0,121,0,0,0,1,13,0,0,51,2,217,144,2,0,2,0,14,2,0,2,0,4,2,806,0,60,439,144,806
SEVIER1-4 JONES COVE,0,0,0,0,3,0,5,0,0,0,0,0,0,0,4,0,11,6,0,0,0,0,2,1,0,1,0,0,0,49,0,0,23,6,49
SEVIER10-1 BOYDS CREEK,51,0,55,5,72,0,218,0,0,0,1,33,0,0,159,0,340,281,0,0,1,0,53,2,0,10,0,1,9,1487,0,106,828,281,1487
SEVIER10-2 WHITES,7,0,21,1,15,0,46,0,0,0,0,9,0,0,27,1,96,67,2,0,0,0,8,0,0,0,0,0,3,351,0,28,195,67,351
SEVIER10-3 DUPONT,24,0,37,3,37,1,101,0,0,0,2,10,0,1,61,0,198,140,0,0,0,0,18,0,0,4,0,1,5,651,0,61,414,140,651
SEVIER11-1 GATLINBURG,134,1,126,8,61,1,170,0,0,0,4,57,0,4,228,1,447,620,0,0,3,0,61,1,0,2,0,2,30,1719,0,261,981,620,1719
SEVIER11-2 PITTMAN CENTER,29,0,37,2,22,0,56,0,0,0,1,18,0,1,66,0,178,169,0,0,0,0,19,0,0,0,0,1,6,555,0,66,344,169,555
SEVIER2-1 WEARWOOD,74,1,58,7,71,5,190,1,0,0,1,58,0,1,172,1,382,281,0,0,5,0,23,3,0,7,0,12,7,1382,0,133,889,281,1382
SEVIER2-2 WALDENS CREEK,50,0,54,6,28,0,144,0,0,0,1,14,0,0,124,0,334,242,2,0,0,0,31,2,0,0,0,2,12,1118,0,104,651,242,1118
SEVIER3-1 NEW CENTER,29,0,32,10,45,2,79,1,0,0,0,16,0,1,72,0,250,178,1,0,1,0,25,0,0,1,0,3,3,830,0,61,476,178,830
SEVIER3-2 HARRISBURG,57,1,42,11,72,0,234,1,0,0,2,22,1,0,188,1,464,288,2,0,1,0,44,2,0,8,0,1,5,1605,0,100,996,288,1605
SEVIER4-1 PIGEON FORGE,112,2,120,19,104,2,348,1,0,1,5,47,2,2,349,2,830,621,0,0,2,0,103,5,0,5,0,9,19,3113,0,234,1712,621,3113
SEVIER5-1 SEVIERVILLE,90,0,88,20,70,2,174,2,1,1,1,70,0,2,249,1,499,480,1,0,2,1,54,0,0,5,0,6,20,1824,0,178,1092,480,1824
SEVIER5-2 SENIOR CENTER,63,1,47,13,50,1,113,0,0,1,6,23,1,2,140,0,303,279,0,0,2,0,35,1,0,4,0,4,4,1027,0,111,653,279,1027
SEVIER6-1 SEYMOUR,113,2,120,9,130,0,417,1,0,0,3,60,0,4,370,1,703,611,0,0,3,0,101,2,0,17,0,9,23,2921,0,235,1698,611,2921
SEVIER7-1 CATLETTSBURG,15,0,12,3,6,1,39,0,0,0,0,4,0,1,33,0,124,64,0,0,0,0,7,1,0,0,0,1,2,431,0,27,211,64,431
SEVIER7-2 CATLETTSBURG,59,0,64,12,36,1,125,0,0,0,1,20,0,0,137,0,306,238,2,0,0,0,44,3,0,4,0,0,10,1100,0,123,638,238,1100
SEVIER7-3 WALNUT GROVE,29,1,28,4,18,0,54,0,3,0,1,18,0,0,51,0,124,126,0,0,1,0,21,2,0,0,0,1,10,516,0,58,273,126,516
SEVIER8-1 KODAK,78,6,62,10,58,0,213,2,0,0,1,46,0,3,188,1,604,359,0,0,4,0,51,4,0,3,0,6,9,2094,0,146,1126,359,2094
SEVIER8-2 KODAK,12,0,3,0,5,0,35,0,0,0,4,4,0,0,15,0,52,31,0,0,1,0,6,0,0,1,0,0,0,189,0,15,115,31,189
SEVIER8-3 UNDERWOOD,52,0,30,2,29,2,108,0,0,0,1,12,0,5,74,0,290,209,0,0,3,0,41,1,0,6,0,5,3,987,0,82,523,209,987
SEVIER9-1 SEYMOUR PRIMARY,100,3,121,12,97,2,315,1,0,0,6,45,0,2,265,1,552,581,1,0,5,1,118,2,0,11,0,5,16,2499,0,224,1298,581,2499
SHELBYARLINGTON 01,208,1,95,2,107,0,503,0,0,0,2,63,0,6,266,0,400,910,4,0,3,0,117,3,0,31,0,5,12,2718,0,304,1349,910,2718
SHELBYARLINGTON 02,151,1,57,1,56,1,239,0,0,0,1,19,0,2,136,0,206,508,2,0,1,0,63,1,0,18,0,2,9,1365,0,209,661,508,1365
SHELBYBARTLETT 03,109,1,70,8,65,2,325,1,0,0,2,52,0,0,228,0,308,449,4,0,3,0,74,1,0,15,0,3,11,1699,0,180,991,449,1699
SHELBYBARTLETT 04,312,1,107,3,62,0,389,0,0,0,1,39,0,2,207,0,336,1120,2,0,3,1,65,1,0,22,0,9,12,1867,0,420,1039,1120,1867
SHELBYBARTLETT 05,197,0,100,7,65,2,347,1,1,0,2,49,0,0,241,2,342,862,2,0,7,0,88,1,0,21,0,2,16,1918,0,297,1059,862,1918
SHELBYBARTLETT 06,132,2,116,7,64,0,293,0,0,0,0,36,0,2,145,0,270,686,5,0,2,0,68,4,0,8,0,5,31,1420,0,250,817,686,1420
SHELBYBARTLETT 08,187,0,154,13,81,2,428,0,0,0,4,84,0,5,294,0,446,886,1,0,4,0,130,6,0,13,0,8,32,2553,0,341,1357,886,2553
SHELBYBARTLETT 09,164,2,118,16,87,2,408,0,2,0,5,56,0,3,245,0,389,649,5,0,1,0,89,6,0,21,0,4,15,2137,0,284,1213,649,2137
SHELBYBARTLETT 11,86,0,83,6,63,0,301,2,0,0,0,32,0,2,197,0,311,407,0,0,2,0,60,2,0,12,0,5,4,1531,0,169,914,407,1531
SHELBYBARTLETT 13,473,3,122,3,80,1,293,0,0,0,1,38,0,1,205,0,265,1630,4,0,3,0,74,4,0,18,0,9,18,1567,0,598,887,1630,1567
SHELBYBRUNSWICK 01,131,1,58,1,53,1,253,0,0,0,1,34,0,1,166,0,211,509,3,0,3,0,47,2,0,12,0,3,7,1205,0,190,721,509,1205
SHELBYBRUNSWICK 02,403,2,98,4,62,0,325,0,0,0,1,35,0,1,250,0,273,1330,2,0,4,0,82,3,0,25,0,6,8,1647,0,503,951,1330,1647
SHELBYCOLLIERVILLE 01,119,1,77,11,90,2,515,0,0,0,4,65,0,3,324,1,391,645,4,0,2,0,119,0,0,30,0,15,6,2571,0,197,1406,645,2571
SHELBYCOLLIERVILLE 02,296,2,62,12,50,0,208,0,0,1,0,77,0,2,270,0,240,1235,2,0,5,0,55,4,0,12,0,12,12,1573,0,360,860,1235,1573
SHELBYCOLLIERVILLE 03,129,2,63,8,94,0,426,3,0,0,0,58,0,1,241,0,361,511,1,0,2,0,96,3,0,14,0,18,13,2075,0,194,1192,511,2075
SHELBYCOLLIERVILLE 04,127,0,72,5,75,1,399,0,0,0,2,109,0,3,368,1,381,670,2,0,6,0,77,1,0,18,0,9,14,2167,0,199,1344,670,2167
SHELBYCOLLIERVILLE 05,65,1,50,2,54,0,218,0,0,0,1,36,0,1,169,0,214,328,2,0,0,0,59,0,0,11,0,3,8,1338,0,116,695,328,1338
SHELBYCOLLIERVILLE 06,103,1,40,5,32,0,279,1,0,0,1,91,0,0,356,0,257,516,3,0,1,0,58,1,0,12,0,0,8,1676,0,144,1022,516,1676
SHELBYCOLLIERVILLE 07,485,1,106,3,37,0,172,0,0,0,0,37,0,0,149,0,141,1479,0,0,4,0,46,2,0,9,0,2,6,948,0,592,539,1479,948
SHELBYCOLLIERVILLE 08,86,0,28,12,35,0,223,0,0,1,0,45,0,1,260,1,175,386,0,0,0,0,55,1,0,12,0,6,4,1238,0,114,753,386,1238
SHELBYCOLLIERVILLE 09,135,0,49,12,53,0,361,0,0,0,0,60,0,3,339,0,308,604,2,0,3,3,96,2,0,16,0,3,10,1981,0,184,1136,604,1981
SHELBYCORDOVA 03,500,0,143,6,41,0,270,0,1,0,0,56,1,1,240,0,221,1842,6,0,4,0,59,6,0,13,0,6,27,1360,0,643,837,1842,1360
SHELBYCORDOVA 04,170,2,46,4,22,0,134,0,1,0,2,23,0,1,70,0,99,653,2,0,2,0,21,3,0,18,0,7,6,603,0,218,356,653,603
SHELBYCORDOVA 05,361,2,144,2,38,0,107,0,0,0,0,18,0,1,65,0,112,1449,0,0,10,0,54,3,0,6,0,3,11,673,0,507,343,1449,673
SHELBYEADS,95,0,28,3,39,0,190,0,0,0,0,36,0,0,117,0,196,328,1,0,3,0,25,0,0,3,0,1,9,987,0,123,581,328,987
SHELBYFOREST HILLS 01,239,2,76,1,38,0,135,0,0,0,0,54,0,1,112,0,199,907,1,0,1,0,29,2,0,4,0,0,8,840,0,317,540,907,840
SHELBYFOREST HILLS 02,189,0,32,1,7,0,37,0,0,0,0,13,0,0,35,0,44,583,0,0,1,0,13,2,0,1,0,0,2,318,0,221,137,583,318
SHELBYFOREST HILLS 03,726,4,112,1,11,0,51,0,1,0,0,10,0,1,20,0,41,2130,0,0,2,0,17,1,0,8,0,3,8,275,0,842,136,2130,275
SHELBYGERMANTOWN 02,185,0,111,21,56,2,351,1,0,0,0,119,1,2,391,0,338,915,9,0,7,0,106,1,0,25,0,8,28,2125,0,296,1282,915,2125
SHELBYGERMANTOWN 03,125,1,99,12,53,2,256,0,1,0,2,106,0,1,273,0,279,695,0,0,4,0,92,0,0,20,0,8,12,1592,0,225,985,695,1592
SHELBYGERMANTOWN 04,167,0,114,13,67,0,375,2,0,0,0,155,1,4,448,1,351,928,3,0,4,0,112,2,0,22,0,5,16,2308,0,281,1417,928,2308
SHELBYGERMANTOWN 05,224,2,157,11,62,2,394,1,0,0,3,132,0,3,437,0,362,1094,1,0,2,0,120,3,0,40,0,5,25,2248,0,383,1407,1094,2248
SHELBYGERMANTOWN 06,147,0,67,8,36,1,213,1,0,0,0,69,0,0,225,0,208,706,1,0,1,0,79,0,0,10,0,9,5,1250,0,214,761,706,1250
SHELBYGERMANTOWN 08,127,0,75,7,37,0,201,0,0,0,1,65,0,0,268,1,218,481,4,0,1,0,52,2,0,20,0,4,9,1137,0,202,798,481,1137
SHELBYGERMANTOWN 10,138,1,67,11,45,4,258,0,0,0,2,101,0,0,313,0,281,645,0,0,2,0,84,1,0,7,0,4,5,1567,0,206,1015,645,1567
SHELBYGERMANTOWN 11,127,1,62,8,45,2,284,0,0,0,1,111,0,0,496,0,369,766,1,0,2,0,95,2,0,14,0,3,7,2124,0,190,1316,766,2124
SHELBYGERMANTOWN 12,45,0,25,3,20,1,92,0,0,0,1,39,0,2,171,0,119,244,0,0,1,0,29,0,0,7,0,0,0,687,0,70,448,244,687
SHELBYLAKELAND 01,190,0,70,5,101,0,585,1,0,0,1,79,0,0,395,2,588,915,3,0,5,0,100,5,0,22,0,7,16,3064,0,260,1757,915,3064
SHELBYLAKELAND 02,84,0,66,2,51,0,234,0,1,0,2,33,0,1,144,1,217,417,0,0,8,0,46,0,0,8,0,4,13,1155,0,150,686,417,1155
SHELBYLUCY 01,120,0,39,2,30,3,108,1,0,0,0,11,0,1,50,1,123,338,0,0,3,0,20,0,0,3,0,5,3,578,0,159,330,338,578
SHELBYLUCY 03,155,2,29,3,19,0,54,1,0,0,2,4,0,1,31,0,91,520,1,0,2,0,25,1,0,0,0,3,6,443,0,186,206,520,443
SHELBYMCCONNELL'S,232,0,33,3,16,1,60,0,0,0,1,10,0,0,31,1,120,827,2,0,3,0,13,0,0,3,0,3,1,455,0,265,243,827,455
SHELBYMEMPHIS 01,578,0,204,6,22,0,66,0,0,1,0,73,0,2,167,0,114,2057,2,0,5,0,104,1,0,21,0,6,17,706,0,782,451,2057,706
SHELBYMEMPHIS 02,440,1,216,10,17,0,54,0,0,0,0,55,0,0,154,0,103,1811,0,0,1,0,102,2,0,11,0,4,19,608,0,657,393,1811,608
SHELBYMEMPHIS 11,367,0,29,0,1,0,7,0,0,0,1,2,0,0,3,0,7,1116,1,0,4,0,7,4,0,3,0,2,5,54,0,396,21,1116,54
SHELBYMEMPHIS 12,212,0,28,0,1,0,0,0,0,0,0,2,0,0,1,0,3,530,0,0,0,0,3,1,0,0,0,0,0,12,0,240,7,530,12
SHELBYMEMPHIS 13,353,1,29,0,0,0,0,0,0,0,0,1,0,0,1,0,1,963,0,0,2,0,4,2,0,0,0,1,0,19,0,383,3,963,19
SHELBYMEMPHIS 16-1,589,0,458,8,15,1,94,1,0,0,0,103,0,1,202,0,99,1951,0,0,5,0,103,0,0,14,0,2,36,615,0,1047,524,1951,615
SHELBYMEMPHIS 16-3,359,1,245,1,21,1,55,1,1,0,0,34,0,0,97,0,73,1329,0,0,0,0,53,0,0,4,0,3,21,380,0,605,284,1329,380
SHELBYMEMPHIS 17,200,3,200,1,4,0,24,2,0,0,0,11,0,0,38,0,46,837,0,0,2,0,49,2,0,4,0,0,28,171,0,403,126,837,171
SHELBYMEMPHIS 20-1,511,2,409,3,14,1,85,0,0,1,0,53,0,1,148,1,86,1585,3,0,3,0,88,2,0,10,0,6,35,421,0,922,393,1585,421
SHELBYMEMPHIS 20-3,619,1,92,1,8,0,13,0,0,0,1,7,0,0,12,0,20,1857,0,0,4,0,24,4,0,4,0,3,14,102,0,712,62,1857,102
SHELBYMEMPHIS 21,588,6,62,1,7,1,3,0,0,0,0,2,0,0,6,0,5,1490,1,0,1,0,10,3,0,0,0,0,11,44,0,656,25,1490,44
SHELBYMEMPHIS 26,583,2,54,3,1,0,0,0,0,0,0,0,0,0,2,0,4,1407,0,0,1,0,2,5,0,0,0,5,5,41,0,639,10,1407,41
SHELBYMEMPHIS 28,240,3,207,6,5,0,56,1,0,0,1,28,1,2,74,0,68,881,0,0,5,0,46,4,0,7,0,1,22,327,0,450,242,881,327
SHELBYMEMPHIS 31-2,401,0,259,0,5,0,24,0,0,0,2,16,0,0,22,0,24,1299,1,0,3,0,43,1,0,3,0,0,35,145,0,660,93,1299,145
SHELBYMEMPHIS 31-4,567,2,196,0,5,0,15,0,0,0,0,5,0,0,19,0,19,1552,0,0,4,0,30,2,0,0,0,0,20,120,0,765,63,1552,120
SHELBYMEMPHIS 33,117,1,114,1,6,0,19,0,0,0,1,10,0,1,48,0,24,397,2,0,2,0,25,2,0,14,0,1,21,123,0,232,110,397,123
SHELBYMEMPHIS 34-2,351,1,34,0,1,0,1,0,0,0,0,2,0,0,0,0,2,979,0,0,1,0,2,2,0,0,0,0,5,22,0,386,6,979,22
SHELBYMEMPHIS 36-1,474,5,285,10,12,0,58,0,0,0,1,29,0,4,102,1,70,1333,2,0,4,0,54,1,0,19,0,1,33,306,0,764,287,1333,306
SHELBYMEMPHIS 36-2,570,1,133,1,10,0,18,1,0,0,0,7,0,3,22,0,18,1412,0,0,9,0,32,0,0,0,0,1,16,111,0,704,80,1412,111
SHELBYMEMPHIS 37,375,3,62,0,4,0,10,0,0,0,1,4,0,0,9,0,14,1230,0,0,3,0,6,3,0,4,0,3,14,72,0,440,42,1230,72
SHELBYMEMPHIS 41-3,641,2,86,0,2,0,8,0,0,0,0,2,0,0,5,0,2,1558,0,0,7,0,11,3,0,2,0,3,13,32,0,729,19,1558,32
SHELBYMEMPHIS 42-1,622,4,48,0,1,1,2,0,0,0,0,0,0,0,0,0,4,1610,0,0,4,0,6,1,0,1,0,3,7,35,0,674,8,1610,35
SHELBYMEMPHIS 44-1,222,0,209,5,28,0,176,0,0,0,1,87,0,2,311,1,189,1122,3,0,8,0,129,4,0,41,0,7,29,1215,0,431,800,1122,1215
SHELBYMEMPHIS 44-5,397,0,132,17,15,1,54,1,0,0,2,52,1,0,104,0,78,1190,1,0,4,0,47,2,0,19,0,6,8,440,0,529,325,1190,440
SHELBYMEMPHIS 45-2,809,0,111,1,1,0,10,0,0,0,0,4,0,2,3,0,9,2145,0,0,4,0,9,4,0,0,0,1,6,75,0,920,30,2145,75
SHELBYMEMPHIS 45-4,475,3,325,6,26,1,102,0,0,0,1,138,0,2,318,2,146,1946,0,0,7,0,141,4,0,24,0,3,40,983,0,803,742,1946,983
SHELBYMEMPHIS 46-2,264,1,246,9,43,1,172,0,1,0,2,70,0,5,234,0,155,1174,0,0,2,0,108,2,0,35,0,9,30,1039,0,511,692,1174,1039
SHELBYMEMPHIS 47,684,2,64,0,4,0,1,0,0,0,0,1,0,0,0,0,6,1816,0,0,2,0,8,4,0,0,0,5,1,31,0,750,12,1816,31
SHELBYMEMPHIS 49,797,0,60,0,0,0,0,1,1,0,0,0,0,0,0,0,5,1824,0,0,2,0,9,1,0,0,0,3,8,25,0,857,7,1824,25
SHELBYMEMPHIS 50-1,308,0,29,0,1,0,1,0,0,0,1,0,0,0,1,0,2,756,0,0,3,0,4,0,0,0,0,0,1,12,0,337,6,756,12
SHELBYMEMPHIS 50-2,532,1,44,1,1,0,0,0,0,0,0,1,0,0,1,0,1,1328,0,0,7,0,2,3,0,0,0,0,3,24,0,577,5,1328,24
SHELBYMEMPHIS 52-1,380,0,40,2,0,0,5,0,0,0,0,0,0,0,4,0,5,912,0,0,2,0,12,0,0,1,0,2,10,37,0,420,16,912,37
SHELBYMEMPHIS 53-1,246,2,108,2,19,1,102,0,0,0,2,10,0,0,46,0,175,968,1,0,4,0,43,2,0,5,0,9,7,611,0,356,357,968,611
SHELBYMEMPHIS 54,231,1,183,11,36,1,206,1,1,0,4,28,0,1,103,0,314,1083,8,0,4,0,54,5,0,19,0,8,41,1324,0,415,706,1083,1324
SHELBYMEMPHIS 55-2,194,0,137,7,26,1,189,1,1,0,2,162,1,2,396,0,171,888,3,0,0,0,141,1,0,40,0,4,18,1317,0,331,959,888,1317
SHELBYMEMPHIS 57,268,2,169,16,36,0,206,0,0,0,0,259,0,0,576,1,293,1216,0,0,5,0,119,1,0,40,0,8,16,1924,0,439,1387,1216,1924
SHELBYMEMPHIS 58-1,448,1,125,2,12,0,47,0,0,1,0,8,0,0,21,0,47,1355,2,0,3,0,13,4,0,5,0,1,12,232,0,574,138,1355,232
SHELBYMEMPHIS 58-4,395,2,92,3,9,0,62,0,0,0,1,10,0,0,33,0,62,1337,2,0,6,0,24,1,0,4,0,2,12,325,0,489,180,1337,325
SHELBYMEMPHIS 59-5,839,6,70,1,7,0,3,0,0,0,1,1,1,0,0,0,10,1968,1,0,5,0,2,2,0,0,0,0,4,54,0,915,24,1968,54
SHELBYMEMPHIS 60-3,566,0,48,1,2,0,3,1,0,0,0,0,0,0,1,0,3,1332,0,0,4,0,7,2,0,0,0,5,1,30,0,614,11,1332,30
SHELBYMEMPHIS 60-5,248,0,36,0,2,0,6,0,0,0,0,0,0,0,1,0,11,790,0,0,1,0,8,2,0,0,0,3,6,45,0,284,20,790,45
SHELBYMEMPHIS 60-6,439,0,32,0,2,0,6,0,0,0,0,0,0,0,1,0,7,1033,0,0,1,0,4,1,0,0,0,5,5,43,0,471,16,1033,43
SHELBYMEMPHIS 60-7,828,3,68,1,8,0,15,1,0,2,3,0,0,0,3,0,16,2225,0,0,2,0,16,2,0,0,0,2,7,111,0,899,49,2225,111
SHELBYMEMPHIS 60-9,471,3,36,1,5,0,0,0,0,0,0,0,0,0,1,0,2,1239,0,0,3,0,5,2,0,1,0,0,5,18,0,510,9,1239,18
SHELBYMEMPHIS 61,412,2,33,0,2,0,1,0,0,0,0,2,0,1,3,0,2,1043,0,0,4,0,9,2,0,2,0,2,5,15,0,447,11,1043,15
SHELBYMEMPHIS 62,123,0,42,4,8,1,64,1,0,0,1,5,0,0,35,0,99,553,2,0,6,0,8,1,0,2,0,2,7,407,0,165,218,553,407
SHELBYMEMPHIS 64,229,1,147,8,32,1,187,1,0,0,0,116,0,2,307,0,160,911,1,0,2,0,116,4,0,38,0,4,20,1210,0,377,814,911,1210
SHELBYMEMPHIS 66,326,1,203,4,39,0,189,0,0,0,3,38,0,4,166,0,177,1230,4,0,3,0,106,7,0,17,0,10,26,979,0,530,620,1230,979
SHELBYMEMPHIS 67-1,198,0,151,5,32,0,178,2,0,1,0,71,0,0,179,0,230,877,0,0,4,0,112,2,0,29,0,2,23,1127,0,349,698,877,1127
SHELBYMEMPHIS 67-3,126,0,98,2,38,0,179,0,0,1,0,45,0,1,177,1,153,513,0,0,0,0,62,0,0,19,0,7,16,937,0,224,597,513,937
SHELBYMEMPHIS 68-1,171,2,119,10,31,1,120,0,0,0,1,49,0,2,172,0,156,695,3,0,5,1,60,3,0,18,0,3,24,793,0,292,542,695,793
SHELBYMEMPHIS 68-3,186,1,128,8,24,0,158,0,0,0,1,115,0,1,314,1,177,902,0,0,0,0,62,2,0,22,0,4,17,1215,0,315,799,902,1215
SHELBYMEMPHIS 69-2,180,1,30,0,5,0,26,0,0,0,0,3,0,0,8,0,40,665,1,0,4,0,3,2,0,2,0,2,3,149,0,211,82,665,149
SHELBYMEMPHIS 70-1,395,0,39,0,5,1,35,0,0,0,0,2,0,0,10,0,46,1343,0,0,4,0,4,1,0,0,0,0,5,162,0,434,99,1343,162
SHELBYMEMPHIS 70-2,392,0,57,0,4,0,10,0,0,0,1,0,0,0,14,0,29,1286,0,0,1,0,9,0,0,3,0,2,7,115,0,449,58,1286,115
SHELBYMEMPHIS 71-4,835,4,65,4,7,0,16,0,0,0,1,0,0,1,10,0,37,2367,0,0,5,0,18,4,0,1,0,3,7,141,0,904,76,2367,141
SHELBYMEMPHIS 72-3,589,0,56,1,6,1,19,0,0,0,2,2,0,0,6,0,41,1751,0,0,5,0,7,5,0,0,0,4,7,150,0,645,78,1751,150
SHELBYMEMPHIS 72-7,593,2,67,2,8,1,39,0,0,0,0,3,1,1,11,1,47,1541,0,0,7,0,18,1,0,2,0,3,16,179,0,662,114,1541,179
SHELBYMEMPHIS 73-1,291,1,26,1,0,0,5,0,0,0,0,4,0,0,3,0,18,816,0,0,0,0,3,3,0,1,0,0,4,61,0,318,31,816,61
SHELBYMEMPHIS 73-3,517,3,55,1,5,0,14,0,0,0,0,0,0,0,7,1,18,1692,0,0,5,0,7,0,0,0,0,2,5,132,0,575,46,1692,132
SHELBYMEMPHIS 74-1,576,4,91,2,5,0,41,0,0,0,0,6,0,1,21,0,40,1954,0,0,1,0,21,4,0,0,0,4,10,193,0,671,116,1954,193
SHELBYMEMPHIS 74-2,727,5,80,0,9,0,20,0,0,0,1,4,0,1,26,1,23,2005,1,0,3,0,15,3,0,1,0,4,8,153,0,812,85,2005,153
SHELBYMEMPHIS 74-5,483,2,59,0,9,0,34,0,0,0,1,5,0,0,28,0,33,1354,0,0,4,0,7,1,0,3,0,3,8,209,0,544,110,1354,209
SHELBYMEMPHIS 74-9,394,0,40,0,4,0,8,0,0,0,0,0,0,0,5,1,9,1291,0,0,1,0,7,0,0,0,0,2,16,75,0,434,27,1291,75
SHELBYMEMPHIS 75-1,514,0,34,1,0,0,2,0,0,0,0,0,0,0,0,0,6,1308,0,0,1,0,11,1,0,0,0,0,6,23,0,548,9,1308,23
SHELBYMEMPHIS 75-11,1025,3,87,0,1,1,3,0,0,0,2,1,0,0,1,0,5,2437,0,0,3,0,6,3,0,0,0,1,10,48,0,1115,14,2437,48
SHELBYMEMPHIS 75-6,1119,6,89,0,3,1,3,0,0,0,0,0,0,1,4,0,8,2587,0,0,6,2,9,3,0,0,0,5,6,35,0,1214,20,2587,35
SHELBYMEMPHIS 75-7,772,3,67,0,1,0,2,1,0,0,0,0,0,0,1,0,5,2098,0,0,5,0,9,0,0,0,0,3,6,28,0,842,10,2098,28
SHELBYMEMPHIS 76-4,745,1,64,0,4,0,7,0,0,1,0,0,0,0,4,0,4,1592,0,0,6,0,12,0,0,3,0,0,6,31,0,810,20,1592,31
SHELBYMEMPHIS 76-5,512,2,27,0,2,0,2,0,0,0,0,1,0,0,0,0,0,1352,0,0,0,0,7,1,0,1,0,1,4,22,0,541,5,1352,22
SHELBYMEMPHIS 76-6,910,5,56,2,9,0,8,0,0,0,0,3,0,0,6,0,6,2157,0,0,3,0,12,5,0,0,0,3,7,51,0,971,34,2157,51
SHELBYMEMPHIS 77-1,1013,3,127,1,9,0,6,0,0,0,1,2,0,0,6,0,22,2239,0,0,3,0,11,0,0,0,0,2,6,80,0,1143,47,2239,80
SHELBYMEMPHIS 77-3,600,0,84,0,1,0,11,0,0,0,0,0,0,0,3,0,17,1648,0,0,3,0,5,3,0,0,0,0,9,79,0,684,32,1648,79
SHELBYMEMPHIS 78-3,648,0,61,3,2,0,4,0,0,0,0,1,0,0,5,0,16,1858,0,0,2,0,13,2,0,0,0,1,5,64,0,709,31,1858,64
SHELBYMEMPHIS 79-1,879,7,76,0,2,0,4,0,0,0,1,3,0,0,2,0,19,2444,0,0,7,0,11,5,0,0,0,3,5,67,0,962,31,2444,67
SHELBYMEMPHIS 79-2,849,2,72,0,2,0,16,0,0,0,0,3,0,0,9,0,15,1819,0,0,2,0,7,0,0,0,0,5,4,77,0,923,45,1819,77
SHELBYMEMPHIS 79-3,880,3,87,2,7,0,11,0,0,0,0,3,0,0,8,0,14,2101,0,0,1,0,8,1,0,2,0,3,7,74,0,970,45,2101,74
SHELBYMEMPHIS 79-7,586,1,44,0,2,0,2,0,0,0,0,0,0,0,2,0,2,1347,0,0,3,0,8,2,0,2,0,3,6,35,0,631,8,1347,35
SHELBYMEMPHIS 80-2,291,4,112,16,30,0,165,0,0,1,4,118,0,0,342,1,216,1107,1,0,6,0,78,0,1,10,0,4,10,1277,0,407,893,1107,1277
SHELBYMEMPHIS 81-1,236,1,93,8,25,1,130,1,0,0,1,93,0,1,344,0,180,1043,3,0,1,0,71,1,0,15,0,7,14,1233,0,330,784,1043,1233
SHELBYMEMPHIS 81-3,188,0,82,6,31,1,194,1,0,0,1,90,0,0,303,0,214,838,3,0,1,0,76,4,0,26,0,1,6,1317,0,270,841,838,1317
SHELBYMEMPHIS 81-5,451,0,87,4,19,1,58,0,0,0,0,31,0,1,73,0,74,1307,1,0,4,0,30,5,0,0,0,0,8,403,0,538,261,1307,403
SHELBYMEMPHIS 81-7,546,2,236,7,46,2,199,1,1,0,0,64,0,1,188,1,199,1881,4,0,3,0,71,1,0,16,0,4,30,1049,0,784,709,1881,1049
SHELBYMEMPHIS 82-2,263,1,25,0,0,0,1,0,0,0,0,1,0,0,5,0,15,560,0,0,0,0,4,0,0,0,0,3,1,54,0,289,22,560,54
SHELBYMEMPHIS 83,196,2,18,0,7,0,5,0,0,0,0,1,0,0,2,0,9,606,1,0,3,0,4,1,0,1,0,0,2,54,0,216,24,606,54
SHELBYMEMPHIS 84-2,241,0,30,0,2,0,8,0,0,0,0,1,0,0,5,0,6,587,0,1,0,0,4,0,0,1,0,2,4,25,0,271,22,587,25
SHELBYMEMPHIS 86,724,1,99,6,13,0,68,0,1,0,1,14,0,1,26,0,67,2060,1,0,8,0,25,5,0,3,0,3,11,319,0,824,197,2060,319
SHELBYMEMPHIS 87-2,442,0,81,3,7,0,21,1,0,0,0,2,0,0,9,1,27,1515,0,0,2,0,19,3,0,0,0,0,8,140,0,523,71,1515,140
SHELBYMEMPHIS 87-3,699,5,126,7,28,1,129,0,0,0,1,18,0,0,65,0,130,2141,1,0,1,0,39,6,0,3,0,4,10,614,0,830,379,2141,614
SHELBYMEMPHIS 87-4,351,0,89,0,15,0,87,0,0,0,1,10,0,1,50,0,115,1224,0,0,2,0,29,0,0,5,0,2,11,603,0,440,279,1224,603
SHELBYMEMPHIS 88-2,341,0,54,2,10,0,52,0,1,0,0,9,0,0,26,1,30,869,0,0,2,0,24,1,0,3,0,2,7,204,0,395,131,869,204
SHELBYMEMPHIS 88-3,404,3,100,4,15,0,81,0,0,0,2,6,0,1,51,0,84,1514,0,0,8,0,35,0,0,5,0,5,27,367,0,507,244,1514,367
SHELBYMEMPHIS 88-4,231,0,44,0,5,0,19,0,0,0,0,3,0,0,13,0,40,921,0,0,3,0,2,1,0,0,0,0,13,147,0,275,80,921,147
SHELBYMEMPHIS 89-1,184,1,86,0,17,2,94,0,0,0,0,9,0,1,54,1,107,735,1,0,5,0,21,5,0,5,0,0,6,559,0,271,285,735,559
SHELBYMEMPHIS 89-2,218,0,109,0,15,0,109,0,0,0,1,9,0,0,69,0,102,1020,7,0,1,0,35,1,0,10,0,3,18,598,0,327,305,1020,598
SHELBYMEMPHIS 90-2,570,0,87,0,12,0,31,0,0,0,0,7,0,1,16,0,43,1875,1,0,6,0,15,4,0,1,0,3,13,227,0,657,110,1875,227
SHELBYMEMPHIS 90-3,533,1,65,0,4,0,25,0,0,0,2,5,0,0,15,0,43,1585,0,0,3,0,8,2,0,4,0,4,11,168,0,599,94,1585,168
SHELBYMEMPHIS 91-1,371,1,169,9,63,0,241,0,0,0,2,38,0,1,230,0,255,1451,9,0,2,1,71,5,0,18,0,5,17,1376,0,541,839,1451,1376
SHELBYMEMPHIS 91-2,387,2,137,4,41,0,214,0,0,0,3,52,0,0,200,0,203,1336,1,0,6,0,74,7,0,11,0,6,17,1128,0,526,717,1336,1128
SHELBYMEMPHIS 91-4,324,0,171,4,45,2,292,0,0,0,1,69,0,3,233,0,272,1283,2,0,1,0,80,4,0,8,0,8,23,1565,0,495,921,1283,1565
SHELBYMEMPHIS 92-1,278,1,28,1,2,0,3,0,0,0,1,1,0,0,1,1,10,763,0,0,1,0,6,1,0,0,0,0,1,38,0,307,20,763,38
SHELBYMEMPHIS 93-1,452,0,66,0,4,0,15,0,1,0,0,3,0,0,6,0,14,1597,1,0,3,0,6,1,0,1,0,1,6,118,0,518,43,1597,118
SHELBYMEMPHIS 93-3,276,0,49,17,8,0,28,0,0,0,5,18,0,0,39,1,51,1061,0,0,6,0,9,2,0,3,0,2,6,269,0,325,167,1061,269
SHELBYMEMPHIS 94-3,761,2,124,2,14,0,33,0,0,0,1,5,0,0,13,0,29,2284,1,0,7,0,19,2,0,8,0,3,12,162,0,887,97,2284,162
SHELBYMEMPHIS 94-6,418,0,53,3,7,0,16,0,0,0,0,1,0,0,15,0,11,1250,0,0,2,0,4,0,0,1,0,3,3,91,0,471,53,1250,91
SHELBYMEMPHIS 94-7,814,0,85,1,10,0,23,0,0,1,1,4,0,0,13,0,32,2477,0,0,4,0,23,3,0,1,0,5,15,167,0,899,85,2477,167
SHELBYMEMPHIS 94-8,611,2,95,3,8,0,35,0,0,0,0,3,0,0,18,1,32,1773,1,0,4,0,17,2,0,1,0,3,5,200,0,708,100,1773,200
SHELBYMEMPHIS 95-1,314,1,139,2,40,0,174,1,0,0,1,16,0,3,94,0,187,1278,5,0,6,0,60,5,0,2,0,8,20,1037,0,454,518,1278,1037
SHELBYMEMPHIS 95-5,247,1,89,5,49,3,232,0,0,1,2,44,0,0,151,0,202,914,1,0,2,0,50,4,0,11,0,9,13,1008,0,337,689,914,1008
SHELBYMEMPHIS 95-6,273,2,99,3,33,0,136,0,0,0,0,28,0,3,121,0,147,996,1,0,3,0,44,3,0,9,0,6,17,861,0,374,471,996,861
SHELBYMEMPHIS 95-7,226,0,90,0,21,1,137,0,0,0,1,13,0,3,76,1,142,929,1,0,4,1,41,0,0,5,0,4,14,672,0,316,395,929,672
SHELBYMEMPHIS 95-8,445,1,126,7,50,4,209,0,0,0,2,39,0,0,180,1,222,1631,1,0,2,1,48,2,0,8,0,5,11,1144,0,572,714,1631,1144
SHELBYMEMPHIS 96-1,300,1,103,3,37,1,145,1,0,0,0,24,0,0,86,0,113,1211,0,0,6,0,49,1,0,7,0,6,13,739,0,404,410,1211,739
SHELBYMEMPHIS 96-2,319,0,139,5,43,0,236,0,0,0,1,41,0,1,142,0,242,1301,2,0,2,0,57,0,0,9,0,4,15,1209,0,458,711,1301,1209
SHELBYMILLINGTON 01,369,1,91,11,93,1,355,0,0,2,2,33,0,0,144,0,522,1006,1,0,4,0,81,4,0,11,0,9,13,1994,0,461,1163,1006,1994
SHELBYMILLINGTON 02,389,3,116,18,72,3,285,0,0,0,2,33,0,3,139,0,444,1230,4,0,6,0,85,7,0,6,0,9,24,1720,0,508,999,1230,1720
SHELBYMORNING SUN 01,560,2,143,0,43,0,124,1,0,0,1,14,0,1,101,0,150,2292,4,0,6,0,57,1,0,12,0,9,14,972,0,705,435,2292,972
SHELBYMORNING SUN 02,201,0,70,7,38,2,177,1,0,0,1,31,0,1,134,0,205,783,4,0,4,0,35,1,0,16,0,7,10,990,0,271,597,783,990
SHELBYROSS 05,849,0,92,0,18,0,53,0,0,0,1,7,0,0,22,0,35,2256,2,0,3,0,21,3,0,0,0,1,9,209,0,941,136,2256,209
SHELBYROSS 13,993,3,132,2,12,1,35,0,0,0,0,4,0,0,21,0,47,2877,0,0,4,0,24,3,0,0,0,0,14,217,0,1128,122,2877,217
SHELBYROSS 14,638,1,87,1,6,0,22,0,0,0,0,3,0,0,12,0,19,1990,0,0,2,0,12,1,0,2,0,2,6,116,0,726,63,1990,116
SHELBYROSS 15,481,1,78,1,11,0,15,0,0,0,1,8,0,1,9,0,18,1662,0,0,1,0,14,5,0,3,0,4,9,108,0,560,64,1662,108
SHELBYROSS 16,1036,1,137,1,11,0,25,0,0,0,0,5,0,0,21,0,48,2966,0,0,3,0,14,3,0,4,0,8,7,196,0,1174,111,2966,196
SHELBYSTEWARTVILLE,224,0,75,8,81,0,372,0,0,0,2,43,1,2,192,0,462,697,0,0,2,0,47,1,0,6,0,7,21,2200,0,299,1163,697,2200
SMITH01 DEFEATED,64,1,32,0,44,0,132,0,0,0,3,9,1,2,42,0,218,170,0,0,0,0,24,1,0,0,0,3,6,749,1,97,451,170,749
SMITH02 TANGLEWOOD,107,1,41,4,31,0,128,0,0,1,1,21,0,1,52,0,189,263,2,0,0,0,30,1,0,2,0,3,3,733,0,149,428,263,733
SMITH03 NEW MIDDLETON,75,0,33,3,32,1,164,1,1,0,0,15,0,2,40,1,200,213,0,0,0,0,20,2,0,1,0,2,2,854,0,108,460,213,854
SMITH04 ROCK CITY,68,1,24,3,31,0,108,0,0,0,3,0,0,0,41,0,187,168,0,0,0,0,29,1,0,0,0,1,4,715,0,93,373,168,715
SMITH05 GORDONSVILLE,86,2,15,2,33,1,121,0,0,0,3,3,0,0,40,1,198,246,0,0,1,0,21,2,0,0,0,2,6,832,0,103,402,246,832
SMITH06 CARTHAGE,100,2,40,1,23,0,58,0,0,0,1,8,0,0,28,0,99,235,0,0,2,0,9,2,0,0,0,4,5,425,0,142,218,235,425
SMITH07 SOUTH CARTHAGE,87,1,36,5,21,0,72,0,0,0,1,3,0,0,43,0,166,211,0,0,1,1,23,1,0,0,0,3,2,619,0,124,311,211,619
SMITH08 ELMWOOD,67,0,32,5,18,1,83,0,0,0,1,5,0,0,30,0,162,183,0,0,2,0,15,1,0,0,0,1,2,567,0,99,305,183,567
STEWART1-1 INDIAN MOUND,65,2,24,1,12,1,51,0,0,0,0,15,0,0,39,0,130,151,3,0,1,0,19,0,0,1,0,1,5,468,0,91,249,151,468
STEWART2-1 BIG ROCK,46,2,18,3,17,0,56,0,0,0,1,7,0,0,33,0,142,131,0,0,1,0,17,0,0,3,0,1,5,541,0,66,259,131,541
STEWART3-1 BUMPUS MILLS,55,2,29,3,14,0,85,0,0,0,1,6,0,0,56,0,93,129,0,0,1,0,22,2,0,3,0,2,3,479,0,86,258,129,479
STEWART4-1 CHURCH STREET,63,0,29,2,20,0,50,0,0,0,1,7,0,0,58,0,136,138,0,0,0,0,21,1,0,0,0,2,1,550,0,92,274,138,550
STEWART5-1 VISITORS CENTER,116,1,44,1,27,0,73,0,0,0,0,10,0,0,37,1,161,228,0,0,3,0,24,1,0,2,0,4,3,565,0,161,310,228,565
STEWART6-1 PUBLIC LIBRARY,74,1,41,2,19,1,64,0,1,0,0,9,0,1,40,0,120,181,1,0,4,0,18,0,0,1,0,1,1,599,0,116,257,181,599
STEWART7-1 CUMBERLAND CITY,64,4,47,1,20,1,56,0,0,0,0,8,0,2,36,1,148,178,0,0,3,0,19,0,0,2,0,1,2,520,0,115,273,178,520
STEWARTPAPER BALLOTS,44,2,12,2,1,0,8,0,0,1,0,1,0,0,2,0,23,86,0,0,0,0,7,0,0,0,0,0,1,142,0,58,38,86,142
SULLIVAN10A,151,4,101,33,97,6,304,0,1,1,2,129,0,1,351,1,424,768,0,0,4,0,134,8,0,7,0,7,13,2349,0,256,1350,768,2349
SULLIVAN10B,89,1,59,8,66,0,149,0,0,0,2,23,0,1,118,0,294,335,2,0,3,0,33,0,0,3,0,3,7,1466,0,149,661,335,1466
SULLIVAN11A,257,4,203,29,131,2,300,2,1,1,6,123,0,5,348,3,577,1314,1,0,9,1,168,7,0,14,0,19,22,2953,0,464,1528,1314,2953
SULLIVAN11B,110,2,105,9,23,0,123,0,0,0,2,24,0,0,111,0,205,605,0,0,5,0,62,2,0,1,0,4,19,1121,0,217,497,605,1121
SULLIVAN1A,77,1,72,2,38,1,183,0,1,0,2,14,0,2,112,0,313,322,1,0,5,1,49,2,0,1,0,16,18,1661,0,150,668,322,1661
SULLIVAN2A,171,5,157,13,62,1,247,0,0,0,1,45,0,7,138,1,406,786,3,0,3,0,122,6,0,4,0,10,30,2107,0,333,921,786,2107
SULLIVAN2B,121,2,84,4,86,1,244,1,1,0,2,69,1,4,242,0,339,577,7,0,3,0,87,1,0,10,0,5,10,1756,0,207,994,577,1756
SULLIVAN2C,82,2,70,5,51,1,225,0,0,1,0,21,0,1,125,1,284,390,2,0,2,0,31,3,0,8,0,4,7,1493,0,154,715,390,1493
SULLIVAN3A,112,0,126,6,51,1,195,1,1,1,2,36,0,1,146,1,310,504,1,0,9,0,75,1,0,8,0,4,20,1641,0,238,752,504,1641
SULLIVAN4A,175,5,132,13,106,5,531,2,0,0,6,52,0,1,263,3,659,811,6,0,9,2,82,5,0,16,0,11,23,3623,0,312,1641,811,3623
SULLIVAN4B,67,0,61,11,43,2,277,0,0,0,1,41,0,3,121,0,312,336,0,0,1,0,54,2,0,5,0,4,6,1789,0,128,811,336,1789
SULLIVAN4C,56,0,59,2,43,2,160,2,0,1,1,25,0,1,110,0,252,230,1,0,2,0,39,1,0,3,0,3,11,1302,0,115,599,230,1302
SULLIVAN5A,145,0,101,9,82,3,330,3,0,0,3,59,0,0,212,2,464,565,2,0,4,0,59,1,0,6,0,3,14,2331,0,246,1167,565,2331
SULLIVAN5B,89,2,62,3,42,1,191,1,0,1,2,16,0,3,95,0,309,323,2,0,1,0,52,2,0,9,0,4,4,1373,0,153,664,323,1373
SULLIVAN5C,23,0,13,0,19,0,100,0,0,1,0,7,0,0,30,0,159,98,0,0,0,0,22,1,0,0,0,2,4,666,0,36,316,98,666
SULLIVAN6A,145,2,103,19,172,1,536,1,0,0,2,88,0,3,391,1,561,706,10,0,4,4,134,1,0,13,0,15,20,3349,0,250,1775,706,3349
SULLIVAN6B,100,2,79,12,69,1,287,0,1,0,3,45,0,1,182,2,393,494,1,0,5,0,68,3,0,3,0,7,20,2287,0,181,996,494,2287
SULLIVAN6C,66,2,42,5,35,0,158,0,0,0,0,9,0,0,73,0,243,237,1,0,5,0,20,5,0,3,0,7,7,1239,0,110,523,237,1239
SULLIVAN7A,144,1,104,24,115,1,294,1,0,0,1,83,0,5,306,1,449,615,1,0,7,0,86,5,0,11,0,14,20,2114,0,249,1280,615,2114
SULLIVAN7B,99,1,73,5,93,1,248,2,0,0,3,37,0,2,208,0,274,418,1,0,1,1,95,3,0,14,0,3,14,1706,0,173,873,418,1706
SULLIVAN7C,63,1,35,6,55,0,115,1,0,0,1,29,0,2,92,1,207,230,0,0,1,0,32,1,0,6,0,2,7,1013,0,99,509,230,1013
SULLIVAN8A,140,0,110,16,101,0,356,1,0,0,7,71,0,3,294,0,506,641,3,0,5,0,103,3,0,4,0,10,15,2738,0,250,1355,641,2738
SULLIVAN8B,61,1,49,7,51,1,204,0,0,1,0,19,0,1,140,0,234,286,4,0,4,0,38,3,0,3,0,7,6,1358,0,111,658,286,1358
SULLIVAN9A,87,1,118,8,68,2,279,0,0,0,3,36,0,4,175,0,445,582,3,0,1,0,84,7,0,6,0,6,26,2491,0,206,1020,582,2491
SULLIVAN9B,96,1,63,14,39,1,117,0,0,0,1,75,0,1,203,0,223,405,2,0,3,0,64,0,0,13,0,0,12,1053,0,160,674,405,1053
SUMNER1-1 WESTMORELAND,125,0,67,3,71,0,211,0,0,1,5,14,0,0,116,0,352,372,0,0,3,0,55,1,0,5,0,5,8,1588,0,192,773,372,1588
SUMNER1-3 CORINTH,102,2,56,2,94,0,274,1,0,0,4,25,0,3,102,1,341,390,0,0,5,0,52,4,0,2,0,4,11,1660,0,160,847,390,1660
SUMNER10-1 WALTON FERRY,140,0,104,3,54,1,189,0,0,0,1,34,0,2,140,0,246,722,2,0,2,0,79,3,0,6,0,6,20,1282,0,244,670,722,1282
SUMNER10-2 MERROL HYDE,208,3,127,1,104,0,348,1,0,0,1,44,0,1,284,0,439,968,0,0,5,0,118,3,0,23,0,8,23,2197,0,338,1223,968,2197
SUMNER11-3 MILLERSVILLE,97,1,51,2,46,0,170,0,1,0,2,17,0,1,65,1,209,388,0,0,5,0,53,4,0,2,0,2,5,1038,0,149,514,388,1038
SUMNER12-1 OAKMONT,120,2,56,2,120,0,375,0,0,0,2,39,0,2,177,0,426,514,0,0,4,0,67,3,0,1,0,14,14,2362,0,178,1143,514,2362
SUMNER12-3 WHITE HOUSE,111,0,94,5,125,1,331,0,0,0,1,23,1,4,177,1,357,508,0,0,6,0,93,0,0,8,0,8,19,2386,0,205,1026,508,2386
SUMNER2-1 PORTLAND,104,1,52,5,67,0,202,1,0,0,1,23,0,2,129,1,278,468,0,0,6,2,65,1,0,14,0,2,15,1680,0,157,709,468,1680
SUMNER2-2 WISEMAN,141,1,73,3,87,1,175,0,0,1,3,22,0,1,91,0,265,460,0,0,4,0,47,7,0,1,0,8,13,1453,0,215,649,460,1453
SUMNER3-1 CIVIC CENTER,188,2,58,5,121,4,330,0,0,1,4,45,0,2,195,0,438,679,2,0,4,0,70,3,0,27,0,4,13,2137,0,248,1145,679,2137
SUMNER3-3 CREEKSIDE,172,1,86,16,93,1,307,3,0,0,1,37,0,3,167,0,488,629,3,0,4,0,54,4,0,0,0,7,8,2061,0,259,1116,629,2061
SUMNER4-1 HOWARD,228,5,124,9,85,2,367,0,0,1,2,43,0,4,251,0,418,1083,0,0,2,0,106,1,0,26,0,5,10,2481,0,357,1182,1083,2481
SUMNER4-3 COTTONTOWN,67,0,19,3,53,1,201,0,1,0,0,23,0,2,77,1,222,250,2,0,4,0,31,3,0,0,0,8,4,1065,0,86,584,250,1065
SUMNER4-4 UNION,192,0,45,3,45,0,100,0,0,0,2,14,0,0,46,0,141,675,2,0,1,0,22,3,0,10,0,4,5,691,0,237,351,675,691
SUMNER5-1 FB GALLATIN,153,1,58,11,52,1,183,0,1,0,2,23,1,2,118,0,199,603,0,0,3,0,42,0,0,5,0,5,6,1114,0,212,593,603,1114
SUMNER5-2 GUILD,208,0,92,9,54,0,188,0,0,0,6,15,0,2,111,0,220,770,0,0,5,0,67,3,0,9,0,11,17,1179,0,300,605,770,1179
SUMNER6-1 VOL STATE,177,1,84,19,117,1,472,0,0,0,2,126,0,2,398,0,623,808,0,0,3,0,103,0,0,8,0,7,9,2978,0,262,1760,808,2978
SUMNER6-2 GALLATIN HS,135,1,84,5,47,0,179,1,0,0,1,36,0,2,138,0,315,523,2,0,6,0,46,2,0,16,0,6,17,1242,0,220,724,523,1242
SUMNER6-3 JACK ANDERSON,191,0,90,12,80,1,337,1,0,0,2,79,1,2,318,0,457,807,0,0,3,0,127,1,0,53,0,3,12,2266,0,281,1290,807,2266
SUMNER7-1 WHITTEN,197,0,136,12,110,1,370,0,1,0,3,50,1,3,313,1,502,998,0,0,5,0,140,5,0,17,0,8,24,2582,0,333,1367,998,2582
SUMNER7-3 LONG HOLLOW,143,2,78,12,135,2,534,1,0,0,3,76,0,0,407,0,479,870,5,0,4,0,144,5,0,19,0,13,19,3208,0,223,1649,870,3208
SUMNER8-1 BROWN,191,4,113,7,64,3,193,0,0,0,5,38,0,2,138,1,358,854,0,0,5,0,79,3,0,2,0,8,27,1699,0,308,809,854,1699
SUMNER8-2 HAWKINS,174,2,133,9,81,1,281,0,0,0,2,50,0,4,148,0,390,787,0,0,4,0,80,3,0,11,0,7,10,1749,0,309,966,787,1749
SUMNER9-2 INDIAN LAKE,160,0,93,11,112,1,412,1,1,0,0,125,1,1,425,1,495,882,2,0,2,0,146,5,0,84,0,6,20,2720,0,253,1586,882,2720
TIPTON1-1 NE COVINGTON,275,0,39,7,39,1,103,0,0,1,3,11,0,0,56,0,161,1100,1,0,6,0,15,4,0,0,0,5,7,860,0,314,382,1100,860
TIPTON2-3 SE COVINGTON,206,1,71,12,51,3,236,1,0,0,1,39,0,2,182,1,369,829,1,0,10,0,39,6,0,4,0,5,8,1642,0,278,897,829,1642
TIPTON3-6 TIPTON WEST,54,2,38,2,53,2,281,1,1,0,4,21,0,2,139,0,501,255,0,0,1,0,51,2,0,3,0,2,6,2131,0,94,1007,255,2131
TIPTON4-11 ATOKA,194,1,92,5,78,3,472,2,0,1,4,36,0,3,218,0,546,734,0,0,8,0,118,4,0,11,0,10,10,2789,0,287,1368,734,2789
TIPTON5-12 MUNFORD,110,0,77,4,73,1,362,0,0,0,2,33,1,2,191,0,490,425,1,0,6,0,83,4,0,1,0,8,23,2202,0,187,1159,425,2202
TIPTON6-14 SW TIPTON,113,0,55,8,47,1,314,0,1,0,7,29,0,1,101,0,432,438,10,0,1,0,43,4,0,0,0,4,12,1870,0,168,941,438,1870
TIPTON7-19 AUSTIN PEAY,189,2,61,2,78,0,344,0,0,0,1,10,0,0,132,0,368,843,0,0,3,0,41,2,0,1,0,4,10,1751,0,252,935,843,1751
TIPTON8-21 WILKINSVILLE,193,1,83,1,50,1,272,0,0,0,2,16,0,2,75,0,356,660,1,0,3,0,49,3,0,2,0,6,9,1733,0,277,775,660,1733
TIPTON9-22 BRIGHTON,120,1,58,1,65,2,309,0,0,0,2,29,0,0,144,0,395,501,0,0,2,0,46,4,0,1,0,9,5,1932,0,179,947,501,1932
TROUSDALE01 SENIOR CENTER,26,1,8,0,3,1,22,0,0,0,0,2,0,0,10,0,37,114,0,0,0,0,7,0,0,0,0,1,0,159,0,35,75,114,159
TROUSDALE02 CATO,33,1,15,0,9,0,33,0,0,0,1,2,0,1,7,0,71,92,2,0,3,0,13,0,0,0,0,0,2,261,0,49,124,92,261
TROUSDALE03 BEECH GROVE,19,1,11,1,4,0,37,0,0,0,0,1,0,0,10,0,48,59,0,0,0,0,9,0,0,0,0,0,0,255,0,31,101,59,255
TROUSDALE04 HALLTOWN,25,0,14,1,7,0,29,0,0,1,0,0,0,0,9,0,38,93,0,0,1,0,6,1,0,0,0,0,2,210,0,39,85,93,210
TROUSDALE05 TEMPLOW,23,1,8,2,13,0,35,0,0,0,0,2,0,0,10,0,53,85,2,0,1,0,10,1,0,0,0,1,1,267,0,32,115,85,267
TROUSDALE06 WALNUT GROVE,35,0,14,0,12,0,37,0,0,0,0,1,0,0,10,0,47,80,0,0,1,0,9,1,0,0,0,0,0,247,0,49,107,80,247
TROUSDALE07 HIGH SCHOOL,42,0,6,0,1,1,7,0,0,0,1,4,0,0,5,0,21,120,0,0,2,0,3,1,0,0,0,1,0,112,0,48,40,120,112
TROUSDALE08 WILLARD,45,0,11,0,3,0,31,0,0,0,0,1,0,0,6,0,49,114,0,0,0,0,6,1,0,1,0,0,0,201,0,56,90,114,201
TROUSDALE09 CITY,26,0,14,0,6,0,10,0,0,0,0,1,0,0,13,0,32,92,0,0,2,0,4,2,0,0,0,0,1,154,0,40,62,92,154
TROUSDALE10 PROVIDENCE,22,0,11,0,5,0,36,0,0,0,0,9,0,0,11,0,55,97,0,0,0,0,6,1,0,0,0,1,0,237,0,33,116,97,237
UNICOIFISHERY,14,0,20,2,24,0,54,0,0,0,1,10,0,0,41,0,150,84,0,0,0,0,6,1,0,1,0,3,1,399,0,34,282,84,399
UNICOIFLAG POND,11,0,23,3,13,0,49,1,0,0,2,5,0,3,45,0,107,70,0,0,1,0,6,0,0,0,0,0,5,362,0,34,228,70,362
UNICOIHIGH SCHOOL,63,5,49,14,47,4,104,3,0,0,4,27,0,0,130,0,276,249,0,0,2,0,35,2,0,5,0,3,10,859,0,117,609,249,859
UNICOILIMESTONE COVE,26,0,30,5,16,0,78,0,0,0,2,15,1,0,41,0,162,115,0,0,1,0,11,1,0,2,0,5,9,454,0,56,320,115,454
UNICOILOVE CHAPEL,30,2,45,5,29,1,80,0,1,0,4,18,0,2,75,0,260,167,2,0,1,0,21,2,0,2,0,5,7,876,0,77,475,167,876
UNICOIROCK CREEK,37,1,45,11,36,0,84,2,1,1,2,19,0,2,97,1,312,215,0,0,2,0,17,3,0,2,0,3,6,975,0,83,568,215,975
UNICOITEMPLE HILL,18,1,13,0,13,0,42,0,1,0,2,4,0,1,30,0,160,86,1,0,0,0,3,2,0,0,0,1,5,440,0,32,253,86,440
UNICOIUNICOI,46,0,47,12,60,0,185,1,0,0,4,30,0,0,155,2,386,276,1,0,1,0,40,3,0,5,0,7,10,1306,0,93,835,276,1306
UNION1-1 UCHS,38,0,41,1,19,2,88,0,1,0,2,8,1,1,60,0,185,135,0,0,1,0,26,2,0,1,0,3,6,852,0,79,368,135,852
UNION2-1 LUTTRELL,31,0,24,1,14,0,72,0,0,0,0,5,0,0,30,1,164,92,1,0,1,0,14,1,0,3,0,3,3,579,0,55,287,92,579
UNION3-1 CEDAR GROVE,20,0,14,1,10,0,32,0,0,0,3,7,0,0,19,0,97,80,0,0,0,0,3,0,0,3,0,0,2,375,0,34,169,80,375
UNION3-2 BROCK,26,1,6,1,9,1,31,0,0,0,0,3,0,0,9,0,86,60,0,0,1,0,3,0,0,0,0,1,4,288,0,33,140,60,288
UNION4-1 BIG RIDGE,43,1,35,0,24,0,66,0,0,0,2,5,0,2,47,0,176,152,0,0,1,0,14,0,0,0,0,3,2,636,0,79,322,152,636
UNION5-1 SHARP CHAPEL,44,0,10,1,12,0,63,0,0,0,0,9,0,1,48,0,191,123,0,0,3,0,14,2,0,1,0,2,2,642,0,54,325,123,642
UNION5-2 BRADEN CHAPEL,3,0,4,0,4,0,9,0,0,0,0,2,0,0,3,0,27,10,0,0,0,0,1,0,0,0,0,0,0,72,0,7,45,10,72
UNION6-1 PAULETTE,45,2,31,0,29,2,79,1,1,0,3,6,0,4,55,1,194,166,0,0,3,0,21,2,0,0,0,6,1,776,0,78,375,166,776
UNION7-1 PLAINVIEW,47,3,28,2,22,0,68,0,1,0,0,7,0,0,58,0,145,120,0,0,1,0,10,1,0,1,0,1,4,601,0,78,303,120,601
UNIONPAPER BALLOTS,19,1,3,3,4,0,27,0,0,0,1,3,0,0,8,0,47,74,1,0,0,0,2,0,0,1,0,0,0,232,0,23,93,74,232
VAN BURENCEDAR GROVE,37,0,11,0,18,0,34,0,1,0,0,3,0,0,23,0,60,76,0,0,0,0,7,0,0,0,0,0,2,244,0,48,139,76,244
VAN BURENFALL CREEK FALLS,30,1,11,0,13,0,46,0,1,0,0,3,0,0,23,0,97,91,0,0,0,0,2,1,0,0,0,0,2,372,0,42,183,91,372
VAN BURENPINEY,53,3,19,1,9,0,50,0,0,0,0,2,0,0,12,0,107,101,1,0,1,0,10,0,0,0,0,1,0,353,0,75,181,101,353
VAN BURENSPENCER 1,58,2,10,1,7,0,28,0,0,0,0,0,0,0,7,0,83,108,0,0,0,0,4,0,0,0,0,0,0,286,0,70,126,108,286
VAN BURENSPENCER 5,37,2,19,1,11,0,26,0,0,0,0,2,0,0,11,0,70,89,0,0,1,0,9,0,0,0,0,0,2,292,0,58,121,89,292
VAN BURENWHITE HILL,7,0,11,0,4,0,14,0,0,0,0,0,0,0,1,0,24,20,0,0,0,0,0,0,0,0,0,0,2,79,0,18,43,20,79
WARREN1-1 CIVIC CENTER,90,3,41,6,18,1,70,0,0,0,1,6,0,0,65,1,148,269,0,0,3,0,24,1,0,0,0,2,7,628,0,134,316,269,628
WARREN10-1 CENTERTOWN UMC,90,1,40,3,14,1,68,1,0,0,0,8,0,1,41,0,145,199,0,0,1,0,14,0,0,0,0,1,2,573,0,131,282,199,573
WARREN10-2 CENTERTOWN CIC,47,1,23,1,10,0,45,0,0,0,0,7,0,0,35,0,112,109,0,0,1,0,8,0,0,0,0,1,1,373,0,71,210,109,373
WARREN11-1 MIDWAY,40,0,17,0,11,1,35,0,0,0,1,4,0,0,14,0,76,94,1,0,0,0,7,1,0,0,0,2,0,297,0,57,142,94,297
WARREN11-2 HWY 56 NORTH,66,0,23,1,23,0,79,0,0,0,0,10,0,0,39,1,138,157,0,0,2,0,15,1,0,0,0,4,5,556,0,89,291,157,556
WARREN12-1 NORTHSIDE,50,1,22,2,7,0,47,1,0,0,2,5,0,0,32,0,105,122,0,0,2,0,9,1,0,0,0,2,3,385,0,73,201,122,385
WARREN12-2 LUCKY,47,1,29,1,13,0,62,0,0,0,0,7,0,0,19,0,63,125,0,0,1,0,15,0,0,1,0,3,3,353,0,77,165,125,353
WARREN2-1 COURTHOUSE,80,4,52,3,23,0,80,0,0,0,0,19,0,2,82,0,153,236,0,0,4,0,36,2,0,1,0,4,6,633,0,136,362,236,633
WARREN2-2 AIRPORT,36,0,30,3,20,1,62,0,0,0,1,3,0,0,37,0,118,118,0,0,2,0,8,1,0,1,0,4,1,479,0,66,245,118,479
WARREN3-1 WESTWOOD,54,1,28,2,16,1,60,0,0,0,2,10,0,0,39,0,94,168,1,0,2,0,22,2,0,0,0,2,1,404,0,83,224,168,404
WARREN3-2 SMARTT,70,1,32,1,24,0,68,0,0,0,0,13,0,1,43,0,84,161,0,0,1,0,21,0,0,2,0,0,1,458,0,103,234,161,458
WARREN4-1 TSU,99,0,55,6,25,0,85,0,0,0,0,5,0,0,45,0,160,259,0,0,2,0,33,1,0,0,0,3,1,623,0,154,326,259,623
WARREN5-1 MALL,82,3,27,3,18,1,41,0,0,0,0,4,0,0,21,0,97,226,2,0,1,0,10,1,0,0,0,2,4,378,0,112,185,226,378
WARREN5-2 TOWERS,46,3,12,1,4,1,11,0,0,0,1,0,0,1,14,0,49,117,0,0,0,0,4,0,0,0,0,2,0,173,0,61,82,117,173
WARREN6-1 CANEY FORK,90,3,45,1,10,0,55,1,0,0,0,5,1,0,38,0,130,272,0,0,4,0,21,1,0,1,0,1,9,527,0,138,241,272,527
WARREN7-1 FRIENDSHIP,108,3,59,7,20,0,93,0,0,0,0,12,0,1,60,0,159,309,0,0,3,0,16,3,0,1,0,2,3,803,0,170,352,309,803
WARREN8-1 FAIRVIEW,64,2,53,0,30,0,79,0,0,0,0,6,0,0,66,0,148,183,0,0,1,0,23,0,0,3,0,1,3,671,1,119,329,183,671
WARREN8-3 BONNER,33,0,19,1,9,1,61,0,0,0,0,7,0,0,15,0,70,72,0,0,2,0,14,1,0,0,0,2,6,275,0,52,164,72,275
WARREN9-1 MORRISON,91,3,47,2,42,0,51,1,0,0,2,6,0,1,61,0,150,261,0,0,2,0,21,2,0,0,0,3,5,684,1,141,316,261,684
WARREN9-2 VIOLA,36,0,17,1,17,0,32,0,0,0,0,5,0,0,26,0,78,78,0,0,1,0,18,1,0,2,0,0,0,267,0,53,159,78,267
WASHINGTON01 FALL BRANCH,27,0,35,1,26,1,107,0,1,0,1,12,0,2,67,0,121,115,0,0,0,0,21,0,0,1,0,1,2,631,0,62,339,115,631
WASHINGTON02 HARMONY,58,1,43,0,57,2,197,0,0,0,2,20,0,1,109,0,199,206,1,0,1,0,22,1,0,4,0,6,3,1146,0,102,587,206,1146
WASHINGTON03 GRAY EAST,73,2,86,6,60,2,252,0,0,0,7,35,0,0,146,0,296,387,5,0,0,0,54,4,0,3,0,9,13,1812,0,161,804,387,1812
WASHINGTON04 GRAY CITY,1,0,1,1,4,0,11,0,0,0,0,2,0,0,11,0,14,6,0,0,1,0,3,0,0,0,0,1,0,76,0,2,43,6,76
WASHINGTON05 B.C. EAST,45,0,63,2,39,0,113,1,1,0,0,25,0,2,113,0,259,291,0,0,5,0,43,1,0,1,0,3,12,1126,0,108,555,291,1126
WASHINGTON06 SULPHUR SPRINGS,99,0,81,12,93,0,319,0,0,1,5,45,0,1,242,1,396,439,3,0,9,0,61,4,0,4,0,7,20,2135,0,180,1115,439,2135
WASHINGTON07 GRAY WEST,61,0,42,15,56,0,219,1,0,0,1,31,0,1,151,0,248,264,1,0,1,0,56,2,0,4,0,4,10,1407,0,103,723,264,1407
WASHINGTON08 B.C. WEST,46,0,52,3,45,0,162,0,0,0,1,22,1,0,109,0,163,243,1,0,0,0,34,2,0,1,0,6,13,928,0,98,506,243,928
WASHINGTON09 B.C. CITY,92,0,80,20,76,3,217,2,0,0,2,88,0,0,295,0,267,639,0,0,2,0,86,1,0,5,0,10,12,1622,0,172,970,639,1622
WASHINGTON10 LAKERIDGE,106,2,98,6,71,2,219,0,0,0,2,72,0,0,244,0,257,597,0,0,1,0,70,1,0,3,0,3,11,1493,0,206,873,597,1493
WASHINGTON11 INDIAN TRAIL,92,1,89,5,44,1,138,2,1,0,2,42,0,1,163,0,170,501,0,0,4,0,55,2,0,3,0,5,26,984,0,182,569,501,984
WASHINGTON12 PRINCETON,13,0,24,1,22,0,39,1,0,0,0,9,0,0,32,1,87,94,0,0,1,0,8,2,0,1,0,1,2,383,0,37,192,94,383
WASHINGTON13 STRATTON,108,1,113,6,49,0,98,0,0,0,5,43,0,0,131,1,199,620,0,0,3,0,55,4,0,6,0,7,19,954,0,222,532,620,954
WASHINGTON14 BOWMANTOWN,28,0,23,1,43,0,138,0,2,0,0,20,0,0,88,1,199,135,2,0,1,0,23,0,0,2,0,0,4,801,0,51,492,135,801
WASHINGTON15 COURTHOUSE,89,1,114,10,105,1,334,1,2,0,5,41,0,0,280,0,529,558,2,0,2,0,75,5,0,13,0,8,16,2261,0,204,1308,558,2261
WASHINGTON16 MARVIN'S CHAPEL,17,0,21,0,15,1,45,0,0,0,0,16,0,1,66,0,43,118,0,0,0,0,11,0,0,0,0,1,0,248,0,38,187,118,248
WASHINGTON17 TOWN ACRES,176,1,141,15,78,1,198,0,0,1,1,74,0,4,322,1,346,882,2,0,4,0,97,3,0,8,0,4,25,1715,0,318,1041,882,1715
WASHINGTON18 FAIRMONT,73,0,87,7,25,1,105,1,0,1,0,38,0,1,147,0,179,384,0,0,1,0,34,2,0,1,0,2,14,801,0,160,505,384,801
WASHINGTON19 LEESBURG,23,0,29,0,18,0,73,0,0,0,2,9,0,1,63,0,123,125,0,0,1,0,12,1,0,2,0,1,5,504,0,52,289,125,504
WASHINGTON20 VISITOR'S CENTER,158,2,128,15,98,1,192,1,1,0,2,56,0,1,231,0,323,674,0,0,5,0,76,3,0,4,0,3,18,1588,0,288,921,674,1588
WASHINGTON21 ASBURY,10,0,11,2,8,0,51,0,0,0,0,12,0,2,27,0,57,56,1,0,1,0,10,0,0,0,0,4,3,263,0,21,159,56,263
WASHINGTON22 FAIRHAVEN OUTSIDE,16,0,21,0,6,0,36,0,0,0,0,4,0,2,27,0,54,79,0,0,2,0,10,0,0,0,0,3,0,260,0,37,129,79,260
WASHINGTON23 WOODLAND,30,1,66,3,21,0,66,0,0,0,3,13,0,2,61,0,121,200,0,0,1,0,29,2,0,0,0,2,7,532,0,97,290,200,532
WASHINGTON24 HENRY JOHNSON,127,1,132,3,51,1,136,0,0,0,0,61,0,2,186,1,247,641,0,0,5,0,61,1,0,4,0,6,28,1121,0,260,688,641,1121
WASHINGTON25 MILLENNIUM,108,1,249,3,34,0,68,0,0,0,1,22,0,0,87,0,116,750,1,0,5,0,73,3,0,5,0,5,44,648,0,358,331,750,648
WASHINGTON26 NORTH SIDE,132,3,159,6,39,1,88,0,0,0,1,41,0,0,114,0,114,674,0,0,6,0,43,2,0,5,0,5,27,587,0,294,404,674,587
WASHINGTON27 KEYSTONE,55,0,84,0,15,1,76,0,0,0,1,12,0,2,37,0,75,375,0,0,1,0,45,1,0,1,0,8,16,513,0,139,219,375,513
WASHINGTON28 SOUTH SIDE,73,0,205,7,15,1,57,0,1,0,1,18,0,1,63,0,88,565,1,0,2,0,53,0,0,2,0,5,39,469,0,278,252,565,469
WASHINGTON29 FAIRHAVEN INSIDE,113,2,130,13,70,2,171,1,0,0,5,32,0,3,177,2,185,591,2,0,4,0,58,4,0,3,0,6,22,1148,0,245,661,591,1148
WASHINGTON30 GRACE,133,2,172,4,39,0,127,0,0,0,2,48,0,2,152,2,159,682,0,0,1,0,63,1,0,5,0,9,22,876,0,307,535,682,876
WASHINGTON31 CHEROKEE CITY,7,0,9,0,2,0,20,0,0,0,0,6,0,0,15,0,28,47,0,0,0,0,5,0,0,3,0,2,2,104,0,16,71,47,104
WASHINGTON32 CHEROKEE OUT,26,1,40,6,29,1,133,0,0,0,2,20,0,3,76,1,158,177,0,0,4,0,24,0,0,3,0,3,5,775,0,67,429,177,775
WASHINGTON33 TELFORD,27,0,50,3,23,0,96,0,0,1,2,5,0,3,43,0,196,160,0,0,1,0,22,0,0,0,0,4,11,760,0,77,372,160,760
WASHINGTON34 NEW VICTORY,43,0,40,8,32,1,105,0,0,0,1,27,0,0,104,0,179,205,0,0,2,0,17,0,0,3,0,3,9,769,0,83,457,205,769
WASHINGTON35 LIMESTONE,18,0,12,2,17,0,51,0,1,0,0,2,0,0,45,0,82,66,0,0,1,0,12,0,0,0,0,1,0,337,0,30,200,66,337
WASHINGTON36 WEST VIEW,24,2,24,5,20,0,77,0,0,0,2,11,1,1,38,0,123,84,0,0,1,0,14,0,0,2,0,1,2,491,0,50,278,84,491
WASHINGTON37 LAMAR,36,1,20,1,22,1,72,0,0,1,1,8,0,0,45,1,157,112,0,0,0,0,14,0,0,0,0,1,2,638,0,57,309,112,638
WASHINGTON38 SOUTH CENTRAL,44,1,26,3,16,0,62,0,0,0,1,6,0,2,61,0,191,146,0,0,2,0,9,1,0,3,0,0,9,622,0,71,342,146,622
WASHINGTON39 NEW SALEM,23,0,24,0,14,1,61,0,0,0,0,7,0,0,35,0,110,85,0,0,1,0,3,0,0,1,0,0,3,410,0,47,228,85,410
WASHINGTON40 EMBREEVILLE,15,0,9,4,9,0,45,0,0,0,1,4,0,1,32,0,99,51,2,0,0,0,7,0,0,0,0,2,2,314,0,24,195,51,314
WAYNE1 WAYNESBORO,51,1,23,7,27,0,69,0,0,0,1,7,0,0,44,0,171,139,0,0,2,0,8,0,0,0,0,1,0,757,0,75,326,139,757
WAYNE2 CLIFTON,11,0,5,0,5,0,19,0,0,0,1,3,0,0,14,0,43,63,3,0,0,0,4,0,0,0,0,0,2,187,0,16,85,63,187
WAYNE3-1 BEECH CREEK,19,0,4,0,4,0,20,0,0,0,0,3,0,0,4,0,63,36,0,0,1,0,3,1,0,0,0,2,1,233,0,23,94,36,233
WAYNE3-2 CRAZY HORSE,18,0,11,3,4,0,39,0,0,0,0,1,0,1,11,0,83,49,0,0,0,0,4,1,0,0,0,2,0,356,0,29,142,49,356
WAYNE3-3 EAGLE CREEK,11,1,8,1,4,0,8,0,0,0,0,3,0,0,9,0,42,36,0,0,0,0,1,0,0,0,0,1,0,149,0,20,67,36,149
WAYNE4-1 COLLINWOOD,8,2,10,1,14,0,51,0,0,0,1,10,0,0,32,0,116,74,0,0,1,0,5,0,0,4,0,0,0,506,0,20,225,74,506
WAYNE5-1 BIG CYPRESS,11,0,4,2,21,1,29,0,0,0,0,5,0,1,22,0,92,39,0,0,0,0,1,0,0,0,0,1,2,362,0,15,173,39,362
WAYNE5-2 LUTTS,7,0,8,2,15,0,39,0,0,0,1,1,0,0,18,0,58,24,0,0,0,0,5,0,0,1,0,1,1,297,0,15,134,24,297
WAYNE5-3 WAYNE CO HIGH,8,0,3,0,12,0,18,0,0,0,0,2,0,0,11,0,43,23,2,0,2,0,3,0,0,0,0,0,0,201,0,11,86,23,201
WAYNE6-1 HOLLY CREEK,6,0,7,2,4,0,47,0,0,0,0,3,0,0,17,0,58,31,0,0,1,0,4,0,0,0,0,0,0,263,0,13,131,31,263
WAYNE6-2 SOUTH GATE,18,0,6,1,22,1,63,0,0,0,0,3,0,0,36,0,138,62,0,0,2,0,10,0,0,0,0,2,0,611,0,24,264,62,611
WAYNE7-1 BUFFALO RIVER,17,0,15,0,8,0,37,0,0,0,0,3,0,0,7,0,78,46,0,0,0,0,5,1,0,0,0,0,0,307,0,32,133,46,307
WAYNE7-2 OVILLA,13,0,7,4,12,0,46,0,0,0,1,2,0,1,21,1,106,65,0,0,2,0,2,0,0,0,0,1,0,488,0,20,194,65,488
WEAKLEY1A PALMERSVILLE,36,1,31,1,33,0,92,0,0,1,1,7,0,1,25,0,149,117,0,0,2,0,8,1,0,1,0,1,3,621,0,68,310,117,621
WEAKLEY1B LATHAM,36,0,21,2,16,0,76,0,0,0,2,5,0,0,44,0,136,102,0,0,1,0,10,1,0,0,0,1,1,599,0,57,281,102,599
WEAKLEY2A GLEASON,55,0,27,4,34,1,157,0,0,0,1,15,0,0,64,0,204,203,2,0,4,0,16,2,0,1,0,5,1,1134,0,82,480,203,1134
WEAKLEY3A GREENFIELD,86,4,18,5,38,2,116,1,0,0,1,13,0,0,72,0,182,263,0,0,2,0,18,0,0,2,0,3,1,1060,0,108,430,263,1060
WEAKLEY4A SHARON,84,1,41,11,52,0,204,0,0,0,4,17,0,1,77,1,285,246,1,0,2,0,26,1,0,7,0,6,4,1242,0,126,652,246,1242
WEAKLEY5A MARTIN COC,113,1,85,3,39,2,111,0,1,0,0,24,0,3,81,1,157,405,1,0,1,0,36,0,0,7,0,3,15,761,0,199,422,405,761
WEAKLEY6A TRINITY,77,0,55,1,20,2,48,0,0,0,1,16,0,1,41,0,63,338,0,0,1,0,22,0,0,5,0,3,9,388,0,132,193,338,388
WEAKLEY7A MARTIN SHEPHERD'S,116,0,67,4,72,2,149,0,0,0,1,18,2,2,142,0,219,410,0,0,4,0,41,0,0,15,0,5,10,1154,0,183,611,410,1154
WEAKLEY8A MARTIN FUMC,126,0,63,3,43,0,123,0,0,0,7,18,0,0,96,0,194,381,0,0,6,0,25,4,0,1,0,6,9,1063,0,189,484,381,1063
WEAKLEY9A DRESDEN,131,0,45,3,36,0,134,0,0,0,0,10,0,2,52,0,176,307,1,0,2,0,18,1,0,4,0,6,9,986,0,176,413,307,986
WHITE1-1 SPARTA CIVIC,84,2,53,6,26,1,72,1,0,0,2,10,1,2,35,0,160,237,0,0,4,0,15,5,0,6,0,4,1,602,0,139,316,237,602
WHITE1-2 SPARTA CIVIC,32,0,7,0,2,0,28,0,0,0,1,3,0,0,19,0,62,64,0,0,0,0,3,0,0,0,0,1,2,184,0,39,115,64,184
WHITE2-1 AG FAIR COMPLEX,70,0,37,4,29,0,62,0,0,0,1,10,0,0,46,1,159,175,0,0,0,0,10,1,0,5,0,2,3,533,0,107,312,175,533
WHITE2-2 WOODLAND PARK,47,2,17,2,16,0,58,0,0,0,0,4,0,0,38,1,123,126,0,0,3,0,9,2,0,1,0,1,5,405,0,66,242,126,405
WHITE3-1 AG FAIR COMPLEX,83,5,62,3,60,0,189,0,0,0,0,13,0,1,76,0,336,244,0,0,2,2,17,2,0,2,0,8,9,1259,0,150,678,244,1259
WHITE4-1 WOODLAND PARK,25,0,12,1,20,0,58,0,0,0,0,8,0,2,34,0,97,70,0,0,1,0,9,0,0,1,0,2,4,394,0,37,220,70,394
WHITE4-2 BONDECROFT,79,0,35,2,28,1,88,1,0,0,1,8,0,2,30,0,228,178,0,0,0,0,15,2,0,2,0,3,3,772,0,114,389,178,772
WHITE5-1 DOYLE CIVIC,79,1,56,2,26,0,126,0,1,0,2,14,0,1,57,0,263,220,0,0,3,0,13,3,0,1,0,4,4,1009,0,136,492,220,1009
WHITE6-1 CENTRAL VIEW,24,0,13,1,12,0,40,0,0,0,2,3,0,0,10,0,80,57,3,0,2,0,8,1,0,0,0,0,4,253,0,37,148,57,253
WHITE6-2 CASSVILLE,73,3,38,1,28,1,118,0,1,0,2,9,1,1,53,0,233,178,0,0,3,0,12,0,0,2,0,2,4,923,0,114,448,178,923
WHITE7-1 NORTHFIELD,93,1,72,3,60,0,201,0,0,0,2,13,0,0,99,1,353,296,1,0,4,0,38,6,0,6,0,12,6,1337,0,166,732,296,1337
WILSONABSENTEE,99,4,41,27,10,7,60,2,1,1,0,13,0,2,44,0,108,397,0,0,4,0,47,3,0,14,0,9,7,661,0,144,275,397,661
WILSONPROVISIONAL,3,0,4,0,3,0,6,0,0,0,0,0,0,0,4,0,6,29,0,0,0,0,6,1,0,1,0,0,0,102,0,7,19,29,102
