precinct,pri_dem_CLINTON,pri_dem_FUENTE,pri_dem_O'MALLEY,pri_dem_SANDERS,pri_rep_BUSH,pri_rep_CARSON,pri_rep_CHRISTIE,pri_rep_CRUZ,pri_rep_FIORINA,pri_rep_GILMORE,pri_rep_HUCKABEE,pri_rep_KASICH,pri_rep_PAUL,pri_rep_RUBIO,pri_rep_SANTORUM,pri_rep_TRUMP,pri_rep_WILLIAMS,gen_con_CASTLE,gen_dem_CLINTON,gen_grn_STEIN,gen_ind_FOX,gen_ind_FUENTE,gen_ind_HOEFLING,gen_ind_KENISTON,gen_ind_KOTLIKOFF,gen_ind_MALDONADO,gen_ind_MATUREN,gen_ind_MCMULLIN,gen_ind_MOOREHEAD,gen_ind_SCHOENKE,gen_ind_SOLTYSIK,gen_lib_JOHNSON,gen_rep_TRUMP,dem_primary_total,rep_primary_total,dem_general_total,rep_general_total
ADAMSCITY OF ADAMS WARD 1-4,130,0,1,123,3,1,0,83,0,0,2,16,2,4,0,140,0,6,329,6,0,1,0,0,0,0,0,4,2,0,0,16,379,254,251,329,379
"ADAMSCITY OF WISCONSIN DELLS WARDS 5,9",1,0,0,5,0,0,0,0,0,0,0,2,0,0,0,4,0,0,7,0,0,0,0,0,0,0,0,0,0,0,0,1,14,6,6,7,14
ADAMSTOWN OF ADAMS WARDS 1-3,79,0,3,81,0,0,0,86,0,0,1,14,2,3,1,164,0,3,207,4,0,0,0,0,0,0,0,3,1,0,0,22,377,163,271,207,377
ADAMSTOWN OF BIG FLATS WARD 1-2,56,0,0,89,0,2,0,66,0,0,2,6,0,3,0,117,0,4,169,4,0,0,0,0,0,0,0,0,0,0,0,10,300,145,196,169,300
ADAMSTOWN OF COLBURN WARD 1,6,0,0,17,0,1,0,13,0,0,1,4,0,0,0,37,0,0,42,2,0,0,0,0,0,0,0,0,0,0,0,1,85,23,56,42,85
ADAMSTOWN OF DELL PRAIRIE WARD 1-3,93,0,0,146,0,2,1,106,0,0,0,31,0,3,0,187,0,3,303,10,0,0,0,0,0,0,0,1,1,0,0,27,478,239,330,303,478
ADAMSTOWN OF EASTON WARDS 1-2,67,0,0,58,0,0,0,71,0,1,0,16,0,0,0,116,0,5,169,1,0,0,0,0,0,0,0,1,0,0,0,6,334,125,204,169,334
ADAMSTOWN OF JACKSON WARD 1-2,93,0,1,88,0,3,1,82,0,0,0,28,1,1,0,130,0,0,224,3,0,0,0,0,0,0,0,3,0,0,0,15,312,182,246,224,312
ADAMSTOWN OF LEOLA WARD 1,6,0,0,13,0,0,0,37,0,0,0,2,1,2,0,39,0,0,18,0,0,0,0,0,0,0,0,0,1,0,0,2,117,19,81,18,117
ADAMSTOWN OF LINCOLN WARD 1,25,0,0,24,0,0,0,33,0,0,0,7,0,1,1,40,0,1,77,1,0,1,0,0,0,0,0,0,1,0,0,2,98,49,82,77,98
ADAMSTOWN OF MONROE WARD 1,46,0,0,31,0,1,0,25,0,0,0,11,0,0,0,59,0,0,102,0,0,0,0,0,0,0,0,2,0,0,0,4,129,77,96,102,129
ADAMSTOWN OF NEW CHESTER WARD 1-3,55,0,0,55,1,2,0,44,0,0,0,9,0,1,0,109,0,1,138,0,0,0,0,0,0,0,0,0,0,0,0,14,247,110,166,138,247
ADAMSTOWN OF NEW HAVEN WARD 1,48,0,0,62,0,1,0,38,0,0,2,26,0,1,0,58,0,3,145,4,0,0,0,0,0,0,0,0,0,0,0,9,177,110,126,145,177
ADAMSTOWN OF PRESTON WARD 1-2,99,0,2,115,0,1,0,79,0,1,0,25,2,2,0,166,0,3,270,10,0,1,0,0,0,0,0,1,0,0,0,9,397,216,276,270,397
ADAMSTOWN OF QUINCY WARD 1-3,97,0,0,95,0,1,0,57,1,0,0,17,0,2,0,143,0,3,272,6,0,0,0,0,0,0,0,0,1,0,0,12,358,192,221,272,358
ADAMSTOWN OF RICHFIELD WARD 1,15,0,0,11,0,0,0,8,0,0,0,2,0,0,0,23,0,0,27,0,0,1,0,0,0,0,0,0,0,0,0,2,56,26,33,27,56
ADAMSTOWN OF ROME WARD 1-5,285,0,0,248,0,5,1,330,2,0,2,107,0,1,0,386,0,8,719,13,0,0,0,0,0,0,0,0,0,0,0,33,1174,533,834,719,1174
ADAMSTOWN OF SPRINGVILLE WARD 1-2,72,0,2,98,2,0,0,83,0,0,0,33,1,3,1,155,0,1,223,8,0,0,0,0,0,0,0,0,2,0,0,1,418,172,278,223,418
ADAMSTOWN OF STRONGS PRAIRIE WARDS 1-3,68,0,0,102,0,0,0,93,0,0,0,11,1,2,0,138,0,2,212,6,0,0,0,0,0,0,0,0,0,0,0,11,378,170,245,212,378
ADAMSVILLAGE OF FRIENDSHIP WARD 1,34,0,1,54,0,1,0,26,0,0,0,7,0,1,0,68,0,1,117,2,0,0,0,0,0,0,0,0,0,0,0,10,155,89,103,117,155
ASHLANDCITY OF ASHLAND WARD 1,82,0,1,89,2,3,0,64,0,0,0,42,0,4,0,101,0,1,213,5,0,0,0,0,0,0,0,0,0,0,0,12,238,172,216,213,238
ASHLANDCITY OF ASHLAND WARD 10,61,0,0,89,0,1,0,24,0,0,0,14,0,2,0,59,0,0,190,7,0,0,0,0,0,0,0,0,0,0,0,7,136,150,100,190,136
ASHLANDCITY OF ASHLAND WARD 11,76,0,0,116,0,1,1,28,0,0,0,12,0,2,0,58,0,0,200,10,0,0,0,0,0,0,0,0,1,0,0,11,151,192,102,200,151
ASHLANDCITY OF ASHLAND WARD 2,49,0,1,75,0,1,0,18,0,0,0,4,1,1,0,31,0,0,158,2,0,0,0,0,0,0,0,0,3,0,0,11,91,125,56,158,91
ASHLANDCITY OF ASHLAND WARD 3,63,0,0,87,0,2,0,28,0,0,0,20,0,1,0,28,0,0,201,3,0,0,0,0,0,0,0,0,0,0,0,7,107,150,79,201,107
ASHLANDCITY OF ASHLAND WARD 4,80,0,0,112,1,0,0,56,0,0,0,30,0,1,0,60,0,1,258,5,0,0,0,0,0,0,0,0,0,0,0,17,164,192,148,258,164
ASHLANDCITY OF ASHLAND WARD 5,80,0,0,145,0,0,0,31,0,1,1,13,0,0,0,44,0,2,271,3,0,0,0,0,0,0,0,0,0,0,0,10,100,225,90,271,100
ASHLANDCITY OF ASHLAND WARD 6,55,0,0,117,1,0,0,15,0,1,0,9,0,1,0,23,0,0,193,10,0,1,0,0,0,0,0,0,1,0,0,5,93,172,50,193,93
ASHLANDCITY OF ASHLAND WARD 7,27,0,1,263,0,3,0,27,0,1,1,13,0,3,0,45,0,0,303,32,0,0,0,0,0,0,0,0,1,0,0,14,116,291,93,303,116
ASHLANDCITY OF ASHLAND WARD 8,51,0,2,109,0,2,0,30,0,0,0,7,1,3,0,44,0,1,184,7,0,4,0,0,0,0,0,0,0,0,0,15,106,162,87,184,106
ASHLANDCITY OF ASHLAND WARD 9,49,0,1,106,0,1,0,20,0,0,0,14,1,0,0,25,0,3,175,11,0,0,0,0,0,0,0,0,1,0,0,6,88,156,61,175,88
ASHLANDCITY OF MELLEN WARD 1,39,0,1,56,0,0,0,20,0,0,0,7,0,0,0,49,0,0,139,1,0,0,0,0,0,0,0,0,0,0,0,4,152,96,76,139,152
ASHLANDTOWN OF AGENDA WARD 1,24,0,0,27,0,0,0,32,0,0,0,8,0,1,0,73,0,1,68,0,0,0,0,0,0,0,0,0,0,0,0,6,151,51,114,68,151
ASHLANDTOWN OF ASHLAND WARD 1,47,0,0,65,1,1,0,19,0,0,0,6,0,0,0,63,0,1,145,7,0,0,0,0,0,0,0,0,1,0,0,8,147,112,90,145,147
ASHLANDTOWN OF CHIPPEWA WARD 1,25,0,0,31,0,0,0,28,0,0,0,10,0,1,0,48,0,1,75,1,0,1,0,0,0,0,0,0,0,0,0,4,126,56,87,75,126
ASHLANDTOWN OF GINGLES WARD 1,76,0,1,92,0,2,0,43,0,0,0,14,1,0,0,83,0,3,211,9,0,0,0,0,0,0,0,0,0,0,0,5,198,169,143,211,198
ASHLANDTOWN OF GORDON WARDS 1-2,19,0,0,15,0,0,0,23,0,0,0,10,0,0,0,43,0,0,49,0,0,0,2,0,0,0,0,0,0,0,0,4,94,34,76,49,94
ASHLANDTOWN OF JACOBS WARD 1,46,0,0,53,0,1,0,29,0,0,0,7,0,0,0,96,0,0,120,1,0,0,0,0,0,0,0,2,0,0,0,6,204,99,133,120,204
ASHLANDTOWN OF LA POINTE WARD 1,41,0,0,136,0,2,0,14,0,0,0,15,0,0,0,14,0,0,159,17,0,1,0,0,0,0,0,3,0,0,0,8,52,177,45,159,52
ASHLANDTOWN OF MARENGO WARDS 1-2,28,0,0,71,1,3,0,27,0,0,0,11,0,1,0,34,0,0,92,5,0,1,0,0,0,0,0,3,0,0,0,8,101,99,77,92,101
ASHLANDTOWN OF MORSE WARDS 1-3,39,0,0,64,0,1,0,30,0,0,0,10,0,0,0,58,0,0,150,1,0,0,0,0,0,0,0,2,1,0,0,2,139,103,99,150,139
ASHLANDTOWN OF PEEKSVILLE WARDS 1-2,10,0,0,22,0,0,0,16,0,0,2,7,0,0,0,26,0,1,33,3,0,0,0,0,0,0,0,1,0,0,0,4,52,32,51,33,52
ASHLANDTOWN OF SANBORN WARDS 1-2,94,0,2,137,0,1,0,14,1,0,0,5,0,0,0,26,0,2,399,11,0,0,0,0,0,0,0,0,1,0,0,6,72,233,47,399,72
ASHLANDTOWN OF SHANAGOLDEN WARD 1,9,0,0,13,0,0,0,11,0,0,0,2,0,0,0,18,0,0,28,1,0,0,0,0,0,0,0,0,0,0,0,2,32,22,31,28,32
ASHLANDTOWN OF WHITE RIVER WARDS 1-2,42,0,0,85,4,3,1,131,0,0,1,19,0,3,0,86,0,4,128,14,0,0,0,0,0,0,0,1,0,0,0,6,308,127,248,128,308
ASHLANDVILLAGE OF BUTTERNUT WARDS 1-2,36,0,0,29,0,0,0,17,0,0,0,3,0,0,0,34,0,0,86,1,0,0,0,0,0,0,0,1,0,0,0,4,84,65,54,86,84
BARRONCITY OF BARRON WARD 1-7,184,0,1,190,2,7,2,225,0,0,0,52,1,8,0,197,0,10,506,15,0,2,0,0,0,0,0,0,2,0,0,46,757,375,494,506,757
BARRONCITY OF CHETEK WARDS 1-4,109,0,1,140,1,4,2,186,0,0,1,34,0,5,0,175,0,6,379,6,0,0,0,2,0,0,0,4,1,0,0,36,582,250,408,379,582
BARRONCITY OF CUMBERLAND WARD 1-4,194,0,2,164,3,6,1,164,0,0,1,63,2,10,0,237,0,3,458,8,0,1,0,0,0,0,0,0,1,0,0,39,597,360,487,458,597
BARRONCITY OF RICE LAKE WARDS 1-13,461,0,5,596,4,15,2,534,1,0,1,139,4,24,5,630,0,20,1551,43,0,1,0,0,0,0,0,5,3,0,0,148,2114,1062,1359,1551,2114
BARRONTOWN OF ALMENA WARD 1-2,49,0,0,49,0,0,0,76,0,0,1,21,0,5,1,91,0,4,148,1,0,0,0,0,0,0,0,3,0,0,0,21,306,98,195,148,306
BARRONTOWN OF ARLAND WARD 1,35,0,0,45,0,0,0,52,0,0,0,8,2,0,0,56,0,4,107,7,0,0,0,0,0,0,0,0,0,0,0,19,180,80,118,107,180
BARRONTOWN OF BARRON WARD 1-2,37,0,0,37,1,1,0,75,1,0,0,40,0,2,0,75,0,2,97,1,0,0,0,0,0,0,0,4,0,0,0,16,255,74,195,97,255
BARRONTOWN OF BEAR LAKE WARD 1,38,0,1,50,1,2,0,58,0,0,0,17,0,1,0,82,0,1,133,5,0,0,0,0,0,0,0,0,2,0,0,10,225,89,161,133,225
BARRONTOWN OF CEDAR LAKE WARD 1,94,0,0,94,2,2,0,116,1,0,0,51,1,4,0,200,0,1,210,4,0,0,0,0,0,0,0,0,0,0,0,11,470,188,377,210,470
BARRONTOWN OF CHETEK WARDS 1-2,114,0,0,122,1,0,1,160,0,0,1,41,1,3,1,213,0,0,375,6,0,1,0,0,0,0,0,0,0,0,0,22,650,236,422,375,650
BARRONTOWN OF CLINTON WARD 1,40,0,1,30,0,0,2,63,0,0,0,11,0,0,0,69,0,3,112,0,0,1,0,0,0,0,0,0,0,0,0,19,220,71,145,112,220
BARRONTOWN OF CRYSTAL LAKE WARD 1,53,0,1,43,0,2,1,65,0,0,1,19,0,0,0,80,0,2,137,0,0,0,0,0,0,0,0,3,1,0,0,2,266,97,168,137,266
BARRONTOWN OF CUMBERLAND WARD 1,58,0,0,64,0,3,0,84,0,0,0,31,1,0,0,73,0,2,166,0,0,0,0,0,0,0,0,0,0,0,0,22,269,122,192,166,269
BARRONTOWN OF DALLAS WARD 1,29,0,0,37,1,2,0,70,0,0,0,12,1,2,0,55,0,3,78,0,0,0,0,0,0,0,0,1,0,0,0,15,191,66,143,78,191
BARRONTOWN OF DOVRE WARD 1,53,0,0,54,2,0,1,56,0,0,0,9,0,0,0,73,0,2,138,2,0,0,0,0,0,0,0,0,0,0,0,11,231,107,141,138,231
BARRONTOWN OF DOYLE WARD 1-2,19,0,0,36,1,1,0,39,0,0,1,11,0,1,0,68,0,2,67,1,0,0,0,0,0,0,0,0,0,0,0,8,210,55,122,67,210
BARRONTOWN OF LAKELAND WARD 1-2,62,0,1,72,1,3,2,87,0,0,0,32,1,1,0,105,0,1,201,3,0,1,0,0,0,0,0,1,0,0,0,15,341,135,232,201,341
BARRONTOWN OF MAPLE GROVE WARD 1-2,42,0,0,56,0,2,0,112,0,0,1,16,1,2,0,108,0,4,110,2,0,0,0,0,0,0,0,0,1,0,0,23,342,98,242,110,342
BARRONTOWN OF MAPLE PLAIN WARD 1,76,0,1,65,1,0,0,70,0,0,0,27,0,6,0,83,0,1,207,4,0,0,0,0,0,0,0,1,0,0,0,9,257,142,187,207,257
BARRONTOWN OF OAK GROVE WARD 1-2,57,0,0,58,1,1,0,71,0,0,0,19,0,2,0,101,0,1,177,1,0,0,0,0,0,0,0,1,0,0,0,11,298,115,195,177,298
BARRONTOWN OF PRAIRIE FARM WARDS 1-2,39,0,1,45,0,2,0,46,0,0,0,10,1,0,0,36,0,3,92,4,0,0,0,0,0,0,0,0,0,0,0,9,169,85,95,92,169
BARRONTOWN OF PRAIRIE LAKE WARD 1-2,94,0,1,96,1,6,0,155,0,0,0,29,0,2,0,166,0,5,261,5,0,0,0,0,0,0,0,0,0,0,0,25,555,191,359,261,555
BARRONTOWN OF RICE LAKE WARDS 1-4,169,0,3,188,3,4,1,219,2,0,1,90,1,5,0,283,0,3,580,12,0,1,0,0,1,0,0,7,0,0,0,32,946,360,609,580,946
BARRONTOWN OF SIOUX CREEK WARD 1,28,0,1,37,0,2,0,58,0,0,1,16,0,2,0,61,0,3,94,0,0,0,0,0,0,0,0,2,0,0,0,11,184,66,140,94,184
BARRONTOWN OF STANFOLD WARD 1,36,0,0,39,0,2,0,61,0,0,0,6,0,3,0,71,0,7,122,1,0,0,0,0,0,0,0,0,0,0,0,7,243,75,143,122,243
BARRONTOWN OF STANLEY WARD 1-4,121,0,0,150,1,3,1,226,1,0,0,45,1,3,0,265,0,7,407,13,0,1,0,1,0,0,0,5,0,0,0,40,834,271,546,407,834
BARRONTOWN OF SUMNER WARD 1,34,0,1,50,0,1,1,50,0,0,1,14,0,0,0,100,0,0,128,1,0,0,0,0,0,0,0,2,0,0,0,10,249,85,167,128,249
BARRONTOWN OF TURTLE LAKE WARD 1,23,0,0,43,0,2,0,28,0,0,0,8,1,3,0,59,0,2,89,1,0,0,0,0,0,0,0,0,1,0,0,8,195,66,101,89,195
BARRONTOWN OF VANCE CREEK WARD 1,35,0,1,53,1,3,1,54,0,0,0,12,0,1,0,52,0,4,113,2,0,0,0,0,0,0,0,0,2,0,0,12,210,89,124,113,210
BARRONVILLAGE OF ALMENA WARD 1,26,0,0,33,0,4,0,56,0,0,0,2,0,1,0,54,0,1,74,6,0,1,0,0,0,0,0,0,1,0,0,11,209,59,117,74,209
BARRONVILLAGE OF CAMERON WARDS 1-3,63,0,0,108,0,3,2,124,0,0,1,12,1,3,1,149,0,3,246,6,0,0,0,0,0,0,0,1,0,0,0,25,504,171,296,246,504
BARRONVILLAGE OF DALLAS WARD 1,16,0,2,18,0,1,0,35,0,0,0,5,0,5,0,23,0,1,60,0,0,1,0,0,0,0,0,0,0,0,0,5,113,36,69,60,113
BARRONVILLAGE OF HAUGEN WARD 1,24,0,0,32,0,1,0,18,0,1,0,2,0,0,0,27,0,3,65,1,0,0,0,0,0,0,0,2,0,0,0,2,85,56,49,65,85
BARRONVILLAGE OF NEW AUBURN WARDS 2-3,1,0,0,3,0,0,0,2,0,0,0,0,0,0,0,3,0,0,2,0,0,0,0,0,0,0,0,0,0,0,0,3,7,4,5,2,7
BARRONVILLAGE OF PRAIRIE FARM WARD 1,20,0,0,26,0,0,0,22,0,0,0,7,0,0,0,33,0,1,60,2,0,0,0,0,0,0,0,0,0,0,0,7,122,46,62,60,122
BARRONVILLAGE OF TURTLE LAKE WARD 1,39,0,0,42,0,1,0,42,0,0,0,11,0,1,0,63,0,1,129,6,1,0,0,0,0,0,0,0,1,0,0,17,220,81,118,129,220
BAYFIELDCITY OF ASHLAND WARD 12,0,0,0,0,0,0,0,0,0,0,0,0,0,0,0,0,0,0,0,0,0,0,0,0,0,0,0,0,0,0,0,0,0,0,0,0,0
BAYFIELDCITY OF BAYFIELD WARD 1-4,92,0,0,145,1,0,0,13,1,0,1,17,0,3,0,27,0,0,253,12,0,0,0,0,0,0,0,0,0,0,0,8,73,237,63,253,73
BAYFIELDCITY OF WASHBURN WARD 1-4,202,0,1,464,0,2,4,86,0,0,1,58,0,5,0,102,0,3,792,39,0,1,0,0,0,0,0,7,2,0,0,31,327,667,258,792,327
BAYFIELDTOWN OF BARKSDALE WARD 1,53,0,1,131,0,1,0,49,0,0,1,19,0,3,0,98,0,4,233,7,0,0,0,0,0,0,0,2,0,0,0,8,220,185,171,233,220
BAYFIELDTOWN OF BARNES WARD 1,106,0,0,81,0,0,0,58,0,0,2,34,0,7,0,134,0,1,254,5,0,1,0,0,0,0,0,3,0,0,0,11,293,187,235,254,293
BAYFIELDTOWN OF BAYFIELD WARD 1,101,0,1,167,1,1,2,41,1,0,0,38,3,0,0,55,0,0,326,15,0,0,0,0,0,0,0,2,0,0,0,6,146,269,142,326,146
BAYFIELDTOWN OF BAYVIEW WARD 1,51,0,0,103,1,1,0,39,0,0,0,25,0,2,0,51,0,0,183,1,0,0,0,0,0,0,0,3,0,0,0,7,141,154,119,183,141
BAYFIELDTOWN OF BELL WARD 1,37,0,0,61,0,0,0,17,0,0,0,16,0,1,0,24,0,0,136,6,0,0,0,0,0,0,0,0,0,0,0,7,83,98,58,136,83
BAYFIELDTOWN OF CABLE WARD 1,47,0,1,117,1,3,0,59,0,0,0,32,1,0,0,121,0,2,193,2,0,0,0,0,0,0,0,0,0,0,0,16,299,165,217,193,299
BAYFIELDTOWN OF CLOVER WARD 1,20,0,1,61,0,1,0,17,0,0,0,15,0,0,0,36,0,0,86,5,0,0,0,0,0,0,0,1,0,0,0,6,76,82,69,86,76
BAYFIELDTOWN OF DELTA WARD 1,25,0,0,45,0,0,0,36,0,0,0,15,1,0,0,36,0,0,84,2,0,0,0,0,0,0,0,0,0,0,0,6,113,70,88,84,113
BAYFIELDTOWN OF DRUMMOND WARD 1,58,0,0,71,0,0,0,24,0,0,0,22,0,2,1,63,0,0,153,4,0,0,0,0,0,0,0,2,1,0,0,4,169,129,112,153,169
BAYFIELDTOWN OF EILEEN WARD 1-2,67,0,0,77,0,4,0,86,0,0,0,14,0,6,0,75,0,0,178,5,0,0,0,0,0,0,0,0,0,0,0,11,220,144,185,178,220
BAYFIELDTOWN OF GRAND VIEW WARD 1,44,0,0,68,0,0,0,25,0,0,0,10,0,2,0,64,0,0,131,6,0,1,0,0,0,0,0,1,0,0,0,6,147,112,101,131,147
BAYFIELDTOWN OF HUGHES WARD 1,30,0,1,51,0,0,0,45,0,0,0,21,0,0,0,54,0,0,130,2,0,0,0,0,0,0,0,0,1,0,0,3,163,82,120,130,163
BAYFIELDTOWN OF IRON RIVER WARD 1-2,110,0,0,130,0,1,0,54,0,0,0,30,0,2,1,145,0,2,322,8,0,0,0,0,0,0,0,0,0,0,0,15,384,240,233,322,384
BAYFIELDTOWN OF KELLY WARD 1,18,0,0,49,0,0,0,38,0,0,1,7,0,0,0,48,0,1,97,4,0,0,0,1,0,0,4,1,0,0,0,4,147,67,94,97,147
BAYFIELDTOWN OF KEYSTONE WARD 1,34,0,1,41,1,0,1,22,0,0,0,5,0,1,0,60,0,2,83,1,0,1,0,0,0,0,0,0,0,0,0,5,104,76,90,83,104
BAYFIELDTOWN OF LINCOLN WARD 1,22,0,0,57,0,2,1,17,0,0,0,10,0,4,0,45,0,2,65,6,0,1,0,0,0,0,0,1,0,0,0,3,103,79,79,65,103
BAYFIELDTOWN OF MASON WARD 1,19,0,0,41,0,3,0,27,0,0,0,1,0,0,0,30,0,0,74,1,0,0,0,0,0,0,0,0,0,0,0,1,89,60,61,74,89
BAYFIELDTOWN OF NAMAKAGON WARD 1,28,0,0,43,1,0,0,19,0,0,0,9,0,0,0,44,0,0,100,1,0,0,0,0,0,0,0,0,0,0,0,2,133,71,73,100,133
BAYFIELDTOWN OF ORIENTA WARD 1,13,0,0,23,0,0,0,6,0,0,0,2,0,0,0,28,0,0,39,4,0,0,0,0,0,0,0,0,0,0,0,1,46,36,36,39,46
BAYFIELDTOWN OF OULU WARD 1,49,0,0,81,0,0,0,47,0,0,0,7,2,0,1,44,0,3,148,9,0,0,0,0,0,0,0,0,0,0,0,10,166,130,101,148,166
BAYFIELDTOWN OF PILSEN WARD 1,31,0,0,33,0,1,0,12,0,0,0,4,0,1,0,31,0,1,74,0,0,0,0,0,0,0,0,0,0,0,0,5,59,64,49,74,59
BAYFIELDTOWN OF PORT WING WARD 1,47,0,0,72,1,0,0,28,0,0,0,14,0,1,0,52,0,0,146,1,0,0,0,0,0,0,0,0,0,0,0,4,109,119,96,146,109
BAYFIELDTOWN OF RUSSELL WARD 1-2,98,0,1,248,1,1,0,15,0,0,0,7,0,0,0,37,0,1,404,28,0,1,0,0,0,0,0,2,0,0,0,4,89,347,61,404,89
BAYFIELDTOWN OF TRIPP WARD 1,20,0,0,25,0,1,0,14,0,0,0,2,0,0,0,33,0,2,54,0,0,0,0,0,0,0,0,0,0,0,0,6,78,45,50,54,78
BAYFIELDTOWN OF WASHBURN WARD 1,53,0,0,129,0,0,0,31,0,0,0,13,0,0,0,55,0,0,196,8,0,0,0,0,0,0,0,0,0,0,0,7,130,182,99,196,130
BAYFIELDVILLAGE OF MASON WARD 1,13,0,0,5,0,0,0,1,0,0,0,1,0,0,0,8,0,0,20,3,0,0,0,0,0,0,0,0,0,0,0,0,18,18,10,20,18
BROWNCITY OF DE PERE WARD 5,95,0,2,104,1,1,0,138,0,0,1,19,0,3,0,86,0,1,131,3,0,0,0,0,0,0,0,0,0,0,0,6,88,201,249,131,88
BROWNCITY OF DE PERE WARDS 10-12,357,0,0,661,4,9,3,541,1,1,1,125,2,15,2,335,0,12,1348,37,0,1,0,0,0,0,0,0,2,0,0,143,1485,1018,1039,1348,1485
BROWNCITY OF DE PERE WARDS 13-15,174,0,0,184,0,0,0,171,1,0,2,75,3,3,0,91,0,12,1292,22,0,8,0,0,0,0,0,11,0,0,0,136,1712,358,346,1292,1712
BROWNCITY OF DE PERE WARDS 6-8,348,0,0,517,1,5,1,509,0,1,3,124,1,7,0,274,0,13,1113,36,0,2,0,0,0,0,0,8,1,0,0,120,1189,865,926,1113,1189
BROWNCITY OF GREEN BAY WARD 1,2,0,0,2,0,0,0,5,0,0,0,0,0,0,0,3,0,0,5,1,0,0,0,0,0,0,0,0,0,0,0,0,8,4,8,5,8
BROWNCITY OF GREEN BAY WARD 10,97,0,1,137,1,0,0,114,1,0,1,11,0,4,0,101,0,3,353,6,0,2,0,0,0,0,0,3,0,0,0,23,297,235,233,353,297
BROWNCITY OF GREEN BAY WARD 11,97,0,0,114,0,0,0,157,0,0,0,20,2,4,0,107,0,3,295,7,0,1,0,0,0,0,0,3,0,0,0,40,359,211,290,295,359
BROWNCITY OF GREEN BAY WARD 12,92,0,1,137,1,0,0,121,0,0,0,8,1,3,0,68,0,3,308,8,0,0,0,0,0,0,0,1,0,0,0,22,269,230,202,308,269
BROWNCITY OF GREEN BAY WARD 13,84,0,1,208,1,0,0,68,0,0,0,7,3,0,0,68,0,1,427,28,0,1,0,0,0,0,0,0,2,0,0,38,218,293,147,427,218
BROWNCITY OF GREEN BAY WARD 14,99,0,0,156,0,3,0,119,0,0,0,13,1,4,0,98,0,3,372,7,0,0,0,0,0,0,0,0,0,0,0,37,303,255,238,372,303
BROWNCITY OF GREEN BAY WARD 15,154,0,0,364,0,2,1,190,0,0,0,27,1,2,0,120,0,7,621,24,0,0,0,0,0,0,0,1,1,0,0,70,432,518,343,621,432
BROWNCITY OF GREEN BAY WARD 16,150,0,0,343,1,3,0,119,0,0,0,53,4,1,0,90,0,7,606,31,0,1,0,0,0,0,0,3,0,0,0,39,304,493,271,606,304
BROWNCITY OF GREEN BAY WARD 17,158,0,1,197,1,1,0,119,0,0,0,21,0,5,0,87,0,5,536,11,0,0,0,0,0,0,1,0,0,0,0,22,301,356,234,536,301
BROWNCITY OF GREEN BAY WARD 18,152,0,0,207,1,0,0,143,0,0,0,43,0,2,2,123,0,3,446,7,0,1,0,0,0,0,0,3,0,0,0,32,361,359,314,446,361
BROWNCITY OF GREEN BAY WARD 19,53,0,0,185,0,0,0,63,0,0,0,16,0,1,0,98,0,2,356,10,0,0,0,0,0,0,0,0,0,0,0,37,269,238,178,356,269
BROWNCITY OF GREEN BAY WARD 2,188,0,0,203,0,1,0,202,0,0,0,62,0,2,0,192,0,3,511,8,0,0,0,0,0,0,0,4,0,0,0,45,641,391,459,511,641
BROWNCITY OF GREEN BAY WARD 20,107,0,0,202,0,3,0,77,0,0,0,16,2,1,0,87,0,2,416,8,0,0,0,0,0,0,0,2,1,0,0,33,281,309,186,416,281
BROWNCITY OF GREEN BAY WARD 21,93,0,1,151,0,2,0,59,0,0,0,8,0,5,1,55,0,2,401,9,0,1,0,0,0,0,0,0,0,0,0,26,207,245,130,401,207
BROWNCITY OF GREEN BAY WARD 22,69,0,0,83,1,0,0,48,0,0,0,5,0,0,0,28,0,0,192,6,0,0,0,0,0,0,0,1,1,0,0,20,134,152,82,192,134
BROWNCITY OF GREEN BAY WARD 23,88,0,0,188,1,0,0,100,0,0,0,16,2,2,0,61,0,3,360,13,0,2,0,0,0,0,0,0,0,0,0,35,269,276,182,360,269
BROWNCITY OF GREEN BAY WARD 24,145,0,1,182,0,2,0,114,0,0,0,12,0,2,0,104,0,5,485,8,0,0,0,0,0,0,0,0,2,0,0,34,328,328,234,485,328
BROWNCITY OF GREEN BAY WARD 25,117,0,1,194,1,0,0,103,0,0,1,15,0,4,0,97,0,8,370,13,0,0,0,0,0,0,0,1,1,0,0,46,347,312,221,370,347
BROWNCITY OF GREEN BAY WARD 26,122,0,1,222,0,0,0,64,0,0,1,15,1,4,0,58,0,4,453,23,0,0,0,0,0,0,0,1,0,0,0,42,222,345,143,453,222
BROWNCITY OF GREEN BAY WARD 27,58,0,0,92,1,0,0,35,0,0,0,1,0,0,0,22,0,0,200,10,0,0,0,0,0,0,1,0,0,0,0,4,77,150,59,200,77
BROWNCITY OF GREEN BAY WARD 28,103,0,0,240,2,0,0,83,1,0,0,18,2,2,0,92,0,5,478,25,0,1,0,0,0,0,0,0,1,0,0,32,283,343,200,478,283
BROWNCITY OF GREEN BAY WARD 29,171,0,0,274,0,1,0,141,0,0,2,20,0,2,0,165,0,6,515,22,0,2,0,0,0,0,0,2,1,0,0,59,508,445,331,515,508
BROWNCITY OF GREEN BAY WARD 3,138,0,0,543,0,2,0,222,0,0,0,48,1,6,0,149,0,8,900,49,0,3,0,0,0,0,0,4,1,0,0,106,675,681,428,900,675
BROWNCITY OF GREEN BAY WARD 30,172,0,1,275,2,4,0,88,0,1,1,16,0,2,0,110,0,5,590,18,0,0,0,0,0,0,0,0,4,0,0,40,311,448,224,590,311
BROWNCITY OF GREEN BAY WARD 31,152,0,0,268,1,2,0,162,0,0,0,14,2,4,0,155,0,4,497,15,0,2,0,0,0,0,0,4,0,0,0,51,465,420,340,497,465
BROWNCITY OF GREEN BAY WARD 32,156,0,0,211,0,2,1,152,1,0,1,19,3,5,0,120,0,3,469,14,0,0,0,0,0,0,0,1,0,0,0,43,400,367,304,469,400
BROWNCITY OF GREEN BAY WARD 33,102,0,1,158,0,4,0,98,0,0,0,14,1,0,0,72,0,4,302,6,0,1,0,0,0,0,0,1,1,0,0,31,275,261,189,302,275
BROWNCITY OF GREEN BAY WARD 34,175,0,0,257,1,1,0,232,2,0,0,46,2,3,0,182,0,2,552,13,0,0,0,0,0,0,0,1,0,0,0,58,598,432,469,552,598
BROWNCITY OF GREEN BAY WARD 35,131,0,2,172,0,1,0,174,0,0,0,26,1,2,0,130,0,2,359,10,0,1,0,0,0,0,0,1,0,0,0,28,421,305,334,359,421
BROWNCITY OF GREEN BAY WARD 36,86,0,0,104,0,1,0,88,0,0,1,4,0,0,0,51,0,2,257,13,0,0,0,0,0,0,0,1,1,0,0,15,208,190,145,257,208
BROWNCITY OF GREEN BAY WARD 37,137,0,0,140,2,0,0,156,0,0,0,28,2,3,0,114,0,4,394,4,0,0,0,0,0,0,0,0,0,0,0,38,418,277,305,394,418
BROWNCITY OF GREEN BAY WARD 38,154,0,1,270,2,4,1,176,0,0,0,26,0,2,0,155,0,5,526,25,0,0,0,0,0,0,0,0,1,0,0,35,486,425,366,526,486
BROWNCITY OF GREEN BAY WARD 39,198,0,0,276,0,2,0,237,0,0,1,19,1,5,0,155,0,7,587,27,0,0,0,0,0,0,0,3,0,0,0,51,591,474,420,587,591
BROWNCITY OF GREEN BAY WARD 4,235,0,1,318,1,3,0,389,0,0,2,82,1,9,0,239,0,8,760,18,0,2,0,0,0,0,0,1,0,0,0,77,963,554,726,760,963
BROWNCITY OF GREEN BAY WARD 40,148,0,0,187,2,1,0,127,1,0,1,33,0,4,0,125,0,3,407,8,0,0,0,0,0,0,0,0,0,0,0,34,374,335,294,407,374
BROWNCITY OF GREEN BAY WARD 41,82,0,0,77,0,2,0,87,0,0,0,17,0,1,0,88,0,3,185,4,0,0,0,0,0,0,0,5,0,0,0,16,231,159,195,185,231
BROWNCITY OF GREEN BAY WARD 42,102,0,0,127,1,1,0,111,0,0,2,17,0,1,0,90,0,5,349,7,0,0,0,0,0,0,0,0,1,0,0,23,307,229,223,349,307
BROWNCITY OF GREEN BAY WARD 43,213,0,0,225,3,2,1,238,0,0,0,32,1,7,1,194,0,5,526,16,0,0,0,0,0,0,0,1,0,0,0,31,608,438,479,526,608
BROWNCITY OF GREEN BAY WARD 44,237,0,1,299,2,4,0,334,1,0,0,53,3,6,1,257,0,5,682,21,0,1,0,0,0,0,0,0,1,0,0,51,781,537,661,682,781
BROWNCITY OF GREEN BAY WARD 45,226,0,1,251,1,4,0,451,0,0,0,103,1,11,1,325,0,2,675,11,0,0,0,0,0,0,0,7,0,0,0,48,1005,478,897,675,1005
BROWNCITY OF GREEN BAY WARD 46,196,0,1,272,0,1,0,210,0,0,0,41,2,5,0,175,0,6,627,18,0,1,0,0,0,0,0,2,0,0,0,50,576,469,434,627,576
BROWNCITY OF GREEN BAY WARD 47,184,0,0,269,1,2,1,338,0,0,3,79,0,4,1,211,0,3,565,20,0,0,0,0,0,0,2,6,0,0,0,58,820,453,640,565,820
BROWNCITY OF GREEN BAY WARD 5,102,0,1,101,0,2,0,166,0,0,0,32,0,2,0,99,0,4,311,2,0,0,0,0,0,0,0,2,0,0,0,28,389,204,301,311,389
BROWNCITY OF GREEN BAY WARD 6,207,0,2,309,3,2,2,359,0,0,1,81,0,9,0,239,0,9,648,11,0,1,0,0,0,0,0,2,0,0,0,60,907,518,696,648,907
BROWNCITY OF GREEN BAY WARD 7,133,0,0,153,1,3,0,186,0,0,0,36,0,4,0,135,0,0,389,11,0,1,0,0,0,0,0,2,1,0,0,31,526,286,365,389,526
BROWNCITY OF GREEN BAY WARD 8,228,0,0,264,1,1,0,330,1,0,1,74,0,8,1,243,0,2,710,12,0,0,0,0,0,0,0,5,0,0,0,42,810,492,660,710,810
BROWNCITY OF GREEN BAY WARD 9,76,0,0,150,2,2,0,85,0,0,0,17,1,1,0,68,0,3,318,11,0,0,0,0,0,0,0,3,1,0,0,35,258,226,176,318,258
BROWNTOWN OF EATON WARDS 1-2,108,0,1,134,1,1,0,217,0,0,1,25,0,6,0,199,0,5,291,9,0,0,0,0,0,0,0,1,0,0,0,24,591,243,450,291,591
BROWNTOWN OF GLENMORE WARDS 1-2,59,0,2,75,1,3,0,169,1,0,0,10,0,2,0,117,0,4,167,3,0,1,0,0,0,0,0,1,0,0,0,22,391,136,303,167,391
BROWNTOWN OF GREEN BAY WARDS 1-3,119,0,0,143,0,2,0,283,0,0,0,38,1,3,1,256,0,8,363,10,0,0,0,0,0,0,0,4,1,0,0,26,800,262,584,363,800
BROWNTOWN OF HOLLAND WARDS 1-2,108,0,1,104,2,3,0,235,0,0,0,33,2,7,0,122,0,1,272,4,0,2,0,0,0,0,0,4,0,0,0,37,570,213,404,272,570
BROWNTOWN OF HUMBOLDT WARDS 1-2,75,0,2,109,0,1,0,182,0,0,0,11,0,2,0,153,0,2,222,5,0,2,0,0,0,0,0,3,0,0,0,22,488,186,349,222,488
BROWNTOWN OF LAWRENCE WARDS 1-3,170,0,2,189,2,2,1,315,1,0,2,70,1,3,0,222,0,6,483,10,0,0,0,0,0,0,0,8,0,0,0,44,842,361,619,483,842
BROWNTOWN OF LAWRENCE WARDS 4-6,144,0,1,159,1,5,1,430,0,0,1,73,1,6,0,261,0,4,507,11,0,0,0,0,0,0,0,4,0,0,0,63,1065,304,779,507,1065
BROWNTOWN OF LEDGEVIEW WARDS 4-7,475,0,1,516,1,4,1,973,1,0,0,288,4,7,0,586,0,4,729,19,0,1,0,0,0,0,0,3,0,0,0,87,1154,992,1865,729,1154
BROWNTOWN OF MORRISON WARDS 1-2,46,0,1,100,2,1,0,306,0,0,1,25,0,5,1,149,0,4,173,6,0,0,0,0,0,0,0,0,2,0,0,39,653,147,490,173,653
BROWNTOWN OF NEW DENMARK WARDS 1-3,86,0,0,117,0,0,1,152,0,0,0,19,1,1,1,139,0,4,294,9,0,0,0,0,0,0,0,3,0,0,0,30,598,203,314,294,598
BROWNTOWN OF PITTSFIELD WARDS 1-3,166,0,0,210,0,3,1,396,0,0,0,57,1,7,0,322,0,3,480,10,0,0,0,0,0,0,0,5,1,0,0,64,1077,376,787,480,1077
BROWNTOWN OF ROCKLAND WARDS 1-3,117,0,1,131,1,0,0,307,2,0,1,58,3,5,0,196,0,10,338,7,0,0,0,0,0,0,2,4,0,0,0,37,692,249,573,338,692
BROWNTOWN OF SCOTT WARDS 1-4,286,0,3,368,4,2,0,479,0,0,1,87,1,6,0,400,0,8,868,18,0,2,0,0,0,0,0,0,1,0,0,58,1294,657,980,868,1294
BROWNTOWN OF WRIGHTSTOWN WARDS 1-3,131,0,0,158,2,3,1,381,1,0,0,41,1,4,0,182,0,4,365,9,0,0,0,0,0,0,1,3,0,0,0,39,820,289,616,365,820
BROWNVILLAGE OF ALLOUEZ WARD 1-2,346,0,1,468,4,5,0,392,0,0,0,83,2,4,2,217,0,11,1013,35,0,1,0,0,0,0,0,12,0,0,0,106,857,815,709,1013,857
BROWNVILLAGE OF ALLOUEZ WARD 10,0,0,0,0,0,0,0,0,0,0,0,0,0,0,0,0,0,0,0,0,0,0,0,0,0,0,0,0,0,0,0,0,0,0,0,0,0
BROWNVILLAGE OF ALLOUEZ WARD 3-4,275,0,2,358,1,1,2,351,2,0,0,96,4,7,1,257,0,4,850,9,0,2,0,1,0,0,0,3,0,0,0,55,848,635,722,850,848
BROWNVILLAGE OF ALLOUEZ WARD 5-6,342,0,0,373,2,5,1,474,1,0,1,179,2,10,0,333,0,6,988,11,0,2,0,0,0,0,0,17,2,0,0,85,1134,715,1008,988,1134
BROWNVILLAGE OF ALLOUEZ WARD 7-9,239,0,0,352,0,1,1,406,0,1,0,84,0,6,0,251,0,3,801,19,0,2,0,0,0,0,0,13,2,0,0,64,926,591,750,801,926
BROWNVILLAGE OF ASHWAUBENON WARDS 1-2,147,0,0,259,10,3,0,185,1,0,1,48,0,9,0,161,0,12,521,19,0,1,0,0,0,0,0,2,1,0,0,69,592,406,418,521,592
BROWNVILLAGE OF ASHWAUBENON WARDS 11-12,220,0,1,285,1,3,2,330,0,0,0,74,1,2,1,220,0,3,735,16,0,1,0,0,0,0,0,7,0,0,0,62,804,506,634,735,804
BROWNVILLAGE OF ASHWAUBENON WARDS 3-4,184,0,2,232,0,1,0,254,1,0,2,43,2,6,0,223,0,10,501,21,0,0,0,0,0,0,0,0,0,0,0,46,668,418,532,501,668
BROWNVILLAGE OF ASHWAUBENON WARDS 5-6,211,0,0,276,2,2,1,312,0,0,0,56,1,5,0,250,0,8,642,14,0,1,0,0,0,0,0,0,0,0,0,60,738,487,629,642,738
BROWNVILLAGE OF ASHWAUBENON WARDS 7-8,243,0,1,270,2,2,1,364,1,0,0,86,0,6,0,314,0,3,681,14,0,1,0,0,0,0,0,6,0,0,0,64,964,514,776,681,964
BROWNVILLAGE OF ASHWAUBENON WARDS 9-10,274,0,0,270,2,3,0,447,2,0,1,115,0,5,0,338,0,5,721,16,0,0,0,0,0,0,0,5,0,0,0,74,1106,544,913,721,1106
BROWNVILLAGE OF BELLEVUE WARDS 1-6,504,0,2,562,1,4,0,666,0,0,1,117,4,21,1,523,0,15,1689,36,0,1,0,0,0,0,0,2,1,0,0,137,1816,1068,1338,1689,1816
BROWNVILLAGE OF BELLEVUE WARDS 7-10,516,0,1,615,4,2,2,952,1,0,1,162,3,13,1,621,0,15,1628,27,0,0,0,0,0,0,3,0,1,0,0,145,2406,1132,1762,1628,2406
BROWNVILLAGE OF DENMARK WARDS 1-3,111,0,1,179,0,4,0,248,0,1,0,28,0,5,0,163,0,1,361,11,0,2,0,0,0,0,0,4,0,0,0,38,645,291,449,361,645
"BROWNVILLAGE OF HOWARD WARDS 1,12",307,0,2,338,4,2,1,509,3,1,0,93,0,10,0,398,0,5,399,11,0,1,0,0,0,0,0,2,1,0,0,38,640,647,1021,399,640
"BROWNVILLAGE OF HOWARD WARDS 9-10,18",184,0,0,249,1,2,2,337,0,0,1,52,1,5,0,227,0,2,712,16,0,0,0,0,0,0,0,9,1,0,0,68,956,433,628,712,956
"BROWNVILLAGE OF PULASKI WARDS 1-3,6",191,0,1,231,2,4,0,297,0,0,0,67,2,6,0,284,0,6,523,15,0,2,0,0,0,0,1,3,3,0,0,56,912,423,662,523,912
BROWNVILLAGE OF SUAMICO WARD 1-4,325,0,0,387,5,1,1,777,1,0,0,136,1,11,0,621,0,11,959,13,0,1,0,0,0,0,0,9,0,0,0,98,2233,712,1554,959,2233
BROWNVILLAGE OF SUAMICO WARD 5-8,438,0,0,436,4,7,0,888,0,0,4,166,2,16,1,733,0,10,1241,19,0,0,0,0,0,0,2,8,1,0,0,161,2515,874,1821,1241,2515
BROWNVILLAGE OF WRIGHTSTOWN WARDS 1-3,137,0,1,195,1,2,0,314,2,0,0,46,1,9,0,192,0,5,448,12,0,1,0,0,0,0,0,6,1,0,0,61,836,333,567,448,836
BUFFALOCITY OF ALMA WARDS 1-2,63,0,0,82,1,0,0,58,0,0,0,15,1,0,0,62,0,3,176,5,0,0,0,0,0,0,0,1,0,0,0,6,225,145,137,176,225
BUFFALOCITY OF BUFFALO CITY WARD 1,72,0,1,104,1,1,0,58,0,0,0,23,1,2,0,118,0,5,251,6,0,0,0,0,0,0,0,0,0,0,0,23,323,177,204,251,323
BUFFALOCITY OF FOUNTAIN CITY WARD 1-2,76,0,0,72,1,1,0,45,0,0,0,28,0,0,0,65,0,1,190,5,0,0,0,0,0,0,0,4,0,0,0,12,192,148,140,190,192
BUFFALOCITY OF MONDOVI WARDS 1-3,171,0,2,198,4,3,2,171,0,1,1,53,1,3,2,262,0,5,443,9,0,0,0,0,0,0,0,2,1,0,0,35,653,371,503,443,653
BUFFALOTOWN OF ALMA WARD 1,29,0,0,29,1,0,0,33,0,0,0,5,0,0,0,31,0,0,79,3,0,1,0,0,0,0,0,0,0,0,0,4,95,58,70,79,95
BUFFALOTOWN OF BELVIDERE WARD 1,32,0,1,47,1,0,0,38,0,0,0,13,1,1,0,51,0,1,94,1,0,0,0,0,0,0,0,0,0,0,0,6,149,80,105,94,149
BUFFALOTOWN OF BUFFALO WARD 1,32,0,0,79,0,2,1,64,0,0,0,20,0,3,0,63,0,3,151,6,0,1,0,0,0,0,0,1,0,0,0,9,225,111,153,151,225
BUFFALOTOWN OF CANTON WARD 1,26,0,0,32,0,2,1,15,0,0,0,6,0,0,0,25,0,0,53,4,0,0,0,0,0,0,0,0,1,0,0,3,80,58,49,53,80
BUFFALOTOWN OF CROSS WARD 1,10,0,0,32,0,3,1,19,0,0,0,20,0,0,0,49,0,0,58,4,0,0,0,0,0,0,0,0,0,0,0,7,132,42,92,58,132
BUFFALOTOWN OF DOVER WARD 1,22,0,0,35,1,1,0,36,0,0,0,2,0,0,0,37,0,2,84,2,0,0,0,0,0,0,0,0,0,0,0,3,130,57,77,84,130
BUFFALOTOWN OF GILMANTON WARD 1,24,0,0,39,0,0,0,26,0,0,0,6,0,1,0,28,0,0,62,3,0,0,0,0,0,0,0,0,0,0,0,10,128,63,61,62,128
BUFFALOTOWN OF GLENCOE WARD 1,22,0,1,36,0,0,0,34,0,0,0,23,0,2,0,62,0,0,64,0,0,0,0,0,0,0,0,0,0,0,0,3,165,59,121,64,165
BUFFALOTOWN OF LINCOLN WARD 1,16,0,0,20,2,1,0,17,0,0,0,8,0,0,0,43,0,0,40,0,0,0,0,0,0,0,0,0,0,0,0,5,78,36,71,40,78
BUFFALOTOWN OF MAXVILLE WARD 1,14,0,1,16,0,0,0,31,0,0,1,12,0,0,0,51,0,1,37,3,0,0,0,0,0,0,0,1,1,0,0,6,128,31,95,37,128
BUFFALOTOWN OF MILTON WARD 1,29,0,0,54,0,0,0,56,0,0,0,15,0,0,0,49,0,2,139,4,0,0,0,0,0,0,0,2,0,0,0,15,173,83,120,139,173
BUFFALOTOWN OF MODENA WARD 1,28,0,0,37,0,0,0,32,0,0,0,7,0,0,0,34,0,1,66,1,0,0,0,0,0,0,0,0,0,0,0,2,90,65,73,66,90
BUFFALOTOWN OF MONDOVI WARD 1,26,0,0,33,0,0,0,28,0,0,0,8,0,0,0,62,0,1,82,5,0,1,0,0,0,0,0,0,0,0,0,5,157,59,98,82,157
BUFFALOTOWN OF MONTANA WARD 1,12,0,0,19,1,0,0,25,0,0,0,5,0,1,0,39,0,3,39,1,0,0,0,0,0,0,0,0,0,0,0,3,95,31,71,39,95
BUFFALOTOWN OF NAPLES WARD 1,26,0,0,55,0,1,0,78,0,0,0,15,0,1,0,82,0,3,103,1,0,0,0,0,0,0,0,0,0,0,0,20,240,81,177,103,240
BUFFALOTOWN OF NELSON WARD 1,33,0,0,35,0,0,0,58,0,0,0,5,0,0,0,57,0,1,88,4,0,0,0,0,0,0,0,0,0,0,0,11,210,68,120,88,210
BUFFALOTOWN OF WAUMANDEE WARD 1,20,0,0,44,0,1,0,35,1,0,0,18,1,5,1,71,0,2,87,2,0,0,0,0,0,0,0,0,1,0,0,10,188,64,133,87,188
BUFFALOVILLAGE OF COCHRANE WARD 1,18,0,0,22,0,0,0,30,0,0,0,10,0,2,0,29,0,2,82,2,0,0,0,0,0,0,0,0,0,0,0,8,105,40,71,82,105
BUFFALOVILLAGE OF NELSON WARD 1,24,0,0,29,0,0,0,12,0,0,0,6,0,0,0,27,0,1,63,3,0,0,0,0,0,0,0,1,2,0,0,12,88,53,45,63,88
BURNETTTOWN OF ANDERSON WARD 1,17,0,0,23,0,3,0,47,0,0,0,3,0,2,0,53,0,0,64,1,0,0,0,0,0,0,0,1,0,0,0,11,172,40,108,64,172
BURNETTTOWN OF BLAINE WARD 1,15,0,0,12,0,1,0,20,0,0,0,1,0,0,0,17,0,0,31,0,0,0,0,0,0,0,0,0,0,0,0,4,66,27,39,31,66
BURNETTTOWN OF DANIELS WARD 1,35,0,1,42,0,1,0,58,0,0,0,15,1,2,0,71,0,5,102,3,0,0,0,0,0,0,0,4,1,0,0,11,251,78,148,102,251
BURNETTTOWN OF DEWEY WARD 1,28,0,0,52,0,3,0,59,0,0,0,9,0,3,0,49,0,4,94,3,0,1,0,0,0,0,0,0,0,0,0,12,166,80,123,94,166
BURNETTTOWN OF GRANTSBURG WARD 1-3,39,0,0,65,0,1,1,86,0,0,0,20,1,1,1,111,0,9,163,6,0,0,0,0,0,0,0,1,1,0,0,18,365,104,222,163,365
BURNETTTOWN OF JACKSON WARD 1,78,0,1,58,0,2,0,61,0,1,0,39,0,6,0,107,0,0,232,0,0,0,0,0,0,0,0,0,0,0,0,17,321,137,216,232,321
BURNETTTOWN OF LA FOLLETTE WARD 1-2,42,0,1,33,0,0,0,41,0,1,0,6,0,0,0,52,0,0,129,3,0,0,0,0,0,0,0,2,0,0,0,7,167,76,100,129,167
BURNETTTOWN OF LINCOLN WARD 1,21,0,0,12,0,0,0,22,0,0,0,5,1,0,1,46,0,0,45,2,0,0,0,0,0,0,0,0,0,0,0,2,123,33,75,45,123
BURNETTTOWN OF MEENON WARD 1-3,45,0,0,42,0,2,1,55,0,0,0,24,0,1,0,122,0,2,164,5,0,0,0,0,0,0,0,0,0,0,0,13,369,87,205,164,369
BURNETTTOWN OF OAKLAND WARD 1-2,74,0,0,62,0,1,0,66,0,0,1,25,0,1,0,71,0,0,243,8,0,0,0,0,0,0,0,0,1,0,0,11,312,136,165,243,312
BURNETTTOWN OF ROOSEVELT WARD 1,12,0,0,9,0,0,0,17,0,0,1,4,0,1,0,27,0,1,32,1,0,0,0,0,0,0,0,0,0,0,0,2,73,21,50,32,73
BURNETTTOWN OF RUSK WARD 1,26,0,0,30,0,0,0,29,0,0,0,13,1,1,0,57,0,0,76,2,0,0,0,0,0,0,0,0,0,0,0,4,163,56,101,76,163
BURNETTTOWN OF SAND LAKE WARD 1,20,0,0,55,0,2,0,27,0,0,0,8,0,3,0,49,0,1,118,2,0,0,0,0,0,0,0,1,1,0,0,6,157,75,89,118,157
BURNETTTOWN OF SCOTT WARD 1-2,55,0,1,46,0,2,0,42,0,0,0,19,0,4,0,75,0,2,171,0,0,0,0,0,0,0,0,1,1,0,0,10,221,102,142,171,221
BURNETTTOWN OF SIREN WARD 1-2,55,0,0,50,0,0,0,65,0,0,2,19,0,4,0,108,0,1,155,4,0,0,0,0,0,0,0,2,0,0,0,14,350,105,198,155,350
BURNETTTOWN OF SWISS WARD 1-2,54,0,0,61,0,2,0,32,0,0,0,9,0,4,0,49,0,2,189,8,0,0,0,0,0,0,0,0,0,0,0,13,215,115,96,189,215
BURNETTTOWN OF TRADE LAKE WARD 1-2,39,0,0,44,0,3,0,82,0,0,0,21,3,0,0,93,0,4,152,2,0,1,0,0,0,0,0,2,1,0,0,13,331,83,202,152,331
BURNETTTOWN OF UNION WARD 1,22,0,0,23,0,0,0,23,0,0,0,10,0,1,0,47,0,0,75,1,0,0,0,0,0,0,0,0,0,0,0,2,126,45,81,75,126
BURNETTTOWN OF WEBB LAKE WARD 1,39,0,0,19,0,2,0,38,0,0,0,15,0,1,0,52,0,1,99,2,0,0,0,0,0,0,0,0,0,0,0,8,172,58,108,99,172
BURNETTTOWN OF WEST MARSHLAND WARD 1-2,11,0,0,18,0,0,0,29,0,0,0,4,0,1,0,42,0,3,42,1,0,0,0,0,0,0,0,0,0,0,0,6,143,29,76,42,143
BURNETTTOWN OF WOOD RIVER WARD 1-3,40,0,1,45,0,3,1,90,0,0,1,32,0,3,0,93,0,10,126,5,0,0,0,0,0,0,0,1,0,0,0,15,360,86,223,126,360
BURNETTVILLAGE OF GRANTSBURG WARD 1-3,62,0,2,67,2,4,1,106,0,0,0,34,2,3,0,104,0,3,197,4,0,0,0,2,0,0,0,6,1,0,0,19,379,131,256,197,379
BURNETTVILLAGE OF SIREN WARDS 1-2,49,0,0,38,0,1,0,37,0,0,0,16,0,1,0,77,0,0,127,2,0,0,0,0,0,0,0,0,0,0,0,11,218,87,132,127,218
BURNETTVILLAGE OF WEBSTER WARDS 1-2,40,0,1,30,0,3,0,40,0,0,1,5,0,2,0,57,0,0,122,2,0,0,0,0,0,0,0,0,0,0,0,7,192,71,108,122,192
CALUMETCITY OF APPLETON WARD 12,36,0,0,47,0,2,0,43,0,0,1,9,0,1,0,45,0,1,149,2,0,1,0,0,0,0,0,2,0,0,0,11,151,83,101,149,151
CALUMETCITY OF APPLETON WARD 13,120,0,1,233,0,0,0,145,0,0,0,32,2,1,0,121,0,6,445,5,0,1,0,0,0,0,0,2,2,0,0,55,424,354,301,445,424
CALUMETCITY OF APPLETON WARD 14,101,0,0,120,0,0,0,145,0,0,1,38,0,4,0,76,0,4,362,4,0,1,0,0,0,0,0,4,0,0,0,24,388,221,264,362,388
CALUMETCITY OF APPLETON WARD 26,153,0,0,220,1,3,0,206,0,0,0,48,1,4,0,156,0,6,490,14,0,0,0,0,0,0,2,11,4,0,0,68,506,373,419,490,506
CALUMETCITY OF APPLETON WARD 44,141,0,1,251,0,3,1,184,0,0,1,34,0,5,0,152,0,9,484,16,0,1,0,0,0,0,0,6,0,0,0,46,523,393,380,484,523
CALUMETCITY OF APPLETON WARD 45,196,0,0,251,0,5,0,278,1,0,1,104,1,4,0,156,0,11,613,8,0,0,0,0,0,0,0,4,0,0,0,54,564,447,550,613,564
CALUMETCITY OF APPLETON WARD 46,8,0,0,16,0,0,0,31,0,0,0,5,0,1,0,9,0,1,45,1,0,0,0,0,0,0,0,0,0,0,0,1,47,24,46,45,47
CALUMETCITY OF APPLETON WARD 47,0,0,0,0,0,0,0,0,0,0,0,0,0,0,0,0,0,0,0,0,0,0,0,0,0,0,0,0,0,0,0,0,0,0,0,0,0
CALUMETCITY OF BRILLION WARD 1-4,152,0,1,211,6,5,2,369,1,0,1,51,4,3,0,237,0,7,501,15,0,0,0,0,0,0,0,4,0,0,0,53,982,364,679,501,982
CALUMETCITY OF CHILTON WARD 1-5,285,0,0,231,2,2,2,448,0,0,6,52,1,15,0,301,0,7,633,14,0,1,0,0,0,0,0,2,1,0,0,69,1044,516,829,633,1044
CALUMETCITY OF KAUKAUNA WARD 11,0,0,0,0,0,0,0,0,0,0,0,0,0,0,0,0,0,0,0,0,0,0,0,0,0,0,0,0,0,0,0,0,0,0,0,0,0
CALUMETCITY OF KIEL WARD 7,24,0,0,16,1,0,0,22,1,0,0,3,0,0,0,19,0,0,53,0,0,0,0,0,0,0,0,0,0,0,0,3,80,40,46,53,80
CALUMETCITY OF MENASHA WARDS 16-20,199,0,1,273,1,4,0,265,1,0,0,87,2,5,0,237,0,12,662,10,0,0,0,0,0,0,0,10,1,0,0,56,763,473,602,662,763
CALUMETCITY OF NEW HOLSTEIN WARDS 1-5,245,0,2,247,0,7,1,397,0,0,2,63,3,5,0,230,0,10,617,10,0,0,0,0,0,0,0,12,1,0,0,59,911,494,708,617,911
CALUMETTOWN OF BRILLION WARDS 1-2,59,0,0,131,2,4,0,239,1,0,0,22,2,4,0,122,0,13,195,9,0,0,0,0,0,0,0,2,0,0,0,35,566,190,396,195,566
CALUMETTOWN OF BROTHERTOWN WARDS 1-2,62,0,1,102,2,2,0,206,0,0,0,31,0,5,2,151,0,3,186,2,0,0,0,0,0,0,0,3,0,0,0,14,526,165,399,186,526
CALUMETTOWN OF CHARLESTOWN WARD 1,44,0,1,56,1,0,0,151,0,1,0,18,0,2,1,90,0,1,123,4,0,0,0,0,0,0,0,4,0,0,0,13,315,101,264,123,315
CALUMETTOWN OF CHILTON WARDS 1-3,45,0,1,88,0,1,0,203,0,0,0,30,1,4,0,119,0,5,149,8,0,0,0,0,0,0,0,3,1,0,0,23,449,134,358,149,449
"CALUMETTOWN OF HARRISON WARDS 7-8,10-12",0,0,0,0,0,0,0,4,0,0,0,0,0,0,0,2,0,7,118,2,0,0,0,0,0,0,0,4,0,0,0,20,153,0,6,118,153
CALUMETTOWN OF NEW HOLSTEIN WARDS 1-3,75,0,0,89,2,3,0,222,0,0,0,26,0,3,0,137,0,8,235,6,0,1,0,0,0,0,0,6,1,0,0,25,517,164,393,235,517
CALUMETTOWN OF RANTOUL WARD 1,28,0,0,40,0,0,0,120,0,0,0,15,0,2,0,72,0,3,87,4,0,0,0,0,0,0,0,2,0,0,0,9,312,68,209,87,312
CALUMETTOWN OF STOCKBRIDGE WARDS 1-3,97,0,0,103,4,3,2,220,0,0,0,28,1,5,2,193,0,6,260,4,0,0,0,0,0,0,0,0,0,0,0,22,630,200,458,260,630
CALUMETTOWN OF WOODVILLE WARD 1,42,0,1,68,0,3,0,155,0,0,0,17,0,2,0,96,0,4,111,5,6,0,0,0,0,0,0,0,1,0,0,22,356,111,273,111,356
CALUMETVILLAGE OF HARRISON WARD 15,16,0,0,22,0,0,0,35,0,0,1,7,0,0,0,29,0,0,43,1,0,0,0,0,0,0,0,0,0,0,0,4,122,38,72,43,122
CALUMETVILLAGE OF HARRISON WARD 16,36,0,0,44,1,1,0,66,0,0,0,14,0,3,0,55,0,1,99,2,0,0,0,0,0,0,0,0,0,0,0,19,179,80,140,99,179
CALUMETVILLAGE OF HARRISON WARD 17,2,0,0,0,0,0,0,1,0,0,0,1,0,0,0,0,0,0,3,0,0,0,0,0,0,0,0,0,0,0,0,0,4,2,2,3,4
CALUMETVILLAGE OF HARRISON WARD 18,9,0,0,7,0,0,0,20,0,0,0,9,0,1,0,13,0,2,155,2,0,0,0,0,0,0,0,3,0,0,0,17,178,16,43,155,178
CALUMETVILLAGE OF HARRISON WARDS 11-13,131,0,0,181,2,2,0,311,0,0,0,96,3,4,0,214,0,4,584,9,0,0,0,0,0,0,0,0,0,0,0,61,927,312,632,584,927
CALUMETVILLAGE OF HARRISON WARDS 3-4,105,0,0,125,0,3,1,276,1,0,1,74,0,1,0,152,0,8,406,6,0,1,0,0,0,0,0,0,0,0,0,44,654,230,509,406,654
"CALUMETVILLAGE OF HARRISON WARDS 5-6,10",111,0,0,167,0,0,0,254,0,0,1,47,0,0,0,144,0,4,446,11,0,0,0,0,0,0,0,0,0,0,0,50,658,278,446,446,658
"CALUMETVILLAGE OF HARRISON WARDS 7-9,14",121,0,2,171,0,3,0,260,1,0,0,53,1,2,0,160,0,8,430,8,0,2,0,0,0,0,0,3,0,0,0,65,662,294,480,430,662
CALUMETVILLAGE OF HILBERT WARD 1-2,48,0,0,49,0,4,0,153,1,0,1,17,2,3,0,141,0,2,118,5,0,0,0,0,0,0,0,1,0,0,0,25,380,97,322,118,380
CALUMETVILLAGE OF POTTER WARD 1,12,0,0,15,0,2,0,40,0,0,0,2,0,1,0,34,0,1,24,2,0,1,0,0,0,0,0,2,0,0,0,7,109,27,79,24,109
CALUMETVILLAGE OF SHERWOOD WARDS 1-5,213,0,0,275,1,1,0,451,0,0,2,120,1,2,0,260,1,14,683,13,0,0,0,0,0,0,1,8,1,0,0,64,1031,488,839,683,1031
CALUMETVILLAGE OF STOCKBRIDGE WARD 1,47,0,0,48,0,0,0,97,0,0,0,21,1,1,0,63,0,3,137,2,0,0,0,0,0,0,0,0,0,0,0,15,237,95,183,137,237
CHIPPEWACITY OF BLOOMER WARDS 1-4,211,0,1,261,1,5,1,348,0,1,1,55,2,5,0,381,0,10,577,11,0,0,0,0,0,0,1,3,3,0,0,52,1091,473,800,577,1091
CHIPPEWACITY OF CHIPPEWA FALLS WARD 1,117,0,0,207,0,2,0,140,1,0,0,19,1,1,1,115,0,4,377,9,0,1,0,0,0,0,0,1,0,0,0,45,433,324,280,377,433
CHIPPEWACITY OF CHIPPEWA FALLS WARD 2,123,0,0,230,0,3,0,144,1,0,0,50,2,2,0,138,0,7,471,12,0,1,0,0,0,0,0,3,1,0,0,57,473,353,340,471,473
CHIPPEWACITY OF CHIPPEWA FALLS WARD 3,182,0,0,231,0,3,2,182,0,0,0,59,3,1,0,138,0,8,504,8,0,0,0,0,0,0,0,7,2,0,0,42,512,413,388,504,512
CHIPPEWACITY OF CHIPPEWA FALLS WARD 3A,0,0,0,0,0,0,0,0,0,0,0,0,0,0,0,0,0,0,0,0,0,0,0,0,0,0,0,0,0,0,0,0,0,0,0,0,0
CHIPPEWACITY OF CHIPPEWA FALLS WARD 4,117,0,1,233,0,2,0,117,0,0,0,28,1,1,0,97,0,1,380,13,0,1,0,0,0,0,1,6,2,0,0,43,340,351,246,380,340
CHIPPEWACITY OF CHIPPEWA FALLS WARD 5,110,0,1,157,3,0,0,113,1,0,2,27,1,7,0,100,0,12,371,20,0,0,0,0,0,0,0,4,1,0,0,54,375,268,254,371,375
CHIPPEWACITY OF CHIPPEWA FALLS WARD 6,119,0,0,187,2,4,1,99,0,0,0,15,0,3,1,131,0,5,369,19,0,1,0,0,0,0,0,1,0,0,0,36,415,306,256,369,415
CHIPPEWACITY OF CHIPPEWA FALLS WARD 7,178,0,1,138,6,3,2,131,2,0,2,38,0,8,0,141,0,3,462,8,4,1,0,0,0,0,1,4,0,0,0,32,434,317,333,462,434
CHIPPEWACITY OF CHIPPEWA FALLS WARD 7A,0,0,0,0,0,0,0,0,0,0,0,0,0,0,0,0,0,0,0,0,0,0,0,0,0,0,0,0,0,0,0,0,0,0,0,0,0
CHIPPEWACITY OF CORNELL WARDS 1-4,83,0,1,87,6,0,1,105,0,0,0,27,1,0,0,146,0,2,207,5,0,0,0,0,0,0,0,1,0,0,0,14,415,171,286,207,415
CHIPPEWACITY OF EAU CLAIRE WARD 16,131,0,1,193,0,1,0,121,0,0,0,20,1,1,0,136,0,7,423,17,0,1,0,0,0,0,0,0,0,0,0,40,416,325,280,423,416
CHIPPEWACITY OF EAU CLAIRE WARD 40,0,0,0,0,0,0,0,0,0,0,0,0,0,0,0,0,0,0,0,0,0,0,0,0,0,0,0,0,0,0,0,0,0,0,0,0,0
CHIPPEWACITY OF EAU CLAIRE WARD 41,7,0,0,12,0,0,0,12,0,0,0,0,0,0,0,7,0,3,36,0,0,0,0,0,0,0,0,0,0,0,0,5,32,19,19,36,32
"CHIPPEWACITY OF STANLEY WARDS 1-4,6-7",138,0,1,118,0,1,1,147,0,0,0,26,3,4,0,150,0,5,327,17,0,0,0,0,0,0,0,0,0,0,0,27,540,257,332,327,540
CHIPPEWATOWN OF ANSON WARD 4,0,0,0,2,0,0,0,0,0,0,0,0,0,0,0,0,0,0,1,0,0,0,0,0,0,0,0,0,0,0,0,0,1,2,0,1,1
CHIPPEWATOWN OF ANSON WARDS 1-3,130,0,0,212,2,2,2,258,0,0,0,45,2,1,0,244,0,4,440,5,0,0,2,0,0,0,0,4,2,0,0,65,757,342,556,440,757
CHIPPEWATOWN OF ARTHUR WARD 1,37,0,1,55,0,0,0,70,0,0,0,13,0,3,0,87,0,2,92,2,0,0,0,0,0,0,0,1,0,0,0,10,257,93,173,92,257
CHIPPEWATOWN OF AUBURN WARD 1,42,0,0,48,0,0,0,63,0,0,0,11,0,2,0,85,0,2,116,5,0,0,0,0,0,0,0,0,0,0,0,18,221,90,161,116,221
CHIPPEWATOWN OF BIRCH CREEK WARD 1,50,0,1,32,1,2,0,59,0,1,1,19,0,0,0,105,0,2,116,0,0,0,0,0,0,0,0,0,0,0,0,4,191,83,188,116,191
CHIPPEWATOWN OF BLOOMER WARDS 1-2,44,0,0,68,1,2,0,158,0,0,1,22,0,2,1,119,0,2,145,3,0,0,0,0,0,0,0,2,0,0,0,15,384,112,306,145,384
CHIPPEWATOWN OF CLEVELAND WARD 1,42,0,0,52,0,0,0,100,0,0,0,5,1,0,0,98,0,1,117,1,0,0,0,1,0,0,0,0,0,0,0,15,318,94,204,117,318
CHIPPEWATOWN OF COLBURN WARD 1,29,0,0,53,1,0,0,97,0,0,0,12,0,0,0,111,0,1,108,2,0,0,0,0,0,0,0,2,0,0,0,6,295,82,221,108,295
CHIPPEWATOWN OF COOKS VALLEY WARD 1,27,0,1,67,0,2,0,100,0,0,0,8,0,1,0,74,0,0,107,0,0,0,0,0,0,0,0,0,0,0,0,14,267,95,185,107,267
CHIPPEWATOWN OF DELMAR WARD 1,63,0,1,51,1,0,2,97,1,0,0,24,1,1,0,118,0,1,120,1,0,0,0,0,0,0,0,1,0,0,0,17,299,115,245,120,299
CHIPPEWATOWN OF EAGLE POINT WARDS 1-5,229,0,1,273,0,4,0,324,2,0,0,88,1,4,0,384,0,10,691,11,0,0,0,0,0,0,0,4,0,0,0,55,1136,503,807,691,1136
CHIPPEWATOWN OF EDSON WARDS 1-2,69,0,0,50,0,1,0,85,0,0,0,11,0,2,0,70,0,0,146,1,0,0,0,0,0,0,0,0,1,0,0,12,264,119,169,146,264
CHIPPEWATOWN OF ESTELLA WARD 1,15,0,0,32,1,1,0,53,0,0,0,1,0,0,1,52,0,1,59,1,0,0,0,0,0,0,0,0,0,0,0,4,162,47,109,59,162
CHIPPEWATOWN OF GOETZ WARD 3,0,0,0,0,0,0,0,2,0,0,0,0,0,0,0,2,0,0,2,0,0,0,0,0,0,0,0,0,0,0,0,0,7,0,4,2,7
CHIPPEWATOWN OF GOETZ WARDS 1-2,46,0,0,75,0,2,1,49,0,0,0,6,0,0,0,100,0,5,148,1,0,0,0,0,0,0,0,0,0,0,0,12,243,121,158,148,243
CHIPPEWATOWN OF HALLIE WARD 1,14,0,0,23,0,1,0,22,0,0,0,4,0,1,0,13,0,0,48,2,0,1,0,0,0,0,0,0,0,0,0,4,43,37,41,48,43
CHIPPEWATOWN OF HOWARD WARD 1,52,0,0,79,1,2,0,75,1,0,0,17,0,1,0,82,0,6,134,2,0,0,0,0,0,0,0,1,0,0,0,28,245,131,179,134,245
CHIPPEWATOWN OF LAFAYETTE WARDS 1-9,475,0,1,472,4,8,0,565,1,0,4,139,3,8,0,536,0,13,1380,24,0,0,0,0,0,0,0,0,0,0,0,142,1881,948,1268,1380,1881
CHIPPEWATOWN OF LAKE HOLCOMBE WARDS 1-2,85,0,1,90,0,1,0,133,0,0,0,21,0,4,0,159,0,0,171,1,0,0,0,0,0,0,0,2,0,0,0,10,397,176,318,171,397
CHIPPEWATOWN OF RUBY WARD 1,29,0,1,35,0,0,0,34,1,0,0,12,0,2,0,73,0,1,57,0,0,0,0,0,0,0,0,1,0,0,0,4,158,65,122,57,158
CHIPPEWATOWN OF SAMPSON WARD 1,49,0,0,51,0,1,0,111,0,0,0,25,0,3,0,131,0,4,133,2,0,0,0,0,0,0,0,5,0,0,0,15,344,100,271,133,344
CHIPPEWATOWN OF SIGEL WARDS 1-2,46,0,0,91,1,1,0,102,0,0,1,12,0,0,0,94,0,4,179,3,0,0,0,0,0,0,0,0,0,0,0,15,308,137,211,179,308
CHIPPEWATOWN OF TILDEN WARDS 1-3,104,0,0,128,0,2,0,202,0,0,1,31,0,2,1,173,0,5,303,3,0,0,0,0,0,0,1,2,0,0,0,30,521,232,412,303,521
CHIPPEWATOWN OF WHEATON WARDS 1-3,192,0,2,259,2,3,0,293,1,0,1,57,0,5,0,312,1,11,615,14,0,0,0,0,0,0,0,1,1,0,0,52,874,453,675,615,874
CHIPPEWATOWN OF WOODMOHR WARDS 1-2,74,0,0,75,1,0,0,128,0,0,0,22,0,2,0,156,0,10,173,6,0,0,0,0,0,0,0,0,1,0,0,15,363,149,309,173,363
CHIPPEWAVILLAGE OF BOYD WARD 1,37,0,0,46,0,0,0,35,0,0,0,7,1,1,0,54,0,2,109,2,0,0,0,0,0,0,0,1,1,0,0,12,162,83,98,109,162
CHIPPEWAVILLAGE OF CADOTT WARDS 1-3,80,0,0,100,2,0,1,87,0,0,0,23,0,2,0,120,0,4,234,4,0,0,0,0,0,0,0,0,0,0,0,23,346,180,235,234,346
CHIPPEWAVILLAGE OF LAKE HALLIE WARDS 1-8,425,0,3,522,1,8,0,561,0,0,3,100,4,1,0,555,0,17,1392,29,0,3,0,0,0,0,0,12,1,0,0,164,1837,950,1233,1392,1837
CHIPPEWAVILLAGE OF NEW AUBURN WARD 1,21,0,2,32,0,1,0,45,1,0,0,9,0,1,0,52,0,0,46,0,0,0,0,0,0,0,0,1,0,0,0,12,152,55,109,46,152
CLARKCITY OF ABBOTSFORD WARDS 2-5,101,0,0,92,0,1,0,138,0,0,1,23,0,3,1,146,0,4,232,7,0,0,0,0,0,0,0,2,0,0,0,16,373,193,313,232,373
CLARKCITY OF COLBY WARDS 2-4,55,0,0,50,2,3,0,106,1,0,0,21,0,6,0,94,0,2,170,4,0,0,0,0,0,0,0,5,0,0,0,22,336,105,233,170,336
CLARKCITY OF GREENWOOD WARDS 1-2,85,0,0,85,1,2,0,116,0,1,0,20,1,4,1,106,0,5,203,7,0,0,0,0,0,0,0,3,1,0,0,22,285,170,252,203,285
CLARKCITY OF LOYAL WARDS 1-2,57,0,3,82,0,0,2,133,1,0,0,16,0,0,0,106,0,5,177,4,0,0,0,0,0,0,0,2,0,0,0,18,357,142,258,177,357
CLARKCITY OF NEILLSVILLE WARD 1,19,0,0,39,0,0,0,45,0,0,0,6,1,1,0,36,0,0,77,4,0,0,0,0,0,0,0,1,1,0,0,3,109,58,89,77,109
CLARKCITY OF NEILLSVILLE WARD 2,23,0,0,56,1,0,0,60,0,0,0,11,0,1,0,46,0,2,106,3,0,1,0,0,0,0,0,1,2,0,0,10,155,79,119,106,155
CLARKCITY OF NEILLSVILLE WARD 3,43,0,0,62,1,2,0,40,0,0,0,11,0,2,0,60,0,1,116,2,0,0,0,0,0,0,0,1,0,0,0,7,155,105,116,116,155
CLARKCITY OF NEILLSVILLE WARD 4,19,0,0,19,1,0,1,38,0,0,2,4,1,1,0,28,0,0,55,3,0,0,0,0,0,0,0,2,0,0,0,5,109,38,76,55,109
CLARKCITY OF NEILLSVILLE WARD 5,19,0,0,23,0,0,0,30,0,0,0,2,0,1,0,21,0,2,55,0,0,0,0,0,0,0,0,0,0,0,0,4,67,42,54,55,67
CLARKCITY OF OWEN WARDS 1-3,54,0,0,97,0,4,0,80,1,1,0,9,2,0,1,79,0,7,173,5,0,0,0,0,0,0,0,0,0,0,0,28,220,151,177,173,220
CLARKCITY OF STANLEY WARD 5,0,0,0,0,0,0,0,0,0,0,0,1,0,0,0,0,0,0,1,0,0,0,0,0,0,0,0,0,0,0,0,0,1,0,1,1,1
CLARKCITY OF STANLEY WARD 8,0,0,0,0,0,0,0,0,0,0,0,0,0,0,0,0,0,0,0,0,0,0,0,0,0,0,0,0,0,0,0,0,0,0,0,0,0
CLARKCITY OF THORP WARDS 1-4,104,0,0,85,3,2,0,151,0,0,2,14,2,2,0,132,0,9,250,3,0,0,0,0,0,0,0,0,0,0,0,22,453,189,308,250,453
CLARKTOWN OF BEAVER WARD 1,26,0,1,32,0,1,0,55,0,0,0,11,2,1,1,53,0,2,66,3,0,0,0,0,0,0,0,0,0,0,0,7,177,59,124,66,177
CLARKTOWN OF BUTLER WARD 1,6,0,0,10,0,0,0,8,0,0,0,1,0,0,0,13,0,0,14,0,0,0,0,0,0,0,0,0,0,0,0,1,36,16,22,14,36
CLARKTOWN OF COLBY WARDS 1-3,13,0,0,37,0,0,0,72,0,0,0,6,0,3,0,61,0,2,76,0,0,0,0,0,0,0,0,3,0,0,0,10,177,50,142,76,177
CLARKTOWN OF DEWHURST WARD 1,23,0,0,34,0,1,0,25,0,0,0,8,0,0,0,52,0,0,66,2,0,0,0,0,0,0,0,0,0,0,0,5,127,57,86,66,127
CLARKTOWN OF EATON WARDS 1-2,24,0,0,47,0,2,0,49,0,0,1,8,0,0,0,56,0,5,60,1,0,0,0,0,0,0,0,0,0,0,0,10,168,71,116,60,168
CLARKTOWN OF FOSTER WARD 1,12,0,0,6,0,0,0,12,0,0,0,6,0,0,0,21,0,0,20,1,0,0,0,0,0,0,0,0,1,0,0,0,53,18,39,20,53
CLARKTOWN OF FREMONT WARDS 1-2,35,0,0,68,0,2,0,115,0,0,0,7,0,0,0,103,0,6,121,4,0,1,0,0,0,0,0,2,1,0,0,19,348,103,227,121,348
CLARKTOWN OF GRANT WARDS 1-2,41,0,1,56,1,0,0,57,0,0,0,11,0,1,0,116,0,1,103,5,0,1,0,0,0,0,0,0,0,0,0,16,264,98,186,103,264
CLARKTOWN OF GREEN GROVE WARDS 1-2,17,0,0,34,0,2,0,39,0,0,0,4,0,0,0,48,0,1,62,2,0,0,0,0,0,0,0,0,0,0,0,9,147,51,93,62,147
CLARKTOWN OF HENDREN WARD 1,24,0,0,35,0,0,1,44,0,0,1,10,1,1,0,44,0,1,63,2,0,0,0,0,0,0,0,0,1,0,0,5,116,59,102,63,116
CLARKTOWN OF HEWETT WARDS 1-2,19,0,0,26,0,1,0,23,0,0,0,4,0,1,0,47,0,4,54,1,0,0,0,0,0,0,0,0,0,0,0,7,109,45,76,54,109
CLARKTOWN OF HIXON WARDS 1-2,20,0,0,44,0,0,0,42,0,0,1,5,0,2,0,29,0,0,69,0,0,0,0,0,0,0,0,0,0,0,0,6,133,64,79,69,133
CLARKTOWN OF HOARD WARDS 1-2,35,0,0,29,0,0,0,46,0,0,0,6,1,1,0,46,0,0,72,1,0,0,0,0,0,0,0,0,0,0,0,2,165,64,100,72,165
CLARKTOWN OF LEVIS WARDS 1-2,25,0,0,25,1,0,0,37,0,0,0,9,0,2,0,61,0,0,61,5,0,1,0,0,0,0,0,0,0,0,0,4,156,50,110,61,156
CLARKTOWN OF LONGWOOD WARDS 1-2,22,0,0,32,0,0,0,42,0,0,0,2,0,0,0,57,0,3,70,1,0,1,0,0,0,0,0,3,0,0,0,11,140,54,101,70,140
CLARKTOWN OF LOYAL WARDS 1-2,7,0,0,39,1,0,0,63,0,0,0,7,2,1,0,54,0,1,48,0,0,0,0,0,0,0,0,1,0,0,0,12,189,46,128,48,189
CLARKTOWN OF LYNN WARDS 1-2,26,0,0,35,0,0,0,49,0,0,0,8,0,1,0,52,0,2,75,1,0,0,0,0,0,0,0,1,0,0,0,12,162,61,110,75,162
CLARKTOWN OF MAYVILLE WARDS 1-2,28,0,0,33,1,1,0,75,0,0,0,13,1,2,0,80,0,2,100,1,0,1,0,0,0,0,0,0,1,0,0,12,235,61,173,100,235
CLARKTOWN OF MEAD WARD 1,20,0,0,22,0,0,0,19,0,0,1,2,0,0,0,36,0,0,45,0,0,0,0,0,0,0,0,0,1,0,0,7,89,42,58,45,89
CLARKTOWN OF MENTOR WARD 1,10,0,0,43,0,0,0,29,0,0,0,5,1,0,0,59,0,1,78,2,0,0,0,0,0,0,0,1,0,0,0,15,147,53,94,78,147
CLARKTOWN OF PINE VALLEY WARDS 1-2,63,0,0,85,1,1,0,105,0,0,0,20,0,3,0,154,0,1,205,5,0,2,0,0,0,0,0,1,0,0,0,13,400,148,284,205,400
CLARKTOWN OF RESEBURG WARDS 1-2,29,0,0,21,0,0,0,35,0,0,0,8,0,0,0,34,0,0,72,1,0,0,0,0,0,0,0,0,0,0,0,5,109,50,77,72,109
CLARKTOWN OF SEIF WARD 1,12,0,0,23,0,0,0,14,0,0,0,2,0,1,0,18,0,0,34,2,0,0,0,0,0,0,0,0,0,0,0,4,62,35,35,34,62
CLARKTOWN OF SHERMAN WARDS 1-2,25,0,0,54,0,0,0,83,0,0,0,4,0,2,0,70,0,2,81,1,0,0,0,0,0,0,0,1,0,0,0,9,229,79,159,81,229
CLARKTOWN OF SHERWOOD WARD 1,18,0,0,28,0,0,0,25,0,0,0,5,0,0,0,24,0,1,68,1,0,0,0,0,0,0,0,0,1,0,0,7,72,46,54,68,72
CLARKTOWN OF THORP WARD 1,37,0,0,36,0,0,0,62,0,0,0,7,0,1,0,53,0,0,101,2,0,1,0,0,0,0,0,2,0,0,0,5,193,73,123,101,193
CLARKTOWN OF UNITY WARD 1,33,0,1,42,0,0,0,53,0,0,0,4,0,0,0,77,0,2,72,4,0,0,0,0,0,0,0,1,1,0,0,11,217,76,134,72,217
CLARKTOWN OF WARNER WARDS 1-2,24,0,0,31,1,1,0,57,0,0,0,15,1,0,0,68,0,1,63,2,0,0,0,0,0,0,0,0,0,0,0,2,166,55,143,63,166
CLARKTOWN OF WASHBURN WARD 1,10,0,0,13,1,1,0,30,0,0,0,1,0,1,0,43,0,0,32,1,0,0,0,0,0,0,0,0,0,0,0,5,108,23,77,32,108
CLARKTOWN OF WESTON WARDS 1-2,37,0,0,43,0,0,0,72,0,0,0,10,0,1,0,63,0,2,100,1,0,0,0,0,0,0,0,0,0,0,0,8,196,80,146,100,196
CLARKTOWN OF WITHEE WARD 1,37,0,0,32,2,0,0,51,0,0,0,6,0,0,0,62,0,5,78,0,0,0,0,0,0,0,0,0,2,0,0,6,191,69,121,78,191
CLARKTOWN OF WORDEN WARD 1,26,0,0,19,0,0,0,67,0,0,1,8,0,3,0,27,0,4,55,4,0,0,0,0,0,0,0,0,0,0,0,5,165,45,106,55,165
CLARKTOWN OF YORK WARDS 1-2,33,0,0,43,0,1,0,61,0,0,0,14,0,0,0,60,0,4,100,3,0,0,0,0,0,0,0,1,2,0,0,12,222,76,136,100,222
CLARKVILLAGE OF CURTISS WARD 1,0,0,0,8,0,0,0,18,0,0,0,2,0,0,0,5,0,1,12,0,0,0,0,0,0,0,0,0,0,0,0,2,32,8,25,12,32
CLARKVILLAGE OF DORCHESTER WARD 1,26,0,1,41,2,1,0,59,0,0,0,8,0,1,0,63,0,4,79,1,0,0,0,0,0,0,0,0,0,0,0,14,196,68,134,79,196
CLARKVILLAGE OF GRANTON WARD 1,18,0,0,39,0,0,0,45,0,0,0,2,1,1,0,23,0,0,56,4,0,0,0,0,0,0,0,0,0,0,0,8,113,57,72,56,113
CLARKVILLAGE OF UNITY WARD 2,3,0,0,5,0,0,0,16,0,0,0,2,1,0,0,19,0,1,9,0,0,0,0,0,0,0,0,0,0,0,0,4,61,8,38,9,61
CLARKVILLAGE OF WITHEE WARD 1,30,0,0,29,0,0,0,48,0,0,1,3,0,1,0,60,0,2,72,3,0,0,0,0,0,0,0,0,3,0,0,8,156,59,113,72,156
COLUMBIACITY OF COLUMBUS WARD 10,362,0,2,687,2,6,1,371,0,0,1,169,3,10,0,287,0,0,0,0,0,0,0,0,0,0,0,0,0,0,0,0,0,1051,850,0,0
COLUMBIACITY OF LODI WARDS 1-6,319,0,0,478,0,8,1,248,1,0,2,112,1,4,0,169,0,4,998,12,0,1,0,0,0,0,0,5,1,0,0,68,638,797,546,998,638
"COLUMBIACITY OF PORTAGE WARDS 1,9-10",214,0,0,278,2,3,0,199,0,2,1,111,3,8,0,183,0,8,654,20,0,0,0,0,0,0,0,5,1,0,0,56,611,492,512,654,611
"COLUMBIACITY OF PORTAGE WARDS 2-3,5",213,0,2,373,2,3,0,148,1,0,0,64,4,3,0,151,0,7,707,22,0,2,0,0,0,0,0,0,0,0,0,61,517,588,376,707,517
"COLUMBIACITY OF PORTAGE WARDS 4,6-8",192,0,0,365,3,4,0,164,0,0,1,63,4,7,0,159,0,4,671,16,0,1,0,0,0,0,0,2,0,0,0,58,583,557,405,671,583
COLUMBIATOWN OF ARLINGTON WARD 1,70,0,0,89,0,0,1,79,1,0,0,33,1,1,0,70,0,1,203,2,0,0,0,0,0,0,0,0,0,0,0,20,238,159,186,203,238
COLUMBIATOWN OF CALEDONIA WARDS 1-2,147,0,0,168,1,2,0,128,0,0,0,66,0,5,0,123,0,3,455,13,0,0,0,0,0,0,0,1,0,0,0,30,369,315,325,455,369
COLUMBIATOWN OF COLUMBUS WARD 1,41,0,0,64,0,1,3,87,0,0,1,30,1,1,0,53,0,7,134,2,0,0,0,0,0,0,0,5,0,0,0,17,206,105,177,134,206
COLUMBIATOWN OF COURTLAND WARD 1,16,0,0,35,0,0,1,58,0,0,0,12,0,1,0,57,0,1,66,0,0,0,0,0,0,0,0,1,0,0,0,9,173,51,129,66,173
COLUMBIATOWN OF DEKORRA WARDS 1-3,214,0,1,302,1,0,0,205,0,0,0,84,1,4,1,245,0,4,617,18,0,0,0,0,0,0,0,0,0,0,0,42,700,517,541,617,700
COLUMBIATOWN OF FORT WINNEBAGO WARD 1,61,0,0,90,0,1,0,101,0,0,0,38,0,0,0,106,0,0,185,3,0,0,0,0,0,0,0,0,1,0,0,17,303,151,246,185,303
COLUMBIATOWN OF FOUNTAIN PRAIRIE WARDS 1-2,61,0,0,100,1,0,0,85,0,0,0,38,0,0,0,72,0,3,228,2,0,0,0,0,0,0,0,5,1,0,0,18,245,161,196,228,245
COLUMBIATOWN OF HAMPDEN WARD 1,53,0,1,70,1,2,0,71,0,0,0,24,1,2,0,47,0,1,147,1,0,1,0,0,0,0,0,0,0,0,0,11,193,124,148,147,193
COLUMBIATOWN OF LEEDS WARDS 1-2,63,0,0,104,0,0,0,84,1,0,0,30,1,6,0,73,0,3,195,7,0,0,0,0,0,0,0,0,1,0,0,23,239,167,195,195,239
COLUMBIATOWN OF LEWISTON WARDS 1-2,92,0,0,169,0,0,1,94,0,0,0,36,0,3,0,131,0,5,306,6,0,0,0,0,0,0,0,1,1,0,0,18,341,261,265,306,341
COLUMBIATOWN OF LODI WARDS 1-5,294,0,0,395,4,3,0,316,4,0,2,147,2,4,1,319,0,10,906,21,0,0,0,0,0,0,0,10,0,0,0,71,960,689,802,906,960
COLUMBIATOWN OF LOWVILLE WARDS 1-2,79,0,0,148,0,1,0,117,0,0,0,36,0,5,0,114,0,5,268,4,0,0,0,0,0,0,0,0,0,0,0,18,321,227,273,268,321
COLUMBIATOWN OF MARCELLON WARDS 1-2,66,0,1,88,0,0,0,108,1,0,0,21,0,4,0,103,0,7,202,3,0,0,0,0,0,0,0,4,0,0,0,8,291,155,237,202,291
COLUMBIATOWN OF NEWPORT WARD 1,50,0,0,53,0,2,1,61,0,0,0,30,0,1,0,75,0,0,149,7,0,0,0,2,0,0,0,1,0,0,0,13,216,103,170,149,216
COLUMBIATOWN OF OTSEGO WARD 1,51,0,0,103,0,2,0,71,0,0,0,24,2,4,0,75,0,0,159,4,0,1,0,0,0,0,0,1,0,0,0,22,209,154,178,159,209
COLUMBIATOWN OF PACIFIC WARDS 1-4,224,0,0,290,1,6,1,233,0,0,0,150,0,6,0,298,0,2,684,6,0,1,0,0,0,0,0,5,0,0,0,40,848,514,695,684,848
COLUMBIATOWN OF RANDOLPH WARD 1,24,0,0,46,2,0,0,118,0,0,1,30,0,1,0,70,0,1,78,2,0,1,2,0,0,0,0,0,0,0,0,5,323,70,222,78,323
COLUMBIATOWN OF SCOTT WARD 1,44,0,0,56,0,4,1,73,0,0,0,21,1,5,0,55,0,2,118,3,0,0,0,0,0,0,0,0,1,0,0,23,188,100,160,118,188
COLUMBIATOWN OF SPRINGVALE WARDS 1-2,46,0,0,53,0,1,0,52,0,0,0,20,0,0,0,60,0,1,120,3,0,0,0,0,0,0,0,1,0,0,0,3,180,99,133,120,180
COLUMBIATOWN OF WEST POINT WARDS 1-3,198,0,0,240,0,4,0,182,0,0,3,123,1,0,2,148,0,4,645,7,0,1,0,0,0,0,0,5,0,0,0,44,556,438,463,645,556
COLUMBIATOWN OF WYOCENA WARDS 1-2,155,0,1,178,1,1,1,151,0,0,1,59,1,6,0,157,0,2,422,5,0,0,0,0,0,0,0,3,0,0,0,28,488,334,378,422,488
COLUMBIAVILLAGE OF ARLINGTON WARD 1,47,0,0,90,2,0,0,74,0,0,0,27,0,2,0,73,0,4,216,6,0,0,0,0,0,0,0,2,0,0,0,14,227,137,178,216,227
COLUMBIAVILLAGE OF CAMBRIA WARD 1,35,0,0,88,2,1,0,62,0,0,1,13,0,4,0,52,0,6,161,8,0,0,0,0,0,0,0,3,1,0,0,12,175,123,135,161,175
COLUMBIAVILLAGE OF DOYLESTOWN WARD 1,22,0,0,34,0,0,0,18,2,0,0,9,0,0,0,26,0,0,63,4,0,0,0,0,0,0,0,0,0,0,0,10,61,56,55,63,61
COLUMBIAVILLAGE OF FALL RIVER WARDS 1-2,102,0,1,153,0,0,0,111,1,0,0,48,1,1,0,122,0,3,345,12,0,1,0,0,0,0,0,2,2,0,0,29,396,256,284,345,396
COLUMBIAVILLAGE OF FRIESLAND WARD 1,8,0,1,16,0,1,1,68,1,1,0,15,0,1,0,20,0,2,37,2,0,0,0,0,0,0,0,0,0,0,0,5,114,25,108,37,114
COLUMBIAVILLAGE OF PARDEEVILLE WARD 1-3,153,0,0,209,8,1,1,149,0,0,1,57,1,6,1,174,0,14,437,14,0,0,0,0,0,0,0,5,0,0,0,29,524,362,399,437,524
COLUMBIAVILLAGE OF POYNETTE WARD 1-4,192,0,0,325,1,3,0,149,0,0,0,45,2,3,0,145,0,6,621,14,0,0,0,0,0,0,0,2,0,0,0,51,530,517,348,621,530
COLUMBIAVILLAGE OF RANDOLPH WARD 3,11,0,0,29,0,1,0,69,0,0,0,18,1,0,0,38,0,1,64,3,0,0,0,0,0,0,0,1,0,0,0,14,154,40,127,64,154
COLUMBIAVILLAGE OF RIO WARD 1-2,83,0,0,165,1,6,0,71,0,0,1,32,1,0,0,100,0,2,250,17,0,0,0,0,0,0,0,5,1,0,0,26,246,248,212,250,246
COLUMBIAVILLAGE OF WYOCENA WARD 1,30,0,0,92,1,2,0,34,0,0,0,10,2,0,0,67,0,2,128,9,0,0,0,0,0,0,0,1,0,0,0,18,172,122,116,128,172
CRAWFORDCITY OF PRAIRIE DU CHIEN WARD 1,76,0,0,64,0,5,0,52,0,0,0,20,0,0,1,65,0,3,167,0,0,0,0,0,0,0,0,0,1,0,0,15,204,140,143,167,204
CRAWFORDCITY OF PRAIRIE DU CHIEN WARD 3,47,0,1,71,0,1,2,34,0,0,0,9,1,3,0,50,0,2,149,6,0,1,0,0,0,0,0,0,0,0,0,12,155,119,100,149,155
CRAWFORDCITY OF PRAIRIE DU CHIEN WARD 4,59,0,0,65,0,1,1,50,1,0,0,7,0,0,0,57,0,1,161,8,0,0,0,0,0,0,0,0,0,0,0,10,191,124,117,161,191
CRAWFORDCITY OF PRAIRIE DU CHIEN WARD 5,81,0,0,88,1,0,0,45,0,0,0,17,0,2,0,59,0,2,214,1,0,0,0,0,0,0,0,2,2,0,0,12,178,169,124,214,178
CRAWFORDCITY OF PRAIRIE DU CHIEN WARD 6,91,0,2,62,1,1,0,43,0,0,0,26,0,4,0,73,0,2,228,4,0,0,0,0,0,0,2,1,0,0,0,9,188,155,148,228,188
"CRAWFORDCITY OF PRAIRIE DU CHIEN WARDS 2,7",74,0,0,82,0,1,1,47,1,0,0,31,4,3,0,60,0,3,223,7,0,0,0,0,0,0,0,3,0,0,0,9,209,156,148,223,209
CRAWFORDTOWN OF BRIDGEPORT WARD 1,70,0,0,75,1,2,0,77,0,0,1,36,1,2,0,96,0,3,220,1,0,0,0,0,0,0,0,3,0,0,0,22,295,145,216,220,295
CRAWFORDTOWN OF CLAYTON WARDS 1-3,57,0,0,156,0,0,0,59,0,0,1,18,0,1,0,49,0,3,231,8,0,1,0,0,0,0,0,0,1,0,0,18,198,213,128,231,198
CRAWFORDTOWN OF EASTMAN WARDS 1-2,40,0,1,41,0,2,0,60,0,0,1,31,1,1,0,53,0,2,141,7,0,0,0,0,0,0,0,0,0,0,0,14,238,82,149,141,238
CRAWFORDTOWN OF FREEMAN WARD 1,62,0,0,86,0,2,1,54,0,0,0,9,0,1,0,79,0,4,185,3,0,0,0,0,0,0,0,1,1,0,0,20,206,148,146,185,206
CRAWFORDTOWN OF HANEY WARD 1,30,0,1,46,0,0,0,24,0,0,0,4,0,1,0,22,0,1,83,0,0,0,0,0,0,0,0,0,0,0,0,9,72,77,51,83,72
CRAWFORDTOWN OF MARIETTA WARD 1,31,0,0,54,2,2,0,41,0,0,1,22,1,0,1,58,0,2,87,1,0,2,0,0,0,0,0,4,0,0,0,11,156,85,128,87,156
CRAWFORDTOWN OF PRAIRIE DU CHIEN WARDS 1-2,56,0,0,67,1,1,1,87,0,0,0,18,1,0,0,88,0,2,179,5,0,0,0,0,0,0,0,0,2,0,0,18,269,123,197,179,269
CRAWFORDTOWN OF SCOTT WARD 1,41,0,0,68,0,1,1,28,0,0,0,11,0,0,0,47,0,2,114,3,0,0,0,0,0,0,0,1,0,0,0,6,113,109,88,114,113
CRAWFORDTOWN OF SENECA WARD 1,60,0,0,72,1,1,0,65,1,0,0,23,0,1,0,81,0,0,191,0,0,1,0,0,0,0,0,0,1,0,0,17,241,132,173,191,241
CRAWFORDTOWN OF UTICA WARD 1,40,0,1,112,0,2,0,50,0,0,0,13,0,1,1,44,0,5,174,6,0,0,0,0,0,0,0,3,0,0,0,13,135,153,111,174,135
CRAWFORDTOWN OF WAUZEKA WARDS 1-2,24,0,0,41,0,0,0,26,0,0,1,9,2,0,0,33,0,1,72,1,0,0,0,0,0,0,0,0,0,0,0,11,119,65,71,72,119
CRAWFORDVILLAGE OF BELL CENTER WARD 1,7,0,1,20,0,0,0,9,0,0,0,1,0,0,0,7,0,1,16,5,0,0,0,0,0,0,0,0,0,0,0,3,19,28,17,16,19
CRAWFORDVILLAGE OF DE SOTO WARD 2,6,0,0,9,0,1,0,6,0,0,0,2,0,0,0,5,0,0,29,0,0,0,0,0,0,0,0,0,0,0,0,0,18,15,14,29,18
CRAWFORDVILLAGE OF EASTMAN WARD 1,31,0,0,31,1,1,0,29,0,1,0,3,1,0,0,30,0,0,55,0,0,1,0,0,0,0,0,0,0,0,0,9,111,62,66,55,111
CRAWFORDVILLAGE OF FERRYVILLE WARD 1,22,0,0,27,0,0,0,15,0,0,0,5,0,0,0,16,0,0,70,0,0,0,0,0,0,0,0,0,0,0,0,4,52,49,36,70,52
CRAWFORDVILLAGE OF GAYS MILLS WARD 1,36,0,0,68,0,0,0,32,0,0,0,8,0,2,0,35,0,1,119,1,0,0,0,0,0,0,0,1,0,0,0,11,95,104,77,119,95
CRAWFORDVILLAGE OF LYNXVILLE WARD 1,6,0,0,14,0,0,0,11,0,0,0,3,0,0,0,12,0,0,28,0,0,0,0,0,0,0,0,0,0,0,0,0,43,20,26,28,43
CRAWFORDVILLAGE OF MT. STERLING WARD 1,19,0,0,19,0,0,0,11,0,0,0,6,0,1,0,14,0,0,47,0,0,0,0,0,0,0,0,0,0,0,0,4,33,38,32,47,33
CRAWFORDVILLAGE OF SOLDIERS GROVE WARD 1,40,0,0,70,0,1,0,16,0,0,0,7,1,1,0,44,0,1,117,4,0,0,0,0,0,0,0,1,0,0,0,7,114,110,70,117,114
CRAWFORDVILLAGE OF STEUBEN WARD 1,9,0,0,16,0,2,0,4,0,0,0,1,0,1,0,6,0,1,16,0,0,0,0,0,0,0,0,0,0,0,0,0,34,25,14,16,34
CRAWFORDVILLAGE OF WAUZEKA WARD 1,31,0,1,68,0,0,0,34,0,0,1,12,0,0,0,33,0,3,109,2,0,0,0,0,0,0,0,1,0,0,0,13,158,100,80,109,158
DANECITY OF EDGERTON WARD 7,6,0,0,14,0,0,0,5,0,0,0,3,1,0,0,8,0,0,28,0,0,0,0,0,0,0,0,0,0,0,0,6,26,20,17,28,26
DANECITY OF FITCHBURG WARD 14,633,0,2,1034,3,4,0,222,1,0,1,196,0,3,0,144,0,0,688,9,0,1,0,0,0,0,0,0,0,0,0,43,197,1669,574,688,197
DANECITY OF FITCHBURG WARD 20,837,0,0,1038,1,2,0,367,0,0,2,346,2,9,0,318,0,0,0,0,0,0,0,0,0,0,0,0,0,0,0,0,0,1875,1047,0,0
DANECITY OF FITCHBURG WARDS 5-9,1013,0,0,1150,2,3,2,344,0,0,3,440,3,8,1,302,0,5,3035,27,0,2,0,0,0,0,1,7,1,0,0,136,970,2163,1108,3035,970
DANECITY OF MADISON WARD 1,253,0,0,431,0,3,0,100,0,0,1,64,0,3,1,73,0,4,1105,16,0,0,0,0,0,0,1,14,0,0,0,64,326,684,245,1105,326
DANECITY OF MADISON WARD 10,343,0,0,484,0,1,1,121,0,0,0,98,1,3,0,120,0,2,1063,14,0,0,0,0,0,0,0,6,0,0,0,43,301,827,345,1063,301
DANECITY OF MADISON WARD 100,359,0,1,586,1,2,1,132,0,0,1,100,0,1,1,82,0,2,1308,30,0,0,0,0,0,0,0,4,0,0,0,69,299,946,321,1308,299
DANECITY OF MADISON WARD 101,87,0,1,166,1,0,0,33,0,0,2,34,0,0,0,26,0,2,621,10,0,1,0,0,0,0,0,0,0,0,0,31,147,254,96,621,147
DANECITY OF MADISON WARD 102,251,0,0,309,0,0,2,67,0,0,0,75,0,2,0,61,0,4,622,6,0,0,0,0,0,0,0,0,0,0,0,17,124,560,207,622,124
DANECITY OF MADISON WARD 103,87,0,0,166,0,0,0,17,0,0,0,9,0,0,0,19,0,2,373,10,0,0,0,0,0,0,0,4,0,0,1,10,57,253,45,373,57
DANECITY OF MADISON WARD 104,257,0,0,635,0,5,0,100,0,0,0,89,1,1,0,66,0,5,1253,28,0,2,0,0,0,0,1,12,3,0,0,66,258,892,262,1253,258
DANECITY OF MADISON WARD 105,332,0,1,587,2,0,0,169,1,0,0,101,0,2,0,83,0,5,1426,16,0,1,0,0,0,0,0,0,3,0,0,89,338,920,358,1426,338
DANECITY OF MADISON WARD 106,349,0,0,369,1,2,1,256,1,0,0,233,1,3,0,177,0,6,1250,16,0,2,0,0,0,0,0,16,0,0,0,71,702,718,675,1250,702
DANECITY OF MADISON WARD 107,243,0,1,245,2,4,0,89,1,0,1,85,2,5,0,66,0,2,874,6,0,0,0,0,0,0,0,0,1,0,0,65,314,489,255,874,314
DANECITY OF MADISON WARD 108,389,0,3,493,1,0,0,82,0,0,0,73,0,1,0,63,0,6,1253,24,0,0,0,0,0,0,0,2,1,0,0,32,209,885,220,1253,209
DANECITY OF MADISON WARD 109,425,0,0,507,0,0,0,112,0,0,0,153,0,5,0,108,0,3,1285,27,0,1,0,0,0,0,0,0,0,0,0,66,317,932,378,1285,317
DANECITY OF MADISON WARD 11,139,0,0,275,0,0,0,43,0,0,0,20,0,0,0,31,0,3,582,10,0,1,0,0,0,0,0,2,0,0,0,24,118,414,94,582,118
DANECITY OF MADISON WARD 110,279,0,1,283,6,1,0,97,2,0,0,145,1,4,0,95,0,3,877,10,0,1,0,1,0,0,0,8,2,0,0,46,294,563,351,877,294
DANECITY OF MADISON WARD 111,404,0,0,432,3,3,1,219,1,0,1,206,0,4,0,167,0,7,1328,11,0,1,0,0,0,0,0,9,1,0,0,77,563,836,605,1328,563
DANECITY OF MADISON WARD 112,0,0,0,0,0,0,0,0,0,0,0,0,0,0,0,0,0,0,0,0,0,0,0,0,0,0,0,0,0,0,0,0,0,0,0,0,0
DANECITY OF MADISON WARD 113,0,0,0,0,0,0,0,0,0,0,0,0,0,0,0,0,0,0,0,0,0,0,0,0,0,0,0,0,0,0,0,0,0,0,0,0,0
DANECITY OF MADISON WARD 114,0,0,0,0,0,0,0,0,0,0,0,0,0,0,0,0,0,0,0,0,0,0,0,0,0,0,0,0,0,0,0,0,0,0,0,0,0
DANECITY OF MADISON WARD 115,0,0,0,0,0,0,0,0,0,0,0,0,0,0,0,0,0,0,0,0,0,0,0,0,0,0,0,0,0,0,0,0,0,0,0,0,0
DANECITY OF MADISON WARD 116,0,0,0,0,0,0,0,0,0,0,0,0,0,0,0,0,0,0,0,0,0,0,0,0,0,0,0,0,0,0,0,0,0,0,0,0,0
DANECITY OF MADISON WARD 117,0,0,0,0,0,0,0,0,0,0,0,0,0,0,0,0,0,0,0,0,0,0,0,0,0,0,0,0,0,0,0,0,0,0,0,0,0
DANECITY OF MADISON WARD 118,0,0,0,0,0,0,0,0,0,0,0,0,0,0,0,0,0,0,0,0,0,0,0,0,0,0,0,0,0,0,0,0,0,0,0,0,0
DANECITY OF MADISON WARD 119,2,0,0,0,0,0,0,0,0,0,0,0,0,0,0,0,0,0,0,0,0,0,0,0,0,0,0,0,0,0,0,0,0,2,0,0,0
DANECITY OF MADISON WARD 12,397,0,1,663,0,1,1,119,1,1,0,63,1,3,0,124,0,2,1265,32,0,0,0,0,0,0,0,5,0,0,0,36,315,1061,314,1265,315
DANECITY OF MADISON WARD 120,0,0,0,0,0,0,0,0,0,0,0,0,0,0,0,0,0,0,0,0,0,0,0,0,0,0,0,0,0,0,0,0,0,0,0,0,0
DANECITY OF MADISON WARD 121,2,0,0,0,0,0,0,0,0,0,0,0,0,0,0,0,0,0,6,0,0,0,0,0,0,0,0,0,0,0,0,1,0,2,0,6,0
DANECITY OF MADISON WARD 122,0,0,0,0,0,0,0,0,0,0,0,0,0,0,0,0,0,0,2,0,0,0,0,0,0,0,0,0,0,0,0,0,0,0,0,2,0
DANECITY OF MADISON WARD 123,0,0,0,0,0,0,0,0,0,0,0,0,0,0,0,0,0,0,0,0,0,0,0,0,0,0,0,0,0,0,0,0,0,0,0,0,0
DANECITY OF MADISON WARD 124,0,0,0,0,0,0,0,0,0,0,0,0,0,0,0,0,0,0,3,2,0,0,0,0,0,0,0,0,0,0,0,1,3,0,0,3,3
DANECITY OF MADISON WARD 125,0,0,0,0,0,0,0,0,0,0,0,0,0,0,0,0,0,1,2,0,0,0,0,0,0,0,0,0,0,0,0,0,2,0,0,2,2
DANECITY OF MADISON WARD 126,0,0,0,0,0,0,0,0,0,0,0,0,0,0,0,0,0,0,0,0,0,0,0,0,0,0,0,0,0,0,0,0,0,0,0,0,0
DANECITY OF MADISON WARD 127,0,0,0,0,0,0,0,0,0,0,0,0,0,0,0,0,0,0,0,0,0,0,0,0,0,0,0,0,0,0,0,0,0,0,0,0,0
DANECITY OF MADISON WARD 128,0,0,0,3,0,0,0,0,0,0,0,0,0,0,0,0,0,0,1,0,0,0,0,0,0,0,0,0,0,0,0,0,0,3,0,1,0
DANECITY OF MADISON WARD 129,0,0,0,1,0,0,0,0,0,0,0,0,0,0,0,0,0,0,1,0,0,0,0,0,0,0,0,0,0,0,0,0,0,1,0,1,0
DANECITY OF MADISON WARD 13,115,0,1,216,0,0,0,23,0,0,0,19,0,0,0,25,0,2,405,8,0,0,0,0,0,0,0,2,0,0,0,7,78,332,67,405,78
DANECITY OF MADISON WARD 130,0,0,0,0,0,0,0,0,0,0,0,0,0,0,0,0,0,0,1,0,0,0,0,0,0,0,0,0,0,0,0,0,0,0,0,1,0
DANECITY OF MADISON WARD 131,2,0,0,0,0,0,0,0,0,0,0,0,0,0,0,1,0,0,3,0,0,0,0,0,0,0,0,0,0,0,0,0,0,2,1,3,0
DANECITY OF MADISON WARD 132,0,0,0,0,0,0,0,0,0,0,0,0,0,0,0,0,0,0,2,0,0,0,0,0,0,0,0,0,0,0,0,1,0,0,0,2,0
DANECITY OF MADISON WARD 133,0,0,0,0,0,0,0,0,0,0,0,0,0,0,0,0,0,0,0,0,0,0,0,0,0,0,0,0,0,0,0,0,0,0,0,0,0
DANECITY OF MADISON WARD 134,0,0,0,3,0,0,0,0,0,0,0,0,0,0,0,0,0,0,8,0,0,0,0,0,0,0,0,0,0,0,0,0,3,3,0,8,3
DANECITY OF MADISON WARD 135,0,0,0,0,0,0,0,0,0,0,0,0,0,0,0,0,0,0,0,0,0,0,0,0,0,0,0,0,0,0,0,0,0,0,0,0,0
DANECITY OF MADISON WARD 136,0,0,0,0,0,0,0,0,0,0,0,0,0,0,0,0,0,0,0,0,0,0,0,0,0,0,0,0,0,0,0,0,0,0,0,0,0
DANECITY OF MADISON WARD 14,117,0,0,198,1,0,0,22,0,0,0,15,2,0,0,26,0,3,361,4,0,0,0,0,0,0,0,0,1,0,0,11,64,315,66,361,64
DANECITY OF MADISON WARD 15,215,0,0,462,1,0,0,48,0,0,0,25,0,0,0,47,0,0,792,24,0,0,0,0,0,0,0,2,1,0,0,25,135,677,121,792,135
DANECITY OF MADISON WARD 16,542,0,1,1004,1,2,1,95,1,1,0,79,2,1,2,128,0,3,1828,52,0,1,0,0,0,0,0,2,0,0,1,41,324,1547,313,1828,324
DANECITY OF MADISON WARD 17,135,0,2,285,0,1,0,42,0,0,0,26,0,2,0,44,0,3,549,18,0,1,0,0,0,0,0,1,0,0,1,25,130,422,115,549,130
DANECITY OF MADISON WARD 18,152,0,1,319,0,0,0,27,0,0,1,17,1,1,0,43,0,2,637,13,0,0,0,0,0,0,0,2,0,0,0,12,109,472,90,637,109
DANECITY OF MADISON WARD 19,139,0,2,293,0,3,0,39,0,0,0,12,0,0,0,25,0,2,558,19,0,0,0,0,0,0,0,2,0,0,0,12,92,434,79,558,92
DANECITY OF MADISON WARD 2,220,0,0,373,0,2,0,60,0,0,0,34,2,1,1,78,0,5,731,18,0,0,0,0,0,0,0,2,0,0,0,32,192,593,178,731,192
DANECITY OF MADISON WARD 20,32,0,0,76,0,0,0,7,0,0,0,1,0,0,0,15,0,1,137,4,0,0,0,0,0,0,0,0,0,0,0,1,25,108,23,137,25
DANECITY OF MADISON WARD 21,171,0,0,350,0,0,0,46,0,0,1,31,0,2,0,57,0,2,644,18,0,0,0,0,0,0,0,4,0,0,0,22,127,521,137,644,127
DANECITY OF MADISON WARD 22,270,0,1,461,0,1,0,105,0,0,0,46,2,3,0,70,0,4,999,20,0,0,0,0,0,0,0,4,0,0,0,34,233,732,227,999,233
DANECITY OF MADISON WARD 23,117,0,0,206,1,1,0,32,0,0,0,26,0,1,0,40,0,0,415,11,0,0,0,0,0,0,0,1,2,0,0,26,141,323,101,415,141
DANECITY OF MADISON WARD 24,148,0,2,215,3,1,0,52,0,0,1,58,3,2,1,60,0,1,462,5,0,0,0,0,0,0,0,3,0,0,0,25,201,365,181,462,201
DANECITY OF MADISON WARD 25,347,0,0,705,1,1,0,113,0,0,1,61,2,2,0,122,0,7,1382,26,0,0,0,0,0,0,0,1,2,0,0,60,318,1052,303,1382,318
DANECITY OF MADISON WARD 26,187,0,0,426,1,4,0,88,0,0,1,41,2,0,0,67,0,3,722,12,0,0,0,0,0,0,0,4,1,0,0,43,222,613,204,722,222
DANECITY OF MADISON WARD 27,0,0,0,8,0,0,0,0,0,0,0,0,0,1,0,1,0,0,11,0,0,0,0,0,0,0,0,1,0,0,0,0,2,8,2,11,2
DANECITY OF MADISON WARD 28,207,0,2,576,0,0,0,30,0,0,1,22,0,3,0,30,0,1,896,48,0,2,0,0,0,0,0,0,2,0,0,23,114,785,86,896,114
DANECITY OF MADISON WARD 29,472,0,2,1389,2,1,0,42,0,1,0,39,0,1,0,54,0,3,2016,85,0,0,0,0,0,0,0,0,4,0,0,36,128,1863,140,2016,128
DANECITY OF MADISON WARD 3,164,0,0,277,0,3,0,76,0,0,0,43,0,0,0,62,0,3,558,1,0,0,0,0,0,0,0,1,0,0,0,24,179,441,184,558,179
DANECITY OF MADISON WARD 30,185,0,1,435,1,2,0,22,0,0,0,19,0,0,0,47,0,3,716,36,0,1,0,0,0,0,0,0,5,0,0,27,110,621,91,716,110
DANECITY OF MADISON WARD 31,260,0,2,470,0,0,0,54,1,0,0,27,0,2,0,48,0,2,802,28,0,0,0,0,0,0,0,3,2,0,0,20,145,732,132,802,145
DANECITY OF MADISON WARD 32,129,0,0,278,1,3,0,24,0,0,0,28,0,1,0,38,0,0,527,9,0,0,0,0,0,0,0,0,0,0,0,19,95,407,95,527,95
DANECITY OF MADISON WARD 33,164,0,0,279,1,0,0,34,0,0,0,20,0,1,0,37,0,4,641,14,0,0,0,0,0,0,0,0,2,0,0,11,116,443,93,641,116
DANECITY OF MADISON WARD 34,199,0,0,385,0,0,0,41,0,0,1,16,0,0,0,44,0,2,664,14,0,0,0,0,0,0,0,0,0,0,0,18,105,584,102,664,105
DANECITY OF MADISON WARD 35,205,0,1,425,0,2,1,33,0,0,1,16,1,0,0,64,0,1,822,25,0,0,0,0,0,0,0,4,0,0,0,19,154,631,118,822,154
DANECITY OF MADISON WARD 36,257,0,1,395,0,0,0,78,0,0,1,60,0,3,0,78,0,3,791,13,0,2,0,0,0,0,0,1,1,0,0,31,201,653,220,791,201
DANECITY OF MADISON WARD 37,303,0,1,622,2,2,0,82,0,1,1,47,0,3,0,85,0,3,1086,28,0,0,0,0,0,0,0,0,1,0,0,47,219,926,223,1086,219
DANECITY OF MADISON WARD 38,671,0,1,736,3,3,0,192,1,1,1,175,0,7,0,202,0,6,1778,26,0,0,0,0,0,0,0,0,0,0,0,55,557,1408,585,1778,557
DANECITY OF MADISON WARD 39,246,0,1,858,0,0,0,24,0,0,1,15,0,1,0,35,0,5,1232,51,0,0,0,0,0,0,0,1,3,0,0,22,84,1105,76,1232,84
DANECITY OF MADISON WARD 4,133,0,0,173,1,0,1,68,0,0,1,31,0,1,0,49,0,0,394,6,0,0,0,0,0,0,0,1,0,0,0,19,140,306,152,394,140
DANECITY OF MADISON WARD 40,622,0,1,1312,0,1,0,35,1,0,0,41,0,1,0,41,0,2,2067,88,0,1,0,0,0,0,0,1,3,0,0,21,97,1935,120,2067,97
DANECITY OF MADISON WARD 41,591,0,1,1379,0,0,0,24,0,0,0,52,0,1,0,45,0,0,2199,58,0,0,0,0,0,0,0,0,2,0,0,35,91,1971,122,2199,91
DANECITY OF MADISON WARD 42,460,0,0,1472,0,0,0,17,0,0,0,57,1,0,0,27,0,2,2252,74,0,2,0,0,0,0,1,2,3,0,0,46,57,1932,102,2252,57
DANECITY OF MADISON WARD 43,75,0,0,217,0,0,0,6,0,0,0,16,0,0,0,7,0,1,338,6,0,1,0,0,0,0,0,1,1,0,0,16,27,292,29,338,27
DANECITY OF MADISON WARD 44,345,0,2,907,1,1,0,34,1,0,0,32,0,0,0,24,0,2,1500,51,0,0,0,0,0,0,0,0,4,0,0,35,76,1254,93,1500,76
DANECITY OF MADISON WARD 45,482,0,1,1519,1,0,0,48,1,0,0,71,2,1,0,48,0,2,2432,93,0,1,0,0,0,0,0,5,4,0,1,76,133,2002,172,2432,133
DANECITY OF MADISON WARD 46,325,0,1,1179,1,0,0,52,0,0,0,81,3,2,0,40,0,2,1944,61,0,0,0,0,1,0,2,8,1,0,0,72,128,1505,179,1944,128
DANECITY OF MADISON WARD 47,255,0,0,638,0,0,0,107,0,0,0,143,3,7,0,52,0,6,1427,34,0,1,0,0,0,0,1,4,2,0,0,103,339,893,312,1427,339
DANECITY OF MADISON WARD 48,87,0,0,349,0,2,0,43,0,0,0,65,1,1,0,19,0,2,640,18,0,0,0,0,0,0,0,2,0,0,0,33,115,436,131,640,115
DANECITY OF MADISON WARD 49,273,0,3,1033,0,0,0,201,1,0,0,212,1,7,1,72,0,2,1883,28,0,0,0,0,0,0,0,0,0,0,0,120,499,1309,495,1883,499
DANECITY OF MADISON WARD 5,211,0,0,314,0,2,0,87,0,0,0,64,0,1,0,66,0,2,667,9,0,0,0,0,0,0,0,4,1,0,0,39,207,525,220,667,207
DANECITY OF MADISON WARD 50,247,0,0,964,0,0,0,145,0,0,0,165,2,5,0,56,0,2,1813,23,0,3,0,0,0,0,0,0,3,0,0,117,402,1211,373,1813,402
DANECITY OF MADISON WARD 51,334,0,1,493,1,1,1,67,0,0,0,84,0,4,0,50,0,2,1183,27,0,0,0,0,0,0,0,2,0,0,1,44,173,828,208,1183,173
DANECITY OF MADISON WARD 52,129,0,0,243,0,1,0,20,0,0,0,39,3,1,0,21,0,2,493,16,0,0,0,0,0,0,0,1,0,0,0,16,52,372,85,493,52
DANECITY OF MADISON WARD 53,606,0,2,1227,3,0,0,99,0,0,0,170,3,5,0,83,0,4,2476,47,0,2,0,0,0,0,1,3,1,0,0,132,282,1835,363,2476,282
DANECITY OF MADISON WARD 54,73,0,1,373,0,1,0,65,0,0,0,86,1,2,0,30,0,0,472,7,0,0,0,0,0,0,0,1,0,0,0,48,166,447,185,472,166
DANECITY OF MADISON WARD 55,282,0,1,1487,0,1,1,292,0,0,1,309,6,7,0,99,0,10,2159,50,0,2,0,0,0,0,0,13,0,0,0,239,646,1770,716,2159,646
DANECITY OF MADISON WARD 56,207,0,0,796,0,1,0,223,2,0,0,273,1,11,0,112,0,3,1280,26,0,3,0,0,0,0,0,0,0,0,0,120,640,1003,623,1280,640
DANECITY OF MADISON WARD 57,139,0,0,349,0,0,0,42,0,0,0,75,1,0,0,18,0,2,817,11,0,0,0,0,0,0,0,3,0,0,0,46,154,488,136,817,154
DANECITY OF MADISON WARD 58,92,0,1,565,1,1,0,82,1,0,0,88,1,1,0,20,0,2,751,14,0,1,0,0,0,0,0,4,1,0,0,52,191,658,195,751,191
DANECITY OF MADISON WARD 59,121,0,0,626,1,2,0,120,0,0,0,138,2,8,0,53,0,3,871,20,0,2,0,0,0,0,0,6,0,0,1,85,331,747,324,871,331
DANECITY OF MADISON WARD 6,358,0,0,642,1,2,1,119,1,1,1,77,0,1,0,109,0,2,1259,26,0,1,0,0,0,0,0,3,0,0,0,36,315,1000,313,1259,315
DANECITY OF MADISON WARD 60,81,0,1,245,0,0,0,32,0,0,0,24,0,0,0,11,0,1,426,18,0,0,0,0,0,0,0,0,1,0,0,21,54,327,67,426,54
DANECITY OF MADISON WARD 61,411,0,0,957,0,2,0,142,0,0,1,165,1,5,0,64,0,4,1754,31,0,0,0,0,0,0,1,9,1,0,1,134,262,1368,380,1754,262
DANECITY OF MADISON WARD 62,324,0,0,296,0,0,0,16,1,0,0,54,0,0,0,22,0,0,746,8,0,1,0,0,0,0,0,0,0,0,0,27,44,620,93,746,44
DANECITY OF MADISON WARD 63,435,0,0,697,0,0,0,80,0,0,1,91,1,3,0,39,0,0,1518,23,0,0,0,0,0,0,0,0,1,0,0,81,145,1132,215,1518,145
DANECITY OF MADISON WARD 64,430,0,0,613,0,0,0,41,0,0,0,60,0,0,0,33,0,0,1244,18,0,0,0,0,0,0,0,0,3,0,0,44,90,1043,134,1244,90
DANECITY OF MADISON WARD 65,764,0,2,1102,1,2,1,88,0,0,0,115,1,5,0,68,0,3,2258,43,0,1,0,0,0,0,1,7,0,0,0,41,189,1868,281,2258,189
DANECITY OF MADISON WARD 66,480,0,0,1092,1,1,0,115,0,0,1,202,1,3,0,61,0,5,1911,36,0,1,0,0,0,0,0,0,1,0,0,136,287,1572,385,1911,287
DANECITY OF MADISON WARD 67,194,0,1,463,0,1,1,48,0,0,0,36,1,0,0,30,0,2,913,21,0,0,0,0,0,0,0,1,2,0,0,38,85,658,117,913,85
DANECITY OF MADISON WARD 68,201,0,0,507,0,0,0,21,0,0,0,50,0,0,0,22,0,2,917,25,0,1,0,0,0,0,0,0,0,0,1,41,71,708,93,917,71
DANECITY OF MADISON WARD 69,429,0,1,898,0,0,1,47,0,0,0,39,2,1,0,57,0,4,1522,36,0,0,0,0,0,0,1,0,1,0,0,39,143,1328,147,1522,143
DANECITY OF MADISON WARD 7,228,0,0,294,0,2,1,109,1,0,0,67,0,2,0,80,0,7,678,14,0,0,0,0,0,0,0,2,0,0,0,34,261,522,262,678,261
DANECITY OF MADISON WARD 70,250,0,0,392,0,2,0,56,0,0,0,46,2,1,0,75,0,4,836,20,0,2,0,0,0,0,0,1,0,0,0,26,206,642,182,836,206
DANECITY OF MADISON WARD 71,298,0,2,557,0,1,0,68,1,0,0,49,0,3,0,69,0,8,1177,16,0,0,0,0,0,0,0,3,0,0,0,27,219,857,191,1177,219
DANECITY OF MADISON WARD 72,117,0,0,260,0,1,1,19,0,0,1,5,3,2,0,12,0,1,504,17,0,0,0,0,0,0,0,0,1,0,0,6,42,377,44,504,42
DANECITY OF MADISON WARD 73,117,0,0,259,1,3,0,27,0,0,0,11,2,0,0,24,0,0,584,19,0,1,0,0,0,0,0,1,2,0,0,21,64,376,68,584,64
DANECITY OF MADISON WARD 74,84,0,0,212,0,0,0,22,0,0,0,12,1,0,0,17,0,0,378,6,0,0,0,0,0,0,0,1,0,0,0,18,39,296,52,378,39
DANECITY OF MADISON WARD 75,251,0,0,413,0,0,0,59,1,0,2,59,0,2,0,63,0,4,895,19,0,2,0,0,0,0,0,9,0,0,0,39,163,664,186,895,163
DANECITY OF MADISON WARD 76,146,0,0,282,0,1,0,22,0,0,0,5,1,3,0,24,0,4,651,11,0,0,0,0,0,0,0,0,0,0,0,15,67,428,56,651,67
DANECITY OF MADISON WARD 77,371,0,0,650,1,1,0,154,1,1,1,121,0,5,0,87,0,4,1213,19,0,1,0,0,0,0,4,6,1,0,0,37,337,1021,372,1213,337
DANECITY OF MADISON WARD 78,792,0,0,775,0,2,0,108,0,0,1,174,0,4,0,97,0,0,1929,39,0,0,0,0,0,0,0,6,0,0,0,53,234,1567,386,1929,234
DANECITY OF MADISON WARD 79,809,0,2,992,0,2,0,112,1,0,3,159,2,2,0,86,0,4,2159,47,0,0,0,0,0,0,0,0,1,0,0,57,275,1803,367,2159,275
DANECITY OF MADISON WARD 8,316,0,0,542,1,0,0,140,0,0,0,93,2,0,0,139,0,7,1155,37,0,3,0,0,0,0,0,0,0,0,0,46,392,858,375,1155,392
DANECITY OF MADISON WARD 80,54,0,1,65,0,0,0,12,0,0,0,13,0,0,0,5,0,0,157,2,0,0,0,0,0,0,0,0,0,0,0,3,22,120,30,157,22
DANECITY OF MADISON WARD 81,460,0,1,662,0,0,0,64,0,0,0,102,0,1,0,70,0,2,1354,18,0,0,0,0,0,0,1,9,2,0,0,30,147,1123,237,1354,147
DANECITY OF MADISON WARD 82,402,0,0,572,0,0,0,27,0,0,0,61,0,0,0,45,0,1,1155,18,0,2,0,0,0,0,0,5,3,0,0,24,91,974,133,1155,91
DANECITY OF MADISON WARD 83,502,0,2,534,3,0,0,36,0,0,0,101,0,0,0,59,0,3,1241,19,0,0,0,0,0,0,0,0,1,0,0,20,139,1038,199,1241,139
DANECITY OF MADISON WARD 84,441,0,0,607,0,0,0,78,0,1,0,92,1,2,0,68,0,4,1420,27,0,0,0,0,0,0,0,4,2,0,0,41,213,1048,242,1420,213
DANECITY OF MADISON WARD 85,488,0,1,637,0,0,0,72,0,0,0,107,1,2,0,65,0,1,1364,18,0,0,0,0,0,0,2,8,0,0,0,31,168,1126,247,1364,168
DANECITY OF MADISON WARD 86,543,0,3,719,0,1,1,84,0,0,0,108,4,0,0,92,0,4,1601,31,0,0,0,1,0,0,0,5,1,0,0,52,227,1265,290,1601,227
DANECITY OF MADISON WARD 87,615,0,1,575,1,1,0,132,1,0,0,197,2,2,0,123,0,3,1509,23,0,0,0,0,0,0,0,0,2,0,0,51,376,1191,459,1509,376
DANECITY OF MADISON WARD 88,517,0,0,547,1,2,1,152,0,0,0,174,4,1,0,118,0,3,1376,14,0,0,0,0,0,0,0,0,0,0,0,53,392,1064,453,1376,392
DANECITY OF MADISON WARD 89,604,0,2,551,0,6,0,96,2,0,3,151,2,7,0,102,0,4,1508,11,0,0,0,0,0,0,0,7,2,0,0,31,312,1157,369,1508,312
DANECITY OF MADISON WARD 9,441,0,0,581,5,1,1,148,0,1,1,112,0,3,0,133,0,4,1522,21,0,0,0,0,0,0,0,8,1,0,0,53,492,1022,405,1522,492
DANECITY OF MADISON WARD 90,168,0,0,220,2,0,0,54,0,0,0,32,0,0,0,47,0,1,520,11,0,0,0,0,0,0,0,4,1,0,0,21,135,388,135,520,135
DANECITY OF MADISON WARD 91,362,0,0,466,0,0,1,111,0,0,0,102,1,1,0,61,0,2,1068,14,0,1,0,0,0,0,0,3,0,0,0,32,195,828,277,1068,195
DANECITY OF MADISON WARD 92,217,0,0,494,2,0,0,81,0,0,0,51,2,1,0,41,0,5,953,20,0,0,0,0,0,0,1,4,1,0,0,33,170,711,178,953,170
DANECITY OF MADISON WARD 93,49,0,0,93,0,0,0,6,0,0,0,10,1,0,1,14,0,1,224,2,0,0,0,0,0,0,0,0,0,0,0,10,40,142,32,224,40
DANECITY OF MADISON WARD 94,167,0,0,294,0,0,0,63,0,0,0,42,0,1,0,39,0,2,557,8,0,2,0,0,0,0,0,0,1,0,0,16,145,461,145,557,145
DANECITY OF MADISON WARD 95,377,0,2,637,2,0,1,117,0,0,0,85,1,3,0,110,0,1,1267,31,0,1,0,0,0,0,1,1,1,0,0,50,281,1016,319,1267,281
DANECITY OF MADISON WARD 96,295,0,1,463,1,1,0,102,0,0,0,99,1,4,0,81,0,7,1067,13,0,1,0,0,0,0,0,9,1,0,0,49,253,759,289,1067,253
DANECITY OF MADISON WARD 97,392,0,0,664,1,1,1,184,1,0,2,120,2,4,0,98,0,3,1530,23,0,0,0,0,0,0,0,16,0,0,0,102,379,1056,414,1530,379
DANECITY OF MADISON WARD 98,477,0,0,708,1,0,0,230,0,0,0,162,2,3,0,132,0,1,1751,24,0,2,0,0,0,0,1,9,0,0,0,115,503,1185,530,1751,503
DANECITY OF MADISON WARD 99,147,0,0,280,1,0,0,64,0,0,0,44,0,0,0,50,0,2,572,12,0,1,0,0,0,0,0,4,1,0,0,28,153,427,159,572,153
"DANECITY OF MIDDLETON WARDS 1-4,9",691,0,0,895,1,6,0,253,0,0,0,261,2,0,0,229,0,3,2133,42,0,1,0,0,0,0,1,15,1,0,0,89,721,1586,752,2133,721
DANECITY OF MIDDLETON WARDS 10-13,899,0,0,1016,4,4,0,254,2,0,2,251,2,9,2,200,0,9,2610,36,0,3,0,0,0,0,0,3,1,0,0,106,687,1915,730,2610,687
DANECITY OF MIDDLETON WARDS 14-18,543,0,0,789,0,2,0,227,1,0,1,207,2,1,0,175,0,8,1889,34,0,1,0,0,0,0,0,7,0,0,0,86,638,1332,616,1889,638
DANECITY OF MIDDLETON WARDS 5-8,662,0,1,992,3,3,0,170,1,0,0,133,2,7,0,136,0,2,2092,41,0,0,0,0,0,0,0,9,4,0,0,73,441,1655,455,2092,441
DANECITY OF MONONA WARD 1-5,705,0,1,1135,2,1,0,220,1,0,0,175,2,5,0,174,0,5,2215,30,0,0,0,0,0,0,3,9,4,0,0,69,523,1841,580,2215,523
DANECITY OF MONONA WARD 6-10,637,0,5,932,4,1,0,190,0,0,0,157,2,5,0,196,0,7,1912,30,0,3,0,0,0,0,0,2,3,0,0,82,530,1574,555,1912,530
DANECITY OF STOUGHTON WARDS 1-2,335,0,3,524,1,5,1,178,0,0,0,130,2,5,1,173,0,5,1179,28,0,0,0,0,0,0,0,4,2,0,0,61,565,862,496,1179,565
"DANECITY OF STOUGHTON WARDS 3-4,12",299,0,3,493,1,2,0,167,0,0,0,83,1,10,1,127,0,3,1098,32,0,1,0,0,0,0,0,6,0,0,0,37,466,795,392,1098,466
DANECITY OF STOUGHTON WARDS 5-6,303,0,1,601,0,3,0,191,2,0,1,84,0,4,1,120,0,6,1160,27,0,1,0,0,0,0,0,7,1,0,0,54,464,905,406,1160,464
DANECITY OF SUN PRAIRIE WARDS 1-5,697,0,2,1104,7,8,1,474,1,0,2,276,5,21,0,327,0,15,2669,51,0,1,0,0,0,0,0,14,2,0,0,160,1251,1803,1122,2669,1251
DANECITY OF SUN PRAIRIE WARDS 10-14,599,0,3,1037,3,2,0,371,1,0,2,228,10,7,0,272,0,22,2631,49,0,3,0,0,0,0,0,20,3,0,0,195,1169,1639,896,2631,1169
DANECITY OF SUN PRAIRIE WARDS 15-19,660,0,1,950,2,1,0,558,0,0,0,406,2,13,1,345,0,11,2466,39,0,5,0,0,0,0,0,0,0,0,0,191,1418,1611,1328,2466,1418
DANECITY OF SUN PRAIRIE WARDS 6-9,685,0,1,1005,4,8,1,482,2,0,1,258,3,13,0,353,0,17,2504,39,0,2,0,0,0,0,0,15,2,0,0,173,1321,1691,1125,2504,1321
"DANECITY OF VERONA WARDS 1,5",670,0,1,894,0,1,1,411,0,1,1,332,6,5,1,260,0,0,801,9,0,1,0,0,0,0,0,5,2,0,0,44,371,1565,1019,801,371
DANECITY OF VERONA WARDS 6-9,712,0,1,1069,2,4,2,426,1,0,2,274,6,11,0,303,0,20,2612,38,0,1,0,0,0,0,0,27,0,0,0,166,1050,1782,1031,2612,1050
DANETOWN OF ALBION WARDS 1-2,179,0,0,317,1,2,1,154,0,0,0,49,0,4,0,134,0,8,592,14,0,0,0,0,0,0,0,1,0,0,0,50,463,496,345,592,463
DANETOWN OF BERRY WARDS 1-2,119,0,0,186,0,1,0,109,0,0,0,67,1,2,0,93,0,3,415,9,0,0,0,0,0,0,0,3,1,0,0,27,285,305,273,415,285
DANETOWN OF BLACK EARTH WARD 1,60,0,1,88,0,0,1,71,0,0,0,15,0,1,0,38,0,0,177,2,0,1,0,0,0,0,0,0,0,0,0,10,136,149,126,177,136
DANETOWN OF BLOOMING GROVE WARDS 1-3,184,0,2,374,0,1,0,87,0,0,0,53,0,2,0,101,0,0,668,21,0,0,0,0,0,0,2,4,2,0,0,27,294,560,244,668,294
DANETOWN OF BLUE MOUNDS WARD 1,96,0,1,173,0,3,0,84,1,0,0,57,0,2,0,75,0,2,315,3,0,0,0,0,0,0,0,1,0,0,0,29,239,270,222,315,239
DANETOWN OF BRISTOL WARD 1-4,329,0,1,477,2,2,0,393,1,0,0,186,0,4,0,351,0,5,1132,27,0,2,0,0,0,0,0,4,1,0,0,108,1100,807,939,1132,1100
DANETOWN OF BURKE WARDS 1-4,340,0,0,501,0,5,0,244,1,0,2,137,0,5,0,221,0,3,1076,26,0,2,0,0,0,0,0,2,0,0,0,54,762,841,615,1076,762
DANETOWN OF CHRISTIANA WARD 1-2,103,0,2,176,0,2,0,119,0,0,1,27,0,2,0,100,0,3,363,3,0,0,0,0,0,0,0,1,1,0,0,24,323,281,251,363,323
"DANETOWN OF COTTAGE GROVE WARDS 3,6",419,0,2,656,3,5,2,328,0,1,1,159,1,5,1,297,0,1,523,10,0,1,0,0,0,0,0,6,0,0,0,23,326,1077,803,523,326
DANETOWN OF DANE WARD 1,69,0,0,112,1,1,0,113,0,0,0,44,0,1,0,62,0,7,222,2,0,2,0,0,0,0,0,4,0,0,0,18,276,181,222,222,276
DANETOWN OF DEERFIELD WARD 1-2,131,0,0,221,1,1,1,134,0,0,0,72,1,0,0,129,0,1,460,11,0,0,0,0,0,0,0,5,0,0,0,27,390,352,339,460,390
"DANETOWN OF DUNKIRK WARD 1,3,5",225,0,1,326,0,1,0,178,0,0,0,82,1,2,0,133,0,0,439,3,0,1,0,0,0,0,0,4,1,0,0,27,292,552,397,439,292
DANETOWN OF DUNN WARD 1-7,606,0,2,849,0,5,2,367,0,0,0,242,2,10,1,408,0,9,1911,47,0,0,0,0,0,0,1,7,3,0,1,105,1148,1457,1037,1911,1148
DANETOWN OF MADISON WARD 1,85,0,0,176,0,1,0,13,0,0,0,6,0,1,0,9,0,0,307,16,0,0,0,0,0,0,0,0,1,0,0,9,31,261,30,307,31
DANETOWN OF MADISON WARD 2-9,372,0,0,866,0,1,0,74,1,1,0,47,0,2,0,70,0,4,1684,69,0,2,0,0,0,0,0,5,2,0,0,64,222,1238,196,1684,222
DANETOWN OF MAZOMANIE WARDS 1-2,105,0,0,172,0,2,0,89,0,0,0,38,4,1,0,74,0,3,347,10,0,0,0,0,0,0,0,1,1,0,0,17,262,277,208,347,262
DANETOWN OF MEDINA WARD 1-2,134,0,0,211,1,5,1,106,0,0,0,51,0,3,0,109,0,0,378,4,0,1,0,0,0,0,0,0,1,0,0,22,342,345,276,378,342
DANETOWN OF MIDDLETON WARD 1-8,766,0,1,810,1,3,0,584,0,0,1,556,2,10,0,439,0,13,2311,30,0,2,0,0,0,0,0,24,0,0,0,155,1469,1577,1596,2311,1469
DANETOWN OF MONTROSE WARD 1-2,158,0,1,207,0,0,0,90,0,0,0,53,1,2,0,78,0,2,429,5,0,0,0,0,0,0,0,1,1,0,0,20,245,366,224,429,245
DANETOWN OF OREGON WARD 1-4,392,0,2,588,0,2,0,311,1,0,0,193,5,6,1,209,0,13,1276,19,0,0,0,0,0,0,0,7,0,0,0,70,713,982,728,1276,713
DANETOWN OF PERRY WARD 1,89,0,0,152,0,1,0,55,0,0,0,30,1,0,0,54,0,1,307,2,0,0,0,0,0,0,0,0,1,0,0,12,163,241,141,307,163
DANETOWN OF PLEASANT SPRINGS WARD 1-4,372,0,0,487,1,4,0,284,0,0,0,160,0,3,2,278,0,7,1119,15,0,1,0,0,0,0,0,4,0,0,0,59,868,859,732,1119,868
DANETOWN OF PRIMROSE WARD 1,79,0,0,139,0,0,0,50,0,0,0,41,0,2,0,45,0,4,273,8,0,0,0,0,0,0,0,0,0,0,0,18,143,218,138,273,143
DANETOWN OF ROXBURY WARD 1-2,175,0,0,230,3,1,2,170,2,0,0,93,2,3,0,110,0,4,559,7,0,0,0,0,0,0,0,3,0,0,0,42,453,405,386,559,453
DANETOWN OF RUTLAND WARD 1-2,249,0,0,349,1,0,0,166,0,0,3,72,0,6,1,144,0,3,738,16,0,0,0,0,0,0,0,6,2,0,0,49,461,598,393,738,461
DANETOWN OF SPRINGDALE WARD 1-2,193,0,1,346,2,0,0,177,0,0,0,98,1,4,0,141,0,7,684,22,0,0,0,0,0,0,0,3,1,0,0,52,455,540,423,684,455
DANETOWN OF SPRINGFIELD WARD 1-3,250,0,0,340,1,0,2,225,0,0,1,162,0,4,0,177,0,9,833,12,0,0,0,0,0,0,0,11,0,0,0,58,703,590,572,833,703
DANETOWN OF SUN PRAIRIE WARDS 1-3,206,0,0,363,3,3,1,206,0,0,1,61,1,3,1,162,0,2,719,9,0,0,0,0,0,0,0,0,0,0,0,41,594,569,442,719,594
DANETOWN OF VERMONT WARD 1,92,0,0,220,1,0,0,65,0,0,0,48,0,1,0,53,0,0,342,6,0,1,0,0,0,0,0,2,0,0,0,18,174,312,168,342,174
DANETOWN OF VIENNA WARDS 1-2,151,0,0,182,0,1,0,154,0,0,0,76,1,1,0,110,0,3,424,14,0,3,0,0,0,0,0,7,0,0,0,22,442,333,343,424,442
DANETOWN OF WESTPORT WARD 1-5,559,0,2,630,2,1,2,355,0,0,0,290,4,6,0,344,0,7,1607,28,0,4,0,0,0,0,0,9,1,0,0,94,1031,1191,1004,1607,1031
DANETOWN OF YORK WARD 1,63,0,0,108,1,0,0,66,0,0,0,25,0,0,0,63,0,2,194,2,0,0,0,0,0,0,0,0,0,0,0,10,191,171,155,194,191
DANEVILLAGE OF BELLEVILLE WARD 1-2,188,0,0,319,1,2,1,105,0,0,1,46,0,1,1,78,0,4,687,8,0,0,0,0,0,0,0,2,1,0,0,27,302,507,236,687,302
DANEVILLAGE OF BLACK EARTH WARD 1-2,163,0,0,236,0,1,0,77,0,0,2,42,1,2,0,98,0,5,498,4,0,0,0,0,0,0,0,9,0,0,0,21,237,399,223,498,237
DANEVILLAGE OF BLUE MOUNDS WARD 1,84,0,0,183,0,1,0,68,0,0,0,34,0,0,0,49,0,1,329,7,0,0,0,0,0,0,0,0,0,0,0,20,152,267,152,329,152
DANEVILLAGE OF CAMBRIDGE WARD 2-3,139,0,1,238,2,1,0,119,0,0,1,71,4,7,1,95,0,2,513,9,0,0,0,0,0,0,0,0,0,0,0,27,314,378,301,513,314
DANEVILLAGE OF COTTAGE GROVE WARDS 1-10,684,0,0,1041,4,5,0,491,1,0,2,282,1,10,0,347,0,5,2245,30,0,2,0,0,0,0,0,10,0,0,0,150,1196,1725,1143,2245,1196
DANEVILLAGE OF CROSS PLAINS WARD 1-4,382,0,1,620,2,1,0,263,0,0,0,158,4,5,0,188,0,7,1345,25,0,0,0,0,0,0,2,15,0,0,0,88,697,1003,621,1345,697
DANEVILLAGE OF DANE WARD 1,82,0,1,126,0,1,0,113,1,0,1,35,1,1,0,55,0,2,270,6,0,1,0,0,0,0,0,3,0,0,0,29,239,209,208,270,239
DANEVILLAGE OF DEERFIELD WARD 1-3,185,0,2,383,1,2,0,174,0,0,0,59,2,3,0,131,0,2,735,31,0,0,0,0,0,0,0,0,0,0,0,58,477,570,372,735,477
"DANEVILLAGE OF DEFOREST WARD 1,3-6,15",384,0,2,660,0,3,3,337,0,0,2,157,1,8,0,239,0,8,1306,29,0,0,0,1,0,0,0,14,1,0,0,120,833,1046,750,1306,833
DANEVILLAGE OF MAPLE BLUFF WARD 1-2,267,0,1,242,2,1,0,95,1,0,0,174,2,0,0,98,0,2,690,15,0,0,0,0,0,0,0,1,1,0,0,31,294,510,373,690,294
DANEVILLAGE OF MARSHALL WARD 1-5,277,0,1,477,1,5,0,206,0,0,3,82,1,5,0,222,0,9,937,26,0,0,0,0,0,0,0,5,0,0,0,68,694,755,525,937,694
DANEVILLAGE OF MAZOMANIE WARD 1-3,166,0,1,304,0,2,1,100,1,0,0,49,1,3,0,88,0,6,551,18,0,0,0,0,0,0,1,5,1,0,1,42,305,471,245,551,305
DANEVILLAGE OF MCFARLAND WARD 1-10,898,0,0,1334,6,5,1,543,1,0,1,367,3,10,0,414,0,24,3121,52,0,3,0,0,0,0,0,16,3,0,0,198,1466,2232,1351,3121,1466
DANEVILLAGE OF MOUNT HOREB WARD 1-4,370,0,2,628,3,9,0,279,1,0,1,130,2,9,1,175,0,8,1242,27,0,1,0,0,0,0,0,6,0,0,0,79,579,1000,610,1242,579
DANEVILLAGE OF MOUNT HOREB WARD 5-9,395,0,2,662,2,5,1,268,0,0,2,200,2,9,0,164,0,5,1348,34,0,0,0,0,0,0,0,15,1,0,0,100,626,1059,653,1348,626
"DANEVILLAGE OF OREGON WARDS 1,5-6,11",363,0,1,565,1,2,4,198,2,0,1,104,0,8,0,143,0,6,1194,16,0,1,0,0,0,0,0,7,2,0,0,67,509,929,463,1194,509
"DANEVILLAGE OF OREGON WARDS 2-4,12",389,0,1,546,2,1,0,220,1,0,1,124,1,6,0,151,0,4,1222,21,0,1,0,0,0,0,2,6,1,0,0,65,535,936,507,1222,535
DANEVILLAGE OF OREGON WARDS 7-10,357,0,2,564,0,3,1,310,0,0,0,181,2,5,0,155,0,5,1401,17,0,2,0,0,0,0,1,3,1,0,0,91,708,923,657,1401,708
DANEVILLAGE OF ROCKDALE WARD 1,17,0,0,43,0,0,0,8,0,0,0,8,0,0,0,8,0,0,64,0,0,0,0,0,0,0,0,1,0,0,0,9,30,60,24,64,30
DANEVILLAGE OF SHOREWOOD HILLS WARDS 1-2,512,0,0,422,1,0,0,40,0,0,0,104,1,0,0,65,0,0,1283,13,0,1,0,0,0,0,0,4,1,0,0,28,121,934,211,1283,121
DANEVILLAGE OF WAUNAKEE WARDS 1-5,688,0,2,796,1,6,2,515,0,0,0,372,3,12,1,364,0,13,2180,26,0,4,0,0,0,0,2,9,3,0,0,151,1407,1486,1276,2180,1407
DANEVILLAGE OF WAUNAKEE WARDS 6-11,626,0,1,770,0,1,0,480,0,0,0,391,2,11,1,365,0,9,2170,30,0,0,1,0,0,0,1,10,0,0,0,148,1432,1397,1251,2170,1432
"DODGECITY OF BEAVER DAM WARDS 1,3,5",231,0,1,343,3,1,0,220,1,0,2,64,1,2,0,181,0,6,757,20,0,2,0,0,0,0,0,0,0,0,0,64,652,575,475,757,652
"DODGECITY OF BEAVER DAM WARDS 2,6",168,0,1,197,1,0,0,174,1,0,0,52,0,3,0,136,0,11,479,15,0,0,0,0,0,0,0,8,0,0,0,43,545,366,367,479,545
"DODGECITY OF BEAVER DAM WARDS 4,10",99,0,0,211,1,0,0,134,0,0,0,33,1,4,0,99,0,4,369,7,0,0,0,0,0,0,0,3,1,0,0,27,383,310,272,369,383
"DODGECITY OF BEAVER DAM WARDS 7,12-13",183,0,2,334,1,2,0,174,0,1,0,61,0,6,0,181,0,14,708,18,0,0,0,0,0,0,0,3,1,0,0,64,678,519,426,708,678
"DODGECITY OF BEAVER DAM WARDS 8,14",129,0,0,200,0,4,0,156,0,0,0,59,0,2,0,116,0,8,439,11,0,3,0,0,0,0,0,7,0,0,0,27,443,329,337,439,443
"DODGECITY OF BEAVER DAM WARDS 9,11",239,0,0,236,3,2,0,233,1,0,0,115,1,2,0,178,0,4,647,12,0,0,0,0,0,0,0,17,1,0,0,49,621,475,535,647,621
DODGECITY OF COLUMBUS WARD 9,0,0,0,0,0,0,0,0,0,0,0,0,0,0,0,0,0,0,0,0,0,0,0,0,0,0,0,0,0,0,0,0,0,0,0,0,0
DODGECITY OF FOX LAKE WARDS 1-3,81,0,1,120,1,4,0,122,0,0,0,32,1,6,0,124,0,4,264,14,0,0,0,0,0,0,0,0,0,0,0,39,401,202,290,264,401
DODGECITY OF HARTFORD WARDS 18-19,0,0,0,0,0,0,0,0,0,0,0,0,0,0,0,0,0,0,0,0,0,0,0,0,0,0,0,0,0,0,0,0,0,0,0,0,0
DODGECITY OF HORICON WARD 1-6,180,0,2,289,0,7,1,353,0,0,1,99,2,7,1,247,0,9,623,18,0,0,0,0,0,0,0,9,2,0,0,77,1029,471,718,623,1029
DODGECITY OF HORICON WARD 7,0,0,0,0,0,0,0,0,0,0,0,0,0,0,0,0,0,0,0,0,0,0,0,0,0,0,0,0,0,0,0,0,1,0,0,0,1
DODGECITY OF JUNEAU WARD 1-3,109,0,0,150,3,5,1,189,1,0,0,57,0,4,0,186,0,11,353,11,0,0,0,0,0,0,0,5,1,0,0,44,563,259,446,353,563
DODGECITY OF MAYVILLE WARDS 1-8,335,0,4,383,2,13,3,583,1,0,2,147,4,17,0,403,0,16,836,32,0,2,1,0,0,0,0,9,2,0,0,81,1604,722,1175,836,1604
DODGECITY OF WATERTOWN WARD 1-2,184,0,0,170,6,5,1,364,0,1,2,100,5,17,2,169,0,15,521,14,0,0,0,0,0,0,0,13,0,0,0,48,795,354,672,521,795
DODGECITY OF WATERTOWN WARD 7,41,0,1,51,3,1,0,124,0,0,0,31,1,5,0,44,0,0,123,2,0,0,0,0,0,0,0,8,0,0,0,13,231,93,209,123,231
DODGECITY OF WATERTOWN WARDS 3-4,142,0,0,204,1,2,0,339,1,0,0,94,0,4,0,172,0,10,436,21,0,0,0,1,0,0,0,10,4,0,0,59,797,346,613,436,797
DODGECITY OF WATERTOWN WARDS 5-6,117,0,0,188,2,2,1,363,0,0,0,60,0,5,0,156,0,5,394,8,0,1,0,0,0,0,0,10,0,0,0,45,746,305,589,394,746
DODGECITY OF WAUPUN WARDS 1-8,213,0,0,367,5,5,1,449,1,0,0,110,3,15,0,309,0,18,755,26,0,1,0,0,0,0,0,17,1,0,0,90,1355,580,898,755,1355
DODGETOWN OF ASHIPPUN WARDS 1-4,115,0,2,165,0,0,0,531,0,1,0,84,2,8,0,232,0,9,371,6,0,1,0,0,0,0,0,4,1,0,0,48,1149,282,858,371,1149
"DODGETOWN OF BEAVER DAM WARDS 1-4,7-11",146,0,0,175,1,1,0,253,1,0,0,96,0,4,0,188,0,3,479,7,0,0,0,0,0,0,0,9,0,0,0,38,640,321,544,479,640
DODGETOWN OF BEAVER DAM WARDS 5-6,128,0,0,143,0,3,0,170,0,0,0,73,0,0,0,168,0,3,386,10,0,0,0,0,0,0,0,3,3,0,0,39,502,271,414,386,502
DODGETOWN OF BURNETT WARDS 1-2,40,0,0,72,0,1,2,135,0,0,0,32,0,2,0,98,0,5,135,3,0,1,0,0,0,0,0,7,1,0,0,17,348,112,270,135,348
DODGETOWN OF CALAMUS WARDS 1-2,73,0,1,76,0,0,0,109,0,1,0,35,0,1,0,91,0,3,181,3,0,0,0,0,0,0,0,1,0,0,0,19,302,150,237,181,302
DODGETOWN OF CHESTER WARDS 1-2,32,0,1,46,0,1,1,98,0,0,0,24,0,0,0,63,0,3,96,1,0,0,0,0,0,0,0,2,0,0,0,14,255,79,187,96,255
DODGETOWN OF CLYMAN WARD 1,33,0,0,41,0,1,0,144,0,0,0,29,0,1,0,72,0,1,87,0,0,0,0,0,0,0,0,1,0,0,0,20,317,74,247,87,317
DODGETOWN OF ELBA WARD 1,69,0,0,103,0,1,0,141,0,0,0,36,0,2,0,92,0,5,236,0,0,0,0,0,0,0,0,1,0,0,0,27,323,172,272,236,323
DODGETOWN OF EMMET WARDS 1-2,72,0,0,64,0,2,1,242,0,0,0,59,0,4,0,134,0,4,178,5,0,0,0,0,0,0,0,5,0,0,0,22,556,136,442,178,556
DODGETOWN OF FOX LAKE WARDS 1-4,79,0,0,77,3,0,0,183,0,0,0,45,1,3,1,150,0,3,195,4,0,0,0,0,0,0,0,0,1,0,0,12,485,156,386,195,485
DODGETOWN OF HERMAN WARDS 1-2,30,0,0,52,2,2,1,274,0,1,0,36,1,10,0,123,0,4,98,2,0,0,0,1,0,0,0,4,0,0,0,16,571,82,450,98,571
DODGETOWN OF HUBBARD WARDS 1-4,112,0,0,120,2,2,0,258,0,0,0,66,1,2,0,186,0,11,298,3,0,0,0,0,0,0,0,6,1,0,0,27,699,232,517,298,699
DODGETOWN OF HUBBARD WARDS 5-6,0,0,0,0,0,0,0,0,0,0,0,0,0,0,0,0,0,0,0,0,0,0,0,0,0,0,0,0,0,0,0,0,0,0,0,0,0
DODGETOWN OF HUSTISFORD WARDS 1-2,52,0,0,91,1,4,0,271,0,0,0,37,1,4,0,131,0,1,177,4,0,2,0,0,0,0,0,0,2,0,0,24,625,143,449,177,625
DODGETOWN OF LEBANON WARDS 1-2,65,0,1,84,0,4,0,260,0,0,0,59,0,5,0,150,0,3,225,2,0,1,0,0,0,0,1,5,0,0,0,21,661,150,478,225,661
DODGETOWN OF LEROY WARDS 1-2,40,0,1,51,0,1,0,163,0,0,0,35,1,1,0,100,0,3,112,1,0,0,0,0,0,0,0,2,0,0,0,16,387,92,301,112,387
DODGETOWN OF LOMIRA WARD 1-2,46,0,0,42,0,0,0,219,0,0,0,36,1,7,1,94,0,2,117,3,0,1,0,0,0,0,0,8,0,0,0,23,493,88,358,117,493
DODGETOWN OF LOMIRA WARD 3,0,0,0,1,0,0,0,0,0,0,0,0,0,0,0,1,0,0,1,0,0,0,0,0,0,0,0,0,0,0,0,0,0,1,1,1,0
DODGETOWN OF OAK GROVE WARDS 1-2,58,0,0,85,0,1,0,137,1,0,0,37,0,1,0,94,0,3,184,0,0,1,0,0,0,0,0,2,0,0,0,17,363,143,271,184,363
DODGETOWN OF OAK GROVE WARDS 3-6,0,0,0,0,0,0,0,0,0,0,0,0,0,0,0,0,0,0,0,0,0,0,0,0,0,0,0,0,0,0,0,0,0,0,0,0,0
DODGETOWN OF PORTLAND WARDS 1-2,68,0,0,103,0,1,0,137,0,0,1,38,0,2,0,68,0,7,212,5,0,0,0,0,0,0,0,0,0,0,0,15,344,171,247,212,344
DODGETOWN OF RUBICON WARDS 1-3,78,0,0,121,1,2,1,485,1,0,0,80,1,8,0,184,0,6,225,10,0,0,0,1,0,0,0,9,0,0,0,35,1063,199,763,225,1063
DODGETOWN OF SHIELDS WARD 1,36,0,0,49,0,1,0,99,0,0,0,23,1,0,0,53,0,1,99,2,0,0,0,0,0,0,0,3,0,0,0,12,228,85,177,99,228
DODGETOWN OF THERESA WARD 2,25,0,0,29,0,2,0,124,0,0,0,23,0,3,0,69,0,0,80,2,0,0,0,0,0,0,0,3,0,0,0,12,275,54,221,80,275
"DODGETOWN OF THERESA WARDS 1,3-7",13,0,0,25,0,1,0,99,0,0,0,11,1,1,0,35,0,1,43,4,0,0,0,0,0,0,0,0,0,0,0,13,189,38,148,43,189
DODGETOWN OF TRENTON WARDS 1-2,58,0,0,76,0,2,0,180,0,0,2,70,0,1,0,122,0,3,179,0,0,0,0,0,0,0,0,7,0,0,0,33,512,134,377,179,512
DODGETOWN OF WESTFORD WARD 3,0,0,0,1,0,0,0,6,0,0,0,0,0,0,0,4,0,0,0,0,0,0,0,0,0,0,0,0,0,0,0,0,10,1,10,0,10
DODGETOWN OF WILLIAMSTOWN WARDS 1-3,35,0,0,57,0,1,0,153,0,0,0,27,1,2,0,68,0,1,101,2,0,2,0,0,0,0,0,5,1,0,0,9,348,92,252,101,348
DODGEVILLAGE OF BROWNSVILLE WARD 1,26,0,0,29,0,1,0,90,0,0,0,23,0,1,0,77,0,2,90,5,0,1,0,0,0,0,0,6,0,0,0,5,216,55,192,90,216
DODGEVILLAGE OF CLYMAN WARD 1,22,0,0,32,1,2,0,39,0,0,0,11,0,0,0,40,0,0,65,2,0,1,0,0,0,0,0,0,1,0,0,13,110,54,93,65,110
DODGEVILLAGE OF HUSTISFORD WARDS 1-2,53,0,0,73,2,5,2,140,0,0,0,19,0,2,0,101,0,7,141,4,0,1,0,0,0,0,0,1,1,0,0,17,405,126,271,141,405
DODGEVILLAGE OF IRON RIDGE WARD 1,40,0,0,80,0,0,0,129,0,0,0,16,2,5,0,66,0,2,120,11,0,1,0,0,0,0,0,0,0,0,0,18,331,120,218,120,331
DODGEVILLAGE OF KEKOSKEE WARD 1,9,0,0,7,0,0,0,24,0,0,0,5,0,1,0,6,0,2,25,0,0,0,0,0,0,0,0,0,0,0,0,3,54,16,36,25,54
DODGEVILLAGE OF LOMIRA WARDS 1-3,87,0,2,126,2,4,0,314,0,0,0,65,2,10,0,174,0,2,318,11,0,0,0,0,0,0,0,5,1,0,0,42,814,215,571,318,814
DODGEVILLAGE OF LOWELL WARD 1,19,0,0,15,0,0,0,44,0,0,0,4,0,0,0,30,0,3,41,1,0,0,0,0,0,0,0,4,0,0,0,7,112,34,78,41,112
DODGEVILLAGE OF NEOSHO WARD 1,29,0,1,36,1,0,0,105,0,1,0,7,2,1,0,59,0,1,74,1,0,0,0,0,0,0,0,0,1,0,0,20,242,66,176,74,242
DODGEVILLAGE OF RANDOLPH WARDS 1-2,52,0,1,92,0,3,0,163,0,0,0,38,1,3,1,73,0,4,208,3,0,0,0,0,0,0,0,10,1,0,0,30,364,145,282,208,364
DODGEVILLAGE OF REESEVILLE WARD 1,27,0,1,71,0,1,0,60,1,0,1,19,2,1,0,47,0,0,102,0,0,0,0,0,0,0,0,1,1,0,0,17,190,99,132,102,190
DODGEVILLAGE OF THERESA WARDS 1-3,61,0,0,100,2,5,1,209,1,0,0,41,1,1,0,100,0,8,183,9,0,0,0,0,0,0,0,6,0,0,0,33,477,161,361,183,477
"DOORCITY OF STURGEON BAY WARDS 1-6,22-24,29",244,0,1,305,5,1,0,226,1,0,4,79,1,5,1,204,0,10,1102,29,0,2,0,0,0,0,0,6,2,0,0,87,931,550,527,1102,931
"DOORCITY OF STURGEON BAY WARDS 11-17,28",368,0,3,378,4,3,2,294,1,0,3,102,1,7,1,274,0,4,680,8,0,1,0,0,0,0,0,2,3,0,0,41,577,749,692,680,577
"DOORCITY OF STURGEON BAY WARDS 7-10,18-21,25-27,30",14,0,0,18,0,0,0,10,0,0,1,4,0,0,0,14,0,1,667,11,0,0,0,0,0,0,1,4,1,0,0,37,612,32,29,667,612
DOORTOWN OF BAILEYS HARBOR WARDS 1-2,163,0,0,181,0,1,0,141,0,0,0,46,0,3,0,115,0,0,443,7,0,0,0,0,0,0,0,4,0,0,0,24,327,344,306,443,327
DOORTOWN OF BRUSSELS WARDS 1-2,91,0,0,98,3,1,0,131,1,0,0,17,0,6,0,128,0,2,201,7,0,0,0,0,0,0,0,0,0,0,0,20,374,189,287,201,374
DOORTOWN OF CLAY BANKS WARD 1,43,0,0,51,0,0,0,60,1,0,0,17,1,1,0,39,0,3,104,0,0,0,0,0,0,0,0,0,0,0,0,2,129,94,119,104,129
DOORTOWN OF EGG HARBOR WARDS 1-3,137,0,1,143,2,5,0,136,0,0,1,64,0,4,0,150,0,0,400,10,0,0,0,0,0,0,0,1,0,0,0,26,472,281,362,400,472
DOORTOWN OF FORESTVILLE WARDS 1-2,63,0,0,100,1,3,0,130,0,0,0,24,1,2,2,104,0,4,206,5,0,0,0,0,0,0,0,2,1,0,0,21,335,163,267,206,335
DOORTOWN OF GARDNER WARDS 1-2,101,0,0,105,0,1,1,121,0,0,2,32,0,3,1,186,0,5,246,4,0,1,0,0,0,0,0,2,0,0,0,21,424,206,347,246,424
DOORTOWN OF GIBRALTAR WARDS 1-2,155,0,0,168,1,1,0,116,0,0,0,75,0,6,0,137,0,3,429,11,0,0,0,0,0,0,0,4,0,0,0,24,325,323,336,429,325
DOORTOWN OF JACKSONPORT WARDS 1-2,81,0,0,94,2,1,0,100,0,0,0,37,0,2,1,97,0,2,232,1,0,0,0,0,0,0,1,0,0,0,0,10,275,175,240,232,275
DOORTOWN OF LIBERTY GROVE WARDS 1-3,288,0,2,296,2,5,0,203,0,0,1,91,0,6,0,203,0,6,734,9,0,0,0,0,0,0,0,4,2,0,0,46,582,586,511,734,582
DOORTOWN OF NASEWAUPEE WARDS 1-3,144,0,0,228,0,3,0,239,0,0,2,62,3,4,0,251,0,6,461,6,0,0,0,0,0,0,2,5,1,0,0,46,703,372,564,461,703
DOORTOWN OF SEVASTOPOL WARDS 1-5,297,0,0,302,0,2,0,383,0,0,0,137,2,14,1,316,0,8,780,14,0,2,0,0,0,0,0,8,1,0,0,60,974,599,855,780,974
DOORTOWN OF STURGEON BAY WARDS 1-2,74,0,0,88,0,0,0,109,0,0,0,28,0,4,0,97,0,2,224,3,0,1,0,0,0,0,0,0,0,0,0,16,272,162,238,224,272
DOORTOWN OF UNION WARD 1,87,0,1,89,2,2,0,189,0,0,1,30,0,2,0,144,0,0,190,2,0,0,0,0,0,0,0,2,1,0,0,22,388,177,370,190,388
DOORTOWN OF WASHINGTON WARD 1,68,0,0,110,0,3,1,114,0,0,0,41,0,5,0,79,0,4,226,6,0,2,0,0,0,0,0,0,0,0,0,16,301,178,243,226,301
DOORVILLAGE OF EGG HARBOR WARD 1,56,0,0,32,0,1,0,23,0,0,0,26,0,2,0,27,0,0,113,1,0,0,0,0,0,0,0,0,0,0,0,4,80,88,79,113,80
DOORVILLAGE OF EPHRAIM WARD 1,56,0,0,60,2,0,0,32,0,0,0,38,0,0,0,35,0,0,141,1,0,0,0,0,0,0,0,2,0,0,0,5,89,116,107,141,89
DOORVILLAGE OF FORESTVILLE WARD 1,38,0,0,53,0,2,0,49,0,0,0,7,0,0,0,50,0,1,86,3,0,0,0,0,0,0,0,5,1,0,0,11,144,91,108,86,144
DOORVILLAGE OF SISTER BAY WARD 1,130,0,0,147,2,3,0,116,1,1,0,59,0,7,0,81,0,1,361,7,0,0,0,0,0,0,0,3,1,0,0,19,270,277,270,361,270
"DOUGLASCITY OF SUPERIOR WARDS 1-3,7-8",474,0,3,595,3,9,1,203,1,0,1,114,3,12,1,405,0,10,1561,38,0,1,0,0,0,0,0,4,2,0,0,93,1026,1072,753,1561,1026
"DOUGLASCITY OF SUPERIOR WARDS 13-16,20-22",463,0,6,585,3,7,0,192,2,0,1,104,2,12,1,324,0,9,1492,53,0,1,1,0,0,0,0,8,3,0,0,109,937,1054,648,1492,937
"DOUGLASCITY OF SUPERIOR WARDS 17-19,30-32",247,0,1,420,1,4,1,113,1,0,0,18,0,5,0,168,0,10,985,47,0,1,0,0,0,0,0,2,2,0,0,78,586,668,311,985,586
DOUGLASCITY OF SUPERIOR WARDS 23-29,418,0,4,505,2,4,1,202,0,0,1,95,1,10,0,405,0,15,1463,38,0,0,0,0,0,0,0,0,3,0,0,101,1031,927,721,1463,1031
"DOUGLASCITY OF SUPERIOR WARDS 4-6,9-12",419,0,2,517,2,8,0,234,0,0,1,83,1,7,0,369,0,14,1317,31,0,0,0,0,0,0,0,0,1,0,0,89,1062,938,705,1317,1062
DOUGLASTOWN OF AMNICON WARDS 1-2,94,0,0,143,0,1,1,65,0,0,0,12,0,0,0,111,0,3,308,8,0,1,0,0,0,0,2,3,2,0,0,9,303,237,190,308,303
DOUGLASTOWN OF BENNETT WARD 1,47,0,2,79,1,2,0,70,0,0,0,13,0,0,0,90,0,3,140,9,0,0,0,0,0,0,0,0,0,0,0,3,208,128,176,140,208
DOUGLASTOWN OF BRULE WARDS 1-2,67,0,0,68,0,0,0,45,0,0,0,20,0,1,0,69,0,2,208,1,0,0,2,0,0,0,0,0,0,0,0,15,144,135,135,208,144
DOUGLASTOWN OF CLOVERLAND WARD 1,13,0,0,21,0,0,0,21,0,0,0,5,0,0,0,28,0,0,46,2,0,0,0,0,0,0,0,0,0,0,0,6,75,34,54,46,75
DOUGLASTOWN OF DAIRYLAND WARD 1,6,0,1,9,0,0,0,14,0,0,1,2,0,0,0,23,0,1,23,1,0,0,0,0,0,0,0,0,1,0,0,3,83,16,40,23,83
DOUGLASTOWN OF GORDON WARD 1,65,0,2,71,0,1,0,60,0,0,0,23,1,4,0,98,0,0,186,1,0,1,0,0,0,0,0,1,0,0,0,16,247,138,187,186,247
DOUGLASTOWN OF HAWTHORNE WARDS 1-2,74,0,0,93,0,2,0,79,0,0,0,11,0,0,0,96,0,1,246,9,0,1,0,0,0,0,0,0,1,0,0,15,328,167,188,246,328
DOUGLASTOWN OF HIGHLAND WARD 1,27,0,0,34,0,0,0,21,0,0,0,7,0,2,0,36,0,0,96,2,0,0,0,0,0,0,0,7,0,0,0,6,103,61,66,96,103
DOUGLASTOWN OF LAKESIDE WARD 1,52,0,0,70,0,0,1,54,0,0,0,11,0,0,0,55,0,4,162,8,0,1,0,0,0,0,0,0,0,0,0,12,193,122,121,162,193
DOUGLASTOWN OF MAPLE WARD 1,71,0,0,101,0,3,0,26,0,0,0,14,0,0,0,59,0,3,194,15,0,0,0,0,0,0,0,0,1,0,0,5,167,172,102,194,167
DOUGLASTOWN OF OAKLAND WARDS 1-2,94,0,2,155,0,4,0,55,0,0,0,23,0,5,0,114,0,1,339,9,0,0,0,0,0,0,0,1,2,0,0,14,302,251,201,339,302
DOUGLASTOWN OF PARKLAND WARDS 1-2,103,0,0,138,0,2,1,53,0,0,0,18,1,3,0,132,0,5,336,5,0,1,0,0,0,0,0,0,0,0,0,25,306,241,210,336,306
DOUGLASTOWN OF SOLON SPRINGS WARDS 1-3,87,0,2,118,1,1,1,84,0,0,0,20,0,5,0,154,0,1,229,4,0,0,0,0,0,0,0,2,1,0,0,19,336,207,266,229,336
DOUGLASTOWN OF SUMMIT WARDS 1-2,116,0,3,149,2,2,1,52,0,0,0,16,1,1,0,122,0,1,312,8,0,0,0,0,0,0,0,0,0,0,0,19,255,268,197,312,255
DOUGLASTOWN OF SUPERIOR WARDS 1-2,220,0,2,211,1,4,1,150,0,0,1,31,1,4,0,276,0,4,593,8,0,1,0,0,0,0,0,0,1,0,0,24,644,433,469,593,644
DOUGLASTOWN OF WASCOTT WARD 1,85,0,0,48,1,1,0,50,0,0,1,21,0,1,1,112,0,1,195,7,0,0,0,0,0,0,0,0,0,0,0,11,273,133,188,195,273
DOUGLASVILLAGE OF LAKE NEBAGAMON WARDS 1-2,94,0,1,109,0,1,0,76,0,0,0,36,1,5,0,140,0,2,286,12,0,0,0,0,0,0,0,1,1,0,0,10,383,204,259,286,383
DOUGLASVILLAGE OF OLIVER WARD 1,54,0,0,57,0,1,0,22,0,0,0,8,0,0,0,39,0,0,144,3,0,0,0,0,0,0,0,0,1,0,0,8,95,111,70,144,95
DOUGLASVILLAGE OF POPLAR WARD 1,33,0,0,59,1,4,0,58,0,0,0,21,1,2,0,53,0,1,122,2,0,0,0,0,0,0,1,1,0,0,0,8,210,92,140,122,210
DOUGLASVILLAGE OF SOLON SPRINGS WARD 1,70,0,0,96,0,1,0,41,0,0,0,15,0,4,0,112,0,2,159,11,0,1,0,0,0,0,0,1,0,0,0,16,187,166,173,159,187
DOUGLASVILLAGE OF SUPERIOR WARD 1,84,0,0,61,0,4,0,30,0,1,1,20,0,1,0,88,0,0,203,5,0,1,0,0,0,0,0,2,0,0,0,9,175,145,145,203,175
DUNNCITY OF MENOMONIE WARD 6,80,0,0,173,0,2,0,81,0,0,2,30,0,0,0,48,0,5,307,16,0,2,0,0,0,0,4,4,0,0,0,44,234,253,163,307,234
DUNNCITY OF MENOMONIE WARDS 1-2,265,0,2,286,2,5,0,212,0,0,4,83,2,3,0,186,0,8,771,17,0,0,0,0,0,0,0,5,5,0,0,73,662,553,497,771,662
DUNNCITY OF MENOMONIE WARDS 10-11,230,0,1,370,2,6,2,215,1,1,2,79,1,7,0,150,0,9,847,21,0,1,0,0,0,0,0,7,3,0,0,77,595,601,466,847,595
DUNNCITY OF MENOMONIE WARDS 3-4,66,0,0,425,1,3,1,94,0,0,0,21,1,0,0,75,0,2,656,29,0,0,0,0,0,0,0,5,1,0,0,121,454,491,196,656,454
"DUNNCITY OF MENOMONIE WARDS 5,7",43,0,2,516,3,1,0,116,0,0,0,30,0,0,0,108,0,5,655,37,0,1,0,0,0,0,0,2,0,0,0,96,487,561,258,655,487
DUNNCITY OF MENOMONIE WARDS 8-9,145,0,0,290,4,3,0,142,0,0,0,35,1,1,0,135,0,7,622,20,0,0,0,0,0,0,0,2,0,0,0,88,502,435,321,622,502
DUNNTOWN OF COLFAX WARD 1-3,46,0,0,101,0,1,0,128,0,0,0,14,1,0,1,94,0,3,209,3,0,0,0,0,0,0,0,4,0,0,0,30,365,147,239,209,365
DUNNTOWN OF DUNN WARDS 1-2,92,0,0,145,1,0,0,124,0,0,0,23,0,2,0,107,0,4,337,13,0,1,0,0,0,0,0,1,0,0,0,21,396,237,257,337,396
DUNNTOWN OF EAU GALLE WARD 1,45,0,1,37,0,0,0,83,0,0,0,10,0,2,0,72,0,0,124,3,0,0,0,0,0,0,0,0,0,0,0,14,296,83,167,124,296
DUNNTOWN OF ELK MOUND WARD 1-3,91,0,0,132,0,1,0,179,1,0,0,29,0,3,1,158,0,5,278,5,0,0,0,0,0,0,0,8,1,0,0,40,564,223,372,278,564
DUNNTOWN OF GRANT WARD 1-2,29,0,0,43,1,0,0,60,0,0,0,11,0,0,0,34,0,2,90,0,0,0,0,0,0,0,0,0,0,0,0,6,146,72,106,90,146
DUNNTOWN OF HAY RIVER WARD 1-2,40,0,0,55,0,0,0,61,0,0,0,6,0,0,0,49,0,5,102,5,0,0,0,0,0,0,0,0,1,0,0,22,177,95,116,102,177
DUNNTOWN OF LUCAS WARD 1,38,0,1,72,0,0,0,62,0,0,0,9,1,0,0,75,0,6,133,6,0,0,0,0,0,0,1,0,0,0,0,16,253,111,147,133,253
DUNNTOWN OF MENOMONIE WARD 1-3,230,0,1,290,1,3,1,309,0,0,2,63,0,7,1,248,0,5,730,26,0,1,0,0,0,0,0,7,1,0,0,61,911,521,635,730,911
DUNNTOWN OF NEW HAVEN WARD 1,33,0,1,40,0,0,0,53,0,0,1,10,0,1,0,69,0,3,95,2,0,0,0,0,0,0,0,1,0,0,0,14,218,74,134,95,218
DUNNTOWN OF OTTER CREEK WARD 1,29,0,0,44,0,0,0,51,0,0,0,14,0,3,0,38,0,2,90,4,0,0,0,0,0,0,0,0,0,0,0,8,155,73,106,90,155
DUNNTOWN OF PERU WARD 1,11,0,0,13,0,0,0,24,0,0,1,5,0,0,0,27,0,0,38,1,0,0,0,0,0,0,0,0,0,0,0,8,78,24,57,38,78
DUNNTOWN OF RED CEDAR WARD 1-3,116,0,2,170,0,2,0,228,0,0,0,54,1,0,0,185,0,6,448,8,0,1,0,0,0,0,0,2,0,0,0,58,703,288,470,448,703
DUNNTOWN OF ROCK CREEK WARD 1,46,0,0,100,1,4,0,110,1,0,0,14,1,1,1,91,0,1,197,9,0,0,0,0,0,0,0,0,0,0,0,13,315,146,224,197,315
DUNNTOWN OF SAND CREEK WARD 1,41,0,1,49,0,0,0,70,0,0,0,5,0,1,0,60,0,1,113,5,0,0,0,0,0,0,0,0,0,0,0,7,176,91,136,113,176
DUNNTOWN OF SHERIDAN WARD 1,22,0,0,32,0,1,0,45,0,0,0,16,0,0,0,50,0,1,63,3,0,0,0,0,0,0,0,0,0,0,0,6,169,54,112,63,169
DUNNTOWN OF SHERMAN WARD 1,44,0,3,69,0,2,0,98,0,0,1,22,1,3,0,89,0,2,162,5,0,0,0,0,0,0,0,2,0,0,0,19,319,116,216,162,319
DUNNTOWN OF SPRING BROOK WARD 1-2,80,0,1,127,2,2,1,211,0,0,0,25,1,2,0,156,0,4,290,7,0,0,0,0,0,0,0,2,0,0,0,46,552,208,400,290,552
DUNNTOWN OF STANTON WARD 1,33,0,0,58,0,0,0,67,0,0,0,12,0,2,0,78,0,1,118,3,0,0,0,0,0,0,0,2,0,0,0,12,297,91,159,118,297
DUNNTOWN OF TAINTER WARD 1-3,185,0,1,197,1,7,0,227,1,0,1,65,1,3,0,225,0,5,556,19,0,2,0,0,0,0,0,3,1,0,0,70,796,383,531,556,796
DUNNTOWN OF TIFFANY WARD 1-2,19,0,0,39,0,4,0,55,0,0,1,13,1,2,0,75,0,2,83,1,0,0,0,0,0,0,0,0,1,0,0,11,242,58,151,83,242
DUNNTOWN OF WESTON WARD 1-2,40,0,0,44,0,1,3,43,0,0,0,12,1,0,0,47,0,1,97,3,0,0,0,0,0,0,0,0,0,0,0,16,187,84,107,97,187
DUNNTOWN OF WILSON WARD 1,40,0,0,43,0,0,0,35,0,0,0,10,0,0,0,37,0,1,103,4,0,0,0,0,0,0,0,0,0,0,0,9,153,83,82,103,153
DUNNVILLAGE OF BOYCEVILLE WARD 1,45,0,0,61,0,0,0,67,0,0,0,10,1,2,1,70,0,1,156,5,0,0,0,0,0,0,0,0,0,0,0,18,256,106,151,156,256
DUNNVILLAGE OF COLFAX WARD 1-2,81,0,1,94,3,2,2,72,0,0,1,12,0,3,0,75,0,0,225,8,0,1,0,0,0,0,0,0,2,0,0,24,278,176,170,225,278
DUNNVILLAGE OF DOWNING WARD 1,6,0,0,18,0,1,0,7,0,0,0,3,0,1,0,21,0,0,28,0,0,0,0,0,0,0,0,0,0,0,0,2,89,24,33,28,89
DUNNVILLAGE OF ELK MOUND WARD 1,43,0,1,81,0,0,0,64,0,0,0,13,1,0,0,75,0,1,150,2,0,1,0,0,0,0,0,0,0,0,0,19,183,125,153,150,183
DUNNVILLAGE OF KNAPP WARD 1,29,0,0,22,0,0,0,57,0,0,0,4,1,0,0,39,0,0,56,2,0,0,0,0,0,0,0,0,0,0,0,14,162,51,101,56,162
DUNNVILLAGE OF RIDGELAND WARD 1,20,0,0,24,0,0,0,10,0,0,0,1,0,0,0,14,0,0,48,1,0,0,0,0,0,0,0,0,0,0,0,4,61,44,25,48,61
DUNNVILLAGE OF WHEELER WARD 1,18,0,1,19,0,0,0,13,0,0,0,0,0,1,0,16,0,1,49,1,0,0,0,0,0,0,0,1,0,0,0,7,57,38,30,49,57
EAU CLAIRECITY OF ALTOONA WARDS 1-11,389,0,0,540,5,3,2,403,0,0,3,140,3,11,2,334,0,15,1810,56,0,2,0,0,1,0,0,18,2,0,0,164,1715,929,906,1810,1715
EAU CLAIRECITY OF ALTOONA WARDS 12-15,186,0,0,288,2,3,0,173,0,0,1,56,1,3,0,158,0,0,2,0,0,0,0,0,0,0,0,0,0,0,0,0,0,474,397,2,0
EAU CLAIRECITY OF AUGUSTA WARDS 1-5,71,0,0,93,1,1,0,117,1,0,1,20,0,0,0,106,0,3,232,3,0,0,0,0,0,0,0,6,0,0,0,14,361,164,247,232,361
EAU CLAIRECITY OF EAU CLAIRE WARD 1,55,0,1,190,0,0,0,37,0,0,0,9,0,1,0,38,0,3,284,12,0,2,0,0,0,0,0,1,0,0,0,33,143,246,85,284,143
EAU CLAIRECITY OF EAU CLAIRE WARD 10,138,0,0,308,2,3,0,169,0,0,0,31,2,0,0,150,0,6,558,15,0,2,0,0,0,0,0,0,1,0,0,55,497,446,357,558,497
EAU CLAIRECITY OF EAU CLAIRE WARD 11,177,0,0,195,0,2,0,178,1,0,0,57,1,1,0,123,0,2,465,7,0,0,0,0,0,0,0,5,0,0,0,48,451,372,363,465,451
EAU CLAIRECITY OF EAU CLAIRE WARD 12,309,0,2,391,0,1,0,237,0,0,2,50,2,1,1,221,0,8,857,10,0,0,0,0,0,0,0,5,2,0,0,61,685,702,515,857,685
EAU CLAIRECITY OF EAU CLAIRE WARD 13,59,0,0,81,0,0,0,56,0,0,0,15,1,0,0,64,0,3,193,3,0,0,0,0,0,0,0,2,1,0,0,22,166,140,136,193,166
EAU CLAIRECITY OF EAU CLAIRE WARD 14,163,0,0,254,1,2,0,177,0,0,0,42,1,3,0,133,0,8,581,13,0,0,0,0,0,0,0,5,0,0,0,59,488,417,359,581,488
EAU CLAIRECITY OF EAU CLAIRE WARD 15,183,0,1,254,1,3,0,182,0,0,0,51,1,0,0,123,0,10,552,16,0,0,0,0,0,0,0,4,1,0,0,34,450,438,361,552,450
EAU CLAIRECITY OF EAU CLAIRE WARD 17,241,0,0,311,0,2,1,280,0,0,0,88,0,8,0,149,0,5,726,17,0,0,0,0,0,0,1,12,1,0,0,59,555,552,528,726,555
EAU CLAIRECITY OF EAU CLAIRE WARD 18,85,0,0,72,0,1,0,88,0,1,0,39,0,2,0,55,0,2,224,1,0,0,0,0,0,0,0,1,1,0,0,17,213,157,186,224,213
EAU CLAIRECITY OF EAU CLAIRE WARD 19,62,0,0,88,1,0,0,83,0,0,1,15,0,1,0,48,0,0,221,1,0,0,0,0,0,0,0,1,0,0,0,21,170,150,149,221,170
EAU CLAIRECITY OF EAU CLAIRE WARD 2,56,0,0,317,0,0,0,69,0,0,0,12,0,2,1,42,0,4,458,20,0,0,0,0,0,0,0,1,2,0,0,51,191,373,126,458,191
EAU CLAIRECITY OF EAU CLAIRE WARD 20,97,0,0,865,0,0,0,280,0,0,0,114,3,10,0,100,0,5,1102,35,0,4,0,0,0,0,0,11,0,0,0,143,648,962,507,1102,648
EAU CLAIRECITY OF EAU CLAIRE WARD 21,127,0,0,270,2,4,0,148,0,0,4,25,1,3,0,91,0,2,533,13,0,0,0,0,0,0,0,7,1,0,0,53,380,397,278,533,380
EAU CLAIRECITY OF EAU CLAIRE WARD 22,54,0,0,84,0,0,0,59,0,1,0,8,0,1,0,43,0,4,186,2,0,1,0,0,0,0,0,3,0,0,0,19,163,138,112,186,163
EAU CLAIRECITY OF EAU CLAIRE WARD 23,250,0,1,308,1,5,2,187,1,0,3,64,3,8,0,164,0,6,786,14,0,1,0,0,0,0,0,7,1,0,0,83,569,559,438,786,569
EAU CLAIRECITY OF EAU CLAIRE WARD 24,14,0,1,124,0,0,0,16,0,0,0,4,2,1,0,10,0,0,144,2,0,0,0,0,0,0,0,2,0,0,0,13,49,139,33,144,49
EAU CLAIRECITY OF EAU CLAIRE WARD 25,266,0,0,282,0,2,1,239,0,0,0,114,0,2,0,155,0,5,736,13,0,0,0,0,0,0,0,13,1,0,0,40,521,548,513,736,521
EAU CLAIRECITY OF EAU CLAIRE WARD 26,89,0,0,130,0,1,0,101,1,0,0,35,0,3,0,57,0,3,279,4,0,0,0,0,0,0,0,3,0,0,0,17,212,219,198,279,212
EAU CLAIRECITY OF EAU CLAIRE WARD 27,41,0,0,33,1,0,0,28,0,0,0,10,0,1,0,12,0,3,92,0,0,0,0,0,0,0,0,1,0,0,0,7,40,74,52,92,40
EAU CLAIRECITY OF EAU CLAIRE WARD 28,74,0,1,85,0,0,0,72,0,0,0,28,0,1,0,45,0,1,195,2,0,0,0,0,0,0,0,0,0,0,0,11,187,160,146,195,187
EAU CLAIRECITY OF EAU CLAIRE WARD 29,209,0,1,390,0,2,0,143,0,0,0,40,1,2,0,117,0,6,714,21,0,2,0,0,0,0,0,5,1,0,0,66,455,600,305,714,455
EAU CLAIRECITY OF EAU CLAIRE WARD 3,293,0,2,696,2,3,1,131,2,0,0,65,2,2,0,106,0,6,1232,26,0,0,0,0,0,0,0,8,2,0,0,92,387,991,314,1232,387
EAU CLAIRECITY OF EAU CLAIRE WARD 30,140,0,0,347,2,2,0,135,0,0,0,33,0,1,0,132,0,4,577,26,0,1,0,0,0,0,0,2,2,0,0,42,352,487,305,577,352
EAU CLAIRECITY OF EAU CLAIRE WARD 31,120,0,1,370,1,2,1,65,0,0,1,24,3,2,2,61,0,2,701,28,0,2,0,0,0,0,0,0,0,0,0,51,307,491,162,701,307
EAU CLAIRECITY OF EAU CLAIRE WARD 32,170,0,0,374,0,2,0,102,0,0,1,40,2,1,0,87,0,1,596,22,0,0,0,0,0,0,0,1,1,0,0,50,290,544,235,596,290
EAU CLAIRECITY OF EAU CLAIRE WARD 33,61,0,1,63,0,0,0,66,1,0,0,35,1,0,0,36,0,1,194,7,0,0,0,0,0,0,0,5,0,0,0,19,165,125,139,194,165
EAU CLAIRECITY OF EAU CLAIRE WARD 34,43,0,1,158,0,0,0,41,0,0,1,7,0,0,0,38,0,9,198,13,0,1,0,0,0,0,0,0,1,0,0,21,136,202,87,198,136
EAU CLAIRECITY OF EAU CLAIRE WARD 35,148,0,0,205,0,3,0,151,0,0,1,75,0,5,0,125,0,6,437,8,0,0,0,0,0,0,0,4,0,0,0,36,370,353,360,437,370
EAU CLAIRECITY OF EAU CLAIRE WARD 36,36,0,0,50,1,2,1,45,2,0,0,12,0,1,0,41,0,0,150,2,0,0,0,0,0,0,0,0,0,0,0,11,140,86,105,150,140
EAU CLAIRECITY OF EAU CLAIRE WARD 37,92,0,0,138,0,1,0,130,0,0,1,17,0,0,0,67,0,3,296,10,0,0,0,0,0,0,0,1,0,0,0,27,252,230,216,296,252
EAU CLAIRECITY OF EAU CLAIRE WARD 38,83,0,0,128,0,1,0,96,0,0,1,39,1,1,0,95,0,3,345,13,0,1,0,0,0,0,0,1,0,0,0,55,317,211,234,345,317
EAU CLAIRECITY OF EAU CLAIRE WARD 39,137,0,1,175,1,3,1,134,0,0,1,32,0,4,0,105,0,2,443,12,0,1,0,0,0,0,0,5,0,0,0,38,372,313,281,443,372
EAU CLAIRECITY OF EAU CLAIRE WARD 4,72,0,0,141,0,0,1,64,0,0,0,11,1,0,0,84,0,4,247,9,0,0,0,0,0,0,0,1,0,0,0,27,204,213,161,247,204
EAU CLAIRECITY OF EAU CLAIRE WARD 42,43,0,0,72,1,0,0,71,0,0,0,15,1,1,0,31,0,1,164,2,0,0,0,0,0,0,0,0,0,0,0,12,143,115,120,164,143
EAU CLAIRECITY OF EAU CLAIRE WARD 43,55,0,0,65,1,0,0,47,0,0,0,12,0,0,0,33,0,0,156,4,0,0,0,0,0,0,0,2,0,0,0,13,112,120,93,156,112
EAU CLAIRECITY OF EAU CLAIRE WARD 44,18,0,0,16,1,0,0,15,0,0,0,4,0,0,0,6,0,1,35,0,0,0,0,0,0,0,0,0,0,0,0,5,35,34,26,35,35
EAU CLAIRECITY OF EAU CLAIRE WARD 45,55,0,0,76,1,0,0,72,0,0,0,21,2,1,0,43,0,1,203,4,0,1,0,0,0,0,0,8,0,0,0,32,154,131,140,203,154
EAU CLAIRECITY OF EAU CLAIRE WARD 46,103,0,1,350,2,2,1,82,0,0,0,15,3,2,0,87,0,2,565,19,0,0,0,0,0,0,2,6,0,0,0,59,258,454,194,565,258
EAU CLAIRECITY OF EAU CLAIRE WARD 47,45,0,0,75,0,2,0,69,0,0,0,11,1,0,0,48,0,1,144,4,0,0,0,0,0,0,0,5,0,0,0,6,148,120,131,144,148
EAU CLAIRECITY OF EAU CLAIRE WARD 48,47,0,0,100,0,1,0,55,0,0,0,9,0,0,0,40,0,2,210,7,0,1,0,0,0,0,0,3,0,0,0,23,137,147,105,210,137
EAU CLAIRECITY OF EAU CLAIRE WARD 49,72,0,0,50,2,0,0,62,0,0,0,27,0,0,0,74,0,0,188,0,0,0,0,0,0,0,0,1,0,0,0,10,191,122,165,188,191
EAU CLAIRECITY OF EAU CLAIRE WARD 5,44,0,0,402,1,1,0,97,0,0,0,29,0,1,0,47,0,3,569,20,0,1,0,0,0,0,0,3,1,0,0,80,317,446,176,569,317
EAU CLAIRECITY OF EAU CLAIRE WARD 50,1,0,0,1,0,0,0,0,0,0,0,0,0,0,0,0,0,0,2,0,0,0,0,0,0,0,0,0,0,0,0,0,0,2,0,2,0
EAU CLAIRECITY OF EAU CLAIRE WARD 51,1,0,0,0,0,0,0,0,0,0,0,0,0,0,0,0,0,0,1,0,0,0,0,0,0,0,0,0,0,0,0,0,0,1,0,1,0
EAU CLAIRECITY OF EAU CLAIRE WARD 52,0,0,0,0,0,0,0,0,0,0,0,0,0,0,0,1,0,0,0,0,0,0,0,0,0,0,0,0,0,0,0,0,1,0,1,0,1
EAU CLAIRECITY OF EAU CLAIRE WARD 53,0,0,0,0,0,0,0,0,0,0,0,0,0,0,0,0,0,0,0,0,0,0,0,0,0,0,0,0,0,0,0,0,0,0,0,0,0
EAU CLAIRECITY OF EAU CLAIRE WARD 54,0,0,0,0,0,0,0,0,0,0,0,0,0,0,0,0,0,0,0,0,0,0,0,0,0,0,0,0,0,0,0,0,0,0,0,0,0
EAU CLAIRECITY OF EAU CLAIRE WARD 55,1,0,0,1,0,0,0,0,0,0,0,0,0,0,0,0,0,0,4,0,0,0,0,0,0,0,0,0,0,0,0,0,0,2,0,4,0
EAU CLAIRECITY OF EAU CLAIRE WARD 56,0,0,0,0,0,0,0,0,0,0,0,0,0,0,0,0,0,0,0,0,0,0,0,0,0,0,0,0,0,0,0,0,0,0,0,0,0
EAU CLAIRECITY OF EAU CLAIRE WARD 57,1,0,0,1,0,0,0,2,0,0,0,0,0,0,0,0,0,0,3,0,0,0,0,0,0,0,0,0,0,0,0,0,2,2,2,3,2
EAU CLAIRECITY OF EAU CLAIRE WARD 58,1,0,0,0,0,0,0,0,0,0,0,0,0,0,0,0,0,0,1,0,0,0,0,0,0,0,0,0,0,0,0,0,0,1,0,1,0
EAU CLAIRECITY OF EAU CLAIRE WARD 59,0,0,0,0,0,0,0,0,0,0,0,0,0,0,0,0,0,0,0,0,0,0,0,0,0,0,0,0,0,0,0,0,0,0,0,0,0
EAU CLAIRECITY OF EAU CLAIRE WARD 6,77,0,1,410,0,0,0,81,0,0,0,37,1,3,0,56,0,3,545,30,0,6,0,0,0,0,0,2,0,0,0,77,286,488,178,545,286
EAU CLAIRECITY OF EAU CLAIRE WARD 60,0,0,0,0,0,0,0,0,0,0,0,0,0,0,0,0,0,0,1,0,0,0,0,0,0,0,0,0,0,0,0,0,0,0,0,1,0
EAU CLAIRECITY OF EAU CLAIRE WARD 61,0,0,0,0,0,0,0,0,0,0,0,0,0,0,0,0,0,0,0,0,0,0,0,0,0,0,0,0,0,0,0,0,0,0,0,0,0
EAU CLAIRECITY OF EAU CLAIRE WARD 62,0,0,0,0,0,0,0,0,0,0,0,0,0,0,0,0,0,0,0,0,0,0,0,0,0,0,0,0,0,0,0,0,0,0,0,0,0
EAU CLAIRECITY OF EAU CLAIRE WARD 63,0,0,0,0,0,0,0,0,0,0,0,0,0,0,0,0,0,0,0,0,0,0,0,0,0,0,0,0,0,0,0,0,0,0,0,0,0
EAU CLAIRECITY OF EAU CLAIRE WARD 64,0,0,0,0,0,0,0,0,0,0,0,0,0,0,0,0,0,0,0,0,0,0,0,0,0,0,0,0,0,0,0,0,0,0,0,0,0
EAU CLAIRECITY OF EAU CLAIRE WARD 65,0,0,0,0,0,0,0,0,0,0,0,0,0,0,0,0,0,0,6,0,0,0,0,0,0,0,0,0,0,0,0,1,7,0,0,6,7
EAU CLAIRECITY OF EAU CLAIRE WARD 66,0,0,0,0,0,0,0,0,0,0,0,0,0,0,0,0,0,0,0,0,0,0,0,0,0,0,0,0,0,0,0,0,0,0,0,0,0
EAU CLAIRECITY OF EAU CLAIRE WARD 67,0,0,0,0,0,0,0,0,0,0,0,0,0,0,0,0,0,0,0,0,0,0,0,0,0,0,0,0,0,0,0,0,0,0,0,0,0
EAU CLAIRECITY OF EAU CLAIRE WARD 7,111,0,1,175,0,2,0,122,0,0,0,34,0,3,1,94,0,2,421,8,0,0,0,0,0,0,0,2,0,0,0,34,293,287,256,421,293
EAU CLAIRECITY OF EAU CLAIRE WARD 8,142,0,0,160,0,0,0,107,1,0,0,25,1,0,0,133,0,2,406,10,0,0,0,0,0,0,0,2,1,0,0,33,344,302,267,406,344
EAU CLAIRECITY OF EAU CLAIRE WARD 9,54,0,0,146,0,0,0,45,0,0,1,1,0,1,0,46,0,0,243,17,0,0,0,0,0,0,0,4,0,0,0,29,120,200,94,243,120
EAU CLAIRETOWN OF BRIDGE CREEK WARDS 1-2,93,0,0,80,0,0,0,114,0,0,0,9,0,0,0,136,0,3,219,8,0,0,0,0,0,0,0,0,1,0,0,12,358,173,259,219,358
EAU CLAIRETOWN OF BRUNSWICK WARDS 1-2,173,0,0,179,0,2,0,173,0,0,0,36,0,5,0,201,0,7,446,3,0,0,1,0,0,0,0,4,0,0,0,40,537,352,417,446,537
EAU CLAIRETOWN OF CLEAR CREEK WARDS 1-2,63,0,0,72,0,2,0,78,0,0,0,14,0,0,0,73,0,3,148,1,0,0,0,0,0,0,0,0,0,0,0,12,252,135,167,148,252
EAU CLAIRETOWN OF DRAMMEN WARD 1,56,0,0,88,1,4,0,83,0,0,0,19,0,1,0,88,0,0,163,3,0,0,0,0,0,0,0,1,0,0,0,13,239,144,196,163,239
EAU CLAIRETOWN OF FAIRCHILD WARD 1,13,0,0,20,0,0,0,19,0,0,0,5,1,1,0,50,0,1,37,2,0,0,0,0,0,0,0,0,1,0,0,2,99,33,76,37,99
EAU CLAIRETOWN OF LINCOLN WARDS 1-2,67,0,0,104,1,2,0,128,0,0,0,23,2,1,1,118,0,5,214,4,0,0,0,0,0,0,0,0,0,0,0,19,340,171,276,214,340
EAU CLAIRETOWN OF LUDINGTON WARD 1,74,0,0,93,1,1,0,123,0,0,2,19,0,0,0,127,0,3,202,8,0,0,0,0,0,0,0,3,0,0,0,29,332,167,273,202,332
EAU CLAIRETOWN OF OTTER CREEK WARD 1,34,0,0,32,0,0,0,59,0,0,0,12,0,0,0,43,0,2,84,0,0,0,0,0,0,0,0,0,0,0,0,16,149,66,114,84,149
EAU CLAIRETOWN OF PLEASANT VALLEY WARDS 1-4,261,0,0,389,0,1,0,497,0,0,1,114,0,2,0,379,0,16,818,16,0,0,0,0,0,0,0,10,0,0,0,64,1236,650,994,818,1236
EAU CLAIRETOWN OF SEYMOUR WARDS 1-6,266,0,1,386,0,3,1,369,0,0,2,88,4,3,0,293,0,9,831,18,0,1,0,0,0,0,0,10,0,0,0,70,1015,653,763,831,1015
EAU CLAIRETOWN OF UNION WARDS 1-4,181,0,0,306,1,1,0,234,0,0,0,47,3,0,0,237,0,9,608,10,0,3,0,0,0,0,0,8,1,0,0,61,755,487,523,608,755
EAU CLAIRETOWN OF WASHINGTON WARD 1-13,611,0,2,823,3,7,3,794,0,0,2,241,6,12,1,673,0,18,1885,38,0,2,0,0,0,0,0,22,0,0,0,140,2211,1436,1742,1885,2211
EAU CLAIRETOWN OF WILSON WARD 1,17,0,0,24,0,0,0,36,0,0,0,3,0,1,0,46,0,1,53,0,0,0,0,0,0,0,0,0,0,0,0,2,149,41,86,53,149
EAU CLAIREVILLAGE OF FAIRCHILD WARD 1,22,0,1,33,1,0,0,27,0,1,0,4,0,0,0,44,0,1,72,2,0,0,0,0,0,0,0,0,0,0,0,4,119,56,77,72,119
EAU CLAIREVILLAGE OF FALL CREEK WARDS 1-2,97,0,1,147,0,3,0,154,0,0,1,33,1,5,0,94,0,6,301,5,0,1,0,0,0,0,0,3,0,0,0,39,371,245,291,301,371
FLORENCETOWN OF AURORA WARD 1-3,39,0,1,58,1,2,0,88,1,0,1,15,1,1,0,127,0,0,127,0,0,0,0,0,0,0,0,1,0,0,0,15,407,98,237,127,407
FLORENCETOWN OF COMMONWEALTH WARD 1-3,19,0,0,25,0,0,0,32,0,0,0,11,0,0,1,50,0,2,60,2,0,0,0,0,0,0,0,0,0,0,0,3,161,44,94,60,161
FLORENCETOWN OF FENCE WARD 1,10,0,0,12,0,0,0,22,0,0,0,3,0,2,0,46,0,0,26,3,0,0,0,0,0,0,0,2,0,0,0,1,104,22,73,26,104
FLORENCETOWN OF FERN WARD 1,7,0,0,12,0,1,0,19,0,0,0,3,0,2,0,41,0,0,23,2,0,0,0,0,0,0,0,2,1,0,0,4,94,19,66,23,94
FLORENCETOWN OF FLORENCE WARD 1-7,71,0,2,148,3,3,1,175,0,0,2,61,0,4,0,265,0,2,336,9,0,0,0,0,0,0,0,0,0,0,0,35,782,221,514,336,782
FLORENCETOWN OF HOMESTEAD WARD 1,16,0,1,21,1,1,0,49,0,0,0,10,0,2,0,53,0,0,52,1,0,0,0,0,0,0,0,1,0,0,0,1,185,38,116,52,185
FLORENCETOWN OF LONG LAKE WARD 1,9,0,0,13,0,0,0,26,0,0,0,0,0,1,0,35,0,2,29,0,0,0,0,0,0,0,0,0,0,0,0,3,75,22,62,29,75
FLORENCETOWN OF TIPLER WARD 1,4,0,0,4,0,0,0,17,0,0,0,2,0,2,0,36,0,0,13,0,0,0,0,0,0,0,0,0,0,0,0,2,89,8,57,13,89
FOND DU LACCITY OF FOND DU LAC WARD 1,80,0,0,128,0,1,1,126,0,1,2,15,1,1,0,75,0,4,288,8,0,0,0,0,0,0,0,0,0,0,0,33,381,208,223,288,381
FOND DU LACCITY OF FOND DU LAC WARD 10,105,0,0,176,2,4,1,205,0,0,0,31,1,3,0,128,0,7,385,12,0,1,0,0,0,0,0,7,0,0,0,46,470,281,375,385,470
FOND DU LACCITY OF FOND DU LAC WARD 11,55,0,0,99,0,1,0,67,1,0,0,10,1,1,0,61,0,1,230,10,0,0,0,0,0,0,0,5,0,0,0,28,233,154,142,230,233
FOND DU LACCITY OF FOND DU LAC WARD 12,132,0,1,190,1,3,1,167,1,2,2,58,2,7,0,100,0,3,415,13,0,0,0,0,0,0,0,3,1,0,0,42,429,323,344,415,429
FOND DU LACCITY OF FOND DU LAC WARD 13,60,0,0,141,1,1,0,92,0,0,1,12,0,1,0,83,0,3,227,14,0,0,0,0,0,0,0,2,0,0,0,36,293,201,191,227,293
FOND DU LACCITY OF FOND DU LAC WARD 14,145,0,2,129,0,1,0,229,0,1,0,50,1,5,0,124,0,5,405,11,0,1,0,0,0,0,0,0,1,0,0,37,523,276,411,405,523
FOND DU LACCITY OF FOND DU LAC WARD 15,85,0,0,71,0,2,0,172,0,0,0,45,0,1,0,81,0,2,247,1,0,0,0,0,0,0,0,4,0,0,0,16,363,156,301,247,363
FOND DU LACCITY OF FOND DU LAC WARD 16,98,0,0,102,0,0,0,137,0,1,1,48,0,1,0,74,0,3,275,9,0,0,0,0,0,0,0,1,0,0,0,24,340,200,262,275,340
FOND DU LACCITY OF FOND DU LAC WARD 17,18,0,0,15,1,0,0,39,0,0,0,12,0,1,0,19,0,0,67,1,0,0,0,0,0,0,0,0,0,0,0,9,89,33,72,67,89
FOND DU LACCITY OF FOND DU LAC WARD 18,6,0,0,8,0,0,0,22,0,0,0,7,0,0,0,13,0,0,19,1,0,0,0,0,0,0,0,1,0,0,0,2,43,14,42,19,43
FOND DU LACCITY OF FOND DU LAC WARD 19,98,0,0,125,2,3,0,154,0,0,2,26,0,5,0,95,0,2,286,15,0,2,0,0,0,0,0,2,1,0,0,37,358,223,287,286,358
FOND DU LACCITY OF FOND DU LAC WARD 2,80,0,0,102,0,0,0,100,0,2,0,11,0,6,0,76,0,2,291,4,0,0,0,0,0,0,0,1,0,0,0,18,295,182,195,291,295
FOND DU LACCITY OF FOND DU LAC WARD 20,0,0,0,0,0,0,0,0,0,0,0,0,0,0,0,0,0,0,0,0,0,0,0,0,0,0,0,0,0,0,0,0,0,0,0,0,0
FOND DU LACCITY OF FOND DU LAC WARD 21,84,0,3,214,3,2,0,162,0,0,1,25,2,5,1,112,0,5,384,7,0,0,0,0,0,0,0,5,1,0,0,44,511,301,313,384,511
FOND DU LACCITY OF FOND DU LAC WARD 22,145,0,1,140,0,2,0,277,0,0,0,54,3,4,0,145,0,4,427,7,0,1,0,0,2,0,0,5,1,0,0,26,602,286,485,427,602
FOND DU LACCITY OF FOND DU LAC WARD 23,123,0,0,155,1,5,1,306,0,0,0,58,0,4,0,148,0,4,390,7,0,1,0,0,0,0,0,0,0,0,0,43,596,278,523,390,596
FOND DU LACCITY OF FOND DU LAC WARD 24,161,0,1,158,0,5,0,289,0,0,0,60,1,5,0,120,0,4,478,5,0,0,0,0,0,0,0,13,0,0,0,44,605,320,480,478,605
FOND DU LACCITY OF FOND DU LAC WARD 25,145,0,1,156,0,1,2,389,0,1,1,89,2,5,0,175,0,2,434,10,0,1,0,0,0,0,0,13,1,0,0,52,778,302,665,434,778
FOND DU LACCITY OF FOND DU LAC WARD 26,0,0,0,0,0,0,0,1,0,0,0,0,0,0,0,0,0,0,0,0,0,0,0,0,0,0,0,0,0,0,0,0,1,0,1,0,1
FOND DU LACCITY OF FOND DU LAC WARD 27,0,0,0,0,0,0,0,0,0,0,0,0,0,0,0,0,0,0,0,0,0,0,0,0,0,0,0,0,0,0,0,0,0,0,0,0,0
FOND DU LACCITY OF FOND DU LAC WARD 3,151,0,1,193,5,3,1,231,0,1,0,42,0,2,0,159,0,6,463,9,0,0,0,0,0,0,1,3,1,0,0,33,544,345,444,463,544
FOND DU LACCITY OF FOND DU LAC WARD 4,83,0,0,166,3,7,0,119,0,0,0,12,0,0,0,85,0,3,311,7,0,0,0,0,0,0,0,1,3,0,0,46,345,249,226,311,345
FOND DU LACCITY OF FOND DU LAC WARD 5,171,0,0,158,0,3,1,248,0,0,0,49,0,3,0,140,0,5,500,9,0,0,0,0,0,0,0,8,0,0,0,43,523,329,444,500,523
FOND DU LACCITY OF FOND DU LAC WARD 6,108,0,0,172,2,2,0,191,0,1,0,43,0,2,1,124,0,6,363,10,0,0,1,0,0,0,0,2,1,0,0,39,490,280,366,363,490
FOND DU LACCITY OF FOND DU LAC WARD 7,72,0,0,126,6,0,0,122,0,0,1,16,0,3,0,108,0,4,296,6,0,2,0,0,0,0,0,0,0,0,0,23,399,198,256,296,399
FOND DU LACCITY OF FOND DU LAC WARD 8,122,0,0,183,1,5,0,180,1,0,0,17,0,3,0,123,0,5,393,21,0,0,0,0,1,0,0,5,1,0,0,48,463,305,330,393,463
FOND DU LACCITY OF FOND DU LAC WARD 9,111,0,0,123,1,3,0,100,0,2,0,12,2,1,0,93,0,5,322,6,0,1,0,0,0,0,0,3,0,0,0,26,317,234,214,322,317
FOND DU LACCITY OF RIPON WARD 1-3,120,0,0,140,3,2,0,166,0,0,0,48,0,3,0,134,0,5,342,12,0,0,0,0,0,0,0,3,3,0,0,28,458,260,356,342,458
FOND DU LACCITY OF RIPON WARD 4-6,104,0,0,266,1,4,0,161,0,0,0,61,1,3,0,113,0,0,461,15,0,0,0,0,0,0,0,3,1,0,0,48,414,370,344,461,414
FOND DU LACCITY OF RIPON WARD 9-11,136,0,0,179,2,2,0,193,0,1,0,51,0,4,0,153,0,7,400,12,0,0,0,0,0,0,0,6,0,0,0,34,534,315,406,400,534
FOND DU LACCITY OF RIPON WARDS 7-8,113,0,1,153,3,7,0,154,0,0,1,26,2,3,1,109,0,6,363,6,0,0,0,0,0,0,0,3,0,0,0,44,414,267,306,363,414
FOND DU LACCITY OF WAUPUN WARDS 9-12,166,0,0,254,3,6,0,409,1,0,0,98,2,12,2,236,0,12,540,6,0,2,0,0,0,0,0,20,2,0,0,63,1157,420,769,540,1157
FOND DU LACTOWN OF ALTO WARDS 1-2,26,0,0,45,0,4,0,238,1,0,1,27,0,5,0,76,0,9,68,5,0,0,2,0,0,0,0,1,0,0,0,9,506,71,352,68,506
FOND DU LACTOWN OF ASHFORD WARDS 1-3,74,0,1,100,4,1,0,286,0,1,0,23,0,8,0,154,0,9,204,2,0,0,0,0,0,0,0,3,2,0,0,32,745,175,477,204,745
FOND DU LACTOWN OF AUBURN WARDS 1-3,88,0,1,131,1,4,2,488,0,0,0,75,1,7,0,215,0,9,264,8,0,1,0,0,0,0,0,7,1,0,0,41,1084,220,793,264,1084
FOND DU LACTOWN OF BYRON WARDS 1-2,86,0,0,95,0,1,1,288,1,0,1,49,2,3,0,191,0,6,212,10,0,1,0,0,0,0,0,7,0,0,0,32,697,181,537,212,697
FOND DU LACTOWN OF EDEN WARDS 1-2,30,0,0,64,3,2,0,194,0,0,0,38,1,0,0,111,0,5,121,3,0,0,0,0,0,0,0,0,1,0,0,17,473,94,349,121,473
FOND DU LACTOWN OF ELDORADO WARDS 1-3,63,0,0,99,2,2,0,238,0,1,0,25,0,0,0,185,0,3,197,4,0,0,0,0,0,0,0,1,0,0,0,33,607,162,453,197,607
FOND DU LACTOWN OF EMPIRE WARDS 1-4,168,0,0,213,0,4,1,536,0,2,0,96,0,5,0,253,0,5,548,6,0,0,0,0,0,0,0,19,1,0,0,57,1095,381,897,548,1095
FOND DU LACTOWN OF FOND DU LAC WARDS 1-8,218,0,1,264,1,2,1,521,0,0,0,108,3,5,0,288,0,11,661,14,0,0,0,0,0,0,0,13,3,0,0,61,1210,483,929,661,1210
FOND DU LACTOWN OF FOREST WARDS 1-2,60,0,0,55,0,3,1,239,0,0,0,34,1,2,0,96,0,5,141,4,0,0,0,0,0,0,0,4,1,0,0,22,485,115,376,141,485
FOND DU LACTOWN OF FRIENDSHIP WARDS 1-3,138,0,1,170,0,3,0,293,0,0,0,48,0,1,0,270,0,5,424,18,0,0,0,0,0,0,0,1,0,0,0,33,931,309,615,424,931
FOND DU LACTOWN OF LAMARTINE WARDS 1-2,77,0,3,111,1,2,2,280,0,2,0,43,1,5,0,200,0,2,243,6,0,1,0,0,0,0,0,9,0,0,0,35,722,191,536,243,722
FOND DU LACTOWN OF MARSHFIELD WARDS 1-2,49,0,0,70,3,2,2,196,0,0,0,42,2,2,0,89,0,7,168,2,0,0,0,0,0,0,0,0,0,0,0,22,444,119,338,168,444
FOND DU LACTOWN OF METOMEN WARDS 1-2,31,0,0,53,0,0,0,108,0,0,1,18,0,4,0,82,0,2,88,3,0,0,0,0,0,0,0,2,0,0,0,23,282,84,213,88,282
FOND DU LACTOWN OF OAKFIELD WARDS 1-2,39,0,0,41,0,3,1,107,0,0,0,13,0,1,0,77,0,2,97,3,0,2,0,0,0,0,0,2,1,0,0,9,259,80,202,97,259
FOND DU LACTOWN OF OSCEOLA WARDS 1-2,91,0,0,98,1,1,1,350,0,1,1,49,2,5,0,179,0,1,251,6,0,0,0,0,0,0,0,3,1,0,0,24,804,189,590,251,804
FOND DU LACTOWN OF RIPON WARDS 1-2,71,0,0,94,1,1,0,207,0,0,0,38,1,2,0,181,0,1,250,13,0,1,0,0,0,0,0,2,1,0,0,34,479,165,431,250,479
FOND DU LACTOWN OF SPRINGVALE WARD 1,31,0,0,56,1,0,0,115,0,0,0,11,1,2,0,75,0,3,91,3,0,0,0,0,0,0,0,0,0,0,0,6,282,87,205,91,282
FOND DU LACTOWN OF TAYCHEEDAH WARDS 1-5,274,0,1,292,0,3,0,823,0,0,0,140,4,14,0,470,0,5,857,16,0,0,0,0,0,0,0,13,0,0,0,86,1822,567,1454,857,1822
FOND DU LACTOWN OF WAUPUN WARDS 1-2,72,0,1,98,0,2,0,258,0,0,0,25,0,4,0,130,0,6,201,7,0,0,0,0,0,0,0,2,0,0,0,14,548,171,419,201,548
FOND DU LACVILLAGE OF BRANDON WARD 1,39,0,0,43,0,1,0,121,1,0,0,9,0,4,0,78,0,4,113,3,0,0,0,0,0,0,0,0,1,0,0,21,293,82,214,113,293
FOND DU LACVILLAGE OF CAMPBELLSPORT WARDS 1-4,75,0,1,133,2,3,0,223,0,0,0,44,0,7,0,133,0,6,242,15,0,2,0,0,0,0,0,3,0,0,0,48,644,209,412,242,644
FOND DU LACVILLAGE OF EDEN WARD 1,32,0,0,36,0,0,0,119,0,0,0,8,0,3,1,62,0,1,101,4,0,0,0,0,0,0,0,0,0,0,0,11,279,68,193,101,279
FOND DU LACVILLAGE OF FAIRWATER WARD 1,12,0,0,28,0,0,0,35,0,0,0,8,0,2,0,31,0,1,43,0,0,0,0,0,0,0,0,2,0,0,0,6,111,40,76,43,111
FOND DU LACVILLAGE OF KEWASKUM WARD 6,0,0,0,0,0,0,0,0,0,0,0,0,0,0,0,0,0,0,0,0,0,0,0,0,0,0,0,0,0,0,0,0,0,0,0,0,0
FOND DU LACVILLAGE OF MOUNT CALVARY WARD 1,35,0,0,34,1,3,0,80,0,0,0,14,0,3,0,38,0,5,71,5,0,0,0,0,0,0,0,0,1,0,0,17,203,69,139,71,203
FOND DU LACVILLAGE OF NORTH FOND DU LAC WARDS 1-7,291,0,0,400,4,6,0,438,0,0,2,77,3,10,1,326,0,6,979,17,0,2,0,0,0,0,1,4,1,0,0,104,1230,691,867,979,1230
FOND DU LACVILLAGE OF OAKFIELD WARDS 1-2,72,0,1,76,2,3,2,148,0,0,1,28,1,3,0,104,0,1,180,8,0,0,0,0,0,0,0,2,0,0,0,16,383,149,292,180,383
FOND DU LACVILLAGE OF ROSENDALE WARDS 1-2,47,0,1,63,2,3,0,158,0,0,0,23,0,1,0,106,0,1,159,2,0,0,0,0,0,0,0,0,0,0,0,17,397,111,293,159,397
FOND DU LACVILLAGE OF ST. CLOUD WARD 1,36,0,0,34,2,1,0,108,0,0,0,24,1,1,0,29,0,3,87,2,0,0,0,0,0,0,0,0,0,0,0,16,213,70,166,87,213
FORESTCITY OF CRANDON WARDS 1-4,91,0,0,120,0,3,2,118,0,0,1,32,0,5,4,173,0,2,253,8,0,1,0,0,0,0,0,0,0,0,0,13,502,211,338,253,502
FORESTTOWN OF ALVIN WARD 1,8,0,0,13,0,0,0,16,0,0,0,1,0,0,0,29,0,1,28,1,0,0,0,0,0,0,0,0,0,0,0,1,70,21,46,28,70
FORESTTOWN OF ARGONNE WARDS 1-3,26,0,0,28,2,0,0,26,0,0,0,11,0,5,0,84,0,4,71,4,0,1,0,0,0,0,0,1,0,0,0,4,187,54,128,71,187
FORESTTOWN OF ARMSTRONG CREEK WARD 1,29,0,1,33,1,0,0,29,1,0,0,16,1,0,0,73,0,0,65,2,0,0,0,0,0,0,0,0,0,0,0,1,155,63,121,65,155
FORESTTOWN OF BLACKWELL WARD 1,5,0,0,10,0,0,0,11,0,0,0,0,0,2,0,12,0,0,17,0,0,0,0,0,0,0,0,0,0,0,0,2,37,15,25,17,37
FORESTTOWN OF CASWELL WARD 1,4,0,0,7,1,0,0,6,0,0,0,2,0,0,0,20,0,0,12,0,0,0,0,0,0,0,0,0,0,0,0,0,35,11,29,12,35
FORESTTOWN OF CRANDON WARDS 1-3,46,0,0,46,0,1,0,39,0,0,1,5,0,2,0,87,0,1,116,0,0,0,0,0,0,0,0,0,0,0,0,6,205,92,135,116,205
FORESTTOWN OF FREEDOM WARD 1,36,0,0,27,0,1,0,53,0,0,0,10,0,2,0,44,0,2,75,1,0,0,0,0,0,0,0,0,0,0,0,2,143,63,110,75,143
FORESTTOWN OF HILES WARD 1,41,0,1,26,0,0,0,41,0,0,1,11,0,4,0,62,0,0,89,2,0,0,0,0,0,0,0,0,0,0,0,1,161,68,119,89,161
FORESTTOWN OF LAONA WARDS 1-3,93,0,0,79,1,2,0,54,0,0,1,16,1,3,0,157,0,3,213,0,0,1,0,0,0,0,0,2,1,0,0,17,359,172,235,213,359
FORESTTOWN OF LINCOLN WARDS 1-3,75,0,2,71,0,0,0,86,0,0,0,24,0,2,0,116,1,0,206,3,0,0,0,0,0,0,0,0,0,0,0,5,292,148,229,206,292
FORESTTOWN OF NASHVILLE WARD 1,22,0,0,24,0,0,0,35,0,0,0,9,1,1,1,58,0,2,50,4,0,0,0,0,0,0,0,0,0,0,0,6,145,46,105,50,145
FORESTTOWN OF NASHVILLE WARD 2,34,0,0,39,0,0,0,7,0,0,0,0,0,0,0,7,0,1,120,5,0,0,0,0,0,0,0,0,0,0,0,3,27,73,14,120,27
FORESTTOWN OF NASHVILLE WARD 3,30,0,0,24,0,0,0,47,0,0,0,9,0,1,0,60,0,0,76,1,0,0,0,0,0,0,0,0,0,0,0,0,142,54,117,76,142
FORESTTOWN OF POPPLE RIVER WARD 1,4,0,0,2,0,0,0,4,0,0,0,0,0,0,0,6,0,0,12,0,0,0,0,0,0,0,0,0,0,0,0,2,10,6,10,12,10
FORESTTOWN OF ROSS WARD 1,5,0,0,7,0,0,0,12,0,0,0,2,2,1,0,25,0,0,12,0,0,0,0,0,0,0,0,0,0,0,0,3,57,12,42,12,57
FORESTTOWN OF WABENO WARDS 1-5,61,0,0,111,0,3,0,76,0,0,0,9,1,4,1,97,0,1,169,6,0,0,0,0,0,0,0,0,0,0,0,14,261,172,191,169,261
GRANTCITY OF BOSCOBEL WARD 1-4,189,0,3,341,1,7,1,155,0,0,2,65,3,6,0,238,0,6,528,18,0,0,0,0,0,0,0,0,1,0,0,43,599,533,478,528,599
GRANTCITY OF CUBA CITY WARDS 1-4,156,0,3,122,0,1,2,93,0,0,0,39,1,3,0,119,0,5,400,10,0,0,0,0,0,0,0,0,0,0,0,30,384,281,258,400,384
GRANTCITY OF FENNIMORE WARD 1-4,152,0,1,181,1,0,0,164,0,0,1,68,1,1,0,163,0,9,450,10,0,0,0,0,0,0,1,3,0,0,0,34,549,334,399,450,549
GRANTCITY OF LANCASTER WARDS 1-6,207,0,1,278,2,5,0,239,0,0,2,97,2,3,1,243,0,2,705,25,0,1,0,0,0,0,1,2,1,0,0,70,897,486,594,705,897
GRANTCITY OF PLATTEVILLE WARD 1-2,235,0,0,313,2,2,1,191,0,0,3,99,4,2,2,117,0,5,753,27,0,4,0,0,0,0,0,9,4,0,0,69,498,548,423,753,498
GRANTCITY OF PLATTEVILLE WARD 3-4,133,0,1,319,0,6,0,158,0,0,2,89,1,1,0,91,1,11,623,30,0,0,2,0,0,0,0,7,1,0,0,96,523,453,349,623,523
GRANTCITY OF PLATTEVILLE WARD 5-6,78,0,0,478,3,5,1,203,0,0,3,69,5,7,0,101,1,11,657,46,0,5,0,0,0,0,0,0,1,0,0,194,696,556,398,657,696
GRANTCITY OF PLATTEVILLE WARD 7-9,187,0,1,410,0,5,0,183,5,0,2,102,1,12,0,139,1,12,826,16,0,2,0,0,0,0,0,9,3,0,0,172,687,598,450,826,687
GRANTTOWN OF BEETOWN WARD 1,20,0,0,28,0,0,0,64,1,0,0,23,0,2,0,65,0,1,79,1,0,0,0,0,0,0,0,0,1,0,0,11,217,48,155,79,217
GRANTTOWN OF BLOOMINGTON WARD 1,21,0,0,20,1,1,0,33,0,3,0,14,0,3,0,55,0,0,48,1,0,1,0,0,0,0,0,1,0,0,0,6,142,41,110,48,142
GRANTTOWN OF BOSCOBEL WARDS 1-2,30,0,0,52,0,0,0,36,0,0,0,2,0,1,0,27,0,1,82,2,0,0,0,0,0,0,0,0,0,0,0,7,89,82,66,82,89
GRANTTOWN OF CASSVILLE WARD 1,19,0,0,24,0,1,0,28,0,0,0,10,0,1,0,39,0,0,59,1,0,0,0,0,0,0,0,0,0,0,0,5,123,43,79,59,123
GRANTTOWN OF CASTLE ROCK WARD 1,14,0,1,34,0,0,0,34,0,0,0,5,0,0,0,22,0,2,47,3,0,0,0,0,0,0,0,0,0,0,0,7,87,49,61,47,87
GRANTTOWN OF CLIFTON WARDS 1-2,25,0,0,15,0,1,1,14,0,0,0,18,0,0,0,24,0,0,59,0,0,0,0,0,0,0,0,0,0,0,0,8,63,40,58,59,63
GRANTTOWN OF ELLENBORO WARD 1,28,0,0,36,0,0,0,52,0,0,0,20,2,0,1,50,0,1,96,5,0,0,0,0,0,0,0,0,0,0,0,4,178,64,125,96,178
GRANTTOWN OF FENNIMORE WARDS 1-2,18,0,0,46,0,1,0,35,0,0,0,15,1,0,0,23,0,3,73,3,0,0,0,0,0,0,0,0,0,0,0,8,152,64,75,73,152
GRANTTOWN OF GLEN HAVEN WARD 1,12,0,0,22,1,0,0,31,0,0,0,12,0,3,0,37,0,2,50,1,0,0,0,0,0,0,0,0,1,0,0,4,127,34,84,50,127
GRANTTOWN OF HARRISON WARD 1,27,0,1,36,0,0,1,45,0,0,0,18,0,1,0,37,0,3,90,0,0,0,0,0,0,0,0,0,0,0,0,10,160,64,102,90,160
GRANTTOWN OF HAZEL GREEN WARD 1-2,180,0,0,64,1,0,0,83,0,0,0,47,0,5,0,84,0,3,315,4,0,0,0,0,0,0,0,0,1,0,0,21,285,244,220,315,285
GRANTTOWN OF HICKORY GROVE WARD 1,13,1,0,38,0,0,0,34,0,0,0,11,0,0,0,43,0,0,59,0,0,0,0,0,0,0,0,0,0,0,0,5,105,52,88,59,105
GRANTTOWN OF JAMESTOWN WARDS 1-3,112,0,0,90,0,2,1,145,0,0,0,65,1,0,0,145,0,4,347,12,0,0,0,0,0,0,0,0,0,0,0,29,643,202,359,347,643
GRANTTOWN OF LIBERTY WARD 1,21,0,0,34,1,0,1,37,0,0,0,21,1,0,1,37,0,1,73,0,0,0,0,0,0,0,0,0,0,0,0,14,145,55,99,73,145
GRANTTOWN OF LIMA WARD 1,44,0,0,70,1,3,0,43,0,0,0,22,4,0,0,66,0,5,139,4,0,1,0,0,0,0,0,0,2,0,0,12,186,114,139,139,186
GRANTTOWN OF LITTLE GRANT WARD 1,15,0,0,19,0,0,0,22,0,0,0,18,1,0,1,35,0,1,46,0,0,0,0,0,0,0,0,0,0,0,0,2,90,34,77,46,90
GRANTTOWN OF MARION WARD 1,35,0,1,37,0,0,0,34,0,0,0,13,0,2,0,56,0,1,76,2,0,0,0,0,0,0,0,1,0,0,0,4,141,73,105,76,141
GRANTTOWN OF MILLVILLE WARD 1,22,0,0,27,0,2,0,11,0,0,0,6,0,0,0,14,0,0,41,1,0,0,0,0,0,0,0,0,0,0,0,5,47,49,33,41,47
GRANTTOWN OF MOUNT HOPE WARD 1,17,0,0,14,0,0,1,17,0,1,0,8,0,3,0,23,0,1,32,0,0,1,0,0,0,0,0,0,0,0,0,0,68,31,53,32,68
GRANTTOWN OF MOUNT IDA WARD 1,23,0,1,38,1,3,0,42,0,0,1,15,0,1,0,44,0,1,84,2,0,0,0,0,0,0,0,0,0,0,0,9,172,62,107,84,172
GRANTTOWN OF MUSCODA WARD 1,25,0,0,62,0,0,0,26,0,0,0,12,0,1,0,59,0,0,100,4,0,0,0,0,0,0,0,0,1,0,0,8,191,87,98,100,191
GRANTTOWN OF NORTH LANCASTER WARDS 1-2,17,0,1,35,0,0,0,29,0,1,0,27,0,2,0,46,0,0,77,1,0,2,0,0,0,0,0,0,0,0,0,2,182,53,105,77,182
GRANTTOWN OF PARIS WARDS 1-2,35,0,0,36,0,2,0,51,0,0,1,25,1,0,0,75,0,0,125,2,0,0,0,0,0,0,0,0,0,0,0,9,238,71,155,125,238
GRANTTOWN OF PATCH GROVE WARD 1,24,0,0,38,0,0,0,26,0,0,0,15,1,1,0,34,0,0,63,5,0,0,0,0,0,0,0,0,1,0,0,12,92,62,77,63,92
GRANTTOWN OF PLATTEVILLE WARDS 1-3,108,0,0,135,3,4,2,117,0,0,0,70,1,3,2,112,0,4,352,5,0,1,0,0,0,0,0,4,1,0,0,32,400,243,314,352,400
GRANTTOWN OF POTOSI WARD 1,47,0,0,42,1,1,0,56,0,0,2,21,0,2,0,67,0,3,158,1,0,3,0,0,0,0,0,0,1,0,0,13,247,89,150,158,247
GRANTTOWN OF SMELSER WARDS 1-2,56,0,3,42,1,1,0,69,0,0,0,21,1,2,0,88,0,0,180,3,0,0,0,0,0,0,0,0,0,0,0,17,245,101,183,180,245
GRANTTOWN OF SOUTH LANCASTER WARDS 1-3,33,0,0,43,1,0,1,42,0,0,0,32,0,1,0,47,0,2,117,1,0,0,0,0,0,0,0,0,0,0,0,8,184,76,124,117,184
GRANTTOWN OF WATERLOO WARD 1,22,0,0,23,0,0,0,29,0,0,0,19,0,0,0,51,0,4,86,2,0,0,0,0,0,0,0,0,0,0,0,6,159,45,99,86,159
GRANTTOWN OF WATTERSTOWN WARDS 1-2,28,0,0,28,0,0,0,30,0,0,0,16,0,0,0,31,0,0,65,1,0,0,0,0,0,0,0,0,0,0,0,3,91,56,77,65,91
GRANTTOWN OF WINGVILLE WARD 1,24,0,1,23,0,3,0,18,0,0,0,22,0,1,0,19,0,1,60,4,0,0,0,0,0,0,0,0,0,0,0,3,80,48,63,60,80
GRANTTOWN OF WOODMAN WARD 1,9,0,0,12,0,1,0,13,0,0,0,7,0,2,0,18,0,0,24,1,0,0,0,0,0,0,0,0,0,0,0,2,55,21,41,24,55
GRANTTOWN OF WYALUSING WARD 1,32,0,0,53,0,0,0,17,0,0,1,13,0,0,0,46,0,1,77,1,0,0,0,0,0,0,0,0,1,0,0,5,107,85,77,77,107
GRANTVILLAGE OF BAGLEY WARD 1,22,0,0,42,1,0,1,16,0,0,0,7,0,1,0,38,0,2,84,4,0,0,0,0,0,0,0,0,0,0,0,8,92,64,64,84,92
GRANTVILLAGE OF BLOOMINGTON WARD 1,55,0,0,65,1,2,0,41,0,0,2,37,0,0,0,88,0,1,132,1,0,2,0,0,0,0,0,0,1,0,0,15,206,120,171,132,206
GRANTVILLAGE OF BLUE RIVER WARD 1,24,0,0,44,1,0,0,33,1,0,0,11,0,4,0,39,0,8,84,2,0,0,0,0,0,0,0,0,0,0,0,0,91,68,89,84,91
GRANTVILLAGE OF CASSVILLE WARDS 1-2,56,0,0,73,2,1,0,46,0,0,0,32,0,1,0,63,0,1,176,3,0,0,0,0,0,0,0,0,0,0,0,16,202,129,145,176,202
GRANTVILLAGE OF DICKEYVILLE WARDS 1-2,61,0,1,70,1,1,1,75,0,0,0,27,0,2,0,72,0,5,225,4,0,1,0,0,0,0,0,0,1,0,0,17,276,132,179,225,276
GRANTVILLAGE OF HAZEL GREEN WARD 1-2,104,0,2,86,0,0,0,67,0,0,1,38,2,2,1,96,0,1,273,8,0,0,0,0,0,0,0,1,0,0,0,14,259,192,207,273,259
GRANTVILLAGE OF LIVINGSTON WARD 1,48,0,2,61,0,0,2,40,1,0,1,19,0,4,0,39,0,2,133,4,0,0,0,0,0,0,0,0,0,0,0,25,121,111,106,133,121
GRANTVILLAGE OF MONTFORT WARD 1,47,0,1,64,0,0,0,28,0,0,0,17,0,1,0,39,0,1,125,1,0,1,0,0,0,0,0,2,1,0,0,17,123,112,85,125,123
GRANTVILLAGE OF MOUNT HOPE WARD 1,8,0,1,24,0,0,0,19,0,0,0,6,0,0,0,16,0,3,30,3,0,0,0,0,0,0,0,0,0,0,0,5,40,33,41,30,40
GRANTVILLAGE OF MUSCODA WARDS 1-2,58,0,1,117,1,1,0,56,0,0,0,28,1,2,0,61,0,4,202,17,0,1,0,0,0,0,0,0,0,0,0,22,249,176,150,202,249
GRANTVILLAGE OF PATCH GROVE WARD 1,16,0,0,18,1,0,0,7,0,0,0,8,0,0,0,15,0,0,37,3,0,0,0,0,0,0,0,1,0,0,0,5,45,34,31,37,45
GRANTVILLAGE OF POTOSI WARD 1,50,0,0,36,0,0,0,49,0,0,0,19,1,4,0,63,0,2,142,3,0,0,0,0,0,0,0,0,1,0,0,9,198,86,136,142,198
GRANTVILLAGE OF TENNYSON WARD 1,22,0,0,25,0,2,0,19,0,0,0,15,0,3,0,29,0,5,68,0,0,0,0,0,0,0,0,0,0,0,0,6,99,47,68,68,99
GRANTVILLAGE OF WOODMAN WARD 1,4,0,0,8,0,0,0,2,0,0,0,3,0,0,0,13,0,1,14,0,0,0,0,0,0,0,0,0,0,0,0,1,24,12,18,14,24
GREEN LAKECITY OF BERLIN WARD 1-6,243,0,1,303,5,6,2,449,1,1,1,74,0,8,1,379,0,6,774,19,0,0,0,0,0,0,0,2,1,0,0,83,1346,547,927,774,1346
GREEN LAKECITY OF GREEN LAKE WARDS 1-3,60,0,0,78,1,2,0,137,0,0,1,33,0,3,0,114,0,4,205,1,0,0,0,0,0,0,0,4,0,0,0,15,330,138,291,205,330
GREEN LAKECITY OF MARKESAN WARDS 1-3,54,0,0,77,1,3,2,167,0,0,0,31,1,7,1,113,0,6,176,6,0,0,0,0,0,0,0,4,0,0,0,13,479,131,326,176,479
GREEN LAKECITY OF PRINCETON WARDS 1-4,59,0,0,83,2,0,0,97,0,0,0,24,0,1,0,131,0,1,181,9,0,1,0,0,0,0,0,1,1,0,0,18,383,142,255,181,383
GREEN LAKETOWN OF BERLIN WARD 1-3,60,0,2,61,1,2,0,180,0,0,0,38,2,1,0,164,0,4,145,4,0,0,0,0,0,0,0,2,0,0,0,19,492,123,388,145,492
GREEN LAKETOWN OF BROOKLYN WARDS 1-3,114,0,1,154,1,2,2,302,0,0,1,67,1,6,0,246,0,7,327,8,0,0,0,0,0,0,0,14,2,0,0,39,729,269,628,327,729
GREEN LAKETOWN OF GREEN LAKE WARDS 1-2,49,0,0,62,0,1,0,185,1,0,0,48,0,2,0,162,0,4,174,3,0,0,0,0,0,0,0,3,0,0,0,22,506,111,399,174,506
GREEN LAKETOWN OF KINGSTON WARDS 1-2,18,0,0,36,0,3,0,73,0,0,1,16,1,3,1,61,0,9,60,3,0,0,0,0,0,0,0,0,0,0,0,14,202,54,159,60,202
GREEN LAKETOWN OF MACKFORD WARD 1,12,0,0,26,0,1,1,95,1,0,0,11,0,1,0,52,0,0,42,2,0,0,0,0,0,0,0,0,0,0,0,4,237,38,162,42,237
GREEN LAKETOWN OF MANCHESTER WARD 1,24,0,0,44,1,0,1,96,1,0,0,17,0,2,0,76,0,3,87,3,0,0,0,0,0,0,0,1,2,0,0,4,256,68,194,87,256
GREEN LAKETOWN OF MARQUETTE WARD 1,28,0,0,28,1,2,0,62,0,0,2,11,1,0,0,63,0,1,73,1,0,0,0,0,0,0,0,1,0,0,0,5,196,56,142,73,196
GREEN LAKETOWN OF PRINCETON WARDS 1-4,75,0,1,112,0,3,0,168,0,0,0,36,0,7,0,221,0,2,251,9,0,0,0,0,0,0,0,0,1,0,0,20,580,188,435,251,580
GREEN LAKETOWN OF SENECA WARD 1,29,0,0,20,0,0,1,50,0,0,0,10,0,3,0,64,0,0,67,2,0,0,0,0,0,0,0,1,0,0,0,6,152,49,128,67,152
GREEN LAKETOWN OF ST. MARIE WARDS 1-2,13,0,1,31,1,1,1,38,0,1,1,7,0,2,0,71,0,1,65,0,0,0,0,0,0,0,0,0,1,0,0,3,159,45,123,65,159
GREEN LAKEVILLAGE OF KINGSTON WARD 1,19,0,0,21,1,2,0,33,0,0,1,8,0,0,0,36,0,0,43,4,0,0,0,0,0,0,0,1,0,0,0,6,114,40,81,43,114
GREEN LAKEVILLAGE OF MARQUETTE WARD 1,14,0,0,12,0,0,1,16,0,1,0,5,0,0,0,32,0,0,31,1,0,0,0,0,0,0,0,0,0,0,0,3,52,26,55,31,52
GREENCITY OF BRODHEAD WARDS 1-6,160,0,0,329,3,6,0,149,0,0,3,93,3,2,0,253,0,5,563,16,0,0,0,0,0,0,0,0,2,0,0,55,688,489,512,563,688
GREENCITY OF MONROE WARDS 1-9,746,0,1,1041,8,16,0,570,2,1,4,400,5,14,1,682,0,24,2486,55,0,1,0,0,0,1,0,11,4,0,0,189,2167,1788,1703,2486,2167
GREENTOWN OF ADAMS WARD 1,56,0,0,56,0,1,0,31,0,0,0,20,0,0,0,60,0,0,137,1,0,0,0,0,0,0,0,0,0,0,0,6,146,112,112,137,146
GREENTOWN OF ALBANY WARDS 1-2,101,0,1,156,0,2,0,91,0,0,1,57,0,2,1,122,0,2,275,8,0,0,0,0,0,0,0,0,0,0,0,26,339,258,276,275,339
GREENTOWN OF BROOKLYN WARDS 1-3,116,0,0,167,0,1,0,94,0,0,1,59,1,2,0,85,0,0,352,5,0,1,0,0,0,0,0,1,0,0,0,20,294,283,243,352,294
GREENTOWN OF CADIZ WARD 1,49,0,1,66,0,2,1,89,0,0,0,28,0,2,0,77,0,1,161,2,0,0,0,0,0,0,0,0,0,0,0,10,274,116,199,161,274
GREENTOWN OF CLARNO WARDS 1-2,63,0,0,123,1,3,1,96,0,0,0,54,1,2,1,112,0,5,232,5,0,0,0,0,0,0,0,0,1,0,0,21,376,186,271,232,376
GREENTOWN OF DECATUR WARDS 1-3,131,0,0,156,2,3,0,144,1,0,1,96,2,2,2,169,0,4,389,11,0,0,0,0,0,0,0,2,1,0,0,25,499,287,422,389,499
GREENTOWN OF EXETER WARDS 1-4,183,0,0,321,2,1,0,130,0,0,0,66,1,6,0,112,0,3,682,14,0,2,0,0,0,0,0,2,0,0,0,47,406,504,318,682,406
GREENTOWN OF JEFFERSON WARDS 1-2,70,0,0,106,2,3,0,114,0,1,1,41,0,4,0,131,0,3,193,10,0,0,0,0,0,0,0,0,0,0,0,25,395,176,297,193,395
GREENTOWN OF JORDAN WARD 1,31,0,0,81,0,0,0,36,0,0,1,34,0,0,0,58,0,2,129,1,0,0,0,0,0,0,0,0,1,0,0,10,174,112,129,129,174
GREENTOWN OF MONROE WARDS 1-2,92,0,0,142,2,1,0,114,0,0,0,55,1,2,0,130,0,4,301,5,0,0,0,0,0,0,0,6,1,0,0,22,371,234,305,301,371
GREENTOWN OF NEW GLARUS WARDS 1-2,128,0,0,181,1,2,0,137,0,0,0,104,0,1,0,92,0,0,441,5,0,0,0,0,0,0,0,3,0,0,0,26,338,309,337,441,338
GREENTOWN OF SPRING GROVE WARD 1,59,0,0,80,0,0,0,82,0,0,1,38,1,2,0,114,0,1,162,3,0,0,0,0,0,0,0,1,0,0,0,23,275,139,238,162,275
GREENTOWN OF SYLVESTER WARDS 1-2,65,0,0,106,0,2,0,91,1,0,1,49,1,1,0,93,0,2,225,3,0,0,0,0,0,0,0,0,0,0,0,23,312,171,239,225,312
GREENTOWN OF WASHINGTON WARD 1,70,0,0,102,0,1,0,48,0,0,0,27,1,1,0,94,0,2,223,2,0,0,0,0,0,0,0,0,0,0,0,9,212,172,172,223,212
GREENTOWN OF YORK WARD 1,86,0,0,161,0,2,1,82,0,0,0,33,0,0,0,64,0,6,294,7,0,0,0,0,0,0,0,4,0,0,0,11,219,247,182,294,219
GREENVILLAGE OF ALBANY WARDS 1-2,89,0,0,157,2,1,0,54,0,0,1,30,1,0,0,67,0,2,245,6,0,0,0,0,0,0,0,0,0,0,0,25,198,246,156,245,198
GREENVILLAGE OF BELLEVILLE WARD 3,34,0,0,83,0,0,0,28,0,0,0,14,0,2,0,22,0,2,169,7,0,0,0,0,0,0,0,0,0,0,0,11,97,117,66,169,97
GREENVILLAGE OF BROOKLYN WARD 2,34,0,0,87,0,0,0,20,0,0,0,5,1,0,0,29,0,2,143,4,0,0,0,0,0,0,0,0,0,0,0,14,87,121,55,143,87
GREENVILLAGE OF BROWNTOWN WARD 1,12,0,0,24,0,1,0,19,0,0,1,8,0,0,0,25,0,1,43,1,0,0,0,0,0,0,0,0,0,0,0,5,67,36,54,43,67
GREENVILLAGE OF MONTICELLO WARDS 1-2,110,0,1,166,0,0,1,81,0,0,0,42,0,2,0,75,0,3,353,7,0,0,0,0,0,0,0,1,0,0,0,25,239,277,201,353,239
GREENVILLAGE OF NEW GLARUS WARDS 1-4,224,0,1,390,2,2,0,126,0,0,0,73,2,1,0,109,0,3,773,12,0,0,0,0,0,0,0,5,1,0,0,49,362,615,315,773,362
IOWACITY OF DODGEVILLE WARDS 1-10,400,0,4,686,5,6,0,316,0,1,2,185,6,8,1,251,0,9,1340,26,0,0,0,0,0,0,0,0,0,0,0,130,842,1090,781,1340,842
IOWACITY OF MINERAL POINT WARDS 1-6,310,0,0,362,4,4,0,141,0,0,1,101,1,3,0,153,0,9,841,16,0,1,0,0,0,0,0,0,2,0,0,24,463,672,408,841,463
IOWATOWN OF ARENA WARD 1-2,145,0,0,244,0,2,0,103,0,0,0,37,1,2,0,111,0,3,435,8,0,0,0,0,0,0,0,0,0,0,0,18,325,389,256,435,325
IOWATOWN OF BRIGHAM WARDS 1-2,110,0,1,186,0,0,1,87,0,0,1,42,0,0,0,82,1,1,372,3,0,0,0,0,0,0,0,0,0,0,0,24,229,297,214,372,229
IOWATOWN OF CLYDE WARD 1,31,0,0,69,0,3,0,18,0,0,1,19,0,1,0,18,0,1,111,7,0,0,0,0,0,0,0,0,0,0,0,9,68,100,60,111,68
IOWATOWN OF DODGEVILLE WARDS 1-4,169,0,2,235,1,9,0,121,0,0,0,70,1,3,0,163,0,2,515,8,0,0,0,0,0,0,0,0,1,0,0,24,391,406,368,515,391
IOWATOWN OF EDEN WARD 1,38,0,0,44,0,1,0,27,0,0,0,33,0,3,0,30,0,1,93,0,0,0,0,0,0,0,0,0,0,0,0,11,99,82,94,93,99
IOWATOWN OF HIGHLAND WARD 1-2,65,0,0,67,1,3,0,58,0,0,0,23,1,1,0,64,0,2,176,3,0,0,0,0,0,0,0,0,1,0,0,10,183,132,151,176,183
IOWATOWN OF LINDEN WARD 1-3,53,0,0,72,3,1,1,55,0,1,0,25,0,2,2,74,0,4,157,3,0,0,0,0,0,0,0,0,1,0,0,4,207,125,164,157,207
IOWATOWN OF MIFFLIN WARD 1-2,41,0,1,53,0,0,2,46,0,0,0,21,0,1,0,40,0,4,108,4,0,0,0,0,0,0,0,0,1,0,0,8,145,95,110,108,145
IOWATOWN OF MINERAL POINT WARD 1-2,67,0,0,90,1,0,1,100,2,0,0,43,0,3,0,87,0,3,215,0,0,1,0,0,0,0,0,2,1,0,0,13,243,157,237,215,243
IOWATOWN OF MOSCOW WARD 1-2,57,0,0,100,1,0,0,43,0,0,0,15,0,1,0,42,0,2,185,5,0,0,0,0,0,0,0,0,1,0,0,6,136,157,102,185,136
IOWATOWN OF PULASKI WARD 1,25,0,0,35,1,0,1,24,0,0,0,11,0,1,0,28,0,0,79,2,0,0,0,0,0,0,0,0,0,0,0,3,96,60,66,79,96
IOWATOWN OF RIDGEWAY WARD 1-2,80,0,1,78,1,0,0,48,2,0,0,23,0,2,0,55,0,3,212,0,0,0,0,0,0,0,0,0,0,0,0,13,126,159,131,212,126
IOWATOWN OF WALDWICK WARD 1-2,41,0,1,78,0,0,0,21,0,0,0,22,0,2,0,39,0,0,140,0,0,1,0,0,0,0,0,1,0,0,0,15,98,120,84,140,98
IOWATOWN OF WYOMING WARD 1-2,46,0,0,63,0,0,0,21,0,0,0,19,0,1,0,23,0,0,144,5,0,0,0,0,0,0,0,2,0,0,0,7,61,109,64,144,61
IOWAVILLAGE OF ARENA WARD 1,59,0,0,129,0,1,0,50,0,0,1,20,1,3,0,35,0,2,223,5,0,1,0,0,0,0,0,0,0,0,0,18,150,188,111,223,150
IOWAVILLAGE OF AVOCA WARD 1,43,0,0,58,1,0,1,15,0,0,0,5,0,0,0,53,0,1,105,6,0,0,0,0,0,0,0,0,1,0,0,8,108,101,75,105,108
IOWAVILLAGE OF BARNEVELD WARDS 1-2,96,0,0,157,1,1,0,56,1,0,0,44,0,2,0,70,0,4,375,2,0,0,0,0,0,0,0,0,0,0,0,38,215,253,175,375,215
IOWAVILLAGE OF BLANCHARDVILLE WARD 2,21,0,0,23,0,0,0,10,0,0,0,3,0,0,0,8,0,0,53,0,0,0,0,0,0,0,0,0,0,0,0,4,27,44,21,53,27
IOWAVILLAGE OF COBB WARD 1,37,0,1,47,0,2,0,35,0,0,0,28,0,1,0,29,0,4,126,2,0,0,0,0,0,0,0,0,0,0,0,15,96,85,95,126,96
IOWAVILLAGE OF HIGHLAND WARD 1,66,0,0,72,0,1,0,51,0,0,0,11,2,4,0,54,0,2,193,2,0,1,0,0,0,0,0,0,1,0,0,10,175,138,123,193,175
IOWAVILLAGE OF HOLLANDALE WARD 1,38,0,0,39,0,0,0,5,0,0,0,7,0,0,0,10,0,1,104,1,0,0,0,0,0,0,0,0,0,0,0,3,31,77,22,104,31
IOWAVILLAGE OF LINDEN WARD 1,44,0,0,57,0,0,0,23,0,0,0,9,0,2,0,25,0,0,120,2,0,0,0,0,0,0,0,0,1,0,0,11,92,101,59,120,92
IOWAVILLAGE OF LIVINGSTON WARD 2,0,0,0,1,0,0,0,0,0,0,0,0,0,0,0,2,0,0,0,0,0,0,0,0,0,0,0,0,0,0,0,0,2,1,2,0,2
IOWAVILLAGE OF MONTFORT WARD 2,12,0,0,12,0,1,0,7,0,0,0,3,0,0,0,4,0,0,31,0,0,0,0,0,0,0,0,0,0,0,0,1,22,24,15,31,22
IOWAVILLAGE OF MUSCODA WARD 3,1,0,0,5,0,0,0,0,0,0,0,0,1,0,0,3,0,0,6,1,0,0,0,0,0,0,0,0,0,0,0,1,6,6,4,6,6
IOWAVILLAGE OF REWEY WARD 1,12,0,0,27,0,1,0,6,0,0,0,8,0,2,0,13,0,0,55,0,0,0,0,0,0,0,0,0,1,0,0,8,38,39,30,55,38
IOWAVILLAGE OF RIDGEWAY WARD 1,57,0,0,113,1,3,0,32,0,1,0,11,1,1,0,46,0,2,155,4,0,0,0,0,0,0,0,0,0,0,0,20,135,170,96,155,135
IRONCITY OF HURLEY WARD 1,104,0,4,127,0,2,0,49,0,0,0,19,2,7,0,174,0,0,90,4,0,0,0,0,0,0,0,0,0,0,0,3,111,235,253,90,111
IRONCITY OF MONTREAL WARD 1-2,57,0,1,79,0,0,0,45,0,0,0,24,0,2,1,110,0,1,175,3,0,0,0,0,0,0,0,0,0,0,0,7,232,137,182,175,232
IRONTOWN OF ANDERSON WARD 1,7,0,0,4,0,0,0,5,0,0,0,5,1,0,0,14,0,0,22,0,0,0,0,0,0,0,0,0,0,0,0,2,23,11,25,22,23
IRONTOWN OF CAREY WARD 1,9,0,0,9,0,0,0,13,0,0,0,7,0,1,0,22,0,0,28,2,0,0,0,0,0,0,0,0,0,0,0,3,62,18,43,28,62
IRONTOWN OF GURNEY WARD 1,19,0,0,17,0,0,0,6,0,0,0,2,0,0,0,17,0,0,41,1,0,0,0,0,0,0,0,0,0,0,0,0,41,36,25,41,41
IRONTOWN OF KIMBALL WARD 1,39,0,1,30,0,1,0,31,0,0,0,17,1,4,0,62,0,0,112,3,0,0,0,0,0,0,0,0,0,0,0,7,171,70,116,112,171
IRONTOWN OF KNIGHT WARD 1,9,0,0,26,0,0,0,9,0,0,0,3,0,0,0,34,0,1,38,6,0,0,0,0,0,0,0,0,0,0,0,0,57,35,46,38,57
IRONTOWN OF MERCER WARDS 1-4,105,0,0,148,1,1,3,132,1,0,1,65,0,6,1,305,0,2,307,7,0,0,0,0,0,0,0,1,0,0,0,24,634,253,516,307,634
IRONTOWN OF OMA WARD 1,24,0,0,29,0,0,0,35,0,0,0,14,0,0,0,66,0,0,83,1,0,0,0,0,0,0,0,1,0,0,0,1,156,53,115,83,156
IRONTOWN OF PENCE WARD 1,18,0,0,21,0,0,0,11,0,0,0,1,0,1,0,27,0,1,47,0,0,0,0,0,0,0,0,0,0,0,0,3,50,39,40,47,50
IRONTOWN OF SAXON WARD 1,22,0,1,36,0,0,0,22,0,0,0,17,0,2,1,57,0,1,74,3,0,0,0,0,0,0,0,0,0,0,0,6,130,59,99,74,130
IRONTOWN OF SHERMAN WARD 1,24,0,0,37,0,1,0,33,0,0,0,13,0,0,0,52,0,1,64,1,0,0,0,0,0,0,0,0,0,0,0,3,130,61,99,64,130
JACKSONCITY OF BLACK RIVER FALLS WARD 1,77,0,1,101,1,3,0,56,0,0,1,23,0,2,1,76,0,1,237,5,0,0,0,0,0,0,0,1,0,0,0,12,212,179,163,237,212
JACKSONCITY OF BLACK RIVER FALLS WARD 2,58,0,0,90,0,3,1,47,0,1,0,17,0,0,0,57,0,2,186,4,0,1,0,0,0,0,0,2,0,0,0,18,152,148,126,186,152
JACKSONCITY OF BLACK RIVER FALLS WARD 3,41,0,0,76,0,0,1,22,0,0,1,8,0,0,0,51,0,1,149,7,0,1,0,0,0,0,0,0,0,0,0,11,106,117,83,149,106
JACKSONCITY OF BLACK RIVER FALLS WARD 4,68,0,0,86,1,1,0,63,1,0,1,11,0,2,0,88,0,1,179,4,0,0,0,0,0,0,0,1,0,0,0,14,221,154,168,179,221
JACKSONTOWN OF ADAMS WARD 1-3,110,0,2,167,2,0,1,102,1,0,0,19,0,3,0,178,0,3,301,15,0,1,0,0,0,0,0,0,1,0,0,22,428,279,306,301,428
JACKSONTOWN OF ALBION WARD 1-4,78,0,0,137,1,2,0,79,0,0,4,27,0,2,1,118,0,5,248,7,0,3,0,0,0,0,0,1,1,0,0,16,345,215,234,248,345
"JACKSONTOWN OF ALMA WARD 1,4",12,0,0,30,0,0,1,24,0,0,0,7,0,0,0,43,0,0,40,4,0,0,0,0,0,0,0,0,0,0,0,5,95,42,75,40,95
"JACKSONTOWN OF ALMA WARD 2-3,5",38,0,0,65,1,1,0,60,0,0,0,18,1,1,1,72,0,2,112,1,0,0,0,0,0,0,0,1,0,0,0,11,186,103,155,112,186
JACKSONTOWN OF BEAR BLUFF WARD 1,1,0,0,8,0,0,0,23,0,0,1,1,1,3,0,21,0,1,6,0,0,1,0,0,0,0,0,1,0,0,0,3,69,9,50,6,69
JACKSONTOWN OF BROCKWAY WARD 1-6,114,0,2,199,1,0,0,68,0,1,2,10,1,3,0,112,0,4,432,10,0,0,0,0,0,0,0,0,1,0,0,27,330,315,198,432,330
JACKSONTOWN OF CITY POINT WARD 1,14,0,0,20,1,0,0,20,0,0,0,0,0,1,0,28,0,0,33,0,0,0,0,0,0,0,0,0,0,0,0,3,63,34,50,33,63
JACKSONTOWN OF CLEVELAND WARD 1,21,0,0,60,0,1,0,48,0,0,0,4,0,0,0,64,0,0,80,5,0,1,0,0,0,0,0,2,1,0,0,6,154,81,117,80,154
JACKSONTOWN OF CURRAN WARD 1,36,0,0,28,0,0,0,15,0,0,0,2,0,0,0,36,0,1,69,0,0,0,0,0,0,0,0,0,0,0,0,5,85,64,53,69,85
JACKSONTOWN OF FRANKLIN WARD 1,32,0,0,38,0,0,0,10,1,0,0,8,0,0,0,29,0,0,91,2,0,0,0,0,0,0,0,0,0,0,0,2,100,70,48,91,100
JACKSONTOWN OF GARDEN VALLEY WARD 1,28,0,1,29,1,1,0,50,0,0,0,9,0,0,0,59,0,4,74,1,0,1,0,0,0,0,1,0,0,0,0,6,142,58,120,74,142
JACKSONTOWN OF GARFIELD WARD 1,46,0,0,49,0,0,1,41,0,0,0,10,0,2,0,75,0,1,97,3,0,0,0,0,0,0,0,2,0,0,0,12,214,95,129,97,214
JACKSONTOWN OF HIXTON WARD 1-2,40,0,0,40,0,2,0,41,0,0,1,9,1,0,0,76,0,0,99,2,0,0,0,0,0,0,0,1,1,0,0,9,203,80,130,99,203
JACKSONTOWN OF IRVING WARD 1-3,47,0,0,80,0,3,0,30,0,0,0,16,1,1,0,67,0,2,145,2,0,0,0,0,0,0,0,0,0,0,0,16,191,127,118,145,191
JACKSONTOWN OF KNAPP WARD 1,23,0,0,23,0,0,0,38,0,0,0,7,0,0,0,43,0,2,47,0,0,0,0,0,0,0,0,0,0,0,0,0,141,46,88,47,141
JACKSONTOWN OF KOMENSKY WARD 1,24,0,0,73,0,0,0,8,0,0,0,5,0,1,0,7,0,1,114,6,0,0,0,0,0,0,0,0,0,0,0,3,28,97,21,114,28
JACKSONTOWN OF MANCHESTER WARD 1,42,0,1,51,1,0,0,60,0,0,1,16,0,2,0,93,0,1,118,7,0,0,0,0,0,0,0,4,0,0,0,16,250,94,173,118,250
JACKSONTOWN OF MELROSE WARD 1,31,0,1,33,0,1,1,42,0,0,0,8,0,0,0,34,0,0,81,0,0,0,0,0,0,0,0,1,0,0,0,8,135,65,86,81,135
JACKSONTOWN OF MILLSTON WARD 1,7,0,0,25,0,1,0,10,0,0,0,3,0,0,0,29,0,0,30,0,0,0,0,0,0,0,0,0,0,0,0,3,59,32,43,30,59
JACKSONTOWN OF NORTH BEND WARD 1,34,0,0,38,0,1,0,40,0,0,1,10,0,0,0,38,0,1,120,3,0,1,0,0,0,0,0,0,0,0,0,9,136,72,90,120,136
JACKSONTOWN OF NORTHFIELD WARD 1,53,0,0,41,0,0,0,54,1,0,0,7,1,1,0,80,0,3,129,0,0,2,0,0,0,0,0,0,0,0,0,8,211,94,144,129,211
JACKSONTOWN OF SPRINGFIELD WARD 1,50,0,0,29,0,1,0,28,0,0,0,5,0,0,0,41,0,1,94,0,0,0,0,0,0,0,0,1,0,0,0,13,114,79,75,94,114
JACKSONVILLAGE OF ALMA CENTER WARD 1,42,0,0,55,0,3,0,38,0,0,0,5,1,2,0,36,0,3,99,1,0,0,0,0,0,0,0,0,0,0,0,12,104,97,85,99,104
JACKSONVILLAGE OF HIXTON WARD 1,21,0,0,52,0,0,0,28,0,0,0,3,0,1,0,47,0,2,95,2,0,0,0,0,0,0,0,0,0,0,0,5,110,73,79,95,110
JACKSONVILLAGE OF MELROSE WARD 1,36,0,0,61,2,1,0,44,0,0,0,10,0,3,0,33,0,1,129,10,0,0,0,0,0,0,0,0,0,0,0,10,119,97,93,129,119
JACKSONVILLAGE OF MERRILLAN WARD 1,38,0,0,56,0,0,0,24,0,0,0,5,1,0,0,41,0,5,116,5,0,0,0,0,0,0,0,0,0,0,0,8,107,94,71,116,107
JACKSONVILLAGE OF TAYLOR WARD 1,32,0,2,32,0,0,0,15,0,0,0,5,1,0,0,36,0,3,71,2,0,1,0,0,0,0,0,1,0,0,0,7,97,66,57,71,97
JEFFERSONCITY OF FORT ATKINSON WARDS 1-9,477,0,1,633,11,3,1,477,0,0,4,188,5,14,0,377,0,26,2905,68,0,7,0,0,0,0,0,41,9,0,0,224,2537,1111,1080,2905,2537
JEFFERSONCITY OF JEFFERSON WARD 11,94,0,0,163,1,1,0,143,0,0,0,52,0,1,0,112,0,0,0,0,0,0,0,0,0,0,0,0,0,0,0,0,0,257,310,0,0
JEFFERSONCITY OF JEFFERSON WARDS 1-10,140,0,2,172,3,0,1,132,0,0,0,60,2,4,0,111,0,5,1547,48,0,1,0,0,0,0,0,20,0,0,0,126,1705,314,313,1547,1705
JEFFERSONCITY OF LAKE MILLS WARD 1-8,436,0,2,785,3,8,0,552,3,0,1,209,7,13,1,358,0,9,1670,50,0,2,0,0,0,0,0,27,0,0,0,150,1391,1223,1155,1670,1391
JEFFERSONCITY OF WATERLOO WARDS 1-5,184,0,0,352,3,6,1,253,0,0,0,79,2,7,0,213,0,5,711,28,0,2,0,0,0,0,0,5,1,0,0,71,780,536,564,711,780
JEFFERSONCITY OF WATERTOWN WARD 11-12,111,0,0,167,5,0,0,226,1,0,0,59,2,5,1,136,0,6,334,13,0,3,0,0,0,0,0,10,2,0,0,52,625,278,435,334,625
JEFFERSONCITY OF WATERTOWN WARD 13-14,113,0,0,186,3,2,1,318,0,0,0,81,2,5,0,147,0,8,389,10,0,0,0,0,0,0,0,8,2,0,0,42,653,299,559,389,653
JEFFERSONCITY OF WATERTOWN WARD 15-16,133,0,1,206,1,2,1,292,1,0,0,83,0,6,0,168,0,11,458,14,0,0,0,0,0,0,0,22,2,0,0,64,745,340,554,458,745
JEFFERSONCITY OF WATERTOWN WARD 17-18,174,0,1,192,3,6,0,465,0,0,1,118,2,6,0,190,0,6,473,9,0,0,0,0,0,0,0,10,0,0,0,56,949,367,791,473,949
JEFFERSONCITY OF WATERTOWN WARD 9-10,90,0,1,158,0,2,2,481,0,0,0,47,0,8,0,99,0,11,315,18,0,0,0,0,0,0,0,15,1,0,0,50,795,249,639,315,795
JEFFERSONCITY OF WHITEWATER WARD 12,53,0,0,347,0,5,0,136,0,0,0,63,0,11,0,77,0,0,368,14,0,1,0,0,0,0,0,0,0,0,0,53,369,400,292,368,369
JEFFERSONCITY OF WHITEWATER WARDS 10-11,22,0,1,49,0,0,1,45,1,0,0,14,0,0,1,18,0,1,288,8,0,0,0,0,0,0,0,6,0,0,0,28,188,72,80,288,188
JEFFERSONTOWN OF AZTALAN WARDS 1-2,105,0,0,145,0,0,1,156,0,0,0,51,2,0,0,131,0,2,304,11,0,0,0,0,0,0,0,8,0,0,0,20,446,250,341,304,446
JEFFERSONTOWN OF COLD SPRING WARD 1,51,0,1,80,0,0,0,99,0,0,0,27,0,3,0,78,0,2,167,1,0,1,0,0,0,0,0,1,0,0,0,19,279,132,207,167,279
JEFFERSONTOWN OF CONCORD WARDS 1-3,94,0,2,140,3,4,0,398,0,0,0,51,1,6,0,185,0,2,337,8,0,1,0,0,0,0,0,0,0,0,0,41,799,236,648,337,799
JEFFERSONTOWN OF FARMINGTON WARDS 1-2,73,0,0,108,2,3,0,243,0,0,0,40,0,4,0,168,0,5,246,5,0,0,0,0,0,0,0,1,1,0,0,28,582,181,460,246,582
JEFFERSONTOWN OF HEBRON WARDS 1-2,53,0,0,104,1,0,1,153,0,0,0,33,0,2,0,105,0,2,169,4,0,0,0,0,0,0,0,4,0,0,0,26,397,157,295,169,397
JEFFERSONTOWN OF IXONIA WARDS 1-6,195,0,1,278,3,12,1,887,0,0,2,175,3,12,0,355,0,13,666,21,0,0,0,0,0,0,0,25,4,0,0,114,1875,474,1450,666,1875
JEFFERSONTOWN OF JEFFERSON WARDS 1-3,119,0,0,175,2,1,2,304,1,0,2,63,1,1,1,209,0,5,383,7,0,0,0,1,0,0,0,4,1,0,0,42,749,294,587,383,749
"JEFFERSONTOWN OF KOSHKONONG WARDS 1,6",226,0,0,309,0,2,1,402,1,0,1,155,3,7,1,367,0,2,93,2,0,0,0,0,0,0,0,12,0,0,0,5,132,535,940,93,132
JEFFERSONTOWN OF LAKE MILLS WARDS 1-3,171,0,0,251,0,1,0,217,0,0,1,88,2,3,0,163,0,4,575,10,0,4,0,0,0,0,0,0,1,0,0,48,561,422,475,575,561
JEFFERSONTOWN OF MILFORD WARDS 1-2,55,0,0,101,1,1,4,132,0,1,0,27,0,3,0,78,0,4,222,9,0,0,0,0,0,0,0,0,1,0,0,26,362,156,247,222,362
JEFFERSONTOWN OF OAKLAND WARD 1-4,281,0,1,389,0,5,0,301,3,0,1,140,0,9,0,252,0,8,895,27,0,0,0,0,0,0,0,3,0,0,0,55,830,671,711,895,830
JEFFERSONTOWN OF PALMYRA WARD 1-2,66,0,0,112,1,2,0,206,1,0,0,45,0,2,0,137,0,5,234,6,0,0,0,0,0,0,0,4,0,0,0,21,487,178,394,234,487
JEFFERSONTOWN OF SULLIVAN WARDS 1-3,103,0,0,179,1,1,0,359,0,0,0,72,5,7,1,189,0,7,360,14,0,2,0,0,0,0,0,8,1,0,0,44,882,282,635,360,882
JEFFERSONTOWN OF SUMNER WARD 1,66,0,0,96,0,4,0,87,1,0,0,36,0,3,0,96,0,2,203,4,0,0,0,0,0,0,0,6,0,0,0,14,291,162,227,203,291
JEFFERSONTOWN OF WATERLOO WARD 1,40,0,0,117,1,1,0,118,0,0,0,29,2,3,0,84,0,4,189,6,0,0,0,0,0,0,0,0,0,0,0,24,283,157,238,189,283
JEFFERSONTOWN OF WATERTOWN WARDS 1-2,102,0,0,162,1,3,0,297,0,0,0,59,1,0,0,180,0,3,287,5,0,0,0,0,0,0,0,3,0,0,0,31,771,264,541,287,771
JEFFERSONVILLAGE OF CAMBRIDGE WARD 1,8,0,0,14,0,0,0,4,0,0,0,3,0,0,0,2,0,1,30,1,0,0,0,0,0,0,0,0,0,0,0,1,11,22,9,30,11
JEFFERSONVILLAGE OF JOHNSON CREEK WARD 1-3,137,0,0,230,2,0,2,315,0,0,0,85,1,10,0,187,0,11,554,7,0,0,0,0,0,0,0,11,0,0,0,67,844,367,602,554,844
JEFFERSONVILLAGE OF LAC LA BELLE WARD 2,0,0,0,0,0,0,0,0,0,0,0,0,0,0,0,0,0,0,0,0,0,0,0,0,0,0,0,0,0,0,0,0,0,0,0,0,0
JEFFERSONVILLAGE OF PALMYRA WARDS 1-2,95,0,1,124,3,2,1,231,1,2,0,40,1,5,0,152,0,2,264,12,0,0,0,0,0,0,0,0,1,0,0,30,581,220,438,264,581
JEFFERSONVILLAGE OF SULLIVAN WARD 1,29,0,0,59,0,1,0,108,0,0,1,21,1,3,1,39,0,1,104,5,0,0,0,0,0,0,0,0,0,0,0,25,222,88,175,104,222
JUNEAUCITY OF ELROY WARDS 1-7,84,0,0,121,0,2,0,67,0,0,0,38,0,6,0,111,0,1,221,12,0,0,0,0,0,0,0,1,0,0,0,26,288,205,224,221,288
JUNEAUCITY OF MAUSTON WARDS 1-7,208,0,1,280,2,4,1,227,0,0,1,77,0,4,0,252,0,4,678,20,0,0,0,0,0,0,0,6,1,0,0,39,838,489,568,678,838
JUNEAUCITY OF NEW LISBON WARDS 1-7,44,0,3,99,1,4,1,79,0,0,1,25,0,6,0,136,0,2,177,10,0,1,0,0,0,0,0,2,1,0,0,19,389,146,253,177,389
JUNEAUCITY OF WISCONSIN DELLS WARD 7,0,0,0,0,0,0,0,0,0,0,0,0,0,0,0,0,0,0,0,0,0,0,0,0,0,0,0,0,0,0,0,0,0,0,0,0,0
JUNEAUTOWN OF ARMENIA WARD 1,50,0,0,48,1,2,0,47,0,0,0,9,0,0,0,86,0,0,116,3,0,0,0,0,0,0,0,0,0,0,0,8,231,98,145,116,231
JUNEAUTOWN OF CLEARFIELD WARD 1,27,0,0,45,0,1,0,37,0,0,0,12,0,1,0,69,0,0,110,4,0,2,0,0,0,0,0,2,1,0,0,10,187,72,120,110,187
JUNEAUTOWN OF CLEARFIELD WARD 2,8,0,0,5,0,0,0,10,0,0,0,1,0,0,0,8,0,0,18,0,0,0,0,0,0,0,0,0,0,0,0,0,58,13,19,18,58
JUNEAUTOWN OF CUTLER WARD 1,22,0,0,31,0,1,0,31,0,0,0,4,0,0,0,47,0,0,60,2,0,0,0,0,0,0,0,0,0,0,0,5,135,53,83,60,135
JUNEAUTOWN OF FINLEY WARD 1,5,0,0,7,0,0,0,13,0,0,0,3,0,0,0,24,0,0,13,0,0,0,0,0,0,0,0,0,0,0,0,0,52,12,40,13,52
JUNEAUTOWN OF FOUNTAIN WARDS 1-2,29,0,1,58,2,1,0,43,0,0,0,24,0,0,0,52,0,0,87,4,0,1,0,0,0,0,0,0,0,0,0,7,197,88,122,87,197
JUNEAUTOWN OF GERMANTOWN WARD 2,36,0,1,42,0,0,0,49,0,0,0,17,1,1,0,80,0,0,122,2,0,0,1,0,0,0,0,0,1,0,0,1,254,79,148,122,254
"JUNEAUTOWN OF GERMANTOWN WARDS 1,3",45,0,0,53,0,1,0,67,0,0,1,28,1,1,0,99,0,2,130,0,1,0,0,0,0,0,0,3,0,0,0,2,296,98,198,130,296
JUNEAUTOWN OF KILDARE WARD 1,34,0,1,61,0,0,0,38,0,0,1,18,0,1,0,68,0,4,101,1,0,0,0,0,0,0,0,0,0,0,0,12,189,96,126,101,189
JUNEAUTOWN OF KINGSTON WARD 1,2,0,0,2,0,0,0,4,0,0,0,0,1,0,0,8,0,0,2,0,0,0,0,0,0,0,0,0,0,0,0,0,18,4,13,2,18
JUNEAUTOWN OF LEMONWEIR WARDS 1-4,90,0,0,119,1,1,0,93,0,0,0,47,2,1,0,151,0,0,284,7,0,0,0,0,0,0,0,1,1,0,0,10,473,209,296,284,473
JUNEAUTOWN OF LINDINA WARD 1,54,0,0,69,0,0,0,62,0,0,1,34,0,2,0,79,0,1,164,4,0,0,0,0,0,0,0,2,0,0,0,13,214,123,178,164,214
JUNEAUTOWN OF LISBON WARD 3,1,0,0,0,0,0,0,0,0,0,0,0,0,0,0,0,0,0,1,0,0,0,0,0,0,0,0,0,0,0,0,0,5,1,0,1,5
JUNEAUTOWN OF LISBON WARDS 1-2,52,0,1,66,1,1,1,75,0,0,0,29,0,3,1,87,0,1,164,2,0,0,0,0,0,0,0,1,1,0,0,14,300,119,198,164,300
JUNEAUTOWN OF LYNDON WARDS 1-3,99,0,1,119,0,0,0,70,0,0,0,25,0,1,0,117,0,3,268,13,0,1,0,0,0,0,0,0,0,0,0,14,327,219,213,268,327
JUNEAUTOWN OF MARION WARD 1,19,0,0,32,0,0,1,29,0,0,0,11,0,1,0,88,0,0,64,0,0,0,0,0,0,0,0,0,0,0,0,4,178,51,130,64,178
JUNEAUTOWN OF NECEDAH WARDS 1-4,102,0,1,123,2,5,0,206,0,0,1,33,4,1,1,273,0,4,296,5,2,2,0,0,0,0,0,0,2,0,0,22,837,226,526,296,837
JUNEAUTOWN OF ORANGE WARD 1,29,0,0,54,0,3,0,44,1,0,0,17,1,0,0,70,0,1,89,1,0,0,0,0,0,0,0,0,0,0,0,2,172,83,136,89,172
JUNEAUTOWN OF PLYMOUTH WARD 1,44,0,0,41,0,2,0,56,0,0,0,22,0,5,0,73,0,2,106,1,0,0,0,0,0,0,0,1,0,0,0,4,187,85,158,106,187
JUNEAUTOWN OF SEVEN MILE CREEK WARDS 1-2,17,0,0,23,0,0,0,27,0,0,0,18,0,0,0,26,0,1,65,0,0,0,0,0,0,0,0,0,0,0,0,5,97,40,71,65,97
JUNEAUTOWN OF SUMMIT WARD 1,39,0,0,53,0,3,0,47,0,0,0,20,0,0,0,76,0,3,112,0,0,0,0,0,0,0,0,0,0,0,0,10,202,92,146,112,202
JUNEAUTOWN OF WONEWOC WARDS 1-2,51,0,1,58,0,1,0,51,0,1,0,18,2,3,0,65,0,2,105,2,0,0,0,0,0,0,0,0,0,0,0,9,207,110,141,105,207
JUNEAUVILLAGE OF CAMP DOUGLAS WARD 1,16,0,1,50,0,1,0,34,0,0,1,7,2,0,0,63,0,1,81,0,0,0,0,0,0,0,0,0,0,0,0,7,183,67,108,81,183
JUNEAUVILLAGE OF HUSTLER WARD 1,16,0,0,23,0,0,0,11,0,0,0,0,0,0,0,15,0,0,45,0,0,0,0,0,0,0,0,0,0,0,0,0,57,39,26,45,57
JUNEAUVILLAGE OF LYNDON STATION WARD 1,35,0,0,32,0,1,0,12,0,0,1,7,0,0,0,43,0,2,90,2,0,0,0,0,0,0,0,0,0,0,0,5,96,67,64,90,96
JUNEAUVILLAGE OF NECEDAH WARD 1,49,0,0,52,0,2,1,52,2,0,1,16,0,1,1,91,0,4,138,2,0,1,0,0,0,0,0,0,0,0,0,16,218,101,167,138,218
JUNEAUVILLAGE OF UNION CENTER WARD 1,13,0,0,18,0,0,0,13,0,0,0,9,0,0,0,22,0,1,33,1,0,0,0,0,0,0,0,0,0,0,0,3,60,31,44,33,60
JUNEAUVILLAGE OF WONEWOC WARD 1,35,0,0,55,0,0,0,33,1,0,0,22,0,0,0,60,0,1,133,7,0,0,0,0,0,0,0,2,0,0,0,13,178,90,116,133,178
KENOSHACITY OF KENOSHA WARD 1,93,0,0,133,0,1,0,45,1,0,0,16,0,1,0,51,0,2,331,16,0,0,1,0,0,0,0,2,0,0,0,14,159,226,115,331,159
KENOSHACITY OF KENOSHA WARD 10,73,0,0,102,1,1,0,18,0,0,2,2,0,3,0,31,0,2,302,5,0,1,0,0,0,0,0,0,0,0,0,9,93,175,58,302,93
KENOSHACITY OF KENOSHA WARD 11,64,0,0,130,0,2,0,29,0,0,0,12,0,0,0,23,0,2,279,10,0,0,0,0,0,0,0,0,0,0,0,11,99,194,66,279,99
KENOSHACITY OF KENOSHA WARD 12,105,0,0,152,0,1,0,56,1,0,0,41,0,1,1,53,0,2,330,11,0,0,0,0,0,0,0,0,0,0,0,27,181,257,154,330,181
KENOSHACITY OF KENOSHA WARD 13,147,0,0,105,0,1,0,107,0,0,0,53,0,2,0,132,0,0,357,2,0,0,0,0,0,0,0,2,0,0,0,13,319,252,295,357,319
KENOSHACITY OF KENOSHA WARD 14,79,0,0,148,1,3,0,70,0,0,0,38,0,2,0,66,0,0,313,10,0,1,1,0,0,0,0,3,0,0,0,19,249,227,180,313,249
KENOSHACITY OF KENOSHA WARD 15,210,0,1,134,0,0,0,95,0,0,1,50,0,5,0,112,0,1,548,7,0,0,0,0,0,0,0,2,1,0,0,26,322,345,263,548,322
KENOSHACITY OF KENOSHA WARD 16,71,0,0,96,0,0,0,26,0,0,0,19,1,1,0,61,0,3,209,1,0,0,0,0,0,0,0,2,0,0,0,15,126,167,108,209,126
KENOSHACITY OF KENOSHA WARD 17,38,0,0,45,0,0,0,29,0,0,0,4,0,0,0,21,0,4,104,3,0,0,0,0,0,0,0,2,1,0,0,4,56,83,54,104,56
KENOSHACITY OF KENOSHA WARD 18,138,0,1,141,0,0,0,79,0,0,0,19,1,1,0,77,0,1,392,7,0,0,0,0,0,0,0,1,0,1,0,27,221,280,177,392,221
KENOSHACITY OF KENOSHA WARD 19,80,0,1,41,1,0,0,21,0,0,0,3,0,0,0,28,0,2,177,0,0,0,0,0,0,0,0,0,2,0,0,3,99,122,53,177,99
KENOSHACITY OF KENOSHA WARD 2,93,0,0,102,0,0,0,61,1,0,0,15,0,3,0,82,0,1,243,3,0,0,0,0,0,0,0,4,0,0,0,20,214,195,162,243,214
KENOSHACITY OF KENOSHA WARD 20,125,0,1,106,0,0,0,89,0,0,0,29,2,1,0,102,0,1,284,7,0,0,0,0,0,0,0,0,0,0,0,15,249,232,223,284,249
KENOSHACITY OF KENOSHA WARD 21,30,0,0,46,0,0,0,40,0,0,0,17,0,0,0,38,0,0,107,2,0,0,0,0,0,0,0,0,0,0,0,10,109,76,95,107,109
KENOSHACITY OF KENOSHA WARD 22,229,0,1,210,1,1,0,189,0,0,1,71,2,2,1,206,0,10,611,13,0,0,0,0,0,0,0,0,1,0,0,63,628,440,474,611,628
KENOSHACITY OF KENOSHA WARD 23,98,0,2,63,3,0,0,38,0,0,0,20,0,2,0,49,0,1,175,3,0,3,0,0,0,0,0,0,1,0,0,11,151,163,112,175,151
KENOSHACITY OF KENOSHA WARD 24,119,0,1,133,0,3,0,73,0,0,0,15,0,3,0,92,0,1,354,8,0,0,0,0,0,0,0,0,2,0,0,19,253,253,186,354,253
KENOSHACITY OF KENOSHA WARD 25,136,0,2,197,2,2,0,68,0,1,0,20,0,3,0,94,0,2,430,8,0,0,0,0,0,0,0,0,0,0,0,24,281,335,190,430,281
KENOSHACITY OF KENOSHA WARD 26,34,0,1,113,0,0,1,28,0,0,0,11,0,1,0,32,0,3,209,13,0,0,0,0,0,0,0,0,0,0,0,10,112,148,73,209,112
KENOSHACITY OF KENOSHA WARD 27,97,0,0,146,2,1,0,29,0,1,0,7,2,2,0,57,0,2,324,8,0,1,0,0,0,0,0,0,0,0,0,14,150,243,101,324,150
KENOSHACITY OF KENOSHA WARD 28,69,0,2,76,0,0,0,25,0,0,0,5,0,0,0,30,0,1,209,2,0,0,0,0,0,0,0,0,0,0,0,16,95,147,60,209,95
KENOSHACITY OF KENOSHA WARD 29,77,0,0,99,1,0,0,29,1,0,0,3,0,3,0,33,0,0,287,5,0,0,0,0,0,0,0,0,0,0,0,10,90,176,70,287,90
KENOSHACITY OF KENOSHA WARD 3,18,0,0,205,0,0,0,32,0,0,1,14,0,3,0,16,0,2,317,15,0,0,0,0,0,0,0,2,2,0,0,33,109,223,66,317,109
KENOSHACITY OF KENOSHA WARD 30,58,0,1,88,0,1,0,27,0,0,0,4,1,2,0,24,0,2,222,7,0,0,0,0,0,0,0,0,0,0,0,10,86,147,59,222,86
KENOSHACITY OF KENOSHA WARD 31,113,0,1,214,1,0,0,69,0,0,0,15,2,3,0,114,0,4,409,16,0,0,0,0,0,0,0,1,0,0,0,43,261,328,204,409,261
KENOSHACITY OF KENOSHA WARD 32,41,0,0,69,0,1,0,24,0,0,1,6,0,0,0,17,0,2,173,3,0,0,0,0,0,0,0,0,0,0,0,8,61,110,49,173,61
KENOSHACITY OF KENOSHA WARD 33,5,0,0,5,0,0,0,0,0,0,0,0,0,0,0,0,0,0,18,0,0,0,0,0,0,0,0,0,0,0,0,0,3,10,0,18,3
KENOSHACITY OF KENOSHA WARD 34,61,0,0,101,0,1,0,34,0,0,0,15,0,0,0,60,0,2,210,6,0,0,0,0,0,0,0,0,0,0,0,3,188,162,110,210,188
KENOSHACITY OF KENOSHA WARD 35,118,0,0,231,0,3,0,77,0,0,2,23,2,0,0,90,0,5,432,21,0,1,0,0,0,0,0,5,3,0,0,34,274,349,197,432,274
KENOSHACITY OF KENOSHA WARD 36,47,0,0,57,0,1,0,11,0,0,0,4,0,0,0,11,0,1,194,3,0,0,0,0,0,0,0,0,0,0,0,7,49,104,27,194,49
KENOSHACITY OF KENOSHA WARD 37,115,0,1,211,1,2,0,70,1,0,0,22,1,2,0,49,0,0,408,23,0,2,0,0,0,0,0,0,1,0,0,36,227,327,148,408,227
KENOSHACITY OF KENOSHA WARD 38,177,0,1,275,0,3,0,123,0,0,0,63,2,3,1,122,0,6,552,12,0,1,0,0,0,0,0,0,2,0,0,32,414,453,317,552,414
KENOSHACITY OF KENOSHA WARD 39,90,0,0,124,0,2,1,75,0,0,1,34,0,3,0,71,0,3,309,5,0,0,0,0,0,0,0,0,1,0,0,22,285,214,187,309,285
KENOSHACITY OF KENOSHA WARD 4,159,0,0,188,3,0,0,71,1,0,0,52,0,2,0,79,0,2,447,15,0,0,0,0,0,0,0,2,2,0,0,22,268,347,208,447,268
KENOSHACITY OF KENOSHA WARD 40,64,0,0,36,0,0,0,15,0,0,0,9,0,1,0,27,0,0,169,6,0,0,0,0,0,0,0,0,0,0,0,9,68,100,52,169,68
KENOSHACITY OF KENOSHA WARD 41,90,0,0,90,0,0,0,45,1,0,0,12,0,1,0,73,0,2,223,7,0,0,0,0,0,0,0,0,0,0,0,14,208,180,132,223,208
KENOSHACITY OF KENOSHA WARD 42,59,0,0,82,0,0,0,29,0,0,0,9,0,0,0,52,0,5,206,10,0,1,0,0,0,0,0,0,0,0,0,11,145,141,90,206,145
KENOSHACITY OF KENOSHA WARD 43,143,0,0,163,1,0,0,106,0,0,0,43,0,5,0,78,0,4,409,14,0,0,0,0,0,0,0,0,1,0,0,26,296,306,233,409,296
KENOSHACITY OF KENOSHA WARD 44,93,0,0,73,0,1,0,80,0,1,0,32,2,0,0,98,0,2,231,3,0,0,0,0,0,0,0,1,0,0,0,14,251,166,214,231,251
KENOSHACITY OF KENOSHA WARD 45,46,0,0,84,0,1,1,55,0,0,0,10,0,1,0,27,0,2,181,7,0,2,0,0,0,0,0,0,0,0,0,11,138,130,95,181,138
KENOSHACITY OF KENOSHA WARD 46,82,0,0,92,1,0,0,27,0,0,0,8,0,0,0,22,0,1,291,10,0,0,0,0,0,0,0,0,0,0,0,8,84,174,58,291,84
KENOSHACITY OF KENOSHA WARD 47,41,0,0,52,1,0,0,21,0,0,0,2,0,0,0,20,0,3,138,2,0,0,0,0,0,0,0,0,0,0,0,10,82,93,44,138,82
KENOSHACITY OF KENOSHA WARD 48,59,0,0,67,0,1,0,18,0,0,0,7,0,1,0,21,0,1,203,6,0,0,0,0,0,0,0,0,0,0,0,9,65,126,48,203,65
KENOSHACITY OF KENOSHA WARD 49,56,0,1,81,0,1,0,23,0,0,0,4,1,3,0,27,0,2,242,3,0,2,0,0,0,0,0,1,0,0,0,12,86,138,59,242,86
KENOSHACITY OF KENOSHA WARD 5,80,0,0,123,1,0,1,26,0,0,1,15,1,1,0,43,0,2,279,10,0,0,0,0,0,0,0,1,2,0,0,17,113,203,89,279,113
KENOSHACITY OF KENOSHA WARD 50,82,0,0,113,0,0,0,37,0,0,0,8,0,0,0,53,0,2,297,7,0,0,0,0,0,0,0,0,1,0,0,21,149,195,98,297,149
KENOSHACITY OF KENOSHA WARD 51,64,0,0,66,1,3,0,37,0,0,0,8,1,0,0,37,0,3,183,5,0,1,0,0,0,0,0,0,0,0,0,17,133,130,87,183,133
KENOSHACITY OF KENOSHA WARD 52,112,0,0,171,0,3,1,58,0,0,0,18,1,1,0,78,0,6,395,16,0,0,0,0,0,0,0,3,0,0,0,22,217,283,160,395,217
KENOSHACITY OF KENOSHA WARD 53,37,0,0,54,0,2,1,34,0,0,0,18,0,2,1,39,0,0,124,2,0,0,0,0,0,0,0,0,0,0,0,10,126,91,97,124,126
KENOSHACITY OF KENOSHA WARD 54,126,0,0,168,1,1,1,111,0,0,0,32,1,1,0,128,0,6,388,7,0,0,0,0,0,0,0,0,0,0,0,26,334,294,276,388,334
KENOSHACITY OF KENOSHA WARD 55,84,0,0,64,0,0,0,50,0,0,0,14,0,1,0,46,0,0,204,4,0,0,0,0,0,0,0,6,0,0,0,15,153,148,111,204,153
KENOSHACITY OF KENOSHA WARD 56,71,0,0,121,0,0,0,75,0,0,0,10,0,4,1,67,0,0,232,6,0,0,0,0,0,0,0,6,0,0,0,27,212,192,157,232,212
KENOSHACITY OF KENOSHA WARD 57,147,0,0,179,1,2,1,91,1,0,0,37,3,2,0,109,0,6,400,9,0,0,0,0,0,0,0,0,0,0,0,21,320,326,247,400,320
KENOSHACITY OF KENOSHA WARD 58,10,0,0,8,0,0,0,7,0,0,0,1,0,0,0,8,0,0,24,0,0,0,0,0,0,0,0,0,0,0,0,5,20,18,16,24,20
KENOSHACITY OF KENOSHA WARD 59,185,0,0,190,1,1,0,129,3,0,2,47,1,6,0,152,0,2,484,6,0,0,0,0,0,0,0,0,0,0,0,39,407,375,342,484,407
KENOSHACITY OF KENOSHA WARD 6,99,0,1,110,0,4,0,38,0,0,0,29,1,1,0,58,0,2,276,1,0,0,0,0,0,0,0,0,0,0,0,15,138,210,131,276,138
KENOSHACITY OF KENOSHA WARD 60,135,0,0,182,1,0,0,94,1,0,0,39,0,4,0,112,0,3,372,10,0,0,0,0,0,0,0,0,0,0,0,31,322,317,251,372,322
KENOSHACITY OF KENOSHA WARD 61,57,0,0,99,0,1,0,48,0,0,0,24,0,4,0,58,0,0,191,0,0,0,0,0,0,0,0,0,0,0,0,18,177,156,135,191,177
KENOSHACITY OF KENOSHA WARD 62,124,0,1,165,0,0,0,108,0,0,0,40,1,4,0,112,0,1,394,7,0,1,0,0,0,0,0,0,0,0,0,23,340,290,265,394,340
KENOSHACITY OF KENOSHA WARD 63,88,0,0,116,0,0,1,57,0,0,0,12,0,2,0,86,0,2,267,3,0,2,0,1,0,0,0,0,0,0,0,18,210,204,158,267,210
KENOSHACITY OF KENOSHA WARD 64,96,0,1,119,0,2,0,128,0,0,0,52,0,2,0,71,0,2,345,4,0,0,0,0,0,0,0,0,0,0,0,23,285,216,255,345,285
KENOSHACITY OF KENOSHA WARD 65,4,0,0,4,0,0,0,2,0,0,0,3,1,0,0,4,0,0,14,1,0,0,0,0,0,0,0,0,0,0,0,2,11,8,10,14,11
KENOSHACITY OF KENOSHA WARD 66,209,0,0,258,1,2,0,214,0,0,1,71,1,4,0,146,0,5,606,6,0,0,0,0,0,0,0,0,3,0,0,53,510,467,440,606,510
KENOSHACITY OF KENOSHA WARD 67,138,0,1,133,1,1,1,104,1,0,0,51,1,0,0,95,0,2,356,6,0,1,0,0,0,0,0,2,0,0,0,26,299,272,255,356,299
KENOSHACITY OF KENOSHA WARD 68,66,0,0,62,0,1,0,63,1,0,0,18,1,0,0,51,0,0,171,3,0,0,0,0,0,0,0,0,1,0,0,14,150,128,135,171,150
KENOSHACITY OF KENOSHA WARD 69,12,0,0,17,0,0,0,18,0,0,0,5,0,0,0,11,0,0,39,1,0,0,0,0,0,0,0,0,0,0,0,0,35,29,34,39,35
KENOSHACITY OF KENOSHA WARD 7,69,0,0,74,0,1,0,17,0,0,0,7,0,0,0,25,0,1,249,7,0,1,0,0,0,0,0,0,2,0,0,10,59,143,50,249,59
KENOSHACITY OF KENOSHA WARD 70,4,0,0,5,0,0,0,0,0,0,0,0,0,0,0,1,0,1,20,1,0,0,0,0,0,0,0,0,0,0,0,1,3,9,1,20,3
KENOSHACITY OF KENOSHA WARD 71,47,0,0,72,0,0,0,50,0,0,0,5,0,1,0,37,0,2,173,2,0,0,0,0,0,0,0,0,0,0,0,8,118,119,93,173,118
KENOSHACITY OF KENOSHA WARD 72,94,0,2,109,0,2,0,96,0,0,2,41,1,3,0,97,0,6,347,3,0,2,0,0,0,0,0,0,0,0,0,31,299,205,242,347,299
KENOSHACITY OF KENOSHA WARD 73,85,0,1,105,0,2,0,80,0,0,0,23,0,2,0,65,0,0,288,4,0,1,0,0,0,0,0,0,0,0,0,28,269,191,172,288,269
KENOSHACITY OF KENOSHA WARD 74,0,0,0,0,0,0,0,0,0,0,0,0,0,0,0,0,0,0,0,0,0,0,0,0,0,0,0,0,0,0,0,0,0,0,0,0,0
KENOSHACITY OF KENOSHA WARD 75,41,0,0,50,1,0,0,65,0,0,0,29,0,2,0,45,0,0,153,3,0,0,0,0,0,0,0,0,0,0,0,20,189,91,142,153,189
KENOSHACITY OF KENOSHA WARD 76,53,0,0,64,1,0,0,86,0,0,1,26,0,1,0,68,0,4,181,6,0,0,0,0,0,0,0,0,0,0,0,16,244,117,183,181,244
KENOSHACITY OF KENOSHA WARD 77,97,0,0,139,1,3,0,120,0,0,0,49,0,2,1,121,0,4,361,8,0,1,0,0,0,0,0,0,1,0,0,29,381,236,297,361,381
KENOSHACITY OF KENOSHA WARD 78,99,0,0,155,0,1,0,113,0,0,0,43,0,5,0,66,0,2,389,11,0,0,0,0,0,0,0,0,0,0,0,31,282,254,228,389,282
KENOSHACITY OF KENOSHA WARD 79,94,0,0,113,0,0,0,138,0,0,1,38,1,2,0,78,0,1,401,7,0,0,0,0,0,0,0,0,0,0,0,28,319,207,258,401,319
KENOSHACITY OF KENOSHA WARD 8,162,0,1,237,0,1,0,107,0,0,0,36,2,1,1,107,0,6,579,16,0,2,0,0,0,0,0,1,0,0,0,28,294,400,255,579,294
KENOSHACITY OF KENOSHA WARD 80,23,0,0,66,0,1,0,10,1,0,0,5,0,0,0,19,0,0,133,4,0,1,0,0,0,0,0,0,0,0,0,6,52,89,36,133,52
KENOSHACITY OF KENOSHA WARD 81,51,0,1,76,0,0,0,33,0,0,0,3,1,2,0,35,0,1,151,7,0,0,0,0,0,0,0,0,0,0,0,9,112,128,74,151,112
KENOSHACITY OF KENOSHA WARD 82,45,0,0,43,0,0,0,12,0,0,0,7,0,1,0,20,0,1,101,3,0,0,0,0,0,0,0,0,0,0,0,11,61,88,40,101,61
KENOSHACITY OF KENOSHA WARD 83,0,0,0,0,0,0,0,0,0,0,0,0,0,0,0,0,0,0,0,0,0,0,0,0,0,0,0,0,0,0,0,0,0,0,0,0,0
KENOSHACITY OF KENOSHA WARD 84,57,0,0,77,1,0,0,35,0,0,0,10,0,1,0,32,0,2,163,4,0,0,0,0,0,0,0,0,1,0,0,11,121,134,79,163,121
KENOSHACITY OF KENOSHA WARD 85,6,0,0,14,0,0,0,7,0,0,0,1,0,0,0,1,0,1,19,4,0,0,0,0,0,0,0,0,0,0,0,0,14,20,9,19,14
KENOSHACITY OF KENOSHA WARD 86,33,0,1,55,0,0,0,30,0,0,0,6,0,0,0,23,0,3,105,4,0,0,0,0,0,0,0,0,0,0,0,4,81,89,59,105,81
KENOSHACITY OF KENOSHA WARD 87,75,0,0,80,0,2,0,63,1,0,0,35,0,2,0,83,0,1,191,5,0,0,0,0,0,0,0,0,0,0,0,13,203,155,186,191,203
KENOSHACITY OF KENOSHA WARD 88,0,0,0,1,0,0,0,0,0,0,0,0,0,0,0,0,0,0,0,0,0,0,0,0,0,0,0,0,0,0,0,0,0,1,0,0,0
KENOSHACITY OF KENOSHA WARD 89,0,0,0,0,0,0,0,0,0,0,0,0,0,0,0,0,0,0,0,0,0,0,0,0,0,0,0,0,0,0,0,0,0,0,0,0,0
KENOSHACITY OF KENOSHA WARD 9,66,0,0,103,0,2,0,43,0,0,1,7,0,1,0,55,0,0,244,13,0,0,0,0,0,0,0,0,1,0,0,9,163,169,109,244,163
KENOSHACITY OF KENOSHA WARD 90,0,0,0,0,0,0,0,0,0,0,0,0,0,0,0,0,0,0,1,0,0,0,0,0,0,0,0,0,0,0,0,0,0,0,0,1,0
KENOSHACITY OF KENOSHA WARD 91,0,0,0,0,0,0,0,0,0,0,0,0,0,0,0,0,0,0,0,0,0,0,0,0,0,0,0,0,0,0,0,0,0,0,0,0,0
KENOSHACITY OF KENOSHA WARD 92,0,0,0,0,0,0,0,0,0,0,0,0,0,0,0,0,0,0,0,0,0,0,0,0,0,0,0,0,0,0,0,0,0,0,0,0,0
KENOSHATOWN OF BRIGHTON WARDS 1-4,83,0,0,118,0,1,0,221,0,0,0,45,0,6,0,162,0,2,259,2,0,1,0,0,0,0,0,1,0,0,0,26,589,201,435,259,589
KENOSHATOWN OF PARIS WARDS 1-2,90,0,0,135,1,2,1,215,0,0,0,67,0,1,0,153,0,5,293,4,0,1,0,0,0,0,0,0,0,0,0,32,568,225,440,293,568
KENOSHATOWN OF RANDALL WARDS 1-7,134,0,1,250,2,3,0,269,0,0,0,94,3,6,0,347,0,7,518,21,0,0,0,2,0,0,0,8,2,0,0,70,1105,385,724,518,1105
"KENOSHATOWN OF SALEM WARD 1-5,10",257,0,0,508,3,5,2,572,0,0,0,163,3,11,0,628,0,22,1077,31,0,4,0,0,0,0,0,0,0,0,0,131,2063,765,1387,1077,2063
KENOSHATOWN OF SALEM WARD 6-9,230,0,0,375,4,5,1,401,0,2,2,144,2,11,0,438,0,21,755,30,0,0,0,0,0,0,0,19,1,0,0,106,1524,605,1010,755,1524
KENOSHATOWN OF WHEATLAND WARD 1-6,147,0,0,242,1,3,1,379,0,0,0,131,2,9,0,272,0,6,556,8,0,0,0,0,0,0,0,3,3,0,0,77,1118,389,798,556,1118
"KENOSHAVILLAGE OF BRISTOL WARDS 1-3,8",125,0,0,179,3,3,0,348,0,0,2,109,3,4,0,311,0,6,455,15,0,1,0,0,0,0,0,11,0,0,0,56,999,304,783,455,999
KENOSHAVILLAGE OF BRISTOL WARDS 4-7,123,0,0,173,0,1,0,259,1,2,1,88,0,6,0,296,0,5,399,8,0,0,0,1,0,0,0,7,0,0,0,30,820,296,654,399,820
KENOSHAVILLAGE OF GENOA CITY WARD 5,0,0,0,0,0,0,0,0,0,0,0,0,0,0,0,0,0,0,0,0,0,0,0,0,0,0,0,0,0,0,0,0,0,0,0,0,0
KENOSHAVILLAGE OF PADDOCK LAKE WARDS 1-6,153,0,0,249,1,6,0,237,0,0,0,59,0,7,0,252,0,6,495,21,0,1,0,0,0,0,0,2,2,0,0,45,834,402,562,495,834
KENOSHAVILLAGE OF PLEASANT PRAIRIE WARD 1-3,372,0,3,398,0,4,1,433,1,0,1,155,0,7,1,438,0,11,1114,16,0,2,0,0,1,0,1,18,2,0,0,89,1402,773,1041,1114,1402
KENOSHAVILLAGE OF PLEASANT PRAIRIE WARD 12-14,306,0,3,398,3,3,1,443,0,2,1,154,1,10,1,346,0,10,1113,26,0,1,0,0,0,0,1,15,0,1,0,83,1313,707,965,1113,1313
KENOSHAVILLAGE OF PLEASANT PRAIRIE WARD 4-5,157,0,1,236,2,4,0,193,0,0,1,53,1,4,0,266,0,7,579,13,0,0,0,0,0,0,0,5,0,0,0,44,769,394,524,579,769
KENOSHAVILLAGE OF PLEASANT PRAIRIE WARD 6-7,267,0,1,309,1,5,1,242,0,0,1,94,1,4,1,281,0,5,801,16,0,3,0,0,0,0,0,5,1,0,0,61,839,577,631,801,839
KENOSHAVILLAGE OF PLEASANT PRAIRIE WARD 8-11,276,0,0,348,1,5,0,463,0,1,1,166,2,2,0,408,0,12,1037,15,0,2,0,0,0,0,2,24,1,0,0,104,1490,624,1049,1037,1490
KENOSHAVILLAGE OF SILVER LAKE WARDS 1-3,133,0,0,198,0,5,1,192,0,0,5,76,2,5,0,286,0,4,383,13,0,0,3,0,0,0,0,5,0,0,0,44,751,331,572,383,751
KENOSHAVILLAGE OF SOMERS WARD 11,86,0,0,119,1,0,0,170,0,0,0,66,0,2,0,128,0,2,137,0,0,0,0,0,0,0,0,2,0,0,0,4,172,205,367,137,172
KENOSHAVILLAGE OF SOMERS WARDS 1-4,209,0,1,242,1,2,1,275,0,0,0,80,0,5,0,239,0,3,593,14,0,0,0,0,0,0,0,5,1,0,0,52,756,452,603,593,756
"KENOSHAVILLAGE OF SOMERS WARDS 5-6,9-10",196,0,0,301,1,2,0,189,0,0,0,78,1,2,0,208,0,4,704,15,0,1,0,0,0,0,0,3,2,0,0,52,643,497,481,704,643
KENOSHAVILLAGE OF SOMERS WARDS 7-8,65,0,0,163,2,2,0,53,0,0,0,31,1,3,0,83,0,2,323,9,0,2,0,0,0,0,0,4,0,0,0,20,264,228,175,323,264
KENOSHAVILLAGE OF TWIN LAKES WARDS 1-8,238,0,1,350,2,4,0,325,1,0,0,95,1,10,0,392,0,12,959,19,0,2,0,0,0,0,0,9,1,0,0,90,1593,589,830,959,1593
KEWAUNEECITY OF ALGOMA WARD 1-6,283,0,0,319,0,9,1,242,1,0,0,51,1,17,2,251,0,12,694,23,0,0,0,0,0,0,0,1,2,0,0,50,696,602,575,694,696
KEWAUNEECITY OF KEWAUNEE WARD 1-5,245,0,2,247,5,2,0,271,1,0,1,63,0,8,0,297,0,6,534,14,0,1,0,0,0,0,0,4,1,0,0,49,794,494,648,534,794
KEWAUNEETOWN OF AHNAPEE WARD 1,73,0,1,85,0,1,0,95,0,0,0,24,0,2,0,87,1,2,191,3,0,0,0,0,0,0,0,0,0,0,0,27,258,159,210,191,258
KEWAUNEETOWN OF CARLTON WARD 1-2,62,0,0,79,1,1,1,159,0,0,1,18,0,1,0,142,0,3,181,0,0,1,0,0,0,0,0,0,0,0,0,27,368,141,324,181,368
KEWAUNEETOWN OF CASCO WARD 1-3,69,0,0,98,0,0,1,177,0,0,2,14,0,5,0,124,0,2,179,2,0,0,0,0,0,0,0,0,1,0,0,12,424,167,323,179,424
KEWAUNEETOWN OF FRANKLIN WARD 1,86,0,0,82,0,4,0,114,0,0,0,23,2,0,0,114,0,1,184,5,0,0,0,0,0,0,0,2,0,0,0,24,356,168,257,184,356
KEWAUNEETOWN OF LINCOLN WARD 1,61,0,0,78,0,3,0,120,0,0,0,14,0,3,0,76,0,4,142,6,0,0,0,0,0,0,0,0,0,0,0,13,316,139,216,142,316
KEWAUNEETOWN OF LUXEMBURG WARD 1-3,80,0,0,78,1,1,0,254,1,0,1,26,0,5,0,149,0,8,195,4,0,0,0,0,0,0,0,0,1,0,0,20,609,158,438,195,609
KEWAUNEETOWN OF MONTPELIER WARD 1-3,92,0,0,119,1,1,0,230,0,0,0,27,2,2,0,148,0,6,223,4,0,0,0,0,0,0,0,0,1,0,0,28,530,211,411,223,530
KEWAUNEETOWN OF PIERCE WARD 1-2,76,0,2,91,0,0,0,78,0,0,2,24,0,1,0,83,0,2,189,2,0,0,0,0,0,0,0,0,0,0,0,10,229,169,188,189,229
KEWAUNEETOWN OF RED RIVER WARD 1-3,103,0,2,99,2,2,1,181,0,0,0,28,1,4,2,161,0,5,250,5,0,0,0,0,0,0,0,5,0,0,0,23,522,204,382,250,522
KEWAUNEETOWN OF WEST KEWAUNEE WARD 1-2,85,0,2,99,2,2,0,179,0,0,2,23,0,6,0,198,0,5,185,3,0,1,0,0,0,0,0,1,2,0,0,18,521,186,412,185,521
KEWAUNEEVILLAGE OF CASCO WARD 1,30,0,1,37,0,3,0,82,0,0,0,8,0,2,0,51,0,1,83,1,0,1,0,0,0,0,0,1,0,0,0,12,184,68,146,83,184
KEWAUNEEVILLAGE OF LUXEMBURG WARD 1-5,152,0,2,156,1,3,0,298,0,0,1,37,1,5,0,206,0,7,393,7,0,0,0,0,0,0,0,2,0,0,0,35,809,310,552,393,809
LA CROSSECITY OF LA CROSSE WARD 1,231,0,2,400,2,3,1,128,1,0,2,76,2,6,0,238,0,5,788,24,0,1,0,0,0,0,0,3,1,0,0,54,610,633,459,788,610
LA CROSSECITY OF LA CROSSE WARD 10,22,0,0,178,0,1,0,37,0,0,0,17,3,1,0,15,0,1,291,12,0,2,0,0,0,0,0,1,0,0,0,33,166,200,74,291,166
LA CROSSECITY OF LA CROSSE WARD 11,19,0,0,153,0,2,0,51,0,0,1,13,1,3,0,21,0,2,324,14,0,2,0,0,0,0,0,1,0,0,0,53,194,172,92,324,194
LA CROSSECITY OF LA CROSSE WARD 12,51,0,0,186,2,2,0,65,0,0,0,38,1,2,0,39,0,2,329,10,0,2,0,0,0,0,1,3,0,0,0,38,169,237,149,329,169
LA CROSSECITY OF LA CROSSE WARD 13,54,0,0,154,0,1,0,32,0,0,0,16,0,2,0,38,0,2,263,16,0,1,0,0,0,0,0,1,1,0,0,30,101,208,89,263,101
LA CROSSECITY OF LA CROSSE WARD 14,70,0,0,250,0,2,0,43,1,0,2,18,2,2,0,49,0,4,417,25,0,0,0,0,0,0,0,1,1,0,0,31,207,320,119,417,207
LA CROSSECITY OF LA CROSSE WARD 15,77,0,0,230,0,1,0,76,1,0,0,29,1,2,0,26,0,3,327,11,0,1,0,0,0,0,0,1,2,0,0,29,146,307,136,327,146
LA CROSSECITY OF LA CROSSE WARD 16,111,0,0,249,0,3,0,62,0,0,0,36,1,3,0,90,0,7,514,18,0,1,0,0,0,0,0,0,0,0,0,26,265,360,195,514,265
LA CROSSECITY OF LA CROSSE WARD 17,54,0,0,124,0,0,0,21,0,0,0,8,0,0,0,26,0,2,200,13,0,1,0,0,0,0,0,0,0,0,0,20,79,178,55,200,79
LA CROSSECITY OF LA CROSSE WARD 18,62,0,0,156,0,1,0,28,0,0,0,18,1,3,0,43,0,0,270,16,0,1,0,0,0,0,0,0,0,0,0,25,135,218,94,270,135
LA CROSSECITY OF LA CROSSE WARD 19,66,0,0,175,0,0,0,28,0,0,0,16,0,3,0,31,0,4,270,16,0,0,0,0,0,0,0,4,0,0,0,28,117,241,78,270,117
LA CROSSECITY OF LA CROSSE WARD 2,60,0,0,117,0,0,0,28,0,0,0,13,0,0,0,43,0,4,218,10,0,0,0,0,0,0,0,0,1,0,0,22,150,177,84,218,150
LA CROSSECITY OF LA CROSSE WARD 20,116,0,1,249,2,3,0,64,0,0,0,25,1,4,0,90,0,7,466,19,0,1,0,0,0,0,0,1,0,0,0,40,229,366,189,466,229
LA CROSSECITY OF LA CROSSE WARD 21,351,0,1,562,0,2,1,181,1,0,1,125,4,8,0,213,0,4,1162,29,0,1,0,0,0,0,1,9,3,0,0,71,650,914,536,1162,650
LA CROSSECITY OF LA CROSSE WARD 22,185,0,0,366,3,5,0,78,0,1,1,45,5,3,0,136,0,3,715,21,0,2,0,0,0,0,0,2,3,0,0,47,375,551,277,715,375
LA CROSSECITY OF LA CROSSE WARD 23,61,0,0,139,0,0,0,32,0,0,0,16,1,1,1,49,0,1,242,4,0,1,0,0,0,0,0,2,0,0,0,20,150,200,100,242,150
LA CROSSECITY OF LA CROSSE WARD 24,176,0,0,319,1,2,0,103,0,0,3,71,0,7,0,124,0,2,620,10,0,1,0,0,0,0,0,6,0,0,0,47,368,495,311,620,368
LA CROSSECITY OF LA CROSSE WARD 25,154,0,0,156,2,1,0,87,0,0,1,37,0,0,1,85,0,3,389,9,0,1,0,0,0,0,0,2,1,0,0,25,276,310,214,389,276
LA CROSSECITY OF LA CROSSE WARD 26,241,0,0,368,4,3,0,160,1,0,0,63,2,6,0,186,0,8,815,21,0,2,0,0,0,0,0,6,0,0,0,56,528,609,425,815,528
LA CROSSECITY OF LA CROSSE WARD 27,129,0,0,207,3,3,1,52,0,0,0,33,0,6,0,92,0,4,438,13,0,0,0,0,0,0,0,1,0,0,0,32,235,336,190,438,235
LA CROSSECITY OF LA CROSSE WARD 28,117,0,0,133,1,3,0,59,0,0,0,35,1,1,1,75,0,3,342,13,0,0,0,0,0,0,0,0,0,0,0,25,226,250,176,342,226
LA CROSSECITY OF LA CROSSE WARD 29,304,0,0,314,2,5,0,155,2,1,0,96,1,5,0,201,0,12,906,15,0,2,0,0,0,0,0,4,1,0,0,46,585,618,468,906,585
LA CROSSECITY OF LA CROSSE WARD 3,151,0,0,227,1,3,0,102,1,0,0,38,0,2,0,99,0,4,508,12,0,0,0,0,0,0,0,1,0,0,0,32,357,378,246,508,357
LA CROSSECITY OF LA CROSSE WARD 30,0,0,0,0,0,0,0,0,0,0,0,0,0,0,0,0,0,0,0,0,0,0,0,0,0,0,0,0,0,0,0,0,0,0,0,0,0
LA CROSSECITY OF LA CROSSE WARD 31,0,0,0,0,0,0,0,0,0,0,0,0,0,0,0,0,0,0,0,0,0,0,0,0,0,0,0,0,0,0,0,0,0,0,0,0,0
LA CROSSECITY OF LA CROSSE WARD 32,0,0,0,0,0,0,0,0,0,0,0,0,0,0,0,0,0,0,0,0,0,0,0,0,0,0,0,0,0,0,0,0,0,0,0,0,0
LA CROSSECITY OF LA CROSSE WARD 33,0,0,0,0,0,0,0,0,0,0,0,0,0,0,0,0,0,0,0,0,0,0,0,0,0,0,0,0,0,0,0,0,0,0,0,0,0
LA CROSSECITY OF LA CROSSE WARD 34,0,0,0,0,0,0,0,0,0,0,0,0,0,0,0,0,0,0,0,0,0,0,0,0,0,0,0,0,0,0,0,0,0,0,0,0,0
LA CROSSECITY OF LA CROSSE WARD 4,52,0,1,128,0,1,0,29,0,0,0,14,1,0,0,32,0,4,222,8,0,0,0,0,0,0,0,0,0,0,0,12,127,181,77,222,127
LA CROSSECITY OF LA CROSSE WARD 5,100,0,0,187,1,0,1,39,0,0,0,16,0,3,0,61,0,4,391,8,0,1,0,0,0,0,0,0,0,0,0,27,191,287,121,391,191
LA CROSSECITY OF LA CROSSE WARD 6,126,0,1,463,0,0,0,101,0,0,1,50,2,5,0,91,0,5,763,44,0,2,0,0,0,0,0,2,1,0,0,79,395,590,250,763,395
LA CROSSECITY OF LA CROSSE WARD 7,135,0,0,565,1,3,1,146,0,0,2,56,1,6,0,93,0,3,969,39,0,4,0,0,0,0,1,3,0,0,0,112,512,700,309,969,512
LA CROSSECITY OF LA CROSSE WARD 8,132,0,1,1008,1,3,0,340,1,0,0,174,0,16,0,146,0,5,1436,52,0,7,0,0,0,0,0,6,1,0,0,191,928,1141,681,1436,928
LA CROSSECITY OF LA CROSSE WARD 9,439,0,2,696,2,2,0,202,1,0,2,142,4,8,1,151,0,8,1349,45,0,0,0,0,0,0,0,10,2,0,0,91,579,1137,515,1349,579
LA CROSSECITY OF ONALASKA WARD 1-4,496,0,0,612,1,4,1,510,1,0,4,243,6,9,0,496,0,17,1597,38,0,0,0,0,0,0,0,2,3,0,0,102,1502,1108,1275,1597,1502
LA CROSSECITY OF ONALASKA WARD 5-8,471,0,2,662,2,11,3,342,1,0,1,180,1,4,0,412,0,9,1569,38,0,2,0,0,0,0,0,8,3,0,0,130,1251,1135,957,1569,1251
LA CROSSECITY OF ONALASKA WARD 9-12,513,0,3,633,4,4,1,510,0,0,0,309,5,14,1,580,0,17,1684,38,0,1,0,0,0,0,0,13,3,0,0,138,1681,1149,1428,1684,1681
LA CROSSETOWN OF BANGOR WARD 1,38,0,1,53,0,2,0,55,0,0,1,23,1,0,0,75,0,2,104,1,0,0,0,0,0,0,0,1,0,0,0,9,172,92,157,104,172
LA CROSSETOWN OF BARRE WARD 1-2,78,0,0,106,1,3,0,123,0,0,0,37,1,1,0,171,0,6,228,6,0,0,0,0,0,0,0,2,0,0,0,26,459,184,337,228,459
LA CROSSETOWN OF BURNS WARD 1,64,0,1,78,1,1,1,78,0,0,1,22,2,2,0,102,0,3,188,9,0,0,0,0,0,0,0,0,0,0,0,13,306,143,210,188,306
LA CROSSETOWN OF CAMPBELL WARD 1-6,361,0,0,463,3,3,1,236,0,0,0,124,4,4,1,360,0,17,1192,26,0,1,0,0,0,0,0,3,1,0,0,94,1101,824,736,1192,1101
LA CROSSETOWN OF FARMINGTON WARD 1-2,154,0,1,205,1,2,0,127,0,0,1,34,0,0,0,170,0,3,444,15,0,1,0,0,0,0,0,1,0,0,0,33,584,360,335,444,584
LA CROSSETOWN OF GREENFIELD WARD 1-2,174,0,1,203,1,3,1,175,0,0,0,76,0,2,0,190,0,1,545,14,0,0,0,0,0,0,0,0,2,0,0,32,572,378,448,545,572
LA CROSSETOWN OF HAMILTON WARD 1-5,193,0,0,230,0,2,1,248,0,0,1,87,3,6,0,294,0,5,533,12,0,1,0,0,0,0,0,4,0,0,0,44,827,423,642,533,827
LA CROSSETOWN OF HOLLAND WARDS 1-6,252,0,1,430,1,6,3,344,1,0,0,146,6,8,0,416,0,22,934,22,0,0,0,0,0,0,0,12,0,0,0,99,1274,683,931,934,1274
LA CROSSETOWN OF MEDARY WARD 1-2,142,0,0,177,1,4,2,152,2,0,0,78,0,3,1,165,0,4,462,11,0,1,0,0,0,0,0,12,0,0,0,30,440,319,408,462,440
LA CROSSETOWN OF ONALASKA WARD 1-8,456,0,1,572,0,9,0,457,1,0,0,156,7,7,0,617,0,26,1384,22,0,0,0,0,0,0,0,12,5,0,0,114,1721,1029,1254,1384,1721
LA CROSSETOWN OF WASHINGTON WARD 1,47,0,0,67,0,1,0,45,0,0,2,19,0,1,0,61,0,1,145,1,0,0,0,0,0,0,0,2,0,0,0,17,155,114,129,145,155
LA CROSSEVILLAGE OF BANGOR WARDS 1-2,109,0,0,177,1,2,0,90,0,0,2,43,0,2,0,90,0,2,340,6,0,1,0,0,0,0,0,0,2,0,0,35,353,286,230,340,353
LA CROSSEVILLAGE OF HOLMEN WARDS 1-11,595,0,2,863,2,10,2,582,0,0,4,208,4,11,1,605,0,30,2237,52,0,2,0,0,0,0,0,13,0,0,0,191,2188,1460,1429,2237,2188
LA CROSSEVILLAGE OF ROCKLAND WARD 1,29,0,0,65,0,2,0,52,0,0,0,13,0,0,0,42,0,3,124,5,0,1,0,0,0,0,0,1,1,0,0,17,157,94,109,124,157
LA CROSSEVILLAGE OF WEST SALEM WARDS 1-6,367,0,3,524,3,10,1,382,0,1,3,219,3,9,0,413,0,15,1225,26,0,1,1,0,0,0,0,10,3,0,0,110,1297,894,1044,1225,1297
LAFAYETTECITY OF CUBA CITY WARD 5,21,0,0,16,0,0,0,13,0,0,0,9,0,0,0,11,0,2,59,0,0,0,0,0,0,0,0,0,0,0,0,3,57,37,33,59,57
LAFAYETTECITY OF DARLINGTON WARDS 1-6,188,0,1,232,3,7,1,136,2,0,2,86,3,7,0,163,0,6,504,9,0,0,0,0,0,0,0,6,1,0,0,33,454,421,410,504,454
LAFAYETTECITY OF SHULLSBURG WARDS 1-3,94,0,0,102,1,1,1,37,0,0,3,29,1,3,1,65,0,6,263,3,0,0,0,0,0,0,0,2,0,0,0,19,217,196,142,263,217
LAFAYETTETOWN OF ARGYLE WARD 1-3,32,0,0,64,2,0,0,33,0,0,0,15,0,1,0,44,0,2,108,1,0,0,0,0,0,0,0,0,0,0,0,3,116,96,95,108,116
LAFAYETTETOWN OF BELMONT WARDS 1-2,39,0,0,35,2,0,0,43,0,0,0,29,1,0,0,43,0,4,118,3,0,0,0,0,0,0,0,1,0,0,0,9,184,74,118,118,184
LAFAYETTETOWN OF BENTON WARDS 1-2,31,0,0,24,1,0,0,45,0,0,1,14,1,0,0,25,0,0,77,3,0,0,0,0,0,0,0,0,0,0,0,6,156,55,87,77,156
LAFAYETTETOWN OF BLANCHARD WARD 1,20,0,0,40,0,0,1,25,0,0,0,14,1,0,0,13,0,0,91,2,0,0,0,0,0,0,0,0,0,0,0,7,66,60,54,91,66
LAFAYETTETOWN OF DARLINGTON WARDS 1-3,72,0,1,87,0,4,0,72,0,0,3,51,1,3,0,113,0,2,179,2,0,0,0,0,0,0,0,3,0,0,0,14,295,160,247,179,295
LAFAYETTETOWN OF ELK GROVE WARDS 1-2,31,0,0,11,1,2,0,38,0,0,0,20,0,0,0,35,0,1,66,1,0,0,0,0,0,0,0,0,0,0,0,6,131,42,96,66,131
LAFAYETTETOWN OF FAYETTE WARDS 1-2,29,0,1,41,0,1,0,27,0,0,2,19,0,0,0,35,0,2,66,1,0,0,0,0,0,0,0,0,0,0,0,4,104,71,84,66,104
LAFAYETTETOWN OF GRATIOT WARD 1,37,0,0,34,0,0,0,47,0,0,1,22,0,1,0,57,0,0,91,1,0,0,0,0,0,0,0,0,0,0,0,5,182,71,128,91,182
LAFAYETTETOWN OF KENDALL WARD 1,23,0,0,22,0,1,0,31,0,0,0,13,0,1,0,34,0,0,57,2,0,0,0,0,0,0,0,0,0,0,0,1,112,45,80,57,112
LAFAYETTETOWN OF LAMONT WARDS 1-2,22,0,0,32,0,0,0,26,0,0,0,14,0,1,0,22,0,0,66,3,0,0,0,0,0,0,0,0,1,0,0,5,84,54,63,66,84
LAFAYETTETOWN OF MONTICELLO WARD 1,4,0,0,0,0,0,0,19,0,0,0,7,0,0,0,12,0,1,14,1,0,0,0,0,0,0,0,0,0,0,0,4,46,4,38,14,46
LAFAYETTETOWN OF NEW DIGGINGS WARD 1,31,0,0,23,0,1,0,29,0,0,0,7,0,0,1,52,0,1,89,2,0,0,0,0,0,0,0,0,0,0,0,7,137,54,90,89,137
LAFAYETTETOWN OF SEYMOUR WARDS 1-2,15,0,0,26,0,1,0,39,0,0,0,9,0,1,0,26,0,0,61,1,0,0,0,0,0,0,0,0,0,0,0,3,95,41,76,61,95
LAFAYETTETOWN OF SHULLSBURG WARD 1,19,0,0,22,0,0,0,12,0,0,0,15,0,2,0,25,0,0,70,0,0,0,0,0,0,0,0,0,0,0,0,3,87,41,54,70,87
LAFAYETTETOWN OF WAYNE WARD 1,14,0,0,21,1,3,0,39,0,0,0,19,0,2,0,42,0,4,63,1,0,0,0,0,0,0,0,0,0,0,0,10,155,35,106,63,155
LAFAYETTETOWN OF WHITE OAK SPRINGS WARD 1,7,0,0,7,0,0,0,12,0,0,0,5,0,0,0,18,0,0,18,0,0,0,0,0,0,0,0,0,0,0,0,1,44,14,35,18,44
LAFAYETTETOWN OF WILLOW SPRINGS WARD 1,56,0,0,60,0,3,0,66,0,0,0,32,0,3,0,86,0,2,130,2,0,0,0,0,0,0,0,2,0,0,0,9,213,116,190,130,213
LAFAYETTETOWN OF WIOTA WARD 1,48,0,0,89,1,0,0,57,1,0,1,34,0,2,0,74,0,1,180,2,0,0,0,0,0,0,0,0,0,0,0,13,225,137,170,180,225
LAFAYETTEVILLAGE OF ARGYLE WARD 1,78,0,0,94,0,0,0,44,0,0,0,21,1,4,0,53,0,0,193,3,0,0,0,0,0,0,0,0,0,0,0,20,137,172,123,193,137
LAFAYETTEVILLAGE OF BELMONT WARD 1,63,0,0,66,0,2,1,69,0,0,1,35,0,2,0,58,0,6,199,3,0,0,0,0,0,0,0,1,0,0,0,21,214,129,168,199,214
LAFAYETTEVILLAGE OF BENTON WARD 1,99,0,0,59,1,3,0,52,0,0,0,22,0,2,1,45,0,1,222,1,0,0,0,0,0,0,0,0,0,0,0,15,190,158,126,222,190
LAFAYETTEVILLAGE OF BLANCHARDVILLE WARD 1,49,0,0,84,0,1,0,28,0,0,0,13,0,0,0,33,0,3,178,2,0,0,0,0,0,0,0,1,0,0,0,9,105,133,75,178,105
LAFAYETTEVILLAGE OF GRATIOT WARD 1,25,0,0,13,0,0,0,12,0,0,0,3,0,0,0,20,0,0,51,0,0,0,0,0,0,0,0,0,0,0,0,3,48,38,35,51,48
LAFAYETTEVILLAGE OF HAZEL GREEN WARD 3,2,0,0,0,0,0,0,0,0,0,0,3,0,0,0,2,0,0,3,0,0,0,0,0,0,0,0,0,0,0,0,0,7,2,5,3,7
LAFAYETTEVILLAGE OF SOUTH WAYNE WARD 1,21,0,0,27,0,1,0,18,0,0,0,4,0,2,0,23,0,2,72,0,0,0,0,0,0,0,0,0,2,0,0,5,116,48,48,72,116
LANGLADECITY OF ANTIGO WARD 1,61,0,0,65,4,2,0,45,0,0,0,16,0,1,1,65,0,1,154,2,0,0,0,0,0,0,0,1,1,0,0,10,198,126,134,154,198
LANGLADECITY OF ANTIGO WARD 2,51,0,0,86,2,0,0,65,0,0,0,22,0,1,0,70,0,3,169,4,0,1,0,0,0,0,0,0,0,0,0,11,222,137,160,169,222
LANGLADECITY OF ANTIGO WARD 3,35,0,1,70,0,2,0,58,0,0,1,13,2,3,0,85,0,2,113,7,0,0,0,0,0,0,0,0,0,0,0,13,198,106,164,113,198
LANGLADECITY OF ANTIGO WARD 4,66,0,1,46,0,1,1,55,0,0,1,19,0,0,0,67,0,0,153,1,0,0,0,0,0,0,0,0,0,0,0,10,180,113,144,153,180
LANGLADECITY OF ANTIGO WARD 5,39,0,0,59,1,1,0,42,0,1,0,6,0,1,0,45,0,1,129,2,0,0,0,0,0,0,0,1,0,0,0,10,151,98,97,129,151
LANGLADECITY OF ANTIGO WARD 6,37,0,0,56,2,1,0,70,0,0,1,17,2,0,0,75,0,3,115,5,0,0,0,0,0,0,0,2,0,0,0,11,217,93,168,115,217
LANGLADECITY OF ANTIGO WARD 7,83,0,1,63,0,2,1,93,2,0,0,20,0,0,0,106,0,1,203,3,0,0,0,0,0,0,0,0,0,0,0,9,278,147,224,203,278
LANGLADECITY OF ANTIGO WARD 8,45,0,0,58,0,1,0,71,1,0,0,13,0,0,0,70,0,0,120,3,0,0,0,0,0,0,0,0,0,0,0,7,230,103,156,120,230
LANGLADECITY OF ANTIGO WARD 9,60,0,0,60,1,2,0,82,0,1,2,18,0,3,0,87,0,3,136,3,0,0,0,0,0,0,0,2,1,0,0,11,275,120,196,136,275
LANGLADETOWN OF ACKLEY WARD 1,39,0,0,41,1,1,1,59,0,0,0,7,0,2,2,74,0,1,84,0,0,2,0,0,0,0,0,0,0,0,0,11,185,80,147,84,185
LANGLADETOWN OF AINSWORTH WARD 1,32,0,1,29,1,2,0,51,1,0,0,8,0,2,0,82,0,0,81,1,0,0,0,0,0,0,0,0,1,0,0,7,186,62,147,81,186
LANGLADETOWN OF ANTIGO WARD 1-2,81,0,0,87,1,1,0,202,0,0,0,41,1,6,0,200,0,6,224,4,0,0,0,0,0,0,0,0,1,0,0,24,536,168,452,224,536
LANGLADETOWN OF ELCHO WARD 1-2,81,0,2,87,0,1,1,121,1,0,0,26,2,4,0,198,0,2,246,2,0,0,0,0,0,0,0,0,1,0,0,23,495,170,354,246,495
LANGLADETOWN OF EVERGREEN WARD 1,38,0,0,35,2,0,0,64,0,0,0,12,0,1,0,56,0,1,75,1,0,0,0,0,0,0,0,0,0,0,0,6,192,73,135,75,192
LANGLADETOWN OF LANGLADE WARD 1-2,33,0,0,41,0,1,0,55,0,0,0,0,0,0,0,75,0,6,90,0,0,0,0,0,0,0,0,0,0,0,0,4,181,74,131,90,181
LANGLADETOWN OF NEVA WARD 1,40,0,1,88,0,3,1,107,0,0,3,12,1,1,0,111,0,0,152,4,0,0,0,0,0,0,0,0,0,0,0,20,319,129,239,152,319
LANGLADETOWN OF NORWOOD WARD 1,61,0,1,72,0,1,0,122,0,0,0,20,2,5,0,142,0,2,137,5,0,0,0,0,0,0,0,0,0,0,0,21,371,134,292,137,371
LANGLADETOWN OF PARRISH WARD 1,5,0,0,9,0,0,0,10,0,0,0,0,0,0,0,19,0,0,14,0,0,0,0,0,0,0,0,0,0,0,0,2,41,14,29,14,41
LANGLADETOWN OF PECK WARD 1,15,0,0,34,1,1,0,33,0,0,0,4,0,2,0,67,0,2,43,0,0,0,0,0,0,0,0,0,0,0,0,4,139,49,108,43,139
LANGLADETOWN OF POLAR WARD 1-2,48,0,0,88,0,4,0,127,0,0,0,33,0,2,0,154,0,2,157,6,0,0,0,0,0,0,0,0,0,0,0,20,379,136,320,157,379
LANGLADETOWN OF PRICE WARD 1-2,11,0,0,16,0,0,0,23,0,0,1,14,0,1,0,43,0,1,42,1,0,1,1,0,0,0,0,0,0,0,0,2,86,27,82,42,86
LANGLADETOWN OF ROLLING WARD 1-2,82,0,0,109,2,4,1,185,1,0,1,24,2,2,0,211,0,1,222,5,0,0,0,0,0,0,0,0,0,0,0,12,498,191,433,222,498
LANGLADETOWN OF SUMMIT WARD 1,5,0,0,17,0,1,0,24,0,0,0,2,0,0,0,28,0,1,22,2,0,0,0,0,0,0,0,0,0,0,0,4,69,22,55,22,69
LANGLADETOWN OF UPHAM WARD 1,58,0,2,41,1,1,0,101,0,0,0,13,1,4,0,112,0,0,161,2,0,0,0,0,0,0,0,0,0,0,0,7,325,101,233,161,325
LANGLADETOWN OF VILAS WARD 1,8,0,0,14,0,1,0,30,0,0,0,2,0,0,0,36,0,1,27,0,0,0,0,0,0,0,0,0,0,0,0,5,95,22,69,27,95
LANGLADETOWN OF WOLF RIVER WARD 1-2,58,0,0,51,1,3,0,86,0,0,1,22,1,4,0,100,0,3,135,2,0,0,0,0,0,0,0,0,0,0,0,10,303,109,218,135,303
LANGLADEVILLAGE OF WHITE LAKE WARD 1,20,0,0,25,0,1,0,21,0,0,0,12,0,1,0,29,0,0,56,2,0,0,0,0,0,0,0,0,0,0,0,5,87,45,64,56,87
LINCOLNCITY OF MERRILL WARDS 1-2,89,0,0,73,1,0,1,120,0,0,1,22,0,2,0,85,0,3,254,5,0,1,0,0,0,0,0,0,0,0,0,29,259,162,232,254,259
LINCOLNCITY OF MERRILL WARDS 10-12,73,0,1,99,0,2,0,78,0,0,0,8,3,1,0,70,0,5,212,5,0,1,0,0,0,0,0,0,1,0,0,20,234,173,162,212,234
LINCOLNCITY OF MERRILL WARDS 13-14,73,0,0,101,0,1,1,85,0,0,0,9,1,1,0,83,0,3,213,4,0,1,0,0,0,0,0,0,1,0,0,27,285,174,181,213,285
LINCOLNCITY OF MERRILL WARDS 15-17,90,0,0,115,2,0,1,94,0,0,0,41,1,0,0,76,0,0,276,5,0,0,0,0,0,0,0,0,0,0,0,37,259,205,215,276,259
LINCOLNCITY OF MERRILL WARDS 18-19,74,0,0,74,0,1,0,64,0,0,0,4,2,1,0,99,0,4,185,4,0,0,0,0,0,0,0,0,1,0,0,14,238,148,171,185,238
LINCOLNCITY OF MERRILL WARDS 3-4,66,0,0,99,1,3,0,102,1,0,2,15,1,1,0,95,0,2,209,4,0,0,0,0,0,0,0,0,0,0,0,26,295,165,221,209,295
LINCOLNCITY OF MERRILL WARDS 5-7,57,0,0,89,1,0,1,64,0,0,0,13,0,4,0,63,0,1,188,4,0,0,0,0,0,0,0,0,0,0,0,25,215,146,146,188,215
LINCOLNCITY OF MERRILL WARDS 8-9,63,0,0,75,0,1,0,88,0,0,0,18,0,4,0,93,0,4,169,9,0,0,0,0,0,0,0,0,1,0,0,25,246,138,204,169,246
LINCOLNCITY OF TOMAHAWK WARDS 1-2,54,0,0,137,1,3,1,56,0,0,1,10,1,3,0,94,0,3,201,6,0,0,0,0,0,0,0,0,1,0,0,27,238,191,170,201,238
LINCOLNCITY OF TOMAHAWK WARDS 3-4,76,0,0,119,0,3,0,75,1,0,0,31,0,2,0,137,0,2,237,4,0,0,0,0,0,0,0,0,1,0,0,21,327,195,249,237,327
LINCOLNCITY OF TOMAHAWK WARDS 5-6,61,0,1,97,2,2,0,90,0,0,1,41,1,1,0,117,0,3,213,6,0,1,0,0,0,0,0,0,0,0,0,23,288,159,255,213,288
LINCOLNTOWN OF BIRCH WARD 1,28,0,0,37,0,0,0,45,0,0,1,6,0,0,0,18,0,0,72,3,0,0,0,0,0,0,0,0,0,0,0,7,163,65,70,72,163
LINCOLNTOWN OF BRADLEY WARDS 1-5,161,0,2,257,3,2,0,207,0,0,2,62,2,2,0,325,0,4,543,11,0,0,0,0,0,0,0,0,3,0,0,45,837,420,605,543,837
LINCOLNTOWN OF CORNING WARDS 1-2,46,0,0,53,0,0,0,92,0,1,0,13,0,0,1,113,0,2,144,0,0,0,0,0,0,0,0,0,0,0,0,16,293,99,220,144,293
LINCOLNTOWN OF HARDING WARD 1,26,0,0,32,1,0,1,52,1,0,0,9,0,2,0,50,0,1,87,2,0,0,0,0,0,0,0,0,0,0,0,7,146,58,116,87,146
LINCOLNTOWN OF HARRISON WARDS 1-3,67,0,1,84,2,2,0,83,0,0,0,40,3,2,0,115,0,3,194,2,0,1,0,0,0,0,0,0,0,0,0,20,326,152,247,194,326
LINCOLNTOWN OF KING WARDS 1-2,75,0,0,115,0,0,0,97,0,0,0,24,0,2,0,136,0,1,234,1,0,2,0,0,0,0,0,0,0,0,0,17,344,190,259,234,344
LINCOLNTOWN OF MERRILL WARDS 1-7,177,0,1,248,1,7,1,293,0,0,0,50,0,3,0,341,0,6,549,12,0,0,0,0,0,0,0,0,0,0,0,64,988,426,696,549,988
LINCOLNTOWN OF PINE RIVER WARDS 1-3,117,0,1,151,0,2,0,214,0,0,2,34,0,1,0,247,0,6,347,4,0,0,0,0,0,0,0,0,1,0,0,43,679,269,500,347,679
LINCOLNTOWN OF ROCK FALLS WARDS 1-2,26,0,0,59,1,0,0,84,0,0,1,10,0,0,0,82,0,0,115,5,0,0,0,0,0,0,0,0,0,0,0,9,232,85,178,115,232
LINCOLNTOWN OF RUSSELL WARD 1,29,0,0,52,1,1,0,55,0,0,0,8,0,0,0,87,0,2,103,0,0,0,0,0,0,0,0,0,0,0,0,8,190,81,152,103,190
LINCOLNTOWN OF SCHLEY WARDS 1-2,44,0,0,55,0,0,0,95,0,0,0,10,0,0,0,125,0,2,131,1,0,0,0,0,0,0,0,0,1,0,0,16,322,99,230,131,322
LINCOLNTOWN OF SCOTT WARDS 1-2,77,0,0,92,1,3,2,164,0,0,1,25,0,2,0,145,0,3,246,6,0,0,0,0,0,0,0,0,1,0,0,42,496,169,343,246,496
LINCOLNTOWN OF SKANAWAN WARD 1,22,0,0,43,0,0,0,47,0,0,0,7,0,3,0,72,0,2,83,5,0,0,0,0,0,0,0,0,1,0,0,14,138,65,129,83,138
LINCOLNTOWN OF SOMO WARD 1,4,0,0,17,0,0,0,5,0,0,0,1,0,0,0,28,0,0,14,4,0,0,0,0,0,0,0,0,0,0,0,4,47,21,34,14,47
LINCOLNTOWN OF TOMAHAWK WARD 1,30,0,1,41,0,0,0,32,0,0,0,5,0,1,0,84,0,0,88,1,0,0,0,0,0,0,0,0,0,0,0,7,184,72,122,88,184
LINCOLNTOWN OF WILSON WARD 1,27,0,0,28,0,2,0,39,0,0,0,7,0,0,0,50,0,2,63,1,0,0,0,0,0,0,0,0,0,0,0,3,131,55,98,63,131
"MANITOWOCCITY OF KIEL WARDS 1-6,8",242,0,2,271,2,4,2,517,1,1,0,74,2,11,0,263,0,7,632,12,0,0,0,0,0,0,0,3,1,0,0,88,1093,515,877,632,1093
MANITOWOCCITY OF MANITOWOC WARDS 1-2,191,3,1,294,1,4,0,262,1,0,2,28,0,2,0,235,0,16,584,19,0,2,0,0,0,0,0,4,0,0,0,55,707,489,535,584,707
MANITOWOCCITY OF MANITOWOC WARDS 11-12,228,0,2,342,0,1,2,378,0,0,1,66,3,5,0,263,1,10,727,14,0,0,0,0,0,0,0,0,3,0,0,76,937,572,720,727,937
MANITOWOCCITY OF MANITOWOC WARDS 13-14,222,0,4,195,2,5,0,216,1,0,3,44,1,6,0,184,0,4,563,11,0,0,0,1,0,0,0,7,1,0,0,51,617,421,462,563,617
MANITOWOCCITY OF MANITOWOC WARDS 15-16,224,0,3,367,0,3,0,449,0,0,1,69,0,7,0,276,0,11,749,13,0,1,0,0,0,0,0,12,3,0,0,99,1033,594,805,749,1033
MANITOWOCCITY OF MANITOWOC WARDS 5-6,191,0,1,332,1,4,0,227,0,0,0,44,0,5,0,174,0,10,673,19,0,0,0,0,0,0,2,10,1,0,0,54,581,524,455,673,581
MANITOWOCCITY OF MANITOWOC WARDS 7-8,90,0,2,197,0,2,1,121,0,0,0,19,1,3,0,104,0,1,449,22,0,0,0,0,0,0,0,0,1,0,0,49,423,289,251,449,423
MANITOWOCCITY OF MANITOWOC WARDS 9-10,198,0,2,254,2,6,0,279,1,1,0,52,0,5,0,226,0,9,596,20,0,0,0,0,0,0,0,3,0,0,0,56,754,454,572,596,754
MANITOWOCCITY OF TWO RIVERS WARDS 1-2,182,0,1,231,2,6,1,218,1,0,0,49,0,2,0,166,0,6,474,21,0,1,0,0,0,0,0,4,5,0,0,50,583,414,445,474,583
MANITOWOCCITY OF TWO RIVERS WARDS 3-4,252,0,4,271,2,2,1,377,1,0,0,63,1,8,2,254,0,11,729,14,0,2,0,0,0,0,0,0,1,0,0,74,925,527,711,729,925
MANITOWOCCITY OF TWO RIVERS WARDS 5-6,175,0,2,259,5,3,0,202,0,0,1,35,1,7,1,195,0,6,488,15,0,0,0,0,0,0,0,7,1,0,0,51,626,436,450,488,626
MANITOWOCCITY OF TWO RIVERS WARDS 7-8,167,0,2,228,0,3,0,172,0,0,0,22,1,2,0,172,0,11,481,22,0,0,0,0,0,0,0,0,2,0,0,59,593,397,372,481,593
MANITOWOCTOWN OF CATO WARD 1-2,84,0,1,112,2,1,0,222,0,1,0,36,0,1,0,129,0,4,255,8,0,0,0,0,0,0,0,0,0,0,0,34,585,197,392,255,585
MANITOWOCTOWN OF CENTERVILLE WARD 1,36,0,0,52,1,0,0,114,0,0,0,20,1,3,0,45,0,0,104,7,0,0,0,0,0,0,0,0,0,0,0,12,242,88,184,104,242
MANITOWOCTOWN OF COOPERSTOWN WARD 1-2,73,0,1,126,0,1,0,193,0,0,0,18,1,1,0,130,0,6,229,4,0,0,0,0,0,0,0,2,0,0,0,24,469,200,344,229,469
MANITOWOCTOWN OF EATON WARD 1,51,0,0,61,0,0,0,128,0,0,0,16,0,0,0,91,0,3,139,2,0,1,0,0,0,0,0,2,0,0,0,13,309,112,235,139,309
MANITOWOCTOWN OF FRANKLIN WARD 1-3,59,0,1,91,1,0,0,196,0,0,0,18,0,4,1,115,0,3,192,6,0,0,0,0,0,0,0,0,1,0,0,25,429,151,335,192,429
MANITOWOCTOWN OF GIBSON WARD 1-2,90,0,1,108,0,1,0,213,0,0,0,17,2,2,2,157,0,9,231,4,0,0,0,0,0,0,0,0,1,0,0,28,476,199,394,231,476
MANITOWOCTOWN OF KOSSUTH WARD 1-3,136,0,2,149,2,1,1,273,0,0,1,33,1,4,0,203,0,5,354,5,0,1,0,0,0,0,0,10,0,0,0,43,755,287,519,354,755
MANITOWOCTOWN OF LIBERTY WARDS 1-2,61,0,0,77,1,1,0,221,0,0,0,22,0,5,0,124,0,6,180,3,0,0,0,0,0,0,0,3,0,0,0,18,512,138,374,180,512
MANITOWOCTOWN OF MANITOWOC RAPIDS WARD 1-5,161,0,1,182,3,6,1,417,1,0,1,93,1,8,1,235,0,8,431,5,0,1,0,0,0,0,4,4,0,0,0,41,907,344,767,431,907
MANITOWOCTOWN OF MANITOWOC WARD 1-2,63,0,0,102,1,2,0,126,0,0,0,26,1,2,0,112,0,5,178,5,0,0,0,0,0,0,0,0,0,0,0,21,372,165,270,178,372
MANITOWOCTOWN OF MAPLE GROVE WARD 1,24,0,0,34,0,1,0,152,0,0,0,14,0,3,0,73,0,0,80,2,0,0,0,0,0,0,0,0,0,0,0,11,352,58,243,80,352
"MANITOWOCTOWN OF MEEME WARDS 1,4",91,0,1,111,0,4,0,254,1,0,1,27,1,4,0,136,0,7,148,5,0,0,0,0,0,0,0,4,0,0,0,27,307,203,428,148,307
MANITOWOCTOWN OF MISHICOT WARD 1-2,75,0,0,93,0,0,0,168,0,0,0,21,1,2,0,144,0,1,191,3,0,1,0,0,0,0,0,1,0,0,0,25,465,168,336,191,465
MANITOWOCTOWN OF NEWTON WARD 1-3,124,0,2,151,0,1,1,392,0,0,0,48,1,2,0,252,0,6,352,6,0,0,0,0,0,0,0,9,2,0,0,35,890,277,697,352,890
MANITOWOCTOWN OF ROCKLAND WARD 1-2,42,0,1,60,0,4,0,155,1,1,1,6,0,1,0,107,0,0,119,3,0,0,0,0,0,0,0,0,0,0,0,13,392,103,276,119,392
MANITOWOCTOWN OF SCHLESWIG WARD 1-2,124,0,0,167,1,3,0,344,0,0,0,47,0,6,0,176,0,6,362,4,0,2,0,0,0,0,0,7,1,0,0,34,722,291,577,362,722
MANITOWOCTOWN OF TWO CREEKS WARD 1,30,0,0,44,0,0,0,66,1,0,0,7,0,0,0,34,0,1,69,2,0,3,0,0,0,0,0,0,0,0,0,8,145,74,108,69,145
MANITOWOCTOWN OF TWO RIVERS WARD 1-2,111,0,0,163,1,1,1,208,0,0,0,35,0,6,0,208,0,2,347,5,0,5,0,0,0,0,0,0,0,0,0,35,593,274,460,347,593
MANITOWOCVILLAGE OF CLEVELAND WARDS 1-2,92,1,2,138,1,0,1,183,0,0,1,31,0,3,0,113,0,4,291,7,0,0,0,0,0,0,0,4,1,0,0,34,435,233,333,291,435
MANITOWOCVILLAGE OF FRANCIS CREEK WARD 1,41,0,0,54,0,1,0,75,0,0,0,14,0,1,0,78,0,1,114,3,0,0,0,0,0,0,0,0,0,0,0,14,222,95,169,114,222
MANITOWOCVILLAGE OF KELLNERSVILLE WARD 1,22,0,0,23,1,0,0,42,0,0,0,2,0,0,0,23,0,0,57,4,0,0,0,0,0,0,0,0,0,0,0,9,100,45,68,57,100
MANITOWOCVILLAGE OF MARIBEL WARD 1,15,0,0,25,0,1,0,50,0,0,0,7,0,0,0,26,0,2,57,1,0,0,0,0,0,0,0,0,0,0,0,7,106,40,84,57,106
MANITOWOCVILLAGE OF MISHICOT WARD 1-4,112,0,1,117,1,1,1,158,0,0,0,21,1,2,0,153,0,2,253,4,0,1,0,0,0,0,0,1,0,0,0,19,454,230,338,253,454
MANITOWOCVILLAGE OF REEDSVILLE WARDS 1-2,68,0,0,91,0,1,1,153,0,0,0,20,1,4,0,100,0,1,165,1,0,0,0,0,0,0,0,0,0,0,0,20,364,159,280,165,364
MANITOWOCVILLAGE OF ST. NAZIANZ WARD 1,43,0,0,43,0,1,0,90,0,0,1,9,0,2,0,47,0,3,96,2,0,0,0,0,0,0,4,1,1,0,0,12,229,86,150,96,229
MANITOWOCVILLAGE OF VALDERS WARD 1,68,0,1,56,0,1,0,110,0,0,1,16,0,2,0,107,0,1,152,3,0,0,0,0,0,0,0,0,0,0,0,20,339,125,237,152,339
MANITOWOCVILLAGE OF WHITELAW WARD 1,52,0,0,62,0,1,2,97,0,0,0,8,1,3,0,53,0,5,128,1,0,0,0,0,0,0,0,1,0,0,0,13,235,114,165,128,235
MARATHONCITY OF COLBY WARD 1,24,0,0,34,1,0,0,39,0,0,0,12,0,1,1,46,0,0,84,2,0,0,0,0,0,0,0,3,1,0,0,11,130,58,100,84,130
"MARATHONCITY OF MARSHFIELD WARDS 12,20-21,24",64,0,0,76,0,0,0,70,0,0,0,15,0,1,0,59,0,5,175,2,0,0,0,0,0,0,0,0,0,0,0,7,222,140,145,175,222
"MARATHONCITY OF MOSINEE WARDS 1-2,6-7",136,0,1,197,0,4,0,218,0,0,2,34,3,1,0,223,0,5,402,17,0,1,0,0,0,0,0,0,1,0,0,30,661,334,485,402,661
MARATHONCITY OF MOSINEE WARDS 3-5,157,0,1,206,2,5,0,191,0,0,0,32,0,5,0,278,0,10,403,8,0,0,0,0,0,0,0,0,1,0,0,28,683,364,513,403,683
MARATHONCITY OF SCHOFIELD WARDS 1-4,130,0,0,205,0,2,0,177,0,0,0,26,3,2,1,240,0,3,478,10,0,2,0,0,0,0,0,6,0,0,0,48,568,335,451,478,568
MARATHONCITY OF WAUSAU WARD 1,191,0,0,245,3,4,1,161,1,0,1,48,1,5,0,130,0,4,518,16,0,1,0,0,0,0,0,0,2,0,0,45,383,436,355,518,383
MARATHONCITY OF WAUSAU WARD 10,21,0,0,21,0,0,0,32,0,0,0,25,0,0,0,14,0,0,58,1,0,0,0,0,0,0,0,1,0,0,0,3,96,42,71,58,96
MARATHONCITY OF WAUSAU WARD 11,0,0,0,0,0,0,0,0,0,0,0,0,0,0,0,0,0,0,0,0,0,0,0,0,0,0,0,0,0,0,0,0,0,0,0,0,0
MARATHONCITY OF WAUSAU WARD 12,152,0,0,252,2,1,0,122,0,0,0,36,0,2,0,99,0,4,487,15,0,0,0,0,0,0,0,4,1,0,0,37,330,404,262,487,330
MARATHONCITY OF WAUSAU WARD 13,67,0,0,199,0,0,1,85,0,0,0,26,2,4,0,103,0,3,346,23,0,0,0,1,0,0,0,1,0,0,0,23,293,266,221,346,293
MARATHONCITY OF WAUSAU WARD 14,124,0,1,151,2,2,0,117,0,0,0,14,3,2,0,88,0,6,364,7,0,0,0,0,0,0,0,0,1,0,0,23,303,276,228,364,303
MARATHONCITY OF WAUSAU WARD 15,196,0,1,248,0,2,0,213,0,0,1,84,0,4,0,195,0,2,543,12,0,0,0,0,0,0,1,4,0,0,0,47,589,445,499,543,589
MARATHONCITY OF WAUSAU WARD 16,116,0,2,154,0,1,1,194,0,1,0,68,2,3,0,143,0,3,386,3,0,0,0,0,0,0,0,1,0,0,0,25,470,272,413,386,470
MARATHONCITY OF WAUSAU WARD 17,159,0,0,137,1,1,0,147,0,0,0,22,1,6,1,107,0,4,399,12,0,0,0,0,0,0,0,2,0,0,0,21,370,296,286,399,370
MARATHONCITY OF WAUSAU WARD 18,109,0,1,179,1,6,0,146,1,0,1,22,0,0,0,129,0,2,429,12,0,0,0,0,0,0,0,2,0,0,0,29,369,289,306,429,369
MARATHONCITY OF WAUSAU WARD 19,103,0,4,150,2,3,0,132,1,1,2,16,1,2,0,106,0,4,357,12,0,2,0,0,0,0,0,2,1,0,0,29,344,257,266,357,344
MARATHONCITY OF WAUSAU WARD 2,173,0,0,237,0,1,0,167,0,0,0,52,3,2,0,134,0,6,494,15,0,1,0,0,0,0,0,8,1,0,0,31,382,410,359,494,382
MARATHONCITY OF WAUSAU WARD 20,106,0,1,182,2,3,1,105,0,1,0,19,2,5,0,99,0,8,381,12,0,0,0,0,0,0,0,0,0,0,0,26,306,289,237,381,306
MARATHONCITY OF WAUSAU WARD 21,81,0,1,176,0,4,0,84,0,0,0,17,0,2,0,91,0,5,310,14,0,0,0,0,0,0,0,0,1,0,0,20,310,258,198,310,310
MARATHONCITY OF WAUSAU WARD 22,88,0,2,138,3,6,0,97,0,0,1,15,2,0,0,115,0,1,385,9,0,0,0,0,0,0,0,0,1,0,0,22,307,228,239,385,307
MARATHONCITY OF WAUSAU WARD 23,103,0,1,223,1,1,2,101,0,0,0,25,0,3,0,119,0,3,405,17,0,0,0,0,0,0,0,1,0,0,0,31,343,327,252,405,343
MARATHONCITY OF WAUSAU WARD 24,120,0,0,142,0,3,0,201,0,1,0,63,0,4,0,148,0,2,400,5,0,0,0,0,0,0,0,0,1,0,0,28,464,262,420,400,464
MARATHONCITY OF WAUSAU WARD 25,129,0,1,174,0,1,0,190,0,0,0,54,2,2,0,129,0,5,426,10,0,1,0,0,0,0,0,7,0,0,0,37,497,304,378,426,497
MARATHONCITY OF WAUSAU WARD 26,100,0,0,130,2,0,0,150,0,0,1,32,0,0,0,124,0,6,340,15,0,1,0,0,0,0,0,0,0,0,0,44,414,230,309,340,414
MARATHONCITY OF WAUSAU WARD 27,1,0,0,0,0,0,0,0,0,0,0,0,0,0,0,0,0,0,1,0,0,0,0,0,0,0,0,0,0,0,0,0,0,1,0,1,0
MARATHONCITY OF WAUSAU WARD 28,1,0,0,0,0,0,0,0,0,0,0,0,0,0,0,0,0,0,0,0,0,0,0,0,0,0,0,0,0,0,0,0,0,1,0,0,0
MARATHONCITY OF WAUSAU WARD 29,0,0,0,0,0,0,0,0,0,0,0,0,0,0,0,0,0,0,0,0,0,0,0,0,0,0,0,0,0,0,0,0,0,0,0,0,0
MARATHONCITY OF WAUSAU WARD 3,53,0,0,129,1,0,0,57,0,0,1,8,0,1,0,60,0,2,239,10,0,0,0,0,0,0,0,0,1,0,0,25,198,182,128,239,198
MARATHONCITY OF WAUSAU WARD 30,0,0,0,0,0,0,0,0,0,0,0,0,0,0,0,2,0,0,0,0,0,0,0,0,0,0,0,0,0,0,0,0,2,0,2,0,2
MARATHONCITY OF WAUSAU WARD 31,0,0,0,0,0,0,0,0,0,0,0,0,0,0,0,0,0,0,0,0,0,0,0,0,0,0,0,0,0,0,0,0,0,0,0,0,0
MARATHONCITY OF WAUSAU WARD 32,0,0,0,0,0,0,0,0,0,0,0,0,0,0,0,0,0,0,0,0,0,0,0,0,0,0,0,0,0,0,0,0,0,0,0,0,0
MARATHONCITY OF WAUSAU WARD 33,0,0,0,0,0,0,0,0,0,0,0,0,0,0,0,0,0,0,1,0,0,0,0,0,0,0,0,0,0,0,0,0,0,0,0,1,0
MARATHONCITY OF WAUSAU WARD 34,0,0,0,0,0,0,0,0,0,0,0,0,0,0,0,0,0,0,0,0,0,0,0,0,0,0,0,0,0,0,0,0,0,0,0,0,0
MARATHONCITY OF WAUSAU WARD 35,0,0,0,0,0,0,0,0,0,0,0,0,0,0,0,0,0,0,0,0,0,0,0,0,0,0,0,0,0,0,0,0,0,0,0,0,0
MARATHONCITY OF WAUSAU WARD 36,0,0,0,0,0,0,0,0,0,0,0,0,0,0,0,0,0,0,0,0,0,0,0,0,0,0,0,0,0,0,0,0,0,0,0,0,0
MARATHONCITY OF WAUSAU WARD 37,0,0,0,0,0,0,0,0,0,0,0,0,0,0,0,0,0,0,0,0,0,0,0,0,0,0,0,0,0,0,0,0,1,0,0,0,1
MARATHONCITY OF WAUSAU WARD 4,16,0,0,33,0,0,1,49,0,0,0,14,0,0,0,47,0,1,86,1,0,0,0,0,0,0,0,2,0,0,0,11,122,49,111,86,122
MARATHONCITY OF WAUSAU WARD 5,96,0,1,164,0,4,0,96,0,0,0,24,0,2,0,87,0,3,346,15,0,0,0,0,0,0,0,1,0,0,0,25,290,261,213,346,290
MARATHONCITY OF WAUSAU WARD 6,54,0,2,109,1,3,0,60,0,0,1,19,1,1,0,42,0,5,248,9,0,0,0,0,0,0,0,0,0,0,0,24,142,165,128,248,142
MARATHONCITY OF WAUSAU WARD 7,105,0,0,148,3,1,1,90,0,0,0,37,3,1,0,84,0,5,312,7,0,0,0,0,0,0,0,2,1,0,0,22,259,253,220,312,259
MARATHONCITY OF WAUSAU WARD 8,42,0,2,132,0,1,0,59,0,0,0,4,1,1,0,60,0,1,244,15,0,0,0,0,0,0,0,0,1,0,0,21,186,176,126,244,186
MARATHONCITY OF WAUSAU WARD 9,41,0,0,44,0,1,0,37,2,0,1,22,0,1,0,30,0,2,129,7,0,0,0,0,0,0,0,1,0,0,0,14,116,85,94,129,116
MARATHONTOWN OF BERGEN WARD 1,64,0,0,72,0,2,0,93,2,0,0,14,0,0,0,95,0,1,166,4,0,0,0,0,0,0,0,0,1,0,0,9,254,136,206,166,254
MARATHONTOWN OF BERLIN WARD 1-2,39,0,0,68,0,0,0,146,0,0,0,14,0,1,0,124,0,2,132,2,0,0,0,0,0,0,0,0,0,0,0,13,380,107,285,132,380
MARATHONTOWN OF BERN WARD 1,19,0,0,44,0,0,0,42,0,0,0,7,1,0,0,53,0,0,68,1,0,0,0,0,0,0,0,0,0,0,0,7,149,63,103,68,149
MARATHONTOWN OF BEVENT WARD 1-2,95,0,1,103,1,0,0,99,0,0,1,25,0,1,0,125,0,4,247,1,0,0,0,0,0,0,0,0,0,0,0,13,347,199,252,247,347
MARATHONTOWN OF BRIGHTON WARD 1,12,0,0,24,1,1,1,55,0,0,0,7,1,1,0,69,0,0,41,1,0,0,0,0,0,0,0,0,0,0,0,2,203,36,136,41,203
MARATHONTOWN OF CASSEL WARD 1,48,0,0,74,0,1,0,128,1,0,0,16,0,3,0,103,0,2,161,4,0,0,0,0,0,0,0,1,0,0,0,18,353,122,252,161,353
MARATHONTOWN OF CLEVELAND WARD 1-2,93,0,1,112,1,4,0,219,0,0,0,30,2,0,0,202,0,6,222,1,2,0,0,0,0,0,0,7,0,0,0,27,513,206,458,222,513
MARATHONTOWN OF DAY WARD 1-2,64,0,0,76,2,0,0,165,1,0,0,22,0,0,0,142,0,4,165,0,0,1,0,0,0,0,0,0,0,0,0,14,414,140,332,165,414
MARATHONTOWN OF EASTON WARD 1-2,59,0,0,90,0,1,0,198,1,0,0,22,1,3,0,147,0,4,193,4,0,0,0,0,0,0,0,1,0,0,0,16,486,149,373,193,486
MARATHONTOWN OF EAU PLEINE WARD 1,35,0,0,59,3,0,0,109,0,0,2,11,0,4,1,90,0,0,92,3,0,1,0,0,0,0,0,1,0,0,0,14,275,94,220,92,275
MARATHONTOWN OF ELDERON WARD 1,43,0,0,45,0,0,0,53,0,0,0,13,0,0,0,103,0,0,97,2,0,0,0,0,0,0,0,2,0,0,0,10,236,88,169,97,236
MARATHONTOWN OF EMMET WARD 1-2,70,0,0,72,0,2,0,105,0,0,0,19,0,1,1,127,0,3,177,2,0,2,0,0,0,0,0,0,1,0,0,22,316,142,255,177,316
MARATHONTOWN OF FRANKFORT WARD 1,31,0,0,56,0,0,0,59,0,0,0,4,0,0,0,78,0,2,73,8,0,0,0,0,0,0,0,0,0,0,0,5,213,87,141,73,213
MARATHONTOWN OF FRANZEN WARD 1,24,0,0,53,0,1,0,49,0,0,0,1,0,1,1,85,0,1,80,1,0,0,0,0,0,0,1,0,0,0,0,8,210,77,138,80,210
MARATHONTOWN OF GREEN VALLEY WARD 1,44,0,0,46,1,1,0,83,0,0,0,14,0,1,0,67,0,5,100,3,0,0,0,0,0,0,0,0,0,0,0,15,201,90,167,100,201
MARATHONTOWN OF GUENTHER WARD 1,24,0,1,25,0,0,0,56,0,0,0,4,3,0,0,48,0,2,64,1,0,0,0,0,0,0,0,0,0,0,0,4,142,50,111,64,142
MARATHONTOWN OF HALSEY WARD 1,21,0,0,39,1,1,0,65,0,0,0,6,0,0,0,64,0,1,61,1,0,1,0,0,0,0,0,2,0,0,0,10,187,60,137,61,187
MARATHONTOWN OF HAMBURG WARD 1,37,0,1,70,0,1,0,94,0,0,1,9,0,2,0,107,0,5,136,4,0,0,0,0,0,0,0,0,2,0,0,10,280,108,214,136,280
MARATHONTOWN OF HARRISON WARD 1,16,0,0,30,1,0,0,42,0,0,0,4,0,2,0,41,0,1,49,1,0,0,0,0,0,0,0,0,0,0,0,9,121,46,90,49,121
MARATHONTOWN OF HEWITT WARD 1,23,0,0,48,0,1,0,95,0,0,0,5,0,1,0,62,0,1,101,2,0,0,0,0,0,0,0,0,1,0,0,7,232,71,164,101,232
MARATHONTOWN OF HOLTON WARD 1,33,0,1,41,2,0,0,96,0,0,0,9,0,0,0,84,0,2,83,3,0,0,0,0,0,0,0,0,0,0,0,11,301,75,191,83,301
MARATHONTOWN OF HULL WARD 1,25,0,0,23,0,0,2,74,1,0,0,5,0,1,0,73,0,0,68,3,0,0,0,0,0,0,0,0,0,0,0,12,226,48,156,68,226
MARATHONTOWN OF JOHNSON WARD 1,43,0,0,42,0,0,0,87,0,0,0,20,0,1,0,59,0,2,107,2,0,0,0,0,0,0,0,0,0,0,0,16,239,85,167,107,239
MARATHONTOWN OF KNOWLTON WARD 1-3,135,0,1,177,0,1,1,233,1,0,1,51,1,5,0,305,0,4,409,4,0,0,0,0,0,0,0,1,0,0,0,37,685,313,599,409,685
MARATHONTOWN OF MARATHON WARD 1-2,54,0,0,81,0,3,0,187,0,0,0,24,0,3,0,109,0,1,154,2,0,0,0,0,0,0,0,0,0,0,0,19,422,135,326,154,422
MARATHONTOWN OF MCMILLAN WARDS 1-3,141,0,1,158,4,3,0,266,1,0,1,67,1,7,0,226,0,3,430,6,0,1,0,0,0,0,0,4,0,0,0,34,700,300,576,430,700
MARATHONTOWN OF MOSINEE WARD 1-3,147,0,2,183,1,0,0,250,1,0,1,41,0,2,0,304,0,7,410,8,0,0,0,0,0,0,0,2,0,0,0,40,790,332,600,410,790
MARATHONTOWN OF NORRIE WARD 1,62,0,1,74,0,3,0,102,0,0,0,16,0,0,0,117,0,2,173,1,0,0,0,0,0,0,0,0,0,0,0,21,332,137,238,173,332
MARATHONTOWN OF PLOVER WARD 1,39,0,0,40,0,2,0,89,0,0,0,7,0,0,0,64,0,4,112,2,0,0,0,0,0,0,0,1,0,0,0,7,223,79,162,112,223
MARATHONTOWN OF REID WARD 1-2,80,0,2,93,0,0,2,99,0,0,0,19,0,6,0,182,0,5,244,5,0,0,0,0,0,0,0,0,0,0,0,16,410,175,308,244,410
MARATHONTOWN OF RIB FALLS WARD 1,26,0,1,59,0,0,0,141,1,0,0,20,0,1,0,142,0,4,124,2,0,0,0,0,0,0,0,0,0,0,0,17,410,86,305,124,410
MARATHONTOWN OF RIB MOUNTAIN WARD 1-10,507,0,1,595,2,4,2,892,1,0,0,234,2,12,0,813,0,22,1664,24,0,2,0,0,0,0,0,12,2,0,0,145,2480,1103,1962,1664,2480
MARATHONTOWN OF RIETBROCK WARD 1,37,0,0,64,2,0,0,100,0,0,0,5,1,0,0,123,0,6,136,1,0,0,0,0,0,0,0,0,1,0,0,10,330,101,231,136,330
MARATHONTOWN OF RINGLE WARD 1-2,113,0,0,139,1,2,0,232,1,0,0,42,0,1,0,218,0,5,357,12,0,0,0,0,0,0,0,3,0,0,0,25,632,252,497,357,632
MARATHONTOWN OF SPENCER WARD 1-2,64,0,3,113,2,3,0,154,1,0,0,16,1,6,0,191,0,3,233,5,0,0,0,0,0,0,0,8,0,0,0,19,531,180,374,233,531
MARATHONTOWN OF STETTIN WARD 1-2,103,0,0,161,0,1,1,253,1,0,1,50,0,5,0,263,0,3,373,5,0,1,0,0,0,0,0,0,1,0,0,45,745,264,575,373,745
MARATHONTOWN OF STETTIN WARD 3-4,35,0,0,50,0,2,0,72,0,0,0,11,0,1,0,53,0,0,111,2,0,0,0,0,0,0,0,0,0,0,0,6,190,85,139,111,190
MARATHONTOWN OF TEXAS WARDS 1-2,105,0,1,164,1,2,1,172,0,0,1,27,5,5,0,241,0,4,322,7,0,0,0,0,0,0,0,1,0,0,0,22,631,270,455,322,631
MARATHONTOWN OF WAUSAU WARD 1-3,128,0,0,190,0,1,0,289,0,0,0,43,1,0,0,275,0,10,422,8,0,0,0,0,0,0,0,3,0,0,0,42,811,318,609,422,811
MARATHONTOWN OF WESTON WARD 1,32,0,0,33,1,0,0,61,0,0,0,17,1,0,0,85,0,0,95,1,0,0,0,0,0,0,0,1,0,0,0,12,217,65,165,95,217
MARATHONTOWN OF WIEN WARD 1,43,0,1,57,1,1,0,119,0,0,0,10,0,0,0,80,0,2,125,1,0,0,0,0,0,0,0,0,0,0,0,10,275,101,211,125,275
MARATHONVILLAGE OF ATHENS WARD 1-2,47,0,0,71,2,2,1,112,0,0,0,14,0,2,0,114,0,1,165,2,0,1,0,0,0,0,0,0,0,0,0,14,356,118,247,165,356
MARATHONVILLAGE OF BIRNAMWOOD WARD 2,5,0,0,2,0,0,0,1,0,0,0,0,0,0,0,3,0,0,7,0,0,0,0,0,0,0,0,0,0,0,0,0,4,7,4,7,4
MARATHONVILLAGE OF BROKAW WARD 1,29,0,0,30,0,1,0,19,0,0,0,4,0,1,0,19,0,0,75,2,0,0,0,0,0,0,0,0,0,0,0,4,55,59,44,75,55
MARATHONVILLAGE OF DORCHESTER WARD 2,0,0,0,0,0,0,0,0,0,0,0,0,0,0,0,0,0,0,0,0,0,0,0,0,0,0,0,0,0,0,0,0,1,0,0,0,1
MARATHONVILLAGE OF EDGAR WARDS 1-2,85,0,0,130,1,3,0,153,0,1,0,36,2,5,0,162,0,3,267,3,0,1,0,0,0,0,0,0,1,0,0,26,442,215,363,267,442
MARATHONVILLAGE OF ELDERON WARD 1,10,0,0,11,0,1,0,7,0,0,1,2,0,0,0,33,0,1,28,1,0,1,0,0,0,0,0,0,0,0,0,2,59,21,44,28,59
MARATHONVILLAGE OF FENWOOD WARD 1,5,0,0,17,0,0,0,20,0,0,0,2,0,0,0,14,0,0,27,1,0,1,0,0,0,0,0,0,0,0,0,4,49,22,36,27,49
MARATHONVILLAGE OF HATLEY WARD 1,23,0,0,52,0,0,0,51,0,0,0,9,0,1,0,78,0,3,82,6,0,0,0,0,0,0,0,0,0,0,0,15,192,75,139,82,192
MARATHONVILLAGE OF KRONENWETTER WARDS 1-5,221,0,0,332,1,5,0,375,1,1,1,63,1,8,0,395,0,3,754,20,0,1,0,0,0,0,0,0,0,0,0,90,1122,553,851,754,1122
MARATHONVILLAGE OF KRONENWETTER WARDS 6-10,182,0,1,329,1,4,0,403,3,0,0,48,0,4,0,411,0,6,728,14,0,1,0,0,1,0,1,3,0,0,0,78,1258,512,874,728,1258
MARATHONVILLAGE OF MAINE WARDS 1-4,152,0,2,224,1,3,0,319,0,0,0,66,0,4,0,345,0,4,486,6,0,0,0,0,0,0,0,0,0,0,0,48,904,378,738,486,904
MARATHONVILLAGE OF MARATHON CITY WARD 1-3,81,0,0,108,0,2,1,195,0,0,1,34,0,7,0,164,0,7,261,14,0,0,0,0,0,0,0,0,0,0,0,23,540,189,404,261,540
MARATHONVILLAGE OF ROTHSCHILD WARD 1-2,118,0,0,171,1,2,0,126,1,0,0,33,1,2,1,152,0,4,393,14,0,0,0,0,0,0,0,0,1,0,0,25,423,289,319,393,423
MARATHONVILLAGE OF ROTHSCHILD WARD 3-4,131,0,1,204,0,1,0,220,0,0,0,32,3,1,0,176,0,6,465,11,0,0,0,0,0,0,0,2,0,0,0,41,522,336,433,465,522
MARATHONVILLAGE OF ROTHSCHILD WARD 5-6,128,0,1,154,0,1,0,181,0,0,0,38,0,3,0,177,0,2,425,7,0,0,0,0,0,0,0,6,0,0,0,38,537,283,400,425,537
MARATHONVILLAGE OF SPENCER WARDS 1-3,87,0,1,160,0,3,1,162,0,0,0,22,0,7,1,200,0,8,298,6,0,1,0,0,0,0,0,1,0,0,0,38,545,248,396,298,545
MARATHONVILLAGE OF STRATFORD WARDS 1-2,91,0,1,113,3,2,0,217,0,0,0,34,1,3,1,173,0,5,216,11,0,1,0,0,0,0,0,1,1,0,0,31,537,205,434,216,537
MARATHONVILLAGE OF UNITY WARD 1,5,0,0,12,0,0,0,19,0,0,0,1,1,1,0,26,0,0,22,3,0,0,0,0,0,0,0,0,0,0,0,2,80,17,48,22,80
"MARATHONVILLAGE OF WESTON WARDS 1-2,4-5",189,0,0,313,3,3,1,370,0,0,2,67,1,4,0,388,0,10,759,19,0,2,0,0,0,0,1,7,0,0,0,67,1155,502,839,759,1155
"MARATHONVILLAGE OF WESTON WARDS 3,8",166,0,1,243,0,5,1,217,0,0,1,55,0,3,1,234,0,4,597,10,0,2,0,0,0,0,0,2,1,0,0,45,701,410,517,597,701
MARATHONVILLAGE OF WESTON WARDS 6-7,139,0,1,184,3,1,0,287,0,0,0,40,1,1,0,261,0,7,463,9,0,1,0,0,0,0,0,2,0,0,0,50,745,324,594,463,745
MARATHONVILLAGE OF WESTON WARDS 9-13,285,0,3,436,2,1,0,453,1,1,1,92,2,3,1,483,0,14,1148,19,0,1,0,0,0,0,0,1,1,0,0,99,1459,724,1040,1148,1459
"MARINETTECITY OF MARINETTE WARDS 1,3,5",255,0,3,231,4,4,2,205,0,1,5,62,0,6,0,263,0,6,563,10,0,0,0,0,0,0,0,5,1,0,0,47,820,489,552,563,820
"MARINETTECITY OF MARINETTE WARDS 2,4,6",205,0,3,249,1,9,0,201,0,0,0,46,0,12,2,244,0,5,547,19,0,0,0,0,0,0,0,9,1,0,0,50,840,457,515,547,840
MARINETTECITY OF MARINETTE WARDS 7-8,189,0,0,190,1,1,0,218,0,0,0,46,0,5,0,204,0,3,469,12,0,0,0,0,0,0,0,6,1,0,0,49,701,379,475,469,701
MARINETTECITY OF NIAGARA WARD 1-3,83,0,0,51,0,3,0,93,0,0,0,12,0,4,0,144,0,3,233,4,0,0,0,0,0,0,0,3,0,0,0,21,444,134,256,233,444
MARINETTECITY OF PESHTIGO WARDS 1-2,79,0,1,88,1,3,0,108,0,0,1,26,0,3,0,122,0,0,178,5,0,0,0,0,0,0,0,0,0,0,0,22,333,168,264,178,333
MARINETTECITY OF PESHTIGO WARDS 3-5,65,0,0,81,3,1,2,112,1,0,0,20,0,6,0,127,0,1,182,4,0,0,0,0,0,0,0,4,1,0,0,13,297,146,272,182,297
MARINETTECITY OF PESHTIGO WARDS 6-7,66,0,2,65,4,4,0,78,0,0,0,13,0,3,0,111,0,2,157,5,0,0,0,0,0,0,0,1,0,0,0,8,266,133,213,157,266
MARINETTETOWN OF AMBERG WARD 1,40,0,1,77,0,0,2,95,0,0,0,12,0,2,0,132,0,3,125,5,0,0,0,0,0,0,0,0,0,0,0,7,316,118,243,125,316
MARINETTETOWN OF ATHELSTANE WARDS 1-2,49,0,0,47,1,0,0,44,0,0,0,6,1,0,0,108,0,1,95,1,0,0,0,0,0,0,0,0,0,0,0,7,216,96,160,95,216
MARINETTETOWN OF BEAVER WARDS 1-2,55,0,0,70,0,0,0,140,0,0,1,16,1,4,0,149,0,5,139,3,0,0,0,0,0,0,0,2,0,0,0,4,447,125,311,139,447
MARINETTETOWN OF BEECHER WARD 1,48,0,0,37,0,1,0,82,0,0,0,8,0,2,0,88,0,5,104,3,0,0,0,0,0,0,0,0,1,0,0,8,286,85,181,104,286
MARINETTETOWN OF DUNBAR WARD 1-2,44,0,0,31,0,3,1,70,0,0,0,10,0,1,0,79,0,3,79,2,0,0,0,0,0,0,0,5,0,0,0,7,189,75,164,79,189
MARINETTETOWN OF GOODMAN WARD 1,54,0,0,50,0,2,1,53,0,0,0,13,0,2,0,114,0,1,119,2,0,0,0,0,0,0,0,0,0,0,0,4,214,104,185,119,214
MARINETTETOWN OF GROVER WARDS 1-3,89,0,1,137,0,1,1,204,0,0,0,16,0,4,0,274,0,0,205,4,0,1,0,2,0,0,0,0,2,0,0,16,682,227,500,205,682
MARINETTETOWN OF LAKE WARDS 1-2,54,0,0,82,0,1,0,132,1,0,0,27,0,0,0,150,0,3,175,0,0,1,0,0,0,0,0,1,0,0,0,13,463,136,311,175,463
MARINETTETOWN OF MIDDLE INLET WARDS 1-2,59,0,1,66,0,1,1,69,0,0,2,14,0,1,0,98,0,4,131,2,0,0,0,0,0,0,0,1,0,0,0,5,303,126,186,131,303
MARINETTETOWN OF NIAGARA WARD 1,54,0,1,54,0,0,1,67,0,0,0,16,1,4,1,162,0,1,131,1,0,0,0,0,0,0,0,0,1,0,0,11,354,109,252,131,354
MARINETTETOWN OF PEMBINE WARD 1-2,44,0,0,53,1,2,0,108,0,0,0,7,0,2,0,93,0,2,134,1,0,0,0,0,0,0,0,4,0,0,0,8,280,97,213,134,280
"MARINETTETOWN OF PESHTIGO WARDS 1,4",128,0,1,128,3,4,0,152,0,0,0,44,0,6,0,190,0,5,257,5,0,0,0,0,0,0,0,2,0,0,0,24,483,257,399,257,483
MARINETTETOWN OF PESHTIGO WARDS 2-3,120,0,0,114,1,0,0,140,1,0,0,34,0,4,0,178,0,1,287,4,0,0,0,0,0,0,0,3,1,0,0,20,525,234,358,287,525
MARINETTETOWN OF PESHTIGO WARDS 5-6,96,0,0,85,1,2,0,139,0,0,0,23,1,5,0,189,0,6,186,2,0,0,0,0,0,0,0,0,0,0,0,22,425,181,360,186,425
MARINETTETOWN OF PORTERFIELD WARD 1-3,101,0,1,135,0,1,1,189,0,1,0,33,0,4,0,225,0,8,316,7,0,2,0,0,0,0,0,2,0,0,0,28,690,237,454,316,690
MARINETTETOWN OF POUND WARDS 1-3,61,0,1,78,1,0,1,197,0,0,0,17,0,4,0,145,0,1,135,1,0,0,0,0,0,0,0,3,1,0,0,18,517,140,365,135,517
MARINETTETOWN OF SILVER CLIFF WARD 1,47,0,0,27,0,0,0,73,0,0,0,15,1,0,0,88,0,2,95,2,0,0,0,0,0,0,0,0,0,0,0,12,216,74,177,95,216
MARINETTETOWN OF STEPHENSON WARDS 1-3,160,0,2,123,0,2,1,171,0,0,0,24,0,5,0,287,0,3,367,0,0,1,0,0,0,0,0,0,0,0,0,22,733,285,490,367,733
MARINETTETOWN OF STEPHENSON WARDS 4-5,76,0,0,79,0,1,0,119,0,0,1,21,0,2,1,195,0,2,200,6,0,0,0,0,0,0,0,3,0,0,0,15,504,155,340,200,504
MARINETTETOWN OF WAGNER WARD 1,41,0,0,42,0,0,0,86,0,0,0,16,0,3,0,76,1,0,110,2,0,0,0,0,0,0,0,0,0,0,0,11,267,83,182,110,267
MARINETTETOWN OF WAUSAUKEE WARDS 1-2,76,0,0,77,0,1,0,120,0,0,1,22,0,4,0,158,0,0,189,6,0,0,0,0,0,0,0,3,0,0,0,12,415,153,306,189,415
MARINETTEVILLAGE OF COLEMAN WARD 1,45,0,0,44,0,3,0,96,0,0,0,8,0,3,0,73,0,2,102,5,0,2,0,0,0,0,0,1,0,0,0,5,227,89,183,102,227
MARINETTEVILLAGE OF CRIVITZ WARD 1,59,0,0,60,0,1,0,90,0,0,2,7,2,2,0,96,0,2,138,2,0,0,0,0,0,0,0,0,0,0,0,15,300,119,200,138,300
MARINETTEVILLAGE OF POUND WARD 1,10,0,0,19,1,0,0,44,0,0,1,3,0,0,0,25,0,0,30,6,0,0,0,0,0,0,0,0,0,0,0,6,110,29,74,30,110
MARINETTEVILLAGE OF WAUSAUKEE WARD 1,28,0,0,28,0,0,0,30,0,0,0,7,0,0,0,48,0,0,65,0,0,0,0,0,0,0,0,0,0,0,0,10,132,56,85,65,132
MARQUETTECITY OF MONTELLO WARD 1-4,103,0,0,151,3,3,1,101,0,0,0,43,0,8,1,133,0,0,290,8,0,0,0,0,0,0,0,1,1,0,0,18,352,254,293,290,352
MARQUETTETOWN OF BUFFALO WARD 1-2,77,0,0,121,0,2,1,99,0,0,0,35,1,4,0,116,0,4,223,3,0,1,0,0,0,0,0,0,0,0,0,10,336,198,258,223,336
MARQUETTETOWN OF CRYSTAL LAKE WARD 1,41,0,1,45,0,0,0,56,1,0,0,15,0,5,0,52,0,0,107,0,0,0,0,0,0,0,0,0,1,0,0,7,183,87,129,107,183
MARQUETTETOWN OF DOUGLAS WARD 1,54,0,1,89,2,1,1,93,0,0,0,25,0,2,0,119,0,7,181,3,0,0,0,0,0,0,0,0,0,0,0,14,276,144,243,181,276
MARQUETTETOWN OF HARRIS WARD 1,54,0,1,73,1,1,1,85,1,0,0,19,0,2,0,113,0,1,167,3,0,0,0,0,0,0,0,0,0,0,0,18,293,128,223,167,293
MARQUETTETOWN OF MECAN WARD 1,53,0,2,58,0,0,0,78,0,0,0,14,0,2,0,84,0,1,142,4,0,1,0,0,0,0,0,0,0,0,0,11,217,113,178,142,217
MARQUETTETOWN OF MONTELLO WARD 1-4,79,0,0,105,2,2,1,109,0,0,0,34,3,2,0,174,0,2,191,3,0,0,0,0,0,0,0,9,2,0,0,15,371,184,327,191,371
MARQUETTETOWN OF MOUNDVILLE WARD 1-2,39,0,0,44,1,0,0,38,0,0,0,16,0,1,0,58,0,2,99,0,0,1,0,0,0,0,0,0,0,0,0,17,137,83,114,99,137
MARQUETTETOWN OF NESHKORO WARD 1-2,34,0,0,42,0,3,0,74,0,0,0,13,0,1,0,69,0,0,106,2,0,0,0,0,0,0,0,1,0,0,0,6,217,76,160,106,217
MARQUETTETOWN OF NEWTON WARD 1-2,15,0,1,35,0,3,0,39,0,0,1,18,0,0,0,47,0,5,69,1,0,0,0,0,0,0,0,2,0,0,0,7,158,51,108,69,158
MARQUETTETOWN OF OXFORD WARD 1-2,45,0,0,69,0,0,0,81,0,0,1,24,1,2,1,89,0,4,156,3,0,1,0,0,0,0,0,8,0,0,0,12,295,114,199,156,295
MARQUETTETOWN OF PACKWAUKEE WARD 1-3,117,0,0,101,2,5,0,109,0,0,2,32,0,1,0,171,0,4,258,2,0,0,0,0,0,0,0,2,2,0,0,8,426,218,322,258,426
MARQUETTETOWN OF SHIELDS WARD 1,30,0,0,61,0,2,0,61,1,0,1,22,0,0,0,78,0,0,106,2,0,0,1,0,0,0,0,0,0,0,0,5,202,91,165,106,202
MARQUETTETOWN OF SPRINGFIELD WARD 1,56,0,0,83,0,1,0,80,0,0,1,25,2,2,0,95,0,4,158,2,0,0,0,0,0,0,0,2,0,0,0,7,289,139,206,158,289
MARQUETTETOWN OF WESTFIELD WARD 1-2,45,0,0,67,0,0,2,70,0,0,0,27,0,0,0,119,0,2,154,7,0,1,0,0,0,0,0,2,0,0,0,5,275,112,218,154,275
MARQUETTEVILLAGE OF ENDEAVOR WARD 1,15,0,1,38,0,2,0,31,0,0,0,7,0,1,0,30,0,0,63,4,0,0,0,0,0,0,0,0,0,0,0,4,111,54,71,63,111
MARQUETTEVILLAGE OF NESHKORO WARD 1,33,0,0,28,1,0,0,25,0,0,0,8,0,2,0,65,0,1,69,1,0,0,0,0,0,0,0,2,0,0,0,1,123,61,101,69,123
MARQUETTEVILLAGE OF OXFORD WARD 1,38,0,0,41,0,1,1,29,0,0,0,6,0,1,0,53,0,1,86,1,0,0,0,0,0,0,0,0,0,0,0,8,155,79,91,86,155
MARQUETTEVILLAGE OF WESTFIELD WARD 1-2,66,0,0,70,0,0,1,72,0,0,0,22,0,0,0,100,0,5,184,1,0,0,0,0,0,0,0,2,2,0,0,14,298,136,195,184,298
MENOMINEETOWN OF MENOMINEE WARD 2,27,0,0,79,0,0,0,2,0,0,0,1,0,0,0,3,0,0,182,7,0,0,0,0,0,0,0,0,0,0,0,0,10,106,6,182,10
"MENOMINEETOWN OF MENOMINEE WARDS 1,3-5",177,0,0,276,0,0,0,74,0,0,0,21,0,3,0,75,0,0,821,0,0,0,0,0,0,0,0,0,0,0,0,0,259,453,173,821,259
MILWAUKEECITY OF CUDAHY WARD 1-3,364,0,1,455,2,1,1,303,2,1,0,63,1,5,0,241,0,6,1070,31,0,1,0,0,0,0,0,2,1,0,0,46,755,820,620,1070,755
MILWAUKEECITY OF CUDAHY WARD 4-6,282,0,1,388,4,5,1,283,1,0,0,64,3,2,1,183,0,2,857,21,0,0,0,0,0,0,0,10,0,0,0,60,739,671,547,857,739
MILWAUKEECITY OF CUDAHY WARD 7-9,243,0,1,246,2,2,0,245,1,0,0,47,1,4,1,176,0,6,767,21,0,1,0,0,0,0,0,6,1,0,0,58,634,490,479,767,634
MILWAUKEECITY OF CUDAHY WARDS 10-12,310,0,4,325,1,0,1,355,2,0,0,84,2,6,0,246,0,11,791,19,0,1,0,0,0,0,0,0,1,0,0,68,854,639,697,791,854
MILWAUKEECITY OF CUDAHY WARDS 13-15,413,0,1,347,2,1,1,434,1,0,0,100,0,9,0,311,0,7,1029,17,0,0,0,0,0,0,0,7,1,0,0,76,958,761,859,1029,958
MILWAUKEECITY OF FRANKLIN WARD 1,0,0,0,1,0,0,0,1,0,0,0,0,0,0,0,0,0,0,0,0,0,0,0,0,0,0,0,0,0,0,0,0,4,1,1,0,4
MILWAUKEECITY OF FRANKLIN WARD 10,56,0,0,47,0,0,0,97,0,0,0,27,0,3,0,45,0,1,181,1,0,0,0,0,0,0,0,0,0,0,0,14,182,103,172,181,182
MILWAUKEECITY OF FRANKLIN WARD 11,153,0,0,119,0,1,0,274,0,0,0,65,0,6,0,131,0,1,430,9,0,0,0,0,0,0,0,1,3,0,0,33,581,272,477,430,581
MILWAUKEECITY OF FRANKLIN WARD 12,92,0,0,91,0,0,0,202,0,0,0,49,0,2,0,91,0,5,278,10,0,1,0,0,0,0,0,2,0,0,0,18,414,183,344,278,414
MILWAUKEECITY OF FRANKLIN WARD 13,114,0,0,116,0,0,0,326,0,0,0,81,0,7,0,112,0,4,394,4,0,0,0,0,0,0,0,3,0,0,0,34,571,230,526,394,571
MILWAUKEECITY OF FRANKLIN WARD 14,113,0,2,109,0,0,0,242,0,0,0,65,0,2,0,122,0,3,359,6,0,0,0,0,0,0,0,6,0,0,0,38,503,224,431,359,503
MILWAUKEECITY OF FRANKLIN WARD 15A,50,0,0,70,1,0,0,126,0,0,0,38,0,3,0,79,0,2,186,6,0,0,0,0,0,0,0,3,0,0,0,20,317,120,247,186,317
MILWAUKEECITY OF FRANKLIN WARD 15B,57,0,0,32,0,0,0,90,0,0,0,28,1,0,0,51,0,1,152,0,0,0,0,0,0,0,0,1,0,0,0,8,189,89,170,152,189
MILWAUKEECITY OF FRANKLIN WARD 16,121,0,0,112,0,3,0,344,0,0,0,85,1,7,0,111,0,3,424,8,0,0,0,0,0,0,0,3,1,0,0,44,632,233,551,424,632
MILWAUKEECITY OF FRANKLIN WARD 17,100,0,0,83,1,0,0,155,0,0,0,54,0,2,0,80,0,5,298,3,0,0,0,0,0,0,0,1,0,0,0,21,329,183,292,298,329
MILWAUKEECITY OF FRANKLIN WARD 18,42,0,0,42,0,2,0,129,0,0,0,34,0,0,0,48,0,2,160,0,0,0,0,0,0,0,0,0,0,0,0,13,233,84,213,160,233
MILWAUKEECITY OF FRANKLIN WARD 19,162,0,0,150,0,1,0,322,1,0,0,86,0,3,0,135,0,1,455,5,0,1,0,0,0,0,0,2,0,0,0,44,671,312,548,455,671
MILWAUKEECITY OF FRANKLIN WARD 2,163,0,0,146,1,0,0,340,0,0,0,92,0,1,0,186,0,2,482,11,0,0,0,0,0,0,0,4,1,0,0,53,734,309,620,482,734
MILWAUKEECITY OF FRANKLIN WARD 20,107,0,0,83,0,1,1,125,0,0,0,27,0,2,0,45,0,0,311,3,0,0,0,0,0,0,0,2,0,0,0,26,276,190,201,311,276
MILWAUKEECITY OF FRANKLIN WARD 21,28,0,0,64,1,1,0,52,0,0,0,7,0,0,0,27,0,0,154,2,0,0,0,0,0,0,0,1,0,0,0,12,119,92,88,154,119
MILWAUKEECITY OF FRANKLIN WARD 22A,94,0,1,95,0,0,0,148,0,0,0,33,1,7,0,83,0,6,271,4,0,0,0,0,0,0,0,2,1,0,0,15,345,190,272,271,345
MILWAUKEECITY OF FRANKLIN WARD 22B,81,0,0,85,2,1,0,158,0,0,1,51,1,1,0,85,0,3,232,3,0,1,0,0,0,0,0,2,0,0,0,28,340,166,300,232,340
MILWAUKEECITY OF FRANKLIN WARD 23,134,0,0,144,1,1,1,296,0,0,0,85,0,1,0,155,0,3,400,7,0,1,0,0,0,0,0,2,1,0,0,49,651,278,540,400,651
MILWAUKEECITY OF FRANKLIN WARD 3,263,0,1,156,0,2,1,387,0,0,0,120,0,4,0,159,0,2,647,5,0,0,0,0,0,0,0,4,3,0,0,38,761,420,673,647,761
MILWAUKEECITY OF FRANKLIN WARD 4,69,0,0,90,1,2,0,199,0,0,1,59,0,5,0,82,0,3,258,4,0,0,0,0,0,0,0,1,1,0,0,24,435,159,349,258,435
MILWAUKEECITY OF FRANKLIN WARD 5,83,0,0,87,0,0,1,167,0,0,0,48,0,4,0,66,0,5,223,0,0,0,0,0,0,0,1,3,0,0,0,17,342,170,286,223,342
MILWAUKEECITY OF FRANKLIN WARD 6,136,0,0,96,1,1,0,219,0,0,0,80,1,9,0,141,0,3,390,6,0,0,0,0,0,0,0,3,0,0,0,17,506,232,452,390,506
MILWAUKEECITY OF FRANKLIN WARD 7,209,0,0,156,0,2,1,405,0,0,0,100,1,6,0,141,0,1,526,7,0,0,0,0,0,0,0,11,0,0,0,49,719,365,656,526,719
MILWAUKEECITY OF FRANKLIN WARD 8,110,0,0,110,1,0,0,141,0,0,0,43,1,2,0,79,0,1,415,9,0,1,0,0,0,0,0,0,2,0,0,18,339,220,267,415,339
MILWAUKEECITY OF FRANKLIN WARD 9,119,0,0,109,0,1,0,203,0,0,1,56,1,0,0,93,0,3,420,4,0,0,0,0,0,0,0,3,0,0,0,27,380,228,355,420,380
"MILWAUKEECITY OF GLENDALE WARDS 1,7",314,0,0,321,1,3,0,189,0,0,1,75,0,2,0,78,0,1,815,19,0,0,0,0,0,0,0,4,1,0,0,45,341,635,349,815,341
"MILWAUKEECITY OF GLENDALE WARDS 2,8S",444,0,0,276,2,1,1,203,0,0,1,97,0,10,0,79,0,2,611,11,0,0,0,0,0,0,0,1,0,0,0,26,215,720,394,611,215
"MILWAUKEECITY OF GLENDALE WARDS 3,9",302,0,1,293,0,2,0,263,1,0,0,113,1,6,0,109,0,1,852,13,0,0,0,0,0,0,0,9,0,0,0,50,429,596,495,852,429
"MILWAUKEECITY OF GLENDALE WARDS 4,10",443,0,1,286,1,1,1,275,0,0,1,124,2,5,2,111,0,2,967,4,0,1,0,0,0,0,1,9,1,0,0,27,459,730,523,967,459
"MILWAUKEECITY OF GLENDALE WARDS 5,11",392,0,0,337,2,1,1,264,0,0,0,105,3,9,0,85,0,6,790,9,0,0,0,0,0,0,0,6,1,0,0,35,344,729,470,790,344
"MILWAUKEECITY OF GLENDALE WARDS 6,12",284,0,0,283,1,1,0,156,0,0,0,47,0,1,0,70,0,1,760,16,0,0,0,0,0,0,0,7,1,0,0,27,312,567,276,760,312
MILWAUKEECITY OF GREENFIELD WARD 1,167,0,1,198,0,1,0,191,0,0,0,47,1,0,0,122,0,2,502,11,0,2,0,0,1,0,3,7,0,0,0,43,438,366,362,502,438
MILWAUKEECITY OF GREENFIELD WARD 10,126,0,0,153,0,0,0,232,0,0,0,62,1,1,0,103,1,3,413,8,0,1,0,0,0,0,0,9,0,0,0,48,477,279,400,413,477
MILWAUKEECITY OF GREENFIELD WARD 11,151,0,0,145,2,0,0,350,0,0,0,110,0,2,0,150,0,3,460,4,0,1,0,0,0,0,0,7,1,0,0,37,649,296,614,460,649
MILWAUKEECITY OF GREENFIELD WARD 12,142,0,3,139,1,2,0,261,1,0,0,88,1,4,0,140,0,3,431,5,0,0,0,0,0,0,0,7,1,0,0,39,604,284,498,431,604
MILWAUKEECITY OF GREENFIELD WARD 13,118,0,0,104,0,1,1,139,0,0,1,18,0,1,0,64,0,5,311,1,0,0,0,0,0,0,0,4,3,0,0,14,276,222,225,311,276
MILWAUKEECITY OF GREENFIELD WARD 14,127,0,0,163,0,1,0,173,0,0,0,36,2,1,0,94,0,3,392,4,0,0,0,0,0,0,0,3,0,0,0,36,403,290,307,392,403
MILWAUKEECITY OF GREENFIELD WARD 15,105,0,0,143,2,0,0,186,0,0,0,35,1,1,0,101,0,5,335,10,0,0,0,0,0,0,0,1,0,0,0,39,424,248,326,335,424
MILWAUKEECITY OF GREENFIELD WARD 16,44,0,0,73,0,0,0,95,0,0,0,8,0,3,0,42,0,0,169,3,0,0,0,0,0,0,0,0,0,0,0,17,197,117,148,169,197
MILWAUKEECITY OF GREENFIELD WARD 17,131,0,1,121,1,0,1,150,0,0,1,21,0,3,0,84,0,5,380,7,0,1,0,0,0,0,0,4,2,0,0,24,342,253,261,380,342
MILWAUKEECITY OF GREENFIELD WARD 18,126,0,1,140,2,0,0,177,0,0,0,33,1,4,0,111,0,1,399,9,0,1,0,0,0,0,0,4,1,0,0,28,399,267,328,399,399
MILWAUKEECITY OF GREENFIELD WARD 19,266,0,1,172,1,0,0,255,0,0,0,81,2,9,0,135,0,2,624,6,0,0,0,0,0,0,0,6,1,0,0,48,533,439,483,624,533
MILWAUKEECITY OF GREENFIELD WARD 2,119,0,0,125,2,1,2,180,0,0,0,35,2,3,0,103,0,4,363,2,0,0,0,0,0,0,0,3,0,0,0,31,390,244,328,363,390
MILWAUKEECITY OF GREENFIELD WARD 20,194,0,2,194,2,0,0,338,1,1,0,73,1,8,0,149,1,1,563,10,0,1,0,0,0,0,1,12,0,0,0,46,654,390,574,563,654
MILWAUKEECITY OF GREENFIELD WARD 21,140,0,0,134,2,0,0,155,0,0,0,36,1,7,0,86,0,1,388,8,0,1,0,0,0,0,0,1,1,0,0,26,344,274,287,388,344
MILWAUKEECITY OF GREENFIELD WARD 3,133,0,1,174,0,1,0,149,0,0,0,35,0,3,0,75,1,6,409,5,0,1,0,0,0,0,1,2,3,0,0,28,328,308,264,409,328
MILWAUKEECITY OF GREENFIELD WARD 4,130,0,0,141,1,1,0,127,1,1,0,30,0,3,0,72,0,1,439,1,0,0,0,0,0,0,0,1,0,0,0,28,308,271,236,439,308
MILWAUKEECITY OF GREENFIELD WARD 5,167,1,0,166,1,0,1,198,0,0,0,46,0,4,0,120,0,2,476,8,0,0,0,0,0,0,0,0,0,0,0,21,461,334,370,476,461
MILWAUKEECITY OF GREENFIELD WARD 6,115,0,0,135,2,1,0,237,0,0,0,48,0,5,0,114,0,5,327,3,0,0,0,0,0,0,0,5,0,0,0,37,514,250,407,327,514
MILWAUKEECITY OF GREENFIELD WARD 7,155,0,2,154,2,2,1,248,0,1,1,81,0,10,0,138,0,6,424,13,0,0,0,0,0,0,0,5,0,0,0,37,573,311,484,424,573
MILWAUKEECITY OF GREENFIELD WARD 8,216,0,1,159,1,3,1,207,0,0,0,52,2,6,0,114,0,7,525,15,0,0,0,0,0,0,0,7,0,0,0,36,457,376,386,525,457
MILWAUKEECITY OF GREENFIELD WARD 9,161,0,1,125,3,3,0,227,0,0,0,54,1,9,1,103,0,9,435,10,0,0,0,0,0,0,0,5,4,0,0,41,512,287,401,435,512
MILWAUKEECITY OF MILWAUKEE WARD 1,322,0,0,188,2,5,1,111,0,1,0,28,0,4,0,49,0,7,932,6,0,1,0,0,0,0,0,0,1,0,0,12,222,510,201,932,222
MILWAUKEECITY OF MILWAUKEE WARD 10,331,0,2,183,1,1,1,153,0,0,0,25,0,3,1,69,0,4,844,7,0,2,0,0,0,0,0,1,0,0,0,30,266,516,254,844,266
MILWAUKEECITY OF MILWAUKEE WARD 100,330,0,1,137,1,2,0,10,1,0,0,3,0,0,0,4,0,2,671,2,0,0,0,0,0,0,0,0,0,0,0,5,25,468,21,671,25
MILWAUKEECITY OF MILWAUKEE WARD 101,468,0,0,175,0,1,1,14,0,0,0,0,0,0,0,6,0,0,944,11,0,1,0,0,0,0,0,0,0,0,0,7,24,643,22,944,24
MILWAUKEECITY OF MILWAUKEE WARD 102,495,0,0,183,0,0,0,21,0,0,0,5,0,1,0,6,0,1,1025,6,0,0,0,0,0,0,0,3,0,0,0,4,36,678,33,1025,36
MILWAUKEECITY OF MILWAUKEE WARD 103,517,0,0,240,0,2,0,39,0,0,0,5,0,0,1,7,0,2,1209,8,0,0,0,0,0,0,0,4,2,0,0,4,64,757,54,1209,64
MILWAUKEECITY OF MILWAUKEE WARD 104,493,0,1,153,0,0,1,10,1,1,0,2,0,3,0,4,0,1,1138,8,0,0,0,0,0,0,0,2,2,0,0,2,26,647,22,1138,26
MILWAUKEECITY OF MILWAUKEE WARD 105,208,0,0,76,0,0,0,2,0,0,0,1,0,1,0,0,0,0,469,1,0,0,0,0,0,0,0,0,0,0,0,3,3,284,4,469,3
MILWAUKEECITY OF MILWAUKEE WARD 106,203,0,0,44,0,0,0,1,0,0,0,0,0,2,0,3,0,0,429,0,0,0,0,0,0,0,0,0,0,0,0,0,10,247,6,429,10
MILWAUKEECITY OF MILWAUKEE WARD 107,288,0,1,94,0,0,0,5,0,0,0,1,0,0,0,1,0,0,691,4,0,0,0,0,0,0,0,2,0,0,1,4,7,383,7,691,7
MILWAUKEECITY OF MILWAUKEE WARD 108,362,0,1,85,1,1,0,4,0,0,0,0,1,0,0,7,0,2,649,2,0,0,0,0,0,0,0,0,0,0,0,2,13,448,14,649,13
MILWAUKEECITY OF MILWAUKEE WARD 109,317,0,0,104,1,2,0,4,0,0,0,0,0,0,0,6,0,1,728,1,0,0,0,0,0,0,0,0,2,0,0,0,8,421,13,728,8
MILWAUKEECITY OF MILWAUKEE WARD 11,347,0,1,172,0,1,0,79,1,0,0,15,1,5,0,51,0,2,829,8,0,2,0,0,0,0,0,3,0,0,0,10,153,520,153,829,153
MILWAUKEECITY OF MILWAUKEE WARD 110,180,0,2,47,0,0,0,6,0,0,0,0,0,0,0,0,0,0,417,2,0,2,0,0,0,0,0,0,0,0,0,1,3,229,6,417,3
MILWAUKEECITY OF MILWAUKEE WARD 111,211,0,1,76,0,0,0,2,1,0,1,0,0,0,0,1,0,0,525,6,0,0,0,0,0,0,0,0,0,0,0,5,6,288,5,525,6
MILWAUKEECITY OF MILWAUKEE WARD 112,286,0,0,88,0,0,0,2,0,0,0,1,0,0,0,1,0,0,641,4,0,0,0,0,0,0,0,0,1,0,0,2,13,374,4,641,13
MILWAUKEECITY OF MILWAUKEE WARD 113,269,0,0,80,0,1,0,3,0,0,0,2,0,0,0,2,0,1,556,0,0,0,0,0,0,0,0,0,1,0,0,0,10,349,8,556,10
MILWAUKEECITY OF MILWAUKEE WARD 114,248,0,0,82,0,0,0,0,0,0,0,0,0,0,0,4,0,0,500,0,0,0,0,0,0,0,0,0,1,0,0,4,7,330,4,500,7
MILWAUKEECITY OF MILWAUKEE WARD 115,403,0,0,143,0,1,0,5,0,0,0,1,0,0,0,7,0,0,863,3,0,0,0,0,0,0,0,0,0,0,0,2,13,546,14,863,13
MILWAUKEECITY OF MILWAUKEE WARD 116,181,0,0,64,0,0,0,1,0,0,0,0,0,0,0,1,0,0,438,2,0,0,0,0,0,0,0,0,1,0,0,1,10,245,2,438,10
MILWAUKEECITY OF MILWAUKEE WARD 117,238,0,1,69,0,0,0,2,0,0,0,0,0,0,0,1,0,0,581,3,0,0,0,0,0,0,0,0,0,0,0,3,5,308,3,581,5
MILWAUKEECITY OF MILWAUKEE WARD 118,268,0,0,110,0,1,1,7,0,0,0,0,0,0,0,3,0,1,610,2,0,0,0,0,0,0,0,0,1,0,0,3,16,378,12,610,16
MILWAUKEECITY OF MILWAUKEE WARD 119,284,0,0,100,0,1,0,4,0,0,0,4,0,0,0,4,0,0,609,4,0,0,0,0,0,0,0,0,1,0,0,2,14,384,13,609,14
MILWAUKEECITY OF MILWAUKEE WARD 12,282,0,3,148,1,2,1,59,0,0,1,8,0,2,0,28,0,3,755,9,0,0,0,0,0,0,0,0,0,0,0,9,104,433,102,755,104
MILWAUKEECITY OF MILWAUKEE WARD 120,254,0,0,87,0,0,1,1,0,0,0,1,0,0,0,2,0,1,567,3,0,0,0,0,0,0,0,0,0,0,0,5,11,341,5,567,11
MILWAUKEECITY OF MILWAUKEE WARD 121,265,0,0,116,0,1,0,3,0,0,0,0,0,0,0,1,0,0,671,4,0,0,0,0,0,0,0,0,2,0,0,1,10,381,5,671,10
MILWAUKEECITY OF MILWAUKEE WARD 122,277,0,1,119,0,2,0,7,0,0,0,5,0,0,0,4,0,1,717,10,0,0,0,0,0,0,0,0,1,0,0,8,29,397,18,717,29
MILWAUKEECITY OF MILWAUKEE WARD 123,216,0,0,373,0,1,0,26,0,0,0,6,0,1,0,9,0,0,804,28,0,0,0,0,0,0,0,0,2,0,0,14,54,589,43,804,54
MILWAUKEECITY OF MILWAUKEE WARD 124,129,0,0,183,0,0,0,22,1,1,0,11,0,0,0,16,0,1,471,9,0,0,0,0,0,0,0,3,0,0,0,21,56,312,51,471,56
MILWAUKEECITY OF MILWAUKEE WARD 125,218,0,0,645,0,1,0,62,0,0,0,19,1,1,0,31,0,4,923,34,0,1,0,0,0,0,0,4,2,0,0,28,129,863,115,923,129
MILWAUKEECITY OF MILWAUKEE WARD 126,264,0,1,340,1,0,0,48,0,0,0,19,0,2,0,19,0,0,732,13,0,1,0,0,0,0,1,2,0,0,0,24,55,605,89,732,55
MILWAUKEECITY OF MILWAUKEE WARD 127,196,0,1,546,1,1,0,88,0,0,0,57,2,1,0,40,0,3,904,38,0,2,0,0,0,0,0,4,0,0,0,63,245,743,190,904,245
MILWAUKEECITY OF MILWAUKEE WARD 128,146,0,1,694,0,1,0,71,0,0,0,33,4,2,0,75,0,2,1052,41,0,0,0,0,0,0,0,2,2,0,0,88,337,841,186,1052,337
MILWAUKEECITY OF MILWAUKEE WARD 129,192,0,1,329,0,0,0,69,0,0,1,38,1,1,0,45,0,1,706,13,0,0,0,0,0,0,1,4,1,0,0,46,180,522,155,706,180
MILWAUKEECITY OF MILWAUKEE WARD 13,156,0,0,101,1,4,0,34,0,0,0,5,0,0,0,33,0,1,409,4,0,0,0,0,0,0,0,0,1,0,0,8,88,257,77,409,88
MILWAUKEECITY OF MILWAUKEE WARD 130,81,0,0,609,0,1,0,75,0,0,0,44,1,5,0,52,0,7,863,29,0,5,0,0,0,0,0,2,0,0,0,64,325,690,178,863,325
MILWAUKEECITY OF MILWAUKEE WARD 131,279,0,1,309,2,1,0,128,0,0,0,99,1,1,0,69,0,3,743,11,0,1,0,0,0,0,0,5,0,0,0,45,252,589,301,743,252
MILWAUKEECITY OF MILWAUKEE WARD 132,471,0,3,387,4,0,1,160,2,0,0,133,2,6,0,92,0,3,1133,13,0,0,0,0,0,0,0,6,0,0,0,35,355,861,400,1133,355
MILWAUKEECITY OF MILWAUKEE WARD 133,121,0,0,429,1,2,0,60,0,0,0,35,1,2,0,24,0,0,680,25,0,2,0,0,0,0,0,1,2,0,0,43,132,550,125,680,132
MILWAUKEECITY OF MILWAUKEE WARD 134,110,0,1,412,0,0,0,74,0,0,0,23,1,0,0,32,0,3,680,18,0,0,1,0,0,0,0,2,1,0,0,64,148,523,130,680,148
MILWAUKEECITY OF MILWAUKEE WARD 135,147,0,0,465,0,1,0,71,0,0,0,36,2,2,0,42,0,2,775,28,0,1,0,0,0,0,2,5,1,0,0,55,159,612,154,775,159
MILWAUKEECITY OF MILWAUKEE WARD 136,111,0,0,556,0,0,0,62,0,0,0,27,1,3,0,34,0,3,768,26,0,0,0,0,0,0,0,0,2,0,0,58,154,667,127,768,154
MILWAUKEECITY OF MILWAUKEE WARD 137,66,0,0,395,0,1,0,32,0,0,0,17,1,2,0,20,0,2,565,12,0,0,0,0,0,0,0,3,1,0,1,23,85,461,73,565,85
MILWAUKEECITY OF MILWAUKEE WARD 138,265,0,0,1296,2,0,1,57,1,0,0,18,3,2,0,38,0,4,1582,76,0,0,0,0,0,0,0,2,8,0,0,47,126,1561,122,1582,126
MILWAUKEECITY OF MILWAUKEE WARD 139,276,0,1,640,1,1,0,38,0,0,0,6,0,2,0,25,0,4,1134,45,0,1,0,0,0,0,0,1,3,0,1,29,77,917,73,1134,77
MILWAUKEECITY OF MILWAUKEE WARD 14,389,0,2,171,0,0,1,18,0,0,0,4,0,0,0,17,0,3,912,3,0,0,0,0,0,0,0,0,1,0,0,10,56,562,40,912,56
MILWAUKEECITY OF MILWAUKEE WARD 140,179,0,0,98,0,0,0,3,0,0,0,1,0,2,0,10,0,0,436,1,0,1,0,0,0,0,0,0,0,0,0,3,23,277,16,436,23
MILWAUKEECITY OF MILWAUKEE WARD 141,223,0,0,134,0,1,0,7,0,0,1,3,0,0,0,0,0,4,529,12,0,0,0,0,0,0,0,0,0,0,0,5,20,357,12,529,20
MILWAUKEECITY OF MILWAUKEE WARD 142,270,0,0,102,0,3,1,5,0,0,0,1,1,0,0,1,0,1,538,3,0,0,0,0,0,0,0,2,0,0,0,5,12,372,12,538,12
MILWAUKEECITY OF MILWAUKEE WARD 143,218,0,0,90,0,1,0,1,0,0,0,0,0,0,0,1,0,0,531,1,0,0,0,0,0,0,0,0,1,0,0,2,8,308,3,531,8
MILWAUKEECITY OF MILWAUKEE WARD 144,185,0,0,65,0,0,0,4,0,0,0,0,0,0,0,4,0,0,405,1,0,0,0,0,0,0,0,0,0,0,0,1,9,250,8,405,9
MILWAUKEECITY OF MILWAUKEE WARD 145,112,0,0,42,0,0,0,0,0,0,0,1,0,0,0,1,0,0,244,2,0,0,0,0,0,0,0,0,1,0,0,0,2,154,2,244,2
MILWAUKEECITY OF MILWAUKEE WARD 146,106,0,1,31,0,1,0,1,0,0,0,0,0,0,0,0,0,0,242,1,0,0,0,0,0,0,0,0,0,0,0,0,1,138,2,242,1
MILWAUKEECITY OF MILWAUKEE WARD 147,327,0,2,122,1,1,0,3,0,0,0,0,1,1,1,4,0,0,857,4,0,0,0,0,0,0,0,0,0,0,0,3,14,451,12,857,14
MILWAUKEECITY OF MILWAUKEE WARD 148,260,0,1,120,0,0,0,3,0,0,0,0,0,0,0,4,0,3,635,3,0,1,0,0,0,0,0,0,1,0,0,2,15,381,7,635,15
MILWAUKEECITY OF MILWAUKEE WARD 149,282,0,2,127,0,3,0,2,0,0,0,1,0,0,0,4,0,1,734,7,0,1,0,0,0,0,0,0,0,0,0,1,10,411,10,734,10
MILWAUKEECITY OF MILWAUKEE WARD 15,210,0,0,128,1,1,1,115,0,0,0,44,0,2,0,50,0,3,509,8,0,0,0,0,0,0,0,1,0,0,0,19,221,338,214,509,221
MILWAUKEECITY OF MILWAUKEE WARD 150,207,0,0,112,0,0,0,9,0,0,0,1,0,2,0,2,0,2,569,7,0,0,0,0,0,0,0,0,1,0,0,3,20,319,14,569,20
MILWAUKEECITY OF MILWAUKEE WARD 151,201,0,0,69,0,0,0,3,0,0,0,0,0,0,0,1,0,1,430,0,0,0,0,0,0,0,0,0,0,0,0,4,6,270,4,430,6
MILWAUKEECITY OF MILWAUKEE WARD 152,132,0,0,58,0,0,0,1,0,0,0,0,0,0,0,1,0,2,367,1,0,0,0,0,0,0,0,0,1,0,0,3,12,190,2,367,12
MILWAUKEECITY OF MILWAUKEE WARD 153,268,0,0,132,0,0,0,17,0,0,0,5,0,2,0,11,0,0,602,14,0,0,0,0,0,0,0,0,1,0,0,5,33,400,35,602,33
MILWAUKEECITY OF MILWAUKEE WARD 154,212,0,0,79,0,1,0,9,0,0,0,2,0,0,0,3,0,0,567,1,0,0,0,0,0,0,0,0,1,0,0,1,17,291,15,567,17
MILWAUKEECITY OF MILWAUKEE WARD 155,139,0,0,69,0,0,1,4,0,0,0,0,1,0,0,6,0,0,460,4,0,0,0,0,0,0,0,0,2,0,0,2,11,208,12,460,11
MILWAUKEECITY OF MILWAUKEE WARD 156,250,0,0,132,0,1,0,18,0,0,0,1,0,1,0,2,0,0,659,5,0,0,0,0,0,0,0,1,2,0,0,10,17,382,23,659,17
MILWAUKEECITY OF MILWAUKEE WARD 157,157,0,1,139,0,1,0,18,0,0,0,3,0,1,0,9,0,2,473,8,0,0,0,0,0,0,0,0,0,0,0,7,35,297,32,473,35
MILWAUKEECITY OF MILWAUKEE WARD 158,174,0,2,114,0,1,0,7,0,0,0,7,0,1,0,7,0,1,436,5,0,0,0,0,0,0,0,1,0,0,0,8,18,290,23,436,18
MILWAUKEECITY OF MILWAUKEE WARD 159,156,0,0,109,0,1,0,14,0,0,0,6,0,0,0,4,0,0,441,3,0,0,0,0,0,0,0,0,1,0,0,9,23,265,25,441,23
MILWAUKEECITY OF MILWAUKEE WARD 16,503,0,1,244,0,0,0,83,0,0,0,20,1,1,0,31,0,4,1183,8,0,0,0,0,0,0,0,0,0,0,0,17,140,748,136,1183,140
MILWAUKEECITY OF MILWAUKEE WARD 160,231,0,0,91,0,1,0,2,0,0,0,1,1,0,0,5,0,0,601,3,0,0,0,0,0,0,0,1,2,0,0,0,9,322,10,601,9
MILWAUKEECITY OF MILWAUKEE WARD 161,63,0,0,44,0,0,0,2,0,0,0,1,0,0,0,3,0,0,204,0,0,0,0,0,0,0,0,0,0,0,0,4,6,107,6,204,6
MILWAUKEECITY OF MILWAUKEE WARD 162,114,0,1,76,0,0,0,0,0,0,0,1,0,0,0,1,0,0,355,2,0,0,0,0,0,0,0,0,0,0,0,3,8,191,2,355,8
MILWAUKEECITY OF MILWAUKEE WARD 163,212,0,0,151,0,0,0,10,0,0,0,3,0,1,0,5,0,0,617,7,0,0,0,0,0,0,0,1,0,0,0,6,24,363,19,617,24
MILWAUKEECITY OF MILWAUKEE WARD 164,265,0,2,192,0,0,0,52,0,0,0,10,0,1,0,21,0,1,702,4,0,0,0,0,0,0,0,0,1,0,0,10,94,459,84,702,94
MILWAUKEECITY OF MILWAUKEE WARD 165,173,0,0,165,0,1,0,63,0,0,0,14,0,0,0,23,0,2,563,7,0,0,0,0,0,0,0,3,0,0,0,14,111,338,101,563,111
MILWAUKEECITY OF MILWAUKEE WARD 166,72,0,0,100,0,0,0,22,0,0,0,9,0,0,0,8,0,3,263,6,0,0,0,0,0,0,0,2,0,0,0,5,43,172,39,263,43
MILWAUKEECITY OF MILWAUKEE WARD 167,199,0,0,277,0,4,0,91,0,1,0,33,2,1,0,31,0,4,598,12,0,1,0,0,0,0,0,3,0,0,0,29,141,476,163,598,141
MILWAUKEECITY OF MILWAUKEE WARD 168,345,0,1,503,2,2,1,172,0,0,0,52,1,4,1,50,0,4,1062,18,0,0,0,0,0,0,0,9,1,0,0,53,261,849,285,1062,261
MILWAUKEECITY OF MILWAUKEE WARD 169,148,0,0,92,0,0,0,2,0,0,0,1,0,0,2,8,0,0,443,6,0,2,0,0,0,0,0,0,0,0,0,2,24,240,13,443,24
MILWAUKEECITY OF MILWAUKEE WARD 17,203,0,0,110,1,1,2,51,0,0,1,10,0,0,0,29,0,1,447,4,0,0,0,0,0,0,0,0,1,0,0,9,122,313,95,447,122
MILWAUKEECITY OF MILWAUKEE WARD 170,107,0,1,68,0,0,0,1,0,0,0,1,0,0,0,5,0,0,374,0,0,0,0,0,0,0,0,0,2,0,0,4,11,176,7,374,11
MILWAUKEECITY OF MILWAUKEE WARD 171,36,0,0,43,0,0,0,1,0,0,0,0,0,0,0,0,0,1,141,1,0,1,0,0,0,0,0,0,0,0,0,2,6,79,1,141,6
MILWAUKEECITY OF MILWAUKEE WARD 172,186,0,0,77,0,1,1,5,0,0,1,0,0,1,0,5,0,1,445,1,0,1,0,0,0,0,0,0,0,0,0,2,21,263,14,445,21
MILWAUKEECITY OF MILWAUKEE WARD 173,228,0,0,118,0,1,0,6,0,0,1,1,0,0,0,8,0,0,588,1,0,1,0,0,0,0,0,0,0,0,0,0,18,346,17,588,18
MILWAUKEECITY OF MILWAUKEE WARD 174,364,0,3,134,0,0,0,13,0,0,1,3,0,1,0,8,0,1,781,4,0,0,0,0,0,0,0,0,1,0,0,3,26,501,26,781,26
MILWAUKEECITY OF MILWAUKEE WARD 175,227,0,1,133,1,1,1,8,0,0,0,4,0,0,0,11,0,2,509,4,0,0,0,0,0,0,0,0,0,0,0,10,41,361,26,509,41
MILWAUKEECITY OF MILWAUKEE WARD 176,308,0,0,139,0,2,1,8,0,0,0,2,0,1,0,7,0,0,710,0,0,0,0,0,0,0,0,0,1,0,0,5,20,447,21,710,20
MILWAUKEECITY OF MILWAUKEE WARD 177,344,0,0,551,0,2,0,123,0,0,1,96,1,4,1,71,0,4,1330,26,0,2,0,0,0,0,0,1,1,0,0,97,324,895,299,1330,324
MILWAUKEECITY OF MILWAUKEE WARD 178,272,0,0,468,0,1,1,110,0,0,0,50,4,4,0,37,0,2,919,19,0,1,0,0,0,0,0,4,3,0,0,93,244,740,207,919,244
MILWAUKEECITY OF MILWAUKEE WARD 179,314,0,0,592,0,3,0,113,0,0,1,63,0,1,0,56,0,4,1183,32,0,1,0,0,0,0,0,0,1,0,0,93,240,906,237,1183,240
MILWAUKEECITY OF MILWAUKEE WARD 18,265,0,0,177,1,2,1,85,0,0,0,16,0,2,0,27,0,2,736,12,0,0,0,0,0,0,0,4,1,0,0,12,133,442,134,736,133
MILWAUKEECITY OF MILWAUKEE WARD 180,219,0,2,317,0,0,2,85,0,0,1,73,3,4,0,39,0,2,846,10,0,1,0,0,0,0,0,7,1,0,0,54,192,538,207,846,192
MILWAUKEECITY OF MILWAUKEE WARD 181,421,0,0,333,7,2,1,156,1,1,0,112,2,4,0,75,0,1,1069,14,0,0,0,0,0,0,0,7,1,0,0,62,320,754,361,1069,320
MILWAUKEECITY OF MILWAUKEE WARD 182,225,0,3,537,1,0,0,113,0,0,1,72,2,6,0,54,0,1,1046,31,0,2,0,0,0,0,0,4,0,0,1,86,276,765,249,1046,276
MILWAUKEECITY OF MILWAUKEE WARD 183,295,0,1,555,1,2,1,171,0,0,0,124,0,1,1,79,0,5,1343,36,0,3,0,2,0,0,0,3,1,0,0,106,419,851,380,1343,419
MILWAUKEECITY OF MILWAUKEE WARD 184,313,0,1,390,2,2,1,126,0,0,0,105,3,2,0,90,0,7,953,22,0,2,0,0,0,0,0,2,1,0,0,84,361,704,331,953,361
MILWAUKEECITY OF MILWAUKEE WARD 185,315,0,0,502,1,0,1,169,0,0,0,141,4,3,0,91,0,8,1328,23,0,0,0,0,0,0,0,11,1,0,1,108,462,817,410,1328,462
MILWAUKEECITY OF MILWAUKEE WARD 186,313,0,1,341,0,0,0,247,0,0,0,181,1,4,1,93,0,4,1267,15,0,2,0,0,0,0,0,4,0,0,0,120,554,655,527,1267,554
MILWAUKEECITY OF MILWAUKEE WARD 187,71,0,0,129,0,1,0,34,0,0,0,21,1,1,0,17,0,2,374,8,0,0,0,0,0,0,0,1,1,0,0,31,115,200,75,374,115
MILWAUKEECITY OF MILWAUKEE WARD 188,65,0,0,89,0,0,0,29,0,0,0,41,0,0,0,18,0,0,300,6,0,0,0,0,0,0,0,1,0,0,0,28,120,154,88,300,120
MILWAUKEECITY OF MILWAUKEE WARD 189,210,0,0,92,1,0,0,15,0,1,0,16,0,0,0,15,0,1,484,5,0,0,0,0,0,0,0,0,0,0,0,20,95,302,48,484,95
MILWAUKEECITY OF MILWAUKEE WARD 19,232,0,0,124,0,0,1,36,0,0,0,6,0,2,0,24,0,3,594,3,0,0,0,0,0,0,0,0,0,0,0,5,90,356,69,594,90
MILWAUKEECITY OF MILWAUKEE WARD 190,107,0,1,280,1,0,0,85,0,0,0,73,2,3,0,32,0,8,866,13,0,3,0,0,0,0,3,0,2,0,0,96,355,388,196,866,355
MILWAUKEECITY OF MILWAUKEE WARD 191,59,0,0,196,1,0,0,56,0,0,0,62,0,3,1,16,0,4,633,10,0,0,0,0,0,0,2,0,0,0,0,49,299,255,139,633,299
MILWAUKEECITY OF MILWAUKEE WARD 192,90,0,0,171,1,0,0,46,0,0,1,70,0,1,0,17,0,5,665,5,0,0,0,1,0,0,2,6,0,0,0,48,253,261,136,665,253
MILWAUKEECITY OF MILWAUKEE WARD 193,145,0,1,136,0,0,2,20,0,0,0,0,0,0,0,8,0,2,564,13,0,0,0,0,0,0,0,0,2,0,1,4,30,282,30,564,30
MILWAUKEECITY OF MILWAUKEE WARD 194,129,0,0,164,0,0,0,20,0,0,0,8,0,1,0,5,0,1,464,8,0,0,0,0,0,0,0,0,0,0,0,20,51,293,34,464,51
MILWAUKEECITY OF MILWAUKEE WARD 195,125,0,1,101,0,0,0,9,0,0,0,4,0,0,0,18,0,0,419,9,0,0,0,0,0,0,0,0,1,0,0,4,35,227,31,419,35
MILWAUKEECITY OF MILWAUKEE WARD 196,192,0,0,182,2,0,0,30,2,0,0,6,0,0,0,15,0,1,718,13,0,1,0,0,0,0,0,2,2,0,0,18,61,374,55,718,61
MILWAUKEECITY OF MILWAUKEE WARD 197,133,0,0,58,0,1,0,9,0,0,0,2,0,1,0,8,0,0,290,3,0,0,0,0,0,0,0,0,0,0,0,4,24,191,21,290,24
MILWAUKEECITY OF MILWAUKEE WARD 198,219,0,3,142,0,1,1,27,0,0,0,9,0,0,0,17,0,3,704,5,0,0,0,0,0,0,0,0,0,0,0,6,65,364,55,704,65
MILWAUKEECITY OF MILWAUKEE WARD 199,241,0,0,119,1,1,1,4,0,0,1,8,0,5,0,7,0,0,534,6,0,0,0,0,0,0,0,2,1,0,0,7,24,360,28,534,24
MILWAUKEECITY OF MILWAUKEE WARD 2,122,0,0,55,0,0,0,3,1,0,0,1,0,1,0,6,0,2,361,4,0,0,0,0,0,0,0,0,2,0,0,3,30,177,12,361,30
MILWAUKEECITY OF MILWAUKEE WARD 20,329,0,1,163,0,1,0,46,0,0,0,5,1,2,0,30,0,2,797,6,0,0,0,0,0,0,0,0,0,0,0,9,87,493,85,797,87
MILWAUKEECITY OF MILWAUKEE WARD 200,119,0,0,104,0,0,0,11,0,0,0,3,0,2,0,9,0,0,329,6,0,0,0,0,0,0,0,0,0,0,0,8,26,223,25,329,26
MILWAUKEECITY OF MILWAUKEE WARD 201,138,0,0,70,0,0,0,10,0,0,1,5,0,0,0,6,0,2,330,4,0,0,0,1,0,0,0,0,0,0,0,2,29,208,22,330,29
MILWAUKEECITY OF MILWAUKEE WARD 202,185,0,0,222,0,1,0,65,0,0,0,16,3,1,0,20,0,1,570,15,0,0,0,0,0,0,0,0,1,0,0,23,114,407,106,570,114
MILWAUKEECITY OF MILWAUKEE WARD 203,208,1,1,343,0,2,0,95,0,0,0,40,0,1,0,65,0,0,678,18,0,0,0,0,0,0,0,2,1,0,0,35,213,553,203,678,213
MILWAUKEECITY OF MILWAUKEE WARD 204,153,0,1,299,0,0,0,79,0,0,0,36,0,2,0,47,0,5,557,18,0,0,0,0,0,0,0,3,0,0,0,33,184,453,164,557,184
MILWAUKEECITY OF MILWAUKEE WARD 205,147,0,1,265,1,2,0,112,0,0,0,43,2,1,0,56,0,2,503,13,0,0,0,0,0,0,0,4,3,0,0,25,194,413,217,503,194
MILWAUKEECITY OF MILWAUKEE WARD 206,161,0,0,169,1,0,0,85,0,0,0,40,0,1,0,59,0,1,400,5,0,1,0,0,0,0,0,3,0,0,0,28,159,330,186,400,159
MILWAUKEECITY OF MILWAUKEE WARD 207,119,0,2,201,1,1,0,149,1,0,0,14,2,5,0,61,0,4,377,17,0,0,0,0,0,0,0,0,0,0,0,43,264,322,234,377,264
MILWAUKEECITY OF MILWAUKEE WARD 208,134,0,0,209,1,1,0,133,0,0,1,36,0,1,0,82,0,2,440,15,0,0,0,0,0,0,0,0,0,0,0,38,285,343,255,440,285
MILWAUKEECITY OF MILWAUKEE WARD 209,114,0,1,169,2,3,0,186,0,0,0,41,0,3,0,46,0,4,354,13,0,0,0,0,0,0,0,6,0,0,0,48,287,284,281,354,287
MILWAUKEECITY OF MILWAUKEE WARD 21,311,0,0,163,0,0,1,24,0,1,0,9,0,0,0,5,0,2,762,5,0,0,0,0,0,0,0,0,1,0,0,5,45,474,40,762,45
MILWAUKEECITY OF MILWAUKEE WARD 210,103,0,0,131,1,3,1,194,0,0,0,35,0,4,0,64,0,3,337,9,0,0,0,0,0,0,0,4,0,0,0,50,361,234,302,337,361
MILWAUKEECITY OF MILWAUKEE WARD 211,97,0,0,165,0,0,1,137,0,0,0,32,0,1,1,66,0,3,348,11,0,1,0,0,0,0,0,5,0,0,0,36,271,262,238,348,271
MILWAUKEECITY OF MILWAUKEE WARD 212,134,0,1,193,0,2,2,134,0,0,0,24,1,1,0,72,0,3,415,9,0,0,0,0,0,0,2,0,0,0,0,47,330,328,236,415,330
MILWAUKEECITY OF MILWAUKEE WARD 213,151,0,4,205,3,3,0,133,0,0,0,31,0,2,0,87,0,2,502,12,0,1,0,0,0,0,0,0,0,0,0,39,306,360,259,502,306
MILWAUKEECITY OF MILWAUKEE WARD 214,87,0,0,92,1,0,0,35,0,0,0,13,1,2,0,18,0,1,297,6,0,0,0,0,0,0,0,0,2,0,0,10,87,179,70,297,87
MILWAUKEECITY OF MILWAUKEE WARD 215,70,0,0,92,0,0,0,16,0,0,0,5,0,0,0,11,0,1,271,3,0,1,0,0,0,0,0,0,3,0,0,7,48,162,32,271,48
MILWAUKEECITY OF MILWAUKEE WARD 216,64,0,0,86,0,0,0,24,0,0,1,3,0,0,0,18,0,1,232,6,0,0,0,0,0,0,0,0,0,0,0,4,57,150,46,232,57
MILWAUKEECITY OF MILWAUKEE WARD 217,119,0,1,162,2,3,1,43,0,0,0,10,0,3,2,38,0,2,486,10,0,0,0,0,0,0,0,0,0,0,0,12,116,282,102,486,116
MILWAUKEECITY OF MILWAUKEE WARD 218,154,0,0,202,0,2,1,59,0,1,0,18,0,5,0,45,0,0,561,14,0,1,0,0,0,0,0,1,0,0,0,14,127,356,131,561,127
MILWAUKEECITY OF MILWAUKEE WARD 219,102,0,0,142,0,0,0,27,0,0,0,3,0,2,1,27,0,0,399,5,0,1,0,0,0,0,0,0,0,0,0,5,91,244,60,399,91
MILWAUKEECITY OF MILWAUKEE WARD 22,229,0,1,133,0,1,1,23,0,0,0,13,0,2,0,23,0,3,700,4,0,1,0,0,0,0,0,0,0,0,0,11,74,363,63,700,74
MILWAUKEECITY OF MILWAUKEE WARD 220,126,0,0,155,0,0,0,50,2,0,0,7,0,2,0,23,0,4,420,9,0,3,0,0,0,0,0,0,0,0,0,17,88,281,84,420,88
MILWAUKEECITY OF MILWAUKEE WARD 221,258,0,1,221,1,1,0,81,0,0,0,27,1,1,0,55,0,6,717,10,0,2,0,0,0,0,0,2,0,0,0,23,154,480,167,717,154
MILWAUKEECITY OF MILWAUKEE WARD 222,125,0,0,119,2,0,0,36,0,0,0,6,0,0,0,28,0,1,502,4,0,0,0,0,0,0,0,1,0,0,0,6,79,244,72,502,79
MILWAUKEECITY OF MILWAUKEE WARD 223,129,0,0,164,0,2,0,52,0,0,0,7,1,3,0,26,0,3,505,8,0,1,0,0,0,0,0,1,0,0,0,12,108,293,91,505,108
MILWAUKEECITY OF MILWAUKEE WARD 224,96,0,0,125,1,0,0,20,0,0,0,4,0,0,0,16,0,1,415,7,0,0,0,0,0,0,0,0,0,0,0,6,80,221,41,415,80
MILWAUKEECITY OF MILWAUKEE WARD 225,100,0,0,91,0,2,0,31,0,0,0,6,0,0,0,14,0,0,403,4,0,0,0,0,0,0,0,0,0,0,0,5,74,191,53,403,74
MILWAUKEECITY OF MILWAUKEE WARD 226,55,0,0,63,0,0,0,12,0,0,0,1,0,0,0,9,0,1,226,2,0,0,0,0,0,0,0,0,0,0,0,4,33,118,22,226,33
MILWAUKEECITY OF MILWAUKEE WARD 227,226,0,0,136,0,0,0,29,0,1,0,4,1,1,0,17,0,2,665,11,0,0,0,0,0,0,0,0,1,0,0,13,79,362,53,665,79
MILWAUKEECITY OF MILWAUKEE WARD 228,78,0,1,92,1,0,0,15,0,0,0,1,0,2,0,12,0,0,358,2,0,0,0,0,0,0,0,0,1,0,0,6,30,171,31,358,30
MILWAUKEECITY OF MILWAUKEE WARD 229,67,0,0,78,1,0,0,19,0,0,0,1,0,0,0,12,0,2,321,2,0,0,0,0,0,0,0,0,0,0,0,5,39,145,33,321,39
MILWAUKEECITY OF MILWAUKEE WARD 23,101,0,0,46,1,0,0,19,0,0,0,3,0,1,0,3,0,1,287,0,0,0,0,0,0,0,0,0,1,0,0,5,37,147,27,287,37
MILWAUKEECITY OF MILWAUKEE WARD 230,168,0,0,129,2,1,0,20,0,1,1,6,0,1,0,20,0,1,567,5,0,2,0,0,0,0,0,0,1,0,0,8,64,297,52,567,64
MILWAUKEECITY OF MILWAUKEE WARD 231,66,0,0,54,0,0,0,15,0,0,0,1,0,1,0,9,0,1,295,1,0,0,0,0,0,0,0,0,0,0,0,4,45,120,26,295,45
MILWAUKEECITY OF MILWAUKEE WARD 232,42,0,0,51,0,0,0,12,0,0,0,0,0,2,0,5,0,0,201,3,0,1,0,0,0,0,0,1,1,0,0,2,20,93,19,201,20
MILWAUKEECITY OF MILWAUKEE WARD 233,45,0,0,34,0,0,0,3,0,0,0,0,0,1,0,6,0,0,195,1,0,0,0,0,0,0,0,0,0,0,0,4,21,79,10,195,21
MILWAUKEECITY OF MILWAUKEE WARD 234,66,0,0,95,0,1,0,16,0,0,0,5,0,1,0,7,0,0,318,5,0,0,0,0,0,0,0,1,0,0,0,13,62,161,30,318,62
MILWAUKEECITY OF MILWAUKEE WARD 235,227,0,2,397,0,1,1,88,0,0,0,89,2,1,0,48,0,0,942,24,0,1,0,0,0,0,0,3,1,0,1,66,288,626,230,942,288
MILWAUKEECITY OF MILWAUKEE WARD 236,134,0,0,79,0,1,0,21,2,0,0,2,0,4,0,13,0,1,383,5,0,0,0,0,0,0,0,0,1,0,0,14,55,213,43,383,55
MILWAUKEECITY OF MILWAUKEE WARD 237,147,0,2,145,0,0,0,14,0,0,0,4,0,0,0,15,0,0,504,9,0,3,0,0,0,0,0,0,0,0,0,2,48,294,33,504,48
MILWAUKEECITY OF MILWAUKEE WARD 238,97,0,0,119,1,0,0,25,0,0,0,6,0,3,0,16,0,0,429,6,0,0,0,0,0,0,0,0,1,0,0,7,64,216,51,429,64
MILWAUKEECITY OF MILWAUKEE WARD 239,92,0,1,87,0,1,0,33,0,0,0,6,1,0,0,17,0,0,354,3,0,0,0,0,0,0,0,0,1,0,0,5,61,180,58,354,61
MILWAUKEECITY OF MILWAUKEE WARD 24,112,0,2,55,0,0,0,3,0,0,0,0,1,0,0,1,0,0,390,7,0,0,0,0,0,0,0,1,0,0,0,2,16,169,5,390,16
MILWAUKEECITY OF MILWAUKEE WARD 240,117,0,0,130,0,1,1,20,0,0,1,7,1,1,0,15,0,0,433,9,0,0,0,0,0,0,0,0,1,0,0,7,53,247,47,433,53
MILWAUKEECITY OF MILWAUKEE WARD 241,138,0,1,411,0,1,0,83,0,0,0,34,1,1,0,42,0,1,646,28,0,0,0,0,0,0,0,2,0,0,0,49,168,550,162,646,168
MILWAUKEECITY OF MILWAUKEE WARD 242,129,0,1,406,1,1,0,68,0,0,1,38,2,0,0,43,0,8,606,22,0,0,0,0,0,0,0,5,0,0,0,24,147,536,154,606,147
MILWAUKEECITY OF MILWAUKEE WARD 243,250,0,0,342,1,0,1,127,0,0,0,73,0,1,0,87,0,2,716,21,0,0,0,0,0,0,0,5,0,0,0,35,242,592,290,716,242
MILWAUKEECITY OF MILWAUKEE WARD 244,181,0,0,313,2,0,0,88,0,0,0,30,0,2,0,56,0,1,593,18,0,0,0,0,0,0,0,1,0,0,0,22,162,494,178,593,162
MILWAUKEECITY OF MILWAUKEE WARD 245,151,0,0,260,0,1,0,81,0,0,0,32,0,3,0,27,0,1,515,14,0,0,0,0,0,0,0,1,0,0,0,30,146,411,144,515,146
MILWAUKEECITY OF MILWAUKEE WARD 246,261,0,1,525,0,0,0,104,0,0,0,53,1,3,2,66,0,1,914,17,0,1,0,0,0,0,0,0,1,0,0,47,218,787,229,914,218
MILWAUKEECITY OF MILWAUKEE WARD 247,107,0,1,259,0,1,1,75,0,0,0,18,0,0,0,40,0,2,423,7,0,0,0,0,0,0,1,0,0,0,0,24,141,367,135,423,141
MILWAUKEECITY OF MILWAUKEE WARD 248,204,0,0,584,2,0,1,102,0,0,0,32,2,1,0,60,0,3,934,34,0,1,0,0,0,0,1,0,1,0,0,55,187,788,200,934,187
MILWAUKEECITY OF MILWAUKEE WARD 249,70,0,0,102,0,1,0,21,0,0,0,3,0,2,0,23,0,1,301,8,0,0,0,0,0,0,0,0,0,0,0,15,74,172,50,301,74
MILWAUKEECITY OF MILWAUKEE WARD 25,224,0,0,135,1,0,1,21,0,0,2,1,0,1,0,25,0,3,656,6,0,0,0,0,0,0,0,0,0,0,0,1,75,359,52,656,75
MILWAUKEECITY OF MILWAUKEE WARD 250,62,0,0,75,0,1,0,19,0,0,0,2,0,0,0,12,0,1,270,12,0,1,0,0,0,0,0,0,0,0,0,10,52,137,34,270,52
MILWAUKEECITY OF MILWAUKEE WARD 251,40,0,0,53,0,1,0,13,1,0,0,1,0,1,0,8,0,2,170,3,0,0,0,0,0,0,0,0,0,0,0,2,36,93,25,170,36
MILWAUKEECITY OF MILWAUKEE WARD 252,73,0,0,123,0,1,1,36,0,0,0,2,0,1,1,19,0,2,350,11,0,0,0,0,0,0,0,0,0,0,0,11,90,196,61,350,90
MILWAUKEECITY OF MILWAUKEE WARD 253,55,0,0,46,1,0,0,16,0,0,0,2,0,0,0,16,0,0,174,1,0,0,0,0,0,0,0,0,0,0,0,4,53,101,35,174,53
MILWAUKEECITY OF MILWAUKEE WARD 254,37,0,0,47,0,1,0,11,0,0,0,2,0,0,0,7,0,0,166,1,0,0,0,0,0,0,0,0,0,0,0,1,32,84,21,166,32
MILWAUKEECITY OF MILWAUKEE WARD 255,76,0,0,54,0,0,0,14,0,0,0,1,0,0,0,16,0,0,227,1,0,0,0,0,0,0,0,0,0,0,0,2,46,130,31,227,46
MILWAUKEECITY OF MILWAUKEE WARD 256,71,0,0,48,0,0,0,14,0,0,0,0,0,0,0,8,0,1,266,4,0,1,0,0,0,0,0,0,0,0,0,5,35,119,22,266,35
MILWAUKEECITY OF MILWAUKEE WARD 257,138,0,0,145,0,1,0,30,0,0,1,2,0,5,0,27,0,4,558,7,0,1,0,0,0,0,0,0,0,0,0,9,96,283,66,558,96
MILWAUKEECITY OF MILWAUKEE WARD 258,143,0,0,197,0,1,1,65,1,0,0,9,0,1,0,44,0,1,530,7,0,1,0,0,0,0,0,1,0,0,0,22,152,340,122,530,152
MILWAUKEECITY OF MILWAUKEE WARD 259,83,0,0,134,0,0,1,42,0,0,0,9,0,2,0,35,0,1,349,12,0,1,0,0,0,0,1,0,0,0,0,16,92,217,89,349,92
MILWAUKEECITY OF MILWAUKEE WARD 26,249,0,1,90,1,0,0,26,0,0,0,6,1,1,1,15,0,2,601,2,0,0,0,0,0,0,0,0,0,0,0,6,55,340,51,601,55
MILWAUKEECITY OF MILWAUKEE WARD 260,81,0,1,82,0,0,2,62,0,0,0,9,0,1,0,20,0,4,241,5,0,1,0,0,0,0,0,0,0,0,0,15,96,164,94,241,96
MILWAUKEECITY OF MILWAUKEE WARD 261,88,0,0,128,0,1,0,96,0,0,0,18,0,0,0,41,0,1,280,8,0,1,0,0,0,0,0,2,0,0,0,13,186,216,156,280,186
MILWAUKEECITY OF MILWAUKEE WARD 262,198,0,1,235,1,1,0,199,0,0,0,36,1,4,0,90,0,0,561,16,0,0,0,0,0,0,0,7,1,0,0,34,398,434,332,561,398
MILWAUKEECITY OF MILWAUKEE WARD 263,103,0,0,115,0,2,2,81,0,0,0,28,1,1,0,46,0,2,334,8,0,1,0,0,0,0,0,0,0,0,0,17,174,218,161,334,174
MILWAUKEECITY OF MILWAUKEE WARD 264,209,0,2,267,1,1,1,230,0,0,0,38,3,4,0,118,0,5,634,7,0,0,0,0,0,0,0,2,0,0,0,42,438,478,396,634,438
MILWAUKEECITY OF MILWAUKEE WARD 265,122,0,0,128,0,0,1,116,1,0,2,22,1,4,0,69,0,0,325,10,0,0,0,0,0,0,0,0,1,0,0,21,234,250,216,325,234
MILWAUKEECITY OF MILWAUKEE WARD 266,105,0,0,111,0,1,0,171,0,0,1,29,1,3,0,91,0,4,278,8,0,0,0,0,0,0,0,2,0,0,0,30,337,216,297,278,337
MILWAUKEECITY OF MILWAUKEE WARD 267,115,0,0,113,0,1,1,114,0,0,0,19,0,1,0,74,0,1,318,3,0,0,0,0,0,0,0,0,1,0,0,23,245,228,210,318,245
MILWAUKEECITY OF MILWAUKEE WARD 268,225,0,1,244,2,3,1,270,0,0,0,43,1,6,0,137,0,2,658,14,0,1,0,0,0,0,0,0,1,0,0,56,563,470,463,658,563
MILWAUKEECITY OF MILWAUKEE WARD 269,184,0,1,117,0,1,0,190,1,0,0,29,2,2,0,97,0,6,416,10,0,2,0,0,0,0,1,2,1,0,0,33,344,302,322,416,344
MILWAUKEECITY OF MILWAUKEE WARD 27,222,0,1,108,0,0,0,31,0,0,0,3,0,1,0,19,0,2,577,3,0,1,0,0,0,0,0,1,1,0,0,4,64,331,54,577,64
MILWAUKEECITY OF MILWAUKEE WARD 270,144,0,1,136,0,1,1,172,0,0,0,37,2,2,1,94,0,5,365,8,0,0,0,0,0,0,0,2,1,0,0,26,360,281,310,365,360
MILWAUKEECITY OF MILWAUKEE WARD 271,264,0,0,226,1,6,0,238,2,0,0,78,3,3,0,169,0,3,679,15,0,1,0,1,0,0,0,5,0,0,0,53,599,490,500,679,599
MILWAUKEECITY OF MILWAUKEE WARD 272,164,0,0,181,2,4,0,247,0,0,0,60,2,6,0,109,0,1,455,5,0,0,0,0,0,0,0,1,0,0,0,43,487,345,430,455,487
MILWAUKEECITY OF MILWAUKEE WARD 273,103,0,0,89,1,0,0,132,0,0,0,32,1,1,0,80,0,0,265,5,0,0,0,0,0,0,0,2,0,0,0,28,277,192,247,265,277
MILWAUKEECITY OF MILWAUKEE WARD 274,90,0,0,89,1,0,0,130,0,0,0,27,0,0,0,65,0,2,255,2,0,0,0,0,0,0,0,1,2,0,0,19,275,179,223,255,275
MILWAUKEECITY OF MILWAUKEE WARD 275,209,0,0,262,0,2,0,238,1,0,0,38,1,5,0,149,0,6,638,16,0,1,0,0,0,0,0,5,1,0,0,41,510,471,434,638,510
MILWAUKEECITY OF MILWAUKEE WARD 276,217,0,1,243,3,2,1,287,0,0,1,69,0,2,0,172,0,9,583,11,0,0,0,0,0,0,0,5,2,0,0,41,591,461,537,583,591
MILWAUKEECITY OF MILWAUKEE WARD 277,228,0,0,232,0,1,1,227,0,0,0,50,0,5,0,120,0,2,621,3,0,2,0,0,0,0,0,5,1,0,0,43,521,460,404,621,521
MILWAUKEECITY OF MILWAUKEE WARD 278,117,0,0,141,0,1,0,152,0,0,0,25,0,1,0,92,0,1,356,7,0,0,0,0,0,0,0,1,0,0,0,33,328,258,271,356,328
MILWAUKEECITY OF MILWAUKEE WARD 279,175,0,3,180,1,4,0,210,0,0,0,41,1,3,0,109,0,2,477,9,0,2,0,0,0,0,0,3,1,0,0,39,447,358,369,477,447
MILWAUKEECITY OF MILWAUKEE WARD 28,56,0,0,24,0,0,0,8,0,0,0,1,0,0,0,5,0,1,191,0,0,0,0,0,0,0,0,0,0,0,0,5,24,80,14,191,24
MILWAUKEECITY OF MILWAUKEE WARD 280,317,0,1,365,1,1,0,283,0,0,0,53,0,2,0,120,0,5,1003,15,0,1,0,0,0,0,0,4,0,0,0,30,472,683,460,1003,472
MILWAUKEECITY OF MILWAUKEE WARD 281,143,0,1,187,1,0,0,125,0,0,0,39,1,2,0,58,0,2,456,14,0,1,0,0,0,0,0,1,1,0,0,19,239,331,226,456,239
MILWAUKEECITY OF MILWAUKEE WARD 282,77,0,0,52,0,2,0,22,0,0,0,2,0,0,0,22,0,1,269,6,0,0,0,0,0,0,0,0,0,0,0,8,75,129,48,269,75
MILWAUKEECITY OF MILWAUKEE WARD 283,141,0,0,131,1,0,0,98,0,0,0,19,1,1,0,64,0,4,427,8,0,0,0,0,0,0,0,0,0,0,0,23,210,272,184,427,210
MILWAUKEECITY OF MILWAUKEE WARD 284,181,0,1,159,0,0,0,71,0,0,0,13,0,5,0,34,0,1,518,7,0,1,0,0,0,0,0,2,0,0,0,13,158,341,123,518,158
MILWAUKEECITY OF MILWAUKEE WARD 285,39,0,1,38,0,0,0,16,0,0,0,2,0,0,0,14,0,0,117,4,0,0,0,0,0,0,0,0,0,0,0,5,42,78,32,117,42
MILWAUKEECITY OF MILWAUKEE WARD 286,105,0,0,87,1,2,0,48,0,1,0,15,1,3,0,32,0,2,310,4,0,0,0,0,0,0,0,0,0,0,0,15,133,192,103,310,133
MILWAUKEECITY OF MILWAUKEE WARD 287,88,0,1,119,0,0,1,72,0,0,0,13,0,1,0,34,0,2,286,5,0,0,0,0,0,0,0,0,0,0,0,21,141,208,121,286,141
MILWAUKEECITY OF MILWAUKEE WARD 288,209,0,0,270,0,2,1,156,0,0,0,37,1,1,0,79,0,3,642,12,0,0,0,0,0,0,0,0,0,0,0,37,361,479,277,642,361
MILWAUKEECITY OF MILWAUKEE WARD 289,95,0,0,169,0,2,0,89,0,0,0,19,0,0,0,45,0,0,405,5,0,0,0,0,0,0,0,0,0,0,0,21,178,264,155,405,178
MILWAUKEECITY OF MILWAUKEE WARD 29,117,0,0,67,0,1,0,11,0,0,0,2,0,0,0,11,0,1,323,3,0,0,0,0,0,0,0,0,0,0,0,2,34,184,25,323,34
MILWAUKEECITY OF MILWAUKEE WARD 290,86,0,0,139,0,0,0,44,0,0,1,7,0,2,0,33,0,0,369,10,0,0,0,0,0,0,0,0,0,0,0,16,115,225,87,369,115
MILWAUKEECITY OF MILWAUKEE WARD 291,88,0,1,127,0,1,0,75,0,0,0,15,0,2,0,31,0,3,376,7,0,2,0,0,0,0,0,1,0,0,0,17,130,216,124,376,130
MILWAUKEECITY OF MILWAUKEE WARD 292,109,0,0,174,1,0,0,88,0,0,0,11,0,0,0,48,0,2,375,13,0,0,0,0,0,0,0,0,0,0,0,28,179,283,148,375,179
MILWAUKEECITY OF MILWAUKEE WARD 293,147,0,0,198,2,0,0,139,0,0,1,40,1,0,0,63,0,2,437,15,0,0,0,0,0,0,0,1,0,0,0,24,258,345,246,437,258
MILWAUKEECITY OF MILWAUKEE WARD 294,105,0,0,193,1,1,1,107,0,0,0,34,0,3,0,43,0,3,341,9,0,0,0,0,0,0,0,2,0,0,0,21,205,298,190,341,205
MILWAUKEECITY OF MILWAUKEE WARD 295,135,0,0,232,0,2,0,73,2,0,1,28,0,2,0,69,0,3,444,15,6,0,0,0,0,0,0,6,1,0,0,26,195,367,177,444,195
MILWAUKEECITY OF MILWAUKEE WARD 296,167,0,1,316,1,2,0,157,0,0,0,41,3,1,0,78,0,1,551,21,0,1,0,0,0,0,0,4,1,0,0,33,284,484,283,551,284
MILWAUKEECITY OF MILWAUKEE WARD 297,194,0,0,313,0,1,0,100,0,0,0,30,1,1,0,48,0,2,590,16,0,0,0,0,0,0,0,3,1,0,0,24,187,507,181,590,187
MILWAUKEECITY OF MILWAUKEE WARD 298,115,0,0,303,0,2,0,79,1,0,0,36,0,2,0,33,0,0,475,16,0,0,0,0,0,0,0,0,3,0,0,31,161,418,153,475,161
MILWAUKEECITY OF MILWAUKEE WARD 299,176,0,1,285,2,0,0,119,0,0,0,35,2,1,0,66,0,5,529,14,0,1,0,1,0,0,0,4,0,0,0,44,236,462,225,529,236
MILWAUKEECITY OF MILWAUKEE WARD 3,329,0,1,129,6,1,2,97,0,0,4,49,0,4,0,33,0,3,762,4,0,0,0,0,0,0,0,0,2,0,0,12,177,459,196,762,177
MILWAUKEECITY OF MILWAUKEE WARD 30,228,0,1,133,0,1,1,36,0,0,1,9,0,0,0,18,0,3,620,6,0,0,0,0,0,0,0,4,3,0,0,7,81,362,66,620,81
MILWAUKEECITY OF MILWAUKEE WARD 300,304,0,0,448,1,1,1,125,0,0,0,45,2,1,0,77,0,1,842,15,0,0,0,0,0,0,0,2,0,0,0,39,250,752,253,842,250
MILWAUKEECITY OF MILWAUKEE WARD 301,200,0,2,307,2,2,0,204,0,0,1,45,2,3,0,84,0,2,627,11,0,0,0,0,0,0,0,5,0,0,0,43,360,509,343,627,360
MILWAUKEECITY OF MILWAUKEE WARD 302,113,0,0,177,0,2,0,118,0,0,0,27,1,3,0,81,0,3,353,5,0,0,0,0,0,0,0,0,0,0,0,31,306,290,232,353,306
MILWAUKEECITY OF MILWAUKEE WARD 303,179,0,0,304,0,3,1,226,0,0,1,53,1,5,1,117,0,3,613,17,0,0,0,0,0,0,0,0,2,0,0,44,425,483,408,613,425
MILWAUKEECITY OF MILWAUKEE WARD 304,165,0,0,197,1,1,0,153,1,0,0,34,0,6,0,87,0,3,475,6,0,0,0,0,0,0,0,3,2,0,0,30,327,362,283,475,327
MILWAUKEECITY OF MILWAUKEE WARD 305,161,0,0,172,1,1,0,158,0,0,0,32,0,2,0,105,0,1,459,4,0,0,0,0,0,0,0,0,1,0,0,43,336,333,299,459,336
MILWAUKEECITY OF MILWAUKEE WARD 306,165,0,3,149,2,2,0,90,0,0,0,23,0,3,0,75,0,4,485,8,0,0,0,0,0,0,0,0,0,0,0,23,210,317,195,485,210
MILWAUKEECITY OF MILWAUKEE WARD 307,145,0,0,191,0,0,1,153,0,0,0,27,2,1,0,73,0,2,462,9,0,0,0,0,0,0,0,1,0,0,0,23,289,336,257,462,289
MILWAUKEECITY OF MILWAUKEE WARD 308,148,0,1,127,1,1,0,60,0,1,0,15,0,2,0,43,0,0,480,7,0,0,0,0,0,0,0,0,0,0,0,9,176,276,123,480,176
MILWAUKEECITY OF MILWAUKEE WARD 309,227,0,1,193,0,0,0,223,1,0,0,60,0,2,0,108,0,8,571,9,0,1,0,0,0,0,0,0,0,0,0,41,432,421,394,571,432
MILWAUKEECITY OF MILWAUKEE WARD 31,175,0,1,111,0,0,0,18,0,0,1,4,0,1,0,16,0,2,565,3,0,0,0,0,0,0,0,0,0,0,0,7,61,287,40,565,61
MILWAUKEECITY OF MILWAUKEE WARD 310,60,0,0,64,0,0,0,40,0,0,0,11,0,1,0,24,0,1,221,7,0,0,0,0,0,0,0,0,0,0,0,4,100,124,76,221,100
MILWAUKEECITY OF MILWAUKEE WARD 311,105,0,1,109,1,0,0,116,0,0,0,17,0,3,0,70,0,2,353,5,0,1,0,0,0,0,0,1,1,0,0,20,243,215,207,353,243
MILWAUKEECITY OF MILWAUKEE WARD 312,150,0,1,161,3,1,0,196,0,0,0,48,0,1,0,139,0,2,415,12,0,0,0,0,0,0,0,6,0,0,0,28,375,312,388,415,375
MILWAUKEECITY OF MILWAUKEE WARD 313,302,0,3,311,3,5,0,331,0,0,1,78,3,5,1,247,0,5,903,14,0,1,0,0,0,0,0,2,0,0,0,46,747,616,674,903,747
MILWAUKEECITY OF MILWAUKEE WARD 314,125,0,0,115,0,1,0,158,0,0,0,29,1,0,0,116,0,2,308,3,0,0,0,0,0,0,0,6,1,0,0,11,321,240,305,308,321
MILWAUKEECITY OF MILWAUKEE WARD 315,223,0,0,221,2,1,1,253,0,0,0,54,1,3,0,160,0,4,593,13,0,2,0,0,0,0,0,1,0,0,0,34,519,444,475,593,519
MILWAUKEECITY OF MILWAUKEE WARD 316,121,0,0,132,1,1,0,137,0,0,0,30,1,3,0,116,0,2,321,10,0,2,0,0,0,0,0,0,0,0,0,22,341,253,289,321,341
MILWAUKEECITY OF MILWAUKEE WARD 317,158,0,1,202,1,0,0,152,0,1,0,27,1,3,0,86,0,2,457,8,0,0,0,0,0,0,0,2,0,0,0,29,315,361,271,457,315
MILWAUKEECITY OF MILWAUKEE WARD 32,431,0,1,273,1,4,0,104,0,0,0,19,0,1,0,57,0,3,1209,3,0,0,0,0,0,0,0,1,2,0,0,15,238,705,186,1209,238
MILWAUKEECITY OF MILWAUKEE WARD 320,9,0,0,8,0,0,0,0,0,0,0,0,0,0,0,2,0,0,35,1,0,0,0,0,0,0,0,0,0,0,0,0,6,17,2,35,6
MILWAUKEECITY OF MILWAUKEE WARD 321,41,0,1,54,0,1,0,9,0,0,0,0,0,0,0,4,0,0,199,2,0,0,0,0,0,0,0,0,0,0,0,1,18,96,14,199,18
MILWAUKEECITY OF MILWAUKEE WARD 322,29,0,1,32,0,1,0,4,0,0,0,2,0,0,0,12,0,0,115,1,0,0,0,0,0,0,0,0,0,0,0,2,19,62,19,115,19
MILWAUKEECITY OF MILWAUKEE WARD 323,56,0,0,45,1,2,0,14,0,0,0,1,0,0,0,13,0,1,192,2,0,1,0,0,0,0,0,0,0,0,0,0,42,101,31,192,42
MILWAUKEECITY OF MILWAUKEE WARD 324,20,0,0,21,0,0,0,5,0,0,0,0,0,0,0,5,0,1,78,0,0,0,0,0,0,0,0,0,0,0,0,2,16,41,10,78,16
MILWAUKEECITY OF MILWAUKEE WARD 325,40,0,1,165,0,1,0,21,0,0,0,9,0,0,0,15,0,1,272,10,0,0,0,0,0,0,0,0,1,0,0,6,67,206,46,272,67
MILWAUKEECITY OF MILWAUKEE WARD 326,0,0,0,1,0,0,0,0,0,0,0,0,0,0,0,4,0,0,0,0,0,0,0,0,0,0,0,0,0,0,0,0,5,1,4,0,5
MILWAUKEECITY OF MILWAUKEE WARD 327,0,0,0,0,0,0,0,0,0,0,0,0,0,0,0,0,0,0,0,0,0,0,0,0,0,0,0,0,0,0,0,0,0,0,0,0,0
MILWAUKEECITY OF MILWAUKEE WARD 33,552,0,0,333,3,3,0,380,0,0,1,56,0,3,0,163,0,11,1213,11,0,0,0,0,0,0,0,1,1,0,0,45,687,885,609,1213,687
MILWAUKEECITY OF MILWAUKEE WARD 34,238,0,1,222,1,2,0,137,0,0,0,19,1,4,0,55,0,6,795,8,0,0,0,0,0,0,0,0,3,0,0,19,8,461,219,795,8
MILWAUKEECITY OF MILWAUKEE WARD 35,173,0,1,153,1,1,0,114,0,0,0,31,0,2,0,60,0,2,581,2,2,0,0,0,0,0,0,0,1,0,0,20,242,327,209,581,242
MILWAUKEECITY OF MILWAUKEE WARD 36,227,0,1,174,2,0,0,47,0,1,1,6,1,1,0,25,0,2,674,7,0,0,0,0,0,0,0,0,0,0,0,13,84,402,84,674,84
MILWAUKEECITY OF MILWAUKEE WARD 37,213,0,1,112,1,0,0,20,0,0,0,3,0,0,0,19,0,2,643,4,0,0,0,0,0,0,0,0,1,0,1,11,73,326,43,643,73
MILWAUKEECITY OF MILWAUKEE WARD 38,196,0,0,98,0,2,0,22,0,0,0,4,0,1,0,13,0,1,527,6,0,0,0,0,0,0,0,0,0,0,0,8,44,294,42,527,44
MILWAUKEECITY OF MILWAUKEE WARD 39,219,0,1,149,0,2,0,64,1,0,0,13,1,1,1,27,0,2,575,8,0,1,0,0,0,0,0,3,0,0,0,8,92,369,110,575,92
MILWAUKEECITY OF MILWAUKEE WARD 4,594,0,2,276,0,2,0,72,0,1,0,29,1,1,0,50,0,3,1325,5,0,0,0,0,0,0,0,0,0,0,0,26,204,872,156,1325,204
MILWAUKEECITY OF MILWAUKEE WARD 40,240,0,0,116,0,0,0,14,0,0,0,9,1,0,0,18,0,3,590,7,0,0,0,0,0,0,0,0,2,0,0,9,44,356,42,590,44
MILWAUKEECITY OF MILWAUKEE WARD 41,211,0,1,132,0,1,0,23,0,0,0,5,0,0,0,10,0,2,573,4,0,0,0,0,0,0,0,0,1,0,0,9,49,344,39,573,49
MILWAUKEECITY OF MILWAUKEE WARD 42,301,0,5,178,1,2,2,34,0,0,0,2,0,1,0,19,0,1,778,5,0,0,0,0,0,0,0,0,3,0,0,9,62,484,61,778,62
MILWAUKEECITY OF MILWAUKEE WARD 43,234,0,0,94,0,0,1,5,0,0,0,0,0,2,0,3,0,2,474,1,0,0,0,0,0,0,0,0,0,0,0,1,13,328,11,474,13
MILWAUKEECITY OF MILWAUKEE WARD 44,335,0,1,162,0,1,1,41,0,0,0,4,0,0,0,12,0,1,800,4,0,0,0,0,0,0,0,0,0,0,0,12,73,498,59,800,73
MILWAUKEECITY OF MILWAUKEE WARD 45,367,0,0,142,0,0,0,33,0,0,0,3,1,0,0,13,0,2,826,1,0,1,0,0,0,0,0,1,1,0,0,5,61,509,50,826,61
MILWAUKEECITY OF MILWAUKEE WARD 46,149,0,0,93,0,0,0,16,0,0,0,3,0,0,0,0,0,0,444,5,0,0,0,0,0,0,0,0,0,0,0,4,21,242,19,444,21
MILWAUKEECITY OF MILWAUKEE WARD 47,350,0,1,182,0,1,0,19,0,0,0,7,1,2,0,12,0,0,843,5,0,0,0,0,0,0,0,0,3,0,0,5,41,533,42,843,41
MILWAUKEECITY OF MILWAUKEE WARD 48,147,0,1,72,0,0,0,16,0,0,0,6,0,0,0,13,0,5,387,2,0,1,0,0,0,0,0,0,1,0,0,1,35,220,35,387,35
MILWAUKEECITY OF MILWAUKEE WARD 49,238,0,0,96,0,0,0,19,0,0,0,2,0,0,0,9,0,1,574,2,0,0,0,0,0,0,0,0,2,0,0,1,38,334,30,574,38
MILWAUKEECITY OF MILWAUKEE WARD 5,272,0,0,120,0,0,0,56,0,0,1,14,0,1,0,19,0,3,633,5,0,0,0,0,0,0,0,1,0,0,0,6,110,392,91,633,110
MILWAUKEECITY OF MILWAUKEE WARD 50,209,0,1,94,0,0,1,16,0,0,0,1,0,0,0,8,0,0,532,2,0,0,0,0,0,0,0,0,4,0,0,6,32,304,26,532,32
MILWAUKEECITY OF MILWAUKEE WARD 51,205,0,0,89,0,0,1,13,0,0,0,3,0,0,0,2,0,4,539,2,0,0,0,0,0,0,0,0,0,0,0,3,17,294,19,539,17
MILWAUKEECITY OF MILWAUKEE WARD 52,303,0,0,134,0,0,0,16,1,0,0,5,0,0,0,9,0,3,739,1,0,0,0,0,0,0,0,0,0,0,0,9,40,437,31,739,40
MILWAUKEECITY OF MILWAUKEE WARD 53,105,0,0,45,0,0,0,9,0,0,0,5,0,1,0,4,0,0,334,3,0,0,0,0,0,0,0,0,1,0,0,0,16,150,19,334,16
MILWAUKEECITY OF MILWAUKEE WARD 54,220,0,0,82,0,0,0,1,0,0,0,2,0,0,0,2,0,0,437,4,0,0,0,0,0,0,0,0,1,0,0,4,12,302,5,437,12
MILWAUKEECITY OF MILWAUKEE WARD 55,365,0,0,193,0,2,0,97,0,0,0,16,3,2,0,34,0,3,829,7,0,1,0,0,0,0,0,1,0,0,0,17,166,558,154,829,166
MILWAUKEECITY OF MILWAUKEE WARD 56,318,0,0,131,0,0,0,9,0,0,0,1,0,0,0,2,0,2,616,2,0,1,0,0,0,0,0,2,0,0,0,3,12,449,12,616,12
MILWAUKEECITY OF MILWAUKEE WARD 57,378,0,1,123,0,1,0,5,0,0,0,0,0,0,0,4,0,0,836,6,0,0,0,0,0,0,0,0,2,0,0,2,15,502,10,836,15
MILWAUKEECITY OF MILWAUKEE WARD 58,257,0,0,74,0,1,0,5,0,0,0,0,0,0,0,4,0,0,605,1,0,0,0,0,0,0,0,0,0,0,0,1,26,331,10,605,26
MILWAUKEECITY OF MILWAUKEE WARD 59,635,0,0,241,1,2,1,15,0,0,0,1,0,2,0,3,0,2,1194,7,0,0,0,0,0,0,0,0,1,0,0,6,28,876,25,1194,28
MILWAUKEECITY OF MILWAUKEE WARD 6,476,0,1,345,1,5,0,187,0,0,1,42,0,2,0,84,0,2,1295,8,0,0,0,0,0,0,0,8,0,0,0,40,361,822,322,1295,361
MILWAUKEECITY OF MILWAUKEE WARD 60,389,0,1,153,0,3,0,6,0,0,0,0,0,0,0,3,0,4,852,3,0,0,0,0,0,0,0,0,1,0,0,3,13,543,12,852,13
MILWAUKEECITY OF MILWAUKEE WARD 61,338,0,0,122,0,2,0,4,0,1,0,2,0,1,0,3,0,1,732,3,0,0,0,0,0,0,0,0,0,0,0,8,19,460,13,732,19
MILWAUKEECITY OF MILWAUKEE WARD 62,242,0,1,88,0,2,0,6,0,0,0,4,0,0,0,6,0,0,566,2,0,0,0,0,0,0,0,0,0,0,0,4,15,331,18,566,15
MILWAUKEECITY OF MILWAUKEE WARD 63,232,0,0,91,0,0,0,4,0,0,0,1,0,1,0,1,0,1,547,4,0,0,0,0,0,0,0,0,1,0,0,1,8,323,7,547,8
MILWAUKEECITY OF MILWAUKEE WARD 64,541,0,0,240,1,3,0,18,0,0,0,2,0,2,0,8,0,0,1223,9,0,0,0,0,0,0,0,1,1,0,0,5,31,781,34,1223,31
MILWAUKEECITY OF MILWAUKEE WARD 65,458,0,2,204,0,1,0,13,0,0,0,3,0,2,0,6,0,2,962,7,0,0,0,0,0,0,0,0,0,0,0,5,41,664,25,962,41
MILWAUKEECITY OF MILWAUKEE WARD 66,265,0,0,131,0,0,0,3,0,0,0,0,0,0,0,3,0,0,656,1,0,0,0,0,0,0,0,0,0,0,0,5,10,396,6,656,10
MILWAUKEECITY OF MILWAUKEE WARD 67,233,0,0,107,0,0,0,6,0,0,0,4,0,0,0,3,0,1,516,1,0,0,0,0,0,0,0,0,0,0,0,6,18,340,13,516,18
MILWAUKEECITY OF MILWAUKEE WARD 68,391,0,0,180,0,1,2,42,0,0,0,6,0,0,0,14,0,2,994,5,0,0,0,0,0,0,0,0,1,0,0,5,77,571,65,994,77
MILWAUKEECITY OF MILWAUKEE WARD 69,319,0,1,116,0,2,0,17,0,0,0,3,0,1,0,14,0,2,771,3,0,0,0,0,0,0,0,0,0,0,0,4,46,436,37,771,46
MILWAUKEECITY OF MILWAUKEE WARD 7,138,0,2,107,0,1,0,72,2,0,0,13,0,1,0,44,0,6,403,6,0,0,0,0,0,0,1,1,2,0,0,11,167,247,133,403,167
MILWAUKEECITY OF MILWAUKEE WARD 70,455,0,1,203,0,2,1,40,1,0,0,6,0,2,0,8,0,5,1072,12,0,1,0,0,0,0,0,0,1,0,0,15,59,659,60,1072,59
MILWAUKEECITY OF MILWAUKEE WARD 71,264,0,0,117,0,0,1,18,0,0,0,4,0,2,0,6,0,0,593,3,0,0,0,0,0,0,0,0,0,0,0,4,32,381,31,593,32
MILWAUKEECITY OF MILWAUKEE WARD 72,344,0,0,173,0,0,0,35,0,0,0,6,1,2,0,12,0,3,809,1,0,0,0,0,0,0,0,0,0,0,0,16,61,517,56,809,61
MILWAUKEECITY OF MILWAUKEE WARD 73,401,0,0,189,0,2,0,43,0,0,0,10,0,2,0,29,0,3,881,6,0,0,0,0,0,0,0,0,1,0,0,7,89,590,86,881,89
MILWAUKEECITY OF MILWAUKEE WARD 74,260,0,0,119,1,1,0,39,0,0,0,8,0,2,0,17,0,3,557,3,0,1,0,0,0,0,0,0,2,0,0,4,63,379,68,557,63
MILWAUKEECITY OF MILWAUKEE WARD 75,192,0,0,131,0,1,1,93,0,0,0,20,0,0,0,24,0,4,482,8,0,1,0,0,0,0,0,4,1,0,0,6,133,323,139,482,133
MILWAUKEECITY OF MILWAUKEE WARD 76,264,0,0,141,0,2,0,37,0,0,0,7,0,2,0,14,0,0,575,3,0,0,0,0,0,0,0,0,0,0,0,8,56,405,62,575,56
MILWAUKEECITY OF MILWAUKEE WARD 77,190,0,0,107,0,0,0,39,0,0,0,19,0,0,0,16,0,4,518,3,0,0,0,0,0,0,0,0,0,0,0,4,84,297,74,518,84
MILWAUKEECITY OF MILWAUKEE WARD 78,374,0,0,190,1,0,1,82,0,0,1,13,0,0,0,31,0,1,837,11,0,1,0,0,0,0,0,3,1,0,0,14,143,564,129,837,143
MILWAUKEECITY OF MILWAUKEE WARD 79,307,0,1,215,0,1,0,82,0,0,0,24,1,2,0,35,0,2,861,10,0,0,0,0,0,0,0,1,0,0,0,21,147,523,145,861,147
MILWAUKEECITY OF MILWAUKEE WARD 8,445,0,1,226,0,0,0,162,0,0,0,36,0,2,1,75,0,4,1050,6,0,1,0,0,0,0,0,0,1,0,0,25,311,672,276,1050,311
MILWAUKEECITY OF MILWAUKEE WARD 80,364,0,5,242,4,3,0,208,1,1,1,57,3,7,0,80,0,5,1006,12,0,0,0,0,0,0,0,4,0,0,0,41,372,611,365,1006,372
MILWAUKEECITY OF MILWAUKEE WARD 81,95,0,1,112,1,1,0,136,0,0,0,25,1,1,0,53,0,1,295,1,0,0,0,0,0,0,0,1,0,0,0,26,197,208,218,295,197
MILWAUKEECITY OF MILWAUKEE WARD 82,113,0,2,175,0,1,0,173,0,0,0,73,1,5,0,59,0,5,389,8,0,0,0,0,0,0,0,3,1,0,0,42,304,290,312,389,304
MILWAUKEECITY OF MILWAUKEE WARD 83,175,0,0,196,2,2,0,226,0,0,0,49,0,3,0,71,0,4,494,8,0,0,0,0,0,0,0,5,0,0,0,50,363,371,353,494,363
MILWAUKEECITY OF MILWAUKEE WARD 84,118,0,1,168,1,1,1,139,0,0,0,32,0,1,0,54,0,1,391,5,0,2,0,0,0,0,0,1,1,0,0,28,224,287,229,391,224
MILWAUKEECITY OF MILWAUKEE WARD 85,170,0,0,235,2,0,1,169,2,0,0,66,1,5,0,68,0,1,574,12,0,0,0,0,0,0,0,2,0,0,0,41,300,405,314,574,300
MILWAUKEECITY OF MILWAUKEE WARD 86,161,0,0,209,2,4,1,187,0,0,0,54,0,2,0,60,0,3,526,8,0,1,0,0,0,0,0,7,1,0,0,45,318,370,310,526,318
MILWAUKEECITY OF MILWAUKEE WARD 87,108,0,0,145,0,0,0,103,0,0,0,37,1,0,0,28,0,2,363,6,0,0,0,0,0,0,2,4,0,0,0,28,171,253,169,363,171
MILWAUKEECITY OF MILWAUKEE WARD 88,128,0,1,176,0,0,1,122,0,0,0,45,1,2,0,41,0,3,442,9,0,0,0,0,0,0,3,4,1,0,0,25,187,305,212,442,187
MILWAUKEECITY OF MILWAUKEE WARD 89,205,0,0,234,2,3,0,133,0,0,1,30,0,2,0,45,0,2,603,10,0,1,0,0,0,0,0,1,0,0,0,36,253,439,216,603,253
MILWAUKEECITY OF MILWAUKEE WARD 9,279,0,2,117,1,2,0,52,0,0,0,10,2,3,0,23,0,2,578,3,0,1,0,0,0,0,0,0,0,0,0,7,97,398,93,578,97
MILWAUKEECITY OF MILWAUKEE WARD 90,224,0,1,221,0,2,0,136,0,1,0,18,0,0,0,45,0,3,654,17,0,0,0,0,0,0,0,0,1,0,0,19,215,446,202,654,215
MILWAUKEECITY OF MILWAUKEE WARD 91,468,0,1,239,1,2,1,70,0,0,0,16,0,2,0,34,0,3,1113,6,0,0,0,0,0,0,0,1,1,0,0,17,112,708,126,1113,112
MILWAUKEECITY OF MILWAUKEE WARD 92,318,0,0,315,0,2,0,159,0,0,0,49,0,3,0,46,0,3,933,11,0,0,0,0,0,0,0,3,0,0,0,34,238,633,259,933,238
MILWAUKEECITY OF MILWAUKEE WARD 93,131,0,0,148,1,1,0,124,0,0,0,41,3,2,0,21,0,1,399,7,0,1,0,0,0,0,0,8,0,0,0,21,168,279,193,399,168
MILWAUKEECITY OF MILWAUKEE WARD 94,169,0,0,49,0,0,0,14,0,0,0,1,0,1,0,6,0,0,409,1,0,0,0,0,0,0,0,0,0,0,0,0,23,218,22,409,23
MILWAUKEECITY OF MILWAUKEE WARD 95,203,0,0,89,0,0,0,15,0,0,0,5,0,1,0,8,0,0,522,4,0,0,0,0,0,0,0,0,0,0,0,1,31,292,29,522,31
MILWAUKEECITY OF MILWAUKEE WARD 96,334,0,0,212,2,0,0,59,0,0,0,13,0,0,0,19,0,2,823,6,0,0,0,0,0,0,0,0,0,0,0,15,104,546,93,823,104
MILWAUKEECITY OF MILWAUKEE WARD 97,300,0,1,151,0,2,1,108,0,0,0,25,0,1,0,23,0,2,661,4,0,0,0,0,0,0,0,0,0,0,0,15,168,452,160,661,168
MILWAUKEECITY OF MILWAUKEE WARD 98,299,0,0,109,0,0,0,16,0,0,0,0,0,1,0,11,0,2,561,3,0,0,0,0,0,0,0,0,1,0,0,3,24,408,28,561,24
MILWAUKEECITY OF MILWAUKEE WARD 99,430,0,0,227,0,3,0,44,0,0,0,12,1,1,0,14,0,3,990,6,0,0,0,0,0,0,0,1,0,0,0,6,78,657,75,990,78
MILWAUKEECITY OF OAK CREEK WARDS 1-3,422,0,2,434,3,6,1,727,1,0,1,151,1,14,0,314,0,11,1244,21,0,0,0,0,0,0,0,18,1,0,0,93,1517,858,1219,1244,1517
MILWAUKEECITY OF OAK CREEK WARDS 10-12,417,0,0,442,6,6,4,747,0,0,1,167,2,17,0,440,0,17,1301,23,0,0,0,0,0,0,0,19,3,0,0,119,1722,859,1390,1301,1722
MILWAUKEECITY OF OAK CREEK WARDS 13-15,381,0,1,379,4,7,0,890,0,0,1,211,3,14,0,378,0,8,1227,22,0,0,0,0,0,0,0,14,0,0,0,125,1813,761,1508,1227,1813
MILWAUKEECITY OF OAK CREEK WARDS 16-19,377,0,2,411,4,1,0,515,0,0,2,117,2,9,2,246,0,7,1237,16,0,0,0,0,0,0,0,6,1,0,0,112,1210,790,898,1237,1210
MILWAUKEECITY OF OAK CREEK WARDS 4-6,364,0,0,454,1,2,0,509,2,0,0,110,0,12,2,300,0,11,1351,16,0,0,0,0,0,0,0,25,2,0,0,112,1270,818,938,1351,1270
MILWAUKEECITY OF OAK CREEK WARDS 7-9,420,0,3,417,2,3,2,665,0,0,0,157,2,18,0,334,0,9,1278,19,0,2,1,0,0,0,0,8,0,0,0,102,1507,840,1183,1278,1507
MILWAUKEECITY OF SOUTH MILWAUKEE WARD 1-4,434,0,0,538,4,4,0,502,1,0,1,124,2,7,0,266,0,12,1241,37,0,1,0,0,0,0,0,9,2,0,0,91,1124,972,911,1241,1124
MILWAUKEECITY OF SOUTH MILWAUKEE WARD 13-16,444,0,0,422,4,2,0,501,0,0,0,110,2,8,0,296,0,4,1210,32,0,0,0,0,0,0,0,6,1,0,0,95,1183,866,923,1210,1183
MILWAUKEECITY OF SOUTH MILWAUKEE WARD 5-8,368,0,3,466,3,5,2,424,0,0,1,83,5,13,0,268,0,10,1066,23,0,0,0,0,0,0,0,7,2,0,0,114,1042,837,804,1066,1042
MILWAUKEECITY OF SOUTH MILWAUKEE WARD 9-12,471,0,1,478,0,5,1,667,0,0,0,124,1,7,0,333,0,11,1300,25,0,1,0,0,0,0,0,4,3,0,0,115,1409,950,1138,1300,1409
MILWAUKEECITY OF ST. FRANCIS WARD 1-4,271,0,0,358,2,1,1,311,1,0,0,50,3,7,0,148,0,4,803,32,0,0,0,0,0,0,0,5,1,0,0,69,640,629,524,803,640
MILWAUKEECITY OF ST. FRANCIS WARD 5-8,311,0,1,373,3,3,1,298,0,0,0,79,3,7,0,189,0,10,849,14,0,1,1,0,0,0,0,8,2,0,0,64,693,685,583,849,693
MILWAUKEECITY OF ST. FRANCIS WARD 9-12,359,0,1,402,2,5,0,298,3,0,1,124,1,8,0,178,0,3,1024,22,0,2,0,0,0,0,1,7,0,0,0,83,670,762,620,1024,670
MILWAUKEECITY OF WAUWATOSA WARD 1,288,0,0,254,2,2,0,228,2,0,0,122,1,6,0,69,0,0,788,4,0,0,0,0,0,0,0,9,0,0,0,54,342,542,432,788,342
MILWAUKEECITY OF WAUWATOSA WARD 10,190,0,0,267,0,0,1,165,0,0,1,78,2,1,1,57,0,4,718,17,0,0,0,0,0,0,0,15,0,0,0,49,344,457,306,718,344
MILWAUKEECITY OF WAUWATOSA WARD 11,252,0,0,330,1,2,0,211,0,0,0,98,1,4,0,67,0,0,803,12,0,1,0,0,0,0,1,5,1,0,0,54,359,582,384,803,359
MILWAUKEECITY OF WAUWATOSA WARD 12,276,0,1,262,2,1,0,374,2,0,0,164,0,3,0,92,0,1,748,11,0,0,0,0,0,0,0,24,0,0,0,70,543,539,638,748,543
MILWAUKEECITY OF WAUWATOSA WARD 13,122,0,2,179,9,1,2,113,0,0,1,43,1,2,0,33,0,2,422,9,0,1,0,0,0,0,2,3,0,0,0,35,209,303,205,422,209
MILWAUKEECITY OF WAUWATOSA WARD 14,271,0,0,325,2,1,0,233,1,0,0,94,0,6,0,45,0,2,806,23,0,0,0,0,0,0,0,7,1,0,0,65,354,596,382,806,354
MILWAUKEECITY OF WAUWATOSA WARD 15,239,0,1,424,1,1,0,230,0,0,0,84,2,3,0,70,0,3,921,23,0,1,0,0,0,0,0,18,3,0,0,74,318,664,391,921,318
MILWAUKEECITY OF WAUWATOSA WARD 16,302,0,1,247,2,1,1,305,0,0,0,203,1,7,0,88,0,4,823,7,0,2,0,0,0,0,0,16,0,0,0,81,479,550,608,823,479
MILWAUKEECITY OF WAUWATOSA WARD 17,247,0,0,172,0,0,1,366,1,0,0,145,1,6,2,82,0,4,615,6,0,0,0,1,0,0,0,18,1,0,0,54,501,419,604,615,501
MILWAUKEECITY OF WAUWATOSA WARD 18,201,0,0,198,1,1,3,228,0,0,0,75,0,4,0,80,0,4,611,10,0,0,0,0,0,0,0,12,0,0,0,47,390,399,392,611,390
MILWAUKEECITY OF WAUWATOSA WARD 19,236,0,1,199,3,0,0,219,0,0,0,70,1,5,1,89,0,6,608,4,0,2,0,0,0,0,0,3,1,0,0,49,426,436,388,608,426
MILWAUKEECITY OF WAUWATOSA WARD 2,243,0,0,328,0,0,0,212,0,0,0,94,1,5,0,52,0,3,792,14,0,0,0,0,0,0,0,10,0,0,0,40,323,571,364,792,323
MILWAUKEECITY OF WAUWATOSA WARD 20,235,0,0,231,1,0,1,368,0,0,1,127,1,4,1,118,0,4,741,14,0,0,0,0,0,0,0,15,3,0,0,53,635,466,622,741,635
MILWAUKEECITY OF WAUWATOSA WARD 21,184,0,1,187,2,2,0,289,0,0,0,77,1,4,0,86,0,3,519,11,0,2,0,0,0,0,3,11,0,0,0,44,468,372,461,519,468
MILWAUKEECITY OF WAUWATOSA WARD 22,244,0,1,238,1,0,0,255,0,0,0,84,0,3,0,92,0,2,644,12,0,1,0,0,0,0,0,9,0,0,0,59,427,483,435,644,427
MILWAUKEECITY OF WAUWATOSA WARD 23,205,0,0,185,0,0,1,293,0,0,0,66,3,4,0,88,0,5,526,12,0,0,0,0,0,0,1,3,1,0,0,63,522,390,455,526,522
MILWAUKEECITY OF WAUWATOSA WARD 24,236,0,0,194,8,2,0,218,2,0,2,53,1,6,0,74,0,4,586,7,0,2,0,0,0,0,0,3,1,0,0,50,382,430,366,586,382
MILWAUKEECITY OF WAUWATOSA WARD 3,245,0,1,296,0,1,0,241,1,0,0,136,1,3,0,63,0,5,784,10,0,0,0,0,0,0,0,13,2,0,0,86,391,542,446,784,391
MILWAUKEECITY OF WAUWATOSA WARD 4,354,0,0,344,3,0,0,396,0,0,0,166,1,8,0,98,0,5,987,21,0,2,0,0,0,0,0,16,0,0,0,81,602,698,672,987,602
MILWAUKEECITY OF WAUWATOSA WARD 5,176,0,0,160,4,5,2,167,0,0,1,93,0,5,0,62,0,3,572,6,0,1,0,0,0,0,0,7,0,0,0,39,317,336,339,572,317
MILWAUKEECITY OF WAUWATOSA WARD 6,162,0,0,197,2,1,0,154,0,0,0,70,1,7,0,48,0,7,510,14,0,3,0,0,0,0,0,2,0,0,0,46,260,359,283,510,260
MILWAUKEECITY OF WAUWATOSA WARD 7,291,0,0,307,1,3,0,371,0,0,0,129,1,3,0,77,0,6,807,10,0,0,0,0,0,0,0,5,1,0,0,56,505,598,585,807,505
MILWAUKEECITY OF WAUWATOSA WARD 8,143,0,1,94,3,1,3,156,1,0,3,84,1,10,1,40,0,6,336,3,0,0,0,0,0,0,0,1,0,0,0,22,298,238,303,336,298
MILWAUKEECITY OF WAUWATOSA WARD 9,199,0,0,235,0,2,0,337,1,0,0,92,4,4,1,125,0,5,649,16,0,2,0,0,0,0,0,1,1,0,0,61,639,434,566,649,639
MILWAUKEECITY OF WEST ALLIS WARD 1,131,0,0,194,0,2,1,134,0,0,0,24,1,2,0,86,0,3,461,17,0,1,0,1,0,0,0,2,1,0,0,45,333,325,250,461,333
MILWAUKEECITY OF WEST ALLIS WARD 10,142,0,0,275,2,2,0,217,1,0,0,35,0,5,0,116,0,0,534,20,0,1,0,0,0,0,0,5,2,0,0,62,466,417,378,534,466
MILWAUKEECITY OF WEST ALLIS WARD 11,195,0,0,259,2,0,1,287,0,0,1,48,0,6,0,145,0,4,595,17,0,2,0,0,0,0,0,2,0,0,0,61,643,454,490,595,643
MILWAUKEECITY OF WEST ALLIS WARD 12,151,0,1,235,1,2,0,263,0,0,0,55,1,4,0,177,0,10,476,15,0,0,0,0,0,0,0,0,1,0,0,51,643,387,503,476,643
MILWAUKEECITY OF WEST ALLIS WARD 13,244,0,0,306,1,0,0,381,0,0,1,86,1,5,0,224,0,5,710,12,0,0,0,0,0,0,0,5,0,0,0,84,807,550,699,710,807
MILWAUKEECITY OF WEST ALLIS WARD 14,132,0,0,220,0,0,1,147,0,0,0,35,0,0,0,89,0,2,458,14,0,0,0,0,0,0,0,11,1,0,0,47,409,352,272,458,409
MILWAUKEECITY OF WEST ALLIS WARD 15,115,0,0,183,0,1,0,209,2,0,0,37,0,4,1,100,0,5,421,10,0,0,0,0,0,0,0,7,1,0,0,60,434,298,354,421,434
MILWAUKEECITY OF WEST ALLIS WARD 16,132,0,1,181,0,2,0,196,0,0,0,47,0,5,1,96,0,6,403,12,0,0,0,0,0,0,0,3,0,0,0,42,475,314,347,403,475
MILWAUKEECITY OF WEST ALLIS WARD 17,210,0,0,222,1,2,1,277,1,0,0,68,1,5,0,142,0,5,604,20,0,0,0,0,0,0,0,3,2,0,0,58,629,432,498,604,629
MILWAUKEECITY OF WEST ALLIS WARD 18,205,0,1,313,1,2,1,356,1,0,0,72,0,3,1,163,0,7,678,23,0,1,0,0,0,0,1,4,0,0,0,67,745,519,600,678,745
MILWAUKEECITY OF WEST ALLIS WARD 19,230,0,2,224,3,2,2,312,1,0,2,122,3,9,0,152,0,6,659,12,0,2,0,0,0,0,0,5,1,0,0,48,717,456,608,659,717
MILWAUKEECITY OF WEST ALLIS WARD 2,213,0,1,263,3,4,1,160,0,0,0,33,2,4,0,86,0,5,666,19,0,0,0,0,0,0,0,4,2,0,0,63,381,477,293,666,381
MILWAUKEECITY OF WEST ALLIS WARD 20,167,0,1,173,2,0,3,177,0,0,1,51,0,5,0,106,0,3,474,14,0,1,0,0,0,0,0,7,0,0,0,30,438,341,345,474,438
MILWAUKEECITY OF WEST ALLIS WARD 21,207,0,0,235,2,0,1,257,0,0,0,59,2,2,1,137,0,4,593,21,0,1,0,0,0,0,0,0,1,0,0,51,547,442,461,593,547
MILWAUKEECITY OF WEST ALLIS WARD 22,148,0,0,188,1,1,0,202,0,0,1,63,1,4,0,99,0,4,490,13,0,0,0,0,0,0,0,0,1,0,0,43,414,336,372,490,414
MILWAUKEECITY OF WEST ALLIS WARD 23,194,0,0,239,3,0,0,343,0,0,2,61,1,4,0,169,0,9,581,13,0,0,0,0,0,0,0,5,1,0,0,53,775,433,583,581,775
MILWAUKEECITY OF WEST ALLIS WARD 24,121,0,0,186,2,0,0,154,0,0,0,24,0,0,0,66,0,3,495,11,0,1,0,0,0,0,0,0,0,0,0,34,333,307,246,495,333
MILWAUKEECITY OF WEST ALLIS WARD 25,185,0,0,191,0,2,0,313,0,0,0,78,2,7,0,169,0,4,543,7,0,0,0,0,0,0,0,5,0,0,0,55,659,376,571,543,659
MILWAUKEECITY OF WEST ALLIS WARD 3,133,0,1,169,2,0,0,110,0,0,1,14,1,2,0,84,0,1,464,15,0,0,0,0,0,0,0,1,1,0,0,28,284,303,214,464,284
MILWAUKEECITY OF WEST ALLIS WARD 4,184,0,2,321,2,0,1,227,1,0,0,46,0,6,0,131,0,5,630,14,0,2,0,0,0,0,0,11,3,0,0,54,509,507,414,630,509
MILWAUKEECITY OF WEST ALLIS WARD 5,157,0,1,214,2,3,0,202,0,0,0,32,1,5,0,87,0,6,547,17,0,0,0,0,0,0,0,2,0,0,0,35,383,372,332,547,383
MILWAUKEECITY OF WEST ALLIS WARD 6,116,0,2,209,2,2,2,156,0,1,1,38,0,0,0,84,0,2,445,12,0,1,0,0,0,0,0,7,1,0,0,35,407,327,286,445,407
MILWAUKEECITY OF WEST ALLIS WARD 7,166,0,1,242,0,2,0,209,0,0,1,54,2,6,0,88,0,4,581,12,0,0,0,0,0,0,0,0,0,0,0,57,463,409,362,581,463
MILWAUKEECITY OF WEST ALLIS WARD 8,152,0,1,215,1,0,0,154,0,0,1,41,3,3,0,88,0,7,513,16,0,2,0,0,0,0,0,0,2,0,0,48,374,368,291,513,374
MILWAUKEECITY OF WEST ALLIS WARD 9,179,0,0,286,2,4,0,257,1,0,1,65,1,3,0,111,0,3,645,18,0,1,0,0,0,0,1,4,3,0,0,61,539,465,445,645,539
MILWAUKEEVILLAGE OF BAYSIDE WARD 5,187,0,0,103,0,1,0,104,0,0,0,79,0,0,0,55,0,1,432,2,0,0,0,0,0,0,0,5,0,0,0,21,195,290,239,432,195
"MILWAUKEEVILLAGE OF BAYSIDE WARDS 1S,3S",263,0,0,197,1,0,0,149,0,0,0,86,0,6,0,91,0,0,38,0,0,0,0,0,0,0,0,0,0,0,0,2,20,460,333,38,20
"MILWAUKEEVILLAGE OF BAYSIDE WARDS 2,4",351,0,1,200,0,0,0,169,0,0,0,141,2,2,0,72,0,1,768,6,0,0,0,0,0,0,0,6,0,0,0,34,334,552,386,768,334
MILWAUKEEVILLAGE OF BROWN DEER WARDS 1-2,720,0,0,403,0,3,0,340,0,0,0,116,0,4,0,134,0,16,1614,20,0,0,0,0,0,0,1,10,0,0,0,73,581,1123,597,1614,581
MILWAUKEEVILLAGE OF BROWN DEER WARDS 3-4,552,0,1,403,1,1,0,450,0,0,1,75,0,8,0,152,0,15,1330,27,0,3,0,0,0,0,0,10,4,0,0,92,775,956,688,1330,775
MILWAUKEEVILLAGE OF BROWN DEER WARDS 5-6,593,0,4,425,0,3,2,390,0,0,0,96,1,11,1,131,0,7,1463,17,0,1,0,0,0,0,1,11,1,0,0,53,683,1022,635,1463,683
MILWAUKEEVILLAGE OF FOX POINT WARDS 1-4,481,0,1,299,1,1,0,387,0,0,0,300,0,6,0,158,0,2,1217,10,0,0,0,0,0,0,1,16,2,0,0,60,688,781,853,1217,688
MILWAUKEEVILLAGE OF FOX POINT WARDS 5-9,623,0,1,481,3,0,1,429,0,0,1,221,2,8,0,161,0,3,1574,22,0,0,0,0,0,0,0,4,0,0,0,76,737,1105,826,1574,737
MILWAUKEEVILLAGE OF GREENDALE WARD 1-2,244,0,3,182,3,3,0,499,0,0,0,168,1,10,2,215,0,1,617,6,0,0,0,0,0,0,2,13,0,0,0,43,933,429,901,617,933
MILWAUKEEVILLAGE OF GREENDALE WARD 3-4,280,0,0,376,1,1,0,384,2,0,0,107,1,8,0,194,0,9,874,23,0,1,0,0,0,0,0,15,1,0,0,79,797,656,698,874,797
MILWAUKEEVILLAGE OF GREENDALE WARD 5-6,277,0,0,258,3,4,1,458,0,0,0,107,1,7,0,173,0,6,761,13,0,2,0,0,0,0,0,12,3,0,0,61,806,535,754,761,806
MILWAUKEEVILLAGE OF GREENDALE WARD 7-8,265,0,0,262,1,2,0,414,1,0,1,121,0,6,0,193,0,6,760,13,0,1,0,0,0,0,0,10,0,0,0,55,744,527,739,760,744
MILWAUKEEVILLAGE OF GREENDALE WARD 9-10,311,0,2,247,5,4,1,430,0,0,0,173,3,9,1,217,0,6,832,18,0,0,0,0,0,0,0,12,0,0,0,42,898,560,843,832,898
MILWAUKEEVILLAGE OF HALES CORNERS WARDS 1-3,205,0,0,217,4,1,0,471,0,0,0,126,1,4,0,182,0,11,580,12,0,1,0,0,0,0,0,11,2,0,0,44,865,422,789,580,865
MILWAUKEEVILLAGE OF HALES CORNERS WARDS 4-6,186,0,1,244,0,4,0,396,0,0,1,108,1,7,0,189,0,1,568,20,0,2,0,0,0,0,0,9,1,0,0,57,837,431,706,568,837
MILWAUKEEVILLAGE OF HALES CORNERS WARDS 7-9,200,0,1,212,2,1,1,319,0,0,0,93,0,15,0,162,0,7,574,13,0,0,0,0,0,0,0,1,2,0,0,43,686,413,593,574,686
MILWAUKEEVILLAGE OF RIVER HILLS WARDS 1-3,211,0,0,174,1,1,0,226,1,0,0,155,3,2,0,139,0,2,585,4,0,0,0,0,0,0,0,5,1,0,0,32,494,385,528,585,494
MILWAUKEEVILLAGE OF SHOREWOOD WARD 1-4,838,0,1,926,0,0,0,252,0,0,1,186,4,6,0,128,0,10,2446,58,0,2,0,0,0,0,0,9,0,0,0,92,536,1765,577,2446,536
MILWAUKEEVILLAGE OF SHOREWOOD WARD 5-8,741,0,1,804,3,0,1,238,2,0,1,205,3,7,0,105,0,3,2040,41,0,0,0,0,0,0,1,23,1,0,1,80,431,1546,565,2040,431
MILWAUKEEVILLAGE OF SHOREWOOD WARD 9-12,711,0,1,846,1,1,1,239,0,0,0,165,0,4,0,96,0,4,2041,26,0,1,0,0,0,0,0,10,1,0,0,83,440,1558,507,2041,440
"MILWAUKEEVILLAGE OF WEST MILWAUKEE WARD 1-2,5",140,0,0,193,0,2,0,96,0,0,1,14,0,0,0,58,0,2,509,4,0,1,0,0,0,0,2,1,0,0,0,29,199,333,171,509,199
"MILWAUKEEVILLAGE OF WEST MILWAUKEE WARD 3-4,6",165,0,0,191,1,0,1,110,0,0,0,26,1,2,0,66,0,4,517,12,0,0,0,0,0,0,0,6,2,0,0,21,278,356,207,517,278
MILWAUKEEVILLAGE OF WHITEFISH BAY WARD 12,246,0,1,139,1,3,0,149,0,0,0,143,1,2,0,56,0,1,603,7,0,0,0,0,0,0,0,1,1,0,0,24,260,386,355,603,260
MILWAUKEEVILLAGE OF WHITEFISH BAY WARD 7,193,0,0,188,2,1,1,124,1,0,1,68,0,4,0,51,0,4,500,7,0,0,0,0,0,0,0,2,0,0,0,34,218,381,253,500,218
MILWAUKEEVILLAGE OF WHITEFISH BAY WARDS 1-2,279,0,0,210,0,1,1,324,0,0,0,218,1,5,1,92,0,8,803,7,0,0,0,0,0,0,0,0,0,0,0,72,486,489,643,803,486
MILWAUKEEVILLAGE OF WHITEFISH BAY WARDS 3-4,314,0,1,215,0,0,0,257,0,0,0,207,0,5,0,96,0,1,802,11,0,0,0,0,0,0,0,0,0,0,0,65,426,530,565,802,426
MILWAUKEEVILLAGE OF WHITEFISH BAY WARDS 5-6,323,0,0,230,0,1,0,308,1,0,0,220,0,6,0,95,0,0,890,9,0,0,0,0,0,0,0,14,0,0,0,40,474,553,631,890,474
"MILWAUKEEVILLAGE OF WHITEFISH BAY WARDS 8,10",399,0,1,341,1,0,2,315,0,0,0,204,0,3,0,92,0,5,1080,11,0,1,0,0,0,0,0,5,0,0,0,53,472,741,617,1080,472
"MILWAUKEEVILLAGE OF WHITEFISH BAY WARDS 9,11",316,0,1,356,0,0,0,252,0,0,0,116,0,4,0,61,0,5,965,21,0,0,0,0,0,0,0,17,0,0,0,54,324,673,433,965,324
MONROECITY OF SPARTA WARDS 1-6,176,0,0,288,3,6,0,218,0,0,2,88,2,4,0,195,0,3,567,22,0,0,0,0,0,0,0,7,1,0,0,47,686,464,518,567,686
"MONROECITY OF SPARTA WARDS 13-18,20",160,0,0,224,0,1,0,141,1,0,1,52,2,2,1,149,0,0,461,14,0,0,0,0,0,0,0,2,1,0,0,45,493,384,350,461,493
MONROECITY OF SPARTA WARDS 7-12,176,0,3,252,4,4,2,164,1,0,2,60,3,3,0,224,0,7,616,13,0,4,0,0,0,0,0,6,1,0,0,60,700,431,467,616,700
MONROECITY OF TOMAH WARDS 1-6,138,0,1,206,2,9,0,146,1,1,2,42,7,6,1,179,0,8,465,21,0,2,0,0,0,0,0,3,0,0,0,45,627,345,396,465,627
"MONROECITY OF TOMAH WARDS 12-16,18",171,0,1,305,5,5,1,191,0,0,1,71,3,8,1,234,0,4,507,26,0,0,0,0,0,0,0,6,3,0,0,51,691,477,520,507,691
MONROETOWN OF ADRIAN WARD 1,39,0,0,51,2,2,0,78,0,0,1,23,1,2,0,86,0,1,118,2,0,0,0,0,0,0,0,0,0,0,0,12,281,90,195,118,281
MONROETOWN OF ANGELO WARDS 1-3,49,0,0,102,0,2,0,110,0,0,0,21,1,5,0,115,0,3,202,5,0,0,0,0,0,0,0,0,0,0,0,14,391,151,254,202,391
MONROETOWN OF BYRON WARD 1,41,0,2,124,1,4,0,86,0,0,1,10,1,5,0,119,0,4,184,4,0,0,0,0,0,0,0,0,0,0,0,22,373,167,227,184,373
MONROETOWN OF CLIFTON WARD 1,36,0,0,46,0,1,0,47,0,0,1,6,0,1,0,36,0,2,79,1,0,1,0,0,0,0,0,0,1,0,0,3,136,82,92,79,136
MONROETOWN OF GLENDALE WARD 1,28,0,1,46,1,3,0,53,0,0,0,22,0,2,1,76,0,0,89,8,0,0,0,0,0,0,0,0,0,0,0,8,197,75,158,89,197
MONROETOWN OF GRANT WARD 1,17,0,0,31,1,1,0,62,0,1,0,8,0,3,0,56,0,1,49,3,0,0,0,0,0,0,0,0,0,0,0,7,181,48,132,49,181
MONROETOWN OF GREENFIELD WARDS 1-2,32,0,0,65,1,2,0,70,0,0,0,24,1,2,0,96,0,3,122,2,0,0,0,0,0,0,0,0,0,0,0,8,253,97,196,122,253
MONROETOWN OF JEFFERSON WARD 1,36,0,0,36,0,0,0,48,0,0,0,14,0,0,0,66,0,1,108,1,0,0,0,0,0,0,0,0,0,0,0,5,171,72,128,108,171
MONROETOWN OF LA GRANGE WARDS 1A-3A,44,0,0,66,1,3,0,70,0,1,0,31,0,0,0,101,0,12,318,13,0,1,0,0,0,0,0,5,2,0,0,35,572,110,207,318,572
MONROETOWN OF LA GRANGE WARDS 1B-3B,6,0,0,9,0,0,0,7,0,0,0,1,0,0,0,14,0,0,19,0,0,0,0,0,0,0,0,0,0,0,0,0,55,15,22,19,55
MONROETOWN OF LAFAYETTE WARDS 1-2,18,0,1,29,0,0,0,26,1,0,0,5,0,0,1,41,0,2,51,2,0,0,0,0,0,0,0,1,0,0,0,10,112,48,74,51,112
MONROETOWN OF LEON WARDS 1-2,55,0,1,88,0,3,0,89,0,0,0,33,0,0,1,132,0,5,176,7,0,0,0,0,0,0,0,1,0,0,0,16,385,144,258,176,385
MONROETOWN OF LINCOLN WARD 1,29,0,1,53,0,2,0,88,0,0,0,20,0,2,0,97,0,5,94,1,0,0,0,0,0,0,0,2,0,0,0,14,319,83,209,94,319
MONROETOWN OF LITTLE FALLS WARDS 1-2,87,0,0,121,1,3,0,90,1,0,1,35,1,2,1,134,0,4,212,9,0,0,0,0,0,0,0,2,0,0,0,31,436,208,269,212,436
MONROETOWN OF NEW LYME WARD 1,6,0,0,18,1,0,0,19,0,0,0,3,0,1,0,16,0,2,28,0,0,0,0,0,0,0,0,0,0,0,0,2,66,24,40,28,66
MONROETOWN OF OAKDALE WARD 1,34,0,2,52,1,0,0,65,0,0,0,18,0,2,0,76,0,1,101,3,0,1,0,0,0,0,0,0,0,0,0,9,259,88,162,101,259
MONROETOWN OF PORTLAND WARD 1,60,0,0,57,0,0,0,75,0,0,0,16,2,1,0,68,0,0,158,1,0,0,0,0,0,0,0,0,1,0,0,11,226,117,162,158,226
MONROETOWN OF RIDGEVILLE WARD 1,30,0,0,51,0,2,0,42,0,0,1,16,0,0,0,47,0,5,99,0,0,0,0,0,0,0,0,1,0,0,0,7,137,81,108,99,137
MONROETOWN OF SCOTT WARD 1,2,0,0,4,0,0,0,14,0,0,0,2,0,0,0,19,0,0,5,1,0,0,0,0,0,0,0,0,0,0,0,3,37,6,35,5,37
MONROETOWN OF SHELDON WARD 1,11,0,0,38,0,0,1,46,0,0,0,17,0,0,0,46,0,1,55,3,0,0,0,0,0,0,0,0,0,0,0,2,155,49,110,55,155
MONROETOWN OF SPARTA WARDS 1-6,219,0,1,244,3,4,0,285,0,0,2,99,1,5,1,301,0,8,566,16,0,2,0,0,0,0,0,5,0,0,0,50,902,464,701,566,902
MONROETOWN OF TOMAH WARDS 1-2,64,0,3,130,2,0,1,129,0,0,1,46,3,1,1,154,0,9,230,5,0,0,0,0,0,0,0,1,0,0,0,22,468,197,338,230,468
MONROETOWN OF WELLINGTON WARDS 1-2,24,0,1,61,1,0,0,36,0,0,1,13,0,0,0,44,0,0,108,2,0,0,0,0,0,0,0,3,0,0,0,11,125,86,95,108,125
MONROETOWN OF WELLS WARD 1,33,0,0,54,0,0,1,45,1,0,0,14,1,1,0,46,0,1,90,2,0,0,0,0,0,0,0,1,0,0,0,10,171,87,109,90,171
MONROETOWN OF WILTON WARDS 1-5,23,0,0,41,0,2,0,43,0,0,0,8,0,0,0,35,0,0,64,3,0,0,0,0,0,0,0,0,0,0,0,16,156,64,88,64,156
MONROEVILLAGE OF CASHTON WARDS 1-3,61,0,0,76,0,2,0,50,0,0,1,28,0,2,0,66,0,2,185,2,0,0,0,0,0,0,0,0,0,0,0,20,235,137,149,185,235
MONROEVILLAGE OF KENDALL WARD 1,22,0,0,38,0,2,0,17,0,0,0,6,0,1,0,46,0,1,79,6,0,0,0,0,0,0,0,0,0,0,0,5,110,60,72,79,110
MONROEVILLAGE OF MELVINA WARD 1,5,0,0,5,0,0,0,4,0,0,0,1,0,0,0,11,0,0,16,0,0,0,0,0,0,0,0,0,0,0,0,0,22,10,16,16,22
MONROEVILLAGE OF NORWALK WARD 1,29,0,0,49,0,0,0,33,0,0,0,2,0,2,0,43,0,3,92,0,0,0,0,0,0,0,0,0,0,0,0,5,108,78,80,92,108
MONROEVILLAGE OF OAKDALE WARD 1,15,0,0,16,0,1,0,18,0,0,0,4,0,0,0,19,0,0,37,2,0,0,0,0,0,0,0,2,0,0,0,6,69,31,42,37,69
MONROEVILLAGE OF ONTARIO WARD 2,0,0,0,0,0,0,0,0,0,0,0,0,0,0,0,0,0,0,0,0,0,0,0,0,0,0,0,0,0,0,0,0,0,0,0,0,0
MONROEVILLAGE OF ROCKLAND WARD 2,0,0,0,0,0,0,0,0,0,0,0,0,0,0,0,0,0,0,0,0,0,0,0,0,0,0,0,0,0,0,0,0,0,0,0,0,0
MONROEVILLAGE OF WARRENS WARD 1,18,0,0,24,0,1,0,41,0,0,0,5,0,1,0,35,0,2,59,0,0,0,0,0,0,0,0,0,0,0,0,5,146,42,83,59,146
MONROEVILLAGE OF WILTON WARD 1,31,0,0,47,0,0,1,18,0,0,2,8,0,3,0,39,0,2,102,5,0,0,0,0,0,0,0,0,0,0,0,12,106,78,71,102,106
MONROEVILLAGE OF WYEVILLE WARD 1,6,0,0,14,0,0,1,11,0,0,0,2,0,0,0,13,0,1,19,1,0,0,0,0,0,0,0,0,0,0,0,2,36,20,27,19,36
OCONTOCITY OF GILLETT WARDS 1-3,85,0,0,97,1,2,0,131,1,0,1,19,0,0,0,152,0,3,191,5,0,0,0,0,0,0,0,0,1,0,0,14,353,182,307,191,353
OCONTOCITY OF OCONTO WARDS 1-7,338,1,4,342,2,6,0,314,1,0,1,61,1,10,0,470,0,7,731,20,0,1,0,0,0,0,0,5,1,0,0,62,1179,685,866,731,1179
OCONTOTOWN OF ABRAMS WARD 1-3,95,0,1,133,0,1,1,215,0,1,0,25,0,2,0,205,0,5,273,7,0,0,0,0,0,0,0,1,2,0,0,26,704,229,450,273,704
OCONTOTOWN OF BAGLEY WARD 1,18,0,0,22,0,1,0,41,0,0,0,2,0,3,0,59,0,2,42,0,0,0,0,0,0,0,0,0,0,0,0,3,132,40,106,42,132
OCONTOTOWN OF BRAZEAU WARD 1-3,108,0,0,73,2,3,2,181,0,0,1,27,1,2,0,161,0,0,222,4,0,0,0,0,0,0,0,1,0,0,0,16,560,181,380,222,560
OCONTOTOWN OF BREED WARD 1,32,0,0,35,0,0,0,75,0,0,0,4,0,1,0,105,0,1,79,1,0,1,0,0,0,0,0,2,0,0,0,17,267,67,185,79,267
OCONTOTOWN OF CHASE WARDS 1-5,156,0,0,175,0,2,0,325,1,0,0,46,0,5,0,317,0,3,453,9,0,1,0,0,0,0,0,3,0,0,0,65,1051,331,696,453,1051
OCONTOTOWN OF DOTY WARD 1,23,0,0,26,0,1,0,32,0,0,0,7,0,2,0,59,0,2,64,3,0,0,0,0,0,0,0,0,0,0,0,6,129,49,101,64,129
OCONTOTOWN OF GILLETT WARD 1-2,42,0,0,74,1,0,0,158,1,0,2,21,0,2,0,167,0,3,94,5,0,0,0,0,0,0,0,0,0,0,0,11,439,116,352,94,439
OCONTOTOWN OF HOW WARDS 1-2,30,0,1,33,0,1,0,81,0,0,0,8,1,1,0,78,0,1,71,1,0,0,0,0,0,0,0,5,0,0,0,9,229,64,170,71,229
OCONTOTOWN OF LAKEWOOD WARD 1,74,0,0,54,0,1,0,106,0,0,0,21,0,5,1,144,0,2,192,3,0,0,0,0,0,0,0,3,0,0,0,9,365,128,278,192,365
OCONTOTOWN OF LENA WARD 1,51,0,1,44,0,2,0,83,0,0,0,16,0,1,0,93,0,1,98,0,0,0,0,0,0,0,0,0,0,0,0,15,264,96,195,98,264
OCONTOTOWN OF LITTLE RIVER WARD 1-2,70,0,0,81,1,0,0,107,0,0,0,15,0,3,0,135,0,3,154,9,0,0,0,0,0,0,0,2,0,0,0,6,375,151,261,154,375
OCONTOTOWN OF LITTLE SUAMICO WARD 1-8,256,0,2,361,1,1,1,604,0,1,0,84,3,7,0,503,0,13,767,13,0,0,0,0,0,0,0,3,1,0,0,92,1899,619,1205,767,1899
OCONTOTOWN OF MAPLE VALLEY WARD 1,43,0,1,37,0,1,0,77,0,0,0,8,0,0,0,113,0,0,86,2,0,0,0,0,0,0,0,0,0,0,0,7,269,81,199,86,269
OCONTOTOWN OF MORGAN WARD 1-2,49,0,0,72,0,2,1,130,0,0,0,5,1,0,0,128,0,5,134,4,0,1,0,0,0,0,0,3,0,0,0,14,403,121,267,134,403
OCONTOTOWN OF MOUNTAIN WARD 1,61,0,1,73,0,5,0,82,0,0,1,14,1,0,1,114,0,0,159,4,0,0,0,0,0,0,0,1,1,0,0,14,283,135,218,159,283
OCONTOTOWN OF OCONTO FALLS WARD 1-2,75,0,1,84,0,2,0,141,0,0,0,21,0,1,0,132,0,7,180,3,0,0,0,0,0,0,0,1,1,0,0,20,443,160,297,180,443
OCONTOTOWN OF OCONTO WARD 1-3,93,0,0,105,0,0,0,141,0,0,0,19,0,3,0,203,0,10,222,2,0,0,0,0,0,0,0,0,0,0,0,13,495,198,366,222,495
OCONTOTOWN OF PENSAUKEE WARD 1-2,105,0,0,78,0,1,0,150,0,0,0,16,0,2,0,161,0,1,233,3,0,0,0,0,0,0,0,4,0,0,0,17,510,183,330,233,510
OCONTOTOWN OF RIVERVIEW WARD 1-2,97,0,0,51,1,0,0,106,0,0,0,14,0,3,0,101,0,1,191,3,0,0,0,0,0,0,0,0,0,0,0,15,286,148,225,191,286
OCONTOTOWN OF SPRUCE WARD 1-2,67,0,3,43,1,0,0,79,0,0,0,11,0,3,0,115,0,2,124,1,0,0,0,0,0,0,0,0,0,0,0,10,317,113,209,124,317
OCONTOTOWN OF STILES WARD 1-2,84,0,0,96,3,2,1,184,2,0,0,14,0,5,0,164,0,5,243,5,0,1,0,0,0,0,0,0,0,0,0,32,524,180,375,243,524
OCONTOTOWN OF TOWNSEND WARD 1,110,0,0,80,0,4,0,124,0,0,0,37,0,5,0,131,0,2,252,1,0,0,0,0,0,0,0,2,0,0,0,17,396,190,301,252,396
OCONTOTOWN OF UNDERHILL WARD 1,41,0,1,79,0,3,1,92,0,0,0,12,2,0,0,101,0,2,119,0,0,0,0,0,0,0,0,0,1,0,0,10,284,121,211,119,284
OCONTOVILLAGE OF LENA WARD 1,44,0,1,41,0,1,0,46,0,0,1,10,0,1,0,47,0,1,85,1,0,0,0,0,0,0,0,0,1,0,0,4,162,86,106,85,162
OCONTOVILLAGE OF PULASKI WARD 5,0,0,0,0,0,0,0,0,0,0,0,0,0,0,0,0,0,0,0,0,0,0,0,0,0,0,0,0,0,0,0,0,0,0,0,0,0
OCONTOVILLAGE OF SURING WARD 1,18,0,0,22,0,0,0,42,0,0,1,11,1,0,0,65,0,0,50,0,0,0,0,0,0,0,0,1,0,0,0,4,152,40,120,50,152
ONEIDACITY OF RHINELANDER WARD 1,68,0,1,73,2,1,0,39,0,0,0,18,0,2,0,64,0,3,195,7,0,0,0,0,0,0,0,2,0,0,0,18,184,142,126,195,184
ONEIDACITY OF RHINELANDER WARD 10,56,0,0,101,1,0,0,53,0,0,0,20,0,0,0,65,0,2,170,5,0,0,0,0,0,0,0,0,1,0,0,22,198,157,139,170,198
ONEIDACITY OF RHINELANDER WARDS 11-12,50,0,0,100,2,2,1,43,0,0,0,16,0,1,0,61,0,2,199,4,0,0,0,0,0,0,0,4,0,0,0,31,173,150,126,199,173
ONEIDACITY OF RHINELANDER WARDS 13-14,43,0,0,88,2,1,0,58,0,0,0,20,1,3,0,66,0,2,173,13,0,0,0,0,0,0,0,2,0,0,0,26,187,131,151,173,187
ONEIDACITY OF RHINELANDER WARDS 2-3,70,0,0,105,1,1,0,56,0,0,0,14,0,2,0,59,0,4,198,7,0,0,0,0,0,0,0,0,0,0,0,13,207,175,133,198,207
ONEIDACITY OF RHINELANDER WARDS 4-5,43,0,2,91,2,0,0,48,0,0,0,9,0,0,0,48,0,2,166,8,0,0,0,0,0,0,0,2,0,0,0,28,182,136,107,166,182
ONEIDACITY OF RHINELANDER WARDS 6-7,52,0,0,82,1,1,2,43,0,0,0,15,0,1,0,73,0,0,173,0,0,0,0,1,0,0,0,4,1,0,0,22,175,134,136,173,175
ONEIDACITY OF RHINELANDER WARDS 8-9,86,0,0,144,2,2,1,84,1,0,0,30,2,3,0,61,0,7,264,5,0,0,0,0,0,0,0,1,0,0,0,24,196,230,186,264,196
ONEIDATOWN OF CASSIAN WARDS 1-2,77,0,1,132,1,0,0,105,0,0,1,49,3,0,0,133,0,4,250,7,0,0,0,0,0,0,0,0,1,0,0,22,391,210,292,250,391
ONEIDATOWN OF CRESCENT WARDS 1-3,171,0,2,241,0,0,0,210,1,0,0,74,0,3,0,233,0,4,524,4,0,2,0,0,0,0,0,4,1,0,0,37,712,414,521,524,712
ONEIDATOWN OF ENTERPRISE WARD 1,31,0,0,35,0,1,0,36,0,0,0,8,1,0,0,68,0,2,72,2,0,0,0,0,0,0,0,0,0,0,0,5,148,66,114,72,148
ONEIDATOWN OF HAZELHURST WARDS 1-2,101,0,0,162,2,0,0,111,1,0,1,47,3,1,0,181,0,0,330,10,0,0,0,0,0,0,0,0,0,0,0,17,484,263,347,330,484
ONEIDATOWN OF LAKE TOMAHAWK WARDS 1-2,63,0,0,105,2,0,0,65,0,0,0,24,0,3,0,171,0,2,223,1,0,0,0,0,0,0,0,0,0,0,0,16,398,168,265,223,398
ONEIDATOWN OF LITTLE RICE WARD 1,21,0,0,19,0,0,0,42,0,0,0,10,0,3,0,53,0,0,58,1,0,0,0,0,0,0,0,0,0,0,0,3,159,40,108,58,159
ONEIDATOWN OF LYNNE WARD 1,9,0,0,8,0,0,0,8,0,0,0,4,0,0,0,25,0,0,20,1,0,1,0,0,0,0,0,0,0,0,0,2,56,17,37,20,56
ONEIDATOWN OF MINOCQUA WARDS 1-7,292,0,0,406,4,9,2,502,0,0,2,219,2,18,0,703,0,12,1026,20,0,1,0,0,0,0,0,0,0,0,0,78,1920,698,1461,1026,1920
ONEIDATOWN OF MONICO WARD 1,3,0,0,25,0,0,0,24,0,0,0,9,0,1,0,37,0,1,40,1,0,0,0,0,0,0,0,0,0,0,0,4,110,28,71,40,110
ONEIDATOWN OF NEWBOLD WARD 1,23,0,0,32,0,0,0,45,0,0,0,11,0,0,0,58,0,2,83,2,0,0,0,0,0,0,0,2,0,0,0,3,143,55,114,83,143
ONEIDATOWN OF NEWBOLD WARDS 2-4,182,0,1,268,1,5,0,258,2,0,4,84,1,4,1,301,0,10,586,11,0,0,0,0,0,0,0,3,0,0,0,61,821,451,661,586,821
ONEIDATOWN OF NOKOMIS WARD 1-2,131,0,0,133,1,4,0,95,0,0,1,33,1,2,0,185,0,1,340,11,0,0,0,0,0,0,0,2,1,0,0,20,473,264,322,340,473
ONEIDATOWN OF PELICAN WARDS 1-4,188,0,0,314,3,2,0,226,0,0,0,78,0,8,0,257,0,7,604,12,0,2,0,0,0,0,0,6,3,0,0,61,807,502,574,604,807
ONEIDATOWN OF PIEHL WARD 1,5,0,0,8,0,0,0,8,0,0,0,1,0,1,0,14,0,0,17,1,0,0,0,0,0,0,0,0,0,0,0,0,29,13,24,17,29
ONEIDATOWN OF PINE LAKE WARD 1-4,208,0,3,333,2,3,0,228,0,0,0,90,5,4,0,301,0,8,658,16,0,1,0,0,0,0,0,8,1,0,0,66,852,544,633,658,852
ONEIDATOWN OF SCHOEPKE WARD 1,27,0,0,28,0,0,0,39,0,0,0,9,0,0,1,58,0,0,90,2,0,0,0,0,0,0,0,0,0,0,0,2,136,55,107,90,136
ONEIDATOWN OF STELLA WARDS 1-2,51,0,0,88,0,2,0,63,1,0,0,13,0,1,0,57,0,2,156,5,0,0,0,0,0,0,0,0,0,0,0,9,200,139,137,156,200
ONEIDATOWN OF SUGAR CAMP WARDS 1-2,103,0,1,165,1,2,1,196,0,0,1,60,5,5,0,264,0,3,361,5,8,0,0,0,0,0,0,1,1,0,0,43,717,269,535,361,717
ONEIDATOWN OF THREE LAKES WARDS 1-4,129,0,1,217,1,5,0,263,2,0,1,107,2,8,0,339,0,5,448,19,0,0,0,0,0,0,0,4,0,0,0,56,1022,347,728,448,1022
ONEIDATOWN OF WOODBORO WARD 1,61,0,0,90,1,1,0,93,0,0,1,28,2,2,0,84,0,6,196,1,0,0,0,0,0,0,0,1,2,0,0,31,292,151,212,196,292
ONEIDATOWN OF WOODRUFF WARD 1-3,156,0,0,220,1,2,2,201,1,0,0,68,4,5,0,318,0,4,484,10,0,1,0,0,0,0,0,0,0,0,0,31,745,376,602,484,745
OUTAGAMIECITY OF APPLETON WARD 1,93,0,1,177,0,3,1,74,0,0,0,24,2,3,0,101,0,6,334,18,0,0,0,0,0,0,0,2,1,0,0,29,248,271,208,334,248
OUTAGAMIECITY OF APPLETON WARD 10,111,0,0,135,3,0,0,109,1,0,0,31,2,0,0,84,0,1,321,0,0,0,0,0,0,0,0,1,0,0,0,19,278,246,230,321,278
OUTAGAMIECITY OF APPLETON WARD 11,64,0,0,97,1,1,0,91,0,0,0,40,1,1,0,64,0,2,233,8,0,1,0,0,0,0,0,2,0,0,0,17,233,161,199,233,233
OUTAGAMIECITY OF APPLETON WARD 15,123,0,0,143,1,3,0,156,0,0,0,54,0,3,0,128,0,0,356,7,0,0,0,0,0,0,0,2,1,0,0,25,368,266,345,356,368
OUTAGAMIECITY OF APPLETON WARD 16,115,0,1,107,2,0,0,142,1,0,1,40,0,4,0,89,0,3,314,6,0,1,0,0,0,0,0,5,0,0,0,23,303,223,279,314,303
OUTAGAMIECITY OF APPLETON WARD 17,124,0,0,139,0,1,0,182,0,1,1,38,1,2,0,102,0,4,358,2,0,0,0,0,0,0,1,11,1,0,0,20,350,263,328,358,350
OUTAGAMIECITY OF APPLETON WARD 18,81,0,0,106,0,3,0,112,0,0,0,59,0,2,0,89,0,0,255,3,0,0,0,0,0,0,0,3,0,0,0,23,314,187,265,255,314
OUTAGAMIECITY OF APPLETON WARD 19,170,0,0,159,0,2,0,382,0,0,1,129,2,5,0,214,0,1,532,2,0,0,0,0,0,0,0,10,0,0,0,38,801,329,735,532,801
OUTAGAMIECITY OF APPLETON WARD 2,148,0,0,440,2,1,0,198,0,1,0,30,1,1,0,131,0,4,686,38,0,0,0,0,0,0,0,9,1,0,0,79,515,588,365,686,515
OUTAGAMIECITY OF APPLETON WARD 20,117,0,0,120,0,1,0,222,0,0,0,84,0,2,0,147,0,5,414,4,0,0,0,0,0,0,0,12,0,0,0,44,525,237,456,414,525
OUTAGAMIECITY OF APPLETON WARD 21,2,0,0,2,0,0,0,6,0,0,0,4,0,0,0,3,0,0,7,1,0,0,0,0,0,0,0,0,0,0,0,2,13,4,13,7,13
OUTAGAMIECITY OF APPLETON WARD 22,2,0,0,2,0,0,0,11,0,0,0,4,0,0,0,7,0,0,8,0,0,0,0,0,0,0,0,0,0,0,0,0,32,4,22,8,32
OUTAGAMIECITY OF APPLETON WARD 23,0,0,0,0,0,0,0,0,0,0,0,0,0,0,0,0,0,0,0,0,0,0,0,0,0,0,0,0,0,0,0,0,0,0,0,0,0
OUTAGAMIECITY OF APPLETON WARD 24,65,0,0,103,1,0,0,68,0,0,0,22,0,1,0,46,0,1,234,10,0,0,0,0,0,0,0,0,0,0,0,26,168,168,138,234,168
OUTAGAMIECITY OF APPLETON WARD 25,97,0,1,211,1,1,0,154,0,0,0,30,0,4,0,101,0,5,406,17,0,0,0,0,0,0,1,3,0,0,0,40,380,309,291,406,380
OUTAGAMIECITY OF APPLETON WARD 27,147,0,1,283,1,1,0,175,0,0,1,54,0,1,0,108,0,1,534,10,0,0,0,0,0,0,1,20,0,0,0,54,358,431,341,534,358
OUTAGAMIECITY OF APPLETON WARD 28,90,0,0,330,1,1,0,129,0,0,0,49,2,2,0,99,0,9,436,18,0,2,0,0,0,0,0,7,3,0,0,45,379,420,283,436,379
OUTAGAMIECITY OF APPLETON WARD 29,149,0,0,356,1,3,0,174,0,1,1,31,2,1,0,125,0,12,594,14,0,0,0,0,0,0,0,0,0,0,0,66,442,505,339,594,442
OUTAGAMIECITY OF APPLETON WARD 3,274,0,0,586,2,4,1,190,1,0,1,72,3,4,0,140,0,8,1025,30,0,0,0,0,0,0,0,4,1,0,0,75,465,860,418,1025,465
OUTAGAMIECITY OF APPLETON WARD 30,119,0,2,297,1,1,0,104,2,0,0,28,1,2,0,117,0,2,466,23,0,1,0,0,0,0,0,0,1,0,0,40,390,418,256,466,390
OUTAGAMIECITY OF APPLETON WARD 33,159,0,0,263,2,4,0,182,1,0,0,57,1,3,0,139,0,6,533,18,0,1,0,0,0,0,0,7,1,0,0,46,432,422,389,533,432
OUTAGAMIECITY OF APPLETON WARD 34,42,0,0,111,0,0,0,33,0,0,0,9,0,0,0,28,0,1,179,4,0,0,0,0,0,0,0,0,0,0,0,17,94,153,70,179,94
OUTAGAMIECITY OF APPLETON WARD 35,130,0,0,200,0,3,1,169,0,0,0,58,1,6,0,143,0,8,430,8,0,1,0,0,0,0,0,0,1,0,0,51,437,330,381,430,437
OUTAGAMIECITY OF APPLETON WARD 36,152,0,1,303,1,2,2,228,0,0,2,52,1,5,1,171,0,6,558,14,0,1,0,0,0,0,0,0,1,0,0,59,544,456,465,558,544
OUTAGAMIECITY OF APPLETON WARD 37,102,0,0,168,0,0,0,162,0,0,0,27,1,1,0,96,0,0,360,7,0,0,0,0,0,0,0,1,0,0,0,33,365,270,287,360,365
OUTAGAMIECITY OF APPLETON WARD 38,153,0,1,157,3,2,2,334,2,0,0,102,0,10,0,196,0,5,526,11,0,0,0,0,0,0,0,9,1,0,0,46,730,311,651,526,730
OUTAGAMIECITY OF APPLETON WARD 39,93,0,1,106,1,1,0,164,1,0,0,26,1,0,0,108,0,6,311,3,0,0,0,0,0,0,0,8,0,0,0,37,393,200,302,311,393
OUTAGAMIECITY OF APPLETON WARD 4,93,0,0,191,1,0,0,156,0,0,0,22,0,2,1,111,0,4,337,13,0,0,0,0,0,0,0,1,0,0,0,39,416,284,293,337,416
OUTAGAMIECITY OF APPLETON WARD 40,0,0,0,3,0,0,0,6,0,0,0,4,0,0,0,2,0,0,6,0,0,0,0,0,0,0,0,0,0,0,0,0,10,3,12,6,10
OUTAGAMIECITY OF APPLETON WARD 41,7,0,0,7,0,0,0,44,0,0,0,14,0,1,0,25,0,0,45,4,0,0,0,0,0,0,0,5,0,0,0,1,81,14,84,45,81
OUTAGAMIECITY OF APPLETON WARD 42,116,0,1,188,1,4,0,216,0,0,0,35,3,6,0,107,0,3,411,11,0,0,0,0,0,0,0,4,0,0,0,32,420,305,372,411,420
OUTAGAMIECITY OF APPLETON WARD 43,118,0,0,174,0,1,0,175,1,0,0,41,6,2,0,78,0,10,389,4,0,0,0,0,0,0,0,9,3,0,0,41,336,292,304,389,336
OUTAGAMIECITY OF APPLETON WARD 48,29,0,0,32,1,0,0,17,0,0,0,1,0,1,0,16,0,1,79,4,0,0,0,0,0,0,0,0,0,0,0,8,50,61,36,79,50
OUTAGAMIECITY OF APPLETON WARD 49,14,0,0,29,0,1,0,14,0,0,0,2,0,0,0,16,0,0,42,3,0,0,0,0,0,0,0,0,0,0,0,3,40,43,33,42,40
OUTAGAMIECITY OF APPLETON WARD 5,0,0,0,0,0,0,0,1,0,0,0,0,0,0,0,2,0,0,0,0,0,0,0,0,0,0,0,0,0,0,0,0,4,0,3,0,4
OUTAGAMIECITY OF APPLETON WARD 50,16,0,0,31,0,0,0,20,0,0,0,7,0,0,0,19,0,0,74,1,0,0,0,0,0,0,0,3,0,0,0,7,52,47,46,74,52
OUTAGAMIECITY OF APPLETON WARD 51,127,0,0,279,0,1,2,150,0,0,0,51,3,4,0,90,0,9,501,14,0,1,0,0,0,0,0,6,0,0,0,38,331,406,301,501,331
OUTAGAMIECITY OF APPLETON WARD 52,13,0,0,30,0,0,0,29,1,0,0,4,0,1,0,6,0,0,52,2,0,0,0,0,0,0,0,0,0,0,0,1,47,43,41,52,47
OUTAGAMIECITY OF APPLETON WARD 53,9,0,0,0,0,1,0,1,0,0,0,1,0,0,0,0,0,0,12,1,0,0,0,0,0,0,0,0,0,0,0,0,2,9,3,12,2
OUTAGAMIECITY OF APPLETON WARD 54,144,0,0,229,2,3,0,185,0,0,0,61,1,4,0,125,0,1,414,10,0,1,0,0,0,0,0,7,0,0,0,45,397,373,381,414,397
OUTAGAMIECITY OF APPLETON WARD 55,56,0,0,106,0,1,0,96,0,0,1,19,0,2,0,58,0,5,223,0,0,0,0,0,0,0,4,2,0,0,0,24,212,162,177,223,212
OUTAGAMIECITY OF APPLETON WARD 56,0,0,0,0,0,0,0,0,0,0,0,0,0,0,0,1,0,0,0,0,0,0,0,0,0,0,0,0,0,0,0,0,1,0,1,0,1
OUTAGAMIECITY OF APPLETON WARD 57,0,0,0,1,0,0,0,0,0,0,0,0,0,0,0,1,0,0,12,0,0,0,0,0,0,0,0,0,0,0,0,0,5,1,1,12,5
OUTAGAMIECITY OF APPLETON WARD 58,0,0,0,0,0,0,0,0,0,0,0,0,0,0,0,0,0,0,0,0,0,0,0,0,0,0,0,0,0,0,0,0,0,0,0,0,0
OUTAGAMIECITY OF APPLETON WARD 59,0,0,0,1,0,0,0,0,0,0,0,0,0,0,0,0,0,0,0,0,0,0,0,0,0,0,0,0,0,0,0,0,1,1,0,0,1
OUTAGAMIECITY OF APPLETON WARD 6,76,0,0,125,0,0,0,67,1,0,0,16,0,4,0,68,1,6,269,11,0,0,0,0,0,0,0,3,0,0,0,25,196,201,157,269,196
OUTAGAMIECITY OF APPLETON WARD 7,161,0,0,174,2,2,0,196,0,0,2,37,1,2,0,116,2,8,483,9,0,0,0,0,0,0,0,13,1,0,0,49,471,335,360,483,471
OUTAGAMIECITY OF APPLETON WARD 8,169,0,0,619,0,0,0,54,0,0,1,37,0,0,0,34,0,4,900,19,0,0,0,0,0,0,0,3,2,0,0,25,140,788,126,900,140
OUTAGAMIECITY OF APPLETON WARD 9,115,0,0,188,0,1,0,147,0,0,0,27,2,2,0,111,0,5,425,11,0,0,0,1,0,0,0,0,1,0,0,41,383,303,290,425,383
OUTAGAMIECITY OF KAUKAUNA WARD 12,0,0,0,0,0,0,0,0,0,0,0,0,0,0,0,0,0,0,0,0,0,0,0,0,0,0,0,0,0,0,0,0,0,0,0,0,0
OUTAGAMIECITY OF KAUKAUNA WARDS 1-3,255,0,0,321,0,1,0,260,0,0,0,52,0,7,0,222,0,9,759,24,0,1,0,0,0,0,0,1,2,0,0,71,892,576,542,759,892
OUTAGAMIECITY OF KAUKAUNA WARDS 4-5,276,0,3,333,0,2,0,320,1,0,0,75,0,5,1,220,0,8,810,22,0,1,0,0,0,0,0,9,1,0,0,87,925,612,624,810,925
OUTAGAMIECITY OF KAUKAUNA WARDS 6-7,316,0,2,393,4,4,0,321,0,0,3,56,0,5,1,231,0,14,838,29,0,1,0,0,0,0,0,3,2,0,0,93,903,711,625,838,903
OUTAGAMIECITY OF KAUKAUNA WARDS 8-10,312,0,0,326,3,3,0,338,1,0,2,67,3,9,0,296,0,8,943,20,0,1,0,0,0,0,0,6,0,0,0,89,1015,638,722,943,1015
OUTAGAMIECITY OF NEW LONDON WARDS 1-2,87,0,1,93,0,1,1,95,0,0,0,21,1,1,0,126,0,3,228,6,0,2,0,0,0,0,0,1,0,0,0,23,382,181,246,228,382
OUTAGAMIECITY OF SEYMOUR WARDS 1-6,181,0,0,245,1,2,0,324,0,0,2,60,3,10,0,297,0,11,579,21,0,0,0,0,0,0,0,8,0,0,0,65,1001,426,699,579,1001
OUTAGAMIETOWN OF BLACK CREEK WARDS 1-2,47,0,0,85,0,0,0,170,0,0,0,25,0,2,0,121,0,5,194,5,0,0,0,0,0,0,0,1,0,0,0,17,461,132,318,194,461
OUTAGAMIETOWN OF BOVINA WARDS 1-2,69,0,1,87,0,3,0,122,0,0,0,12,0,3,0,122,0,2,184,2,0,0,0,0,0,0,0,0,0,0,0,17,427,157,262,184,427
OUTAGAMIETOWN OF BUCHANAN WARDS 1-10,423,0,3,561,1,8,1,827,1,0,1,161,2,15,0,599,0,14,1488,28,0,1,0,0,0,0,0,14,4,0,0,165,2108,987,1616,1488,2108
OUTAGAMIETOWN OF CENTER WARDS 1-7,179,0,1,266,3,5,0,553,1,0,0,90,5,8,0,426,0,11,572,11,0,2,0,0,0,0,0,8,0,0,0,91,1421,446,1091,572,1421
OUTAGAMIETOWN OF CICERO WARDS 1-2,43,0,1,94,0,1,0,140,0,0,0,18,0,2,0,60,0,3,175,6,0,0,0,0,0,0,0,0,0,0,0,19,312,138,221,175,312
OUTAGAMIETOWN OF DALE WARDS 1-3,116,0,0,199,2,3,3,411,1,0,0,54,1,7,1,296,0,10,411,15,0,2,0,0,0,0,0,15,0,0,0,36,1102,315,779,411,1102
OUTAGAMIETOWN OF DEER CREEK WARD 1,27,0,0,37,0,0,0,66,0,0,0,11,0,1,0,50,0,5,74,5,0,0,0,0,0,0,0,0,0,0,0,5,195,64,128,74,195
OUTAGAMIETOWN OF ELLINGTON WARDS 1-5,114,0,2,191,0,3,0,412,0,0,1,41,1,5,0,330,0,7,385,8,0,1,0,0,0,0,0,6,1,0,0,44,1208,307,793,385,1208
OUTAGAMIETOWN OF FREEDOM WARDS 1-8,338,0,1,419,2,9,4,761,1,0,2,118,2,16,0,565,0,20,971,30,0,2,0,1,0,0,0,10,2,0,0,136,2086,758,1480,971,2086
OUTAGAMIETOWN OF GRAND CHUTE WARD 18,0,0,0,0,0,0,0,0,0,0,0,0,0,0,0,0,0,0,0,0,0,0,0,0,0,0,0,0,0,0,0,0,0,0,0,0,0
OUTAGAMIETOWN OF GRAND CHUTE WARDS 1-3,336,0,0,458,1,3,1,651,1,0,3,189,4,10,0,439,0,18,1194,24,1,0,0,0,0,0,0,10,2,0,0,132,1644,794,1302,1194,1644
OUTAGAMIETOWN OF GRAND CHUTE WARDS 11-14,431,0,3,630,5,4,0,709,0,0,0,198,6,20,1,578,0,8,1044,34,0,1,0,0,0,0,0,9,3,0,0,106,1278,1064,1521,1044,1278
OUTAGAMIETOWN OF GRAND CHUTE WARDS 15-17,247,0,2,216,2,4,2,346,2,0,2,96,1,5,0,257,0,11,985,15,0,2,0,0,0,0,0,6,0,0,0,96,1296,465,717,985,1296
OUTAGAMIETOWN OF HORTONIA WARDS 1-2,44,0,0,78,0,1,0,165,2,0,0,21,0,0,0,139,0,3,177,2,0,0,0,0,0,0,0,0,0,0,0,27,427,122,328,177,427
OUTAGAMIETOWN OF KAUKAUNA WARDS 1-3,73,0,0,78,2,1,0,196,0,0,1,21,0,2,0,126,0,1,192,2,0,0,0,0,0,0,0,3,1,0,0,20,507,151,349,192,507
OUTAGAMIETOWN OF LIBERTY WARD 1,42,0,1,68,0,1,0,99,1,0,1,14,1,3,0,116,0,2,131,3,0,0,0,0,0,0,0,1,0,0,0,11,364,111,236,131,364
OUTAGAMIETOWN OF MAINE WARD 1,42,0,0,76,0,1,0,114,0,0,0,9,1,2,0,71,0,0,139,3,0,1,0,0,0,0,0,5,0,0,0,19,292,118,198,139,292
OUTAGAMIETOWN OF MAPLE CREEK WARD 1,23,0,0,30,0,0,0,76,0,0,0,9,0,1,0,67,0,3,80,1,0,0,0,0,0,0,0,1,0,0,0,6,223,53,153,80,223
OUTAGAMIETOWN OF ONEIDA WARDS 1-6,232,0,1,374,1,2,1,343,0,0,1,36,3,6,0,279,0,9,830,38,0,2,0,0,0,0,0,3,2,0,0,49,991,607,672,830,991
OUTAGAMIETOWN OF OSBORN WARDS 1-2,67,0,1,76,1,1,0,163,1,0,1,33,0,6,0,122,0,1,196,0,0,0,0,0,0,0,0,2,1,0,0,32,477,144,328,196,477
OUTAGAMIETOWN OF SEYMOUR WARDS 1-2,39,0,0,67,0,0,0,137,0,0,0,12,0,4,0,136,0,5,149,5,0,1,0,0,0,0,0,0,0,0,0,20,446,106,289,149,446
OUTAGAMIETOWN OF VANDENBROEK WARDS 1-3,85,0,1,108,0,3,0,243,0,0,1,42,2,3,1,134,0,3,267,8,0,0,0,0,0,0,0,1,2,0,0,37,578,194,429,267,578
OUTAGAMIEVILLAGE OF BEAR CREEK WARD 1,22,0,0,14,0,0,0,23,0,0,0,4,1,1,0,33,0,1,52,0,0,0,0,0,0,0,0,0,0,0,0,6,85,36,62,52,85
OUTAGAMIEVILLAGE OF BLACK CREEK WARDS 1-2,50,0,0,102,0,2,1,142,1,0,0,19,1,0,0,109,0,4,190,5,0,0,0,0,0,0,0,0,0,0,0,26,427,152,275,190,427
OUTAGAMIEVILLAGE OF COMBINED LOCKS WARDS 1-5,0,0,0,0,0,0,0,1,0,0,0,0,0,0,0,0,0,11,794,21,0,0,0,0,0,0,0,6,0,0,0,82,1129,0,1,794,1129
OUTAGAMIEVILLAGE OF HARRISON WARDS 1-2,0,0,0,0,0,0,0,0,0,0,0,0,0,0,0,0,0,0,0,0,0,0,0,0,0,0,0,0,0,0,0,0,0,0,0,0,0
OUTAGAMIEVILLAGE OF HORTONVILLE WARDS 1-3,120,0,1,240,5,2,1,316,0,0,1,66,2,8,0,266,0,5,493,13,0,0,0,0,0,0,0,7,0,0,0,62,904,361,667,493,904
OUTAGAMIEVILLAGE OF HOWARD WARD 17,0,0,0,0,0,0,0,0,0,0,0,0,0,0,0,0,0,0,0,0,0,0,0,0,0,0,0,0,0,0,0,0,0,0,0,0,0
OUTAGAMIEVILLAGE OF KIMBERLY WARD 1-9,482,0,3,658,5,5,2,679,1,0,3,124,4,19,3,481,0,21,1563,36,0,5,0,0,0,0,4,19,7,0,0,184,1750,1143,1326,1563,1750
OUTAGAMIEVILLAGE OF LITTLE CHUTE WARD 7,226,0,0,243,2,5,0,311,0,1,0,80,2,7,0,249,0,6,374,17,0,2,0,0,0,0,0,0,0,0,0,65,534,469,657,374,534
OUTAGAMIEVILLAGE OF NICHOLS WARD 1,11,0,0,17,1,1,0,29,0,0,0,4,0,0,0,24,0,1,19,0,0,0,0,0,0,0,0,0,0,0,0,5,89,28,59,19,89
OUTAGAMIEVILLAGE OF SHIOCTON WARD 1,57,0,1,84,0,3,1,42,0,0,4,8,1,0,0,88,0,1,146,9,0,0,0,0,0,0,0,5,1,0,0,14,238,142,147,146,238
OZAUKEECITY OF CEDARBURG WARD 1,154,0,0,161,0,0,0,381,0,0,0,115,0,2,0,86,0,9,474,8,0,1,0,0,0,0,0,8,0,0,0,56,530,315,584,474,530
"OZAUKEECITY OF CEDARBURG WARD 2,9",149,0,0,97,8,0,1,358,0,0,0,147,0,9,0,104,0,7,436,3,0,0,0,0,0,0,0,24,0,0,0,41,601,246,627,436,601
OZAUKEECITY OF CEDARBURG WARD 3,140,0,0,185,2,1,0,312,0,0,0,97,0,3,0,84,0,3,472,11,0,0,0,0,0,0,0,2,1,0,0,47,524,325,499,472,524
"OZAUKEECITY OF CEDARBURG WARD 4,8",90,0,0,129,0,0,0,275,0,0,0,73,0,3,0,75,0,5,374,13,0,1,0,0,0,0,0,8,1,0,0,41,440,219,426,374,440
OZAUKEECITY OF CEDARBURG WARD 5,119,0,1,142,3,1,0,219,1,0,0,67,1,5,0,75,0,3,422,10,0,0,0,0,0,0,0,16,0,0,0,51,445,262,372,422,445
OZAUKEECITY OF CEDARBURG WARD 6,124,0,0,167,0,4,1,331,0,0,0,100,2,3,0,97,0,1,430,13,0,0,0,0,0,0,1,9,0,0,0,32,535,291,538,430,535
OZAUKEECITY OF CEDARBURG WARD 7,121,0,0,127,1,2,0,355,0,0,2,109,0,4,0,107,0,3,401,6,0,1,0,0,0,0,0,8,0,0,0,46,541,248,580,401,541
OZAUKEECITY OF MEQUON WARD 15,191,0,0,82,2,1,1,186,0,0,1,103,0,4,0,98,0,2,428,6,0,0,0,0,0,0,0,9,0,0,0,21,419,273,396,428,419
OZAUKEECITY OF MEQUON WARD 16,84,0,0,80,0,1,0,215,1,0,0,92,0,4,0,66,0,2,265,3,0,0,0,0,0,0,0,3,0,0,0,16,363,164,379,265,363
OZAUKEECITY OF MEQUON WARD 17,173,0,0,65,1,0,2,195,0,0,0,107,2,1,0,73,0,0,370,3,0,1,0,0,0,0,0,5,1,0,0,28,341,238,381,370,341
OZAUKEECITY OF MEQUON WARD 18,94,0,0,43,0,0,0,161,1,0,0,65,0,4,0,47,0,2,241,0,0,0,0,0,0,0,0,3,0,0,0,14,288,137,278,241,288
OZAUKEECITY OF MEQUON WARDS 11-12,216,0,0,254,3,2,0,494,0,0,0,201,1,17,0,153,0,11,715,11,0,1,0,0,0,0,0,7,0,0,0,75,988,470,871,715,988
OZAUKEECITY OF MEQUON WARDS 13-14,156,0,0,117,1,3,0,339,2,0,2,143,0,10,0,129,0,1,454,3,0,0,0,0,0,0,0,7,0,0,0,47,622,273,629,454,622
OZAUKEECITY OF MEQUON WARDS 19-21,317,0,0,173,1,1,1,461,0,0,1,303,0,8,0,188,0,7,835,8,0,0,0,0,0,0,0,16,0,0,0,66,890,490,964,835,890
OZAUKEECITY OF MEQUON WARDS 3-4,279,0,0,204,1,6,0,566,0,0,0,184,0,6,0,198,0,5,747,10,1,0,0,0,0,0,0,17,0,0,0,65,990,483,961,747,990
"OZAUKEECITY OF MEQUON WARDS 5,7B",264,0,0,204,1,4,0,742,1,0,0,207,2,8,0,243,0,2,301,1,0,0,0,0,0,0,2,9,0,0,0,32,490,468,1208,301,490
OZAUKEECITY OF MEQUON WARDS 8-10,266,0,0,245,0,2,1,538,1,0,0,190,2,15,0,168,0,8,801,9,0,0,0,0,0,0,0,21,0,0,0,57,1013,511,917,801,1013
OZAUKEECITY OF PORT WASHINGTON WARD 1,137,0,1,149,2,6,1,286,0,0,0,85,0,6,0,107,0,0,399,9,0,0,2,0,0,0,0,12,1,0,0,48,572,287,493,399,572
OZAUKEECITY OF PORT WASHINGTON WARD 2,126,0,1,138,2,4,1,221,0,1,1,52,0,9,0,88,0,6,365,6,0,0,0,0,0,0,0,5,0,0,0,51,447,265,379,365,447
OZAUKEECITY OF PORT WASHINGTON WARD 3,96,0,0,186,1,1,0,225,1,0,1,77,2,2,0,100,0,4,400,6,0,0,0,0,0,0,0,8,0,0,0,49,457,282,410,400,457
OZAUKEECITY OF PORT WASHINGTON WARD 4,106,0,0,114,0,0,0,188,0,0,2,56,0,2,0,76,0,1,374,9,0,0,0,0,0,0,0,5,0,0,0,30,437,220,324,374,437
OZAUKEECITY OF PORT WASHINGTON WARD 5,145,0,1,138,2,0,0,318,1,0,1,67,0,11,0,89,0,2,421,8,0,1,0,0,0,0,0,9,1,0,0,35,532,284,489,421,532
OZAUKEECITY OF PORT WASHINGTON WARD 6,106,0,0,151,2,1,0,203,1,0,0,29,1,6,0,80,0,7,344,6,0,0,0,0,0,0,0,3,1,0,0,37,434,257,323,344,434
OZAUKEECITY OF PORT WASHINGTON WARD 7,138,0,1,149,0,0,0,253,0,0,0,71,2,8,0,84,0,2,388,11,0,0,0,0,0,0,0,12,0,0,0,48,475,288,418,388,475
OZAUKEETOWN OF BELGIUM WARD 1-3,87,0,0,87,1,0,1,318,2,0,0,50,0,3,0,111,0,5,273,8,0,1,0,0,0,0,0,7,1,0,0,41,560,174,486,273,560
OZAUKEETOWN OF CEDARBURG WARD 1-2,83,0,1,85,2,2,0,313,0,0,0,85,0,5,0,114,0,1,274,5,0,0,0,0,0,0,0,5,0,0,0,25,532,169,521,274,532
OZAUKEETOWN OF CEDARBURG WARD 3-4,80,0,0,143,2,1,0,361,0,0,0,91,1,4,0,118,0,0,312,9,0,0,0,0,0,0,0,17,0,0,0,38,597,223,578,312,597
"OZAUKEETOWN OF CEDARBURG WARD 5-6,10",77,0,0,130,3,4,0,457,0,0,1,93,2,7,0,116,0,1,315,12,0,0,0,0,0,0,0,11,1,0,0,43,714,207,683,315,714
OZAUKEETOWN OF CEDARBURG WARD 7-9,79,0,0,103,2,2,2,417,0,0,0,104,1,6,0,116,0,2,298,3,0,2,0,0,0,0,0,12,0,0,0,45,700,182,650,298,700
OZAUKEETOWN OF FREDONIA WARD 1-4,63,0,0,131,2,3,1,466,0,0,0,79,0,8,0,169,0,6,261,8,0,0,0,0,0,0,0,8,2,0,0,38,929,194,728,261,929
"OZAUKEETOWN OF GRAFTON WARDS 1-2,5",110,0,0,162,1,2,1,585,0,0,0,113,1,5,0,184,0,9,382,9,0,0,0,0,0,0,0,17,0,0,0,41,927,272,892,382,927
OZAUKEETOWN OF GRAFTON WARDS 3-4,173,0,1,193,2,4,2,489,0,0,1,121,4,8,0,180,0,5,494,13,0,1,0,0,0,0,0,15,0,0,0,58,805,367,811,494,805
OZAUKEETOWN OF PORT WASHINGTON WARD 1-2,89,0,0,101,0,4,0,291,1,0,1,74,0,6,0,128,0,6,282,2,0,1,0,0,0,0,0,11,0,0,0,33,606,190,505,282,606
OZAUKEETOWN OF SAUKVILLE WARD 1-3,92,0,0,109,3,2,1,448,0,0,0,76,1,2,0,153,0,3,258,13,0,0,0,0,0,0,0,3,0,0,0,39,869,201,686,258,869
OZAUKEEVILLAGE OF BAYSIDE WARD 6,23,0,0,9,0,0,0,15,0,0,0,12,0,0,0,4,0,0,46,2,0,0,0,0,0,0,0,3,0,0,0,0,28,32,31,46,28
OZAUKEEVILLAGE OF BELGIUM WARD 1-3,106,0,0,138,1,3,1,352,1,0,0,68,0,7,0,129,0,2,349,8,0,0,1,0,0,0,0,5,4,0,0,54,826,244,562,349,826
OZAUKEEVILLAGE OF FREDONIA WARDS 1-3,95,0,1,130,0,3,2,405,1,0,0,60,2,5,0,162,0,12,332,6,0,1,0,0,0,0,0,8,0,0,0,49,827,226,640,332,827
OZAUKEEVILLAGE OF GRAFTON WARDS 1-2,106,0,1,152,1,1,0,391,2,0,0,74,4,2,0,109,0,4,323,14,0,1,0,0,0,0,0,16,1,0,0,35,601,259,584,323,601
OZAUKEEVILLAGE OF GRAFTON WARDS 11-12,102,0,0,120,2,1,0,379,0,0,0,83,0,5,1,112,0,5,305,6,0,0,0,0,0,0,0,6,1,0,0,29,599,222,583,305,599
OZAUKEEVILLAGE OF GRAFTON WARDS 13-14,168,0,0,123,0,0,0,273,1,0,0,79,0,4,2,98,0,2,457,6,0,0,0,0,0,0,0,5,0,0,0,31,477,291,457,457,477
OZAUKEEVILLAGE OF GRAFTON WARDS 3-4,119,0,0,171,3,0,0,375,0,0,0,89,0,10,0,110,0,8,384,13,0,0,0,0,0,0,0,8,0,0,0,54,625,290,587,384,625
OZAUKEEVILLAGE OF GRAFTON WARDS 5-6,112,0,2,194,0,1,1,271,0,0,0,67,0,3,0,130,0,5,428,10,0,0,0,0,0,0,0,3,0,0,0,38,529,308,473,428,529
OZAUKEEVILLAGE OF GRAFTON WARDS 7-8,100,0,0,116,1,2,0,375,0,1,1,93,2,11,0,115,0,0,305,6,0,0,0,0,0,0,0,7,0,0,0,43,610,216,601,305,610
OZAUKEEVILLAGE OF GRAFTON WARDS 9-10,127,0,0,143,0,1,0,327,0,0,0,73,0,3,0,98,0,3,378,3,0,1,0,0,0,0,0,21,1,0,0,35,539,270,502,378,539
OZAUKEEVILLAGE OF NEWBURG WARD 3,3,0,0,7,0,0,0,13,0,0,0,0,0,0,0,10,0,0,8,2,0,0,0,0,0,0,0,2,0,0,0,5,1,10,23,8,1
"OZAUKEEVILLAGE OF SAUKVILLE WARDS 1,6-7",122,0,0,145,3,3,0,367,0,0,1,64,0,4,0,131,0,7,385,9,0,1,0,0,0,0,0,12,1,0,0,45,690,267,573,385,690
OZAUKEEVILLAGE OF SAUKVILLE WARDS 2-5,107,0,1,183,1,1,0,306,0,0,1,42,0,1,0,145,0,6,364,8,0,0,0,0,0,0,0,12,1,0,0,39,681,291,497,364,681
OZAUKEEVILLAGE OF THIENSVILLE WARD 1-2,143,0,0,152,0,1,1,380,0,0,0,117,0,4,0,118,0,11,463,14,0,0,0,0,0,0,1,8,1,0,0,58,617,295,621,463,617
OZAUKEEVILLAGE OF THIENSVILLE WARD 3-4,147,0,1,161,4,1,0,181,2,0,1,62,0,6,0,88,0,4,407,11,0,1,0,0,0,0,0,3,0,0,0,36,406,309,345,407,406
PEPINCITY OF DURAND WARDS 1-3,102,0,0,137,1,0,0,136,0,0,0,35,1,0,0,153,1,3,308,4,0,0,0,0,0,0,0,7,0,0,0,38,526,239,327,308,526
PEPINTOWN OF ALBANY WARD 1,33,0,1,47,0,1,0,59,0,0,2,11,0,0,0,55,0,2,111,6,0,2,0,0,0,0,0,1,0,0,0,17,191,81,128,111,191
PEPINTOWN OF DURAND WARDS 1-2,27,0,0,42,1,0,1,65,0,0,0,16,0,0,0,75,0,1,98,4,0,0,0,0,0,0,0,0,0,0,0,6,252,69,158,98,252
PEPINTOWN OF FRANKFORT WARD 1,26,0,0,27,0,0,0,15,0,0,0,9,0,0,0,26,0,0,67,0,1,0,0,0,0,0,0,2,0,0,0,3,98,53,50,67,98
PEPINTOWN OF LIMA WARDS 1-2,37,0,1,38,0,2,0,50,0,0,0,16,0,0,0,55,0,1,98,1,0,0,0,1,0,0,0,1,0,0,0,13,200,76,123,98,200
PEPINTOWN OF PEPIN WARDS 1-2,46,0,0,68,0,2,0,51,1,0,0,20,0,4,0,58,0,4,161,5,0,0,0,0,0,0,0,0,0,0,0,8,226,114,136,161,226
PEPINTOWN OF STOCKHOLM WARD 1,17,0,0,29,0,0,0,22,0,0,0,6,0,1,0,16,0,2,65,3,0,0,0,0,0,0,0,1,0,0,0,2,72,46,45,65,72
PEPINTOWN OF WATERVILLE WARDS 1-2,36,0,0,57,1,1,0,58,0,0,0,16,1,1,0,66,0,4,114,4,0,1,0,0,0,0,0,0,1,0,0,17,290,93,144,114,290
PEPINTOWN OF WAUBEEK WARD 1,15,0,0,25,0,2,0,48,0,0,0,7,0,1,0,42,0,1,73,0,0,0,0,0,0,0,0,0,0,0,0,3,156,40,100,73,156
PEPINVILLAGE OF PEPIN WARDS 1-2,84,0,0,78,0,1,0,36,0,1,1,13,0,2,0,55,0,3,223,2,0,0,0,0,0,0,0,0,0,0,0,5,173,162,109,223,173
PEPINVILLAGE OF STOCKHOLM WARD 1,12,0,1,13,0,0,0,6,0,0,0,5,0,0,0,6,0,0,27,4,0,0,0,0,0,0,0,1,0,0,0,3,22,26,17,27,22
PIERCECITY OF PRESCOTT WARDS 1-6,215,0,1,273,3,4,1,201,0,0,2,87,5,8,0,219,0,13,850,37,0,1,0,0,0,0,1,12,3,0,0,96,1135,489,530,850,1135
PIERCECITY OF RIVER FALLS WARD 5,45,0,0,39,0,2,0,38,0,0,0,13,0,1,0,24,0,0,140,1,0,0,0,0,0,0,0,2,0,0,0,9,128,84,78,140,128
PIERCECITY OF RIVER FALLS WARDS 12-14,166,0,1,324,1,2,4,137,0,0,1,73,8,5,0,140,2,6,773,26,0,0,0,0,0,0,0,8,0,0,0,106,707,491,373,773,707
PIERCECITY OF RIVER FALLS WARDS 6-8,228,0,2,474,0,2,0,186,2,0,0,78,1,9,0,133,0,8,1063,43,0,0,0,0,0,0,0,6,1,0,0,129,718,704,411,1063,718
PIERCECITY OF RIVER FALLS WARDS 9-11,122,0,0,398,3,7,0,167,1,0,0,71,5,13,0,131,0,13,754,35,0,1,0,1,0,0,0,1,0,0,0,114,738,520,398,754,738
PIERCETOWN OF CLIFTON WARD 1-3,126,0,1,154,1,2,0,178,0,0,0,65,2,7,0,171,0,6,447,11,0,0,0,0,0,0,1,10,0,0,0,46,694,281,426,447,694
PIERCETOWN OF DIAMOND BLUFF WARD 1,30,0,2,39,1,0,1,40,0,0,0,11,1,3,0,47,0,2,73,1,0,0,0,0,0,0,0,0,0,0,0,12,184,71,104,73,184
PIERCETOWN OF EL PASO WARD 1,48,0,0,44,1,1,0,53,1,0,2,19,0,4,0,57,0,8,128,8,0,0,0,0,0,0,0,0,0,0,0,14,226,92,138,128,226
PIERCETOWN OF ELLSWORTH WARD 1-2,79,0,2,85,1,3,0,117,0,0,0,31,2,8,0,121,0,3,208,7,0,0,0,0,0,0,0,2,0,0,0,38,390,166,283,208,390
PIERCETOWN OF GILMAN WARD 1,60,0,2,85,0,7,0,88,0,0,0,27,2,4,0,81,0,2,229,8,0,0,0,0,0,0,0,0,0,0,0,24,309,147,209,229,309
PIERCETOWN OF HARTLAND WARD 1,30,0,1,53,1,3,0,83,0,0,2,25,1,2,0,101,0,3,120,8,0,0,0,0,0,0,0,1,0,0,0,17,346,84,218,120,346
PIERCETOWN OF ISABELLE WARD 1,23,0,1,15,0,1,0,21,0,0,0,9,0,3,0,31,0,3,57,3,0,0,0,0,0,0,0,0,1,0,0,2,91,39,65,57,91
PIERCETOWN OF MAIDEN ROCK WARD 1,32,0,0,37,0,0,0,53,0,0,0,22,0,2,0,50,0,1,105,4,0,0,0,0,0,0,0,0,0,0,0,3,213,69,127,105,213
PIERCETOWN OF MARTELL WARD 1-2,71,0,1,99,1,1,0,142,1,0,0,31,2,4,0,69,0,2,260,6,0,0,0,0,0,0,0,0,0,0,0,32,369,171,251,260,369
PIERCETOWN OF OAK GROVE WARD 1-3,125,0,1,99,0,1,1,209,0,0,1,75,3,6,0,161,0,5,433,9,1,4,0,0,0,0,0,5,1,0,0,69,761,225,457,433,761
PIERCETOWN OF RIVER FALLS WARD 1-3,176,0,0,217,1,1,0,189,0,0,1,103,1,8,0,156,0,9,654,16,0,1,0,0,0,0,0,2,0,0,0,63,639,393,460,654,639
PIERCETOWN OF ROCK ELM WARD 1,26,0,2,36,0,0,0,37,0,0,0,8,0,0,1,34,0,1,99,5,0,0,0,0,0,0,0,0,0,0,0,9,122,64,80,99,122
PIERCETOWN OF SALEM WARD 1,37,0,1,32,0,0,0,39,0,0,0,5,0,1,0,59,0,2,86,1,0,0,0,0,0,0,0,1,0,0,0,4,165,70,104,86,165
PIERCETOWN OF SPRING LAKE WARD 1-2,32,0,2,33,0,2,0,40,0,0,0,18,0,0,0,64,0,1,107,4,0,0,0,0,0,0,0,3,0,0,0,13,202,67,124,107,202
PIERCETOWN OF TRENTON WARD 1-2,129,0,0,131,3,9,1,159,1,0,0,51,1,18,1,202,0,4,314,7,0,0,0,0,0,0,0,1,0,0,0,62,576,260,446,314,576
PIERCETOWN OF TRIMBELLE WARD 1-2,103,0,0,102,2,3,0,143,0,0,2,53,1,8,0,218,0,1,274,10,3,1,0,0,0,0,0,0,0,0,0,39,608,205,430,274,608
PIERCETOWN OF UNION WARD 1,22,0,0,19,0,1,0,78,0,0,0,8,0,0,0,47,0,0,72,0,0,0,0,0,0,0,0,1,0,0,0,18,231,41,134,72,231
PIERCEVILLAGE OF BAY CITY WARD 1,27,0,1,31,0,2,0,29,0,0,0,3,0,1,0,41,0,0,66,1,0,0,0,0,0,0,0,0,0,0,0,10,129,59,76,66,129
PIERCEVILLAGE OF ELLSWORTH WARD 1-4,197,0,1,193,1,9,4,214,1,0,3,60,2,7,0,275,0,5,516,17,0,1,0,0,0,0,0,2,0,0,0,54,779,391,576,516,779
PIERCEVILLAGE OF ELMWOOD WARD 1,50,0,0,40,0,1,1,41,0,0,0,11,2,2,0,51,0,2,120,0,0,1,0,0,0,0,0,0,0,0,0,12,246,90,109,120,246
PIERCEVILLAGE OF MAIDEN ROCK WARD 1,12,0,0,18,0,1,0,5,0,0,0,1,1,1,0,17,0,0,31,3,0,0,0,0,0,0,0,0,0,0,0,0,48,30,26,31,48
PIERCEVILLAGE OF PLUM CITY WARD 1,38,0,1,27,7,0,0,53,0,0,0,9,0,7,0,29,0,1,109,2,0,0,0,0,0,0,1,0,0,0,0,13,161,66,105,109,161
PIERCEVILLAGE OF SPRING VALLEY WARDS 1-2,94,0,2,111,2,4,0,88,0,1,0,27,0,8,0,96,0,4,294,8,0,0,0,0,0,1,0,2,0,0,0,36,343,207,226,294,343
POLKCITY OF AMERY WARDS 1-5,214,0,2,173,3,6,1,178,0,0,0,50,2,8,0,168,0,15,562,13,0,1,0,0,0,0,0,4,2,0,0,49,695,389,416,562,695
POLKCITY OF ST. CROIX FALLS WARD 1-4,133,0,0,157,0,1,2,147,0,0,0,55,2,8,0,133,0,3,455,19,0,1,0,0,0,0,0,1,1,0,0,42,573,290,348,455,573
POLKTOWN OF ALDEN WARD 1-4,99,0,1,131,0,3,0,236,0,0,1,60,3,9,0,225,0,2,463,22,0,1,0,0,0,0,0,0,3,0,0,51,994,231,537,463,994
POLKTOWN OF APPLE RIVER WARD 1-2,62,0,0,70,1,2,1,80,0,0,0,27,1,1,0,90,0,1,205,3,0,0,0,0,0,0,0,1,1,0,0,39,364,132,203,205,364
POLKTOWN OF BALSAM LAKE WARD 1-2,83,0,0,78,0,4,1,93,0,0,4,39,0,7,0,144,0,2,254,2,0,0,0,0,0,0,0,1,1,0,0,14,508,161,292,254,508
POLKTOWN OF BEAVER WARD 1,37,0,0,53,0,1,0,59,0,0,0,8,0,3,0,75,0,0,145,9,0,0,0,0,0,0,0,0,1,0,0,13,275,90,146,145,275
POLKTOWN OF BLACK BROOK WARD 1-2,54,0,1,72,1,0,1,114,1,0,2,28,0,4,0,114,0,4,204,9,0,1,0,0,0,0,0,1,0,0,0,25,482,127,265,204,482
POLKTOWN OF BONE LAKE WARD 1,53,0,4,51,0,5,1,43,1,0,0,8,0,1,0,91,1,2,142,4,0,1,0,0,0,0,0,0,1,0,0,10,235,108,151,142,235
POLKTOWN OF CLAM FALLS WARD 1,29,0,0,32,1,0,0,38,0,0,0,10,0,1,0,50,0,1,89,1,0,0,0,0,0,0,0,0,0,0,0,6,178,61,100,89,178
POLKTOWN OF CLAYTON WARD 1,60,0,0,70,2,1,0,56,1,0,0,10,1,6,0,94,0,3,185,4,0,1,0,0,0,0,0,2,0,0,0,15,281,130,171,185,281
POLKTOWN OF CLEAR LAKE WARD 1,30,0,2,43,2,1,0,79,0,0,0,16,1,1,0,110,0,5,104,8,0,1,0,0,0,0,0,0,0,0,0,19,309,75,210,104,309
POLKTOWN OF EUREKA WARD 1-2,58,0,4,97,2,3,0,132,2,0,3,43,0,5,0,153,0,2,258,10,0,0,0,0,0,0,0,0,0,0,0,54,605,159,343,258,605
POLKTOWN OF FARMINGTON WARDS 1-2,68,0,0,87,0,2,2,130,0,0,0,37,0,7,0,165,0,3,275,9,0,0,0,0,0,0,0,1,0,0,0,38,705,155,343,275,705
POLKTOWN OF GARFIELD WARD 1-3,60,0,0,77,0,0,0,160,0,0,0,28,1,1,0,121,0,0,270,9,0,0,0,0,0,0,0,0,0,0,0,32,558,137,311,270,558
POLKTOWN OF GEORGETOWN WARD 1-2,76,0,1,54,0,2,1,66,0,0,1,19,0,1,0,96,0,2,225,6,0,1,0,0,0,0,0,0,1,0,0,8,301,131,186,225,301
POLKTOWN OF JOHNSTOWN WARD 1,31,0,0,42,0,2,0,35,0,0,1,4,0,2,0,33,0,5,116,5,0,0,0,0,0,0,0,0,0,0,0,8,132,73,77,116,132
POLKTOWN OF LAKETOWN WARD 1,62,0,1,47,1,1,1,72,1,0,0,21,0,3,0,84,0,3,189,6,0,1,0,0,0,0,0,0,0,0,0,19,347,110,184,189,347
POLKTOWN OF LINCOLN WARD 1-4,120,0,0,122,0,4,0,193,0,1,0,53,0,3,0,197,0,6,395,11,0,1,0,0,0,0,0,0,2,0,0,36,791,242,451,395,791
POLKTOWN OF LORAIN WARD 1,12,0,0,16,0,1,0,26,0,0,0,7,0,3,0,26,0,4,44,0,0,0,0,0,0,0,0,0,0,0,0,8,106,28,63,44,106
POLKTOWN OF LUCK WARD 1-2,54,0,0,66,1,0,0,66,0,0,0,13,0,0,0,83,0,0,173,1,0,1,0,0,0,0,0,0,1,0,0,10,335,120,163,173,335
POLKTOWN OF MCKINLEY WARD 1,16,0,1,25,1,2,0,26,0,0,0,8,0,4,0,39,0,1,56,2,0,0,0,0,0,0,0,0,0,0,0,8,121,42,80,56,121
POLKTOWN OF MILLTOWN WARD 1-2,59,0,4,77,1,4,0,88,1,0,0,23,1,4,0,121,0,5,225,2,0,1,0,0,0,0,0,0,0,0,0,30,416,140,243,225,416
POLKTOWN OF OSCEOLA WARD 1-5,131,0,2,171,1,3,0,166,0,0,0,61,2,7,0,207,1,6,518,14,0,2,0,2,0,0,0,0,2,0,0,72,986,304,448,518,986
POLKTOWN OF ST. CROIX FALLS WARDS 1-2,52,0,1,68,0,0,0,80,0,0,0,19,0,2,0,111,1,5,204,10,0,1,0,0,0,0,0,0,0,0,0,29,415,121,213,204,415
POLKTOWN OF STERLING WARD 1,23,0,0,21,0,1,0,41,0,0,0,17,0,0,0,63,0,1,95,3,0,0,0,0,0,0,0,0,0,0,0,14,221,44,122,95,221
POLKTOWN OF WEST SWEDEN WARD 1,44,0,0,46,0,2,0,64,1,0,0,20,1,2,0,59,0,2,125,3,0,0,0,0,0,0,0,0,1,0,0,21,244,90,149,125,244
POLKVILLAGE OF BALSAM LAKE WARD 1-2,43,0,0,63,0,0,1,58,0,0,1,19,1,2,0,85,0,1,145,5,0,0,0,0,0,0,0,3,0,0,0,17,266,106,167,145,266
POLKVILLAGE OF CENTURIA WARD 1,15,0,0,46,1,1,0,32,0,0,1,8,1,4,1,53,0,2,103,5,0,0,0,0,0,0,0,0,0,0,0,13,188,61,102,103,188
POLKVILLAGE OF CLAYTON WARD 1,16,0,0,25,0,1,0,23,0,0,0,3,1,0,0,43,0,0,58,0,0,0,0,0,0,0,0,0,0,0,0,11,125,41,71,58,125
POLKVILLAGE OF CLEAR LAKE WARDS 1-2,68,0,0,47,0,4,2,85,0,0,0,20,0,8,0,82,0,0,148,4,0,0,0,0,0,0,0,0,0,0,0,9,334,115,201,148,334
POLKVILLAGE OF DRESSER WARD 1,41,0,0,45,0,2,0,50,1,0,0,8,1,2,0,50,0,5,149,6,0,0,0,1,0,0,0,1,1,0,0,26,235,86,114,149,235
POLKVILLAGE OF FREDERIC WARD 1-2,56,0,2,57,1,5,0,73,0,0,0,17,4,4,0,79,0,5,188,3,0,0,0,0,0,0,0,0,0,0,0,32,284,115,183,188,284
POLKVILLAGE OF LUCK WARD 1-2,67,0,2,66,1,3,0,50,0,0,3,14,2,3,1,90,0,5,232,4,0,0,0,0,0,0,0,0,0,0,0,26,294,135,167,232,294
POLKVILLAGE OF MILLTOWN WARD 1,29,0,0,50,1,2,0,37,0,0,0,11,0,7,0,55,0,3,114,3,0,1,0,0,0,0,0,2,0,0,0,18,246,79,113,114,246
POLKVILLAGE OF OSCEOLA WARD 1-3,108,0,1,125,1,2,1,120,0,0,2,35,0,3,0,149,0,3,447,16,0,1,0,0,0,0,0,6,0,0,0,63,644,234,313,447,644
POLKVILLAGE OF TURTLE LAKE WARD 2A,2,0,0,6,0,0,0,6,0,0,0,0,0,1,0,6,0,0,10,1,0,0,0,0,0,0,0,0,0,0,0,1,22,8,13,10,22
PORTAGECITY OF STEVENS POINT WARDS 1-3,162,0,2,594,0,2,0,113,1,0,0,35,1,4,0,67,0,7,755,45,0,0,0,0,0,0,0,1,0,0,0,105,334,758,223,755,334
PORTAGECITY OF STEVENS POINT WARDS 10-12,143,0,2,418,1,0,0,124,0,0,0,16,4,2,0,109,0,6,633,37,0,1,0,0,0,0,0,10,2,0,0,56,323,563,256,633,323
PORTAGECITY OF STEVENS POINT WARDS 13-15,31,0,0,127,0,0,0,28,0,0,1,9,1,0,0,23,0,6,719,43,0,1,0,0,0,0,0,9,3,0,0,44,378,158,62,719,378
PORTAGECITY OF STEVENS POINT WARDS 16-18,245,0,1,314,1,5,1,260,0,0,1,81,4,5,0,168,0,9,796,17,0,0,0,0,0,0,0,10,0,0,0,68,598,560,526,796,598
PORTAGECITY OF STEVENS POINT WARDS 19-21,12,0,0,108,0,0,0,24,0,0,0,4,0,0,0,17,0,6,680,19,0,1,0,0,0,0,0,2,0,0,0,41,387,120,45,680,387
PORTAGECITY OF STEVENS POINT WARDS 25-27,28,0,0,109,1,2,0,40,0,0,0,9,0,0,0,32,0,6,643,28,0,1,0,0,0,0,0,6,0,0,0,35,377,137,84,643,377
PORTAGECITY OF STEVENS POINT WARDS 28-30,43,0,0,62,0,1,0,43,0,0,0,15,0,2,0,45,0,5,679,19,0,0,0,0,0,0,0,0,1,0,0,52,509,105,106,679,509
"PORTAGECITY OF STEVENS POINT WARDS 35,40,43",257,0,2,351,1,5,0,219,0,0,1,81,1,9,0,175,0,0,4,0,0,0,0,0,0,0,0,0,0,0,0,0,0,610,492,4,0
"PORTAGECITY OF STEVENS POINT WARDS 36,38,41",174,0,0,237,3,2,2,92,0,1,2,26,0,6,2,118,0,0,0,0,0,0,0,0,0,0,0,0,0,0,0,0,0,411,254,0,0
PORTAGECITY OF STEVENS POINT WARDS 4-6,117,0,1,552,0,2,0,136,0,0,0,35,1,4,0,77,0,3,822,49,0,1,0,0,0,0,1,4,0,0,0,83,398,670,255,822,398
PORTAGECITY OF STEVENS POINT WARDS 7-9,75,0,0,520,0,1,0,130,1,0,0,28,4,4,0,51,0,8,759,50,0,2,0,0,0,0,0,7,0,0,0,97,388,595,219,759,388
PORTAGETOWN OF ALBAN WARD 1,90,0,1,79,0,1,0,77,0,0,1,17,1,3,0,81,0,1,215,1,0,0,0,0,0,0,0,0,1,0,0,9,258,170,181,215,258
PORTAGETOWN OF ALMOND WARD 1,37,0,1,70,0,1,0,82,0,0,0,8,0,3,0,93,0,2,112,5,0,1,0,0,0,0,0,0,1,0,0,9,260,108,187,112,260
PORTAGETOWN OF AMHERST WARDS 1-2,119,0,0,154,2,2,0,153,0,0,0,34,3,2,0,129,0,3,376,3,0,0,0,0,0,0,0,1,1,0,0,19,431,273,325,376,431
PORTAGETOWN OF BELMONT WARD 1,41,0,1,55,1,0,0,55,0,0,0,16,1,3,0,67,0,1,121,5,0,1,0,0,0,0,0,1,0,0,0,4,213,97,143,121,213
PORTAGETOWN OF BUENA VISTA WARDS 1-2,86,0,0,107,2,5,0,142,0,0,0,21,0,1,0,132,0,3,228,2,0,0,0,0,0,0,0,0,0,0,0,13,411,193,303,228,411
PORTAGETOWN OF CARSON WARDS 1-2,92,0,0,133,2,0,0,150,3,0,2,29,1,1,1,154,0,5,292,8,0,0,0,0,0,0,0,0,0,0,0,16,493,225,343,292,493
PORTAGETOWN OF DEWEY WARD 1,78,0,0,107,3,1,0,100,0,0,1,16,2,3,0,98,0,1,250,5,0,1,0,0,0,0,0,0,1,0,0,18,298,185,224,250,298
PORTAGETOWN OF EAU PLEINE WARD 1,64,0,1,86,1,3,0,124,0,0,0,27,0,4,0,119,0,2,218,1,0,0,0,0,0,0,0,1,0,0,0,15,342,151,278,218,342
"PORTAGETOWN OF GRANT WARDS 1-2,4",116,0,0,196,2,5,0,222,0,0,2,35,2,3,0,249,0,3,310,9,0,0,0,0,0,0,0,4,0,0,0,24,539,312,520,310,539
PORTAGETOWN OF HULL WARDS 1-3,183,0,1,255,1,1,0,191,1,0,0,29,0,6,1,155,0,2,546,10,0,1,2,0,0,0,0,0,0,0,0,28,497,439,385,546,497
PORTAGETOWN OF HULL WARDS 6-8,71,0,0,89,0,0,0,86,0,0,0,31,0,2,0,76,0,1,537,5,0,1,0,0,0,0,2,4,0,0,0,36,529,160,195,537,529
PORTAGETOWN OF LANARK WARDS 1-2,111,0,1,199,3,5,0,183,0,0,1,29,0,4,0,132,0,7,348,5,0,0,1,0,0,0,0,4,0,0,0,24,473,311,357,348,473
PORTAGETOWN OF LINWOOD WARDS 1-2,84,0,2,127,0,0,0,147,1,0,1,20,0,2,0,127,0,3,267,5,0,0,0,0,0,0,0,1,1,0,0,12,368,213,298,267,368
PORTAGETOWN OF NEW HOPE WARD 1,89,0,2,142,1,1,0,87,0,0,0,18,0,0,0,56,0,0,273,9,0,2,0,0,0,0,0,2,0,0,0,17,181,233,163,273,181
PORTAGETOWN OF PINE GROVE WARDS 1-2,52,0,1,64,0,1,0,70,1,0,0,5,0,1,1,65,0,3,123,3,0,0,0,0,0,0,0,0,0,0,0,7,233,117,144,123,233
PORTAGETOWN OF PLOVER WARD 1-3,90,0,1,135,1,2,0,180,0,1,0,37,1,0,0,173,0,4,318,10,0,0,0,0,0,0,1,1,1,0,0,28,514,226,395,318,514
PORTAGETOWN OF SHARON WARDS 1-3,197,0,2,211,0,3,1,215,0,0,0,36,0,7,0,239,0,4,460,5,0,0,0,0,0,0,0,3,1,0,0,36,706,410,501,460,706
PORTAGETOWN OF STOCKTON WARD 1-5,224,0,0,350,0,4,0,321,1,0,1,54,0,3,0,308,0,3,745,20,0,0,0,0,0,0,0,4,2,0,0,47,951,574,692,745,951
PORTAGEVILLAGE OF ALMOND WARD 1,29,0,0,27,0,1,0,37,0,0,2,10,0,1,0,29,0,2,70,3,0,0,0,0,0,0,0,0,0,0,0,7,116,56,80,70,116
PORTAGEVILLAGE OF AMHERST JUNCTION WARD 1,33,0,0,23,0,1,0,48,0,0,0,14,0,0,0,37,0,1,77,1,0,0,0,0,0,0,0,1,0,0,0,6,118,56,100,77,118
PORTAGEVILLAGE OF AMHERST WARD 1-2,84,0,2,141,0,4,0,77,2,0,0,17,0,1,1,80,0,5,262,7,0,0,0,0,0,0,0,0,0,0,0,25,260,227,182,262,260
PORTAGEVILLAGE OF JUNCTION CITY WARD 1,27,0,0,31,0,0,0,36,0,0,0,7,0,0,0,28,0,0,77,3,0,1,0,0,0,0,0,0,0,0,0,7,99,58,71,77,99
PORTAGEVILLAGE OF MILLADORE WARD 2,0,0,0,0,0,0,0,2,0,0,0,0,0,0,0,1,0,0,1,0,0,0,0,0,0,0,0,0,0,0,0,0,2,0,3,1,2
PORTAGEVILLAGE OF NELSONVILLE WARD 1,11,0,0,33,0,0,0,10,0,0,0,7,0,1,0,14,0,1,53,5,0,0,0,0,0,0,0,0,0,0,0,1,35,44,32,53,35
PORTAGEVILLAGE OF PARK RIDGE WARD 1,76,0,2,92,1,0,1,64,2,0,0,22,0,0,0,43,0,0,186,4,0,0,0,0,0,0,0,1,0,0,0,19,136,170,133,186,136
PORTAGEVILLAGE OF PLOVER WARD 1-3,253,0,2,361,1,2,0,337,2,0,2,95,0,5,0,240,0,11,1004,17,0,1,0,0,0,0,0,2,0,0,0,81,1001,616,684,1004,1001
PORTAGEVILLAGE OF PLOVER WARD 4-6,350,0,0,434,4,2,1,371,0,0,2,125,1,6,0,303,0,8,1215,26,0,2,0,0,0,0,0,5,1,0,1,95,1174,784,815,1215,1174
PORTAGEVILLAGE OF PLOVER WARD 7-9,156,0,1,320,1,4,0,206,0,0,0,44,1,2,1,171,0,8,858,28,0,1,0,0,0,0,0,3,0,0,0,81,757,477,430,858,757
PORTAGEVILLAGE OF ROSHOLT WARD 1,34,0,2,43,0,1,0,40,0,0,0,3,0,1,0,55,0,3,93,0,0,2,0,0,0,0,0,0,0,0,0,5,144,79,100,93,144
PORTAGEVILLAGE OF WHITING WARDS 1-4,164,0,0,224,0,1,1,158,1,0,0,33,0,1,0,137,0,7,506,6,0,0,0,0,0,0,0,0,2,0,0,30,421,388,332,506,421
PRICECITY OF PARK FALLS WARDS 1-7,152,0,1,240,1,2,1,100,0,0,2,36,1,2,0,185,0,7,468,12,0,1,0,0,0,0,0,1,0,0,0,26,544,393,330,468,544
PRICECITY OF PHILLIPS WARDS 1-4,97,0,0,121,4,1,0,83,0,1,0,24,0,3,0,107,0,3,260,11,0,0,0,0,0,0,0,2,0,0,0,16,329,218,223,260,329
PRICETOWN OF CATAWBA WARD 1,13,0,2,23,0,0,0,19,0,0,1,3,0,0,0,35,0,1,41,5,0,0,0,0,0,0,0,1,0,0,0,6,83,38,58,41,83
PRICETOWN OF EISENSTEIN WARDS 1-2,37,0,0,85,0,1,0,51,0,0,1,17,2,4,0,94,0,2,132,0,0,0,0,0,0,0,0,0,0,0,0,13,205,122,170,132,205
PRICETOWN OF ELK WARDS 1-2,66,0,3,94,0,2,0,88,0,0,0,24,0,1,0,169,0,2,221,11,0,0,0,0,0,0,0,1,1,0,0,18,368,163,284,221,368
PRICETOWN OF EMERY WARD 1,25,0,1,30,0,0,0,29,0,0,0,4,0,1,1,47,0,1,68,1,0,1,0,0,0,0,0,0,0,0,0,6,110,56,82,68,110
PRICETOWN OF FIFIELD WARD 1,47,0,1,73,0,1,1,66,0,0,0,7,0,3,0,75,0,0,137,1,0,0,0,0,0,0,0,0,0,0,0,12,222,121,153,137,222
PRICETOWN OF FIFIELD WARD 2,28,0,0,21,0,0,0,42,0,0,0,7,2,1,0,38,0,0,70,1,0,0,0,0,0,0,0,0,1,0,0,5,112,49,90,70,112
PRICETOWN OF FLAMBEAU WARD 1,29,0,0,45,1,1,0,40,0,0,0,15,0,1,0,80,0,5,86,6,0,0,0,0,0,0,0,0,0,0,0,5,185,74,138,86,185
PRICETOWN OF GEORGETOWN WARD 1,4,0,1,22,0,1,0,15,0,0,0,2,0,0,0,36,0,0,19,2,0,0,0,0,0,0,0,0,0,0,0,0,66,27,54,19,66
PRICETOWN OF HACKETT WARD 1,14,0,0,20,0,1,0,18,0,0,1,2,0,0,0,33,0,0,37,2,0,0,0,0,0,0,0,3,0,0,0,0,74,34,55,37,74
PRICETOWN OF HARMONY WARD 1,14,0,1,22,0,1,0,10,0,0,0,3,0,0,0,37,0,0,39,1,0,0,0,0,0,0,0,0,0,0,0,6,88,37,51,39,88
PRICETOWN OF HILL WARD 1,15,0,1,26,0,1,0,51,0,0,0,4,1,1,0,48,0,1,48,3,0,0,0,0,0,0,0,0,0,0,0,6,142,42,106,48,142
PRICETOWN OF KENNAN WARD 1,13,0,0,36,0,2,0,23,1,0,0,4,0,0,1,30,0,2,55,1,0,0,1,0,0,0,0,0,0,0,0,3,104,49,61,55,104
PRICETOWN OF KNOX WARD 1,17,0,0,45,0,0,0,20,0,0,1,4,1,0,0,33,0,2,64,0,0,0,0,0,0,0,0,1,1,0,0,4,94,62,59,64,94
PRICETOWN OF LAKE WARDS 1-2,71,0,0,160,1,1,0,66,0,0,0,21,0,1,0,161,0,1,264,7,0,0,0,0,0,0,0,0,0,0,0,12,380,231,251,264,380
PRICETOWN OF OGEMA WARD 1,38,0,1,55,1,1,0,74,0,0,0,12,0,0,0,103,0,1,103,2,0,0,0,0,0,0,0,4,0,0,0,11,291,94,191,103,291
PRICETOWN OF PRENTICE WARD 1,23,0,0,38,0,1,1,36,0,0,0,2,0,0,0,65,0,1,60,4,0,0,0,0,0,0,0,0,0,0,0,9,164,61,105,60,164
PRICETOWN OF SPIRIT WARD 1,14,0,0,24,0,0,0,52,0,0,0,9,0,1,0,34,0,2,43,2,0,0,0,0,0,0,0,3,0,0,0,6,122,38,96,43,122
PRICETOWN OF WORCESTER WARDS 1-3,95,0,1,157,0,11,2,207,0,1,0,50,0,8,0,189,0,7,325,9,0,0,0,0,0,0,0,0,0,0,0,19,634,253,468,325,634
PRICEVILLAGE OF CATAWBA WARD 1,10,0,0,19,0,1,0,7,0,0,0,1,0,0,0,7,0,0,24,0,0,0,0,0,0,0,0,0,0,0,0,2,30,29,16,24,30
PRICEVILLAGE OF KENNAN WARD 1,9,0,0,10,0,0,0,9,0,0,0,0,0,0,0,14,0,0,23,1,0,0,0,0,0,0,0,0,0,0,0,2,38,19,23,23,38
PRICEVILLAGE OF PRENTICE WARD 1,31,0,0,52,0,3,0,59,0,0,0,2,1,0,1,79,0,0,82,2,0,0,0,0,0,0,0,2,0,0,0,13,177,83,145,82,177
RACINECITY OF BURLINGTON WARDS 1-4,260,0,3,409,6,7,0,550,1,0,0,171,3,21,0,309,0,16,980,35,0,1,0,0,0,0,0,17,1,0,0,107,1338,672,1068,980,1338
RACINECITY OF BURLINGTON WARDS 5-8,322,0,1,396,13,5,0,634,2,0,1,278,3,15,1,339,0,14,1018,15,0,0,1,0,0,0,0,13,1,0,0,107,1503,719,1291,1018,1503
RACINECITY OF RACINE WARD 1,179,0,0,155,1,2,0,45,0,0,0,8,1,1,0,69,0,3,545,9,0,0,0,0,0,0,0,1,1,0,0,14,170,334,127,545,170
RACINECITY OF RACINE WARD 10,174,0,0,203,0,0,0,129,0,0,0,54,0,3,0,102,0,4,498,5,0,0,0,0,0,0,0,2,0,0,0,34,305,377,288,498,305
RACINECITY OF RACINE WARD 11,118,0,1,208,1,2,0,83,0,0,0,25,3,4,0,53,0,5,461,18,0,1,0,0,0,0,0,2,2,0,0,32,250,327,171,461,250
RACINECITY OF RACINE WARD 12,119,0,2,199,1,2,0,115,0,0,0,30,0,5,0,85,0,4,417,15,0,0,0,0,0,0,0,3,0,0,0,20,304,320,238,417,304
RACINECITY OF RACINE WARD 13,173,0,0,169,0,2,2,111,0,0,1,58,1,6,0,115,0,1,512,4,0,2,0,0,0,0,0,3,0,0,0,37,388,342,296,512,388
RACINECITY OF RACINE WARD 14,167,0,0,250,1,1,2,121,0,1,1,24,0,5,0,91,0,6,686,14,0,1,0,0,0,0,0,0,0,0,0,41,358,417,247,686,358
RACINECITY OF RACINE WARD 15,181,0,1,157,0,1,0,66,0,0,0,22,1,2,0,59,0,5,537,14,0,1,0,0,0,0,0,1,0,0,0,37,214,339,151,537,214
RACINECITY OF RACINE WARD 16,181,0,1,252,1,1,0,184,1,0,0,34,1,2,0,137,0,4,635,19,0,0,0,0,0,0,0,1,0,0,0,50,544,434,361,635,544
RACINECITY OF RACINE WARD 17,100,0,0,93,0,0,0,24,0,0,0,7,0,1,0,16,0,2,336,4,0,0,0,0,0,0,0,0,0,0,0,16,79,193,48,336,79
RACINECITY OF RACINE WARD 18,103,0,0,78,0,0,0,9,0,0,0,1,0,3,0,4,0,0,349,0,0,0,0,0,0,0,0,0,0,0,0,8,25,181,17,349,25
RACINECITY OF RACINE WARD 19,110,0,0,68,0,0,0,8,0,0,0,2,0,1,0,4,0,0,302,2,0,1,0,0,0,0,0,0,0,0,0,4,23,178,15,302,23
RACINECITY OF RACINE WARD 2,178,0,1,125,0,0,0,29,0,0,0,2,0,0,0,21,0,3,596,10,0,1,0,0,0,0,0,0,0,0,0,12,82,304,52,596,82
RACINECITY OF RACINE WARD 20,224,0,3,267,0,3,0,215,1,0,0,72,2,3,0,140,0,5,748,17,0,1,0,0,0,0,0,8,0,0,0,46,523,494,436,748,523
RACINECITY OF RACINE WARD 21,158,0,0,234,1,0,0,74,0,1,0,30,2,1,0,78,0,1,590,7,0,1,0,0,0,0,0,7,2,0,0,39,257,392,187,590,257
RACINECITY OF RACINE WARD 22,248,0,3,333,0,4,1,151,0,0,0,47,2,6,1,112,0,3,801,19,0,0,0,0,0,0,0,0,1,0,0,58,433,584,324,801,433
RACINECITY OF RACINE WARD 23,269,0,0,231,0,1,0,119,0,0,0,29,0,2,0,85,0,6,702,19,0,0,0,0,0,0,0,0,1,0,0,28,353,500,236,702,353
RACINECITY OF RACINE WARD 24,188,0,0,239,1,2,0,146,0,0,1,28,0,0,0,113,0,7,583,18,0,0,0,0,0,0,0,3,3,0,0,47,377,427,291,583,377
RACINECITY OF RACINE WARD 25,201,0,0,192,0,3,0,79,0,0,1,20,0,1,0,68,0,4,641,10,0,2,0,0,0,0,0,9,0,0,0,21,249,393,172,641,249
RACINECITY OF RACINE WARD 26,25,0,0,24,0,1,0,21,0,0,0,13,0,0,0,32,0,0,72,1,0,0,0,0,0,0,0,0,0,0,0,3,81,49,67,72,81
RACINECITY OF RACINE WARD 27,243,0,2,300,3,2,0,239,3,0,1,93,5,9,0,149,0,5,766,27,0,2,1,0,0,0,0,12,3,0,0,57,587,545,504,766,587
RACINECITY OF RACINE WARD 28,222,0,1,239,0,3,0,202,0,0,0,55,2,6,0,89,0,5,660,19,0,0,0,1,0,0,0,6,2,0,0,53,448,462,357,660,448
RACINECITY OF RACINE WARD 29,183,0,0,255,1,0,0,139,0,0,1,35,1,6,1,91,0,2,607,13,0,0,0,0,0,0,0,3,1,0,0,59,422,438,275,607,422
RACINECITY OF RACINE WARD 3,321,0,0,287,3,3,0,127,0,0,0,63,0,2,0,82,0,3,913,20,0,1,0,0,0,0,0,0,0,0,0,51,256,608,280,913,256
RACINECITY OF RACINE WARD 30,183,0,0,198,0,1,0,89,0,0,0,23,0,1,0,57,0,1,568,9,0,1,0,0,0,0,0,2,2,0,0,29,238,381,171,568,238
RACINECITY OF RACINE WARD 31,139,0,0,88,1,2,0,95,0,0,0,23,2,0,0,70,0,3,324,8,0,0,0,0,0,0,0,2,0,0,0,10,203,227,193,324,203
RACINECITY OF RACINE WARD 32,149,0,1,122,0,0,0,61,0,0,1,11,3,2,0,51,0,5,467,10,0,3,0,0,0,0,0,0,2,0,0,16,175,272,129,467,175
RACINECITY OF RACINE WARD 33,175,0,0,144,0,1,0,103,1,1,1,29,0,2,0,79,0,5,476,8,0,0,0,0,0,0,1,3,2,0,0,20,276,319,217,476,276
RACINECITY OF RACINE WARD 34,178,0,1,176,0,0,0,148,1,0,0,66,0,2,0,97,0,0,491,7,0,1,0,0,0,0,0,1,0,0,0,43,352,355,314,491,352
RACINECITY OF RACINE WARD 35,156,0,0,153,6,0,0,125,0,0,1,44,0,3,0,85,0,1,489,3,0,0,0,0,0,0,0,7,1,0,0,31,296,309,264,489,296
RACINECITY OF RACINE WARD 36,162,0,1,100,2,1,0,57,0,0,0,24,1,2,0,58,0,1,415,5,0,1,0,0,0,0,0,0,1,0,0,22,164,263,145,415,164
RACINECITY OF RACINE WARD 4,193,0,1,89,1,0,0,4,0,0,1,1,0,3,0,6,0,1,507,3,0,0,0,0,0,0,0,0,1,0,0,7,24,283,16,507,24
RACINECITY OF RACINE WARD 5,155,0,0,107,0,0,0,8,0,0,0,3,0,0,0,8,0,1,416,3,0,0,0,0,0,0,0,2,1,0,0,10,31,262,19,416,31
RACINECITY OF RACINE WARD 6,125,0,1,106,1,1,0,57,0,0,0,10,0,3,1,31,0,4,413,6,0,1,0,0,0,0,0,7,0,0,1,21,122,232,104,413,122
RACINECITY OF RACINE WARD 7,119,0,0,71,0,1,0,14,0,0,0,3,0,0,0,26,0,1,373,4,0,0,0,0,0,0,0,0,0,0,0,9,43,190,44,373,43
RACINECITY OF RACINE WARD 8,138,0,1,131,0,0,0,23,0,0,0,4,1,2,0,29,0,2,485,7,0,0,0,0,0,0,0,1,0,0,0,16,87,270,59,485,87
RACINECITY OF RACINE WARD 9,179,0,1,220,1,1,0,69,0,0,0,20,1,2,0,66,0,8,648,12,0,1,0,0,0,0,0,1,0,0,0,23,195,400,160,648,195
RACINETOWN OF BURLINGTON WARDS 1-7,181,0,0,254,0,0,1,493,1,0,0,139,2,9,0,374,0,9,613,20,0,1,0,0,0,0,0,6,1,0,0,66,1337,435,1019,613,1337
RACINETOWN OF DOVER WARDS 1-8,195,0,0,218,2,0,2,505,2,0,3,88,1,9,1,325,0,7,520,13,0,1,0,0,0,0,0,7,1,1,0,69,1328,413,938,520,1328
RACINETOWN OF NORWAY WARDS 1-11,411,0,2,427,9,4,2,1444,2,0,1,284,1,22,0,789,0,14,1138,20,0,2,0,0,0,0,0,33,2,0,0,113,3443,840,2558,1138,3443
RACINETOWN OF RAYMOND WARDS 1-6,249,0,1,267,2,3,3,695,0,0,0,133,2,8,1,396,0,8,672,10,0,2,0,0,0,0,0,10,2,0,0,87,1629,517,1243,672,1629
RACINETOWN OF WATERFORD WARDS 1-10,293,0,0,337,3,18,1,1199,1,0,2,234,0,21,0,551,0,12,912,23,0,1,0,0,0,0,0,18,1,0,0,105,2652,630,2030,912,2652
RACINETOWN OF YORKVILLE WARDS 1-5,167,0,1,181,4,3,1,477,0,0,1,109,1,3,1,268,0,10,523,5,0,0,0,0,0,0,0,14,0,0,0,65,1179,349,868,523,1179
RACINEVILLAGE OF CALEDONIA WARDS 1-2,183,0,0,209,0,2,1,435,0,0,0,107,1,4,0,339,0,9,552,21,0,0,0,0,0,0,0,12,1,0,0,72,1196,392,889,552,1196
"RACINEVILLAGE OF CALEDONIA WARDS 11,14-15,17",428,0,1,421,4,3,1,716,1,0,1,207,2,8,0,355,0,17,1173,22,0,1,0,0,0,0,0,16,0,0,0,92,1595,850,1298,1173,1595
"RACINEVILLAGE OF CALEDONIA WARDS 16,18-19",229,0,1,303,2,0,0,455,0,0,1,83,1,6,0,315,0,3,666,15,1,0,0,0,0,0,0,16,1,0,0,85,1121,533,863,666,1121
RACINEVILLAGE OF CALEDONIA WARDS 3-5,313,0,0,298,2,4,0,573,0,0,1,205,2,8,0,376,0,6,875,24,0,2,0,0,0,0,0,18,3,0,0,76,1392,611,1171,875,1392
"RACINEVILLAGE OF CALEDONIA WARDS 9-10,12-13",480,0,3,484,1,4,0,558,0,0,3,195,3,7,0,393,0,11,1388,26,0,0,0,0,0,0,0,5,6,0,0,100,1381,967,1164,1388,1381
RACINEVILLAGE OF ELMWOOD PARK WARD 1,56,0,1,51,0,1,0,51,0,0,1,31,2,4,0,48,0,0,150,2,0,0,0,0,0,0,0,1,0,0,0,10,147,108,138,150,147
"RACINEVILLAGE OF MOUNT PLEASANT WARDS 1,17,20",414,0,3,340,2,8,2,387,1,0,1,115,0,7,0,264,0,7,694,12,0,0,0,0,0,0,0,6,1,0,0,55,718,757,787,694,718
"RACINEVILLAGE OF MOUNT PLEASANT WARDS 10,12,15-16",492,0,3,414,7,3,3,632,0,1,3,242,5,16,1,436,0,13,1284,19,0,2,0,0,0,0,0,12,1,0,0,86,1620,909,1349,1284,1620
"RACINEVILLAGE OF MOUNT PLEASANT WARDS 19,21-22",337,0,2,342,4,4,0,482,1,1,2,181,0,4,2,312,0,15,1045,15,0,1,0,0,0,0,0,24,1,0,0,92,1173,681,993,1045,1173
"RACINEVILLAGE OF MOUNT PLEASANT WARDS 2-4,11",398,0,1,332,3,7,1,351,3,0,1,94,3,10,0,234,0,7,1069,16,0,0,0,0,0,0,0,14,0,0,0,51,913,731,707,1069,913
"RACINEVILLAGE OF MOUNT PLEASANT WARDS 9,13-14",310,0,1,278,1,9,2,528,1,1,1,177,0,9,1,322,0,12,919,13,0,1,0,0,0,0,0,10,0,0,0,83,1309,589,1052,919,1309
RACINEVILLAGE OF NORTH BAY WARD 1,37,0,0,23,1,0,0,33,0,0,0,21,1,1,0,19,0,0,78,1,0,0,0,0,0,0,0,3,0,0,0,7,63,60,76,78,63
RACINEVILLAGE OF ROCHESTER WARD 1-6,187,0,0,250,3,4,1,652,1,0,0,147,1,11,0,319,0,3,589,9,0,1,0,0,0,0,0,8,1,0,0,79,1527,437,1139,589,1527
RACINEVILLAGE OF STURTEVANT WARDS 1-8,378,0,2,414,3,4,1,530,0,0,2,143,5,5,0,360,0,9,1142,34,0,0,0,0,0,0,0,18,3,0,0,100,1372,794,1053,1142,1372
RACINEVILLAGE OF UNION GROVE WARDS 1-7,216,0,1,300,3,2,1,627,0,1,0,116,2,6,0,315,0,18,714,22,0,0,0,0,0,0,0,11,0,0,0,130,1475,517,1073,714,1475
RACINEVILLAGE OF WATERFORD WARD 1-7,308,0,1,343,5,9,4,770,1,0,2,178,2,19,0,442,0,9,877,11,0,1,0,0,0,0,0,12,2,0,0,107,1875,652,1432,877,1875
RACINEVILLAGE OF WIND POINT WARDS 1-3,201,0,1,160,3,3,0,274,0,0,0,133,0,2,0,171,0,3,550,4,0,1,0,1,0,0,1,6,0,0,0,34,581,362,586,550,581
RICHLANDCITY OF RICHLAND CENTER WARD 1,30,0,0,38,0,2,0,39,0,0,0,11,0,1,0,34,0,2,87,1,0,0,0,0,0,0,0,0,0,0,0,3,103,68,87,87,103
RICHLANDCITY OF RICHLAND CENTER WARD 10,34,0,0,37,0,2,0,27,0,0,1,10,0,2,0,15,0,1,95,7,0,0,0,0,0,0,0,0,0,0,0,8,76,71,57,95,76
RICHLANDCITY OF RICHLAND CENTER WARD 11,26,0,0,28,0,0,2,23,0,1,0,17,1,1,0,25,0,1,72,3,0,0,1,0,0,0,0,0,0,0,0,1,89,54,70,72,89
RICHLANDCITY OF RICHLAND CENTER WARD 12,34,0,1,37,3,1,0,35,0,0,1,27,1,0,0,46,0,2,94,1,0,0,0,0,0,0,0,0,0,0,0,4,91,72,114,94,91
RICHLANDCITY OF RICHLAND CENTER WARD 2,16,0,0,28,0,0,0,21,0,0,0,7,1,1,1,16,0,0,66,2,0,0,0,0,0,0,0,2,0,0,0,2,76,44,47,66,76
RICHLANDCITY OF RICHLAND CENTER WARD 3,36,0,0,36,0,1,0,17,0,0,0,17,0,0,0,33,0,1,93,2,0,0,0,0,0,0,0,0,0,0,0,5,80,72,68,93,80
RICHLANDCITY OF RICHLAND CENTER WARD 4,35,0,0,49,0,0,0,21,0,0,1,20,0,0,0,24,0,0,101,2,0,1,0,0,0,0,0,1,1,0,0,6,71,84,66,101,71
RICHLANDCITY OF RICHLAND CENTER WARD 5,30,0,0,57,0,0,0,39,0,0,0,25,0,1,0,30,0,0,91,2,0,0,0,0,0,0,0,1,0,0,0,8,107,87,95,91,107
RICHLANDCITY OF RICHLAND CENTER WARD 6,20,0,0,54,0,1,0,30,0,0,0,15,1,0,0,27,0,0,85,3,0,0,0,0,0,0,0,3,0,0,0,4,80,74,74,85,80
RICHLANDCITY OF RICHLAND CENTER WARD 7,26,0,0,50,0,1,0,24,0,0,0,8,0,0,0,18,0,0,79,2,0,0,0,0,0,0,0,1,0,0,0,7,69,76,51,79,69
RICHLANDCITY OF RICHLAND CENTER WARD 8,42,0,0,43,0,1,0,20,0,0,0,8,1,0,1,28,0,0,105,2,0,0,0,0,0,0,0,1,0,0,0,9,63,85,59,105,63
RICHLANDCITY OF RICHLAND CENTER WARD 9,40,0,0,38,1,0,0,47,0,0,1,13,0,2,0,22,0,0,91,2,0,0,0,0,0,0,1,3,0,0,0,5,95,78,86,91,95
RICHLANDTOWN OF AKAN WARD 1,35,0,0,39,1,1,0,20,0,0,0,9,0,3,0,52,0,0,88,0,0,0,2,0,0,0,0,1,0,0,0,8,118,74,86,88,118
RICHLANDTOWN OF BLOOM WARD 1,34,0,0,59,0,0,0,38,0,0,0,16,0,1,0,38,0,1,94,6,0,0,0,0,0,0,0,0,1,0,0,14,118,93,93,94,118
RICHLANDTOWN OF BUENA VISTA WARDS 1-3,105,0,1,147,3,3,1,96,0,0,1,41,0,1,0,132,0,3,316,7,0,0,0,0,0,0,0,0,1,0,0,16,412,253,278,316,412
RICHLANDTOWN OF DAYTON WARD 1,48,0,0,74,0,2,0,47,0,0,0,17,1,0,0,63,0,2,135,3,0,0,0,0,0,0,0,0,0,0,0,13,177,122,130,135,177
RICHLANDTOWN OF EAGLE WARD 1,26,0,0,46,1,0,0,37,0,0,0,15,0,3,0,42,0,0,81,6,0,0,0,0,0,0,0,0,0,0,0,5,138,72,98,81,138
RICHLANDTOWN OF FOREST WARD 1,12,0,0,60,1,0,0,14,0,0,0,15,0,0,0,44,0,2,83,5,0,0,0,0,0,0,0,0,0,0,0,5,89,72,74,83,89
RICHLANDTOWN OF HENRIETTA WARD 1,51,0,0,51,0,1,1,30,0,0,0,9,0,1,0,50,0,0,121,4,0,0,0,0,0,0,0,0,0,0,0,7,110,102,92,121,110
RICHLANDTOWN OF ITHACA WARD 1,48,0,0,57,1,1,0,51,0,0,0,25,0,3,0,41,0,2,136,4,0,0,0,0,0,0,0,0,1,0,0,12,158,105,122,136,158
RICHLANDTOWN OF MARSHALL WARD 1-2,23,0,0,78,0,0,0,75,0,0,0,21,1,3,0,52,0,1,104,8,0,0,0,0,0,0,0,2,0,0,0,6,174,101,152,104,174
RICHLANDTOWN OF ORION WARD 1,40,0,0,55,0,0,0,31,0,0,0,21,0,1,0,45,0,1,121,4,0,0,0,0,0,0,0,1,0,0,0,6,141,95,98,121,141
RICHLANDTOWN OF RICHLAND WARD 1-4,96,0,1,102,0,3,1,122,0,0,0,57,3,4,1,120,1,2,243,3,0,0,0,0,0,0,0,6,0,0,0,19,378,199,312,243,378
RICHLANDTOWN OF RICHWOOD WARD 1-2,46,0,0,59,0,0,0,32,0,0,0,9,0,1,0,52,0,4,124,2,0,0,0,0,0,0,0,0,0,0,0,6,111,105,94,124,111
RICHLANDTOWN OF ROCKBRIDGE WARD 1-3,69,0,0,85,2,0,0,54,0,1,1,26,1,4,0,63,0,1,165,6,0,1,0,0,0,0,0,1,0,0,0,13,182,154,152,165,182
RICHLANDTOWN OF SYLVAN WARD 1-2,23,0,0,48,1,2,0,33,0,0,0,5,0,0,0,53,0,0,81,3,0,0,0,0,0,0,0,0,0,0,0,4,116,71,94,81,116
RICHLANDTOWN OF WESTFORD WARD 1,60,0,0,60,0,2,0,26,0,0,1,15,1,0,0,70,0,0,118,1,0,1,0,0,0,0,0,0,0,0,0,6,133,120,115,118,133
RICHLANDTOWN OF WILLOW WARD 1,34,0,0,45,0,2,0,36,0,0,0,11,0,2,0,56,0,0,104,2,0,0,0,0,0,0,0,5,0,0,0,6,121,79,107,104,121
RICHLANDVILLAGE OF BOAZ WARD 1,17,0,1,12,0,0,0,5,0,0,0,1,0,0,0,8,0,2,33,1,0,0,0,0,0,0,0,0,0,0,0,2,23,30,14,33,23
RICHLANDVILLAGE OF CAZENOVIA WARD 1,37,0,0,42,0,1,0,13,0,0,0,9,0,0,0,20,0,0,77,2,0,0,0,0,0,0,0,0,0,0,0,7,68,79,43,77,68
RICHLANDVILLAGE OF LONE ROCK WARD 1,66,0,0,104,0,1,0,39,0,0,0,14,0,3,0,81,0,1,182,7,0,0,0,0,0,0,0,0,0,0,0,16,166,170,138,182,166
RICHLANDVILLAGE OF VIOLA WARD 2,27,0,0,58,0,0,0,15,0,0,1,5,0,1,0,31,0,1,95,4,0,0,0,0,0,0,0,0,0,0,0,8,71,85,53,95,71
RICHLANDVILLAGE OF YUBA WARD 1,10,0,0,10,0,0,0,3,0,0,0,0,0,1,0,5,0,1,16,0,0,0,0,0,0,0,0,0,0,0,0,1,15,20,9,16,15
ROCKCITY OF BELOIT WARD 1,59,0,0,81,1,0,0,19,0,0,0,30,0,1,0,58,0,2,207,3,0,0,0,0,0,0,0,0,0,0,0,8,142,140,109,207,142
ROCKCITY OF BELOIT WARD 10,75,0,0,152,0,0,0,33,0,0,0,9,0,3,0,85,0,2,325,4,0,0,0,0,0,0,0,0,0,0,0,24,216,227,130,325,216
ROCKCITY OF BELOIT WARD 11,100,0,1,142,0,1,0,47,0,0,1,33,0,3,0,103,0,4,365,8,0,0,0,0,0,0,0,0,0,0,0,22,260,243,188,365,260
ROCKCITY OF BELOIT WARD 12,53,0,0,57,0,0,0,9,0,0,0,6,0,1,0,19,0,1,169,3,0,0,0,0,0,0,0,0,0,0,0,6,62,110,35,169,62
ROCKCITY OF BELOIT WARD 13,95,0,1,82,1,3,0,11,0,0,0,7,0,1,0,22,0,0,328,7,0,0,0,0,0,0,0,0,0,0,0,10,69,178,45,328,69
ROCKCITY OF BELOIT WARD 14,122,0,0,117,0,0,1,19,0,0,0,7,1,1,0,36,0,2,410,4,0,0,0,0,0,0,0,0,0,0,0,8,105,239,65,410,105
ROCKCITY OF BELOIT WARD 15,106,0,1,95,1,4,0,19,0,0,1,24,0,4,0,55,0,1,338,8,0,1,0,0,0,0,0,0,0,0,0,20,163,202,108,338,163
ROCKCITY OF BELOIT WARD 16,72,0,1,429,1,1,1,26,0,0,0,23,0,3,0,44,0,1,624,13,0,0,0,0,0,0,0,0,3,0,0,21,110,502,99,624,110
ROCKCITY OF BELOIT WARD 17,162,0,2,193,1,0,1,80,0,0,0,56,0,3,1,56,0,4,485,17,0,2,0,0,1,0,0,0,0,0,0,20,226,357,198,485,226
ROCKCITY OF BELOIT WARD 18,91,0,0,158,1,0,0,39,0,0,0,23,3,2,1,64,0,5,356,8,0,0,0,0,0,0,0,0,0,0,0,24,167,249,133,356,167
ROCKCITY OF BELOIT WARD 19,99,0,0,74,0,0,1,41,0,0,0,25,1,0,0,46,0,0,260,1,0,1,0,0,0,0,0,0,0,0,0,9,155,173,114,260,155
ROCKCITY OF BELOIT WARD 2,99,0,0,154,1,3,0,80,0,0,0,22,0,3,0,125,0,7,359,6,0,0,0,0,0,0,0,0,1,0,0,32,326,253,234,359,326
ROCKCITY OF BELOIT WARD 20,64,0,1,108,1,0,0,49,0,0,0,17,0,0,1,62,0,6,310,4,0,0,0,0,0,0,0,0,0,0,0,12,163,173,130,310,163
ROCKCITY OF BELOIT WARD 21,95,0,0,129,0,2,0,55,0,0,0,28,0,2,0,79,0,3,353,12,0,1,0,0,0,0,0,0,0,0,0,27,212,224,166,353,212
ROCKCITY OF BELOIT WARD 22,131,0,0,112,2,1,0,75,0,0,0,53,1,1,0,91,0,2,337,2,0,0,0,0,0,0,0,0,2,0,0,30,259,243,224,337,259
ROCKCITY OF BELOIT WARD 23,188,0,1,200,3,2,0,175,1,0,3,109,0,2,0,178,0,7,523,10,0,0,0,0,0,0,0,0,0,0,0,28,540,389,473,523,540
ROCKCITY OF BELOIT WARD 24,75,0,0,115,1,0,0,89,0,0,0,53,2,1,0,83,0,2,295,6,0,1,0,0,0,0,0,0,0,0,0,23,260,190,229,295,260
ROCKCITY OF BELOIT WARD 25,0,0,0,0,0,0,0,0,0,0,0,0,0,0,0,0,0,0,0,0,0,0,0,0,0,0,0,0,0,0,0,0,0,0,0,0,0
ROCKCITY OF BELOIT WARD 3,105,0,0,118,1,2,0,86,1,0,0,33,2,3,0,116,0,1,347,14,0,0,0,0,0,0,0,0,0,0,0,31,340,223,244,347,340
ROCKCITY OF BELOIT WARD 4,81,0,2,157,0,2,0,60,0,0,0,18,0,2,1,105,0,3,308,15,0,0,0,0,0,0,0,1,0,0,0,22,276,240,188,308,276
ROCKCITY OF BELOIT WARD 5,79,0,0,149,0,2,0,48,0,0,0,29,1,2,0,84,0,2,319,17,0,0,0,0,0,0,0,0,2,0,0,20,258,228,166,319,258
ROCKCITY OF BELOIT WARD 6,63,0,0,115,1,1,0,26,1,0,0,17,1,0,1,54,0,1,295,12,0,1,0,0,0,0,0,0,0,0,0,23,138,178,102,295,138
ROCKCITY OF BELOIT WARD 7,63,0,1,119,0,0,0,24,0,0,0,13,0,0,0,42,0,3,306,6,0,0,0,0,0,0,0,0,3,0,0,15,116,183,79,306,116
ROCKCITY OF BELOIT WARD 8,6,0,0,7,0,0,0,0,0,0,0,1,0,0,0,2,0,0,30,1,0,0,0,0,0,0,0,0,0,0,0,0,13,13,3,30,13
ROCKCITY OF BELOIT WARD 9,59,0,0,118,1,3,0,35,0,0,0,15,1,0,0,48,0,6,272,12,0,0,0,0,0,0,0,0,0,0,0,10,155,177,103,272,155
ROCKCITY OF BRODHEAD WARDS 7-8,5,0,0,7,0,0,0,5,0,0,0,4,0,0,0,4,0,0,14,0,0,0,0,0,0,0,0,0,0,0,0,4,13,12,13,14,13
ROCKCITY OF EDGERTON WARD 1-6,422,0,1,851,5,4,1,243,0,0,2,123,0,6,0,320,0,10,1636,30,0,2,0,0,0,0,0,11,4,0,0,110,918,1274,704,1636,918
ROCKCITY OF EVANSVILLE WARDS 1-10,496,0,2,873,4,3,3,297,0,0,5,127,2,5,0,297,0,14,1701,41,0,3,0,0,0,0,0,3,2,0,0,95,907,1371,743,1701,907
ROCKCITY OF JANESVILLE WARD 1,241,0,1,310,5,1,2,164,0,0,0,95,0,3,0,163,0,2,716,11,0,0,0,0,0,0,0,2,2,0,0,46,541,552,433,716,541
ROCKCITY OF JANESVILLE WARD 10,119,0,0,213,0,1,1,64,0,0,0,28,0,6,0,98,0,4,431,9,0,0,0,0,0,0,0,0,1,0,0,29,301,332,198,431,301
ROCKCITY OF JANESVILLE WARD 11,170,0,1,315,1,2,0,87,0,0,0,47,0,1,1,116,0,6,596,23,0,1,0,0,0,0,0,0,4,0,0,50,348,486,255,596,348
ROCKCITY OF JANESVILLE WARD 12,229,0,1,353,3,4,1,213,0,0,0,171,0,5,0,220,0,1,820,10,0,0,0,0,0,0,0,0,0,0,0,52,671,583,617,820,671
ROCKCITY OF JANESVILLE WARD 13,199,0,1,358,2,6,0,139,1,0,0,105,0,4,0,117,0,11,766,27,0,1,0,0,0,0,1,11,0,0,0,47,430,558,374,766,430
ROCKCITY OF JANESVILLE WARD 14,198,0,1,399,0,1,0,152,0,0,0,107,0,4,0,179,0,9,788,23,0,0,0,0,0,0,0,2,1,0,0,46,538,598,443,788,538
ROCKCITY OF JANESVILLE WARD 15,131,0,0,307,0,4,0,106,1,0,0,40,0,1,0,97,0,6,580,20,1,0,0,0,0,0,0,0,1,0,0,50,339,438,249,580,339
ROCKCITY OF JANESVILLE WARD 16,140,0,0,164,0,3,0,73,1,0,1,36,0,1,0,98,0,5,453,13,0,1,0,0,0,0,0,0,0,0,0,30,310,304,213,453,310
ROCKCITY OF JANESVILLE WARD 17,241,0,1,318,1,1,1,177,0,0,2,90,2,4,1,166,0,8,753,19,0,0,0,0,0,0,0,0,0,0,0,50,559,560,445,753,559
ROCKCITY OF JANESVILLE WARD 18,225,0,0,306,0,3,0,157,1,0,0,90,2,1,0,166,0,11,752,11,0,2,0,0,0,0,0,0,1,0,0,45,506,531,420,752,506
ROCKCITY OF JANESVILLE WARD 19,31,0,0,98,1,1,0,40,0,0,0,29,0,2,0,44,0,2,190,3,0,1,0,0,0,0,0,4,1,0,0,23,182,129,117,190,182
ROCKCITY OF JANESVILLE WARD 2,204,0,1,260,1,1,0,134,0,0,0,100,3,4,0,172,0,6,692,19,0,0,0,0,0,0,0,0,1,0,0,58,482,465,415,692,482
ROCKCITY OF JANESVILLE WARD 20,56,0,0,84,0,0,0,80,0,0,0,42,1,0,0,74,0,1,237,1,0,0,0,0,0,0,0,0,0,0,0,13,243,140,197,237,243
ROCKCITY OF JANESVILLE WARD 21,189,0,0,210,3,0,0,178,0,0,0,88,0,2,0,161,0,8,594,11,0,0,0,0,0,0,0,2,1,0,0,55,530,399,432,594,530
ROCKCITY OF JANESVILLE WARD 22,173,0,0,220,0,3,0,229,0,0,1,115,0,6,2,187,0,6,645,16,0,2,0,0,0,0,0,3,0,0,0,53,645,393,543,645,645
ROCKCITY OF JANESVILLE WARD 23,137,0,0,118,0,0,0,91,0,0,0,65,0,3,1,90,0,2,364,3,0,1,0,0,0,0,0,0,0,0,0,22,283,255,250,364,283
ROCKCITY OF JANESVILLE WARD 24,99,0,0,282,0,2,0,83,0,0,0,38,2,2,0,81,0,6,531,15,0,1,0,0,0,0,0,3,0,0,0,53,287,381,208,531,287
ROCKCITY OF JANESVILLE WARD 25,203,0,1,238,0,2,0,180,0,0,0,71,1,6,0,170,0,4,678,11,0,0,0,0,0,0,0,5,1,0,0,37,502,442,430,678,502
ROCKCITY OF JANESVILLE WARD 26,0,0,0,0,0,0,0,0,0,0,0,0,0,0,0,0,0,0,0,0,0,0,0,0,0,0,0,0,0,0,0,0,0,0,0,0,0
ROCKCITY OF JANESVILLE WARD 27,298,0,0,380,1,3,0,264,0,0,0,170,2,2,0,219,0,9,910,19,0,1,0,0,0,0,0,0,2,0,0,76,730,678,661,910,730
ROCKCITY OF JANESVILLE WARD 28,222,0,0,326,1,1,0,186,0,0,0,128,0,1,0,184,0,12,745,9,0,1,0,0,0,0,0,0,0,0,0,58,588,548,501,745,588
ROCKCITY OF JANESVILLE WARD 29,0,0,0,0,0,0,0,2,0,0,0,0,0,0,0,1,0,0,0,0,0,0,0,0,0,0,0,0,0,0,0,0,2,0,3,0,2
ROCKCITY OF JANESVILLE WARD 3,132,0,0,266,3,1,0,61,1,0,1,32,0,1,0,76,0,5,530,25,0,1,0,0,0,0,0,0,2,0,0,45,305,398,176,530,305
ROCKCITY OF JANESVILLE WARD 30,0,0,0,0,0,0,0,0,0,0,0,0,0,0,0,0,0,0,0,0,0,0,0,0,0,0,0,0,0,0,0,0,0,0,0,0,0
ROCKCITY OF JANESVILLE WARD 31,0,0,0,0,0,0,0,0,0,0,0,0,0,0,0,0,0,0,0,0,0,0,0,0,0,0,0,0,0,0,0,0,0,0,0,0,0
ROCKCITY OF JANESVILLE WARD 32,0,0,0,0,0,0,0,0,0,0,0,0,0,0,0,0,0,0,0,0,0,0,0,0,0,0,0,0,0,0,0,0,0,0,0,0,0
ROCKCITY OF JANESVILLE WARD 33,0,0,0,0,0,0,0,0,0,0,0,0,0,0,0,0,0,0,0,0,0,0,0,0,0,0,0,0,0,0,0,0,0,0,0,0,0
ROCKCITY OF JANESVILLE WARD 4,63,0,0,232,0,1,0,56,0,1,0,12,0,1,1,75,0,5,415,20,0,2,0,0,0,0,0,0,0,0,0,30,274,295,147,415,274
ROCKCITY OF JANESVILLE WARD 5,223,0,1,251,0,0,0,145,2,0,1,54,1,1,1,132,0,5,645,15,0,2,0,0,0,0,0,0,1,0,0,33,444,475,337,645,444
ROCKCITY OF JANESVILLE WARD 6,110,0,0,213,0,1,3,83,0,0,0,40,1,2,0,138,0,5,417,10,0,0,0,0,0,0,0,0,0,0,0,37,357,323,268,417,357
ROCKCITY OF JANESVILLE WARD 7,258,0,2,316,2,1,1,160,0,0,0,69,0,4,0,148,0,4,821,14,0,0,0,0,0,0,0,0,1,0,0,34,476,576,385,821,476
ROCKCITY OF JANESVILLE WARD 8,175,0,1,267,0,2,0,129,0,0,2,37,0,1,0,117,0,9,556,15,0,0,0,0,0,0,0,0,0,0,0,42,431,443,288,556,431
ROCKCITY OF JANESVILLE WARD 9,144,0,0,227,0,2,0,86,1,0,0,43,0,1,0,127,0,4,524,11,0,0,0,0,0,0,0,0,0,0,0,36,362,371,260,524,362
ROCKCITY OF MILTON WARDS 1-12,398,0,3,746,4,2,0,385,1,1,3,170,2,6,0,361,0,18,1465,32,0,1,0,0,0,0,0,14,6,0,0,125,1233,1147,935,1465,1233
ROCKTOWN OF AVON WARD 1,42,0,0,69,1,2,0,47,0,0,1,20,0,3,0,75,0,0,116,1,0,0,0,0,0,0,0,0,0,0,0,10,204,111,149,116,204
ROCKTOWN OF BELOIT WARDS 1-3,162,0,2,204,3,4,0,205,0,0,1,79,1,3,2,212,0,9,492,15,0,1,0,0,0,0,0,2,0,0,0,33,670,368,510,492,670
ROCKTOWN OF BELOIT WARDS 4-6,151,0,2,213,4,1,0,120,1,0,0,49,1,1,0,150,0,6,517,11,0,0,0,0,0,0,0,2,1,0,0,39,470,366,327,517,470
ROCKTOWN OF BRADFORD WARDS 1-2,64,0,0,78,0,0,2,128,0,0,0,55,0,5,0,86,0,4,187,2,0,0,0,0,0,0,0,0,0,0,0,26,304,142,276,187,304
ROCKTOWN OF CENTER WARDS 1-2,110,0,0,128,0,0,1,90,0,0,0,39,0,2,0,121,0,5,299,5,0,1,0,0,0,0,0,2,1,0,0,32,292,238,253,299,292
ROCKTOWN OF CLINTON WARD 1,36,0,0,58,2,1,0,111,0,0,1,47,0,1,0,72,0,2,145,4,0,0,0,0,0,0,0,2,0,0,0,29,284,94,235,145,284
ROCKTOWN OF FULTON WARDS 1-6,295,0,0,406,1,5,2,254,0,0,0,161,2,8,0,309,0,10,908,13,0,1,0,0,0,0,0,4,2,0,0,76,926,701,742,908,926
ROCKTOWN OF HARMONY WARD 1,76,0,0,97,1,0,1,61,0,0,0,46,1,1,0,63,0,0,236,1,0,0,0,0,0,0,0,0,0,0,0,19,225,173,174,236,225
ROCKTOWN OF JANESVILLE WARDS 1-6,269,0,1,384,1,5,0,292,0,0,1,171,3,4,0,296,0,6,943,6,0,1,0,0,0,0,0,0,0,0,0,74,946,654,773,943,946
ROCKTOWN OF JANESVILLE WARDS 7-9,35,0,0,50,0,0,0,24,0,0,0,27,0,0,0,31,0,2,94,2,0,0,0,0,0,0,0,0,0,0,0,18,95,85,82,94,95
ROCKTOWN OF JOHNSTOWN WARD 1,57,0,2,86,2,1,0,84,0,0,0,35,2,3,0,81,0,1,192,2,0,0,0,0,0,0,0,0,0,0,0,20,251,145,208,192,251
ROCKTOWN OF LA PRAIRIE WARD 1,37,0,0,62,0,0,1,69,0,0,0,29,0,0,0,66,0,5,140,2,0,0,0,0,0,0,0,0,0,0,0,15,180,99,165,140,180
ROCKTOWN OF LA PRAIRIE WARD 2,16,0,0,22,0,2,0,25,0,0,0,9,1,0,0,27,0,0,45,1,0,0,0,0,0,0,0,0,1,0,0,1,75,38,64,45,75
ROCKTOWN OF LIMA WARDS 1-2,87,0,0,124,0,1,0,116,0,2,1,33,2,3,0,117,0,2,252,9,0,0,0,0,0,0,0,0,2,0,0,27,324,211,275,252,324
ROCKTOWN OF MAGNOLIA WARD 1,61,0,0,75,0,0,1,53,0,0,1,33,0,0,0,62,0,2,188,1,0,0,0,2,0,0,0,2,0,0,0,14,184,136,150,188,184
ROCKTOWN OF MILTON WARD 1,38,0,1,70,0,2,1,71,0,0,1,27,0,1,0,77,0,2,186,2,0,0,0,0,0,0,0,1,0,0,0,13,243,109,180,186,243
ROCKTOWN OF MILTON WARDS 2-4,158,0,0,226,0,2,0,155,0,0,0,67,1,0,0,171,0,7,536,13,0,0,0,0,0,0,0,0,2,0,0,49,600,384,396,536,600
ROCKTOWN OF NEWARK WARDS 1-3,110,0,0,117,1,4,0,148,0,0,0,67,0,1,0,167,0,4,318,3,0,1,0,0,0,0,0,0,0,0,0,26,525,227,388,318,525
ROCKTOWN OF PLYMOUTH WARDS 1-2,83,0,0,120,1,0,1,93,0,0,0,46,0,0,0,140,0,1,250,6,0,0,0,0,0,0,0,0,0,0,0,35,391,203,281,250,391
ROCKTOWN OF PORTER WARD 1,120,0,1,147,0,1,0,66,0,0,0,50,0,2,0,92,0,3,352,3,0,0,0,0,0,0,0,0,0,0,0,8,234,268,211,352,234
"ROCKTOWN OF ROCK WARDS 1-4,6",153,0,1,275,0,3,1,114,0,0,0,51,1,2,1,224,0,6,565,17,0,0,0,0,0,0,0,6,3,0,0,63,551,429,397,565,551
"ROCKTOWN OF ROCK WARDS 5,7",21,0,0,45,1,0,0,17,0,0,0,16,1,0,0,50,0,1,76,8,0,0,0,0,0,0,0,0,0,0,0,5,112,66,85,76,112
ROCKTOWN OF SPRING VALLEY WARD 1,37,0,0,105,0,1,0,65,1,0,1,29,0,1,0,66,0,0,163,3,0,0,0,0,0,0,0,2,0,0,0,14,224,142,164,163,224
"ROCKTOWN OF TURTLE WARDS 1,4",71,0,0,108,1,1,1,67,0,0,0,54,0,0,0,109,0,3,246,7,0,0,0,0,0,0,0,3,1,0,0,12,324,179,233,246,324
ROCKTOWN OF TURTLE WARDS 2-3,89,0,0,113,0,2,1,135,0,0,0,62,1,2,0,175,0,5,281,4,0,0,0,0,0,0,0,0,0,0,0,30,492,202,378,281,492
ROCKTOWN OF UNION WARDS 1-4,172,0,0,317,1,4,0,125,0,0,0,71,0,4,0,133,0,10,613,9,0,0,0,0,0,0,0,0,1,0,0,32,425,489,338,613,425
ROCKVILLAGE OF CLINTON WARDS 1-3,76,0,0,167,2,6,2,150,1,0,3,77,2,1,1,161,0,3,360,13,0,0,0,0,0,0,1,8,0,0,0,67,526,243,406,360,526
ROCKVILLAGE OF FOOTVILLE WARD 1,62,0,1,111,1,1,0,54,0,1,1,19,0,2,0,71,0,1,180,3,0,0,0,0,0,0,1,1,0,0,0,16,199,174,150,180,199
ROCKVILLAGE OF ORFORDVILLE WARDS 1-2,103,0,2,157,2,3,1,96,0,0,0,48,0,0,0,102,0,4,323,8,0,1,0,0,0,0,0,1,0,0,0,21,293,262,252,323,293
RUSKCITY OF LADYSMITH WARD 1-15,203,0,3,237,5,5,0,255,2,0,2,51,0,6,0,273,0,18,507,13,0,1,0,0,0,0,4,4,0,0,0,45,793,443,599,507,793
RUSKTOWN OF ATLANTA WARD 1-2,34,0,1,55,0,2,0,51,0,0,0,14,0,1,0,87,0,3,82,5,0,0,0,0,0,0,0,0,0,0,0,13,221,90,155,82,221
RUSKTOWN OF BIG BEND WARD 1-2,29,0,0,43,1,1,0,52,0,0,0,7,1,2,0,47,1,1,90,1,0,0,0,0,0,0,0,0,0,0,0,6,167,72,112,90,167
RUSKTOWN OF BIG FALLS WARD 1,5,0,0,15,0,1,0,19,0,0,0,1,0,1,0,25,0,0,26,0,0,0,0,0,0,0,0,0,0,0,0,3,51,20,47,26,51
RUSKTOWN OF CEDAR RAPIDS WARD 1,1,0,0,6,0,0,0,6,0,0,0,1,0,1,0,5,0,0,7,0,0,0,0,0,0,0,0,0,0,0,0,0,19,7,13,7,19
RUSKTOWN OF DEWEY WARD 1,40,0,0,31,0,0,0,84,0,0,0,11,1,1,0,56,0,2,79,3,0,0,0,0,0,0,0,0,0,0,0,18,198,71,153,79,198
RUSKTOWN OF FLAMBEAU WARD 1-3,57,0,0,90,0,1,1,104,0,0,1,20,1,3,0,118,0,1,151,5,0,0,0,0,0,0,0,0,0,0,0,9,360,147,249,151,360
RUSKTOWN OF GRANT WARD 1-5,35,0,0,56,0,1,0,75,0,0,1,17,0,2,0,72,0,0,113,1,0,0,0,0,0,0,0,0,1,0,0,13,237,91,168,113,237
RUSKTOWN OF GROW WARD 1,7,0,0,24,0,1,0,54,0,0,0,4,0,2,0,53,0,0,33,4,0,0,0,0,0,0,0,2,0,0,0,2,169,31,114,33,169
RUSKTOWN OF HAWKINS WARD 1,9,0,0,13,0,0,0,9,0,0,0,0,0,0,0,23,0,0,21,3,0,0,0,0,0,0,0,2,0,0,0,0,43,22,32,21,43
RUSKTOWN OF HUBBARD WARD 1,10,0,0,15,0,0,0,13,0,0,0,1,0,0,0,30,0,2,21,0,0,0,0,0,0,0,0,0,2,0,0,4,69,25,44,21,69
RUSKTOWN OF LAWRENCE WARD 1-2,8,0,0,12,0,0,0,37,0,0,0,3,0,0,0,39,0,0,26,2,0,0,0,0,0,0,0,2,0,0,0,6,92,20,79,26,92
RUSKTOWN OF MARSHALL WARD 1-2,9,0,0,24,0,1,0,52,0,0,1,6,0,1,0,42,0,1,47,1,0,0,0,0,0,0,0,1,0,0,0,5,148,33,103,47,148
RUSKTOWN OF MURRY WARD 1,14,0,0,14,0,1,0,33,0,0,0,1,0,0,0,27,0,0,36,1,0,0,0,0,0,0,0,0,0,0,0,1,89,28,62,36,89
RUSKTOWN OF RICHLAND WARD 1-2,22,0,0,15,0,0,0,12,0,0,0,3,0,0,0,33,0,0,39,1,0,0,0,0,0,0,0,0,0,0,0,6,64,37,48,39,64
RUSKTOWN OF RUSK WARD 1,44,0,1,49,0,0,0,68,0,0,1,9,0,1,0,61,0,2,113,1,0,1,0,0,0,0,0,0,0,0,0,6,193,94,140,113,193
RUSKTOWN OF SOUTH FORK WARD 1,11,0,0,10,0,0,0,8,0,0,0,1,0,0,0,16,0,0,18,1,0,0,0,0,0,0,0,0,0,0,0,3,47,21,25,18,47
RUSKTOWN OF STRICKLAND WARD 1-2,24,0,0,22,0,0,0,21,0,0,0,5,1,1,0,40,0,0,64,3,0,0,0,0,0,0,0,0,0,0,0,8,92,46,68,64,92
RUSKTOWN OF STUBBS WARD 1-2,33,0,0,59,0,3,0,52,0,0,0,9,0,0,0,68,0,3,98,7,0,0,0,0,0,0,0,0,0,0,0,3,202,92,132,98,202
RUSKTOWN OF THORNAPPLE WARD 1-5,35,0,0,65,1,0,0,81,0,0,0,5,2,2,0,114,0,3,91,0,0,0,0,0,0,0,0,0,0,0,0,10,315,100,205,91,315
RUSKTOWN OF TRUE WARD 1,12,0,0,29,0,0,0,33,0,0,1,2,0,1,0,30,0,0,46,2,0,0,0,0,0,0,2,0,0,0,0,3,99,41,67,46,99
RUSKTOWN OF WASHINGTON WARD 1,30,0,0,30,0,2,0,38,0,0,0,7,0,1,0,54,0,0,80,2,0,0,0,0,0,0,0,0,0,0,0,7,131,60,102,80,131
RUSKTOWN OF WILKINSON WARD 1,2,0,0,3,0,0,0,2,0,0,0,3,0,0,0,7,0,1,7,1,0,0,0,0,0,0,0,0,0,0,0,1,21,5,12,7,21
RUSKTOWN OF WILLARD WARD 1,35,0,1,22,0,2,0,30,0,0,0,9,0,2,0,79,0,0,67,0,0,0,0,0,0,0,0,0,0,0,0,4,166,58,122,67,166
RUSKTOWN OF WILSON WARD 1,4,0,0,5,0,0,0,14,0,0,0,5,0,0,0,15,0,0,12,0,0,0,0,0,0,0,0,0,0,0,0,1,49,9,34,12,49
RUSKVILLAGE OF BRUCE WARD 1,37,0,0,54,0,1,1,58,0,0,1,14,1,1,0,76,0,1,121,3,0,0,0,0,0,0,0,0,0,0,0,11,211,91,153,121,211
RUSKVILLAGE OF CONRATH WARD 1,6,0,0,10,0,0,0,7,0,0,0,0,2,0,0,10,0,1,15,1,0,0,0,0,0,0,0,0,2,0,0,0,22,16,19,15,22
RUSKVILLAGE OF GLEN FLORA WARD 1,1,0,0,8,0,0,0,11,0,0,1,1,0,0,0,8,0,0,11,1,0,0,0,0,0,0,0,0,0,0,0,1,23,9,21,11,23
RUSKVILLAGE OF HAWKINS WARD 1,24,0,1,29,0,0,0,18,0,0,0,3,0,1,0,45,0,1,51,1,0,1,0,0,0,0,0,0,0,0,0,1,94,54,67,51,94
RUSKVILLAGE OF INGRAM WARD 1,6,0,0,6,0,0,0,4,0,0,0,0,0,0,0,13,0,1,10,0,0,0,0,0,0,0,0,0,0,0,0,1,20,12,17,10,20
RUSKVILLAGE OF SHELDON WARD 1,7,0,0,15,0,0,0,23,0,0,0,1,0,0,0,17,0,0,30,0,0,0,0,0,0,0,0,3,0,0,0,0,65,22,41,30,65
RUSKVILLAGE OF TONY WARD 1,6,0,0,8,0,0,1,3,0,0,0,3,0,0,0,20,0,1,16,0,0,0,0,0,0,0,0,0,0,0,0,1,38,14,27,16,38
RUSKVILLAGE OF WEYERHAEUSER WARD 1-2,16,0,0,18,0,0,0,11,0,0,0,3,0,0,0,16,0,1,43,0,0,0,0,0,0,0,0,0,0,0,0,5,56,34,30,43,56
SAUKCITY OF BARABOO WARD 1-14,940,0,4,1535,12,10,2,685,1,0,5,407,3,30,0,677,0,26,2901,96,0,16,0,1,0,0,1,16,4,0,0,217,2361,2479,1832,2901,2361
"SAUKCITY OF REEDSBURG WARDS 1-3,13",107,0,0,181,2,0,0,107,0,0,0,39,2,4,0,159,0,3,402,10,0,1,0,0,0,0,0,1,0,0,0,30,476,288,313,402,476
SAUKCITY OF REEDSBURG WARDS 10-12,96,0,0,164,1,3,1,87,0,0,1,35,0,4,0,103,0,6,328,17,0,1,0,0,0,0,0,0,0,0,0,23,397,260,235,328,397
"SAUKCITY OF REEDSBURG WARDS 4,6,14",127,0,0,211,4,1,0,146,0,0,1,77,1,5,0,133,0,3,458,10,0,1,0,0,0,0,0,4,0,0,0,54,553,338,368,458,553
"SAUKCITY OF REEDSBURG WARDS 5,7-9",192,0,2,227,3,1,1,153,1,0,1,107,2,4,0,189,0,7,572,13,0,0,0,0,0,0,0,3,0,0,0,50,645,421,462,572,645
SAUKTOWN OF BARABOO WARDS 1-4,133,0,0,268,0,2,2,156,1,0,0,92,0,3,0,170,0,1,476,13,0,0,1,0,0,0,0,7,0,0,0,30,519,401,426,476,519
SAUKTOWN OF BEAR CREEK WARD 1,49,0,0,107,0,1,2,40,0,0,0,23,2,0,0,41,0,0,174,5,0,0,0,0,0,0,0,0,1,0,0,13,150,156,109,174,150
SAUKTOWN OF DELLONA WARDS 1-2,95,0,0,165,0,4,0,96,0,0,0,50,0,1,0,207,0,2,354,11,0,2,0,0,0,0,0,0,1,0,0,30,488,260,358,354,488
SAUKTOWN OF DELTON WARDS 1-4,147,0,0,267,1,2,0,159,0,0,2,77,0,6,0,215,0,4,491,18,0,0,0,0,0,0,0,6,0,0,0,38,596,414,462,491,596
SAUKTOWN OF EXCELSIOR WARDS 1-3,103,0,0,176,2,4,2,135,0,0,0,68,1,7,0,164,0,5,359,13,0,0,0,0,0,0,0,0,2,0,0,18,514,279,383,359,514
SAUKTOWN OF FAIRFIELD WARDS 1-2,117,0,1,155,2,2,1,87,0,0,0,59,0,2,0,103,0,3,296,7,0,1,0,0,0,0,0,0,0,0,0,15,333,273,256,296,333
SAUKTOWN OF FRANKLIN WARD 1-3,50,0,0,99,0,1,0,46,0,0,0,35,0,3,0,68,0,1,184,2,0,0,0,0,0,0,0,0,0,0,0,17,173,149,153,184,173
SAUKTOWN OF FREEDOM WARDS 1-2,39,0,0,63,0,0,1,44,0,0,1,15,2,0,0,45,0,2,100,7,0,0,0,0,0,0,0,0,1,0,0,7,142,102,108,100,142
SAUKTOWN OF GREENFIELD WARD 1,90,0,0,126,1,2,3,91,0,0,1,46,0,4,0,78,0,2,265,8,0,0,0,0,0,0,0,0,0,0,0,21,280,216,226,265,280
SAUKTOWN OF HONEY CREEK WARD 1,64,0,0,88,1,1,0,45,0,1,0,39,0,0,0,78,0,3,200,7,0,0,0,0,0,0,0,6,1,0,0,13,192,152,165,200,192
SAUKTOWN OF IRONTON WARD 1,29,0,1,47,0,1,0,47,0,0,0,24,0,2,0,61,0,3,85,5,0,1,0,0,0,0,0,1,0,0,0,10,165,77,135,85,165
SAUKTOWN OF LA VALLE WARDS 1-3,97,0,0,128,2,1,0,109,0,0,0,55,1,0,0,167,0,2,291,10,0,1,0,0,0,0,0,3,0,0,0,25,460,225,335,291,460
SAUKTOWN OF MERRIMAC WARD 1,96,0,0,113,1,1,0,102,1,0,0,59,0,3,0,98,0,2,313,4,0,3,0,0,0,0,0,1,0,0,0,24,323,209,265,313,323
SAUKTOWN OF PRAIRIE DU SAC WARDS 1-2,88,0,0,139,0,2,0,109,0,0,0,42,0,0,0,87,0,1,298,6,0,1,0,0,0,0,0,2,0,0,0,24,311,227,240,298,311
SAUKTOWN OF REEDSBURG WARDS 1-3,82,0,0,107,0,1,0,90,0,0,0,54,0,0,0,112,0,2,236,7,0,2,0,0,0,0,0,2,2,0,0,20,388,189,257,236,388
SAUKTOWN OF SPRING GREEN WARDS 1-4,155,0,1,225,0,2,1,129,0,0,1,69,1,2,1,124,0,4,493,13,0,0,0,0,0,0,0,2,0,0,0,28,451,381,330,493,451
SAUKTOWN OF SUMPTER WARDS 1-3,39,0,0,84,0,1,0,56,0,0,0,21,0,5,2,46,0,3,170,8,0,1,0,0,0,0,0,0,0,0,0,15,184,123,131,170,184
SAUKTOWN OF TROY WARD 1,50,0,0,99,1,1,1,60,0,0,0,23,0,1,0,94,0,2,190,4,0,1,0,0,0,0,0,0,0,0,0,16,235,149,181,190,235
SAUKTOWN OF WASHINGTON WARDS 1-2,43,0,0,80,0,1,1,67,0,0,1,21,2,3,1,74,0,2,140,0,0,0,0,0,0,0,0,0,2,0,0,16,212,123,171,140,212
SAUKTOWN OF WESTFIELD WARD 1,23,0,0,48,0,2,1,53,0,0,0,27,1,1,0,73,0,4,95,0,0,1,0,0,0,0,0,0,1,0,0,13,171,71,158,95,171
SAUKTOWN OF WINFIELD WARDS 1-2,53,0,0,98,0,0,0,49,0,0,2,53,1,2,0,87,0,7,183,5,0,5,0,0,0,0,0,0,0,0,0,15,282,151,194,183,282
SAUKTOWN OF WOODLAND WARD 1,34,0,0,69,0,3,0,53,0,0,0,28,0,2,0,78,0,2,135,5,0,0,0,0,0,0,0,0,0,0,0,6,206,103,164,135,206
SAUKVILLAGE OF CAZENOVIA WARD 2,1,0,0,2,0,0,0,0,0,0,0,0,0,0,0,0,0,0,3,0,0,0,0,0,0,0,0,0,0,0,0,1,3,3,0,3,3
SAUKVILLAGE OF IRONTON WARD 1,6,0,0,27,1,1,0,9,0,0,0,3,0,1,0,18,0,1,32,1,0,0,0,0,0,0,0,0,0,0,0,4,61,33,33,32,61
SAUKVILLAGE OF LAKE DELTON WARDS 1-3,192,0,2,208,0,4,2,93,0,0,0,61,1,5,1,218,0,7,537,14,0,2,0,0,0,0,0,5,3,0,0,29,568,402,385,537,568
SAUKVILLAGE OF LAVALLE WARD 1,17,0,0,35,0,1,0,19,0,0,0,10,0,1,0,37,0,0,60,1,0,0,0,0,0,0,0,0,1,0,0,10,102,52,68,60,102
SAUKVILLAGE OF LIME RIDGE WARD 1,22,0,0,21,0,0,0,8,0,0,0,0,0,0,0,22,0,0,37,0,0,0,0,0,0,0,0,1,0,0,0,3,48,43,30,37,48
SAUKVILLAGE OF LOGANVILLE WARD 1,9,0,0,42,1,1,0,14,0,0,0,6,0,1,0,30,0,1,46,5,0,3,0,0,0,0,0,0,0,0,0,8,88,51,53,46,88
SAUKVILLAGE OF MERRIMAC WARD 1,39,0,0,44,0,0,1,44,0,0,0,13,0,0,0,50,0,2,118,3,0,1,0,0,0,0,0,0,0,0,0,9,147,83,108,118,147
SAUKVILLAGE OF NORTH FREEDOM WARD 1,37,0,0,81,1,2,0,29,0,0,0,10,0,1,0,49,0,2,98,6,0,5,0,0,0,0,0,0,0,0,0,12,159,118,92,98,159
SAUKVILLAGE OF PLAIN WARD 1,43,0,0,80,0,0,1,60,0,0,0,43,0,2,0,71,0,3,180,3,0,0,0,0,0,0,0,1,0,0,0,8,207,123,177,180,207
SAUKVILLAGE OF PRAIRIE DU SAC WARDS 1-4,420,0,3,599,3,5,3,261,1,0,3,178,1,8,0,227,0,14,1325,28,0,1,0,0,0,0,2,2,1,0,0,91,816,1022,690,1325,816
SAUKVILLAGE OF ROCK SPRINGS WARD 1,14,0,0,33,0,1,0,18,0,0,0,8,1,2,0,43,0,2,49,1,0,0,0,0,0,0,0,0,1,0,0,15,101,47,73,49,101
SAUKVILLAGE OF SAUK CITY WARDS 1-5,322,0,0,501,1,4,1,170,0,0,0,108,2,4,0,189,0,8,1095,27,0,0,0,0,0,0,0,4,3,0,0,64,645,823,479,1095,645
SAUKVILLAGE OF SPRING GREEN WARDS 1-2,173,0,0,288,0,1,1,88,0,0,1,71,0,2,2,88,0,1,573,12,0,3,0,0,0,0,0,6,0,0,0,33,271,461,254,573,271
SAUKVILLAGE OF WEST BARABOO WARD 1-2,91,0,1,163,3,3,1,85,0,1,5,38,1,3,0,112,0,4,312,16,0,0,0,0,0,0,0,2,1,0,0,25,326,255,252,312,326
SAWYERCITY OF HAYWARD WARDS 1-6,101,0,0,175,4,1,0,121,1,1,2,40,0,2,0,215,0,2,393,10,0,0,0,0,0,0,0,5,0,0,0,37,558,276,387,393,558
SAWYERTOWN OF BASS LAKE WARDS 1-5,142,0,0,369,2,6,1,118,0,0,2,62,2,3,1,188,0,2,658,20,0,0,0,0,0,0,0,1,1,0,0,22,560,511,385,658,560
SAWYERTOWN OF COUDERAY WARD 1,15,0,0,31,1,1,0,16,0,0,0,3,0,0,0,27,0,1,71,2,0,0,0,0,0,0,0,0,0,0,0,4,73,46,48,71,73
SAWYERTOWN OF DRAPER WARD 1,14,0,0,29,0,0,1,15,0,0,0,6,0,1,0,40,0,1,50,0,0,0,0,0,0,0,0,0,0,0,0,5,86,43,63,50,86
SAWYERTOWN OF EDGEWATER WARDS 1-2,25,0,1,50,2,1,0,52,0,0,0,25,1,3,0,88,0,1,95,1,0,0,0,0,0,0,0,0,0,0,0,12,226,76,172,95,226
SAWYERTOWN OF HAYWARD WARDS 1-8,189,0,0,313,1,5,1,253,0,0,2,104,0,4,1,342,0,5,675,28,0,0,0,0,0,0,0,0,0,0,0,39,976,502,713,675,976
SAWYERTOWN OF HUNTER WARD 1,51,0,1,78,0,0,0,42,0,0,0,10,1,6,0,96,0,2,186,5,0,0,0,0,0,0,0,0,0,0,0,5,197,130,155,186,197
SAWYERTOWN OF LENROOT WARDS 1-2,92,0,0,151,0,3,0,82,0,0,0,69,1,3,0,225,0,4,299,8,0,1,0,0,0,0,0,0,0,0,0,21,491,243,383,299,491
SAWYERTOWN OF MEADOWBROOK WARD 1,5,0,1,9,0,1,0,19,0,0,0,4,0,0,0,21,0,0,12,0,0,0,0,0,0,0,0,0,0,0,0,2,65,15,45,12,65
SAWYERTOWN OF METEOR WARD 1,5,0,0,17,0,1,0,29,0,0,1,1,0,0,0,13,0,0,25,1,0,1,0,0,0,0,0,0,0,0,0,2,55,22,45,25,55
SAWYERTOWN OF OJIBWA WARDS 1-2,14,0,0,12,0,0,0,19,0,0,0,14,0,0,0,37,0,1,51,1,0,0,0,0,0,0,0,0,0,0,0,2,113,26,70,51,113
SAWYERTOWN OF RADISSON WARDS 1-2,25,0,2,31,0,0,0,41,0,0,0,0,0,1,0,62,0,3,64,3,0,0,0,0,0,0,0,2,0,0,0,7,152,58,104,64,152
SAWYERTOWN OF ROUND LAKE WARDS 1-2,66,0,0,96,0,1,0,105,0,0,0,42,1,1,0,168,0,1,244,2,0,0,0,0,0,0,0,0,1,0,0,13,403,162,318,244,403
SAWYERTOWN OF SAND LAKE WARD 1,66,0,0,90,0,0,0,51,0,0,1,33,0,2,0,123,0,2,205,7,0,0,0,0,0,0,0,0,0,0,0,12,304,156,210,205,304
SAWYERTOWN OF SPIDER LAKE WARD 1,20,0,0,34,0,1,0,35,0,0,0,23,0,1,0,69,0,0,108,1,0,0,0,0,0,0,0,0,0,0,0,4,174,54,129,108,174
SAWYERTOWN OF WEIRGOR WARD 1,16,0,0,20,1,0,0,44,0,0,0,6,0,2,0,45,0,1,45,1,0,0,0,0,0,0,0,0,0,0,0,8,144,36,98,45,144
SAWYERTOWN OF WINTER WARDS 1-2,72,0,1,86,0,2,0,63,2,0,0,26,0,3,0,180,0,1,188,1,0,0,0,0,0,0,0,0,0,0,0,8,394,159,276,188,394
SAWYERVILLAGE OF COUDERAY WARD 1,11,0,0,12,0,0,0,3,0,0,0,0,0,0,0,11,0,0,26,1,0,0,0,0,0,0,0,0,0,0,0,1,22,23,14,26,22
SAWYERVILLAGE OF EXELAND WARD 1,15,0,0,11,0,0,0,9,0,0,0,5,0,0,0,18,0,1,32,1,0,0,0,0,0,0,0,0,1,0,0,3,51,26,32,32,51
SAWYERVILLAGE OF RADISSON WARD 1,14,0,0,14,0,0,0,19,0,0,0,1,0,1,0,14,0,0,30,2,0,0,0,0,0,0,0,0,0,0,0,1,50,28,35,30,50
SAWYERVILLAGE OF WINTER WARD 1,18,0,1,26,0,3,0,14,1,1,0,1,0,0,0,56,0,0,47,4,0,0,0,0,0,0,0,0,0,0,0,2,91,45,76,47,91
SHAWANOCITY OF MARION WARDS 4-6,0,0,0,1,0,0,0,1,0,0,0,0,0,0,0,0,0,0,2,0,0,0,0,0,0,0,0,0,0,0,0,0,3,1,1,2,3
SHAWANOCITY OF SHAWANO WARDS 1-2,68,0,0,109,0,1,1,139,1,0,0,29,3,3,0,134,0,6,207,3,0,0,0,0,0,0,0,0,1,0,0,22,351,177,311,207,351
SHAWANOCITY OF SHAWANO WARDS 11-12,94,0,0,113,0,1,1,148,0,0,1,26,0,6,0,133,0,4,260,5,0,0,0,0,0,0,0,0,0,0,0,19,391,207,316,260,391
SHAWANOCITY OF SHAWANO WARDS 3-4,56,0,0,131,0,3,0,116,0,0,1,30,0,1,0,101,0,4,212,7,0,0,0,0,0,0,0,4,0,0,0,29,343,187,252,212,343
SHAWANOCITY OF SHAWANO WARDS 5-6,81,0,0,108,1,0,0,109,0,0,0,23,0,1,0,94,0,4,237,12,0,0,0,0,0,0,0,3,1,0,0,17,324,189,228,237,324
SHAWANOCITY OF SHAWANO WARDS 7-8,76,0,0,134,0,3,0,88,0,0,2,15,0,5,0,109,0,3,206,7,0,0,0,0,0,0,0,0,1,0,0,23,302,210,222,206,302
SHAWANOCITY OF SHAWANO WARDS 9-10,112,0,1,93,1,1,3,144,1,0,0,23,0,6,0,126,0,3,277,8,0,2,0,0,0,0,0,1,0,0,0,24,371,206,305,277,371
SHAWANOTOWN OF ALMON WARD 1,27,0,0,40,0,0,0,54,0,0,0,4,0,3,0,72,0,0,81,1,0,1,0,0,0,0,0,0,0,0,0,7,194,67,133,81,194
SHAWANOTOWN OF ANGELICA WARDS 1-3,76,0,0,111,1,5,0,229,0,0,0,30,2,2,0,222,0,6,221,4,0,2,0,0,0,0,0,5,1,0,0,27,683,187,491,221,683
SHAWANOTOWN OF ANIWA WARD 1,27,0,1,30,0,1,0,53,0,0,1,7,0,0,0,56,0,0,74,2,0,0,0,0,0,0,0,1,1,0,0,9,170,58,118,74,170
SHAWANOTOWN OF BARTELME WARD 1,62,0,0,140,0,1,0,28,0,0,0,6,1,0,0,23,0,3,221,16,0,0,0,0,0,0,0,1,0,0,0,6,72,202,59,221,72
SHAWANOTOWN OF BELLE PLAINE WARDS 1-3,105,0,0,128,0,2,0,234,0,0,0,38,2,2,0,213,0,6,270,2,0,0,0,0,0,0,0,4,1,0,0,35,650,233,491,270,650
SHAWANOTOWN OF BIRNAMWOOD WARD 1,48,0,0,41,0,1,0,68,0,0,0,10,0,0,0,65,0,2,125,3,0,0,0,0,0,0,0,0,0,0,0,7,210,89,144,125,210
SHAWANOTOWN OF FAIRBANKS WARD 1,22,0,0,31,0,1,0,93,0,1,0,4,0,0,0,83,0,1,56,3,0,0,0,0,0,0,0,0,0,0,0,13,243,53,182,56,243
SHAWANOTOWN OF GERMANIA WARDS 1-2,20,0,1,26,0,1,0,27,1,0,0,7,0,0,0,39,0,0,69,2,0,0,0,0,0,0,0,0,1,0,0,3,110,47,75,69,110
SHAWANOTOWN OF GRANT WARDS 1-2,30,0,0,49,1,0,1,141,1,0,1,13,1,3,0,86,0,4,97,5,0,0,0,0,0,0,0,0,0,0,0,10,363,79,248,97,363
SHAWANOTOWN OF GREEN VALLEY WARDS 1-2,44,0,0,80,1,1,0,120,0,0,0,15,0,0,0,103,0,4,133,3,0,0,0,0,0,0,0,1,0,0,0,19,369,124,240,133,369
SHAWANOTOWN OF HARTLAND WARD 1,20,0,0,35,0,4,0,102,0,0,0,16,0,0,0,98,0,0,58,0,0,1,0,0,0,0,0,2,0,0,0,19,309,55,220,58,309
SHAWANOTOWN OF HERMAN WARDS 1-2,35,0,0,69,1,3,0,95,1,0,0,6,1,3,0,115,0,4,93,3,0,0,0,0,0,0,0,8,0,0,0,7,269,104,225,93,269
SHAWANOTOWN OF HUTCHINS WARD 1,30,0,0,36,0,0,0,88,0,0,0,11,0,0,0,76,0,4,62,1,0,0,0,0,0,0,0,0,0,0,0,10,202,66,175,62,202
SHAWANOTOWN OF LESSOR WARDS 1-2,42,0,0,73,0,1,0,172,0,0,0,15,1,3,1,141,0,3,141,0,0,0,0,0,0,0,0,2,0,0,0,21,490,115,334,141,490
SHAWANOTOWN OF MAPLE GROVE WARD 1,45,0,0,72,0,1,0,97,0,0,0,18,0,2,0,78,0,2,147,3,0,0,0,0,0,0,0,0,0,0,0,11,320,117,196,147,320
SHAWANOTOWN OF MORRIS WARD 1,36,0,1,37,0,0,0,46,0,0,1,11,0,0,0,49,0,3,80,1,0,0,0,0,0,0,0,0,0,0,0,6,131,74,107,80,131
SHAWANOTOWN OF NAVARINO WARD 1,29,0,0,24,0,1,0,68,0,0,0,5,0,2,0,54,0,0,65,1,0,0,0,0,0,0,0,4,0,0,0,5,162,53,130,65,162
SHAWANOTOWN OF PELLA WARD 1,39,0,0,57,1,0,0,104,0,0,0,14,0,0,1,132,0,0,98,2,0,0,0,0,0,0,0,2,1,0,0,14,378,96,252,98,378
SHAWANOTOWN OF RED SPRINGS WARDS 1-2,68,0,0,108,0,0,1,85,2,0,0,7,0,1,0,81,0,3,219,9,0,0,0,0,0,0,0,2,0,0,0,12,189,176,177,219,189
SHAWANOTOWN OF RICHMOND WARDS 1-3,79,0,0,148,0,4,0,247,0,0,1,48,0,2,0,254,0,5,254,6,0,0,0,0,0,0,0,0,0,0,0,25,735,227,556,254,735
SHAWANOTOWN OF SENECA WARD 1,19,0,0,41,2,0,0,58,0,0,0,6,0,3,0,67,0,3,88,3,0,0,0,0,0,0,0,0,0,0,0,9,176,60,136,88,176
SHAWANOTOWN OF WASHINGTON WARDS 1-3,106,0,1,120,2,1,0,176,0,0,0,39,0,3,0,228,0,9,282,7,0,0,0,0,0,0,0,0,0,0,0,16,668,227,449,282,668
SHAWANOTOWN OF WAUKECHON WARDS 1-2,48,0,0,61,2,0,1,131,0,0,0,13,0,2,0,140,0,0,107,5,0,0,0,0,0,0,0,2,1,0,0,29,385,109,289,107,385
SHAWANOTOWN OF WESCOTT WARD 1-4,199,0,1,221,2,0,0,287,1,0,0,52,0,7,0,395,0,5,532,10,0,0,0,0,0,0,0,0,0,0,0,45,1107,421,744,532,1107
SHAWANOTOWN OF WITTENBERG WARDS 1-2,53,0,0,44,0,1,0,74,0,0,2,16,0,2,0,98,0,3,135,3,0,0,0,0,0,0,0,0,0,0,0,11,296,97,193,135,296
SHAWANOVILLAGE OF ANIWA WARD 1,14,0,0,14,0,0,1,15,0,0,0,6,1,0,0,20,0,2,31,1,0,0,0,0,0,0,0,0,0,0,0,6,63,28,43,31,63
SHAWANOVILLAGE OF BIRNAMWOOD WARD 1,41,0,0,55,0,0,0,55,0,0,0,5,2,0,0,56,0,0,117,5,0,0,0,0,0,0,0,0,0,0,0,10,183,96,118,117,183
SHAWANOVILLAGE OF BONDUEL WARD 1-2,52,0,0,96,3,1,0,175,0,0,3,34,0,0,0,146,0,4,168,4,0,0,0,0,0,0,0,3,0,0,0,27,496,148,362,168,496
SHAWANOVILLAGE OF BOWLER WARD 1,13,0,0,37,0,1,1,15,0,0,0,1,0,0,0,32,0,0,37,5,0,1,0,0,0,0,0,0,0,0,0,3,74,50,50,37,74
SHAWANOVILLAGE OF CECIL WARD 1,25,0,0,37,0,0,0,89,0,0,1,8,0,3,0,75,0,1,91,0,0,0,0,0,0,0,0,1,0,0,0,11,214,62,176,91,214
SHAWANOVILLAGE OF ELAND WARD 1,28,0,0,44,0,0,0,19,0,0,0,0,0,1,1,20,0,0,58,1,0,0,0,0,0,0,0,0,0,0,0,2,47,72,41,58,47
SHAWANOVILLAGE OF GRESHAM WARD 1,39,0,0,57,0,1,0,53,0,0,0,3,0,1,0,60,0,0,105,10,0,0,0,0,0,0,0,0,0,0,0,10,120,96,118,105,120
SHAWANOVILLAGE OF MATTOON WARD 1,23,0,0,23,0,0,0,28,0,0,0,1,0,0,0,38,0,1,42,1,0,0,0,0,0,0,0,0,0,0,0,2,102,46,67,42,102
"SHAWANOVILLAGE OF PULASKI WARDS 4,7",5,0,0,7,0,0,0,15,0,0,0,5,0,1,1,13,0,1,18,1,0,0,0,0,0,0,0,0,0,0,0,5,42,12,35,18,42
SHAWANOVILLAGE OF TIGERTON WARD 1,34,0,0,59,1,2,0,71,0,0,0,8,0,1,0,89,0,2,113,2,0,1,0,0,0,0,0,0,0,0,0,7,230,93,172,113,230
SHAWANOVILLAGE OF WITTENBERG WARDS 1-2,47,0,1,63,1,1,0,64,0,0,0,4,0,2,0,57,0,3,167,5,0,0,0,0,0,0,0,2,0,0,0,15,205,111,129,167,205
SHEBOYGANCITY OF PLYMOUTH WARD 1-3,125,0,2,164,3,1,0,256,0,0,1,41,1,3,0,121,0,8,423,5,0,1,0,0,0,0,0,2,2,0,0,50,569,291,427,423,569
SHEBOYGANCITY OF PLYMOUTH WARD 10-12,135,0,0,114,0,4,1,260,0,0,1,87,2,7,1,124,0,6,383,15,0,0,0,0,0,0,0,12,0,0,0,41,518,249,487,383,518
SHEBOYGANCITY OF PLYMOUTH WARD 4-6,158,0,0,156,3,2,1,274,0,0,0,77,0,2,0,123,0,8,474,8,0,0,0,0,0,0,0,4,1,0,0,46,599,314,482,474,599
SHEBOYGANCITY OF PLYMOUTH WARD 7-9,136,0,0,135,1,1,2,266,2,0,0,84,0,4,0,124,0,3,447,10,0,0,0,0,0,0,0,13,0,0,0,51,628,271,484,447,628
"SHEBOYGANCITY OF SHEBOYGAN FALLS WARDS 1-2,9",211,0,1,211,1,1,0,479,0,0,2,116,5,5,0,201,0,11,610,13,0,0,0,0,0,0,0,13,1,0,0,64,946,423,810,610,946
SHEBOYGANCITY OF SHEBOYGAN FALLS WARDS 3-5,201,0,1,224,3,3,1,356,0,0,2,68,4,2,0,132,0,9,613,21,0,2,1,0,0,0,0,11,4,0,0,84,701,426,571,613,701
SHEBOYGANCITY OF SHEBOYGAN FALLS WARDS 6-8,182,0,0,211,2,8,2,299,0,0,0,64,1,4,2,185,0,14,555,7,0,0,0,0,0,0,0,10,0,0,0,67,751,393,567,555,751
SHEBOYGANCITY OF SHEBOYGAN WARD 1,204,0,2,264,0,1,1,276,1,0,1,79,0,4,0,129,0,4,641,12,0,0,0,0,0,0,0,9,2,0,0,50,401,470,492,641,401
SHEBOYGANCITY OF SHEBOYGAN WARD 10,96,0,0,211,1,1,0,94,0,0,1,17,1,4,0,93,0,5,418,21,0,1,0,0,0,0,0,5,1,0,0,46,305,307,212,418,305
SHEBOYGANCITY OF SHEBOYGAN WARD 11,94,0,0,218,1,1,0,120,0,0,0,28,0,1,0,64,0,9,422,15,0,0,0,0,0,0,0,1,1,0,0,32,285,312,215,422,285
SHEBOYGANCITY OF SHEBOYGAN WARD 12,101,0,2,188,0,1,0,155,0,0,0,55,1,1,0,94,0,2,379,17,0,0,0,0,0,0,0,10,0,0,0,39,325,291,307,379,325
SHEBOYGANCITY OF SHEBOYGAN WARD 13,158,0,1,288,0,1,0,138,0,0,0,65,1,4,0,91,0,8,612,13,0,3,0,0,0,0,0,5,2,0,0,70,380,447,300,612,380
SHEBOYGANCITY OF SHEBOYGAN WARD 14,105,0,1,148,2,3,0,72,1,1,0,24,2,2,0,48,0,6,389,13,0,0,0,0,0,0,0,4,2,0,0,28,228,254,155,389,228
SHEBOYGANCITY OF SHEBOYGAN WARD 15,53,0,0,81,0,1,1,43,0,0,0,13,1,0,0,41,0,3,196,4,0,0,0,0,0,0,0,0,0,0,0,19,142,134,100,196,142
SHEBOYGANCITY OF SHEBOYGAN WARD 16,135,0,1,147,4,0,1,171,0,2,2,42,0,6,0,92,0,9,422,9,0,0,0,0,0,0,0,0,0,0,0,43,403,283,320,422,403
SHEBOYGANCITY OF SHEBOYGAN WARD 17,121,0,0,133,1,2,1,146,0,1,1,26,0,1,0,73,0,2,359,5,0,0,0,0,0,0,0,2,2,0,0,34,318,254,252,359,318
SHEBOYGANCITY OF SHEBOYGAN WARD 18,89,0,0,174,0,0,1,86,0,1,0,9,1,0,0,76,0,6,378,18,0,0,0,0,0,0,0,0,3,0,0,36,268,263,174,378,268
SHEBOYGANCITY OF SHEBOYGAN WARD 19,162,0,2,199,2,1,0,195,0,0,0,58,0,4,0,143,0,8,529,13,0,0,0,0,0,0,0,3,1,0,0,53,512,363,403,529,512
SHEBOYGANCITY OF SHEBOYGAN WARD 2,200,0,0,157,1,4,0,200,0,0,0,58,0,3,2,75,0,4,481,11,0,1,0,0,0,0,0,9,0,0,0,46,400,357,343,481,400
SHEBOYGANCITY OF SHEBOYGAN WARD 20,106,0,1,205,0,0,0,153,0,0,1,29,1,3,0,93,0,3,441,8,0,0,0,0,0,0,0,2,0,0,0,48,394,312,280,441,394
SHEBOYGANCITY OF SHEBOYGAN WARD 21,53,0,0,97,1,0,1,72,0,0,0,8,1,0,0,44,0,2,225,6,0,0,0,0,0,0,0,0,0,0,0,20,178,150,127,225,178
SHEBOYGANCITY OF SHEBOYGAN WARD 22,220,0,1,220,2,5,1,201,0,0,2,47,0,2,1,125,0,9,659,15,0,1,0,0,0,0,0,5,0,0,0,61,541,441,386,659,541
SHEBOYGANCITY OF SHEBOYGAN WARD 23,188,0,2,210,0,1,2,242,0,0,1,69,0,3,0,140,0,3,616,18,0,0,0,0,0,0,0,1,2,0,0,48,617,400,458,616,617
SHEBOYGANCITY OF SHEBOYGAN WARD 24,191,0,1,241,2,3,0,231,0,1,0,55,1,4,0,114,0,4,634,14,0,2,0,0,0,0,0,10,1,0,0,47,528,433,411,634,528
SHEBOYGANCITY OF SHEBOYGAN WARD 25,129,0,1,165,0,1,1,204,0,0,0,44,0,4,0,134,0,0,421,4,0,0,0,0,0,0,0,1,0,0,0,32,491,295,388,421,491
SHEBOYGANCITY OF SHEBOYGAN WARD 26,177,0,0,156,2,1,1,228,1,0,0,43,1,2,0,97,0,3,449,6,0,0,0,0,0,0,0,0,2,0,0,40,476,333,376,449,476
SHEBOYGANCITY OF SHEBOYGAN WARD 27,0,0,0,0,0,0,0,0,0,0,0,0,0,0,0,0,0,0,0,0,0,0,0,0,0,0,0,0,0,0,0,0,0,0,0,0,0
SHEBOYGANCITY OF SHEBOYGAN WARD 28,0,0,0,0,0,0,0,0,0,0,0,0,0,0,0,0,0,0,0,0,0,0,0,0,0,0,0,0,0,0,0,0,0,0,0,0,0
SHEBOYGANCITY OF SHEBOYGAN WARD 29,0,0,0,0,0,0,0,0,0,0,0,0,0,0,0,0,0,0,0,0,0,0,0,0,0,0,0,0,0,0,0,0,0,0,0,0,0
SHEBOYGANCITY OF SHEBOYGAN WARD 3,128,0,0,174,0,0,0,195,0,0,0,58,0,4,1,69,0,12,410,11,0,0,0,0,0,0,0,6,0,0,0,35,391,302,327,410,391
SHEBOYGANCITY OF SHEBOYGAN WARD 30,0,0,0,0,0,0,0,0,0,0,0,0,0,0,0,0,0,0,0,0,0,0,0,0,0,0,0,0,0,0,0,0,0,0,0,0,0
SHEBOYGANCITY OF SHEBOYGAN WARD 31,0,0,0,0,0,0,0,0,0,0,0,0,0,0,0,0,0,0,0,0,0,0,0,0,0,0,0,0,0,0,0,0,0,0,0,0,0
SHEBOYGANCITY OF SHEBOYGAN WARD 32,0,0,0,0,0,0,0,0,0,0,0,0,0,0,0,0,0,0,0,0,0,0,0,0,0,0,0,0,0,0,0,0,0,0,0,0,0
SHEBOYGANCITY OF SHEBOYGAN WARD 4,104,0,0,193,0,1,2,104,0,0,0,14,0,6,0,74,0,2,431,12,0,0,0,0,0,0,0,3,2,0,0,45,299,297,201,431,299
SHEBOYGANCITY OF SHEBOYGAN WARD 5,188,0,1,176,2,1,0,217,0,0,0,59,0,4,0,124,0,1,519,5,0,0,1,0,0,0,0,11,1,0,0,37,464,365,407,519,464
SHEBOYGANCITY OF SHEBOYGAN WARD 6,41,0,0,44,0,0,0,50,0,0,0,15,0,1,0,18,0,1,127,0,0,0,0,0,0,0,0,2,1,0,0,8,114,85,84,127,114
SHEBOYGANCITY OF SHEBOYGAN WARD 7,15,0,0,18,1,0,0,28,0,0,0,3,0,0,0,17,0,1,46,1,0,0,0,0,0,0,0,0,0,0,0,5,52,33,49,46,52
SHEBOYGANCITY OF SHEBOYGAN WARD 8,70,0,0,91,0,0,0,87,1,0,0,21,0,1,1,50,0,1,207,5,0,0,0,0,0,0,0,4,2,0,0,24,214,161,161,207,214
SHEBOYGANCITY OF SHEBOYGAN WARD 9,12,0,0,24,1,0,0,11,0,0,0,1,0,0,0,10,0,3,43,4,0,0,0,0,0,0,0,0,0,0,0,6,39,36,23,43,39
SHEBOYGANTOWN OF GREENBUSH WARDS 1-3,87,0,3,127,0,0,1,314,1,0,1,50,0,6,0,102,1,4,292,3,0,0,2,1,0,0,0,0,0,0,0,31,564,217,476,292,564
SHEBOYGANTOWN OF HERMAN WARDS 1-3,85,0,1,137,1,4,0,322,0,0,2,41,0,2,1,132,0,8,320,6,0,1,0,0,0,0,0,4,0,0,0,37,678,223,505,320,678
SHEBOYGANTOWN OF HOLLAND WARDS 1-3,92,0,0,138,1,3,1,666,0,0,0,108,3,4,0,134,0,13,306,12,0,0,1,0,0,0,0,8,0,0,0,49,1084,230,920,306,1084
SHEBOYGANTOWN OF LIMA WARDS 1-4,117,0,2,157,2,3,0,718,0,1,2,107,0,9,0,202,0,14,412,8,0,0,0,0,0,0,0,24,0,0,0,61,1218,276,1044,412,1218
SHEBOYGANTOWN OF LYNDON WARDS 1-3,77,0,1,109,2,0,0,310,1,0,0,36,3,5,0,134,0,4,234,12,0,0,0,0,0,0,0,4,0,0,0,37,620,187,491,234,620
SHEBOYGANTOWN OF MITCHELL WARDS 1-3,61,0,0,110,1,0,1,224,0,0,0,34,0,4,0,142,0,4,181,11,0,0,0,0,0,0,0,0,0,0,0,21,496,171,406,181,496
SHEBOYGANTOWN OF MOSEL WARD 1,46,0,1,74,0,2,0,137,0,0,0,17,0,3,0,64,0,4,153,7,0,0,0,0,0,0,0,3,0,0,0,21,290,121,223,153,290
SHEBOYGANTOWN OF PLYMOUTH WARDS 1-4,207,0,1,227,3,3,1,592,0,0,2,122,1,11,1,235,0,13,590,20,0,0,0,0,0,0,0,13,2,0,0,66,1180,435,971,590,1180
SHEBOYGANTOWN OF RHINE WARDS 1-3,171,0,1,193,0,3,0,413,0,0,0,54,2,4,0,180,0,8,500,5,0,1,0,0,0,0,0,13,3,0,0,22,869,365,656,500,869
SHEBOYGANTOWN OF RUSSELL WARD 1,10,0,0,22,1,1,0,74,1,0,0,6,0,0,0,26,0,2,45,0,0,0,0,0,0,0,0,0,1,0,0,5,152,32,109,45,152
SHEBOYGANTOWN OF SCOTT WARDS 1-3,68,0,1,91,1,0,0,367,1,0,0,54,0,3,1,152,0,4,207,3,0,0,0,0,0,0,0,11,1,0,0,24,819,160,579,207,819
SHEBOYGANTOWN OF SHEBOYGAN FALLS WARDS 1-3,78,0,0,110,2,1,1,306,0,0,2,59,1,8,0,134,0,8,278,5,0,1,0,0,0,0,0,4,1,0,0,35,682,188,514,278,682
SHEBOYGANTOWN OF SHEBOYGAN WARDS 1-10,605,0,1,579,6,9,1,1200,2,1,5,306,6,22,0,542,1,26,1866,36,0,0,1,0,0,0,0,20,1,0,0,175,2478,1185,2101,1866,2478
SHEBOYGANTOWN OF SHERMAN WARDS 1-2,55,0,0,78,2,2,2,313,0,0,0,42,1,1,0,133,0,4,199,11,0,0,0,0,0,0,0,1,0,0,0,25,647,133,496,199,647
SHEBOYGANTOWN OF WILSON WARDS 1-4,282,0,0,348,3,6,0,653,2,0,1,163,3,3,2,315,0,15,859,7,0,1,0,0,0,0,0,9,1,0,0,66,1273,630,1151,859,1273
SHEBOYGANVILLAGE OF ADELL WARD 1,21,0,1,24,1,1,0,88,0,0,0,12,0,1,1,37,0,3,51,2,0,0,0,0,0,0,1,0,1,0,0,7,208,46,141,51,208
SHEBOYGANVILLAGE OF CASCADE WARD 1,33,0,1,47,0,2,0,95,0,0,0,8,1,2,0,56,0,4,105,3,0,1,0,0,0,0,0,0,0,0,0,14,245,81,164,105,245
SHEBOYGANVILLAGE OF CEDAR GROVE WARDS 1-3,10,0,0,98,1,4,0,507,1,0,1,68,1,3,1,110,0,13,205,2,0,1,0,0,0,0,0,16,0,0,0,47,875,108,697,205,875
SHEBOYGANVILLAGE OF ELKHART LAKE WARDS 1-2,109,0,0,125,0,1,0,158,0,1,2,67,1,1,0,87,0,4,308,12,0,0,0,0,0,0,0,8,1,0,0,27,338,234,318,308,338
SHEBOYGANVILLAGE OF GLENBEULAH WARD 1,40,0,0,52,0,1,1,56,0,0,0,12,0,1,0,37,0,3,96,2,0,0,0,0,0,0,0,0,0,0,0,14,145,92,108,96,145
SHEBOYGANVILLAGE OF HOWARDS GROVE WARDS 1-4,233,0,2,256,0,2,0,548,1,0,1,128,1,15,0,227,1,8,679,17,0,1,0,0,0,0,0,5,2,0,0,83,1139,491,924,679,1139
SHEBOYGANVILLAGE OF KOHLER WARDS 1-3,192,0,0,160,0,2,1,381,0,0,1,144,1,9,0,151,0,1,562,4,0,0,0,0,0,0,0,13,0,0,0,32,726,352,690,562,726
SHEBOYGANVILLAGE OF OOSTBURG WARDS 1-4,74,0,0,95,4,7,1,916,1,0,0,98,6,15,0,184,0,18,240,9,0,2,2,0,0,0,0,17,1,0,0,76,1465,169,1232,240,1465
SHEBOYGANVILLAGE OF RANDOM LAKE WARDS 1-2,82,0,0,118,1,2,0,297,1,0,1,42,0,8,0,111,0,4,237,4,0,0,0,0,0,0,0,0,1,0,0,32,593,200,463,237,593
SHEBOYGANVILLAGE OF WALDO WARD 1,22,0,0,40,1,0,0,95,0,0,0,12,0,3,0,50,0,3,72,4,0,0,0,0,0,0,0,2,1,0,0,14,197,62,161,72,197
ST. CROIXCITY OF GLENWOOD CITY WARD 1-2,70,0,0,68,0,1,0,71,0,0,0,17,0,4,0,107,0,3,186,7,0,2,0,0,0,0,0,2,3,0,0,15,338,138,200,186,338
ST. CROIXCITY OF HUDSON WARD 1-2,91,0,1,122,1,2,0,139,0,0,0,45,3,3,0,105,0,11,420,21,0,0,0,0,0,0,0,0,1,0,0,56,476,214,298,420,476
ST. CROIXCITY OF HUDSON WARD 11-12,194,0,2,184,2,5,1,197,0,0,0,123,2,16,0,138,0,7,537,19,0,3,0,0,0,0,0,7,0,0,0,73,568,380,484,537,568
ST. CROIXCITY OF HUDSON WARD 3-4,208,0,2,175,5,3,0,229,0,0,0,122,2,14,0,255,0,6,707,9,0,2,0,0,0,0,0,9,0,0,0,75,850,385,630,707,850
ST. CROIXCITY OF HUDSON WARD 5-6,184,0,0,198,4,8,1,168,1,0,4,98,0,19,0,183,0,8,609,11,0,0,0,0,0,0,0,6,0,0,0,51,522,382,486,609,522
ST. CROIXCITY OF HUDSON WARD 7-8,134,0,1,155,2,0,0,165,1,0,1,81,2,7,0,149,0,5,511,11,0,0,0,0,0,0,0,9,0,0,0,76,561,290,408,511,561
ST. CROIXCITY OF HUDSON WARD 9-10,208,0,2,282,2,6,0,146,1,0,3,74,6,8,0,127,0,2,645,20,0,0,0,0,1,0,0,11,1,0,0,56,444,492,373,645,444
ST. CROIXCITY OF NEW RICHMOND WARDS 1-6,174,0,0,231,4,8,1,190,1,0,0,78,3,8,0,183,0,17,778,31,0,3,0,0,0,0,0,0,1,0,0,84,974,405,476,778,974
"ST. CROIXCITY OF RIVER FALLS WARDS 1-4,15",208,0,4,276,2,3,1,217,0,0,0,117,4,9,1,156,0,11,929,33,0,1,0,0,0,0,0,3,1,0,0,106,817,488,510,929,817
ST. CROIXTOWN OF BALDWIN WARDS 1-2,47,0,0,51,1,4,1,98,0,0,0,24,0,6,0,70,0,4,151,7,0,2,0,0,0,1,0,0,1,0,0,22,346,98,204,151,346
ST. CROIXTOWN OF CADY WARD 1,41,0,1,57,2,1,1,100,0,0,0,13,1,5,0,97,0,10,131,4,0,0,0,0,0,0,0,1,1,0,0,16,306,99,220,131,306
ST. CROIXTOWN OF CYLON WARD 1,22,0,0,36,0,2,0,87,0,0,0,10,1,3,0,68,0,0,108,3,0,0,0,0,0,0,0,5,0,0,0,14,236,58,171,108,236
ST. CROIXTOWN OF EAU GALLE WARDS 1-2,68,0,1,68,1,4,1,120,0,0,0,30,0,3,0,94,0,3,210,8,0,1,0,0,0,0,0,0,0,0,0,37,397,137,253,210,397
ST. CROIXTOWN OF EMERALD WARD 1,30,0,0,45,0,4,0,67,0,0,0,6,2,3,0,67,0,0,124,5,0,2,0,0,0,0,0,1,0,0,0,12,264,75,149,124,264
ST. CROIXTOWN OF ERIN PRAIRIE WARD 1,39,0,1,46,0,1,0,47,0,0,0,25,1,1,1,50,0,3,129,5,0,0,0,0,0,0,0,1,0,0,0,10,240,86,126,129,240
ST. CROIXTOWN OF FOREST WARD 1,27,0,0,30,0,5,0,40,1,0,1,12,0,3,0,66,0,4,72,3,0,2,0,0,0,0,0,2,0,0,0,11,220,57,128,72,220
ST. CROIXTOWN OF GLENWOOD WARD 1,32,0,1,35,0,1,0,66,0,0,1,6,0,0,0,81,0,1,92,3,0,0,0,0,0,0,0,2,1,0,0,16,262,68,155,92,262
ST. CROIXTOWN OF HAMMOND WARDS 1-3,63,0,0,103,1,4,0,177,0,0,1,43,1,8,1,161,0,7,311,15,0,3,0,0,0,0,0,1,1,0,0,78,836,166,397,311,836
ST. CROIXTOWN OF HUDSON WARDS 1-14,565,0,5,621,13,21,5,939,2,0,5,406,13,62,2,868,0,17,1760,37,0,1,0,0,0,0,1,23,1,0,0,249,2867,1191,2336,1760,2867
ST. CROIXTOWN OF KINNICKINNIC WARDS 1-3,132,0,1,139,4,0,0,133,1,0,2,80,0,5,0,132,0,0,419,15,0,1,1,0,0,0,0,4,1,0,0,48,561,272,357,419,561
ST. CROIXTOWN OF PLEASANT VALLEY WARD 1,39,0,0,34,1,0,0,45,0,0,0,11,0,0,0,45,0,3,110,2,0,0,0,0,0,0,0,2,0,0,0,10,145,73,102,110,145
ST. CROIXTOWN OF RUSH RIVER WARD 1,36,0,0,39,0,0,0,40,0,0,0,17,1,3,0,42,0,2,101,3,0,1,0,0,0,0,0,0,1,0,0,16,162,75,103,101,162
ST. CROIXTOWN OF SOMERSET WARDS 1-6,222,0,1,194,1,5,1,327,4,0,0,133,3,17,0,372,0,15,709,18,0,2,0,0,0,0,0,1,0,0,0,99,1484,417,863,709,1484
ST. CROIXTOWN OF SPRINGFIELD WARD 1,28,0,1,67,0,1,0,75,0,0,0,24,2,2,0,78,0,8,148,4,0,0,0,0,0,0,0,0,0,0,0,21,317,96,182,148,317
ST. CROIXTOWN OF ST. JOSEPH WARD 1-6,262,0,7,333,3,9,1,437,3,0,2,203,6,29,2,426,0,5,908,24,0,4,0,0,0,0,0,7,1,0,0,110,1375,602,1121,908,1375
ST. CROIXTOWN OF STANTON WARD 1,47,0,0,44,0,2,0,76,0,0,2,28,0,4,1,58,0,0,171,4,0,3,0,0,0,0,0,0,0,0,0,21,303,91,171,171,303
ST. CROIXTOWN OF STAR PRAIRIE WARDS 1-6,133,0,1,157,2,3,1,241,1,0,0,63,2,15,1,276,0,15,571,16,0,1,0,0,0,0,0,2,0,0,0,82,1213,291,605,571,1213
ST. CROIXTOWN OF TROY WARD 1-7,345,0,2,352,2,7,3,563,1,0,1,247,4,20,2,437,0,19,1219,22,0,2,0,0,0,0,0,12,0,0,0,137,1778,699,1287,1219,1778
ST. CROIXTOWN OF WARREN WARDS 1-3,75,0,1,95,1,0,0,144,0,0,0,33,0,4,1,140,0,4,294,8,0,3,0,0,0,0,0,8,0,0,0,39,633,171,323,294,633
ST. CROIXVILLAGE OF BALDWIN WARD 1-6,160,0,2,209,3,5,1,271,0,0,1,65,1,8,0,255,0,7,698,12,0,4,0,0,0,0,0,10,1,0,0,125,1052,371,610,698,1052
ST. CROIXVILLAGE OF DEER PARK WARD 1,7,0,0,11,0,0,0,21,0,0,0,6,0,1,0,24,0,0,21,0,0,1,0,0,0,0,0,0,0,0,0,8,82,18,52,21,82
ST. CROIXVILLAGE OF HAMMOND WARDS 1-4,92,0,2,127,1,3,2,107,0,0,1,23,2,3,0,145,0,6,341,18,0,2,0,0,0,0,0,3,0,0,0,64,481,221,287,341,481
ST. CROIXVILLAGE OF NORTH HUDSON WARD 1-6,292,0,1,318,2,15,1,335,2,0,1,173,3,18,0,366,0,14,929,26,0,1,0,0,0,0,0,15,1,0,0,99,1106,611,916,929,1106
ST. CROIXVILLAGE OF ROBERTS WARDS 1-4,83,0,0,105,1,1,0,91,0,0,0,18,2,4,0,106,0,7,322,10,0,1,0,0,0,0,0,2,0,0,0,49,422,188,223,322,422
ST. CROIXVILLAGE OF SOMERSET WARD 1-4,95,0,0,119,3,3,0,112,0,0,1,25,4,10,0,184,0,9,362,15,0,1,0,1,0,0,0,0,1,0,0,62,703,214,342,362,703
ST. CROIXVILLAGE OF SPRING VALLEY WARD 3,0,0,0,0,0,1,0,3,0,0,0,0,0,0,0,2,0,0,0,0,0,0,0,0,0,0,0,0,0,0,0,0,6,0,6,0,6
ST. CROIXVILLAGE OF STAR PRAIRIE WARD 1,26,0,0,49,0,0,0,32,0,0,0,6,0,2,0,64,0,2,99,7,0,0,0,0,0,0,0,0,0,0,0,28,183,75,104,99,183
ST. CROIXVILLAGE OF WILSON WARD 1,10,0,0,13,0,0,0,21,0,0,0,3,0,0,0,17,0,0,30,1,0,2,0,0,0,0,0,0,1,0,0,6,56,23,41,30,56
ST. CROIXVILLAGE OF WOODVILLE WARD 1-2,51,0,3,66,1,3,0,93,1,0,0,10,0,4,0,88,0,6,193,8,0,2,0,0,0,0,0,4,0,0,0,29,356,120,200,193,356
TAYLORCITY OF MEDFORD WARD 1-8,244,0,0,326,5,6,0,381,0,0,1,86,1,13,2,369,0,13,671,28,0,2,0,0,0,0,0,8,1,0,0,79,1179,570,864,671,1179
TAYLORTOWN OF AURORA WARD 1,10,0,0,24,0,1,0,37,0,0,0,6,0,0,0,36,0,0,39,2,0,0,0,0,0,0,0,0,1,0,0,1,135,34,80,39,135
TAYLORTOWN OF BROWNING WARD 1,36,0,0,51,1,0,0,77,0,0,0,11,2,2,0,105,0,3,73,3,0,0,0,0,0,0,0,2,1,0,0,16,325,87,198,73,325
TAYLORTOWN OF CHELSEA WARD 1,28,0,0,53,0,3,0,87,0,0,0,18,0,0,0,90,0,3,86,0,0,1,0,0,0,0,0,1,1,0,0,9,274,81,198,86,274
TAYLORTOWN OF CLEVELAND WARD 1,11,0,0,16,0,0,0,29,0,0,0,0,0,0,0,32,0,1,21,2,0,0,0,0,0,0,0,0,0,0,0,9,98,27,61,21,98
TAYLORTOWN OF DEER CREEK WARD 1,25,0,0,46,1,1,0,75,0,0,0,7,2,1,0,89,0,0,60,1,0,0,0,0,0,0,0,0,0,0,0,7,279,71,176,60,279
TAYLORTOWN OF FORD WARD 1,15,0,1,12,0,2,0,26,0,0,0,3,0,0,0,34,0,0,37,1,0,0,0,0,0,0,0,0,0,0,0,5,94,28,65,37,94
TAYLORTOWN OF GOODRICH WARD 1,17,0,0,28,2,0,0,56,0,0,0,10,0,1,0,78,0,1,60,1,0,0,1,0,0,0,0,1,0,0,0,8,206,45,147,60,206
TAYLORTOWN OF GREENWOOD WARD 1,19,0,0,46,0,0,0,50,0,0,0,7,0,2,0,68,0,1,73,3,0,0,0,0,0,0,0,1,0,0,0,5,239,65,127,73,239
TAYLORTOWN OF GROVER WARD 1,6,0,0,14,0,0,1,31,0,0,0,1,0,0,0,43,0,0,19,3,0,1,0,0,0,0,0,1,0,0,0,5,103,20,76,19,103
TAYLORTOWN OF HAMMEL WARD 1-2,24,0,2,60,1,2,0,73,0,0,1,14,1,4,1,105,0,1,94,1,0,0,0,0,0,0,0,1,1,0,0,10,294,86,202,94,294
TAYLORTOWN OF HOLWAY WARD 1,22,0,0,34,0,1,0,65,0,0,0,4,1,1,0,43,0,4,62,3,0,0,0,0,0,0,0,1,1,0,0,9,189,56,115,62,189
TAYLORTOWN OF JUMP RIVER WARD 1,22,0,1,11,0,0,0,16,0,0,0,0,0,0,0,17,0,0,44,2,0,0,0,0,0,0,0,0,0,0,0,2,92,34,33,44,92
TAYLORTOWN OF LITTLE BLACK WARD 1-2,54,0,1,54,1,1,0,111,1,0,3,18,0,2,0,119,0,2,142,2,0,1,0,0,0,0,0,1,2,0,0,18,382,109,256,142,382
TAYLORTOWN OF MAPLEHURST WARD 1,9,0,0,23,1,1,0,21,0,0,0,7,0,0,0,58,0,0,33,0,0,1,0,0,0,0,0,0,0,0,0,3,136,32,88,33,136
TAYLORTOWN OF MCKINLEY WARD 1,13,0,0,15,0,0,0,36,0,0,0,5,0,1,1,38,0,1,24,1,0,0,0,0,0,0,0,0,0,0,0,2,143,28,81,24,143
TAYLORTOWN OF MEDFORD WARD 1-3,93,0,1,156,2,4,0,339,0,0,1,50,1,3,0,314,0,4,297,1,0,0,0,0,0,0,0,3,0,0,0,48,932,250,714,297,932
TAYLORTOWN OF MOLITOR WARD 1,21,0,0,22,0,0,0,22,0,0,0,6,0,1,0,50,0,0,47,2,0,1,0,0,0,0,0,0,1,0,0,1,118,43,79,47,118
TAYLORTOWN OF PERSHING WARD 1,15,0,0,13,0,0,0,14,0,1,0,0,0,0,0,6,0,0,30,1,0,0,0,0,0,0,0,0,0,0,0,1,44,28,21,30,44
TAYLORTOWN OF RIB LAKE WARD 1-2,23,0,1,57,1,2,0,81,0,0,0,22,0,3,0,86,0,2,86,2,0,1,0,0,0,0,0,1,0,0,0,15,273,81,195,86,273
TAYLORTOWN OF ROOSEVELT WARD 1,19,0,0,29,0,1,0,34,0,0,0,4,0,2,0,38,0,1,47,1,0,0,0,0,0,0,0,0,0,0,0,6,118,48,79,47,118
TAYLORTOWN OF TAFT WARD 1,15,0,0,21,0,0,0,31,0,0,1,1,0,0,0,30,0,0,36,0,0,0,0,0,0,0,0,0,0,0,0,7,103,36,63,36,103
TAYLORTOWN OF WESTBORO WARD 1,21,0,1,46,0,3,0,73,0,0,0,9,0,2,0,86,0,2,70,2,0,0,0,1,0,0,0,1,0,0,0,6,287,68,173,70,287
TAYLORVILLAGE OF GILMAN WARD 1,16,0,0,28,0,0,1,23,0,0,0,7,0,1,1,44,0,1,61,3,0,0,0,0,0,0,0,0,0,0,0,5,112,44,77,61,112
TAYLORVILLAGE OF LUBLIN WARD 1,9,0,1,3,0,0,6,11,0,0,0,0,0,0,0,10,0,0,13,0,0,0,0,0,0,0,0,0,0,0,0,1,39,13,27,13,39
TAYLORVILLAGE OF RIB LAKE WARD 1,39,0,1,52,0,2,0,75,0,0,0,11,0,2,0,61,0,5,103,2,0,1,0,0,0,0,0,0,0,0,0,7,232,92,151,103,232
TAYLORVILLAGE OF STETSONVILLE WARD 1,26,0,1,39,0,1,0,40,0,0,1,9,0,2,0,51,0,2,70,2,0,1,0,0,0,0,0,0,0,0,0,8,163,66,104,70,163
TREMPEALEAUCITY OF ARCADIA WARDS 1-3,105,1,0,114,1,1,0,128,0,0,0,34,0,2,0,153,2,7,292,7,0,0,0,0,0,0,0,0,1,0,0,20,469,220,321,292,469
TREMPEALEAUCITY OF BLAIR WARDS 1-3,104,0,0,71,1,0,0,46,0,0,0,18,1,5,0,70,0,4,241,6,0,1,0,0,0,0,0,0,0,0,0,16,241,175,141,241,241
TREMPEALEAUCITY OF GALESVILLE WARD 1-3,90,0,1,171,2,4,1,94,0,0,0,29,2,5,1,126,0,3,330,11,0,0,0,0,0,0,0,0,0,0,0,22,392,262,264,330,392
TREMPEALEAUCITY OF INDEPENDENCE WARDS 1-3,67,0,2,77,0,0,0,55,0,0,0,21,0,3,0,99,0,3,179,8,0,0,0,0,0,0,0,1,2,0,0,15,258,146,178,179,258
TREMPEALEAUCITY OF OSSEO WARDS 1-3,136,0,1,132,0,3,1,115,0,0,0,29,2,3,0,129,0,3,389,6,0,0,0,0,0,0,0,2,1,0,0,22,436,269,282,389,436
TREMPEALEAUCITY OF WHITEHALL WARDS 1-3,144,1,0,142,1,0,2,101,0,0,0,27,0,4,0,100,0,1,326,1,0,1,0,0,0,0,0,2,0,0,0,23,337,287,235,326,337
TREMPEALEAUTOWN OF ALBION WARDS 1-2,34,0,0,59,0,0,0,38,0,0,0,11,0,0,0,89,0,0,126,2,0,0,0,0,0,0,0,0,0,0,0,15,202,93,138,126,202
TREMPEALEAUTOWN OF ARCADIA WARDS 1-4,119,1,3,168,0,1,0,110,0,0,2,45,0,2,0,198,1,6,319,4,0,0,0,0,0,0,0,0,0,0,0,11,572,291,359,319,572
TREMPEALEAUTOWN OF BURNSIDE WARDS 1-2,38,0,0,36,1,0,0,22,0,0,0,6,0,4,0,51,0,1,76,1,0,0,0,0,0,0,0,0,0,0,0,6,120,74,84,76,120
TREMPEALEAUTOWN OF CALEDONIA WARDS 1-2,48,0,0,78,0,0,0,54,1,1,1,24,0,4,0,95,0,2,188,8,0,1,0,0,0,0,0,2,0,0,0,13,287,126,180,188,287
TREMPEALEAUTOWN OF CHIMNEY ROCK WARD 1,24,0,0,23,0,0,0,22,0,0,0,8,0,0,0,20,0,0,63,1,0,0,0,0,0,0,0,0,0,0,0,1,84,47,50,63,84
TREMPEALEAUTOWN OF DODGE WARD 1,34,0,0,50,0,0,0,30,0,0,0,6,0,1,0,36,0,4,95,1,0,0,0,0,0,0,0,0,0,0,0,3,130,84,73,95,130
TREMPEALEAUTOWN OF ETTRICK WARDS 1-2,102,0,0,137,0,1,0,79,0,0,2,37,1,2,0,130,0,3,313,12,0,0,0,0,0,0,0,0,0,0,0,15,333,239,252,313,333
TREMPEALEAUTOWN OF GALE WARDS 1-3,110,0,0,159,0,3,0,133,0,0,3,37,1,1,0,172,0,6,354,8,0,1,0,0,0,0,0,2,0,0,0,31,547,269,350,354,547
TREMPEALEAUTOWN OF HALE WARD 1,91,0,1,97,0,1,0,82,0,0,0,13,0,1,0,120,0,3,226,0,0,1,0,0,0,0,0,0,0,0,0,16,328,189,217,226,328
TREMPEALEAUTOWN OF LINCOLN WARDS 1-2,55,1,1,49,3,0,0,39,0,0,0,10,0,0,0,47,0,0,140,3,0,0,0,0,0,0,0,1,0,0,0,13,163,106,99,140,163
TREMPEALEAUTOWN OF PIGEON WARDS 1-2,68,0,1,62,0,0,1,53,1,0,0,11,1,1,0,60,0,2,142,2,0,0,0,0,0,0,0,3,1,0,0,12,199,131,128,142,199
TREMPEALEAUTOWN OF PRESTON WARDS 1-3,70,0,1,52,2,0,0,71,0,0,1,13,0,1,0,60,0,4,172,2,0,0,0,0,0,0,0,0,0,0,0,11,232,123,148,172,232
TREMPEALEAUTOWN OF SUMNER WARD 1,71,0,0,68,0,0,0,71,0,0,0,13,0,0,0,79,0,2,177,4,0,0,0,0,0,0,0,3,0,0,0,10,240,139,163,177,240
TREMPEALEAUTOWN OF TREMPEALEAU WARD 1-2,100,1,0,188,2,0,1,128,0,0,1,51,2,2,0,167,0,5,421,11,0,0,0,0,0,0,0,1,0,0,0,26,548,289,354,421,548
TREMPEALEAUTOWN OF UNITY WARDS 1-2,30,0,0,53,0,0,0,41,0,0,0,9,0,0,0,55,0,4,112,4,0,0,0,0,0,0,0,4,0,0,0,8,152,83,105,112,152
TREMPEALEAUVILLAGE OF ELEVA WARD 1,47,0,0,51,0,0,0,35,0,0,0,10,0,0,0,46,0,1,137,1,0,0,0,0,0,0,0,0,0,0,0,8,160,98,91,137,160
TREMPEALEAUVILLAGE OF ETTRICK WARD 1,32,1,0,53,0,1,0,32,0,0,0,10,0,1,0,48,0,0,116,3,0,0,0,0,0,0,0,0,0,0,0,8,136,86,92,116,136
TREMPEALEAUVILLAGE OF PIGEON FALLS WARD 1,35,0,0,36,0,0,0,40,0,0,0,13,0,0,0,25,0,3,89,0,0,0,0,0,0,0,0,0,0,0,0,8,87,71,78,89,87
TREMPEALEAUVILLAGE OF STRUM WARDS 1-2,102,1,2,116,2,0,0,31,0,0,0,20,0,1,0,74,0,1,251,2,0,0,0,0,0,0,0,3,1,0,0,18,229,221,128,251,229
TREMPEALEAUVILLAGE OF TREMPEALEAU WARDS 1-2,133,1,0,188,3,2,0,129,0,0,0,36,0,1,0,165,2,4,362,9,0,0,0,0,0,0,0,2,0,0,0,33,482,322,338,362,482
VERNONCITY OF HILLSBORO WARD 1-4,90,0,1,111,3,3,0,80,1,0,0,26,1,4,0,119,0,1,266,10,0,0,0,0,0,0,0,3,0,0,0,24,326,202,237,266,326
VERNONCITY OF VIROQUA WARDS 1-9,281,0,0,743,1,4,0,255,0,0,2,84,3,8,0,305,2,8,1165,89,0,0,0,0,0,0,0,2,2,0,0,45,879,1024,664,1165,879
VERNONCITY OF WESTBY WARD 1-5,187,0,0,290,4,4,0,155,1,0,1,54,1,6,0,114,0,5,580,13,0,0,0,0,0,0,1,3,1,0,0,36,473,477,340,580,473
VERNONTOWN OF BERGEN WARD 1-3,111,0,1,140,0,2,0,115,0,0,0,39,2,1,0,175,0,4,357,6,0,0,0,0,0,0,0,0,1,0,0,37,369,252,334,357,369
VERNONTOWN OF CHRISTIANA WARD 1-2,77,0,2,93,0,2,1,84,0,0,0,30,1,2,0,91,0,5,200,2,0,0,0,0,0,0,1,0,0,0,0,13,282,172,211,200,282
VERNONTOWN OF CLINTON WARD 1-2,33,0,0,50,0,0,0,28,0,0,2,9,0,1,1,47,0,0,104,2,0,0,0,0,0,0,0,1,0,0,0,8,127,83,88,104,127
VERNONTOWN OF COON WARD 1-2,72,0,0,106,1,2,0,47,0,0,0,19,0,2,0,74,0,2,200,5,0,0,0,0,0,0,0,0,0,0,0,11,208,178,145,200,208
VERNONTOWN OF FOREST WARD 1,42,0,0,46,2,1,2,39,0,0,0,11,0,1,1,43,0,4,99,5,0,0,0,0,0,0,0,0,0,0,0,3,141,88,100,99,141
VERNONTOWN OF FRANKLIN WARD 1-2,58,0,1,114,0,0,1,108,0,0,0,36,2,1,0,105,0,6,197,9,0,0,0,0,0,0,0,0,0,0,0,17,325,173,253,197,325
VERNONTOWN OF GENOA WARD 1-2,59,0,1,101,0,2,0,35,0,0,0,12,1,1,0,73,0,0,212,5,0,0,0,0,0,0,0,0,0,0,0,11,189,161,124,212,189
VERNONTOWN OF GREENWOOD WARD 1,33,0,0,40,0,0,0,24,0,0,0,8,0,1,1,39,0,0,74,1,0,1,0,0,0,0,0,1,0,0,0,6,110,73,73,74,110
VERNONTOWN OF HAMBURG WARD 1-2,77,0,0,108,0,5,1,80,0,0,1,32,1,2,0,91,0,9,233,5,0,0,0,0,0,0,0,0,0,0,0,29,258,185,213,233,258
VERNONTOWN OF HARMONY WARD 1-3,36,0,0,80,1,1,0,44,0,0,0,19,1,1,0,54,0,1,138,5,0,0,0,0,0,0,0,2,0,0,0,10,173,116,121,138,173
VERNONTOWN OF HILLSBORO WARD 1-3,38,0,0,42,0,2,1,59,1,0,0,11,0,1,0,91,0,7,106,5,0,0,0,0,0,0,0,1,0,0,0,4,221,80,166,106,221
VERNONTOWN OF JEFFERSON WARDS 1-4,68,0,0,137,1,1,0,82,1,0,0,21,0,4,0,102,0,2,245,11,0,1,0,0,0,0,0,0,1,0,0,21,325,205,212,245,325
VERNONTOWN OF KICKAPOO WARD 1,36,0,0,82,1,0,0,42,0,0,0,7,0,1,0,40,0,1,121,8,0,0,0,0,0,0,0,0,0,0,0,5,132,118,91,121,132
VERNONTOWN OF LIBERTY WARD 1,15,0,0,68,0,2,0,20,0,0,0,8,0,0,0,23,0,1,86,7,0,0,0,0,0,0,0,0,1,0,0,4,71,83,53,86,71
VERNONTOWN OF STARK WARD 1-2,19,0,0,64,0,0,0,27,0,0,0,10,0,0,1,26,0,1,92,10,0,0,0,0,0,0,0,0,0,0,0,6,100,83,64,92,100
VERNONTOWN OF STERLING WARD 1,34,0,0,53,1,4,0,54,0,0,0,16,0,1,0,65,0,2,89,6,0,0,0,0,0,0,0,0,1,0,0,9,196,87,141,89,196
VERNONTOWN OF UNION WARD 1-3,31,0,0,67,0,2,0,33,0,0,0,5,1,0,0,48,1,5,92,8,0,0,0,0,0,0,0,0,0,0,0,9,120,98,90,92,120
VERNONTOWN OF VIROQUA WARD 1-4,131,0,1,229,0,3,0,138,0,0,0,50,0,4,1,157,0,5,418,20,0,0,0,0,0,0,1,6,0,0,0,21,493,361,353,418,493
VERNONTOWN OF WEBSTER WARD 1-2,42,0,0,125,0,0,0,25,0,0,2,15,0,0,0,39,0,2,172,14,0,0,0,0,0,0,0,0,1,0,0,12,133,167,81,172,133
VERNONTOWN OF WHEATLAND WARD 1,40,0,0,72,0,1,0,31,0,0,0,9,1,1,0,77,0,4,130,1,0,0,0,0,0,0,0,0,0,0,0,13,179,112,120,130,179
VERNONTOWN OF WHITESTOWN WARD 1,24,0,0,44,0,0,0,36,0,0,0,10,0,0,0,53,0,0,87,3,0,0,0,0,0,0,0,0,0,0,0,5,137,68,99,87,137
VERNONVILLAGE OF CHASEBURG WARD 1,12,0,0,48,1,0,0,33,0,0,1,11,0,2,0,27,0,0,64,4,0,1,0,0,0,0,0,0,0,0,0,10,82,60,75,64,82
VERNONVILLAGE OF COON VALLEY WARD 1,64,0,0,81,1,0,0,68,0,0,0,26,1,2,0,72,0,4,189,4,0,1,0,0,0,0,0,0,0,0,0,19,191,145,170,189,191
VERNONVILLAGE OF DE SOTO WARD 1,19,0,0,18,0,1,0,11,0,0,1,9,0,0,0,30,0,0,50,0,0,0,0,0,0,0,0,0,0,0,0,4,68,37,52,50,68
VERNONVILLAGE OF GENOA WARD 1,27,0,0,38,0,0,0,8,0,0,1,7,0,0,0,18,0,1,70,0,0,1,0,0,0,0,0,0,0,0,0,8,54,65,34,70,54
VERNONVILLAGE OF LA FARGE WARD 1,56,0,0,93,0,1,0,34,0,0,0,8,0,2,1,55,0,2,146,14,0,1,0,0,0,0,0,1,0,0,0,7,164,149,101,146,164
VERNONVILLAGE OF ONTARIO WARD 1,21,0,0,38,0,2,0,25,0,0,0,13,0,1,0,43,0,0,69,4,0,0,0,0,0,0,0,0,1,0,0,6,111,59,84,69,111
VERNONVILLAGE OF READSTOWN WARD 1,25,0,0,33,0,1,0,16,0,0,0,6,0,1,0,39,0,1,64,5,0,0,0,0,0,0,0,0,1,0,0,22,98,58,63,64,98
VERNONVILLAGE OF STODDARD WARD 1,64,0,1,111,1,0,0,33,0,0,0,15,1,2,0,79,0,0,198,8,0,5,0,0,0,0,0,0,1,0,0,10,204,176,131,198,204
VERNONVILLAGE OF VIOLA WARD 1,14,0,0,16,0,1,0,11,0,0,1,1,0,0,0,25,0,0,39,1,0,0,0,0,0,0,0,0,0,0,0,2,57,30,39,39,57
VILASCITY OF EAGLE RIVER WARDS 1-5,69,0,0,123,1,2,2,129,1,0,1,39,0,4,0,138,1,4,293,5,0,0,0,0,0,0,0,2,1,0,0,30,421,192,318,293,421
VILASTOWN OF ARBOR VITAE WARDS 1-7,221,0,0,346,2,4,0,301,0,0,2,106,1,5,0,526,0,7,726,24,0,0,0,0,0,0,0,0,0,0,0,45,1235,567,947,726,1235
VILASTOWN OF BOULDER JUNCTION WARDS 1-2,71,0,0,108,0,1,0,92,0,0,0,37,0,1,0,191,0,2,245,2,0,0,0,0,0,0,0,0,1,0,0,17,417,179,322,245,417
VILASTOWN OF CLOVERLAND WARDS 1-2,63,0,1,91,3,0,1,113,0,0,0,41,0,2,0,197,0,2,209,10,0,0,0,0,0,0,0,0,2,0,0,19,473,155,357,209,473
VILASTOWN OF CONOVER WARDS 1-2,79,0,0,117,1,4,0,129,0,0,1,44,0,0,0,210,1,2,275,7,0,0,0,0,0,0,0,4,0,0,0,17,544,196,390,275,544
VILASTOWN OF LAC DU FLAMBEAU WARDS 1-7,159,0,0,429,2,2,1,131,0,1,1,74,2,4,2,235,0,4,762,26,0,0,0,0,0,0,0,1,2,0,0,36,591,588,455,762,591
VILASTOWN OF LAND O-LAKES WARD 1,62,0,0,92,1,3,2,70,0,0,1,52,0,2,0,157,0,1,184,4,0,0,0,0,0,0,0,0,0,0,0,14,367,154,288,184,367
VILASTOWN OF LINCOLN WARDS 1-5,156,0,1,197,0,3,2,241,1,0,1,120,0,10,0,379,0,4,484,14,0,2,0,0,0,0,0,2,1,0,0,61,1026,354,757,484,1026
VILASTOWN OF MANITOWISH WATERS WARD 1,47,0,0,46,1,1,2,71,0,0,0,36,1,0,0,157,0,1,130,0,0,0,0,0,0,0,0,0,1,0,0,13,349,93,269,130,349
VILASTOWN OF PHELPS WARDS 1-2,64,0,0,120,0,4,0,164,0,0,0,49,0,3,1,199,0,8,220,12,0,0,0,0,0,0,0,4,2,0,0,16,524,184,420,220,524
VILASTOWN OF PLUM LAKE WARDS 1-2,39,0,0,54,1,1,0,58,0,0,0,34,0,1,0,98,0,3,117,3,0,0,0,0,0,0,0,0,0,0,0,13,234,93,193,117,234
VILASTOWN OF PRESQUE ISLE WARD 1,61,0,0,76,0,0,1,83,0,0,1,43,0,0,0,109,0,2,218,2,0,0,0,0,0,0,0,0,0,0,0,13,303,137,237,218,303
VILASTOWN OF ST. GERMAIN WARDS 1-2,141,0,0,178,1,4,0,209,0,0,0,74,2,7,0,363,0,1,420,5,0,1,0,0,0,0,0,0,1,0,0,19,850,319,660,420,850
VILASTOWN OF WASHINGTON WARDS 1-3,138,0,1,136,1,6,1,192,0,0,1,56,0,3,0,217,0,2,373,2,0,0,0,1,0,0,0,1,0,0,0,20,625,275,477,373,625
VILASTOWN OF WINCHESTER WARD 1,44,0,1,34,1,0,0,49,0,0,0,30,0,2,1,70,0,2,114,0,0,0,0,0,0,0,0,0,0,0,0,7,210,79,153,114,210
WALWORTHCITY OF BURLINGTON WARD 10,0,0,0,0,0,0,0,1,0,0,0,0,0,0,0,0,0,0,1,0,0,0,0,0,0,0,0,0,0,0,0,0,0,0,1,1,0
WALWORTHCITY OF BURLINGTON WARD 9,0,0,0,0,0,0,0,0,0,0,0,0,0,0,0,0,0,0,0,0,0,0,0,0,0,0,0,0,0,0,0,0,0,0,0,0,0
WALWORTHCITY OF DELAVAN WARDS 1-14,254,0,0,395,0,0,1,432,0,0,2,120,1,9,0,226,0,20,1501,51,0,3,0,0,1,0,0,23,1,0,0,144,1557,649,791,1501,1557
WALWORTHCITY OF ELKHORN WARDS 1-7,194,0,0,316,3,0,0,425,0,0,0,130,1,14,0,259,0,25,1726,40,0,4,0,0,0,0,0,41,2,0,0,194,2446,510,832,1726,2446
"WALWORTHCITY OF LAKE GENEVA WARDS 1-2,7-9,11-14",83,0,0,144,1,1,0,128,0,0,0,62,1,1,0,117,0,7,827,22,0,3,2,0,0,0,0,6,0,0,0,64,809,227,311,827,809
"WALWORTHCITY OF LAKE GENEVA WARDS 3-6,10",218,0,1,325,1,4,2,271,0,0,1,139,0,5,1,249,0,5,728,27,0,0,0,0,0,0,0,6,4,0,0,62,913,544,673,728,913
WALWORTHCITY OF WHITEWATER WARDS 1-2,186,0,2,256,0,2,0,170,0,0,0,71,1,3,0,114,0,7,651,28,0,0,0,0,0,0,0,4,1,0,0,64,492,444,361,651,492
WALWORTHCITY OF WHITEWATER WARDS 3-4,136,0,1,302,3,2,0,129,0,0,0,57,0,5,0,55,0,1,575,21,0,1,0,0,0,0,0,2,1,0,0,68,397,439,251,575,397
WALWORTHCITY OF WHITEWATER WARDS 5-6,226,0,2,371,0,4,0,233,0,0,1,103,1,4,1,123,0,8,804,17,0,1,0,0,0,0,0,0,2,0,0,79,550,599,470,804,550
WALWORTHTOWN OF BLOOMFIELD WARD 1-2,65,0,0,105,1,0,0,107,0,0,0,44,0,5,0,88,0,6,258,10,0,2,0,0,0,0,0,5,0,0,0,32,367,170,245,258,367
WALWORTHTOWN OF DARIEN WARDS 1-3,71,0,0,120,2,6,0,215,0,0,0,56,1,5,0,124,0,7,268,11,0,0,0,0,0,0,0,5,0,0,0,32,533,191,409,268,533
WALWORTHTOWN OF DELAVAN WARD 1-11,294,0,1,354,2,2,1,606,0,0,2,167,1,6,1,448,0,17,972,21,0,1,2,0,1,0,0,13,1,0,0,95,1567,649,1236,972,1567
WALWORTHTOWN OF GENEVA WARDS 1-8,270,0,3,383,1,2,0,464,2,0,1,192,1,9,0,529,0,6,936,36,0,1,0,0,0,0,0,15,4,0,0,93,1583,656,1201,936,1583
WALWORTHTOWN OF LA GRANGE WARD 1-3,112,0,0,184,1,3,0,362,0,0,5,113,0,5,2,220,0,4,419,17,0,0,0,0,0,0,0,8,0,0,0,47,849,296,711,419,849
WALWORTHTOWN OF LAFAYETTE WARDS 1-3,106,0,0,153,2,0,0,339,0,0,0,87,0,5,0,178,0,5,338,8,0,0,0,0,0,0,0,14,0,0,0,37,785,259,611,338,785
WALWORTHTOWN OF LINN WARD 5,27,0,0,34,0,0,1,53,0,0,0,21,0,3,0,34,0,2,90,6,0,0,0,0,0,0,0,2,0,0,0,9,133,61,112,90,133
"WALWORTHTOWN OF LINN WARDS 1-4,6",82,0,0,153,1,2,2,207,0,0,1,99,0,4,0,201,0,5,348,10,0,0,0,0,0,0,0,5,1,0,0,36,658,235,517,348,658
WALWORTHTOWN OF LYONS WARDS 1-7,184,0,2,225,3,4,0,441,1,1,0,119,2,3,0,352,0,2,574,21,0,2,0,0,0,0,0,18,0,0,0,50,1198,411,926,574,1198
WALWORTHTOWN OF RICHMOND WARDS 1-3,127,0,1,159,0,3,0,221,1,0,0,62,0,1,0,158,0,3,359,7,0,0,0,0,0,0,0,3,0,0,0,37,591,287,446,359,591
WALWORTHTOWN OF SHARON WARD 1,48,0,0,65,0,5,0,114,0,0,1,34,1,1,0,76,0,1,151,3,0,0,0,0,0,0,0,1,0,0,0,15,320,113,232,151,320
WALWORTHTOWN OF SPRING PRAIRIE WARDS 1-4,103,0,0,158,0,4,0,424,0,0,1,78,0,3,1,227,0,5,319,11,0,1,0,0,0,0,0,15,2,0,0,41,953,261,738,319,953
WALWORTHTOWN OF SUGAR CREEK WARD 1-5,211,0,0,328,8,4,2,510,1,3,0,125,1,9,0,326,0,6,696,17,0,1,0,0,0,0,0,3,1,0,0,90,1361,539,989,696,1361
WALWORTHTOWN OF TROY WARDS 1-3,143,0,0,186,2,4,1,472,0,0,1,98,0,3,0,218,0,11,435,13,0,1,0,0,0,0,0,8,0,0,0,45,985,329,799,435,985
WALWORTHTOWN OF WALWORTH WARDS 1-3,61,0,0,104,0,1,1,203,1,1,2,91,1,2,1,165,0,4,229,12,0,1,0,0,0,0,0,4,1,0,0,28,616,165,469,229,616
WALWORTHTOWN OF WHITEWATER WARD 1-2,112,0,0,125,2,3,0,207,0,0,1,50,0,3,0,122,0,1,309,7,0,0,0,0,0,0,0,0,1,0,0,38,434,237,388,309,434
WALWORTHTOWN OF WHITEWATER WARD 3,2,0,0,13,0,1,0,20,0,0,0,5,0,0,0,5,0,0,19,2,0,0,0,0,0,0,0,0,0,0,0,3,26,15,31,19,26
WALWORTHVILLAGE OF BLOOMFIELD WARD 1-5,173,0,0,302,0,4,1,315,1,0,1,70,2,7,1,388,0,8,550,33,0,0,0,0,1,0,0,7,1,0,0,71,1283,475,790,550,1283
WALWORTHVILLAGE OF DARIEN WARD 1-2,79,0,0,114,0,0,1,125,0,1,0,44,0,0,0,95,0,5,250,15,0,0,0,0,0,0,0,2,0,0,0,26,371,193,266,250,371
WALWORTHVILLAGE OF EAST TROY WARD 1-5,231,0,3,328,2,5,2,644,0,0,1,135,1,13,1,314,0,13,729,18,0,1,0,0,0,0,0,13,5,0,0,128,1499,562,1118,729,1499
WALWORTHVILLAGE OF FONTANA WARD 1-3,118,0,1,126,4,2,0,161,0,0,0,129,1,4,0,183,0,3,381,9,0,0,0,0,0,0,0,7,2,0,0,29,538,245,484,381,538
WALWORTHVILLAGE OF GENOA CITY WARDS 1-4,98,0,0,204,0,5,0,172,0,0,2,48,4,5,0,225,0,6,400,22,0,0,0,0,0,0,0,4,0,0,0,74,758,302,461,400,758
WALWORTHVILLAGE OF MUKWONAGO WARD 11,7,0,0,15,0,0,0,16,0,0,0,4,0,0,0,22,0,0,35,0,0,0,0,0,0,0,0,0,0,0,0,5,59,22,42,35,59
WALWORTHVILLAGE OF SHARON WARD 1-2,73,0,1,137,0,3,1,110,1,0,0,30,0,5,1,121,0,2,243,10,0,0,0,0,0,0,0,3,0,0,0,40,362,211,272,243,362
WALWORTHVILLAGE OF WALWORTH WARD 1-3,113,0,2,174,1,4,0,223,0,0,2,114,1,11,0,198,0,10,430,19,0,3,0,0,0,0,0,6,1,0,0,48,692,289,554,430,692
WALWORTHVILLAGE OF WILLIAMS BAY WARD 1-4,160,0,0,218,2,4,1,274,0,0,1,150,0,9,0,241,0,4,568,18,0,2,0,0,0,0,0,5,0,0,0,64,810,378,682,568,810
WASHBURNCITY OF SHELL LAKE WARDS 1-2,109,0,5,128,1,3,0,134,0,1,3,31,0,4,0,113,0,2,320,6,0,1,0,0,0,0,0,5,0,0,0,35,363,242,290,320,363
WASHBURNCITY OF SPOONER WARDS 1-4,145,0,3,225,5,6,0,150,0,0,1,48,2,7,2,189,0,3,444,1,0,0,0,0,0,0,0,20,0,0,0,43,613,373,410,444,613
WASHBURNTOWN OF BARRONETT WARD 1,19,0,0,42,1,1,0,33,0,0,0,11,0,1,0,43,0,0,83,2,0,0,0,0,0,0,0,0,0,0,0,7,129,61,90,83,129
WASHBURNTOWN OF BASHAW WARDS 1-3,47,0,0,105,0,6,2,120,0,0,0,34,0,4,0,121,0,3,190,4,0,0,0,0,0,0,0,0,0,0,0,14,352,152,287,190,352
WASHBURNTOWN OF BASS LAKE WARD 1,24,0,0,44,1,2,0,36,0,0,0,13,1,2,0,78,0,0,80,4,0,0,0,0,0,0,0,3,1,0,0,4,214,68,133,80,214
WASHBURNTOWN OF BEAVER BROOK WARDS 1-3,47,0,0,58,0,5,0,78,1,0,2,25,1,3,0,75,0,0,146,2,0,0,0,0,0,0,0,0,0,0,0,17,252,105,190,146,252
WASHBURNTOWN OF BIRCHWOOD WARDS 1-3,33,0,1,41,0,0,1,64,0,0,0,29,0,1,0,103,1,3,108,0,0,0,0,0,0,0,0,1,1,0,0,5,284,75,199,108,284
WASHBURNTOWN OF BROOKLYN WARD 1,23,0,0,34,0,0,0,30,0,0,0,10,0,0,0,32,0,0,56,1,0,0,0,0,0,0,0,0,0,0,0,8,101,57,72,56,101
WASHBURNTOWN OF CASEY WARD 1,36,0,0,29,2,1,0,37,0,0,0,20,0,3,0,52,0,1,108,0,0,0,0,0,0,0,0,0,0,0,0,4,160,65,115,108,160
WASHBURNTOWN OF CHICOG WARDS 1-2,27,0,0,31,0,0,1,16,0,0,0,8,1,0,0,30,0,0,70,3,0,0,0,0,0,0,0,0,0,0,0,5,95,58,56,70,95
WASHBURNTOWN OF CRYSTAL WARDS 1-2,14,0,0,27,1,0,0,25,1,0,0,6,2,0,0,51,0,0,47,3,0,0,0,0,0,0,0,0,0,0,0,3,106,41,86,47,106
WASHBURNTOWN OF EVERGREEN WARDS 1-2,78,0,0,97,1,4,0,121,2,0,0,40,0,6,1,148,0,4,227,2,0,0,0,0,0,0,1,3,1,0,0,18,429,175,323,227,429
WASHBURNTOWN OF FROG CREEK WARD 1,7,0,0,6,0,0,0,13,0,0,0,6,0,0,0,16,0,0,23,1,0,0,0,0,0,0,0,1,0,0,0,3,51,13,35,23,51
WASHBURNTOWN OF GULL LAKE WARD 1,19,0,0,27,0,0,0,13,0,0,0,5,0,1,0,26,0,0,55,3,0,0,0,0,0,0,0,0,0,0,0,2,71,46,45,55,71
WASHBURNTOWN OF LONG LAKE WARD 1,59,0,0,62,0,0,0,59,0,0,0,22,0,0,0,83,0,1,155,3,0,0,0,0,0,0,0,0,0,0,0,13,226,121,164,155,226
WASHBURNTOWN OF MADGE WARDS 1-3,66,0,0,47,0,0,0,56,0,0,0,10,1,2,0,69,0,0,156,3,0,0,0,0,0,0,0,0,0,0,0,5,189,113,138,156,189
WASHBURNTOWN OF MINONG WARDS 1-2,59,0,0,56,0,2,2,58,0,0,0,35,0,3,0,108,0,1,248,4,0,1,0,0,0,0,0,1,0,0,0,10,307,115,208,248,307
WASHBURNTOWN OF SARONA WARDS 1-2,22,0,1,17,1,0,0,38,0,0,0,4,1,2,0,59,0,2,63,0,0,0,0,0,0,0,0,1,0,0,0,4,162,40,105,63,162
WASHBURNTOWN OF SPOONER WARDS 1-3,64,0,0,68,1,2,1,65,0,0,0,17,2,3,0,101,0,0,159,1,0,0,0,0,0,0,0,0,0,0,0,19,264,132,192,159,264
WASHBURNTOWN OF SPRINGBROOK WARD 1,22,0,0,42,1,0,1,36,0,0,0,15,0,0,0,62,0,1,82,6,0,0,0,0,0,0,0,1,0,0,0,8,160,64,115,82,160
WASHBURNTOWN OF STINNETT WARD 1,5,0,0,22,0,0,0,17,0,0,0,3,1,0,0,36,0,0,32,1,0,0,0,0,0,0,0,0,0,0,0,1,80,27,57,32,80
WASHBURNTOWN OF STONE LAKE WARD 1,26,0,0,49,0,0,2,28,0,0,0,16,0,3,0,86,0,1,88,2,0,0,0,0,0,0,0,0,0,0,0,13,184,75,135,88,184
WASHBURNTOWN OF TREGO WARDS 1-2,61,0,1,99,1,1,0,85,0,0,0,27,0,2,0,134,0,2,196,7,0,0,0,0,0,0,0,0,0,0,0,17,342,161,250,196,342
WASHBURNVILLAGE OF BIRCHWOOD WARD 1,21,0,1,32,0,0,1,36,0,0,0,6,0,2,0,58,0,1,70,2,0,0,0,0,0,0,0,0,0,0,0,10,137,54,103,70,137
WASHBURNVILLAGE OF MINONG WARD 1,25,0,0,31,0,1,0,16,0,0,0,2,1,2,0,54,0,1,78,3,0,0,0,0,0,0,0,0,0,0,0,3,133,56,76,78,133
"WASHINGTONCITY OF HARTFORD WARDS 11-14,21-22,26-27",226,0,0,296,2,6,3,707,3,0,0,124,2,14,1,285,0,7,813,21,0,1,0,0,0,0,0,12,4,0,0,87,1563,522,1147,813,1563
"WASHINGTONCITY OF HARTFORD WARDS 6,9-10,15-17,20,23-25,28",179,0,1,303,2,1,0,624,0,0,0,112,3,10,1,259,0,12,600,22,0,0,0,0,0,0,0,22,2,0,0,79,1228,483,1012,600,1228
WASHINGTONCITY OF MILWAUKEE WARD 318,0,0,0,0,0,0,0,0,0,0,0,0,0,0,0,0,0,0,0,0,0,0,0,0,0,0,0,0,0,0,0,0,0,0,0,0,0
WASHINGTONCITY OF WEST BEND WARDS 1-3,202,0,0,257,1,6,1,575,0,0,1,96,1,6,0,202,0,6,601,10,0,1,0,0,0,0,0,10,2,0,0,74,1242,459,889,601,1242
WASHINGTONCITY OF WEST BEND WARDS 15-19,186,0,0,227,2,3,0,573,0,0,0,72,2,10,0,219,0,12,640,16,0,1,0,0,0,0,0,11,1,0,0,78,1246,413,881,640,1246
WASHINGTONCITY OF WEST BEND WARDS 20-22,149,0,1,247,2,4,2,487,1,0,1,63,0,7,0,205,0,7,521,27,0,1,0,0,0,0,0,11,2,0,0,85,1151,397,772,521,1151
"WASHINGTONCITY OF WEST BEND WARDS 23-24,26",247,0,0,205,2,2,6,746,0,0,0,165,2,13,1,239,0,13,703,26,0,0,0,0,0,0,1,19,3,0,1,88,1333,452,1176,703,1333
WASHINGTONCITY OF WEST BEND WARDS 4-6,221,0,1,308,0,4,2,543,1,0,2,146,3,8,0,247,0,6,759,24,0,1,0,0,0,0,0,10,2,0,0,79,1234,530,956,759,1234
WASHINGTONCITY OF WEST BEND WARDS 7-8,215,0,3,249,10,9,1,734,0,0,2,229,6,8,1,211,0,9,734,17,0,0,0,1,0,0,2,9,0,0,0,95,1414,467,1211,734,1414
WASHINGTONTOWN OF ADDISON WARD 1-6,132,0,0,177,0,4,1,769,0,0,2,129,2,10,0,284,0,8,400,16,0,0,0,0,0,0,0,6,3,0,0,70,1548,309,1201,400,1548
WASHINGTONTOWN OF BARTON WARDS 1-4,137,0,0,183,2,0,0,623,1,0,1,95,4,12,1,245,0,5,428,11,0,1,0,0,1,0,0,4,0,0,0,53,1210,320,984,428,1210
WASHINGTONTOWN OF ERIN WARDS 1-4,197,0,1,195,3,2,0,929,1,0,1,162,5,7,1,362,0,18,582,14,0,0,0,0,0,0,2,30,0,0,0,77,1795,393,1473,582,1795
WASHINGTONTOWN OF FARMINGTON WARD 1-5,134,0,0,194,2,8,0,772,0,0,0,101,2,13,0,328,0,6,465,22,0,1,0,0,0,0,0,9,0,0,0,37,1656,328,1226,465,1656
WASHINGTONTOWN OF GERMANTOWN WARD 1,15,0,0,14,1,0,0,56,1,0,0,8,0,1,0,31,0,0,49,0,0,0,0,0,0,0,0,1,0,0,0,3,103,29,98,49,103
WASHINGTONTOWN OF HARTFORD WARD 1-5,151,0,0,199,7,5,2,753,1,0,0,153,0,9,0,337,0,4,499,11,0,0,0,0,0,0,0,10,0,0,0,77,1622,350,1267,499,1622
WASHINGTONTOWN OF JACKSON WARDS 1-6,174,0,1,201,3,2,1,1219,1,0,1,184,3,11,0,296,0,14,573,18,0,0,0,0,0,0,0,9,0,0,0,96,2125,376,1721,573,2125
WASHINGTONTOWN OF KEWASKUM WARD 1-2,51,0,0,60,4,2,1,261,0,0,0,52,0,1,0,111,0,4,145,3,0,0,0,0,0,0,0,0,0,0,0,24,526,111,432,145,526
WASHINGTONTOWN OF POLK WARD 1-6,166,0,1,210,1,5,0,920,0,0,1,182,1,9,1,339,0,12,531,16,0,0,0,0,0,0,0,7,0,0,0,70,1890,377,1459,531,1890
"WASHINGTONTOWN OF TRENTON WARDS 1-2,8",196,0,0,270,4,4,0,1048,1,0,1,172,3,11,0,408,0,2,154,6,0,0,0,0,0,0,0,3,0,0,0,15,482,466,1652,154,482
WASHINGTONTOWN OF WAYNE WARDS 1-3,75,0,0,96,2,5,2,458,0,0,0,69,0,3,0,200,0,2,241,4,0,2,0,0,0,0,0,11,0,0,0,33,1001,171,739,241,1001
WASHINGTONTOWN OF WEST BEND WARDS 1-8,241,0,2,270,10,7,1,1095,1,0,2,265,4,23,1,387,0,13,758,25,0,0,1,0,0,0,0,24,3,0,0,93,2103,513,1796,758,2103
"WASHINGTONVILLAGE OF GERMANTOWN WARDS 1,8,10-11",287,0,0,296,3,6,1,1163,0,0,1,246,4,18,0,304,0,9,945,19,0,2,0,1,0,0,0,25,0,0,0,118,1929,583,1746,945,1929
WASHINGTONVILLAGE OF GERMANTOWN WARDS 12-15,314,0,2,287,4,4,2,1099,0,0,0,246,2,14,1,379,0,6,1012,19,0,3,0,0,0,0,0,24,0,0,0,146,2035,603,1751,1012,2035
"WASHINGTONVILLAGE OF GERMANTOWN WARDS 2,5-7",275,0,0,347,1,6,1,753,1,0,2,164,0,14,0,342,0,17,971,29,0,1,0,0,0,0,0,23,1,0,0,128,1709,622,1284,971,1709
"WASHINGTONVILLAGE OF GERMANTOWN WARDS 3-4,9,16-17",347,0,0,307,6,9,2,932,0,0,0,199,2,19,1,353,0,11,950,18,0,2,0,0,0,0,0,18,1,0,0,123,1797,654,1523,950,1797
WASHINGTONVILLAGE OF JACKSON WARD 10,296,0,1,341,6,6,3,1285,0,0,3,207,5,15,1,452,0,0,0,0,0,0,0,0,0,0,0,0,0,0,0,0,1,638,1983,0,1
"WASHINGTONVILLAGE OF KEWASKUM WARDS 1-5,7",188,0,2,248,1,6,3,642,0,0,0,129,1,10,0,292,0,16,560,20,0,0,0,0,0,0,0,15,0,0,0,74,1571,438,1084,560,1571
WASHINGTONVILLAGE OF NEWBURG WARD 1-2,31,0,0,59,0,2,0,221,1,0,1,32,0,3,0,100,0,1,110,2,0,0,0,0,0,0,0,0,2,0,0,22,466,90,360,110,466
WASHINGTONVILLAGE OF RICHFIELD WARD 3,137,0,0,122,2,1,0,547,0,0,0,68,3,9,0,242,0,0,174,6,0,0,0,0,0,0,0,1,0,0,0,21,457,259,872,174,457
WASHINGTONVILLAGE OF RICHFIELD WARDS 1-2,138,0,0,148,1,5,0,695,0,0,0,138,3,10,0,255,0,5,426,7,0,1,0,0,0,0,0,5,2,0,0,47,1318,286,1107,426,1318
WASHINGTONVILLAGE OF RICHFIELD WARDS 5-6,155,0,0,176,1,3,0,839,2,0,1,159,0,7,0,302,0,7,474,6,0,1,0,0,0,0,0,0,0,0,0,63,1587,331,1314,474,1587
WASHINGTONVILLAGE OF RICHFIELD WARDS 7-9,182,0,1,216,3,4,1,820,0,0,2,148,2,19,2,339,0,2,577,6,0,2,0,0,0,0,0,17,0,0,0,66,1513,399,1340,577,1513
WASHINGTONVILLAGE OF SLINGER WARDS 1-8,223,0,2,275,5,10,1,915,0,0,1,169,4,7,0,383,0,11,758,21,0,1,0,0,0,0,2,13,4,0,0,103,1987,500,1495,758,1987
WAUKESHACITY OF BROOKFIELD WARD 1,134,0,0,109,0,2,0,329,0,0,0,108,0,7,0,102,0,4,419,7,0,0,0,0,0,0,0,12,1,0,0,44,557,243,548,419,557
WAUKESHACITY OF BROOKFIELD WARD 10,133,0,0,119,1,0,1,430,1,0,1,128,0,4,1,128,0,2,467,3,0,0,0,0,0,0,0,6,1,0,0,37,704,252,695,467,704
WAUKESHACITY OF BROOKFIELD WARD 11,101,0,0,100,2,1,0,300,0,0,0,113,0,7,0,112,0,4,430,7,0,2,0,0,0,0,0,7,0,0,0,35,557,201,535,430,557
WAUKESHACITY OF BROOKFIELD WARD 12,146,0,0,105,3,0,1,460,0,0,1,156,1,5,0,141,0,3,452,5,0,1,0,0,0,0,1,6,1,0,0,44,708,251,768,452,708
WAUKESHACITY OF BROOKFIELD WARD 13,134,0,0,112,1,2,0,365,2,0,1,129,0,5,0,121,0,4,394,6,0,0,0,0,0,0,2,15,0,0,0,34,659,246,626,394,659
WAUKESHACITY OF BROOKFIELD WARD 14,76,0,0,97,0,1,1,291,0,0,0,112,1,2,0,79,0,3,308,5,0,0,0,0,0,0,0,12,0,0,0,38,542,173,487,308,542
WAUKESHACITY OF BROOKFIELD WARD 15,116,0,0,110,1,3,1,352,0,1,0,79,0,3,0,110,0,1,337,7,0,0,0,0,0,0,0,7,0,0,0,30,610,226,550,337,610
WAUKESHACITY OF BROOKFIELD WARD 16,41,0,0,37,1,0,0,166,0,0,0,53,1,4,0,52,0,0,146,3,0,0,0,0,0,0,0,4,0,0,0,20,257,78,277,146,257
WAUKESHACITY OF BROOKFIELD WARD 17,122,0,0,111,0,1,1,372,0,0,1,110,2,2,0,138,0,3,397,6,0,0,0,0,0,0,0,12,0,0,0,40,650,233,627,397,650
WAUKESHACITY OF BROOKFIELD WARD 18,101,0,1,91,0,0,1,271,0,0,0,94,1,5,0,119,0,2,326,9,0,0,0,0,0,0,0,2,0,0,0,20,527,193,491,326,527
WAUKESHACITY OF BROOKFIELD WARD 19,112,0,0,80,1,1,0,244,0,0,1,72,0,5,0,99,0,4,302,6,0,0,0,0,0,0,1,4,0,0,0,22,461,192,423,302,461
WAUKESHACITY OF BROOKFIELD WARD 2,121,0,0,168,3,0,0,379,1,1,0,109,2,10,0,141,0,4,457,9,0,2,0,0,0,0,0,7,0,0,0,40,724,289,646,457,724
WAUKESHACITY OF BROOKFIELD WARD 20,113,0,0,98,3,1,0,316,1,0,0,112,0,0,1,114,0,1,422,12,0,0,0,0,0,0,0,4,0,0,0,28,619,211,548,422,619
WAUKESHACITY OF BROOKFIELD WARD 21,114,0,0,86,1,1,0,259,0,1,0,68,0,3,0,112,0,1,361,4,0,1,0,0,0,0,0,6,0,0,0,19,519,200,445,361,519
WAUKESHACITY OF BROOKFIELD WARD 22,142,0,1,150,1,0,0,366,0,1,0,113,2,5,1,109,0,3,500,14,0,0,0,0,0,0,0,6,0,0,0,51,626,293,598,500,626
WAUKESHACITY OF BROOKFIELD WARD 23,119,0,1,140,2,1,0,293,0,0,0,77,1,10,0,110,0,2,394,7,0,1,0,0,0,0,0,3,0,0,0,34,482,260,494,394,482
WAUKESHACITY OF BROOKFIELD WARD 24,163,0,0,153,1,1,0,395,0,0,0,99,0,7,0,132,0,4,466,9,0,0,0,0,0,0,0,9,2,0,0,54,686,316,635,466,686
WAUKESHACITY OF BROOKFIELD WARD 3,140,0,0,132,2,3,0,398,0,0,0,124,1,4,0,132,0,4,415,10,0,0,0,0,0,0,0,6,1,0,0,54,733,272,664,415,733
WAUKESHACITY OF BROOKFIELD WARD 4,82,0,1,61,0,1,0,200,0,0,0,57,2,6,0,81,0,2,256,1,0,0,0,0,0,0,0,1,2,0,0,14,375,144,347,256,375
WAUKESHACITY OF BROOKFIELD WARD 5,137,0,0,112,0,2,1,520,0,0,0,126,0,8,0,127,0,4,455,8,0,3,0,0,0,0,0,12,0,0,0,42,791,249,784,455,791
WAUKESHACITY OF BROOKFIELD WARD 6,85,0,0,59,2,2,0,303,0,0,0,70,0,2,2,73,0,2,241,0,0,0,0,0,0,0,0,2,0,0,0,30,455,144,454,241,455
WAUKESHACITY OF BROOKFIELD WARD 7,95,0,0,118,1,0,0,293,0,0,0,111,0,4,0,82,0,4,345,9,0,0,0,0,0,0,0,7,0,0,0,29,474,213,491,345,474
WAUKESHACITY OF BROOKFIELD WARD 8,147,0,0,154,0,2,0,383,0,1,0,138,0,7,0,117,0,3,491,11,0,0,0,0,0,0,0,10,0,0,0,53,680,301,648,491,680
WAUKESHACITY OF BROOKFIELD WARD 9,123,0,0,111,1,1,0,358,0,0,0,122,0,8,1,88,0,0,355,8,0,0,0,0,0,0,0,14,0,0,0,43,572,234,579,355,572
WAUKESHACITY OF MILWAUKEE WARD 319,0,0,0,0,0,0,0,0,0,0,0,0,0,0,0,0,0,0,0,0,0,0,0,0,0,0,0,0,0,0,0,0,0,0,0,0,0
WAUKESHACITY OF MUSKEGO WARD 1-3,251,0,1,275,3,6,2,873,0,1,2,180,1,14,0,319,0,11,687,16,0,0,0,0,0,0,0,12,0,0,0,78,1576,527,1401,687,1576
WAUKESHACITY OF MUSKEGO WARD 11-12,211,0,0,223,2,3,1,757,0,0,0,153,1,11,0,297,0,4,582,22,0,2,0,0,0,0,0,21,0,0,0,82,1425,434,1225,582,1425
WAUKESHACITY OF MUSKEGO WARD 13-14,194,0,0,209,2,7,0,818,0,0,1,165,1,12,0,306,0,7,589,13,0,0,0,0,0,0,0,19,1,0,0,54,1533,403,1312,589,1533
WAUKESHACITY OF MUSKEGO WARD 15-16,229,0,0,189,8,4,2,732,0,0,2,194,3,9,1,306,0,5,636,9,0,0,0,0,0,0,0,7,4,0,0,69,1463,418,1261,636,1463
WAUKESHACITY OF MUSKEGO WARD 4-5,253,0,0,207,3,2,0,703,1,0,2,136,1,15,0,243,0,7,632,13,0,0,0,0,0,0,0,4,0,0,0,76,1314,460,1106,632,1314
WAUKESHACITY OF MUSKEGO WARD 6-8,245,0,1,258,2,2,2,791,1,0,1,166,0,14,1,343,0,8,700,20,0,1,0,0,0,0,0,13,0,0,0,86,1528,504,1323,700,1528
WAUKESHACITY OF MUSKEGO WARD 9-10,201,0,1,199,3,2,1,610,0,0,4,122,0,10,0,221,0,6,581,13,0,1,0,0,0,0,0,6,0,0,0,65,1150,401,973,581,1150
WAUKESHACITY OF NEW BERLIN WARD 1,159,0,0,152,1,3,0,372,0,0,0,101,4,4,0,131,0,6,489,8,0,1,0,0,0,0,0,25,0,0,0,48,662,311,616,489,662
WAUKESHACITY OF NEW BERLIN WARD 10,22,0,1,27,0,0,0,75,0,0,0,12,0,4,1,40,0,0,76,1,0,0,0,0,0,0,0,4,0,0,0,7,159,50,132,76,159
WAUKESHACITY OF NEW BERLIN WARD 11,52,0,0,44,1,0,0,225,0,0,0,37,0,1,0,66,0,2,171,2,0,0,0,0,0,0,0,2,0,0,0,21,377,96,330,171,377
WAUKESHACITY OF NEW BERLIN WARD 12,18,0,0,22,2,0,0,66,0,0,0,6,0,0,0,26,0,0,57,0,0,1,0,0,0,0,0,1,0,0,0,8,107,40,100,57,107
WAUKESHACITY OF NEW BERLIN WARD 13,23,0,0,23,0,0,1,63,0,0,0,21,0,1,0,32,0,1,55,4,0,0,0,0,0,0,0,0,0,0,0,8,134,46,118,55,134
WAUKESHACITY OF NEW BERLIN WARD 14,0,0,0,0,0,0,0,6,0,0,0,0,0,0,0,0,0,0,0,0,0,0,0,0,0,0,0,0,0,0,0,0,4,0,6,0,4
WAUKESHACITY OF NEW BERLIN WARD 15,117,0,0,130,1,1,1,369,1,0,0,66,0,5,1,143,0,1,334,12,0,0,0,0,0,0,0,6,0,0,0,34,721,247,588,334,721
WAUKESHACITY OF NEW BERLIN WARD 16,144,0,0,160,1,0,0,481,2,1,0,127,1,10,0,179,0,1,500,8,0,0,0,0,0,0,0,17,0,0,0,57,920,304,802,500,920
WAUKESHACITY OF NEW BERLIN WARD 17,32,0,0,26,1,1,0,45,0,0,0,17,0,3,0,24,0,1,77,3,0,0,0,0,0,0,0,0,0,0,0,3,97,58,91,77,97
WAUKESHACITY OF NEW BERLIN WARD 18,240,0,0,231,1,2,0,613,0,0,0,156,1,9,0,221,0,6,719,12,0,1,0,0,0,0,0,5,1,0,0,75,1125,471,1003,719,1125
WAUKESHACITY OF NEW BERLIN WARD 19,19,0,0,12,0,0,0,43,0,0,0,11,0,0,0,21,0,0,57,1,0,0,0,0,0,0,0,0,0,0,0,5,95,31,75,57,95
WAUKESHACITY OF NEW BERLIN WARD 2,110,0,0,125,1,0,0,288,1,0,0,55,2,6,0,102,0,11,329,10,0,0,0,0,0,0,0,10,0,0,0,49,554,235,455,329,554
WAUKESHACITY OF NEW BERLIN WARD 20,36,0,0,26,0,0,0,112,0,0,0,30,0,0,0,50,0,1,106,1,0,0,0,0,0,0,0,0,0,0,0,12,229,62,192,106,229
WAUKESHACITY OF NEW BERLIN WARD 21,142,0,0,142,0,0,0,432,0,0,0,95,1,3,0,152,0,3,461,12,0,0,0,0,0,0,0,6,0,0,0,46,770,284,683,461,770
WAUKESHACITY OF NEW BERLIN WARD 22,200,0,3,111,0,1,2,370,0,1,1,88,0,9,1,144,0,4,518,6,0,0,0,0,0,0,0,16,0,0,0,42,650,314,617,518,650
WAUKESHACITY OF NEW BERLIN WARD 23,135,0,0,87,0,0,1,353,0,0,0,76,2,4,1,67,0,5,326,3,0,0,0,0,0,0,0,5,0,0,0,37,502,222,504,326,502
WAUKESHACITY OF NEW BERLIN WARD 24,191,0,2,159,0,3,1,546,0,0,0,171,0,8,0,189,0,2,598,8,0,0,0,0,0,0,0,5,0,0,0,58,933,352,918,598,933
WAUKESHACITY OF NEW BERLIN WARD 25,89,0,0,88,0,1,0,286,0,0,0,56,1,5,0,98,0,3,240,7,0,0,0,0,0,0,0,8,0,0,0,35,492,177,447,240,492
WAUKESHACITY OF NEW BERLIN WARD 26,103,0,0,125,0,1,0,435,0,0,0,82,1,5,0,190,0,2,323,6,0,0,0,0,0,0,0,5,1,0,0,43,880,228,714,323,880
WAUKESHACITY OF NEW BERLIN WARD 27,188,0,0,186,0,2,0,537,0,0,0,148,1,10,0,178,0,5,600,7,0,0,0,0,0,0,0,6,0,0,0,62,982,374,876,600,982
WAUKESHACITY OF NEW BERLIN WARD 3,147,0,0,150,1,4,0,404,0,0,0,63,1,6,0,158,0,8,444,11,0,0,0,0,0,0,0,16,0,0,0,54,713,297,637,444,713
WAUKESHACITY OF NEW BERLIN WARD 4,156,0,1,118,0,2,0,309,0,0,0,88,3,13,0,114,0,2,426,9,0,0,0,0,0,0,2,15,1,0,0,26,576,275,529,426,576
WAUKESHACITY OF NEW BERLIN WARD 5,209,0,2,204,2,4,0,502,0,0,1,155,1,9,0,156,0,4,661,11,0,0,0,0,0,0,0,7,1,0,0,70,883,415,830,661,883
WAUKESHACITY OF NEW BERLIN WARD 6,50,0,0,42,1,1,1,69,0,0,0,39,0,4,0,21,0,2,189,2,0,0,0,0,0,0,0,4,0,0,0,14,157,92,136,189,157
WAUKESHACITY OF NEW BERLIN WARD 7,12,0,0,3,0,0,0,44,0,0,0,13,0,0,0,15,0,0,22,0,0,0,0,0,0,0,0,4,0,0,0,6,78,15,72,22,78
WAUKESHACITY OF NEW BERLIN WARD 8,175,0,0,224,2,1,0,418,1,0,0,91,0,10,1,192,0,8,576,10,0,0,2,0,0,0,0,2,1,0,0,57,893,399,716,576,893
WAUKESHACITY OF NEW BERLIN WARD 9,163,0,2,173,1,1,0,354,0,0,0,86,1,6,1,154,0,5,514,16,0,0,0,0,0,0,0,3,2,0,0,49,739,338,604,514,739
"WAUKESHACITY OF OCONOMOWOC WARDS 1-3,13",330,0,0,313,3,5,2,761,1,0,0,239,3,8,0,304,0,12,1031,19,0,0,0,0,0,0,0,25,1,0,0,106,1678,643,1326,1031,1678
WAUKESHACITY OF OCONOMOWOC WARDS 10-12,213,0,2,257,5,8,0,628,1,0,2,183,0,7,1,265,0,8,702,8,0,1,0,0,0,0,0,6,0,0,0,96,1358,472,1100,702,1358
WAUKESHACITY OF OCONOMOWOC WARDS 4-6,221,0,1,274,3,2,1,691,2,0,1,203,3,10,0,303,0,16,771,11,0,0,0,0,0,0,0,15,1,0,0,83,1462,496,1219,771,1462
WAUKESHACITY OF OCONOMOWOC WARDS 7-9,199,0,0,277,0,3,0,597,0,0,2,165,4,12,0,266,0,9,717,18,0,0,0,0,0,0,0,8,1,0,0,86,1339,476,1049,717,1339
WAUKESHACITY OF PEWAUKEE WARDS 1-4,308,0,1,257,5,5,1,1114,0,1,2,297,2,13,1,420,0,9,1003,20,0,3,0,1,0,0,0,12,0,0,0,115,2244,566,1861,1003,2244
WAUKESHACITY OF PEWAUKEE WARDS 5-7,306,0,1,253,2,2,1,984,0,0,2,237,1,16,0,340,0,10,937,11,0,1,0,0,0,0,0,10,2,0,0,94,1839,560,1585,937,1839
WAUKESHACITY OF PEWAUKEE WARDS 8-10,285,0,1,256,3,5,3,1015,0,0,1,261,1,13,0,332,0,20,933,24,0,1,0,0,0,0,0,14,2,0,0,112,1843,542,1634,933,1843
WAUKESHACITY OF WAUKESHA WARD 1,99,0,0,173,2,2,1,262,0,0,0,64,0,3,0,106,0,6,437,16,0,1,0,0,0,0,0,3,0,0,0,43,551,272,440,437,551
WAUKESHACITY OF WAUKESHA WARD 10,69,0,0,79,1,0,0,158,0,0,0,38,0,3,0,66,0,4,218,8,0,0,0,0,0,0,0,1,0,0,0,25,313,148,266,218,313
WAUKESHACITY OF WAUKESHA WARD 11,44,0,0,81,2,1,0,120,0,0,0,24,0,0,0,47,0,2,196,6,0,0,0,0,0,0,0,3,0,0,0,27,237,125,194,196,237
WAUKESHACITY OF WAUKESHA WARD 12,145,0,0,224,3,2,0,410,1,0,0,105,0,9,0,157,0,5,590,23,0,0,0,0,0,0,0,12,0,0,0,93,869,369,687,590,869
WAUKESHACITY OF WAUKESHA WARD 13,120,0,0,126,1,0,0,327,0,0,0,79,1,4,0,82,0,1,373,9,0,0,0,0,0,0,0,7,0,0,0,34,555,246,494,373,555
WAUKESHACITY OF WAUKESHA WARD 14,119,0,2,150,1,2,1,216,0,0,1,37,0,5,0,88,0,3,428,10,0,1,0,0,0,0,0,6,0,0,0,47,465,271,351,428,465
WAUKESHACITY OF WAUKESHA WARD 15,77,0,1,101,1,5,0,117,1,0,1,32,2,3,0,54,0,3,258,17,0,0,0,0,0,0,0,3,0,0,0,27,282,179,216,258,282
WAUKESHACITY OF WAUKESHA WARD 16,40,0,0,68,0,0,0,87,0,0,0,13,0,1,0,41,0,3,228,12,0,0,0,0,0,0,0,3,1,0,0,35,296,108,142,228,296
WAUKESHACITY OF WAUKESHA WARD 17,195,0,0,290,1,4,0,494,0,0,0,114,2,6,0,154,0,9,644,20,0,0,0,0,0,0,0,4,0,0,0,82,842,485,775,644,842
WAUKESHACITY OF WAUKESHA WARD 18,110,0,0,322,1,1,0,238,0,0,1,63,0,1,0,72,0,3,563,22,0,0,0,0,0,0,0,5,1,0,0,57,416,432,377,563,416
WAUKESHACITY OF WAUKESHA WARD 19,152,0,0,231,0,4,0,303,0,0,0,83,1,3,1,79,0,6,568,19,0,1,0,0,0,0,0,15,0,0,0,67,592,383,474,568,592
WAUKESHACITY OF WAUKESHA WARD 2,141,0,1,153,1,3,0,325,0,0,0,73,0,7,0,116,0,4,475,10,0,2,0,0,0,0,0,10,2,0,0,46,600,295,525,475,600
WAUKESHACITY OF WAUKESHA WARD 20,182,0,0,145,0,2,1,407,0,0,1,117,1,8,0,137,0,8,549,15,0,0,0,0,0,0,0,10,1,0,0,57,778,327,674,549,778
WAUKESHACITY OF WAUKESHA WARD 21,115,0,0,131,0,0,0,301,1,0,0,71,0,3,0,122,0,5,446,10,0,0,0,0,0,0,0,1,1,0,0,40,613,246,498,446,613
WAUKESHACITY OF WAUKESHA WARD 22,119,0,0,156,2,1,0,276,1,0,1,60,0,2,0,76,0,4,407,8,0,2,0,0,0,0,0,13,1,0,0,54,479,275,419,407,479
WAUKESHACITY OF WAUKESHA WARD 23,116,0,0,142,0,0,0,262,2,0,0,76,0,4,0,88,0,2,363,8,0,0,0,0,0,0,0,13,1,0,0,31,467,258,432,363,467
WAUKESHACITY OF WAUKESHA WARD 24,98,0,0,90,0,3,0,146,0,0,0,35,0,2,0,53,0,4,308,12,0,0,0,0,0,0,0,3,0,0,0,22,314,188,239,308,314
WAUKESHACITY OF WAUKESHA WARD 25,73,0,1,212,0,0,0,123,0,0,0,36,1,0,0,54,0,6,370,15,0,0,0,0,0,0,0,4,0,0,0,45,323,286,214,370,323
WAUKESHACITY OF WAUKESHA WARD 26,67,0,1,69,2,1,0,70,0,0,0,26,1,10,0,30,0,3,230,5,0,0,0,0,0,0,0,1,1,0,0,21,187,137,140,230,187
WAUKESHACITY OF WAUKESHA WARD 27,2,0,0,23,0,0,0,9,0,0,0,4,0,0,0,2,0,0,21,0,0,0,0,0,0,0,0,0,0,0,0,2,20,25,15,21,20
WAUKESHACITY OF WAUKESHA WARD 28,65,0,0,100,0,0,0,92,0,0,0,14,1,2,0,25,0,2,215,9,0,0,0,0,0,0,0,4,0,0,0,30,175,165,134,215,175
WAUKESHACITY OF WAUKESHA WARD 29,59,0,2,85,1,2,0,64,0,0,0,16,2,0,0,47,0,7,199,7,0,0,0,0,0,0,0,1,0,0,0,15,180,146,132,199,180
WAUKESHACITY OF WAUKESHA WARD 3,36,0,0,60,0,1,0,103,0,0,0,17,0,0,0,22,0,1,161,4,3,0,0,0,0,0,0,1,0,0,0,8,191,96,143,161,191
WAUKESHACITY OF WAUKESHA WARD 30,155,0,0,177,3,4,0,470,1,0,0,92,2,3,0,115,0,3,554,9,0,0,0,0,0,0,0,14,0,0,0,78,814,332,690,554,814
WAUKESHACITY OF WAUKESHA WARD 31,160,0,0,154,1,1,0,496,0,0,0,104,1,3,0,129,0,4,542,8,0,0,0,0,0,0,0,4,0,0,0,58,874,314,735,542,874
WAUKESHACITY OF WAUKESHA WARD 32,156,0,0,153,0,3,0,428,1,0,0,136,1,5,0,120,0,6,517,6,0,2,0,0,0,0,0,2,0,0,0,58,664,309,694,517,664
WAUKESHACITY OF WAUKESHA WARD 33,118,0,1,139,2,1,1,326,1,0,0,77,1,6,0,104,0,3,388,14,0,1,0,0,0,0,0,7,0,0,0,61,622,258,519,388,622
WAUKESHACITY OF WAUKESHA WARD 34,49,0,0,43,2,0,0,83,0,0,0,30,0,6,0,23,0,1,159,1,0,0,0,0,0,0,0,1,1,0,0,21,145,92,144,159,145
WAUKESHACITY OF WAUKESHA WARD 35,167,0,0,150,0,0,1,454,2,0,0,129,0,10,0,138,0,3,470,9,0,1,0,0,0,0,0,15,0,0,0,41,728,317,734,470,728
WAUKESHACITY OF WAUKESHA WARD 36,198,0,0,227,0,0,0,577,1,0,0,142,2,9,1,180,0,5,708,12,0,0,0,0,0,0,0,21,0,0,0,89,1212,425,912,708,1212
WAUKESHACITY OF WAUKESHA WARD 37,108,0,0,139,0,0,0,209,0,0,0,44,0,5,0,75,0,5,358,9,0,1,0,0,0,0,0,6,1,0,0,48,450,247,333,358,450
WAUKESHACITY OF WAUKESHA WARD 38,164,0,0,191,0,4,0,325,0,0,0,89,2,7,0,128,0,5,569,2,0,1,0,0,0,0,0,11,2,0,0,59,664,355,555,569,664
WAUKESHACITY OF WAUKESHA WARD 39,0,0,0,0,0,0,0,0,0,0,0,0,0,0,0,0,0,0,0,0,0,0,0,0,0,0,0,0,0,0,0,0,0,0,0,0,0
WAUKESHACITY OF WAUKESHA WARD 4,60,0,1,90,0,0,0,106,0,0,1,23,0,1,1,48,0,1,232,3,0,1,0,0,0,0,0,2,0,0,0,10,240,151,180,232,240
WAUKESHACITY OF WAUKESHA WARD 40,0,0,0,0,0,0,0,0,0,0,0,0,0,0,0,0,0,0,0,0,0,0,0,0,0,0,0,0,0,0,0,0,0,0,0,0,0
WAUKESHACITY OF WAUKESHA WARD 41,0,0,0,0,0,0,0,0,0,0,0,0,0,0,0,0,0,0,0,0,0,0,0,0,0,0,0,0,0,0,0,0,0,0,0,0,0
WAUKESHACITY OF WAUKESHA WARD 42,0,0,0,0,0,0,0,0,0,0,0,0,0,0,0,0,0,0,0,0,0,0,0,0,0,0,0,0,0,0,0,0,0,0,0,0,0
WAUKESHACITY OF WAUKESHA WARD 43,0,0,0,0,0,0,0,0,0,0,0,0,0,0,0,0,0,0,0,0,0,0,0,0,0,0,0,0,0,0,0,0,0,0,0,0,0
WAUKESHACITY OF WAUKESHA WARD 44,0,0,0,0,0,0,0,0,0,0,0,0,0,0,0,0,0,0,0,0,0,0,0,0,0,0,0,0,0,0,0,0,0,0,0,0,0
WAUKESHACITY OF WAUKESHA WARD 45,0,0,0,0,0,0,0,0,0,0,0,0,0,0,0,0,0,0,0,0,0,0,0,0,0,0,0,0,0,0,0,0,0,0,0,0,0
WAUKESHACITY OF WAUKESHA WARD 46,0,0,0,0,0,0,0,2,0,0,0,0,0,0,0,0,0,0,0,0,0,0,0,0,0,0,0,0,0,0,0,0,0,0,2,0,0
WAUKESHACITY OF WAUKESHA WARD 47,0,0,0,0,0,0,0,0,0,0,0,0,0,0,0,0,0,0,0,0,0,0,0,0,0,0,0,0,0,0,0,0,0,0,0,0,0
WAUKESHACITY OF WAUKESHA WARD 48,0,0,0,0,0,0,0,0,0,0,0,0,0,0,0,0,0,0,0,0,0,0,0,0,0,0,0,0,0,0,0,0,0,0,0,0,0
WAUKESHACITY OF WAUKESHA WARD 49,0,0,0,0,0,0,0,0,0,0,0,0,0,0,0,0,0,0,0,0,0,0,0,0,0,0,0,0,0,0,0,0,0,0,0,0,0
WAUKESHACITY OF WAUKESHA WARD 5,121,0,1,206,1,4,0,163,0,0,0,44,1,2,0,73,0,6,473,14,0,0,0,0,0,0,0,8,0,0,0,51,393,328,288,473,393
WAUKESHACITY OF WAUKESHA WARD 6,116,0,1,147,0,1,0,169,3,0,2,47,2,4,0,80,0,3,437,24,0,3,0,0,0,0,0,5,0,0,0,45,429,264,308,437,429
WAUKESHACITY OF WAUKESHA WARD 7,69,0,0,139,0,3,0,201,0,0,0,41,1,5,0,56,0,13,286,6,0,0,0,0,0,0,0,6,0,0,0,35,388,208,307,286,388
WAUKESHACITY OF WAUKESHA WARD 8,23,0,0,29,0,1,0,51,0,0,0,12,0,0,0,19,0,3,94,2,0,0,0,0,0,0,0,2,0,0,0,6,127,52,83,94,127
WAUKESHACITY OF WAUKESHA WARD 9,174,0,1,218,0,1,0,353,0,0,2,62,0,8,1,143,0,0,540,9,0,0,0,0,0,0,0,4,0,0,0,67,743,393,570,540,743
WAUKESHATOWN OF BROOKFIELD WARD 9,74,0,0,65,2,2,2,172,1,0,1,51,0,8,0,74,0,2,96,3,0,1,0,0,0,0,0,0,0,0,0,10,163,139,313,96,163
"WAUKESHATOWN OF BROOKFIELD WARDS 1,3-4,10",76,0,0,79,2,0,0,260,1,0,0,63,0,2,0,99,0,2,601,7,0,0,0,0,0,0,0,10,1,0,0,61,945,155,427,601,945
"WAUKESHATOWN OF BROOKFIELD WARDS 2,5-8",281,0,0,241,1,2,2,642,0,0,1,164,0,11,1,245,0,7,778,9,0,0,0,0,0,0,0,6,0,0,0,58,1158,522,1069,778,1158
"WAUKESHATOWN OF DELAFIELD WARDS 1-2,5-6",174,0,1,159,0,3,1,645,0,0,1,200,0,8,0,248,0,6,566,5,0,1,0,0,0,0,0,17,0,0,0,61,1226,334,1106,566,1226
WAUKESHATOWN OF DELAFIELD WARDS 3-4,76,0,0,69,0,1,1,473,0,0,0,159,0,7,0,121,0,2,301,5,0,0,0,0,0,0,1,2,0,0,0,35,828,145,762,301,828
WAUKESHATOWN OF DELAFIELD WARDS 7-8,60,0,0,71,0,0,0,347,0,0,0,71,1,7,0,121,0,6,247,11,0,0,0,0,0,0,0,28,0,0,0,32,557,131,547,247,557
WAUKESHATOWN OF DELAFIELD WARDS 9-11,132,0,0,146,0,1,1,446,0,0,0,109,0,8,0,153,0,4,405,7,0,0,1,0,0,0,0,12,0,0,0,53,793,278,718,405,793
WAUKESHATOWN OF EAGLE WARDS 1-4,172,0,1,228,1,4,0,784,0,1,1,141,2,8,0,316,0,14,564,15,0,0,0,0,0,0,0,11,0,0,0,77,1498,401,1258,564,1498
"WAUKESHATOWN OF GENESEE WARDS 1,3,5,9",125,0,0,171,0,3,1,538,0,0,1,122,2,11,0,180,0,7,396,7,0,1,0,0,0,0,0,11,0,0,0,55,1026,296,858,396,1026
"WAUKESHATOWN OF GENESEE WARDS 2,4,10",87,0,0,89,0,0,1,282,1,0,1,68,0,2,0,101,0,10,450,7,0,1,0,0,0,0,0,11,1,0,1,53,1030,176,456,450,1030
WAUKESHATOWN OF GENESEE WARDS 6-8,235,0,1,228,2,4,0,927,1,0,1,159,4,6,0,312,0,7,468,19,0,4,0,0,0,0,0,27,0,0,0,68,1150,464,1416,468,1150
WAUKESHATOWN OF LISBON WARD 2,230,0,1,198,1,4,1,714,0,0,1,122,3,8,0,285,0,4,397,8,0,1,0,0,0,0,0,17,0,0,0,47,905,429,1139,397,905
WAUKESHATOWN OF LISBON WARDS 4-5,185,0,0,210,0,3,0,789,0,0,0,193,0,6,0,286,0,5,626,12,0,2,0,0,0,0,0,10,0,0,0,91,1500,395,1277,626,1500
"WAUKESHATOWN OF MERTON WARD 1-3,7-9",206,0,0,248,2,1,0,1277,1,0,0,324,2,16,0,454,0,10,821,16,0,0,0,0,0,0,5,27,0,0,0,121,2536,454,2077,821,2536
"WAUKESHATOWN OF MERTON WARD 4-6,10-11",136,0,1,157,1,2,0,589,0,1,0,143,1,4,0,255,0,6,443,7,0,0,0,0,0,0,0,4,0,0,0,56,1236,294,996,443,1236
"WAUKESHATOWN OF MUKWONAGO WARDS 2-3,9-11",108,0,0,119,1,2,0,454,2,0,1,106,2,9,0,179,0,4,532,5,0,0,0,0,0,0,0,2,2,0,0,96,1480,227,756,532,1480
WAUKESHATOWN OF MUKWONAGO WARDS 4-6,69,0,0,98,1,4,3,328,1,0,0,55,0,7,1,128,0,5,360,5,0,0,0,0,0,0,0,4,0,0,0,50,1036,167,528,360,1036
WAUKESHATOWN OF OCONOMOWOC WARD 10,150,0,0,147,3,2,1,587,1,0,0,179,0,8,0,283,0,0,11,0,0,0,0,0,0,0,0,0,0,0,0,3,10,297,1064,11,10
"WAUKESHATOWN OF OCONOMOWOC WARDS 1-2,4",146,0,1,173,2,3,1,690,1,0,0,154,0,11,1,271,0,4,513,19,0,0,0,0,0,0,0,7,0,0,0,55,1518,320,1134,513,1518
"WAUKESHATOWN OF OCONOMOWOC WARDS 3,6-7",147,0,0,177,0,2,0,589,0,0,0,135,0,7,0,223,0,8,519,13,0,0,0,0,0,0,0,11,0,0,0,50,1102,324,956,519,1102
WAUKESHATOWN OF OTTAWA WARDS 1-5,214,0,0,285,4,0,0,817,1,0,3,192,1,10,0,371,0,7,688,15,0,0,0,0,0,0,0,18,0,0,0,91,1647,499,1399,688,1647
"WAUKESHATOWN OF VERNON WARD 1,8-11",184,0,0,218,2,8,1,827,1,0,1,148,2,18,0,320,0,2,584,13,0,0,0,0,0,0,0,9,0,0,0,75,1553,402,1328,584,1553
WAUKESHATOWN OF VERNON WARD 2-7,234,0,1,239,4,4,0,1014,1,0,2,209,2,12,0,403,0,10,714,16,0,0,0,0,0,0,0,14,1,0,0,77,1895,474,1651,714,1895
WAUKESHATOWN OF WAUKESHA WARD 12,0,0,0,0,0,0,0,4,0,0,0,0,0,0,0,0,0,0,0,0,0,0,0,0,0,0,0,0,0,0,0,0,4,0,4,0,4
"WAUKESHATOWN OF WAUKESHA WARDS 1,8",126,0,0,128,2,2,2,270,0,0,1,65,0,2,0,103,0,2,346,4,0,0,0,0,0,0,0,4,0,0,0,24,521,254,447,346,521
WAUKESHATOWN OF WAUKESHA WARDS 2-6,257,0,0,237,1,3,1,935,0,0,1,181,1,8,0,322,0,12,713,14,0,1,0,0,0,0,0,14,0,0,0,105,1649,494,1453,713,1649
"WAUKESHATOWN OF WAUKESHA WARDS 7,9-11",203,0,0,161,0,6,1,766,2,0,0,158,1,12,0,258,0,7,597,10,0,2,0,0,0,0,0,13,0,0,0,67,1363,364,1204,597,1363
WAUKESHAVILLAGE OF BIG BEND WARDS 1-3,71,0,0,74,2,2,0,251,0,0,1,42,1,6,0,122,0,3,180,2,0,0,0,0,0,0,0,0,0,0,0,33,540,145,427,180,540
WAUKESHAVILLAGE OF BUTLER WARDS 1-3,119,0,0,122,2,2,1,257,1,0,2,60,2,3,0,138,0,6,323,7,0,1,0,0,0,0,0,4,1,0,0,51,559,241,468,323,559
WAUKESHAVILLAGE OF CHENEQUA WARD 1,20,0,0,16,0,0,0,124,0,0,0,49,0,1,0,65,0,0,69,0,0,0,0,0,0,0,0,4,0,0,0,13,250,36,239,69,250
WAUKESHAVILLAGE OF DOUSMAN WARDS 1-3,99,0,0,122,2,7,1,397,1,1,0,110,0,3,0,172,0,2,371,9,0,0,0,0,0,0,0,7,0,0,0,51,851,221,694,371,851
WAUKESHAVILLAGE OF EAGLE WARDS 1-2,94,0,0,116,0,4,0,387,0,0,2,65,0,6,0,179,0,8,241,8,0,0,0,0,0,0,0,6,2,0,0,45,812,210,643,241,812
WAUKESHAVILLAGE OF ELM GROVE WARD 1-4,265,0,0,237,2,1,0,708,2,0,0,317,0,10,0,218,0,8,893,14,0,0,0,0,0,0,0,15,0,0,0,84,1231,502,1258,893,1231
WAUKESHAVILLAGE OF ELM GROVE WARD 5-8,288,0,2,241,0,1,1,580,0,0,0,295,1,7,0,188,0,3,813,8,0,0,0,0,0,0,2,12,1,0,0,70,1054,531,1073,813,1054
WAUKESHAVILLAGE OF HARTLAND WARDS 1-14,445,0,0,562,4,4,1,1473,1,0,1,377,1,19,0,580,0,24,1676,36,0,2,0,0,0,0,0,22,4,0,0,234,3233,1007,2461,1676,3233
WAUKESHAVILLAGE OF LAC LA BELLE WARD 1,16,0,0,13,0,1,0,84,1,0,0,16,0,2,0,23,0,0,57,0,0,0,0,0,0,0,0,1,0,0,0,7,133,29,127,57,133
WAUKESHAVILLAGE OF LANNON WARDS 1-2,71,0,0,98,1,2,0,177,0,0,1,33,0,6,0,109,0,4,225,5,0,0,0,0,0,0,0,0,0,0,0,24,452,169,329,225,452
WAUKESHAVILLAGE OF MENOMONEE FALLS WARD 1,239,0,2,114,9,4,3,431,2,0,2,106,1,12,0,162,0,9,540,7,0,0,0,0,0,0,0,4,1,0,0,49,799,355,732,540,799
WAUKESHAVILLAGE OF MENOMONEE FALLS WARD 10,100,0,0,117,1,1,0,258,1,0,0,75,0,6,0,120,0,3,281,4,0,1,0,0,0,0,0,1,0,0,0,43,493,217,462,281,493
WAUKESHAVILLAGE OF MENOMONEE FALLS WARD 11,95,0,0,118,1,2,0,203,0,0,1,54,1,7,0,78,0,2,332,10,0,0,0,0,0,0,1,6,1,0,0,16,415,213,347,332,415
WAUKESHAVILLAGE OF MENOMONEE FALLS WARD 12,85,0,0,86,0,2,0,183,0,0,0,51,0,7,0,71,0,1,253,5,0,1,0,0,0,0,0,1,0,0,0,24,351,171,314,253,351
WAUKESHAVILLAGE OF MENOMONEE FALLS WARD 13,118,0,0,143,0,4,0,459,0,0,0,98,0,6,0,136,0,2,415,7,0,1,0,0,0,0,0,10,1,0,0,28,698,261,703,415,698
WAUKESHAVILLAGE OF MENOMONEE FALLS WARD 14,174,0,1,175,2,1,0,467,0,0,1,131,3,12,1,147,0,2,494,9,0,1,0,0,0,0,0,12,0,0,0,49,756,350,765,494,756
WAUKESHAVILLAGE OF MENOMONEE FALLS WARD 15,194,0,0,139,2,0,2,466,1,0,0,99,2,5,0,159,0,3,457,11,0,1,0,0,0,0,1,13,0,0,0,51,736,333,736,457,736
WAUKESHAVILLAGE OF MENOMONEE FALLS WARD 16,67,0,0,66,1,0,0,204,0,0,0,45,1,5,0,89,0,0,203,7,0,0,0,0,0,0,0,4,0,0,0,15,370,133,345,203,370
WAUKESHAVILLAGE OF MENOMONEE FALLS WARD 17,163,0,0,124,1,5,2,415,1,0,1,113,1,5,0,104,0,4,454,7,0,3,0,0,0,0,0,5,0,0,0,35,648,287,648,454,648
WAUKESHAVILLAGE OF MENOMONEE FALLS WARD 18,127,0,0,135,2,4,0,348,0,0,1,78,0,7,0,99,0,1,408,4,0,0,0,0,0,0,0,6,0,0,0,50,537,262,539,408,537
WAUKESHAVILLAGE OF MENOMONEE FALLS WARD 19,153,0,0,99,1,0,0,396,0,0,0,96,0,5,0,96,0,2,438,5,0,1,0,0,0,0,0,11,1,0,0,40,719,252,594,438,719
WAUKESHAVILLAGE OF MENOMONEE FALLS WARD 2,115,0,1,95,3,0,0,286,0,0,0,71,0,7,0,82,0,6,309,0,0,0,0,0,0,0,0,10,0,0,0,29,468,211,449,309,468
WAUKESHAVILLAGE OF MENOMONEE FALLS WARD 20,109,0,0,161,1,2,1,374,0,0,1,92,1,3,0,104,0,1,418,7,0,0,0,0,0,0,0,5,0,0,0,49,661,270,579,418,661
WAUKESHAVILLAGE OF MENOMONEE FALLS WARD 21,129,0,0,79,2,0,1,405,0,0,2,112,0,1,0,83,0,4,465,8,0,0,0,0,0,0,0,3,0,0,0,32,646,208,606,465,646
WAUKESHAVILLAGE OF MENOMONEE FALLS WARD 22,91,0,0,64,0,0,0,205,0,0,0,69,1,4,0,87,0,3,301,4,0,0,0,0,0,0,0,1,0,0,0,23,469,155,366,301,469
WAUKESHAVILLAGE OF MENOMONEE FALLS WARD 23,90,0,0,88,1,2,0,322,0,0,0,56,0,4,0,106,0,5,283,10,0,0,0,0,0,0,0,10,0,0,0,29,602,178,491,283,602
WAUKESHAVILLAGE OF MENOMONEE FALLS WARD 3,125,0,2,166,2,5,2,372,1,0,1,75,0,4,0,112,0,4,400,7,0,0,0,0,0,0,0,5,0,0,0,40,657,293,574,400,657
WAUKESHAVILLAGE OF MENOMONEE FALLS WARD 4,53,0,0,105,2,1,0,198,0,0,0,46,0,6,0,48,0,5,199,10,0,0,0,0,0,0,0,3,0,0,0,27,332,158,301,199,332
WAUKESHAVILLAGE OF MENOMONEE FALLS WARD 5,96,0,2,137,0,3,0,306,0,0,0,45,2,3,0,105,0,5,311,13,0,1,0,0,0,0,0,6,0,0,0,35,484,235,464,311,484
WAUKESHAVILLAGE OF MENOMONEE FALLS WARD 6,148,0,0,164,3,2,0,314,0,1,2,61,1,6,0,122,0,5,428,19,0,0,0,0,0,0,0,2,0,0,0,51,597,312,512,428,597
WAUKESHAVILLAGE OF MENOMONEE FALLS WARD 7,67,0,1,53,1,0,0,158,0,0,0,26,1,5,0,60,0,3,162,3,0,0,0,0,0,0,0,4,0,0,0,17,293,121,251,162,293
WAUKESHAVILLAGE OF MENOMONEE FALLS WARD 8,93,0,0,103,1,4,0,208,0,0,0,63,1,8,0,70,0,7,309,13,0,1,0,0,0,0,0,6,0,0,0,50,415,196,355,309,415
WAUKESHAVILLAGE OF MENOMONEE FALLS WARD 9,115,0,0,149,2,1,0,264,0,0,0,42,2,7,0,87,0,5,361,15,0,0,0,0,0,0,0,4,0,0,0,42,464,264,405,361,464
WAUKESHAVILLAGE OF MERTON WARD 5,129,0,0,140,1,1,0,753,1,0,0,171,2,10,0,255,0,0,0,0,0,0,0,0,0,0,0,0,0,0,0,0,3,269,1194,0,3
WAUKESHAVILLAGE OF MUKWONAGO WARDS 1-10,440,0,1,503,10,11,1,1286,1,0,5,286,1,36,0,527,0,17,1254,24,0,2,0,0,0,0,0,19,2,0,0,170,2667,944,2164,1254,2667
WAUKESHAVILLAGE OF NASHOTAH WARDS 1-3,84,0,0,69,0,4,1,315,1,0,1,82,0,5,1,126,0,1,238,1,0,0,0,0,0,0,0,3,0,0,0,35,583,153,536,238,583
WAUKESHAVILLAGE OF NORTH PRAIRIE WARD 1-3,113,0,0,122,0,0,1,476,0,0,1,99,1,9,0,175,0,4,325,5,0,0,0,0,0,0,0,3,0,0,0,47,917,235,762,325,917
WAUKESHAVILLAGE OF OCONOMOWOC LAKE WARD 1,33,0,0,22,1,0,0,127,0,0,0,36,0,1,0,52,0,1,82,1,0,0,0,0,0,0,0,0,0,0,0,10,252,55,217,82,252
WAUKESHAVILLAGE OF PEWAUKEE WARD 1-5,298,0,3,268,8,5,0,813,1,1,0,171,4,22,2,292,0,9,899,9,0,1,0,0,0,0,0,22,0,0,0,115,1587,569,1319,899,1587
WAUKESHAVILLAGE OF PEWAUKEE WARD 6-10,233,0,1,256,3,4,1,525,3,0,2,115,3,13,0,253,0,5,682,22,0,2,0,0,0,0,0,12,0,0,0,77,1119,490,922,682,1119
"WAUKESHAVILLAGE OF SUMMIT WARD 1,6",246,0,1,325,2,7,0,939,1,0,0,264,4,11,0,311,0,0,263,2,0,0,0,0,0,0,0,6,0,0,0,41,662,572,1539,263,662
WAUKESHAVILLAGE OF SUSSEX WARD 5,94,0,0,73,1,1,0,320,1,0,0,65,1,1,1,110,0,5,274,4,0,0,0,0,0,0,0,6,0,0,0,34,593,167,501,274,593
WAUKESHAVILLAGE OF SUSSEX WARD 8,12,0,0,10,0,0,0,49,0,0,0,11,0,2,0,16,0,0,37,0,0,0,0,0,0,0,0,0,0,0,0,3,88,22,78,37,88
"WAUKESHAVILLAGE OF SUSSEX WARDS 1,3",168,0,0,193,1,1,0,516,1,0,1,95,0,8,0,184,0,4,541,21,0,0,0,0,0,0,0,6,1,0,0,57,1041,361,807,541,1041
"WAUKESHAVILLAGE OF SUSSEX WARDS 2,4",184,0,3,231,1,4,2,621,0,0,2,116,2,13,0,199,0,16,659,21,0,0,0,0,0,0,0,0,0,0,0,86,1156,418,960,659,1156
WAUKESHAVILLAGE OF SUSSEX WARDS 6-7,135,0,0,108,0,1,1,567,0,0,0,98,0,11,0,130,0,4,477,3,0,3,0,0,0,0,0,14,0,0,0,54,954,243,808,477,954
WAUKESHAVILLAGE OF WALES WARDS 1-4,162,0,1,270,2,3,0,566,0,0,0,126,2,12,0,197,0,11,547,11,0,2,1,0,0,0,0,9,0,0,0,45,1090,433,908,547,1090
WAUPACACITY OF CLINTONVILLE WARD 1-7,209,0,3,323,3,4,6,378,0,3,2,65,2,12,0,350,0,5,631,20,0,3,0,0,0,0,0,7,0,0,0,76,1141,535,825,631,1141
WAUPACACITY OF MANAWA WARDS 1-3,49,0,0,67,0,2,0,92,0,0,1,12,0,1,1,106,0,3,144,8,0,0,0,0,0,0,0,0,1,0,0,8,362,116,215,144,362
WAUPACACITY OF MARION WARDS 1-3,42,0,0,58,0,4,0,90,0,0,0,12,0,2,0,113,0,2,144,5,0,0,0,0,0,0,0,0,0,0,0,19,372,100,221,144,372
WAUPACACITY OF NEW LONDON WARDS 11-12,51,0,0,71,0,2,0,60,0,0,0,9,0,0,0,93,0,1,180,6,0,0,0,0,0,0,0,0,0,0,0,13,300,122,164,180,300
"WAUPACACITY OF NEW LONDON WARDS 3-4,8",93,0,0,108,0,2,0,134,0,0,0,21,1,6,1,121,0,4,269,9,0,0,0,0,0,0,0,3,0,0,0,16,395,201,286,269,395
WAUPACACITY OF NEW LONDON WARDS 6-7,72,0,0,81,0,0,1,112,0,1,0,17,0,4,0,127,0,1,236,6,0,0,0,0,0,0,0,2,0,0,0,17,385,153,262,236,385
WAUPACACITY OF NEW LONDON WARDS 9-10,80,0,0,126,0,1,1,98,0,0,0,11,0,3,0,92,0,2,220,7,0,0,0,0,0,0,0,0,0,0,0,32,318,206,206,220,318
WAUPACACITY OF WAUPACA WARDS 1-12,297,0,3,529,3,12,2,462,1,1,3,103,2,15,1,327,0,9,1172,45,0,0,0,0,0,0,0,6,5,0,0,107,1340,829,932,1172,1340
WAUPACACITY OF WEYAUWEGA WARDS 1-3,95,2,0,99,1,3,2,125,0,0,0,21,1,1,0,139,0,8,215,8,0,2,0,0,0,0,0,0,1,0,0,28,497,196,293,215,497
WAUPACATOWN OF BEAR CREEK WARD 1,32,0,0,50,0,0,0,89,0,0,0,8,1,0,0,75,0,3,93,4,0,0,0,0,0,0,0,0,0,0,0,10,275,82,173,93,275
WAUPACATOWN OF CALEDONIA WARDS 1-2,75,0,0,149,0,5,0,270,0,0,2,32,0,6,0,174,0,7,259,3,0,0,0,0,0,0,0,5,0,0,0,29,655,224,489,259,655
WAUPACATOWN OF DAYTON WARDS 1-4,160,0,2,261,1,2,0,328,0,1,2,76,1,8,0,283,0,2,531,17,0,0,0,0,0,0,0,6,0,0,0,52,951,423,702,531,951
WAUPACATOWN OF DUPONT WARDS 1-2,23,0,0,37,0,0,0,80,0,0,2,6,2,1,1,84,0,1,80,3,0,0,0,0,0,0,0,0,0,0,0,11,236,60,176,80,236
WAUPACATOWN OF FARMINGTON WARDS 1-6,247,0,3,335,2,5,0,399,2,0,2,101,2,12,0,340,0,9,818,22,0,4,0,0,0,0,0,2,2,0,0,60,1206,585,865,818,1206
WAUPACATOWN OF FREMONT WARDS 1-2,36,0,0,48,0,2,0,88,0,0,0,6,1,1,0,77,0,1,102,0,0,0,0,0,0,0,0,0,0,0,0,10,274,84,175,102,274
WAUPACATOWN OF HARRISON WARD 1,28,0,0,40,0,0,0,52,0,0,0,0,0,0,0,62,0,1,87,1,0,0,0,0,0,0,0,2,0,0,0,1,169,68,114,87,169
WAUPACATOWN OF HELVETIA WARDS 1-2,25,0,0,55,0,0,0,105,0,0,0,9,1,0,0,88,0,1,102,1,0,0,0,0,0,0,0,1,0,0,0,15,276,80,203,102,276
WAUPACATOWN OF IOLA WARDS 1-2,56,0,1,71,1,1,0,121,1,0,0,21,1,1,0,118,0,0,164,4,0,1,0,0,0,0,0,0,0,0,0,11,366,128,265,164,366
WAUPACATOWN OF LARRABEE WARDS 1-2,67,0,0,92,0,2,0,145,0,0,0,11,0,2,0,144,0,1,188,7,0,0,0,0,0,0,0,1,1,0,0,13,456,159,304,188,456
WAUPACATOWN OF LEBANON WARDS 1-3,70,0,0,142,0,3,0,195,0,0,1,25,3,3,0,146,0,5,279,8,0,1,0,0,0,0,0,2,3,0,0,21,570,212,376,279,570
WAUPACATOWN OF LIND WARDS 1-3,57,0,1,105,0,0,0,169,0,0,0,20,0,6,0,163,0,5,223,5,0,0,0,0,0,0,0,4,1,0,0,31,543,163,358,223,543
WAUPACATOWN OF LITTLE WOLF WARDS 1-3,44,0,0,74,0,2,0,154,2,0,1,20,0,2,0,158,0,0,153,5,0,0,0,0,0,0,0,0,1,0,0,22,552,118,339,153,552
WAUPACATOWN OF MATTESON WARD 1,32,0,0,70,1,1,0,120,0,0,1,13,0,3,0,105,0,1,133,1,0,0,0,0,0,0,0,0,1,0,0,13,365,102,244,133,365
WAUPACATOWN OF MUKWA WARDS 1-2,66,0,1,83,2,1,1,90,0,0,1,18,0,2,0,137,0,3,175,6,0,1,0,0,0,0,0,1,1,0,0,9,379,150,252,175,379
WAUPACATOWN OF MUKWA WARDS 3-5,142,0,2,144,0,3,1,221,0,0,1,36,0,1,1,209,0,2,364,5,0,1,0,0,0,0,0,2,1,0,0,32,683,288,473,364,683
WAUPACATOWN OF ROYALTON WARDS 1-2,60,0,0,98,3,1,1,186,0,0,0,20,2,1,0,147,0,1,197,6,0,0,0,1,0,0,0,0,0,0,0,26,546,158,361,197,546
WAUPACATOWN OF SAINT LAWRENCE WARDS 1-2,24,0,0,55,0,0,1,67,0,0,0,8,0,4,0,70,0,3,110,4,0,0,0,0,0,0,0,2,0,0,0,9,262,79,150,110,262
WAUPACATOWN OF SCANDINAVIA WARDS 1-2,71,0,0,114,0,3,0,126,0,0,0,17,0,1,0,97,0,5,254,5,0,1,0,0,0,0,0,1,0,0,0,18,345,185,244,254,345
WAUPACATOWN OF UNION WARDS 1-2,19,0,0,43,0,1,0,77,0,0,0,16,0,0,0,82,0,2,105,0,0,0,0,0,0,0,0,0,0,0,0,10,263,62,176,105,263
WAUPACATOWN OF WAUPACA WARDS 1-2,45,0,0,118,1,1,1,149,0,0,0,32,0,1,0,115,0,4,205,5,0,1,0,0,0,0,0,1,0,0,0,14,418,163,300,205,418
WAUPACATOWN OF WEYAUWEGA WARD 1,26,0,0,31,2,0,0,59,0,0,0,12,2,0,0,65,0,6,75,0,0,3,0,0,0,0,0,3,0,0,0,11,221,57,140,75,221
WAUPACATOWN OF WYOMING WARD 1,20,0,0,17,0,1,0,29,0,0,0,3,0,0,0,35,0,3,44,1,0,0,0,0,0,0,0,0,0,0,0,1,107,37,68,44,107
WAUPACAVILLAGE OF BIG FALLS WARD 1,7,0,0,4,0,0,0,6,0,0,0,3,0,0,0,12,0,0,10,0,0,0,0,0,0,0,0,0,0,0,0,2,28,11,21,10,28
WAUPACAVILLAGE OF EMBARRASS WARD 1,22,0,0,14,0,1,0,48,0,0,0,1,0,0,0,37,0,1,41,1,0,0,0,0,0,0,0,0,0,0,0,7,110,36,87,41,110
WAUPACAVILLAGE OF FREMONT WARD 1,37,0,0,50,1,3,0,112,1,0,0,15,1,0,0,85,0,3,105,3,0,0,0,0,0,0,0,1,0,0,0,21,297,87,218,105,297
WAUPACAVILLAGE OF IOLA WARDS 1-2,73,0,1,94,0,0,0,117,0,0,0,14,0,4,0,106,0,1,249,6,0,0,0,0,0,0,0,0,0,0,0,14,375,168,241,249,375
WAUPACAVILLAGE OF OGDENSBURG WARD 1,9,0,0,8,0,0,1,10,0,0,0,4,0,0,0,27,0,1,18,0,0,0,0,0,0,0,0,0,0,0,0,5,58,17,42,18,58
WAUPACAVILLAGE OF SCANDINAVIA WARD 1,24,0,0,30,0,0,0,32,0,0,0,0,0,0,0,27,0,2,65,3,0,0,0,0,0,0,0,0,0,0,0,6,92,54,59,65,92
WAUSHARACITY OF BERLIN WARD 7,2,0,0,2,0,3,0,14,0,0,0,2,0,1,0,14,0,1,15,0,0,0,0,0,0,0,0,0,0,0,0,2,35,4,34,15,35
WAUSHARACITY OF WAUTOMA WARDS 1-3,94,0,1,119,5,4,0,137,0,1,0,29,0,5,0,113,0,6,285,9,0,0,0,0,0,0,0,0,0,0,0,21,431,214,294,285,431
WAUSHARATOWN OF AURORA WARD 1,42,0,0,63,3,0,0,115,0,0,0,25,0,3,0,144,0,5,155,2,0,0,0,0,0,0,0,0,1,0,0,13,378,105,290,155,378
WAUSHARATOWN OF BLOOMFIELD WARD 1-2,29,0,0,53,0,2,0,148,0,0,1,14,1,4,0,94,0,4,113,6,0,0,0,0,0,0,0,2,0,0,0,17,420,82,264,113,420
WAUSHARATOWN OF COLOMA WARD 1,56,0,0,52,0,1,0,69,0,0,0,14,0,2,0,83,0,0,123,4,0,1,0,0,0,0,0,1,0,0,0,9,234,108,169,123,234
WAUSHARATOWN OF DAKOTA WARD 1-2,51,0,0,42,0,5,1,136,1,0,0,21,1,2,0,134,0,1,139,5,0,0,0,0,0,0,0,0,0,0,0,11,377,93,301,139,377
WAUSHARATOWN OF DEERFIELD WARD 1,50,0,0,53,1,3,1,91,0,0,0,23,0,4,0,80,0,2,144,0,0,0,0,0,0,0,0,2,1,0,0,20,240,103,203,144,240
WAUSHARATOWN OF HANCOCK WARD 1,34,0,0,25,0,3,1,61,0,0,0,10,0,0,1,70,0,6,89,0,0,0,0,0,0,0,0,2,0,0,0,5,198,59,146,89,198
WAUSHARATOWN OF LEON WARD 1-3,58,0,2,114,2,4,1,179,0,0,1,25,1,3,1,168,0,5,241,10,0,0,0,0,0,0,0,0,0,0,0,23,558,174,385,241,558
WAUSHARATOWN OF MARION WARDS 1-4,133,0,0,146,2,2,0,247,1,1,1,53,1,3,0,257,0,4,365,7,0,2,0,0,0,0,0,1,2,0,0,36,753,279,568,365,753
WAUSHARATOWN OF MOUNT MORRIS WARD 1-2,69,0,0,107,0,0,1,152,0,0,0,25,0,3,0,152,0,3,230,1,0,0,0,0,0,0,0,6,0,0,0,18,442,176,333,230,442
WAUSHARATOWN OF OASIS WARD 1,20,0,1,36,0,2,1,58,0,0,0,2,0,2,0,66,0,1,76,0,0,1,0,0,0,0,0,0,0,0,0,3,157,57,131,76,157
WAUSHARATOWN OF PLAINFIELD WARD 1,17,0,1,24,1,1,0,63,0,1,1,4,0,1,0,72,0,5,58,3,0,1,0,0,0,0,0,1,0,0,0,6,183,42,144,58,183
WAUSHARATOWN OF POY SIPPI WARD 1,46,0,1,46,0,1,0,115,1,0,2,23,1,1,0,91,0,7,131,1,0,0,0,0,0,0,0,0,0,0,0,12,332,93,235,131,332
WAUSHARATOWN OF RICHFORD WARD 1-2,19,0,0,28,0,0,0,62,0,0,0,8,0,1,1,59,0,1,50,0,0,0,0,0,0,0,0,0,0,0,0,10,172,47,131,50,172
WAUSHARATOWN OF ROSE WARD 1-2,53,0,1,64,0,2,1,65,0,0,0,12,0,3,1,73,0,0,147,2,0,0,0,0,0,0,0,2,0,0,0,9,204,118,157,147,204
WAUSHARATOWN OF SAXEVILLE WARD 1,56,0,0,77,0,0,0,118,0,0,1,23,0,4,0,139,0,3,179,8,0,1,0,0,0,0,0,5,0,0,0,17,392,133,285,179,392
WAUSHARATOWN OF SPRINGWATER WARD 1-2,99,0,0,106,3,1,1,186,0,0,0,25,1,0,0,138,0,5,279,7,0,0,0,0,0,0,0,4,1,0,0,22,466,205,355,279,466
WAUSHARATOWN OF WARREN WARD 1,36,0,0,46,0,1,0,57,0,0,0,8,0,1,0,48,0,2,115,5,0,0,0,0,0,0,0,0,0,0,0,7,203,82,115,115,203
WAUSHARATOWN OF WAUTOMA WARD 1-3,67,0,0,117,0,3,0,149,0,0,1,26,0,1,0,147,0,2,241,7,0,0,0,0,0,0,0,4,1,0,0,20,467,184,327,241,467
WAUSHARAVILLAGE OF COLOMA WARD 1,16,0,0,43,0,0,0,35,0,0,0,9,0,0,0,54,0,0,70,0,0,1,0,0,0,0,0,0,0,0,0,8,146,59,98,70,146
WAUSHARAVILLAGE OF HANCOCK WARD 1,16,0,0,26,1,0,1,33,0,0,0,3,0,0,1,37,0,0,65,3,0,0,0,0,0,0,0,2,0,0,0,9,114,42,76,65,114
WAUSHARAVILLAGE OF LOHRVILLE WARD 1,27,0,0,29,0,1,0,15,0,0,0,6,0,0,0,53,0,0,73,3,0,0,0,0,0,0,0,0,1,0,0,6,122,56,75,73,122
WAUSHARAVILLAGE OF PLAINFIELD WARD 1,49,0,1,61,2,3,1,65,0,0,0,4,0,1,0,69,0,1,149,1,0,0,0,0,0,0,0,0,0,0,0,4,215,111,145,149,215
WAUSHARAVILLAGE OF REDGRANITE WARD 1-3,49,0,1,57,0,0,0,55,0,0,0,2,0,1,0,77,0,4,128,8,0,0,0,0,0,0,0,0,1,0,0,8,247,107,135,128,247
WAUSHARAVILLAGE OF WILD ROSE WARD 1,53,0,1,64,0,2,0,60,0,0,0,11,0,2,1,48,0,0,132,4,0,0,0,0,0,0,0,0,1,0,0,10,183,118,124,132,183
WINNEBAGOCITY OF APPLETON WARD 31,12,0,0,24,0,1,0,9,0,0,0,5,0,0,0,7,0,0,41,1,0,0,0,0,0,0,0,0,0,0,0,5,43,36,22,41,43
WINNEBAGOCITY OF APPLETON WARD 32,40,0,0,64,2,0,0,53,0,0,1,23,0,3,0,25,0,1,166,17,0,0,0,0,0,0,0,1,0,0,0,15,156,104,107,166,156
"WINNEBAGOCITY OF MENASHA WARDS 10-13,21-22,36-37",343,0,1,464,2,6,0,340,2,0,2,71,2,9,0,311,0,14,971,24,0,2,0,0,0,0,0,10,3,0,0,111,944,808,745,971,944
"WINNEBAGOCITY OF MENASHA WARDS 1A-2,4,7",241,0,3,459,5,1,0,271,0,0,2,71,3,6,3,278,0,11,887,31,0,1,0,0,0,0,0,7,2,0,0,103,828,703,640,887,828
"WINNEBAGOCITY OF MENASHA WARDS 3,14-15,30",139,0,0,199,0,1,0,130,1,0,0,30,1,1,0,163,0,7,433,10,0,0,0,0,0,0,0,2,0,0,0,48,423,338,327,433,423
"WINNEBAGOCITY OF MENASHA WARDS 5A-6,8-9,23-29,31-35,38",288,0,0,494,6,5,0,287,0,0,2,73,7,8,0,278,0,10,909,37,0,3,0,0,0,0,0,8,3,0,0,73,887,782,666,909,887
WINNEBAGOCITY OF NEENAH WARDS 1-4,293,0,1,542,1,4,1,345,0,0,2,106,1,5,1,241,0,12,1050,35,0,2,0,0,0,0,0,2,0,0,0,117,960,836,707,1050,960
WINNEBAGOCITY OF NEENAH WARDS 13-16,311,0,1,373,5,2,2,361,0,0,1,145,0,12,0,278,0,6,1046,28,0,2,0,0,0,0,0,10,0,0,0,90,1093,685,806,1046,1093
WINNEBAGOCITY OF NEENAH WARDS 17-20,267,0,1,444,2,5,0,287,0,0,4,84,2,4,0,236,0,11,915,27,0,2,0,0,0,0,1,12,4,0,0,94,874,712,624,915,874
WINNEBAGOCITY OF NEENAH WARDS 21-25,345,0,0,491,1,2,0,527,0,0,2,144,3,9,0,366,0,10,1177,12,0,1,0,0,0,0,0,0,1,0,0,140,1387,836,1054,1177,1387
WINNEBAGOCITY OF NEENAH WARDS 5-8,208,0,1,396,1,2,1,275,0,0,3,41,3,0,0,213,0,4,791,26,0,1,0,0,0,0,0,9,0,0,0,89,800,605,539,791,800
WINNEBAGOCITY OF NEENAH WARDS 9-12,336,0,0,470,0,7,1,487,2,0,1,199,1,4,1,308,0,13,1124,36,0,2,0,1,0,0,0,17,1,0,0,126,1108,806,1011,1124,1108
WINNEBAGOCITY OF OMRO WARD 1-8,220,0,0,288,3,8,1,346,0,1,1,51,3,4,0,272,0,7,648,16,0,0,3,0,0,0,0,4,4,0,0,75,984,508,690,648,984
WINNEBAGOCITY OF OSHKOSH WARD 1,188,0,0,264,6,1,1,187,1,0,1,60,1,6,0,156,0,9,574,16,0,1,0,0,0,0,0,6,1,0,0,57,556,452,420,574,556
WINNEBAGOCITY OF OSHKOSH WARD 10,155,0,1,316,1,4,1,152,0,0,0,44,3,3,0,177,0,7,565,18,0,3,0,0,0,0,0,0,1,0,0,55,484,472,385,565,484
WINNEBAGOCITY OF OSHKOSH WARD 11,147,0,0,272,2,2,1,165,0,0,2,27,2,1,1,146,0,8,460,21,0,2,0,0,0,0,0,0,2,0,0,49,481,419,349,460,481
WINNEBAGOCITY OF OSHKOSH WARD 12,125,0,1,321,1,1,2,109,0,0,0,21,1,1,0,112,0,2,490,17,0,1,0,0,0,0,0,0,2,0,0,42,395,447,248,490,395
WINNEBAGOCITY OF OSHKOSH WARD 13,161,0,0,310,1,4,0,222,0,0,0,41,1,6,0,183,0,4,515,14,0,0,0,0,0,0,0,3,2,0,0,40,576,471,458,515,576
WINNEBAGOCITY OF OSHKOSH WARD 14,162,0,0,312,4,3,0,211,0,0,0,37,1,7,0,210,0,4,549,18,0,1,0,0,0,0,0,4,1,0,0,54,599,474,473,549,599
WINNEBAGOCITY OF OSHKOSH WARD 15,163,0,0,298,1,1,0,212,2,1,0,36,1,5,0,160,0,1,531,14,0,1,0,0,0,0,0,6,1,0,0,60,503,461,419,531,503
WINNEBAGOCITY OF OSHKOSH WARD 16,245,0,0,246,1,1,2,277,0,0,0,55,1,9,0,242,0,4,642,12,0,1,0,0,0,0,0,7,1,0,0,51,701,491,588,642,701
WINNEBAGOCITY OF OSHKOSH WARD 17,169,0,1,294,5,4,1,157,0,0,1,52,2,8,0,134,0,7,591,16,0,0,0,0,0,0,1,5,1,0,0,53,438,464,364,591,438
WINNEBAGOCITY OF OSHKOSH WARD 18,216,0,2,202,1,1,0,238,0,0,1,68,0,8,0,177,0,3,641,13,0,2,0,0,0,0,0,7,1,0,0,41,606,420,494,641,606
WINNEBAGOCITY OF OSHKOSH WARD 19,166,0,1,192,1,2,0,172,0,0,4,55,0,6,0,140,0,4,422,13,0,1,0,0,0,0,0,0,0,0,0,33,424,359,380,422,424
WINNEBAGOCITY OF OSHKOSH WARD 2,141,0,0,338,1,1,0,170,1,0,1,42,0,4,1,110,0,3,619,26,0,2,0,0,0,0,0,6,0,0,0,57,450,479,331,619,450
WINNEBAGOCITY OF OSHKOSH WARD 20,65,0,0,85,1,1,0,132,0,0,0,35,0,3,0,86,0,4,194,2,0,0,0,0,0,0,0,0,0,0,0,18,278,150,258,194,278
WINNEBAGOCITY OF OSHKOSH WARD 21,149,0,0,217,3,1,0,169,0,0,1,39,2,4,1,131,0,4,477,16,0,1,0,0,0,0,0,2,0,0,0,35,429,366,351,477,429
WINNEBAGOCITY OF OSHKOSH WARD 22A,247,0,0,288,3,3,0,347,0,0,0,84,1,5,0,241,0,4,619,14,0,0,0,0,0,0,0,9,0,0,0,51,739,535,684,619,739
WINNEBAGOCITY OF OSHKOSH WARD 22B,0,0,0,0,0,0,0,0,0,0,0,0,0,0,0,0,0,0,0,0,0,0,0,0,0,0,0,0,0,0,0,0,0,0,0,0,0
WINNEBAGOCITY OF OSHKOSH WARD 23A,197,0,0,208,0,4,0,198,1,0,1,72,0,3,0,125,0,3,512,11,0,0,0,0,0,0,0,8,1,0,0,32,446,405,404,512,446
WINNEBAGOCITY OF OSHKOSH WARD 23B,12,0,0,12,0,0,0,5,0,0,0,0,0,0,0,11,0,0,45,1,0,0,0,0,0,0,0,0,0,0,0,4,33,24,16,45,33
WINNEBAGOCITY OF OSHKOSH WARD 24,88,0,0,120,1,3,0,90,0,0,0,45,0,4,0,105,0,1,268,9,0,0,0,0,0,0,2,3,0,0,0,25,318,208,248,268,318
WINNEBAGOCITY OF OSHKOSH WARD 25A,20,0,1,47,0,0,0,40,0,0,0,4,0,3,0,32,0,3,113,4,0,0,0,0,0,0,0,0,0,0,0,14,114,68,79,113,114
WINNEBAGOCITY OF OSHKOSH WARD 25B,147,0,1,191,1,5,0,134,0,1,2,30,2,1,0,156,0,4,454,10,0,0,0,0,0,0,0,0,1,0,0,44,408,339,332,454,408
WINNEBAGOCITY OF OSHKOSH WARD 26,98,0,1,175,1,2,0,127,0,0,0,20,0,4,2,106,0,3,376,9,0,0,0,0,0,0,0,0,0,0,0,38,359,274,262,376,359
WINNEBAGOCITY OF OSHKOSH WARD 27,176,0,0,309,4,2,1,151,2,0,0,29,0,5,0,162,0,6,580,18,0,3,0,0,0,0,0,1,0,0,0,55,418,485,356,580,418
WINNEBAGOCITY OF OSHKOSH WARD 28A,149,0,1,263,3,3,1,172,0,0,1,42,0,0,1,147,0,9,492,14,0,0,0,0,0,0,0,3,0,0,0,46,472,413,370,492,472
WINNEBAGOCITY OF OSHKOSH WARD 28B,28,0,0,33,0,1,0,38,0,0,0,13,0,1,0,34,0,2,95,5,0,0,0,0,0,0,0,2,0,0,0,7,128,61,87,95,128
WINNEBAGOCITY OF OSHKOSH WARD 29A,68,0,0,68,1,1,0,98,0,0,0,26,0,1,0,97,0,0,219,1,0,0,0,0,0,0,0,3,1,0,0,19,275,136,224,219,275
WINNEBAGOCITY OF OSHKOSH WARD 29B,0,0,0,0,0,0,0,0,0,0,0,0,0,0,0,0,0,0,0,0,0,0,0,0,0,0,0,0,0,0,0,0,0,0,0,0,0
WINNEBAGOCITY OF OSHKOSH WARD 3,57,0,0,482,1,4,0,211,0,0,0,34,1,3,0,83,0,1,641,26,0,0,0,0,0,0,0,1,0,0,0,78,563,539,337,641,563
WINNEBAGOCITY OF OSHKOSH WARD 30,14,0,0,14,0,0,0,19,0,0,0,2,0,0,0,17,0,0,37,0,0,0,0,0,0,0,0,0,0,0,0,1,55,28,38,37,55
WINNEBAGOCITY OF OSHKOSH WARD 31,47,0,0,104,0,1,0,71,0,0,0,17,0,0,0,58,0,1,190,10,0,0,0,0,0,0,0,0,0,0,0,21,193,151,147,190,193
WINNEBAGOCITY OF OSHKOSH WARD 32,0,0,0,0,0,0,0,0,0,0,0,0,0,0,0,0,0,0,0,0,0,0,0,0,0,0,0,0,0,0,0,0,0,0,0,0,0
WINNEBAGOCITY OF OSHKOSH WARD 33,5,0,0,5,0,0,0,10,0,0,1,2,0,0,0,9,0,0,12,0,0,0,0,0,0,0,0,0,0,0,0,0,23,10,22,12,23
WINNEBAGOCITY OF OSHKOSH WARD 34,0,0,0,2,0,0,0,0,0,0,0,1,0,0,0,2,0,0,2,0,0,0,0,0,0,0,0,0,0,0,0,0,0,2,3,2,0
WINNEBAGOCITY OF OSHKOSH WARD 35,0,0,0,0,0,0,0,2,0,0,0,1,0,0,0,0,0,0,4,0,0,0,0,0,0,0,0,0,0,0,0,0,1,0,3,4,1
WINNEBAGOCITY OF OSHKOSH WARD 36,0,0,0,0,0,0,0,0,0,0,0,0,0,0,0,0,0,0,1,0,0,0,0,0,0,0,0,0,0,0,0,0,1,0,0,1,1
WINNEBAGOCITY OF OSHKOSH WARD 37,0,0,0,0,0,0,0,0,0,0,0,0,0,0,0,0,0,0,0,0,0,0,0,0,0,0,0,0,0,0,0,0,0,0,0,0,0
WINNEBAGOCITY OF OSHKOSH WARD 4,42,0,0,432,1,1,0,118,0,0,0,37,2,5,0,53,0,4,533,22,0,0,0,0,0,0,0,3,1,0,0,80,436,474,217,533,436
WINNEBAGOCITY OF OSHKOSH WARD 5,83,0,1,303,2,0,0,112,0,0,1,14,1,2,0,78,0,2,482,21,0,2,0,0,0,0,0,0,2,0,0,53,357,387,210,482,357
WINNEBAGOCITY OF OSHKOSH WARD 6,102,0,1,414,1,2,0,97,0,0,2,25,1,6,0,102,0,3,579,35,0,2,0,0,0,0,0,0,1,0,0,67,337,517,236,579,337
WINNEBAGOCITY OF OSHKOSH WARD 7,199,0,0,339,2,5,0,189,0,0,1,42,1,4,0,164,0,4,676,23,0,2,0,0,0,0,0,0,0,0,0,48,492,538,408,676,492
WINNEBAGOCITY OF OSHKOSH WARD 8,171,0,0,306,2,3,0,147,0,0,1,30,1,3,0,140,0,3,563,25,0,0,0,0,0,0,0,2,1,0,0,36,440,477,327,563,440
WINNEBAGOCITY OF OSHKOSH WARD 9,76,0,0,269,1,1,0,85,0,0,0,29,3,4,0,81,0,6,474,16,0,4,0,0,0,0,1,0,0,0,0,59,344,345,204,474,344
"WINNEBAGOTOWN OF ALGOMA WARDS 1-2,7-10",301,0,1,328,10,7,1,514,0,0,0,120,1,8,1,414,0,13,771,16,0,1,0,0,0,0,1,7,0,0,0,80,1199,630,1076,771,1199
WINNEBAGOTOWN OF ALGOMA WARDS 3-6,304,0,2,334,3,5,1,600,0,0,2,182,2,7,2,345,0,11,841,11,0,0,0,0,0,0,0,12,0,0,0,89,1210,640,1149,841,1210
WINNEBAGOTOWN OF BLACK WOLF WARDS 1-3,203,0,0,222,2,3,0,381,1,0,0,78,1,8,0,345,0,11,547,8,0,0,0,0,0,0,0,8,0,0,0,46,973,425,819,547,973
WINNEBAGOTOWN OF CLAYTON WARD 1-7,203,0,3,310,1,10,1,624,1,1,1,118,5,9,0,449,0,16,739,26,0,0,0,0,0,0,0,15,0,0,0,104,1582,516,1220,739,1582
WINNEBAGOTOWN OF MENASHA WARDS 11-13,222,0,1,370,1,6,0,263,1,0,1,56,2,4,0,223,0,8,842,22,0,4,0,0,0,0,0,5,3,0,0,77,756,593,557,842,756
WINNEBAGOTOWN OF MENASHA WARDS 8-10,273,0,1,369,3,2,2,375,0,0,1,77,3,1,0,277,0,11,822,16,0,1,0,0,0,0,0,6,0,0,0,82,920,643,741,822,920
WINNEBAGOTOWN OF NEENAH WARDS 1-4,284,0,1,366,1,2,0,487,0,0,0,129,1,6,0,360,0,10,840,18,0,1,0,0,0,0,0,20,0,0,0,97,1197,651,986,840,1197
WINNEBAGOTOWN OF NEKIMI WARDS 1-2,67,0,0,113,2,1,0,231,0,0,0,40,1,2,1,216,0,2,240,5,0,0,0,0,0,0,0,1,1,0,0,25,591,180,494,240,591
WINNEBAGOTOWN OF NEPEUSKUN WARD 1,38,0,0,65,1,0,0,86,0,0,1,24,0,2,0,107,0,3,122,5,0,0,0,0,0,0,0,2,0,0,0,7,299,103,221,122,299
WINNEBAGOTOWN OF OMRO WARDS 1-3,155,0,0,189,0,3,2,289,2,0,1,54,1,4,0,268,0,4,435,10,0,0,0,0,0,0,0,7,0,0,0,36,848,344,624,435,848
WINNEBAGOTOWN OF OSHKOSH WARD 1B,6,0,0,9,0,0,0,13,0,0,0,3,0,0,0,5,0,0,11,0,0,0,0,0,0,0,0,2,0,0,0,2,25,15,21,11,25
"WINNEBAGOTOWN OF OSHKOSH WARDS 1A,2-5",192,0,1,207,1,2,1,340,0,0,1,109,1,6,0,356,0,10,539,11,0,1,0,0,0,0,0,4,1,0,0,47,953,400,817,539,953
WINNEBAGOTOWN OF POYGAN WARD 1-2,71,0,2,120,1,1,0,175,0,0,0,27,0,3,0,182,0,4,215,6,0,0,0,0,0,0,0,2,1,0,0,25,492,193,389,215,492
WINNEBAGOTOWN OF RUSHFORD WARD 1-2,102,0,1,132,2,3,0,179,0,2,0,25,0,4,0,181,0,2,265,6,0,0,0,0,0,0,0,2,1,0,0,25,597,235,396,265,597
WINNEBAGOTOWN OF UTICA WARD 1-2,79,0,0,114,0,2,0,194,0,0,0,38,1,2,0,181,0,4,249,6,0,3,0,0,0,0,0,6,0,0,0,29,509,193,418,249,509
WINNEBAGOTOWN OF VINLAND WARD 1B,1,0,0,0,0,0,0,1,0,0,0,0,0,0,0,0,0,0,0,0,0,0,0,0,0,0,0,0,0,0,0,0,1,1,1,0,1
WINNEBAGOTOWN OF VINLAND WARDS 1A-2,174,0,0,173,1,4,0,246,0,0,0,57,1,9,0,259,0,3,428,8,0,2,0,0,0,0,0,6,0,0,0,35,716,347,577,428,716
WINNEBAGOTOWN OF WINCHESTER WARDS 1-2,104,0,1,167,4,8,0,280,0,0,0,32,0,5,0,232,0,1,329,12,0,1,0,0,0,0,0,3,1,0,0,43,698,272,561,329,698
WINNEBAGOTOWN OF WINNECONNE WARD 5,0,0,0,2,0,0,0,0,0,0,0,0,0,0,0,2,0,0,3,0,0,0,0,0,0,0,0,0,0,0,0,0,4,2,2,3,4
WINNEBAGOTOWN OF WINNECONNE WARDS 1-4,189,0,0,208,2,2,1,374,0,0,1,76,1,6,1,322,0,6,494,9,0,0,0,0,0,0,0,1,0,0,0,55,938,397,786,494,938
WINNEBAGOTOWN OF WOLF RIVER WARDS 1-2A,44,0,0,65,0,0,0,115,0,0,0,14,0,1,1,116,0,2,122,0,0,1,0,0,0,0,0,0,0,0,0,15,347,109,247,122,347
"WINNEBAGOTOWN OF WOLF RIVER WARDS 2B,2C",21,0,1,26,0,2,0,63,0,0,0,5,0,0,0,51,0,0,67,1,0,0,0,0,0,0,0,0,0,0,0,6,169,48,121,67,169
WINNEBAGOVILLAGE OF WINNECONNE WARDS 1-4,157,0,0,210,3,3,1,281,0,0,2,78,1,8,1,340,0,7,437,14,0,0,0,0,0,0,0,3,1,0,0,61,839,367,718,437,839
WOODCITY OF MARSHFIELD WARD 10,93,0,2,118,0,0,1,126,1,1,0,21,0,3,0,124,0,1,321,12,0,0,0,0,0,0,0,2,1,0,0,23,393,213,277,321,393
WOODCITY OF MARSHFIELD WARD 2,78,0,1,140,1,3,0,101,0,0,1,38,0,5,0,85,0,5,314,9,0,0,0,0,0,0,2,6,0,0,0,19,318,219,234,314,318
"WOODCITY OF MARSHFIELD WARDS 1,11",71,0,1,118,2,1,0,108,1,1,0,27,0,0,1,78,0,2,272,11,0,1,0,0,0,0,0,4,1,0,0,31,302,190,219,272,302
"WOODCITY OF MARSHFIELD WARDS 3,13",172,0,0,198,1,6,0,242,1,0,0,81,0,4,0,162,0,1,503,8,0,0,0,0,0,0,2,6,2,0,0,46,587,370,497,503,587
"WOODCITY OF MARSHFIELD WARDS 4,14",142,0,1,187,1,2,0,208,1,0,1,63,1,3,0,150,0,3,446,9,0,0,0,0,0,0,1,3,0,0,0,49,521,330,430,446,521
"WOODCITY OF MARSHFIELD WARDS 5,15",110,0,1,194,1,2,0,153,1,0,0,33,3,6,0,127,0,7,351,21,0,1,0,1,0,0,0,0,2,0,0,34,470,305,326,351,470
"WOODCITY OF MARSHFIELD WARDS 6,17,25-26",99,0,0,152,0,2,0,156,0,0,1,27,1,3,0,139,0,4,448,12,0,0,0,0,0,0,0,0,0,0,0,42,585,251,329,448,585
"WOODCITY OF MARSHFIELD WARDS 7,16,27",152,0,0,212,1,2,3,200,0,0,2,53,2,5,0,163,0,4,349,8,0,0,0,0,0,0,0,4,1,0,0,24,465,364,431,349,465
"WOODCITY OF MARSHFIELD WARDS 8,19,22-23",223,0,0,359,1,8,1,321,0,0,3,61,3,5,1,284,0,4,416,16,0,1,0,0,0,0,0,1,0,0,0,42,559,582,688,416,559
WOODCITY OF NEKOOSA WARDS 1-4,119,0,1,182,1,6,0,212,0,1,1,30,0,7,1,208,0,4,382,13,0,0,0,0,0,0,0,0,0,0,0,39,638,302,467,382,638
WOODCITY OF PITTSVILLE WARD 1,37,0,0,72,1,2,0,109,1,0,0,13,0,1,0,92,0,4,126,4,0,0,0,0,0,0,0,0,0,0,0,22,270,109,219,126,270
WOODCITY OF WISCONSIN RAPIDS WARDS 1-5,289,0,3,543,7,12,1,331,2,0,5,36,0,9,0,362,0,7,924,40,0,1,0,0,0,0,0,2,5,0,0,75,1075,835,765,924,1075
"WOODCITY OF WISCONSIN RAPIDS WARDS 16-23,25",383,0,3,388,0,14,0,475,0,0,1,131,3,13,1,488,0,11,1035,26,0,0,0,0,0,0,0,0,0,0,0,82,1417,774,1126,1035,1417
"WOODCITY OF WISCONSIN RAPIDS WARDS 6-15,24,26-29",379,0,2,757,4,17,1,588,0,0,4,146,3,17,1,568,0,14,1441,47,0,3,1,0,0,0,0,8,2,0,0,146,1795,1138,1349,1441,1795
WOODTOWN OF ARPIN WARDS 1-3,50,0,0,69,3,1,1,78,0,0,0,14,0,1,0,125,0,2,129,3,0,0,0,0,0,0,0,1,0,0,0,20,295,119,223,129,295
WOODTOWN OF AUBURNDALE WARD 1,36,0,0,51,1,1,0,99,0,0,1,14,0,1,0,102,0,3,94,3,0,0,0,0,0,0,0,0,1,0,0,17,314,87,219,94,314
WOODTOWN OF CAMERON WARD 1,26,0,0,45,0,0,0,60,0,0,0,11,0,1,0,65,0,0,79,0,0,0,0,0,0,0,0,1,0,0,0,10,202,71,137,79,202
WOODTOWN OF CARY WARD 1,14,0,0,45,0,0,0,55,0,0,1,6,1,1,0,53,0,1,70,1,0,0,0,0,0,0,0,1,0,0,0,5,163,59,117,70,163
WOODTOWN OF CRANMOOR WARD 1,7,0,0,15,0,0,0,27,0,0,1,9,0,0,0,16,0,1,29,1,0,0,0,0,0,0,0,0,0,0,0,5,58,22,53,29,58
WOODTOWN OF DEXTER WARD 1,35,0,0,37,3,1,0,36,0,0,0,5,0,0,0,44,0,1,73,1,0,0,0,0,0,0,0,0,0,0,0,2,121,72,89,73,121
WOODTOWN OF GRAND RAPIDS WARD 1-11,521,0,3,777,4,13,0,899,2,0,3,238,2,14,2,844,0,27,1713,22,0,0,0,0,0,0,0,14,2,0,0,137,2616,1301,2021,1713,2616
WOODTOWN OF HANSEN WARD 1,32,0,0,55,1,2,0,99,0,0,0,10,0,0,0,98,0,5,104,4,0,0,0,0,0,0,0,0,0,0,0,14,278,87,210,104,278
WOODTOWN OF HILES WARD 1,2,0,0,7,0,0,0,32,0,0,0,2,0,0,0,14,0,0,20,0,0,0,0,0,0,0,0,1,0,0,0,4,74,9,48,20,74
WOODTOWN OF LINCOLN WARDS 1-2,102,0,1,131,2,2,0,219,0,0,0,43,0,1,0,202,0,1,318,4,0,1,0,0,0,0,0,4,1,0,0,29,590,234,469,318,590
WOODTOWN OF MARSHFIELD WARD 1,36,0,0,62,1,1,0,86,0,0,0,22,0,2,0,109,0,1,136,4,0,1,0,0,0,0,0,0,0,0,0,11,290,98,221,136,290
WOODTOWN OF MILLADORE WARD 1,41,0,0,63,0,3,0,68,0,0,0,8,0,2,0,64,0,2,128,3,0,1,0,0,0,0,0,0,0,0,0,14,203,104,145,128,203
WOODTOWN OF PORT EDWARDS WARDS 1-4,82,0,0,131,0,1,0,131,0,0,1,22,0,0,0,139,0,8,255,5,0,1,0,0,0,0,0,0,0,0,0,19,404,213,294,255,404
WOODTOWN OF REMINGTON WARD 1,9,0,1,19,0,0,0,28,0,0,0,7,0,0,0,31,0,1,42,2,0,0,0,0,0,0,0,1,0,0,0,6,93,29,66,42,93
WOODTOWN OF RICHFIELD WARDS 1-3,73,0,1,104,0,6,0,189,0,1,0,28,1,3,0,157,0,6,247,6,0,0,0,0,0,0,0,2,1,0,0,35,530,178,385,247,530
WOODTOWN OF ROCK WARD 1,43,0,1,75,1,1,0,83,0,0,1,20,0,0,0,133,0,1,129,5,0,0,0,0,0,0,0,0,1,0,0,12,337,119,239,129,337
WOODTOWN OF RUDOLPH WARDS 1-2,72,0,0,98,1,1,0,123,0,0,0,15,0,2,0,160,0,1,214,5,0,0,0,0,0,0,0,0,1,0,0,18,401,170,302,214,401
WOODTOWN OF SARATOGA WARDS 1-9,292,0,1,440,1,6,0,520,0,0,2,58,3,4,0,559,0,16,913,23,0,0,0,0,0,0,0,3,2,0,0,75,1738,733,1153,913,1738
WOODTOWN OF SENECA WARDS 1-3,67,0,0,111,0,0,0,135,0,0,0,24,0,4,0,105,0,2,255,4,0,0,0,0,0,0,0,3,0,0,0,20,363,178,268,255,363
WOODTOWN OF SHERRY WARD 1,45,0,0,70,0,3,0,74,0,0,0,9,0,2,0,132,0,1,134,1,0,0,0,0,0,0,0,1,1,0,0,18,271,115,220,134,271
WOODTOWN OF SIGEL WARDS 1-3,77,0,0,110,2,0,0,101,0,0,0,16,0,1,0,121,0,3,213,8,0,0,0,0,0,0,0,1,1,0,0,22,340,187,241,213,340
WOODTOWN OF WOOD WARD 1,42,0,0,79,0,0,0,113,0,0,0,23,0,2,0,94,0,2,140,2,0,0,0,0,0,0,0,1,0,0,0,25,306,121,232,140,306
WOODVILLAGE OF ARPIN WARD 1,12,0,0,31,1,0,0,32,1,0,0,0,0,0,0,42,0,0,41,1,0,0,0,0,0,0,0,0,0,0,0,12,80,43,76,41,80
WOODVILLAGE OF AUBURNDALE WARD 1,37,0,1,55,1,0,3,97,0,0,1,10,0,3,0,53,0,0,102,2,0,1,0,0,0,0,1,0,0,0,0,10,209,93,168,102,209
WOODVILLAGE OF BIRON WARD 1,58,0,0,91,0,0,1,75,0,0,0,19,0,2,0,89,0,4,177,6,0,0,0,0,0,0,0,0,0,0,1,25,232,149,186,177,232
WOODVILLAGE OF HEWITT WARD 1,56,0,0,86,0,2,0,114,0,0,2,22,0,2,0,87,0,1,181,3,0,0,0,0,0,0,0,1,1,0,0,16,275,142,229,181,275
WOODVILLAGE OF MILLADORE WARD 1,14,0,0,22,0,0,0,31,0,0,0,0,0,1,0,27,0,2,47,3,0,0,0,0,0,0,0,0,0,0,0,5,79,36,59,47,79
WOODVILLAGE OF PORT EDWARDS WARDS 1-3,136,0,0,167,2,6,0,175,0,0,0,51,0,2,0,166,0,7,389,9,0,1,0,0,0,0,0,4,0,0,0,40,515,303,402,389,515
WOODVILLAGE OF RUDOLPH WARD 1,35,0,0,44,0,0,0,57,0,0,0,8,0,0,0,31,0,2,101,2,0,1,0,0,0,0,0,0,0,0,0,5,140,79,96,101,140
WOODVILLAGE OF VESPER WARD 1,29,0,0,46,0,0,0,69,0,1,0,7,0,1,0,55,0,2,89,2,0,0,0,0,0,0,0,0,0,0,0,15,188,75,133,89,188
