state,county,rep_general_total,dem_general_total,rep_primary_total,dem_primary_total,rep_primary_share,rep_general_share,primary_total_votes,general_total_votes
AZ,Apache,8551.0,15390.0,2361.0,6481.0,0.2670210359647139,0.35716970886763294,8842.0,23941.0
AZ,Cochise,29026.0,18943.0,10699.0,9393.0,0.5325004977105315,0.6050991265192103,20092.0,47969.0
AZ,Coconino,22186.0,31433.0,8281.0,12050.0,0.40730903546308594,0.4137712378074936,20331.0,53619.0
AZ,Gila,14095.0,7884.0,6046.0,5852.0,0.5081526306942343,0.6412939624186723,11898.0,21979.0
AZ,Graham,8376.0,3487.0,2801.0,2244.0,0.555203171456888,0.7060608615021495,5045.0,11863.0
AZ,Greenlee,1712.0,1165.0,368.0,1142.0,0.24370860927152319,0.5950643030935002,1510.0,2877.0
AZ,La Paz,3509.0,1929.0,1332.0,1041.0,0.561314791403287,0.6452739977933064,2373.0,5438.0
AZ,Maricopa,746448.0,602166.0,350246.0,253985.0,0.579655793893395,0.553492696946643,604231.0,1348614.0
AZ,Mohave,44333.0,22092.0,17511.0,10679.0,0.6211777225966655,0.6674143771170493,28190.0,66425.0
AZ,Navajo,19761.0,15579.0,7579.0,7472.0,0.5035545810909574,0.5591680814940577,15051.0,35340.0
AZ,Pima,182406.0,206254.0,77466.0,97963.0,0.4415803544453882,0.46932022847733235,175429.0,388660.0
AZ,Pinal,59421.0,44254.0,20511.0,19736.0,0.5096280468109424,0.5731468531468531,40247.0,103675.0
AZ,Santa Cruz,4518.0,8683.0,1496.0,3519.0,0.2983050847457627,0.3422467994848875,5015.0,13201.0
AZ,Yavapai,61192.0,36889.0,24917.0,15075.0,0.6230496099219844,0.623892497017771,39992.0,98081.0
AZ,Yuma,24577.0,18559.0,9421.0,9003.0,0.5113438992618324,0.5697561201780416,18424.0,43136.0
DE,Kent,29827.0,36392.0,8484.0,13013.0,0.3946597199609248,0.4504296349990184,21497.0,66219.0
DE,New Castle,74608.0,178768.0,27410.0,66917.0,0.2905848802569784,0.29445567062389494,94327.0,253376.0
DE,Sussex,200313.0,295758.0,64580.0,112752.0,0.3641756704937631,0.4037990529581451,177332.0,496071.0
GA,Appling,5085.0,1846.0,1923.0,1298.0,0.5970195591431232,0.733660366469485,3221.0,6931.0
GA,Atkinson,1941.0,938.0,616.0,505.0,0.5495093666369313,0.6741924279263634,1121.0,2879.0
GA,Bacon,3089.0,817.0,1005.0,595.0,0.628125,0.7908346134152586,1600.0,3906.0
GA,Baker,828.0,846.0,309.0,571.0,0.35113636363636364,0.4946236559139785,880.0,1674.0
GA,Baldwin,7823.0,8587.0,3445.0,5180.0,0.39942028985507244,0.4767215112736137,8625.0,16410.0
GA,Banks,5120.0,1027.0,2415.0,1011.0,0.7049036777583187,0.8329266308768505,3426.0,6147.0
GA,Barrow,17625.0,6657.0,7554.0,3779.0,0.6665490161475337,0.7258463059056091,11333.0,24282.0
GA,Bartow,25976.0,9662.0,11374.0,6698.0,0.6293714032757858,0.7288848981424322,18072.0,35638.0
GA,Ben hill,3417.0,2590.0,1145.0,1500.0,0.43289224952741023,0.56883635758282,2645.0,6007.0
GA,Berrien,4901.0,1471.0,1671.0,1154.0,0.5915044247787611,0.7691462649089768,2825.0,6372.0
GA,Bibb,27037.0,38987.0,13032.0,22253.0,0.3693354116480091,0.4095026051132921,35285.0,66024.0
GA,Bleckley,3657.0,1380.0,1565.0,848.0,0.6485702445089101,0.726027397260274,2413.0,5037.0
GA,Brantley,5080.0,1119.0,1826.0,776.0,0.7017678708685626,0.8194870140345217,2602.0,6199.0
GA,Brooks,3507.0,2669.0,1272.0,1299.0,0.49474912485414235,0.5678432642487047,2571.0,6176.0
GA,Bryan,9112.0,3636.0,3635.0,2144.0,0.6290015573628656,0.7147787888296203,5779.0,12748.0
GA,Bulloch,14174.0,9586.0,6076.0,4583.0,0.5700347124495732,0.5965488215488215,10659.0,23760.0
GA,Burke,4344.0,5233.0,1785.0,2745.0,0.39403973509933776,0.45358671817897045,4530.0,9577.0
GA,Butts,5947.0,3065.0,2584.0,2026.0,0.5605206073752711,0.6598979138925877,4610.0,9012.0
GA,Calhoun,862.0,1342.0,358.0,784.0,0.3134851138353765,0.3911070780399274,1142.0,2204.0
GA,Camden,10502.0,6482.0,4602.0,3126.0,0.5954968944099379,0.6183466792275082,7728.0,16984.0
GA,Candler,2286.0,1209.0,939.0,750.0,0.5559502664298401,0.6540772532188841,1689.0,3495.0
GA,Carroll,28661.0,14334.0,13049.0,8770.0,0.5980567395389339,0.6666123967903245,21819.0,42995.0
GA,Catoosa,18218.0,6025.0,7194.0,4258.0,0.6281872162067761,0.7514746524770036,11452.0,24243.0
GA,Charlton,2466.0,1197.0,901.0,663.0,0.5760869565217391,0.6732186732186732,1564.0,3663.0
GA,Chatham,46829.0,62755.0,24250.0,35832.0,0.40361505941879433,0.42733428237698934,60082.0,109584.0
GA,Chattahoochee,811.0,830.0,226.0,406.0,0.3575949367088608,0.4942108470444851,632.0,1641.0
GA,Chattooga,5572.0,2596.0,1931.0,2121.0,0.4765547877591313,0.6821743388834476,4052.0,8168.0
GA,Cherokee,70279.0,22350.0,33042.0,12968.0,0.7181482286459465,0.7587148733118138,46010.0,92629.0
GA,Clarke,15333.0,29591.0,6981.0,15286.0,0.31351327075941976,0.3413097676075149,22267.0,44924.0
GA,Clay,558.0,879.0,239.0,451.0,0.3463768115942029,0.3883089770354906,690.0,1437.0
GA,Clayton,16506.0,82527.0,8161.0,44415.0,0.15522291539866098,0.16667171548877646,52576.0,99033.0
GA,Clinch,1678.0,989.0,505.0,449.0,0.5293501048218029,0.6291713535808025,954.0,2667.0
GA,Cobb,170957.0,141216.0,88956.0,80864.0,0.5238252267106348,0.5476354457304123,169820.0,312173.0
GA,Coffee,8872.0,4811.0,2880.0,2457.0,0.5396290050590219,0.6483958196301981,5337.0,13683.0
GA,Colquitt,9185.0,4139.0,4058.0,2651.0,0.6048591444328514,0.6893575502851996,6709.0,13324.0
GA,Columbia,39322.0,15703.0,19029.0,9205.0,0.6739746405043564,0.7146206269877329,28234.0,55025.0
GA,Cook,3782.0,2075.0,1330.0,1191.0,0.5275684252280841,0.6457230664162541,2521.0,5857.0
GA,Coweta,37571.0,15521.0,17918.0,9395.0,0.6560246036685827,0.7076584042793641,27313.0,53092.0
GA,Crawford,3358.0,1832.0,1285.0,1287.0,0.49961119751166405,0.6470134874759152,2572.0,5190.0
GA,Crisp,4424.0,3085.0,1698.0,1574.0,0.5189486552567237,0.5891596750565987,3272.0,7509.0
GA,Dade,4703.0,1612.0,1813.0,1202.0,0.6013266998341625,0.7447347585114806,3015.0,6315.0
GA,Dawson,8242.0,1632.0,3952.0,1247.0,0.7601461819580688,0.8347174397407332,5199.0,9874.0
GA,Decatur,5890.0,4424.0,2248.0,2408.0,0.48281786941580757,0.5710684506496024,4656.0,10314.0
GA,Dekalb,65581.0,254594.0,36581.0,148994.0,0.19712245722753605,0.2048286093542594,185575.0,320175.0
GA,Dodge,5543.0,2595.0,1879.0,1638.0,0.5342621552459482,0.6811255836814942,3517.0,8138.0
GA,Dooly,1991.0,2138.0,782.0,1193.0,0.3959493670886076,0.48219907968031,1975.0,4129.0
GA,Dougherty,12547.0,26135.0,6154.0,14944.0,0.291686415774007,0.32436275270151493,21098.0,38682.0
GA,Douglas,26812.0,27825.0,13490.0,15834.0,0.4600327376892648,0.49072972527774217,29324.0,54637.0
GA,Early,2711.0,2603.0,964.0,1130.0,0.4603629417382999,0.5101618366578848,2094.0,5314.0
GA,Echols,981.0,201.0,216.0,138.0,0.6101694915254238,0.8299492385786802,354.0,1182.0
GA,Effingham,15230.0,4936.0,8560.0,4004.0,0.6813116841770137,0.7552315779034018,12564.0,20166.0
GA,Elbert,4868.0,3366.0,1988.0,1985.0,0.5003775484520514,0.5912071897012388,3973.0,8234.0
GA,Emanuel,5110.0,3068.0,1962.0,1860.0,0.5133437990580848,0.6248471508926388,3822.0,8178.0
GA,Evans,2462.0,1374.0,1022.0,945.0,0.5195729537366548,0.6418143899895725,1967.0,3836.0
GA,Fannin,7807.0,2611.0,3902.0,1896.0,0.6729906864436013,0.7493760798617777,5798.0,10418.0
GA,Fayette,38501.0,20313.0,21057.0,13709.0,0.6056779612264857,0.6546230489339273,34766.0,58814.0
GA,Floyd,23132.0,10691.0,10015.0,7741.0,0.5640346924983104,0.6839133134257753,17756.0,33823.0
GA,Forsyth,59166.0,15406.0,29936.0,9512.0,0.7588724396674102,0.7934077133508556,39448.0,74572.0
GA,Franklin,6069.0,1914.0,2463.0,1563.0,0.6117734724292101,0.7602405110860578,4026.0,7983.0
GA,Fulton,130136.0,272000.0,65850.0,146746.0,0.3097424222468908,0.32361191238784887,212596.0,402136.0
GA,Gilmer,8408.0,2614.0,4298.0,2067.0,0.6752553024351925,0.7628379604427509,6365.0,11022.0
GA,Glascock,1202.0,210.0,400.0,197.0,0.6700167504187605,0.8512747875354107,597.0,1412.0
GA,Glynn,20479.0,12676.0,9764.0,5875.0,0.6243365944114074,0.6176745588900618,15639.0,33155.0
GA,Gordon,13113.0,4268.0,5392.0,3306.0,0.6199126235916302,0.7544445083712099,8698.0,17381.0
GA,Grady,5775.0,3539.0,2301.0,1975.0,0.5381197380729654,0.620034356882113,4276.0,9314.0
GA,Greene,4532.0,3339.0,2308.0,1822.0,0.5588377723970944,0.5757845254732562,4130.0,7871.0
GA,Gwinnett,158746.0,129025.0,81694.0,68998.0,0.5421256602872083,0.5516400193209183,150692.0,287771.0
GA,Habersham,11766.0,2900.0,5616.0,2354.0,0.7046424090338771,0.8022637392608755,7970.0,14666.0
GA,Hall,44962.0,14457.0,22168.0,8876.0,0.714083236696302,0.756693986771908,31044.0,59419.0
GA,Hancock,795.0,3535.0,286.0,1622.0,0.149895178197065,0.1836027713625866,1908.0,4330.0
GA,Haralson,8658.0,2248.0,3569.0,2086.0,0.6311229000884173,0.7938749312305153,5655.0,10906.0
GA,Harris,10648.0,4184.0,4691.0,2814.0,0.6250499666888741,0.7179072276159655,7505.0,14832.0
GA,Hart,6537.0,3365.0,2507.0,2351.0,0.5160559901193907,0.6601696626944051,4858.0,9902.0
GA,Heard,3133.0,1042.0,1313.0,987.0,0.5708695652173913,0.7504191616766467,2300.0,4175.0
GA,Henry,47157.0,40567.0,21536.0,23060.0,0.4829132657637456,0.5375609867311112,44596.0,87724.0
GA,Houston,33392.0,22094.0,14374.0,12105.0,0.5428452736130519,0.6018094654507443,26479.0,55486.0
GA,Irwin,2605.0,1197.0,947.0,834.0,0.5317237507018528,0.6851657022619674,1781.0,3802.0
GA,Jackson,17776.0,4950.0,8960.0,3661.0,0.7099278979478647,0.782187802516941,12621.0,22726.0
GA,Jasper,3916.0,1935.0,1666.0,1291.0,0.563408860331417,0.6692873013160143,2957.0,5851.0
GA,Jeff davis,3867.0,1356.0,1203.0,1001.0,0.5458257713248639,0.7403790924755888,2204.0,5223.0
GA,Jefferson,3061.0,4149.0,1255.0,2308.0,0.35223126578725794,0.4245492371705964,3563.0,7210.0
GA,Jenkins,1936.0,1482.0,731.0,897.0,0.449017199017199,0.5664131070801638,1628.0,3418.0
GA,Johnson,2426.0,1198.0,956.0,758.0,0.5577596266044341,0.6694260485651214,1714.0,3624.0
GA,Jones,7782.0,4572.0,3611.0,3323.0,0.5207672339198154,0.629917435648373,6934.0,12354.0
GA,Lamar,4873.0,2752.0,2272.0,1847.0,0.5515901917941248,0.6390819672131147,4119.0,7625.0
GA,Lanier,1787.0,1062.0,579.0,618.0,0.48370927318295737,0.6272376272376272,1197.0,2849.0
GA,Laurens,12052.0,7769.0,5119.0,4776.0,0.5173319858514401,0.6080419756823571,9895.0,19821.0
GA,Lee,9925.0,3100.0,4016.0,2163.0,0.6499433565301829,0.761996161228407,6179.0,13025.0
GA,Liberty,5828.0,10474.0,2159.0,4795.0,0.3104687949381651,0.35750214697583116,6954.0,16302.0
GA,Lincoln,2731.0,1650.0,1253.0,1051.0,0.5438368055555556,0.6233736589819676,2304.0,4381.0
GA,Long,2119.0,1288.0,663.0,628.0,0.5135553834237025,0.6219547989433519,1291.0,3407.0
GA,Lowndes,21269.0,17597.0,8689.0,7816.0,0.5264465313541351,0.5472392322338291,16505.0,38866.0
GA,Lumpkin,8326.0,2586.0,4093.0,2097.0,0.6612277867528271,0.7630131964809385,6190.0,10912.0
GA,Macon,1712.0,3251.0,664.0,1777.0,0.2720196640721016,0.3449526496070925,2441.0,4963.0
GA,Madison,8226.0,2965.0,3868.0,2110.0,0.647039143526263,0.7350549548744527,5978.0,11191.0
GA,Marion,1772.0,1381.0,594.0,931.0,0.3895081967213115,0.5620044402156676,1525.0,3153.0
GA,Mcduffie,5400.0,3989.0,2505.0,2200.0,0.5324123273113709,0.5751411225902652,4705.0,9389.0
GA,Mcintosh,3282.0,2905.0,1492.0,1865.0,0.4444444444444444,0.5304671084532083,3357.0,6187.0
GA,Meriwether,4982.0,4465.0,2202.0,2795.0,0.4406643986391835,0.527363184079602,4997.0,9447.0
GA,Miller,1899.0,818.0,580.0,510.0,0.5321100917431193,0.6989326463010673,1090.0,2717.0
GA,Mitchell,4201.0,3872.0,1621.0,2384.0,0.40474406991260925,0.5203765638548247,4005.0,8073.0
GA,Monroe,7933.0,4106.0,3740.0,2639.0,0.5862987929142499,0.6589417725724728,6379.0,12039.0
GA,Montgomery,2521.0,1045.0,930.0,724.0,0.562273276904474,0.7069545709478408,1654.0,3566.0
GA,Morgan,5987.0,3091.0,3064.0,1992.0,0.6060126582278481,0.659506499228905,5056.0,9078.0
GA,Murray,8180.0,3026.0,3198.0,2273.0,0.5845366477791994,0.7299660895948599,5471.0,11206.0
GA,Muscogee,29568.0,44158.0,12598.0,24063.0,0.34363492539756146,0.40105254591324635,36661.0,73726.0
GA,Newton,20337.0,20827.0,9732.0,11397.0,0.46059917648729237,0.49404819745408607,21129.0,41164.0
GA,Oconee,12120.0,4825.0,6519.0,3302.0,0.6637816922920273,0.7152552375331956,9821.0,16945.0
GA,Oglethorpe,4144.0,2232.0,1896.0,1390.0,0.5769933049300061,0.6499372647427855,3286.0,6376.0
GA,Paulding,39192.0,17229.0,17186.0,10334.0,0.6244912790697674,0.6946349763385973,27520.0,56421.0
GA,Peach,5173.0,5927.0,2319.0,2880.0,0.4460473167916907,0.46603603603603605,5199.0,11100.0
GA,Pickens,10004.0,2595.0,5073.0,2187.0,0.6987603305785124,0.7940312723232003,7260.0,12599.0
GA,Pierce,5500.0,1253.0,2278.0,773.0,0.74664044575549,0.8144528357766918,3051.0,6753.0
GA,Pike,6547.0,1575.0,3161.0,1322.0,0.7051081864822664,0.8060822457522777,4483.0,8122.0
GA,Polk,9850.0,4052.0,4086.0,3514.0,0.5376315789473685,0.7085311465976118,7600.0,13902.0
GA,Pulaski,2553.0,1377.0,975.0,815.0,0.5446927374301676,0.649618320610687,1790.0,3930.0
GA,Putnam,5966.0,3102.0,2753.0,2056.0,0.5724682886254938,0.6579179532421703,4809.0,9068.0
GA,Quitman,509.0,597.0,161.0,366.0,0.3055028462998102,0.4602169981916817,527.0,1106.0
GA,Rabun,5487.0,2001.0,2600.0,1683.0,0.6070511323838431,0.7327724358974359,4283.0,7488.0
GA,Randolph,1370.0,1833.0,426.0,1042.0,0.2901907356948229,0.42772400874180455,1468.0,3203.0
GA,Richmond,26842.0,52100.0,13072.0,26875.0,0.32723358449946177,0.34002178814826073,39947.0,78942.0
GA,Rockdale,16921.0,20526.0,8889.0,12267.0,0.42016449234259784,0.45186530296151894,21156.0,37447.0
GA,Schley,1252.0,479.0,446.0,348.0,0.5617128463476071,0.7232813402657423,794.0,1731.0
GA,Screven,3423.0,3024.0,1393.0,1728.0,0.44633130406920857,0.5309446254071661,3121.0,6447.0
GA,Seminole,2315.0,1660.0,884.0,961.0,0.47913279132791325,0.5823899371069182,1845.0,3975.0
GA,Spalding,14885.0,10141.0,6993.0,5829.0,0.5453907346747777,0.5947814273155918,12822.0,25026.0
GA,Stephens,7689.0,2705.0,3113.0,2039.0,0.6042313664596274,0.7397537040600346,5152.0,10394.0
GA,Stewart,783.0,1305.0,268.0,731.0,0.2682682682682683,0.375,999.0,2088.0
GA,Sumter,5717.0,6454.0,2326.0,3593.0,0.3929717857746241,0.4697231123161614,5919.0,12171.0
GA,Talbot,1301.0,2369.0,498.0,1223.0,0.28936664729808254,0.3544959128065395,1721.0,3670.0
GA,Taliaferro,339.0,643.0,128.0,372.0,0.256,0.34521384928716903,500.0,982.0
GA,Tattnall,4730.0,1932.0,1739.0,1268.0,0.578317259727303,0.709996997898529,3007.0,6662.0
GA,Taylor,2021.0,1536.0,799.0,922.0,0.4642649622312609,0.5681754287320776,1721.0,3557.0
GA,Telfair,2486.0,1862.0,768.0,1084.0,0.4146868250539957,0.5717571297148114,1852.0,4348.0
GA,Terrell,1890.0,2501.0,763.0,1301.0,0.3696705426356589,0.4304258710999772,2064.0,4391.0
GA,Thomas,10642.0,7720.0,4711.0,3861.0,0.5495800279981334,0.5795664960243982,8572.0,18362.0
GA,Tift,9431.0,4749.0,3794.0,2583.0,0.5949506037321625,0.6650916784203103,6377.0,14180.0
GA,Toombs,6658.0,2964.0,2682.0,1714.0,0.6101000909918107,0.6919559343171898,4396.0,9622.0
GA,Towns,4292.0,1391.0,2046.0,1119.0,0.6464454976303318,0.7552349111384832,3165.0,5683.0
GA,Treutlen,1826.0,1112.0,587.0,703.0,0.45503875968992247,0.6215112321307011,1290.0,2938.0
GA,Troup,15391.0,10455.0,6971.0,5773.0,0.5470025109855619,0.5954886636229978,12744.0,25846.0
GA,Turner,2096.0,1427.0,708.0,805.0,0.4679444811632518,0.5949474879364178,1513.0,3523.0
GA,Twiggs,2087.0,2402.0,902.0,1638.0,0.3551181102362205,0.4649142347961684,2540.0,4489.0
GA,Union,8013.0,2486.0,4222.0,2483.0,0.6296793437733035,0.763215544337556,6705.0,10499.0
GA,Upson,7291.0,4061.0,3000.0,2657.0,0.530316422131872,0.6422656800563777,5657.0,11352.0
GA,Walker,17110.0,6095.0,6605.0,4695.0,0.5845132743362832,0.7373410902822668,11300.0,23205.0
GA,Walton,27253.0,8469.0,13146.0,5228.0,0.7154675084358333,0.7629192094507586,18374.0,35722.0
GA,Ware,8311.0,4034.0,3802.0,2276.0,0.625534715366897,0.6732280275415148,6078.0,12345.0
GA,Warren,1087.0,1554.0,528.0,846.0,0.38427947598253276,0.4115865202574782,1374.0,2641.0
GA,Washington,4216.0,4607.0,1633.0,2648.0,0.38145293155804716,0.47784200385356457,4281.0,8823.0
GA,Wayne,7601.0,2858.0,3169.0,1981.0,0.6153398058252427,0.7267425184052012,5150.0,10459.0
GA,Webster,588.0,515.0,241.0,348.0,0.4091680814940577,0.5330915684496826,589.0,1103.0
GA,Wheeler,1408.0,794.0,365.0,464.0,0.44028950542822676,0.6394187102633969,829.0,2202.0
GA,White,8467.0,2174.0,4215.0,1792.0,0.7016813717329782,0.7956958932431163,6007.0,10641.0
GA,Whitfield,19230.0,8167.0,8781.0,5265.0,0.6251601879538659,0.7019016680658466,14046.0,27397.0
GA,Wilcox,2159.0,978.0,727.0,591.0,0.5515933232169955,0.6882371692700032,1318.0,3137.0
GA,Wilkes,2705.0,2315.0,1068.0,1324.0,0.44648829431438125,0.5388446215139442,2392.0,5020.0
GA,Wilkinson,2349.0,2298.0,1016.0,1558.0,0.3947163947163947,0.5054874112330536,2574.0,4647.0
GA,Worth,5780.0,2542.0,2335.0,1718.0,0.5761164569454725,0.6945445806296563,4053.0,8322.0
ID,Ada,93328.0,82236.0,24534.0,11055.0,0.6893703110511675,0.53158961973981,35589.0,175564.0
ID,Adams,1517.0,728.0,1028.0,163.0,0.8631402183039463,0.6757238307349666,1191.0,2245.0
ID,Bannock,19356.0,14792.0,2607.0,3642.0,0.4171867498799808,0.5668267541290851,6249.0,34148.0
ID,Bear Lake,2377.0,502.0,1292.0,164.0,0.8873626373626373,0.8256339006599513,1456.0,2879.0
ID,Benewah,2646.0,1407.0,571.0,510.0,0.5282146160962072,0.6528497409326425,1081.0,4053.0
ID,Bingham,12230.0,4424.0,4950.0,798.0,0.8611691022964509,0.7343581121652456,5748.0,16654.0
ID,Blaine,3439.0,6947.0,759.0,1519.0,0.33318700614574187,0.33111881378779123,2278.0,10386.0
ID,Boise,2433.0,1240.0,1453.0,232.0,0.8623145400593472,0.662401306833651,1685.0,3673.0
ID,Bonner,11145.0,7840.0,4377.0,1458.0,0.7501285347043701,0.5870424018962339,5835.0,18985.0
ID,Bonneville,29334.0,11417.0,5673.0,1304.0,0.8131001863265014,0.7198350960712621,6977.0,40751.0
ID,Boundary,3078.0,1484.0,1455.0,453.0,0.7625786163522013,0.6747040771591407,1908.0,4562.0
ID,Butte,1056.0,318.0,764.0,100.0,0.8842592592592593,0.7685589519650655,864.0,1374.0
ID,Camas,422.0,187.0,289.0,42.0,0.8731117824773413,0.6929392446633826,331.0,609.0
ID,Canyon,42752.0,20147.0,10937.0,2644.0,0.8053162506442825,0.679692840903671,13581.0,62899.0
ID,Caribou,2656.0,553.0,1853.0,125.0,0.9368048533872598,0.8276721720162045,1978.0,3209.0
ID,Cassia,6309.0,1332.0,2685.0,187.0,0.9348885793871866,0.8256772673733804,2872.0,7641.0
ID,Clark,305.0,64.0,226.0,15.0,0.9377593360995851,0.8265582655826558,241.0,369.0
ID,Clearwater,2569.0,1211.0,508.0,428.0,0.5427350427350427,0.6796296296296296,936.0,3780.0
ID,Custer,1694.0,611.0,873.0,209.0,0.8068391866913124,0.7349240780911063,1082.0,2305.0
ID,Elmore,5665.0,2591.0,1582.0,540.0,0.7455230914231856,0.6861676356589147,2122.0,8256.0
ID,Franklin,4246.0,600.0,1893.0,90.0,0.9546142208774584,0.8761865456046224,1983.0,4846.0
ID,Fremont,4700.0,1065.0,2714.0,185.0,0.936184891341842,0.8152645273200347,2899.0,5765.0
ID,Gem,5585.0,2166.0,2559.0,404.0,0.8636517043536955,0.7205521868146045,2963.0,7751.0
ID,Gooding,3765.0,1489.0,1649.0,347.0,0.8261523046092184,0.7165968785687096,1996.0,5254.0
ID,Idaho,5895.0,2017.0,2645.0,726.0,0.784633639869475,0.7450707785642062,3371.0,7912.0
ID,Jefferson,8540.0,1641.0,1622.0,206.0,0.887308533916849,0.8388174049700422,1828.0,10181.0
ID,Jerome,4897.0,1794.0,1945.0,284.0,0.8725886047554957,0.7318786429532207,2229.0,6691.0
ID,Kootenai,38387.0,22120.0,9415.0,3560.0,0.725626204238921,0.6344224635166179,12975.0,60507.0
ID,Latah,7988.0,9195.0,1048.0,1110.0,0.4856348470806302,0.46487807716929525,2158.0,17183.0
ID,Lemhi,2938.0,1061.0,1624.0,203.0,0.8888888888888888,0.7346836709177295,1827.0,3999.0
ID,Lewis,1275.0,479.0,563.0,254.0,0.6891064871481029,0.7269099201824402,817.0,1754.0
ID,Lincoln,1232.0,545.0,715.0,154.0,0.8227848101265823,0.6933033202025887,869.0,1777.0
ID,Madison,11131.0,1627.0,3586.0,157.0,0.9580550360673257,0.8724721743219941,3743.0,12758.0
ID,Minidoka,5087.0,1630.0,1699.0,268.0,0.8637519064565328,0.7573321423254429,1967.0,6717.0
ID,Nez Perce,10357.0,7123.0,1795.0,1588.0,0.5305941472066213,0.5925057208237986,3383.0,17480.0
ID,Oneida,1724.0,381.0,1248.0,71.0,0.9461713419257013,0.8190023752969121,1319.0,2105.0
ID,Owyhee,3024.0,944.0,1646.0,205.0,0.8892490545651,0.7620967741935484,1851.0,3968.0
ID,Payette,5988.0,2415.0,1428.0,453.0,0.759170653907496,0.7126026419136022,1881.0,8403.0
ID,Power,1754.0,1027.0,296.0,224.0,0.5692307692307692,0.6307083782811939,520.0,2781.0
ID,Shoshone,2953.0,2521.0,474.0,2121.0,0.18265895953757225,0.5394592619656559,2595.0,5474.0
ID,Teton,2263.0,2302.0,669.0,591.0,0.530952380952381,0.4957283680175246,1260.0,4565.0
ID,Twin Falls,19032.0,8621.0,4497.0,1178.0,0.7924229074889868,0.6882435902072108,5675.0,27653.0
ID,Valley,2772.0,2405.0,1596.0,380.0,0.8076923076923077,0.5354452385551478,1976.0,5177.0
ID,Washington,3168.0,1241.0,1503.0,489.0,0.7545180722891566,0.7185302789748242,1992.0,4409.0
IL,ADAMS,18711.0,11794.0,7197.0,6513.0,0.524945295404814,0.6133748565808884,13710.0,30505.0
IL,ALEXANDER,1692.0,2189.0,409.0,1997.0,0.16999168744804655,0.4359701107961865,2406.0,3881.0
IL,BOND,3947.0,3843.0,1555.0,1932.0,0.44594207054774876,0.5066752246469833,3487.0,7790.0
IL,BOONE,10403.0,11333.0,6377.0,4811.0,0.5699856989631749,0.4786069193963931,11188.0,21736.0
IL,BROWN,1544.0,986.0,766.0,630.0,0.5487106017191977,0.6102766798418973,1396.0,2530.0
IL,BUREAU,7911.0,8889.0,3198.0,4058.0,0.4407386990077177,0.47089285714285717,7256.0,16800.0
IL,CALHOUN,1221.0,1423.0,384.0,1150.0,0.2503259452411995,0.46180030257186083,1534.0,2644.0
IL,CARROLL,3596.0,3965.0,1641.0,1799.0,0.4770348837209302,0.4755984658114006,3440.0,7561.0
IL,CASS,2617.0,2690.0,931.0,1235.0,0.4298245614035088,0.4931222913133597,2166.0,5307.0
IL,CHAMPAIGN,33871.0,48597.0,15424.0,23102.0,0.400353008357992,0.41071688412475144,38526.0,82468.0
IL,CHRISTIAN,7872.0,6918.0,2139.0,5477.0,0.2808560924369748,0.5322515212981744,7616.0,14790.0
IL,CLARK,4409.0,3742.0,2171.0,1986.0,0.5222516237671397,0.5409152251257514,4157.0,8151.0
IL,CLAY,3926.0,2425.0,1263.0,2108.0,0.37466627113616136,0.6181703668713588,3371.0,6351.0
IL,CLINTON,9357.0,7657.0,2987.0,3684.0,0.4477589566781592,0.5499588574115435,6671.0,17014.0
IL,COLES,10978.0,11716.0,4869.0,5203.0,0.48341938046068306,0.48374019564642634,10072.0,22694.0
IL,COOK,487736.0,1629024.0,178545.0,1079079.0,0.14197009599053453,0.23041629660424423,1257624.0,2116760.0
IL,CRAWFORD,5070.0,3883.0,2335.0,2054.0,0.5320118478013215,0.5662906288394951,4389.0,8953.0
IL,CUMBERLAND,3156.0,2055.0,1353.0,1236.0,0.522595596755504,0.6056419113413932,2589.0,5211.0
IL,DOUGLAS,5005.0,3228.0,2407.0,1739.0,0.5805595754944525,0.6079193489614965,4146.0,8233.0
IL,DeKALB,18266.0,25784.0,10188.0,12756.0,0.4440376569037657,0.4146651532349603,22944.0,44050.0
IL,DeWITT,4348.0,3308.0,2959.0,1740.0,0.6297084486060864,0.5679205851619644,4699.0,7656.0
IL,DuPAGE,183626.0,228698.0,108539.0,132524.0,0.45025159398165626,0.4453439528138066,241063.0,412324.0
IL,EDGAR,4398.0,3743.0,2970.0,1543.0,0.6580988256148903,0.5402284731605453,4513.0,8141.0
IL,EDWARDS,2137.0,1140.0,1024.0,594.0,0.6328800988875154,0.6521208422337503,1618.0,3277.0
IL,EFFINGHAM,11323.0,5262.0,4110.0,3415.0,0.5461794019933555,0.6827253542357552,7525.0,16585.0
IL,FAYETTE,5499.0,3967.0,2420.0,2298.0,0.512929207291225,0.5809211916332137,4718.0,9466.0
IL,FORD,4079.0,2227.0,2199.0,963.0,0.6954459203036053,0.6468442752933714,3162.0,6306.0
IL,FRANKLIN,9404.0,8880.0,2695.0,8568.0,0.23927905531385954,0.5143294683876614,11263.0,18284.0
IL,FULTON,6251.0,9732.0,2553.0,6422.0,0.28445682451253484,0.39110304698742415,8975.0,15983.0
IL,GALLATIN,1212.0,1587.0,351.0,1735.0,0.1682646212847555,0.4330117899249732,2086.0,2799.0
IL,GREENE,3053.0,2619.0,1202.0,1574.0,0.4329971181556196,0.5382581100141044,2776.0,5672.0
IL,GRUNDY,10687.0,11063.0,4642.0,5811.0,0.44408303836219265,0.49135632183908046,10453.0,21750.0
IL,HAMILTON,2353.0,1796.0,975.0,2054.0,0.3218884120171674,0.5671246083393588,3029.0,4149.0
IL,HANCOCK,5161.0,4141.0,2719.0,2470.0,0.5239930622470611,0.554826918942163,5189.0,9302.0
IL,HARDIN,1330.0,892.0,680.0,976.0,0.4106280193236715,0.5985598559855986,1656.0,2222.0
IL,HENDERSON,1541.0,2215.0,783.0,1123.0,0.4108079748163694,0.4102768903088392,1906.0,3756.0
IL,HENRY,11263.0,13181.0,4644.0,5942.0,0.4386926128849424,0.46076746849942724,10586.0,24444.0
IL,IROQUOIS,8695.0,4643.0,4178.0,1844.0,0.6937894387246761,0.6518968361073624,6022.0,13338.0
IL,JACKSON,9687.0,15248.0,3874.0,8039.0,0.32519096785024765,0.38849007419290155,11913.0,24935.0
IL,JASPER,2964.0,2063.0,1220.0,1500.0,0.4485294117647059,0.5896160732046947,2720.0,5027.0
IL,JEFFERSON,9302.0,7462.0,3113.0,7234.0,0.3008601527012661,0.5548795036984013,10347.0,16764.0
IL,JERSEY,5329.0,5042.0,2025.0,2721.0,0.42667509481668775,0.5138366599170765,4746.0,10371.0
IL,JOHNSON,3912.0,1871.0,2501.0,1317.0,0.6550550026191724,0.6764655023344285,3818.0,5783.0
IL,JoDAVIESS,5170.0,6403.0,2783.0,2612.0,0.5158480074142725,0.4467294564935626,5395.0,11573.0
IL,KANE,83963.0,106756.0,47194.0,52198.0,0.47482694784288476,0.4402445482621029,99392.0,190719.0
IL,KANKAKEE,22527.0,24750.0,7449.0,11240.0,0.39857670287334795,0.47648962497620406,18689.0,47277.0
IL,KENDALL,21380.0,24742.0,11709.0,10965.0,0.5164064567345859,0.46355318503100473,22674.0,46122.0
IL,KNOX,9419.0,14191.0,4708.0,7347.0,0.3905433430111987,0.3989411266412537,12055.0,23610.0
IL,LAKE,118545.0,177242.0,53595.0,92934.0,0.36576377372397273,0.40077826273636097,146529.0,295787.0
IL,LAWRENCE,3403.0,3016.0,1476.0,1588.0,0.48172323759791125,0.5301448823804331,3064.0,6419.0
IL,LEE,8258.0,7765.0,4544.0,3515.0,0.5638416677007073,0.5153841353054983,8059.0,16023.0
IL,LIVINGSTON,9191.0,6189.0,5190.0,2686.0,0.6589639410868461,0.597594278283485,7876.0,15380.0
IL,LOGAN,7429.0,5250.0,5113.0,2037.0,0.715104895104895,0.5859294897073902,7150.0,12679.0
IL,LaSALLE,21872.0,27443.0,9480.0,13869.0,0.4060131054863163,0.44351617155023826,23349.0,49315.0
IL,MACON,24948.0,25487.0,10992.0,15252.0,0.41883859167809784,0.4946564885496183,26244.0,50435.0
IL,MACOUPIN,9891.0,12090.0,3202.0,7159.0,0.30904352861692885,0.44997952777398664,10361.0,21981.0
IL,MADISON,57177.0,68979.0,19371.0,40347.0,0.32437456043404,0.4532245790925521,59718.0,126156.0
IL,MARION,8691.0,8345.0,3103.0,5942.0,0.34306246545052516,0.5101549659544494,9045.0,17036.0
IL,MARSHALL,3145.0,3081.0,1996.0,1393.0,0.5889642962525818,0.5051397365884999,3389.0,6226.0
IL,MASON,3141.0,3542.0,1300.0,2403.0,0.351066702673508,0.46999850366601825,3703.0,6683.0
IL,MASSAC,4371.0,2693.0,2196.0,2034.0,0.5191489361702127,0.6187712344280861,4230.0,7064.0
IL,MENARD,3672.0,2706.0,1918.0,1205.0,0.6141530579570925,0.5757290686735654,3123.0,6378.0
IL,MERCER,3833.0,4887.0,1522.0,2658.0,0.36411483253588517,0.43956422018348623,4180.0,8720.0
IL,MONROE,9881.0,7953.0,3614.0,4245.0,0.45985494337702,0.5540540540540541,7859.0,17834.0
IL,MONTGOMERY,6150.0,6491.0,2357.0,3663.0,0.3915282392026578,0.4865121430266593,6020.0,12641.0
IL,MORGAN,7591.0,7467.0,3414.0,3147.0,0.5203475080018289,0.5041174126710054,6561.0,15058.0
IL,MOULTRIE,3471.0,2668.0,1369.0,1603.0,0.46063257065948854,0.5654015311940055,2972.0,6139.0
IL,McDONOUGH,6055.0,6783.0,3220.0,3238.0,0.49860637968411275,0.47164667393675025,6458.0,12838.0
IL,McHENRY,64845.0,72288.0,31224.0,33439.0,0.48287274020691895,0.47286211196429745,64663.0,137133.0
IL,McLEAN,36767.0,37689.0,19190.0,18302.0,0.5118425264056332,0.4938084237670571,37492.0,74456.0
IL,OGLE,13144.0,11253.0,7669.0,5371.0,0.5881134969325154,0.5387547649301143,13040.0,24397.0
IL,PEORIA,34579.0,45906.0,19489.0,22698.0,0.4619669566454121,0.4296328508417718,42187.0,80485.0
IL,PERRY,5086.0,4701.0,1668.0,3075.0,0.35167615433270083,0.5196689486052928,4743.0,9787.0
IL,PIATT,4991.0,3859.0,2113.0,1971.0,0.517384916748286,0.563954802259887,4084.0,8850.0
IL,PIKE,4457.0,3024.0,1820.0,1766.0,0.5075292805354155,0.5957759657799759,3586.0,7481.0
IL,POPE,1343.0,845.0,637.0,632.0,0.5019700551615445,0.6138025594149908,1269.0,2188.0
IL,PULASKI,1593.0,1638.0,858.0,1082.0,0.4422680412371134,0.49303621169916434,1940.0,3231.0
IL,PUTNAM,1378.0,1900.0,610.0,1086.0,0.3596698113207547,0.4203782794386821,1696.0,3278.0
IL,RANDOLPH,7538.0,7395.0,2157.0,4897.0,0.3057839523674511,0.5047880533047613,7054.0,14933.0
IL,RICHLAND,4329.0,3181.0,1902.0,1742.0,0.5219538968166849,0.5764314247669774,3644.0,7510.0
IL,ROCK ISLAND,25364.0,42210.0,9488.0,25784.0,0.2689952370151962,0.37535146654038537,35272.0,67574.0
IL,SALINE,6099.0,5083.0,2129.0,5074.0,0.29557128974038593,0.5454301556072259,7203.0,11182.0
IL,SANGAMON,46945.0,51300.0,18504.0,21059.0,0.46770972878699796,0.4778360221894244,39563.0,98245.0
IL,SCHUYLER,1833.0,1900.0,980.0,1010.0,0.49246231155778897,0.49102598446289847,1990.0,3733.0
IL,SCOTT,1455.0,1090.0,729.0,623.0,0.5392011834319527,0.5717092337917485,1352.0,2545.0
IL,SHELBY,6396.0,4245.0,2230.0,3031.0,0.4238737882531838,0.6010713278827178,5261.0,10641.0
IL,ST. CLAIR,47958.0,76160.0,15036.0,43063.0,0.2587996351055956,0.3863903704539229,58099.0,124118.0
IL,STARK,1513.0,1357.0,853.0,604.0,0.5854495538778312,0.527177700348432,1457.0,2870.0
IL,STEPHENSON,9909.0,11349.0,4852.0,5120.0,0.48656237464901725,0.46613039796782385,9972.0,21258.0
IL,TAZEWELL,33247.0,29384.0,17057.0,15105.0,0.5303463714943101,0.5308393606999728,32162.0,62631.0
IL,UNION,5003.0,3918.0,1432.0,4548.0,0.2394648829431438,0.5608115682098419,5980.0,8921.0
IL,VERMILION,16054.0,16246.0,5397.0,8022.0,0.40219092331768386,0.4970278637770898,13419.0,32300.0
IL,WABASH,3254.0,2462.0,1292.0,1234.0,0.5114806017418844,0.5692792162351294,2526.0,5716.0
IL,WARREN,3637.0,4286.0,2219.0,1933.0,0.5344412331406551,0.4590432916824435,4152.0,7923.0
IL,WASHINGTON,4473.0,3342.0,2126.0,1784.0,0.5437340153452686,0.5723608445297504,3910.0,7815.0
IL,WAYNE,5390.0,2547.0,2885.0,1767.0,0.6201633705932932,0.6790978959304523,4652.0,7937.0
IL,WHITE,3987.0,3315.0,1444.0,2407.0,0.37496754089846795,0.5460147904683649,3851.0,7302.0
IL,WHITESIDE,10883.0,15607.0,4190.0,6458.0,0.39350112697220135,0.4108342770856927,10648.0,26490.0
IL,WILL,122597.0,160406.0,53117.0,88357.0,0.3754541470517551,0.43320035476655727,141474.0,283003.0
IL,WILLIAMSON,17039.0,12589.0,7847.0,9242.0,0.4591842705834162,0.5750978803834211,17089.0,29628.0
IL,WINNEBAGO,53886.0,70034.0,27595.0,32890.0,0.4562288170620815,0.43484506132989026,60485.0,123920.0
IL,WOODFORD,12191.0,6999.0,7353.0,3202.0,0.6966366650876362,0.6352787910369985,10555.0,19190.0
IN,Adams,8404.0,4928.0,2571.0,5430.0,0.32133483314585676,0.6303630363036303,8001.0,13332.0
IN,Allen,77793.0,71263.0,20140.0,62638.0,0.24330136026480464,0.5219045191069128,82778.0,149056.0
IN,Bartholomew,17067.0,13567.0,6304.0,12892.0,0.3284017503646593,0.5571260690735784,19196.0,30634.0
IN,Benton,2183.0,1563.0,1503.0,1182.0,0.5597765363128492,0.5827549386011746,2685.0,3746.0
IN,Blackford,2690.0,2677.0,542.0,2965.0,0.15454804676361564,0.5012111049003167,3507.0,5367.0
IN,Boone,16622.0,9752.0,5803.0,9302.0,0.38417742469381,0.6302419049063471,15105.0,26374.0
IN,Brown,4060.0,3854.0,1361.0,4000.0,0.25387054653982466,0.5130149102855699,5361.0,7914.0
IN,Carroll,4858.0,3736.0,1922.0,3658.0,0.34444444444444444,0.5652781010006982,5580.0,8594.0
IN,Cass,8346.0,7011.0,3745.0,6491.0,0.3658655724892536,0.543465520609494,10236.0,15357.0
IN,Clark,25326.0,21953.0,3299.0,26804.0,0.10959040627180015,0.535671228240868,30103.0,47279.0
IN,Clay,6267.0,4954.0,1788.0,6039.0,0.22844001533154465,0.5585063719811069,7827.0,11221.0
IN,Clinton,6919.0,5307.0,3996.0,4272.0,0.4833091436865022,0.5659250777032554,8268.0,12226.0
IN,Crawford,2393.0,2286.0,510.0,2915.0,0.14890510948905109,0.5114340671083565,3425.0,4679.0
IN,Daviess,7098.0,3370.0,3193.0,3845.0,0.45368002273373115,0.6780664883454337,7038.0,10468.0
IN,DeKalb,9780.0,7175.0,3790.0,5984.0,0.38776345406179663,0.5768209967561191,9774.0,16955.0
IN,Dearborn,14886.0,7123.0,4792.0,7052.0,0.40459304289091524,0.6763596710436639,11844.0,22009.0
IN,Decatur,6449.0,3892.0,2988.0,3600.0,0.453551912568306,0.623634077942172,6588.0,10341.0
IN,Delaware,20916.0,28384.0,6759.0,27714.0,0.19606648681576885,0.42425963488843815,34473.0,49300.0
IN,Dubois,9526.0,8748.0,1455.0,9935.0,0.12774363476733977,0.5212870745321221,11390.0,18274.0
IN,Elkhart,39396.0,31398.0,16791.0,27217.0,0.38154426467914926,0.5564878379523689,44008.0,70794.0
IN,Fayette,4917.0,4389.0,1546.0,4829.0,0.24250980392156862,0.5283687943262412,6375.0,9306.0
IN,Floyd,19957.0,16263.0,3084.0,18806.0,0.140886249428963,0.5509939260077306,21890.0,36220.0
IN,Fountain,4158.0,3094.0,1689.0,3039.0,0.35723350253807107,0.5733590733590733,4728.0,7252.0
IN,Franklin,7018.0,3404.0,1757.0,3783.0,0.3171480144404332,0.6733832277873729,5540.0,10422.0
IN,Fulton,5147.0,3702.0,1428.0,3687.0,0.27917888563049853,0.5816476438015595,5115.0,8849.0
IN,Gibson,8449.0,6455.0,1119.0,8200.0,0.12007726150874558,0.5668947933440687,9319.0,14904.0
IN,Grant,14734.0,11293.0,6956.0,11857.0,0.36974432573220645,0.5661044300149844,18813.0,26027.0
IN,Greene,7691.0,5709.0,2822.0,6606.0,0.2993211709800594,0.573955223880597,9428.0,13400.0
IN,Hamilton,78401.0,49704.0,28503.0,41842.0,0.4051887127727628,0.6120057765114555,70345.0,128105.0
IN,Hancock,22008.0,11874.0,9002.0,10835.0,0.45379845742803854,0.6495484327961749,19837.0,33882.0
IN,Harrison,10551.0,7288.0,2288.0,9522.0,0.1937341236240474,0.5914569202309546,11810.0,17839.0
IN,Hendricks,39729.0,24548.0,12589.0,22594.0,0.3578148537646022,0.6180904522613065,35183.0,64277.0
IN,Henry,10896.0,10059.0,4851.0,10219.0,0.3218978102189781,0.5199713672154617,15070.0,20955.0
IN,Howard,20248.0,17871.0,6269.0,18410.0,0.2540216378297338,0.5311786773000341,24679.0,38119.0
IN,Huntington,10291.0,5843.0,5042.0,5195.0,0.49252710755104034,0.6378455435725796,10237.0,16134.0
IN,Jackson,9726.0,7354.0,2686.0,8817.0,0.2335043032252456,0.5694379391100702,11503.0,17080.0
IN,Jasper,7669.0,5044.0,3325.0,4452.0,0.42754275427542754,0.6032407771572407,7777.0,12713.0
IN,Jay,4401.0,3748.0,1529.0,3635.0,0.2960883036405887,0.5400662657994846,5164.0,8149.0
IN,Jefferson,7053.0,6255.0,1374.0,6762.0,0.16887905604719763,0.5299819657348963,8136.0,13308.0
IN,Jennings,6261.0,5312.0,2160.0,5387.0,0.286206439644892,0.5410006048561307,7547.0,11573.0
IN,Johnson,36487.0,21553.0,11982.0,20726.0,0.36633239574416043,0.6286526533425224,32708.0,58040.0
IN,Knox,8639.0,7569.0,2097.0,9667.0,0.1782556953417205,0.5330083909180652,11764.0,16208.0
IN,Kosciusko,20488.0,9236.0,7726.0,8702.0,0.4702946189432676,0.6892746602072399,16428.0,29724.0
IN,LaGrange,5702.0,3663.0,2022.0,3477.0,0.36770321876704853,0.608862786972771,5499.0,9365.0
IN,LaPorte,17918.0,28258.0,4303.0,26171.0,0.14120233641793004,0.38803707553707556,30474.0,46176.0
IN,Lake,67742.0,139301.0,11554.0,130834.0,0.08114447846728656,0.32718807204300554,142388.0,207043.0
IN,Lawrence,11018.0,7208.0,4065.0,7044.0,0.36591952470969485,0.6045210139361352,11109.0,18226.0
IN,Madison,26403.0,30152.0,8597.0,30117.0,0.22206436947874153,0.46685527362744234,38714.0,56555.0
IN,Marion,134313.0,241987.0,45947.0,190836.0,0.19404686991887085,0.3569306404464523,236783.0,376300.0
IN,Marshall,10406.0,7889.0,2960.0,7424.0,0.2850539291217257,0.5687892866903526,10384.0,18295.0
IN,Martin,3122.0,1706.0,733.0,2648.0,0.2167997633836143,0.6466445733222866,3381.0,4828.0
IN,Miami,8312.0,5564.0,3802.0,5079.0,0.4281049431370341,0.5990198904583454,8881.0,13876.0
IN,Monroe,21118.0,41450.0,5068.0,28986.0,0.14882245844834674,0.3375207773941951,34054.0,62568.0
IN,Montgomery,9060.0,6013.0,5302.0,4973.0,0.5160097323600973,0.6010747694553175,10275.0,15073.0
IN,Morgan,18129.0,10330.0,6644.0,10283.0,0.3925090092751226,0.6370216803120279,16927.0,28459.0
IN,Newton,3301.0,2625.0,1249.0,2442.0,0.3383906800325115,0.557036787040162,3691.0,5926.0
IN,Noble,9673.0,7064.0,3087.0,6725.0,0.31461475743986955,0.5779410886060823,9812.0,16737.0
IN,Ohio,1713.0,1158.0,254.0,1136.0,0.18273381294964028,0.5966562173458725,1390.0,2871.0
IN,Orange,4536.0,3390.0,2131.0,3189.0,0.40056390977443607,0.5722937168811506,5320.0,7926.0
IN,Owen,4415.0,3570.0,1284.0,3674.0,0.2589753933037515,0.5529117094552286,4958.0,7985.0
IN,Parke,3909.0,2924.0,1657.0,3315.0,0.333266291230893,0.5720766866676423,4972.0,6833.0
IN,Perry,3202.0,5141.0,461.0,5599.0,0.07607260726072607,0.38379479803428024,6060.0,8343.0
IN,Pike,3221.0,2700.0,911.0,3544.0,0.20448933782267115,0.5439959466306367,4455.0,5921.0
IN,Porter,33857.0,39178.0,7834.0,36159.0,0.17807378446571046,0.4635722598754022,43993.0,73035.0
IN,Posey,6804.0,5828.0,780.0,6839.0,0.10237563984774904,0.5386320455984801,7619.0,12632.0
IN,Pulaski,3388.0,2466.0,1554.0,2320.0,0.40113577697470315,0.5787495729415784,3874.0,5854.0
IN,Putnam,8086.0,6334.0,2892.0,6037.0,0.323888453354239,0.560748959778086,8929.0,14420.0
IN,Randolph,5788.0,4839.0,2744.0,4597.0,0.37379103664350904,0.5446504187447069,7341.0,10627.0
IN,Ripley,7794.0,4187.0,2330.0,4321.0,0.35032325966020145,0.6505300058425841,6651.0,11981.0
IN,Rush,4271.0,3229.0,1876.0,3280.0,0.3638479441427463,0.5694666666666667,5156.0,7500.0
IN,Saint Joseph,48510.0,68710.0,8281.0,63291.0,0.11570167104454256,0.41383722914178467,71572.0,117220.0
IN,Scott,4445.0,4271.0,567.0,5723.0,0.09014308426073132,0.5099816429554842,6290.0,8716.0
IN,Shelby,10333.0,6987.0,4566.0,6673.0,0.4062639024824273,0.5965935334872979,11239.0,17320.0
IN,Spencer,5001.0,5039.0,1443.0,4766.0,0.23240457400547593,0.49810756972111553,6209.0,10040.0
IN,Starke,4473.0,4778.0,1113.0,5080.0,0.17971903762312288,0.4835152956437142,6193.0,9251.0
IN,Steuben,7674.0,6284.0,2503.0,5403.0,0.31659499114596507,0.5497922338443904,7906.0,13958.0
IN,Sullivan,4343.0,4284.0,849.0,5449.0,0.13480469990473165,0.5034194969282485,6298.0,8627.0
IN,Switzerland,1940.0,1638.0,282.0,1950.0,0.12634408602150538,0.5422023476802683,2232.0,3578.0
IN,Tippecanoe,29822.0,37781.0,10181.0,28989.0,0.2599183048251213,0.44113426918923715,39170.0,67603.0
IN,Tipton,4452.0,3250.0,2094.0,3172.0,0.3976452715533612,0.5780316800830952,5266.0,7702.0
IN,Union,2061.0,1224.0,874.0,1190.0,0.42344961240310075,0.6273972602739726,2064.0,3285.0
IN,Vanderburgh,37512.0,39423.0,5527.0,39373.0,0.1230957683741648,0.4875804250341197,44900.0,76935.0
IN,Vermillion,3010.0,4003.0,549.0,4945.0,0.09992719330178376,0.42920290888350204,5494.0,7013.0
IN,Vigo,18121.0,25040.0,3904.0,27847.0,0.12295675726748764,0.41984662079191865,31751.0,43161.0
IN,Wabash,8238.0,5456.0,4096.0,4866.0,0.45704083909841553,0.6015773331386008,8962.0,13694.0
IN,Warren,2166.0,1755.0,873.0,1570.0,0.3573475235366353,0.5524100994644223,2443.0,3921.0
IN,Warrick,16013.0,12329.0,3531.0,13581.0,0.20634642356241234,0.5649918848352269,17112.0,28342.0
IN,Washington,6519.0,4562.0,2033.0,5349.0,0.27539962069899754,0.5883043046656439,7382.0,11081.0
IN,Wayne,14558.0,13459.0,4841.0,11811.0,0.2907158299303387,0.5196130920512546,16652.0,28017.0
IN,Wells,8504.0,4403.0,2093.0,4524.0,0.3163064833005894,0.6588672813202139,6617.0,12907.0
IN,White,5731.0,4839.0,2352.0,4625.0,0.3371076393865558,0.5421948912015138,6977.0,10570.0
IN,Whitley,9124.0,5862.0,3015.0,5622.0,0.3490795415074679,0.6088349125850794,8637.0,14986.0
LA,Acadia,19229.0,7028.0,1389.0,4401.0,0.23989637305699482,0.7323380431884831,5790.0,26257.0
LA,Allen,6333.0,2891.0,440.0,1924.0,0.18612521150592218,0.6865784908933218,2364.0,9224.0
LA,Ascension,31239.0,14625.0,3418.0,7035.0,0.3269874677126184,0.6811224489795918,10453.0,45864.0
LA,Assumption,5981.0,4756.0,308.0,2254.0,0.12021857923497267,0.5570457297196609,2562.0,10737.0
LA,Avoyelles,10236.0,6327.0,618.0,3219.0,0.16106333072713058,0.618003984785365,3837.0,16563.0
LA,Beauregard,10718.0,3071.0,1304.0,2165.0,0.37590083597578555,0.7772862426571905,3469.0,13789.0
LA,Bienville,3776.0,3589.0,520.0,1751.0,0.2289740202553941,0.5126951799049558,2271.0,7365.0
LA,Bossier,32713.0,12703.0,4725.0,5605.0,0.457405614714424,0.7202968116963184,10330.0,45416.0
LA,Caddo,52228.0,55536.0,10612.0,23261.0,0.313287869394503,0.4846516461898222,33873.0,107764.0
LA,Calcasieu,50449.0,30244.0,6031.0,16407.0,0.2687850967109368,0.6251967332978078,22438.0,80693.0
LA,Caldwell,3696.0,1118.0,418.0,897.0,0.3178707224334601,0.7677606979642708,1315.0,4814.0
LA,Cameron,3089.0,613.0,143.0,641.0,0.18239795918367346,0.8344138303619665,784.0,3702.0
LA,Catahoula,3486.0,1659.0,255.0,900.0,0.22077922077922077,0.6775510204081633,1155.0,5145.0
LA,Claiborne,3750.0,3025.0,554.0,1300.0,0.2988133764832794,0.5535055350553506,1854.0,6775.0
LA,Concordia,5668.0,3766.0,911.0,2931.0,0.23711608537220197,0.6008055967776129,3842.0,9434.0
LA,De Soto,6883.0,5242.0,903.0,2371.0,0.2758094074526573,0.5676701030927835,3274.0,12125.0
LA,East Baton Rouge,95390.0,99652.0,31343.0,58326.0,0.3495410900088102,0.4890741481321972,89669.0,195042.0
LA,East Carroll,1254.0,2267.0,174.0,758.0,0.18669527896995708,0.35614882135756887,932.0,3521.0
LA,East Feliciana,5432.0,4383.0,916.0,2636.0,0.25788288288288286,0.5534386143657667,3552.0,9815.0
LA,Evangeline,9793.0,5853.0,670.0,2803.0,0.1929167866397927,0.6259107759171674,3473.0,15646.0
LA,Franklin,6278.0,2961.0,809.0,1695.0,0.3230830670926518,0.6795107695638056,2504.0,9239.0
LA,Grant,6907.0,1474.0,594.0,1132.0,0.34414831981460026,0.824125999284095,1726.0,8381.0
LA,Iberia,20127.0,12492.0,1859.0,5738.0,0.2447018559957878,0.617033017566449,7597.0,32619.0
LA,Iberville,7185.0,9023.0,550.0,4421.0,0.11064172198752766,0.44329960513326755,4971.0,16208.0
LA,Jackson,5190.0,2456.0,765.0,1438.0,0.3472537448933273,0.6787862934867904,2203.0,7646.0
LA,Jefferson,113191.0,65096.0,16279.0,30178.0,0.3504100566114902,0.6348808381990835,46457.0,178287.0
LA,Jefferson Davis,9278.0,3923.0,797.0,2365.0,0.25205566097406706,0.7028255435194304,3162.0,13201.0
LA,Lafayette,62055.0,32145.0,7754.0,14031.0,0.3559329814092265,0.6587579617834395,21785.0,94200.0
LA,Lafourche,27089.0,9662.0,1729.0,5858.0,0.22788981151970475,0.7370955892356671,7587.0,36751.0
LA,Lasalle,5602.0,860.0,527.0,797.0,0.39803625377643503,0.8669142680284742,1324.0,6462.0
LA,Lincoln,10680.0,8292.0,1867.0,2974.0,0.3856641189836811,0.5629348513598988,4841.0,18972.0
LA,Livingston,43269.0,6681.0,4110.0,4937.0,0.4542942411849232,0.8662462462462462,9047.0,49950.0
LA,Madison,2152.0,3100.0,323.0,1068.0,0.23220704529115743,0.4097486671744098,1391.0,5252.0
LA,Morehouse,7258.0,5792.0,934.0,2465.0,0.274786701971168,0.556168582375479,3399.0,13050.0
LA,Natchitoches,9054.0,7801.0,1764.0,4787.0,0.26927186689055105,0.5371699792346485,6551.0,16855.0
LA,Orleans,28130.0,117102.0,5329.0,45543.0,0.10475310583425067,0.19369009584664537,50872.0,145232.0
LA,Ouachita,41741.0,24813.0,7807.0,12738.0,0.3799951326356778,0.6271749256243051,20545.0,66554.0
LA,Plaquemines,6894.0,3380.0,506.0,1403.0,0.26506024096385544,0.6710142106287716,1909.0,10274.0
LA,Pointe Coupee,6702.0,5516.0,514.0,2573.0,0.16650469711694202,0.5485349484367327,3087.0,12218.0
LA,Rapides,36611.0,20127.0,3747.0,8709.0,0.3008188824662813,0.6452641968345729,12456.0,56738.0
LA,Red River,2484.0,2080.0,308.0,971.0,0.24081313526192338,0.544259421560035,1279.0,4564.0
LA,Richland,5751.0,3311.0,782.0,1388.0,0.36036866359447006,0.6346281174133745,2170.0,9062.0
LA,Sabine,7226.0,2245.0,816.0,1493.0,0.3533997401472499,0.7629606166191532,2309.0,9471.0
LA,St. Bernard,9643.0,3491.0,416.0,1857.0,0.18301803783545975,0.734201309578194,2273.0,13134.0
LA,St. Charles,16457.0,8522.0,1976.0,4507.0,0.30479716180780503,0.6588334200728612,6483.0,24979.0
LA,St. Helena,2522.0,3567.0,287.0,1698.0,0.14458438287153652,0.414189522089013,1985.0,6089.0
LA,St. James,5432.0,6994.0,306.0,3834.0,0.07391304347826087,0.43714791566071143,4140.0,12426.0
LA,St. John The Baptist,8912.0,12424.0,757.0,5533.0,0.12034976152623211,0.41769778777652794,6290.0,21336.0
LA,St. Landry,21650.0,20268.0,1706.0,9691.0,0.14968851452136528,0.5164845651032969,11397.0,41918.0
LA,St. Martin,14443.0,9419.0,1052.0,5232.0,0.16740929344366645,0.6052719805548571,6284.0,23862.0
LA,St. Mary,13183.0,9345.0,1450.0,4395.0,0.24807527801539778,0.5851828835227273,5845.0,22528.0
LA,St. Tammany,83078.0,24596.0,13364.0,11411.0,0.53941473259334,0.7715697382840797,24775.0,107674.0
LA,Tangipahoa,31434.0,16438.0,3441.0,8134.0,0.29727861771058317,0.6566260026737968,11575.0,47872.0
LA,Tensas,1367.0,1646.0,244.0,844.0,0.22426470588235295,0.4537006306007302,1088.0,3013.0
LA,Terrebonne,28210.0,11581.0,2521.0,6195.0,0.28923818265259293,0.7089542861451081,8716.0,39791.0
LA,Union,7619.0,3103.0,1001.0,1726.0,0.36707004033736707,0.7105950382391345,2727.0,10722.0
LA,Vermilion,18069.0,6266.0,1114.0,4041.0,0.21610087293889427,0.7425107869324019,5155.0,24335.0
LA,Vernon,11946.0,3534.0,1154.0,2353.0,0.3290561733675506,0.7717054263565891,3507.0,15480.0
LA,Washington,12215.0,6122.0,1053.0,3603.0,0.226159793814433,0.6661394993728527,4656.0,18337.0
LA,Webster,11417.0,6610.0,1391.0,3272.0,0.29830581170920006,0.6333277860986298,4663.0,18027.0
LA,West Baton Rouge,6654.0,5043.0,537.0,2793.0,0.16126126126126125,0.5688638112336497,3330.0,11697.0
LA,West Carroll,4045.0,878.0,463.0,665.0,0.4104609929078014,0.8216534633353646,1128.0,4923.0
LA,West Feliciana,3150.0,2415.0,434.0,1209.0,0.2641509433962264,0.5660377358490566,1643.0,5565.0
LA,Winn,4632.0,2047.0,380.0,1066.0,0.2627939142461964,0.6935169935619104,1446.0,6679.0
MA,Barnstable,55694.0,74264.0,29596.0,47870.0,0.3820514806495753,0.42855384047153694,77466.0,129958.0
MA,Berkshire,14876.0,49558.0,6180.0,27814.0,0.18179678766841206,0.23087189992860913,33994.0,64434.0
MA,Bristol,90531.0,146861.0,31722.0,91368.0,0.25771386790153544,0.38135657477926804,123090.0,237392.0
MA,Dukes,2442.0,7913.0,1302.0,4949.0,0.20828667413213886,0.23582810236600676,6251.0,10355.0
MA,Essex,137129.0,208976.0,67326.0,138040.0,0.32783420819415093,0.39620635356322503,205366.0,346105.0
MA,Franklin,9545.0,27919.0,4540.0,17036.0,0.21041898405635892,0.2547779201366645,21576.0,37464.0
MA,Hampden,71350.0,121454.0,25828.0,70714.0,0.26753122993101447,0.37006493641210764,96542.0,192804.0
MA,Hampshire,20618.0,56869.0,8191.0,34432.0,0.19217323980010792,0.2660833430123763,42623.0,77487.0
MA,Middlesex,245766.0,464484.0,121625.0,325933.0,0.2717524879456964,0.3460274551214361,447558.0,710250.0
MA,Nantucket,1863.0,4073.0,965.0,2196.0,0.30528313824739006,0.31384770889487873,3161.0,5936.0
MA,Norfolk,136841.0,200675.0,63719.0,144138.0,0.3065521007230933,0.4054355941644248,207857.0,337516.0
MA,Plymouth,112904.0,131817.0,50208.0,84594.0,0.37245738193795347,0.46135803629439237,134802.0,244721.0
MA,Suffolk,57194.0,207127.0,20329.0,131675.0,0.13373990158153734,0.2163808399635292,152004.0,264321.0
MA,Worcester,152101.0,202107.0,65528.0,126844.0,0.3406316927619404,0.4294115322070648,192372.0,354208.0
MS,Adams,13132.0,18042.0,1329.0,6363.0,0.17277691107644305,0.42124847629434786,7692.0,31174.0
MS,Alcorn,21610.0,8260.0,1181.0,4925.0,0.19341631182443497,0.7234683629059256,6106.0,29870.0
MS,Amite,8490.0,6696.0,1001.0,2805.0,0.2630057803468208,0.5590675622283683,3806.0,15186.0
MS,Attala,10546.0,7698.0,688.0,3554.0,0.1621876473361622,0.5780530585397939,4242.0,18244.0
MS,Benton,4658.0,4454.0,154.0,1640.0,0.0858416945373467,0.5111940298507462,1794.0,9112.0
MS,Bolivar,9782.0,20668.0,332.0,6677.0,0.04736767013839349,0.32124794745484403,7009.0,30450.0
MS,Calhoun,8934.0,5044.0,825.0,2735.0,0.23174157303370788,0.6391472313635713,3560.0,13978.0
MS,Chickasaw,8790.0,9176.0,669.0,4020.0,0.14267434420985284,0.4892574863631304,4689.0,17966.0
MS,Choctaw,5248.0,2918.0,576.0,1480.0,0.2801556420233463,0.6426647073230468,2056.0,8166.0
MS,Claiborne,1496.0,9364.0,44.0,2814.0,0.015395381385584325,0.13775322283609576,2858.0,10860.0
MS,Clarke,10458.0,6242.0,1056.0,2792.0,0.27442827442827444,0.6262275449101796,3848.0,16700.0
MS,Clay,8932.0,13116.0,932.0,4880.0,0.16035788024776323,0.40511611030478956,5812.0,22048.0
MS,Coahoma,5834.0,15194.0,98.0,5088.0,0.018897030466640957,0.2774396043370744,5186.0,21028.0
MS,Copiah,13402.0,15420.0,977.0,5834.0,0.1434444281309646,0.4649920199847339,6811.0,28822.0
MS,Forrest,30592.0,23244.0,1423.0,9592.0,0.129187471629596,0.5682442974960993,11015.0,53836.0
MS,Franklin,5818.0,3466.0,642.0,1578.0,0.2891891891891892,0.6266695389918139,2220.0,9284.0
MS,George,15400.0,3064.0,696.0,2293.0,0.23285379725660757,0.834055459272097,2989.0,18464.0
MS,Hancock,26040.0,7536.0,968.0,4314.0,0.18326391518364257,0.775553967119371,5282.0,33576.0
MS,Harrison,77514.0,45346.0,4258.0,18696.0,0.18550143765792454,0.6309132345759401,22954.0,122860.0
MS,Hinds,65898.0,150802.0,8987.0,53942.0,0.14281174021516313,0.3040978311029072,62929.0,216700.0
MS,Holmes,3428.0,15530.0,156.0,5028.0,0.03009259259259259,0.1808207616837219,5184.0,18958.0
MS,Humphreys,2924.0,7268.0,70.0,2387.0,0.02849002849002849,0.2868916797488226,2457.0,10192.0
MS,Issaquena,728.0,1158.0,29.0,450.0,0.060542797494780795,0.3860021208907741,479.0,1886.0
MS,Itawamba,15326.0,4168.0,1225.0,3418.0,0.26383803575274606,0.7861906227557197,4643.0,19494.0
MS,Jackson,71986.0,35562.0,5135.0,14756.0,0.258156955406968,0.669338341949641,19891.0,107548.0
MS,Jasper,8270.0,10050.0,462.0,4163.0,0.09989189189189189,0.45141921397379914,4625.0,18320.0
MS,Jefferson,1102.0,7766.0,68.0,2616.0,0.02533532041728763,0.12426702751465946,2684.0,8868.0
MS,Jefferson Davis,5742.0,8908.0,604.0,3394.0,0.15107553776888444,0.3919453924914676,3998.0,14650.0
MS,Jones,40314.0,17692.0,1638.0,10393.0,0.1361482836006982,0.6949970692686963,12031.0,58006.0
MS,Kemper,3870.0,6512.0,647.0,2313.0,0.21858108108108107,0.3727605471007513,2960.0,10382.0
MS,Lamar,36994.0,10318.0,1381.0,5260.0,0.20795060984791447,0.7819157930334799,6641.0,47312.0
MS,Lauderdale,39164.0,26664.0,7502.0,8764.0,0.46120742653387437,0.5949444005590326,16266.0,65828.0
MS,Lawrence,8738.0,5174.0,889.0,2493.0,0.2628622117090479,0.628090856814261,3382.0,13912.0
MS,Leake,10296.0,8302.0,904.0,3335.0,0.21325784383109223,0.5536079148295515,4239.0,18598.0
MS,Lee,45388.0,24042.0,5497.0,11679.0,0.3200395901257569,0.6537231744202794,17176.0,69430.0
MS,Leflore,8210.0,17828.0,293.0,4601.0,0.05986922762566408,0.31530839542207545,4894.0,26038.0
MS,Lincoln,21562.0,11010.0,2369.0,4880.0,0.3268036970616637,0.6619796143927299,7249.0,32572.0
MS,Lowndes,27988.0,26418.0,3946.0,9146.0,0.3014054384356859,0.5144285556740066,13092.0,54406.0
MS,Madison,54406.0,39662.0,10085.0,13407.0,0.42929507917588966,0.5783688395628694,23492.0,94068.0
MS,Marion,17026.0,8844.0,818.0,4168.0,0.1640593662254312,0.6581368380363355,4986.0,25870.0
MS,Marshall,13366.0,19370.0,1203.0,6266.0,0.161065738385326,0.40829667644183776,7469.0,32736.0
MS,Montgomery,6142.0,5218.0,293.0,2362.0,0.11035781544256121,0.5406690140845071,2655.0,11360.0
MS,Neshoba,16418.0,6228.0,2264.0,2866.0,0.4413255360623782,0.7249845447319615,5130.0,22646.0
MS,Newton,13158.0,6436.0,2107.0,2761.0,0.4328266228430567,0.6715321016637746,4868.0,19594.0
MS,Noxubee,3050.0,10060.0,411.0,2890.0,0.12450772493183884,0.2326468344774981,3301.0,13110.0
MS,Pontotoc,19454.0,5964.0,1889.0,3747.0,0.335166784953868,0.7653631284916201,5636.0,25418.0
MS,Prentiss,15406.0,6040.0,839.0,5033.0,0.14288147138964577,0.7183623985824863,5872.0,21446.0
MS,Quitman,2668.0,5606.0,47.0,2072.0,0.022180273714016045,0.32245588590766255,2119.0,8274.0
MS,Rankin,96280.0,28744.0,19129.0,10737.0,0.640494207459988,0.7700921423086767,29866.0,125024.0
MS,Scott,13168.0,10050.0,1607.0,4007.0,0.28624866405415034,0.5671461796881729,5614.0,23218.0
MS,Sharkey,1746.0,3814.0,73.0,1292.0,0.05347985347985348,0.31402877697841725,1365.0,5560.0
MS,Simpson,15282.0,9634.0,2243.0,4028.0,0.35767820124382077,0.6133408251725798,6271.0,24916.0
MS,Smith,12530.0,3936.0,1247.0,2280.0,0.35355826481428976,0.7609619822664885,3527.0,16466.0
MS,Stone,10298.0,3992.0,464.0,2258.0,0.1704628949301984,0.7206438068579426,2722.0,14290.0
MS,Sunflower,6490.0,15676.0,252.0,4978.0,0.048183556405353725,0.2927907606243797,5230.0,22166.0
MS,Tallahatchie,5572.0,8210.0,206.0,3012.0,0.06401491609695463,0.4042954578435641,3218.0,13782.0
MS,Tate,15356.0,10006.0,1567.0,3694.0,0.2978521193689413,0.6054727545146282,5261.0,25362.0
MS,Tippah,13874.0,5246.0,1030.0,3322.0,0.23667279411764705,0.7256276150627615,4352.0,19120.0
MS,Tishomingo,12498.0,3924.0,845.0,3024.0,0.2184026880330835,0.7610522469857508,3869.0,16422.0
MS,Tunica,2034.0,6558.0,37.0,1505.0,0.023994811932555125,0.236731843575419,1542.0,8592.0
MS,Union,18144.0,5970.0,1536.0,3669.0,0.29510086455331414,0.7524259766110973,5205.0,24114.0
MS,Walthall,8506.0,6912.0,739.0,2669.0,0.21684272300469484,0.551692826566351,3408.0,15418.0
MS,Warren,22304.0,20978.0,1531.0,7731.0,0.16529907147484343,0.5153181461115475,9262.0,43282.0
MS,Washington,12694.0,26296.0,386.0,7816.0,0.04706169227017801,0.3255706591433701,8202.0,38990.0
MS,Wayne,12140.0,7780.0,469.0,4023.0,0.10440783615316118,0.6094377510040161,4492.0,19920.0
MS,Webster,8144.0,2698.0,938.0,1715.0,0.35356200527704484,0.7511529238147944,2653.0,10842.0
MS,Wilkinson,3120.0,7068.0,218.0,2148.0,0.09213863060016907,0.30624263839811544,2366.0,10188.0
MS,Winston,10994.0,9306.0,1344.0,3688.0,0.2670906200317965,0.5415763546798029,5032.0,20300.0
MS,Yalobusha,7256.0,6302.0,702.0,2646.0,0.20967741935483872,0.5351821802625756,3348.0,13558.0
MS,Yazoo,10580.0,12232.0,778.0,4693.0,0.14220435021019923,0.46379098719971945,5471.0,22812.0
MT,Beaverhead,3008.0,1617.0,1725.0,1210.0,0.5877342419080068,0.6503783783783784,2935.0,4625.0
MT,Big Horn,1628.0,3516.0,520.0,2761.0,0.15848826577263028,0.3164852255054432,3281.0,5144.0
MT,Blaine,1139.0,1702.0,408.0,1324.0,0.23556581986143188,0.40091517071453714,1732.0,2841.0
MT,Broadwater,756.0,365.0,890.0,887.0,0.5008441193021947,0.6743978590544157,1777.0,1121.0
MT,Carbon,3108.0,2443.0,1192.0,2241.0,0.34721817652199244,0.5598991172761665,3433.0,5551.0
MT,Carter,573.0,111.0,314.0,128.0,0.7104072398190046,0.8377192982456141,442.0,684.0
MT,Cascade,16857.0,17664.0,5845.0,15786.0,0.27021404465812954,0.4883114625879899,21631.0,34521.0
MT,Chouteau,1634.0,1122.0,1150.0,855.0,0.57356608478803,0.5928882438316401,2005.0,2756.0
MT,Custer,3047.0,2267.0,1165.0,2001.0,0.36797220467466835,0.5733910425291683,3166.0,5314.0
MT,Daniels,694.0,343.0,287.0,403.0,0.41594202898550725,0.6692381870781099,690.0,1037.0
MT,Dawson,2639.0,1593.0,1263.0,1492.0,0.45843920145190564,0.6235822306238186,2755.0,4232.0
MT,Deer Lodge,1502.0,3402.0,440.0,2980.0,0.1286549707602339,0.3062805872756933,3420.0,4904.0
MT,Fallon,1064.0,318.0,572.0,323.0,0.6391061452513966,0.7698986975397974,895.0,1382.0
MT,Fergus,4108.0,1933.0,1859.0,1758.0,0.5139618468343932,0.680019864260884,3617.0,6041.0
MT,Flathead,25559.0,16138.0,11779.0,10977.0,0.5176217261381614,0.6129697580161643,22756.0,41697.0
MT,Gallatin,22578.0,24205.0,6463.0,14891.0,0.3026599231994006,0.48261120492486587,21354.0,46783.0
MT,Garfield,598.0,110.0,372.0,143.0,0.7223300970873786,0.844632768361582,515.0,708.0
MT,Glacier,1451.0,3423.0,374.0,2951.0,0.11248120300751879,0.2977020927369717,3325.0,4874.0
MT,Golden Valley,343.0,124.0,155.0,152.0,0.504885993485342,0.734475374732334,307.0,467.0
MT,Granite,1013.0,601.0,445.0,599.0,0.42624521072796934,0.627633209417596,1044.0,1614.0
MT,Hill,2787.0,3596.0,718.0,2890.0,0.19900221729490022,0.4366285445715181,3608.0,6383.0
MT,Jefferson,3538.0,2582.0,1479.0,2426.0,0.37874519846350835,0.5781045751633986,3905.0,6120.0
MT,Judith Basin,801.0,397.0,384.0,450.0,0.460431654676259,0.6686143572621035,834.0,1198.0
MT,Lake,6498.0,6766.0,3331.0,5298.0,0.3860238729864411,0.489897466827503,8629.0,13264.0
MT,Lewis & Clark,14966.0,17114.0,5415.0,15231.0,0.26227840743969777,0.4665211970074813,20646.0,32080.0
MT,Liberty,594.0,367.0,361.0,355.0,0.5041899441340782,0.6181061394380853,716.0,961.0
MT,Lincoln,5704.0,3025.0,2840.0,2109.0,0.5738533036977167,0.6534540038950625,4949.0,8729.0
MT,Madison,2822.0,1607.0,1340.0,1295.0,0.50853889943074,0.6371641454052833,2635.0,4429.0
MT,McCone,726.0,321.0,307.0,330.0,0.48194662480376765,0.6934097421203438,637.0,1047.0
MT,Meagher,624.0,298.0,302.0,314.0,0.4902597402597403,0.6767895878524945,616.0,922.0
MT,Mineral,1053.0,845.0,451.0,833.0,0.3512461059190031,0.5547945205479452,1284.0,1898.0
MT,Missoula,20743.0,36531.0,5539.0,25251.0,0.17989607015264697,0.36217131682788,30790.0,57274.0
MT,Musselshell,1581.0,636.0,923.0,498.0,0.6495425756509501,0.713125845737483,1421.0,2217.0
MT,Park,4376.0,4173.0,2181.0,3444.0,0.3877333333333333,0.5118727336530589,5625.0,8549.0
MT,Petroleum,227.0,68.0,90.0,69.0,0.5660377358490566,0.7694915254237288,159.0,295.0
MT,Phillips,1423.0,638.0,482.0,697.0,0.40882103477523324,0.6904415332362931,1179.0,2061.0
MT,Pondera,1588.0,1223.0,868.0,1156.0,0.4288537549407115,0.5649235147634294,2024.0,2811.0
MT,Powder River,802.0,208.0,584.0,114.0,0.836676217765043,0.7940594059405941,698.0,1010.0
MT,Powell,1683.0,1021.0,840.0,933.0,0.47377326565143824,0.6224112426035503,1773.0,2704.0
MT,Prairie,503.0,211.0,294.0,227.0,0.564299424184261,0.7044817927170869,521.0,714.0
MT,Ravalli,13002.0,8400.0,5942.0,6720.0,0.4692781551097773,0.6075133165124754,12662.0,21402.0
MT,Richland,3184.0,1203.0,1210.0,999.0,0.5477591670439113,0.7257807157510827,2209.0,4387.0
MT,Roosevelt,1473.0,2564.0,483.0,1726.0,0.21865097329108193,0.36487490710923953,2209.0,4037.0
MT,Rosebud,1768.0,1919.0,505.0,1629.0,0.2366447985004686,0.47952264713859505,2134.0,3687.0
MT,Sanders,3563.0,1970.0,2163.0,1641.0,0.5686119873817035,0.6439544550876559,3804.0,5533.0
MT,Sheridan,987.0,953.0,333.0,755.0,0.30606617647058826,0.5087628865979381,1088.0,1940.0
MT,Silver Bow,4818.0,11676.0,1887.0,10458.0,0.1528554070473876,0.29210622044379775,12345.0,16494.0
MT,Stillwater,2991.0,1512.0,1216.0,1628.0,0.42756680731364277,0.6642238507661559,2844.0,4503.0
MT,Sweet Grass,1494.0,541.0,747.0,468.0,0.6148148148148148,0.7341523341523342,1215.0,2035.0
MT,Teton,1874.0,1294.0,1181.0,1112.0,0.515045791539468,0.5915404040404041,2293.0,3168.0
MT,Toole,1317.0,737.0,514.0,876.0,0.3697841726618705,0.6411879259980526,1390.0,2054.0
MT,Treasure,314.0,156.0,135.0,187.0,0.4192546583850932,0.6680851063829787,322.0,470.0
MT,Valley,2121.0,1645.0,721.0,1683.0,0.29991680532445925,0.5631970260223048,2404.0,3766.0
MT,Wheatland,657.0,289.0,258.0,334.0,0.4358108108108108,0.6945031712473573,592.0,946.0
MT,Wibaux,379.0,146.0,268.0,105.0,0.7184986595174263,0.7219047619047619,373.0,525.0
MT,Yellowstone,36483.0,32038.0,12220.0,24318.0,0.334446329848377,0.5324353118022213,36538.0,68521.0
OH,Adams,6914.0,4170.0,3220.0,3803.0,0.4584935212871992,0.6237820281486828,7023.0,11084.0
OH,Allen,29940.0,19522.0,12789.0,14351.0,0.4712232866617539,0.605313169706037,27140.0,49462.0
OH,Ashland,15158.0,9300.0,7091.0,6653.0,0.5159342258440046,0.6197563169515087,13744.0,24458.0
OH,Ashtabula,18949.0,25027.0,7812.0,20018.0,0.28070427596119296,0.4308941240676733,27830.0,43976.0
OH,Athens,9742.0,20722.0,3376.0,15348.0,0.18030335398419142,0.3197872899159664,18724.0,30464.0
OH,Auglaize,16414.0,6738.0,5253.0,5278.0,0.49881302820244994,0.7089668279198341,10531.0,23152.0
OH,Belmont,15422.0,16302.0,4004.0,19772.0,0.16840511440107672,0.48613037447988905,23776.0,31724.0
OH,Brown,12192.0,7503.0,4719.0,7711.0,0.37964601769911505,0.6190403655750191,12430.0,19695.0
OH,Butler,105341.0,66030.0,37414.0,51012.0,0.4231108497500735,0.6146956019396514,88426.0,171371.0
OH,Carroll,7097.0,6423.0,3691.0,5626.0,0.39615756144681763,0.5249260355029586,9317.0,13520.0
OH,Champaign,11141.0,7385.0,6207.0,6071.0,0.5055383612966281,0.6013710460973767,12278.0,18526.0
OH,Clark,33634.0,31958.0,15610.0,27270.0,0.36403917910447764,0.5127759482863764,42880.0,65592.0
OH,Clermont,62559.0,31611.0,26937.0,27325.0,0.49642475397147173,0.664319847085059,54262.0,94170.0
OH,Clinton,12409.0,6558.0,5837.0,5296.0,0.5242971346447498,0.65424157747667,11133.0,18967.0
OH,Columbiana,25585.0,21882.0,9343.0,20875.0,0.3091865775365676,0.5390060463058546,30218.0,47467.0
OH,Coshocton,8675.0,7689.0,4394.0,6315.0,0.41030908581566905,0.5301271082864826,10709.0,16364.0
OH,Crawford,12316.0,8289.0,4695.0,6748.0,0.410294503189723,0.5977190002426596,11443.0,20605.0
OH,Cuyahoga,199880.0,458422.0,60926.0,354467.0,0.14667074312759243,0.30362964110696916,415393.0,658302.0
OH,Darke,17290.0,7964.0,6714.0,6920.0,0.4924453571952472,0.6846440167894196,13634.0,25254.0
OH,Defiance,10407.0,8399.0,4616.0,5938.0,0.43736971764259996,0.5533872168456876,10554.0,18806.0
OH,Delaware,54778.0,36653.0,23492.0,29608.0,0.4424105461393597,0.599118460915882,53100.0,91431.0
OH,Erie,17432.0,23148.0,6045.0,17765.0,0.25388492230155396,0.4295712173484475,23810.0,40580.0
OH,Fairfield,41580.0,29250.0,21396.0,24826.0,0.46289645623296266,0.5870393900889453,46222.0,70830.0
OH,Fayette,7102.0,4401.0,3777.0,3644.0,0.5089610564613933,0.6174041554377119,7421.0,11503.0
OH,Franklin,218486.0,334709.0,83093.0,228961.0,0.26627763143558486,0.39495295510624645,312054.0,553195.0
OH,Fulton,11689.0,9900.0,5478.0,6779.0,0.44692828587745775,0.5414331372458197,12257.0,21589.0
OH,Gallia,8247.0,4777.0,4514.0,4719.0,0.48889851619192026,0.633215601965602,9233.0,13024.0
OH,Geauga,29096.0,21250.0,9884.0,19255.0,0.3392017570953018,0.5779207881460294,29139.0,50346.0
OH,Greene,48936.0,33540.0,23584.0,27338.0,0.4631397038608067,0.5933362432707697,50922.0,82476.0
OH,Guernsey,9197.0,7625.0,4224.0,6685.0,0.3872032266935558,0.5467245274045892,10909.0,16822.0
OH,Hamilton,195530.0,225213.0,77104.0,163854.0,0.3199893757418305,0.4647254975127334,240958.0,420743.0
OH,Hancock,22420.0,13870.0,10906.0,8808.0,0.5532109161002333,0.6178010471204188,19714.0,36290.0
OH,Hardin,7749.0,5013.0,4192.0,3890.0,0.5186834941846078,0.6071932299012694,8082.0,12762.0
OH,Harrison,3872.0,3683.0,1460.0,3945.0,0.27012025901942643,0.5125082726671079,5405.0,7555.0
OH,Henry,8239.0,6320.0,3114.0,4420.0,0.41332625431377756,0.5659042516656364,7534.0,14559.0
OH,Highland,11907.0,6856.0,5210.0,5786.0,0.4738086576937068,0.6346000106592762,10996.0,18763.0
OH,Hocking,6364.0,6259.0,2560.0,5698.0,0.310002421893921,0.5041590747049037,8258.0,12623.0
OH,Holmes,7720.0,3141.0,3859.0,2655.0,0.592416334049739,0.7108001104870638,6514.0,10861.0
OH,Huron,12884.0,12076.0,4485.0,8319.0,0.35028116213683225,0.5161858974358975,12804.0,24960.0
OH,Jackson,8219.0,5397.0,3888.0,4813.0,0.44684519020802205,0.6036280846063454,8701.0,13616.0
OH,Jefferson,17559.0,17635.0,5005.0,20988.0,0.192551840880237,0.4989202705006535,25993.0,35194.0
OH,Knox,16640.0,11014.0,7726.0,8610.0,0.4729431929480901,0.6017212699790265,16336.0,27654.0
OH,Lake,59142.0,60155.0,20059.0,50620.0,0.2838042417125313,0.49575429390512754,70679.0,119297.0
OH,Lawrence,15415.0,11262.0,7202.0,10968.0,0.39636763896532745,0.5778385875473254,18170.0,26677.0
OH,Licking,46918.0,33932.0,21263.0,28799.0,0.4247333306699692,0.5803092145949289,50062.0,80850.0
OH,Logan,13848.0,7936.0,6962.0,5624.0,0.5531542984268235,0.6356959236136615,12586.0,21784.0
OH,Lorain,59068.0,85276.0,17769.0,66504.0,0.21085045032216723,0.40921687080862384,84273.0,144344.0
OH,Lucas,73706.0,142852.0,24169.0,101235.0,0.19272909955025358,0.3403522381994662,125404.0,216558.0
OH,Madison,10606.0,6532.0,5037.0,4969.0,0.5033979612232661,0.6188586766250438,10006.0,17138.0
OH,Mahoning,45319.0,79173.0,9804.0,79792.0,0.10942452788070896,0.36403142370594094,89596.0,124492.0
OH,Marion,15454.0,12870.0,6504.0,11127.0,0.3688956950825251,0.5456150261262533,17631.0,28324.0
OH,Medina,48189.0,40924.0,18175.0,33283.0,0.3532006685063547,0.5407628516602516,51458.0,89113.0
OH,Meigs,6015.0,4094.0,3636.0,3703.0,0.49543534541490664,0.5950143436541695,7339.0,10109.0
OH,Mercer,15100.0,5853.0,4641.0,5368.0,0.4636826855829753,0.7206605259390063,10009.0,20953.0
OH,Miami,33417.0,18372.0,15525.0,15848.0,0.49485226149874095,0.6452528529224353,31373.0,51789.0
OH,Monroe,3066.0,3705.0,873.0,4516.0,0.16199665986268325,0.45281346920691184,5389.0,6771.0
OH,Montgomery,128679.0,145997.0,48574.0,117270.0,0.29288970357685534,0.4684755857810657,165844.0,274676.0
OH,Morgan,3440.0,2966.0,2390.0,2298.0,0.5098122866894198,0.5369965657196378,4688.0,6406.0
OH,Morrow,10067.0,6177.0,4881.0,5530.0,0.4688310440879839,0.6197365180989904,10411.0,16244.0
OH,Muskingum,20549.0,17730.0,12369.0,14154.0,0.4663499604117181,0.5368217560542334,26523.0,38279.0
OH,Noble,3450.0,2474.0,2137.0,2335.0,0.47786225402504473,0.5823767724510466,4472.0,5924.0
OH,Ottawa,10624.0,12064.0,3644.0,9564.0,0.27589339794064205,0.4682651622002821,13208.0,22688.0
OH,Paulding,5317.0,4165.0,2358.0,2839.0,0.45372330190494514,0.5607466779160515,5197.0,9482.0
OH,Perry,7721.0,7261.0,3601.0,6439.0,0.35866533864541833,0.5153517554398611,10040.0,14982.0
OH,Pickaway,14228.0,9077.0,5195.0,9392.0,0.35613902790155616,0.6105127655009654,14587.0,23305.0
OH,Pike,6162.0,6033.0,2017.0,5645.0,0.2632471939441399,0.505289052890529,7662.0,12195.0
OH,Portage,34822.0,41856.0,10301.0,34665.0,0.22908419694880577,0.4541328673152664,44966.0,76678.0
OH,Preble,13562.0,6999.0,6257.0,6547.0,0.4886754139331459,0.659598268566704,12804.0,20561.0
OH,Putnam,13072.0,5281.0,5659.0,4805.0,0.5408065749235474,0.7122541273906173,10464.0,18353.0
OH,Richland,34034.0,25727.0,12943.0,21803.0,0.3725033097334945,0.5695018490319774,34746.0,59761.0
OH,Ross,16759.0,14455.0,6510.0,13882.0,0.319242840329541,0.5369065163067854,20392.0,31214.0
OH,Sandusky,14192.0,15602.0,7324.0,12102.0,0.3770204880057655,0.4763375176209975,19426.0,29794.0
OH,Scioto,16994.0,14926.0,6048.0,15146.0,0.28536378220251013,0.5323934837092732,21194.0,31920.0
OH,Seneca,13823.0,13087.0,7816.0,9512.0,0.45106186518928904,0.5136752136752136,17328.0,26910.0
OH,Shelby,15924.0,7316.0,5309.0,7109.0,0.42752456112095344,0.6851979345955249,12418.0,23240.0
OH,Stark,86743.0,96990.0,40059.0,84204.0,0.3223727094951836,0.4721144269129661,124263.0,183733.0
OH,Summit,113284.0,160858.0,37212.0,131684.0,0.22032493368700265,0.41323109921135764,168896.0,274142.0
OH,Trumbull,40164.0,64145.0,11366.0,65496.0,0.1478754130779839,0.38504827004381215,76862.0,104309.0
OH,Tuscarawas,20454.0,21498.0,7370.0,19839.0,0.27086625748833104,0.48755720823798626,27209.0,41952.0
OH,Union,15744.0,8761.0,8133.0,6672.0,0.5493414387031408,0.6424811263007549,14805.0,24505.0
OH,Van Wert,9168.0,5178.0,4477.0,3503.0,0.5610275689223058,0.6390631534922626,7980.0,14346.0
OH,Vinton,3021.0,2463.0,1498.0,2492.0,0.37543859649122807,0.5508752735229759,3990.0,5484.0
OH,Warren,71691.0,33398.0,27549.0,28706.0,0.4897164696471425,0.6821931886305893,56255.0,105089.0
OH,Washington,17019.0,12368.0,7673.0,11714.0,0.3957806777737659,0.5791336305168953,19387.0,29387.0
OH,Wayne,29342.0,21712.0,13903.0,16826.0,0.45243906407627976,0.5747248011908959,30729.0,51054.0
OH,Williams,9879.0,8174.0,4804.0,5292.0,0.47583201267828845,0.5472220683542901,10096.0,18053.0
OH,Wood,29648.0,34285.0,12249.0,23653.0,0.3411787644142388,0.4637354730733737,35902.0,63933.0
OH,Wyandot,6270.0,4461.0,2735.0,3084.0,0.47001202955834337,0.5842885099245178,5819.0,10731.0
OR,Baker,5650.0,2805.0,2790.0,2290.0,0.5492125984251969,0.6682436428149024,5080.0,8455.0
OR,Benton,15264.0,29901.0,7499.0,18288.0,0.29080544460387014,0.337960810362006,25787.0,45165.0
OR,Clackamas,83595.0,103476.0,37193.0,62198.0,0.37420893239830566,0.4468624212197508,99391.0,187071.0
OR,Clatsop,7192.0,10701.0,3379.0,7149.0,0.32095364741641336,0.4019448946515397,10528.0,17893.0
OR,Columbia,10413.0,13390.0,4344.0,9237.0,0.3198586260216479,0.4374658656471873,13581.0,23803.0
OR,Coos,15354.0,14401.0,7354.0,10930.0,0.4022095821483264,0.5160141152747437,18284.0,29755.0
OR,Crook,6371.0,3632.0,3090.0,2694.0,0.5342323651452282,0.6369089273218035,5784.0,10003.0
OR,Curry,6646.0,5230.0,3582.0,3567.0,0.5010490977759127,0.5596160323341193,7149.0,11876.0
OR,Deschutes,39064.0,38819.0,17991.0,22159.0,0.44809464508094643,0.5015728721287058,40150.0,77883.0
OR,Douglas,30919.0,20298.0,17059.0,15390.0,0.5257172794230947,0.6036862760411582,32449.0,51217.0
OR,Gilliam,648.0,430.0,353.0,338.0,0.5108538350217077,0.601113172541744,691.0,1078.0
OR,Grant,2785.0,1006.0,1270.0,773.0,0.6216348507097406,0.7346346610393036,2043.0,3791.0
OR,Harney,2595.0,950.0,1341.0,758.0,0.6388756550738447,0.7320169252468265,2099.0,3545.0
OR,Hood River,3265.0,6302.0,2024.0,3756.0,0.3501730103806228,0.34127730741089163,5780.0,9567.0
OR,Jackson,49043.0,49090.0,22571.0,30788.0,0.42300267996026913,0.4997605290778841,53359.0,98133.0
OR,Jefferson,4402.0,3682.0,2160.0,2273.0,0.4872546808030679,0.5445324096981692,4433.0,8084.0
OR,Josephine,22973.0,17412.0,11505.0,10778.0,0.5163128842615446,0.5688498204779002,22283.0,40385.0
OR,Klamath,19113.0,9370.0,9661.0,6752.0,0.5886187777980869,0.6710318435558053,16413.0,28483.0
OR,Lake,2638.0,957.0,1293.0,720.0,0.6423248882265276,0.7337969401947149,2013.0,3595.0
OR,Lane,63835.0,114037.0,32509.0,73891.0,0.3055357142857143,0.35888166771611046,106400.0,177872.0
OR,Lincoln,8791.0,14258.0,4842.0,9766.0,0.33146221248630886,0.38140483318148294,14608.0,23049.0
OR,Linn,28071.0,22163.0,11654.0,15050.0,0.4364140203714799,0.5588047935661106,26704.0,50234.0
OR,Malheur,7157.0,2949.0,3303.0,1848.0,0.6412347117064647,0.7081931525826242,5151.0,10106.0
OR,Marion,59059.0,61816.0,31072.0,40184.0,0.4360615246435388,0.48859565667011373,71256.0,120875.0
OR,Morrow,2509.0,1410.0,1049.0,959.0,0.522410358565737,0.6402143403929574,2008.0,3919.0
OR,Multnomah,75171.0,279696.0,34307.0,168107.0,0.1694892645765609,0.21182865693344266,202414.0,354867.0
OR,Polk,17714.0,17536.0,9194.0,11052.0,0.4541143929665119,0.5025248226950355,20246.0,35250.0
OR,Sherman,634.0,385.0,372.0,282.0,0.5688073394495413,0.6221786064769381,654.0,1019.0
OR,Tillamook,5757.0,7072.0,3177.0,5056.0,0.38588606826187294,0.4487489282095253,8233.0,12829.0
OR,Umatilla,15254.0,9484.0,6108.0,5907.0,0.5083645443196005,0.6166222006629477,12015.0,24738.0
OR,Union,7581.0,4613.0,4059.0,3468.0,0.5392586687923475,0.621699196326062,7527.0,12194.0
OR,Wallowa,2836.0,1492.0,1678.0,1147.0,0.5939823008849557,0.655268022181146,2825.0,4328.0
OR,Wasco,5103.0,5906.0,2581.0,3978.0,0.39350510748589723,0.46352983922245433,6559.0,11009.0
OR,Washington,89185.0,141544.0,40478.0,77018.0,0.3445053448628038,0.38653571939374765,117496.0,230729.0
OR,Wheeler,498.0,281.0,269.0,231.0,0.538,0.6392811296534018,500.0,779.0
OR,Yamhill,21390.0,20797.0,10365.0,0.0,1.0,0.507028231445706,10365.0,42187.0
PA,Adams,26349.0,17633.0,9455.0,11300.0,0.45555287882437967,0.5990859897230685,20755.0,43982.0
PA,Allegheny,272347.0,373153.0,56942.0,312068.0,0.15431018129589985,0.42191634391944227,369010.0,645500.0
PA,Armstrong,18542.0,11138.0,6302.0,10281.0,0.3800277392510402,0.6247304582210242,16583.0,29680.0
PA,Beaver,42895.0,40499.0,10517.0,41071.0,0.20386523997828954,0.5143655418855073,51588.0,83394.0
PA,Bedford,16124.0,6059.0,5560.0,5293.0,0.5123007463374182,0.7268629130415183,10853.0,22183.0
PA,Berks,80513.0,97047.0,23003.0,62175.0,0.2700579961962009,0.4534410903356612,85178.0,177560.0
PA,Blair,32708.0,19813.0,12485.0,13790.0,0.4751665080875357,0.6227604196416672,26275.0,52521.0
PA,Bradford,15057.0,10306.0,8545.0,5961.0,0.5890665931338757,0.5936600559870677,14506.0,25363.0
PA,Bucks,150248.0,179031.0,37957.0,114617.0,0.2487776423243803,0.45629390273901466,152574.0,329279.0
PA,Butler,57074.0,32260.0,17555.0,24337.0,0.4190537572806264,0.638883291915732,41892.0,89334.0
PA,Cambria,31995.0,32451.0,9377.0,32823.0,0.2222037914691943,0.49646215436179125,42200.0,64446.0
PA,Cameron,1323.0,879.0,700.0,699.0,0.5003573981415297,0.6008174386920981,1399.0,2202.0
PA,Carbon,12957.0,13464.0,3353.0,10767.0,0.23746458923512748,0.4904053593732258,14120.0,26421.0
PA,Centre,32992.0,41950.0,15145.0,24643.0,0.38064240474514927,0.440233780790478,39788.0,74942.0
PA,Chester,114421.0,137833.0,35749.0,73188.0,0.3281621487648825,0.45359439295313453,108937.0,252254.0
PA,Clarion,10737.0,6756.0,5600.0,5266.0,0.5153690410454629,0.6137883724918539,10866.0,17493.0
PA,Clearfield,18662.0,14555.0,8887.0,12091.0,0.42363428353513205,0.5618207544329711,20978.0,33217.0
PA,Clinton,7504.0,7097.0,3051.0,5301.0,0.36530172413793105,0.5139374015478392,8352.0,14601.0
PA,Columbia,14477.0,13230.0,4795.0,9309.0,0.3399744753261486,0.5225033385065146,14104.0,27707.0
PA,Crawford,20750.0,16780.0,8382.0,11758.0,0.41618669314796425,0.5528910205169199,20140.0,37530.0
PA,Cumberland,63739.0,48306.0,23840.0,30262.0,0.4406491442090865,0.5688696505868178,54102.0,112045.0
PA,Dauphin,58238.0,69975.0,23447.0,43987.0,0.34770293917015155,0.4542285103694633,67434.0,128213.0
PA,Delaware,115273.0,178870.0,51198.0,97161.0,0.3450953430529998,0.39189441870110797,148359.0,294143.0
PA,Elk,6676.0,7290.0,3098.0,6523.0,0.3220039496933791,0.47801804382070745,9621.0,13966.0
PA,Erie,50351.0,75775.0,17591.0,55148.0,0.24183725374283396,0.3992118992118992,72739.0,126126.0
PA,Fayette,26081.0,25866.0,4443.0,29302.0,0.13166395021484664,0.5020694169056923,33745.0,51947.0
PA,Forest,1366.0,1038.0,876.0,910.0,0.49048152295632697,0.5682196339434277,1786.0,2404.0
PA,Franklin,41906.0,21169.0,15280.0,13359.0,0.5335381821990991,0.6643836702338486,28639.0,63075.0
PA,Fulton,4642.0,1576.0,1294.0,1415.0,0.4776670358065707,0.7465422965583789,2709.0,6218.0
PA,Greene,7889.0,7829.0,1919.0,8329.0,0.187256049960968,0.5019086397760529,10248.0,15718.0
PA,Huntingdon,11745.0,6621.0,4803.0,4814.0,0.4994280960798586,0.6394968964390721,9617.0,18366.0
PA,Indiana,19727.0,17065.0,6297.0,12353.0,0.3376407506702413,0.536176342683192,18650.0,36792.0
PA,Jefferson,12057.0,6447.0,5551.0,5103.0,0.5210249671484888,0.6515888456549935,10654.0,18504.0
PA,Juniata,6484.0,3068.0,2674.0,2553.0,0.5115745169313182,0.6788107202680067,5227.0,9552.0
PA,Lackawanna,39488.0,67520.0,10666.0,58892.0,0.15333965898962018,0.36901913875598086,69558.0,107008.0
PA,Lancaster,126568.0,99586.0,43116.0,50520.0,0.4604639241317442,0.5596540410516727,93636.0,226154.0
PA,Lawrence,21851.0,19711.0,6028.0,17820.0,0.25276752767527677,0.5257446706125788,23848.0,41562.0
PA,Lebanon,34314.0,23310.0,14225.0,13647.0,0.5103688289322618,0.5954810495626822,27872.0,57624.0
PA,Lehigh,63382.0,87089.0,15406.0,55039.0,0.21869543615586629,0.42122402323371283,70445.0,150471.0
PA,Luzerne,61127.0,72492.0,18906.0,64329.0,0.22714002522977114,0.45747236545700837,83235.0,133619.0
PA,Lycoming,30280.0,18381.0,15384.0,13710.0,0.5287688183130542,0.6222642362466863,29094.0,48661.0
PA,Mckean,9224.0,6465.0,4586.0,3725.0,0.5517988208398508,0.5879278475364905,8311.0,15689.0
PA,Mercer,26565.0,26411.0,9080.0,20612.0,0.30580627778526204,0.501453488372093,29692.0,52976.0
PA,Mifflin,10929.0,5375.0,4249.0,4319.0,0.4959150326797386,0.6703263002944063,8568.0,16304.0
PA,Monroe,28293.0,39453.0,6328.0,21790.0,0.22505156839035492,0.4176335134177664,28118.0,67746.0
PA,Montgomery,165552.0,253393.0,49565.0,154260.0,0.24317429167177726,0.395164043012806,203825.0,418945.0
PA,Montour,4574.0,3364.0,1778.0,2477.0,0.41786133960047006,0.5762156714537667,4255.0,7938.0
PA,Northampton,58551.0,75255.0,12038.0,51531.0,0.18936903207538267,0.4375812743823147,63569.0,133806.0
PA,Northumberland,19018.0,14329.0,7551.0,11932.0,0.387568649591952,0.5703061744684679,19483.0,33347.0
PA,Perry,13058.0,6396.0,5423.0,4364.0,0.5541023807091039,0.6712244268530894,9787.0,19454.0
PA,Philadelphia,117221.0,595980.0,22162.0,442430.0,0.04770206977304818,0.16435899557067363,464592.0,713201.0
PA,Pike,12518.0,11493.0,3160.0,6261.0,0.3354208682730071,0.5213443838240807,9421.0,24011.0
PA,Potter,5109.0,2300.0,2629.0,1681.0,0.6099767981438515,0.6895667431502227,4310.0,7409.0
PA,Schuylkill,33767.0,28300.0,13171.0,20890.0,0.38668858812131174,0.5440411168575894,34061.0,62067.0
PA,Snyder,9900.0,5382.0,4607.0,2957.0,0.6090692755156002,0.6478209658421673,7564.0,15282.0
PA,Somerset,21686.0,12878.0,10577.0,11969.0,0.46912977911824716,0.6274158083555144,22546.0,34564.0
PA,Sullivan,1841.0,1233.0,1012.0,1002.0,0.5024826216484608,0.5988939492517892,2014.0,3074.0
PA,Susquehanna,10633.0,8381.0,5369.0,5172.0,0.5093444644720615,0.5592195224571368,10541.0,19014.0
PA,Tioga,11326.0,6390.0,5507.0,3639.0,0.602121145856112,0.63930909911944,9146.0,17716.0
PA,Union,9859.0,7333.0,4708.0,4463.0,0.5133573219932396,0.573464402047464,9171.0,17192.0
PA,Venango,13718.0,9238.0,6389.0,6602.0,0.4918020167808483,0.5975779752570134,12991.0,22956.0
PA,Warren,9685.0,8537.0,5324.0,6109.0,0.46566955304819385,0.5315003841510262,11433.0,18222.0
PA,Washington,50752.0,46122.0,11379.0,43922.0,0.20576481437948682,0.5238970208724735,55301.0,96874.0
PA,Wayne,12702.0,9892.0,5388.0,5631.0,0.48897359106997007,0.5621846507922458,11019.0,22594.0
PA,Westmoreland,102294.0,72721.0,22966.0,74564.0,0.23547626371372912,0.5844870439676599,97530.0,175015.0
PA,Wyoming,6983.0,5985.0,4202.0,3630.0,0.5365168539325843,0.5384793337446021,7832.0,12968.0
PA,York,109268.0,82839.0,32519.0,53045.0,0.3800546959001449,0.5687871863076306,85564.0,192107.0
SC,ABBEVILLE,6264.0,4593.0,2133.0,3558.0,0.37480231945176595,0.5769549599336833,5691.0,10857.0
SC,AIKEN,42849.0,0.0,18302.0,14618.0,0.5559538274605104,1.0,32920.0,42849.0
SC,FAIRFIELD,3912.0,7591.0,1503.0,4969.0,0.23223114956736712,0.3400851951664783,6472.0,11503.0
SC,FLORENCE,29861.0,28012.0,11276.0,16752.0,0.40231197374054517,0.5159746341126259,28028.0,57873.0
SC,GEORGETOWN,15790.0,14199.0,6645.0,8909.0,0.4272212935579272,0.5265263930107706,15554.0,29989.0
SC,GREENVILLE,116363.0,70886.0,59038.0,42677.0,0.5804256992577299,0.6214345603981863,101715.0,187249.0
SC,GREENWOOD,16995.0,12348.0,6862.0,7388.0,0.48154385964912283,0.5791841325017891,14250.0,29343.0
SC,HAMPTON,3439.0,5816.0,851.0,3341.0,0.2030057251908397,0.3715829281469476,4192.0,9255.0
SC,HORRY,64609.0,38879.0,25585.0,25880.0,0.4971339745458078,0.6243139301175016,51465.0,103488.0
SC,JASPER,3365.0,5389.0,1064.0,3076.0,0.2570048309178744,0.38439570482065344,4140.0,8754.0
SC,KERSHAW,16466.0,11226.0,6891.0,8169.0,0.45756972111553784,0.5946121623573595,15060.0,27692.0
SC,LANCASTER,16441.0,12139.0,5024.0,7538.0,0.3999363158732686,0.5752624212736179,12562.0,28580.0
SC,LAURENS,15334.0,10578.0,5971.0,6979.0,0.4610810810810811,0.5917721518987342,12950.0,25912.0
SC,LEE,3074.0,5960.0,906.0,3780.0,0.19334186939820744,0.34027009076820897,4686.0,9034.0
SC,LEXINGTON,74960.0,33303.0,34504.0,22861.0,0.6014817397367733,0.6923879811200503,57365.0,108263.0
SC,MARION,5416.0,9608.0,1623.0,6418.0,0.20184056709364506,0.3604898828541001,8041.0,15024.0
SC,MARLBORO,3996.0,6794.0,757.0,4278.0,0.1503475670307845,0.37034291010194625,5035.0,10790.0
SC,MCCORMICK,2437.0,2755.0,1121.0,1775.0,0.387085635359116,0.4693759630200308,2896.0,5192.0
SC,NEWBERRY,9616.0,6708.0,3709.0,4551.0,0.44903147699757867,0.5890713060524382,8260.0,16324.0
SC,OCONEE,21164.0,9481.0,9221.0,7265.0,0.5593230619919932,0.6906183716756404,16486.0,30645.0
SC,ORANGEBURG,12115.0,27263.0,4590.0,18687.0,0.19719035958242043,0.30765909898928334,23277.0,39378.0
SC,PICKENS,32552.0,11691.0,14661.0,8273.0,0.6392692072904858,0.7357548086702981,22934.0,44243.0
SC,RICHLAND,57941.0,105656.0,28679.0,63461.0,0.31125461254612546,0.3541690862301876,92140.0,163597.0
SC,SALUDA,5191.0,3323.0,1974.0,2421.0,0.4491467576791809,0.6097016678412027,4395.0,8514.0
SC,SPARTANBURG,65042.0,41632.0,30161.0,25369.0,0.5431478480100846,0.6097268312803494,55530.0,106674.0
SC,SUMTER,18581.0,25431.0,7567.0,14978.0,0.3356398314482147,0.4221803144596928,22545.0,44012.0
SC,UNION,7449.0,5935.0,2061.0,4199.0,0.3292332268370607,0.5565600717274357,6260.0,13384.0
SC,WILLIAMSBURG,5004.0,11279.0,1522.0,7275.0,0.17301352733886552,0.3073143769575631,8797.0,16283.0
SC,YORK,54500.0,37918.0,20783.0,19343.0,0.5179434780441609,0.5897119608734229,40126.0,92418.0
TN,ANDERSON,19675.0,11396.0,7053.0,8001.0,0.46851335193304106,0.6332271249718386,15054.0,31071.0
TN,BEDFORD,10217.0,5027.0,3181.0,4092.0,0.43737109858380313,0.6702309105221727,7273.0,15244.0
TN,BENTON,3696.0,2645.0,829.0,3098.0,0.21110262286732875,0.5828733638227409,3927.0,6341.0
TN,BLEDSOE,3166.0,1517.0,1231.0,1769.0,0.4103333333333333,0.676062353192398,3000.0,4683.0
TN,BLOUNT,35571.0,15253.0,14963.0,9305.0,0.6165732652052085,0.69988588068629,24268.0,50824.0
TN,BRADLEY,28333.0,9357.0,11564.0,6186.0,0.6514929577464789,0.7517378615017246,17750.0,37690.0
TN,CAMPBELL,8535.0,3867.0,2487.0,3351.0,0.4260020554984584,0.6881954523463958,5838.0,12402.0
TN,CANNON,3322.0,2011.0,1162.0,1980.0,0.36982813494589434,0.6229139321207575,3142.0,5333.0
TN,CARROLL,7455.0,3980.0,2041.0,2875.0,0.41517493897477625,0.6519457804984696,4916.0,11435.0
TN,CARTER,15852.0,5587.0,7582.0,3335.0,0.694513144636805,0.7394001585894865,10917.0,21439.0
TN,CHEATHAM,10702.0,5498.0,3395.0,3811.0,0.47113516514016096,0.6606172839506173,7206.0,16200.0
TN,CHESTER,4587.0,1797.0,1206.0,1199.0,0.5014553014553015,0.7185150375939849,2405.0,6384.0
TN,CLAIBORNE,7175.0,3078.0,2275.0,2564.0,0.4701384583591651,0.6997951818979811,4839.0,10253.0
TN,CLAY,1676.0,1248.0,411.0,1038.0,0.2836438923395445,0.573187414500684,1449.0,2924.0
TN,COCKE,8945.0,3340.0,3338.0,2400.0,0.5817357964447543,0.7281237281237282,5738.0,12285.0
TN,COFFEE,13250.0,7132.0,4868.0,5822.0,0.45537885874649203,0.6500834069276813,10690.0,20382.0
TN,CROCKETT,3994.0,1967.0,985.0,1559.0,0.387185534591195,0.6700218084214058,2544.0,5961.0
TN,CUMBERLAND,17436.0,7889.0,8268.0,7377.0,0.5284755512943432,0.6884896347482724,15645.0,25325.0
TN,DAVIDSON,102915.0,158423.0,38844.0,86075.0,0.3109534978666176,0.3938003658097942,124919.0,261338.0
TN,DECATUR,3101.0,1566.0,924.0,1449.0,0.3893805309734513,0.6644525391043496,2373.0,4667.0
TN,DEKALB,4085.0,2832.0,1349.0,3088.0,0.30403425738111334,0.5905739482434581,4437.0,6917.0
TN,DICKSON,11677.0,7506.0,3917.0,5436.0,0.41879610820057733,0.6087160506698639,9353.0,19183.0
TN,DYER,9859.0,4411.0,2604.0,2822.0,0.47991153704386286,0.6908899789768745,5426.0,14270.0
TN,FAYETTE,12173.0,6892.0,3830.0,3023.0,0.5588793229242668,0.6384998688696565,6853.0,19065.0
TN,FENTRESS,4789.0,1831.0,1542.0,1537.0,0.5008119519324457,0.7234138972809667,3079.0,6620.0
TN,FRANKLIN,10539.0,6613.0,3441.0,5834.0,0.37099730458221025,0.6144472947761194,9275.0,17152.0
TN,GIBSON,13516.0,7406.0,3282.0,5940.0,0.35588809368900454,0.6460185450721728,9222.0,20922.0
TN,GILES,6902.0,4614.0,2584.0,3732.0,0.409119696010133,0.5993400486279958,6316.0,11516.0
TN,GRAINGER,5297.0,2066.0,2359.0,1755.0,0.573407875546913,0.7194078500611164,4114.0,7363.0
TN,GREENE,17151.0,7110.0,7470.0,4547.0,0.6216193725555463,0.7069370594781749,12017.0,24261.0
TN,GRUNDY,2563.0,1971.0,749.0,2252.0,0.24958347217594135,0.5652845169827967,3001.0,4534.0
TN,HAMBLEN,15508.0,6807.0,7002.0,4807.0,0.5929375899737488,0.6949585480618418,11809.0,22315.0
TN,HAMILTON,81702.0,64246.0,36002.0,37841.0,0.48754790569180556,0.559802121303478,73843.0,145948.0
TN,HANCOCK,1588.0,604.0,1038.0,329.0,0.75932699341624,0.7244525547445255,1367.0,2192.0
TN,HARDEMAN,5225.0,5919.0,1644.0,3397.0,0.3261257686966872,0.46886216798277097,5041.0,11144.0
TN,HARDIN,7077.0,2794.0,2118.0,2145.0,0.4968332160450387,0.7169486374227535,4263.0,9871.0
TN,HAWKINS,14756.0,5930.0,6706.0,3597.0,0.6508783849364262,0.7133326887750169,10303.0,20686.0
TN,HAYWOOD,3165.0,4893.0,858.0,2102.0,0.28986486486486485,0.39277736411020103,2960.0,8058.0
TN,HENDERSON,7669.0,3021.0,2711.0,1798.0,0.6012419605233976,0.717399438727783,4509.0,10690.0
TN,HENRY,8182.0,5153.0,2420.0,4053.0,0.3738606519388228,0.6135733033370828,6473.0,13335.0
TN,HICKMAN,4784.0,3563.0,1526.0,2765.0,0.3556280587275693,0.5731400503174794,4291.0,8347.0
TN,HOUSTON,1608.0,1678.0,524.0,1319.0,0.28431904503526856,0.4893487522824102,1843.0,3286.0
TN,HUMPHREYS,3818.0,3600.0,1267.0,3088.0,0.2909299655568312,0.5146939875977352,4355.0,7418.0
TN,JACKSON,2185.0,2224.0,799.0,2020.0,0.283433841787868,0.4955772283964618,2819.0,4409.0
TN,JEFFERSON,13092.0,5178.0,5397.0,3462.0,0.6092109718929902,0.7165845648604269,8859.0,18270.0
TN,JOHNSON,4621.0,1837.0,1681.0,930.0,0.6438146304098047,0.7155466088572313,2611.0,6458.0
TN,KNOX,113015.0,70215.0,51870.0,38602.0,0.5733265540719781,0.6167931015663374,90472.0,183230.0
TN,LAKE,1175.0,1024.0,241.0,638.0,0.27417519908987487,0.5343337880854934,879.0,2199.0
TN,LAUDERDALE,4933.0,4322.0,1206.0,2569.0,0.3194701986754967,0.5330091842247434,3775.0,9255.0
TN,LAWRENCE,10566.0,5161.0,3497.0,4007.0,0.4660181236673774,0.6718382399694792,7504.0,15727.0
TN,LEWIS,2951.0,1804.0,929.0,1286.0,0.41941309255079007,0.6206098843322818,2215.0,4755.0
TN,LINCOLN,9231.0,3695.0,4095.0,3522.0,0.5376132335565184,0.7141420393006344,7617.0,12926.0
TN,LOUDON,15815.0,6058.0,7307.0,3813.0,0.6571043165467626,0.7230375348603301,11120.0,21873.0
TN,MACON,5145.0,2060.0,2699.0,1600.0,0.6278204233542685,0.714087439278279,4299.0,7205.0
TN,MADISON,23290.0,20209.0,9966.0,8864.0,0.5292618162506638,0.5354146072323501,18830.0,43499.0
TN,MARION,6746.0,4506.0,2416.0,4498.0,0.3494359271044258,0.5995378599360114,6914.0,11252.0
TN,MARSHALL,6755.0,4320.0,2036.0,3042.0,0.40094525403702247,0.6099322799097066,5078.0,11075.0
TN,MAURY,20288.0,13058.0,6269.0,7406.0,0.4584277879341865,0.6084088046542314,13675.0,33346.0
TN,MCMINN,12989.0,5541.0,6183.0,3863.0,0.6154688433207247,0.7009713977334053,10046.0,18530.0
TN,MCNAIRY,7135.0,3131.0,2233.0,2578.0,0.46414466846809393,0.6950126631599455,4811.0,10266.0
TN,MEIGS,2797.0,1372.0,1213.0,1171.0,0.5088087248322147,0.6709042935955865,2384.0,4169.0
TN,MONROE,11484.0,5053.0,4955.0,3732.0,0.570392540577875,0.6944427647094394,8687.0,16537.0
TN,MONTGOMERY,30175.0,25716.0,9586.0,12955.0,0.4252695088949026,0.539890143314666,22541.0,55891.0
TN,MOORE,2010.0,881.0,699.0,717.0,0.4936440677966102,0.6952611553095814,1416.0,2891.0
TN,MORGAN,4717.0,1969.0,1529.0,1680.0,0.4764724213150514,0.705504038288962,3209.0,6686.0
TN,OBION,8873.0,4308.0,1758.0,4491.0,0.2813250120019203,0.6731659206433502,6249.0,13181.0
TN,OVERTON,4497.0,3419.0,1398.0,3651.0,0.2768865121806298,0.568089944416372,5049.0,7916.0
TN,PERRY,1596.0,1329.0,355.0,1531.0,0.18822905620360553,0.5456410256410257,1886.0,2925.0
TN,PICKETT,1786.0,854.0,981.0,690.0,0.5870736086175943,0.6765151515151515,1671.0,2640.0
TN,POLK,4267.0,2124.0,1656.0,3165.0,0.343497199751089,0.667657643561258,4821.0,6391.0
TN,PUTNAM,17101.0,9739.0,5619.0,8372.0,0.4016153241369452,0.6371460506706408,13991.0,26840.0
TN,RHEA,8042.0,2907.0,3373.0,2647.0,0.5602990033222591,0.7344963010320578,6020.0,10949.0
TN,ROANE,15658.0,7224.0,5724.0,5569.0,0.5068626582838927,0.6842933310025348,11293.0,22882.0
TN,ROBERTSON,17903.0,9318.0,5508.0,6387.0,0.4630517023959647,0.6576907534624004,11895.0,27221.0
TN,RUTHERFORD,59892.0,40460.0,19802.0,21254.0,0.48231683554169913,0.5968191964285714,41056.0,100352.0
TN,SCOTT,4931.0,1720.0,1410.0,1503.0,0.4840370751802266,0.7413922718388213,2913.0,6651.0
TN,SEQUATCHIE,3610.0,1717.0,1258.0,1364.0,0.4797864225781846,0.6776797446968275,2622.0,5327.0
TN,SEVIER,24922.0,8604.0,13350.0,5121.0,0.7227545882735098,0.7433633597804689,18471.0,33526.0
TN,SHELBY,145458.0,256297.0,50320.0,98061.0,0.33912697717362733,0.36205647720625755,148381.0,401755.0
TN,SMITH,4563.0,2992.0,1657.0,3030.0,0.35353104331128654,0.6039708802117802,4687.0,7555.0
TN,STEWART,2956.0,2470.0,1042.0,2066.0,0.33526383526383524,0.5447843715444157,3108.0,5426.0
TN,SULLIVAN,44808.0,18354.0,13928.0,9408.0,0.5968460747343161,0.7094138880972737,23336.0,63162.0
TN,SUMNER,44949.0,21487.0,15027.0,13102.0,0.5342173557538483,0.6765759527966765,28129.0,66436.0
TN,TIPTON,17165.0,7931.0,4456.0,3547.0,0.556791203298763,0.683973541600255,8003.0,25096.0
TN,TROUSDALE,1688.0,1475.0,507.0,1076.0,0.3202779532533165,0.5336705659184319,1583.0,3163.0
TN,UNICOI,5011.0,2107.0,2678.0,1046.0,0.7191192266380236,0.7039898847991009,3724.0,7118.0
TN,UNION,4467.0,1829.0,1450.0,1539.0,0.4851120776179324,0.7094980940279543,2989.0,6296.0
TN,VAN BUREN,1294.0,849.0,428.0,815.0,0.34432823813354785,0.6038264115725618,1243.0,2143.0
TN,WARREN,8562.0,5515.0,2703.0,5169.0,0.3433689024390244,0.6082261845563686,7872.0,14077.0
TN,WASHINGTON,32341.0,15941.0,15583.0,9786.0,0.6142536166187079,0.6698355494801376,25369.0,48282.0
TN,WAYNE,4076.0,1355.0,1295.0,1051.0,0.552003410059676,0.7505063524212852,2346.0,5431.0
TN,WEAKLEY,8855.0,4596.0,2353.0,3405.0,0.4086488364015283,0.6583153668872203,5758.0,13451.0
TN,WHITE,6103.0,3372.0,1997.0,3223.0,0.3825670498084291,0.6441160949868074,5220.0,9475.0
TN,WILLIAMSON,64858.0,27886.0,24144.0,14700.0,0.6215631757800433,0.6993228672474769,38844.0,92744.0
TN,WILSON,34595.0,15886.0,11699.0,10547.0,0.5258922952440889,0.6853073433569066,22246.0,50481.0
TX,ANDERSON,11884.0,4630.0,4203.0,5305.0,0.4420488010096761,0.7196318275402689,9508.0,16514.0
TX,ANDREWS,3816.0,790.0,983.0,1253.0,0.4396243291592129,0.8284845853234911,2236.0,4606.0
TX,ANGELINA,19569.0,9379.0,4985.0,12586.0,0.2837061066530078,0.6760052507945281,17571.0,28948.0
TX,ARANSAS,6693.0,3006.0,4195.0,2459.0,0.6304478509167418,0.6900711413547789,6654.0,9699.0
TX,ARCHER,3595.0,740.0,1289.0,1142.0,0.530234471410942,0.8292964244521338,2431.0,4335.0
TX,ARMSTRONG,856.0,128.0,525.0,0.0,1.0,0.8699186991869918,525.0,984.0
TX,ATASCOSA,5462.0,4415.0,1785.0,5589.0,0.24206672091131,0.5530019236610306,7374.0,9877.0
TX,AUSTIN,8786.0,2821.0,2932.0,2991.0,0.49501941583656933,0.7569570087016455,5923.0,11607.0
TX,BAILEY,1618.0,682.0,682.0,507.0,0.5735912531539108,0.7034782608695652,1189.0,2300.0
TX,BANDERA,6935.0,2250.0,4074.0,1767.0,0.6974833076527992,0.7550353837778987,5841.0,9185.0
TX,BASTROP,13817.0,11687.0,4684.0,11259.0,0.29379665056764726,0.5417581555834379,15943.0,25504.0
TX,BAYLOR,1262.0,366.0,132.0,910.0,0.12667946257197696,0.7751842751842751,1042.0,1628.0
TX,BEE,4471.0,3645.0,915.0,4417.0,0.17160540135033758,0.5508871365204534,5332.0,8116.0
TX,BELL,49242.0,40413.0,17906.0,24248.0,0.4247758219860511,0.5492387485360549,42154.0,89655.0
TX,BEXAR,246275.0,275527.0,69663.0,204157.0,0.25441165729311227,0.47197021092291713,273820.0,521802.0
TX,BLANCO,3418.0,1467.0,1059.0,1392.0,0.4320685434516524,0.6996929375639713,2451.0,4885.0
TX,BORDEN,316.0,40.0,0.0,139.0,0.0,0.8876404494382022,139.0,356.0
TX,BOSQUE,5762.0,1797.0,1444.0,3105.0,0.3174324027258738,0.7622701415531155,4549.0,7559.0
TX,BOWIE,24162.0,10815.0,7562.0,9906.0,0.432905885046943,0.6907968093318466,17468.0,34977.0
TX,BRAZORIA,67515.0,36480.0,23545.0,29192.0,0.44646073913950357,0.6492139045146401,52737.0,103995.0
TX,BRAZOS,37465.0,20502.0,13195.0,13840.0,0.48807101904938044,0.6463160073835114,27035.0,57967.0
TX,BREWSTER,1855.0,1970.0,917.0,2250.0,0.2895484685822545,0.4849673202614379,3167.0,3825.0
TX,BRISCOE,617.0,205.0,274.0,274.0,0.5,0.7506082725060828,548.0,822.0
TX,BROOKS,556.0,1747.0,0.0,3185.0,0.0,0.24142422926617454,3185.0,2303.0
TX,BROWN,12052.0,2822.0,5183.0,2611.0,0.6649987169617655,0.8102729595266909,7794.0,14874.0
TX,BURLESON,4547.0,2053.0,1313.0,2216.0,0.3720600736752621,0.688939393939394,3529.0,6600.0
TX,BURNET,12059.0,4608.0,5757.0,4321.0,0.5712442945028775,0.7235255294894102,10078.0,16667.0
TX,CALDWELL,6107.0,5403.0,1675.0,5123.0,0.24639599882318328,0.5305821025195482,6798.0,11510.0
TX,CALHOUN,4106.0,2729.0,818.0,3710.0,0.18065371024734983,0.6007315288953914,4528.0,6835.0
TX,CALLAHAN,4589.0,1063.0,1302.0,1422.0,0.4779735682819383,0.8119249823071479,2724.0,5652.0
TX,CAMERON,26671.0,48480.0,4822.0,48529.0,0.0903825607767427,0.35489880374179983,53351.0,75151.0
TX,CAMP,2798.0,1734.0,736.0,1870.0,0.28242517267843437,0.6173874669020301,2606.0,4532.0
TX,CARSON,2548.0,406.0,979.0,574.0,0.630392788151964,0.8625592417061612,1553.0,2954.0
TX,CASS,8279.0,3490.0,1484.0,5519.0,0.21190918177923748,0.7034582377432237,7003.0,11769.0
TX,CASTRO,1562.0,719.0,401.0,940.0,0.29903057419835943,0.68478737395879,1341.0,2281.0
TX,CHAMBERS,9988.0,3188.0,3377.0,3386.0,0.49933461481591007,0.7580449301760778,6763.0,13176.0
TX,CHEROKEE,11695.0,4610.0,4011.0,5230.0,0.43404393463910834,0.7172646427476235,9241.0,16305.0
TX,CHILDRESS,1782.0,497.0,343.0,636.0,0.3503575076608784,0.7819218955682317,979.0,2279.0
TX,CLAY,4213.0,1085.0,1125.0,2073.0,0.3517823639774859,0.795205738014345,3198.0,5298.0
TX,COCHRAN,758.0,284.0,281.0,329.0,0.460655737704918,0.727447216890595,610.0,1042.0
TX,COKE,1252.0,299.0,133.0,758.0,0.14927048260381592,0.8072211476466795,891.0,1551.0
TX,COLEMAN,3011.0,643.0,1777.0,704.0,0.7162434502216848,0.8240284619594964,2481.0,3654.0
TX,COLLIN,184897.0,109047.0,51556.0,72518.0,0.4155262182246079,0.6290211741011893,124074.0,293944.0
TX,COLLINGSWORTH,943.0,234.0,193.0,550.0,0.2597577388963661,0.8011894647408666,743.0,1177.0
TX,COLORADO,5795.0,2508.0,1856.0,2950.0,0.3861839367457345,0.6979405034324943,4806.0,8303.0
TX,COMAL,35233.0,12384.0,14950.0,9946.0,0.6004980719794345,0.739924816767121,24896.0,47617.0
TX,COMANCHE,3813.0,1334.0,890.0,2021.0,0.3057368601855033,0.7408198950845153,2911.0,5147.0
TX,CONCHO,807.0,257.0,323.0,340.0,0.48717948717948717,0.7584586466165414,663.0,1064.0
TX,COOKE,11871.0,3051.0,5855.0,2785.0,0.6776620370370371,0.7955367913148371,8640.0,14922.0
TX,CORYELL,11550.0,6619.0,3478.0,4957.0,0.41232957913455837,0.6356981672078815,8435.0,18169.0
TX,COTTLE,509.0,187.0,0.0,471.0,0.0,0.7313218390804598,471.0,696.0
TX,CRANE,1119.0,319.0,320.0,583.0,0.35437430786268,0.778164116828929,903.0,1438.0
TX,CROCKETT,1026.0,512.0,0.0,1166.0,0.0,0.6671001300390117,1166.0,1538.0
TX,CROSBY,1221.0,684.0,140.0,1151.0,0.10844306738962045,0.6409448818897637,1291.0,1905.0
TX,CULBERSON,257.0,492.0,0.0,526.0,0.0,0.3431241655540721,526.0,749.0
TX,DALLAM,1269.0,302.0,639.0,234.0,0.7319587628865979,0.8077657542966263,873.0,1571.0
TX,DALLAS,310000.0,422989.0,92045.0,297687.0,0.23617511520737328,0.4229258556403984,389732.0,732989.0
TX,DAWSON,2906.0,1152.0,1423.0,1245.0,0.5333583208395802,0.7161163134549039,2668.0,4058.0
TX,DEAF SMITH,3466.0,1247.0,1850.0,968.0,0.6564939673527325,0.7354126883089327,2818.0,4713.0
TX,DELTA,1580.0,589.0,650.0,941.0,0.4085480829666876,0.7284462886122637,1591.0,2169.0
TX,DENTON,149935.0,91160.0,38610.0,54826.0,0.41322402500107025,0.6218917853957984,93436.0,241095.0
TX,DEWITT,4888.0,1716.0,1873.0,1732.0,0.5195561719833565,0.7401574803149606,3605.0,6604.0
TX,DICKENS,730.0,234.0,0.0,612.0,0.0,0.7572614107883817,612.0,964.0
TX,DIMMIT,874.0,2692.0,18.0,3174.0,0.005639097744360902,0.24509254066180594,3192.0,3566.0
TX,DONLEY,1374.0,291.0,441.0,461.0,0.48891352549889133,0.8252252252252252,902.0,1665.0
TX,DUVAL,1076.0,3298.0,0.0,5053.0,0.0,0.24599908550525834,5053.0,4374.0
TX,EASTLAND,5165.0,1271.0,2148.0,1540.0,0.5824295010845987,0.8025170913610938,3688.0,6436.0
TX,ECTOR,26199.0,9123.0,10383.0,8191.0,0.5590072143857004,0.7417190419568541,18574.0,35322.0
TX,EDWARDS,673.0,346.0,271.0,321.0,0.4577702702702703,0.6604514229636899,592.0,1019.0
TX,EL PASO,61783.0,122021.0,18727.0,103114.0,0.1537003143441042,0.3361352310069422,121841.0,183804.0
TX,ELLIS,38078.0,15333.0,13353.0,12950.0,0.5076607231114322,0.7129243039823258,26303.0,53411.0
TX,ERATH,10768.0,3128.0,3261.0,2720.0,0.5452265507440227,0.7748992515831894,5981.0,13896.0
TX,FALLS,3328.0,2225.0,853.0,2626.0,0.24518539810290313,0.599315685215199,3479.0,5553.0
TX,FANNIN,8092.0,3464.0,2808.0,4218.0,0.3996584116140051,0.7002422983731394,7026.0,11556.0
TX,FAYETTE,7582.0,3014.0,1516.0,5568.0,0.2140033879164314,0.7155530388825972,7084.0,10596.0
TX,FISHER,1083.0,687.0,86.0,1168.0,0.0685805422647528,0.611864406779661,1254.0,1770.0
TX,FLOYD,1784.0,730.0,928.0,577.0,0.6166112956810631,0.7096260938743039,1505.0,2514.0
TX,FOARD,327.0,198.0,0.0,432.0,0.0,0.6228571428571429,432.0,525.0
TX,FORT BEND,103206.0,98368.0,35165.0,69785.0,0.33506431634111483,0.5120005556272138,104950.0,201574.0
TX,FRANKLIN,3392.0,1036.0,1167.0,1158.0,0.5019354838709678,0.7660343270099368,2325.0,4428.0
TX,FREESTONE,5205.0,2034.0,1237.0,2801.0,0.30633977216443786,0.7190219643597182,4038.0,7239.0
TX,FRIO,1644.0,2405.0,54.0,4226.0,0.012616822429906542,0.40602617930353174,4280.0,4049.0
TX,GAINES,3385.0,650.0,1722.0,596.0,0.7428817946505608,0.838909541511772,2318.0,4035.0
TX,GALVESTON,62258.0,41805.0,15547.0,39557.0,0.28213922764227645,0.5982722004939316,55104.0,104063.0
TX,GARZA,1356.0,375.0,459.0,629.0,0.421875,0.7833622183708839,1088.0,1731.0
TX,GILLESPIE,9563.0,2576.0,5754.0,2043.0,0.7379761446710273,0.7877914160968779,7797.0,12139.0
TX,GLASSCOCK,502.0,52.0,442.0,19.0,0.9587852494577006,0.9061371841155235,461.0,554.0
TX,GOLIAD,2298.0,1329.0,822.0,1261.0,0.39462313970235235,0.6335814722911497,2083.0,3627.0
TX,GONZALES,4076.0,2167.0,1032.0,3036.0,0.2536873156342183,0.6528912381867692,4068.0,6243.0
TX,GRAY,6924.0,1153.0,3149.0,1212.0,0.7220820912634717,0.8572489785811563,4361.0,8077.0
TX,GRAYSON,31136.0,13900.0,10402.0,11989.0,0.464561654236077,0.691358024691358,22391.0,45036.0
TX,GREGG,29203.0,13166.0,11231.0,11185.0,0.5010260528194147,0.6892539356605065,22416.0,42369.0
TX,GRIMES,5562.0,2704.0,1846.0,2825.0,0.39520445300792123,0.6728768449068473,4671.0,8266.0
TX,GUADALUPE,30869.0,16156.0,10883.0,12542.0,0.46458911419423693,0.6564380648591175,23425.0,47025.0
TX,HALE,7171.0,2708.0,2351.0,2251.0,0.510864841373316,0.7258831865573439,4602.0,9879.0
TX,HALL,930.0,324.0,0.0,813.0,0.0,0.7416267942583732,813.0,1254.0
TX,HAMILTON,2876.0,863.0,761.0,1424.0,0.3482837528604119,0.7691896228938219,2185.0,3739.0
TX,HANSFORD,1847.0,240.0,1236.0,0.0,1.0,0.8850023957834212,1236.0,2087.0
TX,HARDEMAN,1199.0,373.0,0.0,1086.0,0.0,0.7627226463104325,1086.0,1572.0
TX,HARDIN,16603.0,3939.0,2539.0,8880.0,0.22234871705052983,0.8082465193262584,11419.0,20542.0
TX,HARRIS,571883.0,590982.0,169448.0,407102.0,0.29389992194952735,0.4917879547496915,576550.0,1162865.0
TX,HARRISON,17103.0,8887.0,4394.0,9170.0,0.32394573872014154,0.6580607926125432,13564.0,25990.0
TX,HARTLEY,1711.0,250.0,773.0,322.0,0.7059360730593607,0.8725140234574197,1095.0,1961.0
TX,HASKELL,1388.0,699.0,140.0,1298.0,0.09735744089012517,0.6650694777192142,1438.0,2087.0
TX,HAYS,29638.0,28431.0,8001.0,20031.0,0.285423801369863,0.5103928085553393,28032.0,58069.0
TX,HEMPHILL,1345.0,216.0,1028.0,126.0,0.8908145580589255,0.8616271620755925,1154.0,1561.0
TX,HENDERSON,20857.0,7913.0,9475.0,8260.0,0.5342542994079503,0.7249565519638512,17735.0,28770.0
TX,HIDALGO,39668.0,90261.0,5753.0,84892.0,0.06346737271774505,0.3053052051505053,90645.0,129929.0
TX,HILL,9264.0,3811.0,3608.0,4224.0,0.4606741573033708,0.7085277246653919,7832.0,13075.0
TX,HOCKLEY,5795.0,1797.0,2761.0,1341.0,0.6730862993661628,0.7633034773445733,4102.0,7592.0
TX,HOOD,17299.0,5087.0,7514.0,4862.0,0.6071428571428571,0.7727597605646386,12376.0,22386.0
TX,HOPKINS,9299.0,3530.0,2541.0,4428.0,0.3646147223417994,0.7248421544937251,6969.0,12829.0
TX,HOUSTON,5872.0,2656.0,2546.0,3021.0,0.45733788395904434,0.6885553470919324,5567.0,8528.0
TX,HOWARD,7029.0,2545.0,3127.0,2280.0,0.5783243943036804,0.7341758930436599,5407.0,9574.0
TX,HUDSPETH,458.0,430.0,0.0,477.0,0.0,0.5157657657657657,477.0,888.0
TX,HUNT,20573.0,8594.0,8318.0,7651.0,0.5208842131630034,0.7053519388349847,15969.0,29167.0
TX,HUTCHINSON,7361.0,1322.0,3170.0,1538.0,0.673322005097706,0.8477484740297132,4708.0,8683.0
TX,IRION,644.0,164.0,77.0,512.0,0.1307300509337861,0.7970297029702971,589.0,808.0
TX,JACK,2528.0,470.0,563.0,773.0,0.4214071856287425,0.8432288192128086,1336.0,2998.0
TX,JACKSON,3723.0,1301.0,936.0,1913.0,0.3285363285363285,0.7410429936305732,2849.0,5024.0
TX,JASPER,9022.0,3658.0,1005.0,7062.0,0.12458162885831164,0.7115141955835962,8067.0,12680.0
TX,JEFF DAVIS,749.0,468.0,201.0,681.0,0.22789115646258504,0.6154478225143796,882.0,1217.0
TX,JEFFERSON,42905.0,44888.0,7655.0,42730.0,0.15193013793787832,0.4887063888920529,50385.0,87793.0
TX,JIM HOGG,472.0,1336.0,12.0,2281.0,0.005233318796336677,0.2610619469026549,2293.0,1808.0
TX,JIM WELLS,4841.0,6706.0,450.0,9898.0,0.04348666408967917,0.41924309344418464,10348.0,11547.0
TX,JOHNSON,36685.0,12912.0,10452.0,7071.0,0.5964732066426982,0.7396616730850656,17523.0,49597.0
TX,JONES,4203.0,1528.0,1103.0,2056.0,0.3491611269389047,0.7333798638980981,3159.0,5731.0
TX,KARNES,2736.0,1760.0,278.0,2944.0,0.08628181253879579,0.608540925266904,3222.0,4496.0
TX,KAUFMAN,23735.0,11161.0,8081.0,9723.0,0.4538867670186475,0.6801639156350298,17804.0,34896.0
TX,KENDALL,12971.0,3599.0,6284.0,2887.0,0.6852033584123869,0.7828002414001207,9171.0,16570.0
TX,KENEDY,94.0,108.0,10.0,185.0,0.05128205128205128,0.46534653465346537,195.0,202.0
TX,KENT,342.0,99.0,0.0,250.0,0.0,0.7755102040816326,250.0,441.0
TX,KERR,16752.0,5570.0,8665.0,4558.0,0.6552975875368676,0.7504703879580683,13223.0,22322.0
TX,KIMBLE,1487.0,342.0,991.0,284.0,0.7772549019607843,0.8130125751776928,1275.0,1829.0
TX,KING,151.0,8.0,20.0,84.0,0.19230769230769232,0.949685534591195,104.0,159.0
TX,KINNEY,907.0,633.0,201.0,976.0,0.1707731520815633,0.5889610389610389,1177.0,1540.0
TX,KLEBERG,4540.0,5256.0,831.0,5959.0,0.12238586156111929,0.4634544712127399,6790.0,9796.0
TX,KNOX,986.0,367.0,239.0,543.0,0.30562659846547313,0.7287509238728751,782.0,1353.0
TX,LAMAR,12952.0,5243.0,2339.0,9040.0,0.20555409086914492,0.7118439131629568,11379.0,18195.0
TX,LAMB,3344.0,1156.0,1209.0,1314.0,0.47919143876337694,0.7431111111111111,2523.0,4500.0
TX,LAMPASAS,5651.0,1903.0,2522.0,1605.0,0.6110976496244245,0.748080487159121,4127.0,7554.0
TX,LASALLE,714.0,1052.0,0.0,1392.0,0.0,0.4043035107587769,1392.0,1766.0
TX,LAVACA,6293.0,1869.0,1014.0,4157.0,0.19609359891703732,0.7710120068610634,5171.0,8162.0
TX,LEE,4312.0,2000.0,770.0,2934.0,0.20788336933045357,0.6831432192648923,3704.0,6312.0
TX,LEON,5566.0,1418.0,1896.0,2030.0,0.4829342842587876,0.7969644902634594,3926.0,6984.0
TX,LIBERTY,15448.0,5991.0,3530.0,8437.0,0.29497785577003427,0.7205559960819068,11967.0,21439.0
TX,LIMESTONE,5079.0,2516.0,1153.0,3829.0,0.23143315937374548,0.6687294272547729,4982.0,7595.0
TX,LIPSCOMB,1093.0,155.0,460.0,211.0,0.6855439642324889,0.875801282051282,671.0,1248.0
TX,LIVE OAK,3095.0,1048.0,741.0,1429.0,0.34147465437788016,0.7470432054067101,2170.0,4143.0
TX,LLANO,7281.0,2250.0,4506.0,2093.0,0.6828307319290802,0.7639282341831917,6599.0,9531.0
TX,LOVING,67.0,12.0,0.0,24.0,0.0,0.8481012658227848,24.0,79.0
TX,LUBBOCK,66304.0,30486.0,23430.0,23955.0,0.49446027223805,0.6850294451906188,47385.0,96790.0
TX,LYNN,1473.0,627.0,467.0,647.0,0.41921005385996407,0.7014285714285714,1114.0,2100.0
TX,MADISON,2891.0,1146.0,729.0,1405.0,0.3416119962511715,0.7161258360168442,2134.0,4037.0
TX,MARION,2567.0,1644.0,387.0,2287.0,0.14472700074794315,0.609593920683923,2674.0,4211.0
TX,MARTIN,1389.0,314.0,619.0,458.0,0.574744661095636,0.815619495008808,1077.0,1703.0
TX,MASON,1544.0,546.0,1134.0,412.0,0.7335058214747736,0.738755980861244,1546.0,2090.0
TX,MATAGORDA,7835.0,4440.0,1820.0,6380.0,0.22195121951219512,0.6382892057026477,8200.0,12275.0
TX,MAVERICK,2316.0,8554.0,0.0,9661.0,0.0,0.21306347746090157,9661.0,10870.0
TX,MCCULLOCH,2263.0,728.0,932.0,786.0,0.5424912689173458,0.7566031427616182,1718.0,2991.0
TX,MCLENNAN,49044.0,29998.0,18268.0,24526.0,0.4268822732158714,0.6204802510057944,42794.0,79042.0
TX,MCMULLEN,400.0,132.0,38.0,359.0,0.09571788413098237,0.7518796992481203,397.0,532.0
TX,MEDINA,10480.0,5147.0,4652.0,4344.0,0.5171187194308582,0.6706341588276701,8996.0,15627.0
TX,MENARD,712.0,295.0,360.0,303.0,0.5429864253393665,0.7070506454816285,663.0,1007.0
TX,MIDLAND,36155.0,9691.0,13087.0,7591.0,0.6328948641067802,0.7886184181826114,20678.0,45846.0
TX,MILAM,5217.0,3044.0,721.0,4854.0,0.12932735426008968,0.6315216075535649,5575.0,8261.0
TX,MILLS,1753.0,398.0,487.0,772.0,0.3868149324861001,0.8149697814969782,1259.0,2151.0
TX,MITCHELL,1815.0,586.0,350.0,1075.0,0.24561403508771928,0.7559350270720533,1425.0,2401.0
TX,MONTAGUE,6245.0,1597.0,2203.0,2383.0,0.48037505451373747,0.7963529711808213,4586.0,7842.0
TX,MONTGOMERY,119884.0,36703.0,41272.0,30988.0,0.5711597010794354,0.7656063402453588,72260.0,156587.0
TX,MOORE,4282.0,1123.0,2518.0,852.0,0.7471810089020772,0.7922294172062905,3370.0,5405.0
TX,MORRIS,3158.0,2055.0,331.0,2867.0,0.10350218886804252,0.6057932092844811,3198.0,5213.0
TX,MOTLEY,522.0,67.0,177.0,150.0,0.5412844036697247,0.8862478777589134,327.0,589.0
TX,NACOGDOCHES,14828.0,8393.0,6585.0,5885.0,0.5280673616680032,0.6385599242065372,12470.0,23221.0
TX,NAVARRO,10810.0,5400.0,3727.0,5853.0,0.38903966597077244,0.6668723010487353,9580.0,16210.0
TX,NEWTON,3446.0,1751.0,309.0,2764.0,0.10055320533680442,0.6630748508755051,3073.0,5197.0
TX,NOLAN,3485.0,1521.0,287.0,3049.0,0.08603117505995204,0.6961646024770276,3336.0,5006.0
TX,NUECES,52391.0,47912.0,12828.0,48966.0,0.2075929701912807,0.5223273481351505,61794.0,100303.0
TX,OCHILTREE,2851.0,243.0,2039.0,122.0,0.9435446552521981,0.9214608920491273,2161.0,3094.0
TX,OLDHAM,813.0,102.0,194.0,229.0,0.458628841607565,0.8885245901639345,423.0,915.0
TX,ORANGE,21509.0,7646.0,3083.0,15630.0,0.16475177683963022,0.7377465271823015,18713.0,29155.0
TX,PALO PINTO,7264.0,2499.0,1993.0,3078.0,0.39301912837704595,0.7440335962306668,5071.0,9763.0
TX,PANOLA,7582.0,2586.0,858.0,4849.0,0.15034168564920272,0.7456726986624705,5707.0,10168.0
TX,PARKER,36974.0,10502.0,15285.0,9151.0,0.6255115403503029,0.7787934956609656,24436.0,47476.0
TX,PARMER,2969.0,719.0,813.0,632.0,0.5626297577854671,0.8050433839479393,1445.0,3688.0
TX,PECOS,2480.0,1476.0,523.0,1894.0,0.21638394704178734,0.6268958543983822,2417.0,3956.0
TX,POLK,13731.0,6230.0,4453.0,6315.0,0.41354011887072806,0.6878913882070037,10768.0,19961.0
TX,POTTER,20761.0,8939.0,8925.0,7234.0,0.552323782412278,0.699023569023569,16159.0,29700.0
TX,PRESIDIO,489.0,1252.0,35.0,1703.0,0.020138089758342925,0.28087306145893165,1738.0,1741.0
TX,RAINS,3146.0,1048.0,837.0,1554.0,0.35006273525721454,0.7501192179303767,2391.0,4194.0
TX,RANDALL,41948.0,9468.0,15068.0,9697.0,0.6084393296991722,0.8158549867745449,24765.0,51416.0
TX,REAGAN,795.0,197.0,775.0,72.0,0.9149940968122786,0.8014112903225806,847.0,992.0
TX,REAL,1238.0,375.0,938.0,201.0,0.8235294117647058,0.7675139491630503,1139.0,1613.0
TX,RED RIVER,3461.0,1539.0,209.0,3192.0,0.061452513966480445,0.6922,3401.0,5000.0
TX,REEVES,1445.0,1606.0,0.0,2229.0,0.0,0.47361520812848246,2229.0,3051.0
TX,REFUGIO,1855.0,1382.0,276.0,2096.0,0.1163575042158516,0.5730614766759345,2372.0,3237.0
TX,ROBERTS,477.0,41.0,261.0,0.0,1.0,0.9208494208494209,261.0,518.0
TX,ROBERTSON,3980.0,2675.0,748.0,3538.0,0.17452169855342978,0.5980465815176559,4286.0,6655.0
TX,ROCKWALL,23300.0,8492.0,7704.0,7909.0,0.4934349580477807,0.7328887770508304,15613.0,31792.0
TX,RUNNELS,3118.0,720.0,837.0,1125.0,0.42660550458715596,0.8124022928608651,1962.0,3838.0
TX,RUSK,13646.0,4983.0,5207.0,5107.0,0.5048477797168897,0.7325138225347576,10314.0,18629.0
TX,SABINE,3749.0,1077.0,943.0,2715.0,0.25779114270092945,0.7768338168255284,3658.0,4826.0
TX,SAN AUGUSTINE,2342.0,1328.0,178.0,2805.0,0.05967147167281261,0.6381471389645776,2983.0,3670.0
TX,SAN JACINTO,6151.0,2721.0,1474.0,4213.0,0.25918762088974856,0.6933047790802525,5687.0,8872.0
TX,SAN PATRICIO,12404.0,8854.0,3030.0,9335.0,0.2450465022240194,0.5834979772321008,12365.0,21258.0
TX,SAN SABA,1941.0,487.0,291.0,514.0,0.36149068322981365,0.7994233937397035,805.0,2428.0
TX,SCHLEICHER,970.0,324.0,261.0,348.0,0.42857142857142855,0.749613601236476,609.0,1294.0
TX,SCURRY,4414.0,1088.0,2155.0,963.0,0.6911481719050674,0.802253725917848,3118.0,5502.0
TX,SHACKELFORD,1284.0,208.0,149.0,719.0,0.1716589861751152,0.8605898123324397,868.0,1492.0
TX,SHELBY,6630.0,2548.0,1734.0,3673.0,0.3206953948585167,0.7223796033994334,5407.0,9178.0
TX,SHERMAN,884.0,127.0,465.0,195.0,0.7045454545454546,0.874381800197824,660.0,1011.0
TX,SMITH,55187.0,23726.0,22586.0,18659.0,0.5476057703964117,0.6993397792505671,41245.0,78913.0
TX,SOMERVELL,2677.0,799.0,756.0,1105.0,0.4062332079527136,0.770138089758343,1861.0,3476.0
TX,STARR,1492.0,8274.0,103.0,8907.0,0.011431742508324084,0.1527749334425558,9010.0,9766.0
TX,STEPHENS,2869.0,626.0,564.0,1138.0,0.33137485311398357,0.8208869814020029,1702.0,3495.0
TX,STERLING,520.0,97.0,215.0,84.0,0.7190635451505016,0.8427876823338736,299.0,617.0
TX,STONEWALL,524.0,206.0,0.0,483.0,0.0,0.7178082191780822,483.0,730.0
TX,SUTTON,1189.0,381.0,305.0,448.0,0.4050464807436919,0.7573248407643313,753.0,1570.0
TX,SWISHER,1683.0,813.0,142.0,1342.0,0.09568733153638814,0.6742788461538461,1484.0,2496.0
TX,TARRANT,348420.0,274880.0,100836.0,199644.0,0.33558306709265173,0.5589924594898122,300480.0,623300.0
TX,TAYLOR,34317.0,12690.0,12887.0,10823.0,0.5435259384226065,0.730040206777714,23710.0,47007.0
TX,TERRELL,323.0,186.0,70.0,210.0,0.25,0.6345776031434185,280.0,509.0
TX,TERRY,2879.0,1379.0,318.0,2207.0,0.12594059405940594,0.676139032409582,2525.0,4258.0
TX,THROCKMORTON,671.0,166.0,0.0,596.0,0.0,0.8016726403823178,596.0,837.0
TX,TITUS,6028.0,3145.0,996.0,4771.0,0.1727067799549159,0.6571459718739779,5767.0,9173.0
TX,TOM GREEN,27362.0,11158.0,8813.0,10262.0,0.4620183486238532,0.7103322949117342,19075.0,38520.0
TX,TRAVIS,136981.0,254017.0,14902.0,185838.0,0.07423532928165787,0.35033683036741875,200740.0,390998.0
TX,TRINITY,4095.0,1925.0,323.0,4364.0,0.06891401749519949,0.6802325581395349,4687.0,6020.0
TX,TYLER,5644.0,2166.0,991.0,4222.0,0.19010166890466143,0.722663252240717,5213.0,7810.0
TX,UPSHUR,11222.0,3790.0,2955.0,5824.0,0.336598701446634,0.7475353050892619,8779.0,15012.0
TX,UPTON,898.0,288.0,0.0,817.0,0.0,0.7571669477234402,817.0,1186.0
TX,UVALDE,4590.0,4126.0,1380.0,4595.0,0.2309623430962343,0.5266177145479578,5975.0,8716.0
TX,VAL VERDE,5752.0,6982.0,1221.0,5475.0,0.18234767025089607,0.45170409926181876,6696.0,12734.0
TX,VAN ZANDT,15734.0,4505.0,5416.0,6169.0,0.4675010789814415,0.7774099510845397,11585.0,20239.0
TX,VICTORIA,19878.0,9832.0,5786.0,9562.0,0.37698722960646336,0.669067653988556,15348.0,29710.0
TX,WALKER,11623.0,7334.0,4857.0,5746.0,0.45807790248043007,0.6131244395210212,10603.0,18957.0
TX,WALLER,8265.0,7153.0,3649.0,4886.0,0.4275336848271822,0.5360617460111557,8535.0,15418.0
TX,WARD,2667.0,899.0,150.0,2216.0,0.06339814032121724,0.747896803140774,2366.0,3566.0
TX,WASHINGTON,10176.0,4034.0,5512.0,3147.0,0.6365631135235016,0.7161154116819142,8659.0,14210.0
TX,WEBB,13119.0,33452.0,1232.0,41866.0,0.02858601327207759,0.2816989113396749,43098.0,46571.0
TX,WHARTON,9431.0,4937.0,3574.0,5033.0,0.415243406529569,0.6563891982182628,8607.0,14368.0
TX,WHEELER,1918.0,314.0,563.0,787.0,0.41703703703703704,0.8593189964157706,1350.0,2232.0
TX,WICHITA,31731.0,13868.0,10280.0,12720.0,0.4469565217391304,0.695870523476392,23000.0,45599.0
TX,WILBARGER,3283.0,1196.0,622.0,1858.0,0.2508064516129032,0.7329761107390043,2480.0,4479.0
TX,WILLACY,1456.0,3409.0,39.0,4840.0,0.007993441278950604,0.2992805755395683,4879.0,4865.0
TX,WILLIAMSON,88323.0,67691.0,28916.0,49490.0,0.36879830625207255,0.5661222710782365,78406.0,156014.0
TX,WILSON,10904.0,5362.0,3217.0,5743.0,0.35904017857142856,0.6703553424320668,8960.0,16266.0
TX,WINKLER,1529.0,477.0,822.0,366.0,0.6919191919191919,0.7622133599202393,1188.0,2006.0
TX,WISE,15973.0,4471.0,5857.0,4502.0,0.5654020658364707,0.781305028370182,10359.0,20444.0
TX,WOOD,13658.0,4010.0,6599.0,4039.0,0.6203233690543335,0.7730359972832239,10638.0,17668.0
TX,YOAKUM,1989.0,450.0,666.0,585.0,0.5323741007194245,0.8154981549815498,1251.0,2439.0
TX,YOUNG,5942.0,1303.0,2243.0,1742.0,0.5628607277289837,0.8201518288474811,3985.0,7245.0
TX,ZAPATA,919.0,1939.0,0.0,3196.0,0.0,0.32155353393981806,3196.0,2858.0
TX,ZAVALA,596.0,3263.0,0.0,3718.0,0.0,0.15444415651723245,3718.0,3859.0
WI,Adams,3974.0,5806.0,1479.0,3955.0,0.2721751932278248,0.4063394683026585,5434.0,9780.0
WI,Ashland,2634.0,5818.0,832.0,3449.0,0.19434711516000935,0.31164221486038807,4281.0,8452.0
WI,Barron,10457.0,12078.0,3057.0,7483.0,0.2900379506641366,0.4640337253161748,10540.0,22535.0
WI,Bayfield,3365.0,5972.0,1150.0,3898.0,0.22781299524564183,0.3603941308771554,5048.0,9337.0
WI,Brown,55854.0,67269.0,17659.0,43798.0,0.2873391151536847,0.4536439170585512,61457.0,123123.0
WI,Buffalo,2923.0,3949.0,893.0,2287.0,0.2808176100628931,0.42534924330616997,3180.0,6872.0
WI,Burnett,4200.0,4337.0,1105.0,2390.0,0.31616595135908443,0.49197610401780484,3495.0,8537.0
WI,Calumet,12722.0,13295.0,3855.0,8186.0,0.3201561332115273,0.4889879694046201,12041.0,26017.0
WI,Chippewa,13492.0,16239.0,4720.0,10353.0,0.3131427054999005,0.45380242844169383,15073.0,29731.0
WI,Clark,6383.0,7454.0,2736.0,5189.0,0.3452365930599369,0.4612994146129941,7925.0,13837.0
WI,Columbia,12193.0,16661.0,4073.0,10874.0,0.2724961530741955,0.42257572606917587,14947.0,28854.0
WI,Crawford,2830.0,4987.0,935.0,2963.0,0.23986659825551565,0.36203146987335294,3898.0,7817.0
WI,Dane,73065.0,205984.0,24609.0,141350.0,0.1482836122174754,0.26183573494260864,165959.0,279049.0
WI,Dodge,23015.0,19183.0,7198.0,13077.0,0.3550184956843403,0.545404995497417,20275.0,42198.0
WI,Door,7112.0,10142.0,2728.0,7047.0,0.27907928388746805,0.4121942737915846,9775.0,17254.0
WI,Douglas,7835.0,15830.0,2111.0,8444.0,0.2,0.33107965349672513,10555.0,23665.0
WI,Dunn,9566.0,13002.0,2601.0,6960.0,0.2720426733605271,0.42387451258419,9561.0,22568.0
WI,Eau Claire,20959.0,33146.0,7349.0,20311.0,0.26569052783803326,0.3873763977451252,27660.0,54105.0
WI,Florence,1512.0,1134.0,577.0,828.0,0.4106761565836299,0.5714285714285714,1405.0,2646.0
WI,Fond du Lac,28164.0,23463.0,8423.0,15287.0,0.35525094896668075,0.5455285025277471,23710.0,51627.0
WI,Forest,1963.0,2673.0,868.0,2036.0,0.2988980716253444,0.4234253666954271,2904.0,4636.0
WI,Grant,9068.0,14875.0,2672.0,7827.0,0.2545004286122488,0.3787328237898342,10499.0,23943.0
WI,Green,6730.0,11502.0,2269.0,7289.0,0.23739275999163004,0.3691311978938131,9558.0,18232.0
WI,Green Lake,5393.0,4000.0,1848.0,2871.0,0.3916083916083916,0.5741509634834451,4719.0,9393.0
WI,Iowa,3829.0,7987.0,1312.0,5027.0,0.20697270862912132,0.3240521327014218,6339.0,11816.0
WI,Iron,1464.0,1914.0,478.0,1313.0,0.2668900055834729,0.433392539964476,1791.0,3378.0
WI,Jackson,3552.0,5572.0,1364.0,3508.0,0.2799671592775041,0.38930293730819815,4872.0,9124.0
WI,Jefferson,21096.0,21448.0,6690.0,14599.0,0.3142467941190286,0.4958631064309891,21289.0,42544.0
WI,Juneau,5148.0,6186.0,1935.0,3765.0,0.3394736842105263,0.45420857596611963,5700.0,11334.0
WI,Kenosha,31609.0,45836.0,10495.0,30388.0,0.2567081672088643,0.4081477177351669,40883.0,77445.0
WI,Kewaunee,4711.0,5902.0,1539.0,3962.0,0.2797673150336302,0.44388956939602375,5501.0,10613.0
WI,La Crosse,23701.0,38524.0,8005.0,22759.0,0.26020673514497467,0.3808919244676577,30764.0,62225.0
WI,Lafayette,2984.0,4732.0,1045.0,3059.0,0.25462962962962965,0.3867288750648004,4104.0,7716.0
WI,Langlade,5081.0,5182.0,1761.0,3853.0,0.3136800855005344,0.4950794114781253,5614.0,10263.0
WI,Lincoln,6519.0,8424.0,2924.0,6574.0,0.3078542851126553,0.43625777956233686,9498.0,14943.0
WI,Manitowoc,19234.0,22428.0,6171.0,15475.0,0.28508731405340476,0.4616677067831597,21646.0,41662.0
WI,Marathon,30345.0,36367.0,10078.0,24728.0,0.2895477791185428,0.4548656913298957,34806.0,66712.0
WI,Marinette,9726.0,11195.0,3628.0,7396.0,0.329100145137881,0.4648917355766933,11024.0,20921.0
WI,Marquette,3654.0,4068.0,1285.0,2849.0,0.310836961780358,0.4731934731934732,4134.0,7722.0
WI,Menominee,185.0,1257.0,40.0,400.0,0.09090909090909091,0.12829403606102635,440.0,1442.0
WI,Milwaukee,149445.0,319819.0,48004.0,208042.0,0.18748193683947414,0.3184667905486038,256046.0,469264.0
WI,Monroe,8666.0,10198.0,3173.0,6282.0,0.33558963511369644,0.4593935538592027,9455.0,18864.0
WI,Oconto,8755.0,9927.0,3320.0,7096.0,0.3187403993855607,0.46863290868215396,10416.0,18682.0
WI,Oneida,9630.0,11907.0,3562.0,8083.0,0.3058823529411765,0.4471374843292938,11645.0,21537.0
WI,Outagamie,39677.0,50294.0,13557.0,30968.0,0.3044806288601909,0.44099765479987996,44525.0,89971.0
WI,Ozaukee,32172.0,20579.0,10310.0,17592.0,0.36950756218192243,0.6098841728118898,27902.0,52751.0
WI,Pepin,1616.0,2102.0,472.0,1245.0,0.2748980780430984,0.43464228079612693,1717.0,3718.0
WI,Pierce,9812.0,11803.0,1809.0,5738.0,0.23969789320259705,0.4539440203562341,7547.0,21615.0
WI,Polk,11282.0,10876.0,3405.0,6898.0,0.33048626613607684,0.5091614766675693,10303.0,22158.0
WI,Portage,13810.0,24817.0,4524.0,15926.0,0.22122249388753057,0.3575219406114894,20450.0,38627.0
WI,Price,3461.0,4559.0,1432.0,3333.0,0.3005246589716684,0.43154613466334163,4765.0,8020.0
WI,Racine,45954.0,53408.0,14438.0,37324.0,0.2789304895483173,0.4624906906060667,51762.0,99362.0
WI,Richland,3298.0,5041.0,1143.0,3170.0,0.2650127521446789,0.39549106607506895,4313.0,8339.0
WI,Rock,27364.0,50529.0,8494.0,31004.0,0.21504886323358144,0.35130242768926606,39498.0,77893.0
WI,Rusk,3253.0,3855.0,1338.0,2684.0,0.3326703132769766,0.4576533483398987,4022.0,7108.0
WI,Sauk,11562.0,18617.0,4137.0,11850.0,0.25877275286170015,0.3831140859538089,15987.0,30179.0
WI,Sawyer,4199.0,4765.0,1339.0,2714.0,0.3303725635331853,0.4684292726461401,4053.0,8964.0
WI,Shawano,9538.0,10259.0,3128.0,6458.0,0.3263092009180054,0.4817901702278123,9586.0,19797.0
WI,Sheboygan,30801.0,30395.0,10744.0,20660.0,0.34212202267227104,0.5033172102751814,31404.0,61196.0
WI,St. Croix,22837.0,21177.0,4739.0,10566.0,0.30963737340738323,0.5188576362066615,15305.0,44014.0
WI,Taylor,4586.0,4563.0,1587.0,3115.0,0.3375159506592939,0.501256967974642,4702.0,9149.0
WI,Trempealeau,4808.0,8321.0,1742.0,5394.0,0.24411434977578475,0.3662122019955823,7136.0,13129.0
WI,Vernon,5367.0,8463.0,2031.0,5098.0,0.28489269182213495,0.38806941431670283,7129.0,13830.0
WI,Vilas,7055.0,6491.0,2757.0,4784.0,0.3656013791274367,0.5208179536394507,7541.0,13546.0
WI,Walworth,25485.0,24177.0,8405.0,16437.0,0.3383382980436358,0.5131690225927268,24842.0,49662.0
WI,Washburn,4303.0,4693.0,1273.0,3021.0,0.29646017699115046,0.47832369942196534,4294.0,8996.0
WI,Washington,47729.0,25719.0,13845.0,20409.0,0.40418637239446487,0.6498338960897506,34254.0,73448.0
WI,Waukesha,145152.0,85339.0,45082.0,72250.0,0.384225957113149,0.6297512701146682,117332.0,230491.0
WI,Waupaca,12232.0,12952.0,4172.0,8005.0,0.34261312310092795,0.48570520965692504,12177.0,25184.0
WI,Waushara,5770.0,5868.0,1938.0,3634.0,0.3478104809763101,0.4957896545798247,5572.0,11638.0
WI,Winnebago,37946.0,48167.0,13079.0,30508.0,0.3000665335994677,0.4406535598573967,43587.0,86113.0
WI,Wood,16581.0,21710.0,7131.0,15658.0,0.31291412523585943,0.4330260374500535,22789.0,38291.0
